<?xml version="1.0" encoding="UTF-8" standalone="yes" ?>
<Forms>
    <Form Class="Window" LAnchorPoint=".5" LAnchorOffset="-440" TAnchorPoint=".5" TAnchorOffset="-314" RAnchorPoint=".5" RAnchorOffset="440" BAnchorPoint=".5" BAnchorOffset="314" RelativeToClient="1" Font="Default" Text="" Template="Default" Name="GuildBankForm" Border="0" Picture="0" SwallowMouseClicks="1" Moveable="1" Escapable="1" Overlapped="1" BGColor="ffffffff" TextColor="ffffffff" TextId="" TooltipColor="" Tooltip="" IgnoreMouse="0" Sprite="" TestAlpha="0">
        <Event Name="WindowClosed" Function="CloseBank"/>
        <Control Class="Window" LAnchorPoint="0" LAnchorOffset="27" TAnchorPoint="0" TAnchorOffset="138" RAnchorPoint="1" RAnchorOffset="-25" BAnchorPoint="1" BAnchorOffset="-20" RelativeToClient="1" Font="Default" Text="" Template="Holo_Background_General" TooltipType="OnCursor" Name="BGHolo" BGColor="ffffffff" TextColor="ffffffff" TooltipColor="" Picture="0" IgnoreMouse="1" Sprite="" NewControlDepth="2" Border="1" UseTemplateBG="1"/>
        <Control Class="Window" LAnchorPoint="0" LAnchorOffset="0" TAnchorPoint="0" TAnchorOffset="0" RAnchorPoint="1" RAnchorOffset="0" BAnchorPoint="1" BAnchorOffset="0" RelativeToClient="1" Font="Default" Text="" Template="Metal_Primary_Nav" TooltipType="OnCursor" Name="BGFrame" BGColor="ffffffff" TextColor="ffffffff" TooltipColor="" Picture="0" IgnoreMouse="1" Sprite="" NewControlDepth="2" Border="1" UseTemplateBG="1"/>
        <Control Class="Window" LAnchorPoint="1" LAnchorOffset="-854" TAnchorPoint="0" TAnchorOffset="136" RAnchorPoint="1" RAnchorOffset="-27" BAnchorPoint="1" BAnchorOffset="-22" RelativeToClient="1" Font="Default" Text="" Template="Default" Name="BGMain" BGColor="ffffffff" TextColor="ffffffff" TooltipId="" Picture="1" IgnoreMouse="1" Sprite="" TooltipColor="" HideInEditor="0" Tooltip="">
            <Control Class="Window" LAnchorPoint="0" LAnchorOffset="0" TAnchorPoint="0" TAnchorOffset="0" RAnchorPoint="1" RAnchorOffset="0" BAnchorPoint="1" BAnchorOffset="0" RelativeToClient="1" Font="Default" Text="" Template="Default" TooltipType="OnCursor" Name="SharedBGMainFrame" BGColor="ffffffff" TextColor="ffffffff" TooltipColor="" Sprite="" Picture="1" IgnoreMouse="1" Tooltip="" HideInEditor="1">
                <Control Class="Window" LAnchorPoint="0" LAnchorOffset="7" TAnchorPoint="0" TAnchorOffset="7" RAnchorPoint="1" RAnchorOffset="-8" BAnchorPoint="1" BAnchorOffset="-8" RelativeToClient="1" Font="Default" Text="" Template="Default" TooltipType="OnCursor" Name="SharedBGMainFrameHolo" BGColor="ffffffff" TextColor="ffffffff" TooltipColor="" Sprite="" Picture="1" IgnoreMouse="1"/>
            </Control>
            <Control Class="Window" LAnchorPoint="0" LAnchorOffset="0" TAnchorPoint="0" TAnchorOffset="0" RAnchorPoint="1" RAnchorOffset="0" BAnchorPoint="1" BAnchorOffset="0" RelativeToClient="1" Font="Default" Text="" Template="Default" TooltipType="OnCursor" Name="BankScreenMain" BGColor="ffffffff" TextColor="ffffffff" TooltipColor="" Sprite="" Picture="1" IgnoreMouse="1" HideInEditor="1" Visible="0" Tooltip="">
                <Control Class="Window" LAnchorPoint="0" LAnchorOffset="0" TAnchorPoint="0" TAnchorOffset="-1" RAnchorPoint="1" RAnchorOffset="3" BAnchorPoint="0" BAnchorOffset="47" RelativeToClient="1" Font="Default" Text="" BGColor="UI_WindowBGDefault" TextColor="UI_WindowTextDefault" Template="Default" TooltipType="OnCursor" Name="SubNavFraming" TooltipColor="" Border="0" IgnoreMouse="1" Picture="1" Sprite="BK3:UI_BK3_Metal_TabSub_BG"/>
                <Control Class="Window" LAnchorPoint="0" LAnchorOffset="17" TAnchorPoint="0" TAnchorOffset="8" RAnchorPoint="1" RAnchorOffset="-16" BAnchorPoint="0" BAnchorOffset="38" RelativeToClient="1" Font="Default" Text="" Template="Default" TooltipType="OnCursor" Name="TopRowBankTabItems" BGColor="ffffffff" TextColor="ffffffff" TooltipColor="" Tooltip="" Visible="1" HideInEditor="0">
                    <Control Class="Button" Base="BK3:btnMetal_TabSub_Left" Font="CRB_Button" ButtonType="Check" RadioGroup="" LAnchorPoint="0" LAnchorOffset="0" TAnchorPoint="0" TAnchorOffset="0" RAnchorPoint="0.2" RAnchorOffset="1" BAnchorPoint="0" BAnchorOffset="30" DT_VCENTER="1" DT_CENTER="1" TooltipType="OnCursor" Name="BankTabBtn1" BGColor="ffffffff" TextColor="ffffffff" TooltipColor="" NormalTextColor="UI_BtnTextBlueNormal" PressedTextColor="UI_BtnTextBluePressed" FlybyTextColor="UI_BtnTextBlueFlyby" PressedFlybyTextColor="UI_BtnTextBluePressedFlyby" DisabledTextColor="UI_BtnTextBlueDisabled" Text="" TextId="GuildBank_LockedTab" GlobalRadioGroup="GuildBank_BankTab_RadioGroup" RelativeToClient="1" RadioDisallowNonSelection="1">
                        <Event Name="ButtonCheck" Function="OnBankTabCheck"/>
                        <Event Name="ButtonUncheck" Function="OnBankTabUncheck"/>
                        <Event Name="MouseEnter" Function="OnBankTabMouseEnter"/>
                    </Control>
                    <Control Class="Button" Base="BK3:btnMetal_TabSub_Mid" Font="CRB_Button" ButtonType="Check" RadioGroup="" LAnchorPoint="0.2" LAnchorOffset="-1" TAnchorPoint="0" TAnchorOffset="0" RAnchorPoint="0.4" RAnchorOffset="1" BAnchorPoint="0" BAnchorOffset="30" DT_VCENTER="1" DT_CENTER="1" TooltipType="OnCursor" Name="BankTabBtn2" BGColor="ffffffff" TextColor="ffffffff" TooltipColor="" NormalTextColor="UI_BtnTextBlueNormal" PressedTextColor="UI_BtnTextBluePressed" FlybyTextColor="UI_BtnTextBlueFlyby" PressedFlybyTextColor="UI_BtnTextBluePressedFlyby" DisabledTextColor="UI_BtnTextBlueDisabled" Text="" TextId="GuildBank_LockedTab" GlobalRadioGroup="GuildBank_BankTab_RadioGroup" RadioDisallowNonSelection="1" RelativeToClient="1">
                        <Event Name="ButtonCheck" Function="OnBankTabCheck"/>
                        <Event Name="ButtonUncheck" Function="OnBankTabUncheck"/>
                        <Event Name="MouseEnter" Function="OnBankTabMouseEnter"/>
                    </Control>
                    <Control Class="Button" Base="BK3:btnMetal_TabSub_Mid" Font="CRB_Button" ButtonType="Check" RadioGroup="" LAnchorPoint="0.4" LAnchorOffset="-1" TAnchorPoint="0" TAnchorOffset="0" RAnchorPoint="0.6" RAnchorOffset="1" BAnchorPoint="0" BAnchorOffset="30" DT_VCENTER="1" DT_CENTER="1" TooltipType="OnCursor" Name="BankTabBtn3" BGColor="ffffffff" TextColor="ffffffff" TooltipColor="" NormalTextColor="UI_BtnTextBlueNormal" PressedTextColor="UI_BtnTextBluePressed" FlybyTextColor="UI_BtnTextBlueFlyby" PressedFlybyTextColor="UI_BtnTextBluePressedFlyby" DisabledTextColor="UI_BtnTextBlueDisabled" Text="" TextId="GuildBank_LockedTab" GlobalRadioGroup="GuildBank_BankTab_RadioGroup" RelativeToClient="1" RadioDisallowNonSelection="1">
                        <Event Name="ButtonCheck" Function="OnBankTabCheck"/>
                        <Event Name="ButtonUncheck" Function="OnBankTabUncheck"/>
                        <Event Name="MouseEnter" Function="OnBankTabMouseEnter"/>
                    </Control>
                    <Control Class="Button" Base="BK3:btnMetal_TabSub_Mid" Font="CRB_Button" ButtonType="Check" RadioGroup="" LAnchorPoint="0.6" LAnchorOffset="-1" TAnchorPoint="0" TAnchorOffset="0" RAnchorPoint="0.8" RAnchorOffset="1" BAnchorPoint="0" BAnchorOffset="30" DT_VCENTER="1" DT_CENTER="1" TooltipType="OnCursor" Name="BankTabBtn4" BGColor="ffffffff" TextColor="ffffffff" TooltipColor="" NormalTextColor="UI_BtnTextBlueNormal" PressedTextColor="UI_BtnTextBluePressed" FlybyTextColor="UI_BtnTextBlueFlyby" PressedFlybyTextColor="UI_BtnTextBluePressedFlyby" DisabledTextColor="UI_BtnTextBlueDisabled" Text="" TextId="GuildBank_LockedTab" GlobalRadioGroup="GuildBank_BankTab_RadioGroup" RadioDisallowNonSelection="1" RelativeToClient="1">
                        <Event Name="ButtonCheck" Function="OnBankTabCheck"/>
                        <Event Name="ButtonUncheck" Function="OnBankTabUncheck"/>
                        <Event Name="MouseEnter" Function="OnBankTabMouseEnter"/>
                    </Control>
                    <Control Class="Button" Base="BK3:btnMetal_TabSub_Right" Font="CRB_Button" ButtonType="Check" RadioGroup="" LAnchorPoint="0.8" LAnchorOffset="-1" TAnchorPoint="0" TAnchorOffset="0" RAnchorPoint="1" RAnchorOffset="0" BAnchorPoint="0" BAnchorOffset="30" DT_VCENTER="1" DT_CENTER="1" TooltipType="OnCursor" Name="BankTabBtn5" BGColor="ffffffff" TextColor="ffffffff" TooltipColor="" NormalTextColor="UI_BtnTextBlueNormal" PressedTextColor="UI_BtnTextBluePressed" FlybyTextColor="UI_BtnTextBlueFlyby" PressedFlybyTextColor="UI_BtnTextBluePressedFlyby" DisabledTextColor="UI_BtnTextBlueDisabled" Text="" TextId="GuildBank_LockedTab" GlobalRadioGroup="GuildBank_BankTab_RadioGroup" RelativeToClient="1" RadioDisallowNonSelection="1">
                        <Event Name="ButtonCheck" Function="OnBankTabCheck"/>
                        <Event Name="ButtonUncheck" Function="OnBankTabUncheck"/>
                        <Event Name="MouseEnter" Function="OnBankTabMouseEnter"/>
                    </Control>
                </Control>
                <Control Class="Window" LAnchorPoint="0" LAnchorOffset="12" TAnchorPoint="0" TAnchorOffset="51" RAnchorPoint="1" RAnchorOffset="-12" BAnchorPoint="1" BAnchorOffset="-12" RelativeToClient="1" Font="Default" Text="" Template="Holo_ScrollList" Name="MainBankScrollbar" BGColor="ffffffff" TextColor="ffffffff" VScroll="0" IgnoreMouse="1" TooltipColor="" Visible="1" TransitionShowHide="1" HideInEditor="0" Border="1" UseTemplateBG="1"/>
                <Control Class="Window" LAnchorPoint="0" LAnchorOffset="5" TAnchorPoint="0" TAnchorOffset="44" RAnchorPoint="1" RAnchorOffset="-3" BAnchorPoint="1" BAnchorOffset="-5" RelativeToClient="1" Font="Default" Text="" Template="Default" TooltipType="OnCursor" Name="MainBankNoVisibility" BGColor="ffffffff" TextColor="ffffffff" TooltipColor="" Visible="0" Sprite="ClientSprites:BlackFill" HideInEditor="1" Picture="1" Tooltip="">
                    <Pixie LAnchorPoint="0.5" LAnchorOffset="-220" TAnchorPoint="0.5" TAnchorOffset="-50" RAnchorPoint="0.5" RAnchorOffset="220" BAnchorPoint="0.5" BAnchorOffset="50" BGColor="ffffffff" Font="CRB_InterfaceMedium_B" TextColor="ff31fcf6" Text="" TextId="GuildBank_NotVisibleByRank" DT_CENTER="1" DT_VCENTER="1" DT_WORDBREAK="1" Line="0"/>
                    <Pixie LAnchorPoint="0.5" LAnchorOffset="-200" TAnchorPoint="0.5" TAnchorOffset="-40" RAnchorPoint="0.5" RAnchorOffset="-120" BAnchorPoint="0.5" BAnchorOffset="40" BGColor="ffffffff" Font="Default" TextColor="ffffffff" Text="" Sprite="ClientSprites:Icon_Windows_UI_CRB_Lock_Holo" Line="0"/>
                </Control>
                <Control Class="Window" LAnchorPoint="0" LAnchorOffset="10" TAnchorPoint="0" TAnchorOffset="52" RAnchorPoint="0" RAnchorOffset="815" BAnchorPoint="0" BAnchorOffset="458" RelativeToClient="1" Font="CRB_InterfaceLarge" Text="" Template="Default" TooltipType="OnCursor" Name="wndNoBankTabsMessage" BGColor="ffffffff" TextColor="ffffffff" TooltipColor="" Visible="0" DT_CENTER="1" DT_VCENTER="1" HideInEditor="0"/>
            </Control>
            <Control Class="Window" LAnchorPoint="0" LAnchorOffset="7" TAnchorPoint="0" TAnchorOffset="7" RAnchorPoint="1" RAnchorOffset="-8" BAnchorPoint="1" BAnchorOffset="-8" RelativeToClient="1" Font="Default" Text="" Template="Default" TooltipType="OnCursor" Name="CashScreenMain" BGColor="ffffffff" TextColor="ffffffff" TooltipColor="" Sprite="" Picture="1" IgnoreMouse="1" NewControlDepth="3" Visible="1" HideInEditor="1" TransitionShowHide="1" Tooltip="">
                <Control Class="Window" LAnchorPoint="0.5" LAnchorOffset="-300" TAnchorPoint="0" TAnchorOffset="56" RAnchorPoint="0.5" RAnchorOffset="300" BAnchorPoint="0" BAnchorOffset="149" RelativeToClient="1" Font="Default" Text="" Template="Default" TooltipType="OnCursor" Name="GuildCashMiddleBG" BGColor="ffffffff" TextColor="ffffffff" TooltipColor="" Sprite="BK3:UI_BK3_Holo_InsetHeaderThin" Picture="1" IgnoreMouse="1" NewControlDepth="1" DT_CENTER="0">
                    <Control Class="Window" LAnchorPoint="0" LAnchorOffset="14" TAnchorPoint="0" TAnchorOffset="51" RAnchorPoint=".5" RAnchorOffset="-17" BAnchorPoint="0" BAnchorOffset="78" RelativeToClient="1" Font="CRB_Header12" Text="0 Influence" Template="Default" TooltipType="OnCursor" Name="GuildInfluenceAmount" BGColor="ffffffff" TextColor="UI_TextHoloBodyHighlight" TooltipColor="" TextId="" DT_VCENTER="1" DT_RIGHT="0" DT_CENTER="1"/>
                    <Control Class="CashWindow" LAnchorPoint=".5" LAnchorOffset="14" TAnchorPoint="0" TAnchorOffset="54" RAnchorPoint="1" RAnchorOffset="-12" BAnchorPoint="0" BAnchorOffset="74" TooltipType="OnCursor" RelativeToClient="1" Font="CRB_InterfaceSmall" Text="" Template="Default" BGColor="ffffffff" TextColor="ffffffff" DT_RIGHT="0" Name="GuildCashAmountWindow" TooltipColor="" TooltipFont="CRB_InterfaceSmall_O" IgnoreMouse="1" DT_CENTER="1"/>
                    <Pixie LAnchorPoint="0" LAnchorOffset="12" TAnchorPoint="0" TAnchorOffset="10" RAnchorPoint="1" RAnchorOffset="-12" BAnchorPoint="0" BAnchorOffset="32" BGColor="ffffffff" Font="CRB_Header12" TextColor="UI_TextHoloTitle" Text="" TextId="GuildBank_TreasuryLabel" DT_CENTER="1" DT_RIGHT="0" DT_VCENTER="0" Line="0"/>
                    <Pixie LAnchorPoint=".5" LAnchorOffset="-10" TAnchorPoint="0" TAnchorOffset="35" RAnchorPoint=".5" RAnchorOffset="10" BAnchorPoint="1" BAnchorOffset="0" Sprite="BK3:UI_BK3_Holo_InsetDividerBright_V" BGColor="white" TextColor="black" Rotation="0" Font="Default"/>
                    <Pixie LAnchorPoint="0" LAnchorOffset="10" TAnchorPoint="0" TAnchorOffset="43" RAnchorPoint=".5" RAnchorOffset="-10" BAnchorPoint="1" BAnchorOffset="-8" Sprite="BK3:UI_BK3_Holo_InsetSimple" BGColor="white" TextColor="black" Rotation="0" Font="Default"/>
                    <Pixie LAnchorPoint=".5" LAnchorOffset="10" TAnchorPoint="0" TAnchorOffset="43" RAnchorPoint="1" RAnchorOffset="-10" BAnchorPoint="1" BAnchorOffset="-8" Sprite="BK3:UI_BK3_Holo_InsetSimple" BGColor="white" TextColor="black" Rotation="0" Font="Default"/>
                </Control>
                <Control Class="Window" LAnchorPoint="0.5" LAnchorOffset="-300" TAnchorPoint="0" TAnchorOffset="158" RAnchorPoint="0.5" RAnchorOffset="300" BAnchorPoint="0" BAnchorOffset="395" RelativeToClient="1" Font="Default" Text="" Template="Default" TooltipType="OnCursor" Name="GuildCashInteractBG" BGColor="ffffffff" TextColor="ffffffff" TooltipColor="" Sprite="BK3:UI_BK3_Holo_InsetHeaderThin" Picture="1" IgnoreMouse="1">
                    <Control Class="Window" LAnchorPoint="0.5" LAnchorOffset="-150" TAnchorPoint="0" TAnchorOffset="47" RAnchorPoint="0.5" RAnchorOffset="150" BAnchorPoint="0" BAnchorOffset="83" RelativeToClient="1" Font="Default" Text="" Template="Default" TooltipType="OnCursor" Name="GuildCashInteractEditFrame" BGColor="ffffffff" TextColor="ffffffff" TooltipColor="" Sprite="BK3:UI_BK3_Holo_Snippet" Picture="1" IgnoreMouse="1"/>
                    <Control Class="Window" LAnchorPoint="0.5" LAnchorOffset="-100" TAnchorPoint="0" TAnchorOffset="57" RAnchorPoint="0.5" RAnchorOffset="100" BAnchorPoint="0" BAnchorOffset="77" RelativeToClient="1" Font="CRB_InterfaceSmall" Text="" Template="Default" TooltipType="OnCursor" Name="GuildCashInteractEditHelpText" BGColor="ffffffff" TextColor="UI_TextMetalBodyHighlight" TooltipColor="" TextId="GuildBank_MoneyFieldDefault" DT_CENTER="1" HideInEditor="0"/>
                    <Control Class="CashWindow" LAnchorPoint="0.5" LAnchorOffset="-90" TAnchorPoint="0" TAnchorOffset="55" RAnchorPoint="0.5" RAnchorOffset="90" BAnchorPoint="0" BAnchorOffset="75" TooltipType="OnCursor" RelativeToClient="1" Font="CRB_InterfaceSmall" Text="" Template="Default" BGColor="ffffffff" TextColor="ffffffff" DT_RIGHT="1" Name="GuildCashInteractEditCashWindow" TooltipColor="" AllowEditing="1" SkipZeroes="1" HideInEditor="1" Visible="1">
                        <Event Name="CashWindowAmountChanged" Function="OnGuildCashInteractEditCashWindow"/>
                    </Control>
                    <Control Class="CashWindow" LAnchorPoint="0" LAnchorOffset="20" TAnchorPoint="1" TAnchorOffset="-108" RAnchorPoint="0.5" RAnchorOffset="0" BAnchorPoint="1" BAnchorOffset="-88" TooltipType="OnCursor" RelativeToClient="1" Font="CRB_InterfaceSmall" Text="" Template="Default" BGColor="ffffffff" TextColor="ffffffff" DT_RIGHT="0" Name="PlayerDepositAvailableWindow" TooltipColor="" TooltipFont="CRB_InterfaceSmall_O" HideInEditor="0" IgnoreMouse="1"/>
                    <Control Class="Window" LAnchorPoint="0.5" LAnchorOffset="61" TAnchorPoint="1" TAnchorOffset="-126" RAnchorPoint="1" RAnchorOffset="-19" BAnchorPoint="1" BAnchorOffset="-106" RelativeToClient="1" Font="CRB_InterfaceMedium_B" Text="" Template="Default" TooltipType="OnCursor" Name="PlayerWithdrawAmountLabel" BGColor="ffffffff" TextColor="UI_TextHoloBody" TooltipColor="" TextId="GuildBank_DailyMoneyLimit" DT_VCENTER="0" DT_RIGHT="1" TooltipFont="CRB_InterfaceSmall_O" DT_CENTER="0"/>
                    <Control Class="Window" LAnchorPoint="0.5" LAnchorOffset="60" TAnchorPoint="1" TAnchorOffset="-105" RAnchorPoint="1" RAnchorOffset="-20" BAnchorPoint="1" BAnchorOffset="-85" RelativeToClient="1" Font="CRB_InterfaceMedium_B" Text="" Template="Default" TooltipType="OnCursor" Name="PlayerWithdrawNoLimit" BGColor="ffffffff" TextColor="ffffffff" TooltipColor="" TextId="GuildBank_WithdrawAll" DT_VCENTER="0" DT_RIGHT="1" Visible="0" HideInEditor="1" TooltipFont="CRB_InterfaceSmall_O" DT_CENTER="0"/>
                    <Control Class="Window" LAnchorPoint="0.5" LAnchorOffset="60" TAnchorPoint="1" TAnchorOffset="-106" RAnchorPoint="1" RAnchorOffset="-20" BAnchorPoint="1" BAnchorOffset="-86" RelativeToClient="1" Font="CRB_InterfaceMedium_B" Text="" Template="Default" TooltipType="OnCursor" Name="PlayerWithdrawCant" BGColor="ffffffff" TextColor="ffffffff" TooltipColor="" TextId="GuildBank_CantWithdraw" DT_VCENTER="0" DT_RIGHT="1" Visible="0" HideInEditor="1" TooltipFont="CRB_InterfaceSmall_O" DT_CENTER="0"/>
                    <Control Class="CashWindow" LAnchorPoint="0.5" LAnchorOffset="60" TAnchorPoint="1" TAnchorOffset="-106" RAnchorPoint="1" RAnchorOffset="-20" BAnchorPoint="1" BAnchorOffset="-86" TooltipType="OnCursor" RelativeToClient="1" Font="CRB_InterfaceSmall" Text="" Template="Default" BGColor="ffffffff" TextColor="ffffffff" DT_RIGHT="1" Name="PlayerWithdrawAmountWindow" TooltipColor="" TooltipFont="CRB_InterfaceSmall_O" HideInEditor="0" IgnoreMouse="1"/>
                    <Control Class="Window" LAnchorPoint="0.5" LAnchorOffset="-75" TAnchorPoint="0" TAnchorOffset="116" RAnchorPoint="0.5" RAnchorOffset="75" BAnchorPoint="0" BAnchorOffset="136" RelativeToClient="1" Font="CRB_InterfaceSmall_I" Text="" Template="Default" TooltipType="OnCursor" Name="GuildCashTransSuccessText" BGColor="ffffffff" TextColor="ffffffff" TooltipColor="" TextId="GuildBank_TreasuryUpdated" DT_CENTER="1" DT_VCENTER="1" Visible="0" HideInEditor="0" IgnoreMouse="1" TransitionShowHide="1"/>
                    <Control Class="Button" Base="BK3:btnHolo_Blue_Med" Font="CRB_Button" ButtonType="PushButton" RadioGroup="" LAnchorPoint="0" LAnchorOffset="42" TAnchorPoint="1" TAnchorOffset="-73" RAnchorPoint="0.5" RAnchorOffset="-8" BAnchorPoint="1" BAnchorOffset="-1" DT_VCENTER="1" DT_CENTER="1" TooltipType="OnCursor" Name="GuildCashDeposit" BGColor="ffffff00" TextColor="ffffffff" TooltipColor="" NormalTextColor="UI_BtnTextGreenNormal" PressedTextColor="UI_BtnTextGreenPressed" FlybyTextColor="UI_BtnTextGreenFlyby" PressedFlybyTextColor="UI_BtnTextGreenPressedFlyby" DisabledTextColor="UI_TextMetalBody" RelativeToClient="1" Text="" TextId="GuildBank_DepositMoney">
                        <Event Name="ButtonSignal" Function="OnGuildCashDeposit"/>
                    </Control>
                    <Control Class="Button" Base="BK3:btnHolo_Red_Med" Font="CRB_Button" ButtonType="PushButton" RadioGroup="" LAnchorPoint="0.5" LAnchorOffset="8" TAnchorPoint="1" TAnchorOffset="-73" RAnchorPoint="1" RAnchorOffset="-42" BAnchorPoint="1" BAnchorOffset="-1" DT_VCENTER="1" DT_CENTER="1" TooltipType="OnCursor" Name="GuildCashWithdraw" BGColor="ffffffff" TextColor="ffffffff" TooltipColor="" NormalTextColor="UI_BtnTextRedNormal" PressedTextColor="UI_BtnTextRedPressed" FlybyTextColor="UI_BtnTextRedFlyby" PressedFlybyTextColor="UI_BtnTextRedPressedFlyby" DisabledTextColor="UI_TextMetalBody" RelativeToClient="1" Text="" TextId="GuildBank_WithdrawMoney">
                        <Event Name="ButtonSignal" Function="OnGuildCashWithdraw"/>
                    </Control>
                    <Pixie LAnchorPoint="0" LAnchorOffset="0" TAnchorPoint="0" TAnchorOffset="10" RAnchorPoint="1" RAnchorOffset="0" BAnchorPoint="0" BAnchorOffset="30" BGColor="ffffffff" Font="CRB_Header12" TextColor="UI_TextHoloTitle" Text="" TextId="GuildBank_MoneyTransactionLabel" DT_CENTER="1" Line="0"/>
                    <Pixie LAnchorPoint="0" LAnchorOffset="20" TAnchorPoint="1" TAnchorOffset="-128" RAnchorPoint="0.5" RAnchorOffset="0" BAnchorPoint="1" BAnchorOffset="-75" BGColor="ffffffff" Font="CRB_InterfaceMedium_B" TextColor="UI_TextHoloBody" Text="" TextId="GuildBank_AvailableCash" DT_CENTER="0" DT_RIGHT="0" DT_VCENTER="0" Line="0"/>
                    <Pixie LAnchorPoint="0" LAnchorOffset="10" TAnchorPoint="0" TAnchorOffset="87" RAnchorPoint="1" RAnchorOffset="-10" BAnchorPoint="0" BAnchorOffset="109" Sprite="BK3:UI_BK3_Holo_InsetDividerBright_H" BGColor="white" TextColor="black" Rotation="0" Font="Default"/>
                </Control>
            </Control>
            <Control Class="Window" LAnchorPoint="0" LAnchorOffset="7" TAnchorPoint="0" TAnchorOffset="7" RAnchorPoint="1" RAnchorOffset="-8" BAnchorPoint="1" BAnchorOffset="-8" RelativeToClient="1" Font="Default" Text="" Template="Default" TooltipType="OnCursor" Name="PermissionsMain" BGColor="ffffffff" TextColor="ffffffff" TooltipColor="" Sprite="" Picture="1" IgnoreMouse="1" NewControlDepth="1" Visible="0" HideInEditor="0" TransitionShowHide="1" UseTransitionSprite="0" Tooltip="">
                <Control Class="Window" LAnchorPoint="0.5" LAnchorOffset="-300" TAnchorPoint="0" TAnchorOffset="22" RAnchorPoint="0.5" RAnchorOffset="300" BAnchorPoint="0" BAnchorOffset="86" RelativeToClient="1" Font="Default" Text="" Template="Default" TooltipType="OnCursor" Name="PermissionsCurrentBG" BGColor="ffffffff" TextColor="ffffffff" TooltipColor="" Sprite="BK3:UI_BK3_Holo_InsetFramed" Picture="1" IgnoreMouse="1" Tooltip="" NewControlDepth="1">
                    <Control Class="Button" Base="Crafting_CircuitSprites:btnCircuit_Holo_LeftArrow" Font="Thick" ButtonType="PushButton" RadioGroup="" LAnchorPoint="0" LAnchorOffset="9" TAnchorPoint="0" TAnchorOffset="8" RAnchorPoint="0" RAnchorOffset="56" BAnchorPoint="0" BAnchorOffset="54" DT_VCENTER="1" DT_CENTER="1" TooltipType="OnCursor" Name="PermissionsCurrentLeftBtn" BGColor="ffffffff" TextColor="ffffffff" TooltipColor="" NormalTextColor="ffffffff" PressedTextColor="ffffffff" FlybyTextColor="ffffffff" PressedFlybyTextColor="ffffffff" DisabledTextColor="ffffffff">
                        <Event Name="ButtonSignal" Function="OnPermissionsCurrentBtnLeftRight"/>
                    </Control>
                    <Control Class="Button" Base="Crafting_CircuitSprites:btnCircuit_Holo_RightArrow" Font="Thick" ButtonType="PushButton" RadioGroup="" LAnchorPoint="1" LAnchorOffset="-55" TAnchorPoint="0" TAnchorOffset="10" RAnchorPoint="1" RAnchorOffset="-8" BAnchorPoint="0" BAnchorOffset="55" DT_VCENTER="1" DT_CENTER="1" TooltipType="OnCursor" Name="PermissionsCurrentRightBtn" BGColor="ffffffff" TextColor="ffffffff" TooltipColor="" NormalTextColor="ffffffff" PressedTextColor="ffffffff" FlybyTextColor="ffffffff" PressedFlybyTextColor="ffffffff" DisabledTextColor="ffffffff">
                        <Event Name="ButtonSignal" Function="OnPermissionsCurrentBtnLeftRight"/>
                    </Control>
                    <Control Class="Window" LAnchorPoint="0.5" LAnchorOffset="-200" TAnchorPoint="0" TAnchorOffset="3" RAnchorPoint="0.5" RAnchorOffset="200" BAnchorPoint="0" BAnchorOffset="61" RelativeToClient="1" Font="CRB_Header12" Text="" Template="Default" TooltipType="OnCursor" Name="PermissionsCurrentRankText" BGColor="ffffffff" TextColor="UI_TextHoloTitle" TooltipColor="" DT_CENTER="1" DT_VCENTER="1" TextId="GuildBank_LeaderPermissions"/>
                </Control>
                <Control Class="Window" LAnchorPoint="0.5" LAnchorOffset="-300" TAnchorPoint="0" TAnchorOffset="95" RAnchorPoint="0.5" RAnchorOffset="300" BAnchorPoint="0" BAnchorOffset="405" RelativeToClient="1" Font="Default" Text="" Template="Default" TooltipType="OnCursor" Name="PermissionsGridBG" BGColor="ffffffff" TextColor="ffffffff" TooltipColor="" Sprite="BK3:UI_BK3_Holo_InsetSimple" Picture="1" IgnoreMouse="1" Tooltip="">
                    <Control Class="Window" LAnchorPoint="0" LAnchorOffset="10" TAnchorPoint="1" TAnchorOffset="-260" RAnchorPoint=".5" RAnchorOffset="0" BAnchorPoint="1" BAnchorOffset="-10" RelativeToClient="1" Font="Default" Text="" Template="Default" TooltipType="OnCursor" Name="PermissionsGridRowItems" BGColor="ffffffff" TextColor="ffffffff" TooltipColor=""/>
                    <Control Class="Button" Base="BK3:btnHolo_Blue_Med" Font="CRB_Button" ButtonType="PushButton" RadioGroup="" LAnchorPoint="0" LAnchorOffset="329" TAnchorPoint="1" TAnchorOffset="-71" RAnchorPoint="0.5" RAnchorOffset="149" BAnchorPoint="1" BAnchorOffset="0" DT_VCENTER="1" DT_CENTER="1" TooltipType="OnCursor" Name="PermissionsSaveBtn" BGColor="ffffffff" TextColor="ffffffff" TooltipColor="" NormalTextColor="UI_BtnTextHoloNormal" PressedTextColor="UI_BtnTextHoloPressed" FlybyTextColor="UI_BtnTextHoloFlyby" PressedFlybyTextColor="UI_BtnTextHoloPressedFlyby" DisabledTextColor="UI_BtnTextHoloDisabled" Text="" TextId="CRB_Save" Visible="0">
                        <Event Name="ButtonSignal" Function="OnPermissionsSaveBtn"/>
                    </Control>
                    <Control Class="Button" Base="BK3:btnHolo_Red_Med" Font="CRB_Button" ButtonType="PushButton" RadioGroup="" LAnchorPoint="0.5" LAnchorOffset="148" TAnchorPoint="1" TAnchorOffset="-72" RAnchorPoint="1" RAnchorOffset="-32" BAnchorPoint="1" BAnchorOffset="0" DT_VCENTER="1" DT_CENTER="1" TooltipType="OnCursor" Name="PermissionsResetBtn" BGColor="ffffffff" TextColor="ffffffff" TooltipColor="" NormalTextColor="UI_BtnTextRedNormal" PressedTextColor="UI_BtnTextHoloPressed" FlybyTextColor="UI_BtnTextHoloFlyby" PressedFlybyTextColor="UI_BtnTextHoloPressedFlyby" DisabledTextColor="UI_BtnTextHoloDisabled" Text="" TextId="CRB_Reset" Visible="0">
                        <Event Name="ButtonSignal" Function="OnPermissionsResetBtn"/>
                    </Control>
                    <Control Class="Window" LAnchorPoint=".5" LAnchorOffset="10" TAnchorPoint="0" TAnchorOffset="10" RAnchorPoint="1" RAnchorOffset="-10" BAnchorPoint="0" BAnchorOffset="155" RelativeToClient="1" Font="Default" Text="" Template="Default" TooltipType="OnCursor" Name="PermissionsCashBG" BGColor="ffffffff" TextColor="ffffffff" TooltipColor="">
                        <Control Class="Window" LAnchorPoint="0" LAnchorOffset="10" TAnchorPoint="0" TAnchorOffset="2" RAnchorPoint="1" RAnchorOffset="0" BAnchorPoint="0" BAnchorOffset="61" RelativeToClient="1" Font="CRB_InterfaceSmall" Text="" Template="Default" TooltipType="OnCursor" Name="PermissionsMoneyBG" BGColor="ffffffff" TextColor="UI_TextHoloBody" TooltipColor="" Sprite="" Picture="1" IgnoreMouse="1" DT_CENTER="0" DT_VCENTER="0" DT_BOTTOM="1">
                            <Control Class="Window" LAnchorPoint=".5" LAnchorOffset="-2" TAnchorPoint="0.5" TAnchorOffset="9" RAnchorPoint="1" RAnchorOffset="-2" BAnchorPoint="0.5" BAnchorOffset="37" RelativeToClient="1" Font="Default" Text="" Template="Default" TooltipType="OnCursor" Name="LeaderOptionsEditBG" BGColor="ffffffff" TextColor="ffffffff" TooltipColor="" Sprite="BK3:UI_BK3_Holo_Snippet" Picture="1" IgnoreMouse="1" NoClip="1"/>
                            <Control Class="CashWindow" LAnchorPoint="0" LAnchorOffset="6" TAnchorPoint="0.5" TAnchorOffset="13" RAnchorPoint="1" RAnchorOffset="-10" BAnchorPoint="0.5" BAnchorOffset="33" TooltipType="OnCursor" RelativeToClient="1" Font="CRB_InterfaceSmall" Text="" Template="Default" BGColor="ffffffff" TextColor="ffffffff" DT_RIGHT="1" Name="PermissionsMoneyCashWindow" TooltipColor="" TooltipFont="CRB_InterfaceSmall_O" AllowEditing="1" SkipZeroes="1" DT_VCENTER="0" DT_CENTER="0">
                                <Event Name="CashWindowAmountChanged" Function="OnPermissionsMoneyCashWindow"/>
                            </Control>
                            <Control Class="Window" LAnchorPoint="0" LAnchorOffset="-10" TAnchorPoint="0" TAnchorOffset="0" RAnchorPoint="1" RAnchorOffset="0" BAnchorPoint="1" BAnchorOffset="10" RelativeToClient="1" Font="Default" Text="" BGColor="UI_WindowBGDefault" TextColor="UI_WindowTextDefault" Template="Default" TooltipType="OnCursor" Name="Window" TooltipColor="" Sprite="BK3:UI_BK3_Holo_InsetHeaderThin" Border="0" IgnoreMouse="1" Picture="1" NoClip="1"/>
                        </Control>
                        <Control Class="Window" LAnchorPoint="0" LAnchorOffset="10" TAnchorPoint="0" TAnchorOffset="77" RAnchorPoint="1" RAnchorOffset="0" BAnchorPoint="0" BAnchorOffset="138" RelativeToClient="1" Font="CRB_InterfaceSmall_O" Text="" Template="Default" TooltipType="OnCursor" Name="PermissionsRepairBG" BGColor="ffffffff" TextColor="UI_TextHoloBody" TooltipColor="" Sprite="" Picture="1" IgnoreMouse="1" DT_CENTER="0" DT_VCENTER="0" TextId="" NoClip="0" DT_BOTTOM="1">
                            <Control Class="Window" LAnchorPoint=".5" LAnchorOffset="-2" TAnchorPoint="0.5" TAnchorOffset="9" RAnchorPoint="1" RAnchorOffset="-2" BAnchorPoint="0.5" BAnchorOffset="37" RelativeToClient="1" Font="Default" Text="" Template="Default" TooltipType="OnCursor" Name="LeaderOptionsEditBG" BGColor="ffffffff" TextColor="ffffffff" TooltipColor="" Sprite="BK3:UI_BK3_Holo_Snippet" Picture="1" IgnoreMouse="1" NoClip="1"/>
                            <Control Class="CashWindow" LAnchorPoint="0" LAnchorOffset="7" TAnchorPoint="0.5" TAnchorOffset="13" RAnchorPoint="1" RAnchorOffset="-9" BAnchorPoint="0.5" BAnchorOffset="33" TooltipType="OnCursor" RelativeToClient="1" Font="CRB_InterfaceSmall" Text="" Template="Default" BGColor="ffffffff" TextColor="ffffffff" DT_RIGHT="1" Name="PermissionsRepairCashWindow" TooltipColor="" TooltipFont="CRB_InterfaceSmall_O" AllowEditing="1" SkipZeroes="1" DT_CENTER="0">
                                <Event Name="CashWindowAmountChanged" Function="OnPermissionsRepairCashWindow"/>
                            </Control>
                            <Control Class="Window" LAnchorPoint="0" LAnchorOffset="-10" TAnchorPoint="0" TAnchorOffset="0" RAnchorPoint="1" RAnchorOffset="0" BAnchorPoint="1" BAnchorOffset="10" RelativeToClient="1" Font="Default" Text="" BGColor="UI_WindowBGDefault" TextColor="UI_WindowTextDefault" Template="Default" TooltipType="OnCursor" Name="Window" TooltipColor="" Sprite="BK3:UI_BK3_Holo_InsetHeaderThin" Border="0" IgnoreMouse="1" Picture="1" NoClip="1"/>
                        </Control>
                        <Pixie LAnchorPoint="0" LAnchorOffset="0" TAnchorPoint="0" TAnchorOffset="10" RAnchorPoint="1" RAnchorOffset="0" BAnchorPoint="1" BAnchorOffset="0" BGColor="ffffffff" Font="CRB_Header12" TextColor="UI_TextHoloTitle" Text="" TextId="GuildBank_DailyMoneyLimit" DT_CENTER="1" DT_RIGHT="0" DT_VCENTER="0" DT_WORDBREAK="1" Line="0"/>
                        <Pixie LAnchorPoint="0" LAnchorOffset="0" TAnchorPoint="0" TAnchorOffset="44" RAnchorPoint="1" RAnchorOffset="0" BAnchorPoint="1" BAnchorOffset="0" BGColor="ffffffff" Font="CRB_Header12" TextColor="UI_TextHoloTitle" Text="" TextId="GuildBank_DailyRepairLimit" DT_CENTER="1" DT_RIGHT="0" DT_VCENTER="1" DT_WORDBREAK="1" Line="0"/>
                    </Control>
                    <Pixie LAnchorPoint="0" LAnchorOffset="10" TAnchorPoint="0" TAnchorOffset="10" RAnchorPoint=".5" RAnchorOffset="0" BAnchorPoint="1" BAnchorOffset="-10" Sprite="BK3:UI_BK3_Holo_InsetHeaderThin" BGColor="white" TextColor="black" Rotation="0" Font="Default" Text=""/>
                    <Pixie LAnchorPoint="0.5" LAnchorOffset="-172" TAnchorPoint="1" TAnchorOffset="-289" RAnchorPoint="0.5" RAnchorOffset="-126" BAnchorPoint="0" BAnchorOffset="101" BGColor="ffffffff" Font="CRB_Interface9_B" TextColor="UI_TextHoloTitle" Text="" TextId="GuildBank_PermissionsVisible" DT_CENTER="0" DT_VCENTER="0" Line="0"/>
                    <Pixie LAnchorPoint="0.5" LAnchorOffset="-134" TAnchorPoint="1" TAnchorOffset="-289" RAnchorPoint="0.5" RAnchorOffset="-71" BAnchorPoint="0" BAnchorOffset="101" BGColor="ffffffff" Font="CRB_Interface9_B" TextColor="UI_TextHoloTitle" Text="" TextId="GuildBank_PermissionsDeposit" DT_CENTER="1" DT_VCENTER="0" Line="0"/>
                    <Pixie LAnchorPoint="0.5" LAnchorOffset="-68" TAnchorPoint="1" TAnchorOffset="-296" RAnchorPoint="0.5" RAnchorOffset="-10" BAnchorPoint="0" BAnchorOffset="97" BGColor="ffffffff" Font="CRB_Interface9_B" TextColor="UI_TextHoloTitle" Text="" TextId="GuildBank_PermissionsMaxWithdraw" DT_CENTER="1" DT_VCENTER="0" DT_BOTTOM="0" DT_WORDBREAK="1" Line="0"/>
                </Control>
            </Control>
            <Control Class="Window" LAnchorPoint="0" LAnchorOffset="3" TAnchorPoint="0" TAnchorOffset="0" RAnchorPoint="1" RAnchorOffset="3" BAnchorPoint="1" BAnchorOffset="0" RelativeToClient="1" Font="Default" Text="" Template="Default" TooltipType="OnCursor" Name="BankLogScreenMain" BGColor="ffffffff" TextColor="ffffffff" TooltipColor="" Visible="0" HideInEditor="0" Sprite="" Picture="1" IgnoreMouse="1" Tooltip="">
                <Control Class="Window" LAnchorPoint="0" LAnchorOffset="17" TAnchorPoint="0" TAnchorOffset="8" RAnchorPoint="1" RAnchorOffset="-19" BAnchorPoint="0" BAnchorOffset="38" RelativeToClient="1" Font="Default" Text="" Template="Default" TooltipType="OnCursor" Name="TopRowBankLogTabItems" BGColor="ffffffff" TextColor="ffffffff" TooltipColor="" Tooltip="" Visible="1" HideInEditor="0">
                    <Control Class="Button" Base="BK3:btnMetal_TabSub_Left" Font="CRB_Button" ButtonType="Check" RadioGroup="" LAnchorPoint="0" LAnchorOffset="0" TAnchorPoint="0" TAnchorOffset="0" RAnchorPoint=".1" RAnchorOffset="0" BAnchorPoint="0" BAnchorOffset="30" DT_VCENTER="1" DT_CENTER="1" TooltipType="OnCursor" Name="MoneyTabLogBtn" BGColor="ffffffff" TextColor="ffffffff" TooltipColor="" NormalTextColor="UI_BtnTextBlueNormal" PressedTextColor="UI_BtnTextBluePressed" FlybyTextColor="UI_BtnTextBlueFlyby" PressedFlybyTextColor="UI_BtnTextBluePressedFlyby" DisabledTextColor="UI_BtnTextBlueDisabled" Text="" TextId="GuildBank_MoneyAppend" GlobalRadioGroup="GuildBank_LogTab_RadioGroup" RelativeToClient="1" RadioDisallowNonSelection="1">
                        <Event Name="ButtonCheck" Function="OnBankLogTabCheck"/>
                        <Event Name="ButtonUncheck" Function="OnBankLogTabUncheck"/>
                    </Control>
                    <Control Class="Button" Base="BK3:btnMetal_TabSub_Mid" Font="CRB_Button" ButtonType="Check" RadioGroup="" LAnchorPoint=".1" LAnchorOffset="0" TAnchorPoint="0" TAnchorOffset="0" RAnchorPoint=".2" RAnchorOffset="0" BAnchorPoint="0" BAnchorOffset="30" DT_VCENTER="1" DT_CENTER="1" TooltipType="OnCursor" Name="RepairTabLogBtn" BGColor="ffffffff" TextColor="ffffffff" TooltipColor="" NormalTextColor="UI_BtnTextBlueNormal" PressedTextColor="UI_BtnTextBluePressed" FlybyTextColor="UI_BtnTextBlueFlyby" PressedFlybyTextColor="UI_BtnTextBluePressedFlyby" DisabledTextColor="UI_BtnTextBlueDisabled" Text="" TextId="CRB_Repair" GlobalRadioGroup="GuildBank_LogTab_RadioGroup" RelativeToClient="1" RadioDisallowNonSelection="1">
                        <Event Name="ButtonCheck" Function="OnBankLogTabCheck"/>
                        <Event Name="ButtonUncheck" Function="OnBankLogTabUncheck"/>
                    </Control>
                    <Control Class="Button" Base="BK3:btnMetal_TabSub_Mid" Font="CRB_Button" ButtonType="Check" RadioGroup="" LAnchorPoint=".2" LAnchorOffset="0" TAnchorPoint="0" TAnchorOffset="0" RAnchorPoint=".36" RAnchorOffset="0" BAnchorPoint="0" BAnchorOffset="30" DT_VCENTER="1" DT_CENTER="1" TooltipType="OnCursor" Name="BankTabLogBtn1" BGColor="ffffffff" TextColor="ffffffff" TooltipColor="" NormalTextColor="UI_BtnTextBlueNormal" PressedTextColor="UI_BtnTextBluePressed" FlybyTextColor="UI_BtnTextBlueFlyby" PressedFlybyTextColor="UI_BtnTextBluePressedFlyby" DisabledTextColor="UI_BtnTextBlueDisabled" Text="" TextId="GuildBank_LockedTab" GlobalRadioGroup="GuildBank_LogTab_RadioGroup" RelativeToClient="1" RadioDisallowNonSelection="1">
                        <Event Name="ButtonCheck" Function="OnBankLogTabCheck"/>
                        <Event Name="ButtonUncheck" Function="OnBankLogTabUncheck"/>
                    </Control>
                    <Control Class="Button" Base="BK3:btnMetal_TabSub_Mid" Font="CRB_Button" ButtonType="Check" RadioGroup="" LAnchorPoint=".36" LAnchorOffset="0" TAnchorPoint="0" TAnchorOffset="0" RAnchorPoint=".52" RAnchorOffset="0" BAnchorPoint="0" BAnchorOffset="30" DT_VCENTER="1" DT_CENTER="1" TooltipType="OnCursor" Name="BankTabLogBtn2" BGColor="ffffffff" TextColor="ffffffff" TooltipColor="" NormalTextColor="UI_BtnTextBlueNormal" PressedTextColor="UI_BtnTextBluePressed" FlybyTextColor="UI_BtnTextBlueFlyby" PressedFlybyTextColor="UI_BtnTextBluePressedFlyby" DisabledTextColor="UI_BtnTextBlueDisabled" Text="" TextId="GuildBank_LockedTab" GlobalRadioGroup="GuildBank_LogTab_RadioGroup" RadioDisallowNonSelection="1" RelativeToClient="1">
                        <Event Name="ButtonCheck" Function="OnBankLogTabCheck"/>
                        <Event Name="ButtonUncheck" Function="OnBankLogTabUncheck"/>
                    </Control>
                    <Control Class="Button" Base="BK3:btnMetal_TabSub_Mid" Font="CRB_Button" ButtonType="Check" RadioGroup="" LAnchorPoint=".52" LAnchorOffset="0" TAnchorPoint="0" TAnchorOffset="0" RAnchorPoint=".68" RAnchorOffset="0" BAnchorPoint="0" BAnchorOffset="30" DT_VCENTER="1" DT_CENTER="1" TooltipType="OnCursor" Name="BankTabLogBtn3" BGColor="ffffffff" TextColor="ffffffff" TooltipColor="" NormalTextColor="UI_BtnTextBlueNormal" PressedTextColor="UI_BtnTextBluePressed" FlybyTextColor="UI_BtnTextBlueFlyby" PressedFlybyTextColor="UI_BtnTextBluePressedFlyby" DisabledTextColor="UI_BtnTextBlueDisabled" Text="" TextId="GuildBank_LockedTab" GlobalRadioGroup="GuildBank_LogTab_RadioGroup" RelativeToClient="1" RadioDisallowNonSelection="1">
                        <Event Name="ButtonCheck" Function="OnBankLogTabCheck"/>
                        <Event Name="ButtonUncheck" Function="OnBankLogTabUncheck"/>
                    </Control>
                    <Control Class="Button" Base="BK3:btnMetal_TabSub_Mid" Font="CRB_Button" ButtonType="Check" RadioGroup="" LAnchorPoint=".68" LAnchorOffset="0" TAnchorPoint="0" TAnchorOffset="0" RAnchorPoint=".84" RAnchorOffset="0" BAnchorPoint="0" BAnchorOffset="30" DT_VCENTER="1" DT_CENTER="1" TooltipType="OnCursor" Name="BankTabLogBtn4" BGColor="ffffffff" TextColor="ffffffff" TooltipColor="" NormalTextColor="UI_BtnTextBlueNormal" PressedTextColor="UI_BtnTextBluePressed" FlybyTextColor="UI_BtnTextBlueFlyby" PressedFlybyTextColor="UI_BtnTextBluePressedFlyby" DisabledTextColor="UI_BtnTextBlueDisabled" Text="" TextId="GuildBank_LockedTab" GlobalRadioGroup="GuildBank_LogTab_RadioGroup" RadioDisallowNonSelection="1" RelativeToClient="1">
                        <Event Name="ButtonCheck" Function="OnBankLogTabCheck"/>
                        <Event Name="ButtonUncheck" Function="OnBankLogTabUncheck"/>
                    </Control>
                    <Control Class="Button" Base="BK3:btnMetal_TabSub_Right" Font="CRB_Button" ButtonType="Check" RadioGroup="" LAnchorPoint=".84" LAnchorOffset="0" TAnchorPoint="0" TAnchorOffset="0" RAnchorPoint="1" RAnchorOffset="0" BAnchorPoint="0" BAnchorOffset="30" DT_VCENTER="1" DT_CENTER="1" TooltipType="OnCursor" Name="BankTabLogBtn5" BGColor="ffffffff" TextColor="ffffffff" TooltipColor="" NormalTextColor="UI_BtnTextBlueNormal" PressedTextColor="UI_BtnTextBluePressed" FlybyTextColor="UI_BtnTextBlueFlyby" PressedFlybyTextColor="UI_BtnTextBluePressedFlyby" DisabledTextColor="UI_BtnTextBlueDisabled" Text="" TextId="GuildBank_LockedTab" GlobalRadioGroup="GuildBank_LogTab_RadioGroup" RelativeToClient="1" RadioDisallowNonSelection="1">
                        <Event Name="ButtonCheck" Function="OnBankLogTabCheck"/>
                        <Event Name="ButtonUncheck" Function="OnBankLogTabUncheck"/>
                    </Control>
                </Control>
                <Control Class="MLWindow" LAnchorPoint="0" LAnchorOffset="18" TAnchorPoint="0" TAnchorOffset="61" RAnchorPoint="1" RAnchorOffset="-22" BAnchorPoint="1" BAnchorOffset="-21" RelativeToClient="1" Font="CRB_InterfaceMedium_B" Text="" Template="Holo_ScrollList" TooltipType="OnCursor" Name="BankLogText" BGColor="ffffffff" TextColor="UI_TextHoloBody" TooltipColor="" DT_CENTER="0" TextId="" VScroll="1" Border="0" UseTemplateBG="0"/>
                <Pixie LAnchorPoint="0" LAnchorOffset="0" TAnchorPoint="0" TAnchorOffset="0" RAnchorPoint="1" RAnchorOffset="0" BAnchorPoint="0" BAnchorOffset="50" BGColor="ffffffff" Font="Default" TextColor="ffffffff" Text="" Sprite="BK3:UI_BK3_Metal_TabSub_BG" Line="0"/>
                <Control Class="Window" LAnchorPoint="0" LAnchorOffset="10" TAnchorPoint="0" TAnchorOffset="54" RAnchorPoint="1" RAnchorOffset="-16" BAnchorPoint="1" BAnchorOffset="-14" RelativeToClient="1" Font="Default" Text="" BGColor="UI_WindowBGDefault" TextColor="UI_WindowTextDefault" Template="Holo_ScrollList" TooltipType="OnCursor" Name="Window" TooltipColor="" Border="1" IgnoreMouse="1" Picture="1" UseTemplateBG="1"/>
            </Control>
            <Control Class="Window" LAnchorPoint="0" LAnchorOffset="7" TAnchorPoint="0" TAnchorOffset="7" RAnchorPoint="1" RAnchorOffset="-8" BAnchorPoint="1" BAnchorOffset="-8" RelativeToClient="1" Font="Default" Text="" Template="Default" TooltipType="OnCursor" Name="LeaderScreenMain" BGColor="ffffffff" TextColor="ffffffff" TooltipColor="" Sprite="" Picture="1" IgnoreMouse="1" NewControlDepth="1" Visible="0" HideInEditor="1" TransitionShowHide="1">
                <Control Class="Window" LAnchorPoint="0.5" LAnchorOffset="-230" TAnchorPoint="0" TAnchorOffset="57" RAnchorPoint="0.5" RAnchorOffset="230" BAnchorPoint="0" BAnchorOffset="400" RelativeToClient="1" Font="Default" Text="" Template="Default" TooltipType="OnCursor" Name="LeaderScreenMgmt" BGColor="ffffffff" TextColor="ffffffff" TooltipColor="" Sprite="BK3:UI_BK3_Holo_InsetHeaderThin" Picture="1" IgnoreMouse="1" HideInEditor="0">
                    <Control Class="Window" LAnchorPoint="0" LAnchorOffset="21" TAnchorPoint="0" TAnchorOffset="9" RAnchorPoint="1" RAnchorOffset="-11" BAnchorPoint="0" BAnchorOffset="31" RelativeToClient="1" Font="CRB_Header11" Text="" Template="Default" TooltipType="OnCursor" Name="MgmtBankTabInfluenceText" BGColor="ffffffff" TextColor="UI_TextHoloBodyHighlight" TooltipColor="" TextId="GuildBank_InfluenceLabel" DT_VCENTER="0" DT_RIGHT="1" DT_CENTER="0"/>
                    <Control Class="Window" LAnchorPoint="0" LAnchorOffset="10" TAnchorPoint="1" TAnchorOffset="-297" RAnchorPoint="1" RAnchorOffset="-10" BAnchorPoint="1" BAnchorOffset="-1" RelativeToClient="1" Font="Default" Text="" Template="Default" TooltipType="OnCursor" Name="MgmtBankTabContainer" BGColor="ffffffff" TextColor="ffffffff" TooltipColor=""/>
                    <Pixie LAnchorPoint="0" LAnchorOffset="14" TAnchorPoint="0" TAnchorOffset="10" RAnchorPoint="1" RAnchorOffset="-16" BAnchorPoint="0" BAnchorOffset="34" BGColor="ffffffff" Font="CRB_Header12" TextColor="UI_TextHoloTitle" Text="" TextId="GuildBank_TabMgmtHeader" DT_CENTER="0" DT_RIGHT="0" DT_VCENTER="0" Line="0"/>
                </Control>
            </Control>
            <Control Class="Window" LAnchorPoint="0" LAnchorOffset="0" TAnchorPoint="0" TAnchorOffset="0" RAnchorPoint="1" RAnchorOffset="0" BAnchorPoint="1" BAnchorOffset="0" RelativeToClient="1" Font="Default" Text="" Template="Default" TooltipType="OnCursor" Name="FlashAnimation" BGColor="669d9d9d" TextColor="ffffffff" TooltipColor="" Picture="1" IgnoreMouse="1" Visible="1" HideInEditor="1" Sprite="CRB_WindowAnimationSprites:sprWinAnim_BirthSmallTemp" NewControlDepth="5"/>
            <Control Class="Button" Base="CRB_Basekit:kitBtn_Metal_MediumGreen" Font="CRB_InterfaceMedium" ButtonType="PushButton" RadioGroup="" LAnchorPoint="0.5" LAnchorOffset="-100" TAnchorPoint="1" TAnchorOffset="-165" RAnchorPoint="0.5" RAnchorOffset="100" BAnchorPoint="1" BAnchorOffset="-114" DT_VCENTER="1" DT_CENTER="1" TooltipType="OnCursor" Name="bnkManagementButtonNoTab" BGColor="ffffffff" TextColor="ffffffff" TooltipColor="" NormalTextColor="UI_BtnTextGreenNormal" PressedTextColor="UI_BtnTextGreenPressed" FlybyTextColor="UI_BtnTextGreenFlyby" PressedFlybyTextColor="UI_BtnTextGreenPressedFlyby" DisabledTextColor="UI_BtnTextGreenDisabled" Text="" TextId="GuildBank_Management" Visible="0" HideInEditor="1">
                <Event Name="ButtonDown" Function="OnBankTabBtnMgmtAssist"/>
            </Control>
        </Control>
        <Control Class="Window" LAnchorPoint=".5" LAnchorOffset="-300" TAnchorPoint="0" TAnchorOffset="25" RAnchorPoint=".5" RAnchorOffset="300" BAnchorPoint="0" BAnchorOffset="60" RelativeToClient="1" Font="CRB_HeaderMedium" Text="" Template="Default" Name="BGHeaderText" BGColor="ffffffff" TextColor="UI_WindowTitleYellow" TextId="GuildBank_Title" DT_CENTER="1" DT_VCENTER="1" TooltipColor="" Tooltip="" Picture="1" IgnoreMouse="1" Sprite="BK3:sprMetal_Framing_Header" NewControlDepth="1" NewWindowDepth="0" AutoScaleText="1"/>
        <Control Class="Window" LAnchorPoint="0" LAnchorOffset="27" TAnchorPoint="0" TAnchorOffset="48" RAnchorPoint="1" RAnchorOffset="-27" BAnchorPoint="0" BAnchorOffset="124" RelativeToClient="1" Font="Default" Text="" Template="Default" TooltipType="OnCursor" Name="BGTabsContainer" BGColor="ffffffff" TextColor="ffffffff" TooltipColor="" Tooltip="" NewControlDepth="1">
            <Control Class="Button" Base="BK3:btnMetal_TabMainLeft" Font="CRB_ButtonHeader" ButtonType="Check" RadioGroup="" LAnchorPoint="0" LAnchorOffset="0" TAnchorPoint="0" TAnchorOffset="0" RAnchorPoint=".2125" RAnchorOffset="0" BAnchorPoint="1" BAnchorOffset="0" DT_VCENTER="1" DT_CENTER="1" TooltipType="OnCursor" Name="BankTabBtnCash" BGColor="ffffffff" TextColor="ffffffff" TooltipColor="" NormalTextColor="UI_BtnTextGoldListNormal" PressedTextColor="UI_BtnTextGoldListPressed" FlybyTextColor="UI_BtnTextGoldListFlyby" PressedFlybyTextColor="UI_BtnTextGoldListPressedFlyby" DisabledTextColor="UI_BtnTextGoldListDisabled" Text="" TextId="Innate_Money" GlobalRadioGroup="GuildBank_BigBankTab_RadioGroup" RelativeToClient="1" RadioDisallowNonSelection="1" Tooltip="">
                <Event Name="ButtonUncheck" Function="OnBankTabUncheck"/>
                <Event Name="ButtonCheck" Function="OnBankTabBtnCash"/>
            </Control>
            <Control Class="Button" Base="BK3:btnMetal_TabMainMid" Font="CRB_ButtonHeader" ButtonType="Check" RadioGroup="" LAnchorPoint=".2125" LAnchorOffset="0" TAnchorPoint="0" TAnchorOffset="0" RAnchorPoint=".425" RAnchorOffset="0" BAnchorPoint="1" BAnchorOffset="0" DT_VCENTER="1" DT_CENTER="1" TooltipType="OnCursor" Name="BankTabBtnVault" BGColor="ffffffff" TextColor="ffffffff" TooltipColor="" NormalTextColor="UI_BtnTextGoldListNormal" PressedTextColor="UI_BtnTextGoldListPressed" FlybyTextColor="UI_BtnTextGoldListFlyby" PressedFlybyTextColor="UI_BtnTextGoldListPressedFlyby" DisabledTextColor="UI_BtnTextGoldListDisabled" Text="" TextId="Bank_Header" GlobalRadioGroup="GuildBank_BigBankTab_RadioGroup" RelativeToClient="1" RadioDisallowNonSelection="1">
                <Event Name="ButtonUncheck" Function="OnBankTabUncheck"/>
                <Event Name="ButtonCheck" Function="OnBankTabBtnVault"/>
            </Control>
            <Control Class="Button" Base="BK3:btnMetal_TabMainMid" Font="CRB_ButtonHeader" ButtonType="Check" RadioGroup="" LAnchorPoint=".425" LAnchorOffset="0" TAnchorPoint="0" TAnchorOffset="0" RAnchorPoint=".6375" RAnchorOffset="0" BAnchorPoint="1" BAnchorOffset="0" DT_VCENTER="1" DT_CENTER="1" TooltipType="OnCursor" Name="BankTabBtnPermissions" BGColor="ffffffff" TextColor="ffffffff" TooltipColor="" NormalTextColor="UI_BtnTextGoldListNormal" PressedTextColor="UI_BtnTextGoldListPressed" FlybyTextColor="UI_BtnTextGoldListFlyby" PressedFlybyTextColor="UI_BtnTextGoldListPressedFlyby" DisabledTextColor="UI_BtnTextGoldListDisabled" Text="" TextId="GuildBank_PermissionsTab" GlobalRadioGroup="GuildBank_BigBankTab_RadioGroup" RelativeToClient="1" RadioDisallowNonSelection="1">
                <Event Name="ButtonUncheck" Function="OnBankTabUncheck"/>
                <Event Name="ButtonCheck" Function="OnBankTabBtnPermissions"/>
            </Control>
            <Control Class="Button" Base="BK3:btnMetal_TabMainMid" Font="CRB_ButtonHeader" ButtonType="Check" RadioGroup="" LAnchorPoint=".6375" LAnchorOffset="0" TAnchorPoint="0" TAnchorOffset="0" RAnchorPoint=".85" RAnchorOffset="0" BAnchorPoint="1" BAnchorOffset="0" DT_VCENTER="1" DT_CENTER="1" TooltipType="OnCursor" Name="BankTabBtnMgmt" BGColor="ffffffff" TextColor="ffffffff" TooltipColor="" NormalTextColor="UI_BtnTextGoldListNormal" PressedTextColor="UI_BtnTextGoldListPressed" FlybyTextColor="UI_BtnTextGoldListFlyby" PressedFlybyTextColor="UI_BtnTextGoldListPressedFlyby" DisabledTextColor="UI_BtnTextGoldListDisabled" Text="" TextId="GuildBank_Management" GlobalRadioGroup="GuildBank_BigBankTab_RadioGroup" RelativeToClient="1" RadioDisallowNonSelection="1">
                <Event Name="ButtonUncheck" Function="OnBankTabUncheck"/>
                <Event Name="ButtonCheck" Function="OnBankTabBtnMgmt"/>
            </Control>
            <Control Class="Button" Base="BK3:btnMetal_TabMainRight_Small" Font="CRB_ButtonHeader" ButtonType="Check" RadioGroup="" LAnchorPoint=".85" LAnchorOffset="0" TAnchorPoint="0" TAnchorOffset="1" RAnchorPoint="1" RAnchorOffset="0" BAnchorPoint="1" BAnchorOffset="0" DT_VCENTER="1" DT_CENTER="1" TooltipType="OnCursor" Name="BankTabBtnLog" BGColor="ffffffff" TextColor="ffffffff" TooltipColor="" NormalTextColor="UI_BtnTextGoldListNormal" PressedTextColor="UI_BtnTextGoldListPressed" FlybyTextColor="UI_BtnTextGoldListFlyby" PressedFlybyTextColor="UI_BtnTextGoldListPressedFlyby" DisabledTextColor="UI_BtnTextGoldListDisabled" Text="" TextId="GuildBank_Log" GlobalRadioGroup="GuildBank_BigBankTab_RadioGroup" RelativeToClient="1" RadioDisallowNonSelection="1" NoClip="0">
                <Event Name="ButtonUncheck" Function="OnBankTabUncheck"/>
                <Event Name="ButtonCheck" Function="OnBankTabBtnLog"/>
            </Control>
        </Control>
        <Control Class="Button" Base="CRB_Basekit:kitBtn_Close" Font="Thick" ButtonType="PushButton" RadioGroup="" LAnchorPoint="1" LAnchorOffset="-52" TAnchorPoint="0" TAnchorOffset="26" RAnchorPoint="1" RAnchorOffset="-25" BAnchorPoint="0" BAnchorOffset="55" DT_VCENTER="1" DT_CENTER="1" TooltipType="OnCursor" Name="CloseBtn" BGColor="ffffffff" TextColor="ffffffff" TooltipColor="" NormalTextColor="ffffffff" PressedTextColor="ffffffff" FlybyTextColor="ffffffff" PressedFlybyTextColor="ffffffff" DisabledTextColor="ffffffff">
            <Event Name="ButtonSignal" Function="CloseBank"/>
        </Control>
        <Control Class="BagWindow" LAnchorPoint="0" LAnchorOffset="0" TAnchorPoint="0" TAnchorOffset="0" RAnchorPoint="0" RAnchorOffset="0" BAnchorPoint="0" BAnchorOffset="0" RelativeToClient="1" Sprite="" SquareSize="50" BoxesPerRow="5" Template="CRB_Normal" TooltipType="OnCursor" SwallowMouseClicks="1" NewQuestOverlaySprite="ClientSprites:sprItem_NewQuest" Name="HiddenBagWindow" BGColor="ffffffff" TextColor="ffffffff" TooltipColor="" Visible="0" Tooltip=""/>
    </Form>
    <Form Class="Window" LAnchorPoint="0" LAnchorOffset="0" TAnchorPoint="0" TAnchorOffset="0" RAnchorPoint="0" RAnchorOffset="47" BAnchorPoint="0" BAnchorOffset="47" RelativeToClient="1" Font="Default" Text="" Template="Default" TooltipType="OnCursor" Name="BankItem" BGColor="ffffffff" TextColor="ffffffff" TooltipColor="" Sprite="BK3:UI_BK3_Holo_InsetSimple" Picture="1" IgnoreMouse="1" HideInEditor="0" Tooltip="">
        <Control Class="Window" LAnchorPoint="0" LAnchorOffset="6" TAnchorPoint="0" TAnchorOffset="6" RAnchorPoint="1" RAnchorOffset="-6" BAnchorPoint="1" BAnchorOffset="-5" RelativeToClient="1" Font="CRB_InterfaceSmall_O" Text="" Template="Default" TooltipType="OnCursor" Name="BankItemIcon" BGColor="ffffffff" TextColor="ffffffff" TooltipColor="" Sprite="" Picture="1" IgnoreMouse="0" DT_RIGHT="1" DT_BOTTOM="1" Tooltip="">
            <Event Name="QueryDragDrop" Function="OnBankItemQueryDragDrop"/>
            <Event Name="DragDrop" Function="OnBankItemEndDragDrop"/>
            <Event Name="QueryBeginDragDrop" Function="OnBankItemBeginDragDrop"/>
            <Event Name="MouseButtonDown" Function="OnBankItemMouseButtonDown"/>
            <Event Name="DragDropClear" Function="OnBankItemDragDropClear"/>
            <Event Name="DragDropCancel" Function="OnBankItemDragDropCancel"/>
            <Event Name="DragDropEnd" Function="OnBankItemDragDropEnd"/>
        </Control>
    </Form>
    <Form Class="Window" LAnchorPoint="0" LAnchorOffset="0" TAnchorPoint="0" TAnchorOffset="0" RAnchorPoint="1" RAnchorOffset="0" BAnchorPoint="0" BAnchorOffset="59" RelativeToClient="1" Font="Default" Text="" Template="Default" TooltipType="OnCursor" Name="LeaderOptionsTabItemNew" BGColor="ffffffff" TextColor="ffffffff" TooltipColor="" Sprite="" Picture="0" IgnoreMouse="1" Overlapped="1">
        <Control Class="Window" LAnchorPoint="0" LAnchorOffset="0" TAnchorPoint="0" TAnchorOffset="0" RAnchorPoint="1" RAnchorOffset="0" BAnchorPoint="1" BAnchorOffset="-4" RelativeToClient="1" Font="Default" Text="" Template="Default" TooltipType="OnCursor" Name="LeaderOptionsTabItemBG" BGColor="ffffffff" TextColor="ffffffff" TooltipColor="" Sprite="BK3:UI_BK3_Holo_InsetSimple" Picture="1" IgnoreMouse="1">
            <Control Class="Window" LAnchorPoint="0" LAnchorOffset="13" TAnchorPoint="0" TAnchorOffset="8" RAnchorPoint="1" RAnchorOffset="-7" BAnchorPoint="0" BAnchorOffset="35" RelativeToClient="1" Font="CRB_InterfaceMedium_B" Text="" Template="Default" TooltipType="OnCursor" Name="LeaderOptionsTabName" BGColor="ffffffff" TextColor="UI_TextHoloBody" TooltipColor="" Sprite="" Picture="1" IgnoreMouse="1" TextId="GuildBank_LockedTab" DT_CENTER="0" DT_VCENTER="0"/>
            <Control Class="Window" LAnchorPoint="0" LAnchorOffset="13" TAnchorPoint="0" TAnchorOffset="27" RAnchorPoint="1" RAnchorOffset="-7" BAnchorPoint="1" BAnchorOffset="-3" RelativeToClient="1" Font="CRB_HeaderTiny" Text="" Template="Default" TooltipType="OnCursor" Name="LeaderOptionsSubText" BGColor="ffffffff" TextColor="UI_TextHoloBodyCyan" TooltipColor="" Sprite="" Picture="1" IgnoreMouse="1" TextId="CRB__2" DT_CENTER="0" DT_VCENTER="0"/>
            <Control Class="Button" Base="BK3:btnHolo_Blue_Small" Font="CRB_Button" ButtonType="PushButton" RadioGroup="" LAnchorPoint="1" LAnchorOffset="-111" TAnchorPoint="0" TAnchorOffset="0" RAnchorPoint="1" RAnchorOffset="-6" BAnchorPoint="1" BAnchorOffset="0" DT_VCENTER="1" DT_CENTER="1" TooltipType="OnCursor" Name="LeaderOptionsTabBuyBtn" BGColor="ffffff00" TextColor="ffffffff" TooltipColor="" NormalTextColor="UI_BtnTextGreenNormal" PressedTextColor="UI_BtnTextGreenPressed" FlybyTextColor="UI_BtnTextGreenFlyby" PressedFlybyTextColor="UI_BtnTextGreenPressedFlyby" DisabledTextColor="UI_BtnTextGreenDisabled" Text="" TextId="CRB_Buy" Visible="1" NoClip="1">
                <Event Name="ButtonSignal" Function="OnLeaderOptionsTabBuyBtn"/>
            </Control>
        </Control>
    </Form>
    <Form Class="Window" LAnchorPoint="0" LAnchorOffset="0" TAnchorPoint="0" TAnchorOffset="0" RAnchorPoint="1" RAnchorOffset="0" BAnchorPoint="0" BAnchorOffset="59" RelativeToClient="1" Font="Default" Text="" Template="Default" TooltipType="OnCursor" Name="LeaderOptionsTabItemOld" BGColor="ffffffff" TextColor="ffffffff" TooltipColor="" Sprite="" Picture="0" IgnoreMouse="1" Overlapped="1" Tooltip="" TooltipFont="CRB_InterfaceSmall_O" TooltipId="GuildBank_RenameTooltip">
        <Control Class="Window" LAnchorPoint="0" LAnchorOffset="0" TAnchorPoint="0" TAnchorOffset="0" RAnchorPoint="1" RAnchorOffset="0" BAnchorPoint="1" BAnchorOffset="-4" RelativeToClient="1" Font="Default" Text="" Template="Default" TooltipType="OnCursor" Name="LeaderOptionsTabItemBG" BGColor="ffffffff" TextColor="ffffffff" TooltipColor="" Sprite="CRB_Basekit:kitInnerFrame_Holo_SimpleInset" Picture="1" IgnoreMouse="1">
            <Control Class="Window" LAnchorPoint="0" LAnchorOffset="6" TAnchorPoint="0.5" TAnchorOffset="-17" RAnchorPoint="1" RAnchorOffset="-120" BAnchorPoint="0.5" BAnchorOffset="19" RelativeToClient="1" Font="Default" Text="" Template="Default" TooltipType="OnCursor" Name="LeaderOptionsEditBG" BGColor="ffffffff" TextColor="ffffffff" TooltipColor="" Sprite="BK3:UI_BK3_Holo_Snippet" Picture="1" IgnoreMouse="1"/>
            <Control Class="EditBox" LAnchorPoint="0" LAnchorOffset="17" TAnchorPoint="0.5" TAnchorOffset="-8" RAnchorPoint="1" RAnchorOffset="-129" BAnchorPoint="0.5" BAnchorOffset="12" RelativeToClient="1" Font="CRB_InterfaceSmall" Text="" Template="Default" TooltipType="OnCursor" Name="LeaderOptionsEditBox" BGColor="ffffffff" TextColor="white" TooltipColor="" TextId="CRB__2" DT_VCENTER="1" LoseFocusOnExternalClick="1" NoSelectOnFocus="1" Tooltip="">
                <Event Name="EditBoxChanged" Function="OnLeaderOptionsEditBoxChanged"/>
            </Control>
            <Control Class="Button" Base="BK3:btnHolo_Blue_Small" Font="CRB_Button" ButtonType="PushButton" RadioGroup="" LAnchorPoint="1" LAnchorOffset="-111" TAnchorPoint="0" TAnchorOffset="0" RAnchorPoint="1" RAnchorOffset="-6" BAnchorPoint="1" BAnchorOffset="0" DT_VCENTER="1" DT_CENTER="1" TooltipType="OnCursor" Name="LeaderOptionsTabRenameBtn" BGColor="ffffffff" TextColor="ffffffff" TooltipColor="" NormalTextColor="UI_BtnTextBlueNormal" PressedTextColor="UI_BtnTextBluePressed" FlybyTextColor="UI_BtnTextBlueFlyby" PressedFlybyTextColor="UI_BtnTextBluePressedFlyby" DisabledTextColor="UI_BtnTextBlueDisabled" Text="" TextId="CRB_Rename" Visible="1">
                <Event Name="ButtonSignal" Function="OnLeaderOptionsTabRenameBtn"/>
            </Control>
        </Control>
        <Control Class="Window" LAnchorPoint="1" LAnchorOffset="-148" TAnchorPoint="1" TAnchorOffset="-42" RAnchorPoint="1" RAnchorOffset="-124" BAnchorPoint="1" BAnchorOffset="-18" RelativeToClient="1" Font="Default" Text="" Template="Default" TooltipType="OnCursor" Name="LeaderOptionsRenameValidAlert" BGColor="ffffffff" TextColor="ffffffff" TooltipColor="" Picture="1" IgnoreMouse="1" Sprite="CRB_Basekit:kitIcon_NewDisabled" Tooltip="" Visible="0" TooltipFont="CRB_InterfaceSmall_O" TooltipId="CRB_ThereIsInvalidInput" NewControlDepth="1"/>
    </Form>
    <Form Class="Window" LAnchorPoint="0" LAnchorOffset="0" TAnchorPoint="0" TAnchorOffset="0" RAnchorPoint="0" RAnchorOffset="290" BAnchorPoint="0" BAnchorOffset="50" RelativeToClient="1" Font="CRB_InterfaceSmall_O" Text="" Template="Default" TooltipType="OnCursor" Name="PermissionsGridRow" BGColor="ffffffff" TextColor="UI_TextHoloBody" TooltipColor="" Sprite="" Picture="1" IgnoreMouse="1" DT_VCENTER="1" TextId="">
        <Control Class="Window" LAnchorPoint="0" LAnchorOffset="0" TAnchorPoint="0" TAnchorOffset="-1" RAnchorPoint="1" RAnchorOffset="-186" BAnchorPoint="1" BAnchorOffset="-3" RelativeToClient="1" Font="CRB_InterfaceSmall_O" Text="" Template="Default" TooltipType="OnCursor" Name="PermissionsGridRowText" BGColor="ffffffff" TextColor="ffffffff" TooltipColor="" DT_VCENTER="1" TextId="GuildBank_BankTab" DT_RIGHT="1" DT_WORDBREAK="1" Picture="0" IgnoreMouse="1" Sprite=""/>
        <Control Class="Window" LAnchorPoint="1" LAnchorOffset="-180" TAnchorPoint="0" TAnchorOffset="1" RAnchorPoint="1" RAnchorOffset="-5" BAnchorPoint="1" BAnchorOffset="-3" RelativeToClient="1" Font="Default" Text="" Template="Default" TooltipType="OnCursor" Name="PermissionsGridRowBG" BGColor="ffffffff" TextColor="ffffffff" TooltipColor="" Sprite="" Picture="1" IgnoreMouse="1">
            <Control Class="Button" Base="BK3:btnHolo_Check" Font="Thick" ButtonType="PushButton" RadioGroup="" LAnchorPoint="0" LAnchorOffset="12" TAnchorPoint="0" TAnchorOffset="9" RAnchorPoint="0" RAnchorOffset="47" BAnchorPoint="1" BAnchorOffset="1" DT_VCENTER="1" DT_CENTER="1" TooltipType="OnCursor" Name="PermissionGridBtnVisible" BGColor="ffffffff" TextColor="ffffffff" TooltipColor="" NormalTextColor="ffffffff" PressedTextColor="ffffffff" FlybyTextColor="ffffffff" PressedFlybyTextColor="ffffffff" DisabledTextColor="ffffffff" Text="" RelativeToClient="1" TooltipFont="CRB_InterfaceSmall_O" Tooltip="" TooltipId="GuildBank_ToggleVisibility">
                <Event Name="ButtonSignal" Function="OnPermissionGridBtnVisibleDeposit"/>
            </Control>
            <Control Class="Button" Base="BK3:btnHolo_Check" Font="Thick" ButtonType="PushButton" RadioGroup="" LAnchorPoint="0.5" LAnchorOffset="-21" TAnchorPoint="0" TAnchorOffset="9" RAnchorPoint="0.5" RAnchorOffset="14" BAnchorPoint="1" BAnchorOffset="1" DT_VCENTER="1" DT_CENTER="1" TooltipType="OnCursor" Name="PermissionGridBtnDeposit" BGColor="ffffffff" TextColor="ffffffff" TooltipColor="" NormalTextColor="ffffffff" PressedTextColor="ffffffff" FlybyTextColor="ffffffff" PressedFlybyTextColor="ffffffff" DisabledTextColor="ffffffff" Text="" RelativeToClient="1" Tooltip="" TooltipFont="CRB_InterfaceSmall_O" TooltipId="GuildBank_ToggleDeposit">
                <Event Name="ButtonSignal" Function="OnPermissionGridBtnVisibleDeposit"/>
            </Control>
            <Control Class="Window" LAnchorPoint="0" LAnchorOffset="13" TAnchorPoint="0" TAnchorOffset="13" RAnchorPoint="0" RAnchorOffset="36" BAnchorPoint="1" BAnchorOffset="-14" RelativeToClient="1" Font="Default" Text="" Template="Default" TooltipType="OnCursor" Name="PermissionGridIconVisible" BGColor="9dffffff" TextColor="ffffffff" TooltipColor="" Sprite="ClientSprites:Icon_Windows_UI_CRB_Checkmark" Picture="1" IgnoreMouse="1" NewControlDepth="1"/>
            <Control Class="Window" LAnchorPoint="0.5" LAnchorOffset="-20" TAnchorPoint="0" TAnchorOffset="13" RAnchorPoint="0.5" RAnchorOffset="3" BAnchorPoint="1" BAnchorOffset="-14" RelativeToClient="1" Font="Default" Text="" Template="Default" TooltipType="OnCursor" Name="PermissionGridIconDeposit" BGColor="9dffffff" TextColor="ffffffff" TooltipColor="" Sprite="ClientSprites:Icon_Windows_UI_CRB_Checkmark" Picture="1" IgnoreMouse="1" NewControlDepth="1"/>
            <Control Class="Window" LAnchorPoint="1" LAnchorOffset="-59" TAnchorPoint="0" TAnchorOffset="0" RAnchorPoint="1" RAnchorOffset="-36" BAnchorPoint="1" BAnchorOffset="-2" RelativeToClient="1" Font="CRB_InterfaceMedium_B" Text="25" Template="Default" TooltipType="OnCursor" Name="PermissionGridTextWithdraw" BGColor="ffffffff" TextColor="ffffffff" TooltipColor="" DT_VCENTER="1" TextId="" DT_CENTER="0" DT_RIGHT="1" Tooltip=""/>
            <Control Class="Button" Base="CRB_MinimapSprites:btnMM_ZoomIn" Font="Thick" ButtonType="PushButton" RadioGroup="" LAnchorPoint="1" LAnchorOffset="-32" TAnchorPoint="0" TAnchorOffset="5" RAnchorPoint="1" RAnchorOffset="-15" BAnchorPoint="0.5" BAnchorOffset="2" DT_VCENTER="1" DT_CENTER="1" TooltipType="OnCursor" Name="PermissionGridBtnPlusWithdraw" BGColor="aaffffff" TextColor="ffffffff" TooltipColor="" NormalTextColor="ffffffff" PressedTextColor="ffffffff" FlybyTextColor="ffffffff" PressedFlybyTextColor="ffffffff" DisabledTextColor="ffffffff" RelativeToClient="1" Tooltip="" TooltipFont="CRB_InterfaceSmall_O" TooltipId="GuildBank_WithdrawLimitIncrease">
                <Event Name="ButtonSignal" Function="OnPermissionGridBtnWithdrawPlusSub"/>
            </Control>
            <Control Class="Button" Base="CRB_MinimapSprites:btnMM_ZoomOut" Font="Thick" ButtonType="PushButton" RadioGroup="" LAnchorPoint="1" LAnchorOffset="-32" TAnchorPoint="0.5" TAnchorOffset="-1" RAnchorPoint="1" RAnchorOffset="-15" BAnchorPoint="1" BAnchorOffset="-5" DT_VCENTER="1" DT_CENTER="1" TooltipType="OnCursor" Name="PermissionGridBtnSubWithdraw" BGColor="aaffffff" TextColor="ffffffff" TooltipColor="" NormalTextColor="ffffffff" PressedTextColor="ffffffff" FlybyTextColor="ffffffff" PressedFlybyTextColor="ffffffff" DisabledTextColor="ffffffff" RelativeToClient="1" Tooltip="" TooltipFont="CRB_InterfaceSmall_O" TooltipId="GuildBank_WithdrawLimitDecrease">
                <Event Name="ButtonSignal" Function="OnPermissionGridBtnWithdrawPlusSub"/>
            </Control>
            <Pixie LAnchorPoint="0" LAnchorOffset="0" TAnchorPoint="0" TAnchorOffset="1" RAnchorPoint="1" RAnchorOffset="0" BAnchorPoint="1" BAnchorOffset="-1" Sprite="CRB_Basekit:kitInnerFrame_Holo_SimpleInset" BGColor="white" TextColor="black" Rotation="0" Font="Default"/>
        </Control>
    </Form>
    <Form Class="Window" LAnchorPoint="0" LAnchorOffset="0" TAnchorPoint="0" TAnchorOffset="-86" RAnchorPoint="0" RAnchorOffset="164" BAnchorPoint="0" BAnchorOffset="0" RelativeToClient="1" Font="Default" Text="" Template="Default" Name="SplitStackContainer" BGColor="ffffffff" TextColor="ffffffff" Picture="1" IgnoreMouse="0" NoClip="1" Sprite="" Visible="0" TooltipColor="" Tooltip="" Moveable="1" Overlapped="1" Escapable="1" HideInEditor="0" CloseOnExternalClick="0">
        <Control Class="Window" LAnchorPoint="0" LAnchorOffset="0" TAnchorPoint="0" TAnchorOffset="0" RAnchorPoint="1" RAnchorOffset="0" BAnchorPoint="1" BAnchorOffset="0" RelativeToClient="1" Font="Default" Text="" Template="Default" Name="BGSplitStack" BGColor="ffffffff" TextColor="ffffffff" Sprite="" Picture="1" IgnoreMouse="1" TooltipColor="" Tooltip="">
            <Control Class="Window" LAnchorPoint="0" LAnchorOffset="8" TAnchorPoint="0" TAnchorOffset="7" RAnchorPoint="1" RAnchorOffset="-8" BAnchorPoint="1" BAnchorOffset="-7" RelativeToClient="1" Font="Default" Text="" Template="Default" Name="HoloBG" BGColor="ffffffff" TextColor="ffffffff" Picture="1" IgnoreMouse="1" Sprite="CRB_Basekit:kitBase_HoloHexes_Small" Visible="1" HideInEditor="0" TooltipColor=""/>
        </Control>
        <Control Class="Window" LAnchorPoint="0" LAnchorOffset="0" TAnchorPoint="0" TAnchorOffset="-1" RAnchorPoint="1" RAnchorOffset="0" BAnchorPoint="1" BAnchorOffset="-1" RelativeToClient="1" Font="Default" Text="" Template="Default" Name="BGSplitStackFrame" BGColor="ffffffff" TextColor="ffffffff" Sprite="CRB_Basekit:kitInnerFrame_MetalGrey_Small" Picture="1" IgnoreMouse="1" NewControlDepth="3" TooltipColor="" HideInEditor="0">
            <Control Class="Button" Base="CRB_Basekit:kitBtn_Holo_Close2" Font="Thick" ButtonType="PushButton" RadioGroup="" LAnchorPoint="1" LAnchorOffset="-27" TAnchorPoint="0" TAnchorOffset="14" RAnchorPoint="1" RAnchorOffset="-10" BAnchorPoint="0" BAnchorOffset="30" DT_VCENTER="1" DT_CENTER="1" Name="SplitStackCloseBtn" BGColor="ffffffff" TextColor="ffffffff" NormalTextColor="ffffffff" PressedTextColor="ffffffff" FlybyTextColor="ffffffff" PressedFlybyTextColor="ffffffff" DisabledTextColor="ffffffff" TooltipColor="">
                <Event Name="ButtonSignal" Function="OnSplitStackCloseClick"/>
            </Control>
            <Control Class="Window" LAnchorPoint="0" LAnchorOffset="8" TAnchorPoint="0" TAnchorOffset="16" RAnchorPoint="1" RAnchorOffset="-8" BAnchorPoint="0" BAnchorOffset="36" RelativeToClient="1" Font="CRB_InterfaceSmall" Text="" Template="Default" Name="SplitStackLabel" BGColor="ffffffff" TextColor="ff7fffb9" TextId="Inventory_SplitStack" DT_CENTER="1" TooltipColor=""/>
            <Control Class="Spinner" LAnchorPoint="0" LAnchorOffset="15" TAnchorPoint="1" TAnchorOffset="-55" RAnchorPoint="0" RAnchorOffset="88" BAnchorPoint="1" BAnchorOffset="-15" RelativeToClient="1" Font="CRB_InterfaceLarge" Text="" Template="HologramControl3" TooltipType="OnCursor" Name="SplitValue" BGColor="ffffffff" TextColor="ffffffff" TooltipColor="" UseTemplateBG="1" Border="1" TextId="" DT_VCENTER="1" Min="1" Max="1"/>
            <Control Class="Button" Base="CRB_Basekit:kitBtn_Holo" Font="CRB_InterfaceMedium_B" ButtonType="PushButton" RadioGroup="" LAnchorPoint="0" LAnchorOffset="90" TAnchorPoint="1" TAnchorOffset="-52" RAnchorPoint="1" RAnchorOffset="-16" BAnchorPoint="1" BAnchorOffset="-18" DT_VCENTER="1" DT_CENTER="1" TooltipType="OnCursor" Name="SplitBtn" BGColor="ffffffff" TextColor="ffffffff" TooltipColor="" NormalTextColor="UI_TextHoloBody" PressedTextColor="UI_TextHoloBody" FlybyTextColor="ff31fcf6" PressedFlybyTextColor="ff31fcf6" DisabledTextColor="ffffffff" Template="Default" Text="" TextId="Inventory_SplitBtn">
                <Event Name="ButtonSignal" Function="OnSplitStackConfirm"/>
            </Control>
        </Control>
    </Form>
</Forms>
