<?xml version="1.0" encoding="UTF-8" standalone="yes" ?>
<Forms>
    <Form Class="Window" LAnchorPoint="0" LAnchorOffset="0" TAnchorPoint="0" TAnchorOffset="45" RAnchorPoint="0" RAnchorOffset="448" BAnchorPoint="0" BAnchorOffset="681" RelativeToClient="1" Font="Default" Text="" Template="Default" TooltipType="OnCursor" Name="LoreWindowForm" Border="0" Picture="1" SwallowMouseClicks="1" Moveable="1" Escapable="1" Overlapped="1" BGColor="ffffffff" TextColor="ffffffff" TooltipColor="" IgnoreMouse="1" Tooltip="" Visible="0" TextId="">
        <Control Class="Window" LAnchorPoint="0" LAnchorOffset="20" TAnchorPoint="0" TAnchorOffset="20" RAnchorPoint="1" RAnchorOffset="-20" BAnchorPoint="1" BAnchorOffset="-20" RelativeToClient="1" Font="Default" Text="" Template="Default" TooltipType="OnCursor" Name="BGBackground" BGColor="ffffffff" TextColor="ffffffff" TooltipColor="" Sprite="CRB_Basekit:kitBase_MetalGrey_Medium" Picture="1" IgnoreMouse="1"/>
        <Control Class="Window" LAnchorPoint="0" LAnchorOffset="12" TAnchorPoint="0" TAnchorOffset="18" RAnchorPoint="1" RAnchorOffset="-12" BAnchorPoint="0" BAnchorOffset="69" RelativeToClient="1" Font="Default" Text="" Template="Default" TooltipType="OnCursor" Name="MainNavContainer" BGColor="ffffffff" TextColor="ffffffff" TooltipColor="" Sprite="CRB_Basekit:kitInnerFrame_Hybrid_ButtonBacker" Picture="1" IgnoreMouse="1" Tooltip="">
            <Control Class="Button" Base="CRB_Basekit:kitBtn_Holo_DatachronOption" Font="CRB_InterfaceMedium_B" ButtonType="Check" RadioGroup="Loripedia_MainNavGA_RadioGroup" LAnchorPoint="0" LAnchorOffset="20" TAnchorPoint="0" TAnchorOffset="12" RAnchorPoint="0.5" RAnchorOffset="1" BAnchorPoint="1" BAnchorOffset="-12" DT_VCENTER="1" DT_CENTER="1" TooltipType="OnCursor" Name="MainNavGA" BGColor="ffffffff" TextColor="ffffffff" TooltipColor="" NormalTextColor="UI_BtnTextHoloNormal" PressedTextColor="UI_BtnTextHoloPressed" FlybyTextColor="UI_BtnTextHoloFlyby" PressedFlybyTextColor="UI_BtnTextHoloPressedFlyby" DisabledTextColor="UI_BtnTextHoloDisabled" Text="" TextId="Archive_ArchiveIndexTitle" GlobalRadioGroup="" RadioDisallowNonSelection="1">
                <Event Name="ButtonCheck" Function="OnMainNavGACheck"/>
            </Control>
            <Control Class="Button" Base="CRB_Basekit:kitBtn_Holo_DatachronOption" Font="CRB_InterfaceMedium_B" ButtonType="Check" RadioGroup="Loripedia_MainNavGA_RadioGroup" LAnchorPoint="0.5" LAnchorOffset="-1" TAnchorPoint="0" TAnchorOffset="12" RAnchorPoint="1" RAnchorOffset="-20" BAnchorPoint="1" BAnchorOffset="-12" DT_VCENTER="1" DT_CENTER="1" TooltipType="OnCursor" Name="MainNavCol" BGColor="ffffffff" TextColor="ffffffff" TooltipColor="" NormalTextColor="UI_BtnTextHoloNormal" PressedTextColor="UI_BtnTextHoloPressed" FlybyTextColor="UI_BtnTextHoloFlyby" PressedFlybyTextColor="UI_BtnTextHoloPressedFlyby" DisabledTextColor="UI_BtnTextHoloDisabled" Text="" TextId="Lore_ZoneLore" GlobalRadioGroup="" RadioDisallowNonSelection="1" Tooltip="">
                <Event Name="ButtonCheck" Function="OnMainNavColCheck"/>
            </Control>
        </Control>
        <Control Class="Window" LAnchorPoint="0" LAnchorOffset="0" TAnchorPoint="1" TAnchorOffset="-574" RAnchorPoint="1" RAnchorOffset="0" BAnchorPoint="1" BAnchorOffset="0" RelativeToClient="1" Font="Default" Text="" Template="Default" TooltipType="OnCursor" Name="MainGAContainer" BGColor="ffffffff" TextColor="ffffffff" TooltipColor="" Visible="0"/>
        <Control Class="Window" LAnchorPoint="0" LAnchorOffset="20" TAnchorPoint="1" TAnchorOffset="-574" RAnchorPoint="1" RAnchorOffset="-20" BAnchorPoint="1" BAnchorOffset="-30" RelativeToClient="1" Font="Default" Text="" Template="Default" TooltipType="OnCursor" Name="MainColContainer" BGColor="ffffffff" TextColor="ffffffff" TooltipColor="" Visible="1" DT_CENTER="1" DT_VCENTER="1" TextId="" HideInEditor="0">
            <Control Class="Window" LAnchorPoint="0" LAnchorOffset="3" TAnchorPoint="0" TAnchorOffset="84" RAnchorPoint="1" RAnchorOffset="-3" BAnchorPoint="1" BAnchorOffset="0" RelativeToClient="1" Font="Default" Text="" Template="CRB_Scroll_MetalLarge" TooltipType="OnCursor" Name="ColMainScroll" BGColor="ffffffff" TextColor="ffffffff" TooltipColor="" VScroll="1" IgnoreMouse="1" TextId="" Tooltip="" NeverBringToFront="1"/>
            <Control Class="Window" LAnchorPoint="0" LAnchorOffset="0" TAnchorPoint="0" TAnchorOffset="0" RAnchorPoint="1" RAnchorOffset="0" BAnchorPoint="0" BAnchorOffset="86" RelativeToClient="1" Font="Default" Text="" Template="Default" TooltipType="OnCursor" Name="ColTopBG" BGColor="ffffffff" TextColor="ffffffff" TooltipColor="" Sprite="CRB_Basekit:kitBase_MetalGold_Small" Picture="1" IgnoreMouse="1" NewControlDepth="2">
                <Control Class="Button" Base="kitBtn_Dropdown_TextBaseHybrid" Font="CRB_InterfaceMedium_B" ButtonType="Check" RadioGroup="" LAnchorPoint="0.5" LAnchorOffset="-126" TAnchorPoint="1" TAnchorOffset="-46" RAnchorPoint="0.5" RAnchorOffset="126" BAnchorPoint="1" BAnchorOffset="-8" DT_VCENTER="1" DT_CENTER="1" TooltipType="OnCursor" Name="ColTopDropdownBtn" BGColor="ffffffff" TextColor="ffffffff" TooltipColor="" NormalTextColor="UI_TextHoloBody" PressedTextColor="UI_TextHoloBody" FlybyTextColor="UI_TextHoloBody" PressedFlybyTextColor="UI_TextHoloBody" DisabledTextColor="ffffffff" Text="" Tooltip="" TextId="CRB__2">
                    <Event Name="ButtonCheck" Function="OnColTopDropdownToggle"/>
                    <Event Name="ButtonUncheck" Function="OnColTopDropdownToggle"/>
                </Control>
                <Control Class="Window" LAnchorPoint="0" LAnchorOffset="0" TAnchorPoint="0" TAnchorOffset="8" RAnchorPoint="1" RAnchorOffset="0" BAnchorPoint="0" BAnchorOffset="46" RelativeToClient="1" Font="Default" Text="" Template="Default" TooltipType="OnCursor" Name="ColTopZoneProgressContainer" BGColor="ffffffff" TextColor="ffffffff" TooltipColor="">
                    <Control Class="Window" LAnchorPoint="0.5" LAnchorOffset="-122" TAnchorPoint="1" TAnchorOffset="-38" RAnchorPoint="0.5" RAnchorOffset="122" BAnchorPoint="1" BAnchorOffset="-18" RelativeToClient="1" Font="CRB_InterfaceSmall" Text="" Template="Default" TooltipType="OnCursor" Name="ZoneProgressProgText" BGColor="ffffffff" TextColor="ffc0c0c0" TooltipColor="" TextId="CRB__2" DT_CENTER="1"/>
                    <Control Class="Window" LAnchorPoint="0.5" LAnchorOffset="-122" TAnchorPoint="1" TAnchorOffset="-21" RAnchorPoint="0.5" RAnchorOffset="122" BAnchorPoint="1" BAnchorOffset="-8" RelativeToClient="1" Font="Default" Text="" Template="Default" TooltipType="OnCursor" Name="ZoneProgressProgBarBG" BGColor="ffffffff" TextColor="ffffffff" TooltipColor="" Sprite="CRB_Basekit:kitIProgBar_MetalInset_Base" Picture="1" IgnoreMouse="1">
                        <Control Class="ProgressBar" Text="" LAnchorPoint="0" LAnchorOffset="3" TAnchorPoint="0" TAnchorOffset="3" RAnchorPoint="1" RAnchorOffset="-3" BAnchorPoint="1" BAnchorOffset="-3" AutoSetText="0" UseValues="0" RelativeToClient="1" SetTextToProgress="0" DT_CENTER="1" DT_VCENTER="1" ProgressEmpty="" ProgressFull="CRB_Basekit:kitIProgBar_MetalInset_FillBlue" TooltipType="OnCursor" Name="ZoneProgressProgBar" BGColor="ffffffff" TextColor="ffffffff" TooltipColor="" BarColor="" Picture="0" Sprite="" Tooltip="" IgnoreMouse="1"/>
                    </Control>
                </Control>
            </Control>
            <Control Class="Window" LAnchorPoint="0" LAnchorOffset="0" TAnchorPoint="0" TAnchorOffset="84" RAnchorPoint="1" RAnchorOffset="0" BAnchorPoint="1" BAnchorOffset="0" RelativeToClient="1" Font="Default" Text="" Template="Default" TooltipType="OnCursor" Name="ColTopDropdownBG" BGColor="9dffffff" TextColor="ffffffff" TooltipColor="" Picture="1" IgnoreMouse="0" Sprite="BlackFill" Visible="0" CloseOnExternalClick="1" HideInEditor="0" Tooltip="" NewWindowDepth="1">
                <Control Class="Window" LAnchorPoint="0.5" LAnchorOffset="-126" TAnchorPoint="0" TAnchorOffset="-11" RAnchorPoint="0.5" RAnchorOffset="126" BAnchorPoint="0" BAnchorOffset="371" RelativeToClient="1" Font="Default" Text="" Template="Default" TooltipType="OnCursor" Name="ColTopDropdownArt" BGColor="ffffffff" TextColor="ffffffff" TooltipColor="" IgnoreMouse="1" Sprite="kitBase_HoloTeal_Border" Picture="1" Visible="1" HideInEditor="0" NoClip="1">
                    <Control Class="Window" LAnchorPoint="0" LAnchorOffset="11" TAnchorPoint="0" TAnchorOffset="11" RAnchorPoint="1" RAnchorOffset="-11" BAnchorPoint="1" BAnchorOffset="-11" RelativeToClient="1" Font="Default" Text="" Template="CRB_Scroll_HoloLarge" TooltipType="OnCursor" Name="ColTopDropdownScroll" BGColor="ffffffff" TextColor="ffffffff" TooltipColor="" VScroll="1" IgnoreMouse="1"/>
                </Control>
                <Event Name="WindowClosed" Function="OnColTopDropdownClosed"/>
            </Control>
        </Control>
        <Control Class="Window" LAnchorPoint="0" LAnchorOffset="0" TAnchorPoint="0" TAnchorOffset="0" RAnchorPoint="1" RAnchorOffset="0" BAnchorPoint="1" BAnchorOffset="0" RelativeToClient="1" Font="Default" Text="" Template="Default" TooltipType="OnCursor" Name="BGFrame" BGColor="ffffffff" TextColor="ffffffff" TooltipColor="" Sprite="kitOuterFrame_MetalGold_Small2" Picture="1" IgnoreMouse="1" NewControlDepth="2"/>
        <Control Class="Button" Base="CRB_Basekit:kitBtn_Close" Font="Thick" ButtonType="PushButton" RadioGroup="" LAnchorPoint="1" LAnchorOffset="-39" TAnchorPoint="0" TAnchorOffset="12" RAnchorPoint="1" RAnchorOffset="-12" BAnchorPoint="0" BAnchorOffset="41" DT_VCENTER="1" DT_CENTER="1" TooltipType="OnCursor" Name="CloseBtn" BGColor="ffffffff" TextColor="ffffffff" TooltipColor="" NormalTextColor="ffffffff" PressedTextColor="ffffffff" FlybyTextColor="ffffffff" PressedFlybyTextColor="ffffffff" DisabledTextColor="ffffffff" RelativeToClient="1" Tooltip="">
            <Event Name="ButtonSignal" Function="OnCloseBtn"/>
        </Control>
    </Form>
    <Form Class="Window" Base="" Font="CRB_InterfaceMedium_B" ButtonType="PushButton" RadioGroup="" LAnchorPoint="0" LAnchorOffset="0" TAnchorPoint="0" TAnchorOffset="0" RAnchorPoint="1" RAnchorOffset="0" BAnchorPoint="0" BAnchorOffset="25" DT_VCENTER="1" DT_CENTER="1" TooltipType="OnCursor" Name="DropdownZoneHeader" BGColor="ffffffff" TextColor="ffffffff" TooltipColor="" NormalTextColor="UI_TextHoloBody" PressedTextColor="ff31fcf6" FlybyTextColor="UI_TextHoloBody" PressedFlybyTextColor="ff31fcf6" DisabledTextColor="ff333333" Text="" TextId="" Tooltip="" Picture="1" Overlapped="1" RelativeToClient="1" Sprite="CRB_Basekit:kitBtn_List_HoloNormal" SwallowMouseClicks="1" IgnoreMouse="1">
        <Event Name="ButtonSignal" Function="OnOriginPieceItemClick"/>
        <Control Class="Window" LAnchorPoint="0" LAnchorOffset="8" TAnchorPoint="0" TAnchorOffset="0" RAnchorPoint="1" RAnchorOffset="0" BAnchorPoint="1" BAnchorOffset="0" RelativeToClient="1" Font="CRB_InterfaceMedium_B" Text="" Template="Default" TooltipType="OnCursor" Name="DropdownZoneHeaderText" BGColor="ffffffff" TextColor="UI_TextHoloBody" TooltipColor="" Picture="1" IgnoreMouse="1" Sprite="" TextId="CRB__2" DT_VCENTER="0" Tooltip=""/>
    </Form>
    <Form Class="Window" LAnchorPoint="0" LAnchorOffset="20" TAnchorPoint="0" TAnchorOffset="0" RAnchorPoint="1" RAnchorOffset="0" BAnchorPoint="0" BAnchorOffset="45" RelativeToClient="1" Font="Default" Text="" Template="Default" TooltipType="OnCursor" Name="DropdownZoneItem" BGColor="ffffffff" TextColor="ffffffff" TooltipColor="" Tooltip="">
        <Control Class="Button" Base="kitBtn_List_Hybrid" Font="CRB_InterfaceMedium_B" ButtonType="PushButton" RadioGroup="" LAnchorPoint="0" LAnchorOffset="0" TAnchorPoint="0" TAnchorOffset="0" RAnchorPoint="1" RAnchorOffset="0" BAnchorPoint="1" BAnchorOffset="0" DT_VCENTER="1" DT_CENTER="1" TooltipType="OnCursor" Name="DropdownZoneBtn" BGColor="ffffffff" TextColor="ffffffff" TooltipColor="" NormalTextColor="UI_TextHoloBody" PressedTextColor="UI_TextHoloBody" FlybyTextColor="ff31fcf6" PressedFlybyTextColor="ff31fcf6" DisabledTextColor="ffffffff" Text="" TextId="" DT_WORDBREAK="1" RelativeToClient="1">
            <Event Name="ButtonSignal" Function="OnDropdownZoneBtn"/>
            <Control Class="Window" LAnchorPoint="0" LAnchorOffset="22" TAnchorPoint="1" TAnchorOffset="-14" RAnchorPoint="1" RAnchorOffset="-6" BAnchorPoint="1" BAnchorOffset="-4" RelativeToClient="1" Font="Default" Text="" Template="Default" TooltipType="OnCursor" Name="ZoneProgressProgBarBG" BGColor="66ffffff" TextColor="ffffffff" TooltipColor="" Sprite="kitIProgBar_Inlay_Base" Picture="1" IgnoreMouse="1">
                <Control Class="ProgressBar" Text="" LAnchorPoint="0" LAnchorOffset="4" TAnchorPoint="0" TAnchorOffset="0" RAnchorPoint="1" RAnchorOffset="-4" BAnchorPoint="1" BAnchorOffset="0" AutoSetText="0" UseValues="0" RelativeToClient="1" SetTextToProgress="0" DT_CENTER="1" DT_VCENTER="1" ProgressEmpty="" ProgressFull="kitIProgBar_Simple_Fill" TooltipType="OnCursor" Name="ZoneProgressProgBar" BGColor="ffffffff" TextColor="ffffffff" TooltipColor="" BarColor="" Picture="0" Sprite="" Tooltip="" IgnoreMouse="1"/>
            </Control>
        </Control>
    </Form>
    <Form Class="Window" Font="Thick" RadioGroup="" LAnchorPoint="0" LAnchorOffset="0" TAnchorPoint="0" TAnchorOffset="0" RAnchorPoint="1" RAnchorOffset="0" BAnchorPoint="0" BAnchorOffset="40" Name="ColHeader" BGColor="ffffffff" TextColor="ffffffff" NormalTextColor="ffffffff" PressedTextColor="ffffffff" FlybyTextColor="ffffffff" PressedFlybyTextColor="ffffffff" DisabledTextColor="ffffffff" RelativeToClient="1" TooltipColor="" Overlapped="1" TestAlpha="1" Tooltip="">
        <Control Class="Button" Base="kitBtn_List_MetalClippedSortArrow" Font="Thick" ButtonType="Check" RadioGroup="" LAnchorPoint="0" LAnchorOffset="0" TAnchorPoint="0" TAnchorOffset="0" RAnchorPoint="1" RAnchorOffset="0" BAnchorPoint="0" BAnchorOffset="20" DT_VCENTER="1" DT_CENTER="1" Name="ColHeaderBtn" BGColor="ffffffff" TextColor="ffffffff" NormalTextColor="ffffffff" PressedTextColor="ffffffff" FlybyTextColor="ffffffff" PressedFlybyTextColor="ffffffff" DisabledTextColor="ffffffff" RelativeToClient="1" TooltipColor="" Overlapped="1" TestAlpha="1">
            <Event Name="ButtonCheck" Function="OnColHeaderToggle"/>
            <Event Name="ButtonUncheck" Function="OnColHeaderToggle"/>
        </Control>
        <Control Class="Window" LAnchorPoint="0" LAnchorOffset="26" TAnchorPoint="0" TAnchorOffset="0" RAnchorPoint="1" RAnchorOffset="0" BAnchorPoint="0" BAnchorOffset="20" RelativeToClient="1" Font="CRB_Interface9" Text="" Template="Default" Name="ColHeaderBtnText" BGColor="ffffffff" TextColor="UI_TextMetalGoldHighlight" TextId="Lore_Datacubes" DT_VCENTER="1" TooltipColor=""/>
        <Control Class="Window" LAnchorPoint="0" LAnchorOffset="0" TAnchorPoint="0" TAnchorOffset="20" RAnchorPoint="1" RAnchorOffset="0" BAnchorPoint="1" BAnchorOffset="-20" RelativeToClient="1" Font="Default" Text="" Template="Default" TooltipType="OnCursor" Name="ColHeaderItems" BGColor="ffffffff" TextColor="ffffffff" TooltipColor="" SwallowMouseClicks="1"/>
    </Form>
    <Form Class="Window" LAnchorPoint="0" LAnchorOffset="0" TAnchorPoint="0" TAnchorOffset="0" RAnchorPoint="1" RAnchorOffset="0" BAnchorPoint="0" BAnchorOffset="71" RelativeToClient="1" Font="Default" Text="" Template="Default" TooltipType="OnCursor" Name="ColDatacubeItem" BGColor="ffffffff" TextColor="ffffffff" TooltipColor="" Picture="1" IgnoreMouse="1" Sprite="" Tooltip="" Visible="1" HideInEditor="0">
        <Control Class="Button" Base="CRB_Basekit:kitBtn_List_MetalBorderArrow" Font="Thick" ButtonType="Check" RadioGroup="" LAnchorPoint="0" LAnchorOffset="0" TAnchorPoint="0" TAnchorOffset="0" RAnchorPoint="1" RAnchorOffset="0" BAnchorPoint="1" BAnchorOffset="0" DT_VCENTER="1" DT_CENTER="1" TooltipType="OnCursor" Name="ColDatacubeBtn" BGColor="ffffffff" TextColor="ffffffff" TooltipColor="" NormalTextColor="ffffffff" PressedTextColor="ffffffff" FlybyTextColor="ffffffff" PressedFlybyTextColor="ffffffff" DisabledTextColor="ffffffff" RelativeToClient="1" GlobalRadioGroup="LoreWindow_MainColContainer_GlobalRadioGroup" NeverBringToFront="1">
            <Event Name="ButtonCheck" Function="OnColBtnToSpawnReader"/>
            <Event Name="ButtonUncheck" Function="OnColBtnToDespawnReader"/>
        </Control>
        <Control Class="Window" LAnchorPoint="0" LAnchorOffset="8" TAnchorPoint="0" TAnchorOffset="8" RAnchorPoint="0" RAnchorOffset="63" BAnchorPoint="0" BAnchorOffset="63" RelativeToClient="1" Font="Default" Text="" Template="Default" Name="ColListItemIconFrame" BGColor="ffffffff" TextColor="ffffffff" Picture="1" IgnoreMouse="1" Sprite="CRB_Basekit:kitBase_MetalGrey_IconLarge" TooltipColor="" NewControlDepth="1">
            <Control Class="CostumeWindow" Name="ColDatacubePortrait" Mask="ui\Textures\Alphas\UI_WhiteFillAlpha.tga" NeverBringToFront="1" Camera="Target" Animated="1" BGColor="ffffffff" TextColor="ffffffff" LAnchorPoint="0.5" LAnchorOffset="-40" TAnchorPoint="0.5" TAnchorOffset="-40" RAnchorPoint="0.5" RAnchorOffset="40" BAnchorPoint="0.5" BAnchorOffset="40" Overlay="" HideInEditor="1" Picture="0" Sprite="CRB_TargetFrameSprites:sprTF_MaskLarge" ProgressFull="CRB_TargetFrameSprites:sprTF_MaskLarge" IgnoreMouse="1" Text="" TextId="" TooltipColor=""/>
            <Control Class="Window" LAnchorPoint="0" LAnchorOffset="0" TAnchorPoint="0" TAnchorOffset="0" RAnchorPoint="1" RAnchorOffset="0" BAnchorPoint="1" BAnchorOffset="0" RelativeToClient="1" Font="Default" Text="" Template="CRB_Datachron" Name="NewIndicator" BGColor="99ffffff" TextColor="ffffffff" Sprite="" Picture="1" IgnoreMouse="1" Visible="0" TooltipType="OnCursor" TextId="" TooltipId="" NewControlDepth="1" TooltipColor="" Tooltip="" HideInEditor="0">
                <Control Class="Window" LAnchorPoint="0" LAnchorOffset="-10" TAnchorPoint="0" TAnchorOffset="-3" RAnchorPoint="0" RAnchorOffset="25" BAnchorPoint="0" BAnchorOffset="30" RelativeToClient="1" Font="Default" Text="" Template="CRB_Datachron" Name="NewIndicatorIcon" BGColor="ffffffff" TextColor="ffffffff" Sprite="CRB_Basekit:kitIcon_New" Picture="1" IgnoreMouse="1" Visible="1" TooltipType="OnCursor" TextId="" TooltipId="" NewControlDepth="1" TooltipColor=""/>
            </Control>
        </Control>
        <Control Class="Window" LAnchorPoint="0" LAnchorOffset="70" TAnchorPoint="0" TAnchorOffset="5" RAnchorPoint="1" RAnchorOffset="-28" BAnchorPoint="1" BAnchorOffset="0" RelativeToClient="1" Font="CRB_InterfaceLarge_B" Text="" Template="Default" TooltipType="OnCursor" Name="ColListItemText" BGColor="ffffffff" TextColor="UI_TextMetalBodyHighlight" TooltipColor="" TextId="CRB__2" DT_VCENTER="0" DT_WORDBREAK="1"/>
    </Form>
    <Form Class="Window" LAnchorPoint="0" LAnchorOffset="0" TAnchorPoint="0" TAnchorOffset="0" RAnchorPoint="1" RAnchorOffset="0" BAnchorPoint="0" BAnchorOffset="71" RelativeToClient="1" Font="Default" Text="" Template="Default" TooltipType="OnCursor" Name="ColTalesItem" BGColor="ffffffff" TextColor="ffffffff" TooltipColor="" Picture="1" IgnoreMouse="1" Sprite="CRB_Basekit:kitBtn_List_MetalBorderNormal" Tooltip="" Visible="1" HideInEditor="0">
        <Control Class="Button" Base="CRB_Basekit:kitBtn_List_MetalBorderArrow" Font="Thick" ButtonType="Check" RadioGroup="" LAnchorPoint="0" LAnchorOffset="0" TAnchorPoint="0" TAnchorOffset="0" RAnchorPoint="1" RAnchorOffset="0" BAnchorPoint="1" BAnchorOffset="0" DT_VCENTER="1" DT_CENTER="1" TooltipType="OnCursor" Name="ColTalesBtn" BGColor="ffffffff" TextColor="ffffffff" TooltipColor="" NormalTextColor="ffffffff" PressedTextColor="ffffffff" FlybyTextColor="ffffffff" PressedFlybyTextColor="ffffffff" DisabledTextColor="ffffffff" RelativeToClient="1" GlobalRadioGroup="LoreWindow_MainColContainer_GlobalRadioGroup" NeverBringToFront="1" Text="">
            <Event Name="ButtonCheck" Function="OnColBtnToSpawnReader"/>
            <Event Name="ButtonUncheck" Function="OnColBtnToDespawnReader"/>
        </Control>
        <Control Class="Window" LAnchorPoint="0" LAnchorOffset="8" TAnchorPoint="0" TAnchorOffset="8" RAnchorPoint="0" RAnchorOffset="63" BAnchorPoint="1" BAnchorOffset="-8" RelativeToClient="1" Font="Default" Text="" Template="Default" Name="ColListItemIconFrame" BGColor="ffffffff" TextColor="ffffffff" Picture="1" IgnoreMouse="1" Sprite="CRB_Basekit:kitBase_MetalGrey_IconLarge" TooltipColor="" NewControlDepth="1">
            <Control Class="Window" LAnchorPoint="0.5" LAnchorOffset="-22" TAnchorPoint="0.5" TAnchorOffset="-22" RAnchorPoint="0.5" RAnchorOffset="22" BAnchorPoint="0.5" BAnchorOffset="22" RelativeToClient="1" Font="Default" Text="" Template="Default" Name="ColTalesLockedIcon" BGColor="ffffffff" TextColor="ffffffff" Visible="1" Picture="1" IgnoreMouse="1" Sprite="ClientSprites:Icon_Windows_UI_CRB_Lock_Holo" TooltipColor=""/>
            <Control Class="Window" LAnchorPoint="0.5" LAnchorOffset="-24" TAnchorPoint="0.5" TAnchorOffset="-24" RAnchorPoint="0.5" RAnchorOffset="24" BAnchorPoint="0.5" BAnchorOffset="24" RelativeToClient="1" Font="Default" Text="" Template="Default" TooltipType="OnCursor" Name="ColTalesCompleteIcon" BGColor="ffffffff" TextColor="ffffffff" TooltipColor="" Visible="0" HideInEditor="0">
                <Control Class="Window" LAnchorPoint="0" LAnchorOffset="-3" TAnchorPoint="0" TAnchorOffset="-8" RAnchorPoint="0" RAnchorOffset="307" BAnchorPoint="0" BAnchorOffset="442" RelativeToClient="1" Font="Default" Text="" Template="Default" TooltipType="OnCursor" Name="ColTalesCompleteIconArt" BGColor="ffffffff" TextColor="ffffffff" TooltipColor="" Picture="1" IgnoreMouse="1" Sprite=""/>
            </Control>
            <Control Class="Window" LAnchorPoint="0" LAnchorOffset="0" TAnchorPoint="0" TAnchorOffset="0" RAnchorPoint="1" RAnchorOffset="0" BAnchorPoint="1" BAnchorOffset="0" RelativeToClient="1" Font="Default" Text="" Template="CRB_Datachron" Name="NewIndicator" BGColor="99ffffff" TextColor="ffffffff" Sprite="" Picture="1" IgnoreMouse="1" Visible="0" TooltipType="OnCursor" TextId="" TooltipId="" NewControlDepth="1" TooltipColor="" Tooltip="" HideInEditor="0">
                <Control Class="Window" LAnchorPoint="0" LAnchorOffset="-10" TAnchorPoint="0" TAnchorOffset="-3" RAnchorPoint="0" RAnchorOffset="25" BAnchorPoint="0" BAnchorOffset="30" RelativeToClient="1" Font="Default" Text="" Template="CRB_Datachron" Name="NewIndicatorIcon" BGColor="ffffffff" TextColor="ffffffff" Sprite="CRB_Basekit:kitIcon_New" Picture="1" IgnoreMouse="1" Visible="1" TooltipType="OnCursor" TextId="" TooltipId="" NewControlDepth="1" TooltipColor=""/>
            </Control>
        </Control>
        <Control Class="Window" LAnchorPoint="0" LAnchorOffset="71" TAnchorPoint="0" TAnchorOffset="5" RAnchorPoint="1" RAnchorOffset="-28" BAnchorPoint="1" BAnchorOffset="0" RelativeToClient="1" Font="CRB_InterfaceLarge_B" Text="" Template="Default" TooltipType="OnCursor" Name="ColListItemText" BGColor="ffffffff" TextColor="UI_TextMetalBodyHighlight" TooltipColor="" TextId="CRB__2" DT_VCENTER="0" DT_WORDBREAK="1"/>
        <Control Class="Window" LAnchorPoint="0" LAnchorOffset="71" TAnchorPoint="0" TAnchorOffset="36" RAnchorPoint="1" RAnchorOffset="0" BAnchorPoint="0" BAnchorOffset="56" RelativeToClient="1" Font="CRB_InterfaceSmall" Text="" Template="Default" Name="ColTalesProgText" BGColor="ffffffff" TextColor="ffc0c0c0" TextId="" DT_VCENTER="0" TooltipType="OnCursor" DT_CENTER="0" TooltipColor="" Visible="1" HideInEditor="0"/>
        <Control Class="Window" LAnchorPoint="0" LAnchorOffset="69" TAnchorPoint="0" TAnchorOffset="50" RAnchorPoint="1" RAnchorOffset="-8" BAnchorPoint="0" BAnchorOffset="63" RelativeToClient="1" Font="Default" Text="" Template="Default" TooltipType="OnCursor" Name="ColTalesProgBarBG" BGColor="ffffffff" TextColor="ffffffff" TooltipColor="" Picture="1" IgnoreMouse="1" Sprite="CRB_Basekit:kitIProgBar_MetalInset_Base" TooltipFont="CRB_InterfaceSmall_O">
            <Control Class="ProgressBar" Text="" LAnchorPoint="0" LAnchorOffset="3" TAnchorPoint="0" TAnchorOffset="3" RAnchorPoint="1" RAnchorOffset="-3" BAnchorPoint="1" BAnchorOffset="-3" AutoSetText="0" UseValues="0" RelativeToClient="1" SetTextToProgress="0" DT_CENTER="1" DT_VCENTER="1" ProgressEmpty="" ProgressFull="CRB_Basekit:kitIProgBar_MetalInset_FillBlue" TooltipType="OnCursor" Name="ColTalesProgBar" BGColor="ffffffff" TextColor="ffffffff" TooltipColor="" BarColor="" Border="0" Picture="1" Sprite="" TooltipFont="CRB_InterfaceSmall_O" IgnoreMouse="1" IgnoreTooltipDelay="1"/>
        </Control>
    </Form>
    <Form Class="Window" LAnchorPoint="0" LAnchorOffset="0" TAnchorPoint="0" TAnchorOffset="0" RAnchorPoint="1" RAnchorOffset="0" BAnchorPoint="0" BAnchorOffset="76" RelativeToClient="1" Font="Default" Text="" Template="Default" TooltipType="OnCursor" Name="ColJournalItem" BGColor="ffffffff" TextColor="ffffffff" TooltipColor="" Picture="1" IgnoreMouse="0" Sprite="CRB_Basekit:kitBtn_List_MetalBorderNormal" Tooltip="" Visible="1" HideInEditor="0" Overlapped="1">
        <Control Class="Window" LAnchorPoint="0" LAnchorOffset="8" TAnchorPoint="0" TAnchorOffset="8" RAnchorPoint="0" RAnchorOffset="63" BAnchorPoint="0" BAnchorOffset="63" RelativeToClient="1" Font="Default" Text="" Template="Default" Name="ColListItemIconFrame" BGColor="ffffffff" TextColor="ffffffff" Picture="1" IgnoreMouse="1" Sprite="CRB_Basekit:kitBase_MetalGrey_IconLarge" TooltipColor="" NewControlDepth="1">
            <Control Class="CostumeWindow" Name="ColJournalPortrait" Mask="ui\Textures\Alphas\UI_WhiteFillAlpha.tga" NeverBringToFront="1" Camera="Target" Animated="0" BGColor="ffffffff" TextColor="ffffffff" LAnchorPoint="0.5" LAnchorOffset="-35" TAnchorPoint="0.5" TAnchorOffset="-35" RAnchorPoint="0.5" RAnchorOffset="35" BAnchorPoint="0.5" BAnchorOffset="35" Overlay="" Border="0" HideInEditor="1" Picture="0" Sprite="CRB_TargetFrameSprites:sprTF_MaskLarge" ProgressFull="CRB_TargetFrameSprites:sprTF_MaskLarge" IgnoreMouse="1" Text="" TextId="" TooltipColor=""/>
            <Control Class="Window" LAnchorPoint="0" LAnchorOffset="0" TAnchorPoint="0" TAnchorOffset="0" RAnchorPoint="1" RAnchorOffset="0" BAnchorPoint="1" BAnchorOffset="0" RelativeToClient="1" Font="Default" Text="" Template="CRB_Datachron" Name="NewIndicator" BGColor="99ffffff" TextColor="ffffffff" Sprite="" Picture="1" IgnoreMouse="1" Visible="0" TooltipType="OnCursor" TextId="" TooltipId="" NewControlDepth="1" TooltipColor="" Tooltip="" HideInEditor="0">
                <Control Class="Window" LAnchorPoint="0" LAnchorOffset="-10" TAnchorPoint="0" TAnchorOffset="-3" RAnchorPoint="0" RAnchorOffset="25" BAnchorPoint="0" BAnchorOffset="30" RelativeToClient="1" Font="Default" Text="" Template="CRB_Datachron" Name="NewIndicatorIcon" BGColor="ffffffff" TextColor="ffffffff" Sprite="CRB_Basekit:kitIcon_New" Picture="1" IgnoreMouse="1" Visible="1" TooltipType="OnCursor" TextId="" TooltipId="" NewControlDepth="1" TooltipColor=""/>
            </Control>
        </Control>
        <Control Class="Window" LAnchorPoint="0" LAnchorOffset="71" TAnchorPoint="0" TAnchorOffset="5" RAnchorPoint="1" RAnchorOffset="0" BAnchorPoint="1" BAnchorOffset="0" RelativeToClient="1" Font="CRB_InterfaceLarge_B" Text="" Template="Default" TooltipType="OnCursor" Name="ColListItemText" BGColor="ffffffff" TextColor="UI_TextMetalBodyHighlight" TooltipColor="" TextId="CRB__2" DT_VCENTER="0" DT_WORDBREAK="1"/>
        <Control Class="Window" LAnchorPoint="0" LAnchorOffset="71" TAnchorPoint="0" TAnchorOffset="36" RAnchorPoint="1" RAnchorOffset="0" BAnchorPoint="0" BAnchorOffset="56" RelativeToClient="1" Font="CRB_InterfaceSmall" Text="" Template="Default" Name="ColJournalProgText" BGColor="ffffffff" TextColor="ffc0c0c0" TextId="" DT_VCENTER="0" TooltipType="OnCursor" DT_CENTER="0" TooltipColor="" Visible="1" HideInEditor="0"/>
        <Control Class="Window" LAnchorPoint="0" LAnchorOffset="69" TAnchorPoint="0" TAnchorOffset="50" RAnchorPoint="1" RAnchorOffset="-8" BAnchorPoint="0" BAnchorOffset="63" RelativeToClient="1" Font="Default" Text="" Template="Default" TooltipType="OnCursor" Name="ColJournalProgBarBG" BGColor="ffffffff" TextColor="ffffffff" TooltipColor="" Picture="1" IgnoreMouse="1" Sprite="CRB_Basekit:kitIProgBar_MetalInset_Base" TooltipFont="CRB_InterfaceSmall_O">
            <Control Class="ProgressBar" Text="" LAnchorPoint="0" LAnchorOffset="3" TAnchorPoint="0" TAnchorOffset="3" RAnchorPoint="1" RAnchorOffset="-2" BAnchorPoint="1" BAnchorOffset="-3" AutoSetText="0" UseValues="0" RelativeToClient="1" SetTextToProgress="0" DT_CENTER="1" DT_VCENTER="1" ProgressEmpty="" ProgressFull="CRB_Basekit:kitIProgBar_MetalInset_FillBlue" TooltipType="OnCursor" Name="ColJournalProgBar" BGColor="ffffffff" TextColor="ffffffff" TooltipColor="" BarColor="" Border="0" Picture="1" Sprite="" TooltipFont="CRB_InterfaceSmall_O" IgnoreMouse="1" IgnoreTooltipDelay="1"/>
        </Control>
        <Control Class="Window" LAnchorPoint="0" LAnchorOffset="68" TAnchorPoint="0" TAnchorOffset="68" RAnchorPoint="1" RAnchorOffset="-8" BAnchorPoint="1" BAnchorOffset="-8" RelativeToClient="1" Font="Default" Text="" Template="Default" TooltipType="OnCursor" Name="ColJournalChildItems" BGColor="ffffffff" TextColor="ffffffff" TooltipColor=""/>
    </Form>
    <Form Class="Window" LAnchorPoint="0" LAnchorOffset="0" TAnchorPoint="0" TAnchorOffset="0" RAnchorPoint="1" RAnchorOffset="0" BAnchorPoint="0" BAnchorOffset="34" RelativeToClient="1" Font="Default" Text="" Template="Default" TooltipType="OnCursor" Name="ColJournalChildItem" BGColor="ffffffff" TextColor="ffffffff" TooltipColor="" Sprite="" Tooltip="" IgnoreMouse="1" Overlapped="1">
        <Control Class="Button" Base="CRB_Basekit:kitBtn_List_RightArrowHighlight" Font="Thick" ButtonType="Check" RadioGroup="" LAnchorPoint="0" LAnchorOffset="0" TAnchorPoint="0" TAnchorOffset="0" RAnchorPoint="1" RAnchorOffset="0" BAnchorPoint="1" BAnchorOffset="-2" TooltipType="OnCursor" Name="ColJournalChildBtn" BGColor="ffffffff" TextColor="ffffffff" TooltipColor="" NormalTextColor="ffffffff" PressedTextColor="ffffffff" FlybyTextColor="ffffffff" PressedFlybyTextColor="ffffffff" DisabledTextColor="ffffffff" GlobalRadioGroup="LoreWindow_MainColContainer_GlobalRadioGroup" Text="" TextId="" RelativeToClient="1">
            <Event Name="ButtonCheck" Function="OnColBtnToSpawnReader"/>
            <Event Name="ButtonUncheck" Function="OnColBtnToDespawnReader"/>
            <Control Class="Window" LAnchorPoint="0" LAnchorOffset="10" TAnchorPoint="0" TAnchorOffset="0" RAnchorPoint="1" RAnchorOffset="0" BAnchorPoint="1" BAnchorOffset="0" RelativeToClient="1" Font="CRB_Interface9_B" Text="" Template="Default" TooltipType="OnCursor" Name="ColJournalChildBtnText" BGColor="ffffffff" TextColor="ffffffff" TooltipColor="" TextId="CRB__2" DT_VCENTER="1" DT_WORDBREAK="1"/>
        </Control>
    </Form>
    <Form Class="Window" LAnchorPoint="0" LAnchorOffset="0" TAnchorPoint="0" TAnchorOffset="0" RAnchorPoint="1" RAnchorOffset="0" BAnchorPoint="0" BAnchorOffset="40" RelativeToClient="1" Font="Default" Text="" Template="Default" TooltipType="OnCursor" Name="EmptyNotification" Border="0" Picture="1" SwallowMouseClicks="1" Moveable="0" Escapable="0" Overlapped="1" BGColor="ffffffff" TextColor="ffffffff" TooltipColor="" Sprite="CRB_Basekit:kitBtn_List_MetalBorderNormal" IgnoreMouse="1">
        <Control Class="Window" LAnchorPoint="0" LAnchorOffset="27" TAnchorPoint="0" TAnchorOffset="0" RAnchorPoint="1" RAnchorOffset="0" BAnchorPoint="1" BAnchorOffset="0" RelativeToClient="1" Font="CRB_InterfaceMedium_B" Text="" Template="Default" TooltipType="OnCursor" Name="EmptyNotificationText" BGColor="ffffffff" TextColor="UI_TextMetalBodyHighlight" TooltipColor="" TextId="Lore_NothingDiscovered" DT_VCENTER="1"/>
    </Form>
    <Form Class="Window" LAnchorPoint="0" LAnchorOffset="440" TAnchorPoint="0" TAnchorOffset="105" RAnchorPoint="0" RAnchorOffset="856" BAnchorPoint="0" BAnchorOffset="661" RelativeToClient="1" Font="Default" Text="" Template="" Name="MainColArticleDisplay" BGColor="ffffffff" TextColor="ffffffff" IgnoreMouse="0" Visible="1" Sprite="kitBase_HoloTeal_Border" Picture="1" HideInEditor="0" TooltipColor="" Tooltip="" Moveable="1" Overlapped="1" Sizable="1" NoClip="1" NewWindowDepth="1" Escapable="1">
        <Control Class="Window" LAnchorPoint="0" LAnchorOffset="10" TAnchorPoint="0" TAnchorOffset="10" RAnchorPoint="1" RAnchorOffset="-10" BAnchorPoint="1" BAnchorOffset="-10" RelativeToClient="1" Font="Default" Text="" Template="Default" TooltipType="OnCursor" Name="MainColArticleDisplayScanLines" BGColor="ffffffff" TextColor="ffffffff" TooltipColor="" Sprite="CRB_Basekit:kitAccent_Scanlines" Picture="1" IgnoreMouse="1" Visible="0" HideInEditor="1"/>
        <Control Class="Window" LAnchorPoint="0" LAnchorOffset="10" TAnchorPoint="0" TAnchorOffset="10" RAnchorPoint="1" RAnchorOffset="-10" BAnchorPoint="0" BAnchorOffset="74" RelativeToClient="1" Font="Default" Text="" Template="Default" TooltipType="OnCursor" Name="ArticleTitleFrame" BGColor="ffffffff" TextColor="ffffffff" TooltipColor="" Picture="1" IgnoreMouse="1" Sprite="">
            <Control Class="Window" LAnchorPoint="0" LAnchorOffset="-30" TAnchorPoint="0" TAnchorOffset="-30" RAnchorPoint="1" RAnchorOffset="30" BAnchorPoint="1" BAnchorOffset="0" RelativeToClient="1" Font="Default" Text="" Template="Default" TooltipType="OnCursor" Name="ArticleTitleFrameBG" BGColor="ffffffff" TextColor="ffffffff" TooltipColor="" Sprite="CRB_Basekit:kitBase_HoloBlue_InsetBorder_ThickPadded" Picture="1" IgnoreMouse="1"/>
            <Control Class="Button" Base="Collections_TEMP:sprCollections_TEMP_PlayStop" Font="Thick" ButtonType="Check" RadioGroup="" LAnchorPoint="0" LAnchorOffset="10" TAnchorPoint="0" TAnchorOffset="10" RAnchorPoint="0" RAnchorOffset="41" BAnchorPoint="0" BAnchorOffset="41" DT_VCENTER="1" DT_CENTER="1" Name="PlayPauseButton" BGColor="ffffffff" TextColor="ffffffff" NormalTextColor="ffffffff" PressedTextColor="ffffffff" FlybyTextColor="ffffffff" PressedFlybyTextColor="ffffffff" DisabledTextColor="ffffffff" Text="" TextId="" RelativeToClient="1" IgnoreMouse="0" TooltipColor="" HideInEditor="0">
                <Event Name="ButtonCheck" Function="OnPlayPauseCheck"/>
                <Event Name="ButtonUncheck" Function="OnPlayPauseUncheck"/>
                <Control Class="Window" LAnchorPoint="0.5" LAnchorOffset="-28" TAnchorPoint="0.5" TAnchorOffset="-27" RAnchorPoint="0.5" RAnchorOffset="28" BAnchorPoint="0.5" BAnchorOffset="29" RelativeToClient="1" Font="Default" Text="" Template="Default" Name="NowPlayingIcon" BGColor="ffffffff" TextColor="ffffffff" Picture="1" IgnoreMouse="1" NoClip="1" Sprite="CRB_Basekit:kitAccent_Frame_OrangeStrokePulse" Visible="0" TooltipColor="" NotRelative="0" HideInEditor="0"/>
            </Control>
            <Control Class="Window" LAnchorPoint="0" LAnchorOffset="52" TAnchorPoint="0" TAnchorOffset="0" RAnchorPoint="1" RAnchorOffset="-36" BAnchorPoint="0" BAnchorOffset="51" RelativeToClient="1" Font="CRB_Interface12_BBO" Text="" Template="Default" TooltipType="OnCursor" Name="ArticleDatacubeTitle" BGColor="ffffffff" TextColor="UI_TextHoloTitle" TooltipColor="" DT_WORDBREAK="1" TextId="" Tooltip="" DT_VCENTER="1"/>
            <Control Class="Window" LAnchorPoint="0" LAnchorOffset="10" TAnchorPoint="0" TAnchorOffset="0" RAnchorPoint="1" RAnchorOffset="-36" BAnchorPoint="0" BAnchorOffset="51" RelativeToClient="1" Font="CRB_Interface12_BBO" Text="" Template="Default" TooltipType="OnCursor" Name="ArticleNonDatacubeTitle" BGColor="ffffffff" TextColor="UI_TextHoloTitle" TooltipColor="" DT_WORDBREAK="1" TextId="" Tooltip="" DT_VCENTER="1"/>
            <Control Class="Window" LAnchorPoint="1" LAnchorOffset="-32" TAnchorPoint="0.5" TAnchorOffset="-21" RAnchorPoint="1" RAnchorOffset="-2" BAnchorPoint="0.5" BAnchorOffset="9" RelativeToClient="1" Font="Default" Text="" Template="Default" TooltipType="OnCursor" Name="BackButtonInset" BGColor="ffffffff" TextColor="ffffffff" TooltipColor="" Sprite="CRB_Basekit:kitBase_HoloBlue_InsetSimpleCircle" Picture="1" IgnoreMouse="1" Visible="0" HideInEditor="1"/>
            <Control Class="Button" Base="CRB_Basekit:kitBtn_Holo_Close" Font="CRB_InterfaceMedium" ButtonType="PushButton" RadioGroup="" LAnchorPoint="1" LAnchorOffset="-17" TAnchorPoint="0" TAnchorOffset="-4" RAnchorPoint="1" RAnchorOffset="4" BAnchorPoint="0" BAnchorOffset="17" Name="BackButton" BGColor="ffffffff" TextColor="ffffffff" WindowSoundTemplate="TogglePhys03" TextId="" NormalTextColor="ffffffff" PressedTextColor="ffffffff" FlybyTextColor="ffffffff" PressedFlybyTextColor="ffffffff" DisabledTextColor="ffffffff" Text="" RelativeToClient="1" HideInEditor="0" Visible="1" TooltipColor="" NewWindowDepth="0" NoClip="1">
                <Event Name="ButtonSignal" Function="OnDestroyColDisplay"/>
            </Control>
        </Control>
        <Control Class="Window" LAnchorPoint="0" LAnchorOffset="10" TAnchorPoint="0" TAnchorOffset="67" RAnchorPoint="1" RAnchorOffset="-10" BAnchorPoint="1" BAnchorOffset="-10" RelativeToClient="1" Font="Default" Text="" Template="CRB_Scroll_HoloLarge" Name="ArticleScroll" BGColor="66ffffff" TextColor="ffffffff" VScroll="1" UseTemplateBG="0" Border="0" TextId="" IgnoreMouse="1" AutoHideScroll="0" TooltipColor="" Tooltip="" Picture="1" Sprite="BlackFill">
            <Control Class="Window" LAnchorPoint="0" LAnchorOffset="0" TAnchorPoint="0" TAnchorOffset="0" RAnchorPoint="0" RAnchorOffset="1" BAnchorPoint="0" BAnchorOffset="4" RelativeToClient="1" Font="Default" Text="" Template="Default" TooltipType="OnCursor" Name="Padding" BGColor="ffffffff" TextColor="ffffffff" TooltipColor=""/>
            <Control Class="Window" LAnchorPoint="0.5" LAnchorOffset="-155" TAnchorPoint="0" TAnchorOffset="10" RAnchorPoint="0.5" RAnchorOffset="155" BAnchorPoint="0" BAnchorOffset="465" RelativeToClient="1" Font="Default" Text="" Template="Default" TooltipType="OnCursor" Name="TalesLargeCover" BGColor="ffffffff" TextColor="ffffffff" TooltipColor="" Picture="1" IgnoreMouse="1" Sprite="" Visible="0" Tooltip="">
                <Control Class="Window" LAnchorPoint="0.5" LAnchorOffset="-155" TAnchorPoint="0" TAnchorOffset="0" RAnchorPoint="0.5" RAnchorOffset="155" BAnchorPoint="0" BAnchorOffset="450" RelativeToClient="1" Font="Default" Text="" Template="Default" TooltipType="OnCursor" Name="TalesLargeCoverArt" BGColor="ffffffff" TextColor="ffffffff" TooltipColor="" Picture="1" IgnoreMouse="1" Sprite="ClientSprites:Icon_ItemTBF_UI_CRB_TBF002" Visible="1" Tooltip=""/>
            </Control>
            <Control Class="MLWindow" LAnchorPoint="0" LAnchorOffset="10" TAnchorPoint="0" TAnchorOffset="10" RAnchorPoint="1" RAnchorOffset="-10" BAnchorPoint="0" BAnchorOffset="10" RelativeToClient="1" Font="CRB_InterfaceMedium" Text="" Template="Default" TooltipType="OnCursor" Name="ArticleText" BGColor="ffffffff" TextColor="eeffffff" TooltipColor="" TextId="" IgnoreMouse="1" BottomEdgeControlsAnchor="" TopEdgeControlsAnchor=""/>
            <Control Class="Window" LAnchorPoint="0" LAnchorOffset="0" TAnchorPoint="0" TAnchorOffset="0" RAnchorPoint="0" RAnchorOffset="1" BAnchorPoint="0" BAnchorOffset="10" RelativeToClient="1" Font="Default" Text="" Template="Default" TooltipType="OnCursor" Name="Padding" BGColor="ffffffff" TextColor="ffffffff" TooltipColor=""/>
        </Control>
    </Form>
</Forms>
