<Forms>
    <Form Class="Window" LAnchorPoint="0" LAnchorOffset="0" TAnchorPoint="0" TAnchorOffset="0" RAnchorPoint="0" RAnchorOffset="800" BAnchorPoint="0" BAnchorOffset="530" RelativeToClient="1" Font="Default" Text="" Template="CRB_Scroll_MetalLarge" Name="TradeskillSchematicsForm" Picture="1" Overlapped="1" BGColor="ffffffff" TextColor="ffffffff" TextId="" TooltipColor="" IgnoreMouse="1" Sprite="kitBase_MetalGrey_Medium" Tooltip="" TooltipId="">
        <Control Class="Window" LAnchorPoint="0" LAnchorOffset="324" TAnchorPoint="0" TAnchorOffset="0" RAnchorPoint="1" RAnchorOffset="0" BAnchorPoint="1" BAnchorOffset="0" RelativeToClient="1" Font="Default" Text="" BGColor="UI_WindowBGDefault" TextColor="UI_WindowTextDefault" Template="Holo_Background_General" TooltipType="OnCursor" Name="RightSideBG" TooltipColor="" IgnoreMouse="1" UseTemplateBG="1"/>
        <Control Class="Window" LAnchorPoint="0" LAnchorOffset="0" TAnchorPoint="0" TAnchorOffset="0" RAnchorPoint="0" RAnchorOffset="322" BAnchorPoint="1" BAnchorOffset="0" RelativeToClient="1" Font="Default" Text="" Template="Default" Name="LeftSide" BGColor="ffffffff" TextColor="ffffffff" Sprite="" Picture="1" IgnoreMouse="1" TooltipColor="" Tooltip="" HideInEditor="0">
            <Control Class="Window" LAnchorPoint="0" LAnchorOffset="10" TAnchorPoint="0" TAnchorOffset="10" RAnchorPoint="1" RAnchorOffset="-11" BAnchorPoint="0" BAnchorOffset="46" RelativeToClient="1" Font="Default" Text="" Template="Default" TooltipType="OnCursor" Name="SearchTopLeftContainer" BGColor="ffffffff" TextColor="ffffffff" TooltipColor="" Sprite="BK3:UI_BK3_Metal_SearchInput" Picture="1" IgnoreMouse="1" HideInEditor="0" NewControlDepth="1">
                <Control Class="EditBox" LAnchorPoint="0" LAnchorOffset="18" TAnchorPoint="0" TAnchorOffset="11" RAnchorPoint="1" RAnchorOffset="-38" BAnchorPoint="1" BAnchorOffset="-13" RelativeToClient="1" Font="CRB_InterfaceMedium_B" Text="" Template="Default" Name="SearchTopLeftInputBox" BGColor="ffffffff" TextColor="ffffffff" TextId="" DT_VCENTER="1" PromptTextId="CRB_Search" PromptFont="CRB_InterfaceMedium" ClearOnEscape="0" TooltipColor="">
                    <Event Name="EditBoxChanged" Function="OnSearchTopLeftInputBoxChanged"/>
                </Control>
                <Control Class="Button" Base="BK3:btnMetal_SearchClear" Font="Thick" ButtonType="PushButton" RadioGroup="" LAnchorPoint="1" LAnchorOffset="-38" TAnchorPoint="0" TAnchorOffset="0" RAnchorPoint="1" RAnchorOffset="-6" BAnchorPoint="0" BAnchorOffset="35" DT_VCENTER="1" DT_CENTER="1" TooltipType="OnCursor" Name="SearchTopLeftClearBtn" BGColor="ffffffff" TextColor="ffffffff" TooltipColor="" NormalTextColor="ffffffff" PressedTextColor="ffffffff" FlybyTextColor="ffffffff" PressedFlybyTextColor="ffffffff" DisabledTextColor="ffffffff" Visible="0">
                    <Event Name="ButtonSignal" Function="OnSearchTopLeftClearBtn"/>
                </Control>
            </Control>
            <Control Class="Window" LAnchorPoint="0" LAnchorOffset="0" TAnchorPoint="0" TAnchorOffset="87" RAnchorPoint="1" RAnchorOffset="0" BAnchorPoint="1" BAnchorOffset="0" RelativeToClient="1" Font="Default" Text="" Template="Metal_ScrollList" Name="LeftSideScroll" BGColor="ffffffff" TextColor="ffffffff" TooltipColor="" IgnoreMouse="1" Sprite="" VScroll="1" Tooltip="" Border="1" UseTemplateBG="1"/>
            <Control Class="Window" LAnchorPoint="0" LAnchorOffset="0" TAnchorPoint="0" TAnchorOffset="87" RAnchorPoint="1" RAnchorOffset="0" BAnchorPoint="0" BAnchorOffset="128" RelativeToClient="1" Font="Default" Text="" Template="Default" TooltipType="OnCursor" Name="GradientShadow" BGColor="UI_AlphaPercent50" TextColor="ffffffff" TooltipColor="" Sprite="BK3:UI_BK3_GradientShade" Picture="1" IgnoreMouse="1" Border="0" UseTemplateBG="0" NewControlDepth="5" Sizable="0" Moveable="0" HideInEditor="0"/>
            <Control Class="Button" Base="BK3:btnMetal_Radio_Small" Font="CRB_InterfaceTiny_BB" ButtonType="Check" RadioGroup="" LAnchorPoint="0" LAnchorOffset="11" TAnchorPoint="0" TAnchorOffset="50" RAnchorPoint="0" RAnchorOffset="126" BAnchorPoint="0" BAnchorOffset="74" DT_VCENTER="1" DT_CENTER="0" TooltipType="OnCursor" Name="LeftSideFilterLocked" BGColor="ffffffff" TextColor="ffffffff" TooltipColor="" NormalTextColor="UI_BtnTextGrayListNormal" PressedTextColor="UI_BtnTextGrayListFlyby" FlybyTextColor="UI_BtnTextGrayListFlyby" PressedFlybyTextColor="UI_BtnTextGrayListPressedFlyby" DisabledTextColor="UI_BtnTextGrayListDisabled" DrawAsCheckbox="1" Text="" TextId="TradeskillSchematics_ShowLockedCaps" CheckboxRight="0" RelativeToClient="1">
                <Event Name="ButtonCheck" Function="OnFiltersChanged"/>
                <Event Name="ButtonUncheck" Function="OnFiltersChanged"/>
            </Control>
            <Control Class="Button" Base="BK3:btnMetal_Radio_Small" Font="CRB_InterfaceTiny_BB" ButtonType="Check" RadioGroup="" LAnchorPoint="0" LAnchorOffset="126" TAnchorPoint="0" TAnchorOffset="50" RAnchorPoint="1" RAnchorOffset="1" BAnchorPoint="0" BAnchorOffset="74" DT_VCENTER="1" DT_CENTER="0" TooltipType="OnCursor" Name="LeftSideFilterMaterials" BGColor="ffffffff" TextColor="ffffffff" TooltipColor="" NormalTextColor="UI_BtnTextGrayListNormal" PressedTextColor="UI_BtnTextGrayListFlyby" FlybyTextColor="UI_BtnTextGrayListFlyby" PressedFlybyTextColor="UI_BtnTextGrayListPressedFlyby" DisabledTextColor="UI_BtnTextGrayListDisabled" DrawAsCheckbox="1" Text="" TextId="TradeskillSchematics_HaveMaterialsCaps" CheckboxRight="0" RelativeToClient="1" DT_RIGHT="0">
                <Event Name="ButtonCheck" Function="OnFiltersChanged"/>
                <Event Name="ButtonUncheck" Function="OnFiltersChanged"/>
            </Control>
            <Control Class="Window" LAnchorPoint="0" LAnchorOffset="0" TAnchorPoint="0" TAnchorOffset="85" RAnchorPoint="1" RAnchorOffset="0" BAnchorPoint="1" BAnchorOffset="0" RelativeToClient="1" Font="Default" Text="" Template="Default" TooltipType="OnCursor" Name="LeftSideRefreshAnimation" BGColor="ffffffff" TextColor="ffffffff" TooltipColor="" Border="0" IgnoreMouse="1" Picture="1" Sprite="" NewControlDepth="2"/>
            <Pixie LAnchorPoint="0" LAnchorOffset="-2" TAnchorPoint="0" TAnchorOffset="-3" RAnchorPoint="1" RAnchorOffset="4" BAnchorPoint="0" BAnchorOffset="88" BGColor="ffffffff" Font="Default" TextColor="ffffffff" Text="" Sprite="BK3:UI_BK3_Metal_Inset_Block2" Line="0"/>
        </Control>
        <Control Class="Window" LAnchorPoint="0" LAnchorOffset="335" TAnchorPoint="0" TAnchorOffset="0" RAnchorPoint="1" RAnchorOffset="-8" BAnchorPoint="1" BAnchorOffset="0" RelativeToClient="1" Font="Default" Text="" Template="" TooltipType="OnCursor" Name="RightSide" BGColor="ffffffff" TextColor="ffffffff" TooltipColor="" Visible="0" HideInEditor="0" Border="1" IgnoreMouse="1" Picture="0" UseTemplateBG="1">
            <Control Class="Window" LAnchorPoint="0" LAnchorOffset="0" TAnchorPoint="0" TAnchorOffset="0" RAnchorPoint="1" RAnchorOffset="0" BAnchorPoint="0" BAnchorOffset="310" RelativeToClient="1" Font="Default" Text="" Template="Default" TooltipType="OnCursor" Name="RightTopBG" BGColor="ffffffff" TextColor="ffffffff" TooltipColor="" Sprite="" Picture="1" IgnoreMouse="1" Tooltip="">
                <Control Class="Window" LAnchorPoint="0" LAnchorOffset="3" TAnchorPoint="0" TAnchorOffset="1" RAnchorPoint="1" RAnchorOffset="-1" BAnchorPoint="0" BAnchorOffset="50" RelativeToClient="1" Font="CRB_HeaderLarge_O" Text="" Template="Default" TooltipType="OnCursor" Name="SchematicName" BGColor="ffffffff" TextColor="UI_WindowTitleYellow" TooltipColor="" TextId="CRB__2" IgnoreMouse="1" AutoScaleText="1" DT_VCENTER="1"/>
                <Control Class="Window" LAnchorPoint="0" LAnchorOffset="4" TAnchorPoint="0" TAnchorOffset="50" RAnchorPoint="0" RAnchorOffset="62" BAnchorPoint="0" BAnchorOffset="108" RelativeToClient="1" Font="Default" Text="" Template="Default" TooltipType="OnCursor" Name="SchematicIcon" BGColor="ffffffff" TextColor="ffffffff" TooltipColor="" Sprite="ClientSprites:Icon_ItemMisc_UI_Item_Medpack" Picture="1" IgnoreMouse="1" Tooltip="" NewControlDepth="1" IgnoreTooltipDelay="1"/>
                <Control Class="Window" LAnchorPoint="0" LAnchorOffset="3" TAnchorPoint="0" TAnchorOffset="49" RAnchorPoint="0" RAnchorOffset="63" BAnchorPoint="0" BAnchorOffset="109" RelativeToClient="1" Font="Default" Text="" Template="Default" TooltipType="OnCursor" Name="SchematicIconLockBG" BGColor="ccffffff" TextColor="ffffffff" TooltipColor="" Sprite="ClientSprites:BlackFill" Picture="1" IgnoreMouse="1" Tooltip="" NewControlDepth="1" IgnoreTooltipDelay="1">
                    <Pixie LAnchorPoint="0" LAnchorOffset="10" TAnchorPoint="0" TAnchorOffset="10" RAnchorPoint="1" RAnchorOffset="-10" BAnchorPoint="1" BAnchorOffset="-10" BGColor="ffffffff" Font="Default" TextColor="ffffffff" Text="" Sprite="ClientSprites:Icon_Windows_UI_CRB_Lock_Holo" Line="0"/>
                </Control>
                <Control Class="Window" LAnchorPoint="0" LAnchorOffset="72" TAnchorPoint="0" TAnchorOffset="46" RAnchorPoint="1" RAnchorOffset="-206" BAnchorPoint="0" BAnchorOffset="112" RelativeToClient="1" Font="CRB_InterfaceMedium_BB" Text="" Template="Default" TooltipType="OnCursor" Name="SchematicItemType" BGColor="ffffffff" TextColor="UI_TextHoloTitle" TooltipColor="" TextId="CRB__2"/>
                <Control Class="Button" Base="BK3:btnHolo_ListView_Mid" Font="Thick" ButtonType="PushButton" RadioGroup="" LAnchorPoint="1" LAnchorOffset="-183" TAnchorPoint="0" TAnchorOffset="49" RAnchorPoint="1" RAnchorOffset="-4" BAnchorPoint="0" BAnchorOffset="107" DT_VCENTER="1" DT_CENTER="1" TooltipType="OnCursor" Name="LockedLinkBtn" BGColor="ffffffff" TextColor="ffffffff" TooltipColor="" NormalTextColor="ffffffff" PressedTextColor="ffffffff" FlybyTextColor="ffffffff" PressedFlybyTextColor="ffffffff" DisabledTextColor="ffffffff" Text="" HideInEditor="0" Sprite="" Picture="1" NoClip="1">
                    <Event Name="ButtonSignal" Function="OnLockedLinkBtn"/>
                    <Control Class="Window" LAnchorPoint="0" LAnchorOffset="-2" TAnchorPoint="0" TAnchorOffset="-2" RAnchorPoint="1" RAnchorOffset="2" BAnchorPoint="1" BAnchorOffset="2" RelativeToClient="1" Font="Default" Text="" BGColor="UI_WindowBGDefault" TextColor="UI_WindowTextDefault" Template="Default" TooltipType="OnCursor" Name="Window" TooltipColor="" Sprite="BK3:UI_BK3_Holo_InsetSimple" Picture="1" IgnoreMouse="1" NoClip="1"/>
                    <Control Class="Window" LAnchorPoint="0" LAnchorOffset="8" TAnchorPoint="0" TAnchorOffset="0" RAnchorPoint="1" RAnchorOffset="-8" BAnchorPoint="1" BAnchorOffset="-20" RelativeToClient="1" Font="CRB_InterfaceSmall" Text="" Template="Default" TooltipType="OnCursor" Name="LockedLinkText" BGColor="ffffffff" TextColor="UI_TextHoloBodyCyan" TooltipColor="" TextId="Tradeskill_ClickHowToUnlock" DT_WORDBREAK="1" DT_VCENTER="1" DT_CENTER="1" Tooltip=""/>
                    <Control Class="Window" LAnchorPoint="0" LAnchorOffset="0" TAnchorPoint="1" TAnchorOffset="-30" RAnchorPoint="1" RAnchorOffset="0" BAnchorPoint="1" BAnchorOffset="10" RelativeToClient="1" Font="Default" Text="" Template="Default" TooltipType="OnCursor" Name="LockedLinkProgBG" BGColor="ffffffff" TextColor="ffffffff" TooltipColor="" Sprite="BK3:UI_BK3_Holo_ProgressBar_BG" Picture="1" IgnoreMouse="1" TextId="" DT_CENTER="0" DT_VCENTER="0" NewControlDepth="1">
                        <Control Class="ProgressBar" Text="" LAnchorPoint="0" LAnchorOffset="15" TAnchorPoint="0" TAnchorOffset="0" RAnchorPoint="1" RAnchorOffset="-14" BAnchorPoint="1" BAnchorOffset="-2" AutoSetText="0" UseValues="0" RelativeToClient="1" SetTextToProgress="0" DT_CENTER="1" DT_VCENTER="1" ProgressEmpty="" ProgressFull="BK3:UI_BK3_Holo_ProgressBar_Fill" TooltipType="OnCursor" Name="LockedLinkProgBar" BGColor="ffffffff" TextColor="ffffffff" TooltipColor="" BarColor="" Sprite="" Picture="0" Font="Default" NoClip="0" TextId="" ProgressEdgeGlow="BK3:UI_BK3_Holo_ProgressBar_Cap" EdgeGlow="1" NoClipEdgeGlow="1" Tooltip="" IgnoreMouse="1"/>
                        <Control Class="Window" LAnchorPoint="0" LAnchorOffset="0" TAnchorPoint="0" TAnchorOffset="3" RAnchorPoint="1" RAnchorOffset="0" BAnchorPoint="1" BAnchorOffset="-6" RelativeToClient="1" Font="CRB_InterfaceTiny_BB" Text="" Template="Default" TooltipType="OnCursor" Name="LockedLinkProgText" BGColor="ffffffff" TextColor="white" TooltipColor="" DT_VCENTER="1" DT_CENTER="1" TextId="CRB_00" NewControlDepth="1"/>
                    </Control>
                    <Control Class="Window" LAnchorPoint="0" LAnchorOffset="0" TAnchorPoint="0" TAnchorOffset="0" RAnchorPoint="0" RAnchorOffset="24" BAnchorPoint="0" BAnchorOffset="24" RelativeToClient="1" Font="Default" Text="" Template="Default" TooltipType="OnCursor" Name="LockedLinkCheckmark" BGColor="ffffffff" TextColor="ffffffff" TooltipColor="" Sprite="kitIcon_Holo_Checkmark" Picture="1" IgnoreMouse="1" NewControlDepth="1"/>
                </Control>
                <Control Class="Window" LAnchorPoint="1" LAnchorOffset="-182" TAnchorPoint="0" TAnchorOffset="50" RAnchorPoint="1" RAnchorOffset="-5" BAnchorPoint="0" BAnchorOffset="106" RelativeToClient="1" Font="CRB_InterfaceSmall" Text="" Template="Default" TooltipType="OnCursor" Name="RightNoLinkMessage" BGColor="ffffffff" TextColor="UI_TextHoloBodyCyan" TooltipColor="" Sprite="" Picture="1" IgnoreMouse="1" DT_CENTER="1" DT_VCENTER="1" TextId="" DT_WORDBREAK="1" Visible="0" HideInEditor="1">
                    <Pixie LAnchorPoint="0" LAnchorOffset="8" TAnchorPoint="0" TAnchorOffset="8" RAnchorPoint="1" RAnchorOffset="-8" BAnchorPoint="1" BAnchorOffset="-8" BGColor="ffffffff" Font="CRB_Interface9" TextColor="UI_TextHoloBodyCyan" Text="" TextId="Tradeskills_SchematicNoSourceMessage" DT_CENTER="1" DT_VCENTER="1" DT_WORDBREAK="1" Line="0"/>
                    <Control Class="Window" LAnchorPoint="0" LAnchorOffset="-3" TAnchorPoint="0" TAnchorOffset="-2" RAnchorPoint="1" RAnchorOffset="3" BAnchorPoint="1" BAnchorOffset="3" RelativeToClient="1" Font="Default" Text="" BGColor="UI_WindowBGDefault" TextColor="UI_WindowTextDefault" Template="Default" TooltipType="OnCursor" Name="Window" TooltipColor="" Sprite="BK3:UI_BK3_Holo_InsetSimple" Picture="1" IgnoreMouse="1" NoClip="1"/>
                </Control>
                <Control Class="Window" LAnchorPoint="1" LAnchorOffset="-182" TAnchorPoint="0" TAnchorOffset="50" RAnchorPoint="1" RAnchorOffset="-5" BAnchorPoint="0" BAnchorOffset="106" RelativeToClient="1" Font="CRB_InterfaceSmall" Text="" Template="Default" TooltipType="OnCursor" Name="RightCookingMessage" BGColor="ffffffff" TextColor="UI_TextHoloBodyCyan" TooltipColor="" Sprite="CRB_Basekit:kitBase_HoloBlue_InsetBorder_Thin" Picture="1" IgnoreMouse="1" DT_CENTER="1" DT_VCENTER="1" TextId="" DT_WORDBREAK="1" Visible="0" HideInEditor="1">
                    <Pixie LAnchorPoint="0" LAnchorOffset="8" TAnchorPoint="0" TAnchorOffset="8" RAnchorPoint="1" RAnchorOffset="-8" BAnchorPoint="1" BAnchorOffset="-8" BGColor="ffffffff" Font="CRB_Interface9" TextColor="UI_TextHoloBodyCyan" Text="" TextId="Tradeskills_CookingInstructions" DT_CENTER="1" DT_VCENTER="1" DT_WORDBREAK="1" Line="0"/>
                    <Control Class="Window" LAnchorPoint="0" LAnchorOffset="-3" TAnchorPoint="0" TAnchorOffset="-2" RAnchorPoint="1" RAnchorOffset="3" BAnchorPoint="1" BAnchorOffset="3" RelativeToClient="1" Font="Default" Text="" BGColor="UI_WindowBGDefault" TextColor="UI_WindowTextDefault" Template="Default" TooltipType="OnCursor" Name="Window" TooltipColor="" Sprite="BK3:UI_BK3_Holo_InsetSimple" Picture="1" IgnoreMouse="1" NoClip="1"/>
                </Control>
                <Control Class="Window" LAnchorPoint="0" LAnchorOffset="0" TAnchorPoint="0" TAnchorOffset="121" RAnchorPoint="1" RAnchorOffset="0" BAnchorPoint="1" BAnchorOffset="-24" RelativeToClient="1" Font="Default" Text="" Template="Default" TooltipType="OnCursor" Name="MaterialsBG" BGColor="ffffffff" TextColor="ffffffff" TooltipColor="" Sprite="BK3:UI_BK3_Holo_InsetHeader" Picture="1" IgnoreMouse="1">
                    <Control Class="Window" LAnchorPoint="0" LAnchorOffset="18" TAnchorPoint="0" TAnchorOffset="50" RAnchorPoint="1" RAnchorOffset="-5" BAnchorPoint="1" BAnchorOffset="-5" RelativeToClient="1" Font="Default" Text="" Template="CRB_Scroll_HoloSmall" TooltipType="OnCursor" Name="MaterialsScroll" BGColor="ffffffff" TextColor="ffffffff" TooltipColor="" VScroll="1" IgnoreMouse="1" Picture="1" Sprite="" AutoHideScroll="1" NoClip="1"/>
                    <Pixie LAnchorPoint="0" LAnchorOffset="0" TAnchorPoint="0" TAnchorOffset="10" RAnchorPoint="1" RAnchorOffset="0" BAnchorPoint="0" BAnchorOffset="100" Sprite="" BGColor="ffffffff" TextColor="ffffffff" Rotation="0" Font="CRB_Header12" Text="" TextId="Tradeskills_RequiredMats" DT_CENTER="1"/>
                </Control>
                <Pixie LAnchorPoint="0" LAnchorOffset="0" TAnchorPoint="0" TAnchorOffset="47" RAnchorPoint="0" RAnchorOffset="65" BAnchorPoint="0" BAnchorOffset="111" BGColor="ffffffff" Font="Default" TextColor="ffffffff" Text="" Sprite="CRB_Basekit:kitBase_HoloBlue_InsetBorder_Thin" Line="0"/>
            </Control>
            <Control Class="Window" LAnchorPoint="0" LAnchorOffset="0" TAnchorPoint="0" TAnchorOffset="291" RAnchorPoint="1" RAnchorOffset="0" BAnchorPoint="0" BAnchorOffset="456" RelativeToClient="1" Font="Default" Text="" Template="Default" TooltipType="OnCursor" Name="RightSubrecipes" BGColor="ffffffff" TextColor="ffffffff" TooltipColor="" Sprite="BK3:UI_BK3_Holo_InsetHeader" Picture="1" IgnoreMouse="1" Tooltip="" NewControlDepth="1">
                <Pixie LAnchorPoint="0" LAnchorOffset="0" TAnchorPoint="0" TAnchorOffset="9" RAnchorPoint="1" RAnchorOffset="0" BAnchorPoint="0" BAnchorOffset="100" Sprite="" BGColor="ffffffff" TextColor="ffffffff" Rotation="0" Font="CRB_Header12" Text="" TextId="Tradeskills_Variants" DT_CENTER="1" DT_WORDBREAK="1"/>
                <Control Class="Window" LAnchorPoint="0" LAnchorOffset="18" TAnchorPoint="0" TAnchorOffset="50" RAnchorPoint="1" RAnchorOffset="-5" BAnchorPoint="1" BAnchorOffset="-5" RelativeToClient="1" Font="Default" Text="" Template="Holo_ScrollListSmall" TooltipType="OnCursor" Name="SubrecipesListScroll" BGColor="ffffffff" TextColor="ffffffff" TooltipColor="" VScroll="1" IgnoreMouse="1" Picture="1" Sprite="" AutoHideScroll="1" NoClip="1"/>
            </Control>
            <Control Class="Window" LAnchorPoint="0" LAnchorOffset="-8" TAnchorPoint="1" TAnchorOffset="-67" RAnchorPoint="1" RAnchorOffset="12" BAnchorPoint="1" BAnchorOffset="2" RelativeToClient="1" Font="Default" Text="" Template="Default" Name="RightBottomCraftPreview" BGColor="ffffffff" TextColor="ffffffff" Sprite="BK3:UI_BK3_Metal_Footer_Large" Picture="1" IgnoreMouse="1" TooltipColor="" NoClip="1" NewControlDepth="1" NewWindowDepth="1">
                <Control Class="Button" Base="CRB_Basekit:kitBtn_Metal_LargeGreen" Font="CRB_Button" ButtonType="PushButton" LAnchorPoint="1" LAnchorOffset="-195" TAnchorPoint="0" TAnchorOffset="13" RAnchorPoint="1" RAnchorOffset="-11" BAnchorPoint="0" BAnchorOffset="61" DT_VCENTER="1" DT_CENTER="1" Name="RightBottomCraftBtn" Text="" TextId="Tradeskills_LoadSchematic" DisabledTextColor="UI_BtnTextGreenDisabled" BGColor="ffffffff" TextColor="ffffffff" NormalTextColor="UI_BtnTextGreenNormal" PressedTextColor="UI_BtnTextGreenPressed" FlybyTextColor="UI_BtnTextGreenFlyby" PressedFlybyTextColor="UI_BtnTextGreenPressedFlyby" Tooltip="" TooltipId="Tradeskills_LoadSchematic" TooltipFont="CRB_InterfaceSmall_O" TooltipColor="" TooltipType="OnCursor" HideInEditor="1">
                    <Event Name="ButtonSignal" Function="OnRightBottomCraftBtn"/>
                </Control>
                <Control Class="Button" Base="CRB_Basekit:kitBtn_Metal_LargeGreen" Font="CRB_Button" ButtonType="PushButton" LAnchorPoint="1" LAnchorOffset="-195" TAnchorPoint="0" TAnchorOffset="13" RAnchorPoint="1" RAnchorOffset="-10" BAnchorPoint="0" BAnchorOffset="61" DT_VCENTER="1" DT_CENTER="1" Name="RightBottomSimpleCraftBtn" Text="" TextId="Tradeskills_SimpleCraft" DisabledTextColor="UI_BtnTextGreenDisabled" BGColor="ffffffff" TextColor="ffffffff" NormalTextColor="UI_BtnTextGreenNormal" PressedTextColor="UI_BtnTextGreenPressed" FlybyTextColor="UI_BtnTextGreenFlyby" PressedFlybyTextColor="UI_BtnTextGreenPressedFlyby" Tooltip="" TooltipId="Tradeskills_SimpleCraftTooltip" TooltipFont="CRB_InterfaceSmall_O" TooltipColor="" TooltipType="OnCursor" Visible="0" HideInEditor="0">
                    <Event Name="ButtonSignal" Function="OnRightBottomSimpleCraftBtn"/>
                </Control>
            </Control>
        </Control>
        <Control Class="Window" LAnchorPoint="0" LAnchorOffset="0" TAnchorPoint="0" TAnchorOffset="87" RAnchorPoint="0" RAnchorOffset="322" BAnchorPoint="1" BAnchorOffset="0" RelativeToClient="1" Font="Default" Text="" Template="Default" Name="LeftSideSearch" BGColor="ffffffff" TextColor="ffffffff" Sprite="" Picture="1" IgnoreMouse="1" TooltipColor="" Tooltip="" Visible="0" HideInEditor="0" NewWindowDepth="1">
            <Control Class="Window" LAnchorPoint="0" LAnchorOffset="0" TAnchorPoint="0" TAnchorOffset="0" RAnchorPoint="1" RAnchorOffset="0" BAnchorPoint="1" BAnchorOffset="0" RelativeToClient="1" Font="Default" Text="" Template="Metal_ScrollList" TooltipType="OnCursor" Name="LeftSideSearchResultsList" BGColor="ffffffff" TextColor="ffffffff" TooltipColor="" VScroll="1" IgnoreMouse="1" Border="1" UseTemplateBG="1"/>
            <Control Class="Button" Base="CRB_Basekit:kitBtn_Holo" Font="CRB_InterfaceMedium_B" ButtonType="PushButton" RadioGroup="" LAnchorPoint="0.5" LAnchorOffset="-300" TAnchorPoint="1" TAnchorOffset="-36" RAnchorPoint="0.5" RAnchorOffset="-180" BAnchorPoint="1" BAnchorOffset="-7" DT_VCENTER="1" DT_CENTER="1" TooltipType="OnCursor" Name="LeftSideSearchClearBtn" BGColor="ffffffff" TextColor="ffffffff" TooltipColor="" NormalTextColor="ff2f94ac" PressedTextColor="ff31fcf6" FlybyTextColor="ff31fcf6" PressedFlybyTextColor="ff31fcf6" DisabledTextColor="ffffffff" Text="" TextId="Tradeskills_ClearSearch" Visible="1" RelativeToClient="1">
                <Event Name="ButtonSignal" Function="OnSearchTopLeftClearBtn"/>
            </Control>
            <Event Name="MouseButtonDown" Function="ClearSearchBoxFocus"/>
        </Control>
        <Control Class="Window" LAnchorPoint="0" LAnchorOffset="-3" TAnchorPoint="0" TAnchorOffset="-43" RAnchorPoint="0" RAnchorOffset="325" BAnchorPoint="0" BAnchorOffset="70" RelativeToClient="1" Font="Default" Text="" Template="Default" TooltipType="OnCursor" Name="GradientShadow" BGColor="ffffffff" TextColor="ffffffff" TooltipColor="" Sprite="BK3:UI_BK3_GradientShade" Picture="1" IgnoreMouse="1" Border="0" UseTemplateBG="0" NewControlDepth="5" Sizable="0" Moveable="0" HideInEditor="0"/>
        <Control Class="Window" LAnchorPoint="0" LAnchorOffset="317" TAnchorPoint="0" TAnchorOffset="-12" RAnchorPoint="0" RAnchorOffset="336" BAnchorPoint="1" BAnchorOffset="14" RelativeToClient="1" Font="Default" Text="" Template="Default" TooltipType="OnCursor" Name="DividerBG" BGColor="ffffffff" TextColor="ffffffff" TooltipColor="" Picture="1" IgnoreMouse="1" Sprite="BK3:UI_BK3_Metal_Inset_Divider_V" NewControlDepth="1" NoClip="1" NewWindowDepth="1"/>
    </Form>
    <Form Class="Window" LAnchorPoint="0" LAnchorOffset="0" TAnchorPoint="0" TAnchorOffset="0" RAnchorPoint="1" RAnchorOffset="0" BAnchorPoint="0" BAnchorOffset="70" RelativeToClient="1" Font="Default" Text="" Template="Default" TooltipType="OnCursor" Name="TopLevel" Overlapped="1" BGColor="ffffffff" TextColor="ffffffff" TooltipColor="" IgnoreMouse="1" Tooltip="" Sprite="BK3:sprMetal_ExpandMenu_Large_Framing" Picture="1">
        <Control Class="Button" Base="BK3:btnMetal_ExpandMenu_Large" Font="Thick" ButtonType="Check" RadioGroup="" LAnchorPoint="0" LAnchorOffset="5" TAnchorPoint="0" TAnchorOffset="5" RAnchorPoint="1" RAnchorOffset="-5" BAnchorPoint="0" BAnchorOffset="70" DT_VCENTER="1" DT_CENTER="1" TooltipType="OnCursor" Name="TopLevelBtn" BGColor="ffffffff" TextColor="ffffffff" TooltipColor="" NormalTextColor="ffffffff" PressedTextColor="ffffffff" FlybyTextColor="ffffffff" PressedFlybyTextColor="ffffffff" DisabledTextColor="ffffffff" GlobalRadioGroup="TradeskillSchematics_TopLevelBtn" RadioDisallowNonSelection="0" RelativeToClient="1" NeverBringToFront="1" IgnoreMouse="0">
            <Event Name="ButtonCheck" Function="OnTopLevelBtnToggle"/>
            <Event Name="ButtonUncheck" Function="OnTopLevelBtnToggle"/>
        </Control>
        <Control Class="Window" LAnchorPoint="0" LAnchorOffset="20" TAnchorPoint="0" TAnchorOffset="5" RAnchorPoint="1" RAnchorOffset="-45" BAnchorPoint="0" BAnchorOffset="65" RelativeToClient="1" Font="CRB_HeaderMedium" Text="" Template="Default" TooltipType="OnCursor" Name="TopLevelBtnText" BGColor="ffffffff" TextColor="UI_BtnTextGoldListNormal" TooltipColor="" TextId="CRB__2" DT_VCENTER="1"/>
        <Control Class="Window" LAnchorPoint="0" LAnchorOffset="20" TAnchorPoint="0" TAnchorOffset="75" RAnchorPoint="1" RAnchorOffset="-20" BAnchorPoint="1" BAnchorOffset="-10" RelativeToClient="1" Font="Default" Text="" Template="Default" TooltipType="OnCursor" Name="TopLevelItems" BGColor="ffffffff" TextColor="ffffffff" TooltipColor="" Tooltip=""/>
    </Form>
    <Form Class="Window" LAnchorPoint="0" LAnchorOffset="0" TAnchorPoint="0" TAnchorOffset="0" RAnchorPoint="1" RAnchorOffset="0" BAnchorPoint="0" BAnchorOffset="42" RelativeToClient="1" Font="Default" Text="" Template="Default" TooltipType="OnCursor" Name="MiddleLevel" Overlapped="1" BGColor="ffffffff" TextColor="ffffffff" TooltipColor="" IgnoreMouse="1" Tooltip="" Sprite="" Border="0" Picture="1">
        <Control Class="Button" Base="BK3:btnMetal_ExpandMenu_Med" Font="Thick" ButtonType="Check" RadioGroup="" LAnchorPoint="0" LAnchorOffset="0" TAnchorPoint="0" TAnchorOffset="0" RAnchorPoint="1" RAnchorOffset="0" BAnchorPoint="0" BAnchorOffset="41" DT_VCENTER="1" DT_CENTER="1" TooltipType="OnCursor" Name="MiddleLevelBtn" BGColor="ffffffff" TextColor="ffffffff" TooltipColor="" NormalTextColor="ffffffff" PressedTextColor="ffffffff" FlybyTextColor="ffffffff" PressedFlybyTextColor="ffffffff" DisabledTextColor="ffffffff" GlobalRadioGroup="TradeskillSchematics_GlobalRadioGroup_MiddleLevelBtn" Tooltip="" IgnoreMouse="0" RelativeToClient="1" NeverBringToFront="1">
            <Event Name="ButtonCheck" Function="OnMiddleLevelBtnToggle"/>
            <Event Name="ButtonUncheck" Function="OnMiddleLevelBtnToggle"/>
        </Control>
        <Control Class="Window" LAnchorPoint="0" LAnchorOffset="15" TAnchorPoint="0" TAnchorOffset="0" RAnchorPoint="1" RAnchorOffset="-50" BAnchorPoint="0" BAnchorOffset="42" RelativeToClient="1" Font="CRB_InterfaceMedium_BB" Text="" Template="Default" TooltipType="OnCursor" Name="MiddleLevelBtnText" BGColor="ffffffff" TextColor="UI_BtnTextGoldListNormal" TooltipColor="" TextId="CRB__2" DT_CENTER="0" DT_VCENTER="1" Tooltip=""/>
        <Control Class="Window" LAnchorPoint="0" LAnchorOffset="10" TAnchorPoint="0" TAnchorOffset="47" RAnchorPoint="1" RAnchorOffset="-10" BAnchorPoint="1" BAnchorOffset="0" RelativeToClient="1" Font="Default" Text="" Template="Default" TooltipType="OnCursor" Name="MiddleLevelItems" BGColor="ffffffff" TextColor="ffffffff" TooltipColor=""/>
        <Control Class="Window" LAnchorPoint="0" LAnchorOffset="0" TAnchorPoint="0" TAnchorOffset="0" RAnchorPoint="1" RAnchorOffset="0" BAnchorPoint="1" BAnchorOffset="0" RelativeToClient="1" Font="Default" Text="" Template="Default" TooltipType="OnCursor" Name="MiddleGroupFrame" BGColor="ffffffff" TextColor="ffffffff" TooltipColor="" Sprite="BK3:sprMetal_ExpandMenu_MedSmall_Framing" Picture="1" IgnoreMouse="1" NewControlDepth="1"/>
    </Form>
    <Form Class="Window" LAnchorPoint="0" LAnchorOffset="0" TAnchorPoint="0" TAnchorOffset="0" RAnchorPoint="1" RAnchorOffset="0" BAnchorPoint="0" BAnchorOffset="32" RelativeToClient="1" Font="Default" Text="" Template="Default" Name="BottomItem" Border="0" Picture="0" SwallowMouseClicks="1" Overlapped="1" BGColor="eeffffff" TextColor="ffffffff" TextId="" TooltipColor="" Tooltip="">
        <Control Class="Button" Base="BK3:btnMetal_ExpandMenu_Small" Font="Thick" ButtonType="Check" LAnchorPoint="0" LAnchorOffset="0" TAnchorPoint="0" TAnchorOffset="0" RAnchorPoint="1" RAnchorOffset="0" BAnchorPoint="1" BAnchorOffset="0" Name="BottomItemBtn" GlobalRadioGroup="TradeskillSchematics_BottomItemBtn" RadioDisallowNonSelection="0" BGColor="ffffffff" TextColor="ffffffff" NormalTextColor="ffffffff" PressedTextColor="ffffffff" FlybyTextColor="ffffffff" PressedFlybyTextColor="ffffffff" DisabledTextColor="ffffffff" RadioGroup="" TooltipColor="" Tooltip="" RelativeToClient="1">
            <Event Name="MouseEnter" Function="OnFilterBtnMouseEnter"/>
            <Event Name="MouseExit" Function="OnFilterBtnMouseExit"/>
            <Event Name="ButtonCheck" Function="OnBottomItemCheck"/>
            <Control Class="Window" LAnchorPoint="0" LAnchorOffset="10" TAnchorPoint="0" TAnchorOffset="0" RAnchorPoint="1" RAnchorOffset="-55" BAnchorPoint="1" BAnchorOffset="0" RelativeToClient="1" Font="CRB_InterfaceMedium_B" Text="" Template="Default" Name="BottomItemBtnText" TextId="CRB__2" BGColor="ffffffff" TextColor="UI_BtnTextGoldListPressed" TooltipType="OnCursor" TooltipColor="" DT_VCENTER="1" DT_WORDBREAK="1"/>
            <Control Class="Window" LAnchorPoint="1" LAnchorOffset="-52" TAnchorPoint="0.5" TAnchorOffset="-11" RAnchorPoint="1" RAnchorOffset="-30" BAnchorPoint="0.5" BAnchorOffset="11" RelativeToClient="1" Font="Default" Text="" Template="Default" TooltipType="OnCursor" Name="BottomItemLockIcon" BGColor="ffffffff" TextColor="ffffffff" TooltipColor="" Picture="1" IgnoreMouse="1" Sprite="Crafting_RunecraftingSprites:sprRunecrafting_BulletPoint_Lock" Visible="0" Tooltip="" HideInEditor="0" NewControlDepth="1"/>
            <Control Class="Window" LAnchorPoint="1" LAnchorOffset="-51" TAnchorPoint="0.5" TAnchorOffset="-9" RAnchorPoint="1" RAnchorOffset="-33" BAnchorPoint="0.5" BAnchorOffset="9" RelativeToClient="1" Font="Default" Text="" Template="Default" TooltipType="OnCursor" Name="BottomItemOneTimeIcon" BGColor="ffffffff" TextColor="ffffffff" TooltipColor="" Picture="1" IgnoreMouse="1" Sprite="CRB_Basekit:kitIcon_Metal_CircleExclamation" Visible="0" Tooltip=""/>
            <Control Class="Window" LAnchorPoint="1" LAnchorOffset="-52" TAnchorPoint="0.5" TAnchorOffset="-11" RAnchorPoint="1" RAnchorOffset="-30" BAnchorPoint="0.5" BAnchorOffset="11" RelativeToClient="1" Font="Default" Text="" Template="Default" TooltipType="OnCursor" Name="BottomItemMatsWarningIcon" BGColor="ffffffff" TextColor="ffffffff" TooltipColor="" Picture="1" IgnoreMouse="1" Sprite="CRB_Basekit:kitIcon_Holo_InterfacesDisabled" Visible="0" Tooltip="" TooltipFont="CRB_Interface9_O" TooltipId="Tradeskill_NoMaterials" HideInEditor="1" NewControlDepth="1"/>
            <Event Name="ButtonUncheck" Function="OnBottomItemUncheck"/>
        </Control>
    </Form>
    <Form Class="Window" LAnchorPoint="0" LAnchorOffset="0" TAnchorPoint="0" TAnchorOffset="0" RAnchorPoint="0.5" RAnchorOffset="0" BAnchorPoint="0" BAnchorOffset="54" RelativeToClient="1" Font="Default" Text="" Template="Default" TooltipType="OnCursor" Name="MaterialsItem" BGColor="ffffffff" TextColor="ffffffff" TooltipColor="" Picture="1" IgnoreMouse="1" Sprite="" Tooltip="" Overlapped="1" IgnoreTooltipDelay="1" TooltipFont="CRB_InterfaceSmall_O">
        <Control Class="Window" LAnchorPoint="0" LAnchorOffset="6" TAnchorPoint="0" TAnchorOffset="6" RAnchorPoint="0" RAnchorOffset="49" BAnchorPoint="1" BAnchorOffset="-5" RelativeToClient="1" Font="CRB_InterfaceSmall_O" Text="" Template="Default" TooltipType="OnCursor" Name="MaterialsIcon" BGColor="ffffffff" TextColor="ffffffff" TooltipColor="" Picture="1" IgnoreMouse="1" Sprite="ClientSprites:Icon_ItemArmorHead_goggles_0001" TextId="CRB_1" DT_RIGHT="1" DT_BOTTOM="1" IgnoreTooltipDelay="1" DT_WORDBREAK="1"/>
        <Control Class="Window" LAnchorPoint="0" LAnchorOffset="6" TAnchorPoint="0" TAnchorOffset="6" RAnchorPoint="0" RAnchorOffset="49" BAnchorPoint="1" BAnchorOffset="-5" RelativeToClient="1" Font="Default" Text="" Template="Default" Name="MaterialsIconNotEnough" BGColor="9d660000" TextColor="ffffffff" Tooltip="" Picture="1" IgnoreMouse="1" Sprite="ClientSprites:WhiteFill" Visible="0" NewControlDepth="1" TooltipColor="" TooltipType="OnCursor" HideInEditor="0"/>
        <Control Class="Window" LAnchorPoint="0" LAnchorOffset="55" TAnchorPoint="0" TAnchorOffset="4" RAnchorPoint="1" RAnchorOffset="-6" BAnchorPoint="1" BAnchorOffset="-7" RelativeToClient="1" Font="CRB_InterfaceMedium_B" Text="" Template="Default" TooltipType="OnCursor" Name="MaterialsName" BGColor="ffffffff" TextColor="UI_TextHoloBody" TooltipColor="" TextId="CRB__2" DT_VCENTER="1" DT_WORDBREAK="1"/>
        <Pixie LAnchorPoint="0" LAnchorOffset="0" TAnchorPoint="0" TAnchorOffset="0" RAnchorPoint="1" RAnchorOffset="-1" BAnchorPoint="1" BAnchorOffset="-1" Sprite="BK3:UI_BK3_Holo_InsetSimple" BGColor="white" TextColor="black" Rotation="0" Font="Default"/>
    </Form>
    <Form Class="Window" LAnchorPoint="0" LAnchorOffset="0" TAnchorPoint="0" TAnchorOffset="0" RAnchorPoint="0.5" RAnchorOffset="0" BAnchorPoint="0" BAnchorOffset="54" RelativeToClient="1" Font="Default" Text="" Template="Default" TooltipType="OnCursor" Name="SubrecipesItem" BGColor="ffffffff" TextColor="ffffffff" TooltipColor="" Picture="1" IgnoreMouse="1" Sprite="" Tooltip="" Overlapped="1" IgnoreTooltipDelay="1">
        <Control Class="Window" LAnchorPoint="0" LAnchorOffset="4" TAnchorPoint="0" TAnchorOffset="4" RAnchorPoint="0" RAnchorOffset="49" BAnchorPoint="1" BAnchorOffset="-5" RelativeToClient="1" Font="CRB_InterfaceMedium_B" Text="" Template="Default" TooltipType="OnCursor" Name="SubrecipesLeftIcon" BGColor="ffffffff" TextColor="ffffffff" TooltipColor="" Picture="1" IgnoreMouse="1" Sprite="CRB_Basekit:kitIcon_Holo_QuestionMark" TextId="" DT_RIGHT="1" DT_BOTTOM="1" IgnoreTooltipDelay="1" NewControlDepth="1" DT_WORDBREAK="1"/>
        <Control Class="Window" LAnchorPoint="0" LAnchorOffset="4" TAnchorPoint="0" TAnchorOffset="4" RAnchorPoint="0" RAnchorOffset="49" BAnchorPoint="1" BAnchorOffset="-5" RelativeToClient="1" Font="Default" Text="" Template="Default" TooltipType="OnCursor" Name="SubrecipesLeftLockedBG" BGColor="ccffffff" TextColor="ffffffff" TooltipColor="" Sprite="ClientSprites:BlackFill" Picture="1" IgnoreMouse="1" Visible="0" NewControlDepth="1" HideInEditor="0">
            <Pixie LAnchorPoint="0" LAnchorOffset="6" TAnchorPoint="0" TAnchorOffset="6" RAnchorPoint="1" RAnchorOffset="-6" BAnchorPoint="1" BAnchorOffset="-6" BGColor="ffffffff" Font="Default" TextColor="ffffffff" Text="" Sprite="ClientSprites:Icon_Windows_UI_CRB_Lock_Holo" Line="0"/>
        </Control>
        <Control Class="Window" LAnchorPoint="0" LAnchorOffset="4" TAnchorPoint="0" TAnchorOffset="4" RAnchorPoint="0" RAnchorOffset="49" BAnchorPoint="1" BAnchorOffset="-5" RelativeToClient="1" Font="Default" Text="" Template="Default" TooltipType="OnCursor" Name="SubrecipesLeftDiscoverableBG" BGColor="ccffffff" TextColor="ffffffff" TooltipColor="" Sprite="ClientSprites:BlackFill" Picture="1" IgnoreMouse="1" Visible="0" NewControlDepth="1" HideInEditor="0">
            <Pixie LAnchorPoint="0" LAnchorOffset="6" TAnchorPoint="0" TAnchorOffset="6" RAnchorPoint="1" RAnchorOffset="-6" BAnchorPoint="1" BAnchorOffset="-6" BGColor="ffffffff" Font="Default" TextColor="ffffffff" Text="" Sprite="IconSprites:Icon_Mission_Explorer_ScavengerHunt" Line="0"/>
        </Control>
        <Control Class="Window" LAnchorPoint="0" LAnchorOffset="55" TAnchorPoint="0" TAnchorOffset="4" RAnchorPoint="1" RAnchorOffset="-6" BAnchorPoint="1" BAnchorOffset="-7" RelativeToClient="1" Font="CRB_InterfaceMedium_B" Text="" Template="Default" TooltipType="OnCursor" Name="SubrecipesLeftName" BGColor="ffffffff" TextColor="UI_TextHoloBody" TooltipColor="" TextId="CRB__2" DT_VCENTER="1" DT_WORDBREAK="1" IgnoreMouse="1"/>
        <Pixie LAnchorPoint="0" LAnchorOffset="0" TAnchorPoint="0" TAnchorOffset="0" RAnchorPoint="1" RAnchorOffset="-1" BAnchorPoint="1" BAnchorOffset="-1" BGColor="ffffffff" Font="Default" TextColor="ffffffff" Text="" Sprite="BK3:UI_BK3_Holo_InsetSimple" Line="0"/>
    </Form>
</Forms>
