<?xml version="1.0" encoding="UTF-8" standalone="yes" ?>
<Forms>
    <Form Class="Window" LAnchorPoint="0" LAnchorOffset="0" TAnchorPoint="0" TAnchorOffset="35" RAnchorPoint="0" RAnchorOffset="790" BAnchorPoint="1" BAnchorOffset="-35" RelativeToClient="1" Font="Default" Text="" Template="Default" Name="MarketplaceCommodityForm" Moveable="1" Escapable="1" BGColor="white" TextColor="white" TooltipColor="" Tooltip="" TextId="" Sizable="1" Overlapped="1">
        <Control Class="Window" LAnchorPoint="0" LAnchorOffset="268" TAnchorPoint="0" TAnchorOffset="196" RAnchorPoint="1" RAnchorOffset="-25" BAnchorPoint="1" BAnchorOffset="-25" RelativeToClient="1" Font="Default" Text="" Template="Holo_Background_General" TooltipType="OnCursor" Name="HoloBG" BGColor="white" TextColor="white" TooltipColor="" Sprite="" Picture="0" IgnoreMouse="1" NewControlDepth="1" Border="1" UseTemplateBG="1" HideInEditor="0"/>
        <Control Class="Window" LAnchorPoint="0" LAnchorOffset="277" TAnchorPoint="0" TAnchorOffset="140" RAnchorPoint="1" RAnchorOffset="-29" BAnchorPoint="0" BAnchorOffset="207" RelativeToClient="1" Font="Default" Text="" Template="Default" TooltipType="OnCursor" Name="MetalHeader" BGColor="white" TextColor="white" TooltipColor="" Sprite="Market:UI_Auction_Header" Picture="1" IgnoreMouse="1" NewControlDepth="2"/>
        <Control Class="Window" LAnchorPoint="0" LAnchorOffset="282" TAnchorPoint="0" TAnchorOffset="210" RAnchorPoint="1" RAnchorOffset="-35" BAnchorPoint="1" BAnchorOffset="-30" RelativeToClient="1" Font="CRB_InterfaceMedium" Text="" Template="Holo_ScrollList" TooltipType="OnCursor" Name="MainScrollContainer" BGColor="white" TextColor="UI_TextHoloBodyHighlight" TooltipColor="" VScroll="1" IgnoreMouse="1" DT_CENTER="1" DT_VCENTER="1" TextId="Challenges_NoProgress" Tooltip="" Border="1" UseTemplateBG="1" HideInEditor="0"/>
        <Control Class="Window" LAnchorPoint="0" LAnchorOffset="30" TAnchorPoint="0" TAnchorOffset="138" RAnchorPoint="0" RAnchorOffset="270" BAnchorPoint="1" BAnchorOffset="-25" RelativeToClient="1" Font="Default" Text="" Template="Metal_ScrollList" TooltipType="OnCursor" Name="MainCategoryContainer" BGColor="white" TextColor="white" TooltipColor="" VScroll="1" IgnoreMouse="1" Visible="1" Border="1" UseTemplateBG="1"/>
        <Control Class="Window" LAnchorPoint="0" LAnchorOffset="20" TAnchorPoint="0" TAnchorOffset="136" RAnchorPoint="0" RAnchorOffset="274" BAnchorPoint="1" BAnchorOffset="-20" RelativeToClient="1" Font="Default" Text="" Template="Default" TooltipType="OnCursor" Name="MainCategorySellBlocker" BGColor="white" TextColor="white" TooltipColor="" Picture="1" IgnoreMouse="1" Sprite="CRB_Basekit:kitBtn_List_MetalBorderNormal" NewControlDepth="4" HideInEditor="1"/>
        <Control Class="Window" LAnchorPoint="0" LAnchorOffset="285" TAnchorPoint="0" TAnchorOffset="146" RAnchorPoint="1" RAnchorOffset="-296" BAnchorPoint="0" BAnchorOffset="196" RelativeToClient="1" Font="Default" Text="" Template="Default" TooltipType="OnCursor" Name="SearchContainer" BGColor="white" TextColor="white" TooltipColor="" Picture="1" IgnoreMouse="1" Sprite="" NewControlDepth="1" Tooltip="">
            <Control Class="Window" LAnchorPoint="0" LAnchorOffset="6" TAnchorPoint="0" TAnchorOffset="8" RAnchorPoint="1" RAnchorOffset="-18" BAnchorPoint="1" BAnchorOffset="-5" RelativeToClient="1" Font="Default" Text="" Template="Default" TooltipType="OnCursor" Name="SearchFrame" BGColor="white" TextColor="white" TooltipColor="" Sprite="BK3:UI_BK3_Metal_SearchInput" Picture="1" IgnoreMouse="1" NewControlDepth="1"/>
            <Control Class="Button" Base="BK3:btnMetal_Search" Font="Thick" ButtonType="PushButton" RadioGroup="" LAnchorPoint="1" LAnchorOffset="-57" TAnchorPoint="0" TAnchorOffset="8" RAnchorPoint="1" RAnchorOffset="-19" BAnchorPoint="1" BAnchorOffset="-5" DT_VCENTER="1" DT_CENTER="1" TooltipType="OnCursor" Name="SearchCommitBtn" BGColor="white" TextColor="white" TooltipColor="" NormalTextColor="white" PressedTextColor="white" FlybyTextColor="white" PressedFlybyTextColor="white" DisabledTextColor="white" TooltipFont="CRB_InterfaceSmall_O" Tooltip="" TooltipId="MarketplaceCommodity_ClickToSearch">
                <Event Name="ButtonSignal" Function="OnSearchCommitBtn"/>
            </Control>
            <Control Class="EditBox" LAnchorPoint="0" LAnchorOffset="20" TAnchorPoint="0.5" TAnchorOffset="-12" RAnchorPoint="1" RAnchorOffset="-75" BAnchorPoint="0.5" BAnchorOffset="14" RelativeToClient="1" Font="CRB_InterfaceMedium_B" Text="" Template="Default" Name="SearchEditBox" BGColor="white" TextColor="UI_TextMetalBodyHighlight" TextId="" DT_VCENTER="1" PromptTextId="CRB_Search" PromptFont="CRB_InterfaceMedium" ClearOnEscape="0" TooltipColor="" Tooltip="" AutoScaleText="1">
                <Event Name="EditBoxChanged" Function="OnSearchEditBoxChanged"/>
                <Event Name="WindowLostFocus" Function="OnSearchCommitBtn"/>
                <Event Name="EditBoxReturn" Function="OnSearchCommitBtn"/>
            </Control>
            <Control Class="Button" Base="BK3:btnMetal_SearchClear" Font="Thick" ButtonType="PushButton" RadioGroup="" LAnchorPoint="1" LAnchorOffset="-82" TAnchorPoint="0" TAnchorOffset="8" RAnchorPoint="1" RAnchorOffset="-45" BAnchorPoint="1" BAnchorOffset="-5" DT_VCENTER="1" DT_CENTER="1" TooltipType="OnCursor" Name="SearchClearBtn" BGColor="white" TextColor="white" TooltipColor="" NormalTextColor="white" PressedTextColor="white" FlybyTextColor="white" PressedFlybyTextColor="white" DisabledTextColor="white" Visible="0" Tooltip="" TooltipId="Tradeskills_ClearSearch" RelativeToClient="1" TooltipFont="CRB_InterfaceSmall_O">
                <Event Name="ButtonSignal" Function="OnSearchClearBtn"/>
            </Control>
        </Control>
        <Control Class="Window" LAnchorPoint="1" LAnchorOffset="-317" TAnchorPoint="0" TAnchorOffset="148" RAnchorPoint="1" RAnchorOffset="-114" BAnchorPoint="0" BAnchorOffset="611" RelativeToClient="1" Font="Default" Text="" Template="Default" TooltipType="OnCursor" Name="FilterContainer" BGColor="white" TextColor="white" TooltipColor="" HideInEditor="1">
            <Control Class="Window" LAnchorPoint="0" LAnchorOffset="0" TAnchorPoint="0" TAnchorOffset="41" RAnchorPoint="1" RAnchorOffset="0" BAnchorPoint="1" BAnchorOffset="0" RelativeToClient="1" Font="Default" Text="" Template="Default" TooltipType="OnCursor" Name="FilterOptionsContainer" BGColor="white" TextColor="white" TooltipColor="" Picture="1" IgnoreMouse="1" Sprite="CRB_Basekit:kitBase_MetalGrey_Tiny" NewControlDepth="5" Visible="0" CloseOnExternalClick="1" HideInEditor="0" Tooltip="">
                <Pixie LAnchorPoint="0" LAnchorOffset="0" TAnchorPoint="0" TAnchorOffset="0" RAnchorPoint="1" RAnchorOffset="0" BAnchorPoint="1" BAnchorOffset="0" BGColor="white" Font="Default" TextColor="white" Text="" Sprite="BK3:sprMetal_ExpandMenu_MedSmall_Framing" Line="0"/>
                <Control Class="Button" Base="BK3:btnMetal_ExpandMenu_NoNav" Font="CRB_InterfaceSmall" ButtonType="Check" RadioGroup="" LAnchorPoint="0" LAnchorOffset="10" TAnchorPoint="0" TAnchorOffset="31" RAnchorPoint="1" RAnchorOffset="-10" BAnchorPoint="0" BAnchorOffset="61" DT_VCENTER="1" DT_CENTER="1" TooltipType="OnCursor" Name="FilterOptionsShowAll" BGColor="white" TextColor="white" TooltipColor="" NormalTextColor="UI_BtnTextGoldListNormal" PressedTextColor="UI_BtnTextGoldListPressed" FlybyTextColor="UI_BtnTextGoldListFlyby" PressedFlybyTextColor="UI_BtnTextGoldListPressedFlyby" DisabledTextColor="UI_BtnTextGoldListDisabled" Text="" TextId="MarketplaceCommodity_ShowAvailableOnly">
                    <Control Class="Window" LAnchorPoint="0" LAnchorOffset="0" TAnchorPoint="0" TAnchorOffset="4" RAnchorPoint="0" RAnchorOffset="22" BAnchorPoint="1" BAnchorOffset="-4" RelativeToClient="1" Font="Default" Text="" Template="Default" TooltipType="OnCursor" Name="FilterOptionsShowAllCheck" BGColor="white" TextColor="white" TooltipColor="" Picture="1" IgnoreMouse="1" Sprite="sprRaid_RedXClose_Centered" NewControlDepth="1"/>
                    <Event Name="ButtonCheck" Function="OnFilterOptionsShowAllToggle"/>
                    <Event Name="ButtonUncheck" Function="OnFilterOptionsShowAllToggle"/>
                </Control>
                <Control Class="Window" LAnchorPoint="0" LAnchorOffset="13" TAnchorPoint="1" TAnchorOffset="-334" RAnchorPoint="0.5" RAnchorOffset="-11" BAnchorPoint="1" BAnchorOffset="-284" RelativeToClient="1" Font="Default" Text="" Template="Default" TooltipType="OnCursor" Name="FilterOptionsLevelMinContainer" BGColor="white" TextColor="white" TooltipColor="" Sprite="CRB_Basekit:kitInnerFrame_MetalGold_Small" Picture="1" IgnoreMouse="1">
                    <Control Class="Button" Base="OldMetalSprites:OldMetalUpButton" Font="Thick" ButtonType="PushButton" RadioGroup="" LAnchorPoint="1" LAnchorOffset="-23" TAnchorPoint="0" TAnchorOffset="11" RAnchorPoint="1" RAnchorOffset="0" BAnchorPoint="0.5" BAnchorOffset="0" DT_VCENTER="1" DT_CENTER="1" TooltipType="OnCursor" Name="FilterOptionsLevelUpBtn" BGColor="white" TextColor="white" TooltipColor="" NormalTextColor="white" PressedTextColor="white" FlybyTextColor="white" PressedFlybyTextColor="white" DisabledTextColor="white" Tooltip="" TooltipId="">
                        <Event Name="ButtonSignal" Function="OnFilterOptionsLevelUpBtn"/>
                    </Control>
                    <Control Class="Button" Base="OldMetalSprites:OldMetalDownButton" Font="Thick" ButtonType="PushButton" RadioGroup="" LAnchorPoint="1" LAnchorOffset="-23" TAnchorPoint="1" TAnchorOffset="-22" RAnchorPoint="1" RAnchorOffset="0" BAnchorPoint="1" BAnchorOffset="0" DT_VCENTER="1" DT_CENTER="1" TooltipType="OnCursor" Name="FilterOptionsLevelDownBtn" BGColor="white" TextColor="white" TooltipColor="" NormalTextColor="white" PressedTextColor="white" FlybyTextColor="white" PressedFlybyTextColor="white" DisabledTextColor="white" Tooltip="" TooltipId="">
                        <Event Name="ButtonSignal" Function="OnFilterOptionsLevelDownBtn"/>
                    </Control>
                    <Control Class="EditBox" LAnchorPoint="0" LAnchorOffset="16" TAnchorPoint="0" TAnchorOffset="12" RAnchorPoint="1" RAnchorOffset="-24" BAnchorPoint="1" BAnchorOffset="-8" RelativeToClient="1" Font="CRB_InterfaceMedium_B" Text="" Template="Default" TooltipType="OnCursor" Name="FilterOptionsLevelEditBox" BGColor="white" TextColor="white" TooltipColor="" DT_VCENTER="1" TextId="">
                        <Event Name="EditBoxChanged" Function="OnFilterEditBoxChanged"/>
                        <Event Name="EditBoxReturn" Function="OnRefreshBtn"/>
                    </Control>
                </Control>
                <Control Class="Window" LAnchorPoint="0.5" LAnchorOffset="10" TAnchorPoint="1" TAnchorOffset="-334" RAnchorPoint="1" RAnchorOffset="-14" BAnchorPoint="1" BAnchorOffset="-284" RelativeToClient="1" Font="Default" Text="" Template="Default" TooltipType="OnCursor" Name="FilterOptionsLevelMaxContainer" BGColor="white" TextColor="white" TooltipColor="" Sprite="CRB_Basekit:kitInnerFrame_MetalGold_Small" Picture="1" IgnoreMouse="1">
                    <Control Class="Button" Base="OldMetalSprites:OldMetalUpButton" Font="Thick" ButtonType="PushButton" RadioGroup="" LAnchorPoint="1" LAnchorOffset="-23" TAnchorPoint="0" TAnchorOffset="11" RAnchorPoint="1" RAnchorOffset="0" BAnchorPoint="0.5" BAnchorOffset="0" DT_VCENTER="1" DT_CENTER="1" TooltipType="OnCursor" Name="FilterOptionsLevelUpBtn" BGColor="white" TextColor="white" TooltipColor="" NormalTextColor="white" PressedTextColor="white" FlybyTextColor="white" PressedFlybyTextColor="white" DisabledTextColor="white" Tooltip="" TooltipId="">
                        <Event Name="ButtonSignal" Function="OnFilterOptionsLevelUpBtn"/>
                    </Control>
                    <Control Class="Button" Base="OldMetalSprites:OldMetalDownButton" Font="Thick" ButtonType="PushButton" RadioGroup="" LAnchorPoint="1" LAnchorOffset="-23" TAnchorPoint="1" TAnchorOffset="-22" RAnchorPoint="1" RAnchorOffset="0" BAnchorPoint="1" BAnchorOffset="0" DT_VCENTER="1" DT_CENTER="1" TooltipType="OnCursor" Name="FilterOptionsLevelDownBtn" BGColor="white" TextColor="white" TooltipColor="" NormalTextColor="white" PressedTextColor="white" FlybyTextColor="white" PressedFlybyTextColor="white" DisabledTextColor="white" Tooltip="" TooltipId="">
                        <Event Name="ButtonSignal" Function="OnFilterOptionsLevelDownBtn"/>
                    </Control>
                    <Control Class="EditBox" LAnchorPoint="0" LAnchorOffset="16" TAnchorPoint="0" TAnchorOffset="12" RAnchorPoint="1" RAnchorOffset="-24" BAnchorPoint="1" BAnchorOffset="-8" RelativeToClient="1" Font="CRB_InterfaceMedium_B" Text="" Template="Default" TooltipType="OnCursor" Name="FilterOptionsLevelEditBox" BGColor="white" TextColor="white" TooltipColor="" DT_VCENTER="1" TextId="">
                        <Event Name="EditBoxChanged" Function="OnFilterEditBoxChanged"/>
                        <Event Name="EditBoxReturn" Function="OnRefreshBtn"/>
                    </Control>
                </Control>
                <Control Class="Window" LAnchorPoint="0" LAnchorOffset="10" TAnchorPoint="1" TAnchorOffset="-258" RAnchorPoint="1" RAnchorOffset="-10" BAnchorPoint="1" BAnchorOffset="-48" RelativeToClient="1" Font="Default" Text="" Template="Default" TooltipType="OnCursor" Name="FilterOptionsRarityList" BGColor="white" TextColor="white" TooltipColor=""/>
                <Control Class="Button" Base="BK3:btnMetal_ExpandMenu_NoNav" Font="CRB_Button" ButtonType="PushButton" RadioGroup="" LAnchorPoint="0" LAnchorOffset="5" TAnchorPoint="1" TAnchorOffset="-37" RAnchorPoint="1" RAnchorOffset="-5" BAnchorPoint="1" BAnchorOffset="-5" DT_VCENTER="1" DT_CENTER="1" TooltipType="OnCursor" Name="FilterOptionsRefreshBtn" BGColor="white" TextColor="white" TooltipColor="" NormalTextColor="UI_BtnTextGoldListNormal" PressedTextColor="UI_BtnTextGoldListPressed" FlybyTextColor="UI_BtnTextGoldListFlyby" PressedFlybyTextColor="UI_BtnTextGoldListPressedFlyby" DisabledTextColor="UI_BtnTextGoldListDisabled" Text="" TextId="CRB_Refresh" Tooltip="">
                    <Event Name="ButtonSignal" Function="OnRefreshBtn"/>
                </Control>
                <Pixie LAnchorPoint="0" LAnchorOffset="12" TAnchorPoint="1" TAnchorOffset="-280" RAnchorPoint="1" RAnchorOffset="-20" BAnchorPoint="1" BAnchorOffset="-266" BGColor="white" Font="CRB_InterfaceSmall" TextColor="UI_TextMetalBodyHighlight" Text="" TextId="MarketplaceCommodity_ItemRarityLabel" Line="0"/>
                <Pixie LAnchorPoint="0" LAnchorOffset="12" TAnchorPoint="1" TAnchorOffset="-352" RAnchorPoint="1" RAnchorOffset="-20" BAnchorPoint="1" BAnchorOffset="-332" BGColor="white" Font="CRB_InterfaceSmall" TextColor="UI_TextMetalBodyHighlight" Text="" TextId="MarketplaceCommodity_ItemLevelLabel" Line="0"/>
                <Pixie LAnchorPoint="0" LAnchorOffset="12" TAnchorPoint="1" TAnchorOffset="-329" RAnchorPoint="1" RAnchorOffset="-16" BAnchorPoint="1" BAnchorOffset="-290" BGColor="white" Font="CRB_InterfaceSmall" TextColor="UI_TextMetalBodyHighlight" Text="" TextId="MarketplaceAuction_To" DT_CENTER="1" DT_VCENTER="1" Line="0"/>
                <Event Name="WindowClosed" Function="OnFilterOptionsWindowClosed"/>
                <Pixie LAnchorPoint="0" LAnchorOffset="10" TAnchorPoint="0" TAnchorOffset="10" RAnchorPoint="1" RAnchorOffset="-20" BAnchorPoint="0" BAnchorOffset="36" BGColor="white" Font="CRB_InterfaceSmall" TextColor="UI_TextMetalBodyHighlight" Text="" TextId="MarketplaceCommodity_ShowColon" Line="0"/>
            </Control>
            <Control Class="Button" Base="BK3:btnMetal_DropDown" Font="CRB_InterfaceMedium_B" ButtonType="Check" RadioGroup="" LAnchorPoint="0" LAnchorOffset="0" TAnchorPoint="0" TAnchorOffset="6" RAnchorPoint="0" RAnchorOffset="107" BAnchorPoint="0" BAnchorOffset="42" DT_VCENTER="1" DT_CENTER="0" TooltipType="OnCursor" Name="FilterOptionsBtn" BGColor="white" TextColor="white" TooltipColor="" NormalTextColor="UI_BtnTextGoldListNormal" PressedTextColor="UI_BtnTextGoldListPressed" FlybyTextColor="UI_BtnTextGoldListFlyby" PressedFlybyTextColor="UI_BtnTextGoldListPressedFlyby" DisabledTextColor="UI_BtnTextGoldListDisabled" RelativeToClient="1" Text="" TextId="MarketplaceCommodity_ViewFilters" NewControlDepth="1" Tooltip="" ButtonTextXMargin="10">
                <Event Name="ButtonSignal" Function="YourFunctionName"/>
            </Control>
            <Control Class="Button" Base="CRB_Basekit:kitBtn_Holo_Close" Font="Thick" ButtonType="PushButton" RadioGroup="" LAnchorPoint="0" LAnchorOffset="77" TAnchorPoint="0" TAnchorOffset="14" RAnchorPoint="0" RAnchorOffset="98" BAnchorPoint="0" BAnchorOffset="35" DT_VCENTER="1" DT_CENTER="1" TooltipType="OnCursor" Name="FilterClearBtn" BGColor="white" TextColor="white" TooltipColor="" NormalTextColor="white" PressedTextColor="white" FlybyTextColor="white" PressedFlybyTextColor="white" DisabledTextColor="white" Visible="0" TooltipFont="CRB_InterfaceSmall_O" Tooltip="" TooltipId="MarketplaceCommodity_ClearFilters" NewControlDepth="2">
                <Event Name="ButtonSignal" Function="OnResetFilterBtn"/>
            </Control>
        </Control>
        <Control Class="Button" Base="BK3:btnHolo_Blue_Med" Font="CRB_Button" ButtonType="PushButton" RadioGroup="" LAnchorPoint="0" LAnchorOffset="421" TAnchorPoint="0.5" TAnchorOffset="130" RAnchorPoint="1" RAnchorOffset="-194" BAnchorPoint="0.5" BAnchorOffset="203" DT_VCENTER="1" DT_CENTER="1" TooltipType="OnCursor" Name="EmptyListShowAllBtn" BGColor="white" TextColor="white" TooltipColor="" NormalTextColor="UI_BtnTextBlueNormal" PressedTextColor="UI_BtnTextBluePressed" FlybyTextColor="UI_BtnTextBlueFlyby" PressedFlybyTextColor="UI_BtnTextBluePressedFlyby" DisabledTextColor="UI_BtnTextHoloDisabled" Text="" TextId="MarketplaceCommodity_ViewUnavailableItems" Visible="0" HideInEditor="0">
            <Event Name="ButtonSignal" Function="OnEmptyListShowAllBtn"/>
        </Control>
        <Control Class="Button" Base="BK3:btnMetal_Flyout" Font="CRB_InterfaceMedium_B" ButtonType="PushButton" RadioGroup="" LAnchorPoint="1" LAnchorOffset="-215" TAnchorPoint="0" TAnchorOffset="154" RAnchorPoint="1" RAnchorOffset="-40" BAnchorPoint="0" BAnchorOffset="190" Name="OpenMarketListingsBtn" BGColor="white" TextColor="white" NormalTextColor="UI_BtnTextGoldListNormal" PressedTextColor="UI_BtnTextGoldListPressed" FlybyTextColor="UI_BtnTextGoldListFlyby" PressedFlybyTextColor="UI_BtnTextGoldListPressedFlyby" DisabledTextColor="UI_BtnTextGoldListDisabled" RelativeToClient="1" TooltipColor="" IgnoreTooltipDelay="1" TooltipType="OnCursor" TooltipFont="CRB_InterfaceSmall_O" Tooltip="" TooltipId="MarketplaceAuction_ViewMyListings" Text="" TextId="MarketplaceCommodity_OrderLimitCount" DT_CENTER="0" DT_VCENTER="1" ButtonTextXMargin="10" AutoScaleText="1">
            <Event Name="ButtonSignal" Function="OnOpenMarketListingsBtn"/>
        </Control>
        <Control Class="Window" LAnchorPoint="0" LAnchorOffset="25" TAnchorPoint="0" TAnchorOffset="138" RAnchorPoint="1" RAnchorOffset="-25" BAnchorPoint="1" BAnchorOffset="-25" RelativeToClient="1" Font="Default" Text="" Template="Default" TooltipType="OnCursor" Name="CommonAlertMessages" BGColor="white" TextColor="white" TooltipColor="" NewControlDepth="5" Visible="1" HideInEditor="1" Tooltip="">
            <Control Class="Window" LAnchorPoint="0" LAnchorOffset="249" TAnchorPoint="0" TAnchorOffset="0" RAnchorPoint="1" RAnchorOffset="0" BAnchorPoint="1" BAnchorOffset="0" RelativeToClient="1" Font="Default" Text="" Template="Default" TooltipType="OnCursor" Name="WaitingScreen" BGColor="white" TextColor="white" TooltipColor="" Sprite="BK3:UI_BK3_Metal_Framing_BlockerRight" Picture="1" IgnoreMouse="1" TransitionShowHide="1" Visible="0" HideInEditor="1" Tooltip="">
                <Pixie LAnchorPoint="0.5" LAnchorOffset="-24" TAnchorPoint="0.5" TAnchorOffset="-47" RAnchorPoint="0.5" RAnchorOffset="23" BAnchorPoint="0.5" BAnchorOffset="0" BGColor="white" Font="Default" TextColor="white" Text="" Sprite="CRB_Anim_Spinner:sprAnim_SpinnerSmall" Line="0"/>
                <Pixie LAnchorPoint="0" LAnchorOffset="0" TAnchorPoint="0.5" TAnchorOffset="0" RAnchorPoint="1" RAnchorOffset="0" BAnchorPoint="0.5" BAnchorOffset="28" BGColor="white" Font="CRB_InterfaceSmall" TextColor="UI_TextMetalBodyHighlight" Text="" TextId="MarketplaceAuction_FetchingResults" DT_CENTER="1" Line="0"/>
            </Control>
            <Control Class="Window" LAnchorPoint="0" LAnchorOffset="249" TAnchorPoint="0" TAnchorOffset="0" RAnchorPoint="1" RAnchorOffset="0" BAnchorPoint="1" BAnchorOffset="0" RelativeToClient="1" Font="Default" Text="" Template="Default" TooltipType="OnCursor" Name="RefreshAnimation" BGColor="UI_AlphaPercent65" TextColor="white" TooltipColor="" Picture="1" IgnoreMouse="1" Sprite="" HideInEditor="1"/>
            <Control Class="Window" LAnchorPoint="0" LAnchorOffset="249" TAnchorPoint="0" TAnchorOffset="0" RAnchorPoint="1" RAnchorOffset="0" BAnchorPoint="1" BAnchorOffset="0" RelativeToClient="1" Font="Default" Text="" Template="Default" TooltipType="OnCursor" Name="PostResultNotification" BGColor="UI_AlphaPercent80" TextColor="white" TooltipColor="" IgnoreMouse="0" TransitionShowHide="1" Visible="0" HideInEditor="0" Sprite="BK3:UI_BK3_Metal_Framing_BlockerRight" Picture="1" NewControlDepth="4" Tooltip="" TooltipFont="CRB_InterfaceSmall_O" TooltipId="" IgnoreTooltipDelay="0">
                <Control Class="Window" LAnchorPoint="0.5" LAnchorOffset="-227" TAnchorPoint="0.5" TAnchorOffset="-114" RAnchorPoint="0.5" RAnchorOffset="233" BAnchorPoint="0.5" BAnchorOffset="132" RelativeToClient="1" Font="CRB_InterfaceMedium" Text="" Template="Default" TooltipType="OnCursor" Name="PostResultNotificationBG" BGColor="white" TextColor="UI_TextHoloTitle" TooltipColor="" Picture="1" IgnoreMouse="1" Sprite="BK3:sprHolo_Alert_Notify" DT_CENTER="1" DT_VCENTER="1" TextId="">
                    <Control Class="Window" LAnchorPoint="0" LAnchorOffset="75" TAnchorPoint="0" TAnchorOffset="35" RAnchorPoint="1" RAnchorOffset="-75" BAnchorPoint="0" BAnchorOffset="61" RelativeToClient="1" Font="CRB_HeaderLarge" Text="" Template="Default" TooltipType="OnCursor" Name="PostResultNotificationLabel" BGColor="white" TextColor="UI_BtnTextRedNormal" TooltipColor="" TextId="CombatFloaterType_Error" DT_CENTER="1" DT_VCENTER="1"/>
                    <Control Class="Window" LAnchorPoint="0" LAnchorOffset="117" TAnchorPoint="0" TAnchorOffset="66" RAnchorPoint="1" RAnchorOffset="-87" BAnchorPoint="1" BAnchorOffset="-68" RelativeToClient="1" Font="CRB_InterfaceMedium" Text="" Template="Holo_TextCallout" TooltipType="OnCursor" Name="PostResultNotificationSubText" BGColor="white" TextColor="UI_TextHoloBodyHighlight" TooltipColor="" TextId="MarketplaceAuction_TechnicalDifficulties" DT_CENTER="1" DT_WORDBREAK="1" DT_VCENTER="1" Border="1" IgnoreMouse="1" UseTemplateBG="1"/>
                    <Control Class="Window" LAnchorPoint="0" LAnchorOffset="58" TAnchorPoint=".5" TAnchorOffset="-25" RAnchorPoint="0" RAnchorOffset="108" BAnchorPoint=".5" BAnchorOffset="25" RelativeToClient="1" Font="Default" Text="" BGColor="UI_WindowBGDefault" TextColor="UI_WindowTextDefault" Template="Default" TooltipType="OnCursor" Name="PostResultNotificationCheck" TooltipColor="" Sprite="ClientSprites:LootCloseBox" Picture="1" IgnoreMouse="1"/>
                </Control>
                <Event Name="MouseButtonUp" Function="OnPostResultNotificationClick"/>
            </Control>
        </Control>
        <Control Class="Window" LAnchorPoint="0" LAnchorOffset="0" TAnchorPoint="0" TAnchorOffset="0" RAnchorPoint="1" RAnchorOffset="0" BAnchorPoint="1" BAnchorOffset="0" RelativeToClient="1" Font="Default" Text="" Template="Metal_Primary_Nav" TooltipType="OnCursor" Name="BGFrame" BGColor="white" TextColor="white" TooltipColor="" Picture="0" IgnoreMouse="1" Sprite="" Tooltip="" HideInEditor="0" Border="1" UseTemplateBG="1">
            <Control Class="Window" LAnchorPoint="0" LAnchorOffset="150" TAnchorPoint="0" TAnchorOffset="27" RAnchorPoint="1" RAnchorOffset="-150" BAnchorPoint="0" BAnchorOffset="63" RelativeToClient="1" Font="CRB_HeaderMedium" Text="" BGColor="UI_WindowBGDefault" TextColor="UI_WindowTitleYellow" Template="Default" TooltipType="OnCursor" Name="Pixie" TooltipColor="" Sprite="BK3:sprMetal_Framing_Header" Picture="1" IgnoreMouse="1" TextId="MarketplaceCommodity_CommoditiesExchange" DT_VCENTER="1" DT_CENTER="1" HideInEditor="0"/>
            <Control Class="Window" LAnchorPoint="0" LAnchorOffset="266" TAnchorPoint="0" TAnchorOffset="124" RAnchorPoint="0" RAnchorOffset="289" BAnchorPoint="1" BAnchorOffset="-7" RelativeToClient="0" Font="Default" Text="" Template="Default" TooltipType="OnCursor" Name="Divider" BGColor="white" TextColor="white" TooltipColor="" Sprite="BK3:UI_BK3_Metal_Inset_Divider_V" Picture="1" IgnoreMouse="1" NewControlDepth="3"/>
        </Control>
        <Control Class="Button" Base="BK3:btnMetal_TabMainLeft" Font="CRB_ButtonHeader" ButtonType="Check" RadioGroup="MarketplaceC_HeaderRadioGroup" LAnchorPoint="0" LAnchorOffset="26" TAnchorPoint="0" TAnchorOffset="50" RAnchorPoint="0" RAnchorOffset="210" BAnchorPoint="0" BAnchorOffset="123" DT_VCENTER="0" DT_CENTER="1" TooltipType="OnCursor" Name="HeaderBuyNowBtn" BGColor="white" TextColor="white" TooltipColor="" NormalTextColor="UI_BtnTextGoldListNormal" PressedTextColor="UI_BtnTextGoldListPressed" FlybyTextColor="UI_BtnTextGoldListFlyby" PressedFlybyTextColor="UI_BtnTextGoldListPressedFlyby" DisabledTextColor="UI_BtnTextGoldListDisabled" Text="" TextId="MarketplaceCommodity_BuyNow" GlobalRadioGroup="" Tooltip="" NewControlDepth="1" RadioDisallowNonSelection="1" RelativeToClient="1" NeverBringToFront="1" TooltipFont="CRB_InterfaceSmall_O" TooltipId="MarketplaceCommodity_BuyNowTooltip" ButtonTextYMargin="27">
            <Event Name="ButtonCheck" Function="OnHeaderBtnToggle"/>
            <Event Name="ButtonUncheck" Function="OnHeaderBtnToggle"/>
        </Control>
        <Control Class="Button" Base="BK3:btnMetal_TabMainMid" Font="CRB_ButtonHeader" ButtonType="Check" RadioGroup="MarketplaceC_HeaderRadioGroup" LAnchorPoint="0" LAnchorOffset="210" TAnchorPoint="0" TAnchorOffset="50" RAnchorPoint="0" RAnchorOffset="394" BAnchorPoint="0" BAnchorOffset="123" DT_VCENTER="0" DT_CENTER="1" TooltipType="OnCursor" Name="HeaderBuyOrderBtn" BGColor="white" TextColor="white" TooltipColor="" NormalTextColor="UI_BtnTextGoldListNormal" PressedTextColor="UI_BtnTextGoldListPressed" FlybyTextColor="UI_BtnTextGoldListFlyby" PressedFlybyTextColor="UI_BtnTextGoldListPressedFlyby" DisabledTextColor="UI_BtnTextGoldListDisabled" Text="" TextId="MarketplaceCommodity_CreateBuyOrder" GlobalRadioGroup="" RadioDisallowNonSelection="1" RelativeToClient="1" NeverBringToFront="1" Tooltip="" TooltipFont="CRB_Interface9_O" TooltipId="MarketplaceCommodity_BuyOrderTooltip" ButtonTextYMargin="27">
            <Event Name="ButtonCheck" Function="OnHeaderBtnToggle"/>
            <Event Name="ButtonUncheck" Function="OnHeaderBtnToggle"/>
        </Control>
        <Control Class="Button" Base="BK3:btnMetal_TabMainMid" Font="CRB_ButtonHeader" ButtonType="Check" RadioGroup="MarketplaceC_HeaderRadioGroup" LAnchorPoint="0" LAnchorOffset="396" TAnchorPoint="0" TAnchorOffset="50" RAnchorPoint="0" RAnchorOffset="580" BAnchorPoint="0" BAnchorOffset="123" DT_VCENTER="0" DT_CENTER="1" TooltipType="OnCursor" Name="HeaderSellNowBtn" BGColor="white" TextColor="white" TooltipColor="" NormalTextColor="UI_BtnTextGoldListNormal" PressedTextColor="UI_BtnTextGoldListPressed" FlybyTextColor="UI_BtnTextGoldListFlyby" PressedFlybyTextColor="UI_BtnTextGoldListPressedFlyby" DisabledTextColor="UI_BtnTextGoldListDisabled" Text="" TextId="MarketplaceCommodity_SellNow" GlobalRadioGroup="" RadioDisallowNonSelection="1" RelativeToClient="1" NeverBringToFront="1" Tooltip="" TooltipFont="CRB_Interface9_O" TooltipId="MarketplaceCommodity_SellNowTooltip" ButtonTextYMargin="27">
            <Event Name="ButtonCheck" Function="OnHeaderBtnToggle"/>
            <Event Name="ButtonUncheck" Function="OnHeaderBtnToggle"/>
        </Control>
        <Control Class="Button" Base="BK3:btnMetal_TabMainRight" Font="CRB_ButtonHeader" ButtonType="Check" RadioGroup="MarketplaceC_HeaderRadioGroup" LAnchorPoint="0" LAnchorOffset="580" TAnchorPoint="0" TAnchorOffset="50" RAnchorPoint="0" RAnchorOffset="764" BAnchorPoint="0" BAnchorOffset="123" DT_VCENTER="0" DT_CENTER="1" TooltipType="OnCursor" Name="HeaderSellOrderBtn" BGColor="white" TextColor="white" TooltipColor="" NormalTextColor="UI_BtnTextGoldListNormal" PressedTextColor="UI_BtnTextGoldListPressed" FlybyTextColor="UI_BtnTextGoldListFlyby" PressedFlybyTextColor="UI_BtnTextGoldListPressedFlyby" DisabledTextColor="UI_BtnTextGoldListDisabled" Text="" TextId="MarketplaceAuction_CreateSellOrder" GlobalRadioGroup="" RadioDisallowNonSelection="1" RelativeToClient="1" NeverBringToFront="1" TooltipFont="CRB_Interface9_O" Tooltip="" TooltipId="MarketplaceCommodity_SellOrderTooltip" ButtonTextYMargin="27">
            <Event Name="ButtonCheck" Function="OnHeaderBtnToggle"/>
            <Event Name="ButtonUncheck" Function="OnHeaderBtnToggle"/>
        </Control>
        <Control Class="Button" Base="CRB_Basekit:kitBtn_Close" Font="Thick" ButtonType="PushButton" RadioGroup="" LAnchorPoint="1" LAnchorOffset="-51" TAnchorPoint="0" TAnchorOffset="24" RAnchorPoint="1" RAnchorOffset="-24" BAnchorPoint="0" BAnchorOffset="53" DT_VCENTER="1" DT_CENTER="1" TooltipType="OnCursor" Name="CloseBtn" BGColor="white" TextColor="white" TooltipColor="" NormalTextColor="white" PressedTextColor="white" FlybyTextColor="white" PressedFlybyTextColor="white" DisabledTextColor="white">
            <Event Name="ButtonSignal" Function="OnDestroy"/>
        </Control>
        <Event Name="WindowClosed" Function="OnDestroy"/>
        <Control Class="CashWindow" LAnchorPoint="0" LAnchorOffset="0" TAnchorPoint="0" TAnchorOffset="0" RAnchorPoint="0" RAnchorOffset="0" BAnchorPoint="0" BAnchorOffset="0" TooltipType="OnCursor" RelativeToClient="1" Font="CRB_InterfaceSmall" Text="" Template="Default" BGColor="white" TextColor="white" Name="HiddenCashWindow" TooltipColor="" Visible="0" DT_CENTER="0"/>
    </Form>
    <Form Class="Window" LAnchorPoint="0" LAnchorOffset="0" TAnchorPoint="0" TAnchorOffset="0" RAnchorPoint="1" RAnchorOffset="0" BAnchorPoint="0" BAnchorOffset="42" RelativeToClient="1" Font="Default" Text="" Template="Default" TooltipType="OnCursor" Name="CategoryTopItem" Border="0" Picture="1" SwallowMouseClicks="1" Moveable="0" Escapable="0" Overlapped="1" BGColor="white" TextColor="white" TooltipColor="" IgnoreMouse="1" Tooltip="">
        <Control Class="Button" Base="BK3:btnMetal_ExpandMenu_Med" Font="CRB_InterfaceMedium_B" ButtonType="Check" RadioGroup="" LAnchorPoint="0" LAnchorOffset="0" TAnchorPoint="0" TAnchorOffset="0" RAnchorPoint="1" RAnchorOffset="0" BAnchorPoint="0" BAnchorOffset="42" DT_VCENTER="0" DT_CENTER="0" TooltipType="OnCursor" Name="CategoryTopBtn" BGColor="white" TextColor="UI_BtnTextGoldListNormal" TooltipColor="" NormalTextColor="UI_BtnTextGoldListNormal" PressedTextColor="UI_BtnTextGoldListPressed" FlybyTextColor="UI_BtnTextGoldListFlyby" PressedFlybyTextColor="UI_BtnTextGoldListPressedFlyby" DisabledTextColor="UI_BtnTextGoldListDisabled" Text="" GlobalRadioGroup="MarketplaceCommodity_CategoryTopBtn_GlobalRadioGroup" TextId="Challenges_NoProgress" ButtonTextXMargin="10" ButtonTextYMargin="12" RelativeToClient="1" NeverBringToFront="1">
            <Event Name="ButtonCheck" Function="OnCategoryTopBtnToggle"/>
            <Event Name="ButtonUncheck" Function="OnCategoryTopBtnToggle"/>
        </Control>
        <Control Class="Window" LAnchorPoint="0" LAnchorOffset="11" TAnchorPoint="0" TAnchorOffset="47" RAnchorPoint="1" RAnchorOffset="-9" BAnchorPoint="1" BAnchorOffset="0" RelativeToClient="1" Font="Default" Text="" Template="Default" TooltipType="OnCursor" Name="CategoryTopList" BGColor="white" TextColor="white" TooltipColor=""/>
        <Control Class="Window" LAnchorPoint="0" LAnchorOffset="0" TAnchorPoint="0" TAnchorOffset="0" RAnchorPoint="1" RAnchorOffset="0" BAnchorPoint="1" BAnchorOffset="0" RelativeToClient="1" Font="Default" Text="" Template="Default" TooltipType="OnCursor" Name="CategoryTopBtnFrame" BGColor="white" TextColor="white" TooltipColor="" Sprite="BK3:sprMetal_ExpandMenu_MedSmall_Framing" Picture="1" IgnoreMouse="1" NewControlDepth="1" HideInEditor="0"/>
    </Form>
    <Form Class="Window" LAnchorPoint="0" LAnchorOffset="0" TAnchorPoint="0" TAnchorOffset="0" RAnchorPoint="1" RAnchorOffset="0" BAnchorPoint="0" BAnchorOffset="32" RelativeToClient="1" Font="Default" Text="" Template="Default" TooltipType="OnCursor" Name="CategoryMidItem" BGColor="white" TextColor="white" TooltipColor="" Sprite="" Tooltip="">
        <Control Class="Button" Base="BK3:btnMetal_ExpandMenu_Small" Font="CRB_InterfaceSmall" ButtonType="Check" RadioGroup="" LAnchorPoint="0" LAnchorOffset="0" TAnchorPoint="0" TAnchorOffset="0" RAnchorPoint="1" RAnchorOffset="0" BAnchorPoint="1" BAnchorOffset="0" TooltipType="OnCursor" Name="CategoryMidBtn" BGColor="white" TextColor="white" TooltipColor="" NormalTextColor="UI_BtnTextGoldListNormal" PressedTextColor="UI_BtnTextGoldListPressed" FlybyTextColor="UI_BtnTextGoldListFlyby" PressedFlybyTextColor="UI_BtnTextGoldListPressedFlyby" DisabledTextColor="UI_BtnTextGoldListDisabled" GlobalRadioGroup="MarketplaceCommodity_CategoryMidBtn_GlobalRadioGroup" Text="" TextId="Challenges_NoProgress" RadioDisallowNonSelection="1" DT_VCENTER="1" ButtonTextXMargin="10">
            <Event Name="ButtonCheck" Function="OnCategoryMidBtnCheck"/>
            <Event Name="ButtonUncheck" Function="OnCategoryMidBtnUncheck"/>
        </Control>
    </Form>
    <Form Class="Window" LAnchorPoint="0" LAnchorOffset="0" TAnchorPoint="0" TAnchorOffset="0" RAnchorPoint="1" RAnchorOffset="0" BAnchorPoint="0" BAnchorOffset="100" RelativeToClient="1" Font="Default" Text="" Template="Default" TooltipType="OnCursor" Name="SimpleListItem" Border="0" Picture="1" SwallowMouseClicks="1" Moveable="0" Escapable="0" Overlapped="1" BGColor="white" TextColor="white" TooltipColor="" IgnoreMouse="1" Sprite="" Tooltip="">
        <Control Class="Window" LAnchorPoint="0" LAnchorOffset="5" TAnchorPoint="0" TAnchorOffset="5" RAnchorPoint="0" RAnchorOffset="57" BAnchorPoint="0" BAnchorOffset="57" RelativeToClient="1" Font="Default" Text="" BGColor="UI_WindowBGDefault" TextColor="UI_WindowTextDefault" Template="Default" TooltipType="OnCursor" Name="ListIconBG" TooltipColor="" Sprite="BK3:UI_BK3_Holo_InsetSimple" Picture="1" IgnoreMouse="1"/>
        <Control Class="Window" LAnchorPoint="0" LAnchorOffset="10" TAnchorPoint="0" TAnchorOffset="10" RAnchorPoint="0" RAnchorOffset="52" BAnchorPoint="0" BAnchorOffset="52" RelativeToClient="1" Font="CRB_InterfaceMedium_BO" Text="" Template="Default" TooltipType="OnCursor" Name="ListIcon" BGColor="white" TextColor="white" TooltipColor="" Picture="1" IgnoreMouse="1" Sprite="ClientSprites:Icon_TradeskillMisc_Titanium_Ore" DT_RIGHT="1" DT_BOTTOM="1" IgnoreTooltipDelay="1">
            <Event Name="GenerateTooltip" Function="OnGenerateTooltipListIcon"/>
        </Control>
        <Control Class="Window" LAnchorPoint="0" LAnchorOffset="8" TAnchorPoint="0" TAnchorOffset="32" RAnchorPoint="0" RAnchorOffset="52" BAnchorPoint="0" BAnchorOffset="52" RelativeToClient="1" Font="CRB_InterfaceMedium_B" Text="" Template="Default" TooltipType="OnCursor" Name="ListCount" BGColor="white" TextColor="white" TooltipColor="" DT_BOTTOM="0" DT_RIGHT="1" TextId="Challenges_NoProgress" DT_VCENTER="1" DT_CENTER="0"/>
        <Control Class="Window" LAnchorPoint="0" LAnchorOffset="65" TAnchorPoint="0" TAnchorOffset="5" RAnchorPoint="1" RAnchorOffset="-5" BAnchorPoint="0" BAnchorOffset="25" RelativeToClient="1" Font="CRB_InterfaceMedium_B" Text="" Template="Default" TooltipType="OnCursor" Name="ListName" BGColor="white" TextColor="UI_TextHoloBodyHighlight" TooltipColor="" Tooltip="" TextId="CRB__2" IgnoreMouse="1" AutoScaleText="1"/>
        <Control Class="Window" LAnchorPoint="0" LAnchorOffset="65" TAnchorPoint="0" TAnchorOffset="25" RAnchorPoint="0.66" RAnchorOffset="-20" BAnchorPoint="0" BAnchorOffset="45" RelativeToClient="1" Font="CRB_InterfaceSmall" Text="" Template="Default" TooltipType="OnCursor" Name="ListSubtitleLeft" BGColor="white" TextColor="UI_TextHoloBodyCyan" TooltipColor="" Tooltip="" TextId="MarketplaceCommodity_AveragePriceNoData" DT_VCENTER="0" IgnoreMouse="1" IgnoreTooltipDelay="1">
            <Event Name="GenerateTooltip" Function="OnGenerateTooltipFullStats"/>
        </Control>
        <Control Class="CashWindow" LAnchorPoint="0" LAnchorOffset="165" TAnchorPoint="0" TAnchorOffset="23" RAnchorPoint="1" RAnchorOffset="0" BAnchorPoint="0" BAnchorOffset="43" TooltipType="OnCursor" RelativeToClient="1" Font="CRB_InterfaceMedium" Text="" Template="Default" BGColor="white" TextColor="UI_TextHoloBody" DT_RIGHT="0" Name="ListSubtitlePriceLeft" TooltipColor="" HideInEditor="0" Visible="0" SkipZeroes="1" IgnoreMouse="1"/>
        <Control Class="Window" LAnchorPoint="0" LAnchorOffset="4" TAnchorPoint="1" TAnchorOffset="-40" RAnchorPoint="0" RAnchorOffset="61" BAnchorPoint="1" BAnchorOffset="-8" RelativeToClient="1" Font="Default" Text="" Template="Holo_InputBox" TooltipType="OnCursor" Name="ListInputNumberBG" BGColor="white" TextColor="white" TooltipColor="" Sprite="" Picture="0" IgnoreMouse="1" Border="1" UseTemplateBG="1">
            <Control Class="EditBox" LAnchorPoint="0" LAnchorOffset="-8" TAnchorPoint="0" TAnchorOffset="-1" RAnchorPoint="1" RAnchorOffset="-9" BAnchorPoint="1" BAnchorOffset="-1" RelativeToClient="1" Font="CRB_InterfaceMedium_B" Text="" Template="Default" TooltipType="OnCursor" Name="ListInputNumber" BGColor="white" TextColor="UI_TextHoloBodyHighlight" TooltipColor="" TextId="CRB_1" DT_VCENTER="1" DT_RIGHT="1">
                <Event Name="EditBoxChanged" Function="OnListInputNumberChanged"/>
            </Control>
            <Control Class="Button" Base="OldMetalSprites:OldMetalUpButton" Font="Thick" ButtonType="PushButton" RadioGroup="" LAnchorPoint="1" LAnchorOffset="-19" TAnchorPoint="0" TAnchorOffset="5" RAnchorPoint="1" RAnchorOffset="0" BAnchorPoint="0.5" BAnchorOffset="0" DT_VCENTER="1" DT_CENTER="1" TooltipType="OnCursor" Name="ListInputNumberUpBtn" BGColor="white" TextColor="white" TooltipColor="" NormalTextColor="white" PressedTextColor="white" FlybyTextColor="white" PressedFlybyTextColor="white" DisabledTextColor="white">
                <Event Name="ButtonSignal" Function="OnListInputNumberUpBtn"/>
            </Control>
            <Control Class="Button" Base="OldMetalSprites:OldMetalDownButton" Font="Thick" ButtonType="PushButton" RadioGroup="" LAnchorPoint="1" LAnchorOffset="-19" TAnchorPoint="0.5" TAnchorOffset="0" RAnchorPoint="1" RAnchorOffset="0" BAnchorPoint="1" BAnchorOffset="-5" DT_VCENTER="1" DT_CENTER="1" TooltipType="OnCursor" Name="ListInputNumberDownBtn" BGColor="white" TextColor="white" TooltipColor="" NormalTextColor="white" PressedTextColor="white" FlybyTextColor="white" PressedFlybyTextColor="white" DisabledTextColor="white">
                <Event Name="ButtonSignal" Function="OnListInputNumberDownBtn"/>
            </Control>
        </Control>
        <Control Class="Window" LAnchorPoint="0" LAnchorOffset="64" TAnchorPoint="1" TAnchorOffset="-40" RAnchorPoint="0" RAnchorOffset="297" BAnchorPoint="1" BAnchorOffset="-8" RelativeToClient="1" Font="Default" Text="" Template="Holo_InputBox" TooltipType="OnCursor" Name="ListInputPriceBG" BGColor="white" TextColor="white" TooltipColor="" Sprite="" Picture="0" IgnoreMouse="1" UseTemplateBG="1" Border="1">
            <Control Class="CashWindow" LAnchorPoint="0" LAnchorOffset="-9" TAnchorPoint="0" TAnchorOffset="-1" RAnchorPoint="1" RAnchorOffset="-14" BAnchorPoint="1" BAnchorOffset="-1" TooltipType="OnCursor" RelativeToClient="1" Font="CRB_InterfaceMedium" Text="" Template="Default" BGColor="white" TextColor="UI_TextHoloBodyHighlight" DT_RIGHT="1" Name="ListInputPrice" TooltipColor="" SkipZeroes="1" DT_CENTER="0" HideInEditor="0" AllowEditing="1">
                <Event Name="CashWindowAmountChanged" Function="OnListInputPriceAmountChanged"/>
                <Event Name="MouseButtonDown" Function="OnListInputPriceMouseDown"/>
                <Event Name="WindowLostFocus" Function="OnListInputPriceLoseFocus"/>
            </Control>
        </Control>
        <Control Class="Window" Font="CRB_InterfaceTiny_BB" RadioGroup="" LAnchorPoint="0" LAnchorOffset="271" TAnchorPoint="1" TAnchorOffset="-32" RAnchorPoint="0" RAnchorOffset="289" BAnchorPoint="1" BAnchorOffset="-14" DT_VCENTER="1" DT_CENTER="1" TooltipType="OnCursor" Name="ListItemStatsBubble" BGColor="white" TextColor="UI_TextHoloBodyHighlight" TooltipColor="" NormalTextColor="UI_BtnTextHoloListNormal" PressedTextColor="UI_BtnTextHoloListPressed" FlybyTextColor="UI_BtnTextHoloListFlyby" PressedFlybyTextColor="UI_BtnTextHoloListPressedFlyby" DisabledTextColor="UI_BtnTextHoloListDisabled" RelativeToClient="1" Text="" TextId="Command_Group_Invite_Shortcut" TestAlpha="0" Tooltip="" Picture="1" Sprite="CRB_Basekit:kitBtn_Holo_CircleSmallNormal" NewControlDepth="1" DT_RIGHT="0" DT_BOTTOM="0">
            <Event Name="GenerateTooltip" Function="OnGenerateTooltipFullStats"/>
        </Control>
        <Control Class="Button" Base="BK3:btnHolo_Blue_Small" Font="CRB_Button" ButtonType="PushButton" RadioGroup="" LAnchorPoint="1" LAnchorOffset="-145" TAnchorPoint="1" TAnchorOffset="-51" RAnchorPoint="1" RAnchorOffset="-5" BAnchorPoint="1" BAnchorOffset="2" DT_VCENTER="1" DT_CENTER="1" TooltipType="OnCursor" Name="ListSubmitBtn" BGColor="white" TextColor="white" TooltipColor="" NormalTextColor="UI_BtnTextBlueNormal" PressedTextColor="UI_BtnTextBluePressed" FlybyTextColor="UI_BtnTextBlueFlyby" PressedFlybyTextColor="UI_BtnTextBluePressedFlyby" DisabledTextColor="UI_BtnTextBlueDisabled" Text="" TextId="MarketplaceCommodity_SellNow" HideInEditor="0" IgnoreTooltipDelay="1" RelativeToClient="1" Tooltip="">
            <Event Name="ButtonSignal" Function="OnListSubmitBtn"/>
            <Event Name="GenerateTooltip" Function="OnGenerateSimpleConfirmTooltip"/>
        </Control>
        <Pixie LAnchorPoint="0" LAnchorOffset="0" TAnchorPoint="0" TAnchorOffset="0" RAnchorPoint="1" RAnchorOffset="0" BAnchorPoint="1" BAnchorOffset="-2" BGColor="white" Font="Default" TextColor="white" Text="" Sprite="BK3:UI_BK3_Holo_InsetSimple" Line="0"/>
    </Form>
    <Form Class="Window" LAnchorPoint="0" LAnchorOffset="0" TAnchorPoint="0" TAnchorOffset="0" RAnchorPoint="1" RAnchorOffset="0" BAnchorPoint="0" BAnchorOffset="120" RelativeToClient="1" Font="Default" Text="" Template="Default" TooltipType="OnCursor" Name="AdvancedListItem" Border="0" Picture="1" SwallowMouseClicks="1" Moveable="0" Escapable="0" Overlapped="1" BGColor="white" TextColor="white" TooltipColor="" IgnoreMouse="1" Sprite="" Tooltip="">
        <Control Class="Window" LAnchorPoint="0" LAnchorOffset="5" TAnchorPoint="0" TAnchorOffset="5" RAnchorPoint="0" RAnchorOffset="57" BAnchorPoint="0" BAnchorOffset="57" RelativeToClient="1" Font="Default" Text="" BGColor="UI_WindowBGDefault" TextColor="UI_WindowTextDefault" Template="Default" TooltipType="OnCursor" Name="ListIconBG" TooltipColor="" Sprite="BK3:UI_BK3_Holo_InsetSimple" Picture="1" IgnoreMouse="1"/>
        <Control Class="Window" LAnchorPoint="0" LAnchorOffset="10" TAnchorPoint="0" TAnchorOffset="10" RAnchorPoint="0" RAnchorOffset="52" BAnchorPoint="0" BAnchorOffset="52" RelativeToClient="1" Font="CRB_InterfaceMedium_BO" Text="" Template="Default" TooltipType="OnCursor" Name="ListIcon" BGColor="white" TextColor="white" TooltipColor="" Picture="1" IgnoreMouse="1" Sprite="ClientSprites:Icon_TradeskillMisc_Titanium_Ore" DT_RIGHT="1" DT_BOTTOM="1" IgnoreTooltipDelay="1">
            <Event Name="GenerateTooltip" Function="OnGenerateTooltipListIcon"/>
        </Control>
        <Control Class="Window" LAnchorPoint="0" LAnchorOffset="8" TAnchorPoint="0" TAnchorOffset="32" RAnchorPoint="0" RAnchorOffset="52" BAnchorPoint="0" BAnchorOffset="52" RelativeToClient="1" Font="CRB_InterfaceMedium_B" Text="" Template="Default" TooltipType="OnCursor" Name="ListCount" BGColor="white" TextColor="white" TooltipColor="" DT_BOTTOM="0" DT_RIGHT="1" TextId="Challenges_NoProgress" DT_VCENTER="1" DT_CENTER="0" Sprite="" Picture="1" IgnoreMouse="1" NewControlDepth="3"/>
        <Control Class="Window" LAnchorPoint="0" LAnchorOffset="65" TAnchorPoint="0" TAnchorOffset="5" RAnchorPoint="1" RAnchorOffset="-5" BAnchorPoint="0" BAnchorOffset="25" RelativeToClient="1" Font="CRB_InterfaceMedium_B" Text="" Template="Default" TooltipType="OnCursor" Name="ListName" BGColor="white" TextColor="UI_TextHoloBodyHighlight" TooltipColor="" Tooltip="" TextId="CRB__2" IgnoreMouse="1" AutoScaleText="1"/>
        <Control Class="Window" LAnchorPoint="0" LAnchorOffset="65" TAnchorPoint="0" TAnchorOffset="25" RAnchorPoint="1" RAnchorOffset="-112" BAnchorPoint="0" BAnchorOffset="85" RelativeToClient="1" Font="CRB_InterfaceSmall" Text="" Template="Default" TooltipType="OnCursor" Name="ListSubtitleLeft" BGColor="white" TextColor="UI_TextHoloBodyCyan" TooltipColor="" Tooltip="" TextId="MarketplaceCommodity_BuyNow" DT_VCENTER="0" IgnoreMouse="1" IgnoreTooltipDelay="1">
            <Event Name="GenerateTooltip" Function="OnGenerateTooltipFullStats"/>
        </Control>
        <Control Class="Window" LAnchorPoint="0" LAnchorOffset="148" TAnchorPoint="0" TAnchorOffset="25" RAnchorPoint="1" RAnchorOffset="-10" BAnchorPoint="0" BAnchorOffset="85" RelativeToClient="1" Font="CRB_InterfaceSmall" Text="" Template="Default" TooltipType="OnCursor" Name="ListSubtitleRight" BGColor="white" TextColor="UI_TextHoloBodyCyan" TooltipColor="" Tooltip="" TextId="MarketplaceCommodity_CompetitionLabel" DT_VCENTER="0" DT_RIGHT="1"/>
        <Control Class="CashWindow" LAnchorPoint="0" LAnchorOffset="65" TAnchorPoint="0" TAnchorOffset="43" RAnchorPoint="0.5" RAnchorOffset="0" BAnchorPoint="0" BAnchorOffset="63" TooltipType="OnCursor" RelativeToClient="1" Font="CRB_InterfaceSmall" Text="" Template="Default" BGColor="white" TextColor="UI_TextHoloBody" DT_RIGHT="0" Name="ListSubtitlePriceLeft" TooltipColor="" HideInEditor="0" Visible="0" SkipZeroes="1" IgnoreMouse="1"/>
        <Control Class="CashWindow" LAnchorPoint="0.5" LAnchorOffset="0" TAnchorPoint="0" TAnchorOffset="43" RAnchorPoint="1" RAnchorOffset="-8" BAnchorPoint="0" BAnchorOffset="63" TooltipType="OnCursor" RelativeToClient="1" Font="CRB_InterfaceSmall" Text="" Template="Default" BGColor="white" TextColor="UI_TextHoloBody" DT_RIGHT="1" Name="ListSubtitlePriceRight" TooltipColor="" HideInEditor="0" Visible="0" SkipZeroes="1" IgnoreMouse="1"/>
        <Control Class="Window" LAnchorPoint="0" LAnchorOffset="4" TAnchorPoint="1" TAnchorOffset="-40" RAnchorPoint="0" RAnchorOffset="61" BAnchorPoint="1" BAnchorOffset="-8" RelativeToClient="1" Font="Default" Text="" Template="Holo_InputBox" TooltipType="OnCursor" Name="ListInputNumberBG" BGColor="white" TextColor="white" TooltipColor="" Sprite="" Picture="0" IgnoreMouse="1" Border="1" UseTemplateBG="1">
            <Control Class="EditBox" LAnchorPoint="0" LAnchorOffset="-9" TAnchorPoint="0" TAnchorOffset="-2" RAnchorPoint="1" RAnchorOffset="-10" BAnchorPoint="1" BAnchorOffset="-2" RelativeToClient="1" Font="CRB_InterfaceMedium_B" Text="" Template="Default" TooltipType="OnCursor" Name="ListInputNumber" BGColor="white" TextColor="UI_TextHoloBodyHighlight" TooltipColor="" TextId="CRB_1" DT_VCENTER="1" DT_RIGHT="1">
                <Event Name="EditBoxChanged" Function="OnListInputNumberChanged"/>
            </Control>
            <Control Class="Button" Base="OldMetalSprites:OldMetalUpButton" Font="Thick" ButtonType="PushButton" RadioGroup="" LAnchorPoint="1" LAnchorOffset="-19" TAnchorPoint="0" TAnchorOffset="5" RAnchorPoint="1" RAnchorOffset="0" BAnchorPoint="0.5" BAnchorOffset="0" DT_VCENTER="1" DT_CENTER="1" TooltipType="OnCursor" Name="ListInputNumberUpBtn" BGColor="white" TextColor="white" TooltipColor="" NormalTextColor="white" PressedTextColor="white" FlybyTextColor="white" PressedFlybyTextColor="white" DisabledTextColor="white">
                <Event Name="ButtonSignal" Function="OnListInputNumberUpBtn"/>
            </Control>
            <Control Class="Button" Base="OldMetalSprites:OldMetalDownButton" Font="Thick" ButtonType="PushButton" RadioGroup="" LAnchorPoint="1" LAnchorOffset="-19" TAnchorPoint="0.5" TAnchorOffset="0" RAnchorPoint="1" RAnchorOffset="0" BAnchorPoint="1" BAnchorOffset="-5" DT_VCENTER="1" DT_CENTER="1" TooltipType="OnCursor" Name="ListInputNumberDownBtn" BGColor="white" TextColor="white" TooltipColor="" NormalTextColor="white" PressedTextColor="white" FlybyTextColor="white" PressedFlybyTextColor="white" DisabledTextColor="white">
                <Event Name="ButtonSignal" Function="OnListInputNumberDownBtn"/>
            </Control>
        </Control>
        <Control Class="Window" LAnchorPoint="0" LAnchorOffset="64" TAnchorPoint="1" TAnchorOffset="-40" RAnchorPoint="0" RAnchorOffset="297" BAnchorPoint="1" BAnchorOffset="-8" RelativeToClient="1" Font="Default" Text="" Template="Holo_InputBox" TooltipType="OnCursor" Name="ListInputPriceBG" BGColor="white" TextColor="white" TooltipColor="" Sprite="CRB_Basekit:kitInnerFrame_Holo_InputBox" Picture="0" IgnoreMouse="1" Border="1" UseTemplateBG="1">
            <Control Class="CashWindow" LAnchorPoint="0" LAnchorOffset="-10" TAnchorPoint="0" TAnchorOffset="0" RAnchorPoint="1" RAnchorOffset="-15" BAnchorPoint="1" BAnchorOffset="-2" TooltipType="OnCursor" RelativeToClient="1" Font="CRB_InterfaceMedium" Text="" Template="Default" BGColor="white" TextColor="UI_TextHoloBodyHighlight" DT_RIGHT="1" Name="ListInputPrice" TooltipColor="" SkipZeroes="1" DT_CENTER="0" HideInEditor="0" AllowEditing="1" IgnoreMouse="1" DT_VCENTER="1">
                <Event Name="CashWindowAmountChanged" Function="OnListInputPriceAmountChanged"/>
                <Event Name="MouseButtonDown" Function="OnListInputPriceMouseDown"/>
                <Event Name="WindowLostFocus" Function="OnListInputPriceLoseFocus"/>
            </Control>
        </Control>
        <Control Class="Window" Font="CRB_Pixel" RadioGroup="" LAnchorPoint="0" LAnchorOffset="271" TAnchorPoint="1" TAnchorOffset="-32" RAnchorPoint="0" RAnchorOffset="289" BAnchorPoint="1" BAnchorOffset="-14" DT_VCENTER="1" DT_CENTER="1" TooltipType="OnCursor" Name="ListItemStatsBubble" BGColor="white" TextColor="UI_TextHoloBodyHighlight" TooltipColor="" NormalTextColor="UI_BtnTextHoloListNormal" PressedTextColor="UI_BtnTextHoloListPressed" FlybyTextColor="UI_BtnTextHoloListFlyby" PressedFlybyTextColor="UI_BtnTextHoloListPressedFlyby" DisabledTextColor="UI_BtnTextHoloListDisabled" RelativeToClient="1" Text="" TextId="Command_Group_Invite_Shortcut" TestAlpha="0" Tooltip="" Picture="1" Sprite="CRB_Basekit:kitBtn_Holo_CircleSmallNormal" NewControlDepth="1">
            <Event Name="GenerateTooltip" Function="OnGenerateTooltipFullStats"/>
        </Control>
        <Control Class="Button" Base="BK3:btnHolo_Blue_Small" Font="CRB_Button" ButtonType="PushButton" RadioGroup="" LAnchorPoint="1" LAnchorOffset="-145" TAnchorPoint="1" TAnchorOffset="-51" RAnchorPoint="1" RAnchorOffset="-5" BAnchorPoint="1" BAnchorOffset="2" DT_VCENTER="1" DT_CENTER="1" TooltipType="OnCursor" Name="ListSubmitBtn" BGColor="white" TextColor="white" TooltipColor="" NormalTextColor="UI_BtnTextBlueNormal" PressedTextColor="UI_BtnTextBluePressed" FlybyTextColor="UI_BtnTextBlueFlyby" PressedFlybyTextColor="UI_BtnTextBluePressedFlyby" DisabledTextColor="UI_BtnTextBlueDisabled" Text="" TextId="MarketplaceCommodity_CreateBuyOrder" HideInEditor="0" Tooltip="" RelativeToClient="1" IgnoreTooltipDelay="1">
            <Event Name="ButtonSignal" Function="OnListSubmitBtn"/>
            <Event Name="GenerateTooltip" Function="OnGenerateAdvancedConfirmTooltip"/>
        </Control>
        <Pixie LAnchorPoint="0" LAnchorOffset="0" TAnchorPoint="0" TAnchorOffset="0" RAnchorPoint="1" RAnchorOffset="0" BAnchorPoint="1" BAnchorOffset="-2" BGColor="white" Font="Default" TextColor="white" Text="" Sprite="BK3:UI_BK3_Holo_InsetSimple" Line="0"/>
    </Form>
    <Form Class="Window" LAnchorPoint="0" LAnchorOffset="0" TAnchorPoint="0" TAnchorOffset="0" RAnchorPoint="0" RAnchorOffset="353" BAnchorPoint="0" BAnchorOffset="132" RelativeToClient="1" Font="Default" Text="" Template="Default" TooltipType="OnCursor" Name="FullStatsFrame" BGColor="white" TextColor="white" TooltipColor="" Picture="1" IgnoreMouse="1" Sprite="CRB_Basekit:kitBase_HoloBlue_SmallGreenCorners" NewControlDepth="1" NoClip="1" NewWindowDepth="1" CloseOnExternalClick="1" Overlapped="1" Tooltip="">
        <Control Class="Window" LAnchorPoint="0" LAnchorOffset="16" TAnchorPoint="0" TAnchorOffset="12" RAnchorPoint="1" RAnchorOffset="-16" BAnchorPoint="0" BAnchorOffset="32" RelativeToClient="1" Font="CRB_InterfaceMedium" Text="" Template="Default" TooltipType="OnCursor" Name="Pixie" BGColor="white" TextColor="UI_TextHoloTitle" TooltipColor="" TextId="MarketplaceCommodity_MarketLeaders" DT_CENTER="1"/>
        <Control Class="Window" LAnchorPoint="0" LAnchorOffset="75" TAnchorPoint="0" TAnchorOffset="35" RAnchorPoint="0" RAnchorOffset="190" BAnchorPoint="0" BAnchorOffset="55" RelativeToClient="1" Font="CRB_InterfaceSmall" Text="" Template="Default" TooltipType="OnCursor" Name="Pixie" BGColor="white" TextColor="UI_TextHoloBodyHighlight" TooltipColor="" TextId="MarketplaceCommodity_Buyer" Tooltip=""/>
        <Control Class="Window" LAnchorPoint="0" LAnchorOffset="236" TAnchorPoint="0" TAnchorOffset="35" RAnchorPoint="0" RAnchorOffset="351" BAnchorPoint="0" BAnchorOffset="55" RelativeToClient="1" Font="CRB_InterfaceSmall" Text="" Template="Default" TooltipType="OnCursor" Name="Pixie" BGColor="white" TextColor="UI_TextHoloBodyHighlight" TooltipColor="" TextId="MarketplaceCommodity_Seller" Tooltip=""/>
        <Pixie LAnchorPoint="0" LAnchorOffset="0" TAnchorPoint="0" TAnchorOffset="0" RAnchorPoint="1" RAnchorOffset="0" BAnchorPoint="1" BAnchorOffset="0" Sprite="CRB_Basekit:kitBase_HoloBlue_SmallGreenCorners" BGColor="white" TextColor="black" Rotation="0" Font="Default" Text=""/>
        <Event Name="WindowClosed" Function="OnListFullStatsClosed"/>
        <Control Class="Grid" LAnchorPoint="0" LAnchorOffset="16" TAnchorPoint="0" TAnchorOffset="55" RAnchorPoint="1" RAnchorOffset="-26" BAnchorPoint="0" BAnchorOffset="115" RelativeToClient="1" Font="CRB_InterfaceSmall_O" Text="" Template="Default" TooltipType="OnCursor" Name="FullStatsGrid" BGColor="white" TextColor="white" TooltipColor="" CellBGNormalColor="" CellBGSelectedColor="" CellBGNormalFocusColor="" CellBGSelectedFocusColor="" TextNormalColor="" TextSelectedColor="" TextNormalFocusColor="" TextSelectedFocusColor="" RowHeight="20" MultiColumn="1" SelectWholeRow="0" IgnoreMouse="1" Visible="1" HideInEditor="0" CellBGBase="CRB_DEMO_WrapperSprites:btnDemo_CharInvisibleNormal" HorzRowMargin="0" HorzCellMargin="0" VertRowMargin="0" ImageTextSpacing="0">
            <Column Name="Count" Width="60" TextColor="UI_TextHoloBody" Image="" MinWidth="10" MaxWidth="1000" MergeLeft="0" SimpleSort="1" DT_VCENTER="0" DT_RIGHT="1"/>
            <Column Name="Price" Width="160" TextColor="UI_TextHoloBody" Image="" MinWidth="10" MaxWidth="2048" MergeLeft="1" SimpleSort="1" DT_VCENTER="0" DT_RIGHT="0" DT_CENTER="0"/>
            <Column Name="Price2" Width="160" TextColor="UI_TextHoloBody" Image="" MinWidth="10" MaxWidth="2048" MergeLeft="0" SimpleSort="1" DT_VCENTER="0"/>
        </Control>
    </Form>
    <Form Class="Window" LAnchorPoint="0" LAnchorOffset="0" TAnchorPoint="0" TAnchorOffset="0" RAnchorPoint="0" RAnchorOffset="200" BAnchorPoint="0" BAnchorOffset="96" RelativeToClient="1" Font="Default" Text="" Template="Default" TooltipType="OnCursor" Name="SimpleConfirmTooltip" Border="0" Picture="1" SwallowMouseClicks="1" Moveable="0" Escapable="0" Overlapped="1" BGColor="white" TextColor="white" TooltipColor="" Sprite="" IgnoreMouse="1">
        <Control Class="Window" LAnchorPoint="0" LAnchorOffset="-20" TAnchorPoint="0" TAnchorOffset="-20" RAnchorPoint="1" RAnchorOffset="20" BAnchorPoint="1" BAnchorOffset="20" RelativeToClient="1" Font="Default" Text="" BGColor="UI_WindowBGDefault" TextColor="UI_WindowTextDefault" Template="Default" TooltipType="OnCursor" Name="HoloFraming" TooltipColor="" Sprite="BK3:UI_BK3_Holo_Framing_3" Picture="1" IgnoreMouse="1" NoClip="1"/>
        <Control Class="Window" LAnchorPoint="0" LAnchorOffset="15" TAnchorPoint="0" TAnchorOffset="13" RAnchorPoint="1" RAnchorOffset="-17" BAnchorPoint="0" BAnchorOffset="33" RelativeToClient="1" Font="CRB_InterfaceSmall_I" Text="" Template="Default" TooltipType="OnCursor" Name="SimpleConfirmTooltipTitle" BGColor="white" TextColor="UI_TextHoloBodyHighlight" TooltipColor="" TextId="MarketplaceCommodity_ClickToBuyNow" DT_CENTER="0"/>
        <Control Class="Window" LAnchorPoint="0" LAnchorOffset="18" TAnchorPoint="0" TAnchorOffset="31" RAnchorPoint="1" RAnchorOffset="-14" BAnchorPoint="0" BAnchorOffset="71" RelativeToClient="1" Font="CRB_InterfaceSmall" Text="" Template="Default" TooltipType="OnCursor" Name="SimpleConfirmTooltipText" BGColor="white" TextColor="white" TooltipColor="" TextId="CRB__2" Tooltip="" DT_WORDBREAK="1"/>
        <Control Class="CashWindow" LAnchorPoint="0" LAnchorOffset="16" TAnchorPoint="0" TAnchorOffset="64" RAnchorPoint="1" RAnchorOffset="-16" BAnchorPoint="0" BAnchorOffset="84" TooltipType="OnCursor" RelativeToClient="1" Font="CRB_InterfaceSmall" Text="" Template="Default" BGColor="white" TextColor="UI_TextHoloBody" DT_RIGHT="0" Name="SimpleConfirmTooltipPrice" TooltipColor="" HideInEditor="0" Visible="1" SkipZeroes="1" IgnoreMouse="1"/>
    </Form>
    <Form Class="Window" LAnchorPoint="0" LAnchorOffset="0" TAnchorPoint="0" TAnchorOffset="0" RAnchorPoint="0" RAnchorOffset="250" BAnchorPoint="0" BAnchorOffset="167" RelativeToClient="1" Font="Default" Text="" Template="Default" TooltipType="OnCursor" Name="AdvancedConfirmTooltip" Border="0" Picture="1" SwallowMouseClicks="1" Moveable="0" Escapable="0" Overlapped="1" BGColor="white" TextColor="white" TooltipColor="" Sprite="" IgnoreMouse="1" Tooltip="">
        <Control Class="Window" LAnchorPoint="0" LAnchorOffset="-20" TAnchorPoint="0" TAnchorOffset="-20" RAnchorPoint="1" RAnchorOffset="20" BAnchorPoint="1" BAnchorOffset="20" RelativeToClient="1" Font="Default" Text="" BGColor="UI_WindowBGDefault" TextColor="UI_WindowTextDefault" Template="Default" TooltipType="OnCursor" Name="HoloFraming" TooltipColor="" Sprite="BK3:UI_BK3_Holo_Framing_3" Picture="1" IgnoreMouse="1" NoClip="1">
            <Control Class="Window" LAnchorPoint="0" LAnchorOffset="35" TAnchorPoint="1" TAnchorOffset="-71" RAnchorPoint="0" RAnchorOffset="92" BAnchorPoint="1" BAnchorOffset="-52" RelativeToClient="1" Font="CRB_InterfaceSmall" Text="" BGColor="UI_WindowBGDefault" TextColor="UI_TextHoloTitle" Template="Default" TooltipType="OnCursor" Name="Duration" TooltipColor="" TextId="CRB_Duration_" Sprite="" Picture="1" IgnoreMouse="1"/>
            <Control Class="Window" LAnchorPoint="0" LAnchorOffset="27" TAnchorPoint="1" TAnchorOffset="-60" RAnchorPoint="0" RAnchorOffset="63" BAnchorPoint="1" BAnchorOffset="-24" RelativeToClient="1" Font="CRB_InterfaceSmall" Text="" BGColor="UI_WindowBGDefault" TextColor="UI_TextHoloTitle" Template="Default" TooltipType="OnCursor" Name="DurationIcon" TooltipColor="" TextId="" Sprite="Market:UI_Auction_Icon_TimeGreen" Picture="1" IgnoreMouse="1"/>
        </Control>
        <Control Class="Window" LAnchorPoint="0" LAnchorOffset="15" TAnchorPoint="0" TAnchorOffset="13" RAnchorPoint="1" RAnchorOffset="-17" BAnchorPoint="0" BAnchorOffset="33" RelativeToClient="1" Font="CRB_InterfaceSmall_I" Text="" Template="Default" TooltipType="OnCursor" Name="SimpleConfirmTooltipTitle" BGColor="white" TextColor="UI_TextHoloBodyHighlight" TooltipColor="" TextId="MarketplaceCommodity_ClickToBuyNow" DT_CENTER="0" NewControlDepth="3"/>
        <Control Class="Window" LAnchorPoint="0" LAnchorOffset="18" TAnchorPoint="0" TAnchorOffset="36" RAnchorPoint="1" RAnchorOffset="-20" BAnchorPoint="0" BAnchorOffset="76" RelativeToClient="1" Font="CRB_InterfaceSmall" Text="" Template="Default" TooltipType="OnCursor" Name="SimpleConfirmTooltipText" BGColor="white" TextColor="white" TooltipColor="" TextId="MarketplaceCommodity_MultiItem" Tooltip="" DT_WORDBREAK="1"/>
        <Control Class="Window" LAnchorPoint="0" LAnchorOffset="35" TAnchorPoint="1" TAnchorOffset="-32" RAnchorPoint="0.5" RAnchorOffset="-9" BAnchorPoint="1" BAnchorOffset="-12" RelativeToClient="1" Font="CRB_InterfaceSmall" Text="" Template="Default" TooltipType="OnCursor" Name="AdvancedConfirmDurationText" BGColor="white" TextColor="UI_TextHoloBody" TooltipColor="" TextId="CRB__2" Tooltip=""/>
        <Control Class="Window" LAnchorPoint="0" LAnchorOffset="15" TAnchorPoint="0" TAnchorOffset="70" RAnchorPoint="0" RAnchorOffset="235" BAnchorPoint="0" BAnchorOffset="118" RelativeToClient="1" Font="Default" Text="" BGColor="UI_WindowBGDefault" TextColor="UI_WindowTextDefault" Template="Default" TooltipType="OnCursor" Name="AdvancedConfirmSellFeeContainer" TooltipColor="">
            <Control Class="CashWindow" LAnchorPoint="0" LAnchorOffset="0" TAnchorPoint="1" TAnchorOffset="-28" RAnchorPoint="1" RAnchorOffset="0" BAnchorPoint="1" BAnchorOffset="-8" TooltipType="OnCursor" RelativeToClient="1" Font="CRB_InterfaceSmall" Text="" Template="Default" BGColor="white" TextColor="UI_TextHoloBody" DT_RIGHT="0" Name="SimpleConfirmTooltipPrice" TooltipColor="" HideInEditor="0" Visible="1" SkipZeroes="1" IgnoreMouse="1"/>
            <Control Class="Window" LAnchorPoint="0" LAnchorOffset="0" TAnchorPoint="1" TAnchorOffset="-42" RAnchorPoint="1" RAnchorOffset="0" BAnchorPoint="1" BAnchorOffset="-23" RelativeToClient="1" Font="CRB_InterfaceSmall" Text="" BGColor="UI_WindowBGDefault" TextColor="UI_TextHoloTitle" Template="Default" TooltipType="OnCursor" Name="AdvancedConfirmSellFeeText" TooltipColor="" TextId="Market_ListingFeePercent" Sprite="" Picture="1" IgnoreMouse="1"/>
        </Control>
    </Form>
    <Form Class="Window" LAnchorPoint="0" LAnchorOffset="0" TAnchorPoint="0" TAnchorOffset="0" RAnchorPoint="1" RAnchorOffset="0" BAnchorPoint="0" BAnchorOffset="30" RelativeToClient="1" Font="Default" Text="" Template="Default" TooltipType="OnCursor" Name="FilterOptionsRarityItem" BGColor="white" TextColor="white" TooltipColor="" Tooltip="">
        <Control Class="Button" Base="BK3:btnMetal_ExpandMenu_NoNav" Font="CRB_InterfaceSmall" ButtonType="Check" RadioGroup="" LAnchorPoint="0" LAnchorOffset="0" TAnchorPoint="0" TAnchorOffset="0" RAnchorPoint="1" RAnchorOffset="-30" BAnchorPoint="1" BAnchorOffset="0" DT_VCENTER="1" DT_CENTER="1" TooltipType="OnCursor" Name="FilterOptionsRarityItemBtn" BGColor="white" TextColor="white" TooltipColor="" NormalTextColor="UI_BtnTextGoldListNormal" PressedTextColor="UI_BtnTextGoldListPressed" FlybyTextColor="UI_BtnTextGoldListFlyby" PressedFlybyTextColor="UI_BtnTextGoldListPressedFlyby" DisabledTextColor="UI_BtnTextGoldDisabled" Text="" TextId="" TooltipFont="CRB_InterfaceSmall_O">
            <Control Class="Window" LAnchorPoint="0" LAnchorOffset="0" TAnchorPoint="0" TAnchorOffset="4" RAnchorPoint="0" RAnchorOffset="22" BAnchorPoint="1" BAnchorOffset="-4" RelativeToClient="1" Font="Default" Text="" Template="Default" TooltipType="OnCursor" Name="FilterOptionsRarityItemCheck" BGColor="white" TextColor="white" TooltipColor="" Picture="1" IgnoreMouse="1" Sprite="sprCharC_NameCheckYes" NewControlDepth="1"/>
            <Event Name="ButtonCheck" Function="OnFilterOptionsRarityItemToggle"/>
            <Event Name="ButtonUncheck" Function="OnFilterOptionsRarityItemToggle"/>
        </Control>
        <Control Class="Window" LAnchorPoint="1" LAnchorOffset="-25" TAnchorPoint="0" TAnchorOffset="4" RAnchorPoint="1" RAnchorOffset="-4" BAnchorPoint="1" BAnchorOffset="-4" RelativeToClient="1" Font="Default" Text="" Template="Default" TooltipType="OnCursor" Name="FilterOptionsRarityItemColor" BGColor="ItemQuality_Good" TextColor="white" TooltipColor="" Picture="1" IgnoreMouse="1" Sprite="ClientSprites:WhiteFill" TooltipFont="CRB_InterfaceSmall_O" NewControlDepth="1"/>
        <Control Class="Window" LAnchorPoint="1" LAnchorOffset="-30" TAnchorPoint="0" TAnchorOffset="0" RAnchorPoint="1" RAnchorOffset="0" BAnchorPoint="1" BAnchorOffset="0" RelativeToClient="1" Font="Default" Text="" Template="Default" TooltipType="OnCursor" Name="FilterOptionsRarityItemFrame" BGColor="white" TextColor="white" TooltipColor="" Sprite="CRB_UIKitSprites:spr_iconOverlay" Picture="1" IgnoreMouse="1"/>
    </Form>
    <Form Class="Window" LAnchorPoint="0" LAnchorOffset="0" TAnchorPoint="0" TAnchorOffset="0" RAnchorPoint="1" RAnchorOffset="-5" BAnchorPoint="0" BAnchorOffset="30" RelativeToClient="1" Font="CRB_InterfaceMedium" Text="" Template="Default" TooltipType="OnCursor" Name="TooManySearchResultsText" Border="0" Picture="0" SwallowMouseClicks="1" Moveable="0" Escapable="0" Overlapped="1" BGColor="white" TextColor="UI_TextHoloTitle" TooltipColor="" IgnoreMouse="1" TextId="Challenges_NoProgress" DT_CENTER="1" DT_VCENTER="1" DT_RIGHT="0" Tooltip=""/>
</Forms>
