<Forms>
    <Form Class="Window" LAnchorPoint=".3" LAnchorOffset="-300" TAnchorPoint=".5" TAnchorOffset="-350" RAnchorPoint=".3" RAnchorOffset="278" BAnchorPoint=".5" BAnchorOffset="364" RelativeToClient="1" Font="Default" Text="" Template="Default" Name="HUDForm" Border="0" Picture="0" SwallowMouseClicks="1" Moveable="1" Escapable="1" Overlapped="1" BGColor="ffffffff" TextColor="ffffffff" TextId="" TooltipColor="" Tooltip="">
        <Control Class="Window" LAnchorPoint="0" LAnchorOffset="0" TAnchorPoint="0" TAnchorOffset="0" RAnchorPoint="1" RAnchorOffset="0" BAnchorPoint="1" BAnchorOffset="0" RelativeToClient="1" Font="Default" Text="" Template="Default" TooltipType="OnCursor" Name="BGArt1" BGColor="ffffffff" TextColor="ffffffff" TooltipColor="">
            <Control Class="Window" LAnchorPoint="0" LAnchorOffset="24" TAnchorPoint="0" TAnchorOffset="69" RAnchorPoint="1" RAnchorOffset="-25" BAnchorPoint="1" BAnchorOffset="-19" RelativeToClient="1" Font="Default" Text="" Template="Holo_Background_General" TooltipType="OnCursor" Name="BGArt_Base" BGColor="ffffffff" TextColor="ffffffff" TooltipColor="" Picture="1" IgnoreMouse="1" Sprite=""/>
        </Control>
        <Control Class="Window" LAnchorPoint="0" LAnchorOffset="40" TAnchorPoint="0" TAnchorOffset="88" RAnchorPoint="1" RAnchorOffset="-40" BAnchorPoint="1" BAnchorOffset="-101" RelativeToClient="0" Font="Default" Text="" Template="Holo_ScrollList" Name="ContentMain" BGColor="ffffffff" TextColor="ffffffff" VScroll="0" TooltipColor="" Tooltip="" HideInEditor="0" Border="1" IgnoreMouse="1" UseTemplateBG="1" NewControlDepth="2">
            <Pixie LAnchorPoint="0" LAnchorOffset="10" TAnchorPoint="0" TAnchorOffset="21" RAnchorPoint=".5" RAnchorOffset="-8" BAnchorPoint="0" BAnchorOffset="34" BGColor="ffffffff" Font="CRB_InterfaceMedium" TextColor="UI_TextHoloTitle" Text="My Unit Frame:" TextId="" DT_RIGHT="0" DT_VCENTER="0" Line="0"/>
            <Pixie LAnchorPoint="0" LAnchorOffset="10" TAnchorPoint="0" TAnchorOffset="63" RAnchorPoint=".5" RAnchorOffset="-10" BAnchorPoint="1" BAnchorOffset="0" BGColor="ffffffff" Font="CRB_InterfaceMedium" TextColor="UI_TextHoloTitle" Text="Focus Target:" TextId="" DT_RIGHT="0" DT_VCENTER="0" Line="0"/>
            <Pixie LAnchorPoint="0" LAnchorOffset="10" TAnchorPoint="0" TAnchorOffset="104" RAnchorPoint=".5" RAnchorOffset="-30" BAnchorPoint="1" BAnchorOffset="0" BGColor="ffffffff" Font="CRB_InterfaceMedium" TextColor="UI_TextHoloTitle" Text="Target of Target:" TextId="" DT_RIGHT="0" DT_VCENTER="0" Line="0"/>
            <Pixie LAnchorPoint="0" LAnchorOffset="10" TAnchorPoint="0" TAnchorOffset="148" RAnchorPoint=".5" RAnchorOffset="1" BAnchorPoint="1" BAnchorOffset="0" BGColor="ffffffff" Font="CRB_InterfaceMedium" TextColor="UI_TextHoloTitle" Text="Skills:" TextId="" DT_RIGHT="0" DT_VCENTER="0" Line="0"/>
            <Pixie LAnchorPoint="0" LAnchorOffset="10" TAnchorPoint="0" TAnchorOffset="189" RAnchorPoint=".5" RAnchorOffset="114" BAnchorPoint="1" BAnchorOffset="0" BGColor="ffffffff" Font="CRB_InterfaceMedium" TextColor="UI_TextHoloTitle" Text="Resource:" TextId="" DT_RIGHT="0" DT_VCENTER="0" Line="0"/>
            <Pixie LAnchorPoint="0" LAnchorOffset="10" TAnchorPoint="0" TAnchorOffset="231" RAnchorPoint=".5" RAnchorOffset="114" BAnchorPoint="1" BAnchorOffset="0" BGColor="ffffffff" Font="CRB_InterfaceMedium" TextColor="UI_TextHoloTitle" Text="Left Secondary Action Bar:" TextId="" DT_RIGHT="0" DT_VCENTER="0" Line="0"/>
            <Pixie LAnchorPoint="0" LAnchorOffset="10" TAnchorPoint="0" TAnchorOffset="273" RAnchorPoint=".5" RAnchorOffset="114" BAnchorPoint="1" BAnchorOffset="0" BGColor="ffffffff" Font="CRB_InterfaceMedium" TextColor="UI_TextHoloTitle" Text="Right Secondary Action Bar:" TextId="" DT_RIGHT="0" DT_VCENTER="0" Line="0"/>
            <Pixie LAnchorPoint="0" LAnchorOffset="10" TAnchorPoint="0" TAnchorOffset="314" RAnchorPoint=".5" RAnchorOffset="114" BAnchorPoint="1" BAnchorOffset="0" BGColor="ffffffff" Font="CRB_InterfaceMedium" TextColor="UI_TextHoloTitle" Text="XP:" TextId="" DT_RIGHT="0" DT_VCENTER="0" Line="0"/>
            <Pixie LAnchorPoint="0" LAnchorOffset="10" TAnchorPoint="0" TAnchorOffset="357" RAnchorPoint=".5" RAnchorOffset="114" BAnchorPoint="1" BAnchorOffset="0" BGColor="ffffffff" Font="CRB_InterfaceMedium" TextColor="UI_TextHoloTitle" Text="Mount Button:" TextId="" DT_RIGHT="0" DT_VCENTER="0" Line="0"/>
            <Pixie LAnchorPoint="0" LAnchorOffset="10" TAnchorPoint="0" TAnchorOffset="399" RAnchorPoint=".5" RAnchorOffset="114" BAnchorPoint="1" BAnchorOffset="0" BGColor="ffffffff" Font="CRB_InterfaceMedium" TextColor="UI_TextHoloTitle" Text="" TextId="OptionsHUD_DatachronLabel" DT_RIGHT="0" DT_VCENTER="0" Line="0"/>
            <Pixie LAnchorPoint="0" LAnchorOffset="10" TAnchorPoint="0" TAnchorOffset="442" RAnchorPoint=".5" RAnchorOffset="114" BAnchorPoint="1" BAnchorOffset="0" BGColor="ffffffff" Font="CRB_InterfaceMedium" TextColor="UI_TextHoloTitle" Text="Time:" TextId="" DT_RIGHT="0" DT_VCENTER="0" Line="0"/>
            <Pixie LAnchorPoint="0" LAnchorOffset="10" TAnchorPoint="0" TAnchorOffset="483" RAnchorPoint=".5" RAnchorOffset="114" BAnchorPoint="1" BAnchorOffset="0" BGColor="ffffffff" Font="CRB_InterfaceMedium" TextColor="UI_TextHoloTitle" Text="Health Text:" TextId="" DT_RIGHT="0" DT_VCENTER="0" Line="0"/>
            <Control Class="Button" Base="BK3:btnHolo_Blue_Small" Font="CRB_Button" ButtonType="Check" RadioGroup="" LAnchorPoint="1" LAnchorOffset="-261" TAnchorPoint="0" TAnchorOffset="6" RAnchorPoint="1" RAnchorOffset="-26" BAnchorPoint="0" BAnchorOffset="59" DT_VCENTER="1" DT_CENTER="1" TooltipType="OnCursor" Name="DropToggleMyUnitFrame" BGColor="ffffffff" TextColor="ffffffff" TooltipColor="" NormalTextColor="UI_BtnTextHoloNormal" PressedTextColor="UI_BtnTextHoloPressed" FlybyTextColor="UI_BtnTextHoloFlyby" PressedFlybyTextColor="UI_BtnTextHoloPressedFlyby" DisabledTextColor="UI_BtnTextHoloDisabled" Text="" TextId="CRB_Test_Set_name" HideInEditor="0">
                <Event Name="ButtonCheck" Function="OnWindowModeToggle"/>
                <Event Name="ButtonUncheck" Function="OnWindowModeToggle"/>
                <Control Class="Window" LAnchorPoint="1" LAnchorOffset="-20" TAnchorPoint="0" TAnchorOffset="-40" RAnchorPoint="1" RAnchorOffset="250" BAnchorPoint="0" BAnchorOffset="182" RelativeToClient="1" Font="Default" Text="" Template="Default" TooltipType="OnCursor" Name="ChoiceContainer" BGColor="ffffffff" TextColor="ffffffff" TooltipColor="" CloseOnExternalClick="1" Picture="1" NewWindowDepth="1" Sprite="BK3:sprHolo_Alert_Flyout" NoClip="1" HideInEditor="0">
                    <Control Class="Button" Name="AlwaysOn" ButtonType="Check" Base="BK3:btnHolo_ListView_Top" Font="CRB_Button" TextColor="ffffb000" DrawAsCheckbox="0" RelativeToClient="1" BGColor="ffffffff" DT_VCENTER="1" LAnchorPoint="0" LAnchorOffset="40" TAnchorPoint="0" TAnchorOffset="45" RAnchorPoint="1" RAnchorOffset="-40" BAnchorPoint="0" BAnchorOffset="78" TextId="" TooltipColor="" NormalTextColor="UI_BtnTextHoloNormal" PressedTextColor="UI_BtnTextHoloPressed" FlybyTextColor="UI_BtnTextHoloFlyby" PressedFlybyTextColor="UI_BtnTextHoloPressedFlyby" DisabledTextColor="UI_BtnTextHoloDisabled" NoClip="1" DT_CENTER="1" GlobalRadioGroup="" RadioGroup="HUDMyUnitFrameGroup" RadioDisallowNonSelection="1" Text="Always On" Sprite="">
                        <zzEvent Name="ButtonCheck" Function=""/>
                        <zzEvent Name="ButtonUncheck" Function=""/>
                        <Event Name="ButtonCheck" Function="OnHUDRadio"/>
                    </Control>
                    <Control Class="Button" Name="AlwaysOff" ButtonType="Check" Base="BK3:btnHolo_ListView_Mid" Font="CRB_Button" TextColor="ffffb000" DrawAsCheckbox="0" RelativeToClient="1" BGColor="ffffffff" DT_VCENTER="1" LAnchorPoint="0" LAnchorOffset="40" TAnchorPoint="0" TAnchorOffset="78" RAnchorPoint="1" RAnchorOffset="-40" BAnchorPoint="0" BAnchorOffset="111" TextId="" TooltipColor="" NormalTextColor="UI_BtnTextHoloNormal" PressedTextColor="UI_BtnTextHoloPressed" FlybyTextColor="UI_BtnTextHoloFlyby" PressedFlybyTextColor="UI_BtnTextHoloPressedFlyby" DisabledTextColor="UI_BtnTextHoloDisabled" NoClip="1" DT_CENTER="1" GlobalRadioGroup="" RadioGroup="HUDMyUnitFrameGroup" RadioDisallowNonSelection="1" Text="Always Off" Sprite="">
                        <zzEvent Name="ButtonCheck" Function=""/>
                        <zzEvent Name="ButtonUncheck" Function=""/>
                        <Event Name="ButtonCheck" Function="OnHUDRadio"/>
                    </Control>
                    <Control Class="Button" Name="OnInCombat" ButtonType="Check" Base="BK3:btnHolo_ListView_Mid" Font="CRB_Button" TextColor="ffffb000" DrawAsCheckbox="0" RelativeToClient="1" BGColor="ffffffff" DT_VCENTER="1" LAnchorPoint="0" LAnchorOffset="40" TAnchorPoint="0" TAnchorOffset="111" RAnchorPoint="1" RAnchorOffset="-40" BAnchorPoint="0" BAnchorOffset="144" TextId="" TooltipColor="" NormalTextColor="UI_BtnTextHoloNormal" PressedTextColor="UI_BtnTextHoloPressed" FlybyTextColor="UI_BtnTextHoloFlyby" PressedFlybyTextColor="UI_BtnTextHoloPressedFlyby" DisabledTextColor="UI_BtnTextHoloDisabled" NoClip="1" DT_CENTER="1" GlobalRadioGroup="" RadioGroup="HUDMyUnitFrameGroup" RadioDisallowNonSelection="1" Text="On While In Combat" Sprite="">
                        <zzEvent Name="ButtonCheck" Function=""/>
                        <zzEvent Name="ButtonUncheck" Function=""/>
                        <Event Name="ButtonCheck" Function="OnHUDRadio"/>
                    </Control>
                    <Control Class="Button" Name="OffInCombat" ButtonType="Check" Base="BK3:btnHolo_ListView_Btm" Font="CRB_Button" TextColor="ffffb000" DrawAsCheckbox="0" RelativeToClient="1" BGColor="ffffffff" DT_VCENTER="1" LAnchorPoint="0" LAnchorOffset="40" TAnchorPoint="0" TAnchorOffset="144" RAnchorPoint="1" RAnchorOffset="-40" BAnchorPoint="0" BAnchorOffset="177" TextId="" TooltipColor="" NormalTextColor="UI_BtnTextHoloNormal" PressedTextColor="UI_BtnTextHoloPressed" FlybyTextColor="UI_BtnTextHoloFlyby" PressedFlybyTextColor="UI_BtnTextHoloPressedFlyby" DisabledTextColor="UI_BtnTextHoloDisabled" NoClip="1" DT_CENTER="1" GlobalRadioGroup="" RadioGroup="HUDMyUnitFrameGroup" RadioDisallowNonSelection="1" Text="Off While In Combat" Sprite="" HideInEditor="0">
                        <zzEvent Name="ButtonCheck" Function=""/>
                        <zzEvent Name="ButtonUncheck" Function=""/>
                        <Event Name="ButtonCheck" Function="OnHUDRadio"/>
                    </Control>
                </Control>
            </Control>
            <Control Class="Button" Base="BK3:btnHolo_Blue_Small" Font="CRB_Button" ButtonType="Check" RadioGroup="" LAnchorPoint="1" LAnchorOffset="-261" TAnchorPoint="0" TAnchorOffset="48" RAnchorPoint="1" RAnchorOffset="-26" BAnchorPoint="0" BAnchorOffset="101" DT_VCENTER="1" DT_CENTER="1" TooltipType="OnCursor" Name="DropToggleFocusTargetFrame" BGColor="ffffffff" TextColor="ffffffff" TooltipColor="" NormalTextColor="UI_BtnTextHoloNormal" PressedTextColor="UI_BtnTextHoloPressed" FlybyTextColor="UI_BtnTextHoloFlyby" PressedFlybyTextColor="UI_BtnTextHoloPressedFlyby" DisabledTextColor="UI_BtnTextHoloDisabled" Text="" TextId="CRB_Test_Set_name" HideInEditor="0">
                <Event Name="ButtonCheck" Function="OnWindowModeToggle"/>
                <Event Name="ButtonUncheck" Function="OnWindowModeToggle"/>
                <Control Class="Window" LAnchorPoint="1" LAnchorOffset="-20" TAnchorPoint="0" TAnchorOffset="-40" RAnchorPoint="1" RAnchorOffset="250" BAnchorPoint="0" BAnchorOffset="182" RelativeToClient="1" Font="Default" Text="" Template="Default" TooltipType="OnCursor" Name="ChoiceContainer" BGColor="ffffffff" TextColor="ffffffff" TooltipColor="" CloseOnExternalClick="1" Picture="1" NewWindowDepth="1" Sprite="BK3:sprHolo_Alert_Flyout" NoClip="1" HideInEditor="1">
                    <Control Class="Button" Name="AlwaysOn" ButtonType="Check" Base="BK3:btnHolo_ListView_Top" Font="CRB_Button" TextColor="ffffb000" DrawAsCheckbox="0" RelativeToClient="1" BGColor="ffffffff" DT_VCENTER="1" LAnchorPoint="0" LAnchorOffset="40" TAnchorPoint="0" TAnchorOffset="45" RAnchorPoint="1" RAnchorOffset="-40" BAnchorPoint="0" BAnchorOffset="78" TextId="" TooltipColor="" NormalTextColor="UI_BtnTextHoloNormal" PressedTextColor="UI_BtnTextHoloPressed" FlybyTextColor="UI_BtnTextHoloFlyby" PressedFlybyTextColor="UI_BtnTextHoloPressedFlyby" DisabledTextColor="UI_BtnTextHoloDisabled" NoClip="1" DT_CENTER="1" GlobalRadioGroup="" RadioGroup="HUDFocusTargetFrameGroup" RadioDisallowNonSelection="1" Text="Always On" Sprite="">
                        <zzEvent Name="ButtonCheck" Function=""/>
                        <zzEvent Name="ButtonUncheck" Function=""/>
                        <Event Name="ButtonCheck" Function="OnHUDRadio"/>
                    </Control>
                    <Control Class="Button" Name="AlwaysOff" ButtonType="Check" Base="BK3:btnHolo_ListView_Mid" Font="CRB_Button" TextColor="ffffb000" DrawAsCheckbox="0" RelativeToClient="1" BGColor="ffffffff" DT_VCENTER="1" LAnchorPoint="0" LAnchorOffset="40" TAnchorPoint="0" TAnchorOffset="78" RAnchorPoint="1" RAnchorOffset="-40" BAnchorPoint="0" BAnchorOffset="111" TextId="" TooltipColor="" NormalTextColor="UI_BtnTextHoloNormal" PressedTextColor="UI_BtnTextHoloPressed" FlybyTextColor="UI_BtnTextHoloFlyby" PressedFlybyTextColor="UI_BtnTextHoloPressedFlyby" DisabledTextColor="UI_BtnTextHoloDisabled" NoClip="1" DT_CENTER="1" GlobalRadioGroup="" RadioGroup="HUDFocusTargetFrameGroup" RadioDisallowNonSelection="1" Text="Always Off" Sprite="">
                        <zzEvent Name="ButtonCheck" Function=""/>
                        <zzEvent Name="ButtonUncheck" Function=""/>
                        <Event Name="ButtonCheck" Function="OnHUDRadio"/>
                    </Control>
                    <Control Class="Button" Name="OnInCombat" ButtonType="Check" Base="BK3:btnHolo_ListView_Mid" Font="CRB_Button" TextColor="ffffb000" DrawAsCheckbox="0" RelativeToClient="1" BGColor="ffffffff" DT_VCENTER="1" LAnchorPoint="0" LAnchorOffset="40" TAnchorPoint="0" TAnchorOffset="111" RAnchorPoint="1" RAnchorOffset="-40" BAnchorPoint="0" BAnchorOffset="144" TextId="" TooltipColor="" NormalTextColor="UI_BtnTextHoloNormal" PressedTextColor="UI_BtnTextHoloPressed" FlybyTextColor="UI_BtnTextHoloFlyby" PressedFlybyTextColor="UI_BtnTextHoloPressedFlyby" DisabledTextColor="UI_BtnTextHoloDisabled" NoClip="1" DT_CENTER="1" GlobalRadioGroup="" RadioGroup="HUDFocusTargetFrameGroup" RadioDisallowNonSelection="1" Text="On While In Combat" Sprite="">
                        <zzEvent Name="ButtonCheck" Function=""/>
                        <zzEvent Name="ButtonUncheck" Function=""/>
                        <Event Name="ButtonCheck" Function="OnHUDRadio"/>
                    </Control>
                    <Control Class="Button" Name="OffInCombat" ButtonType="Check" Base="BK3:btnHolo_ListView_Btm" Font="CRB_Button" TextColor="ffffb000" DrawAsCheckbox="0" RelativeToClient="1" BGColor="ffffffff" DT_VCENTER="1" LAnchorPoint="0" LAnchorOffset="40" TAnchorPoint="0" TAnchorOffset="144" RAnchorPoint="1" RAnchorOffset="-40" BAnchorPoint="0" BAnchorOffset="177" TextId="" TooltipColor="" NormalTextColor="UI_BtnTextHoloNormal" PressedTextColor="UI_BtnTextHoloPressed" FlybyTextColor="UI_BtnTextHoloFlyby" PressedFlybyTextColor="UI_BtnTextHoloPressedFlyby" DisabledTextColor="UI_BtnTextHoloDisabled" NoClip="1" DT_CENTER="1" GlobalRadioGroup="" RadioGroup="HUDFocusTargetFrameGroup" RadioDisallowNonSelection="1" Text="Off While In Combat" Sprite="">
                        <zzEvent Name="ButtonCheck" Function=""/>
                        <zzEvent Name="ButtonUncheck" Function=""/>
                        <Event Name="ButtonCheck" Function="OnHUDRadio"/>
                    </Control>
                </Control>
            </Control>
            <Control Class="Button" Base="BK3:btnHolo_Blue_Small" Font="CRB_Button" ButtonType="Check" RadioGroup="" LAnchorPoint="1" LAnchorOffset="-261" TAnchorPoint="0" TAnchorOffset="90" RAnchorPoint="1" RAnchorOffset="-26" BAnchorPoint="0" BAnchorOffset="143" DT_VCENTER="1" DT_CENTER="1" TooltipType="OnCursor" Name="DropToggleTargetOfTargetFrame" BGColor="ffffffff" TextColor="ffffffff" TooltipColor="" NormalTextColor="UI_BtnTextHoloNormal" PressedTextColor="UI_BtnTextHoloPressed" FlybyTextColor="UI_BtnTextHoloFlyby" PressedFlybyTextColor="UI_BtnTextHoloPressedFlyby" DisabledTextColor="UI_BtnTextHoloDisabled" Text="" TextId="CRB_Test_Set_name" HideInEditor="0">
                <Event Name="ButtonCheck" Function="OnWindowModeToggle"/>
                <Event Name="ButtonUncheck" Function="OnWindowModeToggle"/>
                <Control Class="Window" LAnchorPoint="1" LAnchorOffset="-20" TAnchorPoint="0" TAnchorOffset="-40" RAnchorPoint="1" RAnchorOffset="250" BAnchorPoint="0" BAnchorOffset="182" RelativeToClient="1" Font="Default" Text="" Template="Default" TooltipType="OnCursor" Name="ChoiceContainer" BGColor="ffffffff" TextColor="ffffffff" TooltipColor="" CloseOnExternalClick="1" Picture="1" NewWindowDepth="1" Sprite="BK3:sprHolo_Alert_Flyout" NoClip="1" HideInEditor="1">
                    <Control Class="Button" Name="AlwaysOn" ButtonType="Check" Base="BK3:btnHolo_ListView_Top" Font="CRB_Button" TextColor="ffffb000" DrawAsCheckbox="0" RelativeToClient="1" BGColor="ffffffff" DT_VCENTER="1" LAnchorPoint="0" LAnchorOffset="40" TAnchorPoint="0" TAnchorOffset="45" RAnchorPoint="1" RAnchorOffset="-40" BAnchorPoint="0" BAnchorOffset="78" TextId="" TooltipColor="" NormalTextColor="UI_BtnTextHoloNormal" PressedTextColor="UI_BtnTextHoloPressed" FlybyTextColor="UI_BtnTextHoloFlyby" PressedFlybyTextColor="UI_BtnTextHoloPressedFlyby" DisabledTextColor="UI_BtnTextHoloDisabled" NoClip="1" DT_CENTER="1" GlobalRadioGroup="" RadioGroup="HUDTargetOfTargetFrameGroup" RadioDisallowNonSelection="1" Text="Always On" Sprite="">
                        <zzEvent Name="ButtonCheck" Function=""/>
                        <zzEvent Name="ButtonUncheck" Function=""/>
                        <Event Name="ButtonCheck" Function="OnHUDRadio"/>
                    </Control>
                    <Control Class="Button" Name="AlwaysOff" ButtonType="Check" Base="BK3:btnHolo_ListView_Mid" Font="CRB_Button" TextColor="ffffb000" DrawAsCheckbox="0" RelativeToClient="1" BGColor="ffffffff" DT_VCENTER="1" LAnchorPoint="0" LAnchorOffset="40" TAnchorPoint="0" TAnchorOffset="78" RAnchorPoint="1" RAnchorOffset="-40" BAnchorPoint="0" BAnchorOffset="111" TextId="" TooltipColor="" NormalTextColor="UI_BtnTextHoloNormal" PressedTextColor="UI_BtnTextHoloPressed" FlybyTextColor="UI_BtnTextHoloFlyby" PressedFlybyTextColor="UI_BtnTextHoloPressedFlyby" DisabledTextColor="UI_BtnTextHoloDisabled" NoClip="1" DT_CENTER="1" GlobalRadioGroup="" RadioGroup="HUDTargetOfTargetFrameGroup" RadioDisallowNonSelection="1" Text="Always Off" Sprite="">
                        <zzEvent Name="ButtonCheck" Function=""/>
                        <zzEvent Name="ButtonUncheck" Function=""/>
                        <Event Name="ButtonCheck" Function="OnHUDRadio"/>
                    </Control>
                    <Control Class="Button" Name="OnInCombat" ButtonType="Check" Base="BK3:btnHolo_ListView_Mid" Font="CRB_Button" TextColor="ffffb000" DrawAsCheckbox="0" RelativeToClient="1" BGColor="ffffffff" DT_VCENTER="1" LAnchorPoint="0" LAnchorOffset="40" TAnchorPoint="0" TAnchorOffset="111" RAnchorPoint="1" RAnchorOffset="-40" BAnchorPoint="0" BAnchorOffset="144" TextId="" TooltipColor="" NormalTextColor="UI_BtnTextHoloNormal" PressedTextColor="UI_BtnTextHoloPressed" FlybyTextColor="UI_BtnTextHoloFlyby" PressedFlybyTextColor="UI_BtnTextHoloPressedFlyby" DisabledTextColor="UI_BtnTextHoloDisabled" NoClip="1" DT_CENTER="1" GlobalRadioGroup="" RadioGroup="HUDTargetOfTargetFrameGroup" RadioDisallowNonSelection="1" Text="On While In Combat" Sprite="">
                        <zzEvent Name="ButtonCheck" Function=""/>
                        <zzEvent Name="ButtonUncheck" Function=""/>
                        <Event Name="ButtonCheck" Function="OnHUDRadio"/>
                    </Control>
                    <Control Class="Button" Name="OffInCombat" ButtonType="Check" Base="BK3:btnHolo_ListView_Btm" Font="CRB_Button" TextColor="ffffb000" DrawAsCheckbox="0" RelativeToClient="1" BGColor="ffffffff" DT_VCENTER="1" LAnchorPoint="0" LAnchorOffset="40" TAnchorPoint="0" TAnchorOffset="144" RAnchorPoint="1" RAnchorOffset="-40" BAnchorPoint="0" BAnchorOffset="177" TextId="" TooltipColor="" NormalTextColor="UI_BtnTextHoloNormal" PressedTextColor="UI_BtnTextHoloPressed" FlybyTextColor="UI_BtnTextHoloFlyby" PressedFlybyTextColor="UI_BtnTextHoloPressedFlyby" DisabledTextColor="UI_BtnTextHoloDisabled" NoClip="1" DT_CENTER="1" GlobalRadioGroup="" RadioGroup="HUDTargetOfTargetFrameGroup" RadioDisallowNonSelection="1" Text="Off While In Combat" Sprite="">
                        <zzEvent Name="ButtonCheck" Function=""/>
                        <zzEvent Name="ButtonUncheck" Function=""/>
                        <Event Name="ButtonCheck" Function="OnHUDRadio"/>
                    </Control>
                </Control>
            </Control>
            <Control Class="Button" Base="BK3:btnHolo_Blue_Small" Font="CRB_Button" ButtonType="Check" RadioGroup="" LAnchorPoint="1" LAnchorOffset="-261" TAnchorPoint="0" TAnchorOffset="132" RAnchorPoint="1" RAnchorOffset="-26" BAnchorPoint="0" BAnchorOffset="185" DT_VCENTER="1" DT_CENTER="1" TooltipType="OnCursor" Name="DropToggleSkillsBar" BGColor="ffffffff" TextColor="ffffffff" TooltipColor="" NormalTextColor="UI_BtnTextHoloNormal" PressedTextColor="UI_BtnTextHoloPressed" FlybyTextColor="UI_BtnTextHoloFlyby" PressedFlybyTextColor="UI_BtnTextHoloPressedFlyby" DisabledTextColor="UI_BtnTextHoloDisabled" Text="" TextId="CRB_Test_Set_name" HideInEditor="0">
                <Event Name="ButtonCheck" Function="OnWindowModeToggle"/>
                <Event Name="ButtonUncheck" Function="OnWindowModeToggle"/>
                <Control Class="Window" LAnchorPoint="1" LAnchorOffset="-20" TAnchorPoint="0" TAnchorOffset="-40" RAnchorPoint="1" RAnchorOffset="250" BAnchorPoint="0" BAnchorOffset="182" RelativeToClient="1" Font="Default" Text="" Template="Default" TooltipType="OnCursor" Name="ChoiceContainer" BGColor="ffffffff" TextColor="ffffffff" TooltipColor="" CloseOnExternalClick="1" Picture="1" NewWindowDepth="1" Sprite="BK3:sprHolo_Alert_Flyout" NoClip="1" HideInEditor="1">
                    <Control Class="Button" Name="AlwaysOn" ButtonType="Check" Base="BK3:btnHolo_ListView_Top" Font="CRB_Button" TextColor="ffffb000" DrawAsCheckbox="0" RelativeToClient="1" BGColor="ffffffff" DT_VCENTER="1" LAnchorPoint="0" LAnchorOffset="40" TAnchorPoint="0" TAnchorOffset="45" RAnchorPoint="1" RAnchorOffset="-40" BAnchorPoint="0" BAnchorOffset="78" TextId="" TooltipColor="" NormalTextColor="UI_BtnTextHoloNormal" PressedTextColor="UI_BtnTextHoloPressed" FlybyTextColor="UI_BtnTextHoloFlyby" PressedFlybyTextColor="UI_BtnTextHoloPressedFlyby" DisabledTextColor="UI_BtnTextHoloDisabled" NoClip="1" DT_CENTER="1" GlobalRadioGroup="" RadioGroup="HUDSkillsGroup" RadioDisallowNonSelection="1" Text="Always On" Sprite="">
                        <zzEvent Name="ButtonCheck" Function=""/>
                        <zzEvent Name="ButtonUncheck" Function=""/>
                        <Event Name="ButtonCheck" Function="OnHUDRadio"/>
                    </Control>
                    <Control Class="Button" Name="AlwaysOff" ButtonType="Check" Base="BK3:btnHolo_ListView_Mid" Font="CRB_Button" TextColor="ffffb000" DrawAsCheckbox="0" RelativeToClient="1" BGColor="ffffffff" DT_VCENTER="1" LAnchorPoint="0" LAnchorOffset="40" TAnchorPoint="0" TAnchorOffset="78" RAnchorPoint="1" RAnchorOffset="-40" BAnchorPoint="0" BAnchorOffset="111" TextId="" TooltipColor="" NormalTextColor="UI_BtnTextHoloNormal" PressedTextColor="UI_BtnTextHoloPressed" FlybyTextColor="UI_BtnTextHoloFlyby" PressedFlybyTextColor="UI_BtnTextHoloPressedFlyby" DisabledTextColor="UI_BtnTextHoloDisabled" NoClip="1" DT_CENTER="1" GlobalRadioGroup="" RadioGroup="HUDSkillsGroup" RadioDisallowNonSelection="1" Text="Always Off" Sprite="">
                        <zzEvent Name="ButtonCheck" Function=""/>
                        <zzEvent Name="ButtonUncheck" Function=""/>
                        <Event Name="ButtonCheck" Function="OnHUDRadio"/>
                    </Control>
                    <Control Class="Button" Name="OnInCombat" ButtonType="Check" Base="BK3:btnHolo_ListView_Mid" Font="CRB_Button" TextColor="ffffb000" DrawAsCheckbox="0" RelativeToClient="1" BGColor="ffffffff" DT_VCENTER="1" LAnchorPoint="0" LAnchorOffset="40" TAnchorPoint="0" TAnchorOffset="111" RAnchorPoint="1" RAnchorOffset="-40" BAnchorPoint="0" BAnchorOffset="144" TextId="" TooltipColor="" NormalTextColor="UI_BtnTextHoloNormal" PressedTextColor="UI_BtnTextHoloPressed" FlybyTextColor="UI_BtnTextHoloFlyby" PressedFlybyTextColor="UI_BtnTextHoloPressedFlyby" DisabledTextColor="UI_BtnTextHoloDisabled" NoClip="1" DT_CENTER="1" GlobalRadioGroup="" RadioGroup="HUDSkillsGroup" RadioDisallowNonSelection="1" Text="On While In Combat" Sprite="">
                        <zzEvent Name="ButtonCheck" Function=""/>
                        <zzEvent Name="ButtonUncheck" Function=""/>
                        <Event Name="ButtonCheck" Function="OnHUDRadio"/>
                    </Control>
                    <Control Class="Button" Name="OffInCombat" ButtonType="Check" Base="BK3:btnHolo_ListView_Btm" Font="CRB_Button" TextColor="ffffb000" DrawAsCheckbox="0" RelativeToClient="1" BGColor="ffffffff" DT_VCENTER="1" LAnchorPoint="0" LAnchorOffset="40" TAnchorPoint="0" TAnchorOffset="144" RAnchorPoint="1" RAnchorOffset="-40" BAnchorPoint="0" BAnchorOffset="177" TextId="" TooltipColor="" NormalTextColor="UI_BtnTextHoloNormal" PressedTextColor="UI_BtnTextHoloPressed" FlybyTextColor="UI_BtnTextHoloFlyby" PressedFlybyTextColor="UI_BtnTextHoloPressedFlyby" DisabledTextColor="UI_BtnTextHoloDisabled" NoClip="1" DT_CENTER="1" GlobalRadioGroup="" RadioGroup="HUDSkillsGroup" RadioDisallowNonSelection="1" Text="Off While In Combat" Sprite="">
                        <zzEvent Name="ButtonCheck" Function=""/>
                        <zzEvent Name="ButtonUncheck" Function=""/>
                        <Event Name="ButtonCheck" Function="OnHUDRadio"/>
                    </Control>
                </Control>
            </Control>
            <Control Class="Button" Base="BK3:btnHolo_Blue_Small" Font="CRB_Button" ButtonType="Check" RadioGroup="" LAnchorPoint="1" LAnchorOffset="-261" TAnchorPoint="0" TAnchorOffset="174" RAnchorPoint="1" RAnchorOffset="-26" BAnchorPoint="0" BAnchorOffset="227" DT_VCENTER="1" DT_CENTER="1" TooltipType="OnCursor" Name="DropToggleResource" BGColor="ffffffff" TextColor="ffffffff" TooltipColor="" NormalTextColor="UI_BtnTextHoloNormal" PressedTextColor="UI_BtnTextHoloPressed" FlybyTextColor="UI_BtnTextHoloFlyby" PressedFlybyTextColor="UI_BtnTextHoloPressedFlyby" DisabledTextColor="UI_BtnTextHoloDisabled" Text="" TextId="CRB_Test_Set_name" HideInEditor="0">
                <Event Name="ButtonCheck" Function="OnWindowModeToggle"/>
                <Event Name="ButtonUncheck" Function="OnWindowModeToggle"/>
                <Control Class="Window" LAnchorPoint="1" LAnchorOffset="-20" TAnchorPoint="0" TAnchorOffset="-40" RAnchorPoint="1" RAnchorOffset="250" BAnchorPoint="0" BAnchorOffset="182" RelativeToClient="1" Font="Default" Text="" Template="Default" TooltipType="OnCursor" Name="ChoiceContainer" BGColor="ffffffff" TextColor="ffffffff" TooltipColor="" CloseOnExternalClick="1" Picture="1" NewWindowDepth="1" Sprite="BK3:sprHolo_Alert_Flyout" NoClip="1" HideInEditor="1">
                    <Control Class="Button" Name="AlwaysOn" ButtonType="Check" Base="BK3:btnHolo_ListView_Top" Font="CRB_Button" TextColor="ffffb000" DrawAsCheckbox="0" RelativeToClient="1" BGColor="ffffffff" DT_VCENTER="1" LAnchorPoint="0" LAnchorOffset="40" TAnchorPoint="0" TAnchorOffset="45" RAnchorPoint="1" RAnchorOffset="-40" BAnchorPoint="0" BAnchorOffset="78" TextId="" TooltipColor="" NormalTextColor="UI_BtnTextHoloNormal" PressedTextColor="UI_BtnTextHoloPressed" FlybyTextColor="UI_BtnTextHoloFlyby" PressedFlybyTextColor="UI_BtnTextHoloPressedFlyby" DisabledTextColor="UI_BtnTextHoloDisabled" NoClip="1" DT_CENTER="1" GlobalRadioGroup="" RadioGroup="HUDResourceGroup" RadioDisallowNonSelection="1" Text="Always On" Sprite="">
                        <zzEvent Name="ButtonCheck" Function=""/>
                        <zzEvent Name="ButtonUncheck" Function=""/>
                        <Event Name="ButtonCheck" Function="OnHUDRadio"/>
                    </Control>
                    <Control Class="Button" Name="AlwaysOff" ButtonType="Check" Base="BK3:btnHolo_ListView_Mid" Font="CRB_Button" TextColor="ffffb000" DrawAsCheckbox="0" RelativeToClient="1" BGColor="ffffffff" DT_VCENTER="1" LAnchorPoint="0" LAnchorOffset="40" TAnchorPoint="0" TAnchorOffset="78" RAnchorPoint="1" RAnchorOffset="-40" BAnchorPoint="0" BAnchorOffset="111" TextId="" TooltipColor="" NormalTextColor="UI_BtnTextHoloNormal" PressedTextColor="UI_BtnTextHoloPressed" FlybyTextColor="UI_BtnTextHoloFlyby" PressedFlybyTextColor="UI_BtnTextHoloPressedFlyby" DisabledTextColor="UI_BtnTextHoloDisabled" NoClip="1" DT_CENTER="1" GlobalRadioGroup="" RadioGroup="HUDResourceGroup" RadioDisallowNonSelection="1" Text="Always Off" Sprite="">
                        <zzEvent Name="ButtonCheck" Function=""/>
                        <zzEvent Name="ButtonUncheck" Function=""/>
                        <Event Name="ButtonCheck" Function="OnHUDRadio"/>
                    </Control>
                    <Control Class="Button" Name="OnInCombat" ButtonType="Check" Base="BK3:btnHolo_ListView_Mid" Font="CRB_Button" TextColor="ffffb000" DrawAsCheckbox="0" RelativeToClient="1" BGColor="ffffffff" DT_VCENTER="1" LAnchorPoint="0" LAnchorOffset="40" TAnchorPoint="0" TAnchorOffset="111" RAnchorPoint="1" RAnchorOffset="-40" BAnchorPoint="0" BAnchorOffset="144" TextId="" TooltipColor="" NormalTextColor="UI_BtnTextHoloNormal" PressedTextColor="UI_BtnTextHoloPressed" FlybyTextColor="UI_BtnTextHoloFlyby" PressedFlybyTextColor="UI_BtnTextHoloPressedFlyby" DisabledTextColor="UI_BtnTextHoloDisabled" NoClip="1" DT_CENTER="1" GlobalRadioGroup="" RadioGroup="HUDResourceGroup" RadioDisallowNonSelection="1" Text="On While In Combat" Sprite="">
                        <zzEvent Name="ButtonCheck" Function=""/>
                        <zzEvent Name="ButtonUncheck" Function=""/>
                        <Event Name="ButtonCheck" Function="OnHUDRadio"/>
                    </Control>
                    <Control Class="Button" Name="OffInCombat" ButtonType="Check" Base="BK3:btnHolo_ListView_Btm" Font="CRB_Button" TextColor="ffffb000" DrawAsCheckbox="0" RelativeToClient="1" BGColor="ffffffff" DT_VCENTER="1" LAnchorPoint="0" LAnchorOffset="40" TAnchorPoint="0" TAnchorOffset="144" RAnchorPoint="1" RAnchorOffset="-40" BAnchorPoint="0" BAnchorOffset="177" TextId="" TooltipColor="" NormalTextColor="UI_BtnTextHoloNormal" PressedTextColor="UI_BtnTextHoloPressed" FlybyTextColor="UI_BtnTextHoloFlyby" PressedFlybyTextColor="UI_BtnTextHoloPressedFlyby" DisabledTextColor="UI_BtnTextHoloDisabled" NoClip="1" DT_CENTER="1" GlobalRadioGroup="" RadioGroup="HUDResourceGroup" RadioDisallowNonSelection="1" Text="Off While In Combat" Sprite="">
                        <zzEvent Name="ButtonCheck" Function=""/>
                        <zzEvent Name="ButtonUncheck" Function=""/>
                        <Event Name="ButtonCheck" Function="OnHUDRadio"/>
                    </Control>
                </Control>
            </Control>
            <Control Class="Button" Base="BK3:btnHolo_Blue_Small" Font="CRB_Button" ButtonType="Check" RadioGroup="" LAnchorPoint="1" LAnchorOffset="-261" TAnchorPoint="0" TAnchorOffset="216" RAnchorPoint="1" RAnchorOffset="-26" BAnchorPoint="0" BAnchorOffset="269" DT_VCENTER="1" DT_CENTER="1" TooltipType="OnCursor" Name="DropToggleSecondaryLeft" BGColor="ffffffff" TextColor="ffffffff" TooltipColor="" NormalTextColor="UI_BtnTextHoloNormal" PressedTextColor="UI_BtnTextHoloPressed" FlybyTextColor="UI_BtnTextHoloFlyby" PressedFlybyTextColor="UI_BtnTextHoloPressedFlyby" DisabledTextColor="UI_BtnTextHoloDisabled" Text="" TextId="CRB_Test_Set_name" HideInEditor="0">
                <Event Name="ButtonCheck" Function="OnWindowModeToggle"/>
                <Event Name="ButtonUncheck" Function="OnWindowModeToggle"/>
                <Control Class="Window" LAnchorPoint="1" LAnchorOffset="-20" TAnchorPoint="0" TAnchorOffset="-40" RAnchorPoint="1" RAnchorOffset="250" BAnchorPoint="0" BAnchorOffset="182" RelativeToClient="1" Font="Default" Text="" Template="Default" TooltipType="OnCursor" Name="ChoiceContainer" BGColor="ffffffff" TextColor="ffffffff" TooltipColor="" CloseOnExternalClick="1" Picture="1" NewWindowDepth="1" Sprite="BK3:sprHolo_Alert_Flyout" NoClip="1" HideInEditor="1">
                    <Control Class="Button" Name="AlwaysOn" ButtonType="Check" Base="BK3:btnHolo_ListView_Top" Font="CRB_Button" TextColor="ffffb000" DrawAsCheckbox="0" RelativeToClient="1" BGColor="ffffffff" DT_VCENTER="1" LAnchorPoint="0" LAnchorOffset="40" TAnchorPoint="0" TAnchorOffset="45" RAnchorPoint="1" RAnchorOffset="-40" BAnchorPoint="0" BAnchorOffset="78" TextId="" TooltipColor="" NormalTextColor="UI_BtnTextHoloNormal" PressedTextColor="UI_BtnTextHoloPressed" FlybyTextColor="UI_BtnTextHoloFlyby" PressedFlybyTextColor="UI_BtnTextHoloPressedFlyby" DisabledTextColor="UI_BtnTextHoloDisabled" NoClip="1" DT_CENTER="1" GlobalRadioGroup="" RadioGroup="HUDSecondaryLeftGroup" RadioDisallowNonSelection="1" Text="Always On" Sprite="">
                        <zzEvent Name="ButtonCheck" Function=""/>
                        <zzEvent Name="ButtonUncheck" Function=""/>
                        <Event Name="ButtonCheck" Function="OnHUDRadio"/>
                    </Control>
                    <Control Class="Button" Name="AlwaysOff" ButtonType="Check" Base="BK3:btnHolo_ListView_Mid" Font="CRB_Button" TextColor="ffffb000" DrawAsCheckbox="0" RelativeToClient="1" BGColor="ffffffff" DT_VCENTER="1" LAnchorPoint="0" LAnchorOffset="40" TAnchorPoint="0" TAnchorOffset="78" RAnchorPoint="1" RAnchorOffset="-40" BAnchorPoint="0" BAnchorOffset="111" TextId="" TooltipColor="" NormalTextColor="UI_BtnTextHoloNormal" PressedTextColor="UI_BtnTextHoloPressed" FlybyTextColor="UI_BtnTextHoloFlyby" PressedFlybyTextColor="UI_BtnTextHoloPressedFlyby" DisabledTextColor="UI_BtnTextHoloDisabled" NoClip="1" DT_CENTER="1" GlobalRadioGroup="" RadioGroup="HUDSecondaryLeftGroup" RadioDisallowNonSelection="1" Text="Always Off" Sprite="">
                        <zzEvent Name="ButtonCheck" Function=""/>
                        <zzEvent Name="ButtonUncheck" Function=""/>
                        <Event Name="ButtonCheck" Function="OnHUDRadio"/>
                    </Control>
                    <Control Class="Button" Name="OnInCombat" ButtonType="Check" Base="BK3:btnHolo_ListView_Mid" Font="CRB_Button" TextColor="ffffb000" DrawAsCheckbox="0" RelativeToClient="1" BGColor="ffffffff" DT_VCENTER="1" LAnchorPoint="0" LAnchorOffset="40" TAnchorPoint="0" TAnchorOffset="111" RAnchorPoint="1" RAnchorOffset="-40" BAnchorPoint="0" BAnchorOffset="144" TextId="" TooltipColor="" NormalTextColor="UI_BtnTextHoloNormal" PressedTextColor="UI_BtnTextHoloPressed" FlybyTextColor="UI_BtnTextHoloFlyby" PressedFlybyTextColor="UI_BtnTextHoloPressedFlyby" DisabledTextColor="UI_BtnTextHoloDisabled" NoClip="1" DT_CENTER="1" GlobalRadioGroup="" RadioGroup="HUDSecondaryLeftGroup" RadioDisallowNonSelection="1" Text="On While In Combat" Sprite="">
                        <zzEvent Name="ButtonCheck" Function=""/>
                        <zzEvent Name="ButtonUncheck" Function=""/>
                        <Event Name="ButtonCheck" Function="OnHUDRadio"/>
                    </Control>
                    <Control Class="Button" Name="OffInCombat" ButtonType="Check" Base="BK3:btnHolo_ListView_Btm" Font="CRB_Button" TextColor="ffffb000" DrawAsCheckbox="0" RelativeToClient="1" BGColor="ffffffff" DT_VCENTER="1" LAnchorPoint="0" LAnchorOffset="40" TAnchorPoint="0" TAnchorOffset="144" RAnchorPoint="1" RAnchorOffset="-40" BAnchorPoint="0" BAnchorOffset="177" TextId="" TooltipColor="" NormalTextColor="UI_BtnTextHoloNormal" PressedTextColor="UI_BtnTextHoloPressed" FlybyTextColor="UI_BtnTextHoloFlyby" PressedFlybyTextColor="UI_BtnTextHoloPressedFlyby" DisabledTextColor="UI_BtnTextHoloDisabled" NoClip="1" DT_CENTER="1" GlobalRadioGroup="" RadioGroup="HUDSecondaryLeftGroup" RadioDisallowNonSelection="1" Text="Off While In Combat" Sprite="">
                        <zzEvent Name="ButtonCheck" Function=""/>
                        <zzEvent Name="ButtonUncheck" Function=""/>
                        <Event Name="ButtonCheck" Function="OnHUDRadio"/>
                    </Control>
                </Control>
            </Control>
            <Control Class="Button" Base="BK3:btnHolo_Blue_Small" Font="CRB_Button" ButtonType="Check" RadioGroup="" LAnchorPoint="1" LAnchorOffset="-261" TAnchorPoint="0" TAnchorOffset="258" RAnchorPoint="1" RAnchorOffset="-26" BAnchorPoint="0" BAnchorOffset="311" DT_VCENTER="1" DT_CENTER="1" TooltipType="OnCursor" Name="DropToggleSecondaryRight" BGColor="ffffffff" TextColor="ffffffff" TooltipColor="" NormalTextColor="UI_BtnTextHoloNormal" PressedTextColor="UI_BtnTextHoloPressed" FlybyTextColor="UI_BtnTextHoloFlyby" PressedFlybyTextColor="UI_BtnTextHoloPressedFlyby" DisabledTextColor="UI_BtnTextHoloDisabled" Text="" TextId="CRB_Test_Set_name" HideInEditor="0">
                <Event Name="ButtonCheck" Function="OnWindowModeToggle"/>
                <Event Name="ButtonUncheck" Function="OnWindowModeToggle"/>
                <Control Class="Window" LAnchorPoint="1" LAnchorOffset="-20" TAnchorPoint="0" TAnchorOffset="-40" RAnchorPoint="1" RAnchorOffset="250" BAnchorPoint="0" BAnchorOffset="182" RelativeToClient="1" Font="Default" Text="" Template="Default" TooltipType="OnCursor" Name="ChoiceContainer" BGColor="ffffffff" TextColor="ffffffff" TooltipColor="" CloseOnExternalClick="1" Picture="1" NewWindowDepth="1" Sprite="BK3:sprHolo_Alert_Flyout" NoClip="1" HideInEditor="1">
                    <Control Class="Button" Name="AlwaysOn" ButtonType="Check" Base="BK3:btnHolo_ListView_Top" Font="CRB_Button" TextColor="ffffb000" DrawAsCheckbox="0" RelativeToClient="1" BGColor="ffffffff" DT_VCENTER="1" LAnchorPoint="0" LAnchorOffset="40" TAnchorPoint="0" TAnchorOffset="45" RAnchorPoint="1" RAnchorOffset="-40" BAnchorPoint="0" BAnchorOffset="78" TextId="" TooltipColor="" NormalTextColor="UI_BtnTextHoloNormal" PressedTextColor="UI_BtnTextHoloPressed" FlybyTextColor="UI_BtnTextHoloFlyby" PressedFlybyTextColor="UI_BtnTextHoloPressedFlyby" DisabledTextColor="UI_BtnTextHoloDisabled" NoClip="1" DT_CENTER="1" GlobalRadioGroup="" RadioGroup="HUDSecondaryRightGroup" RadioDisallowNonSelection="1" Text="Always On" Sprite="">
                        <zzEvent Name="ButtonCheck" Function=""/>
                        <zzEvent Name="ButtonUncheck" Function=""/>
                        <Event Name="ButtonCheck" Function="OnHUDRadio"/>
                    </Control>
                    <Control Class="Button" Name="AlwaysOff" ButtonType="Check" Base="BK3:btnHolo_ListView_Mid" Font="CRB_Button" TextColor="ffffb000" DrawAsCheckbox="0" RelativeToClient="1" BGColor="ffffffff" DT_VCENTER="1" LAnchorPoint="0" LAnchorOffset="40" TAnchorPoint="0" TAnchorOffset="78" RAnchorPoint="1" RAnchorOffset="-40" BAnchorPoint="0" BAnchorOffset="111" TextId="" TooltipColor="" NormalTextColor="UI_BtnTextHoloNormal" PressedTextColor="UI_BtnTextHoloPressed" FlybyTextColor="UI_BtnTextHoloFlyby" PressedFlybyTextColor="UI_BtnTextHoloPressedFlyby" DisabledTextColor="UI_BtnTextHoloDisabled" NoClip="1" DT_CENTER="1" GlobalRadioGroup="" RadioGroup="HUDSecondaryRightGroup" RadioDisallowNonSelection="1" Text="Always Off" Sprite="">
                        <zzEvent Name="ButtonCheck" Function=""/>
                        <zzEvent Name="ButtonUncheck" Function=""/>
                        <Event Name="ButtonCheck" Function="OnHUDRadio"/>
                    </Control>
                    <Control Class="Button" Name="OnInCombat" ButtonType="Check" Base="BK3:btnHolo_ListView_Mid" Font="CRB_Button" TextColor="ffffb000" DrawAsCheckbox="0" RelativeToClient="1" BGColor="ffffffff" DT_VCENTER="1" LAnchorPoint="0" LAnchorOffset="40" TAnchorPoint="0" TAnchorOffset="111" RAnchorPoint="1" RAnchorOffset="-40" BAnchorPoint="0" BAnchorOffset="144" TextId="" TooltipColor="" NormalTextColor="UI_BtnTextHoloNormal" PressedTextColor="UI_BtnTextHoloPressed" FlybyTextColor="UI_BtnTextHoloFlyby" PressedFlybyTextColor="UI_BtnTextHoloPressedFlyby" DisabledTextColor="UI_BtnTextHoloDisabled" NoClip="1" DT_CENTER="1" GlobalRadioGroup="" RadioGroup="HUDSecondaryRightGroup" RadioDisallowNonSelection="1" Text="On While In Combat" Sprite="">
                        <zzEvent Name="ButtonCheck" Function=""/>
                        <zzEvent Name="ButtonUncheck" Function=""/>
                        <Event Name="ButtonCheck" Function="OnHUDRadio"/>
                    </Control>
                    <Control Class="Button" Name="OffInCombat" ButtonType="Check" Base="BK3:btnHolo_ListView_Btm" Font="CRB_Button" TextColor="ffffb000" DrawAsCheckbox="0" RelativeToClient="1" BGColor="ffffffff" DT_VCENTER="1" LAnchorPoint="0" LAnchorOffset="40" TAnchorPoint="0" TAnchorOffset="144" RAnchorPoint="1" RAnchorOffset="-40" BAnchorPoint="0" BAnchorOffset="177" TextId="" TooltipColor="" NormalTextColor="UI_BtnTextHoloNormal" PressedTextColor="UI_BtnTextHoloPressed" FlybyTextColor="UI_BtnTextHoloFlyby" PressedFlybyTextColor="UI_BtnTextHoloPressedFlyby" DisabledTextColor="UI_BtnTextHoloDisabled" NoClip="1" DT_CENTER="1" GlobalRadioGroup="" RadioGroup="HUDSecondaryRightGroup" RadioDisallowNonSelection="1" Text="Off While In Combat" Sprite="">
                        <zzEvent Name="ButtonCheck" Function=""/>
                        <zzEvent Name="ButtonUncheck" Function=""/>
                        <Event Name="ButtonCheck" Function="OnHUDRadio"/>
                    </Control>
                </Control>
            </Control>
            <Control Class="Button" Base="BK3:btnHolo_Blue_Small" Font="CRB_Button" ButtonType="Check" RadioGroup="" LAnchorPoint="1" LAnchorOffset="-261" TAnchorPoint="0" TAnchorOffset="300" RAnchorPoint="1" RAnchorOffset="-26" BAnchorPoint="0" BAnchorOffset="353" DT_VCENTER="1" DT_CENTER="1" TooltipType="OnCursor" Name="DropToggleXP" BGColor="ffffffff" TextColor="ffffffff" TooltipColor="" NormalTextColor="UI_BtnTextHoloNormal" PressedTextColor="UI_BtnTextHoloPressed" FlybyTextColor="UI_BtnTextHoloFlyby" PressedFlybyTextColor="UI_BtnTextHoloPressedFlyby" DisabledTextColor="UI_BtnTextHoloDisabled" Text="" TextId="CRB_Test_Set_name" HideInEditor="0">
                <Event Name="ButtonCheck" Function="OnWindowModeToggle"/>
                <Event Name="ButtonUncheck" Function="OnWindowModeToggle"/>
                <Control Class="Window" LAnchorPoint="1" LAnchorOffset="-20" TAnchorPoint="0" TAnchorOffset="-40" RAnchorPoint="1" RAnchorOffset="250" BAnchorPoint="0" BAnchorOffset="182" RelativeToClient="1" Font="Default" Text="" Template="Default" TooltipType="OnCursor" Name="ChoiceContainer" BGColor="ffffffff" TextColor="ffffffff" TooltipColor="" CloseOnExternalClick="1" Picture="1" NewWindowDepth="1" Sprite="BK3:sprHolo_Alert_Flyout" NoClip="1" HideInEditor="1">
                    <Control Class="Button" Name="AlwaysOn" ButtonType="Check" Base="BK3:btnHolo_ListView_Top" Font="CRB_Button" TextColor="ffffb000" DrawAsCheckbox="0" RelativeToClient="1" BGColor="ffffffff" DT_VCENTER="1" LAnchorPoint="0" LAnchorOffset="40" TAnchorPoint="0" TAnchorOffset="45" RAnchorPoint="1" RAnchorOffset="-40" BAnchorPoint="0" BAnchorOffset="78" TextId="" TooltipColor="" NormalTextColor="UI_BtnTextHoloNormal" PressedTextColor="UI_BtnTextHoloPressed" FlybyTextColor="UI_BtnTextHoloFlyby" PressedFlybyTextColor="UI_BtnTextHoloPressedFlyby" DisabledTextColor="UI_BtnTextHoloDisabled" NoClip="1" DT_CENTER="1" GlobalRadioGroup="" RadioGroup="HUDXPGroup" RadioDisallowNonSelection="1" Text="Always On" Sprite="">
                        <zzEvent Name="ButtonCheck" Function=""/>
                        <zzEvent Name="ButtonUncheck" Function=""/>
                        <Event Name="ButtonCheck" Function="OnHUDRadio"/>
                    </Control>
                    <Control Class="Button" Name="AlwaysOff" ButtonType="Check" Base="BK3:btnHolo_ListView_Mid" Font="CRB_Button" TextColor="ffffb000" DrawAsCheckbox="0" RelativeToClient="1" BGColor="ffffffff" DT_VCENTER="1" LAnchorPoint="0" LAnchorOffset="40" TAnchorPoint="0" TAnchorOffset="78" RAnchorPoint="1" RAnchorOffset="-40" BAnchorPoint="0" BAnchorOffset="111" TextId="" TooltipColor="" NormalTextColor="UI_BtnTextHoloNormal" PressedTextColor="UI_BtnTextHoloPressed" FlybyTextColor="UI_BtnTextHoloFlyby" PressedFlybyTextColor="UI_BtnTextHoloPressedFlyby" DisabledTextColor="UI_BtnTextHoloDisabled" NoClip="1" DT_CENTER="1" GlobalRadioGroup="" RadioGroup="HUDXPGroup" RadioDisallowNonSelection="1" Text="Always Off" Sprite="">
                        <zzEvent Name="ButtonCheck" Function=""/>
                        <zzEvent Name="ButtonUncheck" Function=""/>
                        <Event Name="ButtonCheck" Function="OnHUDRadio"/>
                    </Control>
                    <Control Class="Button" Name="OnInCombat" ButtonType="Check" Base="BK3:btnHolo_ListView_Mid" Font="CRB_Button" TextColor="ffffb000" DrawAsCheckbox="0" RelativeToClient="1" BGColor="ffffffff" DT_VCENTER="1" LAnchorPoint="0" LAnchorOffset="40" TAnchorPoint="0" TAnchorOffset="111" RAnchorPoint="1" RAnchorOffset="-40" BAnchorPoint="0" BAnchorOffset="144" TextId="" TooltipColor="" NormalTextColor="UI_BtnTextHoloNormal" PressedTextColor="UI_BtnTextHoloPressed" FlybyTextColor="UI_BtnTextHoloFlyby" PressedFlybyTextColor="UI_BtnTextHoloPressedFlyby" DisabledTextColor="UI_BtnTextHoloDisabled" NoClip="1" DT_CENTER="1" GlobalRadioGroup="" RadioGroup="HUDXPGroup" RadioDisallowNonSelection="1" Text="On While In Combat" Sprite="">
                        <zzEvent Name="ButtonCheck" Function=""/>
                        <zzEvent Name="ButtonUncheck" Function=""/>
                        <Event Name="ButtonCheck" Function="OnHUDRadio"/>
                    </Control>
                    <Control Class="Button" Name="OffInCombat" ButtonType="Check" Base="BK3:btnHolo_ListView_Btm" Font="CRB_Button" TextColor="ffffb000" DrawAsCheckbox="0" RelativeToClient="1" BGColor="ffffffff" DT_VCENTER="1" LAnchorPoint="0" LAnchorOffset="40" TAnchorPoint="0" TAnchorOffset="144" RAnchorPoint="1" RAnchorOffset="-40" BAnchorPoint="0" BAnchorOffset="177" TextId="" TooltipColor="" NormalTextColor="UI_BtnTextHoloNormal" PressedTextColor="UI_BtnTextHoloPressed" FlybyTextColor="UI_BtnTextHoloFlyby" PressedFlybyTextColor="UI_BtnTextHoloPressedFlyby" DisabledTextColor="UI_BtnTextHoloDisabled" NoClip="1" DT_CENTER="1" GlobalRadioGroup="" RadioGroup="HUDXPGroup" RadioDisallowNonSelection="1" Text="Off While In Combat" Sprite="">
                        <zzEvent Name="ButtonCheck" Function=""/>
                        <zzEvent Name="ButtonUncheck" Function=""/>
                        <Event Name="ButtonCheck" Function="OnHUDRadio"/>
                    </Control>
                </Control>
            </Control>
            <Control Class="Button" Base="BK3:btnHolo_Blue_Small" Font="CRB_Button" ButtonType="Check" RadioGroup="" LAnchorPoint="1" LAnchorOffset="-261" TAnchorPoint="0" TAnchorOffset="342" RAnchorPoint="1" RAnchorOffset="-26" BAnchorPoint="0" BAnchorOffset="395" DT_VCENTER="1" DT_CENTER="1" TooltipType="OnCursor" Name="DropToggleMount" BGColor="ffffffff" TextColor="ffffffff" TooltipColor="" NormalTextColor="UI_BtnTextHoloNormal" PressedTextColor="UI_BtnTextHoloPressed" FlybyTextColor="UI_BtnTextHoloFlyby" PressedFlybyTextColor="UI_BtnTextHoloPressedFlyby" DisabledTextColor="UI_BtnTextHoloDisabled" Text="" TextId="CRB_Test_Set_name" HideInEditor="0">
                <Event Name="ButtonCheck" Function="OnWindowModeToggle"/>
                <Event Name="ButtonUncheck" Function="OnWindowModeToggle"/>
                <Control Class="Window" LAnchorPoint="1" LAnchorOffset="-20" TAnchorPoint="0" TAnchorOffset="-40" RAnchorPoint="1" RAnchorOffset="250" BAnchorPoint="0" BAnchorOffset="182" RelativeToClient="1" Font="Default" Text="" Template="Default" TooltipType="OnCursor" Name="ChoiceContainer" BGColor="ffffffff" TextColor="ffffffff" TooltipColor="" CloseOnExternalClick="1" Picture="1" NewWindowDepth="1" Sprite="BK3:sprHolo_Alert_Flyout" NoClip="1" HideInEditor="1">
                    <Control Class="Button" Name="AlwaysOn" ButtonType="Check" Base="BK3:btnHolo_ListView_Top" Font="CRB_Button" TextColor="ffffb000" DrawAsCheckbox="0" RelativeToClient="1" BGColor="ffffffff" DT_VCENTER="1" LAnchorPoint="0" LAnchorOffset="40" TAnchorPoint="0" TAnchorOffset="45" RAnchorPoint="1" RAnchorOffset="-40" BAnchorPoint="0" BAnchorOffset="78" TextId="" TooltipColor="" NormalTextColor="UI_BtnTextHoloNormal" PressedTextColor="UI_BtnTextHoloPressed" FlybyTextColor="UI_BtnTextHoloFlyby" PressedFlybyTextColor="UI_BtnTextHoloPressedFlyby" DisabledTextColor="UI_BtnTextHoloDisabled" NoClip="1" DT_CENTER="1" GlobalRadioGroup="" RadioGroup="HUDMountGroup" RadioDisallowNonSelection="1" Text="Always On" Sprite="">
                        <zzEvent Name="ButtonCheck" Function=""/>
                        <zzEvent Name="ButtonUncheck" Function=""/>
                        <Event Name="ButtonCheck" Function="OnHUDRadio"/>
                    </Control>
                    <Control Class="Button" Name="AlwaysOff" ButtonType="Check" Base="BK3:btnHolo_ListView_Mid" Font="CRB_Button" TextColor="ffffb000" DrawAsCheckbox="0" RelativeToClient="1" BGColor="ffffffff" DT_VCENTER="1" LAnchorPoint="0" LAnchorOffset="40" TAnchorPoint="0" TAnchorOffset="78" RAnchorPoint="1" RAnchorOffset="-40" BAnchorPoint="0" BAnchorOffset="111" TextId="" TooltipColor="" NormalTextColor="UI_BtnTextHoloNormal" PressedTextColor="UI_BtnTextHoloPressed" FlybyTextColor="UI_BtnTextHoloFlyby" PressedFlybyTextColor="UI_BtnTextHoloPressedFlyby" DisabledTextColor="UI_BtnTextHoloDisabled" NoClip="1" DT_CENTER="1" GlobalRadioGroup="" RadioGroup="HUDMountGroup" RadioDisallowNonSelection="1" Text="Always Off" Sprite="">
                        <zzEvent Name="ButtonCheck" Function=""/>
                        <zzEvent Name="ButtonUncheck" Function=""/>
                        <Event Name="ButtonCheck" Function="OnHUDRadio"/>
                    </Control>
                    <Control Class="Button" Name="OnInCombat" ButtonType="Check" Base="BK3:btnHolo_ListView_Mid" Font="CRB_Button" TextColor="ffffb000" DrawAsCheckbox="0" RelativeToClient="1" BGColor="ffffffff" DT_VCENTER="1" LAnchorPoint="0" LAnchorOffset="40" TAnchorPoint="0" TAnchorOffset="111" RAnchorPoint="1" RAnchorOffset="-40" BAnchorPoint="0" BAnchorOffset="144" TextId="" TooltipColor="" NormalTextColor="UI_BtnTextHoloNormal" PressedTextColor="UI_BtnTextHoloPressed" FlybyTextColor="UI_BtnTextHoloFlyby" PressedFlybyTextColor="UI_BtnTextHoloPressedFlyby" DisabledTextColor="UI_BtnTextHoloDisabled" NoClip="1" DT_CENTER="1" GlobalRadioGroup="" RadioGroup="HUDMountGroup" RadioDisallowNonSelection="1" Text="On While In Combat" Sprite="">
                        <zzEvent Name="ButtonCheck" Function=""/>
                        <zzEvent Name="ButtonUncheck" Function=""/>
                        <Event Name="ButtonCheck" Function="OnHUDRadio"/>
                    </Control>
                    <Control Class="Button" Name="OffInCombat" ButtonType="Check" Base="BK3:btnHolo_ListView_Btm" Font="CRB_Button" TextColor="ffffb000" DrawAsCheckbox="0" RelativeToClient="1" BGColor="ffffffff" DT_VCENTER="1" LAnchorPoint="0" LAnchorOffset="40" TAnchorPoint="0" TAnchorOffset="144" RAnchorPoint="1" RAnchorOffset="-40" BAnchorPoint="0" BAnchorOffset="177" TextId="" TooltipColor="" NormalTextColor="UI_BtnTextHoloNormal" PressedTextColor="UI_BtnTextHoloPressed" FlybyTextColor="UI_BtnTextHoloFlyby" PressedFlybyTextColor="UI_BtnTextHoloPressedFlyby" DisabledTextColor="UI_BtnTextHoloDisabled" NoClip="1" DT_CENTER="1" GlobalRadioGroup="" RadioGroup="HUDMountGroup" RadioDisallowNonSelection="1" Text="Off While In Combat" Sprite="">
                        <zzEvent Name="ButtonCheck" Function=""/>
                        <zzEvent Name="ButtonUncheck" Function=""/>
                        <Event Name="ButtonCheck" Function="OnHUDRadio"/>
                    </Control>
                </Control>
            </Control>
            <Control Class="Button" Base="BK3:btnHolo_Blue_Small" Font="CRB_Button" ButtonType="Check" RadioGroup="" LAnchorPoint="1" LAnchorOffset="-261" TAnchorPoint="0" TAnchorOffset="384" RAnchorPoint="1" RAnchorOffset="-26" BAnchorPoint="0" BAnchorOffset="437" DT_VCENTER="1" DT_CENTER="1" TooltipType="OnCursor" Name="DropToggleDataChron" BGColor="ffffffff" TextColor="ffffffff" TooltipColor="" NormalTextColor="UI_BtnTextHoloNormal" PressedTextColor="UI_BtnTextHoloPressed" FlybyTextColor="UI_BtnTextHoloFlyby" PressedFlybyTextColor="UI_BtnTextHoloPressedFlyby" DisabledTextColor="UI_BtnTextHoloDisabled" Text="" TextId="CRB_Test_Set_name" HideInEditor="0" LeftEdgeControlsAnchor="">
                <Event Name="ButtonCheck" Function="OnWindowModeToggle"/>
                <Event Name="ButtonUncheck" Function="OnWindowModeToggle"/>
                <Control Class="Window" LAnchorPoint="1" LAnchorOffset="-20" TAnchorPoint="0" TAnchorOffset="-40" RAnchorPoint="1" RAnchorOffset="250" BAnchorPoint="0" BAnchorOffset="182" RelativeToClient="1" Font="Default" Text="" Template="Default" TooltipType="OnCursor" Name="ChoiceContainer" BGColor="ffffffff" TextColor="ffffffff" TooltipColor="" CloseOnExternalClick="1" Picture="1" NewWindowDepth="1" Sprite="BK3:sprHolo_Alert_Flyout" NoClip="1" HideInEditor="1">
                    <Control Class="Button" Name="AlwaysOn" ButtonType="Check" Base="BK3:btnHolo_ListView_Top" Font="CRB_Button" TextColor="ffffb000" DrawAsCheckbox="0" RelativeToClient="1" BGColor="ffffffff" DT_VCENTER="1" LAnchorPoint="0" LAnchorOffset="40" TAnchorPoint="0" TAnchorOffset="45" RAnchorPoint="1" RAnchorOffset="-40" BAnchorPoint="0" BAnchorOffset="78" TextId="" TooltipColor="" NormalTextColor="UI_BtnTextHoloNormal" PressedTextColor="UI_BtnTextHoloPressed" FlybyTextColor="UI_BtnTextHoloFlyby" PressedFlybyTextColor="UI_BtnTextHoloPressedFlyby" DisabledTextColor="UI_BtnTextHoloDisabled" NoClip="1" DT_CENTER="1" GlobalRadioGroup="" RadioGroup="HUDDataChronGroup" RadioDisallowNonSelection="1" Text="Always On" Sprite="">
                        <zzEvent Name="ButtonCheck" Function=""/>
                        <zzEvent Name="ButtonUncheck" Function=""/>
                        <Event Name="ButtonCheck" Function="OnHUDRadio"/>
                    </Control>
                    <Control Class="Button" Name="AlwaysOff" ButtonType="Check" Base="BK3:btnHolo_ListView_Mid" Font="CRB_Button" TextColor="ffffb000" DrawAsCheckbox="0" RelativeToClient="1" BGColor="ffffffff" DT_VCENTER="1" LAnchorPoint="0" LAnchorOffset="40" TAnchorPoint="0" TAnchorOffset="78" RAnchorPoint="1" RAnchorOffset="-40" BAnchorPoint="0" BAnchorOffset="111" TextId="" TooltipColor="" NormalTextColor="UI_BtnTextHoloNormal" PressedTextColor="UI_BtnTextHoloPressed" FlybyTextColor="UI_BtnTextHoloFlyby" PressedFlybyTextColor="UI_BtnTextHoloPressedFlyby" DisabledTextColor="UI_BtnTextHoloDisabled" NoClip="1" DT_CENTER="1" GlobalRadioGroup="" RadioGroup="HUDDataChronGroup" RadioDisallowNonSelection="1" Text="Always Off" Sprite="">
                        <zzEvent Name="ButtonCheck" Function=""/>
                        <zzEvent Name="ButtonUncheck" Function=""/>
                        <Event Name="ButtonCheck" Function="OnHUDRadio"/>
                    </Control>
                    <Control Class="Button" Name="OnInCombat" ButtonType="Check" Base="BK3:btnHolo_ListView_Mid" Font="CRB_Button" TextColor="ffffb000" DrawAsCheckbox="0" RelativeToClient="1" BGColor="ffffffff" DT_VCENTER="1" LAnchorPoint="0" LAnchorOffset="40" TAnchorPoint="0" TAnchorOffset="111" RAnchorPoint="1" RAnchorOffset="-40" BAnchorPoint="0" BAnchorOffset="144" TextId="" TooltipColor="" NormalTextColor="UI_BtnTextHoloNormal" PressedTextColor="UI_BtnTextHoloPressed" FlybyTextColor="UI_BtnTextHoloFlyby" PressedFlybyTextColor="UI_BtnTextHoloPressedFlyby" DisabledTextColor="UI_BtnTextHoloDisabled" NoClip="1" DT_CENTER="1" GlobalRadioGroup="" RadioGroup="HUDDataChronGroup" RadioDisallowNonSelection="1" Text="On While In Combat" Sprite="">
                        <zzEvent Name="ButtonCheck" Function=""/>
                        <zzEvent Name="ButtonUncheck" Function=""/>
                        <Event Name="ButtonCheck" Function="OnHUDRadio"/>
                    </Control>
                    <Control Class="Button" Name="OffInCombat" ButtonType="Check" Base="BK3:btnHolo_ListView_Btm" Font="CRB_Button" TextColor="ffffb000" DrawAsCheckbox="0" RelativeToClient="1" BGColor="ffffffff" DT_VCENTER="1" LAnchorPoint="0" LAnchorOffset="40" TAnchorPoint="0" TAnchorOffset="144" RAnchorPoint="1" RAnchorOffset="-40" BAnchorPoint="0" BAnchorOffset="177" TextId="" TooltipColor="" NormalTextColor="UI_BtnTextHoloNormal" PressedTextColor="UI_BtnTextHoloPressed" FlybyTextColor="UI_BtnTextHoloFlyby" PressedFlybyTextColor="UI_BtnTextHoloPressedFlyby" DisabledTextColor="UI_BtnTextHoloDisabled" NoClip="1" DT_CENTER="1" GlobalRadioGroup="" RadioGroup="HUDDataChronGroup" RadioDisallowNonSelection="1" Text="Off While In Combat" Sprite="">
                        <zzEvent Name="ButtonCheck" Function=""/>
                        <zzEvent Name="ButtonUncheck" Function=""/>
                        <Event Name="ButtonCheck" Function="OnHUDRadio"/>
                    </Control>
                </Control>
            </Control>
            <Control Class="Button" Base="BK3:btnHolo_Blue_Small" Font="CRB_Button" ButtonType="Check" RadioGroup="" LAnchorPoint="1" LAnchorOffset="-261" TAnchorPoint="0" TAnchorOffset="426" RAnchorPoint="1" RAnchorOffset="-26" BAnchorPoint="0" BAnchorOffset="479" DT_VCENTER="1" DT_CENTER="1" TooltipType="OnCursor" Name="DropToggleTime" BGColor="ffffffff" TextColor="ffffffff" TooltipColor="" NormalTextColor="UI_BtnTextHoloNormal" PressedTextColor="UI_BtnTextHoloPressed" FlybyTextColor="UI_BtnTextHoloFlyby" PressedFlybyTextColor="UI_BtnTextHoloPressedFlyby" DisabledTextColor="UI_BtnTextHoloDisabled" Text="" TextId="CRB_Test_Set_name" HideInEditor="0">
                <Event Name="ButtonCheck" Function="OnWindowModeToggle"/>
                <Event Name="ButtonUncheck" Function="OnWindowModeToggle"/>
                <Control Class="Window" LAnchorPoint="1" LAnchorOffset="-20" TAnchorPoint="0" TAnchorOffset="-40" RAnchorPoint="1" RAnchorOffset="250" BAnchorPoint="0" BAnchorOffset="182" RelativeToClient="1" Font="Default" Text="" Template="Default" TooltipType="OnCursor" Name="ChoiceContainer" BGColor="ffffffff" TextColor="ffffffff" TooltipColor="" CloseOnExternalClick="1" Picture="1" NewWindowDepth="1" Sprite="BK3:sprHolo_Alert_Flyout" NoClip="1" HideInEditor="1">
                    <Control Class="Button" Name="AlwaysOn" ButtonType="Check" Base="BK3:btnHolo_ListView_Top" Font="CRB_Button" TextColor="ffffb000" DrawAsCheckbox="0" RelativeToClient="1" BGColor="ffffffff" DT_VCENTER="1" LAnchorPoint="0" LAnchorOffset="40" TAnchorPoint="0" TAnchorOffset="45" RAnchorPoint="1" RAnchorOffset="-40" BAnchorPoint="0" BAnchorOffset="78" TextId="OptionsHUD_AlwaysOn" TooltipColor="" NormalTextColor="UI_BtnTextHoloNormal" PressedTextColor="UI_BtnTextHoloPressed" FlybyTextColor="UI_BtnTextHoloFlyby" PressedFlybyTextColor="UI_BtnTextHoloPressedFlyby" DisabledTextColor="UI_BtnTextHoloDisabled" NoClip="1" DT_CENTER="1" GlobalRadioGroup="" RadioGroup="HUDTimeGroup" RadioDisallowNonSelection="1" Text="" Sprite="">
                        <zzEvent Name="ButtonCheck" Function=""/>
                        <zzEvent Name="ButtonUncheck" Function=""/>
                        <Event Name="ButtonCheck" Function="OnHUDRadio"/>
                    </Control>
                    <Control Class="Button" Name="AlwaysOff" ButtonType="Check" Base="BK3:btnHolo_ListView_Mid" Font="CRB_Button" TextColor="ffffb000" DrawAsCheckbox="0" RelativeToClient="1" BGColor="ffffffff" DT_VCENTER="1" LAnchorPoint="0" LAnchorOffset="40" TAnchorPoint="0" TAnchorOffset="78" RAnchorPoint="1" RAnchorOffset="-40" BAnchorPoint="0" BAnchorOffset="111" TextId="OptionsHUD_AlwaysOff" TooltipColor="" NormalTextColor="UI_BtnTextHoloNormal" PressedTextColor="UI_BtnTextHoloPressed" FlybyTextColor="UI_BtnTextHoloFlyby" PressedFlybyTextColor="UI_BtnTextHoloPressedFlyby" DisabledTextColor="UI_BtnTextHoloDisabled" NoClip="1" DT_CENTER="1" GlobalRadioGroup="" RadioGroup="HUDTimeGroup" RadioDisallowNonSelection="1" Text="" Sprite="">
                        <zzEvent Name="ButtonCheck" Function=""/>
                        <zzEvent Name="ButtonUncheck" Function=""/>
                        <Event Name="ButtonCheck" Function="OnHUDRadio"/>
                    </Control>
                    <Control Class="Button" Name="OnInCombat" ButtonType="Check" Base="BK3:btnHolo_ListView_Mid" Font="CRB_Button" TextColor="ffffb000" DrawAsCheckbox="0" RelativeToClient="1" BGColor="ffffffff" DT_VCENTER="1" LAnchorPoint="0" LAnchorOffset="40" TAnchorPoint="0" TAnchorOffset="111" RAnchorPoint="1" RAnchorOffset="-40" BAnchorPoint="0" BAnchorOffset="144" TextId="" TooltipColor="" NormalTextColor="UI_BtnTextHoloNormal" PressedTextColor="UI_BtnTextHoloPressed" FlybyTextColor="UI_BtnTextHoloFlyby" PressedFlybyTextColor="UI_BtnTextHoloPressedFlyby" DisabledTextColor="UI_BtnTextHoloDisabled" NoClip="1" DT_CENTER="1" GlobalRadioGroup="" RadioGroup="HUDTimeGroup" RadioDisallowNonSelection="1" Text="On While In Combat" Sprite="">
                        <zzEvent Name="ButtonCheck" Function=""/>
                        <zzEvent Name="ButtonUncheck" Function=""/>
                        <Event Name="ButtonCheck" Function="OnHUDRadio"/>
                    </Control>
                    <Control Class="Button" Name="OffInCombat" ButtonType="Check" Base="BK3:btnHolo_ListView_Btm" Font="CRB_Button" TextColor="ffffb000" DrawAsCheckbox="0" RelativeToClient="1" BGColor="ffffffff" DT_VCENTER="1" LAnchorPoint="0" LAnchorOffset="40" TAnchorPoint="0" TAnchorOffset="144" RAnchorPoint="1" RAnchorOffset="-40" BAnchorPoint="0" BAnchorOffset="177" TextId="" TooltipColor="" NormalTextColor="UI_BtnTextHoloNormal" PressedTextColor="UI_BtnTextHoloPressed" FlybyTextColor="UI_BtnTextHoloFlyby" PressedFlybyTextColor="UI_BtnTextHoloPressedFlyby" DisabledTextColor="UI_BtnTextHoloDisabled" NoClip="1" DT_CENTER="1" GlobalRadioGroup="" RadioGroup="HUDTimeGroup" RadioDisallowNonSelection="1" Text="Off While In Combat" Sprite="">
                        <zzEvent Name="ButtonCheck" Function=""/>
                        <zzEvent Name="ButtonUncheck" Function=""/>
                        <Event Name="ButtonCheck" Function="OnHUDRadio"/>
                    </Control>
                </Control>
            </Control>
            <Control Class="Button" Base="BK3:btnHolo_Blue_Small" Font="CRB_Button" ButtonType="Check" RadioGroup="" LAnchorPoint="1" LAnchorOffset="-261" TAnchorPoint="0" TAnchorOffset="468" RAnchorPoint="1" RAnchorOffset="-26" BAnchorPoint="0" BAnchorOffset="521" DT_VCENTER="1" DT_CENTER="1" TooltipType="OnCursor" Name="DropToggleHealthText" BGColor="ffffffff" TextColor="ffffffff" TooltipColor="" NormalTextColor="UI_BtnTextHoloNormal" PressedTextColor="UI_BtnTextHoloPressed" FlybyTextColor="UI_BtnTextHoloFlyby" PressedFlybyTextColor="UI_BtnTextHoloPressedFlyby" DisabledTextColor="UI_BtnTextHoloDisabled" Text="" TextId="CRB_Test_Set_name" HideInEditor="0">
                <Event Name="ButtonCheck" Function="OnWindowModeToggle"/>
                <Event Name="ButtonUncheck" Function="OnWindowModeToggle"/>
                <Control Class="Window" LAnchorPoint="1" LAnchorOffset="-20" TAnchorPoint="0" TAnchorOffset="-40" RAnchorPoint="1" RAnchorOffset="250" BAnchorPoint="0" BAnchorOffset="150" RelativeToClient="1" Font="Default" Text="" Template="Default" TooltipType="OnCursor" Name="ChoiceContainer" BGColor="ffffffff" TextColor="ffffffff" TooltipColor="" CloseOnExternalClick="1" Picture="1" NewWindowDepth="1" Sprite="BK3:sprHolo_Alert_Flyout" NoClip="1" HideInEditor="0">
                    <Control Class="Button" Name="DisplayOff" ButtonType="Check" Base="BK3:btnHolo_ListView_Top" Font="CRB_Button" TextColor="ffffb000" DrawAsCheckbox="0" RelativeToClient="1" BGColor="ffffffff" DT_VCENTER="1" LAnchorPoint="0" LAnchorOffset="40" TAnchorPoint="0" TAnchorOffset="45" RAnchorPoint="1" RAnchorOffset="-40" BAnchorPoint="0" BAnchorOffset="78" TextId="OptionsHUD_DisplayOnMouseOver" TooltipColor="" NormalTextColor="UI_BtnTextHoloNormal" PressedTextColor="UI_BtnTextHoloPressed" FlybyTextColor="UI_BtnTextHoloFlyby" PressedFlybyTextColor="UI_BtnTextHoloPressedFlyby" DisabledTextColor="UI_BtnTextHoloDisabled" NoClip="1" DT_CENTER="1" GlobalRadioGroup="" RadioGroup="HUDHealthTextGroup" RadioDisallowNonSelection="1" Text="" Sprite="">
                        <zzEvent Name="ButtonCheck" Function=""/>
                        <zzEvent Name="ButtonUncheck" Function=""/>
                        <Event Name="ButtonCheck" Function="OnHUDRadio"/>
                    </Control>
                    <Control Class="Button" Name="DisplayNumber" ButtonType="Check" Base="BK3:btnHolo_ListView_Btm" Font="CRB_Button" TextColor="ffffb000" DrawAsCheckbox="0" RelativeToClient="1" BGColor="ffffffff" DT_VCENTER="1" LAnchorPoint="0" LAnchorOffset="40" TAnchorPoint="0" TAnchorOffset="78" RAnchorPoint="1" RAnchorOffset="-40" BAnchorPoint="0" BAnchorOffset="111" TextId="OptionsHUD_DisplayXY" TooltipColor="" NormalTextColor="UI_BtnTextHoloNormal" PressedTextColor="UI_BtnTextHoloPressed" FlybyTextColor="UI_BtnTextHoloFlyby" PressedFlybyTextColor="UI_BtnTextHoloPressedFlyby" DisabledTextColor="UI_BtnTextHoloDisabled" NoClip="1" DT_CENTER="1" GlobalRadioGroup="" RadioGroup="HUDHealthTextGroup" RadioDisallowNonSelection="1" Text="Display: X/Y" Sprite="">
                        <zzEvent Name="ButtonCheck" Function=""/>
                        <zzEvent Name="ButtonUncheck" Function=""/>
                        <Event Name="ButtonCheck" Function="OnHUDRadio"/>
                    </Control>
                    <Control Class="Button" Name="DisplayPercentage" ButtonType="Check" Base="BK3:btnHolo_ListView_Mid" Font="CRB_Button" TextColor="ffffb000" DrawAsCheckbox="0" RelativeToClient="1" BGColor="ffffffff" DT_VCENTER="1" LAnchorPoint="0" LAnchorOffset="40" TAnchorPoint="0" TAnchorOffset="111" RAnchorPoint="1" RAnchorOffset="-40" BAnchorPoint="0" BAnchorOffset="144" TextId="OptionsHUD_DisplayPercentage" TooltipColor="" NormalTextColor="UI_BtnTextHoloNormal" PressedTextColor="UI_BtnTextHoloPressed" FlybyTextColor="UI_BtnTextHoloFlyby" PressedFlybyTextColor="UI_BtnTextHoloPressedFlyby" DisabledTextColor="UI_BtnTextHoloDisabled" NoClip="1" DT_CENTER="1" GlobalRadioGroup="" RadioGroup="HUDHealthTextGroup" RadioDisallowNonSelection="1" Text="" Sprite="">
                        <zzEvent Name="ButtonCheck" Function=""/>
                        <zzEvent Name="ButtonUncheck" Function=""/>
                        <Event Name="ButtonCheck" Function="OnHUDRadio"/>
                    </Control>
                </Control>
            </Control>
        </Control>
        <Control Class="Window" LAnchorPoint="0" LAnchorOffset="0" TAnchorPoint="0" TAnchorOffset="0" RAnchorPoint="1" RAnchorOffset="0" BAnchorPoint="1" BAnchorOffset="0" RelativeToClient="1" Font="Default" Text="" BGColor="UI_WindowBGDefault" TextColor="UI_WindowTextDefault" Template="Metal_Primary_NoNav" TooltipType="OnCursor" Name="MainFrame" TooltipColor="" Border="1" IgnoreMouse="1" HScroll="0" UseTemplateBG="1"/>
        <Control Class="Window" LAnchorPoint="0" LAnchorOffset="80" TAnchorPoint="0" TAnchorOffset="24" RAnchorPoint="1" RAnchorOffset="-80" BAnchorPoint="0" BAnchorOffset="60" RelativeToClient="1" Font="Default" Text="" Template="Default" Name="BGHeader" BGColor="ffffffff" TextColor="ffffffff" Sprite="BK3:sprMetal_Framing_Header" Picture="1" IgnoreMouse="1" TextId="" DT_CENTER="0" DT_VCENTER="0" NewControlDepth="1" TooltipColor="">
            <Control Class="Window" LAnchorPoint="0" LAnchorOffset="0" TAnchorPoint="0" TAnchorOffset="0" RAnchorPoint="1" RAnchorOffset="0" BAnchorPoint="1" BAnchorOffset="0" RelativeToClient="1" Font="CRB_HeaderMedium" Text="" Template="Default" Name="BGHeaderText" BGColor="ffffffff" TextColor="UI_WindowTitleYellow" TextId="HUD_HUDOptions" DT_CENTER="1" DT_VCENTER="1" TooltipColor="" IgnoreMouse="1" AutoScaleText="1"/>
        </Control>
        <Control Class="Button" Base="CRB_Basekit:kitBtn_Close" Font="Thick" ButtonType="PushButton" RadioGroup="" LAnchorPoint="1" LAnchorOffset="-51" TAnchorPoint="0" TAnchorOffset="25" RAnchorPoint="1" RAnchorOffset="-23" BAnchorPoint="0" BAnchorOffset="55" DT_VCENTER="1" DT_CENTER="1" Name="CloseButton" BGColor="ffffffff" TextColor="ffffffff" NewControlDepth="2" WindowSoundTemplate="CloseWindowPhys" Text="" TextId="" NormalTextColor="ffffffff" PressedTextColor="ffffffff" FlybyTextColor="ffffffff" PressedFlybyTextColor="ffffffff" DisabledTextColor="ffffffff" TooltipColor="">
            <Event Name="ButtonSignal" Function="OnCancel"/>
        </Control>
        <Control Class="Window" LAnchorPoint="0" LAnchorOffset="27" TAnchorPoint="1" TAnchorOffset="-92" RAnchorPoint="1" RAnchorOffset="-27" BAnchorPoint="1" BAnchorOffset="-22" RelativeToClient="1" Font="Default" Text="" BGColor="UI_WindowBGDefault" TextColor="UI_WindowTextDefault" Template="Default" TooltipType="OnCursor" Name="Metalfooter" TooltipColor="" Sprite="BK3:UI_BK3_Metal_Footer_Large" Picture="1" IgnoreMouse="1"/>
        <Control Class="Button" Base="CRB_Basekit:kitBtn_Metal_LargeGreen" Font="CRB_Button" ButtonType="PushButton" RadioGroup="" LAnchorPoint="1" LAnchorOffset="-137" TAnchorPoint="1" TAnchorOffset="-79" RAnchorPoint="1" RAnchorOffset="-37" BAnchorPoint="1" BAnchorOffset="-28" DT_VCENTER="1" DT_CENTER="1" Name="OkButton" BGColor="ffffffff" TextColor="ffffffff" NewControlDepth="2" WindowSoundTemplate="TogglePhys02" TextId="CRB_OK" Text="" NormalTextColor="ff80ff80" PressedTextColor="ffffffff" FlybyTextColor="ffffffff" PressedFlybyTextColor="ffffffff" DisabledTextColor="ff4f4235" TooltipColor="">
            <Event Name="ButtonSignal" Function="OnOK"/>
        </Control>
    </Form>
    <Form Class="Window" LAnchorPoint="0.5" LAnchorOffset="-550" TAnchorPoint="0.5" TAnchorOffset="-235" RAnchorPoint="0.5" RAnchorOffset="-150" BAnchorPoint="0.5" BAnchorOffset="135" RelativeToClient="1" Font="Default" Text="" Template="Default" Name="HUDTutorial" Border="0" Picture="1" SwallowMouseClicks="1" Moveable="0" Escapable="1" Overlapped="1" BGColor="white" TextColor="white" Sprite="" TransitionShowHide="1" TooltipColor="" Tooltip="">
        <Control Class="Window" LAnchorPoint="0" LAnchorOffset="8" TAnchorPoint="0" TAnchorOffset="8" RAnchorPoint="1" RAnchorOffset="-8" BAnchorPoint="1" BAnchorOffset="-8" RelativeToClient="1" Font="Default" Text="" Template="Holo_Small" Name="BGArt" BGColor="white" TextColor="white" Picture="1" IgnoreMouse="1" Sprite="" HideInEditor="0" TooltipColor="" Border="1" UseTemplateBG="1"/>
        <Control Class="Button" Base="BK3:btnHolo_Blue_Med" Font="CRB_Button" ButtonType="PushButton" RadioGroup="" LAnchorPoint="0.5" LAnchorOffset="5" TAnchorPoint="1" TAnchorOffset="-122" RAnchorPoint="1" RAnchorOffset="-80" BAnchorPoint="1" BAnchorOffset="-50" DT_VCENTER="1" DT_CENTER="1" Name="YesButton" BGColor="white" TextColor="white" NormalTextColor="UI_BtnTextBlueNormal" PressedTextColor="UI_BtnTextBluePressed" FlybyTextColor="UI_BtnTextBlueFlyby" PressedFlybyTextColor="UI_BtnTextBluePressedFlyby" DisabledTextColor="UI_BtnTextBlueDisabled" Text="" TextId="Crafting_Continue" TooltipColor="">
            <Event Name="ButtonSignal" Function="OnTutorialOK"/>
        </Control>
        <Control Class="Window" LAnchorPoint="0" LAnchorOffset="70" TAnchorPoint="0" TAnchorOffset="60" RAnchorPoint="1" RAnchorOffset="-70" BAnchorPoint="0" BAnchorOffset="136" RelativeToClient="1" Font="CRB_InterfaceMedium" Text="" Template="Default" Name="BodyText" BGColor="white" TextColor="UI_TextHoloTitle" TextId="" DT_CENTER="1" DT_VCENTER="1" DT_WORDBREAK="1" TooltipColor="" Sprite="BK3:UI_BK3_Holo_InsetSimple" Picture="1" IgnoreMouse="1" Border="0" UseTemplateBG="1"/>
        <Control Class="Window" LAnchorPoint="0" LAnchorOffset="70" TAnchorPoint="0" TAnchorOffset="150" RAnchorPoint="1" RAnchorOffset="-70" BAnchorPoint="0" BAnchorOffset="180" RelativeToClient="1" Font="CRB_InterfaceMedium" Text="" Template="Default" Name="ControlText" BGColor="white" TextColor="UI_TextHoloTitle" TextId="" DT_CENTER="1" DT_VCENTER="1" DT_WORDBREAK="1" TooltipColor="" Sprite="BK3:UI_BK3_Holo_InsetSimple" Picture="1" IgnoreMouse="1" Border="0" UseTemplateBG="1"/>
        <Control Class="Button" Base="CRB_Basekit:kitBtn_List_HoloArrow" Font="CRB_InterfaceMedium" ButtonType="Check" RadioGroup="" LAnchorPoint="0.5" LAnchorOffset="-125" TAnchorPoint="0" TAnchorOffset="200" RAnchorPoint="0.5" RAnchorOffset="125" BAnchorPoint="0" BAnchorOffset="230" DT_VCENTER="1" DT_CENTER="1" TooltipType="OnCursor" Name="DropToggle" BGColor="ffffffff" TextColor="ffffffff" TooltipColor="" NormalTextColor="UI_BtnTextHoloNormal" PressedTextColor="UI_BtnTextHoloPressed" FlybyTextColor="UI_BtnTextHoloFlyby" PressedFlybyTextColor="UI_BtnTextHoloPressedFlyby" DisabledTextColor="UI_BtnTextHoloDisabled" Text="" TextId="CRB_Test_Set_name" HideInEditor="0">
            <Control Class="Window" LAnchorPoint="1" LAnchorOffset="-6" TAnchorPoint="0" TAnchorOffset="-8" RAnchorPoint="1" RAnchorOffset="242" BAnchorPoint="0" BAnchorOffset="141" RelativeToClient="1" Font="Default" Text="" Template="Default" TooltipType="OnCursor" Name="ChoiceContainer" BGColor="ffffffff" TextColor="ffffffff" TooltipColor="" CloseOnExternalClick="1" Picture="1" NewWindowDepth="1" Sprite="CRB_Basekit:kitBase_HoloTeal_Border" NoClip="1" HideInEditor="1" Visible="1">
                <Control Class="Button" Name="AlwaysOn" ButtonType="Check" Base="CRB_Basekit:kitBtn_List_Holo" Font="CRB_InterfaceMedium" TextColor="ffffb000" DrawAsCheckbox="0" RelativeToClient="1" BGColor="ffffffff" DT_VCENTER="1" LAnchorPoint="0" LAnchorOffset="10" TAnchorPoint="0" TAnchorOffset="11" RAnchorPoint="1" RAnchorOffset="-10" BAnchorPoint="0" BAnchorOffset="43" TextId="" TooltipColor="" NormalTextColor="UI_BtnTextHoloNormal" PressedTextColor="UI_BtnTextHoloPressed" FlybyTextColor="UI_BtnTextHoloFlyby" PressedFlybyTextColor="UI_BtnTextHoloPressedFlyby" DisabledTextColor="UI_BtnTextHoloDisabled" NoClip="1" DT_CENTER="1" GlobalRadioGroup="" RadioGroup="HUDTutorialGroup" RadioDisallowNonSelection="1" Text="Always On" Sprite="">
                    <zzEvent Name="ButtonCheck" Function=""/>
                    <zzEvent Name="ButtonUncheck" Function=""/>
                    <Event Name="ButtonCheck" Function="OnHUDTutorialRadio"/>
                </Control>
                <Control Class="Button" Name="AlwaysOff" ButtonType="Check" Base="CRB_Basekit:kitBtn_List_Holo" Font="CRB_InterfaceMedium" TextColor="ffffb000" DrawAsCheckbox="0" RelativeToClient="1" BGColor="ffffffff" DT_VCENTER="1" LAnchorPoint="0" LAnchorOffset="10" TAnchorPoint="0" TAnchorOffset="43" RAnchorPoint="1" RAnchorOffset="-10" BAnchorPoint="0" BAnchorOffset="75" TextId="" TooltipColor="" NormalTextColor="UI_BtnTextHoloNormal" PressedTextColor="UI_BtnTextHoloPressed" FlybyTextColor="UI_BtnTextHoloFlyby" PressedFlybyTextColor="UI_BtnTextHoloPressedFlyby" DisabledTextColor="UI_BtnTextHoloDisabled" NoClip="1" DT_CENTER="1" GlobalRadioGroup="" RadioGroup="HUDTutorialGroup" RadioDisallowNonSelection="1" Text="Always Off" Sprite="">
                    <zzEvent Name="ButtonCheck" Function=""/>
                    <zzEvent Name="ButtonUncheck" Function=""/>
                    <Event Name="ButtonCheck" Function="OnHUDTutorialRadio"/>
                </Control>
                <Control Class="Button" Name="OnInCombat" ButtonType="Check" Base="CRB_Basekit:kitBtn_List_Holo" Font="CRB_InterfaceMedium" TextColor="ffffb000" DrawAsCheckbox="0" RelativeToClient="1" BGColor="ffffffff" DT_VCENTER="1" LAnchorPoint="0" LAnchorOffset="10" TAnchorPoint="0" TAnchorOffset="75" RAnchorPoint="1" RAnchorOffset="-10" BAnchorPoint="0" BAnchorOffset="107" TextId="" TooltipColor="" NormalTextColor="UI_BtnTextHoloNormal" PressedTextColor="UI_BtnTextHoloPressed" FlybyTextColor="UI_BtnTextHoloFlyby" PressedFlybyTextColor="UI_BtnTextHoloPressedFlyby" DisabledTextColor="UI_BtnTextHoloDisabled" NoClip="1" DT_CENTER="1" GlobalRadioGroup="" RadioGroup="HUDTutorialGroup" RadioDisallowNonSelection="1" Text="On While In Combat" Sprite="">
                    <zzEvent Name="ButtonCheck" Function=""/>
                    <zzEvent Name="ButtonUncheck" Function=""/>
                    <Event Name="ButtonCheck" Function="OnHUDTutorialRadio"/>
                </Control>
                <Control Class="Button" Name="OffInCombat" ButtonType="Check" Base="CRB_Basekit:kitBtn_List_Holo" Font="CRB_InterfaceMedium" TextColor="ffffb000" DrawAsCheckbox="0" RelativeToClient="1" BGColor="ffffffff" DT_VCENTER="1" LAnchorPoint="0" LAnchorOffset="10" TAnchorPoint="0" TAnchorOffset="107" RAnchorPoint="1" RAnchorOffset="-10" BAnchorPoint="0" BAnchorOffset="139" TextId="" TooltipColor="" NormalTextColor="UI_BtnTextHoloNormal" PressedTextColor="UI_BtnTextHoloPressed" FlybyTextColor="UI_BtnTextHoloFlyby" PressedFlybyTextColor="UI_BtnTextHoloPressedFlyby" DisabledTextColor="UI_BtnTextHoloDisabled" NoClip="1" DT_CENTER="1" GlobalRadioGroup="" RadioGroup="HUDTutorialGroup" RadioDisallowNonSelection="1" Text="Off While In Combat" Sprite="">
                    <zzEvent Name="ButtonCheck" Function=""/>
                    <zzEvent Name="ButtonUncheck" Function=""/>
                    <Event Name="ButtonCheck" Function="OnHUDTutorialRadio"/>
                </Control>
            </Control>
            <Control Class="Window" LAnchorPoint="0" LAnchorOffset="-10" TAnchorPoint="0" TAnchorOffset="-9" RAnchorPoint="1" RAnchorOffset="10" BAnchorPoint="1" BAnchorOffset="9" RelativeToClient="1" Font="Default" Text="" Template="Default" TooltipType="OnCursor" Name="Frame" BGColor="ffffffff" TextColor="ffffffff" TooltipColor="" Picture="1" IgnoreMouse="1" Sprite="CRB_Basekit:kitInnerFrame_MetalGrey_Small" NoClip="1" HideInEditor="0"/>
        </Control>
    </Form>
</Forms>
