<?xml version="1.0" encoding="UTF-8" standalone="yes" ?>
<Forms>
    <Form Class="Window" LAnchorPoint="0.5" LAnchorOffset="-512" TAnchorPoint="1" TAnchorOffset="-110" RAnchorPoint="0.5" RAnchorOffset="512" BAnchorPoint="1" BAnchorOffset="1" RelativeToClient="1" Font="Default" Text="" Template="" Name="ActionBarFrameForm" Border="0" Picture="0" SwallowMouseClicks="1" Moveable="0" Escapable="0" Overlapped="0" BGColor="ffffffff" TextColor="ffffffff" TextId="" TooltipColor="" Tooltip="" IgnoreMouse="1" LeftEdgeControlsAnchor="ActionBar0_Left" TopEdgeControlsAnchor="ActionBar0_Top" RightEdgeControlsAnchor="ActionBar0_Right" BottomEdgeControlsAnchor="ActionBar0_Bottom" HideInEditor="0">
        <Control Class="Window" LAnchorPoint="0" LAnchorOffset="111" TAnchorPoint="1" TAnchorOffset="-112" RAnchorPoint="1" RAnchorOffset="-755" BAnchorPoint="1" BAnchorOffset="-1" RelativeToClient="1" Font="Default" Text="" Template="Default" TooltipType="OnCursor" Name="StanceFlyout" BGColor="ffffffff" TextColor="ffffffff" TooltipColor="" IgnoreMouse="1" Escapable="0" Tooltip="">
            <Control Class="Button" Base="HUD_BottomBar:btn_HUD_Flyout" Font="Thick" ButtonType="Check" RadioGroup="" LAnchorPoint="0" LAnchorOffset="34" TAnchorPoint="0" TAnchorOffset="-9" RAnchorPoint="0" RAnchorOffset="118" BAnchorPoint="0" BAnchorOffset="94" DT_VCENTER="1" DT_CENTER="1" TooltipType="OnCursor" Name="StancePopoutBtn" BGColor="ffffffff" TextColor="ffffffff" TooltipColor="" NormalTextColor="ffffffff" PressedTextColor="ffffffff" FlybyTextColor="ffffffff" PressedFlybyTextColor="ffffffff" DisabledTextColor="ffffffff" TestAlpha="1" HideInEditor="0" NoClip="1" LeftEdgeControlsAnchor="" NeverBringToFront="1"/>
            <Control Class="Window" LAnchorPoint="0" LAnchorOffset="-1" TAnchorPoint="0" TAnchorOffset="-259" RAnchorPoint="0" RAnchorOffset="151" BAnchorPoint="0" BAnchorOffset="21" RelativeToClient="1" Font="Default" Text="" Template="Default" TooltipType="OnCursor" Name="StancePopoutFrame" BGColor="ffffffff" TextColor="ffffffff" TooltipColor="" IgnoreMouse="1" NoClip="1" Picture="1" Sprite="BK3:sprHolo_Alert_Flyout" Visible="0" CloseOnExternalClick="1" Tooltip="" Escapable="1" NeverBringToFront="0" NewWindowDepth="0">
                <Control Class="Window" LAnchorPoint="0" LAnchorOffset="49" TAnchorPoint="0" TAnchorOffset="49" RAnchorPoint="1" RAnchorOffset="-49" BAnchorPoint="1" BAnchorOffset="-49" RelativeToClient="1" Font="Default" Text="" Template="Default" TooltipType="OnCursor" Name="StancePopoutList" BGColor="ffffffff" TextColor="ffffffff" TooltipColor=""/>
                <Control Class="Window" LAnchorPoint="0" LAnchorOffset="42" TAnchorPoint="0" TAnchorOffset="42" RAnchorPoint="1" RAnchorOffset="-42" BAnchorPoint="1" BAnchorOffset="-42" RelativeToClient="1" Font="Default" Text="" BGColor="UI_WindowBGDefault" TextColor="UI_WindowTextDefault" Template="Default" TooltipType="OnCursor" Name="Window" TooltipColor="" Sprite="UI_BK3_Holo_InsetSimple" Picture="1" IgnoreMouse="1" Tooltip=""/>
            </Control>
            <Control Class="Window" LAnchorPoint="0" LAnchorOffset="47" TAnchorPoint="0" TAnchorOffset="16" RAnchorPoint="0" RAnchorOffset="105" BAnchorPoint="0" BAnchorOffset="82" RelativeToClient="1" Font="Default" Text="" Template="Default" TooltipType="OnCursor" Name="StanceCover" BGColor="ffffffff" TextColor="ffffffff" TooltipColor="" Picture="1" IgnoreMouse="1" Sprite="HUD_BottomBar:spr_HUD_BottomBar_SlotCover" Tooltip="" TooltipId="" TooltipFont="CRB_InterfaceSmall_O" HideInEditor="0"/>
            <Control Class="ActionBarButton" Name="ActionBarInnate" ContentType="GCBar" ContentId="2" Base="Button_ActionBarBlank" RelativeToClient="1" IfHoldNoSignal="1" DT_VCENTER="1" DT_CENTER="1" NeverBringToFront="0" Picture="0" WindowSoundTemplate="ActionBarButton" BGColor="ffffffff" TextColor="ffffffff" LAnchorPoint="0" LAnchorOffset="51" TAnchorPoint="0" TAnchorOffset="20" RAnchorPoint="0" RAnchorOffset="101" BAnchorPoint="0" BAnchorOffset="82" Font="CRB_InterfaceLarge_O" IgnoreTooltipDelay="1" TooltipColor="" HideInEditor="0" RechargeBarLAnchorPoint="1" RechargeBarLAnchorOffset="-8" RechargeBarTAnchorPoint="0" RechargeBarTAnchorOffset="15" RechargeBarRAnchorPoint="1" RechargeBarRAnchorOffset="0" RechargeBarBAnchorPoint="1" RechargeBarBAnchorOffset="-3" RechargeBarEmptyColorAttribute="Black" RechargeBarFullColorAttribute="ffffffff" RechargeBarEmptyAttribute="WhiteFill" RechargeBarFullAttribute="spr_HUD_VerticalGoo_Pulse" TooltipType="DynamicFloater" ShortHotkeyFontAttribute="CRB_Pixel_O" LongHotkeyFontAttribute="CRB_Pixel_O" CountFontAttribute="CRB_InterfaceSmall_O" CooldownFontAttribute="CRB_HeaderLarge" ProcessRightClick="1" RightEdgeControlsAnchor="" DrawShortcutBottom="1">
                <Event Name="GenerateTooltip" Function="OnGenerateTooltip"/>
            </Control>
            <Control Class="Window" LAnchorPoint="0" LAnchorOffset="51" TAnchorPoint="0" TAnchorOffset="20" RAnchorPoint="0" RAnchorOffset="101" BAnchorPoint="0" BAnchorOffset="70" RelativeToClient="1" Font="Default" Text="" Template="Default" TooltipType="OnCursor" Name="StanceShadow" BGColor="ffffffff" TextColor="ffffffff" TooltipColor="" Picture="1" IgnoreMouse="1" Sprite="HUD_BottomBar:spr_HUD_BottomBar_SlotShadow" Tooltip="" TooltipId="" TooltipFont="CRB_InterfaceSmall_O" HideInEditor="0" NewWindowDepth="0"/>
        </Control>
        <Control Class="Window" LAnchorPoint="0" LAnchorOffset="222" TAnchorPoint="1" TAnchorOffset="-96" RAnchorPoint="0" RAnchorOffset="692" BAnchorPoint="1" BAnchorOffset="-30" RelativeToClient="1" Font="Default" Text="" Template="Default" TooltipType="OnCursor" Name="Bar1ButtonContainer" BGColor="ffffffff" TextColor="ffffffff" TooltipColor="" HideInEditor="0"/>
        <Control Class="Window" LAnchorPoint="0.5" LAnchorOffset="177" TAnchorPoint="1" TAnchorOffset="-100" RAnchorPoint="0.5" RAnchorOffset="297" BAnchorPoint="1" BAnchorOffset="-26" RelativeToClient="1" Font="Default" Text="" Template="Default" TooltipType="OnCursor" Name="Bar1ButtonSmallContainer" BGColor="ffffffff" TextColor="ffffffff" TooltipColor="" NewControlDepth="2" Sprite="" Picture="1" IgnoreMouse="1">
            <Control Class="Window" LAnchorPoint="0" LAnchorOffset="0" TAnchorPoint="0" TAnchorOffset="0" RAnchorPoint="0" RAnchorOffset="183" BAnchorPoint="0" BAnchorOffset="74" RelativeToClient="1" Font="Default" Text="" Template="Default" TooltipType="OnCursor" Name="Window" BGColor="ffffffff" TextColor="ffffffff" TooltipColor="" NewControlDepth="2" Sprite="HUD_BottomBar:spr_HUD_BottomBar_GadgetPathPotionBase" Picture="1" IgnoreMouse="1" NoClip="1"/>
            <Control Class="Window" LAnchorPoint="0" LAnchorOffset="3" TAnchorPoint="0" TAnchorOffset="4" RAnchorPoint="1" RAnchorOffset="-2" BAnchorPoint="1" BAnchorOffset="-4" RelativeToClient="1" Font="Default" Text="" Template="Default" TooltipType="OnCursor" Name="Buttons" BGColor="ffffffff" TextColor="ffffffff" TooltipColor="" NewControlDepth="2" Sprite="" Picture="0" IgnoreMouse="1" NoClip="1"/>
        </Control>
        <Control Class="Window" LAnchorPoint="0.5" LAnchorOffset="-302" TAnchorPoint="0" TAnchorOffset="18" RAnchorPoint="0.5" RAnchorOffset="302" BAnchorPoint="0" BAnchorOffset="82" RelativeToClient="1" Font="Default" Text="" Template="Default" Name="VehicleBarMain" BGColor="ffffffff" TextColor="ffffffff" Sprite="sprActionBarFrame_VehicleBG_9Slots" Picture="1" IgnoreMouse="0" Overlapped="1" NewControlDepth="1" TooltipColor="" HideInEditor="1" Visible="0" Tooltip="" NoClip="0" NewWindowDepth="1">
            <Control Class="Window" LAnchorPoint="0" LAnchorOffset="0" TAnchorPoint="0" TAnchorOffset="0" RAnchorPoint="0" RAnchorOffset="18" BAnchorPoint="1" BAnchorOffset="0" RelativeToClient="1" Font="Default" Text="" Template="Default" TooltipType="OnCursor" Name="Padding" BGColor="ffffffff" TextColor="ffffffff" TooltipColor=""/>
            <Control Class="Window" LAnchorPoint="0" LAnchorOffset="173" TAnchorPoint="0" TAnchorOffset="-2" RAnchorPoint="0" RAnchorOffset="449" BAnchorPoint="0" BAnchorOffset="64" RelativeToClient="1" Font="Default" Text="" Template="Default" TooltipType="OnCursor" Name="VehicleBarFrame" BGColor="ffffffff" TextColor="ffffffff" TooltipColor="" Sprite="CRB_ActionBarFrameSprites:sprActionBarFrame_VehicleFrame" Picture="1" IgnoreMouse="1" HideInEditor="0">
                <Control Class="Button" LAnchorPoint="0" LAnchorOffset="-12" TAnchorPoint="0.5" TAnchorOffset="-26" RAnchorPoint="0" RAnchorOffset="45" BAnchorPoint="0.5" BAnchorOffset="29" RelativeToClient="1" Font="Default" Text="" Template="Default" TooltipType="OnCursor" Name="ActionBarShortcut.Dismount" BGColor="ffffffff" TextColor="ffffffff" TooltipColor="" NormalTextColor="ffffffff" PressedTextColor="ffffffff" FlybyTextColor="ffffffff" PressedFlybyTextColor="ffffffff" DisabledTextColor="ffffffff" Base="CRB_ActionBarFrameSprites:btnActionBarFrame_DismountBtn" NoClip="1">
                    <Control Class="ActionBarButton" Name="ActionBarDismount" ContentType="GCBar" ContentId="8" Base="CRB_DEMO_WrapperSprites:btnDemo_CharInvisible" RelativeToClient="1" IfHoldNoSignal="1" DT_VCENTER="1" DT_CENTER="1" NeverBringToFront="1" Picture="0" WindowSoundTemplate="ActionBarButton" BGColor="ffffffff" TextColor="ffffffff" LAnchorPoint="0" LAnchorOffset="2" TAnchorPoint="0" TAnchorOffset="2" RAnchorPoint="1" RAnchorOffset="-2" BAnchorPoint="1" BAnchorOffset="-2" Font="CRB_InterfaceLarge_O" IgnoreTooltipDelay="1" TooltipColor="" HideInEditor="1" RechargeBarLAnchorPoint="1" RechargeBarLAnchorOffset="-8" RechargeBarTAnchorPoint="0" RechargeBarTAnchorOffset="4" RechargeBarRAnchorPoint="1" RechargeBarRAnchorOffset="4" RechargeBarBAnchorPoint="1" RechargeBarBAnchorOffset="-14" RechargeBarEmptyColorAttribute="Black" RechargeBarFullColorAttribute="ffffffff" RechargeBarEmptyAttribute="WhiteFill" RechargeBarFullAttribute="spr_HUD_VerticalGoo_Pulse" Tooltip="" TooltipType="OnCursor" TooltipFont="CRB_InterfaceSmall_O" ShortHotkeyFontAttribute="CRB_Pixel_O" LongHotkeyFontAttribute="CRB_Pixel_O" CountFontAttribute="CRB_InterfaceSmall_O" CooldownFontAttribute="CRB_HeaderLarge">
                        <Event Name="GenerateTooltip" Function="OnGenerateTooltip"/>
                    </Control>
                </Control>
                <Control Class="Window" LAnchorPoint="0" LAnchorOffset="47" TAnchorPoint="0.5" TAnchorOffset="-17" RAnchorPoint="0" RAnchorOffset="81" BAnchorPoint="0.5" BAnchorOffset="17" RelativeToClient="1" Font="Default" Text="" Template="Default" TooltipType="OnCursor" Name="ActionBarShortcutContainer1" BGColor="ffffffff" TextColor="ffffffff" TooltipColor="" Picture="1" IgnoreMouse="1" Sprite="CRB_ActionBarFrameSprites:sprActionBarFrame_VehicleIconBG" HideInEditor="0">
                    <Control Class="ActionBarButton" Name="ActionBarShortcut.1" ContentType="RMSBar" ContentId="0" Base="Button_ActionBarBlank" RelativeToClient="1" IfHoldNoSignal="1" DT_VCENTER="1" DT_CENTER="1" LAnchorPoint="0" LAnchorOffset="0" TAnchorPoint="0" TAnchorOffset="0" RAnchorPoint="1" RAnchorOffset="0" BAnchorPoint="1" BAnchorOffset="0" NeverBringToFront="1" Picture="0" WindowSoundTemplate="ActionBarButton" BGColor="ffffffff" TextColor="ffffffff" IgnoreMouse="1" TooltipType="OnCursor" IgnoreTooltipDelay="1" TooltipColor="" ShortHotkeyFontAttribute="CRB_Pixel_O" LongHotkeyFontAttribute="CRB_Pixel_O" CountFontAttribute="CRB_InterfaceSmall_O" CooldownFontAttribute="CRB_HeaderLarge">
                        <Event Name="GenerateTooltip" Function="OnGenerateTooltip"/>
                    </Control>
                </Control>
                <Control Class="Window" LAnchorPoint="0" LAnchorOffset="82" TAnchorPoint="0.5" TAnchorOffset="-17" RAnchorPoint="0" RAnchorOffset="116" BAnchorPoint="0.5" BAnchorOffset="17" RelativeToClient="1" Font="Default" Text="" Template="Default" TooltipType="OnCursor" Name="ActionBarShortcutContainer2" BGColor="ffffffff" TextColor="ffffffff" TooltipColor="" Picture="1" IgnoreMouse="1" Sprite="CRB_ActionBarFrameSprites:sprActionBarFrame_VehicleIconBG" HideInEditor="0">
                    <Control Class="ActionBarButton" Name="ActionBarShortcut.2" ContentType="RMSBar" ContentId="1" Base="Button_ActionBarBlank" RelativeToClient="1" IfHoldNoSignal="1" DT_VCENTER="1" DT_CENTER="1" LAnchorPoint="0" LAnchorOffset="0" TAnchorPoint="0" TAnchorOffset="0" RAnchorPoint="1" RAnchorOffset="0" BAnchorPoint="1" BAnchorOffset="0" NeverBringToFront="0" Picture="0" WindowSoundTemplate="ActionBarButton" BGColor="ffffffff" TextColor="ffffffff" IgnoreMouse="1" TooltipType="OnCursor" IgnoreTooltipDelay="1" TooltipColor="" ShortHotkeyFontAttribute="CRB_Pixel_O" LongHotkeyFontAttribute="CRB_Pixel_O" CountFontAttribute="CRB_InterfaceSmall_O" CooldownFontAttribute="CRB_HeaderLarge">
                        <Event Name="GenerateTooltip" Function="OnGenerateTooltip"/>
                    </Control>
                </Control>
                <Control Class="Window" LAnchorPoint="0" LAnchorOffset="117" TAnchorPoint="0.5" TAnchorOffset="-17" RAnchorPoint="0" RAnchorOffset="151" BAnchorPoint="0.5" BAnchorOffset="17" RelativeToClient="1" Font="Default" Text="" Template="Default" TooltipType="OnCursor" Name="ActionBarShortcutContainer3" BGColor="ffffffff" TextColor="ffffffff" TooltipColor="" Picture="1" IgnoreMouse="1" Sprite="CRB_ActionBarFrameSprites:sprActionBarFrame_VehicleIconBG" HideInEditor="0">
                    <Control Class="ActionBarButton" Name="ActionBarShortcut.3" ContentType="RMSBar" ContentId="2" Base="Button_ActionBarBlank" RelativeToClient="1" IfHoldNoSignal="1" DT_VCENTER="1" DT_CENTER="1" LAnchorPoint="0" LAnchorOffset="0" TAnchorPoint="0" TAnchorOffset="0" RAnchorPoint="1" RAnchorOffset="0" BAnchorPoint="1" BAnchorOffset="0" NeverBringToFront="0" Picture="0" WindowSoundTemplate="ActionBarButton" BGColor="ffffffff" TextColor="ffffffff" IgnoreMouse="1" TooltipType="OnCursor" IgnoreTooltipDelay="1" TooltipColor="" ShortHotkeyFontAttribute="CRB_Pixel_O" LongHotkeyFontAttribute="CRB_Pixel_O" CountFontAttribute="CRB_InterfaceSmall_O" CooldownFontAttribute="CRB_HeaderLarge">
                        <Event Name="GenerateTooltip" Function="OnGenerateTooltip"/>
                    </Control>
                </Control>
                <Control Class="Window" LAnchorPoint="0" LAnchorOffset="152" TAnchorPoint="0.5" TAnchorOffset="-17" RAnchorPoint="0" RAnchorOffset="186" BAnchorPoint="0.5" BAnchorOffset="17" RelativeToClient="1" Font="Default" Text="" Template="Default" TooltipType="OnCursor" Name="ActionBarShortcutContainer4" BGColor="ffffffff" TextColor="ffffffff" TooltipColor="" Picture="1" IgnoreMouse="1" Sprite="CRB_ActionBarFrameSprites:sprActionBarFrame_VehicleIconBG" HideInEditor="0">
                    <Control Class="ActionBarButton" Name="ActionBarShortcut.4" ContentType="RMSBar" ContentId="3" Base="Button_ActionBarBlank" RelativeToClient="1" IfHoldNoSignal="1" DT_VCENTER="1" DT_CENTER="1" LAnchorPoint="0" LAnchorOffset="0" TAnchorPoint="0" TAnchorOffset="0" RAnchorPoint="1" RAnchorOffset="0" BAnchorPoint="1" BAnchorOffset="0" NeverBringToFront="0" Picture="0" WindowSoundTemplate="ActionBarButton" BGColor="ffffffff" TextColor="ffffffff" IgnoreMouse="1" TooltipType="OnCursor" IgnoreTooltipDelay="1" TooltipColor="" ShortHotkeyFontAttribute="CRB_Pixel_O" LongHotkeyFontAttribute="CRB_Pixel_O" CountFontAttribute="CRB_InterfaceSmall_O" CooldownFontAttribute="CRB_HeaderLarge">
                        <Event Name="GenerateTooltip" Function="OnGenerateTooltip"/>
                    </Control>
                </Control>
                <Control Class="Window" LAnchorPoint="0" LAnchorOffset="187" TAnchorPoint="0.5" TAnchorOffset="-17" RAnchorPoint="0" RAnchorOffset="221" BAnchorPoint="0.5" BAnchorOffset="17" RelativeToClient="1" Font="Default" Text="" Template="Default" TooltipType="OnCursor" Name="ActionBarShortcutContainer5" BGColor="ffffffff" TextColor="ffffffff" TooltipColor="" Picture="1" IgnoreMouse="1" Sprite="CRB_ActionBarFrameSprites:sprActionBarFrame_VehicleIconBG" HideInEditor="0">
                    <Control Class="ActionBarButton" Name="ActionBarShortcut.5" ContentType="RMSBar" ContentId="4" Base="Button_ActionBarBlank" RelativeToClient="1" IfHoldNoSignal="1" DT_VCENTER="1" DT_CENTER="1" LAnchorPoint="0" LAnchorOffset="0" TAnchorPoint="0" TAnchorOffset="0" RAnchorPoint="1" RAnchorOffset="0" BAnchorPoint="1" BAnchorOffset="0" NeverBringToFront="0" Picture="0" WindowSoundTemplate="ActionBarButton" BGColor="ffffffff" TextColor="ffffffff" IgnoreMouse="1" TooltipType="OnCursor" IgnoreTooltipDelay="1" TooltipColor="" ShortHotkeyFontAttribute="CRB_Pixel_O" LongHotkeyFontAttribute="CRB_Pixel_O" CountFontAttribute="CRB_InterfaceSmall_O" CooldownFontAttribute="CRB_HeaderLarge">
                        <Event Name="GenerateTooltip" Function="OnGenerateTooltip"/>
                    </Control>
                </Control>
                <Control Class="Window" LAnchorPoint="0" LAnchorOffset="222" TAnchorPoint="0.5" TAnchorOffset="-17" RAnchorPoint="0" RAnchorOffset="256" BAnchorPoint="0.5" BAnchorOffset="17" RelativeToClient="1" Font="Default" Text="" Template="Default" TooltipType="OnCursor" Name="ActionBarShortcutContainer6" BGColor="ffffffff" TextColor="ffffffff" TooltipColor="" Picture="1" IgnoreMouse="1" Sprite="CRB_ActionBarFrameSprites:sprActionBarFrame_VehicleIconBG" HideInEditor="0">
                    <Control Class="ActionBarButton" Name="ActionBarShortcut.6" ContentType="RMSBar" ContentId="5" Base="Button_ActionBarBlank" RelativeToClient="1" IfHoldNoSignal="1" DT_VCENTER="1" DT_CENTER="1" LAnchorPoint="0" LAnchorOffset="0" TAnchorPoint="0" TAnchorOffset="0" RAnchorPoint="1" RAnchorOffset="0" BAnchorPoint="1" BAnchorOffset="0" NeverBringToFront="0" Picture="0" WindowSoundTemplate="ActionBarButton" BGColor="ffffffff" TextColor="ffffffff" IgnoreMouse="1" TooltipType="OnCursor" IgnoreTooltipDelay="1" TooltipColor="" ShortHotkeyFontAttribute="CRB_Pixel_O" LongHotkeyFontAttribute="CRB_Pixel_O" CountFontAttribute="CRB_InterfaceSmall_O" CooldownFontAttribute="CRB_HeaderLarge">
                        <Event Name="GenerateTooltip" Function="OnGenerateTooltip"/>
                    </Control>
                </Control>
            </Control>
        </Control>
        <Control Class="Window" LAnchorPoint="0.5" LAnchorOffset="251" TAnchorPoint="1" TAnchorOffset="-112" RAnchorPoint="0.5" RAnchorOffset="409" BAnchorPoint="1" BAnchorOffset="-1" RelativeToClient="1" Font="Default" Text="" Template="Default" TooltipType="OnCursor" Name="PotionFlyout" BGColor="ffffffff" TextColor="ffffffff" TooltipColor="" IgnoreMouse="1" Escapable="0" HideInEditor="0" NewWindowDepth="1">
            <Control Class="Window" LAnchorPoint="0" LAnchorOffset="47" TAnchorPoint="0" TAnchorOffset="16" RAnchorPoint="0" RAnchorOffset="105" BAnchorPoint="0" BAnchorOffset="82" RelativeToClient="1" Font="Default" Text="" Template="Default" TooltipType="OnCursor" Name="PotionCover" BGColor="ffffffff" TextColor="ffffffff" TooltipColor="" Picture="1" IgnoreMouse="1" Sprite="HUD_BottomBar:spr_HUD_BottomBar_SlotCover" Tooltip="" TooltipId="" TooltipFont="CRB_InterfaceSmall_O" HideInEditor="0"/>
            <Control Class="ActionBarButton" Name="ActionBarPotion" ContentType="GCBar" ContentId="27" Base="Button_ActionBarBlank" RelativeToClient="1" IfHoldNoSignal="1" DT_VCENTER="1" DT_CENTER="1" NeverBringToFront="1" Picture="0" WindowSoundTemplate="ActionBarButton" BGColor="ffffffff" TextColor="ffffffff" LAnchorPoint="0" LAnchorOffset="51" TAnchorPoint="0" TAnchorOffset="20" RAnchorPoint="0" RAnchorOffset="101" BAnchorPoint="0" BAnchorOffset="82" Font="CRB_InterfaceLarge_O" IgnoreTooltipDelay="1" TooltipColor="" HideInEditor="0" RechargeBarLAnchorPoint="1" RechargeBarLAnchorOffset="-8" RechargeBarTAnchorPoint="0" RechargeBarTAnchorOffset="4" RechargeBarRAnchorPoint="1" RechargeBarRAnchorOffset="4" RechargeBarBAnchorPoint="1" RechargeBarBAnchorOffset="-14" RechargeBarEmptyColorAttribute="Black" RechargeBarFullColorAttribute="ffffffff" RechargeBarEmptyAttribute="WhiteFill" RechargeBarFullAttribute="spr_HUD_VerticalGoo_Pulse" TooltipType="DynamicFloater" ShortHotkeyFontAttribute="CRB_Pixel_O" LongHotkeyFontAttribute="CRB_Pixel_O" CountFontAttribute="CRB_InterfaceSmall_O" CooldownFontAttribute="CRB_HeaderLarge" ProcessRightClick="1" RightEdgeControlsAnchor="" DrawShortcutBottom="1">
                <Event Name="GenerateTooltip" Function="OnGenerateTooltip"/>
            </Control>
            <Control Class="Window" LAnchorPoint="0" LAnchorOffset="51" TAnchorPoint="0" TAnchorOffset="20" RAnchorPoint="0" RAnchorOffset="101" BAnchorPoint="0" BAnchorOffset="70" RelativeToClient="1" Font="Default" Text="" Template="Default" TooltipType="OnCursor" Name="PotionShadow" BGColor="ffffffff" TextColor="ffffffff" TooltipColor="" Picture="1" IgnoreMouse="1" Sprite="HUD_BottomBar:spr_HUD_BottomBar_SlotShadow" Tooltip="" TooltipId="" TooltipFont="CRB_InterfaceSmall_O" HideInEditor="0" NewWindowDepth="0"/>
            <Control Class="Window" LAnchorPoint="0" LAnchorOffset="-10" TAnchorPoint="0" TAnchorOffset="-259" RAnchorPoint="0" RAnchorOffset="158" BAnchorPoint="0" BAnchorOffset="21" RelativeToClient="1" Font="Default" Text="" Template="Default" TooltipType="OnCursor" Name="PotionPopoutFrame" BGColor="ffffffff" TextColor="ffffffff" TooltipColor="" IgnoreMouse="1" NoClip="1" Picture="1" Sprite="BK3:sprHolo_Alert_Flyout" Visible="0" CloseOnExternalClick="1" Tooltip="" Escapable="1">
                <Control Class="Window" LAnchorPoint="0" LAnchorOffset="42" TAnchorPoint="0" TAnchorOffset="42" RAnchorPoint="1" RAnchorOffset="-42" BAnchorPoint="1" BAnchorOffset="-42" RelativeToClient="1" Font="Default" Text="" BGColor="UI_WindowBGDefault" TextColor="UI_WindowTextDefault" Template="Default" TooltipType="OnCursor" Name="Window" TooltipColor="" Sprite="UI_BK3_Holo_InsetSimple" Picture="1" IgnoreMouse="1" Tooltip=""/>
                <Control Class="Window" LAnchorPoint="0" LAnchorOffset="49" TAnchorPoint="0" TAnchorOffset="49" RAnchorPoint="1" RAnchorOffset="-49" BAnchorPoint="1" BAnchorOffset="-49" RelativeToClient="1" Font="Default" Text="" Template="CRB_Scroll_HoloSmall" TooltipType="OnCursor" Name="PotionPopoutList" BGColor="ffffffff" TextColor="ffffffff" TooltipColor="" VScroll="1" IgnoreMouse="1" HideInEditor="0"/>
            </Control>
            <Control Class="Button" Base="HUD_BottomBar:btn_HUD_Flyout" Font="Thick" ButtonType="Check" RadioGroup="" LAnchorPoint="0" LAnchorOffset="34" TAnchorPoint="0" TAnchorOffset="-9" RAnchorPoint="0" RAnchorOffset="118" BAnchorPoint="0" BAnchorOffset="94" DT_VCENTER="1" DT_CENTER="1" TooltipType="OnCursor" Name="PotionPopoutBtn" BGColor="ffffffff" TextColor="ffffffff" TooltipColor="" NormalTextColor="ffffffff" PressedTextColor="ffffffff" FlybyTextColor="ffffffff" PressedFlybyTextColor="ffffffff" DisabledTextColor="ffffffff" NewControlDepth="2" TestAlpha="1" HideInEditor="0" NoClip="1" LeftEdgeControlsAnchor=""/>
        </Control>
    </Form>
    <Form Class="Window" LAnchorPoint="0" LAnchorOffset="0" TAnchorPoint="0" TAnchorOffset="0" RAnchorPoint="0" RAnchorOffset="58" BAnchorPoint="0" BAnchorOffset="66" RelativeToClient="1" Font="Default" Text="" Template="Default" TooltipType="OnCursor" Name="ActionBarItemBig" Border="0" Picture="1" SwallowMouseClicks="1" Moveable="0" Escapable="0" Overlapped="1" BGColor="ffffffff" TextColor="ffffffff" TooltipColor="" IgnoreMouse="1" Tooltip="" TooltipFont="CRB_InterfaceSmall_O" HideInEditor="0">
        <Control Class="Window" LAnchorPoint="0" LAnchorOffset="0" TAnchorPoint="0" TAnchorOffset="0" RAnchorPoint="0" RAnchorOffset="58" BAnchorPoint="0" BAnchorOffset="66" RelativeToClient="1" Font="Default" Text="" Template="Default" TooltipType="OnCursor" Name="LockSprite" BGColor="ffffffff" TextColor="ffffffff" TooltipColor="" Picture="1" IgnoreMouse="1" Sprite="HUD_BottomBar:spr_HUD_BottomBar_SlotLocked" Tooltip="" TooltipId="AbilityBuilder_SlotLockedTooltip" TooltipFont="CRB_InterfaceSmall_O" HideInEditor="0"/>
        <Control Class="Window" LAnchorPoint="0" LAnchorOffset="0" TAnchorPoint="0" TAnchorOffset="0" RAnchorPoint="0" RAnchorOffset="58" BAnchorPoint="0" BAnchorOffset="66" RelativeToClient="1" Font="Default" Text="" Template="Default" TooltipType="OnCursor" Name="Cover" BGColor="ffffffff" TextColor="ffffffff" TooltipColor="" Picture="1" IgnoreMouse="1" Sprite="HUD_BottomBar:spr_HUD_BottomBar_SlotCover" Tooltip="" TooltipId="" TooltipFont="CRB_InterfaceSmall_O" HideInEditor="0"/>
        <Control Class="ActionBarButton" Name="ActionBarBtn" ContentType="LASBar" ContentId="0" Base="Button_ActionBarBlank" RelativeToClient="1" IfHoldNoSignal="1" DT_VCENTER="1" DT_CENTER="1" NeverBringToFront="1" WindowSoundTemplate="ActionBarButton" BGColor="ffffffff" TextColor="ffffffff" LAnchorPoint="0" LAnchorOffset="5" TAnchorPoint="0" TAnchorOffset="4" RAnchorPoint="0" RAnchorOffset="54" BAnchorPoint="1" BAnchorOffset="0" Font="CRB_InterfaceLarge_O" IgnoreTooltipDelay="0" TooltipColor="" RechargeBarLAnchorPoint="1" RechargeBarLAnchorOffset="-8" RechargeBarTAnchorPoint="0" RechargeBarTAnchorOffset="15" RechargeBarRAnchorPoint="1" RechargeBarRAnchorOffset="0" RechargeBarBAnchorPoint="1" RechargeBarBAnchorOffset="-3" RechargeBarEmptyColorAttribute="Black" RechargeBarFullColorAttribute="ffffffff" RechargeBarEmptyAttribute="WhiteFill" RechargeBarFullAttribute="spr_HUD_VerticalGoo_Pulse" Sprite="" TooltipType="DynamicFloater" ShortHotkeyFontAttribute="CRB_Pixel_O" LongHotkeyFontAttribute="CRB_Pixel_O" CountFontAttribute="CRB_InterfaceSmall_O" CooldownFontAttribute="CRB_HeaderLarge" Tooltip="" ProcessRightClick="1" HideInEditor="0" NewWindowDepth="0" DrawShortcutBottom="1">
            <Event Name="GenerateTooltip" Function="OnGenerateTooltip"/>
        </Control>
        <Control Class="Window" LAnchorPoint="0" LAnchorOffset="4" TAnchorPoint="0" TAnchorOffset="4" RAnchorPoint="0" RAnchorOffset="54" BAnchorPoint="1" BAnchorOffset="-5" RelativeToClient="1" Font="Default" Text="" Template="Default" TooltipType="OnCursor" Name="Shadow" BGColor="ffffffff" TextColor="ffffffff" TooltipColor="" Picture="1" IgnoreMouse="1" Sprite="HUD_BottomBar:spr_HUD_BottomBar_SlotShadow" Tooltip="" TooltipId="" TooltipFont="CRB_InterfaceSmall_O" HideInEditor="0" NewWindowDepth="1"/>
    </Form>
    <Form Class="Window" LAnchorPoint="0" LAnchorOffset="0" TAnchorPoint="0" TAnchorOffset="0" RAnchorPoint="0" RAnchorOffset="42" BAnchorPoint="0" BAnchorOffset="53" RelativeToClient="1" Font="Default" Text="" Template="Default" TooltipType="OnCursor" Name="ActionBarItemSmall" Border="0" Picture="0" SwallowMouseClicks="1" Moveable="0" Escapable="0" Overlapped="1" BGColor="ffffffff" TextColor="ffffffff" TooltipColor="" IgnoreMouse="1" Tooltip="" TooltipFont="CRB_InterfaceSmall_O" RightEdgeControlsAnchor="" Sprite="">
        <Control Class="ActionBarButton" Name="ActionBarBtn" ContentType="ABar" ContentId="0" Base="Button_ActionBarBlank" RelativeToClient="1" IfHoldNoSignal="1" DT_VCENTER="1" DT_CENTER="1" NeverBringToFront="1" WindowSoundTemplate="ActionBarButton" BGColor="ffffffff" TextColor="ffffffff" LAnchorPoint="0" LAnchorOffset="3" TAnchorPoint="0" TAnchorOffset="3" RAnchorPoint="0" RAnchorOffset="38" BAnchorPoint="1" BAnchorOffset="0" Font="CRB_InterfaceLarge_O" IgnoreTooltipDelay="0" TooltipColor="" RechargeBarLAnchorPoint="1" RechargeBarLAnchorOffset="-8" RechargeBarTAnchorPoint="0" RechargeBarTAnchorOffset="4" RechargeBarRAnchorPoint="1" RechargeBarRAnchorOffset="4" RechargeBarBAnchorPoint="1" RechargeBarBAnchorOffset="-14" RechargeBarEmptyColorAttribute="Black" RechargeBarFullColorAttribute="ffffffff" RechargeBarEmptyAttribute="WhiteFill" RechargeBarFullAttribute="spr_HUD_VerticalGoo_Pulse" Sprite="" TooltipType="OnCursor" ShortHotkeyFontAttribute="CRB_Pixel_O" LongHotkeyFontAttribute="CRB_Pixel_O" CountFontAttribute="CRB_InterfaceSmall_O" CooldownFontAttribute="CRB_HeaderLarge" ProcessRightClick="1" DrawShortcutBottom="1" NoClip="0">
            <Event Name="GenerateTooltip" Function="OnGenerateTooltip"/>
        </Control>
        <Pixie LAnchorPoint="0" LAnchorOffset="0" TAnchorPoint="0" TAnchorOffset="0" RAnchorPoint="0" RAnchorOffset="41" BAnchorPoint="0" BAnchorOffset="41" BGColor="ffffffff" Font="Default" TextColor="ffffffff" Text="" Sprite="HUD_BottomBar:spr_HUD_BottomBar_SecondaryActionSlot" Line="0"/>
    </Form>
    <Form Class="Button" Base="CRB_Basekit:kitBtn_List_MetalNoEdge" Font="CRB_InterfaceLarge_O" ButtonType="PushButton" RadioGroup="" LAnchorPoint="0" LAnchorOffset="0" TAnchorPoint="0" TAnchorOffset="-1" RAnchorPoint="0" RAnchorOffset="54" BAnchorPoint="0" BAnchorOffset="53" DT_VCENTER="1" DT_CENTER="1" TooltipType="OnCursor" Name="StanceBtn" BGColor="ffffffff" TextColor="ffffffff" TooltipColor="" NormalTextColor="ffffffff" PressedTextColor="ffffffff" FlybyTextColor="ffffffff" PressedFlybyTextColor="ffffffff" DisabledTextColor="ffffffff" Tooltip="">
        <Event Name="ButtonSignal" Function="OnStanceBtn"/>
        <Control Class="Window" LAnchorPoint="0" LAnchorOffset="3" TAnchorPoint="0" TAnchorOffset="3" RAnchorPoint="1" RAnchorOffset="-3" BAnchorPoint="1" BAnchorOffset="-3" RelativeToClient="1" Font="Default" Text="" Template="Default" TooltipType="OnCursor" Name="StanceBtnIcon" BGColor="ffffffff" TextColor="ffffffff" TooltipColor="" Picture="1" IgnoreMouse="1" Sprite="ClientSprites:Icon_ItemArmorChest_shirt_0001" NewControlDepth="1"/>
        <Control Class="Window" LAnchorPoint="0" LAnchorOffset="1" TAnchorPoint="0" TAnchorOffset="1" RAnchorPoint="1" RAnchorOffset="-1" BAnchorPoint="1" BAnchorOffset="-1" RelativeToClient="1" Font="CRB_InterfaceLarge_O" Text="" Template="Default" TooltipType="OnCursor" Name="StanceBtnKeyBind" BGColor="ffffffff" TextColor="ffffffff" TooltipColor="" NewControlDepth="1"/>
    </Form>
    <Form Class="Window" LAnchorPoint="0" LAnchorOffset="92" TAnchorPoint="1" TAnchorOffset="-95" RAnchorPoint="ActionBar0_Left" RAnchorOffset="64" BAnchorPoint="1" BAnchorOffset="-42" RelativeToClient="1" Font="Default" Text="" Template="Default" TooltipType="OnCursor" Name="Bar2ButtonContainer" BGColor="ffffffff" TextColor="ffffffff" TooltipColor="" Visible="0" IgnoreMouse="1" NoClip="1" Sprite="" Tooltip=""/>
    <Form Class="Window" LAnchorPoint="ActionBar0_Right" LAnchorOffset="-64" TAnchorPoint="1" TAnchorOffset="-95" RAnchorPoint="1" RAnchorOffset="-92" BAnchorPoint="1" BAnchorOffset="-42" RelativeToClient="1" Font="Default" Text="" Template="Default" TooltipType="OnCursor" Name="Bar3ButtonContainer" BGColor="ffffffff" TextColor="ffffffff" TooltipColor="" Visible="0" IgnoreMouse="1" NoClip="1" BottomEdgeControlsAnchor="" Tooltip=""/>
    <Form Class="Window" LAnchorPoint="0" LAnchorOffset="-14" TAnchorPoint="1" TAnchorOffset="-109" RAnchorPoint="0" RAnchorOffset="144" BAnchorPoint="1" BAnchorOffset="2" RelativeToClient="1" Font="Default" Text="" Template="Default" TooltipType="OnCursor" Name="MountFlyout" BGColor="ffffffff" TextColor="ffffffff" TooltipColor="" Escapable="0" Overlapped="0" Tooltip="" IgnoreMouse="1">
        <Control Class="ActionBarButton" Name="ActionBarMount" ContentType="GCBar" ContentId="26" Base="Button_ActionBarBlank" RelativeToClient="1" IfHoldNoSignal="1" DT_VCENTER="1" DT_CENTER="1" NeverBringToFront="1" Picture="0" WindowSoundTemplate="ActionBarButton" BGColor="ffffffff" TextColor="ffffffff" LAnchorPoint="0" LAnchorOffset="51" TAnchorPoint="0" TAnchorOffset="28" RAnchorPoint="0" RAnchorOffset="94" BAnchorPoint="0" BAnchorOffset="71" Font="CRB_InterfaceLarge_O" IgnoreTooltipDelay="1" TooltipColor="" HideInEditor="0" RechargeBarLAnchorPoint="1" RechargeBarLAnchorOffset="-8" RechargeBarTAnchorPoint="0" RechargeBarTAnchorOffset="4" RechargeBarRAnchorPoint="1" RechargeBarRAnchorOffset="4" RechargeBarBAnchorPoint="1" RechargeBarBAnchorOffset="-14" RechargeBarEmptyColorAttribute="Black" RechargeBarFullColorAttribute="spr_HUD_VerticalGoo_Pulse" RechargeBarEmptyAttribute="WhiteFill" RechargeBarFullAttribute="spr_HUD_VerticalGoo_Pulse" TooltipType="DynamicFloater" ShortHotkeyFontAttribute="CRB_Pixel_O" LongHotkeyFontAttribute="CRB_Pixel_O" CountFontAttribute="CRB_InterfaceSmall_O" CooldownFontAttribute="CRB_HeaderLarge" ProcessRightClick="1" RightEdgeControlsAnchor="" IgnoreMouse="1">
            <Event Name="GenerateTooltip" Function="OnGenerateTooltip"/>
        </Control>
        <Control Class="Button" Base="HUD_BottomBar:btn_HUD_Mount" Font="Thick" ButtonType="Check" RadioGroup="" LAnchorPoint="0" LAnchorOffset="10" TAnchorPoint="0" TAnchorOffset="8" RAnchorPoint="0" RAnchorOffset="112" BAnchorPoint="0" BAnchorOffset="106" DT_VCENTER="1" DT_CENTER="1" TooltipType="OnCursor" Name="MountPopoutBtn" BGColor="ffffffff" TextColor="ffffffff" TooltipColor="" NormalTextColor="ffffffff" PressedTextColor="ffffffff" FlybyTextColor="ffffffff" PressedFlybyTextColor="ffffffff" DisabledTextColor="ffffffff" NewControlDepth="2" TestAlpha="1" HideInEditor="0" NoClip="1" LeftEdgeControlsAnchor="" NewWindowDepth="0"/>
        <Control Class="Window" LAnchorPoint="0" LAnchorOffset="-12" TAnchorPoint="0" TAnchorOffset="-276" RAnchorPoint="0" RAnchorOffset="156" BAnchorPoint="0" BAnchorOffset="44" RelativeToClient="1" Font="Default" Text="" Template="Default" TooltipType="OnCursor" Name="MountPopoutFrame" BGColor="ffffffff" TextColor="ffffffff" TooltipColor="" IgnoreMouse="1" NoClip="1" Picture="1" Sprite="BK3:sprHolo_Alert_Flyout" Visible="0" CloseOnExternalClick="1" Tooltip="" Escapable="1" NewWindowDepth="0" Overlapped="1">
            <Control Class="Window" LAnchorPoint="0" LAnchorOffset="42" TAnchorPoint="0" TAnchorOffset="42" RAnchorPoint="1" RAnchorOffset="-42" BAnchorPoint="1" BAnchorOffset="-42" RelativeToClient="1" Font="Default" Text="" BGColor="UI_WindowBGDefault" TextColor="UI_WindowTextDefault" Template="Default" TooltipType="OnCursor" Name="Window" TooltipColor="" Sprite="UI_BK3_Holo_InsetSimple" Picture="1" IgnoreMouse="1" Tooltip=""/>
            <Control Class="Window" LAnchorPoint="0" LAnchorOffset="49" TAnchorPoint="0" TAnchorOffset="49" RAnchorPoint="1" RAnchorOffset="-49" BAnchorPoint="1" BAnchorOffset="-49" RelativeToClient="1" Font="Default" Text="" Template="CRB_Scroll_HoloSmall" TooltipType="OnCursor" Name="MountPopoutList" BGColor="ffffffff" TextColor="ffffffff" TooltipColor="" VScroll="1" IgnoreMouse="1" HideInEditor="0"/>
        </Control>
    </Form>
    <Form Class="Button" Base="CRB_Basekit:kitBtn_List_MetalNoEdge" Font="CRB_InterfaceLarge_O" ButtonType="PushButton" RadioGroup="" LAnchorPoint="0" LAnchorOffset="0" TAnchorPoint="0" TAnchorOffset="0" RAnchorPoint="0" RAnchorOffset="54" BAnchorPoint="0" BAnchorOffset="54" DT_VCENTER="1" DT_CENTER="1" TooltipType="OnCursor" Name="MountBtn" BGColor="ffffffff" TextColor="ffffffff" TooltipColor="" NormalTextColor="ffffffff" PressedTextColor="ffffffff" FlybyTextColor="ffffffff" PressedFlybyTextColor="ffffffff" DisabledTextColor="ffffffff" Tooltip="" ContentId="2">
        <Event Name="ButtonSignal" Function="OnMountBtn"/>
        <Control Class="Window" LAnchorPoint="0" LAnchorOffset="3" TAnchorPoint="0" TAnchorOffset="3" RAnchorPoint="1" RAnchorOffset="-3" BAnchorPoint="1" BAnchorOffset="-3" RelativeToClient="1" Font="Default" Text="" Template="Default" TooltipType="OnCursor" Name="MountBtnIcon" BGColor="ffffffff" TextColor="ffffffff" TooltipColor="" Picture="1" IgnoreMouse="1" Sprite="ClientSprites:Icon_ItemArmorChest_shirt_0001" NewControlDepth="1"/>
        <Control Class="Window" LAnchorPoint="0" LAnchorOffset="1" TAnchorPoint="0" TAnchorOffset="1" RAnchorPoint="1" RAnchorOffset="-1" BAnchorPoint="1" BAnchorOffset="-1" RelativeToClient="1" Font="CRB_InterfaceLarge_O" Text="" Template="Default" TooltipType="OnCursor" Name="MountBtnKeyBind" BGColor="ffffffff" TextColor="ffffffff" TooltipColor="" NewControlDepth="1"/>
    </Form>
    <Form Class="Window" LAnchorPoint="0" LAnchorOffset="0" TAnchorPoint="1" TAnchorOffset="-349" RAnchorPoint="1" RAnchorOffset="0" BAnchorPoint="1" BAnchorOffset="30" RelativeToClient="1" Font="Default" Text="" BGColor="UI_WindowBGDefault" TextColor="UI_WindowTextDefault" Template="Default" TooltipType="OnCursor" Name="Shadow" Border="0" Picture="1" SwallowMouseClicks="1" Moveable="0" Escapable="0" Overlapped="0" TooltipColor="" IgnoreMouse="1" Tooltip="" NoClip="1" NeverBringToFront="1">
        <Control Class="Window" LAnchorPoint="0.5" LAnchorOffset="-502" TAnchorPoint="1" TAnchorOffset="-379" RAnchorPoint="0.5" RAnchorOffset="502" BAnchorPoint="1" BAnchorOffset="0" RelativeToClient="1" Font="Default" Text="" Template="Default" TooltipType="OnCursor" Name="BarShadow" BGColor="ffffffff" TextColor="ffffffff" TooltipColor="" IgnoreMouse="1" NoClip="1" Picture="1" Tooltip="" Sprite="HUD_BottomBar:spr_HUD_BottomBar_Shadow" HideInEditor="0"/>
        <Control Class="Window" LAnchorPoint="0" LAnchorOffset="0" TAnchorPoint="1" TAnchorOffset="-379" RAnchorPoint="0.5" RAnchorOffset="-502" BAnchorPoint="1" BAnchorOffset="0" RelativeToClient="1" Font="Default" Text="" Template="Default" TooltipType="OnCursor" Name="BarShadowLeft" BGColor="ffffffff" TextColor="ffffffff" TooltipColor="" IgnoreMouse="1" NoClip="1" Picture="1" Tooltip="" Sprite="HUD_BottomBar:spr_HUD_BottomBar_ShadowTile" HideInEditor="0"/>
        <Control Class="Window" LAnchorPoint="0.5" LAnchorOffset="502" TAnchorPoint="1" TAnchorOffset="-379" RAnchorPoint="1" RAnchorOffset="0" BAnchorPoint="1" BAnchorOffset="0" RelativeToClient="1" Font="Default" Text="" Template="Default" TooltipType="OnCursor" Name="BarShadowRight" BGColor="ffffffff" TextColor="ffffffff" TooltipColor="" IgnoreMouse="1" NoClip="1" Picture="1" Tooltip="" Sprite="HUD_BottomBar:spr_HUD_BottomBar_ShadowTile" HideInEditor="0"/>
    </Form>
    <Form Class="Window" LAnchorPoint="0" LAnchorOffset="-1" TAnchorPoint="1" TAnchorOffset="-110" RAnchorPoint="1" RAnchorOffset="1" BAnchorPoint="1" BAnchorOffset="1" RelativeToClient="1" Font="Default" Text="" BGColor="UI_WindowBGDefault" TextColor="UI_WindowTextDefault" Template="Default" TooltipType="OnCursor" Name="Art" Border="0" Picture="1" SwallowMouseClicks="1" Moveable="0" Escapable="0" Overlapped="0" TooltipColor="" IgnoreMouse="1" Tooltip="" NeverBringToFront="1">
        <Control Class="Window" LAnchorPoint="0.5" LAnchorOffset="-458" TAnchorPoint="1" TAnchorOffset="-110" RAnchorPoint="0.5" RAnchorOffset="458" BAnchorPoint="1" BAnchorOffset="1" RelativeToClient="1" Font="Default" Text="" Template="Default" TooltipType="OnCursor" Name="BarFrame" BGColor="ffffffff" TextColor="ffffffff" TooltipColor="" Picture="1" IgnoreMouse="1" Sprite="" NewControlDepth="3" HideInEditor="0" LeftEdgeControlsAnchor="" RightEdgeControlsAnchor="" Visible="1" NoClip="1">
            <Pixie LAnchorPoint="0.5" LAnchorOffset="-512" TAnchorPoint="0" TAnchorOffset="0" RAnchorPoint="0.5" RAnchorOffset="512" BAnchorPoint="1" BAnchorOffset="0" Sprite="HUD_BottomBar:spr_HUD_BottomBar_SkillsBase" BGColor="white" TextColor="black" Rotation="0" Font="Default"/>
        </Control>
        <Control Class="Window" LAnchorPoint="0" LAnchorOffset="0" TAnchorPoint="1" TAnchorOffset="-56" RAnchorPoint="0.5" RAnchorOffset="-458" BAnchorPoint="1" BAnchorOffset="0" RelativeToClient="1" Font="Default" Text="" Template="Default" TooltipType="OnCursor" Name="BarFrameLeft" BGColor="ffffffff" TextColor="ffffffff" TooltipColor="" Sprite="HUD_BottomBar:spr_HUD_BottomBar_SkillsBaseLeft" Picture="1" IgnoreMouse="1" NoClip="1" HideInEditor="0"/>
        <Control Class="Window" LAnchorPoint="0.5" LAnchorOffset="458" TAnchorPoint="1" TAnchorOffset="-56" RAnchorPoint="1" RAnchorOffset="0" BAnchorPoint="1" BAnchorOffset="0" RelativeToClient="1" Font="Default" Text="" Template="Default" TooltipType="OnCursor" Name="BarFrameRight" BGColor="ffffffff" TextColor="ffffffff" TooltipColor="" Sprite="HUD_BottomBar:spr_HUD_BottomBar_SkillsBaseRight" Picture="1" IgnoreMouse="1" NoClip="1"/>
    </Form>
    <Form Class="Window" LAnchorPoint="0" LAnchorOffset="0" TAnchorPoint="1" TAnchorOffset="-260" RAnchorPoint="1" RAnchorOffset="0" BAnchorPoint="1" BAnchorOffset="-110" RelativeToClient="1" Font="Default" Text="" BGColor="UI_WindowBGDefault" TextColor="UI_WindowTextDefault" Template="Default" TooltipType="OnCursor" Name="Resources" TooltipColor="" IgnoreMouse="1" NoClip="0" NewWindowDepth="0" Tooltip="" Overlapped="0"/>
    <Form Class="Button" Base="CRB_Basekit:kitBtn_List_MetalNoEdge" Font="CRB_InterfaceLarge_O" ButtonType="PushButton" RadioGroup="" LAnchorPoint="0" LAnchorOffset="0" TAnchorPoint="0" TAnchorOffset="0" RAnchorPoint="0" RAnchorOffset="54" BAnchorPoint="0" BAnchorOffset="54" DT_VCENTER="1" DT_CENTER="1" TooltipType="OnCursor" Name="PotionBtn" BGColor="ffffffff" TextColor="ffffffff" TooltipColor="" NormalTextColor="ffffffff" PressedTextColor="ffffffff" FlybyTextColor="ffffffff" PressedFlybyTextColor="ffffffff" DisabledTextColor="ffffffff" Tooltip="" ContentId="2">
        <Event Name="ButtonSignal" Function="OnPotionBtn"/>
        <Control Class="Window" LAnchorPoint="0" LAnchorOffset="3" TAnchorPoint="0" TAnchorOffset="3" RAnchorPoint="1" RAnchorOffset="-3" BAnchorPoint="1" BAnchorOffset="-3" RelativeToClient="1" Font="Default" Text="" Template="Default" TooltipType="OnCursor" Name="PotionBtnIcon" BGColor="ffffffff" TextColor="ffffffff" TooltipColor="" Picture="1" IgnoreMouse="1" Sprite="ClientSprites:Icon_ItemArmorChest_shirt_0001" NewControlDepth="1"/>
        <Control Class="Window" LAnchorPoint="0" LAnchorOffset="1" TAnchorPoint="0" TAnchorOffset="29" RAnchorPoint="1" RAnchorOffset="-1" BAnchorPoint="1" BAnchorOffset="-1" RelativeToClient="1" Font="CRB_InterfaceLarge_O" Text="" Template="Default" TooltipType="OnCursor" Name="PotionBtnStackCount" BGColor="ffffffff" TextColor="ffffffff" TooltipColor="" NewControlDepth="1" TextId="" DT_RIGHT="1" DT_VCENTER="1"/>
    </Form>
    <Form Class="Window" LAnchorPoint="0" LAnchorOffset="0" TAnchorPoint="0" TAnchorOffset="0" RAnchorPoint="0" RAnchorOffset="60" BAnchorPoint="0" BAnchorOffset="66" RelativeToClient="1" Font="Default" Text="" Template="Default" TooltipType="OnCursor" Name="ActionBarItemMed" Border="0" Picture="1" SwallowMouseClicks="1" Moveable="0" Escapable="0" Overlapped="1" BGColor="ffffffff" TextColor="ffffffff" TooltipColor="" IgnoreMouse="1" Tooltip="" TooltipFont="CRB_InterfaceSmall_O" HideInEditor="0">
        <Control Class="Window" LAnchorPoint="0" LAnchorOffset="0" TAnchorPoint="0" TAnchorOffset="0" RAnchorPoint="0" RAnchorOffset="58" BAnchorPoint="0" BAnchorOffset="66" RelativeToClient="1" Font="Default" Text="" Template="Default" TooltipType="OnCursor" Name="LockSprite" BGColor="ffffffff" TextColor="ffffffff" TooltipColor="" Picture="1" IgnoreMouse="1" Sprite="HUD_BottomBar:spr_HUD_BottomBar_SlotLocked" Tooltip="" TooltipId="AbilityBuilder_SlotLockedTooltip" TooltipFont="CRB_InterfaceSmall_O" HideInEditor="0"/>
        <Control Class="Window" LAnchorPoint="0" LAnchorOffset="0" TAnchorPoint="0" TAnchorOffset="0" RAnchorPoint="0" RAnchorOffset="58" BAnchorPoint="0" BAnchorOffset="66" RelativeToClient="1" Font="Default" Text="" Template="Default" TooltipType="OnCursor" Name="Cover" BGColor="ffffffff" TextColor="ffffffff" TooltipColor="" Picture="1" IgnoreMouse="1" Sprite="HUD_BottomBar:spr_HUD_BottomBar_SlotCover" Tooltip="" TooltipId="" TooltipFont="CRB_InterfaceSmall_O" HideInEditor="0"/>
        <Control Class="ActionBarButton" Name="ActionBarBtn" ContentType="LASBar" ContentId="0" Base="Button_ActionBarBlank" RelativeToClient="1" IfHoldNoSignal="1" DT_VCENTER="1" DT_CENTER="1" NeverBringToFront="1" WindowSoundTemplate="ActionBarButton" BGColor="ffffffff" TextColor="ffffffff" LAnchorPoint="0" LAnchorOffset="5" TAnchorPoint="0" TAnchorOffset="4" RAnchorPoint="0" RAnchorOffset="54" BAnchorPoint="1" BAnchorOffset="0" Font="CRB_InterfaceLarge_O" IgnoreTooltipDelay="0" TooltipColor="" RechargeBarLAnchorPoint="1" RechargeBarLAnchorOffset="-8" RechargeBarTAnchorPoint="0" RechargeBarTAnchorOffset="15" RechargeBarRAnchorPoint="1" RechargeBarRAnchorOffset="0" RechargeBarBAnchorPoint="1" RechargeBarBAnchorOffset="-3" RechargeBarEmptyColorAttribute="Black" RechargeBarFullColorAttribute="ffffffff" RechargeBarEmptyAttribute="WhiteFill" RechargeBarFullAttribute="spr_HUD_VerticalGoo_Pulse" Sprite="" TooltipType="DynamicFloater" ShortHotkeyFontAttribute="CRB_Pixel_O" LongHotkeyFontAttribute="CRB_Pixel_O" CountFontAttribute="CRB_InterfaceSmall_O" CooldownFontAttribute="CRB_HeaderLarge" Tooltip="" ProcessRightClick="1" HideInEditor="0" NewWindowDepth="0" DrawShortcutBottom="1">
            <Event Name="GenerateTooltip" Function="OnGenerateTooltip"/>
        </Control>
        <Control Class="Window" LAnchorPoint="0" LAnchorOffset="4" TAnchorPoint="0" TAnchorOffset="4" RAnchorPoint="0" RAnchorOffset="54" BAnchorPoint="1" BAnchorOffset="-5" RelativeToClient="1" Font="Default" Text="" Template="Default" TooltipType="OnCursor" Name="Shadow" BGColor="ffffffff" TextColor="ffffffff" TooltipColor="" Picture="1" IgnoreMouse="1" Sprite="HUD_BottomBar:spr_HUD_BottomBar_SlotShadow" Tooltip="" TooltipId="" TooltipFont="CRB_InterfaceSmall_O" HideInEditor="0" NewWindowDepth="1"/>
    </Form>
</Forms>
