<Forms>
    <Form Class="Window" LAnchorPoint="0" LAnchorOffset="174" TAnchorPoint="1" TAnchorOffset="-737" RAnchorPoint="0" RAnchorOffset="647" BAnchorPoint="1" BAnchorOffset="-273" RelativeToClient="1" Font="Default" Text="" Template="Default" TooltipType="OnCursor" Name="BankViewerForm" Border="0" Picture="0" SwallowMouseClicks="1" Moveable="1" Escapable="1" Overlapped="1" BGColor="ffffffff" TextColor="ffffffff" TooltipColor="" IgnoreMouse="0" Tooltip="">
        <Event Name="WindowClosed" Function="OnWindowClosed"/>
        <Control Class="Window" LAnchorPoint="0" LAnchorOffset="15" TAnchorPoint="0" TAnchorOffset="15" RAnchorPoint="1" RAnchorOffset="-15" BAnchorPoint="1" BAnchorOffset="-15" RelativeToClient="1" Font="Default" Text="" Template="Default" TooltipType="OnCursor" Name="BankViewerBG" BGColor="ffffffff" TextColor="ffffffff" TooltipColor="" Sprite="CRB_Basekit:kitBase_MetalGrey_Small" Picture="1" IgnoreMouse="1"/>
        <Control Class="Window" LAnchorPoint="0" LAnchorOffset="14" TAnchorPoint="0" TAnchorOffset="76" RAnchorPoint="1" RAnchorOffset="-14" BAnchorPoint="0" BAnchorOffset="348" RelativeToClient="1" Font="Default" Text="" Template="Default" Name="BankGridArt" BGColor="ffffffff" TextColor="ffffffff" TooltipId="" Picture="1" IgnoreMouse="1" Sprite="" TooltipColor="" HideInEditor="0">
            <Control Class="Window" LAnchorPoint="0" LAnchorOffset="0" TAnchorPoint="0" TAnchorOffset="0" RAnchorPoint="1" RAnchorOffset="0" BAnchorPoint="1" BAnchorOffset="0" RelativeToClient="1" Font="Default" Text="" Template="Default" Name="MainGridContainer" BGColor="ffffffff" TextColor="ffffffff" Picture="1" IgnoreMouse="1" Sprite="CRB_Basekit:kitInnerFrame_MetalGrey_Small" Overlapped="0" TooltipColor="">
                <Control Class="Window" LAnchorPoint="0" LAnchorOffset="12" TAnchorPoint="0" TAnchorOffset="12" RAnchorPoint="1" RAnchorOffset="-12" BAnchorPoint="1" BAnchorOffset="-12" RelativeToClient="1" Font="Default" Text="" Template="CRB_Scroll_MetalLarge" Name="MainBagScrollbar" BGColor="ffffffff" TextColor="ffffffff" VScroll="1" IgnoreMouse="1" TooltipColor="">
                    <Control Class="BagWindow" LAnchorPoint="0" LAnchorOffset="0" TAnchorPoint="0" TAnchorOffset="0" RAnchorPoint="1" RAnchorOffset="0" BAnchorPoint="1" BAnchorOffset="0" RelativeToClient="1" Sprite="" Text="" Name="MainBagWindow" BGColor="ffffffff" TextColor="ffffffff" Picture="0" SwallowMouseClicks="1" IgnoreTooltipDelay="1" NewQuestOverlaySprite="ClientSprites:sprItem_NewQuest" IgnoreMouse="1" VScroll="0" AutoHideScroll="0" Template="CRB_Scroll_MetalLarge" TooltipColor="" SquareSize="50" BoxesPerRow="8" IsBank="1" Tooltip="" CannotUseSprite="ClientSprites:Icon_Windows_UI_CRB_Tooltip_Restricted">
                        <Event Name="GenerateTooltip" Function="OnGenerateTooltip"/>
                        <Event Name="DragDropNothingCursor" Function="OnDragDropNothingCursor"/>
                        <Event Name="DragDropCancel" Function="OnBagDragDropCancel"/>
                    </Control>
                </Control>
            </Control>
        </Control>
        <Control Class="Window" LAnchorPoint="0" LAnchorOffset="20" TAnchorPoint="0" TAnchorOffset="340" RAnchorPoint="1" RAnchorOffset="-20" BAnchorPoint="0" BAnchorOffset="392" RelativeToClient="1" Font="Default" Text="" Template="Default" TooltipType="OnCursor" Name="BankBagArt" BGColor="ffffffff" TextColor="ffffffff" TooltipColor="" Picture="1" IgnoreMouse="1" Sprite="CRB_Basekit:kitFooter_MetalGrey_Square" Tooltip="">
            <Control Class="Window" LAnchorPoint="0" LAnchorOffset="0" TAnchorPoint="0" TAnchorOffset="-2" RAnchorPoint="1" RAnchorOffset="0" BAnchorPoint="1" BAnchorOffset="0" RelativeToClient="1" Font="Default" Text="" Template="Default" TooltipType="OnCursor" Name="ConfigureBagsContainer" BGColor="ffffffff" TextColor="ffffffff" TooltipColor="" Tooltip=""/>
        </Control>
        <Control Class="Window" LAnchorPoint="0" LAnchorOffset="20" TAnchorPoint="1" TAnchorOffset="-72" RAnchorPoint="1" RAnchorOffset="-20" BAnchorPoint="1" BAnchorOffset="-20" RelativeToClient="1" Font="Default" Text="" Template="Default" TooltipType="OnCursor" Name="BankBottomArt" BGColor="ffffffff" TextColor="ffffffff" TooltipColor="" Picture="1" IgnoreMouse="1" Sprite="CRB_Basekit:kitFooter_MetalGold_Square" Tooltip="">
            <Control Class="Window" LAnchorPoint="0" LAnchorOffset="16" TAnchorPoint="0" TAnchorOffset="5" RAnchorPoint="0" RAnchorOffset="171" BAnchorPoint="1" BAnchorOffset="-5" RelativeToClient="1" Font="Default" Text="" Template="Default" TooltipType="OnCursor" Name="BankBuyPriceBG" BGColor="ffffffff" TextColor="ffffffff" TooltipColor="" Sprite="CRB_Basekit:kitInnerFrame_MetalGold_InlayStretch" Picture="1" IgnoreMouse="1">
                <Control Class="CashWindow" LAnchorPoint="0" LAnchorOffset="96" TAnchorPoint="0" TAnchorOffset="-4" RAnchorPoint="1" RAnchorOffset="-8" BAnchorPoint="1" BAnchorOffset="-16" TooltipType="OnCursor" RelativeToClient="1" Font="CRB_InterfaceSmall" Text="" Template="Default" BGColor="ffffffff" TextColor="ffffffff" Name="BankBuyPrice" TooltipColor="" SkipZeroes="1" TooltipFont="CRB_InterfaceSmall_O" IgnoreMouse="1" DT_RIGHT="0" Tooltip=""/>
                <Control Class="CashWindow" LAnchorPoint="0" LAnchorOffset="12" TAnchorPoint="0" TAnchorOffset="13" RAnchorPoint="1" RAnchorOffset="-8" BAnchorPoint="1" BAnchorOffset="1" TooltipType="OnCursor" RelativeToClient="1" Font="CRB_InterfaceSmall" Text="" Template="Default" BGColor="ffffffff" TextColor="ffffffff" Name="PlayerMoney" TooltipColor="" SkipZeroes="0" TooltipFont="CRB_InterfaceSmall_O" IgnoreMouse="1" DT_RIGHT="0"/>
                <Pixie LAnchorPoint="0" LAnchorOffset="12" TAnchorPoint="0" TAnchorOffset="3" RAnchorPoint="1" RAnchorOffset="-4" BAnchorPoint="0" BAnchorOffset="23" BGColor="ffffffff" Font="CRB_InterfaceSmall_O" TextColor="ff9a8460" Text="" TextId="Bank_SlotPriceLabel" Line="0"/>
            </Control>
            <Control Class="Button" Base="CRB_Basekit:kitBtn_Metal_LargeGreen" Font="CRB_InterfaceMedium_B" ButtonType="Check" RadioGroup="" LAnchorPoint="0" LAnchorOffset="179" TAnchorPoint="0.5" TAnchorOffset="-24" RAnchorPoint="1" RAnchorOffset="-16" BAnchorPoint="0.5" BAnchorOffset="24" DT_VCENTER="1" DT_CENTER="1" TooltipType="OnCursor" Name="BankBuySlotBtn" BGColor="ffffffff" TextColor="ffffffff" TooltipColor="" NormalTextColor="ff7fffb9" PressedTextColor="ffffffff" FlybyTextColor="ffffffff" PressedFlybyTextColor="ffffffff" DisabledTextColor="ff444444" Text="" TextId="Bank_BuySlotBtn">
                <Control Class="Window" LAnchorPoint="0" LAnchorOffset="25" TAnchorPoint="0" TAnchorOffset="-58" RAnchorPoint="1" RAnchorOffset="-25" BAnchorPoint="0" BAnchorOffset="16" RelativeToClient="1" Font="Default" Text="" Template="Default" TooltipType="OnCursor" Name="BankBuySlotConfirm" BGColor="ffffffff" TextColor="ffffffff" TooltipColor="" IgnoreMouse="1" NoClip="1" Sprite="CRB_Basekit:kitInnerFrame_Holo_DownArrow" Picture="1" Visible="0" HideInEditor="1" NewWindowDepth="1">
                    <Control Class="Button" Base="CRB_Basekit:kitBtn_Holo" Font="CRB_InterfaceSmall_O" ButtonType="PushButton" RadioGroup="" LAnchorPoint="0" LAnchorOffset="8" TAnchorPoint="1" TAnchorOffset="-46" RAnchorPoint="0.5" RAnchorOffset="-2" BAnchorPoint="1" BAnchorOffset="-14" DT_VCENTER="1" DT_CENTER="1" TooltipType="OnCursor" Name="BankBuySlotConfirmYes" BGColor="ffffffff" TextColor="ffffffff" TooltipColor="" NormalTextColor="ff2f94ac" PressedTextColor="ff31fcf6" FlybyTextColor="ff31fcf6" PressedFlybyTextColor="ff31fcf6" DisabledTextColor="ffffffff" Text="" TextId="CRB_Yes">
                        <Event Name="ButtonSignal" Function="OnBankBuySlotConfirmYes"/>
                    </Control>
                    <Control Class="Button" Base="CRB_Basekit:kitBtn_Holo" Font="CRB_InterfaceSmall_O" ButtonType="PushButton" RadioGroup="" LAnchorPoint="0.5" LAnchorOffset="2" TAnchorPoint="1" TAnchorOffset="-46" RAnchorPoint="1" RAnchorOffset="-8" BAnchorPoint="1" BAnchorOffset="-14" DT_VCENTER="1" DT_CENTER="1" TooltipType="OnCursor" Name="BankBuySlotConfirmNo" BGColor="ffffffff" TextColor="ffffffff" TooltipColor="" NormalTextColor="ff2f94ac" PressedTextColor="ff31fcf6" FlybyTextColor="ff31fcf6" PressedFlybyTextColor="ff31fcf6" DisabledTextColor="ffffffff" Text="" TextId="No">
                        <Event Name="ButtonSignal" Function="OnBankBuyConfirmClose"/>
                    </Control>
                    <Control Class="Button" Base="CRB_Basekit:kitBtn_Holo_Close2" Font="Thick" ButtonType="PushButton" RadioGroup="" LAnchorPoint="1" LAnchorOffset="-17" TAnchorPoint="0" TAnchorOffset="5" RAnchorPoint="1" RAnchorOffset="-5" BAnchorPoint="0" BAnchorOffset="17" DT_VCENTER="1" DT_CENTER="1" TooltipType="OnCursor" Name="BankBuyConfirmClose" BGColor="ffffffff" TextColor="ffffffff" TooltipColor="" NormalTextColor="ffffffff" PressedTextColor="ffffffff" FlybyTextColor="ffffffff" PressedFlybyTextColor="ffffffff" DisabledTextColor="ffffffff">
                        <Event Name="ButtonSignal" Function="OnBankBuyConfirmClose"/>
                    </Control>
                    <Pixie LAnchorPoint="0" LAnchorOffset="8" TAnchorPoint="0" TAnchorOffset="8" RAnchorPoint="1" RAnchorOffset="-8" BAnchorPoint="0" BAnchorOffset="28" BGColor="ffffffff" Font="CRB_InterfaceSmall_O" TextColor="ff31fcf6" Text="" TextId="Bank_BuyConfirm" DT_CENTER="1" Line="0"/>
                </Control>
            </Control>
        </Control>
        <Control Class="Window" LAnchorPoint="0" LAnchorOffset="0" TAnchorPoint="0" TAnchorOffset="0" RAnchorPoint="1" RAnchorOffset="0" BAnchorPoint="1" BAnchorOffset="0" RelativeToClient="1" Font="Default" Text="" Template="Default" TooltipType="OnCursor" Name="BankViewerFrame" BGColor="ffffffff" TextColor="ffffffff" TooltipColor="" Picture="1" IgnoreMouse="1" Sprite="CRB_Basekit:kitOuterFrame_MetalGold_Small1" NewControlDepth="1" Tooltip="">
            <Control Class="Button" Base="CRB_Basekit:kitBtn_Close" Font="Thick" ButtonType="PushButton" RadioGroup="" LAnchorPoint="1" LAnchorOffset="-39" TAnchorPoint="0" TAnchorOffset="14" RAnchorPoint="1" RAnchorOffset="-12" BAnchorPoint="0" BAnchorOffset="46" DT_VCENTER="1" DT_CENTER="1" TooltipType="OnCursor" Name="BankViewerCloseBtn" BGColor="ffffffff" TextColor="ffffffff" TooltipColor="" NormalTextColor="ffffffff" PressedTextColor="ffffffff" FlybyTextColor="ffffffff" PressedFlybyTextColor="ffffffff" DisabledTextColor="ffffffff">
                <Event Name="ButtonSignal" Function="OnBankViewerCloseBtn"/>
            </Control>
            <Control Class="Window" LAnchorPoint="0" LAnchorOffset="0" TAnchorPoint="0" TAnchorOffset="10" RAnchorPoint="1" RAnchorOffset="0" BAnchorPoint="0" BAnchorOffset="93" RelativeToClient="1" Font="Default" Text="" Template="Default" TooltipType="OnCursor" Name="BankTitleBG" BGColor="ffffffff" TextColor="ffffffff" TooltipColor="" Sprite="CRB_Basekit:kitHeader_Hybrid_ButtonPanel" Picture="1" IgnoreMouse="1"/>
            <Control Class="Window" LAnchorPoint="0" LAnchorOffset="0" TAnchorPoint="0" TAnchorOffset="10" RAnchorPoint="1" RAnchorOffset="0" BAnchorPoint="0" BAnchorOffset="93" RelativeToClient="1" Font="CRB_InterfaceLarge_BO" Text="" Template="Default" TooltipType="OnCursor" Name="BankTitleText" BGColor="ffffffff" TextColor="ff7fffb9" TooltipColor="" TextId="Bank_Header" DT_CENTER="1" DT_VCENTER="1" TooltipFont="CRB_InterfaceSmall_O" TooltipId=""/>
        </Control>
    </Form>
    <Form Class="ItemSlotWindow" Font="CRB_Pixel" ButtonType="Check" LAnchorPoint="0.5" LAnchorOffset="-15" TAnchorPoint="0.5" TAnchorOffset="-15" RAnchorPoint="0.5" RAnchorOffset="15" BAnchorPoint="0.5" BAnchorOffset="15" Name="BagBtn21" BGColor="ffffffff" TextColor="ffffffff" WindowSoundTemplate="SlideDownDigi" NormalTextColor="ff31fcf6" PressedTextColor="ff31fcf6" FlybyTextColor="ffffffff" PressedFlybyTextColor="ffffffff" DisabledTextColor="ffffffff" RelativeToClient="1" Picture="1" TooltipType="OnCursor" TooltipColor="" EquipmentSlot="21" Visible="1" HideInEditor="0" Text=""/>
    <Form Class="ItemSlotWindow" Font="CRB_Pixel" ButtonType="Check" LAnchorPoint="0.5" LAnchorOffset="-15" TAnchorPoint="0.5" TAnchorOffset="-15" RAnchorPoint="0.5" RAnchorOffset="15" BAnchorPoint="0.5" BAnchorOffset="15" Name="BagBtn22" BGColor="ffffffff" TextColor="ffffffff" WindowSoundTemplate="SlideDownDigi" NormalTextColor="ff31fcf6" PressedTextColor="ff31fcf6" FlybyTextColor="ffffffff" PressedFlybyTextColor="ffffffff" DisabledTextColor="ffffffff" RelativeToClient="1" Picture="1" TooltipType="OnCursor" TooltipColor="" EquipmentSlot="22" Visible="1" HideInEditor="0"/>
    <Form Class="ItemSlotWindow" Font="CRB_Pixel" ButtonType="Check" LAnchorPoint="0.5" LAnchorOffset="-15" TAnchorPoint="0.5" TAnchorOffset="-15" RAnchorPoint="0.5" RAnchorOffset="15" BAnchorPoint="0.5" BAnchorOffset="15" Name="BagBtn23" BGColor="ffffffff" TextColor="ffffffff" WindowSoundTemplate="SlideDownDigi" NormalTextColor="ff31fcf6" PressedTextColor="ff31fcf6" FlybyTextColor="ffffffff" PressedFlybyTextColor="ffffffff" DisabledTextColor="ffffffff" RelativeToClient="1" Picture="1" TooltipType="OnCursor" TooltipColor="" EquipmentSlot="23" Visible="1" HideInEditor="0"/>
    <Form Class="ItemSlotWindow" Font="CRB_Pixel" ButtonType="Check" LAnchorPoint="0.5" LAnchorOffset="-15" TAnchorPoint="0.5" TAnchorOffset="-15" RAnchorPoint="0.5" RAnchorOffset="15" BAnchorPoint="0.5" BAnchorOffset="15" Name="BagBtn24" BGColor="ffffffff" TextColor="ffffffff" WindowSoundTemplate="SlideDownDigi" NormalTextColor="ff31fcf6" PressedTextColor="ff31fcf6" FlybyTextColor="ffffffff" PressedFlybyTextColor="ffffffff" DisabledTextColor="ffffffff" RelativeToClient="1" Picture="1" TooltipType="OnCursor" TooltipColor="" EquipmentSlot="24" Visible="1" HideInEditor="0"/>
    <Form Class="ItemSlotWindow" Font="CRB_Pixel" ButtonType="Check" LAnchorPoint="0.5" LAnchorOffset="-15" TAnchorPoint="0.5" TAnchorOffset="-15" RAnchorPoint="0.5" RAnchorOffset="15" BAnchorPoint="0.5" BAnchorOffset="15" Name="BagBtn25" BGColor="ffffffff" TextColor="ffffffff" WindowSoundTemplate="SlideDownDigi" NormalTextColor="ff31fcf6" PressedTextColor="ff31fcf6" FlybyTextColor="ffffffff" PressedFlybyTextColor="ffffffff" DisabledTextColor="ffffffff" RelativeToClient="1" Picture="1" TooltipType="OnCursor" TooltipColor="" EquipmentSlot="25" Visible="1" HideInEditor="0"/>
    <Form Class="Window" LAnchorPoint="0" LAnchorOffset="108" TAnchorPoint="0" TAnchorOffset="0" RAnchorPoint="0" RAnchorOffset="162" BAnchorPoint="0" BAnchorOffset="54" RelativeToClient="1" Font="Default" Text="" Template="Default" TooltipType="OnCursor" Name="BankSlot" Border="0" Picture="1" SwallowMouseClicks="1" Moveable="0" Escapable="0" Overlapped="1" BGColor="ffffffff" TextColor="ffffffff" TooltipColor="" IgnoreMouse="1" Sprite="" TooltipFont="CRB_InterfaceSmall_O" TooltipId="">
        <Control Class="Window" LAnchorPoint="0.5" LAnchorOffset="-22" TAnchorPoint="0" TAnchorOffset="5" RAnchorPoint="0.5" RAnchorOffset="22" BAnchorPoint="1" BAnchorOffset="-5" RelativeToClient="1" Font="Default" Text="" Template="Default" Name="BagHolder" BGColor="ffffffff" TextColor="ffffffff" Picture="1" IgnoreMouse="1" Sprite="CRB_Basekit:kitBase_HoloBlue_TinyNoGlow" TooltipType="OnCursor" TooltipColor=""/>
        <Control Class="Window" LAnchorPoint="0.5" LAnchorOffset="-15" TAnchorPoint="0.5" TAnchorOffset="-15" RAnchorPoint="0.5" RAnchorOffset="15" BAnchorPoint="0.5" BAnchorOffset="15" RelativeToClient="1" Font="Default" Text="" Template="Default" Name="BagBacker" BGColor="ffffffff" TextColor="ffffffff" Picture="1" IgnoreMouse="1" Sprite="ChatLogSprites:CombatLogAddWindowBtnFlyby" TooltipId="Bank_SlotTooltip" IgnoreTooltipDelay="1" TooltipType="OnCursor" TooltipColor="" NewControlDepth="1" Tooltip="" TooltipFont="CRB_InterfaceSmall_O"/>
        <Control Class="Window" LAnchorPoint="0" LAnchorOffset="0" TAnchorPoint="0" TAnchorOffset="0" RAnchorPoint="1" RAnchorOffset="0" BAnchorPoint="1" BAnchorOffset="0" RelativeToClient="1" Font="Default" Text="" Template="Default" TooltipType="OnCursor" Name="BankSlotFrame" BGColor="ffffffff" TextColor="ffffffff" TooltipColor="" Sprite="CRB_Basekit:kitInnerFrame_MetalGrey_Small" Picture="1" IgnoreMouse="1"/>
        <Control Class="Window" LAnchorPoint="0" LAnchorOffset="0" TAnchorPoint="0" TAnchorOffset="12" RAnchorPoint="1" RAnchorOffset="-12" BAnchorPoint="1" BAnchorOffset="-12" RelativeToClient="1" Font="CRB_Pixel" Text="10" Template="Default" Name="BagCount" BGColor="ffffffff" TextColor="ff00ffff" TextId="" DT_CENTER="0" TooltipColor="" DT_RIGHT="1" DT_BOTTOM="1" NewControlDepth="1" Tooltip=""/>
        <Control Class="Window" LAnchorPoint="0" LAnchorOffset="10" TAnchorPoint="0" TAnchorOffset="10" RAnchorPoint="1" RAnchorOffset="-10" BAnchorPoint="1" BAnchorOffset="-10" RelativeToClient="1" Font="Default" Text="" Template="Default" TooltipType="OnCursor" Name="BagLocked" BGColor="ffffffff" TextColor="ffffffff" TooltipColor="" Tooltip="" Picture="1" IgnoreMouse="1" Sprite="ClientSprites:Icon_Windows_UI_CRB_Lock_Holo" Visible="0" TooltipFont="CRB_InterfaceSmall_O" TooltipId="Bank_LockedTooltip"/>
        <Control Class="Window" LAnchorPoint="0" LAnchorOffset="7" TAnchorPoint="0" TAnchorOffset="7" RAnchorPoint="1" RAnchorOffset="-7" BAnchorPoint="1" BAnchorOffset="-7" RelativeToClient="1" Font="Default" Text="" Template="Default" TooltipType="OnCursor" Name="NewBagPurchasedAlert" BGColor="ffffffff" TextColor="ffffffff" TooltipColor="" Sprite="CRB_Anim_Outline:spr_Anim_OutlineStretch" Picture="1" IgnoreMouse="1" TransitionShowHide="1" UseTransitionSprite="0" Visible="0" NewWindowDepth="1" NoClip="1" HideInEditor="1"/>
    </Form>
</Forms>
