<Forms>
    <Form Class="Window" LAnchorPoint="0" LAnchorOffset="0" TAnchorPoint="0" TAnchorOffset="0" RAnchorPoint="0" RAnchorOffset="290" BAnchorPoint="0" BAnchorOffset="188" RelativeToClient="1" Font="Default" Text="" Template="CRB_Hologram" Name="PathSoldierMain" Picture="1" Overlapped="1" BGColor="ffffffff" TextColor="ffffffff" TextId="" Visible="1" Sprite="CRB_DatachronSprites:sprDC_PPBackground" IgnoreMouse="1" TooltipColor="" Tooltip="">
        <Control Class="Window" LAnchorPoint="0" LAnchorOffset="0" TAnchorPoint="0" TAnchorOffset="0" RAnchorPoint="1" RAnchorOffset="0" BAnchorPoint="1" BAnchorOffset="0" RelativeToClient="1" Font="Default" Text="" Template="CRB_Scroll_HoloSmall" Name="MissionList" BGColor="ffffffff" TextColor="ffffffff" VScroll="1" IgnoreMouse="1" HideInEditor="0" TooltipColor=""/>
        <Control Class="Window" LAnchorPoint="0" LAnchorOffset="15" TAnchorPoint="0" TAnchorOffset="25" RAnchorPoint="1" RAnchorOffset="-15" BAnchorPoint="1" BAnchorOffset="0" RelativeToClient="1" Font="CRB_InterfaceMedium" Text="" Template="Default" Name="EmptyLabel" BGColor="ffffffff" TextColor="ffcbc9cf" TextId="SoldierMission_NoneDetected" DT_WORDBREAK="1" DT_CENTER="1" Visible="0" HideInEditor="1" TooltipColor="" Tooltip=""/>
        <Control Class="Window" LAnchorPoint="0" LAnchorOffset="0" TAnchorPoint="0" TAnchorOffset="0" RAnchorPoint="1" RAnchorOffset="0" BAnchorPoint="1" BAnchorOffset="0" RelativeToClient="1" Font="Default" Text="" Template="Default" Name="MissionsRemainingScreen" BGColor="ffffffff" TextColor="ffffffff" Visible="0" HideInEditor="1" TooltipColor="">
            <Control Class="Window" LAnchorPoint="0" LAnchorOffset="0" TAnchorPoint="0" TAnchorOffset="0" RAnchorPoint="1" RAnchorOffset="0" BAnchorPoint="0" BAnchorOffset="49" RelativeToClient="1" Font="CRB_InterfaceLarge_B" Text="" Template="Default" Name="EpNameString" BGColor="ffffffff" TextColor="ff80ffff" TextId="CRB_Northen_Wilds" DT_VCENTER="0" DT_CENTER="1" DT_BOTTOM="1" DT_WORDBREAK="1" TooltipColor=""/>
            <Control Class="Window" LAnchorPoint="0" LAnchorOffset="0" TAnchorPoint="0" TAnchorOffset="82" RAnchorPoint="1" RAnchorOffset="0" BAnchorPoint="0" BAnchorOffset="121" RelativeToClient="1" Font="CRB_HeaderGigantic" Text="" Template="Default" Name="MissionsRemainingCount" BGColor="ffffffff" TextColor="ffffffff" TextId="CRB_7" DT_VCENTER="1" DT_CENTER="1" NewControlDepth="8"/>
            <Control Class="Window" LAnchorPoint="0" LAnchorOffset="15" TAnchorPoint="0" TAnchorOffset="146" RAnchorPoint="1" RAnchorOffset="-15" BAnchorPoint="1" BAnchorOffset="-12" RelativeToClient="1" Font="CRB_InterfaceMedium" Text="" Template="Default" Name="MissionsRemainingExpla" BGColor="ffffffff" TextColor="ff00ffff" TextId="ExplorerMissions_ExploreToFindMore" DT_WORDBREAK="1" DT_CENTER="1" Visible="1" HideInEditor="0" DT_VCENTER="1" TooltipColor=""/>
            <Pixie LAnchorPoint="0" LAnchorOffset="0" TAnchorPoint="0" TAnchorOffset="0" RAnchorPoint="1" RAnchorOffset="0" BAnchorPoint="1" BAnchorOffset="0" BGColor="ffffffff" Font="Default" TextColor="ffffffff" Text="" Sprite="CRB_DatachronSprites:sprDC_LargeBG" Line="0"/>
            <Pixie LAnchorPoint="0" LAnchorOffset="0" TAnchorPoint="0" TAnchorOffset="0" RAnchorPoint="1" RAnchorOffset="0" BAnchorPoint="1" BAnchorOffset="0" BGColor="6fffffff" Font="Default" TextColor="ffffffff" Text="" Sprite="CRB_Basekit:kitAccent_Scanlines" Line="0"/>
            <Pixie LAnchorPoint="0" LAnchorOffset="63" TAnchorPoint="0" TAnchorOffset="12" RAnchorPoint="1" RAnchorOffset="-63" BAnchorPoint="1" BAnchorOffset="-12" BGColor="2fffffff" Font="Default" TextColor="ffffffff" Text="" Sprite="ClientSprites:Icon_Windows_UI_CRB_Soldier" Line="0"/>
            <Pixie LAnchorPoint="0" LAnchorOffset="34" TAnchorPoint="0" TAnchorOffset="38" RAnchorPoint="1" RAnchorOffset="-34" BAnchorPoint="1" BAnchorOffset="-46" BGColor="ffffffff" Font="Default" TextColor="ffffffff" Text="" Sprite="CRB_Basekit:kitBase_HoloBlue_TinyLitCorners" Line="0"/>
            <Pixie LAnchorPoint="0" LAnchorOffset="0" TAnchorPoint="0" TAnchorOffset="56" RAnchorPoint="1" RAnchorOffset="0" BAnchorPoint="0" BAnchorOffset="89" BGColor="ffffffff" Font="CRB_HeaderLarge" TextColor="ffffffff" Text="" TextId="ExplorerMissions_MissionsRemaining" DT_CENTER="1" DT_VCENTER="1" Line="0"/>
        </Control>
        <Control Class="Window" LAnchorPoint="0" LAnchorOffset="0" TAnchorPoint="0" TAnchorOffset="0" RAnchorPoint="1" RAnchorOffset="0" BAnchorPoint="1" BAnchorOffset="0" RelativeToClient="1" Font="Default" Text="" Template="Default" Name="CompletedScreen" BGColor="ffffffff" TextColor="ffffffff" Visible="0" HideInEditor="1" TooltipColor="" Tooltip="">
            <Control Class="Window" LAnchorPoint="0" LAnchorOffset="0" TAnchorPoint="0" TAnchorOffset="48" RAnchorPoint="1" RAnchorOffset="0" BAnchorPoint="0" BAnchorOffset="78" RelativeToClient="1" Font="CRB_InterfaceLarge" Text="" Template="Default" Name="EpNameString" BGColor="ffffffff" TextColor="ff80ffff" TextId="CRB_Northen_Wilds" DT_VCENTER="1" DT_CENTER="1" TooltipColor=""/>
            <Pixie LAnchorPoint="0" LAnchorOffset="0" TAnchorPoint="0" TAnchorOffset="0" RAnchorPoint="1" RAnchorOffset="0" BAnchorPoint="1" BAnchorOffset="0" BGColor="ffffffff" Font="Default" TextColor="ffffffff" Text="" Sprite="CRB_DatachronSprites:sprDCPP_SolHORestBack" Line="0"/>
            <Pixie LAnchorPoint="0" LAnchorOffset="63" TAnchorPoint="0" TAnchorOffset="12" RAnchorPoint="1" RAnchorOffset="-63" BAnchorPoint="1" BAnchorOffset="-12" BGColor="2fffffff" Font="Default" TextColor="ffffffff" Text="" Sprite="ClientSprites:Icon_Windows_UI_CRB_Soldier" Line="0"/>
            <Pixie LAnchorPoint="0" LAnchorOffset="10" TAnchorPoint="0" TAnchorOffset="71" RAnchorPoint="1" RAnchorOffset="-10" BAnchorPoint="0" BAnchorOffset="104" BGColor="ffffffff" Font="CRB_HeaderLarge" TextColor="ffffffff" Text="" TextId="ExplorerMissions_AllMissionsComplete" DT_CENTER="1" DT_VCENTER="1" Line="0"/>
        </Control>
        <Control Class="Window" LAnchorPoint="0" LAnchorOffset="0" TAnchorPoint="0" TAnchorOffset="0" RAnchorPoint="0" RAnchorOffset="290" BAnchorPoint="1" BAnchorOffset="0" RelativeToClient="1" Font="Default" Text="" Template="Default" Name="MissionNotification" BGColor="ffffffff" TextColor="ffffffff" IgnoreMouse="1" NoClip="1" Picture="1" Sprite="" Visible="0" HideInEditor="1" TransitionShowHide="1" UseTransitionSprite="0" NewWindowDepth="1" TooltipColor="">
            <Control Class="Window" LAnchorPoint="0" LAnchorOffset="2" TAnchorPoint="0" TAnchorOffset="2" RAnchorPoint="1" RAnchorOffset="-2" BAnchorPoint="1" BAnchorOffset="-2" RelativeToClient="1" Font="Default" Text="" Template="Default" Name="BGGlow" BGColor="ffffffff" TextColor="ffffffff" Picture="1" IgnoreMouse="1" Sprite="CRB_ChallengeTrackerSprites:btnChallengeTierBackerPressed" HideInEditor="0" TooltipColor=""/>
            <Control Class="Window" LAnchorPoint="0" LAnchorOffset="0" TAnchorPoint="0" TAnchorOffset="0" RAnchorPoint="1" RAnchorOffset="0" BAnchorPoint="1" BAnchorOffset="0" RelativeToClient="1" Font="Default" Text="" Template="Default" Name="BGRunner" BGColor="ffffffff" TextColor="ffffffff" Picture="1" IgnoreMouse="1" Sprite="CRB_Anim_Outline:spr_Anim_OutlineStretch" TooltipColor=""/>
            <Control Class="Window" LAnchorPoint="0" LAnchorOffset="0" TAnchorPoint="0" TAnchorOffset="0" RAnchorPoint="1" RAnchorOffset="0" BAnchorPoint="1" BAnchorOffset="0" RelativeToClient="1" Font="Default" Text="" Template="Default" Name="NewMissionContent" BGColor="ffffffff" TextColor="ffffffff" Visible="0" HideInEditor="0" TooltipColor="">
                <Control Class="Window" LAnchorPoint="0" LAnchorOffset="8" TAnchorPoint="1" TAnchorOffset="-84" RAnchorPoint="1" RAnchorOffset="-8" BAnchorPoint="1" BAnchorOffset="-23" RelativeToClient="1" Font="CRB_InterfaceLarge_BO" Text="" Template="Default" Name="MissionName" BGColor="ffffffff" TextColor="ffffffff" TextId="ExplorerMissions_FieldStudyTest" DT_VCENTER="1" DT_CENTER="1" DT_WORDBREAK="1" TooltipColor=""/>
                <Pixie LAnchorPoint=".5" LAnchorOffset="-41" TAnchorPoint="0" TAnchorOffset="0" RAnchorPoint="1" RAnchorOffset="0" BAnchorPoint=".5" BAnchorOffset="-16" BGColor="ffffffff" Font="CRB_HeaderLarge_O" TextColor="ff80ffff" Text="" TextId="ExplorerMissions_NewMission" DT_CENTER="0" DT_RIGHT="0" DT_VCENTER="0" DT_BOTTOM="1" Line="0"/>
                <Pixie LAnchorPoint=".5" LAnchorOffset="-41" TAnchorPoint=".5" TAnchorOffset="-22" RAnchorPoint="1" RAnchorOffset="0" BAnchorPoint="1" BAnchorOffset="0" BGColor="ffffffff" Font="CRB_HeaderLarge_O" TextColor="ff80ffff" Text="" TextId="ExplorerMissions_Unlocked" DT_CENTER="0" DT_RIGHT="0" DT_VCENTER="0" Line="0"/>
                <Pixie LAnchorPoint="0" LAnchorOffset="73" TAnchorPoint=".5" TAnchorOffset="-41" RAnchorPoint="0" RAnchorOffset="83" BAnchorPoint=".5" BAnchorOffset="3" BGColor="ff80ffff" Font="Default" TextColor="ffffffff" Text="" Sprite="WhiteFill" Line="0"/>
                <Pixie LAnchorPoint="0" LAnchorOffset="55" TAnchorPoint=".5" TAnchorOffset="-24" RAnchorPoint="0" RAnchorOffset="99" BAnchorPoint=".5" BAnchorOffset="-14" BGColor="ff80ffff" Font="Default" TextColor="ffffffff" Text="" Sprite="WhiteFill" Line="0"/>
            </Control>
            <Pixie LAnchorPoint="0" LAnchorOffset="0" TAnchorPoint="0" TAnchorOffset="0" RAnchorPoint="1" RAnchorOffset="0" BAnchorPoint="1" BAnchorOffset="0" BGColor="cf005e5e" Font="Default" TextColor="ffffffff" Text="" Sprite="WhiteFill" Line="0"/>
        </Control>
        <Control Class="Window" Name="SolResult" LAnchorPoint="0" LAnchorOffset="0" TAnchorPoint="0" TAnchorOffset="0" RAnchorPoint="1" RAnchorOffset="0" BAnchorPoint="1" BAnchorOffset="0" Border="0" Template="CRB_NormalFramedThick" Picture="1" Visible="0" BGColor="ffffffff" TextColor="ffffffff" HideInEditor="1" IgnoreMouse="1" Sprite="CRB_DatachronSprites:sprDCPP_SolHORestBack" RelativeToClient="1" NewWindowDepth="1" TooltipColor="">
            <Control Class="Window" LAnchorPoint="0" LAnchorOffset="50" TAnchorPoint="0" TAnchorOffset="48" RAnchorPoint="1" RAnchorOffset="-50" BAnchorPoint="0" BAnchorOffset="105" RelativeToClient="1" Font="CRB_InterfaceMedium" Text="" Template="Default" Name="ReasonText" BGColor="ffffffff" TextColor="ffffffff" DT_VCENTER="1" DT_CENTER="1" NewControlDepth="2" DT_WORDBREAK="1" TooltipColor=""/>
            <Control Class="Window" LAnchorPoint="0" LAnchorOffset="0" TAnchorPoint="0" TAnchorOffset="30" RAnchorPoint="1" RAnchorOffset="0" BAnchorPoint="0" BAnchorOffset="54" RelativeToClient="1" Font="CRB_HeaderLarge" Text="" Template="Default" Name="ResultText" BGColor="ffffffff" TextColor="ffffffff" DT_VCENTER="1" DT_CENTER="1" TooltipColor=""/>
            <Control Class="Button" Base="kitBtn_Holo_Close" Font="Thick" ButtonType="PushButton" RadioGroup="" LAnchorPoint="1" LAnchorOffset="-24" TAnchorPoint="0" TAnchorOffset="4" RAnchorPoint="1" RAnchorOffset="0" BAnchorPoint="0" BAnchorOffset="28" DT_VCENTER="1" DT_CENTER="1" Name="SolResultCloseBtn" BGColor="ffffffff" TextColor="ffffffff" NormalTextColor="ffffffff" PressedTextColor="ffffffff" FlybyTextColor="ffffffff" PressedFlybyTextColor="ffffffff" DisabledTextColor="ffffffff" Visible="1" TooltipColor="">
                <Event Name="ButtonSignal" Function="OnCloseResultScreen"/>
            </Control>
        </Control>
        <Pixie LAnchorPoint="0" LAnchorOffset="0" TAnchorPoint="0" TAnchorOffset="0" RAnchorPoint="1" RAnchorOffset="0" BAnchorPoint="1" BAnchorOffset="0" BGColor="ffffffff" Font="Default" TextColor="ffffffff" Text="" Sprite="CRB_Basekit:kitAccent_Scanlines" Line="0"/>
    </Form>
    <Form Class="Window" LAnchorPoint="0" LAnchorOffset="0" TAnchorPoint="0" TAnchorOffset="0" RAnchorPoint="0" RAnchorOffset="277" BAnchorPoint="0" BAnchorOffset="22" RelativeToClient="1" Font="Default" Text="" Template="Default" TooltipType="OnCursor" Name="ActiveMissionsHeader" BGColor="ffffffff" TextColor="ffffffff" TooltipColor="" Sprite="" Picture="1" IgnoreMouse="1" DT_CENTER="1" DT_VCENTER="1" TextId="" Tooltip="">
        <Control Class="Window" LAnchorPoint="0" LAnchorOffset="-100" TAnchorPoint="1" TAnchorOffset="-30" RAnchorPoint="0" RAnchorOffset="225" BAnchorPoint="1" BAnchorOffset="16" RelativeToClient="1" Font="Default" Text="" Template="Default" TooltipType="OnCursor" Name="Pixie1" BGColor="66ffffff" TextColor="ffffffff" TooltipColor="" Sprite="CRB_CharacterCreateSprites:sprCharS_EnterBacker" Picture="1" IgnoreMouse="1"/>
        <Control Class="Window" LAnchorPoint="0" LAnchorOffset="8" TAnchorPoint="1" TAnchorOffset="-20" RAnchorPoint="1" RAnchorOffset="0" BAnchorPoint="1" BAnchorOffset="0" RelativeToClient="1" Font="CRB_InterfaceLarge_B" Text="" Template="Default" TooltipType="OnCursor" Name="Pixie2" BGColor="ffffffff" TextColor="UI_TextHoloBody" TooltipColor="" TextId="ExplorerMissions_ActiveMissions" Tooltip=""/>
    </Form>
    <Form Class="Window" LAnchorPoint="0" LAnchorOffset="0" TAnchorPoint="0" TAnchorOffset="0" RAnchorPoint="0" RAnchorOffset="277" BAnchorPoint="0" BAnchorOffset="30" RelativeToClient="1" Font="Default" Text="" Template="Default" TooltipType="OnCursor" Name="AvailableMissionsHeader" BGColor="ffffffff" TextColor="ffffffff" TooltipColor="" Sprite="" Picture="1" IgnoreMouse="1" DT_CENTER="1" DT_VCENTER="1" TextId="">
        <Control Class="Window" LAnchorPoint="0" LAnchorOffset="-100" TAnchorPoint="1" TAnchorOffset="-30" RAnchorPoint="0" RAnchorOffset="225" BAnchorPoint="1" BAnchorOffset="16" RelativeToClient="1" Font="Default" Text="" Template="Default" TooltipType="OnCursor" Name="Pixie1" BGColor="66ffffff" TextColor="ffffffff" TooltipColor="" Sprite="CRB_CharacterCreateSprites:sprCharS_EnterBacker" Picture="1" IgnoreMouse="1"/>
        <Control Class="Window" LAnchorPoint="0" LAnchorOffset="8" TAnchorPoint="1" TAnchorOffset="-20" RAnchorPoint="1" RAnchorOffset="0" BAnchorPoint="1" BAnchorOffset="0" RelativeToClient="1" Font="CRB_InterfaceLarge_B" Text="" Template="Default" TooltipType="OnCursor" Name="Pixie2" BGColor="ffffffff" TextColor="UI_TextHoloBody" TooltipColor="" TextId="ExplorerMissions_AvailableMissions" Tooltip=""/>
    </Form>
    <Form Class="Window" LAnchorPoint="0" LAnchorOffset="0" TAnchorPoint="0" TAnchorOffset="0" RAnchorPoint="1" RAnchorOffset="0" BAnchorPoint="0" BAnchorOffset="56" RelativeToClient="1" Font="Default" Text="" Template="Default" Name="SoldierListItem" Border="0" Picture="0" SwallowMouseClicks="0" BGColor="ffffffff" TextColor="ffffffff" Sprite="" IgnoreMouse="1" Overlapped="1" TooltipColor="" Tooltip="" TooltipType="OnCursor" TooltipFont="CRB_InterfaceSmall_O" IgnoreTooltipDelay="0">
        <Control Class="Window" LAnchorPoint="0" LAnchorOffset="0" TAnchorPoint="0" TAnchorOffset="0" RAnchorPoint="1" RAnchorOffset="0" BAnchorPoint="1" BAnchorOffset="-2" RelativeToClient="1" Font="Default" Text="" Template="Default" TooltipType="OnCursor" Name="BackFill" BGColor="2231fcf6" TextColor="ffffffff" TooltipColor="" Sprite="WhiteFill" Picture="1" IgnoreMouse="1" HideInEditor="0"/>
        <Control Class="Button" Base="CRB_Basekit:kitBtn_List_Holo" Font="Thick" ButtonType="PushButton" RadioGroup="" LAnchorPoint="0" LAnchorOffset="0" TAnchorPoint="0" TAnchorOffset="0" RAnchorPoint="1" RAnchorOffset="0" BAnchorPoint="1" BAnchorOffset="-2" DT_VCENTER="1" DT_CENTER="1" Name="ListItemBigBtn" BGColor="ffffffff" TextColor="ffffffff" NormalTextColor="ffffffff" PressedTextColor="ffffffff" FlybyTextColor="ffffffff" PressedFlybyTextColor="ffffffff" DisabledTextColor="ffffffff" IgnoreMouse="0" RelativeToClient="1" Picture="1" Sprite="" HideInEditor="0" TooltipColor="" Tooltip="" TooltipId="" TooltipType="DynamicFloater" TooltipFont="CRB_InterfaceSmall_O" NewControlDepth="1">
            <Control Class="Window" LAnchorPoint="0" LAnchorOffset="0" TAnchorPoint="0" TAnchorOffset="0" RAnchorPoint="1" RAnchorOffset="0" BAnchorPoint="1" BAnchorOffset="0" RelativeToClient="1" Font="Default" Text="" Template="Default" Name="ListItemFlash" BGColor="66ffffff" TextColor="ffffffff" Picture="1" IgnoreMouse="1" HideInEditor="0" TooltipColor=""/>
            <Control Class="Window" LAnchorPoint="0" LAnchorOffset="0" TAnchorPoint="0" TAnchorOffset="0" RAnchorPoint="1" RAnchorOffset="0" BAnchorPoint="1" BAnchorOffset="0" RelativeToClient="1" Font="Default" Text="" Template="Default" Name="ListItemNewRunner" BGColor="ffffffff" TextColor="ffffffff" Picture="1" IgnoreMouse="1" Sprite="CRB_Anim_Outline:spr_Anim_OutlineStretch" Visible="0" HideInEditor="1" TooltipColor=""/>
            <Control Class="Window" LAnchorPoint="0" LAnchorOffset="8" TAnchorPoint="0" TAnchorOffset="8" RAnchorPoint="0" RAnchorOffset="46" BAnchorPoint="0" BAnchorOffset="46" RelativeToClient="1" Font="Default" Text="" Template="Default" Name="ListItemIcon" BGColor="ffffffff" TextColor="ffffffff" Picture="1" Sprite="ClientSprites:Icon_Mission_Soldier_HoldoutSecurity" IgnoreMouse="1" NewControlDepth="1" TooltipColor="" Tooltip=""/>
            <Control Name="ListItemSpell" Class="ActionBarButton" ContentType="TSMBar" ContentId="0" Base="Button_ActionBarBlank" LAnchorPoint="0" LAnchorOffset="8" TAnchorPoint="0" TAnchorOffset="8" RAnchorPoint="0" RAnchorOffset="46" BAnchorPoint="0" BAnchorOffset="46" Visible="0" RelativeToClient="1" WindowSoundTemplate="ActionBarButton" BGColor="ffffffff" TextColor="ffffffff" TooltipColor="" Text="" TooltipType="OnCursor" NewControlDepth="1" HideInEditor="1" NoClip="0">
                <Event Name="GenerateTooltip" Function="OnGenerateSpellTooltip"/>
            </Control>
            <Control Class="Window" LAnchorPoint="0" LAnchorOffset="8" TAnchorPoint="0" TAnchorOffset="8" RAnchorPoint="0" RAnchorOffset="46" BAnchorPoint="0" BAnchorOffset="46" RelativeToClient="1" Font="Default" Text="" Template="Default" Name="ListItemHintArrowArt" BGColor="ffffffff" TextColor="ffffffff" Picture="1" Sprite="ClientSprites:Icon_Mission_Explorer_ScavengerHunt" IgnoreMouse="1" NewControlDepth="2" TooltipColor="" Tooltip="" Visible="0">
                <Pixie LAnchorPoint="0" LAnchorOffset="0" TAnchorPoint="0" TAnchorOffset="0" RAnchorPoint="1" RAnchorOffset="0" BAnchorPoint="1" BAnchorOffset="0" Sprite="" BGColor="ffffffff" TextColor="black" Rotation="0" Font="Default"/>
                <Pixie LAnchorPoint="0" LAnchorOffset="0" TAnchorPoint="0" TAnchorOffset="0" RAnchorPoint="1" RAnchorOffset="0" BAnchorPoint="1" BAnchorOffset="0" Sprite="" BGColor="white" TextColor="black" Rotation="0" Font="Default"/>
            </Control>
            <Control Class="MLWindow" LAnchorPoint="0" LAnchorOffset="51" TAnchorPoint="0" TAnchorOffset="4" RAnchorPoint="1" RAnchorOffset="-51" BAnchorPoint="0" BAnchorOffset="24" RelativeToClient="1" Font="CRB_InterfaceMedium_B" Text="" Template="Default" Name="ListItemName" BGColor="ffffffff" TextColor="UI_TextHoloBody" DT_VCENTER="0" DT_WORDBREAK="1" TextId="Challenges_NoProgress" IgnoreMouse="1" TooltipColor="" DT_CENTER="0" Tooltip=""/>
            <Control Class="MLWindow" LAnchorPoint="0" LAnchorOffset="51" TAnchorPoint="1" TAnchorOffset="-34" RAnchorPoint="1" RAnchorOffset="-51" BAnchorPoint="1" BAnchorOffset="0" RelativeToClient="1" Font="CRB_InterfaceSmall" Text="" Template="Default" TooltipType="OnCursor" Name="ListItemSubtitle" BGColor="ffffffff" TextColor="UI_TextHoloBodyCyan" TooltipColor="" DT_VCENTER="0" TextId="Challenges_NoProgress" DT_CENTER="0" IgnoreMouse="1"/>
            <Control Class="Button" Base="CRB_Basekit:kitBtn_Holo_SubscreenRight" Font="Thick" ButtonType="PushButton" RadioGroup="" LAnchorPoint="1" LAnchorOffset="-39" TAnchorPoint="0" TAnchorOffset="12" RAnchorPoint="1" RAnchorOffset="-4" BAnchorPoint="0" BAnchorOffset="42" DT_VCENTER="1" DT_CENTER="1" Name="ListItemSubscreenBtn" BGColor="ffffffff" TextColor="ffffffff" NormalTextColor="ffffffff" PressedTextColor="ffffffff" FlybyTextColor="ffffffff" PressedFlybyTextColor="ffffffff" DisabledTextColor="ffffffff" IgnoreMouse="0" Visible="0" RelativeToClient="1" Text="" TooltipColor="" NewControlDepth="1">
                <Event Name="ButtonSignal" Function="OnListItemSubscreenBtn"/>
            </Control>
            <Control Class="Button" Base="CRB_Basekit:kitBtn_Holo_CircleSmall" Font="CRB_Pixel" ButtonType="PushButton" RadioGroup="" LAnchorPoint="1" LAnchorOffset="-19" TAnchorPoint="0" TAnchorOffset="-2" RAnchorPoint="1" RAnchorOffset="2" BAnchorPoint="0" BAnchorOffset="19" DT_VCENTER="1" DT_CENTER="1" TooltipType="OnCursor" Name="ListItemCodexBtn" BGColor="ffffffff" TextColor="ffffffff" TooltipColor="" NormalTextColor="UI_BtnTextHoloListNormal" PressedTextColor="UI_BtnTextHoloListPressed" FlybyTextColor="UI_BtnTextHoloListFlyby" PressedFlybyTextColor="UI_BtnTextHoloListPressedFlyby" DisabledTextColor="UI_BtnTextHoloListDisabled" RelativeToClient="1" Text="" TextId="Command_Group_Invite_Shortcut" TestAlpha="1" Tooltip="">
                <Event Name="ButtonSignal" Function="OnListItemOpenCodex"/>
            </Control>
            <Event Name="ButtonSignal" Function="OnListItemHintArrow"/>
            <Control Class="Window" LAnchorPoint="0" LAnchorOffset="0" TAnchorPoint="0" TAnchorOffset="0" RAnchorPoint="1" RAnchorOffset="0" BAnchorPoint="1" BAnchorOffset="0" RelativeToClient="1" Font="Default" Text="" Template="Default" TooltipType="OnCursor" Name="ListItemMouseCatcher" BGColor="ffffffff" TextColor="ffffffff" TooltipColor="">
                <Event Name="MouseEnter" Function="OnListItemMouseEnter"/>
                <Event Name="MouseExit" Function="OnListItemMouseExit"/>
            </Control>
        </Control>
    </Form>
</Forms>
