<Forms>
    <Form Class="Window" LAnchorPoint="0" LAnchorOffset="0" TAnchorPoint="0" TAnchorOffset="0" RAnchorPoint="0" RAnchorOffset="290" BAnchorPoint="0" BAnchorOffset="188" RelativeToClient="0" Font="Default" Text="" Template="Holo_Background_Datachron" TooltipType="OnCursor" Name="HousingDatachronWindow" Border="0" Picture="0" SwallowMouseClicks="1" Moveable="0" Escapable="0" Overlapped="0" BGColor="ffffffff" TextColor="ffffffff" TooltipColor="" Tooltip="">
        <Control Class="Window" LAnchorPoint="0" LAnchorOffset="0" TAnchorPoint="0" TAnchorOffset="0" RAnchorPoint="0" RAnchorOffset="290" BAnchorPoint="0" BAnchorOffset="188" RelativeToClient="1" Font="Default" Text="" Template="Default" Name="HousingMenu" BGColor="ffffffff" TextColor="ffffffff" VScroll="0" Border="0" UseTemplateBG="0" NoClip="0" Visible="1" HideInEditor="0" Picture="1" Sprite="" IgnoreMouse="1" TooltipColor="">
            <Control Class="Button" Base="BK3:btnHolo_Check" Font="CRB_InterfaceSmall" ButtonType="Check" RadioGroup="" LAnchorPoint="0" LAnchorOffset="14" TAnchorPoint="1" TAnchorOffset="-34" RAnchorPoint="0" RAnchorOffset="108" BAnchorPoint="1" BAnchorOffset="-7" DT_VCENTER="1" DT_CENTER="0" Name="BtnHousingEdit" BGColor="ffffffff" TextColor="UI_TextHoloBody" HideInEditor="0" TextId="CRB_Edit_Mode" NormalTextColor="UI_BtnTextBlueNormal" PressedTextColor="UI_BtnTextBluePressed" FlybyTextColor="UI_BtnTextBlueFlyby" PressedFlybyTextColor="ffa7fefc" DisabledTextColor="ff1c5766" Text="" Tooltip="" TooltipId="" DrawAsCheckbox="1" TooltipColor="">
                <Event Name="ButtonSignal" Function="OnHousingEdit"/>
                <Event Name="ButtonCheck" Function="OnHousingEditChecked"/>
                <Event Name="ButtonUncheck" Function="OnHousingEditUnchecked"/>
            </Control>
            <Control Class="Button" Base="CRB_Basekit:kitBtn_Holo" Font="CRB_InterfaceMedium" ButtonType="PushButton" RadioGroup="" LAnchorPoint="0" LAnchorOffset="102" TAnchorPoint="1" TAnchorOffset="-47" RAnchorPoint="0" RAnchorOffset="192" BAnchorPoint="1" BAnchorOffset="6" DT_VCENTER="1" DT_CENTER="1" Name="BtnHousingOptions" BGColor="bfffffff" TextColor="ffffffff" HideInEditor="1" TextId="CRB_Options" NormalTextColor="UI_TextHoloBody" PressedTextColor="ff31fcf6" FlybyTextColor="ff31fcf6" PressedFlybyTextColor="ffa7fefc" DisabledTextColor="ff1c5766" Text="" TooltipColor="" Visible="0">
                <Event Name="ButtonSignal" Function="OnHousingOptions"/>
            </Control>
            <Control Class="Button" Base="BK3:btnHolo_Blue_Small" Font="CRB_Button" ButtonType="PushButton" RadioGroup="" LAnchorPoint="0" LAnchorOffset="219" TAnchorPoint="1" TAnchorOffset="-48" RAnchorPoint="0" RAnchorOffset="284" BAnchorPoint="1" BAnchorOffset="5" DT_VCENTER="1" DT_CENTER="1" Name="BtnHousingIntList" BGColor="bfffffff" TextColor="ffffffff" HideInEditor="0" TextId="Datachron_ListBtn" NormalTextColor="UI_TextHoloBody" PressedTextColor="ff31fcf6" FlybyTextColor="ff31fcf6" PressedFlybyTextColor="ffa7fefc" DisabledTextColor="ff1c5766" Text="" TooltipColor="">
                <Event Name="ButtonSignal" Function="OnHousingList"/>
            </Control>
            <Control Class="Button" Base="BK3:btnHolo_Blue_Small" Font="CRB_Button" ButtonType="PushButton" RadioGroup="" LAnchorPoint="0" LAnchorOffset="219" TAnchorPoint="1" TAnchorOffset="-48" RAnchorPoint="0" RAnchorOffset="284" BAnchorPoint="1" BAnchorOffset="5" DT_VCENTER="1" DT_CENTER="1" Name="BtnHousingList" BGColor="bfffffff" TextColor="ffffffff" HideInEditor="0" TextId="Datachron_ListBtn" NormalTextColor="UI_TextHoloBody" PressedTextColor="ff31fcf6" FlybyTextColor="ff31fcf6" PressedFlybyTextColor="ffa7fefc" DisabledTextColor="ff1c5766" Text="" TooltipColor="">
                <Event Name="ButtonSignal" Function="OnHousingList"/>
            </Control>
            <Control Class="Button" Base="BK3:btnHolo_Blue_Small" Font="CRB_InterfaceMedium" ButtonType="PushButton" RadioGroup="" LAnchorPoint="0" LAnchorOffset="6" TAnchorPoint="0" TAnchorOffset="66" RAnchorPoint="1" RAnchorOffset="-6" BAnchorPoint="0" BAnchorOffset="119" DT_VCENTER="1" DT_CENTER="1" Name="BtnHousingIntVendor" BGColor="bfffffff" TextColor="ffffffff" HideInEditor="0" TextId="" NormalTextColor="ffffffff" PressedTextColor="ffffffff" FlybyTextColor="ffffffff" PressedFlybyTextColor="ffffffff" DisabledTextColor="ffffffff" Text="" TooltipColor="">
                <Event Name="ButtonSignal" Function="OnHousingVendor"/>
                <Control Class="Window" LAnchorPoint="0" LAnchorOffset="10" TAnchorPoint="0" TAnchorOffset="17" RAnchorPoint="0" RAnchorOffset="30" BAnchorPoint="1" BAnchorOffset="-16" RelativeToClient="1" Font="Default" Text="" Template="Default" Name="IconBack" BGColor="ffffffff" TextColor="ffffffff" Picture="1" IgnoreMouse="1" Sprite="BK3:UI_BK3_Holo_InsetSimple" NewControlDepth="2" TooltipColor=""/>
                <Control Class="Window" LAnchorPoint="0" LAnchorOffset="13" TAnchorPoint="0" TAnchorOffset="20" RAnchorPoint="0" RAnchorOffset="27" BAnchorPoint="0" BAnchorOffset="34" RelativeToClient="1" Font="Default" Text="" Template="Default" Name="Icon" BGColor="ffffffff" TextColor="ffffffff" Picture="1" IgnoreMouse="1" Sprite="CRB_MinimapSprites:sprMM_VendorGeneral" NewControlDepth="6" TooltipColor=""/>
                <Control Class="Window" LAnchorPoint="0" LAnchorOffset="35" TAnchorPoint="0" TAnchorOffset="0" RAnchorPoint="0" RAnchorOffset="131" BAnchorPoint="1" BAnchorOffset="0" RelativeToClient="1" Font="CRB_Button" Text="" Template="Default" Name="MainLabel" BGColor="ffffffff" TextColor="ff31fcf6" TextId="Datachron_VendorLabel" DT_VCENTER="1" NewControlDepth="6" TooltipColor=""/>
                <Control Class="Window" LAnchorPoint="0" LAnchorOffset="115" TAnchorPoint="0" TAnchorOffset="2" RAnchorPoint="1" RAnchorOffset="-15" BAnchorPoint="1" BAnchorOffset="0" RelativeToClient="1" Font="CRB_InterfaceSmall" Text="" Template="Default" Name="SubLabel" BGColor="ffffffff" TextColor="UI_TextHoloBody" TextId="Datachron_VendorText" DT_VCENTER="1" NewControlDepth="6" TooltipColor="" DT_RIGHT="1"/>
            </Control>
            <Control Class="Button" Base="BK3:btnHolo_Blue_Small" Font="CRB_InterfaceMedium" ButtonType="PushButton" RadioGroup="" LAnchorPoint="0" LAnchorOffset="6" TAnchorPoint="0" TAnchorOffset="33" RAnchorPoint="1" RAnchorOffset="-6" BAnchorPoint="0" BAnchorOffset="86" DT_VCENTER="1" DT_CENTER="1" Name="BtnHousingIntDecorate" BGColor="bfffffff" TextColor="ffffffff" HideInEditor="0" TextId="" NormalTextColor="ffffffff" PressedTextColor="ffffffff" FlybyTextColor="ffffffff" PressedFlybyTextColor="ffffffff" DisabledTextColor="ffffffff" Text="" TooltipColor="">
                <Event Name="ButtonSignal" Function="OnHousingDecorate"/>
                <Control Class="Window" LAnchorPoint="0" LAnchorOffset="10" TAnchorPoint="0" TAnchorOffset="17" RAnchorPoint="0" RAnchorOffset="30" BAnchorPoint="1" BAnchorOffset="-16" RelativeToClient="1" Font="Default" Text="" Template="Default" Name="IconBack" BGColor="ffffffff" TextColor="ffffffff" Picture="1" IgnoreMouse="1" Sprite="BK3:UI_BK3_Holo_InsetSimple" NewControlDepth="2" TooltipColor=""/>
                <Control Class="Window" LAnchorPoint="0" LAnchorOffset="13" TAnchorPoint="0" TAnchorOffset="20" RAnchorPoint="0" RAnchorOffset="27" BAnchorPoint="0" BAnchorOffset="34" RelativeToClient="1" Font="Default" Text="" Template="Default" Name="Icon" BGColor="ff80ffff" TextColor="ffffffff" Picture="1" IgnoreMouse="1" Sprite="CRB_GuildSprites:sprGuild_Chest" NewControlDepth="6" TooltipColor=""/>
                <Control Class="Window" LAnchorPoint="0" LAnchorOffset="35" TAnchorPoint="0" TAnchorOffset="0" RAnchorPoint="0" RAnchorOffset="131" BAnchorPoint="1" BAnchorOffset="0" RelativeToClient="1" Font="CRB_Button" Text="" Template="Default" Name="MainLabel" BGColor="ffffffff" TextColor="ff31fcf6" TextId="Datachron_CrateLabel" DT_VCENTER="1" NewControlDepth="6" TooltipColor=""/>
                <Control Class="Window" LAnchorPoint="0" LAnchorOffset="115" TAnchorPoint="0" TAnchorOffset="2" RAnchorPoint="1" RAnchorOffset="-15" BAnchorPoint="1" BAnchorOffset="0" RelativeToClient="1" Font="CRB_InterfaceSmall" Text="" Template="Default" Name="SubLabel" BGColor="ffffffff" TextColor="UI_TextHoloBody" TextId="Datachron_CrateText" DT_VCENTER="1" NewControlDepth="6" TooltipColor="" DT_RIGHT="1"/>
            </Control>
            <Control Class="Button" Base="BK3:btnHolo_Blue_Small" Font="CRB_InterfaceMedium" ButtonType="PushButton" RadioGroup="" LAnchorPoint="0" LAnchorOffset="5" TAnchorPoint="0" TAnchorOffset="0" RAnchorPoint="1" RAnchorOffset="-7" BAnchorPoint="0" BAnchorOffset="53" DT_VCENTER="1" DT_CENTER="1" Name="BtnHousingIntRemodel" BGColor="bfffffff" TextColor="ffffffff" HideInEditor="0" TextId="" NormalTextColor="ffffffff" PressedTextColor="ffffffff" FlybyTextColor="ffffffff" PressedFlybyTextColor="ffffffff" DisabledTextColor="ffffffff" Text="" TooltipColor="">
                <Event Name="ButtonSignal" Function="OnHousingRemodel"/>
                <Control Class="Window" LAnchorPoint="0" LAnchorOffset="10" TAnchorPoint="0" TAnchorOffset="17" RAnchorPoint="0" RAnchorOffset="30" BAnchorPoint="1" BAnchorOffset="-16" RelativeToClient="1" Font="Default" Text="" Template="Default" Name="IconBack" BGColor="ffffffff" TextColor="ffffffff" Picture="1" IgnoreMouse="1" Sprite="BK3:UI_BK3_Holo_InsetSimple" NewControlDepth="2" TooltipColor=""/>
                <Control Class="Window" LAnchorPoint="0" LAnchorOffset="13" TAnchorPoint="0" TAnchorOffset="20" RAnchorPoint="0" RAnchorOffset="27" BAnchorPoint="0" BAnchorOffset="34" RelativeToClient="1" Font="Default" Text="" Template="Default" Name="Icon" BGColor="ff80ffff" TextColor="ffffffff" Picture="1" IgnoreMouse="1" Sprite="CRB_GuildSprites:sprGuild_BlueMap" NewControlDepth="6" TooltipColor=""/>
                <Control Class="Window" LAnchorPoint="0" LAnchorOffset="35" TAnchorPoint="0" TAnchorOffset="0" RAnchorPoint="0" RAnchorOffset="131" BAnchorPoint="1" BAnchorOffset="0" RelativeToClient="1" Font="CRB_Button" Text="" Template="Default" Name="MainLabel" BGColor="ffffffff" TextColor="ff31fcf6" TextId="Datachron_RoomLabel" DT_VCENTER="1" NewControlDepth="6" TooltipColor=""/>
                <Control Class="Window" LAnchorPoint="0" LAnchorOffset="89" TAnchorPoint="0" TAnchorOffset="2" RAnchorPoint="1" RAnchorOffset="-15" BAnchorPoint="1" BAnchorOffset="0" RelativeToClient="1" Font="CRB_InterfaceSmall" Text="" Template="Default" Name="SubLabel" BGColor="ffffffff" TextColor="UI_TextHoloBody" TextId="Datachron_RoomText" DT_VCENTER="1" NewControlDepth="6" TooltipColor="" DT_RIGHT="1"/>
            </Control>
            <Control Class="Button" Base="BK3:btnHolo_Blue_Small" Font="CRB_InterfaceMedium" ButtonType="PushButton" RadioGroup="" LAnchorPoint="0" LAnchorOffset="6" TAnchorPoint="0" TAnchorOffset="99" RAnchorPoint="1" RAnchorOffset="-6" BAnchorPoint="0" BAnchorOffset="152" DT_VCENTER="1" DT_CENTER="1" Name="BtnHousingVendor" BGColor="bfffffff" TextColor="ffffffff" HideInEditor="1" TextId="" NormalTextColor="ffffffff" PressedTextColor="ffffffff" FlybyTextColor="ffffffff" PressedFlybyTextColor="ffffffff" DisabledTextColor="ffffffff" Text="" TooltipColor="">
                <Event Name="ButtonSignal" Function="OnHousingVendor"/>
                <Control Class="Window" LAnchorPoint="0" LAnchorOffset="10" TAnchorPoint="0" TAnchorOffset="17" RAnchorPoint="0" RAnchorOffset="30" BAnchorPoint="1" BAnchorOffset="-16" RelativeToClient="1" Font="Default" Text="" Template="Default" Name="IconBack" BGColor="ffffffff" TextColor="ffffffff" Picture="1" IgnoreMouse="1" Sprite="BK3:UI_BK3_Holo_InsetSimple" NewControlDepth="2" TooltipColor=""/>
                <Control Class="Window" LAnchorPoint="0" LAnchorOffset="13" TAnchorPoint="0" TAnchorOffset="20" RAnchorPoint="0" RAnchorOffset="27" BAnchorPoint="0" BAnchorOffset="34" RelativeToClient="1" Font="Default" Text="" Template="Default" Name="Icon" BGColor="ffffffff" TextColor="ffffffff" Picture="1" IgnoreMouse="1" Sprite="CRB_MinimapSprites:sprMM_VendorGeneral" NewControlDepth="6" TooltipColor=""/>
                <Control Class="Window" LAnchorPoint="0" LAnchorOffset="35" TAnchorPoint="0" TAnchorOffset="0" RAnchorPoint="0" RAnchorOffset="93" BAnchorPoint="1" BAnchorOffset="0" RelativeToClient="1" Font="CRB_Button" Text="" Template="Default" Name="MainLabel" BGColor="ffffffff" TextColor="UI_BtnTextBlueNormal" TextId="Datachron_VendorLabel" DT_VCENTER="1" NewControlDepth="6" TooltipColor=""/>
                <Control Class="Window" LAnchorPoint="0" LAnchorOffset="87" TAnchorPoint="0" TAnchorOffset="2" RAnchorPoint="1" RAnchorOffset="-15" BAnchorPoint="1" BAnchorOffset="0" RelativeToClient="1" Font="CRB_InterfaceSmall" Text="" Template="Default" Name="SubLabel" BGColor="ffffffff" TextColor="UI_TextHoloBody" TextId="Datachron_VendorText" DT_VCENTER="1" NewControlDepth="6" TooltipColor="" DT_RIGHT="1"/>
            </Control>
            <Control Class="Button" Base="BK3:btnHolo_Blue_Small" Font="CRB_InterfaceMedium" ButtonType="PushButton" RadioGroup="" LAnchorPoint="0" LAnchorOffset="6" TAnchorPoint="0" TAnchorOffset="66" RAnchorPoint="1" RAnchorOffset="-6" BAnchorPoint="0" BAnchorOffset="119" DT_VCENTER="1" DT_CENTER="1" Name="BtnHousingDecorate" BGColor="bfffffff" TextColor="ffffffff" HideInEditor="1" TextId="" NormalTextColor="ffffffff" PressedTextColor="ffffffff" FlybyTextColor="ffffffff" PressedFlybyTextColor="ffffffff" DisabledTextColor="ffffffff" Text="" TooltipColor="">
                <Event Name="ButtonSignal" Function="OnHousingDecorate"/>
                <Control Class="Window" LAnchorPoint="0" LAnchorOffset="10" TAnchorPoint="0" TAnchorOffset="17" RAnchorPoint="0" RAnchorOffset="30" BAnchorPoint="1" BAnchorOffset="-16" RelativeToClient="1" Font="Default" Text="" Template="Default" Name="IconBack" BGColor="ffffffff" TextColor="ffffffff" Picture="1" IgnoreMouse="1" Sprite="BK3:UI_BK3_Holo_InsetSimple" NewControlDepth="2" TooltipColor=""/>
                <Control Class="Window" LAnchorPoint="0" LAnchorOffset="13" TAnchorPoint="0" TAnchorOffset="20" RAnchorPoint="0" RAnchorOffset="27" BAnchorPoint="0" BAnchorOffset="34" RelativeToClient="1" Font="Default" Text="" Template="Default" Name="Icon" BGColor="ff80ffff" TextColor="ffffffff" Picture="1" IgnoreMouse="1" Sprite="CRB_GuildSprites:sprGuild_Chest" NewControlDepth="6" TooltipColor=""/>
                <Control Class="Window" LAnchorPoint="0" LAnchorOffset="35" TAnchorPoint="0" TAnchorOffset="0" RAnchorPoint="0" RAnchorOffset="93" BAnchorPoint="1" BAnchorOffset="0" RelativeToClient="1" Font="CRB_Button" Text="" Template="Default" Name="MainLabel" BGColor="ffffffff" TextColor="UI_BtnTextBlueNormal" TextId="Datachron_CrateLabel" DT_VCENTER="1" NewControlDepth="6" TooltipColor=""/>
                <Control Class="Window" LAnchorPoint="0" LAnchorOffset="80" TAnchorPoint="0" TAnchorOffset="2" RAnchorPoint="1" RAnchorOffset="-15" BAnchorPoint="1" BAnchorOffset="0" RelativeToClient="1" Font="CRB_InterfaceSmall" Text="" Template="Default" Name="SubLabel" BGColor="ffffffff" TextColor="UI_TextHoloBody" TextId="Datachron_CrateText" DT_VCENTER="1" NewControlDepth="6" TooltipColor="" DT_RIGHT="1"/>
            </Control>
            <Control Class="Button" Base="BK3:btnHolo_Blue_Small" Font="CRB_InterfaceMedium" ButtonType="PushButton" RadioGroup="" LAnchorPoint="0" LAnchorOffset="6" TAnchorPoint="0" TAnchorOffset="33" RAnchorPoint="1" RAnchorOffset="-6" BAnchorPoint="0" BAnchorOffset="86" DT_VCENTER="1" DT_CENTER="1" Name="BtnHousingRemodel" BGColor="bfffffff" TextColor="ffffffff" HideInEditor="1" TextId="" NormalTextColor="ffffffff" PressedTextColor="ffffffff" FlybyTextColor="ffffffff" PressedFlybyTextColor="ffffffff" DisabledTextColor="ffffffff" Text="" TooltipColor="">
                <Event Name="ButtonSignal" Function="OnHousingRemodel"/>
                <Control Class="Window" LAnchorPoint="0" LAnchorOffset="10" TAnchorPoint="0" TAnchorOffset="17" RAnchorPoint="0" RAnchorOffset="30" BAnchorPoint="1" BAnchorOffset="-16" RelativeToClient="1" Font="Default" Text="" Template="Default" Name="IconBack" BGColor="ffffffff" TextColor="ffffffff" Picture="1" IgnoreMouse="1" Sprite="BK3:UI_BK3_Holo_InsetSimple" NewControlDepth="2" TooltipColor=""/>
                <Control Class="Window" LAnchorPoint="0" LAnchorOffset="13" TAnchorPoint="0" TAnchorOffset="20" RAnchorPoint="0" RAnchorOffset="27" BAnchorPoint="0" BAnchorOffset="34" RelativeToClient="1" Font="Default" Text="" Template="Default" Name="Icon" BGColor="ff80ffff" TextColor="ffffffff" Picture="1" IgnoreMouse="1" Sprite="CRB_GuildSprites:sprGuild_BlueMap" NewControlDepth="6" TooltipColor=""/>
                <Control Class="Window" LAnchorPoint="0" LAnchorOffset="35" TAnchorPoint="0" TAnchorOffset="0" RAnchorPoint="0" RAnchorOffset="93" BAnchorPoint="1" BAnchorOffset="0" RelativeToClient="1" Font="CRB_Button" Text="" Template="Default" Name="MainLabel" BGColor="ffffffff" TextColor="UI_BtnTextBlueNormal" TextId="Datachron_HouseLabel" DT_VCENTER="1" NewControlDepth="6" TooltipColor=""/>
                <Control Class="Window" LAnchorPoint="0" LAnchorOffset="83" TAnchorPoint="0" TAnchorOffset="2" RAnchorPoint="1" RAnchorOffset="-15" BAnchorPoint="1" BAnchorOffset="0" RelativeToClient="1" Font="CRB_InterfaceSmall" Text="" Template="Default" Name="SubLabel" BGColor="ffffffff" TextColor="UI_TextHoloBody" TextId="Datachron_HousingText" DT_VCENTER="1" NewControlDepth="6" TooltipColor="" DT_RIGHT="1"/>
            </Control>
            <Control Class="Button" Base="BK3:btnHolo_Blue_Small" Font="CRB_InterfaceMedium" ButtonType="PushButton" RadioGroup="" LAnchorPoint="0" LAnchorOffset="5" TAnchorPoint="0" TAnchorOffset="0" RAnchorPoint="1" RAnchorOffset="-7" BAnchorPoint="0" BAnchorOffset="53" DT_VCENTER="1" DT_CENTER="1" Name="BtnHousingLandscape" BGColor="bfffffff" TextColor="ffffffff" HideInEditor="1" TextId="" NormalTextColor="ffffffff" PressedTextColor="ffffffff" FlybyTextColor="ffffffff" PressedFlybyTextColor="ffffffff" DisabledTextColor="ffffffff" Text="" TooltipColor="">
                <Event Name="ButtonSignal" Function="OnHousingLandscape"/>
                <Control Class="Window" LAnchorPoint="0" LAnchorOffset="10" TAnchorPoint="0" TAnchorOffset="17" RAnchorPoint="0" RAnchorOffset="30" BAnchorPoint="1" BAnchorOffset="-16" RelativeToClient="1" Font="Default" Text="" Template="Default" Name="IconBack" BGColor="ffffffff" TextColor="ffffffff" Picture="1" IgnoreMouse="1" Sprite="BK3:UI_BK3_Holo_InsetSimple" NewControlDepth="2" TooltipColor=""/>
                <Control Class="Window" LAnchorPoint="0" LAnchorOffset="13" TAnchorPoint="0" TAnchorOffset="20" RAnchorPoint="0" RAnchorOffset="27" BAnchorPoint="0" BAnchorOffset="34" RelativeToClient="1" Font="Default" Text="" Template="Default" Name="Icon" BGColor="ffffffff" TextColor="ffffffff" Picture="1" IgnoreMouse="1" Sprite="CRB_HousingSprites:sprIconFertilizer_On" NewControlDepth="6" TooltipColor="" HideInEditor="0"/>
                <Control Class="Window" LAnchorPoint="0" LAnchorOffset="35" TAnchorPoint="0" TAnchorOffset="0" RAnchorPoint="0" RAnchorOffset="131" BAnchorPoint="1" BAnchorOffset="0" RelativeToClient="1" Font="CRB_Button" Text="" Template="Default" Name="MainLabel" BGColor="ffffffff" TextColor="UI_BtnTextBlueNormal" TextId="Datachron_LandscapeLabel" DT_VCENTER="1" NewControlDepth="6" TooltipColor=""/>
                <Control Class="Window" LAnchorPoint="0" LAnchorOffset="115" TAnchorPoint="0" TAnchorOffset="2" RAnchorPoint="1" RAnchorOffset="-15" BAnchorPoint="1" BAnchorOffset="0" RelativeToClient="1" Font="CRB_InterfaceSmall" Text="" Template="Default" Name="SubLabel" BGColor="ffffffff" TextColor="UI_TextHoloBody" TextId="Datachron_LandscapeText" DT_VCENTER="1" NewControlDepth="6" TooltipColor="" DT_RIGHT="1"/>
            </Control>
            <Control Class="Window" LAnchorPoint="0" LAnchorOffset="138" TAnchorPoint="0" TAnchorOffset="142" RAnchorPoint="1" RAnchorOffset="-65" BAnchorPoint="0" BAnchorOffset="195" RelativeToClient="1" Font="Default" Text="" Template="Default" TooltipType="OnCursor" Name="HousingEscapeWnd" BGColor="ffffffff" TextColor="ffffffff" TooltipColor="" HideInEditor="0">
                <Control Class="ActionBarButton" Name="RecallActionBtn" ContentType="GCBar" ContentId="20" Base="BK3:btnHolo_Red_Small" RelativeToClient="1" IfHoldNoSignal="1" DT_VCENTER="1" DT_CENTER="1" NeverBringToFront="1" Picture="0" WindowSoundTemplate="ActionBarButton" BGColor="ffffffff" TextColor="ffffffff" LAnchorPoint="0" LAnchorOffset="0" TAnchorPoint="0" TAnchorOffset="0" RAnchorPoint="1" RAnchorOffset="0" BAnchorPoint="1" BAnchorOffset="0" Font="CRB_InterfaceLarge_O" IgnoreTooltipDelay="1" TooltipColor="" NewControlDepth="6" HideInEditor="0" RechargeBarLAnchorPoint="1" RechargeBarLAnchorOffset="-8" RechargeBarTAnchorPoint="0" RechargeBarTAnchorOffset="4" RechargeBarRAnchorPoint="1" RechargeBarRAnchorOffset="4" RechargeBarBAnchorPoint="1" RechargeBarBAnchorOffset="-14" RechargeBarEmptyColorAttribute="Black" RechargeBarFullColorAttribute="ffffffff" RechargeBarEmptyAttribute="WhiteFill" RechargeBarFullAttribute="sprStalker_VerticalGooPulse" Text="" UseBaseButtonArt="1">
                    <Event Name="GenerateTooltip" Function="OnGenerateTooltip"/>
                    <Control Class="Window" LAnchorPoint="0" LAnchorOffset="0" TAnchorPoint="0" TAnchorOffset="0" RAnchorPoint="1" RAnchorOffset="0" BAnchorPoint="1" BAnchorOffset="0" RelativeToClient="1" Font="CRB_Button" Text="" BGColor="UI_WindowBGDefault" TextColor="UI_BtnTextRedNormal" Template="Default" TooltipType="OnCursor" Name="Text" TooltipColor="" TextId="Datachron_ExitText" DT_VCENTER="1" DT_CENTER="1" Tooltip=""/>
                </Control>
            </Control>
            <Control Class="Window" LAnchorPoint="0" LAnchorOffset="138" TAnchorPoint="0" TAnchorOffset="142" RAnchorPoint="1" RAnchorOffset="-65" BAnchorPoint="0" BAnchorOffset="195" RelativeToClient="1" Font="Default" Text="" Template="Default" TooltipType="OnCursor" Name="HousingEscapeExtWnd" BGColor="ffffffff" TextColor="ffffffff" TooltipColor="" HideInEditor="0" Visible="0">
                <Control Class="ActionBarButton" Name="RecallActionBtn" ContentType="GCBar" ContentId="20" Base="BK3:btnHolo_Red_Small" RelativeToClient="1" IfHoldNoSignal="1" DT_VCENTER="1" DT_CENTER="1" NeverBringToFront="1" Picture="0" WindowSoundTemplate="ActionBarButton" BGColor="ffffffff" TextColor="UI_BtnTextRedNormal" LAnchorPoint="0" LAnchorOffset="0" TAnchorPoint="0" TAnchorOffset="-1" RAnchorPoint="1" RAnchorOffset="0" BAnchorPoint="1" BAnchorOffset="-1" Font="CRB_Button" IgnoreTooltipDelay="1" TooltipColor="" NewControlDepth="6" HideInEditor="0" RechargeBarLAnchorPoint="0" RechargeBarLAnchorOffset="10" RechargeBarTAnchorPoint="0" RechargeBarTAnchorOffset="10" RechargeBarRAnchorPoint="1" RechargeBarRAnchorOffset="-10" RechargeBarBAnchorPoint="1" RechargeBarBAnchorOffset="-10" RechargeBarEmptyColorAttribute="Black" RechargeBarFullColorAttribute="ffffffff" RechargeBarEmptyAttribute="WhiteFill" RechargeBarFullAttribute="sprStalker_VerticalGooPulse" Text="" UseBaseButtonArt="1" NewWindowDepth="1" TextId="" Tooltip="">
                    <Event Name="GenerateTooltip" Function="OnGenerateTooltip"/>
                    <Control Class="Window" LAnchorPoint="1" LAnchorOffset="-87" TAnchorPoint="1" TAnchorOffset="-53" RAnchorPoint="1" RAnchorOffset="0" BAnchorPoint="1" BAnchorOffset="0" RelativeToClient="1" Font="CRB_Button" Text="" BGColor="UI_WindowBGDefault" TextColor="UI_BtnTextRedNormal" Template="Default" TooltipType="OnCursor" Name="Text" TooltipColor="" TextId="Housting_ImStuck" DT_VCENTER="1" DT_CENTER="1" Tooltip=""/>
                </Control>
            </Control>
        </Control>
    </Form>
</Forms>
