<Forms>
    <Form Class="CharacterFrame" LAnchorPoint="0" LAnchorOffset="6" TAnchorPoint=".5" TAnchorOffset="-269" RAnchorPoint="0" RAnchorOffset="473" BAnchorPoint=".5" BAnchorOffset="282" RelativeToClient="1" Font="Default" Sprite="CRB_Basekit:kitBase_MetalGrey_ListSmall" Text="" Template="Default" Name="MannequinWindow" BGColor="ffffffff" TextColor="ffffffff" Picture="0" Overlapped="1" TestAlpha="1" Moveable="1" SwallowMouseClicks="1" Escapable="1" UseTransitionSprite="0" TransitionShowHide="1" TextId="" IgnoreMouse="1" TooltipColor="" Tooltip="" TooltipId="">
        <Control Class="Window" LAnchorPoint="0" LAnchorOffset="0" TAnchorPoint="0" TAnchorOffset="0" RAnchorPoint="1" RAnchorOffset="-3" BAnchorPoint="1" BAnchorOffset="3" RelativeToClient="1" Font="Default" Text="" Template="Default" Name="CharFrame_BGArt" BGColor="ffffffff" TextColor="ffffffff" HideInEditor="0" TooltipColor="" Tooltip="">
            <Control Class="Window" LAnchorPoint="0" LAnchorOffset="0" TAnchorPoint="0" TAnchorOffset="0" RAnchorPoint="1" RAnchorOffset="1" BAnchorPoint="1" BAnchorOffset="0" RelativeToClient="1" Font="Default" Text="" Template="Holo_Medium" Name="BGArt_OverallFrame" BGColor="ffffffff" TextColor="ffffffff" Picture="0" IgnoreMouse="1" Sprite="" TooltipColor="" Border="1" UseTemplateBG="1"/>
            <Control Class="Window" LAnchorPoint="0" LAnchorOffset="50" TAnchorPoint="0" TAnchorOffset="35" RAnchorPoint="1" RAnchorOffset="-50" BAnchorPoint="0" BAnchorOffset="73" RelativeToClient="1" Font="CRB_HeaderLarge" Text="" Template="Default" Name="BGArt_OverallHeader" BGColor="ffffffff" TextColor="UI_WindowTitleYellow" Picture="1" IgnoreMouse="1" Sprite="" TooltipColor="">
                <Pixie LAnchorPoint="0" LAnchorOffset="17" TAnchorPoint="0" TAnchorOffset="3" RAnchorPoint="1" RAnchorOffset="-24" BAnchorPoint="0" BAnchorOffset="30" BGColor="ffffffff" Font="CRB_HeaderLarge" TextColor="UI_WindowTitleYellow" Text="" TextId="Housing_MannequinTitle" Sprite="" DT_CENTER="1" DT_VCENTER="1" Line="0"/>
            </Control>
            <Control Class="Window" LAnchorPoint="0" LAnchorOffset="41" TAnchorPoint="0" TAnchorOffset="74" RAnchorPoint="0" RAnchorOffset="109" BAnchorPoint="0" BAnchorOffset="511" RelativeToClient="1" Font="Default" Text="" Template="Default" Name="BGArt_RightBacker" BGColor="ffffffff" TextColor="ffffffff" Picture="1" IgnoreMouse="1" Sprite="BK3:UI_BK3_Holo_InsetSimple" Visible="1" HideInEditor="0" TooltipColor="" NewControlDepth="1"/>
            <Control Class="Window" LAnchorPoint="0" LAnchorOffset="47" TAnchorPoint="0" TAnchorOffset="74" RAnchorPoint="0" RAnchorOffset="113" BAnchorPoint="0" BAnchorOffset="500" RelativeToClient="1" Font="Default" Text="" Template="Default" Name="BG_ItemSlotFrames" BGColor="ffffffff" TextColor="ffffffff" TooltipColor="">
                <Control Class="Window" LAnchorPoint="0" LAnchorOffset="0" TAnchorPoint="0" TAnchorOffset="15" RAnchorPoint="1" RAnchorOffset="-11" BAnchorPoint="0" BAnchorOffset="71" RelativeToClient="1" Font="Default" Text="" Template="Default" Name="SlotBacker1" BGColor="ffffffff" TextColor="ffffffff" TooltipColor="">
                    <Control Class="Window" LAnchorPoint="0" LAnchorOffset="0" TAnchorPoint="0" TAnchorOffset="0" RAnchorPoint="1" RAnchorOffset="0" BAnchorPoint="1" BAnchorOffset="0" RelativeToClient="1" Font="Default" Text="" Template="Default" Name="Frame" BGColor="ffffffff" TextColor="ffffffff" Picture="1" IgnoreMouse="1" Sprite="BK3:UI_BK3_Holo_InsetSimple" TooltipColor=""/>
                </Control>
                <Control Class="Window" LAnchorPoint="0" LAnchorOffset="0" TAnchorPoint="0" TAnchorOffset="74" RAnchorPoint="1" RAnchorOffset="-11" BAnchorPoint="0" BAnchorOffset="130" RelativeToClient="1" Font="Default" Text="" Template="Default" Name="SlotBacker2" BGColor="ffffffff" TextColor="ffffffff" TooltipColor="">
                    <Control Class="Window" LAnchorPoint="0" LAnchorOffset="0" TAnchorPoint="0" TAnchorOffset="0" RAnchorPoint="1" RAnchorOffset="0" BAnchorPoint="1" BAnchorOffset="0" RelativeToClient="1" Font="Default" Text="" Template="Default" Name="Frame" BGColor="afffffff" TextColor="ffffffff" Picture="1" IgnoreMouse="1" Sprite="BK3:UI_BK3_Holo_InsetSimple" TooltipColor=""/>
                </Control>
                <Control Class="Window" LAnchorPoint="0" LAnchorOffset="0" TAnchorPoint="0" TAnchorOffset="133" RAnchorPoint="1" RAnchorOffset="-11" BAnchorPoint="0" BAnchorOffset="189" RelativeToClient="1" Font="Default" Text="" Template="Default" Name="SlotBacker3" BGColor="ffffffff" TextColor="ffffffff" TooltipColor="">
                    <Control Class="Window" LAnchorPoint="0" LAnchorOffset="0" TAnchorPoint="0" TAnchorOffset="0" RAnchorPoint="1" RAnchorOffset="0" BAnchorPoint="1" BAnchorOffset="0" RelativeToClient="1" Font="Default" Text="" Template="Default" Name="Frame" BGColor="afffffff" TextColor="ffffffff" Picture="1" IgnoreMouse="1" Sprite="BK3:UI_BK3_Holo_InsetSimple" TooltipColor=""/>
                </Control>
                <Control Class="Window" LAnchorPoint="0" LAnchorOffset="0" TAnchorPoint="0" TAnchorOffset="192" RAnchorPoint="1" RAnchorOffset="-12" BAnchorPoint="0" BAnchorOffset="248" RelativeToClient="1" Font="Default" Text="" Template="Default" Name="SlotBacker4" BGColor="ffffffff" TextColor="ffffffff" TooltipColor="">
                    <Control Class="Window" LAnchorPoint="0" LAnchorOffset="0" TAnchorPoint="0" TAnchorOffset="0" RAnchorPoint="1" RAnchorOffset="0" BAnchorPoint="1" BAnchorOffset="0" RelativeToClient="1" Font="Default" Text="" Template="Default" Name="Frame" BGColor="afffffff" TextColor="ffffffff" Picture="1" IgnoreMouse="1" Sprite="BK3:UI_BK3_Holo_InsetSimple" TooltipColor=""/>
                </Control>
                <Control Class="Window" LAnchorPoint="0" LAnchorOffset="0" TAnchorPoint="0" TAnchorOffset="251" RAnchorPoint="1" RAnchorOffset="-12" BAnchorPoint="0" BAnchorOffset="307" RelativeToClient="1" Font="Default" Text="" Template="Default" Name="SlotBacker5" BGColor="ffffffff" TextColor="ffffffff" TooltipColor="">
                    <Control Class="Window" LAnchorPoint="0" LAnchorOffset="0" TAnchorPoint="0" TAnchorOffset="0" RAnchorPoint="1" RAnchorOffset="0" BAnchorPoint="1" BAnchorOffset="0" RelativeToClient="1" Font="Default" Text="" Template="Default" Name="Frame" BGColor="afffffff" TextColor="ffffffff" Picture="1" IgnoreMouse="1" Sprite="BK3:UI_BK3_Holo_InsetSimple" TooltipColor=""/>
                </Control>
                <Control Class="Window" LAnchorPoint="0" LAnchorOffset="0" TAnchorPoint="0" TAnchorOffset="310" RAnchorPoint="1" RAnchorOffset="-11" BAnchorPoint="0" BAnchorOffset="366" RelativeToClient="1" Font="Default" Text="" Template="Default" Name="SlotBacker6" BGColor="ffffffff" TextColor="ffffffff" TooltipColor="">
                    <Control Class="Window" LAnchorPoint="0" LAnchorOffset="0" TAnchorPoint="0" TAnchorOffset="0" RAnchorPoint="1" RAnchorOffset="0" BAnchorPoint="1" BAnchorOffset="0" RelativeToClient="1" Font="Default" Text="" Template="Default" Name="Frame" BGColor="afffffff" TextColor="ffffffff" Picture="1" IgnoreMouse="1" Sprite="BK3:UI_BK3_Holo_InsetSimple" TooltipColor=""/>
                </Control>
                <Control Class="Window" LAnchorPoint="0" LAnchorOffset="0" TAnchorPoint="0" TAnchorOffset="369" RAnchorPoint="1" RAnchorOffset="-10" BAnchorPoint="0" BAnchorOffset="425" RelativeToClient="1" Font="Default" Text="" Template="Default" Name="SlotBacker7" BGColor="ffffffff" TextColor="ffffffff" TooltipColor="">
                    <Control Class="Window" LAnchorPoint="0" LAnchorOffset="0" TAnchorPoint="0" TAnchorOffset="0" RAnchorPoint="1" RAnchorOffset="0" BAnchorPoint="1" BAnchorOffset="0" RelativeToClient="1" Font="Default" Text="" Template="Default" Name="Frame" BGColor="afffffff" TextColor="ffffffff" Picture="1" IgnoreMouse="1" Sprite="BK3:UI_BK3_Holo_InsetSimple" TooltipColor=""/>
                </Control>
            </Control>
            <Control Class="Window" LAnchorPoint="0" LAnchorOffset="113" TAnchorPoint="0" TAnchorOffset="76" RAnchorPoint="1" RAnchorOffset="-43" BAnchorPoint="0" BAnchorOffset="511" RelativeToClient="1" Font="Default" Text="" Template="Default" Name="BGArt_HeaderFrame" BGColor="ffffffff" TextColor="ffffffff" Picture="1" IgnoreMouse="1" Sprite="BK3:UI_BK3_Holo_InsetHeader" TooltipColor=""/>
        </Control>
        <Control Class="MannequinSlotWindow" WhenEmpty="btn_Armor_HeadNormal" EquipmentSlot="2" Font="Thick" LAnchorPoint="0" LAnchorOffset="51" TAnchorPoint="0" TAnchorOffset="93" RAnchorPoint="0" RAnchorOffset="97" BAnchorPoint="0" BAnchorOffset="140" DT_VCENTER="1" DT_CENTER="1" Name="HeadSlot" BGColor="ffffffff" TextColor="ffffffff" IgnoreTooltipDelay="1" NewControlDepth="5" HideInEditor="0" Text="" Tooltip="" TooltipId="Character_HeadEmptyTooltip" TooltipColor="ffc0c0c0" TooltipFont="CRB_InterfaceMedium" TooltipType="OnCursor">
            <Event Name="MouseButtonDown" Function="OnSlotClick"/>
            <Event Name="GenerateTooltip" Function="OnGenerateTooltip"/>
        </Control>
        <Control Class="MannequinSlotWindow" Name="ShoulderSlot" WhenEmpty="btn_Armor_ShoulderNormal" EquipmentSlot="3" Font="Thick" ButtonType="PushButton" LAnchorPoint="0" LAnchorOffset="51" TAnchorPoint="0" TAnchorOffset="152" RAnchorPoint="0" RAnchorOffset="97" BAnchorPoint="0" BAnchorOffset="199" DT_VCENTER="1" DT_CENTER="1" BGColor="ffffffff" TextColor="ffffffff" IgnoreTooltipDelay="1" NewControlDepth="5" HideInEditor="0" Text="" Tooltip="" TooltipId="Character_ShoulderEmptyTooltip" TooltipColor="ffc0c0c0" TooltipFont="CRB_InterfaceMedium" TooltipType="OnCursor">
            <Event Name="MouseButtonDown" Function="OnSlotClick"/>
            <Event Name="GenerateTooltip" Function="OnGenerateTooltip"/>
        </Control>
        <Control Class="MannequinSlotWindow" Name="ChestSlot" WhenEmpty="btn_Armor_ChestNormal" EquipmentSlot="0" Font="Thick" LAnchorPoint="0" LAnchorOffset="51" TAnchorPoint="0" TAnchorOffset="211" RAnchorPoint="0" RAnchorOffset="97" BAnchorPoint="0" BAnchorOffset="258" DT_VCENTER="1" DT_CENTER="1" BGColor="ffffffff" TextColor="ffffffff" IgnoreTooltipDelay="1" NewControlDepth="5" HideInEditor="0" Tooltip="" TooltipId="Character_ChestEmptyTooltip" TooltipColor="ffc0c0c0" TooltipType="OnCursor" TooltipFont="CRB_InterfaceMedium">
            <Event Name="MouseButtonDown" Function="OnSlotClick"/>
            <Event Name="GenerateTooltip" Function="OnGenerateTooltip"/>
        </Control>
        <Control Class="MannequinSlotWindow" Name="HandsSlot" WhenEmpty="btn_Armor_HandsNormal" EquipmentSlot="5" Font="Thick" LAnchorPoint="0" LAnchorOffset="51" TAnchorPoint="0" TAnchorOffset="270" RAnchorPoint="0" RAnchorOffset="96" BAnchorPoint="0" BAnchorOffset="317" DT_VCENTER="1" DT_CENTER="1" BGColor="ffffffff" TextColor="ffffffff" IgnoreTooltipDelay="1" NewControlDepth="5" HideInEditor="0" Tooltip="" TooltipId="Character_HandsEmptyTooltip" TooltipColor="ffc0c0c0" TooltipType="OnCursor" TooltipFont="CRB_InterfaceMedium">
            <Event Name="MouseButtonDown" Function="OnSlotClick"/>
            <Event Name="GenerateTooltip" Function="OnGenerateTooltip"/>
        </Control>
        <Control Class="MannequinSlotWindow" Name="LegsSlot" WhenEmpty="btn_Armor_LegsNormal" EquipmentSlot="1" Font="Thick" LAnchorPoint="0" LAnchorOffset="51" TAnchorPoint="0" TAnchorOffset="329" RAnchorPoint="0" RAnchorOffset="96" BAnchorPoint="0" BAnchorOffset="376" DT_VCENTER="1" DT_CENTER="1" BGColor="ffffffff" TextColor="ffffffff" IgnoreTooltipDelay="1" NewControlDepth="5" HideInEditor="0" Text="" Tooltip="" TooltipId="Character_LegsEmptyTooltip" TooltipColor="ffc0c0c0" TooltipType="OnCursor" TooltipFont="CRB_InterfaceMedium">
            <Event Name="MouseButtonDown" Function="OnSlotClick"/>
            <Event Name="GenerateTooltip" Function="OnGenerateTooltip"/>
        </Control>
        <Control Class="MannequinSlotWindow" Name="FeetSlot" WhenEmpty="btn_Armor_FeetNormal" EquipmentSlot="4" Font="Thick" LAnchorPoint="0" LAnchorOffset="52" TAnchorPoint="0" TAnchorOffset="389" RAnchorPoint="0" RAnchorOffset="97" BAnchorPoint="0" BAnchorOffset="435" DT_VCENTER="1" DT_CENTER="1" BGColor="ffffffff" TextColor="ffffffff" IgnoreTooltipDelay="1" NewControlDepth="5" HideInEditor="0" Tooltip="" TooltipId="Character_FeetEmptyTooltip" TooltipColor="ffc0c0c0" TooltipType="OnCursor" TooltipFont="CRB_InterfaceMedium">
            <Event Name="MouseButtonDown" Function="OnSlotClick"/>
            <Event Name="GenerateTooltip" Function="OnGenerateTooltip"/>
        </Control>
        <Control Class="MannequinSlotWindow" LAnchorPoint="0" LAnchorOffset="52" TAnchorPoint="0" TAnchorOffset="448" RAnchorPoint="0" RAnchorOffset="97" BAnchorPoint="0" BAnchorOffset="494" RelativeToClient="1" Font="Default" Sprite="WhiteFill" Text="" Template="Default" Name="WeaponSlot" BGColor="ffffffff" TextColor="ffffffff" EquipmentSlot="16" IgnoreTooltipDelay="1" NewControlDepth="5" Picture="0" NewWindowDepth="0" WhenEmpty="CharacterWindowSprites:btn_Armor_HandsNormal" TooltipColor="" TooltipType="OnCursor">
            <Event Name="GenerateTooltip" Function="OnGenerateTooltip"/>
        </Control>
        <Control Class="Button" Base="BK3:btnHolo_Close" Font="Thick" ButtonType="PushButton" RadioGroup="" LAnchorPoint="1" LAnchorOffset="-79" TAnchorPoint="0" TAnchorOffset="32" RAnchorPoint="1" RAnchorOffset="-37" BAnchorPoint="0" BAnchorOffset="77" DT_VCENTER="1" DT_CENTER="1" Name="Close" BGColor="ffffffff" TextColor="ffffffff" WindowSoundTemplate="CloseWindowPhys" NormalTextColor="ffffffff" PressedTextColor="ffffffff" FlybyTextColor="ffffffff" PressedFlybyTextColor="ffffffff" DisabledTextColor="ffffffff" NewControlDepth="5" TooltipColor="" Text="">
            <Event Name="ButtonSignal" Function="OnMannequinWindowClose"/>
        </Control>
        <Control Class="CostumeWindow" LAnchorPoint="0" LAnchorOffset="118" TAnchorPoint="0" TAnchorOffset="134" RAnchorPoint="1" RAnchorOffset="-50" BAnchorPoint="1" BAnchorOffset="-43" RelativeToClient="1" Font="Default" Sprite="WhiteFill" Text="" Template="Default" Name="Costume" BGColor="ffffffff" TextColor="ffffffff" Camera="Paperdoll" Animated="1" NewControlDepth="1" HideInEditor="0" Visible="1" TooltipColor=""/>
        <Event Name="WindowClosed" Function="OnWindowClosed"/>
        <Control Class="Button" Base="btn_ArrowTurnLeft" Font="Thick" ButtonType="PushButton" RadioGroup="" LAnchorPoint="0" LAnchorOffset="128" TAnchorPoint="0" TAnchorOffset="476" RAnchorPoint="0" RAnchorOffset="173" BAnchorPoint="0" BAnchorOffset="498" DT_VCENTER="1" DT_CENTER="1" Name="RotateLeft" BGColor="afffffff" TextColor="ffffffff" WindowSoundTemplate="Custom" NormalTextColor="ffffffff" PressedTextColor="ffffffff" FlybyTextColor="ffffffff" PressedFlybyTextColor="ffffffff" DisabledTextColor="ffffffff" TooltipColor="">
            <Event Name="ButtonHoldBegin" Function="OnRotateLeft"/>
            <Event Name="ButtonUp" Function="OnRotateLeftCancel"/>
            <Event Name="ButtonUpCancel" Function="OnRotateLeftCancel"/>
        </Control>
        <Control Class="Button" Base="btn_ArrowTurnRight" Font="Thick" ButtonType="PushButton" RadioGroup="" LAnchorPoint="0" LAnchorOffset="365" TAnchorPoint="0" TAnchorOffset="476" RAnchorPoint="0" RAnchorOffset="411" BAnchorPoint="0" BAnchorOffset="501" DT_VCENTER="1" DT_CENTER="1" Name="RotateRight" BGColor="afffffff" TextColor="ffffffff" WindowSoundTemplate="Custom" NormalTextColor="ffffffff" PressedTextColor="ffffffff" FlybyTextColor="ffffffff" PressedFlybyTextColor="ffffffff" DisabledTextColor="ffffffff" TooltipColor="" Tooltip="">
            <Event Name="ButtonHoldBegin" Function="OnRotateRight"/>
            <Event Name="ButtonUp" Function="OnRotateRightCancel"/>
            <Event Name="ButtonUpCancel" Function="OnRotateRightCancel"/>
        </Control>
        <Control Class="Button" Base="CRB_Basekit:kitBtn_Dropdown_TextBaseHolo" Font="CRB_InterfaceSmall" RadioGroup="" LAnchorPoint="0" LAnchorOffset="168" TAnchorPoint="0" TAnchorOffset="81" RAnchorPoint="0" RAnchorOffset="364" BAnchorPoint="0" BAnchorOffset="107" DT_VCENTER="1" DT_CENTER="1" Name="PoseSelectButton" BGColor="ffffffff" TextColor="ffffffff" TestAlpha="1" WindowSoundTemplate="ToggleDigi02" NormalTextColor="UI_BtnTextBlueNormal" PressedTextColor="UI_BtnTextBluePressed" FlybyTextColor="UI_BtnTextBlueFlyby" PressedFlybyTextColor="UI_BtnTextBluePressedFlyby" DisabledTextColor="UI_BtnTextBlueDisabled" NewControlDepth="4" ButtonType="Check" Text="" TextId="Housing_SelectAPose" TooltipColor="" Visible="1" HideInEditor="0" Tooltip="">
            <Event Name="ButtonCheck" Function="OnPoseSelectCheck"/>
            <Event Name="ButtonUncheck" Function="OnPoseSelectUncheck"/>
        </Control>
        <Control Class="Window" LAnchorPoint="0.5" LAnchorOffset="-88" TAnchorPoint="0" TAnchorOffset="79" RAnchorPoint="0.5" RAnchorOffset="154" BAnchorPoint="0" BAnchorOffset="309" RelativeToClient="1" Font="CRB_InterfaceSmall" Text="" Template="CRB_InnerWindow" Name="PoseListFrame" Border="0" Picture="0" SwallowMouseClicks="1" Moveable="0" Escapable="1" Overlapped="0" BGColor="ffffffff" TextColor="ffffffff" NewWindowDepth="1" UseTemplateBG="0" VScroll="0" CloseOnExternalClick="1" Visible="0" HideInEditor="0" TooltipColor="" NoClip="1">
            <Control Class="Window" LAnchorPoint="0" LAnchorOffset="0" TAnchorPoint="0" TAnchorOffset="0" RAnchorPoint="1" RAnchorOffset="0" BAnchorPoint="1" BAnchorOffset="0" RelativeToClient="1" Font="Default" Text="" Template="Default" Name="BGArt" BGColor="ffffffff" TextColor="ffffffff" TooltipColor="" HideInEditor="0">
                <Control Class="Window" LAnchorPoint="0" LAnchorOffset="0" TAnchorPoint="0" TAnchorOffset="0" RAnchorPoint="1" RAnchorOffset="0" BAnchorPoint="1" BAnchorOffset="0" RelativeToClient="1" Font="Default" Text="" Template="Default" Name="BGART_Base" BGColor="ffffffff" TextColor="ffffffff" Picture="1" IgnoreMouse="1" Sprite="BK3:sprHolo_Alert_Flyout" TooltipColor=""/>
            </Control>
            <Control Class="Window" LAnchorPoint="0" LAnchorOffset="43" TAnchorPoint="0" TAnchorOffset="47" RAnchorPoint="1" RAnchorOffset="-42" BAnchorPoint="1" BAnchorOffset="-47" RelativeToClient="1" Font="Default" Text="" Template="" Name="PoseListFrame" BGColor="ffffffff" TextColor="ffffffff" Border="0" UseTemplateBG="0" VScroll="1" NewControlDepth="3" IgnoreMouse="1" TooltipColor="" HideInEditor="0" Sprite="BK3:UI_BK3_Holo_InsetSimple" Picture="1"/>
            <Control Class="Window" LAnchorPoint="0" LAnchorOffset="45" TAnchorPoint="0" TAnchorOffset="49" RAnchorPoint="1" RAnchorOffset="-44" BAnchorPoint="1" BAnchorOffset="-49" RelativeToClient="1" Font="Default" Text="" Template="Holo_ScrollListSmall" Name="PoseList" BGColor="ffffffff" TextColor="ffffffff" Border="0" UseTemplateBG="0" VScroll="1" NewControlDepth="3" IgnoreMouse="1" TooltipColor="" HideInEditor="0"/>
            <Event Name="WindowClosed" Function="OnPoseWindowClosed"/>
        </Control>
    </Form>
    <Form Class="Window" LAnchorPoint="0" LAnchorOffset="0" TAnchorPoint="0" TAnchorOffset="0" RAnchorPoint="1" RAnchorOffset="0" BAnchorPoint="0" BAnchorOffset="31" RelativeToClient="0" Font="Default" Text="" Template="Default" Name="PoseListItem" Border="0" Picture="0" SwallowMouseClicks="1" Moveable="0" Escapable="0" Overlapped="0" BGColor="ffffffff" TextColor="ffffffff" TextId="" HScroll="0" UseTemplateBG="0" TooltipColor="" Tooltip="">
        <Control Class="Button" Base="BK3:btnHolo_ListView_Mid" Font="CRB_InterfaceSmall" ButtonType="PushButton" RadioGroup="" LAnchorPoint="0" LAnchorOffset="0" TAnchorPoint="0" TAnchorOffset="0" RAnchorPoint="1" RAnchorOffset="-13" BAnchorPoint="1" BAnchorOffset="0" DT_VCENTER="1" DT_CENTER="1" Name="PoseBtn" BGColor="ffffffff" TextColor="ffffffff" NormalTextColor="UI_TextHoloBody" PressedTextColor="ff31fcf6" FlybyTextColor="ff31fcf6" PressedFlybyTextColor="ff98fefc" DisabledTextColor="ff804040" Text="" TextId="" NotRelative="0" TooltipColor="">
            <Event Name="ButtonSignal" Function="OnPoseSelected"/>
        </Control>
    </Form>
</Forms>
