<Forms>
    <Form Class="Window" LAnchorPoint="0" LAnchorOffset="139" TAnchorPoint=".5" TAnchorOffset="-383" RAnchorPoint="0" RAnchorOffset="574" BAnchorPoint=".5" BAnchorOffset="-38" RelativeToClient="1" Font="Default" Text="" Template="Default" Name="PlugPreviewWindow" Border="0" Picture="0" SwallowMouseClicks="1" Moveable="1" Escapable="1" Overlapped="1" BGColor="ffffffff" TextColor="ffffffff" TextId="" Visible="0" TooltipColor="" Tooltip="" Sizable="1">
        <Control Class="Window" LAnchorPoint="0" LAnchorOffset="0" TAnchorPoint="0" TAnchorOffset="0" RAnchorPoint="1" RAnchorOffset="0" BAnchorPoint="1" BAnchorOffset="0" RelativeToClient="1" Font="Default" Text="" Template="Default" Name="BGArt" BGColor="ffffffff" TextColor="ffffffff" TextId="" TooltipColor="">
            <Control Class="Window" LAnchorPoint="0" LAnchorOffset="14" TAnchorPoint="0" TAnchorOffset="9" RAnchorPoint="1" RAnchorOffset="-13" BAnchorPoint="1" BAnchorOffset="-60" RelativeToClient="1" Font="Default" Text="" Template="CRB_NormalFramedThick" Name="BG_BodyFrame" BGColor="ffffffff" TextColor="ffffffff" Border="0" UseTemplateBG="0" IgnoreMouse="1" Picture="1" Sprite="CRB_Basekit:kitBase_HoloHexes_Small" TooltipColor="" />
            <Control Class="Window" LAnchorPoint="0" LAnchorOffset="18" TAnchorPoint="1" TAnchorOffset="-65" RAnchorPoint="1" RAnchorOffset="-17" BAnchorPoint="1" BAnchorOffset="-9" RelativeToClient="1" Font="Default" Text="" Template="Default" Name="BG_Footer" BGColor="ffffffff" TextColor="ffffffff" Picture="1" Sprite="CRB_Basekit:kitFooter_MetalGrey_Square" TooltipColor="" />
            <Event Name="MouseButtonDown" Function="OnClick" />
            <Event Name="MouseButtonUp" Function="OnClick" />
            <Control Class="Window" LAnchorPoint="0" LAnchorOffset="0" TAnchorPoint="0" TAnchorOffset="-1" RAnchorPoint="1" RAnchorOffset="0" BAnchorPoint="1" BAnchorOffset="-1" RelativeToClient="1" Font="Default" Text="" Template="Default" Name="BG_ArtFrame" BGColor="ffffffff" TextColor="ffffffff" Picture="1" IgnoreMouse="1" Sprite="CRB_Basekit:kitInnerFrame_MetalGrey_Medium" TooltipColor="" />
        </Control>
        <Control Class="Button" Base="CRB_Basekit:kitBtn_Close" Font="Thick" ButtonType="PushButton" RadioGroup="" LAnchorPoint="1" LAnchorOffset="-31" TAnchorPoint="0" TAnchorOffset="4" RAnchorPoint="1" RAnchorOffset="-4" BAnchorPoint="0" BAnchorOffset="33" DT_VCENTER="1" DT_CENTER="1" Name="CloseBtn" BGColor="ffffffff" TextColor="ffffffff" NewControlDepth="2" WindowSoundTemplate="CloseWindowPhys" Text="" TextId="" NormalTextColor="ffffffff" PressedTextColor="ffffffff" FlybyTextColor="ffffffff" PressedFlybyTextColor="ffffffff" DisabledTextColor="ffffffff" TooltipColor="" Tooltip="">
            <Event Name="ButtonSignal" Function="OnClosePlugPreviewWindow" />
        </Control>
        <Event Name="WindowClosed" Function="OnWindowClosed" />
        <Control Class="Button" Base="CRB_UIKitSprites:btn_arrowforward" Font="Thick" ButtonType="PushButton" RadioGroup="" LAnchorPoint="1" LAnchorOffset="-48" TAnchorPoint="0.5" TAnchorOffset="-39" RAnchorPoint="1" RAnchorOffset="-19" BAnchorPoint="0.5" BAnchorOffset="-12" DT_VCENTER="1" DT_CENTER="1" TooltipType="OnCursor" Name="NextButton" BGColor="ffffffff" TextColor="ffffffff" TooltipColor="" NormalTextColor="ffffffff" PressedTextColor="ffffffff" FlybyTextColor="ffffffff" PressedFlybyTextColor="ffffffff" DisabledTextColor="ffffffff" Text="">
            <Event Name="ButtonSignal" Function="OnNextButton" />
        </Control>
        <Control Class="Button" Base="CRB_UIKitSprites:btn_arrowback" Font="Thick" ButtonType="PushButton" RadioGroup="" LAnchorPoint="0" LAnchorOffset="24" TAnchorPoint="0.5" TAnchorOffset="-38" RAnchorPoint="0" RAnchorOffset="56" BAnchorPoint="0.5" BAnchorOffset="-10" DT_VCENTER="1" DT_CENTER="1" TooltipType="OnCursor" Name="PreviousButton" BGColor="ffffffff" TextColor="ffffffff" TooltipColor="" NormalTextColor="ffffffff" PressedTextColor="ffffffff" FlybyTextColor="ffffffff" PressedFlybyTextColor="ffffffff" DisabledTextColor="ffffffff">
            <Event Name="ButtonSignal" Function="OnPreviousButton" />
        </Control>
        <Control Class="Window" LAnchorPoint="0" LAnchorOffset="20" TAnchorPoint="0" TAnchorOffset="15" RAnchorPoint="1" RAnchorOffset="-21" BAnchorPoint="1" BAnchorOffset="-67" RelativeToClient="1" Font="Default" Text="" Template="Default" TooltipType="OnCursor" Name="Screenshot01" BGColor="ffffffff" TextColor="ffffffff" TooltipColor="" Sprite="CRB_DEMO_WrapperSprites:sprDemo_CharCEsper" Picture="1" IgnoreMouse="1" Tooltip="" />
    </Form>
</Forms>
