<Forms>
    <Form Class="Window" LAnchorPoint="0" LAnchorOffset="10" TAnchorPoint=".5" TAnchorOffset="-150" RAnchorPoint="0" RAnchorOffset="550" BAnchorPoint=".5" BAnchorOffset="187" RelativeToClient="1" Font="Default" Text="" Template="Default" TooltipType="OnCursor" Name="ClueTrackerForm" Border="0" Picture="0" SwallowMouseClicks="1" Moveable="1" Escapable="0" Overlapped="1" BGColor="white" TextColor="white" TooltipColor="" IgnoreMouse="1" Visible="0" Tooltip="">
        <Control Class="Window" LAnchorPoint="0" LAnchorOffset="4" TAnchorPoint="0" TAnchorOffset="4" RAnchorPoint="1" RAnchorOffset="-4" BAnchorPoint="1" BAnchorOffset="-4" RelativeToClient="1" Font="Default" Text="" Template="Default" TooltipType="OnCursor" Name="BGHolo" BGColor="white" TextColor="white" TooltipColor="" Sprite="BK3:UI_BK3_Holo_Framing_2" Picture="1" IgnoreMouse="1" HideInEditor="0"/>
        <Control Class="Window" LAnchorPoint="0" LAnchorOffset="60" TAnchorPoint="0" TAnchorOffset="50" RAnchorPoint="1" RAnchorOffset="-60" BAnchorPoint="0" BAnchorOffset="84" RelativeToClient="1" Font="CRB_HeaderLarge" Text="Clues" Template="Default" TooltipType="OnCursor" Name="BGTitle" BGColor="white" TextColor="UI_WindowTitleYellow" TooltipColor="" TextId="" DT_CENTER="1" Tooltip=""/>
        <Control Class="Window" LAnchorPoint="0" LAnchorOffset="50" TAnchorPoint="0" TAnchorOffset="83" RAnchorPoint="1" RAnchorOffset="-51" BAnchorPoint="1" BAnchorOffset="-50" RelativeToClient="1" Font="Default" Text="" Template="Holo_ScrollList" TooltipType="OnCursor" Name="ClueFrameScroll" BGColor="white" TextColor="white" TooltipColor="" VScroll="1" IgnoreMouse="1" AutoHideScroll="1" Border="1" Picture="0" Sprite="" NewControlDepth="1" UseTemplateBG="1" Tooltip=""/>
    </Form>
    <Form Class="Window" LAnchorPoint="0" LAnchorOffset="0" TAnchorPoint="0" TAnchorOffset="0" RAnchorPoint="1" RAnchorOffset="0" BAnchorPoint="0" BAnchorOffset="84" RelativeToClient="1" Font="CRB_Dialog_Heading_Huge" Text="" Template="Default" TooltipType="OnCursor" Name="ClueFrame" BGColor="white" TextColor="UI_TextHoloTitle" TooltipColor="" TextId="" Picture="1" IgnoreMouse="1" Sprite="" DT_VCENTER="1" Visible="1" Tooltip="">
        <Control Class="Window" LAnchorPoint="0" LAnchorOffset="0" TAnchorPoint="0" TAnchorOffset="4" RAnchorPoint="1" RAnchorOffset="0" BAnchorPoint="1" BAnchorOffset="-8" RelativeToClient="1" Font="CRB_HeaderGigantic" Text="#1" Template="Default" TooltipType="OnCursor" Name="ClueNumber" BGColor="white" TextColor="UI_TextHoloTitle" TooltipColor="" TextId="" DT_VCENTER="1"/>
        <Control Class="Window" LAnchorPoint="0" LAnchorOffset="39" TAnchorPoint="0" TAnchorOffset="0" RAnchorPoint="1" RAnchorOffset="0" BAnchorPoint="1" BAnchorOffset="-8" RelativeToClient="1" Font="Default" Text="" BGColor="UI_WindowBGDefault" TextColor="UI_WindowTextDefault" Template="Default" TooltipType="OnCursor" Name="ClueFrame" TooltipColor="" Picture="1" IgnoreMouse="1" Sprite="BK3:UI_BK3_Holo_InsetSimple"/>
        <Control Class="MLWindow" LAnchorPoint="0" LAnchorOffset="43" TAnchorPoint="0" TAnchorOffset="5" RAnchorPoint="1" RAnchorOffset="-5" BAnchorPoint="1" BAnchorOffset="-13" RelativeToClient="1" Font="CRB_InterfaceMedium" Text="" Template="Default" TooltipType="OnCursor" Name="ClueText" BGColor="white" TextColor="UI_TextHoloBody" TooltipColor="" TextId="CRB_CC_LibsRace_Draken2" DT_WORDBREAK="1" Picture="0" Sprite=""/>
        <Control Class="Window" LAnchorPoint="0" LAnchorOffset="30" TAnchorPoint="1" TAnchorOffset="-14" RAnchorPoint="1" RAnchorOffset="0" BAnchorPoint="1" BAnchorOffset="6" RelativeToClient="1" Font="Default" Text="" Template="Default" TooltipType="OnCursor" Name="ClueSeparator" BGColor="white" TextColor="white" TooltipColor="" Picture="1" IgnoreMouse="1" Sprite="BK3:UI_BK3_Holo_InsetDividerBright_H"/>
    </Form>
</Forms>
