<Forms>
    <Form Class="Window" LAnchorPoint="1" LAnchorOffset="-215" TAnchorPoint="0" TAnchorOffset="9" RAnchorPoint="1" RAnchorOffset="-11" BAnchorPoint="0" BAnchorOffset="213" RelativeToClient="1" Font="Default" Text="" Template="Default" Name="Minimap" Border="0" Picture="0" SwallowMouseClicks="1" Moveable="1" Escapable="0" Overlapped="1" BGColor="ffffffff" TextColor="ffffffff" NeverBringToFront="0" Tooltip="" TooltipId="" LeftEdgeControlsAnchor="Minimap_Left" TopEdgeControlsAnchor="Minimap_Top" RightEdgeControlsAnchor="Minimap_Right" TooltipColor="" Sizable="1" MaintainAspectRatio="1" BottomEdgeControlsAnchor="Minimap_Bottom">
        <Control Class="Window" LAnchorPoint="0.06863" LAnchorOffset="0" TAnchorPoint="0.77451" TAnchorOffset="0" RAnchorPoint="0.06863" RAnchorOffset="18" BAnchorPoint="0.77451" BAnchorOffset="18" RelativeToClient="1" Font="Default" Text="" Template="Default" TooltipType="OnCursor" Name="MiniMapResizeArtForPixie" BGColor="ffffffff" TextColor="ffffffff" TooltipColor="" Sprite="CRB_MinimapSprites:btnMM_ResizeToggleNormal" Picture="1" IgnoreMouse="1" Visible="0" TransitionShowHide="1"/>
        <Control Class="Window" LAnchorPoint="0" LAnchorOffset="-30" TAnchorPoint="0" TAnchorOffset="-32" RAnchorPoint="1" RAnchorOffset="30" BAnchorPoint="1" BAnchorOffset="21" RelativeToClient="0" Font="Default" Text="" Template="Default" Name="MapRingBackground" BGColor="ffffffff" TextColor="ffffffff" Border="0" IgnoreMouse="1" Picture="0" Sprite="CRB_MinimapSprites:sprMM_Ring" VScroll="0" Scalable="0" NoClip="1" NewWindowDepth="0" Visible="1" HideInEditor="0" AutoFade="1" NeverBringToFront="1" NewControlDepth="1" TooltipColor="" Tooltip="">
            <Pixie LAnchorPoint="0" LAnchorOffset="0" TAnchorPoint="0" TAnchorOffset="0" RAnchorPoint="1" RAnchorOffset="0" BAnchorPoint="1" BAnchorOffset="0" BGColor="ffffffff" Font="Default" TextColor="ffffffff" Text="" Sprite="CRB_MinimapSprites:sprMM_Ring" Line="0"/>
        </Control>
        <Control Class="MiniMapWindow" LAnchorPoint="0" LAnchorOffset="0" TAnchorPoint="0" TAnchorOffset="0" RAnchorPoint="1" RAnchorOffset="0" BAnchorPoint="1" BAnchorOffset="0" RelativeToClient="1" Font="Default" Text="" Template="Default" Name="MapContent" BGColor="ffffffff" TextColor="ffffffff" Sprite="" Picture="0" NewControlDepth="2" Mask="ui\textures\UI_CRB_HUD_MiniMap_Mask.tex" CircularItems="1" ItemRadius="0.700000" IgnoreMouse="1" NewWindowDepth="0" TooltipType="OnCursor" MapOrientation="0" TooltipColor="" Tooltip="" MaintainAspectRatio="1" IgnoreTooltipDelay="1">
            <Event Name="GenerateTooltip" Function="OnGenerateTooltip"/>
            <Event Name="MouseButtonDown" Function="OnMapClick"/>
        </Control>
        <Control Class="Window" LAnchorPoint="0" LAnchorOffset="4" TAnchorPoint="1" TAnchorOffset="-47" RAnchorPoint="1" RAnchorOffset="-3" BAnchorPoint="1" BAnchorOffset="-31" RelativeToClient="0" Font="CRB_InterfaceSmall_O" Text="" Template="Default" Name="MapZoneName" BGColor="ffffffff" TextColor="ffffffff" NewControlDepth="3" DT_VCENTER="1" DT_CENTER="1" IgnoreMouse="1" NoClip="1" NewWindowDepth="1" TooltipColor="" TextId="CRB_Ability_Description"/>
        <Control Class="Window" LAnchorPoint="0" LAnchorOffset="4" TAnchorPoint="1" TAnchorOffset="-33" RAnchorPoint="1" RAnchorOffset="-3" BAnchorPoint="1" BAnchorOffset="-17" RelativeToClient="0" Font="CRB_InterfaceSmall_O" Text="" Template="Default" Name="MapZonePvPFlag" BGColor="ffffffff" TextColor="UI_BtnTextHoloPressedFlyby" NewControlDepth="3" DT_VCENTER="1" DT_CENTER="1" IgnoreMouse="1" NoClip="1" NewWindowDepth="1" TooltipColor="" TextId="ChallengeRewardBtn"/>
        <Control Class="Window" LAnchorPoint="1" LAnchorOffset="-79" TAnchorPoint="1" TAnchorOffset="-69" RAnchorPoint="1" RAnchorOffset="0" BAnchorPoint="1" BAnchorOffset="0" RelativeToClient="1" Font="Default" Text="" Template="Default" Name="ButtonContainer" BGColor="ffffffff" TextColor="ffffffff" AutoFadeBG="0" AutoFadeNC="0" AutoFade="0" NewControlDepth="3" TooltipColor="" IgnoreMouse="1">
            <Control Class="Button" Base="CRB_MinimapSprites:btnMM_ZoomIn" Font="Thick" ButtonType="PushButton" RadioGroup="" LAnchorPoint="1" LAnchorOffset="-46" TAnchorPoint="1" TAnchorOffset="-30" RAnchorPoint="1" RAnchorOffset="-27" BAnchorPoint="1" BAnchorOffset="-9" DT_VCENTER="1" DT_CENTER="1" Name="ZoomInButton" BGColor="ffffffff" TextColor="ffffffff" NoClip="1" NewControlDepth="2" NewWindowDepth="1" Tooltip="" TooltipId="CRB_Zoom_In" TooltipType="OnCursor" NormalTextColor="ffffffff" PressedTextColor="ffffffff" FlybyTextColor="ffffffff" PressedFlybyTextColor="ffffffff" DisabledTextColor="ffffffff" TestAlpha="1" TooltipColor="white" TooltipFont="CRB_InterfaceSmall_O" Visible="0" TransitionShowHide="1" RelativeToClient="1">
                <Event Name="ButtonSignal" Function="OnPlusBtn"/>
            </Control>
            <Control Class="Button" Base="CRB_MinimapSprites:btnMM_ZoomOut" Font="Thick" ButtonType="PushButton" RadioGroup="" LAnchorPoint="1" LAnchorOffset="-32" TAnchorPoint="1" TAnchorOffset="-43" RAnchorPoint="1" RAnchorOffset="-12" BAnchorPoint="1" BAnchorOffset="-22" DT_VCENTER="1" DT_CENTER="1" Name="ZoomOutButton" BGColor="ffffffff" TextColor="ffffffff" NoClip="1" NewControlDepth="2" NewWindowDepth="1" Tooltip="" TooltipId="CRB_MiniMap_ZoomOutBtn" TooltipType="OnCursor" NormalTextColor="ffffffff" PressedTextColor="ffffffff" FlybyTextColor="ffffffff" PressedFlybyTextColor="ffffffff" DisabledTextColor="ffffffff" TestAlpha="1" TooltipColor="white" TooltipFont="CRB_InterfaceSmall_O" Visible="0" TransitionShowHide="1" RelativeToClient="1">
                <Event Name="ButtonSignal" Function="OnMinusBtn"/>
            </Control>
            <Control Class="Button" Base="CRB_MinimapSprites:btnMM_ToggleMenu" Font="Thick" ButtonType="Check" RadioGroup="" LAnchorPoint="1" LAnchorOffset="-68" TAnchorPoint="1" TAnchorOffset="-19" RAnchorPoint="1" RAnchorOffset="-42" BAnchorPoint="1" BAnchorOffset="6" DT_VCENTER="1" DT_CENTER="1" Name="MapMenuButton" BGColor="ffffffff" TextColor="ffffffff" NoClip="1" WindowSoundTemplate="PushbuttonDigi01" NewControlDepth="2" NewWindowDepth="1" Tooltip="" TooltipId="CRB_MiniMap_MapMenuBtn" TooltipType="OnCursor" NormalTextColor="ffffffff" PressedTextColor="ffffffff" FlybyTextColor="ffffffff" PressedFlybyTextColor="ffffffff" DisabledTextColor="ffffffff" TestAlpha="1" TooltipColor="white" TooltipFont="CRB_InterfaceSmall_O" Visible="0" TransitionShowHide="1">
                <Event Name="ButtonCheck" Function="OnMenuBtnToggle"/>
                <Event Name="ButtonUncheck" Function="OnMenuBtnToggle"/>
            </Control>
            <Control Class="Button" Base="CRB_MinimapSprites:btnMM_ToggleMap" Font="Thick" ButtonType="PushButton" RadioGroup="" LAnchorPoint="1" LAnchorOffset="-21" TAnchorPoint="1" TAnchorOffset="-62" RAnchorPoint="1" RAnchorOffset="6" BAnchorPoint="1" BAnchorOffset="-37" DT_VCENTER="1" DT_CENTER="1" Name="MapToggleBtn" BGColor="ffffffff" TextColor="ffffffff" NoClip="1" WindowSoundTemplate="PushbuttonDigi01" NewControlDepth="2" NewWindowDepth="1" Tooltip="" TooltipId="CRB_Open_the_Map" TooltipType="OnCursor" Text="" TextId="" NormalTextColor="ffffffff" PressedTextColor="ffffffff" FlybyTextColor="ffffffff" PressedFlybyTextColor="ffffffff" DisabledTextColor="ffffffff" TestAlpha="1" TooltipColor="white" TooltipFont="CRB_InterfaceSmall_O" Visible="0" RelativeToClient="1" TransitionShowHide="1">
                <Event Name="ButtonSignal" Function="OnMapToggleBtn"/>
            </Control>
        </Control>
        <Control Class="Window" LAnchorPoint="0" LAnchorOffset="30" TAnchorPoint="1" TAnchorOffset="8" RAnchorPoint="1" RAnchorOffset="-30" BAnchorPoint="1" BAnchorOffset="24" RelativeToClient="0" Font="CRB_InterfaceSmall_O" Text="" Template="Default" Name="RangeToTargetLabel" BGColor="ffffffff" TextColor="ffffffff" NewControlDepth="3" DT_VCENTER="1" DT_CENTER="1" IgnoreMouse="1" NoClip="1" NewWindowDepth="1" TextId="Challenges_NoProgress" Visible="0" TooltipColor="" HideInEditor="1" Tooltip=""/>
        <Control Class="Button" Base="CRB_MinimapSprites:btnMM_ToggleMapGhost" Font="Thick" ButtonType="PushButton" RadioGroup="" LAnchorPoint="1" LAnchorOffset="-21" TAnchorPoint="1" TAnchorOffset="-62" RAnchorPoint="1" RAnchorOffset="8" BAnchorPoint="1" BAnchorOffset="-35" DT_VCENTER="1" DT_CENTER="1" Name="MapToggleBtnOverlay" BGColor="ffffffff" TextColor="ffffffff" NoClip="1" WindowSoundTemplate="PushbuttonDigi01" NewControlDepth="5" NewWindowDepth="1" Tooltip="" TooltipId="CRB_Restore_the_Map" TooltipType="OnCursor" HideInEditor="1" Visible="0" Text="" TextId="" NormalTextColor="ffffffff" PressedTextColor="ffffffff" FlybyTextColor="ffffffff" PressedFlybyTextColor="ffffffff" DisabledTextColor="ffffffff" TestAlpha="1" TooltipColor="">
            <Event Name="ButtonSignal" Function="OnMapToggleBtn"/>
            <Control Class="Window" LAnchorPoint="0" LAnchorOffset="-14" TAnchorPoint="0" TAnchorOffset="-13" RAnchorPoint="1" RAnchorOffset="9" BAnchorPoint="1" BAnchorOffset="10" RelativeToClient="1" Font="Default" Text="" Template="Default" Name="OverlaySprite" BGColor="ffffffff" TextColor="ffffffff" Picture="1" IgnoreMouse="1" Sprite="CRB_DatachronSprites:sprDC_BlueFlashPlayRing" NoClip="1" HideInEditor="0" NewWindowDepth="0" TooltipColor=""/>
        </Control>
        <Pixie LAnchorPoint="0.06863" LAnchorOffset="0" TAnchorPoint="0.77451" TAnchorOffset="0" RAnchorPoint="0.06863" RAnchorOffset="18" BAnchorPoint="0.77451" BAnchorOffset="18" BGColor="9dffffff" Font="Default" TextColor="ffffffff" Text="" Sprite="" Line="0" ResizeHandle="7" Rotation="0"/>
        <Control Class="Window" LAnchorPoint="0" LAnchorOffset="0" TAnchorPoint="0" TAnchorOffset="0" RAnchorPoint="1" RAnchorOffset="0" BAnchorPoint="1" BAnchorOffset="0" RelativeToClient="1" Font="Default" Text="" Template="Default" TooltipType="OnCursor" Name="MinimapMouseCatcher" BGColor="ffffffff" TextColor="ffffffff" TooltipColor="">
            <Event Name="MouseEnter" Function="OnMiniMapMouseEnter"/>
            <Event Name="MouseExit" Function="OnMiniMapMouseExit"/>
        </Control>
    </Form>
    <Form Class="Window" LAnchorPoint="Minimap_Right" LAnchorOffset="-210" TAnchorPoint="Minimap_Bottom" TAnchorOffset="5" RAnchorPoint="Minimap_Right" RAnchorOffset="-40" BAnchorPoint="Minimap_Bottom" BAnchorOffset="461" RelativeToClient="1" Font="Default" Text="" Template="CRB_NormalFramedThin" Name="MinimapOptions" BGColor="ffffffff" TextColor="ffffffff" Border="0" IgnoreMouse="1" NoClip="1" UseTemplateBG="0" Visible="0" AutoFade="0" TransitionShowHide="0" HideInEditor="0" NewWindowDepth="1" Escapable="1" Overlapped="1" LeftEdgeControlsAnchor="" RightEdgeControlsAnchor="" TopEdgeControlsAnchor="" BottomEdgeControlsAnchor="" TooltipColor="" CloseOnExternalClick="1" Tooltip="" TextId="Macro_NewHeader">
        <Event Name="MouseExit" Function="OnMenuMouseExit"/>
        <Control Class="Window" LAnchorPoint="0" LAnchorOffset="0" TAnchorPoint="0" TAnchorOffset="0" RAnchorPoint="1" RAnchorOffset="0" BAnchorPoint="1" BAnchorOffset="90" RelativeToClient="1" Font="Default" Text="" Template="CRB_NormalFramedThin" Name="MapOptionsWindow" BGColor="ffffffff" TextColor="ffffffff" Border="0" IgnoreMouse="1" NoClip="1" UseTemplateBG="0" Visible="1" AutoFade="0" TransitionShowHide="1" HideInEditor="0" NewWindowDepth="1" TooltipColor="" Tooltip="">
            <Control Class="Window" LAnchorPoint="0" LAnchorOffset="0" TAnchorPoint="0" TAnchorOffset="1" RAnchorPoint="1" RAnchorOffset="0" BAnchorPoint="1" BAnchorOffset="1" RelativeToClient="1" Font="Default" Text="" Template="Default" Name="OptionsBGTex" BGColor="ffffffff" TextColor="ffffffff" Picture="0" IgnoreMouse="1" Sprite="CRB_UIKitSprites:spr_baseframeTHIN" TooltipColor="" Tooltip=""/>
            <Control Class="Window" LAnchorPoint="0" LAnchorOffset="6" TAnchorPoint="0" TAnchorOffset="72" RAnchorPoint="1" RAnchorOffset="-6" BAnchorPoint="0" BAnchorOffset="87" RelativeToClient="1" Font="Default" Text="" Template="Default" Name="Divider1" BGColor="ffffffff" TextColor="ffffffff" Picture="1" IgnoreMouse="1" Sprite="CRB_Basekit:kitDivider_Horiz_HoloDashed" NewWindowDepth="1" NewControlDepth="3" TooltipColor="" NoClip="1" Visible="0" HideInEditor="1"/>
            <Control Class="Button" Base="CRB_Basekit:kitBtn_List_HoloRadio" Font="CRB_InterfaceSmall" ButtonType="Check" RadioGroup="" LAnchorPoint="0" LAnchorOffset="7" TAnchorPoint="0" TAnchorOffset="28" RAnchorPoint="1" RAnchorOffset="-7" BAnchorPoint="0" BAnchorOffset="54" DT_VCENTER="1" DT_CENTER="1" Name="OptionsBtnRotate" BGColor="ffffffff" TextColor="ffffffff" WindowSoundTemplate="PushbuttonDigi01" DrawAsCheckbox="0" Text="" TextId="CRB_Rotate_Map" NormalTextColor="UI_TextHoloBody" PressedTextColor="ffa0fefc" FlybyTextColor="ff31fcf6" PressedFlybyTextColor="ffffffff" DisabledTextColor="ffffffff" TooltipColor="" RelativeToClient="1">
                <Control Class="Window" LAnchorPoint="0" LAnchorOffset="-3" TAnchorPoint="0" TAnchorOffset="-2" RAnchorPoint="0" RAnchorOffset="31" BAnchorPoint="0" BAnchorOffset="31" RelativeToClient="1" Font="Default" Text="" Template="Default" Name="Image" BGColor="ffffffff" TextColor="ffffffff" Picture="1" IgnoreMouse="1" Sprite="CRB_UIKitSprites:btn_radioSMALLNormal" TooltipColor="" Visible="0" HideInEditor="1"/>
                <Event Name="ButtonCheck" Function="OnRotateMapCheck"/>
                <Event Name="ButtonUncheck" Function="OnRotateMapUncheck"/>
            </Control>
            <Control Class="Button" Base="CRB_Basekit:kitBtn_Holo_DatachronOption" Font="CRB_InterfaceMedium" ButtonType="Check" RadioGroup="" LAnchorPoint="0" LAnchorOffset="5" TAnchorPoint="0" TAnchorOffset="47" RAnchorPoint="1" RAnchorOffset="-5" BAnchorPoint="0" BAnchorOffset="73" DT_VCENTER="1" DT_CENTER="0" Name="OptionsBtnRange" BGColor="ffffffff" TextColor="ffffffff" WindowSoundTemplate="PushbuttonDigi01" DrawAsCheckbox="0" Text="" TextId="" NormalTextColor="ffffffff" PressedTextColor="ffffffff" FlybyTextColor="ffffffff" PressedFlybyTextColor="ffffffff" DisabledTextColor="ffffffff" Tooltip="" TooltipId="" TooltipColor="" HideInEditor="1" Visible="0">
                <Control Class="Window" LAnchorPoint="0" LAnchorOffset="-3" TAnchorPoint="0" TAnchorOffset="-2" RAnchorPoint="0" RAnchorOffset="31" BAnchorPoint="0" BAnchorOffset="31" RelativeToClient="1" Font="Default" Text="" Template="Default" Name="Image" BGColor="ffffffff" TextColor="ffffffff" Picture="1" IgnoreMouse="1" Sprite="CRB_UIKitSprites:btn_radioSMALLNormal" Tooltip="" TooltipId=""/>
                <Event Name="ButtonCheck" Function="OnRangeFinderCheck"/>
                <Event Name="ButtonUncheck" Function="OnRangeFinderUncheck"/>
            </Control>
            <Control Class="Button" Base="CRB_Basekit:kitBtn_Holo_DatachronOption" Font="CRB_InterfaceMedium" ButtonType="Check" RadioGroup="" LAnchorPoint="0" LAnchorOffset="8" TAnchorPoint="0" TAnchorOffset="58" RAnchorPoint="1" RAnchorOffset="-8" BAnchorPoint="0" BAnchorOffset="84" DT_VCENTER="1" DT_CENTER="0" Name="OptionsBtnQuests" BGColor="ffffffff" TextColor="ffffffff" WindowSoundTemplate="PushbuttonDigi01" DrawAsCheckbox="0" Text="" TextId="MiniMap_QuestNPCs" NormalTextColor="UI_BtnTextHoloNormal" PressedTextColor="UI_BtnTextHoloPressed" FlybyTextColor="UI_BtnTextHoloNormal" PressedFlybyTextColor="UI_BtnTextHoloPressedFlyby" DisabledTextColor="ffffffff" Tooltip="" TooltipId="" TooltipColor="">
                <Control Class="Window" LAnchorPoint="0" LAnchorOffset="4" TAnchorPoint="0" TAnchorOffset="1" RAnchorPoint="0" RAnchorOffset="31" BAnchorPoint="0" BAnchorOffset="25" RelativeToClient="1" Font="Default" Text="" Template="Default" Name="Image" BGColor="ffffffff" TextColor="ffffffff" Picture="1" IgnoreMouse="1" Sprite="CRB_MinimapSprites:sprMM_QuestGiver" Tooltip="" TooltipId="" NewControlDepth="3" TooltipColor=""/>
                <Event Name="ButtonCheck" Function="OnFilterOptionCheck"/>
                <Event Name="ButtonUncheck" Function="OnFilterOptionUncheck"/>
            </Control>
            <Control Class="Button" Base="CRB_Basekit:kitBtn_Holo_DatachronOption" Font="CRB_InterfaceMedium" ButtonType="Check" RadioGroup="" LAnchorPoint="0" LAnchorOffset="8" TAnchorPoint="0" TAnchorOffset="85" RAnchorPoint="1" RAnchorOffset="-8" BAnchorPoint="0" BAnchorOffset="111" DT_VCENTER="1" DT_CENTER="0" Name="OptionsBtnTracked" BGColor="ffffffff" TextColor="ffffffff" WindowSoundTemplate="PushbuttonDigi01" DrawAsCheckbox="0" Text="" TextId="MiniMap_TrackedQuests" NormalTextColor="UI_BtnTextHoloNormal" PressedTextColor="UI_BtnTextHoloPressed" FlybyTextColor="UI_BtnTextHoloNormal" PressedFlybyTextColor="UI_BtnTextHoloPressedFlyby" DisabledTextColor="ffffffff" Tooltip="" TooltipId="" TooltipColor="">
                <Control Class="Window" LAnchorPoint="0" LAnchorOffset="1" TAnchorPoint="0" TAnchorOffset="-2" RAnchorPoint="0" RAnchorOffset="32" BAnchorPoint="0" BAnchorOffset="29" RelativeToClient="1" Font="Default" Text="" Template="Default" Name="Image" BGColor="ffffffff" TextColor="ffffffff" Picture="1" IgnoreMouse="1" Sprite="CRB_MinimapSprites:sprMM_QuestTracked" Tooltip="" TooltipId="" NewControlDepth="3" TooltipColor=""/>
                <Event Name="ButtonCheck" Function="OnFilterOptionCheck"/>
                <Event Name="ButtonUncheck" Function="OnFilterOptionUncheck"/>
            </Control>
            <Control Class="Button" Base="CRB_Basekit:kitBtn_Holo_DatachronOption" Font="CRB_InterfaceMedium" ButtonType="Check" RadioGroup="" LAnchorPoint="0" LAnchorOffset="8" TAnchorPoint="0" TAnchorOffset="112" RAnchorPoint="1" RAnchorOffset="-8" BAnchorPoint="0" BAnchorOffset="138" DT_VCENTER="1" DT_CENTER="0" Name="OptionsBtnMissions" BGColor="ffffffff" TextColor="ffffffff" WindowSoundTemplate="PushbuttonDigi01" DrawAsCheckbox="0" Text="" TextId="MiniMap_Missions" NormalTextColor="UI_BtnTextHoloNormal" PressedTextColor="UI_BtnTextHoloPressed" FlybyTextColor="UI_BtnTextHoloNormal" PressedFlybyTextColor="UI_BtnTextHoloPressedFlyby" DisabledTextColor="ffffffff" Tooltip="" TooltipId="" TooltipColor="">
                <Control Class="Window" LAnchorPoint="0" LAnchorOffset="3" TAnchorPoint="0" TAnchorOffset="-1" RAnchorPoint="0" RAnchorOffset="31" BAnchorPoint="0" BAnchorOffset="27" RelativeToClient="1" Font="Default" Text="" Template="Default" Name="Image_Explorer" BGColor="ffffffff" TextColor="ffffffff" Picture="1" IgnoreMouse="1" Sprite="CRB_MinimapSprites:sprMM_SmallIconExplorer" Tooltip="" TooltipId="" NewControlDepth="3" Visible="0" HideInEditor="0" TooltipColor=""/>
                <Event Name="ButtonCheck" Function="OnFilterOptionCheck"/>
                <Event Name="ButtonUncheck" Function="OnFilterOptionUncheck"/>
                <Control Class="Window" LAnchorPoint="0" LAnchorOffset="5" TAnchorPoint="0" TAnchorOffset="0" RAnchorPoint="0" RAnchorOffset="33" BAnchorPoint="0" BAnchorOffset="28" RelativeToClient="1" Font="Default" Text="" Template="Default" Name="Image_Soldier" BGColor="ffffffff" TextColor="ffffffff" Picture="1" IgnoreMouse="1" Sprite="CRB_MinimapSprites:sprMM_SmallIconSoldier" Tooltip="" TooltipId="" NewControlDepth="3" Visible="0" HideInEditor="0" TooltipColor=""/>
                <Control Class="Window" LAnchorPoint="0" LAnchorOffset="4" TAnchorPoint="0" TAnchorOffset="-1" RAnchorPoint="0" RAnchorOffset="32" BAnchorPoint="0" BAnchorOffset="27" RelativeToClient="1" Font="Default" Text="" Template="Default" Name="Image_Settler" BGColor="ffffffff" TextColor="ffffffff" Picture="1" IgnoreMouse="1" Sprite="CRB_MinimapSprites:sprMM_SmallIconSettler" Tooltip="" TooltipId="" NewControlDepth="3" Visible="0" HideInEditor="0" TooltipColor=""/>
                <Control Class="Window" LAnchorPoint="0" LAnchorOffset="4" TAnchorPoint="0" TAnchorOffset="-1" RAnchorPoint="0" RAnchorOffset="32" BAnchorPoint="0" BAnchorOffset="27" RelativeToClient="1" Font="Default" Text="" Template="Default" Name="Image_Scientist" BGColor="ffffffff" TextColor="ffffffff" Picture="1" IgnoreMouse="1" Sprite="CRB_MinimapSprites:sprMM_SmallIconScientist" Tooltip="" TooltipId="" NewControlDepth="3" Visible="0" HideInEditor="0" TooltipColor=""/>
            </Control>
            <Control Class="Button" Base="CRB_Basekit:kitBtn_Holo_DatachronOption" Font="CRB_InterfaceMedium" ButtonType="Check" RadioGroup="" LAnchorPoint="0" LAnchorOffset="8" TAnchorPoint="0" TAnchorOffset="139" RAnchorPoint="1" RAnchorOffset="-8" BAnchorPoint="0" BAnchorOffset="165" DT_VCENTER="1" DT_CENTER="0" Name="OptionsBtnChallenges" BGColor="ffffffff" TextColor="ffffffff" WindowSoundTemplate="PushbuttonDigi01" DrawAsCheckbox="0" Text="" TextId="MiniMap_Challenges" NormalTextColor="UI_BtnTextHoloNormal" PressedTextColor="UI_BtnTextHoloPressed" FlybyTextColor="UI_BtnTextHoloNormal" PressedFlybyTextColor="UI_BtnTextHoloPressedFlyby" DisabledTextColor="ffffffff" Tooltip="" TooltipId="" TooltipColor="">
                <Control Class="Window" LAnchorPoint="0" LAnchorOffset="8" TAnchorPoint="0" TAnchorOffset="4" RAnchorPoint="0" RAnchorOffset="26" BAnchorPoint="0" BAnchorOffset="22" RelativeToClient="1" Font="Default" Text="" Template="Default" Name="Image" BGColor="ffffffff" TextColor="ffffffff" Picture="1" IgnoreMouse="1" Sprite="CRB_ChallengeTrackerSprites:sprChallengeTypeGenericLarge" Tooltip="" TooltipId="" NewControlDepth="3" TooltipColor=""/>
                <Event Name="ButtonCheck" Function="OnFilterOptionCheck"/>
                <Event Name="ButtonUncheck" Function="OnFilterOptionUncheck"/>
            </Control>
            <Control Class="Button" Base="CRB_Basekit:kitBtn_Holo_DatachronOption" Font="CRB_InterfaceMedium" ButtonType="Check" RadioGroup="" LAnchorPoint="0" LAnchorOffset="8" TAnchorPoint="0" TAnchorOffset="166" RAnchorPoint="1" RAnchorOffset="-8" BAnchorPoint="0" BAnchorOffset="192" DT_VCENTER="1" DT_CENTER="0" Name="OptionsBtnPublicEvents" BGColor="ffffffff" TextColor="ffffffff" WindowSoundTemplate="PushbuttonDigi01" DrawAsCheckbox="0" Text="" TextId="MiniMap_PublicEvents" NormalTextColor="UI_BtnTextHoloNormal" PressedTextColor="UI_BtnTextHoloPressed" FlybyTextColor="UI_BtnTextHoloNormal" PressedFlybyTextColor="UI_BtnTextHoloPressedFlyby" DisabledTextColor="ffffffff" Tooltip="" TooltipId="" TooltipColor="">
                <Control Class="Window" LAnchorPoint="0" LAnchorOffset="8" TAnchorPoint="0" TAnchorOffset="4" RAnchorPoint="0" RAnchorOffset="26" BAnchorPoint="0" BAnchorOffset="22" RelativeToClient="1" Font="Default" Text="" Template="Default" Name="Image" BGColor="ffffffff" TextColor="ffffffff" Picture="1" IgnoreMouse="1" Sprite="CRB_MinimapSprites:sprMM_POI" Tooltip="" TooltipId="" NewControlDepth="3" TooltipColor=""/>
                <Event Name="ButtonCheck" Function="OnFilterOptionCheck"/>
                <Event Name="ButtonUncheck" Function="OnFilterOptionUncheck"/>
            </Control>
            <Control Class="Button" Base="CRB_Basekit:kitBtn_Holo_DatachronOption" Font="CRB_InterfaceMedium" ButtonType="Check" RadioGroup="" LAnchorPoint="0" LAnchorOffset="8" TAnchorPoint="0" TAnchorOffset="193" RAnchorPoint="1" RAnchorOffset="-8" BAnchorPoint="0" BAnchorOffset="219" DT_VCENTER="1" DT_CENTER="0" Name="OptionsBtnVendors" BGColor="ffffffff" TextColor="ffffffff" WindowSoundTemplate="PushbuttonDigi01" DrawAsCheckbox="0" Text="" TextId="MiniMap_Vendors" NormalTextColor="UI_BtnTextHoloNormal" PressedTextColor="UI_BtnTextHoloPressed" FlybyTextColor="UI_BtnTextHoloNormal" PressedFlybyTextColor="UI_BtnTextHoloPressedFlyby" DisabledTextColor="ffffffff" Tooltip="" TooltipId="" TooltipColor="">
                <Control Class="Window" LAnchorPoint="0" LAnchorOffset="6" TAnchorPoint="0" TAnchorOffset="2" RAnchorPoint="0" RAnchorOffset="28" BAnchorPoint="0" BAnchorOffset="25" RelativeToClient="1" Font="Default" Text="" Template="Default" Name="Image" BGColor="ffffffff" TextColor="ffffffff" Picture="1" IgnoreMouse="1" Sprite="CRB_MinimapSprites:sprMM_VendorGeneral" Tooltip="" TooltipId="" NewControlDepth="3" TooltipColor=""/>
                <Event Name="ButtonCheck" Function="OnFilterOptionCheck"/>
                <Event Name="ButtonUncheck" Function="OnFilterOptionUncheck"/>
            </Control>
            <Control Class="Button" Base="CRB_Basekit:kitBtn_Holo_DatachronOption" Font="CRB_InterfaceMedium" ButtonType="Check" RadioGroup="" LAnchorPoint="0" LAnchorOffset="8" TAnchorPoint="0" TAnchorOffset="220" RAnchorPoint="1" RAnchorOffset="-8" BAnchorPoint="0" BAnchorOffset="246" DT_VCENTER="1" DT_CENTER="0" Name="OptionsBtnInstancePortals" BGColor="ffffffff" TextColor="ffffffff" WindowSoundTemplate="PushbuttonDigi01" DrawAsCheckbox="0" Text="" TextId="MiniMap_InstancePortals" NormalTextColor="UI_BtnTextHoloNormal" PressedTextColor="UI_BtnTextHoloPressed" FlybyTextColor="UI_BtnTextHoloNormal" PressedFlybyTextColor="UI_BtnTextHoloPressedFlyby" DisabledTextColor="ffffffff" Tooltip="" TooltipId="" TooltipColor="">
                <Control Class="Window" LAnchorPoint="0" LAnchorOffset="4" TAnchorPoint="0" TAnchorOffset="0" RAnchorPoint="0" RAnchorOffset="30" BAnchorPoint="0" BAnchorOffset="27" RelativeToClient="1" Font="Default" Text="" Template="Default" Name="Image" BGColor="ffffffff" TextColor="ffffffff" Picture="1" IgnoreMouse="1" Sprite="CRB_MinimapSprites:sprMM_InstancePortal" Tooltip="" TooltipId="" NewControlDepth="3" TooltipColor=""/>
                <Event Name="ButtonCheck" Function="OnFilterOptionCheck"/>
                <Event Name="ButtonUncheck" Function="OnFilterOptionUncheck"/>
            </Control>
            <Control Class="Button" Base="CRB_Basekit:kitBtn_Holo_DatachronOption" Font="CRB_InterfaceMedium" ButtonType="Check" RadioGroup="" LAnchorPoint="0" LAnchorOffset="8" TAnchorPoint="0" TAnchorOffset="247" RAnchorPoint="1" RAnchorOffset="-8" BAnchorPoint="0" BAnchorOffset="273" DT_VCENTER="1" DT_CENTER="0" Name="OptionsBtnBindPoints" BGColor="ffffffff" TextColor="ffffffff" WindowSoundTemplate="PushbuttonDigi01" DrawAsCheckbox="0" Text="" TextId="MiniMap_BindPoints" NormalTextColor="UI_BtnTextHoloNormal" PressedTextColor="UI_BtnTextHoloPressed" FlybyTextColor="UI_BtnTextHoloNormal" PressedFlybyTextColor="UI_BtnTextHoloPressedFlyby" DisabledTextColor="ffffffff" Tooltip="" TooltipId="" TooltipColor="">
                <Control Class="Window" LAnchorPoint="0" LAnchorOffset="4" TAnchorPoint="0" TAnchorOffset="0" RAnchorPoint="0" RAnchorOffset="30" BAnchorPoint="0" BAnchorOffset="27" RelativeToClient="1" Font="Default" Text="" Template="Default" Name="Image" BGColor="ffffffff" TextColor="ffffffff" Picture="1" IgnoreMouse="1" Sprite="CRB_MinimapSprites:sprMM_EldanGateActive" Tooltip="" TooltipId="" NewControlDepth="3" TooltipColor=""/>
                <Event Name="ButtonCheck" Function="OnFilterOptionCheck"/>
                <Event Name="ButtonUncheck" Function="OnFilterOptionUncheck"/>
            </Control>
            <Control Class="Button" Base="CRB_Basekit:kitBtn_Holo_DatachronOption" Font="CRB_InterfaceMedium" ButtonType="Check" RadioGroup="" LAnchorPoint="0" LAnchorOffset="8" TAnchorPoint="0" TAnchorOffset="274" RAnchorPoint="1" RAnchorOffset="-8" BAnchorPoint="0" BAnchorOffset="300" DT_VCENTER="1" DT_CENTER="0" Name="OptionsBtnMiningNodes" BGColor="ffffffff" TextColor="ffffffff" WindowSoundTemplate="PushbuttonDigi01" DrawAsCheckbox="0" Text="" TextId="MiniMap_MiningNodes" NormalTextColor="UI_BtnTextHoloNormal" PressedTextColor="UI_BtnTextHoloPressed" FlybyTextColor="UI_BtnTextHoloNormal" PressedFlybyTextColor="UI_BtnTextHoloPressedFlyby" DisabledTextColor="ffffffff" Tooltip="" TooltipId="" HideInEditor="0" TooltipColor="">
                <Control Class="Window" LAnchorPoint="0" LAnchorOffset="4" TAnchorPoint="0" TAnchorOffset="0" RAnchorPoint="0" RAnchorOffset="30" BAnchorPoint="0" BAnchorOffset="27" RelativeToClient="1" Font="Default" Text="" Template="Default" Name="Image" BGColor="ff33ffff" TextColor="ffffffff" Picture="1" IgnoreMouse="1" Sprite="CRB_MinimapSprites:sprMM_EldanStone" Tooltip="" TooltipId="" NewControlDepth="3" TooltipColor=""/>
                <Event Name="ButtonCheck" Function="OnFilterOptionCheck"/>
                <Event Name="ButtonUncheck" Function="OnFilterOptionUncheck"/>
            </Control>
            <Control Class="Button" Base="CRB_Basekit:kitBtn_Holo_DatachronOption" Font="CRB_InterfaceMedium" ButtonType="Check" RadioGroup="" LAnchorPoint="0" LAnchorOffset="8" TAnchorPoint="0" TAnchorOffset="382" RAnchorPoint="1" RAnchorOffset="-8" BAnchorPoint="0" BAnchorOffset="408" DT_VCENTER="1" DT_CENTER="0" Name="OptionsBtnTradeskills" BGColor="ffffffff" TextColor="ffffffff" WindowSoundTemplate="PushbuttonDigi01" DrawAsCheckbox="0" Text="" TextId="MiniMap_Tradeskills" NormalTextColor="UI_BtnTextHoloNormal" PressedTextColor="UI_BtnTextHoloPressed" FlybyTextColor="UI_BtnTextHoloNormal" PressedFlybyTextColor="UI_BtnTextHoloPressedFlyby" DisabledTextColor="ffffffff" Tooltip="" TooltipId="" HideInEditor="0" TooltipColor="" Sprite="">
                <Control Class="Window" LAnchorPoint="0" LAnchorOffset="3" TAnchorPoint="0" TAnchorOffset="-1" RAnchorPoint="0" RAnchorOffset="30" BAnchorPoint="0" BAnchorOffset="26" RelativeToClient="1" Font="Default" Text="" Template="Default" Name="Image" BGColor="ff33ffff" TextColor="ffffffff" Picture="1" IgnoreMouse="1" Sprite="CRB_MinimapSprites:sprMM_Tradeskill" Tooltip="" TooltipId="" NewControlDepth="3" TooltipColor=""/>
                <Event Name="ButtonCheck" Function="OnFilterOptionCheck"/>
                <Event Name="ButtonUncheck" Function="OnFilterOptionUncheck"/>
            </Control>
            <Pixie LAnchorPoint="0" LAnchorOffset="0" TAnchorPoint="0" TAnchorOffset="0" RAnchorPoint="1" RAnchorOffset="0" BAnchorPoint="1" BAnchorOffset="0" BGColor="ffffffff" Font="Default" TextColor="ffffffff" Text="" Sprite="CRB_Basekit:kitInnerFrame_Holo_InputBox" Line="0"/>
            <Pixie LAnchorPoint="0" LAnchorOffset="2" TAnchorPoint="0" TAnchorOffset="2" RAnchorPoint="1" RAnchorOffset="-2" BAnchorPoint="1" BAnchorOffset="0" BGColor="ffffffff" Font="Default" TextColor="ffffffff" Text="" Sprite="CRB_Basekit:kitBase_HoloHexes_Small" Line="0"/>
            <Pixie LAnchorPoint="0" LAnchorOffset="0" TAnchorPoint="0" TAnchorOffset="7" RAnchorPoint="1" RAnchorOffset="0" BAnchorPoint="0" BAnchorOffset="27" BGColor="ffffffff" Font="CRB_InterfaceSmall" TextColor="ff7fffb9" Text="" TextId="MiniMap_MapOptions" DT_CENTER="1" DT_VCENTER="1" Line="0"/>
            <Pixie LAnchorPoint="0" LAnchorOffset="-1" TAnchorPoint="0" TAnchorOffset="21" RAnchorPoint="1" RAnchorOffset="2" BAnchorPoint="0" BAnchorOffset="38" BGColor="ffffffff" Font="Default" TextColor="ffffffff" Text="" Sprite="CRB_Basekit:kitDivider_Horiz_HoloSolid" Line="0"/>
            <Control Class="Button" Base="CRB_Basekit:kitBtn_Holo_DatachronOption" Font="CRB_InterfaceMedium" ButtonType="Check" RadioGroup="" LAnchorPoint="0" LAnchorOffset="8" TAnchorPoint="0" TAnchorOffset="411" RAnchorPoint="1" RAnchorOffset="-8" BAnchorPoint="0" BAnchorOffset="437" DT_VCENTER="1" DT_CENTER="0" Name="OptionsBtnCreaturesN" BGColor="ffffffff" TextColor="ffffffff" WindowSoundTemplate="PushbuttonDigi01" DrawAsCheckbox="0" Text="" TextId="MiniMap_NeutralNPCs" NormalTextColor="UI_BtnTextHoloNormal" PressedTextColor="UI_BtnTextHoloPressed" FlybyTextColor="UI_BtnTextHoloNormal" PressedFlybyTextColor="UI_BtnTextHoloPressedFlyby" DisabledTextColor="ffffffff" Tooltip="" TooltipId="" HideInEditor="0" TooltipColor="" Sprite="">
                <Control Class="Window" LAnchorPoint="0" LAnchorOffset="14" TAnchorPoint="0" TAnchorOffset="10" RAnchorPoint="0" RAnchorOffset="41" BAnchorPoint="0" BAnchorOffset="37" RelativeToClient="1" Font="Default" Text="" Template="Default" Name="Image" BGColor="xkcdBrightYellow" TextColor="ffffffff" Picture="1" IgnoreMouse="1" Sprite="ClientSprites:MiniMapMarkerTiny" Tooltip="" TooltipId="" NewControlDepth="3" TooltipColor=""/>
                <Event Name="ButtonCheck" Function="OnFilterOptionCheck"/>
                <Event Name="ButtonUncheck" Function="OnFilterOptionUncheck"/>
            </Control>
            <Control Class="Button" Base="CRB_Basekit:kitBtn_Holo_DatachronOption" Font="CRB_InterfaceMedium" ButtonType="Check" RadioGroup="" LAnchorPoint="0" LAnchorOffset="8" TAnchorPoint="0" TAnchorOffset="438" RAnchorPoint="1" RAnchorOffset="-8" BAnchorPoint="0" BAnchorOffset="464" DT_VCENTER="1" DT_CENTER="0" Name="OptionsBtnCreaturesH" BGColor="ffffffff" TextColor="ffffffff" WindowSoundTemplate="PushbuttonDigi01" DrawAsCheckbox="0" Text="" TextId="MiniMap_HostileNPCs" NormalTextColor="UI_BtnTextHoloNormal" PressedTextColor="UI_BtnTextHoloPressed" FlybyTextColor="UI_BtnTextHoloNormal" PressedFlybyTextColor="UI_BtnTextHoloPressedFlyby" DisabledTextColor="ffffffff" Tooltip="" TooltipId="" HideInEditor="0" TooltipColor="" Sprite="">
                <Control Class="Window" LAnchorPoint="0" LAnchorOffset="14" TAnchorPoint="0" TAnchorOffset="11" RAnchorPoint="0" RAnchorOffset="41" BAnchorPoint="0" BAnchorOffset="38" RelativeToClient="1" Font="Default" Text="" Template="Default" Name="Image" BGColor="xkcdBrightRed" TextColor="ffffffff" Picture="1" IgnoreMouse="1" Sprite="ClientSprites:MiniMapMarkerTiny" Tooltip="" TooltipId="" NewControlDepth="3" TooltipColor=""/>
                <Event Name="ButtonCheck" Function="OnFilterOptionCheck"/>
                <Event Name="ButtonUncheck" Function="OnFilterOptionUncheck"/>
            </Control>
            <Control Class="Button" Base="CRB_Basekit:kitBtn_Holo_DatachronOption" Font="CRB_InterfaceMedium" ButtonType="Check" RadioGroup="" LAnchorPoint="0" LAnchorOffset="8" TAnchorPoint="0" TAnchorOffset="465" RAnchorPoint="1" RAnchorOffset="-8" BAnchorPoint="0" BAnchorOffset="491" DT_VCENTER="1" DT_CENTER="0" Name="OptionsBtnTrainer" BGColor="ffffffff" TextColor="ffffffff" WindowSoundTemplate="PushbuttonDigi01" DrawAsCheckbox="0" Text="" TextId="MiniMap_Trainers" NormalTextColor="UI_BtnTextHoloNormal" PressedTextColor="UI_BtnTextHoloPressed" FlybyTextColor="UI_BtnTextHoloNormal" PressedFlybyTextColor="UI_BtnTextHoloPressedFlyby" DisabledTextColor="ffffffff" Tooltip="" TooltipId="" HideInEditor="0" TooltipColor="" Sprite="">
                <Control Class="Window" LAnchorPoint="0" LAnchorOffset="7" TAnchorPoint="0" TAnchorOffset="8" RAnchorPoint="0" RAnchorOffset="23" BAnchorPoint="0" BAnchorOffset="24" RelativeToClient="1" Font="Default" Text="" Template="Default" Name="Image" BGColor="xkcdBrightYellow" TextColor="ffffffff" Picture="1" IgnoreMouse="1" Sprite="CRB_HUDAlerts:sprAlert_BookBase" Tooltip="" TooltipId="" NewControlDepth="3" TooltipColor=""/>
                <Event Name="ButtonCheck" Function="OnFilterOptionCheck"/>
                <Event Name="ButtonUncheck" Function="OnFilterOptionUncheck"/>
            </Control>
            <Control Class="Button" Base="CRB_Basekit:kitBtn_Holo_DatachronOption" Font="CRB_InterfaceMedium" ButtonType="Check" RadioGroup="" LAnchorPoint="0" LAnchorOffset="8" TAnchorPoint="0" TAnchorOffset="490" RAnchorPoint="1" RAnchorOffset="-8" BAnchorPoint="0" BAnchorOffset="516" DT_VCENTER="1" DT_CENTER="0" Name="OptionsBtnFriends" BGColor="ffffffff" TextColor="ffffffff" WindowSoundTemplate="PushbuttonDigi01" DrawAsCheckbox="0" Text="" TextId="MiniMap_Friends" NormalTextColor="UI_BtnTextHoloNormal" PressedTextColor="UI_BtnTextHoloPressed" FlybyTextColor="UI_BtnTextHoloNormal" PressedFlybyTextColor="UI_BtnTextHoloPressedFlyby" DisabledTextColor="ffffffff" Tooltip="" TooltipId="" HideInEditor="0" TooltipColor="" Sprite="">
                <Control Class="Window" LAnchorPoint="0" LAnchorOffset="7" TAnchorPoint="0" TAnchorOffset="8" RAnchorPoint="0" RAnchorOffset="23" BAnchorPoint="0" BAnchorOffset="24" RelativeToClient="1" Font="Default" Text="" Template="Default" Name="Image" BGColor="xkcdBrightYellow" TextColor="ffffffff" Picture="1" IgnoreMouse="1" Sprite="ClientSprites:Icon_Windows_UI_CRB_Friend" Tooltip="" TooltipId="" NewControlDepth="3" TooltipColor=""/>
                <Event Name="ButtonCheck" Function="OnFilterOptionCheck"/>
                <Event Name="ButtonUncheck" Function="OnFilterOptionUncheck"/>
            </Control>
            <Control Class="Button" Base="CRB_Basekit:kitBtn_Holo_DatachronOption" Font="CRB_InterfaceMedium" ButtonType="Check" RadioGroup="" LAnchorPoint="0" LAnchorOffset="8" TAnchorPoint="0" TAnchorOffset="514" RAnchorPoint="1" RAnchorOffset="-8" BAnchorPoint="0" BAnchorOffset="540" DT_VCENTER="1" DT_CENTER="0" Name="OptionsBtnRivals" BGColor="ffffffff" TextColor="ffffffff" WindowSoundTemplate="PushbuttonDigi01" DrawAsCheckbox="0" Text="" TextId="MiniMap_Rivals" NormalTextColor="UI_BtnTextHoloNormal" PressedTextColor="UI_BtnTextHoloPressed" FlybyTextColor="UI_BtnTextHoloNormal" PressedFlybyTextColor="UI_BtnTextHoloPressedFlyby" DisabledTextColor="ffffffff" Tooltip="" TooltipId="" HideInEditor="0" TooltipColor="" Sprite="">
                <Control Class="Window" LAnchorPoint="0" LAnchorOffset="7" TAnchorPoint="0" TAnchorOffset="9" RAnchorPoint="0" RAnchorOffset="23" BAnchorPoint="0" BAnchorOffset="25" RelativeToClient="1" Font="Default" Text="" Template="Default" Name="Image" BGColor="xkcdBrightYellow" TextColor="ffffffff" Picture="1" IgnoreMouse="1" Sprite="ClientSprites:Icon_Windows_UI_CRB_Rival" Tooltip="" TooltipId="" NewControlDepth="3" TooltipColor=""/>
                <Event Name="ButtonCheck" Function="OnFilterOptionCheck"/>
                <Event Name="ButtonUncheck" Function="OnFilterOptionUncheck"/>
            </Control>
            <Control Class="Button" Base="CRB_Basekit:kitBtn_Holo_DatachronOption" Font="CRB_InterfaceMedium" ButtonType="Check" RadioGroup="" LAnchorPoint="0" LAnchorOffset="8" TAnchorPoint="0" TAnchorOffset="301" RAnchorPoint="1" RAnchorOffset="-8" BAnchorPoint="0" BAnchorOffset="327" DT_VCENTER="1" DT_CENTER="0" Name="OptionsBtnRelicNodes" BGColor="ffffffff" TextColor="ffffffff" WindowSoundTemplate="PushbuttonDigi01" DrawAsCheckbox="0" Text="" TextId="MiniMap_RelicNodes" NormalTextColor="UI_BtnTextHoloNormal" PressedTextColor="UI_BtnTextHoloPressed" FlybyTextColor="UI_BtnTextHoloNormal" PressedFlybyTextColor="UI_BtnTextHoloPressedFlyby" DisabledTextColor="ffffffff" Tooltip="" TooltipId="" HideInEditor="0" TooltipColor="">
                <Control Class="Window" LAnchorPoint="0" LAnchorOffset="4" TAnchorPoint="0" TAnchorOffset="0" RAnchorPoint="0" RAnchorOffset="30" BAnchorPoint="0" BAnchorOffset="27" RelativeToClient="1" Font="Default" Text="" Template="Default" Name="Image" BGColor="ff33ffff" TextColor="ffffffff" Picture="1" IgnoreMouse="1" Sprite="CRB_MinimapSprites:sprMM_EldanStone" Tooltip="" TooltipId="" NewControlDepth="3" TooltipColor=""/>
                <Event Name="ButtonCheck" Function="OnFilterOptionCheck"/>
                <Event Name="ButtonUncheck" Function="OnFilterOptionUncheck"/>
            </Control>
            <Control Class="Button" Base="CRB_Basekit:kitBtn_Holo_DatachronOption" Font="CRB_InterfaceMedium" ButtonType="Check" RadioGroup="" LAnchorPoint="0" LAnchorOffset="8" TAnchorPoint="0" TAnchorOffset="328" RAnchorPoint="1" RAnchorOffset="-8" BAnchorPoint="0" BAnchorOffset="354" DT_VCENTER="1" DT_CENTER="0" Name="OptionsBtnSurvivalistNodes" BGColor="ffffffff" TextColor="ffffffff" WindowSoundTemplate="PushbuttonDigi01" DrawAsCheckbox="0" Text="" TextId="MiniMap_SurvivalistNodes" NormalTextColor="UI_BtnTextHoloNormal" PressedTextColor="UI_BtnTextHoloPressed" FlybyTextColor="UI_BtnTextHoloNormal" PressedFlybyTextColor="UI_BtnTextHoloPressedFlyby" DisabledTextColor="ffffffff" Tooltip="" TooltipId="" HideInEditor="0" TooltipColor="">
                <Control Class="Window" LAnchorPoint="0" LAnchorOffset="4" TAnchorPoint="0" TAnchorOffset="0" RAnchorPoint="0" RAnchorOffset="30" BAnchorPoint="0" BAnchorOffset="27" RelativeToClient="1" Font="Default" Text="" Template="Default" Name="Image" BGColor="ff33ffff" TextColor="ffffffff" Picture="1" IgnoreMouse="1" Sprite="CRB_MinimapSprites:sprMM_EldanStone" Tooltip="" TooltipId="" NewControlDepth="3" TooltipColor=""/>
                <Event Name="ButtonCheck" Function="OnFilterOptionCheck"/>
                <Event Name="ButtonUncheck" Function="OnFilterOptionUncheck"/>
            </Control>
            <Control Class="Button" Base="CRB_Basekit:kitBtn_Holo_DatachronOption" Font="CRB_InterfaceMedium" ButtonType="Check" RadioGroup="" LAnchorPoint="0" LAnchorOffset="8" TAnchorPoint="0" TAnchorOffset="355" RAnchorPoint="1" RAnchorOffset="-8" BAnchorPoint="0" BAnchorOffset="381" DT_VCENTER="1" DT_CENTER="0" Name="OptionsBtnFarmingNodes" BGColor="ffffffff" TextColor="ffffffff" WindowSoundTemplate="PushbuttonDigi01" DrawAsCheckbox="0" Text="" TextId="MiniMap_FarmingNodes" NormalTextColor="UI_BtnTextHoloNormal" PressedTextColor="UI_BtnTextHoloPressed" FlybyTextColor="UI_BtnTextHoloNormal" PressedFlybyTextColor="UI_BtnTextHoloPressedFlyby" DisabledTextColor="ffffffff" Tooltip="" TooltipId="" HideInEditor="0" TooltipColor="">
                <Control Class="Window" LAnchorPoint="0" LAnchorOffset="4" TAnchorPoint="0" TAnchorOffset="0" RAnchorPoint="0" RAnchorOffset="30" BAnchorPoint="0" BAnchorOffset="27" RelativeToClient="1" Font="Default" Text="" Template="Default" Name="Image" BGColor="ff33ffff" TextColor="ffffffff" Picture="1" IgnoreMouse="1" Sprite="CRB_MinimapSprites:sprMM_EldanStone" Tooltip="" TooltipId="" NewControlDepth="3" TooltipColor=""/>
                <Event Name="ButtonCheck" Function="OnFilterOptionCheck"/>
                <Event Name="ButtonUncheck" Function="OnFilterOptionUncheck"/>
            </Control>
        </Control>
    </Form>
</Forms>
