<Forms>
    <Form Class="Window" LAnchorPoint="0" LAnchorOffset="320" TAnchorPoint="0" TAnchorOffset="177" RAnchorPoint="0" RAnchorOffset="630" BAnchorPoint="0" BAnchorOffset="285" RelativeToClient="1" Font="Default" Text="" Template="Default" TooltipType="OnCursor" Name="NeedVsGreedForm" Border="0" Picture="1" SwallowMouseClicks="1" Moveable="0" Escapable="0" Overlapped="1" BGColor="ffffffff" TextColor="ffffffff" TooltipColor="" IgnoreMouse="1" Sprite="spr_TEMP_HoloBlue_PopoutSmallRound" Tooltip="" TransitionShowHide="1" UseTransitionSprite="0" TextId="">
        <Control Class="Window" LAnchorPoint="0" LAnchorOffset="26" TAnchorPoint="0.5" TAnchorOffset="-32" RAnchorPoint="0" RAnchorOffset="90" BAnchorPoint="0.5" BAnchorOffset="32" RelativeToClient="1" Font="Default" Text="" Template="Default" TooltipType="OnCursor" Name="GiantItemIcon" BGColor="ffffffff" TextColor="ffffffff" TooltipColor="" Picture="1" IgnoreMouse="1" Sprite="ClientSprites:Icon_ItemWeaponStaff_UI_Item_Staff_001" Tooltip="" IgnoreTooltipDelay="1" NewControlDepth="1"/>
        <Control Class="Window" LAnchorPoint="0" LAnchorOffset="26" TAnchorPoint="0" TAnchorOffset="69" RAnchorPoint="0" RAnchorOffset="90" BAnchorPoint="0" BAnchorOffset="88" RelativeToClient="1" Font="CRB_InterfaceMedium_B" Text="0:30" Template="Default" TooltipType="OnCursor" Name="TimeLeftText" BGColor="ffffffff" TextColor="ffffffff" TooltipColor="" DT_CENTER="1" TextId=""/>
        <Control Class="Window" LAnchorPoint="0" LAnchorOffset="96" TAnchorPoint="0" TAnchorOffset="20" RAnchorPoint="0" RAnchorOffset="130" BAnchorPoint="1" BAnchorOffset="-54" RelativeToClient="1" Font="Default" Text="" Template="Default" TooltipType="OnCursor" Name="DiceIcon" BGColor="ffffffff" TextColor="ffffffff" TooltipColor="" Picture="1" IgnoreMouse="1" Sprite="ClientSprites:GroupRandomLootIcon">
            <Control Class="Window" LAnchorPoint="0.5" LAnchorOffset="-11" TAnchorPoint="0.5" TAnchorOffset="-11" RAnchorPoint="0.5" RAnchorOffset="11" BAnchorPoint="0.5" BAnchorOffset="11" RelativeToClient="1" Font="CRB_InterfaceSmall_O" Text="" Template="Default" TooltipType="OnCursor" Name="ItemsInQueueIcon" BGColor="ffffffff" TextColor="ffffffff" TooltipColor="" TextId="" IgnoreMouse="1" Visible="0" Sprite="" Picture="0" IgnoreTooltipDelay="1" TooltipFont="CRB_InterfaceSmall_O" NewControlDepth="1">
                <Control Class="Window" LAnchorPoint="0" LAnchorOffset="0" TAnchorPoint="0" TAnchorOffset="0" RAnchorPoint="1" RAnchorOffset="0" BAnchorPoint="1" BAnchorOffset="0" RelativeToClient="1" Font="CRB_InterfaceSmall_O" Text="" Template="Default" TooltipType="OnCursor" Name="ItemsInQueueText" BGColor="ffffffff" TextColor="ffffffff" TooltipColor="" TextId="" DT_WORDBREAK="1" DT_VCENTER="1" DT_CENTER="1" IgnoreMouse="1" Visible="1" Sprite=""/>
                <Pixie LAnchorPoint="0" LAnchorOffset="4" TAnchorPoint="0" TAnchorOffset="4" RAnchorPoint="1" RAnchorOffset="-4" BAnchorPoint="1" BAnchorOffset="-4" BGColor="UI_TextHoloBody" Font="Default" TextColor="ffffffff" Text="" Sprite="ClientSprites:WhiteCircle" Line="0"/>
                <Pixie LAnchorPoint="0" LAnchorOffset="0" TAnchorPoint="0" TAnchorOffset="0" RAnchorPoint="1" RAnchorOffset="0" BAnchorPoint="1" BAnchorOffset="0" BGColor="ffffffff" Font="Default" TextColor="ffffffff" Text="" Sprite="CRB_ActionBarFrameSprites:sprResourceBar_InterruptCircleBlue" Line="0"/>
            </Control>
        </Control>
        <Control Class="Window" LAnchorPoint="0" LAnchorOffset="134" TAnchorPoint="0" TAnchorOffset="20" RAnchorPoint="1" RAnchorOffset="-14" BAnchorPoint="1" BAnchorOffset="-56" RelativeToClient="1" Font="CRB_InterfaceMedium_B" Text="" Template="Default" TooltipType="OnCursor" Name="LootTitle" BGColor="ffffffff" TextColor="ffffffff" TooltipColor="" DT_CENTER="0" DT_VCENTER="1" TextId="CRB__2" DT_WORDBREAK="1" Tooltip=""/>
        <Control Class="Button" Base="CRB_Basekit:kitBtn_Holo_Large" Font="CRB_InterfaceMedium_B" ButtonType="PushButton" RadioGroup="" LAnchorPoint="0" LAnchorOffset="97" TAnchorPoint="1" TAnchorOffset="-52" RAnchorPoint="0" RAnchorOffset="195" BAnchorPoint="1" BAnchorOffset="-18" DT_VCENTER="1" DT_CENTER="1" TooltipType="OnCursor" Name="NeedBtn" BGColor="ffffffff" TextColor="ffffffff" TooltipColor="" NormalTextColor="UI_BtnTextHoloNormal" PressedTextColor="UI_BtnTextHoloPressed" FlybyTextColor="UI_BtnTextHoloFlyby" PressedFlybyTextColor="UI_BtnTextHoloPressedFlyby" DisabledTextColor="UI_BtnTextHoloDisabled" Text="" TextId="GVT_Need" RelativeToClient="1" IgnoreTooltipDelay="0" Tooltip="" TooltipFont="CRB_InterfaceSmall_O" TooltipId="NeedVsGreed_NeedTooltip">
            <Event Name="ButtonSignal" Function="OnNeedBtn"/>
        </Control>
        <Control Class="Button" Base="CRB_Basekit:kitBtn_Holo_Large" Font="CRB_InterfaceMedium_B" ButtonType="PushButton" RadioGroup="" LAnchorPoint="0" LAnchorOffset="201" TAnchorPoint="1" TAnchorOffset="-52" RAnchorPoint="0" RAnchorOffset="299" BAnchorPoint="1" BAnchorOffset="-18" DT_VCENTER="1" DT_CENTER="1" TooltipType="OnCursor" Name="GreedBtn" BGColor="ffffffff" TextColor="ffffffff" TooltipColor="" NormalTextColor="UI_BtnTextHoloNormal" PressedTextColor="UI_BtnTextHoloPressed" FlybyTextColor="UI_BtnTextHoloFlyby" PressedFlybyTextColor="UI_BtnTextHoloPressedFlyby" DisabledTextColor="UI_BtnTextHoloDisabled" Text="" TextId="CRB_Greed" RelativeToClient="1" IgnoreTooltipDelay="0" TooltipFont="CRB_InterfaceSmall_O" Tooltip="" TooltipId="NeedVsGreed_GreedTooltip">
            <Event Name="ButtonSignal" Function="OnGreedBtn"/>
        </Control>
        <Control Class="Button" Base="CRB_Basekit:kitBtn_Holo_Close" Font="Thick" ButtonType="PushButton" RadioGroup="" LAnchorPoint="1" LAnchorOffset="-27" TAnchorPoint="0" TAnchorOffset="11" RAnchorPoint="1" RAnchorOffset="-6" BAnchorPoint="0" BAnchorOffset="32" DT_VCENTER="1" DT_CENTER="1" TooltipType="OnCursor" Name="PassBtn" BGColor="ffffffff" TextColor="ffffffff" TooltipColor="" NormalTextColor="ffffffff" PressedTextColor="ffffffff" FlybyTextColor="ffffffff" PressedFlybyTextColor="ffffffff" DisabledTextColor="ffffffff" Text="" Tooltip="" TooltipId="CRB_Pass_Loot" TooltipFont="CRB_InterfaceSmall_O" RelativeToClient="1" IgnoreTooltipDelay="1">
            <Event Name="ButtonSignal" Function="OnPassBtn"/>
        </Control>
        <Control Class="Window" LAnchorPoint="0" LAnchorOffset="23" TAnchorPoint="0" TAnchorOffset="19" RAnchorPoint="1" RAnchorOffset="-10" BAnchorPoint="1" BAnchorOffset="-19" RelativeToClient="1" Font="Default" Text="" Template="Default" TooltipType="OnCursor" Name="RunnerAnim" BGColor="66ffffff" TextColor="ffffffff" TooltipColor="" Sprite="CRB_Anim_Outline:spr_Anim_OutlineStretch" Picture="1" IgnoreMouse="1"/>
        <Pixie LAnchorPoint="0" LAnchorOffset="19" TAnchorPoint="0.5" TAnchorOffset="-39" RAnchorPoint="0" RAnchorOffset="97" BAnchorPoint="0.5" BAnchorOffset="39" BGColor="ffffffff" Font="Default" TextColor="ffffffff" Text="" Sprite="CRB_Basekit:kitBase_HoloBlue_SmallGreenCorners" Line="0"/>
    </Form>
</Forms>
