<?xml version="1.0" ?>
<Forms>
    <Form Class="Window" Name="ActionBarShortcut" LAnchorPoint="0.5" LAnchorOffset="-182" TAnchorPoint="1" TAnchorOffset="-300" RAnchorPoint="0.5" RAnchorOffset="170" BAnchorPoint="1" BAnchorOffset="-254" Border="0" Picture="1" BGColor="white" Sprite="CRB_Basekit:kitBase_HoloBlue_InsetBorder_Thin" Scale="1.0" NoClip="0" TextColor="white" Moveable="1" Overlapped="1" SwallowMouseClicks="1" IgnoreMouse="1" Visible="0" TransitionShowHide="1" RelativeToClient="1" TooltipColor="" Font="Default">
        <Control Class="Window" LAnchorPoint="0" LAnchorOffset="4" TAnchorPoint="0" TAnchorOffset="4" RAnchorPoint="1" RAnchorOffset="-4" BAnchorPoint="0" BAnchorOffset="42" RelativeToClient="1" Font="Default" Text="" Template="Default" Name="ActionBarContainer" BGColor="white" TextColor="white" Sprite="" Picture="1" IgnoreMouse="1" Overlapped="1" NewControlDepth="1" TooltipColor=""/>
    </Form>
    <Form Class="Window" LAnchorPoint="0" LAnchorOffset="0" TAnchorPoint="0" TAnchorOffset="0" RAnchorPoint="0" RAnchorOffset="42" BAnchorPoint="0" BAnchorOffset="38" RelativeToClient="1" Font="Default" Text="" Template="Default" TooltipType="OnCursor" Name="ActionBarShortcutItem" Border="0" Picture="0" SwallowMouseClicks="1" Moveable="0" Escapable="0" Overlapped="1" BGColor="white" TextColor="white" TooltipColor="" IgnoreMouse="1">
        <Control Class="ActionBarButton" Name="ActionBarShortcutBtn" ContentType="SBar" ContentId="0" Base="CRB_DEMO_WrapperSprites:btnDemo_CharInvisible" RelativeToClient="1" IfHoldNoSignal="1" DT_VCENTER="1" DT_CENTER="1" LAnchorPoint="0" LAnchorOffset="0" TAnchorPoint="0" TAnchorOffset="0" RAnchorPoint="0" RAnchorOffset="38" BAnchorPoint="0" BAnchorOffset="38" NeverBringToFront="1" Picture="0" WindowSoundTemplate="ActionBarButton" BGColor="white" TextColor="white" IgnoreMouse="1" TooltipType="OnCursor" IgnoreTooltipDelay="1" TooltipColor="">
            <Event Name="GenerateTooltip" Function="OnGenerateTooltip"/>
        </Control>
    </Form>
</Forms>
horOffsets()

	local tSize = {}
	tSize.nWidth = self.tActionBars[nBar]:GetWidth()
	tSize.nHeight = self.tActionBars[nBar]:GetHeight()

	local tCenter = {}
	tCenter.nX = (tAnchors.nLeft + tAnchors.nRight) / 2
	tCenter.nY = (tAnchors.nTop + tAnchors.nBottom) / 2

	return { tSize = tSize, tCenter = tCenter }
end

function ActionBarShortcut:SetBarPosition(nBar, tArgSize, tArgCenter)

	if  tArgSize == nil then
		tArgSize = {}
	end
	if  tArgCenter == nil then
		tArgCenter = {}
	end

	local tPosition = self:GetBarPosition(nBar)

	local tHalf = {}
	tHalf.nWidth = (tArgSize.nWidth or tPosition.tSize.nWidth) / 2
