<Forms>
    <Form Class="Window" LAnchorPoint="1" LAnchorOffset="-353" TAnchorPoint="0" TAnchorOffset="215" RAnchorPoint="1" RAnchorOffset="0" BAnchorPoint="0" BAnchorOffset="371" RelativeToClient="1" Font="Default" Text="" Template="Default" TooltipType="OnCursor" Name="MalgraveAdventureResourcesForm" Border="0" Picture="1" SwallowMouseClicks="1" Moveable="1" Escapable="0" Overlapped="1" BGColor="white" TextColor="white" TooltipColor="" IgnoreMouse="1" Tooltip="" Visible="0">
        <Control Class="Window" LAnchorPoint="0" LAnchorOffset="-10" TAnchorPoint="0" TAnchorOffset="-10" RAnchorPoint="1" RAnchorOffset="10" BAnchorPoint="1" BAnchorOffset="10" RelativeToClient="1" Font="Default" Text="" Template="Default" TooltipType="OnCursor" Name="FrameBG" BGColor="white" TextColor="white" TooltipColor="" Sprite="BK3:UI_BK3_Holo_Framing_3" Picture="1" IgnoreMouse="1" Tooltip="" NoClip="1"/>
        <Control Class="Window" LAnchorPoint="0" LAnchorOffset="155" TAnchorPoint="0" TAnchorOffset="21" RAnchorPoint="1" RAnchorOffset="-18" BAnchorPoint="1" BAnchorOffset="0" RelativeToClient="1" Font="Default" Text="" Template="Default" TooltipType="OnCursor" Name="SubBars" BGColor="white" TextColor="white" TooltipColor="">
            <Control Class="Window" LAnchorPoint="0" LAnchorOffset="30" TAnchorPoint="0" TAnchorOffset="-3" RAnchorPoint="1" RAnchorOffset="0" BAnchorPoint="0" BAnchorOffset="37" RelativeToClient="1" Font="Default" Text="" Template="Default" TooltipType="OnCursor" Name="FoodBarBG" BGColor="white" TextColor="white" TooltipColor="" Sprite="BK3:UI_BK3_Holo_ProgressBar_BG" Picture="1" IgnoreMouse="1" IgnoreTooltipDelay="1" Tooltip="" TooltipId="MalgraveAdv_FoodTooltip" TooltipFont="CRB_InterfaceSmall_O">
                <Control Class="ProgressBar" Text="" LAnchorPoint="0" LAnchorOffset="13" TAnchorPoint="0" TAnchorOffset="0" RAnchorPoint="1" RAnchorOffset="-13" BAnchorPoint="1" BAnchorOffset="0" AutoSetText="0" UseValues="0" RelativeToClient="1" SetTextToProgress="0" DT_CENTER="0" DT_VCENTER="1" ProgressEmpty="" ProgressFull="BK3:UI_BK3_Holo_ProgressBar_Fill" TooltipType="OnCursor" Name="FoodProgressBar" BGColor="white" TextColor="UI_TextHoloTitle" TooltipColor="" BarColor="" Sprite="CRB_Basekit:kitIProgBar_Metal_Fill" Picture="0" TextId="" DT_RIGHT="1" Font="CRB_InterfaceMedium_B">
                    <Control Class="Window" LAnchorPoint="1" LAnchorOffset="-29" TAnchorPoint="0" TAnchorOffset="-1" RAnchorPoint="1" RAnchorOffset="-4" BAnchorPoint="1" BAnchorOffset="-1" RelativeToClient="1" Font="CRB_InterfaceMedium_B" Text="+10" Template="Default" TooltipType="OnCursor" Name="ProgressFlashIcon" BGColor="white" TextColor="UI_TextHoloTitle" TooltipColor="" Picture="0" IgnoreMouse="1" TransitionShowHide="0" Sprite="" Visible="0" TextId="" DT_CENTER="0" DT_VCENTER="1" DT_RIGHT="1"/>
                </Control>
                <Control Class="Window" LAnchorPoint="0" LAnchorOffset="0" TAnchorPoint="0" TAnchorOffset="0" RAnchorPoint="1" RAnchorOffset="0" BAnchorPoint="1" BAnchorOffset="-1" RelativeToClient="1" Font="CRB_InterfaceSmall_O" Text="" Template="Default" TooltipType="OnCursor" Name="FoodProgressText" BGColor="white" TextColor="UI_TextHoloBodyHighlight" TooltipColor="" TextId="CRB_00" DT_RIGHT="0" DT_CENTER="1" DT_VCENTER="1"/>
            </Control>
            <Control Class="Window" LAnchorPoint="0" LAnchorOffset="30" TAnchorPoint="0" TAnchorOffset="25" RAnchorPoint="1" RAnchorOffset="0" BAnchorPoint="0" BAnchorOffset="65" RelativeToClient="1" Font="Default" Text="" Template="Default" TooltipType="OnCursor" Name="WaterBarBG" BGColor="white" TextColor="white" TooltipColor="" Sprite="BK3:UI_BK3_Holo_ProgressBar_BG" Picture="1" IgnoreMouse="1" IgnoreTooltipDelay="1" Tooltip="" TooltipId="MalgraveAdv_WaterTooltip" TooltipFont="CRB_InterfaceSmall_O">
                <Control Class="ProgressBar" Text="" LAnchorPoint="0" LAnchorOffset="13" TAnchorPoint="0" TAnchorOffset="0" RAnchorPoint="1" RAnchorOffset="-13" BAnchorPoint="1" BAnchorOffset="0" AutoSetText="0" UseValues="0" RelativeToClient="1" SetTextToProgress="0" DT_CENTER="1" DT_VCENTER="1" ProgressEmpty="" ProgressFull="BK3:UI_BK3_Holo_ProgressBar_Fill" TooltipType="OnCursor" Name="WaterProgressBar" BGColor="white" TextColor="white" TooltipColor="" BarColor="" Sprite="CRB_Basekit:kitIProgBar_Metal_Fill" Picture="0">
                    <Control Class="Window" LAnchorPoint="1" LAnchorOffset="-29" TAnchorPoint="0" TAnchorOffset="-1" RAnchorPoint="1" RAnchorOffset="-4" BAnchorPoint="1" BAnchorOffset="-1" RelativeToClient="1" Font="CRB_InterfaceMedium_B" Text="+10" Template="Default" TooltipType="OnCursor" Name="ProgressFlashIcon" BGColor="white" TextColor="UI_TextHoloTitle" TooltipColor="" Picture="0" IgnoreMouse="1" TransitionShowHide="0" Sprite="" Visible="0" TextId="" DT_CENTER="0" DT_VCENTER="1" DT_RIGHT="1"/>
                </Control>
                <Control Class="Window" LAnchorPoint="0" LAnchorOffset="0" TAnchorPoint="0" TAnchorOffset="0" RAnchorPoint="1" RAnchorOffset="0" BAnchorPoint="1" BAnchorOffset="-1" RelativeToClient="1" Font="CRB_InterfaceSmall_O" Text="" Template="Default" TooltipType="OnCursor" Name="WaterProgressText" BGColor="white" TextColor="UI_TextHoloBodyHighlight" TooltipColor="" TextId="CRB_00" DT_RIGHT="0" DT_CENTER="1" DT_VCENTER="1"/>
            </Control>
            <Control Class="Window" LAnchorPoint="0" LAnchorOffset="30" TAnchorPoint="0" TAnchorOffset="51" RAnchorPoint="1" RAnchorOffset="0" BAnchorPoint="0" BAnchorOffset="91" RelativeToClient="1" Font="Default" Text="" Template="Default" TooltipType="OnCursor" Name="FeedBarBG" BGColor="white" TextColor="white" TooltipColor="" Sprite="BK3:UI_BK3_Holo_ProgressBar_BG" Picture="1" IgnoreMouse="1" IgnoreTooltipDelay="1" Tooltip="" TooltipId="MalgraveAdv_KurgFeedTooltip" TooltipFont="CRB_InterfaceSmall_O" HideInEditor="0">
                <Control Class="ProgressBar" Text="" LAnchorPoint="0" LAnchorOffset="13" TAnchorPoint="0" TAnchorOffset="0" RAnchorPoint="1" RAnchorOffset="-13" BAnchorPoint="1" BAnchorOffset="0" AutoSetText="0" UseValues="0" RelativeToClient="1" SetTextToProgress="0" DT_CENTER="1" DT_VCENTER="1" ProgressEmpty="" ProgressFull="BK3:UI_BK3_Holo_ProgressBar_Fill" TooltipType="OnCursor" Name="FeedProgressBar" BGColor="white" TextColor="white" TooltipColor="" BarColor="" Sprite="" Picture="0" ProgressEdgeGlow="">
                    <Control Class="Window" LAnchorPoint="1" LAnchorOffset="-30" TAnchorPoint="0" TAnchorOffset="-2" RAnchorPoint="1" RAnchorOffset="-5" BAnchorPoint="1" BAnchorOffset="-2" RelativeToClient="1" Font="CRB_InterfaceMedium_B" Text="+10" Template="Default" TooltipType="OnCursor" Name="ProgressFlashIcon" BGColor="white" TextColor="UI_TextHoloTitle" TooltipColor="" Picture="0" IgnoreMouse="1" TransitionShowHide="0" Sprite="" Visible="0" TextId="" DT_CENTER="0" DT_VCENTER="1" DT_RIGHT="1"/>
                </Control>
                <Control Class="Window" LAnchorPoint="0" LAnchorOffset="0" TAnchorPoint="0" TAnchorOffset="0" RAnchorPoint="1" RAnchorOffset="0" BAnchorPoint="1" BAnchorOffset="-1" RelativeToClient="1" Font="CRB_InterfaceSmall_O" Text="" Template="Default" TooltipType="OnCursor" Name="FeedProgressText" BGColor="white" TextColor="UI_TextHoloBodyHighlight" TooltipColor="" TextId="CRB_00" DT_RIGHT="0" DT_CENTER="1" DT_VCENTER="1"/>
            </Control>
            <Control Class="Window" LAnchorPoint="0" LAnchorOffset="4" TAnchorPoint="0" TAnchorOffset="4" RAnchorPoint="0" RAnchorOffset="31" BAnchorPoint="0" BAnchorOffset="31" RelativeToClient="1" Font="CRB_InterfaceMedium_B" Text="" Template="Default" TooltipType="OnCursor" Name="IconFood" BGColor="white" TextColor="UI_TextHoloTitle" TooltipColor="" Picture="1" IgnoreMouse="1" Sprite="IconSprites:Icon_Windows_UI_CRB_Adventure_Malgrave_Food" IgnoreTooltipDelay="1" Tooltip="" TooltipId="MalgraveAdv_FoodTooltip" TooltipFont="CRB_InterfaceSmall_O" TextId="" DT_CENTER="1" DT_VCENTER="1"/>
            <Control Class="Window" LAnchorPoint="0" LAnchorOffset="3" TAnchorPoint="0" TAnchorOffset="31" RAnchorPoint="0" RAnchorOffset="30" BAnchorPoint="0" BAnchorOffset="58" RelativeToClient="1" Font="Default" Text="" Template="Default" TooltipType="OnCursor" Name="IconWater" BGColor="white" TextColor="white" TooltipColor="" Picture="1" IgnoreMouse="1" Sprite="IconSprites:Icon_Windows_UI_CRB_Adventure_Malgrave_Water" TooltipFont="CRB_InterfaceSmall_O" Tooltip="" TooltipId="MalgraveAdv_WaterTooltip" IgnoreTooltipDelay="1"/>
            <Control Class="Window" LAnchorPoint="0" LAnchorOffset="5" TAnchorPoint="0" TAnchorOffset="59" RAnchorPoint="0" RAnchorOffset="29" BAnchorPoint="0" BAnchorOffset="83" RelativeToClient="1" Font="Default" Text="" Template="Default" TooltipType="OnCursor" Name="IconFeed" BGColor="white" TextColor="white" TooltipColor="" Picture="1" IgnoreMouse="1" Sprite="IconSprites:Icon_Windows_UI_CRB_Adventure_Malgrave_Feed" Tooltip="" TooltipId="MalgraveAdv_KurgFeedTooltip" TooltipFont="CRB_InterfaceSmall_O" IgnoreTooltipDelay="1"/>
        </Control>
        <Control Class="Window" LAnchorPoint="0" LAnchorOffset="20" TAnchorPoint="0" TAnchorOffset="19" RAnchorPoint="0" RAnchorOffset="152" BAnchorPoint="0" BAnchorOffset="104" RelativeToClient="1" Font="Default" Text="" Template="Default" TooltipType="OnCursor" Name="LeftAssetCostumeFrame" BGColor="white" TextColor="white" TooltipColor="" Picture="1" IgnoreMouse="1" Sprite="BK3:UI_BK3_Holo_InsetSimple" NewControlDepth="1"/>
        <Control Class="CostumeWindow" LAnchorPoint="0" LAnchorOffset="29" TAnchorPoint="0" TAnchorOffset="24" RAnchorPoint="0" RAnchorOffset="149" BAnchorPoint="0" BAnchorOffset="103" RelativeToClient="1" Font="Default" Text="" Template="Default" Name="LeftAssetCostume" BGColor="white" TextColor="white" Visible="1" Animated="1" Camera="Target" Aminated="1" Sprite="" HideInEditor="0" TooltipColor="" IgnoreMouse="1" Tooltip=""/>
        <Control Class="Window" LAnchorPoint="0" LAnchorOffset="24" TAnchorPoint="1" TAnchorOffset="-80" RAnchorPoint="0" RAnchorOffset="50" BAnchorPoint="1" BAnchorOffset="-55" RelativeToClient="1" Font="CRB_InterfaceSmall" Text="" Template="Default" TooltipType="OnCursor" Name="SurvivorCountLabel" BGColor="white" TextColor="UI_TextHoloBody" TooltipColor="" TextId="" DT_CENTER="0" DT_BOTTOM="0" DT_WORDBREAK="0" Visible="1" HideInEditor="0" Tooltip="Total survivors remaining in the caravan" Sprite="IconSprites:Icon_Windows_UI_CRB_Adventure_Malgrave_Survivor" Picture="1" IgnoreMouse="1" TooltipId=""/>
        <Control Class="Window" LAnchorPoint="0" LAnchorOffset="50" TAnchorPoint="1" TAnchorOffset="-76" RAnchorPoint="0" RAnchorOffset="101" BAnchorPoint="1" BAnchorOffset="-54" RelativeToClient="1" Font="CRB_HeaderTiny_O" Text="30/30" Template="Default" TooltipType="OnCursor" Name="SurvivorCountText" BGColor="white" TextColor="UI_TextHoloBodyHighlight" TooltipColor="" TextId="" DT_CENTER="0" DT_BOTTOM="0" DT_WORDBREAK="0" Visible="1" HideInEditor="0"/>
        <Control Class="Window" LAnchorPoint="0" LAnchorOffset="21" TAnchorPoint="1" TAnchorOffset="-50" RAnchorPoint="0" RAnchorOffset="52" BAnchorPoint="1" BAnchorOffset="-20" RelativeToClient="1" Font="CRB_InterfaceSmall" Text="" Template="Default" TooltipType="OnCursor" Name="FatigueText" BGColor="white" TextColor="UI_TextHoloBody" TooltipColor="" TextId="" DT_CENTER="0" DT_VCENTER="1" IgnoreMouse="1" IgnoreTooltipDelay="1" Tooltip="" TooltipId="MalgraveAdv_FatigueTooltip" TooltipFont="CRB_InterfaceSmall_O" Picture="1" Sprite="IconSprites:Icon_Windows_UI_CRB_Adventure_Malgrave_Fatigue"/>
        <Control Class="Window" LAnchorPoint="0" LAnchorOffset="49" TAnchorPoint="1" TAnchorOffset="-47" RAnchorPoint="1" RAnchorOffset="-19" BAnchorPoint="1" BAnchorOffset="-22" RelativeToClient="1" Font="Default" Text="" Template="Default" TooltipType="OnCursor" Name="FatigueBarBG" BGColor="white" TextColor="white" TooltipColor="" Sprite="CRB_Basekit:kitIProgBar_Holo_Base" Picture="1" IgnoreMouse="1" NewControlDepth="1" Tooltip="" TooltipFont="CRB_InterfaceSmall_O" TooltipId="MalgraveAdv_FatigueTooltip" IgnoreTooltipDelay="1">
            <Control Class="ProgressBar" Text="" LAnchorPoint="0" LAnchorOffset="10" TAnchorPoint="0" TAnchorOffset="5" RAnchorPoint="1" RAnchorOffset="-10" BAnchorPoint="0" BAnchorOffset="19" AutoSetText="0" UseValues="0" RelativeToClient="1" SetTextToProgress="0" DT_CENTER="0" DT_VCENTER="0" ProgressEmpty="" ProgressFull="CRB_Basekit:kitIProgBar_HoloFrame_FillRed" TooltipType="OnCursor" Name="FatigueProgressBar" BGColor="white" TextColor="white" TooltipColor="" BarColor="" Sprite="" Picture="0"/>
            <Control Class="Window" LAnchorPoint="0" LAnchorOffset="0" TAnchorPoint="0" TAnchorOffset="0" RAnchorPoint="1" RAnchorOffset="0" BAnchorPoint="1" BAnchorOffset="-2" RelativeToClient="1" Font="CRB_InterfaceMedium_BB" Text="" Template="Default" TooltipType="OnCursor" Name="FatigueProgressText" BGColor="white" TextColor="UI_WindowTextRed" TooltipColor="" TextId="CRB_00" DT_RIGHT="0" DT_CENTER="1" DT_VCENTER="1" Tooltip=""/>
        </Control>
    </Form>
</Forms>
