<?xml version="1.0" ?>
<Forms>
    <!-- The rest of the Datachron -->
    <Form Class="Window" LAnchorPoint="0" LAnchorOffset="0" TAnchorPoint="0" TAnchorOffset="0" RAnchorPoint="0" RAnchorOffset="290" BAnchorPoint="0" BAnchorOffset="188" RelativeToClient="1" Name="PathExplorerMissionMain" BGColor="white" TextColor="white" Overlapped="1" Visible="1" Tooltip="" TooltipId="" Text="" Sprite="" Picture="1" NewWindowDepth="1" IgnoreMouse="0" TooltipColor="" Template="Holo_Background_Datachron">
        <Control Class="Window" LAnchorPoint="0" LAnchorOffset="0" TAnchorPoint="0" TAnchorOffset="0" RAnchorPoint="1" RAnchorOffset="0" BAnchorPoint="1" BAnchorOffset="0" RelativeToClient="1" Font="Default" Text="" Template="Default" Name="ScavengerContainer" BGColor="white" TextColor="white" Visible="0" HideInEditor="1" NewControlDepth="5" TooltipColor="" Tooltip="">
            <Control Class="Window" LAnchorPoint="0" LAnchorOffset="1" TAnchorPoint="0" TAnchorOffset="55" RAnchorPoint="0" RAnchorOffset="79" BAnchorPoint="0" BAnchorOffset="144" RelativeToClient="1" Font="Default" Text="" Template="Default" Name="ScavBucketContainer" BGColor="white" TextColor="white" NewControlDepth="2" HideInEditor="1" Visible="0" TooltipColor="" Tooltip="">
                <Control Class="Window" LAnchorPoint="0" LAnchorOffset="24" TAnchorPoint="0" TAnchorOffset="70" RAnchorPoint="0" RAnchorOffset="55" BAnchorPoint="0" BAnchorOffset="83" RelativeToClient="1" Font="Default" Text="" Template="Default" Name="Bucket_1" BGColor="white" TextColor="white" Sprite="PlayerPathContent_TEMP:spr_PathExpVistaBucket1" Picture="1" NewControlDepth="1" HideInEditor="0" TooltipColor="" Tooltip=""/>
                <Control Class="Window" LAnchorPoint="0" LAnchorOffset="20" TAnchorPoint="0" TAnchorOffset="57" RAnchorPoint="0" RAnchorOffset="59" BAnchorPoint="0" BAnchorOffset="72" RelativeToClient="1" Font="Default" Text="" Template="Default" Name="Bucket_2" BGColor="white" TextColor="white" Sprite="PlayerPathContent_TEMP:spr_PathExpVistaBucket2" Picture="1" NewControlDepth="1" HideInEditor="0"/>
                <Control Class="Window" LAnchorPoint="0" LAnchorOffset="16" TAnchorPoint="0" TAnchorOffset="38" RAnchorPoint="0" RAnchorOffset="63" BAnchorPoint="0" BAnchorOffset="61" RelativeToClient="1" Font="Default" Text="" Template="Default" Name="Bucket_3" BGColor="white" TextColor="white" Sprite="PlayerPathContent_TEMP:spr_PathExpVistaBucket3" Picture="1" NewControlDepth="1" HideInEditor="0"/>
                <Control Class="Window" LAnchorPoint="0" LAnchorOffset="12" TAnchorPoint="0" TAnchorOffset="19" RAnchorPoint="0" RAnchorOffset="66" BAnchorPoint="0" BAnchorOffset="45" RelativeToClient="1" Font="Default" Text="" Template="Default" Name="Bucket_4" BGColor="white" TextColor="white" Sprite="PlayerPathContent_TEMP:spr_PathExpVistaBucket4" Picture="1" NewControlDepth="1" HideInEditor="0"/>
                <Control Class="Window" LAnchorPoint="0" LAnchorOffset="4" TAnchorPoint="0" TAnchorOffset="9" RAnchorPoint="0" RAnchorOffset="75" BAnchorPoint="0" BAnchorOffset="95" RelativeToClient="1" Font="CRB_InterfaceLarge" Text="" Template="Default" Name="BucketBox" BGColor="white" TextColor="white" Picture="1" Sprite="CRB_DatachronSprites:sprDCPP_ExActiveUplink" HideInEditor="0" TooltipColor=""/>
            </Control>
            <Control Class="Window" LAnchorPoint="0" LAnchorOffset="7" TAnchorPoint="1" TAnchorOffset="-43" RAnchorPoint="0" RAnchorOffset="74" BAnchorPoint="1" BAnchorOffset="0" RelativeToClient="1" Font="Default" Text="" Template="Default" Name="ScavDigButtonContainer" BGColor="white" TextColor="white" Picture="1" IgnoreMouse="1" Sprite="" HideInEditor="0" TooltipColor="">
                <Control Class="Button" Base="BK3:btnHolo_Blue_Small" Font="CRB_Button" ButtonType="PushButton" RadioGroup="" LAnchorPoint="0" LAnchorOffset="0" TAnchorPoint="0" TAnchorOffset="-6" RAnchorPoint="1" RAnchorOffset="-5" BAnchorPoint="1" BAnchorOffset="4" DT_VCENTER="1" DT_CENTER="1" Name="ScavSearchNearbyBtn" BGColor="white" TextColor="white" NormalTextColor="UI_BtnTextHoloNormal" PressedTextColor="UI_BtnTextHoloPressed" FlybyTextColor="UI_BtnTextHoloFlyby" PressedFlybyTextColor="UI_BtnTextHoloPressedFlyby" DisabledTextColor="UI_BtnTextHoloDisabled" Text="" TextId="ExplorerMissions_Dig" TooltipColor="">
                    <Event Name="ButtonSignal" Function="DoAPathAction"/>
                </Control>
            </Control>
            <Control Class="Button" Base="BK3:btnHolo_Close" Font="Default" ButtonType="PushButton" RadioGroup="" LAnchorPoint="1" LAnchorOffset="-33" TAnchorPoint="0" TAnchorOffset="5" RAnchorPoint="1" RAnchorOffset="-3" BAnchorPoint="0" BAnchorOffset="35" DT_VCENTER="1" DT_CENTER="1" Name="ScavCloseBtn" BGColor="white" TextColor="white" NormalTextColor="white" PressedTextColor="white" FlybyTextColor="white" PressedFlybyTextColor="white" DisabledTextColor="white" Text="" TextId="" Tooltip="" TooltipId="" TooltipColor="">
                <Event Name="ButtonSignal" Function="OnScavengerCloseClick"/>
            </Control>
            <Control Class="Window" LAnchorPoint="0" LAnchorOffset="70" TAnchorPoint="0" TAnchorOffset="36" RAnchorPoint="1" RAnchorOffset="0" BAnchorPoint="1" BAnchorOffset="0" RelativeToClient="1" Font="Default" Text="" Template="Holo_ScrollListSmall" Name="ScavClueContainer" BGColor="white" TextColor="white" Picture="1" IgnoreMouse="1" Sprite="" VScroll="1" AutoHideScroll="0" TooltipColor=""/>
            <Control Class="Window" LAnchorPoint="0" LAnchorOffset="28" TAnchorPoint="0" TAnchorOffset="43" RAnchorPoint="0" RAnchorOffset="48" BAnchorPoint="1" BAnchorOffset="-42" RelativeToClient="1" Font="Default" Text="" Template="Default" Name="ScavProximityMeterShort" BGColor="UI_TextHoloBody" TextColor="white" Sprite="Whitefill" Picture="0" NewControlDepth="1" HideInEditor="1" IgnoreMouse="1" NoClip="1" TooltipColor="">
                <Control Class="Window" LAnchorPoint="0" LAnchorOffset="-15" TAnchorPoint="1" TAnchorOffset="-3" RAnchorPoint="1" RAnchorOffset="15" BAnchorPoint="1" BAnchorOffset="5" RelativeToClient="1" Font="CRB_InterfaceSmall_O" Text="" Template="Default" Name="BGBase" BGColor="UI_AlphaPercent60" TextColor="UI_TextHoloBody" TextId="" DT_VCENTER="1" DT_CENTER="1" IgnoreMouse="1" NoClip="1" Visible="1" Picture="1" Sprite="CRB_ActionBarIconSprites:sprAS_GCD_EdgeGlow2" TooltipColor=""/>
                <Control Class="ProgressBar" Text="" LAnchorPoint="0" LAnchorOffset="4" TAnchorPoint="0" TAnchorOffset="26" RAnchorPoint="1" RAnchorOffset="-4" BAnchorPoint="1" BAnchorOffset="-4" AutoSetText="0" UseValues="0" RelativeToClient="1" SetTextToProgress="0" DT_CENTER="1" DT_VCENTER="1" ProgressEmpty="" ProgressFull="ClientSprites:SpellChargeFull" Name="ProximityMeterFill" BGColor="white" TextColor="white" VerticallyAligned="1" BRtoLT="1" Sprite=""/>
                <Control Class="Window" LAnchorPoint="0" LAnchorOffset="-6" TAnchorPoint="0" TAnchorOffset="-5" RAnchorPoint="0" RAnchorOffset="28" BAnchorPoint="0" BAnchorOffset="28" RelativeToClient="1" Font="Default" Text="" Template="Default" Name="CheckBase" BGColor="white" TextColor="white" Picture="1" IgnoreMouse="1" Sprite="CRB_MinimapSprites:sprMM_TargetObjective" HideInEditor="0"/>
                <Control Class="Window" LAnchorPoint="0" LAnchorOffset="1" TAnchorPoint="0" TAnchorOffset="1" RAnchorPoint="1" RAnchorOffset="-1" BAnchorPoint="0" BAnchorOffset="19" RelativeToClient="1" Font="Default" Text="" Template="Default" Name="CheckOverlay" BGColor="white" TextColor="white" Picture="1" IgnoreMouse="1" Sprite="CRB_ChallengeTrackerSprites:sprChallengeTierCompleteStretch" HideInEditor="0" NoClip="1" TooltipColor=""/>
                <Control Class="Window" LAnchorPoint="0" LAnchorOffset="-19" TAnchorPoint="0" TAnchorOffset="-3" RAnchorPoint="0" RAnchorOffset="-2" BAnchorPoint="1" BAnchorOffset="-3" RelativeToClient="1" Font="Default" Text="" Template="Default" Name="TickContainerR" BGColor="white" TextColor="white" IgnoreMouse="1" NoClip="1" HideInEditor="0" TooltipColor="">
                    <Pixie LAnchorPoint="0" LAnchorOffset="7" TAnchorPoint="0" TAnchorOffset="90" RAnchorPoint="0" RAnchorOffset="50" BAnchorPoint="0" BAnchorOffset="96" BGColor="UI_AlphaPercent25" Font="CRB_InterfaceSmall_O" TextColor="UI_TextHoloBody" Text="" TextId="" Sprite="CRB_ActionBarIconSprites:sprAS_GCD_EdgeGlow2" DT_CENTER="1" DT_VCENTER="1" Line="0"/>
                    <Pixie LAnchorPoint="0" LAnchorOffset="7" TAnchorPoint="0" TAnchorOffset="64" RAnchorPoint="0" RAnchorOffset="50" BAnchorPoint="0" BAnchorOffset="70" BGColor="UI_AlphaPercent25" Font="CRB_InterfaceSmall_O" TextColor="UI_TextHoloBody" Text="" TextId="" Sprite="CRB_ActionBarIconSprites:sprAS_GCD_EdgeGlow2" DT_CENTER="1" DT_VCENTER="1" Line="0"/>
                    <Pixie LAnchorPoint="0" LAnchorOffset="7" TAnchorPoint="0" TAnchorOffset="39" RAnchorPoint="0" RAnchorOffset="50" BAnchorPoint="0" BAnchorOffset="45" BGColor="UI_AlphaPercent25" Font="CRB_InterfaceSmall_O" TextColor="UI_TextHoloBody" Text="" TextId="" Sprite="CRB_ActionBarIconSprites:sprAS_GCD_EdgeGlow2" DT_CENTER="1" DT_VCENTER="1" Line="0"/>
                </Control>
                <Control Class="Window" LAnchorPoint="0" LAnchorOffset="22" TAnchorPoint="0" TAnchorOffset="-3" RAnchorPoint="0" RAnchorOffset="39" BAnchorPoint="1" BAnchorOffset="-3" RelativeToClient="1" Font="Default" Text="" Template="Default" Name="TickContainerL" BGColor="white" TextColor="white" IgnoreMouse="1" NoClip="1" HideInEditor="0" TooltipColor="">
                    <Pixie LAnchorPoint="0" LAnchorOffset="-34" TAnchorPoint="0" TAnchorOffset="90" RAnchorPoint="0" RAnchorOffset="9" BAnchorPoint="0" BAnchorOffset="96" BGColor="UI_AlphaPercent25" Font="CRB_InterfaceSmall_O" TextColor="UI_TextHoloBody" Text="" TextId="" Sprite="CRB_ActionBarIconSprites:sprAS_GCD_EdgeGlow2" DT_CENTER="1" DT_VCENTER="1" Line="0"/>
                    <Pixie LAnchorPoint="0" LAnchorOffset="-34" TAnchorPoint="0" TAnchorOffset="64" RAnchorPoint="0" RAnchorOffset="9" BAnchorPoint="0" BAnchorOffset="70" BGColor="UI_AlphaPercent25" Font="CRB_InterfaceSmall_O" TextColor="UI_TextHoloBody" Text="" TextId="" Sprite="CRB_ActionBarIconSprites:sprAS_GCD_EdgeGlow2" DT_CENTER="1" DT_VCENTER="1" Line="0"/>
                    <Pixie LAnchorPoint="0" LAnchorOffset="-34" TAnchorPoint="0" TAnchorOffset="39" RAnchorPoint="0" RAnchorOffset="9" BAnchorPoint="0" BAnchorOffset="45" BGColor="UI_AlphaPercent25" Font="CRB_InterfaceSmall_O" TextColor="UI_TextHoloBody" Text="" TextId="" Sprite="CRB_ActionBarIconSprites:sprAS_GCD_EdgeGlow2" DT_CENTER="1" DT_VCENTER="1" Line="0"/>
                </Control>
                <Pixie LAnchorPoint="0" LAnchorOffset="0" TAnchorPoint="0" TAnchorOffset="22" RAnchorPoint="1" RAnchorOffset="0" BAnchorPoint="1" BAnchorOffset="0" BGColor="UI_AlphaPercent55" Font="Default" TextColor="white" Text="" Sprite="CRB_ActionBarIconSprites:sprActionBar_OrangeBorder" Line="0"/>
            </Control>
            <Control Class="Window" LAnchorPoint="0" LAnchorOffset="28" TAnchorPoint="0" TAnchorOffset="43" RAnchorPoint="0" RAnchorOffset="48" BAnchorPoint="1" BAnchorOffset="-42" RelativeToClient="1" Font="Default" Text="" Template="Default" Name="ScavProximityMeterLong" BGColor="UI_TextHoloBody" TextColor="white" Sprite="Whitefill" Picture="0" NewControlDepth="1" HideInEditor="1" IgnoreMouse="1" NoClip="1" TooltipColor="">
                <Control Class="Window" LAnchorPoint="0" LAnchorOffset="-15" TAnchorPoint="1" TAnchorOffset="-3" RAnchorPoint="1" RAnchorOffset="15" BAnchorPoint="1" BAnchorOffset="5" RelativeToClient="1" Font="CRB_InterfaceSmall_O" Text="" Template="Default" Name="BGBase" BGColor="UI_AlphaPercent60" TextColor="UI_TextHoloBody" TextId="" DT_VCENTER="1" DT_CENTER="1" IgnoreMouse="1" NoClip="1" Visible="1" Picture="1" Sprite="CRB_ActionBarIconSprites:sprAS_GCD_EdgeGlow2" TooltipColor=""/>
                <Control Class="ProgressBar" Text="" LAnchorPoint="0" LAnchorOffset="4" TAnchorPoint="0" TAnchorOffset="26" RAnchorPoint="1" RAnchorOffset="-4" BAnchorPoint="1" BAnchorOffset="-4" AutoSetText="0" UseValues="0" RelativeToClient="1" SetTextToProgress="0" DT_CENTER="1" DT_VCENTER="1" ProgressEmpty="" ProgressFull="ClientSprites:SpellChargeFull" Name="ProximityMeterFill" BGColor="white" TextColor="white" VerticallyAligned="1" BRtoLT="1" Sprite=""/>
                <Control Class="Window" LAnchorPoint="0" LAnchorOffset="-19" TAnchorPoint="0" TAnchorOffset="0" RAnchorPoint="0" RAnchorOffset="-2" BAnchorPoint="1" BAnchorOffset="0" RelativeToClient="1" Font="Default" Text="" Template="Default" Name="TickContainerR" BGColor="white" TextColor="white" IgnoreMouse="1" NoClip="1" HideInEditor="0" TooltipColor="">
                    <Pixie LAnchorPoint="0" LAnchorOffset="7" TAnchorPoint="0" TAnchorOffset="118" RAnchorPoint="0" RAnchorOffset="50" BAnchorPoint="0" BAnchorOffset="124" BGColor="UI_AlphaPercent25" Font="CRB_InterfaceSmall_O" TextColor="UI_TextHoloBody" Text="" TextId="" Sprite="CRB_ActionBarIconSprites:sprAS_GCD_EdgeGlow2" DT_CENTER="1" DT_VCENTER="1" Line="0"/>
                    <Pixie LAnchorPoint="0" LAnchorOffset="7" TAnchorPoint="0" TAnchorOffset="89" RAnchorPoint="0" RAnchorOffset="50" BAnchorPoint="0" BAnchorOffset="95" BGColor="UI_AlphaPercent25" Font="CRB_InterfaceSmall_O" TextColor="UI_TextHoloBody" Text="" TextId="" Sprite="CRB_ActionBarIconSprites:sprAS_GCD_EdgeGlow2" DT_CENTER="1" DT_VCENTER="1" Line="0"/>
                    <Pixie LAnchorPoint="0" LAnchorOffset="7" TAnchorPoint="0" TAnchorOffset="64" RAnchorPoint="0" RAnchorOffset="50" BAnchorPoint="0" BAnchorOffset="70" BGColor="UI_AlphaPercent25" Font="CRB_InterfaceSmall_O" TextColor="UI_TextHoloBody" Text="" TextId="" Sprite="CRB_ActionBarIconSprites:sprAS_GCD_EdgeGlow2" DT_CENTER="1" DT_VCENTER="1" Line="0"/>
                    <Pixie LAnchorPoint="0" LAnchorOffset="7" TAnchorPoint="0" TAnchorOffset="37" RAnchorPoint="0" RAnchorOffset="50" BAnchorPoint="0" BAnchorOffset="43" BGColor="UI_AlphaPercent25" Font="CRB_InterfaceSmall_O" TextColor="UI_TextHoloBody" Text="" TextId="" Sprite="CRB_ActionBarIconSprites:sprAS_GCD_EdgeGlow2" DT_CENTER="1" DT_VCENTER="1" Line="0"/>
                </Control>
                <Control Class="Window" LAnchorPoint="0" LAnchorOffset="22" TAnchorPoint="0" TAnchorOffset="0" RAnchorPoint="0" RAnchorOffset="39" BAnchorPoint="1" BAnchorOffset="0" RelativeToClient="1" Font="Default" Text="" Template="Default" Name="TickContainerL" BGColor="white" TextColor="white" IgnoreMouse="1" NoClip="1" HideInEditor="0" TooltipColor="">
                    <Pixie LAnchorPoint="0" LAnchorOffset="-34" TAnchorPoint="0" TAnchorOffset="118" RAnchorPoint="0" RAnchorOffset="9" BAnchorPoint="0" BAnchorOffset="124" BGColor="UI_AlphaPercent25" Font="CRB_InterfaceSmall_O" TextColor="UI_TextHoloBody" Text="" TextId="" Sprite="CRB_ActionBarIconSprites:sprAS_GCD_EdgeGlow2" DT_CENTER="1" DT_VCENTER="1" Line="0"/>
                    <Pixie LAnchorPoint="0" LAnchorOffset="-34" TAnchorPoint="0" TAnchorOffset="89" RAnchorPoint="0" RAnchorOffset="9" BAnchorPoint="0" BAnchorOffset="95" BGColor="UI_AlphaPercent25" Font="CRB_InterfaceSmall_O" TextColor="UI_TextHoloBody" Text="" TextId="" Sprite="CRB_ActionBarIconSprites:sprAS_GCD_EdgeGlow2" DT_CENTER="1" DT_VCENTER="1" Line="0"/>
                    <Pixie LAnchorPoint="0" LAnchorOffset="-34" TAnchorPoint="0" TAnchorOffset="64" RAnchorPoint="0" RAnchorOffset="9" BAnchorPoint="0" BAnchorOffset="70" BGColor="UI_AlphaPercent25" Font="CRB_InterfaceSmall_O" TextColor="UI_TextHoloBody" Text="" TextId="" Sprite="CRB_ActionBarIconSprites:sprAS_GCD_EdgeGlow2" DT_CENTER="1" DT_VCENTER="1" Line="0"/>
                    <Pixie LAnchorPoint="0" LAnchorOffset="-34" TAnchorPoint="0" TAnchorOffset="37" RAnchorPoint="0" RAnchorOffset="9" BAnchorPoint="0" BAnchorOffset="43" BGColor="UI_AlphaPercent25" Font="CRB_InterfaceSmall_O" TextColor="UI_TextHoloBody" Text="" TextId="" Sprite="CRB_ActionBarIconSprites:sprAS_GCD_EdgeGlow2" DT_CENTER="1" DT_VCENTER="1" Line="0"/>
                </Control>
                <Control Class="Window" LAnchorPoint="0" LAnchorOffset="-6" TAnchorPoint="0" TAnchorOffset="-5" RAnchorPoint="0" RAnchorOffset="28" BAnchorPoint="0" BAnchorOffset="28" RelativeToClient="1" Font="Default" Text="" Template="Default" Name="CheckBase" BGColor="white" TextColor="white" Picture="1" IgnoreMouse="1" Sprite="CRB_MinimapSprites:sprMM_TargetObjective" HideInEditor="0" TooltipColor=""/>
                <Control Class="Window" LAnchorPoint="0" LAnchorOffset="1" TAnchorPoint="0" TAnchorOffset="1" RAnchorPoint="1" RAnchorOffset="-1" BAnchorPoint="0" BAnchorOffset="19" RelativeToClient="1" Font="Default" Text="" Template="Default" Name="CheckOverlay" BGColor="white" TextColor="white" Picture="1" IgnoreMouse="1" Sprite="CRB_ChallengeTrackerSprites:sprChallengeTierCompleteStretch" HideInEditor="0" NoClip="1" TooltipColor=""/>
                <Pixie LAnchorPoint="0" LAnchorOffset="0" TAnchorPoint="0" TAnchorOffset="22" RAnchorPoint="1" RAnchorOffset="0" BAnchorPoint="1" BAnchorOffset="0" BGColor="UI_AlphaPercent55" Font="Default" TextColor="white" Text="" Sprite="CRB_ActionBarIconSprites:sprActionBar_OrangeBorder" Line="0"/>
            </Control>
            <Pixie LAnchorPoint="0" LAnchorOffset="0" TAnchorPoint="0" TAnchorOffset="0" RAnchorPoint="1" RAnchorOffset="0" BAnchorPoint="1" BAnchorOffset="0" BGColor="white" Font="CRB_HeaderSmall" TextColor="UI_TextHoloTitle" Text="" TextId="" Sprite="BK3:UI_BK3_Holo_InsetHeaderThin" DT_CENTER="1" DT_VCENTER="1" Line="0"/>
            <Pixie LAnchorPoint="0" LAnchorOffset="0" TAnchorPoint="0" TAnchorOffset="9" RAnchorPoint="1" RAnchorOffset="0" BAnchorPoint="1" BAnchorOffset="0" Sprite="" BGColor="ffffffff" TextColor="UI_TextHoloTitle" Rotation="0" Font="CRB_HeaderTiny" Text="" TextId="ExplorerMission_ScavengerHunt" DT_CENTER="1"/>
        </Control>
        <Control Class="Window" Name="VistaContainer" LAnchorPoint="0" LAnchorOffset="0" TAnchorPoint="0" TAnchorOffset="0" RAnchorPoint="1" RAnchorOffset="0" BAnchorPoint="1" BAnchorOffset="0" Border="0" Template="Default" Picture="0" Visible="0" BGColor="white" TextColor="white" Overlapped="0" UseTemplateBG="0" Moveable="0" Escapable="0" HideInEditor="1" NewWindowDepth="1" IgnoreMouse="1" NewControlDepth="5" TooltipColor="">
            <Control Class="Window" LAnchorPoint="0" LAnchorOffset="26" TAnchorPoint="0" TAnchorOffset="4" RAnchorPoint="1" RAnchorOffset="-26" BAnchorPoint="0" BAnchorOffset="34" RelativeToClient="1" Font="CRB_HeaderTiny" Text="" Template="Default" Name="VistaTitle" BGColor="white" TextColor="UI_TextHoloTitle" TextId="ExplorerMissions_VistaLocator" DT_VCENTER="1" DT_CENTER="1" IgnoreMouse="1" NoClip="1" Visible="1" Sprite="" Picture="1" TooltipColor="" Tooltip="" AutoScaleText="1"/>
            <Control Class="Button" Base="BK3:btnHolo_Close" Font="CRB_InterfaceMedium" ButtonType="PushButton" RadioGroup="" LAnchorPoint="1" LAnchorOffset="-33" TAnchorPoint="0" TAnchorOffset="5" RAnchorPoint="1" RAnchorOffset="-3" BAnchorPoint="0" BAnchorOffset="35" DT_VCENTER="1" DT_CENTER="1" Name="VistaCloseBtn" BGColor="white" TextColor="white" NormalTextColor="white" PressedTextColor="white" FlybyTextColor="white" PressedFlybyTextColor="white" DisabledTextColor="white" Text="" TextId="" LeftEdgeControlsAnchor="" TopEdgeControlsAnchor="" RightEdgeControlsAnchor="" BottomEdgeControlsAnchor="" Tooltip="" TooltipId="" TooltipColor="">
                <Event Name="ButtonSignal" Function="OnVistaCloseClick"/>
            </Control>
            <Control Class="Button" Base="BK3:btnHolo_Blue_Small" Font="CRB_InterfaceMedium" ButtonType="PushButton" RadioGroup="" LAnchorPoint="0.5" LAnchorOffset="-95" TAnchorPoint="0" TAnchorOffset="136" RAnchorPoint=".5" RAnchorOffset="-20" BAnchorPoint="0" BAnchorOffset="189" DT_VCENTER="1" DT_CENTER="1" Name="VistaLocateButton" BGColor="white" TextColor="white" WindowSoundTemplate="Custom" NewControlDepth="2" TextId="" NewWindowDepth="1" Tooltip="" TooltipId="" TooltipType="OnCursor" NormalTextColor="white" PressedTextColor="white" FlybyTextColor="white" PressedFlybyTextColor="white" DisabledTextColor="UI_AlphaPercent40" RelativeToClient="1" Text="" TooltipColor="">
                <Event Name="ButtonSignal" Function="OnVistaLocateClick"/>
                <Control Class="Window" LAnchorPoint="0" LAnchorOffset="18" TAnchorPoint="0" TAnchorOffset="2" RAnchorPoint="0" RAnchorOffset="45" BAnchorPoint="1" BAnchorOffset="-2" RelativeToClient="1" Font="CRB_InterfaceLarge_BO" Text="" Template="Default" Name="LocateLbl1a" BGColor="white" TextColor="white" TextId="CRB__7" DT_VCENTER="1" DT_CENTER="0" DT_RIGHT="0" DT_BOTTOM="0" TooltipColor=""/>
                <Control Class="Window" LAnchorPoint="0" LAnchorOffset="26" TAnchorPoint="0" TAnchorOffset="2" RAnchorPoint="0" RAnchorOffset="53" BAnchorPoint="1" BAnchorOffset="-2" RelativeToClient="1" Font="CRB_HeaderLarge_O" Text="" Template="Default" Name="LocateLbl2" BGColor="white" TextColor="white" TextId="CRB__7" DT_VCENTER="1" DT_CENTER="0" DT_RIGHT="0" DT_BOTTOM="0" TooltipColor=""/>
                <Control Class="Window" LAnchorPoint="1" LAnchorOffset="-35" TAnchorPoint="0" TAnchorOffset="19" RAnchorPoint="1" RAnchorOffset="-18" BAnchorPoint="1" BAnchorOffset="9" RelativeToClient="1" Font="CRB_InterfaceLarge_BO" Text="" Template="Default" Name="LocateLbl3" BGColor="white" TextColor="white" TextId="" Picture="1" IgnoreMouse="1" Sprite="CRB_PlayerPathSprites:sprPP_ExpTargetIcon" NewControlDepth="1" TooltipColor=""/>
                <Control Class="Window" LAnchorPoint="0" LAnchorOffset="3" TAnchorPoint="0" TAnchorOffset="12" RAnchorPoint="1" RAnchorOffset="-3" BAnchorPoint="1" BAnchorOffset="-9" RelativeToClient="1" Font="Default" Text="" Template="Default" Name="VistaLocateButtonShade" BGColor="UI_AlphaPercent60" TextColor="white" Picture="1" IgnoreMouse="1" Sprite="ClientSprites:BlackFill" Visible="0" NewControlDepth="2" TooltipColor=""/>
            </Control>
            <Control Class="Button" Base="BK3:btnHolo_Blue_Small" Font="CRB_Button" ButtonType="PushButton" RadioGroup="" LAnchorPoint=".5" LAnchorOffset="-16" TAnchorPoint="0" TAnchorOffset="137" RAnchorPoint="0.5" RAnchorOffset="92" BAnchorPoint="0" BAnchorOffset="190" DT_VCENTER="1" DT_CENTER="1" Name="VistaPlaceButton" BGColor="white" TextColor="white" WindowSoundTemplate="PushbuttonDigi01" NewControlDepth="2" TextId="CRB_Place" Tooltip="" TooltipId="" TooltipType="OnCursor" NormalTextColor="UI_BtnTextBlueNormal" PressedTextColor="UI_BtnTextBluePressed" FlybyTextColor="UI_BtnTextBlueFlyby" PressedFlybyTextColor="UI_BtnTextBluePressedFlyby" DisabledTextColor="UI_BtnTextBlueDisabled" RelativeToClient="1" TooltipColor="">
                <Event Name="ButtonSignal" Function="OnVistaPlaceBtn"/>
            </Control>
            <Control Class="Window" LAnchorPoint="0.5" LAnchorOffset="-133" TAnchorPoint="0" TAnchorOffset="44" RAnchorPoint="0.5" RAnchorOffset="140" BAnchorPoint="0" BAnchorOffset="118" RelativeToClient="1" Font="Default" Text="" Template="Default" Name="VistaUplinkBG" BGColor="white" TextColor="white" NewControlDepth="2" TooltipColor="" HideInEditor="0">
                <Control Class="Window" LAnchorPoint="0" LAnchorOffset="70" TAnchorPoint="0" TAnchorOffset="66" RAnchorPoint="0" RAnchorOffset="90" BAnchorPoint="1" BAnchorOffset="0" RelativeToClient="1" Font="Default" Text="" Template="Default" Name="Bucket_1" BGColor="UI_TextHoloBody" TextColor="white" Sprite="Whitefill" Picture="0" NewControlDepth="1" HideInEditor="0" IgnoreMouse="1" TooltipColor="">
                    <Pixie LAnchorPoint="0" LAnchorOffset="0" TAnchorPoint="0" TAnchorOffset="0" RAnchorPoint="1" RAnchorOffset="0" BAnchorPoint="1" BAnchorOffset="0" BGColor="UI_AlphaPercent20" Font="Default" TextColor="white" Text="" Sprite="CRB_ActionBarIconSprites:sprActionBar_GreenBorder" Line="0"/>
                </Control>
                <Control Class="Window" LAnchorPoint="0" LAnchorOffset="100" TAnchorPoint="0" TAnchorOffset="45" RAnchorPoint="0" RAnchorOffset="120" BAnchorPoint="1" BAnchorOffset="0" RelativeToClient="1" Font="Default" Text="" Template="Default" Name="Bucket_2" BGColor="UI_AlphaPercent20" TextColor="white" Sprite="Whitefill" Picture="0" NewControlDepth="1" HideInEditor="0" IgnoreMouse="1" TooltipColor="">
                    <Pixie LAnchorPoint="0" LAnchorOffset="0" TAnchorPoint="0" TAnchorOffset="0" RAnchorPoint="1" RAnchorOffset="0" BAnchorPoint="1" BAnchorOffset="0" BGColor="UI_AlphaPercent20" Font="Default" TextColor="white" Text="" Sprite="CRB_ActionBarIconSprites:sprActionBar_GreenBorder" Line="0"/>
                </Control>
                <Control Class="Window" LAnchorPoint="0" LAnchorOffset="131" TAnchorPoint="0" TAnchorOffset="19" RAnchorPoint="0" RAnchorOffset="151" BAnchorPoint="1" BAnchorOffset="0" RelativeToClient="1" Font="Default" Text="" Template="Default" Name="Bucket_3" BGColor="UI_AlphaPercent20" TextColor="white" Sprite="Whitefill" Picture="0" NewControlDepth="1" HideInEditor="0" IgnoreMouse="1" TooltipColor="">
                    <Pixie LAnchorPoint="0" LAnchorOffset="0" TAnchorPoint="0" TAnchorOffset="0" RAnchorPoint="1" RAnchorOffset="0" BAnchorPoint="1" BAnchorOffset="0" BGColor="UI_AlphaPercent20" Font="Default" TextColor="white" Text="" Sprite="CRB_ActionBarIconSprites:sprActionBar_GreenBorder" Line="0"/>
                </Control>
                <Control Class="Window" LAnchorPoint="0" LAnchorOffset="163" TAnchorPoint="0" TAnchorOffset="1" RAnchorPoint="0" RAnchorOffset="183" BAnchorPoint="1" BAnchorOffset="0" RelativeToClient="1" Font="Default" Text="" Template="Default" Name="Bucket_4" BGColor="UI_AlphaPercent20" TextColor="white" Sprite="Whitefill" Picture="0" NewControlDepth="1" HideInEditor="0" IgnoreMouse="1" TooltipColor="">
                    <Pixie LAnchorPoint="0" LAnchorOffset="0" TAnchorPoint="0" TAnchorOffset="0" RAnchorPoint="1" RAnchorOffset="0" BAnchorPoint="1" BAnchorOffset="0" BGColor="UI_AlphaPercent20" Font="Default" TextColor="white" Text="" Sprite="CRB_ActionBarIconSprites:sprActionBar_GreenBorder" Line="0"/>
                </Control>
                <Control Class="Window" LAnchorPoint="0" LAnchorOffset="4" TAnchorPoint="0" TAnchorOffset="9" RAnchorPoint="0" RAnchorOffset="75" BAnchorPoint="0" BAnchorOffset="95" RelativeToClient="1" Font="CRB_InterfaceLarge" Text="" Template="Default" Name="BucketBox" BGColor="white" TextColor="white" Picture="0" Sprite="CRB_DatachronSprites:sprDCPP_ExActiveUplink" HideInEditor="0" Visible="0" IgnoreMouse="1"/>
            </Control>
            <Control Class="Window" LAnchorPoint="0.5" LAnchorOffset="-133" TAnchorPoint="0" TAnchorOffset="44" RAnchorPoint="0.5" RAnchorOffset="140" BAnchorPoint="0" BAnchorOffset="118" RelativeToClient="1" Font="Default" Text="" Template="Default" Name="VistaUplinkNode" BGColor="white" TextColor="white" NewControlDepth="2" HideInEditor="0" TooltipColor="">
                <Control Class="Window" LAnchorPoint="0" LAnchorOffset="70" TAnchorPoint="0" TAnchorOffset="66" RAnchorPoint="0" RAnchorOffset="90" BAnchorPoint="1" BAnchorOffset="0" RelativeToClient="1" Font="Default" Text="" Template="Default" Name="Bucket_1" BGColor="UI_TextHoloBody" TextColor="white" Sprite="Whitefill" Picture="1" NewControlDepth="1" HideInEditor="0" TooltipColor="">
                    <Pixie LAnchorPoint="0" LAnchorOffset="0" TAnchorPoint="0" TAnchorOffset="0" RAnchorPoint="1" RAnchorOffset="0" BAnchorPoint="1" BAnchorOffset="0" BGColor="white" Font="Default" TextColor="white" Text="" Sprite="CRB_ActionBarIconSprites:sprActionBar_GreenBorder" Line="0"/>
                </Control>
                <Control Class="Window" LAnchorPoint="0" LAnchorOffset="100" TAnchorPoint="0" TAnchorOffset="45" RAnchorPoint="0" RAnchorOffset="120" BAnchorPoint="1" BAnchorOffset="0" RelativeToClient="1" Font="Default" Text="" Template="Default" Name="Bucket_2" BGColor="UI_TextHoloBody" TextColor="white" Sprite="Whitefill" Picture="1" NewControlDepth="1" HideInEditor="0" TooltipColor="">
                    <Pixie LAnchorPoint="0" LAnchorOffset="0" TAnchorPoint="0" TAnchorOffset="0" RAnchorPoint="1" RAnchorOffset="0" BAnchorPoint="1" BAnchorOffset="0" BGColor="white" Font="Default" TextColor="white" Text="" Sprite="CRB_ActionBarIconSprites:sprActionBar_GreenBorder" Line="0"/>
                </Control>
                <Control Class="Window" LAnchorPoint="0" LAnchorOffset="131" TAnchorPoint="0" TAnchorOffset="19" RAnchorPoint="0" RAnchorOffset="151" BAnchorPoint="1" BAnchorOffset="0" RelativeToClient="1" Font="Default" Text="" Template="Default" Name="Bucket_3" BGColor="UI_TextHoloBody" TextColor="white" Sprite="Whitefill" Picture="1" NewControlDepth="1" HideInEditor="0" TooltipColor="">
                    <Pixie LAnchorPoint="0" LAnchorOffset="0" TAnchorPoint="0" TAnchorOffset="0" RAnchorPoint="1" RAnchorOffset="0" BAnchorPoint="1" BAnchorOffset="0" BGColor="white" Font="Default" TextColor="white" Text="" Sprite="CRB_ActionBarIconSprites:sprActionBar_GreenBorder" Line="0"/>
                </Control>
                <Control Class="Window" LAnchorPoint="0" LAnchorOffset="163" TAnchorPoint="0" TAnchorOffset="1" RAnchorPoint="0" RAnchorOffset="183" BAnchorPoint="1" BAnchorOffset="0" RelativeToClient="1" Font="Default" Text="" Template="Default" Name="Bucket_4" BGColor="UI_TextHoloBody" TextColor="white" Sprite="Whitefill" Picture="1" NewControlDepth="1" HideInEditor="0" TooltipColor="">
                    <Pixie LAnchorPoint="0" LAnchorOffset="0" TAnchorPoint="0" TAnchorOffset="0" RAnchorPoint="1" RAnchorOffset="0" BAnchorPoint="1" BAnchorOffset="0" BGColor="white" Font="Default" TextColor="white" Text="" Sprite="CRB_ActionBarIconSprites:sprActionBar_GreenBorder" Line="0"/>
                </Control>
                <Control Class="Window" LAnchorPoint="0" LAnchorOffset="4" TAnchorPoint="0" TAnchorOffset="9" RAnchorPoint="0" RAnchorOffset="75" BAnchorPoint="0" BAnchorOffset="95" RelativeToClient="1" Font="CRB_InterfaceLarge" Text="" Template="Default" Name="BucketBox" BGColor="white" TextColor="white" Picture="0" Sprite="CRB_DatachronSprites:sprDCPP_ExActiveUplink" HideInEditor="0" Visible="0" IgnoreMouse="1"/>
            </Control>
            <Pixie LAnchorPoint="0" LAnchorOffset="0" TAnchorPoint="0" TAnchorOffset="0" RAnchorPoint="1" RAnchorOffset="0" BAnchorPoint="1" BAnchorOffset="0" Sprite="BK3:UI_BK3_Holo_InsetHeaderThin" BGColor="white" TextColor="black" Rotation="0" Font="Default"/>
            <Pixie LAnchorPoint="0" LAnchorOffset="0" TAnchorPoint="0" TAnchorOffset="123" RAnchorPoint="1" RAnchorOffset="0" BAnchorPoint="0" BAnchorOffset="145" BGColor="white" Font="CRB_InterfaceSmall" TextColor="UI_TextHoloBody" Text="" TextId="CRB_Signal_Strength" DT_CENTER="1" DT_VCENTER="1" Line="0"/>
            <Pixie LAnchorPoint="0" LAnchorOffset="5" TAnchorPoint="0" TAnchorOffset="111" RAnchorPoint="1" RAnchorOffset="-5" BAnchorPoint="1" BAnchorOffset="0" BGColor="UI_AlphaPercent60" Font="CRB_InterfaceSmall_O" TextColor="UI_TextHoloBody" Text="" TextId="" Sprite="BK3:UI_BK3_Holo_InsetDividerBright_H" DT_CENTER="1" DT_VCENTER="1" Line="0"/>
        </Control>
        <Control Class="Window" Name="ClaimContainer" LAnchorPoint="0" LAnchorOffset="0" TAnchorPoint="0" TAnchorOffset="0" RAnchorPoint="1" RAnchorOffset="0" BAnchorPoint="1" BAnchorOffset="0" Border="0" Template="Default" Picture="0" Visible="0" BGColor="white" TextColor="white" Overlapped="0" UseTemplateBG="0" Moveable="0" Escapable="0" HideInEditor="1" NewWindowDepth="1" IgnoreMouse="1" NewControlDepth="5" TooltipColor="">
            <Control Class="Window" LAnchorPoint="0" LAnchorOffset="26" TAnchorPoint="0" TAnchorOffset="4" RAnchorPoint="1" RAnchorOffset="-26" BAnchorPoint="0" BAnchorOffset="34" RelativeToClient="1" Font="CRB_HeaderTiny" Text="" Template="Default" Name="ClaimTitle" BGColor="white" TextColor="UI_TextHoloTitle" TextId="ExplorerMissions_ClaimTerritory" DT_VCENTER="1" DT_CENTER="1" IgnoreMouse="1" NoClip="1" Visible="1" Sprite="" Picture="1" TooltipColor="" AutoScaleText="1"/>
            <Control Class="Button" Base="BK3:btnHolo_Close" Font="CRB_InterfaceMedium" ButtonType="PushButton" RadioGroup="" LAnchorPoint="1" LAnchorOffset="-33" TAnchorPoint="0" TAnchorOffset="5" RAnchorPoint="1" RAnchorOffset="-3" BAnchorPoint="0" BAnchorOffset="35" DT_VCENTER="1" DT_CENTER="1" Name="ClaimCloseBtn" BGColor="white" TextColor="white" NormalTextColor="white" PressedTextColor="white" FlybyTextColor="white" PressedFlybyTextColor="white" DisabledTextColor="white" Text="" TextId="" LeftEdgeControlsAnchor="" TopEdgeControlsAnchor="" RightEdgeControlsAnchor="" BottomEdgeControlsAnchor="" Tooltip="" TooltipId="" TooltipColor="">
                <Event Name="ButtonSignal" Function="OnClaimCloseClick"/>
            </Control>
            <Control Class="Window" LAnchorPoint="0.5" LAnchorOffset="-125" TAnchorPoint="0" TAnchorOffset="45" RAnchorPoint="0.5" RAnchorOffset="125" BAnchorPoint="0" BAnchorOffset="86" RelativeToClient="1" Font="Default" Text="" Template="Default" Name="ClaimBarBG" BGColor="white" TextColor="white" Picture="1" IgnoreMouse="1" Sprite="BK3:UI_BK3_Holo_ProgressBar_BG" TooltipColor="">
                <Control Class="ProgressBar" Text="" LAnchorPoint="0" LAnchorOffset="15" TAnchorPoint="0" TAnchorOffset="0" RAnchorPoint="0" RAnchorOffset="235" BAnchorPoint="1" BAnchorOffset="0" RelativeToClient="1" Name="ClaimBar" BGColor="white" TextColor="white" Sprite="" Picture="0" ProgressFull="BK3:UI_BK3_Holo_ProgressBar_Fill" TooltipColor="" BarColor="" ProgressEdgeGlow="BK3:UI_BK3_Holo_ProgressBar_Cap"/>
            </Control>
            <Control Class="Window" LAnchorPoint="0" LAnchorOffset="0" TAnchorPoint="0" TAnchorOffset="151" RAnchorPoint="1" RAnchorOffset="0" BAnchorPoint="0" BAnchorOffset="181" RelativeToClient="1" Font="Default" Text="" Template="Default" Name="ClaimArrangeHorz" BGColor="white" TextColor="white" TooltipColor="">
                <Control Class="Button" Base="BK3:btnHolo_Blue_Small" Font="CRB_InterfaceMedium" ButtonType="PushButton" RadioGroup="" LAnchorPoint="0" LAnchorOffset="9" TAnchorPoint="0" TAnchorOffset="-15" RAnchorPoint="0" RAnchorOffset="84" BAnchorPoint="0" BAnchorOffset="38" DT_VCENTER="1" DT_CENTER="1" Name="ClaimLocateButton" BGColor="white" TextColor="white" WindowSoundTemplate="Custom" NewControlDepth="2" TextId="" NewWindowDepth="1" Tooltip="" TooltipId="" TooltipType="OnCursor" NormalTextColor="white" PressedTextColor="white" FlybyTextColor="white" PressedFlybyTextColor="white" DisabledTextColor="UI_AlphaPercent40" RelativeToClient="1" Text="" TooltipColor="">
                    <Event Name="ButtonSignal" Function="OnClaimLocateBtn"/>
                    <Control Class="Window" LAnchorPoint="0" LAnchorOffset="17" TAnchorPoint="0" TAnchorOffset="1" RAnchorPoint="0" RAnchorOffset="44" BAnchorPoint="1" BAnchorOffset="-3" RelativeToClient="1" Font="CRB_InterfaceLarge_BO" Text="" Template="Default" Name="LocateLbl1a" BGColor="white" TextColor="white" TextId="CRB__7" DT_VCENTER="1" DT_CENTER="0" DT_RIGHT="0" DT_BOTTOM="0" TooltipColor=""/>
                    <Control Class="Window" LAnchorPoint="0" LAnchorOffset="24" TAnchorPoint="0" TAnchorOffset="2" RAnchorPoint="0" RAnchorOffset="51" BAnchorPoint="1" BAnchorOffset="-2" RelativeToClient="1" Font="CRB_HeaderLarge_O" Text="" Template="Default" Name="LocateLbl2" BGColor="white" TextColor="white" TextId="CRB__7" DT_VCENTER="1" DT_CENTER="0" DT_RIGHT="0" DT_BOTTOM="0" TooltipColor=""/>
                    <Control Class="Window" LAnchorPoint="1" LAnchorOffset="-32" TAnchorPoint="0" TAnchorOffset="19" RAnchorPoint="1" RAnchorOffset="-15" BAnchorPoint="1" BAnchorOffset="9" RelativeToClient="1" Font="CRB_InterfaceLarge_BO" Text="" Template="Default" Name="LocateLbl3" BGColor="white" TextColor="white" TextId="" Picture="1" IgnoreMouse="1" Sprite="CRB_PlayerPathSprites:sprPP_ExpTargetIcon" NewControlDepth="1" TooltipColor=""/>
                    <Control Class="Window" LAnchorPoint="0" LAnchorOffset="6" TAnchorPoint="0" TAnchorOffset="15" RAnchorPoint="1" RAnchorOffset="-4" BAnchorPoint="1" BAnchorOffset="-13" RelativeToClient="1" Font="Default" Text="" Template="Default" Name="ClaimLocateButtonShade" BGColor="UI_AlphaPercent60" TextColor="white" Picture="1" IgnoreMouse="1" Sprite="ClientSprites:BlackFill" Visible="0" NewControlDepth="2" TooltipColor=""/>
                </Control>
                <Control Class="Button" Base="BK3:btnHolo_Blue_Small" Font="CRB_Button" ButtonType="PushButton" RadioGroup="" LAnchorPoint="0" LAnchorOffset="89" TAnchorPoint="0" TAnchorOffset="-13" RAnchorPoint="0" RAnchorOffset="197" BAnchorPoint="0" BAnchorOffset="40" DT_VCENTER="1" DT_CENTER="1" Name="ClaimPlaceButton" BGColor="white" TextColor="white" WindowSoundTemplate="PushbuttonDigi01" NewControlDepth="2" TextId="CRB_Place" Tooltip="" TooltipId="" TooltipType="OnCursor" NormalTextColor="UI_BtnTextBlueNormal" PressedTextColor="UI_BtnTextBluePressed" FlybyTextColor="UI_BtnTextBlueFlyby" PressedFlybyTextColor="UI_BtnTextBluePressedFlyby" DisabledTextColor="UI_BtnTextBlueDisabled" RelativeToClient="1" Text="" TooltipColor="">
                    <Event Name="ButtonSignal" Function="OnClaimPlaceBtn"/>
                </Control>
                <Control Class="Button" Base="BK3:btnHolo_Blue_Small" Font="CRB_Button" ButtonType="PushButton" RadioGroup="" LAnchorPoint="0" LAnchorOffset="201" TAnchorPoint="0" TAnchorOffset="-13" RAnchorPoint="0" RAnchorOffset="276" BAnchorPoint="0" BAnchorOffset="40" DT_VCENTER="1" DT_CENTER="1" Name="ClaimHintButton" BGColor="white" TextColor="white" WindowSoundTemplate="PushbuttonDigi01" NewControlDepth="2" TextId="CRB_Hint" Tooltip="" TooltipId="" TooltipType="OnCursor" NormalTextColor="UI_BtnTextBlueNormal" PressedTextColor="UI_BtnTextBluePressed" FlybyTextColor="UI_BtnTextBlueFlyby" PressedFlybyTextColor="UI_BtnTextBluePressedFlyby" DisabledTextColor="UI_BtnTextBlueDisabled" RelativeToClient="1" Text="" TooltipColor="">
                    <Event Name="ButtonSignal" Function="OnClaimHintBtn"/>
                </Control>
            </Control>
            <Pixie LAnchorPoint="0" LAnchorOffset="0" TAnchorPoint="0" TAnchorOffset="0" RAnchorPoint="1" RAnchorOffset="0" BAnchorPoint="1" BAnchorOffset="0" Sprite="BK3:UI_BK3_Holo_InsetHeaderThin" BGColor="white" TextColor="black" Rotation="0" Font="Default"/>
            <Pixie LAnchorPoint="0" LAnchorOffset="5" TAnchorPoint="0" TAnchorOffset="106" RAnchorPoint="1" RAnchorOffset="-5" BAnchorPoint="1" BAnchorOffset="0" BGColor="UI_AlphaPercent60" Font="CRB_InterfaceSmall_O" TextColor="UI_TextHoloBody" Text="" TextId="" Sprite="BK3:UI_BK3_Holo_InsetDividerBright_H" DT_CENTER="1" DT_VCENTER="1" Line="0"/>
            <Pixie LAnchorPoint="0" LAnchorOffset="0" TAnchorPoint="0" TAnchorOffset="81" RAnchorPoint="1" RAnchorOffset="0" BAnchorPoint="0" BAnchorOffset="118" BGColor="white" Font="CRB_InterfaceMedium" TextColor="UI_TextHoloBody" Text="" TextId="CRB_Signal_Strength" DT_CENTER="1" DT_VCENTER="0" Line="0"/>
        </Control>
        <Control Class="Window" LAnchorPoint="0" LAnchorOffset="0" TAnchorPoint="0" TAnchorOffset="0" RAnchorPoint="1" RAnchorOffset="0" BAnchorPoint="1" BAnchorOffset="0" RelativeToClient="1" Font="Default" Text="" Template="Default" Name="PowerMapContainer" BGColor="white" TextColor="white" Visible="0" HideInEditor="0" Sprite="" NewControlDepth="5" Picture="1" IgnoreMouse="1" TooltipColor="">
            <Control Class="Window" LAnchorPoint="0" LAnchorOffset="0" TAnchorPoint="0" TAnchorOffset="0" RAnchorPoint="1" RAnchorOffset="0" BAnchorPoint="1" BAnchorOffset="0" RelativeToClient="1" Font="Default" Text="" Template="Default" Name="PowerMapActiveContainer" BGColor="white" TextColor="white" HideInEditor="0" Picture="1" IgnoreMouse="1" Sprite="" TooltipColor="">
                <Control Class="Window" LAnchorPoint="0" LAnchorOffset="0" TAnchorPoint="0" TAnchorOffset="-3" RAnchorPoint="1" RAnchorOffset="0" BAnchorPoint="0" BAnchorOffset="109" RelativeToClient="1" Font="Default" Text="" Template="Default" Name="PowerMapProgressC" BGColor="white" TextColor="white" HideInEditor="0" TooltipColor="">
                    <Control Class="Window" LAnchorPoint="0.5" LAnchorOffset="-60" TAnchorPoint="0" TAnchorOffset="54" RAnchorPoint="0.5" RAnchorOffset="60" BAnchorPoint="0" BAnchorOffset="86" RelativeToClient="1" Font="CRB_HeaderGigantic" Text="3/4" Template="Default" Name="ProgressText" BGColor="white" TextColor="white" TextId="" DT_CENTER="1" TooltipColor="">
                        <Control Class="Window" LAnchorPoint="0" LAnchorOffset="0" TAnchorPoint="0" TAnchorOffset="-8" RAnchorPoint="1" RAnchorOffset="0" BAnchorPoint="1" BAnchorOffset="8" RelativeToClient="1" Font="Default" Text="" Template="Default" Name="PowerMapProgressFlash" BGColor="9dfff6666" TextColor="white" Picture="1" IgnoreMouse="1" Sprite="CRB_NameplateSprites:sprNp_VulnerableBarFlash" NoClip="1" Visible="0" HideInEditor="0" TooltipColor=""/>
                    </Control>
                    <Pixie LAnchorPoint="0" LAnchorOffset="0" TAnchorPoint="0" TAnchorOffset="12" RAnchorPoint="1" RAnchorOffset="0" BAnchorPoint="0" BAnchorOffset="32" BGColor="white" Font="CRB_HeaderSmall" TextColor="UI_TextHoloTitle" Text="" TextId="ExplorerMissions_RisidualsCollected" DT_CENTER="1" Line="0"/>
                </Control>
                <Control Class="Window" LAnchorPoint="0" LAnchorOffset="0" TAnchorPoint="0" TAnchorOffset="97" RAnchorPoint="1" RAnchorOffset="0" BAnchorPoint="0" BAnchorOffset="146" RelativeToClient="1" Font="Default" Text="" Template="Default" Name="PowerMapSignalC" BGColor="white" TextColor="white" HideInEditor="0" TooltipColor="">
                    <Control Class="Window" LAnchorPoint="0.5" LAnchorOffset="14" TAnchorPoint="0" TAnchorOffset="0" RAnchorPoint="0.5" RAnchorOffset="64" BAnchorPoint="0" BAnchorOffset="20" RelativeToClient="1" Font="CRB_HeaderMedium" Text="24m" Template="Default" Name="PowerMapRangeText" BGColor="white" TextColor="UI_TextHoloBodyHighlight" TextId="" DT_RIGHT="0" TooltipColor="" DT_CENTER="0"/>
                    <Control Class="ProgressBar" Text="" LAnchorPoint="0.5" LAnchorOffset="-112" TAnchorPoint="0" TAnchorOffset="23" RAnchorPoint="0.5" RAnchorOffset="112" BAnchorPoint="0" BAnchorOffset="43" AutoSetText="0" UseValues="0" RelativeToClient="1" SetTextToProgress="0" DT_CENTER="1" DT_VCENTER="1" ProgressEmpty="CRB_NameplateSprites:sprNp_HealthBack" ProgressFull="CRB_NameplateSprites:sprNp_HealthBarNeutral" Name="DistanceProgressBar" BGColor="UI_TextMetalBody" TextColor="white" ProgressFill="" TooltipColor="" BarColor=""/>
                    <Pixie LAnchorPoint="0.5" LAnchorOffset="-61" TAnchorPoint="0" TAnchorOffset="0" RAnchorPoint="0.5" RAnchorOffset="50" BAnchorPoint="0" BAnchorOffset="39" BGColor="white" Font="CRB_HeaderMedium" TextColor="UI_TextHoloBody" Text="" TextId="ExplorerMissions_Distance" Line="0"/>
                </Control>
                <Control Class="Window" LAnchorPoint="0" LAnchorOffset="0" TAnchorPoint="0" TAnchorOffset="87" RAnchorPoint="1" RAnchorOffset="0" BAnchorPoint="0" BAnchorOffset="148" RelativeToClient="1" Font="Default" Text="" Template="Default" Name="PowerMapDespawnC" BGColor="white" TextColor="white" HideInEditor="0" Picture="0" IgnoreMouse="1" Sprite="" TooltipColor="">
                    <Control Class="MLWindow" LAnchorPoint="0" LAnchorOffset="0" TAnchorPoint="0" TAnchorOffset="27" RAnchorPoint="1" RAnchorOffset="0" BAnchorPoint="0" BAnchorOffset="59" RelativeToClient="1" Font="CRB_HeaderGigantic" Text="" Template="Default" Name="DespawnText" BGColor="white" TextColor="ConHard" DT_CENTER="1" TextId="" Visible="1" TooltipColor="" DT_VCENTER="1"/>
                    <Pixie LAnchorPoint="0" LAnchorOffset="0" TAnchorPoint="0" TAnchorOffset="10" RAnchorPoint="1" RAnchorOffset="0" BAnchorPoint="0" BAnchorOffset="30" BGColor="white" Font="CRB_Header12" TextColor="UI_BtnTextRedNormal" Text="" TextId="ExplorerMissions_DissipatingLabel" DT_CENTER="1" Line="0"/>
                </Control>
            </Control>
            <Control Class="Button" Base="BK3:btnHolo_Close" Font="CRB_InterfaceMedium" ButtonType="PushButton" RadioGroup="" LAnchorPoint="1" LAnchorOffset="-33" TAnchorPoint="0" TAnchorOffset="5" RAnchorPoint="1" RAnchorOffset="-3" BAnchorPoint="0" BAnchorOffset="35" DT_VCENTER="1" DT_CENTER="1" Name="PowerMapCloseBtn" BGColor="white" TextColor="white" NormalTextColor="white" PressedTextColor="white" FlybyTextColor="white" PressedFlybyTextColor="white" DisabledTextColor="white" Text="" TextId="" LeftEdgeControlsAnchor="" TopEdgeControlsAnchor="" RightEdgeControlsAnchor="" BottomEdgeControlsAnchor="" Tooltip="" TooltipId="" TooltipColor="" HideInEditor="0">
                <Event Name="ButtonSignal" Function="OnPowerMapCloseClick"/>
            </Control>
            <Control Class="Window" LAnchorPoint="0.5" LAnchorOffset="-90" TAnchorPoint="0.5" TAnchorOffset="-51" RAnchorPoint="0.5" RAnchorOffset="90" BAnchorPoint="0.5" BAnchorOffset="14" RelativeToClient="1" Font="CRB_InterfaceMedium" Text="" Template="Default" Name="PowerMapReadyMsg" BGColor="white" TextColor="UI_TextHoloTitle" TextId="ExplorerMissions_PowerMapReady" DT_VCENTER="1" DT_CENTER="1" IgnoreMouse="1" NoClip="1" DT_WORDBREAK="1" Tooltip="" HideInEditor="1" TooltipColor=""/>
            <Control Class="Button" Base="BK3:btnHolo_Blue_Med" Font="CRB_Button" ButtonType="PushButton" RadioGroup="" LAnchorPoint="0.5" LAnchorOffset="-77" TAnchorPoint="0.5" TAnchorOffset="8" RAnchorPoint="0.5" RAnchorOffset="77" BAnchorPoint="0.5" BAnchorOffset="81" DT_VCENTER="1" DT_CENTER="1" Name="PowerMapStartBtn" BGColor="white" TextColor="white" NormalTextColor="UI_BtnTextBlueNormal" PressedTextColor="UI_BtnTextBluePressed" FlybyTextColor="UI_BtnTextBlueFlyby" PressedFlybyTextColor="UI_BtnTextBluePressedFlyby" DisabledTextColor="UI_BtnTextBlueDisabled" Text="" TextId="ProgressClick_Start" LeftEdgeControlsAnchor="" TopEdgeControlsAnchor="" RightEdgeControlsAnchor="" BottomEdgeControlsAnchor="" HideInEditor="1" TooltipColor="">
                <Event Name="ButtonSignal" Function="DoAPathAction"/>
            </Control>
            <Pixie LAnchorPoint="0" LAnchorOffset="0" TAnchorPoint="0" TAnchorOffset="0" RAnchorPoint="1" RAnchorOffset="0" BAnchorPoint="1" BAnchorOffset="0" Sprite="BK3:UI_BK3_Holo_InsetHeaderThin" BGColor="white" TextColor="black" Rotation="0" Font="Default"/>
        </Control>
    </Form>
    <Form Class="Window" LAnchorPoint="0.5" LAnchorOffset="-250" TAnchorPoint="0.25" TAnchorOffset="-80" RAnchorPoint="0.5" RAnchorOffset="250" BAnchorPoint="0.25" BAnchorOffset="229" RelativeToClient="1" Font="Default" Text="" Template="" Name="ExplorerHuntNotice" Border="0" Picture="1" SwallowMouseClicks="1" Escapable="1" Overlapped="1" BGColor="white" TextColor="white" UseTemplateBG="1" TextId="" Visible="0" Sprite="" Moveable="1" TooltipColor="">
        <Control Class="Window" LAnchorPoint="0" LAnchorOffset="0" TAnchorPoint="0" TAnchorOffset="0" RAnchorPoint="1" RAnchorOffset="0" BAnchorPoint="1" BAnchorOffset="0" RelativeToClient="1" Font="Default" Text="" Template="Default" TooltipType="OnCursor" Name="HuntBGFrame" BGColor="white" TextColor="white" TooltipColor="" Sprite="BK3:UI_BK3_Holo_Framing_1" Picture="1" IgnoreMouse="1"/>
        <Control Class="Window" LAnchorPoint="0" LAnchorOffset="60" TAnchorPoint="0" TAnchorOffset="43" RAnchorPoint="1" RAnchorOffset="-60" BAnchorPoint="0" BAnchorOffset="75" RelativeToClient="1" Font="CRB_HeaderLarge" Text="" Template="Default" Name="HuntHeader" BGColor="white" TextColor="UI_WindowTitleYellow" TextId="ExplorerMissions_ScavengerHunt" DT_CENTER="1" DT_WORDBREAK="1" DT_VCENTER="1" DT_BOTTOM="0" TooltipColor=""/>
        <Control Class="Window" LAnchorPoint="0" LAnchorOffset="60" TAnchorPoint="0" TAnchorOffset="83" RAnchorPoint="1" RAnchorOffset="-60" BAnchorPoint="1" BAnchorOffset="-120" RelativeToClient="1" Font="Default" Text="" BGColor="UI_WindowBGDefault" TextColor="UI_WindowTextDefault" Template="Default" TooltipType="OnCursor" Name="HuntDescBG" TooltipColor="" Sprite="BK3:UI_BK3_Holo_InsetSimple" Picture="1" IgnoreMouse="1" NewControlDepth="1"/>
        <Control Class="Window" LAnchorPoint="0" LAnchorOffset="70" TAnchorPoint="0" TAnchorOffset="93" RAnchorPoint="1" RAnchorOffset="-70" BAnchorPoint="1" BAnchorOffset="-130" RelativeToClient="1" Font="CRB_InterfaceMedium_B" Text="" Template="Default" Name="HuntDescription" BGColor="white" TextColor="UI_TextHoloBody" TextId="ExplorerMissions_ScavengerHunt" DT_VCENTER="1" DT_CENTER="1" DT_WORDBREAK="1" TooltipColor="" Picture="1" IgnoreMouse="1" Sprite="" NewControlDepth="2"/>
        <Control Class="Button" Base="BK3:btnHolo_Blue_Med" Font="CRB_Button" ButtonType="PushButton" RadioGroup="" LAnchorPoint="0" LAnchorOffset="150" TAnchorPoint="1" TAnchorOffset="-113" RAnchorPoint="1" RAnchorOffset="-150" BAnchorPoint="1" BAnchorOffset="-40" DT_VCENTER="1" DT_CENTER="1" Name="HuntNextBtn" BGColor="white" TextColor="white" NormalTextColor="UI_BtnTextBlueNormal" PressedTextColor="UI_BtnTextBluePressed" FlybyTextColor="UI_BtnTextBlueFlyby" PressedFlybyTextColor="UI_BtnTextBluePressedFlyby" DisabledTextColor="UI_BtnTextBlueDisabled" Text="" TextId="ExplorerMissions_NextClue" TooltipColor="">
            <Event Name="ButtonSignal" Function="PlayerPathExplorerHuntNoticeUpdate"/>
        </Control>
        <Control Class="Button" Base="BK3:btnHolo_Close" Font="Thick" ButtonType="PushButton" RadioGroup="" LAnchorPoint="1" LAnchorOffset="-83" TAnchorPoint="0" TAnchorOffset="38" RAnchorPoint="1" RAnchorOffset="-40" BAnchorPoint="0" BAnchorOffset="83" DT_VCENTER="1" DT_CENTER="1" Name="HuntCloseBtn" BGColor="white" TextColor="white" NormalTextColor="white" PressedTextColor="white" FlybyTextColor="white" PressedFlybyTextColor="white" DisabledTextColor="white" NewWindowDepth="1" NoClip="1" TooltipColor="">
            <Event Name="ButtonSignal" Function="OnHuntCloseBtn"/>
        </Control>
    </Form>
    <Form Class="WorldFixedWindow" LAnchorPoint="SELF" LAnchorOffset="-48" TAnchorPoint="SELF" TAnchorOffset="-30" RAnchorPoint="SELF" RAnchorOffset="52" BAnchorPoint="SELF" BAnchorOffset="10" RelativeToClient="1" Font="Default" Text="" Template="Default" Name="PowerMapRangeFinder" Overlapped="1" BGColor="white" TextColor="white" TextId="" Visible="0" Sprite="" IgnoreMouse="1" TooltipColor="" Tooltip="">
        <Control Class="Window" LAnchorPoint="0" LAnchorOffset="0" TAnchorPoint="0" TAnchorOffset="0" RAnchorPoint="0" RAnchorOffset="100" BAnchorPoint="0" BAnchorOffset="20" RelativeToClient="1" Font="CRB_HeaderMedium" Text="" Template="Default" Name="RangeFinderDespawnWarning" BGColor="white" TextColor="UI_WindowTextRed" TextId="ExplorerMissions_Despawning" IgnoreMouse="1" NoClip="1" Visible="0" DT_CENTER="1" TooltipColor=""/>
        <Control Class="ProgressBar" Text="" LAnchorPoint="0.5" LAnchorOffset="-33" TAnchorPoint="0" TAnchorOffset="0" RAnchorPoint="0.5" RAnchorOffset="33" BAnchorPoint="0" BAnchorOffset="20" AutoSetText="0" UseValues="0" RelativeToClient="1" SetTextToProgress="0" DT_CENTER="1" DT_VCENTER="1" ProgressEmpty="CRB_NameplateSprites:sprNp_HealthBack" ProgressFull="CRB_NameplateSprites:sprNp_HealthBarNeutral" Name="RangeFinderProgress" BGColor="white" TextColor="white" IgnoreMouse="1" TooltipColor="" BarColor="" Tooltip=""/>
        <Control Class="Window" LAnchorPoint="0" LAnchorOffset="0" TAnchorPoint="0" TAnchorOffset="20" RAnchorPoint="0" RAnchorOffset="100" BAnchorPoint="0" BAnchorOffset="40" RelativeToClient="1" Font="CRB_HeaderMedium" Text="" Template="Default" Name="RangeFinderText" BGColor="white" TextColor="white" TextId="" IgnoreMouse="1" NoClip="1" DT_CENTER="1" TooltipColor=""/>
    </Form>
    <Form Class="Window" LAnchorPoint="0" LAnchorOffset="0" TAnchorPoint="0" TAnchorOffset="0" RAnchorPoint="1" RAnchorOffset="0" BAnchorPoint="0" BAnchorOffset="30" RelativeToClient="1" Font="Default" Text="" Template="Default" Name="ScavengerClueItem" Picture="1" BGColor="white" TextColor="white" IgnoreMouse="1" Sprite="" TooltipColor="">
        <Control Class="Window" LAnchorPoint="0" LAnchorOffset="0" TAnchorPoint="0" TAnchorOffset="0" RAnchorPoint="1" RAnchorOffset="0" BAnchorPoint="1" BAnchorOffset="-1" RelativeToClient="1" Font="Default" Text="" Template="Default" Name="ScavengerClueItemBG" BGColor="white" TextColor="white" Sprite="BK3:btnHolo_ListView_MidNormal" Picture="1" IgnoreMouse="1" TextId="" TooltipColor="">
            <Control Class="Window" LAnchorPoint="0" LAnchorOffset="1" TAnchorPoint=".5" TAnchorOffset="-21" RAnchorPoint="0" RAnchorOffset="35" BAnchorPoint=".5" BAnchorOffset="19" RelativeToClient="1" Font="Default" Text="" Template="Default" Name="ScavengerClueCheckBack" BGColor="UI_TextHoloBodyHighlight" TextColor="white" Picture="1" IgnoreMouse="1" Sprite="" TooltipColor="">
                <Pixie LAnchorPoint="0" LAnchorOffset="8" TAnchorPoint="0" TAnchorOffset="11" RAnchorPoint="0" RAnchorOffset="28" BAnchorPoint="0" BAnchorOffset="33" BGColor="UI_TextHoloBodyHighlight" Font="Default" TextColor="white" Text="" Sprite="CRB_Basekit:kitIcon_White_Checkmark" Line="0"/>
            </Control>
            <Control Class="Window" LAnchorPoint="0" LAnchorOffset="1" TAnchorPoint="0.5" TAnchorOffset="-21" RAnchorPoint="0" RAnchorOffset="35" BAnchorPoint="0.5" BAnchorOffset="19" RelativeToClient="1" Font="Default" Text="" Template="Default" Name="ScavengerClueCheck" BGColor="white" TextColor="white" Sprite="CRB_DialogSprites:sprDialog_Icon_Check" Picture="1" IgnoreMouse="1" RightEdgeControlsAnchor="" Visible="1" NewControlDepth="2" HideInEditor="1" TooltipColor=""/>
            <Control Class="MLWindow" LAnchorPoint="0" LAnchorOffset="34" TAnchorPoint="0" TAnchorOffset="2" RAnchorPoint="1" RAnchorOffset="-4" BAnchorPoint="1" BAnchorOffset="0" RelativeToClient="1" Font="CRB_InterfaceSmall" Text="" Template="Default" Name="ScavengerClueName" BGColor="white" TextColor="UI_TextHoloBodyHighlight" DT_VCENTER="1" TextId="" DT_WORDBREAK="0" IgnoreMouse="1" TooltipColor=""/>
        </Control>
        <Event Name="MouseButtonDown" Function="OnScavengerClueItemClick"/>
    </Form>
    <Form Class="Window" LAnchorPoint="0" LAnchorOffset="10" TAnchorPoint="0" TAnchorOffset="10" RAnchorPoint="0" RAnchorOffset="970" BAnchorPoint="0" BAnchorOffset="141" RelativeToClient="1" Font="Default" Text="" BGColor="UI_WindowBGDefault" TextColor="UI_WindowTextDefault" Template="Default" TooltipType="OnCursor" Name="Form" Border="0" Picture="1" SwallowMouseClicks="1" Moveable="0" Escapable="1" Overlapped="1" TooltipColor="" Sprite="CRB_NameplateSprites:sprNp_HealthBarFriendly"/>
</Forms>
