<Forms>
    <Form Class="Window" LAnchorPoint="ActionBar0_Left" LAnchorOffset="50" TAnchorPoint="ActionBar0_Bottom" TAnchorOffset="-112" RAnchorPoint="ActionBar0_Left" RAnchorOffset="174" BAnchorPoint="ActionBar0_Bottom" BAnchorOffset="-24" RelativeToClient="1" Font="Default" Text="" Template="Default" Name="HealthShieldBarForm" BGColor="white" TextColor="white" IgnoreMouse="1" TextId="" Tooltip="" TooltipId="" Picture="1" Overlapped="1" Sprite="" NeverBringToFront="1" LeftEdgeControlsAnchor="ResourceBar_Left" TooltipColor="" HideInEditor="0">
        <Control Class="Window" LAnchorPoint="0" LAnchorOffset="71" TAnchorPoint="0" TAnchorOffset="-170" RAnchorPoint="0" RAnchorOffset="446" BAnchorPoint="0" BAnchorOffset="-125" RelativeToClient="1" Font="Default" Text="" Template="Default" Name="BarContainer" BGColor="white" TextColor="white" TooltipType="OnCursor" TooltipColor="" Tooltip="" Visible="1" HideInEditor="0">
            <Control Class="Window" Text="" LAnchorPoint="0" LAnchorOffset="0" TAnchorPoint="0" TAnchorOffset="0" RAnchorPoint="0" RAnchorOffset="375" BAnchorPoint="1" BAnchorOffset="0" AutoSetText="0" RelativeToClient="1" ProgressEmpty="" ProgressFull="" Name="HealthBar" BGColor="white" TextColor="white" IgnoreMouse="1" Picture="1" Sprite="CRB_ActionBarFrameSprites:sprResourceBar_GreenProgBar" TooltipColor="" TooltipFont="CRB_InterfaceSmall_O" TooltipType="OnCursor" HideInEditor="0">
                <Control Class="Window" LAnchorPoint="0" LAnchorOffset="0" TAnchorPoint="0" TAnchorOffset="0" RAnchorPoint="1" RAnchorOffset="0" BAnchorPoint="1" BAnchorOffset="0" RelativeToClient="1" Font="Default" Text="" Template="Default" TooltipType="OnCursor" Name="HealthBarFlash" BGColor="UI_AlphaPercent40" TextColor="white" TooltipColor="" Sprite="ClientSprites:WhiteFlash" Picture="1" IgnoreMouse="1" NewControlDepth="2"/>
            </Control>
            <Control Class="Window" Text="" LAnchorPoint="0" LAnchorOffset="0" TAnchorPoint="0" TAnchorOffset="0" RAnchorPoint="0" RAnchorOffset="375" BAnchorPoint="1" BAnchorOffset="0" AutoSetText="0" RelativeToClient="1" ProgressEmpty="" ProgressFull="CRB_ResourceBarSprites:sprRB_ShieldFrame" Name="MaxShieldBar" BGColor="white" TextColor="white" IgnoreMouse="1" Visible="1" Picture="1" Sprite="CRB_ActionBarFrameSprites:sprResourceBar_ShieldBG" TooltipColor="" HideInEditor="0" TooltipType="OnCursor" TooltipFont="CRB_InterfaceSmall_O" NewControlDepth="1"/>
            <Control Class="Window" Text="" LAnchorPoint="0" LAnchorOffset="0" TAnchorPoint="0" TAnchorOffset="0" RAnchorPoint="0" RAnchorOffset="375" BAnchorPoint="1" BAnchorOffset="0" AutoSetText="0" RelativeToClient="1" ProgressEmpty="" ProgressFull="CRB_ResourceBarSprites:sprRB_ShieldFrame" Name="MaxAbsorbBar" BGColor="white" TextColor="white" IgnoreMouse="1" Visible="1" Picture="1" Sprite="CRB_ActionBarFrameSprites:sprResourceBar_AbsorbBG" TooltipColor="" HideInEditor="0" Tooltip="" TooltipType="OnCursor" TooltipFont="CRB_InterfaceSmall_O" NewControlDepth="1"/>
            <Event Name="MouseButtonDown" Function="OnMouseButtonDown"/>
            <Control Class="Window" LAnchorPoint="0" LAnchorOffset="0" TAnchorPoint="0" TAnchorOffset="0" RAnchorPoint="0" RAnchorOffset="375" BAnchorPoint="1" BAnchorOffset="0" RelativeToClient="1" Font="Default" Text="" Template="Default" TooltipType="OnCursor" Name="CurrShieldBar" BGColor="white" TextColor="white" TooltipColor="" Picture="1" IgnoreMouse="1" Sprite="CRB_ActionBarFrameSprites:sprResourceBar_ShieldProgBar" NewControlDepth="2" HideInEditor="0">
                <Control Class="Window" LAnchorPoint="0" LAnchorOffset="-8" TAnchorPoint="0" TAnchorOffset="0" RAnchorPoint="0" RAnchorOffset="10" BAnchorPoint="1" BAnchorOffset="0" RelativeToClient="1" Font="Default" Text="" Template="Default" TooltipType="OnCursor" Name="HealthBarEdgeGlow" BGColor="white" TextColor="white" TooltipColor="" Picture="1" IgnoreMouse="1" Sprite="CRB_ActionBarFrameSprites:sprResourceBar_GreenEdgeGlow" NoClip="1"/>
                <Control Class="Window" LAnchorPoint="1" LAnchorOffset="-12" TAnchorPoint="0" TAnchorOffset="0" RAnchorPoint="1" RAnchorOffset="6" BAnchorPoint="1" BAnchorOffset="0" RelativeToClient="1" Font="Default" Text="" Template="Default" TooltipType="OnCursor" Name="ShieldBarEdgeGlow" BGColor="white" TextColor="white" TooltipColor="" Picture="1" IgnoreMouse="1" Sprite="CRB_ActionBarFrameSprites:sprResourceBar_ShieldEdgeGlow" NoClip="1"/>
            </Control>
            <Control Class="Window" LAnchorPoint="0" LAnchorOffset="0" TAnchorPoint="0" TAnchorOffset="0" RAnchorPoint="0" RAnchorOffset="375" BAnchorPoint="1" BAnchorOffset="0" RelativeToClient="1" Font="Default" Text="" Template="Default" TooltipType="OnCursor" Name="CurrAbsorbBar" BGColor="white" TextColor="white" TooltipColor="" Picture="1" IgnoreMouse="1" Sprite="CRB_ActionBarFrameSprites:sprResourceBar_AbsorbProgBar" HideInEditor="0" NewControlDepth="2">
                <Control Class="Window" LAnchorPoint="1" LAnchorOffset="-12" TAnchorPoint="0" TAnchorOffset="0" RAnchorPoint="1" RAnchorOffset="6" BAnchorPoint="1" BAnchorOffset="0" RelativeToClient="1" Font="Default" Text="" Template="Default" TooltipType="OnCursor" Name="AbsorbBarEdgeGlow" BGColor="white" TextColor="white" TooltipColor="" Picture="1" IgnoreMouse="1" Sprite="CRB_ActionBarFrameSprites:sprResourceBar_AbsorbEdgeGlow" NoClip="1"/>
            </Control>
            <Control Class="Window" LAnchorPoint="0" LAnchorOffset="0" TAnchorPoint="0" TAnchorOffset="0" RAnchorPoint="0" RAnchorOffset="375" BAnchorPoint="1" BAnchorOffset="0" RelativeToClient="1" Font="Default" Text="" Template="Default" TooltipType="OnCursor" Name="CurrShieldFlash" BGColor="white" TextColor="white" TooltipColor="" Picture="1" IgnoreMouse="1" Sprite="" Tooltip="" NewControlDepth="3" HideInEditor="0"/>
            <Control Class="Window" LAnchorPoint="0" LAnchorOffset="0" TAnchorPoint="0" TAnchorOffset="0" RAnchorPoint="0" RAnchorOffset="375" BAnchorPoint="1" BAnchorOffset="0" RelativeToClient="1" Font="Default" Text="" Template="Default" TooltipType="OnCursor" Name="CurrAbsorbFlash" BGColor="white" TextColor="white" TooltipColor="" Picture="1" IgnoreMouse="1" Sprite="" NewControlDepth="3" HideInEditor="0"/>
        </Control>
        <Control Class="Window" LAnchorPoint="0" LAnchorOffset="85" TAnchorPoint="0" TAnchorOffset="-75" RAnchorPoint="0.5" RAnchorOffset="2" BAnchorPoint="0" BAnchorOffset="-35" RelativeToClient="1" Font="CRB_InterfaceSmall_O" Text="" Template="Default" Name="HealthText" BGColor="white" TextColor="white" TextId="CRB__2" IgnoreMouse="1" DT_VCENTER="1" TooltipColor="" NewWindowDepth="1" NewControlDepth="10"/>
        <Control Class="Window" LAnchorPoint="1" LAnchorOffset="-376" TAnchorPoint="0" TAnchorOffset="-232" RAnchorPoint="1" RAnchorOffset="-325" BAnchorPoint="0" BAnchorOffset="-179" RelativeToClient="1" Font="Default" Text="" Template="Default" TooltipType="OnCursor" Name="CCArmorContainer" BGColor="white" TextColor="white" TooltipColor="" Tooltip="" TooltipId="HealthBar_InterruptArmorTooltip" Visible="0" Picture="1" IgnoreMouse="1" Sprite="CRB_ActionBarFrameSprites:sprResourceBar_InterruptBG" DT_CENTER="1" DT_VCENTER="1" TextId="" TransitionShowHide="1" TooltipFont="CRB_InterfaceSmall_O" HideInEditor="0" NewWindowDepth="1">
            <Control Class="Window" LAnchorPoint="0" LAnchorOffset="0" TAnchorPoint="0" TAnchorOffset="0" RAnchorPoint="1" RAnchorOffset="0" BAnchorPoint="1" BAnchorOffset="0" RelativeToClient="1" Font="Default" Text="" Template="Default" TooltipType="OnCursor" Name="CCRing" BGColor="white" TextColor="white" TooltipColor="" Sprite="sprResourceBar_InterruptCircleBlue" Picture="1" IgnoreMouse="1"/>
            <Control Class="Window" LAnchorPoint="0" LAnchorOffset="0" TAnchorPoint="0" TAnchorOffset="0" RAnchorPoint="1" RAnchorOffset="0" BAnchorPoint="1" BAnchorOffset="0" RelativeToClient="1" Font="Default" Text="" Template="Default" TooltipType="OnCursor" Name="CCArmorFlash" BGColor="white" TextColor="white" TooltipColor="" Picture="1" IgnoreMouse="1" Sprite="sprResourceBar_InterruptCircleFlash" NewControlDepth="10"/>
            <Control Class="Window" LAnchorPoint="0" LAnchorOffset="0" TAnchorPoint="0" TAnchorOffset="0" RAnchorPoint="1" RAnchorOffset="-2" BAnchorPoint="1" BAnchorOffset="-1" RelativeToClient="1" Font="CRB_InterfaceMedium_B" Text="" Template="Default" TooltipType="OnCursor" Name="CCText" BGColor="white" TextColor="UI_TextHoloBodyHighlight" TooltipColor="" TextId="CRB_1" DT_CENTER="1" DT_VCENTER="1"/>
        </Control>
        <Control Class="Window" LAnchorPoint="0" LAnchorOffset="0" TAnchorPoint="0" TAnchorOffset="0" RAnchorPoint="0" RAnchorOffset="124" BAnchorPoint="0" BAnchorOffset="100" RelativeToClient="1" Font="Default" Text="" Template="Default" Name="EnduranceContainer" BGColor="white" TextColor="white" IgnoreMouse="1" Visible="1" TooltipType="OnCursor" Tooltip="" TooltipId="" TooltipColor="" HideInEditor="0" Sprite="HUD_BottomBar:spr_HUD_BottomBar_DodgeBase" Picture="1" TransitionShowHide="1" TooltipFont="CRB_InterfaceSmall_O" NewControlDepth="20" NewWindowDepth="0">
            <Control Class="Window" LAnchorPoint="0" LAnchorOffset="58" TAnchorPoint="0" TAnchorOffset="24" RAnchorPoint="0" RAnchorOffset="100" BAnchorPoint="1" BAnchorOffset="-24" RelativeToClient="1" Font="Default" Text="" Template="Default" TooltipType="OnCursor" Name="EvadeFullSprite" BGColor="white" TextColor="white" TooltipColor="" Picture="1" IgnoreMouse="1" NewControlDepth="3" Sprite="HUD_BottomBar:spr_HUD_Dodge1" HideInEditor="0" TooltipFont="CRB_InterfaceSmall_O"/>
            <Control Class="Window" LAnchorPoint="0" LAnchorOffset="58" TAnchorPoint="0" TAnchorOffset="24" RAnchorPoint="0" RAnchorOffset="100" BAnchorPoint="1" BAnchorOffset="-24" RelativeToClient="1" Font="Default" Text="" Template="Default" TooltipType="OnCursor" Name="EvadeFlashSprite" BGColor="white" TextColor="white" TooltipColor="" Picture="1" IgnoreMouse="1" NewControlDepth="6" Sprite="" Tooltip="" HideInEditor="0" NoClip="1"/>
            <Control Class="Window" LAnchorPoint="0" LAnchorOffset="53" TAnchorPoint="0" TAnchorOffset="23" RAnchorPoint="0" RAnchorOffset="95" BAnchorPoint="1" BAnchorOffset="-25" RelativeToClient="0" Font="Default" Text="" Template="Default" TooltipType="OnCursor" Name="EvadeDisabledBlocker" BGColor="white" TextColor="white" TooltipColor="" Picture="1" IgnoreMouse="1" NewWindowDepth="0" Sprite="HUD_BottomBar:spr_HUD_Dodge0" Visible="0" NewControlDepth="10" Tooltip="" HideInEditor="0"/>
            <Control Class="Window" LAnchorPoint="1" LAnchorOffset="-102" TAnchorPoint="1" TAnchorOffset="-59" RAnchorPoint="1" RAnchorOffset="-65" BAnchorPoint="1" BAnchorOffset="-24" RelativeToClient="1" Font="Default" Text="" Template="Default" TooltipType="OnCursor" Name="DisableDashToggleContainer" BGColor="white" TextColor="white" TooltipColor="white" IgnoreMouse="1" NoClip="1" Tooltip="" TooltipId="HealthBar_ToggleDash" TooltipFont="CRB_InterfaceSmall_O" NewWindowDepth="1" HideInEditor="0">
                <Control Class="Window" LAnchorPoint="0" LAnchorOffset="-12" TAnchorPoint="0" TAnchorOffset="-13" RAnchorPoint="1" RAnchorOffset="15" BAnchorPoint="1" BAnchorOffset="16" RelativeToClient="1" Font="Default" Text="" Template="Default" TooltipType="OnCursor" Name="DisableDashToggleFlash" BGColor="white" TextColor="white" TooltipColor="" Picture="1" IgnoreMouse="1" Sprite="CRB_ActionBarFrameSprites:sprResourceBar_DodgeTogglePrompt" NewControlDepth="5" HideInEditor="1" Visible="0" TestAlpha="1" NoClip="1"/>
                <Control Class="Button" Base="HUD_BottomBar:btn_HUD_Evade" Font="Thick" ButtonType="Check" RadioGroup="" LAnchorPoint="0" LAnchorOffset="0" TAnchorPoint="0" TAnchorOffset="-1" RAnchorPoint="1" RAnchorOffset="-1" BAnchorPoint="1" BAnchorOffset="0" DT_VCENTER="1" DT_CENTER="1" TooltipType="OnCursor" Name="DisableDashToggle" BGColor="white" TextColor="white" TooltipColor="" NormalTextColor="white" PressedTextColor="white" FlybyTextColor="white" PressedFlybyTextColor="white" DisabledTextColor="white" NoClip="1">
                    <Event Name="ButtonCheck" Function="OnDisableDashToggle"/>
                    <Event Name="ButtonUncheck" Function="OnDisableDashToggle"/>
                </Control>
            </Control>
            <Control Class="ProgressBar" Text="" LAnchorPoint="0" LAnchorOffset="53" TAnchorPoint="0" TAnchorOffset="28" RAnchorPoint="0" RAnchorOffset="64" BAnchorPoint="1" BAnchorOffset="-28" AutoSetText="0" UseValues="0" RelativeToClient="1" SetTextToProgress="1" DT_CENTER="1" DT_VCENTER="1" ProgressEmpty="" ProgressFull="HUD_BottomBar:spr_HUD_DodgeFill" TooltipType="OnCursor" Name="EvadeProgress" BGColor="white" TextColor="white" TooltipColor="" BarColor="" VerticallyAligned="1" BRtoLT="1" Tooltip=""/>
        </Control>
    </Form>
    <Form Name="MountHealthFrame" Class="Window" LAnchorPoint=".5" LAnchorOffset="-100" TAnchorPoint="CastingBarBottom" TAnchorOffset="-79" RAnchorPoint=".5" RAnchorOffset="100" BAnchorPoint="CastingBarBottom" BAnchorOffset="-46" Sprite="" Picture="0" BGColor="white" TextColor="white" LeftEdgeControlsAnchor="" RightEdgeControlsAnchor="" Visible="0" TooltipColor="" Tooltip="" Overlapped="1">
        <Control Class="Window" LAnchorPoint="0" LAnchorOffset="0" TAnchorPoint="0" TAnchorOffset="0" RAnchorPoint="1" RAnchorOffset="0" BAnchorPoint="1" BAnchorOffset="0" RelativeToClient="1" Font="Default" Text="" Template="Default" TooltipType="OnCursor" Name="BGArt" BGColor="white" TextColor="white" TooltipColor="" Picture="1" IgnoreMouse="1" Sprite="CRB_Basekit:kitIProgBar_HoloFrame_Base"/>
        <Control Class="ProgressBar" Name="MountHealth" ProgressFull="CRB_Basekit:kitIProgBar_HoloFrame_FillBlue" ProgressEdgeGlow="" EdgeGlowOn="1" AutoSetText="0" DrawTicks="1" TickOn="" TickOff="" BGColor="white" TextColor="white" TooltipColor="" BarColor="gray" LAnchorPoint="0.00000" LAnchorOffset="10" TAnchorPoint="0.00000" TAnchorOffset="1" RAnchorPoint="1" RAnchorOffset="-10" BAnchorPoint="1" BAnchorOffset="0"/>
        <Control Class="Window" Name="MountHealthText" Font="CRB_InterfaceSmall_O" DT_CENTER="0" BGColor="white" TextColor="white" IgnoreMouse="1" AutoScaleText="1" TooltipColor="" LAnchorPoint="0.00000" LAnchorOffset="14" TAnchorPoint="0.00000" TAnchorOffset="0" RAnchorPoint="1" RAnchorOffset="0" BAnchorPoint="1" BAnchorOffset="0" DT_VCENTER="1" Text="" TextId=""/>
    </Form>
</Forms>
