<?xml version="1.0" encoding="UTF-8" standalone="yes" ?>
<Forms>
    <Form Class="Window" LAnchorPoint="1" LAnchorOffset="-345" TAnchorPoint="0" TAnchorOffset="215" RAnchorPoint="1" RAnchorOffset="-10" BAnchorPoint="0" BAnchorOffset="371" RelativeToClient="1" Font="Default" Text="" Template="Default" TooltipType="OnCursor" Name="AdventureNorthernWildsForm" Border="0" Picture="0" SwallowMouseClicks="1" Moveable="1" Escapable="0" Overlapped="1" BGColor="white" TextColor="white" TooltipColor="" IgnoreMouse="1" Tooltip="">
        <Control Class="Window" LAnchorPoint="0" LAnchorOffset="-20" TAnchorPoint="0" TAnchorOffset="-20" RAnchorPoint="1" RAnchorOffset="20" BAnchorPoint="1" BAnchorOffset="20" RelativeToClient="1" Font="Default" Text="" Template="Default" TooltipType="OnCursor" Name="FrameBG" BGColor="white" TextColor="white" TooltipColor="" Sprite="BK3:UI_BK3_Holo_Framing_3" Picture="1" IgnoreMouse="1" Tooltip="" HideInEditor="0" NoClip="1"/>
        <Control Class="CostumeWindow" LAnchorPoint="0" LAnchorOffset="15" TAnchorPoint="0" TAnchorOffset="16" RAnchorPoint="0" RAnchorOffset="110" BAnchorPoint="0" BAnchorOffset="111" RelativeToClient="1" Font="Default" Text="" Template="Default" Name="LeftAssetCostume" BGColor="white" TextColor="white" Visible="1" Animated="1" Camera="Target" Sprite="" HideInEditor="0" TooltipColor="" IgnoreMouse="1" Tooltip="" TooltipFont="CRB_InterfaceSmall_O" TooltipType="OnCursor" TooltipId="NWAdventure_SkeechAlly"/>
        <Control Class="CostumeWindow" LAnchorPoint="1" LAnchorOffset="-111" TAnchorPoint="0" TAnchorOffset="15" RAnchorPoint="1" RAnchorOffset="-15" BAnchorPoint="0" BAnchorOffset="111" RelativeToClient="1" Font="Default" Text="" Template="Default" Name="RightAssetCostume" BGColor="white" TextColor="white" Visible="1" Animated="1" Camera="Target" Aminated="1" Sprite="" HideInEditor="0" TooltipColor="" IgnoreMouse="1" Tooltip="" TooltipId="NWAdventure_MoodiesAlly" TooltipFont="CRB_InterfaceSmall_O" TooltipType="OnCursor"/>
        <Control Class="Window" LAnchorPoint="0" LAnchorOffset="15" TAnchorPoint="0" TAnchorOffset="15" RAnchorPoint="1" RAnchorOffset="-15" BAnchorPoint="1" BAnchorOffset="-15" RelativeToClient="1" Font="Default" Text="" Template="Default" TooltipType="OnCursor" Name="BlackBG" BGColor="white" TextColor="white" TooltipColor="" Sprite="" Picture="1" IgnoreMouse="1">
            <Control Class="Window" LAnchorPoint="0" LAnchorOffset="10" TAnchorPoint="0" TAnchorOffset="10" RAnchorPoint="0" RAnchorOffset="30" BAnchorPoint="0" BAnchorOffset="30" RelativeToClient="1" Font="Default" Text="" Template="Default" TooltipType="OnCursor" Name="LeftWndMeleeUpgrade2" BGColor="white" TextColor="white" TooltipColor="" Picture="1" IgnoreMouse="1" Sprite="CRB_CurrencySprites:sprHeroicTier2" Tooltip="" TooltipId="NWAdventure_SkeechBerserkerUpgrade" Visible="0" Overlapped="0" DoNotBlockTooltip="1"/>
            <Control Class="Window" LAnchorPoint="0" LAnchorOffset="40" TAnchorPoint="0" TAnchorOffset="9" RAnchorPoint="0" RAnchorOffset="60" BAnchorPoint="0" BAnchorOffset="29" RelativeToClient="1" Font="Default" Text="" Template="Default" TooltipType="OnCursor" Name="LeftWndMagicUpgrade1" BGColor="white" TextColor="white" TooltipColor="" Picture="1" IgnoreMouse="1" Sprite="CRB_MinimapSprites:sprMM_InstancePortal" Tooltip="" TooltipId="NWAdventure_SkeechFrostUpgrade" Visible="0" DoNotBlockTooltip="1"/>
            <Control Class="Window" LAnchorPoint="0" LAnchorOffset="70" TAnchorPoint="0" TAnchorOffset="10" RAnchorPoint="0" RAnchorOffset="90" BAnchorPoint="0" BAnchorOffset="30" RelativeToClient="1" Font="Default" Text="" Template="Default" TooltipType="OnCursor" Name="LeftWndHuntUpgrade2" BGColor="white" TextColor="white" TooltipColor="" Picture="1" IgnoreMouse="1" Sprite="CRB_CurrencySprites:sprRadiantWrit" Tooltip="" TooltipId="NWAdventure_SkeechSkugUpgrade" Visible="0" DoNotBlockTooltip="1"/>
            <Control Class="Window" LAnchorPoint="0" LAnchorOffset="10" TAnchorPoint="0" TAnchorOffset="10" RAnchorPoint="0" RAnchorOffset="30" BAnchorPoint="0" BAnchorOffset="30" RelativeToClient="1" Font="Default" Text="" Template="Default" TooltipType="OnCursor" Name="LeftWndMeleeUpgrade1" BGColor="white" TextColor="white" TooltipColor="" Picture="1" IgnoreMouse="1" Sprite="CRB_CurrencySprites:sprHeroicTier2" Tooltip="" TooltipId="NWAdventure_SkeechGuardUpgrade" Visible="0" Overlapped="0" DoNotBlockTooltip="1"/>
            <Control Class="Window" LAnchorPoint="0" LAnchorOffset="40" TAnchorPoint="0" TAnchorOffset="9" RAnchorPoint="0" RAnchorOffset="60" BAnchorPoint="0" BAnchorOffset="29" RelativeToClient="1" Font="Default" Text="" Template="Default" TooltipType="OnCursor" Name="LeftWndMagicUpgrade2" BGColor="white" TextColor="white" TooltipColor="" Picture="1" IgnoreMouse="1" Sprite="CRB_MinimapSprites:sprMM_InstancePortal" Tooltip="" TooltipId="NWAdventure_SkeechBloodUpgrade" Visible="0" DoNotBlockTooltip="1"/>
            <Control Class="Window" LAnchorPoint="0" LAnchorOffset="70" TAnchorPoint="0" TAnchorOffset="10" RAnchorPoint="0" RAnchorOffset="90" BAnchorPoint="0" BAnchorOffset="30" RelativeToClient="1" Font="Default" Text="" Template="Default" TooltipType="OnCursor" Name="LeftWndHuntUpgrade1" BGColor="white" TextColor="white" TooltipColor="" Picture="1" IgnoreMouse="1" Sprite="CRB_CurrencySprites:sprRadiantWrit" Tooltip="" TooltipId="NWAdventure_SkeechPackUpgrade" Visible="0" DoNotBlockTooltip="1"/>
            <Control Class="Window" LAnchorPoint="1" LAnchorOffset="-90" TAnchorPoint="0" TAnchorOffset="10" RAnchorPoint="1" RAnchorOffset="-70" BAnchorPoint="0" BAnchorOffset="30" RelativeToClient="1" Font="Default" Text="" Template="Default" TooltipType="OnCursor" Name="RightWndMeleeUpgrade2" BGColor="white" TextColor="white" TooltipColor="" Picture="1" IgnoreMouse="1" Sprite="CRB_CurrencySprites:sprHeroicTier2" Tooltip="" TooltipId="NWAdventure_MoodieBerserkerUpgrade" Visible="0" DoNotBlockTooltip="1"/>
            <Control Class="Window" LAnchorPoint="1" LAnchorOffset="-60" TAnchorPoint="0" TAnchorOffset="9" RAnchorPoint="1" RAnchorOffset="-40" BAnchorPoint="0" BAnchorOffset="29" RelativeToClient="1" Font="Default" Text="" Template="Default" TooltipType="OnCursor" Name="RightWndMagicUpgrade1" BGColor="white" TextColor="white" TooltipColor="" Picture="1" IgnoreMouse="1" Sprite="CRB_MinimapSprites:sprMM_InstancePortal" Tooltip="" TooltipId="NWAdventure_MoodieFrostUpgrade" Visible="0" DoNotBlockTooltip="1"/>
            <Control Class="Window" LAnchorPoint="1" LAnchorOffset="-30" TAnchorPoint="0" TAnchorOffset="10" RAnchorPoint="1" RAnchorOffset="-10" BAnchorPoint="0" BAnchorOffset="30" RelativeToClient="1" Font="Default" Text="" Template="Default" TooltipType="OnCursor" Name="RightWndHuntUpgrade2" BGColor="white" TextColor="white" TooltipColor="" Picture="1" IgnoreMouse="1" Sprite="CRB_CurrencySprites:sprRadiantWrit" Tooltip="" TooltipId="NWAdventure_MoodieSkugUpgrade" Visible="0" DoNotBlockTooltip="1"/>
            <Control Class="Window" LAnchorPoint="1" LAnchorOffset="-90" TAnchorPoint="0" TAnchorOffset="10" RAnchorPoint="1" RAnchorOffset="-70" BAnchorPoint="0" BAnchorOffset="30" RelativeToClient="1" Font="Default" Text="" Template="Default" TooltipType="OnCursor" Name="RightWndMeleeUpgrade1" BGColor="white" TextColor="white" TooltipColor="" Picture="1" IgnoreMouse="1" Sprite="CRB_CurrencySprites:sprHeroicTier2" Tooltip="" TooltipId="NWAdventure_MoodieGuardUpgrade" Visible="0" DoNotBlockTooltip="1"/>
            <Control Class="Window" LAnchorPoint="1" LAnchorOffset="-60" TAnchorPoint="0" TAnchorOffset="9" RAnchorPoint="1" RAnchorOffset="-40" BAnchorPoint="0" BAnchorOffset="29" RelativeToClient="1" Font="Default" Text="" Template="Default" TooltipType="OnCursor" Name="RightWndMagicUpgrade2" BGColor="white" TextColor="white" TooltipColor="" Picture="1" IgnoreMouse="1" Sprite="CRB_MinimapSprites:sprMM_InstancePortal" Tooltip="" TooltipId="NWAdventure_MoodieBloodUpgrade" Visible="0" DoNotBlockTooltip="1"/>
            <Control Class="Window" LAnchorPoint="1" LAnchorOffset="-30" TAnchorPoint="0" TAnchorOffset="10" RAnchorPoint="1" RAnchorOffset="-10" BAnchorPoint="0" BAnchorOffset="30" RelativeToClient="1" Font="Default" Text="" Template="Default" TooltipType="OnCursor" Name="RightWndHuntUpgrade1" BGColor="white" TextColor="white" TooltipColor="" Picture="1" IgnoreMouse="1" Sprite="CRB_CurrencySprites:sprRadiantWrit" Tooltip="" TooltipId="NWAdventure_MoodiePackUpgrade" Visible="0" DoNotBlockTooltip="1"/>
        </Control>
        <Control Class="Window" LAnchorPoint="0" LAnchorOffset="9" TAnchorPoint="1" TAnchorOffset="-38" RAnchorPoint="1" RAnchorOffset="-8" BAnchorPoint="1" BAnchorOffset="-14" RelativeToClient="1" Font="Default" Text="" Template="Default" TooltipType="OnCursor" Name="LevelBarBG" BGColor="white" TextColor="white" TooltipColor="" Sprite="CRB_Basekit:kitIProgBar_Holo_Base" Picture="1" IgnoreMouse="1" NewControlDepth="1" Tooltip="" TooltipFont="CRB_InterfaceSmall_O" TooltipId="NWAdventure_LevelTooltip" IgnoreTooltipDelay="1">
            <Control Class="ProgressBar" Text="" LAnchorPoint="0" LAnchorOffset="9" TAnchorPoint="0" TAnchorOffset="7" RAnchorPoint="1" RAnchorOffset="-12" BAnchorPoint="0" BAnchorOffset="17" AutoSetText="0" UseValues="0" RelativeToClient="1" SetTextToProgress="0" DT_CENTER="0" DT_VCENTER="0" ProgressEmpty="" ProgressFull="CRB_Basekit:kitIProgBar_Hybrid_Fill" TooltipType="OnCursor" Name="LevelProgressBar" BGColor="white" TextColor="white" TooltipColor="" BarColor="" Sprite="" Picture="0"/>
            <Control Class="Window" LAnchorPoint="0" LAnchorOffset="0" TAnchorPoint="0" TAnchorOffset="1" RAnchorPoint="1" RAnchorOffset="0" BAnchorPoint="1" BAnchorOffset="-1" RelativeToClient="1" Font="CRB_InterfaceSmall_O" Text="" Template="Default" TooltipType="OnCursor" Name="LevelProgressText" BGColor="white" TextColor="UI_TextHoloTitle" TooltipColor="" TextId="CRB_00" DT_RIGHT="0" DT_CENTER="1" DT_VCENTER="1" Tooltip=""/>
        </Control>
        <Control Class="Window" LAnchorPoint="0" LAnchorOffset="14" TAnchorPoint="0" TAnchorOffset="14" RAnchorPoint="0" RAnchorOffset="112" BAnchorPoint="0" BAnchorOffset="112" RelativeToClient="1" Font="Default" Text="" Template="Default" TooltipType="OnCursor" Name="LeftAssetCostumeFrame" BGColor="white" TextColor="white" TooltipColor="" Picture="1" IgnoreMouse="1" Sprite="BK3:UI_BK3_Holo_InsetSimple" NewControlDepth="1"/>
        <Control Class="Window" LAnchorPoint="1" LAnchorOffset="-112" TAnchorPoint="0" TAnchorOffset="14" RAnchorPoint="1" RAnchorOffset="-14" BAnchorPoint="0" BAnchorOffset="112" RelativeToClient="1" Font="Default" Text="" Template="Default" TooltipType="OnCursor" Name="RightAssetCostumeFrame" BGColor="white" TextColor="white" TooltipColor="" Picture="1" IgnoreMouse="1" Sprite="BK3:UI_BK3_Holo_InsetSimple" NewControlDepth="1"/>
        <Control Class="Window" LAnchorPoint="0.5" LAnchorOffset="-65" TAnchorPoint="0" TAnchorOffset="20" RAnchorPoint="0.5" RAnchorOffset="0" BAnchorPoint="0" BAnchorOffset="90" RelativeToClient="1" Font="CRB_HeaderHuge" Text="00" Template="Default" TooltipType="OnCursor" Name="LeftNumber" BGColor="white" TextColor="UI_TextHoloBodyHighlight" TooltipColor="" TextId="" DT_RIGHT="0" DT_VCENTER="1" DT_CENTER="1" Tooltip="" TooltipFont="CRB_InterfaceSmall_O" TooltipId="NWAdventure_SkeechTotemsTooltip"/>
        <Control Class="Window" LAnchorPoint="0.5" LAnchorOffset="-65" TAnchorPoint="0" TAnchorOffset="65" RAnchorPoint="0.5" RAnchorOffset="0" BAnchorPoint="0" BAnchorOffset="85" RelativeToClient="1" Font="CRB_InterfaceSmall_O" Text="" Template="Default" TooltipType="OnCursor" Name="LeftNumberLabel" BGColor="white" TextColor="UI_TextHoloBodyHighlight" TooltipColor="" TextId="NWAdventure_TotemLabel" DT_CENTER="1" Tooltip=""/>
        <Control Class="Window" LAnchorPoint="0.5" LAnchorOffset="-19" TAnchorPoint="0" TAnchorOffset="21" RAnchorPoint="0.5" RAnchorOffset="21" BAnchorPoint="0" BAnchorOffset="101" RelativeToClient="1" Font="CRB_InterfaceSmall" Text="" Template="Default" TooltipType="OnCursor" Name="VsText" BGColor="white" TextColor="UI_TextMetalBody" TooltipColor="" TextId="NWAdventure_Vs" DT_CENTER="1" DT_VCENTER="1"/>
        <Control Class="Window" LAnchorPoint="0.5" LAnchorOffset="0" TAnchorPoint="0" TAnchorOffset="20" RAnchorPoint="0.5" RAnchorOffset="65" BAnchorPoint="0" BAnchorOffset="90" RelativeToClient="1" Font="CRB_HeaderHuge" Text="00" Template="Default" TooltipType="OnCursor" Name="RightNumber" BGColor="white" TextColor="UI_BtnTextRedNormal" TooltipColor="" TextId="" DT_RIGHT="0" DT_VCENTER="1" DT_CENTER="1" Tooltip="" TooltipFont="CRB_InterfaceSmall_O" TooltipId="NWAdventure_MoodieTotemTooltip"/>
        <Control Class="Window" LAnchorPoint="0.5" LAnchorOffset="0" TAnchorPoint="0" TAnchorOffset="65" RAnchorPoint="0.5" RAnchorOffset="65" BAnchorPoint="0" BAnchorOffset="85" RelativeToClient="1" Font="CRB_InterfaceSmall_O" Text="" Template="Default" TooltipType="OnCursor" Name="RightNumberLabel" BGColor="white" TextColor="UI_BtnTextRedNormal" TooltipColor="" TextId="NWAdventure_TotemLabel" DT_RIGHT="0" DT_CENTER="1"/>
    </Form>
</Forms>
