<?xml version="1.0" encoding="UTF-8" standalone="yes" ?>
<Forms>
    <Form Class="Window" LAnchorPoint="0.5" LAnchorOffset="0" TAnchorPoint="0" TAnchorOffset="0" RAnchorPoint="1" RAnchorOffset="-40" BAnchorPoint="1" BAnchorOffset="-200" RelativeToClient="1" Font="Default" Text="" Template="Holo_Large" Name="CreditsForm" Border="0" Picture="0" SwallowMouseClicks="1" Moveable="1" Escapable="1" Overlapped="1" BGColor="ffffffff" TextColor="ffffffff" TextId="" TooltipColor="" Tooltip="" UseTemplateBG="0">
        <Control Class="Window" LAnchorPoint="0" LAnchorOffset="0" TAnchorPoint="0" TAnchorOffset="0" RAnchorPoint="1" RAnchorOffset="0" BAnchorPoint="0" BAnchorOffset="60" RelativeToClient="1" Font="CRB_FloaterLarge" Text="" BGColor="UI_WindowBGDefault" TextColor="UI_WindowTextDefault" Template="Default" TooltipType="OnCursor" Name="GroupHeader" TooltipColor="" TextId="ChatType_Party" DT_CENTER="1"/>
        <Control Class="Window" LAnchorPoint="0" LAnchorOffset="0" TAnchorPoint="0" TAnchorOffset="60" RAnchorPoint="1" RAnchorOffset="0" BAnchorPoint="0" BAnchorOffset="180" RelativeToClient="1" Font="CRB_FloaterHuge_O" Text="" BGColor="UI_WindowBGDefault" TextColor="UI_WindowTextDefault" Template="Default" TooltipType="OnCursor" Name="Person" TooltipColor="" TextId="" DT_CENTER="1" Sprite="WhiteFill" Picture="0" IgnoreMouse="1">
            <Control Class="Window" LAnchorPoint="0" LAnchorOffset="0" TAnchorPoint="0" TAnchorOffset="0" RAnchorPoint="0.5" RAnchorOffset="0" BAnchorPoint="0" BAnchorOffset="34" RelativeToClient="1" Font="CRB_Interface16_BBO" Text="Archangelo Cianfrocco" BGColor="UI_WindowBGDefault" TextColor="UI_WindowTextDefault" Template="Default" TooltipType="OnCursor" Name="Name" TooltipColor="" TextId="" DT_RIGHT="0"/>
            <Control Class="Window" LAnchorPoint="0.5" LAnchorOffset="0" TAnchorPoint="0" TAnchorOffset="12" RAnchorPoint="1" RAnchorOffset="0" BAnchorPoint="0" BAnchorOffset="28" RelativeToClient="1" Font="CRB_Interface9_BBO" Text="First Basemanggg" BGColor="UI_WindowBGDefault" TextColor="UI_WindowTextDefault" Template="Default" TooltipType="OnCursor" Name="Title1" TooltipColor="" DT_RIGHT="1" DT_WORDBREAK="0" TextId=""/>
            <Control Class="Window" LAnchorPoint="0.5" LAnchorOffset="0" TAnchorPoint="0" TAnchorOffset="30" RAnchorPoint="1" RAnchorOffset="0" BAnchorPoint="0" BAnchorOffset="46" RelativeToClient="1" Font="CRB_Interface9_BBO" Text="First Basemanggg" BGColor="UI_WindowBGDefault" TextColor="UI_WindowTextDefault" Template="Default" TooltipType="OnCursor" Name="Title2" TooltipColor="" DT_RIGHT="1" DT_WORDBREAK="0" TextId=""/>
            <Control Class="Window" LAnchorPoint="0.5" LAnchorOffset="0" TAnchorPoint="0" TAnchorOffset="48" RAnchorPoint="1" RAnchorOffset="0" BAnchorPoint="0" BAnchorOffset="64" RelativeToClient="1" Font="CRB_Interface9_BBO" Text="First Basemanggg" BGColor="UI_WindowBGDefault" TextColor="UI_WindowTextDefault" Template="Default" TooltipType="OnCursor" Name="Title3" TooltipColor="" DT_RIGHT="1" DT_WORDBREAK="0" TextId=""/>
            <Control Class="Window" LAnchorPoint="0.5" LAnchorOffset="0" TAnchorPoint="0" TAnchorOffset="66" RAnchorPoint="1" RAnchorOffset="0" BAnchorPoint="0" BAnchorOffset="82" RelativeToClient="1" Font="CRB_Interface9_BBO" Text="First Basemanggg" BGColor="UI_WindowBGDefault" TextColor="UI_WindowTextDefault" Template="Default" TooltipType="OnCursor" Name="Title4" TooltipColor="" DT_RIGHT="1" DT_WORDBREAK="0" TextId=""/>
            <Control Class="Window" LAnchorPoint="0.5" LAnchorOffset="0" TAnchorPoint="0" TAnchorOffset="85" RAnchorPoint="1" RAnchorOffset="0" BAnchorPoint="0" BAnchorOffset="101" RelativeToClient="1" Font="CRB_Interface9_BBO" Text="First Basemanggg" BGColor="UI_WindowBGDefault" TextColor="UI_WindowTextDefault" Template="Default" TooltipType="OnCursor" Name="Title5" TooltipColor="" DT_RIGHT="1" DT_WORDBREAK="0" TextId=""/>
            <Control Class="Window" LAnchorPoint="0.5" LAnchorOffset="0" TAnchorPoint="0" TAnchorOffset="102" RAnchorPoint="1" RAnchorOffset="0" BAnchorPoint="0" BAnchorOffset="118" RelativeToClient="1" Font="CRB_Interface9_BBO" Text="First Basemanggg" BGColor="UI_WindowBGDefault" TextColor="UI_WindowTextDefault" Template="Default" TooltipType="OnCursor" Name="Title6" TooltipColor="" DT_RIGHT="1" DT_WORDBREAK="0" TextId=""/>
        </Control>
        <Control Class="Window" LAnchorPoint="0" LAnchorOffset="0" TAnchorPoint="0" TAnchorOffset="180" RAnchorPoint="1" RAnchorOffset="0" BAnchorPoint="0" BAnchorOffset="360" RelativeToClient="1" Font="CRB_FloaterLarge" Text="" BGColor="UI_WindowBGDefault" TextColor="UI_WindowTextDefault" Template="Default" TooltipType="OnCursor" Name="ImageHolder" TooltipColor="" TextId="" DT_CENTER="1">
            <Control Class="Window" LAnchorPoint="0.5" LAnchorOffset="-80" TAnchorPoint="0" TAnchorOffset="10" RAnchorPoint="0.5" RAnchorOffset="80" BAnchorPoint="1" BAnchorOffset="-10" RelativeToClient="1" Font="Default" Text="" BGColor="UI_WindowBGDefault" TextColor="UI_WindowTextDefault" Template="Default" TooltipType="OnCursor" Name="Image" TooltipColor="" Sprite="" Picture="1" IgnoreMouse="1"/>
        </Control>
    </Form>
</Forms>
