<?xml version="1.0" encoding="UTF-8" standalone="yes" ?>
<Forms>
    <Form Class="Window" LAnchorPoint="0" LAnchorOffset="-19" TAnchorPoint="0" TAnchorOffset="-20" RAnchorPoint="0" RAnchorOffset="180" BAnchorPoint="0" BAnchorOffset="90" RelativeToClient="1" Font="Default" Text="" Template="Default" TooltipType="OnCursor" Name="ContextMenuPlayerForm" Border="0" Picture="1" SwallowMouseClicks="1" Moveable="0" Escapable="1" Overlapped="1" BGColor="white" TextColor="white" TooltipColor="" IgnoreMouse="1" Sprite="BK3:UI_BK3_Holo_Framing_3" Tooltip="" NoClip="1" CloseOnExternalClick="1" NewWindowDepth="1">
        <Event Name="WindowClosed" Function="OnMainWindowClosed"/>
        <Control Class="Window" LAnchorPoint="0" LAnchorOffset="30" TAnchorPoint="0" TAnchorOffset="31" RAnchorPoint="1" RAnchorOffset="-32" BAnchorPoint="1" BAnchorOffset="-31" RelativeToClient="1" Font="Default" Text="" Template="Default" TooltipType="OnCursor" Name="ButtonList" BGColor="white" TextColor="white" TooltipColor="" IgnoreMouse="1"/>
    </Form>
    <Form Class="Button" Base="BK3:btnHolo_ListView_Mid" Font="CRB_InterfaceSmall_O" ButtonType="PushButton" LAnchorPoint="0" LAnchorOffset="0" TAnchorPoint="0" TAnchorOffset="0" RAnchorPoint="1" RAnchorOffset="0" BAnchorPoint="0" BAnchorOffset="25" DT_VCENTER="1" DT_CENTER="1" TooltipType="OnCursor" Name="BtnRegular" BGColor="white" TextColor="white" TooltipColor="" NormalTextColor="UI_BtnTextGrayListNormal" PressedTextColor="UI_BtnTextGrayListPressed" FlybyTextColor="UI_BtnTextGrayListFlyby" PressedFlybyTextColor="UI_BtnTextGrayListPressedFlyby" DisabledTextColor="UI_BtnTextGrayListDisabled" RelativeToClient="1" Sprite="" Text="" TextId="" IgnoreMouse="0" Overlapped="1" TooltipFont="CRB_InterfaceSmall_O" Tooltip="">
        <Event Name="ButtonSignal" Function="OnRegularBtn"/>
        <Control Class="Window" LAnchorPoint="0" LAnchorOffset="8" TAnchorPoint="0" TAnchorOffset="0" RAnchorPoint="1" RAnchorOffset="0" BAnchorPoint="1" BAnchorOffset="0" RelativeToClient="1" Font="CRB_InterfaceSmall" Text="" Template="Default" TooltipType="OnCursor" Name="BtnText" BGColor="white" TextColor="UI_BtnTextBlueNormal" TooltipColor="" TextId="Challenges_NoProgress" DT_VCENTER="1" Visible="1" IgnoreMouse="1"/>
        <Control Class="Window" LAnchorPoint="0" LAnchorOffset="0" TAnchorPoint="0" TAnchorOffset="0" RAnchorPoint="1" RAnchorOffset="0" BAnchorPoint="1" BAnchorOffset="0" RelativeToClient="1" Font="Default" Text="" Template="Default" TooltipType="OnCursor" Name="BtnMouseCatcher" BGColor="white" TextColor="white" TooltipColor="" Visible="1" HideInEditor="0" Tooltip="">
            <Event Name="MouseEnter" Function="OnBtnRegularMouseEnter"/>
            <Event Name="MouseExit" Function="OnBtnRegularMouseExit"/>
        </Control>
    </Form>
    <Form Class="Button" Base="BK3:btnHolo_ListView_Mid" Font="Thick" ButtonType="Check" RadioGroup="" LAnchorPoint="0" LAnchorOffset="0" TAnchorPoint="0" TAnchorOffset="0" RAnchorPoint="1" RAnchorOffset="0" BAnchorPoint="0" BAnchorOffset="25" DT_VCENTER="1" DT_CENTER="1" TooltipType="OnCursor" Name="BtnGroupList" Border="0" Picture="1" SwallowMouseClicks="1" Moveable="0" Escapable="0" Overlapped="1" BGColor="white" TextColor="white" TooltipColor="" NormalTextColor="white" PressedTextColor="white" FlybyTextColor="white" PressedFlybyTextColor="white" DisabledTextColor="white" RadioAlwaysSignal="0" RelativeToClient="1" Tooltip="" GlobalRadioGroup="ContextMenuPlayer_Checkbox_GlobalRadioGroup">
        <Control Class="Window" LAnchorPoint="1" LAnchorOffset="-19" TAnchorPoint="0.5" TAnchorOffset="-7" RAnchorPoint="1" RAnchorOffset="-4" BAnchorPoint="0.5" BAnchorOffset="8" RelativeToClient="1" Font="Default" Text="" Template="Default" TooltipType="OnCursor" Name="BtnCheckboxArrow" BGColor="UI_AlphaPercent65" TextColor="white" TooltipColor="" Sprite="Crafting_CircuitSprites:btnCircuit_Holo_RightArrowNormal" Picture="1" IgnoreMouse="1"/>
        <Control Class="Window" LAnchorPoint="0" LAnchorOffset="8" TAnchorPoint="0" TAnchorOffset="0" RAnchorPoint="1" RAnchorOffset="0" BAnchorPoint="1" BAnchorOffset="0" RelativeToClient="1" Font="CRB_InterfaceSmall" Text="" Template="Default" TooltipType="OnCursor" Name="BtnText" BGColor="white" TextColor="UI_BtnTextBlueNormal" TooltipColor="" TextId="ChatType_Party" DT_VCENTER="1" Visible="1" IgnoreMouse="1"/>
        <Control Class="Window" LAnchorPoint="0" LAnchorOffset="0" TAnchorPoint="0" TAnchorOffset="0" RAnchorPoint="1" RAnchorOffset="0" BAnchorPoint="1" BAnchorOffset="0" RelativeToClient="1" Font="Default" Text="" Template="Default" TooltipType="OnCursor" Name="BtnCheckboxMouseCatcher" BGColor="white" TextColor="white" TooltipColor="" Visible="1" HideInEditor="0">
            <Event Name="MouseEnter" Function="OnBtnRegularMouseEnter"/>
            <Event Name="MouseExit" Function="OnBtnRegularMouseExit"/>
        </Control>
        <Control Class="Window" LAnchorPoint="1" LAnchorOffset="-11" TAnchorPoint="0" TAnchorOffset="-24" RAnchorPoint="1" RAnchorOffset="155" BAnchorPoint="0" BAnchorOffset="108" RelativeToClient="1" Font="Default" Text="" Template="Default" TooltipType="OnCursor" Name="GroupPopoutFrame" BGColor="white" TextColor="white" TooltipColor="" Sprite="BK3:UI_BK3_Holo_Framing_3" Picture="1" IgnoreMouse="1" Visible="0" NoClip="1">
            <Control Class="Window" LAnchorPoint="0" LAnchorOffset="30" TAnchorPoint="0" TAnchorOffset="31" RAnchorPoint="1" RAnchorOffset="-32" BAnchorPoint="1" BAnchorOffset="-31" RelativeToClient="1" Font="Default" Text="" Template="Default" TooltipType="OnCursor" Name="GroupPopoutItems" BGColor="white" TextColor="white" TooltipColor="" IgnoreMouse="1"/>
        </Control>
        <Event Name="ButtonSignal" Function="OnBtnCheckboxMouseDown"/>
    </Form>
    <Form Class="Button" Base="BK3:btnHolo_ListView_Mid" Font="Thick" ButtonType="Check" RadioGroup="" LAnchorPoint="0" LAnchorOffset="0" TAnchorPoint="0" TAnchorOffset="0" RAnchorPoint="1" RAnchorOffset="0" BAnchorPoint="0" BAnchorOffset="25" DT_VCENTER="1" DT_CENTER="1" TooltipType="OnCursor" Name="BtnSocialList" Border="0" Picture="1" SwallowMouseClicks="1" Moveable="0" Escapable="0" Overlapped="1" BGColor="white" TextColor="white" TooltipColor="" NormalTextColor="white" PressedTextColor="white" FlybyTextColor="white" PressedFlybyTextColor="white" DisabledTextColor="white" RadioAlwaysSignal="0" RelativeToClient="1" Text="" GlobalRadioGroup="ContextMenuPlayer_Checkbox_GlobalRadioGroup">
        <Control Class="Window" LAnchorPoint="1" LAnchorOffset="-19" TAnchorPoint="0.5" TAnchorOffset="-7" RAnchorPoint="1" RAnchorOffset="-4" BAnchorPoint="0.5" BAnchorOffset="8" RelativeToClient="1" Font="Default" Text="" Template="Default" TooltipType="OnCursor" Name="BtnCheckboxArrow" BGColor="UI_AlphaPercent65" TextColor="white" TooltipColor="" Sprite="Crafting_CircuitSprites:btnCircuit_Holo_RightArrowNormal" Picture="1" IgnoreMouse="1"/>
        <Control Class="Window" LAnchorPoint="0" LAnchorOffset="8" TAnchorPoint="0" TAnchorOffset="0" RAnchorPoint="1" RAnchorOffset="0" BAnchorPoint="1" BAnchorOffset="0" RelativeToClient="1" Font="CRB_InterfaceSmall" Text="" Template="Default" TooltipType="OnCursor" Name="BtnText" BGColor="white" TextColor="UI_BtnTextBlueNormal" TooltipColor="" TextId="ContextMenu_SocialLists" DT_VCENTER="1" Visible="1" IgnoreMouse="1"/>
        <Control Class="Window" LAnchorPoint="0" LAnchorOffset="0" TAnchorPoint="0" TAnchorOffset="0" RAnchorPoint="1" RAnchorOffset="0" BAnchorPoint="1" BAnchorOffset="0" RelativeToClient="1" Font="Default" Text="" Template="Default" TooltipType="OnCursor" Name="BtnCheckboxMouseCatcher" BGColor="white" TextColor="white" TooltipColor="" Visible="1" HideInEditor="0" Tooltip="">
            <Event Name="MouseEnter" Function="OnBtnRegularMouseEnter"/>
            <Event Name="MouseExit" Function="OnBtnRegularMouseExit"/>
        </Control>
        <Control Class="Window" LAnchorPoint="1" LAnchorOffset="-12" TAnchorPoint="0" TAnchorOffset="-24" RAnchorPoint="1" RAnchorOffset="154" BAnchorPoint="0" BAnchorOffset="108" RelativeToClient="1" Font="Default" Text="" Template="Default" TooltipType="OnCursor" Name="SocialListPopoutFrame" BGColor="white" TextColor="white" TooltipColor="" Sprite="BK3:UI_BK3_Holo_Framing_3" Picture="1" IgnoreMouse="1" Visible="0" NoClip="1">
            <Control Class="Window" LAnchorPoint="0" LAnchorOffset="30" TAnchorPoint="0" TAnchorOffset="31" RAnchorPoint="1" RAnchorOffset="-32" BAnchorPoint="1" BAnchorOffset="-31" RelativeToClient="1" Font="Default" Text="" Template="Default" TooltipType="OnCursor" Name="SocialListPopoutItems" BGColor="white" TextColor="white" TooltipColor="" IgnoreMouse="1"/>
        </Control>
        <Event Name="ButtonCheck" Function="OnBtnCheckboxMouseDown"/>
    </Form>
    <Form Class="Button" Base="BK3:btnHolo_ListView_Mid" Font="Thick" ButtonType="Check" RadioGroup="" LAnchorPoint="0" LAnchorOffset="0" TAnchorPoint="0" TAnchorOffset="0" RAnchorPoint="1" RAnchorOffset="0" BAnchorPoint="0" BAnchorOffset="25" DT_VCENTER="1" DT_CENTER="1" TooltipType="OnCursor" Name="BtnMarkerList" Border="0" Picture="1" SwallowMouseClicks="1" Moveable="0" Escapable="0" Overlapped="1" BGColor="white" TextColor="white" TooltipColor="" NormalTextColor="white" PressedTextColor="white" FlybyTextColor="white" PressedFlybyTextColor="white" DisabledTextColor="white" RadioAlwaysSignal="0" RelativeToClient="1" Text="" GlobalRadioGroup="ContextMenuPlayer_Checkbox_GlobalRadioGroup">
        <Control Class="Window" LAnchorPoint="1" LAnchorOffset="-19" TAnchorPoint="0.5" TAnchorOffset="-7" RAnchorPoint="1" RAnchorOffset="-4" BAnchorPoint="0.5" BAnchorOffset="8" RelativeToClient="1" Font="Default" Text="" Template="Default" TooltipType="OnCursor" Name="BtnCheckboxArrow" BGColor="UI_AlphaPercent65" TextColor="white" TooltipColor="" Sprite="Crafting_CircuitSprites:btnCircuit_Holo_RightArrowNormal" Picture="1" IgnoreMouse="1"/>
        <Control Class="Window" LAnchorPoint="0" LAnchorOffset="8" TAnchorPoint="0" TAnchorOffset="0" RAnchorPoint="1" RAnchorOffset="0" BAnchorPoint="1" BAnchorOffset="0" RelativeToClient="1" Font="CRB_InterfaceSmall" Text="" Template="Default" TooltipType="OnCursor" Name="BtnText" BGColor="white" TextColor="UI_BtnTextBlueNormal" TooltipColor="" TextId="ContextMenu_SpecificMark" DT_VCENTER="1" Visible="1" IgnoreMouse="1"/>
        <Control Class="Window" LAnchorPoint="0" LAnchorOffset="0" TAnchorPoint="0" TAnchorOffset="0" RAnchorPoint="1" RAnchorOffset="0" BAnchorPoint="1" BAnchorOffset="0" RelativeToClient="1" Font="Default" Text="" Template="Default" TooltipType="OnCursor" Name="BtnCheckboxMouseCatcher" BGColor="white" TextColor="white" TooltipColor="" Visible="1" HideInEditor="0" Tooltip="">
            <Event Name="MouseEnter" Function="OnBtnRegularMouseEnter"/>
            <Event Name="MouseExit" Function="OnBtnRegularMouseExit"/>
        </Control>
        <Control Class="Window" LAnchorPoint="1" LAnchorOffset="3" TAnchorPoint="0" TAnchorOffset="-4" RAnchorPoint="1" RAnchorOffset="122" BAnchorPoint="0" BAnchorOffset="115" RelativeToClient="1" Font="Default" Text="" Template="Default" TooltipType="OnCursor" Name="MarkerListPopoutFrame" BGColor="white" TextColor="white" TooltipColor="" Sprite="CRB_Basekit:kitBase_HoloBlue_InsetBorder_Thin" Picture="1" IgnoreMouse="1" Visible="0" NoClip="1">
            <Control Class="Window" LAnchorPoint="0" LAnchorOffset="4" TAnchorPoint="0" TAnchorOffset="4" RAnchorPoint="1" RAnchorOffset="-4" BAnchorPoint="1" BAnchorOffset="-4" RelativeToClient="1" Font="Default" Text="" Template="Default" TooltipType="OnCursor" Name="MarkerListPopoutItems" BGColor="white" TextColor="white" TooltipColor="" IgnoreMouse="1"/>
        </Control>
        <Event Name="ButtonSignal" Function="OnBtnCheckboxMouseDown"/>
    </Form>
    <Form Class="Button" Base="CRB_Basekit:kitBtn_ListHeader_Top" Font="CRB_InterfaceMedium_B" ButtonType="Check" RadioGroup="" LAnchorPoint="0" LAnchorOffset="0" TAnchorPoint="0" TAnchorOffset="0" RAnchorPoint="0" RAnchorOffset="37" BAnchorPoint="0" BAnchorOffset="37" DT_VCENTER="1" DT_CENTER="1" TooltipType="OnCursor" Name="BtnMarkerIcon" Border="0" Picture="0" SwallowMouseClicks="1" Moveable="0" Escapable="0" Overlapped="1" BGColor="white" TextColor="white" TooltipColor="" NormalTextColor="UI_BtnTextGrayListNormal" PressedTextColor="white" FlybyTextColor="white" PressedFlybyTextColor="white" DisabledTextColor="white" Text="" TextId="" RelativeToClient="1" IgnoreMouse="0" GlobalRadioGroup="ContextMenuPlayer_MarkerIcons_GlobalRadioGroup" Tooltip="">
        <Event Name="ButtonCheck" Function="OnRegularBtn"/>
        <Event Name="ButtonUncheck" Function="OnRegularBtn"/>
        <Control Class="Window" LAnchorPoint="0" LAnchorOffset="4" TAnchorPoint="0" TAnchorOffset="4" RAnchorPoint="1" RAnchorOffset="-4" BAnchorPoint="1" BAnchorOffset="-4" RelativeToClient="1" Font="Default" Text="" Template="Default" TooltipType="OnCursor" Name="BtnMarkerIconSprite" BGColor="white" TextColor="white" TooltipColor="" Sprite="" Picture="1" IgnoreMouse="1" NewControlDepth="1" Tooltip=""/>
        <Control Class="Window" LAnchorPoint="0" LAnchorOffset="0" TAnchorPoint="0" TAnchorOffset="0" RAnchorPoint="1" RAnchorOffset="0" BAnchorPoint="1" BAnchorOffset="0" RelativeToClient="1" Font="Default" Text="" Template="Default" TooltipType="OnCursor" Name="BtnMarkerMouseCatcher" BGColor="white" TextColor="white" TooltipColor="">
            <Event Name="MouseButtonUp" Function="OnRegularBtn"/>
        </Control>
    </Form>
    <Form Class="Window" LAnchorPoint="0.5" LAnchorOffset="-225" TAnchorPoint="0.5" TAnchorOffset="-190" RAnchorPoint="0.5" RAnchorOffset="225" BAnchorPoint="0.5" BAnchorOffset="190" RelativeToClient="1" Font="Default" Text="" Template="Default" Name="ReportChat_YesNo" Border="0" Picture="1" SwallowMouseClicks="1" Moveable="1" Escapable="0" Overlapped="1" BGColor="white" TextColor="white" Sprite="" TransitionShowHide="1" TooltipColor="" Tooltip="">
        <Control Class="Window" LAnchorPoint="0" LAnchorOffset="8" TAnchorPoint="0" TAnchorOffset="8" RAnchorPoint="1" RAnchorOffset="-8" BAnchorPoint="1" BAnchorOffset="-8" RelativeToClient="1" Font="Default" Text="" Template="Holo_Small" Name="BGArt" BGColor="white" TextColor="white" Picture="1" IgnoreMouse="1" Sprite="" HideInEditor="0" TooltipColor="" Border="1" UseTemplateBG="1" Tooltip=""/>
        <Event Name="WindowClosed" Function="ReportChat_WindowClosed"/>
        <Control Class="Button" Base="BK3:btnHolo_Blue_Med" Font="CRB_Button" ButtonType="PushButton" RadioGroup="" LAnchorPoint="0" LAnchorOffset="80" TAnchorPoint="1" TAnchorOffset="-122" RAnchorPoint="0.5" RAnchorOffset="6" BAnchorPoint="1" BAnchorOffset="-50" DT_VCENTER="1" DT_CENTER="1" Name="YesButton" BGColor="white" TextColor="white" NormalTextColor="UI_BtnTextBlueNormal" PressedTextColor="UI_BtnTextBluePressed" FlybyTextColor="UI_BtnTextBlueFlyby" PressedFlybyTextColor="UI_BtnTextBluePressedFlyby" DisabledTextColor="UI_BtnTextBlueDisabled" Text="" TextId="Yes" TooltipColor="" Tooltip="">
            <Event Name="ButtonSignal" Function="ReportChat_YesPicked"/>
        </Control>
        <Control Class="Button" Base="BK3:btnHolo_Red_Med" Font="CRB_Button" ButtonType="PushButton" RadioGroup="" LAnchorPoint=".5" LAnchorOffset="5" TAnchorPoint="1" TAnchorOffset="-122" RAnchorPoint="1" RAnchorOffset="-80" BAnchorPoint="1" BAnchorOffset="-50" DT_VCENTER="1" DT_CENTER="1" Name="NoButton" BGColor="white" TextColor="white" NormalTextColor="UI_BtnTextRedNormal" PressedTextColor="UI_BtnTextRedPressed" FlybyTextColor="UI_BtnTextRedFlyby" PressedFlybyTextColor="UI_BtnTextRedPressedFlyby" DisabledTextColor="UI_BtnTextRedDisabled" Text="" TextId="No" TooltipColor="">
            <Event Name="ButtonSignal" Function="ReportChat_NoPicked"/>
        </Control>
        <Control Class="Button" Base="BK3:btnHolo_Close" Font="Thick" ButtonType="PushButton" RadioGroup="" LAnchorPoint="1" LAnchorOffset="-92" TAnchorPoint="0" TAnchorOffset="48" RAnchorPoint="1" RAnchorOffset="-49" BAnchorPoint="0" BAnchorOffset="90" DT_VCENTER="1" DT_CENTER="1" Name="CloseButton" BGColor="UI_AlphaPercent65" TextColor="white" NormalTextColor="white" PressedTextColor="white" FlybyTextColor="white" PressedFlybyTextColor="white" DisabledTextColor="white" Text="" TooltipColor="">
            <Event Name="ButtonSignal" Function="ReportChat_NoPicked"/>
        </Control>
        <Control Class="Button" Base="BK3:btnHolo_Red_Med" Font="CRB_Button" ButtonType="PushButton" RadioGroup="" LAnchorPoint=".5" LAnchorOffset="-70" TAnchorPoint="1" TAnchorOffset="-122" RAnchorPoint=".5" RAnchorOffset="70" BAnchorPoint="1" BAnchorOffset="-50" DT_VCENTER="1" DT_CENTER="1" Name="CancelButton" BGColor="white" TextColor="white" NormalTextColor="UI_BtnTextRedNormal" PressedTextColor="UI_BtnTextRedPressed" FlybyTextColor="UI_BtnTextRedFlyby" PressedFlybyTextColor="UI_BtnTextRedPressedFlyby" DisabledTextColor="UI_BtnTextRedDisabled" Text="" TextId="CRB_Cancel" TooltipColor="" Visible="0" HideInEditor="1">
            <Event Name="ButtonSignal" Function="ReportChat_NoPicked"/>
        </Control>
        <Control Class="Window" LAnchorPoint="0" LAnchorOffset="70" TAnchorPoint="0" TAnchorOffset="90" RAnchorPoint="1" RAnchorOffset="-70" BAnchorPoint="1" BAnchorOffset="-140" RelativeToClient="1" Font="CRB_InterfaceMedium" Text="" Template="Holo_ScrollListSmall" Name="BodyTextBackground" BGColor="white" TextColor="UI_TextHoloTitle" TextId="" DT_CENTER="1" DT_VCENTER="1" DT_WORDBREAK="1" TooltipColor="" Sprite="BK3:UI_BK3_Holo_InsetSimple" Picture="1" IgnoreMouse="1" Border="0" UseTemplateBG="1" VScroll="1" Tooltip="">
            <Control Class="MLWindow" LAnchorPoint="0" LAnchorOffset="" TAnchorPoint="0" TAnchorOffset="" RAnchorPoint="1" RAnchorOffset="" BAnchorPoint="1" BAnchorOffset="" RelativeToClient="1" Font="CRB_InterfaceMedium" Text="" Template="Default" Name="BodyText" BGColor="white" TextColor="UI_TextHoloTitle" TextId="" DT_CENTER="1" DT_VCENTER="0" DT_WORDBREAK="1" TooltipColor="" Sprite="" Picture="0" IgnoreMouse="1" Border="0" UseTemplateBG="0" VScroll="0" Tooltip="" AutoHideScroll="0"/>
        </Control>
        <Control Class="Window" LAnchorPoint="0" LAnchorOffset="100" TAnchorPoint="0" TAnchorOffset="50" RAnchorPoint="1" RAnchorOffset="-100" BAnchorPoint="0" BAnchorOffset="90" RelativeToClient="1" Font="CRB_HeaderMedium" Text="" BGColor="UI_WindowBGDefault" TextColor="UI_WindowTitleYellow" Template="Default" TooltipType="OnCursor" Name="Window" TooltipColor="" TextId="ContextMenu_ReportSpam" DT_CENTER="1" DT_VCENTER="1"/>
    </Form>
</Forms>
