<?xml version="1.0" encoding="UTF-8" standalone="yes" ?>
<Forms>
    <Form Class="Window" LAnchorPoint="0" LAnchorOffset="0" TAnchorPoint="0" TAnchorOffset="0" RAnchorPoint="1" RAnchorOffset="0" BAnchorPoint="1" BAnchorOffset="0" RelativeToClient="0" Font="Default" Text="" Template="Default" TooltipType="OnCursor" Name="CRB_GameExitForm" Border="0" Picture="1" SwallowMouseClicks="1" Moveable="0" Escapable="0" Overlapped="1" BGColor="40000000" TextColor="ffffffff" TooltipColor="" Sprite="WhiteFill" Tooltip="">
        <Control Class="Window" LAnchorPoint="0.5" LAnchorOffset="-187" TAnchorPoint="0.5" TAnchorOffset="-220" RAnchorPoint="0.5" RAnchorOffset="187" BAnchorPoint="0.5" BAnchorOffset="-50" RelativeToClient="1" Font="Default" Text="" Template="" Name="GameExitPseudoForm" Border="0" Picture="1" SwallowMouseClicks="1" Moveable="0" Escapable="0" Overlapped="1" BGColor="ffffffff" TextColor="ffffffff" TextId="" TooltipColor="" Tooltip="" Sprite="CRB_Basekit:kitBase_HoloBlue_Floating">
            <Control Class="Window" LAnchorPoint="0" LAnchorOffset="107" TAnchorPoint="0.5" TAnchorOffset="-27" RAnchorPoint="0" RAnchorOffset="267" BAnchorPoint="0.5" BAnchorOffset="13" RelativeToClient="1" Font="Default" Text="" Template="Default" TooltipType="OnCursor" Name="BG_Inset" BGColor="ffffffff" TextColor="ffffffff" TooltipColor="" Picture="1" IgnoreMouse="1" Sprite="CRB_Basekit:kitBase_HoloBlue_InsetBorder_Thin"/>
            <Control Class="Window" LAnchorPoint="0" LAnchorOffset="0" TAnchorPoint="0" TAnchorOffset="12" RAnchorPoint="1" RAnchorOffset="0" BAnchorPoint="0" BAnchorOffset="33" RelativeToClient="1" Font="CRB_InterfaceLarge" Template="Default" Name="Title" BGColor="ffffffff" TextColor="ffffffff" DT_VCENTER="1" DT_CENTER="1" NewControlDepth="2" TextId="CRB_Camp" Text="" TooltipColor=""/>
            <Control Class="Button" Base="CRB_Basekit:kitBtn_Holo_Red" Font="CRB_InterfaceMedium" ButtonType="PushButton" RadioGroup="" LAnchorPoint="0" LAnchorOffset="191" TAnchorPoint="0" TAnchorOffset="105" RAnchorPoint="0" RAnchorOffset="354" BAnchorPoint="0" BAnchorOffset="150" DT_VCENTER="1" DT_CENTER="1" Name="CancelButton" BGColor="ffffffff" TextColor="ffffffff" NewControlDepth="2" WindowSoundTemplate="TogglePhys03" TextId="CRB_Cancel" Text="" TooltipColor="" NormalTextColor="UI_BtnTextRedNormal" PressedTextColor="UI_BtnTextRedPressed" FlybyTextColor="UI_BtnTextRedFlyby" PressedFlybyTextColor="UI_BtnTextRedPressedFlyby" DisabledTextColor="UI_BtnTextRedDisabled">
                <Event Name="ButtonSignal" Function="OnCancel"/>
            </Control>
            <Control Class="Button" Base="CRB_Basekit:kitBtn_Holo_Large" Font="CRB_InterfaceMedium" ButtonType="PushButton" RadioGroup="" LAnchorPoint="0" LAnchorOffset="20" TAnchorPoint="1" TAnchorOffset="-64" RAnchorPoint=".5" RAnchorOffset="-4" BAnchorPoint="1" BAnchorOffset="-20" DT_VCENTER="1" DT_CENTER="1" Name="LeaveNow" BGColor="ffffffff" TextColor="ffffffff" NewControlDepth="2" WindowSoundTemplate="TogglePhys02" TextId="CRB_GameExit_LeaveNow" Text="" TooltipColor="" NormalTextColor="UI_BtnTextHoloNormal" PressedTextColor="UI_BtnTextHoloPressed" FlybyTextColor="UI_BtnTextHoloFlyby" PressedFlybyTextColor="UI_BtnTextHoloPressedFlyby" DisabledTextColor="UI_BtnTextHoloDisabled" Tooltip="">
                <Event Name="ButtonSignal" Function="OnLeaveNow"/>
            </Control>
            <Control Class="Button" Base="CRB_Basekit:kitBtn_Holo_Close" Font="Thick" ButtonType="PushButton" RadioGroup="" LAnchorPoint="1" LAnchorOffset="-33" TAnchorPoint="0" TAnchorOffset="12" RAnchorPoint="1" RAnchorOffset="-12" BAnchorPoint="0" BAnchorOffset="33" DT_VCENTER="1" DT_CENTER="1" Name="CloseButton" BGColor="ffffffff" TextColor="ffffffff" NewControlDepth="2" WindowSoundTemplate="CloseWindowPhys" Text="" TextId="" TooltipColor="" NormalTextColor="ffffffff" PressedTextColor="ffffffff" FlybyTextColor="ffffffff" PressedFlybyTextColor="ffffffff" DisabledTextColor="ffffffff">
                <Event Name="ButtonSignal" Function="OnCancel"/>
            </Control>
            <Control Class="Window" LAnchorPoint="0" LAnchorOffset="0" TAnchorPoint="0" TAnchorOffset="33" RAnchorPoint="1" RAnchorOffset="0" BAnchorPoint="0.5" BAnchorOffset="-30" RelativeToClient="1" Font="CRB_InterfaceMedium" Text="" Template="Default" TooltipType="OnCursor" Name="Message" BGColor="ffffffff" TextColor="UI_TextHoloTitle" TooltipColor="" DT_CENTER="1" DT_VCENTER="1" TextId=""/>
            <Control Class="Window" LAnchorPoint=".5" LAnchorOffset="-58" TAnchorPoint="0.5" TAnchorOffset="-27" RAnchorPoint=".5" RAnchorOffset="58" BAnchorPoint="0.5" BAnchorOffset="13" RelativeToClient="1" Font="CRB_InterfaceLarge" Text="" Template="Default" TooltipType="OnCursor" Name="Time" BGColor="ffffffff" TextColor="UI_TextHoloBodyHighlight" TooltipColor="" DT_CENTER="1" DT_VCENTER="1" TextId=""/>
        </Control>
    </Form>
</Forms>
