<?xml version="1.0" ?>
<Forms>
    <!-- forms go here -->
    <!-- form -->
    <!-- SpriteView -->
    <Form Name="SpriteView" Class="Window" LAnchorPoint="0.0" LAnchorOffset="5" TAnchorPoint="0.0" TAnchorOffset="5" RAnchorPoint="0.0" RAnchorOffset="237" BAnchorPoint="0" BAnchorOffset="250" Border="0" Picture="0" Sprite="" Moveable="0" Sizable="1" Font="ThinNoShadow" BGColor="ffffffff" TextColor="ff000000" Tooltip="" TooltipId="" Text="" Template="GreyBevInnerFrame" TextId="" NoClip="1" Overlapped="1" UseTemplateBG="0" RelativeToClient="1" IgnoreMouse="0" TooltipColor="" BottomEdgeControlsAnchor="SpriteViewBtm" RightEdgeControlsAnchor="SpriteViewRight">
        <Control Class="Window" LAnchorPoint="0" LAnchorOffset="-0" TAnchorPoint="0" TAnchorOffset="0" RAnchorPoint="1" RAnchorOffset="-0" BAnchorPoint="0" BAnchorOffset="26" RelativeToClient="1" Font="Thick" Text="" Template="GreyBevInnerFrame" Name="Title" BGColor="ffffffff" TextColor="ffffffff" IgnoreMouse="1" NoClip="1" UseTemplateBG="1" Picture="0" Moveable="0" Sizable="0" Border="1" NotRelative="0" TextId="CRB_Preview" DT_VCENTER="1" DT_CENTER="1" Overlapped="1" TooltipColor="" Tooltip="" />
        <Control Name="View" Class="Window" LAnchorPoint="0.0" LAnchorOffset="0" TAnchorPoint="0.0" TAnchorOffset="27" RAnchorPoint="1" RAnchorOffset="0" BAnchorPoint="1" BAnchorOffset="0" Border="1" Picture="1" Sprite="ClientSprites:WhiteFill" Moveable="0" Sizable="0" Font="ThinNoShadow" BGColor="ffffffff" TextColor="ff000000" Tooltip="" TooltipId="" Text="" Template="GreyBevInnerFrame" TextId="" NoClip="1" Overlapped="1" UseTemplateBG="0" IgnoreMouse="1" RelativeToClient="0" TooltipColor="" />
        <Event Name="WindowMove" Function="OnSpriteViewMove" />
    </Form>
    <Form Name="SpriteBrowser" Class="Window" LAnchorPoint="0.0" LAnchorOffset="0" TAnchorPoint="0.0" TAnchorOffset="16" RAnchorPoint="1.0" RAnchorOffset="0" BAnchorPoint="1.0" BAnchorOffset="0" Font="ThinNoShadow" Border="1" Picture="1" Sprite="WhiteFill" BGColor="0xff000000" Moveable="1" Sizable="1" TextColor="ffffffff" Tooltip="" TooltipColor="">
        <Control Name="Label" Class="Window" Text="Sprite:" PosX="5" PosY="5" Width="45" Height="25" RelativeToClient="1" BGColor="ffffffff" TextColor="ffffffff" TooltipColor="" />
        <Control Name="SpriteFilter" Class="EditBox" Template="Control" PosX="50" PosY="5" Width="200" Height="25" Border="1" RelativeToClient="1" BGColor="ffffffff" TextColor="ffffffff" TooltipColor="">
            <Event Name="EditBoxChanged" Function="OnSpriteFilterChanged" />
        </Control>
        <Control Name="SpriteList" Class="Grid" Template="Control" LAnchorPoint="0.0" LAnchorOffset="5" TAnchorPoint="0.0" TAnchorOffset="35" RAnchorPoint="1.0" RAnchorOffset="-5" BAnchorPoint="1.0" BAnchorOffset="-45" RelativeToClient="1" Border="1" VScroll="1" HeaderBG="RaisedBorder" HeaderTextColor="0xff000000" Font="ThinNoShadow" SelectWholeRow="1" BGColor="ffffffff" TextColor="ffffffff" TooltipColor="" CellBGNormalColor="" CellBGSelectedColor="" CellBGNormalFocusColor="" CellBGSelectedFocusColor="" TextNormalColor="" TextSelectedColor="" TextNormalFocusColor="" TextSelectedFocusColor="">
            <Column Name="Sprite" Width="64" />
            <Column Name="Name" Width="300" TextColor="0xffffffff" DT_CENTER="1" />
            <Column Name="Type" Width="60" TextColor="0xffffffff" />
            <Event Name="GridSelChange" Function="OnSpriteBrowserSelChanged" />
        </Control>
        <Control Name="SpriteBrowserClose" Class="Button" Base="DefaultBlankButton" ButtonType="PushButton" Text="Close" DT_VCENTER="1" DT_CENTER="1" LAnchorPoint="1.0" LAnchorOffset="-45" TAnchorPoint="1.0" TAnchorOffset="-25" RAnchorPoint="1.0" RAnchorOffset="-5" BAnchorPoint="1.0" BAnchorOffset="-5" RelativeToClient="1" Border="1" BGColor="ffffffff" TextColor="ffffffff" NormalTextColor="ffffffff" PressedTextColor="ffffffff" FlybyTextColor="ffffffff" PressedFlybyTextColor="ffffffff" DisabledTextColor="ffffffff" TooltipColor="">
            <Event Name="ButtonSignal" Function="OnSpriteBrowserClose" />
        </Control>
    </Form>
    <Form Name="ButtonView" Class="Window" LAnchorPoint="0.0" LAnchorOffset="5" TAnchorPoint="0.0" TAnchorOffset="5" RAnchorPoint="0" RAnchorOffset="579" BAnchorPoint="0.0" BAnchorOffset="250" Border="0" Picture="0" Sprite="" Moveable="0" Sizable="1" Font="ThinNoShadow" BGColor="ffffffff" TextColor="ffffffff" Tooltip="" TooltipId="" Text="" Template="GreyBevInnerFrame" Overlapped="1" Scalable="0" TooltipType="OnCursor" UseTemplateBG="0" NoClip="1" Visible="0" RelativeToClient="1" TooltipColor="" BottomEdgeControlsAnchor="BtnViewBtm" RightEdgeControlsAnchor="BtnViewRight">
        <Event Name="WindowMove" Function="OnButtonViewMove" />
        <Control Name="View" Class="Window" LAnchorPoint="0.0" LAnchorOffset="0" TAnchorPoint="0.0" TAnchorOffset="27" RAnchorPoint="1" RAnchorOffset="0" BAnchorPoint="1" BAnchorOffset="0" Border="1" Picture="0" Sprite="" Moveable="0" Sizable="0" Font="ThinNoShadow" BGColor="ffffffff" TextColor="ffffffff" Tooltip="" TooltipId="" Text="" Template="GreyBevInnerFrame" Overlapped="1" Scalable="0" TooltipType="OnCursor" UseTemplateBG="0" IgnoreMouse="1" NoClip="1" HideInEditor="0" RelativeToClient="1" TooltipColor="">
            <Control Class="Button" Base="" Font="Thick" ButtonType="PushButton" RadioGroup="" LAnchorPoint="0" LAnchorOffset="7" TAnchorPoint="0" TAnchorOffset="5" RAnchorPoint="0" RAnchorOffset="187" BAnchorPoint="0" BAnchorOffset="179" DT_VCENTER="1" DT_CENTER="1" Name="ButtonPress" BGColor="ffffffff" TextColor="ffffffff" NormalTextColor="ffffffff" PressedTextColor="ffffffff" FlybyTextColor="ffffffff" PressedFlybyTextColor="ffffffff" DisabledTextColor="ffffffff" Tooltip="" TooltipId="" Text="" Border="0" Sizable="0" Moveable="0" Template="GreyBevInnerFrame" Picture="0" UseTemplateBG="1" NoClip="1" TooltipColor="" />
            <Control Class="Button" Base="" Font="Thick" ButtonType="Check" RadioGroup="" LAnchorPoint="0" LAnchorOffset="193" TAnchorPoint="0" TAnchorOffset="5" RAnchorPoint="0" RAnchorOffset="371" BAnchorPoint="0" BAnchorOffset="181" DT_VCENTER="1" DT_CENTER="1" Name="ButtonCheckBox" BGColor="ffffffff" TextColor="ffffffff" NormalTextColor="ffffffff" PressedTextColor="ffffffff" FlybyTextColor="ffffffff" PressedFlybyTextColor="ffffffff" DisabledTextColor="ffffffff" Tooltip="" TooltipId="" Border="0" Sizable="0" Moveable="0" UseTemplateBG="1" Template="GreyBevInnerFrame" NoClip="1" />
            <Control Class="Button" Base="" Font="Thick" ButtonType="PushButton" RadioGroup="" LAnchorPoint="0" LAnchorOffset="379" TAnchorPoint="0" TAnchorOffset="5" RAnchorPoint="0" RAnchorOffset="560" BAnchorPoint="0" BAnchorOffset="180" DT_VCENTER="1" DT_CENTER="1" Name="ButtonDisabled" BGColor="ffffffff" TextColor="ffffffff" NormalTextColor="ffffffff" PressedTextColor="ffffffff" FlybyTextColor="ffffffff" PressedFlybyTextColor="ffffffff" DisabledTextColor="ffffffff" Tooltip="" TooltipId="" Border="0" Template="GreyBevInnerFrame" Sizable="0" Moveable="0" UseTemplateBG="1" Picture="0" NoClip="1" />
        </Control>
        <Control Class="Window" LAnchorPoint="0" LAnchorOffset="0" TAnchorPoint="0" TAnchorOffset="0" RAnchorPoint="1" RAnchorOffset="0" BAnchorPoint="0" BAnchorOffset="25" RelativeToClient="1" Font="Default" Text="" Template="Default" Name="Title" BGColor="ffffffff" TextColor="ffffffff" IgnoreMouse="1" NoClip="1" Overlapped="1" TooltipColor="">
            <Control Class="Window" LAnchorPoint="0" LAnchorOffset="0" TAnchorPoint="0" TAnchorOffset="0" RAnchorPoint="0" RAnchorOffset="190" BAnchorPoint="1" BAnchorOffset="0" RelativeToClient="0" Font="Thick" Text="Press Button" Template="GreyBevInnerFrame" Name="TitlePress" BGColor="ffffffff" TextColor="ffffffff" IgnoreMouse="1" NoClip="1" UseTemplateBG="1" Picture="0" Moveable="0" Sizable="0" Border="1" NotRelative="0" TextId="" DT_VCENTER="1" DT_CENTER="1" Tooltip="" />
            <Control Class="Window" LAnchorPoint="0" LAnchorOffset="192" TAnchorPoint="0" TAnchorOffset="0" RAnchorPoint="0" RAnchorOffset="378" BAnchorPoint="1" BAnchorOffset="0" RelativeToClient="0" Font="Thick" Text="Check Box" Template="GreyBevInnerFrame" Name="TitleCheckBox" BGColor="ffffffff" TextColor="ffffffff" IgnoreMouse="1" NoClip="1" UseTemplateBG="1" Picture="0" Moveable="0" Sizable="0" Border="1" NotRelative="0" TextId="" DT_VCENTER="1" DT_CENTER="1" Tooltip="" />
            <Control Class="Window" LAnchorPoint="0" LAnchorOffset="380" TAnchorPoint="0" TAnchorOffset="0" RAnchorPoint="1" RAnchorOffset="0" BAnchorPoint="1" BAnchorOffset="0" RelativeToClient="0" Font="Thick" Text="Disabled" Template="GreyBevInnerFrame" Name="TitleDisabled" BGColor="ffffffff" TextColor="ffffffff" IgnoreMouse="1" NoClip="1" UseTemplateBG="1" Picture="0" Moveable="0" Sizable="0" Border="1" NotRelative="0" TextId="" DT_VCENTER="1" DT_CENTER="1" Tooltip="" />
        </Control>
    </Form>
    <Form Class="Window" LAnchorPoint="0" LAnchorOffset="0" TAnchorPoint="SpriteViewBtm" TAnchorOffset="3" RAnchorPoint="1" RAnchorOffset="0" BAnchorPoint="1" BAnchorOffset="-5" RelativeToClient="1" Font="Default" Text="" Template="Default" Name="FrameEditor" Border="0" Picture="0" SwallowMouseClicks="1" Moveable="0" Escapable="0" Overlapped="1" BGColor="ffffffff" TextColor="ffffffff" Sizable="0" UseTemplateBG="1" IgnoreMouse="1" TooltipColor="" Tooltip="" Visible="0" TopEdgeControlsAnchor="">
        <Control Class="Window" LAnchorPoint="0" LAnchorOffset="5" TAnchorPoint="0" TAnchorOffset="0" RAnchorPoint="1" RAnchorOffset="-3" BAnchorPoint="1" BAnchorOffset="0" RelativeToClient="1" Font="Default" Text="" Template="Default" Name="FrameDef" BGColor="ffffffff" TextColor="ffffffff" IgnoreMouse="0" NoClip="1" Sizable="0" Moveable="0" TooltipColor="" RightEdgeControlsAnchor="">
            <Control Name="View" Class="FrameDefWindow" LAnchorPoint="0.0" LAnchorOffset="0" TAnchorPoint="0.0" TAnchorOffset="27" RAnchorPoint="1" RAnchorOffset="0" BAnchorPoint="1" BAnchorOffset="0" Font="ThinNoShadow" Border="1" Picture="1" BGColor="00808080" Sprite="WhiteFill" TextColor="ffffffff" Text="" Template="GreyBevInnerFrame" UseTemplateBG="1" NoClip="1" IgnoreMouse="1" TooltipColor="" Tooltip="" />
            <Control Class="Window" LAnchorPoint="0" LAnchorOffset="0" TAnchorPoint="0" TAnchorOffset="0" RAnchorPoint="1" RAnchorOffset="0" BAnchorPoint="0" BAnchorOffset="26" RelativeToClient="1" Font="Thick" Text="Frame Editor" Template="GreyBevInnerFrame" Name="Title" BGColor="ffffffff" TextColor="ffffffff" IgnoreMouse="1" NoClip="1" UseTemplateBG="1" Picture="0" Moveable="0" Sizable="0" Border="1" NotRelative="0" TextId="" DT_VCENTER="1" DT_CENTER="1" TooltipColor="" />
        </Control>
    </Form>
    <Form Class="Window" LAnchorPoint="0" LAnchorOffset="5" TAnchorPoint="BtnViewBtm" TAnchorOffset="6" RAnchorPoint="1" RAnchorOffset="-5" BAnchorPoint="BtnViewBtm" BAnchorOffset="250" RelativeToClient="1" Font="Default" Text="" Template="Default" Name="IconButtonView" Border="0" Picture="0" SwallowMouseClicks="1" Moveable="0" Escapable="1" Overlapped="1" BGColor="ffffffff" TextColor="ffffffff" Sizable="1" TooltipColor="" Tooltip="" Visible="0" TopEdgeControlsAnchor="" BottomEdgeControlsAnchor="" AutoFade="0">
        <Control Class="Window" LAnchorPoint="0" LAnchorOffset="0" TAnchorPoint="0" TAnchorOffset="27" RAnchorPoint="1" RAnchorOffset="0" BAnchorPoint="1" BAnchorOffset="0" RelativeToClient="0" Font="Default" Text="" Template="GreyBevInnerFrame" Name="View" Border="1" Picture="1" SwallowMouseClicks="1" Moveable="0" Escapable="0" Overlapped="1" BGColor="ffffffff" TextColor="ffffffff" Sizable="0" NoClip="1" IgnoreMouse="1" TooltipColor="">
            <Control Class="Window" LAnchorPoint="0" LAnchorOffset="7" TAnchorPoint="0" TAnchorOffset="6" RAnchorPoint="0" RAnchorOffset="157" BAnchorPoint="0" BAnchorOffset="152" RelativeToClient="0" Font="Default" Text="Background" Template="Default" Name="UnderSprite" BGColor="ffffffff" TextColor="ffffffff" Border="1" IgnoreMouse="0" TextId="" DT_BOTTOM="1" DT_VCENTER="0" DT_CENTER="1" Picture="1" TooltipColor="" />
            <Control Class="Window" LAnchorPoint="0" LAnchorOffset="299" TAnchorPoint="0" TAnchorOffset="17" RAnchorPoint="0" RAnchorOffset="352" BAnchorPoint="0" BAnchorOffset="66" RelativeToClient="0" Font="Default" Text="Icon" Template="Default" Name="IconSprite" BGColor="ffffffff" TextColor="ffffffff" Border="1" IgnoreMouse="0" TextId="" DT_CENTER="1" DT_BOTTOM="1" Picture="1" TooltipColor="" />
            <Control Class="Window" LAnchorPoint="0" LAnchorOffset="219" TAnchorPoint="0" TAnchorOffset="22" RAnchorPoint="0" RAnchorOffset="272" BAnchorPoint="0" BAnchorOffset="71" RelativeToClient="0" Font="Default" Text="" Template="Default" Name="OverNormal" BGColor="ffffffff" TextColor="ffffffff" Border="1" IgnoreMouse="0" TextId="CRB_Normal" DT_CENTER="1" DT_BOTTOM="1" Picture="1" TooltipColor="" />
            <Control Class="Window" LAnchorPoint="0" LAnchorOffset="597" TAnchorPoint="0" TAnchorOffset="26" RAnchorPoint="0" RAnchorOffset="650" BAnchorPoint="0" BAnchorOffset="75" RelativeToClient="0" Font="Default" Text="Pressed" Template="Default" Name="OverPressed" BGColor="ffffffff" TextColor="ffffffff" Border="1" IgnoreMouse="0" DT_CENTER="1" DT_BOTTOM="1" TextId="" Picture="1" TooltipColor="" />
            <Control Class="Window" LAnchorPoint="0" LAnchorOffset="382" TAnchorPoint="0" TAnchorOffset="26" RAnchorPoint="0" RAnchorOffset="435" BAnchorPoint="0" BAnchorOffset="75" RelativeToClient="0" Font="Default" Text="Flyby" Template="Default" Name="OverFlyby" BGColor="ffffffff" TextColor="ffffffff" Border="1" IgnoreMouse="0" TextId="" DT_CENTER="1" DT_VCENTER="0" DT_BOTTOM="1" Picture="1" TooltipColor="" />
            <Control Class="Window" LAnchorPoint="0" LAnchorOffset="459" TAnchorPoint="0" TAnchorOffset="26" RAnchorPoint="0" RAnchorOffset="512" BAnchorPoint="0" BAnchorOffset="75" RelativeToClient="0" Font="Default" Text="Pressed Flyby" Template="Default" Name="OverPressedFlyby" BGColor="ffffffff" TextColor="ffffffff" Border="1" IgnoreMouse="0" TextId="" DT_CENTER="1" DT_BOTTOM="1" Picture="1" TooltipColor="" />
            <Control Class="Window" LAnchorPoint="0" LAnchorOffset="534" TAnchorPoint="0" TAnchorOffset="26" RAnchorPoint="0" RAnchorOffset="587" BAnchorPoint="0" BAnchorOffset="75" RelativeToClient="0" Font="Default" Text="Disabled" Template="Default" Name="OverDisabled" BGColor="ffffffff" TextColor="ffffffff" Border="1" IgnoreMouse="0" TextId="" DT_BOTTOM="1" DT_CENTER="1" Picture="1" TooltipColor="" />
        </Control>
        <Control Class="Window" LAnchorPoint="0" LAnchorOffset="0" TAnchorPoint="0" TAnchorOffset="0" RAnchorPoint="1" RAnchorOffset="0" BAnchorPoint="0" BAnchorOffset="25" RelativeToClient="1" Font="Thick" Text="Layers" Template="GreyBevInnerFrame" Name="Title" BGColor="ffffffff" TextColor="ffffffff" IgnoreMouse="1" NoClip="1" UseTemplateBG="1" Picture="0" Moveable="0" Sizable="0" Border="1" NotRelative="0" TextId="" DT_VCENTER="1" DT_CENTER="1" Overlapped="1" TooltipColor="" />
        <Event Name="WindowMove" Function="OnIconButtonViewMove" />
        <Event Name="WindowShow" Function="OnIconButtonViewShow" />
    </Form>
    <Form Class="Window" LAnchorPoint="0" LAnchorOffset="5" TAnchorPoint="SpriteViewBtm" TAnchorOffset="3" RAnchorPoint="1" RAnchorOffset="-5" BAnchorPoint="1" BAnchorOffset="-5" RelativeToClient="1" Font="Default" Text="" Template="Default" Name="IconFolderView" Border="0" Picture="0" SwallowMouseClicks="1" Moveable="0" Escapable="1" Overlapped="1" BGColor="ffffffff" TextColor="ffffffff" Sizable="1" TooltipColor="" Tooltip="" Visible="0" TopEdgeControlsAnchor="" NewWindowDepth="0">
        <Control Class="Window" LAnchorPoint="0" LAnchorOffset="0" TAnchorPoint="0" TAnchorOffset="27" RAnchorPoint="1" RAnchorOffset="0" BAnchorPoint="1" BAnchorOffset="0" RelativeToClient="0" Font="Default" Text="" Template="GreyBevInnerFrame" Name="View" Border="1" Picture="1" SwallowMouseClicks="1" Moveable="0" Escapable="0" Overlapped="1" BGColor="ffffffff" TextColor="ffffffff" Sizable="0" NoClip="1" IgnoreMouse="1" TooltipColor="" VScroll="1" HScroll="0" />
        <Control Class="Window" LAnchorPoint="0" LAnchorOffset="0" TAnchorPoint="0" TAnchorOffset="0" RAnchorPoint="1" RAnchorOffset="0" BAnchorPoint="0" BAnchorOffset="25" RelativeToClient="1" Font="Thick" Text="Icon Folder" Template="GreyBevInnerFrame" Name="Title" BGColor="ffffffff" TextColor="ffffffff" IgnoreMouse="1" NoClip="1" UseTemplateBG="1" Picture="0" Moveable="0" Sizable="0" Border="1" NotRelative="0" TextId="" DT_VCENTER="1" DT_CENTER="1" Overlapped="1" TooltipColor="" />
        <Event Name="WindowMove" Function="OnIconButtonViewMove" />
        <Event Name="WindowShow" Function="OnIconButtonViewShow" />
    </Form>
    <Form Class="Window" LAnchorPoint="0" LAnchorOffset="0" TAnchorPoint="0" TAnchorOffset="0" RAnchorPoint="0" RAnchorOffset="185" BAnchorPoint="0" BAnchorOffset="185" RelativeToClient="1" Font="Default" Text="" Template="CRB_Default" Name="IconItem" Border="0" Picture="1" SwallowMouseClicks="1" Moveable="0" Escapable="0" Overlapped="1" BGColor="ffffffff" TextColor="ffffffff" NewControlDepth="200" TooltipColor="" Tooltip="" IgnoreMouse="1">
        <Event Name="MouseButtonUp" Function="OnIconSelect" />
        <Control Class="SpriteListItem" LAnchorPoint="0" LAnchorOffset="10" TAnchorPoint="0" TAnchorOffset="10" RAnchorPoint="1" RAnchorOffset="-10" BAnchorPoint="1" BAnchorOffset="-10" RelativeToClient="1" Font="Default" Text="" Template="CRB_Normal" Name="Sprite" Border="0" Picture="1" SwallowMouseClicks="0" Moveable="0" Escapable="0" Overlapped="1" BGColor="ffffffff" TextColor="ffffffff" Sprite="ClientSprites:Icon_ItemArmorShield_shield_0001" UseTemplateBG="0" Visible="1" TooltipColor="" Tooltip="" IgnoreMouse="0" />
        <Control Class="Window" LAnchorPoint="0" LAnchorOffset="0" TAnchorPoint="0" TAnchorOffset="0" RAnchorPoint="1" RAnchorOffset="0" BAnchorPoint="1" BAnchorOffset="0" RelativeToClient="1" Font="Default" Text="" Template="CRB_Normal" Name="SelectedFrame" Border="0" Picture="1" SwallowMouseClicks="0" Moveable="0" Escapable="0" Overlapped="1" BGColor="ffffffff" TextColor="ffffffff" Sprite="ClientSprites:AB_Activate" UseTemplateBG="0" Visible="0" TooltipColor="" Tooltip="" IgnoreMouse="1" NewWindowDepth="1" />
    </Form>
    <Form Class="Window" LAnchorPoint="0" LAnchorOffset="705" TAnchorPoint="0" TAnchorOffset="5" RAnchorPoint="0" RAnchorOffset="1000" BAnchorPoint="0" BAnchorOffset="429" RelativeToClient="1" Font="Default" Text="" Template="Default" Name="FramePreview" BGColor="ffffffff" TextColor="ffffffff" IgnoreMouse="0" NoClip="1" Sizable="1" Moveable="0" TooltipColor="" Tooltip="" LeftEdgeControlsAnchor="FramePreview" Overlapped="1">
        <Control Class="Window" LAnchorPoint="0" LAnchorOffset="0" TAnchorPoint="0" TAnchorOffset="0" RAnchorPoint="1" RAnchorOffset="0" BAnchorPoint="0" BAnchorOffset="26" RelativeToClient="1" Font="Thick" Text="Frame Preview" Template="GreyBevInnerFrame" Name="Title" BGColor="ffffffff" TextColor="ffffffff" IgnoreMouse="1" NoClip="1" UseTemplateBG="1" Picture="0" Moveable="0" Sizable="0" Border="1" NotRelative="0" TextId="" DT_VCENTER="1" DT_CENTER="1" TooltipColor="" Tooltip="" />
        <Control Name="View" Class="Window" LAnchorPoint="0.0" LAnchorOffset="0" TAnchorPoint="0.0" TAnchorOffset="27" RAnchorPoint="1" RAnchorOffset="0" BAnchorPoint="1" BAnchorOffset="0" Border="0" Picture="0" Sprite="ClientSprites:WhiteFill" Moveable="0" Sizable="0" Font="ThinNoShadow" BGColor="ffffffff" TextColor="ff000000" Tooltip="" TooltipId="" Text="" Template="GreyBevInnerFrame" TextId="" NoClip="1" Overlapped="0" UseTemplateBG="0" IgnoreMouse="1" TooltipColor="" LeftEdgeControlsAnchor="" />
        <Event Name="WindowMove" Function="OnFramePreviewMove" />
    </Form>
</Forms>
