<Forms>
    <Form Class="Window" LAnchorPoint="0.5" LAnchorOffset="-398" TAnchorPoint="1" TAnchorOffset="-188" RAnchorPoint="0.5" RAnchorOffset="415" BAnchorPoint="1" BAnchorOffset="112" RelativeToClient="1" Font="Default" Template="Default" Name="WarriorResourceForm" Picture="1" SwallowMouseClicks="1" Overlapped="0" BGColor="ffffffff" TextColor="ffffffff" Tooltip="" Visible="1" TooltipColor="" IgnoreMouse="1" NeverBringToFront="0" Sprite="CM_Warrior:spr_CM_Warrior_Base_OutOfCombat" NoClip="1" HideInEditor="0">
        <Control Class="Window" LAnchorPoint="0" LAnchorOffset="0" TAnchorPoint="0" TAnchorOffset="0" RAnchorPoint="1" RAnchorOffset="0" BAnchorPoint="1" BAnchorOffset="0" RelativeToClient="1" Font="Default" Text="" BGColor="UI_WindowBGDefault" TextColor="UI_WindowTextDefault" Template="Default" TooltipType="OnCursor" Name="Base" TooltipColor="" Visible="1" Tooltip="" Sprite="" Picture="1" IgnoreMouse="1" HideInEditor="0"/>
        <Control Class="Window" LAnchorPoint="0.5" LAnchorOffset="-116" TAnchorPoint="0.5" TAnchorOffset="-88" RAnchorPoint="0.5" RAnchorOffset="100" BAnchorPoint="0.5" BAnchorOffset="-3" RelativeToClient="1" Font="Default" Text="" BGColor="UI_WindowBGDefault" TextColor="UI_WindowTextDefault" Template="Default" TooltipType="OnCursor" Name="Bar" TooltipColor="" Picture="1" IgnoreMouse="1" Sprite="CM_Warrior:spr_CM_Warrior_Bar" HideInEditor="1" Visible="0" Tooltip=""/>
        <Control Class="ProgressBar" LAnchorPoint="0.5" LAnchorOffset="-117" TAnchorPoint="0.5" TAnchorOffset="-84" RAnchorPoint="0.5" RAnchorOffset="99" BAnchorPoint="0.5" BAnchorOffset="133" RelativeToClient="1" Font="Default" Text="" Template="Default" TooltipType="OnCursor" Name="ChargeBarOverdriven" BGColor="white" TextColor="ffffffff" TooltipColor="" Picture="0" IgnoreMouse="1" NoClip="0" Sprite="" BarColor="" ProgressFull="CM_Warrior:spr_CM_Warrior_Fill" EdgeGlow="0" ProgressEdgeGlow="" Visible="0" BRtoLT="0" RadialBar="1" RadialMin="159.000000" RadialMax="28.000000" VerticallyAligned="0" UseValues="0" SetTextToProgress="0" Clockwise="1"/>
        <Control Class="ProgressBar" LAnchorPoint="0.5" LAnchorOffset="-117" TAnchorPoint="0.5" TAnchorOffset="-84" RAnchorPoint="0.5" RAnchorOffset="99" BAnchorPoint="0.5" BAnchorOffset="133" RelativeToClient="1" Font="Default" Text="" Template="Default" TooltipType="OnCursor" Name="ChargeBar" BGColor="white" TextColor="ffffffff" TooltipColor="" Picture="0" IgnoreMouse="1" NoClip="0" Sprite="CM_Warrior:spr_CM_Warrior_Fill" BarColor="" ProgressFull="CM_Warrior:spr_CM_Warrior_Fill" ProgressEdgeGlow="" EdgeGlow="0" NoClipEdgeGlow="0" Visible="0" RightEdgeControlsAnchor="" RadialBar="1" RadialMin="159.000000" RadialMax="28.000000" BRtoLT="0" Tooltip="" Clockwise="1" PolygonalClipping="0" ProgressFill="" ProgressEmpty=""/>
        <Control Class="Window" LAnchorPoint="0.5" LAnchorOffset="-116" TAnchorPoint="0.5" TAnchorOffset="-88" RAnchorPoint="0.5" RAnchorOffset="100" BAnchorPoint="0.5" BAnchorOffset="-3" RelativeToClient="1" Font="Default" Text="" BGColor="UI_WindowBGDefault" TextColor="UI_WindowTextDefault" Template="Default" TooltipType="OnCursor" Name="InsetFrameDivider" TooltipColor="" Picture="1" IgnoreMouse="1" Sprite="CM_Warrior:spr_CM_Warrior_Split3" HideInEditor="1" NewControlDepth="1" Visible="0"/>
        <Control Class="Window" LAnchorPoint="0.5" LAnchorOffset="-120" TAnchorPoint="0.5" TAnchorOffset="-118" RAnchorPoint="0.5" RAnchorOffset="105" BAnchorPoint="0.5" BAnchorOffset="79" RelativeToClient="1" Font="Default" Text="" BGColor="UI_WindowBGDefault" TextColor="UI_WindowTextDefault" Template="Default" TooltipType="OnCursor" Name="Skulls" TooltipColor="" Picture="0" IgnoreMouse="1" Sprite="" HideInEditor="0" NewControlDepth="1" Visible="1" TransitionShowHide="1">
            <Control Class="Window" LAnchorPoint="0.5" LAnchorOffset="-66" TAnchorPoint="0.5" TAnchorOffset="-48" RAnchorPoint="0.5" RAnchorOffset="68" BAnchorPoint="0.5" BAnchorOffset="76" RelativeToClient="1" Font="Default" Text="" BGColor="UI_WindowBGDefault" TextColor="UI_WindowTextDefault" Template="Default" TooltipType="OnCursor" Name="Skull" TooltipColor="" Picture="1" IgnoreMouse="1" Sprite="" HideInEditor="0" NewControlDepth="1" Visible="0" TransitionShowHide="1"/>
            <Control Class="Window" LAnchorPoint="0" LAnchorOffset="0" TAnchorPoint="0" TAnchorOffset="0" RAnchorPoint="1" RAnchorOffset="0" BAnchorPoint="1" BAnchorOffset="0" RelativeToClient="1" Font="Default" Text="" BGColor="UI_WindowBGDefault" TextColor="UI_WindowTextDefault" Template="Default" TooltipType="OnCursor" Name="Skull1" TooltipColor="" Picture="1" IgnoreMouse="1" Sprite="CM_Warrior:spr_CM_Warrior_Base_Skull1" HideInEditor="1" NewControlDepth="1" Visible="0" TransitionShowHide="1"/>
            <Control Class="Window" LAnchorPoint="0" LAnchorOffset="-2" TAnchorPoint="0" TAnchorOffset="7" RAnchorPoint="1" RAnchorOffset="-2" BAnchorPoint="1" BAnchorOffset="7" RelativeToClient="1" Font="Default" Text="" BGColor="UI_WindowBGDefault" TextColor="UI_WindowTextDefault" Template="Default" TooltipType="OnCursor" Name="Skull2" TooltipColor="" Picture="1" IgnoreMouse="1" Sprite="CM_Warrior:spr_CM_Warrior_Base_Skull2" HideInEditor="0" NewControlDepth="1" Visible="0" TransitionShowHide="1"/>
            <Control Class="Window" LAnchorPoint="0" LAnchorOffset="-2" TAnchorPoint="0" TAnchorOffset="6" RAnchorPoint="1" RAnchorOffset="-2" BAnchorPoint="1" BAnchorOffset="6" RelativeToClient="1" Font="Default" Text="" BGColor="UI_WindowBGDefault" TextColor="UI_WindowTextDefault" Template="Default" TooltipType="OnCursor" Name="Skull3" TooltipColor="" Picture="1" IgnoreMouse="1" Sprite="CM_Warrior:spr_CM_Warrior_Base_Skull3" HideInEditor="1" NewControlDepth="1" Visible="0" TransitionShowHide="1"/>
            <Control Class="Window" LAnchorPoint="0" LAnchorOffset="-3" TAnchorPoint="0" TAnchorOffset="6" RAnchorPoint="1" RAnchorOffset="-3" BAnchorPoint="1" BAnchorOffset="6" RelativeToClient="1" Font="Default" Text="" BGColor="UI_WindowBGDefault" TextColor="UI_WindowTextDefault" Template="Default" TooltipType="OnCursor" Name="Skull4" TooltipColor="" Picture="1" IgnoreMouse="1" Sprite="CM_Warrior:spr_CM_Warrior_Base_Skull4" HideInEditor="1" NewControlDepth="1" Visible="0" TransitionShowHide="1"/>
            <Control Class="Window" LAnchorPoint="0" LAnchorOffset="-1" TAnchorPoint="0" TAnchorOffset="0" RAnchorPoint="1" RAnchorOffset="-1" BAnchorPoint="1" BAnchorOffset="0" RelativeToClient="1" Font="Default" Text="" BGColor="UI_WindowBGDefault" TextColor="UI_WindowTextDefault" Template="Default" TooltipType="OnCursor" Name="Skull0" TooltipColor="" Picture="1" IgnoreMouse="1" Sprite="CM_Warrior:spr_CM_Warrior_Base_Skull0" HideInEditor="1" NewControlDepth="1" Visible="0" TransitionShowHide="1"/>
        </Control>
        <Control Class="Window" LAnchorPoint="0.5" LAnchorOffset="-58" TAnchorPoint="0.5" TAnchorOffset="-124" RAnchorPoint="0.5" RAnchorOffset="42" BAnchorPoint="0.5" BAnchorOffset="-74" RelativeToClient="1" Font="CRB_Header11_O" Text="" Template="Default" TooltipType="OnCursor" Name="ResourceCount" BGColor="ffffffff" TextColor="xkcdOrangeish" TooltipColor="" TextId="Challenges_NoProgress" DT_VCENTER="1" DT_CENTER="1" Tooltip=""/>
    </Form>
</Forms>
