<?xml version="1.0" encoding="UTF-8" standalone="yes" ?>
<Forms>
    <Form Class="Window" LAnchorPoint="ActionBar0_Right" LAnchorOffset="-30" TAnchorPoint="ActionBar0_Bottom" TAnchorOffset="-53" RAnchorPoint="ActionBar0_Right" RAnchorOffset="20" BAnchorPoint="ActionBar0_Bottom" BAnchorOffset="0" RelativeToClient="1" Font="Default" Text="" Template="" Name="RecallFrameForm" Border="0" Picture="0" SwallowMouseClicks="1" Moveable="0" Escapable="0" Overlapped="1" BGColor="ffffffff" TextColor="ffffffff" TextId="" TooltipColor="" Tooltip="" LeftEdgeControlsAnchor="RecallFrame_Left" TopEdgeControlsAnchor="RecallFrame_Top">
        <Control Class="Button" Base="CRB_ActionBarFrameSprites:btnActionBarFrame_RecallToggle" Font="Thick" ButtonType="Check" RadioGroup="" LAnchorPoint="0" LAnchorOffset="21" TAnchorPoint="0" TAnchorOffset="11" RAnchorPoint="0" RAnchorOffset="46" BAnchorPoint="0" BAnchorOffset="26" DT_VCENTER="1" DT_CENTER="1" TooltipType="OnCursor" Name="RecallOptionToggle" BGColor="ffffffff" TextColor="ffffffff" TooltipColor="" NormalTextColor="ffffffff" PressedTextColor="ffffffff" FlybyTextColor="ffffffff" PressedFlybyTextColor="ffffffff" DisabledTextColor="ffffffff">
            <Event Name="ButtonCheck" Function="OnRecallOptionToggle"/>
            <Event Name="ButtonUncheck" Function="OnRecallOptionToggle"/>
        </Control>
        <Control Class="ActionBarButton" Name="RecallActionBtn" ContentType="GCBar" ContentId="18" Base="Button_ActionBarBlank" RelativeToClient="1" IfHoldNoSignal="1" DT_VCENTER="1" DT_CENTER="1" NeverBringToFront="1" Picture="0" WindowSoundTemplate="ActionBarButton" BGColor="ffffffff" TextColor="ffffffff" LAnchorPoint="0" LAnchorOffset="23" TAnchorPoint="0" TAnchorOffset="28" RAnchorPoint="1" RAnchorOffset="-7" BAnchorPoint="1" BAnchorOffset="-5" Font="CRB_InterfaceLarge_O" IgnoreTooltipDelay="1" TooltipColor="" NewControlDepth="10" HideInEditor="0" RechargeBarLAnchorPoint="1" RechargeBarLAnchorOffset="-8" RechargeBarTAnchorPoint="0" RechargeBarTAnchorOffset="4" RechargeBarRAnchorPoint="1" RechargeBarRAnchorOffset="4" RechargeBarBAnchorPoint="1" RechargeBarBAnchorOffset="-14" RechargeBarEmptyColorAttribute="Black" RechargeBarFullColorAttribute="ffffffff" RechargeBarEmptyAttribute="WhiteFill" RechargeBarFullAttribute="sprStalker_VerticalGooPulse">
            <Event Name="GenerateTooltip" Function="OnGenerateTooltip"/>
        </Control>
        <Pixie LAnchorPoint="0" LAnchorOffset="0" TAnchorPoint="0" TAnchorOffset="0" RAnchorPoint="1" RAnchorOffset="0" BAnchorPoint="1" BAnchorOffset="0" BGColor="ffffffff" Font="CRB_InterfaceMedium" TextColor="ffc0c0c0" Text="" TextId="" Sprite="CRB_ActionBarFrameSprites:sprActionBarFrame_RecallFrame" DT_CENTER="1" DT_VCENTER="1" Line="0"/>
    </Form>
    <Form Class="Window" LAnchorPoint="0" LAnchorOffset="0" TAnchorPoint="0" TAnchorOffset="0" RAnchorPoint="0" RAnchorOffset="68" BAnchorPoint="0" BAnchorOffset="89" RelativeToClient="1" Font="Default" Text="" Template="Default" TooltipType="OnCursor" Name="RecallEntry" Border="0" Picture="0" SwallowMouseClicks="1" Moveable="0" Escapable="0" Overlapped="1" BGColor="ffffffff" TextColor="ffffffff" TooltipColor="" Tooltip="">
        <Control Class="ActionBarButton" Name="RecallActionBtn" ContentType="GCBar" ContentId="18" Base="Button_ActionBarBlank" RelativeToClient="1" IfHoldNoSignal="1" DT_VCENTER="1" DT_CENTER="1" NeverBringToFront="1" Picture="0" WindowSoundTemplate="ActionBarButton" BGColor="ffffffff" TextColor="ffffffff" LAnchorPoint="0" LAnchorOffset="6" TAnchorPoint="0" TAnchorOffset="6" RAnchorPoint="1" RAnchorOffset="-6" BAnchorPoint="0" BAnchorOffset="62" Font="CRB_InterfaceLarge_O" IgnoreTooltipDelay="1" TooltipColor="" NewControlDepth="10" HideInEditor="0" RechargeBarLAnchorPoint="1" RechargeBarLAnchorOffset="-8" RechargeBarTAnchorPoint="0" RechargeBarTAnchorOffset="4" RechargeBarRAnchorPoint="1" RechargeBarRAnchorOffset="4" RechargeBarBAnchorPoint="1" RechargeBarBAnchorOffset="-14" RechargeBarEmptyColorAttribute="Black" RechargeBarFullColorAttribute="ffffffff" RechargeBarEmptyAttribute="WhiteFill" RechargeBarFullAttribute="sprStalker_VerticalGooPulse" Text="" TooltipType="DynamicFloater">
            <Event Name="GenerateTooltip" Function="OnGenerateTooltip"/>
        </Control>
        <Control Class="Window" LAnchorPoint="0" LAnchorOffset="0" TAnchorPoint="0" TAnchorOffset="4" RAnchorPoint="1" RAnchorOffset="0" BAnchorPoint="0" BAnchorOffset="24" RelativeToClient="1" Font="CRB_InterfaceLarge_I" Text="" Template="Default" TooltipType="OnCursor" Name="BindLabel" BGColor="ffffffff" TextColor="ff7fffb9" TooltipColor="" TextId="CRB_Transmat_Terminal" DT_VCENTER="0" DT_BOTTOM="1" Visible="0" HideInEditor="1" Tooltip=""/>
        <Control Class="Button" Base="CRB_Basekit:kitBtn_Holo" Font="CRB_InterfaceSmall" ButtonType="PushButton" RadioGroup="" LAnchorPoint="0" LAnchorOffset="0" TAnchorPoint="1" TAnchorOffset="-21" RAnchorPoint="1" RAnchorOffset="0" BAnchorPoint="1" BAnchorOffset="-1" DT_VCENTER="1" DT_CENTER="1" TooltipType="OnCursor" Name="SetDefault" BGColor="ffffffff" TextColor="ffffffff" TooltipColor="" NormalTextColor="ff2f94ac" PressedTextColor="ff80ffff" FlybyTextColor="ff31fcf6" PressedFlybyTextColor="ffffffff" DisabledTextColor="ff800000" Text="" TextId="Recall_SetDefault" Tooltip="">
            <Event Name="ButtonSignal" Function="OnSetDefault"/>
        </Control>
        <Control Class="Window" LAnchorPoint="0" LAnchorOffset="0" TAnchorPoint="1" TAnchorOffset="-21" RAnchorPoint="1" RAnchorOffset="0" BAnchorPoint="1" BAnchorOffset="-1" RelativeToClient="1" Font="CRB_InterfaceSmall" Text="" Template="Default" TooltipType="OnCursor" Name="DefaultLabel" BGColor="ffffffff" TextColor="ff206475" TooltipColor="" TextId="Recall_DefaultLabel" DT_VCENTER="1" DT_CENTER="1" Visible="0"/>
        <Pixie LAnchorPoint="0" LAnchorOffset="0" TAnchorPoint="0" TAnchorOffset="0" RAnchorPoint="1" RAnchorOffset="0" BAnchorPoint="1" BAnchorOffset="-19" BGColor="ffffffff" Font="Default" TextColor="ffffffff" Text="" Sprite="CRB_Basekit:kitBase_HoloBlue_SmallGreenCorners" Line="0"/>
        <Pixie LAnchorPoint="0" LAnchorOffset="0" TAnchorPoint="0" TAnchorOffset="0" RAnchorPoint="1" RAnchorOffset="0" BAnchorPoint="0" BAnchorOffset="68" BGColor="ffffffff" Font="Default" TextColor="ffffffff" Text="" Sprite="CRB_Basekit:kitBase_HoloBlue_TinyNoGlow" Line="0"/>
    </Form>
    <Form Class="Window" LAnchorPoint="RecallFrame_Left" LAnchorOffset="-9" TAnchorPoint="RecallFrame_Top" TAnchorOffset="-9" RAnchorPoint="RecallFrame_Left" RAnchorOffset="75" BAnchorPoint="RecallFrame_Top" BAnchorOffset="11" RelativeToClient="1" Font="Default" Text="" Template="Default" TooltipType="OnCursor" Name="RecallSelectionMenu" BGColor="ffffffff" TextColor="ffffffff" TooltipColor="" IgnoreMouse="1" NoClip="1" CloseOnExternalClick="1" Overlapped="1" NewWindowDepth="1" Escapable="1">
        <Control Class="Window" LAnchorPoint="0" LAnchorOffset="3" TAnchorPoint="0" TAnchorOffset="22" RAnchorPoint="1" RAnchorOffset="-3" BAnchorPoint="0" BAnchorOffset="31" RelativeToClient="1" Font="Default" Text="" Template="Default" TooltipType="OnCursor" Name="MenuBGArt_Bar" BGColor="ffffffff" TextColor="ffffffff" TooltipColor="" Picture="1" IgnoreMouse="1" Sprite="CRB_Basekit:kitDivider_Horiz_HoloDashed" HideInEditor="1" Visible="0"/>
        <Control Class="Window" LAnchorPoint="0" LAnchorOffset="0" TAnchorPoint="0" TAnchorOffset="0" RAnchorPoint="1" RAnchorOffset="0" BAnchorPoint="0" BAnchorOffset="21" RelativeToClient="1" Font="CRB_InterfaceSmall" Text="" Template="Default" TooltipType="OnCursor" Name="MenuBGArt_Label" BGColor="ffffffff" TextColor="ff7fffb9" TooltipColor="" TextId="Recall_Binds" DT_BOTTOM="1" DT_CENTER="1" HideInEditor="1" Visible="0"/>
        <Control Class="Window" LAnchorPoint="0" LAnchorOffset="8" TAnchorPoint="0" TAnchorOffset="8" RAnchorPoint="1" RAnchorOffset="-8" BAnchorPoint="1" BAnchorOffset="-12" RelativeToClient="1" Font="Default" Text="" Template="Default" TooltipType="OnCursor" Name="Content" BGColor="ffffffff" TextColor="ffffffff" TooltipColor="" Picture="0" IgnoreMouse="1" Sprite="WhiteFill" NewControlDepth="14"/>
        <Control Class="Button" Base="CRB_Basekit:kitBtn_Holo_Close2" Font="Thick" ButtonType="PushButton" RadioGroup="" LAnchorPoint="1" LAnchorOffset="-13" TAnchorPoint="0" TAnchorOffset="-1" RAnchorPoint="1" RAnchorOffset="5" BAnchorPoint="0" BAnchorOffset="17" DT_VCENTER="1" DT_CENTER="1" TooltipType="OnCursor" Name="CloseBtn" BGColor="ffffffff" TextColor="ffffffff" TooltipColor="" NormalTextColor="ffffffff" PressedTextColor="ffffffff" FlybyTextColor="ffffffff" PressedFlybyTextColor="ffffffff" DisabledTextColor="ffffffff" Visible="0" HideInEditor="1">
            <Event Name="ButtonSignal" Function="OnCloseBtn"/>
        </Control>
        <Pixie LAnchorPoint="0" LAnchorOffset="0" TAnchorPoint="0" TAnchorOffset="0" RAnchorPoint="1" RAnchorOffset="0" BAnchorPoint="1" BAnchorOffset="0" BGColor="ffffffff" Font="Default" TextColor="ffffffff" Text="" Sprite="CRB_Basekit:kitInnerFrame_Holo_DownArrowDark" Line="0"/>
        <Pixie LAnchorPoint="0" LAnchorOffset="0" TAnchorPoint="0" TAnchorOffset="0" RAnchorPoint="1" RAnchorOffset="0" BAnchorPoint="1" BAnchorOffset="0" BGColor="ffffffff" Font="Default" TextColor="ffffffff" Text="" Sprite="CRB_Basekit:kitInnerFrame_Holo_DownArrowDark" Line="0"/>
    </Form>
    <Form Class="Window" LAnchorPoint="0" LAnchorOffset="0" TAnchorPoint="0" TAnchorOffset="0" RAnchorPoint="0" RAnchorOffset="68" BAnchorPoint="0" BAnchorOffset="6" RelativeToClient="0" Font="Default" Text="" Template="Default" TooltipType="OnCursor" Name="EmptySpace" Border="0" Picture="0" SwallowMouseClicks="1" Moveable="0" Escapable="0" Overlapped="0" BGColor="ffffffff" TextColor="ffffffff" TooltipColor=""/>
</Forms>
