<Forms>
    <Form Class="Window" LAnchorPoint=".5" LAnchorOffset="-433" TAnchorPoint=".5" TAnchorOffset="-400" RAnchorPoint=".5" RAnchorOffset="433" BAnchorPoint=".5" BAnchorOffset="400" RelativeToClient="1" Font="CRB_HeaderSmall" Text="" Template="Default" Name="ProgressLogForm" Border="0" Picture="0" SwallowMouseClicks="1" Moveable="1" Escapable="1" Overlapped="1" BGColor="ffffffff" TextColor="ffffffff" TextId="" Visible="0" TooltipColor="" Tooltip="">
        <Control Class="Window" LAnchorPoint="0.5" LAnchorOffset="-401" TAnchorPoint="0" TAnchorOffset="142" RAnchorPoint="0.5" RAnchorOffset="401" BAnchorPoint="1" BAnchorOffset="-26" RelativeToClient="1" Font="Default" Text="" Template="Default" Name="ContentWnd_1" BGColor="ffffffff" TextColor="ffffffff" Visible="0" TooltipColor="" Tooltip=""/>
        <Control Class="Window" LAnchorPoint="0.5" LAnchorOffset="-401" TAnchorPoint="0" TAnchorOffset="142" RAnchorPoint="0.5" RAnchorOffset="401" BAnchorPoint="1" BAnchorOffset="-26" RelativeToClient="1" Font="Default" Text="" Template="Default" Name="ContentWnd_2" BGColor="ffffffff" TextColor="ffffffff" Visible="0" TooltipColor=""/>
        <Control Class="Window" LAnchorPoint="0.5" LAnchorOffset="-401" TAnchorPoint="0" TAnchorOffset="142" RAnchorPoint="0.5" RAnchorOffset="401" BAnchorPoint="1" BAnchorOffset="-26" RelativeToClient="1" Font="Default" Text="" Template="Default" Name="ContentWnd_3" BGColor="ffffffff" TextColor="ffffffff" Visible="0" TooltipColor=""/>
        <Control Class="Window" LAnchorPoint="0.5" LAnchorOffset="-401" TAnchorPoint="0" TAnchorOffset="142" RAnchorPoint="0.5" RAnchorOffset="401" BAnchorPoint="1" BAnchorOffset="-26" RelativeToClient="1" Font="Default" Text="" Template="Default" Name="ContentWnd_4" BGColor="ffffffff" TextColor="ffffffff" Visible="0" TooltipColor=""/>
        <Control Class="Window" LAnchorPoint="0" LAnchorOffset="0" TAnchorPoint="0" TAnchorOffset="0" RAnchorPoint="1" RAnchorOffset="0" BAnchorPoint="1" BAnchorOffset="0" RelativeToClient="1" Font="Default" Text="" Template="Default" Name="BG_Frame" BGColor="ffffffff" TextColor="ffffffff" Picture="1" IgnoreMouse="1" Sprite="sprMetal_Framing" NewControlDepth="20" TooltipColor="" UseTemplateBG="0" Border="0">
            <Control Class="Window" LAnchorPoint="0.5" LAnchorOffset="-120" TAnchorPoint="0" TAnchorOffset="27" RAnchorPoint="0.5" RAnchorOffset="120" BAnchorPoint="0" BAnchorOffset="63" RelativeToClient="1" Font="CRB_HeaderMedium" Text="" Template="Default" TooltipType="OnCursor" Name="BGTitle" BGColor="ffffffff" TextColor="UI_WindowTitleYellow" TooltipColor="" Sprite="sprMetal_Framing_Header" Picture="1" IgnoreMouse="1" DT_CENTER="1" DT_VCENTER="1" TextId="CRB_Codex"/>
            <Control Class="Window" LAnchorPoint="0" LAnchorOffset="27" TAnchorPoint="0" TAnchorOffset="48" RAnchorPoint="1" RAnchorOffset="-28" BAnchorPoint="0" BAnchorOffset="124" RelativeToClient="1" Font="Default" Text="" Template="Default" Name="FilterContainer" BGColor="ffffffff" TextColor="ffffffff" HideInEditor="0" TooltipColor="">
                <Control Class="Button" Base="btnMetal_TabMainLeft" Font="CRB_ButtonHeader" ButtonType="Check" RadioGroup="PLogOptions" LAnchorPoint="0" LAnchorOffset="0" TAnchorPoint="0" TAnchorOffset="0" RAnchorPoint=".25" RAnchorOffset="0" BAnchorPoint="1" BAnchorOffset="0" DT_VCENTER="1" DT_CENTER="1" Name="PLogOption1" BGColor="ffffffff" TextColor="ffffffff" HideInEditor="0" TextId="InputAction_QuestLog" NormalTextColor="UI_BtnTextGoldListNormal" PressedTextColor="UI_BtnTextGoldListPressed" FlybyTextColor="UI_BtnTextGoldListFlyby" PressedFlybyTextColor="UI_BtnTextGoldListPressedFlyby" DisabledTextColor="UI_BtnTextGoldListDisabled" GlobalRadioGroup="" Text="" RadioDisallowNonSelection="1" TooltipColor="" Tooltip="" RelativeToClient="1" TestAlpha="1">
                    <Event Name="ButtonCheck" Function="PLogOptionCheck"/>
                </Control>
                <Control Class="Button" Base="btnMetal_TabMainMid" Font="CRB_ButtonHeader" ButtonType="Check" RadioGroup="PLogOptions" LAnchorPoint=".25" LAnchorOffset="0" TAnchorPoint="0" TAnchorOffset="0" RAnchorPoint="0.5" RAnchorOffset="0" BAnchorPoint="1" BAnchorOffset="0" DT_VCENTER="1" DT_CENTER="1" Name="PLogOption2" BGColor="ffffffff" TextColor="ffffffff" HideInEditor="0" TextId="CRB_Path" NormalTextColor="UI_BtnTextGoldListNormal" PressedTextColor="UI_BtnTextGoldListPressed" FlybyTextColor="UI_BtnTextGoldListFlyby" PressedFlybyTextColor="UI_BtnTextGoldListPressedFlyby" DisabledTextColor="UI_BtnTextGoldListDisabled" GlobalRadioGroup="" Text="" RadioDisallowNonSelection="1" TooltipColor="" TopEdgeControlsAnchor="" RelativeToClient="1" TestAlpha="1">
                    <Event Name="ButtonCheck" Function="PLogOptionCheck"/>
                </Control>
                <Control Class="Button" Base="btnMetal_TabMainMid" Font="CRB_ButtonHeader" ButtonType="Check" RadioGroup="PLogOptions" LAnchorPoint=".5" LAnchorOffset="0" TAnchorPoint="0" TAnchorOffset="0" RAnchorPoint=".75" RAnchorOffset="0" BAnchorPoint="1" BAnchorOffset="0" DT_VCENTER="1" DT_CENTER="1" Name="PLogOption3" BGColor="ffffffff" TextColor="ffffffff" HideInEditor="0" TextId="Challenges" NormalTextColor="UI_BtnTextGoldListNormal" PressedTextColor="UI_BtnTextGoldListPressed" FlybyTextColor="UI_BtnTextGoldListFlyby" PressedFlybyTextColor="UI_BtnTextGoldListPressedFlyby" DisabledTextColor="UI_BtnTextGoldListDisabled" GlobalRadioGroup="" Text="" RadioDisallowNonSelection="1" TooltipColor="" RelativeToClient="1" TestAlpha="1">
                    <Event Name="ButtonCheck" Function="PLogOptionCheck"/>
                </Control>
                <Control Class="Button" Base="btnMetal_TabMainRight" Font="CRB_ButtonHeader" ButtonType="Check" RadioGroup="PLogOptions" LAnchorPoint=".75" LAnchorOffset="0" TAnchorPoint="0" TAnchorOffset="0" RAnchorPoint="1" RAnchorOffset="0" BAnchorPoint="1" BAnchorOffset="0" DT_VCENTER="1" DT_CENTER="1" Name="PLogOption4" BGColor="ffffffff" TextColor="ffffffff" HideInEditor="0" TextId="CRB_Achievements" NormalTextColor="UI_BtnTextGoldListNormal" PressedTextColor="UI_BtnTextGoldListPressed" FlybyTextColor="UI_BtnTextGoldListFlyby" PressedFlybyTextColor="UI_BtnTextGoldListPressedFlyby" DisabledTextColor="UI_BtnTextGoldListDisabled" GlobalRadioGroup="" Text="" RadioDisallowNonSelection="1" TooltipColor="" RelativeToClient="1" TestAlpha="1">
                    <Event Name="ButtonCheck" Function="PLogOptionCheck"/>
                </Control>
            </Control>
            <Control Class="Button" Base="CRB_Basekit:kitBtn_Close" Font="Thick" ButtonType="PushButton" RadioGroup="" LAnchorPoint="1" LAnchorOffset="-54" TAnchorPoint="0" TAnchorOffset="24" RAnchorPoint="1" RAnchorOffset="-27" BAnchorPoint="0" BAnchorOffset="53" Name="CloseButton" BGColor="ffffffff" TextColor="ffffffff" WindowSoundTemplate="CloseWindowPhys" Text="" TextId="" RelativeToClient="1" NormalTextColor="ffffffff" PressedTextColor="ffffffff" FlybyTextColor="ffffffff" PressedFlybyTextColor="ffffffff" DisabledTextColor="ffffffff" TooltipColor="">
                <Event Name="ButtonSignal" Function="OnCancel"/>
            </Control>
        </Control>
        <Pixie LAnchorPoint="0" LAnchorOffset="20" TAnchorPoint="0" TAnchorOffset="28" RAnchorPoint="1" RAnchorOffset="-20" BAnchorPoint="1" BAnchorOffset="-24" BGColor="ffffffff" Font="Default" TextColor="ffffffff" Text="" Sprite="CRB_Basekit:kitBase_MetalGrey_Large" Line="0"/>
        <Event Name="WindowClosed" Function="OnCancel"/>
    </Form>
</Forms>
