<?xml version="1.0" encoding="UTF-8" standalone="yes" ?>
<Forms>
    <Form Class="Window" LAnchorPoint="0.5" LAnchorOffset="-150" TAnchorPoint="0.5" TAnchorOffset="-318" RAnchorPoint="0.5" RAnchorOffset="150" BAnchorPoint="0.5" BAnchorOffset="-190" RelativeToClient="1" Font="Default" Text="" Template="Default" TooltipType="OnCursor" Name="PopupPath" Border="0" Picture="1" SwallowMouseClicks="1" Moveable="0" Escapable="0" Overlapped="1" IgnoreMouse="1" BGColor="ffffffff" TextColor="ffffffff" TooltipColor="" TransitionShowHide="0" Tooltip="">
        <Control Class="Window" LAnchorPoint="0" LAnchorOffset="66" TAnchorPoint="0.5" TAnchorOffset="-28" RAnchorPoint="1" RAnchorOffset="-2" BAnchorPoint="0.5" BAnchorOffset="28" RelativeToClient="1" Font="Default" Text="" Template="Default" TooltipType="OnCursor" Name="BGAnim" BGColor="9dffffff" TextColor="ffffffff" TooltipColor="" Sprite="CRB_Anim_WaveRunner:CRB_Anim_WaveRunnerStretch" Picture="1" IgnoreMouse="1" NewControlDepth="1" Tooltip="" HideInEditor="1" UseParentOpacity="1"/>
        <Control Class="Window" LAnchorPoint="0" LAnchorOffset="64" TAnchorPoint="0.5" TAnchorOffset="-30" RAnchorPoint="1" RAnchorOffset="0" BAnchorPoint="0.5" BAnchorOffset="30" RelativeToClient="1" Font="Default" Text="" Template="Default" TooltipType="OnCursor" Name="BG" BGColor="ffffffff" TextColor="ffffffff" TooltipColor="" Sprite="CRB_Basekit:kitBase_HoloBlue_InsetSimple" Picture="1" IgnoreMouse="1" NewControlDepth="2" UseParentOpacity="1"/>
        <Control Class="Window" LAnchorPoint="0" LAnchorOffset="0" TAnchorPoint="0" TAnchorOffset="0" RAnchorPoint="0" RAnchorOffset="128" BAnchorPoint="0" BAnchorOffset="128" RelativeToClient="1" Font="Default" Text="" Template="Default" TooltipType="OnCursor" Name="PathIcon" BGColor="ffffffff" TextColor="ffffffff" TooltipColor="" Sprite="CRB_PlayerPathSprites:spr_Path_Scientist_Stretch" Picture="1" IgnoreMouse="1" NewControlDepth="1" UseParentOpacity="0"/>
        <Control Class="Window" LAnchorPoint="0" LAnchorOffset="100" TAnchorPoint="0.5" TAnchorOffset="-26" RAnchorPoint="1" RAnchorOffset="-4" BAnchorPoint="1" BAnchorOffset="0" RelativeToClient="1" Font="CRB_Interface16_B" Text="" Template="Default" TooltipType="OnCursor" Name="PathTopText" BGColor="ffffffff" TextColor="UI_TextHoloTitle" TooltipColor="" TextId="FloatText_MissionUnlocked" UseParentOpacity="1" IgnoreMouse="1"/>
        <Control Class="Window" LAnchorPoint="0" LAnchorOffset="100" TAnchorPoint="0.5" TAnchorOffset="0" RAnchorPoint="1" RAnchorOffset="-4" BAnchorPoint="1" BAnchorOffset="0" RelativeToClient="1" Font="CRB_Interface12_B" Text="" Template="Default" TooltipType="OnCursor" Name="PathBottomText" BGColor="ffffffff" TextColor="UI_TextHoloTitle" TooltipColor="" TextId="Challenges_NoProgress" UseParentOpacity="1" IgnoreMouse="1"/>
    </Form>
    <Form Class="Window" LAnchorPoint="0.5" LAnchorOffset="-35" TAnchorPoint="0.5" TAnchorOffset="-318" RAnchorPoint="0.5" RAnchorOffset="35" BAnchorPoint="0.5" BAnchorOffset="-168" RelativeToClient="1" Font="Default" Text="" Template="Default" TooltipType="OnCursor" Name="PopupPathCenter" Border="0" Picture="1" SwallowMouseClicks="1" Moveable="0" Escapable="0" Overlapped="1" IgnoreMouse="1" BGColor="ffffffff" TextColor="ffffffff" TooltipColor="" TransitionShowHide="0" Tooltip="">
        <Control Class="Window" LAnchorPoint="0" LAnchorOffset="2" TAnchorPoint="1" TAnchorOffset="-58" RAnchorPoint="1" RAnchorOffset="-2" BAnchorPoint="1" BAnchorOffset="-2" RelativeToClient="1" Font="Default" Text="" Template="Default" TooltipType="OnCursor" Name="BGAnim" BGColor="9dffffff" TextColor="ffffffff" TooltipColor="" Sprite="CRB_Anim_WaveRunner:CRB_Anim_WaveRunnerStretch" Picture="1" IgnoreMouse="1" NewControlDepth="1" Tooltip="" HideInEditor="1" UseParentOpacity="1"/>
        <Control Class="Window" LAnchorPoint="0" LAnchorOffset="0" TAnchorPoint="1" TAnchorOffset="-60" RAnchorPoint="1" RAnchorOffset="0" BAnchorPoint="1" BAnchorOffset="0" RelativeToClient="1" Font="Default" Text="" Template="Default" TooltipType="OnCursor" Name="BG" BGColor="ffffffff" TextColor="ffffffff" TooltipColor="" Sprite="CRB_Basekit:kitBase_HoloBlue_InsetSimple" Picture="1" IgnoreMouse="1" NewControlDepth="2" UseParentOpacity="1"/>
        <Control Class="Window" LAnchorPoint="0.5" LAnchorOffset="-64" TAnchorPoint="0" TAnchorOffset="0" RAnchorPoint="0.5" RAnchorOffset="64" BAnchorPoint="0" BAnchorOffset="128" RelativeToClient="1" Font="Default" Text="" Template="Default" TooltipType="OnCursor" Name="Icon" BGColor="ffffffff" TextColor="ffffffff" TooltipColor="" Sprite="CRB_PlayerPathSprites:spr_Path_Scientist_Stretch" Picture="1" IgnoreMouse="1" NewControlDepth="1" UseParentOpacity="0" TransitionShowHide="1" Visible="1"/>
        <Control Class="Window" LAnchorPoint="0" LAnchorOffset="0" TAnchorPoint="1" TAnchorOffset="-55" RAnchorPoint="1" RAnchorOffset="0" BAnchorPoint="1" BAnchorOffset="-25" RelativeToClient="1" Font="CRB_HeaderHuge" Text="" Template="Default" TooltipType="OnCursor" Name="TopText" BGColor="ffffffff" TextColor="UI_TextHoloTitle" TooltipColor="" TextId="FloatText_MissionUnlocked" UseParentOpacity="1" IgnoreMouse="1" DT_CENTER="1" DT_VCENTER="1" Tooltip=""/>
        <Control Class="Window" LAnchorPoint="0" LAnchorOffset="0" TAnchorPoint="1" TAnchorOffset="-29" RAnchorPoint="1" RAnchorOffset="0" BAnchorPoint="1" BAnchorOffset="0" RelativeToClient="1" Font="CRB_Interface12_B" Text="" Template="Default" TooltipType="OnCursor" Name="BottomText" BGColor="ffffffff" TextColor="UI_TextHoloTitle" TooltipColor="" TextId="Challenges_NoProgress" UseParentOpacity="1" IgnoreMouse="1" DT_CENTER="1"/>
    </Form>
    <Form Class="Window" LAnchorPoint="0.5" LAnchorOffset="-35" TAnchorPoint="0.5" TAnchorOffset="-318" RAnchorPoint="0.5" RAnchorOffset="35" BAnchorPoint="0.5" BAnchorOffset="-213" RelativeToClient="1" Font="Default" Text="" Template="Default" TooltipType="OnCursor" Name="PopupEpisodeCenter" Border="0" Picture="1" SwallowMouseClicks="1" Moveable="0" Escapable="0" Overlapped="1" IgnoreMouse="1" BGColor="ffffffff" TextColor="ffffffff" TooltipColor="" TransitionShowHide="0" Tooltip="">
        <Control Class="Window" LAnchorPoint="0" LAnchorOffset="2" TAnchorPoint="1" TAnchorOffset="-68" RAnchorPoint="1" RAnchorOffset="-2" BAnchorPoint="1" BAnchorOffset="-2" RelativeToClient="1" Font="Default" Text="" Template="Default" TooltipType="OnCursor" Name="BGAnim" BGColor="9dffffff" TextColor="ffffffff" TooltipColor="" Sprite="CRB_Anim_WaveRunner:CRB_Anim_WaveRunnerStretch" Picture="1" IgnoreMouse="1" NewControlDepth="1" Tooltip="" HideInEditor="1" UseParentOpacity="1"/>
        <Control Class="Window" LAnchorPoint="0" LAnchorOffset="0" TAnchorPoint="1" TAnchorOffset="-70" RAnchorPoint="1" RAnchorOffset="0" BAnchorPoint="1" BAnchorOffset="0" RelativeToClient="1" Font="Default" Text="" Template="Default" TooltipType="OnCursor" Name="BG" BGColor="ffffffff" TextColor="ffffffff" TooltipColor="" Sprite="CRB_Basekit:kitBase_HoloBlue_InsetSimple" Picture="1" IgnoreMouse="1" NewControlDepth="2" UseParentOpacity="1"/>
        <Control Class="Window" LAnchorPoint="0.5" LAnchorOffset="-32" TAnchorPoint="0" TAnchorOffset="0" RAnchorPoint="0.5" RAnchorOffset="32" BAnchorPoint="0" BAnchorOffset="64" RelativeToClient="1" Font="Default" Text="" Template="Default" TooltipType="OnCursor" Name="Icon" BGColor="ffffffff" TextColor="ffffffff" TooltipColor="" Sprite="IconSprites:Icon_MapNode_Map_Quest" Picture="1" IgnoreMouse="1" NewControlDepth="1" UseParentOpacity="0" TransitionShowHide="1" Visible="1"/>
        <Control Class="Window" LAnchorPoint="0" LAnchorOffset="0" TAnchorPoint="1" TAnchorOffset="-55" RAnchorPoint="1" RAnchorOffset="0" BAnchorPoint="1" BAnchorOffset="-25" RelativeToClient="1" Font="CRB_HeaderHuge" Text="" Template="Default" TooltipType="OnCursor" Name="TopText" BGColor="ffffffff" TextColor="UI_TextHoloTitle" TooltipColor="" TextId="Challenges_NoProgress" UseParentOpacity="1" IgnoreMouse="1" DT_CENTER="1" DT_VCENTER="1"/>
        <Control Class="Window" LAnchorPoint="0" LAnchorOffset="0" TAnchorPoint="1" TAnchorOffset="-29" RAnchorPoint="1" RAnchorOffset="0" BAnchorPoint="1" BAnchorOffset="0" RelativeToClient="1" Font="CRB_Interface12_B" Text="" Template="Default" TooltipType="OnCursor" Name="BottomText" BGColor="ffffffff" TextColor="UI_TextHoloTitle" TooltipColor="" TextId="Challenges_NoProgress" UseParentOpacity="1" IgnoreMouse="1" DT_CENTER="1"/>
    </Form>
</Forms>
