<Forms>
    <Form Class="Window" LAnchorPoint="0" LAnchorOffset="25" TAnchorPoint="0" TAnchorOffset="25" RAnchorPoint="1" RAnchorOffset="-766" BAnchorPoint="1" BAnchorOffset="-120" RelativeToClient="0" Font="Default" Text="" BGColor="UI_WindowBGDefault" TextColor="UI_WindowTextDefault" Template="" TooltipType="OnCursor" Name="MasterLootWindow" Border="1" Picture="1" SwallowMouseClicks="1" Moveable="1" Escapable="0" Overlapped="0" TooltipColor="" Sprite="" Tooltip="" IgnoreMouse="0" Sizable="1">
        <Control Class="Window" LAnchorPoint="0" LAnchorOffset="25" TAnchorPoint="0" TAnchorOffset="68" RAnchorPoint="1" RAnchorOffset="-23" BAnchorPoint="1" BAnchorOffset="-22" RelativeToClient="1" Font="Default" Text="" BGColor="UI_WindowBGDefault" TextColor="UI_WindowTextDefault" Template="Holo_Background_General" TooltipType="OnCursor" Name="HoloBG" TooltipColor="" IgnoreMouse="1" UseTemplateBG="1" Border="1"/>
        <Control Class="Window" LAnchorPoint="0" LAnchorOffset="42" TAnchorPoint="0" TAnchorOffset="133" RAnchorPoint=".5" RAnchorOffset="-11" BAnchorPoint="1" BAnchorOffset="-36" RelativeToClient="0" Font="Default" Text="" BGColor="UI_WindowBGDefault" TextColor="UI_WindowTextDefault" Template="Holo_ScrollList" TooltipType="OnCursor" Name="ItemList" TooltipColor="" Border="1" IgnoreMouse="1" VScroll="1" Picture="0" AutoHideScroll="0" Tooltip="" NewControlDepth="2" UseTemplateBG="1"/>
        <Control Class="Window" LAnchorPoint=".5" LAnchorOffset="12" TAnchorPoint="0" TAnchorOffset="135" RAnchorPoint="1" RAnchorOffset="-40" BAnchorPoint="1" BAnchorOffset="-89" RelativeToClient="0" Font="Default" Text="" BGColor="UI_WindowBGDefault" TextColor="UI_WindowTextDefault" Template="Holo_ScrollList" TooltipType="OnCursor" Name="LooterList" TooltipColor="" Border="1" IgnoreMouse="1" VScroll="1" Picture="0" AutoHideScroll="0" Tooltip="" UseTemplateBG="1"/>
        <Control Class="Button" Base="BK3:btnHolo_Blue_Med" Font="CRB_Button" ButtonType="PushButton" RadioGroup="" LAnchorPoint=".75" LAnchorOffset="2" TAnchorPoint="1" TAnchorOffset="-95" RAnchorPoint="1" RAnchorOffset="-32" BAnchorPoint="1" BAnchorOffset="-22" DT_VCENTER="1" DT_CENTER="1" BGColor="UI_BtnBGDefault" TextColor="UI_BtnTextDefault" NormalTextColor="UI_BtnTextBlueNormal" PressedTextColor="UI_BtnTextBluePressed" FlybyTextColor="UI_BtnTextBlueFlyby" PressedFlybyTextColor="UI_BtnTextBluePressedFlyby" DisabledTextColor="UI_BtnTextBlueDisabled" TooltipType="OnCursor" Name="Assignment" TooltipColor="" Tooltip="Assign the selected item to the selected player." TooltipId="" TooltipFont="CRB_InterfaceSmall" Visible="1" Text="" TextId="CRB_MasterLoot_AssignButton" Template="CRB_Hologram">
            <Event Name="ButtonDown" Function="OnAssignDown"/>
        </Control>
        <Control Class="Button" Base="CRB_Basekit:kitBtn_Close" Font="Thick" ButtonType="PushButton" RadioGroup="" LAnchorPoint="1" LAnchorOffset="-51" TAnchorPoint="0" TAnchorOffset="24" RAnchorPoint="1" RAnchorOffset="-24" BAnchorPoint="0" BAnchorOffset="53" DT_VCENTER="1" DT_CENTER="1" Name="CloseBtn" BGColor="white" TextColor="white" NormalTextColor="white" PressedTextColor="white" FlybyTextColor="white" PressedFlybyTextColor="white" DisabledTextColor="white" RelativeToClient="1" Overlapped="1" NewWindowDepth="1" TooltipColor="" NoClip="1">
            <Event Name="ButtonSignal" Function="OnCloseMasterWindow"/>
        </Control>
        <Control Class="Window" LAnchorPoint="0" LAnchorOffset="100" TAnchorPoint="0" TAnchorOffset="23" RAnchorPoint="1" RAnchorOffset="-100" BAnchorPoint="0" BAnchorOffset="59" RelativeToClient="1" Font="CRB_HeaderMedium" Text="" BGColor="UI_WindowBGDefault" TextColor="UI_WindowTitleYellow" Template="" TooltipType="OnCursor" Name="MasterLoot_Window_Title" TooltipColor="" TextId="CRB_MasterLoot_Window_Title" DT_CENTER="1" DT_VCENTER="1" Sprite="BK3:sprMetal_Framing_Header" Picture="1" IgnoreMouse="1"/>
        <Control Class="Window" LAnchorPoint="0" LAnchorOffset="40" TAnchorPoint="0" TAnchorOffset="84" RAnchorPoint=".5" RAnchorOffset="-11" BAnchorPoint="0" BAnchorOffset="128" RelativeToClient="1" Font="CRB_HeaderTiny" Text="" BGColor="UI_WindowBGDefault" TextColor="UI_TextHoloBodyHighlight" Template="Holo_Inset_Callout" TooltipType="OnCursor" Name="MasterLoot_ItemAssign_Header" TooltipColor="" TextId="CRB_MasterLoot_ItemAssign_Header" DT_CENTER="1" DT_VCENTER="1" Border="1" IgnoreMouse="1" ScaleOnShowHide="0" UseTemplateBG="1"/>
        <Control Class="Window" LAnchorPoint=".5" LAnchorOffset="12" TAnchorPoint="0" TAnchorOffset="84" RAnchorPoint="1" RAnchorOffset="-39" BAnchorPoint="0" BAnchorOffset="128" RelativeToClient="1" Font="CRB_HeaderTiny" Text="" BGColor="UI_WindowBGDefault" TextColor="UI_TextHoloBodyHighlight" Template="Holo_Inset_Callout" TooltipType="OnCursor" Name="MasterLoot_LooterAssign_Header" TooltipColor="" TextId="CRB_MasterLoot_LooterAssign_Header" DT_CENTER="1" DT_VCENTER="1" Border="1" IgnoreMouse="1" UseTemplateBG="1"/>
        <Control Class="Window" LAnchorPoint=".5" LAnchorOffset="12" TAnchorPoint="1" TAnchorOffset="-81" RAnchorPoint=".75" RAnchorOffset="5" BAnchorPoint="1" BAnchorOffset="-33" RelativeToClient="1" Font="Default" Text="" BGColor="UI_WindowBGDefault" TextColor="UI_WindowTextDefault" Template="Default" TooltipType="OnCursor" Name="Filter_Container" TooltipColor="" Tooltip="" HideInEditor="0" Visible="1" Sprite="BK3:UI_BK3_Holo_InsetSimple" Picture="1" IgnoreMouse="1">
            <Control Class="Button" Base="BK3:btnHolo_Radio_Small" Font="CRB_InterfaceTiny_BB" ButtonType="Check" RadioGroup="" LAnchorPoint="0" LAnchorOffset="4" TAnchorPoint="0" TAnchorOffset="4" RAnchorPoint="0" RAnchorOffset="59" BAnchorPoint="0" BAnchorOffset="24" DT_VCENTER="1" DT_CENTER="0" BGColor="UI_BtnBGDefault" TextColor="UI_BtnTextBlueNormal" NormalTextColor="UI_BtnTextDefault" PressedTextColor="UI_BtnTextDefault" FlybyTextColor="UI_BtnTextDefault" PressedFlybyTextColor="UI_BtnTextDefault" DisabledTextColor="UI_BtnTextDefault" TooltipType="OnCursor" Name="MasterLoot_Filter_All" TooltipColor="" Text="" TextId="CRB_MasterLoot_Filter_All" Tooltip="Show everyone who can receive this item." TooltipId="" TooltipFont="CRB_InterfaceTiny_BB" DrawAsCheckbox="1" ButtonTextXMargin="3">
                <Event Name="ButtonCheck" Function="OnFilterBtn"/>
                <Event Name="ButtonUncheck" Function="OnFilterBtn"/>
            </Control>
            <Control Class="Button" Base="BK3:btnHolo_Radio_Small" Font="CRB_InterfaceTiny_BB" ButtonType="Check" RadioGroup="" LAnchorPoint="0" LAnchorOffset="4" TAnchorPoint="0" TAnchorOffset="24" RAnchorPoint="0" RAnchorOffset="92" BAnchorPoint="0" BAnchorOffset="44" DT_VCENTER="1" DT_CENTER="0" BGColor="UI_BtnBGDefault" TextColor="UI_BtnTextBlueNormal" NormalTextColor="UI_BtnTextDefault" PressedTextColor="UI_BtnTextDefault" FlybyTextColor="UI_BtnTextDefault" PressedFlybyTextColor="UI_BtnTextDefault" DisabledTextColor="UI_BtnTextDefault" TooltipType="OnCursor" Name="MasterLoot_Filter_Request" TooltipColor="" Text="Requested" TextId="" Tooltip="Show everyone who requested this item." TooltipId="" TooltipFont="CRB_InterfaceTiny_BB" DrawAsCheckbox="1" ButtonTextXMargin="3">
                <Event Name="ButtonCheck" Function="OnFilterBtn"/>
                <Event Name="ButtonUncheck" Function="OnFilterBtn"/>
            </Control>
            <Control Class="Window" LAnchorPoint="0" LAnchorOffset="10" TAnchorPoint="0" TAnchorOffset="-1" RAnchorPoint="0" RAnchorOffset="281" BAnchorPoint="0" BAnchorOffset="23" RelativeToClient="1" Font="CRB_ButtonHeader" Text="" BGColor="UI_WindowBGDefault" TextColor="UI_WindowTextDefault" Template="Default" TooltipType="OnCursor" Name="Filter_Label" TooltipColor="" TextId="CRB_MasterLoot_FilterLabel" DT_CENTER="1" HideInEditor="1" Visible="0"/>
        </Control>
        <Control Class="Window" LAnchorPoint="0" LAnchorOffset="0" TAnchorPoint="0" TAnchorOffset="0" RAnchorPoint="1" RAnchorOffset="0" BAnchorPoint="1" BAnchorOffset="0" RelativeToClient="1" Font="Default" Text="" BGColor="UI_WindowBGDefault" TextColor="UI_WindowTextDefault" Template="Metal_Primary_NoNav" TooltipType="OnCursor" Name="PrimaryFrame" TooltipColor="" Border="1" IgnoreMouse="1" UseTemplateBG="1" Sizable="0"/>
        <Control Class="Window" LAnchorPoint="1" LAnchorOffset="-60" TAnchorPoint="1" TAnchorOffset="-60" RAnchorPoint="1" RAnchorOffset="-7" BAnchorPoint="1" BAnchorOffset="-9" RelativeToClient="1" Font="Default" Text="" Template="Default" Name="BottomRightResize" BGColor="white" TextColor="white" Sprite="CRB_Basekit:kitBtn_ExpandNormal" Picture="1" IgnoreMouse="1" TooltipColor="" NoClip="1" NewControlDepth="3"/>
    </Form>
    <Form Class="Button" Base="BK3:btnHolo_ListView_Simple" Font="DefaultButton" ButtonType="Check" RadioGroup="MasterLootItem" LAnchorPoint="0" LAnchorOffset="0" TAnchorPoint="0" TAnchorOffset="0" RAnchorPoint="1" RAnchorOffset="0" BAnchorPoint="0" BAnchorOffset="54" DT_VCENTER="1" DT_CENTER="1" BGColor="UI_BtnBGDefault" TextColor="UI_BtnTextDefault" NormalTextColor="UI_BtnTextDefault" PressedTextColor="UI_BtnTextDefault" FlybyTextColor="UI_BtnTextDefault" PressedFlybyTextColor="UI_BtnTextDefault" DisabledTextColor="UI_BtnTextDefault" TooltipType="OnCursor" Name="ItemButton" TooltipColor="" Sprite="" Tooltip="" IgnoreMouse="0" GlobalRadioGroup="" RelativeToClient="1" Overlapped="1" AutoScaleText="1">
        <Control Class="Window" LAnchorPoint="0" LAnchorOffset="7" TAnchorPoint="0" TAnchorOffset="8" RAnchorPoint="0" RAnchorOffset="45" BAnchorPoint="0" BAnchorOffset="46" RelativeToClient="0" Font="Default" Text="" Template="Default" TooltipType="OnCursor" Name="ItemIconFrame" BGColor="ffffffff" TextColor="ffffffff" TooltipColor="" Picture="1" IgnoreMouse="1" Sprite="BK3:UI_BK3_Holo_InsetSimple" NewWindowDepth="1" Tooltip=""/>
        <Control Class="Window" LAnchorPoint="0" LAnchorOffset="10" TAnchorPoint="0" TAnchorOffset="11" RAnchorPoint="0" RAnchorOffset="42" BAnchorPoint="0" BAnchorOffset="43" RelativeToClient="0" Font="Default" Text="" Template="Default" TooltipType="OnCursor" Name="ItemIcon" BGColor="ffffffff" TextColor="ffffffff" TooltipColor="" Picture="1" IgnoreMouse="1" Sprite="IconSprites:Icon_ItemMisc_UI_Item_Bag_001" NewWindowDepth="1" Tooltip=""/>
        <Control Class="Window" LAnchorPoint="0" LAnchorOffset="55" TAnchorPoint=".5" TAnchorOffset="-20" RAnchorPoint="1" RAnchorOffset="-8" BAnchorPoint=".5" BAnchorOffset="20" RelativeToClient="0" Font="CRB_InterfaceSmall" Text="" Template="Default" TooltipType="OnCursor" Name="ItemName" BGColor="ffffffff" TextColor="UI_TextHoloBodyHighlight" TooltipColor="" TextId="Challenges_NoProgress" HideInEditor="0" Tooltip="" DT_VCENTER="1" IgnoreMouse="1" NewWindowDepth="1" DT_WORDBREAK="1" AutoScaleText="1"/>
        <Event Name="ButtonCheck" Function="OnItemCheck"/>
        <Event Name="ButtonUncheck" Function="OnItemUncheck"/>
    </Form>
    <Form Class="Button" Base="BK3:btnHolo_ListView_Simple" Font="DefaultButton" ButtonType="Check" RadioGroup="" LAnchorPoint="0" LAnchorOffset="0" TAnchorPoint="0" TAnchorOffset="0" RAnchorPoint="1" RAnchorOffset="0" BAnchorPoint="0" BAnchorOffset="54" DT_VCENTER="1" DT_CENTER="1" BGColor="UI_BtnBGDefault" TextColor="UI_BtnTextDefault" NormalTextColor="UI_BtnTextDefault" PressedTextColor="UI_BtnTextDefault" FlybyTextColor="UI_BtnTextDefault" PressedFlybyTextColor="UI_BtnTextDefault" DisabledTextColor="UI_BtnTextDefault" TooltipType="OnCursor" Name="CharacterButton" TooltipColor="" Sprite="" Tooltip="" GlobalRadioGroup="MasterLoot_CharacterButton" RelativeToClient="1" Overlapped="1">
        <Control Class="Window" LAnchorPoint="1" LAnchorOffset="-34" TAnchorPoint="0" TAnchorOffset="16" RAnchorPoint="1" RAnchorOffset="-2" BAnchorPoint="0" BAnchorOffset="48" RelativeToClient="1" Font="Default" Text="" BGColor="UI_WindowBGDefault" TextColor="UI_WindowTextDefault" Template="Default" TooltipType="OnCursor" Name="Check" TooltipColor="" Sprite="CRB_CharacterCreateSprites:sprCharC_NameCheckYes" IgnoreMouse="1" NewWindowDepth="1" Picture="1" DT_VCENTER="0" DT_RIGHT="0" Visible="0"/>
        <Control Class="Window" LAnchorPoint="0" LAnchorOffset="7" TAnchorPoint="0" TAnchorOffset="8" RAnchorPoint="0" RAnchorOffset="45" BAnchorPoint="0" BAnchorOffset="46" RelativeToClient="0" Font="Default" Text="" Template="Default" TooltipType="OnCursor" Name="ItemIconFrame" BGColor="ffffffff" TextColor="ffffffff" TooltipColor="" Picture="1" IgnoreMouse="1" Sprite="BK3:UI_BK3_Holo_InsetSimple" NewWindowDepth="1" Tooltip=""/>
        <Control Class="Window" LAnchorPoint="0" LAnchorOffset="10" TAnchorPoint="0" TAnchorOffset="11" RAnchorPoint="0" RAnchorOffset="42" BAnchorPoint="0" BAnchorOffset="43" RelativeToClient="1" Font="Default" Text="" Template="Default" TooltipType="OnCursor" Name="ClassIcon" BGColor="ffffffff" TextColor="ffffffff" TooltipColor="" Picture="1" IgnoreMouse="1" Sprite="IconSprites:Icon_ItemMisc_UI_Item_Bag_001" NewWindowDepth="1"/>
        <Control Class="Window" LAnchorPoint="0" LAnchorOffset="53" TAnchorPoint=".5" TAnchorOffset="-19" RAnchorPoint="1" RAnchorOffset="-35" BAnchorPoint=".5" BAnchorOffset="18" RelativeToClient="1" Font="CRB_InterfaceMedium" Text="" Template="Default" TooltipType="OnCursor" Name="CharacterName" BGColor="ffffffff" TextColor="UI_TextHoloTitle" TooltipColor="" TextId="Challenges_NoProgress" HideInEditor="0" Tooltip="" DT_VCENTER="1" IgnoreMouse="1" NewWindowDepth="1" AutoScaleText="1"/>
        <Control Class="Window" LAnchorPoint="0" LAnchorOffset="3" TAnchorPoint="0" TAnchorOffset="22" RAnchorPoint="0" RAnchorOffset="41" BAnchorPoint=".5" BAnchorOffset="21" RelativeToClient="1" Font="CRB_InterfaceMedium_BO" Text="" Template="Default" TooltipType="OnCursor" Name="CharacterLevel" BGColor="ffffffff" TextColor="UI_WindowTitleYellow" TooltipColor="" TextId="Challenges_NoProgress" HideInEditor="0" Tooltip="" DT_VCENTER="1" IgnoreMouse="1" NewWindowDepth="1" Border="0" UseTemplateBG="0" DT_CENTER="0" DT_RIGHT="1"/>
        <Event Name="ButtonCheck" Function="OnCharacterCheck"/>
        <Event Name="ButtonUncheck" Function="OnCharacterUncheck"/>
    </Form>
    <Form Class="Window" LAnchorPoint="0" LAnchorOffset="353" TAnchorPoint="0" TAnchorOffset="40" RAnchorPoint="0" RAnchorOffset="747" BAnchorPoint="0" BAnchorOffset="515" RelativeToClient="0" Font="Default" Text="" BGColor="UI_WindowBGDefault" TextColor="UI_WindowTextDefault" Template="Holo_Medium" TooltipType="OnCursor" Name="LooterWindow" Border="1" Picture="0" SwallowMouseClicks="1" Moveable="1" Escapable="0" Overlapped="0" TooltipColor="" Sprite="" NewWindowDepth="1" Tooltip="" IgnoreMouse="1" UseTemplateBG="1">
        <Control Class="Window" LAnchorPoint="0" LAnchorOffset="55" TAnchorPoint="LootDescBottom" TAnchorOffset="10" RAnchorPoint="1" RAnchorOffset="-55" BAnchorPoint="1" BAnchorOffset="-55" RelativeToClient="0" Font="Default" Text="" BGColor="UI_WindowBGDefault" TextColor="UI_WindowTextDefault" Template="Holo_ScrollList" TooltipType="OnCursor" Name="ItemList" TooltipColor="" Border="1" IgnoreMouse="1" VScroll="1" Picture="0" AutoHideScroll="0" UseTemplateBG="1"/>
        <Control Class="Button" Base="BK3:btnHolo_Close" Font="Thick" ButtonType="PushButton" RadioGroup="" LAnchorPoint="1" LAnchorOffset="-26" TAnchorPoint="0" TAnchorOffset="-20" RAnchorPoint="1" RAnchorOffset="17" BAnchorPoint="0" BAnchorOffset="24" DT_VCENTER="1" DT_CENTER="1" Name="CloseBtn" BGColor="white" TextColor="white" NormalTextColor="white" PressedTextColor="white" FlybyTextColor="white" PressedFlybyTextColor="white" DisabledTextColor="white" RelativeToClient="1" Overlapped="1" NewWindowDepth="1" TooltipColor="" NoClip="1">
            <Event Name="ButtonSignal" Function="OnCloseLooterWindow"/>
        </Control>
        <Control Class="Window" LAnchorPoint="0" LAnchorOffset="20" TAnchorPoint="0" TAnchorOffset="-13" RAnchorPoint="1" RAnchorOffset="-20" BAnchorPoint="0" BAnchorOffset="16" RelativeToClient="1" Font="CRB_HeaderLarge" Text="" BGColor="UI_WindowBGDefault" TextColor="UI_WindowTitleYellow" Template="Default" TooltipType="OnCursor" Name="MasterLoot_Looter_Window_Title" TooltipColor="" TextId="CRB_MasterLoot_Looter_Window_Title" DT_CENTER="1" DT_VCENTER="1" IgnoreMouse="1" NoClip="1"/>
        <Control Class="Window" LAnchorPoint="0" LAnchorOffset="6" TAnchorPoint="0" TAnchorOffset="27" RAnchorPoint="1" RAnchorOffset="-5" BAnchorPoint="0" BAnchorOffset="97" RelativeToClient="1" Font="CRB_InterfaceSmall" Text="" BGColor="UI_WindowBGDefault" TextColor="UI_TextHoloTitle" Template="Holo_Inset_Callout" TooltipType="OnCursor" Name="Looter_Window_Description" TooltipColor="" TextId="CRB_MasterLoot_Looter_Window_Description" DT_WORDBREAK="1" Border="1" IgnoreMouse="1" UseTemplateBG="1" DT_VCENTER="1" DT_CENTER="1" BottomEdgeControlsAnchor="LootDescBottom"/>
    </Form>
    <Form Class="Button" Base="BK3:btnHolo_ListView_Simple" Font="DefaultButton" ButtonType="Check" RadioGroup="" LAnchorPoint="0" LAnchorOffset="0" TAnchorPoint="0" TAnchorOffset="0" RAnchorPoint="1" RAnchorOffset="0" BAnchorPoint="0" BAnchorOffset="54" DT_VCENTER="1" DT_CENTER="1" BGColor="UI_BtnBGDefault" TextColor="UI_BtnTextDefault" NormalTextColor="UI_BtnTextDefault" PressedTextColor="UI_BtnTextDefault" FlybyTextColor="UI_BtnTextDefault" PressedFlybyTextColor="UI_BtnTextDefault" DisabledTextColor="UI_BtnTextDefault" TooltipType="OnCursor" Name="LooterItemButton" TooltipColor="" Sprite="" Tooltip="" IgnoreMouse="0" GlobalRadioGroup="" RelativeToClient="1" Overlapped="1">
        <Control Class="Window" LAnchorPoint="1" LAnchorOffset="-34" TAnchorPoint="0" TAnchorOffset="16" RAnchorPoint="1" RAnchorOffset="-2" BAnchorPoint="0" BAnchorOffset="48" RelativeToClient="1" Font="Default" Text="" BGColor="UI_WindowBGDefault" TextColor="UI_WindowTextDefault" Template="Default" TooltipType="OnCursor" Name="Check" TooltipColor="" Sprite="CRB_CharacterCreateSprites:sprCharC_NameCheckYes" IgnoreMouse="1" NewWindowDepth="1" Picture="1" DT_VCENTER="0" DT_RIGHT="0" Visible="0"/>
        <Control Class="Window" LAnchorPoint="0" LAnchorOffset="7" TAnchorPoint="0" TAnchorOffset="8" RAnchorPoint="0" RAnchorOffset="45" BAnchorPoint="0" BAnchorOffset="46" RelativeToClient="0" Font="Default" Text="" Template="Default" TooltipType="OnCursor" Name="ItemIconFrame" BGColor="ffffffff" TextColor="ffffffff" TooltipColor="" Picture="1" IgnoreMouse="1" Sprite="BK3:UI_BK3_Holo_InsetSimple" NewWindowDepth="1" Tooltip=""/>
        <Control Class="Window" LAnchorPoint="0" LAnchorOffset="10" TAnchorPoint="0" TAnchorOffset="11" RAnchorPoint="0" RAnchorOffset="42" BAnchorPoint="0" BAnchorOffset="43" RelativeToClient="0" Font="Default" Text="" Template="Default" TooltipType="OnCursor" Name="ItemIcon" BGColor="ffffffff" TextColor="ffffffff" TooltipColor="" Picture="1" IgnoreMouse="1" Sprite="IconSprites:Icon_ItemMisc_UI_Item_Bag_001" NewWindowDepth="1" Tooltip=""/>
        <Control Class="Window" LAnchorPoint="0" LAnchorOffset="55" TAnchorPoint=".5" TAnchorOffset="-20" RAnchorPoint="1" RAnchorOffset="-38" BAnchorPoint=".5" BAnchorOffset="20" RelativeToClient="0" Font="CRB_InterfaceSmall" Text="" Template="Default" TooltipType="OnCursor" Name="ItemName" BGColor="ffffffff" TextColor="UI_TextHoloBodyHighlight" TooltipColor="" TextId="Challenges_NoProgress" HideInEditor="0" Tooltip="" DT_VCENTER="1" IgnoreMouse="1" NewWindowDepth="1" DT_WORDBREAK="1" AutoScaleText="1"/>
        <Event Name="ButtonCheck" Function="OnLooterItemCheck"/>
        <Event Name="ButtonUncheck" Function="OnLooterItemUncheck"/>
    </Form>
</Forms>
