<?xml version="1.0" encoding="UTF-8" standalone="yes" ?>
<Forms>
    <Form Class="Window" LAnchorPoint="0.5" LAnchorOffset="90" TAnchorPoint="0.5" TAnchorOffset="66" RAnchorPoint="0.5" RAnchorOffset="130" BAnchorPoint="0.5" BAnchorOffset="161" RelativeToClient="1" Font="Default" Text="" Template="Default" Name="InteractForm" Border="0" Picture="1" SwallowMouseClicks="1" Moveable="0" Escapable="0" Overlapped="0" BGColor="ffffffff" TextColor="ffffffff" TextId="" Sprite="" IgnoreMouse="1" NeverBringToFront="1" LeftEdgeControlsAnchor="" TopEdgeControlsAnchor="" BottomEdgeControlsAnchor="" Visible="0" TooltipColor="" Tooltip="">
        <Control Class="ActionBarButton" LAnchorPoint="0" LAnchorOffset="-5" TAnchorPoint="0" TAnchorOffset="0" RAnchorPoint="0" RAnchorOffset="45" BAnchorPoint="0" BAnchorOffset="68" RelativeToClient="1" Font="Default" Text="" Template="Default" Name="InteractBtn" BGColor="ffffffff" TextColor="ffffffff" ContentType="GCBar" ContentId="17" IgnoreMouse="1" Sprite="CRB_DEMO_WrapperSprites:btnDemo_CharInvisibleNormal" Visible="1" UseBaseButtonArt="1" DrawClientSprite="1" Base="CRB_DEMO_WrapperSprites:btnDemo_CharInvisible" HideInEditor="1" TooltipColor="" TooltipFont="CRB_InterfaceSmall_O" TooltipType="OnCursor" Tooltip="" DisallowDragDrop="1">
            <Event Name="MouseEnter" Function="OnAlertItemMouseEnter"/>
            <Event Name="MouseExit" Function="OnAlertItemMouseExit"/>
        </Control>
        <Control Class="Window" LAnchorPoint="0" LAnchorOffset="8" TAnchorPoint="0" TAnchorOffset="48" RAnchorPoint="1" RAnchorOffset="0" BAnchorPoint="0" BAnchorOffset="95" RelativeToClient="1" Font="Default" Text="" Template="Default" TooltipType="OnCursor" Name="AlertPopout" BGColor="ffffffff" TextColor="ffffffff" TooltipColor="" Sprite="CRB_HUDAlerts:sprAlert_Backer" Picture="1" IgnoreMouse="1" Visible="1" HideInEditor="0" Tooltip="" TransitionShowHide="1">
            <Control Class="Window" LAnchorPoint="0" LAnchorOffset="4" TAnchorPoint="0" TAnchorOffset="26" RAnchorPoint="1" RAnchorOffset="-4" BAnchorPoint="0" BAnchorOffset="46" RelativeToClient="1" Font="CRB_InterfaceMedium_O" Text="" Template="Default" TooltipType="OnCursor" Name="KeybindFullText" BGColor="ffffffff" TextColor="ffffffff" TooltipColor="" TextId="InputAction_Interact" DT_CENTER="1" DT_VCENTER="1"/>
        </Control>
        <Control Class="Window" LAnchorPoint="0" LAnchorOffset="-5" TAnchorPoint="0" TAnchorOffset="0" RAnchorPoint="0" RAnchorOffset="45" BAnchorPoint="0" BAnchorOffset="60" RelativeToClient="1" Font="Default" Text="" Template="Default" TooltipType="OnCursor" Name="AlertItemHover" BGColor="ffffffff" TextColor="ffffffff" TooltipColor="ffa0a0a0" Picture="1" IgnoreMouse="1" Sprite="CRB_HUDAlerts:sprAlert_Hover" Visible="0" HideInEditor="1" TransitionShowHide="1" TooltipFont="CRB_InterfaceSmall_O" Tooltip="" TooltipId=""/>
        <Control Class="Window" LAnchorPoint="0" LAnchorOffset="-2" TAnchorPoint="0" TAnchorOffset="8" RAnchorPoint="0" RAnchorOffset="41" BAnchorPoint="0" BAnchorOffset="45" RelativeToClient="1" Font="Default" Text="" Template="Default" TooltipType="OnCursor" Name="AlertItemIcon" BGColor="ffffffff" TextColor="ffffffff" TooltipColor="" Sprite="CRB_HUDAlerts:sprAlert_Interact" Picture="1" IgnoreMouse="1" NewControlDepth="1"/>
        <Control Class="Window" LAnchorPoint="0" LAnchorOffset="11" TAnchorPoint="0" TAnchorOffset="50" RAnchorPoint="0" RAnchorOffset="30" BAnchorPoint="0" BAnchorOffset="68" RelativeToClient="1" Font="CRB_InterfaceSmall_O" Text="" Template="Default" TooltipType="OnCursor" Name="AlertItemKeybind" BGColor="ffffffff" TextColor="white" TooltipColor="" Picture="1" IgnoreMouse="1" Sprite="CRB_HUDAlerts:sprAlert_Square_Blue" TextId="" DT_CENTER="1" DT_VCENTER="1" Tooltip="">
            <Control Class="Window" LAnchorPoint="0" LAnchorOffset="-1" TAnchorPoint="0" TAnchorOffset="-1" RAnchorPoint="1" RAnchorOffset="0" BAnchorPoint="1" BAnchorOffset="0" RelativeToClient="1" Font="CRB_InterfaceSmall" Text="" Template="Default" TooltipType="OnCursor" Name="AlertItemKeybindText" BGColor="ffffffff" TextColor="white" TooltipColor="" Picture="1" IgnoreMouse="1" Sprite="" TextId="" DT_CENTER="1" DT_VCENTER="1"/>
        </Control>
        <Control Class="Window" LAnchorPoint="0" LAnchorOffset="-7" TAnchorPoint="0" TAnchorOffset="-1" RAnchorPoint="0" RAnchorOffset="50" BAnchorPoint="0" BAnchorOffset="49" RelativeToClient="1" Font="Default" Text="" Template="Default" Name="AlertItemTransition" BGColor="ffffffff" TextColor="ffffffff" IgnoreMouse="1" NewWindowDepth="1" Picture="1" NoClip="1" Sprite="" TooltipColor=""/>
    </Form>
    <Form Class="WorldFixedWindow" LAnchorPoint="SELF" LAnchorOffset="-16" TAnchorPoint="0" TAnchorOffset="0" RAnchorPoint="0" RAnchorOffset="16" BAnchorPoint="0" BAnchorOffset="32" RelativeToClient="1" Font="Default" Text="" Template="Default" Name="InteractionOnUnit" Border="0" Picture="1" SwallowMouseClicks="1" Moveable="0" Escapable="0" Overlapped="1" BGColor="ffffffff" TextColor="ffffffff" Sprite="CRB_HUDAlerts:sprAlert_InteractMark" IgnoreMouse="1" DoNotBlockTooltip="1" TooltipColor="" Tooltip="" Visible="0">
        <Control Class="Window" LAnchorPoint="0" LAnchorOffset="3" TAnchorPoint="0" TAnchorOffset="3" RAnchorPoint="0" RAnchorOffset="65" BAnchorPoint="0" BAnchorOffset="55" RelativeToClient="1" Font="Default" Text="" Template="Default" TooltipType="OnCursor" Name="InteractionOnUnitPopout" BGColor="ffffffff" TextColor="ffffffff" TooltipColor="" Sprite="CRB_HUDAlerts:sprAlert_Backer" Picture="1" IgnoreMouse="1" Visible="0" HideInEditor="1" Tooltip="" TransitionShowHide="1" NoClip="1">
            <Control Class="Window" LAnchorPoint="0" LAnchorOffset="-3" TAnchorPoint="0" TAnchorOffset="-3" RAnchorPoint="1" RAnchorOffset="-3" BAnchorPoint="1" BAnchorOffset="-3" RelativeToClient="1" Font="Default" Text="" Template="Default" TooltipType="OnCursor" Name="IntearactionOnUnitReplacementIcon" BGColor="ffffffff" TextColor="ffffffff" TooltipColor="" Sprite="CRB_HUDAlerts:sprAlert_InteractMark" Picture="1" IgnoreMouse="1" HideInEditor="0"/>
            <Control Class="Window" LAnchorPoint="0" LAnchorOffset="4" TAnchorPoint="0" TAnchorOffset="25" RAnchorPoint="1" RAnchorOffset="-4" BAnchorPoint="0" BAnchorOffset="45" RelativeToClient="1" Font="CRB_InterfaceSmall_O" Text="" Template="Default" TooltipType="OnCursor" Name="InteractionOnUnitFullText" BGColor="ffffffff" TextColor="ffffffff" TooltipColor="" TextId="" DT_CENTER="1" DT_VCENTER="1"/>
        </Control>
    </Form>
</Forms>
