<Forms>
    <Form Class="Window" LAnchorPoint=".7" LAnchorOffset="-240" TAnchorPoint=".6" TAnchorOffset="-235" RAnchorPoint=".7" RAnchorOffset="240" BAnchorPoint=".6" BAnchorOffset="235" RelativeToClient="1" Font="Default" Text="" Template="Default" Name="ArenaTeamForm" Border="0" Picture="0" SwallowMouseClicks="1" Moveable="1" Escapable="1" Overlapped="1" BGColor="white" TextColor="white" TextId="" Visible="0" TooltipColor="" Tooltip="">
        <Control Class="Window" LAnchorPoint="0" LAnchorOffset="-20" TAnchorPoint="0" TAnchorOffset="-20" RAnchorPoint="1" RAnchorOffset="20" BAnchorPoint="1" BAnchorOffset="20" RelativeToClient="1" Font="Default" Text="" Template="Default" Name="BGBorder" BGColor="white" TextColor="white" Picture="1" IgnoreMouse="1" NewControlDepth="1" Sprite="BK3:UI_BK3_Holo_Framing_2" TooltipColor="" HideInEditor="0" NoClip="1">
            <Control Class="Button" Base="BK3:btnHolo_Close" Font="Thick" ButtonType="PushButton" RadioGroup="" LAnchorPoint="1" LAnchorOffset="-75" TAnchorPoint="0" TAnchorOffset="31" RAnchorPoint="1" RAnchorOffset="-32" BAnchorPoint="0" BAnchorOffset="72" DT_VCENTER="1" DT_CENTER="1" Name="CloseBtn" BGColor="white" TextColor="white" NormalTextColor="white" PressedTextColor="white" FlybyTextColor="white" PressedFlybyTextColor="white" DisabledTextColor="white" Text="" TooltipColor="">
                <Event Name="ButtonSignal" Function="OnClose"/>
            </Control>
        </Control>
        <Control Class="Window" LAnchorPoint="0" LAnchorOffset="0" TAnchorPoint="0" TAnchorOffset="0" RAnchorPoint="1" RAnchorOffset="0" BAnchorPoint="1" BAnchorOffset="0" RelativeToClient="1" Font="Default" Text="" Template="Default" TooltipType="OnCursor" Name="BGArt" BGColor="white" TextColor="white" TooltipColor="" Tooltip="" HideInEditor="0" Visible="1">
            <Control Class="Window" LAnchorPoint="0" LAnchorOffset="20" TAnchorPoint="0" TAnchorOffset="106" RAnchorPoint="1" RAnchorOffset="-23" BAnchorPoint="0" BAnchorOffset="362" RelativeToClient="1" Font="Default" Text="" Template="Default" TooltipType="OnCursor" Name="BGArt_ListFrame" BGColor="9fffffff" TextColor="white" TooltipColor="" Picture="1" IgnoreMouse="1" Sprite="BK3:UI_BK3_Holo_InsetSimple" Visible="1" HideInEditor="0"/>
            <Control Class="Window" LAnchorPoint="0" LAnchorOffset="30" TAnchorPoint="0" TAnchorOffset="85" RAnchorPoint="0" RAnchorOffset="251" BAnchorPoint="0" BAnchorOffset="104" RelativeToClient="1" Font="CRB_InterfaceSmall" Text="" Template="Default" TooltipType="OnCursor" Name="GridHeader_Name" BGColor="white" TextColor="UI_TextHoloBody" TooltipColor="" Picture="1" IgnoreMouse="1" Sprite="" DT_VCENTER="1" DT_CENTER="0" TextId="ArenaRoster_HeaderName"/>
            <Control Class="Window" LAnchorPoint="0" LAnchorOffset="252" TAnchorPoint="0" TAnchorOffset="85" RAnchorPoint="0" RAnchorOffset="311" BAnchorPoint="0" BAnchorOffset="105" RelativeToClient="1" Font="CRB_InterfaceSmall" Text="" Template="Default" TooltipType="OnCursor" Name="GridHeader_Class" BGColor="white" TextColor="UI_TextHoloBody" TooltipColor="" Picture="1" IgnoreMouse="1" Sprite="" DT_VCENTER="1" DT_CENTER="1" TextId="CRB_Class"/>
            <Control Class="Window" LAnchorPoint="0" LAnchorOffset="311" TAnchorPoint="0" TAnchorOffset="85" RAnchorPoint="0" RAnchorOffset="453" BAnchorPoint="0" BAnchorOffset="105" RelativeToClient="1" Font="CRB_InterfaceSmall" Text="" Template="Default" TooltipType="OnCursor" Name="GridHeader_Online" BGColor="white" TextColor="UI_TextHoloBody" TooltipColor="" Picture="1" IgnoreMouse="1" Sprite="" DT_VCENTER="1" DT_CENTER="0" TextId="ArenaRoster_HeaderOnline"/>
            <Control Class="Window" LAnchorPoint="0" LAnchorOffset="20" TAnchorPoint="0" TAnchorOffset="21" RAnchorPoint="0" RAnchorOffset="72" BAnchorPoint="0" BAnchorOffset="73" RelativeToClient="1" Font="Default" Text="" Template="Default" TooltipType="OnCursor" Name="BGArt_EmblemFrame" BGColor="white" TextColor="white" TooltipColor="" Picture="1" IgnoreMouse="1" Sprite="BK3:UI_BK3_Holo_InsetSimple" HideInEditor="0"/>
            <Control Class="Window" LAnchorPoint="0" LAnchorOffset="12" TAnchorPoint="0" TAnchorOffset="74" RAnchorPoint="1" RAnchorOffset="-12" BAnchorPoint="0" BAnchorOffset="94" RelativeToClient="1" Font="Default" Text="" BGColor="UI_WindowBGDefault" TextColor="UI_WindowTextDefault" Template="Default" TooltipType="OnCursor" Name="Break" TooltipColor="" Sprite="BK3:UI_BK3_Holo_InsetDividerBright_H" Picture="1" IgnoreMouse="1" Visible="1" HideInEditor="0"/>
            <Control Class="Window" LAnchorPoint="0" LAnchorOffset="20" TAnchorPoint="1" TAnchorOffset="-96" RAnchorPoint="1" RAnchorOffset="-22" BAnchorPoint="1" BAnchorOffset="-22" RelativeToClient="1" Font="Default" Text="" Template="Default" Name="BGBackgroundFooterArt" BGColor="white" TextColor="white" Picture="1" IgnoreMouse="1" Sprite="BK3:UI_BK3_Holo_InsetFramed" TooltipColor=""/>
        </Control>
        <Event Name="WindowClosed" Function="OnClose"/>
        <Control Class="Window" LAnchorPoint="0" LAnchorOffset="72" TAnchorPoint="0" TAnchorOffset="52" RAnchorPoint="1" RAnchorOffset="-50" BAnchorPoint="0" BAnchorOffset="70" RelativeToClient="1" Font="CRB_Header11" Text="" Template="Default" Name="SubHeader" BGColor="white" TextColor="white" TextId="Guild_GuildTypeArena" DT_CENTER="1" TooltipColor=""/>
        <Control Class="Window" LAnchorPoint="0" LAnchorOffset="88" TAnchorPoint="1" TAnchorOffset="-82" RAnchorPoint="1" RAnchorOffset="-87" BAnchorPoint="1" BAnchorOffset="-10" RelativeToClient="1" Font="Default" Text="" Template="Default" Name="Controls" BGColor="white" TextColor="UI_TextHoloBodyCyan" TooltipColor="">
            <Control Class="Button" Base="BK3:btnHolo_Blue_Med" Font="CRB_Button" ButtonType="PushButton" RadioGroup="RosterOptions_MemberOptionsRadioGroup" LAnchorPoint="0" LAnchorOffset="7" TAnchorPoint="0" TAnchorOffset="-12" RAnchorPoint="0" RAnchorOffset="140" BAnchorPoint="1" BAnchorOffset="-12" DT_VCENTER="1" DT_CENTER="1" Name="RosterOptionBtnInvite" BGColor="white" TextColor="white" NormalTextColor="UI_BtnTextBlueNormal" PressedTextColor="UI_BtnTextBluePressed" FlybyTextColor="UI_BtnTextBlueFlyby" PressedFlybyTextColor="UI_BtnTextBluePressedFlyby" DisabledTextColor="UI_BtnTextBlueDisabled" Text="" TextId="CRB_Invite_To_Group" Visible="0" GlobalRadioGroup="" LeftEdgeControlsAnchor="" RelativeToClient="1" TooltipColor="">
                <Event Name="ButtonSignal" Function="OnInviteToGroupClick"/>
            </Control>
            <Control Class="Button" Base="BK3:btnHolo_Red_Med" Font="CRB_Button" ButtonType="Check" RadioGroup="RosterOptions_MemberOptionsRadioGroup" LAnchorPoint="1" LAnchorOffset="-162" TAnchorPoint="0" TAnchorOffset="-12" RAnchorPoint="1" RAnchorOffset="-15" BAnchorPoint="1" BAnchorOffset="-12" DT_VCENTER="1" DT_CENTER="1" Name="RosterOptionBtnRemove" BGColor="white" TextColor="white" NormalTextColor="UI_BtnTextRedNormal" PressedTextColor="UI_BtnTextRedPressed" FlybyTextColor="UI_BtnTextRedFlyby" PressedFlybyTextColor="UI_BtnTextRedPressedFlyby" DisabledTextColor="UI_BtnTextRedDisabled" Text="" TextId="ArenaRoster_RemoveMember" Visible="0" GlobalRadioGroup="" LeftEdgeControlsAnchor="" RelativeToClient="1" TooltipColor="" NewWindowDepth="1">
                <Event Name="ButtonCheck" Function="OnRosterRemoveMemberClick"/>
                <Event Name="ButtonUncheck" Function="OnRosterRemoveMemberClick"/>
                <Control Class="Window" LAnchorPoint="0.5" LAnchorOffset="-92" TAnchorPoint="1" TAnchorOffset="-141" RAnchorPoint="0.5" RAnchorOffset="92" BAnchorPoint="1" BAnchorOffset="-61" RelativeToClient="1" Font="Default" Text="" Template="Default" Name="RemoveMemberContainer" BGColor="white" TextColor="white" Picture="0" IgnoreMouse="1" Sprite="" Visible="0" HideInEditor="0" NoClip="1" CloseOnExternalClick="1" TooltipColor="">
                    <Control Class="Window" LAnchorPoint="0" LAnchorOffset="0" TAnchorPoint="0" TAnchorOffset="0" RAnchorPoint="1" RAnchorOffset="0" BAnchorPoint="1" BAnchorOffset="-2" RelativeToClient="1" Font="Default" Text="" Template="Default" Name="RemoveMemberBG" BGColor="white" TextColor="white" Sprite="CRB_Basekit:kitBase_HoloBlue_SmallGreenCorners" Picture="1" IgnoreMouse="1" TooltipColor=""/>
                    <Control Class="Window" LAnchorPoint="0" LAnchorOffset="16" TAnchorPoint="0" TAnchorOffset="11" RAnchorPoint="1" RAnchorOffset="-10" BAnchorPoint="0" BAnchorOffset="28" RelativeToClient="1" Font="CRB_InterfaceMedium_B" Text="" Template="Default" Name="RemoveMemberLabel" BGColor="white" TextColor="white" TextId="Circles_KickDefault" TooltipColor=""/>
                    <Control Class="Button" Base="CRB_Basekit:kitBtn_Holo_Close2" Font="Thick" ButtonType="PushButton" RadioGroup="" LAnchorPoint="1" LAnchorOffset="-24" TAnchorPoint="0" TAnchorOffset="10" RAnchorPoint="1" RAnchorOffset="-6" BAnchorPoint="0" BAnchorOffset="28" DT_VCENTER="1" DT_CENTER="1" Name="RemoveMemberCloseBtn" BGColor="white" TextColor="white" NormalTextColor="white" PressedTextColor="white" FlybyTextColor="white" PressedFlybyTextColor="white" DisabledTextColor="white" Text="" TooltipColor="">
                        <Event Name="ButtonSignal" Function="OnRosterRemoveMemberCloseBtn"/>
                    </Control>
                    <Control Class="Button" Base="BK3:btnHolo_Blue_Small" Font="CRB_InterfaceMedium_B" ButtonType="PushButton" RadioGroup="" LAnchorPoint="0" LAnchorOffset="10" TAnchorPoint="1" TAnchorOffset="-56" RAnchorPoint="0.5" RAnchorOffset="-3" BAnchorPoint="1" BAnchorOffset="-4" DT_VCENTER="1" DT_CENTER="1" Name="RemoveMemberYesBtn" BGColor="white" TextColor="white" NormalTextColor="UI_BtnTextBlueNormal" PressedTextColor="UI_BtnTextBluePressed" FlybyTextColor="UI_BtnTextBlueFlyby" PressedFlybyTextColor="UI_BtnTextBluePressedFlyby" DisabledTextColor="UI_BtnTextBlueDisabled" Text="" TextId="Yes" TooltipColor="">
                        <Event Name="ButtonSignal" Function="OnRosterRemoveMemberYesClick"/>
                    </Control>
                    <Control Class="Button" Base="BK3:btnHolo_Red_Small" Font="CRB_InterfaceMedium_B" ButtonType="PushButton" RadioGroup="" LAnchorPoint="0.5" LAnchorOffset="3" TAnchorPoint="1" TAnchorOffset="-56" RAnchorPoint="1" RAnchorOffset="-10" BAnchorPoint="1" BAnchorOffset="-4" DT_VCENTER="1" DT_CENTER="1" Name="RemoveMemberNoBtn" BGColor="white" TextColor="white" NormalTextColor="UI_BtnTextRedNormal" PressedTextColor="UI_BtnTextRedPressed" FlybyTextColor="UI_BtnTextRedFlyby" PressedFlybyTextColor="UI_BtnTextRedPressedFlyby" DisabledTextColor="UI_BtnTextRedDisabled" Text="" TextId="No" TooltipColor="">
                        <Event Name="ButtonSignal" Function="OnRosterRemoveMemberCloseBtn"/>
                    </Control>
                    <Event Name="WindowClosed" Function="OnRosterRemoveMemberCloseBtn"/>
                </Control>
            </Control>
        </Control>
        <Control Class="Grid" ImageTextSpacing="0" LAnchorPoint="0" LAnchorOffset="23" TAnchorPoint="0" TAnchorOffset="109" RAnchorPoint="1" RAnchorOffset="-26" BAnchorPoint="0" BAnchorOffset="361" RelativeToClient="1" Font="CRB_InterfaceSmall_O" Text="" Template="Default" Name="RosterGrid" BGColor="white" TextColor="white" Picture="0" IgnoreMouse="1" MultiColumn="1" SelectWholeRow="1" FocusOnMouseOver="1" RowHeight="28" CellBGBase="BK3:btnHolo_ListView_Mid" TextNormalColor="UI_BtnTextHoloNormal" TextSelectedColor="UI_BtnTextHoloNormal" TextNormalFocusColor="UI_BtnTextHoloNormal" TextSelectedFocusColor="UI_BtnTextHoloNormal" TextDisabledColor="UI_BtnTextHoloDisabled" DT_VCENTER="1" TooltipColor="" CellBGNormalColor="" CellBGSelectedColor="" CellBGNormalFocusColor="" CellBGSelectedFocusColor="" Sprite="whitefill" HeaderBG="BK3:btnHolo_ListView_MidNormal" HeaderRow="0" HeaderFont="CRB_InterfaceSmall" Tooltip="">
            <Column Name="Icon" Width="25" TextColor="" Image="" MinWidth="10" MaxWidth="2048" MergeLeft="0" SimpleSort="1"/>
            <Column Name="Name" Width="220" TextColor="" Image="" MinWidth="10" MaxWidth="2048" MergeLeft="0" SimpleSort="1"/>
            <Column Name="Class" Width="50" TextColor="" Image="" MinWidth="10" MaxWidth="2048" MergeLeft="0" SimpleSort="1"/>
            <Event Name="GridSelChange" Function="OnRosterGridItemClick"/>
            <Column Name="Last Online" Width="293" TextColor="White" Image="" MinWidth="10" MaxWidth="2048" MergeLeft="0" SimpleSort="1" DT_VCENTER="1"/>
        </Control>
        <Control Class="Window" LAnchorPoint="0" LAnchorOffset="72" TAnchorPoint="0" TAnchorOffset="26" RAnchorPoint="1" RAnchorOffset="-49" BAnchorPoint="0" BAnchorOffset="47" RelativeToClient="1" Font="CRB_Header14" Text="" Template="Default" Name="Header" BGColor="white" TextColor="UI_BtnTextGrayOrangeListPressed" TextId="Guild_GuildTypeArena" DT_CENTER="1" TooltipColor="" DT_BOTTOM="1"/>
        <Control Class="Button" Base="BK3:btnHolo_Red_Med" Font="CRB_Button" ButtonType="Check" RadioGroup="" LAnchorPoint="1" LAnchorOffset="-112" TAnchorPoint="1" TAnchorOffset="-95" RAnchorPoint="1" RAnchorOffset="-24" BAnchorPoint="1" BAnchorOffset="-23" DT_VCENTER="1" DT_CENTER="1" TooltipType="OnCursor" Name="RosterDisbandBtn" BGColor="white" TextColor="white" TooltipColor="" NormalTextColor="UI_BtnTextRedNormal" PressedTextColor="UI_BtnTextRedPressed" FlybyTextColor="UI_BtnTextRedFlyby" PressedFlybyTextColor="UI_BtnTextRedPressedFlyby" DisabledTextColor="UI_BtnTextRedDisabled" Text="" TextId="ArenaRoster_Disband" NewWindowDepth="1">
            <Control Class="Window" LAnchorPoint="0.5" LAnchorOffset="-92" TAnchorPoint="1" TAnchorOffset="-141" RAnchorPoint="0.5" RAnchorOffset="92" BAnchorPoint="1" BAnchorOffset="-61" RelativeToClient="1" Font="Default" Text="" Template="Default" Name="DisbandContainer" BGColor="white" TextColor="white" Picture="0" IgnoreMouse="1" Sprite="" Visible="0" HideInEditor="1" NoClip="1" CloseOnExternalClick="1" TooltipColor="">
                <Control Class="Window" LAnchorPoint="0" LAnchorOffset="0" TAnchorPoint="0" TAnchorOffset="0" RAnchorPoint="1" RAnchorOffset="0" BAnchorPoint="1" BAnchorOffset="-2" RelativeToClient="1" Font="Default" Text="" Template="Default" Name="RemoveMemberBG" BGColor="white" TextColor="white" Sprite="CRB_Basekit:kitBase_HoloBlue_SmallGreenCorners" Picture="1" IgnoreMouse="1" TooltipColor="">
                    <Pixie LAnchorPoint="0" LAnchorOffset="16" TAnchorPoint="0" TAnchorOffset="11" RAnchorPoint="1" RAnchorOffset="-10" BAnchorPoint="0" BAnchorOffset="28" BGColor="white" Font="CRB_InterfaceMedium_B" TextColor="white" Text="" TextId="ArenaRoster_DisbandLabel" Line="0"/>
                </Control>
                <Control Class="Button" Base="CRB_Basekit:kitBtn_Holo_Close2" Font="Thick" ButtonType="PushButton" RadioGroup="" LAnchorPoint="1" LAnchorOffset="-24" TAnchorPoint="0" TAnchorOffset="10" RAnchorPoint="1" RAnchorOffset="-6" BAnchorPoint="0" BAnchorOffset="28" DT_VCENTER="1" DT_CENTER="1" Name="DisbandContainerCloseBtn" BGColor="white" TextColor="white" NormalTextColor="white" PressedTextColor="white" FlybyTextColor="white" PressedFlybyTextColor="white" DisabledTextColor="white" Text="" TooltipColor="">
                    <Event Name="ButtonSignal" Function="OnDisbandContainerCloseBtn"/>
                </Control>
                <Control Class="Button" Base="BK3:btnHolo_Blue_Small" Font="CRB_InterfaceMedium_B" ButtonType="PushButton" RadioGroup="" LAnchorPoint="0" LAnchorOffset="10" TAnchorPoint="1" TAnchorOffset="-56" RAnchorPoint="0.5" RAnchorOffset="-3" BAnchorPoint="1" BAnchorOffset="-4" DT_VCENTER="1" DT_CENTER="1" Name="ConfirmDisbandBtn" BGColor="white" TextColor="white" NormalTextColor="UI_BtnTextBlueNormal" PressedTextColor="UI_BtnTextBluePressed" FlybyTextColor="UI_BtnTextBlueFlyby" PressedFlybyTextColor="UI_BtnTextBluePressedFlyby" DisabledTextColor="UI_BtnTextBlueDisabled" Text="" TextId="Yes" TooltipColor="">
                    <Event Name="ButtonSignal" Function="OnConfirmDisbandBtn"/>
                </Control>
                <Control Class="Button" Base="BK3:btnHolo_Red_Small" Font="CRB_InterfaceMedium_B" ButtonType="PushButton" RadioGroup="" LAnchorPoint="0.5" LAnchorOffset="3" TAnchorPoint="1" TAnchorOffset="-56" RAnchorPoint="1" RAnchorOffset="-10" BAnchorPoint="1" BAnchorOffset="-4" DT_VCENTER="1" DT_CENTER="1" Name="RemoveMemberNoBtn" BGColor="white" TextColor="white" NormalTextColor="UI_BtnTextRedNormal" PressedTextColor="UI_BtnTextRedPressed" FlybyTextColor="UI_BtnTextRedFlyby" PressedFlybyTextColor="UI_BtnTextRedPressedFlyby" DisabledTextColor="UI_BtnTextRedDisabled" Text="" TextId="No" TooltipColor="">
                    <Event Name="ButtonSignal" Function="OnDisbandContainerCloseBtn"/>
                </Control>
                <Event Name="WindowClosed" Function="OnDisbandContainerCloseBtn"/>
            </Control>
            <Event Name="ButtonUncheck" Function="OnDisbandContainerCloseBtn"/>
            <Event Name="ButtonCheck" Function="OnRosterDisbandBtn"/>
        </Control>
        <Control Class="Button" Base="BK3:btnHolo_Red_Med" Font="CRB_Button" ButtonType="Check" RadioGroup="" LAnchorPoint="1" LAnchorOffset="-112" TAnchorPoint="1" TAnchorOffset="-95" RAnchorPoint="1" RAnchorOffset="-24" BAnchorPoint="1" BAnchorOffset="-23" DT_VCENTER="1" DT_CENTER="1" TooltipType="OnCursor" Name="RosterLeaveBtn" BGColor="white" TextColor="white" TooltipColor="" NormalTextColor="UI_BtnTextRedNormal" PressedTextColor="UI_BtnTextRedPressed" FlybyTextColor="UI_BtnTextRedFlyby" PressedFlybyTextColor="UI_BtnTextRedPressedFlyby" DisabledTextColor="UI_BtnTextRedDisabled" Text="" TextId="ArenaRoster_Leave" NewWindowDepth="1" HideInEditor="0">
            <Control Class="Window" LAnchorPoint="0.5" LAnchorOffset="-92" TAnchorPoint="1" TAnchorOffset="-141" RAnchorPoint="0.5" RAnchorOffset="92" BAnchorPoint="1" BAnchorOffset="-61" RelativeToClient="1" Font="Default" Text="" Template="Default" Name="LeaveContainer" BGColor="white" TextColor="white" Picture="0" IgnoreMouse="1" Sprite="" Visible="0" HideInEditor="1" NoClip="1" CloseOnExternalClick="1" TooltipColor="">
                <Control Class="Window" LAnchorPoint="0" LAnchorOffset="0" TAnchorPoint="0" TAnchorOffset="0" RAnchorPoint="1" RAnchorOffset="0" BAnchorPoint="1" BAnchorOffset="-2" RelativeToClient="1" Font="Default" Text="" Template="Default" Name="RemoveMemberBG" BGColor="white" TextColor="white" Sprite="CRB_Basekit:kitBase_HoloBlue_SmallGreenCorners" Picture="1" IgnoreMouse="1" TooltipColor="">
                    <Pixie LAnchorPoint="0" LAnchorOffset="16" TAnchorPoint="0" TAnchorOffset="11" RAnchorPoint="1" RAnchorOffset="-10" BAnchorPoint="0" BAnchorOffset="28" BGColor="white" Font="CRB_InterfaceMedium_B" TextColor="white" Text="" TextId="ArenaRoster_LeaveLabel" Line="0"/>
                </Control>
                <Control Class="Button" Base="CRB_Basekit:kitBtn_Holo_Close2" Font="Thick" ButtonType="PushButton" RadioGroup="" LAnchorPoint="1" LAnchorOffset="-24" TAnchorPoint="0" TAnchorOffset="10" RAnchorPoint="1" RAnchorOffset="-6" BAnchorPoint="0" BAnchorOffset="28" DT_VCENTER="1" DT_CENTER="1" Name="DisbandContainerCloseBtn" BGColor="white" TextColor="white" NormalTextColor="white" PressedTextColor="white" FlybyTextColor="white" PressedFlybyTextColor="white" DisabledTextColor="white" Text="" TooltipColor="">
                    <Event Name="ButtonSignal" Function="OnLeaveContainerCloseBtn"/>
                </Control>
                <Control Class="Button" Base="BK3:btnHolo_Red_Small" Font="CRB_InterfaceMedium_B" ButtonType="PushButton" RadioGroup="" LAnchorPoint="0" LAnchorOffset="10" TAnchorPoint="1" TAnchorOffset="-56" RAnchorPoint="0.5" RAnchorOffset="-3" BAnchorPoint="1" BAnchorOffset="-4" DT_VCENTER="1" DT_CENTER="1" Name="ConfirmLeaveBtn" BGColor="white" TextColor="white" NormalTextColor="UI_BtnTextRedNormal" PressedTextColor="UI_BtnTextRedPressed" FlybyTextColor="UI_BtnTextRedFlyby" PressedFlybyTextColor="UI_BtnTextRedPressedFlyby" DisabledTextColor="UI_BtnTextRedDisabled" Text="" TextId="Yes" TooltipColor="">
                    <Event Name="ButtonSignal" Function="OnConfirmLeaveBtn"/>
                </Control>
                <Control Class="Button" Base="BK3:btnHolo_Blue_Small" Font="CRB_InterfaceMedium_B" ButtonType="PushButton" RadioGroup="" LAnchorPoint="0.5" LAnchorOffset="3" TAnchorPoint="1" TAnchorOffset="-56" RAnchorPoint="1" RAnchorOffset="-10" BAnchorPoint="1" BAnchorOffset="-4" DT_VCENTER="1" DT_CENTER="1" Name="RemoveMemberNoBtn" BGColor="white" TextColor="white" NormalTextColor="UI_BtnTextBlueNormal" PressedTextColor="UI_BtnTextBluePressed" FlybyTextColor="UI_BtnTextBlueFlyby" PressedFlybyTextColor="UI_BtnTextBluePressedFlyby" DisabledTextColor="UI_BtnTextBlueDisabled" Text="" TextId="No" TooltipColor="">
                    <Event Name="ButtonSignal" Function="OnLeaveContainerCloseBtn"/>
                </Control>
                <Event Name="WindowClosed" Function="OnLeaveContainerCloseBtn"/>
            </Control>
            <Event Name="ButtonUncheck" Function="OnLeaveContainerCloseBtn"/>
            <Event Name="ButtonCheck" Function="OnRosterLeaveBtn"/>
        </Control>
        <Control Class="Button" Base="BK3:btnHolo_Blue_Med" Font="CRB_Button" ButtonType="Check" RadioGroup="RosterOptions_MemberOptionsRadioGroup" LAnchorPoint="0" LAnchorOffset="24" TAnchorPoint="1" TAnchorOffset="-94" RAnchorPoint="0" RAnchorOffset="105" BAnchorPoint="1" BAnchorOffset="-22" DT_VCENTER="1" DT_CENTER="1" Name="RosterOptionBtnAdd" BGColor="white" TextColor="white" NormalTextColor="UI_BtnTextBlueNormal" PressedTextColor="UI_BtnTextBluePressed" FlybyTextColor="UI_BtnTextBlueFlyby" PressedFlybyTextColor="UI_BtnTextBlueFlyby" DisabledTextColor="UI_BtnTextBlueDisabled" Text="" TextId="ArenaRoster_Add" Visible="0" GlobalRadioGroup="" LeftEdgeControlsAnchor="" RelativeToClient="1" TooltipColor="" NewWindowDepth="1">
            <Event Name="ButtonCheck" Function="OnRosterAddMemberClick"/>
            <Event Name="ButtonUncheck" Function="OnRosterAddMemberClick"/>
            <Control Class="Window" LAnchorPoint="0.5" LAnchorOffset="-92" TAnchorPoint="1" TAnchorOffset="-171" RAnchorPoint="0.5" RAnchorOffset="92" BAnchorPoint="1" BAnchorOffset="-61" RelativeToClient="1" Font="Default" Text="" Template="Default" Name="AddMemberContainer" BGColor="white" TextColor="white" Picture="0" IgnoreMouse="1" Sprite="" Visible="0" HideInEditor="0" NewWindowDepth="0" NoClip="1" CloseOnExternalClick="1" TooltipColor="">
                <Control Class="Window" LAnchorPoint="0" LAnchorOffset="0" TAnchorPoint="0" TAnchorOffset="0" RAnchorPoint="1" RAnchorOffset="0" BAnchorPoint="1" BAnchorOffset="-2" RelativeToClient="1" Font="Default" Text="" Template="Default" Name="AddMemberBG" BGColor="white" TextColor="white" Sprite="CRB_Basekit:kitBase_HoloBlue_SmallGreenCorners" Picture="1" IgnoreMouse="1" TooltipColor="">
                    <Pixie LAnchorPoint="0" LAnchorOffset="16" TAnchorPoint="0" TAnchorOffset="11" RAnchorPoint="1" RAnchorOffset="-10" BAnchorPoint="0" BAnchorOffset="28" BGColor="white" Font="CRB_InterfaceMedium_B" TextColor="white" Text="" TextId="ArenaRoster_AddLabel" Line="0"/>
                </Control>
                <Control Class="Window" LAnchorPoint="0" LAnchorOffset="12" TAnchorPoint="0.5" TAnchorOffset="-20" RAnchorPoint="1" RAnchorOffset="-12" BAnchorPoint="0.5" BAnchorOffset="12" RelativeToClient="1" Font="Default" Text="" Template="Default" Name="AddMemberEditBoxBG" BGColor="white" TextColor="white" Picture="1" IgnoreMouse="1" Sprite="CRB_Basekit:kitInnerFrame_Holo_InputBox" TooltipColor="" NewControlDepth="1"/>
                <Control Class="EditBox" LAnchorPoint="0" LAnchorOffset="20" TAnchorPoint="0.5" TAnchorOffset="-16" RAnchorPoint="1" RAnchorOffset="-16" BAnchorPoint="0.5" BAnchorOffset="8" RelativeToClient="1" Font="CRB_InterfaceMedium" Text="" Template="Default" Name="AddMemberEditBox" BGColor="white" TextColor="UI_TextHoloTitle" Picture="0" DT_VCENTER="1" IgnoreMouse="1" TooltipColor="">
                    <Event Name="EditBoxReturn" Function="OnAddMemberEditBoxReturn"/>
                </Control>
                <Control Class="Button" Base="CRB_Basekit:kitBtn_Holo_Close2" Font="Thick" ButtonType="PushButton" RadioGroup="" LAnchorPoint="1" LAnchorOffset="-24" TAnchorPoint="0" TAnchorOffset="11" RAnchorPoint="1" RAnchorOffset="-7" BAnchorPoint="0" BAnchorOffset="30" DT_VCENTER="1" DT_CENTER="1" Name="AddMemberCloseBtn" BGColor="white" TextColor="white" NormalTextColor="white" PressedTextColor="white" FlybyTextColor="white" PressedFlybyTextColor="white" DisabledTextColor="white" TooltipColor="">
                    <Event Name="ButtonSignal" Function="OnRosterAddMemberCloseBtn"/>
                </Control>
                <Event Name="WindowClosed" Function="OnRosterAddMemberCloseBtn"/>
                <Control Class="Button" Base="BK3:btnHolo_Blue_Small" Font="CRB_InterfaceMedium_B" ButtonType="PushButton" RadioGroup="" LAnchorPoint="0.5" LAnchorOffset="-35" TAnchorPoint="1" TAnchorOffset="-52" RAnchorPoint="0.5" RAnchorOffset="35" BAnchorPoint="1" BAnchorOffset="-2" DT_VCENTER="1" DT_CENTER="1" Name="AddMemberConfirmBtn" BGColor="white" TextColor="white" NormalTextColor="UI_BtnTextBlueNormal" PressedTextColor="UI_BtnTextBluePressed" FlybyTextColor="UI_BtnTextBlueFlyby" PressedFlybyTextColor="UI_BtnTextBluePressedFlyby" DisabledTextColor="UI_BtnTextBlueDisabled" Text="" TextId="ArenaRoster_Add" TooltipColor="">
                    <Event Name="ButtonSignal" Function="OnAddMemberConfirmBtn"/>
                </Control>
            </Control>
        </Control>
    </Form>
    <Form Class="Window" LAnchorPoint="0.5" LAnchorOffset="-154" TAnchorPoint="0.5" TAnchorOffset="-154" RAnchorPoint="0.5" RAnchorOffset="154" BAnchorPoint="0.5" BAnchorOffset="0" RelativeToClient="1" Font="Default" Text="" Template="Default" Name="ArenaTeamInviteConfirmation" Border="0" Picture="1" SwallowMouseClicks="1" Moveable="1" Escapable="1" Overlapped="1" BGColor="white" TextColor="white" IgnoreMouse="1" Sprite="CRB_Basekit:kitBase_Hybrid_Message" TransitionShowHide="1" UseTransitionSprite="0" Visible="1" TooltipColor="" Tooltip="">
        <Control Class="Window" LAnchorPoint="0.5" LAnchorOffset="-114" TAnchorPoint="0" TAnchorOffset="20" RAnchorPoint="0.5" RAnchorOffset="114" BAnchorPoint="0" BAnchorOffset="70" RelativeToClient="1" Font="CRB_InterfaceMedium_B" Text="" Template="Default" Name="ArenaTeamInviteLabel" BGColor="white" TextColor="UI_TextHoloBodyHighlight" TextId="CRB__2" DT_WORDBREAK="1" DT_CENTER="1" DT_VCENTER="1" TooltipColor=""/>
        <Control Class="Button" Base="CRB_Basekit:kitBtn_Close" Font="Thick" ButtonType="PushButton" RadioGroup="" LAnchorPoint="1" LAnchorOffset="-36" TAnchorPoint="0" TAnchorOffset="9" RAnchorPoint="1" RAnchorOffset="-9" BAnchorPoint="0" BAnchorOffset="38" DT_VCENTER="1" DT_CENTER="1" Name="ArenaTeamInviteCloseBtn" BGColor="white" TextColor="white" NormalTextColor="white" PressedTextColor="white" FlybyTextColor="white" PressedFlybyTextColor="white" DisabledTextColor="white" TooltipColor="">
            <Event Name="ButtonSignal" Function="OnArenaTeamInviteDecline"/>
        </Control>
        <Control Class="Button" Base="CRB_Basekit:kitBtn_Holo" Font="CRB_InterfaceMedium_B" ButtonType="PushButton" RadioGroup="" LAnchorPoint="0" LAnchorOffset="50" TAnchorPoint="1" TAnchorOffset="-77" RAnchorPoint="0.5" RAnchorOffset="-4" BAnchorPoint="1" BAnchorOffset="-32" DT_VCENTER="1" DT_CENTER="1" Name="ArenaTeamInviteYesBtn" BGColor="white" TextColor="white" NormalTextColor="white" PressedTextColor="white" FlybyTextColor="white" PressedFlybyTextColor="white" DisabledTextColor="white" Text="" TextId="CRB_Accept" TooltipColor="">
            <Event Name="ButtonSignal" Function="OnArenaTeamInviteAccept"/>
        </Control>
        <Control Class="Button" Base="CRB_Basekit:kitBtn_Holo" Font="CRB_InterfaceMedium_B" ButtonType="PushButton" RadioGroup="" LAnchorPoint="0.5" LAnchorOffset="4" TAnchorPoint="1" TAnchorOffset="-77" RAnchorPoint="0" RAnchorOffset="258" BAnchorPoint="1" BAnchorOffset="-32" DT_VCENTER="1" DT_CENTER="1" Name="ArenaTeamInviteNoBtn" BGColor="white" TextColor="white" NormalTextColor="white" PressedTextColor="white" FlybyTextColor="white" PressedFlybyTextColor="white" DisabledTextColor="white" Text="" TextId="CRB_Decline" TooltipColor="">
            <Event Name="ButtonSignal" Function="OnArenaTeamInviteDecline"/>
        </Control>
        <Event Name="WindowClosed" Function="OnGuildInviteDecline"/>
    </Form>
</Forms>
