<Forms>
    <Form Class="Window" LAnchorPoint="0" LAnchorOffset="232" TAnchorPoint="0" TAnchorOffset="35" RAnchorPoint="0" RAnchorOffset="472" BAnchorPoint="0" BAnchorOffset="257" RelativeToClient="1" Font="Default" Text="" Template="Default" Name="LootStackForm" Border="0" Picture="0" SwallowMouseClicks="1" Moveable="0" Escapable="0" Overlapped="0" BGColor="4fffffff" TextColor="ffffffff" TextId="" Sprite="whitefill" IgnoreMouse="1" TooltipColor="" Tooltip="">
        <Control Class="Window" LAnchorPoint="0" LAnchorOffset="26" TAnchorPoint="0" TAnchorOffset="0" RAnchorPoint="1" RAnchorOffset="0" BAnchorPoint="0" BAnchorOffset="26" RelativeToClient="1" Font="CRB_InterfaceLarge_BO" Text="" Template="Default" Name="CashComplex" BGColor="ffffffff" TextColor="ffffffff" Picture="0" IgnoreMouse="1" Sprite="Whitefill" TransitionShowHide="1" TextId="" TooltipColor="" Tooltip="">
            <Control Class="CashWindow" LAnchorPoint="0" LAnchorOffset="0" TAnchorPoint="0" TAnchorOffset="0" RAnchorPoint="1" RAnchorOffset="0" BAnchorPoint="1" BAnchorOffset="0" RelativeToClient="1" Font="CRB_InterfaceMedium_O" Text="" Template="Default" Name="CashDisplay" BGColor="ffffffff" TextColor="ffffffff" Picture="0" IgnoreMouse="1" Sprite="Whitefill" SkipZeroes="1" DT_RIGHT="0" TooltipColor=""/>
        </Control>
        <Control Class="Window" LAnchorPoint="0" LAnchorOffset="0" TAnchorPoint="0" TAnchorOffset="26" RAnchorPoint="0" RAnchorOffset="240" BAnchorPoint="0" BAnchorOffset="74" RelativeToClient="1" Font="CRB_InterfaceMedium_B" Text="" Template="Default" Name="LootedItem_1" BGColor="ffffffff" TextColor="ffffffff" TextId="" DT_VCENTER="1" DT_WORDBREAK="1" Picture="1" IgnoreMouse="1" TransitionShowHide="1" TooltipColor="" Tooltip="">
            <Control Class="Window" LAnchorPoint="0" LAnchorOffset="0" TAnchorPoint="0.5" TAnchorOffset="-35" RAnchorPoint="1" RAnchorOffset="0" BAnchorPoint="0.5" BAnchorOffset="35" RelativeToClient="1" Font="Default" Text="" Template="Default" TooltipType="OnCursor" Name="RarityBracket" BGColor="9dffffff" TextColor="ffffffff" TooltipColor="" Sprite="CRB_Tooltips:sprTooltip_Header_White" Picture="1" IgnoreMouse="1" NoClip="1"/>
            <Control Class="Window" LAnchorPoint="0" LAnchorOffset="20" TAnchorPoint="0.5" TAnchorOffset="-14" RAnchorPoint="0" RAnchorOffset="48" BAnchorPoint="0.5" BAnchorOffset="14" RelativeToClient="1" Font="Default" Text="" Template="Default" Name="LootIcon" BGColor="ffffffff" TextColor="ffffffff" Picture="1" IgnoreMouse="1" Sprite="ClientSprites:GroupLootIcon" TextId="" Visible="1" HideInEditor="0" TooltipColor="" NewControlDepth="1"/>
            <Control Class="Window" LAnchorPoint="0" LAnchorOffset="52" TAnchorPoint="0" TAnchorOffset="0" RAnchorPoint="1" RAnchorOffset="-22" BAnchorPoint="1" BAnchorOffset="0" RelativeToClient="1" Font="CRB_Interface10_O" Text="" Template="Default" Name="Text" Border="0" Picture="0" SwallowMouseClicks="1" Moveable="0" Escapable="0" Overlapped="0" BGColor="ffffffff" TextColor="ffffffff" TextId="" DT_WORDBREAK="1" DT_VCENTER="1" DT_CENTER="0" DT_RIGHT="0" TooltipColor="" Tooltip="" NoClip="1"/>
        </Control>
        <Control Class="Window" LAnchorPoint="0" LAnchorOffset="0" TAnchorPoint="0" TAnchorOffset="75" RAnchorPoint="0" RAnchorOffset="240" BAnchorPoint="0" BAnchorOffset="123" RelativeToClient="1" Font="CRB_InterfaceMedium_B" Text="" Template="Default" Name="LootedItem_2" BGColor="ffffffff" TextColor="ffffffff" TextId="" DT_VCENTER="1" DT_WORDBREAK="1" Tooltip="" TooltipId="" Picture="1" IgnoreMouse="1" TransitionShowHide="1" TooltipColor="" Visible="0" HideInEditor="0">
            <Control Class="Window" LAnchorPoint="0" LAnchorOffset="0" TAnchorPoint="0.5" TAnchorOffset="-35" RAnchorPoint="1" RAnchorOffset="0" BAnchorPoint="0.5" BAnchorOffset="35" RelativeToClient="1" Font="Default" Text="" Template="Default" TooltipType="OnCursor" Name="RarityBracket" BGColor="9dffffff" TextColor="ffffffff" TooltipColor="" Sprite="CRB_Tooltips:sprTooltip_Header_White" Picture="1" IgnoreMouse="1" NoClip="1"/>
            <Control Class="Window" LAnchorPoint="0" LAnchorOffset="20" TAnchorPoint="0.5" TAnchorOffset="-14" RAnchorPoint="0" RAnchorOffset="48" BAnchorPoint="0.5" BAnchorOffset="14" RelativeToClient="1" Font="Default" Text="" Template="Default" Name="LootIcon" BGColor="ffffffff" TextColor="ffffffff" Picture="1" IgnoreMouse="1" Sprite="ClientSprites:GroupLootIcon" TextId="" Visible="1" HideInEditor="0" TooltipColor="" NewControlDepth="1"/>
            <Control Class="Window" LAnchorPoint="0" LAnchorOffset="52" TAnchorPoint="0" TAnchorOffset="0" RAnchorPoint="1" RAnchorOffset="-22" BAnchorPoint="1" BAnchorOffset="0" RelativeToClient="1" Font="CRB_Interface10_O" Text="" Template="Default" Name="Text" Border="0" Picture="0" SwallowMouseClicks="1" Moveable="0" Escapable="0" Overlapped="0" BGColor="ffffffff" TextColor="ffffffff" TextId="" DT_WORDBREAK="1" DT_VCENTER="1" DT_CENTER="0" DT_RIGHT="0" TooltipColor="" NoClip="1"/>
        </Control>
        <Control Class="Window" LAnchorPoint="0" LAnchorOffset="0" TAnchorPoint="0" TAnchorOffset="124" RAnchorPoint="0" RAnchorOffset="240" BAnchorPoint="0" BAnchorOffset="172" RelativeToClient="1" Font="CRB_InterfaceMedium_B" Text="" Template="Default" Name="LootedItem_3" BGColor="ffffffff" TextColor="ffffffff" DT_VCENTER="1" DT_WORDBREAK="1" TextId="" Tooltip="" TooltipId="" Picture="1" IgnoreMouse="1" TransitionShowHide="1" TooltipColor="" Visible="1" HideInEditor="0">
            <Control Class="Window" LAnchorPoint="0" LAnchorOffset="0" TAnchorPoint="0.5" TAnchorOffset="-35" RAnchorPoint="1" RAnchorOffset="0" BAnchorPoint="0.5" BAnchorOffset="35" RelativeToClient="1" Font="Default" Text="" Template="Default" TooltipType="OnCursor" Name="RarityBracket" BGColor="9dffffff" TextColor="ffffffff" TooltipColor="" Sprite="CRB_Tooltips:sprTooltip_Header_White" Picture="1" IgnoreMouse="1" NoClip="1"/>
            <Control Class="Window" LAnchorPoint="0" LAnchorOffset="20" TAnchorPoint="0.5" TAnchorOffset="-14" RAnchorPoint="0" RAnchorOffset="48" BAnchorPoint="0.5" BAnchorOffset="14" RelativeToClient="1" Font="Default" Text="" Template="Default" Name="LootIcon" BGColor="ffffffff" TextColor="ffffffff" Picture="1" IgnoreMouse="1" Sprite="ClientSprites:GroupLootIcon" TextId="" Visible="1" HideInEditor="0" TooltipColor="" NewControlDepth="1"/>
            <Control Class="Window" LAnchorPoint="0" LAnchorOffset="52" TAnchorPoint="0" TAnchorOffset="0" RAnchorPoint="1" RAnchorOffset="-22" BAnchorPoint="1" BAnchorOffset="0" RelativeToClient="1" Font="CRB_Interface10_O" Text="" Template="Default" Name="Text" Border="0" Picture="0" SwallowMouseClicks="1" Moveable="0" Escapable="0" Overlapped="0" BGColor="ffffffff" TextColor="ffffffff" TextId="" DT_WORDBREAK="1" DT_VCENTER="1" DT_CENTER="0" DT_RIGHT="0" TooltipColor="" NoClip="1"/>
        </Control>
        <Control Class="Window" LAnchorPoint="0" LAnchorOffset="0" TAnchorPoint="0" TAnchorOffset="173" RAnchorPoint="0" RAnchorOffset="240" BAnchorPoint="0" BAnchorOffset="221" RelativeToClient="1" Font="CRB_InterfaceMedium_O" Text="" Template="Default" Name="LootedItem_4" BGColor="ffffffff" TextColor="ffffffff" TextId="" DT_VCENTER="1" DT_WORDBREAK="1" Picture="1" IgnoreMouse="1" TransitionShowHide="1" TooltipColor="" Tooltip="" Visible="0" HideInEditor="0">
            <Control Class="Window" LAnchorPoint="0" LAnchorOffset="0" TAnchorPoint="0.5" TAnchorOffset="-35" RAnchorPoint="1" RAnchorOffset="0" BAnchorPoint="0.5" BAnchorOffset="35" RelativeToClient="1" Font="Default" Text="" Template="Default" TooltipType="OnCursor" Name="RarityBracket" BGColor="9dffffff" TextColor="ffffffff" TooltipColor="" Sprite="CRB_Tooltips:sprTooltip_Header_White" Picture="1" IgnoreMouse="1" NoClip="1"/>
            <Control Class="Window" LAnchorPoint="0" LAnchorOffset="20" TAnchorPoint="0.5" TAnchorOffset="-14" RAnchorPoint="0" RAnchorOffset="48" BAnchorPoint="0.5" BAnchorOffset="14" RelativeToClient="1" Font="Default" Text="" Template="Default" Name="LootIcon" BGColor="ffffffff" TextColor="ffffffff" Picture="1" IgnoreMouse="1" Sprite="ClientSprites:GroupLootIcon" TextId="" Visible="1" HideInEditor="0" TooltipColor="" NewControlDepth="1"/>
            <Control Class="Window" LAnchorPoint="0" LAnchorOffset="52" TAnchorPoint="0" TAnchorOffset="0" RAnchorPoint="1" RAnchorOffset="-22" BAnchorPoint="1" BAnchorOffset="0" RelativeToClient="1" Font="CRB_Interface10_O" Text="" Template="Default" Name="Text" Border="0" Picture="0" SwallowMouseClicks="1" Moveable="0" Escapable="0" Overlapped="0" BGColor="ffffffff" TextColor="ffffffff" TextId="" DT_WORDBREAK="1" DT_VCENTER="1" DT_CENTER="0" DT_RIGHT="0" TooltipColor="" Tooltip="" NoClip="1"/>
        </Control>
    </Form>
</Forms>
