<Forms>
    <Form Class="Window" LAnchorPoint=".5" LAnchorOffset="-238" TAnchorPoint="0" TAnchorOffset="183" RAnchorPoint=".5" RAnchorOffset="65" BAnchorPoint="0" BAnchorOffset="215" RelativeToClient="0" Font="Default" Text="" Template="Default" Name="RewardPanel" Border="0" Picture="0" SwallowMouseClicks="1" Moveable="0" Escapable="0" Overlapped="0" BGColor="ffffffff" TextColor="ffffffff" Sprite="CRB_TargetFrameRewardPanelSprites:sprTargetFrame_RewardPanel2" LeftEdgeControlsAnchor="" TooltipColor="">
        <Control Class="ProgressBar" Text="" LAnchorPoint=".5" LAnchorOffset="-86" TAnchorPoint="0" TAnchorOffset="4" RAnchorPoint=".5" RAnchorOffset="125" BAnchorPoint="0" BAnchorOffset="14" AutoSetText="0" UseValues="0" RelativeToClient="1" SetTextToProgress="0" DT_CENTER="1" DT_VCENTER="1" ProgressFull="CRB_TargetFrameRewardPanelSprites:sprTargetFrame_XPVested" Name="XPRewardBar" BGColor="ffffffff" TextColor="ffffffff" EdgeGlow="1" ProgressEdgeGlow="CRB_TargetFrameRewardPanelSprites:sprTargetFrame_XPcapVested" Visible="0" HideInEditor="1" TooltipColor="" BarColor=""/>
        <Control Class="ProgressBar" Text="" LAnchorPoint=".5" LAnchorOffset="-87" TAnchorPoint="0" TAnchorOffset="0" RAnchorPoint=".5" RAnchorOffset="128" BAnchorPoint="0" BAnchorOffset="25" AutoSetText="0" UseValues="0" RelativeToClient="1" SetTextToProgress="0" DT_CENTER="1" DT_VCENTER="1" ProgressFull="CRB_TargetFrameRewardPanelSprites:sprTargetFrame_XPDisplay" Name="XPDisplayBar" BGColor="ffffffff" TextColor="ffffffff" NewControlDepth="3" EdgeGlow="1" ProgressEdgeGlow="CRB_TargetFrameRewardPanelSprites:sprTargetFrame_XPcapDisplay" Visible="0" HideInEditor="1"/>
        <Control Class="Button" Base="CRB_TargetFrameRewardPanelSprites:btnTargetFrame_Last10Toggle" Font="Thick" ButtonType="PushButton" RadioGroup="" LAnchorPoint="0" LAnchorOffset="31" TAnchorPoint="0" TAnchorOffset="-3" RAnchorPoint="0" RAnchorOffset="58" BAnchorPoint="0" BAnchorOffset="29" DT_VCENTER="1" DT_CENTER="1" Name="LastTenToggle" BGColor="ffffffff" TextColor="ffffffff" WindowSoundTemplate="ToggleDigi02" Visible="0" HideInEditor="1" TooltipColor="" NormalTextColor="ffffffff" PressedTextColor="ffffffff" FlybyTextColor="ffffffff" PressedFlybyTextColor="ffffffff" DisabledTextColor="ffffffff">
            <Event Name="ButtonSignal" Function="OnLastTenToggle"/>
            <Control Class="Window" LAnchorPoint="0" LAnchorOffset="2" TAnchorPoint="0" TAnchorOffset="2" RAnchorPoint="0" RAnchorOffset="24" BAnchorPoint="0" BAnchorOffset="24" RelativeToClient="1" Font="Default" Text="" Template="Default" Name="BonusIcon" BGColor="ffffffff" TextColor="ffffffff" NewControlDepth="3" Picture="1" IgnoreMouse="1" Sprite=""/>
        </Control>
        <Control Class="Window" LAnchorPoint="0" LAnchorOffset="-28" TAnchorPoint="0" TAnchorOffset="22" RAnchorPoint="0" RAnchorOffset="117" BAnchorPoint="0" BAnchorOffset="329" RelativeToClient="1" Font="Default" Text="" Template="CRB_Hologram" Name="LastTenWindow" BGColor="ffffffff" TextColor="ffffffff" Border="0" IgnoreMouse="1" UseTemplateBG="0" NoClip="1" Picture="1" Sprite="CRB_TargetFrameRewardPanelSprites:sprTargetFrame_Last10Backer" Visible="0" NewWindowDepth="1" HideInEditor="1" TooltipColor="">
            <Control Class="Window" LAnchorPoint="0" LAnchorOffset="12" TAnchorPoint="0" TAnchorOffset="46" RAnchorPoint="1" RAnchorOffset="-11" BAnchorPoint="1" BAnchorOffset="-11" RelativeToClient="1" Font="Default" Text="" Template="Default" Name="LastTenContent" BGColor="ffffffff" TextColor="ffffffff" NewControlDepth="3" TooltipColor=""/>
            <Control Class="Window" LAnchorPoint="0" LAnchorOffset="10" TAnchorPoint="0" TAnchorOffset="26" RAnchorPoint="1" RAnchorOffset="-10" BAnchorPoint="0" BAnchorOffset="44" RelativeToClient="1" Font="CRB_InterfaceSmall" Text="" Template="Default" Name="LastTenLabel" BGColor="ffffffff" TextColor="ff21ebe5" DT_VCENTER="1" DT_CENTER="1" TextId="" TooltipColor=""/>
        </Control>
        <Control Class="Window" LAnchorPoint=".5" LAnchorOffset="-89" TAnchorPoint="0" TAnchorOffset="-1" RAnchorPoint=".5" RAnchorOffset="129" BAnchorPoint="0" BAnchorOffset="20" RelativeToClient="1" Font="Default" Text="" Template="Default" Name="NewRewardAlert" BGColor="ffffffff" TextColor="ffffffff" Sprite="CRB_TargetFrameRewardPanelSprites:sprTargetFrame_XPFlash" Picture="1" IgnoreMouse="1" TextId="" Visible="0" HideInEditor="1" NewWindowDepth="1" TooltipColor="">
            <Control Class="Window" LAnchorPoint="0" LAnchorOffset="0" TAnchorPoint="0" TAnchorOffset="1" RAnchorPoint="1" RAnchorOffset="0" BAnchorPoint="1" BAnchorOffset="-1" RelativeToClient="1" Font="CRB_InterfaceMedium_O" Text="" Template="Default" Name="NewRewardTitle" BGColor="ffffffff" TextColor="ffffffdf" DT_VCENTER="1" DT_CENTER="1" TextId="CRB___Default_Shortcut_Set_1" TooltipColor=""/>
        </Control>
        <Control Class="Window" LAnchorPoint="0" LAnchorOffset="61" TAnchorPoint="0" TAnchorOffset="1" RAnchorPoint="1" RAnchorOffset="-31" BAnchorPoint="1" BAnchorOffset="-14" RelativeToClient="1" Font="CRB_InterfaceMedium_O" Text="" Template="Default" Name="DispersedText" BGColor="ffffffff" TextColor="ffffffdf" DT_VCENTER="1" DT_CENTER="1" TextId="" Visible="0" HideInEditor="1" TooltipColor=""/>
        <Control Class="Window" LAnchorPoint="0" LAnchorOffset="4" TAnchorPoint="0" TAnchorOffset="20" RAnchorPoint="0" RAnchorOffset="304" BAnchorPoint="0" BAnchorOffset="48" RelativeToClient="1" Font="Default" Text="" Template="Default" Name="BonusWindow" BGColor="ffffffff" TextColor="ffffffff" IgnoreMouse="1" NoClip="1" TransitionShowHide="1" NewControlDepth="5" Visible="0" HideInEditor="1" TooltipColor="">
            <Control Class="Window" LAnchorPoint="0" LAnchorOffset="0" TAnchorPoint="0" TAnchorOffset="0" RAnchorPoint="1" RAnchorOffset="0" BAnchorPoint="1" BAnchorOffset="0" RelativeToClient="1" Font="Default" Text="" Template="Default" Name="BonusBacker" BGColor="ffffffff" TextColor="ffffffff" Picture="1" IgnoreMouse="1" Sprite="CRB_TargetFrameRewardPanelSprites:sprTargetFrame_BonusBacker" TooltipColor=""/>
            <Control Class="Window" LAnchorPoint="0" LAnchorOffset="15" TAnchorPoint="0" TAnchorOffset="0" RAnchorPoint="1" RAnchorOffset="-8" BAnchorPoint="1" BAnchorOffset="-3" RelativeToClient="1" Font="CRB_InterfaceLarge_O" Text="" Template="Default" Name="BonusLabel" BGColor="eeffffff" TextColor="ffffffff" TextId="CRB_XP_Bonus" DT_VCENTER="1" NewControlDepth="3" DT_CENTER="1" TooltipColor=""/>
        </Control>
        <Control Class="Window" LAnchorPoint="0" LAnchorOffset="55" TAnchorPoint="0" TAnchorOffset="0" RAnchorPoint="0" RAnchorOffset="285" BAnchorPoint="0" BAnchorOffset="18" RelativeToClient="1" Font="Default" Text="" Template="Default" Name="NoXPBlocker" BGColor="ddffffff" TextColor="ffffffff" Picture="1" IgnoreMouse="1" NewWindowDepth="1" NoClip="1" Sprite="CRB_TargetFrameRewardPanelSprites:sprTargetFrame_XPDisplayBlocker" HideInEditor="1" Visible="0" TooltipColor=""/>
        <Pixie LAnchorPoint="0" LAnchorOffset="0" TAnchorPoint="0" TAnchorOffset="0" RAnchorPoint="1" RAnchorOffset="0" BAnchorPoint="1" BAnchorOffset="0" BGColor="44ffffff" Font="Default" TextColor="ffffffff" Text="" Sprite="CRB_TargetFrameRewardPanelSprites:sprTargetFrame_BonusBackerBase" Line="0"/>
        <Pixie LAnchorPoint="0" LAnchorOffset="0" TAnchorPoint="0" TAnchorOffset="2" RAnchorPoint="1" RAnchorOffset="0" BAnchorPoint="0" BAnchorOffset="24" BGColor="ffffffff" Font="Default" TextColor="ffffffff" Text="" Sprite="" Line="0"/>
    </Form>
    <Form Class="Window" LAnchorPoint="0" LAnchorOffset="0" TAnchorPoint="0" TAnchorOffset="0" RAnchorPoint="0" RAnchorOffset="22" BAnchorPoint="0" BAnchorOffset="22" RelativeToClient="0" Font="Default" Text="" Template="Default" Name="RewardIcon" Border="0" Picture="1" SwallowMouseClicks="1" Moveable="0" Escapable="0" Overlapped="0" BGColor="ffffffff" TextColor="ffffffff" TooltipType="OnCursor" IgnoreTooltipDelay="1" TooltipColor="" HideInEditor="1">
        <Control Class="Window" LAnchorPoint="0" LAnchorOffset="0" TAnchorPoint="0" TAnchorOffset="0" RAnchorPoint="1" RAnchorOffset="0" BAnchorPoint="1" BAnchorOffset="0" RelativeToClient="1" Font="Default" Text="" Template="Default" Name="Single" BGColor="ffffffff" TextColor="ffffffff" Sprite="CRB_TargetFrameRewardPanelSprites:sprTargetFrame_ActiveQuest" Picture="1" IgnoreMouse="1" Visible="1" HideInEditor="1" TooltipColor="" Tooltip=""/>
        <Control Class="Window" LAnchorPoint="0" LAnchorOffset="0" TAnchorPoint="0" TAnchorOffset="0" RAnchorPoint="1" RAnchorOffset="0" BAnchorPoint="1" BAnchorOffset="0" RelativeToClient="1" Font="Default" Text="" Template="Default" Name="Multi" BGColor="ffffffff" TextColor="ffffffff" Sprite="CRB_TargetFrameRewardPanelSprites:sprTargetFrame_ActiveQuestMulti" Picture="1" IgnoreMouse="1" Visible="0" HideInEditor="1" NewWindowDepth="1" TooltipColor=""/>
        <Control Class="Window" LAnchorPoint="0" LAnchorOffset="0" TAnchorPoint="0" TAnchorOffset="0" RAnchorPoint="1" RAnchorOffset="-1" BAnchorPoint="1" BAnchorOffset="-3" RelativeToClient="1" Font="CRB_InterfaceLarge_BO" Text="" Template="Default" Name="Bind" BGColor="ffffffff" TextColor="ffffcc00" TextId="" NewWindowDepth="1" DT_VCENTER="0" DT_CENTER="1" Picture="0" IgnoreMouse="1" Sprite="" NoClip="1" DT_BOTTOM="1" Visible="1" TooltipColor="" HideInEditor="1"/>
        <Control Class="Window" LAnchorPoint="0" LAnchorOffset="0" TAnchorPoint="0" TAnchorOffset="0" RAnchorPoint="1" RAnchorOffset="1" BAnchorPoint="1" BAnchorOffset="1" RelativeToClient="1" Font="CRB_InterfaceLarge_BO" Text="" Template="Default" Name="TargetMark" BGColor="ffffffff" TextColor="ffffffff" TextId="" NewWindowDepth="1" DT_VCENTER="1" DT_CENTER="1" Picture="1" IgnoreMouse="1" Sprite="CRB_MinimapSprites:sprMM_TargetObjective" Visible="0" HideInEditor="1" TooltipColor=""/>
    </Form>
    <Form Class="Window" LAnchorPoint="0" LAnchorOffset="0" TAnchorPoint="0" TAnchorOffset="0" RAnchorPoint="1" RAnchorOffset="0" BAnchorPoint="0" BAnchorOffset="25" RelativeToClient="0" Font="Default" Text="" Template="Default" Name="LastTenEntry" Border="0" Picture="1" SwallowMouseClicks="1" Moveable="0" Escapable="0" Overlapped="0" BGColor="ffffffff" TextColor="ffffffff" TooltipColor="">
        <Control Class="Button" Base="CRB_TargetFrameRewardPanelSprites:btnTargetFrame_Last10Entry" Font="Thick" ButtonType="PushButton" RadioGroup="" LAnchorPoint="0" LAnchorOffset="0" TAnchorPoint="0" TAnchorOffset="0" RAnchorPoint="1" RAnchorOffset="0" BAnchorPoint="1" BAnchorOffset="0" DT_VCENTER="1" DT_CENTER="1" Name="LastTenBase" BGColor="ffffffff" TextColor="ffffffff">
            <Event Name="ButtonSignal" Function="YourFunctionName"/>
        </Control>
        <Control Class="Window" LAnchorPoint="0" LAnchorOffset="1" TAnchorPoint="0" TAnchorOffset="1" RAnchorPoint="0" RAnchorOffset="23" BAnchorPoint="0" BAnchorOffset="23" RelativeToClient="1" Font="Default" Text="" Template="Default" Name="RewardEntryIcon" BGColor="ffffffff" TextColor="ffffffff" Picture="1" IgnoreMouse="1" NewControlDepth="3" TooltipColor=""/>
        <Control Class="Window" LAnchorPoint="0" LAnchorOffset="26" TAnchorPoint="0" TAnchorOffset="0" RAnchorPoint="1" RAnchorOffset="0" BAnchorPoint="1" BAnchorOffset="-2" RelativeToClient="1" Font="CRB_InterfaceMedium" Text="" Template="Default" Name="RewardEntryName" BGColor="ffffffff" TextColor="ff32fcf6" TextId="" DT_VCENTER="1" NewControlDepth="3" TooltipColor=""/>
    </Form>
</Forms>
