<?xml version="1.0" encoding="UTF-8" standalone="yes" ?>
<Forms>
    <Form Class="Window" LAnchorPoint="0.5" LAnchorOffset="-234" TAnchorPoint="0.5" TAnchorOffset="-54" RAnchorPoint="0.5" RAnchorOffset="-30" BAnchorPoint="0.5" BAnchorOffset="66" RelativeToClient="1" Font="Default" Text="" Template="Default" TooltipType="OnCursor" Name="LevelUpUnlockFanfare" Border="0" Picture="1" SwallowMouseClicks="1" Moveable="0" Escapable="0" Overlapped="1" BGColor="white" TextColor="white" TooltipColor="" Sprite="" Tooltip="" IgnoreMouse="1" Visible="1">
        <Control Class="Window" LAnchorPoint="0" LAnchorOffset="10" TAnchorPoint="0.5" TAnchorOffset="-38" RAnchorPoint="1" RAnchorOffset="-28" BAnchorPoint="0.5" BAnchorOffset="-16" RelativeToClient="1" Font="CRB_HeaderMedium" Text="" Template="Default" TooltipType="OnCursor" Name="LevelUpUnlockFanfareHeader" BGColor="white" TextColor="UI_WindowTitleYellow" TooltipColor="" TextId="LevelUpUnlocks_FanfareHeader" DT_CENTER="1"/>
        <Control Class="Button" Base="BK3:btnHolo_Blue_Med" Font="CRB_Button" ButtonType="PushButton" RadioGroup="" LAnchorPoint="0" LAnchorOffset="13" TAnchorPoint="1" TAnchorOffset="-79" RAnchorPoint="1" RAnchorOffset="-33" BAnchorPoint="1" BAnchorOffset="-6" DT_VCENTER="1" DT_CENTER="1" Name="LevelUpUnlockFanfareGetDetails" BGColor="UI_WindowYellow" TextColor="white" WindowSoundTemplate="TogglePhys02" TextId="LevelUpUnlocks_SeeRewards" Text="" TooltipColor="" NormalTextColor="UI_BtnTextGreenNormal" PressedTextColor="UI_BtnTextGreenPressed" FlybyTextColor="UI_BtnTextGreenFlyby" PressedFlybyTextColor="UI_BtnTextGreenPressedFlyby" DisabledTextColor="UI_BtnTextGreenDisabled">
            <Event Name="ButtonSignal" Function="OnCloseToDetailsWindow"/>
        </Control>
        <Control Class="Button" Base="BK3:btnHolo_Close" Font="Thick" ButtonType="PushButton" RadioGroup="" LAnchorPoint="1" LAnchorOffset="-52" TAnchorPoint="0" TAnchorOffset="17" RAnchorPoint="1" RAnchorOffset="-28" BAnchorPoint="0" BAnchorOffset="42" DT_VCENTER="1" DT_CENTER="1" Name="LevelUpUnlockFanfareDismiss" BGColor="white" TextColor="white" WindowSoundTemplate="CloseWindowPhys" Text="" TextId="" TooltipColor="" NormalTextColor="white" PressedTextColor="white" FlybyTextColor="white" PressedFlybyTextColor="white" DisabledTextColor="white">
            <Event Name="ButtonSignal" Function="OnCloseToReminder"/>
        </Control>
        <Pixie LAnchorPoint="0" LAnchorOffset="0" TAnchorPoint="0" TAnchorOffset="0" RAnchorPoint="1" RAnchorOffset="0" BAnchorPoint="1" BAnchorOffset="0" BGColor="UI_AlphaPercent40" Font="Default" TextColor="white" Text="" Sprite="CRB_DialogSprites:sprDialog_BackerPlayer" Line="0" Rotation="180"/>
    </Form>
    <Form Class="Window" LAnchorPoint="Minimap_Left" LAnchorOffset="-155" TAnchorPoint="0" TAnchorOffset="5" RAnchorPoint="Minimap_Left" RAnchorOffset="-5" BAnchorPoint="0" BAnchorOffset="97" RelativeToClient="1" Font="Default" Text="" Template="Default" TooltipType="OnCursor" Name="LevelUpUnlockReminder" Border="0" Picture="1" SwallowMouseClicks="1" Moveable="1" Escapable="0" Overlapped="1" BGColor="white" TextColor="white" TooltipColor="" Sprite="CRB_Basekit:kitBase_HoloBlue_SmallPlain" Tooltip="" IgnoreMouse="1" TransitionShowHide="1" HideInEditor="0">
        <Control Class="Window" LAnchorPoint="0" LAnchorOffset="0" TAnchorPoint="0" TAnchorOffset="0" RAnchorPoint="1" RAnchorOffset="0" BAnchorPoint="1" BAnchorOffset="0" RelativeToClient="1" Font="Default" Text="" Template="Default" TooltipType="OnCursor" Name="Window" BGColor="white" TextColor="white" TooltipColor="" Sprite="CRB_Basekit:kitBase_HoloBlue_Tiny" Picture="1" IgnoreMouse="1" HideInEditor="0"/>
        <Control Class="Window" LAnchorPoint="0" LAnchorOffset="10" TAnchorPoint="0" TAnchorOffset="20" RAnchorPoint="1" RAnchorOffset="-10" BAnchorPoint="0" BAnchorOffset="40" RelativeToClient="1" Font="CRB_HeaderSmall" Text="" Template="Default" TooltipType="OnCursor" Name="LevelUpUnlockReminderHeader" BGColor="white" TextColor="UI_WindowTitleYellow" TooltipColor="" TextId="LevelUpUnlocks_FanfareHeader" DT_CENTER="1" IgnoreMouse="1" AutoScaleText="1"/>
        <Control Class="Button" Base="BK3:btnHolo_Blue_Small" Font="CRB_Button" ButtonType="PushButton" RadioGroup="" LAnchorPoint="0" LAnchorOffset="13" TAnchorPoint="1" TAnchorOffset="-58" RAnchorPoint="1" RAnchorOffset="-13" BAnchorPoint="1" BAnchorOffset="-4" DT_VCENTER="1" DT_CENTER="1" TooltipType="OnCursor" Name="LevelUpUnlockReminderGetDetails" BGColor="white" TextColor="white" TooltipColor="" NormalTextColor="UI_BtnTextBlueNormal" PressedTextColor="UI_BtnTextBluePressed" FlybyTextColor="UI_BtnTextBlueFlyby" PressedFlybyTextColor="UI_BtnTextBluePressedFlyby" DisabledTextColor="UI_BtnTextBlueDisabled" Text="" TextId="LevelUpUnlocks_SeeRewards" DT_WORDBREAK="0" AutoScaleText="1">
            <Event Name="ButtonSignal" Function="OnCloseToDetailsWindow"/>
        </Control>
        <Control Class="Button" Base="BK3:btnHolo_Close" Font="Thick" ButtonType="PushButton" RadioGroup="" LAnchorPoint="1" LAnchorOffset="-31" TAnchorPoint="0" TAnchorOffset="0" RAnchorPoint="1" RAnchorOffset="1" BAnchorPoint="0" BAnchorOffset="32" DT_VCENTER="1" DT_CENTER="1" Name="LevelUpUnlockReminderDismiss" BGColor="white" TextColor="white" WindowSoundTemplate="CloseWindowPhys" Text="" TextId="" TooltipColor="" NormalTextColor="white" PressedTextColor="white" FlybyTextColor="white" PressedFlybyTextColor="white" DisabledTextColor="white">
            <Event Name="ButtonSignal" Function="OnLevelUpUnlocksMarkAllAsSeenBtn"/>
        </Control>
    </Form>
    <Form Class="Window" LAnchorPoint="0.5" LAnchorOffset="-250" TAnchorPoint=".5" TAnchorOffset="-350" RAnchorPoint="0.5" RAnchorOffset="250" BAnchorPoint=".5" BAnchorOffset="350" RelativeToClient="1" Font="Default" Text="" Template="Default" TooltipType="OnCursor" Name="LevelUpUnlockDetails" Border="0" Picture="1" SwallowMouseClicks="1" Moveable="1" Escapable="1" Overlapped="1" BGColor="white" TextColor="white" TooltipColor="" Sprite="" IgnoreMouse="1" TransitionShowHide="1" NeverBringToFront="1" Tooltip="">
        <Control Class="Window" LAnchorPoint="0" LAnchorOffset="25" TAnchorPoint="0" TAnchorOffset="69" RAnchorPoint="1" RAnchorOffset="-26" BAnchorPoint="1" BAnchorOffset="-88" RelativeToClient="1" Font="Default" Text="" Template="Holo_Background_General" TooltipType="OnCursor" Name="BGBlack" BGColor="white" TextColor="white" TooltipColor="" Sprite="" Picture="1" IgnoreMouse="1" Border="1" UseTemplateBG="1"/>
        <Control Class="Window" LAnchorPoint="0" LAnchorOffset="0" TAnchorPoint="0" TAnchorOffset="0" RAnchorPoint="1" RAnchorOffset="0" BAnchorPoint="1" BAnchorOffset="0" RelativeToClient="1" Font="Default" Text="" Template="Metal_Primary_NoNav" TooltipType="OnCursor" Name="BGFrame" BGColor="white" TextColor="white" TooltipColor="" Picture="1" IgnoreMouse="1" Sprite="" NewControlDepth="5" Border="1" UseTemplateBG="1"/>
        <Control Class="Window" LAnchorPoint="0" LAnchorOffset="26" TAnchorPoint="0" TAnchorOffset="340" RAnchorPoint="1" RAnchorOffset="-26" BAnchorPoint="0" BAnchorOffset="599" RelativeToClient="1" Font="Default" Text="" Template="Default" TooltipType="OnCursor" Name="PathUpFrame" BGColor="white" TextColor="white" TooltipColor="" Visible="1" HideInEditor="0">
            <Control Class="Window" LAnchorPoint="0" LAnchorOffset="10" TAnchorPoint="0" TAnchorOffset="10" RAnchorPoint="1" RAnchorOffset="-10" BAnchorPoint="0" BAnchorOffset="89" RelativeToClient="1" Font="Default" Text="" Template="" TooltipType="OnCursor" Name="PathUpHeaderBar" BGColor="white" TextColor="white" TooltipColor="" Picture="1" IgnoreMouse="1" Overlapped="0" Sprite="BK3:UI_BK3_Holo_InsetFramed" Visible="1">
                <Control Class="Window" LAnchorPoint="0" LAnchorOffset="12" TAnchorPoint="0" TAnchorOffset="12" RAnchorPoint="0" RAnchorOffset="66" BAnchorPoint="1" BAnchorOffset="-12" RelativeToClient="1" Font="CRB_HeaderGigantic_O" Text="25" Template="Default" TooltipType="OnCursor" Name="PathUpHeaderLevelText" BGColor="white" TextColor="xkcdDustyOrange" TooltipColor="" Sprite="CRB_Basekit:kitBase_HoloBlue_IconBase" Picture="1" IgnoreMouse="1" TextId="" DT_VCENTER="1" DT_CENTER="1"/>
                <Control Class="Window" LAnchorPoint="0" LAnchorOffset="74" TAnchorPoint="0" TAnchorOffset="12" RAnchorPoint="1" RAnchorOffset="0" BAnchorPoint="0" BAnchorOffset="37" RelativeToClient="1" Font="CRB_HeaderMedium" Text="" Template="Default" TooltipType="OnCursor" Name="PathUpUnlockDetailsHeaderWelcome" BGColor="white" TextColor="xkcdDustyOrange" TooltipColor="" TextId="LevelUpUnlocks_PathWelcome" Tooltip=""/>
                <Control Class="Window" LAnchorPoint="0" LAnchorOffset="74" TAnchorPoint="0" TAnchorOffset="32" RAnchorPoint="1" RAnchorOffset="0" BAnchorPoint="0" BAnchorOffset="52" RelativeToClient="1" Font="CRB_InterfaceSmall" Text="" Template="Default" TooltipType="OnCursor" Name="PathUpUnlockDetailsHeaderAttributes" BGColor="white" TextColor="UI_TextHoloBody" TooltipColor="" TextId="LevelUpUnlocks_PathDescriptionOne"/>
                <Control Class="Window" LAnchorPoint="0" LAnchorOffset="74" TAnchorPoint="0" TAnchorOffset="49" RAnchorPoint="1" RAnchorOffset="0" BAnchorPoint="0" BAnchorOffset="69" RelativeToClient="1" Font="CRB_InterfaceSmall" Text="" Template="Default" TooltipType="OnCursor" Name="PathUpUnlockDetailsHeaderUnlocks" BGColor="white" TextColor="UI_TextHoloBody" TooltipColor="" TextId="LevelUpUnlocks_PathDescriptionTwo"/>
            </Control>
            <Control Class="Window" LAnchorPoint="0" LAnchorOffset="10" TAnchorPoint="0" TAnchorOffset="94" RAnchorPoint="1" RAnchorOffset="-10" BAnchorPoint="1" BAnchorOffset="0" RelativeToClient="1" Font="Default" Text="" Template="Holo_ScrollList" TooltipType="OnCursor" Name="PathUpItemContainer" BGColor="white" TextColor="white" TooltipColor="" Sprite="" Picture="1" IgnoreMouse="1" Border="1" VScroll="1" UseTemplateBG="1"/>
        </Control>
        <Control Class="Window" LAnchorPoint="0" LAnchorOffset="26" TAnchorPoint="0" TAnchorOffset="70" RAnchorPoint="1" RAnchorOffset="-26" BAnchorPoint="0" BAnchorOffset="330" RelativeToClient="1" Font="Default" Text="" Template="Default" TooltipType="OnCursor" Name="LevelUpFrame" BGColor="white" TextColor="white" TooltipColor="" Tooltip="">
            <Control Class="Window" LAnchorPoint="0" LAnchorOffset="10" TAnchorPoint="0" TAnchorOffset="10" RAnchorPoint="1" RAnchorOffset="-10" BAnchorPoint="0" BAnchorOffset="89" RelativeToClient="1" Font="Default" Text="" Template="" TooltipType="OnCursor" Name="LevelUpHeaderBar" BGColor="white" TextColor="white" TooltipColor="" Picture="1" IgnoreMouse="1" Overlapped="0" Sprite="BK3:UI_BK3_Holo_InsetFramed">
                <Control Class="Window" LAnchorPoint="0" LAnchorOffset="12" TAnchorPoint="0" TAnchorOffset="12" RAnchorPoint="0" RAnchorOffset="66" BAnchorPoint="1" BAnchorOffset="-12" RelativeToClient="1" Font="CRB_HeaderGigantic_O" Text="25" Template="Default" TooltipType="OnCursor" Name="LevelUpHeaderLevelText" BGColor="white" TextColor="UI_TextHoloTitle" TooltipColor="" Sprite="CRB_Basekit:kitBase_HoloBlue_IconBase" Picture="1" IgnoreMouse="1" TextId="" DT_VCENTER="1" DT_CENTER="1"/>
                <Control Class="Window" LAnchorPoint="0" LAnchorOffset="74" TAnchorPoint="0" TAnchorOffset="12" RAnchorPoint="1" RAnchorOffset="0" BAnchorPoint="0" BAnchorOffset="37" RelativeToClient="1" Font="CRB_HeaderMedium" Text="" Template="Default" TooltipType="OnCursor" Name="LevelUpUnlockDetailsHeaderWelcome" BGColor="white" TextColor="UI_TextHoloTitle" TooltipColor="" TextId="LevelUpUnlocks_Welcome" Tooltip=""/>
                <Control Class="Window" LAnchorPoint="0" LAnchorOffset="74" TAnchorPoint="0" TAnchorOffset="32" RAnchorPoint="1" RAnchorOffset="0" BAnchorPoint="0" BAnchorOffset="52" RelativeToClient="1" Font="CRB_InterfaceSmall" Text="" Template="Default" TooltipType="OnCursor" Name="LevelUpUnlockDetailsHeaderAttributes" BGColor="white" TextColor="UI_TextHoloBody" TooltipColor="" TextId="LevelUpUnlocks_CharacterDescriptionOne"/>
                <Control Class="Window" LAnchorPoint="0" LAnchorOffset="74" TAnchorPoint="0" TAnchorOffset="49" RAnchorPoint="1" RAnchorOffset="0" BAnchorPoint="0" BAnchorOffset="69" RelativeToClient="1" Font="CRB_InterfaceSmall" Text="" Template="Default" TooltipType="OnCursor" Name="LevelUpUnlockDetailsHeaderUnlocks" BGColor="white" TextColor="UI_TextHoloBody" TooltipColor="" TextId="LevelUpUnlocks_CharacterDescriptionTwo"/>
            </Control>
            <Control Class="Window" LAnchorPoint="0" LAnchorOffset="10" TAnchorPoint="0" TAnchorOffset="94" RAnchorPoint="1" RAnchorOffset="-10" BAnchorPoint="1" BAnchorOffset="0" RelativeToClient="1" Font="Default" Text="" Template="Holo_ScrollList" TooltipType="OnCursor" Name="LevelUpItemContainer" BGColor="white" TextColor="white" TooltipColor="" Sprite="" Picture="1" IgnoreMouse="1" Border="1" VScroll="1" UseTemplateBG="1"/>
        </Control>
        <Control Class="Window" LAnchorPoint="0" LAnchorOffset="30" TAnchorPoint="0" TAnchorOffset="331" RAnchorPoint="1" RAnchorOffset="-29" BAnchorPoint="0" BAnchorOffset="356" RelativeToClient="1" Font="Default" Text="" Template="Default" TooltipType="OnCursor" Name="BGLevelPathSeparator" BGColor="white" TextColor="white" TooltipColor="" Picture="1" IgnoreMouse="1" Sprite="BK3:UI_BK3_Holo_InsetDividerBright_H" Visible="0" NewWindowDepth="0"/>
        <Control Class="Window" LAnchorPoint="0" LAnchorOffset="28" TAnchorPoint="1" TAnchorOffset="-92" RAnchorPoint="1" RAnchorOffset="-26" BAnchorPoint="1" BAnchorOffset="-22" RelativeToClient="1" Font="Default" Text="" Template="Default" TooltipType="OnCursor" Name="BGBottom" BGColor="white" TextColor="white" TooltipColor="" Picture="1" IgnoreMouse="1" Sprite="BK3:UI_BK3_Metal_Footer_Large" NewControlDepth="1"/>
        <Control Class="Button" Base="CRB_Basekit:kitBtn_Metal_LargeRed" Font="CRB_Button" ButtonType="PushButton" RadioGroup="" LAnchorPoint="0.5" LAnchorOffset="92" TAnchorPoint="1" TAnchorOffset="-79" RAnchorPoint="0.5" RAnchorOffset="212" BAnchorPoint="1" BAnchorOffset="-31" DT_VCENTER="1" DT_CENTER="1" TooltipType="OnCursor" Name="LevelUpUnlocksMarkAllAsSeenBtn" BGColor="white" TextColor="white" TooltipColor="" NormalTextColor="UI_BtnTextRedNormal" PressedTextColor="UI_BtnTextRedPressed" FlybyTextColor="UI_BtnTextRedFlyby" PressedFlybyTextColor="UI_BtnTextRedPressedFlyby" DisabledTextColor="UI_BtnTextRedDisabled" Text="" TextId="LevelUpUnlocks_ClearAll">
            <Event Name="ButtonSignal" Function="OnLevelUpUnlocksMarkAllAsSeenBtn"/>
        </Control>
        <Control Class="Button" Base="CRB_Basekit:kitBtn_Close" Font="Thick" ButtonType="PushButton" RadioGroup="" LAnchorPoint="1" LAnchorOffset="-52" TAnchorPoint="0" TAnchorOffset="25" RAnchorPoint="1" RAnchorOffset="-25" BAnchorPoint="0" BAnchorOffset="54" DT_VCENTER="1" DT_CENTER="1" Name="LevelUpUnlockDetailsClose" BGColor="white" TextColor="white" WindowSoundTemplate="CloseWindowPhys" Text="" TextId="" TooltipColor="" NormalTextColor="white" PressedTextColor="white" FlybyTextColor="white" PressedFlybyTextColor="white" DisabledTextColor="white" Template="Default">
            <Event Name="ButtonSignal" Function="OnCloseToReminder"/>
        </Control>
        <Event Name="WindowClosed" Function="OnCloseToReminder"/>
        <Control Class="Window" LAnchorPoint=".5" LAnchorOffset="-150" TAnchorPoint="0" TAnchorOffset="29" RAnchorPoint=".5" RAnchorOffset="150" BAnchorPoint="0" BAnchorOffset="65" RelativeToClient="1" Font="CRB_HeaderMedium" Text="" BGColor="UI_WindowBGDefault" TextColor="UI_WindowTitleYellow" Template="Default" TooltipType="OnCursor" Name="Window" TooltipColor="" TextId="LevelUpUnlocks_YouLeveledUp" DT_CENTER="1" DT_VCENTER="1" Sprite="BK3:sprMetal_Framing_Header" Picture="1" IgnoreMouse="1" NewControlDepth="1"/>
    </Form>
    <Form Class="Window" LAnchorPoint="0.5" LAnchorOffset="-250" TAnchorPoint="0" TAnchorOffset="55" RAnchorPoint="0.5" RAnchorOffset="250" BAnchorPoint="0" BAnchorOffset="695" RelativeToClient="1" Font="Default" Text="" Template="Default" TooltipType="OnCursor" Name="LevelUpUnlockPermanent" Border="0" Picture="1" SwallowMouseClicks="1" Moveable="1" Escapable="1" Overlapped="1" BGColor="white" TextColor="white" TooltipColor="" Sprite="" IgnoreMouse="1" TransitionShowHide="1" NeverBringToFront="1" Tooltip="">
        <Control Class="Window" LAnchorPoint="0" LAnchorOffset="25" TAnchorPoint="0" TAnchorOffset="136" RAnchorPoint="1" RAnchorOffset="-25" BAnchorPoint="1" BAnchorOffset="-19" RelativeToClient="1" Font="Default" Text="" Template="Holo_Background_General" TooltipType="OnCursor" Name="BGBlack" BGColor="white" TextColor="white" TooltipColor="" Sprite="" Picture="1" IgnoreMouse="1"/>
        <Control Class="Window" LAnchorPoint="0" LAnchorOffset="0" TAnchorPoint="0" TAnchorOffset="0" RAnchorPoint="1" RAnchorOffset="0" BAnchorPoint="1" BAnchorOffset="0" RelativeToClient="1" Font="Default" Text="" Template="Metal_Primary_Nav" TooltipType="OnCursor" Name="BGFrame" BGColor="white" TextColor="white" TooltipColor="" Picture="1" IgnoreMouse="1" Sprite="" NewControlDepth="1" Border="1" UseTemplateBG="1"/>
        <Control Class="Window" LAnchorPoint="0" LAnchorOffset="40" TAnchorPoint="0" TAnchorOffset="191" RAnchorPoint="1" RAnchorOffset="-40" BAnchorPoint="1" BAnchorOffset="-35" RelativeToClient="1" Font="Default" Text="" Template="Holo_ScrollList" TooltipType="OnCursor" Name="LevelUpItemContainer" BGColor="white" TextColor="white" TooltipColor="" Sprite="" Picture="1" IgnoreMouse="1" Border="1" VScroll="1" UseTemplateBG="1"/>
        <Control Class="Window" LAnchorPoint=".5" LAnchorOffset="-150" TAnchorPoint="0" TAnchorOffset="27" RAnchorPoint=".5" RAnchorOffset="150" BAnchorPoint="0" BAnchorOffset="63" RelativeToClient="1" Font="CRB_HeaderMedium" Text="" Template="Default" TooltipType="OnCursor" Name="BGHeader" BGColor="white" TextColor="UI_WindowTitleYellow" TooltipColor="" Picture="1" IgnoreMouse="1" Sprite="BK3:sprMetal_Framing_Header" DT_CENTER="1" TextId="" Border="0" NewControlDepth="1" DT_VCENTER="1">
            <Pixie LAnchorPoint="0" LAnchorOffset="0" TAnchorPoint="0" TAnchorOffset="7" RAnchorPoint="1" RAnchorOffset="0" BAnchorPoint="0" BAnchorOffset="30" BGColor="white" Font="CRB_Header14" TextColor="UI_WindowTitleYellow" Text="" TextId="CRB_UI_LevelUpUnlocks" DT_CENTER="1" Line="0"/>
        </Control>
        <Control Class="Button" Base="BK3:btnMetal_TabMainLeft" Font="CRB_ButtonHeader" ButtonType="Check" RadioGroup="LevelUpUnlocks_LocalRadioGroup_PermanentFilters" LAnchorPoint="0" LAnchorOffset="26" TAnchorPoint="0" TAnchorOffset="48" RAnchorPoint="0.5" RAnchorOffset="0" BAnchorPoint="0" BAnchorOffset="124" DT_VCENTER="1" DT_CENTER="1" TooltipType="OnCursor" Name="LevelUpLevelFilterBtn" BGColor="white" TextColor="white" TooltipColor="" NormalTextColor="UI_BtnTextGoldListNormal" PressedTextColor="UI_BtnTextGoldListPressed" FlybyTextColor="UI_BtnTextGoldListFlyby" PressedFlybyTextColor="UI_BtnTextGoldListPressedFlyby" DisabledTextColor="UI_BtnTextGoldListDisabled" RadioAlwaysSignal="0" GlobalRadioGroup="" Text="" TextId="CRB_Class" RadioDisallowNonSelection="1" RelativeToClient="1" NeverBringToFront="1">
            <Event Name="ButtonCheck" Function="OnLevelUpFilterBtn"/>
        </Control>
        <Control Class="Button" Base="BK3:btnMetal_TabMainRight" Font="CRB_ButtonHeader" ButtonType="Check" RadioGroup="LevelUpUnlocks_LocalRadioGroup_PermanentFilters" LAnchorPoint="0.5" LAnchorOffset="0" TAnchorPoint="0" TAnchorOffset="48" RAnchorPoint="1" RAnchorOffset="-26" BAnchorPoint="0" BAnchorOffset="124" DT_VCENTER="1" DT_CENTER="1" TooltipType="OnCursor" Name="LevelUpPathFilterBtn" BGColor="white" TextColor="white" TooltipColor="" NormalTextColor="UI_BtnTextGoldListNormal" PressedTextColor="UI_BtnTextGoldListPressed" FlybyTextColor="UI_BtnTextGoldListFlyby" PressedFlybyTextColor="UI_BtnTextGoldListPressedFlyby" DisabledTextColor="UI_BtnTextGoldListDisabled" RadioAlwaysSignal="0" GlobalRadioGroup="" Text="" TextId="AbilityBuilder_Path" RadioDisallowNonSelection="1" RelativeToClient="1" NeverBringToFront="1">
            <Event Name="ButtonCheck" Function="OnLevelUpFilterBtn"/>
        </Control>
        <Control Class="Button" Base="CRB_Basekit:kitBtn_Dropdown_TextBaseHolo3" Font="CRB_InterfaceMedium_B" ButtonType="Check" RadioGroup="" LAnchorPoint="0" LAnchorOffset="39" TAnchorPoint="0" TAnchorOffset="150" RAnchorPoint="0" RAnchorOffset="460" BAnchorPoint="0" BAnchorOffset="187" DT_VCENTER="1" DT_CENTER="1" TooltipType="OnCursor" Name="LevelUpPickerBtn" BGColor="white" TextColor="white" TooltipColor="" NormalTextColor="UI_BtnTextBlueNormal" PressedTextColor="UI_BtnTextBluePressed" FlybyTextColor="UI_BtnTextBluePressedFlyby" PressedFlybyTextColor="UI_BtnTextGreenPressedFlyby" DisabledTextColor="UI_BtnTextGreenDisabled" NewControlDepth="1" RelativeToClient="1" Text="" TextId="">
            <Control Class="Window" LAnchorPoint=".5" LAnchorOffset="-100" TAnchorPoint="0" TAnchorOffset="-2" RAnchorPoint=".5" RAnchorOffset="100" BAnchorPoint="1" BAnchorOffset="-2" RelativeToClient="1" Font="CRB_InterfaceMedium_B" Text="" Template="Default" TooltipType="OnCursor" Name="LevelUpPickerBtnText" BGColor="white" TextColor="UI_TextHoloTitle" TooltipColor="" TextId="Challenges_NoProgress" DT_CENTER="1" DT_VCENTER="1"/>
        </Control>
        <Event Name="WindowClosed" Function="OnCloseToReminder"/>
        <Control Class="Window" LAnchorPoint="0.5" LAnchorOffset="-234" TAnchorPoint="0" TAnchorOffset="156" RAnchorPoint="0.5" RAnchorOffset="235" BAnchorPoint="0" BAnchorOffset="385" RelativeToClient="1" Font="Default" Text="" Template="" TooltipType="OnCursor" Name="LevelUpPickerListFrame" BGColor="white" TextColor="white" TooltipColor="" Picture="1" IgnoreMouse="1" Sprite="BK3:sprHolo_Alert_Flyout" Visible="0" NewWindowDepth="1" HideInEditor="0" Border="0" UseTemplateBG="0">
            <Control Class="Window" LAnchorPoint="0" LAnchorOffset="43" TAnchorPoint="0" TAnchorOffset="47" RAnchorPoint="1" RAnchorOffset="-45" BAnchorPoint="1" BAnchorOffset="-47" RelativeToClient="1" Font="Default" Text="" Template="Holo_ScrollList" TooltipType="OnCursor" Name="LevelUpPickerList" BGColor="white" TextColor="white" TooltipColor="" VScroll="1" IgnoreMouse="1" Border="1" UseTemplateBG="1"/>
        </Control>
        <Control Class="Button" Base="CRB_Basekit:kitBtn_Close" Font="Thick" ButtonType="PushButton" RadioGroup="" LAnchorPoint="1" LAnchorOffset="-51" TAnchorPoint="0" TAnchorOffset="26" RAnchorPoint="1" RAnchorOffset="-24" BAnchorPoint="0" BAnchorOffset="55" DT_VCENTER="1" DT_CENTER="1" Name="LevelUpPermanentClose" BGColor="white" TextColor="white" WindowSoundTemplate="CloseWindowPhys" Text="" TextId="" TooltipColor="" NormalTextColor="white" PressedTextColor="white" FlybyTextColor="white" PressedFlybyTextColor="white" DisabledTextColor="white" Template="Default">
            <Event Name="ButtonSignal" Function="OnCloseToPermanentWindow"/>
        </Control>
    </Form>
    <Form Class="Window" LAnchorPoint="0" LAnchorOffset="0" TAnchorPoint="0" TAnchorOffset="0" RAnchorPoint="1" RAnchorOffset="0" BAnchorPoint="0" BAnchorOffset="54" RelativeToClient="1" Font="Default" Text="" Template="Default" TooltipType="OnCursor" Name="LevelUpItem" Border="0" Picture="1" SwallowMouseClicks="1" Moveable="0" Escapable="0" Overlapped="0" BGColor="white" TextColor="white" TooltipColor="" Tooltip="" Sprite="" IgnoreMouse="1">
        <Control Class="Button" Base="BK3:btnHolo_ListView_Mid" Font="Thick" ButtonType="PushButton" RadioGroup="" LAnchorPoint="0" LAnchorOffset="0" TAnchorPoint="0" TAnchorOffset="0" RAnchorPoint="1" RAnchorOffset="0" BAnchorPoint="1" BAnchorOffset="0" DT_VCENTER="1" DT_CENTER="1" TooltipType="OnCursor" Name="LevelUpActionBtn" BGColor="white" TextColor="white" TooltipColor="" NormalTextColor="white" PressedTextColor="white" FlybyTextColor="white" PressedFlybyTextColor="white" DisabledTextColor="white" RelativeToClient="1" IgnoreMouse="0" Text="" Tooltip="" TooltipFont="CRB_InterfaceSmall" TooltipId="LevelUpUnlock_ClickToViewUnlock" IgnoreTooltipDelay="1">
            <Event Name="ButtonSignal" Function="OnLevelUpItemActionBtn"/>
            <Control Class="Window" LAnchorPoint="0" LAnchorOffset="7" TAnchorPoint="0" TAnchorOffset="4" RAnchorPoint="0" RAnchorOffset="53" BAnchorPoint="1" BAnchorOffset="-4" RelativeToClient="1" Font="Default" Text="" Template="Default" TooltipType="OnCursor" Name="LevelUpItemIconBG" BGColor="white" TextColor="white" TooltipColor="" Picture="1" IgnoreMouse="1" Sprite="BK3:UI_BK3_Holo_InsetSimple" NewControlDepth="1"/>
            <Control Class="Window" LAnchorPoint="0" LAnchorOffset="11" TAnchorPoint="0" TAnchorOffset="8" RAnchorPoint="0" RAnchorOffset="49" BAnchorPoint="1" BAnchorOffset="-8" RelativeToClient="1" Font="Default" Text="" Template="Default" TooltipType="OnCursor" Name="LevelUpItemIcon" BGColor="white" TextColor="white" TooltipColor="" Tooltip="" Picture="1" IgnoreMouse="1" Sprite="ClientSprites:Icon_ItemArmorChest_shirt_0001" NewControlDepth="1"/>
            <Control Class="Window" LAnchorPoint="0" LAnchorOffset="59" TAnchorPoint="0" TAnchorOffset="6" RAnchorPoint="1" RAnchorOffset="-4" BAnchorPoint="0" BAnchorOffset="26" RelativeToClient="1" Font="CRB_InterfaceMedium_B" Text="" Template="Default" TooltipType="OnCursor" Name="LevelUpItemItalics" BGColor="white" TextColor="UI_TextHoloBody" TooltipColor="" TextId="UI_DashDash" DT_CENTER="0" DT_WORDBREAK="1" DT_VCENTER="0" IgnoreMouse="1"/>
            <Control Class="Window" LAnchorPoint="0" LAnchorOffset="59" TAnchorPoint="0" TAnchorOffset="12" RAnchorPoint="1" RAnchorOffset="-4" BAnchorPoint="1" BAnchorOffset="1" RelativeToClient="1" Font="CRB_HeaderMedium" Text="" Template="Default" TooltipType="OnCursor" Name="LevelUpItemDescription" BGColor="white" TextColor="UI_TextHoloTitle" TooltipColor="" TextId="Challenges_NoProgress" DT_WORDBREAK="1" DT_VCENTER="1" IgnoreMouse="1"/>
            <Control Class="Window" LAnchorPoint="0" LAnchorOffset="0" TAnchorPoint="0" TAnchorOffset="0" RAnchorPoint="1" RAnchorOffset="0" BAnchorPoint="1" BAnchorOffset="0" RelativeToClient="1" Font="Default" Text="" Template="Default" TooltipType="OnCursor" Name="LevelUpItemMouseCatcher" BGColor="white" TextColor="white" TooltipColor="">
                <Event Name="MouseEnter" Function="OnLevelUpItemMouseEnter"/>
                <Event Name="MouseExit" Function="OnLevelUpItemMouseExit"/>
            </Control>
        </Control>
    </Form>
    <Form Class="Window" LAnchorPoint="0" LAnchorOffset="0" TAnchorPoint="0" TAnchorOffset="0" RAnchorPoint="1" RAnchorOffset="0" BAnchorPoint="0" BAnchorOffset="63" RelativeToClient="1" Font="Default" Text="" Template="Default" TooltipType="OnCursor" Name="LevelUpHeader" Border="0" Picture="1" SwallowMouseClicks="1" Moveable="0" Escapable="0" Overlapped="1" BGColor="white" TextColor="white" TooltipColor="" IgnoreMouse="1" Sprite="" Tooltip="">
        <Control Class="Window" LAnchorPoint="0" LAnchorOffset="1" TAnchorPoint="0" TAnchorOffset="0" RAnchorPoint="1" RAnchorOffset="-2" BAnchorPoint="1" BAnchorOffset="-11" RelativeToClient="1" Font="Default" Text="" Template="Default" TooltipType="OnCursor" Name="LevelUpHeaderBG" BGColor="white" TextColor="white" TooltipColor="" Sprite="BK3:UI_BK3_Holo_InsetHeaderThin" Picture="1" IgnoreMouse="1"/>
        <Control Class="Window" LAnchorPoint="0" LAnchorOffset="8" TAnchorPoint="0" TAnchorOffset="9" RAnchorPoint="1" RAnchorOffset="0" BAnchorPoint="0" BAnchorOffset="29" RelativeToClient="1" Font="CRB_InterfaceMedium_B" Text="" Template="Default" TooltipType="OnCursor" Name="LevelUpHeaderText" BGColor="white" TextColor="white" TooltipColor="" TextId="ChallengeTypeGeneral" DT_VCENTER="0"/>
        <Control Class="Window" LAnchorPoint="0" LAnchorOffset="8" TAnchorPoint="0" TAnchorOffset="44" RAnchorPoint="1" RAnchorOffset="-9" BAnchorPoint="1" BAnchorOffset="4" RelativeToClient="1" Font="Default" Text="" Template="Default" TooltipType="OnCursor" Name="LevelUpHeaderItems" BGColor="white" TextColor="white" TooltipColor=""/>
    </Form>
    <Form Class="Button" Base="BK3:btnHolo_ListView_Simple" Font="CRB_InterfaceSmall" ButtonType="PushButton" RadioGroup="" LAnchorPoint="0" LAnchorOffset="0" TAnchorPoint="0" TAnchorOffset="0" RAnchorPoint="1" RAnchorOffset="-21" BAnchorPoint="0" BAnchorOffset="30" DT_VCENTER="1" DT_CENTER="1" TooltipType="OnCursor" Name="LevelNumberBtn" Border="1" Picture="1" SwallowMouseClicks="1" Moveable="1" Escapable="1" Overlapped="1" BGColor="white" TextColor="white" TooltipColor="" NormalTextColor="UI_BtnTextBlueNormal" PressedTextColor="UI_BtnTextBluePressed" FlybyTextColor="UI_BtnTextBluePressedFlyby" PressedFlybyTextColor="UI_BtnTextBluePressedFlyby" DisabledTextColor="UI_BtnTextBlueDisabled" Text="Level 1" TextId="">
        <Event Name="ButtonSignal" Function="OnLevelUpPickerBtn"/>
    </Form>
</Forms>
