<?xml version="1.0" encoding="UTF-8" standalone="yes" ?>
<Forms>
    <Form Class="Window" LAnchorPoint=".4" LAnchorOffset="-400" TAnchorPoint=".5" TAnchorOffset="-350" RAnchorPoint=".4" RAnchorOffset="400" BAnchorPoint=".5" BAnchorOffset="350" RelativeToClient="1" Font="Default" Text="" Template="CRB_Scroll_MetalLarge" Name="TutorialMenuForm" Picture="0" Overlapped="1" BGColor="ffffffff" TextColor="ffffffff" TextId="" TooltipColor="" IgnoreMouse="0" Sprite="kitBase_MetalGrey_Medium" Tooltip="" Moveable="1" Escapable="1">
        <Control Class="Window" LAnchorPoint="0" LAnchorOffset="337" TAnchorPoint="0" TAnchorOffset="67" RAnchorPoint="1" RAnchorOffset="-23" BAnchorPoint="1" BAnchorOffset="-19" RelativeToClient="1" Font="Default" Text="" Template="Default" TooltipType="OnCursor" Name="BGArt" BGColor="ffffffff" TextColor="ffffffff" TooltipColor="" HideInEditor="0">
            <Control Class="Window" LAnchorPoint="0" LAnchorOffset="0" TAnchorPoint="0" TAnchorOffset="0" RAnchorPoint="1" RAnchorOffset="0" BAnchorPoint="1" BAnchorOffset="0" RelativeToClient="1" Font="Default" Text="" Template="Holo_Background_General" TooltipType="OnCursor" Name="BGArt_RightListBacker" BGColor="ffffffff" TextColor="ffffffff" TooltipColor="" Sprite="" Picture="0" IgnoreMouse="1" Border="1" UseTemplateBG="1"/>
        </Control>
        <Control Class="Window" LAnchorPoint="0" LAnchorOffset="29" TAnchorPoint="0" TAnchorOffset="189" RAnchorPoint=".5" RAnchorOffset="-61" BAnchorPoint="1" BAnchorOffset="-23" RelativeToClient="1" Font="Default" Text="" Template="Metal_ScrollList" Name="LeftSideScroll" BGColor="ffffffff" TextColor="ffffffff" TooltipColor="" IgnoreMouse="1" Sprite="" VScroll="1" Tooltip="" NewControlDepth="4" Border="1" UseTemplateBG="1"/>
        <Control Class="Window" LAnchorPoint="0" LAnchorOffset="29" TAnchorPoint="0" TAnchorOffset="189" RAnchorPoint=".5" RAnchorOffset="-61" BAnchorPoint="1" BAnchorOffset="-23" RelativeToClient="1" Font="CRB_InterfaceLarge" Text="" Template="CRB_Scroll_MetalLarge" Name="LeftSideScrollPrompt" BGColor="ffffffff" TextColor="UI_TextMetalBody" TooltipColor="" IgnoreMouse="1" Sprite="" VScroll="0" Tooltip="" NewControlDepth="4" DT_VCENTER="1" DT_CENTER="1" TextId="Tutorials_NoValidCategories" NewWindowDepth="1"/>
        <Control Class="Window" LAnchorPoint="0" LAnchorOffset="29" TAnchorPoint="0" TAnchorOffset="189" RAnchorPoint="0" RAnchorOffset="322" BAnchorPoint="0" BAnchorOffset="218" RelativeToClient="1" Font="Default" Text="" Template="Default" TooltipType="OnCursor" Name="GradientShadow1" BGColor="ffffffff" TextColor="ffffffff" TooltipColor="" Sprite="BK3:UI_BK3_GradientShade" Picture="1" IgnoreMouse="1" Border="0" UseTemplateBG="0" NewControlDepth="10" Sizable="0" Moveable="0" HideInEditor="0"/>
        <Control Class="Window" LAnchorPoint=".5" LAnchorOffset="-46" TAnchorPoint="0" TAnchorOffset="85" RAnchorPoint="1" RAnchorOffset="-40" BAnchorPoint="1" BAnchorOffset="-102" RelativeToClient="1" Font="Default" Text="" Template="Holo_ScrollList" Name="RightSideScroll" BGColor="ffffffff" TextColor="ffffffff" TooltipColor="" IgnoreMouse="1" Sprite="" VScroll="1" Tooltip="" NewControlDepth="4" Border="1" UseTemplateBG="1"/>
        <Control Class="Window" LAnchorPoint=".5" LAnchorOffset="-46" TAnchorPoint="0" TAnchorOffset="85" RAnchorPoint="1" RAnchorOffset="-40" BAnchorPoint="1" BAnchorOffset="-102" RelativeToClient="1" Font="CRB_InterfaceLarge" Text="" Template="CRB_Scroll_HoloLarge" Name="RightSideScrollPrompt" BGColor="ffffffff" TextColor="UI_BtnTextHoloNormal" TooltipColor="" IgnoreMouse="1" Sprite="" VScroll="0" Tooltip="" NewControlDepth="4" TextId="Tutorials_NoTutorialsFound" DT_VCENTER="1" DT_CENTER="1" NewWindowDepth="1"/>
        <Control Class="Window" LAnchorPoint="0" LAnchorOffset="26" TAnchorPoint="0" TAnchorOffset="71" RAnchorPoint="1" RAnchorOffset="-457" BAnchorPoint="1" BAnchorOffset="-509" RelativeToClient="1" Font="Default" Text="" Template="Default" TooltipType="OnCursor" Name="BGArt_OverFrame" BGColor="ffffffff" TextColor="ffffffff" TooltipColor="" Picture="1" IgnoreMouse="1" NewControlDepth="20" Sprite="BK3:UI_BK3_Metal_Inset_Block2" HideInEditor="0">
            <Control Class="Window" LAnchorPoint="0" LAnchorOffset="16" TAnchorPoint="0" TAnchorOffset="18" RAnchorPoint="0.5" RAnchorOffset="140" BAnchorPoint="0" BAnchorOffset="51" RelativeToClient="1" Font="Default" Text="" Template="Default" TooltipType="OnCursor" Name="SearchTopLeftContainer" BGColor="ffffffff" TextColor="ffffffff" TooltipColor="" Sprite="" Picture="0" IgnoreMouse="1">
                <Control Class="EditBox" LAnchorPoint="0" LAnchorOffset="16" TAnchorPoint="0" TAnchorOffset="0" RAnchorPoint="1" RAnchorOffset="0" BAnchorPoint="1" BAnchorOffset="0" RelativeToClient="1" Font="CRB_InterfaceMedium_B" Text="" Template="Default" Name="SearchTopLeftInputBox" BGColor="ffffffff" TextColor="ffffffff" TextId="" DT_VCENTER="1" PromptTextId="CRB_Search_for_" PromptFont="CRB_InterfaceMedium" ClearOnEscape="1" TooltipColor="" LoseFocusOnExternalClick="1">
                    <Event Name="EditBoxChanged" Function="OnSearchTopLeftInputBoxChanged"/>
                    <Event Name="EditBoxEscape" Function="OnSearchClearBtn"/>
                </Control>
                <Control Class="Button" Base="CRB_Basekit:kitBtn_Holo_Close" Font="Thick" ButtonType="PushButton" RadioGroup="" LAnchorPoint="1" LAnchorOffset="-28" TAnchorPoint=".5" TAnchorOffset="-10" RAnchorPoint="1" RAnchorOffset="-7" BAnchorPoint=".5" BAnchorOffset="11" DT_VCENTER="1" DT_CENTER="1" TooltipType="OnCursor" Name="SearchTopLeftClearBtn" BGColor="ffffffff" TextColor="ffffffff" TooltipColor="" NormalTextColor="ffffffff" PressedTextColor="ffffffff" FlybyTextColor="ffffffff" PressedFlybyTextColor="ffffffff" DisabledTextColor="ffffffff" Visible="0">
                    <Event Name="ButtonSignal" Function="OnSearchClearBtn"/>
                </Control>
                <Control Class="Window" LAnchorPoint="0" LAnchorOffset="2" TAnchorPoint="0" TAnchorOffset="0" RAnchorPoint="1" RAnchorOffset="0" BAnchorPoint="1" BAnchorOffset="0" RelativeToClient="1" Font="Default" Text="" Template="Default" TooltipType="OnCursor" Name="SearchOverlayBlocker" BGColor="aaffffff" TextColor="ffffffff" TooltipColor="" Picture="1" IgnoreMouse="1" Sprite="BK3:UI_BK3_Metal_Inset_SharpCorner" NewWindowDepth="1" HideInEditor="0"/>
                <Pixie LAnchorPoint="0" LAnchorOffset="2" TAnchorPoint="0" TAnchorOffset="0" RAnchorPoint="1" RAnchorOffset="0" BAnchorPoint="1" BAnchorOffset="0" BGColor="ffffffff" Font="Default" TextColor="ffffffff" Text="" Sprite="BK3:UI_BK3_Metal_Inset_SharpCorner" Line="0"/>
            </Control>
            <Control Class="Button" Base="CRB_Basekit:kitBtn_Metal_LargeGreen" Font="CRB_Button" ButtonType="PushButton" RadioGroup="" LAnchorPoint="0.5" LAnchorOffset="35" TAnchorPoint="0" TAnchorOffset="61" RAnchorPoint="0.5" RAnchorOffset="141" BAnchorPoint="0" BAnchorOffset="109" DT_VCENTER="1" DT_CENTER="1" TooltipType="OnCursor" Name="HideAllBtn" BGColor="ffffffff" TextColor="ffffffff" TooltipColor="" NormalTextColor="UI_BtnTextGreenNormal" PressedTextColor="UI_BtnTextGreenPressed" FlybyTextColor="UI_BtnTextGreenFlyby" PressedFlybyTextColor="UI_BtnTextGreenPressedFlyby" DisabledTextColor="UI_BtnTextGreenDisabled" Text="" TextId="Options_HideAll">
                <Event Name="ButtonSignal" Function="OnHideAllBtn"/>
            </Control>
            <Control Class="Button" Base="CRB_Basekit:kitBtn_Metal_LargeBlue" Font="CRB_Button" ButtonType="PushButton" RadioGroup="" LAnchorPoint="1" LAnchorOffset="-239" TAnchorPoint="0" TAnchorOffset="61" RAnchorPoint="1" RAnchorOffset="-131" BAnchorPoint="0" BAnchorOffset="110" DT_VCENTER="1" DT_CENTER="1" TooltipType="OnCursor" Name="ResetAllBtn" BGColor="ffffffff" TextColor="ffffffff" TooltipColor="" NormalTextColor="UI_BtnTextBlueNormal" PressedTextColor="UI_BtnTextBluePressed" FlybyTextColor="UI_BtnTextBlueFlyby" PressedFlybyTextColor="UI_BtnTextBluePressedFlyby" DisabledTextColor="UI_BtnTextBlueDisabled" Text="" TextId="GuildDesigner_ResetAll">
                <Event Name="ButtonSignal" Function="OnResetAllBtn"/>
            </Control>
        </Control>
        <Control Class="Button" Base="BK3:btnMetal_Radio_Big" Font="CRB_InterfaceSmall" ButtonType="Check" RadioGroup="" LAnchorPoint="0" LAnchorOffset="44" TAnchorPoint="0" TAnchorOffset="137" RAnchorPoint="0" RAnchorOffset="86" BAnchorPoint="0" BAnchorOffset="182" DT_VCENTER="1" DT_CENTER="1" TooltipType="OnCursor" Name="EnableAllBtn" BGColor="ffffffff" TextColor="ffffffff" TooltipColor="white" NormalTextColor="ffffffff" PressedTextColor="ffffffff" FlybyTextColor="ffffffff" PressedFlybyTextColor="ffffffff" DisabledTextColor="ffffffff" NewControlDepth="20" NewWindowDepth="1" TestAlpha="1" Tooltip="" TooltipId="Tutorials_ToggleTooltip" TooltipFont="CRB_InterfaceMedium" Text="" TextId="">
            <Event Name="ButtonCheck" Function="OnEnableAllBtn"/>
            <Event Name="ButtonUncheck" Function="OnEnableAllBtn"/>
        </Control>
        <Control Class="Window" LAnchorPoint="0" LAnchorOffset="28" TAnchorPoint="0" TAnchorOffset="73" RAnchorPoint="1" RAnchorOffset="-29" BAnchorPoint="1" BAnchorOffset="-27" RelativeToClient="1" Font="Default" Text="" Template="Default" TooltipType="OnCursor" Name="ResetAllConfirmBlocker" BGColor="ffffffff" TextColor="ffffffff" TooltipColor="" Tooltip="" Visible="0" NewControlDepth="1" IgnoreMouse="1" NewWindowDepth="1" HideInEditor="1">
            <Control Class="Window" LAnchorPoint=".5" LAnchorOffset="-142" TAnchorPoint=".5" TAnchorOffset="-91" RAnchorPoint=".5" RAnchorOffset="142" BAnchorPoint=".5" BAnchorOffset="59" RelativeToClient="1" Font="Default" Text="" Template="Default" TooltipType="OnCursor" Name="CenterPrompt" BGColor="ffffffff" TextColor="ffffffff" TooltipColor="" Picture="1" IgnoreMouse="1" Sprite="CRB_Basekit:kitBase_HoloBlue_Floating">
                <Control Class="Button" Base="CRB_Basekit:kitBtn_Holo" Font="CRB_InterfaceMedium" ButtonType="PushButton" RadioGroup="" LAnchorPoint="0" LAnchorOffset="19" TAnchorPoint="1" TAnchorOffset="-49" RAnchorPoint=".5" RAnchorOffset="-1" BAnchorPoint="1" BAnchorOffset="-19" DT_VCENTER="1" DT_CENTER="1" TooltipType="OnCursor" Name="ConfirmResetBtn" BGColor="ffffffff" TextColor="ffffffff" TooltipColor="" NormalTextColor="UI_BtnTextHoloNormal" PressedTextColor="UI_BtnTextHoloPressed" FlybyTextColor="UI_BtnTextHoloFlyby" PressedFlybyTextColor="UI_BtnTextHoloPressedFlyby" DisabledTextColor="UI_BtnTextHoloDisabled" Text="" TextId="CRB_Confirm">
                    <Event Name="ButtonSignal" Function="OnConfirmResetBtn"/>
                </Control>
                <Control Class="Button" Base="CRB_Basekit:kitBtn_Holo" Font="CRB_InterfaceMedium" ButtonType="PushButton" RadioGroup="" LAnchorPoint=".5" LAnchorOffset="1" TAnchorPoint="1" TAnchorOffset="-49" RAnchorPoint="1" RAnchorOffset="-19" BAnchorPoint="1" BAnchorOffset="-19" DT_VCENTER="1" DT_CENTER="1" TooltipType="OnCursor" Name="CancelResetBtn" BGColor="ffffffff" TextColor="ffffffff" TooltipColor="" NormalTextColor="UI_BtnTextHoloNormal" PressedTextColor="UI_BtnTextHoloPressed" FlybyTextColor="UI_BtnTextHoloFlyby" PressedFlybyTextColor="UI_BtnTextHoloPressedFlyby" DisabledTextColor="UI_BtnTextHoloDisabled" Text="" TextId="CRB_Cancel">
                    <Event Name="ButtonSignal" Function="OnCancelResetBtn"/>
                </Control>
                <Pixie LAnchorPoint="0" LAnchorOffset="0" TAnchorPoint="0" TAnchorOffset="10" RAnchorPoint="1" RAnchorOffset="0" BAnchorPoint="0" BAnchorOffset="38" BGColor="ffffffff" Font="CRB_HeaderMedium" TextColor="UI_TextHoloTitle" Text="" TextId="Tutorials_ResetAllConfirm" DT_CENTER="1" DT_VCENTER="1" Line="0"/>
                <Pixie LAnchorPoint="0" LAnchorOffset="16" TAnchorPoint="0" TAnchorOffset="34" RAnchorPoint="1" RAnchorOffset="-16" BAnchorPoint="0" BAnchorOffset="95" BGColor="ffffffff" Font="CRB_InterfaceMedium" TextColor="ffffffff" Text="" TextId="Tutorials_ResetDescription" DT_CENTER="1" DT_WORDBREAK="1" Line="0"/>
                <Pixie LAnchorPoint="0" LAnchorOffset="14" TAnchorPoint="1" TAnchorOffset="-53" RAnchorPoint="1" RAnchorOffset="-14" BAnchorPoint="1" BAnchorOffset="-14" BGColor="ffffffff" Font="Default" TextColor="ffffffff" Text="" Sprite="CRB_Basekit:kitBase_HoloBlue_InsetSimple" Line="0"/>
            </Control>
            <Pixie LAnchorPoint="0" LAnchorOffset="0" TAnchorPoint="0" TAnchorOffset="0" RAnchorPoint="1" RAnchorOffset="0" BAnchorPoint="1" BAnchorOffset="0" BGColor="aa000000" Font="Default" TextColor="ffffffff" Text="" Sprite="WhiteFill" Line="0"/>
            <Pixie LAnchorPoint="0" LAnchorOffset="-13" TAnchorPoint="0" TAnchorOffset="-13" RAnchorPoint="1" RAnchorOffset="13" BAnchorPoint="1" BAnchorOffset="13" BGColor="ffffffff" Font="Default" TextColor="ffffffff" Text="" Sprite="CRB_Basekit:kitAccent_Frame_OrangeStrokePulse" Line="0"/>
        </Control>
        <Control Class="Window" LAnchorPoint="0" LAnchorOffset="18" TAnchorPoint="0" TAnchorOffset="28" RAnchorPoint="0" RAnchorOffset="782" BAnchorPoint="0" BAnchorOffset="136" RelativeToClient="1" Font="Default" Text="" Template="Default" TooltipType="OnCursor" Name="GradientShadow" BGColor="ffffffff" TextColor="ffffffff" TooltipColor="" Sprite="BK3:UI_BK3_GradientShade" Picture="1" IgnoreMouse="1" Border="0" UseTemplateBG="0" Sizable="0" Moveable="0" HideInEditor="0"/>
        <Event Name="WindowClosed" Function="OnClose"/>
        <Control Class="Window" LAnchorPoint="0" LAnchorOffset="0" TAnchorPoint="0" TAnchorOffset="0" RAnchorPoint="1" RAnchorOffset="0" BAnchorPoint="1" BAnchorOffset="0" RelativeToClient="1" Font="Default" Text="" BGColor="UI_WindowBGDefault" TextColor="UI_WindowTextDefault" Template="Metal_Primary_NoNav" TooltipType="OnCursor" Name="Window" TooltipColor="" Picture="0" IgnoreMouse="1" UseTemplateBG="1" Border="1" NewControlDepth="2">
            <Control Class="Window" LAnchorPoint=".5" LAnchorOffset="-150" TAnchorPoint="0" TAnchorOffset="24" RAnchorPoint=".5" RAnchorOffset="150" BAnchorPoint="0" BAnchorOffset="63" RelativeToClient="1" Font="CRB_Header12" Text="" Template="Default" TooltipType="OnCursor" Name="BGArt_BottomHeader" BGColor="ffffffff" TextColor="ffffffff" TooltipColor="" Sprite="BK3:sprMetal_Framing_Header" Picture="1" IgnoreMouse="1">
                <Pixie LAnchorPoint="0" LAnchorOffset="0" TAnchorPoint="0" TAnchorOffset="0" RAnchorPoint="1" RAnchorOffset="0" BAnchorPoint="1" BAnchorOffset="-5" BGColor="ffffffff" Font="CRB_Header14" TextColor="UI_WindowTitleYellow" Text="" TextId="CRB_Tutorials" DT_CENTER="1" DT_VCENTER="1" Line="0"/>
            </Control>
        </Control>
        <Control Class="Button" Base="CRB_Basekit:kitBtn_Close" Font="Thick" ButtonType="PushButton" RadioGroup="" LAnchorPoint="1" LAnchorOffset="-51" TAnchorPoint="0" TAnchorOffset="25" RAnchorPoint="1" RAnchorOffset="-24" BAnchorPoint="0" BAnchorOffset="57" DT_VCENTER="1" DT_CENTER="1" TooltipType="OnCursor" Name="CloseBtn" BGColor="ffffffff" TextColor="ffffffff" TooltipColor="" NormalTextColor="ffffffff" PressedTextColor="ffffffff" FlybyTextColor="ffffffff" PressedFlybyTextColor="ffffffff" DisabledTextColor="ffffffff" NewControlDepth="20">
            <Event Name="ButtonSignal" Function="OnClose"/>
        </Control>
        <Control Class="Window" LAnchorPoint="0" LAnchorOffset="341" TAnchorPoint="0" TAnchorOffset="608" RAnchorPoint="0" RAnchorOffset="775" BAnchorPoint="0" BAnchorOffset="678" RelativeToClient="1" Font="Default" Text="" BGColor="UI_WindowBGDefault" TextColor="UI_WindowTextDefault" Template="Default" TooltipType="OnCursor" Name="MetalFooter" TooltipColor="" Sprite="BK3:UI_BK3_Metal_Footer_Large" Border="0" IgnoreMouse="1" Picture="1"/>
        <Control Class="Window" LAnchorPoint=".5" LAnchorOffset="34" TAnchorPoint="0" TAnchorOffset="621" RAnchorPoint="1" RAnchorOffset="-29" BAnchorPoint="0" BAnchorOffset="671" RelativeToClient="1" Font="Default" Text="" Template="Default" TooltipType="OnCursor" Name="ControlContainer" BGColor="ffffffff" TextColor="ffffffff" TooltipColor="">
            <Control Class="Button" Base="CRB_Basekit:kitBtn_Metal_LargeBlue" Font="CRB_Button" ButtonType="PushButton" RadioGroup="" LAnchorPoint=".5" LAnchorOffset="-84" TAnchorPoint="0" TAnchorOffset="0" RAnchorPoint=".5" RAnchorOffset="36" BAnchorPoint="1" BAnchorOffset="0" DT_VCENTER="1" DT_CENTER="1" TooltipType="OnCursor" Name="ViewBtn" BGColor="ffffffff" TextColor="ffffffff" TooltipColor="" NormalTextColor="UI_BtnTextBlueNormal" PressedTextColor="UI_BtnTextBluePressed" FlybyTextColor="UI_BtnTextBlueFlyby" PressedFlybyTextColor="UI_BtnTextBluePressedFlyby" DisabledTextColor="UI_BtnTextBlueDisabled" Text="" TextId="CRB_View">
                <Event Name="ButtonSignal" Function="OnViewBtn"/>
            </Control>
            <Control Class="Button" Base="CRB_Basekit:kitBtn_Metal_LargeRed" Font="CRB_Button" ButtonType="PushButton" RadioGroup="" LAnchorPoint=".5" LAnchorOffset="42" TAnchorPoint="0" TAnchorOffset="0" RAnchorPoint=".5" RAnchorOffset="162" BAnchorPoint="1" BAnchorOffset="0" DT_VCENTER="1" DT_CENTER="1" TooltipType="OnCursor" Name="ResetBtn" BGColor="ffffffff" TextColor="ffffffff" TooltipColor="" NormalTextColor="UI_BtnTextRedNormal" PressedTextColor="UI_BtnTextRedPressed" FlybyTextColor="UI_BtnTextRedFlyby" PressedFlybyTextColor="UI_BtnTextRedPressedFlyby" DisabledTextColor="UI_BtnTextRedDisabled" Text="" TextId="CRB_Reset">
                <Event Name="ButtonSignal" Function="OnResetBtn"/>
            </Control>
        </Control>
        <Control Class="Window" LAnchorPoint="0" LAnchorOffset="334" TAnchorPoint="0" TAnchorOffset="60" RAnchorPoint="0" RAnchorOffset="353" BAnchorPoint="1" BAnchorOffset="-10" RelativeToClient="1" Font="Default" Text="" Template="Default" TooltipType="OnCursor" Name="Divider" BGColor="ffffffff" TextColor="ffffffff" TooltipColor="" Sprite="BK3:UI_BK3_Metal_Inset_Divider_V" Picture="1" IgnoreMouse="1" NoClip="1" Tooltip="" NewControlDepth="1"/>
    </Form>
    <Form Class="Window" LAnchorPoint="0" LAnchorOffset="0" TAnchorPoint="0" TAnchorOffset="0" RAnchorPoint="1" RAnchorOffset="0" BAnchorPoint="0" BAnchorOffset="44" RelativeToClient="1" Font="Default" Text="" Template="Default" TooltipType="OnCursor" Name="TopLevel" Overlapped="1" BGColor="ffffffff" TextColor="ffffffff" TooltipColor="" IgnoreMouse="1" Tooltip="">
        <Control Class="Button" Base="CRB_Basekit:kitBtn_Dropdown_TextBaseHolo3" Font="Thick" ButtonType="Check" RadioGroup="" LAnchorPoint="0" LAnchorOffset="0" TAnchorPoint="0" TAnchorOffset="0" RAnchorPoint="1" RAnchorOffset="0" BAnchorPoint="0" BAnchorOffset="36" DT_VCENTER="1" DT_CENTER="1" TooltipType="OnCursor" Name="TopLevelBtn" BGColor="ffffffff" TextColor="ffffffff" TooltipColor="" NormalTextColor="ffffffff" PressedTextColor="ffffffff" FlybyTextColor="ffffffff" PressedFlybyTextColor="ffffffff" DisabledTextColor="ffffffff" GlobalRadioGroup="TradeskillSchematics_TopLevelBtn" RadioDisallowNonSelection="0" RelativeToClient="1" NeverBringToFront="1">
            <Event Name="ButtonCheck" Function="OnTopLevelBtnToggle"/>
            <Event Name="ButtonUncheck" Function="OnTopLevelBtnToggle"/>
        </Control>
        <Control Class="Window" LAnchorPoint="0" LAnchorOffset="16" TAnchorPoint="0" TAnchorOffset="0" RAnchorPoint="1" RAnchorOffset="-10" BAnchorPoint="0" BAnchorOffset="36" RelativeToClient="1" Font="CRB_InterfaceMedium_B" Text="" Template="Default" TooltipType="OnCursor" Name="TopLevelBtnText" BGColor="ffffffff" TextColor="ff2f94ac" TooltipColor="" TextId="CRB__2" DT_VCENTER="1"/>
        <Control Class="Window" LAnchorPoint="0" LAnchorOffset="0" TAnchorPoint="0" TAnchorOffset="44" RAnchorPoint="1" RAnchorOffset="0" BAnchorPoint="1" BAnchorOffset="0" RelativeToClient="1" Font="Default" Text="" Template="Default" TooltipType="OnCursor" Name="TopLevelItems" BGColor="ffffffff" TextColor="ffffffff" TooltipColor="" Tooltip=""/>
    </Form>
    <Form Class="Window" LAnchorPoint="0" LAnchorOffset="0" TAnchorPoint="0" TAnchorOffset="0" RAnchorPoint="1" RAnchorOffset="0" BAnchorPoint="0" BAnchorOffset="40" RelativeToClient="1" Font="Default" Text="" Template="Default" TooltipType="OnCursor" Name="MiddleLevel" Overlapped="1" BGColor="ffffffff" TextColor="ffffffff" TooltipColor="" IgnoreMouse="1" Tooltip="">
        <Control Class="Button" Base="BK3:btnMetal_ExpandMenu_Small" Font="Thick" ButtonType="Check" RadioGroup="" LAnchorPoint="0" LAnchorOffset="0" TAnchorPoint="0" TAnchorOffset="0" RAnchorPoint="1" RAnchorOffset="0" BAnchorPoint="1" BAnchorOffset="-2" DT_VCENTER="1" DT_CENTER="1" TooltipType="OnCursor" Name="MiddleLevelBtn" BGColor="ffffffff" TextColor="UI_BtnTextHoloPressed" TooltipColor="" NormalTextColor="ffffffff" PressedTextColor="ffffffff" FlybyTextColor="ffffffff" PressedFlybyTextColor="ffffffff" DisabledTextColor="ffffffff" GlobalRadioGroup="Tutorial_CategoryIdBtn" DrawAsCheckbox="0" RadioDisallowNonSelection="1" NeverBringToFront="1">
            <Event Name="ButtonCheck" Function="OnCategoryBtn"/>
        </Control>
        <Control Class="Window" LAnchorPoint="0" LAnchorOffset="34" TAnchorPoint="0" TAnchorOffset="0" RAnchorPoint="1" RAnchorOffset="-12" BAnchorPoint="1" BAnchorOffset="-2" RelativeToClient="1" Font="CRB_InterfaceMedium_B" Text="" Template="Default" TooltipType="OnCursor" Name="MiddleLevelBtnText" BGColor="ffffffff" TextColor="UI_TextMetalGoldHighlight" TooltipColor="" TextId="CRB__2" DT_CENTER="0" DT_VCENTER="1"/>
        <Control Class="Window" LAnchorPoint="0" LAnchorOffset="0" TAnchorPoint="0" TAnchorOffset="37" RAnchorPoint="1" RAnchorOffset="0" BAnchorPoint="1" BAnchorOffset="-5" RelativeToClient="1" Font="Default" Text="" Template="Default" TooltipType="OnCursor" Name="MiddleLevelItems" BGColor="ffffffff" TextColor="ffffffff" TooltipColor=""/>
        <Control Class="Button" Base="BK3:btnMetal_Radio_Small" Font="Thick" ButtonType="Check" RadioGroup="" LAnchorPoint="0" LAnchorOffset="7" TAnchorPoint="0" TAnchorOffset="7" RAnchorPoint="0" RAnchorOffset="31" BAnchorPoint="1" BAnchorOffset="1" DT_VCENTER="1" DT_CENTER="1" TooltipType="OnCursor" Name="MiddleLevelViewBtn" BGColor="ffffffff" TextColor="ffffffff" TooltipColor="white" NormalTextColor="ffffffff" PressedTextColor="ffffffff" FlybyTextColor="ffffffff" PressedFlybyTextColor="ffffffff" DisabledTextColor="ffffffff" TestAlpha="1" TooltipFont="CRB_InterfaceMedium" Tooltip="" TooltipId="Tutorials_ToggleTooltip" Text="" NewWindowDepth="0" NewControlDepth="2">
            <Event Name="ButtonCheck" Function="OnMiddleLevelViewBtn"/>
            <Event Name="ButtonUncheck" Function="OnMiddleLevelViewBtn"/>
        </Control>
    </Form>
    <Form Class="Window" LAnchorPoint="0" LAnchorOffset="0" TAnchorPoint="0" TAnchorOffset="0" RAnchorPoint="1" RAnchorOffset="0" BAnchorPoint="0" BAnchorOffset="36" RelativeToClient="1" Font="Default" Text="" Template="Default" Name="TutorialItem" Border="0" Picture="0" SwallowMouseClicks="1" Overlapped="1" BGColor="eeffffff" TextColor="ffffffff" TextId="" TooltipColor="" Tooltip="">
        <Control Class="Button" Base="BK3:btnHolo_ListView_Mid" Font="Thick" ButtonType="Check" LAnchorPoint="0" LAnchorOffset="0" TAnchorPoint="0" TAnchorOffset="0" RAnchorPoint="1" RAnchorOffset="-2" BAnchorPoint="1" BAnchorOffset="-2" Name="TutorialItemBtn" GlobalRadioGroup="Tutorial_TutorialIdBtn" RadioDisallowNonSelection="0" BGColor="ffffffff" TextColor="ffffffff" NormalTextColor="UI_BtnTextHoloNormal" PressedTextColor="UI_BtnTextHoloPressed" FlybyTextColor="UI_BtnTextHoloFlyby" PressedFlybyTextColor="UI_BtnTextHoloPressedFlyby" DisabledTextColor="UI_BtnTextHoloDisabled" RadioGroup="" TooltipColor="" Tooltip="" NeverBringToFront="1">
            <Event Name="ButtonCheck" Function="OnTutorialItemBtn"/>
            <Event Name="ButtonUncheck" Function="OnTutorialItemBtnUncheck"/>
        </Control>
        <Control Class="Window" LAnchorPoint="0" LAnchorOffset="5" TAnchorPoint="0" TAnchorOffset="5" RAnchorPoint="0" RAnchorOffset="41" BAnchorPoint="1" BAnchorOffset="1" RelativeToClient="1" Font="CRB_InterfaceMedium_B" Text="" Template="Default" Name="ReadTutorialCheck" TextId="" BGColor="bfffffff" TextColor="ff2f94ac" TooltipType="OnCursor" TooltipColor="" DT_VCENTER="1" Picture="1" IgnoreMouse="1" Sprite="CRB_Basekit:kitIcon_Holo_Checkmark" Visible="0" NewControlDepth="10"/>
        <Control Class="Window" LAnchorPoint="0" LAnchorOffset="25" TAnchorPoint="0" TAnchorOffset="0" RAnchorPoint="1" RAnchorOffset="0" BAnchorPoint="1" BAnchorOffset="-4" RelativeToClient="1" Font="CRB_InterfaceMedium" Text="" Template="Default" TooltipType="OnCursor" Name="TutorialLabelNormal" BGColor="ffffffff" TextColor="UI_BtnTextHoloListNormal" TooltipColor="" DT_CENTER="0" TextId="" DT_VCENTER="1" Sprite=""/>
        <Control Class="Window" LAnchorPoint="0" LAnchorOffset="25" TAnchorPoint="0" TAnchorOffset="0" RAnchorPoint="1" RAnchorOffset="0" BAnchorPoint="1" BAnchorOffset="-4" RelativeToClient="1" Font="CRB_InterfaceMedium" Text="" Template="Default" TooltipType="OnCursor" Name="TutorialLabelRead" BGColor="ffffffff" TextColor="UI_BtnTextHoloListNormal" TooltipColor="" TextId="" DT_VCENTER="1" DT_CENTER="0"/>
        <Control Class="Window" LAnchorPoint="0" LAnchorOffset="2" TAnchorPoint="0" TAnchorOffset="1" RAnchorPoint="0" RAnchorOffset="29" BAnchorPoint="1" BAnchorOffset="-1" RelativeToClient="1" Font="CRB_InterfaceMedium_B" Text="" Template="Default" Name="ReadTutorialNew" TextId="" BGColor="bfffffff" TextColor="ff2f94ac" TooltipType="OnCursor" TooltipColor="" DT_VCENTER="1" Picture="1" IgnoreMouse="1" Sprite="CRB_MinimapSprites:sprMM_QuestGiver" Visible="0" NewControlDepth="10"/>
    </Form>
</Forms>
