<?xml version="1.0" encoding="UTF-8" standalone="yes" ?>
<Forms>
    <Form Class="Window" LAnchorPoint="0" LAnchorOffset="61" TAnchorPoint="0" TAnchorOffset="52" RAnchorPoint="0" RAnchorOffset="541" BAnchorPoint="0" BAnchorOffset="658" RelativeToClient="1" Font="Default" Text="" Template="" Name="TutorialTesterForm" Border="0" Picture="0" SwallowMouseClicks="1" Moveable="1" Escapable="1" Overlapped="1" BGColor="ffffffff" TextColor="ffffffff" TextId="" TooltipColor="" Sprite="CRB_Basekit:kitOuterFrame_MetalGold_Message" Tooltip="">
        <Control Class="Window" LAnchorPoint="0" LAnchorOffset="0" TAnchorPoint="0" TAnchorOffset="0" RAnchorPoint="1" RAnchorOffset="0" BAnchorPoint="1" BAnchorOffset="0" RelativeToClient="1" Font="Default" Text="" Template="Default" TooltipType="OnCursor" Name="BGArt" BGColor="ffffffff" TextColor="ffffffff" TooltipColor="">
            <Control Class="Window" LAnchorPoint="0" LAnchorOffset="17" TAnchorPoint="0" TAnchorOffset="12" RAnchorPoint="1" RAnchorOffset="-21" BAnchorPoint="1" BAnchorOffset="-58" RelativeToClient="1" Font="Default" Text="" Template="Default" TooltipType="OnCursor" Name="BGArt_Base" BGColor="ffffffff" TextColor="ffffffff" TooltipColor="" Picture="1" IgnoreMouse="1" Sprite="CRB_Basekit:kitBase_MetalGrey_Large"/>
            <Control Class="Window" LAnchorPoint="0" LAnchorOffset="18" TAnchorPoint="0" TAnchorOffset="13" RAnchorPoint="1" RAnchorOffset="-16" BAnchorPoint="0" BAnchorOffset="62" RelativeToClient="1" Font="Default" Text="" Template="Default" TooltipType="OnCursor" Name="BGArt_Header" BGColor="ffffffff" TextColor="ffffffff" TooltipColor="" Picture="1" IgnoreMouse="1" Sprite="CRB_Basekit:kitHeader_MetalGrey_TitleMarked"/>
            <Control Class="Window" LAnchorPoint="0" LAnchorOffset="0" TAnchorPoint="0" TAnchorOffset="0" RAnchorPoint="1" RAnchorOffset="0" BAnchorPoint="1" BAnchorOffset="0" RelativeToClient="1" Font="Default" Text="" Template="Default" TooltipType="OnCursor" Name="BGArt_Frame" BGColor="ffffffff" TextColor="ffffffff" TooltipColor="" Picture="1" IgnoreMouse="1" Sprite="CRB_Basekit:kitOuterFrame_MetalGold_Message"/>
            <Control Class="Window" LAnchorPoint="0" LAnchorOffset="-10" TAnchorPoint="1" TAnchorOffset="-76" RAnchorPoint="1" RAnchorOffset="9" BAnchorPoint="1" BAnchorOffset="12" RelativeToClient="1" Font="Default" Text="" Template="Default" TooltipType="OnCursor" Name="BGArt_Footer" BGColor="ffffffff" TextColor="ffffffff" TooltipColor="" Picture="1" IgnoreMouse="1" Sprite="CRB_Basekit:kitFooter_MetalGold_Angled" NoClip="1"/>
            <Control Class="Window" LAnchorPoint="0" LAnchorOffset="22" TAnchorPoint="0" TAnchorOffset="211" RAnchorPoint="1" RAnchorOffset="-22" BAnchorPoint="0" BAnchorOffset="542" RelativeToClient="1" Font="Default" Text="" Template="Default" TooltipType="OnCursor" Name="BGArt_ListFrame" BGColor="ffffffff" TextColor="ffffffff" TooltipColor="" Picture="1" IgnoreMouse="1" Sprite="CRB_Basekit:kitInnerFrame_MetalGrey_Small"/>
            <Control Class="Window" LAnchorPoint="0" LAnchorOffset="50" TAnchorPoint="0" TAnchorOffset="127" RAnchorPoint="1" RAnchorOffset="-50" BAnchorPoint="0" BAnchorOffset="192" RelativeToClient="1" Font="Default" Text="" Template="Default" TooltipType="OnCursor" Name="BGArt_EntryFrame" BGColor="ffffffff" TextColor="ffffffff" TooltipColor="" Picture="1" IgnoreMouse="1" Sprite="CRB_Basekit:kitInnerFrame_MetalGrey_InlayStretch"/>
            <Control Class="Window" LAnchorPoint="0" LAnchorOffset="30" TAnchorPoint="0" TAnchorOffset="106" RAnchorPoint="0" RAnchorOffset="391" BAnchorPoint="0" BAnchorOffset="125" RelativeToClient="1" Font="CRB_InterfaceMedium" Text="" Template="Default" TooltipType="OnCursor" Name="BGArt_EntryLabel" BGColor="ffffffff" TextColor="UI_TextMetalBodyHighlight" TooltipColor="" TextId="Tutorials_PromptTooltip" DT_BOTTOM="1" Tooltip=""/>
            <Control Class="Window" LAnchorPoint="0" LAnchorOffset="160" TAnchorPoint="0" TAnchorOffset="50" RAnchorPoint="1" RAnchorOffset="-197" BAnchorPoint="0" BAnchorOffset="86" RelativeToClient="1" Font="Default" Text="" Template="Default" TooltipType="OnCursor" Name="BGArt_IDFrame" BGColor="ffffffff" TextColor="ffffffff" TooltipColor="" Picture="1" IgnoreMouse="1" Sprite="CRB_Basekit:kitInnerFrame_MetalGrey_Inlay"/>
            <Control Class="Window" LAnchorPoint="0" LAnchorOffset="35" TAnchorPoint="0" TAnchorOffset="224" RAnchorPoint="1" RAnchorOffset="-35" BAnchorPoint="0" BAnchorOffset="246" RelativeToClient="1" Font="CRB_InterfaceMedium" Text="" Template="Default" TooltipType="OnCursor" Name="BGArt_ListFrameTitle" BGColor="ffffffff" TextColor="UI_TextMetalBodyHighlight" TooltipColor="" Picture="1" IgnoreMouse="1" Sprite="CRB_Basekit:kitBtn_List_MetalNoEdgeFlyby" DT_VCENTER="1" TextId="Tutorials_ChooseAnchor"/>
        </Control>
        <Control Class="Window" LAnchorPoint="0" LAnchorOffset="31" TAnchorPoint="0" TAnchorOffset="13" RAnchorPoint="1" RAnchorOffset="-41" BAnchorPoint="0" BAnchorOffset="42" RelativeToClient="1" Font="CRB_InterfaceMedium" Template="Default" Name="TutorialTestTitle" BGColor="ffffffff" TextColor="WindowTitleColor" DT_VCENTER="1" DT_CENTER="1" NewControlDepth="2" TextId="Tutorials_PromptTitle" Text="" TooltipColor=""/>
        <Control Class="Button" Base="CRB_Basekit:kitBtn_Metal_LargeRed" Font="CRB_InterfaceMedium" ButtonType="PushButton" RadioGroup="" LAnchorPoint=".5" LAnchorOffset="1" TAnchorPoint="1" TAnchorOffset="-55" RAnchorPoint=".5" RAnchorOffset="129" BAnchorPoint="1" BAnchorOffset="-7" DT_VCENTER="1" DT_CENTER="1" Name="CancelButton" BGColor="ffffffff" TextColor="ffffffff" NewControlDepth="2" WindowSoundTemplate="TogglePhys03" TextId="Tutorials_Reset" Text="" TooltipColor="" NormalTextColor="UI_BtnTextRedNormal" PressedTextColor="UI_BtnTextRedPressed" FlybyTextColor="UI_BtnTextRedFlyby" PressedFlybyTextColor="UI_BtnTextRedPressedFlyby" DisabledTextColor="UI_BtnTextHoloDisabled">
            <Event Name="ButtonSignal" Function="OnResetAll"/>
        </Control>
        <Control Class="Button" Base="CRB_Basekit:kitBtn_Metal_LargeGreen" Font="CRB_InterfaceMedium" ButtonType="PushButton" RadioGroup="" LAnchorPoint=".5" LAnchorOffset="-129" TAnchorPoint="1" TAnchorOffset="-55" RAnchorPoint=".5" RAnchorOffset="-1" BAnchorPoint="1" BAnchorOffset="-7" DT_VCENTER="1" DT_CENTER="1" Name="OkButton" BGColor="ffffffff" TextColor="ffffffff" NewControlDepth="2" WindowSoundTemplate="TogglePhys02" TextId="CRB_Send" Text="" TooltipColor="" NormalTextColor="UI_BtnTextGreenNormal" PressedTextColor="UI_BtnTextGreenPressed" FlybyTextColor="UI_BtnTextGreenFlyby" PressedFlybyTextColor="UI_BtnTextGreenPressedFlyby" DisabledTextColor="UI_BtnTextGreenDisabled" Tooltip="">
            <Event Name="ButtonSignal" Function="OnPreviewTutorialBtn"/>
        </Control>
        <Control Class="Button" Base="CRB_Basekit:kitBtn_Close" Font="Thick" ButtonType="PushButton" RadioGroup="" LAnchorPoint="1" LAnchorOffset="-37" TAnchorPoint="0" TAnchorOffset="6" RAnchorPoint="1" RAnchorOffset="-7" BAnchorPoint="0" BAnchorOffset="38" DT_VCENTER="1" DT_CENTER="1" Name="CloseButton" BGColor="ffffffff" TextColor="ffffffff" NewControlDepth="2" WindowSoundTemplate="CloseWindowPhys" Text="" TextId="" TooltipColor="" NormalTextColor="ffffffff" PressedTextColor="ffffffff" FlybyTextColor="ffffffff" PressedFlybyTextColor="ffffffff" DisabledTextColor="ffffffff">
            <Event Name="ButtonSignal" Function="OnCancel"/>
        </Control>
        <Control Class="Window" LAnchorPoint="0" LAnchorOffset="36" TAnchorPoint="0" TAnchorOffset="246" RAnchorPoint="1" RAnchorOffset="-36" BAnchorPoint="0" BAnchorOffset="528" RelativeToClient="1" Font="Default" Text="" Template="CRB_Scroll_MetalLarge" TooltipType="OnCursor" Name="TutorialComponentList" BGColor="ffffffff" TextColor="ffffffff" TooltipColor="" VScroll="1" IgnoreMouse="1"/>
        <Control Class="EditBox" LAnchorPoint="0" LAnchorOffset="60" TAnchorPoint="0" TAnchorOffset="132" RAnchorPoint="1" RAnchorOffset="-60" BAnchorPoint="0" BAnchorOffset="186" RelativeToClient="1" Font="CRB_InterfaceMedium" Text="" Template="Default" TooltipType="OnCursor" Name="LabelEntryWnd" BGColor="ffffffff" TextColor="ffffffff" TooltipColor="" MultiLine="1" DT_WORDBREAK="1" LoseFocusOnExternalClick="1" Tooltip="">
            <Event Name="EditBoxChanged" Function="OnTutorialTesterChanged"/>
        </Control>
        <Control Class="EditBox" LAnchorPoint="0" LAnchorOffset="167" TAnchorPoint="0" TAnchorOffset="54" RAnchorPoint="1" RAnchorOffset="-201" BAnchorPoint="0" BAnchorOffset="81" RelativeToClient="1" Font="CRB_InterfaceLarge" Text="" Template="Default" TooltipType="OnCursor" Name="IDEntryWnd" BGColor="ffffffff" TextColor="ffffffff" TooltipColor="" MultiLine="0" DT_WORDBREAK="1" TextId="" DT_VCENTER="1" LoseFocusOnExternalClick="1">
            <Event Name="EditBoxChanged" Function="OnTutorialTesterChanged"/>
        </Control>
        <Control Class="Button" Base="CRB_Basekit:kitBtn_Radio_Large" Font="CRB_InterfaceMedium" ButtonType="Check" RadioGroup="UseDontUseTutId" LAnchorPoint="0" LAnchorOffset="307" TAnchorPoint="0" TAnchorOffset="51" RAnchorPoint="0" RAnchorOffset="565" BAnchorPoint="0" BAnchorOffset="83" DT_VCENTER="1" DT_CENTER="0" TooltipType="OnCursor" Name="NoTutorialBtn" BGColor="ffffffff" TextColor="UI_TextMetalBodyHighlight" TooltipColor="" NormalTextColor="ffffffff" PressedTextColor="ffffffff" FlybyTextColor="ffffffff" PressedFlybyTextColor="ffffffff" DisabledTextColor="ffffffff" DrawAsCheckbox="1" Text="" TextId="Tutorials_NoTutorialPanel" GlobalRadioGroup="" RadioDisallowNonSelection="1">
            <Event Name="ButtonCheck" Function="OnTutorialTesterChanged"/>
            <Event Name="ButtonUncheck" Function="OnTutorialTesterChanged"/>
        </Control>
        <Control Class="Button" Base="CRB_Basekit:kitBtn_Radio_Large" Font="CRB_InterfaceMedium" ButtonType="Check" RadioGroup="UseDontUseTutId" LAnchorPoint="0" LAnchorOffset="35" TAnchorPoint="0" TAnchorOffset="51" RAnchorPoint="0" RAnchorOffset="159" BAnchorPoint="0" BAnchorOffset="83" DT_VCENTER="1" DT_CENTER="0" TooltipType="OnCursor" Name="UseTutorialBtn" BGColor="ffffffff" TextColor="UI_TextMetalBodyHighlight" TooltipColor="" NormalTextColor="ffffffff" PressedTextColor="ffffffff" FlybyTextColor="ffffffff" PressedFlybyTextColor="ffffffff" DisabledTextColor="ffffffff" DrawAsCheckbox="1" Text="" TextId="Tutorials_UseID" GlobalRadioGroup="" RadioDisallowNonSelection="1">
            <Event Name="ButtonCheck" Function="OnTutorialTesterChanged"/>
            <Event Name="ButtonUncheck" Function="OnTutorialTesterChanged"/>
        </Control>
    </Form>
    <Form Class="Button" Base="CRB_Basekit:kitBtn_List_Metal" Font="Thick" ButtonType="Check" RadioGroup="" LAnchorPoint="0" LAnchorOffset="0" TAnchorPoint="0" TAnchorOffset="0" RAnchorPoint="1" RAnchorOffset="0" BAnchorPoint="0" BAnchorOffset="32" DT_VCENTER="1" DT_CENTER="0" TooltipType="OnCursor" Name="ComponentSelectBtn" Border="0" Picture="0" SwallowMouseClicks="1" Moveable="0" Escapable="0" Overlapped="1" BGColor="ffffffff" TextColor="ffffffff" TooltipColor="" NormalTextColor="UI_BtnTextGrayListNormal" PressedTextColor="UI_BtnTextGrayListPressed" FlybyTextColor="UI_BtnTextGrayListFlyby" PressedFlybyTextColor="UI_BtnTextGrayListPressedFlyby" DisabledTextColor="UI_BtnTextGrayListDisabled" Text="">
        <Event Name="ButtonCheck" Function="OnComponentSelect"/>
    </Form>
    <Form Class="Window" LAnchorPoint="0" LAnchorOffset="0" TAnchorPoint="0" TAnchorOffset="0" RAnchorPoint="0" RAnchorOffset="290" BAnchorPoint="0" BAnchorOffset="58" RelativeToClient="1" Font="Default" Text="" Template="Default" TooltipType="OnCursor" Name="HintWindow" Border="0" Picture="0" SwallowMouseClicks="1" Moveable="0" Escapable="0" Overlapped="0" BGColor="ffffffff" TextColor="ffffffff" TooltipColor="" Visible="0" Tooltip="">
        <Control Class="Window" LAnchorPoint="0" LAnchorOffset="0" TAnchorPoint="0" TAnchorOffset="0" RAnchorPoint="1" RAnchorOffset="0" BAnchorPoint="1" BAnchorOffset="0" RelativeToClient="1" Font="Default" Text="" Template="Default" TooltipType="OnCursor" Name="BGArt_Prompt" BGColor="ffffffff" TextColor="ffffffff" TooltipColor="" HideInEditor="1">
            <Control Class="Window" LAnchorPoint="0" LAnchorOffset="0" TAnchorPoint="0" TAnchorOffset="0" RAnchorPoint="1" RAnchorOffset="0" BAnchorPoint="1" BAnchorOffset="0" RelativeToClient="1" Font="Default" Text="" Template="Default" TooltipType="OnCursor" Name="BGArt_PromptBase" BGColor="ffffffff" TextColor="ffffffff" TooltipColor="" Picture="1" IgnoreMouse="1" Sprite="CRB_TutorialSprites:sprTut_BackerLarge"/>
            <Control Class="Window" LAnchorPoint="0" LAnchorOffset="0" TAnchorPoint="0" TAnchorOffset="0" RAnchorPoint="1" RAnchorOffset="0" BAnchorPoint="1" BAnchorOffset="0" RelativeToClient="1" Font="Default" Text="" Template="Default" TooltipType="OnCursor" Name="BGArt_PromptFlash" BGColor="ffffffff" TextColor="ffffffff" TooltipColor="" Picture="1" IgnoreMouse="1" Sprite="CRB_TutorialSprites:sprTut_BackerLargePulse"/>
        </Control>
        <Control Class="Window" LAnchorPoint="0" LAnchorOffset="7" TAnchorPoint="0" TAnchorOffset="5" RAnchorPoint="1" RAnchorOffset="-7" BAnchorPoint="1" BAnchorOffset="-5" RelativeToClient="1" Font="Default" Text="" Template="Default" TooltipType="OnCursor" Name="BGArt_NoPrompt" BGColor="ffffffff" TextColor="ffffffff" TooltipColor="" Visible="0" HideInEditor="0">
            <Control Class="Window" LAnchorPoint="0" LAnchorOffset="0" TAnchorPoint="0" TAnchorOffset="0" RAnchorPoint="1" RAnchorOffset="0" BAnchorPoint="1" BAnchorOffset="0" RelativeToClient="1" Font="Default" Text="" Template="Default" TooltipType="OnCursor" Name="BGArt_PromptBase" BGColor="ffffffff" TextColor="ffffffff" TooltipColor="" Picture="1" IgnoreMouse="1" Sprite="CRB_TutorialSprites:sprTut_BackerSmall"/>
            <Control Class="Window" LAnchorPoint="0" LAnchorOffset="0" TAnchorPoint="0" TAnchorOffset="0" RAnchorPoint="1" RAnchorOffset="0" BAnchorPoint="1" BAnchorOffset="0" RelativeToClient="1" Font="Default" Text="" Template="Default" TooltipType="OnCursor" Name="BGArt_PromptFlash" BGColor="ffffffff" TextColor="ffffffff" TooltipColor="" Picture="1" IgnoreMouse="1" Sprite="CRB_TutorialSprites:sprTut_BackerSmallPulse"/>
        </Control>
        <Control Class="Window" LAnchorPoint="0" LAnchorOffset="0" TAnchorPoint="0" TAnchorOffset="0" RAnchorPoint="1" RAnchorOffset="0" BAnchorPoint="1" BAnchorOffset="20" RelativeToClient="1" Font="Default" Text="" Template="Default" TooltipType="OnCursor" Name="PanelToggleContainer" BGColor="ffffffff" TextColor="ffffffff" TooltipColor="" NewControlDepth="2" Picture="0" Sprite="CRB_Anim_Outline:spr_Anim_OutlineStretch" IgnoreMouse="0" NoClip="1" HideInEditor="0" Visible="0">
            <Control Class="Window" LAnchorPoint="0" LAnchorOffset="0" TAnchorPoint="0" TAnchorOffset="0" RAnchorPoint="1" RAnchorOffset="0" BAnchorPoint="1" BAnchorOffset="-20" RelativeToClient="1" Font="Default" Text="" Template="Default" TooltipType="OnCursor" Name="Overlay" BGColor="ffffffff" TextColor="ffffffff" TooltipColor="" Picture="1" Sprite="CRB_TutorialSprites:sprTut_BackerLargeLit" IgnoreMouse="1" NoClip="1" Visible="0"/>
            <Control Class="Button" Base="CRB_DEMO_WrapperSprites:btnDemo_CharInvisible" Font="CRB_HeaderGigantic" ButtonType="PushButton" RadioGroup="" LAnchorPoint="0" LAnchorOffset="2" TAnchorPoint="0" TAnchorOffset="2" RAnchorPoint="1" RAnchorOffset="-2" BAnchorPoint="1" BAnchorOffset="-34" DT_VCENTER="1" DT_CENTER="1" TooltipType="OnCursor" Name="HintAlertPrompt" BGColor="ffffffff" TextColor="ffffffff" TooltipColor="" NormalTextColor="UI_BtnTextHoloNormal" PressedTextColor="UI_BtnTextHoloPressed" FlybyTextColor="UI_BtnTextHoloFlyby" PressedFlybyTextColor="UI_BtnTextHoloPressedFlyby" DisabledTextColor="UI_BtnTextHoloDisabled" Text="" TextId="">
                <Event Name="ButtonSignal" Function="OnTutorialAlertBtn"/>
            </Control>
            <Control Class="Button" Base="CRB_TutorialSprites:btnTut_OpenPrompt" Font="CRB_InterfaceLarge" ButtonType="PushButton" RadioGroup="" LAnchorPoint=".5" LAnchorOffset="-98" TAnchorPoint="1" TAnchorOffset="-44" RAnchorPoint=".5" RAnchorOffset="98" BAnchorPoint="1" BAnchorOffset="-1" DT_VCENTER="1" DT_CENTER="1" TooltipType="OnCursor" Name="HintAlertBtn" BGColor="ffffffff" TextColor="ffffffff" TooltipColor="" NormalTextColor="UI_BtnTextHoloNormal" PressedTextColor="UI_BtnTextHoloPressed" FlybyTextColor="UI_BtnTextHoloFlyby" PressedFlybyTextColor="UI_BtnTextHoloPressedFlyby" DisabledTextColor="UI_BtnTextHoloDisabled" Text="" TextId="Tutorials_ClickToOpen" NewWindowDepth="1" NoClip="0" TransitionShowHide="1" Visible="0">
                <Event Name="ButtonSignal" Function="OnTutorialAlertBtn"/>
            </Control>
            <Event Name="MouseEnter" Function="OnHintMouseEnter"/>
            <Event Name="MouseExit" Function="OnHintMouseExit"/>
        </Control>
        <Control Class="MLWindow" LAnchorPoint="0" LAnchorOffset="17" TAnchorPoint="0" TAnchorOffset="11" RAnchorPoint="1" RAnchorOffset="-33" BAnchorPoint="0" BAnchorOffset="46" RelativeToClient="1" Font="CRB_InterfaceMedium" Text="" Template="Default" TooltipType="OnCursor" Name="HintTextWnd" BGColor="ffffffff" TextColor="ffffffff" TooltipColor="" TextId="QuestShareReceiveFailTooLowLevel" DT_WORDBREAK="1" IgnoreMouse="1"/>
        <Control Class="Window" LAnchorPoint="0" LAnchorOffset="0" TAnchorPoint="0" TAnchorOffset="0" RAnchorPoint="1" RAnchorOffset="0" BAnchorPoint="1" BAnchorOffset="0" RelativeToClient="1" Font="Default" Text="" Template="Default" TooltipType="OnCursor" Name="CloseContainer" BGColor="ffffffff" TextColor="ffffffff" TooltipColor="" IgnoreMouse="1" AutoFade="0" NewWindowDepth="1" HideInEditor="0">
            <Control Class="Button" Base="CRB_TutorialSprites:btnTut_Close" Font="Thick" ButtonType="PushButton" RadioGroup="" LAnchorPoint="1" LAnchorOffset="-39" TAnchorPoint=".5" TAnchorOffset="-13" RAnchorPoint="1" RAnchorOffset="-10" BAnchorPoint=".5" BAnchorOffset="15" DT_VCENTER="1" DT_CENTER="1" TooltipType="OnCursor" Name="CloseTutorialBtn" BGColor="ffffffff" TextColor="ffffffff" TooltipColor="" NormalTextColor="ffffffff" PressedTextColor="ffffffff" FlybyTextColor="ffffffff" PressedFlybyTextColor="ffffffff" DisabledTextColor="ffffffff" UseParentOpacity="1">
                <Event Name="ButtonSignal" Function="OnCloseHintWindow"/>
            </Control>
        </Control>
        <Control Class="Window" LAnchorPoint="0" LAnchorOffset="0" TAnchorPoint="0" TAnchorOffset="0" RAnchorPoint="1" RAnchorOffset="0" BAnchorPoint="1" BAnchorOffset="0" RelativeToClient="1" Font="Default" Text="" Template="Default" TooltipType="OnCursor" Name="ConnectorContainer" BGColor="ffffffff" TextColor="ffffffff" TooltipColor="" NewControlDepth="3">
            <Control Class="Window" LAnchorPoint=".5" LAnchorOffset="-41" TAnchorPoint="0" TAnchorOffset="-53" RAnchorPoint=".5" RAnchorOffset="36" BAnchorPoint="0" BAnchorOffset="24" RelativeToClient="1" Font="Default" Text="" Template="Default" TooltipType="OnCursor" Name="Connector1" BGColor="ffffffff" TextColor="ffffffff" TooltipColor="" Picture="1" IgnoreMouse="1" NoClip="1" Sprite="CRB_TutorialSprites:sprTut_ConnectorU" Visible="0"/>
            <Control Class="Window" LAnchorPoint="1" LAnchorOffset="-30" TAnchorPoint="0" TAnchorOffset="-51" RAnchorPoint="1" RAnchorOffset="47" BAnchorPoint="0" BAnchorOffset="26" RelativeToClient="1" Font="Default" Text="" Template="Default" TooltipType="OnCursor" Name="Connector2" BGColor="ffffffff" TextColor="ffffffff" TooltipColor="" Picture="1" IgnoreMouse="1" NoClip="1" Sprite="CRB_TutorialSprites:sprTut_ConnectorUR" Visible="0"/>
            <Control Class="Window" LAnchorPoint="1" LAnchorOffset="-27" TAnchorPoint=".5" TAnchorOffset="-39" RAnchorPoint="1" RAnchorOffset="50" BAnchorPoint=".5" BAnchorOffset="39" RelativeToClient="1" Font="Default" Text="" Template="Default" TooltipType="OnCursor" Name="Connector3" BGColor="ffffffff" TextColor="ffffffff" TooltipColor="" Picture="1" IgnoreMouse="1" NoClip="1" Sprite="CRB_TutorialSprites:sprTut_ConnectorR" Visible="0"/>
            <Control Class="Window" LAnchorPoint="1" LAnchorOffset="-27" TAnchorPoint="1" TAnchorOffset="-27" RAnchorPoint="1" RAnchorOffset="50" BAnchorPoint="1" BAnchorOffset="50" RelativeToClient="1" Font="Default" Text="" Template="Default" TooltipType="OnCursor" Name="Connector4" BGColor="ffffffff" TextColor="ffffffff" TooltipColor="" Picture="1" IgnoreMouse="1" NoClip="1" Sprite="CRB_TutorialSprites:sprTut_ConnectorLR" Visible="0"/>
            <Control Class="Window" LAnchorPoint=".5" LAnchorOffset="-42" TAnchorPoint="1" TAnchorOffset="-26" RAnchorPoint=".5" RAnchorOffset="35" BAnchorPoint="1" BAnchorOffset="51" RelativeToClient="1" Font="Default" Text="" Template="Default" TooltipType="OnCursor" Name="Connector5" BGColor="ffffffff" TextColor="ffffffff" TooltipColor="" Picture="1" IgnoreMouse="1" NoClip="1" Sprite="CRB_TutorialSprites:sprTut_ConnectorL" Visible="0"/>
            <Control Class="Window" LAnchorPoint="0" LAnchorOffset="-51" TAnchorPoint="1" TAnchorOffset="-26" RAnchorPoint="0" RAnchorOffset="26" BAnchorPoint="1" BAnchorOffset="51" RelativeToClient="1" Font="Default" Text="" Template="Default" TooltipType="OnCursor" Name="Connector6" BGColor="ffffffff" TextColor="ffffffff" TooltipColor="" Picture="1" IgnoreMouse="1" NoClip="1" Sprite="CRB_TutorialSprites:sprTut_ConnectorLL" Visible="0"/>
            <Control Class="Window" LAnchorPoint="0" LAnchorOffset="-50" TAnchorPoint=".5" TAnchorOffset="-39" RAnchorPoint="0" RAnchorOffset="27" BAnchorPoint=".5" BAnchorOffset="39" RelativeToClient="1" Font="Default" Text="" Template="Default" TooltipType="OnCursor" Name="Connector7" BGColor="ffffffff" TextColor="ffffffff" TooltipColor="" Picture="1" IgnoreMouse="1" NoClip="1" Sprite="CRB_TutorialSprites:sprTut_ConnectorLeft" Visible="0"/>
            <Control Class="Window" LAnchorPoint="0" LAnchorOffset="-49" TAnchorPoint="0" TAnchorOffset="-51" RAnchorPoint="0" RAnchorOffset="28" BAnchorPoint="0" BAnchorOffset="26" RelativeToClient="1" Font="Default" Text="" Template="Default" TooltipType="OnCursor" Name="Connector8" BGColor="ffffffff" TextColor="ffffffff" TooltipColor="" Picture="1" IgnoreMouse="1" NoClip="1" Sprite="CRB_TutorialSprites:sprTut_ConnectorUL" Visible="0"/>
        </Control>
        <Control Class="Window" LAnchorPoint="0" LAnchorOffset="248" TAnchorPoint="0.5" TAnchorOffset="-34" RAnchorPoint="0" RAnchorOffset="284" BAnchorPoint="0.5" BAnchorOffset="0" RelativeToClient="1" Font="CRB_Header10" Text="" Template="Default" Name="Timer" BGColor="ffffffff" TextColor="ffffffff" Picture="0" IgnoreMouse="1" Sprite="" NoClip="1" TooltipColor="" NewControlDepth="5" Visible="1" DT_RIGHT="0" DT_CENTER="1" DT_BOTTOM="0" TextId="" DT_VCENTER="1"/>
    </Form>
    <Form Class="Window" LAnchorPoint="0" LAnchorOffset="0" TAnchorPoint="0" TAnchorOffset="0" RAnchorPoint="0" RAnchorOffset="34" BAnchorPoint="0" BAnchorOffset="36" RelativeToClient="1" Font="Default" Text="" Template="Default" Name="TutorialAlert" BGColor="ffffffff" TextColor="ffffffff" Picture="1" IgnoreMouse="1" TooltipType="OnCursor" TransitionShowHide="1" NeverBringToFront="1" Visible="0" TooltipColor="" Overlapped="1" IgnoreTooltipDelay="1" TooltipFont="CRB_InterfaceMedium" Tooltip="">
        <Control Class="Button" Base="CRB_TutorialSprites:btnTut_OpenAlert" Font="CRB_ButtonHeader" ButtonType="PushButton" RadioGroup="" LAnchorPoint="0" LAnchorOffset="-5" TAnchorPoint="0" TAnchorOffset="-3" RAnchorPoint="0" RAnchorOffset="39" BAnchorPoint="0" BAnchorOffset="39" DT_VCENTER="1" DT_CENTER="1" Name="TutorialAlertBtn" BGColor="ffffffff" TextColor="ffffffff" NormalTextColor="ffffffff" PressedTextColor="ffffffff" FlybyTextColor="ffffffff" PressedFlybyTextColor="ffffffff" DisabledTextColor="ffffffff" ProcessRightClick="1" TooltipColor="" IgnoreMouse="0">
            <Event Name="ButtonDown" Function="OnTutorialAlertBtn"/>
        </Control>
        <Control Class="Window" LAnchorPoint="0" LAnchorOffset="-4" TAnchorPoint="0" TAnchorOffset="-8" RAnchorPoint="0" RAnchorOffset="48" BAnchorPoint="0" BAnchorOffset="53" RelativeToClient="1" Font="Default" Text="" Template="Default" Name="IconHoverGlow" BGColor="ffffffff" TextColor="ffffffff" IgnoreMouse="1" NoClip="1" Picture="1" Sprite="CRB_HUDAlerts:sprAlert_Hover" Visible="0" HideInEditor="1" TooltipColor="" AutoFade="0" TransitionShowHide="1"/>
        <Control Class="Window" LAnchorPoint="0" LAnchorOffset="1" TAnchorPoint="0" TAnchorOffset="2" RAnchorPoint="0" RAnchorOffset="37" BAnchorPoint="0" BAnchorOffset="36" RelativeToClient="1" Font="Default" Text="" Template="Default" Name="Sprite" BGColor="ffffffff" TextColor="ffffffff" Picture="1" IgnoreMouse="1" Sprite="CRB_TutorialSprites:sprTut_IconFlash" NoClip="1" TooltipColor="" NewControlDepth="5" Visible="1"/>
        <Event Name="MouseEnter" Function="OnHoverGlowMouseEnter"/>
        <Event Name="MouseExit" Function="OnHoverGlowMouseExit"/>
        <Control Class="Window" LAnchorPoint="0" LAnchorOffset="1" TAnchorPoint="0" TAnchorOffset="2" RAnchorPoint="0" RAnchorOffset="37" BAnchorPoint="0" BAnchorOffset="36" RelativeToClient="1" Font="CRB_Header10" Text="" Template="Default" Name="Timer" BGColor="ffffffff" TextColor="ffffffff" Picture="0" IgnoreMouse="1" Sprite="" NoClip="1" TooltipColor="" NewControlDepth="5" Visible="1" DT_RIGHT="0" DT_CENTER="1" DT_BOTTOM="0" TextId="" DT_VCENTER="1"/>
    </Form>
    <Form Class="Window" LAnchorPoint=".5" LAnchorOffset="-382" TAnchorPoint=".5" TAnchorOffset="0" RAnchorPoint=".5" RAnchorOffset="-118" BAnchorPoint=".5" BAnchorOffset="46" RelativeToClient="1" Font="Default" Text="" Template="Default" TooltipType="OnCursor" Name="AlertContainer" Border="0" Picture="0" SwallowMouseClicks="1" Moveable="0" Escapable="0" Overlapped="0" BGColor="ffffffff" TextColor="ffffffff" TooltipColor="" IgnoreMouse="1" NeverBringToFront="1" Tooltip=""/>
    <Form Class="Window" LAnchorPoint="0.25" LAnchorOffset="-248" TAnchorPoint="0" TAnchorOffset="145" RAnchorPoint="0.25" RAnchorOffset="248" BAnchorPoint="0" BAnchorOffset="619" RelativeToClient="1" Font="Default" Text="" Template="CRB_HologramFramedThin" Name="TutorialForm_Medium" Moveable="1" Escapable="1" Overlapped="1" BGColor="cfffffff" TextColor="ffffffff" TextId="" IgnoreMouse="1" CloseOnExternalClick="0" Sprite="CRB_Basekit:kitBase_HoloBlue_LitCorners" Picture="1" Visible="0" TooltipColor="" Tooltip="">
        <Control Class="Window" LAnchorPoint="0" LAnchorOffset="27" TAnchorPoint="0" TAnchorOffset="20" RAnchorPoint="1" RAnchorOffset="-27" BAnchorPoint="0" BAnchorOffset="50" RelativeToClient="1" Font="CRB_InterfaceMedium_O" Template="Default" Name="Title" BGColor="ffffffff" TextColor="ff7fffb9" DT_VCENTER="1" DT_CENTER="1" NewControlDepth="2" Border="0" IgnoreMouse="1" Text="" TextId="CRB__2" TooltipColor=""/>
        <Control Class="Window" LAnchorPoint="0.5" LAnchorOffset="-208" TAnchorPoint="0" TAnchorOffset="50" RAnchorPoint="0.5" RAnchorOffset="208" BAnchorPoint="0" BAnchorOffset="366" RelativeToClient="1" Font="Default" Text="" Template="Default" Name="SpriteContainer" BGColor="9dffffff" TextColor="ffffffff" Picture="0" IgnoreMouse="1" Sprite="kitAccent_Frame_OrangeCornersTop" TooltipColor="">
            <Control Class="Window" LAnchorPoint="0" LAnchorOffset="0" TAnchorPoint="1" TAnchorOffset="-15" RAnchorPoint="1" RAnchorOffset="0" BAnchorPoint="1" BAnchorOffset="0" RelativeToClient="1" Font="Default" Text="" Template="Default" Name="BottomOrangeCorners" BGColor="9dffffff" TextColor="ffffffff" Sprite="kitAccent_Frame_OrangeCornersBottom" Picture="1" IgnoreMouse="1" Visible="0" HideInEditor="1"/>
            <Control Class="Window" LAnchorPoint="0.5" LAnchorOffset="-200" TAnchorPoint="0" TAnchorOffset="8" RAnchorPoint="0.5" RAnchorOffset="200" BAnchorPoint="0" BAnchorOffset="308" RelativeToClient="1" Font="Default" Template="Default" Name="Sprite" BGColor="ffffffff" TextColor="ffffffff" Picture="1" IgnoreMouse="1" ScaleOnShowHide="0" Sprite="ClientSprites:Icon_TutorialMedium_UI_Challenge_Unlock" NewWindowDepth="1"/>
            <Pixie LAnchorPoint="0" LAnchorOffset="0" TAnchorPoint="0" TAnchorOffset="0" RAnchorPoint="1" RAnchorOffset="0" BAnchorPoint="1" BAnchorOffset="0" BGColor="ffffffff" Font="Default" TextColor="ffffffff" Text="" Sprite="CRB_Basekit:kitBase_HoloHexes_Small" Line="0"/>
            <Pixie LAnchorPoint="0" LAnchorOffset="8" TAnchorPoint="0" TAnchorOffset="8" RAnchorPoint="1" RAnchorOffset="-8" BAnchorPoint="1" BAnchorOffset="-8" BGColor="33ffffff" Font="Default" TextColor="ffffffff" Text="" Sprite="ClientSprites:BlackFill" Line="0"/>
        </Control>
        <Control Class="Window" LAnchorPoint="0" LAnchorOffset="40" TAnchorPoint="0" TAnchorOffset="365" RAnchorPoint="1" RAnchorOffset="-40" BAnchorPoint="1" BAnchorOffset="-98" RelativeToClient="1" Font="Default" Text="" Template="Default" Name="BodyFrameBG" BGColor="ffffffff" TextColor="ffffffff" Picture="1" IgnoreMouse="1" NoClip="1" Sprite="CRB_Basekit:kitBase_HoloBlue_SmallGreenCorners" TooltipColor=""/>
        <Control Class="MLWindow" LAnchorPoint="0" LAnchorOffset="50" TAnchorPoint="0" TAnchorOffset="374" RAnchorPoint="1" RAnchorOffset="-50" BAnchorPoint="1" BAnchorOffset="-100" RelativeToClient="1" Font="CRB_InterfaceMedium_O" Text="" Template="Default" Name="Body" BGColor="ffffffff" TextColor="ff2f94ac" IgnoreMouse="1" DT_WORDBREAK="1" AutoScaleText="1" TextId="CRB_CC_LibsRace_Draken2" DT_CENTER="1" TooltipColor=""/>
        <Control Class="Button" Base="CRB_Basekit:kitBtn_Holo_Close" ButtonType="PushButton" RadioGroup="" LAnchorPoint="1" LAnchorOffset="-45" TAnchorPoint="0" TAnchorOffset="22" RAnchorPoint="1" RAnchorOffset="-22" BAnchorPoint="0" BAnchorOffset="45" Name="btnClose" BGColor="ffffffff" TextColor="ffffffff" NormalTextColor="ffffffff" PressedTextColor="ffffffff" FlybyTextColor="ffffffff" PressedFlybyTextColor="ffffffff" DisabledTextColor="ffffffff" Text="" TextId="" RelativeToClient="1" HideInEditor="0" TooltipColor="" Visible="1">
            <Event Name="ButtonSignal" Function="OnClose"/>
        </Control>
        <Control Class="Button" Base="CRB_Basekit:kitBtn_Holo_Large" Font="CRB_InterfaceLarge_BO" ButtonType="PushButton" RadioGroup="" LAnchorPoint=".5" LAnchorOffset="2" TAnchorPoint="1" TAnchorOffset="-70" RAnchorPoint="1" RAnchorOffset="-92" BAnchorPoint="1" BAnchorOffset="-30" DT_VCENTER="1" DT_CENTER="1" Name="btnNext" BGColor="ffffffff" TextColor="ffffffff" NormalTextColor="UI_BtnTextHoloNormal" PressedTextColor="UI_BtnTextHoloPressed" FlybyTextColor="UI_BtnTextHoloFlyby" PressedFlybyTextColor="UI_BtnTextHoloPressedFlyby" DisabledTextColor="UI_BtnTextHoloDisabled" WindowSoundTemplate="TogglePhys02" Text="" TextId="Tutorials_NextPage" LeftEdgeControlsAnchor="" TopEdgeControlsAnchor="" RightEdgeControlsAnchor="" BottomEdgeControlsAnchor="" RelativeToClient="1" TooltipColor="">
            <Event Name="ButtonSignal" Function="ShowNext"/>
        </Control>
        <Control Class="Button" Base="CRB_Basekit:kitBtn_Holo_Large" Font="CRB_InterfaceLarge_BO" ButtonType="PushButton" RadioGroup="" LAnchorPoint="0" LAnchorOffset="92" TAnchorPoint="1" TAnchorOffset="-70" RAnchorPoint=".5" RAnchorOffset="-2" BAnchorPoint="1" BAnchorOffset="-30" DT_VCENTER="1" DT_CENTER="1" Name="btnPrevious" BGColor="ffffffff" TextColor="ffffffff" NormalTextColor="UI_BtnTextHoloNormal" PressedTextColor="UI_BtnTextHoloPressed" FlybyTextColor="UI_BtnTextHoloFlyby" PressedFlybyTextColor="UI_BtnTextHoloPressedFlyby" DisabledTextColor="UI_BtnTextHoloDisabled" WindowSoundTemplate="TogglePhys02" Text="" TextId="Tutorials_PrevPage" LeftEdgeControlsAnchor="" TopEdgeControlsAnchor="" RightEdgeControlsAnchor="" BottomEdgeControlsAnchor="" RelativeToClient="1" TooltipColor="">
            <Event Name="ButtonSignal" Function="ShowPrevious"/>
        </Control>
        <Control Class="Button" Base="CRB_Basekit:kitBtn_Holo_Large" Font="CRB_InterfaceLarge_BO" ButtonType="PushButton" RadioGroup="" LAnchorPoint=".5" LAnchorOffset="-156" TAnchorPoint="1" TAnchorOffset="-70" RAnchorPoint=".5" RAnchorOffset="156" BAnchorPoint="1" BAnchorOffset="-30" DT_VCENTER="1" DT_CENTER="1" Name="btnCloseBig" BGColor="ffffffff" TextColor="ffffffff" NormalTextColor="UI_BtnTextHoloNormal" PressedTextColor="UI_BtnTextHoloPressed" FlybyTextColor="UI_BtnTextHoloFlyby" PressedFlybyTextColor="UI_BtnTextHoloPressedFlyby" DisabledTextColor="UI_BtnTextHoloDisabled" WindowSoundTemplate="TogglePhys02" Text="" TextId="Tutorials_Finish" LeftEdgeControlsAnchor="" TopEdgeControlsAnchor="" RightEdgeControlsAnchor="" BottomEdgeControlsAnchor="" RelativeToClient="1" TooltipColor="" HideInEditor="1" Visible="0">
            <Event Name="ButtonSignal" Function="OnClose"/>
        </Control>
        <Event Name="WindowClosed" Function="OnTutorialWindowClosed"/>
        <Control Class="Button" Base="CRB_Basekit:kitBtn_Holo_RadioRound" Font="CRB_InterfaceSmall" ButtonType="Check" RadioGroup="" LAnchorPoint=".5" LAnchorOffset="-119" TAnchorPoint="1" TAnchorOffset="-97" RAnchorPoint=".5" RAnchorOffset="119" BAnchorPoint="1" BAnchorOffset="-75" DT_VCENTER="1" DT_CENTER="0" TooltipType="OnCursor" Name="HideCategoryBtn" BGColor="ffffffff" TextColor="UI_TextHoloBody" TooltipColor="" NormalTextColor="ffffffff" PressedTextColor="ffffffff" FlybyTextColor="ffffffff" PressedFlybyTextColor="ffffffff" DisabledTextColor="ffffffff" DrawAsCheckbox="1" Text="" TextId="Tutorials_DontShowType" NewControlDepth="5">
            <Event Name="ButtonCheck" Function="OnTypeViewToggle"/>
            <Event Name="ButtonUncheck" Function="OnTypeViewToggle"/>
        </Control>
    </Form>
    <Form Class="Window" LAnchorPoint=".25" LAnchorOffset="-172" TAnchorPoint="0" TAnchorOffset="190" RAnchorPoint=".25" RAnchorOffset="172" BAnchorPoint="0" BAnchorOffset="610" RelativeToClient="1" Font="Default" Text="" Template="" Name="TutorialForm_Small" Moveable="1" Overlapped="1" BGColor="cfffffff" TextColor="ffffffff" TextId="" IgnoreMouse="1" Escapable="1" CloseOnExternalClick="0" Picture="1" Sprite="CRB_Basekit:kitBase_HoloBlue_LitCorners" Visible="0" TooltipColor="">
        <Control Class="Window" LAnchorPoint="0" LAnchorOffset="27" TAnchorPoint="0" TAnchorOffset="20" RAnchorPoint="1" RAnchorOffset="-27" BAnchorPoint="0" BAnchorOffset="50" RelativeToClient="1" Font="CRB_InterfaceMedium_O" Template="Default" Name="Title" BGColor="ffffffff" TextColor="ff7fffb9" DT_VCENTER="1" DT_CENTER="1" NewControlDepth="2" Border="0" IgnoreMouse="1" Text="" TextId="CRB__2" TooltipColor=""/>
        <Control Class="Window" LAnchorPoint="0.5" LAnchorOffset="-132" TAnchorPoint="0" TAnchorOffset="50" RAnchorPoint="0.5" RAnchorOffset="132" BAnchorPoint="0" BAnchorOffset="316" RelativeToClient="1" Font="Default" Text="" Template="Default" Name="SpriteContainer" BGColor="9dffffff" TextColor="ffffffff" Picture="0" IgnoreMouse="1" Sprite="kitAccent_Frame_OrangeCornersTop" TooltipColor="">
            <Control Class="Window" LAnchorPoint="0" LAnchorOffset="0" TAnchorPoint="1" TAnchorOffset="-15" RAnchorPoint="1" RAnchorOffset="0" BAnchorPoint="1" BAnchorOffset="0" RelativeToClient="1" Font="Default" Text="" Template="Default" Name="BottomOrangeCorners" BGColor="9dffffff" TextColor="ffffffff" Sprite="kitAccent_Frame_OrangeCornersBottom" Picture="1" IgnoreMouse="1" Visible="0" HideInEditor="1"/>
            <Control Class="Window" LAnchorPoint="0.5" LAnchorOffset="-125" TAnchorPoint="0" TAnchorOffset="8" RAnchorPoint="0.5" RAnchorOffset="125" BAnchorPoint="0" BAnchorOffset="258" RelativeToClient="1" Font="Default" Template="Default" Name="Sprite" BGColor="ffffffff" TextColor="ffffffff" Picture="1" IgnoreMouse="1" ScaleOnShowHide="0" Sprite="" NewWindowDepth="1"/>
            <Pixie LAnchorPoint="0" LAnchorOffset="0" TAnchorPoint="0" TAnchorOffset="0" RAnchorPoint="1" RAnchorOffset="0" BAnchorPoint="1" BAnchorOffset="0" BGColor="ffffffff" Font="Default" TextColor="ffffffff" Text="" Sprite="CRB_Basekit:kitBase_HoloHexes_Small" Line="0"/>
            <Pixie LAnchorPoint="0" LAnchorOffset="8" TAnchorPoint="0" TAnchorOffset="8" RAnchorPoint="1" RAnchorOffset="-8" BAnchorPoint="1" BAnchorOffset="-8" BGColor="33ffffff" Font="Default" TextColor="ffffffff" Text="" Sprite="ClientSprites:BlackFill" Line="0"/>
        </Control>
        <Control Class="Window" LAnchorPoint="0" LAnchorOffset="40" TAnchorPoint="0" TAnchorOffset="313" RAnchorPoint="1" RAnchorOffset="-40" BAnchorPoint="1" BAnchorOffset="-96" RelativeToClient="1" Font="Default" Text="" Template="Default" Name="BodyFrameBG" BGColor="ffffffff" TextColor="ffffffff" Picture="1" IgnoreMouse="1" NoClip="1" Sprite="CRB_Basekit:kitBase_HoloBlue_SmallGreenCorners" TooltipColor=""/>
        <Control Class="MLWindow" LAnchorPoint="0" LAnchorOffset="50" TAnchorPoint="0" TAnchorOffset="322" RAnchorPoint="1" RAnchorOffset="-50" BAnchorPoint="1" BAnchorOffset="-98" RelativeToClient="1" Font="CRB_InterfaceMedium_O" Text="" Template="Default" Name="Body" BGColor="ffffffff" TextColor="ff2f94ac" IgnoreMouse="1" DT_WORDBREAK="1" AutoScaleText="1" TextId="" DT_CENTER="1" TooltipColor=""/>
        <Control Class="Button" Base="CRB_Basekit:kitBtn_Holo_Close" ButtonType="PushButton" RadioGroup="" LAnchorPoint="1" LAnchorOffset="-45" TAnchorPoint="0" TAnchorOffset="22" RAnchorPoint="1" RAnchorOffset="-22" BAnchorPoint="0" BAnchorOffset="45" Name="btnClose" BGColor="ffffffff" TextColor="ffffffff" NormalTextColor="ffffffff" PressedTextColor="ffffffff" FlybyTextColor="ffffffff" PressedFlybyTextColor="ffffffff" DisabledTextColor="ffffffff" Text="" TextId="" RelativeToClient="1" HideInEditor="0" TooltipColor="" Visible="1">
            <Event Name="ButtonSignal" Function="OnClose"/>
        </Control>
        <Control Class="Button" Base="CRB_Basekit:kitBtn_Holo_Large" Font="CRB_InterfaceLarge_BO" ButtonType="PushButton" RadioGroup="" LAnchorPoint="0" LAnchorOffset="40" TAnchorPoint="1" TAnchorOffset="-70" RAnchorPoint="1" RAnchorOffset="-40" BAnchorPoint="1" BAnchorOffset="-30" DT_VCENTER="1" DT_CENTER="1" Name="btnCloseBig" BGColor="ffffffff" TextColor="ffffffff" NormalTextColor="UI_BtnTextHoloNormal" PressedTextColor="UI_BtnTextHoloPressed" FlybyTextColor="UI_BtnTextHoloFlyby" PressedFlybyTextColor="UI_BtnTextHoloPressedFlyby" DisabledTextColor="UI_BtnTextHoloDisabled" WindowSoundTemplate="TogglePhys02" Text="" TextId="Tutorials_Finish" LeftEdgeControlsAnchor="" TopEdgeControlsAnchor="" RightEdgeControlsAnchor="" BottomEdgeControlsAnchor="" RelativeToClient="1" TooltipColor="" HideInEditor="1" Visible="0">
            <Event Name="ButtonSignal" Function="OnClose"/>
        </Control>
        <Control Class="Button" Base="CRB_Basekit:kitBtn_Holo_Large" Font="CRB_InterfaceLarge_BO" ButtonType="PushButton" RadioGroup="" LAnchorPoint=".5" LAnchorOffset="2" TAnchorPoint="1" TAnchorOffset="-70" RAnchorPoint="1" RAnchorOffset="-40" BAnchorPoint="1" BAnchorOffset="-30" DT_VCENTER="1" DT_CENTER="1" Name="btnNext" BGColor="ffffffff" TextColor="ffffffff" NormalTextColor="UI_BtnTextHoloNormal" PressedTextColor="UI_BtnTextHoloPressed" FlybyTextColor="UI_BtnTextHoloFlyby" PressedFlybyTextColor="UI_BtnTextHoloPressedFlyby" DisabledTextColor="UI_BtnTextHoloDisabled" WindowSoundTemplate="TogglePhys02" Text="" TextId="Tutorials_NextPage" LeftEdgeControlsAnchor="" TopEdgeControlsAnchor="" RightEdgeControlsAnchor="" BottomEdgeControlsAnchor="" RelativeToClient="1" TooltipColor="">
            <Event Name="ButtonSignal" Function="ShowNext"/>
        </Control>
        <Control Class="Button" Base="CRB_Basekit:kitBtn_Holo_Large" Font="CRB_InterfaceLarge_BO" ButtonType="PushButton" RadioGroup="" LAnchorPoint="0" LAnchorOffset="40" TAnchorPoint="1" TAnchorOffset="-70" RAnchorPoint=".5" RAnchorOffset="-2" BAnchorPoint="1" BAnchorOffset="-30" DT_VCENTER="1" DT_CENTER="1" Name="btnPrevious" BGColor="ffffffff" TextColor="ffffffff" NormalTextColor="UI_BtnTextHoloNormal" PressedTextColor="UI_BtnTextHoloPressed" FlybyTextColor="UI_BtnTextHoloFlyby" PressedFlybyTextColor="UI_BtnTextHoloPressedFlyby" DisabledTextColor="UI_BtnTextHoloDisabled" WindowSoundTemplate="TogglePhys02" Text="" TextId="Tutorials_PrevPage" LeftEdgeControlsAnchor="" TopEdgeControlsAnchor="" RightEdgeControlsAnchor="" BottomEdgeControlsAnchor="" RelativeToClient="1" TooltipColor="">
            <Event Name="ButtonSignal" Function="ShowPrevious"/>
        </Control>
        <Event Name="WindowClosed" Function="OnTutorialWindowClosed"/>
        <Control Class="Button" Base="CRB_Basekit:kitBtn_Holo_RadioRound" Font="CRB_InterfaceSmall" ButtonType="Check" RadioGroup="" LAnchorPoint=".5" LAnchorOffset="-119" TAnchorPoint="1" TAnchorOffset="-97" RAnchorPoint=".5" RAnchorOffset="119" BAnchorPoint="1" BAnchorOffset="-75" DT_VCENTER="1" DT_CENTER="0" TooltipType="OnCursor" Name="HideCategoryBtn" BGColor="ffffffff" TextColor="UI_TextHoloBody" TooltipColor="" NormalTextColor="ffffffff" PressedTextColor="ffffffff" FlybyTextColor="ffffffff" PressedFlybyTextColor="ffffffff" DisabledTextColor="ffffffff" DrawAsCheckbox="1" Text="" TextId="Tutorials_DontShowType" NewControlDepth="5">
            <Event Name="ButtonCheck" Function="OnTypeViewToggle"/>
            <Event Name="ButtonUncheck" Function="OnTypeViewToggle"/>
        </Control>
    </Form>
    <Form Class="Window" LAnchorPoint="0" LAnchorOffset="0" TAnchorPoint="0" TAnchorOffset="0" RAnchorPoint="0" RAnchorOffset="736" BAnchorPoint="0" BAnchorOffset="653" RelativeToClient="1" Font="Default" Text="" Template="CRB_HologramFramedThin" Name="TutorialForm_Large" Moveable="1" Escapable="1" Overlapped="1" BGColor="cfffffff" TextColor="ffffffff" TextId="" IgnoreMouse="1" CloseOnExternalClick="0" Sprite="CRB_Basekit:kitBase_HoloBlue_LitCorners" Picture="1" Visible="0" TooltipColor="" Tooltip="">
        <Control Class="Window" LAnchorPoint="0" LAnchorOffset="27" TAnchorPoint="0" TAnchorOffset="20" RAnchorPoint="1" RAnchorOffset="-27" BAnchorPoint="0" BAnchorOffset="50" RelativeToClient="1" Font="CRB_InterfaceMedium_O" Template="Default" Name="Title" BGColor="ffffffff" TextColor="ff7fffb9" DT_VCENTER="1" DT_CENTER="1" NewControlDepth="2" Border="0" IgnoreMouse="1" Text="" TextId="CRB__2" TooltipColor=""/>
        <Control Class="Window" LAnchorPoint="0.5" LAnchorOffset="-328" TAnchorPoint="0" TAnchorOffset="50" RAnchorPoint="0.5" RAnchorOffset="328" BAnchorPoint="0" BAnchorOffset="546" RelativeToClient="1" Font="Default" Text="" Template="Default" Name="SpriteContainer" BGColor="9dffffff" TextColor="ffffffff" Picture="0" IgnoreMouse="1" Sprite="kitAccent_Frame_OrangeCornersTop" HideInEditor="1" TooltipColor="">
            <Control Class="Window" LAnchorPoint="0" LAnchorOffset="0" TAnchorPoint="1" TAnchorOffset="-15" RAnchorPoint="1" RAnchorOffset="0" BAnchorPoint="1" BAnchorOffset="0" RelativeToClient="1" Font="Default" Text="" Template="Default" Name="BottomOrangeCorners" BGColor="9dffffff" TextColor="ffffffff" Sprite="kitAccent_Frame_OrangeCornersBottom" Picture="1" IgnoreMouse="1" Visible="0" HideInEditor="1" TooltipColor=""/>
            <Control Class="Window" LAnchorPoint="0.5" LAnchorOffset="-320" TAnchorPoint="0" TAnchorOffset="8" RAnchorPoint="0.5" RAnchorOffset="320" BAnchorPoint="0" BAnchorOffset="488" RelativeToClient="1" Font="Default" Template="Default" Name="Sprite" BGColor="ffffffff" TextColor="ffffffff" Picture="1" IgnoreMouse="1" ScaleOnShowHide="0" Sprite="" NewWindowDepth="1"/>
            <Pixie LAnchorPoint="0" LAnchorOffset="0" TAnchorPoint="0" TAnchorOffset="0" RAnchorPoint="1" RAnchorOffset="0" BAnchorPoint="1" BAnchorOffset="0" BGColor="ffffffff" Font="Default" TextColor="ffffffff" Text="" Sprite="CRB_Basekit:kitBase_HoloHexes_Small" Line="0"/>
            <Pixie LAnchorPoint="0" LAnchorOffset="8" TAnchorPoint="0" TAnchorOffset="8" RAnchorPoint="1" RAnchorOffset="-8" BAnchorPoint="1" BAnchorOffset="-8" BGColor="33ffffff" Font="Default" TextColor="ffffffff" Text="" Sprite="ClientSprites:BlackFill" Line="0"/>
        </Control>
        <Control Class="Window" LAnchorPoint="0.5" LAnchorOffset="-296" TAnchorPoint="0" TAnchorOffset="115" RAnchorPoint="0.5" RAnchorOffset="-30" BAnchorPoint="0" BAnchorOffset="381" RelativeToClient="1" Font="Default" Text="" Template="Default" Name="SpriteContainerLeft" BGColor="9dffffff" TextColor="ffffffff" Picture="0" IgnoreMouse="1" Sprite="kitAccent_Frame_OrangeCornersTop" TooltipColor="">
            <Control Class="Window" LAnchorPoint="0" LAnchorOffset="0" TAnchorPoint="1" TAnchorOffset="-15" RAnchorPoint="1" RAnchorOffset="0" BAnchorPoint="1" BAnchorOffset="0" RelativeToClient="1" Font="Default" Text="" Template="Default" Name="BottomOrangeCorners" BGColor="9dffffff" TextColor="ffffffff" Sprite="kitAccent_Frame_OrangeCornersBottom" Picture="1" IgnoreMouse="1" Visible="0" HideInEditor="1"/>
            <Control Class="Window" LAnchorPoint="0.5" LAnchorOffset="-125" TAnchorPoint="0" TAnchorOffset="8" RAnchorPoint="0.5" RAnchorOffset="125" BAnchorPoint="0" BAnchorOffset="258" RelativeToClient="1" Font="Default" Template="Default" Name="SpriteLeft" BGColor="ffffffff" TextColor="ffffffff" Picture="1" IgnoreMouse="1" ScaleOnShowHide="0" Sprite="" NewWindowDepth="1"/>
            <Pixie LAnchorPoint="0" LAnchorOffset="0" TAnchorPoint="0" TAnchorOffset="0" RAnchorPoint="1" RAnchorOffset="0" BAnchorPoint="1" BAnchorOffset="0" BGColor="ffffffff" Font="Default" TextColor="ffffffff" Text="" Sprite="CRB_Basekit:kitBase_HoloHexes_Small" Line="0"/>
            <Pixie LAnchorPoint="0" LAnchorOffset="8" TAnchorPoint="0" TAnchorOffset="8" RAnchorPoint="1" RAnchorOffset="-8" BAnchorPoint="1" BAnchorOffset="-8" BGColor="33ffffff" Font="Default" TextColor="ffffffff" Text="" Sprite="ClientSprites:BlackFill" Line="0"/>
        </Control>
        <Control Class="Window" LAnchorPoint="0.5" LAnchorOffset="30" TAnchorPoint="0" TAnchorOffset="115" RAnchorPoint="0.5" RAnchorOffset="296" BAnchorPoint="0" BAnchorOffset="381" RelativeToClient="1" Font="Default" Text="" Template="Default" Name="SpriteContainerRight" BGColor="9dffffff" TextColor="ffffffff" Picture="0" IgnoreMouse="1" Sprite="kitAccent_Frame_OrangeCornersTop" TooltipColor="">
            <Control Class="Window" LAnchorPoint="0" LAnchorOffset="0" TAnchorPoint="1" TAnchorOffset="-15" RAnchorPoint="1" RAnchorOffset="0" BAnchorPoint="1" BAnchorOffset="0" RelativeToClient="1" Font="Default" Text="" Template="Default" Name="BottomOrangeCorners" BGColor="9dffffff" TextColor="ffffffff" Sprite="kitAccent_Frame_OrangeCornersBottom" Picture="1" IgnoreMouse="1" Visible="0" HideInEditor="1"/>
            <Control Class="Window" LAnchorPoint="0.5" LAnchorOffset="-125" TAnchorPoint="0" TAnchorOffset="8" RAnchorPoint="0.5" RAnchorOffset="125" BAnchorPoint="0" BAnchorOffset="258" RelativeToClient="1" Font="Default" Template="Default" Name="SpriteRight" BGColor="ffffffff" TextColor="ffffffff" Picture="1" IgnoreMouse="1" ScaleOnShowHide="0" Sprite="" NewWindowDepth="1"/>
            <Pixie LAnchorPoint="0" LAnchorOffset="0" TAnchorPoint="0" TAnchorOffset="0" RAnchorPoint="1" RAnchorOffset="0" BAnchorPoint="1" BAnchorOffset="0" BGColor="ffffffff" Font="Default" TextColor="ffffffff" Text="" Sprite="CRB_Basekit:kitBase_HoloHexes_Small" Line="0"/>
            <Pixie LAnchorPoint="0" LAnchorOffset="8" TAnchorPoint="0" TAnchorOffset="8" RAnchorPoint="1" RAnchorOffset="-8" BAnchorPoint="1" BAnchorOffset="-8" BGColor="33ffffff" Font="Default" TextColor="ffffffff" Text="" Sprite="ClientSprites:BlackFill" Line="0"/>
        </Control>
        <Control Class="Window" LAnchorPoint="0" LAnchorOffset="40" TAnchorPoint="0" TAnchorOffset="545" RAnchorPoint="1" RAnchorOffset="-40" BAnchorPoint="1" BAnchorOffset="-97" RelativeToClient="1" Font="Default" Text="" Template="Default" Name="BodyFrameBG" BGColor="ffffffff" TextColor="ffffffff" Picture="1" IgnoreMouse="1" NoClip="1" Sprite="CRB_Basekit:kitBase_HoloBlue_SmallGreenCorners" TooltipColor=""/>
        <Control Class="MLWindow" LAnchorPoint="0" LAnchorOffset="50" TAnchorPoint="0" TAnchorOffset="554" RAnchorPoint="1" RAnchorOffset="-50" BAnchorPoint="1" BAnchorOffset="-99" RelativeToClient="1" Font="CRB_InterfaceMedium" Text="" Template="Default" Name="Body" BGColor="ffffffff" TextColor="ffffffff" IgnoreMouse="1" DT_WORDBREAK="1" AutoScaleText="1" TextId="" DT_CENTER="0" HideInEditor="0" TooltipColor=""/>
        <Control Class="MLWindow" LAnchorPoint="0.5" LAnchorOffset="-285" TAnchorPoint="0" TAnchorOffset="411" RAnchorPoint="0.5" RAnchorOffset="-41" BAnchorPoint="0" BAnchorOffset="501" RelativeToClient="1" Font="CRB_InterfaceMedium" Text="" Template="Default" Name="BodyLeft" BGColor="ffffffff" TextColor="ffffffff" IgnoreMouse="1" DT_WORDBREAK="1" AutoScaleText="1" TextId="" DT_CENTER="0" TooltipColor="">
            <Control Class="Window" LAnchorPoint="0" LAnchorOffset="-10" TAnchorPoint="0" TAnchorOffset="-10" RAnchorPoint="1" RAnchorOffset="10" BAnchorPoint="1" BAnchorOffset="4" RelativeToClient="1" Font="Default" Text="" Template="Default" Name="BodyFrameBG" BGColor="aaffffff" TextColor="ffffffff" Picture="1" IgnoreMouse="1" NoClip="1" Sprite="CRB_Basekit:kitBase_HoloBlue_SmallGreenCorners"/>
        </Control>
        <Control Class="MLWindow" LAnchorPoint="0.5" LAnchorOffset="41" TAnchorPoint="0" TAnchorOffset="411" RAnchorPoint="0.5" RAnchorOffset="285" BAnchorPoint="0" BAnchorOffset="501" RelativeToClient="1" Font="CRB_InterfaceMedium" Text="" Template="Default" Name="BodyRight" BGColor="ffffffff" TextColor="ffffffff" IgnoreMouse="1" DT_WORDBREAK="1" AutoScaleText="1" TextId="" DT_CENTER="0" TooltipColor="">
            <Control Class="Window" LAnchorPoint="0" LAnchorOffset="-10" TAnchorPoint="0" TAnchorOffset="-10" RAnchorPoint="1" RAnchorOffset="10" BAnchorPoint="1" BAnchorOffset="04" RelativeToClient="1" Font="Default" Text="" Template="Default" Name="BodyFrameBG" BGColor="aaffffff" TextColor="ffffffff" Picture="1" IgnoreMouse="1" NoClip="1" Sprite="CRB_Basekit:kitBase_HoloBlue_SmallGreenCorners"/>
        </Control>
        <Control Class="Button" Base="CRB_Basekit:kitBtn_Holo_Close" ButtonType="PushButton" RadioGroup="" LAnchorPoint="1" LAnchorOffset="-45" TAnchorPoint="0" TAnchorOffset="22" RAnchorPoint="1" RAnchorOffset="-22" BAnchorPoint="0" BAnchorOffset="45" Name="btnClose" BGColor="ffffffff" TextColor="ffffffff" NormalTextColor="ffffffff" PressedTextColor="ffffffff" FlybyTextColor="ffffffff" PressedFlybyTextColor="ffffffff" DisabledTextColor="ffffffff" Text="" TextId="" RelativeToClient="1" HideInEditor="0" TooltipColor="" Visible="1">
            <Event Name="ButtonSignal" Function="OnClose"/>
        </Control>
        <Control Class="Button" Base="CRB_Basekit:kitBtn_Holo_Large" Font="CRB_InterfaceLarge_BO" ButtonType="PushButton" RadioGroup="" LAnchorPoint="0" LAnchorOffset="120" TAnchorPoint="1" TAnchorOffset="-70" RAnchorPoint="1" RAnchorOffset="-120" BAnchorPoint="1" BAnchorOffset="-30" DT_VCENTER="1" DT_CENTER="1" Name="btnCloseBig" BGColor="ffffffff" TextColor="ffffffff" NormalTextColor="UI_BtnTextHoloNormal" PressedTextColor="UI_BtnTextHoloPressed" FlybyTextColor="UI_BtnTextHoloFlyby" PressedFlybyTextColor="UI_BtnTextHoloPressedFlyby" DisabledTextColor="UI_BtnTextHoloDisabled" WindowSoundTemplate="TogglePhys02" Text="" TextId="Tutorials_Finish" LeftEdgeControlsAnchor="" TopEdgeControlsAnchor="" RightEdgeControlsAnchor="" BottomEdgeControlsAnchor="" RelativeToClient="1" TooltipColor="" HideInEditor="1" Visible="0">
            <Event Name="ButtonSignal" Function="OnClose"/>
        </Control>
        <Control Class="Button" Base="CRB_Basekit:kitBtn_Holo_Large" Font="CRB_InterfaceLarge_BO" ButtonType="PushButton" RadioGroup="" LAnchorPoint=".5" LAnchorOffset="2" TAnchorPoint="1" TAnchorOffset="-70" RAnchorPoint="1" RAnchorOffset="-120" BAnchorPoint="1" BAnchorOffset="-30" DT_VCENTER="1" DT_CENTER="1" Name="btnNext" BGColor="ffffffff" TextColor="ffffffff" NormalTextColor="UI_BtnTextHoloNormal" PressedTextColor="UI_BtnTextHoloPressed" FlybyTextColor="UI_BtnTextHoloFlyby" PressedFlybyTextColor="UI_BtnTextHoloPressedFlyby" DisabledTextColor="UI_BtnTextHoloDisabled" WindowSoundTemplate="TogglePhys02" Text="" TextId="Tutorials_NextPage" LeftEdgeControlsAnchor="" TopEdgeControlsAnchor="" RightEdgeControlsAnchor="" BottomEdgeControlsAnchor="" RelativeToClient="1" TooltipColor="">
            <Event Name="ButtonSignal" Function="ShowNext"/>
        </Control>
        <Control Class="Button" Base="CRB_Basekit:kitBtn_Holo_Large" Font="CRB_InterfaceLarge_BO" ButtonType="PushButton" RadioGroup="" LAnchorPoint="0" LAnchorOffset="120" TAnchorPoint="1" TAnchorOffset="-70" RAnchorPoint=".5" RAnchorOffset="-2" BAnchorPoint="1" BAnchorOffset="-30" DT_VCENTER="1" DT_CENTER="1" Name="btnPrevious" BGColor="ffffffff" TextColor="ffffffff" NormalTextColor="UI_BtnTextHoloNormal" PressedTextColor="UI_BtnTextHoloPressed" FlybyTextColor="UI_BtnTextHoloFlyby" PressedFlybyTextColor="UI_BtnTextHoloPressedFlyby" DisabledTextColor="UI_BtnTextHoloDisabled" WindowSoundTemplate="TogglePhys02" Text="" TextId="Tutorials_PrevPage" LeftEdgeControlsAnchor="" TopEdgeControlsAnchor="" RightEdgeControlsAnchor="" BottomEdgeControlsAnchor="" RelativeToClient="1" TooltipColor="">
            <Event Name="ButtonSignal" Function="ShowPrevious"/>
        </Control>
        <Event Name="WindowClosed" Function="OnTutorialWindowClosed"/>
        <Control Class="Button" Base="CRB_Basekit:kitBtn_Holo_RadioRound" Font="CRB_InterfaceSmall" ButtonType="Check" RadioGroup="" LAnchorPoint=".5" LAnchorOffset="-119" TAnchorPoint="1" TAnchorOffset="-97" RAnchorPoint=".5" RAnchorOffset="119" BAnchorPoint="1" BAnchorOffset="-75" DT_VCENTER="1" DT_CENTER="0" TooltipType="OnCursor" Name="HideCategoryBtn" BGColor="ffffffff" TextColor="UI_TextHoloBody" TooltipColor="" NormalTextColor="ffffffff" PressedTextColor="ffffffff" FlybyTextColor="ffffffff" PressedFlybyTextColor="ffffffff" DisabledTextColor="ffffffff" DrawAsCheckbox="1" Text="" TextId="Tutorials_DontShowType" NewControlDepth="5">
            <Event Name="ButtonCheck" Function="OnTypeViewToggle"/>
            <Event Name="ButtonUncheck" Function="OnTypeViewToggle"/>
        </Control>
    </Form>
    <Form Class="Window" LAnchorPoint="0" LAnchorOffset="0" TAnchorPoint="0" TAnchorOffset="0" RAnchorPoint="0" RAnchorOffset="1088" BAnchorPoint="0" BAnchorOffset="734" RelativeToClient="1" Font="Default" Text="" Template="CRB_HologramFramedThin" Name="TutorialForm_ExtraLarge" Moveable="1" Escapable="1" Overlapped="1" BGColor="cfffffff" TextColor="ffffffff" TextId="" IgnoreMouse="1" CloseOnExternalClick="0" Sprite="CRB_Basekit:kitBase_HoloBlue_LitCorners" Picture="1" Visible="0" TooltipColor="">
        <Control Class="Window" LAnchorPoint="0" LAnchorOffset="839" TAnchorPoint="0" TAnchorOffset="20" RAnchorPoint="1" RAnchorOffset="-27" BAnchorPoint="0" BAnchorOffset="60" RelativeToClient="1" Font="CRB_InterfaceMedium_O" Template="Default" Name="Title" BGColor="ffffffff" TextColor="ff7fffb9" DT_VCENTER="1" DT_CENTER="1" NewControlDepth="2" Border="0" IgnoreMouse="1" Text="" TextId="CRB__2" TooltipColor=""/>
        <Control Class="Window" LAnchorPoint="0" LAnchorOffset="24" TAnchorPoint="0" TAnchorOffset="22" RAnchorPoint="0" RAnchorOffset="840" BAnchorPoint="0" BAnchorOffset="638" RelativeToClient="1" Font="Default" Text="" Template="Default" Name="SpriteContainer" BGColor="9dffffff" TextColor="ffffffff" Picture="0" IgnoreMouse="1" Sprite="kitAccent_Frame_OrangeCornersTop" TooltipColor="">
            <Control Class="Window" LAnchorPoint="0" LAnchorOffset="0" TAnchorPoint="1" TAnchorOffset="-15" RAnchorPoint="1" RAnchorOffset="0" BAnchorPoint="1" BAnchorOffset="0" RelativeToClient="1" Font="Default" Text="" Template="Default" Name="BottomOrangeCorners" BGColor="9dffffff" TextColor="ffffffff" Sprite="kitAccent_Frame_OrangeCornersBottom" Picture="1" IgnoreMouse="1" HideInEditor="1" Visible="0" TooltipColor=""/>
            <Control Class="Window" LAnchorPoint="0" LAnchorOffset="8" TAnchorPoint="0" TAnchorOffset="8" RAnchorPoint="0" RAnchorOffset="808" BAnchorPoint="0" BAnchorOffset="608" RelativeToClient="1" Font="Default" Template="Default" Name="Sprite" BGColor="ffffffff" TextColor="ffffffff" Picture="1" IgnoreMouse="1" ScaleOnShowHide="0" Sprite="" NewWindowDepth="1" TooltipColor=""/>
            <Pixie LAnchorPoint="0" LAnchorOffset="0" TAnchorPoint="0" TAnchorOffset="0" RAnchorPoint="1" RAnchorOffset="0" BAnchorPoint="1" BAnchorOffset="0" BGColor="ffffffff" Font="Default" TextColor="ffffffff" Text="" Sprite="CRB_Basekit:kitBase_HoloHexes_Small" Line="0"/>
            <Pixie LAnchorPoint="0" LAnchorOffset="8" TAnchorPoint="0" TAnchorOffset="8" RAnchorPoint="1" RAnchorOffset="-8" BAnchorPoint="1" BAnchorOffset="-8" BGColor="33ffffff" Font="Default" TextColor="ffffffff" Text="" Sprite="ClientSprites:BlackFill" Line="0"/>
        </Control>
        <Control Class="MLWindow" LAnchorPoint="0" LAnchorOffset="847" TAnchorPoint="0" TAnchorOffset="65" RAnchorPoint="1" RAnchorOffset="-35" BAnchorPoint="0" BAnchorOffset="635" RelativeToClient="1" Font="CRB_InterfaceMedium_O" Text="" Template="Default" Name="Body" BGColor="ffffffff" TextColor="ff2f94ac" IgnoreMouse="1" DT_WORDBREAK="1" AutoScaleText="1" TextId="" DT_CENTER="0" TooltipColor="">
            <Control Class="Window" LAnchorPoint="0" LAnchorOffset="-10" TAnchorPoint="0" TAnchorOffset="-10" RAnchorPoint="1" RAnchorOffset="10" BAnchorPoint="1" BAnchorOffset="4" RelativeToClient="1" Font="Default" Text="" Template="Default" Name="BodyFrameBG" BGColor="aaffffff" TextColor="ffffffff" Picture="1" IgnoreMouse="1" NoClip="1" Sprite="CRB_Basekit:kitBase_HoloBlue_SmallGreenCorners" TooltipColor=""/>
        </Control>
        <Control Class="Button" Base="CRB_Basekit:kitBtn_Holo_Close" ButtonType="PushButton" RadioGroup="" LAnchorPoint="1" LAnchorOffset="-45" TAnchorPoint="0" TAnchorOffset="22" RAnchorPoint="1" RAnchorOffset="-22" BAnchorPoint="0" BAnchorOffset="45" Name="btnClose" BGColor="ffffffff" TextColor="ffffffff" NormalTextColor="ffffffff" PressedTextColor="ffffffff" FlybyTextColor="ffffffff" PressedFlybyTextColor="ffffffff" DisabledTextColor="ffffffff" Text="" TextId="" RelativeToClient="1" HideInEditor="0" TooltipColor="" Visible="1">
            <Event Name="ButtonSignal" Function="OnClose"/>
        </Control>
        <Control Class="Button" Base="CRB_Basekit:kitBtn_Holo_Large" Font="CRB_InterfaceLarge_BO" ButtonType="PushButton" RadioGroup="" LAnchorPoint="0" LAnchorOffset="120" TAnchorPoint="1" TAnchorOffset="-70" RAnchorPoint="1" RAnchorOffset="-120" BAnchorPoint="1" BAnchorOffset="-30" DT_VCENTER="1" DT_CENTER="1" Name="btnCloseBig" BGColor="ffffffff" TextColor="ffffffff" NormalTextColor="UI_BtnTextHoloNormal" PressedTextColor="UI_BtnTextHoloPressed" FlybyTextColor="UI_BtnTextHoloFlyby" PressedFlybyTextColor="UI_BtnTextHoloPressedFlyby" DisabledTextColor="UI_BtnTextHoloDisabled" WindowSoundTemplate="TogglePhys02" Text="" TextId="Tutorials_Finish" LeftEdgeControlsAnchor="" TopEdgeControlsAnchor="" RightEdgeControlsAnchor="" BottomEdgeControlsAnchor="" RelativeToClient="1" TooltipColor="" HideInEditor="1" Visible="0">
            <Event Name="ButtonSignal" Function="OnClose"/>
        </Control>
        <Control Class="Button" Base="CRB_Basekit:kitBtn_Holo_Large" Font="CRB_InterfaceLarge_BO" ButtonType="PushButton" RadioGroup="" LAnchorPoint=".5" LAnchorOffset="2" TAnchorPoint="1" TAnchorOffset="-70" RAnchorPoint="1" RAnchorOffset="-120" BAnchorPoint="1" BAnchorOffset="-30" DT_VCENTER="1" DT_CENTER="1" Name="btnNext" BGColor="ffffffff" TextColor="ffffffff" NormalTextColor="UI_BtnTextHoloNormal" PressedTextColor="UI_BtnTextHoloPressed" FlybyTextColor="UI_BtnTextHoloFlyby" PressedFlybyTextColor="UI_BtnTextHoloPressedFlyby" DisabledTextColor="UI_BtnTextHoloDisabled" WindowSoundTemplate="TogglePhys02" Text="" TextId="Tutorials_NextPage" LeftEdgeControlsAnchor="" TopEdgeControlsAnchor="" RightEdgeControlsAnchor="" BottomEdgeControlsAnchor="" RelativeToClient="1" TooltipColor="">
            <Event Name="ButtonSignal" Function="ShowNext"/>
        </Control>
        <Control Class="Button" Base="CRB_Basekit:kitBtn_Holo_Large" Font="CRB_InterfaceLarge_BO" ButtonType="PushButton" RadioGroup="" LAnchorPoint="0" LAnchorOffset="120" TAnchorPoint="1" TAnchorOffset="-70" RAnchorPoint=".5" RAnchorOffset="-2" BAnchorPoint="1" BAnchorOffset="-30" DT_VCENTER="1" DT_CENTER="1" Name="btnPrevious" BGColor="ffffffff" TextColor="ffffffff" NormalTextColor="UI_BtnTextHoloNormal" PressedTextColor="UI_BtnTextHoloPressed" FlybyTextColor="UI_BtnTextHoloFlyby" PressedFlybyTextColor="UI_BtnTextHoloPressedFlyby" DisabledTextColor="UI_BtnTextHoloDisabled" WindowSoundTemplate="TogglePhys02" Text="" TextId="Tutorials_PrevPage" LeftEdgeControlsAnchor="" TopEdgeControlsAnchor="" RightEdgeControlsAnchor="" BottomEdgeControlsAnchor="" RelativeToClient="1" TooltipColor="">
            <Event Name="ButtonSignal" Function="ShowPrevious"/>
        </Control>
        <Event Name="WindowClosed" Function="OnTutorialWindowClosed"/>
        <Control Class="Button" Base="CRB_Basekit:kitBtn_Holo_RadioRound" Font="CRB_InterfaceSmall" ButtonType="Check" RadioGroup="" LAnchorPoint=".5" LAnchorOffset="-119" TAnchorPoint="1" TAnchorOffset="-97" RAnchorPoint=".5" RAnchorOffset="119" BAnchorPoint="1" BAnchorOffset="-75" DT_VCENTER="1" DT_CENTER="0" TooltipType="OnCursor" Name="HideCategoryBtn" BGColor="ffffffff" TextColor="UI_TextHoloBody" TooltipColor="" NormalTextColor="ffffffff" PressedTextColor="ffffffff" FlybyTextColor="ffffffff" PressedFlybyTextColor="ffffffff" DisabledTextColor="ffffffff" DrawAsCheckbox="1" Text="" TextId="Tutorials_DontShowType" NewControlDepth="5">
            <Event Name="ButtonCheck" Function="OnTypeViewToggle"/>
            <Event Name="ButtonUncheck" Function="OnTypeViewToggle"/>
        </Control>
    </Form>
    <Form Class="Window" LAnchorPoint="0" LAnchorOffset="0" TAnchorPoint="0" TAnchorOffset="0" RAnchorPoint="0" RAnchorOffset="39" BAnchorPoint="0" BAnchorOffset="36" RelativeToClient="0" Font="Default" Text="" Template="Default" Name="TutorialAlertMore" BGColor="ffffffff" TextColor="ffffffff" Picture="0" IgnoreMouse="0" TooltipType="OnCursor" TransitionShowHide="0" NeverBringToFront="0" Visible="0" TooltipColor="white" Overlapped="0" IgnoreTooltipDelay="0" TooltipFont="CRB_InterfaceMedium" Tooltip="" TooltipId="Tutorials_PendingTooltip">
        <Event Name="MouseEnter" Function="OnHoverGlowMouseEnter"/>
        <Event Name="MouseExit" Function="OnHoverGlowMouseExit"/>
        <Control Class="Window" LAnchorPoint="0" LAnchorOffset="0" TAnchorPoint="0" TAnchorOffset="2" RAnchorPoint="1" RAnchorOffset="-1" BAnchorPoint="1" BAnchorOffset="2" RelativeToClient="1" Font="Default" Text="" Template="Default" TooltipType="OnCursor" Name="MoreSprite" BGColor="ffffffff" TextColor="ffffffff" TooltipColor="" Picture="1" IgnoreMouse="1" Sprite="CRB_TutorialSprites:sprTut_IconMore" NoClip="1"/>
    </Form>
    <Form Class="Window" LAnchorPoint="0.25" LAnchorOffset="-248" TAnchorPoint="0" TAnchorOffset="145" RAnchorPoint="0.25" RAnchorOffset="248" BAnchorPoint="0" BAnchorOffset="595" RelativeToClient="1" Font="Default" Text="" Template="CRB_HologramFramedThin" Name="TutorialForm_Transparent" Moveable="0" Escapable="0" Overlapped="0" BGColor="cfffffff" TextColor="ffffffff" TextId="" IgnoreMouse="1" CloseOnExternalClick="0" Sprite="CRB_Basekit:kitBase_HoloBlue_LitCorners" Picture="0" Visible="0" TooltipColor="" Tooltip="">
        <Control Class="Window" LAnchorPoint="0" LAnchorOffset="0" TAnchorPoint="0" TAnchorOffset="0" RAnchorPoint="1" RAnchorOffset="0" BAnchorPoint="1" BAnchorOffset="0" RelativeToClient="1" Font="Default" Text="" Template="Default" Name="Sprite" BGColor="ffffffff" TextColor="ffffffff" Picture="1" IgnoreMouse="1" Sprite="" TooltipColor=""/>
        <Control Class="Window" LAnchorPoint="1" LAnchorOffset="-30" TAnchorPoint="0" TAnchorOffset="0" RAnchorPoint="1" RAnchorOffset="0" BAnchorPoint="0" BAnchorOffset="34" RelativeToClient="1" Font="Default" Text="" Template="Default" TooltipType="OnCursor" Name="wndCloseX" BGColor="ffffffff" TextColor="ffffffff" TooltipColor="" NewControlDepth="4" Picture="1" IgnoreMouse="1" Sprite="ClientSprites:sprWhiteScribbleX"/>
        <Control Class="Button" Base="CRB_DEMO_WrapperSprites:btnDemo_CharInvisible" ButtonType="PushButton" RadioGroup="" LAnchorPoint="1" LAnchorOffset="-35" TAnchorPoint="0" TAnchorOffset="-5" RAnchorPoint="1" RAnchorOffset="5" BAnchorPoint="0" BAnchorOffset="40" Name="btnClose" BGColor="ffffffff" TextColor="ffffffff" NormalTextColor="ffffffff" PressedTextColor="ffffffff" FlybyTextColor="ffffffff" PressedFlybyTextColor="ffffffff" DisabledTextColor="ffffffff" Text="" TextId="" RelativeToClient="1" HideInEditor="0" TooltipColor="" Visible="1" NewControlDepth="10">
            <Event Name="ButtonSignal" Function="OnClose"/>
        </Control>
        <Event Name="WindowClosed" Function="OnTransparentWindowClose"/>
    </Form>
</Forms>
