<?xml version="1.0" encoding="UTF-8" standalone="yes" ?>
<Forms>
    <Form Class="Window" LAnchorPoint="0.5" LAnchorOffset="-663" TAnchorPoint="0" TAnchorOffset="0" RAnchorPoint="0.5" RAnchorOffset="662" BAnchorPoint="0" BAnchorOffset="745" RelativeToClient="1" Font="Default" Text="" Template="Default" TooltipType="OnCursor" Name="CraftingGridForm" Border="0" Picture="1" SwallowMouseClicks="1" Moveable="1" Escapable="1" Overlapped="1" BGColor="white" TextColor="white" TooltipColor="" IgnoreMouse="0" Tooltip="" Sprite="">
        <Control Class="Window" LAnchorPoint="1" LAnchorOffset="-344" TAnchorPoint="1" TAnchorOffset="-514" RAnchorPoint="1" RAnchorOffset="-56" BAnchorPoint="1" BAnchorOffset="-53" RelativeToClient="1" Font="Default" Text="" BGColor="UI_WindowBGDefault" TextColor="UI_WindowTextDefault" Template="Default" TooltipType="OnCursor" Name="SuccessRobot" TooltipColor="" Picture="1" IgnoreMouse="1" Sprite="Crafting_CoordSprites:sprCoord_RobotBG" Visible="0" TransitionShowHide="1"/>
        <Control Class="Window" LAnchorPoint="0" LAnchorOffset="693" TAnchorPoint="0" TAnchorOffset="25" RAnchorPoint="0" RAnchorOffset="1002" BAnchorPoint="1" BAnchorOffset="-50" RelativeToClient="1" Font="Default" Text="" Template="Default" TooltipType="OnCursor" Name="AdditivesContainer" BGColor="white" TextColor="white" TooltipColor="" HideInEditor="0" IgnoreMouse="1" TransitionShowHide="0" Tooltip="">
            <Control Class="Window" LAnchorPoint="0" LAnchorOffset="8" TAnchorPoint="0" TAnchorOffset="140" RAnchorPoint="1" RAnchorOffset="-8" BAnchorPoint="1" BAnchorOffset="0" RelativeToClient="1" Font="Default" Text="" Template="Metal_ScrollList" TooltipType="OnCursor" Name="AdditiveList" BGColor="white" TextColor="white" TooltipColor="" HScroll="0" IgnoreMouse="1" Picture="1" NewControlDepth="1" VScroll="1" AutoHideScroll="0" Sprite="CRB_Basekit:kitBase_MetalGrey_Medium" VScrollLeftSide="0"/>
            <Control Class="Window" LAnchorPoint="0" LAnchorOffset="0" TAnchorPoint="0" TAnchorOffset="140" RAnchorPoint="1" RAnchorOffset="0" BAnchorPoint="1" BAnchorOffset="0" RelativeToClient="1" Font="Default" Text="" BGColor="UI_AlphaPercent75" TextColor="UI_WindowTextDefault" Template="Default" TooltipType="OnCursor" Name="AdditiveListBlocker" TooltipColor="" Picture="1" IgnoreMouse="0" Sprite="BasicSprites:BlackFill" SwallowMouseClicks="1" HideInEditor="1" NewControlDepth="6" TooltipFont="CRB_InterfaceSmall_O" Tooltip="" TooltipId="CoordCrafting_MaxAdditives"/>
            <Control Class="Window" LAnchorPoint="0" LAnchorOffset="0" TAnchorPoint="0" TAnchorOffset="0" RAnchorPoint="0" RAnchorOffset="309" BAnchorPoint="0" BAnchorOffset="184" RelativeToClient="1" Font="Default" Text="" Template="Default" Name="BGPlayerCash" BGColor="UI_WindowTitleGray" TextColor="white" Sprite="Crafting_CoordSprites:sprCoord_CashBG" Picture="1" IgnoreMouse="1" TooltipColor="" NewControlDepth="1" Tooltip="" HideInEditor="0">
                <Pixie LAnchorPoint="0" LAnchorOffset="37" TAnchorPoint="0" TAnchorOffset="78" RAnchorPoint="1" RAnchorOffset="55" BAnchorPoint="0" BAnchorOffset="98" BGColor="UI_WindowBGDefault" Font="CRB_Interface9_BO" TextColor="UI_TextMetalGoldHighlight" Text="" TextId="CoordCrafting_PlayerCashLabel" Line="0"/>
            </Control>
            <Control Class="Window" LAnchorPoint="0.5" LAnchorOffset="-88" TAnchorPoint="0" TAnchorOffset="17" RAnchorPoint="0.5" RAnchorOffset="92" BAnchorPoint="0" BAnchorOffset="53" RelativeToClient="1" Font="CRB_Header14" Text="" Template="Default" TooltipType="OnCursor" Name="BGPlayerCashTitle" BGColor="white" TextColor="UI_WindowTitleYellow" TooltipColor="" TextId="CraftingGrid_Additives" DT_RIGHT="0" Picture="1" IgnoreMouse="1" Sprite="BK3:sprMetal_Framing_Header" DT_CENTER="1" DT_VCENTER="1" NewControlDepth="2" TooltipFont="CRB_Interface9_O" Tooltip="" TooltipId="Crafting_AdditivesTutorial"/>
            <Control Class="CashWindow" LAnchorPoint="0" LAnchorOffset="35" TAnchorPoint="0" TAnchorOffset="92" RAnchorPoint="1" RAnchorOffset="0" BAnchorPoint="0" BAnchorOffset="112" RelativeToClient="1" Font="CRB_InterfaceMedium_B" Sprite="" Text="" Template="OldMetalControl" Name="BGPlayerCashWindow" BGColor="white" TextColor="UI_TextMetalGoldHighlight" Tooltip="" IgnoreMouse="1" SkipZeroes="1" TooltipColor=""/>
        </Control>
        <Control Class="Window" LAnchorPoint="0" LAnchorOffset="68" TAnchorPoint="0.5" TAnchorOffset="-315" RAnchorPoint="0" RAnchorOffset="698" BAnchorPoint="0.5" BAnchorOffset="315" RelativeToClient="1" Font="Default" Text="" Template="Default" Name="CoordinateSchematic" Border="0" Picture="1" SwallowMouseClicks="1" Moveable="0" Escapable="0" Overlapped="1" BGColor="white" TextColor="white" Sprite="" TooltipColor="" TextId="" Tooltip="" IgnoreMouse="1" HideInEditor="0">
            <Control Class="Window" LAnchorPoint="0" LAnchorOffset="0" TAnchorPoint="0" TAnchorOffset="0" RAnchorPoint="1" RAnchorOffset="0" BAnchorPoint="1" BAnchorOffset="0" RelativeToClient="1" Font="Default" Text="" Template="Default" TooltipType="OnCursor" Name="Discoverables" BGColor="white" TextColor="white" TooltipColor="" IgnoreMouse="1" NeverBringToFront="1" HideInEditor="0" NewControlDepth="1"/>
            <Control Class="Window" LAnchorPoint="0" LAnchorOffset="0" TAnchorPoint="0" TAnchorOffset="0" RAnchorPoint="1" RAnchorOffset="0" BAnchorPoint="1" BAnchorOffset="0" RelativeToClient="1" Font="Default" Template="Default" Name="Graph" BGColor="white" TextColor="white" IgnoreMouse="1" NeverBringToFront="1" TooltipColor="" Sprite="" Picture="1" Tooltip="" HideInEditor="0" NewControlDepth="5"/>
            <Control Class="Window" LAnchorPoint="0.5" LAnchorOffset="-86" TAnchorPoint="0.5" TAnchorOffset="-86" RAnchorPoint="0.5" RAnchorOffset="86" BAnchorPoint="0.5" BAnchorOffset="86" RelativeToClient="1" Font="Default" Text="" BGColor="ffffffff" TextColor="UI_WindowTextDefault" Template="Default" TooltipType="OnCursor" Name="DiscoverablesMiddleArtHack" TooltipColor="" Sprite="Crafting_CoordSprites:sprCoord_GridMiddleBG" Picture="1" IgnoreMouse="1" HideInEditor="0" NewControlDepth="1" Visible="1"/>
            <Control Class="Window" LAnchorPoint="0" LAnchorOffset="0" TAnchorPoint="0" TAnchorOffset="0" RAnchorPoint="1" RAnchorOffset="0" BAnchorPoint="1" BAnchorOffset="0" RelativeToClient="1" Font="Default" Text="" BGColor="UI_WindowBGDefault" TextColor="UI_WindowTextDefault" Template="Default" TooltipType="OnCursor" Name="MarkerLayer" TooltipColor="" NewControlDepth="1"/>
        </Control>
        <Control Class="Window" LAnchorPoint="0" LAnchorOffset="80" TAnchorPoint="0" TAnchorOffset="40" RAnchorPoint="0" RAnchorOffset="262" BAnchorPoint="0" BAnchorOffset="170" RelativeToClient="1" Font="Default" Text="" Template="Default" TooltipType="OnCursor" Name="CraftMaterials" BGColor="white" TextColor="ffffffff" TooltipColor="" Visible="1" HideInEditor="0" Picture="0" IgnoreMouse="1" Sprite="CRB_Basekit:kitInnerFrame_MetalGrey_Medium" TransitionShowHide="1" NewControlDepth="1" Tooltip="" TooltipId="CraftingGrid_MaterialsTooltip" TooltipFont="CRB_Interface9_O">
            <Control Class="Window" LAnchorPoint="0" LAnchorOffset="10" TAnchorPoint="0" TAnchorOffset="0" RAnchorPoint="1" RAnchorOffset="0" BAnchorPoint="0" BAnchorOffset="36" RelativeToClient="1" Font="CRB_Header14" Text="" Template="Default" TooltipType="OnCursor" Name="CraftMaterialsLabel" BGColor="white" TextColor="UI_WindowTitleYellow" TooltipColor="" TextId="Crafting_Moves" DT_CENTER="0" Tooltip="" TooltipId="" TooltipFont="CRB_InterfaceSmall_O" Sprite="" Picture="1" IgnoreMouse="1" DT_VCENTER="1"/>
            <Control Class="Window" LAnchorPoint="0" LAnchorOffset="0" TAnchorPoint="1" TAnchorOffset="-102" RAnchorPoint="1" RAnchorOffset="0" BAnchorPoint="1" BAnchorOffset="0" RelativeToClient="1" Font="Default" Text="" Template="Default" TooltipType="OnCursor" Name="CraftMaterialsList" BGColor="white" TextColor="white" TooltipColor="" Sprite="" Picture="0" IgnoreMouse="1" NoClip="1" Tooltip=""/>
        </Control>
        <Control Class="Window" LAnchorPoint="0" LAnchorOffset="68" TAnchorPoint="0.5" TAnchorOffset="-334" RAnchorPoint="0" RAnchorOffset="698" BAnchorPoint="0.5" BAnchorOffset="334" RelativeToClient="1" Font="Default" Text="" BGColor="UI_WindowBGDefault" TextColor="UI_WindowTextDefault" Template="Default" TooltipType="OnCursor" Name="BGGridAdornments" TooltipColor="" Tooltip="" HideInEditor="0" NewControlDepth="1" Sprite="Crafting_CoordSprites:sprCoord_GridSquareBG" Picture="1" IgnoreMouse="1">
            <Control Class="Window" LAnchorPoint="0.5" LAnchorOffset="-15" TAnchorPoint="0" TAnchorOffset="0" RAnchorPoint="0.5" RAnchorOffset="15" BAnchorPoint="0" BAnchorOffset="35" RelativeToClient="1" Font="CRB_InterfaceMedium_BO" Template="Default" Name="YAxisTopIcon" BGColor="white" TextColor="UI_TextMetalGoldHighlight" DT_SINGLELINE="0" DT_RIGHT="1" IgnoreMouse="0" TooltipColor="" Visible="1" Text="" TextId="" Tooltip="" TooltipId="" TooltipType="OnCursor" TooltipFont="CRB_InterfaceSmall_O" DT_CENTER="1" HideInEditor="0" Picture="1" Sprite="Crafting_CoordSprites:sprCoord_Icon_ArchitectSynthetic"/>
            <Control Class="Window" LAnchorPoint="0.5" LAnchorOffset="-15" TAnchorPoint="1" TAnchorOffset="-45" RAnchorPoint="0.5" RAnchorOffset="15" BAnchorPoint="1" BAnchorOffset="-10" RelativeToClient="1" Font="CRB_InterfaceMedium_BO" Template="Default" Name="YAxisBottomIcon" BGColor="white" TextColor="UI_TextMetalGoldHighlight" DT_SINGLELINE="0" DT_RIGHT="1" IgnoreMouse="0" TooltipColor="" Visible="1" Text="" TextId="" Tooltip="" TooltipId="" TooltipType="OnCursor" TooltipFont="CRB_InterfaceSmall_O" DT_CENTER="1" HideInEditor="0" Picture="1" Sprite="Crafting_CoordSprites:sprCoord_Icon_ArchitectSynthetic"/>
            <Control Class="Window" LAnchorPoint="1" LAnchorOffset="-35" TAnchorPoint="0.5" TAnchorOffset="-17" RAnchorPoint="1" RAnchorOffset="-5" BAnchorPoint="0.5" BAnchorOffset="18" RelativeToClient="1" Font="CRB_InterfaceMedium_BO" Template="Default" Name="XAxisRightIcon" BGColor="white" TextColor="UI_TextMetalGoldHighlight" DT_SINGLELINE="0" DT_RIGHT="1" IgnoreMouse="0" TooltipColor="" Visible="1" Text="" TextId="" Tooltip="" TooltipId="" TooltipType="OnCursor" TooltipFont="CRB_InterfaceSmall_O" DT_CENTER="1" HideInEditor="0" Picture="1" Sprite="Crafting_CoordSprites:sprCoord_Icon_ArchitectSynthetic"/>
            <Control Class="Window" LAnchorPoint="0" LAnchorOffset="5" TAnchorPoint="0.5" TAnchorOffset="-17" RAnchorPoint="0" RAnchorOffset="35" BAnchorPoint="0.5" BAnchorOffset="18" RelativeToClient="1" Font="CRB_InterfaceMedium_BO" Template="Default" Name="XAxisLeftIcon" BGColor="white" TextColor="UI_TextMetalGoldHighlight" DT_SINGLELINE="0" DT_RIGHT="1" IgnoreMouse="0" TooltipColor="" Visible="1" Text="" TextId="" Tooltip="" TooltipId="" TooltipType="OnCursor" TooltipFont="CRB_InterfaceSmall_O" DT_CENTER="1" HideInEditor="0" Picture="1" Sprite="Crafting_CoordSprites:sprCoord_Icon_ArchitectSynthetic"/>
            <Control Class="Button" LAnchorPoint="0.33" LAnchorOffset="0" TAnchorPoint="0" TAnchorOffset="10" RAnchorPoint="0.67" RAnchorOffset="0" BAnchorPoint="0.33" BAnchorOffset="0" RelativeToClient="1" Font="Default" Text="" BGColor="UI_WindowBGDefault" TextColor="UI_WindowTextDefault" Template="Default" TooltipType="OnCursor" Name="HitZone_N" TooltipColor="" AutoHideScroll="0" Picture="1" IgnoreMouse="0" NormalTextColor="ffffffff" PressedTextColor="ffffffff" FlybyTextColor="ffffffff" PressedFlybyTextColor="ffffffff" DisabledTextColor="ffffffff">
                <Event Name="MouseEnter" Function="OnHitZoneMouseEnter"/>
                <Event Name="MouseExit" Function="OnHitZoneMouseExit"/>
                <Event Name="ButtonSignal" Function="OnHitzoneClick"/>
            </Control>
            <Control Class="Button" LAnchorPoint="0.67" LAnchorOffset="0" TAnchorPoint="0" TAnchorOffset="10" RAnchorPoint="1" RAnchorOffset="0" BAnchorPoint="0.33" BAnchorOffset="0" RelativeToClient="1" Font="Default" Text="" BGColor="UI_WindowBGDefault" TextColor="UI_WindowTextDefault" Template="Default" TooltipType="OnCursor" Name="HitZone_NE" TooltipColor="" Picture="1" IgnoreMouse="0" NormalTextColor="ffffffff" PressedTextColor="ffffffff" FlybyTextColor="ffffffff" PressedFlybyTextColor="ffffffff" DisabledTextColor="ffffffff">
                <Event Name="MouseEnter" Function="OnHitZoneMouseEnter"/>
                <Event Name="MouseExit" Function="OnHitZoneMouseExit"/>
                <Event Name="ButtonSignal" Function="OnHitzoneClick"/>
            </Control>
            <Control Class="Button" LAnchorPoint="0.67" LAnchorOffset="0" TAnchorPoint="0.33" TAnchorOffset="0" RAnchorPoint="1" RAnchorOffset="0" BAnchorPoint="0.67" BAnchorOffset="0" RelativeToClient="1" Font="Default" Text="" BGColor="UI_WindowBGDefault" TextColor="UI_WindowTextDefault" Template="Default" TooltipType="OnCursor" Name="HitZone_E" TooltipColor="" Picture="1" IgnoreMouse="0" NormalTextColor="ffffffff" PressedTextColor="ffffffff" FlybyTextColor="ffffffff" PressedFlybyTextColor="ffffffff" DisabledTextColor="ffffffff">
                <Event Name="MouseEnter" Function="OnHitZoneMouseEnter"/>
                <Event Name="MouseExit" Function="OnHitZoneMouseExit"/>
                <Event Name="ButtonSignal" Function="OnHitzoneClick"/>
            </Control>
            <Control Class="Button" LAnchorPoint="0.67" LAnchorOffset="0" TAnchorPoint="0.67" TAnchorOffset="0" RAnchorPoint="1" RAnchorOffset="0" BAnchorPoint="1" BAnchorOffset="0" RelativeToClient="1" Font="Default" Text="" BGColor="UI_WindowBGDefault" TextColor="UI_WindowTextDefault" Template="Default" TooltipType="OnCursor" Name="HitZone_SE" TooltipColor="" Picture="1" IgnoreMouse="0" NormalTextColor="ffffffff" PressedTextColor="ffffffff" FlybyTextColor="ffffffff" PressedFlybyTextColor="ffffffff" DisabledTextColor="ffffffff">
                <Event Name="MouseEnter" Function="OnHitZoneMouseEnter"/>
                <Event Name="MouseExit" Function="OnHitZoneMouseExit"/>
                <Event Name="ButtonSignal" Function="OnHitzoneClick"/>
            </Control>
            <Control Class="Button" LAnchorPoint="0.33" LAnchorOffset="0" TAnchorPoint="0.67" TAnchorOffset="0" RAnchorPoint="0.67" RAnchorOffset="0" BAnchorPoint="1" BAnchorOffset="0" RelativeToClient="1" Font="Default" Text="" BGColor="UI_WindowBGDefault" TextColor="UI_WindowTextDefault" Template="Default" TooltipType="OnCursor" Name="HitZone_S" TooltipColor="" Picture="1" IgnoreMouse="0" NormalTextColor="ffffffff" PressedTextColor="ffffffff" FlybyTextColor="ffffffff" PressedFlybyTextColor="ffffffff" DisabledTextColor="ffffffff">
                <Event Name="MouseEnter" Function="OnHitZoneMouseEnter"/>
                <Event Name="MouseExit" Function="OnHitZoneMouseExit"/>
                <Event Name="ButtonSignal" Function="OnHitzoneClick"/>
            </Control>
            <Control Class="Button" LAnchorPoint="0" LAnchorOffset="0" TAnchorPoint="0.67" TAnchorOffset="0" RAnchorPoint="0.33" RAnchorOffset="0" BAnchorPoint="1" BAnchorOffset="0" RelativeToClient="1" Font="Default" Text="" BGColor="UI_WindowBGDefault" TextColor="UI_WindowTextDefault" Template="Default" TooltipType="OnCursor" Name="HitZone_SW" TooltipColor="" Picture="1" IgnoreMouse="0" NormalTextColor="ffffffff" PressedTextColor="ffffffff" FlybyTextColor="ffffffff" PressedFlybyTextColor="ffffffff" DisabledTextColor="ffffffff">
                <Event Name="MouseEnter" Function="OnHitZoneMouseEnter"/>
                <Event Name="MouseExit" Function="OnHitZoneMouseExit"/>
                <Event Name="ButtonSignal" Function="OnHitzoneClick"/>
            </Control>
            <Control Class="Button" LAnchorPoint="0" LAnchorOffset="0" TAnchorPoint="0.33" TAnchorOffset="0" RAnchorPoint="0.33" RAnchorOffset="0" BAnchorPoint="0.67" BAnchorOffset="0" RelativeToClient="1" Font="Default" Text="" BGColor="UI_WindowBGDefault" TextColor="UI_WindowTextDefault" Template="Default" TooltipType="OnCursor" Name="HitZone_W" TooltipColor="" Picture="1" IgnoreMouse="0" NormalTextColor="ffffffff" PressedTextColor="ffffffff" FlybyTextColor="ffffffff" PressedFlybyTextColor="ffffffff" DisabledTextColor="ffffffff">
                <Event Name="MouseEnter" Function="OnHitZoneMouseEnter"/>
                <Event Name="MouseExit" Function="OnHitZoneMouseExit"/>
                <Event Name="ButtonSignal" Function="OnHitzoneClick"/>
            </Control>
            <Control Class="Button" LAnchorPoint="0" LAnchorOffset="0" TAnchorPoint="0" TAnchorOffset="0" RAnchorPoint="0.33" RAnchorOffset="0" BAnchorPoint="0.33" BAnchorOffset="0" RelativeToClient="1" Font="Default" Text="" BGColor="UI_WindowBGDefault" TextColor="UI_WindowTextDefault" Template="Default" TooltipType="OnCursor" Name="HitZone_NW" TooltipColor="" Picture="1" IgnoreMouse="0" NormalTextColor="ffffffff" PressedTextColor="ffffffff" FlybyTextColor="ffffffff" PressedFlybyTextColor="ffffffff" DisabledTextColor="ffffffff">
                <Event Name="MouseEnter" Function="OnHitZoneMouseEnter"/>
                <Event Name="MouseExit" Function="OnHitZoneMouseExit"/>
                <Event Name="ButtonSignal" Function="OnHitzoneClick"/>
            </Control>
            <Control Class="Button" LAnchorPoint="0.33" LAnchorOffset="0" TAnchorPoint="0.33" TAnchorOffset="0" RAnchorPoint="0.67" RAnchorOffset="0" BAnchorPoint="0.67" BAnchorOffset="0" RelativeToClient="1" Font="Default" Text="" BGColor="UI_WindowBGDefault" TextColor="UI_WindowTextDefault" Template="Default" TooltipType="OnCursor" Name="HitZone_Center" TooltipColor="" AutoHideScroll="0" Picture="1" IgnoreMouse="0" NormalTextColor="ffffffff" PressedTextColor="ffffffff" FlybyTextColor="ffffffff" PressedFlybyTextColor="ffffffff" DisabledTextColor="ffffffff">
                <Event Name="MouseEnter" Function="OnHitZoneMouseEnter"/>
                <Event Name="MouseExit" Function="OnHitZoneMouseExit"/>
                <Event Name="ButtonSignal" Function="OnHitzoneClick"/>
            </Control>
            <Pixie LAnchorPoint="0.5" LAnchorOffset="-73" TAnchorPoint="0" TAnchorOffset="-25" RAnchorPoint="0.5" RAnchorOffset="73" BAnchorPoint="0" BAnchorOffset="47" BGColor="UI_WindowBGDefault" Font="Default" TextColor="UI_WindowTextDefault" Text="" Sprite="Crafting_CoordSprites:sprCoord_Inset_AxisTop" Line="0"/>
            <Pixie LAnchorPoint="0.5" LAnchorOffset="-73" TAnchorPoint="1" TAnchorOffset="-57" RAnchorPoint="0.5" RAnchorOffset="73" BAnchorPoint="1" BAnchorOffset="15" BGColor="UI_WindowBGDefault" Font="Default" TextColor="UI_WindowTextDefault" Text="" Sprite="Crafting_CoordSprites:sprCoord_Inset_AxisBot" Line="0"/>
            <Pixie LAnchorPoint="0" LAnchorOffset="0" TAnchorPoint="0.5" TAnchorOffset="-21" RAnchorPoint="0" RAnchorOffset="50" BAnchorPoint="0.5" BAnchorOffset="21" BGColor="UI_WindowBGDefault" Font="Default" TextColor="UI_WindowTextDefault" Text="" Sprite="Crafting_CoordSprites:sprCoord_Inset_AxisLeft" Line="0"/>
            <Pixie LAnchorPoint="1" LAnchorOffset="-50" TAnchorPoint="0.5" TAnchorOffset="-21" RAnchorPoint="1" RAnchorOffset="0" BAnchorPoint="0.5" BAnchorOffset="21" BGColor="UI_WindowBGDefault" Font="Default" TextColor="UI_WindowTextDefault" Text="" Sprite="Crafting_CoordSprites:sprCoord_Inset_AxisRight" Line="0"/>
        </Control>
        <Control Class="Window" LAnchorPoint="0" LAnchorOffset="0" TAnchorPoint="0" TAnchorOffset="0" RAnchorPoint="1" RAnchorOffset="0" BAnchorPoint="1" BAnchorOffset="0" RelativeToClient="1" Font="Default" Text="" BGColor="UI_WindowBGDefault" TextColor="UI_WindowTextDefault" Template="Default" TooltipType="OnCursor" Name="BGMiddleLayer" TooltipColor="" HideInEditor="0" IgnoreMouse="1" Tooltip="" NewControlDepth="3">
            <Control Class="Window" LAnchorPoint="1" LAnchorOffset="-309" TAnchorPoint="0" TAnchorOffset="34" RAnchorPoint="1" RAnchorOffset="0" BAnchorPoint="0" BAnchorOffset="84" RelativeToClient="1" Font="CRB_Header24_O" Text="" Template="Default" TooltipType="OnCursor" Name="TopRightText" BGColor="white" TextColor="UI_BtnTextGrayOrangeListPressed" TooltipColor="" TextId="CraftingGrid_OutputLabel" Tooltip=""/>
            <Control Class="Window" LAnchorPoint="1" LAnchorOffset="-300" TAnchorPoint="0" TAnchorOffset="90" RAnchorPoint="1" RAnchorOffset="-70" BAnchorPoint="0" BAnchorOffset="142" RelativeToClient="1" Font="Default" Text="" BGColor="UI_WindowBGDefault" TextColor="UI_WindowTextDefault" Template="Default" TooltipType="OnCursor" Name="VariantsCurrentBox" TooltipColor=""/>
            <Control Class="Window" LAnchorPoint="1" LAnchorOffset="-300" TAnchorPoint="0" TAnchorOffset="140" RAnchorPoint="1" RAnchorOffset="0" BAnchorPoint="0" BAnchorOffset="180" RelativeToClient="1" Font="CRB_HeaderMedium_O" Text="" Template="Default" TooltipType="OnCursor" Name="VariantsListLabel" BGColor="white" TextColor="UI_BtnTextGrayOrangeListPressed" TooltipColor="" TextId="Tradeskills_Variants" Tooltip="">
                <Pixie LAnchorPoint="1" LAnchorOffset="-300" TAnchorPoint="1" TAnchorOffset="-20" RAnchorPoint="1" RAnchorOffset="0" BAnchorPoint="1" BAnchorOffset="0" BGColor="white" Font="CRB_HeaderTiny_O" TextColor="UI_BtnTextGrayOrangeListPressed" Text="Use Additives to make these" TextId="" DT_BOTTOM="1" Line="0"/>
            </Control>
            <Control Class="Window" LAnchorPoint="1" LAnchorOffset="-300" TAnchorPoint="0" TAnchorOffset="185" RAnchorPoint="1" RAnchorOffset="-62" BAnchorPoint="0" BAnchorOffset="385" RelativeToClient="1" Font="Default" Text="" BGColor="UI_WindowBGDefault" TextColor="UI_WindowTextDefault" Template="Holo_ScrollListSmall" TooltipType="OnCursor" Name="VariantsList" TooltipColor="" VScroll="1" IgnoreMouse="1" AutoHideScroll="1"/>
            <Control Class="Window" LAnchorPoint="1" LAnchorOffset="-360" TAnchorPoint="1" TAnchorOffset="-165" RAnchorPoint="1" RAnchorOffset="-60" BAnchorPoint="1" BAnchorOffset="-145" RelativeToClient="1" Font="CRB_InterfaceMedium_B" Text="" Template="Default" TooltipType="OnCursor" Name="HelperText_ReadyToCraft" BGColor="white" TextColor="UI_TextHoloTitle" TooltipColor="" TextId="CoordCrafting_MaxAdditives" DT_VCENTER="0" DT_RIGHT="0" Visible="0" HideInEditor="0" DT_CENTER="1" IgnoreMouse="1" IgnoreTooltipDelay="0" TransitionShowHide="1" DT_WORDBREAK="1" DT_BOTTOM="0"/>
            <Control Class="Button" Base="btnCircuit_Glass_GreenOrange" Font="CRB_Header20" ButtonType="PushButton" RadioGroup="" LAnchorPoint="1" LAnchorOffset="-307" TAnchorPoint="1" TAnchorOffset="-125" RAnchorPoint="1" RAnchorOffset="-116" BAnchorPoint="1" BAnchorOffset="-54" DT_VCENTER="1" DT_CENTER="1" Name="CraftBtn" BGColor="white" TextColor="white" NormalTextColor="UI_BtnTextGreenNormal" PressedTextColor="UI_BtnTextGreenPressed" FlybyTextColor="UI_BtnTextGreenFlyby" PressedFlybyTextColor="UI_BtnTextGreenPressedFlyby" DisabledTextColor="UI_BtnTextGreenDisabled" TextId="ActivationPrompt_CraftingStation" IgnoreTooltipDelay="0" RelativeToClient="1" Text="" TooltipColor="" Visible="1" HideInEditor="0" TooltipType="OnCursor" TooltipFont="CRB_InterfaceSmall_O" WindowSoundTemplate="TogglePhys01">
                <Event Name="ButtonSignal" Function="OnCraftBtn"/>
            </Control>
            <Control Class="Window" LAnchorPoint="0" LAnchorOffset="51" TAnchorPoint="0.5" TAnchorOffset="-349" RAnchorPoint="1" RAnchorOffset="-287" BAnchorPoint="0.5" BAnchorOffset="342" RelativeToClient="1" Font="Default" Text="" BGColor="white" TextColor="white" Template="Default" TooltipType="OnCursor" Name="BGOrange" TooltipColor="" Picture="1" IgnoreMouse="1" Sprite="sprCoord_OrangeBG" HideInEditor="0" NewControlDepth="1"/>
            <Control Class="Window" LAnchorPoint="0" LAnchorOffset="687" TAnchorPoint="0.5" TAnchorOffset="-350" RAnchorPoint="0" RAnchorOffset="706" BAnchorPoint="0.5" BAnchorOffset="342" RelativeToClient="1" Font="Default" Text="" BGColor="UI_WindowBGDefault" TextColor="UI_WindowTextDefault" Template="Default" TooltipType="OnCursor" Name="BGVertDivider" TooltipColor="" Sprite="CRB_Basekit:kitDivider_Vert_MetalGold" Picture="1" IgnoreMouse="1" NewControlDepth="1" HideInEditor="0"/>
            <Pixie LAnchorPoint="0" LAnchorOffset="960" TAnchorPoint="0" TAnchorOffset="665" RAnchorPoint="0" RAnchorOffset="1187" BAnchorPoint="1" BAnchorOffset="-36" BGColor="UI_WindowBGDefault" Font="Default" TextColor="UI_WindowTextDefault" Text="" Sprite="CRB_Basekit:kitBase_MetalGrey_Medium" Line="0"/>
            <Pixie LAnchorPoint="0" LAnchorOffset="0" TAnchorPoint="0" TAnchorOffset="0" RAnchorPoint="0" RAnchorOffset="77" BAnchorPoint="0" BAnchorOffset="50" BGColor="white" Font="Default" TextColor="UI_WindowTextDefault" Text="" Sprite="sprRunecrafting_FrameBG_TopLeft" Line="0"/>
            <Pixie LAnchorPoint="0" LAnchorOffset="-1" TAnchorPoint="1" TAnchorOffset="-203" RAnchorPoint="0" RAnchorOffset="369" BAnchorPoint="1" BAnchorOffset="-3" BGColor="white" Font="Default" TextColor="UI_WindowTextDefault" Text="" Sprite="sprRunecrafting_FrameBG_BottomLeft" Line="0"/>
            <Pixie LAnchorPoint="1" LAnchorOffset="-356" TAnchorPoint="1" TAnchorOffset="-154" RAnchorPoint="1" RAnchorOffset="-68" BAnchorPoint="1" BAnchorOffset="-15" BGColor="UI_WindowBGDefault" Font="Default" TextColor="UI_WindowTextDefault" Text="" Sprite="sprCircuit_BtnHolderFrame" Line="0"/>
        </Control>
        <Control Class="Window" LAnchorPoint="0" LAnchorOffset="0" TAnchorPoint="0" TAnchorOffset="0" RAnchorPoint="1" RAnchorOffset="0" BAnchorPoint="1" BAnchorOffset="0" RelativeToClient="1" Font="Default" Text="" Template="Default" TooltipType="OnCursor" Name="BGBlockers" BGColor="white" TextColor="white" TooltipColor="" HideInEditor="0" Tooltip="">
            <Control Class="Window" LAnchorPoint="0" LAnchorOffset="0" TAnchorPoint="0" TAnchorOffset="0" RAnchorPoint="1" RAnchorOffset="0" BAnchorPoint="1" BAnchorOffset="0" RelativeToClient="1" Font="CRB_HeaderMedium" Text="" Template="Default" TooltipType="OnCursor" Name="BGPreviewOnlyBlocker" BGColor="white" TextColor="UI_TextMetalBodyHighlight" TooltipColor="white" Tooltip="" Picture="1" IgnoreMouse="1" Sprite="" NewWindowDepth="1" DT_CENTER="1" DT_VCENTER="1" TextId="" HideInEditor="0" Visible="0" TooltipFont="CRB_InterfaceSmall_O" TooltipId="">
                <Control Class="Window" LAnchorPoint="0" LAnchorOffset="62" TAnchorPoint="0" TAnchorOffset="37" RAnchorPoint="0" RAnchorOffset="1001" BAnchorPoint="1" BAnchorOffset="0" RelativeToClient="1" Font="Default" Text="" BGColor="UI_AlphaPercent75" TextColor="UI_WindowTextDefault" Template="Default" TooltipType="OnCursor" Name="MouseBlocker" TooltipColor="" Sprite="Crafting_CoordSprites:sprCoord_GlassBG" Picture="1" IgnoreMouse="0" SwallowMouseClicks="1" Tooltip="" TooltipId="CBCrafting_PreviewOnlyBlocker" TooltipFont="CRB_Interface9_O"/>
                <Control Class="Window" LAnchorPoint="0.5" LAnchorOffset="-454" TAnchorPoint="0.5" TAnchorOffset="-41" RAnchorPoint="0.5" RAnchorOffset="-104" BAnchorPoint="0.5" BAnchorOffset="41" RelativeToClient="1" Font="CRB_HeaderSmall" Text="" BGColor="UI_WindowBGDefault" TextColor="UI_AlphaPercent65" Template="Default" TooltipType="OnCursor" Name="PreviewOnlyPreviewLabel" TooltipColor="" Sprite="Crafting_CoordSprites:sprCoord_PreviewBanner" Picture="1" IgnoreMouse="1" DT_CENTER="1" DT_VCENTER="1" TextId="Tradeskills_Preview" Tooltip=""/>
                <Control Class="Window" LAnchorPoint="1" LAnchorOffset="-384" TAnchorPoint="1" TAnchorOffset="-403" RAnchorPoint="1" RAnchorOffset="-37" BAnchorPoint="1" BAnchorOffset="-90" RelativeToClient="1" Font="Default" Text="" Template="Default" TooltipType="OnCursor" Name="CatalystContainer" BGColor="white" TextColor="white" TooltipColor="" Sprite="BK3:UI_BK3_Holo_Framing_1" Picture="1" IgnoreMouse="0" Visible="1" HideInEditor="0" Tooltip="" TooltipFont="CRB_InterfaceSmall_O" TooltipId="" UseTemplateBG="0" Border="0" NewControlDepth="1">
                    <Control Class="Window" LAnchorPoint="0" LAnchorOffset="0" TAnchorPoint="0" TAnchorOffset="40" RAnchorPoint="1" RAnchorOffset="0" BAnchorPoint="0" BAnchorOffset="70" RelativeToClient="1" Font="CRB_HeaderLarge" Text="" Template="Default" TooltipType="OnCursor" Name="CatalystGlobalTitle" BGColor="white" TextColor="UI_WindowTitleYellow" TooltipColor="" TextId="CoordCrafting_Catalysts" DT_CENTER="1" Tooltip="" TooltipId="" TooltipFont="CRB_InterfaceSmall_O" Visible="1" HideInEditor="0" Sprite="" Picture="1" IgnoreMouse="1"/>
                    <Control Class="Window" LAnchorPoint="0" LAnchorOffset="45" TAnchorPoint="0" TAnchorOffset="70" RAnchorPoint="1" RAnchorOffset="-45" BAnchorPoint="0" BAnchorOffset="105" RelativeToClient="1" Font="CRB_InterfaceSmall" Text="" BGColor="UI_WindowBGDefault" TextColor="UI_WindowTitleYellow" Template="Default" TooltipType="OnCursor" Name="CatalystGlobalSubtitle" TooltipColor="" TextId="CoordCrafting_BonusMatTooltip" DT_CENTER="1" DT_VCENTER="1" DT_WORDBREAK="1"/>
                    <Control Class="Window" LAnchorPoint="0" LAnchorOffset="47" TAnchorPoint="0" TAnchorOffset="106" RAnchorPoint="1" RAnchorOffset="-47" BAnchorPoint="1" BAnchorOffset="-47" RelativeToClient="1" Font="CRB_InterfaceSmall" Text="" Template="Holo_ScrollListSmall" TooltipType="OnCursor" Name="CatalystGlobalList" BGColor="white" TextColor="UI_TextHoloTitle" TooltipColor="" HScroll="0" IgnoreMouse="1" Picture="0" Tooltip="" VScroll="1" AutoHideScroll="1" DT_CENTER="1" DT_VCENTER="1" TextId="CoordCrafting_NoCatalystsInInv" DT_WORDBREAK="1"/>
                    <Pixie LAnchorPoint="0" LAnchorOffset="45" TAnchorPoint="0" TAnchorOffset="70" RAnchorPoint="1" RAnchorOffset="-45" BAnchorPoint="1" BAnchorOffset="-45" BGColor="UI_WindowBGDefault" Font="Default" TextColor="UI_WindowTextDefault" Text="" Sprite="BK3:UI_BK3_Holo_InsetHeaderThin" Line="0"/>
                </Control>
                <Control Class="Window" LAnchorPoint="1" LAnchorOffset="-356" TAnchorPoint="1" TAnchorOffset="-154" RAnchorPoint="1" RAnchorOffset="-68" BAnchorPoint="1" BAnchorOffset="-15" RelativeToClient="1" Font="Default" Text="" BGColor="UI_WindowBGDefault" TextColor="UI_WindowTextDefault" Template="Default" TooltipType="OnCursor" Name="PreviewStartBtnHolder" TooltipColor="" Picture="1" IgnoreMouse="1" Sprite="sprCircuit_BtnHolderFrame" NewControlDepth="2"/>
                <Control Class="Button" Base="btnCircuit_Glass_GreenOrange" Font="CRB_Header20" ButtonType="PushButton" RadioGroup="" LAnchorPoint="1" LAnchorOffset="-307" TAnchorPoint="1" TAnchorOffset="-125" RAnchorPoint="1" RAnchorOffset="-116" BAnchorPoint="1" BAnchorOffset="-54" DT_VCENTER="1" DT_CENTER="1" Name="PreviewStartCraftBtn" BGColor="white" TextColor="white" NormalTextColor="UI_BtnTextGreenNormal" PressedTextColor="UI_BtnTextGreenPressed" FlybyTextColor="UI_BtnTextGreenFlyby" PressedFlybyTextColor="UI_BtnTextGreenPressedFlyby" DisabledTextColor="UI_BtnTextGreenDisabled" TextId="CBCrafting_StartCraft" IgnoreTooltipDelay="0" RelativeToClient="1" Text="" TooltipColor="" Visible="1" HideInEditor="0" TooltipType="OnCursor" TooltipFont="CRB_InterfaceSmall_O" WindowSoundTemplate="TogglePhys01" Tooltip="" TooltipId="CBCrafting_StartCraft">
                    <Event Name="ButtonSignal" Function="OnPreviewStartCraftBtn"/>
                </Control>
            </Control>
            <Control Class="Window" LAnchorPoint="0" LAnchorOffset="0" TAnchorPoint="0" TAnchorOffset="0" RAnchorPoint="1" RAnchorOffset="0" BAnchorPoint="1" BAnchorOffset="0" RelativeToClient="1" Font="CRB_HeaderMedium" Text="" Template="Default" TooltipType="OnCursor" Name="BGCraftingStationBlocker" BGColor="white" TextColor="UI_TextMetalBodyHighlight" TooltipColor="" Tooltip="" Picture="1" IgnoreMouse="1" Sprite="" NewWindowDepth="1" DT_CENTER="1" DT_VCENTER="1" TextId="" HideInEditor="1" Visible="0" TooltipFont="CRB_InterfaceSmall_O" TooltipId="">
                <Control Class="Window" LAnchorPoint="0" LAnchorOffset="62" TAnchorPoint="0" TAnchorOffset="37" RAnchorPoint="0" RAnchorOffset="1001" BAnchorPoint="1" BAnchorOffset="0" RelativeToClient="1" Font="CRB_InterfaceLarge_BO" Text="" BGColor="UI_AlphaPercent75" TextColor="UI_WindowTextDefault" Template="Default" TooltipType="OnCursor" Name="MouseBlocker" TooltipColor="" Sprite="Crafting_CoordSprites:sprCoord_GlassBG" Picture="1" IgnoreMouse="0" SwallowMouseClicks="1" TextId="" DT_CENTER="1" DT_VCENTER="1" Tooltip="" TooltipId="Crafting_NotNearStation" TooltipFont="CRB_Interface9_O"/>
                <Control Class="Window" LAnchorPoint="1" LAnchorOffset="-307" TAnchorPoint="1" TAnchorOffset="-125" RAnchorPoint="1" RAnchorOffset="-116" BAnchorPoint="1" BAnchorOffset="-54" RelativeToClient="1" Font="CRB_Header20" Text="" BGColor="UI_WindowBGDefault" TextColor="UI_BtnTextGreenDisabled" Template="Default" TooltipType="OnCursor" Name="MouseBlockerBtn" TooltipColor="" Sprite="btnCircuit_Glass_GreenOrangeDisabled" Picture="1" IgnoreMouse="0" TextId="CBCrafting_NoStation" DT_CENTER="1" DT_VCENTER="1" SwallowMouseClicks="1"/>
                <Control Class="Window" LAnchorPoint="0" LAnchorOffset="262" TAnchorPoint="0" TAnchorOffset="283" RAnchorPoint="0" RAnchorOffset="502" BAnchorPoint="0" BAnchorOffset="347" RelativeToClient="1" Font="CRB_Interface16_BB" Text="" Template="Default" TooltipType="OnCursor" Name="Pixie" BGColor="white" TextColor="AddonError" TooltipColor="" TextId="Crafting_NoStation" DT_CENTER="1" DT_VCENTER="0" DT_WORDBREAK="1" NewControlDepth="1"/>
                <Control Class="Window" LAnchorPoint="0" LAnchorOffset="328" TAnchorPoint="0" TAnchorOffset="188" RAnchorPoint="0" RAnchorOffset="428" BAnchorPoint="0" BAnchorOffset="288" RelativeToClient="1" Font="Default" Text="" Template="Default" TooltipType="OnCursor" Name="Pixie" BGColor="white" TextColor="white" TooltipColor="" Sprite="CRB_Anim_SignalLost:sprMap_Anim_SignalLost" Picture="1" IgnoreMouse="1"/>
            </Control>
            <Control Class="Window" LAnchorPoint="0" LAnchorOffset="0" TAnchorPoint="0" TAnchorOffset="0" RAnchorPoint="1" RAnchorOffset="0" BAnchorPoint="1" BAnchorOffset="0" RelativeToClient="1" Font="Default" Text="" Template="Default" TooltipType="OnCursor" Name="BGNoMaterialsBlocker" BGColor="white" TextColor="white" TooltipColor="" Tooltip="" Picture="1" IgnoreMouse="1" Sprite="" NewWindowDepth="1" TextId="" HideInEditor="1" Visible="0" TooltipId="" TooltipFont="CRB_InterfaceSmall_O">
                <Control Class="Window" LAnchorPoint="0" LAnchorOffset="62" TAnchorPoint="0" TAnchorOffset="37" RAnchorPoint="0" RAnchorOffset="1001" BAnchorPoint="1" BAnchorOffset="0" RelativeToClient="1" Font="CRB_InterfaceLarge_BO" Text="" BGColor="UI_AlphaPercent75" TextColor="UI_WindowTextDefault" Template="Default" TooltipType="OnCursor" Name="MouseBlocker" TooltipColor="" Sprite="Crafting_CoordSprites:sprCoord_GlassBG" Picture="1" IgnoreMouse="0" SwallowMouseClicks="1" TextId="" DT_CENTER="1" DT_VCENTER="1" Tooltip="" TooltipId="CoordCrafting_PreviewTooltip" TooltipFont="CRB_Interface9_O" HideInEditor="0"/>
                <Control Class="Window" LAnchorPoint="1" LAnchorOffset="-307" TAnchorPoint="1" TAnchorOffset="-125" RAnchorPoint="1" RAnchorOffset="-116" BAnchorPoint="1" BAnchorOffset="-54" RelativeToClient="1" Font="CRB_Header20" Text="" BGColor="UI_WindowBGDefault" TextColor="UI_BtnTextGreenDisabled" Template="Default" TooltipType="OnCursor" Name="MouseBlockerBtn" TooltipColor="" Sprite="btnCircuit_Glass_GreenOrangeDisabled" Picture="1" IgnoreMouse="0" TextId="CBCrafting_PreviewOnlyMissingMaterials" DT_CENTER="1" DT_VCENTER="1" SwallowMouseClicks="1" Tooltip="" TooltipId="CoordCrafting_PreviewTooltip" TooltipFont="CRB_InterfaceSmall_O"/>
                <Control Class="Window" LAnchorPoint="1" LAnchorOffset="-298" TAnchorPoint="1" TAnchorOffset="-212" RAnchorPoint="1" RAnchorOffset="-98" BAnchorPoint="1" BAnchorOffset="-147" RelativeToClient="1" Font="Default" Text="" Template="Default" TooltipType="OnCursor" Name="BGNoMaterialsList" BGColor="white" TextColor="white" TooltipColor="" Tooltip=""/>
            </Control>
            <Control Class="Window" LAnchorPoint="0" LAnchorOffset="0" TAnchorPoint="0" TAnchorOffset="0" RAnchorPoint="1" RAnchorOffset="0" BAnchorPoint="1" BAnchorOffset="0" RelativeToClient="1" Font="CRB_HeaderMedium" Text="" Template="Default" TooltipType="OnCursor" Name="BGNotKnownBlocker" BGColor="white" TextColor="UI_TextMetalBodyHighlight" TooltipColor="white" Tooltip="" Picture="1" IgnoreMouse="1" Sprite="" NewWindowDepth="1" DT_CENTER="1" DT_VCENTER="1" TextId="" HideInEditor="1" Visible="0" TooltipFont="CRB_InterfaceSmall_O" TooltipId="">
                <Control Class="Window" LAnchorPoint="0" LAnchorOffset="62" TAnchorPoint="0" TAnchorOffset="37" RAnchorPoint="0" RAnchorOffset="1001" BAnchorPoint="1" BAnchorOffset="0" RelativeToClient="1" Font="Default" Text="" BGColor="UI_AlphaPercent75" TextColor="UI_WindowTextDefault" Template="Default" TooltipType="OnCursor" Name="MouseBlocker" TooltipColor="" Sprite="Crafting_CoordSprites:sprCoord_GlassBG" Picture="1" IgnoreMouse="0" SwallowMouseClicks="1" Tooltip="" TooltipId="CBCrafting_PreviewOnlyBlocker" TooltipFont="CRB_Interface9_O"/>
                <Control Class="Window" LAnchorPoint="0.5" LAnchorOffset="-454" TAnchorPoint="0.5" TAnchorOffset="-41" RAnchorPoint="0.5" RAnchorOffset="-104" BAnchorPoint="0.5" BAnchorOffset="41" RelativeToClient="1" Font="CRB_HeaderSmall" Text="" BGColor="UI_WindowBGDefault" TextColor="UI_AlphaPercent65" Template="Default" TooltipType="OnCursor" Name="NotKnownPreviewLabel" TooltipColor="" Sprite="Crafting_CoordSprites:sprCoord_PreviewBanner" Picture="1" IgnoreMouse="1" DT_CENTER="1" DT_VCENTER="1" TextId="Tradeskills_Preview"/>
                <Control Class="Window" LAnchorPoint="1" LAnchorOffset="-307" TAnchorPoint="1" TAnchorOffset="-125" RAnchorPoint="1" RAnchorOffset="-116" BAnchorPoint="1" BAnchorOffset="-54" RelativeToClient="1" Font="CRB_Header20" Text="" BGColor="UI_WindowBGDefault" TextColor="UI_BtnTextGreenDisabled" Template="Default" TooltipType="OnCursor" Name="MouseBlockerBtn" TooltipColor="" Sprite="btnCircuit_Glass_GreenOrangeDisabled" Picture="1" IgnoreMouse="0" TextId="CRB_Locked" DT_CENTER="1" DT_VCENTER="1" SwallowMouseClicks="1"/>
            </Control>
            <Control Class="Window" LAnchorPoint="0" LAnchorOffset="0" TAnchorPoint="0" TAnchorOffset="0" RAnchorPoint="1" RAnchorOffset="0" BAnchorPoint="1" BAnchorOffset="0" RelativeToClient="1" Font="Default" Text="" BGColor="UI_WindowBGDefault" TextColor="UI_WindowTextDefault" Template="Default" TooltipType="OnCursor" Name="BGPostCraftBlocker" TooltipColor="" IgnoreMouse="1" NewWindowDepth="1" Visible="0" HideInEditor="1">
                <Control Class="Window" LAnchorPoint="0" LAnchorOffset="62" TAnchorPoint="0" TAnchorOffset="37" RAnchorPoint="0" RAnchorOffset="1001" BAnchorPoint="1" BAnchorOffset="0" RelativeToClient="1" Font="Default" Text="" BGColor="UI_AlphaPercent75" TextColor="UI_WindowTextDefault" Template="Default" TooltipType="OnCursor" Name="MouseBlocker" TooltipColor="" Sprite="Crafting_CoordSprites:sprCoord_GlassBG" Picture="1" IgnoreMouse="0" SwallowMouseClicks="1" Tooltip="" TooltipId="CBCrafting_PreviewOnlyBlocker" TooltipFont="CRB_Interface9_O" HideInEditor="0"/>
                <Control Class="Window" LAnchorPoint="1" LAnchorOffset="-307" TAnchorPoint="1" TAnchorOffset="-125" RAnchorPoint="1" RAnchorOffset="-116" BAnchorPoint="1" BAnchorOffset="-54" RelativeToClient="1" Font="CRB_Header20" Text="" BGColor="UI_WindowBGDefault" TextColor="UI_BtnTextGreenDisabled" Template="Default" TooltipType="OnCursor" Name="MouseBlockerBtn" TooltipColor="" Sprite="btnCircuit_Glass_GreenOrangeDisabled" Picture="1" IgnoreMouse="0" TextId="DialogResponse_CraftingStation" DT_CENTER="1" DT_VCENTER="1" SwallowMouseClicks="1" Tooltip="" TooltipId="" TooltipFont="CRB_InterfaceSmall_O"/>
                <Control Class="Window" LAnchorPoint="0" LAnchorOffset="331" TAnchorPoint="0.5" TAnchorOffset="-200" RAnchorPoint="0" RAnchorOffset="731" BAnchorPoint="0.5" BAnchorOffset="200" RelativeToClient="1" Font="CRB_HeaderGigantic_O" Text="" BGColor="UI_WindowBGDefault" TextColor="UI_WindowTitleYellow" Template="Default" TooltipType="OnCursor" Name="CraftingSummaryContainer" Border="0" Picture="1" SwallowMouseClicks="1" Moveable="0" Escapable="0" Overlapped="1" TooltipColor="" DT_CENTER="1" TextId="" IgnoreMouse="1" NewControlDepth="1"/>
            </Control>
        </Control>
        <Control Class="Button" Base="CRB_Basekit:kitBtn_Close" Font="Thick" ButtonType="PushButton" RadioGroup="" LAnchorPoint="1" LAnchorOffset="-72" TAnchorPoint="0" TAnchorOffset="15" RAnchorPoint="1" RAnchorOffset="-45" BAnchorPoint="0" BAnchorOffset="44" DT_VCENTER="1" DT_CENTER="1" TooltipType="OnCursor" Name="CloseBtn" BGColor="white" TextColor="white" TooltipColor="" NormalTextColor="white" PressedTextColor="white" FlybyTextColor="white" PressedFlybyTextColor="white" DisabledTextColor="white" Text="" RelativeToClient="1">
            <Event Name="ButtonSignal" Function="OnCloseBtn"/>
        </Control>
        <Control Class="Button" Base="CRB_Basekit:kitBtn_Holo_CircleSmall" Font="CRB_InterfaceMedium_B" ButtonType="Check" RadioGroup="" LAnchorPoint="1" LAnchorOffset="-57" TAnchorPoint="0" TAnchorOffset="47" RAnchorPoint="1" RAnchorOffset="-27" BAnchorPoint="0" BAnchorOffset="77" DT_VCENTER="1" DT_CENTER="1" Name="ShowTutorialsBtn" BGColor="white" TextColor="white" NormalTextColor="UI_BtnTextGrayNormal" PressedTextColor="UI_BtnTextGrayPressed" FlybyTextColor="UI_BtnTextGrayFlyby" PressedFlybyTextColor="UI_BtnTextGrayPressedFlyby" DisabledTextColor="UI_BtnTextGrayDisabled" Text="" TextId="" TooltipColor="" RelativeToClient="1" HideInEditor="0" Visible="1" TestAlpha="1" Tooltip="">
            <Event Name="ButtonCheck" Function="OnShowTutorialsBtnToggle"/>
            <Event Name="ButtonUncheck" Function="OnShowTutorialsBtnToggle"/>
            <Pixie LAnchorPoint="0" LAnchorOffset="3" TAnchorPoint="0" TAnchorOffset="5" RAnchorPoint="1" RAnchorOffset="-3" BAnchorPoint="1" BAnchorOffset="5" BGColor="UI_AlphaPercent50" Font="Default" TextColor="white" Text="" Sprite="CRB_Basekit:kitIcon_Holo_QuestionMark" Line="0"/>
        </Control>
        <Event Name="WindowClosed" Function="OnCloseBtn"/>
        <Control Class="BagWindow" LAnchorPoint="0" LAnchorOffset="0" TAnchorPoint="0" TAnchorOffset="0" RAnchorPoint="0" RAnchorOffset="0" BAnchorPoint="0" BAnchorOffset="0" RelativeToClient="0" Sprite="" SquareSize="50" BoxesPerRow="5" Template="CRB_Normal" TooltipType="OnCursor" Border="0" NoClip="1" SwallowMouseClicks="1" UseTemplateBG="1" VScroll="0" IgnoreTooltipDelay="1" NewQuestOverlaySprite="ClientSprites:sprItem_NewQuest" Name="HiddenBagWindow" BGColor="white" TextColor="white" TooltipColor="" Tooltip=""/>
        <Pixie LAnchorPoint="0" LAnchorOffset="0" TAnchorPoint="0" TAnchorOffset="0" RAnchorPoint="1" RAnchorOffset="0" BAnchorPoint="1" BAnchorOffset="0" Sprite="Crafting_CircuitSprites:sprCircuit_FrameBG" BGColor="white" TextColor="black" Rotation="0" Font="Default" Text=""/>
        <Pixie LAnchorPoint="0" LAnchorOffset="92" TAnchorPoint="0" TAnchorOffset="24" RAnchorPoint="1" RAnchorOffset="-320" BAnchorPoint="1" BAnchorOffset="-60" Sprite="Crafting_CoordSprites:sprCoord_BlackBG" BGColor="white" TextColor="black" Rotation="0" Font="Default"/>
        <Pixie LAnchorPoint="0" LAnchorOffset="693" TAnchorPoint="1" TAnchorOffset="-190" RAnchorPoint="0" RAnchorOffset="1002" BAnchorPoint="1" BAnchorOffset="-36" BGColor="UI_WindowBGDefault" Font="Default" TextColor="UI_WindowTextDefault" Text="" Sprite="CRB_Basekit:kitBase_MetalGrey_Medium" Line="0"/>
        <Pixie LAnchorPoint="1" LAnchorOffset="-375" TAnchorPoint="0" TAnchorOffset="22" RAnchorPoint="1" RAnchorOffset="-55" BAnchorPoint="0" BAnchorOffset="87" BGColor="UI_WindowBGDefault" Font="Default" TextColor="UI_WindowTextDefault" Text="" Sprite="sprCircuit_TitleBG" Line="0"/>
    </Form>
    <Form Class="Window" LAnchorPoint="0" LAnchorOffset="0" TAnchorPoint="0" TAnchorOffset="0" RAnchorPoint="1" RAnchorOffset="0" BAnchorPoint="1" BAnchorOffset="0" RelativeToClient="1" Font="Default" Text="" Template="Default" TooltipType="OnCursor" Name="GridDiscoverableItem" BGColor="white" TextColor="white" TooltipColor="" IgnoreMouse="1" NeverBringToFront="1" Picture="1" Overlapped="1" DoNotBlockTooltip="1" Tooltip="" TooltipFont="CRB_InterfaceSmall_O"/>
    <Form Class="Window" LAnchorPoint="0.5" LAnchorOffset="-50" TAnchorPoint="0.5" TAnchorOffset="-50" RAnchorPoint="0.5" RAnchorOffset="50" BAnchorPoint="0.5" BAnchorOffset="50" RelativeToClient="1" Font="Default" Text="" Template="Default" Name="GridAdditiveEstimate" BGColor="white" TextColor="white" IgnoreMouse="1" Overlapped="0" TooltipColor="" NewControlDepth="1" Sprite="Crafting_CoordSprites:sprCoord_AdditivePreview" Picture="1" Tooltip=""/>
    <Form Class="Window" LAnchorPoint="0.5" LAnchorOffset="-17" TAnchorPoint="0.5" TAnchorOffset="-17" RAnchorPoint="0.5" RAnchorOffset="17" BAnchorPoint="0.5" BAnchorOffset="17" RelativeToClient="1" Font="Default" Text="" Template="Default" Name="GridCircle" BGColor="white" TextColor="white" IgnoreMouse="1" TooltipColor="" Overlapped="1" Tooltip="" TooltipId="" NoClip="1">
        <Control Class="Window" LAnchorPoint="0.5" LAnchorOffset="-15" TAnchorPoint="0.5" TAnchorOffset="-15" RAnchorPoint="0.5" RAnchorOffset="15" BAnchorPoint="0.5" BAnchorOffset="15" RelativeToClient="1" Font="CRB_InterfaceSmall_O" Text="" Template="Default" Name="GridCircleIcon" BGColor="white" TextColor="white" Picture="1" IgnoreMouse="1" TooltipType="OnCursor" TooltipColor="" IgnoreTooltipDelay="1" Sprite="ClientSprites:Icon_MedKit"/>
        <Control Class="Window" LAnchorPoint="0.5" LAnchorOffset="-30" TAnchorPoint="0.5" TAnchorOffset="-30" RAnchorPoint="0.5" RAnchorOffset="30" BAnchorPoint="0.5" BAnchorOffset="30" RelativeToClient="1" Font="Default" Text="" Template="Default" Name="GridCircleRadius" BGColor="white" TextColor="white" IgnoreMouse="1" NoClip="1" Picture="1" IgnoreTooltipDelay="1" TooltipType="OnCursor" TooltipColor="" Sprite="Crafting_CoordSprites:sprCoord_AdditiveTargetBase" NewControlDepth="1">
            <Control Class="Window" LAnchorPoint="0" LAnchorOffset="0" TAnchorPoint="0" TAnchorOffset="0" RAnchorPoint="1" RAnchorOffset="0" BAnchorPoint="1" BAnchorOffset="0" RelativeToClient="1" Font="Default" Text="" Template="Default" TooltipType="OnCursor" Name="GridCircleHitItAnim" BGColor="white" TextColor="white" TooltipColor="" Picture="1" IgnoreMouse="1" Sprite="Crafting_CoordSprites:sprCoord_AdditiveTargetGreen" Visible="0" NewControlDepth="1" HideInEditor="0" Tooltip="" NoClip="1">
                <Pixie LAnchorPoint="0.5" LAnchorOffset="-20" TAnchorPoint="0.5" TAnchorOffset="-20" RAnchorPoint="0.5" RAnchorOffset="20" BAnchorPoint="0.5" BAnchorOffset="20" BGColor="UI_WindowBGDefault" Font="Default" TextColor="UI_WindowTextDefault" Text="" Sprite="sprCoord_Checkmark" Line="0"/>
            </Control>
        </Control>
        <Control Class="Window" LAnchorPoint="0" LAnchorOffset="0" TAnchorPoint="0" TAnchorOffset="0" RAnchorPoint="1" RAnchorOffset="0" BAnchorPoint="1" BAnchorOffset="0" RelativeToClient="1" Font="Default" Text="" Template="Default" TooltipType="OnCursor" Name="GridCircleTooltipHack" BGColor="white" TextColor="white" TooltipColor="" IgnoreMouse="1" IgnoreTooltipDelay="1"/>
    </Form>
    <Form Class="Window" LAnchorPoint="0.5" LAnchorOffset="-20" TAnchorPoint="0.5" TAnchorOffset="-20" RAnchorPoint="0.5" RAnchorOffset="20" BAnchorPoint="0.5" BAnchorOffset="20" RelativeToClient="1" Font="Default" Text="" Template="Default" Name="GridMarker" Border="0" Picture="1" SwallowMouseClicks="1" Moveable="0" Escapable="0" Overlapped="0" BGColor="white" TextColor="white" Sprite="Crafting_CoordSprites:sprCoord_AdditivePreviewSmall" TooltipColor="" LeftEdgeControlsAnchor="" TopEdgeControlsAnchor="" IgnoreMouse="1" Tooltip="">
        <Control Class="Window" LAnchorPoint="0.5" LAnchorOffset="-100" TAnchorPoint="0.5" TAnchorOffset="-100" RAnchorPoint="0.5" RAnchorOffset="100" BAnchorPoint="0.5" BAnchorOffset="100" RelativeToClient="1" Font="Default" Text="" Template="Default" TooltipType="OnCursor" Name="GridMarkerSpawnAnimation" BGColor="white" TextColor="white" TooltipColor="" Sprite="Crafting_CoordSprites:sprCoord_AdditivePreviewSmall" Picture="1" IgnoreMouse="1" Tooltip="" NoClip="1" Visible="1" HideInEditor="1" TransitionShowHide="1"/>
        <Control Class="Window" LAnchorPoint="0.5" LAnchorOffset="-35" TAnchorPoint="0.5" TAnchorOffset="-35" RAnchorPoint="0.5" RAnchorOffset="5" BAnchorPoint="0.5" BAnchorOffset="5" RelativeToClient="1" Font="CRB_InterfaceMedium_B" Text="" BGColor="UI_WindowBGDefault" TextColor="UI_TextHoloBody" Template="Default" TooltipType="OnCursor" Name="GridMarkerCircle" TooltipColor="" Sprite="Crafting_CoordSprites:sprCoord_SmallCircle_Dull" Picture="1" IgnoreMouse="1" NoClip="1" DT_CENTER="1" DT_VCENTER="1" TextId="CRB_1"/>
    </Form>
    <Form Class="Window" LAnchorPoint="0.5" LAnchorOffset="-20" TAnchorPoint="0.5" TAnchorOffset="-20" RAnchorPoint="0.5" RAnchorOffset="20" BAnchorPoint="0.5" BAnchorOffset="20" RelativeToClient="1" Font="Default" Text="" Template="Default" Name="GridLastMarker" Picture="1" SwallowMouseClicks="1" BGColor="white" TextColor="white" Sprite="spr_TEMP_CraftingMissedTargetIcon" NewControlDepth="30" TooltipColor="" Tooltip="" TooltipFont="CRB_InterfaceSmall_O" TooltipType="OnCursor" Overlapped="1" IgnoreTooltipDelay="1"/>
    <Form Class="Window" Font="Thick" LAnchorPoint="0.5" LAnchorOffset="-15" TAnchorPoint="0.5" TAnchorOffset="-15" RAnchorPoint="0.5" RAnchorOffset="15" BAnchorPoint="0.5" BAnchorOffset="15" DT_VCENTER="1" DT_CENTER="1" TooltipType="OnCursor" Name="GridCircleLockedItem" Picture="0" SwallowMouseClicks="1" Moveable="0" Escapable="0" Overlapped="1" BGColor="white" TextColor="white" TooltipColor="" NormalTextColor="white" PressedTextColor="white" FlybyTextColor="white" PressedFlybyTextColor="white" DisabledTextColor="white" RelativeToClient="1" IgnoreTooltipDelay="0" IgnoreMouse="1" TooltipFont="CRB_InterfaceSmall_O" Tooltip="">
        <Event Name="ButtonSignal" Function="OnMaterialsLockedItemBtn"/>
        <Control Class="Button" Base="BK3:btnHolo_Check" Font="Thick" ButtonType="PushButton" RadioGroup="" LAnchorPoint="0.5" LAnchorOffset="-13" TAnchorPoint="0.5" TAnchorOffset="-13" RAnchorPoint="0.5" RAnchorOffset="13" BAnchorPoint="0.5" BAnchorOffset="13" DT_VCENTER="1" DT_CENTER="1" Name="MaterialsLockedItemBtn" Border="0" Picture="1" SwallowMouseClicks="1" Moveable="0" Escapable="0" Overlapped="1" BGColor="white" TextColor="white" NormalTextColor="white" PressedTextColor="white" FlybyTextColor="white" PressedFlybyTextColor="white" DisabledTextColor="white" RelativeToClient="1" TooltipColor="" HideInEditor="0">
            <Event Name="ButtonSignal" Function="OnMaterialsLockedItemBtn"/>
        </Control>
        <Control Class="Window" LAnchorPoint="0.5" LAnchorOffset="-13" TAnchorPoint="0.5" TAnchorOffset="-12" RAnchorPoint="0.5" RAnchorOffset="13" BAnchorPoint="0.5" BAnchorOffset="14" RelativeToClient="1" Font="Default" Text="" Template="Default" Name="MaterialsLockedItemSprite" BGColor="white" TextColor="white" Sprite="CRB_AMPs:spr_AMPs_LockStretch_Blue" Picture="1" IgnoreMouse="1" NewControlDepth="1" TooltipColor="" IgnoreTooltipDelay="1" TooltipType="OnCursor" HideInEditor="0"/>
        <Control Class="Window" LAnchorPoint="0" LAnchorOffset="0" TAnchorPoint="0" TAnchorOffset="0" RAnchorPoint="1" RAnchorOffset="0" BAnchorPoint="1" BAnchorOffset="0" RelativeToClient="1" Font="Default" Text="" Template="Default" TooltipType="OnCursor" Name="MaterialsLockedItemMouseCatcher" BGColor="white" TextColor="white" TooltipColor="" TooltipFont="CRB_InterfaceSmall_O" IgnoreMouse="1" IgnoreTooltipDelay="1">
            <Event Name="MouseEnter" Function="OnMaterialsIconMouseEnter"/>
            <Event Name="MouseExit" Function="OnMaterialsIconMouseExit"/>
        </Control>
    </Form>
    <Form Class="Window" LAnchorPoint="0" LAnchorOffset="0" TAnchorPoint="0" TAnchorOffset="0" RAnchorPoint="0" RAnchorOffset="50" BAnchorPoint="0" BAnchorOffset="50" RelativeToClient="1" Font="Default" Text="" Template="Default" TooltipType="OnCursor" Name="RawMaterialsItem" Border="0" Picture="1" SwallowMouseClicks="1" Moveable="0" Escapable="0" Overlapped="1" BGColor="white" TextColor="white" TooltipColor="" IgnoreMouse="1" Sprite="" TooltipFont="CRB_InterfaceSmall_O" Tooltip="">
        <Control Class="Window" LAnchorPoint="0" LAnchorOffset="1" TAnchorPoint="0" TAnchorOffset="1" RAnchorPoint="1" RAnchorOffset="-1" BAnchorPoint="1" BAnchorOffset="-1" RelativeToClient="1" Font="Default" Text="" Template="Default" TooltipType="OnCursor" Name="RawMaterialsBG" BGColor="white" TextColor="white" TooltipColor="" Sprite="BK3:UI_BK3_ItemIconBackplate" Picture="1" IgnoreMouse="1" Tooltip=""/>
        <Control Class="Window" LAnchorPoint="0" LAnchorOffset="3" TAnchorPoint="0" TAnchorOffset="3" RAnchorPoint="1" RAnchorOffset="-3" BAnchorPoint="1" BAnchorOffset="-3" RelativeToClient="1" Font="CRB_InterfaceSmall_O" Text="" Template="Default" TooltipType="OnCursor" Name="RawMaterialsIcon" BGColor="white" TextColor="white" TooltipColor="" Picture="1" IgnoreMouse="1" Sprite="" DT_RIGHT="1" DT_BOTTOM="1" NewControlDepth="1"/>
        <Control Class="Window" LAnchorPoint="0" LAnchorOffset="3" TAnchorPoint="0" TAnchorOffset="3" RAnchorPoint="1" RAnchorOffset="-3" BAnchorPoint="1" BAnchorOffset="-3" RelativeToClient="1" Font="Default" Text="" Template="Default" TooltipType="OnCursor" Name="RawMaterialsNotEnough" BGColor="UI_IconDisabledRed" TextColor="white" TooltipColor="" Visible="0" Sprite="WhiteFill" Picture="1" IgnoreMouse="1" NewControlDepth="1" HideInEditor="1"/>
    </Form>
    <Form Class="Window" LAnchorPoint="0" LAnchorOffset="0" TAnchorPoint="0" TAnchorOffset="0" RAnchorPoint="1" RAnchorOffset="0" BAnchorPoint="0" BAnchorOffset="40" RelativeToClient="1" Font="Default" Text="" Template="Default" TooltipType="OnCursor" Name="AdditiveHeader" Border="0" Picture="0" SwallowMouseClicks="1" Moveable="0" Escapable="0" Overlapped="1" BGColor="white" TextColor="white" TooltipColor="" IgnoreMouse="1" Sprite="" Tooltip="">
        <Control Class="Button" Base="BK3:btnMetal_ExpandMenu_Med" Font="DefaultButton" ButtonType="Check" RadioGroup="" LAnchorPoint="0" LAnchorOffset="0" TAnchorPoint="0" TAnchorOffset="0" RAnchorPoint="1" RAnchorOffset="0" BAnchorPoint="0" BAnchorOffset="40" DT_VCENTER="1" DT_CENTER="1" BGColor="UI_BtnBGDefault" TextColor="UI_BtnTextDefault" NormalTextColor="UI_BtnTextDefault" PressedTextColor="UI_BtnTextDefault" FlybyTextColor="UI_BtnTextDefault" PressedFlybyTextColor="UI_BtnTextDefault" DisabledTextColor="UI_BtnTextDefault" TooltipType="OnCursor" Name="AdditiveHeaderBtn" TooltipColor="" RelativeToClient="1" NeverBringToFront="1" Tooltip="" HideInEditor="0" Visible="1" GlobalRadioGroup="CraftingGrid_GlobalRadioGroup_AdditiveHeader" RadioDisallowNonSelection="0">
            <Event Name="ButtonCheck" Function="OnAdditiveHeaderBtnToggle"/>
            <Event Name="ButtonUncheck" Function="OnAdditiveHeaderBtnToggle"/>
        </Control>
        <Control Class="Window" LAnchorPoint="0" LAnchorOffset="0" TAnchorPoint="0" TAnchorOffset="0" RAnchorPoint="1" RAnchorOffset="0" BAnchorPoint="0" BAnchorOffset="40" RelativeToClient="1" Font="Default" Text="" BGColor="UI_WindowBGDefault" TextColor="UI_WindowTextDefault" Template="Default" TooltipType="OnCursor" Name="AdditiveHeaderFlyby" TooltipColor="" Picture="1" IgnoreMouse="1" HideInEditor="0" Sprite="BK3:btnMetal_ExpandMenu_MedFlyby" NewControlDepth="1" Visible="0"/>
        <Control Class="Window" Base="CRB_Basekit:kitBtn_Holo_DatachronOption" Font="CRB_InterfaceMedium_BO" ButtonType="PushButton" RadioGroup="" LAnchorPoint="0" LAnchorOffset="40" TAnchorPoint="0" TAnchorOffset="0" RAnchorPoint="1" RAnchorOffset="0" BAnchorPoint="0" BAnchorOffset="40" DT_VCENTER="1" DT_CENTER="0" TooltipType="OnCursor" Name="AdditiveHeaderBtnText" BGColor="white" TextColor="UI_TextMetalGoldHighlight" TooltipColor="" NormalTextColor="UI_BtnTextBlueNormal" PressedTextColor="UI_BtnTextBluePressed" FlybyTextColor="UI_BtnTextBlueFlyby" PressedFlybyTextColor="UI_BtnTextBluePressedFlyby" DisabledTextColor="UI_BtnTextBlueDisabled" Text="" TextId="Challenges_NoProgress" RelativeToClient="1" IgnoreMouse="1" Picture="1" Sprite="" NewControlDepth="1"/>
        <Control Class="Window" LAnchorPoint="0" LAnchorOffset="6" TAnchorPoint="0" TAnchorOffset="3" RAnchorPoint="0" RAnchorOffset="36" BAnchorPoint="0" BAnchorOffset="38" RelativeToClient="1" Font="Default" Text="" BGColor="UI_WindowBGDefault" TextColor="UI_WindowTextDefault" Template="Default" TooltipType="OnCursor" Name="AdditiveHeaderIcon" TooltipColor="" Picture="1" IgnoreMouse="1" Sprite="Crafting_CoordSprites:sprCoord_Icon_ArchitectSynthetic"/>
        <Control Class="Window" LAnchorPoint="0" LAnchorOffset="10" TAnchorPoint="0" TAnchorOffset="46" RAnchorPoint="1" RAnchorOffset="-10" BAnchorPoint="1" BAnchorOffset="-10" RelativeToClient="1" Font="Default" Text="" Template="Default" TooltipType="OnCursor" Name="AdditiveHeaderItems" BGColor="white" TextColor="white" TooltipColor="" Tooltip="" Picture="0" IgnoreMouse="1" Sprite="">
            <Event Name="MouseExit" Function="OnAdditiveListMouseExit"/>
        </Control>
        <Control Class="Window" LAnchorPoint="0" LAnchorOffset="0" TAnchorPoint="0" TAnchorOffset="0" RAnchorPoint="1" RAnchorOffset="0" BAnchorPoint="1" BAnchorOffset="0" RelativeToClient="1" Font="Default" Text="" BGColor="UI_WindowBGDefault" TextColor="UI_WindowTextDefault" Template="Default" TooltipType="OnCursor" Name="AdditiveHeaderFrame" TooltipColor="" Sprite="BK3:sprMetal_ExpandMenu_MedSmall_Framing" Picture="1" IgnoreMouse="1" NewControlDepth="1"/>
        <Control Class="Window" LAnchorPoint="0" LAnchorOffset="5" TAnchorPoint="0" TAnchorOffset="40" RAnchorPoint="1" RAnchorOffset="-5" BAnchorPoint="1" BAnchorOffset="-5" RelativeToClient="1" Font="Default" Text="" BGColor="UI_AlphaPercent25" TextColor="UI_WindowTextDefault" Template="Default" TooltipType="OnCursor" Name="AdditiveHeaderFlash" TooltipColor="" Picture="1" IgnoreMouse="1" Sprite=""/>
    </Form>
    <Form Class="Button" LAnchorPoint="0" LAnchorOffset="0" TAnchorPoint="0" TAnchorOffset="0" RAnchorPoint="1" RAnchorOffset="0" BAnchorPoint="0" BAnchorOffset="30" RelativeToClient="1" Font="Default" Text="" Template="Default" Name="AdditiveItem" Border="0" Picture="1" SwallowMouseClicks="1" Moveable="0" Escapable="0" Overlapped="0" BGColor="white" TextColor="white" UseTemplateBG="0" NormalTextColor="white" PressedTextColor="white" FlybyTextColor="white" PressedFlybyTextColor="white" DisabledTextColor="white" Base="BK3:btnMetal_ExpandMenu_MedClean" TooltipType="OnCursor" TooltipColor="" TooltipFont="CRB_InterfaceSmall_O" Tooltip="" TransitionShowHide="0" ScaleOnShowHide="0" Visible="1">
        <Control Class="Window" LAnchorPoint="0" LAnchorOffset="5" TAnchorPoint="0.5" TAnchorOffset="-11" RAnchorPoint="0" RAnchorOffset="27" BAnchorPoint="0.5" BAnchorOffset="11" RelativeToClient="1" Font="Default" Text="" Template="Default" Name="AdditiveIcon" BGColor="white" TextColor="white" Picture="1" IgnoreMouse="1" TooltipColor="" Sprite="ClientSprites:LootCloseBox" Tooltip=""/>
        <Control Class="MLWindow" LAnchorPoint="0" LAnchorOffset="30" TAnchorPoint="0" TAnchorOffset="5" RAnchorPoint="1" RAnchorOffset="-115" BAnchorPoint="1" BAnchorOffset="0" RelativeToClient="1" Font="CRB_InterfaceMedium_BO" Text="" Template="Default" Name="AdditiveTitleText" TextId="Challenges_NoProgress" BGColor="ffffffff" TextColor="UI_BtnTextGoldListPressed" TooltipType="OnCursor" TooltipColor="" DT_VCENTER="0" DT_WORDBREAK="0" IgnoreMouse="1"/>
        <Control Class="CashWindow" LAnchorPoint="1" LAnchorOffset="-110" TAnchorPoint="0" TAnchorOffset="0" RAnchorPoint="1" RAnchorOffset="-5" BAnchorPoint="1" BAnchorOffset="0" TooltipType="OnCursor" RelativeToClient="1" Font="CRB_InterfaceMedium_BO" Text="" Template="Default" BGColor="ffffffff" TextColor="UI_BtnTextGoldListPressed" DT_RIGHT="1" Name="AdditiveCashWindow" TooltipColor="" AutoScaleText="1" SkipZeroes="1" IgnoreMouse="1"/>
        <Event Name="ButtonSignal" Function="OnAdditiveClick"/>
        <Control Class="Window" LAnchorPoint="0" LAnchorOffset="0" TAnchorPoint="0" TAnchorOffset="0" RAnchorPoint="1" RAnchorOffset="0" BAnchorPoint="1" BAnchorOffset="0" RelativeToClient="1" Font="Default" Text="" Template="Default" TooltipType="OnCursor" Name="AdditiveMouseCatcher" BGColor="white" TextColor="white" TooltipColor="" Visible="1" HideInEditor="0" NewControlDepth="1">
            <Event Name="MouseEnter" Function="OnAdditiveMouseEnter"/>
        </Control>
    </Form>
    <Form Class="Button" Base="BK3:btnHolo_Radio_Big" Font="CRB_InterfaceSmall_O" ButtonType="Check" RadioGroup="" LAnchorPoint="0" LAnchorOffset="5" TAnchorPoint="0" TAnchorOffset="0" RAnchorPoint="1" RAnchorOffset="0" BAnchorPoint="0" BAnchorOffset="40" DT_VCENTER="1" DT_CENTER="0" TooltipType="OnCursor" Name="CatalystItem" BGColor="white" TextColor="UI_TextHoloBody" TooltipColor="" NormalTextColor="UI_BtnTextHoloListNormal" PressedTextColor="UI_BtnTextHoloListPressed" FlybyTextColor="UI_BtnTextHoloListFlyby" PressedFlybyTextColor="UI_BtnTextHoloListPressedFlyby" DisabledTextColor="UI_BtnTextHoloListDisabled" TooltipFont="CRB_InterfaceSmall_O" RelativeToClient="1" IgnoreMouse="0" Overlapped="1" GlobalRadioGroup="CraftingGrid_GlobalRadioGroup_GlobalBoostItem" Tooltip="" DrawAsCheckbox="1" DT_WORDBREAK="1" Text="" TextId="CraftingGrid_DoNotUseCatalyst" UseWindowTextColor="0" RadioDisallowNonSelection="1">
        <Event Name="ButtonCheck" Function="OnCatalystItemToggle"/>
        <Event Name="ButtonUncheck" Function="OnCatalystItemToggle"/>
    </Form>
    <Form Class="Window" LAnchorPoint="0" LAnchorOffset="0" TAnchorPoint="0" TAnchorOffset="0" RAnchorPoint="1" RAnchorOffset="0" BAnchorPoint="0" BAnchorOffset="34" RelativeToClient="1" Font="Default" Text="" BGColor="UI_WindowBGDefault" TextColor="UI_WindowTextDefault" Template="Default" TooltipType="OnCursor" Name="CraftMaterialsItem" Border="0" Picture="0" SwallowMouseClicks="1" Moveable="0" Escapable="0" Overlapped="1" TooltipColor="" IgnoreMouse="1" TooltipFont="CRB_InterfaceSmall_O" Tooltip="">
        <Control Class="Window" LAnchorPoint="0" LAnchorOffset="0" TAnchorPoint="0.5" TAnchorOffset="-20" RAnchorPoint="0" RAnchorOffset="40" BAnchorPoint="0.5" BAnchorOffset="20" RelativeToClient="1" Font="CRB_InterfaceMedium_B" Text="" BGColor="UI_WindowBGDefault" TextColor="UI_TextHoloBody" Template="Default" TooltipType="OnCursor" Name="CraftMaterialsCircle" TooltipColor="" Sprite="Crafting_CoordSprites:sprCoord_SmallCircle_Dull" Picture="1" IgnoreMouse="1" DT_CENTER="1" DT_VCENTER="1" TooltipFont="CRB_InterfaceSmall_O"/>
        <Control Class="Window" LAnchorPoint="0" LAnchorOffset="40" TAnchorPoint="0" TAnchorOffset="0" RAnchorPoint="1" RAnchorOffset="0" BAnchorPoint="1" BAnchorOffset="0" RelativeToClient="1" Font="CRB_InterfaceSmall_O" Text="" BGColor="UI_WindowBGDefault" TextColor="UI_TextHoloBody" Template="Default" TooltipType="OnCursor" Name="CraftMaterialsTitle" TooltipColor="" DT_VCENTER="1" TextId="" DT_WORDBREAK="1" TooltipFont="CRB_InterfaceSmall_O"/>
    </Form>
    <Form Class="Window" LAnchorPoint="0" LAnchorOffset="0" TAnchorPoint="0" TAnchorOffset="0" RAnchorPoint="1" RAnchorOffset="0" BAnchorPoint="0" BAnchorOffset="50" RelativeToClient="1" Font="Default" Text="" BGColor="UI_WindowBGDefault" TextColor="UI_WindowTextDefault" Template="Default" TooltipType="OnCursor" Name="VariantItem" TooltipColor="" Tooltip="">
        <Control Class="Window" LAnchorPoint="0" LAnchorOffset="5" TAnchorPoint="0" TAnchorOffset="5" RAnchorPoint="0" RAnchorOffset="35" BAnchorPoint="0" BAnchorOffset="35" RelativeToClient="1" Font="Default" Text="" BGColor="UI_WindowBGDefault" TextColor="UI_WindowTextDefault" Template="Default" TooltipType="OnCursor" Name="VariantItemIcon" TooltipColor="" Picture="1" IgnoreMouse="1" Sprite="CRB_AMPs:spr_AMPs_LockStretch_Blue" Tooltip="" TooltipFont="CRB_InterfaceSmall_O">
            <Event Name="MouseButtonUp" Function="OnVariantItemIconClick"/>
        </Control>
        <Control Class="Window" LAnchorPoint="0" LAnchorOffset="0" TAnchorPoint="0" TAnchorOffset="0" RAnchorPoint="0" RAnchorOffset="40" BAnchorPoint="0" BAnchorOffset="40" RelativeToClient="1" Font="Default" Text="" BGColor="UI_WindowBGDefault" TextColor="UI_WindowTextDefault" Template="Default" TooltipType="OnCursor" Name="VariantItemRarity" TooltipColor="" Picture="1" IgnoreMouse="1" Sprite="CRB_Tooltips:sprTooltip_SquareFrame_White" NewControlDepth="1"/>
        <Control Class="Window" LAnchorPoint="0" LAnchorOffset="47" TAnchorPoint="0" TAnchorOffset="0" RAnchorPoint="1" RAnchorOffset="0" BAnchorPoint="0" BAnchorOffset="38" RelativeToClient="1" Font="CRB_InterfaceMedium_O" Text="" BGColor="UI_WindowBGDefault" TextColor="UI_TextHoloTitle" Template="Default" TooltipType="OnCursor" Name="VariantItemName" TooltipColor="" TextId="Challenges_NoProgress" DT_WORDBREAK="1" Tooltip="" DT_VCENTER="1"/>
        <Control Class="Window" LAnchorPoint="0" LAnchorOffset="45" TAnchorPoint="0" TAnchorOffset="5" RAnchorPoint="0" RAnchorOffset="155" BAnchorPoint="0" BAnchorOffset="34" RelativeToClient="1" Font="CRB_HeaderMedium_O" Text="" Template="Default" TooltipType="OnCursor" Name="VariantHitItAnim" BGColor="white" TextColor="white" TooltipColor="" Picture="1" IgnoreMouse="1" Sprite="" Visible="0" NewControlDepth="1" HideInEditor="0" Tooltip="" TextId="" DT_CENTER="1" DT_VCENTER="1">
            <Pixie LAnchorPoint="0" LAnchorOffset="-112" TAnchorPoint="0" TAnchorOffset="-26" RAnchorPoint="1" RAnchorOffset="112" BAnchorPoint="1" BAnchorOffset="0" BGColor="UI_WindowBGDefault" Font="Default" TextColor="UI_WindowTextDefault" Text="" Sprite="Crafting_CoordSprites:sprCoord_PreviewBanner" Line="0"/>
            <Pixie LAnchorPoint="0" LAnchorOffset="0" TAnchorPoint="0" TAnchorOffset="0" RAnchorPoint="1" RAnchorOffset="0" BAnchorPoint="0" BAnchorOffset="29" BGColor="UI_WindowBGDefault" Font="CRB_HeaderLarge_O" TextColor="UI_AlphaPercent65" Text="" TextId="Warparty_Success" DT_CENTER="1" DT_VCENTER="1" Line="0"/>
        </Control>
    </Form>
    <Form Class="Window" LAnchorPoint="0" LAnchorOffset="0" TAnchorPoint="0" TAnchorOffset="0" RAnchorPoint="0" RAnchorOffset="238" BAnchorPoint="0" BAnchorOffset="87" RelativeToClient="1" Font="Default" Text="" Template="Default" TooltipType="OnCursor" Name="Tutorial_SmallRightArrow" BGColor="white" TextColor="white" TooltipColor="" Sprite="CRB_TutorialSprites:sprTut_ConnectorUL" Picture="1" IgnoreMouse="1" NoClip="1" Tooltip="" Overlapped="1" NewWindowDepth="1">
        <Pixie LAnchorPoint="0" LAnchorOffset="58" TAnchorPoint="0" TAnchorOffset="58" RAnchorPoint="1" RAnchorOffset="0" BAnchorPoint="1" BAnchorOffset="0" BGColor="white" Font="Default" TextColor="white" Text="" Sprite="CRB_TutorialSprites:sprTut_BackerSmallLit" Line="0"/>
        <Pixie LAnchorPoint="0" LAnchorOffset="64" TAnchorPoint="0" TAnchorOffset="64" RAnchorPoint="1" RAnchorOffset="0" BAnchorPoint="0" BAnchorOffset="84" BGColor="white" Font="CRB_Interface9_O" TextColor="UI_TextHoloBodyHighlight" Text="" TextId="CraftingGrid_ReachAdditiveTutorial" Line="0"/>
    </Form>
</Forms>
