<Forms>
    <Form Class="Window" LAnchorPoint=".3" LAnchorOffset="-170" TAnchorPoint=".5" TAnchorOffset="-340" RAnchorPoint=".3" RAnchorOffset="170" BAnchorPoint=".5" BAnchorOffset="340" RelativeToClient="1" Font="Default" Text="" Template="" Name="SocialPanelForm" Border="0" Picture="0" SwallowMouseClicks="1" Moveable="1" Escapable="1" Overlapped="1" BGColor="ffffffff" TextColor="ffffffff" TextId="" Visible="0" TooltipColor="" Tooltip="" TransitionShowHide="1" DoNotBlockTooltip="0" UseTemplateBG="0" NoClip="1">
        <Event Name="WindowClosed" Function="OnCloseBtn"/>
        <Control Class="Window" LAnchorPoint="0" LAnchorOffset="-20" TAnchorPoint="0" TAnchorOffset="-20" RAnchorPoint="1" RAnchorOffset="20" BAnchorPoint="1" BAnchorOffset="50" RelativeToClient="1" Font="Default" Text="" BGColor="UI_WindowBGDefault" TextColor="UI_WindowTextDefault" Template="Default" TooltipType="OnCursor" Name="Window" TooltipColor="" Sprite="BK3:UI_BK3_Holo_Framing_3" Picture="1" IgnoreMouse="1" UseTemplateBG="1" Border="0" NoClip="1">
            <Pixie LAnchorPoint="0" LAnchorOffset="40" TAnchorPoint="0" TAnchorOffset="78" RAnchorPoint="1" RAnchorOffset="-43" BAnchorPoint="1" BAnchorOffset="-39" Sprite="BK3:UI_BK3_Holo_InsetSimple" BGColor="white" TextColor="black" Rotation="0" Font="Default"/>
        </Control>
        <Control Class="Window" LAnchorPoint="0" LAnchorOffset="30" TAnchorPoint="0" TAnchorOffset="66" RAnchorPoint="1" RAnchorOffset="-20" BAnchorPoint="0" BAnchorOffset="86" RelativeToClient="1" Font="CRB_InterfaceMedium_B" Text="" Template="Default" Name="SplashFriendsLabel" BGColor="ffffffff" TextColor="UI_TextHoloTitle" TextId="SocialPanel_FriendsLabel" DT_WORDBREAK="1" TooltipColor="" NewControlDepth="1"/>
        <Control Class="Button" Base="BK3:btnHolo_Blue_Med" Font="Thick" ButtonType="PushButton" RadioGroup="" LAnchorPoint="0" LAnchorOffset="20" TAnchorPoint="0" TAnchorOffset="75" RAnchorPoint="1" RAnchorOffset="-24" BAnchorPoint="0" BAnchorOffset="155" DT_VCENTER="1" DT_CENTER="1" Name="SplashFriendsBtn" BGColor="ffffffff" TextColor="ffffffff" NormalTextColor="ffffffff" PressedTextColor="ffffffff" FlybyTextColor="ffffffff" PressedFlybyTextColor="ffffffff" DisabledTextColor="ffffffff" RelativeToClient="1" Text="" TooltipColor="" HideInEditor="0" Visible="1" Tooltip="" TestAlpha="1">
            <Event Name="ButtonSignal" Function="OnSplashBtn"/>
            <Control Class="Window" LAnchorPoint="0" LAnchorOffset="21" TAnchorPoint="0" TAnchorOffset="21" RAnchorPoint="0" RAnchorOffset="58" BAnchorPoint="0" BAnchorOffset="58" RelativeToClient="1" Font="Default" Text="" Template="Default" Name="SplashGuildRosterIcon" BGColor="dfffffff" TextColor="ffffffff" Picture="1" IgnoreMouse="1" Sprite="ClientSprites:Icon_Windows_UI_CRB_Friend" NewControlDepth="1" TooltipColor=""/>
            <Control Class="Window" LAnchorPoint="0" LAnchorOffset="65" TAnchorPoint="0" TAnchorOffset="13" RAnchorPoint="1" RAnchorOffset="-8" BAnchorPoint="0" BAnchorOffset="50" RelativeToClient="1" Font="CRB_InterfaceLarge_B" Text="" Template="Default" Name="SplashGuildRosterText" BGColor="ffffffff" TextColor="UI_BtnTextBlueNormal" DT_VCENTER="1" TextId="Friends_FriendsListHeader" DT_WORDBREAK="1" TooltipColor=""/>
            <Control Class="Window" LAnchorPoint="0" LAnchorOffset="65" TAnchorPoint="0.5" TAnchorOffset="-8" RAnchorPoint="1" RAnchorOffset="-9" BAnchorPoint="1" BAnchorOffset="-16" RelativeToClient="1" Font="CRB_InterfaceSmall" Text="" Template="Default" TooltipType="OnCursor" Name="SplashGuildRosterSubtext" BGColor="ffffffff" TextColor="UI_TextHoloBody" TooltipColor="" DT_VCENTER="1" TextId="SocialPanel_FriendsRivalsIgnored"/>
            <Control Class="Window" LAnchorPoint="0" LAnchorOffset="-1" TAnchorPoint="0" TAnchorOffset="3" RAnchorPoint="1" RAnchorOffset="3" BAnchorPoint="1" BAnchorOffset="-3" RelativeToClient="1" Font="Default" Text="" Template="Default" Name="SplashFriendsBtnAlert" BGColor="ffffffff" TextColor="ffffffff" Sprite="CRB_Basekit:kitAccent_Frame_OrangeStrokePulse" Picture="1" IgnoreMouse="1" NoClip="1" NewControlDepth="1" Visible="0" HideInEditor="1" DoNotBlockTooltip="1" TooltipColor="" TransitionShowHide="1" IgnoreTooltipDelay="0">
                <Control Class="Window" LAnchorPoint="1" LAnchorOffset="-40" TAnchorPoint="1" TAnchorOffset="-35" RAnchorPoint="1" RAnchorOffset="3" BAnchorPoint="1" BAnchorOffset="10" RelativeToClient="1" Font="Default" Text="" Template="Default" TooltipType="OnCursor" Name="SplashFriendsBtnItemCountBacker" BGColor="ffffffff" TextColor="ffffffff" TooltipColor="ffc0c0c0" Picture="1" IgnoreMouse="1" Sprite="CRB_Basekit:kitAccent_Badge02" NoClip="1" NewControlDepth="8" TooltipFont="CRB_InterfaceSmall" DoNotBlockTooltip="1"/>
                <Control Class="Window" LAnchorPoint="1" LAnchorOffset="-40" TAnchorPoint="1" TAnchorOffset="-35" RAnchorPoint="1" RAnchorOffset="1" BAnchorPoint="1" BAnchorOffset="-6" RelativeToClient="1" Font="CRB_InterfaceMedium_BO" Text="10" Template="Default" TooltipType="OnCursor" Name="SplashFriendsBtnItemCount" BGColor="ffffffff" TextColor="ffffffff" TooltipColor="" Picture="0" IgnoreMouse="1" Sprite="CRB_Basekit:kitAccent_Badge02" NoClip="1" NewControlDepth="10" TextId="" DT_VCENTER="0" DT_CENTER="1" DT_BOTTOM="1" DoNotBlockTooltip="1" Tooltip=""/>
            </Control>
        </Control>
        <Control Class="Window" LAnchorPoint="0" LAnchorOffset="30" TAnchorPoint="0" TAnchorOffset="162" RAnchorPoint="1" RAnchorOffset="-30" BAnchorPoint="0" BAnchorOffset="182" RelativeToClient="1" Font="CRB_InterfaceMedium_B" Text="" Template="Default" Name="SplashNeighborsLabel" BGColor="ffffffff" TextColor="UI_TextHoloTitle" TextId="SocialPanel_NeighborsLabel" DT_WORDBREAK="1" TooltipColor=""/>
        <Control Class="Window" Base="" Font="Thick" ButtonType="PushButton" RadioGroup="" LAnchorPoint="0" LAnchorOffset="20" TAnchorPoint="0" TAnchorOffset="173" RAnchorPoint="1" RAnchorOffset="-24" BAnchorPoint="0" BAnchorOffset="253" DT_VCENTER="1" DT_CENTER="1" Name="SplashNeighborsDisabledBtn" BGColor="ffffffff" TextColor="ffffffff" NormalTextColor="ffffffff" PressedTextColor="ffffffff" FlybyTextColor="ffffffff" PressedFlybyTextColor="ffffffff" DisabledTextColor="ffffffff" RelativeToClient="1" Text="" TooltipColor="" HideInEditor="0" Picture="1" Sprite="BK3:btnHolo_Blue_MedDisabled">
            <Pixie LAnchorPoint="0" LAnchorOffset="26" TAnchorPoint="0" TAnchorOffset="5" RAnchorPoint="1" RAnchorOffset="-8" BAnchorPoint="1" BAnchorOffset="-8" BGColor="ffffffff" Font="CRB_InterfaceLarge_B" TextColor="9d666666" Text="" TextId="InterfaceMenu_Neighbors" DT_VCENTER="1" DT_WORDBREAK="1" Line="0"/>
        </Control>
        <Control Class="Button" Base="BK3:btnHolo_Blue_Med" Font="Thick" ButtonType="PushButton" RadioGroup="" LAnchorPoint="0" LAnchorOffset="20" TAnchorPoint="0" TAnchorOffset="173" RAnchorPoint="1" RAnchorOffset="-24" BAnchorPoint="0" BAnchorOffset="253" DT_VCENTER="1" DT_CENTER="1" Name="SplashNeighborsBtn" BGColor="ffffffff" TextColor="ffffffff" NormalTextColor="ffffffff" PressedTextColor="ffffffff" FlybyTextColor="ffffffff" PressedFlybyTextColor="ffffffff" DisabledTextColor="ffffffff" RelativeToClient="1" Text="" TooltipColor="" HideInEditor="0" Visible="1" Tooltip="" TestAlpha="1">
            <Event Name="ButtonSignal" Function="OnSplashBtn"/>
            <Control Class="Window" LAnchorPoint="0" LAnchorOffset="21" TAnchorPoint="0" TAnchorOffset="21" RAnchorPoint="0" RAnchorOffset="58" BAnchorPoint="0" BAnchorOffset="58" RelativeToClient="1" Font="Default" Text="" Template="Default" Name="SplashGuildRosterIcon" BGColor="ffffffff" TextColor="ffffffff" Picture="1" IgnoreMouse="1" Sprite="ClientSprites:Icon_Mission_Explorer_PowerMap" NewControlDepth="1" TooltipColor=""/>
            <Control Class="Window" LAnchorPoint="0" LAnchorOffset="65" TAnchorPoint="0" TAnchorOffset="13" RAnchorPoint="1" RAnchorOffset="-8" BAnchorPoint="0" BAnchorOffset="50" RelativeToClient="1" Font="CRB_InterfaceLarge_B" Text="" Template="Default" Name="SplashGuildRosterText" BGColor="ffffffff" TextColor="UI_BtnTextBlueNormal" DT_VCENTER="1" TextId="InterfaceMenu_Neighbors" DT_WORDBREAK="1" TooltipColor=""/>
            <Control Class="Window" LAnchorPoint="0" LAnchorOffset="65" TAnchorPoint="0.5" TAnchorOffset="-8" RAnchorPoint="1" RAnchorOffset="-8" BAnchorPoint="1" BAnchorOffset="-16" RelativeToClient="1" Font="CRB_InterfaceSmall" Text="" Template="Default" TooltipType="OnCursor" Name="SplashGuildRosterSubtext" BGColor="ffffffff" TextColor="UI_TextHoloBody" TooltipColor="" DT_VCENTER="1" TextId="SocialPanel_NeighborsAndRoommates"/>
        </Control>
        <Control Class="Window" LAnchorPoint="0" LAnchorOffset="30" TAnchorPoint="0" TAnchorOffset="262" RAnchorPoint="1" RAnchorOffset="-30" BAnchorPoint="0" BAnchorOffset="282" RelativeToClient="1" Font="CRB_InterfaceMedium_B" Text="" Template="Default" Name="SplashGuildsLabel" BGColor="ffffffff" TextColor="UI_TextHoloTitle" TextId="SocialPanel_GuildInfo" DT_WORDBREAK="1" TooltipColor=""/>
        <Control Class="Window" Base="" Font="Thick" ButtonType="PushButton" RadioGroup="" LAnchorPoint="0" LAnchorOffset="20" TAnchorPoint="0" TAnchorOffset="271" RAnchorPoint="1" RAnchorOffset="-24" BAnchorPoint="0" BAnchorOffset="351" DT_VCENTER="1" DT_CENTER="1" Name="SplashGuildDisabledBtn" BGColor="ffffffff" TextColor="ffffffff" NormalTextColor="ffffffff" PressedTextColor="ffffffff" FlybyTextColor="ffffffff" PressedFlybyTextColor="ffffffff" DisabledTextColor="ffffffff" RelativeToClient="1" Text="" TooltipColor="" HideInEditor="0" Picture="1" Sprite="BK3:btnHolo_Blue_MedDisabled" Tooltip="">
            <Pixie LAnchorPoint="0" LAnchorOffset="26" TAnchorPoint="0" TAnchorOffset="5" RAnchorPoint="1" RAnchorOffset="-8" BAnchorPoint="1" BAnchorOffset="-8" BGColor="ffffffff" Font="CRB_InterfaceLarge_B" TextColor="9d666666" Text="" TextId="SocialPanel_NoGuildYet" DT_VCENTER="1" DT_WORDBREAK="1" Line="0"/>
        </Control>
        <Control Class="Button" Base="BK3:btnHolo_Blue_Med" Font="Thick" ButtonType="PushButton" RadioGroup="" LAnchorPoint="0" LAnchorOffset="20" TAnchorPoint="0" TAnchorOffset="271" RAnchorPoint="1" RAnchorOffset="-24" BAnchorPoint="0" BAnchorOffset="351" DT_VCENTER="1" DT_CENTER="1" Name="SplashGuildBtn" BGColor="ffffffff" TextColor="ffffffff" NormalTextColor="ffffffff" PressedTextColor="ffffffff" FlybyTextColor="ffffffff" PressedFlybyTextColor="ffffffff" DisabledTextColor="ffffffff" RelativeToClient="1" Text="" TooltipColor="" HideInEditor="0" Visible="0" TestAlpha="1">
            <Event Name="ButtonSignal" Function="OnSplashBtn"/>
            <Control Class="Window" LAnchorPoint="0" LAnchorOffset="21" TAnchorPoint="0" TAnchorOffset="21" RAnchorPoint="0" RAnchorOffset="58" BAnchorPoint="0" BAnchorOffset="58" RelativeToClient="1" Font="Default" Text="" Template="Default" Name="SplashGuildIcon" BGColor="ffffffff" TextColor="ffffffff" Picture="1" IgnoreMouse="1" Sprite="Icon_Mission_Explorer_ActivateChecklist" NewControlDepth="1" TooltipColor=""/>
            <Control Class="Window" LAnchorPoint="0" LAnchorOffset="65" TAnchorPoint="0" TAnchorOffset="13" RAnchorPoint="1" RAnchorOffset="-8" BAnchorPoint="0" BAnchorOffset="50" RelativeToClient="1" Font="CRB_InterfaceLarge_B" Text="" Template="Default" Name="SplashGuildText" BGColor="ffffffff" TextColor="UI_BtnTextBlueNormal" DT_VCENTER="1" TextId="ChatType_Guild" DT_WORDBREAK="1" TooltipColor=""/>
            <Control Class="Window" LAnchorPoint="0" LAnchorOffset="65" TAnchorPoint="0.5" TAnchorOffset="-8" RAnchorPoint="1" RAnchorOffset="-8" BAnchorPoint="1" BAnchorOffset="-16" RelativeToClient="1" Font="CRB_InterfaceSmall" Text="" Template="Default" TooltipType="OnCursor" Name="SplashGuildSubtext" BGColor="ffffffff" TextColor="UI_TextHoloBody" TooltipColor="" DT_VCENTER="1" TextId="Challenges_NoProgress"/>
        </Control>
        <Control Class="Window" LAnchorPoint="0" LAnchorOffset="30" TAnchorPoint="0" TAnchorOffset="357" RAnchorPoint="1" RAnchorOffset="-30" BAnchorPoint="0" BAnchorOffset="377" RelativeToClient="1" Font="CRB_InterfaceMedium_B" Text="" Template="Default" Name="SplashCirclesLabel" BGColor="ffffffff" TextColor="UI_TextHoloTitle" TextId="SocialPanel_CirclesLabel" DT_WORDBREAK="1" TooltipColor=""/>
        <Control Class="Window" LAnchorPoint="0" LAnchorOffset="21" TAnchorPoint="0" TAnchorOffset="377" RAnchorPoint="1" RAnchorOffset="-26" BAnchorPoint="1" BAnchorOffset="21" RelativeToClient="1" Font="Default" Text="" Template="Default" TooltipType="OnCursor" Name="SplashCircleItemContainer" BGColor="ffffffff" TextColor="ffffffff" TooltipColor=""/>
        <Control Class="Button" Base="BK3:btnHolo_Close" Font="Thick" ButtonType="PushButton" RadioGroup="" LAnchorPoint="1" LAnchorOffset="-52" TAnchorPoint="0" TAnchorOffset="8" RAnchorPoint="1" RAnchorOffset="-5" BAnchorPoint="0" BAnchorOffset="55" DT_VCENTER="1" DT_CENTER="1" Name="CloseBtn" BGColor="ffffffff" TextColor="ffffffff" NormalTextColor="ffffffff" PressedTextColor="ffffffff" FlybyTextColor="ffffffff" PressedFlybyTextColor="ffffffff" DisabledTextColor="ffffffff" Text="" NewControlDepth="1" TooltipColor="">
            <Event Name="ButtonSignal" Function="OnCloseBtn"/>
        </Control>
        <Control Class="Window" LAnchorPoint="0" LAnchorOffset="-1" TAnchorPoint="0" TAnchorOffset="15" RAnchorPoint="1" RAnchorOffset="-1" BAnchorPoint="0" BAnchorOffset="44" RelativeToClient="1" Font="CRB_HeaderMedium" Text="" BGColor="UI_WindowBGDefault" TextColor="UI_WindowTitleYellow" Template="Default" TooltipType="OnCursor" Name="SocialListText" TooltipColor="" TextId="LevelUpUnlocks_Social" DT_CENTER="1" DT_VCENTER="1"/>
    </Form>
    <Form Class="Window" LAnchorPoint="0" LAnchorOffset="0" TAnchorPoint="0" TAnchorOffset="0" RAnchorPoint="1" RAnchorOffset="0" BAnchorPoint="0" BAnchorOffset="60" RelativeToClient="1" Font="Default" Text="" Template="Default" TooltipType="OnCursor" Name="SplashCirclesPickerItem" Overlapped="1" BGColor="ffffffff" TextColor="ffffffff" TooltipColor="" IgnoreMouse="1" Tooltip="">
        <Control Class="Button" Base="BK3:btnHolo_Blue_Med" Font="Thick" ButtonType="PushButton" RadioGroup="" LAnchorPoint="0" LAnchorOffset="0" TAnchorPoint="0" TAnchorOffset="-10" RAnchorPoint="1" RAnchorOffset="0" BAnchorPoint="1" BAnchorOffset="10" DT_VCENTER="1" DT_CENTER="1" Name="SplashCirclesPickerBtn" BGColor="ffffffff" TextColor="ffffffff" NormalTextColor="ffffffff" PressedTextColor="ffffffff" FlybyTextColor="ffffffff" PressedFlybyTextColor="ffffffff" DisabledTextColor="ffffffff" RelativeToClient="1" Text="" TooltipColor="" Tooltip="" TestAlpha="1">
            <Event Name="ButtonSignal" Function="OnSplashBtn"/>
            <Control Class="Window" LAnchorPoint="0" LAnchorOffset="21" TAnchorPoint="0" TAnchorOffset="21" RAnchorPoint="0" RAnchorOffset="58" BAnchorPoint="0" BAnchorOffset="58" RelativeToClient="1" Font="Default" Text="" Template="Default" Name="SplashCirclesPickerIcon" BGColor="ffffffff" TextColor="ffffffff" Picture="1" IgnoreMouse="1" Sprite="Icon_Mission_Soldier_Rescue" NewControlDepth="1" TooltipColor=""/>
            <Control Class="Window" LAnchorPoint="0" LAnchorOffset="65" TAnchorPoint="0" TAnchorOffset="13" RAnchorPoint="1" RAnchorOffset="-8" BAnchorPoint="0" BAnchorOffset="50" RelativeToClient="1" Font="CRB_InterfaceLarge_B" Text="" Template="Default" Name="SplashCirclesPickerText" BGColor="ffffffff" TextColor="UI_BtnTextBlueNormal" DT_VCENTER="1" TextId="Circles_NameHeader" DT_WORDBREAK="1" TooltipColor=""/>
            <Control Class="Window" LAnchorPoint="0" LAnchorOffset="65" TAnchorPoint="0.5" TAnchorOffset="-8" RAnchorPoint="1" RAnchorOffset="-8" BAnchorPoint="1" BAnchorOffset="-16" RelativeToClient="1" Font="CRB_InterfaceSmall" Text="" Template="Default" TooltipType="OnCursor" Name="SplashCirclesPickerSubtext" BGColor="ffffffff" TextColor="UI_TextHoloBody" TooltipColor="" DT_VCENTER="1" TextId="Challenges_NoProgress"/>
        </Control>
    </Form>
    <Form Class="Window" LAnchorPoint="0" LAnchorOffset="0" TAnchorPoint="0" TAnchorOffset="0" RAnchorPoint="1" RAnchorOffset="0" BAnchorPoint="0" BAnchorOffset="60" RelativeToClient="1" Font="Default" Text="" Template="Default" TooltipType="OnCursor" Name="SplashCirclesAddItem" Overlapped="1" BGColor="ffffffff" TextColor="ffffffff" TooltipColor="" IgnoreMouse="1" Tooltip="">
        <Control Class="Button" Base="BK3:btnHolo_Blue_Med" Font="Thick" ButtonType="PushButton" RadioGroup="" LAnchorPoint="0" LAnchorOffset="0" TAnchorPoint="0" TAnchorOffset="-10" RAnchorPoint="1" RAnchorOffset="0" BAnchorPoint="1" BAnchorOffset="10" DT_VCENTER="1" DT_CENTER="1" Name="SplashCirclesAddBtn" BGColor="ffffffff" TextColor="ffffffff" NormalTextColor="ffffffff" PressedTextColor="ffffffff" FlybyTextColor="ffffffff" PressedFlybyTextColor="ffffffff" DisabledTextColor="ffffffff" RelativeToClient="1" Text="" TooltipColor="" NoClip="1" TestAlpha="1">
            <Event Name="ButtonSignal" Function="OnSplashCirclesAddBtn"/>
            <Control Class="Window" LAnchorPoint="0" LAnchorOffset="21" TAnchorPoint="0" TAnchorOffset="21" RAnchorPoint="0" RAnchorOffset="58" BAnchorPoint="0" BAnchorOffset="58" RelativeToClient="1" Font="Default" Text="" Template="Default" TooltipType="OnCursor" Name="SplashCirclesAddIcon" BGColor="ffffffff" TextColor="ffffffff" TooltipColor="" Sprite="Icon_Mission_Explorer_ClaimTerritory" Picture="1" IgnoreMouse="1" NewControlDepth="1"/>
            <Control Class="Window" LAnchorPoint="0" LAnchorOffset="65" TAnchorPoint="0" TAnchorOffset="6" RAnchorPoint="1" RAnchorOffset="-8" BAnchorPoint="1" BAnchorOffset="-10" RelativeToClient="1" Font="CRB_InterfaceLarge_B" Text="" Template="Default" Name="SplashCirclesAddText" BGColor="ffffffff" TextColor="white" DT_VCENTER="1" TextId="SocialPanel_AddNewCircle" DT_WORDBREAK="1" TooltipColor=""/>
        </Control>
    </Form>
    <Form Class="Window" LAnchorPoint="0" LAnchorOffset="0" TAnchorPoint="0" TAnchorOffset="0" RAnchorPoint="1" RAnchorOffset="0" BAnchorPoint="0" BAnchorOffset="60" RelativeToClient="1" Font="Default" Text="" Template="Default" TooltipType="OnCursor" Name="SplashCirclesUnusedItem" Overlapped="1" BGColor="ffffffff" TextColor="ffffffff" TooltipColor="" IgnoreMouse="1" Tooltip="" NoClip="1">
        <Control Class="Window" LAnchorPoint="0" LAnchorOffset="0" TAnchorPoint="0" TAnchorOffset="-5" RAnchorPoint="1" RAnchorOffset="0" BAnchorPoint="1" BAnchorOffset="15" RelativeToClient="1" Font="Default" Text="" BGColor="UI_WindowBGDefault" TextColor="UI_WindowTextDefault" Template="Default" TooltipType="OnCursor" Name="Window" TooltipColor="" Sprite="BK3:btnHolo_Blue_MedDisabled" Picture="1" IgnoreMouse="1" NoClip="1" TestAlpha="1"/>
        <Control Class="Window" LAnchorPoint="0" LAnchorOffset="21" TAnchorPoint="0" TAnchorOffset="16" RAnchorPoint="0" RAnchorOffset="58" BAnchorPoint="0" BAnchorOffset="53" RelativeToClient="1" Font="Default" Text="" Template="Default" Name="SplashCirclesPickerIcon" BGColor="ffffffff" TextColor="ffffffff" Picture="1" IgnoreMouse="1" Sprite="ClientSprites:Icon_Windows_UI_CRB_Lock_Holo" NewControlDepth="1" TooltipColor=""/>
        <Control Class="Window" LAnchorPoint="0" LAnchorOffset="65" TAnchorPoint="0" TAnchorOffset="8" RAnchorPoint="1" RAnchorOffset="-8" BAnchorPoint="0" BAnchorOffset="45" RelativeToClient="1" Font="CRB_InterfaceLarge_B" Text="" Template="Default" Name="SplashCirclesPickerText" BGColor="ffffffff" TextColor="xkcdBattleshipGrey" DT_VCENTER="1" TextId="SocialPanel_UnusedMembership" DT_WORDBREAK="1" TooltipColor=""/>
        <Control Class="Window" LAnchorPoint="0" LAnchorOffset="65" TAnchorPoint="0.5" TAnchorOffset="2" RAnchorPoint="1" RAnchorOffset="-8" BAnchorPoint="1" BAnchorOffset="-6" RelativeToClient="1" Font="CRB_InterfaceSmall" Text="" Template="Default" TooltipType="OnCursor" Name="SplashCirclesPickerSubtext" BGColor="ffffffff" TextColor="xkcdCharcoalGrey" TooltipColor="" DT_VCENTER="1" TextId="SocialPanel_UseMembership"/>
    </Form>
</Forms>
