<Forms>
    <Form Class="CharacterFrame" LAnchorPoint="0" LAnchorOffset="276" TAnchorPoint=".5" TAnchorOffset="-335" RAnchorPoint="0" RAnchorOffset="951" BAnchorPoint="0.5" BAnchorOffset="302" RelativeToClient="1" Font="Default" BGColor="ffffffff" TextColor="ffffffff" Overlapped="1" TestAlpha="1" SwallowMouseClicks="1" Escapable="1" UseTransitionSprite="0" TransitionShowHide="1" NoClip="0" TooltipType="OnCursor" Name="ItemDyeingForm" Border="0" Picture="0" Moveable="1" TooltipColor="" Sprite="CRB_Basekit:kitBase_MetalGrey_ListSmall" IgnoreMouse="1" Tooltip="" Text="" TextId="">
        <Control Class="Window" LAnchorPoint="0" LAnchorOffset="0" TAnchorPoint="0" TAnchorOffset="0" RAnchorPoint="1" RAnchorOffset="0" BAnchorPoint="1" BAnchorOffset="0" RelativeToClient="1" Font="Default" Text="" Template="Default" Name="CharFrame_BGArt" BGColor="ffffffff" TextColor="ffffffff" HideInEditor="0" TooltipColor="" Tooltip="">
            <Control Class="Window" LAnchorPoint="1" LAnchorOffset="-306" TAnchorPoint="0" TAnchorOffset="61" RAnchorPoint="1" RAnchorOffset="-27" BAnchorPoint="1" BAnchorOffset="-23" RelativeToClient="1" Font="Default" Text="" Template="Default" Name="BGArt_DyeBacker" BGColor="ffffffff" TextColor="ffffffff" Picture="1" IgnoreMouse="1" Sprite="CRB_Basekit:kitBase_HoloHexes_Small" TooltipColor="" HideInEditor="0"/>
            <Control Class="Window" LAnchorPoint="0" LAnchorOffset="22" TAnchorPoint="0" TAnchorOffset="25" RAnchorPoint="1" RAnchorOffset="-297" BAnchorPoint="1" BAnchorOffset="-22" RelativeToClient="1" Font="Default" Text="" Template="Default" Name="BGArt_OverallBacker" BGColor="ffffffff" TextColor="ffffffff" Picture="1" IgnoreMouse="1" Sprite="CRB_Basekit:kitBase_MetalGrey_Large" TooltipColor=""/>
            <Control Class="Window" LAnchorPoint="0" LAnchorOffset="20" TAnchorPoint="0" TAnchorOffset="25" RAnchorPoint="1" RAnchorOffset="-20" BAnchorPoint="0" BAnchorOffset="63" RelativeToClient="1" Font="Default" Text="" Template="Default" Name="BGArt_OverallHeader" BGColor="ffffffff" TextColor="ffffffff" Picture="1" IgnoreMouse="1" Sprite="CRB_Basekit:kitHeader_MetalGrey_TitleMarked" TooltipColor=""/>
            <Control Class="Window" LAnchorPoint="0" LAnchorOffset="22" TAnchorPoint="0" TAnchorOffset="60" RAnchorPoint="0" RAnchorOffset="104" BAnchorPoint="1" BAnchorOffset="-24" RelativeToClient="1" Font="Default" Text="" Template="Default" Name="BGArt_LeftBacker" BGColor="ffffffff" TextColor="ffffffff" Picture="1" IgnoreMouse="1" Sprite="CRB_Basekit:kitBase_MetalGrey_Small" Visible="1" HideInEditor="0" TooltipColor=""/>
            <Control Class="Window" LAnchorPoint="0" LAnchorOffset="102" TAnchorPoint="0" TAnchorOffset="56" RAnchorPoint="0" RAnchorOffset="374" BAnchorPoint="1" BAnchorOffset="-74" RelativeToClient="1" Font="Default" Text="" Template="Default" Name="BGArt_HoloBacker" BGColor="ffffffff" TextColor="ffffffff" Picture="1" IgnoreMouse="1" Sprite="CRB_Basekit:kitBase_MetalGrey_Large" TooltipColor="" HideInEditor="0"/>
            <Control Class="CostumeWindow" LAnchorPoint="0" LAnchorOffset="111" TAnchorPoint="0" TAnchorOffset="63" RAnchorPoint="0" RAnchorOffset="358" BAnchorPoint="1" BAnchorOffset="-114" RelativeToClient="1" Font="Default" Sprite="WhiteFill" Text="" Template="Default" Name="Costume" BGColor="ffffffff" TextColor="ffffffff" Camera="Paperdoll" Animated="1" NewControlDepth="1" HideInEditor="0" Visible="1" TooltipColor=""/>
            <Control Class="Window" LAnchorPoint="0" LAnchorOffset="30" TAnchorPoint="0" TAnchorOffset="59" RAnchorPoint="0" RAnchorOffset="95" BAnchorPoint="1" BAnchorOffset="-30" RelativeToClient="1" Font="Default" Text="" Template="Default" Name="BG_ItemSlotFrames" BGColor="ffffffff" TextColor="ffffffff" NewControlDepth="2" TooltipColor="">
                <Control Class="Window" LAnchorPoint="0" LAnchorOffset="0" TAnchorPoint="0" TAnchorOffset="0" RAnchorPoint="1" RAnchorOffset="0" BAnchorPoint="0" BAnchorOffset="56" RelativeToClient="1" Font="Default" Text="" Template="Default" Name="SlotBacker1" BGColor="ffffffff" TextColor="ffffffff" TooltipColor="">
                    <Control Class="Window" LAnchorPoint="0" LAnchorOffset="51" TAnchorPoint="0" TAnchorOffset="5" RAnchorPoint="1" RAnchorOffset="-6" BAnchorPoint="0" BAnchorOffset="50" RelativeToClient="1" Font="Default" Text="" Template="Default" Name="BarFill" BGColor="ffffffff" TextColor="ffffffff" Picture="1" IgnoreMouse="1" Sprite="CRB_Basekit:kitScrollbase_Vert_HoloSmall" TooltipColor=""/>
                    <Control Class="Window" LAnchorPoint="0" LAnchorOffset="-7" TAnchorPoint="0" TAnchorOffset="-7" RAnchorPoint="1" RAnchorOffset="7" BAnchorPoint="0" BAnchorOffset="62" RelativeToClient="1" Font="Default" Text="" Template="Default" Name="Frame" BGColor="afffffff" TextColor="ffffffff" Picture="1" IgnoreMouse="1" Sprite="CRB_Basekit:kitInnerFrame_MetalGrey_Small" TooltipColor=""/>
                </Control>
                <Control Class="Window" LAnchorPoint="0" LAnchorOffset="0" TAnchorPoint="0" TAnchorOffset="54" RAnchorPoint="1" RAnchorOffset="0" BAnchorPoint="0" BAnchorOffset="110" RelativeToClient="1" Font="Default" Text="" Template="Default" Name="SlotBacker2" BGColor="ffffffff" TextColor="ffffffff" TooltipColor="">
                    <Control Class="Window" LAnchorPoint="0" LAnchorOffset="51" TAnchorPoint="0" TAnchorOffset="5" RAnchorPoint="1" RAnchorOffset="-6" BAnchorPoint="0" BAnchorOffset="50" RelativeToClient="1" Font="Default" Text="" Template="Default" Name="BarFill" BGColor="ffffffff" TextColor="ffffffff" Picture="1" IgnoreMouse="1" Sprite="CRB_Basekit:kitScrollbase_Vert_HoloSmall"/>
                    <Control Class="Window" LAnchorPoint="0" LAnchorOffset="-7" TAnchorPoint="0" TAnchorOffset="-7" RAnchorPoint="1" RAnchorOffset="7" BAnchorPoint="0" BAnchorOffset="62" RelativeToClient="1" Font="Default" Text="" Template="Default" Name="Frame" BGColor="afffffff" TextColor="ffffffff" Picture="1" IgnoreMouse="1" Sprite="CRB_Basekit:kitInnerFrame_MetalGrey_Small"/>
                </Control>
                <Control Class="Window" LAnchorPoint="0" LAnchorOffset="0" TAnchorPoint="0" TAnchorOffset="108" RAnchorPoint="1" RAnchorOffset="0" BAnchorPoint="0" BAnchorOffset="164" RelativeToClient="1" Font="Default" Text="" Template="Default" Name="SlotBacker3" BGColor="ffffffff" TextColor="ffffffff" TooltipColor="">
                    <Control Class="Window" LAnchorPoint="0" LAnchorOffset="51" TAnchorPoint="0" TAnchorOffset="5" RAnchorPoint="1" RAnchorOffset="-6" BAnchorPoint="0" BAnchorOffset="50" RelativeToClient="1" Font="Default" Text="" Template="Default" Name="BarFill" BGColor="ffffffff" TextColor="ffffffff" Picture="1" IgnoreMouse="1" Sprite="CRB_Basekit:kitScrollbase_Vert_HoloSmall"/>
                    <Control Class="Window" LAnchorPoint="0" LAnchorOffset="-7" TAnchorPoint="0" TAnchorOffset="-7" RAnchorPoint="1" RAnchorOffset="7" BAnchorPoint="0" BAnchorOffset="62" RelativeToClient="1" Font="Default" Text="" Template="Default" Name="Frame" BGColor="afffffff" TextColor="ffffffff" Picture="1" IgnoreMouse="1" Sprite="CRB_Basekit:kitInnerFrame_MetalGrey_Small"/>
                </Control>
                <Control Class="Window" LAnchorPoint="0" LAnchorOffset="0" TAnchorPoint="0" TAnchorOffset="162" RAnchorPoint="1" RAnchorOffset="0" BAnchorPoint="0" BAnchorOffset="218" RelativeToClient="1" Font="Default" Text="" Template="Default" Name="SlotBacker4" BGColor="ffffffff" TextColor="ffffffff">
                    <Control Class="Window" LAnchorPoint="0" LAnchorOffset="51" TAnchorPoint="0" TAnchorOffset="5" RAnchorPoint="1" RAnchorOffset="-6" BAnchorPoint="0" BAnchorOffset="50" RelativeToClient="1" Font="Default" Text="" Template="Default" Name="BarFill" BGColor="ffffffff" TextColor="ffffffff" Picture="1" IgnoreMouse="1" Sprite="CRB_Basekit:kitScrollbase_Vert_HoloSmall"/>
                    <Control Class="Window" LAnchorPoint="0" LAnchorOffset="-7" TAnchorPoint="0" TAnchorOffset="-7" RAnchorPoint="1" RAnchorOffset="7" BAnchorPoint="0" BAnchorOffset="62" RelativeToClient="1" Font="Default" Text="" Template="Default" Name="Frame" BGColor="afffffff" TextColor="ffffffff" Picture="1" IgnoreMouse="1" Sprite="CRB_Basekit:kitInnerFrame_MetalGrey_Small"/>
                </Control>
                <Control Class="Window" LAnchorPoint="0" LAnchorOffset="0" TAnchorPoint="0" TAnchorOffset="216" RAnchorPoint="1" RAnchorOffset="0" BAnchorPoint="0" BAnchorOffset="272" RelativeToClient="1" Font="Default" Text="" Template="Default" Name="SlotBacker5" BGColor="ffffffff" TextColor="ffffffff">
                    <Control Class="Window" LAnchorPoint="0" LAnchorOffset="51" TAnchorPoint="0" TAnchorOffset="5" RAnchorPoint="1" RAnchorOffset="-6" BAnchorPoint="0" BAnchorOffset="50" RelativeToClient="1" Font="Default" Text="" Template="Default" Name="BarFill" BGColor="ffffffff" TextColor="ffffffff" Picture="1" IgnoreMouse="1" Sprite="CRB_Basekit:kitScrollbase_Vert_HoloSmall"/>
                    <Control Class="Window" LAnchorPoint="0" LAnchorOffset="-7" TAnchorPoint="0" TAnchorOffset="-7" RAnchorPoint="1" RAnchorOffset="7" BAnchorPoint="0" BAnchorOffset="62" RelativeToClient="1" Font="Default" Text="" Template="Default" Name="Frame" BGColor="afffffff" TextColor="ffffffff" Picture="1" IgnoreMouse="1" Sprite="CRB_Basekit:kitInnerFrame_MetalGrey_Small"/>
                </Control>
                <Control Class="Window" LAnchorPoint="0" LAnchorOffset="0" TAnchorPoint="0" TAnchorOffset="270" RAnchorPoint="1" RAnchorOffset="0" BAnchorPoint="0" BAnchorOffset="326" RelativeToClient="1" Font="Default" Text="" Template="Default" Name="SlotBacker6" BGColor="ffffffff" TextColor="ffffffff">
                    <Control Class="Window" LAnchorPoint="0" LAnchorOffset="51" TAnchorPoint="0" TAnchorOffset="5" RAnchorPoint="1" RAnchorOffset="-6" BAnchorPoint="0" BAnchorOffset="50" RelativeToClient="1" Font="Default" Text="" Template="Default" Name="BarFill" BGColor="ffffffff" TextColor="ffffffff" Picture="1" IgnoreMouse="1" Sprite="CRB_Basekit:kitScrollbase_Vert_HoloSmall"/>
                    <Control Class="Window" LAnchorPoint="0" LAnchorOffset="-7" TAnchorPoint="0" TAnchorOffset="-7" RAnchorPoint="1" RAnchorOffset="7" BAnchorPoint="0" BAnchorOffset="62" RelativeToClient="1" Font="Default" Text="" Template="Default" Name="Frame" BGColor="afffffff" TextColor="ffffffff" Picture="1" IgnoreMouse="1" Sprite="CRB_Basekit:kitInnerFrame_MetalGrey_Small"/>
                </Control>
            </Control>
            <Control Class="Window" LAnchorPoint="0" LAnchorOffset="89" TAnchorPoint="0" TAnchorOffset="47" RAnchorPoint="0" RAnchorOffset="374" BAnchorPoint="1" BAnchorOffset="-72" RelativeToClient="1" Font="Default" Text="" Template="Default" Name="BGArt_CharFrameOuter" BGColor="ffffffff" TextColor="ffffffff" Picture="1" IgnoreMouse="1" Sprite="CRB_Basekit:kitInnerFrame_MetalGrey_Medium" NewControlDepth="3" TooltipColor=""/>
            <Control Class="Window" LAnchorPoint="0" LAnchorOffset="0" TAnchorPoint="0" TAnchorOffset="0" RAnchorPoint="1" RAnchorOffset="0" BAnchorPoint="1" BAnchorOffset="0" RelativeToClient="1" Font="Default" Text="" Template="Default" Name="BGArt_OverallFrame" BGColor="ffffffff" TextColor="ffffffff" Picture="1" IgnoreMouse="1" Sprite="CRB_Basekit:kitOuterFrame_MetalGold_Large" TooltipColor="" HideInEditor="0"/>
            <Control Class="Window" LAnchorPoint="1" LAnchorOffset="-318" TAnchorPoint="0" TAnchorOffset="47" RAnchorPoint="1" RAnchorOffset="-13" BAnchorPoint="1" BAnchorOffset="-11" RelativeToClient="1" Font="Default" Text="" Template="Default" Name="BGArt_DyeBorder" BGColor="ffffffff" TextColor="ffffffff" Picture="1" IgnoreMouse="1" Sprite="CRB_Basekit:kitInnerFrame_MetalGrey_Large" TooltipColor="" HideInEditor="0"/>
            <Control Class="Window" LAnchorPoint="0" LAnchorOffset="78" TAnchorPoint="1" TAnchorOffset="-95" RAnchorPoint="0" RAnchorOffset="390" BAnchorPoint="1" BAnchorOffset="-7" RelativeToClient="1" Font="Default" Text="" Template="Default" Name="BGArt_FooterPanel" BGColor="ffffffff" TextColor="ffffffff" Picture="1" IgnoreMouse="1" Sprite="CRB_Basekit:kitFooter_MetalGold_Angled" NewControlDepth="5" TooltipColor="" HideInEditor="0"/>
            <Control Class="Window" LAnchorPoint="1" LAnchorOffset="-290" TAnchorPoint="0" TAnchorOffset="67" RAnchorPoint="1" RAnchorOffset="-41" BAnchorPoint="0" BAnchorOffset="91" RelativeToClient="1" Font="CRB_HeaderMedium" Text="" Template="Default" Name="BGArt_DyesTitle" BGColor="ffffffff" TextColor="ff7fffb9" TextId="Dyeing_DyesTitle" DT_BOTTOM="1" DT_CENTER="1" TooltipColor="" Tooltip=""/>
        </Control>
        <Control Class="Window" LAnchorPoint="0" LAnchorOffset="20" TAnchorPoint="0" TAnchorOffset="30" RAnchorPoint="1" RAnchorOffset="0" BAnchorPoint="0" BAnchorOffset="57" RelativeToClient="1" Font="CRB_HeaderMedium" Sprite="CRB_Basekit:kitHeader_MetalGrey_TitleMarked" Text="" Template="Default" Name="Title" BGColor="ffffffff" TextColor="ffc0c0c0" DT_CENTER="1" DT_VCENTER="1" NewControlDepth="5" TooltipColor="" TextId="Dyeing_WindowTitle" HideInEditor="0" Tooltip=""/>
        <Control Class="Button" Base="btn_CloseWindow" Font="Thick" ButtonType="PushButton" RadioGroup="" LAnchorPoint="1" LAnchorOffset="-38" TAnchorPoint="0" TAnchorOffset="9" RAnchorPoint="1" RAnchorOffset="-1" BAnchorPoint="0" BAnchorOffset="45" DT_VCENTER="1" DT_CENTER="1" Name="Close" BGColor="ffffffff" TextColor="ffffffff" WindowSoundTemplate="CloseWindowPhys" NormalTextColor="ffffffff" PressedTextColor="ffffffff" FlybyTextColor="ffffffff" PressedFlybyTextColor="ffffffff" DisabledTextColor="ffffffff" NewControlDepth="5" TooltipColor="">
            <Event Name="ButtonSignal" Function="OnClose"/>
        </Control>
        <Control Class="ItemSlotWindow" WhenEmpty="btn_Armor_HeadNormal" EquipmentSlot="2" Font="Thick" LAnchorPoint="0" LAnchorOffset="34" TAnchorPoint="0" TAnchorOffset="63" RAnchorPoint="0" RAnchorOffset="80" BAnchorPoint="0" BAnchorOffset="110" DT_VCENTER="1" DT_CENTER="1" Name="HeadSlot" BGColor="ffffffff" TextColor="ffffffff" IgnoreTooltipDelay="1" NewControlDepth="5" HideInEditor="0" Text="" Tooltip="" TooltipId="Character_HeadEmptyTooltip" TooltipColor="" IgnoreMouse="1">
            <Event Name="MouseButtonDown" Function="OnSlotClick"/>
            <Event Name="GenerateTooltip" Function="OnGenerateTooltip"/>
            <Control Class="Window" LAnchorPoint="1" LAnchorOffset="2" TAnchorPoint="0" TAnchorOffset="1" RAnchorPoint="1" RAnchorOffset="8" BAnchorPoint="1" BAnchorOffset="-1" RelativeToClient="1" Font="Default" Text="" Template="Default" Name="Selected" BGColor="6fff0000" TextColor="ffffffff" IgnoreMouse="1" NoClip="1" Picture="1" Sprite="ClientSprites:WhitePulse" HideInEditor="1" TooltipColor="" Visible="0"/>
            <Control Class="Window" LAnchorPoint="1" LAnchorOffset="2" TAnchorPoint="0" TAnchorOffset="0" RAnchorPoint="1" RAnchorOffset="8" BAnchorPoint="1" BAnchorOffset="0" RelativeToClient="1" Font="Default" Text="" Template="Default" Name="Unselected" BGColor="ffffffff" TextColor="ffffffff" IgnoreMouse="1" NoClip="1" Picture="1" Sprite="CRB_Basekit:kitBase_MetalGrey_Tiny" HideInEditor="0" TooltipColor=""/>
            <Control Class="Button" Base="" Font="Thick" ButtonType="PushButton" RadioGroup="" LAnchorPoint="0" LAnchorOffset="0" TAnchorPoint="0" TAnchorOffset="0" RAnchorPoint="1" RAnchorOffset="8" BAnchorPoint="1" BAnchorOffset="0" DT_VCENTER="1" DT_CENTER="1" TooltipType="OnCursor" Name="btn" BGColor="00ffffff" TextColor="ffffffff" TooltipColor="" NormalTextColor="ffffffff" PressedTextColor="ffffffff" FlybyTextColor="ffffffff" PressedFlybyTextColor="ffffffff" DisabledTextColor="ffffffff">
                <Event Name="ButtonSignal" Function="OnSlotSelect"/>
            </Control>
        </Control>
        <Control Class="ItemSlotWindow" Name="ShoulderSlot" WhenEmpty="btn_Armor_ShoulderNormal" EquipmentSlot="3" Font="Thick" ButtonType="PushButton" LAnchorPoint="0" LAnchorOffset="34" TAnchorPoint="0" TAnchorOffset="117" RAnchorPoint="0" RAnchorOffset="80" BAnchorPoint="0" BAnchorOffset="164" DT_VCENTER="1" DT_CENTER="1" BGColor="ffffffff" TextColor="ffffffff" IgnoreTooltipDelay="1" NewControlDepth="5" HideInEditor="0" Text="" Tooltip="" TooltipId="Character_ShoulderEmptyTooltip" TooltipColor="" IgnoreMouse="1">
            <Event Name="MouseButtonDown" Function="OnSlotClick"/>
            <Event Name="GenerateTooltip" Function="OnGenerateTooltip"/>
            <Control Class="Window" LAnchorPoint="1" LAnchorOffset="2" TAnchorPoint="0" TAnchorOffset="1" RAnchorPoint="1" RAnchorOffset="8" BAnchorPoint="1" BAnchorOffset="-1" RelativeToClient="1" Font="Default" Text="" Template="Default" Name="Selected" BGColor="6fff0000" TextColor="ffffffff" IgnoreMouse="1" NoClip="1" Picture="1" Sprite="ClientSprites:WhitePulse" HideInEditor="1" TooltipColor=""/>
            <Control Class="Window" LAnchorPoint="1" LAnchorOffset="1" TAnchorPoint="0" TAnchorOffset="0" RAnchorPoint="1" RAnchorOffset="9" BAnchorPoint="1" BAnchorOffset="0" RelativeToClient="1" Font="Default" Text="" Template="Default" Name="Unselected" BGColor="ffffffff" TextColor="ffffffff" IgnoreMouse="1" NoClip="1" Picture="1" Sprite="CRB_Basekit:kitBase_MetalGrey_Tiny" HideInEditor="0" TooltipColor=""/>
            <Control Class="Button" Base="" Font="Thick" ButtonType="PushButton" RadioGroup="" LAnchorPoint="0" LAnchorOffset="0" TAnchorPoint="0" TAnchorOffset="0" RAnchorPoint="1" RAnchorOffset="8" BAnchorPoint="1" BAnchorOffset="0" DT_VCENTER="1" DT_CENTER="1" TooltipType="OnCursor" Name="btn" BGColor="00ffffff" TextColor="ffffffff" TooltipColor="" NormalTextColor="ffffffff" PressedTextColor="ffffffff" FlybyTextColor="ffffffff" PressedFlybyTextColor="ffffffff" DisabledTextColor="ffffffff">
                <Event Name="ButtonSignal" Function="OnSlotSelect"/>
            </Control>
        </Control>
        <Control Class="ItemSlotWindow" Name="ChestSlot" WhenEmpty="btn_Armor_ChestNormal" EquipmentSlot="0" Font="Thick" LAnchorPoint="0" LAnchorOffset="34" TAnchorPoint="0" TAnchorOffset="171" RAnchorPoint="0" RAnchorOffset="80" BAnchorPoint="0" BAnchorOffset="218" DT_VCENTER="1" DT_CENTER="1" BGColor="ffffffff" TextColor="ffffffff" IgnoreTooltipDelay="1" NewControlDepth="5" HideInEditor="0" Tooltip="" TooltipId="Character_ChestEmptyTooltip" TooltipColor="" IgnoreMouse="1">
            <Event Name="MouseButtonDown" Function="OnSlotClick"/>
            <Event Name="GenerateTooltip" Function="OnGenerateTooltip"/>
            <Control Class="Window" LAnchorPoint="1" LAnchorOffset="2" TAnchorPoint="0" TAnchorOffset="1" RAnchorPoint="1" RAnchorOffset="8" BAnchorPoint="1" BAnchorOffset="-1" RelativeToClient="1" Font="Default" Text="" Template="Default" Name="Selected" BGColor="6fff0000" TextColor="ffffffff" IgnoreMouse="1" NoClip="1" Picture="1" Sprite="ClientSprites:WhitePulse" HideInEditor="1" TooltipColor=""/>
            <Control Class="Window" LAnchorPoint="1" LAnchorOffset="1" TAnchorPoint="0" TAnchorOffset="0" RAnchorPoint="1" RAnchorOffset="9" BAnchorPoint="1" BAnchorOffset="0" RelativeToClient="1" Font="Default" Text="" Template="Default" Name="Unselected" BGColor="ffffffff" TextColor="ffffffff" IgnoreMouse="1" NoClip="1" Picture="1" Sprite="CRB_Basekit:kitBase_MetalGrey_Tiny" HideInEditor="0" TooltipColor=""/>
            <Control Class="Button" Base="" Font="Thick" ButtonType="PushButton" RadioGroup="" LAnchorPoint="0" LAnchorOffset="0" TAnchorPoint="0" TAnchorOffset="0" RAnchorPoint="1" RAnchorOffset="8" BAnchorPoint="1" BAnchorOffset="0" DT_VCENTER="1" DT_CENTER="1" TooltipType="OnCursor" Name="btn" BGColor="00ffffff" TextColor="ffffffff" TooltipColor="" NormalTextColor="ffffffff" PressedTextColor="ffffffff" FlybyTextColor="ffffffff" PressedFlybyTextColor="ffffffff" DisabledTextColor="ffffffff">
                <Event Name="ButtonSignal" Function="OnSlotSelect"/>
            </Control>
        </Control>
        <Control Class="ItemSlotWindow" Name="HandsSlot" WhenEmpty="btn_Armor_HandsNormal" EquipmentSlot="5" Font="Thick" LAnchorPoint="0" LAnchorOffset="34" TAnchorPoint="0" TAnchorOffset="225" RAnchorPoint="0" RAnchorOffset="80" BAnchorPoint="0" BAnchorOffset="272" DT_VCENTER="1" DT_CENTER="1" BGColor="ffffffff" TextColor="ffffffff" IgnoreTooltipDelay="1" NewControlDepth="5" HideInEditor="0" Tooltip="" TooltipId="Character_HandsEmptyTooltip" TooltipColor="" Sizable="0" IgnoreMouse="1">
            <Event Name="MouseButtonDown" Function="OnSlotClick"/>
            <Event Name="GenerateTooltip" Function="OnGenerateTooltip"/>
            <Control Class="Window" LAnchorPoint="1" LAnchorOffset="2" TAnchorPoint="0" TAnchorOffset="1" RAnchorPoint="1" RAnchorOffset="8" BAnchorPoint="1" BAnchorOffset="-1" RelativeToClient="1" Font="Default" Text="" Template="Default" Name="Selected" BGColor="6fff0000" TextColor="ffffffff" IgnoreMouse="1" NoClip="1" Picture="1" Sprite="ClientSprites:WhitePulse" HideInEditor="1" TooltipColor=""/>
            <Control Class="Window" LAnchorPoint="1" LAnchorOffset="1" TAnchorPoint="0" TAnchorOffset="0" RAnchorPoint="1" RAnchorOffset="9" BAnchorPoint="1" BAnchorOffset="0" RelativeToClient="1" Font="Default" Text="" Template="Default" Name="Unselected" BGColor="ffffffff" TextColor="ffffffff" IgnoreMouse="1" NoClip="1" Picture="1" Sprite="CRB_Basekit:kitBase_MetalGrey_Tiny" HideInEditor="0" TooltipColor=""/>
            <Control Class="Button" Base="" Font="Thick" ButtonType="PushButton" RadioGroup="" LAnchorPoint="0" LAnchorOffset="0" TAnchorPoint="0" TAnchorOffset="0" RAnchorPoint="1" RAnchorOffset="8" BAnchorPoint="1" BAnchorOffset="0" DT_VCENTER="1" DT_CENTER="1" TooltipType="OnCursor" Name="btn" BGColor="00ffffff" TextColor="ffffffff" TooltipColor="" NormalTextColor="ffffffff" PressedTextColor="ffffffff" FlybyTextColor="ffffffff" PressedFlybyTextColor="ffffffff" DisabledTextColor="ffffffff">
                <Event Name="ButtonSignal" Function="OnSlotSelect"/>
            </Control>
        </Control>
        <Control Class="ItemSlotWindow" Name="LegsSlot" WhenEmpty="btn_Armor_LegsNormal" EquipmentSlot="1" Font="Thick" LAnchorPoint="0" LAnchorOffset="34" TAnchorPoint="0" TAnchorOffset="279" RAnchorPoint="0" RAnchorOffset="80" BAnchorPoint="0" BAnchorOffset="326" DT_VCENTER="1" DT_CENTER="1" BGColor="ffffffff" TextColor="ffffffff" IgnoreTooltipDelay="1" NewControlDepth="5" HideInEditor="0" Text="" Tooltip="" TooltipId="Character_LegsEmptyTooltip" TooltipColor="" IgnoreMouse="1">
            <Event Name="MouseButtonDown" Function="OnSlotClick"/>
            <Event Name="GenerateTooltip" Function="OnGenerateTooltip"/>
            <Control Class="Window" LAnchorPoint="1" LAnchorOffset="2" TAnchorPoint="0" TAnchorOffset="1" RAnchorPoint="1" RAnchorOffset="8" BAnchorPoint="1" BAnchorOffset="-1" RelativeToClient="1" Font="Default" Text="" Template="Default" Name="Selected" BGColor="6fff0000" TextColor="ffffffff" IgnoreMouse="1" NoClip="1" Picture="1" Sprite="ClientSprites:WhitePulse" HideInEditor="1" TooltipColor=""/>
            <Control Class="Window" LAnchorPoint="1" LAnchorOffset="1" TAnchorPoint="0" TAnchorOffset="0" RAnchorPoint="1" RAnchorOffset="9" BAnchorPoint="1" BAnchorOffset="0" RelativeToClient="1" Font="Default" Text="" Template="Default" Name="Unselected" BGColor="ffffffff" TextColor="ffffffff" IgnoreMouse="1" NoClip="1" Picture="1" Sprite="CRB_Basekit:kitBase_MetalGrey_Tiny" HideInEditor="0" TooltipColor=""/>
            <Control Class="Button" Base="" Font="Thick" ButtonType="PushButton" RadioGroup="" LAnchorPoint="0" LAnchorOffset="0" TAnchorPoint="0" TAnchorOffset="0" RAnchorPoint="1" RAnchorOffset="8" BAnchorPoint="1" BAnchorOffset="0" DT_VCENTER="1" DT_CENTER="1" TooltipType="OnCursor" Name="btn" BGColor="00ffffff" TextColor="ffffffff" TooltipColor="" NormalTextColor="ffffffff" PressedTextColor="ffffffff" FlybyTextColor="ffffffff" PressedFlybyTextColor="ffffffff" DisabledTextColor="ffffffff">
                <Event Name="ButtonSignal" Function="OnSlotSelect"/>
            </Control>
        </Control>
        <Control Class="ItemSlotWindow" Name="FeetSlot" WhenEmpty="btn_Armor_FeetNormal" EquipmentSlot="4" Font="Thick" LAnchorPoint="0" LAnchorOffset="34" TAnchorPoint="0" TAnchorOffset="333" RAnchorPoint="0" RAnchorOffset="80" BAnchorPoint="0" BAnchorOffset="380" DT_VCENTER="1" DT_CENTER="1" BGColor="ffffffff" TextColor="ffffffff" IgnoreTooltipDelay="1" NewControlDepth="5" HideInEditor="0" Tooltip="" TooltipId="Character_FeetEmptyTooltip" TooltipColor="" IgnoreMouse="1">
            <Event Name="MouseButtonDown" Function="OnSlotClick"/>
            <Event Name="GenerateTooltip" Function="OnGenerateTooltip"/>
            <Control Class="Window" LAnchorPoint="1" LAnchorOffset="2" TAnchorPoint="0" TAnchorOffset="1" RAnchorPoint="1" RAnchorOffset="8" BAnchorPoint="1" BAnchorOffset="-1" RelativeToClient="1" Font="Default" Text="" Template="Default" Name="Selected" BGColor="6fff0000" TextColor="ffffffff" IgnoreMouse="1" NoClip="1" Picture="1" Sprite="ClientSprites:WhitePulse" HideInEditor="1" TooltipColor=""/>
            <Control Class="Window" LAnchorPoint="1" LAnchorOffset="1" TAnchorPoint="0" TAnchorOffset="0" RAnchorPoint="1" RAnchorOffset="9" BAnchorPoint="1" BAnchorOffset="0" RelativeToClient="1" Font="Default" Text="" Template="Default" Name="Unselected" BGColor="ffffffff" TextColor="ffffffff" IgnoreMouse="1" NoClip="1" Picture="1" Sprite="CRB_Basekit:kitBase_MetalGrey_Tiny" HideInEditor="0" TooltipColor=""/>
            <Control Class="Button" Base="" Font="Thick" ButtonType="PushButton" RadioGroup="" LAnchorPoint="0" LAnchorOffset="0" TAnchorPoint="0" TAnchorOffset="0" RAnchorPoint="1" RAnchorOffset="8" BAnchorPoint="1" BAnchorOffset="0" DT_VCENTER="1" DT_CENTER="1" TooltipType="OnCursor" Name="btn" BGColor="00ffffff" TextColor="ffffffff" TooltipColor="" NormalTextColor="ffffffff" PressedTextColor="ffffffff" FlybyTextColor="ffffffff" PressedFlybyTextColor="ffffffff" DisabledTextColor="ffffffff">
                <Event Name="ButtonSignal" Function="OnSlotSelect"/>
            </Control>
        </Control>
        <Control Class="Window" LAnchorPoint="1" LAnchorOffset="-283" TAnchorPoint="0" TAnchorOffset="113" RAnchorPoint="1" RAnchorOffset="-50" BAnchorPoint="1" BAnchorOffset="-253" RelativeToClient="1" Font="Default" Text="" Template="Default" TooltipType="OnCursor" Name="DyeList" BGColor="ffffffff" TextColor="ffffffff" TooltipColor="" VScroll="1" IgnoreMouse="1"/>
        <Control Class="Window" LAnchorPoint="1" LAnchorOffset="-283" TAnchorPoint="1" TAnchorOffset="-253" RAnchorPoint="1" RAnchorOffset="-50" BAnchorPoint="1" BAnchorOffset="-95" RelativeToClient="1" Font="Default" Text="" Template="Default" TooltipType="OnCursor" Name="ChannelList" BGColor="ffffffff" TextColor="ffffffff" TooltipColor="">
            <Control Class="Button" Base="" Font="Thick" ButtonType="Check" RadioGroup="DyeChannel" LAnchorPoint="0.5" LAnchorOffset="-35" TAnchorPoint="0.5" TAnchorOffset="-71" RAnchorPoint="0.5" RAnchorOffset="35" BAnchorPoint="0.5" BAnchorOffset="-24" DT_VCENTER="1" DT_CENTER="1" TooltipType="OnCursor" Name="DyeChannel1" BGColor="ffffffff" TextColor="ffffffff" TooltipColor="" NormalTextColor="ffffffff" PressedTextColor="ffffffff" FlybyTextColor="ffffffff" PressedFlybyTextColor="ffffffff" DisabledTextColor="ffffffff" GlobalRadioGroup="" Template="Default" Text="" TextId="CRB_Default_" RadioDisallowNonSelection="1" DrawAsCheckbox="0">
                <Control Class="Window" LAnchorPoint="0" LAnchorOffset="0" TAnchorPoint="1" TAnchorOffset="2" RAnchorPoint="1" RAnchorOffset="0" BAnchorPoint="1" BAnchorOffset="22" RelativeToClient="1" Font="CRB_InterfaceMedium_B" Text="" Template="Default" TooltipType="OnCursor" Name="Caption" BGColor="ffffffff" TextColor="ffffffff" TooltipColor="" TextId="Dyeing_Channel1" IgnoreMouse="1" NoClip="1" DT_CENTER="1" Tooltip="" TooltipId=""/>
                <Event Name="ButtonCheck" Function="OnChannelSelect"/>
            </Control>
            <Control Class="Button" Base="" Font="Thick" ButtonType="Check" RadioGroup="DyeChannel" LAnchorPoint="0.5" LAnchorOffset="-92" TAnchorPoint="0.5" TAnchorOffset="7" RAnchorPoint="0.5" RAnchorOffset="-23" BAnchorPoint="0.5" BAnchorOffset="54" DT_VCENTER="1" DT_CENTER="1" TooltipType="OnCursor" Name="DyeChannel2" BGColor="ffffffff" TextColor="ffffffff" TooltipColor="" NormalTextColor="ffffffff" PressedTextColor="ffffffff" FlybyTextColor="ffffffff" PressedFlybyTextColor="ffffffff" DisabledTextColor="ffffffff" GlobalRadioGroup="" Template="Default" Text="" TextId="CRB_Default_" RadioDisallowNonSelection="1">
                <Control Class="Window" LAnchorPoint="0" LAnchorOffset="0" TAnchorPoint="1" TAnchorOffset="2" RAnchorPoint="1" RAnchorOffset="0" BAnchorPoint="1" BAnchorOffset="22" RelativeToClient="1" Font="CRB_InterfaceMedium_B" Text="" Template="Default" TooltipType="OnCursor" Name="Caption" BGColor="ffffffff" TextColor="ffffffff" TooltipColor="" TextId="Dyeing_Channel2" IgnoreMouse="1" NoClip="1" DT_CENTER="1" Tooltip="" TooltipId=""/>
                <Event Name="ButtonCheck" Function="OnChannelSelect"/>
            </Control>
            <Control Class="Button" Base="" Font="Thick" ButtonType="Check" RadioGroup="DyeChannel" LAnchorPoint="0.5" LAnchorOffset="23" TAnchorPoint="0.5" TAnchorOffset="7" RAnchorPoint="0.5" RAnchorOffset="92" BAnchorPoint="0.5" BAnchorOffset="54" DT_VCENTER="1" DT_CENTER="1" TooltipType="OnCursor" Name="DyeChannel3" BGColor="ffffffff" TextColor="ffffffff" TooltipColor="" NormalTextColor="ffffffff" PressedTextColor="ffffffff" FlybyTextColor="ffffffff" PressedFlybyTextColor="ffffffff" DisabledTextColor="ffffffff" GlobalRadioGroup="" Template="Default" Text="" TextId="CRB_Default_" RadioDisallowNonSelection="1">
                <Control Class="Window" LAnchorPoint="0" LAnchorOffset="0" TAnchorPoint="1" TAnchorOffset="2" RAnchorPoint="1" RAnchorOffset="0" BAnchorPoint="1" BAnchorOffset="22" RelativeToClient="1" Font="CRB_InterfaceMedium_B" Text="" Template="Default" TooltipType="OnCursor" Name="Caption" BGColor="ffffffff" TextColor="ffffffff" TooltipColor="" TextId="Dyeing_Channel3" IgnoreMouse="1" NoClip="1" DT_CENTER="1"/>
                <Event Name="ButtonCheck" Function="OnChannelSelect"/>
            </Control>
        </Control>
        <Control Class="Window" LAnchorPoint="0" LAnchorOffset="379" TAnchorPoint="1" TAnchorOffset="-73" RAnchorPoint="1" RAnchorOffset="-35" BAnchorPoint="1" BAnchorOffset="-29" RelativeToClient="1" Font="Default" Text="" Template="Default" Name="DyeResetContainer" BGColor="ffffffff" TextColor="ffffffff" Sprite="kitFooter_MetalGold_Square" Picture="1" IgnoreMouse="1" TooltipColor="">
            <Control Class="Button" Base="CRB_Basekit:kitBtn_Metal_LargeGreen" Font="CRB_InterfaceMedium_B" ButtonType="PushButton" RadioGroup="" LAnchorPoint="0" LAnchorOffset="10" TAnchorPoint="0" TAnchorOffset="2" RAnchorPoint="0.5" RAnchorOffset="0" BAnchorPoint="0" BAnchorOffset="42" DT_VCENTER="1" DT_CENTER="1" Name="DyeButton" BGColor="ffffffff" TextColor="ffffffff" NormalTextColor="ffffffff" PressedTextColor="ffffffff" FlybyTextColor="ffffffff" PressedFlybyTextColor="ffffffff" DisabledTextColor="9d666666" TextId="Dyeing_DyeBtn" TooltipId="" IgnoreTooltipDelay="1" RelativeToClient="1" Text="" Tooltip="" TooltipColor="">
                <Event Name="ButtonSignal" Function="OnDyeBtnClicked"/>
            </Control>
            <Control Class="Button" Base="CRB_Basekit:kitBtn_Metal_LargeRed" Font="CRB_InterfaceMedium_B" ButtonType="PushButton" RadioGroup="" LAnchorPoint="0.5" LAnchorOffset="1" TAnchorPoint="0" TAnchorOffset="2" RAnchorPoint="1" RAnchorOffset="-10" BAnchorPoint="0" BAnchorOffset="42" DT_VCENTER="1" DT_CENTER="1" Name="ResetSchematicBtn" BGColor="ffffffff" TextColor="ffffffff" NormalTextColor="ffffffff" PressedTextColor="ffffffff" FlybyTextColor="ffffffff" PressedFlybyTextColor="ffffffff" DisabledTextColor="9d666666" TextId="CRB_Reset" TooltipId="" IgnoreTooltipDelay="1" RelativeToClient="1" Text="" Tooltip="" TooltipColor="">
                <Event Name="ButtonSignal" Function="OnResetSchematicClick"/>
            </Control>
        </Control>
        <Control Class="CashWindow" LAnchorPoint="1" LAnchorOffset="-221" TAnchorPoint="1" TAnchorOffset="-95" RAnchorPoint="1" RAnchorOffset="-39" BAnchorPoint="1" BAnchorOffset="-75" RelativeToClient="1" Font="CRB_InterfaceSmall" Sprite="" Text="" Template="Default" Name="Cost" BGColor="ffffffff" TextColor="ffffffff" DT_RIGHT="1" Tooltip="" IgnoreMouse="1" Visible="1" SkipZeroes="1" TooltipColor=""/>
    </Form>
    <Form Class="Button" Base="CRB_Basekit:kitBtn_Holo" Font="CRB_InterfaceMedium" ButtonType="Check" RadioGroup="Dyes" LAnchorPoint="0" LAnchorOffset="0" TAnchorPoint="0" TAnchorOffset="0" RAnchorPoint="0" RAnchorOffset="35" BAnchorPoint="0" BAnchorOffset="34" DT_VCENTER="1" DT_CENTER="0" TooltipType="OnCursor" Name="DyeColor" Border="0" Picture="1" SwallowMouseClicks="1" Moveable="0" Escapable="1" Overlapped="0" BGColor="ffffffff" TextColor="ffffffff" TooltipColor="white" NormalTextColor="UI_BtnTextHoloNormal" PressedTextColor="white" FlybyTextColor="UI_BtnTextHoloFlyby" PressedFlybyTextColor="white" DisabledTextColor="UI_BtnTextHoloDisabled" Text="" TextId="" DrawAsCheckbox="0" GlobalRadioGroup="" RelativeToClient="1" CheckboxRight="0" Tooltip="" RadioDisallowNonSelection="1" TooltipFont="CRB_InterfaceMedium">
        <Event Name="ButtonCheck" Function="OnDyeSelect"/>
        <Control Class="Window" LAnchorPoint="0" LAnchorOffset="6" TAnchorPoint="0" TAnchorOffset="6" RAnchorPoint="1" RAnchorOffset="-6" BAnchorPoint="1" BAnchorOffset="-6" RelativeToClient="1" Font="Default" Text="" Template="Default" TooltipType="OnCursor" Name="DyeSwatch" BGColor="ffffffff" TextColor="ffffffff" TooltipColor="" Picture="1" IgnoreMouse="1" Sprite="CRB_DyeRampSprites:sprDyeRamp_1" NewControlDepth="4"/>
    </Form>
    <Form Class="CharacterFrame" LAnchorPoint="0" LAnchorOffset="0" TAnchorPoint="0" TAnchorOffset="35" RAnchorPoint="0" RAnchorOffset="677" BAnchorPoint="0" BAnchorOffset="721" RelativeToClient="1" Font="Default" BGColor="ffffffff" TextColor="ffffffff" Overlapped="1" TestAlpha="1" SwallowMouseClicks="1" Escapable="1" UseTransitionSprite="0" TransitionShowHide="0" NoClip="0" TooltipType="OnCursor" Name="ItemDyeWindow" Border="0" Picture="0" Moveable="1" TooltipColor="" Sprite="CRB_Basekit:kitBase_MetalGrey_ListSmall" IgnoreMouse="0" Tooltip="" Text="" TextId="">
        <Control Class="Window" LAnchorPoint="0" LAnchorOffset="0" TAnchorPoint="0" TAnchorOffset="0" RAnchorPoint="1" RAnchorOffset="0" BAnchorPoint="1" BAnchorOffset="0" RelativeToClient="1" Font="Default" Text="" Template="Default" Name="CharFrame_BGArt" BGColor="ffffffff" TextColor="ffffffff" HideInEditor="0" TooltipColor="" Tooltip="">
            <Control Class="Window" LAnchorPoint="0" LAnchorOffset="21" TAnchorPoint="0" TAnchorOffset="51" RAnchorPoint="1" RAnchorOffset="-20" BAnchorPoint="1" BAnchorOffset="-23" RelativeToClient="1" Font="Default" Text="" Template="Default" Name="BGArt_DyeBacker" BGColor="ffffffff" TextColor="ffffffff" Picture="1" IgnoreMouse="1" Sprite="CRB_Basekit:kitBase_HoloHexes_Small" TooltipColor="" HideInEditor="0"/>
            <Control Class="Window" LAnchorPoint="0" LAnchorOffset="20" TAnchorPoint="0" TAnchorOffset="25" RAnchorPoint="1" RAnchorOffset="-20" BAnchorPoint="0" BAnchorOffset="69" RelativeToClient="1" Font="Default" Text="" Template="Default" Name="BGArt_OverallHeader" BGColor="ffffffff" TextColor="ffffffff" Picture="1" IgnoreMouse="1" Sprite="CRB_Basekit:kitHeader_MetalGrey_TitleMarked" TooltipColor=""/>
            <Control Class="Window" LAnchorPoint="0" LAnchorOffset="45" TAnchorPoint="0" TAnchorOffset="68" RAnchorPoint="1" RAnchorOffset="-352" BAnchorPoint="0" BAnchorOffset="591" RelativeToClient="1" Font="Default" Text="" Template="Default" Name="BGArt_CharFrameOuter" BGColor="ffffffff" TextColor="ffffffff" Picture="1" IgnoreMouse="1" Sprite="CRB_Basekit:kitBase_HoloBlue_InsetBorder_Thin" NewControlDepth="3" TooltipColor="" HideInEditor="0" Visible="1"/>
            <Control Class="CostumeWindow" LAnchorPoint="0" LAnchorOffset="49" TAnchorPoint="0" TAnchorOffset="75" RAnchorPoint="0" RAnchorOffset="323" BAnchorPoint="0" BAnchorOffset="560" RelativeToClient="1" Font="Default" Sprite="WhiteFill" Text="" Template="Default" Name="Costume" BGColor="ffffffff" TextColor="ffffffff" Camera="Paperdoll" Animated="1" NewControlDepth="1" HideInEditor="0" Visible="1" TooltipColor=""/>
            <Control Class="Window" LAnchorPoint="0" LAnchorOffset="0" TAnchorPoint="0" TAnchorOffset="0" RAnchorPoint="1" RAnchorOffset="0" BAnchorPoint="1" BAnchorOffset="0" RelativeToClient="1" Font="Default" Text="" Template="Default" Name="BGArt_OverallFrame" BGColor="ffffffff" TextColor="ffffffff" Picture="1" IgnoreMouse="1" Sprite="CRB_Basekit:kitOuterFrame_MetalGold_Large" TooltipColor="" HideInEditor="0" NewControlDepth="1"/>
            <Control Class="Window" LAnchorPoint="0" LAnchorOffset="13" TAnchorPoint="0" TAnchorOffset="44" RAnchorPoint="1" RAnchorOffset="-13" BAnchorPoint="0" BAnchorOffset="615" RelativeToClient="1" Font="Default" Text="" Template="Default" Name="BGArt_DyeBorder" BGColor="ffffffff" TextColor="ffffffff" Picture="1" IgnoreMouse="1" Sprite="CRB_Basekit:kitInnerFrame_MetalGrey_Large" TooltipColor="" HideInEditor="0" NewControlDepth="2"/>
            <Control Class="Window" LAnchorPoint="0" LAnchorOffset="5" TAnchorPoint="1" TAnchorOffset="-95" RAnchorPoint="1" RAnchorOffset="-3" BAnchorPoint="1" BAnchorOffset="-5" RelativeToClient="1" Font="Default" Text="" Template="Default" Name="BGArt_FooterPanel" BGColor="ffffffff" TextColor="ffffffff" Picture="1" IgnoreMouse="1" Sprite="CRB_Basekit:kitFooter_MetalGold_Angled" TooltipColor="" HideInEditor="0" Visible="1"/>
        </Control>
        <Control Class="Window" LAnchorPoint="0" LAnchorOffset="20" TAnchorPoint="0" TAnchorOffset="27" RAnchorPoint="1" RAnchorOffset="0" BAnchorPoint="0" BAnchorOffset="54" RelativeToClient="1" Font="CRB_InterfaceLarge" Sprite="CRB_Basekit:kitHeader_MetalGrey_TitleMarked" Text="" Template="Default" Name="Title" BGColor="ffffffff" TextColor="WindowTitleColor" DT_CENTER="1" DT_VCENTER="1" NewControlDepth="5" TooltipColor="" TextId="Dyeing_WindowTitle" HideInEditor="0"/>
        <Control Class="Button" Base="CRB_Basekit:kitBtn_Close" Font="Thick" ButtonType="PushButton" RadioGroup="" LAnchorPoint="1" LAnchorOffset="-34" TAnchorPoint="0" TAnchorOffset="10" RAnchorPoint="1" RAnchorOffset="3" BAnchorPoint="0" BAnchorOffset="46" DT_VCENTER="1" DT_CENTER="1" Name="Close" BGColor="ffffffff" TextColor="ffffffff" WindowSoundTemplate="CloseWindowPhys" NormalTextColor="ffffffff" PressedTextColor="ffffffff" FlybyTextColor="ffffffff" PressedFlybyTextColor="ffffffff" DisabledTextColor="ffffffff" NewControlDepth="5" TooltipColor="">
            <Event Name="ButtonSignal" Function="OnClose"/>
        </Control>
        <Event Name="WindowClosed" Function="OnClose"/>
        <Control Class="Window" LAnchorPoint="1" LAnchorOffset="-344" TAnchorPoint="0" TAnchorOffset="71" RAnchorPoint="1" RAnchorOffset="-42" BAnchorPoint="0" BAnchorOffset="591" RelativeToClient="1" Font="Default" Text="" Template="Default" TooltipType="OnCursor" Name="RightSideContainer" BGColor="ffffffff" TextColor="ffffffff" TooltipColor="" NewControlDepth="4" HideInEditor="0" Tooltip="">
            <Control Class="Window" LAnchorPoint="0" LAnchorOffset="1" TAnchorPoint="0" TAnchorOffset="0" RAnchorPoint="1" RAnchorOffset="1" BAnchorPoint="0" BAnchorOffset="56" RelativeToClient="1" Font="Default" Text="" Template="Default" TooltipType="OnCursor" Name="ItemToggleContainer" BGColor="ffffffff" TextColor="ffffffff" TooltipColor="">
                <Control Class="Window" LAnchorPoint="0" LAnchorOffset="0" TAnchorPoint="0" TAnchorOffset="0" RAnchorPoint="0" RAnchorOffset="50" BAnchorPoint="1" BAnchorOffset="0" RelativeToClient="1" Font="Default" Text="" Template="Default" TooltipType="OnCursor" Name="ItemContainer_2" BGColor="ffffffff" TextColor="ffffffff" TooltipColor="">
                    <Control Class="Button" Base="CRB_Basekit:kitBtn_Dropdown_IconBaseStretch" Font="Thick" ButtonType="Check" RadioGroup="" LAnchorPoint="0" LAnchorOffset="1" TAnchorPoint="0" TAnchorOffset="0" RAnchorPoint="1" RAnchorOffset="-1" BAnchorPoint="1" BAnchorOffset="0" DT_VCENTER="1" DT_CENTER="1" TooltipType="OnCursor" Name="ToggleItemBtn" BGColor="ffffffff" TextColor="ffffffff" TooltipColor="" NormalTextColor="ffffffff" PressedTextColor="ffffffff" FlybyTextColor="ffffffff" PressedFlybyTextColor="ffffffff" DisabledTextColor="ffffffff">
                        <Event Name="ButtonCheck" Function="OnToggleItemBtn"/>
                        <Event Name="ButtonUncheck" Function="OnToggleItemBtn"/>
                    </Control>
                    <Control Class="ItemSlotWindow" WhenEmpty="btn_Armor_HeadNormal" EquipmentSlot="2" Font="Thick" LAnchorPoint="0" LAnchorOffset="6" TAnchorPoint="0" TAnchorOffset="5" RAnchorPoint="1" RAnchorOffset="-6" BAnchorPoint="1" BAnchorOffset="-13" DT_VCENTER="1" DT_CENTER="1" Name="ItemSlot" BGColor="ffffffff" TextColor="ffffffff" IgnoreTooltipDelay="1" NewControlDepth="5" HideInEditor="0" Text="" Tooltip="" TooltipId="Character_HeadEmptyTooltip" TooltipColor="" IgnoreMouse="1">
                        <Event Name="GenerateTooltip" Function="OnGenerateTooltip"/>
                    </Control>
                    <Control Class="Window" LAnchorPoint="0" LAnchorOffset="-7" TAnchorPoint="0" TAnchorOffset="-7" RAnchorPoint="1" RAnchorOffset="7" BAnchorPoint="1" BAnchorOffset="0" RelativeToClient="1" Font="Default" Text="" Template="Default" TooltipType="OnCursor" Name="SelectedMark" BGColor="ffffffff" TextColor="ffffffff" TooltipColor="" Picture="1" IgnoreMouse="1" NewWindowDepth="1" Sprite="CRB_Basekit:kitAccent_Frame_OrangeStroke"/>
                </Control>
                <Control Class="Window" LAnchorPoint="0" LAnchorOffset="50" TAnchorPoint="0" TAnchorOffset="0" RAnchorPoint="0" RAnchorOffset="100" BAnchorPoint="1" BAnchorOffset="0" RelativeToClient="1" Font="Default" Text="" Template="Default" TooltipType="OnCursor" Name="ItemContainer_3" BGColor="ffffffff" TextColor="ffffffff" TooltipColor="">
                    <Control Class="Button" Base="CRB_Basekit:kitBtn_Dropdown_IconBaseStretch" Font="Thick" ButtonType="Check" RadioGroup="" LAnchorPoint="0" LAnchorOffset="1" TAnchorPoint="0" TAnchorOffset="0" RAnchorPoint="1" RAnchorOffset="-1" BAnchorPoint="1" BAnchorOffset="0" DT_VCENTER="1" DT_CENTER="1" TooltipType="OnCursor" Name="ToggleItemBtn" BGColor="ffffffff" TextColor="ffffffff" TooltipColor="" NormalTextColor="ffffffff" PressedTextColor="ffffffff" FlybyTextColor="ffffffff" PressedFlybyTextColor="ffffffff" DisabledTextColor="ffffffff">
                        <Event Name="ButtonCheck" Function="OnToggleItemBtn"/>
                        <Event Name="ButtonUncheck" Function="OnToggleItemBtn"/>
                    </Control>
                    <Control Class="ItemSlotWindow" WhenEmpty="btn_Armor_ShoulderNormal" EquipmentSlot="3" Font="Thick" LAnchorPoint="0" LAnchorOffset="6" TAnchorPoint="0" TAnchorOffset="5" RAnchorPoint="1" RAnchorOffset="-6" BAnchorPoint="1" BAnchorOffset="-13" DT_VCENTER="1" DT_CENTER="1" Name="ItemSlot" BGColor="ffffffff" TextColor="ffffffff" IgnoreTooltipDelay="1" NewControlDepth="5" HideInEditor="0" Text="" Tooltip="" TooltipId="Character_ShoulderEmptyTooltip" TooltipColor="" IgnoreMouse="1">
                        <Event Name="GenerateTooltip" Function="OnGenerateTooltip"/>
                    </Control>
                    <Control Class="Window" LAnchorPoint="0" LAnchorOffset="-7" TAnchorPoint="0" TAnchorOffset="-7" RAnchorPoint="1" RAnchorOffset="7" BAnchorPoint="1" BAnchorOffset="0" RelativeToClient="1" Font="Default" Text="" Template="Default" TooltipType="OnCursor" Name="SelectedMark" BGColor="ffffffff" TextColor="ffffffff" TooltipColor="" Picture="1" IgnoreMouse="1" NewWindowDepth="1" Sprite="CRB_Basekit:kitAccent_Frame_OrangeStroke"/>
                </Control>
                <Control Class="Window" LAnchorPoint="0" LAnchorOffset="100" TAnchorPoint="0" TAnchorOffset="0" RAnchorPoint="0" RAnchorOffset="150" BAnchorPoint="1" BAnchorOffset="0" RelativeToClient="1" Font="Default" Text="" Template="Default" TooltipType="OnCursor" Name="ItemContainer_0" BGColor="ffffffff" TextColor="ffffffff" TooltipColor="">
                    <Control Class="Button" Base="CRB_Basekit:kitBtn_Dropdown_IconBaseStretch" Font="Thick" ButtonType="Check" RadioGroup="" LAnchorPoint="0" LAnchorOffset="1" TAnchorPoint="0" TAnchorOffset="0" RAnchorPoint="1" RAnchorOffset="-1" BAnchorPoint="1" BAnchorOffset="0" DT_VCENTER="1" DT_CENTER="1" TooltipType="OnCursor" Name="ToggleItemBtn" BGColor="ffffffff" TextColor="ffffffff" TooltipColor="" NormalTextColor="ffffffff" PressedTextColor="ffffffff" FlybyTextColor="ffffffff" PressedFlybyTextColor="ffffffff" DisabledTextColor="ffffffff">
                        <Event Name="ButtonCheck" Function="OnToggleItemBtn"/>
                        <Event Name="ButtonUncheck" Function="OnToggleItemBtn"/>
                    </Control>
                    <Control Class="ItemSlotWindow" WhenEmpty="btn_Armor_ChestNormal" EquipmentSlot="0" Font="Thick" LAnchorPoint="0" LAnchorOffset="6" TAnchorPoint="0" TAnchorOffset="5" RAnchorPoint="1" RAnchorOffset="-6" BAnchorPoint="1" BAnchorOffset="-13" DT_VCENTER="1" DT_CENTER="1" Name="ItemSlot" BGColor="ffffffff" TextColor="ffffffff" IgnoreTooltipDelay="1" NewControlDepth="5" HideInEditor="0" Text="" Tooltip="" TooltipId="Character_ChestEmptyTooltip" TooltipColor="" IgnoreMouse="1">
                        <Event Name="GenerateTooltip" Function="OnGenerateTooltip"/>
                    </Control>
                    <Control Class="Window" LAnchorPoint="0" LAnchorOffset="-7" TAnchorPoint="0" TAnchorOffset="-7" RAnchorPoint="1" RAnchorOffset="7" BAnchorPoint="1" BAnchorOffset="0" RelativeToClient="1" Font="Default" Text="" Template="Default" TooltipType="OnCursor" Name="SelectedMark" BGColor="ffffffff" TextColor="ffffffff" TooltipColor="" Picture="1" IgnoreMouse="1" NewWindowDepth="1" Sprite="CRB_Basekit:kitAccent_Frame_OrangeStroke"/>
                </Control>
                <Control Class="Window" LAnchorPoint="0" LAnchorOffset="150" TAnchorPoint="0" TAnchorOffset="0" RAnchorPoint="0" RAnchorOffset="200" BAnchorPoint="1" BAnchorOffset="0" RelativeToClient="1" Font="Default" Text="" Template="Default" TooltipType="OnCursor" Name="ItemContainer_5" BGColor="ffffffff" TextColor="ffffffff" TooltipColor="">
                    <Control Class="Button" Base="CRB_Basekit:kitBtn_Dropdown_IconBaseStretch" Font="Thick" ButtonType="Check" RadioGroup="" LAnchorPoint="0" LAnchorOffset="1" TAnchorPoint="0" TAnchorOffset="0" RAnchorPoint="1" RAnchorOffset="-1" BAnchorPoint="1" BAnchorOffset="0" DT_VCENTER="1" DT_CENTER="1" TooltipType="OnCursor" Name="ToggleItemBtn" BGColor="ffffffff" TextColor="ffffffff" TooltipColor="" NormalTextColor="ffffffff" PressedTextColor="ffffffff" FlybyTextColor="ffffffff" PressedFlybyTextColor="ffffffff" DisabledTextColor="ffffffff">
                        <Event Name="ButtonCheck" Function="OnToggleItemBtn"/>
                        <Event Name="ButtonUncheck" Function="OnToggleItemBtn"/>
                    </Control>
                    <Control Class="ItemSlotWindow" WhenEmpty="btn_Armor_HandsNormal" EquipmentSlot="5" Font="Thick" LAnchorPoint="0" LAnchorOffset="6" TAnchorPoint="0" TAnchorOffset="5" RAnchorPoint="1" RAnchorOffset="-6" BAnchorPoint="1" BAnchorOffset="-13" DT_VCENTER="1" DT_CENTER="1" Name="ItemSlot" BGColor="ffffffff" TextColor="ffffffff" IgnoreTooltipDelay="1" NewControlDepth="5" HideInEditor="0" Text="" Tooltip="" TooltipId="Character_HandsEmptyTooltip" TooltipColor="" IgnoreMouse="1">
                        <Event Name="GenerateTooltip" Function="OnGenerateTooltip"/>
                    </Control>
                    <Control Class="Window" LAnchorPoint="0" LAnchorOffset="-7" TAnchorPoint="0" TAnchorOffset="-7" RAnchorPoint="1" RAnchorOffset="7" BAnchorPoint="1" BAnchorOffset="0" RelativeToClient="1" Font="Default" Text="" Template="Default" TooltipType="OnCursor" Name="SelectedMark" BGColor="ffffffff" TextColor="ffffffff" TooltipColor="" Picture="1" IgnoreMouse="1" NewWindowDepth="1" Sprite="CRB_Basekit:kitAccent_Frame_OrangeStroke"/>
                </Control>
                <Control Class="Window" LAnchorPoint="0" LAnchorOffset="200" TAnchorPoint="0" TAnchorOffset="0" RAnchorPoint="0" RAnchorOffset="250" BAnchorPoint="1" BAnchorOffset="0" RelativeToClient="1" Font="Default" Text="" Template="Default" TooltipType="OnCursor" Name="ItemContainer_1" BGColor="ffffffff" TextColor="ffffffff" TooltipColor="">
                    <Control Class="Button" Base="CRB_Basekit:kitBtn_Dropdown_IconBaseStretch" Font="Thick" ButtonType="Check" RadioGroup="" LAnchorPoint="0" LAnchorOffset="1" TAnchorPoint="0" TAnchorOffset="0" RAnchorPoint="1" RAnchorOffset="-1" BAnchorPoint="1" BAnchorOffset="0" DT_VCENTER="1" DT_CENTER="1" TooltipType="OnCursor" Name="ToggleItemBtn" BGColor="ffffffff" TextColor="ffffffff" TooltipColor="" NormalTextColor="ffffffff" PressedTextColor="ffffffff" FlybyTextColor="ffffffff" PressedFlybyTextColor="ffffffff" DisabledTextColor="ffffffff">
                        <Event Name="ButtonCheck" Function="OnToggleItemBtn"/>
                        <Event Name="ButtonUncheck" Function="OnToggleItemBtn"/>
                    </Control>
                    <Control Class="ItemSlotWindow" WhenEmpty="btn_Armor_LegsNormal" EquipmentSlot="1" Font="Thick" LAnchorPoint="0" LAnchorOffset="6" TAnchorPoint="0" TAnchorOffset="5" RAnchorPoint="1" RAnchorOffset="-6" BAnchorPoint="1" BAnchorOffset="-13" DT_VCENTER="1" DT_CENTER="1" Name="ItemSlot" BGColor="ffffffff" TextColor="ffffffff" IgnoreTooltipDelay="1" NewControlDepth="5" HideInEditor="0" Text="" Tooltip="" TooltipId="Character_LegsEmptyTooltip" TooltipColor="" IgnoreMouse="1">
                        <Event Name="GenerateTooltip" Function="OnGenerateTooltip"/>
                    </Control>
                    <Control Class="Window" LAnchorPoint="0" LAnchorOffset="-7" TAnchorPoint="0" TAnchorOffset="-7" RAnchorPoint="1" RAnchorOffset="7" BAnchorPoint="1" BAnchorOffset="0" RelativeToClient="1" Font="Default" Text="" Template="Default" TooltipType="OnCursor" Name="SelectedMark" BGColor="ffffffff" TextColor="ffffffff" TooltipColor="" Picture="1" IgnoreMouse="1" NewWindowDepth="1" Sprite="CRB_Basekit:kitAccent_Frame_OrangeStroke"/>
                </Control>
                <Control Class="Window" LAnchorPoint="0" LAnchorOffset="250" TAnchorPoint="0" TAnchorOffset="0" RAnchorPoint="0" RAnchorOffset="300" BAnchorPoint="1" BAnchorOffset="0" RelativeToClient="1" Font="Default" Text="" Template="Default" TooltipType="OnCursor" Name="ItemContainer_4" BGColor="ffffffff" TextColor="ffffffff" TooltipColor="">
                    <Control Class="Button" Base="CRB_Basekit:kitBtn_Dropdown_IconBaseStretch" Font="Thick" ButtonType="Check" RadioGroup="" LAnchorPoint="0" LAnchorOffset="1" TAnchorPoint="0" TAnchorOffset="0" RAnchorPoint="1" RAnchorOffset="-1" BAnchorPoint="1" BAnchorOffset="0" DT_VCENTER="1" DT_CENTER="1" TooltipType="OnCursor" Name="ToggleItemBtn" BGColor="ffffffff" TextColor="ffffffff" TooltipColor="" NormalTextColor="ffffffff" PressedTextColor="ffffffff" FlybyTextColor="ffffffff" PressedFlybyTextColor="ffffffff" DisabledTextColor="ffffffff" Text="">
                        <Event Name="ButtonCheck" Function="OnToggleItemBtn"/>
                        <Event Name="ButtonUncheck" Function="OnToggleItemBtn"/>
                    </Control>
                    <Control Class="ItemSlotWindow" WhenEmpty="btn_Armor_FeetNormal" EquipmentSlot="4" Font="Thick" LAnchorPoint="0" LAnchorOffset="6" TAnchorPoint="0" TAnchorOffset="5" RAnchorPoint="1" RAnchorOffset="-6" BAnchorPoint="1" BAnchorOffset="-13" DT_VCENTER="1" DT_CENTER="1" Name="ItemSlot" BGColor="ffffffff" TextColor="ffffffff" IgnoreTooltipDelay="1" NewControlDepth="5" HideInEditor="0" Text="" Tooltip="" TooltipId="Character_FeetEmptyTooltip" TooltipColor="" IgnoreMouse="1">
                        <Event Name="GenerateTooltip" Function="OnGenerateTooltip"/>
                    </Control>
                    <Control Class="Window" LAnchorPoint="0" LAnchorOffset="-7" TAnchorPoint="0" TAnchorOffset="-7" RAnchorPoint="1" RAnchorOffset="7" BAnchorPoint="1" BAnchorOffset="0" RelativeToClient="1" Font="Default" Text="" Template="Default" TooltipType="OnCursor" Name="SelectedMark" BGColor="ffffffff" TextColor="ffffffff" TooltipColor="" Picture="1" IgnoreMouse="1" NewWindowDepth="1" Sprite="CRB_Basekit:kitAccent_Frame_OrangeStroke"/>
                </Control>
            </Control>
            <Control Class="Window" LAnchorPoint="0" LAnchorOffset="0" TAnchorPoint="0" TAnchorOffset="69" RAnchorPoint="1" RAnchorOffset="0" BAnchorPoint="0" BAnchorOffset="173" RelativeToClient="1" Font="Default" Text="" Template="Default" TooltipType="OnCursor" Name="ChannelList" BGColor="ffffffff" TextColor="ffffffff" TooltipColor="" HideInEditor="1">
                <Control Class="Window" LAnchorPoint="0" LAnchorOffset="0" TAnchorPoint="0" TAnchorOffset="0" RAnchorPoint="1" RAnchorOffset="0" BAnchorPoint="1" BAnchorOffset="0" RelativeToClient="1" Font="Default" Text="" Template="Default" TooltipType="OnCursor" Name="ChannelListFraming" BGColor="ffffffff" TextColor="ffffffff" TooltipColor="" Picture="1" IgnoreMouse="1" Sprite="CRB_Basekit:kitBase_HoloBlue_InsetBorder_Thick"/>
                <Control Class="Button" Base="CRB_Basekit:kitBtn_List_Holo" Font="Thick" ButtonType="Check" RadioGroup="DyeChannel" LAnchorPoint="0" LAnchorOffset="6" TAnchorPoint="0" TAnchorOffset="6" RAnchorPoint="1" RAnchorOffset="-33" BAnchorPoint="0" BAnchorOffset="36" DT_VCENTER="1" DT_CENTER="1" TooltipType="OnCursor" Name="DyeChannel_1" BGColor="ffffffff" TextColor="ffffffff" TooltipColor="" NormalTextColor="ffffffff" PressedTextColor="ffffffff" FlybyTextColor="ffffffff" PressedFlybyTextColor="ffffffff" DisabledTextColor="ffffffff" GlobalRadioGroup="" Template="Default" Text="" TextId="" RadioDisallowNonSelection="1" DrawAsCheckbox="0">
                    <Control Class="Window" LAnchorPoint="0" LAnchorOffset="15" TAnchorPoint="0" TAnchorOffset="0" RAnchorPoint="1" RAnchorOffset="0" BAnchorPoint="1" BAnchorOffset="0" RelativeToClient="1" Font="CRB_InterfaceMedium" Text="" Template="Default" TooltipType="OnCursor" Name="Label" BGColor="ffffffff" TextColor="UI_TextHoloBodyHighlight" TooltipColor="" TextId="Dyeing_DyeLabel1" IgnoreMouse="1" NoClip="0" DT_CENTER="0" DT_VCENTER="1" Tooltip=""/>
                    <Event Name="ButtonCheck" Function="OnChannelSelect"/>
                    <Control Class="Window" LAnchorPoint="0" LAnchorOffset="60" TAnchorPoint="0" TAnchorOffset="0" RAnchorPoint="1" RAnchorOffset="0" BAnchorPoint="1" BAnchorOffset="0" RelativeToClient="1" Font="CRB_InterfaceMedium" Text="CurrentDye" Template="Default" TooltipType="OnCursor" Name="CurrentDye" BGColor="ffffffff" TextColor="UI_TextHoloBody" TooltipColor="" TextId="" IgnoreMouse="1" NoClip="0" DT_CENTER="0" DT_VCENTER="1"/>
                </Control>
                <Control Class="Button" Base="CRB_Basekit:kitBtn_List_Holo" Font="Thick" ButtonType="Check" RadioGroup="DyeChannel" LAnchorPoint="0" LAnchorOffset="6" TAnchorPoint="0" TAnchorOffset="37" RAnchorPoint="1" RAnchorOffset="-33" BAnchorPoint="0" BAnchorOffset="67" DT_VCENTER="1" DT_CENTER="1" TooltipType="OnCursor" Name="DyeChannel_2" BGColor="ffffffff" TextColor="ffffffff" TooltipColor="" NormalTextColor="ffffffff" PressedTextColor="ffffffff" FlybyTextColor="ffffffff" PressedFlybyTextColor="ffffffff" DisabledTextColor="ffffffff" GlobalRadioGroup="" Template="Default" Text="" TextId="" RadioDisallowNonSelection="1" DrawAsCheckbox="0">
                    <Control Class="Window" LAnchorPoint="0" LAnchorOffset="15" TAnchorPoint="0" TAnchorOffset="0" RAnchorPoint="1" RAnchorOffset="0" BAnchorPoint="1" BAnchorOffset="0" RelativeToClient="1" Font="CRB_InterfaceMedium" Text="" Template="Default" TooltipType="OnCursor" Name="Label" BGColor="ffffffff" TextColor="UI_TextHoloBodyHighlight" TooltipColor="" TextId="Dyeing_DyeLabel2" IgnoreMouse="1" NoClip="0" DT_CENTER="0" DT_VCENTER="1"/>
                    <Event Name="ButtonCheck" Function="OnChannelSelect"/>
                    <Control Class="Window" LAnchorPoint="0" LAnchorOffset="60" TAnchorPoint="0" TAnchorOffset="0" RAnchorPoint="1" RAnchorOffset="0" BAnchorPoint="1" BAnchorOffset="0" RelativeToClient="1" Font="CRB_InterfaceMedium" Text="CurrentDye" Template="Default" TooltipType="OnCursor" Name="CurrentDye" BGColor="ffffffff" TextColor="ffffffff" TooltipColor="" TextId="" IgnoreMouse="1" NoClip="0" DT_CENTER="0" DT_VCENTER="1"/>
                </Control>
                <Control Class="Button" Base="CRB_Basekit:kitBtn_List_Holo" Font="Thick" ButtonType="Check" RadioGroup="DyeChannel" LAnchorPoint="0" LAnchorOffset="6" TAnchorPoint="0" TAnchorOffset="68" RAnchorPoint="1" RAnchorOffset="-33" BAnchorPoint="0" BAnchorOffset="98" DT_VCENTER="1" DT_CENTER="1" TooltipType="OnCursor" Name="DyeChannel_3" BGColor="ffffffff" TextColor="ffffffff" TooltipColor="" NormalTextColor="ffffffff" PressedTextColor="ffffffff" FlybyTextColor="ffffffff" PressedFlybyTextColor="ffffffff" DisabledTextColor="ffffffff" GlobalRadioGroup="" Template="Default" Text="" TextId="" RadioDisallowNonSelection="1" DrawAsCheckbox="0">
                    <Control Class="Window" LAnchorPoint="0" LAnchorOffset="15" TAnchorPoint="0" TAnchorOffset="0" RAnchorPoint="1" RAnchorOffset="0" BAnchorPoint="1" BAnchorOffset="0" RelativeToClient="1" Font="CRB_InterfaceMedium" Text="" Template="Default" TooltipType="OnCursor" Name="Label" BGColor="ffffffff" TextColor="UI_TextHoloBodyHighlight" TooltipColor="" TextId="Dyeing_DyeLabel3" IgnoreMouse="1" NoClip="0" DT_CENTER="0" DT_VCENTER="1" Tooltip=""/>
                    <Event Name="ButtonCheck" Function="OnChannelSelect"/>
                    <Control Class="Window" LAnchorPoint="0" LAnchorOffset="60" TAnchorPoint="0" TAnchorOffset="0" RAnchorPoint="1" RAnchorOffset="0" BAnchorPoint="1" BAnchorOffset="0" RelativeToClient="1" Font="CRB_InterfaceMedium" Text="CurrentDye" Template="Default" TooltipType="OnCursor" Name="CurrentDye" BGColor="ffffffff" TextColor="ffffffff" TooltipColor="" TextId="" IgnoreMouse="1" NoClip="0" DT_CENTER="0" DT_VCENTER="1"/>
                </Control>
                <Control Class="Button" Base="CRB_Basekit:kitBtn_Holo_IconBase" Font="Thick" ButtonType="PushButton" RadioGroup="" LAnchorPoint="1" LAnchorOffset="-31" TAnchorPoint="0" TAnchorOffset="9" RAnchorPoint="1" RAnchorOffset="-7" BAnchorPoint="0" BAnchorOffset="33" DT_VCENTER="1" DT_CENTER="1" TooltipType="OnCursor" Name="RemoveDyeBtn_1" BGColor="ffffffff" TextColor="ffffffff" TooltipColor="" NormalTextColor="UI_BtnTextHoloNormal" PressedTextColor="UI_BtnTextHoloPressed" FlybyTextColor="UI_BtnTextHoloFlyby" PressedFlybyTextColor="UI_BtnTextHoloPressedFlyby" DisabledTextColor="UI_BtnTextHoloDisabled" Text="" TextId="CRB_X">
                    <Event Name="ButtonSignal" Function="OnRemoveDyeBtn"/>
                </Control>
                <Control Class="Button" Base="CRB_Basekit:kitBtn_Holo_IconBase" Font="Thick" ButtonType="PushButton" RadioGroup="" LAnchorPoint="1" LAnchorOffset="-31" TAnchorPoint="0" TAnchorOffset="39" RAnchorPoint="1" RAnchorOffset="-7" BAnchorPoint="0" BAnchorOffset="63" DT_VCENTER="1" DT_CENTER="1" TooltipType="OnCursor" Name="RemoveDyeBtn_2" BGColor="ffffffff" TextColor="ffffffff" TooltipColor="" NormalTextColor="UI_BtnTextHoloNormal" PressedTextColor="UI_BtnTextHoloPressed" FlybyTextColor="UI_BtnTextHoloFlyby" PressedFlybyTextColor="UI_BtnTextHoloPressedFlyby" DisabledTextColor="UI_BtnTextHoloDisabled" Text="" TextId="CRB_X">
                    <Event Name="ButtonSignal" Function="OnRemoveDyeBtn"/>
                </Control>
                <Control Class="Button" Base="CRB_Basekit:kitBtn_Holo_IconBase" Font="Thick" ButtonType="PushButton" RadioGroup="" LAnchorPoint="1" LAnchorOffset="-31" TAnchorPoint="0" TAnchorOffset="71" RAnchorPoint="1" RAnchorOffset="-7" BAnchorPoint="0" BAnchorOffset="95" DT_VCENTER="1" DT_CENTER="1" TooltipType="OnCursor" Name="RemoveDyeBtn_3" BGColor="ffffffff" TextColor="ffffffff" TooltipColor="" NormalTextColor="UI_BtnTextHoloNormal" PressedTextColor="UI_BtnTextHoloPressed" FlybyTextColor="UI_BtnTextHoloFlyby" PressedFlybyTextColor="UI_BtnTextHoloPressedFlyby" DisabledTextColor="UI_BtnTextHoloDisabled" Text="" TextId="CRB_X">
                    <Event Name="ButtonSignal" Function="OnRemoveDyeBtn"/>
                </Control>
            </Control>
            <Control Class="Window" LAnchorPoint="0" LAnchorOffset="0" TAnchorPoint="0" TAnchorOffset="178" RAnchorPoint="1" RAnchorOffset="0" BAnchorPoint="1" BAnchorOffset="-62" RelativeToClient="1" Font="Default" Text="" Template="Default" TooltipType="OnCursor" Name="DyeListContainer" BGColor="ffffffff" TextColor="ffffffff" TooltipColor="" HideInEditor="1">
                <Control Class="Window" LAnchorPoint="0" LAnchorOffset="0" TAnchorPoint="0" TAnchorOffset="0" RAnchorPoint="1" RAnchorOffset="0" BAnchorPoint="1" BAnchorOffset="0" RelativeToClient="1" Font="Default" Text="" Template="Default" TooltipType="OnCursor" Name="DyeListFraming" BGColor="ffffffff" TextColor="ffffffff" TooltipColor="" Picture="1" IgnoreMouse="1" Sprite="CRB_Basekit:kitBase_HoloBlue_InsetBorder_Thin"/>
                <Control Class="Window" LAnchorPoint="0" LAnchorOffset="4" TAnchorPoint="0" TAnchorOffset="4" RAnchorPoint="1" RAnchorOffset="-4" BAnchorPoint="1" BAnchorOffset="-4" RelativeToClient="1" Font="Default" Text="" Template="CRB_Scroll_HoloSmall" TooltipType="OnCursor" Name="DyeList" BGColor="ffffffff" TextColor="ffffffff" TooltipColor="" VScroll="1" IgnoreMouse="1"/>
            </Control>
            <Control Class="Window" LAnchorPoint="0" LAnchorOffset="0" TAnchorPoint="1" TAnchorOffset="-54" RAnchorPoint="1" RAnchorOffset="0" BAnchorPoint="1" BAnchorOffset="0" RelativeToClient="1" Font="Default" Text="" Template="Default" TooltipType="OnCursor" Name="CostContainer" BGColor="ffffffff" TextColor="ffffffff" TooltipColor="">
                <Control Class="Window" LAnchorPoint="0" LAnchorOffset="0" TAnchorPoint="0" TAnchorOffset="0" RAnchorPoint="1" RAnchorOffset="0" BAnchorPoint="1" BAnchorOffset="0" RelativeToClient="1" Font="Default" Text="" Template="Default" TooltipType="OnCursor" Name="CostListFraming" BGColor="ffffffff" TextColor="ffffffff" TooltipColor="" Picture="1" IgnoreMouse="1" Sprite="CRB_Basekit:kitBase_HoloBlue_InsetBorder_Thin"/>
                <Control Class="CashWindow" LAnchorPoint="1" LAnchorOffset="-223" TAnchorPoint="1" TAnchorOffset="-26" RAnchorPoint="1" RAnchorOffset="-6" BAnchorPoint="1" BAnchorOffset="-4" RelativeToClient="1" Font="CRB_InterfaceMedium" Sprite="" Text="" Template="Default" Name="PlayerMoney" BGColor="ffffffff" TextColor="UI_TextHoloBodyHighlight" DT_RIGHT="1" Tooltip="" IgnoreMouse="1" Visible="1" SkipZeroes="1" TooltipColor="" NoClip="1"/>
                <Control Class="CashWindow" LAnchorPoint="1" LAnchorOffset="-220" TAnchorPoint="0" TAnchorOffset="4" RAnchorPoint="1" RAnchorOffset="-6" BAnchorPoint="0" BAnchorOffset="26" RelativeToClient="1" Font="CRB_InterfaceMedium" Sprite="" Text="" Template="Default" Name="Cost" BGColor="ffffffff" TextColor="ffffffff" DT_RIGHT="1" Tooltip="" IgnoreMouse="1" Visible="1" SkipZeroes="1" TooltipColor="" NoClip="1"/>
                <Control Class="Window" LAnchorPoint="0" LAnchorOffset="8" TAnchorPoint="0" TAnchorOffset="4" RAnchorPoint="1" RAnchorOffset="0" BAnchorPoint="0" BAnchorOffset="26" RelativeToClient="1" Font="CRB_InterfaceMedium" Text="" Template="Default" TooltipType="OnCursor" Name="TotalCostLabel" BGColor="ffffffff" TextColor="UI_TextHoloBodyHighlight" TooltipColor="" TextId="Dyeing_TotalCost" DT_VCENTER="1" Tooltip=""/>
                <Control Class="Window" LAnchorPoint="0" LAnchorOffset="8" TAnchorPoint="1" TAnchorOffset="-26" RAnchorPoint="1" RAnchorOffset="0" BAnchorPoint="1" BAnchorOffset="-4" RelativeToClient="1" Font="CRB_InterfaceMedium" Text="" Template="Default" TooltipType="OnCursor" Name="MyMoneyLabel" BGColor="ffffffff" TextColor="UI_TextHoloBodyHighlight" TooltipColor="" TextId="Dyeing_MyMoney" DT_VCENTER="1"/>
            </Control>
            <Control Class="Window" LAnchorPoint="0" LAnchorOffset="-5" TAnchorPoint="0" TAnchorOffset="57" RAnchorPoint="1" RAnchorOffset="4" BAnchorPoint="1" BAnchorOffset="4" RelativeToClient="1" Font="Default" Text="" Template="Default" TooltipType="OnCursor" Name="RightSideBlocker" BGColor="ffffffff" TextColor="ffffffff" TooltipColor="" NewControlDepth="20" IgnoreMouse="0" NewWindowDepth="1" HideInEditor="0" NoClip="1">
                <Control Class="Window" LAnchorPoint="0" LAnchorOffset="0" TAnchorPoint="0" TAnchorOffset="0" RAnchorPoint="1" RAnchorOffset="0" BAnchorPoint="1" BAnchorOffset="0" RelativeToClient="1" Font="Default" Text="" Template="Default" TooltipType="OnCursor" Name="RSB_BGArt" BGColor="ffffffff" TextColor="ffffffff" TooltipColor="" Picture="1" IgnoreMouse="1" Sprite="CRB_Basekit:kitBase_HoloBlue_TinyNoGlow" Visible="0" HideInEditor="1"/>
                <Control Class="Window" LAnchorPoint="0" LAnchorOffset="0" TAnchorPoint="0" TAnchorOffset="0" RAnchorPoint="1" RAnchorOffset="0" BAnchorPoint="1" BAnchorOffset="0" RelativeToClient="1" Font="Default" Text="" Template="Default" TooltipType="OnCursor" Name="RSB_BGArtOpacityAdd" BGColor="aaffffff" TextColor="ffffffff" TooltipColor="" Picture="1" IgnoreMouse="1" Sprite="CRB_Basekit:kitBase_HoloBlue_TinyNoGlow" HideInEditor="1" Visible="0"/>
                <Control Class="Window" LAnchorPoint="0" LAnchorOffset="20" TAnchorPoint=".5" TAnchorOffset="-110" RAnchorPoint="1" RAnchorOffset="-20" BAnchorPoint=".5" BAnchorOffset="10" RelativeToClient="1" Font="Default" Text="" Template="Default" TooltipType="OnCursor" Name="Prompt_NoItemSelected" BGColor="ffffffff" TextColor="ffffffff" TooltipColor="" HideInEditor="1">
                    <Control Class="Window" LAnchorPoint="0" LAnchorOffset="0" TAnchorPoint="0" TAnchorOffset="0" RAnchorPoint="1" RAnchorOffset="0" BAnchorPoint="1" BAnchorOffset="0" RelativeToClient="1" Font="Default" Text="" Template="Default" TooltipType="OnCursor" Name="BGArt_NoAssetBase" BGColor="ffffffff" TextColor="ffffffff" TooltipColor="" Picture="1" IgnoreMouse="1" Sprite="CRB_Basekit:kitBase_HoloBlue_Floating"/>
                    <Control Class="Window" LAnchorPoint="0" LAnchorOffset="10" TAnchorPoint="0" TAnchorOffset="11" RAnchorPoint="1" RAnchorOffset="-10" BAnchorPoint="0" BAnchorOffset="35" RelativeToClient="1" Font="CRB_InterfaceLarge" Text="" Template="Default" TooltipType="OnCursor" Name="NoAssetHeader" BGColor="ffffffff" TextColor="UI_TextHoloTitle" TooltipColor="" TextId="Dyeing_NoAssetHeader" DT_VCENTER="1" DT_CENTER="1"/>
                    <Control Class="Window" LAnchorPoint="0" LAnchorOffset="15" TAnchorPoint="0" TAnchorOffset="40" RAnchorPoint="1" RAnchorOffset="-15" BAnchorPoint="1" BAnchorOffset="-9" RelativeToClient="1" Font="CRB_InterfaceMedium" Text="" Template="Default" TooltipType="OnCursor" Name="NoAssetBody" BGColor="ffffffff" TextColor="ffffffff" TooltipColor="" TextId="Dyeing_NoAssetBody" DT_VCENTER="1" DT_CENTER="1" DT_WORDBREAK="1"/>
                    <Control Class="Window" LAnchorPoint="0" LAnchorOffset="9" TAnchorPoint="0" TAnchorOffset="36" RAnchorPoint="1" RAnchorOffset="-9" BAnchorPoint="0" BAnchorOffset="54" RelativeToClient="1" Font="Default" Text="" Template="Default" TooltipType="OnCursor" Name="NoassetDivider" BGColor="ffffffff" TextColor="ffffffff" TooltipColor="" Picture="1" IgnoreMouse="1" Sprite="CRB_Basekit:kitDivider_Horiz_HoloDashed"/>
                </Control>
                <Control Class="Window" LAnchorPoint="0" LAnchorOffset="20" TAnchorPoint=".5" TAnchorOffset="-125" RAnchorPoint="1" RAnchorOffset="-20" BAnchorPoint=".5" BAnchorOffset="49" RelativeToClient="1" Font="Default" Text="" Template="Default" TooltipType="OnCursor" Name="Prompt_CostumeWorn" BGColor="ffffffff" TextColor="ffffffff" TooltipColor="" HideInEditor="1">
                    <Control Class="Window" LAnchorPoint="0" LAnchorOffset="0" TAnchorPoint="0" TAnchorOffset="0" RAnchorPoint="1" RAnchorOffset="0" BAnchorPoint="1" BAnchorOffset="0" RelativeToClient="1" Font="Default" Text="" Template="Default" TooltipType="OnCursor" Name="BGArt_NoAssetBase" BGColor="ffffffff" TextColor="ffffffff" TooltipColor="" Picture="1" IgnoreMouse="1" Sprite="CRB_Basekit:kitBase_HoloBlue_Floating"/>
                    <Control Class="Window" LAnchorPoint="0" LAnchorOffset="10" TAnchorPoint="0" TAnchorOffset="11" RAnchorPoint="1" RAnchorOffset="-10" BAnchorPoint="0" BAnchorOffset="35" RelativeToClient="1" Font="CRB_InterfaceLarge" Text="" Template="Default" TooltipType="OnCursor" Name="NoAssetHeader" BGColor="ffffffff" TextColor="UI_TextHoloTitle" TooltipColor="" TextId="Dyeing_CostumeWornHeader" DT_VCENTER="1" DT_CENTER="1"/>
                    <Control Class="Window" LAnchorPoint="0" LAnchorOffset="15" TAnchorPoint="0" TAnchorOffset="40" RAnchorPoint="1" RAnchorOffset="-15" BAnchorPoint="0" BAnchorOffset="124" RelativeToClient="1" Font="CRB_InterfaceMedium" Text="" Template="Default" TooltipType="OnCursor" Name="NoAssetBody" BGColor="ffffffff" TextColor="ffffffff" TooltipColor="" TextId="Dyeing_CostumeWornBody" DT_VCENTER="1" DT_CENTER="1" DT_WORDBREAK="1"/>
                    <Control Class="Window" LAnchorPoint="0" LAnchorOffset="9" TAnchorPoint="0" TAnchorOffset="36" RAnchorPoint="1" RAnchorOffset="-9" BAnchorPoint="0" BAnchorOffset="54" RelativeToClient="1" Font="Default" Text="" Template="Default" TooltipType="OnCursor" Name="NoassetDivider" BGColor="ffffffff" TextColor="ffffffff" TooltipColor="" Picture="1" IgnoreMouse="1" Sprite="CRB_Basekit:kitDivider_Horiz_HoloDashed"/>
                    <Control Class="Button" Base="CRB_Basekit:kitBtn_Holo_Large" Font="CRB_InterfaceMedium" ButtonType="PushButton" RadioGroup="" LAnchorPoint="0" LAnchorOffset="32" TAnchorPoint="0" TAnchorOffset="120" RAnchorPoint="1" RAnchorOffset="-32" BAnchorPoint="0" BAnchorOffset="158" DT_VCENTER="1" DT_CENTER="1" TooltipType="OnCursor" Name="RemoveCostumeBtn" BGColor="ffffffff" TextColor="ffffffff" TooltipColor="" NormalTextColor="ffffffff" PressedTextColor="ffffffff" FlybyTextColor="ffffffff" PressedFlybyTextColor="ffffffff" DisabledTextColor="ffffffff" Text="" TextId="Dyeing_RemoveCostume">
                        <Event Name="ButtonSignal" Function="OnRemoveCostumeBtn"/>
                    </Control>
                </Control>
                <Control Class="Window" LAnchorPoint="0" LAnchorOffset="20" TAnchorPoint=".5" TAnchorOffset="-110" RAnchorPoint="1" RAnchorOffset="-20" BAnchorPoint=".5" BAnchorOffset="25" RelativeToClient="1" Font="Default" Text="" Template="Default" TooltipType="OnCursor" Name="Prompt_NoKnownDyes" BGColor="ffffffff" TextColor="ffffffff" TooltipColor="">
                    <Control Class="Window" LAnchorPoint="0" LAnchorOffset="0" TAnchorPoint="0" TAnchorOffset="0" RAnchorPoint="1" RAnchorOffset="0" BAnchorPoint="1" BAnchorOffset="0" RelativeToClient="1" Font="Default" Text="" Template="Default" TooltipType="OnCursor" Name="BGArt_NoAssetBase" BGColor="ffffffff" TextColor="ffffffff" TooltipColor="" Picture="1" IgnoreMouse="1" Sprite="CRB_Basekit:kitBase_HoloBlue_Floating"/>
                    <Control Class="Window" LAnchorPoint="0" LAnchorOffset="10" TAnchorPoint="0" TAnchorOffset="11" RAnchorPoint="1" RAnchorOffset="-10" BAnchorPoint="0" BAnchorOffset="35" RelativeToClient="1" Font="CRB_InterfaceLarge" Text="" Template="Default" TooltipType="OnCursor" Name="NoAssetHeader" BGColor="ffffffff" TextColor="UI_TextHoloTitle" TooltipColor="" TextId="Dyeing_NoDyesKnownHeader" DT_VCENTER="1" DT_CENTER="1"/>
                    <Control Class="Window" LAnchorPoint="0" LAnchorOffset="15" TAnchorPoint="0" TAnchorOffset="40" RAnchorPoint="1" RAnchorOffset="-15" BAnchorPoint="0" BAnchorOffset="124" RelativeToClient="1" Font="CRB_InterfaceMedium" Text="" Template="Default" TooltipType="OnCursor" Name="NoAssetBody" BGColor="ffffffff" TextColor="ffffffff" TooltipColor="" TextId="Dyeing_NoDyesKnown" DT_VCENTER="1" DT_CENTER="1" DT_WORDBREAK="1"/>
                    <Control Class="Window" LAnchorPoint="0" LAnchorOffset="9" TAnchorPoint="0" TAnchorOffset="36" RAnchorPoint="1" RAnchorOffset="-9" BAnchorPoint="0" BAnchorOffset="54" RelativeToClient="1" Font="Default" Text="" Template="Default" TooltipType="OnCursor" Name="NoassetDivider" BGColor="ffffffff" TextColor="ffffffff" TooltipColor="" Picture="1" IgnoreMouse="1" Sprite="CRB_Basekit:kitDivider_Horiz_HoloDashed"/>
                </Control>
            </Control>
        </Control>
        <Control Class="Button" Base="btn_ArrowTurnLeft" Font="Thick" ButtonType="PushButton" RadioGroup="" LAnchorPoint="0" LAnchorOffset="51" TAnchorPoint="0" TAnchorOffset="559" RAnchorPoint="0" RAnchorOffset="181" BAnchorPoint="0" BAnchorOffset="587" DT_VCENTER="1" DT_CENTER="1" Name="RotateLeft" BGColor="afffffff" TextColor="ffffffff" WindowSoundTemplate="Custom" NormalTextColor="ffffffff" PressedTextColor="ffffffff" FlybyTextColor="ffffffff" PressedFlybyTextColor="ffffffff" DisabledTextColor="ffffffff" TooltipColor="" DrawAsCheckbox="1" CheckboxRight="1">
            <Event Name="ButtonHoldBegin" Function="OnRotateLeft"/>
            <Event Name="ButtonUp" Function="OnRotateLeftCancel"/>
            <Event Name="ButtonUpCancel" Function="OnRotateLeftCancel"/>
        </Control>
        <Control Class="Button" Base="btn_ArrowTurnRight" Font="Thick" ButtonType="PushButton" RadioGroup="" LAnchorPoint="0" LAnchorOffset="184" TAnchorPoint="0" TAnchorOffset="557" RAnchorPoint="0" RAnchorOffset="319" BAnchorPoint="0" BAnchorOffset="587" DT_VCENTER="1" DT_CENTER="1" Name="RotateRight" BGColor="afffffff" TextColor="ffffffff" WindowSoundTemplate="Custom" NormalTextColor="ffffffff" PressedTextColor="ffffffff" FlybyTextColor="ffffffff" PressedFlybyTextColor="ffffffff" DisabledTextColor="ffffffff" TooltipColor="" Tooltip="" DrawAsCheckbox="1">
            <Event Name="ButtonHoldBegin" Function="OnRotateRight"/>
            <Event Name="ButtonUp" Function="OnRotateRightCancel"/>
            <Event Name="ButtonUpCancel" Function="OnRotateRightCancel"/>
        </Control>
        <Control Class="Button" Base="CRB_Basekit:kitBtn_Metal_LargeRed" Font="CRB_InterfaceMedium" ButtonType="PushButton" RadioGroup="" LAnchorPoint="0" LAnchorOffset="507" TAnchorPoint="1" TAnchorOffset="-73" RAnchorPoint="0" RAnchorOffset="628" BAnchorPoint="1" BAnchorOffset="-25" DT_VCENTER="1" DT_CENTER="1" Name="ResetBtn" BGColor="ffffffff" TextColor="ffffffff" NormalTextColor="UI_BtnTextRedNormal" PressedTextColor="UI_BtnTextRedPressed" FlybyTextColor="UI_BtnTextRedFlyby" PressedFlybyTextColor="UI_BtnTextRedPressedFlyby" DisabledTextColor="UI_BtnTextRedDisabled" TextId="CRB_Reset" TooltipId="" IgnoreTooltipDelay="1" RelativeToClient="1" Text="" Tooltip="" TooltipColor="">
            <Event Name="ButtonSignal" Function="OnResetBtn"/>
        </Control>
        <Control Class="Button" Base="CRB_Basekit:kitBtn_Metal_LargeGreen" Font="CRB_InterfaceMedium" ButtonType="PushButton" RadioGroup="" LAnchorPoint="0" LAnchorOffset="385" TAnchorPoint="1" TAnchorOffset="-73" RAnchorPoint="0" RAnchorOffset="506" BAnchorPoint="1" BAnchorOffset="-25" DT_VCENTER="1" DT_CENTER="1" Name="DyeButton" BGColor="ffffffff" TextColor="ffffffff" NormalTextColor="UI_BtnTextGreenNormal" PressedTextColor="UI_BtnTextGreenPressed" FlybyTextColor="UI_BtnTextGreenFlyby" PressedFlybyTextColor="UI_BtnTextGreenPressedFlyby" DisabledTextColor="UI_BtnTextGreenDisabled" TextId="Dyeing_DyeBtn" TooltipId="" IgnoreTooltipDelay="1" RelativeToClient="1" Text="" Tooltip="" TooltipColor="">
            <Event Name="ButtonSignal" Function="OnDyeBtnClicked"/>
        </Control>
    </Form>
</Forms>
