<?xml version="1.0" encoding="UTF-8" standalone="yes" ?>
<Forms>
    <Form Class="Window" LAnchorPoint=".33" LAnchorOffset="-224" TAnchorPoint=".5" TAnchorOffset="-355" RAnchorPoint=".33" RAnchorOffset="289" BAnchorPoint=".5" BAnchorOffset="355" RelativeToClient="1" Font="Default" Text="" Template="Default" TooltipType="OnCursor" Name="LoreWindowForm" Border="0" Picture="1" SwallowMouseClicks="1" Moveable="1" Escapable="1" Overlapped="1" BGColor="white" TextColor="white" TooltipColor="" IgnoreMouse="1" Tooltip="" Visible="0" TextId="" LeftEdgeControlsAnchor="LoreWindowLeft" RightEdgeControlsAnchor="LoreWindowRight" BottomEdgeControlsAnchor="LoreWindowBottom" TopEdgeControlsAnchor="LoreWindowTop">
        <Control Class="Window" LAnchorPoint="0" LAnchorOffset="20" TAnchorPoint="0" TAnchorOffset="230" RAnchorPoint="1" RAnchorOffset="-24" BAnchorPoint="1" BAnchorOffset="-21" RelativeToClient="1" Font="Default" Text="" Template="Holo_Background_General" TooltipType="OnCursor" Name="BGBackground" BGColor="white" TextColor="white" TooltipColor="" Sprite="" Picture="1" IgnoreMouse="1" Border="1" UseTemplateBG="1"/>
        <Control Class="Window" LAnchorPoint="0" LAnchorOffset="30" TAnchorPoint="1" TAnchorOffset="-572" RAnchorPoint="1" RAnchorOffset="-28" BAnchorPoint="1" BAnchorOffset="-23" RelativeToClient="1" Font="Default" Text="" Template="Default" TooltipType="OnCursor" Name="MainGAContainer" BGColor="white" TextColor="white" TooltipColor="" Visible="0"/>
        <Control Class="Window" LAnchorPoint="0" LAnchorOffset="30" TAnchorPoint="1" TAnchorOffset="-572" RAnchorPoint="1" RAnchorOffset="-28" BAnchorPoint="1" BAnchorOffset="-23" RelativeToClient="1" Font="Default" Text="" Template="Default" TooltipType="OnCursor" Name="MainColContainer" BGColor="white" TextColor="white" TooltipColor="" Visible="1" DT_CENTER="1" DT_VCENTER="1" TextId="" HideInEditor="0">
            <Control Class="Window" LAnchorPoint="0" LAnchorOffset="9" TAnchorPoint="0" TAnchorOffset="104" RAnchorPoint="1" RAnchorOffset="-11" BAnchorPoint="1" BAnchorOffset="-10" RelativeToClient="1" Font="Default" Text="" Template="Holo_ScrollList" TooltipType="OnCursor" Name="ColMainScroll" BGColor="white" TextColor="white" TooltipColor="" VScroll="1" IgnoreMouse="1" TextId="" Tooltip="" Picture="1" Border="1" UseTemplateBG="1" Visible="1" HideInEditor="0" NewControlDepth="2"/>
            <Control Class="Window" LAnchorPoint="0" LAnchorOffset="-2" TAnchorPoint="0" TAnchorOffset="-3" RAnchorPoint="1" RAnchorOffset="3" BAnchorPoint="0" BAnchorOffset="99" RelativeToClient="1" Font="Default" Text="" Template="Default" TooltipType="OnCursor" Name="ColTopBG" BGColor="white" TextColor="white" TooltipColor="" Sprite="BK3:UI_BK3_Metal_Inset_Block2" Picture="1" IgnoreMouse="1">
                <Control Class="Button" Base="BK3:btnMetal_Dropdown" Font="CRB_InterfaceMedium_B" ButtonType="Check" RadioGroup="" LAnchorPoint="0.5" LAnchorOffset="-126" TAnchorPoint="1" TAnchorOffset="-48" RAnchorPoint="0.5" RAnchorOffset="126" BAnchorPoint="1" BAnchorOffset="-11" DT_VCENTER="1" DT_CENTER="1" TooltipType="OnCursor" Name="ColTopDropdownBtn" BGColor="white" TextColor="white" TooltipColor="" NormalTextColor="UI_BtnTextGoldListNormal" PressedTextColor="UI_BtnTextGoldListPressed" FlybyTextColor="UI_BtnTextGoldListFlyby" PressedFlybyTextColor="UI_BtnTextGoldListPressedFlyby" DisabledTextColor="UI_BtnTextGoldListDisabled" Text="" Tooltip="" TextId="CRB__2">
                    <Event Name="ButtonCheck" Function="OnColTopDropdownToggle"/>
                    <Event Name="ButtonUncheck" Function="OnColTopDropdownToggle"/>
                </Control>
                <Control Class="Window" LAnchorPoint="0" LAnchorOffset="-1" TAnchorPoint="0" TAnchorOffset="8" RAnchorPoint="1" RAnchorOffset="-1" BAnchorPoint="0" BAnchorOffset="56" RelativeToClient="1" Font="Default" Text="" Template="Default" TooltipType="OnCursor" Name="ColTopZoneProgressContainer" BGColor="white" TextColor="white" TooltipColor="">
                    <Control Class="Window" LAnchorPoint="0.5" LAnchorOffset="-122" TAnchorPoint="1" TAnchorOffset="-42" RAnchorPoint="0.5" RAnchorOffset="122" BAnchorPoint="1" BAnchorOffset="-18" RelativeToClient="1" Font="CRB_Button" Text="" Template="Default" TooltipType="OnCursor" Name="ZoneProgressProgText" BGColor="white" TextColor="UI_WindowTitleGray" TooltipColor="" TextId="CRB__2" DT_CENTER="1"/>
                    <Control Class="Window" LAnchorPoint="0.5" LAnchorOffset="-122" TAnchorPoint="1" TAnchorOffset="-21" RAnchorPoint="0.5" RAnchorOffset="122" BAnchorPoint="1" BAnchorOffset="-8" RelativeToClient="1" Font="Default" Text="" Template="Default" TooltipType="OnCursor" Name="ZoneProgressProgBarBG" BGColor="white" TextColor="white" TooltipColor="" Sprite="CRB_Basekit:kitIProgBar_MetalInset_Base" Picture="1" IgnoreMouse="1">
                        <Control Class="ProgressBar" Text="" LAnchorPoint="0" LAnchorOffset="3" TAnchorPoint="0" TAnchorOffset="3" RAnchorPoint="1" RAnchorOffset="-3" BAnchorPoint="1" BAnchorOffset="-3" AutoSetText="0" UseValues="0" RelativeToClient="1" SetTextToProgress="0" DT_CENTER="1" DT_VCENTER="1" ProgressEmpty="" ProgressFull="CRB_Basekit:kitIProgBar_MetalInset_FillBlue" TooltipType="OnCursor" Name="ZoneProgressProgBar" BGColor="white" TextColor="white" TooltipColor="" BarColor="" Picture="0" Sprite="" Tooltip="" IgnoreMouse="1"/>
                    </Control>
                </Control>
            </Control>
            <Control Class="Window" LAnchorPoint="0" LAnchorOffset="0" TAnchorPoint="0" TAnchorOffset="98" RAnchorPoint="1" RAnchorOffset="0" BAnchorPoint="1" BAnchorOffset="-1" RelativeToClient="1" Font="Default" Text="" Template="Default" TooltipType="OnCursor" Name="ColTopDropdownBG" BGColor="white" TextColor="white" TooltipColor="" Picture="1" IgnoreMouse="0" Sprite="BK3:UI_BK3_Metal_Framing_BlockerFull" Visible="0" CloseOnExternalClick="1" HideInEditor="0" Tooltip="" NewControlDepth="10">
                <Control Class="Window" LAnchorPoint="0.5" LAnchorOffset="-126" TAnchorPoint="0" TAnchorOffset="-11" RAnchorPoint="0.5" RAnchorOffset="123" BAnchorPoint="0" BAnchorOffset="371" RelativeToClient="1" Font="Default" Text="" Template="Default" TooltipType="OnCursor" Name="ColTopDropdownArt" BGColor="white" TextColor="white" TooltipColor="" IgnoreMouse="1" Sprite="BK3:sprMetal_ExpandMenu_MedSmall_Framing" Picture="1" Visible="1" HideInEditor="0" NoClip="1">
                    <Control Class="Window" LAnchorPoint="0" LAnchorOffset="4" TAnchorPoint="0" TAnchorOffset="4" RAnchorPoint="1" RAnchorOffset="-4" BAnchorPoint="1" BAnchorOffset="-4" RelativeToClient="1" Font="Default" Text="" Template="Metal_ScrollList" TooltipType="OnCursor" Name="ColTopDropdownScroll" BGColor="white" TextColor="white" TooltipColor="" VScroll="1" IgnoreMouse="1"/>
                    <Pixie LAnchorPoint="0" LAnchorOffset="5" TAnchorPoint="0" TAnchorOffset="5" RAnchorPoint="1" RAnchorOffset="-5" BAnchorPoint="1" BAnchorOffset="-4" Sprite="CRB_Basekit:kitBase_MetalGrey_Small" BGColor="white" TextColor="black" Rotation="0" Font="Default"/>
                </Control>
                <Event Name="WindowClosed" Function="OnColTopDropdownClosed"/>
            </Control>
        </Control>
        <Control Class="Window" LAnchorPoint="0" LAnchorOffset="0" TAnchorPoint="0" TAnchorOffset="0" RAnchorPoint="1" RAnchorOffset="0" BAnchorPoint="1" BAnchorOffset="0" RelativeToClient="1" Font="Default" Text="" Template="Metal_Primary_Nav" TooltipType="OnCursor" Name="BGFrame" BGColor="white" TextColor="white" TooltipColor="" Sprite="" Picture="1" IgnoreMouse="1" Border="1" UseTemplateBG="1" NewControlDepth="10" HideInEditor="0"/>
        <Control Class="Window" LAnchorPoint="0" LAnchorOffset="7" TAnchorPoint="0" TAnchorOffset="50" RAnchorPoint="1" RAnchorOffset="-7" BAnchorPoint="0" BAnchorOffset="122" RelativeToClient="1" Font="Default" Text="" Template="Default" TooltipType="OnCursor" Name="MainNavContainer" BGColor="white" TextColor="white" TooltipColor="" Sprite="" Picture="1" IgnoreMouse="1" Tooltip="">
            <Control Class="Button" Base="BK3:btnMetal_TabMainLeft" Font="CRB_ButtonHeader" ButtonType="Check" RadioGroup="Loripedia_MainNavGA_RadioGroup" LAnchorPoint="0" LAnchorOffset="20" TAnchorPoint="0" TAnchorOffset="0" RAnchorPoint="0.5" RAnchorOffset="1" BAnchorPoint="1" BAnchorOffset="0" DT_VCENTER="1" DT_CENTER="1" TooltipType="OnCursor" Name="MainNavGA" BGColor="white" TextColor="white" TooltipColor="" NormalTextColor="UI_BtnTextGoldListNormal" PressedTextColor="UI_BtnTextGoldListPressed" FlybyTextColor="UI_BtnTextGoldListFlyby" PressedFlybyTextColor="UI_BtnTextGoldListPressedFlyby" DisabledTextColor="UI_BtnTextGoldListDisabled" Text="" TextId="Archive_ArchiveIndexTitle" GlobalRadioGroup="" RadioDisallowNonSelection="1">
                <Event Name="ButtonCheck" Function="OnMainNavGACheck"/>
            </Control>
            <Control Class="Button" Base="BK3:btnMetal_TabMainRight" Font="CRB_ButtonHeader" ButtonType="Check" RadioGroup="Loripedia_MainNavGA_RadioGroup" LAnchorPoint="0.5" LAnchorOffset="-1" TAnchorPoint="0" TAnchorOffset="0" RAnchorPoint="1" RAnchorOffset="-20" BAnchorPoint="1" BAnchorOffset="0" DT_VCENTER="1" DT_CENTER="1" TooltipType="OnCursor" Name="MainNavCol" BGColor="white" TextColor="white" TooltipColor="" NormalTextColor="UI_BtnTextGoldListNormal" PressedTextColor="UI_BtnTextGoldListPressed" FlybyTextColor="UI_BtnTextGoldListFlyby" PressedFlybyTextColor="UI_BtnTextGoldListPressedFlyby" DisabledTextColor="UI_BtnTextGoldListDisabled" Text="" TextId="Lore_ZoneLore" GlobalRadioGroup="" RadioDisallowNonSelection="1" Tooltip="">
                <Event Name="ButtonCheck" Function="OnMainNavColCheck"/>
            </Control>
        </Control>
        <Control Class="Button" Base="CRB_Basekit:kitBtn_Close" Font="Thick" ButtonType="PushButton" RadioGroup="" LAnchorPoint="1" LAnchorOffset="-52" TAnchorPoint="0" TAnchorOffset="26" RAnchorPoint="1" RAnchorOffset="-25" BAnchorPoint="0" BAnchorOffset="55" DT_VCENTER="1" DT_CENTER="1" TooltipType="OnCursor" Name="CloseBtn" BGColor="white" TextColor="white" TooltipColor="" NormalTextColor="white" PressedTextColor="white" FlybyTextColor="white" PressedFlybyTextColor="white" DisabledTextColor="white" RelativeToClient="1" Tooltip="">
            <Event Name="ButtonSignal" Function="OnCloseBtn"/>
        </Control>
        <Control Class="Window" LAnchorPoint=".5" LAnchorOffset="-100" TAnchorPoint="0" TAnchorOffset="27" RAnchorPoint=".5" RAnchorOffset="100" BAnchorPoint="0" BAnchorOffset="63" RelativeToClient="1" Font="CRB_HeaderMedium" Text="" BGColor="UI_WindowBGDefault" TextColor="UI_BtnTextGoldListPressed" Template="Default" TooltipType="OnCursor" Name="HeaderTitle" TooltipColor="" Sprite="BK3:sprMetal_Framing_Header" Picture="1" IgnoreMouse="1" TextId="InterfaceMenu_Lore" DT_CENTER="1" DT_VCENTER="1" Border="0" NewControlDepth="2"/>
    </Form>
    <Form Class="Window" Base="" Font="CRB_InterfaceMedium_B" ButtonType="PushButton" RadioGroup="" LAnchorPoint="0" LAnchorOffset="0" TAnchorPoint="0" TAnchorOffset="0" RAnchorPoint="1" RAnchorOffset="0" BAnchorPoint="0" BAnchorOffset="25" DT_VCENTER="1" DT_CENTER="1" TooltipType="OnCursor" Name="DropdownZoneHeader" BGColor="white" TextColor="white" TooltipColor="" NormalTextColor="UI_BtnTextHoloNormal" PressedTextColor="UI_BtnTextHoloPressed" FlybyTextColor="UI_BtnTextHoloFlyby" PressedFlybyTextColor="UI_BtnTextHoloPressedFlyby" DisabledTextColor="UI_BtnTextHoloDisabled" Text="" TextId="" Tooltip="" Picture="1" Overlapped="1" RelativeToClient="1" Sprite="CRB_Basekit:kitHeader_MetalGrey_TitlePlain" SwallowMouseClicks="1" IgnoreMouse="1">
        <Event Name="ButtonSignal" Function="OnOriginPieceItemClick"/>
        <Control Class="Window" LAnchorPoint="0" LAnchorOffset="8" TAnchorPoint="0" TAnchorOffset="0" RAnchorPoint="1" RAnchorOffset="0" BAnchorPoint="1" BAnchorOffset="0" RelativeToClient="1" Font="CRB_InterfaceMedium_B" Text="" Template="Default" TooltipType="OnCursor" Name="DropdownZoneHeaderText" BGColor="white" TextColor="UI_BtnTextGoldListPressed" TooltipColor="" Picture="1" IgnoreMouse="1" Sprite="" TextId="CRB__2" DT_VCENTER="1" Tooltip=""/>
    </Form>
    <Form Class="Window" LAnchorPoint="0" LAnchorOffset="0" TAnchorPoint="0" TAnchorOffset="0" RAnchorPoint="1" RAnchorOffset="0" BAnchorPoint="0" BAnchorOffset="45" RelativeToClient="1" Font="Default" Text="" Template="Default" TooltipType="OnCursor" Name="DropdownZoneItem" BGColor="white" TextColor="white" TooltipColor="" Tooltip="">
        <Control Class="Button" Base="CRB_Basekit:kitBtn_List_MetalContextMenu" Font="CRB_InterfaceSmall" ButtonType="PushButton" RadioGroup="" LAnchorPoint="0" LAnchorOffset="0" TAnchorPoint="0" TAnchorOffset="0" RAnchorPoint="1" RAnchorOffset="0" BAnchorPoint="1" BAnchorOffset="0" DT_VCENTER="1" DT_CENTER="1" TooltipType="OnCursor" Name="DropdownZoneBtn" BGColor="white" TextColor="white" TooltipColor="" NormalTextColor="UI_BtnTextGoldListNormal" PressedTextColor="UI_BtnTextGoldListPressed" FlybyTextColor="UI_BtnTextGoldListFlyby" PressedFlybyTextColor="UI_BtnTextGoldListPressedFlyby" DisabledTextColor="UI_BtnTextGoldListDisabled" Text="" TextId="" DT_WORDBREAK="1" RelativeToClient="1">
            <Event Name="ButtonSignal" Function="OnDropdownZoneBtn"/>
            <Control Class="Window" LAnchorPoint="0" LAnchorOffset="10" TAnchorPoint="1" TAnchorOffset="-14" RAnchorPoint="1" RAnchorOffset="-10" BAnchorPoint="1" BAnchorOffset="-4" RelativeToClient="1" Font="Default" Text="" Template="Default" TooltipType="OnCursor" Name="ZoneProgressProgBarBG" BGColor="UI_AlphaPercent40" TextColor="white" TooltipColor="" Sprite="kitIProgBar_Inlay_Base" Picture="1" IgnoreMouse="1" NewControlDepth="1">
                <Control Class="ProgressBar" Text="" LAnchorPoint="0" LAnchorOffset="5" TAnchorPoint="0" TAnchorOffset="0" RAnchorPoint="1" RAnchorOffset="-3" BAnchorPoint="1" BAnchorOffset="0" AutoSetText="0" UseValues="0" RelativeToClient="1" SetTextToProgress="0" DT_CENTER="1" DT_VCENTER="1" ProgressEmpty="" ProgressFull="kitIProgBar_Simple_Fill" TooltipType="OnCursor" Name="ZoneProgressProgBar" BGColor="white" TextColor="white" TooltipColor="" BarColor="" Picture="0" Sprite="" Tooltip="" IgnoreMouse="1"/>
            </Control>
        </Control>
    </Form>
    <Form Class="Window" Font="Thick" RadioGroup="" LAnchorPoint="0" LAnchorOffset="0" TAnchorPoint="0" TAnchorOffset="1" RAnchorPoint="1" RAnchorOffset="0" BAnchorPoint="0" BAnchorOffset="60" Name="ColHeader" BGColor="white" TextColor="white" NormalTextColor="white" PressedTextColor="white" FlybyTextColor="white" PressedFlybyTextColor="white" DisabledTextColor="white" RelativeToClient="1" TooltipColor="" Overlapped="1" TestAlpha="1" Tooltip="" Sprite="" Picture="1">
        <Control Class="Button" Base="BK3:btnHolo_ExpandCollapse_Inverted" Font="Thick" ButtonType="Check" RadioGroup="" LAnchorPoint="0" LAnchorOffset="0" TAnchorPoint="0" TAnchorOffset="0" RAnchorPoint="1" RAnchorOffset="0" BAnchorPoint="0" BAnchorOffset="51" DT_VCENTER="1" DT_CENTER="1" Name="ColHeaderBtn" BGColor="white" TextColor="white" NormalTextColor="white" PressedTextColor="white" FlybyTextColor="white" PressedFlybyTextColor="white" DisabledTextColor="white" RelativeToClient="1" TooltipColor="" Overlapped="1" TestAlpha="0">
            <Event Name="ButtonCheck" Function="OnColHeaderToggle"/>
            <Event Name="ButtonUncheck" Function="OnColHeaderToggle"/>
        </Control>
        <Control Class="Window" LAnchorPoint="0" LAnchorOffset="9" TAnchorPoint="0" TAnchorOffset="0" RAnchorPoint="1" RAnchorOffset="0" BAnchorPoint="0" BAnchorOffset="37" RelativeToClient="1" Font="CRB_ButtonHeader" Text="" Template="Default" Name="ColHeaderBtnText" BGColor="white" TextColor="UI_TextHoloTitle" TextId="Lore_Datacubes" DT_VCENTER="1" TooltipColor="" IgnoreMouse="1" AutoScaleText="1"/>
        <Control Class="Window" LAnchorPoint="0" LAnchorOffset="10" TAnchorPoint="0" TAnchorOffset="44" RAnchorPoint="1" RAnchorOffset="-10" BAnchorPoint="1" BAnchorOffset="4" RelativeToClient="1" Font="Default" Text="" Template="Default" TooltipType="OnCursor" Name="ColHeaderItems" BGColor="white" TextColor="white" TooltipColor="" SwallowMouseClicks="1"/>
        <Pixie LAnchorPoint="0" LAnchorOffset="1" TAnchorPoint="0" TAnchorOffset="0" RAnchorPoint="1" RAnchorOffset="-2" BAnchorPoint="1" BAnchorOffset="-9" Sprite="BK3:UI_BK3_Holo_InsetHeaderThin" BGColor="white" TextColor="black" Rotation="0" Font="CRB_Interface12_B"/>
    </Form>
    <Form Class="Window" LAnchorPoint="0" LAnchorOffset="0" TAnchorPoint="0" TAnchorOffset="0" RAnchorPoint="1" RAnchorOffset="0" BAnchorPoint="0" BAnchorOffset="71" RelativeToClient="1" Font="Default" Text="" Template="Default" TooltipType="OnCursor" Name="ColDatacubeItem" BGColor="white" TextColor="white" TooltipColor="" Picture="1" IgnoreMouse="1" Sprite="" Tooltip="" Visible="1" HideInEditor="0">
        <Control Class="Button" Base="BK3:btnHolo_ListView_Simple" Font="Thick" ButtonType="Check" RadioGroup="" LAnchorPoint="0" LAnchorOffset="-1" TAnchorPoint="0" TAnchorOffset="0" RAnchorPoint="1" RAnchorOffset="-1" BAnchorPoint="1" BAnchorOffset="0" DT_VCENTER="1" DT_CENTER="1" TooltipType="OnCursor" Name="ColDatacubeBtn" BGColor="white" TextColor="white" TooltipColor="" NormalTextColor="white" PressedTextColor="white" FlybyTextColor="white" PressedFlybyTextColor="white" DisabledTextColor="white" RelativeToClient="1" GlobalRadioGroup="LoreWindow_MainColContainer_GlobalRadioGroup" NeverBringToFront="1">
            <Event Name="ButtonCheck" Function="OnColBtnToSpawnReader"/>
            <Event Name="ButtonUncheck" Function="OnColBtnToDespawnReader"/>
        </Control>
        <Control Class="Window" LAnchorPoint="0" LAnchorOffset="8" TAnchorPoint="0" TAnchorOffset="8" RAnchorPoint="0" RAnchorOffset="63" BAnchorPoint="0" BAnchorOffset="63" RelativeToClient="1" Font="Default" Text="" Template="Default" Name="ColListItemIconFrame" BGColor="white" TextColor="white" Picture="1" IgnoreMouse="1" Sprite="BK3:UI_BK3_Holo_InsetSimple" TooltipColor="" NewControlDepth="1">
            <Control Class="CostumeWindow" Name="ColDatacubePortrait" Mask="ui\Textures\Alphas\UI_WhiteFillAlpha.tga" NeverBringToFront="1" Camera="Target" Animated="1" BGColor="white" TextColor="white" LAnchorPoint="0.5" LAnchorOffset="-40" TAnchorPoint="0.5" TAnchorOffset="-40" RAnchorPoint="0.5" RAnchorOffset="40" BAnchorPoint="0.5" BAnchorOffset="40" Overlay="" HideInEditor="1" Picture="0" Sprite="CRB_TargetFrameSprites:sprTF_MaskLarge" ProgressFull="CRB_TargetFrameSprites:sprTF_MaskLarge" IgnoreMouse="1" Text="" TextId="" TooltipColor=""/>
            <Control Class="Window" LAnchorPoint="0" LAnchorOffset="0" TAnchorPoint="0" TAnchorOffset="0" RAnchorPoint="1" RAnchorOffset="0" BAnchorPoint="1" BAnchorOffset="0" RelativeToClient="1" Font="Default" Text="" Template="CRB_Datachron" Name="NewIndicator" BGColor="UI_AlphaPercent60" TextColor="white" Sprite="" Picture="1" IgnoreMouse="1" Visible="0" TooltipType="OnCursor" TextId="" TooltipId="" NewControlDepth="1" TooltipColor="" Tooltip="" HideInEditor="0">
                <Control Class="Window" LAnchorPoint="0" LAnchorOffset="-10" TAnchorPoint="0" TAnchorOffset="-3" RAnchorPoint="0" RAnchorOffset="25" BAnchorPoint="0" BAnchorOffset="30" RelativeToClient="1" Font="Default" Text="" Template="CRB_Datachron" Name="NewIndicatorIcon" BGColor="white" TextColor="white" Sprite="CRB_Basekit:kitIcon_New" Picture="1" IgnoreMouse="1" Visible="1" TooltipType="OnCursor" TextId="" TooltipId="" NewControlDepth="1" TooltipColor=""/>
            </Control>
        </Control>
        <Control Class="Window" LAnchorPoint="0" LAnchorOffset="70" TAnchorPoint="0" TAnchorOffset="10" RAnchorPoint="1" RAnchorOffset="0" BAnchorPoint="1" BAnchorOffset="-6" RelativeToClient="1" Font="CRB_InterfaceSmall" Text="" Template="Default" TooltipType="OnCursor" Name="ColListItemText" BGColor="white" TextColor="white" TooltipColor="" TextId="CRB__2" DT_VCENTER="0" DT_WORDBREAK="0" IgnoreMouse="1" AutoScaleText="1"/>
    </Form>
    <Form Class="Window" LAnchorPoint="0" LAnchorOffset="0" TAnchorPoint="0" TAnchorOffset="0" RAnchorPoint="1" RAnchorOffset="0" BAnchorPoint="0" BAnchorOffset="71" RelativeToClient="1" Font="Default" Text="" Template="Default" TooltipType="OnCursor" Name="ColTalesItem" BGColor="white" TextColor="white" TooltipColor="" Picture="1" IgnoreMouse="1" Sprite="" Tooltip="" Visible="1" HideInEditor="0">
        <Control Class="Button" Base="BK3:btnHolo_ListView_Simple" Font="Thick" ButtonType="Check" RadioGroup="" LAnchorPoint="0" LAnchorOffset="0" TAnchorPoint="0" TAnchorOffset="0" RAnchorPoint="1" RAnchorOffset="0" BAnchorPoint="1" BAnchorOffset="0" DT_VCENTER="1" DT_CENTER="1" TooltipType="OnCursor" Name="ColTalesBtn" BGColor="white" TextColor="white" TooltipColor="" NormalTextColor="white" PressedTextColor="white" FlybyTextColor="white" PressedFlybyTextColor="white" DisabledTextColor="white" RelativeToClient="1" GlobalRadioGroup="LoreWindow_MainColContainer_GlobalRadioGroup" NeverBringToFront="1" Text="">
            <Event Name="ButtonCheck" Function="OnColBtnToSpawnReader"/>
            <Event Name="ButtonUncheck" Function="OnColBtnToDespawnReader"/>
        </Control>
        <Control Class="Window" LAnchorPoint="0" LAnchorOffset="8" TAnchorPoint="0" TAnchorOffset="8" RAnchorPoint="0" RAnchorOffset="63" BAnchorPoint="1" BAnchorOffset="-8" RelativeToClient="1" Font="Default" Text="" Template="Default" Name="ColListItemIconFrame" BGColor="white" TextColor="white" Picture="1" IgnoreMouse="1" Sprite="BK3:UI_BK3_Holo_InsetSimple" TooltipColor="" NewControlDepth="1">
            <Control Class="Window" LAnchorPoint="0.5" LAnchorOffset="-18" TAnchorPoint="0.5" TAnchorOffset="-18" RAnchorPoint="0.5" RAnchorOffset="18" BAnchorPoint="0.5" BAnchorOffset="18" RelativeToClient="1" Font="Default" Text="" Template="Default" Name="ColTalesLockedIcon" BGColor="white" TextColor="white" Visible="1" Picture="1" IgnoreMouse="1" Sprite="ClientSprites:Icon_Windows_UI_CRB_Lock_Holo" TooltipColor=""/>
            <Control Class="Window" LAnchorPoint="0.5" LAnchorOffset="-24" TAnchorPoint="0.5" TAnchorOffset="-24" RAnchorPoint="0.5" RAnchorOffset="24" BAnchorPoint="0.5" BAnchorOffset="24" RelativeToClient="1" Font="Default" Text="" Template="Default" TooltipType="OnCursor" Name="ColTalesCompleteIcon" BGColor="white" TextColor="white" TooltipColor="" Visible="0" HideInEditor="0">
                <Control Class="Window" LAnchorPoint="0" LAnchorOffset="-3" TAnchorPoint="0" TAnchorOffset="-8" RAnchorPoint="0" RAnchorOffset="307" BAnchorPoint="0" BAnchorOffset="442" RelativeToClient="1" Font="Default" Text="" Template="Default" TooltipType="OnCursor" Name="ColTalesCompleteIconArt" BGColor="white" TextColor="white" TooltipColor="" Picture="1" IgnoreMouse="1" Sprite=""/>
            </Control>
            <Control Class="Window" LAnchorPoint="0" LAnchorOffset="0" TAnchorPoint="0" TAnchorOffset="0" RAnchorPoint="1" RAnchorOffset="0" BAnchorPoint="1" BAnchorOffset="0" RelativeToClient="1" Font="Default" Text="" Template="CRB_Datachron" Name="NewIndicator" BGColor="UI_AlphaPercent60" TextColor="white" Sprite="" Picture="1" IgnoreMouse="1" Visible="0" TooltipType="OnCursor" TextId="" TooltipId="" NewControlDepth="1" TooltipColor="" Tooltip="" HideInEditor="0">
                <Control Class="Window" LAnchorPoint="0" LAnchorOffset="-10" TAnchorPoint="0" TAnchorOffset="-3" RAnchorPoint="0" RAnchorOffset="25" BAnchorPoint="0" BAnchorOffset="30" RelativeToClient="1" Font="Default" Text="" Template="CRB_Datachron" Name="NewIndicatorIcon" BGColor="white" TextColor="white" Sprite="CRB_Basekit:kitIcon_New" Picture="1" IgnoreMouse="1" Visible="1" TooltipType="OnCursor" TextId="" TooltipId="" NewControlDepth="1" TooltipColor=""/>
            </Control>
        </Control>
        <Control Class="Window" LAnchorPoint="0" LAnchorOffset="71" TAnchorPoint="0" TAnchorOffset="8" RAnchorPoint="1" RAnchorOffset="0" BAnchorPoint="1" BAnchorOffset="-24" RelativeToClient="1" Font="CRB_InterfaceMedium" Text="" Template="Default" TooltipType="OnCursor" Name="ColListItemText" BGColor="white" TextColor="white" TooltipColor="" TextId="CRB__2" DT_VCENTER="0" DT_WORDBREAK="0" IgnoreMouse="1" AutoScaleText="1"/>
        <Control Class="Window" LAnchorPoint="0" LAnchorOffset="71" TAnchorPoint="0" TAnchorOffset="33" RAnchorPoint="1" RAnchorOffset="0" BAnchorPoint="0" BAnchorOffset="53" RelativeToClient="1" Font="CRB_InterfaceTiny_BB" Text="" Template="Default" Name="ColTalesProgText" BGColor="white" TextColor="UI_WindowTitleGray" TextId="" DT_VCENTER="0" TooltipType="OnCursor" DT_CENTER="0" TooltipColor="" Visible="1" HideInEditor="0"/>
        <Control Class="Window" LAnchorPoint="0" LAnchorOffset="66" TAnchorPoint="0" TAnchorOffset="39" RAnchorPoint="1" RAnchorOffset="-3" BAnchorPoint="0" BAnchorOffset="78" RelativeToClient="1" Font="Default" Text="" Template="Default" TooltipType="OnCursor" Name="ColTalesProgBarBG" BGColor="white" TextColor="white" TooltipColor="" Picture="1" IgnoreMouse="1" Sprite="BK3:UI_BK3_Holo_ProgressBar_BG" TooltipFont="CRB_InterfaceSmall_O" NoClip="0">
            <Control Class="ProgressBar" Text="" LAnchorPoint="0" LAnchorOffset="17" TAnchorPoint="0" TAnchorOffset="0" RAnchorPoint="1" RAnchorOffset="-14" BAnchorPoint="1" BAnchorOffset="0" AutoSetText="0" UseValues="0" RelativeToClient="1" SetTextToProgress="0" DT_CENTER="1" DT_VCENTER="1" ProgressEmpty="" ProgressFull="BK3:UI_BK3_Holo_ProgressBar_Fill" TooltipType="OnCursor" Name="ColTalesProgBar" BGColor="white" TextColor="white" TooltipColor="" BarColor="" Border="0" Picture="1" Sprite="" TooltipFont="CRB_InterfaceSmall_O" IgnoreMouse="1" IgnoreTooltipDelay="1" ProgressEdgeGlow="BK3:UI_BK3_Holo_ProgressBar_Cap"/>
        </Control>
    </Form>
    <Form Class="Window" LAnchorPoint="0" LAnchorOffset="0" TAnchorPoint="0" TAnchorOffset="0" RAnchorPoint="1" RAnchorOffset="0" BAnchorPoint="0" BAnchorOffset="71" RelativeToClient="1" Font="Default" Text="" Template="Default" TooltipType="OnCursor" Name="ColJournalItem" BGColor="white" TextColor="white" TooltipColor="" Picture="1" IgnoreMouse="0" Sprite="BK3:btnHolo_ListView_SimpleDisabled" Tooltip="" Visible="1" HideInEditor="0" Overlapped="1">
        <Control Class="Window" LAnchorPoint="0" LAnchorOffset="8" TAnchorPoint="0" TAnchorOffset="8" RAnchorPoint="0" RAnchorOffset="63" BAnchorPoint="0" BAnchorOffset="63" RelativeToClient="1" Font="Default" Text="" Template="Default" Name="ColListItemIconFrame" BGColor="white" TextColor="white" Picture="1" IgnoreMouse="1" Sprite="BK3:UI_BK3_Holo_InsetSimple" TooltipColor="" NewControlDepth="1">
            <Control Class="CostumeWindow" Name="ColJournalPortrait" Mask="ui\Textures\Alphas\UI_WhiteFillAlpha.tga" NeverBringToFront="1" Camera="Target" Animated="0" BGColor="white" TextColor="white" LAnchorPoint="0.5" LAnchorOffset="-35" TAnchorPoint="0.5" TAnchorOffset="-35" RAnchorPoint="0.5" RAnchorOffset="35" BAnchorPoint="0.5" BAnchorOffset="35" Overlay="" Border="0" HideInEditor="1" Picture="0" Sprite="CRB_TargetFrameSprites:sprTF_MaskLarge" ProgressFull="CRB_TargetFrameSprites:sprTF_MaskLarge" IgnoreMouse="1" Text="" TextId="" TooltipColor=""/>
            <Control Class="Window" LAnchorPoint="0" LAnchorOffset="0" TAnchorPoint="0" TAnchorOffset="0" RAnchorPoint="1" RAnchorOffset="0" BAnchorPoint="1" BAnchorOffset="0" RelativeToClient="1" Font="Default" Text="" Template="CRB_Datachron" Name="NewIndicator" BGColor="UI_AlphaPercent60" TextColor="white" Sprite="" Picture="1" IgnoreMouse="1" Visible="0" TooltipType="OnCursor" TextId="" TooltipId="" NewControlDepth="1" TooltipColor="" Tooltip="" HideInEditor="0">
                <Control Class="Window" LAnchorPoint="0" LAnchorOffset="-10" TAnchorPoint="0" TAnchorOffset="-3" RAnchorPoint="0" RAnchorOffset="25" BAnchorPoint="0" BAnchorOffset="30" RelativeToClient="1" Font="Default" Text="" Template="CRB_Datachron" Name="NewIndicatorIcon" BGColor="white" TextColor="white" Sprite="CRB_Basekit:kitIcon_New" Picture="1" IgnoreMouse="1" Visible="1" TooltipType="OnCursor" TextId="" TooltipId="" NewControlDepth="1" TooltipColor=""/>
            </Control>
        </Control>
        <Control Class="Window" LAnchorPoint="0" LAnchorOffset="71" TAnchorPoint="0" TAnchorOffset="36" RAnchorPoint="1" RAnchorOffset="0" BAnchorPoint="0" BAnchorOffset="56" RelativeToClient="1" Font="CRB_InterfaceTiny_BB" Text="" Template="Default" Name="ColJournalProgText" BGColor="white" TextColor="UI_WindowTitleGray" TextId="" DT_VCENTER="0" TooltipType="OnCursor" DT_CENTER="0" TooltipColor="" Visible="1" HideInEditor="0"/>
        <Control Class="Window" LAnchorPoint="0" LAnchorOffset="66" TAnchorPoint="0" TAnchorOffset="39" RAnchorPoint="1" RAnchorOffset="-6" BAnchorPoint="0" BAnchorOffset="78" RelativeToClient="1" Font="Default" Text="" Template="Default" TooltipType="OnCursor" Name="ColJournalProgBarBG" BGColor="white" TextColor="white" TooltipColor="" Picture="1" IgnoreMouse="1" Sprite="BK3:UI_BK3_Holo_ProgressBar_BG" TooltipFont="CRB_InterfaceSmall_O" NoClip="0">
            <Control Class="ProgressBar" Text="" LAnchorPoint="0" LAnchorOffset="17" TAnchorPoint="0" TAnchorOffset="0" RAnchorPoint="1" RAnchorOffset="-15" BAnchorPoint="1" BAnchorOffset="0" AutoSetText="0" UseValues="0" RelativeToClient="1" SetTextToProgress="0" DT_CENTER="1" DT_VCENTER="1" ProgressEmpty="" ProgressFull="BK3:UI_BK3_Holo_ProgressBar_Fill" TooltipType="OnCursor" Name="ColJournalProgBar" BGColor="white" TextColor="white" TooltipColor="" BarColor="" Border="0" Picture="1" Sprite="" TooltipFont="CRB_InterfaceSmall_O" IgnoreMouse="1" IgnoreTooltipDelay="1" ProgressEdgeGlow="BK3:UI_BK3_Holo_ProgressBar_Cap"/>
        </Control>
        <Control Class="Window" LAnchorPoint="0" LAnchorOffset="78" TAnchorPoint="0" TAnchorOffset="72" RAnchorPoint="1" RAnchorOffset="-16" BAnchorPoint="1" BAnchorOffset="-4" RelativeToClient="1" Font="Default" Text="" Template="Default" TooltipType="OnCursor" Name="ColJournalChildItems" BGColor="white" TextColor="white" TooltipColor=""/>
        <Control Class="Window" LAnchorPoint="0" LAnchorOffset="70" TAnchorPoint="0" TAnchorOffset="10" RAnchorPoint="1" RAnchorOffset="-1" BAnchorPoint="1" BAnchorOffset="-19" RelativeToClient="1" Font="CRB_InterfaceSmall" Text="" Template="Default" TooltipType="OnCursor" Name="ColListItemText" BGColor="white" TextColor="white" TooltipColor="" TextId="CRB__2" DT_VCENTER="0" DT_WORDBREAK="0" IgnoreMouse="1" AutoScaleText="1"/>
    </Form>
    <Form Class="Window" LAnchorPoint="0" LAnchorOffset="0" TAnchorPoint="0" TAnchorOffset="0" RAnchorPoint="1" RAnchorOffset="0" BAnchorPoint="0" BAnchorOffset="30" RelativeToClient="1" Font="Default" Text="" Template="Default" TooltipType="OnCursor" Name="ColJournalChildItem" BGColor="white" TextColor="white" TooltipColor="" Sprite="" Tooltip="" IgnoreMouse="1" Overlapped="1">
        <Control Class="Button" Base="BK3:btnHolo_ListView_Simple" Font="Thick" ButtonType="Check" RadioGroup="" LAnchorPoint="0" LAnchorOffset="0" TAnchorPoint="0" TAnchorOffset="0" RAnchorPoint="1" RAnchorOffset="0" BAnchorPoint="1" BAnchorOffset="-4" TooltipType="OnCursor" Name="ColJournalChildBtn" BGColor="white" TextColor="white" TooltipColor="" NormalTextColor="white" PressedTextColor="white" FlybyTextColor="white" PressedFlybyTextColor="white" DisabledTextColor="white" GlobalRadioGroup="LoreWindow_MainColContainer_GlobalRadioGroup" Text="" TextId="" RelativeToClient="1">
            <Event Name="ButtonCheck" Function="OnColBtnToSpawnReader"/>
            <Event Name="ButtonUncheck" Function="OnColBtnToDespawnReader"/>
            <Control Class="Window" LAnchorPoint="0" LAnchorOffset="10" TAnchorPoint="0" TAnchorOffset="0" RAnchorPoint="1" RAnchorOffset="0" BAnchorPoint="1" BAnchorOffset="0" RelativeToClient="1" Font="CRB_InterfaceTiny_BB" Text="" Template="Default" TooltipType="OnCursor" Name="ColJournalChildBtnText" BGColor="white" TextColor="white" TooltipColor="" TextId="CRB__2" DT_VCENTER="1" DT_WORDBREAK="1"/>
        </Control>
    </Form>
    <Form Class="Window" LAnchorPoint="0" LAnchorOffset="0" TAnchorPoint="0" TAnchorOffset="0" RAnchorPoint="1" RAnchorOffset="0" BAnchorPoint="0" BAnchorOffset="40" RelativeToClient="1" Font="Default" Text="" Template="Default" TooltipType="OnCursor" Name="EmptyNotification" Border="0" Picture="1" SwallowMouseClicks="1" Moveable="0" Escapable="0" Overlapped="1" BGColor="white" TextColor="white" TooltipColor="" Sprite="BK3:btnHolo_ListView_SimpleDisabled" IgnoreMouse="1">
        <Control Class="Window" LAnchorPoint="0" LAnchorOffset="10" TAnchorPoint="0" TAnchorOffset="-1" RAnchorPoint="1" RAnchorOffset="1" BAnchorPoint="1" BAnchorOffset="-1" RelativeToClient="1" Font="CRB_InterfaceSmall" Text="" Template="Default" TooltipType="OnCursor" Name="EmptyNotificationText" BGColor="white" TextColor="UI_TextMetalBodyHighlight" TooltipColor="" TextId="Lore_NothingDiscovered" DT_VCENTER="1"/>
    </Form>
    <Form Class="Window" LAnchorPoint="LoreWindowLeft" LAnchorOffset="30" TAnchorPoint="LoreWindowTop" TAnchorOffset="139" RAnchorPoint="LoreWindowLeft" RAnchorOffset="484" BAnchorPoint="LoreWindowTop" BAnchorOffset="685" RelativeToClient="1" Font="Default" Text="" Template="" Name="MainColArticleDisplay" BGColor="white" TextColor="white" IgnoreMouse="0" Visible="1" Sprite="" Picture="1" HideInEditor="0" TooltipColor="" Tooltip="" Moveable="0" Overlapped="1" Sizable="0" NoClip="1" NewWindowDepth="1" Escapable="1" Border="0" UseTemplateBG="0" CloseOnExternalClick="1" TransitionShowHide="1">
        <Control Class="Window" LAnchorPoint="0" LAnchorOffset="-10" TAnchorPoint="0" TAnchorOffset="-10" RAnchorPoint="1" RAnchorOffset="10" BAnchorPoint="1" BAnchorOffset="10" RelativeToClient="1" Font="Default" Text="" BGColor="UI_AlphaPercent80" TextColor="UI_WindowTextDefault" Template="Holo_Large" TooltipType="OnCursor" Name="HoloFrame" TooltipColor="" TextId="" Border="1" IgnoreMouse="1" UseTemplateBG="1" NoClip="1" NewControlDepth="3"/>
        <Control Class="Window" LAnchorPoint="0" LAnchorOffset="7" TAnchorPoint="0" TAnchorOffset="7" RAnchorPoint="1" RAnchorOffset="-9" BAnchorPoint="0" BAnchorOffset="113" RelativeToClient="1" Font="Default" Text="" Template="Default" TooltipType="OnCursor" Name="ArticleTitleFrame" BGColor="white" TextColor="white" TooltipColor="" Picture="1" IgnoreMouse="1" Sprite="" NoClip="1">
            <Control Class="Window" LAnchorPoint="0" LAnchorOffset="17" TAnchorPoint="0" TAnchorOffset="18" RAnchorPoint="1" RAnchorOffset="-17" BAnchorPoint="1" BAnchorOffset="-28" RelativeToClient="1" Font="Default" Text="" Template="Default" TooltipType="OnCursor" Name="ArticleTitleFrameBG" BGColor="white" TextColor="white" TooltipColor="" Sprite="CRB_Basekit:kitBase_HoloBlue_InsetBorder_Thick" Picture="1" IgnoreMouse="1"/>
            <Control Class="Button" Base="Collections_TEMP:sprCollections_TEMP_PlayStop" Font="Thick" ButtonType="Check" RadioGroup="" LAnchorPoint="0" LAnchorOffset="30" TAnchorPoint="0" TAnchorOffset="31" RAnchorPoint="0" RAnchorOffset="61" BAnchorPoint="0" BAnchorOffset="62" DT_VCENTER="1" DT_CENTER="1" Name="PlayPauseButton" BGColor="white" TextColor="white" NormalTextColor="white" PressedTextColor="white" FlybyTextColor="white" PressedFlybyTextColor="white" DisabledTextColor="white" Text="" TextId="" RelativeToClient="1" IgnoreMouse="0" TooltipColor="" HideInEditor="0">
                <Event Name="ButtonCheck" Function="OnPlayPauseCheck"/>
                <Event Name="ButtonUncheck" Function="OnPlayPauseUncheck"/>
                <Control Class="Window" LAnchorPoint="0.5" LAnchorOffset="-28" TAnchorPoint="0.5" TAnchorOffset="-27" RAnchorPoint="0.5" RAnchorOffset="28" BAnchorPoint="0.5" BAnchorOffset="29" RelativeToClient="1" Font="Default" Text="" Template="Default" Name="NowPlayingIcon" BGColor="white" TextColor="white" Picture="1" IgnoreMouse="1" NoClip="1" Sprite="CRB_Basekit:kitAccent_Frame_OrangeStrokePulse" Visible="0" TooltipColor="" NotRelative="0" HideInEditor="0"/>
            </Control>
            <Control Class="Window" LAnchorPoint="0" LAnchorOffset="70" TAnchorPoint="0" TAnchorOffset="21" RAnchorPoint="1" RAnchorOffset="-18" BAnchorPoint="0" BAnchorOffset="72" RelativeToClient="1" Font="CRB_HeaderMedium" Text="" Template="Default" TooltipType="OnCursor" Name="ArticleDatacubeTitle" BGColor="white" TextColor="UI_TextHoloTitle" TooltipColor="" DT_WORDBREAK="1" TextId="" Tooltip="" DT_VCENTER="1"/>
            <Control Class="Window" LAnchorPoint="0" LAnchorOffset="67" TAnchorPoint="0" TAnchorOffset="21" RAnchorPoint="1" RAnchorOffset="-30" BAnchorPoint="0" BAnchorOffset="72" RelativeToClient="1" Font="CRB_HeaderMedium" Text="" Template="Default" TooltipType="OnCursor" Name="ArticleNonDatacubeTitle" BGColor="white" TextColor="UI_TextHoloTitle" TooltipColor="" DT_WORDBREAK="1" TextId="" Tooltip="" DT_VCENTER="1"/>
            <Control Class="Window" LAnchorPoint="1" LAnchorOffset="-32" TAnchorPoint="0.5" TAnchorOffset="-21" RAnchorPoint="1" RAnchorOffset="-2" BAnchorPoint="0.5" BAnchorOffset="9" RelativeToClient="1" Font="Default" Text="" Template="Default" TooltipType="OnCursor" Name="BackButtonInset" BGColor="white" TextColor="white" TooltipColor="" Sprite="CRB_Basekit:kitBase_HoloBlue_InsetSimpleCircle" Picture="1" IgnoreMouse="1" Visible="0" HideInEditor="1"/>
            <Control Class="Button" Base="BK3:btnHolo_Close" Font="CRB_InterfaceMedium" ButtonType="PushButton" RadioGroup="" LAnchorPoint="1" LAnchorOffset="-27" TAnchorPoint="0" TAnchorOffset="-12" RAnchorPoint="1" RAnchorOffset="16" BAnchorPoint="0" BAnchorOffset="31" Name="BackButton" BGColor="white" TextColor="white" WindowSoundTemplate="TogglePhys03" TextId="" NormalTextColor="white" PressedTextColor="white" FlybyTextColor="white" PressedFlybyTextColor="white" DisabledTextColor="white" Text="" RelativeToClient="1" HideInEditor="0" Visible="1" TooltipColor="" NewWindowDepth="0" NoClip="1">
                <Event Name="ButtonSignal" Function="OnDestroyColDisplay"/>
            </Control>
        </Control>
        <Control Class="Window" LAnchorPoint="0" LAnchorOffset="24" TAnchorPoint="0" TAnchorOffset="90" RAnchorPoint="1" RAnchorOffset="-24" BAnchorPoint="1" BAnchorOffset="-26" RelativeToClient="1" Font="Default" Text="" Template="Holo_ScrollList" Name="ArticleScroll" BGColor="UI_AlphaPercent40" TextColor="white" VScroll="1" UseTemplateBG="1" Border="1" TextId="" IgnoreMouse="1" AutoHideScroll="0" TooltipColor="" Tooltip="" Picture="1" Sprite="" NoClip="1">
            <Control Class="Window" LAnchorPoint="0" LAnchorOffset="0" TAnchorPoint="0" TAnchorOffset="0" RAnchorPoint="0" RAnchorOffset="1" BAnchorPoint="0" BAnchorOffset="4" RelativeToClient="1" Font="Default" Text="" Template="Default" TooltipType="OnCursor" Name="Padding" BGColor="white" TextColor="white" TooltipColor=""/>
            <Control Class="Window" LAnchorPoint="0.5" LAnchorOffset="-155" TAnchorPoint="0" TAnchorOffset="10" RAnchorPoint="0.5" RAnchorOffset="155" BAnchorPoint="0" BAnchorOffset="465" RelativeToClient="1" Font="Default" Text="" Template="Default" TooltipType="OnCursor" Name="TalesLargeCover" BGColor="white" TextColor="white" TooltipColor="" Picture="1" IgnoreMouse="1" Sprite="" Visible="0" Tooltip="">
                <Control Class="Window" LAnchorPoint="0.5" LAnchorOffset="-155" TAnchorPoint="0" TAnchorOffset="0" RAnchorPoint="0.5" RAnchorOffset="155" BAnchorPoint="0" BAnchorOffset="450" RelativeToClient="1" Font="Default" Text="" Template="Default" TooltipType="OnCursor" Name="TalesLargeCoverArt" BGColor="white" TextColor="white" TooltipColor="" Picture="1" IgnoreMouse="1" Sprite="ClientSprites:Icon_ItemTBF_UI_CRB_TBF002" Visible="1" Tooltip="" NoClip="0"/>
            </Control>
            <Control Class="MLWindow" LAnchorPoint="0" LAnchorOffset="10" TAnchorPoint="0" TAnchorOffset="10" RAnchorPoint="1" RAnchorOffset="-10" BAnchorPoint="0" BAnchorOffset="10" RelativeToClient="1" Font="CRB_InterfaceMedium" Text="" Template="Default" TooltipType="OnCursor" Name="ArticleText" BGColor="white" TextColor="UI_AlphaPercent95" TooltipColor="" TextId="" IgnoreMouse="1" BottomEdgeControlsAnchor="" TopEdgeControlsAnchor=""/>
            <Control Class="Window" LAnchorPoint="0" LAnchorOffset="0" TAnchorPoint="0" TAnchorOffset="0" RAnchorPoint="0" RAnchorOffset="1" BAnchorPoint="0" BAnchorOffset="10" RelativeToClient="1" Font="Default" Text="" Template="Default" TooltipType="OnCursor" Name="Padding" BGColor="white" TextColor="white" TooltipColor=""/>
        </Control>
        <Pixie LAnchorPoint="0" LAnchorOffset="0" TAnchorPoint="0" TAnchorOffset="0" RAnchorPoint="1" RAnchorOffset="0" BAnchorPoint="1" BAnchorOffset="0" Sprite="BK3:UI_BK3_Metal_Framing_BlockerFull" BGColor="UI_AlphaPercent85" TextColor="black" Rotation="0" Font="Default"/>
    </Form>
</Forms>
