<Forms>
    <Form Class="Window" LAnchorPoint="0.5" LAnchorOffset="134" TAnchorPoint="0.5" TAnchorOffset="66" RAnchorPoint="0.5" RAnchorOffset="414" BAnchorPoint="0.5" BAnchorOffset="161" RelativeToClient="1" Font="Default" Text="" Template="Default" Name="AlertContainer" Border="0" Picture="1" SwallowMouseClicks="1" Moveable="0" Escapable="0" Overlapped="0" BGColor="white" TextColor="white" TextId="" NeverBringToFront="1" LeftEdgeControlsAnchor="" TopEdgeControlsAnchor="" RightEdgeControlsAnchor="" BottomEdgeControlsAnchor="" IgnoreMouse="1" TooltipColor="" Tooltip="" HideInEditor="0" Sprite="">
        <Control Class="Window" LAnchorPoint="0" LAnchorOffset="0" TAnchorPoint="0" TAnchorOffset="0" RAnchorPoint="0" RAnchorOffset="40" BAnchorPoint="1" BAnchorOffset="0" RelativeToClient="1" Font="Default" Text="" Template="Default" Name="LootAlert" BGColor="white" TextColor="white" Picture="1" IgnoreMouse="1" TooltipType="OnCursor" TransitionShowHide="1" NeverBringToFront="1" Visible="0" TooltipColor="" Tooltip="" HideInEditor="0">
            <Control Class="ActionBarButton" LAnchorPoint="0.5" LAnchorOffset="-25" TAnchorPoint="0" TAnchorOffset="0" RAnchorPoint="0.5" RAnchorOffset="25" BAnchorPoint="1" BAnchorOffset="0" RelativeToClient="1" Font="Default" Text="" Template="Default" Name="LootBtn" BGColor="white" TextColor="white" ContentType="GCBar" ContentId="9" IgnoreMouse="1" Sprite="CRB_DEMO_WrapperSprites:btnDemo_CharInvisibleNormal" Visible="1" UseBaseButtonArt="1" DrawClientSprite="1" Base="CRB_DEMO_WrapperSprites:btnDemo_CharInvisible" HideInEditor="1" TooltipColor="" DisallowDragDrop="1"/>
            <Control Class="Window" LAnchorPoint="0" LAnchorOffset="8" TAnchorPoint="0" TAnchorOffset="48" RAnchorPoint="1" RAnchorOffset="55" BAnchorPoint="0" BAnchorOffset="95" RelativeToClient="1" Font="Default" Text="" Template="Default" TooltipType="OnCursor" Name="AlertPopout" BGColor="white" TextColor="white" TooltipColor="" Sprite="CRB_HUDAlerts:sprAlert_Backer" Picture="1" IgnoreMouse="1" Visible="0" HideInEditor="0" Tooltip="" NoClip="1" TransitionShowHide="1">
                <Control Class="Window" LAnchorPoint="0" LAnchorOffset="4" TAnchorPoint="0" TAnchorOffset="25" RAnchorPoint="1" RAnchorOffset="-4" BAnchorPoint="0" BAnchorOffset="45" RelativeToClient="1" Font="CRB_InterfaceSmall_O" Text="" Template="Default" TooltipType="OnCursor" Name="AlertPopoutText" BGColor="white" TextColor="white" TooltipColor="" TextId="HUDAlert_VacuumLoot" DT_CENTER="1" DT_VCENTER="1"/>
            </Control>
            <Control Class="Window" LAnchorPoint="0.5" LAnchorOffset="-25" TAnchorPoint="0" TAnchorOffset="0" RAnchorPoint="0.5" RAnchorOffset="25" BAnchorPoint="0" BAnchorOffset="60" RelativeToClient="1" Font="Default" Text="" Template="Default" Name="AlertItemHover" BGColor="white" TextColor="white" IgnoreMouse="1" NoClip="1" Picture="1" Sprite="CRB_HUDAlerts:sprAlert_Hover" Visible="0" HideInEditor="1" TooltipColor="" TransitionShowHide="1"/>
            <Control Class="Window" LAnchorPoint="0.5" LAnchorOffset="-22" TAnchorPoint="0" TAnchorOffset="8" RAnchorPoint="0.5" RAnchorOffset="21" BAnchorPoint="0" BAnchorOffset="45" RelativeToClient="1" Font="Default" Text="" Template="Default" Name="AlertItemIcon" BGColor="white" TextColor="white" Picture="1" IgnoreMouse="1" Sprite="CRB_HUDAlerts:sprAlert_Loot" NoClip="1" HideInEditor="0" TooltipColor=""/>
            <Event Name="MouseEnter" Function="OnHoverGlowMouseEnter"/>
            <Event Name="MouseExit" Function="OnHoverGlowMouseExit"/>
            <Control Class="Window" LAnchorPoint="0.5" LAnchorOffset="-9" TAnchorPoint="0" TAnchorOffset="50" RAnchorPoint="0.5" RAnchorOffset="10" BAnchorPoint="0" BAnchorOffset="68" RelativeToClient="1" Font="CRB_InterfaceSmall" Text="" Template="Default" TooltipType="OnCursor" Name="AlertItemKeybind" BGColor="white" TextColor="white" TooltipColor="" Picture="1" IgnoreMouse="1" Sprite="CRB_HUDAlerts:sprAlert_Square_Black" TextId="" DT_CENTER="1" DT_VCENTER="1">
                <Control Class="Window" LAnchorPoint="0" LAnchorOffset="-1" TAnchorPoint="0" TAnchorOffset="-1" RAnchorPoint="1" RAnchorOffset="0" BAnchorPoint="1" BAnchorOffset="0" RelativeToClient="1" Font="CRB_InterfaceSmall_O" Text="" Template="Default" TooltipType="OnCursor" Name="AlertItemKeybindText" BGColor="white" TextColor="white" TooltipColor="" Picture="1" IgnoreMouse="1" Sprite="" TextId="" DT_CENTER="1" DT_VCENTER="1"/>
            </Control>
            <Control Class="Window" LAnchorPoint="0" LAnchorOffset="-8" TAnchorPoint="0" TAnchorOffset="0" RAnchorPoint="1" RAnchorOffset="9" BAnchorPoint="0" BAnchorOffset="50" RelativeToClient="1" Font="Default" Text="" Template="Default" Name="AlertItemTransition" BGColor="white" TextColor="white" IgnoreMouse="1" NewWindowDepth="1" Picture="1" NoClip="1" Sprite="" TooltipColor=""/>
            <Control Class="Window" LAnchorPoint="0" LAnchorOffset="0" TAnchorPoint="0" TAnchorOffset="8" RAnchorPoint="1" RAnchorOffset="0" BAnchorPoint="0" BAnchorOffset="48" RelativeToClient="1" Font="Default" Text="" Template="Default" TooltipType="OnCursor" Name="LootFullBagIndicator" BGColor="white" TextColor="white" TooltipColor="" Picture="1" IgnoreMouse="1" Sprite="ClientSprites:Icon_Windows_UI_CRB_Tooltip_Restricted" Visible="0" Tooltip="" NewControlDepth="1" TooltipFont="CRB_Interface9" TooltipId="" NewWindowDepth="1"/>
        </Control>
        <Control Class="Window" LAnchorPoint="0" LAnchorOffset="40" TAnchorPoint="0" TAnchorOffset="0" RAnchorPoint="0" RAnchorOffset="80" BAnchorPoint="1" BAnchorOffset="0" RelativeToClient="1" Font="Default" Text="" Template="Default" Name="QuestCompleteAlert" BGColor="white" TextColor="white" Picture="1" IgnoreMouse="1" TooltipType="OnCursor" TransitionShowHide="1" NeverBringToFront="1" Visible="0" TooltipColor="" Tooltip="">
            <Control Class="Button" Base="CRB_DEMO_WrapperSprites:btnDemo_CharInvisible" Font="Thick" ButtonType="PushButton" RadioGroup="" LAnchorPoint="0.5" LAnchorOffset="-25" TAnchorPoint="0" TAnchorOffset="0" RAnchorPoint="0.5" RAnchorOffset="25" BAnchorPoint="1" BAnchorOffset="0" DT_VCENTER="1" DT_CENTER="1" Name="QuestCompleteBtn" BGColor="white" TextColor="white" ProcessRightClick="1" NormalTextColor="white" PressedTextColor="white" FlybyTextColor="white" PressedFlybyTextColor="white" DisabledTextColor="white" TooltipColor="" IgnoreMouse="1" RelativeToClient="1" HideInEditor="0">
                <Event Name="ButtonSignal" Function="OnQuestCompleteTurnIn"/>
            </Control>
            <Control Class="Window" LAnchorPoint="0" LAnchorOffset="8" TAnchorPoint="0" TAnchorOffset="48" RAnchorPoint="1" RAnchorOffset="66" BAnchorPoint="0" BAnchorOffset="95" RelativeToClient="1" Font="Default" Text="" Template="Default" TooltipType="OnCursor" Name="AlertPopout" BGColor="white" TextColor="white" TooltipColor="" Sprite="CRB_HUDAlerts:sprAlert_Backer" Picture="1" IgnoreMouse="1" Visible="0" HideInEditor="1" Tooltip="" NoClip="1" TransitionShowHide="1">
                <Pixie LAnchorPoint="0" LAnchorOffset="4" TAnchorPoint="0" TAnchorOffset="25" RAnchorPoint="1" RAnchorOffset="-4" BAnchorPoint="0" BAnchorOffset="45" BGColor="white" Font="CRB_InterfaceSmall_O" TextColor="white" Text="" TextId="InputAction_Communicator" DT_CENTER="1" DT_VCENTER="1" Line="0"/>
            </Control>
            <Event Name="MouseEnter" Function="OnHoverGlowMouseEnter"/>
            <Event Name="MouseExit" Function="OnHoverGlowMouseExit"/>
            <Control Class="Window" LAnchorPoint="0.5" LAnchorOffset="-25" TAnchorPoint="0" TAnchorOffset="0" RAnchorPoint="0.5" RAnchorOffset="25" BAnchorPoint="0" BAnchorOffset="60" RelativeToClient="1" Font="Default" Text="" Template="Default" Name="AlertItemHover" BGColor="white" TextColor="white" IgnoreMouse="1" NoClip="1" Picture="1" Sprite="CRB_HUDAlerts:sprAlert_Hover" Visible="0" HideInEditor="1" TooltipColor="" TransitionShowHide="1"/>
            <Control Class="Window" LAnchorPoint="0.5" LAnchorOffset="-22" TAnchorPoint="0" TAnchorOffset="8" RAnchorPoint="0.5" RAnchorOffset="21" BAnchorPoint="0" BAnchorOffset="45" RelativeToClient="1" Font="Default" Text="" Template="Default" Name="AlertItemIcon" BGColor="white" TextColor="white" Picture="1" IgnoreMouse="1" Sprite="CRB_HUDAlerts:sprAlert_Check" NoClip="1" HideInEditor="0" TooltipColor=""/>
            <Control Class="Window" LAnchorPoint="0.5" LAnchorOffset="-9" TAnchorPoint="0" TAnchorOffset="50" RAnchorPoint="0.5" RAnchorOffset="10" BAnchorPoint="0" BAnchorOffset="68" RelativeToClient="1" Font="CRB_InterfaceSmall" Text="" Template="Default" TooltipType="OnCursor" Name="AlertItemKeybind" BGColor="white" TextColor="white" TooltipColor="" Picture="1" IgnoreMouse="1" Sprite="CRB_HUDAlerts:sprAlert_Square_Black" TextId="" DT_CENTER="1" DT_VCENTER="1" Tooltip="" Visible="1" HideInEditor="0">
                <Control Class="Window" LAnchorPoint="0" LAnchorOffset="-1" TAnchorPoint="0" TAnchorOffset="-1" RAnchorPoint="1" RAnchorOffset="0" BAnchorPoint="1" BAnchorOffset="0" RelativeToClient="1" Font="CRB_InterfaceSmall_O" Text="" Template="Default" TooltipType="OnCursor" Name="AlertItemKeybindText" BGColor="white" TextColor="white" TooltipColor="" Picture="1" IgnoreMouse="1" Sprite="" TextId="" DT_CENTER="1" DT_VCENTER="1"/>
            </Control>
            <Control Class="Button" Base="CRB_HUDAlerts:btnAlert_TopRightMenu" Font="Thick" ButtonType="Check" RadioGroup="" LAnchorPoint="0.5" LAnchorOffset="-40" TAnchorPoint="0" TAnchorOffset="-13" RAnchorPoint="0.5" RAnchorOffset="40" BAnchorPoint="0" BAnchorOffset="67" DT_VCENTER="1" DT_CENTER="1" Name="QuestCompleteMenuBtn" BGColor="white" TextColor="white" NormalTextColor="white" PressedTextColor="white" FlybyTextColor="white" PressedFlybyTextColor="white" DisabledTextColor="white" HideInEditor="1" NoClip="1" RelativeToClient="1" TestAlpha="1" ProcessRightClick="1" TooltipColor="" IgnoreMouse="1" NewControlDepth="1" Visible="0"/>
            <Control Class="Window" LAnchorPoint="0" LAnchorOffset="-8" TAnchorPoint="0" TAnchorOffset="0" RAnchorPoint="1" RAnchorOffset="9" BAnchorPoint="0" BAnchorOffset="50" RelativeToClient="1" Font="Default" Text="" Template="Default" Name="AlertItemTransition" BGColor="white" TextColor="white" IgnoreMouse="1" NewWindowDepth="1" Picture="1" NoClip="1" Sprite="" TooltipColor=""/>
            <Control Class="Window" LAnchorPoint="0" LAnchorOffset="42" TAnchorPoint="0" TAnchorOffset="-110" RAnchorPoint="0" RAnchorOffset="222" BAnchorPoint="0" BAnchorOffset="10" RelativeToClient="1" Font="Default" Text="" Template="Default" Name="QuestMenuFrame" BGColor="UI_AlphaPercent65" TextColor="white" IgnoreMouse="1" NoClip="1" Sprite="CRB_Basekit:kitBase_HoloBlue_SmallGreenCorners" Picture="1" Visible="0" CloseOnExternalClick="1" TooltipColor="">
                <Control Class="Window" LAnchorPoint="0" LAnchorOffset="8" TAnchorPoint="0" TAnchorOffset="8" RAnchorPoint="1" RAnchorOffset="-8" BAnchorPoint="1" BAnchorOffset="-8" RelativeToClient="1" Font="Default" Text="" Template="CRB_Scroll_HoloSmall" Name="QuestMenuList" BGColor="white" TextColor="white" VScroll="0" IgnoreMouse="1" TooltipColor=""/>
            </Control>
        </Control>
        <Control Class="Window" LAnchorPoint="0" LAnchorOffset="80" TAnchorPoint="0" TAnchorOffset="0" RAnchorPoint="0" RAnchorOffset="118" BAnchorPoint="1" BAnchorOffset="0" RelativeToClient="1" Font="Default" Text="" Template="Default" Name="CallAlert" BGColor="white" TextColor="white" Picture="1" IgnoreMouse="1" TooltipType="OnCursor" TransitionShowHide="1" NeverBringToFront="1" Visible="0" TooltipColor="">
            <Control Class="Button" Base="CRB_DEMO_WrapperSprites:btnDemo_CharInvisible" Font="Thick" ButtonType="PushButton" RadioGroup="" LAnchorPoint="0.5" LAnchorOffset="-25" TAnchorPoint="0" TAnchorOffset="0" RAnchorPoint="0.5" RAnchorOffset="25" BAnchorPoint="1" BAnchorOffset="0" DT_VCENTER="1" DT_CENTER="1" Name="CallAlertBtn" BGColor="white" TextColor="white" ProcessRightClick="1" NormalTextColor="white" PressedTextColor="white" FlybyTextColor="white" PressedFlybyTextColor="white" DisabledTextColor="white" TooltipColor="" RelativeToClient="1" IgnoreMouse="1" HideInEditor="0">
                <Event Name="ButtonSignal" Function="OnCallAlertBtn"/>
            </Control>
            <Control Class="Window" LAnchorPoint="0" LAnchorOffset="8" TAnchorPoint="0" TAnchorOffset="48" RAnchorPoint="1" RAnchorOffset="66" BAnchorPoint="0" BAnchorOffset="95" RelativeToClient="1" Font="Default" Text="" Template="Default" TooltipType="OnCursor" Name="AlertPopout" BGColor="white" TextColor="white" TooltipColor="" Sprite="CRB_HUDAlerts:sprAlert_Backer" Picture="1" IgnoreMouse="1" Visible="0" HideInEditor="1" Tooltip="" NoClip="1" TransitionShowHide="1">
                <Pixie LAnchorPoint="0" LAnchorOffset="4" TAnchorPoint="0" TAnchorOffset="25" RAnchorPoint="1" RAnchorOffset="-4" BAnchorPoint="0" BAnchorOffset="45" BGColor="white" Font="CRB_InterfaceSmall_O" TextColor="white" Text="" TextId="InputAction_Communicator" DT_CENTER="1" DT_VCENTER="1" Line="0"/>
            </Control>
            <Event Name="MouseEnter" Function="OnHoverGlowMouseEnter"/>
            <Event Name="MouseExit" Function="OnHoverGlowMouseExit"/>
            <Control Class="Window" LAnchorPoint="0.5" LAnchorOffset="-25" TAnchorPoint="0" TAnchorOffset="0" RAnchorPoint="0.5" RAnchorOffset="25" BAnchorPoint="0" BAnchorOffset="60" RelativeToClient="1" Font="Default" Text="" Template="Default" Name="AlertItemHover" BGColor="white" TextColor="white" IgnoreMouse="1" NoClip="1" Picture="1" Sprite="CRB_HUDAlerts:sprAlert_Hover" Visible="0" HideInEditor="1" TooltipColor="" TransitionShowHide="1"/>
            <Control Class="Window" LAnchorPoint="0.5" LAnchorOffset="-22" TAnchorPoint="0" TAnchorOffset="8" RAnchorPoint="0.5" RAnchorOffset="21" BAnchorPoint="0" BAnchorOffset="45" RelativeToClient="1" Font="Default" Text="" Template="Default" Name="AlertItemIcon" BGColor="white" TextColor="white" Picture="1" IgnoreMouse="1" Sprite="CRB_HUDAlerts:sprAlert_CallIncoming" NoClip="1" HideInEditor="0" TooltipColor=""/>
            <Control Class="Window" LAnchorPoint="0.5" LAnchorOffset="-9" TAnchorPoint="0" TAnchorOffset="50" RAnchorPoint="0.5" RAnchorOffset="10" BAnchorPoint="0" BAnchorOffset="68" RelativeToClient="1" Font="CRB_InterfaceSmall" Text="" Template="Default" TooltipType="OnCursor" Name="AlertItemKeybind" BGColor="white" TextColor="white" TooltipColor="" Picture="1" IgnoreMouse="1" Sprite="CRB_HUDAlerts:sprAlert_Square_Black" TextId="" DT_CENTER="1" DT_VCENTER="1">
                <Control Class="Window" LAnchorPoint="0" LAnchorOffset="-1" TAnchorPoint="0" TAnchorOffset="-1" RAnchorPoint="1" RAnchorOffset="0" BAnchorPoint="1" BAnchorOffset="0" RelativeToClient="1" Font="CRB_InterfaceSmall_O" Text="" Template="Default" TooltipType="OnCursor" Name="AlertItemKeybindText" BGColor="white" TextColor="white" TooltipColor="" Picture="1" IgnoreMouse="1" Sprite="" TextId="" DT_CENTER="1" DT_VCENTER="1"/>
            </Control>
            <Control Class="Window" LAnchorPoint="0" LAnchorOffset="-8" TAnchorPoint="0" TAnchorOffset="0" RAnchorPoint="1" RAnchorOffset="9" BAnchorPoint="0" BAnchorOffset="50" RelativeToClient="1" Font="Default" Text="" Template="Default" Name="AlertItemTransition" BGColor="white" TextColor="white" IgnoreMouse="1" NewWindowDepth="1" Picture="1" NoClip="1" Sprite="" TooltipColor=""/>
        </Control>
        <Control Class="Window" LAnchorPoint="0" LAnchorOffset="120" TAnchorPoint="0" TAnchorOffset="0" RAnchorPoint="0" RAnchorOffset="160" BAnchorPoint="1" BAnchorOffset="0" RelativeToClient="1" Font="Default" Text="" Template="Default" Name="ChallengeAlert" BGColor="white" TextColor="white" Picture="1" IgnoreMouse="1" TooltipType="OnCursor" TransitionShowHide="1" NeverBringToFront="1" Visible="0" TooltipColor="">
            <Control Class="Button" Base="CRB_DEMO_WrapperSprites:btnDemo_CharInvisible" Font="Thick" ButtonType="PushButton" RadioGroup="" LAnchorPoint="0.5" LAnchorOffset="-25" TAnchorPoint="0" TAnchorOffset="0" RAnchorPoint="0.5" RAnchorOffset="25" BAnchorPoint="1" BAnchorOffset="0" DT_VCENTER="1" DT_CENTER="1" Name="ChallengeAlertBtn" BGColor="white" TextColor="white" ProcessRightClick="1" NormalTextColor="white" PressedTextColor="white" FlybyTextColor="white" PressedFlybyTextColor="white" DisabledTextColor="white" TooltipColor="" RelativeToClient="1" IgnoreMouse="1">
                <Event Name="ButtonSignal" Function="OnChallengeAlertBtn"/>
            </Control>
            <Control Class="Window" LAnchorPoint="0" LAnchorOffset="8" TAnchorPoint="0" TAnchorOffset="48" RAnchorPoint="1" RAnchorOffset="114" BAnchorPoint="0" BAnchorOffset="95" RelativeToClient="1" Font="Default" Text="" Template="Default" TooltipType="OnCursor" Name="AlertPopout" BGColor="white" TextColor="white" TooltipColor="" Sprite="CRB_HUDAlerts:sprAlert_Backer" Picture="1" IgnoreMouse="1" Visible="0" HideInEditor="1" Tooltip="" NoClip="1" TransitionShowHide="1">
                <Control Class="Window" LAnchorPoint="0" LAnchorOffset="4" TAnchorPoint="0" TAnchorOffset="25" RAnchorPoint="1" RAnchorOffset="-4" BAnchorPoint="0" BAnchorOffset="45" RelativeToClient="1" Font="CRB_InterfaceSmall_O" Text="" Template="Default" TooltipType="OnCursor" Name="AlertPopoutText" BGColor="white" TextColor="white" TooltipColor="" TextId="HUDAlert_ChallengesUnlockedDefault" DT_CENTER="1" DT_VCENTER="1"/>
            </Control>
            <Event Name="MouseEnter" Function="OnHoverGlowMouseEnter"/>
            <Event Name="MouseExit" Function="OnHoverGlowMouseExit"/>
            <Control Class="Window" LAnchorPoint="0.5" LAnchorOffset="-25" TAnchorPoint="0" TAnchorOffset="0" RAnchorPoint="0.5" RAnchorOffset="25" BAnchorPoint="0" BAnchorOffset="60" RelativeToClient="1" Font="Default" Text="" Template="Default" Name="AlertItemHover" BGColor="white" TextColor="white" IgnoreMouse="1" NoClip="1" Picture="1" Sprite="CRB_HUDAlerts:sprAlert_Hover" Visible="0" HideInEditor="1" TooltipColor="" TransitionShowHide="1"/>
            <Control Class="Window" LAnchorPoint="0.5" LAnchorOffset="-22" TAnchorPoint="0" TAnchorOffset="8" RAnchorPoint="0.5" RAnchorOffset="21" BAnchorPoint="0" BAnchorOffset="45" RelativeToClient="1" Font="Default" Text="" Template="Default" Name="AlertItemIcon" BGColor="white" TextColor="white" Picture="1" IgnoreMouse="1" Sprite="CRB_HUDAlerts:sprAlert_Challenge" NoClip="1" HideInEditor="0" TooltipColor=""/>
            <Control Class="Window" LAnchorPoint="0.5" LAnchorOffset="-9" TAnchorPoint="0" TAnchorOffset="50" RAnchorPoint="0.5" RAnchorOffset="10" BAnchorPoint="0" BAnchorOffset="68" RelativeToClient="1" Font="CRB_InterfaceSmall" Text="" Template="Default" TooltipType="OnCursor" Name="AlertItemKeybind" BGColor="white" TextColor="white" TooltipColor="" Picture="1" IgnoreMouse="1" Sprite="CRB_HUDAlerts:sprAlert_Square_Black" TextId="" DT_CENTER="1" DT_VCENTER="1" Visible="0" HideInEditor="1">
                <Control Class="Window" LAnchorPoint="0" LAnchorOffset="-1" TAnchorPoint="0" TAnchorOffset="-1" RAnchorPoint="1" RAnchorOffset="0" BAnchorPoint="1" BAnchorOffset="0" RelativeToClient="1" Font="CRB_InterfaceSmall_O" Text="" Template="Default" TooltipType="OnCursor" Name="AlertItemKeybindText" BGColor="white" TextColor="white" TooltipColor="" Picture="1" IgnoreMouse="1" Sprite="" TextId="" DT_CENTER="1" DT_VCENTER="1"/>
            </Control>
            <Control Class="Window" LAnchorPoint="0" LAnchorOffset="-8" TAnchorPoint="0" TAnchorOffset="0" RAnchorPoint="1" RAnchorOffset="9" BAnchorPoint="0" BAnchorOffset="50" RelativeToClient="1" Font="Default" Text="" Template="Default" Name="AlertItemTransition" BGColor="white" TextColor="white" IgnoreMouse="1" NewWindowDepth="1" Picture="1" NoClip="1" Sprite="" TooltipColor=""/>
        </Control>
        <Control Class="Window" LAnchorPoint="0" LAnchorOffset="160" TAnchorPoint="0" TAnchorOffset="0" RAnchorPoint="0" RAnchorOffset="200" BAnchorPoint="1" BAnchorOffset="0" RelativeToClient="1" Font="Default" Text="" Template="Default" Name="DatacubeAlert" BGColor="white" TextColor="white" Picture="1" IgnoreMouse="1" TooltipType="OnCursor" TransitionShowHide="1" NeverBringToFront="1" Visible="0" TooltipColor="">
            <Control Class="Button" Base="CRB_DEMO_WrapperSprites:btnDemo_CharInvisible" Font="Thick" ButtonType="PushButton" RadioGroup="" LAnchorPoint="0.5" LAnchorOffset="-25" TAnchorPoint="0" TAnchorOffset="0" RAnchorPoint="0.5" RAnchorOffset="25" BAnchorPoint="1" BAnchorOffset="0" DT_VCENTER="1" DT_CENTER="1" Name="DatacubeAlertBtn" BGColor="white" TextColor="white" ProcessRightClick="1" NormalTextColor="white" PressedTextColor="white" FlybyTextColor="white" PressedFlybyTextColor="white" DisabledTextColor="white" TooltipColor="" RelativeToClient="1" IgnoreMouse="1">
                <Event Name="ButtonSignal" Function="OnDatacubeAlertBtn"/>
            </Control>
            <Control Class="Window" LAnchorPoint="0" LAnchorOffset="8" TAnchorPoint="0" TAnchorOffset="48" RAnchorPoint="1" RAnchorOffset="61" BAnchorPoint="0" BAnchorOffset="95" RelativeToClient="1" Font="Default" Text="" Template="Default" TooltipType="OnCursor" Name="AlertPopout" BGColor="white" TextColor="white" TooltipColor="" Sprite="CRB_HUDAlerts:sprAlert_Backer" Picture="1" IgnoreMouse="1" Visible="0" HideInEditor="1" Tooltip="" NoClip="1" TransitionShowHide="1">
                <Pixie LAnchorPoint="0" LAnchorOffset="4" TAnchorPoint="0" TAnchorOffset="25" RAnchorPoint="1" RAnchorOffset="-4" BAnchorPoint="0" BAnchorOffset="45" BGColor="white" Font="CRB_InterfaceSmall_O" TextColor="white" Text="" TextId="HUDAlert_LoreUnlocked" DT_CENTER="1" DT_VCENTER="1" Line="0"/>
            </Control>
            <Event Name="MouseEnter" Function="OnHoverGlowMouseEnter"/>
            <Event Name="MouseExit" Function="OnHoverGlowMouseExit"/>
            <Control Class="Window" LAnchorPoint="0.5" LAnchorOffset="-25" TAnchorPoint="0" TAnchorOffset="0" RAnchorPoint="0.5" RAnchorOffset="25" BAnchorPoint="0" BAnchorOffset="60" RelativeToClient="1" Font="Default" Text="" Template="Default" Name="AlertItemHover" BGColor="white" TextColor="white" IgnoreMouse="1" NoClip="1" Picture="1" Sprite="CRB_HUDAlerts:sprAlert_Hover" Visible="0" HideInEditor="1" TooltipColor="" TransitionShowHide="1"/>
            <Control Class="Window" LAnchorPoint="0.5" LAnchorOffset="-22" TAnchorPoint="0" TAnchorOffset="8" RAnchorPoint="0.5" RAnchorOffset="21" BAnchorPoint="0" BAnchorOffset="45" RelativeToClient="1" Font="Default" Text="" Template="Default" Name="AlertItemIcon" BGColor="white" TextColor="white" Picture="1" IgnoreMouse="1" Sprite="CRB_HUDAlerts:sprAlert_Playback" NoClip="1" HideInEditor="0" TooltipColor=""/>
            <Control Class="Window" LAnchorPoint="0.5" LAnchorOffset="-9" TAnchorPoint="0" TAnchorOffset="50" RAnchorPoint="0.5" RAnchorOffset="10" BAnchorPoint="0" BAnchorOffset="68" RelativeToClient="1" Font="CRB_InterfaceSmall" Text="" Template="Default" TooltipType="OnCursor" Name="AlertItemKeybind" BGColor="white" TextColor="white" TooltipColor="" Picture="1" IgnoreMouse="1" Sprite="CRB_HUDAlerts:sprAlert_Square_Black" TextId="" DT_CENTER="1" DT_VCENTER="1" Visible="0" HideInEditor="1">
                <Control Class="Window" LAnchorPoint="0" LAnchorOffset="-1" TAnchorPoint="0" TAnchorOffset="-1" RAnchorPoint="1" RAnchorOffset="0" BAnchorPoint="1" BAnchorOffset="0" RelativeToClient="1" Font="CRB_InterfaceSmall_O" Text="" Template="Default" TooltipType="OnCursor" Name="AlertItemKeybindText" BGColor="white" TextColor="white" TooltipColor="" Picture="1" IgnoreMouse="1" Sprite="" TextId="" DT_CENTER="1" DT_VCENTER="1"/>
            </Control>
            <Control Class="Window" LAnchorPoint="0" LAnchorOffset="-8" TAnchorPoint="0" TAnchorOffset="0" RAnchorPoint="1" RAnchorOffset="9" BAnchorPoint="0" BAnchorOffset="50" RelativeToClient="1" Font="Default" Text="" Template="Default" Name="AlertItemTransition" BGColor="white" TextColor="white" IgnoreMouse="1" NewWindowDepth="1" Picture="1" NoClip="1" Sprite="" TooltipColor=""/>
        </Control>
        <Control Class="Window" LAnchorPoint="0" LAnchorOffset="200" TAnchorPoint="0" TAnchorOffset="0" RAnchorPoint="0" RAnchorOffset="240" BAnchorPoint="1" BAnchorOffset="0" RelativeToClient="1" Font="Default" Text="" Template="Default" Name="DurabilityAlert" BGColor="white" TextColor="white" Picture="1" IgnoreMouse="1" TooltipType="OnCursor" TransitionShowHide="1" NeverBringToFront="1" Visible="0" TooltipColor="">
            <Control Class="Window" LAnchorPoint="0" LAnchorOffset="0" TAnchorPoint="0" TAnchorOffset="6" RAnchorPoint="1" RAnchorOffset="0" BAnchorPoint="0" BAnchorOffset="46" RelativeToClient="1" Font="Default" Text="" Template="Default" TooltipType="OnCursor" Name="DurabilityRunner" BGColor="white" TextColor="white" TooltipColor="" Picture="1" IgnoreMouse="1" Sprite="CRB_Anim_AlertRunner:sprAlert_Anim_CircleRunner" Visible="0" HideInEditor="0"/>
            <Control Class="Button" Base="CRB_DEMO_WrapperSprites:btnDemo_CharInvisible" Font="Thick" ButtonType="PushButton" RadioGroup="" LAnchorPoint="0.5" LAnchorOffset="-25" TAnchorPoint="0" TAnchorOffset="0" RAnchorPoint="0.5" RAnchorOffset="25" BAnchorPoint="1" BAnchorOffset="0" DT_VCENTER="1" DT_CENTER="1" Name="DurabilityAlertBtn" BGColor="white" TextColor="white" ProcessRightClick="1" NormalTextColor="white" PressedTextColor="white" FlybyTextColor="white" PressedFlybyTextColor="white" DisabledTextColor="white" TooltipColor="" IgnoreMouse="1" RelativeToClient="1" NewControlDepth="1">
                <Event Name="ButtonSignal" Function="OnDurabilityAlertBtn"/>
            </Control>
            <Control Class="Window" LAnchorPoint="0" LAnchorOffset="8" TAnchorPoint="0" TAnchorOffset="48" RAnchorPoint="1" RAnchorOffset="70" BAnchorPoint="0" BAnchorOffset="95" RelativeToClient="1" Font="Default" Text="" Template="Default" TooltipType="OnCursor" Name="AlertPopout" BGColor="white" TextColor="white" TooltipColor="" Sprite="CRB_HUDAlerts:sprAlert_Backer" Picture="1" IgnoreMouse="1" Visible="0" HideInEditor="0" Tooltip="" NoClip="1" TransitionShowHide="1">
                <Control Class="Window" LAnchorPoint="0" LAnchorOffset="4" TAnchorPoint="0" TAnchorOffset="25" RAnchorPoint="1" RAnchorOffset="-4" BAnchorPoint="0" BAnchorOffset="45" RelativeToClient="1" Font="CRB_InterfaceSmall_O" Text="" Template="Default" TooltipType="OnCursor" Name="AlertPopoutText" BGColor="white" TextColor="white" TooltipColor="" TextId="HUDAlert_ItemsDamaged" DT_CENTER="1" DT_VCENTER="1"/>
            </Control>
            <Event Name="MouseEnter" Function="OnHoverGlowMouseEnter"/>
            <Event Name="MouseExit" Function="OnHoverGlowMouseExit"/>
            <Control Class="Window" LAnchorPoint="0.5" LAnchorOffset="-25" TAnchorPoint="0" TAnchorOffset="0" RAnchorPoint="0.5" RAnchorOffset="25" BAnchorPoint="0" BAnchorOffset="60" RelativeToClient="1" Font="Default" Text="" Template="Default" Name="AlertItemHover" BGColor="white" TextColor="white" IgnoreMouse="1" NoClip="1" Picture="1" Sprite="CRB_HUDAlerts:sprAlert_Hover" Visible="0" HideInEditor="1" TooltipColor="" TransitionShowHide="1"/>
            <Control Class="Window" LAnchorPoint="0.5" LAnchorOffset="-22" TAnchorPoint="0" TAnchorOffset="8" RAnchorPoint="0.5" RAnchorOffset="21" BAnchorPoint="0" BAnchorOffset="45" RelativeToClient="1" Font="Default" Text="" Template="Default" Name="AlertItemIcon" BGColor="white" TextColor="white" Picture="1" IgnoreMouse="1" Sprite="CRB_HUDAlerts:sprAlert_Broken" NoClip="1" HideInEditor="0" TooltipColor=""/>
            <Control Class="Window" LAnchorPoint="0.5" LAnchorOffset="-9" TAnchorPoint="0" TAnchorOffset="50" RAnchorPoint="0.5" RAnchorOffset="10" BAnchorPoint="0" BAnchorOffset="68" RelativeToClient="1" Font="CRB_InterfaceSmall" Text="" Template="Default" TooltipType="OnCursor" Name="AlertItemKeybind" BGColor="white" TextColor="white" TooltipColor="" Picture="1" IgnoreMouse="1" Sprite="CRB_HUDAlerts:sprAlert_Square_Black" TextId="" DT_CENTER="1" DT_VCENTER="1" Visible="0" HideInEditor="0">
                <Control Class="Window" LAnchorPoint="0" LAnchorOffset="-1" TAnchorPoint="0" TAnchorOffset="-1" RAnchorPoint="1" RAnchorOffset="0" BAnchorPoint="1" BAnchorOffset="0" RelativeToClient="1" Font="CRB_InterfaceSmall_O" Text="" Template="Default" TooltipType="OnCursor" Name="AlertItemKeybindText" BGColor="white" TextColor="white" TooltipColor="" Picture="1" IgnoreMouse="1" Sprite="" TextId="" DT_CENTER="1" DT_VCENTER="1"/>
            </Control>
            <Control Class="Window" LAnchorPoint="0" LAnchorOffset="-8" TAnchorPoint="0" TAnchorOffset="0" RAnchorPoint="1" RAnchorOffset="9" BAnchorPoint="0" BAnchorOffset="50" RelativeToClient="1" Font="Default" Text="" Template="Default" Name="AlertItemTransition" BGColor="white" TextColor="white" IgnoreMouse="1" NewWindowDepth="1" Picture="1" NoClip="1" Sprite="" TooltipColor=""/>
        </Control>
        <Control Class="Window" LAnchorPoint="0" LAnchorOffset="240" TAnchorPoint="0" TAnchorOffset="0" RAnchorPoint="0" RAnchorOffset="280" BAnchorPoint="1" BAnchorOffset="0" RelativeToClient="1" Font="Default" Text="" Template="Default" Name="MailAlert" BGColor="white" TextColor="white" Picture="1" IgnoreMouse="1" TooltipType="OnCursor" TransitionShowHide="1" NeverBringToFront="1" Visible="0" TooltipColor="" Tooltip="">
            <Control Class="Button" Base="CRB_DEMO_WrapperSprites:btnDemo_CharInvisible" Font="Thick" ButtonType="PushButton" RadioGroup="" LAnchorPoint="0.5" LAnchorOffset="-25" TAnchorPoint="0" TAnchorOffset="0" RAnchorPoint="0.5" RAnchorOffset="25" BAnchorPoint="1" BAnchorOffset="0" DT_VCENTER="1" DT_CENTER="1" Name="MailAlertBtn" BGColor="white" TextColor="white" ProcessRightClick="1" NormalTextColor="white" PressedTextColor="white" FlybyTextColor="white" PressedFlybyTextColor="white" DisabledTextColor="white" TooltipColor="" IgnoreMouse="1" RelativeToClient="1">
                <Event Name="ButtonSignal" Function="OnMailAlertBtn"/>
            </Control>
            <Control Class="Window" LAnchorPoint="0" LAnchorOffset="8" TAnchorPoint="0" TAnchorOffset="48" RAnchorPoint="1" RAnchorOffset="32" BAnchorPoint="0" BAnchorOffset="95" RelativeToClient="1" Font="Default" Text="" Template="Default" TooltipType="OnCursor" Name="AlertPopout" BGColor="white" TextColor="white" TooltipColor="" Sprite="CRB_HUDAlerts:sprAlert_Backer" Picture="1" IgnoreMouse="1" Visible="0" HideInEditor="1" Tooltip="" NoClip="1" TransitionShowHide="1">
                <Pixie LAnchorPoint="0" LAnchorOffset="4" TAnchorPoint="0" TAnchorOffset="25" RAnchorPoint="1" RAnchorOffset="-4" BAnchorPoint="0" BAnchorOffset="45" BGColor="white" Font="CRB_InterfaceSmall_O" TextColor="white" Text="" TextId="HUDAlert_NewMail" DT_CENTER="1" DT_VCENTER="1" Line="0"/>
            </Control>
            <Event Name="MouseEnter" Function="OnHoverGlowMouseEnter"/>
            <Event Name="MouseExit" Function="OnHoverGlowMouseExit"/>
            <Control Class="Window" LAnchorPoint="0.5" LAnchorOffset="-25" TAnchorPoint="0" TAnchorOffset="0" RAnchorPoint="0.5" RAnchorOffset="25" BAnchorPoint="0" BAnchorOffset="60" RelativeToClient="1" Font="Default" Text="" Template="Default" Name="AlertItemHover" BGColor="white" TextColor="white" IgnoreMouse="1" NoClip="1" Picture="1" Sprite="CRB_HUDAlerts:sprAlert_Hover" Visible="0" HideInEditor="1" TooltipColor="" TransitionShowHide="1"/>
            <Control Class="Window" LAnchorPoint="0.5" LAnchorOffset="-22" TAnchorPoint="0" TAnchorOffset="8" RAnchorPoint="0.5" RAnchorOffset="21" BAnchorPoint="0" BAnchorOffset="45" RelativeToClient="1" Font="Default" Text="" Template="Default" Name="AlertItemIcon" BGColor="white" TextColor="white" Picture="1" IgnoreMouse="1" Sprite="CRB_HUDAlerts:sprAlert_Mail" NoClip="1" HideInEditor="0" TooltipColor=""/>
            <Control Class="Window" LAnchorPoint="0.5" LAnchorOffset="-9" TAnchorPoint="0" TAnchorOffset="50" RAnchorPoint="0.5" RAnchorOffset="10" BAnchorPoint="0" BAnchorOffset="68" RelativeToClient="1" Font="CRB_InterfaceSmall" Text="" Template="Default" TooltipType="OnCursor" Name="AlertItemKeybind" BGColor="white" TextColor="white" TooltipColor="" Picture="1" IgnoreMouse="1" Sprite="CRB_HUDAlerts:sprAlert_Square_Black" TextId="" DT_CENTER="1" DT_VCENTER="1" Visible="0" HideInEditor="1">
                <Control Class="Window" LAnchorPoint="0" LAnchorOffset="-1" TAnchorPoint="0" TAnchorOffset="-1" RAnchorPoint="1" RAnchorOffset="0" BAnchorPoint="1" BAnchorOffset="0" RelativeToClient="1" Font="CRB_InterfaceSmall_O" Text="" Template="Default" TooltipType="OnCursor" Name="AlertItemKeybindText" BGColor="white" TextColor="white" TooltipColor="" Picture="1" IgnoreMouse="1" Sprite="" TextId="" DT_CENTER="1" DT_VCENTER="1"/>
            </Control>
            <Control Class="Window" LAnchorPoint="0" LAnchorOffset="-8" TAnchorPoint="0" TAnchorOffset="0" RAnchorPoint="1" RAnchorOffset="9" BAnchorPoint="0" BAnchorOffset="50" RelativeToClient="1" Font="Default" Text="" Template="Default" Name="AlertItemTransition" BGColor="white" TextColor="white" IgnoreMouse="1" NewWindowDepth="1" Picture="1" NoClip="1" Sprite="" TooltipColor=""/>
        </Control>
        <Control Class="BagWindow" LAnchorPoint="0" LAnchorOffset="0" TAnchorPoint="0" TAnchorOffset="0" RAnchorPoint="0" RAnchorOffset="0" BAnchorPoint="0" BAnchorOffset="0" RelativeToClient="0" Sprite="" SquareSize="50" BoxesPerRow="5" Template="CRB_Normal" TooltipType="OnCursor" Border="0" NoClip="1" SwallowMouseClicks="1" UseTemplateBG="1" VScroll="0" IgnoreTooltipDelay="1" NewQuestOverlaySprite="ClientSprites:sprItem_NewQuest" Name="HiddenBagWindow" BGColor="white" TextColor="white" TooltipColor=""/>
    </Form>
    <Form Class="Button" Base="CRB_Basekit:kitBtn_Holo_Large" Font="Thick" ButtonType="PushButton" RadioGroup="" LAnchorPoint="0" LAnchorOffset="0" TAnchorPoint="0" TAnchorOffset="0" RAnchorPoint="1" RAnchorOffset="0" BAnchorPoint="0" BAnchorOffset="35" DT_VCENTER="1" DT_CENTER="1" Name="QuestCompleteItem" BGColor="UI_AlphaPercent60f" TextColor="white" NormalTextColor="white" PressedTextColor="white" FlybyTextColor="white" PressedFlybyTextColor="white" DisabledTextColor="white" Text="" TooltipType="OnCursor" RelativeToClient="1" IgnoreTooltipDelay="1" TooltipColor="" Tooltip="">
        <Event Name="ButtonSignal" Function="OnQuestCompleteTurnIn"/>
        <Control Class="MLWindow" LAnchorPoint="0" LAnchorOffset="10" TAnchorPoint="0" TAnchorOffset="10" RAnchorPoint="1" RAnchorOffset="-10" BAnchorPoint="1" BAnchorOffset="0" RelativeToClient="1" Font="CRB_InterfaceSmall_O" Text="" Template="Default" Name="QuestCompleteItemText" BGColor="white" TextColor="UI_TextHoloTitle" TextId="" DT_VCENTER="1" DT_WORDBREAK="1" IgnoreMouse="1"/>
    </Form>
</Forms>
