<Forms>
    <Form Class="Window" LAnchorPoint="ActionBar0_Right" LAnchorOffset="-211" TAnchorPoint="ActionBar0_Top" TAnchorOffset="-472" RAnchorPoint="ActionBar0_Right" RAnchorOffset="129" BAnchorPoint="ActionBar0_Top" BAnchorOffset="10" RelativeToClient="1" Font="CRB_InterfaceMedium" Text="" Template="" Name="CompanionsMenu" Border="0" Picture="0" SwallowMouseClicks="1" Moveable="1" Escapable="1" Overlapped="1" BGColor="ffffffff" TextColor="ffffffff" Visible="0">
        <Control Class="Window" LAnchorPoint="0" LAnchorOffset="0" TAnchorPoint="0" TAnchorOffset="0" RAnchorPoint="1" RAnchorOffset="0" BAnchorPoint="1" BAnchorOffset="0" RelativeToClient="1" Font="CRB_InterfaceMedium" Text="" Template="Default" Name="base" BGColor="ffffffff" TextColor="ffffffff">
            <Control Class="Window" LAnchorPoint="0" LAnchorOffset="21" TAnchorPoint="0" TAnchorOffset="63" RAnchorPoint="1" RAnchorOffset="-6" BAnchorPoint="0" BAnchorOffset="99" RelativeToClient="1" Font="CRB_InterfaceMedium" Text="" Template="Default" Name="tabbacker" BGColor="ffffffff" TextColor="ffffffff" Sprite="CRB_UIKitSprites:spr_headerTABbgsupport" Picture="1" />
            <Control Class="Window" LAnchorPoint="0" LAnchorOffset="10" TAnchorPoint="0" TAnchorOffset="10" RAnchorPoint="1" RAnchorOffset="0" BAnchorPoint="0" BAnchorOffset="65" RelativeToClient="1" Font="CRB_InterfaceMedium" Text="" Template="Default" Name="header" BGColor="ffffffff" TextColor="ffffffff" Sprite="CRB_UIKitSprites:spr_headerMAIN" Picture="1" />
            <Control Class="Window" LAnchorPoint="0" LAnchorOffset="19" TAnchorPoint="0" TAnchorOffset="92" RAnchorPoint="1" RAnchorOffset="-3" BAnchorPoint="1" BAnchorOffset="-100" RelativeToClient="1" Font="CRB_InterfaceMedium" Text="" Template="Default" Name="contentback" BGColor="ffffffff" TextColor="ffffffff" Sprite="CRB_UIKitSprites:spr_baseframeTHIN" Picture="1" />
            <Control Class="Window" LAnchorPoint="0" LAnchorOffset="26" TAnchorPoint="0" TAnchorOffset="99" RAnchorPoint="1" RAnchorOffset="-10" BAnchorPoint="0" BAnchorOffset="258" RelativeToClient="1" Font="CRB_InterfaceMedium" Text="" Template="Default" Name="hologram" BGColor="ffffffff" TextColor="ffffffff" Sprite="CRB_UIKitSprites:spr_Hologram" Picture="1" />
            <Control Class="Window" LAnchorPoint="0" LAnchorOffset="28" TAnchorPoint="0" TAnchorOffset="101" RAnchorPoint="1" RAnchorOffset="-12" BAnchorPoint="0" BAnchorOffset="258" RelativeToClient="1" Font="CRB_InterfaceMedium" Text="" Template="Default" Name="hologramLines" BGColor="ffffffff" TextColor="ffffffff" Sprite="CRB_UIKitSprites:spr_HologramLines" Picture="1" NewControlDepth="1" />
            <Control Class="Window" LAnchorPoint="0" LAnchorOffset="14" TAnchorPoint="0" TAnchorOffset="380" RAnchorPoint="0" RAnchorOffset="342" BAnchorPoint="1" BAnchorOffset="-20" RelativeToClient="1" Font="CRB_InterfaceMedium" Text="" Template="Default" Name="footer" BGColor="ffffffff" TextColor="ffffffff" Sprite="CRB_UIKitSprites:spr_footerFRAMED" Picture="1" NoClip="1" />
            <Control Class="Window" LAnchorPoint="0" LAnchorOffset="23" TAnchorPoint="0" TAnchorOffset="384" RAnchorPoint="0" RAnchorOffset="39" BAnchorPoint="0" BAnchorOffset="401" RelativeToClient="1" Font="CRB_InterfaceMedium" Text="" Template="Default" Name="bolt1" BGColor="ffffffff" TextColor="ffffffff" Sprite="CRB_UIKitSprites:spr_accentBOLT1" Picture="1" />
        </Control>
        <Control Class="Window" LAnchorPoint="0" LAnchorOffset="19" TAnchorPoint="0" TAnchorOffset="65" RAnchorPoint="1" RAnchorOffset="0" BAnchorPoint="0" BAnchorOffset="140" RelativeToClient="1" Font="CRB_InterfaceMedium" Text="" Template="Default" Name="tabs" BGColor="ffffffff" TextColor="ffffffff" Picture="1">
            <Control Class="Button" Base="CRB_UIKitSprites:btn_tabTHIN" Font="CRB_InterfaceSmall" ButtonType="Check" RadioGroup="CompanionTabs" LAnchorPoint="0" LAnchorOffset="10" TAnchorPoint="0" TAnchorOffset="7" RAnchorPoint="Backer2_Left" RAnchorOffset="-5" BAnchorPoint="0" BAnchorOffset="32" DT_VCENTER="1" DT_CENTER="1" Name="PetsTabBtn" BGColor="ffffffff" LeftEdgeControlsAnchor="Backer1_Left" RightEdgeControlsAnchor="Backer1_Right" GlobalRadioGroup="" NormalTextColor="ff717171" PressedTextColor="ff4dffff" TextColor="ff4dffff" FlybyTextColor="ff717171" PressedFlybyTextColor="ff4dffff" WindowSoundTemplate="Custom" TextId="CRB_PETS">
                <Event Name="ButtonSignal" Function="OnPetsTab" />
            </Control>
            <Control Class="Button" Base="CRB_UIKitSprites:btn_tabTHIN" Font="CRB_InterfaceSmall" ButtonType="Check" RadioGroup="CompanionTabs" LAnchorPoint="0" LAnchorOffset="76" TAnchorPoint="0" TAnchorOffset="7" RAnchorPoint="Backer3_Left" RAnchorOffset="-5" BAnchorPoint="0" BAnchorOffset="32" DT_VCENTER="1" DT_CENTER="1" Name="LandMountsTabBtn" BGColor="ffffffff" TextColor="ff4dffff" LeftEdgeControlsAnchor="Backer2_Left" RightEdgeControlsAnchor="Backer2_Right" GlobalRadioGroup="" NormalTextColor="ff717171" PressedTextColor="ff4dffff" FlybyTextColor="ff717171" PressedFlybyTextColor="ff4dffff" WindowSoundTemplate="Custom" TextId="CRB_LAND_MOUNTS">
                <Event Name="ButtonSignal" Function="OnLandMountsTab" />
            </Control>
            <Control Class="Button" Base="CRB_UIKitSprites:btn_tabTHIN" Font="CRB_InterfaceSmall" ButtonType="Check" RadioGroup="CompanionTabs" LAnchorPoint="0" LAnchorOffset="188" TAnchorPoint="0" TAnchorOffset="7" RAnchorPoint="1" RAnchorOffset="-14" BAnchorPoint="0" BAnchorOffset="32" DT_VCENTER="1" DT_CENTER="1" Name="FlyingMountsTabBtn" BGColor="ffffffff" TextColor="ff717171" LeftEdgeControlsAnchor="Backer3_Left" RightEdgeControlsAnchor="Backer3_Right" GlobalRadioGroup="" NormalTextColor="ff717171" PressedTextColor="ff4dffff" FlybyTextColor="ff717171" PressedFlybyTextColor="ff4dffff" WindowSoundTemplate="Custom" TextId="CRB_Flying_Mounts">
                <Event Name="ButtonSignal" Function="OnFlyingMountsTab" />
            </Control>
        </Control>
        <Control Class="Button" Base="CRB_UIKitSprites:btn_close" Font="CRB_InterfaceMedium" ButtonType="PushButton" RadioGroup="" LAnchorPoint="0" LAnchorOffset="310" TAnchorPoint="0" TAnchorOffset="15" RAnchorPoint="0" RAnchorOffset="339" BAnchorPoint="0" BAnchorOffset="44" DT_VCENTER="1" DT_CENTER="1" Name="CloseBtn" BGColor="ffffffff" TextColor="ffffffff" Template="" NoClip="1" NewControlDepth="3" WindowSoundTemplate="CloseWindowPhys">
            <Event Name="ButtonSignal" Function="OnCloseBtn" />
        </Control>
        <Control Class="Window" LAnchorPoint="0" LAnchorOffset="28" TAnchorPoint="0" TAnchorOffset="101" RAnchorPoint="0" RAnchorOffset="259" BAnchorPoint="0" BAnchorOffset="255" RelativeToClient="1" Font="CRB_InterfaceMedium" Text="" Template="Default" Name="Model" BGColor="ffffffff" TextColor="ffffffff" Sprite="" UseTemplateBG="1" Picture="1" />
        <Control Class="Window" LAnchorPoint="0" LAnchorOffset="27" TAnchorPoint="0" TAnchorOffset="260" RAnchorPoint="1" RAnchorOffset="-11" BAnchorPoint="0" BAnchorOffset="374" RelativeToClient="1" Font="CRB_InterfaceMedium" Text="" Template="CRB_Normal" Name="InvBag" BGColor="ffffffff" TextColor="ffffffff" Sprite="CRB_UIKitSprites:spr_baseframe" Picture="1" NewControlDepth="2" VScroll="1" />
        <Control Class="Button" Base="CRB_UIKitSprites:btn_square_LARGE_Green" Font="CRB_InterfaceMedium" ButtonType="PushButton" RadioGroup="" LAnchorPoint="0" LAnchorOffset="203" TAnchorPoint="0" TAnchorOffset="388" RAnchorPoint="1" RAnchorOffset="-27" BAnchorPoint="1" BAnchorOffset="-52" DT_VCENTER="1" DT_CENTER="1" Name="MountBtn" BGColor="ffffffff" TextColor="ffffffff" WindowSoundTemplate="TogglePhys01" TextId="CRB_Mount">
            <Event Name="ButtonSignal" Function="OnMountBtn" />
        </Control>
        <Control Class="Button" Base="CRB_UIKitSprites:btn_radioLARGE" Font="CRB_InterfaceMedium" ButtonType="Check" RadioGroup="" LAnchorPoint="0" LAnchorOffset="33" TAnchorPoint="0" TAnchorOffset="394" RAnchorPoint="0" RAnchorOffset="72" BAnchorPoint="1" BAnchorOffset="-48" DT_VCENTER="1" DT_CENTER="1" Name="SetDefaultBtn" BGColor="ffffffff" TextColor="ffffffff" WindowSoundTemplate="Custom">
            <Event Name="ButtonCheck" Function="OnSetdefaultCheck" />
            <Event Name="ButtonUncheck" Function="OnSetdefaultUncheck" />
        </Control>
        <Control Class="Window" LAnchorPoint="0" LAnchorOffset="67" TAnchorPoint="1" TAnchorOffset="-76" RAnchorPoint="0" RAnchorOffset="176" BAnchorPoint="1" BAnchorOffset="-60" RelativeToClient="1" Font="CRB_InterfaceSmall" Template="Default" Name="TextDefault" BGColor="ffffffff" TextColor="ffCDBA96" TextId="CRB_Set_as_Default" />
        <Control Class="Window" LAnchorPoint="0" LAnchorOffset="37" TAnchorPoint="0" TAnchorOffset="27" RAnchorPoint="0" RAnchorOffset="317" BAnchorPoint="0" BAnchorOffset="56" RelativeToClient="1" Font="CRB_InterfaceMedium" Template="Default" Name="Title" BGColor="ffffffff" TextColor="ffc0c0c0" DT_VCENTER="1" DT_CENTER="1" TextId="CRB_Companions" />
    </Form>
    <Form Class="Window" LAnchorPoint="ActionBar0_Right" LAnchorOffset="-100" TAnchorPoint="ActionBar0_Top" TAnchorOffset="0" RAnchorPoint="ActionBar0_Right" RAnchorOffset="-18" BAnchorPoint="ActionBar0_Top" BAnchorOffset="61" RelativeToClient="0" Font="CRB_InterfaceMedium" Text="" Template="Default" Name="CompanionsModule" Border="0" Picture="0" SwallowMouseClicks="0" Moveable="0" Escapable="0" Overlapped="1" BGColor="ffffffff" TextColor="ffffffff" NewControlDepth="3" Visible="0">
        <Control Class="Window" LAnchorPoint="0" LAnchorOffset="0" TAnchorPoint="0" TAnchorOffset="0" RAnchorPoint="1" RAnchorOffset="0" BAnchorPoint="1" BAnchorOffset="0" RelativeToClient="1" Font="CRB_InterfaceMedium" Text="" Template="Default" Name="Base" BGColor="ffffffff" TextColor="ffffffff" Sprite="CRB_CompanionsSprites:sprBase" Picture="1" NewControlDepth="4" />
        <Control Class="Button" Base="CRB_CompanionsSprites:btnCompanion" Font="CRB_InterfaceMedium" ButtonType="Check" RadioGroup="" LAnchorPoint="0" LAnchorOffset="23" TAnchorPoint="0" TAnchorOffset="28" RAnchorPoint="0" RAnchorOffset="52" BAnchorPoint="0" BAnchorOffset="57" DT_VCENTER="1" DT_CENTER="1" Name="CompanionsBtn" BGColor="ffffffff" TextColor="ffffffff" Sprite="" RightEdgeControlsAnchor="" NewControlDepth="5" WindowSoundTemplate="ToggleDigi01">
            <Event Name="ButtonCheck" Function="OnButtonCheck" />
            <Event Name="ButtonUncheck" Function="OnButtonUncheck" />
        </Control>
        <Control Class="Button" Base="CRB_CompanionsSprites:btnPets" ButtonType="PushButton" RadioGroup="" LAnchorPoint="0" LAnchorOffset="24" TAnchorPoint="0" TAnchorOffset="1" RAnchorPoint="0" RAnchorOffset="48" BAnchorPoint="0" BAnchorOffset="25" DT_VCENTER="0" DT_CENTER="0" Name="PetBtn" BGColor="ffffffff" TextColor="ffffffff" NoClip="1" NewControlDepth="5" WindowSoundTemplate="PushbuttonDigi02">
            <Event Name="ButtonSignal" Function="OnPetBtn" />
        </Control>
        <Control Class="Button" Base="CRB_CompanionsSprites:btnLand" Font="CRB_InterfaceMedium" ButtonType="PushButton" RadioGroup="" LAnchorPoint="0" LAnchorOffset="47" TAnchorPoint="0" TAnchorOffset="9" RAnchorPoint="0" RAnchorOffset="76" BAnchorPoint="0" BAnchorOffset="34" DT_VCENTER="1" DT_CENTER="1" Name="LandMountBtn" BGColor="ffffffff" TextColor="ffffffff" NoClip="1" NewControlDepth="5" WindowSoundTemplate="PushbuttonDigi01">
            <Event Name="ButtonSignal" Function="OnLandMountBtn" />
        </Control>
        <Control Class="Button" Base="CRB_CompanionsSprites:btnFlying" Font="CRB_InterfaceMedium" ButtonType="PushButton" RadioGroup="" LAnchorPoint="0" LAnchorOffset="57" TAnchorPoint="0" TAnchorOffset="33" RAnchorPoint="0" RAnchorOffset="82" BAnchorPoint="0" BAnchorOffset="58" DT_VCENTER="1" DT_CENTER="1" Name="FlyingMountBtn" BGColor="ffffffff" TextColor="ffffffff" NoClip="1" NewControlDepth="5" WindowSoundTemplate="PushbuttonDigi03">
            <Event Name="ButtonSignal" Function="OnFlyingMountBtn" />
        </Control>
    </Form>
</Forms>
