<Forms>
    <Form Class="Window" LAnchorPoint="0" LAnchorOffset="0" TAnchorPoint="0" TAnchorOffset="0" RAnchorPoint="0" RAnchorOffset="800" BAnchorPoint="0" BAnchorOffset="633" RelativeToClient="1" Font="Thick" Text="" Template="Default" TooltipType="OnCursor" Name="QuestLogForm" Border="0" Picture="1" SwallowMouseClicks="1" Moveable="0" Escapable="0" Overlapped="1" BGColor="ffffffff" TextColor="ffffffff" TooltipColor="" Tooltip="" IgnoreMouse="1" Sprite="">
        <Control Class="Window" LAnchorPoint="0" LAnchorOffset="323" TAnchorPoint="0" TAnchorOffset="0" RAnchorPoint="1" RAnchorOffset="0" BAnchorPoint="1" BAnchorOffset="0" RelativeToClient="1" Font="Default" Text="" Template="Holo_Background_General" TooltipType="OnCursor" Name="BGRight" BGColor="ffffffff" TextColor="ffffffff" TooltipColor="" HideInEditor="0" IgnoreMouse="1" UseTemplateBG="1" Picture="1" Border="1"/>
        <Control Class="Window" LAnchorPoint="0" LAnchorOffset="0" TAnchorPoint="0" TAnchorOffset="0" RAnchorPoint="0" RAnchorOffset="322" BAnchorPoint="1" BAnchorOffset="-60" RelativeToClient="1" Font="CRB_InterfaceMedium_O" Text="" Template="Metal_ScrollList" TooltipType="OnCursor" Name="LeftSideScroll" BGColor="ffffffff" TextColor="ff5f6662" TooltipColor="" VScroll="1" IgnoreMouse="1" Picture="1" Sprite="" DT_CENTER="1" DT_VCENTER="1" TextId="" Tooltip=""/>
        <Control Class="Window" LAnchorPoint="0" LAnchorOffset="0" TAnchorPoint="1" TAnchorOffset="-60" RAnchorPoint="0" RAnchorOffset="326" BAnchorPoint="1" BAnchorOffset="0" RelativeToClient="1" Font="Default" Text="" Template="Default" TooltipType="OnCursor" Name="LeftSideFilterBtnsBG" BGColor="ffffffff" TextColor="ffffffff" TooltipColor="" Sprite="BK3:UI_BK3_Metal_Inset_Block3" Picture="1" IgnoreMouse="1" HideInEditor="0" Tooltip="">
            <Control Class="MLWindow" LAnchorPoint="0" LAnchorOffset="44" TAnchorPoint="0" TAnchorOffset="22" RAnchorPoint="0" RAnchorOffset="164" BAnchorPoint="0" BAnchorOffset="38" RelativeToClient="1" Font="CRB_InterfaceTiny_BB" Text="6/40 Active Quests" Template="Default" TooltipType="OnCursor" Name="QuestLogCountText" BGColor="ffffffff" TextColor="white" TooltipColor="" DT_CENTER="0" TextId="" AutoScaleText="1"/>
            <Control Class="Button" Base="BK3:btnMetal_Radio_Small" Font="CRB_InterfaceTiny_BB" ButtonType="Check" RadioGroup="QuestLog_LeftSideTopBtns" LAnchorPoint="0" LAnchorOffset="21" TAnchorPoint="1" TAnchorOffset="-44" RAnchorPoint="0" RAnchorOffset="164" BAnchorPoint="1" BAnchorOffset="-20" DT_VCENTER="1" DT_CENTER="0" TooltipType="OnCursor" Name="LeftSideFilterBtnShowActive" BGColor="ffffffff" TextColor="ffffffff" TooltipColor="" NormalTextColor="ff2f94ac" PressedTextColor="ffffffff" FlybyTextColor="ff5bbbd2" PressedFlybyTextColor="ffffffff" DisabledTextColor="ff800000" Text="" TextId="" DT_RIGHT="0" GlobalRadioGroup="" RadioDisallowNonSelection="1" RelativeToClient="1" TestAlpha="0" NeverBringToFront="1" DrawAsCheckbox="1" ButtonTextXMargin="2">
                <Event Name="ButtonCheck" Function="DestroyAndRedraw"/>
            </Control>
            <Control Class="Button" Base="BK3:btnMetal_Radio_Small" Font="CRB_InterfaceTiny_BB" ButtonType="Check" RadioGroup="QuestLog_LeftSideTopBtns" LAnchorPoint="0.5" LAnchorOffset="-4" TAnchorPoint="1" TAnchorOffset="-44" RAnchorPoint="0.5" RAnchorOffset="78" BAnchorPoint="1" BAnchorOffset="-20" DT_VCENTER="1" DT_CENTER="0" TooltipType="OnCursor" Name="LeftSideFilterBtnShowFinished" BGColor="ffffffff" TextColor="ffffffff" TooltipColor="" NormalTextColor="ff2f94ac" PressedTextColor="ffffffff" FlybyTextColor="ff5bbbd2" PressedFlybyTextColor="ffffffff" DisabledTextColor="ff800000" Text="" TextId="Questlog_Finished" DT_RIGHT="0" GlobalRadioGroup="" RadioDisallowNonSelection="1" RelativeToClient="1" TestAlpha="0" NeverBringToFront="1" DrawAsCheckbox="1" ButtonTextXMargin="2">
                <Event Name="ButtonCheck" Function="DestroyAndRedraw"/>
            </Control>
            <Control Class="Button" Base="BK3:btnMetal_Radio_Small" Font="CRB_InterfaceTiny_BB" ButtonType="Check" RadioGroup="QuestLog_LeftSideTopBtns" LAnchorPoint="0.5" LAnchorOffset="71" TAnchorPoint="1" TAnchorOffset="-44" RAnchorPoint="0.5" RAnchorOffset="149" BAnchorPoint="1" BAnchorOffset="-20" DT_VCENTER="1" DT_CENTER="0" TooltipType="OnCursor" Name="LeftSideFilterBtnShowHidden" BGColor="ffffffff" TextColor="ffffffff" TooltipColor="" NormalTextColor="ff2f94ac" PressedTextColor="ffffffff" FlybyTextColor="ff5bbbd2" PressedFlybyTextColor="ffffffff" DisabledTextColor="ff800000" Text="" TextId="Questlog_Ignored" DT_RIGHT="0" GlobalRadioGroup="" RadioDisallowNonSelection="1" RelativeToClient="1" TestAlpha="0" DrawAsCheckbox="1" NeverBringToFront="1" NotRelative="0" CheckboxRight="0" ButtonTextXMargin="2">
                <Event Name="ButtonCheck" Function="DestroyAndRedraw"/>
            </Control>
            <Pixie LAnchorPoint="0" LAnchorOffset="15" TAnchorPoint="0" TAnchorOffset="13" RAnchorPoint="1" RAnchorOffset="-15" BAnchorPoint="1" BAnchorOffset="-15" Sprite="BK3:UI_BK3_Metal_Inset_SharpCorner" BGColor="white" TextColor="black" Rotation="0" Font="Default"/>
        </Control>
        <Control Class="Window" LAnchorPoint="0" LAnchorOffset="338" TAnchorPoint="0" TAnchorOffset="10" RAnchorPoint="1" RAnchorOffset="-10" BAnchorPoint="1" BAnchorOffset="-88" RelativeToClient="1" Font="Default" Text="" Template="Holo_ScrollList" TooltipType="OnCursor" Name="RightSide" BGColor="ffffffff" TextColor="ffffffff" TooltipColor="" VScroll="1" IgnoreMouse="1" Sprite="" Picture="1" Tooltip="" Visible="0" HideInEditor="0" Border="1" UseTemplateBG="1" NewControlDepth="1">
            <Control Class="Window" LAnchorPoint="0" LAnchorOffset="0" TAnchorPoint="0" TAnchorOffset="0" RAnchorPoint="1" RAnchorOffset="-1" BAnchorPoint="0" BAnchorOffset="42" RelativeToClient="1" Font="Default" Text="" Template="Default" TooltipType="OnCursor" Name="EpisodeInfo" BGColor="ffffffff" TextColor="ffffffff" TooltipColor="" Visible="1" HideInEditor="0" Sprite="" Picture="1" IgnoreMouse="1" NewControlDepth="1">
                <Control Class="Window" LAnchorPoint="0" LAnchorOffset="63" TAnchorPoint="0" TAnchorOffset="11" RAnchorPoint="1" RAnchorOffset="-109" BAnchorPoint="0" BAnchorOffset="41" RelativeToClient="1" Font="CRB_HeaderSmall" Text="" Template="Default" TooltipType="OnCursor" Name="EpisodeSummaryTitle" BGColor="ffffffff" TextColor="ffffffff" TooltipColor="" TextId="Challenges_NoProgress" DT_VCENTER="0" DT_BOTTOM="0" DT_CENTER="0" DT_WORDBREAK="1" IgnoreMouse="1"/>
                <Control Class="MLWindow" LAnchorPoint="1" LAnchorOffset="-111" TAnchorPoint="0" TAnchorOffset="12" RAnchorPoint="1" RAnchorOffset="-42" BAnchorPoint="0" BAnchorOffset="32" RelativeToClient="1" Font="CRB_HeaderTiny" Text="" Template="Default" TooltipType="OnCursor" Name="EpisodeSummaryProgText" BGColor="ffffffff" TextColor="ff31fcf6" TooltipColor="" TextId="CRB_010" DT_VCENTER="1" DT_RIGHT="0" DT_CENTER="1" Sprite="" Picture="0" IgnoreMouse="1"/>
                <Control Class="Button" Base="CRB_Basekit:kitBtn_Dropdown_Holo" Font="Thick" ButtonType="Check" RadioGroup="" LAnchorPoint="1" LAnchorOffset="-38" TAnchorPoint="0" TAnchorOffset="4" RAnchorPoint="1" RAnchorOffset="-6" BAnchorPoint="0" BAnchorOffset="36" DT_VCENTER="1" DT_CENTER="1" TooltipType="OnCursor" Name="EpisodeSummaryExpandBtn" BGColor="ffffffff" TextColor="ffffffff" TooltipColor="" NormalTextColor="ffffffff" PressedTextColor="ffffffff" FlybyTextColor="ffffffff" PressedFlybyTextColor="ffffffff" DisabledTextColor="ffffffff" Text="">
                    <Event Name="ButtonCheck" Function="RedrawFromUI"/>
                    <Event Name="ButtonUncheck" Function="RedrawFromUI"/>
                </Control>
                <Control Class="Window" LAnchorPoint="0" LAnchorOffset="10" TAnchorPoint="0" TAnchorOffset="35" RAnchorPoint="1" RAnchorOffset="-10" BAnchorPoint="1" BAnchorOffset="19" RelativeToClient="1" Font="CRB_InterfaceMedium" Text="" Template="Default" TooltipType="OnCursor" Name="EpisodeSummaryPopoutTextBG" BGColor="ffffffff" TextColor="ffffffff" TooltipColor="" Sprite="" Picture="1" IgnoreMouse="1" HideInEditor="0" Visible="0">
                    <Control Class="MLWindow" LAnchorPoint="0" LAnchorOffset="0" TAnchorPoint="0" TAnchorOffset="0" RAnchorPoint="1" RAnchorOffset="0" BAnchorPoint="1" BAnchorOffset="0" RelativeToClient="1" Font="CRB_InterfaceMedium" Text="" Template="Default" TooltipType="OnCursor" Name="EpisodeSummaryPopoutText" BGColor="ffffffff" TextColor="ff2f94ac" TooltipColor="" TextId="" DT_WORDBREAK="1" IgnoreMouse="1"/>
                </Control>
                <Pixie LAnchorPoint="0" LAnchorOffset="11" TAnchorPoint="0" TAnchorOffset="11" RAnchorPoint="0" RAnchorOffset="68" BAnchorPoint="0" BAnchorOffset="41" BGColor="ffffffff" Font="CRB_InterfaceMedium_B" TextColor="UI_TextHoloTitle" Text="" TextId="QuestLog_PartOf" DT_VCENTER="0" DT_BOTTOM="0" Line="0"/>
                <Pixie LAnchorPoint="1" LAnchorOffset="-112" TAnchorPoint="0" TAnchorOffset="8" RAnchorPoint="1" RAnchorOffset="-42" BAnchorPoint="0" BAnchorOffset="34" BGColor="ffffffff" Font="Default" TextColor="ffffffff" Text="" TextId="" Sprite="BK3:UI_BK3_Holo_InsetSimple" Line="0"/>
                <Pixie LAnchorPoint="1" LAnchorOffset="-36" TAnchorPoint="0" TAnchorOffset="7" RAnchorPoint="1" RAnchorOffset="-9" BAnchorPoint="0" BAnchorOffset="34" BGColor="ffffffff" Font="Default" TextColor="ffffffff" Text="" Sprite="BK3:UI_BK3_Holo_InsetCircle" Line="0"/>
                <Pixie LAnchorPoint="0" LAnchorOffset="0" TAnchorPoint="0" TAnchorOffset="0" RAnchorPoint="1" RAnchorOffset="0" BAnchorPoint="1" BAnchorOffset="-5" Sprite="BK3:UI_BK3_Holo_InsetSimple" BGColor="white" TextColor="black" Rotation="0" Font="Default"/>
            </Control>
            <Control Class="Window" LAnchorPoint="0" LAnchorOffset="0" TAnchorPoint="0" TAnchorOffset="44" RAnchorPoint="1" RAnchorOffset="-1" BAnchorPoint="0" BAnchorOffset="536" RelativeToClient="1" Font="Default" Text="" Template="Default" TooltipType="OnCursor" Name="QuestInfo" BGColor="ffffffff" TextColor="ffffffff" TooltipColor="" Picture="1" IgnoreMouse="1" Sprite="BK3:UI_BK3_Holo_InsetSimple" HideInEditor="0">
                <Control Class="Window" LAnchorPoint="0" LAnchorOffset="-13" TAnchorPoint="0" TAnchorOffset="-12" RAnchorPoint="1" RAnchorOffset="15" BAnchorPoint="0" BAnchorOffset="138" RelativeToClient="1" Font="Default" Text="" Template="Default" TooltipType="OnCursor" Name="QuestInfoCallFrame" BGColor="ffffffff" TextColor="ffffffff" TooltipColor="" Picture="0" IgnoreMouse="1" Sprite="CRB_Basekit:kitBase_HoloBlue_PopoutSmall" Tooltip="" HideInEditor="0" Visible="0" NoClip="0">
                    <Control Class="CostumeWindow" LAnchorPoint="0" LAnchorOffset="37" TAnchorPoint="0" TAnchorOffset="38" RAnchorPoint="0" RAnchorOffset="112" BAnchorPoint="0" BAnchorOffset="112" RelativeToClient="1" Font="Default" Text="" Template="Default" Name="QuestInfoCostumeWindow" BGColor="ffffffff" TextColor="ffffffff" Camera="Datachron" Animated="1" TooltipType="OnCursor" TooltipColor="" IgnoreMouse="1" HideInEditor="1" Sprite="" Picture="1">
                        <Event Name="MouseButtonDown" Function="OnQuestCallBtn"/>
                    </Control>
                    <Control Class="MLWindow" LAnchorPoint="0" LAnchorOffset="128" TAnchorPoint="0" TAnchorOffset="47" RAnchorPoint="1" RAnchorOffset="-116" BAnchorPoint="0" BAnchorOffset="123" RelativeToClient="1" Font="CRB_HeaderSmall" Text="" Template="Default" TooltipType="OnCursor" Name="QuestInfoCallFrameText" BGColor="ffffffff" TextColor="ffffffff" TooltipColor="" TextId="" DT_VCENTER="1" DT_WORDBREAK="1" IgnoreMouse="1" DT_CENTER="0"/>
                    <Control Class="Button" Base="BK3:btnHolo_Blue_Med" Font="CRB_InterfaceMedium_BO" ButtonType="PushButton" RadioGroup="" LAnchorPoint="1" LAnchorOffset="-126" TAnchorPoint="0" TAnchorOffset="23" RAnchorPoint="1" RAnchorOffset="-30" BAnchorPoint="0" BAnchorOffset="128" DT_VCENTER="1" DT_CENTER="1" TooltipType="OnCursor" Name="QuestCallBtn" BGColor="ffffffff" TextColor="ffffffff" TooltipColor="" NormalTextColor="ff2f94ac" PressedTextColor="ff31fcf6" FlybyTextColor="ff31fcf6" PressedFlybyTextColor="ff31fcf6" DisabledTextColor="ff666666" Text="" TextId="" RelativeToClient="1" IgnoreMouse="1">
                        <Event Name="ButtonSignal" Function="OnQuestCallBtn"/>
                    </Control>
                    <Control Class="Window" LAnchorPoint="1" LAnchorOffset="-114" TAnchorPoint="0" TAnchorOffset="40" RAnchorPoint="1" RAnchorOffset="-42" BAnchorPoint="0" BAnchorOffset="112" RelativeToClient="1" Font="Default" Text="" Template="Default" TooltipType="OnCursor" Name="QuestCallBtnIcon" BGColor="ffffffff" TextColor="ffffffff" TooltipColor="" Sprite="ClientSprites:Icon_Windows_UI_CRB_Questlog_Call" Picture="1" IgnoreMouse="1" NewControlDepth="1"/>
                    <Pixie LAnchorPoint="0" LAnchorOffset="0" TAnchorPoint="0" TAnchorOffset="0" RAnchorPoint="1" RAnchorOffset="0" BAnchorPoint="1" BAnchorOffset="0" BGColor="ffffffff" Font="Default" TextColor="ffffffff" Text="" Sprite="BK3:UI_BK3_Holo_Framing_3" Line="0"/>
                    <Pixie LAnchorPoint="0" LAnchorOffset="30" TAnchorPoint="0" TAnchorOffset="30" RAnchorPoint="0" RAnchorOffset="120" BAnchorPoint="0" BAnchorOffset="120" BGColor="ffffffff" Font="Default" TextColor="ffffffff" Text="" Sprite="" Line="0"/>
                    <Control Class="Window" LAnchorPoint="0" LAnchorOffset="28" TAnchorPoint="0" TAnchorOffset="29" RAnchorPoint="0" RAnchorOffset="123" BAnchorPoint="0" BAnchorOffset="123" RelativeToClient="1" Font="Default" Text="" Template="Default" TooltipType="OnCursor" Name="Window" BGColor="ffffffff" TextColor="ffffffff" TooltipColor="" Sprite="kitAccent_Frame_BlueSolid" Picture="1" IgnoreMouse="1"/>
                </Control>
                <Control Class="Window" LAnchorPoint="0" LAnchorOffset="0" TAnchorPoint="0" TAnchorOffset="106" RAnchorPoint="1" RAnchorOffset="0" BAnchorPoint="0" BAnchorOffset="210" RelativeToClient="1" Font="Default" Text="" Template="Default" TooltipType="OnCursor" Name="QuestInfoTitleAndEtcFrame" BGColor="ffffffff" TextColor="ffffffff" TooltipColor="" Sprite="">
                    <Control Class="Window" LAnchorPoint="0" LAnchorOffset="4" TAnchorPoint="0" TAnchorOffset="5" RAnchorPoint="0" RAnchorOffset="53" BAnchorPoint="0" BAnchorOffset="64" RelativeToClient="1" Font="Default" Text="" Template="Default" TooltipType="OnCursor" Name="QuestInfoTitleIcon" BGColor="ffffffff" TextColor="ffffffff" TooltipColor="" Picture="1" IgnoreMouse="1" Sprite="CRB_Basekit:kitIcon_Gold_Checkbox" NewControlDepth="1" TooltipFont="CRB_InterfaceSmall_O"/>
                    <Control Class="Window" LAnchorPoint="0" LAnchorOffset="56" TAnchorPoint="0" TAnchorOffset="4" RAnchorPoint="1" RAnchorOffset="-31" BAnchorPoint="0" BAnchorOffset="50" RelativeToClient="1" Font="CRB_HeaderLarge" Text="" Template="Default" TooltipType="OnCursor" Name="QuestInfoTitle" BGColor="ffffffff" TextColor="ff7fffb9" TooltipColor="" TextId="CRB__2" DT_BOTTOM="0" HideInEditor="0" DT_VCENTER="1" DT_WORDBREAK="1"/>
                    <Control Class="MLWindow" LAnchorPoint="0" LAnchorOffset="12" TAnchorPoint="1" TAnchorOffset="-49" RAnchorPoint="0.5" RAnchorOffset="-13" BAnchorPoint="1" BAnchorOffset="-29" RelativeToClient="1" Font="CRB_InterfaceMedium_B" Text="" Template="Default" TooltipType="OnCursor" Name="QuestInfoDifficultyText" BGColor="ffffffff" TextColor="ffffffff" TooltipColor="" TextId="UnitDifficulty_EvenMatch" IgnoreMouse="1" TooltipFont="CRB_InterfaceSmall_O"/>
                    <Control Class="Window" LAnchorPoint="0" LAnchorOffset="16" TAnchorPoint="1" TAnchorOffset="-33" RAnchorPoint="0" RAnchorOffset="191" BAnchorPoint="1" BAnchorOffset="0" RelativeToClient="1" Font="Default" Text="" Template="Default" TooltipType="OnCursor" Name="QuestInfoDifficultyPic" BGColor="ffffffff" TextColor="ffffffff" TooltipColor="" Sprite="CRB_Basekit:kitFixedProgBar_9" Picture="1" IgnoreMouse="1" TooltipFont="CRB_InterfaceSmall_O"/>
                    <Pixie LAnchorPoint="0" LAnchorOffset="12" TAnchorPoint="1" TAnchorOffset="-33" RAnchorPoint="0" RAnchorOffset="197" BAnchorPoint="1" BAnchorOffset="0" BGColor="ffffffff" Font="Default" TextColor="ffffffff" Text="" Sprite="kitFixedProgBar_BG" Line="0"/>
                </Control>
                <Control Class="MLWindow" LAnchorPoint="0" LAnchorOffset="10" TAnchorPoint="0" TAnchorOffset="218" RAnchorPoint="1" RAnchorOffset="-10" BAnchorPoint="0" BAnchorOffset="241" RelativeToClient="1" Font="CRB_InterfaceMedium" Text="" Template="Default" TooltipType="OnCursor" Name="QuestInfoDescriptionText" BGColor="ffffffff" TextColor="ddffffff" TooltipColor="" TextId="" DT_WORDBREAK="1" IgnoreMouse="1"/>
                <Control Class="Window" LAnchorPoint="0" LAnchorOffset="0" TAnchorPoint="0" TAnchorOffset="0" RAnchorPoint="0" RAnchorOffset="1" BAnchorPoint="0" BAnchorOffset="11" RelativeToClient="1" Font="Default" Text="" Template="Default" TooltipType="OnCursor" Name="Padding" BGColor="ffffffff" TextColor="ffffffff" TooltipColor="" Tooltip=""/>
                <Control Class="Window" LAnchorPoint="0" LAnchorOffset="10" TAnchorPoint="0" TAnchorOffset="234" RAnchorPoint="1" RAnchorOffset="-10" BAnchorPoint="0" BAnchorOffset="283" RelativeToClient="1" Font="Default" Text="" Template="Default" TooltipType="OnCursor" Name="QuestInfoObjectivesFrame" BGColor="ffffffff" TextColor="ffffffff" TooltipColor="" Picture="1" IgnoreMouse="1" Sprite="" NoClip="0">
                    <Control Class="Window" LAnchorPoint="0" LAnchorOffset="0" TAnchorPoint="0" TAnchorOffset="9" RAnchorPoint="1" RAnchorOffset="0" BAnchorPoint="0" BAnchorOffset="29" RelativeToClient="1" Font="CRB_InterfaceMedium_B" Text="" Template="Default" TooltipType="OnCursor" Name="QuestInfoObjectivesTitle" BGColor="ffffffff" TextColor="ff7fffb9" TooltipColor="" TextId="CRB_Objectives" HideInEditor="0"/>
                    <Control Class="Window" LAnchorPoint="0" LAnchorOffset="0" TAnchorPoint="0" TAnchorOffset="29" RAnchorPoint="1" RAnchorOffset="0" BAnchorPoint="1" BAnchorOffset="-5" RelativeToClient="1" Font="Default" Text="" Template="" TooltipType="OnCursor" Name="QuestInfoObjectivesList" BGColor="ffffffff" TextColor="ffffffff" TooltipColor="" VScroll="0" IgnoreMouse="1" AutoHideScroll="0" Picture="0" Sprite=""/>
                    <Pixie LAnchorPoint="0" LAnchorOffset="1" TAnchorPoint="0" TAnchorOffset="0" RAnchorPoint="1" RAnchorOffset="-1" BAnchorPoint="0" BAnchorOffset="4" Sprite="BK3:UI_BK3_Holo_InsetDivider" BGColor="white" TextColor="black" Rotation="0" Font="Default"/>
                </Control>
                <Control Class="Window" LAnchorPoint="0" LAnchorOffset="0" TAnchorPoint="0" TAnchorOffset="0" RAnchorPoint="0" RAnchorOffset="1" BAnchorPoint="0" BAnchorOffset="8" RelativeToClient="1" Font="Default" Text="" Template="Default" TooltipType="OnCursor" Name="Padding" BGColor="ffffffff" TextColor="ffffffff" TooltipColor="" Tooltip=""/>
                <Control Class="Window" LAnchorPoint="0" LAnchorOffset="10" TAnchorPoint="0" TAnchorOffset="301" RAnchorPoint="1" RAnchorOffset="-10" BAnchorPoint="1" BAnchorOffset="-128" RelativeToClient="1" Font="Default" Text="" Template="Default" TooltipType="OnCursor" Name="QuestInfoMoreInfoFrame" BGColor="ffffffff" TextColor="ffffffff" TooltipColor="" Picture="1" IgnoreMouse="1" Sprite="" Tooltip="">
                    <Control Class="Button" Base="BK3:btnHolo_ExpandCollapse" Font="CRB_InterfaceMedium_B" ButtonType="Check" RadioGroup="" LAnchorPoint="0" LAnchorOffset="-1" TAnchorPoint="0" TAnchorOffset="-1" RAnchorPoint="1" RAnchorOffset="1" BAnchorPoint="0" BAnchorOffset="65" DT_VCENTER="1" DT_CENTER="1" TooltipType="OnCursor" Name="QuestInfoMoreInfoToggleBtn" BGColor="ffffffff" TextColor="ff7fffb9" TooltipColor="" NormalTextColor="ff7fffb9" PressedTextColor="ff7fffb9" FlybyTextColor="ff31fcf6" PressedFlybyTextColor="ff31fcf6" DisabledTextColor="ff666666" Text="" TextId="" DT_RIGHT="0" RelativeToClient="1" Tooltip="">
                        <Event Name="ButtonCheck" Function="RedrawFromUI"/>
                        <Event Name="ButtonUncheck" Function="RedrawFromUI"/>
                    </Control>
                    <Control Class="Window" LAnchorPoint="0" LAnchorOffset="10" TAnchorPoint="0" TAnchorOffset="41" RAnchorPoint="1" RAnchorOffset="-10" BAnchorPoint="1" BAnchorOffset="0" RelativeToClient="1" Font="CRB_InterfaceMedium_I" Text="" Template="Default" TooltipType="OnCursor" Name="QuestInfoMoreInfoTextBG" BGColor="ffffffff" TextColor="ff7fffb9" TooltipColor="" Sprite="" Picture="1" IgnoreMouse="1" NormalTextColor="ffffffff" PressedTextColor="ffffffff" FlybyTextColor="ffffffff" PressedFlybyTextColor="ffffffff" DisabledTextColor="ffffffff" Base="" Visible="0" HideInEditor="0" TextId="" DT_BOTTOM="1" Tooltip="" CloseOnExternalClick="0">
                        <Control Class="MLWindow" LAnchorPoint="0" LAnchorOffset="0" TAnchorPoint="0" TAnchorOffset="10" RAnchorPoint="1" RAnchorOffset="0" BAnchorPoint="1" BAnchorOffset="0" RelativeToClient="1" Font="CRB_InterfaceMedium_I" Text="" Template="Default" TooltipType="OnCursor" Name="QuestInfoMoreInfoText" BGColor="ffffffff" TextColor="ddffffff" TooltipColor="" TextId="" DT_WORDBREAK="1" IgnoreMouse="1" Tooltip=""/>
                    </Control>
                    <Pixie LAnchorPoint="0" LAnchorOffset="0" TAnchorPoint="0" TAnchorOffset="0" RAnchorPoint="1" RAnchorOffset="0" BAnchorPoint="1" BAnchorOffset="0" BGColor="ffffffff" Font="Default" TextColor="ffffffff" Text="" Sprite="BK3:UI_BK3_Holo_InsetHeaderThin" Line="0"/>
                    <Pixie LAnchorPoint="0" LAnchorOffset="9" TAnchorPoint="0" TAnchorOffset="8" RAnchorPoint="1" RAnchorOffset="-9" BAnchorPoint="0" BAnchorOffset="29" BGColor="ffffffff" Font="CRB_InterfaceMedium_B" TextColor="ff7fffb9" Text="" TextId="QuestLog_MoreInfo" Line="0"/>
                </Control>
                <Control Class="Window" LAnchorPoint="0" LAnchorOffset="10" TAnchorPoint="0" TAnchorOffset="382" RAnchorPoint="1" RAnchorOffset="-10" BAnchorPoint="0" BAnchorOffset="420" RelativeToClient="1" Font="Default" Text="" Template="Default" TooltipType="OnCursor" Name="QuestInfoRewardRecFrame" BGColor="ffffffff" TextColor="ffffffff" TooltipColor="" Picture="1" IgnoreMouse="1" Sprite="">
                    <Control Class="Window" LAnchorPoint="0" LAnchorOffset="9" TAnchorPoint="0" TAnchorOffset="13" RAnchorPoint="1" RAnchorOffset="-9" BAnchorPoint="0" BAnchorOffset="33" RelativeToClient="1" Font="CRB_InterfaceMedium_B" Text="" Template="Default" TooltipType="OnCursor" Name="QuestInfoRewardRecTitle" BGColor="ffffffff" TextColor="ff7fffb9" TooltipColor="" TextId="QuestLog_YouWillReceive" HideInEditor="0"/>
                    <Control Class="Window" LAnchorPoint="0" LAnchorOffset="0" TAnchorPoint="0" TAnchorOffset="47" RAnchorPoint="1" RAnchorOffset="0" BAnchorPoint="1" BAnchorOffset="64" RelativeToClient="1" Font="Default" Text="" Template="CRB_Scroll_HoloSmall" TooltipType="OnCursor" Name="QuestInfoRewardRecList" BGColor="ffffffff" TextColor="ffffffff" TooltipColor="" VScroll="0" IgnoreMouse="1" AutoHideScroll="0" Picture="1" Sprite=""/>
                    <Pixie LAnchorPoint="0" LAnchorOffset="0" TAnchorPoint="0" TAnchorOffset="4" RAnchorPoint="1" RAnchorOffset="0" BAnchorPoint="1" BAnchorOffset="-4" BGColor="ffffffff" Font="Default" TextColor="ffffffff" Text="" Sprite="BK3:UI_BK3_Holo_InsetHeaderThin" Line="0"/>
                </Control>
                <Control Class="Window" LAnchorPoint="0" LAnchorOffset="10" TAnchorPoint="0" TAnchorOffset="420" RAnchorPoint="1" RAnchorOffset="-10" BAnchorPoint="0" BAnchorOffset="458" RelativeToClient="1" Font="Default" Text="" Template="Default" TooltipType="OnCursor" Name="QuestInfoRewardChoFrame" BGColor="ffffffff" TextColor="ffffffff" TooltipColor="" Picture="1" IgnoreMouse="1" Sprite="">
                    <Control Class="Window" LAnchorPoint="0" LAnchorOffset="9" TAnchorPoint="0" TAnchorOffset="13" RAnchorPoint="1" RAnchorOffset="-9" BAnchorPoint="0" BAnchorOffset="33" RelativeToClient="1" Font="CRB_InterfaceMedium_B" Text="" Template="Default" TooltipType="OnCursor" Name="QuestInfoRewardChoTitle" BGColor="ffffffff" TextColor="ff7fffb9" TooltipColor="" TextId="QuestLog_CanChooseOne" HideInEditor="0"/>
                    <Control Class="Window" LAnchorPoint="0" LAnchorOffset="0" TAnchorPoint="0" TAnchorOffset="47" RAnchorPoint="1" RAnchorOffset="0" BAnchorPoint="1" BAnchorOffset="64" RelativeToClient="1" Font="Default" Text="" Template="CRB_Scroll_HoloSmall" TooltipType="OnCursor" Name="QuestInfoRewardChoList" BGColor="ffffffff" TextColor="ffffffff" TooltipColor="" VScroll="0" IgnoreMouse="1" AutoHideScroll="0" Picture="1" Sprite=""/>
                    <Pixie LAnchorPoint="0" LAnchorOffset="0" TAnchorPoint="0" TAnchorOffset="4" RAnchorPoint="1" RAnchorOffset="0" BAnchorPoint="1" BAnchorOffset="-4" BGColor="ffffffff" Font="Default" TextColor="ffffffff" Text="" Sprite="BK3:UI_BK3_Holo_InsetHeaderThin" Line="0"/>
                </Control>
                <Control Class="Window" LAnchorPoint="0" LAnchorOffset="0" TAnchorPoint="0" TAnchorOffset="0" RAnchorPoint="0" RAnchorOffset="1" BAnchorPoint="0" BAnchorOffset="12" RelativeToClient="1" Font="Default" Text="" Template="Default" TooltipType="OnCursor" Name="Padding" BGColor="ffffffff" TextColor="ffffffff" TooltipColor="" Tooltip=""/>
            </Control>
        </Control>
        <Control Class="Window" LAnchorPoint="0" LAnchorOffset="338" TAnchorPoint="1" TAnchorOffset="-80" RAnchorPoint="1" RAnchorOffset="-12" BAnchorPoint="1" BAnchorOffset="-10" RelativeToClient="1" Font="Default" Text="" Template="Default" TooltipType="OnCursor" Name="QuestInfoControls" BGColor="ffffffff" TextColor="ffffffff" TooltipColor="" Visible="1" HideInEditor="0" Sprite="BK3:UI_BK3_Holo_InsetFramed" Picture="1" IgnoreMouse="1" NewWindowDepth="1">
            <Control Class="Window" LAnchorPoint="0" LAnchorOffset="0" TAnchorPoint="0" TAnchorOffset="-3" RAnchorPoint="1" RAnchorOffset="0" BAnchorPoint="1" BAnchorOffset="4" RelativeToClient="1" Font="Default" Text="" Template="Default" TooltipType="OnCursor" Name="QuestInfoControlButtons" BGColor="ffffffff" TextColor="ffffffff" TooltipColor="" Sprite="" Picture="1" IgnoreMouse="1" HideInEditor="0">
                <Control Class="Window" LAnchorPoint="0.5" LAnchorOffset="-20" TAnchorPoint="0" TAnchorOffset="0" RAnchorPoint="0.5" RAnchorOffset="105" BAnchorPoint="0" BAnchorOffset="72" RelativeToClient="1" Font="Default" Text="" Template="Default" TooltipType="OnCursor" Name="QuestInfoControlsBGTrack" BGColor="ffffffff" TextColor="ffffffff" TooltipColor="" Sprite="" Picture="1" IgnoreMouse="1">
                    <Control Class="Button" Base="BK3:btnHolo_Blue_Med" Font="CRB_Button" ButtonType="PushButton" RadioGroup="" LAnchorPoint="0" LAnchorOffset="0" TAnchorPoint="0" TAnchorOffset="3" RAnchorPoint="1" RAnchorOffset="-4" BAnchorPoint="1" BAnchorOffset="3" DT_VCENTER="1" DT_CENTER="1" TooltipType="OnCursor" Name="QuestTrackBtn" BGColor="ffffffff" TextColor="ffffffff" TooltipColor="" NormalTextColor="UI_BtnTextBlueNormal" PressedTextColor="UI_BtnTextBlueNormal" FlybyTextColor="UI_BtnTextBluePressed" PressedFlybyTextColor="UI_BtnTextHoloPressedFlyby" DisabledTextColor="UI_BtnTextHoloDisabled" Text="" TextId="QuestLog_Track" TooltipFont="CRB_InterfaceSmall_O" Tooltip="" TooltipId="QuestLog_AddToTracker" RelativeToClient="1" IgnoreMouse="0">
                        <Event Name="ButtonSignal" Function="OnQuestTrackBtn"/>
                    </Control>
                </Control>
                <Control Class="Window" LAnchorPoint="0" LAnchorOffset="319" TAnchorPoint="0" TAnchorOffset="0" RAnchorPoint="1" RAnchorOffset="-10" BAnchorPoint="0" BAnchorOffset="72" RelativeToClient="1" Font="Default" Text="" Template="Default" TooltipType="OnCursor" Name="QuestInfoControlsBGAbandon" BGColor="ffffffff" TextColor="ffffffff" TooltipColor="" Sprite="" Picture="1" IgnoreMouse="1" Tooltip="">
                    <Control Class="Button" Base="BK3:btnHolo_Red_Med" Font="CRB_Button" ButtonType="Check" RadioGroup="" LAnchorPoint="0" LAnchorOffset="4" TAnchorPoint="0" TAnchorOffset="3" RAnchorPoint="1" RAnchorOffset="0" BAnchorPoint="1" BAnchorOffset="3" DT_VCENTER="1" DT_CENTER="1" TooltipType="OnCursor" Name="QuestAbandonPopoutBtn" BGColor="ffffffff" TextColor="ffffffff" TooltipColor="" NormalTextColor="UI_BtnTextRedNormal" PressedTextColor="UI_BtnTextRedPressed" FlybyTextColor="UI_BtnTextRedFlyby" PressedFlybyTextColor="UI_BtnTextRedPressedFlyby" DisabledTextColor="UI_BtnTextRedDisabled" Text="" TextId="CRB_Abandon" Tooltip="" TooltipFont="CRB_InterfaceSmall_O" TooltipId="QuestLog_AbandonTooltip" RelativeToClient="1" IgnoreMouse="0"/>
                    <Control Class="Window" LAnchorPoint="0.5" LAnchorOffset="-85" TAnchorPoint="0" TAnchorOffset="-77" RAnchorPoint="0.5" RAnchorOffset="86" BAnchorPoint="0" BAnchorOffset="5" RelativeToClient="1" Font="Default" Text="" Template="Default" TooltipType="OnCursor" Name="QuestAbandonConfirm" BGColor="ffffffff" TextColor="ffffffff" TooltipColor="" Sprite="CRB_Basekit:kitInnerFrame_Holo_DownArrowDark" Picture="1" IgnoreMouse="1" NoClip="1" CloseOnExternalClick="1" Visible="0" HideInEditor="1" Tooltip="" NewWindowDepth="1">
                        <Control Class="Button" Base="CRB_Basekit:kitBtn_Holo_Large" Font="CRB_InterfaceMedium_BO" ButtonType="PushButton" RadioGroup="" LAnchorPoint="0.5" LAnchorOffset="-75" TAnchorPoint="1" TAnchorOffset="-51" RAnchorPoint="0.5" RAnchorOffset="-2" BAnchorPoint="1" BAnchorOffset="-16" DT_VCENTER="1" DT_CENTER="1" TooltipType="OnCursor" Name="QuestAbandonBtn" BGColor="ffffffff" TextColor="ffffffff" TooltipColor="" NormalTextColor="ff2f94ac" PressedTextColor="ff31fcf6" FlybyTextColor="ff31fcf6" PressedFlybyTextColor="ff31fcf6" DisabledTextColor="ff666666" Text="" TextId="CRB_Yes">
                            <Event Name="ButtonSignal" Function="OnQuestAbandonBtn"/>
                        </Control>
                        <Control Class="Button" Base="CRB_Basekit:kitBtn_Holo_Large" Font="CRB_InterfaceMedium_BO" ButtonType="PushButton" RadioGroup="" LAnchorPoint="0.5" LAnchorOffset="2" TAnchorPoint="1" TAnchorOffset="-51" RAnchorPoint="0.5" RAnchorOffset="75" BAnchorPoint="1" BAnchorOffset="-16" DT_VCENTER="1" DT_CENTER="1" TooltipType="OnCursor" Name="QuestAbandonPopoutClose" BGColor="ffffffff" TextColor="ffffffff" TooltipColor="" NormalTextColor="ff2f94ac" PressedTextColor="ff31fcf6" FlybyTextColor="ff31fcf6" PressedFlybyTextColor="ff31fcf6" DisabledTextColor="ff666666" Text="" TextId="No">
                            <Event Name="ButtonSignal" Function="OnQuestAbandonPopoutClose"/>
                        </Control>
                        <Pixie LAnchorPoint="0" LAnchorOffset="8" TAnchorPoint="1" TAnchorOffset="-75" RAnchorPoint="1" RAnchorOffset="-8" BAnchorPoint="1" BAnchorOffset="-55" BGColor="ffffffff" Font="CRB_InterfaceMedium_B" TextColor="ff31fcf6" Text="" TextId="Bank_BuyConfirm" DT_CENTER="1" Line="0"/>
                    </Control>
                </Control>
                <Control Class="Window" LAnchorPoint="0" LAnchorOffset="0" TAnchorPoint="0" TAnchorOffset="0" RAnchorPoint="0" RAnchorOffset="120" BAnchorPoint="0" BAnchorOffset="72" RelativeToClient="1" Font="Default" Text="" Template="Default" TooltipType="OnCursor" Name="QuestInfoControlsBGShare" BGColor="ffffffff" TextColor="ffffffff" TooltipColor="" Sprite="" Picture="1" IgnoreMouse="1" Tooltip="" TooltipFont="CRB_InterfaceSmall_O" TooltipId="QuestLog_ShareQuest" Visible="0" HideInEditor="0">
                    <Control Class="Button" Base="BK3:btnHolo_Blue_Med" Font="CRB_Button" ButtonType="PushButton" RadioGroup="" LAnchorPoint="0" LAnchorOffset="8" TAnchorPoint="0" TAnchorOffset="3" RAnchorPoint="1" RAnchorOffset="0" BAnchorPoint="1" BAnchorOffset="3" DT_VCENTER="1" DT_CENTER="1" TooltipType="OnCursor" Name="QuestShareBtn" BGColor="ffffffff" TextColor="ffffffff" TooltipColor="" NormalTextColor="UI_BtnTextBlueNormal" PressedTextColor="UI_BtnTextBluePressed" FlybyTextColor="UI_BtnTextBlueFlyby" PressedFlybyTextColor="UI_BtnTextHoloPressedFlyby" DisabledTextColor="UI_BtnTextHoloDisabled" Text="" TextId="QuestLog_ShareBtn" HideInEditor="0" TooltipFont="CRB_InterfaceSmall_O" Tooltip="" TooltipId="" IgnoreMouse="0" RelativeToClient="1">
                        <Event Name="ButtonSignal" Function="OnQuestShareBtn"/>
                    </Control>
                </Control>
            </Control>
            <Control Class="Button" Base="BK3:btnHolo_Blue_Med" Font="CRB_Button" ButtonType="PushButton" RadioGroup="" LAnchorPoint="0.5" LAnchorOffset="96" TAnchorPoint="0" TAnchorOffset="1" RAnchorPoint="1" RAnchorOffset="-11" BAnchorPoint="1" BAnchorOffset="1" DT_VCENTER="1" DT_CENTER="1" TooltipType="OnCursor" Name="QuestInfoControlsHideBtn" BGColor="ffffffff" TextColor="ffffffff" TooltipColor="" NormalTextColor="UI_BtnTextHoloNormal" PressedTextColor="UI_BtnTextHoloPressed" FlybyTextColor="UI_BtnTextHoloFlyby" PressedFlybyTextColor="UI_BtnTextHoloPressedFlyby" DisabledTextColor="UI_BtnTextHoloDisabled" Text="" TextId="QuestLog_HideQuest" Tooltip="" Visible="0" HideInEditor="1" TooltipFont="CRB_InterfaceSmall_O" TooltipId="QuestLog_MoveToIgnoredList" RelativeToClient="1">
                <Event Name="ButtonSignal" Function="OnQuestHideBtn"/>
            </Control>
        </Control>
        <Control Class="Window" LAnchorPoint="0" LAnchorOffset="-3" TAnchorPoint="0" TAnchorOffset="-43" RAnchorPoint="0" RAnchorOffset="801" BAnchorPoint="0" BAnchorOffset="70" RelativeToClient="1" Font="Default" Text="" Template="Default" TooltipType="OnCursor" Name="GradientShadow" BGColor="ffffffff" TextColor="ffffffff" TooltipColor="" Sprite="BK3:UI_BK3_GradientShade" Picture="1" IgnoreMouse="1" Border="0" UseTemplateBG="0" NewControlDepth="5" Sizable="0" Moveable="0" HideInEditor="1"/>
        <Control Class="Window" LAnchorPoint="0" LAnchorOffset="319" TAnchorPoint="0" TAnchorOffset="-17" RAnchorPoint="0" RAnchorOffset="333" BAnchorPoint="1" BAnchorOffset="15" RelativeToClient="1" Font="Default" Text="" Template="Default" TooltipType="OnCursor" Name="Divider" BGColor="ffffffff" TextColor="ffffffff" TooltipColor="" Sprite="BK3:UI_BK3_Metal_Inset_Divider_V" Picture="1" IgnoreMouse="1" NoClip="1" NewWindowDepth="1"/>
    </Form>
    <Form Class="Window" LAnchorPoint="0" LAnchorOffset="0" TAnchorPoint="0" TAnchorOffset="0" RAnchorPoint="1" RAnchorOffset="0" BAnchorPoint="0" BAnchorOffset="70" RelativeToClient="1" Font="Default" Text="" Template="Default" TooltipType="OnCursor" Name="TopLevelItem" BGColor="ffffffff" TextColor="ffffffff" TooltipColor="" Tooltip="" Picture="1" Overlapped="1" Sprite="BK3:sprMetal_ExpandMenu_Large_Framing">
        <Control Class="Button" Base="BK3:btnMetal_ExpandMenu_Large" Font="Thick" ButtonType="Check" RadioGroup="" LAnchorPoint="0" LAnchorOffset="7" TAnchorPoint="0" TAnchorOffset="5" RAnchorPoint="1" RAnchorOffset="-7" BAnchorPoint="0" BAnchorOffset="65" DT_VCENTER="1" DT_CENTER="1" TooltipType="OnCursor" Name="TopLevelBtn" BGColor="ffffffff" TextColor="ffffffff" TooltipColor="" NormalTextColor="ffffffff" PressedTextColor="ffffffff" FlybyTextColor="ffffffff" PressedFlybyTextColor="ffffffff" DisabledTextColor="ffffffff" Text="" GlobalRadioGroup="QuestLog_TopLevelBtn_GlobalRadioGroup">
            <Event Name="ButtonCheck" Function="OnTopLevelBtnCheck"/>
            <Event Name="ButtonUncheck" Function="OnTopLevelBtnUncheck"/>
        </Control>
        <Control Class="Window" LAnchorPoint="0" LAnchorOffset="20" TAnchorPoint="0" TAnchorOffset="5" RAnchorPoint="1" RAnchorOffset="-5" BAnchorPoint="0" BAnchorOffset="65" RelativeToClient="1" Font="CRB_HeaderMedium" Text="" Template="Default" TooltipType="OnCursor" Name="TopLevelBtnText" BGColor="ffffffff" TextColor="UI_BtnTextGoldListNormal" TooltipColor="" TextId="CRB__2" DT_VCENTER="1"/>
        <Control Class="Window" LAnchorPoint="0" LAnchorOffset="10" TAnchorPoint="0" TAnchorOffset="74" RAnchorPoint="1" RAnchorOffset="-10" BAnchorPoint="1" BAnchorOffset="0" RelativeToClient="1" Font="Default" Text="" Template="Default" TooltipType="OnCursor" Name="TopLevelItems" BGColor="ffffffff" TextColor="ffffffff" TooltipColor=""/>
    </Form>
    <Form Class="Window" LAnchorPoint="0" LAnchorOffset="10" TAnchorPoint="0" TAnchorOffset="0" RAnchorPoint="1" RAnchorOffset="-10" BAnchorPoint="0" BAnchorOffset="42" RelativeToClient="1" Font="Default" Text="" Template="Default" TooltipType="OnCursor" Name="MiddleLevelItem" BGColor="ffffffff" TextColor="ffffffff" TooltipColor="" Tooltip="" Sprite="" Picture="1" Overlapped="1">
        <Control Class="Button" Base="BK3:btnMetal_ExpandMenu_Med" Font="Thick" ButtonType="Check" RadioGroup="" LAnchorPoint="0" LAnchorOffset="0" TAnchorPoint="0" TAnchorOffset="0" RAnchorPoint="1" RAnchorOffset="0" BAnchorPoint="0" BAnchorOffset="42" DT_VCENTER="1" DT_CENTER="1" TooltipType="OnCursor" Name="MiddleLevelBtn" BGColor="ffffffff" TextColor="ffffffff" TooltipColor="" NormalTextColor="ffffffff" PressedTextColor="ffffffff" FlybyTextColor="ffffffff" PressedFlybyTextColor="ffffffff" DisabledTextColor="ffffffff" GlobalRadioGroup="QuestLog_MiddleLevelBtn_GlobalRadioGroup" NeverBringToFront="1" RelativeToClient="1">
            <Event Name="ButtonCheck" Function="OnMiddleLevelBtnCheck"/>
            <Event Name="ButtonUncheck" Function="OnMiddleLevelBtnUncheck"/>
        </Control>
        <Control Class="Window" LAnchorPoint="0" LAnchorOffset="5" TAnchorPoint="0" TAnchorOffset="5" RAnchorPoint="0" RAnchorOffset="39" BAnchorPoint="0" BAnchorOffset="39" RelativeToClient="1" Font="Default" Text="" Template="Default" TooltipType="OnCursor" Name="MiddleLevelIcon" BGColor="ffffffff" TextColor="ffffffff" TooltipColor="" Sprite="CRB_Basekit:kitIcon_Holo_Exclamation" Picture="1" IgnoreMouse="1" NewControlDepth="1" TooltipFont="CRB_InterfaceSmall_O"/>
        <Control Class="Window" LAnchorPoint="0" LAnchorOffset="44" TAnchorPoint="0" TAnchorOffset="0" RAnchorPoint="1" RAnchorOffset="-30" BAnchorPoint="0" BAnchorOffset="42" RelativeToClient="1" Font="CRB_InterfaceMedium_BB" Text="" Template="Default" TooltipType="OnCursor" Name="MiddleLevelBtnText" BGColor="ffffffff" TextColor="UI_BtnTextGoldListNormal" TooltipColor="" TextId="CRB__2" DT_VCENTER="1" DT_WORDBREAK="1"/>
        <Control Class="ProgressBar" Text="" LAnchorPoint="0" LAnchorOffset="40" TAnchorPoint="0" TAnchorOffset="28" RAnchorPoint="1" RAnchorOffset="-40" BAnchorPoint="0" BAnchorOffset="48" AutoSetText="0" UseValues="0" RelativeToClient="1" SetTextToProgress="0" DT_CENTER="1" DT_VCENTER="1" ProgressEmpty="" ProgressFull="CRB_UIKitSprites:spr_progressbarSLIM_BlueFill" TooltipType="OnCursor" Name="MiddleLevelProgBar" BGColor="ffffffff" TextColor="ffffffff" TooltipColor="" BarColor="" Sprite="" IgnoreMouse="1" Visible="0" HideInEditor="0"/>
        <Control Class="Window" LAnchorPoint="0" LAnchorOffset="10" TAnchorPoint="0" TAnchorOffset="47" RAnchorPoint="1" RAnchorOffset="-10" BAnchorPoint="1" BAnchorOffset="0" RelativeToClient="1" Font="Default" Text="" Template="Default" TooltipType="OnCursor" Name="MiddleLevelItems" BGColor="ffffffff" TextColor="ffffffff" TooltipColor=""/>
        <Control Class="Window" LAnchorPoint="0" LAnchorOffset="0" TAnchorPoint="0" TAnchorOffset="0" RAnchorPoint="1" RAnchorOffset="0" BAnchorPoint="1" BAnchorOffset="0" RelativeToClient="1" Font="Default" Text="" Template="Default" TooltipType="OnCursor" Name="MiddleGroupFrame" BGColor="ffffffff" TextColor="ffffffff" TooltipColor="" Sprite="BK3:sprMetal_ExpandMenu_MedSmall_Framing" Picture="1" IgnoreMouse="1" NewControlDepth="1"/>
    </Form>
    <Form Class="Window" LAnchorPoint="0" LAnchorOffset="0" TAnchorPoint="0" TAnchorOffset="0" RAnchorPoint="1" RAnchorOffset="0" BAnchorPoint="0" BAnchorOffset="32" RelativeToClient="1" Font="Default" Text="" Template="Default" TooltipType="OnCursor" Name="BottomLevelItem" BGColor="ffffffff" TextColor="ffffffff" TooltipColor="" Sprite="">
        <Control Class="Button" Base="" Font="Thick" ButtonType="PushButton" RadioGroup="" LAnchorPoint="0" LAnchorOffset="0" TAnchorPoint="0" TAnchorOffset="0" RAnchorPoint="1" RAnchorOffset="0" BAnchorPoint="1" BAnchorOffset="0" TooltipType="OnCursor" Name="BottomLevelQuestLinkBtn" BGColor="00ffffff" TextColor="ffffffff" TooltipColor="" NormalTextColor="ffffffff" PressedTextColor="ffffffff" FlybyTextColor="ffffffff" PressedFlybyTextColor="ffffffff" DisabledTextColor="ffffffff" GlobalRadioGroup="QuestLog_BottomLevelBtn_GlobalRadioGroup" Text="" TextId="" ProcessRightClick="1" Sprite="">
            <Event Name="ButtonDown" Function="OnBottomLevelBtnDown"/>
        </Control>
        <Control Class="Button" Base="BK3:btnMetal_ExpandMenu_Small" Font="Thick" ButtonType="Check" RadioGroup="" LAnchorPoint="0" LAnchorOffset="0" TAnchorPoint="0" TAnchorOffset="0" RAnchorPoint="1" RAnchorOffset="0" BAnchorPoint="1" BAnchorOffset="0" TooltipType="OnCursor" Name="BottomLevelBtn" BGColor="ffffffff" TextColor="ffffffff" TooltipColor="" NormalTextColor="ffffffff" PressedTextColor="ffffffff" FlybyTextColor="ffffffff" PressedFlybyTextColor="ffffffff" DisabledTextColor="ffffffff" GlobalRadioGroup="QuestLog_BottomLevelBtn_GlobalRadioGroup" Text="" TextId="" ProcessRightClick="0" IgnoreMouse="1">
            <Event Name="ButtonCheck" Function="OnBottomLevelBtnCheck"/>
            <Event Name="ButtonUncheck" Function="OnBottomLevelBtnUncheck"/>
            <Control Class="Window" LAnchorPoint="0" LAnchorOffset="10" TAnchorPoint="0" TAnchorOffset="0" RAnchorPoint="1" RAnchorOffset="-55" BAnchorPoint="1" BAnchorOffset="0" RelativeToClient="1" Font="CRB_InterfaceMedium_B" Text="" Template="Default" TooltipType="OnCursor" Name="BottomLevelBtnText" BGColor="ffffffff" TextColor="UI_BtnTextGoldListNormal" TooltipColor="" TextId="CRB__2" DT_VCENTER="1" DT_WORDBREAK="1"/>
            <Control Class="Window" LAnchorPoint="1" LAnchorOffset="-53" TAnchorPoint=".5" TAnchorOffset="-9" RAnchorPoint="1" RAnchorOffset="-35" BAnchorPoint=".5" BAnchorOffset="9" RelativeToClient="1" Font="Default" Text="" Template="Default" TooltipType="OnCursor" Name="BottomLevelBtnIcon" BGColor="ffffffff" TextColor="ffffffff" TooltipColor="" Sprite="kitIcon_Metal_CircleX" Picture="1" IgnoreMouse="1"/>
        </Control>
    </Form>
    <Form Class="Window" LAnchorPoint="0" LAnchorOffset="0" TAnchorPoint="0" TAnchorOffset="0" RAnchorPoint="1" RAnchorOffset="0" BAnchorPoint="0" BAnchorOffset="15" RelativeToClient="1" Font="Default" Text="" Template="Default" TooltipType="OnCursor" Name="ObjectivesItem" BGColor="ffffffff" TextColor="ffffffff" TooltipColor="" Picture="0" IgnoreMouse="1" Sprite="WhiteFill" TooltipFont="CRB_InterfaceMedium" Overlapped="1">
        <Control Class="Window" LAnchorPoint="0" LAnchorOffset="-2" TAnchorPoint="0" TAnchorOffset="2" RAnchorPoint="0" RAnchorOffset="16" BAnchorPoint="0" BAnchorOffset="15" RelativeToClient="1" Font="Default" Text="" Template="Default" TooltipType="OnCursor" Name="ObjectiveBullet" BGColor="ffffffff" TextColor="ffffffff" TooltipColor="" Picture="1" IgnoreMouse="1" Sprite="CRB_QuestTrackerSprites:sprQT_ObjectiveMarkNormal"/>
        <Control Class="MLWindow" LAnchorPoint="0" LAnchorOffset="15" TAnchorPoint="0" TAnchorOffset="0" RAnchorPoint="1" RAnchorOffset="0" BAnchorPoint="1" BAnchorOffset="0" RelativeToClient="1" Font="CRB_InterfaceMedium_B" Text="" Template="Default" TooltipType="OnCursor" Name="ObjectivesItemText" BGColor="ffffffff" TextColor="ffffffff" TooltipColor="" TextId="" IgnoreMouse="1" DT_WORDBREAK="1"/>
    </Form>
    <Form Class="Window" LAnchorPoint="0" LAnchorOffset="0" TAnchorPoint="0" TAnchorOffset="0" RAnchorPoint="1" RAnchorOffset="0" BAnchorPoint="0" BAnchorOffset="77" RelativeToClient="1" Font="Default" Text="" Template="Default" TooltipType="OnCursor" Name="RewardItem" BGColor="ffffffff" TextColor="ffffffff" TooltipColor="" Picture="1" IgnoreMouse="1" Sprite="" TooltipFont="CRB_InterfaceSmall_O" Overlapped="1" IgnoreTooltipDelay="1" Tooltip="">
        <Control Class="Window" LAnchorPoint="0" LAnchorOffset="16" TAnchorPoint="0" TAnchorOffset="7" RAnchorPoint="0" RAnchorOffset="56" BAnchorPoint="0" BAnchorOffset="47" RelativeToClient="1" Font="CRB_InterfaceMedium_B" Text="" Template="Default" TooltipType="OnCursor" Name="RewardIcon" BGColor="ffffffff" TextColor="ffffffff" TooltipColor="" Sprite="ClientSprites:Icon_ItemMisc_UI_Item_Parchment" Picture="1" IgnoreMouse="1" DT_BOTTOM="1" DT_RIGHT="1" TextId="" IgnoreTooltipDelay="1" TooltipFont="CRB_InterfaceSmall_O" NewControlDepth="1"/>
        <Control Class="Window" LAnchorPoint="0" LAnchorOffset="70" TAnchorPoint="0.5" TAnchorOffset="-22" RAnchorPoint="1" RAnchorOffset="-8" BAnchorPoint="0.5" BAnchorOffset="8" RelativeToClient="1" Font="CRB_InterfaceMedium" Text="" Template="Default" TooltipType="OnCursor" Name="RewardItemText" BGColor="ffffffff" TextColor="ffffffff" TooltipColor="" TextId="" IgnoreMouse="1" DT_VCENTER="1"/>
        <Control Class="Window" LAnchorPoint="0" LAnchorOffset="7" TAnchorPoint="0" TAnchorOffset="-3" RAnchorPoint="0" RAnchorOffset="37" BAnchorPoint="0" BAnchorOffset="27" RelativeToClient="1" Text="" Name="RewardItemCantUse" Picture="1" IgnoreMouse="1" Sprite="ClientSprites:Icon_Windows_UI_CRB_Tooltip_Restricted" BGColor="ffffffff" TextColor="ffffffff" NewControlDepth="1" Tooltip="" Font="Default" TooltipColor="" IgnoreTooltipDelay="1" TooltipType="OnCursor" Visible="0" TooltipFont="CRB_InterfaceSmall_O" TooltipId="Dialog_CantUseTooltip"/>
        <Control Class="Window" LAnchorPoint="0" LAnchorOffset="9" TAnchorPoint="0" TAnchorOffset="0" RAnchorPoint="0" RAnchorOffset="65" BAnchorPoint="0" BAnchorOffset="54" RelativeToClient="1" Font="Default" Text="" Template="Default" TooltipType="OnCursor" Name="Window" BGColor="ffffffff" TextColor="ffffffff" TooltipColor="" Sprite="BK3:UI_BK3_Holo_Snippet" Picture="1" IgnoreMouse="1"/>
    </Form>
    <Form Class="Window" LAnchorPoint=".5" LAnchorOffset="-310" TAnchorPoint=".5" TAnchorOffset="-224" RAnchorPoint=".5" RAnchorOffset="154" BAnchorPoint=".5" BAnchorOffset="11" RelativeToClient="1" Font="CRB_InterfaceMedium" Text="" Template="Default" Name="ShareQuestNotice" Border="0" Picture="0" SwallowMouseClicks="1" Moveable="1" Escapable="1" Overlapped="1" BGColor="ffffffff" TextColor="ffffffff" NoClip="1" TooltipColor="" Tooltip="">
        <Control Class="Window" LAnchorPoint="0" LAnchorOffset="13" TAnchorPoint="0" TAnchorOffset="5" RAnchorPoint="1" RAnchorOffset="-13" BAnchorPoint="1" BAnchorOffset="-4" RelativeToClient="1" Font="CRB_InterfaceLarge" Text="" Template="" Name="Hologram" BGColor="ffffffff" TextColor="ff4dffff" Border="1" UseTemplateBG="0" Sprite="BK3:UI_BK3_Holo_Framing_1" Picture="1" DT_CENTER="1" DT_VCENTER="0" DT_WORDBREAK="1" DT_SINGLELINE="0" DT_BOTTOM="0" DT_RIGHT="0" TooltipColor="" IgnoreMouse="1">
            <Control Class="Button" Base="BK3:btnHolo_Blue_Med" Font="CRB_Button" ButtonType="PushButton" RadioGroup="" LAnchorPoint="0" LAnchorOffset="89" TAnchorPoint="1" TAnchorOffset="-110" RAnchorPoint=".5" RAnchorOffset="-5" BAnchorPoint="1" BAnchorOffset="-38" DT_VCENTER="1" DT_CENTER="1" Name="AcceptBtn" BGColor="ffffffff" TextColor="ff4dffff" NormalTextColor="UI_BtnTextBlueNormal" PressedTextColor="UI_BtnTextBluePressed" FlybyTextColor="UI_BtnTextBlueFlyby" PressedFlybyTextColor="UI_BtnTextBluePressedFlyby" WindowSoundTemplate="PushbuttonDigi02" TextId="CRB_Accept" TooltipColor="" DisabledTextColor="UI_BtnTextRedDisabled">
                <Event Name="ButtonSignal" Function="OnShareAccept"/>
            </Control>
            <Control Class="Button" Base="BK3:btnHolo_Red_Med" Font="CRB_Button" ButtonType="PushButton" RadioGroup="" LAnchorPoint=".5" LAnchorOffset="5" TAnchorPoint="1" TAnchorOffset="-110" RAnchorPoint="0" RAnchorOffset="349" BAnchorPoint="1" BAnchorOffset="-38" DT_VCENTER="1" DT_CENTER="1" Name="CancelBtn" BGColor="ffffffff" TextColor="ff4dffff" NormalTextColor="UI_BtnTextRedNormal" PressedTextColor="UI_BtnTextRedPressed" FlybyTextColor="UI_BtnTextRedFlyby" PressedFlybyTextColor="UI_BtnTextRedPressedFlyby" WindowSoundTemplate="PushbuttonDigi03" TextId="CRB_Cancel" TooltipColor="" DisabledTextColor="UI_BtnTextRedDisabled">
                <Event Name="ButtonSignal" Function="OnShareCancel"/>
            </Control>
            <Control Class="Window" LAnchorPoint=".5" LAnchorOffset="-167" TAnchorPoint="0" TAnchorOffset="42" RAnchorPoint=".5" RAnchorOffset="167" BAnchorPoint="0" BAnchorOffset="123" RelativeToClient="1" Font="CRB_InterfaceLarge_B" Template="Default" Name="NoticeText" BGColor="ffffffff" TextColor="ff4dffff" DT_CENTER="1" DT_VCENTER="1" DT_WORDBREAK="1" TextId="ZoneCompletion_Current" TooltipColor="" Text=""/>
        </Control>
        <Control Class="Button" Base="CRB_UIKitSprites:btn_closeSmall" Font="CRB_InterfaceMedium" ButtonType="PushButton" RadioGroup="" LAnchorPoint="0" LAnchorOffset="414" TAnchorPoint="0" TAnchorOffset="-23" RAnchorPoint="0" RAnchorOffset="438" BAnchorPoint="0" BAnchorOffset="2" DT_VCENTER="1" DT_CENTER="1" Name="CloseBtn" BGColor="ffffffff" TextColor="ffffffff" NoClip="0" WindowSoundTemplate="CloseWindowPhys" TooltipColor="" NormalTextColor="ffffffff" PressedTextColor="ffffffff" FlybyTextColor="ffffffff" PressedFlybyTextColor="ffffffff" DisabledTextColor="ffffffff">
            <Event Name="ButtonSignal" Function="OnShareCancel"/>
        </Control>
    </Form>
    <Form Class="Window" LAnchorPoint="0" LAnchorOffset="0" TAnchorPoint="1" TAnchorOffset="-16" RAnchorPoint="1" RAnchorOffset="0" BAnchorPoint="1" BAnchorOffset="0" RelativeToClient="1" Font="Default" Text="" Template="Default" Name="QuestProgressItem" BGColor="ffffffff" TextColor="ffffffff" TooltipColor="" Tooltip="">
        <Control Class="ProgressBar" Text="" LAnchorPoint="0" LAnchorOffset="11" TAnchorPoint="0" TAnchorOffset="-11" RAnchorPoint="1" RAnchorOffset="0" BAnchorPoint="0" BAnchorOffset="6" AutoSetText="0" UseValues="0" RelativeToClient="1" SetTextToProgress="0" ProgressFull="CRB_UIKitSprites:spr_progressbarSLIM_BlueFill" Name="QuestProgressBar" BGColor="ffffffff" TextColor="ffffffff" ProgressEdgeGlow="CRB_UIKitSprites:spr_progressbarSLIM_BlueCap" EdgeGlow="0" IgnoreMouse="1" TooltipColor="" BarColor="" NoClipEdgeGlow="0" Sprite="" Picture="0" NoClip="1" Tooltip=""/>
        <Pixie LAnchorPoint="0" LAnchorOffset="15" TAnchorPoint="0" TAnchorOffset="-5" RAnchorPoint="1" RAnchorOffset="-5" BAnchorPoint="0" BAnchorOffset="5" BGColor="ffffffff" Font="Default" TextColor="ffffffff" Text="" Sprite="CRB_UIKitSprites:spr_progressbarSLIM" Line="0"/>
    </Form>
</Forms>
