<?xml version="1.0" encoding="UTF-8" standalone="yes" ?>
<Forms>
    <Form Class="Window" LAnchorPoint="0" LAnchorOffset="0" TAnchorPoint="0" TAnchorOffset="0" RAnchorPoint="1" RAnchorOffset="0" BAnchorPoint="1" BAnchorOffset="0" RelativeToClient="1" Font="Default" Text="" Name="RuneSetsForm" Moveable="0" Escapable="0" Overlapped="1" BGColor="ffffffff" TextColor="ffffffff" TextId="" TooltipColor="" Tooltip="" Picture="1" Sprite="">
        <Control Class="Window" LAnchorPoint="0" LAnchorOffset="0" TAnchorPoint="0" TAnchorOffset="0" RAnchorPoint="1" RAnchorOffset="0" BAnchorPoint="1" BAnchorOffset="0" RelativeToClient="1" Font="Default" Text="" BGColor="UI_WindowBGDefault" TextColor="UI_WindowTextDefault" Template="Default" TooltipType="OnCursor" Name="HoloFraming" TooltipColor="" Sprite="BK3:UI_BK3_Holo_InsetHeader" Border="0" IgnoreMouse="1" Picture="1">
            <Control Class="Window" LAnchorPoint="0" LAnchorOffset="0" TAnchorPoint="0" TAnchorOffset="0" RAnchorPoint="1" RAnchorOffset="0" BAnchorPoint="0" BAnchorOffset="37" RelativeToClient="1" Font="CRB_HeaderTiny" Text="" BGColor="UI_WindowBGDefault" TextColor="white" Template="Default" TooltipType="OnCursor" Name="SetBonusText" TooltipColor="" TextId="EngravingStation_SetBonusTitle" DT_CENTER="1" DT_VCENTER="1"/>
        </Control>
        <Control Class="Window" LAnchorPoint="0" LAnchorOffset="5" TAnchorPoint="0" TAnchorOffset="43" RAnchorPoint="1" RAnchorOffset="-5" BAnchorPoint="1" BAnchorOffset="0" RelativeToClient="1" Font="Default" Text="" Template="Default" TooltipType="OnCursor" Name="SetsMain" BGColor="ffffffff" TextColor="ffffffff" TooltipColor="" Picture="1" IgnoreMouse="1" Sprite="">
            <Control Class="Window" LAnchorPoint="0" LAnchorOffset="0" TAnchorPoint="0" TAnchorOffset="7" RAnchorPoint="1 " RAnchorOffset="0" BAnchorPoint="1" BAnchorOffset="-5" RelativeToClient="1" Font="Default" Text="" Template="CRB_Scroll_HoloSmall" TooltipType="OnCursor" Name="SetsListContainer" BGColor="ffffffff" TextColor="ffffffff" TooltipColor="" VScroll="1" IgnoreMouse="1" AutoHideScroll="0" Border="1" UseTemplateBG="1">
                <Control Class="MLWindow" LAnchorPoint="0" LAnchorOffset="16" TAnchorPoint="0" TAnchorOffset="0" RAnchorPoint="1" RAnchorOffset="0" BAnchorPoint="0" BAnchorOffset="0" RelativeToClient="1" Font="CRB_InterfaceSmall" Text="" Template="Default" TooltipType="OnCursor" Name="SetsListNormalText" BGColor="ffffffff" TextColor="UI_TextHoloBodyHighlight" TooltipColor="" TextId="" DT_CENTER="0" DT_WORDBREAK="1" IgnoreMouse="1"/>
                <Pixie LAnchorPoint="0" LAnchorOffset="0" TAnchorPoint="0" TAnchorOffset="0" RAnchorPoint="1" RAnchorOffset="0" BAnchorPoint="1" BAnchorOffset="0" Sprite="BK3:UI_BK3_Holo_InsetSimple" BGColor="white" TextColor="black" Rotation="0" Font="Default"/>
            </Control>
            <Control Class="Window" LAnchorPoint="0" LAnchorOffset="27" TAnchorPoint="0" TAnchorOffset="70" RAnchorPoint="1" RAnchorOffset="-33" BAnchorPoint="1" BAnchorOffset="-222" RelativeToClient="1" Font="CRB_InterfaceSmall" Text="" Template="Default" TooltipType="OnCursor" Name="SetsListEmptyText" BGColor="ffffffff" TextColor="UI_TextHoloBody" TooltipColor="" TextId="EngravingStation_NoSetRunes" DT_CENTER="1" DT_WORDBREAK="1" HideInEditor="0"/>
        </Control>
        <Event Name="WindowClosed" Function="OnSetsClose"/>
    </Form>
</Forms>
nMaxPower))

		local tBonuses = tSetInfo.arBonuses
		table.sort(tBonuses, function(a,b) return a.nPower < b.nPower end)

		for idx3, tBonusInfo in pairs(tBonuses) do
			-- tBonusInfo.active, tBonusInfo.power, tBonusInfo.spell:GetFlavor()
			local strLocalColor = tBonusInfo.bIsActive and "ItemQuality_Good" or "UI_TextHoloBody"
			strLocalSetText = string.format("%s<P Font=\"CRB_InterfaceMedium\" TextColor=\"%s\">%s</P><P TextColor=\"0\">.</P>", strLocalSetText, strLocalColor,
			String_GetWeaselString(Apollo.GetString("EngravingStation_BonusInfo"), tBonusInfo.nPower, tBonusInfo.splBonus:GetFlavor()))
		end

