<Forms>
    <Form Class="Window" LAnchorPoint="0" LAnchorOffset="0" TAnchorPoint="1" TAnchorOffset="-64" RAnchorPoint="1" RAnchorOffset="0" BAnchorPoint="1" BAnchorOffset="3" RelativeToClient="1" Font="Default" Text="" Template="Default" Name="BaseBarForm" Border="0" Picture="0" Moveable="0" Escapable="0" Overlapped="1" BGColor="ffffffff" TextColor="ffffffff" NeverBringToFront="1" DoNotBlockTooltip="1" IgnoreMouse="1" TooltipColor="" Tooltip="">
        <Control Class="Window" LAnchorPoint="0" LAnchorOffset="-61" TAnchorPoint="1" TAnchorOffset="-21" RAnchorPoint="1" RAnchorOffset="7" BAnchorPoint="1" BAnchorOffset="0" RelativeToClient="1" Font="Default" Text="" Template="Default" Name="XPBarBase" BGColor="ffffffff" TextColor="ffffffff" Picture="1" Sprite="CRB_BaseBarSprites:sprHUD_XPBacker" LeftEdgeControlsAnchor="" RightEdgeControlsAnchor="" TooltipColor="" Tooltip="">
            <Control Class="Window" LAnchorPoint="0.5" LAnchorOffset="-313" TAnchorPoint="1" TAnchorOffset="-16" RAnchorPoint="0.5" RAnchorOffset="322" BAnchorPoint="1" BAnchorOffset="0" RelativeToClient="1" Font="Default" Text="" Template="Default" TooltipType="OnCursor" Name="XPBarContainer" BGColor="ffffffff" TextColor="ffffffff" TooltipColor="" Picture="0" IgnoreMouse="1" Sprite="CRB_BaseBarSprites:sprHUD_XPFillTemp">
                <Control Class="ProgressBar" LAnchorPoint="0" LAnchorOffset="0" TAnchorPoint="0" TAnchorOffset="0" RAnchorPoint="1" RAnchorOffset="0" BAnchorPoint="1" BAnchorOffset="0" RelativeToClient="1" Font="Default" Text="" Template="Default" Name="RestXPBarFill" BGColor="ffffffff" TextColor="ffffffff" NewControlDepth="3" ProgressFull="CRB_BaseBarSprites:sprHUD_XPFillTempOver" Tooltip="" TooltipId="CRB_BaseBar_XPBar" TooltipType="OnCursor" IgnoreMouse="1" TooltipColor="" ProgressEdgeGlow="" EdgeGlow="1" NoClipEdgeGlow="1" BarColor="" Visible="0" HideInEditor="0" TickOn=""/>
                <Control Class="ProgressBar" LAnchorPoint="0" LAnchorOffset="0" TAnchorPoint="0" TAnchorOffset="0" RAnchorPoint="1" RAnchorOffset="0" BAnchorPoint="1" BAnchorOffset="0" RelativeToClient="1" Font="Default" Text="" Template="Default" Name="XPBarFill" BGColor="ffffffff" TextColor="ffffffff" NewControlDepth="5" ProgressFull="sprHUD_XPFillTemp2" TooltipType="OnCursor" Tooltip="" TooltipId="CRB_BaseBar_XPBar" IgnoreMouse="1" TooltipColor="" ProgressEdgeGlow="" EdgeGlow="1" NoClipEdgeGlow="0" BarColor="" IgnoreTooltipDelay="1"/>
                <Control Class="ProgressBar" LAnchorPoint="0" LAnchorOffset="0" TAnchorPoint="0" TAnchorOffset="0" RAnchorPoint="1" RAnchorOffset="0" BAnchorPoint="1" BAnchorOffset="0" RelativeToClient="1" Font="Default" Text="" Template="Default" Name="RestXPBarGoal" BGColor="ffffffff" TextColor="ffffffff" NewControlDepth="3" ProgressFull="" Tooltip="" TooltipId="CRB_BaseBar_XPBar" TooltipType="OnCursor" IgnoreMouse="1" TooltipColor="" ProgressEdgeGlow="CRB_Basekit:kitDivider_Vert_MetalGold" EdgeGlow="1" NoClipEdgeGlow="1" BarColor="" Visible="0" HideInEditor="0" TickOn=""/>
            </Control>
        </Control>
        <Control Class="Window" LAnchorPoint="0" LAnchorOffset="354" TAnchorPoint="1" TAnchorOffset="-15" RAnchorPoint="1" RAnchorOffset="-412" BAnchorPoint="1" BAnchorOffset="0" RelativeToClient="1" Font="Default" Text="" Template="Default" Name="XPBarShine" BGColor="aaffffff" TextColor="ffffffff" NewControlDepth="6" Picture="1" IgnoreMouse="1" Sprite="" TooltipColor="" Tooltip=""/>
        <Control Class="Window" LAnchorPoint="0" LAnchorOffset="0" TAnchorPoint="1" TAnchorOffset="-44" RAnchorPoint="0" RAnchorOffset="320" BAnchorPoint="1" BAnchorOffset="-2" RelativeToClient="1" Font="Default" Text="" Template="Default" Name="PlayerBase" BGColor="ffffffff" TextColor="ffffffff" Picture="1" Sprite="CRB_BaseBarSprites:sprHUD_PlayerBase" NewControlDepth="2" NewWindowDepth="1" LeftEdgeControlsAnchor="" TopEdgeControlsAnchor="" RightEdgeControlsAnchor="" BottomEdgeControlsAnchor="" TooltipColor="">
            <Control Class="Window" LAnchorPoint="0" LAnchorOffset="0" TAnchorPoint="0" TAnchorOffset="0" RAnchorPoint="1" RAnchorOffset="0" BAnchorPoint="1" BAnchorOffset="0" RelativeToClient="1" Font="Default" Text="" Template="Default" Name="PlayerFrameMenu" BGColor="ffffffff" TextColor="ffffffff" TooltipColor=""/>
            <Control Class="Button" Base="CRB_BaseBarSprites:btnHUD_CombatIndicatorFrame" Font="Thick" ButtonType="PushButton" RadioGroup="" LAnchorPoint="0" LAnchorOffset="10" TAnchorPoint="0" TAnchorOffset="23" RAnchorPoint="1" RAnchorOffset="-87" BAnchorPoint="1" BAnchorOffset="1" DT_VCENTER="1" DT_CENTER="1" Name="CombatIndicatorFrameBtn" BGColor="ffffffff" TextColor="ffffffff" NormalTextColor="ffffffff" PressedTextColor="ffffffff" FlybyTextColor="ffffffff" PressedFlybyTextColor="ffffffff" DisabledTextColor="ffffffff" Visible="0" TooltipColor="">
                <Event Name="ButtonSignal" Function="OnPlayerFrameMouseClick"/>
            </Control>
            <Control Class="Button" Base="CRB_BaseBarSprites:btnHUD_CombatIndicatorCircle" Font="Thick" ButtonType="PushButton" RadioGroup="" LAnchorPoint="1" LAnchorOffset="-70" TAnchorPoint="0" TAnchorOffset="11" RAnchorPoint="1" RAnchorOffset="-38" BAnchorPoint="0" BAnchorOffset="43" DT_VCENTER="1" DT_CENTER="1" Name="CombatIndicatorCircleBtn" BGColor="ffffffff" TextColor="ffffffff" NormalTextColor="ffffffff" PressedTextColor="ffffffff" FlybyTextColor="ffffffff" PressedFlybyTextColor="ffffffff" DisabledTextColor="ffffffff" Visible="0" HideInEditor="1" TooltipColor="">
                <Event Name="ButtonSignal" Function="OnPlayerFrameMouseClick"/>
            </Control>
            <Control Class="Window" LAnchorPoint="0" LAnchorOffset="34" TAnchorPoint="0" TAnchorOffset="23" RAnchorPoint="0" RAnchorOffset="220" BAnchorPoint="0" BAnchorOffset="40" RelativeToClient="1" Font="CRB_InterfaceMedium" Text="" Template="Default" Name="PlayerName" BGColor="ffffffff" TextColor="ffc0c0c0" DT_VCENTER="1" NewControlDepth="15" TextId="" NewWindowDepth="1" TooltipColor=""/>
            <Control Class="Window" LAnchorPoint="1" LAnchorOffset="-70" TAnchorPoint="0" TAnchorOffset="15" RAnchorPoint="1" RAnchorOffset="-42" BAnchorPoint="0" BAnchorOffset="36" RelativeToClient="1" Font="CRB_InterfaceLarge_O" Text="" Template="Default" Name="LevelNumber" BGColor="ffffffff" TextColor="ffff5353" DT_VCENTER="1" DT_CENTER="1" Tooltip="" TooltipId="CRB_BaseBar_Level" TextId="" TooltipType="OnCursor" NewWindowDepth="1" TooltipColor="" NewControlDepth="15"/>
            <Event Name="MenuSelection_LeaveGroup" Function="OnLeaveGroup"/>
            <Event Name="MenuSelection_LootThreshInferior" Function="OnLootThresh"/>
            <Event Name="MenuSelection_LootThreshAverage" Function="OnLootThresh"/>
            <Event Name="MenuSelection_LootThreshGood" Function="OnLootThresh"/>
            <Event Name="MenuSelection_LootThreshExcellent" Function="OnLootThresh"/>
            <Event Name="MenuSelection_LootThreshSuperb" Function="OnLootThresh"/>
            <Event Name="MenuSelection_LootThreshExquisite" Function="OnLootThresh"/>
            <Event Name="MenuSelection_LootThreshPhenomenal" Function="OnLootThresh"/>
            <Event Name="MenuSelection_LootThreshExtraordinary" Function="OnLootThresh"/>
            <Event Name="MenuSelection_LootThreshLegendary" Function="OnLootThresh"/>
            <Event Name="MenuSelection_LootDistributionMaster" Function="OnLootType"/>
            <Event Name="MenuSelection_LootDistributionGroup" Function="OnLootType"/>
            <Event Name="MenuSelection_LootDistributionNBG" Function="OnLootType"/>
            <Event Name="MenuSelection_LootDistributionFFA" Function="OnLootType"/>
            <Event Name="MenuSelection_ThreshLootDistributionMaster" Function="OnThreshLootType"/>
            <Event Name="MenuSelection_ThreshLootDistributionGroup" Function="OnThreshLootType"/>
            <Event Name="MenuSelection_ThreshLootDistributionNBG" Function="OnThreshLootType"/>
            <Event Name="MenuSelection_ThreshLootDistributionFFA" Function="OnThreshLootType"/>
            <Control Class="Window" LAnchorPoint="0" LAnchorOffset="240" TAnchorPoint="0" TAnchorOffset="1" RAnchorPoint="0" RAnchorOffset="290" BAnchorPoint="1" BAnchorOffset="11" RelativeToClient="1" Font="Default" Text="" Template="Default" TooltipType="OnCursor" Name="PvPFlag" BGColor="ffffffff" TextColor="ffffffff" TooltipColor="" Visible="0" TooltipFont="CRB_InterfaceMedium" Tooltip="" TooltipId="" HideInEditor="1">
                <Control Class="Window" LAnchorPoint="0" LAnchorOffset="0" TAnchorPoint="0" TAnchorOffset="0" RAnchorPoint="1" RAnchorOffset="0" BAnchorPoint="1" BAnchorOffset="0" RelativeToClient="1" Font="Default" Text="" Template="Default" TooltipType="OnCursor" Name="PvP_BigRing" BGColor="ffffffff" TextColor="ffffffff" TooltipColor="" Picture="1" IgnoreMouse="1" Sprite="CRB_ActionBarFrameSprites:sprResourceBar_InterruptCircleRed"/>
            </Control>
        </Control>
        <Control Class="Window" LAnchorPoint="0" LAnchorOffset="302" TAnchorPoint="0" TAnchorOffset="52" RAnchorPoint="0" RAnchorOffset="450" BAnchorPoint="0" BAnchorOffset="63" RelativeToClient="1" Font="CRB_InterfaceSmall" Text="" Template="Default" Name="XPText" BGColor="ffffffff" TextColor="ff32fcf6" DT_VCENTER="1" DT_RIGHT="0" DT_CENTER="0" TextId="" Visible="1" LeftEdgeControlsAnchor="" TopEdgeControlsAnchor="" RightEdgeControlsAnchor="" BottomEdgeControlsAnchor="" TooltipType="OnCursor" TooltipColor="" IgnoreMouse="1" IgnoreTooltipDelay="1"/>
    </Form>
</Forms>
