<?xml version="1.0" encoding="UTF-8" standalone="yes" ?>
<Forms>
    <Form Class="Window" LAnchorPoint="0" LAnchorOffset="0" TAnchorPoint="0" TAnchorOffset="0" RAnchorPoint="0" RAnchorOffset="800" BAnchorPoint="0" BAnchorOffset="530" RelativeToClient="1" Font="Default" Text="" Template="Holo_Background_General" Name="TradeskillTalentsForm" Border="0" Picture="1" SwallowMouseClicks="1" Moveable="0" Escapable="0" Overlapped="1" BGColor="ffffffff" TextColor="ffffffff" TextId="" TooltipColor="" IgnoreMouse="1" Sprite="" Tooltip="" UseTemplateBG="1">
        <Control Class="Window" LAnchorPoint="0" LAnchorOffset="0" TAnchorPoint="0" TAnchorOffset="25" RAnchorPoint="0" RAnchorOffset="272" BAnchorPoint="1" BAnchorOffset="0" RelativeToClient="1" Font="Default" Text="" Template="Default" TooltipType="OnCursor" Name="LeftSide" BGColor="ffffffff" TextColor="ffffffff" TooltipColor="" Picture="1" IgnoreMouse="1" Sprite="" Tooltip="">
            <Control Class="Window" LAnchorPoint="0" LAnchorOffset="15" TAnchorPoint="0" TAnchorOffset="15" RAnchorPoint="1" RAnchorOffset="-15" BAnchorPoint="0" BAnchorOffset="45" RelativeToClient="1" Font="CRB_HeaderTiny" Text="" Template="Default" TooltipType="OnCursor" Name="HeaderTitle" BGColor="ffffffff" TextColor="UI_TextHoloTitle" TooltipColor="" TextId="" DT_CENTER="1" DT_VCENTER="1" DT_WORDBREAK="1" Tooltip=""/>
            <Control Class="Window" LAnchorPoint="0" LAnchorOffset="11" TAnchorPoint="0" TAnchorOffset="46" RAnchorPoint="1" RAnchorOffset="-11" BAnchorPoint="1" BAnchorOffset="-11" RelativeToClient="1" Font="Default" Text="" Template="Holo_ScrollListSmall" TooltipType="OnCursor" Name="TierItemContainer" BGColor="ffffffff" TextColor="ffffffff" TooltipColor="" VScroll="1" IgnoreMouse="1" AutoHideScroll="0"/>
            <Control Class="Window" LAnchorPoint="1" LAnchorOffset="-60" TAnchorPoint="1" TAnchorOffset="-47" RAnchorPoint="1" RAnchorOffset="-28" BAnchorPoint="1" BAnchorOffset="-15" RelativeToClient="1" Font="Default" Text="" Template="Default" TooltipType="OnCursor" Name="ResetPoints" BGColor="ffffffff" TextColor="ffffffff" TooltipColor="" Picture="1" IgnoreMouse="1" Sprite="" TooltipFont="CRB_InterfaceSmall_O" Tooltip="" TooltipId="" IgnoreTooltipDelay="0" NewControlDepth="2" Visible="0">
                <Control Class="Window" LAnchorPoint="0" LAnchorOffset="0" TAnchorPoint="0" TAnchorOffset="0" RAnchorPoint="1" RAnchorOffset="0" BAnchorPoint="1" BAnchorOffset="0" RelativeToClient="1" Font="Default" Text="" Template="Default" TooltipType="OnCursor" Name="ResetPointsArtHack" BGColor="ffffffff" TextColor="ffffffff" TooltipColor="" Tooltip="">
                    <Control Class="Button" Base="CRB_Basekit:kitBtn_Metal_Icon_InsetTrash" Font="Thick" ButtonType="Check" RadioGroup="" LAnchorPoint="0" LAnchorOffset="0" TAnchorPoint="0" TAnchorOffset="0" RAnchorPoint="1" RAnchorOffset="0" BAnchorPoint="1" BAnchorOffset="0" DT_VCENTER="1" DT_CENTER="1" TooltipType="OnCursor" Name="ResetPointsBtn" BGColor="ffffffff" TextColor="ffffffff" TooltipColor="" NormalTextColor="ffffffff" PressedTextColor="ffffffff" FlybyTextColor="ffffffff" PressedFlybyTextColor="ffffffff" DisabledTextColor="ffffffff" Tooltip="" IgnoreTooltipDelay="1" RelativeToClient="1" TooltipId="Tradeskills_ResetTalents" TooltipFont="CRB_InterfaceSmall_O" GlobalRadioGroup="TradeskillTalents_ResetPointsBtn_GlobalRadioGroup" Text="">
                        <Event Name="ButtonSignal" Function="OnResetPointsBtn"/>
                    </Control>
                </Control>
                <Control Class="Window" LAnchorPoint="0" LAnchorOffset="-109" TAnchorPoint="0" TAnchorOffset="-157" RAnchorPoint="0" RAnchorOffset="141" BAnchorPoint="0" BAnchorOffset="-17" RelativeToClient="1" Font="Default" Text="" Template="Default" TooltipType="OnCursor" Name="ResetPointsConfirmBubble" BGColor="ffffffff" TextColor="ffffffff" TooltipColor="" Picture="1" IgnoreMouse="1" Sprite="" NoClip="1" CloseOnExternalClick="1" Visible="0" HideInEditor="0" NewControlDepth="2" NewWindowDepth="1">
                    <Control Class="Window" LAnchorPoint="0" LAnchorOffset="-20" TAnchorPoint="0" TAnchorOffset="-20" RAnchorPoint="1" RAnchorOffset="20" BAnchorPoint="1" BAnchorOffset="41" RelativeToClient="1" Font="Default" Text="" BGColor="UI_WindowBGDefault" TextColor="UI_WindowTextDefault" Template="Default" TooltipType="OnCursor" Name="HoloBG" TooltipColor="" Sprite="BK3:sprHolo_Alert_Flyout" Picture="1" IgnoreMouse="1" NoClip="1"/>
                    <Control Class="CashWindow" LAnchorPoint="0" LAnchorOffset="64" TAnchorPoint="0" TAnchorOffset="50" RAnchorPoint="1" RAnchorOffset="19" BAnchorPoint="0" BAnchorOffset="65" TooltipType="OnCursor" RelativeToClient="1" Font="CRB_InterfaceSmall" Text="" Template="Default" BGColor="ffffffff" TextColor="ffffffff" Name="ResetPointsCostCashWindow" TooltipColor="" SkipZeroes="0" Visible="1" HideInEditor="0" TooltipFont="CRB_InterfaceSmall_O" Tooltip="" TooltipId="Tradeskills_CraftingVoucherDetails"/>
                    <Control Class="CashWindow" LAnchorPoint="0" LAnchorOffset="87" TAnchorPoint="0" TAnchorOffset="71" RAnchorPoint="1" RAnchorOffset="19" BAnchorPoint="0" BAnchorOffset="86" TooltipType="OnCursor" RelativeToClient="1" Font="CRB_InterfaceSmall" Text="" Template="Default" BGColor="ffffffff" TextColor="ffffffff" DT_RIGHT="0" Name="ResetPointsHaveCashWindow" TooltipColor="" SkipZeroes="0" Visible="1" HideInEditor="0" TooltipFont="CRB_InterfaceSmall_O" Tooltip="" TooltipId="Tradeskills_CraftingVoucherDetails"/>
                    <Control Class="Button" Base="BK3:btnHolo_Blue_Small" Font="CRB_Button" ButtonType="PushButton" RadioGroup="" LAnchorPoint="0" LAnchorOffset="21" TAnchorPoint="1" TAnchorOffset="-46" RAnchorPoint="0" RAnchorOffset="121" BAnchorPoint="1" BAnchorOffset="7" DT_VCENTER="1" DT_CENTER="1" TooltipType="OnCursor" Name="ResetPointsConfirmYes" BGColor="ffffffff" TextColor="ffffffff" TooltipColor="" NormalTextColor="UI_BtnTextBlueNormal" PressedTextColor="UI_BtnTextBluePressed" FlybyTextColor="UI_BtnTextBlueFlyby" PressedFlybyTextColor="UI_BtnTextBluePressedFlyby" DisabledTextColor="UI_BtnTextBlueDisabled" Text="" TextId="CRB_Yes">
                        <Event Name="ButtonSignal" Function="OnResetPointsConfirmYes"/>
                    </Control>
                    <Control Class="Button" Base="BK3:btnHolo_Red_Small" Font="CRB_Button" ButtonType="PushButton" RadioGroup="" LAnchorPoint="1" LAnchorOffset="-123" TAnchorPoint="1" TAnchorOffset="-45" RAnchorPoint="1" RAnchorOffset="-23" BAnchorPoint="1" BAnchorOffset="7" DT_VCENTER="1" DT_CENTER="1" TooltipType="OnCursor" Name="ResetPointsConfirmNo" BGColor="ffffffff" TextColor="ffffffff" TooltipColor="" NormalTextColor="UI_BtnTextRedNormal" PressedTextColor="UI_BtnTextRedPressed" FlybyTextColor="UI_BtnTextRedFlyby" PressedFlybyTextColor="UI_BtnTextRedPressedFlyby" DisabledTextColor="UI_BtnTextRedDisabled" Text="" TextId="CRB_No">
                        <Event Name="ButtonSignal" Function="OnResetPointsConfirmNo"/>
                    </Control>
                    <Control Class="Window" LAnchorPoint="0" LAnchorOffset="28" TAnchorPoint="0" TAnchorOffset="50" RAnchorPoint="0" RAnchorOffset="68" BAnchorPoint="0" BAnchorOffset="70" RelativeToClient="1" Font="CRB_InterfaceSmall" Text="" BGColor="UI_WindowBGDefault" TextColor="UI_TextHoloBodyHighlight" Template="Default" TooltipType="OnCursor" Name="CostText" TooltipColor="" TextId="CRB_Cost"/>
                    <Control Class="Window" LAnchorPoint="0" LAnchorOffset="28" TAnchorPoint="0" TAnchorOffset="72" RAnchorPoint="0" RAnchorOffset="90" BAnchorPoint="0" BAnchorOffset="92" RelativeToClient="1" Font="CRB_InterfaceSmall" Text="You Have:" BGColor="UI_WindowBGDefault" TextColor="UI_TextHoloBodyHighlight" Template="Default" TooltipType="OnCursor" Name="YouHaveText" TooltipColor="" TextId=""/>
                    <Control Class="Window" LAnchorPoint="0" LAnchorOffset="50" TAnchorPoint="0" TAnchorOffset="22" RAnchorPoint="1" RAnchorOffset="-50" BAnchorPoint="0" BAnchorOffset="42" RelativeToClient="1" Font="CRB_InterfaceSmall" Text="" BGColor="UI_WindowBGDefault" TextColor="UI_WindowTitleYellow" Template="Default" TooltipType="OnCursor" Name="ResetText" TooltipColor="" TextId="Tradeskills_ResetConfirmText" DT_CENTER="1" DT_VCENTER="1"/>
                </Control>
            </Control>
            <Pixie LAnchorPoint="0" LAnchorOffset="11" TAnchorPoint="0" TAnchorOffset="45" RAnchorPoint="1" RAnchorOffset="-11" BAnchorPoint="1" BAnchorOffset="-11" BGColor="66ffffff" Font="Default" TextColor="ffffffff" Text="" Sprite="PlayerPathContent_TEMP:spr_TEMP_TradeskillTalents2" Line="0"/>
            <Pixie LAnchorPoint="0" LAnchorOffset="10" TAnchorPoint="0" TAnchorOffset="10" RAnchorPoint="1" RAnchorOffset="-10" BAnchorPoint="1" BAnchorOffset="-10" BGColor="ffffffff" Font="Default" TextColor="ffffffff" Text="" Sprite="BK3:UI_BK3_Holo_InsetHeaderThin" Line="0"/>
            <Control Class="Window" LAnchorPoint="0" LAnchorOffset="15" TAnchorPoint="0" TAnchorOffset="20" RAnchorPoint="1" RAnchorOffset="-15" BAnchorPoint="0" BAnchorOffset="76" RelativeToClient="1" Font="CRB_HeaderTiny" Text="" BGColor="UI_WindowBGDefault" TextColor="UI_TextHoloTitle" Template="Default" TooltipType="OnCursor" Name="HarvestingMessage" TooltipColor="" TextId="Challenges_NoProgress" DT_CENTER="1" Visible="0">
                <Control Class="Window" LAnchorPoint="0" LAnchorOffset="0" TAnchorPoint="1" TAnchorOffset="-30" RAnchorPoint="1" RAnchorOffset="0" BAnchorPoint="1" BAnchorOffset="0" RelativeToClient="1" Font="CRB_InterfaceMedium_BO" Text="" BGColor="UI_WindowBGDefault" TextColor="UI_WindowTextDefault" Template="Default" TooltipType="OnCursor" Name="HarvestingXP" TooltipColor="" DT_CENTER="1" DT_VCENTER="1" TextId="Challenges_NoProgress"/>
            </Control>
        </Control>
        <Control Class="Window" LAnchorPoint="0.5" LAnchorOffset="-136" TAnchorPoint="0" TAnchorOffset="25" RAnchorPoint="0.5" RAnchorOffset="136" BAnchorPoint="1" BAnchorOffset="0" RelativeToClient="1" Font="Default" Text="" Template="Default" TooltipType="OnCursor" Name="MiddleSide" BGColor="ffffffff" TextColor="ffffffff" TooltipColor="" Picture="1" IgnoreMouse="1" Sprite="">
            <Control Class="Window" LAnchorPoint="0" LAnchorOffset="12" TAnchorPoint="0" TAnchorOffset="45" RAnchorPoint="1" RAnchorOffset="-12" BAnchorPoint="1" BAnchorOffset="-12" RelativeToClient="1" Font="Default" Text="" Template="Default" TooltipType="OnCursor" Name="BGArtHack" BGColor="33ffffff" TextColor="ffffffff" TooltipColor="" Picture="1" IgnoreMouse="1" Sprite="">
                <Pixie LAnchorPoint="0" LAnchorOffset="0" TAnchorPoint="0" TAnchorOffset="0" RAnchorPoint="1" RAnchorOffset="6" BAnchorPoint="1" BAnchorOffset="0" BGColor="33aaaaaa" Font="Default" TextColor="ffffffff" Text="" Sprite="PlayerPathContent_TEMP:spr_TEMP_TradeskillTalents1" Line="0"/>
            </Control>
            <Control Class="Window" LAnchorPoint="0" LAnchorOffset="15" TAnchorPoint="0" TAnchorOffset="15" RAnchorPoint="1" RAnchorOffset="-15" BAnchorPoint="0" BAnchorOffset="45" RelativeToClient="1" Font="CRB_HeaderTiny" Text="" Template="Default" TooltipType="OnCursor" Name="HeaderTitle" BGColor="ffffffff" TextColor="UI_TextHoloTitle" TooltipColor="" TextId="" DT_CENTER="1" DT_VCENTER="1" DT_WORDBREAK="1"/>
            <Control Class="Window" LAnchorPoint="0" LAnchorOffset="11" TAnchorPoint="0" TAnchorOffset="46" RAnchorPoint="1" RAnchorOffset="-11" BAnchorPoint="1" BAnchorOffset="-11" RelativeToClient="1" Font="Default" Text="" Template="Holo_ScrollListSmall" TooltipType="OnCursor" Name="TierItemContainer" BGColor="ffffffff" TextColor="ffffffff" TooltipColor="" VScroll="1" IgnoreMouse="1" AutoHideScroll="0"/>
            <Control Class="Window" LAnchorPoint="1" LAnchorOffset="-60" TAnchorPoint="1" TAnchorOffset="-47" RAnchorPoint="1" RAnchorOffset="-28" BAnchorPoint="1" BAnchorOffset="-15" RelativeToClient="1" Font="Default" Text="" Template="Default" TooltipType="OnCursor" Name="ResetPoints" BGColor="ffffffff" TextColor="ffffffff" TooltipColor="" Picture="1" IgnoreMouse="1" Sprite="" TooltipFont="CRB_InterfaceSmall_O" Tooltip="" TooltipId="" IgnoreTooltipDelay="0" NewControlDepth="2" Visible="0" HideInEditor="0">
                <Control Class="Window" LAnchorPoint="0" LAnchorOffset="0" TAnchorPoint="0" TAnchorOffset="0" RAnchorPoint="1" RAnchorOffset="0" BAnchorPoint="1" BAnchorOffset="0" RelativeToClient="1" Font="Default" Text="" Template="Default" TooltipType="OnCursor" Name="ResetPointsArtHack" BGColor="ffffffff" TextColor="ffffffff" TooltipColor="">
                    <Control Class="Button" Base="CRB_Basekit:kitBtn_Metal_Icon_InsetTrash" Font="Thick" ButtonType="Check" RadioGroup="" LAnchorPoint="0" LAnchorOffset="0" TAnchorPoint="0" TAnchorOffset="0" RAnchorPoint="1" RAnchorOffset="0" BAnchorPoint="1" BAnchorOffset="0" DT_VCENTER="1" DT_CENTER="1" TooltipType="OnCursor" Name="ResetPointsBtn" BGColor="ffffffff" TextColor="ffffffff" TooltipColor="" NormalTextColor="ffffffff" PressedTextColor="ffffffff" FlybyTextColor="ffffffff" PressedFlybyTextColor="ffffffff" DisabledTextColor="ffffffff" Tooltip="" IgnoreTooltipDelay="1" RelativeToClient="1" TooltipId="Tradeskills_ResetTalents" TooltipFont="CRB_InterfaceSmall_O" GlobalRadioGroup="TradeskillTalents_ResetPointsBtn_GlobalRadioGroup">
                        <Event Name="ButtonSignal" Function="YourFunctionName"/>
                    </Control>
                </Control>
                <Control Class="Window" LAnchorPoint="0" LAnchorOffset="-108" TAnchorPoint="0" TAnchorOffset="-157" RAnchorPoint="0" RAnchorOffset="142" BAnchorPoint="0" BAnchorOffset="-17" RelativeToClient="1" Font="Default" Text="" Template="" TooltipType="OnCursor" Name="ResetPointsConfirmBubble" BGColor="ffffffff" TextColor="ffffffff" TooltipColor="" Picture="1" IgnoreMouse="1" Sprite="" NoClip="1" CloseOnExternalClick="1" Visible="0" HideInEditor="0" NewControlDepth="2" NewWindowDepth="1" Border="0" UseTemplateBG="0">
                    <Control Class="Window" LAnchorPoint="0" LAnchorOffset="-20" TAnchorPoint="0" TAnchorOffset="-20" RAnchorPoint="1" RAnchorOffset="20" BAnchorPoint="1" BAnchorOffset="41" RelativeToClient="1" Font="Default" Text="" BGColor="UI_WindowBGDefault" TextColor="UI_WindowTextDefault" Template="Default" TooltipType="OnCursor" Name="HoloBG" TooltipColor="" Sprite="BK3:sprHolo_Alert_Flyout" Picture="1" IgnoreMouse="1" NoClip="1"/>
                    <Control Class="CashWindow" LAnchorPoint="0" LAnchorOffset="63" TAnchorPoint="0" TAnchorOffset="50" RAnchorPoint="1" RAnchorOffset="18" BAnchorPoint="0" BAnchorOffset="65" TooltipType="OnCursor" RelativeToClient="1" Font="CRB_InterfaceSmall" Text="" Template="Default" BGColor="ffffffff" TextColor="ffffffff" DT_RIGHT="0" Name="ResetPointsCostCashWindow" TooltipColor="" SkipZeroes="0" Visible="1" HideInEditor="0" TooltipFont="CRB_InterfaceSmall_O" Tooltip="" TooltipId="Tradeskills_CraftingVoucherDetails"/>
                    <Control Class="CashWindow" LAnchorPoint="0" LAnchorOffset="88" TAnchorPoint="0" TAnchorOffset="71" RAnchorPoint="1" RAnchorOffset="20" BAnchorPoint="0" BAnchorOffset="86" TooltipType="OnCursor" RelativeToClient="1" Font="CRB_InterfaceSmall" Text="" Template="Default" BGColor="ffffffff" TextColor="ffffffff" DT_RIGHT="0" Name="ResetPointsHaveCashWindow" TooltipColor="" SkipZeroes="0" Visible="1" HideInEditor="0" TooltipFont="CRB_InterfaceSmall_O" Tooltip="" TooltipId="Tradeskills_CraftingVoucherDetails"/>
                    <Control Class="Button" Base="BK3:btnHolo_Blue_Small" Font="CRB_Button" ButtonType="PushButton" RadioGroup="" LAnchorPoint="0" LAnchorOffset="21" TAnchorPoint="1" TAnchorOffset="-46" RAnchorPoint="0" RAnchorOffset="121" BAnchorPoint="1" BAnchorOffset="7" DT_VCENTER="1" DT_CENTER="1" TooltipType="OnCursor" Name="ResetPointsConfirmYes" BGColor="ffffffff" TextColor="ffffffff" TooltipColor="" NormalTextColor="UI_BtnTextBlueNormal" PressedTextColor="UI_BtnTextBluePressed" FlybyTextColor="UI_BtnTextBlueFlyby" PressedFlybyTextColor="UI_BtnTextBluePressedFlyby" DisabledTextColor="UI_BtnTextBlueDisabled" Text="" TextId="CRB_Yes">
                        <Event Name="ButtonSignal" Function="OnResetPointsConfirmYes"/>
                    </Control>
                    <Control Class="Button" Base="BK3:btnHolo_Red_Small" Font="CRB_Button" ButtonType="PushButton" RadioGroup="" LAnchorPoint="1" LAnchorOffset="-124" TAnchorPoint="1" TAnchorOffset="-45" RAnchorPoint="1" RAnchorOffset="-23" BAnchorPoint="1" BAnchorOffset="7" DT_VCENTER="1" DT_CENTER="1" TooltipType="OnCursor" Name="ResetPointsConfirmNo" BGColor="ffffffff" TextColor="ffffffff" TooltipColor="" NormalTextColor="UI_BtnTextRedNormal" PressedTextColor="UI_BtnTextRedPressed" FlybyTextColor="UI_BtnTextRedFlyby" PressedFlybyTextColor="UI_BtnTextRedPressedFlyby" DisabledTextColor="UI_BtnTextRedDisabled" Text="" TextId="CRB_No">
                        <Event Name="ButtonSignal" Function="OnResetPointsConfirmNo"/>
                    </Control>
                    <Control Class="Window" LAnchorPoint="0" LAnchorOffset="28" TAnchorPoint="0" TAnchorOffset="50" RAnchorPoint="0" RAnchorOffset="68" BAnchorPoint="0" BAnchorOffset="70" RelativeToClient="1" Font="CRB_InterfaceSmall" Text="" BGColor="UI_WindowBGDefault" TextColor="UI_TextHoloBodyHighlight" Template="Default" TooltipType="OnCursor" Name="CostText" TooltipColor="" TextId="CRB_Cost"/>
                    <Control Class="Window" LAnchorPoint="0" LAnchorOffset="28" TAnchorPoint="0" TAnchorOffset="72" RAnchorPoint="0" RAnchorOffset="90" BAnchorPoint="0" BAnchorOffset="92" RelativeToClient="1" Font="CRB_InterfaceSmall" Text="You Have:" BGColor="UI_WindowBGDefault" TextColor="UI_TextHoloBodyHighlight" Template="Default" TooltipType="OnCursor" Name="YouHaveText" TooltipColor="" TextId=""/>
                    <Control Class="Window" LAnchorPoint="0" LAnchorOffset="50" TAnchorPoint="0" TAnchorOffset="22" RAnchorPoint="1" RAnchorOffset="-50" BAnchorPoint="0" BAnchorOffset="42" RelativeToClient="1" Font="CRB_InterfaceSmall" Text="" BGColor="UI_WindowBGDefault" TextColor="UI_WindowTitleYellow" Template="Default" TooltipType="OnCursor" Name="ResetText" TooltipColor="" TextId="Tradeskills_ResetConfirmText" DT_CENTER="1" DT_VCENTER="1"/>
                </Control>
            </Control>
            <Pixie LAnchorPoint="0" LAnchorOffset="10" TAnchorPoint="0" TAnchorOffset="10" RAnchorPoint="1" RAnchorOffset="-10" BAnchorPoint="1" BAnchorOffset="-10" BGColor="ffffffff" Font="Default" TextColor="ffffffff" Text="" Sprite="BK3:UI_BK3_Holo_InsetHeaderThin" Line="0"/>
            <Control Class="Window" LAnchorPoint="0" LAnchorOffset="15" TAnchorPoint="0" TAnchorOffset="20" RAnchorPoint="1" RAnchorOffset="-15" BAnchorPoint="0" BAnchorOffset="76" RelativeToClient="1" Font="CRB_HeaderTiny" Text="" BGColor="UI_WindowBGDefault" TextColor="UI_TextHoloTitle" Template="Default" TooltipType="OnCursor" Name="HarvestingMessage" TooltipColor="" TextId="Challenges_NoProgress" DT_CENTER="1" Visible="0">
                <Control Class="Window" LAnchorPoint="0" LAnchorOffset="0" TAnchorPoint="1" TAnchorOffset="-30" RAnchorPoint="1" RAnchorOffset="0" BAnchorPoint="1" BAnchorOffset="0" RelativeToClient="1" Font="CRB_InterfaceMedium_BO" Text="" BGColor="UI_WindowBGDefault" TextColor="UI_WindowTextDefault" Template="Default" TooltipType="OnCursor" Name="HarvestingXP" TooltipColor="" DT_CENTER="1" DT_VCENTER="1" TextId="Challenges_NoProgress"/>
            </Control>
        </Control>
        <Control Class="Window" LAnchorPoint="1" LAnchorOffset="-272" TAnchorPoint="0" TAnchorOffset="25" RAnchorPoint="1" RAnchorOffset="0" BAnchorPoint="1" BAnchorOffset="0" RelativeToClient="1" Font="Default" Text="" Template="Default" TooltipType="OnCursor" Name="RightSide" BGColor="ffffffff" TextColor="ffffffff" TooltipColor="" Picture="1" IgnoreMouse="1" Sprite="" Tooltip="">
            <Control Class="Window" LAnchorPoint="0" LAnchorOffset="11" TAnchorPoint="0" TAnchorOffset="45" RAnchorPoint="1" RAnchorOffset="-11" BAnchorPoint="1" BAnchorOffset="-11" RelativeToClient="1" Font="Default" Text="" BGColor="UI_WindowBGDefault" TextColor="UI_WindowTextDefault" Template="Default" TooltipType="OnCursor" Name="BGArtPiece" TooltipColor="" Sprite="" Picture="1" IgnoreMouse="1">
                <Pixie LAnchorPoint="0" LAnchorOffset="-6" TAnchorPoint="0" TAnchorOffset="-4" RAnchorPoint="1" RAnchorOffset="2" BAnchorPoint="1" BAnchorOffset="4" Sprite="PlayerPathContent_TEMP:spr_TEMP_TradeskillTalents3" BGColor="66aaaaaa" TextColor="black" Rotation="0" Font="Default"/>
            </Control>
            <Control Class="Window" LAnchorPoint="0" LAnchorOffset="15" TAnchorPoint="0" TAnchorOffset="15" RAnchorPoint="1" RAnchorOffset="-15" BAnchorPoint="0" BAnchorOffset="45" RelativeToClient="1" Font="CRB_HeaderTiny" Text="" Template="Default" TooltipType="OnCursor" Name="HeaderTitle" BGColor="ffffffff" TextColor="UI_TextHoloTitle" TooltipColor="" TextId="" DT_CENTER="1" DT_VCENTER="1" DT_WORDBREAK="1"/>
            <Control Class="Window" LAnchorPoint="0" LAnchorOffset="11" TAnchorPoint="0" TAnchorOffset="46" RAnchorPoint="1" RAnchorOffset="-11" BAnchorPoint="1" BAnchorOffset="-11" RelativeToClient="1" Font="Default" Text="" Template="Holo_ScrollListSmall" TooltipType="OnCursor" Name="TierItemContainer" BGColor="ffffffff" TextColor="ffffffff" TooltipColor="" VScroll="1" IgnoreMouse="1" AutoHideScroll="0"/>
            <Control Class="Window" LAnchorPoint="1" LAnchorOffset="-60" TAnchorPoint="1" TAnchorOffset="-47" RAnchorPoint="1" RAnchorOffset="-28" BAnchorPoint="1" BAnchorOffset="-15" RelativeToClient="1" Font="Default" Text="" Template="Default" TooltipType="OnCursor" Name="ResetPoints" BGColor="ffffffff" TextColor="ffffffff" TooltipColor="" Picture="1" IgnoreMouse="1" Sprite="CRB_Basekit:kitBtn_Metal_CircleNormal" TooltipFont="CRB_InterfaceSmall_O" Tooltip="" TooltipId="" IgnoreTooltipDelay="0" NewControlDepth="2" Visible="0" HideInEditor="0">
                <Control Class="Window" LAnchorPoint="0" LAnchorOffset="0" TAnchorPoint="0" TAnchorOffset="0" RAnchorPoint="1" RAnchorOffset="0" BAnchorPoint="1" BAnchorOffset="0" RelativeToClient="1" Font="Default" Text="" Template="Default" TooltipType="OnCursor" Name="ResetPointsArtHack" BGColor="ffffffff" TextColor="ffffffff" TooltipColor="">
                    <Control Class="Button" Base="CRB_Basekit:kitBtn_Metal_Icon_InsetTrash" Font="Thick" ButtonType="Check" RadioGroup="" LAnchorPoint="0" LAnchorOffset="0" TAnchorPoint="0" TAnchorOffset="0" RAnchorPoint="1" RAnchorOffset="0" BAnchorPoint="1" BAnchorOffset="0" DT_VCENTER="1" DT_CENTER="1" TooltipType="OnCursor" Name="ResetPointsBtn" BGColor="ffffffff" TextColor="ffffffff" TooltipColor="" NormalTextColor="ffffffff" PressedTextColor="ffffffff" FlybyTextColor="ffffffff" PressedFlybyTextColor="ffffffff" DisabledTextColor="ffffffff" Tooltip="" IgnoreTooltipDelay="1" RelativeToClient="1" TooltipId="Tradeskills_ResetTalents" TooltipFont="CRB_InterfaceSmall_O" GlobalRadioGroup="TradeskillTalents_ResetPointsBtn_GlobalRadioGroup">
                        <Event Name="ButtonSignal" Function="YourFunctionName"/>
                    </Control>
                </Control>
                <Control Class="Window" LAnchorPoint="0" LAnchorOffset="-109" TAnchorPoint="0" TAnchorOffset="-157" RAnchorPoint="0" RAnchorOffset="141" BAnchorPoint="0" BAnchorOffset="-17" RelativeToClient="1" Font="Default" Text="" Template="Default" TooltipType="OnCursor" Name="ResetPointsConfirmBubble" BGColor="ffffffff" TextColor="ffffffff" TooltipColor="" Picture="1" IgnoreMouse="1" Sprite="" NoClip="1" CloseOnExternalClick="1" Visible="0" HideInEditor="0" NewWindowDepth="1">
                    <Control Class="Window" LAnchorPoint="0" LAnchorOffset="-20" TAnchorPoint="0" TAnchorOffset="-20" RAnchorPoint="1" RAnchorOffset="20" BAnchorPoint="1" BAnchorOffset="41" RelativeToClient="1" Font="Default" Text="" BGColor="UI_WindowBGDefault" TextColor="UI_WindowTextDefault" Template="Default" TooltipType="OnCursor" Name="HoloBG" TooltipColor="" Sprite="BK3:sprHolo_Alert_Flyout" Picture="1" IgnoreMouse="1" NoClip="1"/>
                    <Control Class="CashWindow" LAnchorPoint="0" LAnchorOffset="64" TAnchorPoint="0" TAnchorOffset="50" RAnchorPoint="1" RAnchorOffset="19" BAnchorPoint="0" BAnchorOffset="65" TooltipType="OnCursor" RelativeToClient="1" Font="CRB_InterfaceSmall" Text="" Template="Default" BGColor="ffffffff" TextColor="ffffffff" DT_RIGHT="0" Name="ResetPointsCostCashWindow" TooltipColor="" SkipZeroes="0" Visible="1" HideInEditor="0" TooltipFont="CRB_InterfaceSmall_O" Tooltip="" TooltipId="Tradeskills_CraftingVoucherDetails"/>
                    <Control Class="CashWindow" LAnchorPoint="0" LAnchorOffset="87" TAnchorPoint="0" TAnchorOffset="71" RAnchorPoint="1" RAnchorOffset="19" BAnchorPoint="0" BAnchorOffset="86" TooltipType="OnCursor" RelativeToClient="1" Font="CRB_InterfaceSmall" Text="" Template="Default" BGColor="ffffffff" TextColor="ffffffff" DT_RIGHT="0" Name="ResetPointsHaveCashWindow" TooltipColor="" SkipZeroes="0" Visible="1" HideInEditor="0" TooltipFont="CRB_InterfaceSmall_O" Tooltip="" TooltipId="Tradeskills_CraftingVoucherDetails"/>
                    <Control Class="Button" Base="BK3:btnHolo_Blue_Small" Font="CRB_Button" ButtonType="PushButton" RadioGroup="" LAnchorPoint="0" LAnchorOffset="21" TAnchorPoint="1" TAnchorOffset="-46" RAnchorPoint="0" RAnchorOffset="121" BAnchorPoint="1" BAnchorOffset="7" DT_VCENTER="1" DT_CENTER="1" TooltipType="OnCursor" Name="ResetPointsConfirmYes" BGColor="ffffffff" TextColor="ffffffff" TooltipColor="" NormalTextColor="UI_BtnTextBlueNormal" PressedTextColor="UI_BtnTextBluePressed" FlybyTextColor="UI_BtnTextBlueFlyby" PressedFlybyTextColor="UI_BtnTextBluePressedFlyby" DisabledTextColor="UI_BtnTextBlueDisabled" Text="" TextId="CRB_Yes">
                        <Event Name="ButtonSignal" Function="OnResetPointsConfirmYes"/>
                    </Control>
                    <Control Class="Button" Base="BK3:btnHolo_Red_Small" Font="CRB_Button" ButtonType="PushButton" RadioGroup="" LAnchorPoint="1" LAnchorOffset="-123" TAnchorPoint="1" TAnchorOffset="-45" RAnchorPoint="1" RAnchorOffset="-23" BAnchorPoint="1" BAnchorOffset="7" DT_VCENTER="1" DT_CENTER="1" TooltipType="OnCursor" Name="ResetPointsConfirmNo" BGColor="ffffffff" TextColor="ffffffff" TooltipColor="" NormalTextColor="UI_BtnTextRedNormal" PressedTextColor="UI_BtnTextRedPressed" FlybyTextColor="UI_BtnTextRedFlyby" PressedFlybyTextColor="UI_BtnTextRedPressedFlyby" DisabledTextColor="UI_BtnTextRedDisabled" Text="" TextId="CRB_No">
                        <Event Name="ButtonSignal" Function="OnResetPointsConfirmNo"/>
                    </Control>
                    <Control Class="Window" LAnchorPoint="0" LAnchorOffset="28" TAnchorPoint="0" TAnchorOffset="50" RAnchorPoint="0" RAnchorOffset="68" BAnchorPoint="0" BAnchorOffset="70" RelativeToClient="1" Font="CRB_InterfaceSmall" Text="" BGColor="UI_WindowBGDefault" TextColor="UI_TextHoloBodyHighlight" Template="Default" TooltipType="OnCursor" Name="CostText" TooltipColor="" TextId="CRB_Cost"/>
                    <Control Class="Window" LAnchorPoint="0" LAnchorOffset="28" TAnchorPoint="0" TAnchorOffset="72" RAnchorPoint="0" RAnchorOffset="90" BAnchorPoint="0" BAnchorOffset="92" RelativeToClient="1" Font="CRB_InterfaceSmall" Text="You Have:" BGColor="UI_WindowBGDefault" TextColor="UI_TextHoloBodyHighlight" Template="Default" TooltipType="OnCursor" Name="YouHaveText" TooltipColor="" TextId=""/>
                    <Control Class="Window" LAnchorPoint="0" LAnchorOffset="50" TAnchorPoint="0" TAnchorOffset="22" RAnchorPoint="1" RAnchorOffset="-50" BAnchorPoint="0" BAnchorOffset="42" RelativeToClient="1" Font="CRB_InterfaceSmall" Text="" BGColor="UI_WindowBGDefault" TextColor="UI_WindowTitleYellow" Template="Default" TooltipType="OnCursor" Name="ResetText" TooltipColor="" TextId="Tradeskills_ResetConfirmText" DT_CENTER="1" DT_VCENTER="1"/>
                </Control>
            </Control>
            <Pixie LAnchorPoint="0" LAnchorOffset="10" TAnchorPoint="0" TAnchorOffset="10" RAnchorPoint="1" RAnchorOffset="-10" BAnchorPoint="1" BAnchorOffset="-10" BGColor="UI_WindowBGDefault" Font="Default" TextColor="UI_WindowTextDefault" Text="" Sprite="BK3:UI_BK3_Holo_InsetHeaderThin" Line="0"/>
            <Control Class="Window" LAnchorPoint="0" LAnchorOffset="15" TAnchorPoint="0" TAnchorOffset="20" RAnchorPoint="1" RAnchorOffset="-15" BAnchorPoint="0" BAnchorOffset="76" RelativeToClient="1" Font="CRB_HeaderTiny" Text="" BGColor="UI_WindowBGDefault" TextColor="UI_TextHoloTitle" Template="Default" TooltipType="OnCursor" Name="HarvestingMessage" TooltipColor="" TextId="Challenges_NoProgress" DT_CENTER="1" Visible="0">
                <Control Class="Window" LAnchorPoint="0" LAnchorOffset="0" TAnchorPoint="1" TAnchorOffset="-30" RAnchorPoint="1" RAnchorOffset="0" BAnchorPoint="1" BAnchorOffset="0" RelativeToClient="1" Font="CRB_InterfaceMedium_BO" Text="" BGColor="UI_WindowBGDefault" TextColor="UI_WindowTextDefault" Template="Default" TooltipType="OnCursor" Name="HarvestingXP" TooltipColor="" DT_CENTER="1" DT_VCENTER="1" TextId="Challenges_NoProgress"/>
            </Control>
        </Control>
        <Control Class="Window" LAnchorPoint="0" LAnchorOffset="0" TAnchorPoint="0" TAnchorOffset="10" RAnchorPoint="1" RAnchorOffset="0" BAnchorPoint="0" BAnchorOffset="50" RelativeToClient="1" Font="CRB_InterfaceMedium_B" Text="" Template="Default" TooltipType="OnCursor" Name="TutorialTextBG" BGColor="ffffffff" TextColor="ff7fffb9" TooltipColor="" TextId="" DT_VCENTER="1" DT_CENTER="1" IgnoreMouse="1" NoClip="0" Picture="1" Sprite="">
            <Pixie LAnchorPoint="0" LAnchorOffset="225" TAnchorPoint="0" TAnchorOffset="0" RAnchorPoint="1" RAnchorOffset="0" BAnchorPoint="1" BAnchorOffset="0" BGColor="ffffffff" Font="CRB_Interface10_B" TextColor="UI_TextHoloBodyHighlight" Text="" TextId="TradeSkills_TalentPointsTutorial" Sprite="" DT_CENTER="0" DT_VCENTER="0" Line="0"/>
            <Pixie LAnchorPoint="0" LAnchorOffset="200" TAnchorPoint="0" TAnchorOffset="-1" RAnchorPoint="0" RAnchorOffset="220" BAnchorPoint="0" BAnchorOffset="19" BGColor="ee31fcf6" Font="Default" TextColor="ffffffff" Text="" Sprite="ClientSprites:ComboStarFull" Line="0"/>
        </Control>
    </Form>
    <Form Class="Window" LAnchorPoint="0" LAnchorOffset="0" TAnchorPoint="0" TAnchorOffset="0" RAnchorPoint="1" RAnchorOffset="0" BAnchorPoint="0" BAnchorOffset="56" RelativeToClient="1" Font="CRB_InterfaceMedium_B" Text="" Template="Default" TooltipType="OnCursor" Name="TierItem" BGColor="ffffffff" TextColor="ffffffff" TooltipColor="" TextId="" IgnoreMouse="1" Overlapped="1" Tooltip="" Sprite="" Picture="1">
        <Control Class="Window" LAnchorPoint="0" LAnchorOffset="15" TAnchorPoint="0" TAnchorOffset="0" RAnchorPoint="1" RAnchorOffset="0" BAnchorPoint="1" BAnchorOffset="0" RelativeToClient="1" Font="CRB_InterfaceSmall" Text="" Template="Default" TooltipType="OnCursor" Name="TierItemCostText" BGColor="ffffffff" TextColor="UI_TextHoloBodyCyan" TooltipColor="" TextId="Challenges_NoProgress" DT_CENTER="0" DT_VCENTER="1" DT_RIGHT="0" TooltipFont="CRB_InterfaceSmall_O"/>
        <Control Class="Window" LAnchorPoint="1" LAnchorOffset="-162" TAnchorPoint="0.5" TAnchorOffset="-18" RAnchorPoint="1" RAnchorOffset="-10" BAnchorPoint="0.5" BAnchorOffset="18" RelativeToClient="1" Font="Default" Text="" Template="Default" TooltipType="OnCursor" Name="TalentItemContainer" BGColor="ffffffff" TextColor="ffffffff" TooltipColor=""/>
        <Pixie LAnchorPoint="0" LAnchorOffset="5" TAnchorPoint="0" TAnchorOffset="5" RAnchorPoint="1" RAnchorOffset="-5" BAnchorPoint="1" BAnchorOffset="-5" BGColor="bbffffff" Font="Default" TextColor="ffffffff" Text="" Sprite="CRB_Basekit:kitInnerFrame_Holo_SimpleInset" Line="0"/>
    </Form>
    <Form Class="Window" LAnchorPoint="0" LAnchorOffset="0" TAnchorPoint="0" TAnchorOffset="0" RAnchorPoint="0" RAnchorOffset="38" BAnchorPoint="0" BAnchorOffset="36" RelativeToClient="1" Font="Default" Text="" Template="Default" TooltipType="OnCursor" Name="TalentItem" Border="0" Picture="1" SwallowMouseClicks="1" Moveable="0" Escapable="0" Overlapped="1" BGColor="ffffffff" TextColor="ffffffff" TooltipColor="" IgnoreMouse="1">
        <Control Class="Button" Base="CRB_Basekit:kitBtn_Holo" Font="Thick" ButtonType="PushButton" RadioGroup="" LAnchorPoint="0" LAnchorOffset="0" TAnchorPoint="0" TAnchorOffset="0" RAnchorPoint="0" RAnchorOffset="38" BAnchorPoint="0" BAnchorOffset="36" DT_VCENTER="1" DT_CENTER="1" TooltipType="OnCursor" Name="TalentItemBtn" BGColor="ffffffff" TextColor="ffffffff" TooltipColor="" NormalTextColor="ffffffff" PressedTextColor="ffffffff" FlybyTextColor="ffffffff" PressedFlybyTextColor="ffffffff" DisabledTextColor="ffffffff" RelativeToClient="1" TooltipFont="CRB_InterfaceSmall_O" Tooltip="" GlobalRadioGroup="" Picture="1" Overlapped="1" Sprite="" IgnoreMouse="0" Text="">
            <Event Name="ButtonSignal" Function="OnTalentItemBtn"/>
        </Control>
        <Control Class="Window" LAnchorPoint="0.5" LAnchorOffset="-13" TAnchorPoint="0.5" TAnchorOffset="-13" RAnchorPoint="0.5" RAnchorOffset="13" BAnchorPoint="0.5" BAnchorOffset="13" RelativeToClient="1" Font="Default" Text="" Template="Default" TooltipType="OnCursor" Name="TalentItemIcon" BGColor="ffffffff" TextColor="ffffffff" TooltipColor="" Sprite="" Picture="1" IgnoreMouse="1" IgnoreTooltipDelay="1" NewControlDepth="1"/>
        <Control Class="Window" LAnchorPoint="0.5" LAnchorOffset="-13" TAnchorPoint="0.5" TAnchorOffset="-13" RAnchorPoint="0.5" RAnchorOffset="13" BAnchorPoint="0.5" BAnchorOffset="14" RelativeToClient="1" Font="Default" Text="" Template="Default" TooltipType="OnCursor" Name="TalentItemBlackFill" BGColor="ccffffff" TextColor="ffffffff" TooltipColor="" Picture="1" IgnoreMouse="1" Sprite="BlackFill" NewControlDepth="1" Visible="0"/>
    </Form>
    <Form Class="Window" LAnchorPoint="0" LAnchorOffset="-101" TAnchorPoint="0" TAnchorOffset="-103" RAnchorPoint="0" RAnchorOffset="136" BAnchorPoint="0" BAnchorOffset="12" RelativeToClient="1" Font="Default" Text="" Template="Default" TooltipType="OnCursor" Name="LearnConfirmBubble" BGColor="ffffffff" TextColor="ffffffff" TooltipColor="" Picture="1" IgnoreMouse="1" Sprite="" NewWindowDepth="1" Visible="0" CloseOnExternalClick="1" NoClip="1" Overlapped="1" Tooltip="">
        <Control Class="Window" LAnchorPoint="0" LAnchorOffset="-20" TAnchorPoint="0" TAnchorOffset="-20" RAnchorPoint="1" RAnchorOffset="20" BAnchorPoint="1" BAnchorOffset="41" RelativeToClient="1" Font="Default" Text="" BGColor="UI_WindowBGDefault" TextColor="UI_WindowTextDefault" Template="Default" TooltipType="OnCursor" Name="HoloBG" TooltipColor="" Sprite="BK3:sprHolo_Alert_Flyout" Picture="1" IgnoreMouse="1" NoClip="1"/>
        <Control Class="Button" Base="BK3:btnHolo_Blue_Small" Font="CRB_Button" ButtonType="PushButton" RadioGroup="" LAnchorPoint="0" LAnchorOffset="18" TAnchorPoint="1" TAnchorOffset="-46" RAnchorPoint="0.5" RAnchorOffset="0" BAnchorPoint="1" BAnchorOffset="7" DT_VCENTER="1" DT_CENTER="1" TooltipType="OnCursor" Name="LearnConfirmYes" BGColor="ffffffff" TextColor="ffffffff" TooltipColor="" NormalTextColor="UI_BtnTextBlueNormal" PressedTextColor="UI_BtnTextBluePressed" FlybyTextColor="UI_BtnTextBlueFlyby" PressedFlybyTextColor="UI_BtnTextBluePressedFlyby" DisabledTextColor="UI_BtnTextBlueDisabled" Text="" TextId="CRB_Yes">
            <Event Name="ButtonSignal" Function="OnLearnConfirmYes"/>
        </Control>
        <Control Class="Button" Base="BK3:btnHolo_Red_Small" Font="CRB_Button" ButtonType="PushButton" RadioGroup="" LAnchorPoint="0.5" LAnchorOffset="-4" TAnchorPoint="1" TAnchorOffset="-44" RAnchorPoint="1" RAnchorOffset="-23" BAnchorPoint="1" BAnchorOffset="9" DT_VCENTER="1" DT_CENTER="1" TooltipType="OnCursor" Name="LearnConfirmNo" BGColor="ffffffff" TextColor="ffffffff" TooltipColor="" NormalTextColor="UI_BtnTextRedNormal" PressedTextColor="UI_BtnTextRedPressed" FlybyTextColor="UI_BtnTextRedFlyby" PressedFlybyTextColor="UI_BtnTextRedPressedFlyby" DisabledTextColor="UI_BtnTextRedDisabled" Text="" TextId="CRB_No">
            <Event Name="ButtonSignal" Function="OnLearnConfirmNo"/>
        </Control>
        <Pixie LAnchorPoint="0" LAnchorOffset="8" TAnchorPoint="0" TAnchorOffset="50" RAnchorPoint="1" RAnchorOffset="-8" BAnchorPoint="1" BAnchorOffset="0" BGColor="ffffffff" Font="CRB_InterfaceSmall" TextColor="ff31fcf6" Text="" TextId="Tradeskills_OnePerLevel" DT_CENTER="1" Line="0"/>
        <Control Class="Window" LAnchorPoint="0" LAnchorOffset="30" TAnchorPoint="0" TAnchorOffset="27" RAnchorPoint="1" RAnchorOffset="-30" BAnchorPoint="0" BAnchorOffset="51" RelativeToClient="1" Font="CRB_InterfaceSmall" Text="" BGColor="UI_WindowBGDefault" TextColor="UI_WindowTitleYellow" Template="Default" TooltipType="OnCursor" Name="Title" TooltipColor="" TextId="Bank_BuyConfirm" DT_CENTER="1"/>
    </Form>
</Forms>
