<Forms>
    <Form Class="Window" LAnchorPoint="0" LAnchorOffset="0" TAnchorPoint="0" TAnchorOffset="0" RAnchorPoint="0" RAnchorOffset="800" BAnchorPoint="0" BAnchorOffset="530" RelativeToClient="1" Font="Default" Text="" Template="CRB_Scroll_HoloSmall" Name="TradeskillTreeForm" Picture="1" Overlapped="1" BGColor="ffffffff" TextColor="ffffffff" TextId="" TooltipColor="" IgnoreMouse="1" Sprite="" Tooltip="" VScroll="0">
        <Control Class="Window" LAnchorPoint="0" LAnchorOffset="0" TAnchorPoint="0" TAnchorOffset="0" RAnchorPoint="1" RAnchorOffset="0" BAnchorPoint="1" BAnchorOffset="0" RelativeToClient="1" Font="Default" Text="" BGColor="UI_WindowBGDefault" TextColor="UI_WindowTextDefault" Template="CRB_Scroll_HoloSmall" TooltipType="OnCursor" Name="TradeskillTreeScroll" TooltipColor="" VScroll="1" IgnoreMouse="1" HideInEditor="0">
            <Control Class="Window" LAnchorPoint="0" LAnchorOffset="0" TAnchorPoint="0" TAnchorOffset="0" RAnchorPoint="1" RAnchorOffset="0" BAnchorPoint="0" BAnchorOffset="530" RelativeToClient="1" Font="Default" Text="" Template="Default" TooltipType="OnCursor" Name="TradeskillTreeContainer" BGColor="ffffffff" TextColor="ffffffff" TooltipColor="" VScroll="0" IgnoreMouse="1" HideInEditor="0" Visible="1" Sprite="" Picture="1" Tooltip="">
                <Control Class="Window" LAnchorPoint="0" LAnchorOffset="37" TAnchorPoint="0" TAnchorOffset="86" RAnchorPoint="0" RAnchorOffset="757" BAnchorPoint="1" BAnchorOffset="0" RelativeToClient="1" Font="Default" Text="" Template="CRB_Scroll_HoloSmall" TooltipType="OnCursor" Name="FullGrid" BGColor="ffffffff" TextColor="ffffffff" TooltipColor="" VScroll="0" IgnoreMouse="1"/>
                <Control Class="Window" LAnchorPoint="0" LAnchorOffset="7" TAnchorPoint="0" TAnchorOffset="36" RAnchorPoint="1" RAnchorOffset="0" BAnchorPoint="1" BAnchorOffset="0" RelativeToClient="1" Font="Default" Text="" Template="CRB_Scroll_HoloSmall" TooltipType="OnCursor" Name="HAMLayer" BGColor="ffffffff" TextColor="ffffffff" TooltipColor="" VScroll="0" IgnoreMouse="1"/>
                <Pixie LAnchorPoint="0" LAnchorOffset="-6" TAnchorPoint="0" TAnchorOffset="-74" RAnchorPoint="1" RAnchorOffset="0" BAnchorPoint="1" BAnchorOffset="0" BGColor="ffffffff" Font="Default" TextColor="ffffffff" Text="" Sprite="CRB_TechTree:CRB_TechTree_BG" Line="0"/>
                <Control Class="Window" LAnchorPoint="0.5" LAnchorOffset="-47" TAnchorPoint="0" TAnchorOffset="27" RAnchorPoint="0.5" RAnchorOffset="57" BAnchorPoint="0" BAnchorOffset="69" RelativeToClient="1" Font="Default" Text="" BGColor="UI_WindowBGDefault" TextColor="UI_WindowTextDefault" Template="Default" TooltipType="OnCursor" Name="OriginPieceAccent" TooltipColor="" Picture="1" IgnoreMouse="1" Sprite="CRB_TechTree:CRB_TechTree_kitTopHoloConnector" HideInEditor="0" Visible="0" NewControlDepth="1"/>
            </Control>
        </Control>
        <Control Class="Window" LAnchorPoint="0" LAnchorOffset="0" TAnchorPoint="0" TAnchorOffset="0" RAnchorPoint="0" RAnchorOffset="799" BAnchorPoint="0" BAnchorOffset="350" RelativeToClient="1" Font="Default" Text="" Template="Default" TooltipType="OnCursor" Name="OriginPieceContainer" Border="0" Picture="1" SwallowMouseClicks="1" Moveable="0" Escapable="0" Overlapped="0" BGColor="ffffffff" TextColor="ffffffff" TooltipColor="" IgnoreMouse="1" Sprite="" Tooltip="" NewControlDepth="10">
            <Control Class="Button" Base="BK3:btnHolo_Blue_Small" Font="DefaultButton" ButtonType="Check" RadioGroup="" LAnchorPoint="0.5" LAnchorOffset="-127" TAnchorPoint="0" TAnchorOffset="-11" RAnchorPoint="0.5" RAnchorOffset="129" BAnchorPoint="0" BAnchorOffset="42" DT_VCENTER="1" DT_CENTER="1" TooltipType="OnCursor" Name="OriginPieceDropdownBtn" BGColor="ffffffff" TextColor="ffffffff" TooltipColor="" NormalTextColor="ff2f94ac" PressedTextColor="ff2f94ac" FlybyTextColor="ff2f94ac" PressedFlybyTextColor="ff2f94ac" DisabledTextColor="ff333333" Text="" TextId="" HideInEditor="0"/>
            <Control Class="Window" LAnchorPoint="0.5" LAnchorOffset="-125" TAnchorPoint="0" TAnchorOffset="1" RAnchorPoint="0.5" RAnchorOffset="125" BAnchorPoint="0" BAnchorOffset="31" RelativeToClient="1" Font="CRB_Button" Text="" Template="Default" TooltipType="OnCursor" Name="OriginPieceDropdownBtnText" BGColor="ffffffff" TextColor="ff31fcf6" TooltipColor="" DT_CENTER="1" DT_VCENTER="1" TextId="Tradeskills_TechTree"/>
            <Control Class="Window" LAnchorPoint="0" LAnchorOffset="220" TAnchorPoint="0" TAnchorOffset="8" RAnchorPoint="1" RAnchorOffset="-220" BAnchorPoint="1" BAnchorOffset="0" RelativeToClient="1" Font="Default" Text="" Template="Default" TooltipType="OnCursor" Name="OriginPieceDropdownArt" BGColor="ffffffff" TextColor="ffffffff" TooltipColor="" Sprite="BK3:sprHolo_Alert_Flyout" Picture="1" IgnoreMouse="1" NoClip="0" Visible="0" NewWindowDepth="1" Tooltip="" HideInEditor="0" CloseOnExternalClick="1">
                <Control Class="Window" LAnchorPoint="0" LAnchorOffset="41" TAnchorPoint="0" TAnchorOffset="46" RAnchorPoint="1" RAnchorOffset="-41" BAnchorPoint="1" BAnchorOffset="-46" RelativeToClient="1" Font="Default" Text="" Template="Holo_ScrollList" TooltipType="OnCursor" Name="OriginPieceDropdownContainer" BGColor="ffffffff" TextColor="ffffffff" TooltipColor="" VScroll="1" IgnoreMouse="1" Border="1" UseTemplateBG="1"/>
            </Control>
            <Pixie LAnchorPoint="0" LAnchorOffset="0" TAnchorPoint="0" TAnchorOffset="0" RAnchorPoint="1" RAnchorOffset="-12" BAnchorPoint="1" BAnchorOffset="0" BGColor="UI_WindowBGDefault" Font="Default" TextColor="UI_WindowTextDefault" Text="" Sprite="CRB_TechTree:CRB_TechTree_kitTopHoloAccent" Line="0"/>
        </Control>
    </Form>
    <Form Class="Window" LAnchorPoint="0" LAnchorOffset="0" TAnchorPoint="0" TAnchorOffset="0" RAnchorPoint="0" RAnchorOffset="80" BAnchorPoint="0" BAnchorOffset="80" RelativeToClient="1" Font="Default" Text="" Template="Default" TooltipType="OnCursor" Name="GridSquare" BGColor="ffffffff" TextColor="00000000" TooltipColor="" Picture="1" IgnoreMouse="1" Sprite="" RightEdgeControlsAnchor="" BottomEdgeControlsAnchor="" Tooltip="" Overlapped="1"/>
    <Form Class="Window" LAnchorPoint="0" LAnchorOffset="107" TAnchorPoint="0" TAnchorOffset="65" RAnchorPoint="0" RAnchorOffset="427" BAnchorPoint="0" BAnchorOffset="131" RelativeToClient="1" Font="Default" Text="" Template="Default" TooltipType="OnCursor" Name="ExtraInfoScreen" Border="0" Picture="1" SwallowMouseClicks="1" Moveable="0" Escapable="0" Overlapped="1" BGColor="ffffffff" TextColor="ffffffff" TooltipColor="" Sprite="" CloseOnExternalClick="1" Tooltip="" NoClip="1" NewWindowDepth="1">
        <Control Class="Window" LAnchorPoint="0" LAnchorOffset="31" TAnchorPoint="0" TAnchorOffset="25" RAnchorPoint="1" RAnchorOffset="0" BAnchorPoint="1" BAnchorOffset="0" RelativeToClient="1" Font="Default" Text="" Template="Default" TooltipType="OnCursor" Name="ExtraInfoScreenBG" BGColor="ffffffff" TextColor="ffffffff" TooltipColor="" Sprite="kitBase_HoloBlue_PopoutLarge" Picture="1" IgnoreMouse="1" NoClip="0">
            <Control Class="Window" LAnchorPoint="1" LAnchorOffset="-266" TAnchorPoint="0" TAnchorOffset="26" RAnchorPoint="1" RAnchorOffset="-9" BAnchorPoint="1" BAnchorOffset="0" RelativeToClient="1" Font="Default" Text="" Template="Default" TooltipType="OnCursor" Name="ExtraInfoArrangeVert" BGColor="ffffffff" TextColor="ffffffff" TooltipColor="">
                <Control Class="MLWindow" LAnchorPoint="0" LAnchorOffset="4" TAnchorPoint="0" TAnchorOffset="0" RAnchorPoint="1" RAnchorOffset="-4" BAnchorPoint="0" BAnchorOffset="0" RelativeToClient="1" Font="CRB_InterfaceMedium_B" Text="" Template="Default" TooltipType="OnCursor" Name="ExtraInfoDescription" BGColor="ffffffff" TextColor="ff7fffb9" TooltipColor="" TextId="" DT_WORDBREAK="1" IgnoreMouse="1"/>
                <Control Class="Window" LAnchorPoint="0" LAnchorOffset="8" TAnchorPoint="0" TAnchorOffset="16" RAnchorPoint="1" RAnchorOffset="-8" BAnchorPoint="0" BAnchorOffset="136" RelativeToClient="1" Font="Default" Text="" Template="Default" TooltipType="OnCursor" Name="ExtraInfoSchemArt" BGColor="ffffffff" TextColor="ffffffff" TooltipColor="" Picture="1" IgnoreMouse="1" Sprite="" Visible="0" HideInEditor="0">
                    <Control Class="Window" LAnchorPoint="0" LAnchorOffset="0" TAnchorPoint="0" TAnchorOffset="0" RAnchorPoint="1" RAnchorOffset="0" BAnchorPoint="0" BAnchorOffset="107" RelativeToClient="1" Font="Default" Text="" Template="Default" TooltipType="OnCursor" Name="ExtraInfoSchemArtBG" BGColor="ffffffff" TextColor="ffffffff" TooltipColor="" Sprite="CRB_Basekit:kitBase_HoloBlue_ListInset" Picture="1" IgnoreMouse="1"/>
                    <Control Class="Window" LAnchorPoint="0" LAnchorOffset="8" TAnchorPoint="0" TAnchorOffset="2" RAnchorPoint="1" RAnchorOffset="0" BAnchorPoint="0" BAnchorOffset="22" RelativeToClient="1" Font="CRB_Interface9" Text="" Template="Default" TooltipType="OnCursor" Name="ExtraInfoSchemTitle" BGColor="ffffffff" TextColor="ff2f94ac" TooltipColor="" TextId="Tradeskills_RelevantSchematics" DT_CENTER="0" DT_WORDBREAK="1" NewControlDepth="1" DT_VCENTER="1" Visible="1" HideInEditor="0" DT_BOTTOM="0"/>
                    <Control Class="Window" LAnchorPoint="0" LAnchorOffset="2" TAnchorPoint="0" TAnchorOffset="22" RAnchorPoint="1" RAnchorOffset="-2" BAnchorPoint="0" BAnchorOffset="105" RelativeToClient="1" Font="Default" Text="" Template="CRB_Scroll_HoloSmall" TooltipType="OnCursor" Name="ExtraInfoSchemContainer" BGColor="ffffffff" TextColor="ffffffff" TooltipColor="" VScroll="1" IgnoreMouse="1" AutoHideScroll="0"/>
                </Control>
                <Control Class="Window" LAnchorPoint="0" LAnchorOffset="0" TAnchorPoint="0" TAnchorOffset="136" RAnchorPoint="1" RAnchorOffset="0" BAnchorPoint="0" BAnchorOffset="232" RelativeToClient="1" Font="Default" Text="" Template="Default" TooltipType="OnCursor" Name="ExtraInfoRewardArt" BGColor="ffffffff" TextColor="ffffffff" TooltipColor="" Picture="1" IgnoreMouse="1" Sprite="" Visible="0" HideInEditor="0">
                    <Control Class="Window" LAnchorPoint="0" LAnchorOffset="0" TAnchorPoint="0" TAnchorOffset="5" RAnchorPoint="1" RAnchorOffset="0" BAnchorPoint="0" BAnchorOffset="19" RelativeToClient="1" Font="Default" Text="" Template="Default" TooltipType="OnCursor" Name="ExtraInfoRewardDividerBG" BGColor="ffffffff" TextColor="ffffffff" TooltipColor="" Sprite="CRB_Basekit:kitDivider_Horiz_HoloDashed" Picture="1" IgnoreMouse="1"/>
                    <Control Class="Window" LAnchorPoint="0" LAnchorOffset="10" TAnchorPoint="1" TAnchorOffset="-64" RAnchorPoint="1" RAnchorOffset="-10" BAnchorPoint="1" BAnchorOffset="-44" RelativeToClient="1" Font="CRB_InterfaceMedium_B" Text="" Template="Default" TooltipType="OnCursor" Name="ExtraInfoRewardTitle" BGColor="ffffffff" TextColor="ff2f94ac" TooltipColor="" TextId="Tradeskills_CompleteToUnlock" DT_CENTER="0" DT_WORDBREAK="1" NewControlDepth="1" DT_VCENTER="0" Visible="0" HideInEditor="0" DT_BOTTOM="0"/>
                    <Control Class="Window" LAnchorPoint="0" LAnchorOffset="10" TAnchorPoint="1" TAnchorOffset="-44" RAnchorPoint="1" RAnchorOffset="10" BAnchorPoint="1" BAnchorOffset="-4" RelativeToClient="1" Font="Default" Text="" Template="Default" TooltipType="OnCursor" Name="ExtraInfoRewardContainer" BGColor="ffffffff" TextColor="ffffffff" TooltipColor="" Picture="1" IgnoreMouse="1" Sprite="" Visible="1" HideInEditor="0"/>
                </Control>
            </Control>
        </Control>
        <Control Class="Window" LAnchorPoint="0" LAnchorOffset="0" TAnchorPoint="0" TAnchorOffset="0" RAnchorPoint="0" RAnchorOffset="78" BAnchorPoint="0" BAnchorOffset="125" RelativeToClient="1" Font="Default" Text="" Template="Default" TooltipType="OnCursor" Name="ExtraInfoAttachFlairBG" BGColor="ffffffff" TextColor="ffffffff" TooltipColor="" Sprite="CRB_Basekit:kitAccent_RightArrow_Popout" Picture="1" IgnoreMouse="1" NoClip="0" NewControlDepth="1"/>
        <Event Name="WindowClosed" Function="OnExtraInfoScreenWindowClosed"/>
    </Form>
    <Form Class="Button" Base="BK3:btnHolo_ListView_Simple" Font="CRB_InterfaceMedium_B" ButtonType="PushButton" RadioGroup="" LAnchorPoint="0" LAnchorOffset="0" TAnchorPoint="0" TAnchorOffset="0" RAnchorPoint="1" RAnchorOffset="0" BAnchorPoint="0" BAnchorOffset="28" DT_VCENTER="1" DT_CENTER="1" TooltipType="OnCursor" Name="ExtraInfoSchemItemBtn" BGColor="ffffffff" TextColor="ffffffff" TooltipColor="" NormalTextColor="ff31fcf6" PressedTextColor="ff31fcf6" FlybyTextColor="ff31fcf6" PressedFlybyTextColor="ff31fcf6" DisabledTextColor="ff333333" Text="" TextId="" DT_WORDBREAK="1" Tooltip="" RelativeToClient="1" Overlapped="1" SwallowMouseClicks="1">
        <Event Name="ButtonSignal" Function="OnExtraInfoSchemItemBtn"/>
        <Control Class="Window" LAnchorPoint="0" LAnchorOffset="19" TAnchorPoint="0" TAnchorOffset="0" RAnchorPoint="1" RAnchorOffset="-15" BAnchorPoint="1" BAnchorOffset="-2" RelativeToClient="1" Font="CRB_InterfaceSmall" Text="" Template="Default" TooltipType="OnCursor" Name="ExtraInfoSchemItemText" BGColor="ffffffff" TextColor="UI_BtnTextBlueNormal" TooltipColor="" DT_CENTER="0" DT_VCENTER="1" TextId="CRB__2" IgnoreMouse="1" AutoScaleText="1"/>
        <Control Class="Window" LAnchorPoint="0" LAnchorOffset="-1" TAnchorPoint="0.5" TAnchorOffset="-9" RAnchorPoint="0" RAnchorOffset="19" BAnchorPoint="0.5" BAnchorOffset="11" RelativeToClient="1" Font="Default" Text="" Template="Default" TooltipType="OnCursor" Name="ExtraInfoSchemItemCheckIcon" BGColor="ffffffff" TextColor="ffffffff" TooltipColor="" Sprite="CRB_Basekit:kitIcon_Holo_Checkmark" Picture="1" IgnoreMouse="1" Visible="0" NewControlDepth="1"/>
    </Form>
    <Form Class="Window" LAnchorPoint="0" LAnchorOffset="0" TAnchorPoint="0" TAnchorOffset="0" RAnchorPoint="0" RAnchorOffset="48" BAnchorPoint="0" BAnchorOffset="40" RelativeToClient="1" Font="Default" Text="" Template="Default" TooltipType="OnCursor" Name="ItemReward" Border="0" Picture="1" SwallowMouseClicks="1" Moveable="0" Escapable="0" Overlapped="0" BGColor="ffffffff" TextColor="ffffffff" TooltipColor="" IgnoreMouse="1" IgnoreTooltipDelay="1" Sprite="" Tooltip="">
        <Control Class="Window" LAnchorPoint="0" LAnchorOffset="3" TAnchorPoint="0" TAnchorOffset="3" RAnchorPoint="0" RAnchorOffset="37" BAnchorPoint="0" BAnchorOffset="37" RelativeToClient="1" Font="CRB_InterfaceMedium_B" Text="" Template="Default" TooltipType="OnCursor" Name="ItemRewardSprite" BGColor="ffffffff" TextColor="ffffffff" TooltipColor="" Tooltip="" Picture="1" IgnoreMouse="1" Sprite="ClientSprites:Icon_BerserkerStance" HideInEditor="0" DT_CENTER="1" DT_VCENTER="1"/>
        <Control Class="Window" LAnchorPoint="0" LAnchorOffset="0" TAnchorPoint="0" TAnchorOffset="0" RAnchorPoint="0" RAnchorOffset="40" BAnchorPoint="0" BAnchorOffset="40" RelativeToClient="1" Font="Default" Text="" Template="Default" TooltipType="OnCursor" Name="ItemRewardFrame" BGColor="ffffffff" TextColor="ffffffff" TooltipColor="" Sprite="CRB_Basekit:kitBase_HoloBlue_IconBase" Picture="1" IgnoreMouse="1" NewControlDepth="1"/>
    </Form>
    <Form Class="Window" Base="" Font="CRB_InterfaceMedium_B" ButtonType="PushButton" RadioGroup="" LAnchorPoint="0" LAnchorOffset="0" TAnchorPoint="0" TAnchorOffset="0" RAnchorPoint="1" RAnchorOffset="0" BAnchorPoint="0" BAnchorOffset="35" DT_VCENTER="1" DT_CENTER="1" TooltipType="OnCursor" Name="OriginPieceDropdownHeader" BGColor="ffffffff" TextColor="ffffffff" TooltipColor="" NormalTextColor="ff2f94ac" PressedTextColor="ff31fcf6" FlybyTextColor="ff2f94ac" PressedFlybyTextColor="ff31fcf6" DisabledTextColor="ff333333" Text="" TextId="" Tooltip="" Picture="1" Overlapped="1" RelativeToClient="1" Sprite="" SwallowMouseClicks="1">
        <Control Class="Window" LAnchorPoint="0" LAnchorOffset="30" TAnchorPoint="0" TAnchorOffset="0" RAnchorPoint="1" RAnchorOffset="0" BAnchorPoint="1" BAnchorOffset="0" RelativeToClient="1" Font="CRB_Button" Text="" Template="Default" TooltipType="OnCursor" Name="OriginPieceDropdownHeaderText" BGColor="ffffffff" TextColor="UI_WindowTitleYellow" TooltipColor="" Picture="1" IgnoreMouse="0" Sprite="" TextId="CRB__2" DT_VCENTER="1" DT_WORDBREAK="1" DT_BOTTOM="0" DT_CENTER="0" AutoScaleText="1"/>
    </Form>
    <Form Class="Window" Base="kitBtn_List_Holo" Font="CRB_InterfaceMedium_B" ButtonType="PushButton" RadioGroup="" LAnchorPoint="0" LAnchorOffset="0" TAnchorPoint="0" TAnchorOffset="0" RAnchorPoint="1" RAnchorOffset="0" BAnchorPoint="0" BAnchorOffset="30" DT_VCENTER="1" DT_CENTER="1" TooltipType="OnCursor" Name="OriginPieceDropdownListItem" BGColor="ffffffff" TextColor="ffffffff" TooltipColor="" NormalTextColor="ff2f94ac" PressedTextColor="ff31fcf6" FlybyTextColor="ff2f94ac" PressedFlybyTextColor="ff31fcf6" DisabledTextColor="ff333333" Text="" TextId="" Tooltip="" RelativeToClient="1" Overlapped="1">
        <Control Class="Window" LAnchorPoint="0" LAnchorOffset="2" TAnchorPoint="0.5" TAnchorOffset="-11" RAnchorPoint="0" RAnchorOffset="30" BAnchorPoint="0.5" BAnchorOffset="11" RelativeToClient="1" Font="Default" Text="" Template="Default" TooltipType="OnCursor" Name="OriginPieceDropdownListLockIcon" BGColor="ffffffff" TextColor="ffffffff" TooltipColor="" Picture="1" IgnoreMouse="1" Sprite="CRB_Basekit:kitIcon_Holo_Lock" NoClip="0" Tooltip="" TooltipFont="CRB_InterfaceSmall_O" TooltipId="Tradeskills_LockedTier"/>
        <Control Class="Button" Base="BK3:btnHolo_ListView_Simple" Font="CRB_InterfaceMedium_B" ButtonType="PushButton" RadioGroup="" LAnchorPoint="0" LAnchorOffset="0" TAnchorPoint="0" TAnchorOffset="0" RAnchorPoint="1" RAnchorOffset="0" BAnchorPoint="0" BAnchorOffset="30" DT_VCENTER="1" DT_CENTER="1" TooltipType="OnCursor" Name="OriginPieceDropdownListItemBtn" BGColor="ffffffff" TextColor="ffffffff" TooltipColor="" NormalTextColor="ff2f94ac" PressedTextColor="ff31fcf6" FlybyTextColor="ff2f94ac" PressedFlybyTextColor="ff31fcf6" DisabledTextColor="ff333333" Text="" TextId="" Tooltip="" RelativeToClient="1">
            <Event Name="ButtonSignal" Function="OnOriginPieceItemBtnClick"/>
            <Control Class="Window" LAnchorPoint="0" LAnchorOffset="25" TAnchorPoint="0" TAnchorOffset="0" RAnchorPoint="1" RAnchorOffset="-6" BAnchorPoint="1" BAnchorOffset="0" RelativeToClient="1" Font="CRB_InterfaceSmall" Text="" Template="Default" TooltipType="OnCursor" Name="OriginPieceDropdownListItemText" BGColor="ffffffff" TextColor="ff31fcf6" TooltipColor="" TextId="CRB__2" DT_VCENTER="1" IgnoreMouse="1" AutoScaleText="1"/>
        </Control>
    </Form>
    <Form Class="Button" Base="CRB_TechTree:CRB_TechTree_BlueBtn" Font="Thick" ButtonType="Check" RadioGroup="" LAnchorPoint="0" LAnchorOffset="-60" TAnchorPoint="0" TAnchorOffset="-60" RAnchorPoint="0" RAnchorOffset="140" BAnchorPoint="0" BAnchorOffset="140" TooltipType="OnCursor" Name="HAMItemBtn" BGColor="ffffffff" TextColor="ffffffff" TooltipColor="" NormalTextColor="ffffffff" PressedTextColor="ffffffff" FlybyTextColor="ffffffff" PressedFlybyTextColor="ffffffff" DisabledTextColor="ffffffff" Text="" TextId="" RelativeToClient="1" GlobalRadioGroup="TradeskillTree_HAMItemBtn" TestAlpha="1" Overlapped="1" IgnoreMouse="1" Tooltip="">
        <Control Class="Window" LAnchorPoint="0" LAnchorOffset="45" TAnchorPoint="0" TAnchorOffset="40" RAnchorPoint="1" RAnchorOffset="-45" BAnchorPoint="1" BAnchorOffset="-75" RelativeToClient="1" Font="CRB_InterfaceMedium_B" Text="" Template="Default" TooltipType="OnCursor" Name="ItemTitle" BGColor="ffffffff" TextColor="ff2f94ac" TooltipColor="" TextId="Challenges_NoProgress" DT_WORDBREAK="1" DT_VCENTER="1" DT_CENTER="1"/>
        <Event Name="ButtonCheck" Function="OnHAMItemBtnShowExtraInfo"/>
        <Event Name="ButtonUncheck" Function="OnHAMItemBtnUncheck"/>
        <Control Class="Window" LAnchorPoint="0" LAnchorOffset="41" TAnchorPoint="1" TAnchorOffset="-74" RAnchorPoint="1" RAnchorOffset="-41" BAnchorPoint="1" BAnchorOffset="-39" RelativeToClient="1" Font="Default" Text="" Template="Default" TooltipType="OnCursor" Name="ItemProgBG" BGColor="ffffffff" TextColor="ffffffff" TooltipColor="" Sprite="CRB_TechTree:CRB_TechTree_ProgBarBG" Picture="1" IgnoreMouse="1" TextId="" DT_CENTER="0" DT_VCENTER="0" NewControlDepth="1">
            <Control Class="ProgressBar" Text="" LAnchorPoint="0" LAnchorOffset="4" TAnchorPoint="0" TAnchorOffset="11" RAnchorPoint="0" RAnchorOffset="74" BAnchorPoint="0" BAnchorOffset="23" AutoSetText="0" UseValues="0" RelativeToClient="1" SetTextToProgress="0" DT_CENTER="1" DT_VCENTER="1" ProgressEmpty="" ProgressFull="CRB_TechTree:CRB_TechTree_ProgBarFill" TooltipType="OnCursor" Name="ItemProgBar" BGColor="ffffffff" TextColor="ffffffff" TooltipColor="" BarColor="" Sprite="" Picture="1" Font="Default" TextId="" ProgressEdgeGlow="" EdgeGlow="1" NoClipEdgeGlow="1" Tooltip="" IgnoreMouse="1" ProgressFill=""/>
            <Control Class="Window" LAnchorPoint="1" LAnchorOffset="-42" TAnchorPoint="0" TAnchorOffset="-3" RAnchorPoint="1" RAnchorOffset="-2" BAnchorPoint="0" BAnchorOffset="37" RelativeToClient="1" Font="CRB_InterfaceMedium_B" Text="" Template="Default" TooltipType="OnCursor" Name="ItemProgTextCheckmark" BGColor="ffffffff" TextColor="ff2f94ac" TooltipColor="" Sprite="" Picture="1" IgnoreMouse="1" Visible="1" TextId="CRB_00" DT_CENTER="1" DT_VCENTER="1" NewControlDepth="1" TooltipFont="CRB_InterfaceSmall_O"/>
            <Control Class="Window" LAnchorPoint="1" LAnchorOffset="-41" TAnchorPoint="0" TAnchorOffset="8" RAnchorPoint="1" RAnchorOffset="-3" BAnchorPoint="0" BAnchorOffset="27" RelativeToClient="1" Font="CRB_InterfaceMedium_B" Text="" Template="Default" TooltipType="OnCursor" Name="ItemProgTextCheckmarkVisual" BGColor="ffffffff" TextColor="ff2f94ac" TooltipColor="" Sprite="" Picture="1" IgnoreMouse="1" Visible="1" TextId="" DT_CENTER="1" DT_VCENTER="1" NewControlDepth="1" TooltipFont="CRB_InterfaceSmall_O"/>
        </Control>
    </Form>
    <Form Class="Window" LAnchorPoint="0" LAnchorOffset="0" TAnchorPoint="0" TAnchorOffset="0" RAnchorPoint="1" RAnchorOffset="0" BAnchorPoint="1" BAnchorOffset="0" RelativeToClient="1" Font="Default" Text="" Template="Default" TooltipType="OnCursor" Name="HAMItemBtnHasTalentPoint" BGColor="ffffffff" TextColor="ffffffff" TooltipColor="" IgnoreMouse="1" Overlapped="1" Tooltip="">
        <Control Class="Window" LAnchorPoint="0" LAnchorOffset="40" TAnchorPoint="0" TAnchorOffset="35" RAnchorPoint="0" RAnchorOffset="60" BAnchorPoint="0" BAnchorOffset="55" RelativeToClient="1" Font="Default" Text="" Template="Default" TooltipType="OnCursor" Name="HAMItemBtnHasTalentPointArt" BGColor="ee31fcf6" TextColor="ffffffff" TooltipColor="" Sprite="ClientSprites:ComboStarFull" Picture="1" IgnoreMouse="1" TooltipFont="CRB_InterfaceSmall_O" Tooltip="" TooltipId="Tradeskills_RewardsTalentPoints"/>
    </Form>
</Forms>
