<?xml version="1.0" encoding="UTF-8" standalone="yes" ?>
<Forms>
    <Form Class="Window" LAnchorPoint="0" LAnchorOffset="0" TAnchorPoint="0" TAnchorOffset="0" RAnchorPoint="1" RAnchorOffset="0" BAnchorPoint="1" BAnchorOffset="0" RelativeToClient="0" Font="Default" Text="" Template="Default" TooltipType="OnCursor" Name="GameExitForm" Border="0" Picture="1" SwallowMouseClicks="1" Moveable="0" Escapable="1" Overlapped="1" BGColor="UI_AlphaPercent50" TextColor="white" TooltipColor="" Sprite="BlackFill" Tooltip="">
        <Control Class="Window" LAnchorPoint="0.5" LAnchorOffset="-550" TAnchorPoint="0" TAnchorOffset="50" RAnchorPoint="0.5" RAnchorOffset="550" BAnchorPoint="0" BAnchorOffset="812" RelativeToClient="1" Font="Default" Text="" Template="" Name="GameExitPseudoForm" Border="0" Picture="1" SwallowMouseClicks="1" Moveable="0" Escapable="0" Overlapped="1" BGColor="white" TextColor="white" TextId="" TooltipColor="" Tooltip="" Sprite="BK3:sprHolo_Alert_Confirm">
            <Control Class="Window" LAnchorPoint="0" LAnchorOffset="50" TAnchorPoint="0" TAnchorOffset="69" RAnchorPoint="1" RAnchorOffset="-50" BAnchorPoint="1" BAnchorOffset="-93" RelativeToClient="1" Font="Default" Text="" Template="Default" TooltipType="OnCursor" Name="BG_Inset1" BGColor="white" TextColor="white" TooltipColor="" Picture="1" IgnoreMouse="1" Sprite="PreOrder:spr_PreOrder" HideInEditor="0">
                <Event Name="MouseButtonUp" Function="OnPreOrder"/>
            </Control>
            <Control Class="Window" LAnchorPoint="0" LAnchorOffset="537" TAnchorPoint="0" TAnchorOffset="247" RAnchorPoint="1" RAnchorOffset="-66" BAnchorPoint="1" BAnchorOffset="-167" RelativeToClient="1" Font="Default" Text="" Template="Default" TooltipType="OnCursor" Name="BG_Inset" BGColor="white" TextColor="white" TooltipColor="" Picture="1" IgnoreMouse="1" Sprite="BK3:UI_BK3_Holo_InsetFlyout" HideInEditor="0" NewControlDepth="4"/>
            <Control Class="Button" Base="BK3:btnHolo_Blue_Med" Font="CRB_Button" ButtonType="PushButton" RadioGroup="" LAnchorPoint="0.5" LAnchorOffset="-200" TAnchorPoint="1" TAnchorOffset="-91" RAnchorPoint="0.5" RAnchorOffset="0" BAnchorPoint="1" BAnchorOffset="-18" DT_VCENTER="1" DT_CENTER="1" Name="LeaveNow" BGColor="white" TextColor="white" NewControlDepth="2" WindowSoundTemplate="TogglePhys02" TextId="GameExit_LeaveNow" Text="" TooltipColor="" NormalTextColor="UI_BtnTextBlueNormal" PressedTextColor="UI_BtnTextBluePressed" FlybyTextColor="UI_BtnTextBlueFlyby" PressedFlybyTextColor="UI_BtnTextBluePressedFlyby" DisabledTextColor="UI_BtnTextBlueDisabled" Tooltip="" HideInEditor="0" Visible="1">
                <Event Name="ButtonSignal" Function="OnLeaveNow"/>
            </Control>
            <Control Class="Button" Base="BK3:btnHolo_Close" Font="Thick" ButtonType="PushButton" RadioGroup="" LAnchorPoint="1" LAnchorOffset="-65" TAnchorPoint="0" TAnchorOffset="22" RAnchorPoint="1" RAnchorOffset="-23" BAnchorPoint="0" BAnchorOffset="64" DT_VCENTER="1" DT_CENTER="1" Name="CloseButton" BGColor="white" TextColor="white" NewControlDepth="2" WindowSoundTemplate="CloseWindowPhys" Text="" TextId="" TooltipColor="" NormalTextColor="white" PressedTextColor="white" FlybyTextColor="white" PressedFlybyTextColor="white" DisabledTextColor="white">
                <Event Name="ButtonSignal" Function="OnCancel"/>
            </Control>
            <Control Class="Button" Base="BK3:btnHolo_Red_Med" Font="CRB_Button" ButtonType="PushButton" RadioGroup="" LAnchorPoint="0.5" LAnchorOffset="0" TAnchorPoint="1" TAnchorOffset="-91" RAnchorPoint="0.5" RAnchorOffset="200" BAnchorPoint="1" BAnchorOffset="-18" DT_VCENTER="1" DT_CENTER="1" Name="CancelButton" BGColor="white" TextColor="white" NewControlDepth="2" WindowSoundTemplate="TogglePhys03" TextId="Cancel" Text="" TooltipColor="" NormalTextColor="UI_BtnTextRedNormal" PressedTextColor="UI_BtnTextRedPressed" FlybyTextColor="UI_BtnTextRedFlyby" PressedFlybyTextColor="UI_BtnTexRedPressedFlyby" DisabledTextColor="UI_BtnTexRedDisabled">
                <Event Name="ButtonSignal" Function="OnCancel"/>
            </Control>
            <Control Class="Window" LAnchorPoint="0" LAnchorOffset="-99" TAnchorPoint="0" TAnchorOffset="-34" RAnchorPoint="1" RAnchorOffset="-1175" BAnchorPoint="0.5" BAnchorOffset="-381" RelativeToClient="1" Font="CRB_HeaderGigantic_O" Text="" Template="Default" TooltipType="OnCursor" Name="Message" BGColor="white" TextColor="white" TooltipColor="" DT_CENTER="0" DT_VCENTER="1" TextId="PreOrder_Header1" IgnoreMouse="1" AutoScaleText="1"/>
            <Control Class="Window" LAnchorPoint="0.5" LAnchorOffset="-100" TAnchorPoint="1" TAnchorOffset="-150" RAnchorPoint="0.5" RAnchorOffset="100" BAnchorPoint="1" BAnchorOffset="-75" RelativeToClient="1" Font="CRB_HeaderLarge" Text="" Template="Default" TooltipType="OnCursor" Name="Time" BGColor="white" TextColor="white" TooltipColor="" DT_CENTER="1" DT_VCENTER="1" TextId=""/>
            <Control Class="Window" LAnchorPoint="0" LAnchorOffset="550" TAnchorPoint="0" TAnchorOffset="120" RAnchorPoint="1" RAnchorOffset="-80" BAnchorPoint="0" BAnchorOffset="190" RelativeToClient="1" Font="CRB_HeaderGigantic_O" Text="" Template="Default" TooltipType="OnCursor" Name="Message1" BGColor="white" TextColor="white" TooltipColor="" DT_CENTER="0" DT_VCENTER="0" TextId="PreOrder_Header1" IgnoreMouse="1" AutoScaleText="1" DT_RIGHT="0" DT_WORDBREAK="1"/>
            <Control Class="Window" LAnchorPoint="0" LAnchorOffset="550" TAnchorPoint="0" TAnchorOffset="188" RAnchorPoint="1" RAnchorOffset="-250" BAnchorPoint="0" BAnchorOffset="258" RelativeToClient="1" Font="CRB_HeaderLarge_O" Text="" Template="Default" TooltipType="OnCursor" Name="Message2" BGColor="white" TextColor="UI_BtnTextGrayOrangeListPressed" TooltipColor="" DT_CENTER="0" DT_VCENTER="0" TextId="PreOrder_Header2" IgnoreMouse="1" AutoScaleText="1" AutoScaleTextOff="1" DT_WORDBREAK="1" DT_RIGHT="0"/>
            <Control Class="Window" LAnchorPoint="0" LAnchorOffset="550" TAnchorPoint="0" TAnchorOffset="256" RAnchorPoint="1" RAnchorOffset="-80" BAnchorPoint="1" BAnchorOffset="-176" RelativeToClient="1" Font="CRB_Interface14_BO" Text="" Template="Default" TooltipType="OnCursor" Name="Message3" BGColor="white" TextColor="UI_WindowTextOrange" TooltipColor="" DT_CENTER="0" DT_VCENTER="0" TextId="PreOrder_Body" IgnoreMouse="1" AutoScaleText="1" AutoScaleTextOff="1" DT_WORDBREAK="1" DT_RIGHT="0"/>
            <Control Class="Window" LAnchorPoint="0" LAnchorOffset="60" TAnchorPoint="0" TAnchorOffset="26" RAnchorPoint="1" RAnchorOffset="-60" BAnchorPoint="0" BAnchorOffset="56" RelativeToClient="1" Font="CRB_HeaderLarge" Template="Default" Name="Title" BGColor="white" TextColor="UI_WindowTitleYellow" DT_VCENTER="1" DT_CENTER="1" NewControlDepth="2" TextId="PreOrder_Title" Text="" TooltipColor=""/>
            <Control Class="Button" Base="BK3:btnHolo_Blue_Med" Font="CRB_Button" ButtonType="PushButton" RadioGroup="" LAnchorPoint="1" LAnchorOffset="-258" TAnchorPoint="1" TAnchorOffset="-170" RAnchorPoint="1" RAnchorOffset="-58" BAnchorPoint="1" BAnchorOffset="-97" DT_VCENTER="1" DT_CENTER="1" Name="PreOrder" BGColor="white" TextColor="white" NewControlDepth="2" WindowSoundTemplate="TogglePhys02" TextId="PreOrder_Button" Text="" TooltipColor="" NormalTextColor="UI_BtnTextBlueNormal" PressedTextColor="UI_BtnTextBluePressed" FlybyTextColor="UI_BtnTextBlueFlyby" PressedFlybyTextColor="UI_BtnTextBluePressedFlyby" DisabledTextColor="UI_BtnTextBlueDisabled" Tooltip="" HideInEditor="0" Visible="1">
                <Event Name="ButtonSignal" Function="OnPreOrder"/>
            </Control>
        </Control>
        <Event Name="WindowClosed" Function="OnCancel"/>
    </Form>
</Forms>
