<?xml version="1.0" encoding="UTF-8" standalone="yes" ?>
<Forms>
    <Form Class="Window" LAnchorPoint="0" LAnchorOffset="0" TAnchorPoint="0" TAnchorOffset="0" RAnchorPoint="1" RAnchorOffset="0" BAnchorPoint="1" BAnchorOffset="0" RelativeToClient="0" Font="Default" Text="" Template="Default" TooltipType="OnCursor" Name="CRB_GameExitForm" Border="0" Picture="1" SwallowMouseClicks="1" Moveable="0" Escapable="0" Overlapped="1" BGColor="UI_AlphaPercent50" TextColor="white" TooltipColor="" Sprite="BlackFill" Tooltip="">
        <Control Class="Window" LAnchorPoint="0.5" LAnchorOffset="-235" TAnchorPoint=".25" TAnchorOffset="-127" RAnchorPoint="0.5" RAnchorOffset="177" BAnchorPoint=".25" BAnchorOffset="127" RelativeToClient="1" Font="Default" Text="" Template="" Name="GameExitPseudoForm" Border="0" Picture="1" SwallowMouseClicks="1" Moveable="0" Escapable="0" Overlapped="1" BGColor="white" TextColor="white" TextId="" TooltipColor="" Tooltip="" Sprite="BK3:sprHolo_Alert_Confirm">
            <Control Class="Window" LAnchorPoint="0" LAnchorOffset="50" TAnchorPoint="0.5" TAnchorOffset="-58" RAnchorPoint="1" RAnchorOffset="-50" BAnchorPoint="0.5" BAnchorOffset="34" RelativeToClient="1" Font="Default" Text="" Template="Default" TooltipType="OnCursor" Name="BG_Inset" BGColor="white" TextColor="white" TooltipColor="" Picture="1" IgnoreMouse="1" Sprite="BK3:UI_BK3_Holo_InsetHeaderThin"/>
            <Control Class="Window" LAnchorPoint="0" LAnchorOffset="60" TAnchorPoint="0" TAnchorOffset="26" RAnchorPoint="1" RAnchorOffset="-60" BAnchorPoint="0" BAnchorOffset="56" RelativeToClient="1" Font="CRB_HeaderLarge" Template="Default" Name="Title" BGColor="white" TextColor="UI_WindowTitleYellow" DT_VCENTER="1" DT_CENTER="1" NewControlDepth="2" TextId="CRB_Camp" Text="" TooltipColor=""/>
            <Control Class="Button" Base="BK3:btnHolo_Red_Med" Font="CRB_Button" ButtonType="PushButton" RadioGroup="" LAnchorPoint="0" LAnchorOffset="136" TAnchorPoint="1" TAnchorOffset="-91" RAnchorPoint="0" RAnchorOffset="276" BAnchorPoint="1" BAnchorOffset="-18" DT_VCENTER="1" DT_CENTER="1" Name="CancelButton" BGColor="white" TextColor="white" NewControlDepth="2" WindowSoundTemplate="TogglePhys03" TextId="CRB_Cancel" Text="" TooltipColor="" NormalTextColor="UI_BtnTextRedNormal" PressedTextColor="UI_BtnTextRedPressed" FlybyTextColor="UI_BtnTextRedFlyby" PressedFlybyTextColor="UI_BtnTextRedPressedFlyby" DisabledTextColor="UI_BtnTextRedDisabled">
                <Event Name="ButtonSignal" Function="OnCancel"/>
            </Control>
            <Control Class="Button" Base="BK3:btnHolo_Blue_Med" Font="CRB_Button" ButtonType="PushButton" RadioGroup="" LAnchorPoint="0" LAnchorOffset="66" TAnchorPoint="1" TAnchorOffset="-91" RAnchorPoint=".5" RAnchorOffset="0" BAnchorPoint="1" BAnchorOffset="-18" DT_VCENTER="1" DT_CENTER="1" Name="LeaveNow" BGColor="white" TextColor="white" NewControlDepth="2" WindowSoundTemplate="TogglePhys02" TextId="CRB_GameExit_LeaveNow" Text="" TooltipColor="" NormalTextColor="UI_BtnTextBlueNormal" PressedTextColor="UI_BtnTextBluePressed" FlybyTextColor="UI_BtnTextBlueFlyby" PressedFlybyTextColor="UI_BtnTextBluePressedFlyby" DisabledTextColor="UI_BtnTextBlueDisabled" Tooltip="" HideInEditor="1">
                <Event Name="ButtonSignal" Function="OnLeaveNow"/>
            </Control>
            <Control Class="Button" Base="BK3:btnHolo_Close" Font="Thick" ButtonType="PushButton" RadioGroup="" LAnchorPoint="1" LAnchorOffset="-65" TAnchorPoint="0" TAnchorOffset="22" RAnchorPoint="1" RAnchorOffset="-23" BAnchorPoint="0" BAnchorOffset="64" DT_VCENTER="1" DT_CENTER="1" Name="CloseButton" BGColor="white" TextColor="white" NewControlDepth="2" WindowSoundTemplate="CloseWindowPhys" Text="" TextId="" TooltipColor="" NormalTextColor="white" PressedTextColor="white" FlybyTextColor="white" PressedFlybyTextColor="white" DisabledTextColor="white">
                <Event Name="ButtonSignal" Function="OnCancel"/>
            </Control>
            <Control Class="Window" LAnchorPoint="0" LAnchorOffset="50" TAnchorPoint="0" TAnchorOffset="67" RAnchorPoint="1" RAnchorOffset="-50" BAnchorPoint="0.5" BAnchorOffset="-20" RelativeToClient="1" Font="CRB_InterfaceMedium" Text="" Template="Default" TooltipType="OnCursor" Name="Message" BGColor="white" TextColor="UI_TextHoloTitle" TooltipColor="" DT_CENTER="1" DT_VCENTER="1" TextId="" IgnoreMouse="1" AutoScaleText="1"/>
            <Control Class="Window" LAnchorPoint=".5" LAnchorOffset="-58" TAnchorPoint="0.5" TAnchorOffset="-15" RAnchorPoint=".5" RAnchorOffset="58" BAnchorPoint="0.5" BAnchorOffset="25" RelativeToClient="1" Font="CRB_HeaderGigantic" Text="" Template="Default" TooltipType="OnCursor" Name="Time" BGColor="white" TextColor="UI_TextHoloBodyHighlight" TooltipColor="" DT_CENTER="1" DT_VCENTER="1" TextId=""/>
        </Control>
    </Form>
</Forms>
