<?xml version="1.0" encoding="UTF-8" standalone="yes" ?>
<Forms>
    <Form Class="Window" LAnchorPoint="0" LAnchorOffset="0" TAnchorPoint="0" TAnchorOffset="0" RAnchorPoint="0" RAnchorOffset="529" BAnchorPoint="0" BAnchorOffset="32" RelativeToClient="1" Font="Default" Text="" Template="Default" TooltipType="OnCursor" Name="FriendForm" Border="0" Picture="0" SwallowMouseClicks="1" Moveable="0" Escapable="0" Overlapped="0" BGColor="white" TextColor="white" TooltipColor="" UseTemplateBG="0" Sprite="CRB_Basekit:kitBase_HoloBlue_TinyNoGlow" Tooltip="">
        <Control Class="Button" Base="BK3:btnHolo_ListView_Simple" Font="Thick" ButtonType="Check" RadioGroup="" LAnchorPoint="0" LAnchorOffset="0" TAnchorPoint="0" TAnchorOffset="0" RAnchorPoint="1" RAnchorOffset="0" BAnchorPoint="1" BAnchorOffset="0" DT_VCENTER="1" DT_CENTER="1" TooltipType="OnCursor" Name="FriendBtn" BGColor="white" TextColor="white" TooltipColor="" NormalTextColor="white" PressedTextColor="white" FlybyTextColor="white" PressedFlybyTextColor="white" DisabledTextColor="white" Text="" ProcessRightClick="1">
            <Event Name="ButtonCheck" Function="OnFriendBtn"/>
            <Event Name="ButtonUncheck" Function="OnFriendBtnUncheck"/>
        </Control>
        <Control Class="Window" LAnchorPoint="0" LAnchorOffset="10" TAnchorPoint="0" TAnchorOffset="0" RAnchorPoint="0" RAnchorOffset="256" BAnchorPoint="1" BAnchorOffset="0" RelativeToClient="1" Font="CRB_InterfaceMedium" Text="" Template="Default" TooltipType="OnCursor" Name="Name" BGColor="white" TextColor="white" TooltipColor="" DT_RIGHT="0" DT_WORDBREAK="1" TextId="" IgnoreMouse="1" DT_VCENTER="1" NewControlDepth="2"/>
        <Control Class="Window" LAnchorPoint="0" LAnchorOffset="292" TAnchorPoint="0" TAnchorOffset="0" RAnchorPoint="0" RAnchorOffset="329" BAnchorPoint="1" BAnchorOffset="0" RelativeToClient="1" Font="CRB_InterfaceMedium" Text="" Template="Default" TooltipType="OnCursor" Name="Level" BGColor="white" TextColor="white" TooltipColor="" DT_RIGHT="0" DT_WORDBREAK="0" TextId="" IgnoreMouse="1" DT_VCENTER="1" DT_CENTER="1" NewControlDepth="2"/>
        <Control Class="Window" LAnchorPoint="0" LAnchorOffset="340" TAnchorPoint="0" TAnchorOffset="3" RAnchorPoint="0" RAnchorOffset="366" BAnchorPoint="1" BAnchorOffset="-3" RelativeToClient="1" Font="CRB_InterfaceMedium" Text="" Template="Default" TooltipType="OnCursor" Name="Class" BGColor="white" TextColor="white" TooltipColor="" DT_RIGHT="0" DT_WORDBREAK="0" TextId="" IgnoreMouse="1" DT_VCENTER="1" DT_CENTER="1" Picture="1" Sprite="" NewControlDepth="2"/>
        <Control Class="Window" LAnchorPoint="0" LAnchorOffset="426" TAnchorPoint="0" TAnchorOffset="0" RAnchorPoint="0" RAnchorOffset="506" BAnchorPoint="1" BAnchorOffset="0" RelativeToClient="1" Font="CRB_InterfaceSmall" Text="" Template="Default" TooltipType="OnCursor" Name="LastOnline" BGColor="white" TextColor="white" TooltipColor="white" DT_RIGHT="0" DT_WORDBREAK="1" TextId="" IgnoreMouse="1" DT_VCENTER="1" NewControlDepth="2" TooltipFont="CRB_InterfaceMedium" IgnoreTooltipDelay="1"/>
        <Control Class="Window" LAnchorPoint="0" LAnchorOffset="383" TAnchorPoint="0" TAnchorOffset="3" RAnchorPoint="0" RAnchorOffset="409" BAnchorPoint="1" BAnchorOffset="-3" RelativeToClient="1" Font="CRB_InterfaceMedium" Text="" Template="Default" TooltipType="OnCursor" Name="Path" BGColor="white" TextColor="white" TooltipColor="" DT_RIGHT="0" DT_WORDBREAK="0" TextId="" IgnoreMouse="1" DT_VCENTER="1" DT_CENTER="1" Picture="1" Sprite="" NewControlDepth="2"/>
        <Control Class="Window" LAnchorPoint="0" LAnchorOffset="256" TAnchorPoint="0" TAnchorOffset="4" RAnchorPoint="0" RAnchorOffset="280" BAnchorPoint="1" BAnchorOffset="-4" RelativeToClient="1" Font="Default" Text="" Template="Default" TooltipType="OnCursor" Name="RoommateIcon" BGColor="white" TextColor="white" TooltipColor="" Picture="1" IgnoreMouse="1" Sprite="ClientSprites:Icon_Windows_UI_CRB_Attribute_Health" NewControlDepth="3" IgnoreTooltipDelay="1"/>
        <Control Class="Window" LAnchorPoint="0" LAnchorOffset="256" TAnchorPoint="0" TAnchorOffset="4" RAnchorPoint="0" RAnchorOffset="280" BAnchorPoint="1" BAnchorOffset="-4" RelativeToClient="1" Font="Default" Text="" Template="Default" TooltipType="OnCursor" Name="AccountIcon" BGColor="white" TextColor="white" TooltipColor="" Picture="1" IgnoreMouse="1" Sprite="ClientSprites:Icon_Windows_UI_CRB_Friend" NewControlDepth="3" IgnoreTooltipDelay="1"/>
    </Form>
    <Form Class="Window" LAnchorPoint=".3" LAnchorOffset="-315" TAnchorPoint=".5" TAnchorOffset="-350" RAnchorPoint=".3" RAnchorOffset="315" BAnchorPoint=".5" BAnchorOffset="350" RelativeToClient="1" Font="Default" Text="" Template="Default" Name="FriendsListForm" Border="0" Picture="0" SwallowMouseClicks="1" Moveable="1" Escapable="1" Overlapped="0" BGColor="white" TextColor="white" TextId="" Visible="0" TooltipColor="" Tooltip="" TestAlpha="0">
        <Control Class="Window" LAnchorPoint="0" LAnchorOffset="23" TAnchorPoint="0" TAnchorOffset="68" RAnchorPoint="1" RAnchorOffset="-25" BAnchorPoint="1" BAnchorOffset="-86" RelativeToClient="1" Font="Default" Text="" Template="Holo_Background_General" Name="BGArt" BGColor="white" TextColor="white" Sprite="" Picture="0" IgnoreMouse="1" NewControlDepth="1" TooltipColor="">
            <Control Class="Window" LAnchorPoint="0" LAnchorOffset="28" TAnchorPoint="0" TAnchorOffset="31" RAnchorPoint="0" RAnchorOffset="58" BAnchorPoint="0" BAnchorOffset="60" RelativeToClient="1" Font="Default" Text="" Template="Default" Name="BGTopLockFrame" BGColor="white" TextColor="white" Sprite="CRB_Basekit:kitAccent_Frame_OrangeCorners" Picture="1" IgnoreMouse="1" TooltipColor="" HideInEditor="1" NewControlDepth="2" Visible="0"/>
            <Control Class="Button" Base="CRB_Basekit:kitBtn_Holo_Large" Font="CRB_InterfaceSmall_I" ButtonType="PushButton" RadioGroup="" LAnchorPoint="1" LAnchorOffset="-167" TAnchorPoint="0" TAnchorOffset="34" RAnchorPoint="1" RAnchorOffset="-45" BAnchorPoint="0" BAnchorOffset="57" DT_VCENTER="1" DT_CENTER="1" Name="SocialPanelBtn" BGColor="white" TextColor="white" NormalTextColor="UI_BtnTextHoloNormal" PressedTextColor="UI_BtnTextHoloPressed" FlybyTextColor="UI_BtnTextHoloFlyby" PressedFlybyTextColor="UI_BtnTextHoloPressedFlyby" DisabledTextColor="UI_BtnTextHoloDisabled" Text="" TextId="CRB_ToSocial" Visible="0" RelativeToClient="1" TooltipColor="" Tooltip="" NoClip="1" HideInEditor="1">
                <Event Name="ButtonSignal" Function="OnSocialPanelBtn"/>
            </Control>
        </Control>
        <Control Class="Window" LAnchorPoint="0" LAnchorOffset="38" TAnchorPoint="0" TAnchorOffset="86" RAnchorPoint="0" RAnchorOffset="573" BAnchorPoint="0" BAnchorOffset="112" RelativeToClient="1" Font="Default" Text="" Template="Default" Name="RosterHeaderContainer" BGColor="white" TextColor="white" TooltipColor="" NewControlDepth="10">
            <Control Class="Window" LAnchorPoint="0" LAnchorOffset="0" TAnchorPoint="0" TAnchorOffset="0" RAnchorPoint="1" RAnchorOffset="0" BAnchorPoint="1" BAnchorOffset="0" RelativeToClient="1" Font="Default" Text="" Template="Default" TooltipType="OnCursor" Name="Controls_Friends" BGColor="white" TextColor="white" TooltipColor="">
                <Control Class="Window" LAnchorPoint="0" LAnchorOffset="0" TAnchorPoint="0" TAnchorOffset="0" RAnchorPoint="0" RAnchorOffset="250" BAnchorPoint="1" BAnchorOffset="0" RelativeToClient="1" Font="CRB_InterfaceSmall" Text="" Template="Default" TooltipType="OnCursor" Name="Label_Friend" BGColor="white" TextColor="UI_TextHoloBody" TooltipColor="" Picture="1" IgnoreMouse="1" Sprite="BK3:btnHolo_ListView_TopNormal" DT_VCENTER="1" DT_CENTER="0" TextId="Friends_FriendNameHeader"/>
                <Control Class="Window" LAnchorPoint="1" LAnchorOffset="-287" TAnchorPoint="0" TAnchorOffset="0" RAnchorPoint="1" RAnchorOffset="-240" BAnchorPoint="1" BAnchorOffset="0" RelativeToClient="1" Font="CRB_InterfaceSmall" Text="" Template="Default" TooltipType="OnCursor" Name="Label_Friend5" BGColor="white" TextColor="UI_TextHoloBody" TooltipColor="" Picture="1" IgnoreMouse="1" Sprite="BK3:btnHolo_ListView_TopNormal" DT_VCENTER="1" DT_CENTER="1" TextId="CRB_Status"/>
                <Control Class="Window" LAnchorPoint="0" LAnchorOffset="293" TAnchorPoint="0" TAnchorOffset="0" RAnchorPoint="0" RAnchorOffset="335" BAnchorPoint="1" BAnchorOffset="0" RelativeToClient="1" Font="CRB_InterfaceSmall" Text="" Template="Default" TooltipType="OnCursor" Name="Label_Friend1" BGColor="white" TextColor="UI_TextHoloBody" TooltipColor="" Picture="1" IgnoreMouse="1" Sprite="BK3:btnHolo_ListView_TopNormal" DT_VCENTER="1" DT_CENTER="1" TextId="Friends_LevelHeader"/>
                <Control Class="Window" LAnchorPoint="0" LAnchorOffset="334" TAnchorPoint="0" TAnchorOffset="0" RAnchorPoint="0" RAnchorOffset="376" BAnchorPoint="1" BAnchorOffset="0" RelativeToClient="1" Font="CRB_InterfaceSmall" Text="" Template="Default" TooltipType="OnCursor" Name="Label_Friend2" BGColor="white" TextColor="UI_TextHoloBody" TooltipColor="" Picture="1" IgnoreMouse="1" Sprite="BK3:btnHolo_ListView_TopNormal" DT_VCENTER="1" DT_CENTER="1" TextId="CRB_Class"/>
                <Control Class="Window" LAnchorPoint="0" LAnchorOffset="375" TAnchorPoint="0" TAnchorOffset="0" RAnchorPoint="0" RAnchorOffset="417" BAnchorPoint="1" BAnchorOffset="0" RelativeToClient="1" Font="CRB_InterfaceSmall" Text="" Template="Default" TooltipType="OnCursor" Name="Label_Friend3" BGColor="white" TextColor="UI_TextHoloBody" TooltipColor="" Picture="1" IgnoreMouse="1" Sprite="BK3:btnHolo_ListView_TopNormal" DT_VCENTER="1" DT_CENTER="1" TextId="CRB_Path"/>
                <Control Class="Window" LAnchorPoint="0" LAnchorOffset="416" TAnchorPoint="0" TAnchorOffset="0" RAnchorPoint="1" RAnchorOffset="0" BAnchorPoint="1" BAnchorOffset="0" RelativeToClient="1" Font="CRB_InterfaceSmall" Text="" Template="Default" TooltipType="OnCursor" Name="Label_Friend4" BGColor="white" TextColor="UI_TextHoloBody" TooltipColor="" Picture="1" IgnoreMouse="1" Sprite="BK3:btnHolo_ListView_TopNormal" DT_VCENTER="1" DT_CENTER="0" TextId="Friends_LastOnlineHeader"/>
            </Control>
        </Control>
        <Control Class="Window" LAnchorPoint="0" LAnchorOffset="39" TAnchorPoint="0" TAnchorOffset="112" RAnchorPoint="0" RAnchorOffset="590" BAnchorPoint="1" BAnchorOffset="-120" RelativeToClient="1" Font="Default" Text="" Template="Holo_ScrollList" TooltipType="OnCursor" Name="ListContainer" BGColor="white" TextColor="white" TooltipColor="" VScroll="1" IgnoreMouse="1" NewControlDepth="10" Border="1" UseTemplateBG="1"/>
        <Control Class="Window" LAnchorPoint="0" LAnchorOffset="37" TAnchorPoint="1" TAnchorOffset="-80" RAnchorPoint="1" RAnchorOffset="-38" BAnchorPoint="1" BAnchorOffset="-32" RelativeToClient="1" Font="Default" Text="" Template="Default" Name="Controls" BGColor="white" TextColor="white" TooltipColor="" Tooltip="" HideInEditor="0" NewControlDepth="1" IgnoreMouse="1" NewWindowDepth="1" Visible="1">
            <Control Class="Button" Base="CRB_Basekit:kitBtn_Metal_LargeBlue" Font="CRB_Button" ButtonType="Check" RadioGroup="RosterOptions_MemberOptionsRadioGroup" LAnchorPoint="0" LAnchorOffset="127" TAnchorPoint="0" TAnchorOffset="0" RAnchorPoint="0" RAnchorOffset="234" BAnchorPoint="1" BAnchorOffset="0" DT_VCENTER="1" DT_CENTER="1" Name="AddBtn" BGColor="white" TextColor="white" NormalTextColor="UI_BtnTextHoloNormal" PressedTextColor="UI_BtnTextHoloPressed" FlybyTextColor="UI_BtnTextHoloFlyby" PressedFlybyTextColor="UI_BtnTextHoloPressedFlyby" DisabledTextColor="UI_BtnTextHoloDisabled" Text="" TextId="Friends_AddBtn" Visible="1" GlobalRadioGroup="" LeftEdgeControlsAnchor="" RelativeToClient="1" TooltipColor="" HideInEditor="0">
                <Event Name="ButtonCheck" Function="OnAddBtn"/>
                <Control Class="Window" LAnchorPoint="0.5" LAnchorOffset="-113" TAnchorPoint="1" TAnchorOffset="-182" RAnchorPoint="0.5" RAnchorOffset="113" BAnchorPoint="1" BAnchorOffset="-37" RelativeToClient="1" Font="Default" Text="" Template="Default" Name="AddWindow" BGColor="white" TextColor="white" Picture="0" IgnoreMouse="1" Sprite="" Visible="0" HideInEditor="0" NewWindowDepth="0" NoClip="1" CloseOnExternalClick="1" TooltipColor="">
                    <Control Class="Window" LAnchorPoint="0" LAnchorOffset="-20" TAnchorPoint="0" TAnchorOffset="-20" RAnchorPoint="1" RAnchorOffset="20" BAnchorPoint="1" BAnchorOffset="15" RelativeToClient="1" Font="Default" Text="" Template="Default" Name="RemoveMemberBG" BGColor="white" TextColor="white" Sprite="BK3:sprHolo_Alert_Flyout" Picture="1" IgnoreMouse="1" TooltipColor="" NoClip="1" Tooltip="" HideInEditor="0"/>
                    <Control Class="EditBox" LAnchorPoint="0" LAnchorOffset="20" TAnchorPoint="1" TAnchorOffset="-99" RAnchorPoint="1" RAnchorOffset="-20" BAnchorPoint="1" BAnchorOffset="-68" RelativeToClient="1" Font="CRB_InterfaceMedium" Text="" Template="Holo_InputBox" Name="AddMemberEditBox" BGColor="white" TextColor="UI_TextHoloTitle" Picture="0" DT_VCENTER="0" IgnoreMouse="1" TooltipColor="" Border="1" UseTemplateBG="1" NewControlDepth="2">
                        <Event Name="EditBoxReturn" Function="OnAddMemberYesClick"/>
                    </Control>
                    <Control Class="Button" Base="CRB_Basekit:kitBtn_Holo_Close2" Font="Thick" ButtonType="PushButton" RadioGroup="" LAnchorPoint="1" LAnchorOffset="-35" TAnchorPoint="0" TAnchorOffset="25" RAnchorPoint="1" RAnchorOffset="-17" BAnchorPoint="0" BAnchorOffset="43" DT_VCENTER="1" DT_CENTER="1" Name="AddMemberCloseBtn" BGColor="white" TextColor="white" NormalTextColor="white" PressedTextColor="white" FlybyTextColor="white" PressedFlybyTextColor="white" DisabledTextColor="white" TooltipColor="">
                        <Event Name="ButtonSignal" Function="OnSubCloseBtn"/>
                    </Control>
                    <Control Class="Button" Base="BK3:btnHolo_Blue_Small" Font="CRB_Button" ButtonType="PushButton" RadioGroup="" LAnchorPoint="0.5" LAnchorOffset="-49" TAnchorPoint="1" TAnchorOffset="-70" RAnchorPoint="0.5" RAnchorOffset="51" BAnchorPoint="1" BAnchorOffset="-17" DT_VCENTER="1" DT_CENTER="1" Name="AddMemberYesBtn" BGColor="white" TextColor="white" NormalTextColor="UI_BtnTextBlueNormal" PressedTextColor="UI_BtnTextBluePressed" FlybyTextColor="UI_BtnTextBlueFlyby" PressedFlybyTextColor="UI_BtnTextBluePressedFlyby" DisabledTextColor="UI_BtnTextBlueDisabled" Text="" TextId="ArenaRoster_Add" TooltipColor="">
                        <Event Name="ButtonSignal" Function="OnAddMemberYesClick"/>
                    </Control>
                    <Event Name="WindowClosed" Function="OnRosterAddMemberCloseBtn"/>
                    <Pixie LAnchorPoint="0" LAnchorOffset="26" TAnchorPoint="0" TAnchorOffset="22" RAnchorPoint="1" RAnchorOffset="-12" BAnchorPoint="0" BAnchorOffset="40" BGColor="white" Font="CRB_InterfaceMedium_B" TextColor="UI_WindowTitleYellow" Text="" TextId="ArenaRoster_AddLabel" Line="0"/>
                </Control>
            </Control>
            <Control Class="Button" Base="CRB_Basekit:kitBtn_Metal_LargeBlue" Font="CRB_Button" ButtonType="Check" RadioGroup="RosterOptions_MemberOptionsRadioGroup" LAnchorPoint=".5" LAnchorOffset="-39" TAnchorPoint="0" TAnchorOffset="0" RAnchorPoint=".5" RAnchorOffset="61" BAnchorPoint="1" BAnchorOffset="0" DT_VCENTER="1" DT_CENTER="1" Name="ModifyBtn" BGColor="white" TextColor="white" NormalTextColor="UI_BtnTextHoloNormal" PressedTextColor="UI_BtnTextHoloPressed" FlybyTextColor="UI_BtnTextHoloFlyby" PressedFlybyTextColor="UI_BtnTextHoloPressedFlyby" DisabledTextColor="UI_BtnTextHoloDisabled" Text="" TextId="Friends_Modify" Visible="1" GlobalRadioGroup="" LeftEdgeControlsAnchor="" RelativeToClient="1" TooltipColor="" HideInEditor="0">
                <Event Name="ButtonCheck" Function="OnModifyBtn"/>
                <Control Class="Window" LAnchorPoint=".5" LAnchorOffset="-104" TAnchorPoint="1" TAnchorOffset="-244" RAnchorPoint=".5" RAnchorOffset="104" BAnchorPoint="1" BAnchorOffset="-37" RelativeToClient="1" Font="Default" Text="" Template="Default" Name="ModifyWindow" BGColor="white" TextColor="white" Picture="0" IgnoreMouse="1" Sprite="" Visible="0" HideInEditor="1" NoClip="1" CloseOnExternalClick="1" TooltipColor="">
                    <Control Class="Window" LAnchorPoint="0" LAnchorOffset="-20" TAnchorPoint="0" TAnchorOffset="-20" RAnchorPoint="1" RAnchorOffset="20" BAnchorPoint="1" BAnchorOffset="15" RelativeToClient="1" Font="Default" Text="" Template="Default" Name="RemoveMemberBG" BGColor="white" TextColor="white" Sprite="BK3:sprHolo_Alert_Flyout" Picture="1" IgnoreMouse="1" TooltipColor="" NoClip="1" Tooltip="" HideInEditor="1">
                        <Control Class="Window" LAnchorPoint="0" LAnchorOffset="40" TAnchorPoint="1" TAnchorOffset="-133" RAnchorPoint="1" RAnchorOffset="-37" BAnchorPoint="1" BAnchorOffset="-52" RelativeToClient="1" Font="Default" Text="" BGColor="UI_WindowBGDefault" TextColor="UI_WindowTextDefault" Template="Holo_TextCallout" TooltipType="OnCursor" Name="HoloInset" TooltipColor="" Border="1" IgnoreMouse="1" UseTemplateBG="1"/>
                    </Control>
                    <Control Class="Button" Base="CRB_Basekit:kitBtn_Holo_Close2" Font="Thick" ButtonType="PushButton" RadioGroup="" LAnchorPoint="1" LAnchorOffset="-34" TAnchorPoint="0" TAnchorOffset="27" RAnchorPoint="1" RAnchorOffset="-16" BAnchorPoint="0" BAnchorOffset="45" DT_VCENTER="1" DT_CENTER="1" Name="ModifyCloseBtn" BGColor="white" TextColor="white" NormalTextColor="white" PressedTextColor="white" FlybyTextColor="white" PressedFlybyTextColor="white" DisabledTextColor="white" Text="" TooltipColor="">
                        <Event Name="ButtonSignal" Function="OnSubCloseBtn"/>
                    </Control>
                    <Control Class="Button" Base="BK3:btnHolo_Blue_Small" Font="CRB_Button" ButtonType="PushButton" RadioGroup="" LAnchorPoint="0" LAnchorOffset="15" TAnchorPoint="1" TAnchorOffset="-170" RAnchorPoint="1" RAnchorOffset="-12" BAnchorPoint="1" BAnchorOffset="-117" DT_VCENTER="1" DT_CENTER="1" Name="ModifyPermissionsBtn" BGColor="white" TextColor="white" NormalTextColor="UI_BtnTextBlueNormal" PressedTextColor="UI_BtnTextBluePressed" FlybyTextColor="UI_BtnTextBlueFlyby" PressedFlybyTextColor="UI_BtnTextBluePressedFlyby" DisabledTextColor="UI_BtnTextBlueDisabled" Text="" TextId="Neighbors_GiveRoomate" TooltipColor="" Visible="1">
                        <Event Name="ButtonSignal" Function="OnModifyPermissionsBtn"/>
                    </Control>
                    <Control Class="Button" Base="BK3:btnHolo_Red_Small" Font="CRB_Button" ButtonType="PushButton" RadioGroup="" LAnchorPoint="0" LAnchorOffset="22" TAnchorPoint="1" TAnchorOffset="-119" RAnchorPoint="1" RAnchorOffset="-22" BAnchorPoint="1" BAnchorOffset="-66" DT_VCENTER="1" DT_CENTER="1" TooltipType="OnCursor" Name="ModifyRemoveBtn" BGColor="white" TextColor="white" TooltipColor="" NormalTextColor="UI_BtnTextRedNormal" PressedTextColor="UI_BtnTextRedPressed" FlybyTextColor="UI_BtnTextRedFlyby" PressedFlybyTextColor="UI_BtnTextRedPressedFlyby" DisabledTextColor="UI_BtnTextRedDisabled" Text="" TextId="Neighbors_RemovePlayer">
                        <Event Name="ButtonSignal" Function="OnModifyRemoveBtn"/>
                    </Control>
                    <Control Class="Button" Base="BK3:btnHolo_Red_Small" Font="CRB_Button" ButtonType="PushButton" RadioGroup="" LAnchorPoint="0" LAnchorOffset="23" TAnchorPoint="1" TAnchorOffset="-85" RAnchorPoint="1" RAnchorOffset="-21" BAnchorPoint="1" BAnchorOffset="-32" DT_VCENTER="1" DT_CENTER="1" TooltipType="OnCursor" Name="ModifyIgnoreBtn" BGColor="white" TextColor="white" TooltipColor="" NormalTextColor="UI_BtnTextRedNormal" PressedTextColor="UI_BtnTextRedPressed" FlybyTextColor="UI_BtnTextRedFlyby" PressedFlybyTextColor="UI_BtnTextRedPressedFlyby" DisabledTextColor="UI_BtnTextRedDisabled" Text="" TextId="Friends_IgnorePlayer">
                        <Event Name="ButtonSignal" Function="OnModifyIgnoreBtn"/>
                    </Control>
                    <Pixie LAnchorPoint="0" LAnchorOffset="26" TAnchorPoint="0" TAnchorOffset="24" RAnchorPoint="1" RAnchorOffset="-12" BAnchorPoint="0" BAnchorOffset="40" BGColor="white" Font="CRB_InterfaceMedium_B" TextColor="UI_WindowTitleYellow" Text="" TextId="Friends_ModifyPlayer" Line="0"/>
                </Control>
            </Control>
            <Control Class="Button" Base="CRB_Basekit:kitBtn_Metal_LargeBlue" Font="CRB_Button" ButtonType="PushButton" RadioGroup="RosterOptions_MemberOptionsRadioGroup" LAnchorPoint=".5" LAnchorOffset="66" TAnchorPoint="0" TAnchorOffset="0" RAnchorPoint=".5" RAnchorOffset="166" BAnchorPoint="1" BAnchorOffset="0" DT_VCENTER="1" DT_CENTER="1" Name="WhisperBtn" BGColor="white" TextColor="white" NormalTextColor="UI_BtnTextHoloNormal" PressedTextColor="UI_BtnTextHoloPressed" FlybyTextColor="UI_BtnTextHoloFlyby" PressedFlybyTextColor="UI_BtnTextHoloPressedFlyby" DisabledTextColor="UI_BtnTextHoloDisabled" Text="" TextId="ChatType_Tell" Visible="1" GlobalRadioGroup="" LeftEdgeControlsAnchor="" RelativeToClient="1" TooltipColor="" HideInEditor="1">
                <Event Name="ButtonSignal" Function="OnWhisperBtn"/>
            </Control>
            <Control Class="Button" Base="CRB_Basekit:kitBtn_Metal_LargeBlue" Font="CRB_Button" ButtonType="Check" RadioGroup="RosterOptions_MemberOptionsRadioGroup" LAnchorPoint=".5" LAnchorOffset="170" TAnchorPoint="0" TAnchorOffset="0" RAnchorPoint=".5" RAnchorOffset="270" BAnchorPoint="1" BAnchorOffset="0" DT_VCENTER="1" DT_CENTER="1" Name="VisitBtn" BGColor="white" TextColor="white" NormalTextColor="UI_BtnTextHoloNormal" PressedTextColor="UI_BtnTextHoloPressed" FlybyTextColor="UI_BtnTextHoloFlyby" PressedFlybyTextColor="UI_BtnTextHoloPressedFlyby" DisabledTextColor="UI_BtnTextHoloDisabled" Text="" TextId="CRB_Visit" Visible="1" GlobalRadioGroup="" LeftEdgeControlsAnchor="" RelativeToClient="1" TooltipColor="" HideInEditor="0">
                <Event Name="ButtonCheck" Function="OnVisitBtn"/>
                <Control Class="Window" LAnchorPoint="0.5" LAnchorOffset="-113" TAnchorPoint="1" TAnchorOffset="-158" RAnchorPoint="0.5" RAnchorOffset="111" BAnchorPoint="1" BAnchorOffset="-48" RelativeToClient="1" Font="Default" Text="" Template="Default" Name="VisitWindow" BGColor="white" TextColor="white" Picture="1" IgnoreMouse="1" Sprite="" Visible="0" HideInEditor="0" NoClip="1" CloseOnExternalClick="1" TooltipColor="">
                    <Control Class="Window" LAnchorPoint="0" LAnchorOffset="-20" TAnchorPoint="0" TAnchorOffset="-23" RAnchorPoint="1" RAnchorOffset="20" BAnchorPoint="1" BAnchorOffset="26" RelativeToClient="1" Font="Default" Text="" BGColor="UI_WindowBGDefault" TextColor="UI_WindowTextDefault" Template="Default" TooltipType="OnCursor" Name="HoloFrame" TooltipColor="" Sprite="BK3:sprHolo_Alert_Flyout" IgnoreMouse="1" NoClip="1" Picture="1"/>
                    <Control Class="Button" Base="CRB_Basekit:kitBtn_Holo_Close2" Font="Thick" ButtonType="PushButton" RadioGroup="" LAnchorPoint="1" LAnchorOffset="-35" TAnchorPoint="0" TAnchorOffset="22" RAnchorPoint="1" RAnchorOffset="-17" BAnchorPoint="0" BAnchorOffset="40" DT_VCENTER="1" DT_CENTER="1" Name="VisitCloseBtn" BGColor="white" TextColor="white" NormalTextColor="white" PressedTextColor="white" FlybyTextColor="white" PressedFlybyTextColor="white" DisabledTextColor="white" Text="" TooltipColor="">
                        <Event Name="ButtonSignal" Function="OnSubCloseBtn"/>
                    </Control>
                    <Control Class="Button" Base="BK3:btnHolo_Blue_Small" Font="CRB_Button" ButtonType="PushButton" RadioGroup="" LAnchorPoint="0" LAnchorOffset="16" TAnchorPoint="1" TAnchorOffset="-61" RAnchorPoint="0.5" RAnchorOffset="2" BAnchorPoint="1" BAnchorOffset="-8" DT_VCENTER="1" DT_CENTER="1" Name="VisitConfirmBtn" BGColor="white" TextColor="white" NormalTextColor="UI_BtnTextBlueNormal" PressedTextColor="UI_BtnTextBluePressed" FlybyTextColor="UI_BtnTextBlueFlyby" PressedFlybyTextColor="UI_BtnTextBluePressedFlyby" DisabledTextColor="UI_BtnTextBlueDisabled" Text="" TextId="Yes" TooltipColor="">
                        <Event Name="ButtonSignal" Function="OnVisitConfirmBtn"/>
                    </Control>
                    <Control Class="Button" Base="BK3:btnHolo_Red_Small" Font="CRB_Button" ButtonType="PushButton" RadioGroup="" LAnchorPoint="0.5" LAnchorOffset="-4" TAnchorPoint="1" TAnchorOffset="-58" RAnchorPoint="1" RAnchorOffset="-16" BAnchorPoint="1" BAnchorOffset="-5" DT_VCENTER="1" DT_CENTER="1" Name="VisitNoBtn" BGColor="white" TextColor="white" NormalTextColor="UI_BtnTextRedNormal" PressedTextColor="UI_BtnTextRedPressed" FlybyTextColor="UI_BtnTextRedFlyby" PressedFlybyTextColor="UI_BtnTextRedPressedFlyby" DisabledTextColor="UI_BtnTextRedDisabled" Text="" TextId="No" TooltipColor="">
                        <Event Name="ButtonSignal" Function="OnSubCloseBtn"/>
                    </Control>
                    <Pixie LAnchorPoint="0" LAnchorOffset="25" TAnchorPoint="0" TAnchorOffset="18" RAnchorPoint="1" RAnchorOffset="-14" BAnchorPoint="0" BAnchorOffset="50" BGColor="white" Font="CRB_InterfaceMedium" TextColor="UI_WindowTitleYellow" Text="" TextId="Neighbors_VisitPlayer" Line="0" DT_VCENTER="0" DT_CENTER="0"/>
                </Control>
            </Control>
            <Control Class="Button" Base="CRB_Basekit:kitBtn_Metal_MediumBlue" Font="CRB_InterfaceSmall_O" ButtonType="PushButton" RadioGroup="RosterOptions_MemberOptionsRadioGroup" LAnchorPoint="0" LAnchorOffset="58" TAnchorPoint="0" TAnchorOffset="0" RAnchorPoint="0" RAnchorOffset="108" BAnchorPoint="1" BAnchorOffset="0" DT_VCENTER="1" DT_CENTER="1" Name="RandomBtn" BGColor="white" TextColor="white" NormalTextColor="UI_BtnTextHoloNormal" PressedTextColor="UI_BtnTextHoloPressed" FlybyTextColor="UI_BtnTextHoloFlyby" PressedFlybyTextColor="UI_BtnTextHoloPressedFlyby" DisabledTextColor="UI_BtnTextHoloDisabled" Text="" TextId="" Visible="1" GlobalRadioGroup="" LeftEdgeControlsAnchor="" RelativeToClient="1" TooltipColor="white" HideInEditor="1" Tooltip="" TooltipId="Neighbors_RandomTooltip" TooltipFont="CRB_InterfaceMedium" TooltipType="OnCursor" IgnoreTooltipDelay="1">
                <Event Name="ButtonSignal" Function="OnRandomBtn"/>
                <Control Class="Window" LAnchorPoint="0" LAnchorOffset="10" TAnchorPoint="0" TAnchorOffset="10" RAnchorPoint="1" RAnchorOffset="-10" BAnchorPoint="1" BAnchorOffset="-10" RelativeToClient="1" Font="Default" Text="" Template="Default" TooltipType="OnCursor" Name="RandomIcon" BGColor="white" TextColor="white" TooltipColor="" Picture="1" IgnoreMouse="1" Sprite="ClientSprites:Icon_Mission_Settler_Posse" NewControlDepth="5"/>
            </Control>
            <Control Class="Button" Base="CRB_Basekit:kitBtn_Metal_MediumBlue" Font="CRB_InterfaceSmall_O" ButtonType="PushButton" RadioGroup="RosterOptions_MemberOptionsRadioGroup" LAnchorPoint="0" LAnchorOffset="8" TAnchorPoint="0" TAnchorOffset="0" RAnchorPoint="0" RAnchorOffset="58" BAnchorPoint="1" BAnchorOffset="0" DT_VCENTER="1" DT_CENTER="1" Name="TeleportHomeBtn" BGColor="white" TextColor="white" NormalTextColor="UI_BtnTextHoloNormal" PressedTextColor="UI_BtnTextHoloPressed" FlybyTextColor="UI_BtnTextHoloFlyby" PressedFlybyTextColor="UI_BtnTextHoloPressedFlyby" DisabledTextColor="UI_BtnTextHoloDisabled" Text="" TextId="" Visible="1" GlobalRadioGroup="" LeftEdgeControlsAnchor="" RelativeToClient="1" TooltipColor="white" HideInEditor="1" Tooltip="" TooltipId="Neighbors_PortHomeTooltip" TooltipFont="CRB_InterfaceMedium" TooltipType="OnCursor" IgnoreTooltipDelay="1">
                <Event Name="ButtonSignal" Function="OnTeleportHomeBtn"/>
                <Control Class="Window" LAnchorPoint="0" LAnchorOffset="10" TAnchorPoint="0" TAnchorOffset="10" RAnchorPoint="1" RAnchorOffset="-10" BAnchorPoint="1" BAnchorOffset="-10" RelativeToClient="1" Font="Default" Text="" Template="Default" TooltipType="OnCursor" Name="TeleportHomeIcon" BGColor="66555555" TextColor="white" TooltipColor="" Picture="1" IgnoreMouse="1" Sprite="ClientSprites:Icon_Mission_Explorer_ExplorerDoor" NewControlDepth="5"/>
            </Control>
            <Control Class="Window" LAnchorPoint="0" LAnchorOffset="8" TAnchorPoint="0" TAnchorOffset="0" RAnchorPoint="0" RAnchorOffset="58" BAnchorPoint="1" BAnchorOffset="0" RelativeToClient="1" Font="Default" Text="" Template="Default" TooltipType="OnCursor" Name="HomeDisabledBlocker" BGColor="white" TextColor="white" TooltipColor="white" TooltipFont="CRB_InterfaceMedium" Tooltip="" TooltipId="Neighbors_MustBeOnPlot" IgnoreTooltipDelay="1" Picture="1" IgnoreMouse="0" NewWindowDepth="1" Sprite="" Visible="1"/>
            <Control Class="Window" LAnchorPoint=".5" LAnchorOffset="170" TAnchorPoint="0" TAnchorOffset="0" RAnchorPoint=".5" RAnchorOffset="270" BAnchorPoint="1" BAnchorOffset="0" RelativeToClient="1" Font="Default" Text="" Template="Default" TooltipType="OnCursor" Name="VisitDisabledBlocker" BGColor="white" TextColor="white" TooltipColor="white" TooltipFont="CRB_InterfaceMedium" Tooltip="" TooltipId="Neighbors_MustBeOnPlot" IgnoreTooltipDelay="1" Picture="1" IgnoreMouse="0" Sprite="" NewWindowDepth="1" HideInEditor="1"/>
            <Control Class="Window" LAnchorPoint="0" LAnchorOffset="58" TAnchorPoint="0" TAnchorOffset="0" RAnchorPoint="0" RAnchorOffset="108" BAnchorPoint="1" BAnchorOffset="0" RelativeToClient="1" Font="Default" Text="" Template="Default" TooltipType="OnCursor" Name="RandomDisabledBlocker" BGColor="white" TextColor="white" TooltipColor="white" TooltipFont="CRB_InterfaceMedium" Tooltip="" TooltipId="Neighbors_MustBeOnPlot" IgnoreTooltipDelay="1" Picture="1" IgnoreMouse="0" NewWindowDepth="1" Sprite="" HideInEditor="1"/>
        </Control>
        <Control Class="Window" LAnchorPoint="0" LAnchorOffset="40" TAnchorPoint="1" TAnchorOffset="-166" RAnchorPoint="1" RAnchorOffset="-50" BAnchorPoint="1" BAnchorOffset="-136" RelativeToClient="1" Font="Default" Text="" Template="Default" TooltipType="OnCursor" Name="UpdateMessage" BGColor="white" TextColor="white" TooltipColor="" IgnoreMouse="1" NoClip="1" TransitionShowHide="1" HideInEditor="0">
            <Control Class="Window" LAnchorPoint="0" LAnchorOffset="20" TAnchorPoint="0" TAnchorOffset="0" RAnchorPoint="1" RAnchorOffset="-19" BAnchorPoint="1" BAnchorOffset="0" RelativeToClient="1" Font="CRB_InterfaceMedium" Text="" Template="Default" TooltipType="OnCursor" Name="MessageText" BGColor="white" TextColor="UI_TextHoloTitle" TooltipColor="" TextId="CRB__exists_but_castbar_not_shown_" DT_VCENTER="1" DT_CENTER="1" DT_WORDBREAK="1"/>
            <Pixie LAnchorPoint="0" LAnchorOffset="0" TAnchorPoint="0" TAnchorOffset="0" RAnchorPoint="1" RAnchorOffset="0" BAnchorPoint="1" BAnchorOffset="0" BGColor="white" Font="Default" TextColor="white" Text="" Sprite="BK3:UI_BK3_Metal_Inset_SharpCorner" Line="0"/>
        </Control>
        <Control Class="Window" LAnchorPoint="0" LAnchorOffset="0" TAnchorPoint="0" TAnchorOffset="0" RAnchorPoint="1" RAnchorOffset="0" BAnchorPoint="1" BAnchorOffset="0" RelativeToClient="1" Font="Default" Text="" BGColor="UI_WindowBGDefault" TextColor="UI_WindowTextDefault" Template="Metal_Primary_NoNav" TooltipType="OnCursor" Name="MainFrame" TooltipColor="" Border="1" IgnoreMouse="1" UseTemplateBG="1" HideInEditor="0" Overlapped="1" TestAlpha="1">
            <Control Class="Window" LAnchorPoint="0" LAnchorOffset="150" TAnchorPoint="0" TAnchorOffset="29" RAnchorPoint="1" RAnchorOffset="-150" BAnchorPoint="0" BAnchorOffset="65" RelativeToClient="1" Font="CRB_HeaderMedium" Text="" BGColor="UI_WindowBGDefault" TextColor="UI_WindowTitleYellow" Template="Default" TooltipType="OnCursor" Name="Header" TooltipColor="" Border="0" IgnoreMouse="1" Picture="1" Sprite="BK3:sprMetal_Framing_Header" TextId="Neighbors_Neighbors" DT_VCENTER="1" DT_CENTER="1"/>
        </Control>
        <Control Class="Button" Base="CRB_Basekit:kitBtn_Close" Font="Thick" ButtonType="PushButton" RadioGroup="" LAnchorPoint="1" LAnchorOffset="-51" TAnchorPoint="0" TAnchorOffset="25" RAnchorPoint="1" RAnchorOffset="-24" BAnchorPoint="0" BAnchorOffset="54" DT_VCENTER="1" DT_CENTER="1" Name="CloseBtn" BGColor="white" TextColor="white" NormalTextColor="white" PressedTextColor="white" FlybyTextColor="white" PressedFlybyTextColor="white" DisabledTextColor="white" Text="" TooltipColor="">
            <Event Name="ButtonSignal" Function="OnClose"/>
        </Control>
        <Control Class="Window" LAnchorPoint="3" LAnchorOffset="-1862" TAnchorPoint="0" TAnchorOffset="608" RAnchorPoint="0" RAnchorOffset="604" BAnchorPoint="0" BAnchorOffset="678" RelativeToClient="1" Font="Default" Text="" BGColor="UI_WindowBGDefault" TextColor="UI_WindowTextDefault" Template="Default" TooltipType="OnCursor" Name="MetalFooter" TooltipColor="" Sprite="BK3:UI_BK3_Metal_Footer_Large" Border="0" IgnoreMouse="1" Picture="1" NewControlDepth="1"/>
    </Form>
    <Form Class="Window" LAnchorPoint="0.5" LAnchorOffset="-200" TAnchorPoint="0.5" TAnchorOffset="-154" RAnchorPoint="0.5" RAnchorOffset="200" BAnchorPoint="0.5" BAnchorOffset="46" RelativeToClient="1" Font="Default" Text="" Template="Default" Name="NeighborInviteConfirmation" Border="0" Picture="1" SwallowMouseClicks="1" Moveable="1" Escapable="1" Overlapped="1" BGColor="white" TextColor="white" IgnoreMouse="1" Sprite="BK3:sprHolo_Alert_Confirm" TransitionShowHide="1" UseTransitionSprite="0" Visible="0" TooltipColor="" Tooltip="">
        <Control Class="Window" LAnchorPoint="0" LAnchorOffset="55" TAnchorPoint="0" TAnchorOffset="58" RAnchorPoint="1" RAnchorOffset="-55" BAnchorPoint="0" BAnchorOffset="109" RelativeToClient="1" Font="CRB_InterfaceMedium_B" Text="" Template="Holo_TextCallout" Name="NeighborInviteLabel" BGColor="white" TextColor="UI_TextHoloTitle" TextId="CRB__2" DT_WORDBREAK="1" DT_CENTER="1" DT_VCENTER="1" TooltipColor="" Border="1" IgnoreMouse="1" UseTemplateBG="1" NewControlDepth="1"/>
        <Control Class="Button" Base="BK3:btnHolo_Close" Font="Thick" ButtonType="PushButton" RadioGroup="" LAnchorPoint="1" LAnchorOffset="-61" TAnchorPoint="0" TAnchorOffset="19" RAnchorPoint="1" RAnchorOffset="-19" BAnchorPoint="0" BAnchorOffset="63" DT_VCENTER="1" DT_CENTER="1" Name="NeighborInviteCloseBtn" BGColor="white" TextColor="white" NormalTextColor="white" PressedTextColor="white" FlybyTextColor="white" PressedFlybyTextColor="white" DisabledTextColor="white" TooltipColor="">
            <Event Name="ButtonSignal" Function="OnNeighborInviteDecline"/>
        </Control>
        <Control Class="Button" Base="BK3:btnHolo_Blue_Med" Font="CRB_Button" ButtonType="PushButton" RadioGroup="" LAnchorPoint="0" LAnchorOffset="76" TAnchorPoint="1" TAnchorOffset="-89" RAnchorPoint="0.5" RAnchorOffset="-4" BAnchorPoint="1" BAnchorOffset="-16" DT_VCENTER="1" DT_CENTER="1" Name="NeighborInviteYesBtn" BGColor="white" TextColor="white" NormalTextColor="UI_BtnTextBlueNormal" PressedTextColor="UI_BtnTextBluePressed" FlybyTextColor="UI_BtnTextBlueFlyby" PressedFlybyTextColor="UI_BtnTextBluePressedFlyby" DisabledTextColor="UI_BtnTextBlueDisabled" Text="" TextId="CRB_Accept" TooltipColor="" Tooltip="">
            <Event Name="ButtonSignal" Function="OnNeighborInviteAccept"/>
        </Control>
        <Control Class="Button" Base="BK3:btnHolo_Red_Med" Font="CRB_Button" ButtonType="PushButton" RadioGroup="" LAnchorPoint="0.5" LAnchorOffset="4" TAnchorPoint="1" TAnchorOffset="-89" RAnchorPoint="0" RAnchorOffset="324" BAnchorPoint="1" BAnchorOffset="-16" DT_VCENTER="1" DT_CENTER="1" Name="NeighborInviteNoBtn" BGColor="white" TextColor="white" NormalTextColor="UI_BtnTextRedNormal" PressedTextColor="UI_BtnTextRedPressed" FlybyTextColor="UI_BtnTextRedFlyby" PressedFlybyTextColor="UI_BtnTextRedPressedFlyby" DisabledTextColor="UI_BtnTextRedDisabled" Text="" TextId="CRB_Decline" TooltipColor="">
            <Event Name="ButtonSignal" Function="OnNeighborInviteDecline"/>
        </Control>
        <Event Name="WindowClosed" Function="OnGuildInviteDecline"/>
    </Form>
    <Form Class="Window" LAnchorPoint="0" LAnchorOffset="0" TAnchorPoint="0" TAnchorOffset="0" RAnchorPoint="0" RAnchorOffset="350" BAnchorPoint="0" BAnchorOffset="44" RelativeToClient="1" Font="Default" Text="" Template="Default" TooltipType="OnCursor" Name="RandomFriendForm" Border="0" Picture="0" SwallowMouseClicks="1" Moveable="0" Escapable="0" Overlapped="0" BGColor="white" TextColor="white" TooltipColor="" UseTemplateBG="0" Sprite="CRB_Basekit:kitBase_HoloBlue_TinyNoGlow" Tooltip="">
        <Control Class="Button" Base="BK3:btnHolo_ListView_Simple" Font="Thick" ButtonType="Check" RadioGroup="" LAnchorPoint="0" LAnchorOffset="0" TAnchorPoint="0" TAnchorOffset="0" RAnchorPoint="1" RAnchorOffset="0" BAnchorPoint="1" BAnchorOffset="0" DT_VCENTER="1" DT_CENTER="1" TooltipType="OnCursor" Name="FriendBtn" BGColor="white" TextColor="white" TooltipColor="" NormalTextColor="white" PressedTextColor="white" FlybyTextColor="white" PressedFlybyTextColor="white" DisabledTextColor="white" Text="">
            <Event Name="ButtonCheck" Function="OnRandomFriendBtn"/>
            <Event Name="ButtonUncheck" Function="OnRandomFriendBtnUncheck"/>
        </Control>
        <Control Class="Window" LAnchorPoint="0" LAnchorOffset="10" TAnchorPoint="0" TAnchorOffset="2" RAnchorPoint="0" RAnchorOffset="258" BAnchorPoint=".5" BAnchorOffset="2" RelativeToClient="1" Font="CRB_InterfaceMedium" Text="MMMMMMMMMMMMMMMMMMMM" Template="Default" TooltipType="OnCursor" Name="PropertyName" BGColor="white" TextColor="UI_TextHoloTitle" TooltipColor="" DT_RIGHT="0" DT_WORDBREAK="1" TextId="" IgnoreMouse="1" DT_VCENTER="1" NewControlDepth="2" Tooltip="" TooltipId="Friends_BlockBtnTooltip"/>
        <Control Class="Window" LAnchorPoint="0" LAnchorOffset="10" TAnchorPoint=".5" TAnchorOffset="-2" RAnchorPoint="0" RAnchorOffset="335" BAnchorPoint="1" BAnchorOffset="-2" RelativeToClient="1" Font="CRB_InterfaceSmall" Text="MMMMMMMMMMMMMMMMMMMM" Template="Default" TooltipType="OnCursor" Name="PlayerName" BGColor="white" TextColor="UI_BtnTextHoloNormal" TooltipColor="" DT_RIGHT="0" DT_WORDBREAK="1" TextId="" IgnoreMouse="1" DT_VCENTER="1" NewControlDepth="2"/>
    </Form>
    <Form Class="Window" LAnchorPoint="0" LAnchorOffset="0" TAnchorPoint="0" TAnchorOffset="116" RAnchorPoint="0" RAnchorOffset="419" BAnchorPoint="0" BAnchorOffset="598" RelativeToClient="1" Font="Default" Text="" Template="Default" Name="RandomFriendsForm" Border="0" Picture="0" SwallowMouseClicks="1" Moveable="1" Escapable="1" Overlapped="1" BGColor="white" TextColor="white" TextId="" Visible="0" TooltipColor="" Tooltip="">
        <Control Class="Window" LAnchorPoint="0" LAnchorOffset="0" TAnchorPoint="0" TAnchorOffset="0" RAnchorPoint="1" RAnchorOffset="0" BAnchorPoint="1" BAnchorOffset="0" RelativeToClient="1" Font="Default" Text="" Template="Holo_Medium" Name="BGArt" BGColor="white" TextColor="white" Sprite="" Picture="0" IgnoreMouse="1" NewControlDepth="1" TooltipColor="" Border="1" UseTemplateBG="1">
            <Control Class="Button" Base="BK3:btnHolo_Close" Font="Thick" ButtonType="PushButton" RadioGroup="" LAnchorPoint="1" LAnchorOffset="-75" TAnchorPoint="0" TAnchorOffset="31" RAnchorPoint="1" RAnchorOffset="-32" BAnchorPoint="0" BAnchorOffset="75" DT_VCENTER="1" DT_CENTER="1" Name="CloseBtn" BGColor="white" TextColor="white" NormalTextColor="white" PressedTextColor="white" FlybyTextColor="white" PressedFlybyTextColor="white" DisabledTextColor="white" Text="" TooltipColor="">
                <Event Name="ButtonSignal" Function="OnRandomFriendClose"/>
            </Control>
        </Control>
        <Control Class="Window" LAnchorPoint="0" LAnchorOffset="60" TAnchorPoint="0" TAnchorOffset="39" RAnchorPoint="1" RAnchorOffset="-60" BAnchorPoint="0" BAnchorOffset="65" RelativeToClient="1" Font="CRB_HeaderLarge" Text="" BGColor="UI_WindowBGDefault" TextColor="UI_WindowTitleYellow" Template="Default" TooltipType="OnCursor" Name="Window" TooltipColor="" TextId="Neighbors_PropertiesAvailableToVisit" DT_CENTER="1" DT_VCENTER="1"/>
        <Control Class="Window" LAnchorPoint="0" LAnchorOffset="45" TAnchorPoint="0" TAnchorOffset="66" RAnchorPoint="1" RAnchorOffset="-45" BAnchorPoint="0" BAnchorOffset="106" RelativeToClient="1" Font="Default" Text="" Template="Default" TooltipType="OnCursor" Name="TabContainer" BGColor="white" TextColor="white" TooltipColor="" NewControlDepth="10"/>
        <Control Class="Window" LAnchorPoint="0" LAnchorOffset="55" TAnchorPoint="0" TAnchorOffset="79" RAnchorPoint="1" RAnchorOffset="-55" BAnchorPoint="1" BAnchorOffset="-102" RelativeToClient="1" Font="Default" Text="" Template="Holo_ScrollList" TooltipType="OnCursor" Name="ListContainer" BGColor="white" TextColor="white" TooltipColor="" VScroll="1" IgnoreMouse="1" NewControlDepth="10" Border="1" UseTemplateBG="1"/>
        <Control Class="Window" LAnchorPoint="0" LAnchorOffset="15" TAnchorPoint="1" TAnchorOffset="-105" RAnchorPoint="1" RAnchorOffset="-17" BAnchorPoint="1" BAnchorOffset="-32" RelativeToClient="1" Font="Default" Text="" Template="Default" Name="Controls" BGColor="white" TextColor="white" TooltipColor="" Tooltip="" HideInEditor="0" NewControlDepth="1" IgnoreMouse="1" NewWindowDepth="1" Visible="1">
            <Control Class="Button" Base="BK3:btnHolo_Blue_Med" Font="CRB_Button" ButtonType="Check" RadioGroup="RosterOptions_MemberOptionsRadioGroup" LAnchorPoint=".5" LAnchorOffset="-100" TAnchorPoint="0" TAnchorOffset="0" RAnchorPoint=".5" RAnchorOffset="100" BAnchorPoint="1" BAnchorOffset="0" DT_VCENTER="1" DT_CENTER="1" Name="VisitRandomBtn" BGColor="white" TextColor="white" NormalTextColor="UI_BtnTextBlueNormal" PressedTextColor="UI_BtnTextBluePressed" FlybyTextColor="UI_BtnTextBlueFlyby" PressedFlybyTextColor="UI_BtnTextBluePressedFlyby" DisabledTextColor="UI_BtnTextBlueDisabled" Text="" TextId="CRB_Visit" Visible="1" GlobalRadioGroup="" LeftEdgeControlsAnchor="" RelativeToClient="1" TooltipColor="" HideInEditor="0">
                <Event Name="ButtonCheck" Function="OnVisitRandomBtn"/>
                <Control Class="Window" LAnchorPoint="0.5" LAnchorOffset="-112" TAnchorPoint="1" TAnchorOffset="-171" RAnchorPoint="0.5" RAnchorOffset="112" BAnchorPoint="1" BAnchorOffset="-61" RelativeToClient="1" Font="Default" Text="" Template="Default" Name="VisitWindow" BGColor="white" TextColor="white" Picture="0" IgnoreMouse="1" Sprite="" Visible="0" HideInEditor="0" NoClip="1" CloseOnExternalClick="1" TooltipColor="">
                    <Control Class="Window" LAnchorPoint="0" LAnchorOffset="-20" TAnchorPoint="0" TAnchorOffset="-23" RAnchorPoint="1" RAnchorOffset="20" BAnchorPoint="1" BAnchorOffset="26" RelativeToClient="1" Font="Default" Text="" BGColor="UI_WindowBGDefault" TextColor="UI_WindowTextDefault" Template="Default" TooltipType="OnCursor" Name="HoloFrame" TooltipColor="" Sprite="BK3:sprHolo_Alert_Flyout" IgnoreMouse="1" NoClip="1" Picture="1"/>
                    <Control Class="Button" Base="CRB_Basekit:kitBtn_Holo_Close2" Font="Thick" ButtonType="PushButton" RadioGroup="" LAnchorPoint="1" LAnchorOffset="-34" TAnchorPoint="0" TAnchorOffset="21" RAnchorPoint="1" RAnchorOffset="-18" BAnchorPoint="0" BAnchorOffset="39" DT_VCENTER="1" DT_CENTER="1" Name="VisitCloseBtn" BGColor="white" TextColor="white" NormalTextColor="white" PressedTextColor="white" FlybyTextColor="white" PressedFlybyTextColor="white" DisabledTextColor="white" Text="" TooltipColor="">
                        <Event Name="ButtonSignal" Function="OnSubCloseBtn"/>
                    </Control>
                    <Control Class="Button" Base="BK3:btnHolo_Blue_Small" Font="CRB_InterfaceMedium_B" ButtonType="PushButton" RadioGroup="" LAnchorPoint="0" LAnchorOffset="15" TAnchorPoint="1" TAnchorOffset="-62" RAnchorPoint="0.5" RAnchorOffset="2" BAnchorPoint="1" BAnchorOffset="-9" DT_VCENTER="1" DT_CENTER="1" Name="VisitConfirmBtn" BGColor="white" TextColor="white" NormalTextColor="UI_BtnTextBlueNormal" PressedTextColor="UI_BtnTextBlueNormal" FlybyTextColor="UI_BtnTextBlueFlyby" PressedFlybyTextColor="UI_BtnTextBluePressedFlyby" DisabledTextColor="UI_BtnTextBlueDisabled" Text="" TextId="Yes" TooltipColor="">
                        <Event Name="ButtonSignal" Function="OnVisitRandomConfirmBtn"/>
                    </Control>
                    <Control Class="Button" Base="BK3:btnHolo_Red_Small" Font="CRB_InterfaceMedium_B" ButtonType="PushButton" RadioGroup="" LAnchorPoint="0.5" LAnchorOffset="-4" TAnchorPoint="1" TAnchorOffset="-61" RAnchorPoint="1" RAnchorOffset="-17" BAnchorPoint="1" BAnchorOffset="-8" DT_VCENTER="1" DT_CENTER="1" Name="VisitNoBtn" BGColor="white" TextColor="white" NormalTextColor="UI_BtnTextRedNormal" PressedTextColor="UI_BtnTextRedPressed" FlybyTextColor="UI_BtnTextRedFlyby" PressedFlybyTextColor="UI_BtnTextRedPressedFlyby" DisabledTextColor="UI_BtnTextRedDisabled" Text="" TextId="No" TooltipColor="">
                        <Event Name="ButtonSignal" Function="OnSubCloseBtn"/>
                    </Control>
                    <Pixie LAnchorPoint="0" LAnchorOffset="25" TAnchorPoint="0" TAnchorOffset="18" RAnchorPoint="1" RAnchorOffset="-14" BAnchorPoint="0" BAnchorOffset="50" BGColor="white" Font="CRB_InterfaceMedium" TextColor="UI_WindowTitleYellow" Text="" TextId="Neighbors_VisitPlayer" Line="0"/>
                </Control>
            </Control>
        </Control>
    </Form>
</Forms>
