<?xml version="1.0" ?>
<Forms>
    <Form Class="Window" LAnchorPoint="0.5" LAnchorOffset="74" TAnchorPoint="0.5" TAnchorOffset="-30" RAnchorPoint="0.5" RAnchorOffset="404" BAnchorPoint="0.5" BAnchorOffset="77" RelativeToClient="1" Font="Default" Text="" Template="Default" Name="PlayerWindow" Border="0" Picture="1" SwallowMouseClicks="1" Moveable="0" Escapable="1" Overlapped="1" BGColor="UI_AlphaPercent90" TextColor="white" IgnoreMouse="0" Sprite="" Visible="0" NewWindowDepth="0" Tooltip="" TooltipColor="">
        <Control Class="Window" LAnchorPoint="0" LAnchorOffset="0" TAnchorPoint="0" TAnchorOffset="0" RAnchorPoint="1" RAnchorOffset="0" BAnchorPoint="1" BAnchorOffset="-68" RelativeToClient="1" Font="Default" Text="" BGColor="UI_WindowBGDefault" TextColor="UI_WindowTextDefault" Template="Default" TooltipType="OnCursor" Name="WindowFraming" TooltipColor="" Sprite="Dialog:sprHolo_Speech_Player" Picture="1" IgnoreMouse="1"/>
        <Control Class="Window" LAnchorPoint="0" LAnchorOffset="27" TAnchorPoint="0" TAnchorOffset="18" RAnchorPoint="1" RAnchorOffset="-8" BAnchorPoint="1" BAnchorOffset="-8" RelativeToClient="1" Font="Default" Text="" Template="Default" Name="PlayerWindowContainer" BGColor="white" TextColor="white" TooltipColor="">
            <Control Class="MLWindow" LAnchorPoint="0" LAnchorOffset="6" TAnchorPoint="0" TAnchorOffset="0" RAnchorPoint="1" RAnchorOffset="-4" BAnchorPoint="0" BAnchorOffset="25" RelativeToClient="1" Font="CRB_InterfaceMedium_I" Text="Summary Response." Template="Default" Name="TopSummaryText" BGColor="white" TextColor="ff7fffb9" TextId="" Visible="0" IgnoreMouse="1" HideInEditor="1" TooltipColor="" Tooltip=""/>
            <Control Class="Window" LAnchorPoint="0" LAnchorOffset="6" TAnchorPoint="0" TAnchorOffset="25" RAnchorPoint="1" RAnchorOffset="0" BAnchorPoint="0" BAnchorOffset="45" RelativeToClient="1" Font="CRB_InterfaceMedium_I" Text="" Template="Default" Name="QuestTaskText" BGColor="white" TextColor="UI_WindowTitleGray" TextId="Dialog_QuestTaskList" Visible="0" TooltipColor=""/>
            <Control Class="Window" LAnchorPoint="0" LAnchorOffset="0" TAnchorPoint="0" TAnchorOffset="45" RAnchorPoint="1" RAnchorOffset="0" BAnchorPoint="0" BAnchorOffset="45" RelativeToClient="1" Font="Default" Text="" Template="Default" Name="ResponseItemContainer" BGColor="white" TextColor="white" TooltipColor=""/>
            <Control Class="Window" LAnchorPoint="0" LAnchorOffset="4" TAnchorPoint="0" TAnchorOffset="45" RAnchorPoint="1" RAnchorOffset="-11" BAnchorPoint="0" BAnchorOffset="90" RelativeToClient="1" Font="Default" Text="" Template="Default" Name="VendorContainer" BGColor="white" TextColor="white" TextId="" Visible="0" TooltipColor="">
                <Control Class="Button" Base="Dialog:btnHolo_Speech_PlayerItemChoice" Font="Thick" ButtonType="PushButton" RadioGroup="" LAnchorPoint="0" LAnchorOffset="0" TAnchorPoint="0" TAnchorOffset="0" RAnchorPoint="1" RAnchorOffset="-4" BAnchorPoint="1" BAnchorOffset="0" DT_VCENTER="1" DT_CENTER="1" Name="VendorBtn" BGColor="white" TextColor="white" NormalTextColor="white" PressedTextColor="white" FlybyTextColor="white" PressedFlybyTextColor="white" DisabledTextColor="white" Text="" TextId="" TooltipColor="">
                    <Event Name="ButtonSignal" Function="OnResponseBtnClick"/>
                </Control>
                <Control Name="VendorIcon" Class="Window" Sprite="sprMM_VendorGeneral" Picture="1" LAnchorPoint="0" LAnchorOffset="10" TAnchorPoint="0" TAnchorOffset="5" RAnchorPoint="0" RAnchorOffset="50" BAnchorPoint="1" BAnchorOffset="4" Visible="1" BGColor="white" TextColor="white" NewControlDepth="2" TooltipColor=""/>
                <Control Class="MLWindow" LAnchorPoint="0" LAnchorOffset="47" TAnchorPoint="0" TAnchorOffset="12" RAnchorPoint="1" RAnchorOffset="0" BAnchorPoint="1" BAnchorOffset="1" RelativeToClient="1" Font="CRB_InterfaceMedium_I" Text="" Template="Default" Name="VendorText" BGColor="white" TextColor="ff7fffb9" TextId="DialogResponse_Vending" DT_VCENTER="1" DT_WORDBREAK="1" NewControlDepth="2" IgnoreMouse="1" TooltipColor=""/>
            </Control>
            <Control Class="Window" LAnchorPoint="0" LAnchorOffset="4" TAnchorPoint="0" TAnchorOffset="45" RAnchorPoint="1" RAnchorOffset="-11" BAnchorPoint="0" BAnchorOffset="90" RelativeToClient="1" Font="Default" Text="" Template="Default" Name="GoodbyeContainer" BGColor="white" TextColor="white" TextId="" Visible="0" TooltipColor="">
                <Control Class="Button" Base="Dialog:btnHolo_Speech_PlayerItemChoice" Font="Thick" ButtonType="PushButton" RadioGroup="" LAnchorPoint="0" LAnchorOffset="0" TAnchorPoint="0" TAnchorOffset="0" RAnchorPoint="1" RAnchorOffset="-4" BAnchorPoint="1" BAnchorOffset="0" DT_VCENTER="1" DT_CENTER="1" Name="GoodbyeBtn" BGColor="white" TextColor="white" NormalTextColor="white" PressedTextColor="white" FlybyTextColor="white" PressedFlybyTextColor="white" DisabledTextColor="white" Text="" TextId="" TooltipColor="">
                    <Event Name="ButtonSignal" Function="OnResponseBtnClick"/>
                </Control>
                <Control Name="GoodbyeIcon" Class="Window" Sprite="CRB_DialogSprites:sprDialog_Icon_Decline" Picture="1" LAnchorPoint="0" LAnchorOffset="8" TAnchorPoint="0" TAnchorOffset="1" RAnchorPoint="0" RAnchorOffset="48" BAnchorPoint="1" BAnchorOffset="0" Visible="1" BGColor="white" TextColor="white" NewControlDepth="2" Text="" TextId="" TooltipColor=""/>
                <Control Class="MLWindow" LAnchorPoint="0" LAnchorOffset="47" TAnchorPoint="0" TAnchorOffset="12" RAnchorPoint="1" RAnchorOffset="0" BAnchorPoint="1" BAnchorOffset="1" RelativeToClient="1" Font="CRB_InterfaceMedium_I" Text="" Template="Default" Name="GoodbyeText" BGColor="white" TextColor="ff7fffb9" TextId="DialogResponse_Goodbye" DT_VCENTER="1" DT_WORDBREAK="1" NewControlDepth="2" IgnoreMouse="1" TooltipColor=""/>
            </Control>
        </Control>
        <Event Name="WindowClosed" Function="OnWindowClosed"/>
    </Form>
    <Form Class="Window" LAnchorPoint="0" LAnchorOffset="4" TAnchorPoint="0" TAnchorOffset="0" RAnchorPoint="1" RAnchorOffset="-11" BAnchorPoint="0" BAnchorOffset="45" RelativeToClient="1" Font="Default" Text="" Template="Default" Name="ResponseItem" Border="0" Picture="0" SwallowMouseClicks="1" Moveable="0" Escapable="0" Overlapped="0" BGColor="white" TextColor="white" IgnoreMouse="1" Tooltip="" Sprite="" TooltipColor="" IgnoreTooltipDelay="1" TooltipFont="CRB_InterfaceSmall_O" TooltipType="DynamicFloater">
        <Control Class="Button" Base="Dialog:btnHolo_Speech_PlayerItemChoice" Font="Thick" ButtonType="PushButton" RadioGroup="" LAnchorPoint="0" LAnchorOffset="0" TAnchorPoint="0" TAnchorOffset="0" RAnchorPoint="1" RAnchorOffset="-4" BAnchorPoint="1" BAnchorOffset="0" DT_VCENTER="1" DT_CENTER="1" Name="ResponseItemBtn" BGColor="white" TextColor="white" NormalTextColor="white" PressedTextColor="white" FlybyTextColor="white" PressedFlybyTextColor="white" DisabledTextColor="white" Text="" TextId="" RelativeToClient="1" IgnoreMouse="0" TooltipColor="" IgnoreTooltipDelay="1" TooltipType="DynamicFloater" TooltipFont="CRB_InterfaceSmall_O" Tooltip="">
            <Event Name="ButtonSignal" Function="OnResponseBtnClick"/>
            <Control Class="Window" LAnchorPoint="0" LAnchorOffset="47" TAnchorPoint="0" TAnchorOffset="-3" RAnchorPoint="1" RAnchorOffset="-8" BAnchorPoint="1" BAnchorOffset="-2" RelativeToClient="1" Font="CRB_InterfaceMedium" Text="Response Text" Template="Default" Name="ResponseItemText" BGColor="white" TextColor="ff7fffb9" TextId="" NewControlDepth="2" IgnoreMouse="1" NoClip="1" DT_VCENTER="1" DT_WORDBREAK="1" TooltipColor="" IgnoreTooltipDelay="1"/>
        </Control>
        <Control Name="ResponseItemIcon" Class="Window" Sprite="CRB_DialogSprites:sprDialog_Icon_Exclamation" Picture="1" LAnchorPoint="0" LAnchorOffset="8" TAnchorPoint="0" TAnchorOffset="0" RAnchorPoint="0" RAnchorOffset="48" BAnchorPoint="1" BAnchorOffset="0" Visible="1" BGColor="white" TextColor="white" NewControlDepth="2" TooltipColor="" IgnoreMouse="1" IgnoreTooltipDelay="1" HideInEditor="0"/>
        <Control Class="Window" LAnchorPoint="0" LAnchorOffset="8" TAnchorPoint="0" TAnchorOffset="7" RAnchorPoint="0" RAnchorOffset="38" BAnchorPoint="1" BAnchorOffset="-8" RelativeToClient="1" Font="Default" Text="" Template="Default" TooltipType="OnCursor" Name="ResponseItemRewardBG" BGColor="white" TextColor="white" TooltipColor="" Sprite="" Picture="1" IgnoreMouse="1" Visible="0" HideInEditor="0">
            <Control Class="Window" LAnchorPoint="0.5" LAnchorOffset="-14" TAnchorPoint="0.5" TAnchorOffset="-14" RAnchorPoint="0.5" RAnchorOffset="14" BAnchorPoint="0.5" BAnchorOffset="13" RelativeToClient="1" Font="Default" Text="" Template="Default" TooltipType="OnCursor" Name="ResponseItemRewardIcon" BGColor="white" TextColor="white" TooltipColor="" Sprite="ClientSprites:Icon_ItemMisc_bag_0001" Picture="1" IgnoreMouse="1" NewControlDepth="1"/>
            <Control Class="Window" LAnchorPoint="0" LAnchorOffset="0" TAnchorPoint="0" TAnchorOffset="0" RAnchorPoint="1" RAnchorOffset="0" BAnchorPoint="1" BAnchorOffset="0" RelativeToClient="1" Font="Default" Text="" BGColor="UI_WindowBGDefault" TextColor="UI_WindowTextDefault" Template="Default" TooltipType="OnCursor" Name="ResponseItemFraming" TooltipColor="" Sprite="BK3:UI_BK3_ItemQualityWhite" Picture="1" IgnoreMouse="1"/>
        </Control>
        <Control Class="Window" LAnchorPoint="0" LAnchorOffset="7" TAnchorPoint="0" TAnchorOffset="6" RAnchorPoint="0" RAnchorOffset="23" BAnchorPoint="0" BAnchorOffset="23" RelativeToClient="1" Text="" Name="ResponseItemCantUse" Picture="1" IgnoreMouse="1" Sprite="ClientSprites:Icon_Windows_UI_CRB_Tooltip_Restricted" BGColor="white" TextColor="white" NewControlDepth="1" Tooltip="" Font="Default" IgnoreTooltipDelay="1" TooltipType="OnCursor" Visible="0" TooltipFont="CRB_InterfaceSmall_O" TooltipId="Dialog_CantUseTooltip" TooltipColor="" NewWindowDepth="1"/>
    </Form>
    <Form Class="Window" LAnchorPoint="0" LAnchorOffset="0" TAnchorPoint="0" TAnchorOffset="0" RAnchorPoint="0" RAnchorOffset="315" BAnchorPoint="0" BAnchorOffset="76" RelativeToClient="1" Font="Default" Text="" Template="Default" Name="NpcWindow" Border="0" Picture="1" SwallowMouseClicks="1" Moveable="0" Escapable="0" Overlapped="1" BGColor="white" TextColor="white" Sprite="Dialog:sprHolo_Speech_NPC" Visible="0" NewWindowDepth="1" TooltipColor="" Tooltip="">
        <Control Class="Window" LAnchorPoint="0" LAnchorOffset="33" TAnchorPoint="0" TAnchorOffset="22" RAnchorPoint="1" RAnchorOffset="-22" BAnchorPoint="1" BAnchorOffset="0" RelativeToClient="1" Font="Default" Text="" Template="Default" Name="BubbleWindowContainer" BGColor="white" TextColor="white" IgnoreMouse="1" NoClip="0" Sprite="" Picture="0" TooltipColor="">
            <Control Class="MLWindow" LAnchorPoint="0" LAnchorOffset="0" TAnchorPoint="0" TAnchorOffset="0" RAnchorPoint="1" RAnchorOffset="0" BAnchorPoint="0" BAnchorOffset="0" RelativeToClient="1" Font="CRB_InterfaceMedium" Text="" Template="Default" Name="BubbleText" BGColor="white" TextColor="white" IgnoreMouse="1" TooltipColor=""/>
            <Control Class="Window" LAnchorPoint="0" LAnchorOffset="0" TAnchorPoint="0" TAnchorOffset="3" RAnchorPoint="1" RAnchorOffset="0" BAnchorPoint="0" BAnchorOffset="3" RelativeToClient="1" Font="Default" Text="" Template="Default" Name="RewardsContainer" BGColor="white" TextColor="white" TextId="" TooltipColor="" Tooltip="">
                <Control Class="Window" LAnchorPoint="0" LAnchorOffset="0" TAnchorPoint="0" TAnchorOffset="0" RAnchorPoint="0.5" RAnchorOffset="0" BAnchorPoint="0" BAnchorOffset="25" RelativeToClient="1" Font="CRB_InterfaceSmall" Text="" Template="Default" Name="GivenRewardsText" BGColor="white" TextColor="FFd6fee8" TextId="Dialog_YouWillReceive" Tooltip="" TooltipId="" DT_BOTTOM="1" TooltipColor=""/>
                <Control Class="Window" LAnchorPoint="0" LAnchorOffset="0" TAnchorPoint="0" TAnchorOffset="0" RAnchorPoint="1" RAnchorOffset="0" BAnchorPoint="0" BAnchorOffset="0" RelativeToClient="1" Font="Default" Text="" Template="Default" Name="GivenRewardsItems" BGColor="white" TextColor="white" TooltipColor=""/>
                <Control Class="Window" LAnchorPoint="0" LAnchorOffset="0" TAnchorPoint="0" TAnchorOffset="25" RAnchorPoint="0.5" RAnchorOffset="0" BAnchorPoint="0" BAnchorOffset="50" RelativeToClient="1" Font="CRB_Dialog" Text="" Template="Default" Name="ChoiceRewardsText" BGColor="white" TextColor="FFd6fee8" TextId="Dialog_YouCanChoose" Tooltip="" TooltipId="" DT_BOTTOM="1" TooltipColor=""/>
                <Control Class="Window" LAnchorPoint="0" LAnchorOffset="0" TAnchorPoint="0" TAnchorOffset="0" RAnchorPoint="1" RAnchorOffset="0" BAnchorPoint="0" BAnchorOffset="0" RelativeToClient="1" Font="Default" Text="" Template="Default" Name="ChoiceRewardsItems" BGColor="white" TextColor="white" TooltipColor=""/>
            </Control>
        </Control>
    </Form>
    <Form Class="Window" LAnchorPoint="0.5" LAnchorOffset="-355" TAnchorPoint="0.5" TAnchorOffset="-70" RAnchorPoint="0.5" RAnchorOffset="-59" BAnchorPoint="0.5" BAnchorOffset="-21" RelativeToClient="1" Font="Default" Text="" Template="Default" Name="ItemWindow" Border="0" Picture="1" SwallowMouseClicks="1" Moveable="0" Escapable="0" Overlapped="1" BGColor="white" TextColor="white" Sprite="Dialog:sprHolo_Speech_Item" Visible="0" NewWindowDepth="1" TooltipColor="">
        <Control Class="Window" LAnchorPoint="0" LAnchorOffset="30" TAnchorPoint="0" TAnchorOffset="25" RAnchorPoint="1" RAnchorOffset="-30" BAnchorPoint="1" BAnchorOffset="-20" RelativeToClient="1" Font="Default" Text="" Template="Default" Name="BubbleWindowContainer" BGColor="white" TextColor="white" IgnoreMouse="1" NoClip="0" Sprite="" Picture="0" TooltipColor="">
            <Control Class="MLWindow" LAnchorPoint="0" LAnchorOffset="0" TAnchorPoint="0" TAnchorOffset="7" RAnchorPoint="1" RAnchorOffset="0" BAnchorPoint="0" BAnchorOffset="7" RelativeToClient="1" Font="CRB_Dialog" Text="" Template="Default" Name="BubbleText" BGColor="white" TextColor="white" IgnoreMouse="1" TooltipColor=""/>
            <Control Class="Window" LAnchorPoint="0" LAnchorOffset="0" TAnchorPoint="0" TAnchorOffset="10" RAnchorPoint="1" RAnchorOffset="0" BAnchorPoint="1" BAnchorOffset="10" RelativeToClient="1" Font="Default" Text="" Template="Default" Name="RewardsContainer" BGColor="white" TextColor="white" TextId="" TooltipColor="">
                <Control Class="Window" LAnchorPoint="0" LAnchorOffset="0" TAnchorPoint="0" TAnchorOffset="0" RAnchorPoint="0.5" RAnchorOffset="0" BAnchorPoint="0" BAnchorOffset="25" RelativeToClient="1" Font="CRB_Dialog" Text="" Template="Default" Name="GivenRewardsText" BGColor="white" TextColor="white" TextId="Dialog_YouWillReceive" Tooltip="" TooltipId="" DT_BOTTOM="1" TooltipColor=""/>
                <Control Class="Window" LAnchorPoint="0" LAnchorOffset="0" TAnchorPoint="0" TAnchorOffset="25" RAnchorPoint="1" RAnchorOffset="0" BAnchorPoint="0" BAnchorOffset="25" RelativeToClient="1" Font="Default" Text="" Template="Default" Name="GivenRewardsItems" BGColor="white" TextColor="white" TooltipColor=""/>
                <Control Class="Window" LAnchorPoint="0" LAnchorOffset="0" TAnchorPoint="0" TAnchorOffset="25" RAnchorPoint="0.5" RAnchorOffset="0" BAnchorPoint="0" BAnchorOffset="50" RelativeToClient="1" Font="CRB_Dialog" Text="" Template="Default" Name="ChoiceRewardsText" BGColor="white" TextColor="white" TextId="Dialog_YouCanChoose" Tooltip="" TooltipId="" DT_BOTTOM="1"/>
                <Control Class="Window" LAnchorPoint="0" LAnchorOffset="0" TAnchorPoint="0" TAnchorOffset="50" RAnchorPoint="1" RAnchorOffset="0" BAnchorPoint="0" BAnchorOffset="50" RelativeToClient="1" Font="Default" Text="" Template="Default" Name="ChoiceRewardsItems" BGColor="white" TextColor="white"/>
            </Control>
        </Control>
        <Control Class="Button" Base="CRB_Basekit:kitBtn_Holo_Close2" Font="Thick" ButtonType="PushButton" RadioGroup="" LAnchorPoint="1" LAnchorOffset="-33" TAnchorPoint="0" TAnchorOffset="16" RAnchorPoint="1" RAnchorOffset="-13" BAnchorPoint="0" BAnchorOffset="36" DT_VCENTER="1" DT_CENTER="1" Name="ItemWindowCloseBtn" BGColor="white" TextColor="white" NormalTextColor="white" PressedTextColor="white" FlybyTextColor="white" PressedFlybyTextColor="white" DisabledTextColor="white" Visible="1" RelativeToClient="1" TooltipColor="">
            <Event Name="ButtonSignal" Function="OnWindowClosed"/>
        </Control>
    </Form>
    <Form Class="Window" LAnchorPoint="0" LAnchorOffset="0" TAnchorPoint="0" TAnchorOffset="0" RAnchorPoint="1" RAnchorOffset="-9" BAnchorPoint="0" BAnchorOffset="42" RelativeToClient="1" Font="Default" Text="" Template="Default" Name="LootItem" Border="0" Picture="1" SwallowMouseClicks="1" Moveable="0" Escapable="0" Overlapped="0" BGColor="white" TextColor="white" TextId="" Tooltip="" TooltipColor="" IgnoreTooltipDelay="1" TooltipFont="CRB_InterfaceSmall_O" TooltipType="OnCursor" Sprite="">
        <Control Class="Window" LAnchorPoint="0" LAnchorOffset="0" TAnchorPoint="0" TAnchorOffset="0" RAnchorPoint="1" RAnchorOffset="0" BAnchorPoint="1" BAnchorOffset="-2" RelativeToClient="1" Font="Default" Text="" BGColor="UI_WindowBGDefault" TextColor="UI_WindowTextDefault" Template="Default" TooltipType="OnCursor" Name="LootItemBG" TooltipColor="" Sprite="BK3:UI_BK3_Holo_InsetSimple" Picture="1" IgnoreMouse="1"/>
        <Control Class="Window" LAnchorPoint="0" LAnchorOffset="7" TAnchorPoint="0" TAnchorOffset="7" RAnchorPoint="0" RAnchorOffset="34" BAnchorPoint="0" BAnchorOffset="34" RelativeToClient="1" Font="Default" Text="" Template="Default" TooltipType="OnCursor" Name="LootItemIcon" BGColor="white" TextColor="white" TooltipColor="" Sprite="ClientSprites:Icon_ItemMisc_bag_0001" Picture="1" IgnoreMouse="1" NewControlDepth="1"/>
        <Control Class="Window" LAnchorPoint="0" LAnchorOffset="6" TAnchorPoint="0" TAnchorOffset="6" RAnchorPoint="0" RAnchorOffset="35" BAnchorPoint="1" BAnchorOffset="-8" RelativeToClient="1" Font="Default" Text="" Template="Default" TooltipType="OnCursor" Name="LootItemFrame" BGColor="white" TextColor="white" TooltipColor="" Sprite="BK3:UI_BK3_ItemQualityWhite" Picture="1" IgnoreMouse="1"/>
        <Control Class="Window" LAnchorPoint="0" LAnchorOffset="4" TAnchorPoint="0" TAnchorOffset="4" RAnchorPoint="0" RAnchorOffset="19" BAnchorPoint="0" BAnchorOffset="19" RelativeToClient="1" Text="" Name="LootItemCantUse" Picture="1" IgnoreMouse="1" Sprite="ClientSprites:Icon_Windows_UI_CRB_Tooltip_Restricted" BGColor="white" TextColor="white" Tooltip="" Font="CRB_InterfaceSmall" IgnoreTooltipDelay="1" TooltipType="OnCursor" Visible="0" TooltipFont="CRB_InterfaceSmall_O" TooltipId="Dialog_CantUseTooltip" TooltipColor="" NewWindowDepth="1"/>
        <Control Class="Window" LAnchorPoint="0" LAnchorOffset="40" TAnchorPoint="0" TAnchorOffset="0" RAnchorPoint="1" RAnchorOffset="-8" BAnchorPoint="1" BAnchorOffset="0" RelativeToClient="1" Font="CRB_InterfaceSmall" Text="Loot Description" Template="Default" Name="LootDescription" BGColor="white" TextColor="UI_TextHoloBody" TextId="" DT_VCENTER="1" DT_WORDBREAK="1" IgnoreMouse="1" NoClip="1" TooltipColor="" Tooltip="" IgnoreTooltipDelay="1"/>
        <Control Class="CashWindow" LAnchorPoint="0" LAnchorOffset="40" TAnchorPoint="0" TAnchorOffset="3" RAnchorPoint="1" RAnchorOffset="0" BAnchorPoint="1" BAnchorOffset="-4" RelativeToClient="1" Font="CRB_Dialog" Name="LootCashWindow" BGColor="white" TextColor="UI_TextHoloBody" IgnoreMouse="1" Visible="0" SkipZeroes="1" Text="" TextId="" HideInEditor="1" TooltipColor="" IgnoreTooltipDelay="1"/>
    </Form>
</Forms>
