<?xml version="1.0" ?>
<Forms>
    <!-- The rest of the Datachron -->
    <Form Class="Window" LAnchorPoint="0" LAnchorOffset="0" TAnchorPoint="0" TAnchorOffset="0" RAnchorPoint="0" RAnchorOffset="290" BAnchorPoint="0" BAnchorOffset="188" RelativeToClient="1" Name="ScientistDatachron" BGColor="white" TextColor="white" Overlapped="1" Visible="1" Sprite="" Picture="0" IgnoreMouse="1" TooltipColor="" Tooltip="" Template="Holo_Background_Datachron" Text="" Border="0" UseTemplateBG="0">
        <Control Class="Window" LAnchorPoint="0" LAnchorOffset="0" TAnchorPoint="0" TAnchorOffset="0" RAnchorPoint="1" RAnchorOffset="0" BAnchorPoint="1" BAnchorOffset="-70" RelativeToClient="1" Font="Default" Text="" Template="Holo_ScrollListSmall" Name="MissionList" BGColor="white" TextColor="white" Visible="1" IgnoreMouse="1" TestAlpha="0" NeverBringToFront="0" HideInEditor="1" TooltipColor="" VScroll="1" Border="1" UseTemplateBG="1" NewControlDepth="11"/>
        <Control Class="Window" LAnchorPoint="0" LAnchorOffset="0" TAnchorPoint="0" TAnchorOffset="0" RAnchorPoint="1" RAnchorOffset="0" BAnchorPoint="1" BAnchorOffset="-70" RelativeToClient="1" Font="Default" Text="" Template="Default" Name="ChecklistContainer" BGColor="white" TextColor="white" Visible="0" HideInEditor="0" Picture="0" IgnoreMouse="1" Sprite="" TooltipColor="">
            <Control Class="Window" LAnchorPoint="0" LAnchorOffset="8" TAnchorPoint="0" TAnchorOffset="0" RAnchorPoint="1" RAnchorOffset="-36" BAnchorPoint="0" BAnchorOffset="37" RelativeToClient="1" Font="CRB_HeaderTiny" Text="" Template="Default" Name="ChecklistTitle" BGColor="white" TextColor="UI_TextHoloTitle" TextId="CRB__2" DT_CENTER="0" DT_VCENTER="1" Sprite="" Picture="1" IgnoreMouse="1" TooltipColor="" NewControlDepth="1" Tooltip="" TestAlpha="1"/>
            <Control Class="Window" LAnchorPoint="0" LAnchorOffset="1" TAnchorPoint="0" TAnchorOffset="36" RAnchorPoint="1" RAnchorOffset="-3" BAnchorPoint="1" BAnchorOffset="-3" RelativeToClient="1" Font="Default" Text="" Template="Holo_ScrollListSmall" Name="ChecklistItemContainer" BGColor="white" TextColor="white" VScroll="1" IgnoreMouse="1" AutoHideScroll="0" TextId="" TooltipColor=""/>
            <Control Class="Button" Base="BK3:btnHolo_Close" Font="Thick" ButtonType="PushButton" RadioGroup="" LAnchorPoint="1" LAnchorOffset="-38" TAnchorPoint="0" TAnchorOffset="0" RAnchorPoint="1" RAnchorOffset="-1" BAnchorPoint="0" BAnchorOffset="39" DT_VCENTER="1" DT_CENTER="1" Name="ChecklistCollapseBtn" BGColor="white" TextColor="white" NormalTextColor="white" PressedTextColor="white" FlybyTextColor="white" PressedFlybyTextColor="white" DisabledTextColor="white" TooltipColor="">
                <Event Name="ButtonSignal" Function="OnCollapseChecklistClick"/>
            </Control>
            <Pixie LAnchorPoint="0" LAnchorOffset="0" TAnchorPoint="0" TAnchorOffset="0" RAnchorPoint="1" RAnchorOffset="0" BAnchorPoint="1" BAnchorOffset="0" BGColor="white" Font="Default" TextColor="white" Text="" Sprite="BK3:UI_BK3_Holo_InsetHeaderThin" Line="0"/>
        </Control>
        <Control Class="Window" LAnchorPoint="0" LAnchorOffset="0" TAnchorPoint="0" TAnchorOffset="0" RAnchorPoint="1" RAnchorOffset="0" BAnchorPoint="1" BAnchorOffset="-65" RelativeToClient="1" Font="Default" Text="" Template="Default" Name="CompletedScreen" BGColor="white" TextColor="white" IgnoreMouse="1" Visible="0" HideInEditor="1" TooltipColor="" NewControlDepth="10">
            <Control Class="Button" Base="BK3:btnHolo_Blue_Med" Font="CRB_Button" ButtonType="PushButton" RadioGroup="" LAnchorPoint="0" LAnchorOffset="56" TAnchorPoint="1" TAnchorOffset="-72" RAnchorPoint="1" RAnchorOffset="-50" BAnchorPoint="1" BAnchorOffset="0" DT_VCENTER="1" DT_CENTER="1" Name="LootEpisodeBtn" BGColor="white" TextColor="white" NormalTextColor="UI_BtnTextBlueNormal" PressedTextColor="UI_BtnTextBluePressed" FlybyTextColor="UI_BtnTextBlueFlyby" PressedFlybyTextColor="UI_BtnTextBluePressedFlyby" DisabledTextColor="UI_BtnTextBlueDisabled" Text="" TextId="Challenges_Loot" Visible="0" TooltipColor="" TestAlpha="1">
                <Event Name="ButtonSignal" Function="OnLootEpisodeBtn"/>
            </Control>
            <Control Class="Window" LAnchorPoint="0" LAnchorOffset="0" TAnchorPoint="0" TAnchorOffset="10" RAnchorPoint="1" RAnchorOffset="0" BAnchorPoint="0" BAnchorOffset="46" RelativeToClient="1" Font="CRB_HeaderSmall" Text="" Template="Default" Name="EpNameString" BGColor="white" TextColor="UI_TextHoloBodyHighlight" TextId="CRB_Northen_Wilds" DT_VCENTER="1" DT_CENTER="1" TooltipColor=""/>
            <Pixie LAnchorPoint="0" LAnchorOffset="0" TAnchorPoint="0" TAnchorOffset="0" RAnchorPoint="1" RAnchorOffset="0" BAnchorPoint="1" BAnchorOffset="0" BGColor="white" Font="Default" TextColor="white" Text="" Sprite="CRB_DatachronSprites:sprDCPP_SolHORestBack" Line="0" DT_CENTER="1" DT_RIGHT="0"/>
            <Pixie LAnchorPoint="0.5" LAnchorOffset="-52" TAnchorPoint="0" TAnchorOffset="30" RAnchorPoint="0.5" RAnchorOffset="52" BAnchorPoint="0" BAnchorOffset="135" BGColor="UI_AlphaPercent10" Font="Default" TextColor="white" Text="" Sprite="ClientSprites:Icon_Windows_UI_CRB_Scientist" Line="0"/>
            <Pixie LAnchorPoint="0" LAnchorOffset="10" TAnchorPoint="0" TAnchorOffset="39" RAnchorPoint="1" RAnchorOffset="-10" BAnchorPoint="1" BAnchorOffset="0" BGColor="white" Font="CRB_HeaderMedium" TextColor="UI_TextHoloTitle" Text="" TextId="ExplorerMissions_AllMissionsComplete" DT_CENTER="1" DT_VCENTER="0" Line="0"/>
        </Control>
        <Control Class="Window" LAnchorPoint="0" LAnchorOffset="0" TAnchorPoint="0" TAnchorOffset="0" RAnchorPoint="1" RAnchorOffset="0" BAnchorPoint="1" BAnchorOffset="-70" RelativeToClient="1" Font="Default" Text="" Template="Holo_ScrollListSmall" Name="ConfigureBotContainer" BGColor="white" TextColor="white" HideInEditor="1" Visible="0" TooltipColor="" VScroll="1" IgnoreMouse="1" Tooltip="" NewControlDepth="10" Picture="0" Sprite="" Border="1" UseTemplateBG="1"/>
        <Event Name="AnimEnded" Function="OnAnimEnded"/>
        <Control Class="Window" LAnchorPoint="0" LAnchorOffset="0" TAnchorPoint="0" TAnchorOffset="0" RAnchorPoint="1" RAnchorOffset="0" BAnchorPoint="1" BAnchorOffset="-65" RelativeToClient="1" Font="Default" Text="" Template="Default" Name="MissionNotification" BGColor="white" TextColor="white" IgnoreMouse="1" Picture="1" Sprite="" Visible="0" HideInEditor="1" TransitionShowHide="1" TooltipColor="" NewControlDepth="20">
            <Control Class="Window" LAnchorPoint="0" LAnchorOffset="0" TAnchorPoint="0" TAnchorOffset="0" RAnchorPoint="1" RAnchorOffset="0" BAnchorPoint="1" BAnchorOffset="0" RelativeToClient="1" Font="Default" Text="" Template="Default" Name="LootEpBG" BGColor="white" TextColor="white" Picture="1" IgnoreMouse="1" Sprite="CRB_DatachronSprites:sprDCPP_SolHORestBack" TooltipColor="" HideInEditor="0" Tooltip=""/>
            <Control Class="Window" LAnchorPoint="0" LAnchorOffset="1" TAnchorPoint="0" TAnchorOffset="0" RAnchorPoint="1" RAnchorOffset="1" BAnchorPoint="1" BAnchorOffset="0" RelativeToClient="1" Font="Default" Text="" Template="Default" Name="BGGlow" BGColor="UI_AlphaPercent80" TextColor="white" Picture="1" IgnoreMouse="1" Sprite="CRB_ChallengeTrackerSprites:btnChallengeTierBackerPressed" TooltipColor="" HideInEditor="0"/>
            <Control Class="Window" LAnchorPoint="0" LAnchorOffset="0" TAnchorPoint="0" TAnchorOffset="0" RAnchorPoint="1" RAnchorOffset="0" BAnchorPoint="1" BAnchorOffset="-2" RelativeToClient="1" Font="Default" Text="" Template="Default" Name="BGRunner" BGColor="white" TextColor="white" Picture="1" IgnoreMouse="1" Sprite="CRB_Anim_Outline:spr_Anim_OutlineStretch" TooltipColor="" HideInEditor="0"/>
            <Control Class="Window" LAnchorPoint="0" LAnchorOffset="0" TAnchorPoint="0" TAnchorOffset="0" RAnchorPoint="1" RAnchorOffset="0" BAnchorPoint="1" BAnchorOffset="0" RelativeToClient="1" Font="Default" Text="" Template="Default" Name="NewMissionContent" BGColor="white" TextColor="white" Visible="0" HideInEditor="1" TooltipColor="">
                <Control Class="Window" LAnchorPoint="0" LAnchorOffset="10" TAnchorPoint="1" TAnchorOffset="-62" RAnchorPoint="1" RAnchorOffset="-10" BAnchorPoint="1" BAnchorOffset="-10" RelativeToClient="1" Font="CRB_InterfaceLarge_B" Text="" Template="Default" Name="MissionName" BGColor="white" TextColor="UI_TextHoloTitle" TextId="ExplorerMissions_FieldStudyTest" DT_VCENTER="1" DT_CENTER="1" DT_WORDBREAK="1" TooltipColor="" Visible="0" Sprite="BK3:UI_BK3_Holo_InsetSimple" Picture="1" IgnoreMouse="1"/>
                <Pixie LAnchorPoint="0" LAnchorOffset="110" TAnchorPoint="0" TAnchorOffset="14" RAnchorPoint="1" RAnchorOffset="0" BAnchorPoint="1" BAnchorOffset="0" BGColor="white" Font="CRB_HeaderLarge" TextColor="UI_TextHoloBodyHighlight" Text="" TextId="ExplorerMissions_NewMission" DT_CENTER="0" DT_RIGHT="0" DT_VCENTER="0" DT_BOTTOM="0" Line="0"/>
                <Pixie LAnchorPoint="0" LAnchorOffset="110" TAnchorPoint="0" TAnchorOffset="32" RAnchorPoint="1" RAnchorOffset="0" BAnchorPoint="1" BAnchorOffset="0" BGColor="white" Font="CRB_HeaderLarge" TextColor="UI_TextHoloBodyHighlight" Text="" TextId="ExplorerMissions_Unlocked" DT_CENTER="0" DT_RIGHT="0" DT_VCENTER="0" Line="0"/>
                <Pixie LAnchorPoint="0" LAnchorOffset="60" TAnchorPoint="0" TAnchorOffset="5" RAnchorPoint="1" RAnchorOffset="0" BAnchorPoint="1" BAnchorOffset="0" BGColor="white" Font="Default" TextColor="white" Text="" Sprite="Crafting_CircuitSprites:sprCircuit_GreenPlus_Flat" Line="0"/>
            </Control>
            <Control Class="Window" LAnchorPoint="0" LAnchorOffset="0" TAnchorPoint="0" TAnchorOffset="0" RAnchorPoint="1" RAnchorOffset="0" BAnchorPoint="1" BAnchorOffset="0" RelativeToClient="1" Font="Default" Text="" Template="Default" Name="CompletedMissionContent" BGColor="white" TextColor="white" Visible="0" HideInEditor="0" TooltipColor="">
                <Control Class="Window" LAnchorPoint="0" LAnchorOffset="10" TAnchorPoint="1" TAnchorOffset="-62" RAnchorPoint="1" RAnchorOffset="-10" BAnchorPoint="1" BAnchorOffset="-10" RelativeToClient="1" Font="CRB_InterfaceLarge" Text="" Template="Default" Name="MissionName" BGColor="white" TextColor="UI_TextHoloTitle" TextId="ExplorerMissions_FieldStudyTest" DT_VCENTER="1" DT_CENTER="1" DT_WORDBREAK="1" TooltipColor="" Visible="0" Sprite="BK3:UI_BK3_Holo_InsetSimple" Picture="1" IgnoreMouse="1"/>
                <Pixie LAnchorPoint="0" LAnchorOffset="120" TAnchorPoint="0" TAnchorOffset="14" RAnchorPoint="1" RAnchorOffset="0" BAnchorPoint="1" BAnchorOffset="0" BGColor="white" Font="CRB_HeaderLarge" TextColor="UI_TextHoloBodyHighlight" Text="" TextId="Nameplates_Mission" DT_CENTER="0" DT_RIGHT="0" DT_VCENTER="0" DT_BOTTOM="0" Line="0"/>
                <Pixie LAnchorPoint="0" LAnchorOffset="120" TAnchorPoint="0" TAnchorOffset="32" RAnchorPoint="1" RAnchorOffset="0" BAnchorPoint="1" BAnchorOffset="0" BGColor="white" Font="CRB_HeaderLarge" TextColor="UI_TextHoloBodyHighlight" Text="" TextId="QuestCompleted" DT_CENTER="0" DT_RIGHT="0" DT_VCENTER="0" Line="0"/>
                <Pixie LAnchorPoint="0" LAnchorOffset="80" TAnchorPoint="0" TAnchorOffset="15" RAnchorPoint="0" RAnchorOffset="115" BAnchorPoint="0" BAnchorOffset="53" BGColor="white" Font="Default" TextColor="white" Text="" Sprite="ClientSprites:Icon_Windows_UI_CRB_Scientist" Line="0"/>
            </Control>
        </Control>
        <Control Class="Window" LAnchorPoint="0" LAnchorOffset="0" TAnchorPoint="0" TAnchorOffset="0" RAnchorPoint="1" RAnchorOffset="0" BAnchorPoint="1" BAnchorOffset="-65" RelativeToClient="1" Font="Default" Text="" Template="Holo_Background_Datachron" Name="MissionsRemainingScreen" BGColor="white" TextColor="white" Visible="0" HideInEditor="1" IgnoreMouse="1" TooltipColor="" Tooltip="" NewControlDepth="30" Border="1" UseTemplateBG="1">
            <Control Class="Window" LAnchorPoint="0" LAnchorOffset="0" TAnchorPoint="0" TAnchorOffset="0" RAnchorPoint="1" RAnchorOffset="0" BAnchorPoint="1" BAnchorOffset="0" RelativeToClient="1" Font="Default" Text="" Template="Default" Name="LootEpBG" BGColor="white" TextColor="white" Picture="1" IgnoreMouse="1" Sprite="CRB_DatachronSprites:sprDCPP_SolHORestBack" TooltipColor="" HideInEditor="0"/>
            <Control Class="Window" LAnchorPoint="0" LAnchorOffset="10" TAnchorPoint="0" TAnchorOffset="10" RAnchorPoint="1" RAnchorOffset="-10" BAnchorPoint="1" BAnchorOffset="-10" RelativeToClient="1" Font="Default" Text="" BGColor="UI_WindowBGDefault" TextColor="UI_WindowTextDefault" Template="Default" TooltipType="OnCursor" Name="Framing" TooltipColor="" Sprite="BK3:UI_BK3_Holo_InsetHeader" Picture="1" IgnoreMouse="1" NewControlDepth="2"/>
            <Control Class="Window" LAnchorPoint="0" LAnchorOffset="20" TAnchorPoint="0" TAnchorOffset="8" RAnchorPoint="1" RAnchorOffset="-20" BAnchorPoint="0" BAnchorOffset="49" RelativeToClient="1" Font="CRB_HeaderSmall" Text="" Template="Default" Name="EpNameString" BGColor="white" TextColor="white" TextId="CRB_Northen_Wilds" DT_VCENTER="1" DT_CENTER="1" DT_BOTTOM="0" DT_WORDBREAK="1" TooltipColor=""/>
            <Control Class="Window" LAnchorPoint="0" LAnchorOffset="226" TAnchorPoint="0" TAnchorOffset="58" RAnchorPoint="1" RAnchorOffset="26" BAnchorPoint="0" BAnchorOffset="82" RelativeToClient="1" Font="CRB_HeaderLarge" Text="" Template="Default" Name="MissionsRemainingCount" BGColor="white" TextColor="UI_TextHoloTitle" TextId="CRB_7" DT_VCENTER="0" DT_CENTER="0" NewControlDepth="8" TooltipColor=""/>
            <Pixie LAnchorPoint="0" LAnchorOffset="47" TAnchorPoint="0" TAnchorOffset="58" RAnchorPoint="1" RAnchorOffset="0" BAnchorPoint="0" BAnchorOffset="94" BGColor="white" Font="CRB_HeaderLarge" TextColor="UI_TextHoloBodyHighlight" Text="" TextId="ExplorerMissions_MissionsRemaining" DT_CENTER="0" DT_VCENTER="0" Line="0"/>
            <Control Class="Window" LAnchorPoint="0" LAnchorOffset="15" TAnchorPoint="1" TAnchorOffset="-46" RAnchorPoint="1" RAnchorOffset="-15" BAnchorPoint="1" BAnchorOffset="-16" RelativeToClient="1" Font="CRB_InterfaceMedium" Text="" Template="Default" Name="MissionsRemainingExpla" BGColor="white" TextColor="UI_TextHoloBody" TextId="ExplorerMissions_ExploreToFindMore" DT_WORDBREAK="1" DT_CENTER="1" Visible="1" HideInEditor="0" DT_VCENTER="1" TooltipColor="" NewControlDepth="8" IgnoreMouse="1" NewWindowDepth="1"/>
        </Control>
        <Control Class="Window" LAnchorPoint="0" LAnchorOffset="0" TAnchorPoint="0" TAnchorOffset="120" RAnchorPoint="1" RAnchorOffset="0" BAnchorPoint="1" BAnchorOffset="0" RelativeToClient="1" Font="Default" Text="" Template="Default" TooltipType="OnCursor" Name="DatachronScientistBottom" BGColor="white" TextColor="white" TooltipColor="" Picture="1" IgnoreMouse="1" Sprite="BK3:UI_BK3_Holo_InsetFramed" Visible="0" HideInEditor="0" NewWindowDepth="1"/>
    </Form>
    <Form Class="Window" LAnchorPoint="0" LAnchorOffset="0" TAnchorPoint="0" TAnchorOffset="0" RAnchorPoint="0" RAnchorOffset="277" BAnchorPoint="0" BAnchorOffset="56" RelativeToClient="0" Font="Default" Text="" Template="Default" Name="ScientistListItem" Border="0" Picture="1" SwallowMouseClicks="0" Moveable="0" Escapable="0" Overlapped="0" BGColor="white" TextColor="white" IgnoreMouse="0" TextId="" TooltipType="OnCursor" TooltipColor="" Tooltip="">
        <Control Class="Button" Base="BK3:btnHolo_ListView_Simple" Font="Thick" ButtonType="PushButton" RadioGroup="" LAnchorPoint="0" LAnchorOffset="0" TAnchorPoint="0" TAnchorOffset="0" RAnchorPoint="1" RAnchorOffset="0" BAnchorPoint="1" BAnchorOffset="-2" DT_VCENTER="1" DT_CENTER="1" Name="ListItemBigBtn" BGColor="white" TextColor="white" NormalTextColor="white" PressedTextColor="white" FlybyTextColor="white" PressedFlybyTextColor="white" DisabledTextColor="white" IgnoreMouse="1" RelativeToClient="1" NeverBringToFront="1" TooltipColor="" Tooltip="">
            <Event Name="ButtonSignal" Function="OnListItemClick"/>
            <Control Class="Window" LAnchorPoint="0" LAnchorOffset="0" TAnchorPoint="0" TAnchorOffset="0" RAnchorPoint="1" RAnchorOffset="0" BAnchorPoint="1" BAnchorOffset="0" RelativeToClient="1" Font="Default" Text="" Template="Default" Name="ListItemFlash" BGColor="UI_AlphaPercent40" TextColor="white" Picture="1" IgnoreMouse="1" Sprite="" NewControlDepth="7" TooltipColor=""/>
            <Control Class="Window" LAnchorPoint="0" LAnchorOffset="0" TAnchorPoint="0" TAnchorOffset="0" RAnchorPoint="1" RAnchorOffset="0" BAnchorPoint="1" BAnchorOffset="0" RelativeToClient="1" Font="Default" Text="" Template="Default" Name="ListItemNewRunner" BGColor="white" TextColor="white" Picture="1" IgnoreMouse="1" Sprite="CRB_Anim_Outline:spr_Anim_OutlineStretch" Visible="0" HideInEditor="1" TooltipColor=""/>
            <Control Class="Window" LAnchorPoint="0" LAnchorOffset="10" TAnchorPoint="0" TAnchorOffset="12" RAnchorPoint="0" RAnchorOffset="44" BAnchorPoint="0" BAnchorOffset="46" RelativeToClient="1" Font="CRB_Pixel_O" Text="" Template="Default" Name="ListItemIcon" BGColor="white" TextColor="white" Picture="1" Sprite="ClientSprites:Icon_Mission_Soldier_HoldoutSecurity" TooltipType="OnCursor" NewControlDepth="1" TextId="" DT_VCENTER="0" TooltipColor=""/>
            <Control Class="Button" Base="CRB_Basekit:kitBtn_Holo_CircleSmall" Font="CRB_Pixel" ButtonType="PushButton" RadioGroup="" LAnchorPoint="0" LAnchorOffset="1" TAnchorPoint="0" TAnchorOffset="1" RAnchorPoint="0" RAnchorOffset="22" BAnchorPoint="0" BAnchorOffset="22" Name="ListIconBtn" BGColor="white" TextColor="white" NormalTextColor="UI_BtnTextBlueNormal" PressedTextColor="white" FlybyTextColor="white" PressedFlybyTextColor="white" DisabledTextColor="white" Text="" TextId="Command_Group_Invite_Shortcut" RelativeToClient="1" IgnoreMouse="1" TooltipColor="" ButtonTextXMargin="8" DT_VCENTER="1">
                <Event Name="ButtonSignal" Function="OnListIconClick"/>
                <Event Name="MouseEnter" Function="OnListIconEnter"/>
                <Event Name="MouseExit" Function="OnListIconExit"/>
            </Control>
            <Control Class="Window" LAnchorPoint="0" LAnchorOffset="50" TAnchorPoint="1" TAnchorOffset="-32" RAnchorPoint="1" RAnchorOffset="-45" BAnchorPoint="1" BAnchorOffset="7" RelativeToClient="1" Font="Default" Text="" Template="Default" Name="ListItemProgressBG" BGColor="white" TextColor="white" Sprite="BK3:UI_BK3_Holo_ProgressBar_BG" Picture="1" IgnoreMouse="1" TooltipColor=""/>
            <Control Class="ProgressBar" Text="" LAnchorPoint="0" LAnchorOffset="65" TAnchorPoint="1" TAnchorOffset="-32" RAnchorPoint="1" RAnchorOffset="-59" BAnchorPoint="1" BAnchorOffset="7" RelativeToClient="1" Name="ListItemMeter" BGColor="white" TextColor="white" IgnoreMouse="1" ProgressFill="BK3:UI_BK3_Holo_ProgressBar_Fill" TooltipColor="" BarColor=""/>
            <Control Class="MLWindow" LAnchorPoint="0" LAnchorOffset="55" TAnchorPoint="0" TAnchorOffset="3" RAnchorPoint="1" RAnchorOffset="-50" BAnchorPoint="0" BAnchorOffset="35" RelativeToClient="1" Font="CRB_InterfaceSmall" Template="Default" Name="ListItemName" BGColor="white" TextColor="UI_TextHoloTitle" DT_VCENTER="1" DT_WORDBREAK="1" Text="" IgnoreMouse="1" TextId="Challenges_NoProgress" TooltipColor=""/>
            <Control Class="Window" LAnchorPoint="1" LAnchorOffset="-47" TAnchorPoint="0" TAnchorOffset="0" RAnchorPoint="1" RAnchorOffset="3" BAnchorPoint="1" BAnchorOffset="0" RelativeToClient="1" Font="Default" Text="" Template="Default" Name="ListItemArrangeVert" BGColor="white" TextColor="white" TooltipColor="">
                <Control Class="MLWindow" LAnchorPoint="0" LAnchorOffset="-2" TAnchorPoint="0" TAnchorOffset="4" RAnchorPoint="1" RAnchorOffset="-2" BAnchorPoint="0" BAnchorOffset="29" RelativeToClient="1" Font="CRB_HeaderTiny" Template="Default" Name="ListItemPercent" BGColor="white" TextColor="UI_TextHoloBody" TextId="Challenges_NoProgress" IgnoreMouse="1" Text="" TooltipColor="" DT_RIGHT="0"/>
                <Control Class="Window" LAnchorPoint="0" LAnchorOffset="0" TAnchorPoint="0" TAnchorOffset="18" RAnchorPoint="1" RAnchorOffset="0" BAnchorPoint="0" BAnchorOffset="23" RelativeToClient="1" Font="Default" Text="" Template="Default" Name="Padding" BGColor="white" TextColor="white" TooltipColor=""/>
                <Control Class="Button" Base="Crafting_CircuitSprites:btnCircuit_Holo_RightArrow" Font="Thick" ButtonType="PushButton" RadioGroup="" LAnchorPoint="0" LAnchorOffset="-3" TAnchorPoint="0" TAnchorOffset="12" RAnchorPoint="1" RAnchorOffset="-6" BAnchorPoint="0" BAnchorOffset="58" Name="ChecklistExpandBtn" BGColor="white" TextColor="white" NormalTextColor="white" PressedTextColor="white" FlybyTextColor="white" PressedFlybyTextColor="white" DisabledTextColor="white" RelativeToClient="1" IgnoreMouse="1" TooltipColor="">
                    <Event Name="ButtonSignal" Function="OnExpandChecklistClick"/>
                </Control>
            </Control>
        </Control>
        <Event Name="MouseEnter" Function="OnMouseEnter"/>
        <Event Name="MouseExit" Function="OnMouseExit"/>
    </Form>
    <Form Class="Window" LAnchorPoint="0" LAnchorOffset="0" TAnchorPoint="0" TAnchorOffset="0" RAnchorPoint="1" RAnchorOffset="-2" BAnchorPoint="0" BAnchorOffset="40" RelativeToClient="1" Font="Default" Text="" Template="Default" Name="ScientistChecklistItem" Border="0" Picture="1" SwallowMouseClicks="0" Moveable="0" Escapable="0" Overlapped="0" BGColor="white" TextColor="white" IgnoreMouse="1" TextId="" Sprite="" TooltipColor="" Tooltip="">
        <Control Class="Button" Base="BK3:btnHolo_ListView_Mid" Font="Thick" ButtonType="PushButton" RadioGroup="" LAnchorPoint="0" LAnchorOffset="0" TAnchorPoint="0" TAnchorOffset="0" RAnchorPoint="1" RAnchorOffset="0" BAnchorPoint="1" BAnchorOffset="-2" DT_VCENTER="1" DT_CENTER="1" TooltipType="OnCursor" Name="ScientistChecklistItemBtn" BGColor="white" TextColor="white" TooltipColor="" NormalTextColor="white" PressedTextColor="white" FlybyTextColor="white" PressedFlybyTextColor="white" DisabledTextColor="white" Visible="1" RelativeToClient="1">
            <Event Name="ButtonSignal" Function="OnScientistChecklistItemBtn"/>
        </Control>
        <Control Class="Window" LAnchorPoint="0" LAnchorOffset="2" TAnchorPoint="0" TAnchorOffset="2" RAnchorPoint="0" RAnchorOffset="36" BAnchorPoint="1" BAnchorOffset="-4" RelativeToClient="1" Font="Default" Text="" Template="Default" Name="ChecklistCompleteCheck" BGColor="white" TextColor="white" Picture="1" Sprite="kitIcon_Complete" TooltipType="OnCursor" TextId="" Visible="1" TooltipColor="" NewControlDepth="1"/>
        <Control Class="Window" LAnchorPoint="0" LAnchorOffset="40" TAnchorPoint="0" TAnchorOffset="2" RAnchorPoint="1" RAnchorOffset="-4" BAnchorPoint="1" BAnchorOffset="-4" RelativeToClient="1" Font="CRB_Button" Template="Default" Name="ChecklistItemName" BGColor="white" TextColor="UI_BtnTextHoloListNormal" DT_VCENTER="1" DT_WORDBREAK="1" TextId="CRB__2" Text="" IgnoreMouse="1" NewControlDepth="0" TooltipColor=""/>
        <Pixie LAnchorPoint="0" LAnchorOffset="0" TAnchorPoint="0" TAnchorOffset="0" RAnchorPoint="1" RAnchorOffset="0" BAnchorPoint="1" BAnchorOffset="-2" BGColor="white" Font="Default" TextColor="white" Text="" Sprite="CRB_Basekit:kitBtn_List_HoloNormal" Line="0"/>
    </Form>
    <Form Class="Window" LAnchorPoint="0" LAnchorOffset="53" TAnchorPoint="0" TAnchorOffset="64" RAnchorPoint="0" RAnchorOffset="343" BAnchorPoint="0" BAnchorOffset="262" RelativeToClient="1" Font="Default" Text="" Template="Default" TooltipType="OnCursor" Name="ScientistDatachronTopLevel" Border="0" Picture="1" SwallowMouseClicks="1" Moveable="0" Escapable="0" Overlapped="1" BGColor="white" TextColor="white" TooltipColor="" IgnoreMouse="1" Tooltip="" NewControlDepth="11" NewWindowDepth="1">
        <Control Class="Window" LAnchorPoint="0" LAnchorOffset="0" TAnchorPoint="0" TAnchorOffset="130" RAnchorPoint="1" RAnchorOffset="0" BAnchorPoint="1" BAnchorOffset="0" RelativeToClient="1" Font="Default" Text="" Template="Default" TooltipType="OnCursor" Name="DatachronScientistBottom" BGColor="white" TextColor="white" TooltipColor="" Picture="1" IgnoreMouse="1" Sprite="BK3:UI_BK3_Holo_InsetFramed" Visible="1" HideInEditor="0">
            <Control Class="Window" LAnchorPoint="1" LAnchorOffset="-84" TAnchorPoint="1" TAnchorOffset="-43" RAnchorPoint="1" RAnchorOffset="-7" BAnchorPoint="1" BAnchorOffset="-6" RelativeToClient="1" Font="Default" Text="" Template="Default" TooltipType="OnCursor" Name="ButtonHolder" BGColor="white" TextColor="white" TooltipColor="" Picture="1" IgnoreMouse="1" Sprite="">
                <Control Class="Button" Base="CRB_DatachronSprites:btnDCPP_SciConfig" Font="Thick" ButtonType="PushButton" RadioGroup="" LAnchorPoint="0" LAnchorOffset="27" TAnchorPoint="0" TAnchorOffset="10" RAnchorPoint="0" RAnchorOffset="47" BAnchorPoint="0" BAnchorOffset="30" DT_VCENTER="1" DT_CENTER="1" TooltipType="OnCursor" Name="SciConfigureBtn" BGColor="white" TextColor="white" TooltipColor="" NormalTextColor="white" PressedTextColor="white" FlybyTextColor="white" PressedFlybyTextColor="white" DisabledTextColor="white" Tooltip="" TooltipId="ScientistMission_ConfigureTooltip" RelativeToClient="1" TooltipFont="CRB_InterfaceSmall">
                    <Event Name="ButtonSignal" Function="OnOpenConfigureScreenBtn"/>
                </Control>
                <Control Class="Button" Base="CRB_DatachronSprites:btnDCPP_SciLocate" Font="Thick" ButtonType="PushButton" RadioGroup="" LAnchorPoint="0" LAnchorOffset="52" TAnchorPoint="0" TAnchorOffset="10" RAnchorPoint="0" RAnchorOffset="72" BAnchorPoint="0" BAnchorOffset="30" DT_VCENTER="1" DT_CENTER="1" TooltipType="OnCursor" Name="SciLocateBtn" BGColor="white" TextColor="white" TooltipColor="" NormalTextColor="white" PressedTextColor="white" FlybyTextColor="white" PressedFlybyTextColor="white" DisabledTextColor="white" RelativeToClient="1" IgnoreTooltipDelay="1" Tooltip="" TooltipId="ScientistMission_LocateTooltip">
                    <Event Name="ButtonSignal" Function="OnLocateBtn"/>
                </Control>
            </Control>
            <Control Class="Button" Base="CRB_DatachronSprites:btnDCPP_SciBotWings" Font="CRB_InterfaceSmall_O" ButtonType="PushButton" RadioGroup="" LAnchorPoint="0" LAnchorOffset="12" TAnchorPoint="0" TAnchorOffset="6" RAnchorPoint="0" RAnchorOffset="72" BAnchorPoint="0" BAnchorOffset="62" DT_VCENTER="0" DT_CENTER="1" TooltipType="OnCursor" Name="SciProfileSummonBtn" BGColor="white" TextColor="UI_TextHoloTitle" TooltipColor="" NormalTextColor="white" PressedTextColor="white" FlybyTextColor="white" PressedFlybyTextColor="white" DisabledTextColor="black" Text="" TextId="" DT_WORDBREAK="0" DT_BOTTOM="1" ButtonTextYMargin="5">
                <Event Name="ButtonSignal" Function="OnSummonBotBtn"/>
                <Control Class="ProgressBar" Text="" LAnchorPoint="0" LAnchorOffset="2" TAnchorPoint="0" TAnchorOffset="2" RAnchorPoint="1" RAnchorOffset="-2" BAnchorPoint="1" BAnchorOffset="-2" AutoSetText="0" UseValues="1" RelativeToClient="1" SetTextToProgress="0" DT_CENTER="1" DT_VCENTER="1" ProgressEmpty="" ProgressFull="WhiteFill" Name="BotCooldownBar" BGColor="UI_AlphaBlackPercent60" TextColor="white" RadialBar="1" IgnoreTooltipDelay="0" IgnoreMouse="1" Visible="0" RadialMin="90.000000" RadialMax="89.000000" Clockwise="0" ProgressFill="" TooltipColor="" BarColor="" RightEdgeControlsAnchor="" NewControlDepth="1" TextId=""/>
                <Event Name="MouseEnter" Function="OnSummonBotMouseEnter"/>
                <Event Name="MouseExit" Function="OnSummonBotMouseExit"/>
            </Control>
            <Control Class="Button" Base="BK3:btnHolo_Blue_Small" Font="CRB_Button" ButtonType="PushButton" RadioGroup="" LAnchorPoint="0" LAnchorOffset="84" TAnchorPoint="0" TAnchorOffset="18" RAnchorPoint="0" RAnchorOffset="189" BAnchorPoint="0" BAnchorOffset="71" DT_VCENTER="1" DT_CENTER="1" TooltipType="OnCursor" Name="SciScanBtn" BGColor="white" TextColor="UI_BtnTextGreenNormal" TooltipColor="" NormalTextColor="UI_BtnTextBlueNormal" PressedTextColor="UI_BtnTextBluePressed" FlybyTextColor="UI_BtnTextBlueFlyby" PressedFlybyTextColor="UI_BtnTextBluePressedFlyby" DisabledTextColor="UI_BtnTextBlueDisabled" Text="" TextId="CRB_Scan" NoClip="1">
                <Event Name="ButtonSignal" Function="OnScanBtn"/>
            </Control>
            <Control Class="Window" LAnchorPoint="0" LAnchorOffset="99" TAnchorPoint="0" TAnchorOffset="7" RAnchorPoint="0" RAnchorOffset="272" BAnchorPoint="0" BAnchorOffset="30" RelativeToClient="1" Font="CRB_InterfaceSmall_I" Text="" Template="Default" TooltipType="OnCursor" Name="SciScannerBotStatus" BGColor="white" TextColor="UI_TextHoloTitle" TooltipColor="" TextId="CRB_No_Scanner_Bot_Deployed" DT_CENTER="1" DT_VCENTER="1"/>
            <Control Class="ProgressBar" Text="" LAnchorPoint="0" LAnchorOffset="90" TAnchorPoint="0" TAnchorOffset="9" RAnchorPoint="0" RAnchorOffset="280" BAnchorPoint="0" BAnchorOffset="31" AutoSetText="0" UseValues="1" RelativeToClient="1" SetTextToProgress="1" DT_CENTER="1" DT_VCENTER="1" ProgressEmpty="" ProgressFull="kitIProgBar_Hybrid_Fill" TooltipType="OnCursor" Name="SciScannerBotHealth" BGColor="white" TextColor="white" TooltipColor="" BarColor="" Sprite="" Picture="0" TextId="" Font="CRB_InterfaceMedium_B" HideInEditor="0"/>
            <Pixie LAnchorPoint="0" LAnchorOffset="5" TAnchorPoint="0" TAnchorOffset="5" RAnchorPoint="0" RAnchorOffset="80" BAnchorPoint="1" BAnchorOffset="-5" Sprite="BK3:UI_BK3_Holo_InsetSimple" BGColor="white" TextColor="black" Rotation="0" Font="Default"/>
            <Pixie LAnchorPoint="0" LAnchorOffset="85" TAnchorPoint="0" TAnchorOffset="5" RAnchorPoint="1" RAnchorOffset="-5" BAnchorPoint="1" BAnchorOffset="-5" Sprite="BK3:UI_BK3_Holo_InsetSimple" BGColor="white" TextColor="black" Rotation="0" Font="Default"/>
        </Control>
    </Form>
</Forms>
