<?xml version="1.0" ?>
<Forms>
    <!-- The dialog that comes up and asks you where you want to rez. -->
    <Form Class="Window" Name="ResurrectDialog" LAnchorPoint=".5" LAnchorOffset="-181" TAnchorPoint=".5" TAnchorOffset="-359" RAnchorPoint=".5" RAnchorOffset="181" BAnchorPoint=".5" BAnchorOffset="-56" Border="0" Template="CRB_NormalFramedThick" Picture="1" Visible="0" BGColor="ffffffff" TextColor="ffffffff" Overlapped="1" UseTemplateBG="1" Sprite="" RelativeToClient="1" TooltipColor="" Tooltip="" Moveable="1">
        <Control Class="Window" LAnchorPoint="0" LAnchorOffset="20" TAnchorPoint="0" TAnchorOffset="50" RAnchorPoint="1" RAnchorOffset="-20" BAnchorPoint="1" BAnchorOffset="-94" RelativeToClient="1" Font="Default" Text="" Template="Default" Name="BGBackground" BGColor="ffffffff" TextColor="ffffffff" Tooltip="" Picture="1" IgnoreMouse="1" Sprite="CRB_Basekit:kitBase_MetalGrey_Small" TooltipColor=""/>
        <Control Class="Window" LAnchorPoint="0" LAnchorOffset="20" TAnchorPoint="0" TAnchorOffset="22" RAnchorPoint="1" RAnchorOffset="-20" BAnchorPoint="0" BAnchorOffset="69" RelativeToClient="1" Font="Default" Text="" Template="Default" Name="BGTitle" BGColor="ffffffff" TextColor="ffffffff" Sprite="kitHeader_MetalGrey_TitlePlain" Picture="1" IgnoreMouse="1" TooltipColor="">
            <Pixie LAnchorPoint="0" LAnchorOffset="0" TAnchorPoint="0" TAnchorOffset="2" RAnchorPoint="1" RAnchorOffset="0" BAnchorPoint="0" BAnchorOffset="32" BGColor="ffffffff" Font="CRB_InterfaceLarge_B" TextColor="ff9a8460" Text="" TextId="SpellFailure_Caster_CannotBeDead" DT_CENTER="1" DT_VCENTER="1" Line="0"/>
        </Control>
        <Control Class="Window" LAnchorPoint="0" LAnchorOffset="20" TAnchorPoint="1" TAnchorOffset="-98" RAnchorPoint="1" RAnchorOffset="-19" BAnchorPoint="1" BAnchorOffset="-26" RelativeToClient="1" Font="Default" Text="" Template="Default" Name="BGBottom" BGColor="ffffffff" TextColor="ffffffff" TooltipColor="">
            <Control Class="Window" LAnchorPoint="0" LAnchorOffset="0" TAnchorPoint="0" TAnchorOffset="21" RAnchorPoint="1" RAnchorOffset="-1" BAnchorPoint="0" BAnchorOffset="129" RelativeToClient="1" Font="Default" Text="" Template="Default" Name="BGBottomArt" BGColor="ffffffff" TextColor="ffffffff" Sprite="CRB_Basekit:kitBase_MetalGold_Small" Picture="1" IgnoreMouse="1" TooltipColor=""/>
            <Control Class="Window" LAnchorPoint="0.5" LAnchorOffset="-7" TAnchorPoint="1" TAnchorOffset="-39" RAnchorPoint="1" RAnchorOffset="-8" BAnchorPoint="1" BAnchorOffset="-12" RelativeToClient="1" Font="Default" Text="" Template="Default" Name="BGPlayerCash" BGColor="ffffffff" TextColor="ffffffff" Sprite="CRB_Basekit:kitInnerFrame_MetalGold_Inlay" Picture="1" IgnoreMouse="1" TooltipColor=""/>
            <Control Class="Window" LAnchorPoint="0" LAnchorOffset="1" TAnchorPoint="1" TAnchorOffset="-79" RAnchorPoint="1" RAnchorOffset="-2" BAnchorPoint="1" BAnchorOffset="-41" RelativeToClient="1" Font="Default" Text="" Template="Default" TooltipType="OnCursor" Name="BGHoloFooter" BGColor="ffffffff" TextColor="ffffffff" Picture="1" IgnoreMouse="1" Sprite="CRB_Basekit:kitHeader_HoloLines_Title" TooltipColor=""/>
        </Control>
        <Control Class="Window" LAnchorPoint="0" LAnchorOffset="0" TAnchorPoint="0" TAnchorOffset="57" RAnchorPoint="1" RAnchorOffset="0" BAnchorPoint="0" BAnchorOffset="93" RelativeToClient="1" Font="CRB_InterfaceMedium_B" Template="Default" Name="ArtTimeToRezHere" BGColor="ffffffff" TextColor="ff9aaea3" DT_VCENTER="1" DT_CENTER="1" HideInEditor="0" TextId="CRB_Ready_to_resurrect" Text="" TooltipColor=""/>
        <Control Class="Button" Name="ResurrectDialog.Here" Hotkey="H" Base="kitBtn_Metal_IconBaseStretch" LAnchorPoint="0" LAnchorOffset="40" TAnchorPoint="0" TAnchorOffset="61" RAnchorPoint="1" RAnchorOffset="-40" BAnchorPoint="0" BAnchorOffset="121" DT_VCENTER="1" DT_CENTER="1" RelativeToClient="1" TextColor="ffffffff" BGColor="ffffffff" Font="CRB_HeaderMedium" NewControlDepth="3" Template="CRB_Normal" UseTemplateBG="0" DisabledTextColor="00ffffff" HideInEditor="0" TextId="" Text="" NormalTextColor="ffffffff" PressedTextColor="ffffffff" FlybyTextColor="ffffffff" PressedFlybyTextColor="ffffffff" Visible="0" TooltipColor="">
            <Event Name="ButtonSignal" Function="OnResurrectHere"/>
            <Control Class="Window" LAnchorPoint="0" LAnchorOffset="0" TAnchorPoint="0" TAnchorOffset="0" RAnchorPoint="1" RAnchorOffset="0" BAnchorPoint="0" BAnchorOffset="32" RelativeToClient="1" Font="CRB_InterfaceLarge_B" Text="" Template="Default" Name="WakeHereText" BGColor="ffffffff" TextColor="ff9aaea3" TextId="CRB_Wake_Here" DT_BOTTOM="1" DT_CENTER="1" TooltipColor=""/>
            <Control Class="CashWindow" Name="ResurrectDialog.Cash" LAnchorPoint="0" LAnchorOffset="92" TAnchorPoint="1" TAnchorOffset="-30" RAnchorPoint="1" RAnchorOffset="-25" BAnchorPoint="1" BAnchorOffset="-7" DT_LEFT="0" DT_VCENTER="1" RelativeToClient="1" SkipZeros="0" TextColor="White" BGColor="ffffffff" DT_CENTER="0" DT_RIGHT="0" NewControlDepth="2" HideInEditor="0" TextId="CRB_Free" SkipZeroes="0" IgnoreMouse="1" Font="CRB_InterfaceMedium" TooltipColor=""/>
            <Control Class="Window" Name="CostLabel" LAnchorPoint="0" LAnchorOffset="60" TAnchorPoint="1" TAnchorOffset="-28" RAnchorPoint="1" RAnchorOffset="0" BAnchorPoint="1" BAnchorOffset="-8" DT_RIGHT="0" DT_VCENTER="0" RelativeToClient="1" TextColor="ff5f6662" BGColor="ffffffff" DT_CENTER="0" HideInEditor="0" TextId="CRB_Cost_Sp" Font="CRB_InterfaceMedium_B" NewControlDepth="3" Text="" Visible="1" TooltipColor=""/>
            <Control Class="Window" LAnchorPoint="0" LAnchorOffset="0" TAnchorPoint="0" TAnchorOffset="31" RAnchorPoint="1" RAnchorOffset="0" BAnchorPoint="1" BAnchorOffset="0" RelativeToClient="1" Font="CRB_InterfaceMedium_B" Text="" Template="Default" Name="WakeHereCooldownText" BGColor="ffffffff" TextColor="ff585858" TextId="CRB_Wake_Here" DT_BOTTOM="0" DT_CENTER="1" DT_VCENTER="0" TooltipColor=""/>
        </Control>
        <Control Class="Button" Name="ResurrectDialog.Eldan" Hotkey="G" Base="kitBtn_Metal_IconBaseStretch" LAnchorPoint="0" LAnchorOffset="40" TAnchorPoint="0" TAnchorOffset="127" RAnchorPoint="1" RAnchorOffset="-40" BAnchorPoint="0" BAnchorOffset="187" DT_VCENTER="1" DT_CENTER="1" RelativeToClient="1" TextColor="White" BGColor="ffffffff" Font="CRB_InterfaceLarge_B" HideInEditor="1" TextId="CRB_Wake_at_Eldan_Stone" Text="" NewControlDepth="3" NormalTextColor="UI_BtnTextGrayFlyby" PressedTextColor="UI_BtnTextGrayFlyby" FlybyTextColor="UI_BtnTextGrayFlyby" PressedFlybyTextColor="UI_BtnTextGrayFlyby" DisabledTextColor="UI_BtnTextGrayFlyby" Visible="0" TooltipColor="">
            <Event Name="ButtonSignal" Function="OnResurrectEldan"/>
            <Control Class="Window" Name="FreeLabel" LAnchorPoint="0" LAnchorOffset="0" TAnchorPoint="1" TAnchorOffset="-29" RAnchorPoint="1" RAnchorOffset="0" BAnchorPoint="1" BAnchorOffset="-9" DT_RIGHT="0" DT_VCENTER="0" RelativeToClient="1" TextColor="ff5f6662" BGColor="ffffffff" DT_CENTER="1" HideInEditor="1" TextId="CRB_Free" Font="CRB_InterfaceMedium_B" NewControlDepth="3" Text="" Visible="0"/>
        </Control>
        <Control Class="Button" Name="ResurrectDialog.Caster" Hotkey="C" Base="CRB_Basekit:kitBtn_Metal_MediumBlue" LAnchorPoint="0" LAnchorOffset="23" TAnchorPoint="1" TAnchorOffset="-76" RAnchorPoint="0" RAnchorOffset="166" BAnchorPoint="1" BAnchorOffset="-28" DT_VCENTER="1" DT_CENTER="1" RelativeToClient="1" TextColor="White" Visible="0" BGColor="ffffffff" NewControlDepth2="" HideInEditor="0" TextId="" NormalTextColor="ffffffff" PressedTextColor="ffffffff" FlybyTextColor="ffffffff" PressedFlybyTextColor="ffffffff" DisabledTextColor="ffffffff" Font="CRB_InterfaceLarge_B" TooltipColor="" Text="">
            <Event Name="ButtonSignal" Function="OnResurrectCaster"/>
            <Control Class="Window" LAnchorPoint="0" LAnchorOffset="9" TAnchorPoint="0" TAnchorOffset="9" RAnchorPoint="1" RAnchorOffset="-9" BAnchorPoint="1" BAnchorOffset="-9" RelativeToClient="1" Font="Default" Text="" Template="Default" TooltipType="OnCursor" Name="RezPrompt" BGColor="9fffffff" TextColor="ffffffff" TooltipColor="" Picture="1" IgnoreMouse="1" Sprite="CRB_Anim_WaveRunner:CRB_Anim_WaveRunner" NewControlDepth="3">
                <Pixie LAnchorPoint="0" LAnchorOffset="9" TAnchorPoint="0" TAnchorOffset="9" RAnchorPoint="1" RAnchorOffset="-9" BAnchorPoint="1" BAnchorOffset="-9" BGColor="ffffffff" Font="CRB_InterfaceMedium_B" TextColor="ffffffff" Text="" TextId="Death_RezAtCaster" DT_CENTER="1" DT_VCENTER="1" Line="0"/>
            </Control>
        </Control>
        <Control Class="Window" Name="ResurrectDialog.Timer" LAnchorPoint="0" LAnchorOffset="0" TAnchorPoint="0" TAnchorOffset="52" RAnchorPoint="1" RAnchorOffset="0" BAnchorPoint="1" BAnchorOffset="-83" DT_CENTER="1" DT_VCENTER="1" RelativeToClient="1" TextColor="ff32fcf6" BGColor="ffffffff" Font="CRB_HeaderHuge" HideInEditor="1" TextId="CRB_0_Seconds" TooltipColor=""/>
        <Control Class="CashWindow" Name="ResurrectDialog.PlayerCash" LAnchorPoint="0" LAnchorOffset="174" TAnchorPoint="1" TAnchorOffset="-64" RAnchorPoint=".5" RAnchorOffset="149" BAnchorPoint="1" BAnchorOffset="-37" DT_LEFT="1" DT_VCENTER="1" RelativeToClient="1" SkipZeros="0" TextColor="ff9a8460" BGColor="ffffffff" DT_CENTER="0" DT_RIGHT="1" NewControlDepth="5" TextId="" Text="" Font="CRB_InterfaceMedium" SkipZeroes="1" TooltipColor=""/>
        <Control Class="Window" LAnchorPoint="0" LAnchorOffset="0" TAnchorPoint="1" TAnchorOffset="-103" RAnchorPoint="1" RAnchorOffset="0" BAnchorPoint="1" BAnchorOffset="-75" RelativeToClient="1" Font="CRB_InterfaceMedium" Text="" Template="Default" TooltipType="OnCursor" Name="ForceRezText" BGColor="ffffffff" TextColor="ff7fffb9" DT_VCENTER="1" DT_CENTER="1" TextId="" NewControlDepth="6" TooltipColor=""/>
        <Control Class="Window" LAnchorPoint="0" LAnchorOffset="0" TAnchorPoint="0" TAnchorOffset="0" RAnchorPoint="1" RAnchorOffset="0" BAnchorPoint="1" BAnchorOffset="0" RelativeToClient="1" Font="Default" Text="" Template="Default" Name="BGFrame" BGColor="ffffffff" TextColor="ffffffff" Sprite="kitOuterFrame_MetalGold_Small2" Picture="1" IgnoreMouse="1" TooltipColor=""/>
        <Control Class="Button" Name="ResurrectDialog.ExitInstance" Hotkey="G" Base="kitBtn_Metal_IconBaseStretch" LAnchorPoint="0" LAnchorOffset="40" TAnchorPoint="0" TAnchorOffset="127" RAnchorPoint="1" RAnchorOffset="-40" BAnchorPoint="0" BAnchorOffset="187" DT_VCENTER="1" DT_CENTER="1" RelativeToClient="1" TextColor="White" BGColor="ffffffff" Font="CRB_InterfaceLarge_B" HideInEditor="1" TextId="Death_ExitInstance" Text="" NewControlDepth="3" NormalTextColor="UI_BtnTextGrayFlyby" PressedTextColor="UI_BtnTextGrayFlyby" FlybyTextColor="UI_BtnTextGrayFlyby" PressedFlybyTextColor="UI_BtnTextGrayFlyby" DisabledTextColor="UI_BtnTextGrayFlyby" Visible="0" TooltipColor="">
            <Event Name="ButtonSignal" Function="OnExitInstance"/>
        </Control>
        <Control Class="Button" Name="ResurrectDialog.EldanSmall" Hotkey="G" Base="kitBtn_Metal_IconBaseStretch" LAnchorPoint="0" LAnchorOffset="40" TAnchorPoint="0" TAnchorOffset="120" RAnchorPoint="1" RAnchorOffset="-40" BAnchorPoint="0" BAnchorOffset="158" DT_VCENTER="1" DT_CENTER="1" RelativeToClient="1" TextColor="White" BGColor="ffffffff" Font="CRB_InterfaceLarge_B" HideInEditor="0" TextId="CRB_Wake_at_Eldan_Stone" Text="" NewControlDepth="3" NormalTextColor="UI_BtnTextGrayFlyby" PressedTextColor="UI_BtnTextGrayFlyby" FlybyTextColor="UI_BtnTextGrayFlyby" PressedFlybyTextColor="UI_BtnTextGrayFlyby" DisabledTextColor="UI_BtnTextGrayFlyby" Visible="0" TooltipColor="">
            <Event Name="ButtonSignal" Function="OnResurrectEldan"/>
        </Control>
        <Control Class="Button" Name="ResurrectDialog.ExitInstanceSmall" Hotkey="G" Base="kitBtn_Metal_IconBaseStretch" LAnchorPoint="0" LAnchorOffset="40" TAnchorPoint="0" TAnchorOffset="157" RAnchorPoint="1" RAnchorOffset="-40" BAnchorPoint="0" BAnchorOffset="195" DT_VCENTER="1" DT_CENTER="1" RelativeToClient="1" TextColor="White" BGColor="ffffffff" Font="CRB_InterfaceLarge_B" HideInEditor="0" TextId="Death_ExitInstance" Text="" NewControlDepth="3" NormalTextColor="UI_BtnTextGrayListFlyby" PressedTextColor="UI_BtnTextGrayListFlyby" FlybyTextColor="UI_BtnTextGrayListFlyby" PressedFlybyTextColor="UI_BtnTextGrayListFlyby" DisabledTextColor="UI_BtnTextGrayListFlyby" Visible="0" TooltipColor="">
            <Event Name="ButtonSignal" Function="OnExitInstance"/>
        </Control>
    </Form>
    <Form Class="Window" Name="ExitInstanceDialog" LAnchorPoint=".5" LAnchorOffset="-181" TAnchorPoint=".5" TAnchorOffset="-359" RAnchorPoint=".5" RAnchorOffset="181" BAnchorPoint=".5" BAnchorOffset="-65" Border="0" Template="CRB_NormalFramedThick" Picture="1" Visible="0" BGColor="ffffffff" TextColor="ffffffff" Overlapped="1" UseTemplateBG="1" Sprite="" RelativeToClient="1" TooltipColor="">
        <Control Class="Window" LAnchorPoint="0" LAnchorOffset="20" TAnchorPoint="0" TAnchorOffset="20" RAnchorPoint="1" RAnchorOffset="-20" BAnchorPoint="1" BAnchorOffset="-23" RelativeToClient="1" Font="Default" Text="" Template="Default" Name="BGBackground" BGColor="ffffffff" TextColor="ffffffff" Tooltip="" Picture="1" IgnoreMouse="1" Sprite="CRB_Basekit:kitBase_MetalGrey_Small" TooltipColor="">
            <Pixie LAnchorPoint="0" LAnchorOffset="0" TAnchorPoint="0" TAnchorOffset="3" RAnchorPoint="1" RAnchorOffset="0" BAnchorPoint="0" BAnchorOffset="31" BGColor="ffffffff" Font="CRB_InterfaceLarge_B" TextColor="ff9a8460" Text="" TextId="Death_ExitInstance" DT_CENTER="1" DT_VCENTER="1" Line="0"/>
            <Pixie LAnchorPoint="0" LAnchorOffset="31" TAnchorPoint="0" TAnchorOffset="43" RAnchorPoint="1" RAnchorOffset="-31" BAnchorPoint="0" BAnchorOffset="105" BGColor="ffffffff" Font="CRB_InterfaceMedium_B" TextColor="ff9aaea3" Text="" TextId="Death_ExitInstanceTitle" DT_CENTER="1" DT_VCENTER="1" DT_WORDBREAK="1" Line="0"/>
        </Control>
        <Control Class="Window" LAnchorPoint="0" LAnchorOffset="20" TAnchorPoint="0" TAnchorOffset="22" RAnchorPoint="1" RAnchorOffset="-20" BAnchorPoint="0" BAnchorOffset="69" RelativeToClient="1" Font="Default" Text="" Template="Default" Name="BGTitle" BGColor="ffffffff" TextColor="ffffffff" Sprite="kitHeader_MetalGrey_TitlePlain" Picture="1" IgnoreMouse="1" TooltipColor=""/>
        <Control Class="Button" Name="ExitInstanceConfirm" Hotkey="G" Base="kitBtn_Metal_IconBaseStretch" LAnchorPoint="0" LAnchorOffset="40" TAnchorPoint="0" TAnchorOffset="137" RAnchorPoint="1" RAnchorOffset="-40" BAnchorPoint="0" BAnchorOffset="197" DT_VCENTER="1" DT_CENTER="1" RelativeToClient="1" TextColor="ffffffff" BGColor="ffffffff" Font="CRB_InterfaceLarge_B" HideInEditor="0" TextId="Death_ExitInstanceConfirm" Text="" NewControlDepth="3" NormalTextColor="UI_BtnTextGrayFlyby" PressedTextColor="UI_BtnTextGrayFlyby" FlybyTextColor="UI_BtnTextGrayFlyby" PressedFlybyTextColor="UI_BtnTextGrayFlyby" DisabledTextColor="UI_BtnTextGrayFlyby" Visible="1" TooltipColor="">
            <Event Name="ButtonSignal" Function="OnConfirmExit"/>
            <Control Class="Window" Name="FreeLabel" LAnchorPoint="0" LAnchorOffset="0" TAnchorPoint="1" TAnchorOffset="-29" RAnchorPoint="1" RAnchorOffset="0" BAnchorPoint="1" BAnchorOffset="-9" DT_RIGHT="0" DT_VCENTER="0" RelativeToClient="1" TextColor="ff5f6662" BGColor="ffffffff" DT_CENTER="1" HideInEditor="1" TextId="CRB_Free" Font="CRB_InterfaceMedium_B" NewControlDepth="3" Text="" Visible="0" TooltipColor=""/>
        </Control>
        <Control Class="Window" LAnchorPoint="0" LAnchorOffset="0" TAnchorPoint="0" TAnchorOffset="0" RAnchorPoint="1" RAnchorOffset="0" BAnchorPoint="1" BAnchorOffset="0" RelativeToClient="1" Font="Default" Text="" Template="Default" Name="BGFrame" BGColor="ffffffff" TextColor="ffffffff" Sprite="kitOuterFrame_MetalGold_Small2" Picture="1" IgnoreMouse="1" TooltipColor=""/>
        <Control Class="Button" Name="ExitInstanceCancel" Hotkey="G" Base="kitBtn_Metal_IconBaseStretch" LAnchorPoint="0" LAnchorOffset="40" TAnchorPoint="0" TAnchorOffset="199" RAnchorPoint="1" RAnchorOffset="-40" BAnchorPoint="0" BAnchorOffset="259" DT_VCENTER="1" DT_CENTER="1" RelativeToClient="1" TextColor="UI_BtnTextGrayListFlyby" BGColor="ffffffff" Font="CRB_InterfaceLarge_B" HideInEditor="0" TextId="Death_ExitInstanceCancel" Text="" NewControlDepth="3" NormalTextColor="UI_BtnTextGrayListFlyby" PressedTextColor="UI_BtnTextGrayListFlyby" FlybyTextColor="UI_BtnTextGrayListFlyby" PressedFlybyTextColor="UI_BtnTextGrayListFlyby" DisabledTextColor="UI_BtnTextGrayListFlyby" Visible="1" TooltipColor="">
            <Event Name="ButtonSignal" Function="OnCancelExit"/>
            <Control Class="Window" Name="FreeLabel" LAnchorPoint="0" LAnchorOffset="0" TAnchorPoint="1" TAnchorOffset="-29" RAnchorPoint="1" RAnchorOffset="0" BAnchorPoint="1" BAnchorOffset="-9" DT_RIGHT="0" DT_VCENTER="0" RelativeToClient="1" TextColor="ff5f6662" BGColor="ffffffff" DT_CENTER="1" HideInEditor="1" TextId="CRB_Free" Font="CRB_InterfaceMedium_B" NewControlDepth="3" Text="" Visible="0"/>
        </Control>
    </Form>
</Forms>
