<Forms>
    <Form Class="Window" LAnchorPoint="0" LAnchorOffset="161" TAnchorPoint=".5" TAnchorOffset="-362" RAnchorPoint="0" RAnchorOffset="475" BAnchorPoint=".5" BAnchorOffset="1" RelativeToClient="1" Font="Default" Text="" Template="Default" Name="DecorPreviewWindow" Border="0" Picture="0" SwallowMouseClicks="1" Moveable="1" Escapable="1" Overlapped="1" BGColor="ffffffff" TextColor="ffffffff" TextId="" Visible="0" TooltipColor="" Tooltip="" Sizable="1">
        <Control Class="Window" LAnchorPoint="0" LAnchorOffset="0" TAnchorPoint="0" TAnchorOffset="0" RAnchorPoint="1" RAnchorOffset="0" BAnchorPoint="1" BAnchorOffset="0" RelativeToClient="1" Font="Default" Text="" Template="Default" Name="BGArt" BGColor="ffffffff" TextColor="ffffffff" TextId="" TooltipColor="">
            <Control Class="Window" LAnchorPoint="0" LAnchorOffset="14" TAnchorPoint="0" TAnchorOffset="9" RAnchorPoint="1" RAnchorOffset="-13" BAnchorPoint="1" BAnchorOffset="-60" RelativeToClient="1" Font="Default" Text="" Template="CRB_NormalFramedThick" Name="BG_BodyFrame" BGColor="ffffffff" TextColor="ffffffff" Border="0" UseTemplateBG="0" IgnoreMouse="1" Picture="1" Sprite="CRB_Basekit:kitBase_HoloHexes_Small" TooltipColor="" />
            <Control Class="Window" LAnchorPoint="0" LAnchorOffset="18" TAnchorPoint="1" TAnchorOffset="-65" RAnchorPoint="1" RAnchorOffset="-17" BAnchorPoint="1" BAnchorOffset="-9" RelativeToClient="1" Font="Default" Text="" Template="Default" Name="BG_Footer" BGColor="ffffffff" TextColor="ffffffff" Picture="1" Sprite="CRB_Basekit:kitFooter_MetalGrey_Square" TooltipColor="" />
            <Event Name="MouseButtonDown" Function="OnClick" />
            <Event Name="MouseButtonUp" Function="OnClick" />
            <Control Class="Window" LAnchorPoint="0" LAnchorOffset="0" TAnchorPoint="0" TAnchorOffset="-1" RAnchorPoint="1" RAnchorOffset="0" BAnchorPoint="1" BAnchorOffset="-1" RelativeToClient="1" Font="Default" Text="" Template="Default" Name="BG_ArtFrame" BGColor="ffffffff" TextColor="ffffffff" Picture="1" IgnoreMouse="1" Sprite="CRB_Basekit:kitInnerFrame_MetalGrey_Medium" TooltipColor="" />
        </Control>
        <Control Class="ModelWindow" LAnchorPoint="0" LAnchorOffset="23" TAnchorPoint="0" TAnchorOffset="15" RAnchorPoint="1" RAnchorOffset="-24" BAnchorPoint="1" BAnchorOffset="-68" RelativeToClient="1" Font="Default" Text="" Template="Default" Name="ModelWindow" BGColor="ffffffff" TextColor="ffffffff" Camera="Target" Animated="1" TooltipType="OnCursor" TooltipColor="" />
        <Control Class="Button" Base="CRB_Basekit:kitBtn_Close" Font="Thick" ButtonType="PushButton" RadioGroup="" LAnchorPoint="1" LAnchorOffset="-31" TAnchorPoint="0" TAnchorOffset="4" RAnchorPoint="1" RAnchorOffset="-4" BAnchorPoint="0" BAnchorOffset="33" DT_VCENTER="1" DT_CENTER="1" Name="CloseBtn" BGColor="ffffffff" TextColor="ffffffff" NewControlDepth="2" WindowSoundTemplate="CloseWindowPhys" Text="" TextId="" NormalTextColor="ffffffff" PressedTextColor="ffffffff" FlybyTextColor="ffffffff" PressedFlybyTextColor="ffffffff" DisabledTextColor="ffffffff" TooltipColor="" Tooltip="">
            <Event Name="ButtonSignal" Function="OnCloseDecorPreviewWindow" />
        </Control>
        <Event Name="WindowClosed" Function="OnWindowClosed" />
        <Control Class="Button" Base="CRB_Basekit:kitBtn_Metal_LargeBlue" Font="CRB_InterfaceMedium" ButtonType="PushButton" RadioGroup="" LAnchorPoint=".5" LAnchorOffset="-63" TAnchorPoint="1" TAnchorOffset="-60" RAnchorPoint=".5" RAnchorOffset="62" BAnchorPoint="1" BAnchorOffset="-16" DT_VCENTER="1" DT_CENTER="1" Name="ResetBtn" BGColor="ffffffff" TextColor="ffffffff" NewControlDepth="2" WindowSoundTemplate="TogglePhys02" TextId="DecorPreview_Reset" Text="" NormalTextColor="ff00ffff" PressedTextColor="ffffffff" FlybyTextColor="ff80ffff" PressedFlybyTextColor="ffffffff" DisabledTextColor="ff4f4235" HideInEditor="0" Visible="1" TooltipColor="" Tooltip="">
            <Event Name="ButtonSignal" Function="OnResetViewBtn" />
        </Control>
        <Control Class="Button" Base="CharacterWindowSprites:btn_ArrowTurnRight" Font="Thick" ButtonType="PushButton" RadioGroup="" LAnchorPoint=".5" LAnchorOffset="18" TAnchorPoint="1" TAnchorOffset="-93" RAnchorPoint=".5" RAnchorOffset="67" BAnchorPoint="1" BAnchorOffset="-64" DT_VCENTER="1" DT_CENTER="1" TooltipType="OnCursor" Name="RotateRightButton" BGColor="ffffffff" TextColor="ffffffff" TooltipColor="" NormalTextColor="ffffffff" PressedTextColor="ffffffff" FlybyTextColor="ffffffff" PressedFlybyTextColor="ffffffff" DisabledTextColor="ffffffff">
            <Event Name="ButtonUp" Function="OnRotateRightEnd" />
            <Event Name="ButtonDown" Function="OnRotateRightBegin" />
            <Event Name="ButtonSignal" Function="OnRotateRightEnd" />
        </Control>
        <Control Class="Button" Base="CharacterWindowSprites:btn_ArrowTurnLeft" Font="Thick" ButtonType="PushButton" RadioGroup="" LAnchorPoint=".5" LAnchorOffset="-65" TAnchorPoint="1" TAnchorOffset="-92" RAnchorPoint=".5" RAnchorOffset="-14" BAnchorPoint="1" BAnchorOffset="-65" DT_VCENTER="1" DT_CENTER="1" TooltipType="OnCursor" Name="RotateLeftButton" BGColor="ffffffff" TextColor="ffffffff" TooltipColor="" NormalTextColor="ffffffff" PressedTextColor="ffffffff" FlybyTextColor="ffffffff" PressedFlybyTextColor="ffffffff" DisabledTextColor="ffffffff">
            <Event Name="ButtonUp" Function="OnRotateLeftEnd" />
            <Event Name="ButtonDown" Function="OnRotateLeftBegin" />
        </Control>
    </Form>
</Forms>
