<Forms>
    <Form Class="Window" LAnchorPoint="0" LAnchorOffset="0" TAnchorPoint="0" TAnchorOffset="0" RAnchorPoint="0" RAnchorOffset="300" BAnchorPoint="0" BAnchorOffset="225" RelativeToClient="0" Font="Default" Text="" Template="Default" TooltipType="OnCursor" Name="HousingDatachronWindow" Border="0" Picture="0" SwallowMouseClicks="1" Moveable="0" Escapable="0" Overlapped="0" BGColor="ffffffff" TextColor="ffffffff" TooltipColor="" Tooltip="">
        <Control Class="Window" LAnchorPoint="0" LAnchorOffset="0" TAnchorPoint="0" TAnchorOffset="0" RAnchorPoint="1" RAnchorOffset="-10" BAnchorPoint="1" BAnchorOffset="-37" RelativeToClient="1" Font="Default" Text="" Template="CRB_Hologram" Name="HousingMenu" BGColor="ffffffff" TextColor="ffffffff" VScroll="0" Border="0" UseTemplateBG="0" NoClip="0" Visible="1" HideInEditor="0" Picture="1" Sprite="CRB_DatachronSprites:sprDC_FrameBG" IgnoreMouse="1" TooltipColor="">
            <Control Class="Button" Base="CRB_Basekit:kitBtn_Radio_Large" Font="CRB_InterfaceMedium" ButtonType="Check" RadioGroup="" LAnchorPoint="0" LAnchorOffset="6" TAnchorPoint="1" TAnchorOffset="-30" RAnchorPoint="0" RAnchorOffset="102" BAnchorPoint="1" BAnchorOffset="-10" DT_VCENTER="1" DT_CENTER="0" Name="BtnHousingEdit" BGColor="ffffffff" TextColor="UI_TextHoloBody" HideInEditor="0" TextId="CRB_Edit_Mode" NormalTextColor="UI_TextHoloBody" PressedTextColor="ff31fcf6" FlybyTextColor="ff31fcf6" PressedFlybyTextColor="ffa7fefc" DisabledTextColor="ff1c5766" Text="" Tooltip="" TooltipId="" DrawAsCheckbox="1" TooltipColor="">
                <Event Name="ButtonSignal" Function="OnHousingEdit"/>
                <Event Name="ButtonCheck" Function="OnHousingEditChecked"/>
                <Event Name="ButtonUncheck" Function="OnHousingEditUnchecked"/>
            </Control>
            <Control Class="Button" Base="CRB_Basekit:kitBtn_Holo" Font="CRB_InterfaceMedium" ButtonType="PushButton" RadioGroup="" LAnchorPoint="0" LAnchorOffset="101" TAnchorPoint="1" TAnchorOffset="-34" RAnchorPoint="0" RAnchorOffset="191" BAnchorPoint="1" BAnchorOffset="-6" DT_VCENTER="1" DT_CENTER="1" Name="BtnHousingOptions" BGColor="bfffffff" TextColor="ffffffff" HideInEditor="1" TextId="CRB_Options" NormalTextColor="UI_TextHoloBody" PressedTextColor="ff31fcf6" FlybyTextColor="ff31fcf6" PressedFlybyTextColor="ffa7fefc" DisabledTextColor="ff1c5766" Text="" TooltipColor="" Visible="0">
                <Event Name="ButtonSignal" Function="OnHousingOptions"/>
            </Control>
            <Control Class="Button" Base="CRB_Basekit:kitBtn_Holo" Font="CRB_InterfaceMedium" ButtonType="PushButton" RadioGroup="" LAnchorPoint="0" LAnchorOffset="194" TAnchorPoint="1" TAnchorOffset="-35" RAnchorPoint="0" RAnchorOffset="284" BAnchorPoint="1" BAnchorOffset="-7" DT_VCENTER="1" DT_CENTER="1" Name="BtnHousingIntList" BGColor="bfffffff" TextColor="ffffffff" HideInEditor="0" TextId="Datachron_ListBtn" NormalTextColor="UI_TextHoloBody" PressedTextColor="ff31fcf6" FlybyTextColor="ff31fcf6" PressedFlybyTextColor="ffa7fefc" DisabledTextColor="ff1c5766" Text="" TooltipColor="">
                <Event Name="ButtonSignal" Function="OnHousingList"/>
            </Control>
            <Control Class="Button" Base="CRB_Basekit:kitBtn_Holo" Font="CRB_InterfaceMedium" ButtonType="PushButton" RadioGroup="" LAnchorPoint="0" LAnchorOffset="6" TAnchorPoint="0" TAnchorOffset="84" RAnchorPoint="1" RAnchorOffset="-6" BAnchorPoint="0" BAnchorOffset="117" DT_VCENTER="1" DT_CENTER="1" Name="BtnHousingIntVendor" BGColor="bfffffff" TextColor="ffffffff" HideInEditor="1" TextId="" NormalTextColor="ffffffff" PressedTextColor="ffffffff" FlybyTextColor="ffffffff" PressedFlybyTextColor="ffffffff" DisabledTextColor="ffffffff" Text="" TooltipColor="">
                <Event Name="ButtonSignal" Function="OnHousingVendor"/>
                <Control Class="Window" LAnchorPoint="0" LAnchorOffset="4" TAnchorPoint="0" TAnchorOffset="4" RAnchorPoint="0" RAnchorOffset="29" BAnchorPoint="1" BAnchorOffset="-4" RelativeToClient="1" Font="Default" Text="" Template="Default" Name="IconBack" BGColor="ffffffff" TextColor="ffffffff" Picture="1" IgnoreMouse="1" Sprite="CRB_Basekit:kitBase_HoloBlue_TinyNoGlow" NewControlDepth="2" TooltipColor=""/>
                <Control Class="Window" LAnchorPoint="0" LAnchorOffset="6" TAnchorPoint="0" TAnchorOffset="6" RAnchorPoint="0" RAnchorOffset="29" BAnchorPoint="1" BAnchorOffset="-4" RelativeToClient="1" Font="Default" Text="" Template="Default" Name="Icon" BGColor="ffffffff" TextColor="ffffffff" Picture="1" IgnoreMouse="1" Sprite="CRB_MinimapSprites:sprMM_VendorGeneral" NewControlDepth="6" TooltipColor=""/>
                <Control Class="Window" LAnchorPoint="0" LAnchorOffset="35" TAnchorPoint="0" TAnchorOffset="0" RAnchorPoint="0" RAnchorOffset="93" BAnchorPoint="1" BAnchorOffset="0" RelativeToClient="1" Font="CRB_InterfaceLarge" Text="" Template="Default" Name="MainLabel" BGColor="ffffffff" TextColor="ff31fcf6" TextId="Datachron_VendorLabel" DT_VCENTER="1" NewControlDepth="6" TooltipColor=""/>
                <Control Class="Window" LAnchorPoint="0" LAnchorOffset="100" TAnchorPoint="0" TAnchorOffset="2" RAnchorPoint="1" RAnchorOffset="-4" BAnchorPoint="1" BAnchorOffset="0" RelativeToClient="1" Font="CRB_InterfaceMedium" Text="" Template="Default" Name="SubLabel" BGColor="ffffffff" TextColor="UI_TextHoloBody" TextId="Datachron_VendorText" DT_VCENTER="1" NewControlDepth="6" TooltipColor=""/>
            </Control>
            <Control Class="Button" Base="CRB_Basekit:kitBtn_Holo" Font="CRB_InterfaceMedium" ButtonType="PushButton" RadioGroup="" LAnchorPoint="0" LAnchorOffset="6" TAnchorPoint="0" TAnchorOffset="48" RAnchorPoint="1" RAnchorOffset="-6" BAnchorPoint="0" BAnchorOffset="81" DT_VCENTER="1" DT_CENTER="1" Name="BtnHousingIntDecorate" BGColor="bfffffff" TextColor="ffffffff" HideInEditor="1" TextId="" NormalTextColor="ffffffff" PressedTextColor="ffffffff" FlybyTextColor="ffffffff" PressedFlybyTextColor="ffffffff" DisabledTextColor="ffffffff" Text="" TooltipColor="">
                <Event Name="ButtonSignal" Function="OnHousingDecorate"/>
                <Control Class="Window" LAnchorPoint="0" LAnchorOffset="4" TAnchorPoint="0" TAnchorOffset="4" RAnchorPoint="0" RAnchorOffset="29" BAnchorPoint="1" BAnchorOffset="-4" RelativeToClient="1" Font="Default" Text="" Template="Default" Name="IconBack" BGColor="ffffffff" TextColor="ffffffff" Picture="1" IgnoreMouse="1" Sprite="CRB_Basekit:kitBase_HoloBlue_TinyNoGlow" NewControlDepth="2" TooltipColor=""/>
                <Control Class="Window" LAnchorPoint="0" LAnchorOffset="8" TAnchorPoint="0" TAnchorOffset="9" RAnchorPoint="0" RAnchorOffset="25" BAnchorPoint="1" BAnchorOffset="-7" RelativeToClient="1" Font="Default" Text="" Template="Default" Name="Icon" BGColor="ff80ffff" TextColor="ffffffff" Picture="1" IgnoreMouse="1" Sprite="CRB_GuildSprites:sprGuild_Chest" NewControlDepth="6" TooltipColor=""/>
                <Control Class="Window" LAnchorPoint="0" LAnchorOffset="35" TAnchorPoint="0" TAnchorOffset="0" RAnchorPoint="0" RAnchorOffset="93" BAnchorPoint="1" BAnchorOffset="0" RelativeToClient="1" Font="CRB_InterfaceLarge" Text="" Template="Default" Name="MainLabel" BGColor="ffffffff" TextColor="ff31fcf6" TextId="Datachron_CrateLabel" DT_VCENTER="1" NewControlDepth="6" TooltipColor=""/>
                <Control Class="Window" LAnchorPoint="0" LAnchorOffset="91" TAnchorPoint="0" TAnchorOffset="2" RAnchorPoint="1" RAnchorOffset="-4" BAnchorPoint="1" BAnchorOffset="0" RelativeToClient="1" Font="CRB_InterfaceMedium" Text="" Template="Default" Name="SubLabel" BGColor="ffffffff" TextColor="UI_TextHoloBody" TextId="Datachron_CrateText" DT_VCENTER="1" NewControlDepth="6" TooltipColor=""/>
            </Control>
            <Control Class="Button" Base="CRB_Basekit:kitBtn_Holo" Font="CRB_InterfaceMedium" ButtonType="PushButton" RadioGroup="" LAnchorPoint="0" LAnchorOffset="6" TAnchorPoint="0" TAnchorOffset="11" RAnchorPoint="1" RAnchorOffset="-6" BAnchorPoint="0" BAnchorOffset="44" DT_VCENTER="1" DT_CENTER="1" Name="BtnHousingIntRemodel" BGColor="bfffffff" TextColor="ffffffff" HideInEditor="1" TextId="" NormalTextColor="ffffffff" PressedTextColor="ffffffff" FlybyTextColor="ffffffff" PressedFlybyTextColor="ffffffff" DisabledTextColor="ffffffff" Text="" TooltipColor="">
                <Event Name="ButtonSignal" Function="OnHousingRemodel"/>
                <Control Class="Window" LAnchorPoint="0" LAnchorOffset="4" TAnchorPoint="0" TAnchorOffset="4" RAnchorPoint="0" RAnchorOffset="29" BAnchorPoint="1" BAnchorOffset="-4" RelativeToClient="1" Font="Default" Text="" Template="Default" Name="IconBack" BGColor="ffffffff" TextColor="ffffffff" Picture="1" IgnoreMouse="1" Sprite="CRB_Basekit:kitBase_HoloBlue_TinyNoGlow" NewControlDepth="2" TooltipColor=""/>
                <Control Class="Window" LAnchorPoint="0" LAnchorOffset="8" TAnchorPoint="0" TAnchorOffset="10" RAnchorPoint="0" RAnchorOffset="25" BAnchorPoint="1" BAnchorOffset="-8" RelativeToClient="1" Font="Default" Text="" Template="Default" Name="Icon" BGColor="ff80ffff" TextColor="ffffffff" Picture="1" IgnoreMouse="1" Sprite="CRB_GuildSprites:sprGuild_BlueMap" NewControlDepth="6" TooltipColor=""/>
                <Control Class="Window" LAnchorPoint="0" LAnchorOffset="35" TAnchorPoint="0" TAnchorOffset="0" RAnchorPoint="0" RAnchorOffset="93" BAnchorPoint="1" BAnchorOffset="0" RelativeToClient="1" Font="CRB_InterfaceLarge" Text="" Template="Default" Name="MainLabel" BGColor="ffffffff" TextColor="ff31fcf6" TextId="Datachron_RoomLabel" DT_VCENTER="1" NewControlDepth="6" TooltipColor=""/>
                <Control Class="Window" LAnchorPoint="0" LAnchorOffset="91" TAnchorPoint="0" TAnchorOffset="2" RAnchorPoint="1" RAnchorOffset="-4" BAnchorPoint="1" BAnchorOffset="0" RelativeToClient="1" Font="CRB_InterfaceMedium" Text="" Template="Default" Name="SubLabel" BGColor="ffffffff" TextColor="UI_TextHoloBody" TextId="Datachron_RoomText" DT_VCENTER="1" NewControlDepth="6" TooltipColor=""/>
            </Control>
            <Control Class="Button" Base="CRB_Basekit:kitBtn_Holo" Font="CRB_InterfaceMedium" ButtonType="PushButton" RadioGroup="" LAnchorPoint="0" LAnchorOffset="6" TAnchorPoint="0" TAnchorOffset="117" RAnchorPoint="1" RAnchorOffset="-6" BAnchorPoint="0" BAnchorOffset="150" DT_VCENTER="1" DT_CENTER="1" Name="BtnHousingVendor" BGColor="bfffffff" TextColor="ffffffff" HideInEditor="0" TextId="" NormalTextColor="ffffffff" PressedTextColor="ffffffff" FlybyTextColor="ffffffff" PressedFlybyTextColor="ffffffff" DisabledTextColor="ffffffff" Text="" TooltipColor="">
                <Event Name="ButtonSignal" Function="OnHousingVendor"/>
                <Control Class="Window" LAnchorPoint="0" LAnchorOffset="4" TAnchorPoint="0" TAnchorOffset="4" RAnchorPoint="0" RAnchorOffset="29" BAnchorPoint="1" BAnchorOffset="-4" RelativeToClient="1" Font="Default" Text="" Template="Default" Name="IconBack" BGColor="ffffffff" TextColor="ffffffff" Picture="1" IgnoreMouse="1" Sprite="CRB_Basekit:kitBase_HoloBlue_TinyNoGlow" NewControlDepth="2"/>
                <Control Class="Window" LAnchorPoint="0" LAnchorOffset="7" TAnchorPoint="0" TAnchorOffset="6" RAnchorPoint="0" RAnchorOffset="29" BAnchorPoint="1" BAnchorOffset="-5" RelativeToClient="1" Font="Default" Text="" Template="Default" Name="Icon" BGColor="ffffffff" TextColor="ffffffff" Picture="1" IgnoreMouse="1" Sprite="CRB_MinimapSprites:sprMM_VendorGeneral" NewControlDepth="6" TooltipColor=""/>
                <Control Class="Window" LAnchorPoint="0" LAnchorOffset="35" TAnchorPoint="0" TAnchorOffset="0" RAnchorPoint="0" RAnchorOffset="93" BAnchorPoint="1" BAnchorOffset="0" RelativeToClient="1" Font="CRB_InterfaceLarge" Text="" Template="Default" Name="MainLabel" BGColor="ffffffff" TextColor="ff31fcf6" TextId="Datachron_VendorLabel" DT_VCENTER="1" NewControlDepth="6" TooltipColor=""/>
                <Control Class="Window" LAnchorPoint="0" LAnchorOffset="98" TAnchorPoint="0" TAnchorOffset="2" RAnchorPoint="1" RAnchorOffset="-4" BAnchorPoint="1" BAnchorOffset="0" RelativeToClient="1" Font="CRB_InterfaceMedium" Text="" Template="Default" Name="SubLabel" BGColor="ffffffff" TextColor="UI_TextHoloBody" TextId="Datachron_VendorText" DT_VCENTER="1" NewControlDepth="6" TooltipColor=""/>
            </Control>
            <Control Class="Button" Base="CRB_Basekit:kitBtn_Holo" Font="CRB_InterfaceMedium" ButtonType="PushButton" RadioGroup="" LAnchorPoint="0" LAnchorOffset="6" TAnchorPoint="0" TAnchorOffset="80" RAnchorPoint="1" RAnchorOffset="-6" BAnchorPoint="0" BAnchorOffset="113" DT_VCENTER="1" DT_CENTER="1" Name="BtnHousingDecorate" BGColor="bfffffff" TextColor="ffffffff" HideInEditor="0" TextId="" NormalTextColor="ffffffff" PressedTextColor="ffffffff" FlybyTextColor="ffffffff" PressedFlybyTextColor="ffffffff" DisabledTextColor="ffffffff" Text="" TooltipColor="">
                <Event Name="ButtonSignal" Function="OnHousingDecorate"/>
                <Control Class="Window" LAnchorPoint="0" LAnchorOffset="4" TAnchorPoint="0" TAnchorOffset="4" RAnchorPoint="0" RAnchorOffset="29" BAnchorPoint="1" BAnchorOffset="-4" RelativeToClient="1" Font="Default" Text="" Template="Default" Name="IconBack" BGColor="ffffffff" TextColor="ffffffff" Picture="1" IgnoreMouse="1" Sprite="CRB_Basekit:kitBase_HoloBlue_TinyNoGlow" NewControlDepth="2"/>
                <Control Class="Window" LAnchorPoint="0" LAnchorOffset="9" TAnchorPoint="0" TAnchorOffset="9" RAnchorPoint="0" RAnchorOffset="25" BAnchorPoint="1" BAnchorOffset="-8" RelativeToClient="1" Font="Default" Text="" Template="Default" Name="Icon" BGColor="ff80ffff" TextColor="ffffffff" Picture="1" IgnoreMouse="1" Sprite="CRB_GuildSprites:sprGuild_Chest" NewControlDepth="6" TooltipColor=""/>
                <Control Class="Window" LAnchorPoint="0" LAnchorOffset="35" TAnchorPoint="0" TAnchorOffset="0" RAnchorPoint="0" RAnchorOffset="93" BAnchorPoint="1" BAnchorOffset="0" RelativeToClient="1" Font="CRB_InterfaceLarge" Text="" Template="Default" Name="MainLabel" BGColor="ffffffff" TextColor="ff31fcf6" TextId="Datachron_CrateLabel" DT_VCENTER="1" NewControlDepth="6" TooltipColor=""/>
                <Control Class="Window" LAnchorPoint="0" LAnchorOffset="91" TAnchorPoint="0" TAnchorOffset="2" RAnchorPoint="1" RAnchorOffset="-4" BAnchorPoint="1" BAnchorOffset="0" RelativeToClient="1" Font="CRB_InterfaceMedium" Text="" Template="Default" Name="SubLabel" BGColor="ffffffff" TextColor="UI_TextHoloBody" TextId="Datachron_CrateText" DT_VCENTER="1" NewControlDepth="6" TooltipColor=""/>
            </Control>
            <Control Class="Button" Base="CRB_Basekit:kitBtn_Holo" Font="CRB_InterfaceMedium" ButtonType="PushButton" RadioGroup="" LAnchorPoint="0" LAnchorOffset="6" TAnchorPoint="0" TAnchorOffset="43" RAnchorPoint="1" RAnchorOffset="-6" BAnchorPoint="0" BAnchorOffset="76" DT_VCENTER="1" DT_CENTER="1" Name="BtnHousingRemodel" BGColor="bfffffff" TextColor="ffffffff" HideInEditor="0" TextId="" NormalTextColor="ffffffff" PressedTextColor="ffffffff" FlybyTextColor="ffffffff" PressedFlybyTextColor="ffffffff" DisabledTextColor="ffffffff" Text="" TooltipColor="">
                <Event Name="ButtonSignal" Function="OnHousingRemodel"/>
                <Control Class="Window" LAnchorPoint="0" LAnchorOffset="4" TAnchorPoint="0" TAnchorOffset="4" RAnchorPoint="0" RAnchorOffset="29" BAnchorPoint="1" BAnchorOffset="-4" RelativeToClient="1" Font="Default" Text="" Template="Default" Name="IconBack" BGColor="ffffffff" TextColor="ffffffff" Picture="1" IgnoreMouse="1" Sprite="CRB_Basekit:kitBase_HoloBlue_TinyNoGlow" NewControlDepth="2"/>
                <Control Class="Window" LAnchorPoint="0" LAnchorOffset="9" TAnchorPoint="0" TAnchorOffset="9" RAnchorPoint="0" RAnchorOffset="26" BAnchorPoint="1" BAnchorOffset="-8" RelativeToClient="1" Font="Default" Text="" Template="Default" Name="Icon" BGColor="ff80ffff" TextColor="ffffffff" Picture="1" IgnoreMouse="1" Sprite="CRB_GuildSprites:sprGuild_BlueMap" NewControlDepth="6" TooltipColor=""/>
                <Control Class="Window" LAnchorPoint="0" LAnchorOffset="35" TAnchorPoint="0" TAnchorOffset="0" RAnchorPoint="0" RAnchorOffset="93" BAnchorPoint="1" BAnchorOffset="0" RelativeToClient="1" Font="CRB_InterfaceLarge" Text="" Template="Default" Name="MainLabel" BGColor="ffffffff" TextColor="ff31fcf6" TextId="Datachron_HouseLabel" DT_VCENTER="1" NewControlDepth="6" TooltipColor=""/>
                <Control Class="Window" LAnchorPoint="0" LAnchorOffset="94" TAnchorPoint="0" TAnchorOffset="2" RAnchorPoint="1" RAnchorOffset="-4" BAnchorPoint="1" BAnchorOffset="0" RelativeToClient="1" Font="CRB_InterfaceMedium" Text="" Template="Default" Name="SubLabel" BGColor="ffffffff" TextColor="UI_TextHoloBody" TextId="Datachron_HousingText" DT_VCENTER="1" NewControlDepth="6" TooltipColor=""/>
            </Control>
            <Control Class="Button" Base="CRB_Basekit:kitBtn_Holo" Font="CRB_InterfaceMedium" ButtonType="PushButton" RadioGroup="" LAnchorPoint="0" LAnchorOffset="194" TAnchorPoint="1" TAnchorOffset="-35" RAnchorPoint="0" RAnchorOffset="284" BAnchorPoint="1" BAnchorOffset="-7" DT_VCENTER="1" DT_CENTER="1" Name="BtnHousingList" BGColor="bfffffff" TextColor="ffffffff" HideInEditor="0" TextId="Datachron_ListBtn" NormalTextColor="UI_TextHoloBody" PressedTextColor="ff31fcf6" FlybyTextColor="ff31fcf6" PressedFlybyTextColor="ffa7fefc" DisabledTextColor="ff1c5766" Text="" TooltipColor="">
                <Event Name="ButtonSignal" Function="OnHousingList"/>
            </Control>
            <Control Class="Button" Base="CRB_Basekit:kitBtn_Holo" Font="CRB_InterfaceMedium" ButtonType="PushButton" RadioGroup="" LAnchorPoint="0" LAnchorOffset="6" TAnchorPoint="0" TAnchorOffset="6" RAnchorPoint="1" RAnchorOffset="-6" BAnchorPoint="0" BAnchorOffset="39" DT_VCENTER="1" DT_CENTER="1" Name="BtnHousingLandscape" BGColor="bfffffff" TextColor="ffffffff" HideInEditor="0" TextId="" NormalTextColor="ffffffff" PressedTextColor="ffffffff" FlybyTextColor="ffffffff" PressedFlybyTextColor="ffffffff" DisabledTextColor="ffffffff" Text="" TooltipColor="">
                <Event Name="ButtonSignal" Function="OnHousingLandscape"/>
                <Control Class="Window" LAnchorPoint="0" LAnchorOffset="4" TAnchorPoint="0" TAnchorOffset="4" RAnchorPoint="0" RAnchorOffset="29" BAnchorPoint="1" BAnchorOffset="-4" RelativeToClient="1" Font="Default" Text="" Template="Default" Name="IconBack" BGColor="ffffffff" TextColor="ffffffff" Picture="1" IgnoreMouse="1" Sprite="CRB_Basekit:kitBase_HoloBlue_TinyNoGlow" NewControlDepth="2"/>
                <Control Class="Window" LAnchorPoint="0" LAnchorOffset="11" TAnchorPoint="0" TAnchorOffset="10" RAnchorPoint="0" RAnchorOffset="25" BAnchorPoint="1" BAnchorOffset="-9" RelativeToClient="1" Font="Default" Text="" Template="Default" Name="Icon" BGColor="ffffffff" TextColor="ffffffff" Picture="1" IgnoreMouse="1" Sprite="CRB_HousingSprites:sprIconFertilizer_On" NewControlDepth="6"/>
                <Control Class="Window" LAnchorPoint="0" LAnchorOffset="35" TAnchorPoint="0" TAnchorOffset="0" RAnchorPoint="0" RAnchorOffset="131" BAnchorPoint="1" BAnchorOffset="0" RelativeToClient="1" Font="CRB_InterfaceLarge" Text="" Template="Default" Name="MainLabel" BGColor="ffffffff" TextColor="ff31fcf6" TextId="Datachron_LandscapeLabel" DT_VCENTER="1" NewControlDepth="6" TooltipColor=""/>
                <Control Class="Window" LAnchorPoint="0" LAnchorOffset="126" TAnchorPoint="0" TAnchorOffset="2" RAnchorPoint="1" RAnchorOffset="-4" BAnchorPoint="1" BAnchorOffset="0" RelativeToClient="1" Font="CRB_InterfaceMedium" Text="" Template="Default" Name="SubLabel" BGColor="ffffffff" TextColor="UI_TextHoloBody" TextId="Datachron_LandscapeText" DT_VCENTER="1" NewControlDepth="6" TooltipColor=""/>
            </Control>
            <Control Class="Window" LAnchorPoint="0" LAnchorOffset="6" TAnchorPoint="0" TAnchorOffset="120" RAnchorPoint="1" RAnchorOffset="0" BAnchorPoint="0" BAnchorOffset="154" RelativeToClient="1" Font="Default" Text="" Template="Default" TooltipType="OnCursor" Name="HousingEscapeWnd" BGColor="ffffffff" TextColor="ffffffff" TooltipColor="" HideInEditor="1">
                <Control Class="Button" LAnchorPoint="0" LAnchorOffset="0" TAnchorPoint="0" TAnchorOffset="0" RAnchorPoint="0" RAnchorOffset="34" BAnchorPoint="1" BAnchorOffset="0" RelativeToClient="1" Font="Default" Text="" Template="Default" TooltipType="OnCursor" Name="WndRecallBack" BGColor="ffffffff" TextColor="ffffffff" TooltipColor="" Picture="1" IgnoreMouse="1" NormalTextColor="ffffffff" PressedTextColor="ffffffff" FlybyTextColor="ffffffff" PressedFlybyTextColor="ffffffff" DisabledTextColor="ffffffff" Base="CRB_Basekit:kitBtn_Holo"/>
                <Control Class="ActionBarButton" Name="RecallActionBtn" ContentType="GCBar" ContentId="20" Base="ClientSprites:Icon_SkillMisc_UI_Dash_Left" RelativeToClient="1" IfHoldNoSignal="1" DT_VCENTER="1" DT_CENTER="1" NeverBringToFront="1" Picture="0" WindowSoundTemplate="ActionBarButton" BGColor="ffffffff" TextColor="ffffffff" LAnchorPoint="0" LAnchorOffset="2" TAnchorPoint="0" TAnchorOffset="2" RAnchorPoint="0" RAnchorOffset="32" BAnchorPoint="1" BAnchorOffset="-2" Font="CRB_InterfaceLarge_O" IgnoreTooltipDelay="1" TooltipColor="" NewControlDepth="6" HideInEditor="0" RechargeBarLAnchorPoint="1" RechargeBarLAnchorOffset="-8" RechargeBarTAnchorPoint="0" RechargeBarTAnchorOffset="4" RechargeBarRAnchorPoint="1" RechargeBarRAnchorOffset="4" RechargeBarBAnchorPoint="1" RechargeBarBAnchorOffset="-14" RechargeBarEmptyColorAttribute="Black" RechargeBarFullColorAttribute="ffffffff" RechargeBarEmptyAttribute="WhiteFill" RechargeBarFullAttribute="sprStalker_VerticalGooPulse" Text="">
                    <Event Name="GenerateTooltip" Function="OnGenerateTooltip"/>
                </Control>
                <Control Class="Window" LAnchorPoint="0" LAnchorOffset="39" TAnchorPoint="0" TAnchorOffset="0" RAnchorPoint="0" RAnchorOffset="131" BAnchorPoint="1" BAnchorOffset="0" RelativeToClient="1" Font="CRB_InterfaceLarge" Text="" Template="Default" Name="MainLabel" BGColor="ffffffff" TextColor="ff31fcf6" TextId="Datachron_ExitLabel" DT_VCENTER="1" NewControlDepth="6" TooltipColor=""/>
                <Control Class="Window" LAnchorPoint="0" LAnchorOffset="78" TAnchorPoint="0" TAnchorOffset="2" RAnchorPoint="1" RAnchorOffset="-4" BAnchorPoint="1" BAnchorOffset="0" RelativeToClient="1" Font="CRB_InterfaceMedium" Text="" Template="Default" Name="SubLabel" BGColor="ffffffff" TextColor="UI_TextHoloBody" TextId="Datachron_ExitText" DT_VCENTER="1" NewControlDepth="6" TooltipColor=""/>
            </Control>
            <Control Class="Window" LAnchorPoint="0" LAnchorOffset="102" TAnchorPoint="0" TAnchorOffset="152" RAnchorPoint="1" RAnchorOffset="-63" BAnchorPoint="0" BAnchorOffset="186" RelativeToClient="1" Font="Default" Text="" Template="Default" TooltipType="OnCursor" Name="HousingEscapeExtWnd" BGColor="ffffffff" TextColor="ffffffff" TooltipColor="" HideInEditor="0">
                <Control Class="Button" LAnchorPoint="0" LAnchorOffset="0" TAnchorPoint="0" TAnchorOffset="0" RAnchorPoint="0" RAnchorOffset="34" BAnchorPoint="1" BAnchorOffset="0" RelativeToClient="1" Font="Default" Text="" Template="Default" TooltipType="OnCursor" Name="WndRecallBack" BGColor="ffffffff" TextColor="ffffffff" TooltipColor="" Picture="1" IgnoreMouse="1" NormalTextColor="ffffffff" PressedTextColor="ffffffff" FlybyTextColor="ffffffff" PressedFlybyTextColor="ffffffff" DisabledTextColor="ffffffff" Base="CRB_Basekit:kitBtn_Holo"/>
                <Control Class="ActionBarButton" Name="RecallActionBtn" ContentType="GCBar" ContentId="20" Base="ClientSprites:Icon_SkillMisc_UI_Dash_Left" RelativeToClient="1" IfHoldNoSignal="1" DT_VCENTER="1" DT_CENTER="1" NeverBringToFront="1" Picture="0" WindowSoundTemplate="ActionBarButton" BGColor="ffffffff" TextColor="ffffffff" LAnchorPoint="0" LAnchorOffset="2" TAnchorPoint="0" TAnchorOffset="2" RAnchorPoint="0" RAnchorOffset="32" BAnchorPoint="1" BAnchorOffset="-2" Font="CRB_InterfaceLarge_O" IgnoreTooltipDelay="1" TooltipColor="" NewControlDepth="6" HideInEditor="0" RechargeBarLAnchorPoint="1" RechargeBarLAnchorOffset="-8" RechargeBarTAnchorPoint="0" RechargeBarTAnchorOffset="4" RechargeBarRAnchorPoint="1" RechargeBarRAnchorOffset="4" RechargeBarBAnchorPoint="1" RechargeBarBAnchorOffset="-14" RechargeBarEmptyColorAttribute="Black" RechargeBarFullColorAttribute="ffffffff" RechargeBarEmptyAttribute="WhiteFill" RechargeBarFullAttribute="sprStalker_VerticalGooPulse" Text="">
                    <Event Name="GenerateTooltip" Function="OnGenerateTooltip"/>
                </Control>
                <Control Class="Window" LAnchorPoint="0" LAnchorOffset="39" TAnchorPoint="0" TAnchorOffset="0" RAnchorPoint="0" RAnchorOffset="131" BAnchorPoint="1" BAnchorOffset="0" RelativeToClient="1" Font="CRB_InterfaceLarge" Text="" Template="Default" Name="MainLabel" BGColor="ffffffff" TextColor="ff31fcf6" TextId="HousingDatachron_Escape" DT_VCENTER="1" NewControlDepth="6" TooltipColor=""/>
                <Control Class="Window" LAnchorPoint="0" LAnchorOffset="78" TAnchorPoint="0" TAnchorOffset="2" RAnchorPoint="1" RAnchorOffset="-4" BAnchorPoint="1" BAnchorOffset="0" RelativeToClient="1" Font="CRB_InterfaceMedium" Text="" Template="Default" Name="SubLabel" BGColor="ffffffff" TextColor="UI_TextHoloBody" TextId="Datachron_ExitText" DT_VCENTER="1" NewControlDepth="6" TooltipColor="" Visible="0" HideInEditor="1"/>
            </Control>
            <Pixie LAnchorPoint="0" LAnchorOffset="-2" TAnchorPoint="0" TAnchorOffset="2" RAnchorPoint="1" RAnchorOffset="2" BAnchorPoint="1" BAnchorOffset="2" BGColor="ffffffff" Font="Default" TextColor="ffffffff" Text="" Sprite="CRB_DatachronSprites:sprDC_PPBackground" Line="0"/>
        </Control>
    </Form>
</Forms>
