<Forms>
    <Form Class="CharacterFrame" LAnchorPoint="0" LAnchorOffset="434" TAnchorPoint="0" TAnchorOffset="83" RAnchorPoint="0" RAnchorOffset="838" BAnchorPoint="0" BAnchorOffset="556" RelativeToClient="1" Font="Default" Sprite="CRB_Basekit:kitBase_MetalGrey_ListSmall" Text="" Template="Default" Name="MannequinWindow" BGColor="ffffffff" TextColor="ffffffff" Picture="0" Overlapped="1" TestAlpha="1" Moveable="1" SwallowMouseClicks="1" Escapable="1" UseTransitionSprite="0" TransitionShowHide="1" TextId="" IgnoreMouse="1" TooltipColor="" Tooltip="" TooltipId="">
        <Control Class="Window" LAnchorPoint="0" LAnchorOffset="0" TAnchorPoint="0" TAnchorOffset="0" RAnchorPoint="1" RAnchorOffset="-3" BAnchorPoint="1" BAnchorOffset="3" RelativeToClient="1" Font="Default" Text="" Template="Default" Name="CharFrame_BGArt" BGColor="ffffffff" TextColor="ffffffff" HideInEditor="0" TooltipColor="" Tooltip="">
            <Control Class="Window" LAnchorPoint="0" LAnchorOffset="22" TAnchorPoint="0" TAnchorOffset="25" RAnchorPoint="1" RAnchorOffset="-17" BAnchorPoint="1" BAnchorOffset="-22" RelativeToClient="1" Font="Default" Text="" Template="Default" Name="BGArt_OverallBacker" BGColor="ffffffff" TextColor="ffffffff" Picture="1" IgnoreMouse="1" Sprite="CRB_Basekit:kitBase_MetalGrey_Large" TooltipColor=""/>
            <Control Class="Window" LAnchorPoint="0" LAnchorOffset="20" TAnchorPoint="0" TAnchorOffset="25" RAnchorPoint="1" RAnchorOffset="-16" BAnchorPoint="0" BAnchorOffset="63" RelativeToClient="1" Font="Default" Text="" Template="Default" Name="BGArt_OverallHeader" BGColor="ffffffff" TextColor="ffffffff" Picture="1" IgnoreMouse="1" Sprite="CRB_Basekit:kitHeader_MetalGrey_TitleMarked" TooltipColor="">
                <Pixie LAnchorPoint="0" LAnchorOffset="17" TAnchorPoint="0" TAnchorOffset="3" RAnchorPoint="1" RAnchorOffset="-24" BAnchorPoint="0" BAnchorOffset="30" BGColor="ffffffff" Font="CRB_HeaderMedium" TextColor="ffc0c0c0" Text="" TextId="Housing_MannequinTitle" Sprite="CRB_Basekit:kitHeader_MetalGrey_TitleMarked" DT_CENTER="1" DT_VCENTER="1" Line="0"/>
            </Control>
            <Control Class="Window" LAnchorPoint="0" LAnchorOffset="22" TAnchorPoint="0" TAnchorOffset="60" RAnchorPoint="0" RAnchorOffset="101" BAnchorPoint="0" BAnchorOffset="447" RelativeToClient="1" Font="Default" Text="" Template="Default" Name="BGArt_RightBacker" BGColor="ffffffff" TextColor="ffffffff" Picture="1" IgnoreMouse="1" Sprite="CRB_Basekit:kitBase_MetalGrey_Small" Visible="1" HideInEditor="0" TooltipColor=""/>
            <Control Class="Window" LAnchorPoint="0" LAnchorOffset="91" TAnchorPoint="0" TAnchorOffset="111" RAnchorPoint="1" RAnchorOffset="-31" BAnchorPoint="1" BAnchorOffset="-33" RelativeToClient="1" Font="Default" Text="" Template="Default" Name="BGArt_HoloBacker" BGColor="ffffffff" TextColor="ffffffff" Picture="1" IgnoreMouse="1" Sprite="CRB_Basekit:kitBase_MetalGrey_Large" TooltipColor=""/>
            <Control Class="Window" LAnchorPoint="0" LAnchorOffset="30" TAnchorPoint="0" TAnchorOffset="59" RAnchorPoint="0" RAnchorOffset="96" BAnchorPoint="0" BAnchorOffset="441" RelativeToClient="1" Font="Default" Text="" Template="Default" Name="BG_ItemSlotFrames" BGColor="ffffffff" TextColor="ffffffff" NewControlDepth="2" TooltipColor="">
                <Control Class="Window" LAnchorPoint="0" LAnchorOffset="0" TAnchorPoint="0" TAnchorOffset="0" RAnchorPoint="1" RAnchorOffset="-11" BAnchorPoint="0" BAnchorOffset="56" RelativeToClient="1" Font="Default" Text="" Template="Default" Name="SlotBacker1" BGColor="ffffffff" TextColor="ffffffff" TooltipColor="">
                    <Control Class="Window" LAnchorPoint="0" LAnchorOffset="-7" TAnchorPoint="0" TAnchorOffset="-7" RAnchorPoint="1" RAnchorOffset="7" BAnchorPoint="0" BAnchorOffset="62" RelativeToClient="1" Font="Default" Text="" Template="Default" Name="Frame" BGColor="afffffff" TextColor="ffffffff" Picture="1" IgnoreMouse="1" Sprite="CRB_Basekit:kitInnerFrame_MetalGrey_Small" TooltipColor=""/>
                </Control>
                <Control Class="Window" LAnchorPoint="0" LAnchorOffset="0" TAnchorPoint="0" TAnchorOffset="54" RAnchorPoint="1" RAnchorOffset="-11" BAnchorPoint="0" BAnchorOffset="110" RelativeToClient="1" Font="Default" Text="" Template="Default" Name="SlotBacker2" BGColor="ffffffff" TextColor="ffffffff" TooltipColor="">
                    <Control Class="Window" LAnchorPoint="0" LAnchorOffset="-7" TAnchorPoint="0" TAnchorOffset="-7" RAnchorPoint="1" RAnchorOffset="7" BAnchorPoint="0" BAnchorOffset="62" RelativeToClient="1" Font="Default" Text="" Template="Default" Name="Frame" BGColor="afffffff" TextColor="ffffffff" Picture="1" IgnoreMouse="1" Sprite="CRB_Basekit:kitInnerFrame_MetalGrey_Small"/>
                </Control>
                <Control Class="Window" LAnchorPoint="0" LAnchorOffset="0" TAnchorPoint="0" TAnchorOffset="108" RAnchorPoint="1" RAnchorOffset="-11" BAnchorPoint="0" BAnchorOffset="164" RelativeToClient="1" Font="Default" Text="" Template="Default" Name="SlotBacker3" BGColor="ffffffff" TextColor="ffffffff" TooltipColor="">
                    <Control Class="Window" LAnchorPoint="0" LAnchorOffset="-7" TAnchorPoint="0" TAnchorOffset="-7" RAnchorPoint="1" RAnchorOffset="7" BAnchorPoint="0" BAnchorOffset="62" RelativeToClient="1" Font="Default" Text="" Template="Default" Name="Frame" BGColor="afffffff" TextColor="ffffffff" Picture="1" IgnoreMouse="1" Sprite="CRB_Basekit:kitInnerFrame_MetalGrey_Small"/>
                </Control>
                <Control Class="Window" LAnchorPoint="0" LAnchorOffset="0" TAnchorPoint="0" TAnchorOffset="162" RAnchorPoint="1" RAnchorOffset="-12" BAnchorPoint="0" BAnchorOffset="218" RelativeToClient="1" Font="Default" Text="" Template="Default" Name="SlotBacker4" BGColor="ffffffff" TextColor="ffffffff" TooltipColor="">
                    <Control Class="Window" LAnchorPoint="0" LAnchorOffset="-7" TAnchorPoint="0" TAnchorOffset="-7" RAnchorPoint="1" RAnchorOffset="7" BAnchorPoint="0" BAnchorOffset="62" RelativeToClient="1" Font="Default" Text="" Template="Default" Name="Frame" BGColor="afffffff" TextColor="ffffffff" Picture="1" IgnoreMouse="1" Sprite="CRB_Basekit:kitInnerFrame_MetalGrey_Small"/>
                </Control>
                <Control Class="Window" LAnchorPoint="0" LAnchorOffset="0" TAnchorPoint="0" TAnchorOffset="216" RAnchorPoint="1" RAnchorOffset="-12" BAnchorPoint="0" BAnchorOffset="272" RelativeToClient="1" Font="Default" Text="" Template="Default" Name="SlotBacker5" BGColor="ffffffff" TextColor="ffffffff" TooltipColor="">
                    <Control Class="Window" LAnchorPoint="0" LAnchorOffset="-7" TAnchorPoint="0" TAnchorOffset="-7" RAnchorPoint="1" RAnchorOffset="7" BAnchorPoint="0" BAnchorOffset="62" RelativeToClient="1" Font="Default" Text="" Template="Default" Name="Frame" BGColor="afffffff" TextColor="ffffffff" Picture="1" IgnoreMouse="1" Sprite="CRB_Basekit:kitInnerFrame_MetalGrey_Small"/>
                </Control>
                <Control Class="Window" LAnchorPoint="0" LAnchorOffset="0" TAnchorPoint="0" TAnchorOffset="270" RAnchorPoint="1" RAnchorOffset="-11" BAnchorPoint="0" BAnchorOffset="326" RelativeToClient="1" Font="Default" Text="" Template="Default" Name="SlotBacker6" BGColor="ffffffff" TextColor="ffffffff" TooltipColor="">
                    <Control Class="Window" LAnchorPoint="0" LAnchorOffset="-7" TAnchorPoint="0" TAnchorOffset="-7" RAnchorPoint="1" RAnchorOffset="7" BAnchorPoint="0" BAnchorOffset="62" RelativeToClient="1" Font="Default" Text="" Template="Default" Name="Frame" BGColor="afffffff" TextColor="ffffffff" Picture="1" IgnoreMouse="1" Sprite="CRB_Basekit:kitInnerFrame_MetalGrey_Small"/>
                </Control>
                <Control Class="Window" LAnchorPoint="0" LAnchorOffset="0" TAnchorPoint="0" TAnchorOffset="326" RAnchorPoint="1" RAnchorOffset="-10" BAnchorPoint="0" BAnchorOffset="382" RelativeToClient="1" Font="Default" Text="" Template="Default" Name="SlotBacker7" BGColor="ffffffff" TextColor="ffffffff" TooltipColor="">
                    <Control Class="Window" LAnchorPoint="0" LAnchorOffset="-7" TAnchorPoint="0" TAnchorOffset="-7" RAnchorPoint="1" RAnchorOffset="7" BAnchorPoint="0" BAnchorOffset="62" RelativeToClient="1" Font="Default" Text="" Template="Default" Name="Frame" BGColor="afffffff" TextColor="ffffffff" Picture="1" IgnoreMouse="1" Sprite="CRB_Basekit:kitInnerFrame_MetalGrey_Small" TooltipColor=""/>
                </Control>
            </Control>
            <Control Class="Window" LAnchorPoint="0" LAnchorOffset="79" TAnchorPoint="0" TAnchorOffset="102" RAnchorPoint="1" RAnchorOffset="-21" BAnchorPoint="1" BAnchorOffset="-24" RelativeToClient="1" Font="Default" Text="" Template="Default" Name="BGArt_CharFrameOuter" BGColor="ffffffff" TextColor="ffffffff" Picture="1" IgnoreMouse="1" Sprite="CRB_Basekit:kitInnerFrame_MetalGrey_Medium" NewControlDepth="3" TooltipColor=""/>
            <Control Class="Window" LAnchorPoint="0" LAnchorOffset="86" TAnchorPoint="0" TAnchorOffset="58" RAnchorPoint="1" RAnchorOffset="-23" BAnchorPoint="0" BAnchorOffset="110" RelativeToClient="1" Font="Default" Text="" Template="Default" Name="BGArt_HeaderFrame" BGColor="ffffffff" TextColor="ffffffff" Picture="1" IgnoreMouse="1" Sprite="CRB_Basekit:kitFooter_MetalGold_Square" TooltipColor=""/>
            <Control Class="Window" LAnchorPoint="0" LAnchorOffset="0" TAnchorPoint="0" TAnchorOffset="0" RAnchorPoint="1" RAnchorOffset="1" BAnchorPoint="1" BAnchorOffset="0" RelativeToClient="1" Font="Default" Text="" Template="Default" Name="BGArt_OverallFrame" BGColor="ffffffff" TextColor="ffffffff" Picture="1" IgnoreMouse="1" Sprite="CRB_Basekit:kitOuterFrame_MetalGold_Large" TooltipColor=""/>
        </Control>
        <Control Class="MannequinSlotWindow" WhenEmpty="btn_Armor_HeadNormal" EquipmentSlot="2" Font="Thick" LAnchorPoint="0" LAnchorOffset="34" TAnchorPoint="0" TAnchorOffset="63" RAnchorPoint="0" RAnchorOffset="80" BAnchorPoint="0" BAnchorOffset="110" DT_VCENTER="1" DT_CENTER="1" Name="HeadSlot" BGColor="ffffffff" TextColor="ffffffff" IgnoreTooltipDelay="1" NewControlDepth="5" HideInEditor="0" Text="" Tooltip="" TooltipId="Character_HeadEmptyTooltip" TooltipColor="ffc0c0c0" TooltipFont="CRB_InterfaceMedium" TooltipType="OnCursor">
            <Event Name="MouseButtonDown" Function="OnSlotClick"/>
            <Event Name="GenerateTooltip" Function="OnGenerateTooltip"/>
        </Control>
        <Control Class="MannequinSlotWindow" Name="ShoulderSlot" WhenEmpty="btn_Armor_ShoulderNormal" EquipmentSlot="3" Font="Thick" ButtonType="PushButton" LAnchorPoint="0" LAnchorOffset="34" TAnchorPoint="0" TAnchorOffset="117" RAnchorPoint="0" RAnchorOffset="80" BAnchorPoint="0" BAnchorOffset="164" DT_VCENTER="1" DT_CENTER="1" BGColor="ffffffff" TextColor="ffffffff" IgnoreTooltipDelay="1" NewControlDepth="5" HideInEditor="0" Text="" Tooltip="" TooltipId="Character_ShoulderEmptyTooltip" TooltipColor="ffc0c0c0" TooltipFont="CRB_InterfaceMedium" TooltipType="OnCursor">
            <Event Name="MouseButtonDown" Function="OnSlotClick"/>
            <Event Name="GenerateTooltip" Function="OnGenerateTooltip"/>
        </Control>
        <Control Class="MannequinSlotWindow" Name="ChestSlot" WhenEmpty="btn_Armor_ChestNormal" EquipmentSlot="0" Font="Thick" LAnchorPoint="0" LAnchorOffset="34" TAnchorPoint="0" TAnchorOffset="171" RAnchorPoint="0" RAnchorOffset="80" BAnchorPoint="0" BAnchorOffset="218" DT_VCENTER="1" DT_CENTER="1" BGColor="ffffffff" TextColor="ffffffff" IgnoreTooltipDelay="1" NewControlDepth="5" HideInEditor="0" Tooltip="" TooltipId="Character_ChestEmptyTooltip" TooltipColor="ffc0c0c0" TooltipType="OnCursor" TooltipFont="CRB_InterfaceMedium">
            <Event Name="MouseButtonDown" Function="OnSlotClick"/>
            <Event Name="GenerateTooltip" Function="OnGenerateTooltip"/>
        </Control>
        <Control Class="MannequinSlotWindow" Name="HandsSlot" WhenEmpty="btn_Armor_HandsNormal" EquipmentSlot="5" Font="Thick" LAnchorPoint="0" LAnchorOffset="34" TAnchorPoint="0" TAnchorOffset="225" RAnchorPoint="0" RAnchorOffset="80" BAnchorPoint="0" BAnchorOffset="272" DT_VCENTER="1" DT_CENTER="1" BGColor="ffffffff" TextColor="ffffffff" IgnoreTooltipDelay="1" NewControlDepth="5" HideInEditor="0" Tooltip="" TooltipId="Character_HandsEmptyTooltip" TooltipColor="ffc0c0c0" TooltipType="OnCursor" TooltipFont="CRB_InterfaceMedium">
            <Event Name="MouseButtonDown" Function="OnSlotClick"/>
            <Event Name="GenerateTooltip" Function="OnGenerateTooltip"/>
        </Control>
        <Control Class="MannequinSlotWindow" Name="LegsSlot" WhenEmpty="btn_Armor_LegsNormal" EquipmentSlot="1" Font="Thick" LAnchorPoint="0" LAnchorOffset="34" TAnchorPoint="0" TAnchorOffset="279" RAnchorPoint="0" RAnchorOffset="80" BAnchorPoint="0" BAnchorOffset="326" DT_VCENTER="1" DT_CENTER="1" BGColor="ffffffff" TextColor="ffffffff" IgnoreTooltipDelay="1" NewControlDepth="5" HideInEditor="0" Text="" Tooltip="" TooltipId="Character_LegsEmptyTooltip" TooltipColor="ffc0c0c0" TooltipType="OnCursor" TooltipFont="CRB_InterfaceMedium">
            <Event Name="MouseButtonDown" Function="OnSlotClick"/>
            <Event Name="GenerateTooltip" Function="OnGenerateTooltip"/>
        </Control>
        <Control Class="MannequinSlotWindow" Name="FeetSlot" WhenEmpty="btn_Armor_FeetNormal" EquipmentSlot="4" Font="Thick" LAnchorPoint="0" LAnchorOffset="34" TAnchorPoint="0" TAnchorOffset="333" RAnchorPoint="0" RAnchorOffset="80" BAnchorPoint="0" BAnchorOffset="380" DT_VCENTER="1" DT_CENTER="1" BGColor="ffffffff" TextColor="ffffffff" IgnoreTooltipDelay="1" NewControlDepth="5" HideInEditor="0" Tooltip="" TooltipId="Character_FeetEmptyTooltip" TooltipColor="ffc0c0c0" TooltipType="OnCursor" TooltipFont="CRB_InterfaceMedium">
            <Event Name="MouseButtonDown" Function="OnSlotClick"/>
            <Event Name="GenerateTooltip" Function="OnGenerateTooltip"/>
        </Control>
        <Control Class="MannequinSlotWindow" LAnchorPoint="0" LAnchorOffset="35" TAnchorPoint="0" TAnchorOffset="388" RAnchorPoint="0" RAnchorOffset="80" BAnchorPoint="0" BAnchorOffset="435" RelativeToClient="1" Font="Default" Sprite="WhiteFill" Text="" Template="Default" Name="WeaponSlot" BGColor="ffffffff" TextColor="ffffffff" EquipmentSlot="16" IgnoreTooltipDelay="1" NewControlDepth="5" Picture="0" NewWindowDepth="0" WhenEmpty="CharacterWindowSprites:btn_Armor_HandsNormal" TooltipColor="" TooltipType="OnCursor">
            <Event Name="GenerateTooltip" Function="OnGenerateTooltip"/>
        </Control>
        <Control Class="Button" Base="CRB_Basekit:kitBtn_Close" Font="Thick" ButtonType="PushButton" RadioGroup="" LAnchorPoint="1" LAnchorOffset="-42" TAnchorPoint="0" TAnchorOffset="13" RAnchorPoint="1" RAnchorOffset="-10" BAnchorPoint="0" BAnchorOffset="42" DT_VCENTER="1" DT_CENTER="1" Name="Close" BGColor="ffffffff" TextColor="ffffffff" WindowSoundTemplate="CloseWindowPhys" NormalTextColor="ffffffff" PressedTextColor="ffffffff" FlybyTextColor="ffffffff" PressedFlybyTextColor="ffffffff" DisabledTextColor="ffffffff" NewControlDepth="5" TooltipColor="" Text="">
            <Event Name="ButtonSignal" Function="OnMannequinWindowClose"/>
        </Control>
        <Control Class="CostumeWindow" LAnchorPoint="0" LAnchorOffset="100" TAnchorPoint="0" TAnchorOffset="119" RAnchorPoint="1" RAnchorOffset="-45" BAnchorPoint="1" BAnchorOffset="-52" RelativeToClient="1" Font="Default" Sprite="WhiteFill" Text="" Template="Default" Name="Costume" BGColor="ffffffff" TextColor="ffffffff" Camera="Paperdoll" Animated="1" NewControlDepth="1" HideInEditor="0" Visible="1" TooltipColor=""/>
        <Event Name="WindowClosed" Function="OnWindowClosed"/>
        <Control Class="Button" Base="btn_ArrowTurnLeft" Font="Thick" ButtonType="PushButton" RadioGroup="" LAnchorPoint="0" LAnchorOffset="110" TAnchorPoint="0" TAnchorOffset="253" RAnchorPoint="0" RAnchorOffset="155" BAnchorPoint="0" BAnchorOffset="275" DT_VCENTER="1" DT_CENTER="1" Name="RotateLeft" BGColor="afffffff" TextColor="ffffffff" WindowSoundTemplate="Custom" NormalTextColor="ffffffff" PressedTextColor="ffffffff" FlybyTextColor="ffffffff" PressedFlybyTextColor="ffffffff" DisabledTextColor="ffffffff" TooltipColor="">
            <Event Name="ButtonHoldBegin" Function="OnRotateLeft"/>
            <Event Name="ButtonUp" Function="OnRotateLeftCancel"/>
            <Event Name="ButtonUpCancel" Function="OnRotateLeftCancel"/>
        </Control>
        <Control Class="Button" Base="btn_ArrowTurnRight" Font="Thick" ButtonType="PushButton" RadioGroup="" LAnchorPoint="0" LAnchorOffset="310" TAnchorPoint="0" TAnchorOffset="253" RAnchorPoint="0" RAnchorOffset="356" BAnchorPoint="0" BAnchorOffset="278" DT_VCENTER="1" DT_CENTER="1" Name="RotateRight" BGColor="afffffff" TextColor="ffffffff" WindowSoundTemplate="Custom" NormalTextColor="ffffffff" PressedTextColor="ffffffff" FlybyTextColor="ffffffff" PressedFlybyTextColor="ffffffff" DisabledTextColor="ffffffff" TooltipColor="" Tooltip="">
            <Event Name="ButtonHoldBegin" Function="OnRotateRight"/>
            <Event Name="ButtonUp" Function="OnRotateRightCancel"/>
            <Event Name="ButtonUpCancel" Function="OnRotateRightCancel"/>
        </Control>
        <Control Class="Button" Base="CRB_Basekit:kitBtn_Dropdown_TextBaseHybrid" Font="CRB_InterfaceSmall_I" RadioGroup="" LAnchorPoint="0" LAnchorOffset="108" TAnchorPoint="0" TAnchorOffset="64" RAnchorPoint="0" RAnchorOffset="348" BAnchorPoint="0" BAnchorOffset="102" DT_VCENTER="1" DT_CENTER="1" Name="PoseSelectButton" BGColor="ffffffff" TextColor="ffffffff" TestAlpha="1" WindowSoundTemplate="ToggleDigi02" NormalTextColor="UI_TextHoloBody" PressedTextColor="ffffae5e" FlybyTextColor="ff31fcf6" PressedFlybyTextColor="ffffffff" DisabledTextColor="ff444444" NewControlDepth="4" ButtonType="Check" Text="" TextId="Housing_SelectAPose" TooltipColor="" Visible="1" HideInEditor="0" Tooltip="">
            <Event Name="ButtonCheck" Function="OnPoseSelectCheck"/>
            <Event Name="ButtonUncheck" Function="OnPoseSelectUncheck"/>
        </Control>
        <Control Class="Window" LAnchorPoint="0.5" LAnchorOffset="-92" TAnchorPoint="0" TAnchorOffset="92" RAnchorPoint="0.5" RAnchorOffset="147" BAnchorPoint="0" BAnchorOffset="228" RelativeToClient="1" Font="CRB_InterfaceSmall" Text="" Template="CRB_InnerWindow" Name="PoseListFrame" Border="0" Picture="0" SwallowMouseClicks="1" Moveable="0" Escapable="1" Overlapped="0" BGColor="ffffffff" TextColor="ffffffff" NewWindowDepth="1" UseTemplateBG="0" VScroll="0" CloseOnExternalClick="1" Visible="0" HideInEditor="0" TooltipColor="" NoClip="1">
            <Control Class="Window" LAnchorPoint="0" LAnchorOffset="0" TAnchorPoint="0" TAnchorOffset="0" RAnchorPoint="1" RAnchorOffset="0" BAnchorPoint="1" BAnchorOffset="0" RelativeToClient="1" Font="Default" Text="" Template="Default" Name="BGArt" BGColor="ffffffff" TextColor="ffffffff" TooltipColor="" HideInEditor="0">
                <Control Class="Window" LAnchorPoint="0" LAnchorOffset="0" TAnchorPoint="0" TAnchorOffset="0" RAnchorPoint="1" RAnchorOffset="0" BAnchorPoint="1" BAnchorOffset="0" RelativeToClient="1" Font="Default" Text="" Template="Default" Name="BGART_Base" BGColor="ffffffff" TextColor="ffffffff" Picture="1" IgnoreMouse="1" Sprite="CRB_Basekit:kitBase_HoloTeal_Border" TooltipColor=""/>
                <Control Class="Window" LAnchorPoint="0" LAnchorOffset="0" TAnchorPoint="1" TAnchorOffset="-59" RAnchorPoint="1" RAnchorOffset="0" BAnchorPoint="1" BAnchorOffset="-42" RelativeToClient="1" Font="Default" Text="" Template="Default" Name="BGART_Divider" BGColor="ffffffff" TextColor="ffffffff" Picture="1" IgnoreMouse="1" Sprite="CRB_Basekit:kitDivider_Horiz_HoloSolid" HideInEditor="0" Visible="1" TooltipColor=""/>
            </Control>
            <Control Class="Window" LAnchorPoint="0" LAnchorOffset="11" TAnchorPoint="0" TAnchorOffset="11" RAnchorPoint="1" RAnchorOffset="-11" BAnchorPoint="1" BAnchorOffset="-9" RelativeToClient="1" Font="Default" Text="" Template="CRB_Scroll_HoloSmall" Name="PoseList" BGColor="ffffffff" TextColor="ffffffff" Border="0" UseTemplateBG="0" VScroll="1" NewControlDepth="3" IgnoreMouse="1" TooltipColor="" HideInEditor="0"/>
            <Event Name="WindowClosed" Function="OnPoseWindowClosed"/>
        </Control>
    </Form>
    <Form Class="Window" LAnchorPoint="0" LAnchorOffset="0" TAnchorPoint="0" TAnchorOffset="0" RAnchorPoint="1" RAnchorOffset="0" BAnchorPoint="0" BAnchorOffset="31" RelativeToClient="0" Font="Default" Text="" Template="Default" Name="PoseListItem" Border="0" Picture="0" SwallowMouseClicks="1" Moveable="0" Escapable="0" Overlapped="0" BGColor="ffffffff" TextColor="ffffffff" TextId="" HScroll="0" UseTemplateBG="0" TooltipColor="" Tooltip="">
        <Control Class="Button" Base="CRB_Basekit:kitBtn_List_Holo" Font="CRB_InterfaceSmall" ButtonType="PushButton" RadioGroup="" LAnchorPoint="0" LAnchorOffset="0" TAnchorPoint="0" TAnchorOffset="0" RAnchorPoint="1" RAnchorOffset="0" BAnchorPoint="1" BAnchorOffset="-2" DT_VCENTER="1" DT_CENTER="1" Name="PoseBtn" BGColor="ffffffff" TextColor="ffffffff" NormalTextColor="UI_TextHoloBody" PressedTextColor="ff31fcf6" FlybyTextColor="ff31fcf6" PressedFlybyTextColor="ff98fefc" DisabledTextColor="ff804040" Text="" TextId="" NotRelative="0" TooltipColor="">
            <Event Name="ButtonSignal" Function="OnPoseSelected"/>
        </Control>
        <Control Class="Window" LAnchorPoint="0" LAnchorOffset="-6" TAnchorPoint="0" TAnchorOffset="13" RAnchorPoint="1" RAnchorOffset="-6" BAnchorPoint="0" BAnchorOffset="42" RelativeToClient="1" Font="Default" Text="" Template="Default" Name="Underscore" BGColor="ffffffff" TextColor="ffffffff" Sprite="CRB_UIKitSprites:spr_HologramSeparator" Picture="1" IgnoreMouse="1" NoClip="0" Visible="0" HideInEditor="1" TooltipColor=""/>
    </Form>
</Forms>
