<?xml version="1.0" encoding="UTF-8" standalone="yes" ?>
<Forms>
    <Form Class="Window" LAnchorPoint="0" LAnchorOffset="6" TAnchorPoint="0" TAnchorOffset="45" RAnchorPoint="0" RAnchorOffset="160" BAnchorPoint="0" BAnchorOffset="283" RelativeToClient="1" Font="Default" Text="" Template="Default" TooltipType="OnCursor" Name="ZoneCompletionWindow" Border="0" Picture="1" SwallowMouseClicks="1" Moveable="1" Overlapped="1" BGColor="ffffffff" TextColor="ffffffff" TooltipColor="" Sprite="CRB_Basekit:kitBase_HoloBlue_InsetBorder_Thick" Tooltip="">
        <Control Class="Window" LAnchorPoint="0" LAnchorOffset="0" TAnchorPoint="0" TAnchorOffset="0" RAnchorPoint="1" RAnchorOffset="0" BAnchorPoint="0" BAnchorOffset="67" RelativeToClient="1" Font="Default" Text="" Template="CRB_QuestTracker" TooltipType="OnCursor" Name="WorldCompletionFrame" Border="1" Picture="1" SwallowMouseClicks="1" Moveable="0" Escapable="0" Overlapped="1" BGColor="ffffffff" TextColor="ffffffff" TooltipColor="">
            <Control Class="Window" LAnchorPoint="1" LAnchorOffset="-48" TAnchorPoint="0" TAnchorOffset="0" RAnchorPoint="1" RAnchorOffset="0" BAnchorPoint="0" BAnchorOffset="43" RelativeToClient="1" Font="Default" Text="" Template="Default" TooltipType="OnCursor" Name="WorldCompletionIcon" BGColor="ffffffff" TextColor="ffffffff" TooltipColor="" Sprite="CRB_MegamapSprites:sprMap_IconCompletion_World" Picture="1" IgnoreMouse="1"/>
            <Control Class="Window" LAnchorPoint="0" LAnchorOffset="8" TAnchorPoint="0" TAnchorOffset="4" RAnchorPoint="1" RAnchorOffset="-8" BAnchorPoint="1" BAnchorOffset="0" RelativeToClient="1" Font="CRB_InterfaceSmall_O" Text="" Template="Default" TooltipType="OnCursor" Name="WorldCompletionTitle" BGColor="ffffffff" TextColor="UI_TextHoloTitle" TooltipColor="" TextId="ZoneCompletion_WorldCompletion" Sprite="" Tooltip="" DT_WORDBREAK="1" NewControlDepth="1"/>
            <Control Class="Window" LAnchorPoint="0" LAnchorOffset="8" TAnchorPoint="0" TAnchorOffset="20" RAnchorPoint="1" RAnchorOffset="-8" BAnchorPoint="0" BAnchorOffset="40" RelativeToClient="1" Font="CRB_InterfaceSmall_O" Text="" Template="Default" TooltipType="OnCursor" Name="WorldCompletionProgText" BGColor="ffffffff" TextColor="UI_TextHoloTitle" TooltipColor="" TextId="Challenges_NoProgress" Sprite="" DT_CENTER="0" Tooltip="" DT_VCENTER="0" DT_WORDBREAK="1"/>
            <Control Class="Window" LAnchorPoint="0" LAnchorOffset="0" TAnchorPoint="0" TAnchorOffset="34" RAnchorPoint="1" RAnchorOffset="0" BAnchorPoint="0" BAnchorOffset="67" RelativeToClient="1" Font="Default" Text="" Template="Default" TooltipType="OnCursor" Name="WorldCompletionProgBG" BGColor="ffffffff" TextColor="ffffffff" TooltipColor="" Sprite="CRB_Basekit:kitIProgBar_HoloFrame_Base" Picture="1" IgnoreMouse="1" NewControlDepth="1"/>
            <Control Class="ProgressBar" Text="" LAnchorPoint="0" LAnchorOffset="8" TAnchorPoint="0" TAnchorOffset="39" RAnchorPoint="1" RAnchorOffset="-8" BAnchorPoint="0" BAnchorOffset="64" AutoSetText="0" UseValues="0" RelativeToClient="1" SetTextToProgress="0" DT_CENTER="1" DT_VCENTER="1" ProgressEmpty="" ProgressFull="CRB_Basekit:kitIProgBar_Hybrid_Fill" TooltipType="OnCursor" Name="WorldCompletionProgressBar" BGColor="ffffffff" TextColor="white" TooltipColor="" BarColor="" UsePercent="0" EdgeGlow="0" ProgressFill="" ProgressEdgeGlow="" Font="CRB_InterfaceSmall_O" Template="Default" IgnoreMouse="1" Sprite="" Picture="0"/>
        </Control>
        <Control Class="Window" LAnchorPoint="0" LAnchorOffset="0" TAnchorPoint="0" TAnchorOffset="67" RAnchorPoint="1" RAnchorOffset="0" BAnchorPoint="1" BAnchorOffset="0" RelativeToClient="1" Font="Default" Text="" Template="CRB_QuestTracker" TooltipType="OnCursor" Name="ZoneCompletionFrame" Border="1" Picture="1" SwallowMouseClicks="1" Moveable="0" Escapable="0" Overlapped="1" BGColor="ffffffff" TextColor="ffffffff" TooltipColor="">
            <Control Class="Window" LAnchorPoint="1" LAnchorOffset="-48" TAnchorPoint="0" TAnchorOffset="0" RAnchorPoint="1" RAnchorOffset="0" BAnchorPoint="0" BAnchorOffset="43" RelativeToClient="1" Font="Default" Text="" Template="Default" TooltipType="OnCursor" Name="ZoneCompletionIcon" BGColor="ffffffff" TextColor="ffffffff" TooltipColor="" Sprite="CRB_MegamapSprites:sprMap_IconCompletion_Zone" Picture="1" IgnoreMouse="1"/>
            <Control Class="Window" LAnchorPoint="0" LAnchorOffset="8" TAnchorPoint="0" TAnchorOffset="0" RAnchorPoint="1" RAnchorOffset="-8" BAnchorPoint="1" BAnchorOffset="0" RelativeToClient="1" Font="CRB_InterfaceSmall_O" Text="" Template="Default" TooltipType="OnCursor" Name="ZoneCompletionTitle" BGColor="ffffffff" TextColor="UI_TextHoloBodyHighlight" TooltipColor="" TextId="ZoneCompletion_ZoneProgress" Sprite="" NewControlDepth="1"/>
            <Control Class="Window" LAnchorPoint="0" LAnchorOffset="8" TAnchorPoint="0" TAnchorOffset="16" RAnchorPoint="1" RAnchorOffset="0" BAnchorPoint="0" BAnchorOffset="36" RelativeToClient="1" Font="CRB_InterfaceSmall_O" Text="" Template="Default" TooltipType="OnCursor" Name="ZoneCompletionProgText" BGColor="ffffffff" TextColor="UI_TextHoloBodyHighlight" TooltipColor="" TextId="Challenges_NoProgress" Sprite="" DT_CENTER="0" Tooltip="" DT_VCENTER="0" DT_WORDBREAK="1"/>
            <Control Class="Window" LAnchorPoint="0" LAnchorOffset="0" TAnchorPoint="0" TAnchorOffset="30" RAnchorPoint="1" RAnchorOffset="0" BAnchorPoint="0" BAnchorOffset="63" RelativeToClient="1" Font="Default" Text="" Template="Default" TooltipType="OnCursor" Name="ZoneCompletionProgBG" BGColor="ffffffff" TextColor="ffffffff" TooltipColor="" Sprite="CRB_Basekit:kitIProgBar_HoloFrame_Base" Picture="1" IgnoreMouse="1"/>
            <Control Class="ProgressBar" Text="" LAnchorPoint="0" LAnchorOffset="8" TAnchorPoint="0" TAnchorOffset="35" RAnchorPoint="1" RAnchorOffset="-8" BAnchorPoint="0" BAnchorOffset="60" AutoSetText="0" UseValues="0" RelativeToClient="1" SetTextToProgress="0" DT_CENTER="1" DT_VCENTER="1" ProgressEmpty="" ProgressFull="CRB_Basekit:kitIProgBar_MetalCapped" TooltipType="OnCursor" Name="ZoneCompletionProgressBar" BGColor="ffffffff" TextColor="white" TooltipColor="" BarColor="" UsePercent="0" EdgeGlow="0" ProgressFill="" ProgressEdgeGlow="" Font="CRB_InterfaceSmall_O" Picture="1" Sprite=""/>
            <Control Class="Window" LAnchorPoint="0" LAnchorOffset="0" TAnchorPoint="0" TAnchorOffset="67" RAnchorPoint="1" RAnchorOffset="0" BAnchorPoint="1" BAnchorOffset="0" RelativeToClient="1" Font="Default" Text="" Template="Default" TooltipType="OnCursor" Name="CountsContainer" BGColor="ffffffff" TextColor="ffffffff" TooltipColor="" VScroll="0" IgnoreMouse="1"/>
        </Control>
        <Control Class="Window" LAnchorPoint="0" LAnchorOffset="9" TAnchorPoint="0" TAnchorOffset="-15" RAnchorPoint="0" RAnchorOffset="25" BAnchorPoint="0" BAnchorOffset="0" RelativeToClient="1" Font="Default" Text="" Template="Default" TooltipType="OnCursor" Name="ZoneCompletionBGDownArrow" BGColor="aaffffff" TextColor="ffffffff" TooltipColor="" Sprite="CRB_Basekit:kitIcon_Holo_DownArrow" Picture="1" IgnoreMouse="1" NoClip="1" Visible="1" HideInEditor="0"/>
        <Pixie LAnchorPoint="0" LAnchorOffset="0" TAnchorPoint="0" TAnchorOffset="0" RAnchorPoint="1" RAnchorOffset="0" BAnchorPoint="1" BAnchorOffset="0" BGColor="ffffffff" Font="Default" TextColor="ffffffff" Text="" Sprite="CRB_Basekit:kitBase_HoloBlue_InsetBorder_Thick" Line="0"/>
        <Pixie LAnchorPoint="0" LAnchorOffset="0" TAnchorPoint="0" TAnchorOffset="0" RAnchorPoint="1" RAnchorOffset="0" BAnchorPoint="1" BAnchorOffset="0" BGColor="ffffffff" Font="Default" TextColor="ffffffff" Text="" Sprite="CRB_Basekit:kitBase_HoloBlue_InsetBorder_Thick" Line="0"/>
        <Pixie LAnchorPoint="0" LAnchorOffset="0" TAnchorPoint="0" TAnchorOffset="0" RAnchorPoint="1" RAnchorOffset="0" BAnchorPoint="1" BAnchorOffset="0" BGColor="ffffffff" Font="Default" TextColor="ffffffff" Text="" Sprite="CRB_Basekit:kitBase_HoloBlue_InsetBorder_Thick" Line="0"/>
    </Form>
    <Form Class="Window" LAnchorPoint="0" LAnchorOffset="0" TAnchorPoint="0" TAnchorOffset="0" RAnchorPoint="1" RAnchorOffset="0" BAnchorPoint="0" BAnchorOffset="42" RelativeToClient="1" Font="Default" Text="" Template="CRB_QuestTracker" TooltipType="OnCursor" Name="CountItem" Border="1" Picture="1" SwallowMouseClicks="1" Moveable="0" Escapable="0" Overlapped="1" BGColor="ffffffff" TextColor="ffffffff" TooltipColor="" Tooltip="">
        <Control Class="Window" LAnchorPoint="0" LAnchorOffset="0" TAnchorPoint="0" TAnchorOffset="0" RAnchorPoint="0" RAnchorOffset="40" BAnchorPoint="0" BAnchorOffset="40" RelativeToClient="1" Font="Default" Text="" Template="Default" TooltipType="OnCursor" Name="CountItemIcon" BGColor="ffffffff" TextColor="ffffffff" TooltipColor="" Sprite="CRB_MegamapSprites:sprMap_IconCompletion_TaskQuest" Picture="1" IgnoreMouse="1" Tooltip=""/>
        <Control Class="MLWindow" LAnchorPoint="0" LAnchorOffset="40" TAnchorPoint="0" TAnchorOffset="4" RAnchorPoint="1" RAnchorOffset="0" BAnchorPoint="0" BAnchorOffset="40" RelativeToClient="1" Font="CRB_InterfaceSmall_O" Text="" Template="Default" TooltipType="OnCursor" Name="CountQuestText" BGColor="ffffffff" TextColor="ffffffff" TooltipColor="" TextId="Challenges_NoProgress" DT_VCENTER="1" DT_WORDBREAK="1"/>
    </Form>
    <Form Class="Window" LAnchorPoint="0" LAnchorOffset="3" TAnchorPoint="0" TAnchorOffset="3" RAnchorPoint="0" RAnchorOffset="42" BAnchorPoint="0" BAnchorOffset="42" RelativeToClient="1" Font="Default" Text="" Template="Default" TooltipType="OnCursor" Name="ZoneCompletionMinimizeToggle" Border="0" Picture="1" SwallowMouseClicks="1" Moveable="0" Escapable="0" Overlapped="1" BGColor="ffffffff" TextColor="ffffffff" TooltipColor="" IgnoreMouse="1" Sprite="kitBtn_Metal_CircleNormal">
        <Control Class="Button" Base="DatachronSprites:btnAchievementsIcon" Font="Thick" ButtonType="Check" RadioGroup="" LAnchorPoint="0" LAnchorOffset="9" TAnchorPoint="0" TAnchorOffset="8" RAnchorPoint="0" RAnchorOffset="30" BAnchorPoint="0" BAnchorOffset="29" DT_VCENTER="1" DT_CENTER="1" TooltipType="OnCursor" Name="ZoneCompletionMinimizeToggleBtn" Border="1" Picture="1" SwallowMouseClicks="1" Moveable="1" Escapable="1" Overlapped="1" BGColor="ffffffff" TextColor="ffffffff" TooltipColor="" NormalTextColor="ffffffff" PressedTextColor="ffffffff" FlybyTextColor="ffffffff" PressedFlybyTextColor="ffffffff" DisabledTextColor="ffffffff" TooltipFont="CRB_InterfaceSmall_O" Tooltip="" TooltipId="ZoneCompletion_HideProgressTooltip" NewControlDepth="1">
            <Event Name="ButtonUncheck" Function="OnMinimizeToggled"/>
            <Event Name="ButtonCheck" Function="OnMinimizeToggled"/>
        </Control>
        <Control Class="Window" LAnchorPoint="0" LAnchorOffset="12" TAnchorPoint="1" TAnchorOffset="-10" RAnchorPoint="0" RAnchorOffset="28" BAnchorPoint="1" BAnchorOffset="0" RelativeToClient="1" Font="Default" Text="" Template="Default" TooltipType="OnCursor" Name="ZoneCompletionBGDownArrow" BGColor="ffffffff" TextColor="ffffffff" TooltipColor="" Sprite="CRB_Trading:btnTradeDecreaseLargeNormal" Picture="1" IgnoreMouse="1" NoClip="0" Visible="0" HideInEditor="1"/>
    </Form>
</Forms>
