<Forms>
    <Form Class="Window" LAnchorPoint="0" LAnchorOffset="0" TAnchorPoint="0" TAnchorOffset="0" RAnchorPoint="0" RAnchorOffset="470" BAnchorPoint="0" BAnchorOffset="615" RelativeToClient="1" Font="Default" Text="" Template="Default" Name="ReputationForm" Border="0" Picture="0" SwallowMouseClicks="1" Moveable="1" Escapable="1" Overlapped="1" BGColor="ffffffff" TextColor="ffffffff" TextId="" Visible="0" IgnoreMouse="0" Sprite="" TooltipColor="" Tooltip="">
        <Control Class="Window" LAnchorPoint="0" LAnchorOffset="24" TAnchorPoint="0" TAnchorOffset="52" RAnchorPoint="1" RAnchorOffset="-24" BAnchorPoint="1" BAnchorOffset="-30" RelativeToClient="1" Font="Default" Text="" Template="CRB_Scroll_MetalLarge" Name="FactionList" BGColor="ffffffff" TextColor="ffffffff" VScroll="1" UseTemplateBG="1" Border="0" NewControlDepth="2" TextId="" IgnoreMouse="1" TooltipColor=""/>
        <Control Class="Window" LAnchorPoint="0" LAnchorOffset="20" TAnchorPoint="0" TAnchorOffset="20" RAnchorPoint="1" RAnchorOffset="-20" BAnchorPoint="0" BAnchorOffset="56" RelativeToClient="1" Font="Default" Text="" Template="Default" Name="BGHeader" BGColor="ffffffff" TextColor="ffffffff" Sprite="CRB_Basekit:kitHeader_MetalGrey_TitlePlain" Picture="1" IgnoreMouse="1" TextId="" DT_CENTER="0" DT_VCENTER="0" NewControlDepth="1" TooltipColor="">
            <Control Class="Window" LAnchorPoint="0" LAnchorOffset="-22" TAnchorPoint="0" TAnchorOffset="0" RAnchorPoint="1" RAnchorOffset="0" BAnchorPoint="1" BAnchorOffset="-4" RelativeToClient="1" Font="CRB_InterfaceMedium_B" Text="" Template="Default" Name="BGHeaderText" BGColor="ffffffff" TextColor="ff5f6662" TextId="CRB_Reputation" DT_CENTER="1" DT_VCENTER="1"/>
        </Control>
        <Control Class="Button" Base="CRB_Basekit:kitBtn_Close" Font="Thick" ButtonType="PushButton" RadioGroup="" LAnchorPoint="1" LAnchorOffset="-40" TAnchorPoint="0" TAnchorOffset="13" RAnchorPoint="1" RAnchorOffset="-13" BAnchorPoint="0" BAnchorOffset="42" DT_VCENTER="1" DT_CENTER="1" Name="CloseButton" BGColor="ffffffff" TextColor="ffffffff" NewControlDepth="2" WindowSoundTemplate="CloseWindowPhys" Text="" TextId="" NormalTextColor="ffffffff" PressedTextColor="ffffffff" FlybyTextColor="ffffffff" PressedFlybyTextColor="ffffffff" DisabledTextColor="ffffffff">
            <Event Name="ButtonSignal" Function="OnClose"/>
        </Control>
        <Pixie LAnchorPoint="0" LAnchorOffset="20" TAnchorPoint="0" TAnchorOffset="20" RAnchorPoint="1" RAnchorOffset="-20" BAnchorPoint="1" BAnchorOffset="-20" BGColor="ffffffff" Font="Default" TextColor="ffffffff" Text="" Sprite="kitBase_MetalGrey_Small" Line="0"/>
        <Pixie LAnchorPoint="0" LAnchorOffset="0" TAnchorPoint="0" TAnchorOffset="0" RAnchorPoint="1" RAnchorOffset="0" BAnchorPoint="1" BAnchorOffset="0" BGColor="ffffffff" Font="Default" TextColor="ffffffff" Text="" Sprite="CRB_Basekit:kitOuterFrame_MetalGold_Small2" Line="0"/>
    </Form>
    <Form Class="Window" LAnchorPoint="0" LAnchorOffset="0" TAnchorPoint="0" TAnchorOffset="0" RAnchorPoint="1" RAnchorOffset="0" BAnchorPoint="0" BAnchorOffset="22" RelativeToClient="1" Font="Default" Text="" Template="Default" Name="ListItemLabel" Border="0" Picture="0" SwallowMouseClicks="1" Moveable="0" Escapable="0" Overlapped="1" BGColor="ffffffff" TextColor="ffffffff" IgnoreMouse="1" TooltipColor="" Tooltip="">
        <Control Class="Button" Base="CRB_Basekit:kitBtn_List_MetalSortArrow" Font="Default" ButtonType="Check" RadioGroup="" LAnchorPoint="0" LAnchorOffset="-6" TAnchorPoint="0" TAnchorOffset="0" RAnchorPoint="1" RAnchorOffset="0" BAnchorPoint="0" BAnchorOffset="20" DT_VCENTER="1" DT_CENTER="1" Name="ItemsBtn" BGColor="ffffffff" TextColor="ffffffff" NormalTextColor="ff5f6662" PressedTextColor="ff9a8460" FlybyTextColor="ff5f6662" PressedFlybyTextColor="ff9a8460" DisabledTextColor="ffffffff" Text="" TextId="">
            <Event Name="ButtonCheck" Function="OnMiddleLevelLabelToggle"/>
            <Event Name="ButtonUncheck" Function="OnMiddleLevelLabelToggle"/>
            <Control Class="Window" LAnchorPoint="0" LAnchorOffset="23" TAnchorPoint="0" TAnchorOffset="0" RAnchorPoint="1" RAnchorOffset="0" BAnchorPoint="1" BAnchorOffset="0" RelativeToClient="1" Font="CRB_InterfaceMedium_B" Text="Top Level" Template="Default" Name="ItemsBtnText" BGColor="ffffffff" TextColor="ff9a8460" TextId="" DT_CENTER="0" DT_VCENTER="1"/>
        </Control>
        <Control Class="Window" LAnchorPoint="0" LAnchorOffset="16" TAnchorPoint="0" TAnchorOffset="22" RAnchorPoint="1" RAnchorOffset="0" BAnchorPoint="1" BAnchorOffset="-4" RelativeToClient="1" Font="Default" Text="" Template="Default" Name="ItemsContainer" BGColor="ffffffff" TextColor="ffffffff" TooltipColor=""/>
    </Form>
    <Form Class="Window" LAnchorPoint="0" LAnchorOffset="0" TAnchorPoint="0" TAnchorOffset="0" RAnchorPoint="1" RAnchorOffset="0" BAnchorPoint="0" BAnchorOffset="54" RelativeToClient="1" Font="Default" Text="" Template="Default" Name="ListItemProgress" Border="0" Picture="1" SwallowMouseClicks="1" Moveable="0" Escapable="0" Overlapped="1" BGColor="ffffffff" TextColor="ffffffff" IgnoreMouse="1" TooltipType="OnCursor" IgnoreTooltipDelay="0" Sprite="CRB_Basekit:kitFooter_MetalGrey_Square" TooltipColor="">
        <Control Class="Window" LAnchorPoint="0" LAnchorOffset="18" TAnchorPoint="0" TAnchorOffset="4" RAnchorPoint="1" RAnchorOffset="-100" BAnchorPoint="0" BAnchorOffset="24" RelativeToClient="1" Font="CRB_InterfaceMedium_B" Text="" Template="Default" Name="ProgressName" BGColor="ffffffff" TextColor="ff9aaea3" TextId="CRB_Name_Generator" DT_VCENTER="1" Picture="0" IgnoreMouse="1" Sprite="" DT_CENTER="0" DT_WORDBREAK="1" NoClip="0" TooltipColor=""/>
        <Control Class="Window" LAnchorPoint="0.5" LAnchorOffset="0" TAnchorPoint="0" TAnchorOffset="4" RAnchorPoint="1" RAnchorOffset="-18" BAnchorPoint="0" BAnchorOffset="24" RelativeToClient="1" Font="CRB_InterfaceSmall_I" Text="" Template="Default" Name="ProgressStatus" BGColor="ffffffff" TextColor="ff9aaea3" TextId="Faction2Disposition_Neutral" DT_VCENTER="1" Picture="0" IgnoreMouse="1" Sprite="" DT_CENTER="0" DT_WORDBREAK="1" NoClip="0" DT_RIGHT="1" Visible="1" HideInEditor="0" TooltipColor=""/>
        <Control Class="Window" LAnchorPoint="0" LAnchorOffset="8" TAnchorPoint="0" TAnchorOffset="18" RAnchorPoint="1" RAnchorOffset="-8" BAnchorPoint="0" BAnchorOffset="53" RelativeToClient="1" Font="Default" Text="" Template="Default" Name="ProgressLevelBarBG" BGColor="ffffffff" TextColor="ffffffff" Picture="1" IgnoreMouse="1" Sprite="CRB_Basekit:kitIProgBar_Metal_Base" TooltipColor="">
            <Control Class="ProgressBar" Text="" LAnchorPoint="0" LAnchorOffset="12" TAnchorPoint="0.5" TAnchorOffset="-9" RAnchorPoint="1" RAnchorOffset="-14" BAnchorPoint="0.5" BAnchorOffset="9" RelativeToClient="1" ProgressFull="sprProgBar_TEMP_Metal_Fill_White" Name="ProgressLevelBar" BGColor="ffffffff" TextColor="ffffffff" Font="CRB_InterfaceSmall_O" Picture="0" Sprite="" HideInEditor="0" IgnoreTooltipDelay="0" IgnoreMouse="1" TooltipType="OnCursor" NoClip="0" ProgressEdgeGlow="kitIProgBar_Metal_Cap" EdgeGlow="1" NoClipEdgeGlow="1"/>
            <Control Class="Window" LAnchorPoint="0" LAnchorOffset="16" TAnchorPoint="0" TAnchorOffset="0" RAnchorPoint="1" RAnchorOffset="-16" BAnchorPoint="1" BAnchorOffset="-2" RelativeToClient="1" Font="CRB_InterfaceSmall_O" Text="1000/1000" Template="Default" Name="ProgressLevelBarText" BGColor="ffffffff" TextColor="ff9aaea3" TextId="" DT_VCENTER="1" NewControlDepth="1" DT_CENTER="1"/>
        </Control>
    </Form>
    <Form Class="Window" LAnchorPoint="0" LAnchorOffset="0" TAnchorPoint="0" TAnchorOffset="0" RAnchorPoint="0" RAnchorOffset="400" BAnchorPoint="0" BAnchorOffset="57" RelativeToClient="1" Font="Default" Text="" Template="Default" Name="ListItemTopLevel" BGColor="ffffffff" TextColor="ffffffff" Tooltip="" Visible="1" Picture="0" Overlapped="1" Sprite="" TooltipColor="">
        <Control Class="Button" Base="CRB_Basekit:kitBtn_List_Hybrid" Font="Default" ButtonType="Check" RadioGroup="" LAnchorPoint="0" LAnchorOffset="0" TAnchorPoint="0" TAnchorOffset="0" RAnchorPoint="1" RAnchorOffset="0" BAnchorPoint="0" BAnchorOffset="45" DT_VCENTER="1" DT_CENTER="1" Name="ItemsBtn" BGColor="ffffffff" TextColor="ffffffff" NormalTextColor="ff2f94ac" PressedTextColor="ff31fcf6" FlybyTextColor="ff2f94ac" PressedFlybyTextColor="ff31fcf6" DisabledTextColor="ffffffff" RelativeToClient="1" Text="" TextId="">
            <Event Name="ButtonCheck" Function="OnTopLevelToggle"/>
            <Event Name="ButtonUncheck" Function="OnTopLevelToggle"/>
            <Control Class="Window" LAnchorPoint="0" LAnchorOffset="24" TAnchorPoint="0" TAnchorOffset="5" RAnchorPoint="1" RAnchorOffset="-4" BAnchorPoint="0" BAnchorOffset="25" RelativeToClient="1" Font="CRB_InterfaceLarge_B" Text="Top Level" Template="Default" Name="ItemsBtnText" BGColor="ffffffff" TextColor="ff31fcf6" TextId="" DT_CENTER="0" DT_VCENTER="1" DT_BOTTOM="0" TooltipColor=""/>
            <Control Class="Window" LAnchorPoint="0" LAnchorOffset="20" TAnchorPoint="0" TAnchorOffset="23" RAnchorPoint="1" RAnchorOffset="-6" BAnchorPoint="0" BAnchorOffset="41" RelativeToClient="1" Font="Default" Text="" Template="Default" Name="BaseProgressLevelBarC" BGColor="ffffffff" TextColor="ffffffff" Sprite="kitIProgBar_Simple_Base" Picture="1" IgnoreMouse="1" Visible="0" TooltipColor="" NewControlDepth="1">
                <Control Class="ProgressBar" Text="" LAnchorPoint="0" LAnchorOffset="8" TAnchorPoint="0.5" TAnchorOffset="-6" RAnchorPoint="1" RAnchorOffset="-8" BAnchorPoint="0.5" BAnchorOffset="6" AutoSetText="0" UseValues="0" RelativeToClient="1" SetTextToProgress="0" DT_CENTER="1" DT_VCENTER="1" ProgressEmpty="" ProgressFull="kitIProgBar_Simple_Fill" Name="BaseProgressLevelBar" BGColor="ffffffff" TextColor="ffffffff" Font="Default" IgnoreMouse="1" ProgressEdgeGlow="kitIProgBar_Simple_Cap" EdgeGlow="1" NoClipEdgeGlow="1" Picture="0" Sprite=""/>
                <Control Class="Window" LAnchorPoint="0" LAnchorOffset="8" TAnchorPoint="0" TAnchorOffset="0" RAnchorPoint="1" RAnchorOffset="-8" BAnchorPoint="1" BAnchorOffset="-1" RelativeToClient="1" Font="CRB_InterfaceSmall_O" Text="" Template="Default" Name="BaseProgressLevelText" BGColor="ffffffff" TextColor="ff9aaea3" DT_CENTER="1" DT_VCENTER="1" NewControlDepth="1"/>
            </Control>
        </Control>
        <Control Class="Window" LAnchorPoint="0" LAnchorOffset="22" TAnchorPoint="0" TAnchorOffset="47" RAnchorPoint="1" RAnchorOffset="0" BAnchorPoint="1" BAnchorOffset="-14" RelativeToClient="1" Font="Default" Text="" Template="Default" Name="ItemsContainer" BGColor="ffffffff" TextColor="ffffffff" Picture="0" IgnoreMouse="1" Sprite="" NoClip="0" TooltipColor=""/>
    </Form>
</Forms>
