<Forms>
    <Form Class="Window" LAnchorPoint="0" LAnchorOffset="174" TAnchorPoint=".5" TAnchorOffset="-260" RAnchorPoint="0" RAnchorOffset="625" BAnchorPoint=".5" BAnchorOffset="260" RelativeToClient="1" Font="Default" Text="" Template="Default" TooltipType="OnCursor" Name="BankViewerForm" Border="0" Picture="0" SwallowMouseClicks="1" Moveable="1" Escapable="1" Overlapped="1" BGColor="white" TextColor="white" TooltipColor="" IgnoreMouse="0" Tooltip="" Sprite="">
        <Event Name="WindowClosed" Function="OnWindowClosed"/>
        <Control Class="Window" LAnchorPoint="0" LAnchorOffset="24" TAnchorPoint="0" TAnchorOffset="66" RAnchorPoint="1" RAnchorOffset="-25" BAnchorPoint="1" BAnchorOffset="-21" RelativeToClient="1" Font="Default" Text="" Template="Holo_Background_General" TooltipType="OnCursor" Name="BankViewerBG" BGColor="white" TextColor="white" TooltipColor="" Sprite="" Picture="1" IgnoreMouse="1" Border="1" UseTemplateBG="1"/>
        <Control Class="Window" LAnchorPoint="0" LAnchorOffset="35" TAnchorPoint="0" TAnchorOffset="82" RAnchorPoint="1" RAnchorOffset="8" BAnchorPoint="1" BAnchorOffset="-160" RelativeToClient="1" Font="Default" Text="" Template="Default" Name="BankGridArt" BGColor="white" TextColor="white" TooltipId="" Picture="1" IgnoreMouse="1" Sprite="" TooltipColor="" HideInEditor="0" NewControlDepth="1" Border="0" UseTemplateBG="0">
            <Control Class="Window" LAnchorPoint="0" LAnchorOffset="0" TAnchorPoint="0" TAnchorOffset="0" RAnchorPoint="1" RAnchorOffset="0" BAnchorPoint="1" BAnchorOffset="0" RelativeToClient="1" Font="Default" Text="" Template="Default" Name="MainGridContainer" BGColor="white" TextColor="white" Picture="1" IgnoreMouse="1" Sprite="" Overlapped="0" TooltipColor="" Border="0" UseTemplateBG="0">
                <Control Class="BagWindow" LAnchorPoint="0" LAnchorOffset="0" TAnchorPoint="0" TAnchorOffset="0" RAnchorPoint="1" RAnchorOffset="-50" BAnchorPoint="1" BAnchorOffset="-10" RelativeToClient="1" Sprite="" Text="" Name="MainBagWindow" BGColor="white" TextColor="white" Picture="0" SwallowMouseClicks="1" IgnoreTooltipDelay="1" NewQuestOverlaySprite="ClientSprites:sprItem_NewQuest" IgnoreMouse="1" VScroll="1" AutoHideScroll="0" Template="Holo_ScrollList" TooltipColor="" SquareSize="50" BoxesPerRow="8" IsBank="1" Tooltip="" CannotUseSprite="ClientSprites:Icon_Windows_UI_CRB_Tooltip_Restricted" HideInEditor="0" Border="1" UseTemplateBG="1">
                    <Event Name="GenerateTooltip" Function="OnGenerateTooltip"/>
                    <Event Name="DragDropNothingCursor" Function="OnDragDropNothingCursor"/>
                    <Event Name="DragDropCancel" Function="OnBagDragDropCancel"/>
                </Control>
            </Control>
        </Control>
        <Control Class="Window" LAnchorPoint="0" LAnchorOffset="0" TAnchorPoint="0" TAnchorOffset="0" RAnchorPoint="1" RAnchorOffset="0" BAnchorPoint="1" BAnchorOffset="0" RelativeToClient="1" Font="Default" Text="" Template="Metal_Primary_NoNav" TooltipType="OnCursor" Name="BankViewerFrame" BGColor="white" TextColor="white" TooltipColor="" Picture="1" IgnoreMouse="1" Sprite="" NewControlDepth="1" Tooltip="" Border="1" UseTemplateBG="1">
            <Control Class="Button" Base="CRB_Basekit:kitBtn_Close" Font="Thick" ButtonType="PushButton" RadioGroup="" LAnchorPoint="1" LAnchorOffset="-51" TAnchorPoint="0" TAnchorOffset="25" RAnchorPoint="1" RAnchorOffset="-24" BAnchorPoint="0" BAnchorOffset="57" DT_VCENTER="1" DT_CENTER="1" TooltipType="OnCursor" Name="BankViewerCloseBtn" BGColor="white" TextColor="white" TooltipColor="" NormalTextColor="white" PressedTextColor="white" FlybyTextColor="white" PressedFlybyTextColor="white" DisabledTextColor="white">
                <Event Name="ButtonSignal" Function="OnBankViewerCloseBtn"/>
            </Control>
            <Control Class="Window" LAnchorPoint="0" LAnchorOffset="80" TAnchorPoint="0" TAnchorOffset="24" RAnchorPoint="1" RAnchorOffset="-80" BAnchorPoint="0" BAnchorOffset="60" RelativeToClient="1" Font="CRB_HeaderLarge" Text="" Template="Default" TooltipType="OnCursor" Name="BankTitleText" BGColor="white" TextColor="UI_WindowTitleYellow" TooltipColor="" TextId="Bank_Header" DT_CENTER="1" DT_VCENTER="1" TooltipFont="CRB_InterfaceSmall_O" TooltipId="" Sprite="BK3:sprMetal_Framing_Header" Picture="1" IgnoreMouse="1"/>
        </Control>
        <Control Class="Window" LAnchorPoint="0" LAnchorOffset="26" TAnchorPoint="1" TAnchorOffset="-91" RAnchorPoint="1" RAnchorOffset="-27" BAnchorPoint="1" BAnchorOffset="-22" RelativeToClient="1" Font="Default" Text="" Template="Default" TooltipType="OnCursor" Name="BankBottomArt" BGColor="white" TextColor="white" TooltipColor="" Picture="1" IgnoreMouse="1" Sprite="BK3:UI_BK3_Metal_Footer_Large" Tooltip="" NewControlDepth="1" HideInEditor="0">
            <Control Class="Window" LAnchorPoint="0" LAnchorOffset="12" TAnchorPoint="0" TAnchorOffset="12" RAnchorPoint="0" RAnchorOffset="206" BAnchorPoint="1" BAnchorOffset="-10" RelativeToClient="1" Font="Default" Text="" Template="Default" TooltipType="OnCursor" Name="BankBuyPriceBG" BGColor="white" TextColor="white" TooltipColor="" Sprite="BK3:UI_BK3_Metal_Inset_SharpCorner" Picture="1" IgnoreMouse="1">
                <Control Class="CashWindow" LAnchorPoint="0" LAnchorOffset="97" TAnchorPoint="0" TAnchorOffset="-4" RAnchorPoint="1" RAnchorOffset="-10" BAnchorPoint="1" BAnchorOffset="-16" TooltipType="OnCursor" RelativeToClient="1" Font="CRB_InterfaceSmall" Text="" Template="Default" BGColor="white" TextColor="UI_TextMetalBodyHighlight" Name="BankBuyPrice" TooltipColor="" SkipZeroes="1" TooltipFont="CRB_InterfaceSmall_O" IgnoreMouse="1" DT_RIGHT="0" Tooltip=""/>
                <Control Class="CashWindow" LAnchorPoint="0" LAnchorOffset="7" TAnchorPoint="0" TAnchorOffset="19" RAnchorPoint="1" RAnchorOffset="-13" BAnchorPoint="1" BAnchorOffset="0" TooltipType="OnCursor" RelativeToClient="1" Font="CRB_InterfaceSmall" Text="" Template="Default" BGColor="white" TextColor="UI_TextMetalBodyHighlight" Name="PlayerMoney" TooltipColor="" SkipZeroes="0" TooltipFont="CRB_InterfaceSmall_O" IgnoreMouse="1" DT_RIGHT="0"/>
                <Pixie LAnchorPoint="0" LAnchorOffset="8" TAnchorPoint="0" TAnchorOffset="6" RAnchorPoint="1" RAnchorOffset="-4" BAnchorPoint="0" BAnchorOffset="23" BGColor="white" Font="CRB_InterfaceSmall" TextColor="UI_TextMetalBodyHighlight" Text="" TextId="Bank_SlotPriceLabel" Line="0"/>
            </Control>
            <Control Class="Button" Base="CRB_Basekit:kitBtn_Metal_LargeGreen" Font="CRB_Button" ButtonType="Check" RadioGroup="" LAnchorPoint="0" LAnchorOffset="253" TAnchorPoint="0.5" TAnchorOffset="-22" RAnchorPoint="1" RAnchorOffset="-12" BAnchorPoint="0.5" BAnchorOffset="26" DT_VCENTER="1" DT_CENTER="1" TooltipType="OnCursor" Name="BankBuySlotBtn" BGColor="white" TextColor="white" TooltipColor="" NormalTextColor="UI_BtnTextGreenNormal" PressedTextColor="UI_BtnTextGreenPressed" FlybyTextColor="UI_BtnTextGreenFlyby" PressedFlybyTextColor="UI_BtnTextGreenPressedFlyby" DisabledTextColor="UI_BtnTextGreenDisabled" Text="" TextId="Bank_BuySlotBtn">
                <Control Class="Window" LAnchorPoint="0" LAnchorOffset="-83" TAnchorPoint="0" TAnchorOffset="-108" RAnchorPoint="1" RAnchorOffset="9" BAnchorPoint="0" BAnchorOffset="2" RelativeToClient="1" Font="Default" Text="" Template="Default" TooltipType="OnCursor" Name="BankBuySlotConfirm" BGColor="white" TextColor="white" TooltipColor="" IgnoreMouse="1" NoClip="1" Sprite="" Picture="1" Visible="0" HideInEditor="0" NewWindowDepth="1">
                    <Control Class="Window" LAnchorPoint="0" LAnchorOffset="-20" TAnchorPoint="0" TAnchorOffset="-23" RAnchorPoint="1" RAnchorOffset="20" BAnchorPoint="1" BAnchorOffset="26" RelativeToClient="1" Font="Default" Text="" BGColor="UI_WindowBGDefault" TextColor="UI_WindowTextDefault" Template="Default" TooltipType="OnCursor" Name="HoloFrame" TooltipColor="" Sprite="BK3:sprHolo_Alert_Flyout" IgnoreMouse="1" NoClip="1" Picture="1"/>
                    <Control Class="Button" Base="BK3:btnHolo_Blue_Small" Font="CRB_Button" ButtonType="PushButton" RadioGroup="" LAnchorPoint="0" LAnchorOffset="15" TAnchorPoint="1" TAnchorOffset="-63" RAnchorPoint="0.5" RAnchorOffset="3" BAnchorPoint="1" BAnchorOffset="-10" DT_VCENTER="1" DT_CENTER="1" TooltipType="OnCursor" Name="BankBuySlotConfirmYes" BGColor="white" TextColor="white" TooltipColor="" NormalTextColor="UI_BtnTextBlueNormal" PressedTextColor="UI_BtnTextBluePressed" FlybyTextColor="UI_BtnTextBlueFlyby" PressedFlybyTextColor="UI_BtnTextHoloPressedFlyby" DisabledTextColor="UI_BtnTextHoloDisabled" Text="" TextId="CRB_Yes">
                        <Event Name="ButtonSignal" Function="OnBankBuySlotConfirmYes"/>
                    </Control>
                    <Control Class="Button" Base="BK3:btnHolo_Red_Small" Font="CRB_Button" ButtonType="PushButton" RadioGroup="" LAnchorPoint="0.5" LAnchorOffset="-3" TAnchorPoint="1" TAnchorOffset="-61" RAnchorPoint="1" RAnchorOffset="-16" BAnchorPoint="1" BAnchorOffset="-9" DT_VCENTER="1" DT_CENTER="1" TooltipType="OnCursor" Name="BankBuySlotConfirmNo" BGColor="white" TextColor="white" TooltipColor="" NormalTextColor="UI_BtnTextRedNormal" PressedTextColor="UI_BtnTextRedPressed" FlybyTextColor="UI_BtnTextRedFlyby" PressedFlybyTextColor="UI_BtnTextHoloPressedFlyby" DisabledTextColor="UI_BtnTextHoloDisabled" Text="" TextId="No">
                        <Event Name="ButtonSignal" Function="OnBankBuyConfirmClose"/>
                    </Control>
                    <Control Class="Button" Base="CRB_Basekit:kitBtn_Holo_Close2" Font="Thick" ButtonType="PushButton" RadioGroup="" LAnchorPoint="1" LAnchorOffset="-35" TAnchorPoint="0" TAnchorOffset="21" RAnchorPoint="1" RAnchorOffset="-14" BAnchorPoint="0" BAnchorOffset="41" DT_VCENTER="1" DT_CENTER="1" TooltipType="OnCursor" Name="BankBuyConfirmClose" BGColor="white" TextColor="white" TooltipColor="" NormalTextColor="white" PressedTextColor="white" FlybyTextColor="white" PressedFlybyTextColor="white" DisabledTextColor="white">
                        <Event Name="ButtonSignal" Function="OnBankBuyConfirmClose"/>
                    </Control>
                    <Pixie LAnchorPoint="0" LAnchorOffset="25" TAnchorPoint="0" TAnchorOffset="20" RAnchorPoint="1" RAnchorOffset="-8" BAnchorPoint="0" BAnchorOffset="40" BGColor="white" Font="CRB_InterfaceSmall" TextColor="UI_WindowTitleYellow" Text="" TextId="Bank_BuyConfirm" DT_CENTER="0" Line="0"/>
                </Control>
            </Control>
        </Control>
        <Control Class="Window" LAnchorPoint="0" LAnchorOffset="38" TAnchorPoint="0" TAnchorOffset="357" RAnchorPoint="1" RAnchorOffset="-40" BAnchorPoint="0" BAnchorOffset="422" RelativeToClient="1" Font="Default" Text="" Template="Default" TooltipType="OnCursor" Name="BankBagArt" BGColor="white" TextColor="white" TooltipColor="" Picture="1" IgnoreMouse="1" Sprite="BK3:UI_BK3_Holo_InsetFramed" Tooltip="">
            <Control Class="Window" LAnchorPoint="0" LAnchorOffset="0" TAnchorPoint="0" TAnchorOffset="6" RAnchorPoint="1" RAnchorOffset="0" BAnchorPoint="1" BAnchorOffset="0" RelativeToClient="1" Font="Default" Text="" Template="Default" TooltipType="OnCursor" Name="ConfigureBagsContainer" BGColor="white" TextColor="white" TooltipColor="" Tooltip=""/>
        </Control>
    </Form>
    <Form Class="ItemSlotWindow" Font="CRB_Pixel" ButtonType="Check" LAnchorPoint="0.5" LAnchorOffset="-18" TAnchorPoint="0.5" TAnchorOffset="-18" RAnchorPoint="0.5" RAnchorOffset="18" BAnchorPoint="0.5" BAnchorOffset="18" Name="BagBtn21" BGColor="white" TextColor="white" WindowSoundTemplate="SlideDownDigi" NormalTextColor="UI_BtnTextHoloNormal" PressedTextColor="UI_BtnTextHoloPressed" FlybyTextColor="UI_BtnTextHoloFlyby" PressedFlybyTextColor="UI_BtnTextHoloPressedFlyby" DisabledTextColor="UI_BtnTextHoloDisabled" RelativeToClient="1" Picture="1" TooltipType="OnCursor" TooltipColor="" EquipmentSlot="21" Visible="1" HideInEditor="0" Text=""/>
    <Form Class="ItemSlotWindow" Font="CRB_Pixel" ButtonType="Check" LAnchorPoint="0.5" LAnchorOffset="-18" TAnchorPoint="0.5" TAnchorOffset="-18" RAnchorPoint="0.5" RAnchorOffset="18" BAnchorPoint="0.5" BAnchorOffset="18" Name="BagBtn22" BGColor="white" TextColor="white" WindowSoundTemplate="SlideDownDigi" NormalTextColor="UI_BtnTextHoloNormal" PressedTextColor="UI_BtnTextHoloPressed" FlybyTextColor="UI_BtnTextHoloFlyby" PressedFlybyTextColor="UI_BtnTextHoloPressedFlyby" DisabledTextColor="UI_BtnTextHoloDisabled" RelativeToClient="1" Picture="1" TooltipType="OnCursor" TooltipColor="" EquipmentSlot="22" Visible="1" HideInEditor="0"/>
    <Form Class="ItemSlotWindow" Font="CRB_Pixel" ButtonType="Check" LAnchorPoint="0.5" LAnchorOffset="-18" TAnchorPoint="0.5" TAnchorOffset="-18" RAnchorPoint="0.5" RAnchorOffset="18" BAnchorPoint="0.5" BAnchorOffset="18" Name="BagBtn23" BGColor="white" TextColor="white" WindowSoundTemplate="SlideDownDigi" NormalTextColor="UI_BtnTextHoloNormal" PressedTextColor="UI_BtnTextHoloPressed" FlybyTextColor="UI_BtnTextHoloFlyby" PressedFlybyTextColor="UI_BtnTextHoloPressedFlyby" DisabledTextColor="UI_BtnTextHoloDisabled" RelativeToClient="1" Picture="1" TooltipType="OnCursor" TooltipColor="" EquipmentSlot="23" Visible="1" HideInEditor="0"/>
    <Form Class="ItemSlotWindow" Font="CRB_Pixel" ButtonType="Check" LAnchorPoint="0.5" LAnchorOffset="-18" TAnchorPoint="0.5" TAnchorOffset="-18" RAnchorPoint="0.5" RAnchorOffset="18" BAnchorPoint="0.5" BAnchorOffset="18" Name="BagBtn24" BGColor="white" TextColor="white" WindowSoundTemplate="SlideDownDigi" NormalTextColor="UI_BtnTextHoloNormal" PressedTextColor="UI_BtnTextHoloPressed" FlybyTextColor="UI_BtnTextHoloFlyby" PressedFlybyTextColor="UI_BtnTextHoloPressedFlyby" DisabledTextColor="UI_BtnTextHoloDisabled" RelativeToClient="1" Picture="1" TooltipType="OnCursor" TooltipColor="" EquipmentSlot="24" Visible="1" HideInEditor="0"/>
    <Form Class="ItemSlotWindow" Font="CRB_Pixel" ButtonType="Check" LAnchorPoint="0.5" LAnchorOffset="-18" TAnchorPoint="0.5" TAnchorOffset="-18" RAnchorPoint="0.5" RAnchorOffset="18" BAnchorPoint="0.5" BAnchorOffset="18" Name="BagBtn25" BGColor="white" TextColor="white" WindowSoundTemplate="SlideDownDigi" NormalTextColor="UI_BtnTextHoloNormal" PressedTextColor="UI_BtnTextHoloPressed" FlybyTextColor="UI_BtnTextHoloFlyby" PressedFlybyTextColor="UI_BtnTextHoloPressedFlyby" DisabledTextColor="UI_BtnTextHoloDisabled" RelativeToClient="1" Picture="1" TooltipType="OnCursor" TooltipColor="" EquipmentSlot="25" Visible="1" HideInEditor="0"/>
    <Form Class="Window" LAnchorPoint="0" LAnchorOffset="108" TAnchorPoint="0" TAnchorOffset="0" RAnchorPoint="0" RAnchorOffset="162" BAnchorPoint="0" BAnchorOffset="54" RelativeToClient="1" Font="Default" Text="" Template="Default" TooltipType="OnCursor" Name="BankSlot" Border="0" Picture="1" SwallowMouseClicks="1" Moveable="0" Escapable="0" Overlapped="1" BGColor="white" TextColor="white" TooltipColor="" IgnoreMouse="1" Sprite="" TooltipFont="CRB_InterfaceSmall_O" TooltipId="">
        <Control Class="Window" LAnchorPoint="0.5" LAnchorOffset="-15" TAnchorPoint="0.5" TAnchorOffset="-15" RAnchorPoint="0.5" RAnchorOffset="15" BAnchorPoint="0.5" BAnchorOffset="15" RelativeToClient="1" Font="Default" Text="" Template="Default" Name="BagBacker" BGColor="white" TextColor="white" Picture="1" IgnoreMouse="1" Sprite="ChatLogSprites:CombatLogAddWindowBtnFlyby" TooltipId="Bank_SlotTooltip" IgnoreTooltipDelay="1" TooltipType="OnCursor" TooltipColor="" NewControlDepth="1" Tooltip="" TooltipFont="CRB_InterfaceSmall_O"/>
        <Control Class="Window" LAnchorPoint="0" LAnchorOffset="3" TAnchorPoint="0" TAnchorOffset="3" RAnchorPoint="1" RAnchorOffset="-3" BAnchorPoint="1" BAnchorOffset="-3" RelativeToClient="1" Font="Default" Text="" Template="Default" TooltipType="OnCursor" Name="BankSlotFrame" BGColor="white" TextColor="white" TooltipColor="" Sprite="BK3:UI_BK3_Holo_InsetSimple" Picture="1" IgnoreMouse="1"/>
        <Control Class="Window" LAnchorPoint="0" LAnchorOffset="0" TAnchorPoint="0" TAnchorOffset="12" RAnchorPoint="1" RAnchorOffset="-14" BAnchorPoint="1" BAnchorOffset="-13" RelativeToClient="1" Font="CRB_InterfaceSmall" Text="10" Template="Default" Name="BagCount" BGColor="white" TextColor="UI_TextHoloBodyHighlight" TextId="" DT_CENTER="0" TooltipColor="" DT_RIGHT="1" DT_BOTTOM="1" NewControlDepth="1" Tooltip=""/>
        <Control Class="Window" LAnchorPoint="0" LAnchorOffset="15" TAnchorPoint="0" TAnchorOffset="15" RAnchorPoint="1" RAnchorOffset="-15" BAnchorPoint="1" BAnchorOffset="-15" RelativeToClient="1" Font="Default" Text="" Template="Default" TooltipType="OnCursor" Name="BagLocked" BGColor="white" TextColor="white" TooltipColor="" Tooltip="" Picture="1" IgnoreMouse="1" Sprite="ClientSprites:Icon_Windows_UI_CRB_Lock_Holo" Visible="0" TooltipFont="CRB_InterfaceSmall_O" TooltipId="Bank_LockedTooltip"/>
        <Control Class="Window" LAnchorPoint="0" LAnchorOffset="4" TAnchorPoint="0" TAnchorOffset="4" RAnchorPoint="1" RAnchorOffset="-4" BAnchorPoint="1" BAnchorOffset="-4" RelativeToClient="1" Font="Default" Text="" Template="Default" TooltipType="OnCursor" Name="NewBagPurchasedAlert" BGColor="white" TextColor="white" TooltipColor="" Sprite="CRB_Anim_Outline:spr_Anim_OutlineStretch" Picture="1" IgnoreMouse="1" TransitionShowHide="1" UseTransitionSprite="0" Visible="0" NewWindowDepth="1" NoClip="1" HideInEditor="0"/>
    </Form>
</Forms>
