<Forms>
    <Form Class="Window" LAnchorPoint=".5" LAnchorOffset="-300" TAnchorPoint=".5" TAnchorOffset="-276" RAnchorPoint=".5" RAnchorOffset="300" BAnchorPoint=".5" BAnchorOffset="-215" RelativeToClient="0" Font="Default" Text="" Template="Default" Name="FloaterPanel" Border="0" Picture="0" SwallowMouseClicks="1" Moveable="0" Escapable="0" Overlapped="0" BGColor="UI_AlphaPercent5" TextColor="white" NeverBringToFront="1" IgnoreMouse="1" Sprite="WhiteFill" TooltipColor="" Tooltip="">
        <Control Class="Window" LAnchorPoint="0" LAnchorOffset="0" TAnchorPoint="0" TAnchorOffset="0" RAnchorPoint="1" RAnchorOffset="0" BAnchorPoint="0" BAnchorOffset="92" RelativeToClient="1" Font="Default" Text="" Template="Default" Name="MainPanel" BGColor="white" TextColor="white" Picture="0" IgnoreMouse="1" Sprite="WhiteFill" TransitionShowHide="1" TooltipColor="" Visible="0" HideInEditor="0">
            <Control Class="Window" LAnchorPoint="0" LAnchorOffset="90" TAnchorPoint="0" TAnchorOffset="0" RAnchorPoint="1" RAnchorOffset="-90" BAnchorPoint="1" BAnchorOffset="0" RelativeToClient="0" Font="CRB_InterfaceMedium" Sprite="" Template="Default" Name="MainContent_Episode" BGColor="white" TextColor="white" RightEdgeControlsAnchor="" Picture="1" Overlapped="1" DT_CENTER="0" DT_VCENTER="0" Visible="0" IgnoreMouse="1" TransitionShowHide="0" HideInEditor="1" TooltipColor="">
                <Control Class="Window" LAnchorPoint="0" LAnchorOffset="0" TAnchorPoint="0" TAnchorOffset="-4" RAnchorPoint="1" RAnchorOffset="0" BAnchorPoint="1" BAnchorOffset="4" RelativeToClient="1" Font="Default" Text="" Template="Default" Name="BackerSprite" BGColor="UI_AlphaPercent70" TextColor="white" Sprite="CRB_Basekit:kitBase_HoloBlue_LitCorners" Picture="1" IgnoreMouse="1" NoClip="1"/>
                <Control Class="Window" LAnchorPoint="0" LAnchorOffset="-3" TAnchorPoint="0" TAnchorOffset="21" RAnchorPoint="1" RAnchorOffset="-3" BAnchorPoint="1" BAnchorOffset="-49" RelativeToClient="1" Font="CRB_InterfaceLarge_B" Sprite="WhiteFill" Template="Default" Name="Label" TextColor="UI_TextHoloBodyHighlight" DT_RIGHT="0" DT_CENTER="1" DT_VCENTER="0" NewControlDepth="1" BGColor="UI_TextHoloBodyHighlight" TextId="FloatText_EpisodeUnlockedLabel" Text="" TooltipColor=""/>
                <Control Class="Window" LAnchorPoint="0" LAnchorOffset="-3" TAnchorPoint="0" TAnchorOffset="44" RAnchorPoint="1" RAnchorOffset="-3" BAnchorPoint="1" BAnchorOffset="-18" RelativeToClient="1" Font="CRB_HeaderLarge" Sprite="WhiteFill" Template="Default" Name="Text" TextColor="white" DT_RIGHT="0" DT_CENTER="1" DT_VCENTER="0" NewControlDepth="1" BGColor="white" TextId="CRB_Window"/>
                <Control Class="Window" LAnchorPoint="0" LAnchorOffset="-10" TAnchorPoint="0" TAnchorOffset="-10" RAnchorPoint="1" RAnchorOffset="10" BAnchorPoint="1" BAnchorOffset="10" RelativeToClient="0" Font="Default" Text="" Template="Default" Name="Flash" BGColor="white" TextColor="white" Picture="1" IgnoreMouse="1" NewControlDepth="3" NoClip="1"/>
            </Control>
            <Control Class="Window" LAnchorPoint="0" LAnchorOffset="0" TAnchorPoint="0" TAnchorOffset="0" RAnchorPoint="1" RAnchorOffset="0" BAnchorPoint="1" BAnchorOffset="0" RelativeToClient="0" Font="CRB_InterfaceMedium" Sprite="" Template="Default" Name="MainContent_Zone" BGColor="white" TextColor="white" RightEdgeControlsAnchor="" Picture="1" Overlapped="1" DT_CENTER="0" DT_VCENTER="0" Visible="0" IgnoreMouse="1" TransitionShowHide="0" HideInEditor="1" TooltipColor="">
                <Control Class="Window" LAnchorPoint="0" LAnchorOffset="50" TAnchorPoint="0" TAnchorOffset="1" RAnchorPoint="1" RAnchorOffset="-50" BAnchorPoint="1" BAnchorOffset="1" RelativeToClient="1" Font="Default" Text="" Template="Default" Name="BackerSprite" BGColor="UI_AlphaPercent70" TextColor="white" Sprite="CRB_NumberFloaters:sprFloater_BackerNormal" Picture="1" IgnoreMouse="1"/>
                <Control Class="Window" LAnchorPoint="0" LAnchorOffset="25" TAnchorPoint="0" TAnchorOffset="1" RAnchorPoint="1" RAnchorOffset="-474" BAnchorPoint="1" BAnchorOffset="1" RelativeToClient="1" Font="Default" Text="" Template="Default" Name="BackerSprite2" BGColor="UI_AlphaPercent70" TextColor="white" Sprite="ClientSprites:AlertSprites_UI_explorer" Picture="1" IgnoreMouse="1"/>
                <Control Class="Window" LAnchorPoint="0" LAnchorOffset="-3" TAnchorPoint="0" TAnchorOffset="0" RAnchorPoint="1" RAnchorOffset="-3" BAnchorPoint="1" BAnchorOffset="-70" RelativeToClient="1" Font="CRB_InterfaceLarge_B" Sprite="WhiteFill" Template="Default" Name="Label" TextColor="UI_TextHoloBodyHighlight" DT_RIGHT="0" DT_CENTER="1" DT_VCENTER="0" NewControlDepth="1" BGColor="UI_TextHoloBodyHighlight" TextId="" Text="" TooltipColor="FloatText_ZoneUncovered"/>
                <Control Class="Window" LAnchorPoint="0" LAnchorOffset="-3" TAnchorPoint="0" TAnchorOffset="21" RAnchorPoint="1" RAnchorOffset="-3" BAnchorPoint="1" BAnchorOffset="-14" RelativeToClient="1" Font="CRB_HeaderHuge_O" Sprite="WhiteFill" Template="Default" Name="Text" TextColor="UI_WindowTitleYellow" DT_RIGHT="0" DT_CENTER="1" DT_VCENTER="1" NewControlDepth="1" BGColor="UI_TextHoloBodyHighlight" TextId="CRB_Window"/>
                <Control Class="Window" LAnchorPoint="0" LAnchorOffset="-10" TAnchorPoint="0" TAnchorOffset="-10" RAnchorPoint="1" RAnchorOffset="10" BAnchorPoint="1" BAnchorOffset="10" RelativeToClient="0" Font="Default" Text="" Template="Default" Name="Flash" BGColor="white" TextColor="white" Picture="1" IgnoreMouse="1" NewControlDepth="3" NoClip="1"/>
            </Control>
            <Control Class="Window" LAnchorPoint="0" LAnchorOffset="0" TAnchorPoint="0" TAnchorOffset="0" RAnchorPoint="1" RAnchorOffset="0" BAnchorPoint="1" BAnchorOffset="0" RelativeToClient="0" Font="CRB_InterfaceMedium" Sprite="" Template="Default" Name="MainContent_Dead" BGColor="white" TextColor="white" RightEdgeControlsAnchor="" Picture="1" Overlapped="1" DT_CENTER="0" DT_VCENTER="0" Visible="0" IgnoreMouse="1" TransitionShowHide="0" HideInEditor="1" Text="" TooltipColor="">
                <Control Class="Window" LAnchorPoint="0" LAnchorOffset="129" TAnchorPoint="0" TAnchorOffset="5" RAnchorPoint="1" RAnchorOffset="-381" BAnchorPoint="1" BAnchorOffset="-5" RelativeToClient="1" Font="Default" Text="" Template="Default" Name="BackerSprite2" BGColor="UI_AlphaPercent70" TextColor="white" Sprite="ClientSprites:Icon_CCStates_vulnerable" Picture="1" IgnoreMouse="1" HideInEditor="0"/>
                <Control Class="Window" LAnchorPoint="0" LAnchorOffset="216" TAnchorPoint="0" TAnchorOffset="0" RAnchorPoint="1" RAnchorOffset="-3" BAnchorPoint="1" BAnchorOffset="0" RelativeToClient="1" Font="CRB_HeaderHuge_O" Sprite="WhiteFill" Template="Default" Name="Text" TextColor="UI_TextHoloBodyHighlight" DT_RIGHT="0" DT_CENTER="0" DT_VCENTER="1" NewControlDepth="1" BGColor="white" TextId="Player_Dead" Text="" TooltipColor=""/>
                <Control Class="Window" LAnchorPoint="0" LAnchorOffset="-10" TAnchorPoint="0" TAnchorOffset="-10" RAnchorPoint="1" RAnchorOffset="10" BAnchorPoint="1" BAnchorOffset="10" RelativeToClient="0" Font="Default" Text="" Template="Default" Name="Flash" BGColor="white" TextColor="white" Picture="1" IgnoreMouse="1" NewControlDepth="3" NoClip="1"/>
            </Control>
            <Control Class="Window" LAnchorPoint="0" LAnchorOffset="0" TAnchorPoint="0" TAnchorOffset="0" RAnchorPoint="1" RAnchorOffset="0" BAnchorPoint="1" BAnchorOffset="0" RelativeToClient="0" Font="CRB_InterfaceMedium" Sprite="" Template="Default" Name="MainContent_Level" BGColor="white" TextColor="white" RightEdgeControlsAnchor="" Picture="1" Overlapped="1" DT_CENTER="0" DT_VCENTER="0" Visible="0" IgnoreMouse="1" TransitionShowHide="0" HideInEditor="1" TooltipColor="">
                <Control Class="Window" LAnchorPoint="0" LAnchorOffset="50" TAnchorPoint="0" TAnchorOffset="3" RAnchorPoint="1" RAnchorOffset="-50" BAnchorPoint="1" BAnchorOffset="3" RelativeToClient="1" Font="Default" Text="" Template="Default" Name="BackerSprite" BGColor="UI_AlphaPercent85" TextColor="white" Sprite="CRB_NumberFloaters:sprFloater_BackerCritical" Picture="1" IgnoreMouse="1" Visible="1"/>
                <Control Class="Window" LAnchorPoint="0" LAnchorOffset="43" TAnchorPoint="0" TAnchorOffset="5" RAnchorPoint="1" RAnchorOffset="-467" BAnchorPoint="1" BAnchorOffset="-5" RelativeToClient="1" Font="Default" Text="" Template="Default" Name="BackerSprite2" BGColor="UI_AlphaPercent85" TextColor="white" Sprite="ClientSprites:Icon_CCStates_Stun" Picture="1" IgnoreMouse="1"/>
                <Control Class="Window" LAnchorPoint="0" LAnchorOffset="-3" TAnchorPoint="0" TAnchorOffset="0" RAnchorPoint="1" RAnchorOffset="-3" BAnchorPoint="1" BAnchorOffset="0" RelativeToClient="1" Font="CRB_HeaderGigantic_O" Sprite="WhiteFill" Template="Default" Name="Text" TextColor="UI_WindowTitleYellow" DT_RIGHT="0" DT_CENTER="1" DT_VCENTER="1" NewControlDepth="1" BGColor="white" TextId="" Text="Welcome to Level 88" TooltipColor=""/>
                <Control Class="Window" LAnchorPoint="0" LAnchorOffset="-10" TAnchorPoint="0" TAnchorOffset="-10" RAnchorPoint="1" RAnchorOffset="10" BAnchorPoint="1" BAnchorOffset="10" RelativeToClient="0" Font="Default" Text="" Template="Default" Name="Flash" BGColor="white" TextColor="white" Picture="1" IgnoreMouse="1" NewControlDepth="3" NoClip="1"/>
            </Control>
            <Control Class="Window" LAnchorPoint="0" LAnchorOffset="0" TAnchorPoint="0" TAnchorOffset="0" RAnchorPoint="1" RAnchorOffset="0" BAnchorPoint="1" BAnchorOffset="0" RelativeToClient="0" Font="CRB_InterfaceMedium" Sprite="" Template="Default" Name="MainContent_Settler" BGColor="white" TextColor="white" RightEdgeControlsAnchor="" Picture="1" Overlapped="1" DT_CENTER="0" DT_VCENTER="0" Visible="0" IgnoreMouse="1" TransitionShowHide="0" HideInEditor="1" Text="" TooltipColor="">
                <Control Class="Window" LAnchorPoint="0" LAnchorOffset="50" TAnchorPoint="0" TAnchorOffset="1" RAnchorPoint="1" RAnchorOffset="-50" BAnchorPoint="1" BAnchorOffset="1" RelativeToClient="1" Font="Default" Text="" Template="Default" Name="BackerSprite" BGColor="UI_AlphaPercent70" TextColor="white" Sprite="CRB_NumberFloaters:sprFloater_BackerNormal" Picture="1" IgnoreMouse="1"/>
                <Control Class="Window" LAnchorPoint="0" LAnchorOffset="17" TAnchorPoint="0" TAnchorOffset="9" RAnchorPoint="1" RAnchorOffset="-507" BAnchorPoint="1" BAnchorOffset="-7" RelativeToClient="1" Font="Default" Text="" Template="Default" Name="BackerSprite2" BGColor="UI_AlphaPercent70" TextColor="white" Sprite="ClientSprites:Icon_Windows_UI_CRB_Colonist" Picture="1" IgnoreMouse="1"/>
                <Control Class="Window" LAnchorPoint="0" LAnchorOffset="-3" TAnchorPoint="0" TAnchorOffset="0" RAnchorPoint="1" RAnchorOffset="-3" BAnchorPoint="1" BAnchorOffset="-70" RelativeToClient="1" Font="CRB_InterfaceLarge_B" Sprite="WhiteFill" Template="Default" Name="Label" TextColor="UI_TextHoloBodyHighlight" DT_RIGHT="0" DT_CENTER="1" DT_VCENTER="0" NewControlDepth="1" BGColor="UI_TextHoloBodyHighlight" TextId="FloatText_HubCompletedLabel" Text="" TooltipColor=""/>
                <Control Class="Window" LAnchorPoint="0" LAnchorOffset="-3" TAnchorPoint="0" TAnchorOffset="21" RAnchorPoint="1" RAnchorOffset="-3" BAnchorPoint="1" BAnchorOffset="-14" RelativeToClient="1" Font="CRB_HeaderGigantic_O" Sprite="WhiteFill" Template="Default" Name="Text" TextColor="UI_WindowTitleYellow" DT_RIGHT="0" DT_CENTER="1" DT_VCENTER="1" NewControlDepth="1" BGColor="UI_TextHoloBodyHighlight" TextId="CRB_Window" TooltipColor=""/>
                <Control Class="Window" LAnchorPoint="0" LAnchorOffset="-10" TAnchorPoint="0" TAnchorOffset="-10" RAnchorPoint="1" RAnchorOffset="10" BAnchorPoint="1" BAnchorOffset="10" RelativeToClient="0" Font="Default" Text="" Template="Default" Name="Flash" BGColor="white" TextColor="white" Picture="1" IgnoreMouse="1" NewControlDepth="3" NoClip="1" TooltipColor=""/>
            </Control>
            <Control Class="Window" LAnchorPoint="0" LAnchorOffset="0" TAnchorPoint="0" TAnchorOffset="0" RAnchorPoint="1" RAnchorOffset="0" BAnchorPoint="1" BAnchorOffset="0" RelativeToClient="0" Font="CRB_InterfaceMedium" Sprite="" Template="Default" Name="MainContent_Path" BGColor="white" TextColor="white" RightEdgeControlsAnchor="" Picture="1" Overlapped="1" DT_CENTER="0" DT_VCENTER="0" Visible="0" IgnoreMouse="1" TransitionShowHide="0" HideInEditor="1" TooltipColor="">
                <Control Class="Window" LAnchorPoint="0" LAnchorOffset="50" TAnchorPoint="0" TAnchorOffset="3" RAnchorPoint="1" RAnchorOffset="-50" BAnchorPoint="1" BAnchorOffset="3" RelativeToClient="1" Font="Default" Text="" Template="Default" Name="BackerSprite" BGColor="UI_AlphaPercent85" TextColor="white" Sprite="CRB_NumberFloaters:sprFloater_BackerCritical" Picture="1" IgnoreMouse="1" Visible="1" TooltipColor=""/>
                <Control Class="Window" LAnchorPoint="0" LAnchorOffset="37" TAnchorPoint="0" TAnchorOffset="16" RAnchorPoint="1" RAnchorOffset="-499" BAnchorPoint="1" BAnchorOffset="-12" RelativeToClient="1" Font="Default" Text="" Template="Default" Name="BackerSprite2" BGColor="UI_AlphaPercent85" TextColor="white" Sprite="ClientSprites:Icon_Windows_UI_CRB_Colonist" Picture="1" IgnoreMouse="1" TooltipColor=""/>
                <Control Class="Window" LAnchorPoint="0" LAnchorOffset="-3" TAnchorPoint="0" TAnchorOffset="18" RAnchorPoint="1" RAnchorOffset="-3" BAnchorPoint="1" BAnchorOffset="-17" RelativeToClient="1" Font="CRB_HeaderGigantic_O" Sprite="WhiteFill" Template="Default" Name="Text" TextColor="UI_WindowTitleYellow" DT_RIGHT="0" DT_CENTER="1" DT_VCENTER="1" NewControlDepth="1" BGColor="white" TextId="" Text="Welcome to Path Level 88" TooltipColor=""/>
                <Control Class="Window" LAnchorPoint="0" LAnchorOffset="-10" TAnchorPoint="0" TAnchorOffset="-10" RAnchorPoint="1" RAnchorOffset="10" BAnchorPoint="1" BAnchorOffset="10" RelativeToClient="0" Font="Default" Text="" Template="Default" Name="Flash" BGColor="white" TextColor="white" Picture="1" IgnoreMouse="1" NewControlDepth="3" NoClip="1"/>
            </Control>
            <Control Class="Window" LAnchorPoint="0" LAnchorOffset="0" TAnchorPoint="0" TAnchorOffset="0" RAnchorPoint="1" RAnchorOffset="0" BAnchorPoint="1" BAnchorOffset="0" RelativeToClient="0" Font="CRB_InterfaceMedium" Sprite="" Template="Default" Name="MainContent_PathEpisode" BGColor="white" TextColor="white" RightEdgeControlsAnchor="" Picture="1" Overlapped="1" DT_CENTER="0" DT_VCENTER="0" Visible="0" IgnoreMouse="1" TransitionShowHide="0" HideInEditor="1" TooltipColor="">
                <Control Class="Window" LAnchorPoint="0" LAnchorOffset="80" TAnchorPoint="0" TAnchorOffset="-9" RAnchorPoint="1" RAnchorOffset="-80" BAnchorPoint="1" BAnchorOffset="-4" RelativeToClient="1" Font="Default" Text="" Template="Default" Name="BackerSprite" BGColor="white" TextColor="white" Sprite="CRB_Basekit:kitBase_HoloBlue_TinyLitCorners" Picture="1" IgnoreMouse="1" Visible="1" NoClip="1">
                    <Control Class="Window" LAnchorPoint="0" LAnchorOffset="18" TAnchorPoint="0" TAnchorOffset="18" RAnchorPoint="1" RAnchorOffset="-17" BAnchorPoint="1" BAnchorOffset="-18" RelativeToClient="1" Font="Default" Text="" Template="Default" Name="BackerOverlay" BGColor="white" TextColor="white" Picture="1" IgnoreMouse="1" Sprite="CRB_Basekit:kitAccent_Scanlines"/>
                </Control>
                <Control Class="Window" LAnchorPoint="0" LAnchorOffset="105" TAnchorPoint="0" TAnchorOffset="11" RAnchorPoint="1" RAnchorOffset="-437" BAnchorPoint="1" BAnchorOffset="-23" RelativeToClient="1" Font="Default" Text="" Template="Default" Name="BackerSprite2" BGColor="UI_AlphaPercent85" TextColor="white" Sprite="ClientSprites:Icon_Windows_UI_CRB_Colonist" Picture="1" IgnoreMouse="1" NewControlDepth="5"/>
                <Control Class="Window" LAnchorPoint="0" LAnchorOffset="51" TAnchorPoint="1" TAnchorOffset="-54" RAnchorPoint="1" RAnchorOffset="-50" BAnchorPoint="1" BAnchorOffset="-31" RelativeToClient="1" Font="CRB_HeaderLarge" Sprite="WhiteFill" Template="Default" Name="Text2" TextColor="UI_TextHoloTitle" DT_RIGHT="0" DT_CENTER="1" DT_VCENTER="0" NewControlDepth="1" BGColor="white" TextId="FloatText_AllMissionsCompleted" Text="" TooltipColor=""/>
                <Control Class="Window" LAnchorPoint="0" LAnchorOffset="51" TAnchorPoint="0" TAnchorOffset="12" RAnchorPoint="1" RAnchorOffset="-50" BAnchorPoint="0" BAnchorOffset="37" RelativeToClient="1" Font="CRB_HeaderMedium" Sprite="WhiteFill" Template="Default" Name="Text" TextColor="white" DT_RIGHT="0" DT_CENTER="1" DT_VCENTER="0" NewControlDepth="1" BGColor="white" TextId="FloatText_AllMissionsCompleted" Text="" DT_BOTTOM="1" TooltipColor=""/>
                <Control Class="Window" LAnchorPoint="0" LAnchorOffset="53" TAnchorPoint="0" TAnchorOffset="-10" RAnchorPoint="1" RAnchorOffset="-88" BAnchorPoint="1" BAnchorOffset="10" RelativeToClient="0" Font="Default" Text="" Template="Default" Name="Flash" BGColor="white" TextColor="white" Picture="1" IgnoreMouse="1" NewControlDepth="3" NoClip="1" HideInEditor="1" NewWindowDepth="1"/>
            </Control>
            <Control Class="Window" LAnchorPoint="0" LAnchorOffset="0" TAnchorPoint="0" TAnchorOffset="0" RAnchorPoint="1" RAnchorOffset="0" BAnchorPoint="1" BAnchorOffset="0" RelativeToClient="0" Font="CRB_InterfaceMedium" Sprite="" Template="Default" Name="MainContent_Achievement" BGColor="white" TextColor="white" RightEdgeControlsAnchor="" Picture="1" Overlapped="1" DT_CENTER="0" DT_VCENTER="0" Visible="0" IgnoreMouse="1" TransitionShowHide="0" HideInEditor="1" TooltipColor="">
                <Control Class="Window" LAnchorPoint="0" LAnchorOffset="80" TAnchorPoint="0" TAnchorOffset="-2" RAnchorPoint="1" RAnchorOffset="-80" BAnchorPoint="1" BAnchorOffset="2" RelativeToClient="1" Font="Default" Text="" Template="Default" Name="BackerSprite" BGColor="white" TextColor="white" Sprite="CRB_Basekit:kitBase_HoloBlue_TinyLitCorners" Picture="1" IgnoreMouse="1" Visible="1" NoClip="1">
                    <Control Class="Window" LAnchorPoint="0" LAnchorOffset="18" TAnchorPoint="0" TAnchorOffset="19" RAnchorPoint="1" RAnchorOffset="-17" BAnchorPoint="1" BAnchorOffset="-17" RelativeToClient="1" Font="Default" Text="" Template="Default" Name="BackerOverlay" BGColor="white" TextColor="white" Picture="1" IgnoreMouse="1" Sprite="CRB_Basekit:kitAccent_Scanlines" NewWindowDepth="0"/>
                </Control>
                <Control Class="Window" LAnchorPoint="0" LAnchorOffset="50" TAnchorPoint="0" TAnchorOffset="1" RAnchorPoint="1" RAnchorOffset="-50" BAnchorPoint="1" BAnchorOffset="1" RelativeToClient="1" Font="Default" Text="" Template="Default" Name="BackerSprite" BGColor="ChannelWhisper" TextColor="white" Sprite="CRB_NumberFloaters:sprFloater_BackerNormal" Picture="1" IgnoreMouse="1" Visible="0" HideInEditor="1"/>
                <Control Class="Window" LAnchorPoint="0" LAnchorOffset="101" TAnchorPoint="0" TAnchorOffset="18" RAnchorPoint="1" RAnchorOffset="-438" BAnchorPoint="1" BAnchorOffset="-18" RelativeToClient="1" Font="Default" Text="" Template="Default" Name="BackerSprite2" BGColor="UI_AlphaPercent20" TextColor="white" Sprite="CRB_DatachronSprites:sprDC_Alert_Achievement" Picture="1" IgnoreMouse="1" NewWindowDepth="1"/>
                <Control Class="Window" LAnchorPoint="0" LAnchorOffset="-3" TAnchorPoint="0" TAnchorOffset="10" RAnchorPoint="1" RAnchorOffset="-3" BAnchorPoint="1" BAnchorOffset="-65" RelativeToClient="1" Font="CRB_InterfaceMedium_B" Sprite="WhiteFill" Template="Default" Name="Label" TextColor="white" DT_RIGHT="0" DT_CENTER="1" DT_VCENTER="0" NewControlDepth="1" BGColor="UI_TextHoloBodyHighlight" TextId="FloatText_AchievementLabel" Text="" Visible="0" HideInEditor="1" TooltipColor=""/>
                <Control Class="Window" LAnchorPoint="0" LAnchorOffset="103" TAnchorPoint="0" TAnchorOffset="14" RAnchorPoint="1" RAnchorOffset="-103" BAnchorPoint="1" BAnchorOffset="-14" RelativeToClient="1" Font="CRB_HeaderLarge" Sprite="WhiteFill" Template="Default" Name="Text" TextColor="UI_TextHoloTitle" DT_RIGHT="0" DT_CENTER="1" DT_VCENTER="1" NewControlDepth="1" BGColor="UI_TextHoloTitle" TextId="CRB_Work_in_progress_Decor_movements_wil" Text="" DT_WORDBREAK="1" IgnoreMouse="1" NewWindowDepth="1" TooltipColor=""/>
                <Control Class="Window" LAnchorPoint="0" LAnchorOffset="78" TAnchorPoint="0" TAnchorOffset="-2" RAnchorPoint="1" RAnchorOffset="-77" BAnchorPoint="1" BAnchorOffset="2" RelativeToClient="0" Font="Default" Text="" Template="Default" Name="Flash" BGColor="white" TextColor="white" Picture="1" IgnoreMouse="1" NewControlDepth="3" NoClip="1" NewWindowDepth="1"/>
            </Control>
            <Control Class="Window" LAnchorPoint="0" LAnchorOffset="0" TAnchorPoint="0" TAnchorOffset="0" RAnchorPoint="1" RAnchorOffset="0" BAnchorPoint="1" BAnchorOffset="0" RelativeToClient="0" Font="CRB_InterfaceMedium" Sprite="" Template="Default" Name="MainContent_ChallengeUnlock" BGColor="white" TextColor="white" RightEdgeControlsAnchor="" Picture="1" Overlapped="1" DT_CENTER="0" DT_VCENTER="0" Visible="0" IgnoreMouse="1" TransitionShowHide="0" HideInEditor="1" TooltipColor="">
                <Control Class="Window" LAnchorPoint="0" LAnchorOffset="80" TAnchorPoint="0" TAnchorOffset="-9" RAnchorPoint="1" RAnchorOffset="-80" BAnchorPoint="1" BAnchorOffset="-4" RelativeToClient="1" Font="Default" Text="" Template="Default" Name="BackerSprite" BGColor="white" TextColor="white" Sprite="CRB_Basekit:kitBase_HoloBlue_TinyLitCorners" Picture="1" IgnoreMouse="1" Visible="1" NoClip="1" TooltipColor="">
                    <Control Class="Window" LAnchorPoint="0" LAnchorOffset="18" TAnchorPoint="0" TAnchorOffset="18" RAnchorPoint="1" RAnchorOffset="-17" BAnchorPoint="1" BAnchorOffset="-18" RelativeToClient="1" Font="Default" Text="" Template="Default" Name="BackerOverlay" BGColor="white" TextColor="white" Picture="1" IgnoreMouse="1" Sprite="CRB_Basekit:kitAccent_Scanlines"/>
                </Control>
                <Control Class="Window" LAnchorPoint="0" LAnchorOffset="105" TAnchorPoint="0" TAnchorOffset="11" RAnchorPoint="1" RAnchorOffset="-437" BAnchorPoint="1" BAnchorOffset="-23" RelativeToClient="1" Font="Default" Text="" Template="Default" Name="BackerSprite2" BGColor="UI_AlphaPercent85" TextColor="white" Sprite="ClientSprites:Icon_Windows_UI_CRB_Colonist" Picture="1" IgnoreMouse="1" NewControlDepth="5" TooltipColor=""/>
                <Control Class="Window" LAnchorPoint="0" LAnchorOffset="51" TAnchorPoint="1" TAnchorOffset="-54" RAnchorPoint="1" RAnchorOffset="-50" BAnchorPoint="1" BAnchorOffset="-31" RelativeToClient="1" Font="CRB_HeaderLarge" Sprite="WhiteFill" Template="Default" Name="Text" TextColor="UI_TextHoloTitle" DT_RIGHT="0" DT_CENTER="1" DT_VCENTER="0" NewControlDepth="1" BGColor="white" TextId="FloatText_AllMissionsCompleted" Text="" TooltipColor=""/>
                <Control Class="Window" LAnchorPoint="0" LAnchorOffset="51" TAnchorPoint="0" TAnchorOffset="12" RAnchorPoint="1" RAnchorOffset="-50" BAnchorPoint="0" BAnchorOffset="37" RelativeToClient="1" Font="CRB_HeaderMedium" Sprite="WhiteFill" Template="Default" Name="Text2" TextColor="white" DT_RIGHT="0" DT_CENTER="1" DT_VCENTER="0" NewControlDepth="1" BGColor="white" TextId="ChallengeUnlockedHeader" Text="" DT_BOTTOM="1" TooltipColor=""/>
                <Control Class="Window" LAnchorPoint="0" LAnchorOffset="53" TAnchorPoint="0" TAnchorOffset="-10" RAnchorPoint="1" RAnchorOffset="-88" BAnchorPoint="1" BAnchorOffset="10" RelativeToClient="0" Font="Default" Text="" Template="Default" Name="Flash" BGColor="white" TextColor="white" Picture="1" IgnoreMouse="1" NewControlDepth="3" NoClip="1" HideInEditor="1" NewWindowDepth="1"/>
            </Control>
        </Control>
        <Control Class="Window" LAnchorPoint="0" LAnchorOffset="0" TAnchorPoint="0" TAnchorOffset="0" RAnchorPoint="1" RAnchorOffset="0" BAnchorPoint="0" BAnchorOffset="45" RelativeToClient="1" Font="CRB_FloaterSmall" Text="" Template="Default" Name="SubPanel" BGColor="white" TextColor="white" TextId="" DT_WORDBREAK="1" DT_VCENTER="1" DT_CENTER="1" IgnoreMouse="1" TransitionShowHide="1" Picture="0" Sprite="WhiteFill" HideInEditor="0" TooltipColor="">
            <Control Class="Window" LAnchorPoint="0" LAnchorOffset="0" TAnchorPoint="0" TAnchorOffset="0" RAnchorPoint="1" RAnchorOffset="0" BAnchorPoint="1" BAnchorOffset="0" RelativeToClient="1" Font="Default" Text="" Template="Default" Name="SubContent_Objective" BGColor="white" TextColor="white" HideInEditor="1" Visible="0" IgnoreMouse="1" DoNotBlockTooltip="1" TooltipColor="" Tooltip="">
                <Control Class="Window" LAnchorPoint="0" LAnchorOffset="6" TAnchorPoint="0" TAnchorOffset="-12" RAnchorPoint="1" RAnchorOffset="-6" BAnchorPoint="1" BAnchorOffset="12" RelativeToClient="1" Font="Default" Text="" Template="Default" Name="Backer" BGColor="UI_AlphaPercent60" TextColor="white" Picture="1" IgnoreMouse="1" Sprite="CRB_NumberFloaters:sprFloater_BackerNormal" NoClip="1" Visible="0"/>
                <Control Class="MLWindow" LAnchorPoint="0" LAnchorOffset="0" TAnchorPoint="0" TAnchorOffset="0" RAnchorPoint="1" RAnchorOffset="0" BAnchorPoint="1" BAnchorOffset="0" RelativeToClient="1" Font="CRB_InterfaceLarge_B" Text="" Template="Default" Name="Text" BGColor="white" TextColor="white" TextId="CRB_Quest" DT_WORDBREAK="1" DT_VCENTER="1" DT_CENTER="1" IgnoreLinks="1" IgnoreMouse="1" DoNotBlockTooltip="1"/>
            </Control>
            <Control Class="Window" LAnchorPoint="0" LAnchorOffset="0" TAnchorPoint="0" TAnchorOffset="0" RAnchorPoint="1" RAnchorOffset="0" BAnchorPoint="1" BAnchorOffset="0" RelativeToClient="1" Font="Default" Text="" Template="Default" Name="SubContent_Title" BGColor="white" TextColor="white" HideInEditor="1" Visible="0" IgnoreMouse="1" DoNotBlockTooltip="1" TooltipColor="" Tooltip="">
                <Control Class="Window" LAnchorPoint="0" LAnchorOffset="52" TAnchorPoint="0" TAnchorOffset="-12" RAnchorPoint="1" RAnchorOffset="-36" BAnchorPoint="1" BAnchorOffset="12" RelativeToClient="1" Font="Default" Text="" Template="Default" Name="Backer" BGColor="ChatAccountWisper" TextColor="white" Picture="1" IgnoreMouse="1" Sprite="CRB_NumberFloaters:sprFloater_BackerNormal" NoClip="1" Visible="0" HideInEditor="1"/>
                <Control Class="Window" LAnchorPoint="0" LAnchorOffset="90" TAnchorPoint="0" TAnchorOffset="0" RAnchorPoint="1" RAnchorOffset="-90" BAnchorPoint="1" BAnchorOffset="0" RelativeToClient="1" Font="CRB_InterfaceLarge_BO" Text="" Template="Default" Name="Text" BGColor="white" TextColor="UI_WindowTitleYellow" TextId="QuestShareReceiveFailTooLowLevel" DT_WORDBREAK="1" DT_VCENTER="1" DT_CENTER="1" IgnoreMouse="1" DoNotBlockTooltip="1"/>
                <Control Class="Window" LAnchorPoint="0" LAnchorOffset="47" TAnchorPoint="0" TAnchorOffset="2" RAnchorPoint="0" RAnchorOffset="104" BAnchorPoint="1" BAnchorOffset="7" RelativeToClient="1" Font="Default" Text="" Template="Default" Name="Icon" BGColor="UI_AlphaPercent50" TextColor="white" Picture="1" IgnoreMouse="1" Sprite="ClientSprites:AlertSprites_UI_achievement"/>
            </Control>
            <Control Class="Window" LAnchorPoint="0" LAnchorOffset="0" TAnchorPoint="0" TAnchorOffset="0" RAnchorPoint="1" RAnchorOffset="0" BAnchorPoint="1" BAnchorOffset="0" RelativeToClient="1" Font="Default" Text="" Template="Default" Name="SubContent_Mission" BGColor="white" TextColor="white" HideInEditor="1" Visible="0" IgnoreMouse="1" DoNotBlockTooltip="1" TooltipColor="">
                <Control Class="Window" LAnchorPoint="0" LAnchorOffset="6" TAnchorPoint="0" TAnchorOffset="-12" RAnchorPoint="1" RAnchorOffset="-6" BAnchorPoint="1" BAnchorOffset="12" RelativeToClient="1" Font="Default" Text="" Template="Default" Name="Backer" BGColor="UI_AlphaPercent60" TextColor="white" Picture="1" IgnoreMouse="1" Sprite="CRB_NumberFloaters:sprFloater_BackerNormal" NoClip="1" Visible="0"/>
                <Control Class="MLWindow" LAnchorPoint="0" LAnchorOffset="0" TAnchorPoint="0" TAnchorOffset="0" RAnchorPoint="1" RAnchorOffset="0" BAnchorPoint="1" BAnchorOffset="0" RelativeToClient="1" Font="CRB_InterfaceLarge_B" Text="" Template="Default" Name="Text" BGColor="white" TextColor="white" TextId="CRB_Quest" DT_WORDBREAK="1" DT_VCENTER="1" DT_CENTER="1" IgnoreLinks="1" IgnoreMouse="1" DoNotBlockTooltip="1"/>
            </Control>
            <Control Class="Window" LAnchorPoint="0" LAnchorOffset="0" TAnchorPoint="0" TAnchorOffset="0" RAnchorPoint="1" RAnchorOffset="0" BAnchorPoint="1" BAnchorOffset="0" RelativeToClient="1" Font="Default" Text="" Template="Default" Name="SubContent_MissionUnlock" BGColor="white" TextColor="white" HideInEditor="0" Visible="0" IgnoreMouse="1" DoNotBlockTooltip="1" TooltipColor="">
                <Control Class="Window" LAnchorPoint="0" LAnchorOffset="110" TAnchorPoint="0" TAnchorOffset="0" RAnchorPoint="1" RAnchorOffset="-110" BAnchorPoint="1" BAnchorOffset="11" RelativeToClient="1" Font="Default" Text="" Template="Default" Name="Backer" BGColor="white" TextColor="white" Picture="1" IgnoreMouse="1" Sprite="CRB_Basekit:kitBase_HoloBlue_InsetSimple" NoClip="1" Visible="1" TooltipColor=""/>
                <Control Class="Window" LAnchorPoint="0" LAnchorOffset="120" TAnchorPoint="0" TAnchorOffset="4" RAnchorPoint="1" RAnchorOffset="-120" BAnchorPoint="0" BAnchorOffset="24" RelativeToClient="1" Font="CRB_Dialog" Text="" Template="Default" Name="TextLabel" BGColor="white" TextColor="UI_TextHoloTitle" DT_VCENTER="0" DT_CENTER="1" TextId="FloatText_MissionUnlocked" TooltipColor=""/>
                <Control Class="MLWindow" LAnchorPoint="0" LAnchorOffset="140" TAnchorPoint="0" TAnchorOffset="24" RAnchorPoint="1" RAnchorOffset="-140" BAnchorPoint="0" BAnchorOffset="44" RelativeToClient="1" Font="CRB_InterfaceMedium" Text="" Template="Default" Name="Text" BGColor="white" TextColor="UI_TextHoloTitle" TextId="Challenges_NoProgress" DT_WORDBREAK="1" DT_VCENTER="0" DT_CENTER="0" IgnoreLinks="1" IgnoreMouse="1" DoNotBlockTooltip="1" TooltipColor=""/>
            </Control>
        </Control>
    </Form>
    <Form Class="Window" LAnchorPoint=".5" LAnchorOffset="-300" TAnchorPoint="0.25" TAnchorOffset="25" RAnchorPoint=".5" RAnchorOffset="300" BAnchorPoint="0.25" BAnchorOffset="117" RelativeToClient="0" Font="Default" Text="" Template="Default" Name="FloaterPanelLower" Border="0" Picture="0" SwallowMouseClicks="1" Moveable="0" Escapable="0" Overlapped="0" BGColor="UI_AlphaPercent5" TextColor="white" NeverBringToFront="1" IgnoreMouse="1" Sprite="WhiteFill" TooltipColor="" Tooltip="">
        <Control Class="Window" LAnchorPoint=".5" LAnchorOffset="-252" TAnchorPoint=".5" TAnchorOffset="-140" RAnchorPoint=".5" RAnchorOffset="252" BAnchorPoint=".5" BAnchorOffset="140" RelativeToClient="1" Font="Default" Text="" Template="Default" TooltipType="OnCursor" Name="AnimationBacker" BGColor="white" TextColor="white" TooltipColor="" IgnoreMouse="1" NoClip="1">
            <Control Class="Window" LAnchorPoint="0" LAnchorOffset="0" TAnchorPoint="0" TAnchorOffset="0" RAnchorPoint="1" RAnchorOffset="0" BAnchorPoint="1" BAnchorOffset="0" RelativeToClient="1" Font="Default" Text="" Template="Default" TooltipType="OnCursor" Name="Anim_OpenBurst" BGColor="white" TextColor="white" TooltipColor="" Picture="1" IgnoreMouse="1" Sprite="CRB_Anim_WindowBirth:Burst_Open" NoClip="0" HideInEditor="1"/>
            <Control Class="Window" LAnchorPoint="0" LAnchorOffset="94" TAnchorPoint="0" TAnchorOffset="-135" RAnchorPoint="1" RAnchorOffset="-86" BAnchorPoint="1" BAnchorOffset="125" RelativeToClient="1" Font="Default" Text="" Template="Default" TooltipType="OnCursor" Name="Anim_CloseBurst" BGColor="white" TextColor="white" TooltipColor="" Picture="1" IgnoreMouse="1" Sprite="CRB_Anim_WindowBirth:Burst_Close" NoClip="0" HideInEditor="1"/>
            <Control Class="Window" LAnchorPoint=".5" LAnchorOffset="-256" TAnchorPoint=".5" TAnchorOffset="-88" RAnchorPoint=".5" RAnchorOffset="256" BAnchorPoint=".5" BAnchorOffset="88" RelativeToClient="1" Font="Default" Text="" Template="Default" TooltipType="OnCursor" Name="Anim_MessageBacker" BGColor="white" TextColor="white" TooltipColor="" Picture="1" IgnoreMouse="1" Sprite="CRB_Anim_WindowBirth:BracketLoop"/>
        </Control>
        <Control Class="Window" LAnchorPoint="0" LAnchorOffset="0" TAnchorPoint="0" TAnchorOffset="0" RAnchorPoint="1" RAnchorOffset="0" BAnchorPoint="1" BAnchorOffset="0" RelativeToClient="1" Font="Default" Text="" Template="Default" Name="MainPanel" BGColor="white" TextColor="white" Picture="0" IgnoreMouse="1" Sprite="WhiteFill" TransitionShowHide="1" TooltipColor="">
            <Control Class="Window" LAnchorPoint="0" LAnchorOffset="90" TAnchorPoint="0" TAnchorOffset="0" RAnchorPoint="1" RAnchorOffset="-90" BAnchorPoint="1" BAnchorOffset="0" RelativeToClient="0" Font="CRB_InterfaceMedium" Sprite="" Template="Default" Name="MainContent_Episode" BGColor="white" TextColor="white" RightEdgeControlsAnchor="" Picture="1" Overlapped="1" DT_CENTER="0" DT_VCENTER="0" Visible="0" IgnoreMouse="1" TransitionShowHide="0" HideInEditor="1" TooltipColor="" Text="">
                <Control Class="Window" LAnchorPoint="0" LAnchorOffset="-3" TAnchorPoint="0" TAnchorOffset="10" RAnchorPoint="1" RAnchorOffset="3" BAnchorPoint="1" BAnchorOffset="-60" RelativeToClient="1" Font="CRB_HeaderMedium" Sprite="WhiteFill" Template="Default" Name="Label" TextColor="UI_TextHoloTitle" DT_RIGHT="0" DT_CENTER="1" DT_VCENTER="0" NewControlDepth="1" BGColor="UI_TextHoloBodyHighlight" TextId="FloatText_EpisodeUnlocked" Text="" TooltipColor=""/>
                <Control Class="Window" LAnchorPoint="0" LAnchorOffset="5" TAnchorPoint="0" TAnchorOffset="17" RAnchorPoint="1" RAnchorOffset="-3" BAnchorPoint="1" BAnchorOffset="-11" RelativeToClient="1" Font="CRB_InterfaceMedium" Sprite="WhiteFill" Template="Default" Name="Text" TextColor="UI_TextHoloBodyHighlight" DT_RIGHT="0" DT_CENTER="1" DT_VCENTER="1" NewControlDepth="1" BGColor="white" TextId="CRB_Would_you_like_to_save_the_current_s_1" TooltipColor="" DT_WORDBREAK="1" Text="" IgnoreMouse="1" AutoScaleText="1"/>
            </Control>
            <Control Class="Window" LAnchorPoint="0" LAnchorOffset="80" TAnchorPoint="0" TAnchorOffset="0" RAnchorPoint="1" RAnchorOffset="-83" BAnchorPoint="1" BAnchorOffset="0" RelativeToClient="0" Font="CRB_InterfaceMedium" Sprite="" Template="Default" Name="MainContent_Zone" BGColor="white" TextColor="white" RightEdgeControlsAnchor="" Picture="1" Overlapped="1" DT_CENTER="0" DT_VCENTER="0" Visible="0" IgnoreMouse="1" TransitionShowHide="0" HideInEditor="1" TooltipColor="">
                <Control Class="Window" LAnchorPoint="0" LAnchorOffset="5" TAnchorPoint="0" TAnchorOffset="5" RAnchorPoint="0" RAnchorOffset="89" BAnchorPoint="1" BAnchorOffset="-8" RelativeToClient="1" Font="Default" Text="" Template="Default" Name="BackerSprite2" BGColor="UI_AlphaPercent30" TextColor="white" Sprite="ClientSprites:AlertSprites_UI_explorer" Picture="1" IgnoreMouse="1" TooltipColor="" Visible="0" HideInEditor="1"/>
                <Control Class="Window" LAnchorPoint="0" LAnchorOffset="-3" TAnchorPoint="0" TAnchorOffset="12" RAnchorPoint="1" RAnchorOffset="-3" BAnchorPoint="1" BAnchorOffset="-58" RelativeToClient="1" Font="CRB_HeaderMedium" Sprite="WhiteFill" Template="Default" Name="Label" TextColor="UI_TextHoloTitle" DT_RIGHT="0" DT_CENTER="1" DT_VCENTER="0" NewControlDepth="1" BGColor="UI_TextHoloBodyHighlight" TextId="FloatText_ZoneUncovered" Text="" TooltipColor=""/>
                <Control Class="Window" LAnchorPoint="0" LAnchorOffset="-3" TAnchorPoint="0" TAnchorOffset="24" RAnchorPoint="1" RAnchorOffset="-3" BAnchorPoint="1" BAnchorOffset="-14" RelativeToClient="1" Font="CRB_InterfaceMedium" Sprite="WhiteFill" Template="Default" Name="Text" TextColor="UI_TextHoloBodyHighlight" DT_RIGHT="0" DT_CENTER="1" DT_VCENTER="1" NewControlDepth="1" BGColor="white" TextId="CRB_Window" TooltipColor="" HideInEditor="1" IgnoreMouse="1" AutoScaleText="1"/>
            </Control>
            <Control Class="Window" LAnchorPoint="0" LAnchorOffset="0" TAnchorPoint="0" TAnchorOffset="0" RAnchorPoint="1" RAnchorOffset="0" BAnchorPoint="1" BAnchorOffset="0" RelativeToClient="0" Font="CRB_InterfaceMedium" Sprite="" Template="Default" Name="MainContent_Dead" BGColor="white" TextColor="white" RightEdgeControlsAnchor="" Picture="1" Overlapped="1" DT_CENTER="0" DT_VCENTER="0" Visible="0" IgnoreMouse="1" TransitionShowHide="0" HideInEditor="1" Text="" TooltipColor="">
                <Control Class="Window" LAnchorPoint="0" LAnchorOffset="83" TAnchorPoint="0" TAnchorOffset="5" RAnchorPoint="1" RAnchorOffset="-434" BAnchorPoint="1" BAnchorOffset="-10" RelativeToClient="1" Font="Default" Text="" Template="Default" Name="BackerSprite2" BGColor="UI_AlphaPercent30" TextColor="white" Sprite="ClientSprites:Icon_CCStates_vulnerable" Picture="1" IgnoreMouse="1" HideInEditor="0" TooltipColor="" Visible="0"/>
                <Control Class="Window" LAnchorPoint="0" LAnchorOffset="0" TAnchorPoint="0" TAnchorOffset="0" RAnchorPoint="1" RAnchorOffset="0" BAnchorPoint="1" BAnchorOffset="-5" RelativeToClient="1" Font="CRB_HeaderGigantic_O" Sprite="WhiteFill" Template="Default" Name="Text" TextColor="white" DT_RIGHT="0" DT_CENTER="1" DT_VCENTER="1" NewControlDepth="1" BGColor="white" TextId="Player_Dead" Text="" TooltipColor="" IgnoreMouse="1" AutoScaleText="1"/>
            </Control>
            <Control Class="Window" LAnchorPoint="0" LAnchorOffset="0" TAnchorPoint="0" TAnchorOffset="0" RAnchorPoint="1" RAnchorOffset="0" BAnchorPoint="1" BAnchorOffset="0" RelativeToClient="0" Font="CRB_InterfaceMedium" Sprite="" Template="Default" Name="MainContent_Level" BGColor="white" TextColor="white" RightEdgeControlsAnchor="" Picture="1" Overlapped="1" DT_CENTER="0" DT_VCENTER="0" Visible="0" IgnoreMouse="1" TransitionShowHide="0" HideInEditor="1" TooltipColor="">
                <Control Class="Window" LAnchorPoint="0" LAnchorOffset="86" TAnchorPoint="0" TAnchorOffset="0" RAnchorPoint="1" RAnchorOffset="-424" BAnchorPoint="1" BAnchorOffset="-10" RelativeToClient="1" Font="Default" Text="" Template="Default" Name="BackerSprite2" BGColor="UI_AlphaPercent30" TextColor="white" Sprite="ClientSprites:Icon_CCStates_Stun" Picture="1" IgnoreMouse="1" TooltipColor="" Visible="0" HideInEditor="1"/>
                <Control Class="Window" LAnchorPoint="0" LAnchorOffset="0" TAnchorPoint="0" TAnchorOffset="0" RAnchorPoint="1" RAnchorOffset="0" BAnchorPoint="1" BAnchorOffset="-5" RelativeToClient="1" Font="CRB_HeaderGigantic_O" Sprite="WhiteFill" Template="Default" Name="Text" TextColor="xkcdButter" DT_RIGHT="0" DT_CENTER="1" DT_VCENTER="1" NewControlDepth="1" BGColor="white" TextId="" Text="Welcome to Level 88" TooltipColor=""/>
            </Control>
            <Control Class="Window" LAnchorPoint="0" LAnchorOffset="90" TAnchorPoint="0" TAnchorOffset="0" RAnchorPoint="1" RAnchorOffset="-90" BAnchorPoint="1" BAnchorOffset="0" RelativeToClient="0" Font="CRB_InterfaceMedium" Sprite="" Template="Default" Name="MainContent_Settler" BGColor="white" TextColor="white" RightEdgeControlsAnchor="" Picture="1" Overlapped="1" DT_CENTER="0" DT_VCENTER="0" Visible="0" IgnoreMouse="1" TransitionShowHide="0" HideInEditor="1" Text="" TooltipColor="">
                <Control Class="Window" LAnchorPoint="0" LAnchorOffset="10" TAnchorPoint="0" TAnchorOffset="15" RAnchorPoint="0" RAnchorOffset="70" BAnchorPoint="1" BAnchorOffset="-19" RelativeToClient="1" Font="Default" Text="" Template="Default" Name="BackerSprite2" BGColor="UI_AlphaPercent30" TextColor="white" Sprite="ClientSprites:Icon_Windows_UI_CRB_Colonist" Picture="1" IgnoreMouse="1" TooltipColor="" Visible="1" HideInEditor="0"/>
                <Control Class="Window" LAnchorPoint="0" LAnchorOffset="-3" TAnchorPoint="0" TAnchorOffset="10" RAnchorPoint="1" RAnchorOffset="-3" BAnchorPoint="1" BAnchorOffset="-60" RelativeToClient="1" Font="CRB_HeaderMedium" Sprite="WhiteFill" Template="Default" Name="Label" TextColor="UI_TextHoloTitle" DT_RIGHT="0" DT_CENTER="1" DT_VCENTER="0" NewControlDepth="1" BGColor="UI_TextHoloBodyHighlight" TextId="FloatText_SettlerHubComplete" Text="" TooltipColor="" Tooltip=""/>
                <Control Class="Window" LAnchorPoint="0" LAnchorOffset="3" TAnchorPoint="0" TAnchorOffset="26" RAnchorPoint="1" RAnchorOffset="-4" BAnchorPoint="1" BAnchorOffset="-14" RelativeToClient="1" Font="CRB_InterfaceMedium" Sprite="WhiteFill" Template="Default" Name="Text" TextColor="UI_TextHoloBodyHighlight" DT_RIGHT="0" DT_CENTER="1" DT_VCENTER="1" NewControlDepth="1" BGColor="white" TextId="" TooltipColor="" DT_WORDBREAK="1" Text="" IgnoreMouse="1" AutoScaleText="1"/>
            </Control>
            <Control Class="Window" LAnchorPoint="0" LAnchorOffset="0" TAnchorPoint="0" TAnchorOffset="0" RAnchorPoint="1" RAnchorOffset="0" BAnchorPoint="1" BAnchorOffset="0" RelativeToClient="0" Font="CRB_InterfaceMedium" Sprite="" Template="Default" Name="MainContent_Path" BGColor="white" TextColor="white" RightEdgeControlsAnchor="" Picture="1" Overlapped="1" DT_CENTER="0" DT_VCENTER="0" Visible="0" IgnoreMouse="1" TransitionShowHide="0" HideInEditor="1" TooltipColor="">
                <Control Class="Window" LAnchorPoint="0" LAnchorOffset="93" TAnchorPoint="0" TAnchorOffset="12" RAnchorPoint="1" RAnchorOffset="-443" BAnchorPoint="1" BAnchorOffset="-16" RelativeToClient="1" Font="Default" Text="" Template="Default" Name="BackerSprite2" BGColor="UI_AlphaPercent60" TextColor="white" Sprite="ClientSprites:Icon_Windows_UI_CRB_Colonist" Picture="1" IgnoreMouse="1" TooltipColor="" Visible="0" HideInEditor="0"/>
                <Control Class="Window" LAnchorPoint="0" LAnchorOffset="0" TAnchorPoint="0" TAnchorOffset="0" RAnchorPoint="1" RAnchorOffset="0" BAnchorPoint="1" BAnchorOffset="-5" RelativeToClient="1" Font="CRB_HeaderHuge_O" Sprite="WhiteFill" Template="Default" Name="Text" TextColor="UI_TextHoloBodyHighlight" DT_RIGHT="0" DT_CENTER="1" DT_VCENTER="1" NewControlDepth="1" BGColor="white" TextId="Challenges_NoProgress" Text="" TooltipColor=""/>
            </Control>
            <Control Class="Window" LAnchorPoint="0" LAnchorOffset="90" TAnchorPoint="0" TAnchorOffset="0" RAnchorPoint="1" RAnchorOffset="-90" BAnchorPoint="1" BAnchorOffset="0" RelativeToClient="0" Font="CRB_InterfaceMedium" Sprite="" Template="Default" Name="MainContent_PathEpisode" BGColor="white" TextColor="white" RightEdgeControlsAnchor="" Picture="1" Overlapped="1" DT_CENTER="0" DT_VCENTER="0" Visible="0" IgnoreMouse="1" TransitionShowHide="0" HideInEditor="1" TooltipColor="" Text="">
                <Control Class="Window" LAnchorPoint="0" LAnchorOffset="105" TAnchorPoint="0" TAnchorOffset="11" RAnchorPoint="1" RAnchorOffset="-437" BAnchorPoint="1" BAnchorOffset="-23" RelativeToClient="1" Font="Default" Text="" Template="Default" Name="BackerSprite2" BGColor="UI_AlphaPercent85" TextColor="white" Sprite="ClientSprites:Icon_Windows_UI_CRB_Colonist" Picture="1" IgnoreMouse="1" NewControlDepth="5" TooltipColor="" Visible="0" HideInEditor="1"/>
                <Control Class="Window" LAnchorPoint="0" LAnchorOffset="1" TAnchorPoint="0" TAnchorOffset="25" RAnchorPoint="1" RAnchorOffset="-3" BAnchorPoint="1" BAnchorOffset="-15" RelativeToClient="1" Font="CRB_InterfaceMedium" Sprite="WhiteFill" Template="Default" Name="Text" TextColor="UI_TextHoloBodyHighlight" DT_RIGHT="0" DT_CENTER="1" DT_VCENTER="1" NewControlDepth="1" BGColor="white" TextId="" Text="" TooltipColor="" DT_WORDBREAK="1" IgnoreMouse="1" AutoScaleText="1"/>
                <Control Class="Window" LAnchorPoint="0" LAnchorOffset="-3" TAnchorPoint="0" TAnchorOffset="10" RAnchorPoint="1" RAnchorOffset="3" BAnchorPoint="1" BAnchorOffset="-60" RelativeToClient="1" Font="CRB_HeaderMedium" Sprite="WhiteFill" Template="Default" Name="Text2" TextColor="UI_TextHoloTitle" DT_RIGHT="0" DT_CENTER="1" DT_VCENTER="0" NewControlDepth="1" BGColor="white" TextId="FloatText_AllMissionsCompleted" Text="" DT_BOTTOM="0" TooltipColor=""/>
            </Control>
            <Control Class="Window" LAnchorPoint="0" LAnchorOffset="90" TAnchorPoint="0" TAnchorOffset="0" RAnchorPoint="1" RAnchorOffset="-90" BAnchorPoint="1" BAnchorOffset="0" RelativeToClient="0" Font="CRB_InterfaceMedium" Sprite="" Template="Default" Name="MainContent_Achievement" BGColor="white" TextColor="white" RightEdgeControlsAnchor="" Picture="1" Overlapped="1" DT_CENTER="0" DT_VCENTER="0" Visible="0" IgnoreMouse="1" TransitionShowHide="0" HideInEditor="1" TooltipColor="">
                <Control Class="Window" LAnchorPoint="0" LAnchorOffset="8" TAnchorPoint="0" TAnchorOffset="15" RAnchorPoint="0" RAnchorOffset="70" BAnchorPoint="1" BAnchorOffset="-21" RelativeToClient="1" Font="Default" Text="" Template="Default" Name="BackerSprite2" BGColor="UI_AlphaPercent30" TextColor="white" Sprite="CRB_DatachronSprites:sprDC_Alert_Achievement" Picture="1" IgnoreMouse="1" NewWindowDepth="1" TooltipColor="" Visible="0" HideInEditor="1"/>
                <Control Class="Window" LAnchorPoint="0" LAnchorOffset="-3" TAnchorPoint="0" TAnchorOffset="10" RAnchorPoint="1" RAnchorOffset="-3" BAnchorPoint="1" BAnchorOffset="-60" RelativeToClient="1" Font="CRB_HeaderMedium" Sprite="WhiteFill" Template="Default" Name="Label" TextColor="UI_TextHoloTitle" DT_RIGHT="0" DT_CENTER="1" DT_VCENTER="0" NewControlDepth="1" BGColor="UI_TextHoloTitle" TextId="CombatFloaterType_Achievement" Text="" Visible="1" HideInEditor="0" TooltipColor=""/>
                <Control Class="Window" LAnchorPoint="0" LAnchorOffset="0" TAnchorPoint="0" TAnchorOffset="30" RAnchorPoint="1" RAnchorOffset="0" BAnchorPoint="1" BAnchorOffset="-12" RelativeToClient="1" Font="CRB_HeaderSmall" Sprite="WhiteFill" Template="Default" Name="Text" TextColor="white" DT_RIGHT="0" DT_CENTER="1" DT_VCENTER="0" NewControlDepth="1" BGColor="UI_TextHoloTitle" TextId="Challenges_NoProgress" Text="" DT_WORDBREAK="1" IgnoreMouse="1" NewWindowDepth="1" TooltipColor="" HideInEditor="0" Tooltip="" AutoScaleText="1"/>
            </Control>
            <Control Class="Window" LAnchorPoint="0" LAnchorOffset="90" TAnchorPoint="0" TAnchorOffset="0" RAnchorPoint="1" RAnchorOffset="-90" BAnchorPoint="1" BAnchorOffset="0" RelativeToClient="0" Font="CRB_InterfaceMedium" Sprite="" Template="Default" Name="MainContent_ChallengeUnlock" BGColor="white" TextColor="white" RightEdgeControlsAnchor="" Picture="1" Overlapped="1" DT_CENTER="0" DT_VCENTER="0" Visible="0" IgnoreMouse="1" TransitionShowHide="0" HideInEditor="1" TooltipColor="">
                <Control Class="Window" LAnchorPoint="0" LAnchorOffset="4" TAnchorPoint="0" TAnchorOffset="7" RAnchorPoint="0" RAnchorOffset="71" BAnchorPoint="1" BAnchorOffset="-15" RelativeToClient="1" Font="Default" Text="" Template="Default" Name="BackerSprite2" BGColor="UI_AlphaPercent30" TextColor="white" Sprite="CRB_ChallengeTrackerSprites:sprChallengeTypeGenericLarge" Picture="1" IgnoreMouse="1" NewControlDepth="5" TooltipColor="" Visible="1" HideInEditor="0"/>
                <Control Class="Window" LAnchorPoint="0" LAnchorOffset="0" TAnchorPoint="0" TAnchorOffset="26" RAnchorPoint="1" RAnchorOffset="0" BAnchorPoint="1" BAnchorOffset="-14" RelativeToClient="1" Font="CRB_InterfaceLarge_O" Sprite="WhiteFill" Template="Default" Name="Text" TextColor="UI_TextHoloBodyHighlight" DT_RIGHT="0" DT_CENTER="1" DT_VCENTER="1" NewControlDepth="1" BGColor="white" TextId="FloatText_AllMissionsCompleted" Text="" TooltipColor="" DT_WORDBREAK="1" IgnoreMouse="1" AutoScaleText="1"/>
                <Control Class="Window" LAnchorPoint="0" LAnchorOffset="51" TAnchorPoint="0" TAnchorOffset="10" RAnchorPoint="1" RAnchorOffset="-50" BAnchorPoint="0" BAnchorOffset="35" RelativeToClient="1" Font="CRB_HeaderMedium" Sprite="WhiteFill" Template="Default" Name="Text2" TextColor="UI_TextHoloTitle" DT_RIGHT="0" DT_CENTER="1" DT_VCENTER="0" NewControlDepth="1" BGColor="white" TextId="ChallengeUnlockedHeader" Text="" DT_BOTTOM="0" TooltipColor=""/>
            </Control>
        </Control>
        <Control Class="Window" LAnchorPoint="0" LAnchorOffset="45" TAnchorPoint="0" TAnchorOffset="-55" RAnchorPoint="0" RAnchorOffset="55" BAnchorPoint="0" BAnchorOffset="-54" RelativeToClient="1" Font="Default" Text="" Template="Default" TooltipType="OnCursor" Name="PreloadTextureWnd" BGColor="white" TextColor="white" TooltipColor="" Picture="1" IgnoreMouse="1" NoClip="0">
            <Control Class="Window" LAnchorPoint="0" LAnchorOffset="0" TAnchorPoint="0" TAnchorOffset="0" RAnchorPoint="0" RAnchorOffset="1" BAnchorPoint="1" BAnchorOffset="0" RelativeToClient="1" Font="Default" Text="" Template="Default" TooltipType="OnCursor" Name="Tex1" BGColor="white" TextColor="white" TooltipColor="" Picture="1" IgnoreMouse="1"/>
            <Control Class="Window" LAnchorPoint="0" LAnchorOffset="2" TAnchorPoint="0" TAnchorOffset="0" RAnchorPoint="0" RAnchorOffset="3" BAnchorPoint="1" BAnchorOffset="0" RelativeToClient="1" Font="Default" Text="" Template="Default" TooltipType="OnCursor" Name="Tex2" BGColor="white" TextColor="white" TooltipColor="" Picture="1" IgnoreMouse="1"/>
            <Control Class="Window" LAnchorPoint="0" LAnchorOffset="5" TAnchorPoint="0" TAnchorOffset="0" RAnchorPoint="0" RAnchorOffset="6" BAnchorPoint="1" BAnchorOffset="0" RelativeToClient="1" Font="Default" Text="" Template="Default" TooltipType="OnCursor" Name="Tex3" BGColor="white" TextColor="white" TooltipColor="" Picture="1" IgnoreMouse="1"/>
            <Control Class="Window" LAnchorPoint="0" LAnchorOffset="9" TAnchorPoint="0" TAnchorOffset="0" RAnchorPoint="0" RAnchorOffset="10" BAnchorPoint="1" BAnchorOffset="0" RelativeToClient="1" Font="Default" Text="" Template="Default" TooltipType="OnCursor" Name="Tex4" BGColor="white" TextColor="white" TooltipColor="" Picture="1" IgnoreMouse="1"/>
        </Control>
    </Form>
    <Form Class="Window" LAnchorPoint=".5" LAnchorOffset="-300" TAnchorPoint=".5" TAnchorOffset="-190" RAnchorPoint=".5" RAnchorOffset="300" BAnchorPoint=".5" BAnchorOffset="-112" RelativeToClient="0" Font="Default" Text="" Template="Default" TooltipType="OnCursor" Name="SpellErrorPanel" Border="0" Picture="0" SwallowMouseClicks="1" Moveable="0" Escapable="0" Overlapped="0" BGColor="white" TextColor="white" TooltipColor="" IgnoreMouse="1">
        <Control Class="Window" LAnchorPoint="0" LAnchorOffset="0" TAnchorPoint="1" TAnchorOffset="-26" RAnchorPoint="1" RAnchorOffset="0" BAnchorPoint="1" BAnchorOffset="0" RelativeToClient="1" Font="CRB_HeaderLarge" Text="" Template="Default" TooltipType="OnCursor" Name="SpellErrorEntry_1" BGColor="white" TextColor="UI_TextHoloBodyHighlight" TooltipColor="" TextId="" DT_VCENTER="1" DT_CENTER="1" IgnoreMouse="1" TransitionShowHide="1"/>
        <Control Class="Window" LAnchorPoint="0" LAnchorOffset="0" TAnchorPoint=".5" TAnchorOffset="-13" RAnchorPoint="1" RAnchorOffset="0" BAnchorPoint=".5" BAnchorOffset="13" RelativeToClient="1" Font="CRB_HeaderLarge" Text="" Template="Default" TooltipType="OnCursor" Name="SpellErrorEntry_2" BGColor="white" TextColor="UI_TextHoloBodyHighlight" TooltipColor="" TextId="" DT_VCENTER="1" DT_CENTER="1" IgnoreMouse="1" TransitionShowHide="1"/>
        <Control Class="Window" LAnchorPoint="0" LAnchorOffset="0" TAnchorPoint="0" TAnchorOffset="0" RAnchorPoint="1" RAnchorOffset="0" BAnchorPoint="0" BAnchorOffset="26" RelativeToClient="1" Font="CRB_HeaderLarge" Text="" Template="Default" TooltipType="OnCursor" Name="SpellErrorEntry_3" BGColor="white" TextColor="UI_TextHoloBodyHighlight" TooltipColor="" TextId="" DT_VCENTER="1" DT_CENTER="1" IgnoreMouse="1" TransitionShowHide="1"/>
    </Form>
    <Form Class="Window" LAnchorPoint=".5" LAnchorOffset="-300" TAnchorPoint=".5" TAnchorOffset="-112" RAnchorPoint=".5" RAnchorOffset="300" BAnchorPoint=".5" BAnchorOffset="-86" RelativeToClient="0" Font="CRB_HeaderLarge" Text="FPS" Template="Default" TooltipType="OnCursor" Name="FramerateDisplay" Border="0" Picture="0" SwallowMouseClicks="1" Moveable="0" Escapable="0" Overlapped="0" BGColor="white" TextColor="UI_TextHoloBodyHighlight" TooltipColor="" IgnoreMouse="1" TextId="" DT_CENTER="1" DT_VCENTER="1" Visible="0" Tooltip=""/>
    <Form Class="Window" LAnchorPoint="0.5" LAnchorOffset="-256" TAnchorPoint="0.5" TAnchorOffset="0" RAnchorPoint="0.5" RAnchorOffset="256" BAnchorPoint="0.5" BAnchorOffset="256" RelativeToClient="1" Font="CRB_HeaderGigantic_O" Text="" Template="Default" TooltipType="OnCursor" Name="HintArrowDistanceDisplay" Border="0" Picture="1" SwallowMouseClicks="1" Moveable="0" Escapable="0" Overlapped="0" BGColor="UI_AlphaPercent60" TextColor="UI_TextHoloBodyHighlight" TooltipColor="" TextId="" IgnoreMouse="1" DT_VCENTER="1" DT_CENTER="1" Tooltip="" Sprite="HUD_HintArrow:UI_HUD_HintArrowBG"/>
</Forms>
