<Forms>
    <Form Class="Window" LAnchorPoint="0" LAnchorOffset="0" TAnchorPoint="0" TAnchorOffset="0" RAnchorPoint="0" RAnchorOffset="800" BAnchorPoint="0" BAnchorOffset="447" RelativeToClient="1" Font="Default" Text="" Template="Default" Name="GuildRosterForm" Border="0" Picture="1" SwallowMouseClicks="1" Moveable="0" Escapable="0" Overlapped="1" BGColor="ffffffff" TextColor="ffffffff" TextId="" Visible="0" TooltipColor="" Tooltip="" Sprite="" Sizable="0" HideInEditor="0">
        <Control Class="Window" LAnchorPoint="0" LAnchorOffset="0" TAnchorPoint="1" TAnchorOffset="-70" RAnchorPoint="1" RAnchorOffset="3" BAnchorPoint="1" BAnchorOffset="0" RelativeToClient="1" Font="Default" Text="" BGColor="UI_WindowBGDefault" TextColor="UI_WindowTextDefault" Template="Default" TooltipType="OnCursor" Name="FooterFraming" TooltipColor="" Sprite="BK3:UI_BK3_Metal_Footer_Large" Picture="1" IgnoreMouse="1"/>
        <Control Class="Window" LAnchorPoint="0" LAnchorOffset="10" TAnchorPoint="0" TAnchorOffset="10" RAnchorPoint="1" RAnchorOffset="-20" BAnchorPoint="0" BAnchorOffset="38" RelativeToClient="1" Font="Default" Text="" Template="Default" Name="RosterHeaderContainer" BGColor="ffffffff" TextColor="ffffffff" TooltipColor="">
            <Control Class="Button" Base="BK3:btnHolo_ListView_Top" Font="CRB_InterfaceSmall_O" ButtonType="Check" RadioGroup="GuildRoster_SortRadioGroup" LAnchorPoint="0" LAnchorOffset="0" TAnchorPoint="0" TAnchorOffset="0" RAnchorPoint="0" RAnchorOffset="200" BAnchorPoint="0" BAnchorOffset="26" DT_VCENTER="1" DT_CENTER="0" Name="RosterSortBtnName" BGColor="ffffffff" TextColor="ffffffff" NormalTextColor="ffffffff" PressedTextColor="ffffffff" FlybyTextColor="ffffffff" PressedFlybyTextColor="ffffffff" DisabledTextColor="ffffffff" Text="" TextId="" DrawAsCheckbox="0" CheckboxRight="0" GlobalRadioGroup="" TooltipColor="">
                <Control Class="Window" LAnchorPoint="0" LAnchorOffset="12" TAnchorPoint="0" TAnchorOffset="0" RAnchorPoint="1" RAnchorOffset="0" BAnchorPoint="1" BAnchorOffset="0" RelativeToClient="1" Font="CRB_InterfaceSmall" Text="" Template="Default" Name="RosterSortText" BGColor="ffffffff" TextColor="UI_TextHoloBody" TextId="CRB_Name" DT_VCENTER="1" TooltipColor=""/>
                <Event Name="MouseEnter" Function="OnRosterSortBtnMouseEnter"/>
                <Event Name="MouseExit" Function="OnRosterSortBtnMouseExit"/>
                <Event Name="ButtonCheck" Function="OnRosterSortToggle"/>
                <Event Name="ButtonUncheck" Function="OnRosterSortToggle"/>
            </Control>
            <Control Class="Button" Base="BK3:btnHolo_ListView_Top" Font="CRB_InterfaceSmall_O" ButtonType="Check" RadioGroup="GuildRoster_SortRadioGroup" LAnchorPoint="0" LAnchorOffset="199" TAnchorPoint="0" TAnchorOffset="0" RAnchorPoint="0" RAnchorOffset="324" BAnchorPoint="0" BAnchorOffset="26" DT_VCENTER="1" DT_CENTER="0" Name="RosterSortBtnRank" BGColor="ffffffff" TextColor="ffffffff" NormalTextColor="ffffffff" PressedTextColor="ffffffff" FlybyTextColor="ffffffff" PressedFlybyTextColor="ffffffff" DisabledTextColor="ffffffff" Text="" TextId="" DrawAsCheckbox="0" CheckboxRight="0" GlobalRadioGroup="" TooltipColor="">
                <Control Class="Window" LAnchorPoint="0" LAnchorOffset="12" TAnchorPoint="0" TAnchorOffset="0" RAnchorPoint="1" RAnchorOffset="0" BAnchorPoint="1" BAnchorOffset="0" RelativeToClient="1" Font="CRB_InterfaceSmall" Text="" Template="Default" Name="RosterSortText" BGColor="ffffffff" TextColor="UI_TextHoloBody" TextId="Circles_Rank" DT_VCENTER="1" TooltipColor=""/>
                <Event Name="MouseEnter" Function="OnRosterSortBtnMouseEnter"/>
                <Event Name="MouseExit" Function="OnRosterSortBtnMouseExit"/>
                <Event Name="ButtonCheck" Function="OnRosterSortToggle"/>
                <Event Name="ButtonUncheck" Function="OnRosterSortToggle"/>
            </Control>
            <Control Class="Button" Base="BK3:btnHolo_ListView_Top" Font="CRB_InterfaceSmall_O" ButtonType="Check" RadioGroup="GuildRoster_SortRadioGroup" LAnchorPoint="0" LAnchorOffset="323" TAnchorPoint="0" TAnchorOffset="0" RAnchorPoint="0" RAnchorOffset="373" BAnchorPoint="0" BAnchorOffset="26" DT_VCENTER="1" DT_CENTER="0" Name="RosterSortBtnLevel" BGColor="ffffffff" TextColor="ffffffff" NormalTextColor="ffffffff" PressedTextColor="ffffffff" FlybyTextColor="ffffffff" PressedFlybyTextColor="ffffffff" DisabledTextColor="ffffffff" Text="" TextId="" DrawAsCheckbox="0" CheckboxRight="0" GlobalRadioGroup="" TooltipColor="">
                <Control Class="Window" LAnchorPoint="0" LAnchorOffset="12" TAnchorPoint="0" TAnchorOffset="0" RAnchorPoint="1" RAnchorOffset="0" BAnchorPoint="1" BAnchorOffset="0" RelativeToClient="1" Font="CRB_InterfaceSmall" Text="" Template="Default" Name="RosterSortText" BGColor="ffffffff" TextColor="UI_TextHoloBody" TextId="CRB_Level_" DT_VCENTER="1" TooltipColor=""/>
                <Event Name="MouseEnter" Function="OnRosterSortBtnMouseEnter"/>
                <Event Name="MouseExit" Function="OnRosterSortBtnMouseExit"/>
                <Event Name="ButtonCheck" Function="OnRosterSortToggle"/>
                <Event Name="ButtonUncheck" Function="OnRosterSortToggle"/>
            </Control>
            <Control Class="Button" Base="BK3:btnHolo_ListView_Top" Font="CRB_InterfaceSmall_O" ButtonType="Check" RadioGroup="GuildRoster_SortRadioGroup" LAnchorPoint="0" LAnchorOffset="372" TAnchorPoint="0" TAnchorOffset="0" RAnchorPoint="0" RAnchorOffset="447" BAnchorPoint="0" BAnchorOffset="26" DT_VCENTER="1" DT_CENTER="0" Name="RosterSortBtnClass" BGColor="ffffffff" TextColor="ffffffff" NormalTextColor="ffffffff" PressedTextColor="ffffffff" FlybyTextColor="ffffffff" PressedFlybyTextColor="ffffffff" DisabledTextColor="ffffffff" Text="" TextId="" DrawAsCheckbox="0" CheckboxRight="0" GlobalRadioGroup="" TooltipColor="">
                <Control Class="Window" LAnchorPoint="0" LAnchorOffset="12" TAnchorPoint="0" TAnchorOffset="0" RAnchorPoint="1" RAnchorOffset="0" BAnchorPoint="1" BAnchorOffset="0" RelativeToClient="1" Font="CRB_InterfaceSmall" Text="" Template="Default" Name="RosterSortText" BGColor="ffffffff" TextColor="UI_TextHoloBody" TextId="CRB_Class" DT_VCENTER="1" TooltipColor=""/>
                <Event Name="MouseEnter" Function="OnRosterSortBtnMouseEnter"/>
                <Event Name="MouseExit" Function="OnRosterSortBtnMouseExit"/>
                <Event Name="ButtonCheck" Function="OnRosterSortToggle"/>
                <Event Name="ButtonUncheck" Function="OnRosterSortToggle"/>
            </Control>
            <Control Class="Button" Base="BK3:btnHolo_ListView_Top" Font="CRB_InterfaceSmall_O" ButtonType="Check" RadioGroup="GuildRoster_SortRadioGroup" LAnchorPoint="0" LAnchorOffset="446" TAnchorPoint="0" TAnchorOffset="0" RAnchorPoint="0" RAnchorOffset="521" BAnchorPoint="0" BAnchorOffset="26" DT_VCENTER="1" DT_CENTER="0" Name="RosterSortBtnPath" BGColor="ffffffff" TextColor="ffffffff" NormalTextColor="ffffffff" PressedTextColor="ffffffff" FlybyTextColor="ffffffff" PressedFlybyTextColor="ffffffff" DisabledTextColor="ffffffff" Text="" TextId="" DrawAsCheckbox="0" CheckboxRight="0" GlobalRadioGroup="" TooltipColor="">
                <Control Class="Window" LAnchorPoint="0" LAnchorOffset="12" TAnchorPoint="0" TAnchorOffset="0" RAnchorPoint="1" RAnchorOffset="0" BAnchorPoint="1" BAnchorOffset="0" RelativeToClient="1" Font="CRB_InterfaceSmall" Text="" Template="Default" Name="RosterSortText" BGColor="ffffffff" TextColor="UI_TextHoloBody" TextId="CRB_Path" DT_VCENTER="1" TooltipColor=""/>
                <Event Name="MouseEnter" Function="OnRosterSortBtnMouseEnter"/>
                <Event Name="MouseExit" Function="OnRosterSortBtnMouseExit"/>
                <Event Name="ButtonCheck" Function="OnRosterSortToggle"/>
                <Event Name="ButtonUncheck" Function="OnRosterSortToggle"/>
            </Control>
            <Control Class="Button" Base="BK3:btnHolo_ListView_Top" Font="CRB_InterfaceSmall_O" ButtonType="Check" RadioGroup="GuildRoster_SortRadioGroup" LAnchorPoint="0" LAnchorOffset="521" TAnchorPoint="0" TAnchorOffset="0" RAnchorPoint="0" RAnchorOffset="625" BAnchorPoint="0" BAnchorOffset="26" DT_VCENTER="1" DT_CENTER="0" Name="RosterSortBtnOnline" BGColor="ffffffff" TextColor="ffffffff" NormalTextColor="ffffffff" PressedTextColor="ffffffff" FlybyTextColor="ffffffff" PressedFlybyTextColor="ffffffff" DisabledTextColor="ffffffff" Text="" TextId="" DrawAsCheckbox="0" CheckboxRight="0" GlobalRadioGroup="" TooltipColor="">
                <Control Class="Window" LAnchorPoint="0" LAnchorOffset="12" TAnchorPoint="0" TAnchorOffset="0" RAnchorPoint="1" RAnchorOffset="0" BAnchorPoint="1" BAnchorOffset="0" RelativeToClient="1" Font="CRB_InterfaceSmall" Text="" Template="Default" Name="RosterSortText" BGColor="ffffffff" TextColor="UI_TextHoloBody" TextId="Circles_LastOnline" DT_VCENTER="1" TooltipColor=""/>
                <Event Name="MouseEnter" Function="OnRosterSortBtnMouseEnter"/>
                <Event Name="MouseExit" Function="OnRosterSortBtnMouseExit"/>
                <Event Name="ButtonCheck" Function="OnRosterSortToggle"/>
                <Event Name="ButtonUncheck" Function="OnRosterSortToggle"/>
            </Control>
            <Control Class="Button" Base="BK3:btnHolo_ListView_Top" Font="CRB_InterfaceSmall_O" ButtonType="Check" RadioGroup="GuildRoster_SortRadioGroup" LAnchorPoint="0" LAnchorOffset="625" TAnchorPoint="0" TAnchorOffset="0" RAnchorPoint="1" RAnchorOffset="-10" BAnchorPoint="0" BAnchorOffset="26" DT_VCENTER="1" DT_CENTER="0" Name="RosterSortBtnNote" BGColor="ffffffff" TextColor="ffffffff" NormalTextColor="ffffffff" PressedTextColor="ffffffff" FlybyTextColor="ffffffff" PressedFlybyTextColor="ffffffff" DisabledTextColor="ffffffff" Text="" TextId="" DrawAsCheckbox="0" CheckboxRight="0" GlobalRadioGroup="" TooltipColor="">
                <Control Class="Window" LAnchorPoint="0" LAnchorOffset="12" TAnchorPoint="0" TAnchorOffset="0" RAnchorPoint="1" RAnchorOffset="0" BAnchorPoint="1" BAnchorOffset="0" RelativeToClient="1" Font="CRB_InterfaceSmall" Text="" Template="Default" Name="RosterSortText" BGColor="ffffffff" TextColor="UI_TextHoloBody" TextId="Friends_NoteHeader" DT_VCENTER="1" TooltipColor=""/>
                <Event Name="MouseEnter" Function="OnRosterSortBtnMouseEnter"/>
                <Event Name="MouseExit" Function="OnRosterSortBtnMouseExit"/>
                <Event Name="ButtonCheck" Function="OnRosterSortToggle"/>
                <Event Name="ButtonUncheck" Function="OnRosterSortToggle"/>
            </Control>
        </Control>
        <Control Class="Grid" ImageTextSpacing="0" LAnchorPoint="0" LAnchorOffset="10" TAnchorPoint="0" TAnchorOffset="34" RAnchorPoint="1" RAnchorOffset="-10" BAnchorPoint="1" BAnchorOffset="-78" RelativeToClient="1" Font="CRB_InterfaceSmall_O" Text="" Template="Holo_ScrollList" Name="RosterGrid" BGColor="ffffffff" TextColor="ffffffff" IgnoreMouse="1" MultiColumn="1" SelectWholeRow="1" FocusOnMouseOver="1" RowHeight="40" CellBGBase="BK3:btnHolo_ListView_Mid" TextNormalColor="ffffffff" TextSelectedColor="ff31fcf6" TextNormalFocusColor="ffffffff" TextSelectedFocusColor="ff31fcf6" TextDisabledColor="9d666666" DT_VCENTER="1" TooltipColor="" CellBGNormalColor="" CellBGSelectedColor="" CellBGNormalFocusColor="" CellBGSelectedFocusColor="" VScroll="1" AutoHideScroll="0" HideInEditor="0" Tooltip="" TooltipFont="CRB_InterfaceSmall_O" TooltipType="OnCursor" Picture="1" Border="1" UseTemplateBG="1">
            <Column Name="Icon" Width="25" TextColor="" Image=""/>
            <Column Name="Name" Width="185" TextColor="UI_TextHoloBodyHighlight" Image="" MinWidth="10" MaxWidth="2048" MergeLeft="0" SimpleSort="1"/>
            <Column Name="Rank" Width="120" TextColor="UI_TextHoloBodyHighlight" Image="" MinWidth="10" MaxWidth="2048" MergeLeft="0" SimpleSort="1"/>
            <Column Name="Level" Width="53" TextColor="UI_TextHoloBodyHighlight" Image="" MinWidth="10" MaxWidth="2048" MergeLeft="0" SimpleSort="1" DT_CENTER="1"/>
            <Column Name="Class" Width="72" TextColor="UI_TextHoloBodyHighlight" Image="" MinWidth="10" MaxWidth="2048" MergeLeft="0" SimpleSort="1"/>
            <Column Name="Path" Width="77" TextColor="UI_TextHoloBodyHighlight" Image="" MinWidth="10" MaxWidth="2048" MergeLeft="0" SimpleSort="1"/>
            <Column Name="Last Online" Width="102" TextColor="UI_TextHoloBodyHighlight" Image="" MinWidth="10" MaxWidth="2048" MergeLeft="0" SimpleSort="1"/>
            <Event Name="GridSelChange" Function="OnRosterGridItemClick"/>
            <Column Name="Note" Width="125" TextColor="UI_TextHoloBodyHighlight" Image="" MinWidth="0" MaxWidth="2048" MergeLeft="0" SimpleSort="1" DT_VCENTER="1" DT_WORDBREAK="1"/>
            <Event Name="GenerateTooltip" Function="OnGenerateGridTooltip"/>
        </Control>
        <Control Class="Window" LAnchorPoint="0" LAnchorOffset="15" TAnchorPoint="1" TAnchorOffset="-57" RAnchorPoint="1" RAnchorOffset="-154" BAnchorPoint="1" BAnchorOffset="-9" RelativeToClient="1" Font="Default" Text="" Template="Default" Name="RosterBottom" BGColor="ffffffff" TextColor="ffffffff" TooltipColor="" Tooltip="" HideInEditor="0" NewControlDepth="1" IgnoreMouse="1" NewWindowDepth="1">
            <Control Class="Button" Base="CRB_Basekit:kitBtn_Metal_LargeGreen" Font="CRB_Button" ButtonType="Check" RadioGroup="RosterOptions_MemberOptionsRadioGroup" LAnchorPoint="0" LAnchorOffset="2" TAnchorPoint="0" TAnchorOffset="0" RAnchorPoint="0" RAnchorOffset="122" BAnchorPoint="1" BAnchorOffset="0" DT_VCENTER="1" DT_CENTER="1" Name="RosterOptionBtnAdd" BGColor="ffffff00" TextColor="ffffffff" NormalTextColor="UI_BtnTextGreenNormal" PressedTextColor="UI_BtnTextGreenPressed" FlybyTextColor="UI_BtnTextGreenFlyby" PressedFlybyTextColor="UI_BtnTextGreenPressedFlyby" DisabledTextColor="UI_BtnTextGreenDisabled" Text="" TextId="Circles_AddMember" Visible="0" GlobalRadioGroup="" LeftEdgeControlsAnchor="" RelativeToClient="1" TooltipColor="" TestAlpha="1">
                <Event Name="ButtonCheck" Function="OnRosterAddMemberClick"/>
                <Control Class="Window" LAnchorPoint="0.5" LAnchorOffset="-92" TAnchorPoint="1" TAnchorOffset="-155" RAnchorPoint="0.5" RAnchorOffset="92" BAnchorPoint="1" BAnchorOffset="-36" RelativeToClient="1" Font="Default" Text="" Template="Default" Name="AddMemberContainer" BGColor="ffffffff" TextColor="ffffffff" Picture="0" IgnoreMouse="1" Sprite="" Visible="0" HideInEditor="0" NewWindowDepth="0" NoClip="1" CloseOnExternalClick="1" TooltipColor="">
                    <Control Class="Window" LAnchorPoint="0" LAnchorOffset="0" TAnchorPoint="0" TAnchorOffset="0" RAnchorPoint="1" RAnchorOffset="0" BAnchorPoint="1" BAnchorOffset="0" RelativeToClient="1" Font="Default" Text="" Template="Default" TooltipType="OnCursor" Name="TopLeftRewardsArt" BGColor="ffffffff" TextColor="ffffffff" TooltipColor="" Sprite="" Picture="1" IgnoreMouse="1" HideInEditor="0">
                        <Control Class="Window" LAnchorPoint="0" LAnchorOffset="-20" TAnchorPoint="0" TAnchorOffset="-44" RAnchorPoint="1" RAnchorOffset="20" BAnchorPoint="1" BAnchorOffset="15" RelativeToClient="1" Font="Default" Text="" Template="Default" Name="NoteBG" BGColor="white" TextColor="white" Sprite="BK3:sprHolo_Alert_Flyout" Picture="1" IgnoreMouse="1" TooltipColor="" NoClip="1" Tooltip=""/>
                    </Control>
                    <Control Class="Window" LAnchorPoint="0" LAnchorOffset="23" TAnchorPoint="0" TAnchorOffset="-1" RAnchorPoint="1" RAnchorOffset="-1" BAnchorPoint="0" BAnchorOffset="19" RelativeToClient="1" Font="CRB_InterfaceMedium" Text="" Template="Default" Name="AddMemberLabel" BGColor="ffffffff" TextColor="UI_WindowTitleYellow" TextId="ArenaRoster_AddLabel" TooltipColor=""/>
                    <Control Class="EditBox" LAnchorPoint="0" LAnchorOffset="20" TAnchorPoint="0.5" TAnchorOffset="-36" RAnchorPoint="1" RAnchorOffset="-20" BAnchorPoint="0.5" BAnchorOffset="-5" RelativeToClient="1" Font="CRB_InterfaceSmall" Text="" Template="Holo_InputBox" Name="AddMemberEditBox" BGColor="ffffffff" TextColor="UI_TextHoloBodyHighlight" Picture="0" DT_VCENTER="1" IgnoreMouse="1" TooltipColor="" Border="1" UseTemplateBG="1" NewWindowDepth="0" NewControlDepth="3">
                        <Event Name="EditBoxReturn" Function="OnAddMemberYesClick"/>
                    </Control>
                    <Control Class="Button" Base="CRB_Basekit:kitBtn_Holo_Close2" Font="Thick" ButtonType="PushButton" RadioGroup="" LAnchorPoint="1" LAnchorOffset="-35" TAnchorPoint="0" TAnchorOffset="2" RAnchorPoint="1" RAnchorOffset="-17" BAnchorPoint="0" BAnchorOffset="20" DT_VCENTER="1" DT_CENTER="1" Name="AddMemberCloseBtn" BGColor="ffffffff" TextColor="ffffffff" NormalTextColor="ffffffff" PressedTextColor="ffffffff" FlybyTextColor="ffffffff" PressedFlybyTextColor="ffffffff" DisabledTextColor="ffffffff" TooltipColor="">
                        <Event Name="ButtonSignal" Function="OnRosterAddMemberCloseBtn"/>
                    </Control>
                    <Control Class="Button" Base="BK3:btnHolo_Blue_Small" Font="CRB_Button" ButtonType="PushButton" RadioGroup="" LAnchorPoint="0.5" LAnchorOffset="-50" TAnchorPoint="1" TAnchorOffset="-71" RAnchorPoint="0.5" RAnchorOffset="50" BAnchorPoint="1" BAnchorOffset="-18" DT_VCENTER="1" DT_CENTER="1" Name="AddMemberYesBtn" BGColor="ffffffff" TextColor="ffffffff" NormalTextColor="UI_BtnTextBlueNormal" PressedTextColor="UI_BtnTextBluePressed" FlybyTextColor="UI_BtnTextBlueFlyby" PressedFlybyTextColor="UI_BtnTextBluePressedFlyby" DisabledTextColor="UI_BtnTextBlueDisabled" Text="" TextId="ArenaRoster_Add" TooltipColor="">
                        <Event Name="ButtonSignal" Function="OnAddMemberYesClick"/>
                    </Control>
                    <Event Name="WindowClosed" Function="OnRosterAddMemberCloseBtn"/>
                </Control>
            </Control>
            <Control Class="Button" Base="CRB_Basekit:kitBtn_Metal_LargeBlue" Font="CRB_Button" ButtonType="Check" RadioGroup="RosterOptions_MemberOptionsRadioGroup" LAnchorPoint="0" LAnchorOffset="112" TAnchorPoint="0" TAnchorOffset="0" RAnchorPoint="0" RAnchorOffset="203" BAnchorPoint="1" BAnchorOffset="0" DT_VCENTER="1" DT_CENTER="1" Name="RosterOptionBtnPromote" BGColor="ffffffff" TextColor="ffffffff" NormalTextColor="UI_BtnTextBlueNormal" PressedTextColor="UI_BtnTextBluePressed" FlybyTextColor="UI_BtnTextBlueFlyby" PressedFlybyTextColor="UI_BtnTextBluePressedFlyby" DisabledTextColor="UI_BtnTextBlueDisabled" Text="" TextId="ContextMenu_Promote" Visible="0" GlobalRadioGroup="" RelativeToClient="1" TooltipColor="" DT_WORDBREAK="1" TestAlpha="1" HideInEditor="0">
                <Control Class="Window" LAnchorPoint="0.5" LAnchorOffset="-92" TAnchorPoint="1" TAnchorOffset="-131" RAnchorPoint="0.5" RAnchorOffset="92" BAnchorPoint="1" BAnchorOffset="-36" RelativeToClient="1" Font="Default" Text="" Template="Default" Name="PromoteMemberContainer" BGColor="ffffffff" TextColor="ffffffff" Picture="0" IgnoreMouse="1" Sprite="" Visible="0" HideInEditor="1" NoClip="1" CloseOnExternalClick="1" TooltipColor="" TransitionShowHide="0">
                    <Control Class="Window" LAnchorPoint="0" LAnchorOffset="0" TAnchorPoint="0" TAnchorOffset="0" RAnchorPoint="1" RAnchorOffset="0" BAnchorPoint="1" BAnchorOffset="0" RelativeToClient="1" Font="Default" Text="" Template="Default" TooltipType="OnCursor" Name="TopLeftRewardsArt" BGColor="ffffffff" TextColor="ffffffff" TooltipColor="" Sprite="" Picture="1" IgnoreMouse="1">
                        <Control Class="Window" LAnchorPoint="0" LAnchorOffset="-20" TAnchorPoint="0" TAnchorOffset="-44" RAnchorPoint="1" RAnchorOffset="20" BAnchorPoint="1" BAnchorOffset="15" RelativeToClient="1" Font="Default" Text="" Template="Default" Name="NoteBG" BGColor="white" TextColor="white" Sprite="BK3:sprHolo_Alert_Flyout" Picture="1" IgnoreMouse="1" TooltipColor="" NoClip="1" Tooltip=""/>
                    </Control>
                    <Control Class="Window" LAnchorPoint="0" LAnchorOffset="23" TAnchorPoint="0" TAnchorOffset="-1" RAnchorPoint="1" RAnchorOffset="-1" BAnchorPoint="0" BAnchorOffset="19" RelativeToClient="1" Font="CRB_InterfaceMedium" Text="" Template="Default" Name="PromoteMemberLabel" BGColor="ffffffff" TextColor="UI_WindowTitleYellow" TextId="Circles_LeaderPromote" TooltipColor="" Tooltip="" NewControlDepth="3"/>
                    <Control Class="Button" Base="CRB_Basekit:kitBtn_Holo_Close2" Font="Thick" ButtonType="PushButton" RadioGroup="" LAnchorPoint="1" LAnchorOffset="-35" TAnchorPoint="0" TAnchorOffset="2" RAnchorPoint="1" RAnchorOffset="-17" BAnchorPoint="0" BAnchorOffset="20" DT_VCENTER="1" DT_CENTER="1" Name="PromoteMemberCloseBtn" BGColor="ffffffff" TextColor="ffffffff" NormalTextColor="ffffffff" PressedTextColor="ffffffff" FlybyTextColor="ffffffff" PressedFlybyTextColor="ffffffff" DisabledTextColor="ffffffff" Text="" TooltipColor="" Visible="1">
                        <Event Name="ButtonSignal" Function="OnRosterPromoteMemberCloseBtn"/>
                    </Control>
                    <Control Class="Button" Base="BK3:btnHolo_Blue_Small" Font="CRB_Button" ButtonType="PushButton" RadioGroup="" LAnchorPoint="0" LAnchorOffset="15" TAnchorPoint="1" TAnchorOffset="-72" RAnchorPoint="0.5" RAnchorOffset="2" BAnchorPoint="1" BAnchorOffset="-19" DT_VCENTER="1" DT_CENTER="1" Name="PromoteMemberYesBtn" BGColor="ffffffff" TextColor="ffffffff" NormalTextColor="UI_BtnTextBlueNormal" PressedTextColor="UI_BtnTextBluePressed" FlybyTextColor="UI_BtnTextBlueFlyby" PressedFlybyTextColor="UI_BtnTextBluePressedFlyby" DisabledTextColor="UI_BtnTextBlueDisabled" Text="" TextId="Yes" TooltipColor="">
                        <Event Name="ButtonSignal" Function="OnRosterPromoteMemberYesClick"/>
                    </Control>
                    <Control Class="Button" Base="BK3:btnHolo_Red_Small" Font="CRB_Button" ButtonType="PushButton" RadioGroup="" LAnchorPoint="0.5" LAnchorOffset="-2" TAnchorPoint="1" TAnchorOffset="-72" RAnchorPoint="1" RAnchorOffset="-15" BAnchorPoint="1" BAnchorOffset="-19" DT_VCENTER="1" DT_CENTER="1" Name="PromoteMemberNoBtn" BGColor="ffffffff" TextColor="ffffffff" NormalTextColor="UI_BtnTextRedNormal" PressedTextColor="UI_BtnTextRedPressed" FlybyTextColor="UI_BtnTextRedFlyby" PressedFlybyTextColor="UI_BtnTextRedPressedFlyby" DisabledTextColor="UI_BtnTextRedDisabled" Text="" TextId="No" TooltipColor="">
                        <Event Name="ButtonSignal" Function="OnRosterPromoteMemberCloseBtn"/>
                    </Control>
                </Control>
                <Event Name="ButtonCheck" Function="OnRosterPromoteMemberClick"/>
            </Control>
            <Control Class="Button" Base="CRB_Basekit:kitBtn_Metal_LargeBlue" Font="CRB_Button" ButtonType="PushButton" RadioGroup="" LAnchorPoint="0" LAnchorOffset="220" TAnchorPoint="0" TAnchorOffset="0" RAnchorPoint="0" RAnchorOffset="310" BAnchorPoint="1" BAnchorOffset="0" DT_VCENTER="1" DT_CENTER="1" Name="RosterOptionBtnDemote" BGColor="ffffffff" TextColor="ffffffff" NormalTextColor="UI_BtnTextBlueNormal" PressedTextColor="UI_BtnTextBluePressed" FlybyTextColor="UI_BtnTextBlueFlyby" PressedFlybyTextColor="UI_BtnTextBluePressedFlyby" DisabledTextColor="UI_BtnTextBlueDisabled" Text="Demote" TextId="" Visible="0" GlobalRadioGroup="" RelativeToClient="1" TooltipColor="">
                <Event Name="ButtonSignal" Function="OnRosterDemoteMemberYesClick"/>
            </Control>
            <Control Class="Button" Base="CRB_Basekit:kitBtn_Metal_LargeBlue" Font="CRB_Button" ButtonType="Check" RadioGroup="RosterOptions_MemberOptionsRadioGroup" LAnchorPoint="0" LAnchorOffset="330" TAnchorPoint="0" TAnchorOffset="0" RAnchorPoint="0" RAnchorOffset="420" BAnchorPoint="1" BAnchorOffset="0" DT_VCENTER="1" DT_CENTER="1" Name="RosterOptionBtnRemove" BGColor="ffffffff" TextColor="ffffffff" NormalTextColor="UI_BtnTextBlueNormal" PressedTextColor="UI_BtnTextBluePressed" FlybyTextColor="UI_BtnTextBlueFlyby" PressedFlybyTextColor="UI_BtnTextBluePressedFlyby" DisabledTextColor="UI_BtnTextBlueDisabled" Text="" TextId="Friends_Remove" Visible="0" GlobalRadioGroup="" LeftEdgeControlsAnchor="GuildRosterOption_Remove_Left" RelativeToClient="1" TooltipColor="" HideInEditor="0">
                <Event Name="ButtonCheck" Function="OnRosterRemoveMemberClick"/>
                <Control Class="Window" LAnchorPoint="0.5" LAnchorOffset="-92" TAnchorPoint="1" TAnchorOffset="-131" RAnchorPoint="0.5" RAnchorOffset="92" BAnchorPoint="1" BAnchorOffset="-36" RelativeToClient="1" Font="Default" Text="" Template="Default" Name="RemoveMemberContainer" BGColor="ffffffff" TextColor="ffffffff" Picture="0" IgnoreMouse="1" Sprite="" Visible="0" HideInEditor="1" NoClip="1" CloseOnExternalClick="1" TooltipColor="">
                    <Control Class="Window" LAnchorPoint="0" LAnchorOffset="0" TAnchorPoint="0" TAnchorOffset="0" RAnchorPoint="1" RAnchorOffset="0" BAnchorPoint="1" BAnchorOffset="0" RelativeToClient="1" Font="Default" Text="" Template="Default" TooltipType="OnCursor" Name="TopLeftRewardsArt" BGColor="ffffffff" TextColor="ffffffff" TooltipColor="" Sprite="" Picture="1" IgnoreMouse="1">
                        <Control Class="Window" LAnchorPoint="0" LAnchorOffset="-20" TAnchorPoint="0" TAnchorOffset="-44" RAnchorPoint="1" RAnchorOffset="20" BAnchorPoint="1" BAnchorOffset="15" RelativeToClient="1" Font="Default" Text="" Template="Default" Name="NoteBG" BGColor="white" TextColor="white" Sprite="BK3:sprHolo_Alert_Flyout" Picture="1" IgnoreMouse="1" TooltipColor="" NoClip="1" Tooltip=""/>
                    </Control>
                    <Control Class="Window" LAnchorPoint="0" LAnchorOffset="23" TAnchorPoint="0" TAnchorOffset="-1" RAnchorPoint="1" RAnchorOffset="-1" BAnchorPoint="0" BAnchorOffset="19" RelativeToClient="1" Font="CRB_InterfaceMedium" Text="" Template="Default" Name="RemoveMemberLabel" BGColor="ffffffff" TextColor="UI_WindowTitleYellow" TextId="Circles_KickDefault" TooltipColor="" Tooltip="" NewControlDepth="3"/>
                    <Control Class="Button" Base="CRB_Basekit:kitBtn_Holo_Close2" Font="Thick" ButtonType="PushButton" RadioGroup="" LAnchorPoint="1" LAnchorOffset="-35" TAnchorPoint="0" TAnchorOffset="2" RAnchorPoint="1" RAnchorOffset="-17" BAnchorPoint="0" BAnchorOffset="20" DT_VCENTER="1" DT_CENTER="1" Name="RemoveMemberCloseBtn" BGColor="ffffffff" TextColor="ffffffff" NormalTextColor="ffffffff" PressedTextColor="ffffffff" FlybyTextColor="ffffffff" PressedFlybyTextColor="ffffffff" DisabledTextColor="ffffffff" Text="" TooltipColor="">
                        <Event Name="ButtonSignal" Function="OnRosterRemoveMemberCloseBtn"/>
                    </Control>
                    <Control Class="Button" Base="BK3:btnHolo_Blue_Small" Font="CRB_Button" ButtonType="PushButton" RadioGroup="" LAnchorPoint="0" LAnchorOffset="15" TAnchorPoint="1" TAnchorOffset="-72" RAnchorPoint="0.5" RAnchorOffset="2" BAnchorPoint="1" BAnchorOffset="-19" DT_VCENTER="1" DT_CENTER="1" Name="RemoveMemberYesBtn" BGColor="ffffffff" TextColor="ffffffff" NormalTextColor="UI_BtnTextBlueNormal" PressedTextColor="UI_BtnTextBluePressed" FlybyTextColor="UI_BtnTextBlueFlyby" PressedFlybyTextColor="UI_BtnTextBluePressedFlyby" DisabledTextColor="UI_BtnTextBlueDisabled" Text="" TextId="Yes" TooltipColor="">
                        <Event Name="ButtonSignal" Function="OnRosterRemoveMemberYesClick"/>
                    </Control>
                    <Control Class="Button" Base="BK3:btnHolo_Red_Small" Font="CRB_Button" ButtonType="PushButton" RadioGroup="" LAnchorPoint="0.5" LAnchorOffset="-2" TAnchorPoint="1" TAnchorOffset="-72" RAnchorPoint="1" RAnchorOffset="-15" BAnchorPoint="1" BAnchorOffset="-19" DT_VCENTER="1" DT_CENTER="1" Name="RemoveMemberNoBtn" BGColor="ffffffff" TextColor="ffffffff" NormalTextColor="UI_BtnTextRedNormal" PressedTextColor="UI_BtnTextRedPressed" FlybyTextColor="UI_BtnTextRedFlyby" PressedFlybyTextColor="UI_BtnTextRedPressedFlyby" DisabledTextColor="UI_BtnTextRedDisabled" Text="" TextId="No" TooltipColor="">
                        <Event Name="ButtonSignal" Function="OnRosterRemoveMemberCloseBtn"/>
                    </Control>
                </Control>
            </Control>
            <Control Class="Button" Base="CRB_Basekit:kitBtn_Metal_LargeBlue" Font="CRB_Button" ButtonType="Check" RadioGroup="RosterOptions_MemberOptionsRadioGroup" LAnchorPoint="0" LAnchorOffset="440" TAnchorPoint="0" TAnchorOffset="0" RAnchorPoint="0" RAnchorOffset="560" BAnchorPoint="1" BAnchorOffset="0" DT_VCENTER="1" DT_CENTER="1" Name="RosterOptionBtnEditNotes" BGColor="ffffffff" TextColor="ffffffff" NormalTextColor="UI_BtnTextBlueNormal" PressedTextColor="UI_BtnTextBluePressed" FlybyTextColor="UI_BtnTextBlueFlyby" PressedFlybyTextColor="UI_BtnTextBluePressedFlyby" DisabledTextColor="UI_BtnTextBlueDisabled" Text="" TextId="GuildRoster_MemberNotes" RelativeToClient="1" GlobalRadioGroup="" TooltipColor="" HideInEditor="0">
                <Control Class="Window" LAnchorPoint="0.5" LAnchorOffset="-104" TAnchorPoint="1" TAnchorOffset="-202" RAnchorPoint="0.5" RAnchorOffset="104" BAnchorPoint="1" BAnchorOffset="-36" RelativeToClient="1" Font="Default" Text="" Template="Default" Name="EditNotesContainer" BGColor="ffffffff" TextColor="ffffffff" Picture="1" IgnoreMouse="1" Sprite="" Visible="0" HideInEditor="0" NoClip="1" CloseOnExternalClick="1" TooltipColor="">
                    <Control Class="Window" LAnchorPoint="0" LAnchorOffset="0" TAnchorPoint="0" TAnchorOffset="0" RAnchorPoint="1" RAnchorOffset="0" BAnchorPoint="1" BAnchorOffset="0" RelativeToClient="1" Font="Default" Text="" Template="Default" TooltipType="OnCursor" Name="TopLeftRewardsArt" BGColor="ffffffff" TextColor="ffffffff" TooltipColor="" Sprite="" Picture="1" IgnoreMouse="1">
                        <Control Class="Window" LAnchorPoint="0" LAnchorOffset="-20" TAnchorPoint="0" TAnchorOffset="-26" RAnchorPoint="1" RAnchorOffset="20" BAnchorPoint="1" BAnchorOffset="15" RelativeToClient="1" Font="Default" Text="" Template="Default" Name="NoteBG" BGColor="white" TextColor="white" Sprite="BK3:sprHolo_Alert_Flyout" Picture="1" IgnoreMouse="1" TooltipColor="" NoClip="1" Tooltip=""/>
                    </Control>
                    <Control Class="Window" LAnchorPoint="0" LAnchorOffset="23" TAnchorPoint="0" TAnchorOffset="17" RAnchorPoint="1" RAnchorOffset="-1" BAnchorPoint="0" BAnchorOffset="37" RelativeToClient="1" Font="CRB_InterfaceMedium" Text="" Template="Default" Name="EditNotesLabel" BGColor="ffffffff" TextColor="UI_WindowTitleYellow" TextId="EditNoteLabel_32CharMax" TooltipColor="" Tooltip=""/>
                    <Control Class="Window" LAnchorPoint="0" LAnchorOffset="20" TAnchorPoint="0" TAnchorOffset="23" RAnchorPoint="1" RAnchorOffset="-20" BAnchorPoint="1" BAnchorOffset="-67" RelativeToClient="1" Font="Default" Text="" Template="Default" Name="EditNotesEditBoxBG" BGColor="ffffffff" TextColor="ffffffff" Picture="1" IgnoreMouse="1" Sprite="" TooltipColor="" NewControlDepth="1">
                        <Control Class="EditBox" LAnchorPoint="0" LAnchorOffset="0" TAnchorPoint="0" TAnchorOffset="17" RAnchorPoint="1" RAnchorOffset="0" BAnchorPoint="1" BAnchorOffset="0" RelativeToClient="1" Font="CRB_InterfaceSmall" Text="" Template="Holo_InputBox" Name="EditNotesEditbox" BGColor="ffffffff" TextColor="UI_TextHoloBodyHighlight" Picture="0" DT_VCENTER="0" IgnoreMouse="1" MultiLine="1" DT_WORDBREAK="1" WantReturn="0" TooltipColor="" Border="1" UseTemplateBG="1" VScroll="0" TextId="">
                            <Event Name="EditBoxChanged" Function="OnRosterPopoutPlayerNoteChanged"/>
                        </Control>
                    </Control>
                    <Control Class="Button" Base="CRB_Basekit:kitBtn_Holo_Close2" Font="Thick" ButtonType="PushButton" RadioGroup="" LAnchorPoint="1" LAnchorOffset="-35" TAnchorPoint="0" TAnchorOffset="21" RAnchorPoint="1" RAnchorOffset="-17" BAnchorPoint="0" BAnchorOffset="39" DT_VCENTER="1" DT_CENTER="1" Name="EditNotesCloseBtn" BGColor="ffffffff" TextColor="ffffffff" NormalTextColor="ffffffff" PressedTextColor="ffffffff" FlybyTextColor="ffffffff" PressedFlybyTextColor="ffffffff" DisabledTextColor="ffffffff" Text="" TooltipColor="">
                        <Event Name="ButtonSignal" Function="OnRosterEditNotesCloseBtn"/>
                    </Control>
                    <Control Class="Button" Base="BK3:btnHolo_Blue_Small" Font="CRB_Button" ButtonType="PushButton" RadioGroup="" LAnchorPoint="0.5" LAnchorOffset="-50" TAnchorPoint="1" TAnchorOffset="-69" RAnchorPoint="0.5" RAnchorOffset="50" BAnchorPoint="1" BAnchorOffset="-18" DT_VCENTER="1" DT_CENTER="1" Name="EditNotesYesBtn" BGColor="ffffffff" TextColor="ffffffff" NormalTextColor="UI_BtnTextBlueNormal" PressedTextColor="UI_BtnTextBluePressed" FlybyTextColor="UI_BtnTextBlueFlyby" PressedFlybyTextColor="UI_BtnTextBluePressedFlyby" DisabledTextColor="UI_BtnTextBlueDisabled" Text="" TextId="CRB_Save" TooltipColor="">
                        <Event Name="ButtonSignal" Function="OnRosterEditNoteSave"/>
                    </Control>
                </Control>
            </Control>
            <Control Class="Button" Base="CRB_Basekit:kitBtn_Metal_LargeRed" Font="CRB_Button" ButtonType="Check" RadioGroup="RosterOptions_MemberOptionsRadioGroup" LAnchorPoint="0" LAnchorOffset="540" TAnchorPoint="0" TAnchorOffset="0" RAnchorPoint="1" RAnchorOffset="-1" BAnchorPoint="1" BAnchorOffset="0" DT_VCENTER="1" DT_CENTER="1" TooltipType="OnCursor" Name="RosterOptionBtnLeave" BGColor="ffffffff" TextColor="ffffffff" TooltipColor="" NormalTextColor="UI_BtnTextRedNormal" PressedTextColor="UI_BtnTextRedPressed" FlybyTextColor="UI_BtnTextRedFlyby" PressedFlybyTextColor="UI_BtnTextRedPressedFlyby" DisabledTextColor="UI_BtnTextRedDisabled" Text="" TextId="Circles_Leave" HideInEditor="0" GlobalRadioGroup="">
                <Control Class="Window" LAnchorPoint="0.5" LAnchorOffset="-95" TAnchorPoint="1" TAnchorOffset="-131" RAnchorPoint="0.5" RAnchorOffset="89" BAnchorPoint="1" BAnchorOffset="-36" RelativeToClient="1" Font="Default" Text="" Template="Default" Name="LeaveBtnContainer" BGColor="ffffffff" TextColor="ffffffff" Picture="0" IgnoreMouse="1" Sprite="" Visible="0" HideInEditor="1" NoClip="1" CloseOnExternalClick="1" TooltipColor="">
                    <Control Class="Window" LAnchorPoint="0" LAnchorOffset="0" TAnchorPoint="0" TAnchorOffset="0" RAnchorPoint="1" RAnchorOffset="0" BAnchorPoint="1" BAnchorOffset="0" RelativeToClient="1" Font="Default" Text="" Template="Default" TooltipType="OnCursor" Name="TopLeftRewardsArt" BGColor="ffffffff" TextColor="ffffffff" TooltipColor="" Sprite="" Picture="1" IgnoreMouse="1">
                        <Control Class="Window" LAnchorPoint="0" LAnchorOffset="-20" TAnchorPoint="0" TAnchorOffset="-44" RAnchorPoint="1" RAnchorOffset="20" BAnchorPoint="1" BAnchorOffset="15" RelativeToClient="1" Font="Default" Text="" Template="Default" Name="NoteBG" BGColor="white" TextColor="white" Sprite="BK3:sprHolo_Alert_Flyout" Picture="1" IgnoreMouse="1" TooltipColor="" NoClip="1" Tooltip=""/>
                    </Control>
                    <Control Class="Window" LAnchorPoint="0" LAnchorOffset="23" TAnchorPoint="0" TAnchorOffset="-1" RAnchorPoint="1" RAnchorOffset="-1" BAnchorPoint="0" BAnchorOffset="19" RelativeToClient="1" Font="CRB_InterfaceMedium" Text="" Template="Default" Name="LeaveBtnLabel" BGColor="ffffffff" TextColor="UI_WindowTitleYellow" TextId="Bank_BuyConfirm" TooltipColor="" NewControlDepth="3"/>
                    <Control Class="Button" Base="CRB_Basekit:kitBtn_Holo_Close2" Font="Thick" ButtonType="PushButton" RadioGroup="" LAnchorPoint="1" LAnchorOffset="-35" TAnchorPoint="0" TAnchorOffset="2" RAnchorPoint="1" RAnchorOffset="-17" BAnchorPoint="0" BAnchorOffset="20" DT_VCENTER="1" DT_CENTER="1" Name="LeaveBtnCloseBtn" BGColor="ffffffff" TextColor="ffffffff" NormalTextColor="ffffffff" PressedTextColor="ffffffff" FlybyTextColor="ffffffff" PressedFlybyTextColor="ffffffff" DisabledTextColor="ffffffff" Text="" TooltipColor="">
                        <Event Name="ButtonSignal" Function="OnRosterLeaveCloseBtn"/>
                    </Control>
                    <Control Class="Button" Base="BK3:btnHolo_Blue_Small" Font="CRB_Button" ButtonType="PushButton" RadioGroup="" LAnchorPoint="0" LAnchorOffset="15" TAnchorPoint="1" TAnchorOffset="-73" RAnchorPoint="0.5" RAnchorOffset="2" BAnchorPoint="1" BAnchorOffset="-20" DT_VCENTER="1" DT_CENTER="1" Name="LeaveBtnYesBtn" BGColor="ffffffff" TextColor="ffffffff" NormalTextColor="UI_BtnTextBlueNormal" PressedTextColor="UI_BtnTextBluePressed" FlybyTextColor="UI_BtnTextBlueFlyby" PressedFlybyTextColor="UI_BtnTextBluePressedFlyby" DisabledTextColor="UI_BtnTextBlueDisabled" Text="" TextId="Yes" TooltipColor="">
                        <Event Name="ButtonSignal" Function="OnRosterLeaveYesClick"/>
                    </Control>
                    <Control Class="Button" Base="BK3:btnHolo_Red_Small" Font="CRB_Button" ButtonType="PushButton" RadioGroup="" LAnchorPoint="0.5" LAnchorOffset="-2" TAnchorPoint="1" TAnchorOffset="-73" RAnchorPoint="1" RAnchorOffset="-15" BAnchorPoint="1" BAnchorOffset="-20" DT_VCENTER="1" DT_CENTER="1" Name="LeaveBtnNoBtn" BGColor="ffffffff" TextColor="ffffffff" NormalTextColor="UI_BtnTextRedNormal" PressedTextColor="UI_BtnTextRedPressed" FlybyTextColor="UI_BtnTextRedFlyby" PressedFlybyTextColor="UI_BtnTextRedPressedFlyby" DisabledTextColor="UI_BtnTextRedDisabled" Text="" TextId="No" TooltipColor="">
                        <Event Name="ButtonSignal" Function="OnRosterLeaveCloseBtn"/>
                    </Control>
                    <Event Name="WindowClosed" Function="OnRosterLeaveCloseBtn"/>
                </Control>
            </Control>
        </Control>
        <Control Class="Button" Base="CRB_Basekit:kitBtn_Metal_LargeBlue" Font="CRB_Button" ButtonType="Check" RadioGroup="" LAnchorPoint="1" LAnchorOffset="-157" TAnchorPoint="1" TAnchorOffset="-57" RAnchorPoint="1" RAnchorOffset="-12" BAnchorPoint="1" BAnchorOffset="-9" DT_VCENTER="1" DT_CENTER="1" TooltipType="OnCursor" Name="EditRanksButton" BGColor="ffffffff" TextColor="ffffffff" TooltipColor="" NormalTextColor="UI_BtnTextBlueNormal" PressedTextColor="UI_BtnTextBluePressed" FlybyTextColor="UI_BtnTextBlueFlyby" PressedFlybyTextColor="UI_BtnTextBluePressedFlyby" DisabledTextColor="UI_BtnTextBlueDisabled" NoClip="1" Text="" TextId="GuildRoster_RankPermissions" Template="CRB_Default" TestAlpha="1">
            <Event Name="ButtonSignal" Function="OnRanksButtonSignal"/>
        </Control>
        <Control Class="Window" LAnchorPoint="1" LAnchorOffset="-2" TAnchorPoint="1" TAnchorOffset="-464" RAnchorPoint="1" RAnchorOffset="407" BAnchorPoint="1" BAnchorOffset="26" RelativeToClient="1" Font="Default" Text="" Template="Holo_Large" Name="EditRankPopout" Border="1" Picture="0" SwallowMouseClicks="1" Moveable="0" Escapable="0" Overlapped="1" BGColor="ffffffff" TextColor="ffffffff" TextId="" TooltipColor="" Tooltip="" NewControlDepth="16" HideInEditor="0" Visible="0" IgnoreMouse="1" Sprite="" NoClip="1" UseTemplateBG="1">
            <Control Class="Button" Base="CRB_Basekit:kitBtn_Holo_Close" Font="CRB_InterfaceMedium" ButtonType="PushButton" RadioGroup="" LAnchorPoint="1" LAnchorOffset="-58" TAnchorPoint="0" TAnchorOffset="34" RAnchorPoint="1" RAnchorOffset="-29" BAnchorPoint="0" BAnchorOffset="65" DT_VCENTER="1" DT_CENTER="1" Name="RankPopoutCloseButton" BGColor="ffffffff" TextColor="ffffffff" NewControlDepth="2" WindowSoundTemplate="TogglePhys03" TextId="" Text="" TooltipColor="" NormalTextColor="UI_TextHoloBody" PressedTextColor="ffffffff" FlybyTextColor="ff31fcf6" PressedFlybyTextColor="ffffffff" DisabledTextColor="ff800000">
                <Event Name="ButtonSignal" Function="OnRankPopoutCloseBtn"/>
            </Control>
            <Control Class="Window" LAnchorPoint="0" LAnchorOffset="3" TAnchorPoint="0" TAnchorOffset="36" RAnchorPoint="1" RAnchorOffset="-3" BAnchorPoint="1" BAnchorOffset="0" RelativeToClient="1" Font="Default" Text="" Template="Holo_Inset_Callout" TooltipType="OnCursor" Name="RankContainer" BGColor="ffffffff" TextColor="ffffffff" TooltipColor="" VScroll="0" IgnoreMouse="1" Tooltip="" Border="1" UseTemplateBG="1"/>
            <Event Name="MouseButtonDown" Function="HelperClearFocus"/>
            <Control Class="Window" LAnchorPoint="0" LAnchorOffset="-12" TAnchorPoint="0" TAnchorOffset="-12" RAnchorPoint="1" RAnchorOffset="9" BAnchorPoint="1" BAnchorOffset="12" RelativeToClient="1" Font="Default" Text="" Template="Default" TooltipType="OnCursor" Name="RankSettingsEntry" Border="0" Picture="1" SwallowMouseClicks="1" Moveable="0" Escapable="0" Overlapped="0" BGColor="ffffffff" TextColor="ffffffff" TooltipColor="" Sprite="BK3:UI_BK3_Holo_Framing_3_Blocker" IgnoreMouse="1" NewControlDepth="1" HideInEditor="0" Visible="0" NewWindowDepth="1" NoClip="1">
                <Control Class="Window" LAnchorPoint="0" LAnchorOffset="10" TAnchorPoint="1" TAnchorOffset="-391" RAnchorPoint="1" RAnchorOffset="-10" BAnchorPoint="0" BAnchorOffset="118" RelativeToClient="1" Font="Default" Text="" Template="Default" TooltipType="OnCursor" Name="RankSettingsName" BGColor="ffffffff" TextColor="ffffffff" TooltipColor="" HideInEditor="0" Visible="1" Picture="1" IgnoreMouse="1" Sprite="BK3:UI_BK3_Holo_InsetHeaderThin">
                    <Control Class="EditBox" LAnchorPoint="0" LAnchorOffset="25" TAnchorPoint="0" TAnchorOffset="39" RAnchorPoint="1" RAnchorOffset="-25" BAnchorPoint="1" BAnchorOffset="-5" RelativeToClient="1" Font="CRB_InterfaceSmall" Text="" Template="Holo_InputBox" TooltipType="OnCursor" Name="OptionString" BGColor="ffffffff" TextColor="UI_TextHoloTitle" TooltipColor="" TextId="" DT_VCENTER="1" Tooltip="" Picture="0" UseTemplateBG="1" Border="1" HideInEditor="0">
                        <Event Name="EditBoxChanging" Function="OnRankSettingsNameChanging"/>
                        <Event Name="EditBoxChanged" Function="OnRankSettingsNameChanging"/>
                    </Control>
                    <Pixie LAnchorPoint="0" LAnchorOffset="0" TAnchorPoint="0" TAnchorOffset="9" RAnchorPoint="1" RAnchorOffset="0" BAnchorPoint="0" BAnchorOffset="24" Sprite="" BGColor="white" TextColor="ff7fffb9" Rotation="0" Font="CRB_HeaderTiny" Text="" TextId="CRB_Name" DT_VCENTER="0" DT_CENTER="1"/>
                    <Control Class="Window" LAnchorPoint="0" LAnchorOffset="1" TAnchorPoint="0" TAnchorOffset="35" RAnchorPoint="1" RAnchorOffset="-1" BAnchorPoint="1" BAnchorOffset="-1" RelativeToClient="1" Font="Default" Text="" Template="Default" TooltipType="OnCursor" Name="RankSettingsNameBlocker" BGColor="9dffffff" TextColor="ffffffff" TooltipColor="" Picture="1" IgnoreMouse="0" Sprite="BlackFill" SwallowMouseClicks="1" Visible="0" NewWindowDepth="1" HideInEditor="1"/>
                    <Control Class="Window" LAnchorPoint="1" LAnchorOffset="-80" TAnchorPoint="1" TAnchorOffset="-30" RAnchorPoint="1" RAnchorOffset="-35" BAnchorPoint="1" BAnchorOffset="-10" RelativeToClient="1" Font="CRB_InterfaceSmall" Text="(16/16)" Template="Default" TooltipType="OnCursor" Name="Limit" BGColor="ffffffff" TextColor="UI_TextHoloBody" TooltipColor="" TextId="" DT_VCENTER="1" DT_RIGHT="1"/>
                </Control>
                <Control Class="Window" LAnchorPoint="0" LAnchorOffset="10" TAnchorPoint="0" TAnchorOffset="126" RAnchorPoint="1" RAnchorOffset="-10" BAnchorPoint="1" BAnchorOffset="-88" RelativeToClient="1" Font="Default" Text="" Template="Default" TooltipType="OnCursor" Name="RankSettingsPermission" Border="0" Picture="1" SwallowMouseClicks="1" Moveable="0" Escapable="0" Overlapped="0" BGColor="ffffffff" TextColor="ffffffff" TooltipColor="" HideInEditor="0" Sprite="BK3:UI_BK3_Holo_InsetHeaderThin">
                    <Pixie LAnchorPoint="0" LAnchorOffset="0" TAnchorPoint="0" TAnchorOffset="9" RAnchorPoint="1" RAnchorOffset="0" BAnchorPoint="0" BAnchorOffset="22" Sprite="" BGColor="ffffffff" TextColor="ff7fffb9" Rotation="0" Font="CRB_HeaderTiny" Text="" TextId="Group_Permissions" DT_BOTTOM="0" DT_CENTER="1"/>
                    <Control Class="Window" LAnchorPoint="0" LAnchorOffset="0" TAnchorPoint="0" TAnchorOffset="36" RAnchorPoint="1" RAnchorOffset="-2" BAnchorPoint="1" BAnchorOffset="-2" RelativeToClient="1" Font="Default" Text="" Template="Holo_ScrollListSmall" TooltipType="OnCursor" Name="PermissionContainer" BGColor="ffffffff" TextColor="ffffffff" TooltipColor="" VScroll="1" IgnoreMouse="1" AutoHideScroll="0" Border="0" UseTemplateBG="0" HideInEditor="0"/>
                    <Control Class="Window" LAnchorPoint="0" LAnchorOffset="1" TAnchorPoint="0" TAnchorOffset="35" RAnchorPoint="1" RAnchorOffset="-16" BAnchorPoint="1" BAnchorOffset="-1" RelativeToClient="1" Font="Default" Text="" Template="Default" TooltipType="OnCursor" Name="PermissionContainerBlocker" BGColor="9dffffff" TextColor="ffffffff" TooltipColor="" Picture="1" IgnoreMouse="0" Sprite="BlackFill" SwallowMouseClicks="1" Visible="0" NewWindowDepth="1" HideInEditor="0"/>
                </Control>
                <Control Class="Window" LAnchorPoint="0" LAnchorOffset="0" TAnchorPoint="1" TAnchorOffset="-87" RAnchorPoint="1" RAnchorOffset="0" BAnchorPoint="1" BAnchorOffset="-51" RelativeToClient="1" Font="CRB_InterfaceMedium_B" Text="" Template="Default" TooltipType="OnCursor" Name="MemberCount" BGColor="ffffffff" TextColor="UI_TextHoloBodyCyan" TooltipColor="" DT_CENTER="1" DT_VCENTER="1" TextId=""/>
                <Control Class="Button" Base="BK3:btnHolo_Red_Small" Font="CRB_Button" ButtonType="PushButton" RadioGroup="" LAnchorPoint="0.5" LAnchorOffset="-169" TAnchorPoint="1" TAnchorOffset="-58" RAnchorPoint="0.5" RAnchorOffset="-59" BAnchorPoint="1" BAnchorOffset="-5" DT_VCENTER="1" DT_CENTER="1" Name="RankDeleteBtn" BGColor="ffffffff" TextColor="ffffffff" NewControlDepth="2" WindowSoundTemplate="TogglePhys02" TextId="GuildRoster_DeleteRank" Text="" TooltipColor="" NormalTextColor="UI_BtnTextRedNormal" PressedTextColor="UI_BtnTextRedPressed" FlybyTextColor="UI_BtnTextRedFlyby" PressedFlybyTextColor="UI_BtnTextRedPressedFlyby" DisabledTextColor="UI_BtnTextRedDisabled" TestAlpha="1" Tooltip="" TooltipId="Action_CannotBeUndone" TooltipFont="CRB_InterfaceSmall">
                    <Event Name="ButtonSignal" Function="OnRankSettingsDeleteBtn"/>
                </Control>
                <Control Class="Button" Base="BK3:btnHolo_Blue_Small" Font="CRB_Button" ButtonType="PushButton" RadioGroup="" LAnchorPoint="0" LAnchorOffset="130" TAnchorPoint="1" TAnchorOffset="-59" RAnchorPoint="0.5" RAnchorOffset="65" BAnchorPoint="1" BAnchorOffset="-6" DT_VCENTER="1" DT_CENTER="1" Name="RankPopoutOkBtn" BGColor="white" TextColor="ffffffff" NewControlDepth="2" WindowSoundTemplate="TogglePhys02" TextId="CRB_Save" Text="" TooltipColor="" NormalTextColor="UI_BtnTextBlueNormal" PressedTextColor="UI_BtnTextBluePressed" FlybyTextColor="UI_BtnTextBlueFlyby" PressedFlybyTextColor="UI_BtnTextBluePressedFlyby" DisabledTextColor="UI_BtnTextBlueDisabled" TestAlpha="1">
                    <Event Name="ButtonSignal" Function="OnRankSettingsSaveBtn"/>
                </Control>
                <Control Class="Button" Base="BK3:btnHolo_Red_Small" Font="CRB_Button" ButtonType="PushButton" RadioGroup="" LAnchorPoint="0.5" LAnchorOffset="57" TAnchorPoint="1" TAnchorOffset="-58" RAnchorPoint="1" RAnchorOffset="-8" BAnchorPoint="1" BAnchorOffset="-5" DT_VCENTER="1" DT_CENTER="1" Name="RankPopoutCancelButton" BGColor="ffffffff" TextColor="ffffffff" NewControlDepth="2" WindowSoundTemplate="TogglePhys03" TextId="Launcher_Cancel" Text="" TooltipColor="" NormalTextColor="UI_BtnTextRedNormal" PressedTextColor="UI_BtnTextRedPressed" FlybyTextColor="UI_BtnTextRedFlyby" PressedFlybyTextColor="UI_BtnTextRedPressedFlyby" DisabledTextColor="UI_BtnTextRedDisabled" TestAlpha="1" Tooltip="">
                    <Event Name="ButtonSignal" Function="OnRankSettingsCloseBtn"/>
                </Control>
                <Control Class="Button" Base="CRB_UIKitSprites:btn_close_Hologram" Font="CRB_InterfaceMedium_B" ButtonType="PushButton" RadioGroup="" LAnchorPoint="1" LAnchorOffset="-33" TAnchorPoint="0" TAnchorOffset="-45" RAnchorPoint="1" RAnchorOffset="-5" BAnchorPoint="0" BAnchorOffset="-12" DT_VCENTER="1" DT_CENTER="1" Name="RankPopoutCancelButton1" BGColor="ffffffff" TextColor="ffffffff" NewControlDepth="2" WindowSoundTemplate="TogglePhys03" TextId="" Text="" TooltipColor="" NormalTextColor="UI_BtnTextRedNormal" PressedTextColor="UI_BtnTextRedPressed" FlybyTextColor="UI_BtnTextRedFlyby" PressedFlybyTextColor="UI_BtnTextRedPressedFlyby" DisabledTextColor="UI_BtnTextRedDisabled">
                    <Event Name="ButtonSignal" Function="OnRankSettingsCloseBtn"/>
                </Control>
                <Pixie LAnchorPoint="0" LAnchorOffset="0" TAnchorPoint="0" TAnchorOffset="15" RAnchorPoint="1" RAnchorOffset="0" BAnchorPoint="0" BAnchorOffset="100" Sprite="" BGColor="white" TextColor="UI_WindowTitleYellow" Rotation="0" Font="CRB_HeaderMedium" Text="" TextId="Circles_EditRank" DT_CENTER="1"/>
            </Control>
            <Pixie LAnchorPoint="0" LAnchorOffset="0" TAnchorPoint="0" TAnchorOffset="3" RAnchorPoint="1" RAnchorOffset="0" BAnchorPoint="0" BAnchorOffset="42" BGColor="ffffffff" Font="CRB_HeaderMedium" TextColor="UI_WindowTitleYellow" Text="" TextId="GuildRoster_RankPermissions" DT_CENTER="1" Line="0"/>
        </Control>
    </Form>
    <Form Class="Window" LAnchorPoint="0" LAnchorOffset="0" TAnchorPoint="0" TAnchorOffset="0" RAnchorPoint="1" RAnchorOffset="0" BAnchorPoint="0" BAnchorOffset="50" RelativeToClient="1" Font="Default" Text="" Template="Default" TooltipType="OnCursor" Name="RankEntry" Border="0" Picture="0" SwallowMouseClicks="1" Moveable="0" Escapable="0" Overlapped="0" BGColor="ffffffff" TextColor="ffffffff" TooltipColor="" Tooltip="">
        <Control Class="Button" Base="BK3:btnHolo_Blue_Small" Font="CRB_Button" ButtonType="PushButton" RadioGroup="" LAnchorPoint="1" LAnchorOffset="-101" TAnchorPoint="0.5" TAnchorOffset="-26" RAnchorPoint="1" RAnchorOffset="-1" BAnchorPoint="0.5" BAnchorOffset="27" DT_VCENTER="1" DT_CENTER="1" TooltipType="OnCursor" Name="ModifyRankBtn" BGColor="ffffffff" TextColor="ffffffff" TooltipColor="" NormalTextColor="UI_BtnTextHoloListNormal" PressedTextColor="UI_BtnTextHoloListPressed" FlybyTextColor="UI_BtnTextHoloListFlyby" PressedFlybyTextColor="UI_BtnTextHoloListPressedFlyby" DisabledTextColor="UI_BtnTextHoloListDisabled" Text="" TextId="CRB_View">
            <Event Name="ButtonSignal" Function="OnRemoveRankBtnSignal"/>
        </Control>
        <Control Class="Window" LAnchorPoint="0" LAnchorOffset="10" TAnchorPoint="0" TAnchorOffset="10" RAnchorPoint="1" RAnchorOffset="-100" BAnchorPoint="1" BAnchorOffset="-10" RelativeToClient="1" Font="CRB_InterfaceMedium_B" Text="" Template="Default" TooltipType="OnCursor" Name="OptionString" BGColor="ffffffff" TextColor="UI_TextHoloTitle" TooltipColor="" DT_VCENTER="1"/>
        <Pixie LAnchorPoint="0" LAnchorOffset="10" TAnchorPoint="1" TAnchorOffset="-1" RAnchorPoint="1" RAnchorOffset="0" BAnchorPoint="1" BAnchorOffset="0" Sprite="WhiteFill" BGColor="UI_AlphaPercent10" TextColor="black" Rotation="0" Font="Default"/>
    </Form>
    <Form Class="Window" LAnchorPoint="0" LAnchorOffset="0" TAnchorPoint="0" TAnchorOffset="0" RAnchorPoint="1" RAnchorOffset="0" BAnchorPoint="0" BAnchorOffset="73" RelativeToClient="1" Font="Default" Text="" Template="Default" TooltipType="OnCursor" Name="AddRankEntry" Border="0" Picture="0" SwallowMouseClicks="1" Moveable="0" Escapable="0" Overlapped="0" BGColor="ffffffff" TextColor="ffffffff" TooltipColor="">
        <Control Class="Button" Base="BK3:btnHolo_Blue_Med" Font="CRB_Button" ButtonType="PushButton" RadioGroup="" LAnchorPoint="0" LAnchorOffset="12" TAnchorPoint="0" TAnchorOffset="0" RAnchorPoint="1" RAnchorOffset="0" BAnchorPoint="1" BAnchorOffset="0" DT_VCENTER="1" DT_CENTER="1" TooltipType="OnCursor" Name="AddRankBtn" BGColor="ffffffff" TextColor="ffffffff" TooltipColor="" NormalTextColor="UI_BtnTextHoloListNormal" PressedTextColor="UI_BtnTextHoloListPressed" FlybyTextColor="UI_BtnTextHoloListFlyby" PressedFlybyTextColor="UI_BtnTextHoloListPressedFlyby" DisabledTextColor="UI_BtnTextHoloListDisabled" Text="" TextId="Circles_AddRank">
            <Event Name="ButtonSignal" Function="OnAddRankBtnSignal"/>
        </Control>
    </Form>
    <Form Class="Window" LAnchorPoint="0" LAnchorOffset="0" TAnchorPoint="0" TAnchorOffset="0" RAnchorPoint="1" RAnchorOffset="0" BAnchorPoint="0" BAnchorOffset="30" RelativeToClient="1" Font="Default" Text="" Template="Default" TooltipType="OnCursor" Name="PermissionEntry" Border="0" Picture="0" SwallowMouseClicks="1" Moveable="0" Escapable="0" Overlapped="0" BGColor="ffffffff" TextColor="ffffffff" TooltipColor="" Tooltip="">
        <Control Class="Button" Base="BK3:btnHolo_ListView_Simple" Font="CRB_InterfaceSmall" ButtonType="Check" RadioGroup="" LAnchorPoint="0" LAnchorOffset="0" TAnchorPoint="0" TAnchorOffset="0" RAnchorPoint="1" RAnchorOffset="0" BAnchorPoint="1" BAnchorOffset="0" DT_VCENTER="1" DT_CENTER="0" Name="PermissionBtn" BGColor="ffffffff" TextColor="ffffffff" NormalTextColor="UI_TextHoloBody" PressedTextColor="ff31fcf6" FlybyTextColor="UI_TextHoloBody" PressedFlybyTextColor="ff31fcf6" DisabledTextColor="ff800000" Template="CRB_Normal" NewControlDepth="3" Text="" TextId="Circles_PermissionBtnText" DT_WORDBREAK="1" RadioDisallowNonSelection="0" DrawAsCheckbox="0" TooltipColor="" NoClip="0">
            <Event Name="ButtonCheck" Function="OnRankSettingsPermissionBtn"/>
            <Event Name="ButtonUncheck" Function="OnRankSettingsPermissionBtn"/>
        </Control>
    </Form>
</Forms>
