<?xml version="1.0" encoding="UTF-8" standalone="yes" ?>
<Forms>
    <Form Class="Window" LAnchorPoint="0" LAnchorOffset="32" TAnchorPoint="0" TAnchorOffset="15" RAnchorPoint="0" RAnchorOffset="762" BAnchorPoint="0" BAnchorOffset="644" RelativeToClient="1" Font="Default" Text="" Template="Default" TooltipType="OnCursor" Name="BuildMapForm" Picture="1" Moveable="1" Escapable="1" Overlapped="1" BGColor="white" TextColor="white" TooltipColor="" IgnoreMouse="0" Sprite="" Tooltip="">
        <Control Class="Window" LAnchorPoint="0" LAnchorOffset="18" TAnchorPoint="0" TAnchorOffset="63" RAnchorPoint="1" RAnchorOffset="-18" BAnchorPoint="1" BAnchorOffset="-226" RelativeToClient="1" Font="Default" Text="" Template="Holo_Background_General" TooltipType="OnCursor" Name="TopSection" BGColor="white" TextColor="white" TooltipColor="" Picture="1" IgnoreMouse="1" Sprite="">
            <Control Class="ZoneMapWindow" LAnchorPoint="0" LAnchorOffset="4" TAnchorPoint="0" TAnchorOffset="3" RAnchorPoint="1" RAnchorOffset="-4" BAnchorPoint="1" BAnchorOffset="-5" RelativeToClient="1" Font="Default" Text="" Template="Default" Name="WorldMap" BGColor="UI_AlphaPercent60" TextColor="white" DrawObjectsOnContinent="1" TooltipType="OnCursor" IgnoreTooltipDelay="1" DisableMousePan="0" DisableWheelZoom="1" TooltipColor="">
                <Event Name="MouseButtonDown" Function="OnMapButtonDown"/>
                <Event Name="MouseMove" Function="OnMapMouseMove"/>
                <Event Name="MouseButtonUp" Function="OnMapButtonUp"/>
            </Control>
        </Control>
        <Control Class="Window" LAnchorPoint="0" LAnchorOffset="4" TAnchorPoint="1" TAnchorOffset="-238" RAnchorPoint="1" RAnchorOffset="-9" BAnchorPoint="1" BAnchorOffset="-1" RelativeToClient="1" Font="Default" Text="" Template="Default" TooltipType="OnCursor" Name="BottomSection" BGColor="white" TextColor="white" TooltipColor="" Sprite="" Picture="1" IgnoreMouse="1">
            <Control Class="Window" LAnchorPoint="0" LAnchorOffset="22" TAnchorPoint="0" TAnchorOffset="8" RAnchorPoint="1" RAnchorOffset="-14" BAnchorPoint="1" BAnchorOffset="-18" RelativeToClient="1" Font="Default" Text="" Template="Default" TooltipType="OnCursor" Name="CategoryFilterFrame" BGColor="white" TextColor="white" TooltipColor="" Sprite="BK3:UI_BK3_Metal_Inset_Block2" Picture="1" IgnoreMouse="1" NewControlDepth="1"/>
            <Control Class="Window" LAnchorPoint="0" LAnchorOffset="21" TAnchorPoint="0" TAnchorOffset="5" RAnchorPoint="0" RAnchorOffset="234" BAnchorPoint="1" BAnchorOffset="-18" RelativeToClient="1" Font="Default" Text="" Template="Default" TooltipType="OnCursor" Name="CategoryFilterSection" BGColor="white" TextColor="white" TooltipColor="" Sprite="" Picture="1" IgnoreMouse="1" NewControlDepth="1">
                <Control Class="Window" LAnchorPoint="0" LAnchorOffset="12" TAnchorPoint="1" TAnchorOffset="-165" RAnchorPoint="1" RAnchorOffset="-16" BAnchorPoint="1" BAnchorOffset="-11" RelativeToClient="1" Font="Default" Text="" Template="Default" TooltipType="OnCursor" Name="CategoryFilterItemContainer" BGColor="white" TextColor="white" TooltipColor=""/>
                <Control Class="Window" LAnchorPoint="0" LAnchorOffset="10" TAnchorPoint="0" TAnchorOffset="13" RAnchorPoint="1" RAnchorOffset="-15" BAnchorPoint="1" BAnchorOffset="-10" RelativeToClient="1" Font="Default" Text="" Template="Default" TooltipType="OnCursor" Name="CategoryFilterBG" BGColor="white" TextColor="white" TooltipColor="" Sprite="BK3:sprMetal_Metal_InsetHeaderThin" Picture="1" IgnoreMouse="1">
                    <Pixie LAnchorPoint="0" LAnchorOffset="16" TAnchorPoint="0" TAnchorOffset="9" RAnchorPoint="1" RAnchorOffset="-16" BAnchorPoint="0" BAnchorOffset="41" BGColor="white" Font="CRB_HeaderSmall" TextColor="UI_TextMetalBodyHighlight" Text="" TextId="BuildMap_FilterHeader" DT_CENTER="1" Line="0"/>
                </Control>
            </Control>
            <Control Class="Window" LAnchorPoint="0" LAnchorOffset="224" TAnchorPoint="0" TAnchorOffset="18" RAnchorPoint="1" RAnchorOffset="-30" BAnchorPoint="1" BAnchorOffset="-29" RelativeToClient="1" Font="Default" Text="" Template="Metal_ScrollList" TooltipType="OnCursor" Name="SelectionItemContainer" BGColor="white" TextColor="white" TooltipColor="" HScroll="1" IgnoreMouse="1" AutoHideScroll="1" Border="0" UseTemplateBG="0" Sprite="" Picture="1"/>
            <Control Class="Window" LAnchorPoint="0" LAnchorOffset="222" TAnchorPoint="0" TAnchorOffset="18" RAnchorPoint="1" RAnchorOffset="-27" BAnchorPoint="1" BAnchorOffset="-28" RelativeToClient="1" Font="Default" Text="" BGColor="UI_WindowBGDefault" TextColor="UI_WindowTextDefault" Template="Default" TooltipType="OnCursor" Name="ScrollBacking" TooltipColor="" Sprite="BK3:UI_BK3_Metal_Inset_SharpCorner" Picture="1" IgnoreMouse="1" NoClip="1" NewControlDepth="5"/>
        </Control>
        <Control Class="Window" LAnchorPoint="0" LAnchorOffset="-4" TAnchorPoint="0" TAnchorOffset="-4" RAnchorPoint="1" RAnchorOffset="4" BAnchorPoint="1" BAnchorOffset="4" RelativeToClient="1" Font="Default" Text="" Template="Metal_Primary_NoNav" TooltipType="OnCursor" Name="BuilderMapFormBG" BGColor="white" TextColor="white" TooltipColor="" Sprite="" Picture="0" IgnoreMouse="1" NewControlDepth="3" Border="1" UseTemplateBG="1">
            <Control Class="Window" LAnchorPoint="0" LAnchorOffset="9" TAnchorPoint="0" TAnchorOffset="11" RAnchorPoint="1" RAnchorOffset="-8" BAnchorPoint="0" BAnchorOffset="63" RelativeToClient="1" Font="Default" Text="" Template="Default" TooltipType="OnCursor" Name="TopSectionTitleBG" BGColor="white" TextColor="white" TooltipColor="" Sprite="" Picture="1" IgnoreMouse="1" NewWindowDepth="1">
                <Control Class="Window" LAnchorPoint=".5" LAnchorOffset="-250" TAnchorPoint="0" TAnchorOffset="14" RAnchorPoint=".5" RAnchorOffset="250" BAnchorPoint="0" BAnchorOffset="51" RelativeToClient="1" Font="CRB_HeaderMedium" Text="" Template="Default" TooltipType="OnCursor" Name="TopSectionTitleText" BGColor="white" TextColor="UI_WindowTitleYellow" TooltipColor="" TextId="Challenges_NoProgress" DT_CENTER="1" Tooltip="" Sprite="BK3:sprMetal_Framing_Header" Picture="1" IgnoreMouse="1" DT_VCENTER="1"/>
            </Control>
            <Control Class="Button" Base="CRB_Basekit:kitBtn_Close" Font="Thick" ButtonType="PushButton" RadioGroup="" LAnchorPoint="1" LAnchorOffset="-52" TAnchorPoint="0" TAnchorOffset="25" RAnchorPoint="1" RAnchorOffset="-25" BAnchorPoint="0" BAnchorOffset="54" DT_VCENTER="1" DT_CENTER="1" TooltipType="OnCursor" Name="CloseBtn" BGColor="white" TextColor="white" TooltipColor="" NormalTextColor="white" PressedTextColor="white" FlybyTextColor="white" PressedFlybyTextColor="white" DisabledTextColor="white">
                <Event Name="ButtonSignal" Function="OnCloseBtn"/>
            </Control>
            <Control Class="Window" LAnchorPoint="0" LAnchorOffset="11" TAnchorPoint="0" TAnchorOffset="84" RAnchorPoint="0" RAnchorOffset="172" BAnchorPoint="0" BAnchorOffset="113" RelativeToClient="1" Font="CRB_InterfaceMedium" Text="" Template="Default" TooltipType="OnCursor" Name="Settings" BGColor="white" TextColor="UI_BtnTextBlueNormal" TooltipColor="" IgnoreMouse="1" NoClip="0" NewWindowDepth="1">
                <Control Class="Button" Base="BK3:btnHolo_Check" Font="CRB_InterfaceMedium" ButtonType="Check" RadioGroup="" LAnchorPoint="0" LAnchorOffset="0" TAnchorPoint="0" TAnchorOffset="0" RAnchorPoint="1" RAnchorOffset="0" BAnchorPoint="1" BAnchorOffset="0" DT_VCENTER="1" DT_CENTER="1" TooltipType="OnCursor" Name="KeepWindowOpenBtn" BGColor="white" TextColor="UI_BtnTextBlueNormal" TooltipColor="" NormalTextColor="UI_BtnTextBlueNormal" PressedTextColor="UI_BtnTextBluePressed" FlybyTextColor="UI_BtnTextBlueFlyby" PressedFlybyTextColor="UI_BtnTextBluePressedFlyby" DisabledTextColor="UI_BtnTextBlueDisabled" Text="">
                    <Pixie LAnchorPoint="0" LAnchorOffset="30" TAnchorPoint="0" TAnchorOffset="-2" RAnchorPoint="1" RAnchorOffset="0" BAnchorPoint="1" BAnchorOffset="0" BGColor="white" Font="CRB_InterfaceSmall" TextColor="white" Text="" TextId="BuildMap_KeepWindowOpenWhileBuilding" DT_VCENTER="1" Line="0"/>
                    <Event Name="ButtonCheck" Function="OnKeepWindowBtnCheck"/>
                    <Event Name="ButtonUncheck" Function="OnKeepWindowBtnCheck"/>
                </Control>
            </Control>
        </Control>
        <Event Name="WindowClosed" Function="OnWindowClosed"/>
        <Control Class="Window" LAnchorPoint="0" LAnchorOffset="13" TAnchorPoint="0" TAnchorOffset="391" RAnchorPoint="1" RAnchorOffset="-9" BAnchorPoint="0" BAnchorOffset="407" RelativeToClient="1" Font="Default" Text="" BGColor="UI_WindowBGDefault" TextColor="UI_WindowTextDefault" Template="Default" TooltipType="OnCursor" Name="Divider" TooltipColor="" Sprite="BK3:UI_BK3_Metal_Inset_Divider_H" Picture="1" IgnoreMouse="1" NewControlDepth="5"/>
    </Form>
    <Form Class="Window" LAnchorPoint="0" LAnchorOffset="0" TAnchorPoint="0" TAnchorOffset="0" RAnchorPoint="1" RAnchorOffset="0" BAnchorPoint="0" BAnchorOffset="51" RelativeToClient="1" Font="Default" Text="" Template="Default" TooltipType="OnCursor" Name="CategoryFilterItem" BGColor="white" TextColor="white" TooltipColor="" IgnoreMouse="1" Overlapped="1" TooltipFont="CRB_InterfaceSmall_O">
        <Control Class="Button" Base="BK3:btnMetal_ExpandMenu_Small" Font="CRB_InterfaceMedium_B" ButtonType="Check" RadioGroup="" LAnchorPoint="0" LAnchorOffset="0" TAnchorPoint="0" TAnchorOffset="0" RAnchorPoint="1" RAnchorOffset="0" BAnchorPoint="1" BAnchorOffset="0" DT_VCENTER="1" DT_CENTER="1" TooltipType="OnCursor" Name="CategoryFilterBtn" BGColor="white" TextColor="white" TooltipColor="" NormalTextColor="UI_TextHoloBody" PressedTextColor="UI_BtnTextHoloPressed" FlybyTextColor="UI_BtnTextHoloFlyby" PressedFlybyTextColor="UI_BtnTextHoloPressedFlyby" DisabledTextColor="UI_BtnTextHoloDisabled" Text="" TextId="" GlobalRadioGroup="BuilderMap_CategoryFilterBtn_GlobalRadioGroup" RadioDisallowNonSelection="0" RelativeToClient="1" IgnoreMouse="1">
            <Control Class="Window" LAnchorPoint="0" LAnchorOffset="10" TAnchorPoint="0" TAnchorOffset="-2" RAnchorPoint="1" RAnchorOffset="-20" BAnchorPoint="0" BAnchorOffset="32" RelativeToClient="1" Font="CRB_InterfaceMedium_B" Text="" Template="Default" TooltipType="OnCursor" Name="CategoryFilterName" BGColor="white" TextColor="UI_BtnTextGoldListNormal" TooltipColor="" TextId="SettlerAvenueType_Security" DT_CENTER="0" DT_VCENTER="1"/>
            <Control Class="Window" LAnchorPoint="0" LAnchorOffset="8" TAnchorPoint="1" TAnchorOffset="-18" RAnchorPoint="1" RAnchorOffset="-38" BAnchorPoint="1" BAnchorOffset="0" RelativeToClient="1" Font="Default" Text="" Template="Default" TooltipType="OnCursor" Name="CategoryFilterBarBG" BGColor="white" TextColor="white" TooltipColor="" Sprite="CRB_Basekit:kitIProgBar_Inlay_Base" Picture="1" IgnoreMouse="1" NewControlDepth="1"/>
            <Control Class="ProgressBar" Text="" LAnchorPoint="0" LAnchorOffset="12" TAnchorPoint="1" TAnchorOffset="-19" RAnchorPoint="1" RAnchorOffset="-42" BAnchorPoint="1" BAnchorOffset="0" AutoSetText="0" UseValues="0" RelativeToClient="1" SetTextToProgress="0" DT_CENTER="1" DT_VCENTER="1" ProgressEmpty="" ProgressFull="CRB_Basekit:kitIProgBar_Simple_Fill" TooltipType="OnCursor" Name="CategoryFilterBar" BGColor="white" TextColor="white" TooltipColor="" BarColor="" Sprite="CRB_Basekit:kitIProgBar_Simple_Fill" Picture="0" IgnoreMouse="1" TooltipFont="CRB_InterfaceSmall_O"/>
            <Event Name="ButtonCheck" Function="OnCategoryFilterBtnCheck"/>
            <Event Name="ButtonUncheck" Function="OnCategoryFilterBtnUncheck"/>
        </Control>
    </Form>
    <Form Class="Window" LAnchorPoint="0" LAnchorOffset="0" TAnchorPoint="0" TAnchorOffset="0" RAnchorPoint="0" RAnchorOffset="175" BAnchorPoint="0" BAnchorOffset="175" RelativeToClient="1" Font="Default" Text="" Template="Default" TooltipType="OnCursor" Name="SelectionItem" BGColor="white" TextColor="white" TooltipColor="" HideInEditor="0" IgnoreMouse="1" Overlapped="1">
        <Control Class="Button" Base="CRB_Basekit:kitBtn_List_MetalBorder" Font="Thick" ButtonType="Check" RadioGroup="" LAnchorPoint="0" LAnchorOffset="20" TAnchorPoint="0" TAnchorOffset="20" RAnchorPoint="1" RAnchorOffset="-20" BAnchorPoint="1" BAnchorOffset="-20" DT_VCENTER="1" DT_CENTER="1" TooltipType="OnCursor" Name="SelectionItemBtn" BGColor="white" TextColor="white" TooltipColor="" NormalTextColor="white" PressedTextColor="white" FlybyTextColor="white" PressedFlybyTextColor="white" DisabledTextColor="white" Picture="1" Sprite="" RelativeToClient="1" TestAlpha="1" GlobalRadioGroup="BuilderMap_SelectionItemBtn_GlobalRadioGroup" Text="" Tooltip="">
            <Control Class="Window" LAnchorPoint="0.5" LAnchorOffset="-34" TAnchorPoint="0" TAnchorOffset="22" RAnchorPoint="0.5" RAnchorOffset="34" BAnchorPoint="0" BAnchorOffset="90" RelativeToClient="1" Font="Default" Text="" Template="Default" TooltipType="OnCursor" Name="SelectionItemBG" BGColor="white" TextColor="white" TooltipColor="" Sprite="BK3:UI_BK3_Metal_Inset_SharpCorner" Picture="1" IgnoreMouse="1" NewControlDepth="1"/>
            <Control Class="Window" LAnchorPoint="0.5" LAnchorOffset="-26" TAnchorPoint="0" TAnchorOffset="31" RAnchorPoint="0.5" RAnchorOffset="26" BAnchorPoint="0" BAnchorOffset="83" RelativeToClient="1" Font="CRB_InterfaceMedium_BO" Text="+30" Template="Default" TooltipType="OnCursor" Name="SelectionItemIcon" BGColor="white" TextColor="UI_TextHoloTitle" TooltipColor="" Sprite="ClientSprites:Icon_Windows_UI_CRB_Colonist" Picture="1" IgnoreMouse="1" TextId="" DT_BOTTOM="1" DT_RIGHT="1" NewControlDepth="1"/>
            <Control Class="Window" LAnchorPoint="0.5" LAnchorOffset="-27" TAnchorPoint="0" TAnchorOffset="29" RAnchorPoint="0.5" RAnchorOffset="27" BAnchorPoint="0" BAnchorOffset="83" RelativeToClient="1" Font="Default" Text="" Template="Default" TooltipType="OnCursor" Name="SelectionItemLock" BGColor="UI_AlphaPercent85" TextColor="white" TooltipColor="" Sprite="ClientSprites:BlackFill" Picture="1" IgnoreMouse="1" Visible="0" NewControlDepth="1" TooltipFont="CRB_InterfaceMedium_O" Tooltip="">
                <Control Class="Window" LAnchorPoint="0" LAnchorOffset="8" TAnchorPoint="0" TAnchorOffset="8" RAnchorPoint="1" RAnchorOffset="-8" BAnchorPoint="1" BAnchorOffset="-8" RelativeToClient="1" Font="Default" Text="" Template="Default" TooltipType="OnCursor" Name="SelectionItemLockIcon" BGColor="white" TextColor="white" TooltipColor="" Sprite="ClientSprites:Icon_Windows_UI_CRB_Lock_Holo" Picture="1" IgnoreMouse="1" Visible="1"/>
            </Control>
            <Control Class="Window" LAnchorPoint="0.5" LAnchorOffset="-27" TAnchorPoint="0" TAnchorOffset="29" RAnchorPoint="0.5" RAnchorOffset="27" BAnchorPoint="0" BAnchorOffset="83" RelativeToClient="1" Font="Default" Text="" Template="Default" TooltipType="OnCursor" Name="SelectionItemNoMaterial" BGColor="UI_IconDisabledRed" TextColor="white" TooltipColor="" Sprite="ClientSprites:WhiteFill" Picture="1" IgnoreMouse="1" Tooltip="" TooltipId="BuildMap_NeedMoreMats" NewControlDepth="1" HideInEditor="0" TooltipFont="CRB_InterfaceMedium_O"/>
            <Control Class="Window" LAnchorPoint="0" LAnchorOffset="78" TAnchorPoint="0" TAnchorOffset="24" RAnchorPoint="0" RAnchorOffset="103" BAnchorPoint="0" BAnchorOffset="49" RelativeToClient="1" Font="Default" Text="" Template="Default" TooltipType="OnCursor" Name="SelectionItemCheckmark" BGColor="white" TextColor="white" TooltipColor="" Sprite="CRB_CharacterCreateSprites:sprCharC_NameCheckYes" Picture="1" IgnoreMouse="1" Visible="0" NewControlDepth="1" TooltipFont="CRB_InterfaceMedium_O" Tooltip="" TooltipId="BuildMap_AlreadyBuilt"/>
            <Control Class="Window" LAnchorPoint="0" LAnchorOffset="10" TAnchorPoint="0" TAnchorOffset="89" RAnchorPoint="1" RAnchorOffset="-10" BAnchorPoint="1" BAnchorOffset="-7" RelativeToClient="1" Font="CRB_InterfaceSmall" Text="" Template="Default" TooltipType="OnCursor" Name="SelectionItemName" BGColor="white" TextColor="UI_TextHoloTitle" TooltipColor="" DT_CENTER="1" DT_VCENTER="1" TextId="" DT_WORDBREAK="1" IgnoreMouse="1" AutoScaleText="1"/>
            <Event Name="ButtonCheck" Function="OnSelectionItemShowExtraInfo"/>
            <Event Name="ButtonUncheck" Function="HideMapHover"/>
        </Control>
    </Form>
    <Form Class="Window" LAnchorPoint="0" LAnchorOffset="0" TAnchorPoint="0" TAnchorOffset="-106" RAnchorPoint="0" RAnchorOffset="175" BAnchorPoint="0" BAnchorOffset="19" RelativeToClient="1" Font="Default" Text="" Template="Default" TooltipType="OnCursor" Name="SelectionItemPopOut" BGColor="white" TextColor="white" TooltipColor="" TopEdgeControlsAnchor="" HideInEditor="0" IgnoreMouse="1" NewWindowDepth="1" Overlapped="1" NoClip="1" Picture="1" Sprite="">
        <Control Class="Window" LAnchorPoint="0" LAnchorOffset="-20" TAnchorPoint="0" TAnchorOffset="-23" RAnchorPoint="1" RAnchorOffset="20" BAnchorPoint="1" BAnchorOffset="26" RelativeToClient="1" Font="Default" Text="" BGColor="UI_WindowBGDefault" TextColor="UI_WindowTextDefault" Template="Default" TooltipType="OnCursor" Name="HoloFrame" TooltipColor="" Sprite="BK3:sprHolo_Alert_Flyout" IgnoreMouse="1" NoClip="1" Picture="1"/>
        <Control Class="Window" LAnchorPoint="0" LAnchorOffset="12" TAnchorPoint="0" TAnchorOffset="35" RAnchorPoint="1" RAnchorOffset="-12" BAnchorPoint="0" BAnchorOffset="76" RelativeToClient="1" Font="CRB_InterfaceMedium_B" Text="" Template="Default" TooltipType="OnCursor" Name="PopoutCostContainer" BGColor="white" TextColor="UI_TextHoloBody" TooltipColor="" DT_VCENTER="1" TextId="" IgnoreMouse="1" Tooltip=""/>
        <Control Class="Button" Base="BK3:btnHolo_Blue_Small" Font="CRB_Button" ButtonType="PushButton" RadioGroup="" LAnchorPoint="0" LAnchorOffset="22" TAnchorPoint="1" TAnchorOffset="-60" RAnchorPoint="1" RAnchorOffset="-23" BAnchorPoint="1" BAnchorOffset="-7" DT_VCENTER="1" DT_CENTER="1" TooltipType="OnCursor" Name="PopoutBuildBtn" BGColor="white" TextColor="white" TooltipColor="" NormalTextColor="UI_BtnTextHoloNormal" PressedTextColor="UI_BtnTextHoloPressed" FlybyTextColor="UI_BtnTextHoloFlyBy" PressedFlybyTextColor="UI_BtnTextHoloListPressedFlyby" DisabledTextColor="UI_BtnTextHoloDisabled" Text="" TextId="BuildMap_BuildBtn" RelativeToClient="1">
            <Event Name="ButtonSignal" Function="OnPopoutBuildBtn"/>
        </Control>
        <Event Name="WindowClosed" Function="OnSelectionItemPopOutClosed"/>
        <Pixie LAnchorPoint="0" LAnchorOffset="0" TAnchorPoint="0" TAnchorOffset="16" RAnchorPoint="1" RAnchorOffset="0" BAnchorPoint="0" BAnchorOffset="28" BGColor="white" Font="CRB_InterfaceMedium" TextColor="UI_WindowTitleYellow" Text="" TextId="CRB_Cost" Line="0" DT_CENTER="1"/>
    </Form>
    <Form Class="Window" LAnchorPoint="0" LAnchorOffset="0" TAnchorPoint="0" TAnchorOffset="0" RAnchorPoint="0" RAnchorOffset="39" BAnchorPoint="0" BAnchorOffset="35" RelativeToClient="1" Font="Default" Text="" Template="Default" TooltipType="OnCursor" Name="ItemReward" Border="0" Picture="1" SwallowMouseClicks="1" Moveable="0" Escapable="0" Overlapped="0" BGColor="white" TextColor="white" TooltipColor="" IgnoreMouse="1" IgnoreTooltipDelay="1" Sprite="" Tooltip="">
        <Control Class="Window" LAnchorPoint="0" LAnchorOffset="3" TAnchorPoint="0" TAnchorOffset="3" RAnchorPoint="0" RAnchorOffset="32" BAnchorPoint="0" BAnchorOffset="32" RelativeToClient="1" Font="CRB_InterfaceSmall_O" Text="" Template="Default" TooltipType="OnCursor" Name="ItemRewardSprite" BGColor="white" TextColor="white" TooltipColor="" Picture="1" IgnoreMouse="1" Sprite="kitBase_HoloTeal_NoBorder" DT_RIGHT="1" DT_BOTTOM="1" TextId="" TooltipFont="CRB_InterfaceSmall_O"/>
        <Control Class="Window" LAnchorPoint="0" LAnchorOffset="3" TAnchorPoint="0" TAnchorOffset="3" RAnchorPoint="0" RAnchorOffset="32" BAnchorPoint="0" BAnchorOffset="32" RelativeToClient="1" Font="CRB_InterfaceSmall_O" Text="" Template="Default" TooltipType="OnCursor" Name="ItemRewardNoMaterials" BGColor="UI_IconDisabledRed" TextColor="white" TooltipColor="" Picture="1" IgnoreMouse="1" Sprite="ClientSprites:WhiteFill" DT_RIGHT="1" DT_BOTTOM="1" TextId="" NewControlDepth="1" Visible="0" HideInEditor="1"/>
        <Control Class="Window" LAnchorPoint="0" LAnchorOffset="0" TAnchorPoint="0" TAnchorOffset="0" RAnchorPoint="0" RAnchorOffset="35" BAnchorPoint="0" BAnchorOffset="35" RelativeToClient="1" Font="CRB_InterfaceSmall_O" Text="" Template="Default" TooltipType="OnCursor" Name="ItemRewardFrame" BGColor="white" TextColor="white" TooltipColor="" Sprite="BK3:UI_BK3_Holo_InsetSimple" Picture="1" IgnoreMouse="1" NewControlDepth="1" DT_RIGHT="1" DT_BOTTOM="1"/>
        <Control Class="Window" LAnchorPoint="0" LAnchorOffset="-1" TAnchorPoint="0" TAnchorOffset="0" RAnchorPoint="0" RAnchorOffset="35" BAnchorPoint="0" BAnchorOffset="35" RelativeToClient="1" Font="CRB_InterfaceMedium_B" Text="" Template="Default" TooltipType="OnCursor" Name="ItemRewardBigText" BGColor="white" TextColor="UI_TextHoloBody" TooltipColor="" DT_CENTER="1" DT_VCENTER="1" TextId=""/>
    </Form>
</Forms>
