<Forms>
    <Form Class="Window" LAnchorPoint="0" LAnchorOffset="0" TAnchorPoint="0" TAnchorOffset="0" RAnchorPoint="0" RAnchorOffset="500" BAnchorPoint="0" BAnchorOffset="580" RelativeToClient="1" Font="Default" Text="" Template="Default" Name="THORProfPickerForm" Border="0" Picture="0" SwallowMouseClicks="1" Moveable="1" Escapable="1" Overlapped="1" BGColor="ffffffff" TextColor="ffffffff" TextId="" IgnoreMouse="1" Sprite="" Visible="1" TransitionShowHide="1" TooltipColor="" Tooltip="">
        <Control Class="Window" LAnchorPoint="0" LAnchorOffset="17" TAnchorPoint="0" TAnchorOffset="50" RAnchorPoint="0" RAnchorOffset="187" BAnchorPoint="1" BAnchorOffset="-17" RelativeToClient="1" Font="Default" Text="" Template="Default" Name="BGLeft" BGColor="ffffffff" TextColor="ffffffff" Picture="1" IgnoreMouse="1" Sprite="CRB_Basekit:kitInnerFrame_MetalGold_Small" TooltipColor="">
            <Control Class="Window" LAnchorPoint="0" LAnchorOffset="10" TAnchorPoint="0" TAnchorOffset="10" RAnchorPoint="1" RAnchorOffset="-10" BAnchorPoint="1" BAnchorOffset="-10" RelativeToClient="1" Font="Default" Text="" Template="Default" Name="ListContainer" BGColor="ffffffff" TextColor="ffffffff" VScroll="0" IgnoreMouse="1" TooltipColor=""/>
        </Control>
        <Control Class="Window" LAnchorPoint="0" LAnchorOffset="180" TAnchorPoint="0" TAnchorOffset="55" RAnchorPoint="1" RAnchorOffset="-18" BAnchorPoint="1" BAnchorOffset="-18" RelativeToClient="1" Font="Default" Text="" Template="Default" Name="RightContainer" BGColor="ffffffff" TextColor="ffffffff" Visible="1" HideInEditor="0" TooltipColor="" Tooltip="">
            <Control Class="Window" LAnchorPoint="0" LAnchorOffset="0" TAnchorPoint="1" TAnchorOffset="-242" RAnchorPoint="1" RAnchorOffset="0" BAnchorPoint="1" BAnchorOffset="0" RelativeToClient="1" Font="Default" Text="" Template="Default" Name="BottomBG" BGColor="ffffffff" TextColor="ffffffff" Picture="1" IgnoreMouse="1" Sprite="CRB_Basekit:kitBase_HoloBlue_Small" TooltipColor="">
                <Control Class="Window" LAnchorPoint="0" LAnchorOffset="18" TAnchorPoint="0" TAnchorOffset="16" RAnchorPoint="1" RAnchorOffset="-18" BAnchorPoint="1" BAnchorOffset="-100" RelativeToClient="1" Font="CRB_InterfaceMedium" Text="" Template="Default" Name="FullDescription" BGColor="33ffffff" TextColor="ff7fffb9" TextId="TradeskillTrainer_ClickForInfo" DT_WORDBREAK="1" Sprite="" Picture="1" IgnoreMouse="1" TooltipColor="" HideInEditor="0"/>
                <Control Class="Window" LAnchorPoint="0" LAnchorOffset="84" TAnchorPoint="1" TAnchorOffset="-35" RAnchorPoint="1" RAnchorOffset="-84" BAnchorPoint="1" BAnchorOffset="-13" RelativeToClient="1" Font="CRB_InterfaceMedium_B" Text="" Template="Default" TooltipType="OnCursor" Name="AlreadyKnown" BGColor="ffffffff" TextColor="ff31fcf6" TooltipColor="" TextId="CRB_Schematic_Already_Known" DT_CENTER="1" Visible="0" Sprite="CRB_Basekit:kitIcon_Holo_Checkmark" Picture="1" IgnoreMouse="1" DT_VCENTER="1" HideInEditor="1"/>
                <Control Class="Window" LAnchorPoint="0" LAnchorOffset="20" TAnchorPoint="1" TAnchorOffset="-60" RAnchorPoint="1" RAnchorOffset="-20" BAnchorPoint="1" BAnchorOffset="-13" RelativeToClient="1" Font="CRB_InterfaceMedium_B" Text="" Template="Default" TooltipType="OnCursor" Name="HobbyMessage" BGColor="ffffffff" TextColor="ff31fcf6" TooltipColor="" TextId="TradeskillTrainer_HobbyDisclaimer" DT_CENTER="1" Visible="0" Sprite="" Picture="1" IgnoreMouse="1" DT_VCENTER="1" DT_WORDBREAK="1" HideInEditor="1"/>
                <Control Class="Button" Base="CRB_Basekit:kitBtn_Holo_Large" Font="CRB_InterfaceMedium_B" ButtonType="PushButton" RadioGroup="" LAnchorPoint="0" LAnchorOffset="16" TAnchorPoint="1" TAnchorOffset="-54" RAnchorPoint="1" RAnchorOffset="-16" BAnchorPoint="1" BAnchorOffset="-16" DT_VCENTER="1" DT_CENTER="1" Name="LearnTradeskillBtn" BGColor="ffffffff" TextColor="ffffffff" NormalTextColor="ff2f94ac" PressedTextColor="ffffffff" FlybyTextColor="ffffffff" PressedFlybyTextColor="ffffffff" DisabledTextColor="9d9d9d9d" RelativeToClient="1" IgnoreMouse="0" Text="" TextId="CRB_Learn" TooltipColor="" HideInEditor="1" Visible="0">
                    <Event Name="ButtonSignal" Function="OnLearnTradeskillBtn"/>
                </Control>
                <Control Class="Window" LAnchorPoint="0" LAnchorOffset="12" TAnchorPoint="1" TAnchorOffset="-80" RAnchorPoint="0" RAnchorOffset="76" BAnchorPoint="1" BAnchorOffset="-16" RelativeToClient="1" Font="Default" Text="" Template="Default" TooltipType="OnCursor" Name="CooldownLocked" BGColor="ffffffff" TextColor="ffffffff" TooltipColor="" Sprite="ClientSprites:Icon_Windows_UI_CRB_Lock_Holo" Picture="1" IgnoreMouse="1" Visible="0" HideInEditor="1">
                    <Control Class="Window" LAnchorPoint="1" LAnchorOffset="0" TAnchorPoint="0" TAnchorOffset="0" RAnchorPoint="1" RAnchorOffset="165" BAnchorPoint="1" BAnchorOffset="0" RelativeToClient="1" Font="CRB_InterfaceMedium_B" Text="" Template="Default" TooltipType="OnCursor" Name="CooldownLockedText" BGColor="ffffffff" TextColor="ff31fcf6" TooltipColor="" Sprite="" Picture="1" IgnoreMouse="1" NoClip="1" TextId="Challenges_NoProgress" DT_CENTER="0" DT_VCENTER="1" Tooltip=""/>
                </Control>
                <Control Class="Window" LAnchorPoint="0" LAnchorOffset="0" TAnchorPoint="1" TAnchorOffset="-125" RAnchorPoint="1" RAnchorOffset="0" BAnchorPoint="1" BAnchorOffset="0" RelativeToClient="1" Font="Default" Text="" Template="Default" TooltipType="OnCursor" Name="SwapContainer" BGColor="ffffffff" TextColor="ffffffff" TooltipColor="" HideInEditor="0" Visible="0">
                    <Control Class="Window" LAnchorPoint="0" LAnchorOffset="0" TAnchorPoint="1" TAnchorOffset="-124" RAnchorPoint="1" RAnchorOffset="0" BAnchorPoint="1" BAnchorOffset="-100" RelativeToClient="1" Font="Default" Text="" Template="Default" TooltipType="OnCursor" Name="CostWindow" BGColor="ffffffff" TextColor="ffffffff" TooltipColor="" HideInEditor="0">
                        <Control Class="CashWindow" LAnchorPoint="0" LAnchorOffset="52" TAnchorPoint="0" TAnchorOffset="0" RAnchorPoint="0" RAnchorOffset="200" BAnchorPoint="0" BAnchorOffset="24" TooltipType="OnCursor" RelativeToClient="1" Font="CRB_InterfaceSmall" Text="" Template="Default" BGColor="ffffffff" TextColor="ffffffff" DT_RIGHT="0" Name="SwapCashWindow" TooltipColor=""/>
                        <Pixie LAnchorPoint="0" LAnchorOffset="18" TAnchorPoint="0" TAnchorOffset="3" RAnchorPoint="0" RAnchorOffset="50" BAnchorPoint="1" BAnchorOffset="-3" BGColor="ffffffff" Font="CRB_InterfaceMedium_B" TextColor="ff7fffb9" Text="" TextId="CRB_Cost" Line="0"/>
                    </Control>
                    <Control Class="Button" Base="CRB_Basekit:kitBtn_Holo_Large" Font="CRB_InterfaceMedium_B" ButtonType="PushButton" RadioGroup="" LAnchorPoint="0" LAnchorOffset="16" TAnchorPoint="1" TAnchorOffset="-96" RAnchorPoint="1" RAnchorOffset="-16" BAnchorPoint="1" BAnchorOffset="-58" DT_VCENTER="1" DT_CENTER="1" Name="SwapTradeskillBtn1" BGColor="ffffffff" TextColor="ffffffff" NormalTextColor="ff2f94ac" PressedTextColor="ffffffff" FlybyTextColor="ffffffff" PressedFlybyTextColor="ffffffff" DisabledTextColor="9d9d9d9d" RelativeToClient="1" IgnoreMouse="0" Text="" TextId="" TooltipColor="" HideInEditor="0" Visible="1">
                        <Event Name="ButtonSignal" Function="OnSwapTradeskillBtn"/>
                    </Control>
                    <Control Class="Button" Base="CRB_Basekit:kitBtn_Holo_Large" Font="CRB_InterfaceMedium_B" ButtonType="PushButton" RadioGroup="" LAnchorPoint="0" LAnchorOffset="16" TAnchorPoint="1" TAnchorOffset="-54" RAnchorPoint="1" RAnchorOffset="-16" BAnchorPoint="1" BAnchorOffset="-16" DT_VCENTER="1" DT_CENTER="1" Name="SwapTradeskillBtn2" BGColor="ffffffff" TextColor="ffffffff" NormalTextColor="ff2f94ac" PressedTextColor="ffffffff" FlybyTextColor="ffffffff" PressedFlybyTextColor="ffffffff" DisabledTextColor="9d9d9d9d" RelativeToClient="1" IgnoreMouse="0" Text="" TextId="" TooltipColor="" HideInEditor="0" Visible="1">
                        <Event Name="ButtonSignal" Function="OnSwapTradeskillBtn"/>
                    </Control>
                    <Control Class="Window" LAnchorPoint="0" LAnchorOffset="10" TAnchorPoint="1" TAnchorOffset="-121" RAnchorPoint="1" RAnchorOffset="-10" BAnchorPoint="1" BAnchorOffset="-10" RelativeToClient="1" Font="CRB_InterfaceMedium_B" Text="" Template="Default" TooltipType="OnCursor" Name="SwapTimeWarningContainer" BGColor="ffffffff" TextColor="ff7fffb9" TooltipColor="" TextId="" TooltipFont="CRB_InterfaceSmall_O" Tooltip="" TooltipId="TradeskillTrainer_MaxCDTooltip" IgnoreMouse="1" IgnoreTooltipDelay="1" HideInEditor="0" NewControlDepth="1" Visible="0">
                        <Pixie LAnchorPoint="0" LAnchorOffset="8" TAnchorPoint="0" TAnchorOffset="26" RAnchorPoint="0" RAnchorOffset="42" BAnchorPoint="0" BAnchorOffset="60" BGColor="ffffffff" Font="Default" TextColor="ffffffff" Text="" Sprite="CRB_Basekit:kitIcon_NewDisabled" Line="0"/>
                        <Pixie LAnchorPoint="0" LAnchorOffset="8" TAnchorPoint="0" TAnchorOffset="69" RAnchorPoint="0" RAnchorOffset="42" BAnchorPoint="0" BAnchorOffset="103" BGColor="ffffffff" Font="Default" TextColor="ffffffff" Text="" Sprite="CRB_Basekit:kitIcon_NewDisabled" Line="0"/>
                        <Pixie LAnchorPoint="1" LAnchorOffset="-42" TAnchorPoint="0" TAnchorOffset="26" RAnchorPoint="1" RAnchorOffset="-8" BAnchorPoint="0" BAnchorOffset="60" BGColor="ffffffff" Font="Default" TextColor="ffffffff" Text="" Sprite="CRB_Basekit:kitIcon_NewDisabled" Line="0"/>
                        <Pixie LAnchorPoint="1" LAnchorOffset="-42" TAnchorPoint="0" TAnchorOffset="69" RAnchorPoint="1" RAnchorOffset="-8" BAnchorPoint="0" BAnchorOffset="103" BGColor="ffffffff" Font="Default" TextColor="ffffffff" Text="" Sprite="CRB_Basekit:kitIcon_NewDisabled" Line="0"/>
                        <Control Class="Window" LAnchorPoint="1" LAnchorOffset="-105" TAnchorPoint="0" TAnchorOffset="0" RAnchorPoint="1" RAnchorOffset="-5" BAnchorPoint="0" BAnchorOffset="20" RelativeToClient="1" Font="CRB_Interface9_B" Text="" Template="Default" TooltipType="OnCursor" Name="SwapTimeWarningLabel" BGColor="ffffffff" TextColor="ff7fffb9" TooltipColor="" TextId="CRB__2" DT_RIGHT="1" DT_CENTER="0" DT_VCENTER="0" Tooltip=""/>
                    </Control>
                </Control>
            </Control>
            <Pixie LAnchorPoint="0" LAnchorOffset="4" TAnchorPoint="0" TAnchorOffset="0" RAnchorPoint="1" RAnchorOffset="264" BAnchorPoint="1" BAnchorOffset="-242" BGColor="ffffffff" Font="Default" TextColor="ffffffff" Text="" Sprite="CraftingTutorial_TEMP:sprCrafting_TEMP_ScreenOne" Line="0"/>
        </Control>
        <Control Class="Window" LAnchorPoint="0" LAnchorOffset="0" TAnchorPoint="0" TAnchorOffset="0" RAnchorPoint="1" RAnchorOffset="0" BAnchorPoint="1" BAnchorOffset="0" RelativeToClient="1" Font="Default" Text="" Template="Default" Name="BGBorder" Picture="1" BGColor="ffffffff" TextColor="ffffffff" TextId="" IgnoreMouse="1" Sprite="CRB_Basekit:kitOuterFrame_MetalGold_Small1" NewControlDepth="1" TooltipColor=""/>
        <Event Name="WindowClosed" Function="OnWindowClosed"/>
        <Pixie LAnchorPoint="0" LAnchorOffset="15" TAnchorPoint="0" TAnchorOffset="15" RAnchorPoint="1" RAnchorOffset="-15" BAnchorPoint="1" BAnchorOffset="-15" BGColor="ffffffff" Font="Default" TextColor="ffffffff" Text="" Sprite="CRB_Basekit:kitBase_MetalGrey_Small" Line="0"/>
        <Pixie LAnchorPoint="0" LAnchorOffset="14" TAnchorPoint="0" TAnchorOffset="20" RAnchorPoint="1" RAnchorOffset="-12" BAnchorPoint="0" BAnchorOffset="91" BGColor="ffffffff" Font="Default" TextColor="ffffffff" Text="" Sprite="CRB_Basekit:kitHeader_Hybrid_TitleOptions" Line="0"/>
        <Pixie LAnchorPoint="0" LAnchorOffset="4" TAnchorPoint="0" TAnchorOffset="20" RAnchorPoint="1" RAnchorOffset="-4" BAnchorPoint="0" BAnchorOffset="44" BGColor="ffffffff" Font="CRB_InterfaceMedium_B" TextColor="ff7fffb9" Text="" TextId="TradeskillTrainer_Title" DT_CENTER="1" DT_BOTTOM="1" Line="0"/>
        <Control Class="Button" Base="CRB_Basekit:kitBtn_Close" Font="Thick" ButtonType="PushButton" RadioGroup="" LAnchorPoint="1" LAnchorOffset="-37" TAnchorPoint="0" TAnchorOffset="10" RAnchorPoint="1" RAnchorOffset="-10" BAnchorPoint="0" BAnchorOffset="39" DT_VCENTER="1" DT_CENTER="1" Name="CloseBtn" BGColor="ffffffff" TextColor="ffffffff" NormalTextColor="ffffffff" PressedTextColor="ffffffff" FlybyTextColor="ffffffff" PressedFlybyTextColor="ffffffff" DisabledTextColor="ffffffff" TooltipColor="">
            <Event Name="ButtonSignal" Function="OnClose"/>
        </Control>
    </Form>
    <Form Class="Window" LAnchorPoint="0" LAnchorOffset="0" TAnchorPoint="0" TAnchorOffset="0" RAnchorPoint="1" RAnchorOffset="0" BAnchorPoint="0" BAnchorOffset="40" RelativeToClient="1" Font="Default" Text="" Template="Default" Name="ProfListItem" Border="0" Picture="1" SwallowMouseClicks="1" Moveable="0" Escapable="0" Overlapped="0" BGColor="ffffffff" TextColor="ffffffff" IgnoreMouse="1" TooltipColor="" Tooltip="">
        <Control Class="Button" Base="CRB_Basekit:kitBtn_List_Hybrid" Font="Thick" ButtonType="Check" RadioGroup="" LAnchorPoint="0" LAnchorOffset="0" TAnchorPoint="0" TAnchorOffset="0" RAnchorPoint="1" RAnchorOffset="0" BAnchorPoint="1" BAnchorOffset="-2" DT_VCENTER="1" DT_CENTER="1" Name="ListItemBtn" BGColor="ffffffff" TextColor="ffffffff" NormalTextColor="ffffffff" PressedTextColor="ffffffff" FlybyTextColor="ffffffff" PressedFlybyTextColor="ffffffff" DisabledTextColor="ffffffff" Text="" RadioDisallowNonSelection="1" GlobalRadioGroup="THORProfPicker_ListItemGlobalRadioGroup" TooltipColor="">
            <Control Class="Window" LAnchorPoint="0" LAnchorOffset="40" TAnchorPoint="0" TAnchorOffset="0" RAnchorPoint="1" RAnchorOffset="-4" BAnchorPoint="1" BAnchorOffset="0" RelativeToClient="1" Font="CRB_InterfaceMedium" Text="" Template="Default" Name="ListItemText" BGColor="ffffffff" TextColor="ff2f94ac" DT_CENTER="0" DT_VCENTER="1" TextId="CRB__2" TooltipColor=""/>
            <Control Class="Window" LAnchorPoint="0" LAnchorOffset="15" TAnchorPoint="0.5" TAnchorOffset="-9" RAnchorPoint="0" RAnchorOffset="36" BAnchorPoint="0.5" BAnchorOffset="12" RelativeToClient="1" Font="Default" Text="" Template="Default" Name="ListItemCheck" BGColor="ffffffff" TextColor="ffffffff" Picture="1" IgnoreMouse="1" Sprite="CRB_Basekit:kitIcon_Holo_Checkmark" TooltipColor="" Tooltip="" TooltipFont="CRB_InterfaceSmall_O" TooltipType="OnCursor" TooltipId="TradeskillTrainer_LimitTooltip" NewControlDepth="1"/>
            <Event Name="ButtonCheck" Function="OnProfListItemClick"/>
        </Control>
    </Form>
    <Form Class="Window" LAnchorPoint="0" LAnchorOffset="0" TAnchorPoint="0" TAnchorOffset="0" RAnchorPoint="1" RAnchorOffset="0" BAnchorPoint="0" BAnchorOffset="40" RelativeToClient="1" Font="Default" Text="" Template="Default" Name="HobbyListItem" Border="0" Picture="1" SwallowMouseClicks="1" Moveable="0" Escapable="0" Overlapped="0" BGColor="ffffffff" TextColor="ffffffff" IgnoreMouse="1" TooltipColor="" Tooltip="">
        <Control Class="Button" Base="CRB_Basekit:kitBtn_List_Hybrid" Font="Thick" ButtonType="Check" RadioGroup="" LAnchorPoint="0" LAnchorOffset="0" TAnchorPoint="0" TAnchorOffset="0" RAnchorPoint="1" RAnchorOffset="0" BAnchorPoint="1" BAnchorOffset="-2" DT_VCENTER="1" DT_CENTER="1" Name="ListItemBtn" BGColor="ffffffff" TextColor="ffffffff" NormalTextColor="ffffffff" PressedTextColor="ffffffff" FlybyTextColor="ffffffff" PressedFlybyTextColor="ffffffff" DisabledTextColor="ffffffff" Text="" RadioDisallowNonSelection="1" GlobalRadioGroup="THORProfPicker_ListItemGlobalRadioGroup" TooltipColor="">
            <Control Class="Window" LAnchorPoint="0" LAnchorOffset="40" TAnchorPoint="0" TAnchorOffset="0" RAnchorPoint="1" RAnchorOffset="-4" BAnchorPoint="1" BAnchorOffset="0" RelativeToClient="1" Font="CRB_InterfaceMedium" Text="" Template="Default" Name="ListItemText" BGColor="ffffffff" TextColor="ff7fffb9" DT_CENTER="0" DT_VCENTER="1" TextId="CRB__2" TooltipColor="" Tooltip=""/>
            <Control Class="Window" LAnchorPoint="0" LAnchorOffset="15" TAnchorPoint="0.5" TAnchorOffset="-9" RAnchorPoint="0" RAnchorOffset="36" BAnchorPoint="0.5" BAnchorOffset="12" RelativeToClient="1" Font="Default" Text="" Template="Default" Name="ListItemCheck" BGColor="ffffff00" TextColor="ffffffff" Picture="1" IgnoreMouse="1" Sprite="CRB_Basekit:kitIcon_Holo_Checkmark" TooltipColor="" Visible="1" HideInEditor="0" TooltipFont="CRB_InterfaceSmall_O" TooltipType="OnCursor" Tooltip="" TooltipId="TradeskillTrainer_ShortHobbyDisclaimer" NewControlDepth="1"/>
            <Event Name="ButtonCheck" Function="OnHobbyListItemClick"/>
        </Control>
    </Form>
</Forms>
