<?xml version="1.0" ?>
<Forms>
    <!-- The rest of the Datachron -->
    <Form Class="Window" LAnchorPoint="0" LAnchorOffset="0" TAnchorPoint="0" TAnchorOffset="0" RAnchorPoint="0" RAnchorOffset="290" BAnchorPoint="0" BAnchorOffset="188" RelativeToClient="1" Name="ExplorerMain" BGColor="white" TextColor="white" Overlapped="1" Visible="1" Tooltip="" TooltipId="" Text="" Sprite="" Picture="1" TooltipColor="" Template="Holo_Background_Datachron" HideInEditor="0">
        <Control Class="Window" LAnchorPoint="0" LAnchorOffset="0" TAnchorPoint="0" TAnchorOffset="0" RAnchorPoint="1" RAnchorOffset="0" BAnchorPoint="1" BAnchorOffset="0" RelativeToClient="0" Font="Default" Text="" Template="Holo_ScrollListSmall" Name="MissionList" BGColor="white" TextColor="white" VScroll="1" NewControlDepth="1" IgnoreMouse="1" Visible="0" AutoHideScroll="0" TooltipColor=""/>
        <Control Class="Window" LAnchorPoint="0" LAnchorOffset="0" TAnchorPoint="0" TAnchorOffset="0" RAnchorPoint="1" RAnchorOffset="0" BAnchorPoint="1" BAnchorOffset="0" RelativeToClient="1" Font="Default" Text="" Template="Default" Name="ExpMissionsMainContainer" BGColor="white" TextColor="white" TooltipColor="" Tooltip=""/>
        <Control Class="Window" LAnchorPoint="0" LAnchorOffset="20" TAnchorPoint="0" TAnchorOffset="26" RAnchorPoint="1" RAnchorOffset="-20" BAnchorPoint="1" BAnchorOffset="1" RelativeToClient="1" Font="CRB_InterfaceMedium" Text="" Template="Default" Name="EmptyLabel" BGColor="white" TextColor="UI_WindowTitleGray" TextId="ExplorerMissions_NoneToTrack" DT_CENTER="1" DT_WORDBREAK="1" Visible="0" HideInEditor="1" TooltipColor=""/>
        <Control Class="Window" LAnchorPoint="0" LAnchorOffset="0" TAnchorPoint="0" TAnchorOffset="0" RAnchorPoint="1" RAnchorOffset="0" BAnchorPoint="1" BAnchorOffset="0" RelativeToClient="1" Font="Default" Text="" Template="Default" Name="MissionNotification" BGColor="white" TextColor="white" IgnoreMouse="1" NoClip="1" Picture="1" Sprite="" Visible="0" HideInEditor="1" TransitionShowHide="1" UseTransitionSprite="0" NewWindowDepth="1" TooltipColor="">
            <Control Class="Window" LAnchorPoint="0" LAnchorOffset="2" TAnchorPoint="0" TAnchorOffset="2" RAnchorPoint="1" RAnchorOffset="-2" BAnchorPoint="1" BAnchorOffset="-2" RelativeToClient="1" Font="Default" Text="" Template="Default" Name="BGGlow" BGColor="white" TextColor="white" Picture="1" IgnoreMouse="1" Sprite="CRB_ChallengeTrackerSprites:btnChallengeTierBackerPressed" TooltipColor=""/>
            <Control Class="Window" LAnchorPoint="0" LAnchorOffset="0" TAnchorPoint="0" TAnchorOffset="0" RAnchorPoint="1" RAnchorOffset="0" BAnchorPoint="1" BAnchorOffset="0" RelativeToClient="1" Font="Default" Text="" Template="Default" Name="BGRunner" BGColor="white" TextColor="white" Picture="1" IgnoreMouse="1" Sprite="CRB_Anim_Outline:spr_Anim_OutlineStretch" TooltipColor=""/>
            <Control Class="Window" LAnchorPoint="0" LAnchorOffset="0" TAnchorPoint="0" TAnchorOffset="0" RAnchorPoint="1" RAnchorOffset="0" BAnchorPoint="1" BAnchorOffset="0" RelativeToClient="1" Font="Default" Text="" Template="Default" Name="NewMissionContent" BGColor="white" TextColor="white" Visible="0" HideInEditor="1" TooltipColor="">
                <Control Class="Window" LAnchorPoint=".5" LAnchorOffset="-41" TAnchorPoint="0" TAnchorOffset="-20" RAnchorPoint="1" RAnchorOffset="0" BAnchorPoint=".5" BAnchorOffset="-36" RelativeToClient="1" Font="CRB_HeaderLarge" Text="" Template="Default" Name="NewMissionText" BGColor="white" TextColor="UI_TextHoloBodyHighlight" DT_CENTER="0" DT_RIGHT="0" TextId="ExplorerMissions_NewMission" DT_VCENTER="0" DT_BOTTOM="1" TooltipColor=""/>
                <Control Class="Window" LAnchorPoint=".5" LAnchorOffset="-41" TAnchorPoint=".5" TAnchorOffset="-41" RAnchorPoint="1" RAnchorOffset="0" BAnchorPoint="1" BAnchorOffset="-19" RelativeToClient="1" Font="CRB_HeaderLarge" Text="" Template="Default" Name="UnlockedText" BGColor="white" TextColor="UI_TextHoloBodyHighlight" DT_CENTER="0" DT_RIGHT="0" TextId="ExplorerMissions_Unlocked" DT_VCENTER="0" TooltipColor=""/>
                <Control Class="Window" LAnchorPoint="0" LAnchorOffset="55" TAnchorPoint=".5" TAnchorOffset="-67" RAnchorPoint="0" RAnchorOffset="99" BAnchorPoint=".5" BAnchorOffset="-17" RelativeToClient="1" Font="Default" Text="" Template="Default" Name="PlusHorz" BGColor="UI_TextHoloBodyHighlight" TextColor="white" Picture="1" IgnoreMouse="1" Sprite="Crafting_CircuitSprites:sprCircuit_GreenPlus_Flat" TooltipColor=""/>
                <Control Class="Window" LAnchorPoint="0" LAnchorOffset="30" TAnchorPoint="1" TAnchorOffset="-93" RAnchorPoint="1" RAnchorOffset="-30" BAnchorPoint="1" BAnchorOffset="-20" RelativeToClient="1" Font="CRB_InterfaceLarge_B" Text="" Template="Default" Name="MissionName" BGColor="white" TextColor="UI_TextHoloBody" TextId="ExplorerMissions_FieldStudyTest" DT_VCENTER="1" DT_CENTER="1" DT_WORDBREAK="1" TooltipColor="" Sprite="BK3:UI_BK3_Holo_InsetSimple" Picture="1" IgnoreMouse="1"/>
            </Control>
            <Control Class="Window" LAnchorPoint="0" LAnchorOffset="0" TAnchorPoint="0" TAnchorOffset="0" RAnchorPoint="1" RAnchorOffset="0" BAnchorPoint="1" BAnchorOffset="0" RelativeToClient="1" Font="Default" Text="" Template="Default" Name="CompletedMissionContent" BGColor="white" TextColor="white" Visible="0" HideInEditor="0" TooltipColor="">
                <Control Class="Window" LAnchorPoint=".5" LAnchorOffset="-17" TAnchorPoint="0" TAnchorOffset="-20" RAnchorPoint="1" RAnchorOffset="-32" BAnchorPoint=".5" BAnchorOffset="-36" RelativeToClient="1" Font="CRB_HeaderLarge" Text="" Template="Default" Name="NewMissionText" BGColor="white" TextColor="UI_TextHoloBodyHighlight" DT_CENTER="0" DT_RIGHT="0" TextId="Nameplates_Mission" DT_VCENTER="0" DT_BOTTOM="1" HideInEditor="0" TooltipColor=""/>
                <Control Class="Window" LAnchorPoint=".5" LAnchorOffset="-18" TAnchorPoint=".5" TAnchorOffset="-41" RAnchorPoint="1" RAnchorOffset="-26" BAnchorPoint="1" BAnchorOffset="-19" RelativeToClient="1" Font="CRB_HeaderLarge" Text="" Template="Default" Name="UnlockedText" BGColor="white" TextColor="UI_TextHoloBodyHighlight" DT_CENTER="0" DT_RIGHT="0" TextId="QuestCompleted" DT_VCENTER="0" HideInEditor="0" TooltipColor=""/>
                <Control Class="Window" LAnchorPoint="0" LAnchorOffset="76" TAnchorPoint=".5" TAnchorOffset="-64" RAnchorPoint="0" RAnchorOffset="123" BAnchorPoint=".5" BAnchorOffset="-17" RelativeToClient="1" Font="Default" Text="" Template="Default" Name="Icon" BGColor="white" TextColor="white" Picture="1" IgnoreMouse="1" Sprite="ClientSprites:Icon_Windows_UI_CRB_Explorer" TooltipColor=""/>
                <Control Class="Window" LAnchorPoint="0" LAnchorOffset="30" TAnchorPoint="1" TAnchorOffset="-92" RAnchorPoint="1" RAnchorOffset="-30" BAnchorPoint="1" BAnchorOffset="-20" RelativeToClient="1" Font="CRB_InterfaceLarge" Text="" Template="Default" Name="MissionName" BGColor="white" TextColor="UI_TextHoloBody" TextId="ExplorerMissions_FieldStudyTest" DT_VCENTER="1" DT_CENTER="1" DT_WORDBREAK="1" TooltipColor="" Picture="1" IgnoreMouse="1" Sprite="BK3:UI_BK3_Holo_InsetSimple"/>
                <Control Class="Window" LAnchorPoint="0" LAnchorOffset="103" TAnchorPoint="0" TAnchorOffset="52" RAnchorPoint="0" RAnchorOffset="123" BAnchorPoint="0" BAnchorOffset="78" RelativeToClient="1" Font="Default" Text="" Template="Default" Name="Icon2" BGColor="white" TextColor="white" Picture="1" IgnoreMouse="1" Sprite="CRB_Tradeskills:sprSchemCheckMark" NewControlDepth="4" TooltipColor=""/>
            </Control>
            <Control Class="Window" LAnchorPoint="0" LAnchorOffset="0" TAnchorPoint="0" TAnchorOffset="0" RAnchorPoint="1" RAnchorOffset="0" BAnchorPoint="1" BAnchorOffset="0" RelativeToClient="1" Font="Default" Text="" Template="Default" Name="FailedMissionContent" BGColor="white" TextColor="white" Visible="0" HideInEditor="0" TooltipColor="">
                <Control Class="Window" LAnchorPoint=".5" LAnchorOffset="-17" TAnchorPoint="0" TAnchorOffset="-20" RAnchorPoint="1" RAnchorOffset="24" BAnchorPoint=".5" BAnchorOffset="-36" RelativeToClient="1" Font="CRB_HeaderLarge" Text="" Template="Default" Name="NewMissionText" BGColor="white" TextColor="ConHard" DT_CENTER="0" DT_RIGHT="0" TextId="Nameplates_Mission" DT_VCENTER="0" DT_BOTTOM="1" HideInEditor="0" TooltipColor=""/>
                <Control Class="Window" LAnchorPoint=".5" LAnchorOffset="-18" TAnchorPoint=".5" TAnchorOffset="-41" RAnchorPoint="1" RAnchorOffset="23" BAnchorPoint="1" BAnchorOffset="-19" RelativeToClient="1" Font="CRB_HeaderLarge_O" Text="" Template="Default" Name="UnlockedText" BGColor="white" TextColor="ConHard" DT_CENTER="0" DT_RIGHT="0" TextId="CRB_Failed" DT_VCENTER="0" HideInEditor="0" TooltipColor=""/>
                <Control Class="Window" LAnchorPoint="0" LAnchorOffset="78" TAnchorPoint=".5" TAnchorOffset="-62" RAnchorPoint="0" RAnchorOffset="125" BAnchorPoint=".5" BAnchorOffset="-15" RelativeToClient="1" Font="Default" Text="" Template="Default" Name="Icon" BGColor="white" TextColor="white" Picture="1" IgnoreMouse="1" Sprite="LootCloseBox" TooltipColor=""/>
                <Control Class="Window" LAnchorPoint="0" LAnchorOffset="30" TAnchorPoint="1" TAnchorOffset="-92" RAnchorPoint="1" RAnchorOffset="-30" BAnchorPoint="1" BAnchorOffset="-20" RelativeToClient="1" Font="CRB_InterfaceLarge" Text="" Template="Default" Name="MissionName" BGColor="white" TextColor="UI_TextHoloBody" TextId="ExplorerMissions_FieldStudyTest" DT_VCENTER="1" DT_CENTER="1" DT_WORDBREAK="1" TooltipColor="" Sprite="BK3:UI_BK3_Holo_InsetSimple" Picture="1" IgnoreMouse="1"/>
            </Control>
        </Control>
        <Control Class="Window" LAnchorPoint="0" LAnchorOffset="0" TAnchorPoint="0" TAnchorOffset="0" RAnchorPoint="1" RAnchorOffset="0" BAnchorPoint="1" BAnchorOffset="0" RelativeToClient="1" Font="Default" Text="" Template="Default" Name="MissionsRemainingScreen" BGColor="white" TextColor="white" Visible="0" HideInEditor="0" NewControlDepth="10" TooltipColor="">
            <Control Class="Window" LAnchorPoint="0" LAnchorOffset="10" TAnchorPoint="0" TAnchorOffset="10" RAnchorPoint="1" RAnchorOffset="-10" BAnchorPoint="1" BAnchorOffset="-10" RelativeToClient="1" Font="Default" Text="" BGColor="UI_WindowBGDefault" TextColor="UI_WindowTextDefault" Template="Default" TooltipType="OnCursor" Name="Framing" TooltipColor="" Sprite="BK3:UI_BK3_Holo_InsetHeader" Picture="1" IgnoreMouse="1"/>
            <Control Class="Window" LAnchorPoint="0" LAnchorOffset="63" TAnchorPoint="0" TAnchorOffset="17" RAnchorPoint="1" RAnchorOffset="-63" BAnchorPoint="0" BAnchorOffset="181" RelativeToClient="1" Font="Default" Text="" Template="Default" Name="MissRemainBGicon" BGColor="UI_AlphaPercent20" TextColor="white" Border="0" IgnoreMouse="1" Sprite="ClientSprites:Icon_Windows_UI_CRB_Explorer" NewWindowDepth="0" Picture="1" NewControlDepth="3" TooltipColor=""/>
            <Control Class="Window" LAnchorPoint="0" LAnchorOffset="20" TAnchorPoint="0" TAnchorOffset="9" RAnchorPoint="1" RAnchorOffset="-20" BAnchorPoint="0" BAnchorOffset="50" RelativeToClient="1" Font="CRB_HeaderSmall" Text="" Template="Default" Name="EpNameString" BGColor="white" TextColor="white" TextId="CRB_Northen_Wilds" DT_VCENTER="1" DT_CENTER="1" DT_BOTTOM="0" DT_WORDBREAK="1" TooltipColor=""/>
            <Control Class="Window" LAnchorPoint="0" LAnchorOffset="0" TAnchorPoint="0" TAnchorOffset="61" RAnchorPoint="1" RAnchorOffset="0" BAnchorPoint="0" BAnchorOffset="94" RelativeToClient="1" Font="CRB_HeaderLarge" Text="" Template="Default" Name="MissionsRemainingLabel" BGColor="white" TextColor="UI_TextHoloBodyHighlight" TextId="ExplorerMissions_MissionsRemaining" DT_VCENTER="1" DT_CENTER="1" NewControlDepth="8" TooltipColor=""/>
            <Control Class="Window" LAnchorPoint="0" LAnchorOffset="0" TAnchorPoint="0" TAnchorOffset="89" RAnchorPoint="1" RAnchorOffset="0" BAnchorPoint="0" BAnchorOffset="128" RelativeToClient="1" Font="CRB_HeaderGigantic" Text="" Template="Default" Name="MissionsRemainingCount" BGColor="white" TextColor="UI_TextHoloTitle" TextId="CRB_7" DT_VCENTER="1" DT_CENTER="1" NewControlDepth="8" TooltipColor=""/>
            <Control Class="Window" LAnchorPoint="0" LAnchorOffset="15" TAnchorPoint="1" TAnchorOffset="-42" RAnchorPoint="1" RAnchorOffset="-15" BAnchorPoint="1" BAnchorOffset="-12" RelativeToClient="1" Font="CRB_InterfaceMedium" Text="" Template="Default" Name="MissionsRemainingExpla" BGColor="white" TextColor="UI_TextHoloBody" TextId="ExplorerMissions_ExploreToFindMore" DT_WORDBREAK="1" DT_CENTER="1" Visible="0" HideInEditor="0" DT_VCENTER="1" TooltipColor=""/>
        </Control>
        <Control Class="Window" LAnchorPoint="0" LAnchorOffset="0" TAnchorPoint="0" TAnchorOffset="0" RAnchorPoint="1" RAnchorOffset="0" BAnchorPoint="1" BAnchorOffset="0" RelativeToClient="1" Font="Default" Text="" Template="Default" Name="CompletedScreen" BGColor="white" TextColor="white" IgnoreMouse="1" NewWindowDepth="1" Visible="0" HideInEditor="1" TooltipColor="">
            <Control Class="Window" LAnchorPoint="0" LAnchorOffset="0" TAnchorPoint="0" TAnchorOffset="0" RAnchorPoint="1" RAnchorOffset="0" BAnchorPoint="1" BAnchorOffset="0" RelativeToClient="1" Font="Default" Text="" Template="Default" Name="CompleteEpisodeWindow" BGColor="white" TextColor="white" TooltipColor=""/>
            <Control Class="Window" LAnchorPoint="0" LAnchorOffset="0" TAnchorPoint="0" TAnchorOffset="0" RAnchorPoint="1" RAnchorOffset="0" BAnchorPoint="1" BAnchorOffset="0" RelativeToClient="1" Font="Default" Text="" Template="Default" Name="LootEpBG" BGColor="white" TextColor="white" Picture="1" IgnoreMouse="1" Sprite="CRB_DatachronSprites:sprDCPP_SolHORestBack" TooltipColor=""/>
            <Control Class="Window" LAnchorPoint="0" LAnchorOffset="63" TAnchorPoint="0" TAnchorOffset="9" RAnchorPoint="1" RAnchorOffset="-63" BAnchorPoint="1" BAnchorOffset="-15" RelativeToClient="1" Font="Default" Text="" Template="Default" Name="CompleteEpIcon" BGColor="UI_AlphaPercent20" TextColor="white" Border="0" IgnoreMouse="1" Sprite="ClientSprites:Icon_Windows_UI_CRB_Explorer" NewWindowDepth="0" Picture="1" NewControlDepth="3" TooltipColor=""/>
            <Control Class="Button" Base="BK3:btnHolo_Blue_Med" Font="CRB_Button" ButtonType="PushButton" RadioGroup="" LAnchorPoint="0" LAnchorOffset="58" TAnchorPoint="1" TAnchorOffset="-104" RAnchorPoint="1" RAnchorOffset="-53" BAnchorPoint="1" BAnchorOffset="-32" DT_VCENTER="1" DT_CENTER="1" Name="LootEpisodeBtn" BGColor="white" TextColor="white" NormalTextColor="UI_BtnTextBlueNormal" PressedTextColor="UI_BtnTextBluePressed" FlybyTextColor="UI_BtnTextBlueFlyby" PressedFlybyTextColor="UI_BtnTextBluePressedFlyby" DisabledTextColor="UI_BtnTextBlueDisabled" Text="" TextId="Challenges_Loot" Visible="0" TooltipColor="">
                <Event Name="ButtonSignal" Function="OnLootEpisodeBtn"/>
            </Control>
            <Control Class="Window" LAnchorPoint="0" LAnchorOffset="52" TAnchorPoint="1" TAnchorOffset="-104" RAnchorPoint="1" RAnchorOffset="-46" BAnchorPoint="1" BAnchorOffset="-32" RelativeToClient="1" Font="Default" Text="" Template="Default" Name="LootBtnFraming" BGColor="white" TextColor="white" Border="0" IgnoreMouse="1" Picture="1" Sprite="CRB_Basekit:kitAccent_Frame_OrangeStroke" Visible="0" NewControlDepth="4" TooltipColor=""/>
            <Control Class="Window" LAnchorPoint="0" LAnchorOffset="0" TAnchorPoint="0" TAnchorOffset="59" RAnchorPoint="1" RAnchorOffset="0" BAnchorPoint="0" BAnchorOffset="89" RelativeToClient="1" Font="CRB_InterfaceLarge" Text="" Template="Default" Name="EpNameString" BGColor="white" TextColor="UI_TextHoloBodyHighlight" TextId="CRB_Northen_Wilds" DT_VCENTER="1" DT_CENTER="1" TooltipColor=""/>
            <Control Class="Window" LAnchorPoint="0" LAnchorOffset="10" TAnchorPoint="0" TAnchorOffset="36" RAnchorPoint="1" RAnchorOffset="-10" BAnchorPoint="0" BAnchorOffset="69" RelativeToClient="1" Font="CRB_HeaderMedium" Text="" Template="Default" Name="EpisodeCompletedString" BGColor="white" TextColor="white" TextId="ExplorerMissions_AllMissionsComplete" DT_VCENTER="1" DT_CENTER="1" TooltipColor=""/>
        </Control>
    </Form>
    <Form Class="Window" LAnchorPoint="0" LAnchorOffset="0" TAnchorPoint="0" TAnchorOffset="0" RAnchorPoint="0" RAnchorOffset="277" BAnchorPoint="0" BAnchorOffset="22" RelativeToClient="1" Font="Default" Text="" Template="Default" TooltipType="OnCursor" Name="ActiveMissionsHeader" BGColor="white" TextColor="white" TooltipColor="" Sprite="" Picture="1" IgnoreMouse="1" DT_CENTER="1" DT_VCENTER="1" TextId="" Tooltip="">
        <Control Class="Window" LAnchorPoint="0" LAnchorOffset="-100" TAnchorPoint="1" TAnchorOffset="-30" RAnchorPoint="0" RAnchorOffset="225" BAnchorPoint="1" BAnchorOffset="16" RelativeToClient="1" Font="Default" Text="" Template="Default" TooltipType="OnCursor" Name="Pixie1" BGColor="UI_AlphaPercent40" TextColor="white" TooltipColor="" Sprite="CRB_CharacterCreateSprites:sprCharS_EnterBacker" Picture="1" IgnoreMouse="1"/>
        <Control Class="Window" LAnchorPoint="0" LAnchorOffset="8" TAnchorPoint="1" TAnchorOffset="-19" RAnchorPoint="1" RAnchorOffset="0" BAnchorPoint="1" BAnchorOffset="1" RelativeToClient="1" Font="CRB_InterfaceSmall" Text="" Template="Default" TooltipType="OnCursor" Name="Pixie2" BGColor="white" TextColor="UI_WindowTitleYellow" TooltipColor="" TextId="ExplorerMissions_ActiveMissions" Tooltip=""/>
    </Form>
    <Form Class="Window" LAnchorPoint="0" LAnchorOffset="0" TAnchorPoint="0" TAnchorOffset="0" RAnchorPoint="0" RAnchorOffset="277" BAnchorPoint="0" BAnchorOffset="30" RelativeToClient="1" Font="Default" Text="" Template="Default" TooltipType="OnCursor" Name="AvailableMissionsHeader" BGColor="white" TextColor="white" TooltipColor="" Sprite="" Picture="1" IgnoreMouse="1" DT_CENTER="1" DT_VCENTER="1" TextId="">
        <Control Class="Window" LAnchorPoint="0" LAnchorOffset="-100" TAnchorPoint="1" TAnchorOffset="-30" RAnchorPoint="0" RAnchorOffset="225" BAnchorPoint="1" BAnchorOffset="16" RelativeToClient="1" Font="Default" Text="" Template="Default" TooltipType="OnCursor" Name="Pixie1" BGColor="UI_AlphaPercent40" TextColor="white" TooltipColor="" Sprite="CRB_CharacterCreateSprites:sprCharS_EnterBacker" Picture="1" IgnoreMouse="1"/>
        <Control Class="Window" LAnchorPoint="0" LAnchorOffset="8" TAnchorPoint="1" TAnchorOffset="-19" RAnchorPoint="1" RAnchorOffset="0" BAnchorPoint="1" BAnchorOffset="1" RelativeToClient="1" Font="CRB_InterfaceSmall" Text="" Template="Default" TooltipType="OnCursor" Name="Pixie2" BGColor="white" TextColor="UI_WindowTitleYellow" TooltipColor="" TextId="ExplorerMissions_AvailableMissions" Tooltip=""/>
    </Form>
    <Form Class="Window" LAnchorPoint="0" LAnchorOffset="0" TAnchorPoint="0" TAnchorOffset="0" RAnchorPoint="1" RAnchorOffset="0" BAnchorPoint="0" BAnchorOffset="57" RelativeToClient="1" Font="Default" Text="" Template="Default" Name="ExplorerListItem" Border="0" Picture="0" SwallowMouseClicks="0" BGColor="white" TextColor="white" Sprite="" IgnoreMouse="1" Overlapped="1" TooltipColor="" Tooltip="" TooltipType="OnCursor" TooltipFont="CRB_InterfaceSmall_O" IgnoreTooltipDelay="0">
        <Control Class="Button" Base="BK3:btnHolo_ListView_Mid" Font="Thick" ButtonType="PushButton" RadioGroup="" LAnchorPoint="0" LAnchorOffset="0" TAnchorPoint="0" TAnchorOffset="0" RAnchorPoint="1" RAnchorOffset="0" BAnchorPoint="1" BAnchorOffset="0" DT_VCENTER="1" DT_CENTER="1" Name="ListItemBigBtn" BGColor="white" TextColor="white" NormalTextColor="white" PressedTextColor="white" FlybyTextColor="white" PressedFlybyTextColor="white" DisabledTextColor="white" IgnoreMouse="0" RelativeToClient="1" Picture="1" Sprite="" HideInEditor="0" TooltipColor="" Tooltip="" TooltipId="" TooltipType="DynamicFloater" TooltipFont="CRB_InterfaceSmall_O" NewControlDepth="1">
            <Control Class="Window" LAnchorPoint="0" LAnchorOffset="0" TAnchorPoint="0" TAnchorOffset="0" RAnchorPoint="1" RAnchorOffset="0" BAnchorPoint="1" BAnchorOffset="0" RelativeToClient="1" Font="Default" Text="" Template="Default" Name="ListItemNewRunner" BGColor="white" TextColor="white" Picture="1" IgnoreMouse="1" Sprite="CRB_Anim_Outline:spr_Anim_OutlineStretch" Visible="0" HideInEditor="1" TooltipColor=""/>
            <Control Class="Window" LAnchorPoint="0" LAnchorOffset="10" TAnchorPoint="0" TAnchorOffset="12" RAnchorPoint="0" RAnchorOffset="44" BAnchorPoint="0" BAnchorOffset="46" RelativeToClient="1" Font="Default" Text="" Template="Default" Name="ListItemIcon" BGColor="white" TextColor="white" Picture="1" Sprite="ClientSprites:Icon_Mission_Explorer_Vista" IgnoreMouse="1" NewControlDepth="1" TooltipColor="" Tooltip=""/>
            <Control Class="Window" LAnchorPoint="0" LAnchorOffset="10" TAnchorPoint="0" TAnchorOffset="12" RAnchorPoint="0" RAnchorOffset="44" BAnchorPoint="0" BAnchorOffset="46" RelativeToClient="1" Font="Default" Text="" Template="Default" Name="ListItemHintArrowArt" BGColor="white" TextColor="white" Picture="1" Sprite="ClientSprites:Icon_Mission_Explorer_ScavengerHunt" IgnoreMouse="1" NewControlDepth="2" TooltipColor="" Tooltip="" Visible="0">
                <Pixie LAnchorPoint="0" LAnchorOffset="0" TAnchorPoint="0" TAnchorOffset="0" RAnchorPoint="1" RAnchorOffset="0" BAnchorPoint="1" BAnchorOffset="0" Sprite="" BGColor="white" TextColor="black" Rotation="0" Font="Default"/>
                <Pixie LAnchorPoint="0" LAnchorOffset="0" TAnchorPoint="0" TAnchorOffset="0" RAnchorPoint="1" RAnchorOffset="0" BAnchorPoint="1" BAnchorOffset="0" Sprite="" BGColor="white" TextColor="black" Rotation="0" Font="Default"/>
            </Control>
            <Control Class="Window" LAnchorPoint="0" LAnchorOffset="45" TAnchorPoint="1" TAnchorOffset="-31" RAnchorPoint="1" RAnchorOffset="-50" BAnchorPoint="1" BAnchorOffset="8" RelativeToClient="1" Font="Default" Text="" Template="Default" Name="ListItemMeterBG" BGColor="white" TextColor="white" Sprite="BK3:UI_BK3_Holo_ProgressBar_BG" Picture="1" IgnoreMouse="1" Visible="0" TooltipColor="" Tooltip="">
                <Control Class="ProgressBar" Text="" LAnchorPoint="0" LAnchorOffset="16" TAnchorPoint="0" TAnchorOffset="0" RAnchorPoint="1" RAnchorOffset="-8" BAnchorPoint="1" BAnchorOffset="0" RelativeToClient="1" Name="ListItemMeter" BGColor="white" TextColor="white" IgnoreMouse="1" ProgressFill="" ProgressFull="BK3:UI_BK3_Holo_ProgressBar_Fill" ProgressEdgeGlow="BK3:UI_BK3_Holo_ProgressBar_Cap" EdgeGlow="1" NoClipEdgeGlow="1" Visible="1" TooltipColor="" BarColor=""/>
            </Control>
            <Control Class="MLWindow" LAnchorPoint="0" LAnchorOffset="51" TAnchorPoint="0" TAnchorOffset="2" RAnchorPoint="1" RAnchorOffset="-51" BAnchorPoint="0" BAnchorOffset="22" RelativeToClient="1" Font="CRB_InterfaceMedium_B" Text="" Template="Default" Name="ListItemName" BGColor="white" TextColor="UI_TextHoloTitle" DT_VCENTER="0" DT_WORDBREAK="1" TextId="Challenges_NoProgress" IgnoreMouse="1" TooltipColor="" DT_CENTER="0"/>
            <Control Class="MLWindow" LAnchorPoint="0" LAnchorOffset="51" TAnchorPoint="1" TAnchorOffset="-36" RAnchorPoint="1" RAnchorOffset="-51" BAnchorPoint="1" BAnchorOffset="-2" RelativeToClient="1" Font="CRB_InterfaceSmall" Text="" Template="Default" TooltipType="OnCursor" Name="ListItemSubtitle" BGColor="white" TextColor="UI_TextHoloBodyCyan" TooltipColor="" DT_VCENTER="0" TextId="Challenges_NoProgress" DT_CENTER="0" IgnoreMouse="1"/>
            <Event Name="ButtonSignal" Function="OnListItemHintArrow"/>
            <Control Class="Button" Base="CRB_Basekit:kitBtn_Holo_IconBase" Font="Thick" ButtonType="PushButton" RadioGroup="" LAnchorPoint="1" LAnchorOffset="-44" TAnchorPoint="0" TAnchorOffset="14" RAnchorPoint="1" RAnchorOffset="-9" BAnchorPoint="0" BAnchorOffset="46" DT_VCENTER="1" DT_CENTER="1" Name="RightCompleteBtn" BGColor="white" TextColor="white" NormalTextColor="white" PressedTextColor="white" FlybyTextColor="white" PressedFlybyTextColor="white" DisabledTextColor="white" IgnoreMouse="0" RelativeToClient="1" Visible="0" HideInEditor="0" TooltipColor="">
                <Control Class="Window" LAnchorPoint="0" LAnchorOffset="4" TAnchorPoint="0" TAnchorOffset="5" RAnchorPoint="0" RAnchorOffset="37" BAnchorPoint="0" BAnchorOffset="29" RelativeToClient="1" Font="Default" Text="" Template="Default" Name="RightCompleteIcon" BGColor="white" TextColor="white" Picture="1" IgnoreMouse="1" Sprite="CRB_Basekit:kitIcon_Holo_Checkmark" Visible="1" HideInEditor="0" NewControlDepth="1" TooltipColor=""/>
                <Event Name="ButtonSignal" Function="OnListItemHintArrow"/>
            </Control>
            <Control Class="Button" Base="Crafting_CircuitSprites:btnCircuit_Holo_RightArrow" Font="Thick" ButtonType="PushButton" RadioGroup="" LAnchorPoint="1" LAnchorOffset="-51" TAnchorPoint="0" TAnchorOffset="6" RAnchorPoint="1" RAnchorOffset="-3" BAnchorPoint="0" BAnchorOffset="52" Name="ListItemSubscreenBtn" BGColor="white" TextColor="white" NormalTextColor="white" PressedTextColor="white" FlybyTextColor="white" PressedFlybyTextColor="white" DisabledTextColor="white" RelativeToClient="1" IgnoreMouse="0" HideInEditor="1" Visible="0" TooltipColor="">
                <Event Name="ButtonSignal" Function="OnListItemRightArrowClick"/>
            </Control>
            <Control Class="Button" Base="CRB_Basekit:kitBtn_Holo_CircleSmall" Font="CRB_Pixel" ButtonType="PushButton" RadioGroup="" LAnchorPoint="0" LAnchorOffset="1" TAnchorPoint="0" TAnchorOffset="0" RAnchorPoint="0" RAnchorOffset="22" BAnchorPoint="0" BAnchorOffset="21" DT_VCENTER="1" DT_CENTER="1" TooltipType="OnCursor" Name="ListItemCodexBtn" BGColor="white" TextColor="white" TooltipColor="" NormalTextColor="UI_BtnTextHoloListNormal" PressedTextColor="UI_BtnTextHoloListPressed" FlybyTextColor="UI_BtnTextHoloListFlyby" PressedFlybyTextColor="UI_BtnTextHoloListPressedFlyby" DisabledTextColor="UI_BtnTextHoloListDisabled" RelativeToClient="1" Text="" TextId="Command_Group_Invite_Shortcut" TestAlpha="1" Tooltip="">
                <Event Name="ButtonSignal" Function="OnListItemOpenCodex"/>
            </Control>
            <Control Class="Window" LAnchorPoint="0" LAnchorOffset="0" TAnchorPoint="0" TAnchorOffset="0" RAnchorPoint="1" RAnchorOffset="0" BAnchorPoint="1" BAnchorOffset="0" RelativeToClient="1" Font="Default" Text="" Template="Default" TooltipType="OnCursor" Name="ListItemMouseCatcher" BGColor="white" TextColor="white" TooltipColor="">
                <Event Name="MouseEnter" Function="OnListItemMouseEnter"/>
                <Event Name="MouseExit" Function="OnListItemMouseExit"/>
            </Control>
        </Control>
    </Form>
</Forms>
