<Forms>
    <Form Class="Window" LAnchorPoint="0" LAnchorOffset="357" TAnchorPoint="0" TAnchorOffset="168" RAnchorPoint="0" RAnchorOffset="742" BAnchorPoint="0" BAnchorOffset="672" RelativeToClient="1" Font="Default" Text="" Template="Holo_Medium" Name="CircleRegistrationForm" Border="0" Picture="0" SwallowMouseClicks="1" Moveable="0" Escapable="1" Overlapped="1" BGColor="white" TextColor="white" TextId="" Visible="1" TooltipColor="" Tooltip="" CloseOnExternalClick="0" IgnoreMouse="1" NoClip="1" UseTemplateBG="0">
        <Control Class="Window" LAnchorPoint="0" LAnchorOffset="0" TAnchorPoint="0" TAnchorOffset="0" RAnchorPoint="1" RAnchorOffset="0" BAnchorPoint="1" BAnchorOffset="0" RelativeToClient="1" Font="Default" Text="" Template="" Name="CircleRegistrationWnd" Border="0" Picture="1" SwallowMouseClicks="1" Moveable="0" Escapable="0" Overlapped="1" BGColor="white" TextColor="white" TextId="" TooltipColor="" Tooltip="" NewControlDepth="16" HideInEditor="0" Visible="1" IgnoreMouse="1" Sprite="" NoClip="1">
            <Control Class="Window" LAnchorPoint="0" LAnchorOffset="-34" TAnchorPoint="0" TAnchorOffset="-30" RAnchorPoint="1" RAnchorOffset="34" BAnchorPoint="1" BAnchorOffset="36" RelativeToClient="1" Font="Default" Text="" BGColor="UI_WindowBGDefault" TextColor="UI_WindowTextDefault" Template="Holo_Medium" TooltipType="OnCursor" Name="HoloFrame" TooltipColor="" Border="1" IgnoreMouse="1" UseTemplateBG="1" NoClip="1"/>
            <Control Class="Window" LAnchorPoint="0" LAnchorOffset="0" TAnchorPoint="0" TAnchorOffset="13" RAnchorPoint="1" RAnchorOffset="-2" BAnchorPoint="1" BAnchorOffset="-65" RelativeToClient="1" Font="Default" Text="" Template="Default" TooltipType="OnCursor" Name="BGArt" BGColor="white" TextColor="white" TooltipColor="" Tooltip="">
                <Control Class="Window" LAnchorPoint="0" LAnchorOffset="15" TAnchorPoint="0" TAnchorOffset="42" RAnchorPoint="1" RAnchorOffset="-15" BAnchorPoint="0" BAnchorOffset="137" RelativeToClient="1" Font="Default" Text="" Template="Default" TooltipType="OnCursor" Name="BGArt_MetalBaseTitleUnder" BGColor="white" TextColor="white" TooltipColor="" Picture="1" IgnoreMouse="1" Sprite="BK3:UI_BK3_Holo_InsetHeaderThin"/>
                <Control Class="Window" LAnchorPoint="0" LAnchorOffset="15" TAnchorPoint="0" TAnchorOffset="153" RAnchorPoint="1" RAnchorOffset="-15" BAnchorPoint="0" BAnchorOffset="421" RelativeToClient="1" Font="Default" Text="" Template="Default" TooltipType="OnCursor" Name="BGArt_MetalBaseSettings" BGColor="white" TextColor="white" TooltipColor="" Picture="1" IgnoreMouse="1" Sprite="BK3:UI_BK3_Holo_InsetHeaderThin"/>
                <Pixie LAnchorPoint="0" LAnchorOffset="0" TAnchorPoint="0" TAnchorOffset="0" RAnchorPoint="1" RAnchorOffset="0" BAnchorPoint="0" BAnchorOffset="34" BGColor="white" Font="CRB_HeaderMedium" TextColor="UI_WindowTitleYellow" Text="" TextId="Circles_Register" DT_CENTER="1" DT_BOTTOM="0" Line="0"/>
            </Control>
            <Control Class="Button" Base="BK3:btnHolo_Blue_Med" Font="CRB_Button" ButtonType="PushButton" RadioGroup="" LAnchorPoint="0" LAnchorOffset="30" TAnchorPoint="1" TAnchorOffset="-70" RAnchorPoint="0.5" RAnchorOffset=".4" BAnchorPoint="1" BAnchorOffset="2" DT_VCENTER="1" DT_CENTER="1" Name="RegisterBtn" BGColor="ffffffff" TextColor="white" NewControlDepth="2" WindowSoundTemplate="TogglePhys02" TextId="Pregame_Create" Text="" TooltipColor="" NormalTextColor="UI_BtnTextBlueNormal" PressedTextColor="UI_BtnTextBluePressed" FlybyTextColor="UI_BtnTextBlueFlyby" PressedFlybyTextColor="UI_BtnTextBluePressedFlyby" DisabledTextColor="UI_BtnTextBlueDisabled">
                <Event Name="ButtonSignal" Function="OnCircleRegBtn"/>
            </Control>
            <Control Class="Button" Base="BK3:btnHolo_Red_Med" Font="CRB_Button" ButtonType="PushButton" RadioGroup="" LAnchorPoint="0.5" LAnchorOffset="." TAnchorPoint="1" TAnchorOffset="-70" RAnchorPoint="1" RAnchorOffset="-30" BAnchorPoint="1" BAnchorOffset="2" DT_VCENTER="1" DT_CENTER="1" Name="RegisterCancelButton" BGColor="white" TextColor="white" NewControlDepth="2" WindowSoundTemplate="TogglePhys03" TextId="CRB_Cancel" Text="" TooltipColor="" NormalTextColor="UI_BtnTextRedNormal" PressedTextColor="UI_BtnTextRedPressed" FlybyTextColor="UI_BtnTextRedFlyby" PressedFlybyTextColor="UI_BtnTextRedPressedFlyby" DisabledTextColor="UI_BtnTextRedDisabled">
                <Event Name="ButtonSignal" Function="OnClose"/>
            </Control>
            <Control Class="Button" Base="BK3:btnHolo_Close" Font="CRB_InterfaceMedium" ButtonType="PushButton" RadioGroup="" LAnchorPoint="1" LAnchorOffset="-46" TAnchorPoint="0" TAnchorOffset="4" RAnchorPoint="1" RAnchorOffset="-4" BAnchorPoint="0" BAnchorOffset="48" DT_VCENTER="1" DT_CENTER="1" Name="RegisterCloseButton" BGColor="white" TextColor="white" NewControlDepth="2" WindowSoundTemplate="TogglePhys03" TextId="" Text="" TooltipColor="" NormalTextColor="UI_BtnTextHoloNormal" PressedTextColor="UI_BtnTextHoloPressed" FlybyTextColor="UI_BtnTextHoloFlyby" PressedFlybyTextColor="UI_BtnTextHoloPressedFlyby" DisabledTextColor="UI_BtnTextHoloDisabled">
                <Event Name="ButtonSignal" Function="OnClose"/>
            </Control>
            <Control Class="Window" LAnchorPoint="0" LAnchorOffset="20" TAnchorPoint="0" TAnchorOffset="54" RAnchorPoint="1" RAnchorOffset="-21" BAnchorPoint="1" BAnchorOffset="-71" RelativeToClient="1" Font="Default" Text="" Template="Default" TooltipType="OnCursor" Name="RegistrationContent" BGColor="white" TextColor="white" TooltipColor="">
                <Control Class="Window" LAnchorPoint="0" LAnchorOffset="15" TAnchorPoint="0" TAnchorOffset="49" RAnchorPoint="1" RAnchorOffset="-14" BAnchorPoint="0" BAnchorOffset="83" RelativeToClient="1" Font="Default" Text="" Template="Default" TooltipType="OnCursor" Name="UnderPaint_Guild" BGColor="white" TextColor="white" TooltipColor="" Picture="1" IgnoreMouse="1" Sprite="BK3:UI_BK3_Holo_Snippet"/>
                <Control Class="Window" LAnchorPoint="0" LAnchorOffset="15" TAnchorPoint="0" TAnchorOffset="178" RAnchorPoint="1" RAnchorOffset="-14" BAnchorPoint="0" BAnchorOffset="212" RelativeToClient="1" Font="Default" Text="" Template="Default" TooltipType="OnCursor" Name="UnderPaint_MasterTitle" BGColor="white" TextColor="white" TooltipColor="" Picture="1" IgnoreMouse="1" Sprite="BK3:UI_BK3_Holo_Snippet"/>
                <Control Class="Button" Base="CRB_QuestTrackerSprites:btnQT_QuestFailed" Font="CRB_InterfaceSmall" ButtonType="PushButton" RadioGroup="" LAnchorPoint="1" LAnchorOffset="-40" TAnchorPoint="0" TAnchorOffset="129" RAnchorPoint="1" RAnchorOffset="-12" BAnchorPoint="0" BAnchorOffset="157" DT_VCENTER="1" DT_CENTER="1" TooltipType="OnCursor" Name="LabelRevertBtn_1" BGColor="white" TextColor="white" TooltipColor="" NormalTextColor="UI_BtnTextHoloNormal" PressedTextColor="UI_BtnTextHoloPressed" FlybyTextColor="UI_BtnTextHoloFlyby" PressedFlybyTextColor="UI_BtnTextHoloPressedFlyby" DisabledTextColor="UI_BtnTextHoloDisabled" Text="" TextId="" HideInEditor="1" Visible="0">
                    <Event Name="ButtonSignal" Function="UseDefaultTitleBtn"/>
                </Control>
                <Control Class="Window" LAnchorPoint="0" LAnchorOffset="15" TAnchorPoint="0" TAnchorOffset="250" RAnchorPoint="1" RAnchorOffset="-14" BAnchorPoint="0" BAnchorOffset="284" RelativeToClient="1" Font="Default" Text="" Template="Default" TooltipType="OnCursor" Name="UnderPaint_CouncilTitle" BGColor="white" TextColor="white" TooltipColor="" Picture="1" IgnoreMouse="1" Sprite="BK3:UI_BK3_Holo_Snippet"/>
                <Control Class="Button" Base="CRB_QuestTrackerSprites:btnQT_QuestFailed" Font="CRB_InterfaceSmall" ButtonType="PushButton" RadioGroup="" LAnchorPoint="1" LAnchorOffset="-40" TAnchorPoint="0" TAnchorOffset="196" RAnchorPoint="1" RAnchorOffset="-12" BAnchorPoint="0" BAnchorOffset="224" DT_VCENTER="1" DT_CENTER="1" TooltipType="OnCursor" Name="LabelRevertBtn_2" BGColor="white" TextColor="white" TooltipColor="" NormalTextColor="UI_BtnTextHoloNormal" PressedTextColor="UI_BtnTextHoloPressed" FlybyTextColor="UI_BtnTextHoloFlyby" PressedFlybyTextColor="UI_BtnTextHoloPressedFlyby" DisabledTextColor="UI_BtnTextHoloDisabled" Text="" TextId="" Visible="0" HideInEditor="1">
                    <Event Name="ButtonSignal" Function="UseDefaultTitleBtn"/>
                </Control>
                <Control Class="Window" LAnchorPoint="0" LAnchorOffset="15" TAnchorPoint="0" TAnchorOffset="322" RAnchorPoint="1" RAnchorOffset="-14" BAnchorPoint="0" BAnchorOffset="356" RelativeToClient="1" Font="Default" Text="" Template="Default" TooltipType="OnCursor" Name="UnderPaint_MemberTitle" BGColor="white" TextColor="white" TooltipColor="" Picture="1" IgnoreMouse="1" Sprite="BK3:UI_BK3_Holo_Snippet"/>
                <Control Class="Button" Base="CRB_QuestTrackerSprites:btnQT_QuestFailed" Font="CRB_InterfaceSmall" ButtonType="PushButton" RadioGroup="" LAnchorPoint="1" LAnchorOffset="-40" TAnchorPoint="0" TAnchorOffset="263" RAnchorPoint="1" RAnchorOffset="-12" BAnchorPoint="0" BAnchorOffset="291" DT_VCENTER="1" DT_CENTER="1" TooltipType="OnCursor" Name="LabelRevertBtn_3" BGColor="white" TextColor="white" TooltipColor="" NormalTextColor="UI_BtnTextHoloNormal" PressedTextColor="UI_BtnTextHoloPressed" FlybyTextColor="UI_BtnTextHoloFlyby" PressedFlybyTextColor="UI_BtnTextHoloPressedFlyby" DisabledTextColor="UI_BtnTextHoloDisabled" Text="" TextId="" Visible="0" HideInEditor="1">
                    <Event Name="ButtonSignal" Function="UseDefaultTitleBtn"/>
                </Control>
                <Control Class="EditBox" LAnchorPoint="0" LAnchorOffset="25" TAnchorPoint="0" TAnchorOffset="54" RAnchorPoint="1" RAnchorOffset="-50" BAnchorPoint="0" BAnchorOffset="78" RelativeToClient="1" Font="CRB_InterfaceLarge_B" Text="" Template="Default" TooltipType="OnCursor" Name="GuildNameString" BGColor="white" TextColor="white" TooltipColor="" TextId="" DT_VCENTER="1">
                    <Event Name="EditBoxChanging" Function="OnCircleRegNameChanging"/>
                    <Event Name="EditBoxChanged" Function="OnCircleRegNameChanging"/>
                </Control>
                <Control Class="EditBox" LAnchorPoint="0" LAnchorOffset="25" TAnchorPoint="0" TAnchorOffset="184" RAnchorPoint="1" RAnchorOffset="-51" BAnchorPoint="0" BAnchorOffset="206" RelativeToClient="1" Font="CRB_InterfaceMedium_B" Text="" Template="Default" TooltipType="OnCursor" Name="OptionString_1" BGColor="white" TextColor="white" TooltipColor="" TextId="" DT_VCENTER="1">
                    <Event Name="EditBoxChanging" Function="OnCircleRegOptionChanging"/>
                    <Event Name="EditBoxChanged" Function="OnCircleRegOptionChanging"/>
                </Control>
                <Control Class="EditBox" LAnchorPoint="0" LAnchorOffset="25" TAnchorPoint="0" TAnchorOffset="256" RAnchorPoint="1" RAnchorOffset="-51" BAnchorPoint="0" BAnchorOffset="278" RelativeToClient="1" Font="CRB_InterfaceMedium_B" Text="" Template="Default" TooltipType="OnCursor" Name="OptionString_2" BGColor="white" TextColor="white" TooltipColor="" TextId="" DT_VCENTER="1">
                    <Event Name="EditBoxChanging" Function="OnCircleRegOptionChanging"/>
                    <Event Name="EditBoxChanged" Function="OnCircleRegOptionChanging"/>
                </Control>
                <Control Class="EditBox" LAnchorPoint="0" LAnchorOffset="25" TAnchorPoint="0" TAnchorOffset="328" RAnchorPoint="1" RAnchorOffset="-51" BAnchorPoint="0" BAnchorOffset="350" RelativeToClient="1" Font="CRB_InterfaceMedium_B" Text="" Template="Default" TooltipType="OnCursor" Name="OptionString_3" BGColor="white" TextColor="white" TooltipColor="" TextId="" DT_VCENTER="1">
                    <Event Name="EditBoxChanging" Function="OnCircleRegOptionChanging"/>
                    <Event Name="EditBoxChanged" Function="OnCircleRegOptionChanging"/>
                </Control>
                <Pixie LAnchorPoint="0" LAnchorOffset="0" TAnchorPoint="0" TAnchorOffset="10" RAnchorPoint="1" RAnchorOffset="0" BAnchorPoint="1" BAnchorOffset="0" BGColor="white" Font="CRB_HeaderSmall" TextColor="UI_TextHoloTitle" Text="" TextId="Circles_NameHeader" DT_CENTER="1" DT_BOTTOM="0" Line="0"/>
                <Pixie LAnchorPoint="0" LAnchorOffset="0" TAnchorPoint="0" TAnchorOffset="121" RAnchorPoint="1" RAnchorOffset="0" BAnchorPoint="1" BAnchorOffset="0" BGColor="white" Font="CRB_HeaderSmall" TextColor="UI_TextHoloTitle" Text="" TextId="CRB_Customize" DT_CENTER="1" DT_BOTTOM="0" Line="0"/>
                <Pixie LAnchorPoint="0" LAnchorOffset="0" TAnchorPoint="0" TAnchorOffset="157" RAnchorPoint="1" RAnchorOffset="0" BAnchorPoint="1" BAnchorOffset="0" BGColor="white" Font="CRB_InterfaceMedium" TextColor="UI_TextHoloBodyHighlight" Text="" TextId="GuildRegistration_CircleMasterTitle" DT_CENTER="1" DT_BOTTOM="0" Line="0"/>
                <Pixie LAnchorPoint="0" LAnchorOffset="0" TAnchorPoint="0" TAnchorOffset="230" RAnchorPoint="1" RAnchorOffset="0" BAnchorPoint="1" BAnchorOffset="0" BGColor="white" Font="CRB_InterfaceMedium" TextColor="UI_TextHoloBodyHighlight" Text="" TextId="GuildRegistration_CircleCouncilTitle" DT_CENTER="1" DT_BOTTOM="0" Line="0"/>
                <Pixie LAnchorPoint="0" LAnchorOffset="0" TAnchorPoint="0" TAnchorOffset="303" RAnchorPoint="1" RAnchorOffset="0" BAnchorPoint="1" BAnchorOffset="0" BGColor="white" Font="CRB_InterfaceMedium" TextColor="UI_TextHoloBodyHighlight" Text="" TextId="GuildRegistration_CircleMemberTitle" DT_CENTER="1" DT_BOTTOM="0" Line="0"/>
                <Control Class="Window" LAnchorPoint="1" LAnchorOffset="-46" TAnchorPoint="0" TAnchorOffset="55" RAnchorPoint="1" RAnchorOffset="-22" BAnchorPoint="0" BAnchorOffset="79" RelativeToClient="1" Font="Default" Text="" Template="Default" TooltipType="OnCursor" Name="InvalidInputWarning" BGColor="white" TextColor="white" TooltipColor="" Picture="1" IgnoreMouse="1" Sprite="CRB_Basekit:kitIcon_NewDisabled" Tooltip="" Visible="0" TooltipFont="CRB_InterfaceSmall_O" TooltipId="CRB_ThereIsInvalidInput"/>
            </Control>
            <Event Name="MouseButtonDown" Function="HelperClearFocus"/>
        </Control>
        <Event Name="WindowClosed" Function="OnClose"/>
        <Control Class="Window" LAnchorPoint="1" LAnchorOffset="-38" TAnchorPoint="0" TAnchorOffset="-26" RAnchorPoint="1" RAnchorOffset="38" BAnchorPoint="1" BAnchorOffset="25" RelativeToClient="1" Font="Default" Text="" Template="Default" TooltipType="OnCursor" Name="AlertMessage" BGColor="white" TextColor="white" TooltipColor="" IgnoreMouse="1" Visible="0" TransitionShowHide="0" HideInEditor="1" NewControlDepth="10" Sprite="" Picture="1" Tooltip="">
            <Control Class="Window" LAnchorPoint="0.5" LAnchorOffset="-161" TAnchorPoint="0.5" TAnchorOffset="-63" RAnchorPoint="0.5" RAnchorOffset="161" BAnchorPoint="0.5" BAnchorOffset="62" RelativeToClient="1" Font="Default" Text="" Template="Default" TooltipType="OnCursor" Name="AlertMessageCenterBG" BGColor="white" TextColor="white" TooltipColor="" Picture="1" IgnoreMouse="1" Sprite="CRB_Basekit:kitBase_HoloBlue_Tiny">
                <Control Class="Window" LAnchorPoint="0" LAnchorOffset="-4" TAnchorPoint="0" TAnchorOffset="-4" RAnchorPoint="1" RAnchorOffset="4" BAnchorPoint="1" BAnchorOffset="4" RelativeToClient="1" Font="Default" Text="" Template="Default" TooltipType="OnCursor" Name="AlertMessageCenterAccent" BGColor="white" TextColor="white" TooltipColor="" Picture="1" IgnoreMouse="1" Sprite="CRB_Basekit:kitAccent_Frame_OrangeStroke"/>
                <Control Class="Window" LAnchorPoint="0" LAnchorOffset="20" TAnchorPoint="0" TAnchorOffset="16" RAnchorPoint="1" RAnchorOffset="-20" BAnchorPoint="0" BAnchorOffset="44" RelativeToClient="1" Font="CRB_HeaderLarge" Text="" Template="Default" TooltipType="OnCursor" Name="MessageAlertText" BGColor="white" TextColor="ConTough" TooltipColor="" TextId="CRB__2" DT_VCENTER="0" DT_CENTER="1"/>
                <Control Class="Window" LAnchorPoint="0" LAnchorOffset="20" TAnchorPoint="0" TAnchorOffset="44" RAnchorPoint="1" RAnchorOffset="-20" BAnchorPoint="1" BAnchorOffset="-16" RelativeToClient="1" Font="CRB_InterfaceMedium" Text="" Template="Default" TooltipType="OnCursor" Name="MessageBodyText" BGColor="white" TextColor="UI_TextHoloBody" TooltipColor="" TextId="CRB__2" DT_VCENTER="1" DT_CENTER="1" DT_WORDBREAK="1"/>
            </Control>
        </Control>
    </Form>
</Forms>
