<Forms>
    <Form Class="Window" LAnchorPoint="0" LAnchorOffset="5" TAnchorPoint="0" TAnchorOffset="50" RAnchorPoint="0" RAnchorOffset="904" BAnchorPoint="0" BAnchorOffset="578" RelativeToClient="1" Font="Default" Text="" Template="" Name="GuildRegistrationForm" Border="0" Picture="0" SwallowMouseClicks="1" Moveable="1" Escapable="1" Overlapped="1" BGColor="ffffffff" TextColor="ffffffff" TextId="" TooltipColor="" Tooltip="" NewWindowDepth="1">
        <Control Class="Window" LAnchorPoint="0" LAnchorOffset="0" TAnchorPoint="0" TAnchorOffset="0" RAnchorPoint="1" RAnchorOffset="0" BAnchorPoint="1" BAnchorOffset="0" RelativeToClient="1" Font="Default" Text="" Template="Default" TooltipType="OnCursor" Name="BGArt" BGColor="ffffffff" TextColor="ffffffff" TooltipColor="">
            <Control Class="Window" LAnchorPoint="0" LAnchorOffset="345" TAnchorPoint="0" TAnchorOffset="69" RAnchorPoint="1" RAnchorOffset="-25" BAnchorPoint="0" BAnchorOffset="444" RelativeToClient="1" Font="Default" Text="" Template="Holo_Background_General" TooltipType="OnCursor" Name="BGArt_HolomarkFrame" BGColor="ffffffff" TextColor="ffffffff" TooltipColor="" Picture="1" IgnoreMouse="1" Sprite="" HideInEditor="0"/>
            <Control Class="Window" LAnchorPoint="0" LAnchorOffset="25" TAnchorPoint="0" TAnchorOffset="54" RAnchorPoint="0" RAnchorOffset="345" BAnchorPoint="1" BAnchorOffset="-87" RelativeToClient="1" Font="Default" Text="" Template="Default" TooltipType="OnCursor" Name="BGArt_MetalBase" BGColor="ffffffff" TextColor="ffffffff" TooltipColor="" Picture="1" IgnoreMouse="1" Sprite="CRB_Basekit:kitBase_MetalGrey_Large"/>
            <Control Class="Window" LAnchorPoint="0" LAnchorOffset="28" TAnchorPoint="0" TAnchorOffset="68" RAnchorPoint="0" RAnchorOffset="335" BAnchorPoint="1" BAnchorOffset="-343" RelativeToClient="1" Font="Default" Text="" Template="Default" TooltipType="OnCursor" Name="BGArt_MetalBaseTitleUnder" BGColor="ffffffff" TextColor="ffffffff" TooltipColor="" Picture="1" IgnoreMouse="1" Sprite="BK3:UI_BK3_Metal_Inset_Block3"/>
            <Control Class="Window" LAnchorPoint="0" LAnchorOffset="351" TAnchorPoint="0" TAnchorOffset="399" RAnchorPoint="1" RAnchorOffset="-37" BAnchorPoint="0" BAnchorOffset="430" RelativeToClient="1" Font="Default" Text="" Template="Default" TooltipType="OnCursor" Name="BGArt_MessageHoloBack" BGColor="ffffffff" TextColor="ffffffff" TooltipColor="" Sprite="BK3:UI_BK3_Holo_InsetSimple" Picture="1" IgnoreMouse="1" NewControlDepth="2"/>
            <Control Class="Window" LAnchorPoint="0" LAnchorOffset="96" TAnchorPoint="1" TAnchorOffset="-78" RAnchorPoint="0" RAnchorOffset="350" BAnchorPoint="1" BAnchorOffset="-32" RelativeToClient="1" Font="Default" Text="" Template="Default" TooltipType="OnCursor" Name="CostComplexBacker" BGColor="ffffffff" TextColor="ffffffff" TooltipColor="" Picture="1" IgnoreMouse="1" Sprite="CRB_Basekit:kitInnerFrame_MetalGold_InlayStretch"/>
            <Control Class="Window" LAnchorPoint="0" LAnchorOffset="353" TAnchorPoint="0" TAnchorOffset="85" RAnchorPoint="1" RAnchorOffset="-41" BAnchorPoint="0" BAnchorOffset="393" RelativeToClient="1" Font="Default" Text="" BGColor="UI_WindowBGDefault" TextColor="UI_WindowTextDefault" Template="Default" TooltipType="OnCursor" Name="HoloFrameInset" TooltipColor="" Sprite="BK3:UI_BK3_Holo_InsetHeader" Picture="1" IgnoreMouse="1" NewControlDepth="1">
                <Control Class="Window" LAnchorPoint="0" LAnchorOffset="50" TAnchorPoint="0" TAnchorOffset="8" RAnchorPoint="1" RAnchorOffset="-50" BAnchorPoint="0" BAnchorOffset="31" RelativeToClient="1" Font="CRB_HeaderSmall" Text="" BGColor="UI_WindowBGDefault" TextColor="UI_WindowTextDefault" Template="Default" TooltipType="OnCursor" Name="Title" TooltipColor="" TextId="GuildDesigner_Holomark" DT_RIGHT="0" DT_CENTER="1" DT_VCENTER="1"/>
            </Control>
            <Control Class="Window" LAnchorPoint="0" LAnchorOffset="620" TAnchorPoint="0" TAnchorOffset="132" RAnchorPoint="1" RAnchorOffset="-53" BAnchorPoint="0" BAnchorOffset="381" RelativeToClient="1" Font="Default" Text="" Template="Default" TooltipType="OnCursor" Name="BGArt_HolomarkBase" BGColor="ffffffff" TextColor="ffffffff" TooltipColor="" Picture="1" IgnoreMouse="1" Sprite="CRB_Basekit:kitBase_HoloHexes_Small" HideInEditor="0"/>
            <Control Class="Window" LAnchorPoint="0" LAnchorOffset="331" TAnchorPoint="0" TAnchorOffset="68" RAnchorPoint="0" RAnchorOffset="346" BAnchorPoint="0" BAnchorOffset="444" RelativeToClient="1" Font="Default" Text="" BGColor="UI_WindowBGDefault" TextColor="UI_WindowTextDefault" Template="Default" TooltipType="OnCursor" Name="Seperator" TooltipColor="" Sprite="BK3:UI_BK3_Metal_Inset_DividerStripe" Picture="1" IgnoreMouse="1" NewControlDepth="2"/>
        </Control>
        <Control Class="Window" LAnchorPoint="0" LAnchorOffset="31" TAnchorPoint="0" TAnchorOffset="29" RAnchorPoint="1" RAnchorOffset="-41" BAnchorPoint="0" BAnchorOffset="58" RelativeToClient="1" Font="CRB_InterfaceMedium" Template="Default" Name="Title" BGColor="ffffffff" TextColor="ff808080" DT_VCENTER="1" DT_CENTER="1" NewControlDepth="2" TextId="GuildRegistration_GuildRegTitle" Text="" TooltipColor=""/>
        <Event Name="WindowClosed" Function="OnCancel"/>
        <Control Class="Window" LAnchorPoint="0" LAnchorOffset="355" TAnchorPoint="1" TAnchorOffset="-125" RAnchorPoint="1" RAnchorOffset="-38" BAnchorPoint="1" BAnchorOffset="-103" RelativeToClient="1" Font="CRB_InterfaceMedium" Text="" Template="Default" TooltipType="OnCursor" Name="GuildPermissionsAlert" BGColor="ffffffff" TextColor="UI_TextHoloTitle" TooltipColor="" DT_VCENTER="1" DT_CENTER="1" TextId="Error_MessageDefinitionsMismatch" NewControlDepth="3"/>
        <Control Class="Window" LAnchorPoint="0" LAnchorOffset="35" TAnchorPoint="0" TAnchorOffset="68" RAnchorPoint="0" RAnchorOffset="319" BAnchorPoint="1" BAnchorOffset="-100" RelativeToClient="1" Font="Default" Text="" Template="Default" TooltipType="OnCursor" Name="RegistrationContent" BGColor="ffffffff" TextColor="ffffffff" TooltipColor="" HideInEditor="0">
            <Control Class="Window" LAnchorPoint="0" LAnchorOffset="8" TAnchorPoint="0" TAnchorOffset="52" RAnchorPoint="1" RAnchorOffset="2" BAnchorPoint="0" BAnchorOffset="96" RelativeToClient="1" Font="Default" Text="" Template="Default" TooltipType="OnCursor" Name="UnderPaint_Guild" BGColor="ffffffff" TextColor="ffffffff" TooltipColor="" Picture="1" IgnoreMouse="1" Sprite="BK3:UI_BK3_Holo_Snippet"/>
            <Control Class="Window" LAnchorPoint="0" LAnchorOffset="8" TAnchorPoint="0" TAnchorOffset="152" RAnchorPoint="1" RAnchorOffset="2" BAnchorPoint="0" BAnchorOffset="189" RelativeToClient="1" Font="Default" Text="" Template="Default" TooltipType="OnCursor" Name="UnderPaint_MasterTitle" BGColor="ffffffff" TextColor="ffffffff" TooltipColor="" Picture="1" IgnoreMouse="1" Sprite="BK3:UI_BK3_Holo_Snippet"/>
            <Control Class="Button" Base="CRB_Basekit:kitBtn_Close" Font="CRB_InterfaceSmall" ButtonType="PushButton" RadioGroup="" LAnchorPoint="1" LAnchorOffset="-324" TAnchorPoint="0" TAnchorOffset="132" RAnchorPoint="1" RAnchorOffset="-296" BAnchorPoint="0" BAnchorOffset="162" DT_VCENTER="1" DT_CENTER="1" TooltipType="OnCursor" Name="LabelRevertBtn_1" BGColor="ffffffff" TextColor="ffffffff" TooltipColor="" NormalTextColor="ff80ffff" PressedTextColor="ffffffff" FlybyTextColor="ffffffff" PressedFlybyTextColor="ffffffff" DisabledTextColor="ffffffff" Text="" TextId="">
                <Event Name="ButtonSignal" Function="UseDefaultTitleBtn"/>
            </Control>
            <Control Class="Window" LAnchorPoint="0" LAnchorOffset="8" TAnchorPoint="0" TAnchorOffset="232" RAnchorPoint="1" RAnchorOffset="2" BAnchorPoint="0" BAnchorOffset="269" RelativeToClient="1" Font="Default" Text="" Template="Default" TooltipType="OnCursor" Name="UnderPaint_CouncilTitle" BGColor="ffffffff" TextColor="ffffffff" TooltipColor="" Picture="1" IgnoreMouse="1" Sprite="BK3:UI_BK3_Holo_Snippet"/>
            <Control Class="Button" Base="CRB_Basekit:kitBtn_Close" Font="CRB_InterfaceSmall" ButtonType="PushButton" RadioGroup="" LAnchorPoint="1" LAnchorOffset="-330" TAnchorPoint="0" TAnchorOffset="183" RAnchorPoint="1" RAnchorOffset="-300" BAnchorPoint="0" BAnchorOffset="212" DT_VCENTER="1" DT_CENTER="1" TooltipType="OnCursor" Name="LabelRevertBtn_2" BGColor="ffffffff" TextColor="ffffffff" TooltipColor="" NormalTextColor="ff80ffff" PressedTextColor="ffffffff" FlybyTextColor="ffffffff" PressedFlybyTextColor="ffffffff" DisabledTextColor="ffffffff" Text="" TextId="">
                <Event Name="ButtonSignal" Function="UseDefaultTitleBtn"/>
            </Control>
            <Control Class="Window" LAnchorPoint="0" LAnchorOffset="8" TAnchorPoint="0" TAnchorOffset="311" RAnchorPoint="1" RAnchorOffset="2" BAnchorPoint="0" BAnchorOffset="348" RelativeToClient="1" Font="Default" Text="" Template="Default" TooltipType="OnCursor" Name="UnderPaint_MemberTitle" BGColor="ffffffff" TextColor="ffffffff" TooltipColor="" Picture="1" IgnoreMouse="1" Sprite="BK3:UI_BK3_Holo_Snippet"/>
            <Control Class="Button" Base="CRB_Basekit:kitBtn_Close" Font="CRB_InterfaceSmall" ButtonType="PushButton" RadioGroup="" LAnchorPoint="1" LAnchorOffset="-334" TAnchorPoint="0" TAnchorOffset="288" RAnchorPoint="1" RAnchorOffset="-304" BAnchorPoint="0" BAnchorOffset="319" DT_VCENTER="1" DT_CENTER="1" TooltipType="OnCursor" Name="LabelRevertBtn_3" BGColor="ffffffff" TextColor="ffffffff" TooltipColor="" NormalTextColor="ff80ffff" PressedTextColor="ffffffff" FlybyTextColor="ffffffff" PressedFlybyTextColor="ffffffff" DisabledTextColor="ffffffff" Text="" TextId="">
                <Event Name="ButtonSignal" Function="UseDefaultTitleBtn"/>
            </Control>
            <Control Class="EditBox" LAnchorPoint="0" LAnchorOffset="13" TAnchorPoint="0" TAnchorOffset="58" RAnchorPoint="0" RAnchorOffset="280" BAnchorPoint="0" BAnchorOffset="94" RelativeToClient="1" Font="CRB_HeaderSmall" Text="" Template="Default" TooltipType="OnCursor" Name="GuildNameString" BGColor="ffffffff" TextColor="UI_TextMetalBodyHighlight" TooltipColor="" TextId="" DT_VCENTER="1" DT_CENTER="1">
                <Event Name="EditBoxChanging" Function="OnNameChanging"/>
                <Event Name="EditBoxChanged" Function="OnNameChanging"/>
            </Control>
            <Control Class="EditBox" LAnchorPoint="0" LAnchorOffset="19" TAnchorPoint="0" TAnchorOffset="154" RAnchorPoint="0" RAnchorOffset="257" BAnchorPoint="0" BAnchorOffset="185" RelativeToClient="1" Font="CRB_InterfaceMedium_B" Text="" Template="Default" TooltipType="OnCursor" Name="OptionString_1" BGColor="ffffffff" TextColor="UI_TextMetalBodyHighlight" TooltipColor="" TextId="" DT_VCENTER="1">
                <Event Name="EditBoxChanging" Function="OnOptionChanging"/>
                <Event Name="EditBoxChanged" Function="OnOptionChanging"/>
            </Control>
            <Control Class="EditBox" LAnchorPoint="0" LAnchorOffset="19" TAnchorPoint="0" TAnchorOffset="234" RAnchorPoint="0" RAnchorOffset="258" BAnchorPoint="0" BAnchorOffset="266" RelativeToClient="1" Font="CRB_InterfaceMedium_B" Text="" Template="Default" TooltipType="OnCursor" Name="OptionString_2" BGColor="ffffffff" TextColor="UI_TextMetalBodyHighlight" TooltipColor="" TextId="" DT_VCENTER="1">
                <Event Name="EditBoxChanging" Function="OnOptionChanging"/>
                <Event Name="EditBoxChanged" Function="OnOptionChanging"/>
            </Control>
            <Control Class="EditBox" LAnchorPoint="0" LAnchorOffset="19" TAnchorPoint="0" TAnchorOffset="314" RAnchorPoint="0" RAnchorOffset="257" BAnchorPoint="0" BAnchorOffset="346" RelativeToClient="1" Font="CRB_InterfaceMedium_B" Text="" Template="Default" TooltipType="OnCursor" Name="OptionString_3" BGColor="ffffffff" TextColor="UI_TextMetalBodyHighlight" TooltipColor="" TextId="" DT_VCENTER="1">
                <Event Name="EditBoxChanging" Function="OnOptionChanging"/>
                <Event Name="EditBoxChanged" Function="OnOptionChanging"/>
            </Control>
            <Control Class="Window" LAnchorPoint="1" LAnchorOffset="-29" TAnchorPoint="1" TAnchorOffset="-298" RAnchorPoint="1" RAnchorOffset="-5" BAnchorPoint="1" BAnchorOffset="-274" RelativeToClient="1" Font="Default" Text="" Template="Default" TooltipType="OnCursor" Name="NameValidAlert" BGColor="ffffffff" TextColor="ffffffff" TooltipColor="" Picture="1" IgnoreMouse="1" Sprite="CRB_Basekit:kitIcon_NewDisabled" Tooltip="" Visible="0" TooltipFont="CRB_InterfaceSmall_O" TooltipId="CRB_ThereIsInvalidInput" NewControlDepth="1"/>
            <Control Class="Window" LAnchorPoint="1" LAnchorOffset="-29" TAnchorPoint="1" TAnchorOffset="-202" RAnchorPoint="1" RAnchorOffset="-5" BAnchorPoint="1" BAnchorOffset="-178" RelativeToClient="1" Font="Default" Text="" Template="Default" TooltipType="OnCursor" Name="MasterRankValidAlert" BGColor="ffffffff" TextColor="ffffffff" TooltipColor="" Picture="1" IgnoreMouse="1" Sprite="CRB_Basekit:kitIcon_NewDisabled" Tooltip="" Visible="0" TooltipFont="CRB_InterfaceSmall_O" TooltipId="CRB_ThereIsInvalidInput" NewControlDepth="1"/>
            <Control Class="Window" LAnchorPoint="1" LAnchorOffset="-29" TAnchorPoint="1" TAnchorOffset="-122" RAnchorPoint="1" RAnchorOffset="-5" BAnchorPoint="1" BAnchorOffset="-98" RelativeToClient="1" Font="Default" Text="" Template="Default" TooltipType="OnCursor" Name="CouncilRankValidAlert" BGColor="ffffffff" TextColor="ffffffff" TooltipColor="" Picture="1" IgnoreMouse="1" Sprite="CRB_Basekit:kitIcon_NewDisabled" Tooltip="" Visible="0" TooltipFont="CRB_InterfaceSmall_O" TooltipId="CRB_ThereIsInvalidInput" NewControlDepth="1"/>
            <Control Class="Window" LAnchorPoint="1" LAnchorOffset="-28" TAnchorPoint="1" TAnchorOffset="-42" RAnchorPoint="1" RAnchorOffset="-4" BAnchorPoint="1" BAnchorOffset="-18" RelativeToClient="1" Font="Default" Text="" Template="Default" TooltipType="OnCursor" Name="MemberRankValidAlert" BGColor="ffffffff" TextColor="ffffffff" TooltipColor="" Picture="1" IgnoreMouse="1" Sprite="CRB_Basekit:kitIcon_NewDisabled" Tooltip="" Visible="0" TooltipFont="CRB_InterfaceSmall_O" TooltipId="CRB_ThereIsInvalidInput" NewControlDepth="1"/>
            <Control Class="Window" LAnchorPoint="0" LAnchorOffset="10" TAnchorPoint="0" TAnchorOffset="15" RAnchorPoint="0" RAnchorOffset="284" BAnchorPoint="0" BAnchorOffset="48" RelativeToClient="1" Font="CRB_HeaderMedium" Text="" BGColor="UI_WindowBGDefault" TextColor="UI_BtnTextGoldListNormal" Template="Default" TooltipType="OnCursor" Name="GuildName" TooltipColor="" TextId="CRB_Guild_Name" DT_CENTER="1" DT_VCENTER="1" Sprite="BK3:UI_BK3_Metal_Inset_SharpCorner" Picture="1" IgnoreMouse="1"/>
            <Control Class="Window" LAnchorPoint="0" LAnchorOffset="10" TAnchorPoint="0" TAnchorOffset="124" RAnchorPoint="0" RAnchorOffset="284" BAnchorPoint="0" BAnchorOffset="157" RelativeToClient="1" Font="CRB_InterfaceMedium" Text="" BGColor="UI_WindowBGDefault" TextColor="UI_TextMetalBodyAccent" Template="Default" TooltipType="OnCursor" Name="GuildMaster" TooltipColor="" TextId="Circles_LeaderTitle" DT_CENTER="1" DT_VCENTER="1"/>
            <Control Class="Window" LAnchorPoint="0" LAnchorOffset="10" TAnchorPoint="0" TAnchorOffset="204" RAnchorPoint="0" RAnchorOffset="284" BAnchorPoint="0" BAnchorOffset="237" RelativeToClient="1" Font="CRB_InterfaceMedium" Text="" BGColor="UI_WindowBGDefault" TextColor="UI_TextMetalBodyAccent" Template="Default" TooltipType="OnCursor" Name="GuildCouncil" TooltipColor="" TextId="GuildRegistration_CouncilTitle" DT_CENTER="1" DT_VCENTER="1"/>
            <Control Class="Window" LAnchorPoint="0" LAnchorOffset="10" TAnchorPoint="0" TAnchorOffset="283" RAnchorPoint="0" RAnchorOffset="284" BAnchorPoint="0" BAnchorOffset="316" RelativeToClient="1" Font="CRB_InterfaceMedium" Text="" BGColor="UI_WindowBGDefault" TextColor="UI_TextMetalBodyAccent" Template="Default" TooltipType="OnCursor" Name="GuildMember" TooltipColor="" TextId="GuildRegistration_GuildMemberTitle" DT_CENTER="1" DT_VCENTER="1"/>
        </Control>
        <Event Name="MouseButtonDown" Function="HelperClearFocus"/>
        <Control Class="Window" LAnchorPoint="0" LAnchorOffset="30" TAnchorPoint="0" TAnchorOffset="75" RAnchorPoint="1" RAnchorOffset="-25" BAnchorPoint="1" BAnchorOffset="-92" RelativeToClient="1" Font="Default" Text="" Template="Default" TooltipType="OnCursor" Name="AlertMessage" BGColor="ffffffff" TextColor="ffffffff" TooltipColor="" IgnoreMouse="1" NewWindowDepth="1" Visible="0" TransitionShowHide="1" HideInEditor="0">
            <Control Class="Window" LAnchorPoint="0" LAnchorOffset="0" TAnchorPoint="0" TAnchorOffset="0" RAnchorPoint="1" RAnchorOffset="0" BAnchorPoint="1" BAnchorOffset="0" RelativeToClient="1" Font="Default" Text="" Template="Default" TooltipType="OnCursor" Name="AlertBG_Base" BGColor="cf000000" TextColor="ffffffff" TooltipColor="" Picture="1" IgnoreMouse="1" Sprite="BK3:UI_BK3_Metal_Framing_BlockerFull"/>
            <Control Class="Window" LAnchorPoint="0" LAnchorOffset="150" TAnchorPoint="0" TAnchorOffset="80" RAnchorPoint="1" RAnchorOffset="-150" BAnchorPoint="1" BAnchorOffset="-81" RelativeToClient="1" Font="Default" Text="" Template="Default" TooltipType="OnCursor" Name="AlertBG_MessageBase" BGColor="ffffffff" TextColor="ffffffff" TooltipColor="" Picture="1" IgnoreMouse="1" Sprite="BK3:sprHolo_Alert_Notify" NewControlDepth="2"/>
            <Control Class="Window" LAnchorPoint="0" LAnchorOffset="277" TAnchorPoint="0" TAnchorOffset="122" RAnchorPoint="1" RAnchorOffset="-281" BAnchorPoint="1" BAnchorOffset="-184" RelativeToClient="1" Font="CRB_HeaderMedium" Text="" Template="Default" TooltipType="OnCursor" Name="MessageAlertText" BGColor="ffffffff" TextColor="UI_BtnTextRedNormal" TooltipColor="" NewControlDepth="6" TextId="" DT_VCENTER="1" DT_CENTER="1" Tooltip="" DT_WORDBREAK="1"/>
            <Control Class="Window" LAnchorPoint="0" LAnchorOffset="272" TAnchorPoint="0" TAnchorOffset="159" RAnchorPoint="1" RAnchorOffset="-280" BAnchorPoint="1" BAnchorOffset="-124" RelativeToClient="1" Font="CRB_InterfaceMedium" Text="" Template="Default" TooltipType="OnCursor" Name="MessageBodyText" BGColor="ffffffff" TextColor="UI_TextHoloBodyHighlight" TooltipColor="" NewControlDepth="6" TextId="" DT_VCENTER="1" DT_CENTER="1" DT_WORDBREAK="1"/>
        </Control>
        <Control Class="Window" LAnchorPoint="0" LAnchorOffset="343" TAnchorPoint="0" TAnchorOffset="73" RAnchorPoint="1" RAnchorOffset="-30" BAnchorPoint="1" BAnchorOffset="-91" RelativeToClient="1" Font="Default" Text="" Template="Default" TooltipType="OnCursor" Name="HolomarkContent" BGColor="ffffffff" TextColor="ffffffff" TooltipColor="" IgnoreMouse="1" IgnoreTooltipDelay="1" Tooltip="" HideInEditor="0">
            <Control Class="CostumeWindow" LAnchorPoint="0" LAnchorOffset="283" TAnchorPoint="0" TAnchorOffset="64" RAnchorPoint="1" RAnchorOffset="-29" BAnchorPoint="1" BAnchorOffset="-61" RelativeToClient="1" Font="Default" Text="" Template="Default" Name="HolomarkCostume" BGColor="ffffffff" TextColor="ffffffff" Camera="Paperdoll" Animated="1" TooltipType="OnCursor" TooltipColor="" HideInEditor="0"/>
            <Control Class="Button" Base="kitBtn_Dropdown_TextBaseHolo2" Font="CRB_Button" ButtonType="Check" RadioGroup="holomarkOptions" LAnchorPoint="0" LAnchorOffset="39" TAnchorPoint="0" TAnchorOffset="128" RAnchorPoint="0" RAnchorOffset="257" BAnchorPoint="0" BAnchorOffset="160" DT_VCENTER="1" DT_CENTER="1" TooltipType="OnCursor" Name="HolomarkOption.1" BGColor="ffffffff" TextColor="ffffffff" TooltipColor="" NormalTextColor="UI_TextHoloBody" PressedTextColor="ffffffff" FlybyTextColor="ffffffff" PressedFlybyTextColor="ffffffff" DisabledTextColor="ffffffff" Text="" GlobalRadioGroup="" TextId="">
                <Control Class="Window" LAnchorPoint="0" LAnchorOffset="-24" TAnchorPoint="0" TAnchorOffset="6" RAnchorPoint="1" RAnchorOffset="22" BAnchorPoint="0" BAnchorOffset="281" RelativeToClient="1" Font="Default" Text="" Template="Default" Name="HolomarkPartWindow.1" BGColor="ffffffff" TextColor="ffffffff" IgnoreMouse="0" NoClip="1" Escapable="1" Picture="1" NewWindowDepth="1" Visible="0" Overlapped="0" NotRelative="1" Sprite="BK3:sprHolo_Alert_Flyout" VScroll="0" HideInEditor="1" CloseOnExternalClick="1" TooltipColor="">
                    <Control Class="Window" LAnchorPoint="0" LAnchorOffset="44" TAnchorPoint="0" TAnchorOffset="48" RAnchorPoint="1" RAnchorOffset="-43" BAnchorPoint="1" BAnchorOffset="-47" RelativeToClient="1" Font="Default" Text="" Template="Holo_ScrollListSmall" Name="HolomarkPartList.1" BGColor="ffffffff" TextColor="ffffffff" VScroll="1" IgnoreMouse="1" TooltipColor="" Border="1" UseTemplateBG="1"/>
                    <Event Name="WindowClosed" Function="OnHolomarkPartSelectionClosed"/>
                </Control>
                <Event Name="ButtonCheck" Function="OnHolomarkPartCheck1"/>
                <Event Name="ButtonUncheck" Function="OnHolomarkPartUncheck1"/>
            </Control>
            <Control Class="Button" Base="kitBtn_Dropdown_TextBaseHolo2" Font="CRB_Button" ButtonType="Check" RadioGroup="holomarkOptions" LAnchorPoint="0" LAnchorOffset="39" TAnchorPoint="0" TAnchorOffset="216" RAnchorPoint="0" RAnchorOffset="257" BAnchorPoint="0" BAnchorOffset="248" DT_VCENTER="1" DT_CENTER="1" TooltipType="OnCursor" Name="HolomarkOption.2" BGColor="ffffffff" TextColor="ffffffff" TooltipColor="" NormalTextColor="UI_TextHoloBody" PressedTextColor="ffffffff" FlybyTextColor="ffffffff" PressedFlybyTextColor="ffffffff" DisabledTextColor="ffffffff" Text="" GlobalRadioGroup="">
                <Control Class="Window" LAnchorPoint="0" LAnchorOffset="-24" TAnchorPoint="0" TAnchorOffset="6" RAnchorPoint="1" RAnchorOffset="22" BAnchorPoint="0" BAnchorOffset="281" RelativeToClient="1" Font="Default" Text="" Template="Default" Name="HolomarkPartWindow.2" BGColor="ffffffff" TextColor="ffffffff" IgnoreMouse="0" NoClip="1" Escapable="1" Picture="1" NewWindowDepth="1" Visible="0" Overlapped="0" NotRelative="1" Sprite="BK3:sprHolo_Alert_Flyout" VScroll="0" HideInEditor="0" CloseOnExternalClick="1" TooltipColor="">
                    <Control Class="Window" LAnchorPoint="0" LAnchorOffset="44" TAnchorPoint="0" TAnchorOffset="48" RAnchorPoint="1" RAnchorOffset="-43" BAnchorPoint="1" BAnchorOffset="-47" RelativeToClient="1" Font="Default" Text="" Template="CRB_Scroll_HoloSmall" Name="HolomarkPartList.2" BGColor="ffffffff" TextColor="ffffffff" VScroll="1" IgnoreMouse="1" TooltipColor="" Border="1" UseTemplateBG="1"/>
                    <Event Name="WindowClosed" Function="OnCategorySelectionClosed"/>
                </Control>
                <Event Name="ButtonCheck" Function="OnHolomarkPartCheck2"/>
                <Event Name="ButtonUncheck" Function="OnHolomarkPartUncheck2"/>
            </Control>
            <Control Class="Button" Base="kitBtn_Dropdown_TextBaseHolo2" Font="CRB_InterfaceSmall" ButtonType="Check" RadioGroup="holomarkOptions" LAnchorPoint="0" LAnchorOffset="37" TAnchorPoint="0" TAnchorOffset="244" RAnchorPoint="0" RAnchorOffset="255" BAnchorPoint="0" BAnchorOffset="276" DT_VCENTER="1" DT_CENTER="1" TooltipType="OnCursor" Name="HolomarkOption.3" BGColor="ffffffff" TextColor="ffffffff" TooltipColor="" NormalTextColor="UI_TextHoloBody" PressedTextColor="ffffffff" FlybyTextColor="ffffffff" PressedFlybyTextColor="ffffffff" DisabledTextColor="ffffffff" Text="" GlobalRadioGroup="" Visible="0" HideInEditor="1">
                <Control Class="Window" LAnchorPoint="0" LAnchorOffset="-24" TAnchorPoint="0" TAnchorOffset="6" RAnchorPoint="1" RAnchorOffset="22" BAnchorPoint="0" BAnchorOffset="281" RelativeToClient="1" Font="Default" Text="" Template="Default" Name="HolomarkPartWindow.3" BGColor="ffffffff" TextColor="ffffffff" IgnoreMouse="0" NoClip="1" Escapable="1" Picture="1" NewWindowDepth="1" Visible="0" Overlapped="0" NotRelative="1" Sprite="BK3:sprHolo_Alert_Flyout" VScroll="0" HideInEditor="0" CloseOnExternalClick="1" TooltipColor="">
                    <Control Class="Window" LAnchorPoint="0" LAnchorOffset="44" TAnchorPoint="0" TAnchorOffset="48" RAnchorPoint="1" RAnchorOffset="-43" BAnchorPoint="1" BAnchorOffset="-47" RelativeToClient="1" Font="Default" Text="" Template="CRB_Scroll_HoloSmall" Name="HolomarkPartList.3" BGColor="ffffffff" TextColor="ffffffff" VScroll="1" IgnoreMouse="1" TooltipColor="" Border="1" UseTemplateBG="1" HideInEditor="1"/>
                    <Event Name="WindowClosed" Function="OnCategorySelectionClosed"/>
                </Control>
                <Event Name="ButtonCheck" Function="OnHolomarkPartCheck3"/>
                <Event Name="ButtonUncheck" Function="OnHolomarkPartUncheck3"/>
            </Control>
            <Pixie LAnchorPoint=".03" LAnchorOffset="0" TAnchorPoint="0" TAnchorOffset="105" RAnchorPoint=".53" RAnchorOffset="0" BAnchorPoint="1" BAnchorOffset="0" BGColor="ffffffff" Font="CRB_InterfaceMedium" TextColor="UI_TextHoloBody" Text="" TextId="GuildDesigner_BackgroundIcon" DT_CENTER="1" DT_BOTTOM="0" Line="0" DT_RIGHT="0"/>
            <Pixie LAnchorPoint=".03" LAnchorOffset="0" TAnchorPoint="0" TAnchorOffset="193" RAnchorPoint=".53" RAnchorOffset="0" BAnchorPoint="1" BAnchorOffset="0" BGColor="ffffffff" Font="CRB_InterfaceMedium" TextColor="UI_TextHoloBody" Text="" TextId="GuildDesigner_ForegroundIcon" DT_CENTER="1" DT_BOTTOM="0" Line="0"/>
        </Control>
        <Control Class="Window" LAnchorPoint="0" LAnchorOffset="0" TAnchorPoint="0" TAnchorOffset="0" RAnchorPoint="1" RAnchorOffset="0" BAnchorPoint="1" BAnchorOffset="0" RelativeToClient="1" Font="Default" Text="" Template="Metal_Primary_NoNav" TooltipType="OnCursor" Name="BGArt_Frame" BGColor="ffffffff" TextColor="ffffffff" TooltipColor="" Picture="0" IgnoreMouse="1" Sprite="" Border="1" UseTemplateBG="1" NewControlDepth="3"/>
        <Control Class="Window" LAnchorPoint=".5" LAnchorOffset="-300" TAnchorPoint="0" TAnchorOffset="29" RAnchorPoint=".5" RAnchorOffset="300" BAnchorPoint="0" BAnchorOffset="66" RelativeToClient="1" Font="CRB_HeaderMedium" Text="" Template="Default" TooltipType="OnCursor" Name="Header" BGColor="ffffffff" TextColor="UI_WindowTitleYellow" TooltipColor="" Picture="1" IgnoreMouse="1" Sprite="BK3:sprMetal_Framing_Header" TextId="GuildRegistration_GuildRegTitle" DT_CENTER="1" DT_VCENTER="1" NewControlDepth="2"/>
        <Control Class="Button" Base="CRB_Basekit:kitBtn_Close" Font="Thick" ButtonType="PushButton" RadioGroup="" LAnchorPoint="1" LAnchorOffset="-51" TAnchorPoint="0" TAnchorOffset="24" RAnchorPoint="1" RAnchorOffset="-21" BAnchorPoint="0" BAnchorOffset="55" DT_VCENTER="1" DT_CENTER="1" Name="CloseButton" BGColor="ffffffff" TextColor="ffffffff" NewControlDepth="2" WindowSoundTemplate="CloseWindowPhys" Text="" TextId="" TooltipColor="" NormalTextColor="ffffffff" PressedTextColor="ffffffff" FlybyTextColor="ffffffff" PressedFlybyTextColor="ffffffff" DisabledTextColor="ffffffff">
            <Event Name="ButtonSignal" Function="OnCancel"/>
        </Control>
        <Control Class="Window" LAnchorPoint="0" LAnchorOffset="28" TAnchorPoint="1" TAnchorOffset="-92" RAnchorPoint="1" RAnchorOffset="-26" BAnchorPoint="1" BAnchorOffset="-22" RelativeToClient="1" Font="Default" Text="" Template="Default" TooltipType="OnCursor" Name="BGArt_Footer" BGColor="ffffffff" TextColor="ffffffff" TooltipColor="" Picture="1" IgnoreMouse="1" Sprite="BK3:UI_BK3_Metal_Footer_Large"/>
        <Control Class="Button" Base="CRB_Basekit:kitBtn_Metal_LargeRed" Font="CRB_Button" ButtonType="PushButton" RadioGroup="" LAnchorPoint="1" LAnchorOffset="-141" TAnchorPoint="1" TAnchorOffset="-78" RAnchorPoint="1" RAnchorOffset="-36" BAnchorPoint="1" BAnchorOffset="-30" DT_VCENTER="1" DT_CENTER="1" Name="CancelButton" BGColor="ffffffff" TextColor="ffffffff" NewControlDepth="2" WindowSoundTemplate="TogglePhys03" TextId="CRB_Cancel" Text="" TooltipColor="" NormalTextColor="UI_BtnTextRedNormal" PressedTextColor="UI_BtnTextRedPressed" FlybyTextColor="UI_BtnTextRedFlyby" PressedFlybyTextColor="UI_BtnTextRedPressedFlyby" DisabledTextColor="UI_BtnTextRedDisabled">
            <Event Name="ButtonSignal" Function="OnCancel"/>
        </Control>
        <Control Class="Button" Base="CRB_Basekit:kitBtn_Metal_LargeGreen" Font="CRB_Button" ButtonType="PushButton" RadioGroup="" LAnchorPoint="1" LAnchorOffset="-293" TAnchorPoint="1" TAnchorOffset="-78" RAnchorPoint="1" RAnchorOffset="-147" BAnchorPoint="1" BAnchorOffset="-30" DT_VCENTER="1" DT_CENTER="1" Name="RegisterBtn" BGColor="ffffffff" TextColor="ffffffff" NewControlDepth="2" WindowSoundTemplate="TogglePhys02" TextId="GuildRegistration_RegisterGuild" Text="" TooltipColor="" NormalTextColor="UI_BtnTextGreenNormal" PressedTextColor="UI_BtnTextGreenPressed" FlybyTextColor="UI_BtnTextGreenPressedFlyby" PressedFlybyTextColor="UI_BtnTextGreenPressedFlyby" DisabledTextColor="UI_BtnTextGreenDisabled">
            <Event Name="ButtonSignal" Function="OnRegisterBtn"/>
        </Control>
        <Control Class="Window" LAnchorPoint="0" LAnchorOffset="43" TAnchorPoint="1" TAnchorOffset="-78" RAnchorPoint="0" RAnchorOffset="271" BAnchorPoint="1" BAnchorOffset="-34" RelativeToClient="1" Font="Default" Text="" Template="Default" TooltipType="OnCursor" Name="GuildCostComplex" BGColor="ffffffff" TextColor="ffffffff" TooltipColor="" Sprite="BK3:UI_BK3_Metal_Inset_SharpCorner" Picture="1" IgnoreMouse="1" NewControlDepth="3">
            <Control Class="CashWindow" LAnchorPoint="0" LAnchorOffset="60" TAnchorPoint="1" TAnchorOffset="-22" RAnchorPoint="1" RAnchorOffset="1" BAnchorPoint="1" BAnchorOffset="-5" RelativeToClient="1" Font="CRB_InterfaceMedium" Text="" Template="Default" TooltipType="OnCursor" Name="CreditCurrent" BGColor="ffffffff" TextColor="ff5f6662" TooltipColor="" DT_RIGHT="0" DT_VCENTER="0" DT_BOTTOM="0"/>
            <Control Class="CashWindow" LAnchorPoint="0" LAnchorOffset="60" TAnchorPoint="0" TAnchorOffset="5" RAnchorPoint="1" RAnchorOffset="-3" BAnchorPoint="0" BAnchorOffset="20" RelativeToClient="1" Font="CRB_InterfaceMedium_B" Text="" Template="Default" TooltipType="OnCursor" Name="CreditCost" BGColor="ffffffff" TextColor="ffc0c0c0" TooltipColor="" DT_RIGHT="0" DT_VCENTER="0" DT_BOTTOM="0"/>
            <Pixie LAnchorPoint="0" LAnchorOffset="10" TAnchorPoint="0" TAnchorOffset="4" RAnchorPoint="0" RAnchorOffset="95" BAnchorPoint="0" BAnchorOffset="21" BGColor="ffffffff" Font="CRB_InterfaceMedium_B" TextColor="ffc0c0c0" Text="" TextId="CRB_Cost" Line="0"/>
            <Pixie LAnchorPoint="0" LAnchorOffset="10" TAnchorPoint="1" TAnchorOffset="-22" RAnchorPoint="0" RAnchorOffset="95" BAnchorPoint="1" BAnchorOffset="0" BGColor="ffffffff" Font="CRB_InterfaceMedium" TextColor="ff5f6662" Text="" TextId="GuildRegistration_CreditLabel" DT_BOTTOM="0" Line="0"/>
        </Control>
    </Form>
    <Form Class="Window" LAnchorPoint="0" LAnchorOffset="0" TAnchorPoint="0" TAnchorOffset="0" RAnchorPoint="1" RAnchorOffset="-13" BAnchorPoint="0" BAnchorOffset="31" RelativeToClient="0" Font="Default" Text="" Template="Default" Name="HolomarkPartListItem" Border="0" Picture="0" SwallowMouseClicks="1" Moveable="0" Escapable="0" Overlapped="0" BGColor="ffffffff" TextColor="ffffffff" TextId="" HScroll="0" UseTemplateBG="0" TooltipColor="" Tooltip="">
        <Control Class="Button" Base="BK3:btnHolo_ListView_Mid" Font="CRB_Button" ButtonType="PushButton" RadioGroup="" LAnchorPoint="0" LAnchorOffset="0" TAnchorPoint="0" TAnchorOffset="0" RAnchorPoint="1" RAnchorOffset="0" BAnchorPoint="1" BAnchorOffset="0" DT_VCENTER="1" DT_CENTER="1" Name="HolomarkPartBtn" BGColor="ffffffff" TextColor="ffffffff" NormalTextColor="UI_BtnTextBlueNormal" PressedTextColor="UI_BtnTextBluePressed" FlybyTextColor="UI_BtnTextBlueFlyby" PressedFlybyTextColor="UI_BtnTextBluePressedFlyby" DisabledTextColor="UI_BtnTextBlueDisabled" Text="Type" TextId="" NotRelative="0" TooltipColor="" NeverBringToFront="0" AutoScaleText="1">
            <Event Name="ButtonSignal" Function="OnHolomarkPartItemSelected"/>
        </Control>
    </Form>
</Forms>
