<?xml version="1.0" encoding="UTF-8" standalone="yes" ?>
<Forms>
    <Form Class="Window" LAnchorPoint="RaidFrameBaseForm_Right" LAnchorOffset="25" TAnchorPoint="0" TAnchorOffset="75" RAnchorPoint="RaidFrameBaseForm_Right" RAnchorOffset="455" BAnchorPoint="0" BAnchorOffset="350" RelativeToClient="1" Font="Default" Text="" Template="Default" Name="RaidFrameLeaderOptionsForm" Border="0" Picture="1" SwallowMouseClicks="1" Moveable="1" Escapable="0" Overlapped="1" BGColor="ffffffff" TextColor="ffffffff" TextId="" TooltipColor="" Tooltip="" IgnoreMouse="0" Sprite="sprRaid_Base" Sizable="1" TooltipId="">
        <Control Class="Window" LAnchorPoint="0" LAnchorOffset="12" TAnchorPoint="0" TAnchorOffset="66" RAnchorPoint="1" RAnchorOffset="-8" BAnchorPoint="1" BAnchorOffset="-12" RelativeToClient="1" Font="Default" Text="" Template="CRB_Scroll_HoloSmall" TooltipType="OnCursor" Name="OptionsMemberContainer" BGColor="ffffffff" TextColor="ffffffff" TooltipColor="" Tooltip="" VScroll="1" IgnoreMouse="1" AutoHideScroll="1"/>
        <Control Class="Button" Base="CRB_Raid:btnRaid_ConfigureLockIcon" Font="Thick" ButtonType="Check" RadioGroup="" LAnchorPoint="0" LAnchorOffset="236" TAnchorPoint="0" TAnchorOffset="46" RAnchorPoint="0" RAnchorOffset="254" BAnchorPoint="0" BAnchorOffset="64" DT_VCENTER="1" DT_CENTER="1" TooltipType="OnCursor" Name="LockAllRolesBtn" BGColor="ffffffff" TextColor="ffffffff" TooltipColor="" NormalTextColor="ffffffff" PressedTextColor="ffffffff" FlybyTextColor="ffffffff" PressedFlybyTextColor="ffffffff" DisabledTextColor="ffffffff" TooltipFont="CRB_InterfaceSmall_O" Tooltip="" TooltipId="RaidFrame_RoleLockTooltip" RelativeToClient="1">
            <Event Name="ButtonCheck" Function="OnLockAllRolesCheck"/>
            <Event Name="ButtonUncheck" Function="OnLockAllRolesUncheck"/>
        </Control>
        <Control Class="Button" Base="CRB_Raid:btnRaid_MinimizeSquare" Font="Thick" ButtonType="PushButton" RadioGroup="" LAnchorPoint="1" LAnchorOffset="-28" TAnchorPoint="0" TAnchorOffset="10" RAnchorPoint="1" RAnchorOffset="-10" BAnchorPoint="0" BAnchorOffset="28" TooltipType="OnCursor" Name="OptionsCloseBtn" BGColor="ffffffff" TextColor="ffffffff" TooltipColor="" NormalTextColor="ffffffff" PressedTextColor="ffffffff" FlybyTextColor="ffffffff" PressedFlybyTextColor="ffffffff" DisabledTextColor="ffffffff" Visible="1" HideInEditor="0" TooltipFont="CRB_InterfaceSmall_O" Tooltip="" TooltipId="RaidFrame_HideFrame">
            <Event Name="ButtonSignal" Function="OnOptionsCloseBtn"/>
        </Control>
        <Pixie LAnchorPoint="0" LAnchorOffset="12" TAnchorPoint="0" TAnchorOffset="46" RAnchorPoint="0.5" RAnchorOffset="0" BAnchorPoint="0" BAnchorOffset="66" BGColor="ffffffff" Font="CRB_InterfaceMedium_B" TextColor="ff2f94ac" Text="" TextId="RaidFrame_SetLeadership" Line="0"/>
        <Pixie LAnchorPoint="0" LAnchorOffset="255" TAnchorPoint="0" TAnchorOffset="46" RAnchorPoint="0" RAnchorOffset="363" BAnchorPoint="0" BAnchorOffset="66" BGColor="ffffffff" Font="CRB_InterfaceMedium_B" TextColor="ff2f94ac" Text="" TextId="RaidFrame_SetRoles" Line="0"/>
        <Pixie LAnchorPoint="0" LAnchorOffset="377" TAnchorPoint="0" TAnchorOffset="46" RAnchorPoint="0" RAnchorOffset="430" BAnchorPoint="0" BAnchorOffset="66" BGColor="ffffffff" Font="CRB_InterfaceMedium_B" TextColor="ff2f94ac" Text="" TextId="RaidFrame_Kick" Line="0"/>
        <Pixie LAnchorPoint="0" LAnchorOffset="12" TAnchorPoint="0" TAnchorOffset="18" RAnchorPoint="1" RAnchorOffset="-12" BAnchorPoint="0" BAnchorOffset="38" BGColor="ffffffff" Font="CRB_InterfaceMedium_B" TextColor="ff31fcf6" Text="" TextId="RaidFrame_RaidManagement" Line="0"/>
    </Form>
    <Form Class="Window" LAnchorPoint="0" LAnchorOffset="0" TAnchorPoint="0" TAnchorOffset="0" RAnchorPoint="0" RAnchorOffset="397" BAnchorPoint="0" BAnchorOffset="25" RelativeToClient="1" Font="Default" Text="" Template="Default" TooltipType="OnCursor" Name="OptionsMember" Border="0" Picture="1" SwallowMouseClicks="1" Moveable="0" Escapable="0" Overlapped="1" BGColor="ffffffff" TextColor="ffffffff" TooltipColor="" IgnoreMouse="1" Tooltip="">
        <Control Class="Button" Base="CRB_Basekit:kitBtn_Holo" Font="CRB_InterfaceSmall_O" ButtonType="Check" RadioGroup="" LAnchorPoint="0" LAnchorOffset="0" TAnchorPoint="0" TAnchorOffset="0" RAnchorPoint="0" RAnchorOffset="32" BAnchorPoint="0" BAnchorOffset="25" DT_VCENTER="0" DT_CENTER="0" TooltipType="OnCursor" Name="SetMainTankBtn" BGColor="ffffffff" TextColor="ffffffff" TooltipColor="" NormalTextColor="ff2f94ac" PressedTextColor="ff31fcf6" FlybyTextColor="ff31fcf6" PressedFlybyTextColor="ff31fcf6" DisabledTextColor="ff333333" Text="" TextId="" GlobalRadioGroup="" TooltipFont="CRB_InterfaceSmall_O" Tooltip="" TooltipId="RaidFrame_MainTankTooltip" RelativeToClient="1" NeverBringToFront="1" HideInEditor="0">
            <Event Name="ButtonCheck" Function="OnConfigSetAsMainTankCheck"/>
            <Event Name="ButtonUncheck" Function="OnConfigSetAsMainTankUncheck"/>
            <Pixie LAnchorPoint="0.5" LAnchorOffset="-10" TAnchorPoint="0.5" TAnchorOffset="-8" RAnchorPoint="0.5" RAnchorOffset="12" BAnchorPoint="0.5" BAnchorOffset="9" BGColor="ffffffff" Font="Default" TextColor="ffffffff" Text="" Sprite="CRB_Raid:sprRaid_Icon_TankLeader" Line="0"/>
        </Control>
        <Control Class="Button" Base="CRB_Basekit:kitBtn_Holo" Font="CRB_InterfaceSmall_O" ButtonType="Check" RadioGroup="" LAnchorPoint="0" LAnchorOffset="34" TAnchorPoint="0" TAnchorOffset="0" RAnchorPoint="0" RAnchorOffset="66" BAnchorPoint="0" BAnchorOffset="25" DT_VCENTER="0" DT_CENTER="0" TooltipType="OnCursor" Name="SetMainAssistBtn" BGColor="ffffffff" TextColor="ffffffff" TooltipColor="" NormalTextColor="ff2f94ac" PressedTextColor="ff31fcf6" FlybyTextColor="ff31fcf6" PressedFlybyTextColor="ff31fcf6" DisabledTextColor="ff333333" Text="" TextId="" GlobalRadioGroup="" TooltipFont="CRB_InterfaceSmall_O" Tooltip="" TooltipId="RaidFrame_CombatAssistTooltip" RelativeToClient="1" NeverBringToFront="1" HideInEditor="0">
            <Event Name="ButtonCheck" Function="OnConfigSetAsMainAssistCheck"/>
            <Event Name="ButtonUncheck" Function="OnConfigSetAsMainAssistUncheck"/>
            <Pixie LAnchorPoint="0.5" LAnchorOffset="-10" TAnchorPoint="0.5" TAnchorOffset="-8" RAnchorPoint="0.5" RAnchorOffset="12" BAnchorPoint="0.5" BAnchorOffset="9" BGColor="ffffffff" Font="Default" TextColor="ffffffff" Text="" Sprite="CRB_Raid:sprRaid_Icon_AssistLeader" Line="0"/>
        </Control>
        <Control Class="Button" Base="CRB_Basekit:kitBtn_Holo" Font="CRB_InterfaceSmall_O" ButtonType="Check" RadioGroup="" LAnchorPoint="0" LAnchorOffset="68" TAnchorPoint="0" TAnchorOffset="0" RAnchorPoint="0" RAnchorOffset="100" BAnchorPoint="0" BAnchorOffset="25" DT_VCENTER="0" DT_CENTER="0" TooltipType="OnCursor" Name="SetRaidAssistBtn" BGColor="ffffffff" TextColor="ffffffff" TooltipColor="" NormalTextColor="ff2f94ac" PressedTextColor="ff31fcf6" FlybyTextColor="ff31fcf6" PressedFlybyTextColor="ff31fcf6" DisabledTextColor="ff333333" Text="" TextId="" GlobalRadioGroup="" TooltipFont="CRB_InterfaceSmall_O" Tooltip="" TooltipId="RaidFrame_RaidAssistTooltip" RelativeToClient="1" NeverBringToFront="1" HideInEditor="0">
            <Event Name="ButtonCheck" Function="OnConfigSetAsRaidAssistCheck"/>
            <Event Name="ButtonUncheck" Function="OnConfigSetAsRaidAssistUncheck"/>
            <Pixie LAnchorPoint="0.5" LAnchorOffset="-10" TAnchorPoint="0.5" TAnchorOffset="-8" RAnchorPoint="0.5" RAnchorOffset="12" BAnchorPoint="0.5" BAnchorOffset="9" BGColor="ffffffff" Font="Default" TextColor="ffffffff" Text="" Sprite="CRB_Raid:sprRaid_Icon_2ndLeader" Line="0"/>
        </Control>
        <Control Class="Window" LAnchorPoint="0" LAnchorOffset="102" TAnchorPoint="0.5" TAnchorOffset="-7" RAnchorPoint="0" RAnchorOffset="118" BAnchorPoint="0.5" BAnchorOffset="9" RelativeToClient="1" Font="Default" Text="" Template="Default" TooltipType="OnCursor" Name="RaidMemberClassIcon" BGColor="ffffffff" TextColor="ffffffff" TooltipColor="" Sprite="CRB_Raid:sprRaid_Icon_Class_Spellslinger" Picture="1" IgnoreMouse="1" Visible="1" TooltipFont="CRB_InterfaceSmall_O"/>
        <Control Class="Window" LAnchorPoint="0" LAnchorOffset="120" TAnchorPoint="0" TAnchorOffset="0" RAnchorPoint="0" RAnchorOffset="242" BAnchorPoint="1" BAnchorOffset="0" RelativeToClient="1" Font="CRB_InterfaceSmall_O" Text="" Template="Default" TooltipType="OnCursor" Name="RaidMemberName" BGColor="ffffffff" TextColor="88ffffff" TooltipColor="" TextId="" Tooltip="" DT_VCENTER="1" DT_WORDBREAK="1"/>
        <Control Class="Button" Base="CRB_Basekit:kitBtn_Holo" Font="CRB_InterfaceSmall_O" ButtonType="Check" RadioGroup="RaidOptionsMember_SetRole_RadioGroup" LAnchorPoint="0" LAnchorOffset="242" TAnchorPoint="0" TAnchorOffset="0" RAnchorPoint="0" RAnchorOffset="274" BAnchorPoint="0" BAnchorOffset="25" DT_VCENTER="0" DT_CENTER="0" TooltipType="OnCursor" Name="SetDPSBtn" BGColor="ffffffff" TextColor="ffffffff" TooltipColor="" NormalTextColor="ff2f94ac" PressedTextColor="ff31fcf6" FlybyTextColor="ff31fcf6" PressedFlybyTextColor="ff31fcf6" DisabledTextColor="ff333333" Text="" TextId="" GlobalRadioGroup="" TooltipFont="CRB_InterfaceSmall_O" Tooltip="" TooltipId="RaidFrame_DPSTooltip" RelativeToClient="1" NeverBringToFront="1">
            <Event Name="ButtonCheck" Function="OnConfigSetAsDPSCheck"/>
            <Pixie LAnchorPoint="0.5" LAnchorOffset="-15" TAnchorPoint="0.5" TAnchorOffset="-16" RAnchorPoint="0.5" RAnchorOffset="15" BAnchorPoint="0.5" BAnchorOffset="14" BGColor="ffffffff" Font="Default" TextColor="ffffffff" Text="" Sprite="sprRaid_Icon_RoleDPS" Line="0"/>
            <Event Name="ButtonUncheck" Function="OnConfigSetAsDPSUncheck"/>
        </Control>
        <Control Class="Button" Base="CRB_Basekit:kitBtn_Holo" Font="CRB_InterfaceSmall_O" ButtonType="Check" RadioGroup="RaidOptionsMember_SetRole_RadioGroup" LAnchorPoint="0" LAnchorOffset="276" TAnchorPoint="0" TAnchorOffset="0" RAnchorPoint="0" RAnchorOffset="308" BAnchorPoint="0" BAnchorOffset="25" DT_VCENTER="0" DT_CENTER="0" TooltipType="OnCursor" Name="SetHealBtn" BGColor="ffffffff" TextColor="ffffffff" TooltipColor="" NormalTextColor="ff2f94ac" PressedTextColor="ff31fcf6" FlybyTextColor="ff31fcf6" PressedFlybyTextColor="ff31fcf6" DisabledTextColor="ff333333" Text="" TextId="" GlobalRadioGroup="" Tooltip="" TooltipId="RaidFrame_HealerTooltip" TooltipFont="CRB_InterfaceSmall_O" RelativeToClient="1" NeverBringToFront="1">
            <Event Name="ButtonCheck" Function="OnConfigSetAsHealCheck"/>
            <Pixie LAnchorPoint="0.5" LAnchorOffset="-15" TAnchorPoint="0.5" TAnchorOffset="-16" RAnchorPoint="0.5" RAnchorOffset="15" BAnchorPoint="0.5" BAnchorOffset="14" BGColor="ffffffff" Font="Default" TextColor="ffffffff" Text="" Sprite="sprRaid_Icon_RoleHealer" Line="0"/>
            <Event Name="ButtonUncheck" Function="OnConfigSetAsHealUncheck"/>
        </Control>
        <Control Class="Button" Base="CRB_Basekit:kitBtn_Holo" Font="CRB_InterfaceSmall_O" ButtonType="Check" RadioGroup="RaidOptionsMember_SetRole_RadioGroup" LAnchorPoint="0" LAnchorOffset="310" TAnchorPoint="0" TAnchorOffset="0" RAnchorPoint="0" RAnchorOffset="342" BAnchorPoint="0" BAnchorOffset="25" DT_VCENTER="0" DT_CENTER="0" TooltipType="OnCursor" Name="SetTankBtn" BGColor="ffffffff" TextColor="ffffffff" TooltipColor="" NormalTextColor="ff2f94ac" PressedTextColor="ff31fcf6" FlybyTextColor="ff31fcf6" PressedFlybyTextColor="ff31fcf6" DisabledTextColor="ff333333" Text="" TextId="" GlobalRadioGroup="" TooltipFont="CRB_InterfaceSmall_O" Tooltip="" TooltipId="RaidFrame_TankTooltip" RelativeToClient="1" NeverBringToFront="1">
            <Event Name="ButtonCheck" Function="OnConfigSetAsTankCheck"/>
            <Pixie LAnchorPoint="0.5" LAnchorOffset="-15" TAnchorPoint="0.5" TAnchorOffset="-16" RAnchorPoint="0.5" RAnchorOffset="15" BAnchorPoint="0.5" BAnchorOffset="14" BGColor="ffffffff" Font="Default" TextColor="ffffffff" Text="" Sprite="sprRaid_Icon_RoleTank" Line="0"/>
            <Event Name="ButtonUncheck" Function="OnConfigSetAsTankUncheck"/>
        </Control>
        <Control Class="Button" Base="CRB_Basekit:kitBtn_Holo" Font="CRB_InterfaceSmall_O" ButtonType="PushButton" RadioGroup="" LAnchorPoint="1" LAnchorOffset="-32" TAnchorPoint="0" TAnchorOffset="0" RAnchorPoint="1" RAnchorOffset="0" BAnchorPoint="0" BAnchorOffset="25" DT_VCENTER="0" DT_CENTER="0" TooltipType="OnCursor" Name="KickBtn" BGColor="ffffffff" TextColor="ffffffff" TooltipColor="" NormalTextColor="ff2f94ac" PressedTextColor="ff31fcf6" FlybyTextColor="ff31fcf6" PressedFlybyTextColor="ff31fcf6" DisabledTextColor="ff333333" Text="" TextId="" GlobalRadioGroup="" TooltipFont="CRB_InterfaceSmall_O" Tooltip="" TooltipId="CRB_Kick_Player" RelativeToClient="1" NeverBringToFront="1">
            <Event Name="ButtonSignal" Function="OnKickBtn"/>
            <Pixie LAnchorPoint="0.5" LAnchorOffset="-8" TAnchorPoint="0" TAnchorOffset="5" RAnchorPoint="0.5" RAnchorOffset="8" BAnchorPoint="0" BAnchorOffset="21" BGColor="ffffffff" Font="Default" TextColor="ffffffff" Text="" Sprite="CRB_Raid:sprRaid_Icon_NotReadyBright" Line="0"/>
        </Control>
    </Form>
    <Form Class="Window" LAnchorPoint="0" LAnchorOffset="0" TAnchorPoint="0" TAnchorOffset="0" RAnchorPoint="0" RAnchorOffset="100" BAnchorPoint="0" BAnchorOffset="25" RelativeToClient="1" Font="CRB_InterfaceSmall_O" Text="" Template="Default" TooltipType="OnCursor" Name="OptionsMemberRaidLeader" BGColor="ffffffff" TextColor="ff31fcf6" TooltipColor="" TextId="" HideInEditor="0" Visible="1" Tooltip="" Overlapped="1">
        <Control Class="Button" Base="CRB_Basekit:kitBtn_Holo" Font="CRB_InterfaceSmall_O" ButtonType="Check" RadioGroup="" LAnchorPoint="0" LAnchorOffset="0" TAnchorPoint="0" TAnchorOffset="0" RAnchorPoint="0" RAnchorOffset="32" BAnchorPoint="0" BAnchorOffset="25" TooltipType="OnCursor" Name="SetRaidLeaderPopupBtn" BGColor="ffffffff" TextColor="ffffffff" TooltipColor="" NormalTextColor="ff2f94ac" PressedTextColor="ff31fcf6" FlybyTextColor="ff31fcf6" PressedFlybyTextColor="ff31fcf6" DisabledTextColor="ff333333" RelativeToClient="1" NeverBringToFront="1" Tooltip="" TooltipFont="CRB_InterfaceSmall_O" TooltipId="RaidFrame_NewLeaderTooltip">
            <Control Class="Window" LAnchorPoint="0.5" LAnchorOffset="-10" TAnchorPoint="0.5" TAnchorOffset="-8" RAnchorPoint="0.5" RAnchorOffset="12" BAnchorPoint="0.5" BAnchorOffset="9" RelativeToClient="1" Font="Default" Text="" Template="Default" TooltipType="OnCursor" Name="RaidMemberLeaderIcon" BGColor="ffffffff" TextColor="ffffffff" TooltipColor="" Sprite="CRB_Raid:sprRaid_Icon_Leader" Picture="1" IgnoreMouse="1" Visible="1" TooltipFont="CRB_InterfaceSmall_O" NoClip="0" NewControlDepth="1"/>
        </Control>
        <Control Class="Window" LAnchorPoint="0" LAnchorOffset="-53" TAnchorPoint="0" TAnchorOffset="-50" RAnchorPoint="0" RAnchorOffset="87" BAnchorPoint="0" BAnchorOffset="16" RelativeToClient="1" Font="Default" Text="" Template="Default" TooltipType="OnCursor" Name="SetRaidLeaderPopup" BGColor="ffffffff" TextColor="ffffffff" TooltipColor="" Picture="1" IgnoreMouse="1" Sprite="CRB_Basekit:kitInnerFrame_Holo_DownArrowDark" NoClip="1" NewWindowDepth="1" Visible="0" CloseOnExternalClick="1">
            <Control Class="Window" LAnchorPoint="0" LAnchorOffset="4" TAnchorPoint="0" TAnchorOffset="26" RAnchorPoint="1" RAnchorOffset="-33" BAnchorPoint="0" BAnchorOffset="56" RelativeToClient="1" Font="Default" Text="" Template="Default" TooltipType="OnCursor" Name="SetRaidLeaderEditBG" BGColor="ffffffff" TextColor="ffffffff" TooltipColor="" Sprite="CRB_Basekit:kitInnerFrame_Holo_InputBox" Picture="1" IgnoreMouse="1">
                <Control Class="EditBox" LAnchorPoint="0" LAnchorOffset="8" TAnchorPoint="0.5" TAnchorOffset="-13" RAnchorPoint="1" RAnchorOffset="-8" BAnchorPoint="0.5" BAnchorOffset="13" RelativeToClient="1" Font="CRB_InterfaceSmall_O" Text="" Template="Default" Name="SetRaidLeaderEditBox" BGColor="ffffffff" TextColor="ffffffff" TextId="" DT_VCENTER="1" PromptFont="CRB_InterfaceSmall_O" ClearOnEscape="1" TooltipColor="" LoseFocusOnExternalClick="1" Tooltip="" PromptText="Player name">
                    <Event Name="EditBoxChanged" Function="OnSetRaidLeaderEditBoxChanged"/>
                </Control>
            </Control>
            <Control Class="Button" Base="CRB_Basekit:kitBtn_Holo_IconBase" Font="Thick" ButtonType="PushButton" RadioGroup="" LAnchorPoint="1" LAnchorOffset="-33" TAnchorPoint="1" TAnchorOffset="-38" RAnchorPoint="1" RAnchorOffset="-7" BAnchorPoint="1" BAnchorOffset="-12" DT_VCENTER="1" DT_CENTER="1" TooltipType="OnCursor" Name="SetRaidLeaderConfirmBtn" BGColor="ffffffff" TextColor="ffffffff" TooltipColor="" NormalTextColor="ffffffff" PressedTextColor="ffffffff" FlybyTextColor="ffffffff" PressedFlybyTextColor="ffffffff" DisabledTextColor="ffffffff" Text="">
                <Event Name="ButtonSignal" Function="OnSetRaidLeaderConfirmBtn"/>
                <Control Class="Window" LAnchorPoint="0" LAnchorOffset="5" TAnchorPoint="0" TAnchorOffset="5" RAnchorPoint="1" RAnchorOffset="-5" BAnchorPoint="1" BAnchorOffset="-5" RelativeToClient="1" Font="Default" Text="" Template="Default" TooltipType="OnCursor" Name="SetRaidLeaderConfirmImage" BGColor="ffffffff" TextColor="ffffffff" TooltipColor="" Sprite="CRB_Basekit:kitIcon_CheckmarkGreenFrame" Picture="1" IgnoreMouse="1" HideInEditor="0" Visible="0"/>
            </Control>
            <Pixie LAnchorPoint="0" LAnchorOffset="0" TAnchorPoint="0" TAnchorOffset="0" RAnchorPoint="1" RAnchorOffset="0" BAnchorPoint="1" BAnchorOffset="0" BGColor="ffffffff" Font="Default" TextColor="ffffffff" Text="" Sprite="CRB_Basekit:kitInnerFrame_Holo_DownArrowDark" Line="0"/>
            <Pixie LAnchorPoint="0" LAnchorOffset="8" TAnchorPoint="0" TAnchorOffset="8" RAnchorPoint="1" RAnchorOffset="-8" BAnchorPoint="0" BAnchorOffset="28" BGColor="ffffffff" Font="CRB_InterfaceSmall_O" TextColor="ff31fcf6" Text="" TextId="RaidFrame_NewLeaderLabel" Line="0"/>
        </Control>
    </Form>
</Forms>
