<?xml version="1.0" encoding="UTF-8" standalone="yes" ?>
<Forms>
    <Form Class="Window" LAnchorPoint="RaidFrameBaseForm_Right" LAnchorOffset="25" TAnchorPoint="RaidFrameBaseForm_Top" TAnchorOffset="0" RAnchorPoint="RaidFrameBaseForm_Right" RAnchorOffset="275" BAnchorPoint="RaidFrameBaseForm_Top" BAnchorOffset="100" RelativeToClient="1" Font="Default" Text="" Template="Default" Name="RaidFrameTearOffForm" Picture="1" Moveable="1" Overlapped="1" BGColor="ffffffff" TextColor="ffffffff" TextId="" TooltipColor="" Tooltip="" IgnoreMouse="1" Sprite="sprRaid_Base" Sizable="1">
        <Control Class="Window" LAnchorPoint="0" LAnchorOffset="10" TAnchorPoint="0" TAnchorOffset="46" RAnchorPoint="1" RAnchorOffset="-10" BAnchorPoint="1" BAnchorOffset="-12" RelativeToClient="1" Font="Default" Text="" Template="CRB_Scroll_HoloSmall" TooltipType="OnCursor" Name="RaidTearOffContainer" BGColor="ffffffff" TextColor="ffffffff" TooltipColor="" Tooltip="" VScroll="0" IgnoreMouse="1" AutoHideScroll="1"/>
        <Control Class="Window" LAnchorPoint="1" LAnchorOffset="0" TAnchorPoint="0" TAnchorOffset="0" RAnchorPoint="1" RAnchorOffset="213" BAnchorPoint="0" BAnchorOffset="254" RelativeToClient="1" Font="Default" Text="" Template="Default" TooltipType="OnCursor" Name="RaidTearOffOptions" BGColor="ffffffff" TextColor="ffffffff" TooltipColor="" IgnoreMouse="1" NoClip="1" Sprite="CRB_Basekit:kitBase_HoloBlue_PopoutLarge" Picture="1" TextId="" DT_CENTER="1" Visible="0">
            <Control Class="Window" LAnchorPoint="0" LAnchorOffset="28" TAnchorPoint="0" TAnchorOffset="20" RAnchorPoint="1" RAnchorOffset="-12" BAnchorPoint="1" BAnchorOffset="0" RelativeToClient="1" Font="CRB_InterfaceSmall_O" Text="" Template="Default" TooltipType="OnCursor" Name="SelfConfigRaidCustomizeOptions" BGColor="ffffffff" TextColor="ff31fcf6" TooltipColor="" TextId="RaidFrame_Customize">
                <Control Class="Button" Base="CRB_Basekit:kitBtn_List_HoloRadio" Font="CRB_InterfaceSmall_O" ButtonType="Check" RadioGroup="" LAnchorPoint="0" LAnchorOffset="0" TAnchorPoint="0" TAnchorOffset="20" RAnchorPoint="1" RAnchorOffset="0" BAnchorPoint="0" BAnchorOffset="46" DT_VCENTER="1" DT_CENTER="1" TooltipType="OnCursor" Name="RaidCustomizeLeaderIcons" BGColor="ffffffff" TextColor="ffffffff" TooltipColor="" NormalTextColor="ff2f94ac" PressedTextColor="ff31fcf6" FlybyTextColor="ff31fcf6" PressedFlybyTextColor="ff31fcf6" DisabledTextColor="ff333333" Text="" TextId="RaidFrame_ShowLeaderIcons">
                    <Event Name="ButtonCheck" Function="DestroyAndRedrawAllFromUI"/>
                    <Event Name="ButtonUncheck" Function="DestroyAndRedrawAllFromUI"/>
                </Control>
                <Control Class="Button" Base="CRB_Basekit:kitBtn_List_HoloRadio" Font="CRB_InterfaceSmall_O" ButtonType="Check" RadioGroup="" LAnchorPoint="0" LAnchorOffset="0" TAnchorPoint="0" TAnchorOffset="48" RAnchorPoint="1" RAnchorOffset="0" BAnchorPoint="0" BAnchorOffset="74" DT_VCENTER="1" DT_CENTER="1" TooltipType="OnCursor" Name="RaidCustomizeRoleIcons" BGColor="ffffffff" TextColor="ffffffff" TooltipColor="" NormalTextColor="ff2f94ac" PressedTextColor="ff31fcf6" FlybyTextColor="ff31fcf6" PressedFlybyTextColor="ff31fcf6" DisabledTextColor="ff333333" Text="" TextId="RaidFrame_ShowRoleIcons">
                    <Event Name="ButtonCheck" Function="DestroyAndRedrawAllFromUI"/>
                    <Event Name="ButtonUncheck" Function="DestroyAndRedrawAllFromUI"/>
                </Control>
                <Control Class="Button" Base="CRB_Basekit:kitBtn_List_HoloRadio" Font="CRB_InterfaceSmall_O" ButtonType="Check" RadioGroup="" LAnchorPoint="0" LAnchorOffset="0" TAnchorPoint="0" TAnchorOffset="76" RAnchorPoint="1" RAnchorOffset="0" BAnchorPoint="0" BAnchorOffset="102" DT_VCENTER="1" DT_CENTER="1" TooltipType="OnCursor" Name="RaidCustomizeDebuffs" BGColor="ffffffff" TextColor="ffffffff" TooltipColor="" NormalTextColor="ff2f94ac" PressedTextColor="ff31fcf6" FlybyTextColor="ff31fcf6" PressedFlybyTextColor="ff31fcf6" DisabledTextColor="ff333333" Text="" TextId="RaidFrame_ShowDebuffs" Tooltip="">
                    <Event Name="ButtonCheck" Function="DestroyAndRedrawAllFromUI"/>
                    <Event Name="ButtonUncheck" Function="DestroyAndRedrawAllFromUI"/>
                </Control>
                <Control Class="Button" Base="CRB_Basekit:kitBtn_List_HoloRadio" Font="CRB_InterfaceSmall_O" ButtonType="Check" RadioGroup="" LAnchorPoint="0" LAnchorOffset="0" TAnchorPoint="0" TAnchorOffset="104" RAnchorPoint="1" RAnchorOffset="0" BAnchorPoint="0" BAnchorOffset="130" DT_VCENTER="1" DT_CENTER="1" TooltipType="OnCursor" Name="RaidCustomizeBuffs" BGColor="ffffffff" TextColor="ffffffff" TooltipColor="" NormalTextColor="ff2f94ac" PressedTextColor="ff31fcf6" FlybyTextColor="ff31fcf6" PressedFlybyTextColor="ff31fcf6" DisabledTextColor="ff333333" Text="" TextId="RaidFrame_ShowBuffs">
                    <Event Name="ButtonCheck" Function="DestroyAndRedrawAllFromUI"/>
                    <Event Name="ButtonUncheck" Function="DestroyAndRedrawAllFromUI"/>
                </Control>
                <Control Class="Button" Base="CRB_Basekit:kitBtn_List_HoloRadio" Font="CRB_InterfaceSmall_O" ButtonType="Check" RadioGroup="" LAnchorPoint="0" LAnchorOffset="0" TAnchorPoint="0" TAnchorOffset="132" RAnchorPoint="1" RAnchorOffset="0" BAnchorPoint="0" BAnchorOffset="158" DT_VCENTER="1" DT_CENTER="1" TooltipType="OnCursor" Name="RaidCustomizeManaBar" BGColor="ffffffff" TextColor="ffffffff" TooltipColor="" NormalTextColor="ff2f94ac" PressedTextColor="ff31fcf6" FlybyTextColor="ff31fcf6" PressedFlybyTextColor="ff31fcf6" DisabledTextColor="ff333333" Text="" TextId="RaidFrame_ShowManaBar">
                    <Event Name="ButtonCheck" Function="DestroyAndRedrawAllFromUI"/>
                    <Event Name="ButtonUncheck" Function="DestroyAndRedrawAllFromUI"/>
                </Control>
                <Control Class="Button" Base="CRB_Basekit:kitBtn_List_HoloRadio" Font="CRB_InterfaceSmall_O" ButtonType="Check" RadioGroup="" LAnchorPoint="0" LAnchorOffset="0" TAnchorPoint="0" TAnchorOffset="160" RAnchorPoint="1" RAnchorOffset="0" BAnchorPoint="0" BAnchorOffset="186" DT_VCENTER="1" DT_CENTER="1" TooltipType="OnCursor" Name="RaidCustomizeAssistTargets" BGColor="ffffffff" TextColor="ffffffff" TooltipColor="" NormalTextColor="ff2f94ac" PressedTextColor="ff31fcf6" FlybyTextColor="ff31fcf6" PressedFlybyTextColor="ff31fcf6" DisabledTextColor="ff333333" Text="" TextId="RaidFrame_ShowAssistTargets">
                    <Event Name="ButtonCheck" Function="DestroyAndRedrawAllFromUI"/>
                    <Event Name="ButtonUncheck" Function="DestroyAndRedrawAllFromUI"/>
                </Control>
                <Control Class="Button" Base="CRB_Basekit:kitBtn_List_HoloRadio" Font="CRB_InterfaceSmall_O" ButtonType="Check" RadioGroup="" LAnchorPoint="0" LAnchorOffset="0" TAnchorPoint="1" TAnchorOffset="-46" RAnchorPoint="1" RAnchorOffset="0" BAnchorPoint="1" BAnchorOffset="-20" DT_VCENTER="1" DT_CENTER="1" TooltipType="OnCursor" Name="RaidCustomizeLockInCombat" BGColor="ffffffff" TextColor="ffffffff" TooltipColor="" NormalTextColor="ff2f94ac" PressedTextColor="ff31fcf6" FlybyTextColor="ff31fcf6" PressedFlybyTextColor="ff31fcf6" DisabledTextColor="ff333333" Text="" TextId="RaidFrame_CombatAutoLock" Tooltip=""/>
            </Control>
        </Control>
        <Control Class="Button" Base="CRB_Raid:btnRaid_MinimizeSquare" Font="Thick" ButtonType="PushButton" RadioGroup="" LAnchorPoint="1" LAnchorOffset="-68" TAnchorPoint="0" TAnchorOffset="10" RAnchorPoint="1" RAnchorOffset="-50" BAnchorPoint="0" BAnchorOffset="28" TooltipType="OnCursor" Name="RaidTearOffCloseBtn" BGColor="ffffffff" TextColor="ffffffff" TooltipColor="" NormalTextColor="ffffffff" PressedTextColor="ffffffff" FlybyTextColor="ffffffff" PressedFlybyTextColor="ffffffff" DisabledTextColor="ffffffff" Visible="1" HideInEditor="0" TooltipFont="CRB_InterfaceSmall_O" Tooltip="" TooltipId="RaidFrame_HideFrame">
            <Event Name="ButtonSignal" Function="OnCloseBtn"/>
        </Control>
        <Control Class="Button" Base="CRB_Raid:btnRaid_ConfigureLockIcon" Font="Thick" ButtonType="Check" RadioGroup="" LAnchorPoint="1" LAnchorOffset="-48" TAnchorPoint="0" TAnchorOffset="10" RAnchorPoint="1" RAnchorOffset="-30" BAnchorPoint="0" BAnchorOffset="28" DT_VCENTER="1" DT_CENTER="1" TooltipType="OnCursor" Name="RaidLockFrameBtn" BGColor="ffffffff" TextColor="ffffffff" TooltipColor="" NormalTextColor="ffffffff" PressedTextColor="ffffffff" FlybyTextColor="ffffffff" PressedFlybyTextColor="ffffffff" DisabledTextColor="ffffffff" Tooltip="" TooltipFont="CRB_InterfaceSmall_O" TooltipId="RaidFrame_ToggleFrameLock">
            <Event Name="ButtonCheck" Function="OnRaidLockFrameBtnToggle"/>
            <Event Name="ButtonUncheck" Function="OnRaidLockFrameBtnToggle"/>
        </Control>
        <Control Class="Button" Base="btnRaid_ConfigureGearIcon" Font="Thick" ButtonType="Check" RadioGroup="" LAnchorPoint="1" LAnchorOffset="-28" TAnchorPoint="0" TAnchorOffset="10" RAnchorPoint="1" RAnchorOffset="-10" BAnchorPoint="0" BAnchorOffset="28" DT_VCENTER="1" DT_CENTER="1" TooltipType="OnCursor" Name="RaidTearOffOptionsBtn" BGColor="ffffffff" TextColor="ffffffff" TooltipColor="" NormalTextColor="ffffffff" PressedTextColor="ffffffff" FlybyTextColor="ffffffff" PressedFlybyTextColor="ffffffff" DisabledTextColor="ffffffff" GlobalRadioGroup="" Tooltip="" TooltipFont="CRB_InterfaceSmall_O" TooltipId="RaidFrame_FocusGroupOptions"/>
        <Pixie LAnchorPoint="0" LAnchorOffset="12" TAnchorPoint="0" TAnchorOffset="18" RAnchorPoint="1" RAnchorOffset="-12" BAnchorPoint="0" BAnchorOffset="38" BGColor="ffffffff" Font="CRB_InterfaceMedium_B" TextColor="ff31fcf6" Text="" TextId="RaidFrame_FocusGroup" Line="0"/>
    </Form>
    <Form Class="Window" LAnchorPoint="0" LAnchorOffset="0" TAnchorPoint="0" TAnchorOffset="0" RAnchorPoint="1" RAnchorOffset="0" BAnchorPoint="0" BAnchorOffset="58" RelativeToClient="1" Font="Default" Text="" Template="Default" TooltipType="OnCursor" Name="RaidTearMember" Border="0" Picture="1" SwallowMouseClicks="1" Moveable="0" Escapable="0" Overlapped="1" BGColor="ffffffff" TextColor="ffffffff" TooltipColor="" IgnoreMouse="0" Sprite="sprRaidTear_BaseHoloBlue" Tooltip="">
        <Control Class="Button" Base="btnRaidTear_BottomLeftArrow" Font="Thick" ButtonType="PushButton" RadioGroup="" LAnchorPoint="0" LAnchorOffset="0" TAnchorPoint="0" TAnchorOffset="21" RAnchorPoint="0" RAnchorOffset="33" BAnchorPoint="0" BAnchorOffset="41" DT_VCENTER="1" DT_CENTER="1" TooltipType="OnCursor" Name="RaidMemberUntearBtn" BGColor="ffffffff" TextColor="ffffffff" TooltipColor="" NormalTextColor="ffffffff" PressedTextColor="ffffffff" FlybyTextColor="ffffffff" PressedFlybyTextColor="ffffffff" DisabledTextColor="ffffffff" TooltipFont="CRB_InterfaceSmall_O" Tooltip="" TooltipId="RaidFrame_HideFromFocus">
            <Event Name="ButtonSignal" Function="OnRaidMemberUntearBtn"/>
        </Control>
        <Control Class="Window" LAnchorPoint="0" LAnchorOffset="0" TAnchorPoint="0" TAnchorOffset="2" RAnchorPoint="0" RAnchorOffset="21" BAnchorPoint="0" BAnchorOffset="20" RelativeToClient="1" Font="Default" Text="" Template="Default" TooltipType="OnCursor" Name="RaidMemberLeaderIcon" BGColor="ffffffff" TextColor="ffffffff" TooltipColor="" Sprite="CRB_Raid:sprRaid_Icon_Leader" Picture="1" IgnoreMouse="1" Visible="1" TooltipFont="CRB_InterfaceSmall_O" NoClip="1" Tooltip="" HideInEditor="0"/>
        <Control Class="Window" LAnchorPoint="0" LAnchorOffset="13" TAnchorPoint="0" TAnchorOffset="-4" RAnchorPoint="0" RAnchorOffset="42" BAnchorPoint="0" BAnchorOffset="24" RelativeToClient="1" Font="Default" Text="" Template="Default" TooltipType="OnCursor" Name="RaidMemberRoleIconSprite" BGColor="ffffffff" TextColor="ffffffff" TooltipColor="" Sprite="sprRaid_Icon_RoleTank" Picture="1" IgnoreMouse="1" Visible="1" TooltipFont="CRB_InterfaceSmall_O" NoClip="1" Tooltip=""/>
        <Control Class="Window" LAnchorPoint="0" LAnchorOffset="36" TAnchorPoint="0" TAnchorOffset="4" RAnchorPoint="1" RAnchorOffset="-5" BAnchorPoint="0" BAnchorOffset="37" RelativeToClient="1" Font="Default" Text="" Template="Default" TooltipType="OnCursor" Name="RaidMemberBaseVitals" BGColor="ffffffff" TextColor="ffffffff" TooltipColor="" Tooltip="">
            <Control Class="Window" LAnchorPoint="0" LAnchorOffset="0" TAnchorPoint="0" TAnchorOffset="0" RAnchorPoint="0" RAnchorOffset="0" BAnchorPoint="1" BAnchorOffset="0" RelativeToClient="1" Font="Default" Text="" Template="Default" TooltipType="OnCursor" Name="HealthBar" BGColor="ffffffff" TextColor="ffffffff" TooltipColor="" Sprite="sprRaidTear_BigHealthProgBar_Green" Picture="1" IgnoreMouse="1">
                <Control Class="Window" LAnchorPoint="1" LAnchorOffset="-15" TAnchorPoint="0" TAnchorOffset="0" RAnchorPoint="1" RAnchorOffset="0" BAnchorPoint="1" BAnchorOffset="0" RelativeToClient="1" Font="Default" Text="" Template="Default" TooltipType="OnCursor" Name="HealthBarEdgeGlow" BGColor="ffffffff" TextColor="ffffffff" TooltipColor="" Picture="1" IgnoreMouse="1" Sprite="sprRaidTear_BigHealthProgBar_EdgeGlow" NoClip="1"/>
            </Control>
            <Control Class="Window" LAnchorPoint="0" LAnchorOffset="0" TAnchorPoint="0" TAnchorOffset="0" RAnchorPoint="0" RAnchorOffset="0" BAnchorPoint="1" BAnchorOffset="0" RelativeToClient="1" Font="Default" Text="" Template="Default" TooltipType="OnCursor" Name="MaxAbsorbBar" BGColor="ffffffff" TextColor="ffffffff" TooltipColor="" RightEdgeControlsAnchor="" Sprite="CRB_Raid:sprRaidTear_BigAbsorbEmptyBar" Picture="1" IgnoreMouse="1" Visible="0" HideInEditor="0">
                <Control Class="ProgressBar" Text="" LAnchorPoint="0" LAnchorOffset="0" TAnchorPoint="0" TAnchorOffset="0" RAnchorPoint="1" RAnchorOffset="0" BAnchorPoint="1" BAnchorOffset="0" AutoSetText="0" UseValues="0" RelativeToClient="1" SetTextToProgress="0" DT_CENTER="1" DT_VCENTER="1" ProgressEmpty="" ProgressFull="CRB_Raid:sprRaidTear_BigAbsorbProgBar" TooltipType="OnCursor" Name="CurrAbsorbBar" BGColor="ffffffff" TextColor="ffffffff" TooltipColor="" BarColor="" Sprite="" IgnoreMouse="1" ProgressEdgeGlow="" EdgeGlow="1" NoClipEdgeGlow="0" Tooltip=""/>
            </Control>
            <Control Class="Window" LAnchorPoint="0" LAnchorOffset="0" TAnchorPoint="0" TAnchorOffset="0" RAnchorPoint="0" RAnchorOffset="0" BAnchorPoint="1" BAnchorOffset="0" RelativeToClient="1" Font="Default" Text="" Template="Default" TooltipType="OnCursor" Name="MaxShieldBar" BGColor="ffffffff" TextColor="ffffffff" TooltipColor="" RightEdgeControlsAnchor="" Sprite="CRB_Raid:sprRaidTear_BigShieldEmptyBar" Picture="1" IgnoreMouse="1" HideInEditor="0" Visible="0">
                <Control Class="ProgressBar" Text="" LAnchorPoint="0" LAnchorOffset="0" TAnchorPoint="0" TAnchorOffset="0" RAnchorPoint="1" RAnchorOffset="0" BAnchorPoint="1" BAnchorOffset="0" AutoSetText="0" UseValues="0" RelativeToClient="1" SetTextToProgress="0" DT_CENTER="1" DT_VCENTER="1" ProgressEmpty="" ProgressFull="CRB_Raid:sprRaidTear_BigShieldProgBar" TooltipType="OnCursor" Name="CurrShieldBar" BGColor="ffffffff" TextColor="ffffffff" TooltipColor="" BarColor="" Sprite="" IgnoreMouse="1" ProgressEdgeGlow="" EdgeGlow="1" NoClipEdgeGlow="0" Picture="1"/>
            </Control>
        </Control>
        <Control Class="Window" Font="Thick" LAnchorPoint="0" LAnchorOffset="34" TAnchorPoint="0" TAnchorOffset="26" RAnchorPoint="1" RAnchorOffset="12" BAnchorPoint="0" BAnchorOffset="72" TooltipType="OnCursor" Name="RaidMemberToTFrame" BGColor="ffffffff" TextColor="ffffffff" TooltipColor="" NoClip="0" RelativeToClient="1" TestAlpha="0" Tooltip="" Sprite="CRB_Raid:btnRaidTear_ThinHoloListBtnNormal" Visible="0" Picture="1" IgnoreMouse="1" TooltipId="RaidFrame_FocusGroupOptions">
            <Control Class="Window" LAnchorPoint="0" LAnchorOffset="-9" TAnchorPoint="0" TAnchorOffset="2" RAnchorPoint="0" RAnchorOffset="36" BAnchorPoint="0" BAnchorOffset="45" RelativeToClient="1" Font="Default" Text="" Template="Default" TooltipType="OnCursor" Name="RaidMemberAlignIcon" BGColor="ffffffff" TextColor="ffffffff" TooltipColor="" Sprite="sprRaid_Icon_GreenFriendly" Picture="1" IgnoreMouse="1" TooltipFont="CRB_InterfaceSmall_O" NoClip="1"/>
            <Control Class="Window" LAnchorPoint="0" LAnchorOffset="24" TAnchorPoint="0" TAnchorOffset="17" RAnchorPoint="1" RAnchorOffset="-17" BAnchorPoint="0" BAnchorOffset="29" RelativeToClient="1" Font="Default" Text="" Template="Default" TooltipType="OnCursor" Name="RaidMemberToTVitals" BGColor="ffffffff" TextColor="ffffffff" TooltipColor="" Tooltip="">
                <Control Class="Window" LAnchorPoint="0" LAnchorOffset="0" TAnchorPoint="0" TAnchorOffset="0" RAnchorPoint="0" RAnchorOffset="0" BAnchorPoint="0" BAnchorOffset="12" RelativeToClient="1" Font="Default" Text="" Template="Default" TooltipType="OnCursor" Name="HealthBar" BGColor="ffffffff" TextColor="ffffffff" TooltipColor="" Sprite="CRB_Raid:sprRaid_HealthProgBar_Green" Picture="1" IgnoreMouse="1">
                    <Control Class="Window" LAnchorPoint="1" LAnchorOffset="-3" TAnchorPoint="0" TAnchorOffset="0" RAnchorPoint="1" RAnchorOffset="0" BAnchorPoint="1" BAnchorOffset="0" RelativeToClient="1" Font="Default" Text="" Template="Default" TooltipType="OnCursor" Name="HealthBarEdgeGlow" BGColor="ffffffff" TextColor="ffffffff" TooltipColor="" Picture="1" IgnoreMouse="1" Sprite="CRB_Raid:sprRaid_HealthEdgeGlow_Green" NoClip="1"/>
                </Control>
                <Control Class="Window" LAnchorPoint="0" LAnchorOffset="0" TAnchorPoint="0" TAnchorOffset="0" RAnchorPoint="0" RAnchorOffset="0" BAnchorPoint="0" BAnchorOffset="12" RelativeToClient="1" Font="Default" Text="" Template="Default" TooltipType="OnCursor" Name="MaxAbsorbBar" BGColor="ffffffff" TextColor="ffffffff" TooltipColor="" RightEdgeControlsAnchor="" Sprite="CRB_Raid:sprRaid_AbsorbEmptyBar" Picture="1" IgnoreMouse="1" Visible="0" HideInEditor="0">
                    <Control Class="ProgressBar" Text="" LAnchorPoint="0" LAnchorOffset="0" TAnchorPoint="0" TAnchorOffset="0" RAnchorPoint="1" RAnchorOffset="0" BAnchorPoint="1" BAnchorOffset="0" AutoSetText="0" UseValues="0" RelativeToClient="1" SetTextToProgress="0" DT_CENTER="1" DT_VCENTER="1" ProgressEmpty="" ProgressFull="CRB_Raid:sprRaid_AbsorbProgBar" TooltipType="OnCursor" Name="CurrAbsorbBar" BGColor="ffffffff" TextColor="ffffffff" TooltipColor="" BarColor="" Sprite="" IgnoreMouse="1"/>
                </Control>
                <Control Class="Window" LAnchorPoint="0" LAnchorOffset="0" TAnchorPoint="0" TAnchorOffset="0" RAnchorPoint="0" RAnchorOffset="0" BAnchorPoint="0" BAnchorOffset="12" RelativeToClient="1" Font="Default" Text="" Template="Default" TooltipType="OnCursor" Name="MaxShieldBar" BGColor="ffffffff" TextColor="ffffffff" TooltipColor="" RightEdgeControlsAnchor="" Sprite="CRB_Raid:sprRaid_ShieldEmptyBar" Picture="1" IgnoreMouse="1" HideInEditor="0" Visible="0">
                    <Control Class="ProgressBar" Text="" LAnchorPoint="0" LAnchorOffset="0" TAnchorPoint="0" TAnchorOffset="0" RAnchorPoint="1" RAnchorOffset="0" BAnchorPoint="1" BAnchorOffset="0" AutoSetText="0" UseValues="0" RelativeToClient="1" SetTextToProgress="0" DT_CENTER="1" DT_VCENTER="1" ProgressEmpty="" ProgressFull="CRB_Raid:sprRaid_ShieldProgBar" TooltipType="OnCursor" Name="CurrShieldBar" BGColor="ffffffff" TextColor="ffffffff" TooltipColor="" BarColor="" Sprite="" IgnoreMouse="1"/>
                </Control>
            </Control>
            <Control Class="Button" LAnchorPoint="0" LAnchorOffset="25" TAnchorPoint="0" TAnchorOffset="15" RAnchorPoint="1" RAnchorOffset="-16" BAnchorPoint="0" BAnchorOffset="37" RelativeToClient="1" Font="CRB_InterfaceSmall_O" Text="" Template="Default" TooltipType="OnCursor" Name="RaidMemberToTName" BGColor="ffffffff" TextColor="88ffffff" TooltipColor="" TextId="RaidFrame_MemberName" NormalTextColor="88ffffff" PressedTextColor="88ffffff" FlybyTextColor="88ffffff" PressedFlybyTextColor="88ffffff" DisabledTextColor="ffffffff" Base="CRB_DEMO_WrapperSprites:btnDemo_CharInvisible" ButtonType="PushButton" NewControlDepth="1" IgnoreMouse="1">
                <Event Name="ButtonSignal" Function="OnRaidMemberToTNameClick"/>
            </Control>
        </Control>
        <Control Class="Window" LAnchorPoint="0" LAnchorOffset="42" TAnchorPoint="0" TAnchorOffset="7" RAnchorPoint="1" RAnchorOffset="-4" BAnchorPoint="0" BAnchorOffset="37" RelativeToClient="1" Font="CRB_InterfaceSmall_O" Text="" Template="Default" TooltipType="OnCursor" Name="RaidMemberName" BGColor="ffffffff" TextColor="88ffffff" TooltipColor="" TextId="RaidFrame_MemberName" NewControlDepth="1"/>
        <Event Name="MouseButtonUp" Function="OnRaidTearMemberMouseUp"/>
        <Control Name="RaidMemberBeneBuffBar" Class="BuffContainerWindow" LAnchorPoint="1" LAnchorOffset="4" TAnchorPoint="0" TAnchorOffset="4" RAnchorPoint="1" RAnchorOffset="104" BAnchorPoint="0" BAnchorOffset="24" Picture="0" NoClip="1" IgnoreMouse="1" BGColor="ffffffff" TextColor="00ffffff" Sprite="WhiteFill" Visible="0" Overlapped="1" TooltipColor="" Tooltip="" BeneficialBuffs="1" AutoAddBuffs="1" RelativeToClient="1" Font="CRB_InterfaceSmall_O" IgnoreTooltipDelay="1" DoNotShowTimeRemaining="1" ShowMS="0">
            <Event Name="GenerateTooltip" Function="OnGenerateTooltip"/>
        </Control>
        <Control Name="RaidMemberHarmBuffBar" Class="BuffContainerWindow" LAnchorPoint="1" LAnchorOffset="4" TAnchorPoint="0" TAnchorOffset="25" RAnchorPoint="1" RAnchorOffset="104" BAnchorPoint="0" BAnchorOffset="45" NoClip="1" IgnoreMouse="1" Overlapped="1" BGColor="ffffffff" TextColor="ffffffff" Picture="0" Sprite="WhiteFill" TooltipColor="" AutoAddBuffs="1" HarmfulBuffs="1" IgnoreTooltipDelay="1" DoNotShowTimeRemaining="1" ShowMS="0">
            <Event Name="GenerateTooltip" Function="OnGenerateTooltip"/>
        </Control>
    </Form>
    <Form Class="ProgressBar" Text="" LAnchorPoint="0" LAnchorOffset="37" TAnchorPoint="0" TAnchorOffset="30" RAnchorPoint="1" RAnchorOffset="-5" BAnchorPoint="0" BAnchorOffset="44" AutoSetText="0" UseValues="0" RelativeToClient="1" SetTextToProgress="0" DT_CENTER="1" DT_VCENTER="1" ProgressEmpty="" ProgressFull="sprRaid_ManaProgBar_Purple" TooltipType="OnCursor" Name="RaidTearManaBar" Border="0" Picture="1" SwallowMouseClicks="1" Moveable="0" Escapable="0" Overlapped="1" BGColor="ffffffff" TextColor="ffffffff" TooltipColor="" BarColor="" IgnoreMouse="1" Sprite=""/>
</Forms>
