<?xml version="1.0" encoding="UTF-8" standalone="yes" ?>
<Forms>
    <Form Class="Window" LAnchorPoint="RaidFrameBaseForm_Right" LAnchorOffset="0" TAnchorPoint="0" TAnchorOffset="50" RAnchorPoint="RaidFrameBaseForm_Right" RAnchorOffset="489" BAnchorPoint="0" BAnchorOffset="476" RelativeToClient="1" Font="Default" Text="" Template="Default" Name="RaidFrameMasterLootForm" Border="0" Picture="1" SwallowMouseClicks="1" Moveable="1" Escapable="0" Overlapped="1" BGColor="ffffffff" TextColor="ffffffff" TextId="" TooltipColor="" Tooltip="" IgnoreMouse="0" Sprite="BK3:UI_BK3_Holo_Framing_3" Sizable="1" TooltipId="">
        <Control Class="Window" LAnchorPoint="0" LAnchorOffset="40" TAnchorPoint="0" TAnchorOffset="67" RAnchorPoint="1" RAnchorOffset="-40" BAnchorPoint="0" BAnchorOffset="132" RelativeToClient="1" Font="CRB_InterfaceSmall" Text="" Template="Holo_TextCallout" TooltipType="OnCursor" Name="SetLootUnderThres" BGColor="ffffffff" TextColor="UI_TextHoloTitle" TooltipColor="" TextId="RaidFrame_UnderThresholdLabel" Tooltip="" Border="1" IgnoreMouse="1" UseTemplateBG="1">
            <Control Class="Button" Base="BK3:btnHolo_ListView_Simple" Font="CRB_InterfaceSmall" ButtonType="Check" RadioGroup="SetLootUnderThres_Raid_RadioGroup" LAnchorPoint="0" LAnchorOffset="8" TAnchorPoint="1" TAnchorOffset="-38" RAnchorPoint="0" RAnchorOffset="108" BAnchorPoint="1" BAnchorOffset="-8" DT_VCENTER="1" DT_CENTER="1" TooltipType="OnCursor" Name="UnderThresMasterBtn" BGColor="ffffffff" TextColor="ffffffff" TooltipColor="" NormalTextColor="UI_BtnTextBlueNormal" PressedTextColor="ff31fcf6" FlybyTextColor="ff2f94ac" PressedFlybyTextColor="ff31fcf6" DisabledTextColor="ff333333" Text="" TextId="Group_MasterLoot" Tooltip="" GlobalRadioGroup="" RadioDisallowNonSelection="1">
                <Event Name="ButtonCheck" Function="OnSetLootUnderThresCheck"/>
            </Control>
            <Control Class="Button" Base="BK3:btnHolo_ListView_Simple" Font="CRB_InterfaceSmall" ButtonType="Check" RadioGroup="SetLootUnderThres_Raid_RadioGroup" LAnchorPoint="0" LAnchorOffset="106" TAnchorPoint="1" TAnchorOffset="-38" RAnchorPoint="0" RAnchorOffset="206" BAnchorPoint="1" BAnchorOffset="-8" DT_VCENTER="1" DT_CENTER="1" TooltipType="OnCursor" Name="UnderThresNvGBtn" BGColor="ffffffff" TextColor="ffffffff" TooltipColor="" NormalTextColor="UI_BtnTextBlueNormal" PressedTextColor="ff31fcf6" FlybyTextColor="ff2f94ac" PressedFlybyTextColor="ff31fcf6" DisabledTextColor="ff333333" Text="" TextId="Group_NeedVsGreed" Tooltip="" GlobalRadioGroup="" RadioDisallowNonSelection="1">
                <Event Name="ButtonCheck" Function="OnSetLootUnderThresCheck"/>
            </Control>
            <Control Class="Button" Base="BK3:btnHolo_ListView_Simple" Font="CRB_InterfaceSmall" ButtonType="Check" RadioGroup="SetLootUnderThres_Raid_RadioGroup" LAnchorPoint="0" LAnchorOffset="204" TAnchorPoint="1" TAnchorOffset="-38" RAnchorPoint="0" RAnchorOffset="304" BAnchorPoint="1" BAnchorOffset="-8" DT_VCENTER="1" DT_CENTER="1" TooltipType="OnCursor" Name="UnderThresRRBtn" BGColor="ffffffff" TextColor="ffffffff" TooltipColor="" NormalTextColor="UI_BtnTextBlueNormal" PressedTextColor="ff31fcf6" FlybyTextColor="ff2f94ac" PressedFlybyTextColor="ff31fcf6" DisabledTextColor="ff333333" Text="" TextId="Group_RoundRobin" Tooltip="" GlobalRadioGroup="" RadioDisallowNonSelection="1">
                <Event Name="ButtonCheck" Function="OnSetLootUnderThresCheck"/>
            </Control>
            <Control Class="Button" Base="BK3:btnHolo_ListView_Simple" Font="CRB_InterfaceSmall" ButtonType="Check" RadioGroup="SetLootUnderThres_Raid_RadioGroup" LAnchorPoint="0" LAnchorOffset="302" TAnchorPoint="1" TAnchorOffset="-38" RAnchorPoint="0" RAnchorOffset="402" BAnchorPoint="1" BAnchorOffset="-8" DT_VCENTER="1" DT_CENTER="1" TooltipType="OnCursor" Name="UnderThresFFABtn" BGColor="ffffffff" TextColor="ffffffff" TooltipColor="" NormalTextColor="UI_BtnTextBlueNormal" PressedTextColor="ff31fcf6" FlybyTextColor="ff2f94ac" PressedFlybyTextColor="ff31fcf6" DisabledTextColor="ff333333" Text="" TextId="Group_FFA" Tooltip="" GlobalRadioGroup="" RadioDisallowNonSelection="1">
                <Event Name="ButtonCheck" Function="OnSetLootUnderThresCheck"/>
            </Control>
        </Control>
        <Control Class="Window" LAnchorPoint="0" LAnchorOffset="40" TAnchorPoint="0" TAnchorOffset="139" RAnchorPoint="1" RAnchorOffset="-40" BAnchorPoint="0" BAnchorOffset="241" RelativeToClient="1" Font="CRB_InterfaceSmall" Text="" Template="Holo_TextCallout" TooltipType="OnCursor" Name="SetLootItemThres" BGColor="ffffffff" TextColor="UI_TextHoloTitle" TooltipColor="" TextId="RaidFrame_ThresholdLabel" Tooltip="" Border="1" IgnoreMouse="1" UseTemplateBG="1">
            <Control Class="Button" Base="BK3:btnHolo_ListView_Simple" Font="CRB_InterfaceSmall" ButtonType="Check" RadioGroup="SetLootItemThres_Raid_RadioGroup" LAnchorPoint="0" LAnchorOffset="8" TAnchorPoint="0" TAnchorOffset="29" RAnchorPoint="0" RAnchorOffset="108" BAnchorPoint="0" BAnchorOffset="59" DT_VCENTER="1" DT_CENTER="1" TooltipType="OnCursor" Name="ItemThresBtn1" BGColor="ffffffff" TextColor="ffffffff" TooltipColor="" NormalTextColor="UI_BtnTextBlueNormal" PressedTextColor="ff31fcf6" FlybyTextColor="ff2f94ac" PressedFlybyTextColor="ff31fcf6" DisabledTextColor="ff333333" Text="" TextId="CRB_Average" Tooltip="" GlobalRadioGroup="" RadioDisallowNonSelection="1">
                <Event Name="ButtonCheck" Function="OnSetLootItemThresCheck"/>
                <Pixie LAnchorPoint="0" LAnchorOffset="6" TAnchorPoint="1" TAnchorOffset="-4" RAnchorPoint="1" RAnchorOffset="-6" BAnchorPoint="1" BAnchorOffset="-2" BGColor="ItemQuality_Average" Font="Default" TextColor="ffffffff" Text="" Sprite="ClientSprites:WhiteFill" Line="0"/>
            </Control>
            <Control Class="Button" Base="BK3:btnHolo_ListView_Simple" Font="CRB_InterfaceSmall" ButtonType="Check" RadioGroup="SetLootItemThres_Raid_RadioGroup" LAnchorPoint="0" LAnchorOffset="106" TAnchorPoint="0" TAnchorOffset="29" RAnchorPoint="0" RAnchorOffset="206" BAnchorPoint="0" BAnchorOffset="59" DT_VCENTER="1" DT_CENTER="1" TooltipType="OnCursor" Name="ItemThresBtn2" BGColor="ffffffff" TextColor="ffffffff" TooltipColor="" NormalTextColor="UI_BtnTextBlueNormal" PressedTextColor="ff31fcf6" FlybyTextColor="ff2f94ac" PressedFlybyTextColor="ff31fcf6" DisabledTextColor="ff333333" Text="" TextId="CRB_Good" Tooltip="" GlobalRadioGroup="" RadioDisallowNonSelection="1">
                <Event Name="ButtonCheck" Function="OnSetLootItemThresCheck"/>
                <Pixie LAnchorPoint="0" LAnchorOffset="6" TAnchorPoint="1" TAnchorOffset="-4" RAnchorPoint="1" RAnchorOffset="-6" BAnchorPoint="1" BAnchorOffset="-2" BGColor="ItemQuality_Good" Font="Default" TextColor="ffffffff" Text="" Sprite="ClientSprites:WhiteFill" Line="0"/>
            </Control>
            <Control Class="Button" Base="BK3:btnHolo_ListView_Simple" Font="CRB_InterfaceSmall" ButtonType="Check" RadioGroup="SetLootItemThres_Raid_RadioGroup" LAnchorPoint="0" LAnchorOffset="204" TAnchorPoint="0" TAnchorOffset="29" RAnchorPoint="0" RAnchorOffset="304" BAnchorPoint="0" BAnchorOffset="59" DT_VCENTER="1" DT_CENTER="1" TooltipType="OnCursor" Name="ItemThresBtn3" BGColor="ffffffff" TextColor="ffffffff" TooltipColor="" NormalTextColor="UI_BtnTextBlueNormal" PressedTextColor="ff31fcf6" FlybyTextColor="ff2f94ac" PressedFlybyTextColor="ff31fcf6" DisabledTextColor="ff333333" Text="" TextId="CRB_Excellent" Tooltip="" GlobalRadioGroup="" RadioDisallowNonSelection="1">
                <Event Name="ButtonCheck" Function="OnSetLootItemThresCheck"/>
                <Pixie LAnchorPoint="0" LAnchorOffset="6" TAnchorPoint="1" TAnchorOffset="-4" RAnchorPoint="1" RAnchorOffset="-6" BAnchorPoint="1" BAnchorOffset="-2" BGColor="ItemQuality_Excellent" Font="Default" TextColor="ffffffff" Text="" Sprite="ClientSprites:WhiteFill" Line="0"/>
            </Control>
            <Control Class="Button" Base="BK3:btnHolo_ListView_Simple" Font="CRB_InterfaceSmall" ButtonType="Check" RadioGroup="SetLootItemThres_Raid_RadioGroup" LAnchorPoint="0" LAnchorOffset="302" TAnchorPoint="0" TAnchorOffset="29" RAnchorPoint="0" RAnchorOffset="402" BAnchorPoint="0" BAnchorOffset="59" DT_VCENTER="1" DT_CENTER="1" TooltipType="OnCursor" Name="ItemThresBtn4" BGColor="ffffffff" TextColor="ffffffff" TooltipColor="" NormalTextColor="UI_BtnTextBlueNormal" PressedTextColor="ff31fcf6" FlybyTextColor="ff2f94ac" PressedFlybyTextColor="ff31fcf6" DisabledTextColor="ff333333" Text="" TextId="CRB_Superb" Tooltip="" GlobalRadioGroup="" RadioDisallowNonSelection="1">
                <Event Name="ButtonCheck" Function="OnSetLootItemThresCheck"/>
                <Pixie LAnchorPoint="0" LAnchorOffset="6" TAnchorPoint="1" TAnchorOffset="-4" RAnchorPoint="1" RAnchorOffset="-6" BAnchorPoint="1" BAnchorOffset="-2" BGColor="ItemQuality_Superb" Font="Default" TextColor="ffffffff" Text="" Sprite="ClientSprites:WhiteFill" Line="0"/>
            </Control>
            <Control Class="Button" Base="BK3:btnHolo_ListView_Simple" Font="CRB_InterfaceSmall" ButtonType="Check" RadioGroup="SetLootItemThres_Raid_RadioGroup" LAnchorPoint="0" LAnchorOffset="8" TAnchorPoint="1" TAnchorOffset="-40" RAnchorPoint="0" RAnchorOffset="108" BAnchorPoint="1" BAnchorOffset="-10" DT_VCENTER="1" DT_CENTER="1" TooltipType="OnCursor" Name="ItemThresBtn5" BGColor="ffffffff" TextColor="ffffffff" TooltipColor="" NormalTextColor="UI_BtnTextBlueNormal" PressedTextColor="ff31fcf6" FlybyTextColor="ff2f94ac" PressedFlybyTextColor="ff31fcf6" DisabledTextColor="ff333333" Text="" TextId="CRB_Legendary" Tooltip="" GlobalRadioGroup="" RadioDisallowNonSelection="1">
                <Event Name="ButtonCheck" Function="OnSetLootItemThresCheck"/>
                <Pixie LAnchorPoint="0" LAnchorOffset="6" TAnchorPoint="1" TAnchorOffset="-4" RAnchorPoint="1" RAnchorOffset="-6" BAnchorPoint="1" BAnchorOffset="-2" BGColor="ItemQuality_Legendary" Font="Default" TextColor="ffffffff" Text="" Sprite="ClientSprites:WhiteFill" Line="0"/>
            </Control>
            <Control Class="Button" Base="BK3:btnHolo_ListView_Simple" Font="CRB_InterfaceSmall" ButtonType="Check" RadioGroup="SetLootItemThres_Raid_RadioGroup" LAnchorPoint="0" LAnchorOffset="106" TAnchorPoint="1" TAnchorOffset="-40" RAnchorPoint="0" RAnchorOffset="206" BAnchorPoint="1" BAnchorOffset="-10" DT_VCENTER="1" DT_CENTER="1" TooltipType="OnCursor" Name="ItemThresBtn6" BGColor="ffffffff" TextColor="ffffffff" TooltipColor="" NormalTextColor="UI_BtnTextBlueNormal" PressedTextColor="ff31fcf6" FlybyTextColor="ff2f94ac" PressedFlybyTextColor="ff31fcf6" DisabledTextColor="ff333333" Text="" TextId="CRB_Artifact" Tooltip="" GlobalRadioGroup="" RadioDisallowNonSelection="1">
                <Event Name="ButtonCheck" Function="OnSetLootItemThresCheck"/>
                <Pixie LAnchorPoint="0" LAnchorOffset="6" TAnchorPoint="1" TAnchorOffset="-4" RAnchorPoint="1" RAnchorOffset="-6" BAnchorPoint="1" BAnchorOffset="-2" BGColor="ItemQuality_Artifact" Font="Default" TextColor="ffffffff" Text="" Sprite="ClientSprites:WhiteFill" Line="0"/>
            </Control>
        </Control>
        <Control Class="Window" LAnchorPoint="0" LAnchorOffset="40" TAnchorPoint="0" TAnchorOffset="248" RAnchorPoint="1" RAnchorOffset="-40" BAnchorPoint="0" BAnchorOffset="313" RelativeToClient="1" Font="CRB_InterfaceSmall" Text="" Template="Holo_TextCallout" TooltipType="OnCursor" Name="SetLootOverThres" BGColor="ffffffff" TextColor="UI_TextHoloTitle" TooltipColor="" TextId="RaidFrame_OverThresholdLabel" Tooltip="" Border="1" IgnoreMouse="1" UseTemplateBG="1">
            <Control Class="Button" Base="BK3:btnHolo_ListView_Simple" Font="CRB_InterfaceSmall" ButtonType="Check" RadioGroup="SetLootUnderThres_Raid_RadioGroup" LAnchorPoint="0" LAnchorOffset="8" TAnchorPoint="1" TAnchorOffset="-38" RAnchorPoint="0" RAnchorOffset="108" BAnchorPoint="1" BAnchorOffset="-8" DT_VCENTER="1" DT_CENTER="1" TooltipType="OnCursor" Name="OverThresMasterBtn" BGColor="ffffffff" TextColor="ffffffff" TooltipColor="" NormalTextColor="UI_BtnTextBlueNormal" PressedTextColor="ff31fcf6" FlybyTextColor="ff2f94ac" PressedFlybyTextColor="ff31fcf6" DisabledTextColor="ff333333" Text="" TextId="Group_MasterLoot" Tooltip="" GlobalRadioGroup="" RadioDisallowNonSelection="1">
                <Event Name="ButtonCheck" Function="OnSetLootOverThresCheck"/>
            </Control>
            <Control Class="Button" Base="BK3:btnHolo_ListView_Simple" Font="CRB_InterfaceSmall" ButtonType="Check" RadioGroup="SetLootUnderThres_Raid_RadioGroup" LAnchorPoint="0" LAnchorOffset="106" TAnchorPoint="1" TAnchorOffset="-38" RAnchorPoint="0" RAnchorOffset="206" BAnchorPoint="1" BAnchorOffset="-8" DT_VCENTER="1" DT_CENTER="1" TooltipType="OnCursor" Name="OverThresNvGBtn" BGColor="ffffffff" TextColor="ffffffff" TooltipColor="" NormalTextColor="UI_BtnTextBlueNormal" PressedTextColor="ff31fcf6" FlybyTextColor="ff2f94ac" PressedFlybyTextColor="ff31fcf6" DisabledTextColor="ff333333" Text="" TextId="Group_NeedVsGreed" Tooltip="" GlobalRadioGroup="" RadioDisallowNonSelection="1">
                <Event Name="ButtonCheck" Function="OnSetLootOverThresCheck"/>
            </Control>
            <Control Class="Button" Base="BK3:btnHolo_ListView_Simple" Font="CRB_InterfaceSmall" ButtonType="Check" RadioGroup="SetLootUnderThres_Raid_RadioGroup" LAnchorPoint="0" LAnchorOffset="204" TAnchorPoint="1" TAnchorOffset="-38" RAnchorPoint="0" RAnchorOffset="304" BAnchorPoint="1" BAnchorOffset="-8" DT_VCENTER="1" DT_CENTER="1" TooltipType="OnCursor" Name="OverThresRRBtn" BGColor="ffffffff" TextColor="ffffffff" TooltipColor="" NormalTextColor="UI_BtnTextBlueNormal" PressedTextColor="ff31fcf6" FlybyTextColor="ff2f94ac" PressedFlybyTextColor="ff31fcf6" DisabledTextColor="ff333333" Text="" TextId="Group_RoundRobin" Tooltip="" GlobalRadioGroup="" RadioDisallowNonSelection="1">
                <Event Name="ButtonCheck" Function="OnSetLootOverThresCheck"/>
            </Control>
            <Control Class="Button" Base="BK3:btnHolo_ListView_Simple" Font="CRB_InterfaceSmall" ButtonType="Check" RadioGroup="SetLootUnderThres_Raid_RadioGroup" LAnchorPoint="0" LAnchorOffset="302" TAnchorPoint="1" TAnchorOffset="-38" RAnchorPoint="0" RAnchorOffset="402" BAnchorPoint="1" BAnchorOffset="-8" DT_VCENTER="1" DT_CENTER="1" TooltipType="OnCursor" Name="OverThresFFABtn" BGColor="ffffffff" TextColor="ffffffff" TooltipColor="" NormalTextColor="UI_BtnTextBlueNormal" PressedTextColor="ff31fcf6" FlybyTextColor="ff2f94ac" PressedFlybyTextColor="ff31fcf6" DisabledTextColor="ff333333" Text="" TextId="Group_FFA" Tooltip="" GlobalRadioGroup="" RadioDisallowNonSelection="1">
                <Event Name="ButtonCheck" Function="OnSetLootOverThresCheck"/>
            </Control>
        </Control>
        <Control Class="Window" LAnchorPoint="0" LAnchorOffset="40" TAnchorPoint="0" TAnchorOffset="321" RAnchorPoint="1" RAnchorOffset="-40" BAnchorPoint="0" BAnchorOffset="386" RelativeToClient="1" Font="CRB_InterfaceSmall" Text="" Template="Holo_TextCallout" TooltipType="OnCursor" Name="SetHarvestRules" BGColor="ffffffff" TextColor="UI_TextHoloTitle" TooltipColor="" TextId="RaidFrame_HarvestingLootRule" Tooltip="" IgnoreMouse="1" UseTemplateBG="1" Border="1">
            <Control Class="Button" Base="BK3:btnHolo_ListView_Simple" Font="CRB_InterfaceSmall" ButtonType="Check" RadioGroup="HarvestRules_Raid_RadioGroup" LAnchorPoint="0" LAnchorOffset="110" TAnchorPoint="1" TAnchorOffset="-37" RAnchorPoint="0" RAnchorOffset="210" BAnchorPoint="1" BAnchorOffset="-7" DT_VCENTER="1" DT_CENTER="1" TooltipType="OnCursor" Name="HarvestThresFFABtn" BGColor="ffffffff" TextColor="ffffffff" TooltipColor="" NormalTextColor="UI_BtnTextBlueNormal" PressedTextColor="ff31fcf6" FlybyTextColor="ff2f94ac" PressedFlybyTextColor="ff31fcf6" DisabledTextColor="ff333333" Text="" TextId="Group_FFA" Tooltip="" GlobalRadioGroup="" RadioDisallowNonSelection="1">
                <Event Name="ButtonCheck" Function="OnSetHarvestRulesCheck"/>
            </Control>
            <Control Class="Button" Base="BK3:btnHolo_ListView_Simple" Font="CRB_InterfaceSmall" ButtonType="Check" RadioGroup="HarvestRules_Raid_RadioGroup" LAnchorPoint="0" LAnchorOffset="8" TAnchorPoint="1" TAnchorOffset="-37" RAnchorPoint="0" RAnchorOffset="108" BAnchorPoint="1" BAnchorOffset="-7" DT_VCENTER="1" DT_CENTER="1" TooltipType="OnCursor" Name="HarvestThresRRBtn" BGColor="ffffffff" TextColor="ffffffff" TooltipColor="" NormalTextColor="UI_BtnTextBlueNormal" PressedTextColor="ff31fcf6" FlybyTextColor="ff2f94ac" PressedFlybyTextColor="ff31fcf6" DisabledTextColor="ff333333" Text="" TextId="Group_RoundRobin" Tooltip="" GlobalRadioGroup="" RadioDisallowNonSelection="1">
                <Event Name="ButtonCheck" Function="OnSetHarvestRulesCheck"/>
            </Control>
        </Control>
        <Control Class="Button" Base="CRB_Raid:btnRaid_MinimizeSquare" Font="Thick" ButtonType="PushButton" RadioGroup="" LAnchorPoint="1" LAnchorOffset="-51" TAnchorPoint="0" TAnchorOffset="32" RAnchorPoint="1" RAnchorOffset="-33" BAnchorPoint="0" BAnchorOffset="50" TooltipType="OnCursor" Name="OptionsCloseBtn" BGColor="ffffffff" TextColor="ffffffff" TooltipColor="" NormalTextColor="ffffffff" PressedTextColor="ffffffff" FlybyTextColor="ffffffff" PressedFlybyTextColor="ffffffff" DisabledTextColor="ffffffff" Visible="1" HideInEditor="0" TooltipFont="CRB_InterfaceSmall_O" Tooltip="" TooltipId="RaidFrame_HideFrame">
            <Event Name="ButtonSignal" Function="OnOptionsCloseBtn"/>
        </Control>
        <Pixie LAnchorPoint="0" LAnchorOffset="40" TAnchorPoint="0" TAnchorOffset="40" RAnchorPoint="1" RAnchorOffset="-9" BAnchorPoint="1" BAnchorOffset="0" BGColor="ffffffff" Font="CRB_HeaderTiny" TextColor="UI_WindowTitleYellow" Text="" TextId="RaidFrame_LootManagementTooltip" Line="0"/>
    </Form>
</Forms>
