<?xml version="1.0" encoding="UTF-8" standalone="yes" ?>
<Forms>
    <Form Class="Window" LAnchorPoint="0" LAnchorOffset="10" TAnchorPoint="0" TAnchorOffset="10" RAnchorPoint="0" RAnchorOffset="260" BAnchorPoint="0" BAnchorOffset="95" RelativeToClient="1" Font="Default" Text="" Template="Default" Name="RaidFrameBaseForm" Border="0" Picture="1" SwallowMouseClicks="1" Moveable="1" Escapable="0" Overlapped="1" BGColor="ffffffff" TextColor="ffffffff" TextId="" TooltipColor="" Tooltip="" IgnoreMouse="0" Sprite="sprRaid_Base" Sizable="1" RightEdgeControlsAnchor="" TopEdgeControlsAnchor="">
        <Control Class="Button" LAnchorPoint="0" LAnchorOffset="10" TAnchorPoint="0" TAnchorOffset="10" RAnchorPoint="0" RAnchorOffset="35" BAnchorPoint="0" BAnchorOffset="35" RelativeToClient="1" Font="Default" Text="" Template="Default" Name="GroupBagBtn" BGColor="white" TextColor="white" Picture="1" NormalTextColor="white" PressedTextColor="white" FlybyTextColor="white" PressedFlybyTextColor="white" DisabledTextColor="white" Base="CRB_Basekit:kitBtn_Holo_IconBase" ButtonType="PushButton" TooltipColor="" HideInEditor="1" Visible="0" WindowSoundTemplate="PushbuttonDigi01" Tooltip="" TooltipId="CRB_MasterLoot_Looter_Window_Title" TooltipType="OnCursor">
            <Event Name="ButtonSignal" Function="OnGroupBagBtn"/>
            <Pixie LAnchorPoint="0" LAnchorOffset="0" TAnchorPoint="0" TAnchorOffset="2" RAnchorPoint="1" RAnchorOffset="0" BAnchorPoint="1" BAnchorOffset="-2" BGColor="UI_WindowBGDefault" Font="Default" TextColor="UI_WindowTextDefault" Text="" Sprite="CRB_BaseBarSprites:btnHUD_InventoryBagDisabled" Line="0"/>
        </Control>
        <Control Class="Window" LAnchorPoint="0" LAnchorOffset="12" TAnchorPoint="0" TAnchorOffset="14" RAnchorPoint="0" RAnchorOffset="110" BAnchorPoint="0" BAnchorOffset="34" RelativeToClient="1" Font="CRB_HeaderTiny" Text="" Template="Default" TooltipType="OnCursor" Name="RaidTitle" BGColor="ffffffff" TextColor="UI_WindowTitleYellow" TooltipColor="" TextId="CRB_Raid" Tooltip="" NewControlDepth="1"/>
        <Control Class="Window" LAnchorPoint="0" LAnchorOffset="10" TAnchorPoint="0" TAnchorOffset="46" RAnchorPoint="1" RAnchorOffset="-12" BAnchorPoint="1" BAnchorOffset="-12" RelativeToClient="1" Font="Default" Text="" Template="Default" TooltipType="OnCursor" Name="RaidCategoryContainer" BGColor="ffffffff" TextColor="ffffffff" TooltipColor=""/>
        <Control Class="Window" LAnchorPoint="1" LAnchorOffset="-9" TAnchorPoint="0" TAnchorOffset="2" RAnchorPoint="1" RAnchorOffset="204" BAnchorPoint="0" BAnchorOffset="556" RelativeToClient="1" Font="Default" Text="" Template="Default" TooltipType="OnCursor" Name="RaidOptions" BGColor="ffffffff" TextColor="ffffffff" TooltipColor="" IgnoreMouse="1" NoClip="1" Sprite="CRB_Basekit:kitBase_HoloBlue_PopoutLarge" Picture="1" TextId="" DT_CENTER="1" Visible="0" Tooltip="">
            <Control Class="Window" LAnchorPoint="0" LAnchorOffset="0" TAnchorPoint="0" TAnchorOffset="0" RAnchorPoint="1" RAnchorOffset="0" BAnchorPoint="0" BAnchorOffset="20" RelativeToClient="1" Font="Default" Text="" Template="Default" TooltipType="OnCursor" Name="Padding" BGColor="ffffffff" TextColor="ffffffff" TooltipColor="" Tooltip=""/>
            <Control Class="Window" LAnchorPoint="0" LAnchorOffset="28" TAnchorPoint="0" TAnchorOffset="20" RAnchorPoint="1" RAnchorOffset="-12" BAnchorPoint="0" BAnchorOffset="85" RelativeToClient="1" Font="CRB_InterfaceSmall" Text="" Template="Default" TooltipType="OnCursor" Name="SelfConfigSetAsLabel" BGColor="ffffffff" TextColor="UI_WindowTitleYellow" TooltipColor="" TextId="RaidFrame_ShowRoleAs" Tooltip="">
                <Control Class="Button" Base="BK3:btnHolo_Blue_Small" Font="CRB_Button" ButtonType="Check" RadioGroup="" LAnchorPoint="0" LAnchorOffset="0" TAnchorPoint="0" TAnchorOffset="9" RAnchorPoint=".33" RAnchorOffset="5" BAnchorPoint="0" BAnchorOffset="62" DT_VCENTER="1" DT_CENTER="1" TooltipType="OnCursor" Name="SelfConfigSetAsDPS" BGColor="ffffffff" TextColor="ffffffff" TooltipColor="" NormalTextColor="UI_BtnTextBlueNormal" PressedTextColor="UI_BtnTextBluePressed" FlybyTextColor="UI_BtnTextBlueFlyby" PressedFlybyTextColor="ff31fcf6" DisabledTextColor="ff333333" Text="" TextId="GroupPlayerRole_DPS" GlobalRadioGroup="" RadioDisallowNonSelection="0" TestAlpha="1">
                    <Event Name="ButtonCheck" Function="OnConfigSetAsDPSToggle"/>
                    <Event Name="ButtonUncheck" Function="OnConfigSetAsDPSToggle"/>
                </Control>
                <Control Class="Button" Base="BK3:btnHolo_Blue_Small" Font="CRB_Button" ButtonType="Check" RadioGroup="" LAnchorPoint=".33" LAnchorOffset="-5" TAnchorPoint="0" TAnchorOffset="9" RAnchorPoint=".66" RAnchorOffset="5" BAnchorPoint="0" BAnchorOffset="62" DT_VCENTER="1" DT_CENTER="1" TooltipType="OnCursor" Name="SelfConfigSetAsHealer" BGColor="ffffffff" TextColor="ffffffff" TooltipColor="" NormalTextColor="UI_BtnTextBlueNormal" PressedTextColor="UI_BtnTextBluePressed" FlybyTextColor="UI_BtnTextBlueFlyby" PressedFlybyTextColor="ff31fcf6" DisabledTextColor="ff333333" Text="" TextId="MatchMaker_Healer" GlobalRadioGroup="" RadioDisallowNonSelection="0" TestAlpha="1">
                    <Event Name="ButtonCheck" Function="OnConfigSetAsHealerToggle"/>
                    <Event Name="ButtonUncheck" Function="OnConfigSetAsHealerToggle"/>
                </Control>
                <Control Class="Button" Base="BK3:btnHolo_Blue_Small" Font="CRB_Button" ButtonType="Check" RadioGroup="" LAnchorPoint=".66" LAnchorOffset="-5" TAnchorPoint="0" TAnchorOffset="9" RAnchorPoint="1" RAnchorOffset="0" BAnchorPoint="0" BAnchorOffset="62" DT_VCENTER="1" DT_CENTER="1" TooltipType="OnCursor" Name="SelfConfigSetAsNormTank" BGColor="ffffffff" TextColor="ffffffff" TooltipColor="" NormalTextColor="UI_BtnTextBlueNormal" PressedTextColor="UI_BtnTextBluePressed" FlybyTextColor="UI_BtnTextBlueFlyby" PressedFlybyTextColor="ff31fcf6" DisabledTextColor="ff333333" Text="" TextId="MatchMaker_Tank" GlobalRadioGroup="" RadioDisallowNonSelection="0" TestAlpha="1">
                    <Event Name="ButtonCheck" Function="OnConfigSetAsTankToggle"/>
                    <Event Name="ButtonUncheck" Function="OnConfigSetAsTankToggle"/>
                </Control>
            </Control>
            <Control Class="Window" LAnchorPoint="0" LAnchorOffset="28" TAnchorPoint="0" TAnchorOffset="85" RAnchorPoint="1" RAnchorOffset="-12" BAnchorPoint="0" BAnchorOffset="177" RelativeToClient="1" Font="CRB_InterfaceSmall" Text="" Template="Default" TooltipType="OnCursor" Name="SelfConfigReadyCheckLabel" BGColor="ffffffff" TextColor="UI_WindowTitleYellow" TooltipColor="" TextId="RaidFrame_ReadyCheckLabel">
                <Control Class="Window" LAnchorPoint="0" LAnchorOffset="5" TAnchorPoint="0" TAnchorOffset="22" RAnchorPoint="1" RAnchorOffset="-5" BAnchorPoint="0" BAnchorOffset="52" RelativeToClient="1" Font="Default" Text="" Template="Default" TooltipType="OnCursor" Name="ReadyCheckMessageBG" BGColor="ffffffff" TextColor="ffffffff" TooltipColor="" Sprite="BK3:UI_BK3_Holo_Snippet" Picture="1" IgnoreMouse="1">
                    <Control Class="EditBox" LAnchorPoint="0" LAnchorOffset="9" TAnchorPoint="0.5" TAnchorOffset="-14" RAnchorPoint="1" RAnchorOffset="-7" BAnchorPoint="0.5" BAnchorOffset="12" RelativeToClient="1" Font="CRB_InterfaceSmall_O" Text="" Template="Default" Name="ReadyCheckMessageEditBox" BGColor="ffffffff" TextColor="ffffffff" TextId="" DT_VCENTER="1" PromptFont="CRB_InterfaceMedium" ClearOnEscape="1" TooltipColor="" LoseFocusOnExternalClick="1" Tooltip="" PromptText="Are you ready?"/>
                </Control>
                <Control Class="Button" Base="BK3:btnHolo_Blue_Small" Font="CRB_Button" ButtonType="PushButton" RadioGroup="" LAnchorPoint="0" LAnchorOffset="0" TAnchorPoint="0" TAnchorOffset="48" RAnchorPoint="1" RAnchorOffset="0" BAnchorPoint="0" BAnchorOffset="101" DT_VCENTER="1" DT_CENTER="1" TooltipType="OnCursor" Name="StartReadyCheckBtn" BGColor="ffffffff" TextColor="ffffffff" TooltipColor="" Text="" NormalTextColor="UI_BtnTextBlueNormal" PressedTextColor="UI_BtnTextBluePressed" FlybyTextColor="ff31fcf6" PressedFlybyTextColor="ff31fcf6" DisabledTextColor="ff333333" TextId="RaidFrame_StartReadyCheck" TestAlpha="1">
                    <Event Name="ButtonSignal" Function="OnStartReadyCheckBtn"/>
                </Control>
            </Control>
            <Control Class="Window" LAnchorPoint="0" LAnchorOffset="0" TAnchorPoint="0" TAnchorOffset="177" RAnchorPoint="1" RAnchorOffset="0" BAnchorPoint="0" BAnchorOffset="222" RelativeToClient="1" Font="Default" Text="" Template="Default" TooltipType="OnCursor" Name="SelfConfigLeaveBtnFrame" BGColor="ffffffff" TextColor="ffffffff" TooltipColor="">
                <Control Class="Button" Base="BK3:btnHolo_Red_Small" Font="CRB_Button" ButtonType="PushButton" RadioGroup="" LAnchorPoint="0" LAnchorOffset="28" TAnchorPoint="0" TAnchorOffset="-10" RAnchorPoint="1" RAnchorOffset="-12" BAnchorPoint="0" BAnchorOffset="43" DT_VCENTER="1" DT_CENTER="1" TooltipType="OnCursor" Name="LeaveBtn" BGColor="ffffffff" TextColor="ffffffff" TooltipColor="" Text="" NormalTextColor="UI_BtnTextRedNormal" PressedTextColor="UI_BtnTextRedPressed" FlybyTextColor="UI_BtnTextRedFlyby" PressedFlybyTextColor="UI_BtnTextRedPressedFlyby" DisabledTextColor="UI_BtnTextRedDisabled" TextId="RaidFrame_LeaveRaid" TestAlpha="1">
                    <Event Name="ButtonSignal" Function="OnRaidLeaveShowPrompt"/>
                </Control>
            </Control>
            <Control Class="Window" LAnchorPoint="0" LAnchorOffset="28" TAnchorPoint="0" TAnchorOffset="222" RAnchorPoint="1" RAnchorOffset="-12" BAnchorPoint="1" BAnchorOffset="0" RelativeToClient="1" Font="CRB_InterfaceSmall" Text="" Template="Default" TooltipType="OnCursor" Name="SelfConfigRaidCustomizeOptions" BGColor="ffffffff" TextColor="UI_WindowTitleYellow" TooltipColor="" TextId="RaidFrame_Customize">
                <Control Class="Button" Base="CRB_Basekit:kitBtn_List_HoloRadio" Font="CRB_InterfaceSmall" ButtonType="Check" RadioGroup="" LAnchorPoint="0" LAnchorOffset="0" TAnchorPoint="0" TAnchorOffset="20" RAnchorPoint="1" RAnchorOffset="0" BAnchorPoint="0" BAnchorOffset="46" DT_VCENTER="1" DT_CENTER="0" TooltipType="OnCursor" Name="RaidCustomizeLeaderIcons" BGColor="ffffffff" TextColor="ffffffff" TooltipColor="" NormalTextColor="UI_BtnTextBlueNormal" PressedTextColor="UI_BtnTextBluePressed" FlybyTextColor="UI_BtnTextBlueFlyby" PressedFlybyTextColor="ff31fcf6" DisabledTextColor="ff333333" Text="" TextId="RaidFrame_ShowLeaderIcons" Tooltip="" DrawAsCheckbox="0" ButtonTextXMargin="25">
                    <Event Name="ButtonCheck" Function="OnRaidCustomizeDirtyMembers"/>
                    <Event Name="ButtonUncheck" Function="OnRaidCustomizeDirtyMembers"/>
                </Control>
                <Control Class="Button" Base="CRB_Basekit:kitBtn_List_HoloRadio" Font="CRB_InterfaceSmall" ButtonType="Check" RadioGroup="" LAnchorPoint="0" LAnchorOffset="0" TAnchorPoint="0" TAnchorOffset="48" RAnchorPoint="1" RAnchorOffset="0" BAnchorPoint="0" BAnchorOffset="74" DT_VCENTER="1" DT_CENTER="0" TooltipType="OnCursor" Name="RaidCustomizeRoleIcons" BGColor="ffffffff" TextColor="ffffffff" TooltipColor="" NormalTextColor="UI_BtnTextBlueNormal" PressedTextColor="UI_BtnTextBluePressed" FlybyTextColor="UI_BtnTextBlueFlyby" PressedFlybyTextColor="ff31fcf6" DisabledTextColor="ff333333" Text="" TextId="RaidFrame_ShowRoleIcons" ButtonTextXMargin="25">
                    <Event Name="ButtonCheck" Function="OnRaidCustomizeDirtyMembers"/>
                    <Event Name="ButtonUncheck" Function="OnRaidCustomizeDirtyMembers"/>
                </Control>
                <Control Class="Button" Base="CRB_Basekit:kitBtn_List_HoloRadio" Font="CRB_InterfaceSmall" ButtonType="Check" RadioGroup="" LAnchorPoint="0" LAnchorOffset="0" TAnchorPoint="0" TAnchorOffset="76" RAnchorPoint="1" RAnchorOffset="0" BAnchorPoint="0" BAnchorOffset="102" DT_VCENTER="1" DT_CENTER="0" TooltipType="OnCursor" Name="RaidCustomizeClassIcons" BGColor="ffffffff" TextColor="ffffffff" TooltipColor="" NormalTextColor="UI_BtnTextBlueNormal" PressedTextColor="UI_BtnTextBluePressed" FlybyTextColor="UI_BtnTextBlueFlyby" PressedFlybyTextColor="ff31fcf6" DisabledTextColor="ff333333" Text="" TextId="RaidFrame_ShowClassIcons" ButtonTextXMargin="25">
                    <Event Name="ButtonCheck" Function="OnRaidCustomizeClassIconsCheck"/>
                    <Event Name="ButtonUncheck" Function="OnRaidCustomizeClassIconsCheck"/>
                </Control>
                <Control Class="Button" Base="CRB_Basekit:kitBtn_List_HoloRadio" Font="CRB_InterfaceSmall" ButtonType="Check" RadioGroup="" LAnchorPoint="0" LAnchorOffset="0" TAnchorPoint="0" TAnchorOffset="104" RAnchorPoint="1" RAnchorOffset="0" BAnchorPoint="0" BAnchorOffset="130" DT_VCENTER="1" DT_CENTER="0" TooltipType="OnCursor" Name="RaidCustomizeMarkIcons" BGColor="ffffffff" TextColor="ffffffff" TooltipColor="" NormalTextColor="UI_BtnTextBlueNormal" PressedTextColor="UI_BtnTextBluePressed" FlybyTextColor="UI_BtnTextBlueFlyby" PressedFlybyTextColor="ff31fcf6" DisabledTextColor="ff333333" TextId="RaidFrame_ShowMarkIcon" Tooltip="" Text="" ButtonTextXMargin="25">
                    <Event Name="ButtonCheck" Function="OnRaidCustomizeDirtyMembers"/>
                    <Event Name="ButtonUncheck" Function="OnRaidCustomizeDirtyMembers"/>
                </Control>
                <Control Class="Button" Base="CRB_Basekit:kitBtn_List_HoloRadio" Font="CRB_InterfaceSmall" ButtonType="Check" RadioGroup="" LAnchorPoint="0" LAnchorOffset="0" TAnchorPoint="0" TAnchorOffset="132" RAnchorPoint="1" RAnchorOffset="0" BAnchorPoint="0" BAnchorOffset="158" DT_VCENTER="1" DT_CENTER="0" TooltipType="OnCursor" Name="RaidCustomizeManaBar" BGColor="ffffffff" TextColor="ffffffff" TooltipColor="" NormalTextColor="UI_BtnTextBlueNormal" PressedTextColor="UI_BtnTextBluePressed" FlybyTextColor="UI_BtnTextBlueFlyby" PressedFlybyTextColor="ff31fcf6" DisabledTextColor="ff333333" TextId="RaidFrame_ShowManaBar" Tooltip="" Text="" ButtonTextXMargin="25">
                    <Event Name="ButtonCheck" Function="OnRaidCustomizeDirtyMembers"/>
                    <Event Name="ButtonUncheck" Function="OnRaidCustomizeDirtyMembers"/>
                </Control>
                <Control Class="Button" Base="CRB_Basekit:kitBtn_List_HoloRadio" Font="CRB_InterfaceSmall" ButtonType="Check" RadioGroup="" LAnchorPoint="0" LAnchorOffset="0" TAnchorPoint="0" TAnchorOffset="160" RAnchorPoint="1" RAnchorOffset="0" BAnchorPoint="0" BAnchorOffset="186" DT_VCENTER="1" DT_CENTER="0" TooltipType="OnCursor" Name="RaidCustomizeFixedShields" BGColor="ffffffff" TextColor="ffffffff" TooltipColor="" NormalTextColor="UI_BtnTextBlueNormal" PressedTextColor="UI_BtnTextBluePressed" FlybyTextColor="UI_BtnTextBlueFlyby" PressedFlybyTextColor="ff31fcf6" DisabledTextColor="ff333333" TextId="RaidFrame_ShowFixedShields" Tooltip="" Text="" ButtonTextXMargin="25">
                    <Event Name="ButtonCheck" Function="OnRaidCustomizeDirtyMembers"/>
                    <Event Name="ButtonUncheck" Function="OnRaidCustomizeDirtyMembers"/>
                </Control>
                <Control Class="Button" Base="CRB_Basekit:kitBtn_List_HoloRadio" Font="CRB_InterfaceSmall" ButtonType="Check" RadioGroup="" LAnchorPoint="0" LAnchorOffset="0" TAnchorPoint="1" TAnchorOffset="-144" RAnchorPoint="1" RAnchorOffset="0" BAnchorPoint="1" BAnchorOffset="-118" DT_VCENTER="1" DT_CENTER="0" TooltipType="OnCursor" Name="RaidCustomizeCategories" BGColor="ffffffff" TextColor="ffffffff" TooltipColor="" NormalTextColor="UI_BtnTextBlueNormal" PressedTextColor="UI_BtnTextBluePressed" FlybyTextColor="UI_BtnTextBlueFlyby" PressedFlybyTextColor="ff31fcf6" DisabledTextColor="ff333333" Text="" TextId="RaidFrame_ShowCategories" Tooltip="" ButtonTextXMargin="25" TooltipId="RaidFrame_CategoryBtnTooltip">
                    <Event Name="ButtonCheck" Function="OnRaidCustomizeCategoryCheck"/>
                    <Event Name="ButtonUncheck" Function="OnRaidCustomizeCategoryCheck"/>
                </Control>
                <Control Class="Button" Base="CRB_Basekit:kitBtn_List_HoloRadio" Font="CRB_InterfaceSmall" ButtonType="Check" RadioGroup="" LAnchorPoint="0" LAnchorOffset="0" TAnchorPoint="1" TAnchorOffset="-116" RAnchorPoint="1" RAnchorOffset="0" BAnchorPoint="1" BAnchorOffset="-90" DT_VCENTER="1" DT_CENTER="0" TooltipType="OnCursor" Name="RaidCustomizeShowNames" BGColor="ffffffff" TextColor="ffffffff" TooltipColor="" NormalTextColor="UI_BtnTextBlueNormal" PressedTextColor="UI_BtnTextBluePressed" FlybyTextColor="UI_BtnTextBlueFlyby" PressedFlybyTextColor="ff31fcf6" DisabledTextColor="ff333333" Text="" TextId="RaidFrame_ShowNames" ButtonTextXMargin="25">
                    <Event Name="ButtonCheck" Function="OnRaidCustomizeDirtyMembers"/>
                    <Event Name="ButtonUncheck" Function="OnRaidCustomizeDirtyMembers"/>
                </Control>
                <Control Class="Button" Base="CRB_Basekit:kitBtn_List_HoloRadio" Font="CRB_InterfaceSmall" ButtonType="Check" RadioGroup="" LAnchorPoint="0" LAnchorOffset="0" TAnchorPoint="1" TAnchorOffset="-88" RAnchorPoint="1" RAnchorOffset="0" BAnchorPoint="1" BAnchorOffset="-62" DT_VCENTER="1" DT_CENTER="0" TooltipType="OnCursor" Name="RaidCustomizeLockInCombat" BGColor="ffffffff" TextColor="ffffffff" TooltipColor="" NormalTextColor="UI_BtnTextBlueNormal" PressedTextColor="UI_BtnTextBluePressed" FlybyTextColor="UI_BtnTextBlueFlyby" PressedFlybyTextColor="ff31fcf6" DisabledTextColor="ff333333" Text="" TextId="RaidFrame_CombatAutoLock" ButtonTextXMargin="25"/>
                <Control Class="Window" LAnchorPoint="0" LAnchorOffset="0" TAnchorPoint="1" TAnchorOffset="-62" RAnchorPoint="1" RAnchorOffset="0" BAnchorPoint="1" BAnchorOffset="-36" RelativeToClient="1" Font="CRB_InterfaceSmall" Text="" Template="Default" TooltipType="OnCursor" Name="RaidCustomizeNumColText" BGColor="ffffffff" TextColor="UI_TextHoloTitle" TooltipColor="" DT_VCENTER="1" TextId="RaidFrame_NumColumns">
                    <Control Class="Button" Base="CRB_MinimapSprites:btnMM_ZoomOut" Font="Thick" ButtonType="PushButton" RadioGroup="" LAnchorPoint="1" LAnchorOffset="-49" TAnchorPoint="0.5" TAnchorOffset="-9" RAnchorPoint="1" RAnchorOffset="-31" BAnchorPoint="0.5" BAnchorOffset="10" DT_VCENTER="1" DT_CENTER="1" TooltipType="OnCursor" Name="RaidCustomizeNumColSub" BGColor="ffffffff" TextColor="ffffffff" TooltipColor="" NormalTextColor="ffffffff" PressedTextColor="ffffffff" FlybyTextColor="ffffffff" PressedFlybyTextColor="ffffffff" DisabledTextColor="ffffffff" Text="">
                        <Event Name="ButtonSignal" Function="OnRaidCustomizeNumColSub"/>
                    </Control>
                    <Control Class="Window" LAnchorPoint="1" LAnchorOffset="-29" TAnchorPoint="0" TAnchorOffset="6" RAnchorPoint="1" RAnchorOffset="-9" BAnchorPoint="0" BAnchorOffset="26" RelativeToClient="1" Font="CRB_InterfaceSmall_O" Text="" Template="Default" TooltipType="OnCursor" Name="RaidCustomizeNumColValue" BGColor="ffffffff" TextColor="ff2f94ac" TooltipColor="" TextId="CRB_1"/>
                    <Control Class="Button" Base="CRB_MinimapSprites:btnMM_ZoomIn" Font="Thick" ButtonType="PushButton" RadioGroup="" LAnchorPoint="1" LAnchorOffset="-18" TAnchorPoint="0.5" TAnchorOffset="-9" RAnchorPoint="1" RAnchorOffset="0" BAnchorPoint="0.5" BAnchorOffset="10" DT_VCENTER="1" DT_CENTER="1" TooltipType="OnCursor" Name="RaidCustomizeNumColAdd" BGColor="ffffffff" TextColor="ffffffff" TooltipColor="" NormalTextColor="ffffffff" PressedTextColor="ffffffff" FlybyTextColor="ffffffff" PressedFlybyTextColor="ffffffff" DisabledTextColor="ffffffff" Text="">
                        <Event Name="ButtonSignal" Function="OnRaidCustomizeNumColAdd"/>
                    </Control>
                </Control>
                <Control Class="Window" LAnchorPoint="0" LAnchorOffset="0" TAnchorPoint="1" TAnchorOffset="-39" RAnchorPoint="1" RAnchorOffset="0" BAnchorPoint="1" BAnchorOffset="-13" RelativeToClient="1" Font="CRB_InterfaceSmall" Text="" Template="Default" TooltipType="OnCursor" Name="RaidCustomizeRowSizeText" BGColor="ffffffff" TextColor="UI_TextHoloTitle" TooltipColor="" DT_VCENTER="1" TextId="RaidFrame_RowSize">
                    <Control Class="Button" Base="CRB_MinimapSprites:btnMM_ZoomOut" Font="Thick" ButtonType="PushButton" RadioGroup="" LAnchorPoint="1" LAnchorOffset="-49" TAnchorPoint="0.5" TAnchorOffset="-8" RAnchorPoint="1" RAnchorOffset="-31" BAnchorPoint="0.5" BAnchorOffset="11" DT_VCENTER="1" DT_CENTER="1" TooltipType="OnCursor" Name="RaidCustomizeRowSizeSub" BGColor="ffffffff" TextColor="ffffffff" TooltipColor="" NormalTextColor="ffffffff" PressedTextColor="ffffffff" FlybyTextColor="ffffffff" PressedFlybyTextColor="ffffffff" DisabledTextColor="ffffffff" Text="">
                        <Event Name="ButtonSignal" Function="OnRaidCustomizeRowSizeSub"/>
                    </Control>
                    <Control Class="Window" LAnchorPoint="1" LAnchorOffset="-29" TAnchorPoint="0" TAnchorOffset="7" RAnchorPoint="1" RAnchorOffset="-9" BAnchorPoint="0" BAnchorOffset="27" RelativeToClient="1" Font="CRB_InterfaceSmall_O" Text="" Template="Default" TooltipType="OnCursor" Name="RaidCustomizeRowSizeValue" BGColor="ffffffff" TextColor="ff2f94ac" TooltipColor="" TextId="CRB_1"/>
                    <Control Class="Button" Base="CRB_MinimapSprites:btnMM_ZoomIn" Font="Thick" ButtonType="PushButton" RadioGroup="" LAnchorPoint="1" LAnchorOffset="-18" TAnchorPoint="0.5" TAnchorOffset="-8" RAnchorPoint="1" RAnchorOffset="0" BAnchorPoint="0.5" BAnchorOffset="11" DT_VCENTER="1" DT_CENTER="1" TooltipType="OnCursor" Name="RaidCustomizeRowSizeAdd" BGColor="ffffffff" TextColor="ffffffff" TooltipColor="" NormalTextColor="ffffffff" PressedTextColor="ffffffff" FlybyTextColor="ffffffff" PressedFlybyTextColor="ffffffff" DisabledTextColor="ffffffff" Text="">
                        <Event Name="ButtonSignal" Function="OnRaidCustomizeRowSizeAdd"/>
                    </Control>
                </Control>
            </Control>
        </Control>
        <Control Class="Button" Base="btnRaid_ConfigureLeaderOptions" Font="Thick" ButtonType="Check" RadioGroup="RaidFrameConfigureBtns_RadioGroup" LAnchorPoint="1" LAnchorOffset="-87" TAnchorPoint="0" TAnchorOffset="14" RAnchorPoint="1" RAnchorOffset="-69" BAnchorPoint="0" BAnchorOffset="32" DT_VCENTER="1" DT_CENTER="1" TooltipType="OnCursor" Name="RaidLeaderOptionsBtn" BGColor="ffffffff" TextColor="ffffffff" TooltipColor="" NormalTextColor="ffffffff" PressedTextColor="ffffffff" FlybyTextColor="ffffffff" PressedFlybyTextColor="ffffffff" DisabledTextColor="ffffffff" Tooltip="" Visible="0" TooltipFont="CRB_InterfaceSmall_O" TooltipId="RaidFrame_RaidManagementTooltip" Text="" GlobalRadioGroup="">
            <Event Name="ButtonCheck" Function="OnRaidLeaderOptionsToggle"/>
            <Event Name="ButtonUncheck" Function="OnRaidLeaderOptionsToggle"/>
        </Control>
        <Control Class="Window" LAnchorPoint="1" LAnchorOffset="-68" TAnchorPoint="0" TAnchorOffset="14" RAnchorPoint="1" RAnchorOffset="-50" BAnchorPoint="0" BAnchorOffset="32" RelativeToClient="1" Font="Default" Text="" Template="Default" TooltipType="OnCursor" Name="RaidMasterLootIconOnly" BGColor="ffffffff" TextColor="ffffffff" TooltipColor="" Tooltip="" Picture="1" IgnoreMouse="1" Sprite="sprRaid_Icon_Bag" TooltipFont="CRB_InterfaceSmall_O" HideInEditor="0" Visible="1" IgnoreTooltipDelay="1" TooltipId="RaidFrame_RaidManagementTooltip"/>
        <Control Class="Button" Base="CRB_Raid:btnRaid_ConfigureBagIcon" Font="Thick" ButtonType="Check" RadioGroup="RaidFrameConfigureBtns_RadioGroup" LAnchorPoint="1" LAnchorOffset="-68" TAnchorPoint="0" TAnchorOffset="14" RAnchorPoint="1" RAnchorOffset="-50" BAnchorPoint="0" BAnchorOffset="32" DT_VCENTER="1" DT_CENTER="1" TooltipType="OnCursor" Name="RaidMasterLootBtn" BGColor="ffffffff" TextColor="ffffffff" TooltipColor="" NormalTextColor="ffffffff" PressedTextColor="ffffffff" FlybyTextColor="ffffffff" PressedFlybyTextColor="ffffffff" DisabledTextColor="ffffffff" Tooltip="" Visible="0" TooltipFont="CRB_InterfaceSmall_O" TooltipId="RaidFrame_LootManagement" Text="" GlobalRadioGroup="" HideInEditor="0">
            <Event Name="ButtonCheck" Function="OnRaidMasterLootToggle"/>
            <Event Name="ButtonUncheck" Function="OnRaidMasterLootToggle"/>
        </Control>
        <Control Class="Button" Base="CRB_Raid:btnRaid_ConfigureLockIcon" Font="Thick" ButtonType="Check" RadioGroup="" LAnchorPoint="1" LAnchorOffset="-49" TAnchorPoint="0" TAnchorOffset="14" RAnchorPoint="1" RAnchorOffset="-31" BAnchorPoint="0" BAnchorOffset="32" DT_VCENTER="1" DT_CENTER="1" TooltipType="OnCursor" Name="RaidLockFrameBtn" BGColor="ffffffff" TextColor="ffffffff" TooltipColor="" NormalTextColor="ffffffff" PressedTextColor="ffffffff" FlybyTextColor="ffffffff" PressedFlybyTextColor="ffffffff" DisabledTextColor="ffffffff" Tooltip="" TooltipFont="CRB_InterfaceSmall_O" TooltipId="RaidFrame_ToggleFrameLock">
            <Event Name="ButtonCheck" Function="OnRaidLockFrameBtnToggle"/>
            <Event Name="ButtonUncheck" Function="OnRaidLockFrameBtnToggle"/>
        </Control>
        <Control Class="Button" Base="btnRaid_ConfigureGearIcon" Font="Thick" ButtonType="Check" RadioGroup="RaidFrameConfigureBtns_RadioGroup" LAnchorPoint="1" LAnchorOffset="-30" TAnchorPoint="0" TAnchorOffset="14" RAnchorPoint="1" RAnchorOffset="-12" BAnchorPoint="0" BAnchorOffset="32" DT_VCENTER="1" DT_CENTER="1" TooltipType="OnCursor" Name="RaidConfigureBtn" BGColor="ffffffff" TextColor="ffffffff" TooltipColor="" NormalTextColor="ffffffff" PressedTextColor="ffffffff" FlybyTextColor="ffffffff" PressedFlybyTextColor="ffffffff" DisabledTextColor="ffffffff" GlobalRadioGroup="" Tooltip="" TooltipFont="CRB_InterfaceSmall_O" TooltipId="RaidFrame_PersonalOptions">
            <Event Name="ButtonCheck" Function="OnRaidConfigureToggle"/>
            <Event Name="ButtonUncheck" Function="OnRaidConfigureToggle"/>
        </Control>
        <Control Class="Button" Base="BK3:btnHolo_Red_Small" Font="CRB_Button" ButtonType="PushButton" RadioGroup="" LAnchorPoint="0" LAnchorOffset="3" TAnchorPoint="0" TAnchorOffset="3" RAnchorPoint="0" RAnchorOffset="123" BAnchorPoint="0" BAnchorOffset="55" DT_VCENTER="1" DT_CENTER="1" Name="RaidWrongInstance" BGColor="white" TextColor="white" Text="" TextId="RaidFrame_SyncToRaid" NormalTextColor="UI_BtnTextRedNormal" PressedTextColor="UI_BtnTextRedPressed" FlybyTextColor="UI_BtnTextRedFlyby" PressedFlybyTextColor="UI_BtnTextRedPressedFlyby" DisabledTextColor="UI_BtnTextRedDisabled" HideInEditor="0" TooltipColor="white" Visible="0" RelativeToClient="1" TooltipFont="CRB_InterfaceSmall_O" TooltipType="OnCursor" Tooltip="" TooltipId="RaidFrame_SyncToRaidTooltip" AutoScaleText="1" ButtonTextXMargin="10" NewControlDepth="1">
            <Event Name="ButtonSignal" Function="OnRaidWrongInstance"/>
        </Control>
        <Event Name="WindowSizeChanged" Function="OnRaidWindowSizeChanged"/>
    </Form>
    <Form Class="Window" Base="btnRaid_CategoryDropdown" Font="CRB_InterfaceSmall_O" ButtonType="Check" RadioGroup="" LAnchorPoint="0" LAnchorOffset="0" TAnchorPoint="0" TAnchorOffset="0" RAnchorPoint="1" RAnchorOffset="0" BAnchorPoint="0" BAnchorOffset="18" TooltipType="OnCursor" Name="RaidCategory" BGColor="ffffffff" TextColor="ff31fcf6" TooltipColor="" NormalTextColor="ff2f94ac" PressedTextColor="ff31fcf6" FlybyTextColor="ff2f94ac" PressedFlybyTextColor="ff31fcf6" DisabledTextColor="ff333333" RelativeToClient="1" DrawAsCheckbox="0" Tooltip="">
        <Control Class="Button" Base="btnRaid_CategoryDropdown" Font="CRB_InterfaceSmall_O" ButtonType="Check" RadioGroup="" LAnchorPoint="0" LAnchorOffset="0" TAnchorPoint="0" TAnchorOffset="0" RAnchorPoint="1" RAnchorOffset="0" BAnchorPoint="0" BAnchorOffset="18" TooltipType="OnCursor" Name="RaidCategoryBtn" BGColor="ffffffff" TextColor="ffffffff" TooltipColor="" NormalTextColor="ff2f94ac" PressedTextColor="ff31fcf6" FlybyTextColor="ff2f94ac" PressedFlybyTextColor="ff31fcf6" DisabledTextColor="ff333333" RelativeToClient="1" DrawAsCheckbox="0" NoClip="0" TestAlpha="0" Tooltip="">
            <Event Name="ButtonCheck" Function="OnRaidCategoryBtnToggle"/>
            <Event Name="ButtonUncheck" Function="OnRaidCategoryBtnToggle"/>
        </Control>
        <Control Class="Window" LAnchorPoint="0" LAnchorOffset="0" TAnchorPoint="0" TAnchorOffset="16" RAnchorPoint="1" RAnchorOffset="0" BAnchorPoint="1" BAnchorOffset="-2" RelativeToClient="1" Font="Default" Text="" Template="Default" TooltipType="OnCursor" Name="RaidCategoryItems" BGColor="ffffffff" TextColor="ffffffff" TooltipColor="" TopEdgeControlsAnchor=""/>
        <Control Class="Window" LAnchorPoint="0" LAnchorOffset="-2" TAnchorPoint="0" TAnchorOffset="-1" RAnchorPoint="1" RAnchorOffset="0" BAnchorPoint="0" BAnchorOffset="17" RelativeToClient="1" Font="CRB_InterfaceSmall_O" Text="" Template="Default" TooltipType="OnCursor" Name="RaidCategoryName" BGColor="ffffffff" TextColor="ff2f94ac" TooltipColor=""/>
    </Form>
    <Form Class="Window" LAnchorPoint="0" LAnchorOffset="0" TAnchorPoint="0" TAnchorOffset="0" RAnchorPoint="1" RAnchorOffset="0" BAnchorPoint="0" BAnchorOffset="21" RelativeToClient="1" Font="Default" Text="" Template="Default" TooltipType="OnCursor" Name="RaidMember" Border="0" Picture="1" SwallowMouseClicks="1" Moveable="0" Escapable="0" Overlapped="1" BGColor="ffffffff" TextColor="ffffffff" TooltipColor="" IgnoreMouse="1" Tooltip="">
        <Control Class="Window" LAnchorPoint="0" LAnchorOffset="0" TAnchorPoint="0" TAnchorOffset="1" RAnchorPoint="0" RAnchorOffset="16" BAnchorPoint="0" BAnchorOffset="17" RelativeToClient="1" Font="Default" Text="" Template="Default" TooltipType="OnCursor" Name="RaidMemberReadyIcon" Border="0" Picture="1" SwallowMouseClicks="1" Moveable="0" Escapable="0" Overlapped="1" BGColor="ffffffff" TextColor="0" TooltipColor="" IgnoreMouse="1" Sprite="CRB_Raid:sprRaid_Icon_NotReadyDull" NoClip="1" Tooltip="" Visible="0" TooltipFont="CRB_InterfaceSmall_O" TooltipId="RaidFrame_ReadyCheckStatus"/>
        <Control Class="Window" LAnchorPoint="0" LAnchorOffset="17" TAnchorPoint="0" TAnchorOffset="1" RAnchorPoint="0" RAnchorOffset="39" BAnchorPoint="0" BAnchorOffset="19" RelativeToClient="1" Font="Default" Text="" Template="Default" TooltipType="OnCursor" Name="RaidMemberIsLeader" BGColor="ffffffff" TextColor="ffffffff" TooltipColor="" Sprite="CRB_Raid:sprRaid_Icon_Leader" Picture="1" IgnoreMouse="1" Visible="1" TooltipFont="CRB_InterfaceSmall_O"/>
        <Control Class="Window" LAnchorPoint="0" LAnchorOffset="39" TAnchorPoint="0" TAnchorOffset="1" RAnchorPoint="0" RAnchorOffset="55" BAnchorPoint="0" BAnchorOffset="17" RelativeToClient="1" Font="Default" Text="" Template="Default" TooltipType="OnCursor" Name="RaidMemberRoleIcon" BGColor="ffffffff" TextColor="ffffffff" TooltipColor="" Sprite="" Picture="1" IgnoreMouse="1" Visible="1" TooltipFont="CRB_InterfaceSmall_O">
            <Pixie LAnchorPoint="0.5" LAnchorOffset="-15" TAnchorPoint="0.5" TAnchorOffset="-15" RAnchorPoint="0.5" RAnchorOffset="15" BAnchorPoint="0.5" BAnchorOffset="15" BGColor="ffffffff" Font="Default" TextColor="ffffffff" Text="" Sprite="sprRaid_Icon_RoleTank" Line="0"/>
        </Control>
        <Control Class="Window" LAnchorPoint="0" LAnchorOffset="55" TAnchorPoint="0" TAnchorOffset="2" RAnchorPoint="0" RAnchorOffset="71" BAnchorPoint="0" BAnchorOffset="18" RelativeToClient="1" Font="Default" Text="" Template="Default" TooltipType="OnCursor" Name="RaidMemberClassIcon" BGColor="ffffffff" TextColor="ffffffff" TooltipColor="" Sprite="CRB_Raid:sprRaid_Icon_Class_Spellslinger" Picture="1" IgnoreMouse="1" Visible="1" TooltipFont="CRB_InterfaceSmall_O"/>
        <Control Class="Window" LAnchorPoint="0" LAnchorOffset="71" TAnchorPoint="0" TAnchorOffset="1" RAnchorPoint="0" RAnchorOffset="87" BAnchorPoint="0" BAnchorOffset="17" RelativeToClient="1" Font="Default" Text="" Template="Default" TooltipType="OnCursor" Name="RaidMemberMarkIcon" BGColor="ffffffff" TextColor="ffffffff" TooltipColor="" Sprite="Icon_Windows_UI_CRB_Marker_Bomb" Picture="1" IgnoreMouse="1" Visible="1" TooltipFont="CRB_InterfaceSmall_O"/>
        <Control Class="Button" LAnchorPoint="0" LAnchorOffset="87" TAnchorPoint="0" TAnchorOffset="-5" RAnchorPoint="1" RAnchorOffset="-18" BAnchorPoint="0" BAnchorOffset="28" RelativeToClient="1" Font="Default" Text="" Template="Default" TooltipType="OnCursor" Name="RaidMemberBtn" BGColor="ffffffff" TextColor="ffffffff" TooltipColor="" Sprite="" Picture="1" IgnoreMouse="1" NormalTextColor="ffffffff" PressedTextColor="ffffffff" FlybyTextColor="ffffffff" PressedFlybyTextColor="ffffffff" DisabledTextColor="ffffffff" Base="btnRaid_ThinHoloBlueBtn" ButtonType="PushButton" Tooltip="" GlobalRadioGroup="RaidFrameBase_RaidMember_GlobalRadioGroup" RadioGroup="" RadioDisallowNonSelection="1" HideInEditor="0" Visible="1">
            <Control Class="Window" LAnchorPoint="0" LAnchorOffset="4" TAnchorPoint="0" TAnchorOffset="8" RAnchorPoint="0" RAnchorOffset="0" BAnchorPoint="1" BAnchorOffset="-8" RelativeToClient="1" Font="Default" Text="" Template="Default" TooltipType="OnCursor" Name="HealthBar" BGColor="ffffffff" TextColor="ffffffff" TooltipColor="" Sprite="CRB_Raid:sprRaid_HealthProgBar_Green" Picture="1" IgnoreMouse="1">
                <Control Class="Window" LAnchorPoint="1" LAnchorOffset="-21" TAnchorPoint="0" TAnchorOffset="0" RAnchorPoint="1" RAnchorOffset="0" BAnchorPoint="1" BAnchorOffset="0" RelativeToClient="1" Font="Default" Text="" Template="Default" TooltipType="OnCursor" Name="HealthBarEdgeGlow" BGColor="ffffffff" TextColor="ffffffff" TooltipColor="" Picture="1" IgnoreMouse="1" Sprite="CRB_Raid:sprRaid_HealthEdgeGlow_Green" NoClip="1" HideInEditor="0"/>
            </Control>
            <Control Class="Window" LAnchorPoint="0" LAnchorOffset="4" TAnchorPoint="0" TAnchorOffset="8" RAnchorPoint="0" RAnchorOffset="0" BAnchorPoint="1" BAnchorOffset="-8" RelativeToClient="1" Font="Default" Text="" Template="Default" TooltipType="OnCursor" Name="MaxAbsorbBar" BGColor="ffffffff" TextColor="ffffffff" TooltipColor="" RightEdgeControlsAnchor="" Sprite="CRB_Raid:sprRaid_AbsorbEmptyBar" Picture="1" IgnoreMouse="1" Visible="0" HideInEditor="0">
                <Control Class="ProgressBar" Text="" LAnchorPoint="0" LAnchorOffset="0" TAnchorPoint="0" TAnchorOffset="0" RAnchorPoint="1" RAnchorOffset="0" BAnchorPoint="1" BAnchorOffset="0" AutoSetText="0" UseValues="0" RelativeToClient="1" SetTextToProgress="0" DT_CENTER="1" DT_VCENTER="1" ProgressEmpty="" ProgressFull="CRB_Raid:sprRaid_AbsorbProgBar" TooltipType="OnCursor" Name="CurrAbsorbBar" BGColor="ffffffff" TextColor="ffffffff" TooltipColor="" BarColor="" Sprite="" IgnoreMouse="1"/>
            </Control>
            <Control Class="Window" LAnchorPoint="0" LAnchorOffset="4" TAnchorPoint="0" TAnchorOffset="8" RAnchorPoint="0" RAnchorOffset="0" BAnchorPoint="1" BAnchorOffset="-8" RelativeToClient="1" Font="Default" Text="" Template="Default" TooltipType="OnCursor" Name="MaxShieldBar" BGColor="ffffffff" TextColor="ffffffff" TooltipColor="" RightEdgeControlsAnchor="" Sprite="CRB_Raid:sprRaid_ShieldEmptyBar" Picture="1" IgnoreMouse="1" HideInEditor="0" Visible="0">
                <Control Class="ProgressBar" Text="" LAnchorPoint="0" LAnchorOffset="0" TAnchorPoint="0" TAnchorOffset="0" RAnchorPoint="1" RAnchorOffset="0" BAnchorPoint="1" BAnchorOffset="0" AutoSetText="0" UseValues="0" RelativeToClient="1" SetTextToProgress="0" DT_CENTER="1" DT_VCENTER="1" ProgressEmpty="" ProgressFull="CRB_Raid:sprRaid_ShieldProgBar" TooltipType="OnCursor" Name="CurrShieldBar" BGColor="ffffffff" TextColor="ffffffff" TooltipColor="" BarColor="" Sprite="" IgnoreMouse="1" ProgressEdgeGlow="" EdgeGlow="1" NoClipEdgeGlow="0"/>
            </Control>
            <Control Class="ProgressBar" Text="" LAnchorPoint="0" LAnchorOffset="4" TAnchorPoint="1" TAnchorOffset="-14" RAnchorPoint="1" RAnchorOffset="-4" BAnchorPoint="1" BAnchorOffset="0" AutoSetText="0" UseValues="0" RelativeToClient="1" SetTextToProgress="0" DT_CENTER="1" DT_VCENTER="1" ProgressEmpty="" ProgressFull="sprRaid_ManaProgBar_Purple" TooltipType="OnCursor" Name="RaidMemberManaBar" Border="0" Picture="1" SwallowMouseClicks="1" Moveable="0" Escapable="0" Overlapped="1" BGColor="ffffffff" TextColor="ffffffff" TooltipColor="" BarColor="" IgnoreMouse="1" Sprite="" Tooltip=""/>
            <Control Class="Window" LAnchorPoint="0" LAnchorOffset="6" TAnchorPoint="0" TAnchorOffset="7" RAnchorPoint="1" RAnchorOffset="-4" BAnchorPoint="0" BAnchorOffset="27" RelativeToClient="1" Font="CRB_InterfaceSmall_O" Text="" Template="Default" TooltipType="OnCursor" Name="RaidMemberName" BGColor="ffffffff" TextColor="88ffffff" TooltipColor="" Sprite="" IgnoreMouse="1" TextId="RaidFrame_MemberName" DT_VCENTER="0" NewControlDepth="1"/>
            <Control Class="Window" LAnchorPoint="0" LAnchorOffset="8" TAnchorPoint="0.5" TAnchorOffset="-22" RAnchorPoint="1" RAnchorOffset="10" BAnchorPoint="0.5" BAnchorOffset="21" RelativeToClient="1" Font="CRB_InterfaceSmall_O" Text="" Template="Default" TooltipType="OnCursor" Name="RaidMemberStatusIcon" BGColor="ffffffff" TextColor="ffffffff" TooltipColor="" Sprite="CRB_Raid:sprRaid_Icon_OutOfRange" Picture="1" IgnoreMouse="1" NoClip="1" TextId="" NewControlDepth="1" HideInEditor="0"/>
            <Control Class="Window" LAnchorPoint="0" LAnchorOffset="0" TAnchorPoint="0" TAnchorOffset="0" RAnchorPoint="1" RAnchorOffset="0" BAnchorPoint="1" BAnchorOffset="0" RelativeToClient="1" Font="Default" Text="" Template="Default" TooltipType="OnCursor" Name="RaidMemberMouseHack" BGColor="ffffffff" TextColor="ffffffff" TooltipColor="">
                <Event Name="MouseButtonUp" Function="OnRaidMemberBtnClick"/>
            </Control>
        </Control>
        <Control Class="Button" Base="CRB_Raid:btnRaid_ConfigureOutArrowIcon" Font="Thick" ButtonType="PushButton" RadioGroup="" LAnchorPoint="1" LAnchorOffset="-18" TAnchorPoint="0" TAnchorOffset="0" RAnchorPoint="1" RAnchorOffset="0" BAnchorPoint="0" BAnchorOffset="18" DT_VCENTER="1" DT_CENTER="1" TooltipType="OnCursor" Name="RaidTearOffBtn" BGColor="ffffffff" TextColor="ffffffff" TooltipColor="" NormalTextColor="ffffffff" PressedTextColor="ffffffff" FlybyTextColor="ffffffff" PressedFlybyTextColor="ffffffff" DisabledTextColor="ffffffff" NoClip="0" RelativeToClient="1" Visible="0" TooltipFont="CRB_InterfaceSmall_O" Tooltip="" TooltipId="RaidFrame_AddToFocus">
            <Event Name="ButtonSignal" Function="OnRaidTearOffBtn"/>
        </Control>
    </Form>
    <Form Class="Window" LAnchorPoint="0.5" LAnchorOffset="-150" TAnchorPoint="0.5" TAnchorOffset="-150" RAnchorPoint="0.5" RAnchorOffset="150" BAnchorPoint="0.5" BAnchorOffset="50" RelativeToClient="1" Font="Default" Text="" Template="Default" TooltipType="OnCursor" Name="RaidReadyCheck" Border="0" Picture="1" SwallowMouseClicks="1" Moveable="1" Escapable="0" Overlapped="1" BGColor="ffffffff" TextColor="ffffffff" TooltipColor="" IgnoreMouse="1" Sprite="CRB_Basekit:kitBase_Hybrid_Message" TransitionShowHide="1" UseTransitionSprite="0" Tooltip="">
        <Control Class="Button" Base="CRB_Basekit:kitBtn_Holo_Large" Font="CRB_InterfaceMedium_B" ButtonType="PushButton" RadioGroup="" LAnchorPoint="0" LAnchorOffset="35" TAnchorPoint="1" TAnchorOffset="-75" RAnchorPoint="0.5" RAnchorOffset="-4" BAnchorPoint="1" BAnchorOffset="-35" DT_VCENTER="1" DT_CENTER="1" TooltipType="OnCursor" Name="ReadyCheckYesBtn" BGColor="ffffffff" TextColor="ffffffff" TooltipColor="" NormalTextColor="ff2f94ac" PressedTextColor="ff31fcf6" FlybyTextColor="ff31fcf6" PressedFlybyTextColor="ff31fcf6" DisabledTextColor="ff333333" Text="" TextId="RaidFrame_Ready">
            <Event Name="ButtonSignal" Function="OnReadyCheckResponse"/>
        </Control>
        <Control Class="Button" Base="CRB_Basekit:kitBtn_Holo_Large" Font="CRB_InterfaceMedium_B" ButtonType="PushButton" RadioGroup="" LAnchorPoint="0.5" LAnchorOffset="4" TAnchorPoint="1" TAnchorOffset="-75" RAnchorPoint="1" RAnchorOffset="-35" BAnchorPoint="1" BAnchorOffset="-35" DT_VCENTER="1" DT_CENTER="1" TooltipType="OnCursor" Name="ReadyCheckNoBtn" BGColor="ffffffff" TextColor="ffffffff" TooltipColor="" NormalTextColor="ff2f94ac" PressedTextColor="ff31fcf6" FlybyTextColor="ff31fcf6" PressedFlybyTextColor="ff31fcf6" DisabledTextColor="ff333333" Text="" TextId="RaidFrame_NotReady">
            <Event Name="ButtonSignal" Function="OnReadyCheckResponse"/>
        </Control>
        <Control Class="Button" Base="CRB_Basekit:kitBtn_Close" Font="CRB_InterfaceMedium_B" ButtonType="PushButton" RadioGroup="" LAnchorPoint="1" LAnchorOffset="-36" TAnchorPoint="0" TAnchorOffset="9" RAnchorPoint="1" RAnchorOffset="-9" BAnchorPoint="0" BAnchorOffset="38" DT_VCENTER="1" DT_CENTER="1" TooltipType="OnCursor" Name="ReadyCheckCloseBtn" BGColor="ffffffff" TextColor="ffffffff" TooltipColor="" NormalTextColor="ff2f94ac" PressedTextColor="ff31fcf6" FlybyTextColor="ff31fcf6" PressedFlybyTextColor="ff31fcf6" DisabledTextColor="ff333333" Text="" TextId="">
            <Event Name="ButtonSignal" Function="OnReadyCheckResponse"/>
        </Control>
        <Event Name="WindowClosed" Function="OnReadyCheckResponse"/>
        <Control Class="Window" LAnchorPoint="0" LAnchorOffset="35" TAnchorPoint="0" TAnchorOffset="35" RAnchorPoint="1" RAnchorOffset="-35" BAnchorPoint="0" BAnchorOffset="107" RelativeToClient="1" Font="CRB_InterfaceMedium_B" Text="" Template="Default" TooltipType="OnCursor" Name="ReadyCheckMessage" BGColor="ffffffff" TextColor="ff31fcf6" TooltipColor="" DT_CENTER="1" DT_VCENTER="1" DT_WORDBREAK="1" TextId="CRB__2"/>
    </Form>
    <Form Class="Window" LAnchorPoint="0.5" LAnchorOffset="-175" TAnchorPoint="0.5" TAnchorOffset="-230" RAnchorPoint="0.5" RAnchorOffset="175" BAnchorPoint="0.5" BAnchorOffset="-100" RelativeToClient="1" Font="Default" Text="" Template="Default" Name="RaidLeaveYesNo" Border="0" Picture="1" SwallowMouseClicks="1" Moveable="1" Escapable="0" Overlapped="1" BGColor="ffffffff" TextColor="ffffffff" Sprite="" TransitionShowHide="1" TooltipColor="" Tooltip="" UseTransitionSprite="0">
        <Event Name="WindowClosed" Function="OnYesNo_WindowClosed"/>
        <Control Class="Button" Base="CRB_Basekit:kitBtn_Holo_Large" Font="CRB_InterfaceMedium_B" ButtonType="PushButton" RadioGroup="" LAnchorPoint="0" LAnchorOffset="42" TAnchorPoint="1" TAnchorOffset="-58" RAnchorPoint="0.5" RAnchorOffset="-4" BAnchorPoint="1" BAnchorOffset="-20" DT_VCENTER="1" DT_CENTER="1" Name="RaidLeaveYes" BGColor="ffffffff" TextColor="ffffffff" NormalTextColor="ff2f94ac" PressedTextColor="ff31fcf6" FlybyTextColor="ff31fcf6" PressedFlybyTextColor="ff31fcf6" DisabledTextColor="ffffffff" Text="" TextId="Yes" TooltipColor="">
            <Event Name="ButtonSignal" Function="OnRaidLeaveYes"/>
        </Control>
        <Control Class="Button" Base="CRB_Basekit:kitBtn_Holo_Large" Font="CRB_InterfaceMedium_B" ButtonType="PushButton" RadioGroup="" LAnchorPoint="0.5" LAnchorOffset="4" TAnchorPoint="1" TAnchorOffset="-58" RAnchorPoint="1" RAnchorOffset="-42" BAnchorPoint="1" BAnchorOffset="-20" DT_VCENTER="1" DT_CENTER="1" Name="RaidLeaveNo" BGColor="ffffffff" TextColor="ffffffff" NormalTextColor="ff2f94ac" PressedTextColor="ff31fcf6" FlybyTextColor="ff31fcf6" PressedFlybyTextColor="ff31fcf6" DisabledTextColor="ffffffff" Text="" TextId="No" TooltipColor="">
            <Event Name="ButtonSignal" Function="OnRaidLeaveNo"/>
        </Control>
        <Control Class="Button" Base="CRB_Basekit:kitBtn_Holo_Close" Font="Thick" ButtonType="PushButton" RadioGroup="" LAnchorPoint="1" LAnchorOffset="-35" TAnchorPoint="0" TAnchorOffset="14" RAnchorPoint="1" RAnchorOffset="-3" BAnchorPoint="0" BAnchorOffset="42" DT_VCENTER="1" DT_CENTER="1" Name="RaidLeaveClose" BGColor="aaffffff" TextColor="ffffffff" NormalTextColor="ffffffff" PressedTextColor="ffffffff" FlybyTextColor="ffffffff" PressedFlybyTextColor="ffffffff" DisabledTextColor="ffffffff" Text="" TooltipColor="">
            <Event Name="ButtonSignal" Function="OnRaidLeaveNo"/>
        </Control>
        <Pixie LAnchorPoint="0" LAnchorOffset="8" TAnchorPoint="0" TAnchorOffset="8" RAnchorPoint="1" RAnchorOffset="-8" BAnchorPoint="1" BAnchorOffset="-8" BGColor="ffffffff" Font="Default" TextColor="ffffffff" Text="" Sprite="CRB_Basekit:kitBase_HoloBlue_Tiny" Line="0"/>
        <Pixie LAnchorPoint="0" LAnchorOffset="10" TAnchorPoint="0" TAnchorOffset="10" RAnchorPoint="1" RAnchorOffset="-10" BAnchorPoint="1" BAnchorOffset="-10" BGColor="ffffffff" Font="Default" TextColor="ffffffff" Text="" Sprite="CRB_Basekit:kitAccent_Scanlines" Line="0"/>
        <Pixie LAnchorPoint="0" LAnchorOffset="15" TAnchorPoint="0" TAnchorOffset="15" RAnchorPoint="1" RAnchorOffset="-15" BAnchorPoint="1" BAnchorOffset="-62" BGColor="ffffffff" Font="CRB_InterfaceMedium" TextColor="ff7fffb9" Text="" TextId="RaidFrame_LeaveRaidLabel" DT_CENTER="1" DT_VCENTER="1" DT_WORDBREAK="1" Line="0"/>
        <Pixie LAnchorPoint="0" LAnchorOffset="0" TAnchorPoint="0" TAnchorOffset="0" RAnchorPoint="1" RAnchorOffset="0" BAnchorPoint="1" BAnchorOffset="0" BGColor="ffffffff" Font="Default" TextColor="ffffffff" Text="" Sprite="CRB_Basekit:kitAccent_Frame_BlueStroke" Line="0"/>
    </Form>
</Forms>
