<?xml version="1.0" ?>
<Forms>
    <!-- The rest of the Datachron -->
    <Form Class="Window" LAnchorPoint="1" LAnchorOffset="-331" TAnchorPoint="1" TAnchorOffset="-50" RAnchorPoint="1" RAnchorOffset="0" BAnchorPoint="1" BAnchorOffset="24" RelativeToClient="1" Font="Default" Text="" Template="Default" Name="MinimizedState" BGColor="ffffffff" TextColor="ffffffff" NoClip="0" LeftEdgeControlsAnchor="DatachronMin_Left" TopEdgeControlsAnchor="DatachronMin_Top" Overlapped="1" TooltipColor="" Tooltip="" NeverBringToFront="0" NewControlDepth="2">
        <Control Class="Window" LAnchorPoint="0" LAnchorOffset="0" TAnchorPoint="0" TAnchorOffset="21" RAnchorPoint="0" RAnchorOffset="60" BAnchorPoint="0" BAnchorOffset="74" RelativeToClient="1" Font="Default" Text="" Template="Default" Name="BoltArt" BGColor="ffffffff" TextColor="ffffffff" Picture="0" IgnoreMouse="1" Sprite="CRB_BaseBarSprites:sprHUD_InventoryBackerBolt" NewWindowDepth="0" NewControlDepth="3" TooltipColor="">
            <Pixie LAnchorPoint="0" LAnchorOffset="-17" TAnchorPoint="0" TAnchorOffset="-19" RAnchorPoint="1" RAnchorOffset="-17" BAnchorPoint="1" BAnchorOffset="2" BGColor="ffffffff" Font="Default" TextColor="ffffffff" Text="" Sprite="CRB_BaseBarSprites:sprHUD_InventoryBackerBolt" Line="0"/>
        </Control>
        <Control Name="DatachronBkgdMin" Class="Window" LAnchorPoint="0" TAnchorPoint="0" RAnchorPoint="1" BAnchorPoint="1" Picture="1" Sprite="CRB_DatachronSprites:sprDC_LargeFrameMin" BGColor="ffffffff" TextColor="ffffffff" LAnchorOffset="0" TAnchorOffset="0" RAnchorOffset="0" BAnchorOffset="0" IgnoreMouse="1" NewControlDepth="1" TooltipColor="">
            <Pixie LAnchorPoint="0" LAnchorOffset="59" TAnchorPoint="0" TAnchorOffset="16" RAnchorPoint="1" RAnchorOffset="-41" BAnchorPoint="1" BAnchorOffset="-20" BGColor="ffffffff" Font="Default" TextColor="ffffffff" Text="" Sprite="CRB_DatachronSprites:sprDC_LargeFrameHeaderBG" Line="0"/>
        </Control>
        <Control Name="CommPlayBtnMin" Class="Button" ButtonType="PushButton" Base="CRB_DatachronSprites:btnDC_Play" BGColor="ffffffff" TextColor="ffffffff" LAnchorPoint="0" LAnchorOffset="5" TAnchorPoint="0" TAnchorOffset="4" RAnchorPoint="0" RAnchorOffset="42" BAnchorPoint="0" BAnchorOffset="41" TestAlpha="1" WindowSoundTemplate="TogglePhys02" NormalTextColor="ffffffff" PressedTextColor="ffffffff" FlybyTextColor="ffffffff" PressedFlybyTextColor="ffffffff" DisabledTextColor="ffffffff" TooltipColor="">
            <Event Name="ButtonSignal" Function="OnCommPlayBtn"/>
            <Control Class="Window" LAnchorPoint="0" LAnchorOffset="0" TAnchorPoint="0" TAnchorOffset="0" RAnchorPoint="1" RAnchorOffset="0" BAnchorPoint="1" BAnchorOffset="0" RelativeToClient="1" Font="Default" Text="" Template="Default" Name="CommPlayBtnBlockerMin" BGColor="ffffffff" TextColor="ffffffff" Sprite="CRB_DatachronSprites:sprDC_CallCircleBlocker" Picture="1" IgnoreMouse="1" HideInEditor="0"/>
        </Control>
        <Control Name="CommCallIndicatorMin" Class="Window" Picture="1" Sprite="CRB_DatachronSprites:sprDC_GreenPlayRing" BGColor="ffffffff" TextColor="ffffffff" LAnchorPoint="0" LAnchorOffset="-7" TAnchorPoint="0" TAnchorOffset="-8" RAnchorPoint="0" RAnchorOffset="54" BAnchorPoint="0" BAnchorOffset="53" Visible="1" HideInEditor="0" IgnoreMouse="1" NoClip="1" TooltipColor=""/>
        <Control Name="DisableCommBtnMin" Class="Button" Picture="1" Sprite="" NoClip="1" BGColor="ffffffff" TextColor="ffffffff" LAnchorPoint="0" LAnchorOffset="302" TAnchorPoint="0" TAnchorOffset="11" RAnchorPoint="0" RAnchorOffset="324" BAnchorPoint="0" BAnchorOffset="33" Base="CRB_DatachronSprites:btnDC_Minimize" ButtonType="Check" Tooltip="" TooltipId="Datachron_Maximize" TooltipType="OnCursor" NormalTextColor="ffffffff" PressedTextColor="ffffffff" FlybyTextColor="ffffffff" PressedFlybyTextColor="ffffffff" DisabledTextColor="ffffffff" TooltipColor="">
            <Event Name="ButtonCheck" Function="OnMinimizeDatachron"/>
            <Event Name="ButtonUncheck" Function="OnRestoreDatachron"/>
        </Control>
        <Control Class="Button" Base="CRB_DatachronSprites:btnDC_CallHide" Font="Thick" ButtonType="PushButton" RadioGroup="" LAnchorPoint="0" LAnchorOffset="41" TAnchorPoint="0" TAnchorOffset="28" RAnchorPoint="0" RAnchorOffset="57" BAnchorPoint="0" BAnchorOffset="44" DT_VCENTER="1" DT_CENTER="1" Name="CommCallDenyMin" BGColor="ffffffff" TextColor="ffffffff" NormalTextColor="ffffffff" PressedTextColor="ffffffff" FlybyTextColor="ffffffff" PressedFlybyTextColor="ffffffff" DisabledTextColor="ffffffff" Tooltip="" TooltipId="" TooltipColor="">
            <Event Name="ButtonSignal" Function="OnDenyCallbackBtn"/>
        </Control>
        <Control Class="Window" LAnchorPoint="0" LAnchorOffset="59" TAnchorPoint="0" TAnchorOffset="16" RAnchorPoint="0" RAnchorOffset="293" BAnchorPoint="0" BAnchorOffset="42" RelativeToClient="1" Font="Default" Text="" Template="Default" Name="CallNameBlockerMin" BGColor="ffffffff" TextColor="ffffffff" Picture="1" IgnoreMouse="1" Sprite="CRB_DatachronSprites:sprDC_LargeCallBlock" Visible="0" HideInEditor="1" NewControlDepth="4" TooltipColor=""/>
        <Control Name="ZoneNameMin" Class="Window" LAnchorPoint="0.5" LAnchorOffset="-105" TAnchorPoint="0" TAnchorOffset="16" RAnchorPoint="0.5" RAnchorOffset="125" BAnchorPoint="0" BAnchorOffset="31" DT_CENTER="1" DT_VCENTER="1" Text="" TextColor="ff31fcf6" Font="CRB_InterfaceSmall" BGColor="ffffffff" Visible="0" NewControlDepth="6" TooltipColor=""/>
        <Control Name="PathTitleMin" Class="Window" LAnchorPoint="0.5" LAnchorOffset="-105" TAnchorPoint="0" TAnchorOffset="15" RAnchorPoint="0.5" RAnchorOffset="125" BAnchorPoint="0" BAnchorOffset="30" DT_CENTER="1" DT_VCENTER="1" Text="" TextColor="ffffffff" Font="CRB_InterfaceMedium" BGColor="ffffffff" Visible="0" NewControlDepth="6" TooltipColor=""/>
        <Control Name="IncomingCreatureNameMin" Class="Window" LAnchorPoint="0.5" LAnchorOffset="-105" TAnchorPoint="0" TAnchorOffset="15" RAnchorPoint="0.5" RAnchorOffset="125" BAnchorPoint="0" BAnchorOffset="41" DT_CENTER="1" DT_VCENTER="1" TextColor="White" Font="CRB_InterfaceSmall" BGColor="ffffffff" IgnoreMouse="1" DT_WORDBREAK="1" Visible="1" NewControlDepth="6" TooltipColor=""/>
        <Control Class="Window" LAnchorPoint="0" LAnchorOffset="98" TAnchorPoint="0" TAnchorOffset="5" RAnchorPoint="0" RAnchorOffset="249" BAnchorPoint="0" BAnchorOffset="17" RelativeToClient="1" Font="Default" Text="" Template="Default" Name="DatachronCallTopBGMin" BGColor="ffffffff" TextColor="ffffffff" Sprite="CRB_DatachronSprites:sprDC_CallTopBG" Picture="1" IgnoreMouse="1" HideInEditor="0" TooltipColor="">
            <Control Class="Window" LAnchorPoint="0" LAnchorOffset="-9" TAnchorPoint="0" TAnchorOffset="-5" RAnchorPoint="1" RAnchorOffset="9" BAnchorPoint="1" BAnchorOffset="6" RelativeToClient="1" Font="Default" Text="" Template="Default" Name="DatachronCallTopPulseMin" BGColor="ffffffff" TextColor="ffffffff" Sprite="CRB_DatachronSprites:sprDC_TopPulse" Picture="1" IgnoreMouse="1" NoClip="1" HideInEditor="0" Visible="0" TooltipColor=""/>
        </Control>
        <Pixie LAnchorPoint="1" LAnchorOffset="-307" TAnchorPoint="1" TAnchorOffset="-27" RAnchorPoint="1" RAnchorOffset="0" BAnchorPoint="1" BAnchorOffset="0" BGColor="ffffffff" Font="Default" TextColor="ffffffff" Text="" Sprite="CRB_BaseBarSprites:SprHUD_BottomFrame" Line="0"/>
        <Pixie LAnchorPoint="0.5" LAnchorOffset="-105" TAnchorPoint="0" TAnchorOffset="16" RAnchorPoint="0.5" RAnchorOffset="125" BAnchorPoint="0" BAnchorOffset="31" BGColor="ffffffff" Font="Default" TextColor="ffffffff" Text="" Line="0"/>
        <Control Class="Window" LAnchorPoint="0" LAnchorOffset="-117" TAnchorPoint="0" TAnchorOffset="-98" RAnchorPoint="0" RAnchorOffset="83" BAnchorPoint="0" BAnchorOffset="102" RelativeToClient="1" Font="Default" Text="" Template="Default" TooltipType="OnCursor" Name="CommCallPulseMinRed" BGColor="ffffffff" TextColor="ffffffff" TooltipColor="" IgnoreMouse="1" NoClip="1" Sprite="CRB_Anim_DatachronSonarPing:sprAnim_Datachron_SonarPing_Red" Picture="1" Tooltip=""/>
        <Control Class="Window" LAnchorPoint="0" LAnchorOffset="-117" TAnchorPoint="0" TAnchorOffset="-98" RAnchorPoint="0" RAnchorOffset="83" BAnchorPoint="0" BAnchorOffset="102" RelativeToClient="1" Font="Default" Text="" Template="Default" TooltipType="OnCursor" Name="CommCallPulseMinBlue" BGColor="ffffffff" TextColor="ffffffff" TooltipColor="" IgnoreMouse="1" NoClip="1" Sprite="CRB_Anim_DatachronSonarPing:sprAnim_Datachron_SonarPing_Blue" Picture="1" Tooltip=""/>
    </Form>
    <Form Class="Window" LAnchorPoint="1" LAnchorOffset="-333" TAnchorPoint="1" TAnchorOffset="-242" RAnchorPoint="1" RAnchorOffset="0" BAnchorPoint="1" BAnchorOffset="0" RelativeToClient="1" Font="Default" Text="" Template="Default" Name="Datachron" BGColor="ffffffff" TextColor="ffffffff" NeverBringToFront="1" Overlapped="1" LeftEdgeControlsAnchor="Datachron_Left" TopEdgeControlsAnchor="Datachron_Top" Tooltip="" TooltipId="" TextId="" TooltipColor="">
        <Control Class="Window" LAnchorPoint="0" LAnchorOffset="36" TAnchorPoint="0" TAnchorOffset="47" RAnchorPoint="0" RAnchorOffset="326" BAnchorPoint="0" BAnchorOffset="235" RelativeToClient="1" Font="Default" Text="" Template="Default" Name="DatachronContent" BGColor="ffffffff" TextColor="ffffffff" IgnoreMouse="1" NewControlDepth="2" TooltipColor="">
            <Control Class="Window" LAnchorPoint="0" LAnchorOffset="0" TAnchorPoint="0" TAnchorOffset="0" RAnchorPoint="1" RAnchorOffset="0" BAnchorPoint="1" BAnchorOffset="0" RelativeToClient="1" Font="Default" Text="" Template="Default" Name="PathContainer" BGColor="ffffffff" TextColor="ffffffff" Visible="1" IgnoreMouse="1" NeverBringToFront="1" TooltipColor="" HideInEditor="1"/>
            <Control Class="Window" LAnchorPoint="0" LAnchorOffset="0" TAnchorPoint="0" TAnchorOffset="0" RAnchorPoint="1" RAnchorOffset="0" BAnchorPoint="1" BAnchorOffset="0" RelativeToClient="1" Font="Default" Text="" Template="Default" Name="HousingContainer" BGColor="ffffffff" TextColor="ffffffff" Visible="1" IgnoreMouse="1" NeverBringToFront="1" TooltipColor="" HideInEditor="1"/>
            <Control Class="Window" LAnchorPoint="0" LAnchorOffset="0" TAnchorPoint="0" TAnchorOffset="0" RAnchorPoint="1" RAnchorOffset="0" BAnchorPoint="1" BAnchorOffset="0" RelativeToClient="1" Font="Default" Text="" Template="Default" TooltipType="OnCursor" Name="PvPContainer" BGColor="ffffffff" TextColor="ffffffff" TooltipColor="" IgnoreMouse="1" NeverBringToFront="1" Picture="1" Sprite="" Visible="0" HideInEditor="1"/>
            <Control Class="Window" LAnchorPoint="0" LAnchorOffset="0" TAnchorPoint="0" TAnchorOffset="0" RAnchorPoint="1" RAnchorOffset="0" BAnchorPoint="1" BAnchorOffset="0" RelativeToClient="1" Font="Default" Text="" Template="" Name="QueuedCallsContainer" BGColor="ffffffff" TextColor="ffffffff" Visible="0" IgnoreMouse="1" Sprite="BlackFill" TransitionShowHide="1" HideInEditor="1" NewWindowDepth="1" TooltipColor="" Picture="1">
                <Control Class="Window" LAnchorPoint="0" LAnchorOffset="0" TAnchorPoint="0" TAnchorOffset="30" RAnchorPoint="1" RAnchorOffset="15" BAnchorPoint="1" BAnchorOffset="0" RelativeToClient="1" Font="Default" Text="" Template="CRB_Hologram" Name="QueuedCallsList" BGColor="ffffffff" TextColor="ffffffff" VScroll="1" IgnoreMouse="1" TooltipColor=""/>
                <Pixie LAnchorPoint="0" LAnchorOffset="0" TAnchorPoint="0" TAnchorOffset="0" RAnchorPoint="1" RAnchorOffset="0" BAnchorPoint="0" BAnchorOffset="30" BGColor="ffffffff" Font="CRB_HeaderMedium" TextColor="ffffffff" Text="" TextId="Datachron_RecentCalls" DT_CENTER="1" DT_VCENTER="1" Line="0"/>
            </Control>
        </Control>
        <Control Name="DatachronFrameTop" Class="Window" LAnchorPoint="0" TAnchorPoint="0" RAnchorPoint="1" BAnchorPoint="1" Picture="1" Sprite="CRB_DatachronSprites:sprDC_LargeFrame" BGColor="ffffffff" TextColor="ffffffff" LAnchorOffset="0" TAnchorOffset="0" RAnchorOffset="0" BAnchorOffset="0" HideInEditor="0" TooltipColor="" Tooltip="" NewControlDepth="3"/>
        <Control Class="Window" LAnchorPoint="0" LAnchorOffset="60" TAnchorPoint="0" TAnchorOffset="16" RAnchorPoint="0" RAnchorOffset="295" BAnchorPoint="0" BAnchorOffset="42" RelativeToClient="1" Font="Default" Text="" Template="Default" Name="DatachronHeaderBG" BGColor="ffffffff" TextColor="ffffffff" Sprite="CRB_DatachronSprites:sprDC_LargeFrameHeaderBG" Picture="1" IgnoreMouse="1" TooltipColor=""/>
        <Control Class="Window" LAnchorPoint="0" LAnchorOffset="0" TAnchorPoint="0" TAnchorOffset="0" RAnchorPoint="1" RAnchorOffset="0" BAnchorPoint="1" BAnchorOffset="0" RelativeToClient="1" Font="Default" Text="" Template="Default" Name="DatachronHeader" BGColor="ffffffff" TextColor="ffffffff" NewControlDepth="6" IgnoreMouse="1" NewWindowDepth="1" TooltipColor="">
            <Control Name="ZoneName" Class="Window" LAnchorPoint="0.5" LAnchorOffset="-89" TAnchorPoint="0" TAnchorOffset="18" RAnchorPoint="0.5" RAnchorOffset="109" BAnchorPoint="0" BAnchorOffset="36" DT_CENTER="1" DT_VCENTER="1" Text="" TextColor="ff31fcf6" Font="CRB_InterfaceSmall" BGColor="ffffffff" IgnoreMouse="1" AutoScaleText="1" Visible="0" TooltipColor=""/>
            <Control Class="Window" LAnchorPoint="0" LAnchorOffset="59" TAnchorPoint="0" TAnchorOffset="16" RAnchorPoint="0" RAnchorOffset="295" BAnchorPoint="0" BAnchorOffset="42" RelativeToClient="1" Font="Default" Text="" Template="Default" Name="CallNameBlocker" BGColor="ffffffff" TextColor="ffffffff" Picture="1" IgnoreMouse="1" Sprite="CRB_DatachronSprites:sprDC_LargeCallBlock" Visible="0" HideInEditor="1" TooltipColor=""/>
            <Control Name="IncomingCreatureName" Class="Window" LAnchorPoint="0.5" LAnchorOffset="-105" TAnchorPoint="0" TAnchorOffset="15" RAnchorPoint="0.5" RAnchorOffset="110" BAnchorPoint="0" BAnchorOffset="41" DT_CENTER="1" DT_VCENTER="1" TextColor="White" Font="CRB_InterfaceSmall" BGColor="ffffffff" IgnoreMouse="1" DT_WORDBREAK="1" HideInEditor="0" TooltipColor=""/>
            <Control Class="Window" LAnchorPoint="0" LAnchorOffset="0" TAnchorPoint="0" TAnchorOffset="0" RAnchorPoint="1" RAnchorOffset="0" BAnchorPoint="1" BAnchorOffset="0" RelativeToClient="1" Font="Default" Text="" Template="Default" Name="IncomingPortraitGrouping" BGColor="ffffffff" TextColor="ffffffff" IgnoreMouse="1" TooltipColor=""/>
        </Control>
        <Control Class="Window" LAnchorPoint="0" LAnchorOffset="100" TAnchorPoint="0" TAnchorOffset="5" RAnchorPoint="0" RAnchorOffset="255" BAnchorPoint="0" BAnchorOffset="14" RelativeToClient="1" Font="Default" Text="" Template="Default" Name="DatachronCallTopBG" BGColor="ffffffff" TextColor="ffffffff" Sprite="CRB_DatachronSprites:sprDC_CallTopBG" Picture="1" IgnoreMouse="1" HideInEditor="0" Tooltip="" TooltipId="" TooltipType="OnCursor" TooltipColor="">
            <Control Class="Window" LAnchorPoint="0" LAnchorOffset="-9" TAnchorPoint="0" TAnchorOffset="-5" RAnchorPoint="1" RAnchorOffset="9" BAnchorPoint="1" BAnchorOffset="6" RelativeToClient="1" Font="Default" Text="" Template="Default" Name="DatachronCallTopPulse" BGColor="ffffffff" TextColor="ffffffff" Sprite="CRB_DatachronSprites:sprDC_TopPulse" Picture="1" IgnoreMouse="1" NoClip="1" HideInEditor="0" Visible="0" TooltipColor=""/>
        </Control>
        <Control Class="Window" LAnchorPoint="0" LAnchorOffset="13" TAnchorPoint="0" TAnchorOffset="83" RAnchorPoint="0" RAnchorOffset="22" BAnchorPoint="0" BAnchorOffset="165" RelativeToClient="1" Font="Default" Text="" Template="Default" Name="DatachronCallSideBG" BGColor="ffffffff" TextColor="ffffffff" Picture="1" IgnoreMouse="1" Sprite="CRB_DatachronSprites:sprDC_CallSideBG" NewControlDepth="7" Tooltip="" TooltipId="" TooltipType="OnCursor" TooltipColor="">
            <Control Class="Window" LAnchorPoint="0" LAnchorOffset="-6" TAnchorPoint="0" TAnchorOffset="-24" RAnchorPoint="0" RAnchorOffset="22" BAnchorPoint="0" BAnchorOffset="101" RelativeToClient="1" Font="Default" Text="" Template="Default" Name="DatachronCallSidePulse" BGColor="ffffffff" TextColor="ffffffff" Picture="1" IgnoreMouse="1" NoClip="1" Sprite="CRB_DatachronSprites:sprDC_SidePulse" HideInEditor="0" Visible="0" TooltipColor=""/>
        </Control>
        <Control Class="Window" LAnchorPoint="0" LAnchorOffset="0" TAnchorPoint="0" TAnchorOffset="0" RAnchorPoint="1" RAnchorOffset="0" BAnchorPoint="1" BAnchorOffset="0" RelativeToClient="1" Font="Default" Text="" Template="Default" TooltipType="OnCursor" Name="PathContainerTopLevel" BGColor="ffffffff" TextColor="ffffffff" TooltipColor="" Visible="0"/>
        <Control Class="Window" LAnchorPoint="0" LAnchorOffset="0" TAnchorPoint="0" TAnchorOffset="0" RAnchorPoint="1" RAnchorOffset="0" BAnchorPoint="1" BAnchorOffset="0" RelativeToClient="1" Font="Default" Text="" Template="Default" Name="DatachronButtons" BGColor="ffffffff" TextColor="ffffffff" HideInEditor="0" IgnoreMouse="1" TooltipColor="">
            <Control Name="CommPlayBtn" Class="Button" ButtonType="PushButton" Base="CRB_DatachronSprites:btnDC_Play" BGColor="ffffffff" TextColor="ffffffff" LAnchorPoint="0" LAnchorOffset="7" TAnchorPoint="0" TAnchorOffset="4" RAnchorPoint="0" RAnchorOffset="44" BAnchorPoint="0" BAnchorOffset="41" TestAlpha="1" WindowSoundTemplate="TogglePhys02" Tooltip="" TooltipId="" TooltipType="OnCursor" NormalTextColor="ffffffff" PressedTextColor="ffffffff" FlybyTextColor="ffffffff" PressedFlybyTextColor="ffffffff" DisabledTextColor="ffffffff" Text="" TextId="">
                <Event Name="ButtonSignal" Function="OnCommPlayBtn"/>
                <Control Class="Window" LAnchorPoint="0" LAnchorOffset="0" TAnchorPoint="0" TAnchorOffset="0" RAnchorPoint="1" RAnchorOffset="0" BAnchorPoint="1" BAnchorOffset="0" RelativeToClient="1" Font="Default" Text="" Template="Default" Name="CommPlayBtnBlocker" BGColor="ffffffff" TextColor="ffffffff" Sprite="CRB_DatachronSprites:sprDC_CallCircleBlocker" Picture="1" IgnoreMouse="1" HideInEditor="0"/>
            </Control>
            <Control Name="CommCallIndicator" Class="Window" Picture="1" Sprite="CRB_DatachronSprites:sprDC_GreenPlayRing" BGColor="ffffffff" TextColor="ffffffff" LAnchorPoint="0" LAnchorOffset="-5" TAnchorPoint="0" TAnchorOffset="-8" RAnchorPoint="0" RAnchorOffset="56" BAnchorPoint="0" BAnchorOffset="53" HideInEditor="0" Visible="1" IgnoreMouse="1" NoClip="1" TooltipColor=""/>
            <Control Name="DisableCommBtn" Class="Button" Picture="1" Sprite="" NoClip="1" BGColor="ffffffff" TextColor="ffffffff" LAnchorPoint="0" LAnchorOffset="304" TAnchorPoint="0" TAnchorOffset="10" RAnchorPoint="0" RAnchorOffset="326" BAnchorPoint="0" BAnchorOffset="32" Base="CRB_DatachronSprites:btnDC_Minimize" ButtonType="Check" Tooltip="" TooltipId="CRB_Datachron_MinimizeBtn_Desc" TooltipType="OnCursor" NormalTextColor="ffffffff" PressedTextColor="ffffffff" FlybyTextColor="ffffffff" PressedFlybyTextColor="ffffffff" DisabledTextColor="ffffffff">
                <Event Name="ButtonCheck" Function="OnMinimizeDatachron"/>
                <Event Name="ButtonUncheck" Function="OnRestoreDatachron"/>
            </Control>
            <Control Class="Button" Base="CRB_DatachronSprites:btnDC_CallHide" Font="Thick" ButtonType="PushButton" RadioGroup="" LAnchorPoint="0" LAnchorOffset="41" TAnchorPoint="0" TAnchorOffset="28" RAnchorPoint="0" RAnchorOffset="57" BAnchorPoint="0" BAnchorOffset="44" DT_VCENTER="1" DT_CENTER="1" Name="CommCallDeny" BGColor="ffffffff" TextColor="ffffffff" NormalTextColor="ffffffff" PressedTextColor="ffffffff" FlybyTextColor="ffffffff" PressedFlybyTextColor="ffffffff" DisabledTextColor="ffffffff" Tooltip="" TooltipId="">
                <Event Name="ButtonSignal" Function="OnDenyCallbackBtn"/>
            </Control>
        </Control>
        <Pixie LAnchorPoint="0" LAnchorOffset="34" TAnchorPoint="0" TAnchorOffset="46" RAnchorPoint="0" RAnchorOffset="328" BAnchorPoint="0" BAnchorOffset="237" BGColor="ffffffff" Font="Default" TextColor="ffffffff" Text="" Sprite="CRB_DatachronSprites:sprDC_LargeBG" Line="0"/>
        <Pixie LAnchorPoint="0" LAnchorOffset="0" TAnchorPoint="0" TAnchorOffset="47" RAnchorPoint="1" RAnchorOffset="0" BAnchorPoint="1" BAnchorOffset="0" BGColor="ffffffff" TextColor="ffffffff" Sprite="CRB_DatachronSprites:sprDC_LargeFrameBottom" Line="0"/>
        <Control Class="Window" LAnchorPoint="0" LAnchorOffset="-117" TAnchorPoint="0" TAnchorOffset="-98" RAnchorPoint="0" RAnchorOffset="83" BAnchorPoint="0" BAnchorOffset="102" RelativeToClient="1" Font="Default" Text="" Template="Default" TooltipType="OnCursor" Name="CommCallPulseRed" BGColor="ffffffff" TextColor="ffffffff" TooltipColor="" IgnoreMouse="1" NoClip="1" Sprite="CRB_Anim_DatachronSonarPing:sprAnim_Datachron_SonarPing_Red" Picture="1" Tooltip=""/>
        <Control Class="Window" LAnchorPoint="0" LAnchorOffset="-117" TAnchorPoint="0" TAnchorOffset="-98" RAnchorPoint="0" RAnchorOffset="83" BAnchorPoint="0" BAnchorOffset="102" RelativeToClient="1" Font="Default" Text="" Template="Default" TooltipType="OnCursor" Name="CommCallPulseBlue" BGColor="ffffffff" TextColor="ffffffff" TooltipColor="" IgnoreMouse="1" NoClip="1" Sprite="CRB_Anim_DatachronSonarPing:sprAnim_Datachron_SonarPing_Blue" Picture="1" Tooltip=""/>
        <Control Class="Window" LAnchorPoint="1" LAnchorOffset="-349" TAnchorPoint="1" TAnchorOffset="-73" RAnchorPoint="1" RAnchorOffset="-297" BAnchorPoint="1" BAnchorOffset="0" RelativeToClient="1" Font="Default" Text="" Template="Default" Name="BGBolt" BGColor="ffffffff" TextColor="ffffffff" Sprite="CRB_BaseBarSprites:sprHUD_InventoryBackerBolt" Picture="1" IgnoreMouse="1" TooltipColor="" HideInEditor="0" Visible="1" Tooltip="" NoClip="1"/>
    </Form>
    <Form Class="Window" LAnchorPoint="0" LAnchorOffset="0" TAnchorPoint="0" TAnchorOffset="0" RAnchorPoint="1" RAnchorOffset="0" BAnchorPoint="0" BAnchorOffset="38" RelativeToClient="1" Font="Default" Text="" Template="Default" Name="QueuedCallsItem" Border="0" Picture="0" SwallowMouseClicks="1" Moveable="0" Escapable="0" Overlapped="1" BGColor="ffffffff" TextColor="ffffffff" IgnoreMouse="1" Tooltip="" TooltipId="" TooltipColor="">
        <Control Class="Button" Base="CRB_Basekit:kitBtn_List_Holo" Font="CRB_InterfaceMedium_B" ButtonType="PushButton" LAnchorPoint="0" LAnchorOffset="0" TAnchorPoint="0" TAnchorOffset="0" RAnchorPoint="1" RAnchorOffset="-30" BAnchorPoint="1" BAnchorOffset="0" Name="QueuedCallsBtn" BGColor="ffffffff" TextColor="ffffffff" NormalTextColor="ffffffff" PressedTextColor="ffffffff" FlybyTextColor="ffffffff" PressedFlybyTextColor="ffffffff" DisabledTextColor="ffffffff" Text="" TextId="" RelativeToClient="1" TooltipColor="">
            <Event Name="ButtonSignal" Function="OnQueuedCallsItemClick"/>
            <Control Class="Window" LAnchorPoint="0" LAnchorOffset="8" TAnchorPoint="0" TAnchorOffset="7" RAnchorPoint="0" RAnchorOffset="30" BAnchorPoint="1" BAnchorOffset="-9" RelativeToClient="1" Font="Default" Text="" Template="Default" Name="QueuedCallsIcon" BGColor="ffffffff" TextColor="ffffffff" Picture="1" IgnoreMouse="1" Sprite="CRB_DatachronSprites:sprDCM_CallIcon" NewControlDepth="1" Visible="1" HideInEditor="0" TooltipColor=""/>
            <Control Class="Window" LAnchorPoint="0" LAnchorOffset="34" TAnchorPoint="0" TAnchorOffset="0" RAnchorPoint="1" RAnchorOffset="-30" BAnchorPoint="1" BAnchorOffset="0" RelativeToClient="1" Font="CRB_InterfaceMedium_B" Text="" Template="Default" Name="QueuedCallsTitle" BGColor="ffffffff" TextColor="UI_TextHoloBodyHighlight" TextId="Datachron_MissedCall" DT_VCENTER="1" DT_WORDBREAK="1" TooltipColor=""/>
        </Control>
        <Control Class="Button" Base="CRB_UIKitSprites:btn_close_Hologram" Font="Thick" ButtonType="PushButton" RadioGroup="" LAnchorPoint="1" LAnchorOffset="-29" TAnchorPoint="0.5" TAnchorOffset="-13" RAnchorPoint="1" RAnchorOffset="0" BAnchorPoint="0.5" BAnchorOffset="16" Name="QueuedCallsIgnoreBtn" BGColor="aaffffff" TextColor="ffffffff" NormalTextColor="ffffffff" PressedTextColor="ffffffff" FlybyTextColor="ffffffff" PressedFlybyTextColor="ffffffff" DisabledTextColor="ffffffff" RelativeToClient="1" Tooltip="" TooltipId="Datachron_QuestIgnored" TooltipType="OnCursor" NewControlDepth="1" TooltipColor="" TooltipFont="CRB_InterfaceSmall_O">
            <Event Name="ButtonSignal" Function="OnQueuedCallsIgnoreBtn"/>
        </Control>
    </Form>
</Forms>
