<Forms>
    <Form Class="Window" LAnchorPoint="0" LAnchorOffset="0" TAnchorPoint="0" TAnchorOffset="0" RAnchorPoint="0" RAnchorOffset="290" BAnchorPoint="0" BAnchorOffset="188" RelativeToClient="1" Font="Default" Text="" Template="Default" TooltipType="OnCursor" Name="MatchTracker" Border="0" Picture="1" SwallowMouseClicks="1" Moveable="0" Escapable="0" Overlapped="1" BGColor="ffffffff" TextColor="ffffffff" TooltipColor="" DT_CENTER="0" DT_VCENTER="0" TextId="" Visible="1" Tooltip="">
        <Control Class="Window" LAnchorPoint="0" LAnchorOffset="0" TAnchorPoint="0" TAnchorOffset="0" RAnchorPoint="1" RAnchorOffset="0" BAnchorPoint="1" BAnchorOffset="0" RelativeToClient="1" Font="CRB_HeaderLarge" Text="" Template="Holo_Background_Datachron" TooltipType="OnCursor" Name="DeathMatchInfo" BGColor="ffffffff" TextColor="ffffffff" TooltipColor="" TextId="" DT_CENTER="1" DT_VCENTER="1" Tooltip="" Visible="0" NewControlDepth="3" HideInEditor="0">
            <Control Class="Window" LAnchorPoint="0" LAnchorOffset="-60" TAnchorPoint="0" TAnchorOffset="-60" RAnchorPoint="1" RAnchorOffset="60" BAnchorPoint="1" BAnchorOffset="29" RelativeToClient="1" Font="Default" Text="" Template="Default" TooltipType="OnCursor" Name="AlertFlash" BGColor="ffffffff" TextColor="ffffffff" TooltipColor="" Picture="1" IgnoreMouse="1" Sprite="CRB_Basekit:kitAccent_Glow_BlueFlash" HideInEditor="0"/>
            <Control Class="Window" LAnchorPoint="0" LAnchorOffset="10" TAnchorPoint="0" TAnchorOffset="42" RAnchorPoint="1" RAnchorOffset="-10" BAnchorPoint="0" BAnchorOffset="95" RelativeToClient="1" Font="Default" Text="" Template="Default" TooltipType="OnCursor" Name="DMBGArt_TeamBacker1" BGColor="ffffffff" TextColor="ffffffff" TooltipColor="" Picture="1" IgnoreMouse="1" Sprite="CRB_Basekit:kitBase_HoloBlue_TinyNoGlow">
                <Control Class="Window" LAnchorPoint="0" LAnchorOffset="3" TAnchorPoint="0" TAnchorOffset="3" RAnchorPoint="0" RAnchorOffset="51" BAnchorPoint="1" BAnchorOffset="-2" RelativeToClient="1" Font="Default" Text="" Template="Default" TooltipType="OnCursor" Name="NumberUnderlay" BGColor="ffffffff" TextColor="ffffffff" TooltipColor="" Picture="1" IgnoreMouse="1" Sprite="CRB_Basekit:kitBase_HoloBlue_SmallGreenCorners"/>
                <Control Class="Window" LAnchorPoint="0" LAnchorOffset="45" TAnchorPoint="0" TAnchorOffset="0" RAnchorPoint="1" RAnchorOffset="-3" BAnchorPoint="0" BAnchorOffset="34" RelativeToClient="1" Font="Default" Text="" Template="Default" TooltipType="OnCursor" Name="BarUnderlay" BGColor="ffffffff" TextColor="ffffffff" TooltipColor="" Picture="1" IgnoreMouse="1" Sprite="CRB_Basekit:kitIProgBar_HoloFrame_Base"/>
                <Control Class="Window" LAnchorPoint="0" LAnchorOffset="54" TAnchorPoint="1" TAnchorOffset="-26" RAnchorPoint="1" RAnchorOffset="-10" BAnchorPoint="1" BAnchorOffset="-7" RelativeToClient="1" Font="CRB_InterfaceMedium_I" Text="" Template="Default" TooltipType="OnCursor" Name="LivesRemaining" BGColor="ffffffff" TextColor="ff2f94ac" TooltipColor="" TextId="MatchTracker_MyRespawns" DT_CENTER="0" DT_VCENTER="1" Tooltip=""/>
            </Control>
            <Control Class="Window" LAnchorPoint="0" LAnchorOffset="10" TAnchorPoint="0" TAnchorOffset="100" RAnchorPoint="1" RAnchorOffset="-10" BAnchorPoint="0" BAnchorOffset="153" RelativeToClient="1" Font="Default" Text="" Template="Default" TooltipType="OnCursor" Name="DMBGArt_TeamBacker2" BGColor="ffffffff" TextColor="ffffffff" TooltipColor="" Picture="1" IgnoreMouse="1" Sprite="CRB_Basekit:kitBase_HoloBlue_TinyNoGlow">
                <Control Class="Window" LAnchorPoint="0" LAnchorOffset="3" TAnchorPoint="0" TAnchorOffset="3" RAnchorPoint="0" RAnchorOffset="51" BAnchorPoint="1" BAnchorOffset="-2" RelativeToClient="1" Font="Default" Text="" Template="Default" TooltipType="OnCursor" Name="NumberUnderlay" BGColor="ffffffff" TextColor="ffffffff" TooltipColor="" Picture="1" IgnoreMouse="1" Sprite="CRB_Basekit:kitBase_HoloBlue_SmallGreenCorners"/>
                <Control Class="Window" LAnchorPoint="0" LAnchorOffset="45" TAnchorPoint="0" TAnchorOffset="0" RAnchorPoint="1" RAnchorOffset="-3" BAnchorPoint="0" BAnchorOffset="34" RelativeToClient="1" Font="Default" Text="" Template="Default" TooltipType="OnCursor" Name="BarUnderlay" BGColor="ffffffff" TextColor="ffffffff" TooltipColor="" Picture="1" IgnoreMouse="1" Sprite="CRB_Basekit:kitIProgBar_HoloFrame_Base"/>
                <Control Class="Window" LAnchorPoint="0" LAnchorOffset="54" TAnchorPoint="1" TAnchorOffset="-26" RAnchorPoint="1" RAnchorOffset="-10" BAnchorPoint="1" BAnchorOffset="-7" RelativeToClient="1" Font="CRB_InterfaceMedium_I" Text="" Template="Default" TooltipType="OnCursor" Name="LivesRemaining" BGColor="ffffffff" TextColor="ff2f94ac" TooltipColor="" TextId="MatchTracker_EnemyRespawns" DT_CENTER="0" DT_VCENTER="1"/>
            </Control>
            <Control Class="Window" LAnchorPoint="1" LAnchorOffset="-273" TAnchorPoint="1" TAnchorOffset="-140" RAnchorPoint="1" RAnchorOffset="-233" BAnchorPoint="1" BAnchorOffset="-100" RelativeToClient="1" Font="CRB_HeaderGigantic" Text="" Template="Default" TooltipType="OnCursor" Name="MyTeam" BGColor="ffffffff" TextColor="ff00ff00" TooltipColor="" TextId="CRB_4" DT_CENTER="1" DT_VCENTER="1" Tooltip=""/>
            <Control Class="Window" LAnchorPoint="1" LAnchorOffset="-273" TAnchorPoint="0" TAnchorOffset="106" RAnchorPoint="1" RAnchorOffset="-233" BAnchorPoint="0" BAnchorOffset="146" RelativeToClient="1" Font="CRB_HeaderGigantic" Text="" Template="Default" TooltipType="OnCursor" Name="OtherTeam" BGColor="ffffffff" TextColor="ffff0000" TooltipColor="" TextId="CRB_4" DT_CENTER="1" DT_VCENTER="1"/>
            <Control Class="ProgressBar" Text="" LAnchorPoint="0" LAnchorOffset="65" TAnchorPoint="0" TAnchorOffset="47" RAnchorPoint="1" RAnchorOffset="-22" BAnchorPoint="0" BAnchorOffset="71" AutoSetText="0" UseValues="0" RelativeToClient="1" SetTextToProgress="0" DT_CENTER="1" DT_VCENTER="1" ProgressEmpty="" ProgressFull="CRB_Basekit:kitIProgBar_Hybrid_Fill" TooltipType="OnCursor" Name="MyTeamBar" BGColor="ffffffff" TextColor="ffffffff" TooltipColor="" BarColor="" Sprite="CRB_Basekit:kitIProgBar_Hybrid_Fill" Template="Default"/>
            <Control Class="ProgressBar" Text="" LAnchorPoint="0" LAnchorOffset="65" TAnchorPoint="0" TAnchorOffset="102" RAnchorPoint="1" RAnchorOffset="-22" BAnchorPoint="0" BAnchorOffset="138" AutoSetText="0" UseValues="0" RelativeToClient="1" SetTextToProgress="0" DT_CENTER="1" DT_VCENTER="1" ProgressEmpty="" ProgressFull="CRB_Basekit:kitIProgBar_HoloFrame_FillRed" TooltipType="OnCursor" Name="OtherTeamBar" BGColor="ffffffff" TextColor="ffffffff" TooltipColor="" BarColor="" Sprite="CRB_Basekit:kitIProgBar_Hybrid_Fill" Template="Default" NewControlDepth="1"/>
            <Pixie LAnchorPoint="0" LAnchorOffset="1" TAnchorPoint="0" TAnchorOffset="1" RAnchorPoint="1" RAnchorOffset="-1" BAnchorPoint="1" BAnchorOffset="-1" Sprite="BK3:UI_BK3_Holo_InsetHeaderThin" BGColor="white" TextColor="black" Rotation="0" Font="CRB_Header14"/>
            <Pixie LAnchorPoint="0" LAnchorOffset="45" TAnchorPoint="0" TAnchorOffset="7" RAnchorPoint="0" RAnchorOffset="245" BAnchorPoint="1" BAnchorOffset="-154" BGColor="ffffffff" Font="CRB_HeaderSmall" TextColor="UI_TextHoloTitle" Text="" TextId="MatchTracker_LivesRemaining" DT_CENTER="1" DT_VCENTER="1" Line="0"/>
        </Control>
        <Control Class="Window" LAnchorPoint="0" LAnchorOffset="0" TAnchorPoint="0" TAnchorOffset="0" RAnchorPoint="1" RAnchorOffset="0" BAnchorPoint="1" BAnchorOffset="0" RelativeToClient="1" Font="Default" Text="" Template="Holo_Background_Datachron" TooltipType="OnCursor" Name="CTFMatchInfo" BGColor="ffffffff" TextColor="ffffffff" TooltipColor="" Visible="0" HideInEditor="1" Tooltip="">
            <Control Class="Window" LAnchorPoint="0" LAnchorOffset="36" TAnchorPoint="0" TAnchorOffset="4" RAnchorPoint="0" RAnchorOffset="166" BAnchorPoint="0" BAnchorOffset="37" RelativeToClient="1" Font="CRB_InterfaceMedium_B" Text="" Template="Default" TooltipType="OnCursor" Name="UnclaimedText" BGColor="ffffffff" TextColor="ff9aaea3" TooltipColor="" TextId="MatchTracker_Unclaimed" DT_VCENTER="1" Visible="0" HideInEditor="1"/>
            <Control Class="Window" LAnchorPoint="0" LAnchorOffset="-4" TAnchorPoint="1" TAnchorOffset="-74" RAnchorPoint="0.5" RAnchorOffset="-5" BAnchorPoint="1" BAnchorOffset="-28" RelativeToClient="1" Font="Default" Text="" Template="Default" TooltipType="OnCursor" Name="CTFExileFrame" BGColor="ffffffff" TextColor="ffffffff" TooltipColor="" Sprite="" Picture="1" IgnoreMouse="1" Tooltip="" HideInEditor="0">
                <Control Class="Window" LAnchorPoint="0" LAnchorOffset="8" TAnchorPoint="1" TAnchorOffset="-38" RAnchorPoint="0" RAnchorOffset="43" BAnchorPoint="1" BAnchorOffset="-3" RelativeToClient="1" Font="Default" Text="" Template="Default" TooltipType="OnCursor" Name="FlagIcon1" BGColor="ffffffff" TextColor="ffffffff" TooltipColor="" Sprite="ClientSprites:Icon_Mission_Explorer_ClaimTerritory" Picture="1" IgnoreMouse="1" NewControlDepth="1"/>
                <Control Class="Window" LAnchorPoint="0" LAnchorOffset="32" TAnchorPoint="1" TAnchorOffset="-38" RAnchorPoint="0" RAnchorOffset="67" BAnchorPoint="1" BAnchorOffset="-3" RelativeToClient="1" Font="Default" Text="" Template="Default" TooltipType="OnCursor" Name="FlagIcon2" BGColor="ffffffff" TextColor="ffffffff" TooltipColor="" Sprite="ClientSprites:Icon_Mission_Explorer_ClaimTerritory" Picture="1" IgnoreMouse="1"/>
                <Control Class="Window" LAnchorPoint="0" LAnchorOffset="56" TAnchorPoint="1" TAnchorOffset="-38" RAnchorPoint="0" RAnchorOffset="91" BAnchorPoint="1" BAnchorOffset="-3" RelativeToClient="1" Font="Default" Text="" Template="Default" TooltipType="OnCursor" Name="FlagIcon3" BGColor="ffffffff" TextColor="ffffffff" TooltipColor="" Sprite="ClientSprites:Icon_Mission_Explorer_ClaimTerritory" Picture="1" IgnoreMouse="1"/>
                <Control Class="Window" LAnchorPoint="0" LAnchorOffset="80" TAnchorPoint="1" TAnchorOffset="-38" RAnchorPoint="0" RAnchorOffset="115" BAnchorPoint="1" BAnchorOffset="-3" RelativeToClient="1" Font="Default" Text="" Template="Default" TooltipType="OnCursor" Name="FlagIcon4" BGColor="ffffffff" TextColor="ffffffff" TooltipColor="" Sprite="ClientSprites:Icon_Mission_Explorer_ClaimTerritory" Picture="1" IgnoreMouse="1"/>
                <Control Class="Window" LAnchorPoint="0" LAnchorOffset="104" TAnchorPoint="1" TAnchorOffset="-38" RAnchorPoint="1" RAnchorOffset="-5" BAnchorPoint="1" BAnchorOffset="-3" RelativeToClient="1" Font="Default" Text="" Template="Default" TooltipType="OnCursor" Name="FlagIcon5" BGColor="ff444444" TextColor="ffffffff" TooltipColor="" Sprite="ClientSprites:Icon_Mission_Explorer_ClaimTerritory" Picture="1" IgnoreMouse="1"/>
                <Pixie LAnchorPoint="0" LAnchorOffset="-50" TAnchorPoint="0" TAnchorOffset="0" RAnchorPoint="1" RAnchorOffset="0" BAnchorPoint="1" BAnchorOffset="50" BGColor="ffffffff" Font="Default" TextColor="ffffffff" Text="" Sprite="BK3:UI_BK3_Holo_InsetFramed_Darker" Line="0"/>
            </Control>
            <Control Class="Window" LAnchorPoint="0.5" LAnchorOffset="5" TAnchorPoint="1" TAnchorOffset="-74" RAnchorPoint="1" RAnchorOffset="5" BAnchorPoint="1" BAnchorOffset="-28" RelativeToClient="1" Font="Default" Text="" Template="Default" TooltipType="OnCursor" Name="CTFDomFrame" BGColor="ffffffff" TextColor="ffffffff" TooltipColor="" Sprite="" Picture="1" IgnoreMouse="1" HideInEditor="0">
                <Control Class="Window" LAnchorPoint="0" LAnchorOffset="6" TAnchorPoint="1" TAnchorOffset="-38" RAnchorPoint="0" RAnchorOffset="41" BAnchorPoint="1" BAnchorOffset="-3" RelativeToClient="1" Font="Default" Text="" Template="Default" TooltipType="OnCursor" Name="FlagIcon1" BGColor="ffffffff" TextColor="ffffffff" TooltipColor="" Sprite="ClientSprites:Icon_Mission_Explorer_ClaimTerritory_TEMP_Red" Picture="1" IgnoreMouse="1" NewControlDepth="1"/>
                <Control Class="Window" LAnchorPoint="0" LAnchorOffset="31" TAnchorPoint="1" TAnchorOffset="-38" RAnchorPoint="0" RAnchorOffset="66" BAnchorPoint="1" BAnchorOffset="-3" RelativeToClient="1" Font="Default" Text="" Template="Default" TooltipType="OnCursor" Name="FlagIcon2" BGColor="ffffffff" TextColor="ffffffff" TooltipColor="" Sprite="ClientSprites:Icon_Mission_Explorer_ClaimTerritory_TEMP_Red" Picture="1" IgnoreMouse="1"/>
                <Control Class="Window" LAnchorPoint="0" LAnchorOffset="56" TAnchorPoint="1" TAnchorOffset="-38" RAnchorPoint="0" RAnchorOffset="91" BAnchorPoint="1" BAnchorOffset="-3" RelativeToClient="1" Font="Default" Text="" Template="Default" TooltipType="OnCursor" Name="FlagIcon3" BGColor="ffffffff" TextColor="ffffffff" TooltipColor="" Sprite="ClientSprites:Icon_Mission_Explorer_ClaimTerritory_TEMP_Red" Picture="1" IgnoreMouse="1"/>
                <Control Class="Window" LAnchorPoint="0" LAnchorOffset="81" TAnchorPoint="1" TAnchorOffset="-38" RAnchorPoint="0" RAnchorOffset="116" BAnchorPoint="1" BAnchorOffset="-3" RelativeToClient="1" Font="Default" Text="" Template="Default" TooltipType="OnCursor" Name="FlagIcon4" BGColor="ffffffff" TextColor="ffffffff" TooltipColor="" Sprite="ClientSprites:Icon_Mission_Explorer_ClaimTerritory_TEMP_Red" Picture="1" IgnoreMouse="1"/>
                <Control Class="Window" LAnchorPoint="0" LAnchorOffset="106" TAnchorPoint="1" TAnchorOffset="-38" RAnchorPoint="1" RAnchorOffset="-8" BAnchorPoint="1" BAnchorOffset="-3" RelativeToClient="1" Font="Default" Text="" Template="Default" TooltipType="OnCursor" Name="FlagIcon5" BGColor="ff444444" TextColor="ffffffff" TooltipColor="" Sprite="ClientSprites:Icon_Mission_Explorer_ClaimTerritory_TEMP_Red" Picture="1" IgnoreMouse="1"/>
                <Pixie LAnchorPoint="0" LAnchorOffset="0" TAnchorPoint="0" TAnchorOffset="0" RAnchorPoint="1" RAnchorOffset="50" BAnchorPoint="1" BAnchorOffset="44" BGColor="ffffffff" Font="Default" TextColor="ffffffff" Text="" Sprite="BK3:UI_BK3_Holo_InsetFramed_Darker" Line="0"/>
            </Control>
            <Control Class="Window" LAnchorPoint="0" LAnchorOffset="1" TAnchorPoint="0" TAnchorOffset="1" RAnchorPoint="1" RAnchorOffset="-1" BAnchorPoint="0" BAnchorOffset="96" RelativeToClient="1" Font="Default" Text="" Template="Default" TooltipType="OnCursor" Name="CTFAlertContainer" BGColor="ffffffff" TextColor="ffffffff" TooltipColor="" Visible="1" HideInEditor="0" Sprite="BK3:UI_BK3_Holo_InsetSimple" Border="0" IgnoreMouse="1" Picture="1">
                <Control Class="Window" LAnchorPoint="0" LAnchorOffset="0" TAnchorPoint="0" TAnchorOffset="0" RAnchorPoint="1" RAnchorOffset="0" BAnchorPoint="0" BAnchorOffset="30" RelativeToClient="1" Font="CRB_HeaderTiny" Text="" Template="Default" TooltipType="OnCursor" Name="CTFExilesHaveFlag" BGColor="ffffffff" TextColor="UI_TextHoloBodyHighlight" TooltipColor="" Sprite="" Picture="1" IgnoreMouse="1" DT_CENTER="1" DT_VCENTER="1" TextId="MatchTracker_ExilesMovingMask" HideInEditor="0" Visible="0">
                    <Pixie LAnchorPoint="0" LAnchorOffset="0" TAnchorPoint="0" TAnchorOffset="0" RAnchorPoint="0" RAnchorOffset="30" BAnchorPoint="0" BAnchorOffset="30" BGColor="ff31fcf6" Font="Default" TextColor="ffffffff" Text="" Sprite="CRB_Basekit:kitIcon_White_Forward" Line="0"/>
                    <Pixie LAnchorPoint="1" LAnchorOffset="-30" TAnchorPoint="0" TAnchorOffset="0" RAnchorPoint="1" RAnchorOffset="0" BAnchorPoint="0" BAnchorOffset="30" BGColor="ff31fcf6" Font="Default" TextColor="ffffffff" Text="" Sprite="CRB_Basekit:kitIcon_White_Back" Line="0"/>
                </Control>
                <Control Class="Window" LAnchorPoint="0" LAnchorOffset="0" TAnchorPoint="0" TAnchorOffset="30" RAnchorPoint="1" RAnchorOffset="0" BAnchorPoint="0" BAnchorOffset="60" RelativeToClient="1" Font="CRB_HeaderTiny" Text="" Template="Default" TooltipType="OnCursor" Name="CTFNeutralFlag" BGColor="ffffffff" TextColor="ff9aaea3" TooltipColor="" Sprite="" Picture="1" IgnoreMouse="1" DT_CENTER="1" DT_VCENTER="1" TextId="MatchTracker_UnearthedMask" HideInEditor="1" Visible="0">
                    <Pixie LAnchorPoint="0" LAnchorOffset="0" TAnchorPoint="0" TAnchorOffset="0" RAnchorPoint="0" RAnchorOffset="30" BAnchorPoint="0" BAnchorOffset="30" BGColor="ffffffff" Font="Default" TextColor="ffffffff" Text="" Sprite="CRB_Basekit:kitIcon_White_Forward" Line="0"/>
                    <Pixie LAnchorPoint="1" LAnchorOffset="-30" TAnchorPoint="0" TAnchorOffset="0" RAnchorPoint="1" RAnchorOffset="0" BAnchorPoint="0" BAnchorOffset="30" BGColor="ffffffff" Font="Default" TextColor="ffffffff" Text="" Sprite="CRB_Basekit:kitIcon_White_Back" Line="0"/>
                </Control>
                <Control Class="Window" LAnchorPoint="0" LAnchorOffset="0" TAnchorPoint="0" TAnchorOffset="30" RAnchorPoint="1" RAnchorOffset="0" BAnchorPoint="0" BAnchorOffset="60" RelativeToClient="1" Font="CRB_HeaderTiny" Text="" Template="Default" TooltipType="OnCursor" Name="CTFStolenFlag" BGColor="ffffffff" TextColor="ff9aaea3" TooltipColor="" Sprite="" Picture="1" IgnoreMouse="1" DT_CENTER="1" DT_VCENTER="1" TextId="MatchTracker_StolenMaskDropped" HideInEditor="0" Visible="0">
                    <Pixie LAnchorPoint="0" LAnchorOffset="0" TAnchorPoint="0" TAnchorOffset="0" RAnchorPoint="0" RAnchorOffset="30" BAnchorPoint="0" BAnchorOffset="30" BGColor="ffffffff" Font="Default" TextColor="ffffffff" Text="" Sprite="CRB_Basekit:kitIcon_White_Forward" Line="0"/>
                    <Pixie LAnchorPoint="1" LAnchorOffset="-30" TAnchorPoint="0" TAnchorOffset="0" RAnchorPoint="1" RAnchorOffset="0" BAnchorPoint="0" BAnchorOffset="30" BGColor="ffffffff" Font="Default" TextColor="ffffffff" Text="" Sprite="CRB_Basekit:kitIcon_White_Back" Line="0"/>
                </Control>
                <Control Class="Window" LAnchorPoint="0" LAnchorOffset="0" TAnchorPoint="0" TAnchorOffset="60" RAnchorPoint="1" RAnchorOffset="0" BAnchorPoint="0" BAnchorOffset="90" RelativeToClient="1" Font="CRB_HeaderTiny" Text="" Template="Default" TooltipType="OnCursor" Name="CTFDomHaveFlag" BGColor="ffffffff" TextColor="ffb80000" TooltipColor="" Sprite="" Picture="1" IgnoreMouse="1" DT_CENTER="1" DT_VCENTER="1" TextId="MatchTracker_DominionMovingMask" Visible="0" HideInEditor="0">
                    <Pixie LAnchorPoint="0" LAnchorOffset="0" TAnchorPoint="0" TAnchorOffset="0" RAnchorPoint="0" RAnchorOffset="30" BAnchorPoint="0" BAnchorOffset="30" BGColor="ffb80000" Font="Default" TextColor="ffffffff" Text="" Sprite="CRB_Basekit:kitIcon_White_Forward" Line="0"/>
                    <Pixie LAnchorPoint="1" LAnchorOffset="-30" TAnchorPoint="0" TAnchorOffset="0" RAnchorPoint="1" RAnchorOffset="0" BAnchorPoint="0" BAnchorOffset="30" BGColor="ffb80000" Font="Default" TextColor="ffffffff" Text="" Sprite="CRB_Basekit:kitIcon_White_Back" Line="0"/>
                </Control>
            </Control>
            <Pixie LAnchorPoint="0" LAnchorOffset="53" TAnchorPoint="0" TAnchorOffset="96" RAnchorPoint="0" RAnchorOffset="100" BAnchorPoint="0" BAnchorOffset="116" BGColor="ffffffff" Font="CRB_HeaderTiny" TextColor="UI_TextHoloBodyHighlight" Text="" TextId="CRB_Exiles" Line="0"/>
            <Pixie LAnchorPoint="0" LAnchorOffset="195" TAnchorPoint="0" TAnchorOffset="96" RAnchorPoint="0" RAnchorOffset="259" BAnchorPoint="0" BAnchorOffset="116" BGColor="ffffffff" Font="CRB_HeaderTiny" TextColor="UI_WindowTextRed" Text="" TextId="CRB_Dominion" Line="0"/>
        </Control>
        <Control Class="Window" LAnchorPoint="0" LAnchorOffset="0" TAnchorPoint="0" TAnchorOffset="0" RAnchorPoint="1" RAnchorOffset="0" BAnchorPoint="1" BAnchorOffset="0" RelativeToClient="1" Font="Default" Text="" Template="Holo_Background_Datachron" TooltipType="OnCursor" Name="HoldLineMatchInfo" BGColor="ffffffff" TextColor="ffffffff" TooltipColor="" Visible="0" HideInEditor="1" Tooltip="">
            <Control Class="Window" LAnchorPoint="0" LAnchorOffset="1" TAnchorPoint="0" TAnchorOffset="1" RAnchorPoint="1" RAnchorOffset="-1" BAnchorPoint="1" BAnchorOffset="-31" RelativeToClient="1" Font="Default" Text="" BGColor="UI_WindowBGDefault" TextColor="UI_WindowTextDefault" Template="Default" TooltipType="OnCursor" Name="Framing" TooltipColor="" Sprite="BK3:UI_BK3_Holo_InsetHeaderThin" Picture="1" IgnoreMouse="1"/>
            <Control Class="Window" LAnchorPoint="0" LAnchorOffset="0" TAnchorPoint="0" TAnchorOffset="4" RAnchorPoint="1" RAnchorOffset="0" BAnchorPoint="0" BAnchorOffset="34" RelativeToClient="1" Font="CRB_HeaderSmall" Text="" Template="Default" TooltipType="OnCursor" Name="HoldLineTitle" BGColor="ffffffff" TextColor="UI_TextHoloTitle" TooltipColor="" DT_CENTER="1" DT_VCENTER="1" TextId="MatchTracker_YouAreDefending"/>
            <Control Class="Window" LAnchorPoint="0" LAnchorOffset="18" TAnchorPoint="0.5" TAnchorOffset="-45" RAnchorPoint="0" RAnchorOffset="82" BAnchorPoint="0.5" BAnchorOffset="19" RelativeToClient="1" Font="CRB_HeaderLarge_O" Text="" Template="Default" TooltipType="OnCursor" Name="HoldLineIcon1" BGColor="ffffffff" TextColor="ff31fcf6" TooltipColor="" Picture="1" IgnoreMouse="1" Sprite="ClientSprites:Icon_ItemMisc_UI_Item_Crafting_Special_3" TextId="" DT_CENTER="1" DT_VCENTER="1" Visible="1" HideInEditor="0" Tooltip=""/>
            <Control Class="Window" LAnchorPoint="0.5" LAnchorOffset="-32" TAnchorPoint="0.5" TAnchorOffset="-45" RAnchorPoint="0.5" RAnchorOffset="32" BAnchorPoint="0.5" BAnchorOffset="19" RelativeToClient="1" Font="CRB_HeaderLarge_O" Text="" Template="Default" TooltipType="OnCursor" Name="HoldLineIcon2" BGColor="ffffffff" TextColor="ff31fcf6" TooltipColor="" Picture="1" IgnoreMouse="1" Sprite="ClientSprites:Icon_ItemMisc_UI_Item_Crafting_Special_1" TextId="" DT_CENTER="1" DT_VCENTER="1" Visible="1" HideInEditor="0"/>
            <Control Class="Window" LAnchorPoint="1" LAnchorOffset="-82" TAnchorPoint="0.5" TAnchorOffset="-45" RAnchorPoint="1" RAnchorOffset="-18" BAnchorPoint="0.5" BAnchorOffset="19" RelativeToClient="1" Font="CRB_HeaderLarge_O" Text="" Template="Default" TooltipType="OnCursor" Name="HoldLineIcon3" BGColor="ffffffff" TextColor="ff31fcf6" TooltipColor="" Picture="1" IgnoreMouse="1" Sprite="ClientSprites:Icon_ItemMisc_UI_Item_Crafting_Special_2" TextId="" DT_CENTER="1" DT_VCENTER="1" Visible="1" HideInEditor="0"/>
            <Control Class="Window" LAnchorPoint="0" LAnchorOffset="4" TAnchorPoint="0" TAnchorOffset="107" RAnchorPoint="0" RAnchorOffset="92" BAnchorPoint="0" BAnchorOffset="157" RelativeToClient="1" Font="CRB_InterfaceSmall_O" Text="" Template="Default" TooltipType="OnCursor" Name="HoldLineText1" BGColor="ffffffff" TextColor="UI_BtnTextRedNormal" TooltipColor="" TextId="MatchTracker_Catpured" DT_WORDBREAK="1" DT_CENTER="1"/>
            <Control Class="Window" LAnchorPoint="0.5" LAnchorOffset="-46" TAnchorPoint="0" TAnchorOffset="107" RAnchorPoint="0.5" RAnchorOffset="42" BAnchorPoint="0" BAnchorOffset="157" RelativeToClient="1" Font="CRB_InterfaceSmall_O" Text="" Template="Default" TooltipType="OnCursor" Name="HoldLineText2" BGColor="ffffffff" TextColor="ffFFF97F" TooltipColor="" TextId="MatchTracker_ChamberOfGreatDark" DT_WORDBREAK="1" DT_CENTER="1"/>
            <Control Class="Window" LAnchorPoint="1" LAnchorOffset="-96" TAnchorPoint="0" TAnchorOffset="107" RAnchorPoint="1" RAnchorOffset="-8" BAnchorPoint="0" BAnchorOffset="157" RelativeToClient="1" Font="CRB_InterfaceSmall_O" Text="" Template="Default" TooltipType="OnCursor" Name="HoldLineText3" BGColor="ffffffff" TextColor="UI_TextHoloTitle" TooltipColor="" TextId="MatchTracker_CourtOfJudges" DT_WORDBREAK="1" DT_CENTER="1"/>
            <Control Class="Window" LAnchorPoint="0" LAnchorOffset="0" TAnchorPoint="0" TAnchorOffset="0" RAnchorPoint="1" RAnchorOffset="0" BAnchorPoint="1" BAnchorOffset="0" RelativeToClient="1" Font="Default" Text="" Template="Default" TooltipType="OnCursor" Name="HoldLineMouseCatcher" BGColor="ffffffff" TextColor="ffffffff" TooltipColor="">
                <Event Name="MouseButtonUp" Function="OnHoldLineMouseCatcherClick"/>
            </Control>
            <Pixie LAnchorPoint="0" LAnchorOffset="85" TAnchorPoint="0.5" TAnchorOffset="-23" RAnchorPoint="0" RAnchorOffset="110" BAnchorPoint="0.5" BAnchorOffset="2" BGColor="ffffffff" Font="Default" TextColor="ffffffff" Text="" Sprite="CRB_Basekit:kitIcon_Holo_Forward" Line="0"/>
            <Pixie LAnchorPoint="1" LAnchorOffset="-110" TAnchorPoint="0.5" TAnchorOffset="-23" RAnchorPoint="1" RAnchorOffset="-85" BAnchorPoint="0.5" BAnchorOffset="2" BGColor="ffffffff" Font="Default" TextColor="ffffffff" Text="" Sprite="CRB_Basekit:kitIcon_Holo_Forward" Line="0"/>
        </Control>
        <Control Class="Window" LAnchorPoint="0" LAnchorOffset="0" TAnchorPoint="0" TAnchorOffset="0" RAnchorPoint="1" RAnchorOffset="0" BAnchorPoint="1" BAnchorOffset="0" RelativeToClient="1" Font="Default" Text="" Template="Holo_Background_Datachron" TooltipType="OnCursor" Name="WarplotMatchInfo" BGColor="ffffffff" TextColor="ffffffff" TooltipColor="" Visible="0" Tooltip="" HideInEditor="1">
            <Control Class="Window" LAnchorPoint="0" LAnchorOffset="4" TAnchorPoint="0" TAnchorOffset="4" RAnchorPoint="1" RAnchorOffset="-4" BAnchorPoint="0" BAnchorOffset="79" RelativeToClient="1" Font="Default" Text="" Template="Default" TooltipType="OnCursor" Name="WarplotTeam1" BGColor="ffffffff" TextColor="ffffffff" TooltipColor="" Picture="1" IgnoreMouse="1" Sprite="BK3:UI_BK3_Holo_InsetSimple">
                <Control Class="Window" LAnchorPoint="0" LAnchorOffset="8" TAnchorPoint="0" TAnchorOffset="2" RAnchorPoint="0.5" RAnchorOffset="0" BAnchorPoint="0" BAnchorOffset="22" RelativeToClient="1" Font="CRB_InterfaceMedium_B" Text="" Template="Default" TooltipType="OnCursor" Name="WarplotTeamName" BGColor="ffffffff" TextColor="ff31fcf6" TooltipColor="" DT_CENTER="0" TextId="MatchTracker_MyTeam" DT_VCENTER="1"/>
                <Control Class="Window" LAnchorPoint="0.5" LAnchorOffset="0" TAnchorPoint="0" TAnchorOffset="2" RAnchorPoint="1" RAnchorOffset="-28" BAnchorPoint="0" BAnchorOffset="22" RelativeToClient="1" Font="CRB_InterfaceMedium_B" Text="" Template="Default" TooltipType="OnCursor" Name="WarplotTeamResText" BGColor="ffffffff" TextColor="white" TooltipColor="white" DT_CENTER="0" TextId="CRB__2" DT_RIGHT="1" DT_VCENTER="1" TooltipFont="CRB_InterfaceMedium" Tooltip="" TooltipId="MatchTracker_TeamResources"/>
                <Control Class="Window" LAnchorPoint="1" LAnchorOffset="-24" TAnchorPoint="0" TAnchorOffset="3" RAnchorPoint="1" RAnchorOffset="-6" BAnchorPoint="0" BAnchorOffset="21" RelativeToClient="1" Font="Default" Text="" Template="" TooltipType="OnCursor" Name="WarplotTeamResIcon" BGColor="6fffffff" TextColor="ffffffff" TooltipColor="" DT_CENTER="0" TextId="" DT_RIGHT="1" Picture="1" IgnoreMouse="1" Sprite="CRB_CurrencySprites:sprExploreTier2"/>
                <Control Class="Window" LAnchorPoint="0" LAnchorOffset="0" TAnchorPoint="0" TAnchorOffset="18" RAnchorPoint="1" RAnchorOffset="0" BAnchorPoint="0" BAnchorOffset="52" RelativeToClient="1" Font="Default" Text="" Template="Default" TooltipType="OnCursor" Name="WarplotNorthProgBG" BGColor="ffffffff" TextColor="ffffffff" TooltipColor="" Sprite="CRB_Basekit:kitIProgBar_HoloFrame_Base" Picture="1" IgnoreMouse="1">
                    <Control Class="ProgressBar" Text="" LAnchorPoint="0" LAnchorOffset="10" TAnchorPoint="0.5" TAnchorOffset="-16" RAnchorPoint="1" RAnchorOffset="-10" BAnchorPoint="0.5" BAnchorOffset="16" AutoSetText="0" UseValues="0" RelativeToClient="1" SetTextToProgress="0" DT_CENTER="0" DT_VCENTER="0" ProgressEmpty="" ProgressFull="CRB_Basekit:kitIProgBar_HoloFrame_FillBlue" TooltipType="OnCursor" Name="WarplotNorthProgBar" BGColor="ffffffff" TextColor="ffffffff" TooltipColor="" BarColor="" Picture="1" Sprite="">
                        <Control Class="Window" LAnchorPoint="0" LAnchorOffset="0" TAnchorPoint="0" TAnchorOffset="0" RAnchorPoint="1" RAnchorOffset="0" BAnchorPoint="1" BAnchorOffset="0" RelativeToClient="1" Font="CRB_InterfaceSmall_O" Text="North HP: 100%" Template="Default" TooltipType="OnCursor" Name="WarplotNorthLabel" BGColor="66000000" TextColor="ffffffff" TooltipColor="" DT_VCENTER="1" TextId="" Sprite="CRB_Basekit:kitIProgBar_HoloFrame_FillBlue" Picture="1" IgnoreMouse="1" DT_CENTER="1" NewControlDepth="1" Tooltip=""/>
                    </Control>
                </Control>
                <Control Class="Window" LAnchorPoint="0" LAnchorOffset="0" TAnchorPoint="0" TAnchorOffset="41" RAnchorPoint="1" RAnchorOffset="0" BAnchorPoint="0" BAnchorOffset="75" RelativeToClient="1" Font="Default" Text="" Template="Default" TooltipType="OnCursor" Name="WarplotSouthProgBG" BGColor="ffffffff" TextColor="ffffffff" TooltipColor="" Sprite="CRB_Basekit:kitIProgBar_HoloFrame_Base" Picture="1" IgnoreMouse="1">
                    <Control Class="ProgressBar" Text="" LAnchorPoint="0" LAnchorOffset="10" TAnchorPoint="0.5" TAnchorOffset="-16" RAnchorPoint="1" RAnchorOffset="-10" BAnchorPoint="0.5" BAnchorOffset="16" AutoSetText="0" UseValues="0" RelativeToClient="1" SetTextToProgress="0" DT_CENTER="0" DT_VCENTER="0" ProgressEmpty="" ProgressFull="CRB_Basekit:kitIProgBar_HoloFrame_FillBlue" TooltipType="OnCursor" Name="WarplotSouthProgBar" BGColor="ffffffff" TextColor="ffffffff" TooltipColor="" BarColor="" Picture="1" Sprite="">
                        <Control Class="Window" LAnchorPoint="0" LAnchorOffset="0" TAnchorPoint="0" TAnchorOffset="0" RAnchorPoint="1" RAnchorOffset="0" BAnchorPoint="1" BAnchorOffset="0" RelativeToClient="1" Font="CRB_InterfaceSmall_O" Text="South HP: 100%" Template="Default" TooltipType="OnCursor" Name="WarplotSouthLabel" BGColor="66000000" TextColor="ffffffff" TooltipColor="" DT_VCENTER="1" TextId="" Sprite="CRB_Basekit:kitIProgBar_HoloFrame_FillBlue" Picture="1" IgnoreMouse="1" DT_CENTER="1" NewControlDepth="1"/>
                    </Control>
                </Control>
                <Control Class="Window" LAnchorPoint="1" LAnchorOffset="-24" TAnchorPoint="0" TAnchorOffset="3" RAnchorPoint="1" RAnchorOffset="-5" BAnchorPoint="0" BAnchorOffset="22" RelativeToClient="1" Font="Default" Text="" Template="Default" TooltipType="OnCursor" Name="WarplotTeamResChangeIconUp" BGColor="ffffffff" TextColor="ffffffff" TooltipColor="" Picture="1" IgnoreMouse="1" Sprite="CRB_Basekit:kitIcon_Holo_UpArrow" NewControlDepth="10" TransitionShowHide="1" Visible="0"/>
                <Control Class="Window" LAnchorPoint="1" LAnchorOffset="-24" TAnchorPoint="0" TAnchorOffset="3" RAnchorPoint="1" RAnchorOffset="-5" BAnchorPoint="0" BAnchorOffset="22" RelativeToClient="1" Font="Default" Text="" Template="Default" TooltipType="OnCursor" Name="WarplotTeamResChangeIconDown" BGColor="ffffffff" TextColor="ffffffff" TooltipColor="" Picture="1" IgnoreMouse="1" Sprite="CRB_Basekit:kitIcon_Holo_DownArrow" NewControlDepth="10" TransitionShowHide="1" Visible="0"/>
            </Control>
            <Control Class="Window" LAnchorPoint="0" LAnchorOffset="4" TAnchorPoint="1" TAnchorOffset="-106" RAnchorPoint="1" RAnchorOffset="-4" BAnchorPoint="1" BAnchorOffset="-31" RelativeToClient="1" Font="Default" Text="" Template="Default" TooltipType="OnCursor" Name="WarplotTeam2" BGColor="ffffffff" TextColor="ffffffff" TooltipColor="" Picture="1" IgnoreMouse="1" Sprite="BK3:UI_BK3_Holo_InsetSimple">
                <Control Class="Window" LAnchorPoint="0" LAnchorOffset="8" TAnchorPoint="0" TAnchorOffset="2" RAnchorPoint="0.5" RAnchorOffset="0" BAnchorPoint="0" BAnchorOffset="22" RelativeToClient="1" Font="CRB_HeaderTiny" Text="" Template="Default" TooltipType="OnCursor" Name="WarplotTeamName" BGColor="ffffffff" TextColor="UI_BtnTextRedNormal" TooltipColor="" DT_CENTER="0" TextId="MatchTracker_EnemyTeam" DT_VCENTER="1"/>
                <Control Class="Window" LAnchorPoint="0.5" LAnchorOffset="0" TAnchorPoint="0" TAnchorOffset="2" RAnchorPoint="1" RAnchorOffset="-28" BAnchorPoint="0" BAnchorOffset="22" RelativeToClient="1" Font="CRB_InterfaceMedium_B" Text="" Template="Default" TooltipType="OnCursor" Name="WarplotTeamResText" BGColor="ffffffff" TextColor="ffffffff" TooltipColor="white" DT_CENTER="0" TextId="CRB__2" DT_RIGHT="1" DT_VCENTER="1" Tooltip="" TooltipId="MatchTracker_TeamResources" TooltipFont="CRB_InterfaceMedium"/>
                <Control Class="Window" LAnchorPoint="1" LAnchorOffset="-24" TAnchorPoint="0" TAnchorOffset="3" RAnchorPoint="1" RAnchorOffset="-6" BAnchorPoint="0" BAnchorOffset="21" RelativeToClient="1" Font="Default" Text="" Template="" TooltipType="OnCursor" Name="WarplotTeamResIcon" BGColor="6fffffff" TextColor="ffffffff" TooltipColor="" DT_CENTER="0" TextId="" DT_RIGHT="1" Picture="1" IgnoreMouse="1" Sprite="CRB_CurrencySprites:sprExploreTier2"/>
                <Control Class="Window" LAnchorPoint="0" LAnchorOffset="0" TAnchorPoint="0" TAnchorOffset="19" RAnchorPoint="1" RAnchorOffset="0" BAnchorPoint="0" BAnchorOffset="53" RelativeToClient="1" Font="Default" Text="" Template="Default" TooltipType="OnCursor" Name="WarplotNorthProgBG" BGColor="ffffffff" TextColor="ffffffff" TooltipColor="" Sprite="CRB_Basekit:kitIProgBar_HoloFrame_Base" Picture="1" IgnoreMouse="1">
                    <Control Class="ProgressBar" Text="" LAnchorPoint="0" LAnchorOffset="10" TAnchorPoint="0.5" TAnchorOffset="-16" RAnchorPoint="1" RAnchorOffset="-10" BAnchorPoint="0.5" BAnchorOffset="16" AutoSetText="0" UseValues="0" RelativeToClient="1" SetTextToProgress="0" DT_CENTER="0" DT_VCENTER="0" ProgressEmpty="" ProgressFull="CRB_Basekit:kitIProgBar_HoloFrame_FillBlue" TooltipType="OnCursor" Name="WarplotNorthProgBar" BGColor="ffffffff" TextColor="ffffffff" TooltipColor="" BarColor="" Picture="1" Sprite="">
                        <Control Class="Window" LAnchorPoint="0" LAnchorOffset="0" TAnchorPoint="0" TAnchorOffset="0" RAnchorPoint="1" RAnchorOffset="0" BAnchorPoint="1" BAnchorOffset="0" RelativeToClient="1" Font="CRB_InterfaceSmall_O" Text="North HP: 100%" Template="Default" TooltipType="OnCursor" Name="WarplotNorthLabel" BGColor="66000000" TextColor="ffffffff" TooltipColor="" DT_VCENTER="1" TextId="" Sprite="CRB_Basekit:kitIProgBar_HoloFrame_FillBlue" Picture="1" IgnoreMouse="1" DT_CENTER="1" NewControlDepth="1"/>
                    </Control>
                </Control>
                <Control Class="Window" LAnchorPoint="0" LAnchorOffset="0" TAnchorPoint="0" TAnchorOffset="42" RAnchorPoint="1" RAnchorOffset="0" BAnchorPoint="0" BAnchorOffset="76" RelativeToClient="1" Font="Default" Text="" Template="Default" TooltipType="OnCursor" Name="WarplotSouthProgBG" BGColor="ffffffff" TextColor="ffffffff" TooltipColor="" Sprite="CRB_Basekit:kitIProgBar_HoloFrame_Base" Picture="1" IgnoreMouse="1">
                    <Control Class="ProgressBar" Text="" LAnchorPoint="0" LAnchorOffset="10" TAnchorPoint="0.5" TAnchorOffset="-16" RAnchorPoint="1" RAnchorOffset="-10" BAnchorPoint="0.5" BAnchorOffset="16" AutoSetText="0" UseValues="0" RelativeToClient="1" SetTextToProgress="0" DT_CENTER="0" DT_VCENTER="0" ProgressEmpty="" ProgressFull="CRB_Basekit:kitIProgBar_HoloFrame_FillBlue" TooltipType="OnCursor" Name="WarplotSouthProgBar" BGColor="ffffffff" TextColor="ffffffff" TooltipColor="" BarColor="" Picture="1" Sprite="">
                        <Control Class="Window" LAnchorPoint="0" LAnchorOffset="0" TAnchorPoint="0" TAnchorOffset="0" RAnchorPoint="1" RAnchorOffset="0" BAnchorPoint="1" BAnchorOffset="0" RelativeToClient="1" Font="CRB_InterfaceSmall_O" Text="South HP: 100%" Template="Default" TooltipType="OnCursor" Name="WarplotSouthLabel" BGColor="66000000" TextColor="ffffffff" TooltipColor="" DT_VCENTER="1" TextId="" Sprite="CRB_Basekit:kitIProgBar_HoloFrame_FillBlue" Picture="1" IgnoreMouse="1" DT_CENTER="1" NewControlDepth="1"/>
                    </Control>
                </Control>
                <Control Class="Window" LAnchorPoint="1" LAnchorOffset="-24" TAnchorPoint="0" TAnchorOffset="3" RAnchorPoint="1" RAnchorOffset="-5" BAnchorPoint="0" BAnchorOffset="22" RelativeToClient="1" Font="Default" Text="" Template="Default" TooltipType="OnCursor" Name="WarplotTeamResChangeIconUp" BGColor="ffffffff" TextColor="ffffffff" TooltipColor="" Picture="1" IgnoreMouse="1" Sprite="CRB_Basekit:kitIcon_Holo_UpArrow" NewControlDepth="10" TransitionShowHide="1" Visible="0"/>
                <Control Class="Window" LAnchorPoint="1" LAnchorOffset="-24" TAnchorPoint="0" TAnchorOffset="3" RAnchorPoint="1" RAnchorOffset="-5" BAnchorPoint="0" BAnchorOffset="22" RelativeToClient="1" Font="Default" Text="" Template="Default" TooltipType="OnCursor" Name="WarplotTeamResChangeIconDown" BGColor="ffffffff" TextColor="ffffffff" TooltipColor="" Picture="1" IgnoreMouse="1" Sprite="CRB_Basekit:kitIcon_Holo_DownArrow" NewControlDepth="10" TransitionShowHide="1" Visible="0"/>
            </Control>
        </Control>
        <Control Class="Window" LAnchorPoint="0" LAnchorOffset="0" TAnchorPoint="0" TAnchorOffset="0" RAnchorPoint="1" RAnchorOffset="0" BAnchorPoint="1" BAnchorOffset="0" RelativeToClient="1" Font="Default" Text="" Template="Holo_Background_Datachron" TooltipType="OnCursor" Name="MessageBlockerFrame" BGColor="9f000000" TextColor="ffffffff" TooltipColor="" NewControlDepth="20" HideInEditor="1" IgnoreMouse="0" TransitionShowHide="0" Visible="0" Sprite="" Picture="1">
            <Control Class="Window" LAnchorPoint="0" LAnchorOffset="0" TAnchorPoint="0" TAnchorOffset="4" RAnchorPoint="1" RAnchorOffset="0" BAnchorPoint="0" BAnchorOffset="34" RelativeToClient="1" Font="CRB_HeaderSmall" Text="" Template="Default" TooltipType="OnCursor" Name="MessageHeader" BGColor="ffffffff" TextColor="UI_TextHoloTitle" TooltipColor="" DT_VCENTER="1" DT_CENTER="1" TextId="MatchTracker_MatchBegins" NewControlDepth="12" Tooltip=""/>
            <Control Class="Button" Base="BK3:btnHolo_Red_Med" Font="CRB_InterfaceMedium_B" ButtonType="PushButton" RadioGroup="" LAnchorPoint="0.5" LAnchorOffset="-100" TAnchorPoint="0.5" TAnchorOffset="-20" RAnchorPoint="0.5" RAnchorOffset="100" BAnchorPoint="0.5" BAnchorOffset="53" DT_VCENTER="1" DT_CENTER="1" TooltipType="OnCursor" Name="MatchLeaveBtn" BGColor="ffffffff" TextColor="ffffffff" TooltipColor="" NormalTextColor="UI_BtnTextRedNormal" PressedTextColor="UI_BtnTextRedPressed" FlybyTextColor="UI_BtnTextRedFlyby" PressedFlybyTextColor="UI_BtnTextRedPressedFlyby" DisabledTextColor="ffffffff" Text="" TextId="MatchMaker_LeaveMatch" Visible="0" HideInEditor="0" Template="Default" Tooltip="">
                <Event Name="ButtonSignal" Function="OnMatchLeaveBtn"/>
            </Control>
            <Pixie LAnchorPoint="0" LAnchorOffset="1" TAnchorPoint="0" TAnchorOffset="1" RAnchorPoint="1" RAnchorOffset="-1" BAnchorPoint="1" BAnchorOffset="-1" Sprite="BK3:UI_BK3_Holo_InsetHeaderThin" BGColor="white" TextColor="black" Rotation="0" Font="Default"/>
        </Control>
        <Control Class="Window" LAnchorPoint="0" LAnchorOffset="0" TAnchorPoint="1" TAnchorOffset="-28" RAnchorPoint="1" RAnchorOffset="0" BAnchorPoint="1" BAnchorOffset="33" RelativeToClient="1" Font="Default" Text="" Template="Default" TooltipType="OnCursor" Name="BGArt_Footer" BGColor="ffffffff" TextColor="ffffffff" TooltipColor="" NewControlDepth="10" HideInEditor="0">
            <Control Class="Button" Base="CRB_GroupSprites:btnGrp_GroupOptions" Font="Thick" ButtonType="PushButton" RadioGroup="" LAnchorPoint="0" LAnchorOffset="9" TAnchorPoint="0" TAnchorOffset="4" RAnchorPoint="0" RAnchorOffset="30" BAnchorPoint="0" BAnchorOffset="25" DT_VCENTER="1" DT_CENTER="1" TooltipType="OnCursor" Name="ViewEventStatsBtn" BGColor="ffffffff" TextColor="ffffffff" TooltipColor="" NormalTextColor="ffffffff" PressedTextColor="ffffffff" FlybyTextColor="ffffffff" PressedFlybyTextColor="ffffffff" DisabledTextColor="ffffffff" NewControlDepth="4" RelativeToClient="1" IgnoreTooltipDelay="1" TooltipFont="CRB_InterfaceSmall_O" Tooltip="" TooltipId="MatchTracker_TeamResources">
                <Event Name="ButtonSignal" Function="OnViewEventStatsBtn"/>
            </Control>
            <Control Class="Window" LAnchorPoint="0.5" LAnchorOffset="-50" TAnchorPoint="1" TAnchorOffset="-60" RAnchorPoint="0.5" RAnchorOffset="50" BAnchorPoint="1" BAnchorOffset="-35" RelativeToClient="1" Font="CRB_HeaderLarge" Text="" Template="Default" TooltipType="OnCursor" Name="TimerLabel" BGColor="ffd5ffff" TextColor="UI_TextHoloBodyHighlight" TooltipColor="" TextId="CRB_000000" DT_CENTER="1" DT_VCENTER="1" DT_BOTTOM="0" NewControlDepth="12" Sprite="BK3:UI_BK3_Holo_InsetSimple" Picture="1" IgnoreMouse="1"/>
            <Pixie LAnchorPoint="0" LAnchorOffset="3" TAnchorPoint="0" TAnchorOffset="0" RAnchorPoint="1" RAnchorOffset="-3" BAnchorPoint="1" BAnchorOffset="0" BGColor="ffdadada" Font="Default" TextColor="ffffffff" Text="" Sprite="BK3:UI_BK3_Holo_InsetHeader" Line="0"/>
        </Control>
        <Pixie LAnchorPoint="0" LAnchorOffset="0" TAnchorPoint="0" TAnchorOffset="0" RAnchorPoint="1" RAnchorOffset="0" BAnchorPoint="1" BAnchorOffset="0" BGColor="ffffffff" Font="Default" TextColor="ffffffff" Text="" Sprite="CRB_DatachronSprites:sprDC_LargeBG" Line="0"/>
    </Form>
    <Form Class="Window" LAnchorPoint="1" LAnchorOffset="-209" TAnchorPoint="0" TAnchorOffset="210" RAnchorPoint="1" RAnchorOffset="-10" BAnchorPoint="0" BAnchorOffset="453" RelativeToClient="1" Font="Default" Text="" Template="Default" TooltipType="OnCursor" Name="HoldTheLinePvPForm" Border="0" Picture="0" SwallowMouseClicks="1" Moveable="1" Escapable="0" Overlapped="1" BGColor="ffffffff" TextColor="ffffffff" TooltipColor="" IgnoreMouse="0" Sizable="0" Sprite="" Tooltip="" HideInEditor="0" DT_CENTER="0">
        <Control Class="ProgressBar" Text="" LAnchorPoint="0" LAnchorOffset="0" TAnchorPoint="0" TAnchorOffset="0" RAnchorPoint="0" RAnchorOffset="199" BAnchorPoint="0" BAnchorOffset="152" AutoSetText="0" UseValues="0" RelativeToClient="1" SetTextToProgress="0" DT_CENTER="1" DT_VCENTER="1" ProgressEmpty="" ProgressFull="CRB_Path_HoldTheLine:spr_HoldTheLine_BlueFill" TooltipType="OnCursor" Name="MainProgBar" BGColor="ffffffff" TextColor="ffffffff" TooltipColor="" BarColor="" Picture="1" Sprite="" Tooltip="" ProgressEdgeGlow="" EdgeGlow="0" NoClipEdgeGlow="0" IgnoreMouse="1" TooltipFont="CRB_InterfaceSmall_O" TooltipId="MatchTracker_ProgBarTooltip" RadialBar="1" Clockwise="1" TextX="0" TextWidth="0" TextY="0" TextHeight="0" RadialMin="232.000000" RadialMax="308.000000" HideInEditor="0"/>
        <Control Class="Window" LAnchorPoint="0" LAnchorOffset="0" TAnchorPoint="0" TAnchorOffset="0" RAnchorPoint="0" RAnchorOffset="199" BAnchorPoint="0" BAnchorOffset="152" RelativeToClient="1" Font="Default" Text="" Template="Default" TooltipType="OnCursor" Name="ProgressFrame" BGColor="ffffffff" TextColor="ffffffff" TooltipColor="" Picture="1" IgnoreMouse="1" Sprite="CRB_Path_HoldTheLine:spr_HoldTheLine_BlueFrame" HideInEditor="0" NewWindowDepth="0"/>
        <Control Class="Window" LAnchorPoint="0" LAnchorOffset="10" TAnchorPoint="0" TAnchorOffset="106" RAnchorPoint="0" RAnchorOffset="189" BAnchorPoint="0" BAnchorOffset="206" RelativeToClient="1" Font="Default" Text="" Template="Default" TooltipType="OnCursor" Name="IconFrame" BGColor="ffffffff" TextColor="ffffffff" TooltipColor="" Picture="1" IgnoreMouse="1" Sprite="CRB_Path_HoldTheLine:spr_HoldTheLine_IconFrame" HideInEditor="0"/>
        <Control Class="Window" LAnchorPoint="0" LAnchorOffset="14" TAnchorPoint="0" TAnchorOffset="135" RAnchorPoint="0" RAnchorOffset="88" BAnchorPoint="0" BAnchorOffset="212" RelativeToClient="1" Font="Default" Text="" Template="Default" TooltipType="OnCursor" Name="Charge1" BGColor="ffffffff" TextColor="ffffffff" TooltipColor="" Picture="1" IgnoreMouse="1" Sprite="CRB_Path_HoldTheLine:spr_HoldTheLine_BlueCharge1" HideInEditor="1" Visible="1"/>
        <Control Class="Window" LAnchorPoint="0" LAnchorOffset="49" TAnchorPoint="0" TAnchorOffset="100" RAnchorPoint="0" RAnchorOffset="149" BAnchorPoint="0" BAnchorOffset="163" RelativeToClient="1" Font="Default" Text="" Template="Default" TooltipType="OnCursor" Name="Charge2" BGColor="ffffffff" TextColor="ffffffff" TooltipColor="" Picture="1" IgnoreMouse="1" Sprite="CRB_Path_HoldTheLine:spr_HoldTheLine_BlueCharge2" HideInEditor="1"/>
        <Control Class="Window" LAnchorPoint="0" LAnchorOffset="16" TAnchorPoint="0" TAnchorOffset="149" RAnchorPoint="0" RAnchorOffset="85" BAnchorPoint="0" BAnchorOffset="213" RelativeToClient="1" Font="Default" Text="" Template="Default" TooltipType="OnCursor" Name="animCharge1" BGColor="ffffffff" TextColor="ffffffff" TooltipColor="" Picture="1" IgnoreMouse="1" Sprite="CRB_Anim_PVP_HoldTheLine:spr_HoldTheLine_animBlueSpark1" HideInEditor="0" NewWindowDepth="1"/>
        <Control Class="Window" LAnchorPoint="0" LAnchorOffset="57" TAnchorPoint="0" TAnchorOffset="105" RAnchorPoint="0" RAnchorOffset="135" BAnchorPoint="0" BAnchorOffset="151" RelativeToClient="1" Font="Default" Text="" Template="Default" TooltipType="OnCursor" Name="animCharge2" BGColor="ffffffff" TextColor="ffffffff" TooltipColor="" Picture="1" IgnoreMouse="1" Sprite="CRB_Anim_PVP_HoldTheLine:spr_HoldTheLine_animBlueSpark2" HideInEditor="0" NewWindowDepth="1"/>
        <Control Class="Window" LAnchorPoint="0" LAnchorOffset="46" TAnchorPoint="0" TAnchorOffset="136" RAnchorPoint="0" RAnchorOffset="94" BAnchorPoint="0" BAnchorOffset="191" RelativeToClient="1" Font="Default" Text="" Template="Default" TooltipType="OnCursor" Name="SecondaryArrow1" BGColor="ffffffff" TextColor="ffffffff" TooltipColor="" Picture="1" IgnoreMouse="1" Sprite="CRB_Path_HoldTheLine:spr_HoldTheLine_IconBlueDefense" TooltipFont="CRB_InterfaceSmall_O" Tooltip="" TooltipId="MatchTracker_SecondaryObjectivesTooltip" NewControlDepth="1" HideInEditor="0"/>
        <Control Class="Window" LAnchorPoint="0" LAnchorOffset="109" TAnchorPoint="0" TAnchorOffset="136" RAnchorPoint="0" RAnchorOffset="157" BAnchorPoint="0" BAnchorOffset="191" RelativeToClient="1" Font="Default" Text="" Template="Default" TooltipType="OnCursor" Name="SecondaryArrow2" BGColor="ffffffff" TextColor="ffffffff" TooltipColor="" Picture="1" IgnoreMouse="1" Sprite="CRB_Path_HoldTheLine:spr_HoldTheLine_IconBlueOffense" TooltipFont="CRB_InterfaceSmall_O" Tooltip="" TooltipId="MatchTracker_SecondaryObjectivesTooltip" HideInEditor="0"/>
        <Control Class="Window" LAnchorPoint="0" LAnchorOffset="38" TAnchorPoint="0" TAnchorOffset="133" RAnchorPoint="0" RAnchorOffset="101" BAnchorPoint="0" BAnchorOffset="195" RelativeToClient="1" Font="Default" Text="" Template="Default" TooltipType="OnCursor" Name="Completed1" BGColor="ffffffff" TextColor="ffffffff" TooltipColor="" Picture="1" IgnoreMouse="1" Sprite="CRB_Path_HoldTheLine:spr_HoldTheLine_BlueCheckleft" HideInEditor="0"/>
        <Control Class="Window" LAnchorPoint="0" LAnchorOffset="103" TAnchorPoint="0" TAnchorOffset="133" RAnchorPoint="0" RAnchorOffset="166" BAnchorPoint="0" BAnchorOffset="195" RelativeToClient="1" Font="Default" Text="" Template="Default" TooltipType="OnCursor" Name="Completed2" BGColor="ffffffff" TextColor="ffffffff" TooltipColor="" Picture="1" IgnoreMouse="1" Sprite="CRB_Path_HoldTheLine:spr_HoldTheLine_BlueCheckRight" HideInEditor="1"/>
        <Control Class="Window" LAnchorPoint="0" LAnchorOffset="10" TAnchorPoint="0" TAnchorOffset="200" RAnchorPoint="0" RAnchorOffset="192" BAnchorPoint="0" BAnchorOffset="241" RelativeToClient="1" Font="CRB_Interface10_BBO" Text="" Template="Default" TooltipType="OnCursor" Name="TitleTextRight" BGColor="ffffffff" TextColor="ff92937d" TooltipColor="" TextId="CRB_100" NewControlDepth="1" Tooltip="" DT_VCENTER="1" DT_CENTER="1" DT_WORDBREAK="1" DT_BOTTOM="0"/>
        <Control Class="Window" LAnchorPoint="0" LAnchorOffset="10" TAnchorPoint="0" TAnchorOffset="40" RAnchorPoint="0" RAnchorOffset="192" BAnchorPoint="0" BAnchorOffset="91" RelativeToClient="1" Font="CRB_Interface10_BBO" Text="" Template="Default" TooltipType="OnCursor" Name="TimerText" BGColor="ffffffff" TextColor="ff92937d" TooltipColor="" TextId="CRB_100" NewControlDepth="1" Tooltip="" DT_VCENTER="1" DT_CENTER="1"/>
        <Control Class="Window" LAnchorPoint="0" LAnchorOffset="10" TAnchorPoint="0" TAnchorOffset="62" RAnchorPoint="0" RAnchorOffset="192" BAnchorPoint="0" BAnchorOffset="113" RelativeToClient="1" Font="CRB_HeaderGigantic_O" Text="" Template="Default" TooltipType="OnCursor" Name="TitleText" BGColor="ffffffff" TextColor="white" TooltipColor="" TextId="CRB_100" NewControlDepth="1" Tooltip="" DT_VCENTER="1" DT_CENTER="1"/>
        <Control Class="Window" LAnchorPoint="0" LAnchorOffset="10" TAnchorPoint="0" TAnchorOffset="84" RAnchorPoint="0" RAnchorOffset="192" BAnchorPoint="0" BAnchorOffset="135" RelativeToClient="1" Font="CRB_Interface10_BBO" Text="" Template="Default" TooltipType="OnCursor" Name="CaptureModText" BGColor="ffffffff" TextColor="ff92937d" TooltipColor="" TextId="Challenges_NoProgress" NewControlDepth="1" Tooltip="" DT_VCENTER="1" DT_CENTER="1"/>
    </Form>
</Forms>
