<?xml version="1.0" encoding="UTF-8" standalone="yes" ?>
<Forms>
    <Form Class="Window" LAnchorPoint="0.5" LAnchorOffset="-347" TAnchorPoint="1" TAnchorOffset="-725" RAnchorPoint="0.5" RAnchorOffset="347" BAnchorPoint="1" BAnchorOffset="-195" RelativeToClient="1" Font="Default" Text="" Template="Default" TooltipType="OnCursor" Name="MountScreenForm" Border="0" Picture="1" SwallowMouseClicks="1" Moveable="1" Escapable="1" Overlapped="1" BGColor="9d31fcf6" TextColor="ffffffff" TooltipColor="" IgnoreMouse="1" Tooltip="" TransitionShowHide="1" Sprite="WhiteFlash">
        <Control Class="Window" LAnchorPoint="0" LAnchorOffset="187" TAnchorPoint="0" TAnchorOffset="55" RAnchorPoint="1" RAnchorOffset="-187" BAnchorPoint="0" BAnchorOffset="375" RelativeToClient="1" Font="Default" Text="" Template="Default" TooltipType="OnCursor" Name="PortraitBG" BGColor="ffffffff" TextColor="ffffffff" TooltipColor="" Picture="1" IgnoreMouse="1" Sprite="CRB_Basekit:kitBase_HoloBlue_InsetBorder_Thin" NewControlDepth="1" Tooltip="">
            <Control Class="Window" LAnchorPoint="0" LAnchorOffset="0" TAnchorPoint="0" TAnchorOffset="2" RAnchorPoint="1" RAnchorOffset="0" BAnchorPoint="0" BAnchorOffset="22" RelativeToClient="1" Font="CRB_InterfaceMedium_B" Text="" Template="Default" TooltipType="OnCursor" Name="MountName" BGColor="ffffffff" TextColor="UI_TextHoloBody" TooltipColor="" TextId="CRB_Preview" DT_CENTER="1" Visible="1" HideInEditor="0" DT_VCENTER="1" NewControlDepth="1"/>
            <Control Class="CostumeWindow" LAnchorPoint="0" LAnchorOffset="2" TAnchorPoint="0" TAnchorOffset="2" RAnchorPoint="1" RAnchorOffset="-2" BAnchorPoint="1" BAnchorOffset="-2" RelativeToClient="1" Font="Default" Text="" Template="Default" Name="MountPortrait" BGColor="ffffffff" TextColor="ffffffff" Camera="Target" Animated="1" TooltipType="OnCursor" TooltipColor="" IgnoreMouse="1" HideInEditor="1" Mask="\UI_WhiteFillAlpha.tga" Visible="1" Tooltip="" Picture="0"/>
            <Control Class="Button" Base="btn_ArrowTurnLeft" Font="Thick" ButtonType="PushButton" RadioGroup="" LAnchorPoint="0" LAnchorOffset="8" TAnchorPoint="1" TAnchorOffset="-33" RAnchorPoint="0" RAnchorOffset="53" BAnchorPoint="1" BAnchorOffset="-8" DT_VCENTER="1" DT_CENTER="1" Name="RotateLeft" BGColor="afffffff" TextColor="ffffffff" WindowSoundTemplate="Custom" NormalTextColor="ffffffff" PressedTextColor="ffffffff" FlybyTextColor="ffffffff" PressedFlybyTextColor="ffffffff" DisabledTextColor="ffffffff" TooltipColor="" NewControlDepth="1">
                <Event Name="ButtonHoldBegin" Function="OnRotateLeft"/>
                <Event Name="ButtonUp" Function="OnRotateLeftCancel"/>
                <Event Name="ButtonUpCancel" Function="OnRotateLeftCancel"/>
            </Control>
            <Control Class="Button" Base="btn_ArrowTurnRight" Font="Thick" ButtonType="PushButton" RadioGroup="" LAnchorPoint="1" LAnchorOffset="-53" TAnchorPoint="1" TAnchorOffset="-33" RAnchorPoint="1" RAnchorOffset="-8" BAnchorPoint="1" BAnchorOffset="-8" DT_VCENTER="1" DT_CENTER="1" Name="RotateRight" BGColor="afffffff" TextColor="ffffffff" WindowSoundTemplate="Custom" NormalTextColor="ffffffff" PressedTextColor="ffffffff" FlybyTextColor="ffffffff" PressedFlybyTextColor="ffffffff" DisabledTextColor="ffffffff" TooltipColor="" Tooltip="" Text="">
                <Event Name="ButtonHoldBegin" Function="OnRotateRight"/>
                <Event Name="ButtonUp" Function="OnRotateRightCancel"/>
                <Event Name="ButtonUpCancel" Function="OnRotateRightCancel"/>
            </Control>
        </Control>
        <Control Class="Window" LAnchorPoint="0" LAnchorOffset="27" TAnchorPoint="0" TAnchorOffset="55" RAnchorPoint="0" RAnchorOffset="179" BAnchorPoint="0" BAnchorOffset="207" RelativeToClient="1" Font="Default" Text="" Template="Default" TooltipType="OnCursor" Name="CustomizeFrontBG" BGColor="ffffffff" TextColor="ffffffff" TooltipColor="" Picture="1" IgnoreMouse="1" Sprite="CRB_Basekit:kitBase_HoloBlue_InsetBorder_Thin" NewControlDepth="1" Tooltip="">
            <Control Class="Window" LAnchorPoint="0" LAnchorOffset="2" TAnchorPoint="0" TAnchorOffset="2" RAnchorPoint="1" RAnchorOffset="-2" BAnchorPoint="1" BAnchorOffset="-2" RelativeToClient="1" Font="Default" Text="" Template="CRB_Scroll_HoloSmall" TooltipType="OnCursor" Name="CustomizeFrontList" BGColor="ffffffff" TextColor="ffffffff" TooltipColor="" VScroll="1" IgnoreMouse="1" AutoHideScroll="0"/>
        </Control>
        <Control Class="Window" LAnchorPoint="0" LAnchorOffset="27" TAnchorPoint="0" TAnchorOffset="223" RAnchorPoint="0" RAnchorOffset="179" BAnchorPoint="0" BAnchorOffset="375" RelativeToClient="1" Font="Default" Text="" Template="Default" TooltipType="OnCursor" Name="CustomizeLeftBG" BGColor="ffffffff" TextColor="ffffffff" TooltipColor="" Picture="1" IgnoreMouse="1" Sprite="CRB_Basekit:kitBase_HoloBlue_InsetBorder_Thin" NewControlDepth="1" Tooltip="">
            <Control Class="Window" LAnchorPoint="0" LAnchorOffset="2" TAnchorPoint="0" TAnchorOffset="2" RAnchorPoint="1" RAnchorOffset="-2" BAnchorPoint="1" BAnchorOffset="-2" RelativeToClient="1" Font="Default" Text="" Template="CRB_Scroll_HoloSmall" TooltipType="OnCursor" Name="CustomizeLeftList" BGColor="ffffffff" TextColor="ffffffff" TooltipColor="" VScroll="1" IgnoreMouse="1" AutoHideScroll="0"/>
        </Control>
        <Control Class="Window" LAnchorPoint="1" LAnchorOffset="-179" TAnchorPoint="0" TAnchorOffset="55" RAnchorPoint="1" RAnchorOffset="-27" BAnchorPoint="0" BAnchorOffset="207" RelativeToClient="1" Font="Default" Text="" Template="Default" TooltipType="OnCursor" Name="CustomizeBackBG" BGColor="ffffffff" TextColor="ffffffff" TooltipColor="" Picture="1" IgnoreMouse="1" Sprite="CRB_Basekit:kitBase_HoloBlue_InsetBorder_Thin" NewControlDepth="1" Tooltip="">
            <Control Class="Window" LAnchorPoint="0" LAnchorOffset="2" TAnchorPoint="0" TAnchorOffset="2" RAnchorPoint="1" RAnchorOffset="-2" BAnchorPoint="1" BAnchorOffset="-2" RelativeToClient="1" Font="Default" Text="" Template="CRB_Scroll_HoloSmall" TooltipType="OnCursor" Name="CustomizeBackList" BGColor="ffffffff" TextColor="ffffffff" TooltipColor="" VScroll="1" IgnoreMouse="1" AutoHideScroll="0"/>
        </Control>
        <Control Class="Window" LAnchorPoint="1" LAnchorOffset="-179" TAnchorPoint="0" TAnchorOffset="223" RAnchorPoint="1" RAnchorOffset="-27" BAnchorPoint="0" BAnchorOffset="375" RelativeToClient="1" Font="Default" Text="" Template="Default" TooltipType="OnCursor" Name="CustomizeRightBG" BGColor="ffffffff" TextColor="ffffffff" TooltipColor="" Picture="1" IgnoreMouse="1" Sprite="CRB_Basekit:kitBase_HoloBlue_InsetBorder_Thin" NewControlDepth="1" Tooltip="">
            <Control Class="Window" LAnchorPoint="0" LAnchorOffset="2" TAnchorPoint="0" TAnchorOffset="2" RAnchorPoint="1" RAnchorOffset="-2" BAnchorPoint="1" BAnchorOffset="-2" RelativeToClient="1" Font="Default" Text="" Template="CRB_Scroll_HoloSmall" TooltipType="OnCursor" Name="CustomizeRightList" BGColor="ffffffff" TextColor="ffffffff" TooltipColor="" VScroll="1" IgnoreMouse="1" AutoHideScroll="0"/>
        </Control>
        <Control Class="Window" LAnchorPoint="0" LAnchorOffset="0" TAnchorPoint="0" TAnchorOffset="0" RAnchorPoint="1" RAnchorOffset="0" BAnchorPoint="1" BAnchorOffset="-150" RelativeToClient="1" Font="Default" Text="" Template="Default" TooltipType="OnCursor" Name="MountCanCustomizeBlockers" BGColor="ffffffff" TextColor="ffffffff" TooltipColor="" Sprite="" Picture="1" IgnoreMouse="1" Visible="0" NewControlDepth="1">
            <Control Class="Window" LAnchorPoint="0" LAnchorOffset="27" TAnchorPoint="0" TAnchorOffset="55" RAnchorPoint="0" RAnchorOffset="179" BAnchorPoint="0" BAnchorOffset="207" RelativeToClient="1" Font="Default" Text="" Template="Default" TooltipType="OnCursor" Name="MouseBlocker1" BGColor="ddffffff" TextColor="ffffffff" TooltipColor="" Picture="1" IgnoreMouse="0" Sprite="BlackFill" NewControlDepth="1" Tooltip="">
                <Pixie LAnchorPoint="0.5" LAnchorOffset="-32" TAnchorPoint="0.5" TAnchorOffset="-32" RAnchorPoint="0.5" RAnchorOffset="32" BAnchorPoint="0.5" BAnchorOffset="32" BGColor="ffffffff" Font="Default" TextColor="ffffffff" Text="" Sprite="ClientSprites:Icon_Windows_UI_CRB_Lock_Holo" Line="0"/>
                <Pixie LAnchorPoint="0" LAnchorOffset="8" TAnchorPoint="0" TAnchorOffset="8" RAnchorPoint="1" RAnchorOffset="-8" BAnchorPoint="0" BAnchorOffset="48" BGColor="ffffffff" Font="CRB_InterfaceSmall_O" TextColor="UI_TextHoloBody" Text="This can&apos;t be customized" TextId="" DT_CENTER="1" DT_VCENTER="0" DT_WORDBREAK="1" Line="0"/>
            </Control>
            <Control Class="Window" LAnchorPoint="0" LAnchorOffset="27" TAnchorPoint="0" TAnchorOffset="223" RAnchorPoint="0" RAnchorOffset="179" BAnchorPoint="0" BAnchorOffset="375" RelativeToClient="1" Font="Default" Text="" Template="Default" TooltipType="OnCursor" Name="MouseBlocker2" BGColor="ddffffff" TextColor="ffffffff" TooltipColor="" Picture="1" IgnoreMouse="0" Sprite="BlackFill" NewControlDepth="1" Tooltip="">
                <Pixie LAnchorPoint="0.5" LAnchorOffset="-32" TAnchorPoint="0.5" TAnchorOffset="-32" RAnchorPoint="0.5" RAnchorOffset="32" BAnchorPoint="0.5" BAnchorOffset="32" BGColor="ffffffff" Font="Default" TextColor="ffffffff" Text="" Sprite="ClientSprites:Icon_Windows_UI_CRB_Lock_Holo" Line="0"/>
                <Pixie LAnchorPoint="0" LAnchorOffset="8" TAnchorPoint="0" TAnchorOffset="8" RAnchorPoint="1" RAnchorOffset="-8" BAnchorPoint="0" BAnchorOffset="48" BGColor="ffffffff" Font="CRB_InterfaceSmall_O" TextColor="UI_TextHoloBody" Text="This can&apos;t be customized" TextId="" DT_CENTER="1" DT_VCENTER="0" DT_WORDBREAK="1" Line="0"/>
            </Control>
            <Control Class="Window" LAnchorPoint="1" LAnchorOffset="-179" TAnchorPoint="0" TAnchorOffset="223" RAnchorPoint="1" RAnchorOffset="-27" BAnchorPoint="0" BAnchorOffset="375" RelativeToClient="1" Font="Default" Text="" Template="Default" TooltipType="OnCursor" Name="MouseBlocker3" BGColor="ddffffff" TextColor="ffffffff" TooltipColor="" Picture="1" IgnoreMouse="0" Sprite="BlackFill" NewControlDepth="1" Tooltip="">
                <Pixie LAnchorPoint="0.5" LAnchorOffset="-32" TAnchorPoint="0.5" TAnchorOffset="-32" RAnchorPoint="0.5" RAnchorOffset="32" BAnchorPoint="0.5" BAnchorOffset="32" BGColor="ffffffff" Font="Default" TextColor="ffffffff" Text="" Sprite="ClientSprites:Icon_Windows_UI_CRB_Lock_Holo" Line="0"/>
                <Pixie LAnchorPoint="0" LAnchorOffset="8" TAnchorPoint="0" TAnchorOffset="8" RAnchorPoint="1" RAnchorOffset="-8" BAnchorPoint="0" BAnchorOffset="48" BGColor="ffffffff" Font="CRB_InterfaceSmall_O" TextColor="UI_TextHoloBody" Text="This can&apos;t be customized" TextId="" DT_CENTER="1" DT_VCENTER="0" DT_WORDBREAK="1" Line="0"/>
            </Control>
            <Control Class="Window" LAnchorPoint="1" LAnchorOffset="-179" TAnchorPoint="0" TAnchorOffset="55" RAnchorPoint="1" RAnchorOffset="-27" BAnchorPoint="0" BAnchorOffset="207" RelativeToClient="1" Font="Default" Text="" Template="Default" TooltipType="OnCursor" Name="MouseBlocker4" BGColor="ddffffff" TextColor="ffffffff" TooltipColor="" Picture="1" IgnoreMouse="0" Sprite="BlackFill" NewControlDepth="1" Tooltip="">
                <Control Class="Window" LAnchorPoint="0.5" LAnchorOffset="-32" TAnchorPoint="0.5" TAnchorOffset="-32" RAnchorPoint="0.5" RAnchorOffset="32" BAnchorPoint="0.5" BAnchorOffset="32" RelativeToClient="1" Font="Default" Text="" Template="Default" TooltipType="OnCursor" Name="Window" BGColor="ffffffff" TextColor="ffffffff" TooltipColor="" Picture="1" IgnoreMouse="1" Sprite="ClientSprites:Icon_Windows_UI_CRB_Lock_Holo"/>
                <Control Class="Window" LAnchorPoint="0" LAnchorOffset="8" TAnchorPoint="0" TAnchorOffset="8" RAnchorPoint="1" RAnchorOffset="-8" BAnchorPoint="0" BAnchorOffset="48" RelativeToClient="1" Font="CRB_InterfaceSmall_O" Text="This can&apos;t be customized" Template="Default" TooltipType="OnCursor" Name="Window1" BGColor="ffffffff" TextColor="UI_TextHoloBody" TooltipColor="" TextId="" DT_CENTER="1" DT_WORDBREAK="1" DT_VCENTER="0"/>
            </Control>
        </Control>
        <Control Class="Window" LAnchorPoint="0.5" LAnchorOffset="-272" TAnchorPoint="1" TAnchorOffset="-61" RAnchorPoint="0.5" RAnchorOffset="272" BAnchorPoint="1" BAnchorOffset="-16" RelativeToClient="1" Font="Default" Text="" Template="Default" TooltipType="OnCursor" Name="StableList" BGColor="ffffffff" TextColor="ffffffff" TooltipColor="" HideInEditor="0" HScroll="0" IgnoreMouse="1" Sprite="sprActionBarFrame_Bar3BG" Picture="1"/>
        <Control Class="Window" LAnchorPoint="0" LAnchorOffset="0" TAnchorPoint="0" TAnchorOffset="0" RAnchorPoint="1" RAnchorOffset="0" BAnchorPoint="1" BAnchorOffset="0" RelativeToClient="1" Font="Default" Text="" Template="Default" TooltipType="OnCursor" Name="PixieFrame" BGColor="ffffffff" TextColor="ffffffff" TooltipColor="" Sprite="CRB_Basekit:kitInnerFrame_MetalGrey_Medium" Picture="1" IgnoreMouse="1">
            <Control Class="Window" LAnchorPoint="0" LAnchorOffset="70" TAnchorPoint="1" TAnchorOffset="-114" RAnchorPoint="1" RAnchorOffset="-70" BAnchorPoint="1" BAnchorOffset="0" RelativeToClient="1" Font="Default" Text="" Template="Default" TooltipType="OnCursor" Name="BGStable" BGColor="ffffffff" TextColor="ffffffff" TooltipColor="" Sprite="CRB_Basekit:kitFooter_MetalGrey_Square" Picture="1" IgnoreMouse="1" HideInEditor="0">
                <Pixie LAnchorPoint="0" LAnchorOffset="0" TAnchorPoint="0" TAnchorOffset="4" RAnchorPoint="1" RAnchorOffset="0" BAnchorPoint="0" BAnchorOffset="24" BGColor="ffffffff" Font="CRB_InterfaceMedium_B" TextColor="UI_TextMetalBodyHighlight" Text="" TextId="MountScreen_AvailableMounts" DT_CENTER="1" DT_VCENTER="1" Line="0"/>
                <Pixie LAnchorPoint="0" LAnchorOffset="0" TAnchorPoint="0" TAnchorOffset="26" RAnchorPoint="1" RAnchorOffset="0" BAnchorPoint="0" BAnchorOffset="46" BGColor="ffffffff" Font="CRB_InterfaceSmall_O" TextColor="UI_TextMetalBodyHighlight" Text="" TextId="MountScreen_PreviewDesc" DT_CENTER="1" DT_VCENTER="0" Line="0"/>
            </Control>
            <Control Class="Window" LAnchorPoint="0" LAnchorOffset="54" TAnchorPoint="1" TAnchorOffset="-132" RAnchorPoint="1" RAnchorOffset="-54" BAnchorPoint="1" BAnchorOffset="2" RelativeToClient="1" Font="Default" Text="" Template="Default" TooltipType="OnCursor" Name="BGStableFrame" BGColor="ffffffff" TextColor="ffffffff" TooltipColor="" Picture="1" IgnoreMouse="1" Sprite="CRB_Basekit:kitInnerFrame_MetalGrey_Large" NewControlDepth="5" HideInEditor="0"/>
        </Control>
        <Control Class="Button" Base="CRB_Basekit:kitBtn_Close" Font="Thick" ButtonType="PushButton" RadioGroup="" LAnchorPoint="1" LAnchorOffset="-32" TAnchorPoint="0" TAnchorOffset="5" RAnchorPoint="1" RAnchorOffset="-5" BAnchorPoint="0" BAnchorOffset="34" DT_VCENTER="1" DT_CENTER="1" TooltipType="OnCursor" Name="CloseBtn" BGColor="ffffffff" TextColor="ffffffff" TooltipColor="" NormalTextColor="ffffffff" PressedTextColor="ffffffff" FlybyTextColor="ffffffff" PressedFlybyTextColor="ffffffff" DisabledTextColor="ffffffff" Text="">
            <Event Name="ButtonSignal" Function="OnCloseBtn"/>
        </Control>
        <Pixie LAnchorPoint="0" LAnchorOffset="10" TAnchorPoint="0" TAnchorOffset="36" RAnchorPoint="1" RAnchorOffset="-10" BAnchorPoint="1" BAnchorOffset="-10" BGColor="ffffffff" Font="Default" TextColor="ffffffff" Text="" Sprite="CRB_Basekit:kitBase_HoloBlue_Tiny" Line="0"/>
        <Pixie LAnchorPoint="0" LAnchorOffset="16" TAnchorPoint="0" TAnchorOffset="12" RAnchorPoint="1" RAnchorOffset="-16" BAnchorPoint="0" BAnchorOffset="48" BGColor="ffffffff" Font="Default" TextColor="ffffffff" Text="" TextId="" Sprite="CRB_Basekit:kitHeader_HoloLines_Title" DT_CENTER="0" DT_VCENTER="0" Line="0"/>
        <Pixie LAnchorPoint="0" LAnchorOffset="10" TAnchorPoint="0" TAnchorOffset="18" RAnchorPoint="1" RAnchorOffset="-10" BAnchorPoint="0" BAnchorOffset="38" BGColor="ffffffff" Font="CRB_InterfaceMedium_B" TextColor="UI_TextHoloTitle" Text="" TextId="MountScreen_MountCustomization" DT_CENTER="1" Line="0"/>
        <Pixie LAnchorPoint="0" LAnchorOffset="16" TAnchorPoint="1" TAnchorOffset="-142" RAnchorPoint="1" RAnchorOffset="-16" BAnchorPoint="1" BAnchorOffset="-128" BGColor="ffffffff" Font="Default" TextColor="ffffffff" Text="" Sprite="CRB_Basekit:kitDivider_Horiz_HoloDashed" Line="0"/>
    </Form>
    <Form Class="Window" LAnchorPoint="0" LAnchorOffset="0" TAnchorPoint="0" TAnchorOffset="0" RAnchorPoint="1" RAnchorOffset="13" BAnchorPoint="0" BAnchorOffset="20" RelativeToClient="1" Font="CRB_InterfaceMedium_B" Text="Front Flair" Template="Default" TooltipType="OnCursor" Name="CustomizeFrontLabel" BGColor="ffffffff" TextColor="UI_TextHoloBody" TooltipColor="" TextId="" DT_CENTER="1" Visible="1" HideInEditor="0" DT_VCENTER="1" NewControlDepth="1"/>
    <Form Class="Window" LAnchorPoint="0" LAnchorOffset="0" TAnchorPoint="0" TAnchorOffset="0" RAnchorPoint="1" RAnchorOffset="0" BAnchorPoint="0" BAnchorOffset="45" RelativeToClient="1" Font="Default" Text="" Template="Default" TooltipType="OnCursor" Name="CustomizeFlairItem" BGColor="ffffffff" TextColor="ffffffff" TooltipColor="" Picture="0" IgnoreMouse="1">
        <Control Class="Button" Base="CRB_Basekit:kitBtn_Holo" Font="Thick" ButtonType="Check" LAnchorPoint="0" LAnchorOffset="0" TAnchorPoint="0" TAnchorOffset="0" RAnchorPoint="1" RAnchorOffset="0" BAnchorPoint="1" BAnchorOffset="0" DT_VCENTER="1" DT_CENTER="1" TooltipType="OnCursor" Name="CustomizeFlairBtn" BGColor="ffffffff" TextColor="ffffffff" TooltipColor="" NormalTextColor="ffffffff" PressedTextColor="ffffffff" FlybyTextColor="ffffffff" PressedFlybyTextColor="ffffffff" DisabledTextColor="ffffffff" Tooltip="" TooltipFont="CRB_InterfaceSmall_O" GlobalRadioGroup="" RelativeToClient="1" NeverBringToFront="1" RadioGroup="">
            <Event Name="ButtonCheck" Function="OnCustomizeFlairCheck"/>
            <Event Name="ButtonUncheck" Function="OnCustomizeFlairUncheck"/>
        </Control>
        <Control Class="Window" LAnchorPoint="0" LAnchorOffset="10" TAnchorPoint="0" TAnchorOffset="8" RAnchorPoint="0" RAnchorOffset="40" BAnchorPoint="1" BAnchorOffset="-10" RelativeToClient="1" Font="Default" Text="" Template="Default" TooltipType="OnCursor" Name="CustomizeFlairIcon" BGColor="ffffffff" TextColor="ffffffff" TooltipColor="" Sprite="ClientSprites:Icon_SkillSpellslinger_frozen_bolt" Picture="1" IgnoreMouse="1" NewControlDepth="1"/>
        <Control Class="Window" LAnchorPoint="0" LAnchorOffset="45" TAnchorPoint="0" TAnchorOffset="10" RAnchorPoint="1" RAnchorOffset="-10" BAnchorPoint="1" BAnchorOffset="-10" RelativeToClient="1" Font="CRB_Pixel" Text="" Template="Default" TooltipType="OnCursor" Name="CustomizeFlairName" BGColor="ffffffff" TextColor="UI_TextHoloBody" TooltipColor="" TextId="Challenges_NoProgress" DT_VCENTER="1" DT_WORDBREAK="1"/>
        <Control Class="Window" LAnchorPoint="0" LAnchorOffset="-4" TAnchorPoint="0" TAnchorOffset="-4" RAnchorPoint="1" RAnchorOffset="0" BAnchorPoint="1" BAnchorOffset="0" RelativeToClient="1" Font="Default" Text="" Template="Default" TooltipType="OnCursor" Name="CustomizeFlairCheck" BGColor="ffffffff" TextColor="ffffffff" TooltipColor="" Sprite="CRB_CharacterCreateSprites:sprCharC_NameCheckYes" Picture="1" IgnoreMouse="1" NewControlDepth="1" Visible="0"/>
    </Form>
    <Form Class="Window" LAnchorPoint="0" LAnchorOffset="0" TAnchorPoint="0" TAnchorOffset="0" RAnchorPoint="0" RAnchorOffset="45" BAnchorPoint="0" BAnchorOffset="45" RelativeToClient="1" Font="Default" Text="" Template="Default" TooltipType="OnCursor" Name="MountItem" Border="0" Picture="0" SwallowMouseClicks="1" Moveable="0" Escapable="0" Overlapped="1" BGColor="ffffffff" TextColor="ffffffff" TooltipColor="" IgnoreMouse="1" Tooltip="" TooltipFont="CRB_InterfaceSmall_O">
        <Control Class="ActionBarButton" Name="MountItemActionBarBtn" ContentType="ABar" ContentId="0" Base="Button_ActionBarBlank" RelativeToClient="1" IfHoldNoSignal="1" DT_VCENTER="1" DT_CENTER="1" NeverBringToFront="1" WindowSoundTemplate="ActionBarButton" BGColor="ffffffff" TextColor="ffffffff" LAnchorPoint="0" LAnchorOffset="4" TAnchorPoint="0" TAnchorOffset="4" RAnchorPoint="1" RAnchorOffset="-4" BAnchorPoint="1" BAnchorOffset="-4" Font="CRB_InterfaceLarge_O" IgnoreTooltipDelay="0" TooltipColor="" RechargeBarLAnchorPoint="1" RechargeBarLAnchorOffset="-8" RechargeBarTAnchorPoint="0" RechargeBarTAnchorOffset="4" RechargeBarRAnchorPoint="1" RechargeBarRAnchorOffset="4" RechargeBarBAnchorPoint="1" RechargeBarBAnchorOffset="-14" RechargeBarEmptyColorAttribute="Black" RechargeBarFullColorAttribute="ffffffff" RechargeBarEmptyAttribute="WhiteFill" RechargeBarFullAttribute="sprStalker_VerticalGooPulse" Sprite="" TooltipType="OnCursor" ShortHotkeyFontAttribute="CRB_InterfaceLarge_BO" LongHotkeyFontAttribute="CRB_InterfaceSmall_O" CountFontAttribute="CRB_InterfaceSmall_O" CooldownFontAttribute="CRB_HeaderLarge" ProcessRightClick="1" Picture="1" Tooltip="">
            <Event Name="QueryBeginDragDrop" Function="OnMountBeginDragDrop"/>
        </Control>
        <Control Class="Window" LAnchorPoint="0" LAnchorOffset="0" TAnchorPoint="0" TAnchorOffset="0" RAnchorPoint="1" RAnchorOffset="0" BAnchorPoint="1" BAnchorOffset="0" RelativeToClient="1" Font="Default" Text="" Template="Default" TooltipType="OnCursor" Name="MountItemMouseCatcher" BGColor="ffffffff" TextColor="ffffffff" TooltipColor="" Picture="1" IgnoreMouse="1" Sprite="" NewControlDepth="1">
            <Event Name="MouseButtonUp" Function="OnMountItemClick"/>
            <Control Class="Window" LAnchorPoint="0" LAnchorOffset="-8" TAnchorPoint="0" TAnchorOffset="-8" RAnchorPoint="1" RAnchorOffset="8" BAnchorPoint="1" BAnchorOffset="8" RelativeToClient="1" Font="Default" Text="" Template="Default" TooltipType="OnCursor" Name="MountItemMouseCatcherArt" BGColor="ff00ffff" TextColor="ffffffff" TooltipColor="" Sprite="CRB_Basekit:kitAccent_Frame_OrangeStroke" Picture="1" IgnoreMouse="1" Visible="0" NoClip="1"/>
        </Control>
    </Form>
</Forms>
