<?xml version="1.0" encoding="UTF-8" standalone="yes" ?>
<Forms>
    <Form Class="Window" LAnchorPoint="0.5" LAnchorOffset="-250" TAnchorPoint="0" TAnchorOffset="25" RAnchorPoint="0.5" RAnchorOffset="250" BAnchorPoint="0" BAnchorOffset="670" RelativeToClient="1" Font="Default" Text="" Template="Default" Name="MarketplaceCREDDForm" Moveable="1" Escapable="1" BGColor="ffffffff" TextColor="ffffffff" TooltipColor="" Tooltip="" TextId="" Sizable="1" Overlapped="1" DT_RIGHT="0" TopEdgeControlsAnchor="MarketplaceCredd_Top" BottomEdgeControlsAnchor="" RightEdgeControlsAnchor="MarketplaceCredd_Right" Visible="0">
        <Control Class="Window" LAnchorPoint="0" LAnchorOffset="25" TAnchorPoint="0" TAnchorOffset="135" RAnchorPoint="1" RAnchorOffset="-25" BAnchorPoint="1" BAnchorOffset="-25" RelativeToClient="1" Font="Default" Text="" Template="Holo_Background_General" TooltipType="OnCursor" Name="BGHolo" BGColor="ffffffff" TextColor="ffffffff" TooltipColor="" HideInEditor="0" IgnoreMouse="1" UseTemplateBG="1" Picture="1" Border="1" NeverBringToFront="1"/>
        <Control Class="Window" LAnchorPoint="0" LAnchorOffset="35" TAnchorPoint="0" TAnchorOffset="145" RAnchorPoint="1" RAnchorOffset="-35" BAnchorPoint="0" BAnchorOffset="280" RelativeToClient="1" Font="Default" Text="" Template="Default" TooltipType="OnCursor" Name="ActNow" BGColor="white" TextColor="white" TooltipColor="" Picture="1" IgnoreMouse="1" Sprite="BK3:UI_BK3_Holo_InsetFramed" HideInEditor="0" NewControlDepth="1">
            <Control Class="Button" Base="BK3:btnHolo_Blue_Med" Font="CRB_Header14" ButtonType="PushButton" RadioGroup="" LAnchorPoint="0.5" LAnchorOffset="-120" TAnchorPoint="0" TAnchorOffset="33" RAnchorPoint="0.5" RAnchorOffset="120" BAnchorPoint="0" BAnchorOffset="133" DT_VCENTER="0" DT_CENTER="1" TooltipType="OnCursor" Name="CreateBuyNowBtn" BGColor="green" TextColor="white" TooltipColor="" NormalTextColor="UI_BtnTextGreenNormal" PressedTextColor="UI_BtnTextGreenPressed" FlybyTextColor="UI_BtnTextGreenFlyby" PressedFlybyTextColor="UI_BtnTextGreenPressedFlyby" DisabledTextColor="UI_BtnTextGreenDisabled" Text="" TextId="MarketplaceCommodity_BuyNow" HideInEditor="0" Tooltip="" RelativeToClient="1" IgnoreTooltipDelay="1" TestAlpha="1" ButtonTextYMargin="25">
                <Event Name="ButtonSignal" Function="OnCreddTransactionBtn"/>
            </Control>
            <Control Class="Button" Base="BK3:btnHolo_Blue_Med" Font="CRB_Header14" ButtonType="PushButton" RadioGroup="" LAnchorPoint="0.5" LAnchorOffset="-120" TAnchorPoint="0" TAnchorOffset="33" RAnchorPoint="0.5" RAnchorOffset="120" BAnchorPoint="0" BAnchorOffset="133" DT_VCENTER="0" DT_CENTER="1" TooltipType="OnCursor" Name="CreateSellNowBtn" BGColor="ffffffff" TextColor="ffffffff" TooltipColor="" NormalTextColor="UI_BtnTextBlueNormal" PressedTextColor="UI_BtnTextBluePressed" FlybyTextColor="UI_BtnTextBlueFlyby" PressedFlybyTextColor="UI_BtnTextBluePressedFlyby" DisabledTextColor="UI_BtnTextBlueDisabled" Text="" TextId="MarketplaceCommodity_SellNow" HideInEditor="0" IgnoreTooltipDelay="1" RelativeToClient="1" Tooltip="" ButtonTextYMargin="25">
                <Event Name="ButtonSignal" Function="OnCreddTransactionBtn"/>
            </Control>
            <Control Class="CashWindow" LAnchorPoint="0.5" LAnchorOffset="-105" TAnchorPoint="0" TAnchorOffset="85" RAnchorPoint="0.5" RAnchorOffset="105" BAnchorPoint="0" BAnchorOffset="110" TooltipType="OnCursor" RelativeToClient="1" Font="CRB_HeaderTiny" Text="" Template="Default" BGColor="white" TextColor="UI_WindowTitleGray" DT_RIGHT="0" Name="ActNowPrice" TooltipColor="" SkipZeroes="0" DT_CENTER="1" HideInEditor="0" AllowEditing="0" IgnoreMouse="1" AutoScaleText="1" NewControlDepth="1">
                <Event Name="CashWindowAmountChanged" Function="OnBottomBidPriceChanged"/>
            </Control>
            <Pixie LAnchorPoint="0" LAnchorOffset="20" TAnchorPoint="0" TAnchorOffset="20" RAnchorPoint="1" RAnchorOffset="0" BAnchorPoint="0" BAnchorOffset="40" BGColor="white" Font="CRB_Header14" TextColor="UI_TextHoloTitle" Text="C.R.E.D.D. " TextId="" DT_VCENTER="0" DT_WORDBREAK="0" Line="0"/>
            <Pixie LAnchorPoint="0" LAnchorOffset="20" TAnchorPoint="0" TAnchorOffset="45" RAnchorPoint="0" RAnchorOffset="95" BAnchorPoint="0" BAnchorOffset="120" BGColor="UI_WindowBGDefault" Font="Default" TextColor="UI_WindowTextDefault" Text="" Sprite="BK3:UI_BK3_Holo_InsetFlyout" Line="0"/>
            <Pixie LAnchorPoint="0" LAnchorOffset="25" TAnchorPoint="0" TAnchorOffset="50" RAnchorPoint="0" RAnchorOffset="90" BAnchorPoint="0" BAnchorOffset="115" BGColor="white" Font="CRB_InterfaceMedium_BO" TextColor="white" Text="" Sprite="IconSprites:Icon_ItemMisc_UI_Icon_CREDD" DT_RIGHT="1" DT_BOTTOM="1" Line="0"/>
        </Control>
        <Control Class="Window" LAnchorPoint="0" LAnchorOffset="35" TAnchorPoint="0" TAnchorOffset="285" RAnchorPoint="1" RAnchorOffset="-35" BAnchorPoint="1" BAnchorOffset="-95" RelativeToClient="1" Font="Default" Text="" Template="Default" TooltipType="OnCursor" Name="ActLater" BGColor="white" TextColor="white" TooltipColor="" Picture="1" IgnoreMouse="1" Sprite="BK3:UI_BK3_Holo_InsetFramed" HideInEditor="0" Visible="1">
            <Control Class="Button" Base="BK3:btnHolo_Blue_Med" Font="CRB_Button" ButtonType="PushButton" RadioGroup="" LAnchorPoint="0.5" LAnchorOffset="-120" TAnchorPoint="0" TAnchorOffset="32" RAnchorPoint="0.5" RAnchorOffset="120" BAnchorPoint="0" BAnchorOffset="100" DT_VCENTER="1" DT_CENTER="1" TooltipType="OnCursor" Name="CreateBuyOrderBtn" BGColor="green" TextColor="white" TooltipColor="" NormalTextColor="UI_BtnTextGreenNormal" PressedTextColor="UI_BtnTextGreenPressed" FlybyTextColor="UI_BtnTextGreenFlyby" PressedFlybyTextColor="UI_BtnTextGreenPressedFlyby" DisabledTextColor="UI_BtnTextGreenDisabled" Text="" TextId="MarketplaceCredd_BuyOrder" HideInEditor="0" Tooltip="" RelativeToClient="1" IgnoreTooltipDelay="1" TestAlpha="1">
                <Event Name="ButtonSignal" Function="OnCreddTransactionBtn"/>
            </Control>
            <Control Class="Button" Base="BK3:btnHolo_Blue_Med" Font="CRB_Button" ButtonType="PushButton" RadioGroup="" LAnchorPoint="0.5" LAnchorOffset="-120" TAnchorPoint="0" TAnchorOffset="32" RAnchorPoint="0.5" RAnchorOffset="120" BAnchorPoint="0" BAnchorOffset="100" DT_VCENTER="1" DT_CENTER="1" TooltipType="OnCursor" Name="CreateSellOrderBtn" BGColor="ffffffff" TextColor="ffffffff" TooltipColor="" NormalTextColor="UI_BtnTextBlueNormal" PressedTextColor="UI_BtnTextBluePressed" FlybyTextColor="UI_BtnTextBlueFlyby" PressedFlybyTextColor="UI_BtnTextBluePressedFlyby" DisabledTextColor="UI_BtnTextBlueDisabled" Text="" TextId="MarketplaceCredd_SellOrder" HideInEditor="0" IgnoreTooltipDelay="1" RelativeToClient="1" Tooltip="">
                <Event Name="ButtonSignal" Function="OnCreddTransactionBtn"/>
            </Control>
            <Control Class="Window" LAnchorPoint="0.5" LAnchorOffset="-114" TAnchorPoint="0" TAnchorOffset="90" RAnchorPoint="0.5" RAnchorOffset="114" BAnchorPoint="0" BAnchorOffset="122" RelativeToClient="1" Font="Default" Text="" Template="Default" TooltipType="OnCursor" Name="BottomBidFrame" BGColor="white" TextColor="white" TooltipColor="" Sprite="BK3:UI_BK3_Holo_Snippet" Picture="1" IgnoreMouse="1" HideInEditor="0" Tooltip="">
                <Control Class="CashWindow" LAnchorPoint="0" LAnchorOffset="8" TAnchorPoint="0" TAnchorOffset="0" RAnchorPoint="1" RAnchorOffset="-8" BAnchorPoint="1" BAnchorOffset="0" TooltipType="OnCursor" RelativeToClient="1" Font="CRB_HeaderTiny" Text="" Template="Default" BGColor="white" TextColor="UI_WindowTitleGray" DT_RIGHT="0" Name="ActLaterPrice" TooltipColor="" SkipZeroes="0" DT_CENTER="1" HideInEditor="0" AllowEditing="1" IgnoreMouse="1" AutoScaleText="1" Tooltip="">
                    <Event Name="CashWindowAmountChanged" Function="OnCashInputChanged"/>
                </Control>
            </Control>
            <Control Class="Window" LAnchorPoint="0" LAnchorOffset="30" TAnchorPoint="0" TAnchorOffset="185" RAnchorPoint="0.5" RAnchorOffset="0" BAnchorPoint="1" BAnchorOffset="0" RelativeToClient="1" Font="CRB_InterfaceMedium_O" Text="" Template="CRB_Scroll_HoloLarge" TooltipType="OnCursor" Name="MainBuyContainer" BGColor="ffffffff" TextColor="UI_TextHoloBodyHighlight" TooltipColor="" VScroll="1" IgnoreMouse="1" DT_CENTER="1" DT_VCENTER="1" TextId="" Tooltip="" AutoHideScroll="1" HideInEditor="0"/>
            <Control Class="Window" LAnchorPoint="0.5" LAnchorOffset="5" TAnchorPoint="0" TAnchorOffset="185" RAnchorPoint="1" RAnchorOffset="-30" BAnchorPoint="1" BAnchorOffset="0" RelativeToClient="1" Font="CRB_InterfaceMedium_O" Text="" Template="CRB_Scroll_HoloLarge" TooltipType="OnCursor" Name="MainSellContainer" BGColor="ffffffff" TextColor="UI_TextHoloBodyHighlight" TooltipColor="" VScroll="1" IgnoreMouse="1" DT_CENTER="1" DT_VCENTER="1" TextId="" Tooltip="" AutoHideScroll="1" HideInEditor="0"/>
            <Control Class="Window" Font="CRB_HeaderTiny" RadioGroup="" LAnchorPoint="0" LAnchorOffset="20" TAnchorPoint="1" TAnchorOffset="-48" RAnchorPoint="1" RAnchorOffset="-20" BAnchorPoint="1" BAnchorOffset="-20" DT_VCENTER="1" DT_CENTER="1" TooltipType="OnCursor" Name="MoreMarketStats" BGColor="white" TextColor="UI_TextHoloBodyHighlight" TooltipColor="" NormalTextColor="UI_BtnTextHoloListNormal" PressedTextColor="UI_BtnTextHoloListPressed" FlybyTextColor="UI_BtnTextHoloListFlyby" PressedFlybyTextColor="UI_BtnTextHoloListPressedFlyby" DisabledTextColor="UI_BtnTextHoloListDisabled" RelativeToClient="1" Text="" TextId="" TestAlpha="0" Tooltip="" Picture="1" Sprite="" NewControlDepth="1" DT_RIGHT="0" DT_BOTTOM="0">
                <Event Name="GenerateTooltip" Function="OnGenerateTooltipFullStats"/>
                <Event Name="MouseExit" Function="OnMoreMarketStatsMouseExit"/>
                <Pixie LAnchorPoint="0" LAnchorOffset="13" TAnchorPoint="0" TAnchorOffset="0" RAnchorPoint="0" RAnchorOffset="53" BAnchorPoint="0" BAnchorOffset="20" BGColor="UI_WindowBGDefault" Font="CRB_HeaderTiny" TextColor="UI_TextHoloBody" Text="" TextId="CRB_Ellipsis" Line="0"/>
                <Pixie LAnchorPoint="0" LAnchorOffset="202" TAnchorPoint="0" TAnchorOffset="0" RAnchorPoint="0" RAnchorOffset="242" BAnchorPoint="0" BAnchorOffset="20" BGColor="UI_WindowBGDefault" Font="CRB_HeaderTiny" TextColor="ffc2e57f" Text="" TextId="CRB_Ellipsis" Line="0"/>
            </Control>
            <Pixie LAnchorPoint="0" LAnchorOffset="20" TAnchorPoint="0" TAnchorOffset="20" RAnchorPoint="1" RAnchorOffset="0" BAnchorPoint="0" BAnchorOffset="40" BGColor="white" Font="CRB_Header14" TextColor="UI_TextHoloTitle" Text="C.R.E.D.D. " TextId="" DT_VCENTER="0" DT_WORDBREAK="0" Line="0"/>
            <Pixie LAnchorPoint="0" LAnchorOffset="20" TAnchorPoint="0" TAnchorOffset="45" RAnchorPoint="0" RAnchorOffset="95" BAnchorPoint="0" BAnchorOffset="120" BGColor="UI_WindowBGDefault" Font="Default" TextColor="UI_WindowTextDefault" Text="" Sprite="BK3:UI_BK3_Holo_InsetFlyout" Line="0"/>
            <Pixie LAnchorPoint="0" LAnchorOffset="25" TAnchorPoint="0" TAnchorOffset="50" RAnchorPoint="0" RAnchorOffset="90" BAnchorPoint="0" BAnchorOffset="115" BGColor="white" Font="CRB_InterfaceMedium_BO" TextColor="white" Text="" Sprite="IconSprites:Icon_ItemMisc_UI_Icon_CREDD" DT_RIGHT="1" DT_BOTTOM="1" Line="0"/>
            <Control Class="Button" Base="CRB_Basekit:kitBtn_Holo_IconBase" Font="Thick" ButtonType="PushButton" RadioGroup="" LAnchorPoint="1" LAnchorOffset="-50" TAnchorPoint="0" TAnchorOffset="150" RAnchorPoint="1" RAnchorOffset="-25" BAnchorPoint="0" BAnchorOffset="175" Name="RefreshMarketBtn" BGColor="ffffffff" TextColor="ffffffff" NormalTextColor="ffffffff" PressedTextColor="ffffffff" FlybyTextColor="ffffffff" PressedFlybyTextColor="ffffffff" DisabledTextColor="ffffffff" RelativeToClient="1" TooltipColor="" IgnoreTooltipDelay="1" TooltipType="OnCursor" TooltipFont="CRB_InterfaceSmall_O" Tooltip="" TooltipId="CRB_Refresh">
                <Event Name="ButtonSignal" Function="OnRefreshMarketBtn"/>
                <Pixie LAnchorPoint="0" LAnchorOffset="4" TAnchorPoint="0" TAnchorOffset="4" RAnchorPoint="1" RAnchorOffset="-4" BAnchorPoint="1" BAnchorOffset="-4" Sprite="IconSprites:Icon_Windows_UI_CRB_Tooltip_Salvage" BGColor="UI_TextHoloBody" TextColor="black" Rotation="0" Font="CRB_Interface12_B"/>
            </Control>
            <Pixie LAnchorPoint="0" LAnchorOffset="20" TAnchorPoint="0" TAnchorOffset="145" RAnchorPoint="1" RAnchorOffset="-20" BAnchorPoint="1" BAnchorOffset="-20" BGColor="UI_WindowBGDefault" Font="Default" TextColor="UI_WindowTextDefault" Text="" Sprite="BK3:UI_BK3_Metal_Inset_SharpCorner" Line="0"/>
            <Pixie LAnchorPoint="0" LAnchorOffset="15" TAnchorPoint="0" TAnchorOffset="150" RAnchorPoint="1" RAnchorOffset="-15" BAnchorPoint="0" BAnchorOffset="175" BGColor="UI_WindowBGDefault" Font="CRB_HeaderTiny" TextColor="UI_TextHoloTitle" Text="" TextId="MarketplaceCommodity_MarketLeaders" Sprite="" DT_CENTER="1" DT_VCENTER="1" Line="0"/>
        </Control>
        <Control Class="Window" LAnchorPoint="0" LAnchorOffset="30" TAnchorPoint="1" TAnchorOffset="-89" RAnchorPoint="1" RAnchorOffset="-30" BAnchorPoint="1" BAnchorOffset="-25" RelativeToClient="1" Font="Default" Text="" Template="Default" TooltipType="OnCursor" Name="MetalRowFrame" BGColor="white" TextColor="white" TooltipColor="" Sprite="Market:UI_Auction_Header" Picture="1" IgnoreMouse="1" NewControlDepth="2" HideInEditor="0" Tooltip="">
            <Control Class="Window" LAnchorPoint="0" LAnchorOffset="10" TAnchorPoint="0" TAnchorOffset="10" RAnchorPoint="0.5" RAnchorOffset="-80" BAnchorPoint="0" BAnchorOffset="50" RelativeToClient="1" Font="Default" Text="" BGColor="UI_WindowBGDefault" TextColor="UI_WindowTextDefault" Template="Default" TooltipType="OnCursor" Name="AccountBoundBG" TooltipColor="white" Sprite="BK3:UI_BK3_Metal_Inset_SharpCorner" Picture="1" IgnoreMouse="1" Tooltip="" TooltipId="AccountServices_BoundTooltip" TooltipFont="CRB_InterfaceSmall_O">
                <Control Class="Window" LAnchorPoint="0" LAnchorOffset="7" TAnchorPoint="0" TAnchorOffset="5" RAnchorPoint="1" RAnchorOffset="-7" BAnchorPoint="0" BAnchorOffset="25" RelativeToClient="1" Font="CRB_InterfaceSmall" Text="" BGColor="UI_WindowBGDefault" TextColor="UI_WindowTitleGray" Template="Default" TooltipType="OnCursor" Name="AccountBoundLabel" TooltipColor="" TextId="AccountServices_CREDD" IgnoreMouse="1" AutoScaleText="1"/>
                <Control Class="Window" LAnchorPoint="0" LAnchorOffset="7" TAnchorPoint="0" TAnchorOffset="20" RAnchorPoint="1" RAnchorOffset="-7" BAnchorPoint="0" BAnchorOffset="40" RelativeToClient="1" Font="CRB_InterfaceSmall" Text="" BGColor="UI_WindowBGDefault" TextColor="UI_WindowTitleGray" Template="Default" TooltipType="OnCursor" Name="AccountBoundText" TooltipColor="" TextId="CRB__2"/>
            </Control>
            <Control Class="Window" LAnchorPoint="0.5" LAnchorOffset="-77" TAnchorPoint="0" TAnchorOffset="10" RAnchorPoint="1" RAnchorOffset="-167" BAnchorPoint="0" BAnchorOffset="50" RelativeToClient="1" Font="Default" Text="" BGColor="UI_WindowBGDefault" TextColor="UI_WindowTextDefault" Template="Default" TooltipType="OnCursor" Name="EscrowBG" TooltipColor="white" Sprite="BK3:UI_BK3_Metal_Inset_SharpCorner" Picture="1" IgnoreMouse="1" Tooltip="" TooltipFont="CRB_InterfaceSmall_O" TooltipId="MarketplaceCredd_EscrowTooltip">
                <Control Class="Window" LAnchorPoint="0" LAnchorOffset="7" TAnchorPoint="0" TAnchorOffset="5" RAnchorPoint="1" RAnchorOffset="-7" BAnchorPoint="0" BAnchorOffset="25" RelativeToClient="1" Font="CRB_InterfaceSmall" Text="" BGColor="UI_WindowBGDefault" TextColor="UI_WindowTitleGray" Template="Default" TooltipType="OnCursor" Name="EscrowLabel" TooltipColor="" TextId="MarketplaceCredd_UnboundCredd" IgnoreMouse="1" AutoScaleText="1" Tooltip=""/>
                <Control Class="Window" LAnchorPoint="0" LAnchorOffset="7" TAnchorPoint="0" TAnchorOffset="20" RAnchorPoint="1" RAnchorOffset="-7" BAnchorPoint="0" BAnchorOffset="40" RelativeToClient="1" Font="CRB_InterfaceSmall" Text="" BGColor="UI_WindowBGDefault" TextColor="UI_WindowTitleGray" Template="Default" TooltipType="OnCursor" Name="EscrowText" TooltipColor="" TextId="CRB__2"/>
            </Control>
            <Control Class="Button" Base="BK3:btnMetal_Flyout" Font="CRB_InterfaceSmall" ButtonType="PushButton" RadioGroup="" LAnchorPoint="1" LAnchorOffset="-165" TAnchorPoint="0.5" TAnchorOffset="-20" RAnchorPoint="1" RAnchorOffset="-10" BAnchorPoint="0.5" BAnchorOffset="16" DT_VCENTER="1" DT_CENTER="0" BGColor="UI_BtnBGDefault" TextColor="UI_BtnTextDefault" NormalTextColor="UI_BtnTextGoldListNormal" PressedTextColor="UI_BtnTextGoldListPressed" FlybyTextColor="UI_BtnTextGoldListFlyby" PressedFlybyTextColor="UI_BtnTextGoldListPressedFlyby" DisabledTextColor="UI_BtnTextGoldListDisabled" TooltipType="OnCursor" Name="OpenListingsBtn" TooltipColor="white" Text="" TextId="MarketplaceCommodity_OrderLimitCount" ButtonTextXMargin="8" Tooltip="" TooltipId="MarketplaceAuction_ViewMyListings" TooltipFont="CRB_InterfaceSmall_O">
                <Event Name="ButtonSignal" Function="OnOpenListingsBtn"/>
            </Control>
        </Control>
        <Pixie LAnchorPoint="0" LAnchorOffset="0" TAnchorPoint="0" TAnchorOffset="28" RAnchorPoint="1" RAnchorOffset="0" BAnchorPoint="0" BAnchorOffset="58" BGColor="ffffffff" Font="CRB_HeaderMedium" TextColor="WindowTitleColor" Text="" TextId="MarketplaceCredd_Title" DT_CENTER="1" DT_VCENTER="1" Line="0"/>
        <Control Class="Window" LAnchorPoint="0" LAnchorOffset="25" TAnchorPoint="0" TAnchorOffset="135" RAnchorPoint="1" RAnchorOffset="-25" BAnchorPoint="1" BAnchorOffset="-25" RelativeToClient="1" Font="Default" Text="" Template="Default" TooltipType="OnCursor" Name="CommonAlertMessages" BGColor="ffffffff" TextColor="ffffffff" TooltipColor="" Visible="1" HideInEditor="1" Tooltip="" IgnoreMouse="1" NewControlDepth="10">
            <Control Class="Window" LAnchorPoint="0" LAnchorOffset="0" TAnchorPoint="0" TAnchorOffset="0" RAnchorPoint="1" RAnchorOffset="0" BAnchorPoint="1" BAnchorOffset="0" RelativeToClient="1" Font="Default" Text="" Template="Default" TooltipType="OnCursor" Name="WaitingScreen" BGColor="ffffffff" TextColor="ffffffff" TooltipColor="" Sprite="ClientSprites:BlackFill" Picture="1" IgnoreMouse="1" TransitionShowHide="1" Visible="0" HideInEditor="1" Tooltip="">
                <Pixie LAnchorPoint="0.5" LAnchorOffset="-24" TAnchorPoint="0.5" TAnchorOffset="-47" RAnchorPoint="0.5" RAnchorOffset="23" BAnchorPoint="0.5" BAnchorOffset="0" BGColor="ffffffff" Font="Default" TextColor="ffffffff" Text="" Sprite="CRB_Anim_Spinner:sprAnim_SpinnerSmall" Line="0"/>
                <Pixie LAnchorPoint="0" LAnchorOffset="0" TAnchorPoint="0.5" TAnchorOffset="0" RAnchorPoint="1" RAnchorOffset="0" BAnchorPoint="0.5" BAnchorOffset="28" BGColor="ffffffff" Font="CRB_InterfaceSmall" TextColor="UI_TextMetalBodyHighlight" Text="Submitting order" TextId="" DT_CENTER="1" Line="0"/>
            </Control>
            <Control Class="Window" LAnchorPoint="0" LAnchorOffset="0" TAnchorPoint="0" TAnchorOffset="0" RAnchorPoint="1" RAnchorOffset="0" BAnchorPoint="1" BAnchorOffset="0" RelativeToClient="1" Font="Default" Text="" Template="Default" TooltipType="OnCursor" Name="RefreshAnimation" BGColor="aaffffff" TextColor="ffffffff" TooltipColor="" Picture="1" IgnoreMouse="1" Sprite="sprWinAnim_BirthSmallTemp" HideInEditor="0" Visible="1"/>
            <Control Class="Window" LAnchorPoint="0" LAnchorOffset="0" TAnchorPoint="0" TAnchorOffset="0" RAnchorPoint="1" RAnchorOffset="0" BAnchorPoint="1" BAnchorOffset="0" RelativeToClient="1" Font="Default" Text="" BGColor="UI_AlphaPercent80" TextColor="UI_WindowTextDefault" Template="Default" TooltipType="OnCursor" Name="ConfirmationBlocker" TooltipColor="" Sprite="ClientSprites:BlackFill" Picture="1" IgnoreMouse="1" TransitionShowHide="1" NewControlDepth="1" Visible="0" HideInEditor="1">
                <Control Class="Window" LAnchorPoint="0.5" LAnchorOffset="-145" TAnchorPoint="0.5" TAnchorOffset="-100" RAnchorPoint="0.5" RAnchorOffset="145" BAnchorPoint="0.5" BAnchorOffset="-56" RelativeToClient="1" Font="CRB_HeaderMedium" Text="" BGColor="UI_WindowBGDefault" TextColor="UI_WindowTitleYellow" Template="Default" TooltipType="OnCursor" Name="ConfirmationTitle" TooltipColor="" TextId="MarketplaceCommodity_BuyNow" DT_CENTER="1" DT_VCENTER="1" IgnoreMouse="1" AutoScaleText="1"/>
                <Control Class="Window" LAnchorPoint="0.5" LAnchorOffset="-75" TAnchorPoint="0.5" TAnchorOffset="-65" RAnchorPoint="0.5" RAnchorOffset="-35" BAnchorPoint="0.5" BAnchorOffset="-35" RelativeToClient="1" Font="CRB_HeaderTiny" Text="" BGColor="UI_WindowBGDefault" TextColor="UI_TextHoloBodyHighlight" Template="Default" TooltipType="OnCursor" Name="ConfirmationBigText" TooltipColor="" TextId="MarketplaceCredd_SellLabel" IgnoreMouse="1" AutoScaleText="1" HideInEditor="0" DT_VCENTER="1" Tooltip=""/>
                <Control Class="CashWindow" LAnchorPoint="0.5" LAnchorOffset="-35" TAnchorPoint="0.5" TAnchorOffset="-65" RAnchorPoint="0.5" RAnchorOffset="150" BAnchorPoint="0.5" BAnchorOffset="-35" TooltipType="OnCursor" RelativeToClient="1" Font="CRB_HeaderMedium" Text="" Template="Default" BGColor="ffffffff" TextColor="UI_BtnTextHoloNormal" DT_RIGHT="0" Name="ConfirmationBigCash" TooltipColor="" IgnoreMouse="1" DT_VCENTER="0"/>
                <Control Class="Window" LAnchorPoint="0.5" LAnchorOffset="-75" TAnchorPoint="0.5" TAnchorOffset="-40" RAnchorPoint="0.5" RAnchorOffset="-35" BAnchorPoint="0.5" BAnchorOffset="-20" RelativeToClient="1" Font="CRB_HeaderTiny" Text="" BGColor="UI_WindowBGDefault" TextColor="UI_TextHoloBody" Template="Default" TooltipType="OnCursor" Name="ConfirmationTaxText" TooltipColor="" TextId="MarketplaceCredd_Fee" IgnoreMouse="1" AutoScaleText="1" HideInEditor="0" DT_VCENTER="1"/>
                <Control Class="CashWindow" LAnchorPoint="0.5" LAnchorOffset="-35" TAnchorPoint="0.5" TAnchorOffset="-40" RAnchorPoint="0.5" RAnchorOffset="150" BAnchorPoint="0.5" BAnchorOffset="-20" TooltipType="OnCursor" RelativeToClient="1" Font="CRB_HeaderTiny" Text="" Template="Default" BGColor="ffffffff" TextColor="UI_TextHoloBody" DT_RIGHT="0" Name="ConfirmationTaxCash" TooltipColor="" IgnoreMouse="1" DT_VCENTER="0" SkipZeroes="0"/>
                <Control Class="Window" LAnchorPoint="0.5" LAnchorOffset="-75" TAnchorPoint="0.5" TAnchorOffset="-20" RAnchorPoint="0.5" RAnchorOffset="150" BAnchorPoint="0.5" BAnchorOffset="0" RelativeToClient="1" Font="CRB_HeaderTiny" Text="" BGColor="UI_WindowBGDefault" TextColor="UI_TextHoloBody" Template="Default" TooltipType="OnCursor" Name="ConfirmationSubtitle" TooltipColor="" TextId="MarketplaceCredd_Duration48h" IgnoreMouse="1" AutoScaleText="1" HideInEditor="0"/>
                <Control Class="Button" Base="BK3:btnHolo_Blue_Med" Font="CRB_ButtonHeader" ButtonType="PushButton" RadioGroup="" LAnchorPoint="0.5" LAnchorOffset="-160" TAnchorPoint="0.5" TAnchorOffset="0" RAnchorPoint="0.5" RAnchorOffset="0" BAnchorPoint="0.5" BAnchorOffset="75" DT_VCENTER="1" DT_CENTER="1" BGColor="green" TextColor="UI_BtnTextDefault" NormalTextColor="UI_BtnTextGreenNormal" PressedTextColor="UI_BtnTextGreenPressed" FlybyTextColor="UI_BtnTextGreenFlyby" PressedFlybyTextColor="UI_BtnTextGreenPressedFlyby" DisabledTextColor="UI_BtnTextGreenDisabled" TooltipType="OnCursor" Name="ConfirmationYesBtn" TooltipColor="" Text="" TextId="CRB_Confirm">
                    <Event Name="ButtonSignal" Function="OnConfirmationYesBtn"/>
                </Control>
                <Control Class="Button" Base="BK3:btnHolo_Red_Med" Font="CRB_ButtonHeader" ButtonType="PushButton" RadioGroup="" LAnchorPoint="0.5" LAnchorOffset="0" TAnchorPoint="0.5" TAnchorOffset="0" RAnchorPoint="0.5" RAnchorOffset="160" BAnchorPoint="0.5" BAnchorOffset="75" DT_VCENTER="1" DT_CENTER="1" BGColor="white" TextColor="UI_BtnTextDefault" NormalTextColor="UI_BtnTextRedNormal" PressedTextColor="UI_BtnTextRedPressed" FlybyTextColor="UI_BtnTextRedFlyby" PressedFlybyTextColor="UI_BtnTextRedPressedFlyby" DisabledTextColor="UI_BtnTextRedDisabled" TooltipType="OnCursor" Name="ConfirmationNoBtn" TooltipColor="" Text="" TextId="CRB_Back">
                    <Event Name="ButtonSignal" Function="OnConfirmationClose"/>
                </Control>
                <Control Class="Button" Base="BK3:btnHolo_Close" Font="DefaultButton" ButtonType="PushButton" RadioGroup="" LAnchorPoint="0.5" LAnchorOffset="118" TAnchorPoint="0.5" TAnchorOffset="-100" RAnchorPoint="0.5" RAnchorOffset="160" BAnchorPoint="0.5" BAnchorOffset="-56" DT_VCENTER="1" DT_CENTER="1" BGColor="UI_BtnBGDefault" TextColor="UI_BtnTextDefault" NormalTextColor="UI_BtnTextDefault" PressedTextColor="UI_BtnTextDefault" FlybyTextColor="UI_BtnTextDefault" PressedFlybyTextColor="UI_BtnTextDefault" DisabledTextColor="UI_BtnTextDefault" TooltipType="OnCursor" Name="ConfirmationCloseBtn" TooltipColor="">
                    <Event Name="ButtonSignal" Function="OnConfirmationClose"/>
                </Control>
                <Pixie LAnchorPoint="0.5" LAnchorOffset="-180" TAnchorPoint="0.5" TAnchorOffset="-115" RAnchorPoint="0.5" RAnchorOffset="180" BAnchorPoint="0.5" BAnchorOffset="90" BGColor="UI_WindowBGDefault" Font="Default" TextColor="UI_WindowTextDefault" Text="" Sprite="BK3:sprHolo_Alert_Confirm" Line="0"/>
                <Pixie LAnchorPoint="0.5" LAnchorOffset="-150" TAnchorPoint="0.5" TAnchorOffset="-65" RAnchorPoint="0.5" RAnchorOffset="-85" BAnchorPoint="0.5" BAnchorOffset="0" BGColor="UI_WindowBGDefault" Font="Default" TextColor="UI_WindowTextDefault" Text="" Sprite="BK3:UI_BK3_Holo_InsetDivider" Line="0"/>
                <Pixie LAnchorPoint="0.5" LAnchorOffset="-147" TAnchorPoint="0.5" TAnchorOffset="-62" RAnchorPoint="0.5" RAnchorOffset="-88" BAnchorPoint="0.5" BAnchorOffset="-3" BGColor="UI_WindowBGDefault" Font="Default" TextColor="UI_WindowTextDefault" Text="" Sprite="IconSprites:Icon_ItemMisc_UI_Icon_CREDD" Line="0"/>
            </Control>
            <Control Class="Window" LAnchorPoint="0" LAnchorOffset="0" TAnchorPoint="0" TAnchorOffset="0" RAnchorPoint="1" RAnchorOffset="0" BAnchorPoint="1" BAnchorOffset="0" RelativeToClient="1" Font="Default" Text="" Template="Default" TooltipType="OnCursor" Name="PostResultNotification" BGColor="UI_AlphaPercent80" TextColor="white" TooltipColor="" IgnoreMouse="0" TransitionShowHide="1" Visible="0" HideInEditor="0" Sprite="BK3:UI_BK3_Metal_Framing_BlockerRight" Picture="1" TooltipFont="CRB_InterfaceSmall_O">
                <Event Name="MouseButtonUp" Function="OnHidePostResultNotification"/>
                <Control Class="Window" LAnchorPoint="0.5" LAnchorOffset="-155" TAnchorPoint="0.5" TAnchorOffset="-70" RAnchorPoint="1" RAnchorOffset="-75" BAnchorPoint="0.5" BAnchorOffset="-45" RelativeToClient="1" Font="CRB_HeaderLarge" Text="" Template="Default" TooltipType="OnCursor" Name="PostResultNotificationLabel" BGColor="white" TextColor="UI_WindowTitleYellow" TooltipColor="" TextId="CombatFloaterType_Error" DT_CENTER="1" DT_VCENTER="1" NewControlDepth="1" Tooltip=""/>
                <Control Class="Window" LAnchorPoint="0.5" LAnchorOffset="-120" TAnchorPoint="0.5" TAnchorOffset="-40" RAnchorPoint="0.5" RAnchorOffset="120" BAnchorPoint="0.5" BAnchorOffset="40" RelativeToClient="1" Font="CRB_InterfaceMedium" Text="" Template="Holo_TextCallout" TooltipType="OnCursor" Name="PostResultNotificationSubText" BGColor="white" TextColor="UI_TextHoloBodyHighlight" TooltipColor="" TextId="MarketplaceAuction_TechnicalDifficulties" DT_CENTER="1" DT_WORDBREAK="1" DT_VCENTER="1" Border="1" IgnoreMouse="1" UseTemplateBG="1"/>
                <Control Class="Window" LAnchorPoint="0.5" LAnchorOffset="-175" TAnchorPoint="0.5" TAnchorOffset="-25" RAnchorPoint="0.5" RAnchorOffset="-125" BAnchorPoint="0.5" BAnchorOffset="25" RelativeToClient="1" Font="Default" Text="" BGColor="UI_WindowBGDefault" TextColor="UI_WindowTextDefault" Template="Default" TooltipType="OnCursor" Name="PostResultNotificationCheck" TooltipColor="" Sprite="ClientSprites:LootCloseBox" Picture="1" IgnoreMouse="1"/>
                <Pixie LAnchorPoint="0.5" LAnchorOffset="-230" TAnchorPoint="0.5" TAnchorOffset="-105" RAnchorPoint="0.5" RAnchorOffset="230" BAnchorPoint="0.5" BAnchorOffset="105" BGColor="white" Font="CRB_InterfaceMedium" TextColor="UI_TextHoloBodyCyan" Text="" TextId="" Sprite="BK3:sprHolo_Alert_Notify" DT_CENTER="1" DT_VCENTER="1" Line="0"/>
            </Control>
        </Control>
        <Control Class="Window" LAnchorPoint="0" LAnchorOffset="0" TAnchorPoint="0" TAnchorOffset="0" RAnchorPoint="1" RAnchorOffset="0" BAnchorPoint="1" BAnchorOffset="0" RelativeToClient="1" Font="CRB_Button" Text="" Template="Metal_Primary_Nav" TooltipType="OnCursor" Name="BGFrame" BGColor="ffffffff" TextColor="ffffffff" TooltipColor="" Picture="1" IgnoreMouse="1" Sprite="" Border="1" UseTemplateBG="1" HideInEditor="0" NewWindowDepth="1">
            <Pixie LAnchorPoint="0.5" LAnchorOffset="-150" TAnchorPoint="0" TAnchorOffset="27" RAnchorPoint="0.5" RAnchorOffset="150" BAnchorPoint="0" BAnchorOffset="63" BGColor="UI_WindowBGDefault" Font="CRB_HeaderMedium" TextColor="UI_WindowTitleYellow" Text="" TextId="MarketplaceCredd_Title" Sprite="BK3:sprMetal_Framing_Header" DT_CENTER="1" DT_VCENTER="1" Line="0"/>
            <Control Class="Button" Base="BK3:btnMetal_TabMainLeft" Font="CRB_Button" ButtonType="Check" RadioGroup="MarketplaceC_HeaderRadioGroup" LAnchorPoint="0" LAnchorOffset="27" TAnchorPoint="0" TAnchorOffset="50" RAnchorPoint="0.5" RAnchorOffset="0" BAnchorPoint="0" BAnchorOffset="123" DT_VCENTER="1" DT_CENTER="1" TooltipType="OnCursor" Name="HeaderBuyBtn" BGColor="ffffffff" TextColor="ffffffff" TooltipColor="" NormalTextColor="UI_BtnTextGoldListNormal" PressedTextColor="UI_BtnTextGoldListPressed" FlybyTextColor="UI_BtnTextGoldListFlyby" PressedFlybyTextColor="UI_BtnTextGoldListPressedFlyby" DisabledTextColor="UI_BtnTextGoldListDisabled" Text="" TextId="CRB_Buy" GlobalRadioGroup="" Tooltip="" NewControlDepth="1" RadioDisallowNonSelection="1" RelativeToClient="0" NeverBringToFront="1" TooltipFont="CRB_InterfaceSmall_O" TooltipId="" DrawAsCheckbox="0" TestAlpha="1">
                <Event Name="ButtonCheck" Function="OnHeaderTabCheck"/>
            </Control>
            <Control Class="Button" Base="BK3:btnMetal_TabMainMid" Font="CRB_Button" ButtonType="PushButton" RadioGroup="" LAnchorPoint="0" LAnchorOffset="175" TAnchorPoint="0" TAnchorOffset="50" RAnchorPoint="1" RAnchorOffset="-175" BAnchorPoint="0" BAnchorOffset="123" Name="OpenMarketListingsBtn" BGColor="white" TextColor="white" NormalTextColor="UI_BtnTextGoldListNormal" PressedTextColor="UI_BtnTextGoldListPressed" FlybyTextColor="UI_BtnTextGoldListFlyby" PressedFlybyTextColor="UI_BtnTextGoldListPressedFlyby" DisabledTextColor="UI_BtnTextGoldListDisabled" RelativeToClient="0" TooltipColor="" IgnoreTooltipDelay="1" TooltipType="OnCursor" TooltipFont="CRB_InterfaceSmall_O" Tooltip="" TooltipId="" Text="" TextId="MarketplaceCredd_MyListings" DT_CENTER="1" DT_VCENTER="1" ButtonTextXMargin="10" TestAlpha="1" NeverBringToFront="1" Visible="0" HideInEditor="1">
                <Event Name="ButtonSignal" Function="OnOpenMarketListingsBtn"/>
            </Control>
            <Control Class="Button" Base="BK3:btnMetal_TabMainRight" Font="CRB_Button" ButtonType="Check" RadioGroup="MarketplaceC_HeaderRadioGroup" LAnchorPoint="0.5" LAnchorOffset="0" TAnchorPoint="0" TAnchorOffset="50" RAnchorPoint="1" RAnchorOffset="-27" BAnchorPoint="0" BAnchorOffset="123" DT_VCENTER="1" DT_CENTER="1" TooltipType="OnCursor" Name="HeaderSellBtn" BGColor="ffffffff" TextColor="ffffffff" TooltipColor="" NormalTextColor="UI_BtnTextGoldListNormal" PressedTextColor="UI_BtnTextGoldListPressed" FlybyTextColor="UI_BtnTextGoldListFlyby" PressedFlybyTextColor="UI_BtnTextGoldListPressedFlyby" DisabledTextColor="UI_BtnTextGoldListDisabled" Text="" TextId="CRB_Sell" GlobalRadioGroup="" RadioDisallowNonSelection="1" RelativeToClient="0" NeverBringToFront="1" Tooltip="" TooltipFont="CRB_Interface9_O" TooltipId="" TestAlpha="1">
                <Event Name="ButtonCheck" Function="OnHeaderTabCheck"/>
            </Control>
            <Control Class="Button" Base="CRB_Basekit:kitBtn_Holo_CircleSmall" Font="DefaultButton" ButtonType="Check" RadioGroup="" LAnchorPoint="1" LAnchorOffset="-40" TAnchorPoint="0" TAnchorOffset="46" RAnchorPoint="1" RAnchorOffset="-10" BAnchorPoint="0" BAnchorOffset="76" DT_VCENTER="1" DT_CENTER="1" BGColor="UI_BtnBGDefault" TextColor="UI_BtnTextDefault" NormalTextColor="UI_BtnTextDefault" PressedTextColor="UI_BtnTextDefault" FlybyTextColor="UI_BtnTextDefault" PressedFlybyTextColor="UI_BtnTextDefault" DisabledTextColor="UI_BtnTextDefault" TooltipType="OnCursor" Name="ShowTutorialsBtn" TooltipColor="" RelativeToClient="0" NewControlDepth="1" NoClip="1">
                <Event Name="ButtonSignal" Function="YourFunctionName"/>
                <Pixie LAnchorPoint="0" LAnchorOffset="3" TAnchorPoint="0" TAnchorOffset="5" RAnchorPoint="1" RAnchorOffset="-3" BAnchorPoint="1" BAnchorOffset="5" Sprite="CRB_Basekit:kitIcon_Holo_QuestionMark" BGColor="white" TextColor="black" Rotation="0" Font="CRB_Interface10_B"/>
            </Control>
            <Control Class="Button" Base="CRB_Basekit:kitBtn_Close" Font="Thick" ButtonType="PushButton" RadioGroup="" LAnchorPoint="1" LAnchorOffset="-51" TAnchorPoint="0" TAnchorOffset="26" RAnchorPoint="1" RAnchorOffset="-24" BAnchorPoint="0" BAnchorOffset="55" DT_VCENTER="1" DT_CENTER="1" TooltipType="OnCursor" Name="CloseBtn" BGColor="ffffffff" TextColor="ffffffff" TooltipColor="" NormalTextColor="ffffffff" PressedTextColor="ffffffff" FlybyTextColor="ffffffff" PressedFlybyTextColor="ffffffff" DisabledTextColor="ffffffff" Tooltip="">
                <Event Name="ButtonSignal" Function="OnClose"/>
            </Control>
        </Control>
        <Control Class="CashWindow" LAnchorPoint="0" LAnchorOffset="0" TAnchorPoint="0" TAnchorOffset="0" RAnchorPoint="0" RAnchorOffset="0" BAnchorPoint="0" BAnchorOffset="0" TooltipType="OnCursor" RelativeToClient="1" Font="CRB_InterfaceSmall" Text="" Template="Default" BGColor="ffffffff" TextColor="ffffffff" Name="HiddenCashWindow" TooltipColor="" Visible="0" DT_CENTER="0"/>
        <Event Name="WindowClosed" Function="OnClose"/>
    </Form>
    <Form Class="Window" LAnchorPoint="0" LAnchorOffset="0" TAnchorPoint="0" TAnchorOffset="0" RAnchorPoint="1" RAnchorOffset="0" BAnchorPoint="0" BAnchorOffset="50" RelativeToClient="1" Font="Default" Text="" BGColor="UI_WindowBGDefault" TextColor="UI_WindowTextDefault" Template="Default" TooltipType="OnCursor" Name="MarketDataForm" TooltipColor="" Tooltip="" IgnoreMouse="1" Overlapped="1">
        <Control Class="Window" LAnchorPoint="0" LAnchorOffset="0" TAnchorPoint="0" TAnchorOffset="0" RAnchorPoint="1" RAnchorOffset="0" BAnchorPoint="0" BAnchorOffset="20" RelativeToClient="1" Font="CRB_HeaderTiny" Text="" BGColor="UI_WindowBGDefault" TextColor="UI_WindowTitleGray" Template="Default" TooltipType="OnCursor" Name="MarketDataFormLabel" TooltipColor="" TextId="Challenges_NoProgress"/>
        <Control Class="CashWindow" LAnchorPoint="0" LAnchorOffset="0" TAnchorPoint="0" TAnchorOffset="17" RAnchorPoint="1" RAnchorOffset="0" BAnchorPoint="0" BAnchorOffset="37" TooltipType="OnCursor" RelativeToClient="1" Font="CRB_HeaderTiny" Text="" Template="Default" BGColor="ffffffff" TextColor="UI_WindowTitleGray" DT_RIGHT="0" Name="MarketDataFormPrice" TooltipColor="" HideInEditor="0" Visible="1" SkipZeroes="0" IgnoreMouse="1"/>
    </Form>
    <Form Class="Window" LAnchorPoint="MarketplaceCredd_Right" LAnchorOffset="0" TAnchorPoint="MarketplaceCredd_Top" TAnchorOffset="0" RAnchorPoint="MarketplaceCredd_Right" RAnchorOffset="350" BAnchorPoint="MarketplaceCredd_Top" BAnchorOffset="500" RelativeToClient="1" Font="Default" Text="" Template="Default" Name="MarketplaceListingsForm" Border="0" Picture="0" SwallowMouseClicks="1" Moveable="1" Escapable="1" Overlapped="1" BGColor="ffffffff" TextColor="ffffffff" TextId="" TooltipColor="" Tooltip="" IgnoreMouse="0" Sizable="1" Sprite="" NoClip="1" Visible="0" TopEdgeControlsAnchor="">
        <Control Class="Window" LAnchorPoint="0" LAnchorOffset="20" TAnchorPoint="0" TAnchorOffset="54" RAnchorPoint="1" RAnchorOffset="-15" BAnchorPoint="1" BAnchorOffset="-10" RelativeToClient="1" Font="CRB_InterfaceMedium_B" Text="" Template="CRB_Scroll_HoloLarge" TooltipType="OnCursor" Name="ListingMainScroll" BGColor="ffffffff" TextColor="UI_TextMetalBodyHighlight" TooltipColor="" VScroll="1" IgnoreMouse="1" DT_CENTER="1" DT_VCENTER="1"/>
        <Control Class="Window" LAnchorPoint="0" LAnchorOffset="19" TAnchorPoint="0" TAnchorOffset="54" RAnchorPoint="1" RAnchorOffset="-13" BAnchorPoint="1" BAnchorOffset="-10" RelativeToClient="1" Font="Default" Text="" Template="Default" TooltipType="OnCursor" Name="WaitScreen" BGColor="ffffffff" TextColor="ffffffff" TooltipColor="" Sprite="ClientSprites:BlackFill" Picture="1" IgnoreMouse="1" NewControlDepth="4" TransitionShowHide="1" Visible="0" HideInEditor="1">
            <Pixie LAnchorPoint="0.5" LAnchorOffset="-28" TAnchorPoint="0.5" TAnchorOffset="-28" RAnchorPoint="0.5" RAnchorOffset="28" BAnchorPoint="0.5" BAnchorOffset="28" BGColor="ffffffff" Font="Default" TextColor="ffffffff" Text="" Sprite="CRB_Anim_Spinner:sprAnim_SpinnerSmall" Line="0"/>
        </Control>
        <Control Class="Window" LAnchorPoint="0" LAnchorOffset="12" TAnchorPoint="0" TAnchorOffset="23" RAnchorPoint="1" RAnchorOffset="-12" BAnchorPoint="0" BAnchorOffset="60" RelativeToClient="1" Font="Default" Text="" Template="Default" TooltipType="OnCursor" Name="TitleBG" BGColor="ffffffff" TextColor="ffffffff" TooltipColor="" Picture="1" IgnoreMouse="1" Sprite="CRB_Basekit:kitHeader_MetalGrey_TitleMarked" Tooltip="">
            <Control Class="Window" LAnchorPoint="0" LAnchorOffset="0" TAnchorPoint="0" TAnchorOffset="0" RAnchorPoint="1" RAnchorOffset="0" BAnchorPoint="1" BAnchorOffset="-4" RelativeToClient="1" Font="CRB_InterfaceMedium_B" Text="C.R.E.D.D. Listings" Template="Default" TooltipType="OnCursor" Name="TitleBGText" BGColor="ffffffff" TextColor="ff5f6662" TooltipColor="" DT_CENTER="1" DT_VCENTER="1" TextId=""/>
        </Control>
        <Control Class="Window" LAnchorPoint="0" LAnchorOffset="0" TAnchorPoint="0" TAnchorOffset="0" RAnchorPoint="1" RAnchorOffset="8" BAnchorPoint="1" BAnchorOffset="16" RelativeToClient="1" Font="Default" Text="" Template="Default" TooltipType="OnCursor" Name="FrameBG" BGColor="ffffffff" TextColor="ffffffff" TooltipColor="" Picture="1" IgnoreMouse="1" Sprite="CRB_Basekit:kitOuterFrame_MetalGold_Small2" Visible="1" HideInEditor="0" NewControlDepth="1"/>
        <Pixie LAnchorPoint="0" LAnchorOffset="12" TAnchorPoint="0" TAnchorOffset="38" RAnchorPoint="1" RAnchorOffset="-12" BAnchorPoint="1" BAnchorOffset="-12" BGColor="ffffffff" Font="Default" TextColor="ffffffff" Text="" Sprite="CRB_Basekit:kitBase_MetalGrey_Small" Line="0"/>
        <Control Class="Button" Base="CRB_Basekit:kitBtn_Close" Font="Thick" ButtonType="PushButton" RadioGroup="" LAnchorPoint="1" LAnchorOffset="-27" TAnchorPoint="0" TAnchorOffset="8" RAnchorPoint="1" RAnchorOffset="0" BAnchorPoint="0" BAnchorOffset="37" DT_VCENTER="1" DT_CENTER="1" TooltipType="OnCursor" Name="CloseBtn" BGColor="ffffffff" TextColor="ffffffff" TooltipColor="" NormalTextColor="ffffffff" PressedTextColor="ffffffff" FlybyTextColor="ffffffff" PressedFlybyTextColor="ffffffff" DisabledTextColor="ffffffff">
            <Event Name="ButtonSignal" Function="OnCloseOrdersBtn"/>
        </Control>
    </Form>
    <Form Class="Window" LAnchorPoint="0" LAnchorOffset="0" TAnchorPoint="0" TAnchorOffset="0" RAnchorPoint="1" RAnchorOffset="0" BAnchorPoint="0" BAnchorOffset="111" RelativeToClient="1" Font="Default" Text="" Template="Default" TooltipType="OnCursor" Name="MarketListingForm" BGColor="ffffffff" TextColor="ffffffff" TooltipColor="" Picture="1" IgnoreMouse="1" Sprite="">
        <Control Class="Window" LAnchorPoint="0" LAnchorOffset="-8" TAnchorPoint="0" TAnchorOffset="0" RAnchorPoint="1" RAnchorOffset="0" BAnchorPoint="1" BAnchorOffset="0" RelativeToClient="1" Font="Default" Text="" Template="Default" TooltipType="OnCursor" Name="BuyBG" BGColor="9dffff00" TextColor="ffffffff" TooltipColor="" Sprite="kitBase_HoloBlue_PopoutSmall" Picture="1" IgnoreMouse="1" Visible="0" HideInEditor="1"/>
        <Control Class="Window" LAnchorPoint="0" LAnchorOffset="0" TAnchorPoint="0" TAnchorOffset="0" RAnchorPoint="1" RAnchorOffset="8" BAnchorPoint="1" BAnchorOffset="0" RelativeToClient="1" Font="Default" Text="" Template="Default" TooltipType="OnCursor" Name="SellBG" BGColor="9dffffff" TextColor="ffffffff" TooltipColor="" Sprite="spr_TEMP_HoloBlue_PopoutSmall_Reverse" Picture="1" IgnoreMouse="1" HideInEditor="0" Visible="0"/>
        <Control Class="Window" LAnchorPoint="0" LAnchorOffset="20" TAnchorPoint="0" TAnchorOffset="18" RAnchorPoint="1" RAnchorOffset="-14" BAnchorPoint="0" BAnchorOffset="38" RelativeToClient="1" Font="CRB_InterfaceLarge_O" Text="" Template="Default" TooltipType="OnCursor" Name="ItemName" BGColor="ffffffff" TextColor="ff31fcf6" TooltipColor="" TextId="Challenges_NoProgress" HideInEditor="0" Tooltip=""/>
        <Control Class="CashWindow" LAnchorPoint="0" LAnchorOffset="20" TAnchorPoint="0" TAnchorOffset="33" RAnchorPoint="1" RAnchorOffset="-12" BAnchorPoint="0" BAnchorOffset="68" TooltipType="OnCursor" RelativeToClient="1" Font="CRB_InterfaceSmall" Text="" Template="Default" BGColor="ffffffff" TextColor="UI_TextHoloBody" Name="Price" TooltipColor="" SkipZeroes="1" DT_VCENTER="1"/>
        <Control Class="Window" LAnchorPoint="0" LAnchorOffset="20" TAnchorPoint="0" TAnchorOffset="64" RAnchorPoint="0" RAnchorOffset="44" BAnchorPoint="0" BAnchorOffset="88" RelativeToClient="1" Font="Default" Text="" Template="Default" TooltipType="OnCursor" Name="TimeIcon" BGColor="ffffffff" TextColor="ffffffff" TooltipColor="" Picture="1" IgnoreMouse="1" Sprite="CRB_Basekit:kitIcon_Holo_Clock"/>
        <Control Class="Window" LAnchorPoint="0" LAnchorOffset="50" TAnchorPoint="0" TAnchorOffset="60" RAnchorPoint="1" RAnchorOffset="-109" BAnchorPoint="0" BAnchorOffset="92" RelativeToClient="1" Font="CRB_InterfaceSmall_O" Text="" Template="Default" TooltipType="OnCursor" Name="TimeLeftText" BGColor="ffffffff" TextColor="UI_TextHoloBody" TooltipColor="" TextId="Challenges_NoProgress" DT_VCENTER="1"/>
        <Control Class="Button" Base="CRB_Basekit:kitBtn_Holo" Font="CRB_InterfaceSmall_O" ButtonType="PushButton" RadioGroup="" LAnchorPoint="1" LAnchorOffset="-109" TAnchorPoint="1" TAnchorOffset="-45" RAnchorPoint="1" RAnchorOffset="-13" BAnchorPoint="1" BAnchorOffset="-19" DT_VCENTER="1" DT_CENTER="1" TooltipType="OnCursor" Name="CancelBtn" BGColor="ffffffff" TextColor="ffffffff" TooltipColor="" NormalTextColor="UI_TextHoloBody" PressedTextColor="ffffffff" FlybyTextColor="ffffffff" PressedFlybyTextColor="ffffffff" DisabledTextColor="ffffffff" Text="" TextId="Cancel">
            <Event Name="ButtonSignal" Function="OnMarketOrderCancelBtn"/>
        </Control>
    </Form>
    <Form Class="Window" LAnchorPoint="0" LAnchorOffset="0" TAnchorPoint="0" TAnchorOffset="0" RAnchorPoint="0" RAnchorOffset="353" BAnchorPoint="0" BAnchorOffset="132" RelativeToClient="1" Font="Default" Text="" Template="Default" TooltipType="OnCursor" Name="FullStatsFrame" BGColor="white" TextColor="white" TooltipColor="" Picture="1" IgnoreMouse="1" Sprite="CRB_Basekit:kitBase_HoloBlue_SmallGreenCorners" NewControlDepth="1" NoClip="1" NewWindowDepth="1" CloseOnExternalClick="1" Overlapped="1" Tooltip="">
        <Control Class="Window" LAnchorPoint="0" LAnchorOffset="16" TAnchorPoint="0" TAnchorOffset="12" RAnchorPoint="1" RAnchorOffset="-16" BAnchorPoint="0" BAnchorOffset="32" RelativeToClient="1" Font="CRB_InterfaceMedium" Text="" Template="Default" TooltipType="OnCursor" Name="Pixie" BGColor="white" TextColor="UI_TextHoloTitle" TooltipColor="" TextId="MarketplaceCredd_FullMarketStats" DT_CENTER="1"/>
        <Control Class="Window" LAnchorPoint="0" LAnchorOffset="75" TAnchorPoint="0" TAnchorOffset="35" RAnchorPoint="0" RAnchorOffset="190" BAnchorPoint="0" BAnchorOffset="55" RelativeToClient="1" Font="CRB_InterfaceSmall" Text="" Template="Default" TooltipType="OnCursor" Name="Pixie" BGColor="white" TextColor="UI_TextHoloBodyHighlight" TooltipColor="" TextId="MarketplaceCommodity_BuyOrderAvg" Tooltip=""/>
        <Control Class="Window" LAnchorPoint="0" LAnchorOffset="236" TAnchorPoint="0" TAnchorOffset="35" RAnchorPoint="0" RAnchorOffset="351" BAnchorPoint="0" BAnchorOffset="55" RelativeToClient="1" Font="CRB_InterfaceSmall" Text="" Template="Default" TooltipType="OnCursor" Name="Pixie" BGColor="white" TextColor="UI_TextHoloBodyHighlight" TooltipColor="" TextId="MarketplaceCommodity_SellOrderAvg" Tooltip=""/>
        <Pixie LAnchorPoint="0" LAnchorOffset="0" TAnchorPoint="0" TAnchorOffset="0" RAnchorPoint="1" RAnchorOffset="0" BAnchorPoint="1" BAnchorOffset="0" Sprite="CRB_Basekit:kitBase_HoloBlue_SmallGreenCorners" BGColor="white" TextColor="black" Rotation="0" Font="Default" Text=""/>
        <Event Name="WindowClosed" Function="OnListFullStatsClosed"/>
        <Control Class="Grid" LAnchorPoint="0" LAnchorOffset="15" TAnchorPoint="0" TAnchorOffset="55" RAnchorPoint="1" RAnchorOffset="-15" BAnchorPoint="0" BAnchorOffset="115" RelativeToClient="1" Font="CRB_InterfaceSmall_O" Text="" Template="Default" TooltipType="OnCursor" Name="FullStatsGrid" BGColor="white" TextColor="white" TooltipColor="" CellBGNormalColor="" CellBGSelectedColor="" CellBGNormalFocusColor="" CellBGSelectedFocusColor="" TextNormalColor="" TextSelectedColor="" TextNormalFocusColor="" TextSelectedFocusColor="" RowHeight="20" MultiColumn="1" SelectWholeRow="0" IgnoreMouse="1" Visible="1" HideInEditor="0" CellBGBase="CRB_DEMO_WrapperSprites:btnDemo_CharInvisibleNormal" HorzRowMargin="0" HorzCellMargin="0" VertRowMargin="0" ImageTextSpacing="0">
            <Column Name="Count" Width="60" TextColor="UI_TextHoloBody" Image="" MinWidth="10" MaxWidth="1000" MergeLeft="0" SimpleSort="1" DT_VCENTER="0" DT_RIGHT="1"/>
            <Column Name="Price" Width="160" TextColor="UI_TextHoloBody" Image="" MinWidth="10" MaxWidth="2048" MergeLeft="1" SimpleSort="1" DT_VCENTER="0" DT_RIGHT="0" DT_CENTER="0"/>
            <Column Name="Price2" Width="160" TextColor="UI_TextHoloBody" Image="" MinWidth="10" MaxWidth="2048" MergeLeft="0" SimpleSort="1" DT_VCENTER="0"/>
        </Control>
    </Form>
</Forms>
