<?xml version="1.0" encoding="UTF-8" standalone="yes" ?>
<Forms>
    <Form Name="OptionsInterfaceForm" Class="Window" LAnchorPoint="0" LAnchorOffset="120" TAnchorPoint=".5" TAnchorOffset="-400" RAnchorPoint="0" RAnchorOffset="560" BAnchorPoint=".5" BAnchorOffset="361" Border="0" Picture="0" Sprite="GreyBevMiddle" BGColor="0xwhite" SwallowMouseClicks="1" Escapable="1" Template="" TextColor="white" Overlapped="1" UseTemplateBG="0" TooltipColor="" Tooltip="" Visible="0" Moveable="1" Text="">
        <Control Class="Window" LAnchorPoint="0" LAnchorOffset="0" TAnchorPoint="0" TAnchorOffset="0" RAnchorPoint="1" RAnchorOffset="0" BAnchorPoint="1" BAnchorOffset="0" RelativeToClient="1" Font="Default" Text="" Template="Default" TooltipType="OnCursor" Name="BGArt" BGColor="white" TextColor="white" TooltipColor="">
            <Control Class="Window" LAnchorPoint="0" LAnchorOffset="24" TAnchorPoint="0" TAnchorOffset="69" RAnchorPoint="1" RAnchorOffset="-25" BAnchorPoint="1" BAnchorOffset="-19" RelativeToClient="1" Font="Default" Text="" Template="Holo_Background_General" TooltipType="OnCursor" Name="BGArt_Base" BGColor="white" TextColor="white" TooltipColor="" Picture="1" IgnoreMouse="1" Sprite=""/>
        </Control>
        <Control Name="OptionsFrame" Class="Window" LAnchorPoint="0" LAnchorOffset="40" TAnchorPoint="0" TAnchorOffset="87" RAnchorPoint="1" RAnchorOffset="-40" BAnchorPoint="1" BAnchorOffset="-205" Border="0" Picture="1" Sprite="BK3:UI_BK3_Holo_InsetHeader" BGColor="white" SwallowMouseClicks="0" Escapable="0" Template="CRB_InnerWindow" TextColor="white" Overlapped="0" UseTemplateBG="0" RelativeToClient="1" TooltipColor="" Visible="1" Text="" IgnoreMouse="1" NewControlDepth="5" Tooltip="">
            <Control Class="Button" Name="InvertMouse" ButtonType="Check" Base="BK3:btnHolo_Radio_Big" Font="CRB_InterfaceMedium" DT_CENTER="0" DT_VCENTER="1" DrawAsCheckbox="1" BGColor="white" TextColor="UI_TextHoloBodyHighlight" LAnchorPoint="0.00000" LAnchorOffset="15" TAnchorPoint="0.00000" TAnchorOffset="51" RAnchorPoint="1" RAnchorOffset="5" BAnchorPoint="0.00000" BAnchorOffset="78" TextId="CRB_Invert_Mouse" TooltipColor="" NormalTextColor="UI_BtnTextHoloNormal" PressedTextColor="UI_BtnTextHoloPressed" FlybyTextColor="UI_BtnTextHoloFlyby" PressedFlybyTextColor="UI_BtnTextHoloPressedFlyby" DisabledTextColor="UI_BtnTextHoloDisabled">
                <Event Name="ButtonCheck" Function="OnInvertMouse"/>
                <Event Name="ButtonUncheck" Function="OnInvertMouse"/>
            </Control>
            <Control Class="Button" Name="ClickToMove" ButtonType="Check" Base="BK3:btnHolo_Radio_Big" Font="CRB_InterfaceMedium" DT_CENTER="0" DT_VCENTER="1" DrawAsCheckbox="1" BGColor="white" TextColor="UI_TextHoloBodyHighlight" LAnchorPoint="0.00000" LAnchorOffset="15" TAnchorPoint="0.00000" TAnchorOffset="86" RAnchorPoint="1" RAnchorOffset="5" BAnchorPoint="0.00000" BAnchorOffset="113" TextId="CRB_Click_To_Move" TooltipColor="" NormalTextColor="UI_BtnTextHoloNormal" PressedTextColor="UI_BtnTextHoloPressed" FlybyTextColor="UI_BtnTextHoloFlyby" PressedFlybyTextColor="UI_BtnTextHoloPressedFlyby" DisabledTextColor="UI_BtnTextHoloDisabled">
                <Event Name="ButtonCheck" Function="OnClickToMove"/>
                <Event Name="ButtonUncheck" Function="OnClickToMove"/>
            </Control>
            <Control Class="Button" Name="MoveToActivate" ButtonType="Check" Base="BK3:btnHolo_Radio_Big" Font="CRB_InterfaceMedium" DT_CENTER="0" DT_VCENTER="1" DrawAsCheckbox="1" BGColor="white" TextColor="UI_TextHoloBodyHighlight" LAnchorPoint="0.00000" LAnchorOffset="15" TAnchorPoint="0.00000" TAnchorOffset="121" RAnchorPoint="1" RAnchorOffset="5" BAnchorPoint="0.00000" BAnchorOffset="148" TextId="CRB_Move_To_Activate" TooltipColor="" NormalTextColor="UI_BtnTextHoloNormal" PressedTextColor="UI_BtnTextHoloPressed" FlybyTextColor="UI_BtnTextHoloFlyby" PressedFlybyTextColor="UI_BtnTextHoloPressedFlyby" DisabledTextColor="UI_BtnTextHoloDisabled" Text="">
                <Event Name="ButtonCheck" Function="OnMoveToActivate"/>
                <Event Name="ButtonUncheck" Function="OnMoveToActivate"/>
            </Control>
            <Control Class="Button" Name="ToggleQuestMarkers" ButtonType="Check" Base="BK3:btnHolo_Radio_Big" Font="CRB_InterfaceMedium" DT_CENTER="0" DT_VCENTER="1" DrawAsCheckbox="1" BGColor="white" TextColor="UI_TextHoloBodyHighlight" LAnchorPoint="0.00000" LAnchorOffset="15" TAnchorPoint="0.00000" TAnchorOffset="156" RAnchorPoint="1" RAnchorOffset="5" BAnchorPoint="0.00000" BAnchorOffset="183" TextId="InterfaceOptions_ToggleQuestMarkers" TooltipColor="" NormalTextColor="UI_BtnTextHoloNormal" PressedTextColor="UI_BtnTextHoloPressed" FlybyTextColor="UI_BtnTextHoloFlyby" PressedFlybyTextColor="UI_BtnTextHoloPressedFlyby" DisabledTextColor="UI_BtnTextHoloDisabled" Text="" Tooltip="">
                <Event Name="ButtonCheck" Function="OnMappedOptionsQuestCallouts"/>
                <Event Name="ButtonUncheck" Function="OnMappedOptionsQuestCallouts"/>
            </Control>
            <Control Class="Button" Name="IgnoreDuelRequests" ButtonType="Check" Base="BK3:btnHolo_Radio_Big" Font="CRB_InterfaceMedium" DT_CENTER="0" DT_VCENTER="1" DrawAsCheckbox="1" BGColor="white" TextColor="UI_TextHoloBodyHighlight" LAnchorPoint="0.00000" LAnchorOffset="15" TAnchorPoint="0.00000" TAnchorOffset="191" RAnchorPoint="1" RAnchorOffset="5" BAnchorPoint="0.00000" BAnchorOffset="218" TextId="InterfaceOptions_IgnoreDuelRequests" TooltipColor="" NormalTextColor="UI_BtnTextHoloNormal" PressedTextColor="UI_BtnTextHoloPressed" FlybyTextColor="UI_BtnTextHoloFlyby" PressedFlybyTextColor="UI_BtnTextHoloPressedFlyby" DisabledTextColor="UI_BtnTextHoloDisabled" Text="">
                <Event Name="ButtonCheck" Function="OnMappedOptionsSetIgnoreDuels"/>
                <Event Name="ButtonUncheck" Function="OnMappedOptionsUnsetIgnoreDuels"/>
            </Control>
            <Control Class="Button" Name="StickyTargeting" ButtonType="Check" Base="BK3:btnHolo_Radio_Big" Font="CRB_InterfaceMedium" DT_CENTER="0" DT_VCENTER="1" DrawAsCheckbox="1" BGColor="white" TextColor="UI_TextHoloBodyHighlight" LAnchorPoint="0.00000" LAnchorOffset="15" TAnchorPoint="0.00000" TAnchorOffset="226" RAnchorPoint="1" RAnchorOffset="5" BAnchorPoint="0" BAnchorOffset="253" TextId="InterfaceOptions_StickyTargeting" TooltipColor="" NormalTextColor="UI_BtnTextHoloNormal" PressedTextColor="UI_BtnTextHoloPressed" FlybyTextColor="UI_BtnTextHoloFlyby" PressedFlybyTextColor="UI_BtnTextHoloPressedFlyby" DisabledTextColor="UI_BtnTextHoloDisabled" Text="" Tooltip="">
                <Event Name="ButtonCheck" Function="OnStickyTargetingToggle"/>
                <Event Name="ButtonUncheck" Function="OnStickyTargetingToggle"/>
            </Control>
            <Control Class="Button" Base="BK3:btnHolo_Radio_Big" Font="CRB_InterfaceMedium" ButtonType="Check" RadioGroup="" LAnchorPoint="0.00000" LAnchorOffset="15" TAnchorPoint="0" TAnchorOffset="261" RAnchorPoint="1" RAnchorOffset="5" BAnchorPoint="0" BAnchorOffset="288" DT_VCENTER="1" DT_CENTER="0" TooltipType="OnCursor" Name="SpellTooltipLocation" BGColor="white" TextColor="UI_TextHoloBodyHighlight" TooltipColor="" NormalTextColor="UI_BtnTextHoloNormal" PressedTextColor="UI_BtnTextHoloPressed" FlybyTextColor="UI_BtnTextHoloFlyby" PressedFlybyTextColor="UI_BtnTextHoloPressedFlyby" DisabledTextColor="UI_BtnTextHoloDisabled" Text="" TextId="InterfaceOptions_ShowSpellTooltips" CheckboxRight="0" DrawAsCheckbox="1" NewControlDepth="5">
                <Event Name="ButtonCheck" Function="OnToggleSpellIconTooltip"/>
                <Event Name="ButtonUncheck" Function="OnToggleSpellIconTooltip"/>
            </Control>
            <Control Class="Button" Base="BK3:btnHolo_Radio_Big" Font="CRB_InterfaceMedium" ButtonType="Check" RadioGroup="" LAnchorPoint="0" LAnchorOffset="15" TAnchorPoint="0" TAnchorOffset="297" RAnchorPoint="1" RAnchorOffset="5" BAnchorPoint="0" BAnchorOffset="324" DT_VCENTER="1" DT_CENTER="0" TooltipType="OnCursor" Name="SpellErrorMessages" BGColor="white" TextColor="UI_TextHoloBodyHighlight" TooltipColor="" NormalTextColor="UI_BtnTextHoloNormal" PressedTextColor="UI_BtnTextHoloPressed" FlybyTextColor="UI_BtnTextHoloFlyby" PressedFlybyTextColor="UI_BtnTextHoloPressedFlyby" DisabledTextColor="UI_BtnTextHoloDisabled" Text="" TextId="InterfaceOptions_SpellErrorMessages" CheckboxRight="0" DrawAsCheckbox="1" NewControlDepth="5">
                <Event Name="ButtonCheck" Function="OnToggleSpellErrorMessages"/>
                <Event Name="ButtonUncheck" Function="OnToggleSpellErrorMessages"/>
            </Control>
            <Control Class="Window" LAnchorPoint="0" LAnchorOffset="3" TAnchorPoint="0" TAnchorOffset="333" RAnchorPoint="1" RAnchorOffset="-3" BAnchorPoint="0" BAnchorOffset="335" RelativeToClient="1" Font="Default" Text="" BGColor="UI_WindowBGDefault" TextColor="UI_WindowTextDefault" Template="Default" TooltipType="OnCursor" Name="Divider" TooltipColor="" Sprite="BK3:UI_BK3_Holo_InsetDivider" Picture="1" IgnoreMouse="1"/>
            <Control Class="Window" LAnchorPoint="0" LAnchorOffset="12" TAnchorPoint="0" TAnchorOffset="348" RAnchorPoint="1" RAnchorOffset="-12" BAnchorPoint="0" BAnchorOffset="371" RelativeToClient="1" Font="CRB_Interface10" Text="" Template="Default" TooltipType="OnCursor" Name="TooltipDelayLabel" BGColor="white" TextColor="UI_TextHoloBodyHighlight" TooltipColor="" TextId="InterfaceOptions_TooltipDelay" DT_CENTER="1"/>
            <Control Class="SliderBar" LAnchorPoint="0" LAnchorOffset="12" TAnchorPoint="0" TAnchorOffset="366" RAnchorPoint="1" RAnchorOffset="-12" BAnchorPoint="0" BAnchorOffset="398" RelativeToClient="1" Font="Default" Text="" Template="Holo_Scrolllist_Options" TooltipType="OnCursor" Name="TooltipDelaySliderBar" BGColor="white" TextColor="white" TooltipColor="" TextId="" Min="0.000000" Max="3.500000" TickAmount="0.100000" UseButtons="1" Tooltip="" TooltipId="" Middle="" InitialValue="0.500000">
                <Event Name="SliderBarChanged" Function="OnTooltipDelaySliderBarChanged"/>
            </Control>
            <Control Class="Window" LAnchorPoint="0" LAnchorOffset="10" TAnchorPoint="0" TAnchorOffset="370" RAnchorPoint="0" RAnchorOffset="350" BAnchorPoint="0" BAnchorOffset="394" RelativeToClient="1" Font="Default" Text="" BGColor="UI_WindowBGDefault" TextColor="UI_WindowTextDefault" Template="Default" TooltipType="OnCursor" Name="SliderBG" TooltipColor="" Sprite="BK3:UI_BK3_Holo_InsetSlider" Picture="1" IgnoreMouse="1"/>
            <Control Class="Window" LAnchorPoint="0" LAnchorOffset="12" TAnchorPoint="0" TAnchorOffset="410" RAnchorPoint="1" RAnchorOffset="-12" BAnchorPoint="0" BAnchorOffset="430" RelativeToClient="1" Font="CRB_Interface10" Text="" Template="Default" TooltipType="OnCursor" Name="UIScaleLabel" BGColor="white" TextColor="UI_TextHoloBodyHighlight" TooltipColor="" TextId="InterfaceOptions_UIScale" DT_CENTER="1"/>
            <Control Class="SliderBar" LAnchorPoint="0" LAnchorOffset="12" TAnchorPoint="0" TAnchorOffset="430" RAnchorPoint="1" RAnchorOffset="-12" BAnchorPoint="0" BAnchorOffset="462" RelativeToClient="1" Font="Default" Text="" Template="Holo_Scrolllist_Options" TooltipType="OnCursor" Name="UIScaleSliderBar" BGColor="white" TextColor="white" TooltipColor="" TextId="" Min="0.750000" Max="1.500000" TickAmount="0.010000" UseButtons="1" Tooltip="" TooltipId="" Middle="" InitialValue="1.000000">
                <Event Name="SliderBarChanged" Function="OnUIScaleSliderBarChanged"/>
            </Control>
            <Control Class="Window" LAnchorPoint="0" LAnchorOffset="10" TAnchorPoint="0" TAnchorOffset="434" RAnchorPoint="0" RAnchorOffset="350" BAnchorPoint="0" BAnchorOffset="458" RelativeToClient="1" Font="Default" Text="" BGColor="UI_WindowBGDefault" TextColor="UI_WindowTextDefault" Template="Default" TooltipType="OnCursor" Name="SliderBG1" TooltipColor="" Sprite="BK3:UI_BK3_Holo_InsetSlider" Picture="1" IgnoreMouse="1"/>
        </Control>
        <Control Class="Window" LAnchorPoint="0" LAnchorOffset="50" TAnchorPoint="0" TAnchorOffset="93" RAnchorPoint="1" RAnchorOffset="-50" BAnchorPoint="0" BAnchorOffset="118" RelativeToClient="1" Font="CRB_HeaderMedium" Text="" Template="Default" TooltipType="OnCursor" Name="OptionsTitle" BGColor="white" TextColor="white" TooltipColor="" TextId="CRB_Interface_Options" Visible="1" HideInEditor="0" NewControlDepth="5" DT_CENTER="1" DT_VCENTER="1"/>
        <Event Name="WindowClosed" Function="OnClose"/>
        <Control Class="Window" LAnchorPoint="0" LAnchorOffset="40" TAnchorPoint="1" TAnchorOffset="-192" RAnchorPoint="1" RAnchorOffset="-40" BAnchorPoint="1" BAnchorOffset="-34" RelativeToClient="1" Font="Default" Text="" Template="Default" TooltipType="OnCursor" Name="CustomizationFrame" BGColor="white" TextColor="white" TooltipColor="" Picture="1" IgnoreMouse="1" Sprite="BK3:UI_BK3_Holo_InsetHeaderThin" Visible="1" HideInEditor="0" Tooltip="">
            <Control Class="Button" Base="BK3:btnHolo_Radio_Big" Font="CRB_InterfaceMedium" ButtonType="Check" RadioGroup="" LAnchorPoint="0" LAnchorOffset="15" TAnchorPoint="0" TAnchorOffset="48" RAnchorPoint="1" RAnchorOffset="-5" BAnchorPoint="0" BAnchorOffset="75" DT_VCENTER="1" DT_CENTER="0" TooltipType="OnCursor" Name="HealthBarFlashes" BGColor="white" TextColor="UI_TextHoloBodyHighlight" TooltipColor="" NormalTextColor="UI_BtnTextHoloNormal" PressedTextColor="UI_BtnTextHoloPressed" FlybyTextColor="UI_BtnTextHoloFlyby" PressedFlybyTextColor="UI_BtnTextHoloDisabled" DisabledTextColor="UI_BtnTextHoloDisabled" Text="" TextId="InterfaceOptions_HealthFlashLabel" NewControlDepth="5" DrawAsCheckbox="1">
                <Event Name="ButtonCheck" Function="OnHealthBarFlashes"/>
                <Event Name="ButtonUncheck" Function="OnHealthBarFlashes"/>
            </Control>
            <Control Class="Button" Base="BK3:btnHolo_Radio_Big" Font="CRB_InterfaceMedium" ButtonType="Check" RadioGroup="" LAnchorPoint="0" LAnchorOffset="15" TAnchorPoint="0" TAnchorOffset="84" RAnchorPoint="1" RAnchorOffset="-1" BAnchorPoint="0" BAnchorOffset="111" DT_VCENTER="1" DT_CENTER="0" TooltipType="OnCursor" Name="QuestTrackerByDistance" BGColor="white" TextColor="UI_TextHoloBodyHighlight" TooltipColor="" NormalTextColor="UI_BtnTextHoloNormal" PressedTextColor="UI_BtnTextHoloPressed" FlybyTextColor="UI_BtnTextHoloFlyby" PressedFlybyTextColor="UI_BtnTextHoloPressedFlyby" DisabledTextColor="UI_BtnTextHoloDisabled" Text="" TextId="InterfaceOptions_QuestSortLabel" CheckboxRight="0" DrawAsCheckbox="1" NewControlDepth="5">
                <Event Name="ButtonCheck" Function="OnToggleQuestTrackerByDistance"/>
                <Event Name="ButtonUncheck" Function="OnToggleQuestTrackerByDistance"/>
            </Control>
            <Control Class="Button" Base="BK3:btnHolo_Radio_Big" Font="CRB_InterfaceMedium" ButtonType="Check" RadioGroup="" LAnchorPoint="0" LAnchorOffset="15" TAnchorPoint="0" TAnchorOffset="120" RAnchorPoint="1" RAnchorOffset="-1" BAnchorPoint="0" BAnchorOffset="147" DT_VCENTER="1" DT_CENTER="0" TooltipType="OnCursor" Name="InteractTextOnUnit" BGColor="white" TextColor="UI_TextHoloBodyHighlight" TooltipColor="" NormalTextColor="UI_BtnTextHoloNormal" PressedTextColor="UI_BtnTextHoloPressed" FlybyTextColor="UI_BtnTextHoloFlyby" PressedFlybyTextColor="UI_BtnTextHoloPressedFlyby" DisabledTextColor="UI_BtnTextHoloDisabled" Text="" TextId="InterfaceOptions_InteractOnUnit" CheckboxRight="0" DrawAsCheckbox="1" NewControlDepth="5">
                <Event Name="ButtonCheck" Function="OnToggleInteractTextOnUnit"/>
                <Event Name="ButtonUncheck" Function="OnToggleInteractTextOnUnit"/>
            </Control>
        </Control>
        <Control Class="Window" LAnchorPoint="0" LAnchorOffset="50" TAnchorPoint="1" TAnchorOffset="-185" RAnchorPoint="1" RAnchorOffset="-50" BAnchorPoint="1" BAnchorOffset="-160" RelativeToClient="1" Font="CRB_HeaderMedium" Text="" Template="Default" TooltipType="OnCursor" Name="CustomizationTitle" BGColor="white" TextColor="UI_TextHoloTitle" TooltipColor="" TextId="CRB_OptionsInterface_CustomizationColon" Visible="1" HideInEditor="0" NewControlDepth="5" DT_CENTER="1" DT_VCENTER="1"/>
        <Control Class="Button" Base="CRB_Basekit:kitBtn_Close" Font="Thick" ButtonType="PushButton" RadioGroup="" LAnchorPoint="1" LAnchorOffset="-51" TAnchorPoint="0" TAnchorOffset="23" RAnchorPoint="1" RAnchorOffset="-23" BAnchorPoint="0" BAnchorOffset="54" DT_VCENTER="1" DT_CENTER="1" TooltipType="OnCursor" Name="CloseBtn" BGColor="white" TextColor="white" TooltipColor="" NormalTextColor="white" PressedTextColor="white" FlybyTextColor="white" PressedFlybyTextColor="white" DisabledTextColor="white" NewControlDepth="5">
            <Event Name="ButtonSignal" Function="OnClose"/>
        </Control>
        <Control Class="Window" LAnchorPoint="0" LAnchorOffset="0" TAnchorPoint="0" TAnchorOffset="0" RAnchorPoint="1" RAnchorOffset="0" BAnchorPoint="1" BAnchorOffset="0" RelativeToClient="1" Font="Default" Text="" BGColor="UI_WindowBGDefault" TextColor="UI_WindowTextDefault" Template="Metal_Primary_NoNav" TooltipType="OnCursor" Name="MainFrame" TooltipColor="" Border="1" IgnoreMouse="1" HScroll="0" UseTemplateBG="1"/>
        <Control Class="Window" LAnchorPoint="0" LAnchorOffset="80" TAnchorPoint="0" TAnchorOffset="24" RAnchorPoint="1" RAnchorOffset="-80" BAnchorPoint="0" BAnchorOffset="60" RelativeToClient="1" Font="Default" Text="" Template="Default" Name="BGHeader" BGColor="white" TextColor="white" Sprite="BK3:sprMetal_Framing_Header" Picture="1" IgnoreMouse="1" TextId="" DT_CENTER="0" DT_VCENTER="0" NewControlDepth="1" TooltipColor="">
            <Control Class="Window" LAnchorPoint="0" LAnchorOffset="0" TAnchorPoint="0" TAnchorOffset="0" RAnchorPoint="1" RAnchorOffset="0" BAnchorPoint="1" BAnchorOffset="0" RelativeToClient="1" Font="CRB_HeaderMedium" Text="" Template="Default" Name="BGHeaderText" BGColor="white" TextColor="UI_WindowTitleYellow" TextId="OptionsInterface_InterfaceOptions" DT_CENTER="1" DT_VCENTER="1" TooltipColor="" IgnoreMouse="1" AutoScaleText="1"/>
        </Control>
    </Form>
</Forms>
