<?xml version="1.0" encoding="UTF-8" standalone="yes" ?>
<Forms>
    <Form Class="Window" LAnchorPoint="0.66" LAnchorOffset="-220" TAnchorPoint="0" TAnchorOffset="10" RAnchorPoint="0.66" RAnchorOffset="220" BAnchorPoint="0" BAnchorOffset="592" RelativeToClient="1" Font="Default" Text="" Template="Default" Name="MarketplaceListingsForm" Border="0" Picture="0" SwallowMouseClicks="1" Moveable="1" Escapable="1" Overlapped="1" BGColor="white" TextColor="white" TextId="" TooltipColor="" Tooltip="" IgnoreMouse="0" Sizable="1" Sprite="">
        <Control Class="Window" LAnchorPoint="0" LAnchorOffset="26" TAnchorPoint="0" TAnchorOffset="72" RAnchorPoint="1" RAnchorOffset="-23" BAnchorPoint="1" BAnchorOffset="-23" RelativeToClient="1" Font="Default" Text="" BGColor="UI_WindowBGDefault" TextColor="UI_WindowTextDefault" Template="Holo_Background_General" TooltipType="OnCursor" Name="HoloBG" TooltipColor="" Picture="0" IgnoreMouse="1" Border="1" UseTemplateBG="1"/>
        <Control Class="Window" LAnchorPoint="0" LAnchorOffset="39" TAnchorPoint="0" TAnchorOffset="85" RAnchorPoint="1" RAnchorOffset="-38" BAnchorPoint="1" BAnchorOffset="-35" RelativeToClient="1" Font="CRB_InterfaceMedium_B" Text="" Template="Holo_ScrollList" TooltipType="OnCursor" Name="MainScroll" BGColor="white" TextColor="UI_TextMetalBodyHighlight" TooltipColor="" VScroll="1" IgnoreMouse="1" DT_CENTER="1" DT_VCENTER="1" Border="1" UseTemplateBG="1" NewControlDepth="4"/>
        <Control Class="Window" LAnchorPoint="0" LAnchorOffset="33" TAnchorPoint="0" TAnchorOffset="78" RAnchorPoint="1" RAnchorOffset="-33" BAnchorPoint="1" BAnchorOffset="-31" RelativeToClient="1" Font="Default" Text="" Template="Default" TooltipType="OnCursor" Name="WaitScreen" BGColor="white" TextColor="white" TooltipColor="" Sprite="ClientSprites:BlackFill" Picture="1" IgnoreMouse="1" NewControlDepth="4" TransitionShowHide="1" Visible="0" HideInEditor="1">
            <Pixie LAnchorPoint="0.5" LAnchorOffset="-28" TAnchorPoint="0.5" TAnchorOffset="-28" RAnchorPoint="0.5" RAnchorOffset="28" BAnchorPoint="0.5" BAnchorOffset="28" BGColor="white" Font="Default" TextColor="white" Text="" Sprite="CRB_Anim_Spinner:sprAnim_SpinnerSmall" Line="0"/>
        </Control>
        <Event Name="WindowClosed" Function="OnDestroy"/>
        <Control Class="Window" LAnchorPoint="0" LAnchorOffset="0" TAnchorPoint="0" TAnchorOffset="0" RAnchorPoint="1" RAnchorOffset="0" BAnchorPoint="1" BAnchorOffset="0" RelativeToClient="1" Font="Default" Text="" Template="Metal_Primary_NoNav" TooltipType="OnCursor" Name="BGArt_Frame" BGColor="white" TextColor="white" TooltipColor="" Picture="1" IgnoreMouse="1" Sprite="" NewControlDepth="1" Border="1" UseTemplateBG="1">
            <Control Class="Window" LAnchorPoint="0" LAnchorOffset="30" TAnchorPoint="0" TAnchorOffset="30" RAnchorPoint="1" RAnchorOffset="-30" BAnchorPoint="0" BAnchorOffset="66" RelativeToClient="1" Font="CRB_HeaderMedium" Text="" Template="Default" TooltipType="OnCursor" Name="TitleBG" BGColor="white" TextColor="UI_WindowTitleYellow" TooltipColor="" TextId="" Visible="1" HideInEditor="0" NewControlDepth="5" DT_CENTER="1" DT_VCENTER="1" Sprite="BK3:sprMetal_Framing_Header" Picture="1" IgnoreMouse="1" AutoScaleText="1">
                <Control Class="Window" LAnchorPoint="0" LAnchorOffset="20" TAnchorPoint="0" TAnchorOffset="0" RAnchorPoint="1" RAnchorOffset="-20" BAnchorPoint="1" BAnchorOffset="0" RelativeToClient="1" Font="CRB_HeaderMedium" Text="" BGColor="UI_WindowBGDefault" TextColor="UI_WindowTitleYellow" Template="Default" TooltipType="OnCursor" Name="TitleBGText" TooltipColor="" TextId="InterfaceMenu_AuctionListings" IgnoreMouse="1" AutoScaleText="1" DT_VCENTER="1" DT_CENTER="1"/>
            </Control>
            <Control Class="Window" LAnchorPoint="1" LAnchorOffset="-29" TAnchorPoint="1" TAnchorOffset="-32" RAnchorPoint="1" RAnchorOffset="24" BAnchorPoint="1" BAnchorOffset="19" RelativeToClient="1" Font="Default" Text="" Template="Default" Name="BottomRightResize" BGColor="white" TextColor="white" Sprite="CRB_Basekit:kitBtn_ExpandNormal" Picture="1" IgnoreMouse="1" TooltipColor="" NoClip="1"/>
        </Control>
        <Control Class="Button" Base="CRB_Basekit:kitBtn_Close" Font="Thick" ButtonType="PushButton" RadioGroup="" LAnchorPoint="1" LAnchorOffset="-52" TAnchorPoint="0" TAnchorOffset="26" RAnchorPoint="1" RAnchorOffset="-25" BAnchorPoint="0" BAnchorOffset="55" DT_VCENTER="1" DT_CENTER="1" TooltipType="OnCursor" Name="CloseBtn" BGColor="white" TextColor="white" TooltipColor="" NormalTextColor="white" PressedTextColor="white" FlybyTextColor="white" PressedFlybyTextColor="white" DisabledTextColor="white">
            <Event Name="ButtonSignal" Function="OnDestroy"/>
        </Control>
    </Form>
    <Form Class="Window" LAnchorPoint="0" LAnchorOffset="0" TAnchorPoint="0" TAnchorOffset="0" RAnchorPoint="1" RAnchorOffset="0" BAnchorPoint="0" BAnchorOffset="80" RelativeToClient="1" Font="Default" Text="" Template="Default" TooltipType="OnCursor" Name="CommodityItem" BGColor="white" TextColor="white" TooltipColor="" Picture="1" IgnoreMouse="1" Sprite="">
        <Control Class="Window" LAnchorPoint="0" LAnchorOffset="5" TAnchorPoint="0" TAnchorOffset="5" RAnchorPoint="1" RAnchorOffset="-5" BAnchorPoint="1" BAnchorOffset="-5" RelativeToClient="1" Font="Default" Text="" Template="Default" TooltipType="OnCursor" Name="CommodityBuyBG" BGColor="white" TextColor="white" TooltipColor="" Sprite="BK3:UI_BK3_Holo_InsetFramed" Picture="1" IgnoreMouse="1" Visible="0" HideInEditor="0"/>
        <Control Class="Window" LAnchorPoint="0" LAnchorOffset="5" TAnchorPoint="0" TAnchorOffset="5" RAnchorPoint="1" RAnchorOffset="-5" BAnchorPoint="1" BAnchorOffset="-5" RelativeToClient="1" Font="Default" Text="" Template="Default" TooltipType="OnCursor" Name="CommoditySellBG" BGColor="white" TextColor="white" TooltipColor="" Sprite="BK3:UI_BK3_Holo_InsetFramed" Picture="1" IgnoreMouse="1" HideInEditor="0" Visible="0"/>
        <Control Class="Window" LAnchorPoint="0" LAnchorOffset="15" TAnchorPoint="0.5" TAnchorOffset="-25" RAnchorPoint="0" RAnchorOffset="65" BAnchorPoint="0.5" BAnchorOffset="25" RelativeToClient="1" Font="Default" Text="" Template="Default" TooltipType="OnCursor" Name="CommodityBigIconContainer" BGColor="white" TextColor="white" TooltipColor="" Picture="1" IgnoreMouse="1" Sprite="BK3:UI_BK3_Holo_InsetSimple" NewControlDepth="1">
            <Control Class="Window" LAnchorPoint="0" LAnchorOffset="3" TAnchorPoint="0" TAnchorOffset="3" RAnchorPoint="1" RAnchorOffset="-3" BAnchorPoint="1" BAnchorOffset="-3" RelativeToClient="1" Font="CRB_InterfaceMedium_B" Text="" Template="Default" TooltipType="OnCursor" Name="CommodityBigIcon" BGColor="white" TextColor="white" TooltipColor="" Sprite="ClientSprites:Icon_ItemMisc_UI_Item_Sammich" Picture="1" IgnoreMouse="1" DT_RIGHT="0" DT_BOTTOM="0" TextId="" NoClip="0"/>
            <Control Class="Window" LAnchorPoint="0" LAnchorOffset="19" TAnchorPoint="0" TAnchorOffset="14" RAnchorPoint="1" RAnchorOffset="-5" BAnchorPoint="1" BAnchorOffset="-2" RelativeToClient="1" Font="CRB_HeaderTiny_O" Text="" Template="Default" TooltipType="OnCursor" Name="CommodityIconAmountText" BGColor="white" TextColor="white" TooltipColor="" TextId="CRB_1" DT_RIGHT="1" DT_BOTTOM="1"/>
        </Control>
        <Control Class="Window" LAnchorPoint="0" LAnchorOffset="72" TAnchorPoint="0" TAnchorOffset="8" RAnchorPoint="1" RAnchorOffset="-40" BAnchorPoint="0" BAnchorOffset="38" RelativeToClient="1" Font="CRB_InterfaceMedium_B" Text="" Template="Default" TooltipType="OnCursor" Name="CommodityItemName" BGColor="white" TextColor="UI_TextHoloTitle" TooltipColor="" TextId="Challenges_NoProgress" HideInEditor="0" Tooltip="" DT_VCENTER="1" IgnoreMouse="1" AutoScaleText="1"/>
        <Control Class="Window" LAnchorPoint="0" LAnchorOffset="72" TAnchorPoint="0" TAnchorOffset="25" RAnchorPoint="0" RAnchorOffset="105" BAnchorPoint="0" BAnchorOffset="60" RelativeToClient="1" Font="CRB_HeaderTiny" Text="" Template="Default" TooltipType="OnCursor" Name="CommodityPPULabel" BGColor="white" TextColor="UI_TextHoloBody" TooltipColor="" TextId="AuctionListings_PPU" DT_VCENTER="1" IgnoreMouse="1" AutoScaleText="1"/>
        <Control Class="CashWindow" LAnchorPoint="0" LAnchorOffset="105" TAnchorPoint="0" TAnchorOffset="25" RAnchorPoint="1" RAnchorOffset="-29" BAnchorPoint="0" BAnchorOffset="60" TooltipType="OnCursor" RelativeToClient="1" Font="CRB_HeaderTiny" Text="" Template="Default" BGColor="white" TextColor="UI_TextHoloBody" Name="CommodityPrice" TooltipColor="" SkipZeroes="1" DT_VCENTER="1"/>
        <Control Class="Window" LAnchorPoint="1" LAnchorOffset="-147" TAnchorPoint="0" TAnchorOffset="33" RAnchorPoint="1" RAnchorOffset="-35" BAnchorPoint="0" BAnchorOffset="53" RelativeToClient="1" Font="CRB_Header10" Text="" Template="Default" TooltipType="OnCursor" Name="CommodityTimeLeftText" BGColor="white" TextColor="UI_TextHoloTitle" TooltipColor="" TextId="Challenges_NoProgress" DT_VCENTER="1" DT_RIGHT="1" Tooltip=""/>
        <Control Class="Button" Base="BK3:btnHolo_Close" Font="CRB_Button" ButtonType="PushButton" RadioGroup="" LAnchorPoint="1" LAnchorOffset="-42" TAnchorPoint="0" TAnchorOffset="0" RAnchorPoint="1" RAnchorOffset="0" BAnchorPoint="1" BAnchorOffset="-36" DT_VCENTER="1" DT_CENTER="1" TooltipType="OnCursor" Name="CommodityCancelBtn" BGColor="white" TextColor="white" TooltipColor="white" NormalTextColor="UI_BtnTextRedNormal" PressedTextColor="UI_BtnTextRedPressed" FlybyTextColor="UI_BtnTextRedFlyby" PressedFlybyTextColor="UI_BtnTextRedPressedFlyby" DisabledTextColor="UI_BtnTextRedDisabled" Text="" TextId="" RelativeToClient="1" Tooltip="" TooltipId="MarketplaceListings_CancelAuction" TooltipFont="CRB_InterfaceSmall_O">
            <Event Name="ButtonSignal" Function="OnCommodityCancelBtn"/>
        </Control>
        <Control Class="Window" LAnchorPoint="1" LAnchorOffset="-40" TAnchorPoint="1" TAnchorOffset="-55" RAnchorPoint="1" RAnchorOffset="-2" BAnchorPoint="1" BAnchorOffset="-17" RelativeToClient="1" Font="CRB_HeaderTiny" Text="" Template="Default" TooltipType="OnCursor" Name="ListExpiresIconRed" BGColor="white" TextColor="UI_TextHoloBody" TooltipColor="" Picture="1" IgnoreMouse="1" DT_VCENTER="1" DT_CENTER="0" TextId="" DT_RIGHT="1" Sprite="Market:UI_Auction_Icon_TimeRed" Visible="0" HideInEditor="0"/>
        <Control Class="Window" LAnchorPoint="1" LAnchorOffset="-37" TAnchorPoint="1" TAnchorOffset="-52" RAnchorPoint="1" RAnchorOffset="1" BAnchorPoint="1" BAnchorOffset="-14" RelativeToClient="1" Font="CRB_HeaderTiny" Text="" Template="Default" TooltipType="OnCursor" Name="ListExpiresIconGreen" BGColor="white" TextColor="UI_TextHoloBody" TooltipColor="" Picture="1" IgnoreMouse="1" DT_VCENTER="1" DT_CENTER="0" TextId="" DT_RIGHT="1" Sprite="Market:UI_Auction_Icon_TimeGreen" HideInEditor="1" Visible="1"/>
    </Form>
    <Form Class="Window" LAnchorPoint="0" LAnchorOffset="0" TAnchorPoint="0" TAnchorOffset="0" RAnchorPoint="1" RAnchorOffset="0" BAnchorPoint="0" BAnchorOffset="98" RelativeToClient="1" Font="Default" Text="" Template="Default" TooltipType="OnCursor" Name="AuctionItem" BGColor="white" TextColor="white" TooltipColor="" Picture="1" IgnoreMouse="1" Sprite="" Tooltip="">
        <Control Class="Window" LAnchorPoint="0" LAnchorOffset="15" TAnchorPoint="0.5" TAnchorOffset="-34" RAnchorPoint="0" RAnchorOffset="65" BAnchorPoint="0.5" BAnchorOffset="16" RelativeToClient="1" Font="Default" Text="" Template="Default" TooltipType="OnCursor" Name="AuctionBigIconContainer" BGColor="white" TextColor="white" TooltipColor="" Picture="1" IgnoreMouse="1" Sprite="BK3:UI_BK3_Holo_InsetSimple" NewControlDepth="1">
            <Control Class="Window" LAnchorPoint="0" LAnchorOffset="3" TAnchorPoint="0" TAnchorOffset="3" RAnchorPoint="1" RAnchorOffset="-3" BAnchorPoint="1" BAnchorOffset="-3" RelativeToClient="1" Font="CRB_InterfaceMedium_B" Text="" Template="Default" TooltipType="OnCursor" Name="AuctionBigIcon" BGColor="white" TextColor="white" TooltipColor="" Sprite="ClientSprites:Icon_ItemMisc_UI_Item_Sammich" Picture="1" IgnoreMouse="1" DT_RIGHT="0" DT_BOTTOM="0" TextId="" Visible="1" HideInEditor="0"/>
            <Control Class="Window" LAnchorPoint="0" LAnchorOffset="19" TAnchorPoint="0" TAnchorOffset="14" RAnchorPoint="1" RAnchorOffset="-5" BAnchorPoint="1" BAnchorOffset="-2" RelativeToClient="1" Font="CRB_HeaderTiny_O" Text="" Template="Default" TooltipType="OnCursor" Name="AuctionIconAmountText" BGColor="white" TextColor="white" TooltipColor="" TextId="CRB_1" DT_RIGHT="1" DT_BOTTOM="1"/>
        </Control>
        <Control Class="Window" LAnchorPoint="0" LAnchorOffset="72" TAnchorPoint="0" TAnchorOffset="11" RAnchorPoint="1" RAnchorOffset="-40" BAnchorPoint="0" BAnchorOffset="34" RelativeToClient="1" Font="CRB_InterfaceMedium_B" Text="" Template="Default" TooltipType="OnCursor" Name="AuctionItemName" BGColor="white" TextColor="UI_TextHoloTitle" TooltipColor="" TextId="Challenges_NoProgress" HideInEditor="0" Tooltip="" DT_WORDBREAK="0" DT_VCENTER="1" IgnoreMouse="1" AutoScaleText="1"/>
        <Control Class="Window" LAnchorPoint="0" LAnchorOffset="72" TAnchorPoint="0" TAnchorOffset="25" RAnchorPoint="0" RAnchorOffset="105" BAnchorPoint="0" BAnchorOffset="60" RelativeToClient="1" Font="CRB_HeaderTiny" Text="" Template="Default" TooltipType="OnCursor" Name="AuctionBidLabel" BGColor="white" TextColor="UI_TextHoloBody" TooltipColor="" TextId="MarketplaceListings_Bid" DT_VCENTER="1" IgnoreMouse="1" AutoScaleText="1"/>
        <Control Class="Window" LAnchorPoint="0" LAnchorOffset="72" TAnchorPoint="0" TAnchorOffset="42" RAnchorPoint="0" RAnchorOffset="165" BAnchorPoint="0" BAnchorOffset="77" RelativeToClient="1" Font="CRB_HeaderTiny" Text="" Template="Default" TooltipType="OnCursor" Name="AuctionMinLabel" BGColor="white" TextColor="UI_TextHoloBodyCyan" TooltipColor="" TextId="MarketplaceListings_MinimumBidLabel" DT_VCENTER="1" IgnoreMouse="1" AutoScaleText="1"/>
        <Control Class="Window" LAnchorPoint="0" LAnchorOffset="72" TAnchorPoint="0" TAnchorOffset="64" RAnchorPoint="0" RAnchorOffset="165" BAnchorPoint="0" BAnchorOffset="89" RelativeToClient="1" Font="CRB_HeaderTiny" Text="" Template="Default" TooltipType="OnCursor" Name="AuctionBuyoutLabel" BGColor="white" TextColor="UI_TextHoloBodyCyan" TooltipColor="" TextId="MarketplaceListings_BuyoutPriceLabel" DT_VCENTER="1" IgnoreMouse="1" AutoScaleText="1"/>
        <Control Class="CashWindow" LAnchorPoint="0" LAnchorOffset="105" TAnchorPoint="0" TAnchorOffset="30" RAnchorPoint="1" RAnchorOffset="-30" BAnchorPoint="0" BAnchorOffset="55" TooltipType="OnCursor" RelativeToClient="1" Font="CRB_HeaderTiny" Text="" Template="Default" BGColor="white" TextColor="UI_TextHoloBody" Name="AuctionPrice" TooltipColor="" SkipZeroes="1" DT_VCENTER="1"/>
        <Control Class="CashWindow" LAnchorPoint="0" LAnchorOffset="165" TAnchorPoint="0" TAnchorOffset="69" RAnchorPoint="1" RAnchorOffset="-10" BAnchorPoint="0" BAnchorOffset="84" TooltipType="OnCursor" RelativeToClient="1" Font="CRB_HeaderTiny" Text="" Template="Default" BGColor="white" TextColor="ff53b2a3" Name="BuyoutPrice" TooltipColor="" SkipZeroes="1" DT_VCENTER="1"/>
        <Control Class="CashWindow" LAnchorPoint="0" LAnchorOffset="165" TAnchorPoint="0" TAnchorOffset="52" RAnchorPoint="1" RAnchorOffset="-10" BAnchorPoint="0" BAnchorOffset="67" TooltipType="OnCursor" RelativeToClient="1" Font="CRB_HeaderTiny" Text="" Template="Default" BGColor="white" TextColor="ff53b2a3" Name="MinimumPrice" TooltipColor="" SkipZeroes="1" DT_VCENTER="1"/>
        <Control Class="Button" Base="BK3:btnHolo_Close" Font="CRB_Button" ButtonType="PushButton" RadioGroup="" LAnchorPoint="1" LAnchorOffset="-42" TAnchorPoint="0" TAnchorOffset="0" RAnchorPoint="1" RAnchorOffset="0" BAnchorPoint="0" BAnchorOffset="44" DT_VCENTER="1" DT_CENTER="1" TooltipType="OnCursor" Name="AuctionCancelBtn" BGColor="white" TextColor="white" TooltipColor="white" NormalTextColor="UI_BtnTextRedNormal" PressedTextColor="UI_BtnTextRedPressed" FlybyTextColor="UI_BtnTextRedFlyby" PressedFlybyTextColor="UI_BtnTextRedPressedFlyby" DisabledTextColor="UI_BtnTextRedDisabled" Text="" TextId="" RelativeToClient="1" TestAlpha="1" Tooltip="" TooltipId="MarketplaceListings_CancelAuction" TooltipFont="CRB_InterfaceSmall_O">
            <Event Name="ButtonSignal" Function="OnAuctionCancelBtn"/>
        </Control>
        <Control Class="Window" LAnchorPoint="1" LAnchorOffset="-42" TAnchorPoint="0" TAnchorOffset="0" RAnchorPoint="1" RAnchorOffset="0" BAnchorPoint="0" BAnchorOffset="44" RelativeToClient="1" Font="Default" Text="" BGColor="UI_WindowBGDefault" TextColor="UI_WindowTextDefault" Template="Default" TooltipType="OnCursor" Name="AuctionCancelBtnTooltipHack" TooltipColor="" TooltipFont="CRB_Interface9_O" Tooltip="" TooltipId="MarketplaceListings_CantCancelHasBid"/>
        <Control Class="Window" LAnchorPoint="1" LAnchorOffset="-200" TAnchorPoint="0" TAnchorOffset="33" RAnchorPoint="1" RAnchorOffset="-35" BAnchorPoint="0" BAnchorOffset="53" RelativeToClient="1" Font="CRB_Header10" Text="" Template="Default" TooltipType="OnCursor" Name="AuctionTimeLeftText" BGColor="white" TextColor="UI_TextHoloBody" TooltipColor="" TextId="Challenges_NoProgress" DT_VCENTER="1" DT_RIGHT="1" Tooltip=""/>
        <Control Class="Window" LAnchorPoint="1" LAnchorOffset="-40" TAnchorPoint="1" TAnchorOffset="-73" RAnchorPoint="1" RAnchorOffset="-2" BAnchorPoint="1" BAnchorOffset="-35" RelativeToClient="1" Font="CRB_HeaderTiny" Text="" Template="Default" TooltipType="OnCursor" Name="ListExpiresIconRed" BGColor="white" TextColor="UI_TextHoloBody" TooltipColor="" Picture="1" IgnoreMouse="1" DT_VCENTER="1" DT_CENTER="0" TextId="" DT_RIGHT="1" Sprite="Market:UI_Auction_Icon_TimeRed" Visible="1" HideInEditor="0"/>
        <Control Class="Window" LAnchorPoint="1" LAnchorOffset="-37" TAnchorPoint="1" TAnchorOffset="-70" RAnchorPoint="1" RAnchorOffset="1" BAnchorPoint="1" BAnchorOffset="-32" RelativeToClient="1" Font="CRB_HeaderTiny" Text="" Template="Default" TooltipType="OnCursor" Name="ListExpiresIconGreen" BGColor="white" TextColor="UI_TextHoloBody" TooltipColor="" Picture="1" IgnoreMouse="1" DT_VCENTER="1" DT_CENTER="0" TextId="" DT_RIGHT="1" Sprite="Market:UI_Auction_Icon_TimeGreen" HideInEditor="1" Visible="0"/>
        <Pixie LAnchorPoint="0" LAnchorOffset="5" TAnchorPoint="0" TAnchorOffset="5" RAnchorPoint="1" RAnchorOffset="-5" BAnchorPoint="1" BAnchorOffset="-5" BGColor="white" Font="Default" TextColor="white" Text="" Sprite="BK3:UI_BK3_Holo_InsetFramed_Darker" Line="0"/>
    </Form>
    <Form Class="Window" LAnchorPoint="0" LAnchorOffset="0" TAnchorPoint="0" TAnchorOffset="0" RAnchorPoint="1" RAnchorOffset="0" BAnchorPoint="0" BAnchorOffset="80" RelativeToClient="1" Font="Default" Text="" Template="Default" TooltipType="OnCursor" Name="CreddItem" BGColor="white" TextColor="white" TooltipColor="" Picture="1" IgnoreMouse="1" Sprite="">
        <Control Class="Window" LAnchorPoint="0" LAnchorOffset="72" TAnchorPoint="0" TAnchorOffset="8" RAnchorPoint="1" RAnchorOffset="-40" BAnchorPoint="0" BAnchorOffset="38" RelativeToClient="1" Font="CRB_InterfaceMedium_B" Text="" Template="Default" TooltipType="OnCursor" Name="CreddItemName" BGColor="white" TextColor="UI_TextHoloTitle" TooltipColor="" TextId="AccountServices_CREDD" HideInEditor="0" Tooltip="" DT_VCENTER="1" IgnoreMouse="1" AutoScaleText="1"/>
        <Control Class="Window" LAnchorPoint="0" LAnchorOffset="72" TAnchorPoint="0" TAnchorOffset="25" RAnchorPoint="0" RAnchorOffset="105" BAnchorPoint="0" BAnchorOffset="60" RelativeToClient="1" Font="CRB_HeaderTiny" Text="" Template="Default" TooltipType="OnCursor" Name="CreddLabel" BGColor="white" TextColor="UI_TextHoloBody" TooltipColor="" TextId="MarketplaceCredd_SellLabel" DT_VCENTER="1" IgnoreMouse="1" AutoScaleText="1"/>
        <Control Class="CashWindow" LAnchorPoint="0" LAnchorOffset="105" TAnchorPoint="0" TAnchorOffset="26" RAnchorPoint="1" RAnchorOffset="-30" BAnchorPoint="0" BAnchorOffset="61" TooltipType="OnCursor" RelativeToClient="1" Font="CRB_HeaderTiny" Text="" Template="Default" BGColor="white" TextColor="UI_TextHoloBody" Name="CreddPrice" TooltipColor="" SkipZeroes="1" DT_VCENTER="1"/>
        <Control Class="Window" LAnchorPoint="1" LAnchorOffset="-147" TAnchorPoint="0" TAnchorOffset="33" RAnchorPoint="1" RAnchorOffset="-35" BAnchorPoint="0" BAnchorOffset="53" RelativeToClient="1" Font="CRB_Header10" Text="" Template="Default" TooltipType="OnCursor" Name="CreddTimeLeftText" BGColor="white" TextColor="UI_TextHoloTitle" TooltipColor="" TextId="Challenges_NoProgress" DT_VCENTER="1" DT_RIGHT="1" Tooltip=""/>
        <Control Class="Button" Base="BK3:btnHolo_Close" Font="CRB_Button" ButtonType="PushButton" RadioGroup="" LAnchorPoint="1" LAnchorOffset="-42" TAnchorPoint="0" TAnchorOffset="0" RAnchorPoint="1" RAnchorOffset="0" BAnchorPoint="1" BAnchorOffset="-36" DT_VCENTER="1" DT_CENTER="1" TooltipType="OnCursor" Name="CreddCancelBtn" BGColor="white" TextColor="white" TooltipColor="white" NormalTextColor="UI_BtnTextRedNormal" PressedTextColor="UI_BtnTextRedPressed" FlybyTextColor="UI_BtnTextRedFlyby" PressedFlybyTextColor="UI_BtnTextRedPressedFlyby" DisabledTextColor="UI_BtnTextRedDisabled" Text="" TextId="" RelativeToClient="1" Tooltip="" TooltipId="MarketplaceListings_CancelAuction" TooltipFont="CRB_InterfaceSmall_O">
            <Event Name="ButtonSignal" Function="OnCreddCancelBtn"/>
        </Control>
        <Control Class="Window" LAnchorPoint="1" LAnchorOffset="-40" TAnchorPoint="1" TAnchorOffset="-55" RAnchorPoint="1" RAnchorOffset="-2" BAnchorPoint="1" BAnchorOffset="-17" RelativeToClient="1" Font="CRB_HeaderTiny" Text="" Template="Default" TooltipType="OnCursor" Name="ListExpiresIconRed" BGColor="white" TextColor="UI_TextHoloBody" TooltipColor="" Picture="1" IgnoreMouse="1" DT_VCENTER="1" DT_CENTER="0" TextId="" DT_RIGHT="1" Sprite="Market:UI_Auction_Icon_TimeRed" Visible="0" HideInEditor="0"/>
        <Control Class="Window" LAnchorPoint="1" LAnchorOffset="-37" TAnchorPoint="1" TAnchorOffset="-52" RAnchorPoint="1" RAnchorOffset="1" BAnchorPoint="1" BAnchorOffset="-14" RelativeToClient="1" Font="CRB_HeaderTiny" Text="" Template="Default" TooltipType="OnCursor" Name="ListExpiresIconGreen" BGColor="white" TextColor="UI_TextHoloBody" TooltipColor="" Picture="1" IgnoreMouse="1" DT_VCENTER="1" DT_CENTER="0" TextId="" DT_RIGHT="1" Sprite="Market:UI_Auction_Icon_TimeGreen" HideInEditor="1" Visible="1"/>
        <Pixie LAnchorPoint="0" LAnchorOffset="5" TAnchorPoint="0" TAnchorOffset="5" RAnchorPoint="1" RAnchorOffset="-5" BAnchorPoint="1" BAnchorOffset="-5" BGColor="white" Font="Default" TextColor="white" Text="" Sprite="BK3:UI_BK3_Holo_InsetFramed" Line="0"/>
        <Pixie LAnchorPoint="0" LAnchorOffset="18" TAnchorPoint="0.5" TAnchorOffset="-22" RAnchorPoint="0" RAnchorOffset="62" BAnchorPoint="0.5" BAnchorOffset="22" BGColor="white" Font="CRB_InterfaceMedium_B" TextColor="white" Text="" TextId="" Sprite="IconSprites:Icon_ItemMisc_UI_Icon_CREDD" DT_RIGHT="0" DT_BOTTOM="0" Line="0"/>
        <Pixie LAnchorPoint="0" LAnchorOffset="15" TAnchorPoint="0.5" TAnchorOffset="-25" RAnchorPoint="0" RAnchorOffset="65" BAnchorPoint="0.5" BAnchorOffset="25" BGColor="white" Font="Default" TextColor="white" Text="" Sprite="BK3:UI_BK3_Holo_InsetSimple" Line="0"/>
    </Form>
</Forms>
