<Forms>
    <Form Class="Window" LAnchorPoint="0" LAnchorOffset="101" TAnchorPoint="0" TAnchorOffset="109" RAnchorPoint="0" RAnchorOffset="688" BAnchorPoint="0" BAnchorOffset="603" RelativeToClient="1" Font="Default" Text="" Template="" Name="GuildDesignerForm" Border="0" Picture="0" SwallowMouseClicks="1" Moveable="1" Escapable="1" Overlapped="1" BGColor="white" TextColor="white" TextId="" TooltipColor="" Tooltip="">
        <Control Class="Window" LAnchorPoint="0" LAnchorOffset="0" TAnchorPoint="0" TAnchorOffset="0" RAnchorPoint="1" RAnchorOffset="0" BAnchorPoint="1" BAnchorOffset="0" RelativeToClient="1" Font="Default" Text="" Template="Default" TooltipType="OnCursor" Name="BGArt" BGColor="white" TextColor="white" TooltipColor="">
            <Control Class="Window" LAnchorPoint="0" LAnchorOffset="25" TAnchorPoint="0" TAnchorOffset="68" RAnchorPoint="1" RAnchorOffset="-24" BAnchorPoint="0" BAnchorOffset="409" RelativeToClient="1" Font="Default" Text="" Template="Holo_Background_General" TooltipType="OnCursor" Name="HoloBG" BGColor="UI_WindowTitleGray" TextColor="white" TooltipColor="" Picture="0" IgnoreMouse="1" Sprite="" Border="1" UseTemplateBG="1"/>
            <Control Class="Window" LAnchorPoint="0" LAnchorOffset="41" TAnchorPoint="0" TAnchorOffset="85" RAnchorPoint="1" RAnchorOffset="-41" BAnchorPoint="0" BAnchorOffset="393" RelativeToClient="1" Font="Default" Text="" BGColor="UI_WindowBGDefault" TextColor="UI_WindowTextDefault" Template="Default" TooltipType="OnCursor" Name="HoloFrameInset" TooltipColor="" Sprite="BK3:UI_BK3_Holo_InsetHeader" Picture="1" IgnoreMouse="1" NewControlDepth="2">
                <Control Class="Window" LAnchorPoint="0" LAnchorOffset="50" TAnchorPoint="0" TAnchorOffset="8" RAnchorPoint="1" RAnchorOffset="-50" BAnchorPoint="0" BAnchorOffset="31" RelativeToClient="1" Font="CRB_HeaderSmall" Text="" BGColor="UI_WindowBGDefault" TextColor="UI_WindowTextDefault" Template="Default" TooltipType="OnCursor" Name="Title" TooltipColor="" TextId="GuildDesigner_Holomark" DT_RIGHT="0" DT_CENTER="1" DT_VCENTER="1"/>
            </Control>
            <Control Class="Window" LAnchorPoint="0" LAnchorOffset="308" TAnchorPoint="0" TAnchorOffset="132" RAnchorPoint="1" RAnchorOffset="-53" BAnchorPoint="0" BAnchorOffset="381" RelativeToClient="1" Font="Default" Text="" Template="Default" TooltipType="OnCursor" Name="BGArt_HolomarkBase" BGColor="ffffffff" TextColor="ffffffff" TooltipColor="" Picture="1" IgnoreMouse="1" Sprite="CRB_Basekit:kitBase_HoloHexes_Small" HideInEditor="0"/>
        </Control>
        <Control Class="Window" LAnchorPoint="0" LAnchorOffset="43" TAnchorPoint="0" TAnchorOffset="-49" RAnchorPoint="1" RAnchorOffset="-46" BAnchorPoint="0" BAnchorOffset="-1" RelativeToClient="1" Font="Default" Text="" Template="Default" TooltipType="OnCursor" Name="RenameContent" BGColor="white" TextColor="white" TooltipColor="" Tooltip="" Visible="0" HideInEditor="1">
            <Control Class="Window" LAnchorPoint="0" LAnchorOffset="201" TAnchorPoint="0" TAnchorOffset="7" RAnchorPoint="1" RAnchorOffset="-32" BAnchorPoint="0" BAnchorOffset="43" RelativeToClient="1" Font="Default" Text="" Template="Default" TooltipType="OnCursor" Name="UnderPaint_Guild" BGColor="white" TextColor="white" TooltipColor="" Picture="1" IgnoreMouse="1" Sprite="CRB_Basekit:kitInnerFrame_MetalGrey_Inlay"/>
            <Control Class="EditBox" LAnchorPoint="0" LAnchorOffset="211" TAnchorPoint="0" TAnchorOffset="12" RAnchorPoint="0" RAnchorOffset="560" BAnchorPoint="0" BAnchorOffset="37" RelativeToClient="1" Font="CRB_InterfaceLarge_B" Text="" Template="Default" TooltipType="OnCursor" Name="GuildNameString" BGColor="white" TextColor="white" TooltipColor="" TextId="" DT_VCENTER="1" ReadOnly="0" DT_RIGHT="0" DT_CENTER="0">
                <Event Name="EditBoxChanging" Function="OnNameChanging"/>
                <Event Name="EditBoxChanged" Function="OnNameChanged"/>
            </Control>
            <Control Class="Button" Base="CRB_Basekit:kitBtn_Close" Font="CRB_InterfaceSmall" ButtonType="PushButton" RadioGroup="" LAnchorPoint="1" LAnchorOffset="-28" TAnchorPoint="0" TAnchorOffset="12" RAnchorPoint="1" RAnchorOffset="0" BAnchorPoint="0" BAnchorOffset="42" DT_VCENTER="1" DT_CENTER="1" TooltipType="OnCursor" Name="GuildRevertBtn" BGColor="white" TextColor="white" TooltipColor="" NormalTextColor="UI_BtnTextHoloNormal" PressedTextColor="UI_BtnTextHoloPressed" FlybyTextColor="UI_BtnTextHoloFlyby" PressedFlybyTextColor="UI_BtnTextHoloPressedFlyby" DisabledTextColor="UI_BtnTextHoloDisabled" Text="" TextId="" Visible="1" HideInEditor="0">
                <Event Name="ButtonSignal" Function="OnGuildRevertBtn"/>
            </Control>
            <Pixie LAnchorPoint="0" LAnchorOffset="3" TAnchorPoint="0" TAnchorOffset="0" RAnchorPoint="1" RAnchorOffset="-395" BAnchorPoint="1" BAnchorOffset="0" BGColor="white" Font="CRB_HeaderMedium" TextColor="UI_TextMetalBody" Text="" TextId="GuildDesigner_GuildNameLabel" DT_CENTER="0" DT_VCENTER="1" DT_BOTTOM="1" Line="0"/>
        </Control>
        <Control Class="Window" LAnchorPoint="0" LAnchorOffset="45" TAnchorPoint="0" TAnchorOffset="133" RAnchorPoint="1" RAnchorOffset="-45" BAnchorPoint="1" BAnchorOffset="-115" RelativeToClient="1" Font="Default" Text="" Template="Default" TooltipType="OnCursor" Name="HolomarkContent" BGColor="white" TextColor="white" TooltipColor="" IgnoreMouse="1" IgnoreTooltipDelay="1" NewControlDepth="3">
            <Control Class="CostumeWindow" LAnchorPoint="0" LAnchorOffset="267" TAnchorPoint="0" TAnchorOffset="4" RAnchorPoint="1" RAnchorOffset="-13" BAnchorPoint="1" BAnchorOffset="-3" RelativeToClient="1" Font="Default" Text="" Template="Default" Name="HolomarkCostume" BGColor="white" TextColor="white" Camera="Paperdoll" Animated="1" TooltipType="OnCursor" TooltipColor=""/>
            <Control Class="Button" Base="kitBtn_Dropdown_TextBaseHolo2" Font="CRB_InterfaceSmall" ButtonType="Check" RadioGroup="holomarkOptions" LAnchorPoint="0" LAnchorOffset="37" TAnchorPoint="0" TAnchorOffset="299" RAnchorPoint="0" RAnchorOffset="278" BAnchorPoint="0" BAnchorOffset="331" DT_VCENTER="1" DT_CENTER="1" TooltipType="OnCursor" Name="HolomarkOption.3" BGColor="white" TextColor="white" TooltipColor="" NormalTextColor="UI_TextHoloBody" PressedTextColor="white" FlybyTextColor="white" PressedFlybyTextColor="white" DisabledTextColor="white" Text="" GlobalRadioGroup="" Overlapped="1" TestAlpha="1" Visible="0" HideInEditor="1">
                <Control Class="Window" LAnchorPoint="0" LAnchorOffset="1" TAnchorPoint="0" TAnchorOffset="28" RAnchorPoint="1" RAnchorOffset="1" BAnchorPoint="0" BAnchorOffset="258" RelativeToClient="1" Font="Default" Text="" Template="Default" Name="HolomarkPartWindow.3" BGColor="white" TextColor="white" IgnoreMouse="0" NoClip="1" Escapable="1" Picture="1" NewWindowDepth="1" Visible="0" Overlapped="0" NotRelative="1" Sprite="CRB_Basekit:kitBase_HoloTeal_Border" VScroll="0" HideInEditor="1" CloseOnExternalClick="1" TooltipColor="">
                    <Control Class="Window" LAnchorPoint="0" LAnchorOffset="11" TAnchorPoint="0" TAnchorOffset="11" RAnchorPoint="1" RAnchorOffset="-10" BAnchorPoint="1" BAnchorOffset="-11" RelativeToClient="1" Font="Default" Text="" Template="CRB_Scroll_HoloSmall" Name="HolomarkPartList.3" BGColor="white" TextColor="white" VScroll="1" IgnoreMouse="1" TooltipColor=""/>
                    <Event Name="WindowClosed" Function="OnHolomarkPartSelectionClosed"/>
                </Control>
                <Event Name="ButtonCheck" Function="OnHolomarkPartCheck3"/>
                <Event Name="ButtonUncheck" Function="OnHolomarkPartUncheck3"/>
            </Control>
            <Control Class="Button" Base="kitBtn_Dropdown_TextBaseHolo2" Font="CRB_Button" ButtonType="Check" RadioGroup="holomarkOptions" LAnchorPoint="0" LAnchorOffset="25" TAnchorPoint="0" TAnchorOffset="156" RAnchorPoint="0" RAnchorOffset="243" BAnchorPoint="0" BAnchorOffset="188" DT_VCENTER="1" DT_CENTER="1" TooltipType="OnCursor" Name="HolomarkOption.2" BGColor="white" TextColor="white" TooltipColor="" NormalTextColor="UI_TextHoloBody" PressedTextColor="white" FlybyTextColor="white" PressedFlybyTextColor="white" DisabledTextColor="white" Text="" GlobalRadioGroup="" Overlapped="1" TestAlpha="1" AutoScaleText="0">
                <Control Class="Window" LAnchorPoint="0" LAnchorOffset="-24" TAnchorPoint="0" TAnchorOffset="6" RAnchorPoint="1" RAnchorOffset="22" BAnchorPoint="0" BAnchorOffset="281" RelativeToClient="1" Font="Default" Text="" Template="Default" Name="HolomarkPartWindow.2" BGColor="white" TextColor="white" IgnoreMouse="0" NoClip="1" Escapable="1" Picture="1" NewWindowDepth="1" Visible="0" Overlapped="0" NotRelative="1" Sprite="BK3:sprHolo_Alert_Flyout" VScroll="0" HideInEditor="1" CloseOnExternalClick="1" TooltipColor="">
                    <Control Class="Window" LAnchorPoint="0" LAnchorOffset="44" TAnchorPoint="0" TAnchorOffset="48" RAnchorPoint="1" RAnchorOffset="-43" BAnchorPoint="1" BAnchorOffset="-47" RelativeToClient="1" Font="Default" Text="" Template="Holo_ScrollListSmall" Name="HolomarkPartList.2" BGColor="white" TextColor="white" VScroll="1" IgnoreMouse="1" TooltipColor="" Border="1" UseTemplateBG="1"/>
                    <Event Name="WindowClosed" Function="OnHolomarkPartSelectionClosed"/>
                </Control>
                <Event Name="ButtonCheck" Function="OnHolomarkPartCheck2"/>
                <Event Name="ButtonUncheck" Function="OnHolomarkPartUncheck2"/>
            </Control>
            <Control Class="Button" Base="kitBtn_Dropdown_TextBaseHolo2" Font="CRB_Button" ButtonType="Check" RadioGroup="holomarkOptions" LAnchorPoint="0" LAnchorOffset="25" TAnchorPoint="0" TAnchorOffset="71" RAnchorPoint="0" RAnchorOffset="243" BAnchorPoint="0" BAnchorOffset="103" DT_VCENTER="1" DT_CENTER="1" TooltipType="OnCursor" Name="HolomarkOption.1" BGColor="white" TextColor="white" TooltipColor="" NormalTextColor="UI_TextHoloBody" PressedTextColor="white" FlybyTextColor="white" PressedFlybyTextColor="white" DisabledTextColor="white" Text="" GlobalRadioGroup="" TextId="" Overlapped="0" TestAlpha="0">
                <Control Class="Window" LAnchorPoint="0" LAnchorOffset="-24" TAnchorPoint="0" TAnchorOffset="6" RAnchorPoint="1" RAnchorOffset="22" BAnchorPoint="0" BAnchorOffset="281" RelativeToClient="1" Font="Default" Text="" Template="Default" Name="HolomarkPartWindow.1" BGColor="white" TextColor="white" IgnoreMouse="0" NoClip="1" Escapable="1" Picture="1" NewWindowDepth="1" Visible="0" Overlapped="0" NotRelative="1" Sprite="BK3:sprHolo_Alert_Flyout" VScroll="0" HideInEditor="1" CloseOnExternalClick="1" TooltipColor="">
                    <Control Class="Window" LAnchorPoint="0" LAnchorOffset="44" TAnchorPoint="0" TAnchorOffset="48" RAnchorPoint="1" RAnchorOffset="-43" BAnchorPoint="1" BAnchorOffset="-47" RelativeToClient="1" Font="Default" Text="" Template="Holo_ScrollListSmall" Name="HolomarkPartList.1" BGColor="white" TextColor="white" VScroll="1" IgnoreMouse="1" TooltipColor="" Border="1" UseTemplateBG="1"/>
                    <Event Name="WindowClosed" Function="OnHolomarkPartSelectionClosed"/>
                </Control>
                <Event Name="ButtonCheck" Function="OnHolomarkPartCheck1"/>
                <Event Name="ButtonUncheck" Function="OnHolomarkPartUncheck1"/>
            </Control>
            <Pixie LAnchorPoint="0" LAnchorOffset="0" TAnchorPoint="0" TAnchorOffset="45" RAnchorPoint=".53" RAnchorOffset="0" BAnchorPoint="1" BAnchorOffset="0" BGColor="white" Font="CRB_InterfaceMedium" TextColor="UI_TextHoloBody" Text="" TextId="GuildDesigner_BackgroundIcon" DT_CENTER="1" DT_BOTTOM="0" Line="0"/>
            <Pixie LAnchorPoint="0" LAnchorOffset="0" TAnchorPoint="0" TAnchorOffset="133" RAnchorPoint=".53" RAnchorOffset="0" BAnchorPoint="1" BAnchorOffset="0" BGColor="white" Font="CRB_InterfaceMedium" TextColor="UI_TextHoloBody" Text="" TextId="GuildDesigner_ForegroundIcon" DT_CENTER="1" DT_BOTTOM="0" Line="0" DT_RIGHT="0"/>
        </Control>
        <Event Name="MouseButtonDown" Function="HelperClearFocus"/>
        <Control Class="Window" LAnchorPoint="0" LAnchorOffset="25" TAnchorPoint="1" TAnchorOffset="-116" RAnchorPoint="1" RAnchorOffset="-24" BAnchorPoint="1" BAnchorOffset="-94" RelativeToClient="1" Font="CRB_InterfaceMedium" Text="" Template="Default" TooltipType="OnCursor" Name="GuildPermissionsAlert" BGColor="white" TextColor="UI_TextHoloBody" TooltipColor="" DT_VCENTER="1" DT_CENTER="1" TextId="Error_MessageDefinitionsMismatch" Visible="0" HideInEditor="1"/>
        <Control Class="Window" LAnchorPoint="0" LAnchorOffset="30" TAnchorPoint="0" TAnchorOffset="74" RAnchorPoint="1" RAnchorOffset="-30" BAnchorPoint="1" BAnchorOffset="-89" RelativeToClient="1" Font="Default" Text="" Template="Default" TooltipType="OnCursor" Name="AlertMessage" BGColor="UI_AlphaPercent80" TextColor="white" TooltipColor="" IgnoreMouse="1" NewWindowDepth="1" Visible="0" TransitionShowHide="1" HideInEditor="1">
            <Control Class="Window" LAnchorPoint="0" LAnchorOffset="0" TAnchorPoint="0" TAnchorOffset="0" RAnchorPoint="1" RAnchorOffset="0" BAnchorPoint="1" BAnchorOffset="0" RelativeToClient="1" Font="Default" Text="" Template="Default" TooltipType="OnCursor" Name="AlertBG_Base" BGColor="white" TextColor="white" TooltipColor="" Picture="1" IgnoreMouse="1" Sprite="BK3:UI_BK3_Metal_Framing_BlockerFull"/>
            <Control Class="Window" LAnchorPoint="0" LAnchorOffset="50" TAnchorPoint="0" TAnchorOffset="68" RAnchorPoint="1" RAnchorOffset="-50" BAnchorPoint="1" BAnchorOffset="-56" RelativeToClient="1" Font="Default" Text="" Template="Default" TooltipType="OnCursor" Name="AlertBG_MessageBase" BGColor="white" TextColor="white" TooltipColor="" Picture="1" IgnoreMouse="1" Sprite="BK3:sprHolo_Alert_Notify" NewControlDepth="2"/>
            <Control Class="Window" LAnchorPoint="0" LAnchorOffset="116" TAnchorPoint="0" TAnchorOffset="120" RAnchorPoint="1" RAnchorOffset="-116" BAnchorPoint="1" BAnchorOffset="-170" RelativeToClient="1" Font="CRB_HeaderLarge" Text="" Template="Default" TooltipType="OnCursor" Name="MessageAlertText" BGColor="white" TextColor="ConTough" TooltipColor="" NewControlDepth="6" TextId="" DT_VCENTER="0" DT_CENTER="1"/>
            <Control Class="Window" LAnchorPoint="0" LAnchorOffset="116" TAnchorPoint="0" TAnchorOffset="162" RAnchorPoint="1" RAnchorOffset="-116" BAnchorPoint="1" BAnchorOffset="-108" RelativeToClient="1" Font="CRB_InterfaceMedium" Text="" Template="Default" TooltipType="OnCursor" Name="MessageBodyText" BGColor="white" TextColor="UI_TextHoloBodyHighlight" TooltipColor="" NewControlDepth="6" TextId="" DT_VCENTER="0" DT_CENTER="1" DT_WORDBREAK="1"/>
        </Control>
        <Control Class="Window" LAnchorPoint="0" LAnchorOffset="0" TAnchorPoint="0" TAnchorOffset="0" RAnchorPoint="1" RAnchorOffset="0" BAnchorPoint="1" BAnchorOffset="0" RelativeToClient="1" Font="Default" Text="" Template="Metal_Primary_NoNav" TooltipType="OnCursor" Name="BGArt_Frame" BGColor="ffffffff" TextColor="ffffffff" TooltipColor="" Picture="0" IgnoreMouse="1" Sprite="" Border="1" UseTemplateBG="1" NewControlDepth="3"/>
        <Control Class="Window" LAnchorPoint=".5" LAnchorOffset="-150" TAnchorPoint="0" TAnchorOffset="29" RAnchorPoint=".5" RAnchorOffset="150" BAnchorPoint="0" BAnchorOffset="66" RelativeToClient="1" Font="CRB_HeaderMedium" Template="Default" Name="Title" BGColor="ffffffff" TextColor="UI_WindowTitleYellow" DT_VCENTER="1" DT_CENTER="1" NewControlDepth="2" TextId="GuildDesigner_Title" Text="" TooltipColor="" Sprite="BK3:sprMetal_Framing_Header" Picture="1" IgnoreMouse="1"/>
        <Control Class="Button" Base="CRB_Basekit:kitBtn_Close" Font="Thick" ButtonType="PushButton" RadioGroup="" LAnchorPoint="1" LAnchorOffset="-51" TAnchorPoint="0" TAnchorOffset="25" RAnchorPoint="1" RAnchorOffset="-21" BAnchorPoint="0" BAnchorOffset="56" DT_VCENTER="1" DT_CENTER="1" Name="CloseButton" BGColor="white" TextColor="white" NewControlDepth="2" WindowSoundTemplate="CloseWindowPhys" Text="" TextId="" TooltipColor="" NormalTextColor="white" PressedTextColor="white" FlybyTextColor="white" PressedFlybyTextColor="white" DisabledTextColor="white">
            <Event Name="ButtonSignal" Function="OnCancel"/>
        </Control>
        <Event Name="WindowClosed" Function="OnWindowClosed"/>
        <Control Class="Window" LAnchorPoint="0" LAnchorOffset="28" TAnchorPoint="1" TAnchorOffset="-92" RAnchorPoint="1" RAnchorOffset="-26" BAnchorPoint="1" BAnchorOffset="-22" RelativeToClient="1" Font="Default" Text="" Template="Default" TooltipType="OnCursor" Name="BGArt_Footer" BGColor="ffffffff" TextColor="ffffffff" TooltipColor="" Picture="1" IgnoreMouse="1" Sprite="BK3:UI_BK3_Metal_Footer_Large">
            <Control Class="Window" LAnchorPoint="1" LAnchorOffset="-519" TAnchorPoint="1" TAnchorOffset="-57" RAnchorPoint="1" RAnchorOffset="-369" BAnchorPoint="1" BAnchorOffset="-11" RelativeToClient="1" Font="Default" Text="" Template="Default" TooltipType="OnCursor" Name="CostComplexBacker" BGColor="white" TextColor="white" TooltipColor="" Picture="1" IgnoreMouse="1" Sprite="BK3:UI_BK3_Metal_Inset_SharpCorner"/>
        </Control>
        <Control Class="Window" LAnchorPoint="1" LAnchorOffset="-537" TAnchorPoint="1" TAnchorOffset="-73" RAnchorPoint="1" RAnchorOffset="-408" BAnchorPoint="1" BAnchorOffset="-40" RelativeToClient="1" Font="Default" Text="" Template="Default" TooltipType="OnCursor" Name="GuildCostComplex" BGColor="white" TextColor="white" TooltipColor="">
            <Control Class="Window" LAnchorPoint="1" LAnchorOffset="-112" TAnchorPoint="1" TAnchorOffset="-16" RAnchorPoint="1" RAnchorOffset="-17" BAnchorPoint="1" BAnchorOffset="0" RelativeToClient="1" Font="CRB_InterfaceMedium" Text="UI_TextMetalBody" Template="Default" TooltipType="OnCursor" Name="InfluenceAmount" BGColor="white" TextColor="UI_TextMetalBody" TooltipColor="" TextId="" DT_BOTTOM="1" DT_RIGHT="1"/>
            <Control Class="Window" LAnchorPoint="1" LAnchorOffset="-112" TAnchorPoint="0" TAnchorOffset="0" RAnchorPoint="1" RAnchorOffset="-17" BAnchorPoint="0" BAnchorOffset="21" RelativeToClient="1" Font="CRB_InterfaceMedium_B" Text="UI_TextMetalBody" Template="Default" TooltipType="OnCursor" Name="CostAmount" BGColor="white" TextColor="UI_WindowTitleGray" TooltipColor="" TextId="" DT_RIGHT="1"/>
            <Pixie LAnchorPoint="0" LAnchorOffset="0" TAnchorPoint="0" TAnchorOffset="0" RAnchorPoint="0" RAnchorOffset="95" BAnchorPoint="0" BAnchorOffset="21" BGColor="white" Font="CRB_InterfaceMedium_B" TextColor="UI_WindowTitleGray" Text="" TextId="CRB_Cost" Line="0"/>
            <Pixie LAnchorPoint="0" LAnchorOffset="0" TAnchorPoint="1" TAnchorOffset="-16" RAnchorPoint="0" RAnchorOffset="95" BAnchorPoint="1" BAnchorOffset="0" BGColor="white" Font="CRB_InterfaceMedium" TextColor="UI_TextMetalBody" Text="" TextId="GuildDesigner_InfluenceLabel" DT_BOTTOM="1" Line="0"/>
            <Pixie LAnchorPoint="1" LAnchorOffset="-14" TAnchorPoint="1" TAnchorOffset="-14" RAnchorPoint="1" RAnchorOffset="0" BAnchorPoint="1" BAnchorOffset="0" BGColor="white" Font="CRB_InterfaceMedium_B" TextColor="white" Text="" TextId="" Sprite="IconSprites:Icon_Windows_UI_CRB_Coin_Influence" DT_RIGHT="1" DT_VCENTER="1" Line="0"/>
            <Pixie LAnchorPoint="1" LAnchorOffset="-14" TAnchorPoint="0" TAnchorOffset="2" RAnchorPoint="1" RAnchorOffset="0" BAnchorPoint="0" BAnchorOffset="16" BGColor="white" Font="CRB_InterfaceMedium_B" TextColor="white" Text="" TextId="" Sprite="IconSprites:Icon_Windows_UI_CRB_Coin_Influence" DT_RIGHT="1" DT_VCENTER="1" Line="0"/>
        </Control>
        <Control Class="Button" Base="CRB_Basekit:kitBtn_Metal_LargeGreen" Font="CRB_Button" ButtonType="PushButton" RadioGroup="" LAnchorPoint="1" LAnchorOffset="-316" TAnchorPoint="1" TAnchorOffset="-79" RAnchorPoint="1" RAnchorOffset="-181" BAnchorPoint="1" BAnchorOffset="-31" DT_VCENTER="1" DT_CENTER="1" Name="RegisterBtn" BGColor="white" TextColor="white" NewControlDepth="2" WindowSoundTemplate="TogglePhys02" TextId="CRB_Update" Text="" TooltipColor="" NormalTextColor="UI_BtnTextGreenNormal" PressedTextColor="UI_BtnTextGreenPressed" FlybyTextColor="UI_BtnTextGreenFlyby" PressedFlybyTextColor="UI_BtnTextGreenPressedFlyby" DisabledTextColor="UI_BtnTextGreenDisabled" Visible="1" HideInEditor="0">
            <Event Name="ButtonSignal" Function="OnCommitBtn"/>
        </Control>
        <Control Class="Button" Base="CRB_Basekit:kitBtn_Metal_LargeRed" Font="CRB_Button" ButtonType="PushButton" RadioGroup="" LAnchorPoint="1" LAnchorOffset="-166" TAnchorPoint="1" TAnchorOffset="-79" RAnchorPoint="1" RAnchorOffset="-46" BAnchorPoint="1" BAnchorOffset="-31" DT_VCENTER="1" DT_CENTER="1" Name="CancelButton" BGColor="white" TextColor="white" NewControlDepth="2" WindowSoundTemplate="TogglePhys03" TextId="Cancel" Text="" TooltipColor="" NormalTextColor="UI_BtnTextRedNormal" PressedTextColor="UI_BtnTextRedPressed" FlybyTextColor="UI_BtnTextRedFlyby" PressedFlybyTextColor="UI_BtnTextRedPressedFlyby" DisabledTextColor="UI_BtnTextRedDisabled" Visible="0" HideInEditor="0">
            <Event Name="ButtonSignal" Function="OnCancel"/>
        </Control>
        <Control Class="Button" Base="CRB_Basekit:kitBtn_Metal_LargeRed" Font="CRB_Button" ButtonType="PushButton" RadioGroup="" LAnchorPoint="1" LAnchorOffset="-177" TAnchorPoint="1" TAnchorOffset="-79" RAnchorPoint="1" RAnchorOffset="-43" BAnchorPoint="1" BAnchorOffset="-31" DT_VCENTER="1" DT_CENTER="1" Name="ResetAllBtn" BGColor="white" TextColor="white" NewControlDepth="2" WindowSoundTemplate="TogglePhys02" TextId="GuildDesigner_ResetChanges" Text="" TooltipColor="" NormalTextColor="UI_BtnTextRedNormal" PressedTextColor="UI_BtnTextRedPressed" FlybyTextColor="UI_BtnTextRedFlyby" PressedFlybyTextColor="UI_BtnTextRedPressedFlyby" DisabledTextColor="UI_BtnTextRedDisabled">
            <Event Name="ButtonSignal" Function="OnResetAllBtn"/>
        </Control>
    </Form>
    <Form Class="Window" LAnchorPoint="0" LAnchorOffset="0" TAnchorPoint="0" TAnchorOffset="0" RAnchorPoint="1" RAnchorOffset="-13" BAnchorPoint="0" BAnchorOffset="31" RelativeToClient="0" Font="Default" Text="" Template="Default" Name="HolomarkPartListItem" Border="0" Picture="0" SwallowMouseClicks="1" Moveable="0" Escapable="0" Overlapped="0" BGColor="white" TextColor="white" TextId="" HScroll="0" UseTemplateBG="0" TooltipColor="" Tooltip="">
        <Control Class="Button" Base="BK3:btnHolo_ListView_Mid" Font="CRB_Button" ButtonType="PushButton" RadioGroup="" LAnchorPoint="0" LAnchorOffset="0" TAnchorPoint="0" TAnchorOffset="0" RAnchorPoint="1" RAnchorOffset="0" BAnchorPoint="1" BAnchorOffset="-2" DT_VCENTER="1" DT_CENTER="1" Name="HolomarkPartBtn" BGColor="white" TextColor="white" NormalTextColor="UI_BtnTextBlueNormal" PressedTextColor="UI_BtnTextBluePressed" FlybyTextColor="UI_BtnTextBlueFlyby" PressedFlybyTextColor="UI_BtnTextBluePressedFlyby" DisabledTextColor="UI_BtnTextBlueDisabled" Text="Type" TextId="" NotRelative="0" TooltipColor="">
            <Event Name="ButtonSignal" Function="OnHolomarkPartItemSelected"/>
        </Control>
    </Form>
</Forms>
