<Forms>
    <Form Class="Window" LAnchorPoint="0" LAnchorOffset="0" TAnchorPoint="0" TAnchorOffset="0" RAnchorPoint="0" RAnchorOffset="770" BAnchorPoint="0" BAnchorOffset="500" RelativeToClient="1" Font="Default" Text="" Template="Default" Name="CirclesMainForm" Border="0" Picture="0" SwallowMouseClicks="1" Moveable="1" Escapable="1" Overlapped="1" BGColor="ffffffff" TextColor="ffffffff" TextId="" Visible="0" TooltipColor="" Tooltip="" HideInEditor="0">
        <Control Class="Window" LAnchorPoint="0" LAnchorOffset="2" TAnchorPoint="0" TAnchorOffset="56" RAnchorPoint="1" RAnchorOffset="-2" BAnchorPoint="1" BAnchorOffset="-18" RelativeToClient="1" Font="Default" Text="" Template="Default" Name="RosterScreen" BGColor="ffffffff" TextColor="ffffffff" HideInEditor="0" Visible="0" Sprite="" IgnoreMouse="1" TransitionShowHide="1" NewControlDepth="1" TooltipColor="" Tooltip="">
            <Control Class="Window" LAnchorPoint="0" LAnchorOffset="20" TAnchorPoint="0" TAnchorOffset="0" RAnchorPoint="0" RAnchorOffset="745" BAnchorPoint="1" BAnchorOffset="-75" RelativeToClient="1" Font="Default" Text="" Template="Default" Name="RosterHeaderContainer" BGColor="ffffffff" TextColor="ffffffff" TooltipColor="">
                <Control Class="Button" Base="CRB_Basekit:kitBtn_Dropdown_TextBaseHolo" Font="CRB_InterfaceSmall_O" ButtonType="Check" RadioGroup="GuildRoster_SortRadioGroup" LAnchorPoint="0" LAnchorOffset="0" TAnchorPoint="0" TAnchorOffset="0" RAnchorPoint="0" RAnchorOffset="175" BAnchorPoint="0" BAnchorOffset="26" DT_VCENTER="1" DT_CENTER="0" Name="RosterSortBtnName" BGColor="ffffffff" TextColor="ffffffff" NormalTextColor="ffffffff" PressedTextColor="ffffffff" FlybyTextColor="ffffffff" PressedFlybyTextColor="ffffffff" DisabledTextColor="ffffffff" Text="" TextId="" DrawAsCheckbox="0" CheckboxRight="0" GlobalRadioGroup="" TooltipColor="">
                    <Control Class="Window" LAnchorPoint="0" LAnchorOffset="12" TAnchorPoint="0" TAnchorOffset="0" RAnchorPoint="1" RAnchorOffset="0" BAnchorPoint="1" BAnchorOffset="0" RelativeToClient="1" Font="CRB_InterfaceSmall_O" Text="" Template="Default" Name="RosterSortText" BGColor="ffffffff" TextColor="ffffffff" TextId="CRB_Name" DT_VCENTER="1" TooltipColor=""/>
                    <Event Name="MouseEnter" Function="OnRosterSortBtnMouseEnter"/>
                    <Event Name="MouseExit" Function="OnRosterSortBtnMouseExit"/>
                    <Event Name="ButtonCheck" Function="OnRosterSortToggle"/>
                    <Event Name="ButtonUncheck" Function="OnRosterSortToggle"/>
                </Control>
                <Control Class="Button" Base="CRB_Basekit:kitBtn_Dropdown_TextBaseHolo" Font="CRB_InterfaceSmall_O" ButtonType="Check" RadioGroup="GuildRoster_SortRadioGroup" LAnchorPoint="0" LAnchorOffset="175" TAnchorPoint="0" TAnchorOffset="0" RAnchorPoint="0" RAnchorOffset="350" BAnchorPoint="0" BAnchorOffset="26" DT_VCENTER="1" DT_CENTER="0" Name="RosterSortBtnRank" BGColor="ffffffff" TextColor="ffffffff" NormalTextColor="ffffffff" PressedTextColor="ffffffff" FlybyTextColor="ffffffff" PressedFlybyTextColor="ffffffff" DisabledTextColor="ffffffff" Text="" TextId="" DrawAsCheckbox="0" CheckboxRight="0" GlobalRadioGroup="" TooltipColor="">
                    <Control Class="Window" LAnchorPoint="0" LAnchorOffset="12" TAnchorPoint="0" TAnchorOffset="0" RAnchorPoint="1" RAnchorOffset="0" BAnchorPoint="1" BAnchorOffset="0" RelativeToClient="1" Font="CRB_InterfaceSmall_O" Text="" Template="Default" Name="RosterSortText" BGColor="ffffffff" TextColor="ffffffff" TextId="Circles_Rank" DT_VCENTER="1" TooltipColor=""/>
                    <Event Name="MouseEnter" Function="OnRosterSortBtnMouseEnter"/>
                    <Event Name="MouseExit" Function="OnRosterSortBtnMouseExit"/>
                    <Event Name="ButtonCheck" Function="OnRosterSortToggle"/>
                    <Event Name="ButtonUncheck" Function="OnRosterSortToggle"/>
                </Control>
                <Control Class="Button" Base="CRB_Basekit:kitBtn_Dropdown_TextBaseHolo" Font="CRB_InterfaceSmall_O" ButtonType="Check" RadioGroup="GuildRoster_SortRadioGroup" LAnchorPoint="0" LAnchorOffset="350" TAnchorPoint="0" TAnchorOffset="0" RAnchorPoint="0" RAnchorOffset="425" BAnchorPoint="0" BAnchorOffset="26" DT_VCENTER="1" DT_CENTER="0" Name="RosterSortBtnLevel" BGColor="ffffffff" TextColor="ffffffff" NormalTextColor="ffffffff" PressedTextColor="ffffffff" FlybyTextColor="ffffffff" PressedFlybyTextColor="ffffffff" DisabledTextColor="ffffffff" Text="" TextId="" DrawAsCheckbox="0" CheckboxRight="0" GlobalRadioGroup="" TooltipColor="">
                    <Control Class="Window" LAnchorPoint="0" LAnchorOffset="12" TAnchorPoint="0" TAnchorOffset="0" RAnchorPoint="1" RAnchorOffset="0" BAnchorPoint="1" BAnchorOffset="0" RelativeToClient="1" Font="CRB_InterfaceSmall_O" Text="" Template="Default" Name="RosterSortText" BGColor="ffffffff" TextColor="ffffffff" TextId="CRB_Level_" DT_VCENTER="1" TooltipColor=""/>
                    <Event Name="MouseEnter" Function="OnRosterSortBtnMouseEnter"/>
                    <Event Name="MouseExit" Function="OnRosterSortBtnMouseExit"/>
                    <Event Name="ButtonCheck" Function="OnRosterSortToggle"/>
                    <Event Name="ButtonUncheck" Function="OnRosterSortToggle"/>
                </Control>
                <Control Class="Button" Base="CRB_Basekit:kitBtn_Dropdown_TextBaseHolo" Font="CRB_InterfaceSmall_O" ButtonType="Check" RadioGroup="GuildRoster_SortRadioGroup" LAnchorPoint="0" LAnchorOffset="425" TAnchorPoint="0" TAnchorOffset="0" RAnchorPoint="0" RAnchorOffset="525" BAnchorPoint="0" BAnchorOffset="26" DT_VCENTER="1" DT_CENTER="0" Name="RosterSortBtnClass" BGColor="ffffffff" TextColor="ffffffff" NormalTextColor="ffffffff" PressedTextColor="ffffffff" FlybyTextColor="ffffffff" PressedFlybyTextColor="ffffffff" DisabledTextColor="ffffffff" Text="" TextId="" DrawAsCheckbox="0" CheckboxRight="0" GlobalRadioGroup="">
                    <Control Class="Window" LAnchorPoint="0" LAnchorOffset="12" TAnchorPoint="0" TAnchorOffset="0" RAnchorPoint="1" RAnchorOffset="0" BAnchorPoint="1" BAnchorOffset="0" RelativeToClient="1" Font="CRB_InterfaceSmall_O" Text="" Template="Default" Name="RosterSortText" BGColor="ffffffff" TextColor="ffffffff" TextId="CRB_Class" DT_VCENTER="1" TooltipColor=""/>
                    <Event Name="MouseEnter" Function="OnRosterSortBtnMouseEnter"/>
                    <Event Name="MouseExit" Function="OnRosterSortBtnMouseExit"/>
                    <Event Name="ButtonCheck" Function="OnRosterSortToggle"/>
                    <Event Name="ButtonUncheck" Function="OnRosterSortToggle"/>
                </Control>
                <Control Class="Button" Base="CRB_Basekit:kitBtn_Dropdown_TextBaseHolo" Font="CRB_InterfaceSmall_O" ButtonType="Check" RadioGroup="GuildRoster_SortRadioGroup" LAnchorPoint="0" LAnchorOffset="525" TAnchorPoint="0" TAnchorOffset="0" RAnchorPoint="0" RAnchorOffset="625" BAnchorPoint="0" BAnchorOffset="26" DT_VCENTER="1" DT_CENTER="0" Name="RosterSortBtnPath" BGColor="ffffffff" TextColor="ffffffff" NormalTextColor="ffffffff" PressedTextColor="ffffffff" FlybyTextColor="ffffffff" PressedFlybyTextColor="ffffffff" DisabledTextColor="ffffffff" Text="" TextId="" DrawAsCheckbox="0" CheckboxRight="0" GlobalRadioGroup="" TooltipColor="">
                    <Control Class="Window" LAnchorPoint="0" LAnchorOffset="12" TAnchorPoint="0" TAnchorOffset="0" RAnchorPoint="1" RAnchorOffset="0" BAnchorPoint="1" BAnchorOffset="0" RelativeToClient="1" Font="CRB_InterfaceSmall_O" Text="" Template="Default" Name="RosterSortText" BGColor="ffffffff" TextColor="ffffffff" TextId="CRB_Path" DT_VCENTER="1" TooltipColor=""/>
                    <Event Name="MouseEnter" Function="OnRosterSortBtnMouseEnter"/>
                    <Event Name="MouseExit" Function="OnRosterSortBtnMouseExit"/>
                    <Event Name="ButtonCheck" Function="OnRosterSortToggle"/>
                    <Event Name="ButtonUncheck" Function="OnRosterSortToggle"/>
                </Control>
                <Control Class="Button" Base="CRB_Basekit:kitBtn_Dropdown_TextBaseHolo" Font="CRB_InterfaceSmall_O" ButtonType="Check" RadioGroup="GuildRoster_SortRadioGroup" LAnchorPoint="0" LAnchorOffset="625" TAnchorPoint="0" TAnchorOffset="0" RAnchorPoint="0" RAnchorOffset="725" BAnchorPoint="0" BAnchorOffset="26" DT_VCENTER="1" DT_CENTER="0" Name="RosterSortBtnOnline" BGColor="ffffffff" TextColor="ffffffff" NormalTextColor="ffffffff" PressedTextColor="ffffffff" FlybyTextColor="ffffffff" PressedFlybyTextColor="ffffffff" DisabledTextColor="ffffffff" Text="" TextId="" DrawAsCheckbox="0" CheckboxRight="0" GlobalRadioGroup="">
                    <Control Class="Window" LAnchorPoint="0" LAnchorOffset="12" TAnchorPoint="0" TAnchorOffset="0" RAnchorPoint="1" RAnchorOffset="0" BAnchorPoint="1" BAnchorOffset="0" RelativeToClient="1" Font="CRB_InterfaceSmall_O" Text="" Template="Default" Name="RosterSortText" BGColor="ffffffff" TextColor="ffffffff" TextId="Circles_LastOnline" DT_VCENTER="1" TooltipColor=""/>
                    <Event Name="MouseEnter" Function="OnRosterSortBtnMouseEnter"/>
                    <Event Name="MouseExit" Function="OnRosterSortBtnMouseExit"/>
                    <Event Name="ButtonCheck" Function="OnRosterSortToggle"/>
                    <Event Name="ButtonUncheck" Function="OnRosterSortToggle"/>
                </Control>
            </Control>
            <Control Class="Window" LAnchorPoint="1" LAnchorOffset="-19" TAnchorPoint="0" TAnchorOffset="-15" RAnchorPoint="1" RAnchorOffset="196" BAnchorPoint="0" BAnchorOffset="262" RelativeToClient="1" Font="Default" Text="" Template="Default" Name="RosterPopout" BGColor="ffffffff" TextColor="ffffffff" IgnoreMouse="1" NoClip="1" Picture="0" Sprite="" HideInEditor="1" Visible="0" TooltipColor="">
                <Control Class="Window" LAnchorPoint="0" LAnchorOffset="30" TAnchorPoint="0" TAnchorOffset="52" RAnchorPoint="1" RAnchorOffset="-30" BAnchorPoint="0" BAnchorOffset="72" RelativeToClient="1" Font="CRB_InterfaceMedium_B" Text="" Template="Default" Name="RosterPopoutName" BGColor="ffffffff" TextColor="ff7fffb9" TextId="CRB_Player_Name" TooltipColor=""/>
                <Pixie LAnchorPoint="0" LAnchorOffset="18" TAnchorPoint="0" TAnchorOffset="42" RAnchorPoint="1" RAnchorOffset="-18" BAnchorPoint="1" BAnchorOffset="-14" BGColor="ffffffff" Font="Default" TextColor="ffffffff" Text="" Sprite="CRB_Basekit:kitBase_HoloHexes_Small" Line="0"/>
                <Pixie LAnchorPoint="0" LAnchorOffset="20" TAnchorPoint="0" TAnchorOffset="19" RAnchorPoint="1" RAnchorOffset="-20" BAnchorPoint="0" BAnchorOffset="47" BGColor="ffffffff" Font="CRB_InterfaceMedium_B" TextColor="UI_TextHoloBody" Text="" TextId="Circles_AltsHeader" Sprite="CRB_Basekit:kitBtn_Holo_DatachronOptionNormal" DT_CENTER="1" DT_VCENTER="1" Line="0"/>
                <Pixie LAnchorPoint="0" LAnchorOffset="0" TAnchorPoint="0" TAnchorOffset="0" RAnchorPoint="1" RAnchorOffset="0" BAnchorPoint="1" BAnchorOffset="0" BGColor="ffffffff" Font="Default" TextColor="ffffffff" Text="" Sprite="CRB_Basekit:kitInnerFrame_MetalGrey_Large" Line="0"/>
                <Pixie LAnchorPoint="0" LAnchorOffset="0" TAnchorPoint="0" TAnchorOffset="33" RAnchorPoint="1" RAnchorOffset="-4" BAnchorPoint="0" BAnchorOffset="78" BGColor="ffffffff" Font="Default" TextColor="ffffffff" Text="" Sprite="CRB_Basekit:kitDivider_Horiz_HoloDotted" Line="0"/>
            </Control>
            <Control Class="Grid" ImageTextSpacing="0" LAnchorPoint="0" LAnchorOffset="22" TAnchorPoint="0" TAnchorOffset="28" RAnchorPoint="1" RAnchorOffset="-10" BAnchorPoint="1" BAnchorOffset="-65" RelativeToClient="1" Font="CRB_InterfaceSmall_O" Text="" Template="CRB_Scroll_HoloSmall" Name="RosterGrid" BGColor="ffffffff" TextColor="ffffffff" IgnoreMouse="1" MultiColumn="1" SelectWholeRow="1" FocusOnMouseOver="1" RowHeight="25" CellBGBase="CRB_Basekit:kitBtn_List_Holo" TextNormalColor="ffffffff" TextSelectedColor="ff31fcf6" TextNormalFocusColor="ffffffff" TextSelectedFocusColor="ff31fcf6" TextDisabledColor="9d666666" DT_VCENTER="1" TooltipColor="" CellBGNormalColor="" CellBGSelectedColor="" CellBGNormalFocusColor="" CellBGSelectedFocusColor="" VScroll="1" AutoHideScroll="1">
                <Column Name="Icon" Width="25" TextColor="" Image=""/>
                <Column Name="Name" Width="160" TextColor="" Image=""/>
                <Column Name="Rank" Width="175" TextColor="" Image=""/>
                <Column Name="Level" Width="75" TextColor="" Image=""/>
                <Column Name="Class" Width="100" TextColor="" Image=""/>
                <Column Name="Path" Width="100" TextColor="" Image=""/>
                <Column Name="Last Online" Width="100" TextColor="" Image=""/>
                <Event Name="GridSelChange" Function="OnRosterGridItemClick"/>
            </Control>
            <Control Class="Window" LAnchorPoint="0" LAnchorOffset="30" TAnchorPoint="1" TAnchorOffset="-44" RAnchorPoint="1" RAnchorOffset="-30" BAnchorPoint="1" BAnchorOffset="-14" RelativeToClient="1" Font="Default" Text="" Template="Default" Name="RosterBottom" BGColor="ffffffff" TextColor="ffffffff" TooltipColor="" Tooltip="" HideInEditor="0" NewControlDepth="1" IgnoreMouse="1" NewWindowDepth="1">
                <Control Class="Button" Base="CRB_Basekit:kitBtn_Holo" Font="CRB_InterfaceSmall_O" ButtonType="Check" RadioGroup="RosterOptions_MemberOptionsRadioGroup" LAnchorPoint="0" LAnchorOffset="0" TAnchorPoint="0" TAnchorOffset="0" RAnchorPoint="0" RAnchorOffset="109" BAnchorPoint="1" BAnchorOffset="0" DT_VCENTER="1" DT_CENTER="1" Name="RosterOptionBtnAdd" BGColor="ffffffff" TextColor="ffffffff" NormalTextColor="ff9aaea3" PressedTextColor="ffffffff" FlybyTextColor="ffffffff" PressedFlybyTextColor="ffffffff" DisabledTextColor="9d666666" Text="" TextId="Circles_AddMember" Visible="0" GlobalRadioGroup="" LeftEdgeControlsAnchor="" RelativeToClient="1" TooltipColor="">
                    <Event Name="ButtonCheck" Function="OnRosterAddMemberClick"/>
                    <Control Class="Window" LAnchorPoint="0.5" LAnchorOffset="-92" TAnchorPoint="1" TAnchorOffset="-108" RAnchorPoint="0.5" RAnchorOffset="92" BAnchorPoint="1" BAnchorOffset="-15" RelativeToClient="1" Font="Default" Text="" Template="Default" Name="AddMemberContainer" BGColor="ffffffff" TextColor="ffffffff" Picture="0" IgnoreMouse="1" Sprite="" Visible="0" HideInEditor="0" NewWindowDepth="0" NoClip="1" CloseOnExternalClick="1" TooltipColor="">
                        <Control Class="Window" LAnchorPoint="0" LAnchorOffset="2" TAnchorPoint="0" TAnchorOffset="2" RAnchorPoint="1" RAnchorOffset="-2" BAnchorPoint="1" BAnchorOffset="0" RelativeToClient="1" Font="Default" Text="" Template="Default" Name="AddMemberDownArrowArt" BGColor="ffffffff" TextColor="ffffffff" Picture="1" IgnoreMouse="1" Sprite="kitInnerFrame_Holo_DownArrow" TooltipColor=""/>
                        <Control Class="Window" LAnchorPoint="0" LAnchorOffset="0" TAnchorPoint="0" TAnchorOffset="0" RAnchorPoint="1" RAnchorOffset="0" BAnchorPoint="1" BAnchorOffset="-5" RelativeToClient="1" Font="Default" Text="" Template="Default" Name="AddMemberBG" BGColor="ffffffff" TextColor="ffffffff" Sprite="CRB_Basekit:kitBase_HoloBlue_SmallGreenCorners" Picture="1" IgnoreMouse="1" TooltipColor=""/>
                        <Control Class="Window" LAnchorPoint="0" LAnchorOffset="12" TAnchorPoint="0" TAnchorOffset="8" RAnchorPoint="1" RAnchorOffset="-12" BAnchorPoint="0" BAnchorOffset="28" RelativeToClient="1" Font="CRB_InterfaceMedium_B" Text="" Template="Default" Name="AddMemberLabel" BGColor="ffffffff" TextColor="ffffffff" TextId="ArenaRoster_AddLabel" TooltipColor=""/>
                        <Control Class="Window" LAnchorPoint="0" LAnchorOffset="8" TAnchorPoint="0.5" TAnchorOffset="-20" RAnchorPoint="1" RAnchorOffset="-8" BAnchorPoint="0.5" BAnchorOffset="12" RelativeToClient="1" Font="Default" Text="" Template="Default" Name="AddMemberEditBoxBG" BGColor="ffffffff" TextColor="ffffffff" Picture="1" IgnoreMouse="1" Sprite="CRB_Basekit:kitInnerFrame_Holo_InputBox" TooltipColor=""/>
                        <Control Class="EditBox" LAnchorPoint="0" LAnchorOffset="16" TAnchorPoint="0.5" TAnchorOffset="-16" RAnchorPoint="1" RAnchorOffset="-16" BAnchorPoint="0.5" BAnchorOffset="8" RelativeToClient="1" Font="CRB_InterfaceMedium" Text="" Template="Default" Name="AddMemberEditBox" BGColor="ffffffff" TextColor="ff7fffb9" Picture="0" DT_VCENTER="1" IgnoreMouse="1" TooltipColor="">
                            <Event Name="EditBoxReturn" Function="OnAddMemberYesClick"/>
                        </Control>
                        <Control Class="Button" Base="CRB_ChallengeTrackerSprites:btnChallengeClose" Font="Thick" ButtonType="PushButton" RadioGroup="" LAnchorPoint="1" LAnchorOffset="-25" TAnchorPoint="0" TAnchorOffset="7" RAnchorPoint="1" RAnchorOffset="-7" BAnchorPoint="0" BAnchorOffset="25" DT_VCENTER="1" DT_CENTER="1" Name="AddMemberCloseBtn" BGColor="ffffffff" TextColor="ffffffff" NormalTextColor="ffffffff" PressedTextColor="ffffffff" FlybyTextColor="ffffffff" PressedFlybyTextColor="ffffffff" DisabledTextColor="ffffffff">
                            <Event Name="ButtonSignal" Function="OnRosterAddMemberCloseBtn"/>
                        </Control>
                        <Control Class="Button" Base="CRB_Basekit:kitBtn_Holo" Font="CRB_InterfaceMedium_B" ButtonType="PushButton" RadioGroup="" LAnchorPoint="0.5" LAnchorOffset="-35" TAnchorPoint="1" TAnchorOffset="-35" RAnchorPoint="0.5" RAnchorOffset="35" BAnchorPoint="1" BAnchorOffset="-13" DT_VCENTER="1" DT_CENTER="1" Name="AddMemberYesBtn" BGColor="ffffffff" TextColor="ffffffff" NormalTextColor="UI_TextHoloBody" PressedTextColor="ff31fcf6" FlybyTextColor="ffffffff" PressedFlybyTextColor="ffffffff" DisabledTextColor="9d666666" Text="" TextId="ArenaRoster_Add" TooltipColor="">
                            <Event Name="ButtonSignal" Function="OnAddMemberYesClick"/>
                        </Control>
                        <Event Name="WindowClosed" Function="OnRosterAddMemberCloseBtn"/>
                    </Control>
                </Control>
                <Control Class="Window" LAnchorPoint="0" LAnchorOffset="0" TAnchorPoint="0" TAnchorOffset="0" RAnchorPoint="0" RAnchorOffset="4" BAnchorPoint="1" BAnchorOffset="0" RelativeToClient="1" Font="Default" Text="" Template="Default" Name="Padding" BGColor="ffffffff" TextColor="ffffffff" TooltipColor=""/>
                <Control Class="Button" Base="CRB_Basekit:kitBtn_Holo" Font="CRB_InterfaceSmall_O" ButtonType="Check" RadioGroup="RosterOptions_MemberOptionsRadioGroup" LAnchorPoint="0" LAnchorOffset="113" TAnchorPoint="0" TAnchorOffset="0" RAnchorPoint="0" RAnchorOffset="222" BAnchorPoint="1" BAnchorOffset="0" DT_VCENTER="1" DT_CENTER="1" Name="RosterOptionBtnPromote" BGColor="ffffffff" TextColor="ffffffff" NormalTextColor="ff9aaea3" PressedTextColor="ffffffff" FlybyTextColor="ffffffff" PressedFlybyTextColor="ffffffff" DisabledTextColor="9d666666" Text="" TextId="Circles_PromoteMember" Visible="0" GlobalRadioGroup="" RelativeToClient="1" TooltipColor="">
                    <Control Class="Window" LAnchorPoint="0.5" LAnchorOffset="-92" TAnchorPoint="1" TAnchorOffset="-108" RAnchorPoint="0.5" RAnchorOffset="92" BAnchorPoint="1" BAnchorOffset="-15" RelativeToClient="1" Font="Default" Text="" Template="Default" Name="PromoteMemberContainer" BGColor="ffffffff" TextColor="ffffffff" Picture="0" IgnoreMouse="1" Sprite="" Visible="0" HideInEditor="0" NoClip="1" CloseOnExternalClick="1" TooltipColor="" TransitionShowHide="0">
                        <Control Class="Window" LAnchorPoint="0" LAnchorOffset="2" TAnchorPoint="0" TAnchorOffset="2" RAnchorPoint="1" RAnchorOffset="-2" BAnchorPoint="1" BAnchorOffset="0" RelativeToClient="1" Font="Default" Text="" Template="Default" Name="PromoteMemberDownArrowArt" BGColor="ffffffff" TextColor="ffffffff" Picture="1" IgnoreMouse="1" Sprite="kitInnerFrame_Holo_DownArrow" HideInEditor="0" TooltipColor=""/>
                        <Control Class="Window" LAnchorPoint="0" LAnchorOffset="0" TAnchorPoint="0" TAnchorOffset="0" RAnchorPoint="1" RAnchorOffset="0" BAnchorPoint="1" BAnchorOffset="-5" RelativeToClient="1" Font="Default" Text="" Template="Default" Name="PromoteMemberBG" BGColor="ffffffff" TextColor="ffffffff" Sprite="CRB_Basekit:kitBase_HoloBlue_SmallGreenCorners" Picture="1" IgnoreMouse="1" TooltipColor=""/>
                        <Control Class="Window" LAnchorPoint="0" LAnchorOffset="12" TAnchorPoint="0" TAnchorOffset="8" RAnchorPoint="1" RAnchorOffset="-12" BAnchorPoint="0" BAnchorOffset="28" RelativeToClient="1" Font="CRB_InterfaceMedium_B" Text="" Template="Default" Name="PromoteMemberLabel" BGColor="ffffffff" TextColor="ffffffff" TextId="Circles_LeaderPromote" TooltipColor="" Tooltip=""/>
                        <Control Class="Button" Base="CRB_ChallengeTrackerSprites:btnChallengeClose" Font="Thick" ButtonType="PushButton" RadioGroup="" LAnchorPoint="1" LAnchorOffset="-25" TAnchorPoint="0" TAnchorOffset="7" RAnchorPoint="1" RAnchorOffset="-7" BAnchorPoint="0" BAnchorOffset="25" DT_VCENTER="1" DT_CENTER="1" Name="PromoteMemberCloseBtn" BGColor="ffffffff" TextColor="ffffffff" NormalTextColor="ffffffff" PressedTextColor="ffffffff" FlybyTextColor="ffffffff" PressedFlybyTextColor="ffffffff" DisabledTextColor="ffffffff" Text="" TooltipColor="">
                            <Event Name="ButtonSignal" Function="OnRosterPromoteMemberCloseBtn"/>
                        </Control>
                        <Control Class="Button" Base="CRB_Basekit:kitBtn_Holo" Font="CRB_InterfaceMedium_B" ButtonType="PushButton" RadioGroup="" LAnchorPoint="0" LAnchorOffset="10" TAnchorPoint="1" TAnchorOffset="-56" RAnchorPoint="0.5" RAnchorOffset="-3" BAnchorPoint="1" BAnchorOffset="-24" DT_VCENTER="1" DT_CENTER="1" Name="PromoteMemberYesBtn" BGColor="ffffffff" TextColor="ffffffff" NormalTextColor="UI_TextHoloBody" PressedTextColor="ff31fcf6" FlybyTextColor="ffffffff" PressedFlybyTextColor="ffffffff" DisabledTextColor="9d666666" Text="" TextId="Yes" TooltipColor="">
                            <Event Name="ButtonSignal" Function="OnRosterPromoteMemberYesClick"/>
                        </Control>
                        <Control Class="Button" Base="CRB_Basekit:kitBtn_Holo" Font="CRB_InterfaceMedium_B" ButtonType="PushButton" RadioGroup="" LAnchorPoint="0.5" LAnchorOffset="3" TAnchorPoint="1" TAnchorOffset="-56" RAnchorPoint="1" RAnchorOffset="-10" BAnchorPoint="1" BAnchorOffset="-24" DT_VCENTER="1" DT_CENTER="1" Name="PromoteMemberNoBtn" BGColor="ffffffff" TextColor="ffffffff" NormalTextColor="UI_TextHoloBody" PressedTextColor="ff31fcf6" FlybyTextColor="ffffffff" PressedFlybyTextColor="ffffffff" DisabledTextColor="9d666666" Text="" TextId="No" TooltipColor="">
                            <Event Name="ButtonSignal" Function="OnRosterPromoteMemberCloseBtn"/>
                        </Control>
                    </Control>
                    <Event Name="ButtonCheck" Function="OnRosterPromoteMemberClick"/>
                </Control>
                <Control Class="Window" LAnchorPoint="0" LAnchorOffset="0" TAnchorPoint="0" TAnchorOffset="0" RAnchorPoint="0" RAnchorOffset="4" BAnchorPoint="1" BAnchorOffset="0" RelativeToClient="1" Font="Default" Text="" Template="Default" Name="Padding" BGColor="ffffffff" TextColor="ffffffff" TooltipColor=""/>
                <Control Class="Button" Base="CRB_Basekit:kitBtn_Holo" Font="CRB_InterfaceSmall_O" ButtonType="PushButton" RadioGroup="" LAnchorPoint="0" LAnchorOffset="226" TAnchorPoint="0" TAnchorOffset="0" RAnchorPoint="0" RAnchorOffset="335" BAnchorPoint="1" BAnchorOffset="0" DT_VCENTER="1" DT_CENTER="1" Name="RosterOptionBtnDemote" BGColor="ffffffff" TextColor="ffffffff" NormalTextColor="ff9aaea3" PressedTextColor="ffffffff" FlybyTextColor="ffffffff" PressedFlybyTextColor="ffffffff" DisabledTextColor="9d666666" Text="" TextId="Circles_DemoteMember" Visible="0" GlobalRadioGroup="" RelativeToClient="1" TooltipColor="">
                    <Event Name="ButtonSignal" Function="OnRosterDemoteMemberYesClick"/>
                </Control>
                <Control Class="Window" LAnchorPoint="0" LAnchorOffset="0" TAnchorPoint="0" TAnchorOffset="0" RAnchorPoint="0" RAnchorOffset="4" BAnchorPoint="1" BAnchorOffset="0" RelativeToClient="1" Font="Default" Text="" Template="Default" Name="Padding" BGColor="ffffffff" TextColor="ffffffff" TooltipColor=""/>
                <Control Class="Button" Base="CRB_Basekit:kitBtn_Holo" Font="CRB_InterfaceSmall_O" ButtonType="Check" RadioGroup="RosterOptions_MemberOptionsRadioGroup" LAnchorPoint="0" LAnchorOffset="339" TAnchorPoint="0" TAnchorOffset="0" RAnchorPoint="0" RAnchorOffset="448" BAnchorPoint="1" BAnchorOffset="0" DT_VCENTER="1" DT_CENTER="1" Name="RosterOptionBtnRemove" BGColor="ffffffff" TextColor="ffffffff" NormalTextColor="ff9aaea3" PressedTextColor="ffffffff" FlybyTextColor="ffffffff" PressedFlybyTextColor="ffffffff" DisabledTextColor="9d666666" Text="" TextId="Circles_RemoveMember" Visible="0" GlobalRadioGroup="" LeftEdgeControlsAnchor="GuildRosterOption_Remove_Left" RelativeToClient="1" TooltipColor="">
                    <Event Name="ButtonCheck" Function="OnRosterRemoveMemberClick"/>
                    <Control Class="Window" LAnchorPoint="0.5" LAnchorOffset="-92" TAnchorPoint="1" TAnchorOffset="-108" RAnchorPoint="0.5" RAnchorOffset="92" BAnchorPoint="1" BAnchorOffset="-15" RelativeToClient="1" Font="Default" Text="" Template="Default" Name="RemoveMemberContainer" BGColor="ffffffff" TextColor="ffffffff" Picture="0" IgnoreMouse="1" Sprite="" Visible="0" HideInEditor="0" NoClip="1" CloseOnExternalClick="1" TooltipColor="">
                        <Control Class="Window" LAnchorPoint="0" LAnchorOffset="2" TAnchorPoint="0" TAnchorOffset="2" RAnchorPoint="1" RAnchorOffset="-2" BAnchorPoint="1" BAnchorOffset="0" RelativeToClient="1" Font="Default" Text="" Template="Default" Name="RemoveMemberDownArrowArt" BGColor="ffffffff" TextColor="ffffffff" Picture="1" IgnoreMouse="1" Sprite="kitInnerFrame_Holo_DownArrow" HideInEditor="0" TooltipColor=""/>
                        <Control Class="Window" LAnchorPoint="0" LAnchorOffset="0" TAnchorPoint="0" TAnchorOffset="0" RAnchorPoint="1" RAnchorOffset="0" BAnchorPoint="1" BAnchorOffset="-5" RelativeToClient="1" Font="Default" Text="" Template="Default" Name="RemoveMemberBG" BGColor="ffffffff" TextColor="ffffffff" Sprite="CRB_Basekit:kitBase_HoloBlue_SmallGreenCorners" Picture="1" IgnoreMouse="1" TooltipColor=""/>
                        <Control Class="Window" LAnchorPoint="0" LAnchorOffset="12" TAnchorPoint="0" TAnchorOffset="8" RAnchorPoint="1" RAnchorOffset="-12" BAnchorPoint="0" BAnchorOffset="28" RelativeToClient="1" Font="CRB_InterfaceMedium_B" Text="" Template="Default" Name="RemoveMemberLabel" BGColor="ffffffff" TextColor="ffffffff" TextId="Circles_KickDefault" TooltipColor="" Tooltip=""/>
                        <Control Class="Button" Base="CRB_ChallengeTrackerSprites:btnChallengeClose" Font="Thick" ButtonType="PushButton" RadioGroup="" LAnchorPoint="1" LAnchorOffset="-25" TAnchorPoint="0" TAnchorOffset="7" RAnchorPoint="1" RAnchorOffset="-7" BAnchorPoint="0" BAnchorOffset="25" DT_VCENTER="1" DT_CENTER="1" Name="RemoveMemberCloseBtn" BGColor="ffffffff" TextColor="ffffffff" NormalTextColor="ffffffff" PressedTextColor="ffffffff" FlybyTextColor="ffffffff" PressedFlybyTextColor="ffffffff" DisabledTextColor="ffffffff" Text="">
                            <Event Name="ButtonSignal" Function="OnRosterRemoveMemberCloseBtn"/>
                        </Control>
                        <Control Class="Button" Base="CRB_Basekit:kitBtn_Holo" Font="CRB_InterfaceMedium_B" ButtonType="PushButton" RadioGroup="" LAnchorPoint="0" LAnchorOffset="10" TAnchorPoint="1" TAnchorOffset="-56" RAnchorPoint="0.5" RAnchorOffset="-3" BAnchorPoint="1" BAnchorOffset="-24" DT_VCENTER="1" DT_CENTER="1" Name="RemoveMemberYesBtn" BGColor="ffffffff" TextColor="ffffffff" NormalTextColor="UI_TextHoloBody" PressedTextColor="ff31fcf6" FlybyTextColor="ffffffff" PressedFlybyTextColor="ffffffff" DisabledTextColor="9d666666" Text="" TextId="Yes" TooltipColor="">
                            <Event Name="ButtonSignal" Function="OnRosterRemoveMemberYesClick"/>
                        </Control>
                        <Control Class="Button" Base="CRB_Basekit:kitBtn_Holo" Font="CRB_InterfaceMedium_B" ButtonType="PushButton" RadioGroup="" LAnchorPoint="0.5" LAnchorOffset="3" TAnchorPoint="1" TAnchorOffset="-56" RAnchorPoint="1" RAnchorOffset="-10" BAnchorPoint="1" BAnchorOffset="-24" DT_VCENTER="1" DT_CENTER="1" Name="RemoveMemberNoBtn" BGColor="ffffffff" TextColor="ffffffff" NormalTextColor="UI_TextHoloBody" PressedTextColor="ff31fcf6" FlybyTextColor="ffffffff" PressedFlybyTextColor="ffffffff" DisabledTextColor="9d666666" Text="" TextId="No" TooltipColor="">
                            <Event Name="ButtonSignal" Function="OnRosterRemoveMemberCloseBtn"/>
                        </Control>
                    </Control>
                </Control>
                <Control Class="Window" LAnchorPoint="0" LAnchorOffset="0" TAnchorPoint="0" TAnchorOffset="0" RAnchorPoint="0" RAnchorOffset="4" BAnchorPoint="1" BAnchorOffset="0" RelativeToClient="1" Font="Default" Text="" Template="Default" Name="Padding" BGColor="ffffffff" TextColor="ffffffff" TooltipColor=""/>
                <Control Class="Button" Base="CRB_Basekit:kitBtn_Holo" Font="CRB_InterfaceSmall_O" ButtonType="Check" RadioGroup="RosterOptions_MemberOptionsRadioGroup" LAnchorPoint="0" LAnchorOffset="452" TAnchorPoint="0" TAnchorOffset="0" RAnchorPoint="0" RAnchorOffset="561" BAnchorPoint="1" BAnchorOffset="0" DT_VCENTER="1" DT_CENTER="1" Name="RosterOptionBtnViewAlts" BGColor="ffffffff" TextColor="ffffffff" NormalTextColor="ff9aaea3" PressedTextColor="ffffffff" FlybyTextColor="ffffffff" PressedFlybyTextColor="ffffffff" DisabledTextColor="9d666666" Text="" TextId="Circles_ViewAlts" RelativeToClient="1" GlobalRadioGroup="" TooltipColor="" Visible="0">
                    <Event Name="ButtonCheck" Function="DrawRosterPopout"/>
                </Control>
                <Control Class="Window" LAnchorPoint="0" LAnchorOffset="0" TAnchorPoint="0" TAnchorOffset="0" RAnchorPoint="0" RAnchorOffset="4" BAnchorPoint="1" BAnchorOffset="0" RelativeToClient="1" Font="Default" Text="" Template="Default" Name="Padding" BGColor="ffffffff" TextColor="ffffffff" TooltipColor=""/>
                <Control Class="Button" Base="CRB_Basekit:kitBtn_Holo" Font="CRB_InterfaceSmall_O" ButtonType="Check" RadioGroup="RosterOptions_MemberOptionsRadioGroup" LAnchorPoint="0" LAnchorOffset="567" TAnchorPoint="0" TAnchorOffset="0" RAnchorPoint="0" RAnchorOffset="676" BAnchorPoint="1" BAnchorOffset="0" DT_VCENTER="1" DT_CENTER="1" TooltipType="OnCursor" Name="RosterOptionBtnLeave" BGColor="ffffffff" TextColor="ffffffff" TooltipColor="" NormalTextColor="ff9aaea3" PressedTextColor="ffffffff" FlybyTextColor="ffffffff" PressedFlybyTextColor="ffffffff" DisabledTextColor="9d666666" Text="" TextId="Command_Group_Leave" HideInEditor="0" GlobalRadioGroup="">
                    <Control Class="Window" LAnchorPoint="0.5" LAnchorOffset="-92" TAnchorPoint="1" TAnchorOffset="-108" RAnchorPoint="0.5" RAnchorOffset="92" BAnchorPoint="1" BAnchorOffset="-15" RelativeToClient="1" Font="Default" Text="" Template="Default" Name="LeaveBtnContainer" BGColor="ffffffff" TextColor="ffffffff" Picture="0" IgnoreMouse="1" Sprite="" Visible="0" HideInEditor="0" NoClip="1" CloseOnExternalClick="1" TooltipColor="">
                        <Control Class="Window" LAnchorPoint="0" LAnchorOffset="2" TAnchorPoint="0" TAnchorOffset="2" RAnchorPoint="1" RAnchorOffset="-2" BAnchorPoint="1" BAnchorOffset="0" RelativeToClient="1" Font="Default" Text="" Template="Default" Name="LeaveBtnDownArrowArt" BGColor="ffffffff" TextColor="ffffffff" Picture="1" IgnoreMouse="1" Sprite="kitInnerFrame_Holo_DownArrow" HideInEditor="0" TooltipColor=""/>
                        <Control Class="Window" LAnchorPoint="0" LAnchorOffset="0" TAnchorPoint="0" TAnchorOffset="0" RAnchorPoint="1" RAnchorOffset="0" BAnchorPoint="1" BAnchorOffset="-5" RelativeToClient="1" Font="Default" Text="" Template="Default" Name="LeaveBtnBG" BGColor="ffffffff" TextColor="ffffffff" Sprite="CRB_Basekit:kitBase_HoloBlue_SmallGreenCorners" Picture="1" IgnoreMouse="1" TooltipColor=""/>
                        <Control Class="Window" LAnchorPoint="0" LAnchorOffset="12" TAnchorPoint="0" TAnchorOffset="8" RAnchorPoint="1" RAnchorOffset="-12" BAnchorPoint="0" BAnchorOffset="28" RelativeToClient="1" Font="CRB_InterfaceMedium_B" Text="" Template="Default" Name="LeaveBtnLabel" BGColor="ffffffff" TextColor="ffffffff" TextId="Bank_BuyConfirm" TooltipColor=""/>
                        <Control Class="Button" Base="CRB_ChallengeTrackerSprites:btnChallengeClose" Font="Thick" ButtonType="PushButton" RadioGroup="" LAnchorPoint="1" LAnchorOffset="-25" TAnchorPoint="0" TAnchorOffset="7" RAnchorPoint="1" RAnchorOffset="-7" BAnchorPoint="0" BAnchorOffset="25" DT_VCENTER="1" DT_CENTER="1" Name="LeaveBtnCloseBtn" BGColor="ffffffff" TextColor="ffffffff" NormalTextColor="ffffffff" PressedTextColor="ffffffff" FlybyTextColor="ffffffff" PressedFlybyTextColor="ffffffff" DisabledTextColor="ffffffff" Text="" TooltipColor="">
                            <Event Name="ButtonSignal" Function="OnRosterLeaveCloseBtn"/>
                        </Control>
                        <Control Class="Button" Base="CRB_Basekit:kitBtn_Holo" Font="CRB_InterfaceMedium_B" ButtonType="PushButton" RadioGroup="" LAnchorPoint="0" LAnchorOffset="10" TAnchorPoint="1" TAnchorOffset="-56" RAnchorPoint="0.5" RAnchorOffset="-3" BAnchorPoint="1" BAnchorOffset="-24" DT_VCENTER="1" DT_CENTER="1" Name="LeaveBtnYesBtn" BGColor="ffffffff" TextColor="ffffffff" NormalTextColor="UI_TextHoloBody" PressedTextColor="ff31fcf6" FlybyTextColor="ffffffff" PressedFlybyTextColor="ffffffff" DisabledTextColor="9d666666" Text="" TextId="Yes" TooltipColor="">
                            <Event Name="ButtonSignal" Function="OnRosterLeaveYesClick"/>
                        </Control>
                        <Control Class="Button" Base="CRB_Basekit:kitBtn_Holo" Font="CRB_InterfaceMedium_B" ButtonType="PushButton" RadioGroup="" LAnchorPoint="0.5" LAnchorOffset="3" TAnchorPoint="1" TAnchorOffset="-56" RAnchorPoint="1" RAnchorOffset="-10" BAnchorPoint="1" BAnchorOffset="-24" DT_VCENTER="1" DT_CENTER="1" Name="LeaveBtnNoBtn" BGColor="ffffffff" TextColor="ffffffff" NormalTextColor="UI_TextHoloBody" PressedTextColor="ff31fcf6" FlybyTextColor="ffffffff" PressedFlybyTextColor="ffffffff" DisabledTextColor="9d666666" Text="" TextId="No" TooltipColor="">
                            <Event Name="ButtonSignal" Function="OnRosterLeaveCloseBtn"/>
                        </Control>
                        <Event Name="WindowClosed" Function="OnRosterLeaveCloseBtn"/>
                    </Control>
                </Control>
            </Control>
            <Pixie LAnchorPoint="0" LAnchorOffset="16" TAnchorPoint="1" TAnchorOffset="-58" RAnchorPoint="1" RAnchorOffset="-16" BAnchorPoint="1" BAnchorOffset="2" BGColor="66ffffff" Font="Default" TextColor="ffffffff" Text="" Sprite="CRB_Basekit:kitBase_HoloBlue_SmallGreenCorners" Line="0"/>
            <Control Class="Window" LAnchorPoint="1" LAnchorOffset="-5" TAnchorPoint="0" TAnchorOffset="0" RAnchorPoint="1" RAnchorOffset="365" BAnchorPoint="0" BAnchorOffset="411" RelativeToClient="1" Font="Default" Text="" Template="" Name="RankPopout" Border="0" Picture="1" SwallowMouseClicks="1" Moveable="0" Escapable="0" Overlapped="1" BGColor="ffffffff" TextColor="ffffffff" TextId="" TooltipColor="" Tooltip="" NewControlDepth="16" HideInEditor="0" Visible="0" IgnoreMouse="1" Sprite="CRB_Basekit:kitBase_HoloHexes_Small" NoClip="1">
                <Control Class="Window" LAnchorPoint="0" LAnchorOffset="0" TAnchorPoint="0" TAnchorOffset="0" RAnchorPoint="1" RAnchorOffset="0" BAnchorPoint="1" BAnchorOffset="0" RelativeToClient="1" Font="Default" Text="" Template="Default" TooltipType="OnCursor" Name="BGArt" BGColor="ffffffff" TextColor="ffffffff" TooltipColor="">
                    <Control Class="Window" LAnchorPoint="0" LAnchorOffset="12" TAnchorPoint="0" TAnchorOffset="42" RAnchorPoint="1" RAnchorOffset="-12" BAnchorPoint="1" BAnchorOffset="-50" RelativeToClient="1" Font="Default" Text="" Template="Default" TooltipType="OnCursor" Name="BGArt_MetalBaseSettings" BGColor="ffffffff" TextColor="ffffffff" TooltipColor="" Picture="1" IgnoreMouse="1" Sprite="CRB_Basekit:kitBase_HoloBlue_SmallGreenCorners" VScroll="0"/>
                    <Pixie LAnchorPoint="0" LAnchorOffset="0" TAnchorPoint="0" TAnchorOffset="5" RAnchorPoint="1" RAnchorOffset="0" BAnchorPoint="0" BAnchorOffset="34" BGColor="ffffffff" Font="CRB_HeaderMedium" TextColor="ff7fffb9" Text="" TextId="Circles_RankPixie" DT_CENTER="1" DT_BOTTOM="1" Line="0"/>
                </Control>
                <Control Class="Button" Base="CRB_Basekit:kitBtn_Holo" Font="CRB_InterfaceMedium_B" ButtonType="PushButton" RadioGroup="" LAnchorPoint="0.5" LAnchorOffset="-69" TAnchorPoint="1" TAnchorOffset="-45" RAnchorPoint="0.5" RAnchorOffset="69" BAnchorPoint="1" BAnchorOffset="-13" DT_VCENTER="1" DT_CENTER="1" Name="RankPopoutCancelButton" BGColor="ffffffff" TextColor="ffffffff" NewControlDepth="2" WindowSoundTemplate="TogglePhys03" TextId="CRB_Close" Text="" TooltipColor="" NormalTextColor="UI_TextHoloBody" PressedTextColor="ffffffff" FlybyTextColor="ff31fcf6" PressedFlybyTextColor="ffffffff" DisabledTextColor="ff800000">
                    <Event Name="ButtonSignal" Function="OnRankPopoutCloseBtn"/>
                </Control>
                <Control Class="Button" Base="kitBtn_Holo_Close" Font="CRB_InterfaceMedium" ButtonType="PushButton" RadioGroup="" LAnchorPoint="1" LAnchorOffset="-29" TAnchorPoint="0" TAnchorOffset="8" RAnchorPoint="1" RAnchorOffset="-8" BAnchorPoint="0" BAnchorOffset="29" DT_VCENTER="1" DT_CENTER="1" Name="RankPopoutCloseButton" BGColor="9dffffff" TextColor="ffffffff" NewControlDepth="2" WindowSoundTemplate="TogglePhys03" TextId="" Text="" TooltipColor="" NormalTextColor="UI_TextHoloBody" PressedTextColor="ffffffff" FlybyTextColor="ff31fcf6" PressedFlybyTextColor="ffffffff" DisabledTextColor="ff800000">
                    <Event Name="ButtonSignal" Function="OnRankPopoutCloseBtn"/>
                </Control>
                <Control Class="Window" LAnchorPoint="0" LAnchorOffset="20" TAnchorPoint="0" TAnchorOffset="50" RAnchorPoint="1" RAnchorOffset="-20" BAnchorPoint="1" BAnchorOffset="-57" RelativeToClient="1" Font="Default" Text="" Template="Default" TooltipType="OnCursor" Name="RankContainer" BGColor="ffffffff" TextColor="ffffffff" TooltipColor="" VScroll="1" IgnoreMouse="1"/>
                <Event Name="MouseButtonDown" Function="HelperClearFocus"/>
                <Control Class="Window" LAnchorPoint="0" LAnchorOffset="0" TAnchorPoint="0" TAnchorOffset="0" RAnchorPoint="1" RAnchorOffset="0" BAnchorPoint="1" BAnchorOffset="0" RelativeToClient="1" Font="Default" Text="" Template="Default" TooltipType="OnCursor" Name="RankSettingsEntry" Border="0" Picture="1" SwallowMouseClicks="1" Moveable="0" Escapable="0" Overlapped="0" BGColor="black" TextColor="ffffffff" TooltipColor="" Sprite="ClientSprites:WhiteFill" IgnoreMouse="1" HideInEditor="0" Visible="0">
                    <Pixie LAnchorPoint="0" LAnchorOffset="0" TAnchorPoint="0" TAnchorOffset="0" RAnchorPoint="1" RAnchorOffset="0" BAnchorPoint="1" BAnchorOffset="0" Sprite="CRB_Basekit:kitBase_HoloBlue_Small" BGColor="white" TextColor="ffffffff" Rotation="0" Font="CRB_HeaderSmall" Text=""/>
                    <Pixie LAnchorPoint="0" LAnchorOffset="0" TAnchorPoint="0" TAnchorOffset="0" RAnchorPoint="1" RAnchorOffset="0" BAnchorPoint="0" BAnchorOffset="32" Sprite="" BGColor="ffffffff" TextColor="ff7fffb9" Rotation="0" Font="CRB_HeaderMedium" Text="" TextId="Circles_EditRank" DT_BOTTOM="1" DT_CENTER="1"/>
                    <Control Class="Window" LAnchorPoint="0" LAnchorOffset="0" TAnchorPoint="0" TAnchorOffset="36" RAnchorPoint="1" RAnchorOffset="0" BAnchorPoint="0" BAnchorOffset="91" RelativeToClient="1" Font="Default" Text="" Template="Default" TooltipType="OnCursor" Name="Name" BGColor="ffffffff" TextColor="ffffffff" TooltipColor="" HideInEditor="0" Visible="1" Picture="0" IgnoreMouse="1">
                        <Pixie LAnchorPoint="0" LAnchorOffset="17" TAnchorPoint="1" TAnchorOffset="-24" RAnchorPoint="1" RAnchorOffset="-17" BAnchorPoint="1" BAnchorOffset="0" Sprite="CRB_Basekit:kitInnerFrame_Holo_InputBox" BGColor="white" TextColor="white" Rotation="0" Font="Default" Text="" TextId=""/>
                        <Control Class="EditBox" LAnchorPoint="0" LAnchorOffset="25" TAnchorPoint="1" TAnchorOffset="-24" RAnchorPoint="1" RAnchorOffset="-25" BAnchorPoint="1" BAnchorOffset="0" RelativeToClient="1" Font="CRB_InterfaceMedium_B" Text="" Template="Default" TooltipType="OnCursor" Name="OptionString" BGColor="ffffffff" TextColor="ffffffff" TooltipColor="" TextId="" DT_VCENTER="1">
                            <Event Name="EditBoxChanging" Function="OnRankSettingsNameChanging"/>
                            <Event Name="EditBoxChanged" Function="OnRankSettingsNameChanging"/>
                        </Control>
                        <Pixie LAnchorPoint="0" LAnchorOffset="17" TAnchorPoint="0" TAnchorOffset="0" RAnchorPoint="1" RAnchorOffset="-17" BAnchorPoint="0" BAnchorOffset="24" Sprite="" BGColor="white" TextColor="ff7fffb9" Rotation="0" Font="CRB_HeaderSmall" Text="" TextId="CRB_Name" DT_VCENTER="1" DT_CENTER="1"/>
                        <Control Class="Window" LAnchorPoint="1" LAnchorOffset="-100" TAnchorPoint="1" TAnchorOffset="-24" RAnchorPoint="1" RAnchorOffset="-25" BAnchorPoint="1" BAnchorOffset="0" RelativeToClient="1" Font="CRB_InterfaceSmall" Text="(16/16)" Template="Default" TooltipType="OnCursor" Name="Limit" BGColor="ffffffff" TextColor="ffffffff" TooltipColor="" TextId="" DT_VCENTER="1" DT_RIGHT="1"/>
                    </Control>
                    <Control Class="Window" LAnchorPoint="0" LAnchorOffset="0" TAnchorPoint=".5" TAnchorOffset="-116" RAnchorPoint="1" RAnchorOffset="0" BAnchorPoint=".5" BAnchorOffset="126" RelativeToClient="1" Font="Default" Text="" Template="Default" TooltipType="OnCursor" Name="Permissions" Border="0" Picture="0" SwallowMouseClicks="1" Moveable="0" Escapable="0" Overlapped="0" BGColor="ffffffff" TextColor="ffffffff" TooltipColor="" HideInEditor="0">
                        <Pixie LAnchorPoint="0" LAnchorOffset="0" TAnchorPoint="0" TAnchorOffset="0" RAnchorPoint="1" RAnchorOffset="0" BAnchorPoint="1" BAnchorOffset="0" Sprite="" BGColor="white" TextColor="ffffffff" Rotation="0" Font="CRB_HeaderSmall" Text=""/>
                        <Pixie LAnchorPoint="0" LAnchorOffset="30" TAnchorPoint="0" TAnchorOffset="40" RAnchorPoint="1" RAnchorOffset="-30" BAnchorPoint="1" BAnchorOffset="-20" Sprite="CRB_Basekit:kitAccent_Frame_OrangeCorners" BGColor="white" TextColor="black" Rotation="0" Font="Default"/>
                        <Pixie LAnchorPoint="0" LAnchorOffset="0" TAnchorPoint="0" TAnchorOffset="0" RAnchorPoint="1" RAnchorOffset="0" BAnchorPoint="0" BAnchorOffset="32" Sprite="" BGColor="ffffffff" TextColor="ff7fffb9" Rotation="0" Font="CRB_HeaderSmall" Text="" TextId="Group_Permissions" DT_BOTTOM="1" DT_CENTER="1"/>
                        <Control Class="Window" LAnchorPoint="0" LAnchorOffset="38" TAnchorPoint="0" TAnchorOffset="50" RAnchorPoint="1" RAnchorOffset="-38" BAnchorPoint="0" BAnchorOffset="210" RelativeToClient="1" Font="Default" Text="" Template="CRB_Scroll_HoloSmall" TooltipType="OnCursor" Name="PermissionContainer" BGColor="ffffffff" TextColor="ffffffff" TooltipColor="" VScroll="1" IgnoreMouse="1" AutoHideScroll="1"/>
                    </Control>
                    <Control Class="Button" Base="CRB_Basekit:kitBtn_Holo" Font="CRB_InterfaceMedium_B" ButtonType="PushButton" RadioGroup="" LAnchorPoint="0.5" LAnchorOffset="-142" TAnchorPoint="1" TAnchorOffset="-45" RAnchorPoint="0.5" RAnchorOffset="-4" BAnchorPoint="1" BAnchorOffset="-13" DT_VCENTER="1" DT_CENTER="1" Name="RankPopoutOkBtn" BGColor="ffffffff" TextColor="ffffffff" NewControlDepth="2" WindowSoundTemplate="TogglePhys02" TextId="CRB_Save" Text="" TooltipColor="" NormalTextColor="UI_TextHoloBody" PressedTextColor="ffffffff" FlybyTextColor="ff31fcf6" PressedFlybyTextColor="ffffffff" DisabledTextColor="ff800000">
                        <Event Name="ButtonSignal" Function="OnRankSettingsSaveBtn"/>
                    </Control>
                    <Control Class="Button" Base="CRB_Basekit:kitBtn_Holo" Font="CRB_InterfaceMedium_B" ButtonType="PushButton" RadioGroup="" LAnchorPoint="0.5" LAnchorOffset="4" TAnchorPoint="1" TAnchorOffset="-45" RAnchorPoint="0.5" RAnchorOffset="142" BAnchorPoint="1" BAnchorOffset="-13" DT_VCENTER="1" DT_CENTER="1" Name="RankPopoutCancelButton" BGColor="ffffffff" TextColor="ffffffff" NewControlDepth="2" WindowSoundTemplate="TogglePhys03" TextId="CRB_Cancel" Text="" TooltipColor="" NormalTextColor="UI_TextHoloBody" PressedTextColor="ffffffff" FlybyTextColor="ff31fcf6" PressedFlybyTextColor="ffffffff" DisabledTextColor="ff800000">
                        <Event Name="ButtonSignal" Function="OnRankSettingsCloseBtn"/>
                    </Control>
                    <Control Class="Window" LAnchorPoint="0" LAnchorOffset="-2" TAnchorPoint="0" TAnchorOffset="321" RAnchorPoint="1" RAnchorOffset="-2" BAnchorPoint="0" BAnchorOffset="358" RelativeToClient="1" Font="Default" Text="" Template="Default" TooltipType="OnCursor" Name="Delete" BGColor="ffffffff" TextColor="ffffffff" TooltipColor="" HideInEditor="1">
                        <Control Class="Button" Base="CRB_Basekit:kitBtn_Metal_MediumRed" Font="CRB_InterfaceMedium_B" ButtonType="PushButton" RadioGroup="" LAnchorPoint="1" LAnchorOffset="-158" TAnchorPoint=".5" TAnchorOffset="-15" RAnchorPoint="1" RAnchorOffset="-20" BAnchorPoint=".5" BAnchorOffset="15" DT_VCENTER="1" DT_CENTER="1" Name="RankDeleteBtn" BGColor="ffffffff" TextColor="ffffffff" NewControlDepth="2" WindowSoundTemplate="TogglePhys02" TextId="CRB_Delete" Text="" TooltipColor="" NormalTextColor="ffffffff" PressedTextColor="ffffffff" FlybyTextColor="ffffffff" PressedFlybyTextColor="ffffffff" DisabledTextColor="ff800000">
                            <Event Name="ButtonSignal" Function="OnRankSettingsDeleteBtn"/>
                        </Control>
                        <Pixie LAnchorPoint="0" LAnchorOffset="0" TAnchorPoint="0" TAnchorOffset="0" RAnchorPoint="0" RAnchorOffset="210" BAnchorPoint="1" BAnchorOffset="0" Sprite="" BGColor="white" TextColor="white" Rotation="0" Font="CRB_InterfaceMedium_B" DT_VCENTER="1" Text="" TextId="Circles_CanNotBeUndone" DT_RIGHT="1"/>
                    </Control>
                    <Control Class="Window" LAnchorPoint="0" LAnchorOffset="-2" TAnchorPoint="0" TAnchorOffset="321" RAnchorPoint="1" RAnchorOffset="-2" BAnchorPoint="0" BAnchorOffset="358" RelativeToClient="1" Font="CRB_InterfaceMedium_B" Text="" Template="Default" TooltipType="OnCursor" Name="MemberCount" BGColor="ffffffff" TextColor="ffffffff" TooltipColor="" DT_CENTER="1" DT_VCENTER="1" TextId="Guild_MemberCount"/>
                </Control>
            </Control>
            <Control Class="Button" Base="AbilitiesSprites:btn_Options" Font="Thick" ButtonType="PushButton" RadioGroup="" LAnchorPoint="0" LAnchorOffset="745" TAnchorPoint="0" TAnchorOffset="-12" RAnchorPoint="0" RAnchorOffset="777" BAnchorPoint="0" BAnchorOffset="20" DT_VCENTER="1" DT_CENTER="1" TooltipType="OnCursor" Name="RanksButton" BGColor="ffffffff" TextColor="ffffffff" TooltipColor="" NormalTextColor="ffffffff" PressedTextColor="ffffffff" FlybyTextColor="ffffffff" PressedFlybyTextColor="ffffffff" DisabledTextColor="ffffffff" NoClip="1">
                <Event Name="ButtonSignal" Function="OnRanksButtonSignal"/>
            </Control>
        </Control>
        <Control Class="Window" LAnchorPoint="0.5" LAnchorOffset="-155" TAnchorPoint="0" TAnchorOffset="64" RAnchorPoint="0.5" RAnchorOffset="156" BAnchorPoint="1" BAnchorOffset="-10" RelativeToClient="1" Font="Default" Text="" Template="" Name="CircleRegistrationWnd" Border="0" Picture="1" SwallowMouseClicks="1" Moveable="0" Escapable="0" Overlapped="1" BGColor="ffffffff" TextColor="ffffffff" TextId="" TooltipColor="" Tooltip="" NewControlDepth="16" HideInEditor="1" Visible="0" IgnoreMouse="1" Sprite="CRB_Basekit:kitBase_HoloHexes_Small">
            <Control Class="Window" LAnchorPoint="0" LAnchorOffset="0" TAnchorPoint="0" TAnchorOffset="0" RAnchorPoint="1" RAnchorOffset="0" BAnchorPoint="1" BAnchorOffset="0" RelativeToClient="1" Font="Default" Text="" Template="Default" TooltipType="OnCursor" Name="BGArt" BGColor="ffffffff" TextColor="ffffffff" TooltipColor="">
                <Pixie LAnchorPoint="0" LAnchorOffset="12" TAnchorPoint="0" TAnchorOffset="42" RAnchorPoint="1" RAnchorOffset="-12" BAnchorPoint="0" BAnchorOffset="117" BGColor="ffffffff" Font="Default" TextColor="ffffffff" Text="" Sprite="CRB_Basekit:kitBase_HoloBlue_SmallGreenCorners" Line="0"/>
                <Pixie LAnchorPoint="0" LAnchorOffset="12" TAnchorPoint="0" TAnchorOffset="117" RAnchorPoint="1" RAnchorOffset="-12" BAnchorPoint="1" BAnchorOffset="-50" BGColor="ffffffff" Font="Default" TextColor="ffffffff" Text="" Sprite="CRB_Basekit:kitBase_HoloBlue_SmallGreenCorners" Line="0"/>
                <Pixie LAnchorPoint="0" LAnchorOffset="0" TAnchorPoint="0" TAnchorOffset="5" RAnchorPoint="1" RAnchorOffset="0" BAnchorPoint="0" BAnchorOffset="34" BGColor="ffffffff" Font="CRB_HeaderMedium" TextColor="ff7fffb9" Text="" TextId="Circles_Register" DT_CENTER="1" DT_BOTTOM="1" Line="0"/>
            </Control>
            <Control Class="Button" Base="CRB_Basekit:kitBtn_Holo" Font="CRB_InterfaceMedium_B" ButtonType="PushButton" RadioGroup="" LAnchorPoint="0.5" LAnchorOffset="-142" TAnchorPoint="1" TAnchorOffset="-45" RAnchorPoint="0.5" RAnchorOffset="-4" BAnchorPoint="1" BAnchorOffset="-13" DT_VCENTER="1" DT_CENTER="1" Name="RegisterBtn" BGColor="ffffffff" TextColor="ffffffff" NewControlDepth="2" WindowSoundTemplate="TogglePhys02" TextId="OK" Text="" TooltipColor="" NormalTextColor="UI_TextHoloBody" PressedTextColor="ffffffff" FlybyTextColor="ff31fcf6" PressedFlybyTextColor="ffffffff" DisabledTextColor="ff800000">
                <Event Name="ButtonSignal" Function="OnCircleRegBtn"/>
            </Control>
            <Control Class="Button" Base="CRB_Basekit:kitBtn_Holo" Font="CRB_InterfaceMedium_B" ButtonType="PushButton" RadioGroup="" LAnchorPoint="0.5" LAnchorOffset="4" TAnchorPoint="1" TAnchorOffset="-45" RAnchorPoint="0.5" RAnchorOffset="142" BAnchorPoint="1" BAnchorOffset="-13" DT_VCENTER="1" DT_CENTER="1" Name="RegisterCancelButton" BGColor="ffffffff" TextColor="ffffffff" NewControlDepth="2" WindowSoundTemplate="TogglePhys03" TextId="CRB_Cancel" Text="" TooltipColor="" NormalTextColor="UI_TextHoloBody" PressedTextColor="ffffffff" FlybyTextColor="ff31fcf6" PressedFlybyTextColor="ffffffff" DisabledTextColor="ff800000">
                <Event Name="ButtonSignal" Function="OnCancelRegistration"/>
            </Control>
            <Control Class="Button" Base="kitBtn_Holo_Close" Font="CRB_InterfaceMedium" ButtonType="PushButton" RadioGroup="" LAnchorPoint="1" LAnchorOffset="-29" TAnchorPoint="0" TAnchorOffset="8" RAnchorPoint="1" RAnchorOffset="-8" BAnchorPoint="0" BAnchorOffset="29" DT_VCENTER="1" DT_CENTER="1" Name="RegisterCloseButton" BGColor="9dffffff" TextColor="ffffffff" NewControlDepth="2" WindowSoundTemplate="TogglePhys03" TextId="" Text="" TooltipColor="" NormalTextColor="UI_TextHoloBody" PressedTextColor="ffffffff" FlybyTextColor="ff31fcf6" PressedFlybyTextColor="ffffffff" DisabledTextColor="ff800000">
                <Event Name="ButtonSignal" Function="OnCancelRegistration"/>
            </Control>
            <Control Class="Window" LAnchorPoint="0" LAnchorOffset="20" TAnchorPoint="0" TAnchorOffset="45" RAnchorPoint="1" RAnchorOffset="-20" BAnchorPoint="1" BAnchorOffset="-57" RelativeToClient="1" Font="Default" Text="" Template="Default" TooltipType="OnCursor" Name="RegistrationContent" BGColor="ffffffff" TextColor="ffffffff" TooltipColor="" Tooltip="">
                <Control Class="Button" Base="CRB_QuestTrackerSprites:btnQT_QuestFailed" Font="CRB_InterfaceSmall" ButtonType="PushButton" RadioGroup="" LAnchorPoint="1" LAnchorOffset="-40" TAnchorPoint="0" TAnchorOffset="129" RAnchorPoint="1" RAnchorOffset="-12" BAnchorPoint="0" BAnchorOffset="157" DT_VCENTER="1" DT_CENTER="1" TooltipType="OnCursor" Name="LabelRevertBtn_1" BGColor="ffffffff" TextColor="ffffffff" TooltipColor="" NormalTextColor="ff80ffff" PressedTextColor="ffffffff" FlybyTextColor="ffffffff" PressedFlybyTextColor="ffffffff" DisabledTextColor="ffffffff" Text="" TextId="">
                    <Event Name="ButtonSignal" Function="UseDefaultTitleBtn"/>
                </Control>
                <Control Class="Button" Base="CRB_QuestTrackerSprites:btnQT_QuestFailed" Font="CRB_InterfaceSmall" ButtonType="PushButton" RadioGroup="" LAnchorPoint="1" LAnchorOffset="-40" TAnchorPoint="0" TAnchorOffset="196" RAnchorPoint="1" RAnchorOffset="-12" BAnchorPoint="0" BAnchorOffset="224" DT_VCENTER="1" DT_CENTER="1" TooltipType="OnCursor" Name="LabelRevertBtn_2" BGColor="ffffffff" TextColor="ffffffff" TooltipColor="" NormalTextColor="ff80ffff" PressedTextColor="ffffffff" FlybyTextColor="ffffffff" PressedFlybyTextColor="ffffffff" DisabledTextColor="ffffffff" Text="" TextId="">
                    <Event Name="ButtonSignal" Function="UseDefaultTitleBtn"/>
                </Control>
                <Control Class="Button" Base="CRB_QuestTrackerSprites:btnQT_QuestFailed" Font="CRB_InterfaceSmall" ButtonType="PushButton" RadioGroup="" LAnchorPoint="1" LAnchorOffset="-40" TAnchorPoint="0" TAnchorOffset="263" RAnchorPoint="1" RAnchorOffset="-12" BAnchorPoint="0" BAnchorOffset="291" DT_VCENTER="1" DT_CENTER="1" TooltipType="OnCursor" Name="LabelRevertBtn_3" BGColor="ffffffff" TextColor="ffffffff" TooltipColor="" NormalTextColor="ff80ffff" PressedTextColor="ffffffff" FlybyTextColor="ffffffff" PressedFlybyTextColor="ffffffff" DisabledTextColor="ffffffff" Text="" TextId="">
                    <Event Name="ButtonSignal" Function="UseDefaultTitleBtn"/>
                </Control>
                <Control Class="EditBox" LAnchorPoint="0" LAnchorOffset="20" TAnchorPoint="0" TAnchorOffset="32" RAnchorPoint="1" RAnchorOffset="-24" BAnchorPoint="0" BAnchorOffset="56" RelativeToClient="1" Font="CRB_InterfaceLarge_B" Text="" Template="Default" TooltipType="OnCursor" Name="GuildNameString" BGColor="ffffffff" TextColor="ffffffff" TooltipColor="" TextId="" DT_VCENTER="1">
                    <Event Name="EditBoxChanging" Function="OnCircleRegNameChanging"/>
                    <Event Name="EditBoxChanged" Function="OnCircleRegNameChanging"/>
                </Control>
                <Control Class="EditBox" LAnchorPoint="0" LAnchorOffset="20" TAnchorPoint="0" TAnchorOffset="131" RAnchorPoint="1" RAnchorOffset="-51" BAnchorPoint="0" BAnchorOffset="153" RelativeToClient="1" Font="CRB_InterfaceMedium_B" Text="" Template="Default" TooltipType="OnCursor" Name="OptionString_1" BGColor="ffffffff" TextColor="ffffffff" TooltipColor="" TextId="" DT_VCENTER="1">
                    <Event Name="EditBoxChanging" Function="OnCircleRegOptionChanging"/>
                    <Event Name="EditBoxChanged" Function="OnCircleRegOptionChanging"/>
                </Control>
                <Control Class="EditBox" LAnchorPoint="0" LAnchorOffset="20" TAnchorPoint="0" TAnchorOffset="198" RAnchorPoint="1" RAnchorOffset="-51" BAnchorPoint="0" BAnchorOffset="220" RelativeToClient="1" Font="CRB_InterfaceMedium_B" Text="" Template="Default" TooltipType="OnCursor" Name="OptionString_2" BGColor="ffffffff" TextColor="ffffffff" TooltipColor="" TextId="" DT_VCENTER="1">
                    <Event Name="EditBoxChanging" Function="OnCircleRegOptionChanging"/>
                    <Event Name="EditBoxChanged" Function="OnCircleRegOptionChanging"/>
                </Control>
                <Control Class="EditBox" LAnchorPoint="0" LAnchorOffset="20" TAnchorPoint="0" TAnchorOffset="265" RAnchorPoint="1" RAnchorOffset="-51" BAnchorPoint="0" BAnchorOffset="287" RelativeToClient="1" Font="CRB_InterfaceMedium_B" Text="" Template="Default" TooltipType="OnCursor" Name="OptionString_3" BGColor="ffffffff" TextColor="ffffffff" TooltipColor="" TextId="" DT_VCENTER="1">
                    <Event Name="EditBoxChanging" Function="OnCircleRegOptionChanging"/>
                    <Event Name="EditBoxChanged" Function="OnCircleRegOptionChanging"/>
                </Control>
                <Pixie LAnchorPoint="0" LAnchorOffset="0" TAnchorPoint="0" TAnchorOffset="5" RAnchorPoint="1" RAnchorOffset="0" BAnchorPoint="0" BAnchorOffset="25" BGColor="ffffffff" Font="CRB_HeaderSmall" TextColor="UI_TextHoloBody" Text="" TextId="Circles_NameHeader" DT_CENTER="1" DT_BOTTOM="1" Line="0"/>
                <Pixie LAnchorPoint="0" LAnchorOffset="12" TAnchorPoint="0" TAnchorOffset="27" RAnchorPoint="1" RAnchorOffset="-16" BAnchorPoint="0" BAnchorOffset="61" BGColor="ffffffff" Font="Default" TextColor="ffffffff" Text="" Sprite="CRB_Basekit:kitInnerFrame_Holo_InputBox" Line="0"/>
                <Pixie LAnchorPoint="0" LAnchorOffset="0" TAnchorPoint="0" TAnchorOffset="82" RAnchorPoint="1" RAnchorOffset="0" BAnchorPoint="0" BAnchorOffset="102" BGColor="ffffffff" Font="CRB_HeaderSmall" TextColor="UI_TextHoloBody" Text="" TextId="CRB_Customize" DT_CENTER="1" DT_BOTTOM="1" Line="0"/>
                <Pixie LAnchorPoint="0" LAnchorOffset="15" TAnchorPoint="0" TAnchorOffset="106" RAnchorPoint="1" RAnchorOffset="0" BAnchorPoint="0" BAnchorOffset="126" BGColor="ffffffff" Font="CRB_InterfaceMedium" TextColor="UI_TextHoloBody" Text="" TextId="Circles_LeaderTitle" DT_CENTER="0" DT_BOTTOM="1" Line="0"/>
                <Pixie LAnchorPoint="0" LAnchorOffset="12" TAnchorPoint="0" TAnchorOffset="125" RAnchorPoint="1" RAnchorOffset="-43" BAnchorPoint="0" BAnchorOffset="159" BGColor="ffffffff" Font="Default" TextColor="ffffffff" Text="" Sprite="CRB_Basekit:kitInnerFrame_Holo_InputBox" Line="0"/>
                <Pixie LAnchorPoint="0" LAnchorOffset="15" TAnchorPoint="0" TAnchorOffset="172" RAnchorPoint="1" RAnchorOffset="0" BAnchorPoint="0" BAnchorOffset="192" BGColor="ffffffff" Font="CRB_InterfaceMedium" TextColor="UI_TextHoloBody" Text="" TextId="Circles_CouncilTitle" DT_CENTER="0" DT_BOTTOM="1" Line="0"/>
                <Pixie LAnchorPoint="0" LAnchorOffset="12" TAnchorPoint="0" TAnchorOffset="192" RAnchorPoint="1" RAnchorOffset="-43" BAnchorPoint="0" BAnchorOffset="226" BGColor="ffffffff" Font="Default" TextColor="ffffffff" Text="" Sprite="CRB_Basekit:kitInnerFrame_Holo_InputBox" Line="0"/>
                <Pixie LAnchorPoint="0" LAnchorOffset="15" TAnchorPoint="0" TAnchorOffset="239" RAnchorPoint="1" RAnchorOffset="0" BAnchorPoint="0" BAnchorOffset="259" BGColor="ffffffff" Font="CRB_InterfaceMedium" TextColor="UI_TextHoloBody" Text="" TextId="Circles_MemberTitle" DT_CENTER="0" DT_BOTTOM="1" Line="0"/>
                <Pixie LAnchorPoint="0" LAnchorOffset="12" TAnchorPoint="0" TAnchorOffset="259" RAnchorPoint="1" RAnchorOffset="-43" BAnchorPoint="0" BAnchorOffset="293" BGColor="ffffffff" Font="Default" TextColor="ffffffff" Text="" Sprite="CRB_Basekit:kitInnerFrame_Holo_InputBox" Line="0"/>
            </Control>
            <Event Name="MouseButtonDown" Function="HelperClearFocus"/>
        </Control>
        <Event Name="WindowClosed" Function="OnClose"/>
        <Control Class="Window" LAnchorPoint="0" LAnchorOffset="10" TAnchorPoint="0" TAnchorOffset="51" RAnchorPoint="1" RAnchorOffset="-10" BAnchorPoint="1" BAnchorOffset="-9" RelativeToClient="1" Font="Default" Text="" Template="Default" TooltipType="OnCursor" Name="AlertMessage" BGColor="cf000000" TextColor="ffffffff" TooltipColor="" IgnoreMouse="1" Visible="0" TransitionShowHide="1" HideInEditor="1" NewControlDepth="10" Sprite="WhiteFill" Picture="1">
            <Control Class="Window" LAnchorPoint="0.5" LAnchorOffset="-161" TAnchorPoint="0.5" TAnchorOffset="-50" RAnchorPoint="0.5" RAnchorOffset="161" BAnchorPoint="0.5" BAnchorOffset="50" RelativeToClient="1" Font="Default" Text="" Template="Default" TooltipType="OnCursor" Name="AlertBG_MessageBase" BGColor="ffffffff" TextColor="ffffffff" TooltipColor="" Picture="1" IgnoreMouse="1" Sprite="CRB_Basekit:kitBase_HoloBlue_Tiny" NewControlDepth="2">
                <Control Class="Window" LAnchorPoint="0" LAnchorOffset="20" TAnchorPoint="0" TAnchorOffset="16" RAnchorPoint="1" RAnchorOffset="-20" BAnchorPoint="0" BAnchorOffset="44" RelativeToClient="1" Font="CRB_HeaderLarge" Text="" Template="Default" TooltipType="OnCursor" Name="MessageAlertText" BGColor="ffffffff" TextColor="ffff8000" TooltipColor="" NewControlDepth="6" TextId="CRB__2" DT_VCENTER="0" DT_CENTER="1"/>
                <Control Class="Window" LAnchorPoint="0" LAnchorOffset="20" TAnchorPoint="0" TAnchorOffset="44" RAnchorPoint="1" RAnchorOffset="-20" BAnchorPoint="1" BAnchorOffset="-16" RelativeToClient="1" Font="CRB_InterfaceMedium" Text="" Template="Default" TooltipType="OnCursor" Name="MessageBodyText" BGColor="ffffffff" TextColor="UI_TextHoloBody" TooltipColor="" NewControlDepth="6" TextId="CRB__2" DT_VCENTER="1" DT_CENTER="1" DT_WORDBREAK="1"/>
                <Pixie LAnchorPoint="0" LAnchorOffset="-4" TAnchorPoint="0" TAnchorOffset="-4" RAnchorPoint="1" RAnchorOffset="4" BAnchorPoint="1" BAnchorOffset="4" BGColor="ffffffff" Font="Default" TextColor="ffffffff" Text="" Sprite="CRB_Basekit:kitAccent_Frame_OrangeStroke" Line="0"/>
            </Control>
        </Control>
        <Control Class="Window" LAnchorPoint="0" LAnchorOffset="0" TAnchorPoint="0" TAnchorOffset="0" RAnchorPoint="1" RAnchorOffset="0" BAnchorPoint="1" BAnchorOffset="0" RelativeToClient="1" Font="Default" Text="" Template="Default" Name="BGFrame" BGColor="ffffffff" TextColor="ffffffff" Sprite="kitHeader_Hybrid_Topper" Picture="1" IgnoreMouse="1" NewControlDepth="1" TooltipColor="" HideInEditor="0">
            <Control Class="Window" LAnchorPoint="0" LAnchorOffset="0" TAnchorPoint="0" TAnchorOffset="24" RAnchorPoint="1" RAnchorOffset="0" BAnchorPoint="0" BAnchorOffset="44" RelativeToClient="1" Font="CRB_InterfaceMedium_B" Text="" Template="Default" Name="HeaderTitleText" BGColor="ffffffff" TextColor="ff7fffb9" TextId="" TooltipColor="" DT_CENTER="1"/>
            <Control Class="Button" Base="CRB_Basekit:kitBtn_Holo" Font="CRB_InterfaceMedium_B" ButtonType="PushButton" RadioGroup="" LAnchorPoint="1" LAnchorOffset="-196" TAnchorPoint="0" TAnchorOffset="18" RAnchorPoint="1" RAnchorOffset="-22" BAnchorPoint="0" BAnchorOffset="47" DT_VCENTER="1" DT_CENTER="1" Name="SocialPanelBtn" BGColor="ffffffff" TextColor="ffffffff" NormalTextColor="UI_BtnTextHoloNormal" PressedTextColor="UI_BtnTextHoloPressed" FlybyTextColor="UI_BtnTextHoloFlyby" PressedFlybyTextColor="UI_BtnTextHoloPressedFlyby" DisabledTextColor="UI_BtnTextHoloDisabled" Text="" TextId="CRB_ToSocial" Visible="1" RelativeToClient="1" TooltipColor="" Tooltip="">
                <Event Name="ButtonSignal" Function="OnSocialPanelBtn"/>
            </Control>
            <Control Class="Button" Base="CRB_Basekit:kitBtn_Close" Font="Thick" ButtonType="PushButton" RadioGroup="" LAnchorPoint="1" LAnchorOffset="-31" TAnchorPoint="0" TAnchorOffset="4" RAnchorPoint="1" RAnchorOffset="-4" BAnchorPoint="0" BAnchorOffset="33" DT_VCENTER="1" DT_CENTER="1" Name="CloseBtn" BGColor="ffffffff" TextColor="ffffffff" NormalTextColor="ffffffff" PressedTextColor="ffffffff" FlybyTextColor="ffffffff" PressedFlybyTextColor="ffffffff" DisabledTextColor="ffffffff" Text="" TooltipColor="">
                <Event Name="ButtonSignal" Function="OnClose"/>
            </Control>
            <Pixie LAnchorPoint="0" LAnchorOffset="0" TAnchorPoint="0" TAnchorOffset="-35" RAnchorPoint="1" RAnchorOffset="0" BAnchorPoint="1" BAnchorOffset="0" BGColor="ffffffff" Font="Default" TextColor="ffffffff" Text="" Sprite="CRB_Basekit:kitBase_HoloBlue_MetalCorners" Line="0"/>
        </Control>
        <Pixie LAnchorPoint="0" LAnchorOffset="4" TAnchorPoint="0" TAnchorOffset="10" RAnchorPoint="1" RAnchorOffset="-4" BAnchorPoint="1" BAnchorOffset="0" BGColor="ffffffff" Font="Default" TextColor="ffffffff" Text="" Sprite="CRB_Basekit:kitBase_HoloBlue_Tiny" Line="0"/>
    </Form>
    <Form Class="Window" LAnchorPoint="0" LAnchorOffset="0" TAnchorPoint="0" TAnchorOffset="0" RAnchorPoint="1" RAnchorOffset="0" BAnchorPoint="0" BAnchorOffset="50" RelativeToClient="1" Font="Default" Text="" Template="Default" TooltipType="OnCursor" Name="RankEntry" Border="0" Picture="0" SwallowMouseClicks="1" Moveable="0" Escapable="0" Overlapped="0" BGColor="ffffffff" TextColor="ffffffff" TooltipColor="">
        <Control Class="Button" Base="Collections_TEMP:sprCollections_TEMP_PlayStop" Font="CRB_InterfaceSmall" ButtonType="PushButton" RadioGroup="" LAnchorPoint="1" LAnchorOffset="-33" TAnchorPoint=".5" TAnchorOffset="-14" RAnchorPoint="1" RAnchorOffset="-5" BAnchorPoint=".5" BAnchorOffset="14" DT_VCENTER="1" DT_CENTER="1" TooltipType="OnCursor" Name="ModifyRankBtn" BGColor="ffffffff" TextColor="ffffffff" TooltipColor="" NormalTextColor="ff80ffff" PressedTextColor="ffffffff" FlybyTextColor="ffffffff" PressedFlybyTextColor="ffffffff" DisabledTextColor="ffffffff" Text="" TextId="">
            <Event Name="ButtonSignal" Function="OnRemoveRankBtnSignal"/>
        </Control>
        <Control Class="Window" LAnchorPoint="0" LAnchorOffset="20" TAnchorPoint=".5" TAnchorOffset="-11" RAnchorPoint="1" RAnchorOffset="-40" BAnchorPoint=".5" BAnchorOffset="11" RelativeToClient="1" Font="CRB_InterfaceMedium_B" Text="" Template="Default" TooltipType="OnCursor" Name="OptionString" BGColor="ffffffff" TextColor="ffffffff" TooltipColor=""/>
        <Pixie LAnchorPoint="0" LAnchorOffset="12" TAnchorPoint=".5" TAnchorOffset="-17" RAnchorPoint="1" RAnchorOffset="-35" BAnchorPoint=".5" BAnchorOffset="17" BGColor="ffffffff" Font="Default" TextColor="ffffffff" Text="" Sprite="CRB_Basekit:kitInnerFrame_Holo_InputBox" Line="0"/>
        <Control Class="Window" LAnchorPoint="0" LAnchorOffset="20" TAnchorPoint="0" TAnchorOffset="10" RAnchorPoint="1" RAnchorOffset="-47" BAnchorPoint="1" BAnchorOffset="-11" RelativeToClient="1" Font="CRB_InterfaceMedium_B" Text="" Template="Default" TooltipType="OnCursor" Name="Rank Title" BGColor="ffffffff" TextColor="ffffffff" TooltipColor="" HideInEditor="1"/>
    </Form>
    <Form Class="Window" LAnchorPoint="0" LAnchorOffset="0" TAnchorPoint="0" TAnchorOffset="0" RAnchorPoint="1" RAnchorOffset="0" BAnchorPoint="0" BAnchorOffset="50" RelativeToClient="1" Font="Default" Text="" Template="Default" TooltipType="OnCursor" Name="AddRankEntry" Border="0" Picture="0" SwallowMouseClicks="1" Moveable="0" Escapable="0" Overlapped="0" BGColor="ffffffff" TextColor="ffffffff" TooltipColor="">
        <Control Class="Button" Base="CRB_Basekit:kitBtn_Holo" Font="CRB_InterfaceMedium_B" ButtonType="PushButton" RadioGroup="" LAnchorPoint=".5" LAnchorOffset="-138" TAnchorPoint=".5" TAnchorOffset="-20" RAnchorPoint=".5" RAnchorOffset="138" BAnchorPoint=".5" BAnchorOffset="20" DT_VCENTER="1" DT_CENTER="1" TooltipType="OnCursor" Name="AddRankBtn" BGColor="ffffffff" TextColor="ffffffff" TooltipColor="" NormalTextColor="ffffffff" PressedTextColor="ffffffff" FlybyTextColor="ffffffff" PressedFlybyTextColor="ffffffff" DisabledTextColor="ffffffff" Text="" TextId="Circles_AddRank">
            <Event Name="ButtonSignal" Function="OnAddRankBtnSignal"/>
        </Control>
    </Form>
    <Form Class="Window" LAnchorPoint="0.5" LAnchorOffset="-154" TAnchorPoint="0.5" TAnchorOffset="-154" RAnchorPoint="0.5" RAnchorOffset="154" BAnchorPoint="0.5" BAnchorOffset="0" RelativeToClient="1" Font="Default" Text="" Template="Default" Name="CircleInviteConfirmation" Border="0" Picture="1" SwallowMouseClicks="1" Moveable="1" Escapable="1" Overlapped="1" BGColor="ffffffff" TextColor="ffffffff" IgnoreMouse="1" Sprite="CRB_Basekit:kitBase_Hybrid_Message" TransitionShowHide="1" UseTransitionSprite="0" Visible="1" TooltipColor="" Tooltip="">
        <Control Class="Window" LAnchorPoint="0.5" LAnchorOffset="-114" TAnchorPoint="0" TAnchorOffset="20" RAnchorPoint="0.5" RAnchorOffset="114" BAnchorPoint="0" BAnchorOffset="70" RelativeToClient="1" Font="CRB_InterfaceMedium_B" Text="" Template="Default" Name="CircleInviteLabel" BGColor="ffffffff" TextColor="ff31fcf6" TextId="CRB__2" DT_WORDBREAK="1" DT_CENTER="1" DT_VCENTER="1" TooltipColor="" Tooltip=""/>
        <Control Class="Button" Base="CRB_Basekit:kitBtn_Close" Font="Thick" ButtonType="PushButton" RadioGroup="" LAnchorPoint="1" LAnchorOffset="-36" TAnchorPoint="0" TAnchorOffset="9" RAnchorPoint="1" RAnchorOffset="-9" BAnchorPoint="0" BAnchorOffset="38" DT_VCENTER="1" DT_CENTER="1" Name="CircleInviteCloseBtn" BGColor="ffffffff" TextColor="ffffffff" NormalTextColor="ffffffff" PressedTextColor="ffffffff" FlybyTextColor="ffffffff" PressedFlybyTextColor="ffffffff" DisabledTextColor="ffffffff" TooltipColor="">
            <Event Name="ButtonSignal" Function="OnCircleInviteDecline"/>
        </Control>
        <Control Class="Button" Base="CRB_Basekit:kitBtn_Holo" Font="CRB_InterfaceMedium_B" ButtonType="PushButton" RadioGroup="" LAnchorPoint="0" LAnchorOffset="50" TAnchorPoint="1" TAnchorOffset="-77" RAnchorPoint="0.5" RAnchorOffset="-4" BAnchorPoint="1" BAnchorOffset="-32" DT_VCENTER="1" DT_CENTER="1" Name="GuildInviteYesBtn" BGColor="ffffffff" TextColor="ffffffff" NormalTextColor="ffffffff" PressedTextColor="ffffffff" FlybyTextColor="ffffffff" PressedFlybyTextColor="ffffffff" DisabledTextColor="ffffffff" Text="" TextId="CRB_Accept" TooltipColor="">
            <Event Name="ButtonSignal" Function="OnCircleInviteAccept"/>
        </Control>
        <Control Class="Button" Base="CRB_Basekit:kitBtn_Holo" Font="CRB_InterfaceMedium_B" ButtonType="PushButton" RadioGroup="" LAnchorPoint="0.5" LAnchorOffset="4" TAnchorPoint="1" TAnchorOffset="-77" RAnchorPoint="0" RAnchorOffset="258" BAnchorPoint="1" BAnchorOffset="-32" DT_VCENTER="1" DT_CENTER="1" Name="GuildInviteNoBtn" BGColor="ffffffff" TextColor="ffffffff" NormalTextColor="ffffffff" PressedTextColor="ffffffff" FlybyTextColor="ffffffff" PressedFlybyTextColor="ffffffff" DisabledTextColor="ffffffff" Text="" TextId="CRB_Decline" TooltipColor="">
            <Event Name="ButtonSignal" Function="OnCircleInviteDecline"/>
        </Control>
        <Event Name="WindowClosed" Function="OnGuildInviteDecline"/>
    </Form>
    <Form Class="Window" LAnchorPoint="0" LAnchorOffset="0" TAnchorPoint="0" TAnchorOffset="0" RAnchorPoint="1" RAnchorOffset="0" BAnchorPoint="0" BAnchorOffset="26" RelativeToClient="1" Font="Default" Text="" Template="Default" TooltipType="OnCursor" Name="PermissionEntry" Border="0" Picture="0" SwallowMouseClicks="1" Moveable="0" Escapable="0" Overlapped="0" BGColor="ffffffff" TextColor="ffffffff" TooltipColor="" Tooltip="">
        <Control Class="Button" Base="CRB_Basekit:kitBtn_List_HoloRadio" Font="CRB_InterfaceMedium" ButtonType="Check" RadioGroup="" LAnchorPoint="0" LAnchorOffset="0" TAnchorPoint="0" TAnchorOffset="0" RAnchorPoint="1" RAnchorOffset="0" BAnchorPoint="1" BAnchorOffset="0" DT_VCENTER="1" DT_CENTER="0" Name="PermissionBtn" BGColor="ffffffff" TextColor="ffffffff" NormalTextColor="UI_TextHoloBody" PressedTextColor="ff31fcf6" FlybyTextColor="UI_TextHoloBody" PressedFlybyTextColor="ff31fcf6" DisabledTextColor="ff800000" Template="CRB_Normal" NewControlDepth="3" Text="" TextId="Circles_PermissionBtnText" DT_WORDBREAK="1" RadioDisallowNonSelection="0" DrawAsCheckbox="0" TooltipColor="" NoClip="0">
            <Event Name="ButtonCheck" Function="OnRankSettingsPermissionBtn"/>
            <Event Name="ButtonUncheck" Function="OnRankSettingsPermissionBtn"/>
        </Control>
    </Form>
</Forms>
