<?xml version="1.0" encoding="UTF-8" standalone="yes" ?>
<Forms>
    <Form Class="Window" LAnchorPoint="0.5" LAnchorOffset="-185" TAnchorPoint="0" TAnchorOffset="200" RAnchorPoint="0.5" RAnchorOffset="185" BAnchorPoint="0" BAnchorOffset="405" RelativeToClient="1" Font="Default" Text="" Template="Default" TooltipType="OnCursor" Name="CraftingResumeForm" BGColor="ffffffff" TextColor="ffffffff" TooltipColor="" Picture="1" IgnoreMouse="0" Sprite="" Moveable="1" Overlapped="1" Tooltip="" Escapable="1" TransitionShowHide="1">
        <Control Class="Window" LAnchorPoint="0" LAnchorOffset="33" TAnchorPoint="0" TAnchorOffset="50" RAnchorPoint="1" RAnchorOffset="-33" BAnchorPoint="0" BAnchorOffset="90" RelativeToClient="1" Font="CRB_InterfaceMedium_B" Text="" Template="Default" TooltipType="OnCursor" Name="CoordPrevWindowPopupOldName" BGColor="ffffffff" TextColor="ff31fcf6" TooltipColor="" DT_CENTER="1" DT_VCENTER="1" TextId="CRB__2" DT_WORDBREAK="1"/>
        <Control Class="Window" LAnchorPoint="0" LAnchorOffset="20" TAnchorPoint="1" TAnchorOffset="-60" RAnchorPoint="1" RAnchorOffset="0" BAnchorPoint="1" BAnchorOffset="-26" RelativeToClient="1" Font="CRB_InterfaceMedium_O" Text="" Template="Default" TooltipType="OnCursor" Name="AbandonWarning" BGColor="ffffffff" TextColor="UI_BtnTextRedNormal" TooltipColor="" Picture="1" IgnoreMouse="1" Sprite="CRB_Basekit:kitIcon_NewDisabled" TextId="Crafting_AbandonWarning" DT_VCENTER="1" DT_CENTER="1" Tooltip="" TooltipFont="CRB_Interface9_O" TooltipId="Crafting_AbandonWarningTooltip"/>
        <Control Class="Button" Base="CRB_Basekit:kitBtn_Metal_LargeBlue" Font="CRB_InterfaceMedium_B" ButtonType="PushButton" RadioGroup="" LAnchorPoint="0" LAnchorOffset="30" TAnchorPoint="0" TAnchorOffset="98" RAnchorPoint="0.5" RAnchorOffset="-2" BAnchorPoint="0" BAnchorOffset="146" DT_VCENTER="1" DT_CENTER="1" TooltipType="OnCursor" Name="CoordPrevFinishOldBtn" BGColor="ffffffff" TextColor="ffffffff" TooltipColor="" NormalTextColor="UI_BtnTextBlueNormal" PressedTextColor="UI_BtnTextBluePressed" FlybyTextColor="UI_BtnTextBlueFlyby" PressedFlybyTextColor="UI_BtnTextBluePressedFlyby" DisabledTextColor="UI_BtnTextBlueDisabled" Text="" TextId="Crafting_FinishPrev" Tooltip="" TooltipFont="CRB_InterfaceSmall_O" TooltipId="">
            <Event Name="ButtonSignal" Function="OnCoordPrevFinishOldBtn"/>
        </Control>
        <Control Class="Button" Base="CRB_Basekit:kitBtn_Metal_LargeRed" Font="CRB_InterfaceMedium_B" ButtonType="PushButton" RadioGroup="" LAnchorPoint="0.5" LAnchorOffset="2" TAnchorPoint="0" TAnchorOffset="98" RAnchorPoint="1" RAnchorOffset="-30" BAnchorPoint="0" BAnchorOffset="146" DT_VCENTER="1" DT_CENTER="1" TooltipType="OnCursor" Name="CoordPrevAbandonBtn" BGColor="ffffffff" TextColor="ffffffff" TooltipColor="" NormalTextColor="UI_BtnTextRedNormal" PressedTextColor="UI_BtnTextRedPressed" FlybyTextColor="UI_BtnTextRedFlyby" PressedFlybyTextColor="UI_BtnTextRedPressedFlyby" DisabledTextColor="UI_BtnTextRedDisabled" Text="" TextId="QuestLog_AbandonBtn" TooltipId="" TooltipFont="CRB_InterfaceSmall_O" Tooltip="">
            <Event Name="ButtonSignal" Function="OnCoordPrevAbandonBtn"/>
        </Control>
        <Control Class="Button" Base="CRB_Basekit:kitBtn_Close" Font="Thick" ButtonType="PushButton" RadioGroup="" LAnchorPoint="1" LAnchorOffset="-36" TAnchorPoint="0" TAnchorOffset="14" RAnchorPoint="1" RAnchorOffset="-9" BAnchorPoint="0" BAnchorOffset="43" DT_VCENTER="1" DT_CENTER="1" TooltipType="OnCursor" Name="CoordCloseBtn" BGColor="ffffffff" TextColor="ffffffff" TooltipColor="" NormalTextColor="ffffffff" PressedTextColor="ffffffff" FlybyTextColor="ffffffff" PressedFlybyTextColor="ffffffff" DisabledTextColor="ffffffff">
            <Event Name="ButtonSignal" Function="OnWindowClosed"/>
        </Control>
        <Event Name="WindowClosed" Function="OnWindowClosed"/>
        <Pixie LAnchorPoint="0" LAnchorOffset="16" TAnchorPoint="0" TAnchorOffset="16" RAnchorPoint="1" RAnchorOffset="-16" BAnchorPoint="1" BAnchorOffset="-16" BGColor="ffffffff" Font="Default" TextColor="ffffffff" Text="" Sprite="CRB_Basekit:kitBase_MetalGrey_Small" Line="0"/>
        <Pixie LAnchorPoint="0" LAnchorOffset="33" TAnchorPoint="0" TAnchorOffset="30" RAnchorPoint="1" RAnchorOffset="-33" BAnchorPoint="0" BAnchorOffset="50" BGColor="ffffffff" Font="CRB_InterfaceMedium_B" TextColor="ff9aaea3" Text="" TextId="Crafting_HavePrevCraft" DT_CENTER="1" DT_WORDBREAK="1" Line="0"/>
        <Pixie LAnchorPoint="0" LAnchorOffset="0" TAnchorPoint="0" TAnchorOffset="0" RAnchorPoint="1" RAnchorOffset="0" BAnchorPoint="1" BAnchorOffset="0" BGColor="ffffffff" Font="Default" TextColor="ffffffff" Text="" Sprite="CRB_Basekit:kitOuterFrame_MetalGold_Message" Line="0"/>
    </Form>
</Forms>
