<Forms>
    <Form Class="Window" LAnchorPoint="0" LAnchorOffset="27" TAnchorPoint="0" TAnchorOffset="269" RAnchorPoint="0" RAnchorOffset="379" BAnchorPoint="0" BAnchorOffset="823" RelativeToClient="1" Font="Default" Text="" Template="Default" Name="TestFloatTextForm" Border="0" Picture="0" SwallowMouseClicks="1" Moveable="1" Escapable="1" Overlapped="1" BGColor="ffffffff" TextColor="ffffffff" TextId="" TooltipColor="" Tooltip="">
        <Control Class="Window" LAnchorPoint="0" LAnchorOffset="0" TAnchorPoint="0" TAnchorOffset="0" RAnchorPoint="0" RAnchorOffset="595" BAnchorPoint="0" BAnchorOffset="798" RelativeToClient="1" Font="Default" Text="" Template="Default" Name="KeybindBGArt" BGColor="ffffffff" TextColor="ffffffff" TooltipColor="">
            <Control Class="Window" LAnchorPoint="0" LAnchorOffset="0" TAnchorPoint="0" TAnchorOffset="0" RAnchorPoint="0" RAnchorOffset="348" BAnchorPoint="0" BAnchorOffset="56" RelativeToClient="1" Font="Default" Text="" Template="Default" Name="BG_Header" BGColor="ffffffff" TextColor="ffffffff" Picture="1" Sprite="CRB_UIKitSprites:spr_headerMAIN" TooltipColor="" />
            <Control Class="Window" LAnchorPoint="0" LAnchorOffset="7" TAnchorPoint="0" TAnchorOffset="53" RAnchorPoint="0" RAnchorOffset="344" BAnchorPoint="0" BAnchorOffset="462" RelativeToClient="1" Font="Default" Text="" Template="CRB_NormalFramedThick" Name="BG_BodyFrame" BGColor="ffffffff" TextColor="ffffffff" Border="1" UseTemplateBG="1" TooltipColor="" />
            <Control Class="Window" LAnchorPoint="0" LAnchorOffset="3" TAnchorPoint="0" TAnchorOffset="461" RAnchorPoint="0" RAnchorOffset="345" BAnchorPoint="0" BAnchorOffset="551" RelativeToClient="1" Font="Default" Text="" Template="Default" Name="BG_Footer" BGColor="ffffffff" TextColor="ffffffff" Picture="1" Sprite="CRB_UIKitSprites:spr_footerFRAMED" TooltipColor="" />
        </Control>
        <Control Class="Window" LAnchorPoint="0" LAnchorOffset="16" TAnchorPoint="0" TAnchorOffset="65" RAnchorPoint="0" RAnchorOffset="336" BAnchorPoint="0" BAnchorOffset="451" RelativeToClient="1" Font="Default" Text="" Template="CRB_Normal" Name="ButtonList" BGColor="ffffffff" TextColor="ffffffff" VScroll="0" UseTemplateBG="1" Border="1" NewControlDepth="2" TooltipColor="" />
        <Control Class="Window" LAnchorPoint="0" LAnchorOffset="19" TAnchorPoint="0" TAnchorOffset="21" RAnchorPoint="0" RAnchorOffset="323" BAnchorPoint="0" BAnchorOffset="42" RelativeToClient="1" Font="CRB_InterfaceMedium" Template="Default" Name="KeybindTitle" BGColor="ffffffff" TextColor="ffc0c0c0" DT_VCENTER="1" DT_CENTER="1" NewControlDepth="2" TextId="CRB_Combat_Floater_Tester" TooltipColor="" />
        <Control Class="Button" Base="CRB_UIKitSprites:btn_square_LARGE_Red" Font="CRB_InterfaceMedium" ButtonType="PushButton" RadioGroup="" LAnchorPoint="0" LAnchorOffset="254" TAnchorPoint="0" TAnchorOffset="469" RAnchorPoint="0" RAnchorOffset="322" BAnchorPoint="0" BAnchorOffset="496" DT_VCENTER="1" DT_CENTER="1" Name="DoneButton" BGColor="ffffffff" TextColor="ffffffff" NewControlDepth="2" WindowSoundTemplate="TogglePhys03" TextId="CRB_Done" TooltipColor="" NormalTextColor="ffffffff" PressedTextColor="ffffffff" FlybyTextColor="ffffffff" PressedFlybyTextColor="ffffffff" DisabledTextColor="ffffffff">
            <Event Name="ButtonSignal" Function="OnCloseTester" />
        </Control>
        <Control Class="Button" Base="CRB_UIKitSprites:btn_close" Font="Thick" ButtonType="PushButton" RadioGroup="" LAnchorPoint="0" LAnchorOffset="319" TAnchorPoint="0" TAnchorOffset="8" RAnchorPoint="0" RAnchorOffset="344" BAnchorPoint="0" BAnchorOffset="34" DT_VCENTER="1" DT_CENTER="1" Name="CloseButton" BGColor="ffffffff" TextColor="ffffffff" NewControlDepth="2" WindowSoundTemplate="CloseWindowPhys" TooltipColor="" NormalTextColor="ffffffff" PressedTextColor="ffffffff" FlybyTextColor="ffffffff" PressedFlybyTextColor="ffffffff" DisabledTextColor="ffffffff">
            <Event Name="ButtonSignal" Function="OnCloseTester" />
        </Control>
        <Control Class="Button" Base="CRB_UIKitSprites:btn_radioLARGE" Font="CRB_InterfaceSmall" ButtonType="Check" RadioGroup="" LAnchorPoint="0" LAnchorOffset="26" TAnchorPoint="0" TAnchorOffset="488" RAnchorPoint="0" RAnchorOffset="210" BAnchorPoint="0" BAnchorOffset="511" DT_VCENTER="1" DT_CENTER="0" Name="ShowParticlesButton" BGColor="ffffffff" TextColor="ffcdba96" DrawAsCheckbox="1" NewControlDepth="2" WindowSoundTemplate="PushbuttonDigi01" Visible="1" TextId="CRB_Show_Particle_Effects" TooltipColor="" NormalTextColor="ffffffff" PressedTextColor="ffffffff" FlybyTextColor="ffffffff" PressedFlybyTextColor="ffffffff" DisabledTextColor="ffffffff">
            <Event Name="ButtonSignal" Function="OnToggleEffect" />
            <Event Name="ButtonCheck" Function="OnEffectOn" />
            <Event Name="ButtonUncheck" Function="OnEffectOff" />
        </Control>
        <Control Class="EditBox" LAnchorPoint="0" LAnchorOffset="86" TAnchorPoint="0" TAnchorOffset="469" RAnchorPoint="0" RAnchorOffset="128" BAnchorPoint="0" BAnchorOffset="489" RelativeToClient="1" Font="Default" Text="" Template="CRB_Normal" Name="MinDamage" BGColor="ffffffff" TextColor="ffffffff" Border="1" TextId="" TooltipColor="">
            <Event Name="EditBoxChanged" Function="OnMinDamageChanged" />
        </Control>
        <Control Class="EditBox" LAnchorPoint="0" LAnchorOffset="151" TAnchorPoint="0" TAnchorOffset="469" RAnchorPoint="0" RAnchorOffset="194" BAnchorPoint="0" BAnchorOffset="489" RelativeToClient="1" Font="Default" Text="" Template="CRB_Normal" Name="MaxDamage" BGColor="ffffffff" TextColor="ffffffff" Border="1" TextId="" TooltipColor="">
            <Event Name="EditBoxChanged" Function="OnMaxDamageChanged" />
        </Control>
        <Control Class="Window" LAnchorPoint="0" LAnchorOffset="28" TAnchorPoint="0" TAnchorOffset="470" RAnchorPoint="0" RAnchorOffset="87" BAnchorPoint="0" BAnchorOffset="490" RelativeToClient="1" Font="CRB_InterfaceSmall" Text="" Template="CRB_Normal" Name="DamageText" BGColor="ffffffff" TextColor="ffcdba96" TextId="CRB_Damage" TooltipColor="" />
        <Control Class="Window" LAnchorPoint="0" LAnchorOffset="137" TAnchorPoint="0" TAnchorOffset="469" RAnchorPoint="0" RAnchorOffset="155" BAnchorPoint="0" BAnchorOffset="489" RelativeToClient="1" Font="CRB_InterfaceSmall" Text="" Template="CRB_Normal" Name="Dash" BGColor="ffffffff" TextColor="ffcdba96" TextId="CRB__11" TooltipColor="" />
    </Form>
    <Form Class="Window" LAnchorPoint="0" LAnchorOffset="0" TAnchorPoint="0" TAnchorOffset="0" RAnchorPoint="1" RAnchorOffset="0" BAnchorPoint="0" BAnchorOffset="36" RelativeToClient="0" Font="Default" Text="" Template="Default" Name="ListItem" Border="0" Picture="1" SwallowMouseClicks="1" Moveable="0" Escapable="0" Overlapped="0" BGColor="ffffffff" TextColor="ffffffff" TooltipColor="">
        <Control Class="Button" Base="CRB_UIKitSprites:btn_listBG" Font="CRB_InterfaceSmall" ButtonType="PushButton" RadioGroup="" LAnchorPoint="1" LAnchorOffset="-244" TAnchorPoint="0" TAnchorOffset="0" RAnchorPoint="1" RAnchorOffset="-164" BAnchorPoint="1" BAnchorOffset="-9" DT_VCENTER="1" DT_CENTER="1" Name="SingleButton" BGColor="ffffffff" TextColor="ffffffff" WindowSoundTemplate="SelectTabPhys" ProcessRightClick="1" TextId="CRB_Single_Target">
            <Event Name="ButtonSignal" Function="OnSingleTargetTest" />
            <Event Name="WindowKeyDown" Function="OnKeyDown" />
        </Control>
        <Control Class="Button" Base="CRB_UIKitSprites:btn_listBG" Font="CRB_InterfaceSmall" ButtonType="PushButton" RadioGroup="" LAnchorPoint="1" LAnchorOffset="-80" TAnchorPoint="0" TAnchorOffset="0" RAnchorPoint="1" RAnchorOffset="-1" BAnchorPoint="1" BAnchorOffset="-9" DT_VCENTER="1" DT_CENTER="1" Name="MultiTargetButton" BGColor="ffffffff" TextColor="ffffffff" WindowSoundTemplate="SelectTabPhys" ProcessRightClick="1" TextId="CRB_Multi_Targets">
            <Event Name="ButtonSignal" Function="OnMultiTargetTest" />
            <Event Name="WindowKeyDown" Function="OnKeyDown" />
        </Control>
        <Control Class="Button" Base="CRB_UIKitSprites:btn_listBG" Font="CRB_InterfaceSmall" ButtonType="PushButton" RadioGroup="" LAnchorPoint="1" LAnchorOffset="-161" TAnchorPoint="0" TAnchorOffset="0" RAnchorPoint="1" RAnchorOffset="-83" BAnchorPoint="1" BAnchorOffset="-9" DT_VCENTER="1" DT_CENTER="1" Name="CriticalButton" BGColor="ffffffff" TextColor="ffffffff" WindowSoundTemplate="SelectTabPhys" ProcessRightClick="1" TextId="CRB_Critical_Hit">
            <Event Name="ButtonSignal" Function="OnCriticalHitTest" />
            <Event Name="WindowKeyDown" Function="OnKeyDown" />
        </Control>
        <Control Class="Window" LAnchorPoint="0" LAnchorOffset="7" TAnchorPoint="0" TAnchorOffset="8" RAnchorPoint="0" RAnchorOffset="289" BAnchorPoint="0" BAnchorOffset="35" RelativeToClient="1" Font="Default" Template="Default" Name="DamageTypeName" BGColor="ffffffff" TextColor="ffffffff" TextId="CRB_Damage" />
    </Form>
    <Form Class="Window" LAnchorPoint="0" LAnchorOffset="0" TAnchorPoint="0" TAnchorOffset="0" RAnchorPoint="1" RAnchorOffset="0" BAnchorPoint="0" BAnchorOffset="33" RelativeToClient="0" Font="Default" Text="" Template="Default" Name="ListItemBonus" Border="0" Picture="1" SwallowMouseClicks="1" Moveable="0" Escapable="0" Overlapped="0" BGColor="ffffffff" TextColor="ffffffff" TooltipColor="" Tooltip="">
        <Control Class="Button" Base="CRB_UIKitSprites:btn_listBG" Font="CRB_InterfaceSmall" ButtonType="PushButton" RadioGroup="" LAnchorPoint="0" LAnchorOffset="0" TAnchorPoint="0" TAnchorOffset="3" RAnchorPoint="1" RAnchorOffset="0" BAnchorPoint="1" BAnchorOffset="-3" DT_VCENTER="1" DT_CENTER="1" Name="SingleButton" BGColor="ffffffff" TextColor="ffffffff" WindowSoundTemplate="SelectTabPhys" ProcessRightClick="1" TextId="FloatText_MomentumTestBtn" TooltipColor="" NormalTextColor="ffffffff" PressedTextColor="ffffffff" FlybyTextColor="ffffffff" PressedFlybyTextColor="ffffffff" DisabledTextColor="ffffffff" Text="" Hotkey="">
            <Event Name="ButtonSignal" Function="OnMomentumFloaterTest" />
        </Control>
    </Form>
    <Form Class="Window" LAnchorPoint="0" LAnchorOffset="0" TAnchorPoint="0" TAnchorOffset="0" RAnchorPoint="0" RAnchorOffset="318" BAnchorPoint="0" BAnchorOffset="66" RelativeToClient="1" Font="Default" Text="" Template="Default" TooltipType="OnCursor" Name="ListItemXPTypes" Border="0" Picture="1" SwallowMouseClicks="1" Moveable="0" Escapable="0" Overlapped="1" BGColor="ffffffff" TextColor="ffffffff" TooltipColor="">
        <Control Class="Button" Base="CRB_UIKitSprites:btn_listBG" Font="CRB_InterfaceSmall" ButtonType="PushButton" RadioGroup="" LAnchorPoint="0" LAnchorOffset="0" TAnchorPoint="0" TAnchorOffset="3" RAnchorPoint=".5" RAnchorOffset="0" BAnchorPoint="0" BAnchorOffset="30" DT_VCENTER="1" DT_CENTER="1" TooltipType="OnCursor" Name="XPButton" BGColor="ffffffff" TextColor="ffffffff" TooltipColor="" NormalTextColor="ffffffff" PressedTextColor="ffffffff" FlybyTextColor="ffffffff" PressedFlybyTextColor="ffffffff" DisabledTextColor="ffffffff" Text="" TextId="FloatText_XPTestBtn" Hotkey="1">
            <Event Name="ButtonSignal" Function="OnXPButton" />
        </Control>
        <Control Class="Button" Base="CRB_UIKitSprites:btn_listBG" Font="CRB_InterfaceSmall" ButtonType="PushButton" RadioGroup="" LAnchorPoint=".5" LAnchorOffset="0" TAnchorPoint="0" TAnchorOffset="3" RAnchorPoint="1" RAnchorOffset="0" BAnchorPoint="0" BAnchorOffset="30" DT_VCENTER="1" DT_CENTER="1" TooltipType="OnCursor" Name="RestedXPButton" BGColor="ffffffff" TextColor="ffffffff" TooltipColor="" NormalTextColor="ffffffff" PressedTextColor="ffffffff" FlybyTextColor="ffffffff" PressedFlybyTextColor="ffffffff" DisabledTextColor="ffffffff" Text="" TextId="FloatText_RestedXPTestBtn" Hotkey="2">
            <Event Name="ButtonSignal" Function="OnRestedXPButton" />
        </Control>
        <Control Class="Button" Base="CRB_UIKitSprites:btn_listBG" Font="CRB_InterfaceSmall" ButtonType="PushButton" RadioGroup="" LAnchorPoint="0" LAnchorOffset="0" TAnchorPoint="0" TAnchorOffset="36" RAnchorPoint=".5" RAnchorOffset="-53" BAnchorPoint="0" BAnchorOffset="63" DT_VCENTER="1" DT_CENTER="1" TooltipType="OnCursor" Name="XPButton1" BGColor="ffffffff" TextColor="ffffffff" TooltipColor="" NormalTextColor="ffffffff" PressedTextColor="ffffffff" FlybyTextColor="ffffffff" PressedFlybyTextColor="ffffffff" DisabledTextColor="ffffffff" Text="" TextId="FloatText_PathXPTestBtn" Hotkey="3">
            <Event Name="ButtonSignal" Function="OnPathBtn" />
        </Control>
        <Control Class="Button" Base="CRB_UIKitSprites:btn_listBG" Font="CRB_InterfaceSmall" ButtonType="PushButton" RadioGroup="" LAnchorPoint=".5" LAnchorOffset="-53" TAnchorPoint="0" TAnchorOffset="36" RAnchorPoint=".5" RAnchorOffset="53" BAnchorPoint="0" BAnchorOffset="63" DT_VCENTER="1" DT_CENTER="1" TooltipType="OnCursor" Name="Faction1Btn" BGColor="ffffffff" TextColor="ffffffff" TooltipColor="" NormalTextColor="ffffffff" PressedTextColor="ffffffff" FlybyTextColor="ffffffff" PressedFlybyTextColor="ffffffff" DisabledTextColor="ffffffff" Text="" TextId="FloatText_DominionRepTestBtn" Hotkey="4">
            <Event Name="ButtonSignal" Function="OnFaction1Btn" />
        </Control>
        <Control Class="Button" Base="CRB_UIKitSprites:btn_listBG" Font="CRB_InterfaceSmall" ButtonType="PushButton" RadioGroup="" LAnchorPoint=".5" LAnchorOffset="53" TAnchorPoint="0" TAnchorOffset="36" RAnchorPoint="1" RAnchorOffset="0" BAnchorPoint="0" BAnchorOffset="63" DT_VCENTER="1" DT_CENTER="1" TooltipType="OnCursor" Name="Faction2Btn" BGColor="ffffffff" TextColor="ffffffff" TooltipColor="" NormalTextColor="ffffffff" PressedTextColor="ffffffff" FlybyTextColor="ffffffff" PressedFlybyTextColor="ffffffff" DisabledTextColor="ffffffff" Text="" TextId="FloatText_ExileRepTestBtn" Hotkey="5">
            <Event Name="ButtonSignal" Function="OnFaction2Btn" />
        </Control>
    </Form>
</Forms>
