<Forms>
    <Form Class="Window" LAnchorPoint="0" LAnchorOffset="0" TAnchorPoint="0" TAnchorOffset="45" RAnchorPoint="0" RAnchorOffset="290" BAnchorPoint="0" BAnchorOffset="665" RelativeToClient="1" Font="Default" Text="" Template="Default" Name="SocialPanelForm" Border="0" Picture="0" SwallowMouseClicks="1" Moveable="1" Escapable="1" Overlapped="1" BGColor="ffffffff" TextColor="ffffffff" TextId="" Visible="0" TooltipColor="" Tooltip="" TransitionShowHide="1" DoNotBlockTooltip="0">
        <Event Name="WindowClosed" Function="OnCloseBtn"/>
        <Pixie LAnchorPoint="0" LAnchorOffset="0" TAnchorPoint="0" TAnchorOffset="0" RAnchorPoint="1" RAnchorOffset="0" BAnchorPoint="1" BAnchorOffset="0" BGColor="ffffffff" Font="Default" TextColor="ffffffff" Text="" Sprite="CRB_Basekit:kitBase_HoloBlue_Tiny" Line="0"/>
        <Pixie LAnchorPoint="0" LAnchorOffset="0" TAnchorPoint="0" TAnchorOffset="8" RAnchorPoint="1" RAnchorOffset="0" BAnchorPoint="0" BAnchorOffset="28" BGColor="ffffffff" Font="CRB_InterfaceMedium_B" TextColor="ff2f94ac" Text="" TextId="SocialPanel_Title" DT_CENTER="1" Line="0"/>
        <Control Class="Window" LAnchorPoint="0" LAnchorOffset="16" TAnchorPoint="0" TAnchorOffset="32" RAnchorPoint="1" RAnchorOffset="-16" BAnchorPoint="0" BAnchorOffset="52" RelativeToClient="1" Font="CRB_InterfaceMedium_B" Text="" Template="Default" Name="SplashFriendsLabel" BGColor="ffffffff" TextColor="ff7fffb9" TextId="SocialPanel_FriendsLabel" DT_WORDBREAK="1" TooltipColor=""/>
        <Control Class="Button" Base="CRB_Basekit:kitBtn_Holo_Large" Font="Thick" ButtonType="PushButton" RadioGroup="" LAnchorPoint="0" LAnchorOffset="12" TAnchorPoint="0" TAnchorOffset="52" RAnchorPoint="1" RAnchorOffset="-12" BAnchorPoint="0" BAnchorOffset="107" DT_VCENTER="1" DT_CENTER="1" Name="SplashFriendsBtn" BGColor="ffffffff" TextColor="ffffffff" NormalTextColor="ffffffff" PressedTextColor="ffffffff" FlybyTextColor="ffffffff" PressedFlybyTextColor="ffffffff" DisabledTextColor="ffffffff" RelativeToClient="1" Text="" TooltipColor="" HideInEditor="0" Visible="1" Tooltip="">
            <Event Name="ButtonSignal" Function="OnSplashBtn"/>
            <Control Class="Window" LAnchorPoint="0" LAnchorOffset="8" TAnchorPoint="0" TAnchorOffset="8" RAnchorPoint="0" RAnchorOffset="45" BAnchorPoint="1" BAnchorOffset="-10" RelativeToClient="1" Font="Default" Text="" Template="Default" Name="SplashGuildRosterIcon" BGColor="dfffffff" TextColor="ffffffff" Picture="1" IgnoreMouse="1" Sprite="ClientSprites:Icon_Windows_UI_CRB_Friend" NewControlDepth="1" TooltipColor=""/>
            <Control Class="Window" LAnchorPoint="0" LAnchorOffset="50" TAnchorPoint="0" TAnchorOffset="8" RAnchorPoint="1" RAnchorOffset="-8" BAnchorPoint="0.5" BAnchorOffset="0" RelativeToClient="1" Font="CRB_InterfaceLarge_B" Text="" Template="Default" Name="SplashGuildRosterText" BGColor="ffffffff" TextColor="ff2f94ac" DT_VCENTER="1" TextId="Friends_FriendsListHeader" DT_WORDBREAK="1" TooltipColor=""/>
            <Control Class="Window" LAnchorPoint="0" LAnchorOffset="50" TAnchorPoint="0.5" TAnchorOffset="0" RAnchorPoint="1" RAnchorOffset="-8" BAnchorPoint="1" BAnchorOffset="-8" RelativeToClient="1" Font="CRB_InterfaceSmall_O" Text="" Template="Default" TooltipType="OnCursor" Name="SplashGuildRosterSubtext" BGColor="ffffffff" TextColor="ff2f94ac" TooltipColor="" DT_VCENTER="1" TextId="SocialPanel_FriendsRivalsIgnored"/>
            <Control Class="Window" LAnchorPoint="0" LAnchorOffset="-11" TAnchorPoint="0" TAnchorOffset="-10" RAnchorPoint="1" RAnchorOffset="8" BAnchorPoint="1" BAnchorOffset="9" RelativeToClient="1" Font="Default" Text="" Template="Default" Name="SplashFriendsBtnAlert" BGColor="ffffffff" TextColor="ffffffff" Sprite="CRB_Basekit:kitAccent_Frame_OrangeStrokePulse" Picture="1" IgnoreMouse="1" NoClip="1" NewControlDepth="1" Visible="0" HideInEditor="1" DoNotBlockTooltip="1" TooltipColor="" TransitionShowHide="1" IgnoreTooltipDelay="0">
                <Control Class="Window" LAnchorPoint="1" LAnchorOffset="-40" TAnchorPoint="1" TAnchorOffset="-35" RAnchorPoint="1" RAnchorOffset="3" BAnchorPoint="1" BAnchorOffset="10" RelativeToClient="1" Font="Default" Text="" Template="Default" TooltipType="OnCursor" Name="SplashFriendsBtnItemCountBacker" BGColor="ffffffff" TextColor="ffffffff" TooltipColor="ffc0c0c0" Picture="1" IgnoreMouse="1" Sprite="CRB_Basekit:kitAccent_Badge02" NoClip="1" NewControlDepth="8" TooltipFont="CRB_InterfaceSmall" DoNotBlockTooltip="1"/>
                <Control Class="Window" LAnchorPoint="1" LAnchorOffset="-40" TAnchorPoint="1" TAnchorOffset="-35" RAnchorPoint="1" RAnchorOffset="1" BAnchorPoint="1" BAnchorOffset="-6" RelativeToClient="1" Font="CRB_InterfaceMedium_BO" Text="10" Template="Default" TooltipType="OnCursor" Name="SplashFriendsBtnItemCount" BGColor="ffffffff" TextColor="ffffffff" TooltipColor="" Picture="0" IgnoreMouse="1" Sprite="CRB_Basekit:kitAccent_Badge02" NoClip="1" NewControlDepth="10" TextId="" DT_VCENTER="0" DT_CENTER="1" DT_BOTTOM="1" DoNotBlockTooltip="1" Tooltip=""/>
            </Control>
        </Control>
        <Control Class="Window" LAnchorPoint="0" LAnchorOffset="16" TAnchorPoint="0" TAnchorOffset="119" RAnchorPoint="1" RAnchorOffset="-16" BAnchorPoint="0" BAnchorOffset="139" RelativeToClient="1" Font="CRB_InterfaceMedium_B" Text="" Template="Default" Name="SplashNeighborsLabel" BGColor="ffffffff" TextColor="ff7fffb9" TextId="SocialPanel_NeighborsLabel" DT_WORDBREAK="1" TooltipColor=""/>
        <Control Class="Window" Base="" Font="Thick" ButtonType="PushButton" RadioGroup="" LAnchorPoint="0" LAnchorOffset="12" TAnchorPoint="0" TAnchorOffset="139" RAnchorPoint="1" RAnchorOffset="-12" BAnchorPoint="0" BAnchorOffset="194" DT_VCENTER="1" DT_CENTER="1" Name="SplashNeighborsDisabledBtn" BGColor="ffffffff" TextColor="ffffffff" NormalTextColor="ffffffff" PressedTextColor="ffffffff" FlybyTextColor="ffffffff" PressedFlybyTextColor="ffffffff" DisabledTextColor="ffffffff" RelativeToClient="1" Text="" TooltipColor="" HideInEditor="0" Picture="1" Sprite="CRB_Basekit:kitBtn_Holo_LargeNormal">
            <Pixie LAnchorPoint="0" LAnchorOffset="56" TAnchorPoint="0" TAnchorOffset="8" RAnchorPoint="1" RAnchorOffset="-8" BAnchorPoint="1" BAnchorOffset="-8" BGColor="ffffffff" Font="CRB_InterfaceLarge_B" TextColor="9d666666" Text="" TextId="InterfaceMenu_Neighbors" DT_VCENTER="1" DT_WORDBREAK="1" Line="0"/>
        </Control>
        <Control Class="Button" Base="CRB_Basekit:kitBtn_Holo_Large" Font="Thick" ButtonType="PushButton" RadioGroup="" LAnchorPoint="0" LAnchorOffset="12" TAnchorPoint="0" TAnchorOffset="139" RAnchorPoint="1" RAnchorOffset="-12" BAnchorPoint="0" BAnchorOffset="194" DT_VCENTER="1" DT_CENTER="1" Name="SplashNeighborsBtn" BGColor="ffffffff" TextColor="ffffffff" NormalTextColor="ffffffff" PressedTextColor="ffffffff" FlybyTextColor="ffffffff" PressedFlybyTextColor="ffffffff" DisabledTextColor="ffffffff" RelativeToClient="1" Text="" TooltipColor="" HideInEditor="0" Visible="1" Tooltip="">
            <Event Name="ButtonSignal" Function="OnSplashBtn"/>
            <Control Class="Window" LAnchorPoint="0" LAnchorOffset="8" TAnchorPoint="0" TAnchorOffset="8" RAnchorPoint="0" RAnchorOffset="45" BAnchorPoint="1" BAnchorOffset="-10" RelativeToClient="1" Font="Default" Text="" Template="Default" Name="SplashGuildRosterIcon" BGColor="ffffffff" TextColor="ffffffff" Picture="1" IgnoreMouse="1" Sprite="ClientSprites:Icon_Mission_Explorer_PowerMap" NewControlDepth="1" TooltipColor=""/>
            <Control Class="Window" LAnchorPoint="0" LAnchorOffset="50" TAnchorPoint="0" TAnchorOffset="8" RAnchorPoint="1" RAnchorOffset="-8" BAnchorPoint="0.5" BAnchorOffset="0" RelativeToClient="1" Font="CRB_InterfaceLarge_B" Text="" Template="Default" Name="SplashGuildRosterText" BGColor="ffffffff" TextColor="ff2f94ac" DT_VCENTER="1" TextId="InterfaceMenu_Neighbors" DT_WORDBREAK="1" TooltipColor=""/>
            <Control Class="Window" LAnchorPoint="0" LAnchorOffset="50" TAnchorPoint="0.5" TAnchorOffset="0" RAnchorPoint="1" RAnchorOffset="-8" BAnchorPoint="1" BAnchorOffset="-8" RelativeToClient="1" Font="CRB_InterfaceSmall_O" Text="" Template="Default" TooltipType="OnCursor" Name="SplashGuildRosterSubtext" BGColor="ffffffff" TextColor="ff2f94ac" TooltipColor="" DT_VCENTER="1" TextId="SocialPanel_NeighborsAndRoommates"/>
        </Control>
        <Control Class="Window" LAnchorPoint="0" LAnchorOffset="12" TAnchorPoint="0" TAnchorOffset="206" RAnchorPoint="1" RAnchorOffset="-12" BAnchorPoint="0" BAnchorOffset="226" RelativeToClient="1" Font="CRB_InterfaceMedium_B" Text="" Template="Default" Name="SplashGuildsLabel" BGColor="ffffffff" TextColor="ff7fffb9" TextId="SocialPanel_GuildInfo" DT_WORDBREAK="1" TooltipColor=""/>
        <Control Class="Window" Base="" Font="Thick" ButtonType="PushButton" RadioGroup="" LAnchorPoint="0" LAnchorOffset="12" TAnchorPoint="0" TAnchorOffset="226" RAnchorPoint="1" RAnchorOffset="-12" BAnchorPoint="0" BAnchorOffset="281" DT_VCENTER="1" DT_CENTER="1" Name="SplashGuildDisabledBtn" BGColor="ffffffff" TextColor="ffffffff" NormalTextColor="ffffffff" PressedTextColor="ffffffff" FlybyTextColor="ffffffff" PressedFlybyTextColor="ffffffff" DisabledTextColor="ffffffff" RelativeToClient="1" Text="" TooltipColor="" HideInEditor="0" Picture="1" Sprite="CRB_Basekit:kitBtn_Holo_LargeNormal" Tooltip="">
            <Pixie LAnchorPoint="0" LAnchorOffset="56" TAnchorPoint="0" TAnchorOffset="8" RAnchorPoint="1" RAnchorOffset="-8" BAnchorPoint="1" BAnchorOffset="-8" BGColor="ffffffff" Font="CRB_InterfaceLarge_B" TextColor="9d666666" Text="" TextId="SocialPanel_NoGuildYet" DT_VCENTER="1" DT_WORDBREAK="1" Line="0"/>
        </Control>
        <Control Class="Button" Base="CRB_Basekit:kitBtn_Holo_Large" Font="Thick" ButtonType="PushButton" RadioGroup="" LAnchorPoint="0" LAnchorOffset="12" TAnchorPoint="0" TAnchorOffset="226" RAnchorPoint="1" RAnchorOffset="-12" BAnchorPoint="0" BAnchorOffset="281" DT_VCENTER="1" DT_CENTER="1" Name="SplashGuildBtn" BGColor="ffffffff" TextColor="ffffffff" NormalTextColor="ffffffff" PressedTextColor="ffffffff" FlybyTextColor="ffffffff" PressedFlybyTextColor="ffffffff" DisabledTextColor="ffffffff" RelativeToClient="1" Text="" TooltipColor="" HideInEditor="0" Visible="0">
            <Event Name="ButtonSignal" Function="OnSplashBtn"/>
            <Control Class="Window" LAnchorPoint="0" LAnchorOffset="8" TAnchorPoint="0" TAnchorOffset="8" RAnchorPoint="0" RAnchorOffset="47" BAnchorPoint="1" BAnchorOffset="-8" RelativeToClient="1" Font="Default" Text="" Template="Default" Name="SplashGuildIcon" BGColor="ffffffff" TextColor="ffffffff" Picture="1" IgnoreMouse="1" Sprite="Icon_Mission_Explorer_ActivateChecklist" NewControlDepth="1" TooltipColor=""/>
            <Control Class="Window" LAnchorPoint="0" LAnchorOffset="50" TAnchorPoint="0" TAnchorOffset="8" RAnchorPoint="1" RAnchorOffset="-8" BAnchorPoint="0.5" BAnchorOffset="0" RelativeToClient="1" Font="CRB_InterfaceLarge_B" Text="" Template="Default" Name="SplashGuildText" BGColor="ffffffff" TextColor="ff2f94ac" DT_VCENTER="1" TextId="ChatType_Guild" DT_WORDBREAK="1" TooltipColor=""/>
            <Control Class="Window" LAnchorPoint="0" LAnchorOffset="50" TAnchorPoint="0.5" TAnchorOffset="0" RAnchorPoint="1" RAnchorOffset="-8" BAnchorPoint="1" BAnchorOffset="-8" RelativeToClient="1" Font="CRB_InterfaceSmall_O" Text="" Template="Default" TooltipType="OnCursor" Name="SplashGuildSubtext" BGColor="ffffffff" TextColor="ff2f94ac" TooltipColor="" DT_VCENTER="1" TextId="Challenges_NoProgress"/>
        </Control>
        <Control Class="Window" LAnchorPoint="0" LAnchorOffset="12" TAnchorPoint="0" TAnchorOffset="293" RAnchorPoint="1" RAnchorOffset="-12" BAnchorPoint="0" BAnchorOffset="313" RelativeToClient="1" Font="CRB_InterfaceMedium_B" Text="" Template="Default" Name="SplashCirclesLabel" BGColor="ffffffff" TextColor="ff7fffb9" TextId="SocialPanel_CirclesLabel" DT_WORDBREAK="1" TooltipColor=""/>
        <Control Class="Window" LAnchorPoint="0" LAnchorOffset="12" TAnchorPoint="0" TAnchorOffset="313" RAnchorPoint="1" RAnchorOffset="-12" BAnchorPoint="0" BAnchorOffset="613" RelativeToClient="1" Font="Default" Text="" Template="Default" TooltipType="OnCursor" Name="SplashCircleItemContainer" BGColor="ffffffff" TextColor="ffffffff" TooltipColor=""/>
        <Control Class="Button" Base="CRB_UIKitSprites:btn_close_Hologram" Font="Thick" ButtonType="PushButton" RadioGroup="" LAnchorPoint="1" LAnchorOffset="-32" TAnchorPoint="0" TAnchorOffset="4" RAnchorPoint="1" RAnchorOffset="-4" BAnchorPoint="0" BAnchorOffset="33" DT_VCENTER="1" DT_CENTER="1" Name="CloseBtn" BGColor="ffffffff" TextColor="ffffffff" NormalTextColor="ffffffff" PressedTextColor="ffffffff" FlybyTextColor="ffffffff" PressedFlybyTextColor="ffffffff" DisabledTextColor="ffffffff" Text="" NewControlDepth="1" TooltipColor="">
            <Event Name="ButtonSignal" Function="OnCloseBtn"/>
        </Control>
    </Form>
    <Form Class="Window" LAnchorPoint="0" LAnchorOffset="0" TAnchorPoint="0" TAnchorOffset="0" RAnchorPoint="1" RAnchorOffset="0" BAnchorPoint="0" BAnchorOffset="60" RelativeToClient="1" Font="Default" Text="" Template="Default" TooltipType="OnCursor" Name="SplashCirclesPickerItem" Overlapped="1" BGColor="ffffffff" TextColor="ffffffff" TooltipColor="" IgnoreMouse="1" Tooltip="">
        <Control Class="Button" Base="CRB_Basekit:kitBtn_Holo_Large" Font="Thick" ButtonType="PushButton" RadioGroup="" LAnchorPoint="0" LAnchorOffset="0" TAnchorPoint="0" TAnchorOffset="0" RAnchorPoint="1" RAnchorOffset="0" BAnchorPoint="1" BAnchorOffset="-5" DT_VCENTER="1" DT_CENTER="1" Name="SplashCirclesPickerBtn" BGColor="ffffffff" TextColor="ffffffff" NormalTextColor="ffffffff" PressedTextColor="ffffffff" FlybyTextColor="ffffffff" PressedFlybyTextColor="ffffffff" DisabledTextColor="ffffffff" RelativeToClient="1" Text="" TooltipColor="" Tooltip="">
            <Event Name="ButtonSignal" Function="OnSplashBtn"/>
            <Control Class="Window" LAnchorPoint="0" LAnchorOffset="8" TAnchorPoint="0" TAnchorOffset="8" RAnchorPoint="0" RAnchorOffset="47" BAnchorPoint="1" BAnchorOffset="-8" RelativeToClient="1" Font="Default" Text="" Template="Default" Name="SplashCirclesPickerIcon" BGColor="ffffffff" TextColor="ffffffff" Picture="1" IgnoreMouse="1" Sprite="Icon_Mission_Soldier_Rescue" NewControlDepth="1" TooltipColor=""/>
            <Control Class="Window" LAnchorPoint="0" LAnchorOffset="50" TAnchorPoint="0" TAnchorOffset="8" RAnchorPoint="1" RAnchorOffset="-8" BAnchorPoint="0.5" BAnchorOffset="0" RelativeToClient="1" Font="CRB_InterfaceLarge_B" Text="" Template="Default" Name="SplashCirclesPickerText" BGColor="ffffffff" TextColor="ff2f94ac" DT_VCENTER="1" TextId="Circles_NameHeader" DT_WORDBREAK="1" TooltipColor=""/>
            <Control Class="Window" LAnchorPoint="0" LAnchorOffset="50" TAnchorPoint="0.5" TAnchorOffset="0" RAnchorPoint="1" RAnchorOffset="-8" BAnchorPoint="1" BAnchorOffset="-8" RelativeToClient="1" Font="CRB_InterfaceSmall_O" Text="" Template="Default" TooltipType="OnCursor" Name="SplashCirclesPickerSubtext" BGColor="ffffffff" TextColor="ff2f94ac" TooltipColor="" DT_VCENTER="1" TextId="Challenges_NoProgress"/>
        </Control>
    </Form>
    <Form Class="Window" LAnchorPoint="0" LAnchorOffset="0" TAnchorPoint="0" TAnchorOffset="0" RAnchorPoint="1" RAnchorOffset="0" BAnchorPoint="0" BAnchorOffset="60" RelativeToClient="1" Font="Default" Text="" Template="Default" TooltipType="OnCursor" Name="SplashCirclesAddItem" Overlapped="1" BGColor="ffffffff" TextColor="ffffffff" TooltipColor="" IgnoreMouse="1" Tooltip="">
        <Control Class="Button" Base="CRB_Basekit:kitBtn_Holo_Large" Font="Thick" ButtonType="PushButton" RadioGroup="" LAnchorPoint="0" LAnchorOffset="0" TAnchorPoint="0" TAnchorOffset="0" RAnchorPoint="1" RAnchorOffset="0" BAnchorPoint="1" BAnchorOffset="-5" DT_VCENTER="1" DT_CENTER="1" Name="SplashCirclesAddBtn" BGColor="ffffffff" TextColor="ffffffff" NormalTextColor="ffffffff" PressedTextColor="ffffffff" FlybyTextColor="ffffffff" PressedFlybyTextColor="ffffffff" DisabledTextColor="ffffffff" RelativeToClient="1" Text="" TooltipColor="">
            <Event Name="ButtonSignal" Function="OnSplashCirclesAddBtn"/>
            <Control Class="Window" LAnchorPoint="0" LAnchorOffset="8" TAnchorPoint="0" TAnchorOffset="8" RAnchorPoint="0" RAnchorOffset="47" BAnchorPoint="1" BAnchorOffset="-8" RelativeToClient="1" Font="Default" Text="" Template="Default" TooltipType="OnCursor" Name="SplashCirclesAddIcon" BGColor="ffffffff" TextColor="ffffffff" TooltipColor="" Sprite="Icon_Mission_Explorer_ClaimTerritory" Picture="1" IgnoreMouse="1" NewControlDepth="1"/>
            <Control Class="Window" LAnchorPoint="0" LAnchorOffset="50" TAnchorPoint="0" TAnchorOffset="8" RAnchorPoint="1" RAnchorOffset="-8" BAnchorPoint="1" BAnchorOffset="-8" RelativeToClient="1" Font="CRB_InterfaceLarge_B" Text="" Template="Default" Name="SplashCirclesAddText" BGColor="ffffffff" TextColor="ff2f94ac" DT_VCENTER="1" TextId="SocialPanel_CircleCreate" DT_WORDBREAK="1" TooltipColor=""/>
            <Pixie LAnchorPoint="0" LAnchorOffset="0" TAnchorPoint="0" TAnchorOffset="0" RAnchorPoint="1" RAnchorOffset="0" BAnchorPoint="1" BAnchorOffset="0" BGColor="ffffffff" Font="Default" TextColor="ffffffff" Text="" Sprite="CRB_Basekit:kitAccent_Frame_OrangeCorners" Line="0"/>
        </Control>
    </Form>
    <Form Class="Window" LAnchorPoint="0" LAnchorOffset="0" TAnchorPoint="0" TAnchorOffset="0" RAnchorPoint="1" RAnchorOffset="0" BAnchorPoint="0" BAnchorOffset="60" RelativeToClient="1" Font="Default" Text="" Template="Default" TooltipType="OnCursor" Name="SplashCirclesUnusedItem" Overlapped="1" BGColor="ffffffff" TextColor="ffffffff" TooltipColor="" IgnoreMouse="1" Tooltip="">
        <Pixie LAnchorPoint="0" LAnchorOffset="0" TAnchorPoint="0" TAnchorOffset="0" RAnchorPoint="1" RAnchorOffset="0" BAnchorPoint="0" BAnchorOffset="55" BGColor="ffffffff" Font="Thick" TextColor="ffffffff" Text="" Sprite="CRB_Basekit:kitBtn_Holo_LargeNormal" DT_CENTER="1" DT_VCENTER="1" Line="0"/>
        <Pixie LAnchorPoint="0" LAnchorOffset="8" TAnchorPoint="0" TAnchorOffset="8" RAnchorPoint="0" RAnchorOffset="47" BAnchorPoint="1" BAnchorOffset="-14" BGColor="ffffffff" Font="Default" TextColor="ffffffff" Text="" Sprite="ClientSprites:Icon_Windows_UI_CRB_Lock_Holo" Line="0"/>
        <Pixie LAnchorPoint="0" LAnchorOffset="50" TAnchorPoint="0" TAnchorOffset="8" RAnchorPoint="1" RAnchorOffset="-8" BAnchorPoint="0.5" BAnchorOffset="-4" BGColor="ffffffff" Font="CRB_InterfaceLarge_B" TextColor="9d666666" Text="" TextId="SocialPanel_UnusedMembership" DT_VCENTER="1" DT_WORDBREAK="1" Line="0"/>
        <Pixie LAnchorPoint="0" LAnchorOffset="50" TAnchorPoint="0.5" TAnchorOffset="0" RAnchorPoint="1" RAnchorOffset="-8" BAnchorPoint="1" BAnchorOffset="-18" BGColor="ffffffff" Font="CRB_InterfaceSmall_O" TextColor="9d666666" Text="" TextId="SocialPanel_UseMembership" DT_VCENTER="1" Line="0"/>
    </Form>
</Forms>
