<?xml version="1.0" ?>
<Forms>
    <Form Class="Window" LAnchorPoint=".5" LAnchorOffset="-249" TAnchorPoint="0" TAnchorOffset="0" RAnchorPoint=".5" RAnchorOffset="251" BAnchorPoint="0" BAnchorOffset="173" RelativeToClient="1" Font="Default" Text="" Template="Default" Name="CommDisplayForm" Border="0" Picture="1" SwallowMouseClicks="1" Moveable="1" Escapable="0" Overlapped="1" BGColor="white" TextColor="white" TextId="" TransitionShowHide="1" IgnoreMouse="1" Visible="0" Sprite="BK3:sprHolo_Alert_COMM" TooltipColor="" Tooltip="">
        <Control Class="Window" LAnchorPoint="0" LAnchorOffset="0" TAnchorPoint="0" TAnchorOffset="0" RAnchorPoint="1" RAnchorOffset="0" BAnchorPoint="1" BAnchorOffset="0" RelativeToClient="1" Font="Default" Text="" Template="Default" Name="HorizontalTopContainer" BGColor="white" TextColor="white" TextId="" HideInEditor="0" TooltipColor="">
            <Control Class="Window" LAnchorPoint="0" LAnchorOffset="0" TAnchorPoint="0" TAnchorOffset="34" RAnchorPoint="0" RAnchorOffset="141" BAnchorPoint="0" BAnchorOffset="139" RelativeToClient="1" Font="Default" Text="" Template="Default" Name="PortraitContainerLeft" BGColor="white" TextColor="white" NewControlDepth="1" HideInEditor="0" IgnoreMouse="1" NewWindowDepth="1" Visible="1" TooltipColor="">
                <Control Name="CommPortraitLeft" Class="CostumeWindow" LAnchorPoint="1" LAnchorOffset="-95" TAnchorPoint="0" TAnchorOffset="10" RAnchorPoint="1" RAnchorOffset="-10" BAnchorPoint="1" BAnchorOffset="-9" Camera="Datachron" Animated="1" Visible="1" BGColor="white" TextColor="white" Picture="0" Sprite="" NewControlDepth="3" NeverBringToFront="1" HideInEditor="1" TooltipColor="">
                    <Event Name="MouseButtonUp" Function="OnCommPotraitClicked"/>
                    <Pixie LAnchorPoint="0" LAnchorOffset="0" TAnchorPoint="0" TAnchorOffset="0" RAnchorPoint="1" RAnchorOffset="0" BAnchorPoint="1" BAnchorOffset="0" BGColor="4410669a" Font="Default" TextColor="white" Text="" Sprite="ClientSprites:WhiteFill" Line="0"/>
                </Control>
                <Control Class="Window" LAnchorPoint="1" LAnchorOffset="-95" TAnchorPoint="0" TAnchorOffset="10" RAnchorPoint="1" RAnchorOffset="-10" BAnchorPoint="1" BAnchorOffset="-9" RelativeToClient="1" Font="Default" Text="" Template="Default" Name="StaticSpriteL" BGColor="white" TextColor="white" NewControlDepth="4" Picture="1" IgnoreMouse="1" Sprite="" TooltipColor="" HideInEditor="1">
                    <Control Class="Window" LAnchorPoint="0" LAnchorOffset="0" TAnchorPoint="0" TAnchorOffset="-92" RAnchorPoint="1" RAnchorOffset="0" BAnchorPoint="1" BAnchorOffset="93" RelativeToClient="1" Font="Default" Text="" BGColor="UI_WindowBGDefault" TextColor="UI_WindowTextDefault" Template="Default" TooltipType="OnCursor" Name="StaticContainerL" TooltipColor="" Sprite="CommDisplay:sprComm_StaticComposite" Picture="1" IgnoreMouse="1"/>
                </Control>
                <Pixie LAnchorPoint="1" LAnchorOffset="-103" TAnchorPoint="0" TAnchorOffset="2" RAnchorPoint="1" RAnchorOffset="-2" BAnchorPoint="1" BAnchorOffset="-2" BGColor="white" Font="Default" TextColor="white" Text="" Sprite="CRB_Basekit:kitBase_HoloBlue_Tiny" Line="0"/>
            </Control>
            <Control Class="Window" LAnchorPoint="0" LAnchorOffset="145" TAnchorPoint="0" TAnchorOffset="37" RAnchorPoint="1" RAnchorOffset="-39" BAnchorPoint="1" BAnchorOffset="-37" RelativeToClient="1" Font="Default" Text="" Template="Default" Name="VerticalMiddleContainer" BGColor="white" TextColor="white" TooltipColor="" Sprite="" Picture="1" IgnoreMouse="1" NoClip="0">
                <Control Class="Window" LAnchorPoint="0" LAnchorOffset="-1" TAnchorPoint="0" TAnchorOffset="0" RAnchorPoint="0" RAnchorOffset="315" BAnchorPoint="0" BAnchorOffset="99" RelativeToClient="1" Font="Default" Text="" BGColor="UI_WindowBGDefault" TextColor="UI_WindowTextDefault" Template="Default" TooltipType="OnCursor" Name="DialogFraming" TooltipColor="" Sprite="BK3:UI_BK3_Holo_InsetSimple" Border="0" IgnoreMouse="1" Picture="1" NoClip="1"/>
                <Control Name="DialogName" Class="MLWindow" LAnchorPoint="0" LAnchorOffset="7" TAnchorPoint="0" TAnchorOffset="4" RAnchorPoint="1" RAnchorOffset="-8" BAnchorPoint="0" BAnchorOffset="38" DT_WORDBREAK="1" Font="CRB_InterfaceLarge_B" TextColor="UI_TextHoloTitle" Visible="1" BGColor="white" Text="Text" TextId="" IgnoreMouse="1" NoClip="1" TooltipColor="" Tooltip=""/>
                <Control Name="DialogText" Class="MLWindow" LAnchorPoint="0" LAnchorOffset="8" TAnchorPoint="0" TAnchorOffset="31" RAnchorPoint="1" RAnchorOffset="-9" BAnchorPoint="1" BAnchorOffset="10" DT_WORDBREAK="1" Font="CRB_InterfaceMedium" TextColor="UI_TextHoloBodyHighlight" Visible="1" BGColor="white" Text="Text" TextId="" IgnoreMouse="1" NoClip="1" TooltipColor="" Sprite="" Picture="1"/>
            </Control>
            <Control Class="Window" LAnchorPoint="1" LAnchorOffset="-141" TAnchorPoint="0" TAnchorOffset="34" RAnchorPoint="1" RAnchorOffset="0" BAnchorPoint="0" BAnchorOffset="139" RelativeToClient="1" Font="Default" Text="" Template="Default" Name="PortraitContainerRight" BGColor="white" TextColor="white" NewControlDepth="1" HideInEditor="0" IgnoreMouse="1" NewWindowDepth="1" Visible="0" TooltipColor="">
                <Control Name="CommPortraitRight" Class="CostumeWindow" LAnchorPoint="0" LAnchorOffset="13" TAnchorPoint="0" TAnchorOffset="10" RAnchorPoint="0" RAnchorOffset="98" BAnchorPoint="1" BAnchorOffset="-9" Camera="Datachron" Animated="1" Visible="1" BGColor="white" TextColor="white" Picture="0" Sprite="" NewControlDepth="3" NeverBringToFront="1" HideInEditor="1" TooltipColor="">
                    <Event Name="MouseButtonUp" Function="OnCommPotraitClicked"/>
                    <Pixie LAnchorPoint="0" LAnchorOffset="0" TAnchorPoint="0" TAnchorOffset="0" RAnchorPoint="1" RAnchorOffset="0" BAnchorPoint="1" BAnchorOffset="0" BGColor="4410669a" Font="Default" TextColor="white" Text="" Sprite="ClientSprites:WhiteFill" Line="0"/>
                </Control>
                <Control Class="Window" LAnchorPoint="0" LAnchorOffset="13" TAnchorPoint="0" TAnchorOffset="10" RAnchorPoint="0" RAnchorOffset="98" BAnchorPoint="1" BAnchorOffset="-9" RelativeToClient="1" Font="Default" Text="" Template="Default" Name="StaticSpriteR" BGColor="white" TextColor="white" NewControlDepth="4" Picture="1" IgnoreMouse="1" Sprite="" TooltipColor="" HideInEditor="0">
                    <Control Class="Window" LAnchorPoint="0" LAnchorOffset="0" TAnchorPoint="0" TAnchorOffset="-92" RAnchorPoint="1" RAnchorOffset="0" BAnchorPoint="1" BAnchorOffset="93" RelativeToClient="1" Font="Default" Text="" BGColor="UI_WindowBGDefault" TextColor="UI_WindowTextDefault" Template="Default" TooltipType="OnCursor" Name="StaticContainerR" TooltipColor="" Sprite="CommDisplay:sprComm_StaticComposite" Picture="1" IgnoreMouse="1"/>
                </Control>
                <Pixie LAnchorPoint="0" LAnchorOffset="5" TAnchorPoint="0" TAnchorOffset="2" RAnchorPoint="0" RAnchorOffset="106" BAnchorPoint="1" BAnchorOffset="-2" BGColor="white" Font="Default" TextColor="white" Text="" Sprite="CRB_Basekit:kitBase_HoloBlue_Tiny" Line="0"/>
            </Control>
        </Control>
        <Control Class="Window" LAnchorPoint="0" LAnchorOffset="38" TAnchorPoint="0" TAnchorOffset="147" RAnchorPoint="1" RAnchorOffset="-43" BAnchorPoint="1" BAnchorOffset="-35" RelativeToClient="1" Font="Default" Text="" Template="Default" Name="RewardsContainer" BGColor="white" TextColor="white" Picture="1" IgnoreMouse="1" Sprite="BK3:UI_BK3_Holo_InsetSimple" Visible="0" HideInEditor="0" TooltipColor="" NewControlDepth="1">
            <Control Class="Window" LAnchorPoint="0" LAnchorOffset="8" TAnchorPoint="0" TAnchorOffset="10" RAnchorPoint="1" RAnchorOffset="-8" BAnchorPoint="1" BAnchorOffset="-6" RelativeToClient="1" Font="Default" Text="" Template="Default" Name="RewardsArrangeVert" BGColor="white" TextColor="white" LeftEdgeControlsAnchor="" TopEdgeControlsAnchor="" RightEdgeControlsAnchor="" BottomEdgeControlsAnchor="" Picture="1" IgnoreMouse="1" Sprite="" Visible="1" TooltipColor="">
                <Control Class="Window" LAnchorPoint="0" LAnchorOffset="0" TAnchorPoint="0" TAnchorOffset="0" RAnchorPoint="1" RAnchorOffset="0" BAnchorPoint="0" BAnchorOffset="28" RelativeToClient="1" Font="Default" Text="" Template="Default" Name="CashRewards" BGColor="white" TextColor="white" Visible="0" TextId="" IgnoreMouse="1" NoClip="0" DT_RIGHT="0" Sprite="" Picture="1" TooltipColor="">
                    <Control Class="CashWindow" LAnchorPoint="0" LAnchorOffset="112" TAnchorPoint="0" TAnchorOffset="-1" RAnchorPoint="1" RAnchorOffset="-88" BAnchorPoint="0" BAnchorOffset="20" RelativeToClient="1" Font="CRB_InterfaceMedium" Name="LootCashWindow" BGColor="white" TextColor="UI_AlphaPercent85" IgnoreMouse="1" Visible="1" SkipZeroes="1" Text="" TextId="" DT_RIGHT="0" TooltipType="OnCursor" DT_CENTER="0" DT_VCENTER="1" TooltipColor=""/>
                    <Control Class="Window" LAnchorPoint="0.33" LAnchorOffset="0" TAnchorPoint="0" TAnchorOffset="-1" RAnchorPoint="1" RAnchorOffset="-8" BAnchorPoint="0" BAnchorOffset="20" RelativeToClient="1" Font="CRB_InterfaceMedium" Text="+100 Reputation" Template="Default" Name="ReputationText" BGColor="white" TextColor="white" TextId="" TooltipType="OnCursor" IgnoreMouse="1" DT_RIGHT="1" DT_VCENTER="1" TooltipColor=""/>
                    <Pixie LAnchorPoint="0" LAnchorOffset="8" TAnchorPoint="0" TAnchorOffset="0" RAnchorPoint="0" RAnchorOffset="150" BAnchorPoint="1" BAnchorOffset="-1" BGColor="white" Font="CRB_InterfaceMedium_B" TextColor="UI_TextHoloTitle" Text="" TextId="Dialog_YouWillReceive" DT_VCENTER="0" Line="0"/>
                </Control>
                <Control Class="Window" LAnchorPoint="0" LAnchorOffset="0" TAnchorPoint="0" TAnchorOffset="0" RAnchorPoint="1" RAnchorOffset="0" BAnchorPoint="0" BAnchorOffset="0" RelativeToClient="1" Font="Default" Text="" Template="Default" Name="GivenContainer" BGColor="white" TextColor="white" LeftEdgeControlsAnchor="" TopEdgeControlsAnchor="" RightEdgeControlsAnchor="" BottomEdgeControlsAnchor="" Sprite="" Picture="0" IgnoreMouse="1" TooltipColor="">
                    <Control Class="Window" LAnchorPoint="0" LAnchorOffset="4" TAnchorPoint="0" TAnchorOffset="0" RAnchorPoint="1" RAnchorOffset="0" BAnchorPoint="1" BAnchorOffset="0" RelativeToClient="1" Font="Default" Text="" Template="Default" Name="GivenRewardsItems" BGColor="white" TextColor="white" LeftEdgeControlsAnchor="" TopEdgeControlsAnchor="" RightEdgeControlsAnchor="" BottomEdgeControlsAnchor="" IgnoreMouse="1" TooltipColor=""/>
                </Control>
                <Control Class="Window" LAnchorPoint="0" LAnchorOffset="8" TAnchorPoint="0" TAnchorOffset="0" RAnchorPoint="1" RAnchorOffset="0" BAnchorPoint="0" BAnchorOffset="16" RelativeToClient="1" Font="CRB_InterfaceSmall_O" Text="" Template="Default" Name="ChoiceRewardsText" BGColor="white" TextColor="UI_TextHoloTitle" TextId="CommDisp_ChoiceLabel" Tooltip="" TooltipId="" RightEdgeControlsAnchor="" HideInEditor="1" Visible="0" TooltipColor=""/>
                <Control Class="Window" LAnchorPoint="0" LAnchorOffset="0" TAnchorPoint="0" TAnchorOffset="0" RAnchorPoint="1" RAnchorOffset="0" BAnchorPoint="0" BAnchorOffset="0" RelativeToClient="1" Font="Default" Text="" Template="Default" Name="ChoiceContainer" BGColor="white" TextColor="white" Border="0" IgnoreMouse="1" Picture="0" Sprite="" TooltipColor="">
                    <Control Class="Window" LAnchorPoint="0" LAnchorOffset="4" TAnchorPoint="0" TAnchorOffset="0" RAnchorPoint="1" RAnchorOffset="0" BAnchorPoint="1" BAnchorOffset="0" RelativeToClient="1" Font="Default" Text="" Template="Default" Name="ChoiceRewardsItems" BGColor="white" TextColor="white" TooltipColor=""/>
                </Control>
            </Control>
        </Control>
        <Control Class="Button" Base="BK3:btnHolo_Close" Font="Thick" ButtonType="PushButton" RadioGroup="" LAnchorPoint="1" LAnchorOffset="-71" TAnchorPoint="0" TAnchorOffset="24" RAnchorPoint="1" RAnchorOffset="-29" BAnchorPoint="0" BAnchorOffset="68" DT_VCENTER="1" DT_CENTER="1" Name="CloseBtn" BGColor="white" TextColor="white" NormalTextColor="white" PressedTextColor="white" FlybyTextColor="white" PressedFlybyTextColor="white" DisabledTextColor="white" NewWindowDepth="1" RelativeToClient="1" NoClip="1" HideInEditor="0" TooltipColor="">
            <Event Name="ButtonSignal" Function="OnCloseBtn"/>
        </Control>
        <Event Name="MouseButtonUp" Function="OnMouseButtonUp"/>
    </Form>
    <Form Class="Window" LAnchorPoint="0" LAnchorOffset="0" TAnchorPoint="0" TAnchorOffset="0" RAnchorPoint="1" RAnchorOffset="0" BAnchorPoint="0" BAnchorOffset="35" RelativeToClient="1" Font="Default" Text="" Template="Default" Name="LootItem" Border="0" Picture="1" SwallowMouseClicks="1" Moveable="0" Escapable="0" Overlapped="0" BGColor="white" TextColor="white" TextId="" Sprite="" TooltipColor="" TooltipType="OnCursor" TooltipFont="CRB_InterfaceSmall_O" IgnoreTooltipDelay="1" Tooltip="">
        <Control Class="Window" LAnchorPoint="0" LAnchorOffset="40" TAnchorPoint="0" TAnchorOffset="0" RAnchorPoint="1" RAnchorOffset="-20" BAnchorPoint="1" BAnchorOffset="-6" RelativeToClient="1" Font="CRB_InterfaceMedium" Text="Loot Description" Template="Default" Name="LootDescription" BGColor="white" TextColor="UI_AlphaPercent85" TextId="" DT_VCENTER="1" DT_WORDBREAK="1" TooltipColor=""/>
        <Control Class="Window" LAnchorPoint="0" LAnchorOffset="6" TAnchorPoint="0" TAnchorOffset="0" RAnchorPoint="0" RAnchorOffset="35" BAnchorPoint="0" BAnchorOffset="29" RelativeToClient="1" Font="Default" Text="" Template="Default" TooltipType="OnCursor" Name="LootIconBG" BGColor="white" TextColor="white" TooltipColor="" Sprite="" Picture="1" IgnoreMouse="1" Visible="1" HideInEditor="0">
            <Control Class="Window" LAnchorPoint="0" LAnchorOffset="1" TAnchorPoint="0" TAnchorOffset="1" RAnchorPoint="1" RAnchorOffset="-1" BAnchorPoint="1" BAnchorOffset="-1" RelativeToClient="1" Font="Default" Text="" Template="Default" TooltipType="OnCursor" Name="LootIcon" BGColor="white" TextColor="white" TooltipColor="" Sprite="ClientSprites:Icon_ItemMisc_bag_0001" Picture="1" IgnoreMouse="1" NewControlDepth="1" HideInEditor="0"/>
            <Control Class="Window" LAnchorPoint="0" LAnchorOffset="0" TAnchorPoint="0" TAnchorOffset="0" RAnchorPoint="1" RAnchorOffset="0" BAnchorPoint="1" BAnchorOffset="0" RelativeToClient="1" Font="Default" Text="" BGColor="UI_WindowBGDefault" TextColor="UI_WindowTextDefault" Template="Default" TooltipType="OnCursor" Name="LootRarity" TooltipColor="" Sprite="BK3:UI_BK3_ItemQualityWhite" Picture="1" IgnoreMouse="1"/>
        </Control>
        <Control Class="Window" LAnchorPoint="0" LAnchorOffset="5" TAnchorPoint="0" TAnchorOffset="-1" RAnchorPoint="0" RAnchorOffset="25" BAnchorPoint="0" BAnchorOffset="19" RelativeToClient="1" Text="" Name="LootIconCantUse" Picture="1" IgnoreMouse="1" Sprite="ClientSprites:Icon_Windows_UI_CRB_Tooltip_Restricted" BGColor="white" TextColor="white" Tooltip="" Font="CRB_InterfaceSmall" IgnoreTooltipDelay="1" TooltipType="OnCursor" Visible="0" TooltipFont="CRB_InterfaceSmall_O" TooltipId="Dialog_CantUseTooltip" TooltipColor="" NewWindowDepth="1"/>
    </Form>
</Forms>
