<Forms>
    <Form Class="Window" LAnchorPoint=".7" LAnchorOffset="-200" TAnchorPoint=".5" TAnchorOffset="-118" RAnchorPoint=".7" RAnchorOffset="200" BAnchorPoint=".5" BAnchorOffset="118" RelativeToClient="1" Font="Default" Text="" Template="" Name="ArenaTeamRegistrationForm" Border="0" Picture="0" SwallowMouseClicks="1" Moveable="1" Escapable="1" Overlapped="1" BGColor="white" TextColor="white" TextId="" TooltipColor="" Tooltip="">
        <Control Class="Window" LAnchorPoint="0" LAnchorOffset="0" TAnchorPoint="0" TAnchorOffset="0" RAnchorPoint="1" RAnchorOffset="0" BAnchorPoint="1" BAnchorOffset="0" RelativeToClient="1" Font="Default" Text="" Template="Default" TooltipType="OnCursor" Name="BGArt" BGColor="white" TextColor="white" TooltipColor="" Sprite="BK3:UI_BK3_Holo_Framing_2" Picture="1" IgnoreMouse="1"/>
        <Control Class="Button" Base="BK3:btnHolo_Red_Med" Font="CRB_Button" ButtonType="PushButton" RadioGroup="" LAnchorPoint=".5" LAnchorOffset="2" TAnchorPoint="1" TAnchorOffset="-105" RAnchorPoint=".5" RAnchorOffset="122" BAnchorPoint="1" BAnchorOffset="-33" DT_VCENTER="1" DT_CENTER="1" Name="CancelButton" BGColor="white" TextColor="white" NewControlDepth="2" WindowSoundTemplate="TogglePhys03" TextId="CRB_Cancel" Text="" TooltipColor="" NormalTextColor="UI_BtnTextRedNormal" PressedTextColor="UI_BtnTextRedPressed" FlybyTextColor="UI_BtnTextRedPressedFlyby" PressedFlybyTextColor="UI_BtnTextRedPressedFlyby" DisabledTextColor="UI_BtnTextRedDisabled">
            <Event Name="ButtonSignal" Function="OnCancel"/>
        </Control>
        <Control Class="Button" Base="BK3:btnHolo_Blue_Med" Font="CRB_Button" ButtonType="PushButton" RadioGroup="" LAnchorPoint=".5" LAnchorOffset="-122" TAnchorPoint="1" TAnchorOffset="-105" RAnchorPoint=".5" RAnchorOffset="-2" BAnchorPoint="1" BAnchorOffset="-33" DT_VCENTER="1" DT_CENTER="1" Name="RegisterBtn" BGColor="white" TextColor="white" NewControlDepth="2" WindowSoundTemplate="TogglePhys02" TextId="CRB_OK" Text="" TooltipColor="" NormalTextColor="UI_BtnTextBlueNormal" PressedTextColor="UI_BtnTextBluePressed" FlybyTextColor="UI_BtnTextBlueFlyby" PressedFlybyTextColor="UI_BtnTextBluePressedFlyby" DisabledTextColor="UI_BtnTextBlueDisabled">
            <Event Name="ButtonSignal" Function="OnRegisterBtn"/>
        </Control>
        <Control Class="Window" LAnchorPoint="0" LAnchorOffset="46" TAnchorPoint="0" TAnchorOffset="47" RAnchorPoint="1" RAnchorOffset="-49" BAnchorPoint="0" BAnchorOffset="126" RelativeToClient="1" Font="Default" Text="" Template="Default" TooltipType="OnCursor" Name="RegistrationContent" BGColor="white" TextColor="white" TooltipColor="">
            <Control Class="Window" LAnchorPoint="0" LAnchorOffset="0" TAnchorPoint="0" TAnchorOffset="-7" RAnchorPoint="1" RAnchorOffset="0" BAnchorPoint="0" BAnchorOffset="17" RelativeToClient="1" Font="CRB_HeaderLarge" Text="Desired Team Name" Template="Default" TooltipType="OnCursor" Name="ArenaTeamNameLabel" BGColor="white" TextColor="UI_WindowTitleYellow" TooltipColor="" TextId="" DT_CENTER="1" DT_BOTTOM="1"/>
            <Control Class="Window" LAnchorPoint="0" LAnchorOffset="0" TAnchorPoint="0" TAnchorOffset="39" RAnchorPoint="1" RAnchorOffset="0" BAnchorPoint="0" BAnchorOffset="75" RelativeToClient="1" Font="Default" Text="" Template="Default" TooltipType="OnCursor" Name="UnderPaint_Guild" BGColor="white" TextColor="white" TooltipColor="" Picture="1" IgnoreMouse="1" Sprite="BK3:UI_BK3_Holo_Snippet"/>
            <Control Class="EditBox" LAnchorPoint="0" LAnchorOffset="11" TAnchorPoint="0" TAnchorOffset="38" RAnchorPoint="0" RAnchorOffset="294" BAnchorPoint="0" BAnchorOffset="73" RelativeToClient="1" Font="CRB_InterfaceMedium" Text="" Template="Default" TooltipType="OnCursor" Name="ArenaTeamNameString" BGColor="white" TextColor="UI_TextHoloBodyHighlight" TooltipColor="" TextId="" DT_VCENTER="1">
                <Event Name="EditBoxChanging" Function="OnNameChanging"/>
                <Event Name="EditBoxChanged" Function="OnNameChanging"/>
            </Control>
        </Control>
        <Event Name="MouseButtonDown" Function="HelperClearFocus"/>
        <Control Class="Window" LAnchorPoint="0" LAnchorOffset="35" TAnchorPoint="0" TAnchorOffset="35" RAnchorPoint="1" RAnchorOffset="-35" BAnchorPoint="1" BAnchorOffset="-35" RelativeToClient="1" Font="Default" Text="" Template="Default" TooltipType="OnCursor" Name="AlertMessage" BGColor="white" TextColor="white" TooltipColor="" IgnoreMouse="1" NewWindowDepth="1" Visible="0" TransitionShowHide="1" HideInEditor="0" Tooltip="">
            <Control Class="Window" LAnchorPoint="0" LAnchorOffset="0" TAnchorPoint="0" TAnchorOffset="0" RAnchorPoint="1" RAnchorOffset="-2" BAnchorPoint="1" BAnchorOffset="0" RelativeToClient="1" Font="Default" Text="" Template="Default" TooltipType="OnCursor" Name="AlertBG_Base" BGColor="black" TextColor="white" TooltipColor="" Picture="1" IgnoreMouse="1" Sprite="WhiteFill"/>
            <Control Class="Window" LAnchorPoint="0" LAnchorOffset="12" TAnchorPoint="0" TAnchorOffset="48" RAnchorPoint="1" RAnchorOffset="-11" BAnchorPoint="1" BAnchorOffset="-49" RelativeToClient="1" Font="Default" Text="" Template="Default" TooltipType="OnCursor" Name="AlertBG_MessageBaseAccent" BGColor="white" TextColor="white" TooltipColor="" Picture="1" IgnoreMouse="1" Sprite="" NewControlDepth="2"/>
            <Control Class="Window" LAnchorPoint="0" LAnchorOffset="60" TAnchorPoint="0" TAnchorOffset="7" RAnchorPoint="1" RAnchorOffset="-60" BAnchorPoint="0" BAnchorOffset="40" RelativeToClient="1" Font="CRB_HeaderLarge" Text="Shiio" Template="Default" TooltipType="OnCursor" Name="MessageAlertText" BGColor="white" TextColor="ConTough" TooltipColor="" NewControlDepth="6" TextId="" DT_VCENTER="0" DT_CENTER="1" HideInEditor="0"/>
            <Control Class="Window" LAnchorPoint="0" LAnchorOffset="17" TAnchorPoint="0" TAnchorOffset="47" RAnchorPoint="1" RAnchorOffset="-24" BAnchorPoint="1" BAnchorOffset="-47" RelativeToClient="1" Font="CRB_InterfaceMedium" Text="" Template="Default" TooltipType="OnCursor" Name="MessageBodyText" BGColor="white" TextColor="UI_TextHoloBodyHighlight" TooltipColor="" NewControlDepth="6" TextId="" DT_VCENTER="1" DT_CENTER="1" DT_WORDBREAK="1"/>
        </Control>
        <Control Class="Window" LAnchorPoint="0" LAnchorOffset="1" TAnchorPoint="0" TAnchorOffset="0" RAnchorPoint="1" RAnchorOffset="1" BAnchorPoint="1" BAnchorOffset="0" RelativeToClient="1" Font="Default" Text="" Template="Default" TooltipType="OnCursor" Name="BGArt_Frame" BGColor="white" TextColor="white" TooltipColor="" Picture="1" IgnoreMouse="1" Sprite="" HideInEditor="0" NewWindowDepth="1"/>
        <Control Class="Button" Base="BK3:btnHolo_Close" Font="Thick" ButtonType="PushButton" RadioGroup="" LAnchorPoint="1" LAnchorOffset="-76" TAnchorPoint="0" TAnchorOffset="31" RAnchorPoint="1" RAnchorOffset="-32" BAnchorPoint="0" BAnchorOffset="75" DT_VCENTER="1" DT_CENTER="1" Name="CloseButton" BGColor="white" TextColor="white" NewControlDepth="2" WindowSoundTemplate="CloseWindowPhys" Text="" TextId="" TooltipColor="" NormalTextColor="white" PressedTextColor="white" FlybyTextColor="white" PressedFlybyTextColor="white" DisabledTextColor="white" NewWindowDepth="1">
            <Event Name="ButtonSignal" Function="OnCancel"/>
        </Control>
    </Form>
</Forms>
