<Forms>
    <Form Class="Window" LAnchorPoint="ResourceBar_Left" LAnchorOffset="96" TAnchorPoint="ActionBar0_Top" TAnchorOffset="-128" RAnchorPoint="ResourceBar_Left" RAnchorOffset="439" BAnchorPoint="ActionBar0_Top" BAnchorOffset="-54" RelativeToClient="1" Font="Default" Text="" Template="" Name="MedicResourceForm" Border="0" Picture="0" SwallowMouseClicks="1" Moveable="1" Escapable="0" Overlapped="1" BGColor="ffffffff" TextColor="ffffffff" TextId="" TooltipColor="" Tooltip="" NeverBringToFront="1">
        <Control Class="Window" LAnchorPoint="0" LAnchorOffset="20" TAnchorPoint="1" TAnchorOffset="-30" RAnchorPoint="1" RAnchorOffset="-20" BAnchorPoint="1" BAnchorOffset="5" RelativeToClient="1" Font="Default" Text="" Template="Default" TooltipType="OnCursor" Name="ManaBarBG" BGColor="ffffffff" TextColor="ffffffff" TooltipColor="" Sprite="CRB_Basekit:kitIProgBar_Metal_Base" Picture="1" IgnoreMouse="1" Tooltip="">
            <Control Class="ProgressBar" Text="" LAnchorPoint="0" LAnchorOffset="13" TAnchorPoint="1" TAnchorOffset="-28" RAnchorPoint="1" RAnchorOffset="-12" BAnchorPoint="1" BAnchorOffset="-7" AutoSetText="0" UseValues="0" RelativeToClient="1" SetTextToProgress="0" DT_CENTER="1" DT_VCENTER="1" ProgressEmpty="" ProgressFull="CRB_NameplateSprites:sprNp_VulnerableBarBase" Name="ManaProgressBar" BGColor="ffffffff" TextColor="ffffffff" TooltipType="OnCursor" IgnoreTooltipDelay="1" TooltipColor="" BarColor="" NewControlDepth="6" Tooltip="" Sprite="" Picture="1"/>
            <Control Class="Window" LAnchorPoint="0" LAnchorOffset="16" TAnchorPoint="0" TAnchorOffset="9" RAnchorPoint="0" RAnchorOffset="128" BAnchorPoint="0" BAnchorOffset="24" RelativeToClient="1" Font="CRB_InterfaceSmall" Text="4444/4444" Template="Default" Name="ManaProgressText" BGColor="ffffffff" TextColor="xkcdLightLavendar" TextId="" TooltipColor="" NewControlDepth="6"/>
        </Control>
        <Control Class="Window" LAnchorPoint="0" LAnchorOffset="0" TAnchorPoint="0" TAnchorOffset="13" RAnchorPoint="1" RAnchorOffset="0" BAnchorPoint="1" BAnchorOffset="-21" RelativeToClient="1" Font="CRB_InterfaceMedium" Template="Default" Name="BGArt" BGColor="ffffffff" TextColor="ffc0c0c0" DT_VCENTER="1" DT_CENTER="1" NewControlDepth="2" TextId="" Text="" TooltipColor="" Picture="1" IgnoreMouse="1" Tooltip="">
            <Pixie LAnchorPoint="0.5" LAnchorOffset="-78" TAnchorPoint="1" TAnchorOffset="-41" RAnchorPoint="0.5" RAnchorOffset="-42" BAnchorPoint="1" BAnchorOffset="0" BGColor="ffffffff" Font="Default" TextColor="ffffffff" Text="" Sprite="CRB_WarriorSprites:sprWar_DividerMiddle" Line="0"/>
            <Pixie LAnchorPoint="0.5" LAnchorOffset="-18" TAnchorPoint="1" TAnchorOffset="-41" RAnchorPoint="0.5" RAnchorOffset="18" BAnchorPoint="1" BAnchorOffset="0" BGColor="ffffffff" Font="Default" TextColor="ffffffff" Text="" Sprite="CRB_WarriorSprites:sprWar_DividerMiddle" Line="0"/>
            <Pixie LAnchorPoint="0.5" LAnchorOffset="42" TAnchorPoint="1" TAnchorOffset="-41" RAnchorPoint="0.5" RAnchorOffset="78" BAnchorPoint="1" BAnchorOffset="0" BGColor="ffffffff" Font="Default" TextColor="ffffffff" Text="" Sprite="CRB_WarriorSprites:sprWar_DividerMiddle" Line="0"/>
        </Control>
        <Control Class="Window" LAnchorPoint="0.5" LAnchorOffset="-114" TAnchorPoint="1" TAnchorOffset="-63" RAnchorPoint="0.5" RAnchorOffset="-63" BAnchorPoint="1" BAnchorOffset="-21" RelativeToClient="1" Font="Default" Text="" Template="Default" TooltipType="OnCursor" Name="ResourceContainer1" BGColor="ffffffff" TextColor="ffffffff" TooltipColor="" Picture="1" IgnoreMouse="1" Sprite="CRB_WarriorSprites:sprWar_FuelBG" NewControlDepth="8" HideInEditor="0"/>
        <Control Class="Window" LAnchorPoint="0.5" LAnchorOffset="-56" TAnchorPoint="1" TAnchorOffset="-63" RAnchorPoint="0.5" RAnchorOffset="-5" BAnchorPoint="1" BAnchorOffset="-21" RelativeToClient="1" Font="Default" Text="" Template="Default" TooltipType="OnCursor" Name="ResourceContainer2" BGColor="ffffffff" TextColor="ffffffff" TooltipColor="" Picture="1" IgnoreMouse="1" Sprite="CRB_WarriorSprites:sprWar_FuelBG" NewControlDepth="8" HideInEditor="0"/>
        <Control Class="Window" LAnchorPoint="0.5" LAnchorOffset="5" TAnchorPoint="1" TAnchorOffset="-63" RAnchorPoint="0.5" RAnchorOffset="56" BAnchorPoint="1" BAnchorOffset="-21" RelativeToClient="1" Font="Default" Text="" Template="Default" TooltipType="OnCursor" Name="ResourceContainer3" BGColor="ffffffff" TextColor="ffffffff" TooltipColor="" Picture="1" IgnoreMouse="1" Sprite="CRB_WarriorSprites:sprWar_FuelBG" NewControlDepth="8" HideInEditor="0"/>
        <Control Class="Window" LAnchorPoint="0.5" LAnchorOffset="63" TAnchorPoint="1" TAnchorOffset="-63" RAnchorPoint="0.5" RAnchorOffset="114" BAnchorPoint="1" BAnchorOffset="-21" RelativeToClient="1" Font="Default" Text="" Template="Default" TooltipType="OnCursor" Name="ResourceContainer4" BGColor="ffffffff" TextColor="ffffffff" TooltipColor="" Picture="1" IgnoreMouse="1" Sprite="CRB_WarriorSprites:sprWar_FuelBG" NewControlDepth="8" HideInEditor="0"/>
        <Pixie LAnchorPoint="0" LAnchorOffset="0" TAnchorPoint="1" TAnchorOffset="-38" RAnchorPoint="1" RAnchorOffset="0" BAnchorPoint="1" BAnchorOffset="70" BGColor="ffffffff" Font="Default" TextColor="ffffffff" Text="" Sprite="CRB_Basekit:kitFooter_MetalGold_Angled" Line="0"/>
    </Form>
    <Form Class="Window" LAnchorPoint="0" LAnchorOffset="0" TAnchorPoint="0" TAnchorOffset="0" RAnchorPoint="0" RAnchorOffset="51" BAnchorPoint="0" BAnchorOffset="42" RelativeToClient="0" Font="Default" Text="" Template="Default" TooltipType="OnCursor" Name="CoreForm" Border="0" Picture="0" SwallowMouseClicks="1" Moveable="0" Escapable="0" Overlapped="0" BGColor="ffffffff" TextColor="ffffffff" TooltipColor="">
        <Control Class="Window" LAnchorPoint="0" LAnchorOffset="6" TAnchorPoint="0" TAnchorOffset="3" RAnchorPoint="1" RAnchorOffset="-6" BAnchorPoint="1" BAnchorOffset="-1" RelativeToClient="1" Font="Default" Text="" Template="Default" TooltipType="OnCursor" Name="CoreFill" BGColor="white" TextColor="white" TooltipColor="" Picture="1" IgnoreMouse="1" Sprite="CRB_WarriorSprites:sprWar_FuelRed"/>
        <Control Class="Window" LAnchorPoint="0" LAnchorOffset="-10" TAnchorPoint="0" TAnchorOffset="-10" RAnchorPoint="1" RAnchorOffset="8" BAnchorPoint="1" BAnchorOffset="7" RelativeToClient="1" Font="Default" Text="" Template="Default" TooltipType="OnCursor" Name="CoreFlash" BGColor="ffffffff" TextColor="ffffffff" TooltipColor="" Picture="1" IgnoreMouse="1" NewControlDepth="12" Sprite="" NoClip="1" NewWindowDepth="1"/>
        <Pixie LAnchorPoint="0" LAnchorOffset="0" TAnchorPoint="0" TAnchorOffset="0" RAnchorPoint="1" RAnchorOffset="0" BAnchorPoint="1" BAnchorOffset="0" BGColor="ffffffff" Font="Default" TextColor="ffffffff" Text="" Sprite="CRB_WarriorSprites:sprWar_FuelBG" Line="0"/>
    </Form>
</Forms>
