<?xml version="1.0" encoding="UTF-8" standalone="yes" ?>
<Forms>
    <Form Class="Window" LAnchorPoint="0" LAnchorOffset="0" TAnchorPoint="0" TAnchorOffset="0" RAnchorPoint="0" RAnchorOffset="800" BAnchorPoint="0" BAnchorOffset="447" RelativeToClient="1" Font="Default" Text="" Template="" Name="GuildPerksForm" Border="0" Picture="1" SwallowMouseClicks="1" Moveable="0" Escapable="0" Overlapped="0" BGColor="ffffffff" TextColor="ffffffff" TextId="" TooltipColor="" Tooltip="" Sprite="" HideInEditor="0" IgnoreMouse="1">
        <Control Class="Window" LAnchorPoint="0" LAnchorOffset="1" TAnchorPoint="0" TAnchorOffset="68" RAnchorPoint="1" RAnchorOffset="0" BAnchorPoint="1" BAnchorOffset="0" RelativeToClient="1" Font="Default" Text="" BGColor="UI_WindowBGDefault" TextColor="UI_WindowTextDefault" Template="Holo_Background_General" TooltipType="OnCursor" Name="Window" TooltipColor="" Border="1" IgnoreMouse="1" Picture="1" UseTemplateBG="1"/>
        <Control Class="Window" LAnchorPoint="0" LAnchorOffset="18" TAnchorPoint="0" TAnchorOffset="10" RAnchorPoint="1" RAnchorOffset="-4" BAnchorPoint="0" BAnchorOffset="53" RelativeToClient="1" Font="Default" Text="" Template="Default" TooltipType="OnCursor" Name="UpperPanel" BGColor="ffffffff" TextColor="ffffffff" TooltipColor="" Sprite="" Picture="1" IgnoreMouse="1">
            <Control Class="Window" LAnchorPoint="0" LAnchorOffset="12" TAnchorPoint="0" TAnchorOffset="4" RAnchorPoint="1" RAnchorOffset="-12" BAnchorPoint="0" BAnchorOffset="47" RelativeToClient="1" Font="Default" Text="" Template="Default" TooltipType="OnCursor" Name="InfluenceDisplay" BGColor="ffffffff" TextColor="ffffffff" TooltipColor="">
                <Control Class="Window" LAnchorPoint="0" LAnchorOffset="124" TAnchorPoint="0" TAnchorOffset="0" RAnchorPoint="1" RAnchorOffset="0" BAnchorPoint="1" BAnchorOffset="0" RelativeToClient="1" Font="Default" Text="" Template="Default" TooltipType="OnCursor" Name="InfBar_Backer" BGColor="ffffffff" TextColor="ffffffff" TooltipColor="" Picture="1" IgnoreMouse="1" Sprite="CRB_Basekit:kitIProgBar_Hybrid_Base"/>
                <Control Class="Window" LAnchorPoint="0" LAnchorOffset="0" TAnchorPoint="0" TAnchorOffset="0" RAnchorPoint="0" RAnchorOffset="155" BAnchorPoint="1" BAnchorOffset="-3" RelativeToClient="1" Font="CRB_InterfaceLarge" Text="" Template="Default" TooltipType="OnCursor" Name="InfBar_Label" BGColor="ffffffff" TextColor="UI_TextMetalBodyHighlight" TooltipColor="" Picture="0" IgnoreMouse="1" Sprite="" TextId="GuildPerks_InfluenceLabel" DT_VCENTER="1"/>
                <Control Class="ProgressBar" Text="" LAnchorPoint="0" LAnchorOffset="155" TAnchorPoint="0" TAnchorOffset="5" RAnchorPoint="1" RAnchorOffset="-30" BAnchorPoint="0" BAnchorOffset="35" AutoSetText="0" UseValues="0" RelativeToClient="1" SetTextToProgress="0" DT_CENTER="1" DT_VCENTER="1" ProgressEmpty="" ProgressFull="CRB_Basekit:kitIProgBar_HoloFrame_FillBlue" TooltipType="OnCursor" Name="InfluenceBonusProgressBar" BGColor="ffffffff" TextColor="ffffffff" TooltipColor="" BarColor="white" Font="CRB_InterfaceMedium_O" Picture="1" Sprite="" TextId="" IgnoreMouse="1"/>
                <Control Class="ProgressBar" Text="" LAnchorPoint="0" LAnchorOffset="155" TAnchorPoint="0" TAnchorOffset="5" RAnchorPoint="1" RAnchorOffset="-30" BAnchorPoint="0" BAnchorOffset="35" AutoSetText="0" UseValues="0" RelativeToClient="1" SetTextToProgress="0" DT_CENTER="1" DT_VCENTER="1" ProgressEmpty="" ProgressFull="CRB_Basekit:kitIProgBar_HoloFrame_FillBlue" TooltipType="OnCursor" Name="InfluenceProgressBar" BGColor="ffffffff" TextColor="ffffffff" TooltipColor="" BarColor="ChannelCircle3" Font="CRB_InterfaceSmall" Picture="1" Sprite="" TextId="Challenges_NoProgress" IgnoreMouse="1" DT_BOTTOM="0"/>
            </Control>
            <Control Class="Window" LAnchorPoint="0" LAnchorOffset="12" TAnchorPoint="0" TAnchorOffset="148" RAnchorPoint="1" RAnchorOffset="-12" BAnchorPoint="0" BAnchorOffset="174" RelativeToClient="1" Font="Default" Text="" Template="Default" TooltipType="OnCursor" Name="CapDisplay" BGColor="ffffffff" TextColor="ffffffff" TooltipColor="" Visible="0" TooltipFont="CRB_InterfaceSmall" HideInEditor="1">
                <Control Class="Window" LAnchorPoint="0" LAnchorOffset="0" TAnchorPoint="0" TAnchorOffset="0" RAnchorPoint="0" RAnchorOffset="134" BAnchorPoint="1" BAnchorOffset="0" RelativeToClient="1" Font="CRB_InterfaceMedium" Text="" Template="Default" TooltipType="OnCursor" Name="Capr_Label" BGColor="ffffffff" TextColor="gray" TooltipColor="" Picture="0" IgnoreMouse="1" Sprite="" TextId="GuildPerks_MemberLimit" DT_VCENTER="1" Visible="0"/>
                <Control Class="Window" LAnchorPoint="0" LAnchorOffset="127" TAnchorPoint="0" TAnchorOffset="0" RAnchorPoint="1" RAnchorOffset="-173" BAnchorPoint="1" BAnchorOffset="0" RelativeToClient="1" Font="Default" Text="" Template="Default" TooltipType="OnCursor" Name="CapFraming" BGColor="ffffffff" TextColor="ffffffff" TooltipColor="" HideInEditor="0" Visible="0" TooltipFont="CRB_InterfaceSmall">
                    <Control Class="Window" LAnchorPoint="0" LAnchorOffset="10" TAnchorPoint="0" TAnchorOffset="1" RAnchorPoint=".1428" RAnchorOffset="0" BAnchorPoint="1" BAnchorOffset="1" RelativeToClient="1" Font="CRB_InterfaceSmall" Text="40" Template="Default" TooltipType="OnCursor" Name="CapContainer1" BGColor="ffffffff" TextColor="UI_BtnTextHoloNormal" TooltipColor="" Picture="1" IgnoreMouse="1" Sprite="CRB_Basekit:kitBtn_Holo_DatachronOptionPressed" DT_VCENTER="1" DT_CENTER="1" TextId="" Tooltip=""/>
                    <Control Class="Window" LAnchorPoint=".1428" LAnchorOffset="0" TAnchorPoint="0" TAnchorOffset="1" RAnchorPoint=".2856" RAnchorOffset="0" BAnchorPoint="1" BAnchorOffset="1" RelativeToClient="1" Font="CRB_InterfaceSmall" Text="80" Template="Default" TooltipType="OnCursor" Name="CapContainer2" BGColor="ffffffff" TextColor="UI_BtnTextHoloNormal" TooltipColor="" Picture="1" IgnoreMouse="1" Sprite="CRB_Basekit:kitBtn_Holo_DatachronOptionDisabled" DT_VCENTER="1" DT_CENTER="1" TextId=""/>
                    <Control Class="Window" LAnchorPoint=".2856" LAnchorOffset="0" TAnchorPoint="0" TAnchorOffset="1" RAnchorPoint=".4284" RAnchorOffset="0" BAnchorPoint="1" BAnchorOffset="1" RelativeToClient="1" Font="CRB_InterfaceSmall" Text="160" Template="Default" TooltipType="OnCursor" Name="CapContainer3" BGColor="ffffffff" TextColor="UI_BtnTextHoloNormal" TooltipColor="" Picture="1" IgnoreMouse="1" Sprite="CRB_Basekit:kitBtn_Holo_DatachronOptionDisabled" DT_VCENTER="1" DT_CENTER="1" TextId=""/>
                    <Control Class="Window" LAnchorPoint=".4284" LAnchorOffset="0" TAnchorPoint="0" TAnchorOffset="1" RAnchorPoint=".5712" RAnchorOffset="0" BAnchorPoint="1" BAnchorOffset="1" RelativeToClient="1" Font="CRB_InterfaceSmall" Text="240" Template="Default" TooltipType="OnCursor" Name="CapContainer4" BGColor="ffffffff" TextColor="UI_BtnTextHoloNormal" TooltipColor="" Picture="1" IgnoreMouse="1" Sprite="CRB_Basekit:kitBtn_Holo_DatachronOptionDisabled" DT_VCENTER="1" DT_CENTER="1" TextId=""/>
                    <Control Class="Window" LAnchorPoint=".5712" LAnchorOffset="0" TAnchorPoint="0" TAnchorOffset="1" RAnchorPoint=".7140" RAnchorOffset="0" BAnchorPoint="1" BAnchorOffset="1" RelativeToClient="1" Font="CRB_InterfaceSmall" Text="320" Template="Default" TooltipType="OnCursor" Name="CapContainer5" BGColor="ffffffff" TextColor="UI_BtnTextHoloNormal" TooltipColor="" Picture="1" IgnoreMouse="1" Sprite="CRB_Basekit:kitBtn_Holo_DatachronOptionDisabled" DT_VCENTER="1" DT_CENTER="1" TextId=""/>
                    <Control Class="Window" LAnchorPoint=".7140" LAnchorOffset="0" TAnchorPoint="0" TAnchorOffset="1" RAnchorPoint=".8568" RAnchorOffset="0" BAnchorPoint="1" BAnchorOffset="1" RelativeToClient="1" Font="CRB_InterfaceSmall" Text="400" Template="Default" TooltipType="OnCursor" Name="CapContainer6" BGColor="ffffffff" TextColor="UI_BtnTextHoloNormal" TooltipColor="" Picture="1" IgnoreMouse="1" Sprite="CRB_Basekit:kitBtn_Holo_DatachronOptionDisabled" DT_VCENTER="1" DT_CENTER="1" TextId=""/>
                    <Control Class="Window" LAnchorPoint=".8568" LAnchorOffset="0" TAnchorPoint="0" TAnchorOffset="1" RAnchorPoint="1" RAnchorOffset="0" BAnchorPoint="1" BAnchorOffset="1" RelativeToClient="1" Font="CRB_InterfaceSmall" Text="500" Template="Default" TooltipType="OnCursor" Name="CapContainer7" BGColor="ffffffff" TextColor="UI_BtnTextHoloNormal" TooltipColor="" Picture="1" IgnoreMouse="1" Sprite="CRB_Basekit:kitBtn_Holo_DatachronOptionDisabled" DT_VCENTER="1" DT_CENTER="1" TextId=""/>
                    <Control Class="Window" LAnchorPoint="0" LAnchorOffset="0" TAnchorPoint="0" TAnchorOffset="-8" RAnchorPoint="0" RAnchorOffset="465" BAnchorPoint="1" BAnchorOffset="8" RelativeToClient="1" Font="Default" Text="" Template="Default" TooltipType="OnCursor" Name="CapBorder" BGColor="ffffffff" TextColor="ffffffff" TooltipColor="" Border="0" IgnoreMouse="1" Sprite="CRB_Basekit:kitInnerFrame_MetalGrey_Small" Picture="1" NoClip="1" NewControlDepth="1" TooltipFont="CRB_InterfaceSmall" HideInEditor="0"/>
                    <Control Class="Window" LAnchorPoint="1" LAnchorOffset="-164" TAnchorPoint="0" TAnchorOffset="-8" RAnchorPoint="1" RAnchorOffset="0" BAnchorPoint="1" BAnchorOffset="8" RelativeToClient="1" Font="Default" Text="" Template="Default" TooltipType="OnCursor" Name="CapBorderCost" BGColor="ffffffff" TextColor="ffffffff" TooltipColor="" Border="0" IgnoreMouse="1" Sprite="" Picture="1" NoClip="1"/>
                </Control>
                <Control Class="Button" Base="CRB_Basekit:kitBtn_Metal_MediumBlue" Font="CRB_InterfaceSmall" ButtonType="PushButton" RadioGroup="" LAnchorPoint="1" LAnchorOffset="-161" TAnchorPoint="0" TAnchorOffset="-7" RAnchorPoint="1" RAnchorOffset="-3" BAnchorPoint="1" BAnchorOffset="8" DT_VCENTER="1" DT_CENTER="1" TooltipType="OnCursor" Name="UpgradeButton" BGColor="ffffffff" TextColor="ffffffff" TooltipColor="" NormalTextColor="ffffffff" PressedTextColor="ffffffff" FlybyTextColor="ffffffff" PressedFlybyTextColor="ffffffff" DisabledTextColor="ffffffff" HideInEditor="0" Visible="0" NoClip="1" TooltipFont="CRB_InterfaceSmall">
                    <Event Name="ButtonSignal" Function="OnUnlockCapBtn"/>
                </Control>
                <Control Class="Window" LAnchorPoint="1" LAnchorOffset="-144" TAnchorPoint="0" TAnchorOffset="0" RAnchorPoint="0" RAnchorOffset="751" BAnchorPoint="1" BAnchorOffset="0" RelativeToClient="1" Font="CRB_InterfaceSmall" Text="" Template="Default" TooltipType="OnCursor" Name="UpgradeLabel" BGColor="ffffffff" TextColor="UI_TextMetalBody" TooltipColor="" TextId="GuildPerks_UpgradeLabel" DT_VCENTER="1" IgnoreMouse="1" NewControlDepth="1"/>
                <Control Class="Window" LAnchorPoint="1" LAnchorOffset="-145" TAnchorPoint="0" TAnchorOffset="0" RAnchorPoint="1" RAnchorOffset="-22" BAnchorPoint="1" BAnchorOffset="0" RelativeToClient="1" Font="CRB_InterfaceSmall" Text="2000000" Template="Default" TooltipType="OnCursor" Name="UpgradeCost" BGColor="ffffffff" TextColor="UI_TextMetalBody" TooltipColor="" TextId="" DT_VCENTER="1" IgnoreMouse="1" DT_CENTER="0" DT_RIGHT="1" TooltipFont="CRB_InterfaceSmall"/>
            </Control>
            <Control Class="Window" LAnchorPoint="0" LAnchorOffset="12" TAnchorPoint="0" TAnchorOffset="159" RAnchorPoint="1" RAnchorOffset="-12" BAnchorPoint="0" BAnchorOffset="185" RelativeToClient="1" Font="Default" Text="" Template="Default" TooltipType="OnCursor" Name="TabDisplay" BGColor="ffffffff" TextColor="ffffffff" TooltipColor="" TooltipFont="CRB_InterfaceSmall" Visible="0" HideInEditor="1">
                <Control Class="Window" LAnchorPoint="0" LAnchorOffset="0" TAnchorPoint="0" TAnchorOffset="0" RAnchorPoint="0" RAnchorOffset="134" BAnchorPoint="1" BAnchorOffset="0" RelativeToClient="1" Font="CRB_InterfaceMedium" Text="" Template="Default" TooltipType="OnCursor" Name="Capr_Label" BGColor="ffffffff" TextColor="gray" TooltipColor="" Picture="0" IgnoreMouse="1" Sprite="" TextId="GuildPerks_UnlockedTabs" DT_VCENTER="1"/>
                <Control Class="Window" LAnchorPoint="0" LAnchorOffset="127" TAnchorPoint="0" TAnchorOffset="0" RAnchorPoint="1" RAnchorOffset="-173" BAnchorPoint="1" BAnchorOffset="0" RelativeToClient="1" Font="Default" Text="" Template="Default" TooltipType="OnCursor" Name="CapFraming" BGColor="ffffffff" TextColor="ffffffff" TooltipColor="" HideInEditor="0" Visible="1" TooltipFont="CRB_InterfaceSmall">
                    <Control Class="Window" LAnchorPoint="0" LAnchorOffset="10" TAnchorPoint="0" TAnchorOffset="1" RAnchorPoint=".166" RAnchorOffset="0" BAnchorPoint="1" BAnchorOffset="1" RelativeToClient="1" Font="CRB_InterfaceSmall" Text="" Template="Default" TooltipType="OnCursor" Name="CapContainer0" BGColor="ffffffff" TextColor="UI_BtnTextHoloNormal" TooltipColor="" Sprite="CRB_Basekit:kitBtn_Holo_DatachronOptionDisabled" TextId="CRB_0" Picture="1" IgnoreMouse="1" DT_CENTER="1" DT_VCENTER="1"/>
                    <Control Class="Window" LAnchorPoint=".166" LAnchorOffset="0" TAnchorPoint="0" TAnchorOffset="1" RAnchorPoint=".332" RAnchorOffset="0" BAnchorPoint="1" BAnchorOffset="1" RelativeToClient="1" Font="CRB_InterfaceSmall" Text="" Template="Default" TooltipType="OnCursor" Name="CapContainer1" BGColor="ffffffff" TextColor="UI_BtnTextHoloNormal" TooltipColor="" Picture="1" IgnoreMouse="1" Sprite="CRB_Basekit:kitBtn_Holo_DatachronOptionDisabled" DT_VCENTER="1" DT_CENTER="1" TextId="CRB_1"/>
                    <Control Class="Window" LAnchorPoint=".332" LAnchorOffset="0" TAnchorPoint="0" TAnchorOffset="1" RAnchorPoint=".498" RAnchorOffset="0" BAnchorPoint="1" BAnchorOffset="1" RelativeToClient="1" Font="CRB_InterfaceSmall" Text="" Template="Default" TooltipType="OnCursor" Name="CapContainer2" BGColor="ffffffff" TextColor="UI_BtnTextHoloNormal" TooltipColor="" Picture="1" IgnoreMouse="1" Sprite="CRB_Basekit:kitBtn_Holo_DatachronOptionDisabled" DT_VCENTER="1" DT_CENTER="1" TextId="CRB_2"/>
                    <Control Class="Window" LAnchorPoint=".498" LAnchorOffset="0" TAnchorPoint="0" TAnchorOffset="2" RAnchorPoint=".664" RAnchorOffset="0" BAnchorPoint="1" BAnchorOffset="2" RelativeToClient="1" Font="CRB_InterfaceSmall" Text="" Template="Default" TooltipType="OnCursor" Name="CapContainer3" BGColor="ffffffff" TextColor="UI_BtnTextHoloNormal" TooltipColor="" Picture="1" IgnoreMouse="1" Sprite="CRB_Basekit:kitBtn_Holo_DatachronOptionDisabled" DT_VCENTER="1" DT_CENTER="1" TextId="CRB_3"/>
                    <Control Class="Window" LAnchorPoint=".664" LAnchorOffset="0" TAnchorPoint="0" TAnchorOffset="1" RAnchorPoint=".830" RAnchorOffset="0" BAnchorPoint="1" BAnchorOffset="1" RelativeToClient="1" Font="CRB_InterfaceSmall" Text="" Template="Default" TooltipType="OnCursor" Name="CapContainer4" BGColor="ffffffff" TextColor="UI_BtnTextHoloNormal" TooltipColor="" Picture="1" IgnoreMouse="1" Sprite="CRB_Basekit:kitBtn_Holo_DatachronOptionDisabled" DT_VCENTER="1" DT_CENTER="1" TextId="CRB_4"/>
                    <Control Class="Window" LAnchorPoint=".830" LAnchorOffset="0" TAnchorPoint="0" TAnchorOffset="1" RAnchorPoint="1" RAnchorOffset="0" BAnchorPoint="1" BAnchorOffset="1" RelativeToClient="1" Font="CRB_InterfaceSmall" Text="" Template="Default" TooltipType="OnCursor" Name="CapContainer5" BGColor="ffffffff" TextColor="UI_BtnTextHoloNormal" TooltipColor="" Picture="1" IgnoreMouse="1" Sprite="CRB_Basekit:kitBtn_Holo_DatachronOptionDisabled" DT_VCENTER="1" DT_CENTER="1" TextId="CRB_5"/>
                    <Control Class="Window" LAnchorPoint="0" LAnchorOffset="0" TAnchorPoint="0" TAnchorOffset="-8" RAnchorPoint="0" RAnchorOffset="465" BAnchorPoint="1" BAnchorOffset="8" RelativeToClient="1" Font="Default" Text="" Template="Default" TooltipType="OnCursor" Name="CapBorder" BGColor="ffffffff" TextColor="ffffffff" TooltipColor="" Border="0" IgnoreMouse="1" Sprite="CRB_Basekit:kitInnerFrame_MetalGrey_Small" Picture="1" NoClip="1" HideInEditor="0" NewControlDepth="1" TooltipFont="CRB_InterfaceSmall"/>
                    <Control Class="Window" LAnchorPoint="1" LAnchorOffset="-164" TAnchorPoint="0" TAnchorOffset="-8" RAnchorPoint="1" RAnchorOffset="0" BAnchorPoint="1" BAnchorOffset="8" RelativeToClient="1" Font="Default" Text="" Template="Default" TooltipType="OnCursor" Name="CapBorderCost" BGColor="ffffffff" TextColor="ffffffff" TooltipColor="" Border="0" IgnoreMouse="1" Sprite="" Picture="1" NoClip="1"/>
                </Control>
                <Control Class="Button" Base="CRB_Basekit:kitBtn_Metal_MediumBlue" Font="Thick" ButtonType="PushButton" RadioGroup="" LAnchorPoint="1" LAnchorOffset="-162" TAnchorPoint="0" TAnchorOffset="-7" RAnchorPoint="1" RAnchorOffset="-4" BAnchorPoint="1" BAnchorOffset="8" DT_VCENTER="1" DT_CENTER="1" TooltipType="OnCursor" Name="UpgradeButton" BGColor="ffffffff" TextColor="ffffffff" TooltipColor="" NormalTextColor="ffffffff" PressedTextColor="ffffffff" FlybyTextColor="ffffffff" PressedFlybyTextColor="ffffffff" DisabledTextColor="ffffffff" HideInEditor="0" NoClip="1" TooltipFont="CRB_InterfaceSmall">
                    <Event Name="ButtonSignal" Function="OnUnlockTabBtn"/>
                </Control>
                <Control Class="Window" LAnchorPoint="1" LAnchorOffset="-144" TAnchorPoint="0" TAnchorOffset="0" RAnchorPoint="1" RAnchorOffset="1" BAnchorPoint="1" BAnchorOffset="0" RelativeToClient="1" Font="CRB_InterfaceSmall" Text="" Template="Default" TooltipType="OnCursor" Name="UpgradeLabel" BGColor="ffffffff" TextColor="UI_TextMetalBody" TooltipColor="" TextId="GuildPerks_UpgradeLabel" DT_VCENTER="1" IgnoreMouse="1" NewControlDepth="1" HideInEditor="0" TooltipFont="CRB_InterfaceSmall"/>
                <Control Class="Window" LAnchorPoint="1" LAnchorOffset="-145" TAnchorPoint="0" TAnchorOffset="0" RAnchorPoint="1" RAnchorOffset="-22" BAnchorPoint="1" BAnchorOffset="0" RelativeToClient="1" Font="CRB_InterfaceSmall" Text="2000000" Template="Default" TooltipType="OnCursor" Name="UpgradeCost" BGColor="ffffffff" TextColor="UI_TextMetalBody" TooltipColor="" TextId="" DT_VCENTER="1" IgnoreMouse="1" DT_CENTER="0" DT_RIGHT="1" HideInEditor="0" TooltipFont="CRB_InterfaceSmall"/>
            </Control>
        </Control>
        <Control Class="Window" LAnchorPoint="0" LAnchorOffset="10" TAnchorPoint="0" TAnchorOffset="78" RAnchorPoint="1" RAnchorOffset="-10" BAnchorPoint="1" BAnchorOffset="-12" RelativeToClient="1" Font="Default" Text="" Template="Holo_ScrollList" TooltipType="OnCursor" Name="TierContainer" BGColor="ffffffff" TextColor="ffffffff" TooltipColor="" VScroll="1" IgnoreMouse="1" Picture="1" Sprite="" NewControlDepth="1" Border="1" UseTemplateBG="1"/>
        <Control Class="Window" LAnchorPoint="0" LAnchorOffset="10" TAnchorPoint="0" TAnchorOffset="78" RAnchorPoint="1" RAnchorOffset="-10" BAnchorPoint="1" BAnchorOffset="-12" RelativeToClient="1" Font="Default" Text="" Template="CRB_Scroll_MetalLarge" TooltipType="OnCursor" Name="MoreInfoOverlayContainer" BGColor="ffffffff" TextColor="ffffffff" TooltipColor="" IgnoreMouse="1" Picture="0" Sprite="whitefill" VScroll="0" HideInEditor="0" NewControlDepth="1"/>
        <Control Class="Window" LAnchorPoint="0" LAnchorOffset="0" TAnchorPoint="0" TAnchorOffset="0" RAnchorPoint="1" RAnchorOffset="0" BAnchorPoint="1" BAnchorOffset="0" RelativeToClient="1" Font="Default" Text="" Template="Default" TooltipType="OnCursor" Name="ConfirmOverlay" BGColor="UI_AlphaPercent90" TextColor="ffffffff" TooltipColor="" IgnoreMouse="0" TransitionShowHide="1" HideInEditor="1" Sprite="BK3:UI_BK3_Metal_Framing_BlockerFull" NewWindowDepth="1" Picture="1" Overlapped="1" SwallowMouseClicks="1" Sizable="1" Visible="0">
            <Control Class="Window" LAnchorPoint=".5" LAnchorOffset="-201" TAnchorPoint=".5" TAnchorOffset="-116" RAnchorPoint=".5" RAnchorOffset="199" BAnchorPoint=".5" BAnchorOffset="71" RelativeToClient="1" Font="Default" Text="" Template="Default" TooltipType="OnCursor" Name="ConfirmSpendingWindow" Border="0" Picture="1" SwallowMouseClicks="1" Moveable="0" Escapable="0" Overlapped="0" BGColor="ffffffff" TextColor="ffffffff" TooltipColor="" Sprite="BK3:sprHolo_Alert_Confirm">
                <Control Class="Window" LAnchorPoint="0" LAnchorOffset="55" TAnchorPoint="0" TAnchorOffset="31" RAnchorPoint="1" RAnchorOffset="-55" BAnchorPoint="0" BAnchorOffset="92" RelativeToClient="1" Font="CRB_HeaderMedium" Text="" Template="Default" TooltipType="OnCursor" Name="TitleText" BGColor="ffffffff" TextColor="UI_WindowTitleYellow" TooltipColor="" DT_VCENTER="1" DT_CENTER="1" TextId="GuildPerk_ConfirmPurchaseTitle" DT_WORDBREAK="1" IgnoreMouse="1" NoClip="1"/>
                <Control Class="Window" LAnchorPoint="0" LAnchorOffset="0" TAnchorPoint="1" TAnchorOffset="-72" RAnchorPoint="1" RAnchorOffset="0" BAnchorPoint="1" BAnchorOffset="-52" RelativeToClient="1" Font="CRB_InterfaceMedium_B" Text="" Template="Default" TooltipType="OnCursor" Name="AreYouSureText" BGColor="ffffffff" TextColor="white" TooltipColor="" DT_VCENTER="0" DT_CENTER="1" TextId="Bank_BuyConfirm" DT_WORDBREAK="1" Visible="0" HideInEditor="1"/>
                <Control Class="Button" Base="BK3:btnHolo_Blue_Med" Font="CRB_Button" ButtonType="PushButton" RadioGroup="" LAnchorPoint="0" LAnchorOffset="88" TAnchorPoint="1" TAnchorOffset="-93" RAnchorPoint=".5" RAnchorOffset="-2" BAnchorPoint="1" BAnchorOffset="-20" DT_VCENTER="1" DT_CENTER="1" TooltipType="OnCursor" Name="ConfirmBuyBtn" BGColor="ffffffff" TextColor="ffffffff" TooltipColor="" NormalTextColor="UI_BtnTextHoloNormal" PressedTextColor="UI_BtnTextHoloPressed" FlybyTextColor="UI_BtnTextHoloFlyby" PressedFlybyTextColor="UI_BtnTextHoloPressedFlyby" DisabledTextColor="UI_BtnTextHoloDisabled" Text="" TextId="CRB_Yes">
                    <Event Name="ButtonSignal" Function="ApproveConfirmBtn"/>
                </Control>
                <Control Class="Button" Base="BK3:btnHolo_Red_Med" Font="CRB_Button" ButtonType="PushButton" RadioGroup="" LAnchorPoint=".5" LAnchorOffset="2" TAnchorPoint="1" TAnchorOffset="-93" RAnchorPoint="1" RAnchorOffset="-88" BAnchorPoint="1" BAnchorOffset="-20" DT_VCENTER="1" DT_CENTER="1" TooltipType="OnCursor" Name="CancelBuyBtn" BGColor="ffffffff" TextColor="ffffffff" TooltipColor="" NormalTextColor="UI_BtnTextRedNormal" PressedTextColor="UI_BtnTextRedPressed" FlybyTextColor="UI_BtnTextRedFlyby" PressedFlybyTextColor="UI_BtnTextRedPressedFlyby" DisabledTextColor="UI_BtnTextRedDisabled" Text="" TextId="CRB_No">
                    <Event Name="ButtonSignal" Function="CancelConfirmBtn"/>
                </Control>
                <Control Class="Button" Base="BK3:btnHolo_Blue_Med" Font="CRB_Button" ButtonType="PushButton" RadioGroup="" LAnchorPoint="0" LAnchorOffset="88" TAnchorPoint="1" TAnchorOffset="-93" RAnchorPoint=".5" RAnchorOffset="-2" BAnchorPoint="1" BAnchorOffset="-20" DT_VCENTER="1" DT_CENTER="1" TooltipType="OnCursor" Name="ConfirmActivateBtn" BGColor="ffffffff" TextColor="ffffffff" TooltipColor="" NormalTextColor="UI_BtnTextHoloNormal" PressedTextColor="UI_BtnTextHoloPressed" FlybyTextColor="UI_BtnTextHoloFlyby" PressedFlybyTextColor="UI_BtnTextHoloPressedFlyby" DisabledTextColor="UI_BtnTextHoloDisabled" Text="" TextId="CRB_Yes">
                    <Event Name="ButtonSignal" Function="ApproveActivateBtn"/>
                </Control>
            </Control>
        </Control>
        <Pixie LAnchorPoint="0" LAnchorOffset="-2" TAnchorPoint="0" TAnchorOffset="0" RAnchorPoint="1" RAnchorOffset="4" BAnchorPoint="0" BAnchorOffset="70" BGColor="ffffffff" Font="Default" TextColor="ffffffff" Text="" Sprite="BK3:UI_BK3_Metal_Inset_Block2" Line="0"/>
    </Form>
    <Form Class="Window" LAnchorPoint="0" LAnchorOffset="0" TAnchorPoint="0" TAnchorOffset="0" RAnchorPoint="1" RAnchorOffset="-20" BAnchorPoint="0" BAnchorOffset="102" RelativeToClient="0" Font="Default" Text="" Template="Default" TooltipType="OnCursor" Name="TierContainerForm" Border="0" Picture="1" SwallowMouseClicks="1" Moveable="0" Escapable="0" Overlapped="0" BGColor="ffffffff" TextColor="ffffffff" TooltipColor="" Tooltip="" Sprite="">
        <Control Class="Window" LAnchorPoint="0" LAnchorOffset="0" TAnchorPoint="0" TAnchorOffset="0" RAnchorPoint="1" RAnchorOffset="0" BAnchorPoint="1" BAnchorOffset="-2" RelativeToClient="1" Font="Default" Text="" Template="Default" TooltipType="OnCursor" Name="TierBGArt" BGColor="ffffffff" TextColor="ffffffff" TooltipColor="" Picture="1" IgnoreMouse="1" Sprite="" Visible="1" HideInEditor="0">
            <Control Class="Window" LAnchorPoint="0" LAnchorOffset="80" TAnchorPoint="0" TAnchorOffset="6" RAnchorPoint="1" RAnchorOffset="-6" BAnchorPoint="1" BAnchorOffset="-3" RelativeToClient="1" Font="Default" Text="" Template="Default" TooltipType="OnCursor" Name="TierBGArt_RightBack" BGColor="ffffffff" TextColor="ffffffff" TooltipColor="" Picture="1" IgnoreMouse="1" Sprite="BK3:UI_BK3_Holo_InsetSimple" Visible="1" HideInEditor="0"/>
            <Control Class="Window" LAnchorPoint="0" LAnchorOffset="6" TAnchorPoint="0" TAnchorOffset="6" RAnchorPoint="0" RAnchorOffset="76" BAnchorPoint="1" BAnchorOffset="-3" RelativeToClient="1" Font="Default" Text="" Template="Default" TooltipType="OnCursor" Name="TierBGArt_LeftBack" BGColor="ffffffff" TextColor="ffffffff" TooltipColor="" Picture="1" IgnoreMouse="1" Sprite="BK3:UI_BK3_Holo_InsetSimple" Visible="1" HideInEditor="1" NoClip="0"/>
            <Control Class="Window" LAnchorPoint="0" LAnchorOffset="6" TAnchorPoint="0" TAnchorOffset="6" RAnchorPoint="0" RAnchorOffset="76" BAnchorPoint="1" BAnchorOffset="-31" RelativeToClient="1" Font="Default" Text="" Template="Default" TooltipType="OnCursor" Name="TierBGArt_LeftBackNext" BGColor="gray" TextColor="ffffffff" TooltipColor="" Picture="1" IgnoreMouse="1" Sprite="BK3:UI_BK3_Holo_InsetSimple" Visible="1" HideInEditor="0" NoClip="0"/>
        </Control>
        <Control Class="Window" LAnchorPoint="0" LAnchorOffset="4" TAnchorPoint="0" TAnchorOffset="-1" RAnchorPoint="0" RAnchorOffset="78" BAnchorPoint="1" BAnchorOffset="-4" RelativeToClient="1" Font="Default" Text="" Template="Default" TooltipType="OnCursor" Name="LeftContainer" BGColor="ffffffff" TextColor="ffffffff" TooltipColor="" DT_VCENTER="1" DT_CENTER="1" DT_WORDBREAK="1">
            <Control Class="Window" LAnchorPoint="0" LAnchorOffset="0" TAnchorPoint="0" TAnchorOffset="10" RAnchorPoint="1" RAnchorOffset="0" BAnchorPoint="0" BAnchorOffset="33" RelativeToClient="1" Font="CRB_HeaderSmall" Text="" Template="Default" TooltipType="OnCursor" Name="TierLabel" BGColor="ffffffff" TextColor="UI_TextHoloTitle" TooltipColor="" TextId="GuildPerk_Tierlabel" DT_CENTER="1" DT_VCENTER="0" DT_BOTTOM="1"/>
            <Control Class="Window" LAnchorPoint="0" LAnchorOffset="3" TAnchorPoint="0" TAnchorOffset="41" RAnchorPoint="1" RAnchorOffset="-4" BAnchorPoint="1" BAnchorOffset="-35" RelativeToClient="1" Font="CRB_HeaderHuge" Text="" Template="Default" TooltipType="OnCursor" Name="TierIndexLabel" BGColor="ffffffff" TextColor="UI_TextHoloTitle" TooltipColor="" TextId="GuildPerk_Tierlabel" DT_CENTER="1" DT_VCENTER="0"/>
            <Control Class="Window" LAnchorPoint="0" LAnchorOffset="-1" TAnchorPoint="0" TAnchorOffset="30" RAnchorPoint="1" RAnchorOffset="1" BAnchorPoint="0" BAnchorOffset="53" RelativeToClient="1" Font="CRB_InterfaceSmall" Text="" Template="Default" TooltipType="OnCursor" Name="TierCost" BGColor="ffffffff" TextColor="ffffffff" TooltipColor="" TextId="GuildPerk_Tierlabel" DT_CENTER="1" DT_VCENTER="0" DT_BOTTOM="0"/>
            <Control Class="Window" LAnchorPoint="0" LAnchorOffset="0" TAnchorPoint="1" TAnchorOffset="-20" RAnchorPoint="1" RAnchorOffset="0" BAnchorPoint="1" BAnchorOffset="0" RelativeToClient="1" Font="Default" Text="" Template="Default" TooltipType="OnCursor" Name="TierArrangeBuffer" BGColor="ffffffff" TextColor="ffffffff" TooltipColor="" DT_CENTER="1" DT_BOTTOM="0" DT_VCENTER="1"/>
        </Control>
        <Control Class="Window" LAnchorPoint="0" LAnchorOffset="86" TAnchorPoint="0" TAnchorOffset="5" RAnchorPoint="1" RAnchorOffset="-19" BAnchorPoint="1" BAnchorOffset="-7" RelativeToClient="0" Font="Default" Text="" Template="Default" TooltipType="OnCursor" Name="PerkList" BGColor="ffffffff" TextColor="ffffffff" TooltipColor="" DT_VCENTER="1" DT_CENTER="1" Tooltip="" Sizable="0" IgnoreMouse="1" HideInEditor="1"/>
        <Control Class="Button" Base="BK3:btnHolo_Blue_Small" Font="CRB_Button" ButtonType="PushButton" RadioGroup="" LAnchorPoint="0" LAnchorOffset="1" TAnchorPoint="1" TAnchorOffset="-44" RAnchorPoint="0" RAnchorOffset="81" BAnchorPoint="1" BAnchorOffset="7" DT_VCENTER="1" DT_CENTER="1" TooltipType="OnCursor" Name="TierUnlockBtn" BGColor="ffffffff" TextColor="ffffffff" TooltipColor="" NormalTextColor="UI_BtnTextBlueNormal" PressedTextColor="UI_BtnTextBluePressed" FlybyTextColor="UI_BtnTextBlueFlyby" PressedFlybyTextColor="UI_BtnTextBluePressedFlyby" DisabledTextColor="UI_BtnTextBlueDisabled" Text="" TextId="GuildPerk_Unlock" HideInEditor="0" NoClip="0">
            <Event Name="ButtonSignal" Function="OnUnlockTierBtn"/>
        </Control>
        <Pixie LAnchorPoint="0" LAnchorOffset="1" TAnchorPoint="0" TAnchorOffset="1" RAnchorPoint="1" RAnchorOffset="-1" BAnchorPoint="1" BAnchorOffset="-1" Sprite="BK3:UI_BK3_Holo_InsetSimple" BGColor="white" TextColor="black" Rotation="0" Font="Default" Text=""/>
    </Form>
    <Form Class="Window" LAnchorPoint="0" LAnchorOffset="11" TAnchorPoint="0" TAnchorOffset="15" RAnchorPoint="0" RAnchorOffset="171" BAnchorPoint="0" BAnchorOffset="81" RelativeToClient="0" Font="Default" Text="" Template="Default" TooltipType="OnCursor" Name="IndividualPerkEntry" Border="0" Picture="1" SwallowMouseClicks="1" Moveable="0" Escapable="0" Overlapped="0" BGColor="ffffffff" TextColor="ffffffff" TooltipColor="" IgnoreMouse="1">
        <Control Class="Window" LAnchorPoint="0" LAnchorOffset="4" TAnchorPoint="0" TAnchorOffset="0" RAnchorPoint="1" RAnchorOffset="-4" BAnchorPoint="1" BAnchorOffset="0" RelativeToClient="1" Font="Default" Text="" Template="Default" TooltipType="OnCursor" Name="ButtonAssets" BGColor="ffffffff" TextColor="ffffffff" TooltipColor="" HideInEditor="0">
            <Control Class="Window" LAnchorPoint="0" LAnchorOffset="0" TAnchorPoint="0" TAnchorOffset="0" RAnchorPoint="1" RAnchorOffset="0" BAnchorPoint="1" BAnchorOffset="0" RelativeToClient="1" Font="Default" Text="" Template="Default" TooltipType="OnCursor" Name="BGArtTierOpen" BGColor="ffffffff" TextColor="ffffffff" TooltipColor="" Picture="1" IgnoreMouse="1" Sprite="BK3:UI_BK3_Holo_InsetFramed" UseParentOpacity="1" HideInEditor="1">
                <Control Class="Window" LAnchorPoint="0" LAnchorOffset="10" TAnchorPoint="0" TAnchorOffset="10" RAnchorPoint="0" RAnchorOffset="56" BAnchorPoint="1" BAnchorOffset="-10" RelativeToClient="1" Font="Default" Text="" Template="Default" TooltipType="OnCursor" Name="IconFraming" BGColor="ffffffff" TextColor="ffffffff" TooltipColor="" Picture="1" IgnoreMouse="1" UseParentOpacity="1" Sprite="BK3:UI_BK3_Holo_InsetSimple" NewControlDepth="1"/>
            </Control>
            <Control Class="Window" LAnchorPoint="0" LAnchorOffset="0" TAnchorPoint="0" TAnchorOffset="0" RAnchorPoint="1" RAnchorOffset="0" BAnchorPoint="1" BAnchorOffset="0" RelativeToClient="1" Font="Default" Text="" Template="Default" TooltipType="OnCursor" Name="BGArtTierClosed" BGColor="ff7f7f7f" TextColor="ffffffff" TooltipColor="" Picture="1" IgnoreMouse="1" Sprite="BK3:UI_BK3_Holo_InsetFramed" UseParentOpacity="1" HideInEditor="0">
                <Control Class="Window" LAnchorPoint="0" LAnchorOffset="10" TAnchorPoint="0" TAnchorOffset="10" RAnchorPoint="0" RAnchorOffset="56" BAnchorPoint="1" BAnchorOffset="-10" RelativeToClient="1" Font="Default" Text="" Template="Default" TooltipType="OnCursor" Name="IconFraming" BGColor="darkgray" TextColor="ffffffff" TooltipColor="" Picture="1" IgnoreMouse="1" UseParentOpacity="1" Sprite="BK3:UI_BK3_Holo_InsetSimple" HideInEditor="0"/>
            </Control>
            <Control Class="Button" LAnchorPoint="0" LAnchorOffset="61" TAnchorPoint="1" TAnchorOffset="-49" RAnchorPoint="1" RAnchorOffset="-5" BAnchorPoint="1" BAnchorOffset="4" RelativeToClient="1" Font="CRB_InterfaceSmall" Text="" Template="Default" TooltipType="OnCursor" Name="UnlockBtn" BGColor="ffffffff" TextColor="ffffffff" TooltipColor="" NormalTextColor="UI_BtnTextBlueNormal" PressedTextColor="UI_BtnTextBluePressed" FlybyTextColor="UI_BtnTextBlueFlyby" PressedFlybyTextColor="UI_BtnTextBluePressedFlyby" DisabledTextColor="UI_BtnTextBlueDisabled" Base="BK3:btnHolo_Blue_Small" TextId="GuildPerk_Unlock" DT_VCENTER="1" DT_CENTER="1" IgnoreMouse="0" HideInEditor="0">
                <Event Name="ButtonSignal" Function="OnUnlockBtn"/>
            </Control>
            <Control Class="Window" LAnchorPoint="0" LAnchorOffset="60" TAnchorPoint="0" TAnchorOffset="7" RAnchorPoint="0" RAnchorOffset="147" BAnchorPoint="1" BAnchorOffset="-40" RelativeToClient="1" Font="CRB_HeaderTiny" Text="1000000" Template="Default" TooltipType="OnCursor" Name="UnlockCost" BGColor="ffffffff" TextColor="ffffffff" TooltipColor="" Picture="0" IgnoreMouse="1" DT_CENTER="1" UseParentOpacity="1" TextId="" DT_VCENTER="1"/>
            <Control Class="Window" LAnchorPoint="0" LAnchorOffset="10" TAnchorPoint="0" TAnchorOffset="10" RAnchorPoint="1" RAnchorOffset="-97" BAnchorPoint="0" BAnchorOffset="55" RelativeToClient="1" Font="Default" Text="" Template="Default" TooltipType="OnCursor" Name="Icon" BGColor="99ffffff" TextColor="ffffffff" TooltipColor="" Picture="1" IgnoreMouse="1" UseParentOpacity="1" NewControlDepth="2" HideInEditor="0"/>
            <Control Class="Window" LAnchorPoint="0" LAnchorOffset="22" TAnchorPoint="0" TAnchorOffset="12" RAnchorPoint="0" RAnchorOffset="84" BAnchorPoint="0" BAnchorOffset="74" RelativeToClient="1" Font="Default" Text="" Template="Default" TooltipType="OnCursor" Name="LockOverlay" BGColor="" TextColor="ffffffff" TooltipColor="" Picture="1" IgnoreMouse="1" Sprite="" UseParentOpacity="1" HideInEditor="0">
                <Control Class="Window" LAnchorPoint="0" LAnchorOffset="1" TAnchorPoint="0" TAnchorOffset="0" RAnchorPoint="1" RAnchorOffset="1" BAnchorPoint="1" BAnchorOffset="0" RelativeToClient="1" Font="Default" Text="" Template="Default" TooltipType="OnCursor" Name="LockOverlayIcon" BGColor="ffffffff" TextColor="ffffffff" TooltipColor="" Picture="1" IgnoreMouse="1" Sprite="CRB_Tradeskills:sprSchemLockMarkExpandable" UseParentOpacity="1"/>
            </Control>
            <Control Class="Button" LAnchorPoint="0" LAnchorOffset="61" TAnchorPoint="1" TAnchorOffset="-49" RAnchorPoint="1" RAnchorOffset="-5" BAnchorPoint="1" BAnchorOffset="4" RelativeToClient="1" Font="CRB_Button" Text="" Template="Default" TooltipType="OnCursor" Name="ActivateBtn" BGColor="ffffffff" TextColor="ffffffff" TooltipColor="" NormalTextColor="UI_BtnTextBlueNormal" PressedTextColor="UI_BtnTextBluePressed" FlybyTextColor="UI_BtnTextBlueFlyby" PressedFlybyTextColor="UI_BtnTextBluePressedFlyby" DisabledTextColor="UI_BtnTextBlueDisabled" Base="BK3:btnHolo_Blue_Small" TextId="ActivationPrompt_Activate" DT_VCENTER="1" DT_CENTER="1" IgnoreMouse="0">
                <Event Name="ButtonSignal" Function="OnActivateBtn"/>
            </Control>
            <Control Class="Window" LAnchorPoint="0" LAnchorOffset="43" TAnchorPoint="0" TAnchorOffset="34" RAnchorPoint="0" RAnchorOffset="67" BAnchorPoint="0" BAnchorOffset="58" RelativeToClient="1" Font="Default" Text="" Template="Default" TooltipType="OnCursor" Name="ActivateFrame" BGColor="ffffffff" TextColor="ffffffff" TooltipColor="" Picture="1" IgnoreMouse="1" Sprite="ActionSetBuilder_TEMP:spr_TEMP_ActionSetCircle" NewControlDepth="3" HideInEditor="0">
                <Control Class="Window" LAnchorPoint="0" LAnchorOffset="3" TAnchorPoint="0" TAnchorOffset="3" RAnchorPoint="1" RAnchorOffset="-3" BAnchorPoint="1" BAnchorOffset="-3" RelativeToClient="1" Font="Default" Text="" Template="Default" TooltipType="OnCursor" Name="Activate_Inop" BGColor="ffffffff" TextColor="ffffffff" TooltipColor="" Picture="1" IgnoreMouse="1" Sprite="ClientSprites:LootCloseBox"/>
                <Control Class="Window" LAnchorPoint="0" LAnchorOffset="0" TAnchorPoint="0" TAnchorOffset="0" RAnchorPoint="1" RAnchorOffset="0" BAnchorPoint="1" BAnchorOffset="0" RelativeToClient="1" Font="Default" Text="" Template="Default" TooltipType="OnCursor" Name="Activate_Running" BGColor="ffffffff" TextColor="ffffffff" TooltipColor="" Picture="1" IgnoreMouse="1" Sprite="CRB_Anim_Spinner:sprAnim_SpinnerSmall">
                    <Control Class="Window" LAnchorPoint="0" LAnchorOffset="-2" TAnchorPoint="0" TAnchorOffset="-4" RAnchorPoint="1" RAnchorOffset="2" BAnchorPoint="1" BAnchorOffset="2" RelativeToClient="1" Font="Default" Text="" Template="Default" TooltipType="OnCursor" Name="ActivateRunningCheck" BGColor="ffffffff" TextColor="ffffffff" TooltipColor="" Sprite="CRB_DialogSprites:sprDialog_Icon_Check" Picture="1" IgnoreMouse="1"/>
                </Control>
            </Control>
        </Control>
        <Control Class="Window" LAnchorPoint="0" LAnchorOffset="4" TAnchorPoint="0" TAnchorOffset="0" RAnchorPoint="1" RAnchorOffset="-4" BAnchorPoint="1" BAnchorOffset="0" RelativeToClient="1" Font="Default" Text="" Template="Default" TooltipType="OnCursor" Name="NoButtonAssets" BGColor="ffffffff" TextColor="ffffffff" TooltipColor="" HideInEditor="0">
            <Control Class="Window" LAnchorPoint="0" LAnchorOffset="0" TAnchorPoint="0" TAnchorOffset="0" RAnchorPoint="1" RAnchorOffset="0" BAnchorPoint="1" BAnchorOffset="0" RelativeToClient="1" Font="Default" Text="" Template="Default" TooltipType="OnCursor" Name="BGArtTierOpen" BGColor="ffffffff" TextColor="ffffffff" TooltipColor="" Picture="1" IgnoreMouse="1" Sprite="BK3:UI_BK3_Holo_InsetFramed" UseParentOpacity="1" HideInEditor="0" Visible="1">
                <Control Class="Window" LAnchorPoint="0" LAnchorOffset="10" TAnchorPoint="0" TAnchorOffset="10" RAnchorPoint="0" RAnchorOffset="56" BAnchorPoint="1" BAnchorOffset="-10" RelativeToClient="1" Font="Default" Text="" Template="Default" TooltipType="OnCursor" Name="IconFraming" BGColor="ffffffff" TextColor="ffffffff" TooltipColor="" Picture="1" IgnoreMouse="1" UseParentOpacity="1" Sprite="BK3:UI_BK3_Holo_InsetSimple"/>
                <Control Class="Window" LAnchorPoint="0" LAnchorOffset="10" TAnchorPoint="0" TAnchorOffset="10" RAnchorPoint="1" RAnchorOffset="-97" BAnchorPoint="0" BAnchorOffset="55" RelativeToClient="1" Font="Default" Text="" Template="Default" TooltipType="OnCursor" Name="Icon" BGColor="ffffffff" TextColor="ffffffff" TooltipColor="" Picture="1" IgnoreMouse="1" UseParentOpacity="1"/>
            </Control>
            <Control Class="Window" LAnchorPoint="0" LAnchorOffset="0" TAnchorPoint="0" TAnchorOffset="0" RAnchorPoint="1" RAnchorOffset="0" BAnchorPoint="1" BAnchorOffset="0" RelativeToClient="1" Font="Default" Text="" Template="Default" TooltipType="OnCursor" Name="BGArtTierClosed" BGColor="ff7f7f7f" TextColor="ffffffff" TooltipColor="" Picture="1" IgnoreMouse="1" Sprite="BK3:UI_BK3_Holo_InsetFramed" UseParentOpacity="1" HideInEditor="0" Visible="1">
                <Control Class="Window" LAnchorPoint="0" LAnchorOffset="10" TAnchorPoint="0" TAnchorOffset="10" RAnchorPoint="0" RAnchorOffset="56" BAnchorPoint="1" BAnchorOffset="-10" RelativeToClient="1" Font="Default" Text="" Template="Default" TooltipType="OnCursor" Name="IconFraming" BGColor="darkgray" TextColor="ffffffff" TooltipColor="" Picture="1" IgnoreMouse="1" UseParentOpacity="1" Sprite="BK3:UI_BK3_Holo_InsetSimple"/>
                <Control Class="Window" LAnchorPoint="0" LAnchorOffset="10" TAnchorPoint="0" TAnchorOffset="10" RAnchorPoint="1" RAnchorOffset="-97" BAnchorPoint="0" BAnchorOffset="55" RelativeToClient="1" Font="Default" Text="" Template="Default" TooltipType="OnCursor" Name="Icon" BGColor="vdarkgray" TextColor="ffffffff" TooltipColor="" Picture="1" IgnoreMouse="1" UseParentOpacity="1" Sprite="ClientSprites:Icon_Guild_UI_Guild_Hand"/>
            </Control>
            <Control Class="Window" LAnchorPoint="0" LAnchorOffset="57" TAnchorPoint="0" TAnchorOffset="7" RAnchorPoint="0" RAnchorOffset="144" BAnchorPoint="1" BAnchorOffset="-40" RelativeToClient="1" Font="CRB_HeaderTiny" Text="1000000" Template="Default" TooltipType="OnCursor" Name="UnlockCost" BGColor="ffffffff" TextColor="vdarkgray" TooltipColor="" Picture="0" IgnoreMouse="1" DT_CENTER="1" UseParentOpacity="1" TextId="" DT_VCENTER="1"/>
            <Control Class="Window" LAnchorPoint="0" LAnchorOffset="12" TAnchorPoint="0" TAnchorOffset="12" RAnchorPoint="0" RAnchorOffset="74" BAnchorPoint="0" BAnchorOffset="74" RelativeToClient="1" Font="Default" Text="" Template="Default" TooltipType="OnCursor" Name="LockOverlay" BGColor="ffffffff" TextColor="ffffffff" TooltipColor="" Picture="1" IgnoreMouse="1" Sprite="" UseParentOpacity="0">
                <Control Class="Window" LAnchorPoint="0" LAnchorOffset="11" TAnchorPoint="0" TAnchorOffset="0" RAnchorPoint="1" RAnchorOffset="11" BAnchorPoint="1" BAnchorOffset="0" RelativeToClient="1" Font="Default" Text="" Template="Default" TooltipType="OnCursor" Name="LockOverlayIcon" BGColor="ff646464" TextColor="ffcccccc" TooltipColor="" Picture="1" IgnoreMouse="1" Sprite="CRB_Tradeskills:sprSchemLockMarkExpandable" UseParentOpacity="0"/>
            </Control>
            <Control Class="Window" LAnchorPoint="0" LAnchorOffset="43" TAnchorPoint="0" TAnchorOffset="34" RAnchorPoint="0" RAnchorOffset="67" BAnchorPoint="0" BAnchorOffset="58" RelativeToClient="1" Font="Default" Text="" Template="Default" TooltipType="OnCursor" Name="ActivateFrame" BGColor="ffffffff" TextColor="ffffffff" TooltipColor="" Picture="1" IgnoreMouse="1" Sprite="ActionSetBuilder_TEMP:spr_TEMP_ActionSetCircle" HideInEditor="0">
                <Control Class="Window" LAnchorPoint="0" LAnchorOffset="3" TAnchorPoint="0" TAnchorOffset="3" RAnchorPoint="1" RAnchorOffset="-3" BAnchorPoint="1" BAnchorOffset="-3" RelativeToClient="1" Font="Default" Text="" Template="Default" TooltipType="OnCursor" Name="Activate_Inop" BGColor="ffffffff" TextColor="ffffffff" TooltipColor="" Picture="1" IgnoreMouse="1" Sprite="ClientSprites:LootCloseBox"/>
                <Control Class="Window" LAnchorPoint="0" LAnchorOffset="0" TAnchorPoint="0" TAnchorOffset="0" RAnchorPoint="1" RAnchorOffset="0" BAnchorPoint="1" BAnchorOffset="0" RelativeToClient="1" Font="Default" Text="" Template="Default" TooltipType="OnCursor" Name="Activate_Running" BGColor="ffffffff" TextColor="ffffffff" TooltipColor="" Picture="1" IgnoreMouse="1" Sprite="CRB_Anim_Spinner:sprAnim_SpinnerSmall">
                    <Control Class="Window" LAnchorPoint="0" LAnchorOffset="-2" TAnchorPoint="0" TAnchorOffset="-4" RAnchorPoint="1" RAnchorOffset="2" BAnchorPoint="1" BAnchorOffset="2" RelativeToClient="1" Font="Default" Text="" Template="Default" TooltipType="OnCursor" Name="ActivateRunningCheck" BGColor="ffffffff" TextColor="ffffffff" TooltipColor="" Sprite="CRB_DialogSprites:sprDialog_Icon_Check" Picture="1" IgnoreMouse="1"/>
                </Control>
            </Control>
        </Control>
        <Control Class="Window" LAnchorPoint="0" LAnchorOffset="4" TAnchorPoint="0" TAnchorOffset="0" RAnchorPoint="1" RAnchorOffset="-4" BAnchorPoint="1" BAnchorOffset="0" RelativeToClient="1" Font="Default" Text="" Template="Default" TooltipType="OnCursor" Name="MouseCatcher" BGColor="ffffffff" TextColor="ffffffff" TooltipColor="" IgnoreMouse="0" UseParentOpacity="0">
            <Event Name="MouseEnter" Function="OnEntryMouseEnter"/>
            <Event Name="MouseExit" Function="OnEntryMouseExit"/>
        </Control>
    </Form>
    <Form Class="Window" LAnchorPoint=".5" LAnchorOffset="-200" TAnchorPoint=".5" TAnchorOffset="-630" RAnchorPoint=".5" RAnchorOffset="200" BAnchorPoint=".5" BAnchorOffset="-452" RelativeToClient="1" Font="Default" Text="" Template="Default" TooltipType="OnCursor" Name="ConfirmSpendingWindow" Border="0" Picture="0" SwallowMouseClicks="1" Moveable="0" Escapable="0" Overlapped="0" BGColor="ffffffff" TextColor="ffffffff" TooltipColor="" HideInEditor="0">
        <Control Class="Window" LAnchorPoint="0" LAnchorOffset="0" TAnchorPoint="0" TAnchorOffset="0" RAnchorPoint="1" RAnchorOffset="0" BAnchorPoint="1" BAnchorOffset="0" RelativeToClient="1" Font="Default" Text="" Template="Default" TooltipType="OnCursor" Name="TopLeftRewardsArt" BGColor="ffffffff" TextColor="ffffffff" TooltipColor="" Sprite="BK3:sprHolo_Alert_Confirm" Picture="1" IgnoreMouse="1">
            <Control Class="Window" LAnchorPoint="0" LAnchorOffset="6" TAnchorPoint="0" TAnchorOffset="6" RAnchorPoint="1" RAnchorOffset="-6" BAnchorPoint="1" BAnchorOffset="-6" RelativeToClient="1" Font="Default" Text="" Template="CRB_Scroll_HoloSmall" TooltipType="OnCursor" Name="TopLeftRewardsContainer" BGColor="ffffffff" TextColor="ffffffff" TooltipColor="" VScroll="1" IgnoreMouse="1" AutoHideScroll="1" HideInEditor="0"/>
        </Control>
        <Control Class="Window" LAnchorPoint="0" LAnchorOffset="55" TAnchorPoint="0" TAnchorOffset="20" RAnchorPoint="1" RAnchorOffset="-55" BAnchorPoint="0" BAnchorOffset="94" RelativeToClient="1" Font="CRB_HeaderMedium" Text="" Template="Default" TooltipType="OnCursor" Name="TitleText" BGColor="ffffffff" TextColor="UI_WindowTitleYellow" TooltipColor="" DT_VCENTER="1" DT_CENTER="1" TextId="GuildPerk_ConfirmPurchaseTitle" DT_WORDBREAK="1" IgnoreMouse="1" NoClip="1"/>
        <Control Class="Window" LAnchorPoint="0" LAnchorOffset="10" TAnchorPoint="0" TAnchorOffset="52" RAnchorPoint="1" RAnchorOffset="-9" BAnchorPoint="0" BAnchorOffset="78" RelativeToClient="1" Font="CRB_InterfaceLarge" Text="" Template="Default" TooltipType="OnCursor" Name="AreYouSureText" BGColor="ffffffff" TextColor="white" TooltipColor="" DT_VCENTER="0" DT_CENTER="1" TextId="Bank_BuyConfirm" DT_WORDBREAK="1" Visible="0" HideInEditor="1"/>
        <Control Class="Button" Base="BK3:btnHolo_Blue_Med" Font="CRB_Button" ButtonType="PushButton" RadioGroup="" LAnchorPoint="0" LAnchorOffset="88" TAnchorPoint="1" TAnchorOffset="-94" RAnchorPoint=".5" RAnchorOffset="-2" BAnchorPoint="1" BAnchorOffset="-21" DT_VCENTER="1" DT_CENTER="1" TooltipType="OnCursor" Name="ConfirmBuyBtn" BGColor="ffffffff" TextColor="ffffffff" TooltipColor="" NormalTextColor="UI_BtnTextHoloNormal" PressedTextColor="UI_BtnTextHoloPressed" FlybyTextColor="UI_BtnTextHoloFlyby" PressedFlybyTextColor="UI_BtnTextHoloPressedFlyby" DisabledTextColor="UI_BtnTextHoloDisabled" Text="" TextId="CRB_Yes">
            <Event Name="ButtonSignal" Function="ApproveConfirmBtn"/>
        </Control>
        <Control Class="Button" Base="BK3:btnHolo_Red_Med" Font="CRB_Button" ButtonType="PushButton" RadioGroup="" LAnchorPoint=".5" LAnchorOffset="2" TAnchorPoint="1" TAnchorOffset="-94" RAnchorPoint="1" RAnchorOffset="-88" BAnchorPoint="1" BAnchorOffset="-21" DT_VCENTER="1" DT_CENTER="1" TooltipType="OnCursor" Name="CancelBuyBtn" BGColor="ffffffff" TextColor="ffffffff" TooltipColor="" NormalTextColor="UI_BtnTextRedNormal" PressedTextColor="UI_BtnTextRedPressed" FlybyTextColor="UI_BtnTextRedFlyby" PressedFlybyTextColor="UI_BtnTextRedPressedFlyby" DisabledTextColor="UI_BtnTextRedDisabled" Text="" TextId="CRB_No">
            <Event Name="ButtonSignal" Function="CancelConfirmBtn"/>
        </Control>
        <Control Class="Button" Base="BK3:btnHolo_Blue_Med" Font="CRB_Button" ButtonType="PushButton" RadioGroup="" LAnchorPoint="0" LAnchorOffset="88" TAnchorPoint="1" TAnchorOffset="-95" RAnchorPoint=".5" RAnchorOffset="-2" BAnchorPoint="1" BAnchorOffset="-22" DT_VCENTER="1" DT_CENTER="1" TooltipType="OnCursor" Name="ConfirmActivateBtn" BGColor="ffffffff" TextColor="ffffffff" TooltipColor="" NormalTextColor="UI_BtnTextHoloNormal" PressedTextColor="UI_BtnTextHoloPressed" FlybyTextColor="UI_BtnTextHoloFlyby" PressedFlybyTextColor="UI_BtnTextHoloPressedFlyby" DisabledTextColor="UI_BtnTextHoloDisabled" Text="" TextId="CRB_Yes">
            <Event Name="ButtonSignal" Function="ApproveActivateBtn"/>
        </Control>
    </Form>
    <Form Class="Window" LAnchorPoint="0" LAnchorOffset="0" TAnchorPoint="0" TAnchorOffset="8" RAnchorPoint="0" RAnchorOffset="320" BAnchorPoint="0" BAnchorOffset="446" RelativeToClient="0" Font="Default" Text="" Template="Default" TooltipType="OnCursor" Name="GuildPerkDetail" Border="0" Picture="1" SwallowMouseClicks="1" Moveable="0" Escapable="0" Overlapped="0" BGColor="ffffffff" TextColor="ffffffff" TooltipColor="" IgnoreMouse="1" NoClip="1" NewWindowDepth="1" Tooltip="" HideInEditor="0">
        <Control Class="Window" LAnchorPoint="0" LAnchorOffset="4" TAnchorPoint="0" TAnchorOffset="0" RAnchorPoint="1" RAnchorOffset="-4" BAnchorPoint="1" BAnchorOffset="0" RelativeToClient="1" Font="Default" Text="" Template="" TooltipType="OnCursor" Name="ButtonAssets" BGColor="ffffffff" TextColor="ffffffff" TooltipColor="" HideInEditor="1" Picture="1" IgnoreMouse="1" Border="0" UseTemplateBG="0">
            <Control Class="Window" LAnchorPoint="0" LAnchorOffset="0" TAnchorPoint="0" TAnchorOffset="0" RAnchorPoint="1" RAnchorOffset="0" BAnchorPoint="1" BAnchorOffset="0" RelativeToClient="1" Font="Default" Text="" Template="Default" TooltipType="OnCursor" Name="BGArtTierOpen" BGColor="ffffffff" TextColor="ffffffff" TooltipColor="" Picture="1" IgnoreMouse="1" Sprite="BK3:UI_BK3_Holo_InsetFramed_Darker" UseParentOpacity="1" HideInEditor="0">
                <Control Class="Window" LAnchorPoint="0" LAnchorOffset="10" TAnchorPoint="0" TAnchorOffset="10" RAnchorPoint="0" RAnchorOffset="56" BAnchorPoint="0" BAnchorOffset="56" RelativeToClient="1" Font="Default" Text="" Template="Default" TooltipType="OnCursor" Name="IconFraming" BGColor="ffffffff" TextColor="ffffffff" TooltipColor="" Picture="1" IgnoreMouse="1" UseParentOpacity="1" Sprite="BK3:UI_BK3_Holo_InsetSimple" NewControlDepth="1"/>
            </Control>
            <Control Class="Button" LAnchorPoint="0" LAnchorOffset="61" TAnchorPoint="0" TAnchorOffset="17" RAnchorPoint="0" RAnchorOffset="147" BAnchorPoint="0" BAnchorOffset="70" RelativeToClient="1" Font="CRB_InterfaceSmall" Text="" Template="Default" TooltipType="OnCursor" Name="UnlockBtn" BGColor="ffffffff" TextColor="ffffffff" TooltipColor="" NormalTextColor="UI_BtnTextBlueNormal" PressedTextColor="UI_BtnTextBluePressed" FlybyTextColor="UI_BtnTextBlueFlyby" PressedFlybyTextColor="UI_BtnTextBluePressedFlyby" DisabledTextColor="UI_BtnTextBlueDisabled" Base="BK3:btnHolo_Blue_Small" TextId="GuildPerk_Unlock" DT_VCENTER="1" DT_CENTER="1" IgnoreMouse="0">
                <Event Name="ButtonSignal" Function="OnUnlockBtn"/>
            </Control>
            <Control Class="Window" LAnchorPoint="0" LAnchorOffset="62" TAnchorPoint="0" TAnchorOffset="7" RAnchorPoint="0" RAnchorOffset="144" BAnchorPoint="0" BAnchorOffset="27" RelativeToClient="1" Font="CRB_HeaderTiny" Text="1000000" Template="Default" TooltipType="OnCursor" Name="UnlockCost" BGColor="ffffffff" TextColor="ffffffff" TooltipColor="" Picture="0" IgnoreMouse="1" DT_CENTER="1" UseParentOpacity="1" TextId="" DT_VCENTER="1"/>
            <Control Class="Window" LAnchorPoint="0" LAnchorOffset="10" TAnchorPoint="0" TAnchorOffset="10" RAnchorPoint="0" RAnchorOffset="55" BAnchorPoint="0" BAnchorOffset="55" RelativeToClient="1" Font="Default" Text="" Template="Default" TooltipType="OnCursor" Name="Icon" BGColor="ffffffff" TextColor="ffffffff" TooltipColor="" Picture="1" IgnoreMouse="1" UseParentOpacity="1" NewControlDepth="2"/>
            <Control Class="Window" LAnchorPoint="0" LAnchorOffset="12" TAnchorPoint="0" TAnchorOffset="12" RAnchorPoint="0" RAnchorOffset="74" BAnchorPoint="0" BAnchorOffset="74" RelativeToClient="1" Font="Default" Text="" Template="Default" TooltipType="OnCursor" Name="LockOverlay" BGColor="" TextColor="ffffffff" TooltipColor="" Picture="1" IgnoreMouse="1" Sprite="" UseParentOpacity="1">
                <Control Class="Window" LAnchorPoint="0" LAnchorOffset="11" TAnchorPoint="0" TAnchorOffset="0" RAnchorPoint="1" RAnchorOffset="11" BAnchorPoint="1" BAnchorOffset="0" RelativeToClient="1" Font="Default" Text="" Template="Default" TooltipType="OnCursor" Name="LockOverlayIcon" BGColor="ffffffff" TextColor="ffffffff" TooltipColor="" Picture="1" IgnoreMouse="1" Sprite="CRB_Tradeskills:sprSchemLockMarkExpandable" UseParentOpacity="1"/>
            </Control>
            <Control Class="Button" LAnchorPoint="0" LAnchorOffset="61" TAnchorPoint="0" TAnchorOffset="17" RAnchorPoint="0" RAnchorOffset="147" BAnchorPoint="0" BAnchorOffset="70" RelativeToClient="1" Font="CRB_Button" Text="" Template="Default" TooltipType="OnCursor" Name="ActivateBtn" BGColor="ffffffff" TextColor="ffffffff" TooltipColor="" NormalTextColor="UI_BtnTextBlueNormal" PressedTextColor="UI_BtnTextBluePressed" FlybyTextColor="UI_BtnTextBlueFlyby" PressedFlybyTextColor="UI_BtnTextBluePressedFlyby" DisabledTextColor="UI_BtnTextBlueDisabled" Base="BK3:btnHolo_Blue_Small" TextId="ActivationPrompt_Activate" DT_VCENTER="1" DT_CENTER="1" IgnoreMouse="0">
                <Event Name="ButtonSignal" Function="OnActivateBtn"/>
            </Control>
            <Control Class="Window" LAnchorPoint="0" LAnchorOffset="43" TAnchorPoint="0" TAnchorOffset="33" RAnchorPoint="0" RAnchorOffset="67" BAnchorPoint="0" BAnchorOffset="57" RelativeToClient="1" Font="Default" Text="" Template="Default" TooltipType="OnCursor" Name="ActivateFrame" BGColor="ffffffff" TextColor="ffffffff" TooltipColor="" Picture="1" IgnoreMouse="1" Sprite="ActionSetBuilder_TEMP:spr_TEMP_ActionSetCircle" NewControlDepth="3" HideInEditor="0">
                <Control Class="Window" LAnchorPoint="0" LAnchorOffset="3" TAnchorPoint="0" TAnchorOffset="3" RAnchorPoint="1" RAnchorOffset="-3" BAnchorPoint="1" BAnchorOffset="-3" RelativeToClient="1" Font="Default" Text="" Template="Default" TooltipType="OnCursor" Name="Activate_Inop" BGColor="ffffffff" TextColor="ffffffff" TooltipColor="" Picture="1" IgnoreMouse="1" Sprite="ClientSprites:LootCloseBox"/>
                <Control Class="Window" LAnchorPoint="0" LAnchorOffset="0" TAnchorPoint="0" TAnchorOffset="0" RAnchorPoint="1" RAnchorOffset="0" BAnchorPoint="1" BAnchorOffset="0" RelativeToClient="1" Font="Default" Text="" Template="Default" TooltipType="OnCursor" Name="Activate_Running" BGColor="ffffffff" TextColor="ffffffff" TooltipColor="" Picture="1" IgnoreMouse="1" Sprite="CRB_Anim_Spinner:sprAnim_SpinnerSmall">
                    <Control Class="Window" LAnchorPoint="0" LAnchorOffset="-2" TAnchorPoint="0" TAnchorOffset="-4" RAnchorPoint="1" RAnchorOffset="2" BAnchorPoint="1" BAnchorOffset="2" RelativeToClient="1" Font="Default" Text="" Template="Default" TooltipType="OnCursor" Name="ActivateRunningCheck" BGColor="ffffffff" TextColor="ffffffff" TooltipColor="" Sprite="CRB_DialogSprites:sprDialog_Icon_Check" Picture="1" IgnoreMouse="1"/>
                </Control>
            </Control>
        </Control>
        <Control Class="Window" LAnchorPoint="0" LAnchorOffset="4" TAnchorPoint="0" TAnchorOffset="0" RAnchorPoint="1" RAnchorOffset="-4" BAnchorPoint="1" BAnchorOffset="0" RelativeToClient="1" Font="Default" Text="" Template="Default" TooltipType="OnCursor" Name="NoButtonAssets" BGColor="ffffffff" TextColor="ffffffff" TooltipColor="" HideInEditor="0">
            <Control Class="Window" LAnchorPoint="0" LAnchorOffset="0" TAnchorPoint="0" TAnchorOffset="0" RAnchorPoint="1" RAnchorOffset="0" BAnchorPoint="1" BAnchorOffset="0" RelativeToClient="1" Font="Default" Text="" Template="Default" TooltipType="OnCursor" Name="BGArtTierOpen" BGColor="ffffffff" TextColor="ffffffff" TooltipColor="" Picture="1" IgnoreMouse="1" Sprite="BK3:UI_BK3_Holo_InsetFramed_Darker" UseParentOpacity="1" HideInEditor="0" Visible="1">
                <Control Class="Window" LAnchorPoint="0" LAnchorOffset="10" TAnchorPoint="0" TAnchorOffset="10" RAnchorPoint="0" RAnchorOffset="56" BAnchorPoint="0" BAnchorOffset="56" RelativeToClient="1" Font="Default" Text="" Template="Default" TooltipType="OnCursor" Name="IconFraming" BGColor="ffffffff" TextColor="ffffffff" TooltipColor="" Picture="1" IgnoreMouse="1" UseParentOpacity="1" Sprite="BK3:UI_BK3_Holo_InsetSimple"/>
                <Control Class="Window" LAnchorPoint="0" LAnchorOffset="10" TAnchorPoint="0" TAnchorOffset="10" RAnchorPoint="0" RAnchorOffset="55" BAnchorPoint="0" BAnchorOffset="55" RelativeToClient="1" Font="Default" Text="" Template="Default" TooltipType="OnCursor" Name="Icon" BGColor="ffffffff" TextColor="ffffffff" TooltipColor="" Picture="1" IgnoreMouse="1" UseParentOpacity="1" NewWindowDepth="0"/>
            </Control>
            <Control Class="Window" LAnchorPoint="0" LAnchorOffset="60" TAnchorPoint="0" TAnchorOffset="8" RAnchorPoint="0" RAnchorOffset="142" BAnchorPoint="0" BAnchorOffset="26" RelativeToClient="1" Font="CRB_HeaderTiny" Text="1000000" Template="Default" TooltipType="OnCursor" Name="UnlockCost" BGColor="ffffffff" TextColor="vdarkgray" TooltipColor="" Picture="0" IgnoreMouse="1" DT_CENTER="1" UseParentOpacity="1" TextId="" DT_VCENTER="1"/>
            <Control Class="Window" LAnchorPoint="0" LAnchorOffset="12" TAnchorPoint="0" TAnchorOffset="12" RAnchorPoint="0" RAnchorOffset="74" BAnchorPoint="0" BAnchorOffset="74" RelativeToClient="1" Font="Default" Text="" Template="Default" TooltipType="OnCursor" Name="LockOverlay" BGColor="ffffffff" TextColor="ffffffff" TooltipColor="" Picture="1" IgnoreMouse="1" Sprite="" UseParentOpacity="0" NewControlDepth="5" HideInEditor="0">
                <Control Class="Window" LAnchorPoint="0" LAnchorOffset="11" TAnchorPoint="0" TAnchorOffset="0" RAnchorPoint="1" RAnchorOffset="11" BAnchorPoint="1" BAnchorOffset="0" RelativeToClient="1" Font="Default" Text="" Template="Default" TooltipType="OnCursor" Name="LockOverlayIcon" BGColor="ffffffff" TextColor="ffcccccc" TooltipColor="" Picture="1" IgnoreMouse="1" Sprite="CRB_Tradeskills:sprSchemLockMarkExpandable" UseParentOpacity="0"/>
            </Control>
            <Control Class="Window" LAnchorPoint="0" LAnchorOffset="43" TAnchorPoint="0" TAnchorOffset="33" RAnchorPoint="0" RAnchorOffset="67" BAnchorPoint="0" BAnchorOffset="57" RelativeToClient="1" Font="Default" Text="" Template="Default" TooltipType="OnCursor" Name="ActivateFrame" BGColor="ffffffff" TextColor="ffffffff" TooltipColor="" Picture="1" IgnoreMouse="1" Sprite="ActionSetBuilder_TEMP:spr_TEMP_ActionSetCircle" NewControlDepth="3" HideInEditor="1">
                <Control Class="Window" LAnchorPoint="0" LAnchorOffset="3" TAnchorPoint="0" TAnchorOffset="3" RAnchorPoint="1" RAnchorOffset="-3" BAnchorPoint="1" BAnchorOffset="-3" RelativeToClient="1" Font="Default" Text="" Template="Default" TooltipType="OnCursor" Name="Activate_Inop" BGColor="ffffffff" TextColor="ffffffff" TooltipColor="" Picture="1" IgnoreMouse="1" Sprite="ClientSprites:LootCloseBox" HideInEditor="0"/>
                <Control Class="Window" LAnchorPoint="0" LAnchorOffset="0" TAnchorPoint="0" TAnchorOffset="0" RAnchorPoint="1" RAnchorOffset="0" BAnchorPoint="1" BAnchorOffset="0" RelativeToClient="1" Font="Default" Text="" Template="Default" TooltipType="OnCursor" Name="Activate_Running" BGColor="ffffffff" TextColor="ffffffff" TooltipColor="" Picture="1" IgnoreMouse="1" Sprite="CRB_Anim_Spinner:sprAnim_SpinnerSmall" HideInEditor="0">
                    <Control Class="Window" LAnchorPoint="0" LAnchorOffset="-2" TAnchorPoint="0" TAnchorOffset="-4" RAnchorPoint="1" RAnchorOffset="2" BAnchorPoint="1" BAnchorOffset="2" RelativeToClient="1" Font="Default" Text="" Template="Default" TooltipType="OnCursor" Name="ActivateRunningCheck" BGColor="ffffffff" TextColor="ffffffff" TooltipColor="" Sprite="CRB_DialogSprites:sprDialog_Icon_Check" Picture="1" IgnoreMouse="1" HideInEditor="0"/>
                </Control>
            </Control>
        </Control>
        <Control Class="Window" LAnchorPoint="0" LAnchorOffset="12" TAnchorPoint="0" TAnchorOffset="89" RAnchorPoint="1" RAnchorOffset="-10" BAnchorPoint="0" BAnchorOffset="433" RelativeToClient="1" Font="Default" Text="" Template="Default" TooltipType="OnCursor" Name="LowerSortContainer" BGColor="ffffffff" TextColor="ffffffff" TooltipColor="" HideInEditor="0">
            <Control Class="MLWindow" LAnchorPoint="0" LAnchorOffset="2" TAnchorPoint="0" TAnchorOffset="0" RAnchorPoint="1" RAnchorOffset="-2" BAnchorPoint="0" BAnchorOffset="50" RelativeToClient="1" Font="CRB_InterfaceMedium" Text="" Template="Default" TooltipType="OnCursor" Name="Description" BGColor="ffffffff" TextColor="UI_TextHoloBody" TooltipColor="" TextId="CommandUsage_GuildMoneyTransfer" DT_BOTTOM="0" DT_VCENTER="0" DT_WORDBREAK="1" Picture="0" Sprite=""/>
            <Control Class="Window" LAnchorPoint="0" LAnchorOffset="0" TAnchorPoint="0" TAnchorOffset="53" RAnchorPoint="1" RAnchorOffset="0" BAnchorPoint="0" BAnchorOffset="63" RelativeToClient="1" Font="Default" Text="" Template="Default" TooltipType="OnCursor" Name="DescriptionBuffer" BGColor="ffffffff" TextColor="ffffffff" TooltipColor="" Picture="0" IgnoreMouse="1" Sprite="whitefill"/>
            <Control Class="Window" LAnchorPoint="0" LAnchorOffset="2" TAnchorPoint="0" TAnchorOffset="67" RAnchorPoint="1" RAnchorOffset="-2" BAnchorPoint="0" BAnchorOffset="106" RelativeToClient="1" Font="Default" Text="" Template="Default" TooltipType="OnCursor" Name="AchContainer" BGColor="ffffffff" TextColor="ffffffff" TooltipColor="">
                <Control Class="Window" LAnchorPoint="0" LAnchorOffset="0" TAnchorPoint="0" TAnchorOffset="0" RAnchorPoint="1" RAnchorOffset="0" BAnchorPoint="0" BAnchorOffset="18" RelativeToClient="1" Font="CRB_InterfaceMedium_I" Text="" Template="Default" TooltipType="OnCursor" Name="Label" BGColor="ffffffff" TextColor="UI_TextHoloBodyHighlight" TooltipColor="" TextId="GuildPerk_RequiredAchievement"/>
                <Control Class="Window" LAnchorPoint="0" LAnchorOffset="0" TAnchorPoint="0" TAnchorOffset="17" RAnchorPoint="1" RAnchorOffset="0" BAnchorPoint="0" BAnchorOffset="39" RelativeToClient="1" Font="Default" Text="" Template="Default" TooltipType="OnCursor" Name="EntryContainer" BGColor="ffffffff" TextColor="ffffffff" TooltipColor="">
                    <Control Class="Window" LAnchorPoint="0" LAnchorOffset="0" TAnchorPoint="0" TAnchorOffset="1" RAnchorPoint="0" RAnchorOffset="20" BAnchorPoint="1" BAnchorOffset="-1" RelativeToClient="1" Font="Default" Text="" Template="Default" TooltipType="OnCursor" Name="AchIcon" BGColor="ffffffff" TextColor="ffffffff" TooltipColor="" Picture="1" IgnoreMouse="1" Sprite="ClientSprites:Icon_Windows_UI_CRB_Checkmark"/>
                    <Control Class="Window" LAnchorPoint="0" LAnchorOffset="20" TAnchorPoint="0" TAnchorOffset="0" RAnchorPoint="1" RAnchorOffset="0" BAnchorPoint="1" BAnchorOffset="0" RelativeToClient="1" Font="CRB_InterfaceMedium" Text="" Template="Default" TooltipType="OnCursor" Name="AchText" BGColor="ffffffff" TextColor="UI_TextHoloBody" TooltipColor="" TextId="CRB___Custom_Shortcut_Set__Account" DT_VCENTER="1"/>
                </Control>
            </Control>
            <Control Class="Window" LAnchorPoint="0" LAnchorOffset="0" TAnchorPoint="0" TAnchorOffset="53" RAnchorPoint="1" RAnchorOffset="0" BAnchorPoint="0" BAnchorOffset="63" RelativeToClient="1" Font="Default" Text="" Template="Default" TooltipType="OnCursor" Name="AchBuffer" BGColor="ffffffff" TextColor="ffffffff" TooltipColor=""/>
            <Control Class="Window" LAnchorPoint="0" LAnchorOffset="2" TAnchorPoint="0" TAnchorOffset="125" RAnchorPoint="1" RAnchorOffset="-2" BAnchorPoint="0" BAnchorOffset="186" RelativeToClient="1" Font="Default" Text="" Template="Default" TooltipType="OnCursor" Name="PerkContainer" BGColor="ffffffff" TextColor="ffffffff" TooltipColor="">
                <Control Class="Window" LAnchorPoint="0" LAnchorOffset="0" TAnchorPoint="0" TAnchorOffset="0" RAnchorPoint="1" RAnchorOffset="0" BAnchorPoint="0" BAnchorOffset="18" RelativeToClient="1" Font="CRB_InterfaceMedium_I" Text="" Template="Default" TooltipType="OnCursor" Name="Label" BGColor="ffffffff" TextColor="UI_TextHoloBodyHighlight" TooltipColor="" TextId="GuildPerk_RequiredPerk"/>
                <Control Class="Window" LAnchorPoint="0" LAnchorOffset="0" TAnchorPoint="0" TAnchorOffset="17" RAnchorPoint="1" RAnchorOffset="0" BAnchorPoint="0" BAnchorOffset="39" RelativeToClient="1" Font="Default" Text="" Template="Default" TooltipType="OnCursor" Name="EntryContainer_1" BGColor="ffffffff" TextColor="ffffffff" TooltipColor="">
                    <Control Class="Window" LAnchorPoint="0" LAnchorOffset="0" TAnchorPoint="0" TAnchorOffset="1" RAnchorPoint="0" RAnchorOffset="20" BAnchorPoint="1" BAnchorOffset="-1" RelativeToClient="1" Font="Default" Text="" Template="Default" TooltipType="OnCursor" Name="Icon" BGColor="ffffffff" TextColor="ffffffff" TooltipColor="" Picture="1" IgnoreMouse="1" Sprite="ClientSprites:Icon_Windows_UI_CRB_Checkmark"/>
                    <Control Class="Window" LAnchorPoint="0" LAnchorOffset="20" TAnchorPoint="0" TAnchorOffset="0" RAnchorPoint="1" RAnchorOffset="0" BAnchorPoint="1" BAnchorOffset="0" RelativeToClient="1" Font="CRB_InterfaceMedium" Text="" Template="Default" TooltipType="OnCursor" Name="Text" BGColor="ffffffff" TextColor="UI_TextHoloBody" TooltipColor="" TextId="CRB___Custom_Shortcut_Set__Account" DT_VCENTER="1"/>
                </Control>
                <Control Class="Window" LAnchorPoint="0" LAnchorOffset="0" TAnchorPoint="0" TAnchorOffset="39" RAnchorPoint="1" RAnchorOffset="0" BAnchorPoint="0" BAnchorOffset="61" RelativeToClient="1" Font="Default" Text="" Template="Default" TooltipType="OnCursor" Name="EntryContainer_2" BGColor="ffffffff" TextColor="ffffffff" TooltipColor="">
                    <Control Class="Window" LAnchorPoint="0" LAnchorOffset="0" TAnchorPoint="0" TAnchorOffset="1" RAnchorPoint="0" RAnchorOffset="20" BAnchorPoint="1" BAnchorOffset="-1" RelativeToClient="1" Font="Default" Text="" Template="Default" TooltipType="OnCursor" Name="Icon" BGColor="ffffffff" TextColor="ffffffff" TooltipColor="" Picture="1" IgnoreMouse="1" Sprite="ClientSprites:Icon_Windows_UI_CRB_Checkmark"/>
                    <Control Class="Window" LAnchorPoint="0" LAnchorOffset="20" TAnchorPoint="0" TAnchorOffset="0" RAnchorPoint="1" RAnchorOffset="0" BAnchorPoint="1" BAnchorOffset="0" RelativeToClient="1" Font="CRB_InterfaceMedium" Text="" Template="Default" TooltipType="OnCursor" Name="Text" BGColor="ffffffff" TextColor="UI_TextHoloBody" TooltipColor="" TextId="CRB___Custom_Shortcut_Set__Account" DT_VCENTER="1"/>
                </Control>
            </Control>
            <Control Class="Window" LAnchorPoint="0" LAnchorOffset="0" TAnchorPoint="0" TAnchorOffset="191" RAnchorPoint="1" RAnchorOffset="0" BAnchorPoint="0" BAnchorOffset="201" RelativeToClient="1" Font="Default" Text="" Template="Default" TooltipType="OnCursor" Name="PerkBuffer" BGColor="ffffffff" TextColor="ffffffff" TooltipColor=""/>
            <Control Class="Window" LAnchorPoint="0" LAnchorOffset="2" TAnchorPoint="0" TAnchorOffset="206" RAnchorPoint="1" RAnchorOffset="-2" BAnchorPoint="0" BAnchorOffset="226" RelativeToClient="1" Font="Default" Text="" Template="Default" TooltipType="OnCursor" Name="UnlockCostDisplay" BGColor="ffffffff" TextColor="ffffffff" TooltipColor="">
                <Control Class="Window" LAnchorPoint="0" LAnchorOffset="0" TAnchorPoint="0" TAnchorOffset="0" RAnchorPoint="0" RAnchorOffset="100" BAnchorPoint="1" BAnchorOffset="0" RelativeToClient="1" Font="CRB_InterfaceMedium_I" Text="" Template="Default" TooltipType="OnCursor" Name="Label" BGColor="ffffffff" TextColor="UI_TextHoloBodyHighlight" TooltipColor="" TextId="GuildPerk_UnlockCost"/>
                <Control Class="Window" LAnchorPoint="0" LAnchorOffset="98" TAnchorPoint="0" TAnchorOffset="0" RAnchorPoint="1" RAnchorOffset="0" BAnchorPoint="1" BAnchorOffset="0" RelativeToClient="1" Font="CRB_InterfaceMedium" Text="" Template="Default" TooltipType="OnCursor" Name="Amount" BGColor="ffffffff" TextColor="UI_TextHoloBody" TooltipColor="" TextId="GuildPerk_UnlockCost"/>
            </Control>
            <Control Class="Window" LAnchorPoint="0" LAnchorOffset="2" TAnchorPoint="0" TAnchorOffset="228" RAnchorPoint="1" RAnchorOffset="-2" BAnchorPoint="0" BAnchorOffset="248" RelativeToClient="1" Font="Default" Text="" Template="Default" TooltipType="OnCursor" Name="ActivateCost" BGColor="ffffffff" TextColor="ffffffff" TooltipColor="">
                <Control Class="Window" LAnchorPoint="0" LAnchorOffset="0" TAnchorPoint="0" TAnchorOffset="0" RAnchorPoint="0" RAnchorOffset="100" BAnchorPoint="1" BAnchorOffset="0" RelativeToClient="1" Font="CRB_InterfaceMedium_I" Text="" Template="Default" TooltipType="OnCursor" Name="Label" BGColor="ffffffff" TextColor="UI_TextHoloBodyHighlight" TooltipColor="" TextId="GuildPerk_ActivateCost"/>
                <Control Class="Window" LAnchorPoint="0" LAnchorOffset="105" TAnchorPoint="0" TAnchorOffset="0" RAnchorPoint="1" RAnchorOffset="0" BAnchorPoint="1" BAnchorOffset="0" RelativeToClient="1" Font="CRB_InterfaceMedium" Text="" Template="Default" TooltipType="OnCursor" Name="Amount" BGColor="ffffffff" TextColor="UI_TextHoloBody" TooltipColor="" TextId="GuildPerk_UnlockCost"/>
            </Control>
            <Control Class="Window" LAnchorPoint="0" LAnchorOffset="0" TAnchorPoint="0" TAnchorOffset="330" RAnchorPoint="1" RAnchorOffset="0" BAnchorPoint="0" BAnchorOffset="344" RelativeToClient="1" Font="Default" Text="" Template="Default" TooltipType="OnCursor" Name="LowerBound" BGColor="ffffffff" TextColor="ffffffff" TooltipColor=""/>
        </Control>
        <Control Class="Window" LAnchorPoint="0" LAnchorOffset="15" TAnchorPoint="0" TAnchorOffset="61" RAnchorPoint="1" RAnchorOffset="-14" BAnchorPoint="0" BAnchorOffset="90" RelativeToClient="1" Font="Default" Text="" Template="Default" TooltipType="OnCursor" Name="UpperSortContainer" BGColor="ffffffff" TextColor="ffffffff" TooltipColor="" HideInEditor="1">
            <Control Class="MLWindow" LAnchorPoint="0" LAnchorOffset="0" TAnchorPoint="0" TAnchorOffset="0" RAnchorPoint="1" RAnchorOffset="0" BAnchorPoint="1" BAnchorOffset="0" RelativeToClient="1" Font="CRB_InterfaceLarge_B" Text="" Template="Default" TooltipType="OnCursor" Name="Title" BGColor="ffffffff" TextColor="UI_TextHoloTitle" TooltipColor="" TextId="CRB_Crafting_Circuit_Special_Tooltip" DT_BOTTOM="0" DT_VCENTER="0" DT_WORDBREAK="0" HideInEditor="1" AutoScaleText="1"/>
            <Control Class="Window" LAnchorPoint="0" LAnchorOffset="0" TAnchorPoint="0" TAnchorOffset="47" RAnchorPoint="1" RAnchorOffset="0" BAnchorPoint="0" BAnchorOffset="67" RelativeToClient="1" Font="CRB_InterfaceMedium" Text="" Template="Default" TooltipType="OnCursor" Name="Status" BGColor="ffffffff" TextColor="UI_TextMetalBodyHighlight" TooltipColor="" TextId="CRB_Account" DT_BOTTOM="0" DT_VCENTER="0" DT_WORDBREAK="1"/>
        </Control>
    </Form>
</Forms>
