<Forms>
    <Form Class="Window" LAnchorPoint="0.5" LAnchorOffset="-601" TAnchorPoint="0" TAnchorOffset="0" RAnchorPoint="0.5" RAnchorOffset="600" BAnchorPoint="0" BAnchorOffset="746" RelativeToClient="1" Font="Default" Text="" Template="Default" Name="CraftingForm" Border="0" Moveable="1" Escapable="1" Overlapped="1" BGColor="ffffffff" TextColor="ffffffff" TextId="" Sizable="1" IgnoreMouse="0" NewWindowDepth="0" TooltipColor="" Tooltip="" Visible="1" TooltipId="" Sprite="CRB_CraftingCircuitSprites:sprCircuit_FrameBG" Picture="1" HideInEditor="0">
        <Control Class="Window" LAnchorPoint="1" LAnchorOffset="-319" TAnchorPoint="0" TAnchorOffset="34" RAnchorPoint="1" RAnchorOffset="0" BAnchorPoint="0" BAnchorOffset="84" RelativeToClient="1" Font="CRB_Header24_O" Text="" Template="Default" TooltipType="OnCursor" Name="TopRightText" BGColor="ffffffff" TextColor="UI_BtnTextGrayOrangeListPressed" TooltipColor="" TextId="Tradeskills_Preview" Tooltip=""/>
        <Control Class="Window" LAnchorPoint="1" LAnchorOffset="-345" TAnchorPoint="0" TAnchorOffset="50" RAnchorPoint="1" RAnchorOffset="-45" BAnchorPoint="1" BAnchorOffset="-135" RelativeToClient="1" Font="Default" Text="" Template="Default" TooltipType="OnCursor" Name="TooltipHolder" BGColor="ffffffff" TextColor="ffffffff" TooltipColor="" HideInEditor="0" Visible="1"/>
        <Control Class="Window" LAnchorPoint="0" LAnchorOffset="52" TAnchorPoint="0" TAnchorOffset="0" RAnchorPoint="0" RAnchorOffset="872" BAnchorPoint="0" BAnchorOffset="594" RelativeToClient="1" Font="CRB_InterfaceSmall" Text="" Template="Default" Name="SocketsFlairLayer" BGColor="ffffffff" TextColor="ffffffff" TooltipColor="" Tooltip="" IgnoreMouse="1" Overlapped="1" TextId="" Picture="1" NewControlDepth="1">
            <Control Class="Window" LAnchorPoint="0.5" LAnchorOffset="-281" TAnchorPoint="0" TAnchorOffset="170" RAnchorPoint="0.5" RAnchorOffset="0" BAnchorPoint="0" BAnchorOffset="408" RelativeToClient="1" Font="Default" Text="" Template="Default" TooltipType="OnCursor" Name="SocketFlairLine_2" BGColor="ffffffff" TextColor="ffffffff" TooltipColor="" Picture="0" IgnoreMouse="1" Sprite="" HideInEditor="0">
                <Pixie LAnchorPoint="0" LAnchorOffset="11" TAnchorPoint="0" TAnchorOffset="0" RAnchorPoint="0" RAnchorOffset="41" BAnchorPoint="0" BAnchorOffset="130" BGColor="ffffffff" Font="Default" TextColor="ffffffff" Text="" Sprite="CRB_CraftingCircuitSprites:sprCircuit_Line_WhiteVertical" Line="0"/>
                <Pixie LAnchorPoint="0" LAnchorOffset="24" TAnchorPoint="0" TAnchorOffset="0" RAnchorPoint="1" RAnchorOffset="0" BAnchorPoint="1" BAnchorOffset="0" BGColor="ffffffff" Font="Default" TextColor="ffffffff" Text="" Sprite="CRB_CraftingCircuitSprites:sprCircuit_Line_WhiteHorizontal_LR" Line="0"/>
                <Control Class="Window" LAnchorPoint="0" LAnchorOffset="11" TAnchorPoint="0" TAnchorOffset="100" RAnchorPoint="0" RAnchorOffset="41" BAnchorPoint="1" BAnchorOffset="9" RelativeToClient="1" Font="Default" Text="" Template="Default" TooltipType="OnCursor" Name="SocketFlairLineColor" BGColor="ffffffff" TextColor="ffffffff" TooltipColor="" Sprite="CRB_CraftingCircuitSprites:sprCircuit_Line_WhiteVertical" Picture="1" IgnoreMouse="1" HideInEditor="0"/>
                <Control Class="Window" LAnchorPoint="0" LAnchorOffset="0" TAnchorPoint="0" TAnchorOffset="185" RAnchorPoint="0" RAnchorOffset="52" BAnchorPoint="0" BAnchorOffset="238" RelativeToClient="1" Font="Default" Text="" Template="Default" TooltipType="OnCursor" Name="SocketFlairNode" BGColor="ffffffff" TextColor="ffffffff" TooltipColor="" Sprite="btnCircuit_LineNode_PlusNormal" Picture="1" IgnoreMouse="1" NewControlDepth="2" HideInEditor="0"/>
            </Control>
            <Control Class="Window" LAnchorPoint="0.5" LAnchorOffset="-26" TAnchorPoint="0" TAnchorOffset="170" RAnchorPoint="0.5" RAnchorOffset="26" BAnchorPoint="0" BAnchorOffset="408" RelativeToClient="1" Font="Default" Text="" Template="Default" TooltipType="OnCursor" Name="SocketFlairLine_3" BGColor="ffffffff" TextColor="ffffffff" TooltipColor="" Sprite="" Picture="0" IgnoreMouse="1" HideInEditor="0">
                <Control Class="Window" LAnchorPoint="0" LAnchorOffset="0" TAnchorPoint="0" TAnchorOffset="100" RAnchorPoint="1" RAnchorOffset="0" BAnchorPoint="1" BAnchorOffset="9" RelativeToClient="1" Font="Default" Text="" Template="Default" TooltipType="OnCursor" Name="SocketFlairLineColor" BGColor="ffffffff" TextColor="ffffffff" TooltipColor="" Sprite="CRB_CraftingCircuitSprites:sprCircuit_Line_WhiteVertical" Picture="1" IgnoreMouse="1"/>
                <Pixie LAnchorPoint="0" LAnchorOffset="0" TAnchorPoint="0" TAnchorOffset="0" RAnchorPoint="1" RAnchorOffset="0" BAnchorPoint="0" BAnchorOffset="130" BGColor="ffffffff" Font="Default" TextColor="ffffffff" Text="" Sprite="CRB_CraftingCircuitSprites:sprCircuit_Line_WhiteVertical" Line="0"/>
                <Control Class="Window" LAnchorPoint="0.5" LAnchorOffset="-26" TAnchorPoint="0" TAnchorOffset="185" RAnchorPoint="0.5" RAnchorOffset="26" BAnchorPoint="0" BAnchorOffset="238" RelativeToClient="1" Font="Default" Text="" Template="Default" TooltipType="OnCursor" Name="SocketFlairNode" BGColor="ffffffff" TextColor="ffffffff" TooltipColor="" Sprite="btnCircuit_LineNode_PlusNormal" Picture="1" IgnoreMouse="1" NewControlDepth="2" HideInEditor="0"/>
            </Control>
            <Control Class="Window" LAnchorPoint="0.5" LAnchorOffset="228" TAnchorPoint="0" TAnchorOffset="170" RAnchorPoint="0.5" RAnchorOffset="280" BAnchorPoint="0" BAnchorOffset="408" RelativeToClient="1" Font="Default" Text="" Template="Default" TooltipType="OnCursor" Name="SocketFlairLine_4" BGColor="ffffffff" TextColor="ffffffff" TooltipColor="" Picture="0" IgnoreMouse="1" Sprite="" HideInEditor="0">
                <Control Class="Window" LAnchorPoint="0" LAnchorOffset="-248" TAnchorPoint="0" TAnchorOffset="0" RAnchorPoint="0" RAnchorOffset="12" BAnchorPoint="0" BAnchorOffset="33" RelativeToClient="1" Font="Default" Text="" Template="Default" TooltipType="OnCursor" Name="SocketFlairLine_TopRightArtHack" BGColor="ffffffff" TextColor="ffffffff" TooltipColor="" Picture="1" IgnoreMouse="1" Sprite="" Visible="1" HideInEditor="0" NoClip="1">
                    <Pixie LAnchorPoint="0" LAnchorOffset="-238" TAnchorPoint="0" TAnchorOffset="0" RAnchorPoint="1" RAnchorOffset="0" BAnchorPoint="1" BAnchorOffset="0" BGColor="ffffffff" Font="Default" TextColor="ffffffff" Text="" Sprite="CRB_CraftingCircuitSprites:sprCircuit_Line_WhiteHorizontal_LR" Line="0"/>
                </Control>
                <Pixie LAnchorPoint="1" LAnchorOffset="-41" TAnchorPoint="0" TAnchorOffset="0" RAnchorPoint="1" RAnchorOffset="-11" BAnchorPoint="0" BAnchorOffset="130" BGColor="ffffffff" Font="Default" TextColor="ffffffff" Text="" Sprite="CRB_CraftingCircuitSprites:sprCircuit_Line_WhiteVertical" Line="0"/>
                <Control Class="Window" LAnchorPoint="1" LAnchorOffset="-41" TAnchorPoint="0" TAnchorOffset="100" RAnchorPoint="1" RAnchorOffset="-11" BAnchorPoint="1" BAnchorOffset="9" RelativeToClient="1" Font="Default" Text="" Template="Default" TooltipType="OnCursor" Name="SocketFlairLineColor" BGColor="ffffffff" TextColor="ffffffff" TooltipColor="" Sprite="CRB_CraftingCircuitSprites:sprCircuit_Line_BlueVertical" Picture="1" IgnoreMouse="1"/>
                <Control Class="Window" LAnchorPoint="1" LAnchorOffset="-52" TAnchorPoint="0" TAnchorOffset="185" RAnchorPoint="1" RAnchorOffset="0" BAnchorPoint="0" BAnchorOffset="238" RelativeToClient="1" Font="Default" Text="" Template="Default" TooltipType="OnCursor" Name="SocketFlairNode" BGColor="ffffffff" TextColor="ffffffff" TooltipColor="" Sprite="btnCircuit_LineNode_PlusNormal" Picture="1" IgnoreMouse="1" NewControlDepth="2" HideInEditor="1"/>
            </Control>
            <Control Class="Window" LAnchorPoint="0" LAnchorOffset="34" TAnchorPoint="1" TAnchorOffset="-239" RAnchorPoint="0" RAnchorOffset="134" BAnchorPoint="1" BAnchorOffset="0" RelativeToClient="1" Font="Default" Text="" Template="Default" TooltipType="OnCursor" Name="SocketFlairLine_5" BGColor="ffffffff" TextColor="ffffffff" TooltipColor="" Sprite="" Picture="0" IgnoreMouse="1" NewControlDepth="1">
                <Control Class="Window" LAnchorPoint="1" LAnchorOffset="-70" TAnchorPoint="0" TAnchorOffset="0" RAnchorPoint="1" RAnchorOffset="0" BAnchorPoint="1" BAnchorOffset="0" RelativeToClient="1" Font="Default" Text="" Template="Default" TooltipType="OnCursor" Name="Pixie" BGColor="ffffffff" TextColor="ffffffff" TooltipColor="" Sprite="CRB_CraftingCircuitSprites:sprCircuit_Line_WhiteHorizontal_LR" Picture="1" IgnoreMouse="1"/>
                <Control Class="Window" LAnchorPoint="1" LAnchorOffset="-90" TAnchorPoint="0" TAnchorOffset="0" RAnchorPoint="1" RAnchorOffset="-38" BAnchorPoint="0" BAnchorOffset="167" RelativeToClient="1" Font="Default" Text="" Template="Default" TooltipType="OnCursor" Name="Pixie" BGColor="ffffffff" TextColor="ffffffff" TooltipColor="" Sprite="CRB_CraftingCircuitSprites:sprCircuit_Line_WhiteVertical" Picture="1" IgnoreMouse="1"/>
                <Control Class="Window" LAnchorPoint="1" LAnchorOffset="-90" TAnchorPoint="1" TAnchorOffset="-100" RAnchorPoint="1" RAnchorOffset="-38" BAnchorPoint="1" BAnchorOffset="0" RelativeToClient="1" Font="Default" Text="" Template="Default" TooltipType="OnCursor" Name="SocketFlairLineColor" BGColor="ffffffff" TextColor="ffffffff" TooltipColor="" Sprite="CRB_CraftingCircuitSprites:sprCircuit_Line_WhiteVertical" Picture="1" IgnoreMouse="1"/>
                <Control Class="Window" LAnchorPoint="1" LAnchorOffset="-90" TAnchorPoint="0" TAnchorOffset="0" RAnchorPoint="1" RAnchorOffset="-38" BAnchorPoint="0" BAnchorOffset="53" RelativeToClient="1" Font="Default" Text="" Template="Default" TooltipType="OnCursor" Name="SocketFlairNode_5" BGColor="ffffffff" TextColor="ffffffff" TooltipColor="" Sprite="CRB_CraftingCircuitSprites:btnCircuit_LineNode_LeftNormal" Picture="1" IgnoreMouse="1" NewControlDepth="2" HideInEditor="0"/>
                <Control Class="Window" LAnchorPoint="0" LAnchorOffset="0" TAnchorPoint="1" TAnchorOffset="-49" RAnchorPoint="0" RAnchorOffset="72" BAnchorPoint="1" BAnchorOffset="0" RelativeToClient="1" Font="Default" Text="" Template="Default" TooltipType="OnCursor" Name="SocketFlairNodeArt" BGColor="ffffffff" TextColor="ffffffff" TooltipColor="" Picture="1" IgnoreMouse="1" Sprite="CRB_CraftingCircuitSprites:sprCircuit_BottomAccent_White" HideInEditor="0"/>
            </Control>
            <Control Class="Window" LAnchorPoint="0" LAnchorOffset="118" TAnchorPoint="1" TAnchorOffset="-205" RAnchorPoint="0" RAnchorOffset="192" BAnchorPoint="1" BAnchorOffset="0" RelativeToClient="1" Font="Default" Text="" Template="Default" TooltipType="OnCursor" Name="SocketFlairLine_6" BGColor="ffffffff" TextColor="ffffffff" TooltipColor="" Sprite="" Picture="0" IgnoreMouse="1" NewControlDepth="1" HideInEditor="0">
                <Control Class="Window" LAnchorPoint="0.5" LAnchorOffset="-15" TAnchorPoint="0" TAnchorOffset="0" RAnchorPoint="0.5" RAnchorOffset="15" BAnchorPoint="0" BAnchorOffset="100" RelativeToClient="1" Font="Default" Text="" Template="Default" TooltipType="OnCursor" Name="SocketFlairLineParentColor" BGColor="ffffffff" TextColor="ffffffff" TooltipColor="" Sprite="CRB_CraftingCircuitSprites:sprCircuit_Line_WhiteVertical" Picture="1" IgnoreMouse="1"/>
                <Control Class="Window" LAnchorPoint="0.5" LAnchorOffset="-15" TAnchorPoint="1" TAnchorOffset="-133" RAnchorPoint="0.5" RAnchorOffset="15" BAnchorPoint="1" BAnchorOffset="0" RelativeToClient="1" Font="Default" Text="" Template="Default" TooltipType="OnCursor" Name="SocketFlairLineColor" BGColor="ffffffff" TextColor="ffffffff" TooltipColor="" Sprite="CRB_CraftingCircuitSprites:sprCircuit_Line_WhiteVertical" Picture="1" IgnoreMouse="1"/>
                <Control Class="Window" LAnchorPoint="0" LAnchorOffset="0" TAnchorPoint="1" TAnchorOffset="-49" RAnchorPoint="0" RAnchorOffset="72" BAnchorPoint="1" BAnchorOffset="0" RelativeToClient="1" Font="Default" Text="" Template="Default" TooltipType="OnCursor" Name="SocketFlairNodeArt" BGColor="ffffffff" TextColor="ffffffff" TooltipColor="" Picture="1" IgnoreMouse="1" Sprite="sprCircuit_Accent_BottomFull" HideInEditor="0"/>
            </Control>
            <Control Class="Window" LAnchorPoint="0" LAnchorOffset="172" TAnchorPoint="1" TAnchorOffset="-239" RAnchorPoint="0" RAnchorOffset="276" BAnchorPoint="1" BAnchorOffset="0" RelativeToClient="1" Font="Default" Text="" Template="Default" TooltipType="OnCursor" Name="SocketFlairLine_7" BGColor="ffffffff" TextColor="ffffffff" TooltipColor="" Sprite="" Picture="0" IgnoreMouse="1">
                <Control Class="Window" LAnchorPoint="0" LAnchorOffset="0" TAnchorPoint="0" TAnchorOffset="0" RAnchorPoint="0" RAnchorOffset="74" BAnchorPoint="1" BAnchorOffset="0" RelativeToClient="1" Font="Default" Text="" Template="Default" TooltipType="OnCursor" Name="Pixie" BGColor="ffffffff" TextColor="ffffffff" TooltipColor="" Sprite="CRB_CraftingCircuitSprites:sprCircuit_Line_WhiteHorizontal_LR" Picture="1" IgnoreMouse="1"/>
                <Control Class="Window" LAnchorPoint="0" LAnchorOffset="42" TAnchorPoint="0" TAnchorOffset="0" RAnchorPoint="0" RAnchorOffset="94" BAnchorPoint="0" BAnchorOffset="167" RelativeToClient="1" Font="Default" Text="" Template="Default" TooltipType="OnCursor" Name="Pixie" BGColor="ffffffff" TextColor="ffffffff" TooltipColor="" Sprite="CRB_CraftingCircuitSprites:sprCircuit_Line_WhiteVertical" Picture="1" IgnoreMouse="1"/>
                <Control Class="Window" LAnchorPoint="0" LAnchorOffset="42" TAnchorPoint="1" TAnchorOffset="-100" RAnchorPoint="0" RAnchorOffset="94" BAnchorPoint="1" BAnchorOffset="0" RelativeToClient="1" Font="Default" Text="" Template="Default" TooltipType="OnCursor" Name="SocketFlairLineColor" BGColor="ffffffff" TextColor="ffffffff" TooltipColor="" Sprite="CRB_CraftingCircuitSprites:sprCircuit_Line_WhiteVertical" Picture="1" IgnoreMouse="1"/>
                <Control Class="Window" LAnchorPoint="0" LAnchorOffset="42" TAnchorPoint="0" TAnchorOffset="0" RAnchorPoint="0" RAnchorOffset="94" BAnchorPoint="0" BAnchorOffset="53" RelativeToClient="1" Font="Default" Text="" Template="Default" TooltipType="OnCursor" Name="SocketFlairNode_7" BGColor="ffffffff" TextColor="ffffffff" TooltipColor="" Sprite="CRB_CraftingCircuitSprites:btnCircuit_LineNode_RightNormal" Picture="1" IgnoreMouse="1" NewControlDepth="2"/>
                <Control Class="Window" LAnchorPoint="1" LAnchorOffset="-72" TAnchorPoint="1" TAnchorOffset="-49" RAnchorPoint="1" RAnchorOffset="0" BAnchorPoint="1" BAnchorOffset="0" RelativeToClient="1" Font="Default" Text="" Template="Default" TooltipType="OnCursor" Name="SocketFlairNodeArt" BGColor="ffffffff" TextColor="ffffffff" TooltipColor="" Picture="1" IgnoreMouse="1" Sprite="sprCircuit_Accent_BottomFull" HideInEditor="0"/>
            </Control>
            <Control Class="Window" LAnchorPoint="0" LAnchorOffset="289" TAnchorPoint="1" TAnchorOffset="-239" RAnchorPoint="0" RAnchorOffset="389" BAnchorPoint="1" BAnchorOffset="0" RelativeToClient="1" Font="Default" Text="" Template="Default" TooltipType="OnCursor" Name="SocketFlairLine_8" BGColor="ffffffff" TextColor="ffffffff" TooltipColor="" Sprite="" Picture="0" IgnoreMouse="1" NewControlDepth="1">
                <Control Class="Window" LAnchorPoint="1" LAnchorOffset="-70" TAnchorPoint="0" TAnchorOffset="0" RAnchorPoint="1" RAnchorOffset="0" BAnchorPoint="1" BAnchorOffset="0" RelativeToClient="1" Font="Default" Text="" Template="Default" TooltipType="OnCursor" Name="Pixie" BGColor="ffffffff" TextColor="ffffffff" TooltipColor="" Sprite="CRB_CraftingCircuitSprites:sprCircuit_Line_WhiteHorizontal_LR" Picture="1" IgnoreMouse="1"/>
                <Control Class="Window" LAnchorPoint="1" LAnchorOffset="-90" TAnchorPoint="0" TAnchorOffset="0" RAnchorPoint="1" RAnchorOffset="-38" BAnchorPoint="0" BAnchorOffset="167" RelativeToClient="1" Font="Default" Text="" Template="Default" TooltipType="OnCursor" Name="Pixie" BGColor="ffffffff" TextColor="ffffffff" TooltipColor="" Sprite="CRB_CraftingCircuitSprites:sprCircuit_Line_WhiteVertical" Picture="1" IgnoreMouse="1"/>
                <Control Class="Window" LAnchorPoint="1" LAnchorOffset="-90" TAnchorPoint="1" TAnchorOffset="-100" RAnchorPoint="1" RAnchorOffset="-38" BAnchorPoint="1" BAnchorOffset="0" RelativeToClient="1" Font="Default" Text="" Template="Default" TooltipType="OnCursor" Name="SocketFlairLineColor" BGColor="ffffffff" TextColor="ffffffff" TooltipColor="" Sprite="CRB_CraftingCircuitSprites:sprCircuit_Line_WhiteVertical" Picture="1" IgnoreMouse="1"/>
                <Control Class="Window" LAnchorPoint="1" LAnchorOffset="-90" TAnchorPoint="0" TAnchorOffset="0" RAnchorPoint="1" RAnchorOffset="-38" BAnchorPoint="0" BAnchorOffset="53" RelativeToClient="1" Font="Default" Text="" Template="Default" TooltipType="OnCursor" Name="SocketFlairNode_8" BGColor="ffffffff" TextColor="ffffffff" TooltipColor="" Sprite="CRB_CraftingCircuitSprites:btnCircuit_LineNode_LeftNormal" Picture="1" IgnoreMouse="1" NewControlDepth="2"/>
                <Control Class="Window" LAnchorPoint="0" LAnchorOffset="0" TAnchorPoint="1" TAnchorOffset="-49" RAnchorPoint="0" RAnchorOffset="72" BAnchorPoint="1" BAnchorOffset="0" RelativeToClient="1" Font="Default" Text="" Template="Default" TooltipType="OnCursor" Name="SocketFlairNodeArt" BGColor="ffffffff" TextColor="ffffffff" TooltipColor="" Picture="1" IgnoreMouse="1" Sprite="sprCircuit_Accent_BottomFull" HideInEditor="0"/>
            </Control>
            <Control Class="Window" LAnchorPoint="0.5" LAnchorOffset="-36" TAnchorPoint="1" TAnchorOffset="-205" RAnchorPoint="0.5" RAnchorOffset="36" BAnchorPoint="1" BAnchorOffset="0" RelativeToClient="1" Font="Default" Text="" Template="Default" TooltipType="OnCursor" Name="SocketFlairLine_9" BGColor="ffffffff" TextColor="ffffffff" TooltipColor="" Sprite="CRB_CraftingCircuitSprites:sprCircuit_Line_WhiteVertical" Picture="0" IgnoreMouse="1" HideInEditor="0" NewControlDepth="1">
                <Control Class="Window" LAnchorPoint="0.5" LAnchorOffset="-15" TAnchorPoint="0" TAnchorOffset="0" RAnchorPoint="0.5" RAnchorOffset="15" BAnchorPoint="0" BAnchorOffset="100" RelativeToClient="1" Font="Default" Text="" Template="Default" TooltipType="OnCursor" Name="SocketFlairLineParentColor" BGColor="ffffffff" TextColor="ffffffff" TooltipColor="" Sprite="CRB_CraftingCircuitSprites:sprCircuit_Line_WhiteVertical" Picture="1" IgnoreMouse="1"/>
                <Control Class="Window" LAnchorPoint="0.5" LAnchorOffset="-15" TAnchorPoint="1" TAnchorOffset="-133" RAnchorPoint="0.5" RAnchorOffset="15" BAnchorPoint="1" BAnchorOffset="0" RelativeToClient="1" Font="Default" Text="" Template="Default" TooltipType="OnCursor" Name="SocketFlairLineColor" BGColor="ffffffff" TextColor="ffffffff" TooltipColor="" Sprite="CRB_CraftingCircuitSprites:sprCircuit_Line_WhiteVertical" Picture="1" IgnoreMouse="1"/>
                <Control Class="Window" LAnchorPoint="0" LAnchorOffset="0" TAnchorPoint="1" TAnchorOffset="-49" RAnchorPoint="0" RAnchorOffset="72" BAnchorPoint="1" BAnchorOffset="0" RelativeToClient="1" Font="Default" Text="" Template="Default" TooltipType="OnCursor" Name="SocketFlairNodeArt" BGColor="ffffffff" TextColor="ffffffff" TooltipColor="" Picture="1" IgnoreMouse="1" Sprite="sprCircuit_Accent_BottomFull" HideInEditor="0"/>
            </Control>
            <Control Class="Window" LAnchorPoint="0.5" LAnchorOffset="17" TAnchorPoint="1" TAnchorOffset="-239" RAnchorPoint="0.5" RAnchorOffset="121" BAnchorPoint="1" BAnchorOffset="0" RelativeToClient="1" Font="Default" Text="" Template="Default" TooltipType="OnCursor" Name="SocketFlairLine_10" BGColor="ffffffff" TextColor="ffffffff" TooltipColor="" Sprite="" Picture="0" IgnoreMouse="1">
                <Control Class="Window" LAnchorPoint="0" LAnchorOffset="0" TAnchorPoint="0" TAnchorOffset="0" RAnchorPoint="0" RAnchorOffset="74" BAnchorPoint="1" BAnchorOffset="0" RelativeToClient="1" Font="Default" Text="" Template="Default" TooltipType="OnCursor" Name="Pixie" BGColor="ffffffff" TextColor="ffffffff" TooltipColor="" Sprite="CRB_CraftingCircuitSprites:sprCircuit_Line_WhiteHorizontal_LR" Picture="1" IgnoreMouse="1"/>
                <Control Class="Window" LAnchorPoint="0" LAnchorOffset="42" TAnchorPoint="0" TAnchorOffset="0" RAnchorPoint="0" RAnchorOffset="94" BAnchorPoint="0" BAnchorOffset="167" RelativeToClient="1" Font="Default" Text="" Template="Default" TooltipType="OnCursor" Name="Pixie" BGColor="ffffffff" TextColor="ffffffff" TooltipColor="" Sprite="CRB_CraftingCircuitSprites:sprCircuit_Line_WhiteVertical" Picture="1" IgnoreMouse="1"/>
                <Control Class="Window" LAnchorPoint="0" LAnchorOffset="42" TAnchorPoint="1" TAnchorOffset="-100" RAnchorPoint="0" RAnchorOffset="94" BAnchorPoint="1" BAnchorOffset="0" RelativeToClient="1" Font="Default" Text="" Template="Default" TooltipType="OnCursor" Name="SocketFlairLineColor" BGColor="ffffffff" TextColor="ffffffff" TooltipColor="" Sprite="CRB_CraftingCircuitSprites:sprCircuit_Line_WhiteVertical" Picture="1" IgnoreMouse="1"/>
                <Control Class="Window" LAnchorPoint="0" LAnchorOffset="42" TAnchorPoint="0" TAnchorOffset="0" RAnchorPoint="0" RAnchorOffset="94" BAnchorPoint="0" BAnchorOffset="53" RelativeToClient="1" Font="Default" Text="" Template="Default" TooltipType="OnCursor" Name="SocketFlairNode_10" BGColor="ffffffff" TextColor="ffffffff" TooltipColor="" Sprite="CRB_CraftingCircuitSprites:btnCircuit_LineNode_RightNormal" Picture="1" IgnoreMouse="1" NewControlDepth="2"/>
                <Control Class="Window" LAnchorPoint="1" LAnchorOffset="-72" TAnchorPoint="1" TAnchorOffset="-49" RAnchorPoint="1" RAnchorOffset="0" BAnchorPoint="1" BAnchorOffset="0" RelativeToClient="1" Font="Default" Text="" Template="Default" TooltipType="OnCursor" Name="SocketFlairNodeArt" BGColor="ffffffff" TextColor="ffffffff" TooltipColor="" Picture="1" IgnoreMouse="1" Sprite="sprCircuit_Accent_BottomFull" HideInEditor="0"/>
            </Control>
            <Control Class="Window" LAnchorPoint="1" LAnchorOffset="-277" TAnchorPoint="1" TAnchorOffset="-239" RAnchorPoint="1" RAnchorOffset="-179" BAnchorPoint="1" BAnchorOffset="0" RelativeToClient="1" Font="Default" Text="" Template="Default" TooltipType="OnCursor" Name="SocketFlairLine_11" BGColor="ffffffff" TextColor="ffffffff" TooltipColor="" Sprite="" Picture="0" IgnoreMouse="1" NewControlDepth="1">
                <Control Class="Window" LAnchorPoint="1" LAnchorOffset="-67" TAnchorPoint="0" TAnchorOffset="0" RAnchorPoint="1" RAnchorOffset="0" BAnchorPoint="1" BAnchorOffset="0" RelativeToClient="1" Font="Default" Text="" Template="Default" TooltipType="OnCursor" Name="Pixie" BGColor="ffffffff" TextColor="ffffffff" TooltipColor="" Sprite="CRB_CraftingCircuitSprites:sprCircuit_Line_WhiteHorizontal_LR" Picture="1" IgnoreMouse="1" HideInEditor="0"/>
                <Control Class="Window" LAnchorPoint="1" LAnchorOffset="-88" TAnchorPoint="0" TAnchorOffset="0" RAnchorPoint="1" RAnchorOffset="-36" BAnchorPoint="0" BAnchorOffset="167" RelativeToClient="1" Font="Default" Text="" Template="Default" TooltipType="OnCursor" Name="Pixie" BGColor="ffffffff" TextColor="ffffffff" TooltipColor="" Sprite="CRB_CraftingCircuitSprites:sprCircuit_Line_WhiteVertical" Picture="1" IgnoreMouse="1"/>
                <Control Class="Window" LAnchorPoint="1" LAnchorOffset="-88" TAnchorPoint="1" TAnchorOffset="-100" RAnchorPoint="1" RAnchorOffset="-36" BAnchorPoint="1" BAnchorOffset="0" RelativeToClient="1" Font="Default" Text="" Template="Default" TooltipType="OnCursor" Name="SocketFlairLineColor" BGColor="ffffffff" TextColor="ffffffff" TooltipColor="" Sprite="CRB_CraftingCircuitSprites:sprCircuit_Line_WhiteVertical" Picture="1" IgnoreMouse="1"/>
                <Control Class="Window" LAnchorPoint="1" LAnchorOffset="-87" TAnchorPoint="0" TAnchorOffset="0" RAnchorPoint="1" RAnchorOffset="-35" BAnchorPoint="0" BAnchorOffset="53" RelativeToClient="1" Font="Default" Text="" Template="Default" TooltipType="OnCursor" Name="SocketFlairNode_11" BGColor="ffffffff" TextColor="ffffffff" TooltipColor="" Sprite="CRB_CraftingCircuitSprites:btnCircuit_LineNode_LeftNormal" Picture="1" IgnoreMouse="1" NewControlDepth="2"/>
                <Control Class="Window" LAnchorPoint="0" LAnchorOffset="0" TAnchorPoint="1" TAnchorOffset="-49" RAnchorPoint="0" RAnchorOffset="72" BAnchorPoint="1" BAnchorOffset="0" RelativeToClient="1" Font="Default" Text="" Template="Default" TooltipType="OnCursor" Name="SocketFlairNodeArt" BGColor="ffffffff" TextColor="ffffffff" TooltipColor="" Picture="1" IgnoreMouse="1" Sprite="sprCircuit_Accent_BottomFull" HideInEditor="0"/>
            </Control>
            <Control Class="Window" LAnchorPoint="1" LAnchorOffset="-192" TAnchorPoint="1" TAnchorOffset="-205" RAnchorPoint="1" RAnchorOffset="-118" BAnchorPoint="1" BAnchorOffset="0" RelativeToClient="1" Font="Default" Text="" Template="Default" TooltipType="OnCursor" Name="SocketFlairLine_12" BGColor="ffffffff" TextColor="ffffffff" TooltipColor="" Sprite="" Picture="0" IgnoreMouse="1" HideInEditor="0">
                <Control Class="Window" LAnchorPoint="0.5" LAnchorOffset="-16" TAnchorPoint="0" TAnchorOffset="0" RAnchorPoint="0.5" RAnchorOffset="14" BAnchorPoint="0" BAnchorOffset="100" RelativeToClient="1" Font="Default" Text="" Template="Default" TooltipType="OnCursor" Name="SocketFlairLineParentColor" BGColor="ffffffff" TextColor="ffffffff" TooltipColor="" Sprite="CRB_CraftingCircuitSprites:sprCircuit_Line_BlueVertical" Picture="1" IgnoreMouse="1"/>
                <Control Class="Window" LAnchorPoint="0.5" LAnchorOffset="-16" TAnchorPoint="1" TAnchorOffset="-133" RAnchorPoint="0.5" RAnchorOffset="14" BAnchorPoint="1" BAnchorOffset="0" RelativeToClient="1" Font="Default" Text="" Template="Default" TooltipType="OnCursor" Name="SocketFlairLineColor" BGColor="ffffffff" TextColor="ffffffff" TooltipColor="" Sprite="CRB_CraftingCircuitSprites:sprCircuit_Line_WhiteVertical" Picture="1" IgnoreMouse="1"/>
                <Control Class="Window" LAnchorPoint="0" LAnchorOffset="0" TAnchorPoint="1" TAnchorOffset="-49" RAnchorPoint="0" RAnchorOffset="72" BAnchorPoint="1" BAnchorOffset="0" RelativeToClient="1" Font="Default" Text="" Template="Default" TooltipType="OnCursor" Name="SocketFlairNodeArt" BGColor="ffffffff" TextColor="ffffffff" TooltipColor="" Picture="1" IgnoreMouse="1" Sprite="sprCircuit_Accent_BottomFull" HideInEditor="0"/>
            </Control>
            <Control Class="Window" LAnchorPoint="1" LAnchorOffset="-138" TAnchorPoint="1" TAnchorOffset="-239" RAnchorPoint="1" RAnchorOffset="-35" BAnchorPoint="1" BAnchorOffset="0" RelativeToClient="1" Font="Default" Text="" Template="Default" TooltipType="OnCursor" Name="SocketFlairLine_13" BGColor="ffffffff" TextColor="ffffffff" TooltipColor="" Sprite="" Picture="0" IgnoreMouse="1">
                <Control Class="Window" LAnchorPoint="0" LAnchorOffset="0" TAnchorPoint="0" TAnchorOffset="0" RAnchorPoint="0" RAnchorOffset="74" BAnchorPoint="1" BAnchorOffset="0" RelativeToClient="1" Font="Default" Text="" Template="Default" TooltipType="OnCursor" Name="Pixie" BGColor="ffffffff" TextColor="ffffffff" TooltipColor="" Sprite="CRB_CraftingCircuitSprites:sprCircuit_Line_WhiteHorizontal_LR" Picture="1" IgnoreMouse="1"/>
                <Control Class="Window" LAnchorPoint="0" LAnchorOffset="42" TAnchorPoint="0" TAnchorOffset="0" RAnchorPoint="0" RAnchorOffset="94" BAnchorPoint="0" BAnchorOffset="167" RelativeToClient="1" Font="Default" Text="" Template="Default" TooltipType="OnCursor" Name="Pixie" BGColor="ffffffff" TextColor="ffffffff" TooltipColor="" Sprite="CRB_CraftingCircuitSprites:sprCircuit_Line_WhiteVertical" Picture="1" IgnoreMouse="1"/>
                <Control Class="Window" LAnchorPoint="0" LAnchorOffset="42" TAnchorPoint="1" TAnchorOffset="-100" RAnchorPoint="0" RAnchorOffset="94" BAnchorPoint="1" BAnchorOffset="0" RelativeToClient="1" Font="Default" Text="" Template="Default" TooltipType="OnCursor" Name="SocketFlairLineColor" BGColor="ffffffff" TextColor="ffffffff" TooltipColor="" Sprite="CRB_CraftingCircuitSprites:sprCircuit_Line_WhiteVertical" Picture="1" IgnoreMouse="1"/>
                <Control Class="Window" LAnchorPoint="0" LAnchorOffset="42" TAnchorPoint="0" TAnchorOffset="0" RAnchorPoint="0" RAnchorOffset="94" BAnchorPoint="0" BAnchorOffset="53" RelativeToClient="1" Font="Default" Text="" Template="Default" TooltipType="OnCursor" Name="SocketFlairNode_13" BGColor="ffffffff" TextColor="ffffffff" TooltipColor="" Sprite="CRB_CraftingCircuitSprites:btnCircuit_LineNode_RightNormal" Picture="1" IgnoreMouse="1" NewControlDepth="2"/>
                <Control Class="Window" LAnchorPoint="1" LAnchorOffset="-72" TAnchorPoint="1" TAnchorOffset="-49" RAnchorPoint="1" RAnchorOffset="0" BAnchorPoint="1" BAnchorOffset="0" RelativeToClient="1" Font="Default" Text="" Template="Default" TooltipType="OnCursor" Name="SocketFlairNodeArt" BGColor="ffffffff" TextColor="ffffffff" TooltipColor="" Picture="1" IgnoreMouse="1" Sprite="sprCircuit_Accent_BottomFull" HideInEditor="0"/>
            </Control>
            <Control Class="Window" LAnchorPoint="0.5" LAnchorOffset="-26" TAnchorPoint="0" TAnchorOffset="149" RAnchorPoint="0.5" RAnchorOffset="26" BAnchorPoint="0" BAnchorOffset="202" RelativeToClient="1" Font="Default" Text="" Template="Default" TooltipType="OnCursor" Name="SocketFlairNode_TopMid" BGColor="ffffffff" TextColor="ffffffff" TooltipColor="" Sprite="btnCircuit_LineNode_PlusNormal" Picture="1" IgnoreMouse="1" NewControlDepth="2"/>
            <Control Class="Window" LAnchorPoint="0.5" LAnchorOffset="-280" TAnchorPoint="0" TAnchorOffset="170" RAnchorPoint="0.5" RAnchorOffset="-228" BAnchorPoint="0" BAnchorOffset="223" RelativeToClient="1" Font="Default" Text="" Template="Default" TooltipType="OnCursor" Name="SocketFlairNode_TopLeft" BGColor="ffffffff" TextColor="ffffffff" TooltipColor="" Sprite="CRB_CraftingCircuitSprites:btnCircuit_LineNode_LeftDisabled" Picture="1" IgnoreMouse="1"/>
            <Control Class="Window" LAnchorPoint="0.5" LAnchorOffset="228" TAnchorPoint="0" TAnchorOffset="170" RAnchorPoint="0.5" RAnchorOffset="280" BAnchorPoint="0" BAnchorOffset="223" RelativeToClient="1" Font="Default" Text="" Template="Default" TooltipType="OnCursor" Name="SocketFlairNode_TopRight" BGColor="ffffffff" TextColor="ffffffff" TooltipColor="" Sprite="CRB_CraftingCircuitSprites:btnCircuit_LineNode_RightDisabled" Picture="1" IgnoreMouse="1"/>
            <Pixie LAnchorPoint="0" LAnchorOffset="395" TAnchorPoint="0" TAnchorOffset="101" RAnchorPoint="0" RAnchorOffset="425" BAnchorPoint="0" BAnchorOffset="182" BGColor="ffffffff" Font="Default" TextColor="ffffffff" Text="" Sprite="CRB_CraftingCircuitSprites:sprCircuit_Line_WhiteVertical" Line="0"/>
        </Control>
        <Control Class="Window" LAnchorPoint="0" LAnchorOffset="41" TAnchorPoint="0" TAnchorOffset="0" RAnchorPoint="0" RAnchorOffset="883" BAnchorPoint="0" BAnchorOffset="594" RelativeToClient="1" Font="CRB_InterfaceSmall" Text="" Template="Default" Name="SocketsLayer" BGColor="ffffffff" TextColor="ffffffff" TooltipColor="" Tooltip="" IgnoreMouse="1" Overlapped="1" TextId="" Picture="1" HideInEditor="0">
            <Control Class="Window" Base="CRB_DEMO_WrapperSprites:btnDemo_CharInvisible" Font="Thick" ButtonType="PushButton" RadioGroup="" LAnchorPoint="0" LAnchorOffset="83" TAnchorPoint="0" TAnchorOffset="219" RAnchorPoint="0" RAnchorOffset="249" BAnchorPoint="0" BAnchorOffset="394" DT_VCENTER="0" DT_CENTER="0" Name="SocketButton2" BGColor="ff9d9d9d" TextColor="ffffffff" NormalTextColor="ffffffff" PressedTextColor="ffffffff" FlybyTextColor="ffffffff" PressedFlybyTextColor="ffffffff" DisabledTextColor="ffffffff" IgnoreTooltipDelay="1" TooltipType="OnCursor" DT_RIGHT="1" DT_BOTTOM="0" RelativeToClient="1" IgnoreMouse="1" Sprite="DatachronSprites:btnAlertPressed" Picture="0" TooltipColor="" Text="" TextId="" NewControlDepth="5" TooltipFont="CRB_InterfaceSmall_O" Tooltip="" HideInEditor="0"/>
            <Control Class="Window" Base="CRB_DEMO_WrapperSprites:btnDemo_CharInvisible" Font="Thick" ButtonType="PushButton" RadioGroup="" LAnchorPoint="0.5" LAnchorOffset="-83" TAnchorPoint="0" TAnchorOffset="219" RAnchorPoint="0.5" RAnchorOffset="83" BAnchorPoint="0" BAnchorOffset="394" DT_VCENTER="0" DT_CENTER="0" Name="SocketButton3" BGColor="ff9d9d9d" TextColor="ffffffff" NormalTextColor="ffffffff" PressedTextColor="ffffffff" FlybyTextColor="ffffffff" PressedFlybyTextColor="ffffffff" DisabledTextColor="ffffffff" IgnoreTooltipDelay="1" TooltipType="OnCursor" DT_RIGHT="1" DT_BOTTOM="1" RelativeToClient="1" IgnoreMouse="1" Sprite="DatachronSprites:btnAlertDisabled" Picture="0" TooltipColor="" TooltipFont="CRB_InterfaceSmall_O" Tooltip="" NewControlDepth="5"/>
            <Control Class="Window" Base="CRB_DEMO_WrapperSprites:btnDemo_CharInvisible" Font="Thick" ButtonType="PushButton" RadioGroup="" LAnchorPoint="1" LAnchorOffset="-249" TAnchorPoint="0" TAnchorOffset="219" RAnchorPoint="1" RAnchorOffset="-83" BAnchorPoint="0" BAnchorOffset="394" DT_VCENTER="0" DT_CENTER="0" Name="SocketButton4" BGColor="ffffffff" TextColor="ffffffff" NormalTextColor="ffffffff" PressedTextColor="ffffffff" FlybyTextColor="ffffffff" PressedFlybyTextColor="ffffffff" DisabledTextColor="ffffffff" IgnoreTooltipDelay="1" TooltipType="OnCursor" DT_RIGHT="1" DT_BOTTOM="1" RelativeToClient="1" IgnoreMouse="1" Picture="0" Sprite="" TooltipColor="" TooltipFont="CRB_InterfaceSmall_O" NewControlDepth="5"/>
            <Control Class="Window" LAnchorPoint="0" LAnchorOffset="0" TAnchorPoint="1" TAnchorOffset="-175" RAnchorPoint="0" RAnchorOffset="166" BAnchorPoint="1" BAnchorOffset="0" RelativeToClient="1" Font="Default" Text="" Template="Default" TooltipType="OnCursor" Name="SocketButton5" BGColor="ffffffff" TextColor="ffffffff" TooltipColor=""/>
            <Control Class="Window" LAnchorPoint="0" LAnchorOffset="83" TAnchorPoint="1" TAnchorOffset="-175" RAnchorPoint="0" RAnchorOffset="249" BAnchorPoint="1" BAnchorOffset="0" RelativeToClient="1" Font="Default" Text="" Template="Default" TooltipType="OnCursor" Name="SocketButton6" BGColor="ffffffff" TextColor="ffffffff" TooltipColor=""/>
            <Control Class="Window" LAnchorPoint="0" LAnchorOffset="168" TAnchorPoint="1" TAnchorOffset="-175" RAnchorPoint="0" RAnchorOffset="334" BAnchorPoint="1" BAnchorOffset="0" RelativeToClient="1" Font="Default" Text="" Template="Default" TooltipType="OnCursor" Name="SocketButton7" BGColor="ffffffff" TextColor="ffffffff" TooltipColor=""/>
            <Control Class="Window" LAnchorPoint="0.5" LAnchorOffset="-168" TAnchorPoint="1" TAnchorOffset="-175" RAnchorPoint="0.5" RAnchorOffset="-2" BAnchorPoint="1" BAnchorOffset="0" RelativeToClient="1" Font="Default" Text="" Template="Default" TooltipType="OnCursor" Name="SocketButton8" BGColor="ffffffff" TextColor="ffffffff" TooltipColor=""/>
            <Control Class="Window" LAnchorPoint="0.5" LAnchorOffset="-83" TAnchorPoint="1" TAnchorOffset="-175" RAnchorPoint="0.5" RAnchorOffset="83" BAnchorPoint="1" BAnchorOffset="0" RelativeToClient="1" Font="Default" Text="" Template="Default" TooltipType="OnCursor" Name="SocketButton9" BGColor="ffffffff" TextColor="ffffffff" TooltipColor=""/>
            <Control Class="Window" LAnchorPoint="0.5" LAnchorOffset="2" TAnchorPoint="1" TAnchorOffset="-175" RAnchorPoint="0.5" RAnchorOffset="168" BAnchorPoint="1" BAnchorOffset="0" RelativeToClient="1" Font="Default" Text="" Template="Default" TooltipType="OnCursor" Name="SocketButton10" BGColor="ffffffff" TextColor="ffffffff" TooltipColor=""/>
            <Control Class="Window" LAnchorPoint="1" LAnchorOffset="-334" TAnchorPoint="1" TAnchorOffset="-175" RAnchorPoint="1" RAnchorOffset="-168" BAnchorPoint="1" BAnchorOffset="0" RelativeToClient="1" Font="Default" Text="" Template="Default" TooltipType="OnCursor" Name="SocketButton11" BGColor="ffffffff" TextColor="ffffffff" TooltipColor=""/>
            <Control Class="Window" LAnchorPoint="1" LAnchorOffset="-249" TAnchorPoint="1" TAnchorOffset="-175" RAnchorPoint="1" RAnchorOffset="-83" BAnchorPoint="1" BAnchorOffset="0" RelativeToClient="1" Font="Default" Text="" Template="Default" TooltipType="OnCursor" Name="SocketButton12" BGColor="ffffffff" TextColor="ffffffff" TooltipColor=""/>
            <Control Class="Window" LAnchorPoint="1" LAnchorOffset="-166" TAnchorPoint="1" TAnchorOffset="-175" RAnchorPoint="1" RAnchorOffset="0" BAnchorPoint="1" BAnchorOffset="0" RelativeToClient="1" Font="Default" Text="" Template="Default" TooltipType="OnCursor" Name="SocketButton13" BGColor="ffffffff" TextColor="ffffffff" TooltipColor=""/>
            <Control Class="Window" Base="CRB_DEMO_WrapperSprites:btnDemo_CharInvisible" Font="Thick" ButtonType="PushButton" RadioGroup="" LAnchorPoint="0.5" LAnchorOffset="-72" TAnchorPoint="0" TAnchorOffset="8" RAnchorPoint="0.5" RAnchorOffset="72" BAnchorPoint="0" BAnchorOffset="152" Name="SocketButton1" BGColor="ffffffff" TextColor="ffffffff" NormalTextColor="ffffffff" PressedTextColor="ffffffff" FlybyTextColor="ffffffff" PressedFlybyTextColor="ffffffff" DisabledTextColor="ffffffff" IgnoreTooltipDelay="1" TooltipType="OnCursor" Sprite="CRB_QuestTrackerSprites:btnQT_ScrollScrollerPressed" Text="" TooltipColor="" IgnoreMouse="1" Tooltip="" RelativeToClient="1"/>
        </Control>
        <Control Class="ProgressBar" Text="" LAnchorPoint="0" LAnchorOffset="178" TAnchorPoint="0" TAnchorOffset="601" RAnchorPoint="0" RAnchorOffset="561" BAnchorPoint="0" BAnchorOffset="724" AutoSetText="0" UseValues="0" RelativeToClient="1" SetTextToProgress="0" ProgressFull="CRB_CraftingCircuitSprites:sprCircuit_Overcharge_Prog" TooltipType="OnCursor" Name="OverchargeBar" BGColor="ffffffff" TextColor="ffffffff" TooltipColor="" BarColor="" ProgressEdgeGlow="CRB_CraftingCircuitSprites:sprCircuit_Overcharge_ProgEdgeGlow" UsePercent="0" EdgeGlow="1" NoClipEdgeGlow="0" VerticallyAligned="0" BRtoLT="0" UseTextRect="0" PolygonalClipping="0" RadialBar="0" Clockwise="0" IgnoreMax="0" IgnoreMouse="1" Picture="1" Sprite="" Tooltip="">
            <Control Class="Window" LAnchorPoint="0" LAnchorOffset="86" TAnchorPoint="0" TAnchorOffset="0" RAnchorPoint="1" RAnchorOffset="0" BAnchorPoint="1" BAnchorOffset="-4" RelativeToClient="1" Font="CRB_Header16" Text="" Template="Default" TooltipType="OnCursor" Name="OverchargeCurrentText" BGColor="ffffffff" TextColor="ffffffff" TooltipColor="" DT_VCENTER="1" DT_CENTER="0" TextId="" DT_WORDBREAK="1"/>
        </Control>
        <Control Class="Button" Base="CRB_CraftingCircuitSprites:btnCircuit_Glass_GreenOrange" Font="CRB_Header20" ButtonType="PushButton" RadioGroup="" LAnchorPoint="0" LAnchorOffset="911" TAnchorPoint="0" TAnchorOffset="548" RAnchorPoint="0" RAnchorOffset="1102" BAnchorPoint="0" BAnchorOffset="619" DT_VCENTER="1" DT_CENTER="1" Name="CraftButton" BGColor="ffffffff" TextColor="ffffffff" NormalTextColor="UI_BtnTextGreenNormal" PressedTextColor="UI_BtnTextGreenPressed" FlybyTextColor="UI_BtnTextGreenFlyby" PressedFlybyTextColor="UI_BtnTextGreenPressedFlyby" DisabledTextColor="UI_BtnTextGrayListFlyby" TextId="ActivationPrompt_CraftingStation" IgnoreTooltipDelay="0" RelativeToClient="1" Text="" TooltipColor="" Visible="1" HideInEditor="0" TooltipType="OnCursor" TooltipFont="CRB_InterfaceSmall_O" WindowSoundTemplate="TogglePhys01">
            <Event Name="ButtonSignal" Function="OnCraftBtnClicked"/>
        </Control>
        <Control Class="MLWindow" LAnchorPoint="0" LAnchorOffset="913" TAnchorPoint="1" TAnchorOffset="-108" RAnchorPoint="0" RAnchorOffset="1101" BAnchorPoint="1" BAnchorOffset="-58" RelativeToClient="1" Font="CRB_InterfaceSmall_O" Text="" Template="Default" TooltipType="OnCursor" Name="WarningWindowText" BGColor="ffffffff" TextColor="ffffffff" TooltipColor="" TextId="" DT_WORDBREAK="1" DT_CENTER="1" DT_VCENTER="1"/>
        <Event Name="WindowClosed" Function="OnCloseBtn"/>
        <Control Class="Window" LAnchorPoint="0" LAnchorOffset="0" TAnchorPoint="0" TAnchorOffset="0" RAnchorPoint="1" RAnchorOffset="0" BAnchorPoint="1" BAnchorOffset="0" RelativeToClient="1" Font="Default" Text="" Template="Default" TooltipType="OnCursor" Name="BlockerLayer" BGColor="ffffffff" TextColor="ffffffff" TooltipColor="" IgnoreMouse="1" HideInEditor="0" Tooltip="">
            <Control Class="Window" LAnchorPoint="0" LAnchorOffset="0" TAnchorPoint="0" TAnchorOffset="0" RAnchorPoint="1" RAnchorOffset="0" BAnchorPoint="1" BAnchorOffset="0" RelativeToClient="1" Font="Default" Text="" Template="Default" TooltipType="OnCursor" Name="PreviewOnlyBlocker" BGColor="ffffffff" TextColor="ffffffff" TooltipColor="" Picture="1" IgnoreMouse="1" Sprite="" TextId="" Visible="0" HideInEditor="1" TooltipFont="CRB_InterfaceSmall_O" Tooltip="" TooltipId="" NewWindowDepth="1">
                <Control Class="Window" LAnchorPoint="0" LAnchorOffset="75" TAnchorPoint="0" TAnchorOffset="35" RAnchorPoint="0" RAnchorOffset="855" BAnchorPoint="0" BAnchorOffset="585" RelativeToClient="1" Font="Default" Text="" Template="Default" TooltipType="OnCursor" Name="PreviewOnlyMouseBlocker" BGColor="00ffffff" TextColor="ffffffff" TooltipColor="" Picture="1" IgnoreMouse="0" Sprite="BlackFill" SwallowMouseClicks="1"/>
                <Control Class="Button" Base="CRB_CraftingCircuitSprites:btnCircuit_Glass_GreenOrange" Font="CRB_Header20" ButtonType="PushButton" RadioGroup="" LAnchorPoint="1" LAnchorOffset="-289" TAnchorPoint="0" TAnchorOffset="548" RAnchorPoint="1" RAnchorOffset="-98" BAnchorPoint="0" BAnchorOffset="619" DT_VCENTER="1" DT_CENTER="1" TooltipType="OnCursor" Name="PreviewStartCraftBtn" BGColor="ffffffff" TextColor="ffffffff" TooltipColor="" NormalTextColor="UI_BtnTextGreenNormal" PressedTextColor="UI_BtnTextGreenPressed" FlybyTextColor="UI_BtnTextGreenFlyby" PressedFlybyTextColor="UI_BtnTextGreenPressedFlyby" DisabledTextColor="UI_BtnTextGreenDisabled" Text="" TextId="CBCrafting_StartCraft" HideInEditor="0" RelativeToClient="1">
                    <Event Name="ButtonSignal" Function="OnPreviewStartCraft"/>
                </Control>
                <Pixie LAnchorPoint="0" LAnchorOffset="51" TAnchorPoint="0" TAnchorOffset="11" RAnchorPoint="0" RAnchorOffset="883" BAnchorPoint="0" BAnchorOffset="715" BGColor="ffffffff" Font="Default" TextColor="ffffffff" Text="" Sprite="sprCircuit_LargeBlocker" Line="0"/>
            </Control>
            <Control Class="Window" LAnchorPoint="0" LAnchorOffset="0" TAnchorPoint="0" TAnchorOffset="0" RAnchorPoint="1" RAnchorOffset="0" BAnchorPoint="1" BAnchorOffset="0" RelativeToClient="1" Font="Default" Text="" Template="Default" TooltipType="OnCursor" Name="NoStationBlocker" BGColor="ffffffff" TextColor="ffffffff" TooltipColor="" Picture="1" IgnoreMouse="1" Sprite="" TextId="" Visible="0" HideInEditor="1" TooltipFont="CRB_InterfaceSmall_O" Tooltip="" TooltipId="" NewWindowDepth="1">
                <Control Class="Window" LAnchorPoint="0" LAnchorOffset="66" TAnchorPoint="0" TAnchorOffset="33" RAnchorPoint="1" RAnchorOffset="-349" BAnchorPoint="1" BAnchorOffset="-150" RelativeToClient="1" Font="Default" Text="" Template="Default" TooltipType="OnCursor" Name="BlockerLayerMouseBlocker" BGColor="ffffffff" TextColor="ffffffff" TooltipColor="" NewWindowDepth="1" SwallowMouseClicks="1"/>
                <Control Class="Window" LAnchorPoint="1" LAnchorOffset="-311" TAnchorPoint="0" TAnchorOffset="466" RAnchorPoint="1" RAnchorOffset="-71" BAnchorPoint="0" BAnchorOffset="530" RelativeToClient="1" Font="CRB_Interface16_BB" Text="" Template="Default" TooltipType="OnCursor" Name="Pixie" BGColor="ffffffff" TextColor="AddonError" TooltipColor="" TextId="Crafting_NoStation" DT_CENTER="1" DT_VCENTER="0" DT_WORDBREAK="1"/>
                <Control Class="Window" LAnchorPoint="1" LAnchorOffset="-238" TAnchorPoint="0" TAnchorOffset="366" RAnchorPoint="1" RAnchorOffset="-138" BAnchorPoint="0" BAnchorOffset="466" RelativeToClient="1" Font="Default" Text="" Template="Default" TooltipType="OnCursor" Name="Pixie" BGColor="ffffffff" TextColor="ffffffff" TooltipColor="" Sprite="CRB_Anim_SignalLost:sprMap_Anim_SignalLost" Picture="1" IgnoreMouse="1"/>
                <Pixie LAnchorPoint="0" LAnchorOffset="51" TAnchorPoint="0" TAnchorOffset="11" RAnchorPoint="0" RAnchorOffset="883" BAnchorPoint="0" BAnchorOffset="715" BGColor="ffffffff" Font="Default" TextColor="ffffffff" Text="" Sprite="sprCircuit_LargeBlocker" Line="0"/>
                <Control Class="Window" LAnchorPoint="1" LAnchorOffset="-289" TAnchorPoint="0" TAnchorOffset="548" RAnchorPoint="1" RAnchorOffset="-98" BAnchorPoint="0" BAnchorOffset="619" RelativeToClient="1" Font="CRB_Header20" Text="" BGColor="UI_WindowBGDefault" TextColor="UI_BtnTextGreenDisabled" Template="Default" TooltipType="OnCursor" Name="Pixie" TooltipColor="" Sprite="CRB_CraftingCircuitSprites:btnCircuit_Glass_GreenOrangeDisabled" Picture="1" IgnoreMouse="1" TextId="CBCrafting_NoStation" DT_CENTER="1" DT_VCENTER="1"/>
            </Control>
            <Control Class="Window" LAnchorPoint="0" LAnchorOffset="0" TAnchorPoint="0" TAnchorOffset="0" RAnchorPoint="1" RAnchorOffset="0" BAnchorPoint="1" BAnchorOffset="0" RelativeToClient="1" Font="Default" Text="" Template="Default" TooltipType="OnCursor" Name="NoMaterialsBlocker" BGColor="ffffffff" TextColor="ffffffff" TooltipColor="" Picture="1" IgnoreMouse="1" Sprite="" TextId="" Visible="0" HideInEditor="1" TooltipFont="CRB_InterfaceSmall_O" Tooltip="" TooltipId="" NewWindowDepth="1">
                <Control Class="Window" LAnchorPoint="0" LAnchorOffset="66" TAnchorPoint="0" TAnchorOffset="33" RAnchorPoint="1" RAnchorOffset="-349" BAnchorPoint="1" BAnchorOffset="-150" RelativeToClient="1" Font="Default" Text="" Template="Default" TooltipType="OnCursor" Name="BlockerLayerMouseBlocker" BGColor="ffffffff" TextColor="ffffffff" TooltipColor="" SwallowMouseClicks="1" NewWindowDepth="1"/>
                <Control Class="Window" LAnchorPoint="1" LAnchorOffset="-290" TAnchorPoint="1" TAnchorOffset="-270" RAnchorPoint="1" RAnchorOffset="-98" BAnchorPoint="1" BAnchorOffset="-213" RelativeToClient="1" Font="Default" Text="" Template="CRB_Scroll_HoloSmall" TooltipType="OnCursor" Name="NoMaterialsList" BGColor="ffffffff" TextColor="ffffffff" TooltipColor="" Tooltip="" HScroll="1" IgnoreMouse="1" AutoHideScroll="1"/>
                <Pixie LAnchorPoint="0" LAnchorOffset="51" TAnchorPoint="0" TAnchorOffset="11" RAnchorPoint="0" RAnchorOffset="883" BAnchorPoint="0" BAnchorOffset="715" BGColor="ffffffff" Font="Default" TextColor="ffffffff" Text="" Sprite="sprCircuit_LargeBlocker" Line="0"/>
                <Pixie LAnchorPoint="1" LAnchorOffset="-289" TAnchorPoint="0" TAnchorOffset="548" RAnchorPoint="1" RAnchorOffset="-98" BAnchorPoint="0" BAnchorOffset="619" BGColor="ffffffff" Font="CRB_Header20" TextColor="UI_BtnTextGreenDisabled" Text="" TextId="CBCrafting_PreviewOnlyMissingMaterials" Sprite="CRB_CraftingCircuitSprites:btnCircuit_Glass_GreenOrangeDisabled" DT_CENTER="1" DT_VCENTER="1" DT_WORDBREAK="1" Line="0"/>
            </Control>
            <Control Class="Window" LAnchorPoint="0" LAnchorOffset="0" TAnchorPoint="0" TAnchorOffset="0" RAnchorPoint="1" RAnchorOffset="0" BAnchorPoint="1" BAnchorOffset="0" RelativeToClient="1" Font="Default" Text="" Template="Default" TooltipType="OnCursor" Name="NotKnownBlocker" BGColor="ffffffff" TextColor="ffffffff" TooltipColor="" Picture="1" IgnoreMouse="1" Sprite="" TextId="" Visible="0" HideInEditor="1" TooltipFont="CRB_InterfaceSmall_O" Tooltip="" TooltipId="" NewWindowDepth="1">
                <Control Class="Window" LAnchorPoint="0" LAnchorOffset="66" TAnchorPoint="0" TAnchorOffset="33" RAnchorPoint="1" RAnchorOffset="-349" BAnchorPoint="1" BAnchorOffset="-150" RelativeToClient="1" Font="Default" Text="" Template="Default" TooltipType="OnCursor" Name="BlockerLayerMouseBlocker" BGColor="ffffffff" TextColor="ffffffff" TooltipColor="" SwallowMouseClicks="1" NewWindowDepth="1"/>
                <Pixie LAnchorPoint="0" LAnchorOffset="51" TAnchorPoint="0" TAnchorOffset="11" RAnchorPoint="0" RAnchorOffset="883" BAnchorPoint="0" BAnchorOffset="715" BGColor="ffffffff" Font="Default" TextColor="ffffffff" Text="" Sprite="sprCircuit_LargeBlocker" Line="0"/>
                <Pixie LAnchorPoint="1" LAnchorOffset="-289" TAnchorPoint="0" TAnchorOffset="548" RAnchorPoint="1" RAnchorOffset="-98" BAnchorPoint="0" BAnchorOffset="619" BGColor="ffffffff" Font="CRB_Header20" TextColor="UI_BtnTextGrayPressedFlyby" Text="" TextId="Archive_Locked" Sprite="CRB_CraftingCircuitSprites:btnCircuit_Glass_GreenOrangeDisabled" DT_CENTER="1" DT_VCENTER="1" DT_WORDBREAK="1" Line="0"/>
            </Control>
        </Control>
        <Control Class="MLWindow" LAnchorPoint="1" LAnchorOffset="-416" TAnchorPoint="1" TAnchorOffset="-101" RAnchorPoint="1" RAnchorOffset="-234" BAnchorPoint="1" BAnchorOffset="-46" RelativeToClient="1" Font="CRB_Header24_O" Text="" Template="Default" TooltipType="OnCursor" Name="FailPercentText" BGColor="ffffffff" TextColor="AddonError" TooltipColor="" TextId="" Tooltip="">
            <Pixie LAnchorPoint="0" LAnchorOffset="0" TAnchorPoint="1" TAnchorOffset="-20" RAnchorPoint="1" RAnchorOffset="0" BAnchorPoint="1" BAnchorOffset="0" BGColor="ffffffff" Font="CRB_HeaderSmall" TextColor="AddonError" Text="" TextId="Crafting_ChanceToFail" Line="0"/>
        </Control>
        <Control Class="Window" LAnchorPoint="0" LAnchorOffset="614" TAnchorPoint="0" TAnchorOffset="591" RAnchorPoint="0" RAnchorOffset="766" BAnchorPoint="0" BAnchorOffset="727" RelativeToClient="1" Font="Default" Text="" Template="Default" TooltipType="OnCursor" Name="FailChargeFrame" BGColor="ffffffff" TextColor="ffffffff" TooltipColor="" Picture="1" IgnoreMouse="1" Sprite="CRB_CraftingCircuitSprites:sprCircuit_FailchargeDull" Tooltip="" NewControlDepth="1">
            <Control Class="Window" LAnchorPoint="0.5" LAnchorOffset="-7" TAnchorPoint="0.5" TAnchorOffset="-16" RAnchorPoint="0.5" RAnchorOffset="23" BAnchorPoint="0.5" BAnchorOffset="14" RelativeToClient="1" Font="Default" Text="" Template="Default" TooltipType="OnCursor" Name="FailChargeFrameFlair" BGColor="ffffffff" TextColor="ffffffff" TooltipColor="" Picture="1" IgnoreMouse="1" Sprite="CRB_CraftingCircuitSprites:sprCircuit_CheckIcon"/>
            <Control Class="ProgressBar" Text="" LAnchorPoint="0" LAnchorOffset="42" TAnchorPoint="0" TAnchorOffset="24" RAnchorPoint="0" RAnchorOffset="129" BAnchorPoint="0" BAnchorOffset="100" AutoSetText="0" UseValues="0" RelativeToClient="1" SetTextToProgress="0" DT_CENTER="1" DT_VCENTER="1" ProgressEmpty="" ProgressFull="CRB_CraftingCircuitSprites:sprCircuit_Failcharge_ProgBlue" TooltipType="OnCursor" Name="FailChargeBar" BGColor="ffffffff" TextColor="ffffffff" TooltipColor="" BarColor="" RadialBar="1" RadialMin="238.000000" RadialMax="295.000000" Clockwise="1"/>
        </Control>
        <Control Class="Window" LAnchorPoint="0" LAnchorOffset="0" TAnchorPoint="0" TAnchorOffset="0" RAnchorPoint="1" RAnchorOffset="0" BAnchorPoint="1" BAnchorOffset="0" RelativeToClient="1" Font="Default" Text="" Template="Default" TooltipType="OnCursor" Name="TutorialLayer" BGColor="ffffffff" TextColor="ffffffff" TooltipColor="" HideInEditor="0" IgnoreMouse="1" NewWindowDepth="1" Tooltip="">
            <Control Class="Window" LAnchorPoint="0" LAnchorOffset="0" TAnchorPoint="0" TAnchorOffset="0" RAnchorPoint="0" RAnchorOffset="269" BAnchorPoint="0" BAnchorOffset="100" RelativeToClient="1" Font="Default" Text="" Template="Default" TooltipType="OnCursor" Name="TutorialPopup" BGColor="ffffffff" TextColor="ffffffff" TooltipColor="" Picture="1" IgnoreMouse="1" Sprite="CRB_Basekit:kitBase_HoloBlue_SmallGreenCorners" NoClip="1" Visible="0" HideInEditor="1" CloseOnExternalClick="1" Overlapped="1" Tooltip="" NewWindowDepth="1">
                <Control Class="Window" LAnchorPoint="0" LAnchorOffset="12" TAnchorPoint="0" TAnchorOffset="20" RAnchorPoint="1" RAnchorOffset="-12" BAnchorPoint="1" BAnchorOffset="-16" RelativeToClient="1" Font="CRB_InterfaceSmall_O" Text="" Template="Default" TooltipType="OnCursor" Name="TutorialPopupText" BGColor="ffffffff" TextColor="UI_TextHoloBody" TooltipColor="" TextId="CRB__2" DT_WORDBREAK="1" DT_CENTER="1" DT_VCENTER="1"/>
                <Control Class="Button" Base="CRB_ChallengeTrackerSprites:btnChallengeClose" Font="Thick" ButtonType="PushButton" RadioGroup="" LAnchorPoint="1" LAnchorOffset="-22" TAnchorPoint="0" TAnchorOffset="5" RAnchorPoint="1" RAnchorOffset="-1" BAnchorPoint="0" BAnchorOffset="26" DT_VCENTER="1" DT_CENTER="1" TooltipType="OnCursor" Name="TutorialPopupCloseBtn" BGColor="ffffffff" TextColor="ffffffff" TooltipColor="" NormalTextColor="ffffffff" PressedTextColor="ffffffff" FlybyTextColor="ffffffff" PressedFlybyTextColor="ffffffff" DisabledTextColor="ffffffff">
                    <Event Name="ButtonSignal" Function="OnTutorialPopupCloseBtn"/>
                </Control>
            </Control>
            <Control Class="Button" Base="CRB_Basekit:kitBtn_Holo_CircleSmall" Font="Thick" ButtonType="PushButton" RadioGroup="" LAnchorPoint="0" LAnchorOffset="350" TAnchorPoint="0" TAnchorOffset="23" RAnchorPoint="0" RAnchorOffset="380" BAnchorPoint="0" BAnchorOffset="53" DT_VCENTER="1" DT_CENTER="1" TooltipType="OnCursor" Name="DynamicTutorial1" BGColor="ffffffff" TextColor="ffffffff" TooltipColor="" NormalTextColor="ffffffff" PressedTextColor="ffffffff" FlybyTextColor="ffffffff" PressedFlybyTextColor="ffffffff" DisabledTextColor="ffffffff" Picture="1" Visible="0" RelativeToClient="1" IgnoreMouse="0" HideInEditor="0">
                <Event Name="ButtonSignal" Function="OnTutorialItemBtn"/>
                <Pixie LAnchorPoint="0" LAnchorOffset="3" TAnchorPoint="0" TAnchorOffset="5" RAnchorPoint="1" RAnchorOffset="-3" BAnchorPoint="1" BAnchorOffset="5" BGColor="ffffffff" Font="Default" TextColor="ffffffff" Text="" Sprite="CRB_Basekit:kitIcon_Holo_QuestionMark" Line="0"/>
            </Control>
            <Control Class="Button" Base="CRB_Basekit:kitBtn_Holo_CircleSmall" Font="Thick" ButtonType="PushButton" RadioGroup="" LAnchorPoint="0" LAnchorOffset="853" TAnchorPoint="0" TAnchorOffset="23" RAnchorPoint="0" RAnchorOffset="883" BAnchorPoint="0" BAnchorOffset="53" DT_VCENTER="1" DT_CENTER="1" TooltipType="OnCursor" Name="DynamicTutorial2" BGColor="ffffffff" TextColor="ffffffff" TooltipColor="" NormalTextColor="ffffffff" PressedTextColor="ffffffff" FlybyTextColor="ffffffff" PressedFlybyTextColor="ffffffff" DisabledTextColor="ffffffff" Picture="1" NoClip="1" Visible="0" RelativeToClient="1" IgnoreMouse="0" NewWindowDepth="2" HideInEditor="0">
                <Event Name="ButtonSignal" Function="OnTutorialItemBtn"/>
                <Pixie LAnchorPoint="0" LAnchorOffset="3" TAnchorPoint="0" TAnchorOffset="5" RAnchorPoint="1" RAnchorOffset="-3" BAnchorPoint="1" BAnchorOffset="5" BGColor="ffffffff" Font="Default" TextColor="ffffffff" Text="" Sprite="CRB_Basekit:kitIcon_Holo_QuestionMark" Line="0"/>
            </Control>
            <Control Class="Button" Base="CRB_Basekit:kitBtn_Holo_CircleSmall" Font="Thick" ButtonType="PushButton" RadioGroup="" LAnchorPoint="0" LAnchorOffset="152" TAnchorPoint="0" TAnchorOffset="594" RAnchorPoint="0" RAnchorOffset="182" BAnchorPoint="0" BAnchorOffset="624" DT_VCENTER="1" DT_CENTER="1" TooltipType="OnCursor" Name="DynamicTutorial4" BGColor="ffffffff" TextColor="ffffffff" TooltipColor="" NormalTextColor="ffffffff" PressedTextColor="ffffffff" FlybyTextColor="ffffffff" PressedFlybyTextColor="ffffffff" DisabledTextColor="ffffffff" Picture="1" NoClip="1" Visible="0" RelativeToClient="1" IgnoreMouse="0" Tooltip="" NewControlDepth="1" HideInEditor="0">
                <Event Name="ButtonSignal" Function="OnTutorialItemBtn"/>
                <Pixie LAnchorPoint="0" LAnchorOffset="3" TAnchorPoint="0" TAnchorOffset="5" RAnchorPoint="1" RAnchorOffset="-3" BAnchorPoint="1" BAnchorOffset="5" BGColor="ffffffff" Font="Default" TextColor="ffffffff" Text="" Sprite="CRB_Basekit:kitIcon_Holo_QuestionMark" Line="0"/>
            </Control>
            <Control Class="Button" Base="CRB_Basekit:kitBtn_Holo_CircleSmall" Font="Thick" ButtonType="PushButton" RadioGroup="" LAnchorPoint="0" LAnchorOffset="625" TAnchorPoint="0" TAnchorOffset="594" RAnchorPoint="0" RAnchorOffset="655" BAnchorPoint="0" BAnchorOffset="624" DT_VCENTER="1" DT_CENTER="1" TooltipType="OnCursor" Name="DynamicTutorial5" BGColor="ffffffff" TextColor="ffffffff" TooltipColor="" NormalTextColor="ffffffff" PressedTextColor="ffffffff" FlybyTextColor="ffffffff" PressedFlybyTextColor="ffffffff" DisabledTextColor="ffffffff" Picture="1" NoClip="1" Visible="0" RelativeToClient="1" IgnoreMouse="0" Tooltip="" NewControlDepth="1" HideInEditor="0">
                <Event Name="ButtonSignal" Function="OnTutorialItemBtn"/>
                <Pixie LAnchorPoint="0" LAnchorOffset="3" TAnchorPoint="0" TAnchorOffset="5" RAnchorPoint="1" RAnchorOffset="-3" BAnchorPoint="1" BAnchorOffset="5" BGColor="ffffffff" Font="Default" TextColor="ffffffff" Text="" Sprite="CRB_Basekit:kitIcon_Holo_QuestionMark" Line="0"/>
            </Control>
        </Control>
        <Control Class="Button" Base="CRB_Basekit:kitBtn_Close" Font="Thick" ButtonType="PushButton" LAnchorPoint="1" LAnchorOffset="-72" TAnchorPoint="0" TAnchorOffset="15" RAnchorPoint="1" RAnchorOffset="-45" BAnchorPoint="0" BAnchorOffset="44" DT_VCENTER="1" DT_CENTER="1" Name="CloseButton" BGColor="ffffffff" TextColor="ffffffff" NewControlDepth="2" WindowSoundTemplate="CloseWindowPhys" Text="" TextId="" NormalTextColor="ffffffff" PressedTextColor="ffffffff" FlybyTextColor="ffffffff" PressedFlybyTextColor="ffffffff" DisabledTextColor="ffffffff" RelativeToClient="1" TooltipColor="" TestAlpha="1" NewWindowDepth="1">
            <Event Name="ButtonSignal" Function="OnCloseBtn"/>
        </Control>
        <Control Class="Button" Base="CRB_Basekit:kitBtn_Holo_CircleSmall" Font="CRB_InterfaceMedium_B" ButtonType="Check" RadioGroup="" LAnchorPoint="1" LAnchorOffset="-57" TAnchorPoint="0" TAnchorOffset="47" RAnchorPoint="1" RAnchorOffset="-27" BAnchorPoint="0" BAnchorOffset="77" DT_VCENTER="1" DT_CENTER="1" Name="ShowTutorialsBtn" BGColor="ffffffff" TextColor="ffffffff" NormalTextColor="ff9aaea3" PressedTextColor="ff9aaea3" FlybyTextColor="ff9aaea3" PressedFlybyTextColor="ff9aaea3" DisabledTextColor="ff333333" Text="" TextId="" TooltipColor="" RelativeToClient="1" HideInEditor="0" Visible="1" TestAlpha="1" NewWindowDepth="1">
            <Event Name="ButtonCheck" Function="OnShowTutorialsBtnToggle"/>
            <Event Name="ButtonUncheck" Function="OnShowTutorialsBtnToggle"/>
            <Pixie LAnchorPoint="0" LAnchorOffset="3" TAnchorPoint="0" TAnchorOffset="5" RAnchorPoint="1" RAnchorOffset="-3" BAnchorPoint="1" BAnchorOffset="5" BGColor="ffffffff" Font="Default" TextColor="ffffffff" Text="" Sprite="CRB_Basekit:kitIcon_Holo_QuestionMark" Line="0"/>
        </Control>
        <Pixie LAnchorPoint="0" LAnchorOffset="51" TAnchorPoint="0" TAnchorOffset="11" RAnchorPoint="0" RAnchorOffset="934" BAnchorPoint="0" BAnchorOffset="721" BGColor="ffffffff" Font="Default" TextColor="ffffffff" Text="" Sprite="CRB_CraftingCircuitSprites:sprCircuit_FrameInnerBG" Line="0"/>
        <Control Class="BagWindow" LAnchorPoint="0" LAnchorOffset="0" TAnchorPoint="0" TAnchorOffset="0" RAnchorPoint="0" RAnchorOffset="0" BAnchorPoint="0" BAnchorOffset="0" RelativeToClient="0" Sprite="" SquareSize="50" BoxesPerRow="5" Template="CRB_Normal" TooltipType="OnCursor" Border="0" NoClip="1" SwallowMouseClicks="1" UseTemplateBG="1" VScroll="0" IgnoreTooltipDelay="1" NewQuestOverlaySprite="ClientSprites:sprItem_NewQuest" Name="HiddenBagWindow" BGColor="ffffffff" TextColor="ffffffff" TooltipColor=""/>
        <Pixie LAnchorPoint="0" LAnchorOffset="863" TAnchorPoint="1" TAnchorOffset="-227" RAnchorPoint="0" RAnchorOffset="1151" BAnchorPoint="1" BAnchorOffset="-88" BGColor="ffffffff" Font="Default" TextColor="ffffffff" Text="" Sprite="CRB_CraftingCircuitSprites:sprCircuit_BtnHolderFrame" Line="0"/>
        <Pixie LAnchorPoint="1" LAnchorOffset="-375" TAnchorPoint="0" TAnchorOffset="22" RAnchorPoint="1" RAnchorOffset="-55" BAnchorPoint="0" BAnchorOffset="87" BGColor="ffffffff" Font="Default" TextColor="ffffffff" Text="" Sprite="CRB_CraftingCircuitSprites:sprCircuit_TitleBG" Line="0"/>
    </Form>
    <Form Class="Window" LAnchorPoint="0.5" LAnchorOffset="-60" TAnchorPoint="0" TAnchorOffset="-80" RAnchorPoint="0.5" RAnchorOffset="60" BAnchorPoint="0" BAnchorOffset="0" RelativeToClient="1" Font="CRB_InterfaceSmall_O" Text="" Template="Default" Name="Threshold" Picture="1" BGColor="ffffffff" TextColor="ffffffff" IgnoreMouse="1" NoClip="1" Overlapped="1" TextId="" DT_CENTER="1" DoNotBlockTooltip="0" TooltipColor="" Tooltip="" TooltipId="Crafting_TutorialPowerSwitch" TooltipFont="CRB_InterfaceSmall_O" TooltipType="OnCursor" Sprite="">
        <Control Class="ProgressBar" Text="" LAnchorPoint="0" LAnchorOffset="0" TAnchorPoint="0" TAnchorOffset="0" RAnchorPoint="1" RAnchorOffset="0" BAnchorPoint="0" BAnchorOffset="80" AutoSetText="0" UseValues="0" RelativeToClient="1" SetTextToProgress="0" DT_CENTER="1" DT_VCENTER="1" ProgressEmpty="" ProgressFull="sprCraft_TEMP_GreenSemiCircle" Name="ThresholdProgressBar" BGColor="66aaaaff" TextColor="ffffffff" RadialBar="1" Clockwise="1" RadialMin="180.000000" RadialMax="0.000000" Visible="1" HideInEditor="0" IgnoreMouse="1" TooltipColor="" BarColor="" Sprite="" Tooltip="" TooltipId=""/>
        <Control Class="Window" LAnchorPoint="0" LAnchorOffset="0" TAnchorPoint="0" TAnchorOffset="0" RAnchorPoint="1" RAnchorOffset="0" BAnchorPoint="0" BAnchorOffset="60" RelativeToClient="1" Font="Default" Text="" Template="Default" Name="ThresholdRotateContainer" BGColor="ffffffff" TextColor="ffffffff" TooltipColor=""/>
        <Control Class="Window" LAnchorPoint="0" LAnchorOffset="0" TAnchorPoint="0" TAnchorOffset="0" RAnchorPoint="0" RAnchorOffset="12" BAnchorPoint="0" BAnchorOffset="80" RelativeToClient="1" Font="CRB_HeaderLarge_O" Text="" Template="Default" Name="ThresholdMinusLabel" BGColor="ffffffff" TextColor="ff31fcf6" TextId="CRB__11" DT_VCENTER="1" TooltipColor=""/>
        <Control Class="Window" LAnchorPoint="1" LAnchorOffset="-12" TAnchorPoint="0" TAnchorOffset="0" RAnchorPoint="1" RAnchorOffset="0" BAnchorPoint="0" BAnchorOffset="80" RelativeToClient="1" Font="CRB_HeaderLarge_O" Text="" Template="Default" Name="ThresholdPlusLabel" BGColor="ffffffff" TextColor="ff31fcf6" TextId="CRB__1" DT_VCENTER="1" DT_RIGHT="1" TooltipColor=""/>
        <Control Class="Window" LAnchorPoint="0.5" LAnchorOffset="-27" TAnchorPoint="0" TAnchorOffset="25" RAnchorPoint="0.5" RAnchorOffset="27" BAnchorPoint="0" BAnchorOffset="79" RelativeToClient="1" Font="Default" Text="" Template="Default" TooltipType="OnCursor" Name="ThresholdMiddleGlow" BGColor="ffffffff" TextColor="ffffffff" TooltipColor="" Picture="1" IgnoreMouse="1" Sprite="CRB_Basekit:kitAccent_Glow_Blue"/>
        <Control Class="Button" Base="CRB_Basekit:kitBtn_Holo_CircleSmall" Font="Thick" ButtonType="PushButton" RadioGroup="" LAnchorPoint="0" LAnchorOffset="-4" TAnchorPoint="0" TAnchorOffset="-4" RAnchorPoint="0" RAnchorOffset="26" BAnchorPoint="0" BAnchorOffset="26" DT_VCENTER="1" DT_CENTER="1" TooltipType="OnCursor" Name="DynamicTutorial3" BGColor="ffffffff" TextColor="ffffffff" TooltipColor="" NormalTextColor="ffffffff" PressedTextColor="ffffffff" FlybyTextColor="ffffffff" PressedFlybyTextColor="ffffffff" DisabledTextColor="ffffffff" Picture="1" NoClip="1" Visible="0" RelativeToClient="1" IgnoreMouse="0">
            <Control Class="Window" LAnchorPoint="0" LAnchorOffset="3" TAnchorPoint="0" TAnchorOffset="5" RAnchorPoint="1" RAnchorOffset="-3" BAnchorPoint="1" BAnchorOffset="5" RelativeToClient="1" Font="Default" Text="" Template="Default" TooltipType="OnCursor" Name="TutorialItemBtnIcon" BGColor="ffffffff" TextColor="ffffffff" TooltipColor="" Sprite="CRB_Basekit:kitIcon_Holo_QuestionMark" Picture="1" IgnoreMouse="1" NewControlDepth="1" TooltipFont="CRB_InterfaceSmall_O" IgnoreTooltipDelay="1" Visible="1"/>
            <Event Name="ButtonSignal" Function="OnTutorialItemBtn"/>
        </Control>
    </Form>
    <Form Class="Window" LAnchorPoint="0.5" LAnchorOffset="-10" TAnchorPoint="0" TAnchorOffset="0" RAnchorPoint="0.5" RAnchorOffset="10" BAnchorPoint="0" BAnchorOffset="110" RelativeToClient="1" Font="Default" Text="" Template="Default" Name="ThresholdRotateItem" BGColor="ffffffff" TextColor="ffffffff" Picture="1" IgnoreMouse="1" Sprite="" Overlapped="1" TooltipColor="" DoNotBlockTooltip="1">
        <Control Class="Button" Base="btnCraft_TEMP_BlueThreshold" Font="Thick" ButtonType="Check" RadioGroup="" LAnchorPoint="0" LAnchorOffset="-12" TAnchorPoint="0" TAnchorOffset="-8" RAnchorPoint="1" RAnchorOffset="12" BAnchorPoint="0" BAnchorOffset="36" DT_VCENTER="1" DT_CENTER="1" Name="RotateTestBtn" BGColor="ffffffff" TextColor="ffffffff" NormalTextColor="ffffffff" PressedTextColor="ffffffff" FlybyTextColor="ffffffff" PressedFlybyTextColor="ffffffff" DisabledTextColor="ffffffff" GlobalRadioGroup="Crafting_ThresholdRotateRadioGroup" RadioDisallowNonSelection="1" RelativeToClient="1" NoClip="1" IgnoreMouse="1" TestAlpha="1" TooltipColor="">
            <Event Name="ButtonCheck" Function="OnThresholdRotateBtnCheck"/>
            <Control Class="Window" LAnchorPoint="0" LAnchorOffset="10" TAnchorPoint="0" TAnchorOffset="26" RAnchorPoint="1" RAnchorOffset="-13" BAnchorPoint="0" BAnchorOffset="47" RelativeToClient="1" Font="Default" Text="" Template="Default" Name="RotateBall" BGColor="ffffffff" TextColor="ffffffff" Picture="1" IgnoreMouse="1" Sprite="CRB_Basekit:kitIcon_Holo_UpArrow" NoClip="1" Visible="0" HideInEditor="0" TooltipColor=""/>
        </Control>
    </Form>
    <Form Class="Window" Font="Default" RadioGroup="" LAnchorPoint="0" LAnchorOffset="0" TAnchorPoint="0" TAnchorOffset="0" RAnchorPoint="0" RAnchorOffset="166" BAnchorPoint="0" BAnchorOffset="175" Name="CircuitSocketItem" BGColor="ffffffff" TextColor="ffffffff" IgnoreTooltipDelay="1" TooltipType="OnCursor" DT_RIGHT="1" DT_BOTTOM="1" IgnoreMouse="1" Sprite="" Picture="1" RelativeToClient="1" TooltipColor="white" TooltipFont="CRB_InterfaceSmall_O" Text="" Tooltip="">
        <Control Class="Window" LAnchorPoint="0.5" LAnchorOffset="-72" TAnchorPoint="0" TAnchorOffset="0" RAnchorPoint="0.5" RAnchorOffset="72" BAnchorPoint="0" BAnchorOffset="144" RelativeToClient="1" Font="Default" Text="" Template="Default" TooltipType="OnCursor" Name="CircuitPickerAdorn" SwallowMouseClicks="1" BGColor="ffffffff" TextColor="ffffffff" TooltipColor="" IgnoreMouse="1" Tooltip="" TooltipFont="CRB_InterfaceSmall_O" Sprite="CRB_CraftingCircuitSprites:sprCircuit_Circle_Silver_Adorn3" Picture="1" NewControlDepth="1">
            <Control Class="Window" LAnchorPoint="0.5" LAnchorOffset="-28" TAnchorPoint="0.5" TAnchorOffset="-40" RAnchorPoint="0.5" RAnchorOffset="28" BAnchorPoint="0.5" BAnchorOffset="16" RelativeToClient="1" Font="Default" Text="" Template="Default" TooltipType="OnCursor" Name="CircuitPickerArrowPulse" BGColor="ffffffff" TextColor="ffffffff" TooltipColor="" Sprite="CRB_CraftingCircuitSprites:sprCircuit_GreenPlus_Anim" Picture="1" IgnoreMouse="1" Visible="1" HideInEditor="0">
                <Control Class="Window" LAnchorPoint="0" LAnchorOffset="4" TAnchorPoint="0" TAnchorOffset="4" RAnchorPoint="0" RAnchorOffset="181" BAnchorPoint="0" BAnchorOffset="91" RelativeToClient="1" Font="Default" Text="" Template="Default" TooltipType="OnCursor" Name="Tutorial_AddChip" BGColor="ffffffff" TextColor="ffffffff" TooltipColor="" Sprite="CRB_TutorialSprites:sprTut_ConnectorUL" Picture="1" IgnoreMouse="1" NoClip="1" HideInEditor="0">
                    <Pixie LAnchorPoint="0" LAnchorOffset="58" TAnchorPoint="0" TAnchorOffset="58" RAnchorPoint="1" RAnchorOffset="0" BAnchorPoint="1" BAnchorOffset="0" BGColor="ffffffff" Font="Default" TextColor="ffffffff" Text="" Sprite="CRB_TutorialSprites:sprTut_BackerSmallLit" Line="0"/>
                    <Pixie LAnchorPoint="0" LAnchorOffset="64" TAnchorPoint="0" TAnchorOffset="64" RAnchorPoint="0" RAnchorOffset="184" BAnchorPoint="0" BAnchorOffset="84" BGColor="ffffffff" Font="CRB_Interface9_O" TextColor="UI_TextHoloBodyHighlight" Text="" TextId="" Line="0"/>
                    <Pixie LAnchorPoint="0" LAnchorOffset="64" TAnchorPoint="0" TAnchorOffset="64" RAnchorPoint="1" RAnchorOffset="0" BAnchorPoint="0" BAnchorOffset="84" BGColor="ffffffff" Font="CRB_Interface9_O" TextColor="UI_TextHoloBodyHighlight" Text="" TextId="CRB_Crafting_AddChipTutorial" Line="0"/>
                </Control>
            </Control>
            <Control Class="Window" LAnchorPoint="0.5" LAnchorOffset="-24" TAnchorPoint="0" TAnchorOffset="37" RAnchorPoint="0.5" RAnchorOffset="24" BAnchorPoint="0" BAnchorOffset="85" RelativeToClient="1" Font="CRB_Interface14_BO" Text="" Template="Default" TooltipType="OnCursor" Name="CircuitPickerIcon" BGColor="ffffffff" TextColor="ffffffff" TooltipColor="" Picture="1" IgnoreMouse="1" Sprite="" NewControlDepth="1" IgnoreTooltipDelay="1" DT_RIGHT="0" DT_BOTTOM="0" DT_CENTER="0" DT_VCENTER="0" TextId="" Tooltip=""/>
            <Control Class="Window" LAnchorPoint="0.5" LAnchorOffset="-24" TAnchorPoint="0" TAnchorOffset="37" RAnchorPoint="0.5" RAnchorOffset="24" BAnchorPoint="0" BAnchorOffset="81" RelativeToClient="1" Font="CRB_HeaderLarge_O" Text="" Template="Default" TooltipType="OnCursor" Name="CircuitPickerIconText" BGColor="ffffffff" TextColor="ffffffff" TooltipColor="" Picture="1" IgnoreMouse="1" Sprite="" NewControlDepth="1" IgnoreTooltipDelay="1" DT_RIGHT="0" DT_BOTTOM="1" DT_CENTER="1" DT_VCENTER="0" TextId=""/>
            <Control Class="Window" LAnchorPoint="0" LAnchorOffset="47" TAnchorPoint="0" TAnchorOffset="62" RAnchorPoint="0" RAnchorOffset="65" BAnchorPoint="0" BAnchorOffset="84" RelativeToClient="1" Font="Default" Text="" Template="Default" TooltipType="OnCursor" Name="CircuitPickerAdornLock" BGColor="ffffffff" TextColor="ffffffff" TooltipColor="" Sprite="CRB_Tradeskills:sprSchemLockMark" Picture="1" IgnoreMouse="1" Visible="0" NewControlDepth="2" HideInEditor="1"/>
        </Control>
        <Control Class="Button" Base="CRB_CraftingCircuitSprites:btnCircuit_Circle_Bubble" Font="CRB_InterfaceLarge_B" ButtonType="Check" RadioGroup="" LAnchorPoint="0.5" LAnchorOffset="-41" TAnchorPoint="0" TAnchorOffset="16" RAnchorPoint="0.5" RAnchorOffset="40" BAnchorPoint="0" BAnchorOffset="97" DT_VCENTER="1" DT_CENTER="0" TooltipType="OnCursor" Name="CircuitPickerBtn" BGColor="ffffffff" TextColor="ffffffff" TooltipColor="" NormalTextColor="UI_BtnTextBlueNormal" PressedTextColor="UI_BtnTextBluePressed" FlybyTextColor="UI_BtnTextBlueFlyBy" PressedFlybyTextColor="UI_BtnTextBluePressedFlyBy" DisabledTextColor="UI_BtnTextBlueDisabled" GlobalRadioGroup="Crafting_CircuitPicker_GlobalRadioGroup" RelativeToClient="1" IgnoreMouse="0" NeverBringToFront="1" TooltipFont="CRB_InterfaceSmall_O" WindowSoundTemplate="ToggleDigi01" Text="" TextId="" IgnoreTooltipDelay="1" TestAlpha="0">
            <Event Name="ButtonCheck" Function="OnBuildPropertyPicker"/>
            <Event Name="ButtonUncheck" Function="OnDestroyPropertyPicker"/>
        </Control>
        <Control Class="Window" LAnchorPoint="0.5" LAnchorOffset="-83" TAnchorPoint="1" TAnchorOffset="-109" RAnchorPoint="0.5" RAnchorOffset="83" BAnchorPoint="1" BAnchorOffset="0" RelativeToClient="1" Font="CRB_HeaderSmall" Text="" Template="Default" Name="CircuitSocketChargeText" BGColor="ffffffff" TextColor="UI_TextMetalBodyHighlight" TextId="Challenges_NoProgress" IgnoreMouse="1" NoClip="0" TooltipColor="" IgnoreTooltipDelay="0" TooltipType="OnCursor" DT_CENTER="1" DT_VCENTER="1" TooltipFont="CRB_InterfaceSmall_O" Tooltip="" NewControlDepth="1" Sprite="sprCircuit_BtnHolderFrame_HoloLeftRight" Picture="1" HideInEditor="0" Visible="0">
            <Control Class="Button" Base="CRB_CraftingCircuitSprites:btnCircuit_Holo_LeftArrow" Font="Default" ButtonType="PushButton" RadioGroup="" LAnchorPoint="0" LAnchorOffset="25" TAnchorPoint="0" TAnchorOffset="32" RAnchorPoint="0" RAnchorOffset="72" BAnchorPoint="1" BAnchorOffset="-31" DT_VCENTER="1" DT_CENTER="1" TooltipType="OnCursor" Name="CircuitPickerSmallLeft" BGColor="ffffffff" TextColor="ffffffff" TooltipColor="" NormalTextColor="ffffffff" PressedTextColor="ffffffff" FlybyTextColor="ffffffff" PressedFlybyTextColor="ffffffff" DisabledTextColor="ffffffff" RelativeToClient="1" TestAlpha="1" NewControlDepth="1" WindowSoundTemplate="ScrollDownDigital" Tooltip="" TooltipId="Crafting_ClickToReduceCharge" TooltipFont="CRB_InterfaceSmall_O" IgnoreTooltipDelay="1">
                <Event Name="ButtonSignal" Function="OnCircuitPickerLeftRight"/>
            </Control>
            <Control Class="Button" Base="CRB_CraftingCircuitSprites:btnCircuit_Holo_RightArrow" Font="Default" ButtonType="PushButton" RadioGroup="" LAnchorPoint="1" LAnchorOffset="-72" TAnchorPoint="0" TAnchorOffset="32" RAnchorPoint="1" RAnchorOffset="-25" BAnchorPoint="1" BAnchorOffset="-31" DT_VCENTER="1" DT_CENTER="1" TooltipType="OnCursor" Name="CircuitPickerSmallRight" BGColor="ffffffff" TextColor="ffffffff" TooltipColor="" NormalTextColor="ffffffff" PressedTextColor="ffffffff" FlybyTextColor="ffffffff" PressedFlybyTextColor="ffffffff" DisabledTextColor="ffffffff" RelativeToClient="1" TestAlpha="1" NewControlDepth="1" WindowSoundTemplate="ScrollUpDigital" Tooltip="" TooltipId="Crafting_ClickToAddCharge" TooltipFont="CRB_InterfaceSmall_O" IgnoreTooltipDelay="1">
                <Event Name="ButtonSignal" Function="OnCircuitPickerLeftRight"/>
            </Control>
        </Control>
        <Control Class="Window" LAnchorPoint="0.5" LAnchorOffset="-16" TAnchorPoint="1" TAnchorOffset="-96" RAnchorPoint="0.5" RAnchorOffset="16" BAnchorPoint="1" BAnchorOffset="-64" RelativeToClient="1" Font="Default" Text="" Template="Default" TooltipType="OnCursor" Name="CircuitPickerCostFrame" BGColor="ffffffff" TextColor="ffffffff" Picture="1" IgnoreMouse="1" Sprite="CRB_Basekit:kitBase_MetalGrey_IconSmall" HideInEditor="1" TooltipColor="white" TooltipFont="CRB_InterfaceSmall_O" Tooltip="" Visible="0">
            <Control Class="Window" LAnchorPoint="0" LAnchorOffset="2" TAnchorPoint="0" TAnchorOffset="2" RAnchorPoint="1" RAnchorOffset="-2" BAnchorPoint="1" BAnchorOffset="-2" RelativeToClient="1" Font="CRB_InterfaceSmall_O" Text="" Template="Default" TooltipType="OnCursor" Name="CircuitPickerCostIcon" BGColor="ffffffff" TextColor="ffffffff" Picture="1" IgnoreMouse="1" Sprite="ClientSprites:Icon_ItemArmorHead_goggles_0001" DT_RIGHT="1" DT_BOTTOM="1" TextId="Challenges_NoProgress" TooltipColor="" IgnoreTooltipDelay="1"/>
            <Control Class="Window" LAnchorPoint="0" LAnchorOffset="-10" TAnchorPoint="0" TAnchorOffset="-8" RAnchorPoint="1" RAnchorOffset="-10" BAnchorPoint="1" BAnchorOffset="-8" RelativeToClient="1" Font="Default" Text="" Template="Default" TooltipType="OnCursor" Name="CircuitPickerCostNoMat" BGColor="ffffffff" TextColor="ffffffff" TooltipColor="" NewControlDepth="1" Picture="1" IgnoreMouse="1" Sprite="ClientSprites:Icon_Windows_UI_CRB_Tooltip_Restricted" NoClip="1" Tooltip=""/>
        </Control>
    </Form>
    <Form Class="Window" LAnchorPoint="0" LAnchorOffset="0" TAnchorPoint="0" TAnchorOffset="0" RAnchorPoint="0" RAnchorOffset="364" BAnchorPoint="0" BAnchorOffset="342" RelativeToClient="1" Font="Default" Text="" Template="Default" TooltipType="OnCursor" Name="PowerCorePicker" Picture="1" Overlapped="1" BGColor="ffffffff" TextColor="ffffffff" TooltipColor="" IgnoreMouse="1" NoClip="1" Tooltip="" TooltipId="" Sprite="">
        <Control Class="Window" LAnchorPoint="0" LAnchorOffset="44" TAnchorPoint="0" TAnchorOffset="33" RAnchorPoint="0" RAnchorOffset="100" BAnchorPoint="0" BAnchorOffset="89" RelativeToClient="1" Font="Default" Text="" Template="Default" TooltipType="OnCursor" Name="CircuitPickerArrowPulse" BGColor="ffffffff" TextColor="ffffffff" TooltipColor="" Sprite="CRB_CraftingCircuitSprites:sprCircuit_GreenPlus_Anim" Picture="1" IgnoreMouse="1">
            <Control Class="Window" LAnchorPoint="0" LAnchorOffset="12" TAnchorPoint="0" TAnchorOffset="12" RAnchorPoint="0" RAnchorOffset="189" BAnchorPoint="0" BAnchorOffset="99" RelativeToClient="1" Font="Default" Text="" Template="Default" TooltipType="OnCursor" Name="Tutorial_TEMP" BGColor="ffffffff" TextColor="ffffffff" TooltipColor="" Sprite="CRB_TutorialSprites:sprTut_ConnectorUL" Picture="1" IgnoreMouse="1" NoClip="1">
                <Pixie LAnchorPoint="0" LAnchorOffset="58" TAnchorPoint="0" TAnchorOffset="58" RAnchorPoint="1" RAnchorOffset="0" BAnchorPoint="1" BAnchorOffset="0" BGColor="ffffffff" Font="Default" TextColor="ffffffff" Text="" Sprite="CRB_TutorialSprites:sprTut_BackerSmallLit" Line="0"/>
                <Pixie LAnchorPoint="0" LAnchorOffset="64" TAnchorPoint="0" TAnchorOffset="64" RAnchorPoint="0" RAnchorOffset="184" BAnchorPoint="0" BAnchorOffset="84" BGColor="ffffffff" Font="CRB_Interface9_O" TextColor="UI_TextHoloBodyHighlight" Text="Click and add a chip" TextId="" Line="0"/>
            </Control>
        </Control>
        <Control Class="Window" LAnchorPoint="0" LAnchorOffset="48" TAnchorPoint="0" TAnchorOffset="36" RAnchorPoint="0" RAnchorOffset="96" BAnchorPoint="0" BAnchorOffset="84" RelativeToClient="1" Font="Default" Text="" Template="Default" TooltipType="OnCursor" Name="CircuitPickerIcon" BGColor="ffffffff" TextColor="ffffffff" TooltipColor="" Picture="1" IgnoreMouse="1" NewControlDepth="1" Sprite="ClientSprites:Icon_CraftingUI_Item_Crafting_PowerCore_Green"/>
        <Control Class="Window" LAnchorPoint="0.5" LAnchorOffset="-24" TAnchorPoint="0" TAnchorOffset="37" RAnchorPoint="0.5" RAnchorOffset="24" BAnchorPoint="0" BAnchorOffset="81" RelativeToClient="1" Font="CRB_Interface14_BO" Text="" Template="Default" TooltipType="OnCursor" Name="CircuitPickerIconText" BGColor="ffffffff" TextColor="ffffffff" TooltipColor="" Picture="1" IgnoreMouse="1" Sprite="" NewControlDepth="1" IgnoreTooltipDelay="1" DT_RIGHT="0" DT_BOTTOM="1" DT_CENTER="1" DT_VCENTER="0" TextId=""/>
        <Control Class="Button" Base="CRB_CraftingCircuitSprites:btnCircuit_Circle_Bubble" Font="CRB_HeaderHuge" ButtonType="Check" RadioGroup="" LAnchorPoint="0" LAnchorOffset="31" TAnchorPoint="0" TAnchorOffset="16" RAnchorPoint="0" RAnchorOffset="112" BAnchorPoint="0" BAnchorOffset="97" TooltipType="OnCursor" Name="PowerCorePickerBtn" BGColor="ffffffff" TextColor="ffffffff" TooltipColor="" NormalTextColor="UI_TextHoloBodyHighlight" PressedTextColor="UI_TextHoloBodyHighlight" FlybyTextColor="UI_TextHoloBodyHighlight" PressedFlybyTextColor="UI_TextHoloBodyHighlight" DisabledTextColor="UI_TextHoloBodyHighlight" RelativeToClient="1" TooltipFont="CRB_InterfaceSmall_O" Tooltip="" TooltipId="Crafting_TutorialAmps" GlobalRadioGroup="Crafting_CircuitPicker_GlobalRadioGroup" NeverBringToFront="1" Text="" TextId="" DT_CENTER="1" DT_VCENTER="1">
            <Event Name="ButtonSignal" Function="YourFunctionName"/>
        </Control>
        <Control Class="Window" LAnchorPoint="0" LAnchorOffset="67" TAnchorPoint="0" TAnchorOffset="60" RAnchorPoint="1" RAnchorOffset="0" BAnchorPoint="1" BAnchorOffset="0" RelativeToClient="1" Font="Default" Text="" Template="Default" TooltipType="OnCursor" Name="PowerCorePickerPopout" BGColor="ffffffff" TextColor="ffffffff" TooltipColor="" Picture="1" IgnoreMouse="1" Sprite="CRB_CraftingCircuitSprites:sprCircuit_Holo_Flyout" Visible="0" NewWindowDepth="1" CloseOnExternalClick="1" HideInEditor="0">
            <Control Class="Window" LAnchorPoint="0" LAnchorOffset="45" TAnchorPoint="0" TAnchorOffset="43" RAnchorPoint="1" RAnchorOffset="-41" BAnchorPoint="1" BAnchorOffset="-37" RelativeToClient="1" Font="CRB_InterfaceSmall_O" Text="" Template="CRB_Scroll_HoloSmall" TooltipType="OnCursor" Name="PowerCorePickerList" BGColor="ffffffff" TextColor="UI_TextMetalBodyHighlight" TooltipColor="" VScroll="1" IgnoreMouse="1" Sprite="" Picture="1" DT_CENTER="1" DT_VCENTER="1" DT_WORDBREAK="1" Tooltip="" AutoHideScroll="1"/>
            <Pixie LAnchorPoint="0" LAnchorOffset="39" TAnchorPoint="0" TAnchorOffset="36" RAnchorPoint="1" RAnchorOffset="-34" BAnchorPoint="1" BAnchorOffset="-31" BGColor="ffffffff" Font="Default" TextColor="ffffffff" Text="" Sprite="CRB_Basekit:kitBase_HoloBlue_Tiny" Line="0"/>
            <Pixie LAnchorPoint="0" LAnchorOffset="39" TAnchorPoint="0" TAnchorOffset="36" RAnchorPoint="1" RAnchorOffset="-34" BAnchorPoint="1" BAnchorOffset="-31" BGColor="ffffffff" Font="Default" TextColor="ffffffff" Text="" Sprite="CRB_Basekit:kitBase_HoloBlue_Tiny" Line="0"/>
        </Control>
        <Pixie LAnchorPoint="0" LAnchorOffset="0" TAnchorPoint="0" TAnchorOffset="0" RAnchorPoint="0" RAnchorOffset="144" BAnchorPoint="0" BAnchorOffset="144" BGColor="ffffffff" Font="Default" TextColor="ffffffff" Text="" Sprite="sprCircuit_Circle_Silver_Adorn1" Line="0"/>
    </Form>
    <Form Class="Window" LAnchorPoint="0" LAnchorOffset="80" TAnchorPoint="0" TAnchorOffset="60" RAnchorPoint="0" RAnchorOffset="455" BAnchorPoint="0" BAnchorOffset="340" RelativeToClient="1" Font="Default" Text="" Template="Default" TooltipType="OnCursor" Name="PropertyPicker" BGColor="ffffffff" TextColor="ffffffff" TooltipColor="" Sprite="CRB_CraftingCircuitSprites:sprCircuit_Holo_Flyout" Picture="1" IgnoreMouse="0" Visible="1" Overlapped="1" NewWindowDepth="1" NoClip="1" Tooltip="" CloseOnExternalClick="1">
        <Event Name="WindowClosed" Function="OnDestroyPropertyPicker"/>
        <Control Class="Window" LAnchorPoint="0" LAnchorOffset="100" TAnchorPoint="0" TAnchorOffset="34" RAnchorPoint="1" RAnchorOffset="0" BAnchorPoint="0" BAnchorOffset="110" RelativeToClient="1" Font="Default" Text="" Template="Default" TooltipType="OnCursor" Name="PropertyPickerCapacitorList" BGColor="ffffffff" TextColor="ffffffff" TooltipColor="" Tooltip="" TooltipId=""/>
        <Control Class="Window" LAnchorPoint="0" LAnchorOffset="100" TAnchorPoint="0.5" TAnchorOffset="-35" RAnchorPoint="1" RAnchorOffset="0" BAnchorPoint="0.5" BAnchorOffset="41" RelativeToClient="1" Font="Default" Text="" Template="Default" TooltipType="OnCursor" Name="PropertyPickerInductorList" BGColor="ffffffff" TextColor="ffffffff" TooltipColor=""/>
        <Control Class="Window" LAnchorPoint="0" LAnchorOffset="100" TAnchorPoint="1" TAnchorOffset="-104" RAnchorPoint="1" RAnchorOffset="0" BAnchorPoint="1" BAnchorOffset="-28" RelativeToClient="1" Font="Default" Text="" Template="Default" TooltipType="OnCursor" Name="PropertyPickerResistorList" BGColor="ffffffff" TextColor="ffffffff" TooltipColor=""/>
        <Control Class="Window" LAnchorPoint="0" LAnchorOffset="50" TAnchorPoint="0" TAnchorOffset="34" RAnchorPoint="0" RAnchorOffset="100" BAnchorPoint="0" BAnchorOffset="110" RelativeToClient="1" Font="CRB_InterfaceMedium_I" Text="" Template="Default" TooltipType="OnCursor" Name="PropertyPickerCapacitorCheck" BGColor="UI_TextHoloTitle" TextColor="UI_TextHoloTitle" TooltipColor="white" Sprite="" Picture="0" IgnoreMouse="1" Visible="0" Tooltip="" TooltipId="Crafting_SocketMatchesTooltip" TooltipFont="CRB_Interface9_O" HideInEditor="0" TextId="CBCrafting_BestMatch" DT_CENTER="1" DT_VCENTER="1" DT_WORDBREAK="1"/>
        <Control Class="Window" LAnchorPoint="0" LAnchorOffset="50" TAnchorPoint="0.5" TAnchorOffset="-35" RAnchorPoint="0" RAnchorOffset="100" BAnchorPoint="0.5" BAnchorOffset="41" RelativeToClient="1" Font="CRB_InterfaceMedium_I" Text="" Template="Default" TooltipType="OnCursor" Name="PropertyPickerInductorCheck" BGColor="UI_TextHoloTitle" TextColor="UI_TextHoloTitle" TooltipColor="white" Sprite="" Picture="0" IgnoreMouse="1" Visible="0" Tooltip="" TooltipId="Crafting_SocketMatchesTooltip" TooltipFont="CRB_Interface9_O" HideInEditor="0" TextId="CBCrafting_BestMatch" DT_CENTER="1" DT_VCENTER="1" DT_WORDBREAK="1"/>
        <Control Class="Window" LAnchorPoint="0" LAnchorOffset="50" TAnchorPoint="1" TAnchorOffset="-104" RAnchorPoint="0" RAnchorOffset="100" BAnchorPoint="1" BAnchorOffset="-28" RelativeToClient="1" Font="CRB_InterfaceMedium_I" Text="" Template="Default" TooltipType="OnCursor" Name="PropertyPickerResistorCheck" BGColor="UI_TextHoloTitle" TextColor="UI_TextHoloTitle" TooltipColor="white" Sprite="" Picture="0" IgnoreMouse="1" Visible="0" Tooltip="" TooltipId="Crafting_SocketMatchesTooltip" TooltipFont="CRB_Interface9_O" HideInEditor="0" TextId="CBCrafting_BestMatch" DT_CENTER="1" DT_VCENTER="1" DT_WORDBREAK="1"/>
    </Form>
    <Form Class="Window" LAnchorPoint="0" LAnchorOffset="0" TAnchorPoint="0" TAnchorOffset="0" RAnchorPoint="0" RAnchorOffset="54" BAnchorPoint="0" BAnchorOffset="76" RelativeToClient="1" Font="Default" Text="" Template="Default" TooltipType="OnCursor" Name="PropertyPickerCapacitor" Border="0" Picture="1" SwallowMouseClicks="1" Moveable="0" Escapable="0" Overlapped="1" BGColor="ffffffff" TextColor="ffffffff" TooltipColor="" IgnoreMouse="1" Tooltip="">
        <Control Class="Window" LAnchorPoint="0.5" LAnchorOffset="-22" TAnchorPoint="0.5" TAnchorOffset="-22" RAnchorPoint="0.5" RAnchorOffset="22" BAnchorPoint="0.5" BAnchorOffset="22" RelativeToClient="1" Font="Default" Text="" Template="Default" TooltipType="OnCursor" Name="PropertyPickerAGBIcon" BGColor="2x:ffff1100" TextColor="ffffffff" TooltipColor="" Picture="1" IgnoreMouse="1" Sprite="ClientSprites:Icon_Windows_UI_CRB_Attribute_BruteForce" Tooltip="" NewControlDepth="1" TooltipFont="CRB_InterfaceSmall_O" IgnoreTooltipDelay="1"/>
        <Control Class="Button" Base="CRB_CraftingCircuitSprites:btnCircuit_SquareGlass_Red" Font="CRB_InterfaceSmall" ButtonType="Check" RadioGroup="CircuitCrafting_LocalRadioGroup_PropertyPickerAGB" LAnchorPoint="0.5" LAnchorOffset="-38" TAnchorPoint="0" TAnchorOffset="0" RAnchorPoint="0.5" RAnchorOffset="38" BAnchorPoint="0" BAnchorOffset="76" DT_VCENTER="1" DT_CENTER="1" TooltipType="OnCursor" Name="PropertyPickerAGBBtn" BGColor="ffffffff" TextColor="ffffffff" TooltipColor="" NormalTextColor="UI_BtnTextRedNormal" PressedTextColor="UI_BtnTextRedPressed" FlybyTextColor="UI_BtnTextRedFlyby" PressedFlybyTextColor="UI_BtnTextRedPressedFlyby" DisabledTextColor="UI_BtnTextRedDisabled" Text="" TextId="" Tooltip="" Picture="0" Overlapped="1" Sprite="" TooltipFont="CRB_InterfaceSmall_O" RelativeToClient="1" IgnoreTooltipDelay="1" NoClip="1" RadioDisallowNonSelection="1" GlobalRadioGroup="">
            <Event Name="ButtonCheck" Function="OnPropertyBtn"/>
        </Control>
        <Control Class="Window" LAnchorPoint="0" LAnchorOffset="10" TAnchorPoint="0" TAnchorOffset="10" RAnchorPoint="1" RAnchorOffset="-10" BAnchorPoint="1" BAnchorOffset="-10" RelativeToClient="1" Font="Default" Text="" Template="Default" TooltipType="OnCursor" Name="PropertyPickerAGBTooltipHack" BGColor="9dffffff" TextColor="ffffffff" TooltipColor="" Picture="1" IgnoreMouse="1" Sprite="" NewControlDepth="1" TooltipFont="CRB_InterfaceSmall_O" Tooltip="" TooltipId="CBCrafting_CircuitTypeAlreadyPicked" Visible="0" HideInEditor="1"/>
    </Form>
    <Form Class="Window" LAnchorPoint="0" LAnchorOffset="0" TAnchorPoint="0" TAnchorOffset="0" RAnchorPoint="0" RAnchorOffset="54" BAnchorPoint="0" BAnchorOffset="76" RelativeToClient="1" Font="Default" Text="" Template="Default" TooltipType="OnCursor" Name="PropertyPickerInductor" Border="0" Picture="1" SwallowMouseClicks="1" Moveable="0" Escapable="0" Overlapped="1" BGColor="ffffffff" TextColor="ffffffff" TooltipColor="" IgnoreMouse="1">
        <Control Class="Window" LAnchorPoint="0.5" LAnchorOffset="-22" TAnchorPoint="0.5" TAnchorOffset="-22" RAnchorPoint="0.5" RAnchorOffset="22" BAnchorPoint="0.5" BAnchorOffset="22" RelativeToClient="1" Font="Default" Text="" Template="Default" TooltipType="OnCursor" Name="PropertyPickerAGBIcon" BGColor="ff00ff00" TextColor="ffffffff" TooltipColor="" Picture="1" IgnoreMouse="1" Sprite="ClientSprites:Icon_Windows_UI_CRB_Attribute_BruteForce" NewControlDepth="1" TooltipFont="CRB_InterfaceSmall_O" IgnoreTooltipDelay="1"/>
        <Control Class="Button" Base="CRB_CraftingCircuitSprites:btnCircuit_SquareGlass_Green" Font="CRB_InterfaceSmall" ButtonType="Check" RadioGroup="CircuitCrafting_LocalRadioGroup_PropertyPickerAGB" LAnchorPoint="0.5" LAnchorOffset="-38" TAnchorPoint="0" TAnchorOffset="0" RAnchorPoint="0.5" RAnchorOffset="38" BAnchorPoint="0" BAnchorOffset="76" DT_VCENTER="1" DT_CENTER="1" TooltipType="OnCursor" Name="PropertyPickerAGBBtn" BGColor="ffffffff" TextColor="ffffffff" TooltipColor="" NormalTextColor="UI_BtnTextGreenNormal" PressedTextColor="UI_BtnTextGreenPressed" FlybyTextColor="UI_BtnTextGreenFlyby" PressedFlybyTextColor="UI_BtnTextGreenPressedFlyby" DisabledTextColor="UI_BtnTextGreenDisabled" Text="" TextId="" Sprite="" Picture="1" Overlapped="1" TooltipFont="CRB_InterfaceSmall_O" RelativeToClient="1" IgnoreTooltipDelay="1" NoClip="1" GlobalRadioGroup="" RadioDisallowNonSelection="1">
            <Event Name="ButtonCheck" Function="OnPropertyBtn"/>
        </Control>
        <Control Class="Window" LAnchorPoint="0" LAnchorOffset="10" TAnchorPoint="0" TAnchorOffset="10" RAnchorPoint="1" RAnchorOffset="-10" BAnchorPoint="1" BAnchorOffset="-10" RelativeToClient="1" Font="Default" Text="" Template="Default" TooltipType="OnCursor" Name="PropertyPickerAGBTooltipHack" BGColor="9dffffff" TextColor="ffffffff" TooltipColor="" Picture="1" IgnoreMouse="1" Sprite="" NewControlDepth="1" TooltipFont="CRB_InterfaceSmall_O" Tooltip="" TooltipId="CBCrafting_CircuitTypeAlreadyPicked" Visible="0" HideInEditor="1"/>
    </Form>
    <Form Class="Window" LAnchorPoint="0" LAnchorOffset="0" TAnchorPoint="0" TAnchorOffset="0" RAnchorPoint="0" RAnchorOffset="54" BAnchorPoint="0" BAnchorOffset="76" RelativeToClient="1" Font="Default" Text="" Template="Default" TooltipType="OnCursor" Name="PropertyPickerResistor" Border="0" Picture="1" SwallowMouseClicks="1" Moveable="0" Escapable="0" Overlapped="1" BGColor="ffffffff" TextColor="ffffffff" TooltipColor="" IgnoreMouse="1" Tooltip="" TooltipId="Crafting_TutorialAmps">
        <Control Class="Window" LAnchorPoint="0.5" LAnchorOffset="-22" TAnchorPoint="0.5" TAnchorOffset="-22" RAnchorPoint="0.5" RAnchorOffset="22" BAnchorPoint="0.5" BAnchorOffset="22" RelativeToClient="1" Font="Default" Text="" Template="Default" TooltipType="OnCursor" Name="PropertyPickerAGBIcon" BGColor="ffffffff" TextColor="ffffffff" TooltipColor="" Picture="1" IgnoreMouse="1" Sprite="ClientSprites:Icon_Windows_UI_CRB_Attribute_BruteForce" NewControlDepth="1" TooltipFont="CRB_InterfaceSmall_O" IgnoreTooltipDelay="1"/>
        <Control Class="Button" Base="CRB_CraftingCircuitSprites:btnCircuit_SquareGlass_Blue" Font="CRB_InterfaceSmall" ButtonType="Check" RadioGroup="CircuitCrafting_LocalRadioGroup_PropertyPickerAGB" LAnchorPoint="0.5" LAnchorOffset="-38" TAnchorPoint="0" TAnchorOffset="0" RAnchorPoint="0.5" RAnchorOffset="38" BAnchorPoint="0" BAnchorOffset="76" DT_VCENTER="1" DT_CENTER="1" TooltipType="OnCursor" Name="PropertyPickerAGBBtn" BGColor="ffffffff" TextColor="ffffffff" TooltipColor="" NormalTextColor="UI_BtnTextBlueNormal" PressedTextColor="UI_BtnTextBluePressed" FlybyTextColor="UI_BtnTextBlueFlyby" PressedFlybyTextColor="UI_BtnTextBluePressedFlyby" DisabledTextColor="UI_BtnTextBlueDisabled" Text="" TextId="" Sprite="" Picture="1" Overlapped="1" TooltipFont="CRB_InterfaceSmall_O" RelativeToClient="1" IgnoreTooltipDelay="1" Tooltip="" Visible="1" RadioDisallowNonSelection="1" GlobalRadioGroup="">
            <Event Name="ButtonCheck" Function="OnPropertyBtn"/>
        </Control>
        <Control Class="Window" LAnchorPoint="0" LAnchorOffset="10" TAnchorPoint="0" TAnchorOffset="10" RAnchorPoint="1" RAnchorOffset="-10" BAnchorPoint="1" BAnchorOffset="-10" RelativeToClient="1" Font="Default" Text="" Template="Default" TooltipType="OnCursor" Name="PropertyPickerAGBTooltipHack" BGColor="9dffffff" TextColor="ffffffff" TooltipColor="" Picture="1" IgnoreMouse="1" Sprite="" NewControlDepth="1" TooltipFont="CRB_InterfaceSmall_O" Tooltip="" TooltipId="CBCrafting_CircuitTypeAlreadyPicked" Visible="0" HideInEditor="1"/>
    </Form>
    <Form Class="Window" LAnchorPoint="0" LAnchorOffset="0" TAnchorPoint="0" TAnchorOffset="0" RAnchorPoint="0" RAnchorOffset="44" BAnchorPoint="0" BAnchorOffset="44" RelativeToClient="1" Font="Default" Text="" Template="Default" TooltipType="OnCursor" Name="RawMaterialsItem" Border="0" Picture="1" SwallowMouseClicks="1" Moveable="0" Escapable="0" Overlapped="1" BGColor="ffffffff" TextColor="ffffffff" TooltipColor="" IgnoreMouse="1" Sprite="" TooltipFont="CRB_InterfaceSmall_O" Tooltip="">
        <Control Class="Window" LAnchorPoint="0" LAnchorOffset="4" TAnchorPoint="0" TAnchorOffset="4" RAnchorPoint="1" RAnchorOffset="-4" BAnchorPoint="1" BAnchorOffset="-4" RelativeToClient="1" Font="CRB_InterfaceSmall_O" Text="" Template="Default" TooltipType="DynamicFloater" Name="RawMaterialsIcon" BGColor="ffffffff" TextColor="ffffffff" TooltipColor="" Picture="1" IgnoreMouse="1" Sprite="" DT_RIGHT="1" DT_BOTTOM="1" NewControlDepth="1"/>
        <Control Class="Window" LAnchorPoint="0" LAnchorOffset="3" TAnchorPoint="0" TAnchorOffset="3" RAnchorPoint="1" RAnchorOffset="-3" BAnchorPoint="1" BAnchorOffset="-3" RelativeToClient="1" Font="Default" Text="" Template="Default" TooltipType="OnCursor" Name="RawMaterialsNotEnough" BGColor="9d660000" TextColor="ffffffff" TooltipColor="" Visible="0" Sprite="WhiteFill" Picture="1" IgnoreMouse="1" NewControlDepth="1" HideInEditor="0"/>
        <Pixie LAnchorPoint="0" LAnchorOffset="1" TAnchorPoint="0" TAnchorOffset="1" RAnchorPoint="1" RAnchorOffset="-1" BAnchorPoint="1" BAnchorOffset="-1" BGColor="ffffffff" Font="Default" TextColor="ffffffff" Text="" Sprite="CRB_Basekit:kitBase_HoloBlue_InsetSimple" Line="0"/>
        <Pixie LAnchorPoint="0" LAnchorOffset="1" TAnchorPoint="0" TAnchorOffset="1" RAnchorPoint="1" RAnchorOffset="-1" BAnchorPoint="1" BAnchorOffset="-1" BGColor="2x:ffffffff" Font="Default" TextColor="ffffffff" Text="" Sprite="CRB_Basekit:kitBase_HoloBlue_InsetBorder_Thin" Line="0"/>
    </Form>
    <Form Class="Button" Base="CRB_Basekit:kitBtn_Holo_Large" Font="Thick" ButtonType="PushButton" RadioGroup="" LAnchorPoint="0" LAnchorOffset="0" TAnchorPoint="0" TAnchorOffset="0" RAnchorPoint="0" RAnchorOffset="56" BAnchorPoint="0" BAnchorOffset="56" DT_VCENTER="1" DT_CENTER="1" TooltipType="OnCursor" Name="PowerCoreItemBtn" Picture="1" SwallowMouseClicks="1" Overlapped="1" BGColor="ffffffff" TextColor="ffffffff" TooltipColor="" NormalTextColor="ffffffff" PressedTextColor="ffffffff" FlybyTextColor="ffffffff" PressedFlybyTextColor="ffffffff" DisabledTextColor="ffffffff" RelativeToClient="1" IgnoreTooltipDelay="1" Tooltip="" IgnoreMouse="1">
        <Event Name="ButtonSignal" Function="OnPowerCoreItemBtn"/>
        <Control Class="Window" LAnchorPoint="0" LAnchorOffset="4" TAnchorPoint="0" TAnchorOffset="4" RAnchorPoint="1" RAnchorOffset="-4" BAnchorPoint="1" BAnchorOffset="-4" RelativeToClient="1" Font="CRB_InterfaceSmall_O" Text="" Template="Default" TooltipType="OnCursor" Name="PowerCoreItemSprite" BGColor="ffffffff" TextColor="ffffffff" TooltipColor="" Picture="1" IgnoreMouse="1" DT_RIGHT="1" DT_BOTTOM="1"/>
    </Form>
    <Form Class="Window" LAnchorPoint="0" LAnchorOffset="0" TAnchorPoint="0" TAnchorOffset="0" RAnchorPoint="0" RAnchorOffset="158" BAnchorPoint="0" BAnchorOffset="87" RelativeToClient="1" Font="Default" Text="" Template="Default" TooltipType="OnCursor" Name="Tutorial_SmallRightArrow" BGColor="ffffffff" TextColor="ffffffff" TooltipColor="" Sprite="CRB_TutorialSprites:sprTut_ConnectorUL" Picture="1" IgnoreMouse="1" NoClip="1" Tooltip="">
        <Pixie LAnchorPoint="0" LAnchorOffset="58" TAnchorPoint="0" TAnchorOffset="58" RAnchorPoint="1" RAnchorOffset="0" BAnchorPoint="1" BAnchorOffset="0" BGColor="ffffffff" Font="Default" TextColor="ffffffff" Text="" Sprite="CRB_TutorialSprites:sprTut_BackerSmallLit" Line="0"/>
        <Pixie LAnchorPoint="0" LAnchorOffset="64" TAnchorPoint="0" TAnchorOffset="64" RAnchorPoint="1" RAnchorOffset="0" BAnchorPoint="0" BAnchorOffset="84" BGColor="ffffffff" Font="CRB_Interface9_O" TextColor="UI_TextHoloBodyHighlight" Text="" TextId="CRB_Crafting_AdjustChargeTutorial" Line="0"/>
    </Form>
</Forms>
