<?xml version="1.0" encoding="UTF-8" standalone="yes" ?>
<Forms>
    <Form Class="Window" LAnchorPoint="ActionBar0_Left" LAnchorOffset="-40" TAnchorPoint="ActionBar0_Bottom" TAnchorOffset="-40" RAnchorPoint="ActionBar0_Left" RAnchorOffset="-0" BAnchorPoint="ActionBar0_Bottom" BAnchorOffset="0" RelativeToClient="1" Font="Default" Text="" Template="" Name="StanceFrameForm" Border="0" Picture="0" SwallowMouseClicks="1" Moveable="0" Escapable="0" Overlapped="1" BGColor="ffffffff" TextColor="ffffffff" TextId="" TooltipColor="" Tooltip="" LeftEdgeControlsAnchor="StanceFrame_Left" TopEdgeControlsAnchor="StanceFrame_Top">
        <Control Class="Window" LAnchorPoint="0" LAnchorOffset="0" TAnchorPoint="0" TAnchorOffset="0" RAnchorPoint="0" RAnchorOffset="40" BAnchorPoint="0" BAnchorOffset="40" RelativeToClient="0" Font="Default" Text="" Template="Default" TooltipType="DynamicFloater" Name="StanceEntry" Border="0" Picture="0" SwallowMouseClicks="1" Moveable="0" Escapable="0" Overlapped="0" BGColor="ffffffff" TextColor="ffffffff" TooltipColor="" Tooltip="">
            <Control Class="Window" LAnchorPoint="0" LAnchorOffset="0" TAnchorPoint="0" TAnchorOffset="0" RAnchorPoint="1" RAnchorOffset="0" BAnchorPoint="1" BAnchorOffset="0" RelativeToClient="1" Font="Default" Text="" Template="Default" TooltipType="OnCursor" Name="StanceBG" BGColor="ffffffff" TextColor="ffffffff" TooltipColor="" Picture="1" IgnoreMouse="1" NoClip="1" Sprite="CRB_UIKitSprites:spr_iconslotEMPTY"/>
            <Control Class="Window" LAnchorPoint="0" LAnchorOffset="2" TAnchorPoint="0" TAnchorOffset="2" RAnchorPoint="1" RAnchorOffset="-2" BAnchorPoint="1" BAnchorOffset="-2" RelativeToClient="1" Font="Default" Text="" Template="Default" TooltipType="OnCursor" Name="StanceIcon" BGColor="ffffffff" TextColor="ffffffff" TooltipColor="" Picture="1" IgnoreMouse="1" NewControlDepth="3" Sprite="WhiteFill"/>
            <Control Class="Window" LAnchorPoint="0" LAnchorOffset="2" TAnchorPoint="0" TAnchorOffset="2" RAnchorPoint="1" RAnchorOffset="-2" BAnchorPoint="1" BAnchorOffset="-2" RelativeToClient="1" Font="Default" Text="" Template="Default" TooltipType="OnCursor" Name="StanceIconBlocker" BGColor="af000000" TextColor="ffffffff" TooltipColor="" Picture="1" IgnoreMouse="1" NewControlDepth="3" Sprite="WhiteFill" Visible="1" HideInEditor="0"/>
            <Control Class="Button" Base="CRB_DEMO_WrapperSprites:btnDemo_CharInvisible" Font="Thick" ButtonType="PushButton" RadioGroup="RadioFauxGroup_Stances" LAnchorPoint="0" LAnchorOffset="0" TAnchorPoint="0" TAnchorOffset="0" RAnchorPoint="1" RAnchorOffset="0" BAnchorPoint="1" BAnchorOffset="0" DT_VCENTER="1" DT_CENTER="1" TooltipType="OnCursor" Name="StanceBtn" BGColor="ffffffff" TextColor="ffffffff" TooltipColor="" NormalTextColor="ffffffff" PressedTextColor="ffffffff" FlybyTextColor="ffffffff" PressedFlybyTextColor="ffffffff" DisabledTextColor="ffffffff" RadioDisallowNonSelection="1" GlobalRadioGroup="" NeverBringToFront="1" NoClip="0" HideInEditor="0">
                <Event Name="ButtonSignal" Function="OnStanceOptionToggle"/>
            </Control>
            <Control Class="Window" LAnchorPoint="0" LAnchorOffset="1" TAnchorPoint="0" TAnchorOffset="1" RAnchorPoint="1" RAnchorOffset="-1" BAnchorPoint="1" BAnchorOffset="-1" RelativeToClient="1" Font="Default" Text="" Template="Default" TooltipType="OnCursor" Name="StanceOverlay" BGColor="ffffffff" TextColor="ffffffff" TooltipColor="" Picture="1" IgnoreMouse="1" Sprite="ClientSprites:IconicButtonInnerGlow1" AutoFade="1" NoClip="1" NewControlDepth="3"/>
        </Control>
        <Control Class="Button" Base="CRB_ActionBarFrameSprites:btnActionBarFrame_RecallToggle" Font="Thick" ButtonType="Check" RadioGroup="" LAnchorPoint=".5" LAnchorOffset="-13" TAnchorPoint="0" TAnchorOffset="-13" RAnchorPoint=".5" RAnchorOffset="12" BAnchorPoint="0" BAnchorOffset="14" DT_VCENTER="1" DT_CENTER="1" TooltipType="OnCursor" Name="StanceOptionToggle" BGColor="ffffffff" TextColor="ffffffff" TooltipColor="" NormalTextColor="ffffffff" PressedTextColor="ffffffff" FlybyTextColor="ffffffff" PressedFlybyTextColor="ffffffff" DisabledTextColor="ffffffff" NoClip="1" Visible="1">
            <Event Name="ButtonCheck" Function="OnStanceOptionToggle"/>
            <Event Name="ButtonUncheck" Function="OnStanceOptionToggle"/>
        </Control>
    </Form>
    <Form Class="Window" LAnchorPoint="StanceFrame_Left" LAnchorOffset="-18" TAnchorPoint="StanceFrame_Top" TAnchorOffset="-218" RAnchorPoint="StanceFrame_Left" RAnchorOffset="57" BAnchorPoint="StanceFrame_Top" BAnchorOffset="-8" RelativeToClient="1" Font="Default" Text="" Template="Default" TooltipType="OnCursor" Name="StanceSelectionMenu" BGColor="ffffffff" TextColor="ffffffff" TooltipColor="" IgnoreMouse="1" NoClip="1" CloseOnExternalClick="1" Overlapped="1" NewWindowDepth="1" Escapable="1">
        <Control Class="Window" LAnchorPoint="0" LAnchorOffset="0" TAnchorPoint="0" TAnchorOffset="0" RAnchorPoint="1" RAnchorOffset="0" BAnchorPoint="1" BAnchorOffset="0" RelativeToClient="1" Font="Default" Text="" Template="Default" TooltipType="OnCursor" Name="MenuBGArt" BGColor="ffffffff" TextColor="ffffffff" TooltipColor="" Picture="1" IgnoreMouse="1" Sprite="CRB_Basekit:kitInnerFrame_Holo_DownArrowDark"/>
        <Control Class="Window" LAnchorPoint="0" LAnchorOffset="0" TAnchorPoint="0" TAnchorOffset="0" RAnchorPoint="1" RAnchorOffset="0" BAnchorPoint="1" BAnchorOffset="0" RelativeToClient="1" Font="Default" Text="" Template="Default" TooltipType="OnCursor" Name="MenuBGArt_Over" BGColor="ffffffff" TextColor="ffffffff" TooltipColor="" Picture="1" IgnoreMouse="1" Sprite="CRB_Basekit:kitInnerFrame_Holo_DownArrowDark"/>
        <Control Class="Window" LAnchorPoint="0" LAnchorOffset="3" TAnchorPoint="0" TAnchorOffset="22" RAnchorPoint="1" RAnchorOffset="-3" BAnchorPoint="0" BAnchorOffset="31" RelativeToClient="1" Font="Default" Text="" Template="Default" TooltipType="OnCursor" Name="MenuBGArt_Bar" BGColor="ffffffff" TextColor="ffffffff" TooltipColor="" Picture="1" IgnoreMouse="1" Sprite="CRB_Basekit:kitDivider_Horiz_HoloDashed" HideInEditor="1" Visible="0"/>
        <Control Class="Window" LAnchorPoint="0" LAnchorOffset="0" TAnchorPoint="0" TAnchorOffset="0" RAnchorPoint="1" RAnchorOffset="0" BAnchorPoint="0" BAnchorOffset="21" RelativeToClient="1" Font="CRB_InterfaceSmall" Text="" Template="Default" TooltipType="OnCursor" Name="MenuBGArt_Label" BGColor="ffffffff" TextColor="ff7fffb9" TooltipColor="" TextId="Recall_Binds" DT_BOTTOM="1" DT_CENTER="1" HideInEditor="1" Visible="0"/>
        <Control Class="Window" LAnchorPoint="0" LAnchorOffset="8" TAnchorPoint="0" TAnchorOffset="8" RAnchorPoint="1" RAnchorOffset="-8" BAnchorPoint="1" BAnchorOffset="-12" RelativeToClient="1" Font="Default" Text="" Template="Default" TooltipType="OnCursor" Name="StanceContainer" BGColor="ffffffff" TextColor="ffffffff" TooltipColor="" Picture="0" IgnoreMouse="1" Sprite="WhiteFill" NewControlDepth="14"/>
        <Control Class="Button" Base="CRB_Basekit:kitBtn_Holo_Close2" Font="Thick" ButtonType="PushButton" RadioGroup="" LAnchorPoint="1" LAnchorOffset="-13" TAnchorPoint="0" TAnchorOffset="-1" RAnchorPoint="1" RAnchorOffset="5" BAnchorPoint="0" BAnchorOffset="17" DT_VCENTER="1" DT_CENTER="1" TooltipType="OnCursor" Name="CloseBtn" BGColor="ffffffff" TextColor="ffffffff" TooltipColor="" NormalTextColor="ffffffff" PressedTextColor="ffffffff" FlybyTextColor="ffffffff" PressedFlybyTextColor="ffffffff" DisabledTextColor="ffffffff">
            <Event Name="ButtonSignal" Function="OnCloseBtn"/>
        </Control>
    </Form>
    <Form Class="Window" LAnchorPoint="0" LAnchorOffset="0" TAnchorPoint="0" TAnchorOffset="0" RAnchorPoint="0" RAnchorOffset="59" BAnchorPoint="0" BAnchorOffset="59" RelativeToClient="0" Font="Default" Text="" Template="Default" TooltipType="DynamicFloater" Name="StanceEntry" Border="0" Picture="0" SwallowMouseClicks="1" Moveable="0" Escapable="0" Overlapped="0" BGColor="ffffffff" TextColor="ffffffff" TooltipColor="" Tooltip="">
        <Control Class="Window" LAnchorPoint="0" LAnchorOffset="0" TAnchorPoint="0" TAnchorOffset="0" RAnchorPoint="1" RAnchorOffset="0" BAnchorPoint="1" BAnchorOffset="0" RelativeToClient="1" Font="Default" Text="" Template="Default" TooltipType="OnCursor" Name="StanceBG" BGColor="ffffffff" TextColor="ffffffff" TooltipColor="" Picture="1" IgnoreMouse="1" NoClip="1" Sprite="CRB_UIKitSprites:spr_iconslotEMPTY"/>
        <Control Class="Window" LAnchorPoint="0" LAnchorOffset="2" TAnchorPoint="0" TAnchorOffset="2" RAnchorPoint="1" RAnchorOffset="-2" BAnchorPoint="1" BAnchorOffset="-2" RelativeToClient="1" Font="Default" Text="" Template="Default" TooltipType="OnCursor" Name="StanceIcon" BGColor="ffffffff" TextColor="ffffffff" TooltipColor="" Picture="1" IgnoreMouse="1" NewControlDepth="3" Sprite="WhiteFill"/>
        <Control Class="Window" LAnchorPoint="0" LAnchorOffset="2" TAnchorPoint="0" TAnchorOffset="2" RAnchorPoint="1" RAnchorOffset="-2" BAnchorPoint="1" BAnchorOffset="-2" RelativeToClient="1" Font="Default" Text="" Template="Default" TooltipType="OnCursor" Name="StanceIconBlocker" BGColor="af000000" TextColor="ffffffff" TooltipColor="" Picture="1" IgnoreMouse="1" NewControlDepth="3" Sprite="WhiteFill"/>
        <Control Class="Button" Base="CRB_DEMO_WrapperSprites:btnDemo_CharInvisible" Font="Thick" ButtonType="Check" RadioGroup="RadioFauxGroup_Stances" LAnchorPoint="0" LAnchorOffset="0" TAnchorPoint="0" TAnchorOffset="0" RAnchorPoint="1" RAnchorOffset="0" BAnchorPoint="1" BAnchorOffset="0" DT_VCENTER="1" DT_CENTER="1" TooltipType="OnCursor" Name="StanceBtn" BGColor="ffffffff" TextColor="ffffffff" TooltipColor="" NormalTextColor="ffffffff" PressedTextColor="ffffffff" FlybyTextColor="ffffffff" PressedFlybyTextColor="ffffffff" DisabledTextColor="ffffffff" RadioDisallowNonSelection="1" GlobalRadioGroup="" NeverBringToFront="1" NoClip="0">
            <Event Name="ButtonCheck" Function="OnStanceBtn"/>
        </Control>
        <Control Class="Window" LAnchorPoint="0" LAnchorOffset="1" TAnchorPoint="0" TAnchorOffset="1" RAnchorPoint="1" RAnchorOffset="-1" BAnchorPoint="1" BAnchorOffset="-1" RelativeToClient="1" Font="Default" Text="" Template="Default" TooltipType="OnCursor" Name="StanceOverlay" BGColor="ffffffff" TextColor="ffffffff" TooltipColor="" Picture="1" IgnoreMouse="1" Sprite="ClientSprites:IconicButtonInnerGlow1" AutoFade="1" NoClip="1" NewControlDepth="3"/>
    </Form>
</Forms>
