<?xml version="1.0" ?>
<Forms>
    <Form Name="AddonError" Class="Window" LAnchorPoint="0.5" LAnchorOffset="-350" TAnchorPoint="0.5" TAnchorOffset="-250" RAnchorPoint="0.5" RAnchorOffset="350" BAnchorPoint="0.5" BAnchorOffset="250" Border="1" Picture="0" Sprite="" BGColor="white" SwallowMouseClicks="1" Escapable="1" Template="Holo_Medium" TextColor="white" Overlapped="1" UseTemplateBG="1" TooltipColor="" Tooltip="" Moveable="1">
        <Control Name="OptionsFrame" Class="Window" LAnchorPoint="0" LAnchorOffset="0" TAnchorPoint="0" TAnchorOffset="17" RAnchorPoint="1" RAnchorOffset="0" BAnchorPoint="1" BAnchorOffset="25" Border="0" Picture="0" Sprite="GreyBevMiddle" BGColor="0xwhite" SwallowMouseClicks="0" Escapable="0" Template="" TextColor="white" Overlapped="0" UseTemplateBG="1" RelativeToClient="1" TooltipColor="" Text="" IgnoreMouse="1" HideInEditor="0">
            <Control Class="EditBox" Name="ErrorText" Font="Courier" RelativeToClient="1" TextColor="white" Border="1" AutoSize="0" NoScrollbar="1" BGColor="white" Template="Holo_ScrollList" LAnchorPoint="0.00000" LAnchorOffset="0" TAnchorPoint="0.00000" TAnchorOffset="60" RAnchorPoint="1" RAnchorOffset="0" BAnchorPoint="1" BAnchorOffset="-70" VScroll="1" UseTemplateBG="1" SelectWholeRow="1" BlockOutIfDisabled="1" DT_WORDBREAK="1" MultiLine="1" ReadOnly="1" WantReturn="1" TooltipColor="" NewControlDepth="5" Text="" NoClip="1"/>
            <Control Class="Window" LAnchorPoint="0" LAnchorOffset="0" TAnchorPoint="0" TAnchorOffset="0" RAnchorPoint="1" RAnchorOffset="0" BAnchorPoint="0" BAnchorOffset="57" RelativeToClient="1" Font="CRB_InterfaceMedium" Text="The following error has occured in the addon: ThisIsALongName. This is a Carbine Addon and I need two lines here." Template="Default" Name="Message" BGColor="white" TextColor="UI_TextHoloBody" TextId="" DT_WORDBREAK="1" TooltipColor="" IgnoreMouse="1" NoClip="1" Tooltip=""/>
            <Control Class="Window" LAnchorPoint="0" LAnchorOffset="6" TAnchorPoint="0" TAnchorOffset="320" RAnchorPoint="1" RAnchorOffset="-6" BAnchorPoint="0" BAnchorOffset="363" RelativeToClient="1" Font="CRB_InterfaceMedium" Text="" Template="Default" Name="Prompt" BGColor="white" TextColor="UI_TextHoloTitle" Border="0" IgnoreMouse="1" DT_WORDBREAK="1" TooltipColor="" TextId="LuaError_YouMayIgnore" Visible="0" HideInEditor="1"/>
            <Control Class="Button" Base="BK3:btnHolo_Red_Med" Font="CRB_Button" ButtonType="PushButton" RadioGroup="" LAnchorPoint=".5" LAnchorOffset="-10" TAnchorPoint="1" TAnchorOffset="-72" RAnchorPoint=".5" RAnchorOffset="139" BAnchorPoint="1" BAnchorOffset="1" DT_VCENTER="1" DT_CENTER="1" Name="Suspend" BGColor="white" TextColor="white" Text="" TextId="ErrorDialog_Suspend" RelativeToClient="1" NormalTextColor="UI_BtnTextRedNormal" PressedTextColor="UI_BtnTextRedPressed" FlybyTextColor="UI_BtnTextRedFlyby" PressedFlybyTextColor="UI_BtnTextRedPressedFlyby" DisabledTextColor="UI_BtnTextRedDisabled" TooltipColor="" Visible="1" HideInEditor="0" NoClip="1">
                <Event Name="ButtonSignal" Function="OnSuspendAddon"/>
            </Control>
            <Control Class="Button" Base="BK3:btnHolo_Blue_Med" Font="CRB_Button" ButtonType="PushButton" RadioGroup="" LAnchorPoint=".5" LAnchorOffset="139" TAnchorPoint="1" TAnchorOffset="-73" RAnchorPoint=".5" RAnchorOffset="289" BAnchorPoint="1" BAnchorOffset="0" DT_VCENTER="1" DT_CENTER="1" Name="Ignore" BGColor="white" TextColor="white" Text="" TextId="ErrorDialog_IgnoreError" RelativeToClient="1" NormalTextColor="UI_BtnTextHoloNormal" PressedTextColor="UI_BtnTextHoloPressed" FlybyTextColor="UI_BtnTextHoloFlyby" PressedFlybyTextColor="UI_BtnTextHoloPressedFlyby" DisabledTextColor="UI_BtnTextHoloDisabled" TooltipColor="" NoClip="1">
                <Event Name="ButtonSignal" Function="OnIgnoreError"/>
            </Control>
            <Control Class="Button" Base="BK3:btnHolo_Blue_Med" Font="CRB_Button" ButtonType="PushButton" RadioGroup="" LAnchorPoint="0" LAnchorOffset="-10" TAnchorPoint="1" TAnchorOffset="-73" RAnchorPoint="1" RAnchorOffset="-419" BAnchorPoint="1" BAnchorOffset="0" DT_VCENTER="1" DT_CENTER="1" Name="CopyToClipboard" BGColor="white" TextColor="white" Text="" TextId="LuaError_CopyToClipboard" RelativeToClient="1" TooltipColor="" NormalTextColor="UI_BtnTextHoloNormal" PressedTextColor="UI_BtnTextHoloPressed" FlybyTextColor="UI_BtnTextHoloFlyby" PressedFlybyTextColor="UI_BtnTextHoloPressedFlyby" DisabledTextColor="UI_BtnTextHoloDisabled" NoClip="1">
                <Event Name="ButtonSignal" Function="OnCopyToClipboard"/>
            </Control>
            <Control Class="Button" Base="CRB_UIKitSprites:btn_square_LARGE_Red" Font="Thick" ButtonType="PushButton" RadioGroup="" LAnchorPoint="1" LAnchorOffset="-518" TAnchorPoint="1" TAnchorOffset="59" RAnchorPoint="1" RAnchorOffset="-364" BAnchorPoint="1" BAnchorOffset="94" DT_VCENTER="1" DT_CENTER="1" Name="DisableAddon" BGColor="white" TextColor="white" Text="" TextId="CRB_DisableAddon" RelativeToClient="1" NormalTextColor="white" PressedTextColor="white" FlybyTextColor="white" PressedFlybyTextColor="white" DisabledTextColor="white" TooltipColor="" Visible="0" HideInEditor="0">
                <Event Name="ButtonSignal" Function="OnDisableAddon"/>
            </Control>
        </Control>
        <Control Class="Button" Name="CloseBtn" ButtonType="PushButton" Base="BK3:btnHolo_Close" Text="" Font="CRB_HeaderMedium" DT_CENTER="1" DT_VCENTER="1" NewControlDepth="1" NoClip="1" LAnchorPoint="1" LAnchorOffset="-77" TAnchorPoint="0" TAnchorOffset="31" RAnchorPoint="1" RAnchorOffset="-33" BAnchorPoint="0" BAnchorOffset="77" BGColor="white" TextColor="white" TooltipColor="" NormalTextColor="white" PressedTextColor="white" FlybyTextColor="white" PressedFlybyTextColor="white" DisabledTextColor="white">
            <Event Name="ButtonSignal" Function="OnCloseBtn"/>
        </Control>
        <Event Name="WindowClosed" Function="OnCloseErrorWindow"/>
        <Control Class="Window" LAnchorPoint="0" LAnchorOffset="0" TAnchorPoint="0" TAnchorOffset="-18" RAnchorPoint="1" RAnchorOffset="0" BAnchorPoint="0" BAnchorOffset="9" RelativeToClient="1" Font="CRB_HeaderLarge" Text="" Template="Default" TooltipType="OnCursor" Name="Title" BGColor="white" TextColor="UI_WindowTitleYellow" TooltipColor="" TextId="LuaError_Title" DT_VCENTER="1" DT_CENTER="1" IgnoreMouse="1" NoClip="1"/>
    </Form>
    <Form Name="ReportBugDialog" Class="Window" LAnchorPoint=".3" LAnchorOffset="-450" TAnchorPoint=".5" TAnchorOffset="-380" RAnchorPoint=".3" RAnchorOffset="300" BAnchorPoint=".5" BAnchorOffset="351" Template="" Moveable="1" Border="0" Sprite="BlackFill" Picture="0" BGOpacity=".5" BGColor="white" TextColor="white" Overlapped="1" UseTemplateBG="1" Escapable="1" TooltipColor="" Tooltip="" Text="" CloseOnExternalClick="0">
        <Control Class="Window" LAnchorPoint="0" LAnchorOffset="23" TAnchorPoint="0" TAnchorOffset="68" RAnchorPoint="1" RAnchorOffset="-25" BAnchorPoint="1" BAnchorOffset="-19" RelativeToClient="1" Font="Default" Text="" Template="Holo_Background_General" TooltipType="OnCursor" Name="BGArt" BGColor="ffffffff" TextColor="ffffffff" TooltipColor="">
            <Control Class="Window" LAnchorPoint="0" LAnchorOffset="19" TAnchorPoint="0" TAnchorOffset="252" RAnchorPoint="1" RAnchorOffset="-19" BAnchorPoint="0" BAnchorOffset="481" RelativeToClient="1" Font="Default" Text="" BGColor="UI_WindowBGDefault" TextColor="UI_WindowTextDefault" Template="Default" TooltipType="OnCursor" Name="Input Box" TooltipColor="" Picture="1" IgnoreMouse="1" Sprite="BK3:UI_BK3_Holo_InsetHeader"/>
            <Control Class="Window" LAnchorPoint="0" LAnchorOffset="20" TAnchorPoint="0" TAnchorOffset="18" RAnchorPoint="1" RAnchorOffset="-17" BAnchorPoint="0" BAnchorOffset="178" RelativeToClient="1" Font="Default" Text="" BGColor="UI_WindowBGDefault" TextColor="UI_WindowTextDefault" Template="Default" TooltipType="OnCursor" Name="Title Box Framings" TooltipColor="" Picture="1" IgnoreMouse="1" Sprite="BK3:UI_BK3_Holo_InsetSimple"/>
            <Control Class="Window" LAnchorPoint="0" LAnchorOffset="10" TAnchorPoint="0" TAnchorOffset="261" RAnchorPoint="1" RAnchorOffset="0" BAnchorPoint="0" BAnchorOffset="281" RelativeToClient="1" Font="CRB_HeaderMedium" Text="" BGColor="UI_WindowBGDefault" TextColor="white" Template="Default" TooltipType="OnCursor" Name="DescriptionLabel" TooltipColor="" TextId="Description" DT_CENTER="1" DT_VCENTER="1"/>
        </Control>
        <Control Class="Button" Name="CloseBtn" ButtonType="PushButton" Base="CRB_Basekit:kitBtn_Close" Text="" Font="CRB_HeaderMedium" DT_CENTER="1" DT_VCENTER="1" NewControlDepth="1" NoClip="1" LAnchorPoint="1" LAnchorOffset="-51" TAnchorPoint="0" TAnchorOffset="26" RAnchorPoint="1" RAnchorOffset="-22" BAnchorPoint="0" BAnchorOffset="60" BGColor="white" TextColor="white" TooltipColor="" NormalTextColor="white" PressedTextColor="white" FlybyTextColor="white" PressedFlybyTextColor="white" DisabledTextColor="white">
            <Event Name="ButtonSignal" Function="OnCancelBtn"/>
        </Control>
        <Control Class="Grid" LAnchorPoint="0" LAnchorOffset="45" TAnchorPoint="0" TAnchorOffset="88" RAnchorPoint="0.5" RAnchorOffset="-2" BAnchorPoint="0" BAnchorOffset="244" RelativeToClient="1" Font="CRB_Interface10" Text="" Template="Holo_ScrollListSmall" TooltipType="OnCursor" Name="Category" BGColor="white" TextColor="white" TooltipColor="" CellBGNormalColor="" CellBGSelectedColor="" CellBGNormalFocusColor="" CellBGSelectedFocusColor="" TextNormalColor="UI_BtnTextHoloListNormal" TextSelectedColor="UI_BtnTextHoloListPressed" TextNormalFocusColor="UI_BtnTextHoloFlyby" TextSelectedFocusColor="UI_BtnTextHoloListPressedFlyby" Border="1" VScroll="1" UseTemplateBG="1" HeaderRow="0" SelectWholeRow="1" HeaderBG="BK3:btnHolo_ListView_TopFlyby" CellBGBase="BK3:btnHolo_ListView_Mid" RowHeight="32" HeaderHeight="25" HorzCellMargin="8">
            <Event Name="GridSelChange" Function="OnCategoryChanged"/>
        </Control>
        <Control Class="Grid" LAnchorPoint="0.5" LAnchorOffset="3" TAnchorPoint="0" TAnchorOffset="88" RAnchorPoint="1" RAnchorOffset="-44" BAnchorPoint="0" BAnchorOffset="244" RelativeToClient="1" Font="CRB_Interface10" Text="" Template="Holo_ScrollListSmall" TooltipType="OnCursor" Name="SubCategory" BGColor="white" TextColor="white" TooltipColor="" CellBGNormalColor="" CellBGSelectedColor="" CellBGNormalFocusColor="" CellBGSelectedFocusColor="" TextNormalColor="UI_BtnTextHoloListNormal" TextSelectedColor="UI_BtnTextHoloListPressed" TextNormalFocusColor="UI_BtnTextHoloListFlyby" TextSelectedFocusColor="UI_BtnTextHoloListPressedFlyby" Border="1" VScroll="1" UseTemplateBG="1" HeaderBG="BK3:btnHolo_ListView_TopFlyby" CellBGBase="BK3:btnHolo_ListView_Mid" RowHeight="32" HeaderHeight="25" HorzCellMargin="8">
            <Event Name="GridSelChange" Function="OnSubcategoryChanged"/>
        </Control>
        <Control Class="Window" LAnchorPoint=".4" LAnchorOffset="0" TAnchorPoint="0" TAnchorOffset="252" RAnchorPoint="1" RAnchorOffset="-102" BAnchorPoint="0" BAnchorOffset="282" RelativeToClient="1" Font="CRB_InterfaceMedium" Text="" Template="" TooltipType="OnCursor" Name="Unit" BGColor="white" TextColor="UI_TextHoloBody" TooltipColor="" IgnoreMouse="1" UseTemplateBG="0" Border="0" TextId="" DT_VCENTER="1" Sprite="" Picture="1">
            <Control Class="Window" LAnchorPoint="0" LAnchorOffset="-5" TAnchorPoint="0" TAnchorOffset="0" RAnchorPoint="1" RAnchorOffset="0" BAnchorPoint="1" BAnchorOffset="0" RelativeToClient="1" Font="Default" Text="" BGColor="UI_WindowBGDefault" TextColor="UI_WindowTextDefault" Template="Default" TooltipType="OnCursor" Name="Window" TooltipColor="" Sprite="BK3:UI_BK3_Holo_InsetSimple" Picture="1" IgnoreMouse="1" NoClip="1"/>
        </Control>
        <Control Class="Button" Base="BK3:btnHolo_Blue_Small" Font="CRB_Button" ButtonType="PushButton" RadioGroup="" LAnchorPoint="1" LAnchorOffset="-106" TAnchorPoint="0" TAnchorOffset="240" RAnchorPoint="1" RAnchorOffset="-36" BAnchorPoint="0" BAnchorOffset="293" DT_VCENTER="1" DT_CENTER="1" TooltipType="OnCursor" Name="ClearUnit" BGColor="white" TextColor="white" TooltipColor="" NormalTextColor="UI_BtnTextBlueNormal" PressedTextColor="white" FlybyTextColor="white" PressedFlybyTextColor="white" DisabledTextColor="white" Text="" TextId="CRB_Clear">
            <Event Name="ButtonSignal" Function="OnClearUnit"/>
        </Control>
        <Control Class="Window" LAnchorPoint=".4" LAnchorOffset="0" TAnchorPoint="0" TAnchorOffset="285" RAnchorPoint="1" RAnchorOffset="-102" BAnchorPoint="0" BAnchorOffset="315" RelativeToClient="1" Font="CRB_InterfaceMedium" Text="" Template="" TooltipType="OnCursor" Name="QuestTitle" BGColor="white" TextColor="UI_TextHoloBody" TooltipColor="" IgnoreMouse="1" UseTemplateBG="0" Border="0" TextId="CRB_None" DT_VCENTER="1" Sprite="" Picture="1">
            <Control Class="Window" LAnchorPoint="0" LAnchorOffset="-5" TAnchorPoint="0" TAnchorOffset="0" RAnchorPoint="1" RAnchorOffset="0" BAnchorPoint="1" BAnchorOffset="0" RelativeToClient="1" Font="CRB_InterfaceMedium" Text="" BGColor="UI_WindowBGDefault" TextColor="UI_TextHoloBody" Template="Default" TooltipType="OnCursor" Name="Window" TooltipColor="" Sprite="BK3:UI_BK3_Holo_InsetSimple" Picture="1" IgnoreMouse="1" NoClip="1"/>
        </Control>
        <Control Class="Button" Base="BK3:btnHolo_Blue_Small" Font="CRB_Button" ButtonType="Check" RadioGroup="" LAnchorPoint="1" LAnchorOffset="-106" TAnchorPoint="0" TAnchorOffset="272" RAnchorPoint="1" RAnchorOffset="-36" BAnchorPoint="0" BAnchorOffset="325" DT_VCENTER="1" DT_CENTER="1" TooltipType="OnCursor" Name="ShowQuestList" BGColor="white" TextColor="white" TooltipColor="" NormalTextColor="UI_BtnTextBlueNormal" PressedTextColor="white" FlybyTextColor="white" PressedFlybyTextColor="white" DisabledTextColor="white" Text="" TextId="ErrorDialog_EmptySearch">
            <Event Name="ButtonSignal" Function="YourFunctionName"/>
        </Control>
        <Control Class="EditBox" Name="Description" ReadOnly="0" MultiLine="1" Template="Holo_ScrollList" VScroll="0" LAnchorPoint="0" LAnchorOffset="54" TAnchorPoint="1" TAnchorOffset="-364" RAnchorPoint="1" RAnchorOffset="-52" BAnchorPoint="1" BAnchorOffset="-190" BGColor="black" TextColor="UI_TextHoloBody" Focus="True" Border="0" UseTemplateBG="0" RelativeToClient="1" TextId="" TooltipColor="" Text="" WantReturn="1" DT_WORDBREAK="1" Font="CRB_Interface10">
            <Event Name="EditBoxReturn" Function="OnOkBtn"/>
            <Event Name="EditBoxChanged" Function="OnDescriptionChanged"/>
        </Control>
        <Control Class="Window" LAnchorPoint=".4" LAnchorOffset="0" TAnchorPoint="1" TAnchorOffset="-174" RAnchorPoint="1" RAnchorOffset="-156" BAnchorPoint="1" BAnchorOffset="-144" RelativeToClient="1" Font="CRB_Interface10" Text="" Template="" TooltipType="OnCursor" Name="PropId" BGColor="white" TextColor="UI_TextHoloBody" TooltipColor="" IgnoreMouse="1" UseTemplateBG="0" Border="0" TextId="" DT_VCENTER="1" Picture="1" Sprite="">
            <Control Class="Window" LAnchorPoint="0" LAnchorOffset="-5" TAnchorPoint="0" TAnchorOffset="0" RAnchorPoint="1" RAnchorOffset="0" BAnchorPoint="1" BAnchorOffset="0" RelativeToClient="1" Font="Default" Text="" BGColor="UI_WindowBGDefault" TextColor="UI_WindowTextDefault" Template="Default" TooltipType="OnCursor" Name="Window" TooltipColor="" Sprite="BK3:UI_BK3_Holo_InsetSimple" Picture="1" IgnoreMouse="1" NoClip="1"/>
        </Control>
        <Control Class="Button" Base="BK3:btnHolo_Blue_Small" Font="CRB_Button" ButtonType="PushButton" RadioGroup="" LAnchorPoint="1" LAnchorOffset="-158" TAnchorPoint="1" TAnchorOffset="-187" RAnchorPoint="1" RAnchorOffset="-38" BAnchorPoint="1" BAnchorOffset="-134" DT_VCENTER="1" DT_CENTER="1" TooltipType="OnCursor" Name="InsertProp" BGColor="white" TextColor="white" TooltipColor="" NormalTextColor="UI_BtnTextBlueNormal" PressedTextColor="white" FlybyTextColor="white" PressedFlybyTextColor="white" DisabledTextColor="white" Text="" TextId="ErrorDialog_InsertId">
            <Event Name="ButtonSignal" Function="OnInsertPropId"/>
        </Control>
        <Control Class="Window" LAnchorPoint=".4" LAnchorOffset="0" TAnchorPoint="1" TAnchorOffset="-138" RAnchorPoint="1" RAnchorOffset="-156" BAnchorPoint="1" BAnchorOffset="-108" RelativeToClient="1" Font="CRB_InterfaceMedium" Text="" Template="" TooltipType="OnCursor" Name="WorldPosition" BGColor="white" TextColor="UI_TextHoloBody" TooltipColor="" IgnoreMouse="1" UseTemplateBG="0" Border="0" TextId="" DT_VCENTER="1" Sprite="" Picture="1">
            <Control Class="Window" LAnchorPoint="0" LAnchorOffset="-5" TAnchorPoint="0" TAnchorOffset="0" RAnchorPoint="1" RAnchorOffset="0" BAnchorPoint="1" BAnchorOffset="0" RelativeToClient="1" Font="Default" Text="" BGColor="UI_WindowBGDefault" TextColor="UI_WindowTextDefault" Template="Default" TooltipType="OnCursor" Name="Window" TooltipColor="" Sprite="BK3:UI_BK3_Holo_InsetSimple" Picture="1" IgnoreMouse="1" NoClip="1"/>
        </Control>
        <Control Class="Button" Base="BK3:btnHolo_Blue_Small" Font="CRB_Button" ButtonType="PushButton" RadioGroup="" LAnchorPoint="1" LAnchorOffset="-158" TAnchorPoint="1" TAnchorOffset="-151" RAnchorPoint="1" RAnchorOffset="-38" BAnchorPoint="1" BAnchorOffset="-98" DT_VCENTER="1" DT_CENTER="1" TooltipType="OnCursor" Name="InsertPosition" BGColor="white" TextColor="white" TooltipColor="" NormalTextColor="UI_BtnTextBlueNormal" PressedTextColor="white" FlybyTextColor="white" PressedFlybyTextColor="white" DisabledTextColor="white" Text="" TextId="ErrorDialog_InsertPosition">
            <Event Name="ButtonSignal" Function="OnInsertPosition"/>
        </Control>
        <Control Class="Window" LAnchorPoint="0" LAnchorOffset="0" TAnchorPoint="0" TAnchorOffset="0" RAnchorPoint="1" RAnchorOffset="0" BAnchorPoint="1" BAnchorOffset="0" RelativeToClient="1" Font="Default" Text="" BGColor="UI_WindowBGDefault" TextColor="UI_WindowTextDefault" Template="Metal_Primary_NoNav" TooltipType="OnCursor" Name="MainFrame" TooltipColor="" Picture="0" IgnoreMouse="1" Border="1" UseTemplateBG="1" HideInEditor="0">
            <Control Class="Window" LAnchorPoint="0" LAnchorOffset="-2" TAnchorPoint="0" TAnchorOffset="637" RAnchorPoint="1" RAnchorOffset="4" BAnchorPoint="0" BAnchorOffset="707" RelativeToClient="1" Font="Default" Text="" BGColor="UI_WindowBGDefault" TextColor="UI_WindowTextDefault" Template="Default" TooltipType="OnCursor" Name="MetalFooter" TooltipColor="" Sprite="BK3:UI_BK3_Metal_Footer_Large" Picture="1" IgnoreMouse="1"/>
            <Control Class="Window" LAnchorPoint=".5" LAnchorOffset="-150" TAnchorPoint="0" TAnchorOffset="24" RAnchorPoint=".5" RAnchorOffset="150" BAnchorPoint="0" BAnchorOffset="60" RelativeToClient="1" Font="CRB_HeaderMedium" Text="" BGColor="UI_WindowBGDefault" TextColor="UI_WindowTitleYellow" Template="Default" TooltipType="OnCursor" Name="Header" TooltipColor="" Sprite="BK3:sprMetal_Framing_Header" Picture="1" IgnoreMouse="1" TextId="InterfaceMenu_ReportBug" DT_CENTER="1" DT_VCENTER="1"/>
        </Control>
        <Control Class="Window" LAnchorPoint="0" LAnchorOffset="687" TAnchorPoint="0" TAnchorOffset="241" RAnchorPoint="0" RAnchorOffset="1009" BAnchorPoint="0" BAnchorOffset="580" RelativeToClient="1" Font="Default" Text="" BGColor="UI_WindowBGDefault" TextColor="UI_WindowTextDefault" Template="" TooltipType="OnCursor" Name="Flyout" TooltipColor="" Border="0" IgnoreMouse="1" UseTemplateBG="0" NoClip="1" Sprite="BK3:sprHolo_Alert_Flyout" Picture="1" Visible="0" NewWindowDepth="1">
            <Control Class="Grid" LAnchorPoint="0" LAnchorOffset="43" TAnchorPoint="0" TAnchorOffset="50" RAnchorPoint="0" RAnchorOffset="279" BAnchorPoint="0" BAnchorOffset="290" RelativeToClient="1" Font="CRB_Interface10" Text="" Template="Holo_ScrollListSmall" TooltipType="OnCursor" Name="QuestList" BGColor="white" TextColor="white" TooltipColor="" CellBGNormalColor="" CellBGSelectedColor="" CellBGNormalFocusColor="" CellBGSelectedFocusColor="" TextNormalColor="UI_BtnTextHoloListNormal" TextSelectedColor="UI_BtnTextHoloListPressed" TextNormalFocusColor="UI_BtnTextHoloListFlyby" TextSelectedFocusColor="UI_BtnTextHoloListPressedFlyby" NoClip="1" Border="1" UseTemplateBG="1" NewWindowDepth="1" CloseOnExternalClick="1" Visible="1" Tooltip="" VScroll="1" CellBGBase="BK3:btnHolo_ListView_Mid" RowHeight="32" HeaderHeight="25" HorzCellMargin="8" HeaderBG="BK3:btnHolo_ListView_TopFlyby">
                <Event Name="GridSelChange" Function="OnQuestChanged"/>
            </Control>
        </Control>
        <Control Class="Button" Base="CRB_Basekit:kitBtn_Metal_LargeBlue" Font="CRB_Button" ButtonType="PushButton" RadioGroup="" LAnchorPoint="1" LAnchorOffset="-158" TAnchorPoint="1" TAnchorOffset="-80" RAnchorPoint="1" RAnchorOffset="-37" BAnchorPoint="1" BAnchorOffset="-33" DT_VCENTER="1" DT_CENTER="1" Name="ReportBugBtn" BGColor="white" TextColor="white" RelativeToClient="1" TextId="CRB_Report_bug" TooltipColor="" NormalTextColor="UI_BtnTextBlueNormal" PressedTextColor="UI_BtnTextBluePressed" FlybyTextColor="UI_BtnTextBlueFlyby" PressedFlybyTextColor="UI_BtnTextBluePressedFlyby" DisabledTextColor="UI_BtnTextBlueDisabled" Text="" NewControlDepth="1">
            <Event Name="ButtonSignal" Function="OnReportBug"/>
        </Control>
        <Control Class="Window" LAnchorPoint="0" LAnchorOffset="45" TAnchorPoint="0" TAnchorOffset="251" RAnchorPoint="0" RAnchorOffset="215" BAnchorPoint="0" BAnchorOffset="282" RelativeToClient="1" Font="CRB_InterfaceMedium" Text="" BGColor="UI_WindowBGDefault" TextColor="UI_TextHoloTitle" Template="Default" TooltipType="OnCursor" Name="String" TooltipColor="" TextId="ErrorDialog_UnitInclude" DT_VCENTER="1"/>
        <Control Class="Window" LAnchorPoint="0" LAnchorOffset="45" TAnchorPoint="0" TAnchorOffset="283" RAnchorPoint="0" RAnchorOffset="224" BAnchorPoint="0" BAnchorOffset="314" RelativeToClient="1" Font="CRB_InterfaceMedium" Text="" BGColor="UI_WindowBGDefault" TextColor="UI_TextHoloTitle" Template="Default" TooltipType="OnCursor" Name="String1" TooltipColor="" TextId="ErrorDialog_RelatedQuest" DT_VCENTER="1"/>
        <Control Class="Window" LAnchorPoint="0" LAnchorOffset="45" TAnchorPoint="0" TAnchorOffset="556" RAnchorPoint="0" RAnchorOffset="196" BAnchorPoint="0" BAnchorOffset="587" RelativeToClient="1" Font="CRB_InterfaceMedium" Text="" BGColor="UI_WindowBGDefault" TextColor="UI_TextHoloTitle" Template="Default" TooltipType="OnCursor" Name="String2" TooltipColor="" TextId="ErrorDialog_GetId" DT_VCENTER="1"/>
        <Control Class="Window" LAnchorPoint="0" LAnchorOffset="45" TAnchorPoint="0" TAnchorOffset="592" RAnchorPoint="0" RAnchorOffset="234" BAnchorPoint="0" BAnchorOffset="623" RelativeToClient="1" Font="CRB_InterfaceMedium" Text="" BGColor="UI_WindowBGDefault" TextColor="UI_TextHoloTitle" Template="Default" TooltipType="OnCursor" Name="String3" TooltipColor="" TextId="ErrorDialog_WorldPosition" DT_VCENTER="1"/>
    </Form>
</Forms>
