<Forms>
    <Form Class="Window" LAnchorPoint="0" LAnchorOffset="0" TAnchorPoint="0" TAnchorOffset="0" RAnchorPoint="0" RAnchorOffset="804" BAnchorPoint="0" BAnchorOffset="634" RelativeToClient="1" Font="Default" Text="" Template="Default" Name="ChallengeLogForm" SwallowMouseClicks="1" Escapable="0" Overlapped="1" TextId="" NewWindowDepth="0" BGColor="white" TextColor="white" Visible="1" Sprite="" Picture="0" TooltipColor="" Tooltip="" Sizable="0" IgnoreMouse="1" TooltipId="" HideInEditor="0">
        <Control Class="Window" LAnchorPoint="0" LAnchorOffset="223" TAnchorPoint="0" TAnchorOffset="0" RAnchorPoint="1" RAnchorOffset="0" BAnchorPoint="1" BAnchorOffset="0" RelativeToClient="1" Font="Default" Text="" Template="Holo_Background_General" TooltipType="OnCursor" Name="BGRight" BGColor="white" TextColor="white" TooltipColor="" HideInEditor="0" IgnoreMouse="1" UseTemplateBG="0"/>
        <Control Class="Window" LAnchorPoint="0" LAnchorOffset="226" TAnchorPoint="0" TAnchorOffset="68" RAnchorPoint="1" RAnchorOffset="0" BAnchorPoint="1" BAnchorOffset="0" RelativeToClient="1" Font="Default" Text="" Template="Default" Name="RightSide" BGColor="white" TextColor="white" Sprite="" Picture="1" IgnoreMouse="1" TooltipColor="" Tooltip="" TooltipId="">
            <Control Class="Window" LAnchorPoint="0" LAnchorOffset="0" TAnchorPoint="1" TAnchorOffset="-70" RAnchorPoint="1" RAnchorOffset="0" BAnchorPoint="1" BAnchorOffset="0" RelativeToClient="1" Font="Default" Text="" Template="Default" Name="BGRightFooter" BGColor="white" TextColor="white" Sprite="BK3:UI_BK3_Metal_Footer_Large" Picture="1" IgnoreMouse="1" TooltipColor="" NewControlDepth="1">
                <Control Class="Window" LAnchorPoint="0" LAnchorOffset="0" TAnchorPoint="0" TAnchorOffset="0" RAnchorPoint="1" RAnchorOffset="0" BAnchorPoint="1" BAnchorOffset="0" RelativeToClient="1" Font="Default" Text="" Template="Default" Name="InteractArea" IgnoreMouse="1" NewWindowDepth="1" BGColor="white" TextColor="white" TooltipColor="">
                    <Control Class="Button" Base="CRB_Basekit:kitBtn_Metal_LargeGreen" Font="CRB_Button" ButtonType="PushButton" RadioGroup="ToggleActiveRadioGroup" LAnchorPoint="1" LAnchorOffset="-265" TAnchorPoint="0" TAnchorOffset="13" RAnchorPoint="1" RAnchorOffset="-140" BAnchorPoint="0" BAnchorOffset="60" DT_VCENTER="1" DT_CENTER="1" Name="StartChallengeBtn" Text="" TextId="ProgressClick_Start" DisabledTextColor="UI_BtnTextRedDisabled" BGColor="white" TextColor="white" NormalTextColor="UI_BtnTextGreenNormal" PressedTextColor="UI_BtnTextGreenPressed" FlybyTextColor="UI_BtnTextGreenFlyby" PressedFlybyTextColor="UI_BtnTextGreenPressedFlyby" TooltipColor="">
                        <Event Name="ButtonSignal" Function="OnStartChallengeBtn"/>
                    </Control>
                    <Control Class="Button" Base="CRB_Basekit:kitBtn_Metal_LargeBlue" Font="CRB_Button" ButtonType="PushButton" RadioGroup="ToggleActiveRadioGroup" LAnchorPoint="0" LAnchorOffset="140" TAnchorPoint="0" TAnchorOffset="13" RAnchorPoint="0" RAnchorOffset="265" BAnchorPoint="0" BAnchorOffset="60" DT_VCENTER="1" DT_CENTER="1" Name="LocateChallengeBtn" Text="" TextId="CRB_Locate" DisabledTextColor="UI_BtnTextBlueDisabled" BGColor="white" TextColor="white" NormalTextColor="UI_BtnTextBlueNormal" PressedTextColor="UI_BtnTextBluePressed" FlybyTextColor="UI_BtnTextBlueFlyby" PressedFlybyTextColor="UI_BtnTextBluePressedFlyby" Visible="0" NewWindowDepth="1" RelativeToClient="1" TooltipColor="">
                        <Event Name="ButtonSignal" Function="OnLocateChallengeBtn"/>
                    </Control>
                    <Control Class="Button" Base="CRB_Basekit:kitBtn_Metal_LargeRed" Font="CRB_Button" ButtonType="PushButton" RadioGroup="ToggleActiveRadioGroup" LAnchorPoint="1" LAnchorOffset="-135" TAnchorPoint="0" TAnchorOffset="13" RAnchorPoint="1" RAnchorOffset="-10" BAnchorPoint="0" BAnchorOffset="60" DT_VCENTER="1" DT_CENTER="1" Name="AbandonChallengeBtn" Text="" TextId="CRB_Abandon" DisabledTextColor="UI_BtnTextRedDisabled" BGColor="white" TextColor="white" NormalTextColor="UI_BtnTextRedNormal" PressedTextColor="UI_BtnTextRedPressed" FlybyTextColor="UI_BtnTextRedFlyby" PressedFlybyTextColor="UI_BtnTextRedPressedFlyby" TooltipColor="">
                        <Event Name="ButtonSignal" Function="OnAbandonChallengeBtn"/>
                    </Control>
                    <Control Class="Button" Base="CRB_Basekit:kitBtn_Metal_LargeBlue" Font="CRB_Button" ButtonType="PushButton" RadioGroup="ToggleActiveRadioGroup" LAnchorPoint="0" LAnchorOffset="10" TAnchorPoint="0" TAnchorOffset="13" RAnchorPoint="0" RAnchorOffset="135" BAnchorPoint="0" BAnchorOffset="60" DT_VCENTER="1" DT_CENTER="1" Name="RewardChallengeBtn" Text="" TextId="Challenges_LootRewards" DisabledTextColor="UI_BtnTextBlueDisabled" BGColor="white" TextColor="white" NormalTextColor="UI_BtnTextBlueNormal" PressedTextColor="UI_BtnTextBluePressed" FlybyTextColor="UI_BtnTextBlueFlyby" PressedFlybyTextColor="UI_BtnTextBluePressedFlyby" TooltipColor="">
                        <Event Name="ButtonSignal" Function="OnRewardChallengeBtn"/>
                    </Control>
                </Control>
            </Control>
            <Control Class="Window" LAnchorPoint="0" LAnchorOffset="10" TAnchorPoint="0" TAnchorOffset="0" RAnchorPoint="1" RAnchorOffset="-10" BAnchorPoint="1" BAnchorOffset="-125" RelativeToClient="1" Font="Default" Text="" Template="Holo_ScrollList" Name="ItemList" VScroll="1" TextId="" BGColor="white" TextColor="white" IgnoreMouse="1" TooltipColor="" UseTemplateBG="1" Picture="1" Border="1" HideInEditor="0"/>
            <Control Class="Window" LAnchorPoint="1" LAnchorOffset="-182" TAnchorPoint="0" TAnchorOffset="7" RAnchorPoint="1" RAnchorOffset="-24" BAnchorPoint="0" BAnchorOffset="25" RelativeToClient="1" Font="CRB_InterfaceMedium" Text="" Template="Default" Name="ItemListZoneName" BGColor="white" TextColor="WindowTitleColor" TextId="" DT_RIGHT="1" Visible="0" HideInEditor="1" TooltipColor=""/>
            <Control Class="Window" LAnchorPoint="0" LAnchorOffset="10" TAnchorPoint="1" TAnchorOffset="-120" RAnchorPoint="1" RAnchorOffset="-10" BAnchorPoint="1" BAnchorOffset="-74" RelativeToClient="1" Font="Default" Text="" Template="Default" Name="WarningWindow" IgnoreMouse="1" Visible="0" BGColor="white" TextColor="white" Picture="1" Sprite="" TransitionShowHide="1" UseTransitionSprite="0" NewWindowDepth="1" TooltipColor="" HideInEditor="0">
                <Control Class="Window" LAnchorPoint="0" LAnchorOffset="0" TAnchorPoint="0" TAnchorOffset="0" RAnchorPoint="1" RAnchorOffset="0" BAnchorPoint="1" BAnchorOffset="0" RelativeToClient="1" Font="CRB_InterfaceMedium_B" Text="" Template="Default" Name="WarningZoneText" BGColor="white" TextColor="UI_BtnTextRedNormal" DT_CENTER="1" TextId="Challenges_ZoneWarning" IgnoreMouse="1" TransitionShowHide="0" Visible="0" HideInEditor="1" DT_WORDBREAK="1" DT_VCENTER="1" TooltipColor=""/>
                <Control Class="Window" LAnchorPoint="0" LAnchorOffset="0" TAnchorPoint="0" TAnchorOffset="0" RAnchorPoint="1" RAnchorOffset="0" BAnchorPoint="1" BAnchorOffset="0" RelativeToClient="1" Font="CRB_InterfaceMedium_B" Text="" Template="Default" Name="WarningTypeText" BGColor="white" TextColor="UI_BtnTextRedNormal" DT_CENTER="1" TextId="Challenges_TypeWarning" IgnoreMouse="1" TransitionShowHide="0" Visible="0" DT_WORDBREAK="1" DT_VCENTER="1" HideInEditor="1" TooltipColor=""/>
                <Control Class="Window" LAnchorPoint="0" LAnchorOffset="0" TAnchorPoint="0" TAnchorOffset="0" RAnchorPoint="1" RAnchorOffset="0" BAnchorPoint="1" BAnchorOffset="0" RelativeToClient="1" Font="CRB_InterfaceMedium_B" Text="" Template="Default" Name="WarningEventText" BGColor="white" TextColor="UI_BtnTextRedNormal" DT_CENTER="1" TextId="Challenges_ZoneWarning" IgnoreMouse="1" TransitionShowHide="0" Visible="0" HideInEditor="1" DT_WORDBREAK="1" DT_VCENTER="1" TooltipColor=""/>
            </Control>
            <Control Class="Window" LAnchorPoint="0.5" LAnchorOffset="-210" TAnchorPoint="0" TAnchorOffset="26" RAnchorPoint="0.5" RAnchorOffset="190" BAnchorPoint="0" BAnchorOffset="150" RelativeToClient="1" Font="CRB_InterfaceMedium_B" Text="" Template="Default" Name="EmptyListNotification" BGColor="white" TextColor="UI_TextHoloBody" TextId="Challenges_NoProgress" DT_CENTER="1" DT_WORDBREAK="1" HideInEditor="0" TooltipColor="" Tooltip="">
                <Control Class="Button" Base="BK3:btnHolo_Blue_Med" Font="CRB_Button" ButtonType="PushButton" RadioGroup="" LAnchorPoint="0.5" LAnchorOffset="-100" TAnchorPoint="0" TAnchorOffset="35" RAnchorPoint="0.5" RAnchorOffset="100" BAnchorPoint="0" BAnchorOffset="119" DT_VCENTER="1" DT_CENTER="1" Name="EmptyListNotificationBtn" BGColor="white" TextColor="white" NormalTextColor="UI_BtnTextBlueNormal" PressedTextColor="UI_BtnTextBluePressed" FlybyTextColor="UI_BtnTextBlueFlyby" PressedFlybyTextColor="UI_BtnTextBluePressedFlyby" DisabledTextColor="UI_BtnTextBlueDisabled" Tooltip="" TooltipId="" Text="" TextId="Challenges_ShowAllChallenges" Visible="0" HideInEditor="0" TooltipColor="">
                    <Event Name="ButtonSignal" Function="OnEmptyListNotificationBtn"/>
                </Control>
            </Control>
            <Pixie LAnchorPoint="0" LAnchorOffset="8" TAnchorPoint="1" TAnchorOffset="-120" RAnchorPoint="1" RAnchorOffset="-6" BAnchorPoint="1" BAnchorOffset="-74" BGColor="white" Font="Default" TextColor="white" Text="" Sprite="BK3:UI_BK3_Holo_Snippet" Line="0"/>
        </Control>
        <Control Class="Window" LAnchorPoint="0" LAnchorOffset="0" TAnchorPoint="0" TAnchorOffset="0" RAnchorPoint="1" RAnchorOffset="-578" BAnchorPoint="1" BAnchorOffset="0" RelativeToClient="1" Font="Default" Text="" Template="Default" Name="LeftSide" BGColor="white" TextColor="white" Sprite="CRB_Basekit:kitBase_MetalGrey_Large" Picture="1" IgnoreMouse="1" TooltipColor="">
            <Control Class="Window" LAnchorPoint="0" LAnchorOffset="0" TAnchorPoint="0" TAnchorOffset="0" RAnchorPoint="1" RAnchorOffset="0" BAnchorPoint="1" BAnchorOffset="0" RelativeToClient="1" Font="Default" Text="" Template="Metal_ScrollList" Name="BigZoneListContainer" BGColor="white" TextColor="white" VScroll="1" IgnoreMouse="1" TooltipColor=""/>
        </Control>
        <Control Class="Window" LAnchorPoint="0" LAnchorOffset="237" TAnchorPoint="0" TAnchorOffset="8" RAnchorPoint="1" RAnchorOffset="-10" BAnchorPoint="0" BAnchorOffset="61" RelativeToClient="1" Font="Default" Text="" Template="Default" Name="TopHeader" BGColor="white" TextColor="white" Sprite="BK3:UI_BK3_Holo_InsetFramed" Picture="1" IgnoreMouse="1" NewControlDepth="3" TooltipColor="" Tooltip="" TooltipId="">
            <Control Class="Button" Base="BK3:btnHolo_Radio_Small" Font="CRB_InterfaceTiny_BB" ButtonType="Check" RadioGroup="ChallengeLog_ToggleActiveRadioGroup" LAnchorPoint="0" LAnchorOffset="9" TAnchorPoint="0" TAnchorOffset="16" RAnchorPoint="0" RAnchorOffset="94" BAnchorPoint="0" BAnchorOffset="36" DT_VCENTER="1" DT_CENTER="0" Name="ToggleCooldownBtn" BGColor="white" TextColor="UI_BtnTextBlueNormal" NormalTextColor="UI_BtnTextHoloNormal" PressedTextColor="UI_BtnTextHoloPressed" FlybyTextColor="UI_BtnTextHoloFlyBy" PressedFlybyTextColor="UI_BtnTextHoloPressedFlyBy" DisabledTextColor="UI_BtnTextHoloDisabled" Text="" TextId="Challenges_CooldownCaps" RelativeToClient="1" Visible="1" TestAlpha="0" RadioDisallowNonSelection="1" NeverBringToFront="1" GlobalRadioGroup="" TooltipColor="" Tooltip="" DrawAsCheckbox="1" ButtonTextXMargin="2">
                <Event Name="ButtonCheck" Function="DestroyAndRedraw"/>
            </Control>
            <Control Class="Button" Base="BK3:btnHolo_Radio_Small" Font="CRB_InterfaceTiny_BB" ButtonType="Check" RadioGroup="ChallengeLog_ToggleActiveRadioGroup" LAnchorPoint="0" LAnchorOffset="102" TAnchorPoint="0" TAnchorOffset="16" RAnchorPoint="0" RAnchorOffset="191" BAnchorPoint="0" BAnchorOffset="36" DT_VCENTER="1" DT_CENTER="0" Name="ToggleRewardsBtn" BGColor="white" TextColor="UI_BtnTextBlueNormal" NormalTextColor="UI_BtnTextHoloNormal" PressedTextColor="UI_BtnTextHoloPressed" FlybyTextColor="UI_BtnTextHoloFlyBy" PressedFlybyTextColor="UI_BtnTextHoloPressedFlyBy" DisabledTextColor="UI_BtnTextHoloDisabled" Text="" TextId="Challenges_Rewards" RelativeToClient="1" Visible="1" TestAlpha="0" RadioDisallowNonSelection="1" NeverBringToFront="1" GlobalRadioGroup="" TooltipColor="" Tooltip="" DrawAsCheckbox="1" ButtonTextXMargin="2">
                <Event Name="ButtonCheck" Function="DestroyAndRedraw"/>
            </Control>
            <Control Class="Button" Base="BK3:btnHolo_Radio_Small" Font="CRB_InterfaceTiny_BB" ButtonType="Check" RadioGroup="ChallengeLog_ToggleActiveRadioGroup" LAnchorPoint="0" LAnchorOffset="197" TAnchorPoint="0" TAnchorOffset="16" RAnchorPoint="0" RAnchorOffset="270" BAnchorPoint="0" BAnchorOffset="36" DT_VCENTER="1" DT_CENTER="0" Name="ToggleReadyBtn" BGColor="white" TextColor="UI_BtnTextBlueNormal" NormalTextColor="UI_BtnTextHoloNormal" PressedTextColor="UI_BtnTextHoloPressed" FlybyTextColor="UI_BtnTextHoloFlyBy" PressedFlybyTextColor="UI_BtnTextHoloPressedFlyBy" DisabledTextColor="UI_BtnTextHoloDisabled" Text="" TextId="Challenges_IsReadyCaps" RelativeToClient="1" Visible="1" TestAlpha="0" RadioDisallowNonSelection="1" NeverBringToFront="0" GlobalRadioGroup="" TooltipColor="" Tooltip="" NoClip="0" HideInEditor="0" DrawAsCheckbox="1" ButtonTextXMargin="2">
                <Event Name="ButtonCheck" Function="DestroyAndRedraw"/>
            </Control>
            <Control Class="Button" Base="BK3:btnHolo_Radio_Small" Font="CRB_InterfaceTiny_BB" ButtonType="Check" RadioGroup="ChallengeLog_ToggleActiveRadioGroup" LAnchorPoint="0" LAnchorOffset="276" TAnchorPoint="0" TAnchorOffset="16" RAnchorPoint="0" RAnchorOffset="349" BAnchorPoint="0" BAnchorOffset="36" DT_VCENTER="1" DT_CENTER="0" Name="ToggleShowAllBtn" BGColor="white" TextColor="UI_BtnTextBlueNormal" NormalTextColor="UI_BtnTextHoloNormal" PressedTextColor="UI_BtnTextHoloPressed" FlybyTextColor="UI_BtnTextHoloFlyBy" PressedFlybyTextColor="UI_BtnTextHoloPressedFlyBy" DisabledTextColor="UI_BtnTextHoloDisabled" Text="" TextId="CRB_Show_all" RelativeToClient="1" Visible="1" TestAlpha="0" RadioDisallowNonSelection="1" NeverBringToFront="0" Tooltip="" GlobalRadioGroup="" TooltipColor="" DrawAsCheckbox="1" ButtonTextXMargin="2">
                <Event Name="ButtonCheck" Function="DestroyAndRedraw"/>
            </Control>
            <Control Class="Button" Base="CRB_Basekit:kitBtn_Dropdown_TextBaseHolo2" Font="Courier" ButtonType="Check" RadioGroup="" LAnchorPoint="0" LAnchorOffset="10" TAnchorPoint="0" TAnchorOffset="-54" RAnchorPoint="0" RAnchorOffset="144" BAnchorPoint="0" BAnchorOffset="-19" DT_VCENTER="1" DT_CENTER="1" TooltipType="OnCursor" Name="SortByDropdownBtn" BGColor="white" TextColor="white" TooltipColor="" NormalTextColor="UI_BtnTextBlueNormal" PressedTextColor="UI_BtnTextBluePressed" FlybyTextColor="UI_BtnTextBlueFlyby" PressedFlybyTextColor="UI_BtnTextBluePressedFlyby" DisabledTextColor="UI_BtnTextBlueDisabled" Text="" TextId="MarketplaceAuction_SortBy" RelativeToClient="1" HideInEditor="1" Visible="0">
                <Event Name="ButtonSignal" Function="YourFunctionName"/>
            </Control>
            <Control Class="Window" LAnchorPoint="1" LAnchorOffset="-180" TAnchorPoint="0" TAnchorOffset="10" RAnchorPoint="1" RAnchorOffset="-10" BAnchorPoint="0" BAnchorOffset="43" RelativeToClient="1" Font="DefaultButton" Text="" Template="Default" Name="HeaderSearchBG" BGColor="white" TextColor="white" TextId="" DT_VCENTER="1" Picture="1" IgnoreMouse="1" Sprite="BK3:UI_BK3_Holo_Snippet" Visible="1" HideInEditor="0" TooltipColor="">
                <Pixie LAnchorPoint="1" LAnchorOffset="-31" TAnchorPoint="0.5" TAnchorOffset="-12" RAnchorPoint="1" RAnchorOffset="-5" BAnchorPoint="1" BAnchorOffset="0" Sprite="BK3:btnHolo_SearchNormal" BGColor="white" TextColor="black" Rotation="0" Font="CRB_Interface10_B"/>
            </Control>
            <Control Class="EditBox" LAnchorPoint="1" LAnchorOffset="-172" TAnchorPoint="0" TAnchorOffset="8" RAnchorPoint="1" RAnchorOffset="-45" BAnchorPoint="0" BAnchorOffset="43" RelativeToClient="1" Font="CRB_InterfaceMedium_B" Text="" Template="Default" Name="HeaderSearchBox" BGColor="white" TextColor="UI_TextHoloBodyHighlight" TextId="" DT_VCENTER="1" PromptTextId="CRB_Search" PromptFont="CRB_InterfaceMedium" ClearOnEscape="0" TooltipColor="">
                <Event Name="EditBoxChanged" Function="Redraw"/>
            </Control>
            <Control Class="Button" Base="BK3:btnHolo_Clear" Font="Thick" ButtonType="PushButton" RadioGroup="" LAnchorPoint="1" LAnchorOffset="-41" TAnchorPoint="0" TAnchorOffset="14" RAnchorPoint="1" RAnchorOffset="-16" BAnchorPoint="0" BAnchorOffset="39" DT_VCENTER="1" DT_CENTER="1" TooltipType="OnCursor" Name="ClearSearchBtn" BGColor="white" TextColor="white" TooltipColor="" NormalTextColor="white" PressedTextColor="white" FlybyTextColor="white" PressedFlybyTextColor="white" DisabledTextColor="white" NewControlDepth="1" HideInEditor="1">
                <Event Name="ButtonSignal" Function="OnClearSearchBtn"/>
            </Control>
        </Control>
        <Control Class="Window" LAnchorPoint="0" LAnchorOffset="0" TAnchorPoint="0" TAnchorOffset="-35" RAnchorPoint="1" RAnchorOffset="0" BAnchorPoint="0" BAnchorOffset="70" RelativeToClient="1" Font="Default" Text="" Template="Default" TooltipType="OnCursor" Name="GradientShadow" BGColor="white" TextColor="white" TooltipColor="" Sprite="BK3:UI_BK3_GradientShade" Picture="1" IgnoreMouse="1" Border="0" UseTemplateBG="0" NewControlDepth="12" Sizable="0" Moveable="0" HideInEditor="0"/>
        <Control Class="Window" LAnchorPoint="0" LAnchorOffset="219" TAnchorPoint="0" TAnchorOffset="-17" RAnchorPoint="0" RAnchorOffset="233" BAnchorPoint="1" BAnchorOffset="13" RelativeToClient="1" Font="Default" Text="" Template="Default" TooltipType="OnCursor" Name="Divider" BGColor="white" TextColor="white" TooltipColor="" Sprite="BK3:UI_BK3_Metal_Inset_Divider_V" Picture="1" IgnoreMouse="1" NoClip="1" NewWindowDepth="1"/>
        <Control Class="Window" LAnchorPoint="0" LAnchorOffset="227" TAnchorPoint="0" TAnchorOffset="34" RAnchorPoint="0" RAnchorOffset="409" BAnchorPoint="0" BAnchorOffset="156" RelativeToClient="1" Font="Default" Text="" Template="" Name="SortByDropdownContainer" BGColor="white" TextColor="white" Sprite="BK3:UI_BK3_Holo_Framing_3" Picture="1" IgnoreMouse="1" NewControlDepth="2" HideInEditor="1" Visible="0" TooltipColor="" CloseOnExternalClick="1" NewWindowDepth="1" Tooltip="" Border="0" UseTemplateBG="1">
            <Control Class="Button" Base="BK3:btnHolo_ListView_Mid" Font="CRB_InterfaceMedium_B" ButtonType="Check" RadioGroup="ToggleTypeRadioGroup" LAnchorPoint="1" LAnchorOffset="-153" TAnchorPoint="0" TAnchorOffset="30" RAnchorPoint="1" RAnchorOffset="-31" BAnchorPoint="0" BAnchorOffset="63" DT_VCENTER="1" DT_CENTER="1" Name="btnToggleType" BGColor="white" TextColor="white" NormalTextColor="UI_BtnTextHoloNormal" PressedTextColor="UI_BtnTextHoloPressed" FlybyTextColor="UI_BtnTextHoloFlyby" PressedFlybyTextColor="UI_BtnTextHoloPressedFlyby" DisabledTextColor="UI_BtnTextHoloDisabled" Text="" TextId="HousingDecorate_CategoryBtn" RelativeToClient="1" Visible="1" TestAlpha="0" RadioDisallowNonSelection="1" NeverBringToFront="1" Tooltip="" GlobalRadioGroup="" TooltipColor="" NoClip="0">
                <Event Name="ButtonCheck" Function="DestroyAndRedraw"/>
            </Control>
            <Control Class="Button" Base="BK3:btnHolo_ListView_Mid" Font="CRB_InterfaceMedium_B" ButtonType="Check" RadioGroup="ToggleTypeRadioGroup" LAnchorPoint="1" LAnchorOffset="-153" TAnchorPoint="0" TAnchorOffset="60" RAnchorPoint="1" RAnchorOffset="-31" BAnchorPoint="0" BAnchorOffset="93" DT_VCENTER="1" DT_CENTER="1" Name="btnToggleZone" BGColor="white" TextColor="white" NormalTextColor="UI_BtnTextHoloNormal" PressedTextColor="UI_BtnTextHoloPressed" FlybyTextColor="UI_BtnTextHoloFlyby" PressedFlybyTextColor="UI_BtnTextHoloPressedFlyby" DisabledTextColor="UI_BtnTextHoloDisabled" Text="" TextId="ZoneMap_Subzones" RelativeToClient="1" Visible="1" TestAlpha="0" RadioDisallowNonSelection="1" NeverBringToFront="1" Tooltip="" GlobalRadioGroup="" TooltipColor="" NoClip="0">
                <Event Name="ButtonCheck" Function="DestroyAndRedraw"/>
            </Control>
        </Control>
    </Form>
    <Form Class="Window" LAnchorPoint="0" LAnchorOffset="0" TAnchorPoint="0" TAnchorOffset="0" RAnchorPoint="1" RAnchorOffset="0" BAnchorPoint="0" BAnchorOffset="64" RelativeToClient="0" Name="ListItem" Overlapped="1" Text="" TextId="" BGColor="white" TextColor="white" TooltipType="OnCursor" TooltipColor="" Tooltip="" HideInEditor="0">
        <Control Class="Button" LAnchorPoint="0" LAnchorOffset="0" TAnchorPoint="0" TAnchorOffset="1" RAnchorPoint="1" RAnchorOffset="0" BAnchorPoint="1" BAnchorOffset="-1" RelativeToClient="0" Name="ListItemBtn" SwallowMouseClicks="1" Overlapped="0" Text="" TextId="" Base="BK3:btnHolo_ListView_Simple" ButtonType="Check" GlobalRadioGroup="ChallengeLog_ChallengeItemGlobalRadioGroup" Visible="1" BGColor="white" TextColor="white" NormalTextColor="white" PressedTextColor="white" FlybyTextColor="white" PressedFlybyTextColor="white" DisabledTextColor="white" TooltipColor="" HideInEditor="0">
            <Event Name="ButtonUp" Function="OnListItemClick"/>
            <Control Class="Window" LAnchorPoint="0" LAnchorOffset="54" TAnchorPoint="0" TAnchorOffset="11" RAnchorPoint="0" RAnchorOffset="94" BAnchorPoint="0" BAnchorOffset="51" RelativeToClient="1" Text="" Name="ListItemTypeIcon" Picture="1" IgnoreMouse="1" Sprite="CRB_ChallengeTrackerSprites:sprChallengeTypeSkillLarge" BGColor="white" TextColor="white" NewControlDepth="1" TooltipColor=""/>
            <Control Class="Window" LAnchorPoint="0" LAnchorOffset="103" TAnchorPoint="0" TAnchorOffset="4" RAnchorPoint="1" RAnchorOffset="-53" BAnchorPoint="0" BAnchorOffset="24" RelativeToClient="1" Font="CRB_InterfaceMedium_B" Text="" Name="ListItemTitle" TextId="CRB_Title" BGColor="white" TextColor="UI_TextHoloTitle" TooltipColor=""/>
            <Control Class="Window" LAnchorPoint="0" LAnchorOffset="318" TAnchorPoint="0" TAnchorOffset="4" RAnchorPoint="1" RAnchorOffset="-8" BAnchorPoint="0" BAnchorOffset="24" RelativeToClient="1" Font="CRB_HeaderSmall" Text="" Name="ListItemTimerText" TextId="CRB_000000" DT_RIGHT="1" BGColor="white" TextColor="white" TooltipColor=""/>
            <Control Class="Window" LAnchorPoint="0" LAnchorOffset="103" TAnchorPoint="0" TAnchorOffset="21" RAnchorPoint="1" RAnchorOffset="-9" BAnchorPoint="0" BAnchorOffset="41" RelativeToClient="1" Font="CRB_InterfaceSmall" Text="" Name="ListItemLocation" BGColor="white" TextColor="UI_TextHoloBodyCyan" TextId="Lore_Algoroc" Tooltip="" TooltipId="" TooltipColor=""/>
            <Control Class="MLWindow" LAnchorPoint="0" LAnchorOffset="104" TAnchorPoint="0" TAnchorOffset="37" RAnchorPoint="1" RAnchorOffset="-72" BAnchorPoint="1" BAnchorOffset="2" RelativeToClient="1" Font="CRB_InterfaceSmall" Text="" Name="ListItemDescription" TextId="Description" IgnoreMouse="1" BGColor="white" TextColor="white" TooltipColor=""/>
            <Control Class="Window" LAnchorPoint="0" LAnchorOffset="11" TAnchorPoint="0" TAnchorOffset="14" RAnchorPoint="0" RAnchorOffset="45" BAnchorPoint="0" BAnchorOffset="48" RelativeToClient="1" Font="Default" Text="" Template="Default" TooltipType="OnCursor" Name="ListItemStatusIconFrame" BGColor="white" TextColor="white" TooltipColor="" Picture="1" IgnoreMouse="1" Sprite="BK3:UI_BK3_Holo_InsetSimple">
                <Control Class="Window" LAnchorPoint="0" LAnchorOffset="0" TAnchorPoint="0" TAnchorOffset="0" RAnchorPoint="1" RAnchorOffset="0" BAnchorPoint="1" BAnchorOffset="0" RelativeToClient="1" Font="Default" Text="" Template="Default" TooltipType="OnCursor" Name="ListItemStatusPicture" BGColor="white" TextColor="white" TooltipColor="" Picture="1" IgnoreMouse="1" Sprite="kitIcon_Loot"/>
            </Control>
            <Control Class="Window" LAnchorPoint="0" LAnchorOffset="0" TAnchorPoint="0" TAnchorOffset="3" RAnchorPoint="0" RAnchorOffset="56" BAnchorPoint="0" BAnchorOffset="59" RelativeToClient="1" Font="Default" Text="" Template="Default" TooltipType="OnCursor" Name="ListItemStatusExtraOrangeFrame" BGColor="white" TextColor="white" TooltipColor="" Sprite="kitAccent_Frame_OrangeStrokePulse" Picture="1" IgnoreMouse="1" NoClip="0" HideInEditor="0"/>
        </Control>
        <Control Class="Window" LAnchorPoint="0" LAnchorOffset="293" TAnchorPoint="0" TAnchorOffset="1" RAnchorPoint="1" RAnchorOffset="0" BAnchorPoint="1" BAnchorOffset="-1" RelativeToClient="1" Font="Default" Text="" Template="Default" Name="TierContainer" BGColor="white" TextColor="white" TooltipColor="" Tooltip="" TextId="" HideInEditor="0">
            <Control Class="Window" LAnchorPoint="1" LAnchorOffset="-20" TAnchorPoint="0" TAnchorOffset="41" RAnchorPoint="1" RAnchorOffset="-6" BAnchorPoint="1" BAnchorOffset="6" RelativeToClient="1" Font="Default" Text="" Template="Default" Name="TierIcons" BGColor="white" TextColor="white" TooltipColor="">
                <Control Class="Window" LAnchorPoint="0" LAnchorOffset="0" TAnchorPoint="0" TAnchorOffset="0" RAnchorPoint="0" RAnchorOffset="14" BAnchorPoint="0" BAnchorOffset="14" RelativeToClient="1" Font="Default" Text="" Template="Default" Name="BronzeIcon" Sprite="CRB_ChallengeTrackerSprites:sprChallengeTierBronze" Picture="1" IgnoreMouse="1" Visible="0" BGColor="white" TextColor="white" HideInEditor="0" TooltipColor="">
                    <Control Class="Window" LAnchorPoint="0" LAnchorOffset="0" TAnchorPoint="0" TAnchorOffset="0" RAnchorPoint="1" RAnchorOffset="0" BAnchorPoint="1" BAnchorOffset="0" RelativeToClient="1" Name="TierIconCheckmark" Picture="1" IgnoreMouse="1" Sprite="CRB_ChallengeTrackerSprites:sprChallengeTierComplete" NoClip="0" BGColor="white" TextColor="white" TooltipColor="" Text=""/>
                </Control>
                <Control Class="Window" LAnchorPoint="0" LAnchorOffset="0" TAnchorPoint="0" TAnchorOffset="0" RAnchorPoint="0" RAnchorOffset="14" BAnchorPoint="0" BAnchorOffset="14" RelativeToClient="1" Font="Default" Text="" Template="Default" Name="SilverIcon" Sprite="CRB_ChallengeTrackerSprites:sprChallengeTierSilver" Picture="1" IgnoreMouse="1" Visible="0" BGColor="white" TextColor="white" HideInEditor="0" TooltipColor="">
                    <Control Class="Window" LAnchorPoint="0" LAnchorOffset="0" TAnchorPoint="0" TAnchorOffset="0" RAnchorPoint="1" RAnchorOffset="0" BAnchorPoint="1" BAnchorOffset="0" RelativeToClient="1" Name="TierIconCheckmark" Picture="1" IgnoreMouse="1" Sprite="CRB_ChallengeTrackerSprites:sprChallengeTierComplete" NoClip="0" BGColor="white" TextColor="white" TooltipColor="" Text=""/>
                </Control>
                <Control Class="Window" LAnchorPoint="0" LAnchorOffset="0" TAnchorPoint="0" TAnchorOffset="0" RAnchorPoint="0" RAnchorOffset="14" BAnchorPoint="0" BAnchorOffset="14" RelativeToClient="1" Font="Default" Text="" Template="Default" Name="GoldIcon" Sprite="CRB_ChallengeTrackerSprites:sprChallengeTierGold" Picture="1" IgnoreMouse="1" Visible="0" BGColor="white" TextColor="white" HideInEditor="0" TooltipColor="">
                    <Control Class="Window" LAnchorPoint="0" LAnchorOffset="0" TAnchorPoint="0" TAnchorOffset="0" RAnchorPoint="1" RAnchorOffset="0" BAnchorPoint="1" BAnchorOffset="0" RelativeToClient="1" Name="TierIconCheckmark" Picture="1" IgnoreMouse="1" Sprite="CRB_ChallengeTrackerSprites:sprChallengeTierComplete" NoClip="0" BGColor="white" TextColor="white" TooltipColor="" Text=""/>
                </Control>
            </Control>
            <Control Class="MLWindow" LAnchorPoint="1" LAnchorOffset="-85" TAnchorPoint="0" TAnchorOffset="40" RAnchorPoint="1" RAnchorOffset="-24" BAnchorPoint="1" BAnchorOffset="6" RelativeToClient="1" Font="CRB_InterfaceMedium" Text="[444/444]" Name="DescriptionTieredObjective" TextId="" IgnoreMouse="1" HideInEditor="0" BGColor="white" TextColor="white" TooltipColor=""/>
        </Control>
    </Form>
    <Form Class="Window" LAnchorPoint="0" LAnchorOffset="0" TAnchorPoint="0" TAnchorOffset="0" RAnchorPoint="1" RAnchorOffset="-1" BAnchorPoint="0" BAnchorOffset="43" RelativeToClient="1" Font="Default" Text="" Template="Default" Name="HeaderItem" SwallowMouseClicks="1" TextId="" Overlapped="0" BGColor="white" TextColor="white" TooltipColor="" Tooltip="" IgnoreMouse="1" Sprite="" Picture="1">
        <Control Class="Window" LAnchorPoint="0" LAnchorOffset="0" TAnchorPoint="0" TAnchorOffset="0" RAnchorPoint="1" RAnchorOffset="0" BAnchorPoint="1" BAnchorOffset="-13" RelativeToClient="1" Font="Default" Text="" BGColor="UI_WindowBGDefault" TextColor="UI_WindowTextDefault" Template="Default" TooltipType="OnCursor" Name="Background" TooltipColor="" Sprite="BK3:UI_BK3_Holo_InsetHeaderThin" Picture="1" IgnoreMouse="1"/>
        <Control Class="Button" LAnchorPoint="0" LAnchorOffset="0" TAnchorPoint="0" TAnchorOffset="0" RAnchorPoint="1" RAnchorOffset="0" BAnchorPoint="0" BAnchorOffset="40" RelativeToClient="1" Font="CRB_InterfaceMedium" Template="Default" Name="HeaderBtn" DT_VCENTER="1" TextId="" Text="" BottomEdgeControlsAnchor="" Base="BK3:btnHolo_ExpandCollapse" ButtonType="Check" NormalTextColor="white" BGColor="white" TextColor="white" PressedTextColor="white" FlybyTextColor="white" PressedFlybyTextColor="white" DisabledTextColor="white" TooltipColor="" Tooltip="">
            <Event Name="ButtonCheck" Function="Redraw"/>
            <Event Name="ButtonUncheck" Function="Redraw"/>
        </Control>
        <Control Class="Window" LAnchorPoint="0" LAnchorOffset="9" TAnchorPoint="0" TAnchorOffset="5" RAnchorPoint="1" RAnchorOffset="-31" BAnchorPoint="0" BAnchorOffset="30" RelativeToClient="1" Font="CRB_InterfaceMedium_B" Text="Header Title" Template="Default" Name="HeaderBtnText" TextId="" DT_VCENTER="1" BGColor="white" TextColor="UI_WindowTitleYellow" TooltipColor="" NewControlDepth="1"/>
        <Control Class="Window" LAnchorPoint="0" LAnchorOffset="5" TAnchorPoint="0" TAnchorOffset="40" RAnchorPoint="1" RAnchorOffset="-5" BAnchorPoint="1" BAnchorOffset="0" RelativeToClient="1" Font="Default" Text="" Template="Default" Name="HeaderContainer" TopEdgeControlsAnchor="" BGColor="white" TextColor="white" TooltipColor=""/>
    </Form>
    <Form Class="Window" LAnchorPoint="0" LAnchorOffset="0" TAnchorPoint="0" TAnchorOffset="0" RAnchorPoint="1" RAnchorOffset="0" BAnchorPoint="0" BAnchorOffset="32" RelativeToClient="1" Font="Default" Text="" Template="Default" Name="BigZoneItem" Border="0" Picture="0" SwallowMouseClicks="1" Moveable="0" Escapable="0" Overlapped="1" BGColor="UI_AlphaPercent95" TextColor="white" TextId="" TooltipColor="">
        <Control Class="Button" Base="BK3:btnMetal_ExpandMenu_Small" Font="Thick" ButtonType="Check" RadioGroup="" LAnchorPoint="0" LAnchorOffset="0" TAnchorPoint="0" TAnchorOffset="0" RAnchorPoint="1" RAnchorOffset="0" BAnchorPoint="0" BAnchorOffset="32" DT_VCENTER="1" DT_CENTER="1" Name="BigZoneBtn" GlobalRadioGroup="ChallengeLog_ChallengeZoneGlobalRadioGroup" RadioDisallowNonSelection="1" RadioAlwaysSignal="0" BGColor="white" TextColor="white" NormalTextColor="UI_BtnTextGoldListPressed" PressedTextColor="white" FlybyTextColor="white" PressedFlybyTextColor="white" DisabledTextColor="white" TooltipColor="" Text="">
            <Event Name="ButtonUp" Function="OnBigZoneBtnPress"/>
            <Control Class="Window" LAnchorPoint="0" LAnchorOffset="16" TAnchorPoint="0" TAnchorOffset="0" RAnchorPoint="1" RAnchorOffset="0" BAnchorPoint="1" BAnchorOffset="0" RelativeToClient="1" Font="CRB_InterfaceSmall" Text="Untitled Zone" Template="Default" Name="BigZoneTitle" TextId="" BGColor="white" TextColor="UI_BtnTextGoldListNormal" TooltipType="OnCursor" DT_VCENTER="1" TooltipColor=""/>
            <Event Name="MouseEnter" Function="OnBigZoneBtnMouseEnter"/>
            <Event Name="MouseExit" Function="OnBigZoneBtnMouseExit"/>
        </Control>
    </Form>
</Forms>
