<?xml version="1.0" encoding="UTF-8" standalone="yes" ?>
<Forms>
    <Form Class="Window" LAnchorPoint="0" LAnchorOffset="350" TAnchorPoint="0" TAnchorOffset="57" RAnchorPoint="0" RAnchorOffset="1054" BAnchorPoint="0" BAnchorOffset="545" RelativeToClient="1" Font="Default" Text="" Template="Default" Name="AccountInventoryForm" Border="0" Picture="0" SwallowMouseClicks="1" Moveable="1" Escapable="1" Overlapped="1" BGColor="white" TextColor="white" TextId="" TooltipColor="" Tooltip="" Sprite="" NoClip="1" Sizable="1" Visible="1" HideInEditor="0">
        <Control Class="Window" LAnchorPoint="0" LAnchorOffset="10" TAnchorPoint="0" TAnchorOffset="10" RAnchorPoint="1" RAnchorOffset="-10" BAnchorPoint="1" BAnchorOffset="-10" RelativeToClient="1" Font="Default" Text="" Template="Default" TooltipType="OnCursor" Name="Background" BGColor="white" TextColor="white" TooltipColor="" Picture="1" IgnoreMouse="1" Sprite="CRB_Basekit:kitBase_MetalGrey_Small" Tooltip="" Visible="1" HideInEditor="0"/>
        <Control Class="Window" LAnchorPoint="0" LAnchorOffset="10" TAnchorPoint="0" TAnchorOffset="18" RAnchorPoint="1" RAnchorOffset="-10" BAnchorPoint="0" BAnchorOffset="54" RelativeToClient="1" Font="Default" Text="" Template="Default" Name="TitleFrame" BGColor="white" TextColor="white" Picture="1" IgnoreMouse="1" Sprite="CRB_Basekit:kitHeader_MetalGrey_TitleMarked" TextId="" TooltipColor="">
            <Control Class="Window" LAnchorPoint="0" LAnchorOffset="0" TAnchorPoint="0" TAnchorOffset="0" RAnchorPoint="1" RAnchorOffset="0" BAnchorPoint="1" BAnchorOffset="-6" RelativeToClient="1" Font="CRB_InterfaceMedium_B" Text="" Template="Default" Name="TitleFrameText" BGColor="white" TextColor="UI_TextMetalBody" TextId="AccountInv_TitleText" DT_CENTER="1" DT_VCENTER="1" TooltipColor=""/>
        </Control>
        <Control Class="Window" LAnchorPoint="0" LAnchorOffset="10" TAnchorPoint="0" TAnchorOffset="70" RAnchorPoint="1" RAnchorOffset="-10" BAnchorPoint="0" BAnchorOffset="106" RelativeToClient="1" Font="Default" Text="" Template="Default" Name="MenuFrame" BGColor="white" TextColor="white" Picture="1" IgnoreMouse="1" Sprite="CRB_Basekit:kitHeader_MetalGrey_TitleMarked" TextId="" TooltipColor=""/>
        <Control Class="Window" LAnchorPoint="0" LAnchorOffset="10" TAnchorPoint="0" TAnchorOffset="439" RAnchorPoint="1" RAnchorOffset="-10" BAnchorPoint="0" BAnchorOffset="475" RelativeToClient="1" Font="Default" Text="" Template="Default" Name="CurrencyFrame" BGColor="white" TextColor="white" Picture="1" IgnoreMouse="1" Sprite="CRB_Basekit:kitHeader_MetalGrey_TitleMarked" TextId="" TooltipColor=""/>
        <Control Class="Window" LAnchorPoint="0" LAnchorOffset="8" TAnchorPoint="0" TAnchorOffset="8" RAnchorPoint="1" RAnchorOffset="-8" BAnchorPoint="1" BAnchorOffset="-8" RelativeToClient="1" Font="Default" Text="" Template="Default" TooltipType="OnCursor" Name="Blocker" BGColor="UI_AlphaPercent55" TextColor="white" TooltipColor="" Sprite="ClientSprites:BlackFill" Picture="1" HideInEditor="1" NewControlDepth="1" Visible="0" Sizable="0" IgnoreMouse="0"/>
        <Control Class="Window" LAnchorPoint="0" LAnchorOffset="-6" TAnchorPoint="0" TAnchorOffset="-6" RAnchorPoint="1" RAnchorOffset="6" BAnchorPoint="1" BAnchorOffset="6" RelativeToClient="1" Font="Default" Text="" Template="Default" Name="EdgeFrame" BGColor="white" TextColor="white" Picture="1" IgnoreMouse="1" Sprite="CRB_Basekit:kitOuterFrame_MetalGold_Small1" NoClip="1" TooltipColor="" Tooltip="">
            <Control Class="Button" Base="CRB_Basekit:kitBtn_Close" Font="Thick" ButtonType="PushButton" RadioGroup="" LAnchorPoint="1" LAnchorOffset="-38" TAnchorPoint="0" TAnchorOffset="13" RAnchorPoint="1" RAnchorOffset="-11" BAnchorPoint="0" BAnchorOffset="42" DT_VCENTER="1" DT_CENTER="1" Name="CloseButton" BGColor="white" TextColor="white" NormalTextColor="white" PressedTextColor="white" FlybyTextColor="white" PressedFlybyTextColor="white" DisabledTextColor="white" RelativeToClient="1" Overlapped="1" TooltipColor="" Text="">
                <Event Name="ButtonSignal" Function="OnClose"/>
            </Control>
        </Control>
        <Event Name="WindowClosed" Function="OnClose"/>
        <Control Class="Window" LAnchorPoint="0" LAnchorOffset="15" TAnchorPoint="0" TAnchorOffset="50" RAnchorPoint="1" RAnchorOffset="-15" BAnchorPoint="0" BAnchorOffset="100" RelativeToClient="1" Font="Default" Text="" Template="Default" TooltipType="OnCursor" Name="MenuContainer" BGColor="white" TextColor="white" TooltipColor="">
            <Control Class="Button" Base="CRB_Basekit:kitBtn_Metal_IconBaseStretch" Font="DefaultButton" ButtonType="Check" RadioGroup="AccountInvMainTabs" LAnchorPoint="0" LAnchorOffset="0" TAnchorPoint="0" TAnchorOffset="0" RAnchorPoint=".25" RAnchorOffset="0" BAnchorPoint="1" BAnchorOffset="0" DT_VCENTER="1" DT_CENTER="1" TooltipType="OnCursor" Name="InventoryBtn" BGColor="white" TextColor="white" TooltipColor="" NormalTextColor="white" PressedTextColor="white" FlybyTextColor="white" PressedFlybyTextColor="white" DisabledTextColor="white" Text="" TextId="InputAction_BagWindow" GlobalRadioGroup="">
                <Event Name="ButtonCheck" Function="OnInventoryCheck"/>
                <Event Name="ButtonUncheck" Function="OnInventoryUncheck"/>
            </Control>
            <Control Class="Button" Base="CRB_Basekit:kitBtn_Metal_IconBaseStretch" Font="DefaultButton" ButtonType="Check" RadioGroup="AccountInvMainTabs" LAnchorPoint=".25" LAnchorOffset="0" TAnchorPoint="0" TAnchorOffset="0" RAnchorPoint=".50" RAnchorOffset="0" BAnchorPoint="1" BAnchorOffset="0" DT_VCENTER="1" DT_CENTER="1" TooltipType="OnCursor" Name="EntitlementsBtn" BGColor="white" TextColor="white" TooltipColor="" NormalTextColor="white" PressedTextColor="white" FlybyTextColor="white" PressedFlybyTextColor="white" DisabledTextColor="white" Text="" TextId="AccountInv_Entitlements" GlobalRadioGroup="">
                <Event Name="ButtonCheck" Function="OnEntitlementsCheck"/>
                <Event Name="ButtonUncheck" Function="OnEntitlementsUncheck"/>
            </Control>
            <Control Class="Button" Base="CRB_Basekit:kitBtn_Metal_IconBaseStretch" Font="DefaultButton" ButtonType="Check" RadioGroup="AccountInvMainTabs" LAnchorPoint=".5" LAnchorOffset="0" TAnchorPoint="0" TAnchorOffset="0" RAnchorPoint="0.75" RAnchorOffset="0" BAnchorPoint="1" BAnchorOffset="0" DT_VCENTER="1" DT_CENTER="1" TooltipType="OnCursor" Name="CouponsBtn" BGColor="white" TextColor="white" TooltipColor="" NormalTextColor="white" PressedTextColor="white" FlybyTextColor="white" PressedFlybyTextColor="white" DisabledTextColor="white" Text="" TextId="" GlobalRadioGroup="">
                <Event Name="ButtonSignal" Function="YourFunctionName"/>
            </Control>
            <Control Class="Button" Base="CRB_Basekit:kitBtn_Metal_IconBaseStretch" Font="DefaultButton" ButtonType="Check" RadioGroup="AccountInvMainTabs" LAnchorPoint=".75" LAnchorOffset="0" TAnchorPoint="0" TAnchorOffset="0" RAnchorPoint="1" RAnchorOffset="0" BAnchorPoint="1" BAnchorOffset="0" DT_VCENTER="1" DT_CENTER="1" TooltipType="OnCursor" Name="LogsBtn" BGColor="white" TextColor="white" TooltipColor="" NormalTextColor="white" PressedTextColor="white" FlybyTextColor="white" PressedFlybyTextColor="white" DisabledTextColor="white" Text="" TextId="GuildBank_Log" GlobalRadioGroup="">
                <Event Name="ButtonCheck" Function="OnLogCheck"/>
                <Event Name="ButtonUncheck" Function="OnLogUncheck"/>
            </Control>
        </Control>
        <Control Class="Window" LAnchorPoint="0" LAnchorOffset="10" TAnchorPoint="0" TAnchorOffset="100" RAnchorPoint="1" RAnchorOffset="-10" BAnchorPoint="1" BAnchorOffset="-50" RelativeToClient="1" Font="Default" Text="" Template="Default" TooltipType="OnCursor" Name="ContentContainer" BGColor="white" TextColor="white" TooltipColor="">
            <Control Class="Window" LAnchorPoint="0" LAnchorOffset="0" TAnchorPoint="0" TAnchorOffset="0" RAnchorPoint="1" RAnchorOffset="0" BAnchorPoint="1" BAnchorOffset="0" RelativeToClient="1" Font="Default" Text="" Template="Default" TooltipType="OnCursor" Name="Inventory" BGColor="white" TextColor="white" TooltipColor="" HideInEditor="1">
                <Control Class="Window" LAnchorPoint="0" LAnchorOffset="50" TAnchorPoint="0" TAnchorOffset="10" RAnchorPoint=".5" RAnchorOffset="-50" BAnchorPoint="0" BAnchorOffset="40" RelativeToClient="1" Font="Default" Text="Escrow" Template="Default" TooltipType="OnCursor" Name="EscrowLabel" BGColor="white" TextColor="white" TooltipColor="" TextId="" DT_CENTER="1" DT_VCENTER="1"/>
                <Control Class="Window" LAnchorPoint=".5" LAnchorOffset="50" TAnchorPoint="0" TAnchorOffset="10" RAnchorPoint="1" RAnchorOffset="-50" BAnchorPoint="0" BAnchorOffset="40" RelativeToClient="1" Font="Default" Text="" Template="Default" TooltipType="OnCursor" Name="InventoryLabel" BGColor="white" TextColor="white" TooltipColor="" TextId="InterfaceMenu_Inventory" DT_CENTER="1" DT_VCENTER="1"/>
                <Control Class="Window" LAnchorPoint="0" LAnchorOffset="18" TAnchorPoint="0" TAnchorOffset="50" RAnchorPoint=".5" RAnchorOffset="0" BAnchorPoint="1" BAnchorOffset="-70" RelativeToClient="1" Font="Default" Text="" Template="OldMetalControl" TooltipType="OnCursor" Name="EscrowGridContainer" BGColor="white" TextColor="white" TooltipColor="" Sprite="ChatLogSprites:sprChat_BlueBG" Picture="1" IgnoreMouse="1" Border="1" VScroll="1"/>
                <Control Class="Window" LAnchorPoint=".5" LAnchorOffset="0" TAnchorPoint="0" TAnchorOffset="50" RAnchorPoint="1" RAnchorOffset="-18" BAnchorPoint="1" BAnchorOffset="-70" RelativeToClient="1" Font="Default" Text="" Template="OldMetalControl" TooltipType="OnCursor" Name="InventoryGridContainer" BGColor="white" TextColor="white" TooltipColor="" Sprite="ChatLogSprites:sprChat_BlueBG" Picture="1" IgnoreMouse="1" Border="1" VScroll="1"/>
                <Control Class="Button" Base="CRB_Basekit:kitBtn_Metal_LargeBlue" Font="CRB_InterfaceMedium" ButtonType="PushButton" RadioGroup="" LAnchorPoint=".5" LAnchorOffset="-298" TAnchorPoint="1" TAnchorOffset="-66" RAnchorPoint=".5" RAnchorOffset="-178" BAnchorPoint="1" BAnchorOffset="-18" DT_VCENTER="1" DT_CENTER="1" Name="ClaimBtn" BGColor="white" TextColor="UI_TextHoloBodyHighlight" NormalTextColor="UI_TextHoloBodyHighlight" PressedTextColor="white" FlybyTextColor="white" PressedFlybyTextColor="white" WindowSoundTemplate="PushbuttonDigi02" TextId="AccountInv_Claim" DisabledTextColor="white" TooltipColor="" Text="" RelativeToClient="1" HideInEditor="0">
                    <Event Name="ButtonSignal" Function="OnPendingClaimBtn"/>
                </Control>
                <Control Class="Button" Base="CRB_Basekit:kitBtn_Metal_LargeBlue" Font="CRB_InterfaceMedium" ButtonType="PushButton" RadioGroup="" LAnchorPoint=".5" LAnchorOffset="-160" TAnchorPoint="1" TAnchorOffset="-66" RAnchorPoint=".5" RAnchorOffset="-40" BAnchorPoint="1" BAnchorOffset="-18" DT_VCENTER="1" DT_CENTER="1" Name="GiftBtn" BGColor="white" TextColor="UI_TextHoloBodyHighlight" NormalTextColor="UI_TextHoloBodyHighlight" PressedTextColor="white" FlybyTextColor="white" PressedFlybyTextColor="white" WindowSoundTemplate="PushbuttonDigi02" TextId="AccountInv_PendingGift" DisabledTextColor="white" TooltipColor="" Text="" RelativeToClient="1" HideInEditor="1">
                    <Event Name="ButtonSignal" Function="OnPendingGiftBtn"/>
                </Control>
                <Control Class="Button" Base="CRB_Basekit:kitBtn_Metal_LargeBlue" Font="CRB_InterfaceMedium" ButtonType="PushButton" RadioGroup="" LAnchorPoint=".5" LAnchorOffset="-160" TAnchorPoint="1" TAnchorOffset="-66" RAnchorPoint=".5" RAnchorOffset="-40" BAnchorPoint="1" BAnchorOffset="-18" DT_VCENTER="1" DT_CENTER="1" Name="ReturnBtn" BGColor="white" TextColor="UI_TextHoloBodyHighlight" NormalTextColor="UI_TextHoloBodyHighlight" PressedTextColor="white" FlybyTextColor="white" PressedFlybyTextColor="white" WindowSoundTemplate="PushbuttonDigi02" TextId="" DisabledTextColor="white" TooltipColor="" Text="Return Gift" RelativeToClient="1" HideInEditor="0">
                    <Event Name="ButtonSignal" Function="OnPendingReturnBtn"/>
                </Control>
                <Control Class="Button" Base="CRB_Basekit:kitBtn_Metal_LargeBlue" Font="CRB_InterfaceMedium" ButtonType="PushButton" RadioGroup="" LAnchorPoint=".5" LAnchorOffset="174" TAnchorPoint="1" TAnchorOffset="-66" RAnchorPoint=".5" RAnchorOffset="294" BAnchorPoint="1" BAnchorOffset="-18" DT_VCENTER="1" DT_CENTER="1" Name="TakeBtn" BGColor="white" TextColor="UI_TextHoloBodyHighlight" NormalTextColor="UI_TextHoloBodyHighlight" PressedTextColor="white" FlybyTextColor="white" PressedFlybyTextColor="white" WindowSoundTemplate="PushbuttonDigi02" TextId="CRB_Take" DisabledTextColor="white" TooltipColor="" Text="" RelativeToClient="1" HideInEditor="0">
                    <Event Name="ButtonSignal" Function="OnInventoryTakeBtn"/>
                </Control>
            </Control>
            <Control Class="Window" LAnchorPoint="0" LAnchorOffset="0" TAnchorPoint="0" TAnchorOffset="0" RAnchorPoint="1" RAnchorOffset="0" BAnchorPoint="1" BAnchorOffset="0" RelativeToClient="1" Font="Default" Text="" Template="Default" TooltipType="OnCursor" Name="InventoryClaimConfirm" BGColor="white" TextColor="white" TooltipColor="" HideInEditor="1" Visible="0">
                <Control Class="Window" LAnchorPoint="0" LAnchorOffset="50" TAnchorPoint="0" TAnchorOffset="10" RAnchorPoint="1" RAnchorOffset="-50" BAnchorPoint="0" BAnchorOffset="40" RelativeToClient="1" Font="Default" Text="Are you sure you want to claim this?" Template="Default" TooltipType="OnCursor" Name="Label" BGColor="white" TextColor="white" TooltipColor="" TextId="" DT_CENTER="1" DT_VCENTER="1"/>
                <Control Class="Window" LAnchorPoint="0" LAnchorOffset="18" TAnchorPoint="0" TAnchorOffset="50" RAnchorPoint="1" RAnchorOffset="-18" BAnchorPoint="1" BAnchorOffset="-70" RelativeToClient="1" Font="Default" Text="" Template="OldMetalControl" TooltipType="OnCursor" Name="PendingClaimContainer" BGColor="white" TextColor="white" TooltipColor="" Sprite="ChatLogSprites:sprChat_BlueBG" Picture="1" IgnoreMouse="1" Border="1" VScroll="1"/>
                <Control Class="Button" Base="CRB_Basekit:kitBtn_Metal_LargeBlue" Font="CRB_InterfaceMedium" ButtonType="PushButton" RadioGroup="" LAnchorPoint=".25" LAnchorOffset="0" TAnchorPoint="1" TAnchorOffset="-66" RAnchorPoint=".5" RAnchorOffset="0" BAnchorPoint="1" BAnchorOffset="-18" DT_VCENTER="1" DT_CENTER="1" Name="ConfirmBtn" BGColor="white" TextColor="UI_TextHoloBodyHighlight" NormalTextColor="UI_TextHoloBodyHighlight" PressedTextColor="white" FlybyTextColor="white" PressedFlybyTextColor="white" WindowSoundTemplate="PushbuttonDigi02" TextId="CRB_Confirm" DisabledTextColor="white" TooltipColor="" Text="" RelativeToClient="1" HideInEditor="0">
                    <Event Name="ButtonSignal" Function="OnPendingConfirmBtn"/>
                </Control>
                <Control Class="Button" Base="CRB_Basekit:kitBtn_Metal_LargeBlue" Font="CRB_InterfaceMedium" ButtonType="PushButton" RadioGroup="" LAnchorPoint=".5" LAnchorOffset="0" TAnchorPoint="1" TAnchorOffset="-66" RAnchorPoint=".75" RAnchorOffset="0" BAnchorPoint="1" BAnchorOffset="-18" DT_VCENTER="1" DT_CENTER="1" Name="CancelBtn" BGColor="white" TextColor="UI_TextHoloBodyHighlight" NormalTextColor="UI_TextHoloBodyHighlight" PressedTextColor="white" FlybyTextColor="white" PressedFlybyTextColor="white" WindowSoundTemplate="PushbuttonDigi02" TextId="Launcher_Cancel" DisabledTextColor="white" TooltipColor="" Text="" RelativeToClient="1" HideInEditor="0">
                    <Event Name="ButtonSignal" Function="OnPendingConfirmCancelBtn"/>
                </Control>
            </Control>
            <Control Class="Window" LAnchorPoint="0" LAnchorOffset="0" TAnchorPoint="0" TAnchorOffset="0" RAnchorPoint="1" RAnchorOffset="0" BAnchorPoint="1" BAnchorOffset="0" RelativeToClient="1" Font="Default" Text="" Template="Default" TooltipType="OnCursor" Name="InventoryTakeConfirm" BGColor="white" TextColor="white" TooltipColor="" HideInEditor="1" Visible="0">
                <Control Class="Window" LAnchorPoint="0" LAnchorOffset="50" TAnchorPoint="0" TAnchorOffset="10" RAnchorPoint="1" RAnchorOffset="-50" BAnchorPoint="0" BAnchorOffset="40" RelativeToClient="1" Font="Default" Text="Are you sure you want to take this?" Template="Default" TooltipType="OnCursor" Name="Label" BGColor="white" TextColor="white" TooltipColor="" TextId="" DT_CENTER="1" DT_VCENTER="1"/>
                <Control Class="Window" LAnchorPoint="0" LAnchorOffset="18" TAnchorPoint="0" TAnchorOffset="50" RAnchorPoint="1" RAnchorOffset="-18" BAnchorPoint="1" BAnchorOffset="-70" RelativeToClient="1" Font="Default" Text="" Template="OldMetalControl" TooltipType="OnCursor" Name="TakeContainer" BGColor="white" TextColor="white" TooltipColor="" Sprite="ChatLogSprites:sprChat_BlueBG" Picture="1" IgnoreMouse="1" Border="1" VScroll="1"/>
                <Control Class="Button" Base="CRB_Basekit:kitBtn_Metal_LargeBlue" Font="CRB_InterfaceMedium" ButtonType="PushButton" RadioGroup="" LAnchorPoint=".25" LAnchorOffset="0" TAnchorPoint="1" TAnchorOffset="-66" RAnchorPoint=".5" RAnchorOffset="0" BAnchorPoint="1" BAnchorOffset="-18" DT_VCENTER="1" DT_CENTER="1" Name="ConfirmBtn" BGColor="white" TextColor="UI_TextHoloBodyHighlight" NormalTextColor="UI_TextHoloBodyHighlight" PressedTextColor="white" FlybyTextColor="white" PressedFlybyTextColor="white" WindowSoundTemplate="PushbuttonDigi02" TextId="CRB_Confirm" DisabledTextColor="white" TooltipColor="" Text="" RelativeToClient="1" HideInEditor="0">
                    <Event Name="ButtonSignal" Function="OnInventoryTakeConfirmBtn"/>
                </Control>
                <Control Class="Button" Base="CRB_Basekit:kitBtn_Metal_LargeBlue" Font="CRB_InterfaceMedium" ButtonType="PushButton" RadioGroup="" LAnchorPoint=".5" LAnchorOffset="0" TAnchorPoint="1" TAnchorOffset="-66" RAnchorPoint=".75" RAnchorOffset="0" BAnchorPoint="1" BAnchorOffset="-18" DT_VCENTER="1" DT_CENTER="1" Name="CancelBtn" BGColor="white" TextColor="UI_TextHoloBodyHighlight" NormalTextColor="UI_TextHoloBodyHighlight" PressedTextColor="white" FlybyTextColor="white" PressedFlybyTextColor="white" WindowSoundTemplate="PushbuttonDigi02" TextId="Launcher_Cancel" DisabledTextColor="white" TooltipColor="" Text="" RelativeToClient="1" HideInEditor="0">
                    <Event Name="ButtonSignal" Function="OnInventoryTakeConfirmCancelBtn"/>
                </Control>
            </Control>
            <Control Class="Window" LAnchorPoint="0" LAnchorOffset="0" TAnchorPoint="0" TAnchorOffset="0" RAnchorPoint="1" RAnchorOffset="0" BAnchorPoint="1" BAnchorOffset="0" RelativeToClient="1" Font="Default" Text="" Template="Default" TooltipType="OnCursor" Name="InventoryGift" BGColor="white" TextColor="white" TooltipColor="" HideInEditor="1" Visible="0">
                <Control Class="Window" LAnchorPoint="0" LAnchorOffset="50" TAnchorPoint="0" TAnchorOffset="10" RAnchorPoint="1" RAnchorOffset="-50" BAnchorPoint="0" BAnchorOffset="40" RelativeToClient="1" Font="Default" Text="Who do you want to gift to?" Template="Default" TooltipType="OnCursor" Name="Label" BGColor="white" TextColor="white" TooltipColor="" TextId="" DT_CENTER="1" DT_VCENTER="1"/>
                <Control Class="Window" LAnchorPoint="0" LAnchorOffset="18" TAnchorPoint="0" TAnchorOffset="50" RAnchorPoint="1" RAnchorOffset="-18" BAnchorPoint="1" BAnchorOffset="-70" RelativeToClient="1" Font="Default" Text="" Template="OldMetalControl" TooltipType="OnCursor" Name="FriendContainer" BGColor="white" TextColor="white" TooltipColor="" Sprite="ChatLogSprites:sprChat_BlueBG" Picture="1" IgnoreMouse="1" Border="1" VScroll="1"/>
                <Control Class="Button" Base="CRB_Basekit:kitBtn_Metal_LargeBlue" Font="CRB_InterfaceMedium" ButtonType="PushButton" RadioGroup="" LAnchorPoint=".25" LAnchorOffset="0" TAnchorPoint="1" TAnchorOffset="-66" RAnchorPoint=".5" RAnchorOffset="0" BAnchorPoint="1" BAnchorOffset="-18" DT_VCENTER="1" DT_CENTER="1" Name="GiftBtn" BGColor="white" TextColor="UI_TextHoloBodyHighlight" NormalTextColor="UI_TextHoloBodyHighlight" PressedTextColor="white" FlybyTextColor="white" PressedFlybyTextColor="white" WindowSoundTemplate="PushbuttonDigi02" TextId="AccountInv_PendingGift" DisabledTextColor="white" TooltipColor="" Text="" RelativeToClient="1" HideInEditor="0">
                    <Event Name="ButtonSignal" Function="OnPendingSelectFriendGiftBtn"/>
                </Control>
                <Control Class="Button" Base="CRB_Basekit:kitBtn_Metal_LargeBlue" Font="CRB_InterfaceMedium" ButtonType="PushButton" RadioGroup="" LAnchorPoint=".5" LAnchorOffset="0" TAnchorPoint="1" TAnchorOffset="-66" RAnchorPoint=".75" RAnchorOffset="0" BAnchorPoint="1" BAnchorOffset="-18" DT_VCENTER="1" DT_CENTER="1" Name="CancelBtn" BGColor="white" TextColor="UI_TextHoloBodyHighlight" NormalTextColor="UI_TextHoloBodyHighlight" PressedTextColor="white" FlybyTextColor="white" PressedFlybyTextColor="white" WindowSoundTemplate="PushbuttonDigi02" TextId="Launcher_Cancel" DisabledTextColor="white" TooltipColor="" Text="" RelativeToClient="1" HideInEditor="0">
                    <Event Name="ButtonSignal" Function="OnPendingGiftCancelBtn"/>
                </Control>
            </Control>
            <Control Class="Window" LAnchorPoint="0" LAnchorOffset="0" TAnchorPoint="0" TAnchorOffset="0" RAnchorPoint="1" RAnchorOffset="0" BAnchorPoint="1" BAnchorOffset="0" RelativeToClient="1" Font="Default" Text="" Template="Default" TooltipType="OnCursor" Name="InventoryGiftConfirm" BGColor="white" TextColor="white" TooltipColor="" HideInEditor="1" Visible="0">
                <Control Class="Window" LAnchorPoint="0" LAnchorOffset="50" TAnchorPoint="0" TAnchorOffset="10" RAnchorPoint="1" RAnchorOffset="-50" BAnchorPoint="0" BAnchorOffset="40" RelativeToClient="1" Font="Default" Text="Are you sure you want to gift this?" Template="Default" TooltipType="OnCursor" Name="Label" BGColor="white" TextColor="white" TooltipColor="" TextId="" DT_CENTER="1" DT_VCENTER="1"/>
                <Control Class="Window" LAnchorPoint="0" LAnchorOffset="18" TAnchorPoint="0" TAnchorOffset="50" RAnchorPoint="1" RAnchorOffset="-28" BAnchorPoint="1" BAnchorOffset="-70" RelativeToClient="1" Font="Default" Text="" Template="OldMetalControl" TooltipType="OnCursor" Name="InventoryGiftConfirmItemContainer" BGColor="white" TextColor="white" TooltipColor="" Sprite="ChatLogSprites:sprChat_BlueBG" Picture="1" IgnoreMouse="1" Border="1" VScroll="1"/>
                <Control Class="Window" LAnchorPoint="0" LAnchorOffset="18" TAnchorPoint="0" TAnchorOffset="50" RAnchorPoint="1" RAnchorOffset="-18" BAnchorPoint="1" BAnchorOffset="-70" RelativeToClient="1" Font="Default" Text="" Template="OldMetalControl" TooltipType="OnCursor" Name="Blocker" BGColor="white" TextColor="white" TooltipColor="" Sprite="" Picture="0" IgnoreMouse="0" Border="0" VScroll="0"/>
                <Control Class="Button" Base="CRB_Basekit:kitBtn_Metal_LargeBlue" Font="CRB_InterfaceMedium" ButtonType="PushButton" RadioGroup="" LAnchorPoint=".25" LAnchorOffset="0" TAnchorPoint="1" TAnchorOffset="-66" RAnchorPoint=".5" RAnchorOffset="0" BAnchorPoint="1" BAnchorOffset="-18" DT_VCENTER="1" DT_CENTER="1" Name="ConfirmBtn" BGColor="white" TextColor="UI_TextHoloBodyHighlight" NormalTextColor="UI_TextHoloBodyHighlight" PressedTextColor="white" FlybyTextColor="white" PressedFlybyTextColor="white" WindowSoundTemplate="PushbuttonDigi02" TextId="CRB_Confirm" DisabledTextColor="white" TooltipColor="" Text="" RelativeToClient="1" HideInEditor="0">
                    <Event Name="ButtonSignal" Function="OnPendingGiftConfirmBtn"/>
                </Control>
                <Control Class="Button" Base="CRB_Basekit:kitBtn_Metal_LargeBlue" Font="CRB_InterfaceMedium" ButtonType="PushButton" RadioGroup="" LAnchorPoint=".5" LAnchorOffset="0" TAnchorPoint="1" TAnchorOffset="-66" RAnchorPoint=".75" RAnchorOffset="0" BAnchorPoint="1" BAnchorOffset="-18" DT_VCENTER="1" DT_CENTER="1" Name="CancelBtn" BGColor="white" TextColor="UI_TextHoloBodyHighlight" NormalTextColor="UI_TextHoloBodyHighlight" PressedTextColor="white" FlybyTextColor="white" PressedFlybyTextColor="white" WindowSoundTemplate="PushbuttonDigi02" TextId="Launcher_Cancel" DisabledTextColor="white" TooltipColor="" Text="" RelativeToClient="1" HideInEditor="0">
                    <Event Name="ButtonSignal" Function="OnPendingGiftConfirmCancelBtn"/>
                </Control>
            </Control>
            <Control Class="Window" LAnchorPoint="0" LAnchorOffset="0" TAnchorPoint="0" TAnchorOffset="0" RAnchorPoint="1" RAnchorOffset="0" BAnchorPoint="1" BAnchorOffset="0" RelativeToClient="1" Font="Default" Text="" Template="Default" TooltipType="OnCursor" Name="InventoryGiftReturnConfirm" BGColor="white" TextColor="white" TooltipColor="" HideInEditor="0" Visible="0">
                <Control Class="Window" LAnchorPoint="0" LAnchorOffset="50" TAnchorPoint="0" TAnchorOffset="10" RAnchorPoint="1" RAnchorOffset="-50" BAnchorPoint="0" BAnchorOffset="40" RelativeToClient="1" Font="Default" Text="Are you sure you want to return this?" Template="Default" TooltipType="OnCursor" Name="Label" BGColor="white" TextColor="white" TooltipColor="" TextId="" DT_CENTER="1" DT_VCENTER="1"/>
                <Control Class="Window" LAnchorPoint="0" LAnchorOffset="18" TAnchorPoint="0" TAnchorOffset="50" RAnchorPoint="1" RAnchorOffset="-28" BAnchorPoint="1" BAnchorOffset="-70" RelativeToClient="1" Font="Default" Text="" Template="OldMetalControl" TooltipType="OnCursor" Name="ItemContainer" BGColor="white" TextColor="white" TooltipColor="" Sprite="ChatLogSprites:sprChat_BlueBG" Picture="1" IgnoreMouse="1" Border="1" VScroll="1"/>
                <Control Class="Window" LAnchorPoint="0" LAnchorOffset="18" TAnchorPoint="0" TAnchorOffset="50" RAnchorPoint="1" RAnchorOffset="-18" BAnchorPoint="1" BAnchorOffset="-70" RelativeToClient="1" Font="Default" Text="" Template="OldMetalControl" TooltipType="OnCursor" Name="Blocker" BGColor="white" TextColor="white" TooltipColor="" Sprite="" Picture="0" IgnoreMouse="0" Border="0" VScroll="0"/>
                <Control Class="Button" Base="CRB_Basekit:kitBtn_Metal_LargeBlue" Font="CRB_InterfaceMedium" ButtonType="PushButton" RadioGroup="" LAnchorPoint=".25" LAnchorOffset="0" TAnchorPoint="1" TAnchorOffset="-66" RAnchorPoint=".5" RAnchorOffset="0" BAnchorPoint="1" BAnchorOffset="-18" DT_VCENTER="1" DT_CENTER="1" Name="ConfirmBtn" BGColor="white" TextColor="UI_TextHoloBodyHighlight" NormalTextColor="UI_TextHoloBodyHighlight" PressedTextColor="white" FlybyTextColor="white" PressedFlybyTextColor="white" WindowSoundTemplate="PushbuttonDigi02" TextId="CRB_Confirm" DisabledTextColor="white" TooltipColor="" Text="" RelativeToClient="1" HideInEditor="0">
                    <Event Name="ButtonSignal" Function="OnPendingGiftReturnConfirmBtn"/>
                </Control>
                <Control Class="Button" Base="CRB_Basekit:kitBtn_Metal_LargeBlue" Font="CRB_InterfaceMedium" ButtonType="PushButton" RadioGroup="" LAnchorPoint=".5" LAnchorOffset="0" TAnchorPoint="1" TAnchorOffset="-66" RAnchorPoint=".75" RAnchorOffset="0" BAnchorPoint="1" BAnchorOffset="-18" DT_VCENTER="1" DT_CENTER="1" Name="CancelBtn" BGColor="white" TextColor="UI_TextHoloBodyHighlight" NormalTextColor="UI_TextHoloBodyHighlight" PressedTextColor="white" FlybyTextColor="white" PressedFlybyTextColor="white" WindowSoundTemplate="PushbuttonDigi02" TextId="Launcher_Cancel" DisabledTextColor="white" TooltipColor="" Text="" RelativeToClient="1" HideInEditor="0">
                    <Event Name="ButtonSignal" Function="OnPendingGiftReturnConfirmCancelBtn"/>
                </Control>
            </Control>
            <Control Class="Window" LAnchorPoint="0" LAnchorOffset="0" TAnchorPoint="0" TAnchorOffset="0" RAnchorPoint="1" RAnchorOffset="0" BAnchorPoint="1" BAnchorOffset="0" RelativeToClient="1" Font="Default" Text="" Template="Default" TooltipType="OnCursor" Name="Entitlements" BGColor="white" TextColor="white" TooltipColor="" HideInEditor="1" Visible="0">
                <Control Class="Window" LAnchorPoint="0" LAnchorOffset="50" TAnchorPoint="0" TAnchorOffset="10" RAnchorPoint=".5" RAnchorOffset="-50" BAnchorPoint="0" BAnchorOffset="40" RelativeToClient="1" Font="Default" Text="" Template="Default" TooltipType="OnCursor" Name="AccountLabel" BGColor="white" TextColor="white" TooltipColor="" TextId="Friends_AccountBtn" DT_CENTER="1" DT_VCENTER="1"/>
                <Control Class="Window" LAnchorPoint=".5" LAnchorOffset="50" TAnchorPoint="0" TAnchorOffset="10" RAnchorPoint="1" RAnchorOffset="-50" BAnchorPoint="0" BAnchorOffset="40" RelativeToClient="1" Font="Default" Text="" Template="Default" TooltipType="OnCursor" Name="CharacterLabel" BGColor="white" TextColor="white" TooltipColor="" TextId="InterfaceMenu_Character" DT_CENTER="1" DT_VCENTER="1"/>
                <Control Class="Window" LAnchorPoint="0" LAnchorOffset="18" TAnchorPoint="0" TAnchorOffset="50" RAnchorPoint=".5" RAnchorOffset="0" BAnchorPoint="1" BAnchorOffset="-70" RelativeToClient="1" Font="Default" Text="" Template="OldMetalControl" TooltipType="OnCursor" Name="AccountGridContainer" BGColor="white" TextColor="white" TooltipColor="" Sprite="ChatLogSprites:sprChat_BlueBG" Picture="1" IgnoreMouse="1" Border="1" VScroll="1"/>
                <Control Class="Window" LAnchorPoint=".5" LAnchorOffset="0" TAnchorPoint="0" TAnchorOffset="50" RAnchorPoint="1" RAnchorOffset="-18" BAnchorPoint="1" BAnchorOffset="-70" RelativeToClient="1" Font="Default" Text="" Template="OldMetalControl" TooltipType="OnCursor" Name="CharacterGridContainer" BGColor="white" TextColor="white" TooltipColor="" Sprite="ChatLogSprites:sprChat_BlueBG" Picture="1" IgnoreMouse="1" Border="1" VScroll="1"/>
            </Control>
            <Control Class="Window" LAnchorPoint="0" LAnchorOffset="0" TAnchorPoint="0" TAnchorOffset="0" RAnchorPoint="1" RAnchorOffset="0" BAnchorPoint="1" BAnchorOffset="0" RelativeToClient="1" Font="Default" Text="" Template="Default" TooltipType="OnCursor" Name="Coupons" BGColor="white" TextColor="white" TooltipColor="" HideInEditor="1" Visible="0">
                <Control Class="Button" Base="CRB_Basekit:kitBtn_Metal_LargeBlue" Font="CRB_InterfaceMedium" ButtonType="PushButton" RadioGroup="" LAnchorPoint=".5" LAnchorOffset="-130" TAnchorPoint="1" TAnchorOffset="-66" RAnchorPoint=".5" RAnchorOffset="-10" BAnchorPoint="1" BAnchorOffset="-18" DT_VCENTER="1" DT_CENTER="1" Name="ClaimCouponsButton" BGColor="white" TextColor="UI_TextHoloBodyHighlight" NormalTextColor="UI_TextHoloBodyHighlight" PressedTextColor="white" FlybyTextColor="white" PressedFlybyTextColor="white" WindowSoundTemplate="PushbuttonDigi02" TextId="AccountInv_Claim" DisabledTextColor="white" TooltipColor="" Text="" RelativeToClient="1">
                    <Event Name="ButtonSignal" Function="OnCouponsClaim"/>
                </Control>
                <Control Class="Button" Base="CRB_Basekit:kitBtn_Metal_LargeBlue" Font="CRB_InterfaceMedium" ButtonType="PushButton" RadioGroup="" LAnchorPoint=".5" LAnchorOffset="10" TAnchorPoint="1" TAnchorOffset="-66" RAnchorPoint=".5" RAnchorOffset="130" BAnchorPoint="1" BAnchorOffset="-18" DT_VCENTER="1" DT_CENTER="1" Name="CancelCouponsButton" BGColor="white" TextColor="UI_TextHoloBodyHighlight" NormalTextColor="UI_TextHoloBodyHighlight" PressedTextColor="white" FlybyTextColor="white" PressedFlybyTextColor="white" WindowSoundTemplate="PushbuttonDigi02" TextId="Cancel" DisabledTextColor="white" TooltipColor="" Text="" RelativeToClient="1">
                    <Event Name="ButtonSignal" Function="OnCouponsClose"/>
                </Control>
                <Control Class="EditBox" LAnchorPoint="0" LAnchorOffset="35" TAnchorPoint="0" TAnchorOffset="57" RAnchorPoint="1" RAnchorOffset="-40" BAnchorPoint="1" BAnchorOffset="-294" RelativeToClient="1" Font="Default" Text="XXXX - XXXX - XXXX - XXXX - XXXX" Template="OldMetalControl" TooltipType="OnCursor" Name="CouponsCodeBox" BGColor="white" TextColor="white" TooltipColor="" Sprite="" Picture="1" HideInEditor="0" TextId="">
                    <Control Class="Window" LAnchorPoint="0" LAnchorOffset="-5" TAnchorPoint="0" TAnchorOffset="-2" RAnchorPoint="1" RAnchorOffset="5" BAnchorPoint="1" BAnchorOffset="2" RelativeToClient="1" Font="Default" Text="" Template="Default" TooltipType="OnCursor" Name="BG" BGColor="white" TextColor="white" TooltipColor="" Picture="1" IgnoreMouse="1" Sprite="ChatLogSprites:sprChat_BlueBG" NoClip="1"/>
                </Control>
                <Control Class="Window" LAnchorPoint="0" LAnchorOffset="0" TAnchorPoint="0" TAnchorOffset="0" RAnchorPoint="1" RAnchorOffset="0" BAnchorPoint="1" BAnchorOffset="-324" RelativeToClient="1" Font="CRB_InterfaceMedium_B" Text="" Template="Default" Name="CouponsTitleFrameText" BGColor="white" TextColor="UI_TextMetalBody" TextId="AccountInv_EnterCoupon" DT_CENTER="1" DT_VCENTER="1" TooltipColor=""/>
            </Control>
            <Control Class="Window" LAnchorPoint="0" LAnchorOffset="0" TAnchorPoint="0" TAnchorOffset="0" RAnchorPoint="1" RAnchorOffset="0" BAnchorPoint="1" BAnchorOffset="0" RelativeToClient="1" Font="Default" Text="" Template="Default" TooltipType="OnCursor" Name="Log" BGColor="white" TextColor="white" TooltipColor="" HideInEditor="1" Visible="0">
                <Control Class="Window" LAnchorPoint="0" LAnchorOffset="50" TAnchorPoint="0" TAnchorOffset="10" RAnchorPoint="1" RAnchorOffset="-50" BAnchorPoint="0" BAnchorOffset="40" RelativeToClient="1" Font="Default" Text="" Template="Default" TooltipType="OnCursor" Name="EscrowLabel" BGColor="white" TextColor="white" TooltipColor="" TextId="GuildBank_Log" DT_CENTER="1" DT_VCENTER="1"/>
                <Control Class="Window" LAnchorPoint="0" LAnchorOffset="18" TAnchorPoint="0" TAnchorOffset="50" RAnchorPoint="1" RAnchorOffset="-18" BAnchorPoint="1" BAnchorOffset="0" RelativeToClient="1" Font="Default" Text="" Template="OldMetalControl" TooltipType="OnCursor" Name="LogContainer" BGColor="white" TextColor="white" TooltipColor="" Sprite="ChatLogSprites:sprChat_BlueBG" Picture="1" IgnoreMouse="1" Border="1" VScroll="1" Tooltip=""/>
                <Control Class="Window" LAnchorPoint=".5" LAnchorOffset="278" TAnchorPoint="0" TAnchorOffset="-2" RAnchorPoint=".5" RAnchorOffset="336" BAnchorPoint="0" BAnchorOffset="56" RelativeToClient="1" Font="Default" Text="" Template="Default" TooltipType="OnCursor" Name="RefreshLogBG" BGColor="ffffffff" TextColor="ffffffff" TooltipColor="" Sprite="CRB_BaseBarSprites:sprHUD_InventoryBacker" Picture="0" IgnoreMouse="1" NewControlDepth="1" Tooltip="">
                    <Control Class="Button" Base="CRB_Basekit:kitBtn_Holo" Font="Thick" ButtonType="Check" RadioGroup="" LAnchorPoint="0" LAnchorOffset="10" TAnchorPoint="0" TAnchorOffset="10" RAnchorPoint="1" RAnchorOffset="-10" BAnchorPoint="1" BAnchorOffset="-10" Name="RefreshBtn" BGColor="ffffffff" TextColor="ffffffff" NormalTextColor="ffffffff" PressedTextColor="ffffffff" FlybyTextColor="ffffffff" PressedFlybyTextColor="ffffffff" DisabledTextColor="ffffffff" RelativeToClient="1" TooltipColor="" IgnoreTooltipDelay="1" TooltipType="OnCursor" TooltipFont="CRB_InterfaceSmall_O" Tooltip="Refresh log data" TooltipId="">
                        <Pixie LAnchorPoint="0" LAnchorOffset="4" TAnchorPoint="0" TAnchorOffset="4" RAnchorPoint="1" RAnchorOffset="-4" BAnchorPoint="1" BAnchorOffset="-4" BGColor="ffffffff" Font="Default" TextColor="ffffffff" Text="" Sprite="ClientSprites:Icon_Mission_Explorer_ActivateChecklist" Line="0"/>
                        <Event Name="ButtonCheck" Function="OnRefreshLogsBtn"/>
                    </Control>
                    <Control Class="Window" LAnchorPoint="0" LAnchorOffset="0" TAnchorPoint="0" TAnchorOffset="0" RAnchorPoint="1" RAnchorOffset="0" BAnchorPoint="1" BAnchorOffset="0" RelativeToClient="1" Font="Default" Text="" Template="Default" TooltipType="OnCursor" Name="BGFrame" BGColor="ffffffff" TextColor="ffffffff" TooltipColor="" Picture="1" IgnoreMouse="1" Sprite="CRB_Basekit:kitInnerFrame_MetalGrey_Small" NewControlDepth="5"/>
                </Control>
            </Control>
        </Control>
        <Control Class="Window" LAnchorPoint="0" LAnchorOffset="10" TAnchorPoint="1" TAnchorOffset="-50" RAnchorPoint="1" RAnchorOffset="-10" BAnchorPoint="1" BAnchorOffset="-15" RelativeToClient="1" Font="Default" Text="" Template="Default" TooltipType="OnCursor" Name="CurrencyContainer" BGColor="white" TextColor="white" TooltipColor="">
            <Control Class="Window" LAnchorPoint="0" LAnchorOffset="0" TAnchorPoint="0" TAnchorOffset="0" RAnchorPoint=".5" RAnchorOffset="0" BAnchorPoint="1" BAnchorOffset="0" RelativeToClient="1" Font="Default" Text="" Template="Default" TooltipType="OnCursor" Name="ClaimedCredd" BGColor="white" TextColor="white" TooltipColor="" DT_CENTER="1" DT_VCENTER="1"/>
            <Control Class="Window" LAnchorPoint=".5" LAnchorOffset="0" TAnchorPoint="0" TAnchorOffset="0" RAnchorPoint="1" RAnchorOffset="0" BAnchorPoint="1" BAnchorOffset="0" RelativeToClient="1" Font="Default" Text="" Template="Default" TooltipType="OnCursor" Name="ClaimedTransfers" BGColor="white" TextColor="white" TooltipColor="" DT_CENTER="1" DT_VCENTER="1"/>
        </Control>
    </Form>
    <Form Class="Window" LAnchorPoint="0" LAnchorOffset="0" TAnchorPoint="0" TAnchorOffset="0" RAnchorPoint="1" RAnchorOffset="0" BAnchorPoint="0" BAnchorOffset="50" RelativeToClient="1" Font="Default" Text="" Template="Default" TooltipType="OnCursor" Name="InventoryPendingItemForm" Border="0" Picture="0" SwallowMouseClicks="1" Moveable="0" Escapable="0" Overlapped="0" BGColor="white" TextColor="white" TooltipColor="" Tooltip="">
        <Control Class="Button" Base="CRB_Basekit:kitBtn_Holo_Large" Font="DefaultButton" ButtonType="Check" RadioGroup="" LAnchorPoint="0" LAnchorOffset="0" TAnchorPoint="0" TAnchorOffset="0" RAnchorPoint="1" RAnchorOffset="0" BAnchorPoint="1" BAnchorOffset="0" DT_VCENTER="1" DT_CENTER="1" TooltipType="OnCursor" Name="Button" BGColor="white" TextColor="white" TooltipColor="" NormalTextColor="white" PressedTextColor="white" FlybyTextColor="white" PressedFlybyTextColor="white" DisabledTextColor="white" GlobalRadioGroup="AccountInventoryItem" Visible="1"/>
        <Control Class="Window" LAnchorPoint="0" LAnchorOffset="5" TAnchorPoint="0" TAnchorOffset="5" RAnchorPoint="0" RAnchorOffset="45" BAnchorPoint="0" BAnchorOffset="45" RelativeToClient="1" Font="Default" Text="" Template="Default" TooltipType="OnCursor" Name="Icon" BGColor="white" TextColor="white" TooltipColor="" Sprite="BasicSprites:WhiteFill" Picture="1" IgnoreMouse="1" HideInEditor="0" TextId="" NewWindowDepth="1"/>
        <Control Class="Window" LAnchorPoint="0" LAnchorOffset="50" TAnchorPoint="0" TAnchorOffset="5" RAnchorPoint=".75" RAnchorOffset="0" BAnchorPoint="0" BAnchorOffset="30" RelativeToClient="1" Font="CRB_InterfaceLarge" Text="" Template="Default" TooltipType="OnCursor" Name="Name" BGColor="white" TextColor="white" TooltipColor="" TextId="CRB_Player_Name"/>
        <Control Class="Window" LAnchorPoint="0" LAnchorOffset="55" TAnchorPoint="0" TAnchorOffset="30" RAnchorPoint=".75" RAnchorOffset="0" BAnchorPoint="1" BAnchorOffset="0" RelativeToClient="1" Font="CRB_InterfaceMedium" Text="Details go here" Template="Default" TooltipType="OnCursor" Name="Details" BGColor="white" TextColor="white" TooltipColor="" TextId=""/>
    </Form>
    <Form Class="Window" LAnchorPoint="0" LAnchorOffset="0" TAnchorPoint="0" TAnchorOffset="0" RAnchorPoint="1" RAnchorOffset="0" BAnchorPoint="0" BAnchorOffset="60" RelativeToClient="1" Font="Default" Text="" Template="Default" TooltipType="OnCursor" Name="EntitlementsForm" Border="0" Picture="0" SwallowMouseClicks="1" Moveable="0" Escapable="0" Overlapped="0" BGColor="white" TextColor="white" TooltipColor="">
        <Control Class="Button" Base="CRB_Basekit:kitBtn_ListHuge" Font="DefaultButton" ButtonType="Check" RadioGroup="AccountInventoryEntitlements" LAnchorPoint="0" LAnchorOffset="0" TAnchorPoint="0" TAnchorOffset="0" RAnchorPoint="1" RAnchorOffset="0" BAnchorPoint="1" BAnchorOffset="0" DT_VCENTER="0" DT_CENTER="0" TooltipType="OnCursor" Name="Button" BGColor="white" TextColor="white" TooltipColor="" NormalTextColor="white" PressedTextColor="white" FlybyTextColor="white" PressedFlybyTextColor="white" DisabledTextColor="white" GlobalRadioGroup="" Visible="1"/>
        <Control Class="Window" LAnchorPoint="0" LAnchorOffset="5" TAnchorPoint="0" TAnchorOffset="5" RAnchorPoint="0" RAnchorOffset="55" BAnchorPoint="0" BAnchorOffset="55" RelativeToClient="1" Font="Default" Text="" Template="Default" TooltipType="OnCursor" Name="Icon" BGColor="white" TextColor="white" TooltipColor="" Sprite="BasicSprites:WhiteFill" IgnoreMouse="1" Picture="1"/>
        <Control Class="Window" LAnchorPoint="0" LAnchorOffset="60" TAnchorPoint="0" TAnchorOffset="7" RAnchorPoint="1" RAnchorOffset="0" BAnchorPoint="1" BAnchorOffset="-7" RelativeToClient="1" Font="Default" Text="" Template="Default" TooltipType="OnCursor" Name="Name" BGColor="white" TextColor="white" TooltipColor=""/>
        <Control Class="Window" LAnchorPoint="1" LAnchorOffset="-60" TAnchorPoint="0" TAnchorOffset="15" RAnchorPoint="1" RAnchorOffset="-10" BAnchorPoint="1" BAnchorOffset="-15" RelativeToClient="1" Font="Default" Text="" Template="Default" TooltipType="OnCursor" Name="Count" BGColor="white" TextColor="white" TooltipColor=""/>
    </Form>
    <Form Class="Window" LAnchorPoint="0" LAnchorOffset="0" TAnchorPoint="0" TAnchorOffset="0" RAnchorPoint="1" RAnchorOffset="0" BAnchorPoint="0" BAnchorOffset="83" RelativeToClient="1" Font="Default" Text="" Template="Default" TooltipType="OnCursor" Name="InventoryPendingGroupForm" Border="0" Picture="0" SwallowMouseClicks="1" Moveable="0" Escapable="0" Overlapped="0" BGColor="white" TextColor="white" TooltipColor="" Tooltip="">
        <Control Class="Button" Base="CRB_Basekit:kitBtn_Holo_Large" Font="DefaultButton" ButtonType="Check" RadioGroup="" LAnchorPoint="0" LAnchorOffset="0" TAnchorPoint="0" TAnchorOffset="0" RAnchorPoint="1" RAnchorOffset="0" BAnchorPoint="1" BAnchorOffset="0" DT_VCENTER="1" DT_CENTER="1" TooltipType="OnCursor" Name="Button" BGColor="white" TextColor="white" TooltipColor="" NormalTextColor="white" PressedTextColor="white" FlybyTextColor="white" PressedFlybyTextColor="white" DisabledTextColor="white" GlobalRadioGroup="AccountInventoryItem" Visible="1">
            <Event Name="ButtonCheck" Function="OnPendingInventoryItemCheck"/>
            <Event Name="ButtonUncheck" Function="OnPendingInventoryItemcUncheck"/>
        </Control>
        <Control Class="Window" LAnchorPoint="0" LAnchorOffset="15" TAnchorPoint="0" TAnchorOffset="10" RAnchorPoint="1" RAnchorOffset="-15" BAnchorPoint="1" BAnchorOffset="-10" RelativeToClient="1" Font="CRB_InterfaceMedium" Text="" Template="Default" TooltipType="OnCursor" Name="ItemContainer" BGColor="white" TextColor="white" TooltipColor="" TextId=""/>
    </Form>
    <Form Class="Window" LAnchorPoint="0" LAnchorOffset="0" TAnchorPoint="0" TAnchorOffset="0" RAnchorPoint="1" RAnchorOffset="0" BAnchorPoint="0" BAnchorOffset="50" RelativeToClient="1" Font="Default" Text="" Template="Default" TooltipType="OnCursor" Name="InventoryPendingGroupItemForm" Border="0" Picture="0" SwallowMouseClicks="1" Moveable="0" Escapable="0" Overlapped="0" BGColor="white" TextColor="white" TooltipColor="" Tooltip="" IgnoreMouse="1">
        <Control Class="Window" LAnchorPoint="0" LAnchorOffset="0" TAnchorPoint="0" TAnchorOffset="0" RAnchorPoint="1" RAnchorOffset="0" BAnchorPoint="1" BAnchorOffset="0" RelativeToClient="1" Font="Default" Text="" Template="Default" TooltipType="OnCursor" Name="Window" BGColor="white" TextColor="white" TooltipColor="" Picture="1" IgnoreMouse="1" Sprite="AbilitiesSprites:spr_StatVertProgBase"/>
        <Control Class="Window" LAnchorPoint="0" LAnchorOffset="5" TAnchorPoint="0" TAnchorOffset="5" RAnchorPoint="0" RAnchorOffset="45" BAnchorPoint="0" BAnchorOffset="45" RelativeToClient="1" Font="Default" Text="" Template="Default" TooltipType="OnCursor" Name="Icon" BGColor="white" TextColor="white" TooltipColor="" Sprite="BasicSprites:WhiteFill" Picture="1" IgnoreMouse="1" HideInEditor="0" TextId="" NewWindowDepth="1"/>
        <Control Class="Window" LAnchorPoint="0" LAnchorOffset="50" TAnchorPoint="0" TAnchorOffset="5" RAnchorPoint=".75" RAnchorOffset="0" BAnchorPoint="0" BAnchorOffset="30" RelativeToClient="1" Font="CRB_InterfaceLarge" Text="" Template="Default" TooltipType="OnCursor" Name="Name" BGColor="white" TextColor="white" TooltipColor="" TextId="CRB_Player_Name"/>
        <Control Class="Window" LAnchorPoint="0" LAnchorOffset="55" TAnchorPoint="0" TAnchorOffset="30" RAnchorPoint=".75" RAnchorOffset="0" BAnchorPoint="1" BAnchorOffset="0" RelativeToClient="1" Font="CRB_InterfaceMedium" Text="Details go here" Template="Default" TooltipType="OnCursor" Name="Details" BGColor="white" TextColor="white" TooltipColor="" TextId=""/>
    </Form>
    <Form Class="Window" LAnchorPoint="0" LAnchorOffset="0" TAnchorPoint="0" TAnchorOffset="0" RAnchorPoint="1" RAnchorOffset="0" BAnchorPoint="0" BAnchorOffset="50" RelativeToClient="1" Font="Default" Text="" Template="Default" TooltipType="OnCursor" Name="FriendForm" Border="0" Picture="0" SwallowMouseClicks="1" Moveable="0" Escapable="0" Overlapped="0" BGColor="white" TextColor="white" TooltipColor="" Tooltip="">
        <Control Class="Button" Base="CRB_Basekit:kitBtn_Holo_Large" Font="DefaultButton" ButtonType="Check" RadioGroup="" LAnchorPoint="0" LAnchorOffset="0" TAnchorPoint="0" TAnchorOffset="0" RAnchorPoint="1" RAnchorOffset="0" BAnchorPoint="1" BAnchorOffset="0" DT_VCENTER="1" DT_CENTER="1" TooltipType="OnCursor" Name="Button" BGColor="white" TextColor="white" TooltipColor="" NormalTextColor="white" PressedTextColor="white" FlybyTextColor="white" PressedFlybyTextColor="white" DisabledTextColor="white" GlobalRadioGroup="AccountInventoryItem" Visible="1">
            <Event Name="ButtonCheck" Function="OnFriendCheck"/>
            <Event Name="ButtonUncheck" Function="OnFriendUncheck"/>
        </Control>
        <Control Class="Window" LAnchorPoint="0" LAnchorOffset="10" TAnchorPoint="0" TAnchorOffset="5" RAnchorPoint="1" RAnchorOffset="0" BAnchorPoint="0" BAnchorOffset="30" RelativeToClient="1" Font="CRB_InterfaceLarge" Text="" Template="Default" TooltipType="OnCursor" Name="Name" BGColor="white" TextColor="white" TooltipColor="" TextId="CRB_Player_Name"/>
    </Form>
    <Form Class="Window" LAnchorPoint="0" LAnchorOffset="0" TAnchorPoint="0" TAnchorOffset="0" RAnchorPoint="1" RAnchorOffset="0" BAnchorPoint="0" BAnchorOffset="25" RelativeToClient="1" Font="Default" Text="" Template="Default" TooltipType="OnCursor" Name="LogEntryBasicForm" Border="0" Picture="0" SwallowMouseClicks="1" Moveable="0" Escapable="0" Overlapped="0" BGColor="white" TextColor="white" TooltipColor="" Tooltip="">
        <Control Class="Window" LAnchorPoint="0" LAnchorOffset="10" TAnchorPoint="0" TAnchorOffset="0" RAnchorPoint=".75" RAnchorOffset="0" BAnchorPoint="1" BAnchorOffset="0" RelativeToClient="1" Font="CRB_InterfaceLarge" Text="" Template="Default" TooltipType="OnCursor" Name="Name" BGColor="white" TextColor="white" TooltipColor="" TextId="CRB_Player_Name" DT_VCENTER="1"/>
        <Control Class="Window" LAnchorPoint=".75" LAnchorOffset="0" TAnchorPoint="0" TAnchorOffset="0" RAnchorPoint="1" RAnchorOffset="-10" BAnchorPoint="1" BAnchorOffset="0" RelativeToClient="1" Font="CRB_InterfaceLarge" Text="1/1/1" Template="Default" TooltipType="OnCursor" Name="TimeStamp" BGColor="white" TextColor="white" TooltipColor="" TextId="" DT_VCENTER="1" DT_RIGHT="1"/>
    </Form>
</Forms>
