<Forms>
    <Form Class="Window" LAnchorPoint="0" LAnchorOffset="5" TAnchorPoint="0" TAnchorOffset="44" RAnchorPoint="0" RAnchorOffset="402" BAnchorPoint="0" BAnchorOffset="450" RelativeToClient="1" Font="Default" Text="" Template="" Name="ArenaTeamRegistrationForm" Border="0" Picture="0" SwallowMouseClicks="1" Moveable="1" Escapable="1" Overlapped="1" BGColor="ffffffff" TextColor="ffffffff" TextId="" TooltipColor="" Tooltip="">
        <Control Class="Window" LAnchorPoint="0" LAnchorOffset="0" TAnchorPoint="0" TAnchorOffset="0" RAnchorPoint="1" RAnchorOffset="0" BAnchorPoint="1" BAnchorOffset="0" RelativeToClient="1" Font="Default" Text="" Template="Default" TooltipType="OnCursor" Name="BGArt" BGColor="ffffffff" TextColor="ffffffff" TooltipColor="">
            <Control Class="Window" LAnchorPoint="1" LAnchorOffset="-41" TAnchorPoint="0" TAnchorOffset="54" RAnchorPoint="1" RAnchorOffset="-21" BAnchorPoint="1" BAnchorOffset="-81" RelativeToClient="1" Font="Default" Text="" Template="Default" TooltipType="OnCursor" Name="BGArt_Underpaint" BGColor="ffffffff" TextColor="ffffffff" TooltipColor="" Picture="1" IgnoreMouse="1" Sprite="CRB_Basekit:kitBase_MetalGrey_Small" />
            <Control Class="Window" LAnchorPoint="0" LAnchorOffset="15" TAnchorPoint="0" TAnchorOffset="16" RAnchorPoint="1" RAnchorOffset="-16" BAnchorPoint="1" BAnchorOffset="-68" RelativeToClient="1" Font="Default" Text="" Template="Default" TooltipType="OnCursor" Name="BGArt_MetalBase" BGColor="ffffffff" TextColor="ffffffff" TooltipColor="" Picture="1" IgnoreMouse="1" Sprite="CRB_Basekit:kitBase_MetalGrey_Small" />
            <Control Class="Window" LAnchorPoint="0" LAnchorOffset="20" TAnchorPoint="0" TAnchorOffset="54" RAnchorPoint="0" RAnchorOffset="327" BAnchorPoint="0" BAnchorOffset="150" RelativeToClient="1" Font="Default" Text="" Template="Default" TooltipType="OnCursor" Name="BGArt_MetalBaseTitle" BGColor="ffffffff" TextColor="ffffffff" TooltipColor="" Picture="1" IgnoreMouse="1" Sprite="CRB_Basekit:kitInnerFrame_MetalGrey_Medium" Visible="0" HideInEditor="1" />
            <Control Class="Window" LAnchorPoint="0" LAnchorOffset="20" TAnchorPoint="1" TAnchorOffset="-297" RAnchorPoint="1" RAnchorOffset="-19" BAnchorPoint="1" BAnchorOffset="-73" RelativeToClient="1" Font="Default" Text="" Template="Default" TooltipType="OnCursor" Name="BGArt_EmblemBase" BGColor="ffffffff" TextColor="ffffffff" TooltipColor="" Picture="1" IgnoreMouse="1" Sprite="CRB_Basekit:kitBase_HoloHexes_Small" />
            <Control Class="Window" LAnchorPoint="0" LAnchorOffset="20" TAnchorPoint="1" TAnchorOffset="-73" RAnchorPoint="1" RAnchorOffset="-21" BAnchorPoint="1" BAnchorOffset="-18" RelativeToClient="1" Font="Default" Text="" Template="Default" TooltipType="OnCursor" Name="BGArt_Footer" BGColor="ffffffff" TextColor="ffffffff" TooltipColor="" Picture="1" IgnoreMouse="1" Sprite="CRB_Basekit:kitFooter_MetalGold_Square" />
            <Control Class="Window" LAnchorPoint="0" LAnchorOffset="8" TAnchorPoint="1" TAnchorOffset="-311" RAnchorPoint="1" RAnchorOffset="-5" BAnchorPoint="1" BAnchorOffset="-63" RelativeToClient="1" Font="Default" Text="" Template="Default" TooltipType="OnCursor" Name="BGArt_EmblemFrame" BGColor="ffffffff" TextColor="ffffffff" TooltipColor="" Picture="1" IgnoreMouse="1" Sprite="CRB_Basekit:kitInnerFrame_MetalGrey_Large" />
        </Control>
        <Control Class="Button" Base="CRB_Basekit:kitBtn_Metal_LargeRed" Font="CRB_InterfaceMedium" ButtonType="PushButton" RadioGroup="" LAnchorPoint=".5" LAnchorOffset="2" TAnchorPoint="1" TAnchorOffset="-70" RAnchorPoint=".5" RAnchorOffset="122" BAnchorPoint="1" BAnchorOffset="-22" DT_VCENTER="1" DT_CENTER="1" Name="CancelButton" BGColor="ffffffff" TextColor="ffffffff" NewControlDepth="2" WindowSoundTemplate="TogglePhys03" TextId="CRB_Cancel" Text="" TooltipColor="" NormalTextColor="ffbe6565" PressedTextColor="ffffffff" FlybyTextColor="ffffffff" PressedFlybyTextColor="ffffffff" DisabledTextColor="ff4f4235">
            <Event Name="ButtonSignal" Function="OnCancel" />
        </Control>
        <Control Class="Button" Base="CRB_Basekit:kitBtn_Metal_LargeGreen" Font="CRB_InterfaceMedium" ButtonType="PushButton" RadioGroup="" LAnchorPoint=".5" LAnchorOffset="-122" TAnchorPoint="1" TAnchorOffset="-70" RAnchorPoint=".5" RAnchorOffset="-2" BAnchorPoint="1" BAnchorOffset="-22" DT_VCENTER="1" DT_CENTER="1" Name="RegisterBtn" BGColor="ffffffff" TextColor="ffffffff" NewControlDepth="2" WindowSoundTemplate="TogglePhys02" TextId="CRB_OK" Text="" TooltipColor="" NormalTextColor="ff80ff80" PressedTextColor="ffffffff" FlybyTextColor="ffffffff" PressedFlybyTextColor="ffffffff" DisabledTextColor="ff4f4235">
            <Event Name="ButtonSignal" Function="OnRegisterBtn" />
        </Control>
        <Control Class="Window" LAnchorPoint="0" LAnchorOffset="56" TAnchorPoint="0" TAnchorOffset="29" RAnchorPoint="1" RAnchorOffset="-56" BAnchorPoint="0" BAnchorOffset="96" RelativeToClient="1" Font="Default" Text="" Template="Default" TooltipType="OnCursor" Name="RegistrationContent" BGColor="ffffffff" TextColor="ffffffff" TooltipColor="">
            <Control Class="Window" LAnchorPoint="0" LAnchorOffset="0" TAnchorPoint="0" TAnchorOffset="3" RAnchorPoint="1" RAnchorOffset="0" BAnchorPoint="0" BAnchorOffset="23" RelativeToClient="1" Font="CRB_HeaderSmall" Text="Desired Team Name" Template="Default" TooltipType="OnCursor" Name="ArenaTeamNameLabel" BGColor="ffffffff" TextColor="ff808080" TooltipColor="" TextId="" DT_CENTER="1" DT_BOTTOM="1" />
            <Control Class="Window" LAnchorPoint="0" LAnchorOffset="0" TAnchorPoint="0" TAnchorOffset="26" RAnchorPoint="1" RAnchorOffset="0" BAnchorPoint="0" BAnchorOffset="62" RelativeToClient="1" Font="Default" Text="" Template="Default" TooltipType="OnCursor" Name="UnderPaint_Guild" BGColor="ffffffff" TextColor="ffffffff" TooltipColor="" Picture="1" IgnoreMouse="1" Sprite="CRB_Basekit:kitInnerFrame_MetalGrey_Inlay" />
            <Control Class="EditBox" LAnchorPoint="0" LAnchorOffset="11" TAnchorPoint="0" TAnchorOffset="31" RAnchorPoint="0" RAnchorOffset="259" BAnchorPoint="0" BAnchorOffset="56" RelativeToClient="1" Font="CRB_InterfaceLarge_B" Text="" Template="Default" TooltipType="OnCursor" Name="ArenaTeamNameString" BGColor="ffffffff" TextColor="ffffffff" TooltipColor="" TextId="" DT_VCENTER="1">
                <Event Name="EditBoxChanging" Function="OnNameChanging" />
                <Event Name="EditBoxChanged" Function="OnNameChanging" />
            </Control>
        </Control>
        <Event Name="MouseButtonDown" Function="HelperClearFocus" />
        <Control Class="Window" LAnchorPoint="0" LAnchorOffset="23" TAnchorPoint="0" TAnchorOffset="26" RAnchorPoint="1" RAnchorOffset="-20" BAnchorPoint="1" BAnchorOffset="-22" RelativeToClient="1" Font="Default" Text="" Template="Default" TooltipType="OnCursor" Name="AlertMessage" BGColor="ffffffff" TextColor="ffffffff" TooltipColor="" IgnoreMouse="1" NewWindowDepth="1" Visible="0" TransitionShowHide="1" HideInEditor="1">
            <Control Class="Window" LAnchorPoint="0" LAnchorOffset="0" TAnchorPoint="0" TAnchorOffset="0" RAnchorPoint="1" RAnchorOffset="0" BAnchorPoint="1" BAnchorOffset="0" RelativeToClient="1" Font="Default" Text="" Template="Default" TooltipType="OnCursor" Name="AlertBG_Base" BGColor="cf000000" TextColor="ffffffff" TooltipColor="" Picture="1" IgnoreMouse="1" Sprite="WhiteFill" />
            <Control Class="Window" LAnchorPoint="0" LAnchorOffset="36" TAnchorPoint="0" TAnchorOffset="118" RAnchorPoint="1" RAnchorOffset="-36" BAnchorPoint="1" BAnchorOffset="-118" RelativeToClient="1" Font="Default" Text="" Template="Default" TooltipType="OnCursor" Name="AlertBG_MessageBase" BGColor="ffffffff" TextColor="ffffffff" TooltipColor="" Picture="1" IgnoreMouse="1" Sprite="CRB_Basekit:kitBase_HoloBlue_Tiny" NewControlDepth="2" />
            <Control Class="Window" LAnchorPoint="0" LAnchorOffset="29" TAnchorPoint="0" TAnchorOffset="110" RAnchorPoint="1" RAnchorOffset="-29" BAnchorPoint="1" BAnchorOffset="-110" RelativeToClient="1" Font="Default" Text="" Template="Default" TooltipType="OnCursor" Name="AlertBG_MessageBaseAccent" BGColor="ffffffff" TextColor="ffffffff" TooltipColor="" Picture="1" IgnoreMouse="1" Sprite="CRB_Basekit:kitAccent_Frame_OrangeStroke" NewControlDepth="2" />
            <Control Class="Window" LAnchorPoint="0" LAnchorOffset="116" TAnchorPoint="0" TAnchorOffset="132" RAnchorPoint="1" RAnchorOffset="-116" BAnchorPoint="1" BAnchorOffset="-195" RelativeToClient="1" Font="CRB_HeaderLarge" Text="" Template="Default" TooltipType="OnCursor" Name="MessageAlertText" BGColor="ffffffff" TextColor="ffff8000" TooltipColor="" NewControlDepth="6" TextId="" DT_VCENTER="0" DT_CENTER="1" />
            <Control Class="Window" LAnchorPoint="0" LAnchorOffset="116" TAnchorPoint="0" TAnchorOffset="159" RAnchorPoint="1" RAnchorOffset="-116" BAnchorPoint="1" BAnchorOffset="-135" RelativeToClient="1" Font="CRB_InterfaceMedium" Text="" Template="Default" TooltipType="OnCursor" Name="MessageBodyText" BGColor="ffffffff" TextColor="ff31fcf6" TooltipColor="" NewControlDepth="6" TextId="" DT_VCENTER="1" DT_CENTER="1" DT_WORDBREAK="1" />
        </Control>
        <Control Class="Window" LAnchorPoint="0" LAnchorOffset="0" TAnchorPoint="0" TAnchorOffset="0" RAnchorPoint="1" RAnchorOffset="0" BAnchorPoint="1" BAnchorOffset="0" RelativeToClient="1" Font="Default" Text="" Template="Default" TooltipType="OnCursor" Name="BGArt_Frame" BGColor="ffffffff" TextColor="ffffffff" TooltipColor="" Picture="1" IgnoreMouse="1" Sprite="CRB_Basekit:kitOuterFrame_MetalGold_Small3" HideInEditor="0" NewWindowDepth="1" />
        <Control Class="Button" Base="CRB_Basekit:kitBtn_Close" Font="Thick" ButtonType="PushButton" RadioGroup="" LAnchorPoint="1" LAnchorOffset="-35" TAnchorPoint="0" TAnchorOffset="11" RAnchorPoint="1" RAnchorOffset="-5" BAnchorPoint="0" BAnchorOffset="42" DT_VCENTER="1" DT_CENTER="1" Name="CloseButton" BGColor="ffffffff" TextColor="ffffffff" NewControlDepth="2" WindowSoundTemplate="CloseWindowPhys" Text="" TextId="" TooltipColor="" NormalTextColor="ffffffff" PressedTextColor="ffffffff" FlybyTextColor="ffffffff" PressedFlybyTextColor="ffffffff" DisabledTextColor="ffffffff" NewWindowDepth="1">
            <Event Name="ButtonSignal" Function="OnCancel" />
        </Control>
    </Form>
</Forms>
