<?xml version="1.0" encoding="UTF-8" standalone="yes" ?>
<Forms>
    <Form Class="Window" LAnchorPoint=".5" LAnchorOffset="-445" TAnchorPoint="0" TAnchorOffset="44" RAnchorPoint=".5" RAnchorOffset="438" BAnchorPoint="0" BAnchorOffset="700" RelativeToClient="1" Font="Default" Text="" Template="Default" Name="GuildBankForm" Border="0" Picture="0" SwallowMouseClicks="1" Moveable="1" Escapable="1" Overlapped="1" BGColor="ffffffff" TextColor="ffffffff" TextId="" TooltipColor="" Tooltip="" IgnoreMouse="0" Sprite="" TestAlpha="0">
        <Control Class="Window" LAnchorPoint="0" LAnchorOffset="27" TAnchorPoint="0" TAnchorOffset="138" RAnchorPoint="1" RAnchorOffset="-25" BAnchorPoint="1" BAnchorOffset="-20" RelativeToClient="1" Font="Default" Text="" Template="Holo_Background_General" TooltipType="OnCursor" Name="BGHolo" BGColor="ffffffff" TextColor="ffffffff" TooltipColor="" Picture="0" IgnoreMouse="1" Sprite="" NewControlDepth="2" Border="1" UseTemplateBG="1"/>
        <Control Class="Window" LAnchorPoint="0" LAnchorOffset="39" TAnchorPoint="0" TAnchorOffset="151" RAnchorPoint="1" RAnchorOffset="-40" BAnchorPoint="1" BAnchorOffset="-100" RelativeToClient="1" Font="Default" Text="" Template="Default" Name="BGMain" BGColor="ffffffff" TextColor="ffffffff" TooltipId="" Picture="1" IgnoreMouse="1" Sprite="" TooltipColor="" HideInEditor="0" Tooltip="">
            <Control Class="Window" LAnchorPoint="0" LAnchorOffset="0" TAnchorPoint="0" TAnchorOffset="0" RAnchorPoint="1" RAnchorOffset="0" BAnchorPoint="1" BAnchorOffset="0" RelativeToClient="1" Font="Default" Text="" BGColor="UI_WindowBGDefault" TextColor="UI_WindowTextDefault" Template="Default" TooltipType="OnCursor" Name="SharedBGMainFrame" TooltipColor="" TextId=""/>
            <Control Class="Window" LAnchorPoint="0" LAnchorOffset="0" TAnchorPoint="0" TAnchorOffset="0" RAnchorPoint="1" RAnchorOffset="0" BAnchorPoint="1" BAnchorOffset="0" RelativeToClient="1" Font="Default" Text="" Template="Default" TooltipType="OnCursor" Name="FlashAnimation" BGColor="669d9d9d" TextColor="ffffffff" TooltipColor="" Picture="1" IgnoreMouse="1" Visible="1" HideInEditor="1" Sprite="CRB_WindowAnimationSprites:sprWinAnim_BirthSmallTemp" NewControlDepth="5"/>
            <Control Class="Window" LAnchorPoint="0" LAnchorOffset="0" TAnchorPoint="0" TAnchorOffset="0" RAnchorPoint="1" RAnchorOffset="0" BAnchorPoint="1" BAnchorOffset="0" RelativeToClient="1" Font="Default" Text="" Template="Default" TooltipType="OnCursor" Name="PermissionsMain" BGColor="ffffffff" TextColor="ffffffff" TooltipColor="" Sprite="BK3:UI_BK3_Holo_InsetSimple" Picture="1" IgnoreMouse="1" NewControlDepth="1" Visible="0" HideInEditor="1" TransitionShowHide="1" UseTransitionSprite="0" Tooltip="">
                <Control Class="Window" LAnchorPoint="0.5" LAnchorOffset="-300" TAnchorPoint="0" TAnchorOffset="22" RAnchorPoint="0.5" RAnchorOffset="300" BAnchorPoint="0" BAnchorOffset="86" RelativeToClient="1" Font="Default" Text="" Template="Default" TooltipType="OnCursor" Name="PermissionsCurrentBG" BGColor="ffffffff" TextColor="ffffffff" TooltipColor="" Sprite="BK3:UI_BK3_Holo_InsetFramed" Picture="1" IgnoreMouse="1" Tooltip="" NewControlDepth="1">
                    <Control Class="Button" Base="Crafting_CircuitSprites:btnCircuit_Holo_LeftArrow" Font="Thick" ButtonType="PushButton" RadioGroup="" LAnchorPoint="0" LAnchorOffset="12" TAnchorPoint="0" TAnchorOffset="10" RAnchorPoint="0" RAnchorOffset="59" BAnchorPoint="0" BAnchorOffset="56" DT_VCENTER="1" DT_CENTER="1" TooltipType="OnCursor" Name="PermissionsCurrentLeftBtn" BGColor="ffffffff" TextColor="ffffffff" TooltipColor="" NormalTextColor="ffffffff" PressedTextColor="ffffffff" FlybyTextColor="ffffffff" PressedFlybyTextColor="ffffffff" DisabledTextColor="ffffffff">
                        <Event Name="ButtonSignal" Function="OnPermissionsCurrentBtnLeftRight"/>
                    </Control>
                    <Control Class="Button" Base="Crafting_CircuitSprites:btnCircuit_Holo_RightArrow" Font="Thick" ButtonType="PushButton" RadioGroup="" LAnchorPoint="1" LAnchorOffset="-57" TAnchorPoint="0" TAnchorOffset="9" RAnchorPoint="1" RAnchorOffset="-11" BAnchorPoint="0" BAnchorOffset="56" DT_VCENTER="1" DT_CENTER="1" TooltipType="OnCursor" Name="PermissionsCurrentRightBtn" BGColor="ffffffff" TextColor="ffffffff" TooltipColor="" NormalTextColor="ffffffff" PressedTextColor="ffffffff" FlybyTextColor="ffffffff" PressedFlybyTextColor="ffffffff" DisabledTextColor="ffffffff">
                        <Event Name="ButtonSignal" Function="OnPermissionsCurrentBtnLeftRight"/>
                    </Control>
                    <Control Class="Window" LAnchorPoint="0.5" LAnchorOffset="-200" TAnchorPoint="0" TAnchorOffset="0" RAnchorPoint="0.5" RAnchorOffset="200" BAnchorPoint="0" BAnchorOffset="65" RelativeToClient="1" Font="CRB_Header12" Text="" Template="Default" TooltipType="OnCursor" Name="PermissionsCurrentRankText" BGColor="ffffffff" TextColor="UI_TextHoloTitle" TooltipColor="" DT_CENTER="1" DT_VCENTER="1" TextId="GuildBank_LeaderPermissions"/>
                </Control>
                <Control Class="Window" LAnchorPoint="0.5" LAnchorOffset="-167" TAnchorPoint="0" TAnchorOffset="91" RAnchorPoint="0.5" RAnchorOffset="168" BAnchorPoint="0" BAnchorOffset="395" RelativeToClient="1" Font="Default" Text="" Template="Default" TooltipType="OnCursor" Name="PermissionsGridBG" BGColor="ffffffff" TextColor="ffffffff" TooltipColor="" Sprite="BK3:UI_BK3_Holo_InsetSimple" Picture="1" IgnoreMouse="1" Tooltip="" HideInEditor="0">
                    <Control Class="Window" LAnchorPoint="0" LAnchorOffset="9" TAnchorPoint="0" TAnchorOffset="10" RAnchorPoint="0" RAnchorOffset="326" BAnchorPoint="0" BAnchorOffset="215" RelativeToClient="1" Font="Default" Text="" BGColor="UI_WindowBGDefault" TextColor="UI_WindowTextDefault" Template="Default" TooltipType="OnCursor" Name="InsetFrame" TooltipColor="" Sprite="BK3:UI_BK3_Holo_InsetHeaderThin" Picture="1" IgnoreMouse="1"/>
                    <Control Class="Window" LAnchorPoint="1" LAnchorOffset="-180" TAnchorPoint="0" TAnchorOffset="12" RAnchorPoint="1" RAnchorOffset="-136" BAnchorPoint="0" BAnchorOffset="46" RelativeToClient="1" Font="CRB_InterfaceSmall" Text="" Template="Default" TooltipType="OnCursor" Name="PermissionsGridNamesVisible" BGColor="ffffffff" TextColor="UI_TextHoloTitle" TooltipColor="" TextId="GuildBank_PermissionsVisible" DT_CENTER="1" Tooltip="" TooltipId="GuildBank_VisiblityTooltip" TooltipFont="CRB_InterfaceSmall_O" DT_VCENTER="1" HideInEditor="0"/>
                    <Control Class="Window" LAnchorPoint="1" LAnchorOffset="-128" TAnchorPoint="0" TAnchorOffset="12" RAnchorPoint="1" RAnchorOffset="-85" BAnchorPoint="0" BAnchorOffset="46" RelativeToClient="1" Font="CRB_InterfaceSmall" Text="" Template="Default" TooltipType="OnCursor" Name="PermissionsGridNamesDeposit" BGColor="ffffffff" TextColor="UI_TextHoloTitle" TooltipColor="" TextId="GuildBank_PermissionsDeposit" DT_CENTER="1" Tooltip="" TooltipId="GuildBank_DepositPermissionTooltip" TooltipFont="CRB_InterfaceSmall_O" DT_VCENTER="1"/>
                    <Control Class="Window" LAnchorPoint="1" LAnchorOffset="-87" TAnchorPoint="0" TAnchorOffset="12" RAnchorPoint="1" RAnchorOffset="-27" BAnchorPoint="0" BAnchorOffset="46" RelativeToClient="1" Font="CRB_InterfaceSmall" Text="" Template="Default" TooltipType="OnCursor" Name="PermissionsGridNamesWithdraw" BGColor="ffffffff" TextColor="UI_TextHoloTitle" TooltipColor="" TextId="WarpartyBank_PermissionsUse" Tooltip="" TooltipId="WarpartyBank_ToggleUse" TooltipFont="CRB_InterfaceSmall_O" DT_VCENTER="1" DT_WORDBREAK="1" DT_CENTER="1"/>
                    <Control Class="Window" LAnchorPoint="0" LAnchorOffset="8" TAnchorPoint="0" TAnchorOffset="49" RAnchorPoint="1" RAnchorOffset="-29" BAnchorPoint="0" BAnchorOffset="217" RelativeToClient="1" Font="Default" Text="" Template="Default" TooltipType="OnCursor" Name="PermissionsGridRowItems" BGColor="ffffffff" TextColor="ffffffff" TooltipColor=""/>
                    <Control Class="Button" Base="BK3:btnHolo_Blue_Med" Font="CRB_Button" ButtonType="PushButton" RadioGroup="" LAnchorPoint="0" LAnchorOffset="17" TAnchorPoint="1" TAnchorOffset="-85" RAnchorPoint="0.5" RAnchorOffset="0" BAnchorPoint="1" BAnchorOffset="-9" DT_VCENTER="1" DT_CENTER="1" TooltipType="OnCursor" Name="PermissionsSaveBtn" BGColor="ffffffff" TextColor="ffffffff" TooltipColor="" NormalTextColor="UI_BtnTextBlueNormal" PressedTextColor="UI_BtnTextBluePressed" FlybyTextColor="UI_BtnTextBlueFlyby" PressedFlybyTextColor="UI_BtnTextBluePressedFlyby" DisabledTextColor="UI_BtnTextBlueDisabled" Text="" TextId="CRB_Save" Visible="0">
                        <Event Name="ButtonSignal" Function="OnPermissionsSaveBtn"/>
                    </Control>
                    <Control Class="Button" Base="BK3:btnHolo_Red_Med" Font="CRB_Button" ButtonType="PushButton" RadioGroup="" LAnchorPoint="0.5" LAnchorOffset="0" TAnchorPoint="1" TAnchorOffset="-85" RAnchorPoint="1" RAnchorOffset="-18" BAnchorPoint="1" BAnchorOffset="-9" DT_VCENTER="1" DT_CENTER="1" TooltipType="OnCursor" Name="PermissionsResetBtn" BGColor="ffffffff" TextColor="ffffffff" TooltipColor="" NormalTextColor="UI_BtnTextRedNormal" PressedTextColor="UI_BtnTextRedPressed" FlybyTextColor="UI_BtnTextRedFlyby" PressedFlybyTextColor="UI_BtnTextRedPressedFlyby" DisabledTextColor="UI_BtnTextRedDisabled" Text="" TextId="CRB_Reset" Visible="0">
                        <Event Name="ButtonSignal" Function="OnPermissionsResetBtn"/>
                    </Control>
                    <Control Class="Window" LAnchorPoint="1" LAnchorOffset="-166" TAnchorPoint="0" TAnchorOffset="11" RAnchorPoint="1" RAnchorOffset="-122" BAnchorPoint="0" BAnchorOffset="45" RelativeToClient="1" Font="CRB_InterfaceSmall" Text="" Template="Default" TooltipType="OnCursor" Name="PermissionsGridNamesVisible2" BGColor="ffffffff" TextColor="UI_TextHoloTitle" TooltipColor="" TextId="GuildBank_PermissionsVisible" DT_CENTER="1" Tooltip="" TooltipId="GuildBank_VisiblityTooltip" TooltipFont="CRB_InterfaceSmall_O" DT_VCENTER="1" HideInEditor="1" Visible="0"/>
                    <Control Class="Window" LAnchorPoint="1" LAnchorOffset="-110" TAnchorPoint="0" TAnchorOffset="11" RAnchorPoint="1" RAnchorOffset="-67" BAnchorPoint="0" BAnchorOffset="45" RelativeToClient="1" Font="CRB_InterfaceSmall" Text="" Template="Default" TooltipType="OnCursor" Name="PermissionsGridNamesDeposit2" BGColor="ffffffff" TextColor="UI_TextHoloTitle" TooltipColor="" TextId="GuildBank_PermissionsDeposit" DT_CENTER="1" Tooltip="" TooltipId="GuildBank_DepositPermissionTooltip" TooltipFont="CRB_InterfaceSmall_O" DT_VCENTER="1" Visible="0" HideInEditor="1"/>
                    <Control Class="Window" LAnchorPoint="1" LAnchorOffset="-75" TAnchorPoint="0" TAnchorOffset="11" RAnchorPoint="1" RAnchorOffset="-15" BAnchorPoint="0" BAnchorOffset="45" RelativeToClient="1" Font="CRB_InterfaceSmall" Text="" Template="Default" TooltipType="OnCursor" Name="PermissionsGridNamesWithdraw2" BGColor="ffffffff" TextColor="UI_TextHoloTitle" TooltipColor="" TextId="WarpartyBank_PermissionsUse" Tooltip="" TooltipId="WarpartyBank_ToggleUse" TooltipFont="CRB_InterfaceSmall_O" DT_VCENTER="1" DT_WORDBREAK="1" DT_CENTER="1" Visible="0" HideInEditor="1"/>
                </Control>
            </Control>
            <Control Class="Window" LAnchorPoint="0" LAnchorOffset="0" TAnchorPoint="0" TAnchorOffset="0" RAnchorPoint="1" RAnchorOffset="0" BAnchorPoint="1" BAnchorOffset="0" RelativeToClient="1" Font="Default" Text="" Template="Default" TooltipType="OnCursor" Name="BankScreenMain" BGColor="ffffffff" TextColor="ffffffff" TooltipColor="" Sprite="" Picture="1" IgnoreMouse="1" HideInEditor="0" Visible="0">
                <Control Class="Window" LAnchorPoint="0" LAnchorOffset="0" TAnchorPoint="0" TAnchorOffset="0" RAnchorPoint="1" RAnchorOffset="0" BAnchorPoint="1" BAnchorOffset="0" RelativeToClient="1" Font="Default" Text="" Template="Holo_ScrollList" Name="MainBankScrollbar" BGColor="ffffffff" TextColor="ffffffff" VScroll="0" IgnoreMouse="1" TooltipColor="" Visible="1" TransitionShowHide="1" HideInEditor="0" Border="1" UseTemplateBG="1" HScroll="0" Sprite="" Picture="0"/>
                <Control Class="Window" LAnchorPoint="0" LAnchorOffset="-9" TAnchorPoint="0" TAnchorOffset="-11" RAnchorPoint="1" RAnchorOffset="10" BAnchorPoint="1" BAnchorOffset="9" RelativeToClient="1" Font="Default" Text="" Template="Default" TooltipType="OnCursor" Name="MainBankNoVisibility" BGColor="ffffffff" TextColor="ffffffff" TooltipColor="" Visible="1" Sprite="BK3:UI_BK3_Metal_Framing_BlockerFull" HideInEditor="1" Picture="1" IgnoreMouse="1" NoClip="1">
                    <Pixie LAnchorPoint="0.5" LAnchorOffset="-220" TAnchorPoint="0.5" TAnchorOffset="-50" RAnchorPoint="0.5" RAnchorOffset="220" BAnchorPoint="0.5" BAnchorOffset="50" BGColor="ffffffff" Font="CRB_HeaderMedium" TextColor="ff31fcf6" Text="" TextId="GuildBank_NotVisibleByRank" DT_CENTER="1" DT_VCENTER="1" DT_WORDBREAK="1" Line="0"/>
                    <Pixie LAnchorPoint="0.5" LAnchorOffset="-211" TAnchorPoint="0.5" TAnchorOffset="-30" RAnchorPoint="0.5" RAnchorOffset="-142" BAnchorPoint="0.5" BAnchorOffset="32" BGColor="ffffffff" Font="Default" TextColor="ffffffff" Text="" Sprite="ClientSprites:Icon_Windows_UI_CRB_Lock_Holo" Line="0"/>
                </Control>
            </Control>
        </Control>
        <Control Class="Window" LAnchorPoint="0" LAnchorOffset="0" TAnchorPoint="0" TAnchorOffset="0" RAnchorPoint="1" RAnchorOffset="0" BAnchorPoint="1" BAnchorOffset="0" RelativeToClient="1" Font="Default" Text="" Template="Metal_Primary_Nav" TooltipType="OnCursor" Name="BGFrame" BGColor="ffffffff" TextColor="ffffffff" TooltipColor="" Picture="0" IgnoreMouse="1" Sprite="" NewControlDepth="2" Border="1" UseTemplateBG="1"/>
        <Control Class="Window" LAnchorPoint="0" LAnchorOffset="27" TAnchorPoint="1" TAnchorOffset="-92" RAnchorPoint="1" RAnchorOffset="-26" BAnchorPoint="1" BAnchorOffset="-22" RelativeToClient="1" Font="Default" Text="" BGColor="UI_WindowBGDefault" TextColor="UI_WindowTextDefault" Template="Default" TooltipType="OnCursor" Name="MetalFooter" TooltipColor="" Picture="1" IgnoreMouse="1" Sprite="BK3:UI_BK3_Metal_Footer_Large" NewControlDepth="3"/>
        <Control Class="Window" LAnchorPoint=".5" LAnchorOffset="-300" TAnchorPoint="0" TAnchorOffset="25" RAnchorPoint=".5" RAnchorOffset="300" BAnchorPoint="0" BAnchorOffset="60" RelativeToClient="1" Font="CRB_HeaderMedium" Text="" Template="Default" Name="BGHeaderText" BGColor="ffffffff" TextColor="UI_WindowTitleYellow" TextId="GuildBank_Title" DT_CENTER="1" DT_VCENTER="1" TooltipColor="" Tooltip="" Picture="1" IgnoreMouse="1" Sprite="BK3:sprMetal_Framing_Header" NewControlDepth="1" NewWindowDepth="0" AutoScaleText="1"/>
        <Control Class="Window" LAnchorPoint="0" LAnchorOffset="26" TAnchorPoint="0" TAnchorOffset="51" RAnchorPoint="1" RAnchorOffset="14" BAnchorPoint="0" BAnchorOffset="127" RelativeToClient="1" Font="Default" Text="" Template="Default" TooltipType="OnCursor" Name="BGTabs" BGColor="ffffffff" TextColor="ffffffff" TooltipColor="" Sprite="" Picture="1" IgnoreMouse="1" NewControlDepth="1">
            <Control Class="Window" LAnchorPoint="0" LAnchorOffset="0" TAnchorPoint="0" TAnchorOffset="-3" RAnchorPoint="1" RAnchorOffset="-40" BAnchorPoint="1" BAnchorOffset="-3" RelativeToClient="1" Font="Default" Text="" Template="Default" TooltipType="OnCursor" Name="BGTabsContainer" BGColor="ffffffff" TextColor="ffffffff" TooltipColor="" Tooltip="">
                <Control Class="Button" Base="BK3:btnMetal_TabMainLeft" Font="CRB_ButtonHeader" ButtonType="Check" RadioGroup="" LAnchorPoint="0" LAnchorOffset="0" TAnchorPoint="0" TAnchorOffset="0" RAnchorPoint="0.5" RAnchorOffset="0" BAnchorPoint="1" BAnchorOffset="0" DT_VCENTER="1" DT_CENTER="1" TooltipType="OnCursor" Name="BankTabBtnVault" BGColor="ffffffff" TextColor="ffffffff" TooltipColor="" NormalTextColor="UI_BtnTextGoldListNormal" PressedTextColor="UI_BtnTextGoldListPressed" FlybyTextColor="UI_BtnTextGoldListFlyby" PressedFlybyTextColor="UI_BtnTextGoldListPressedFlyby" DisabledTextColor="UI_BtnTextGoldListDisabled" Text="" TextId="Bank_Header" GlobalRadioGroup="GuildBank_BigBankTab_RadioGroup" RelativeToClient="1" RadioDisallowNonSelection="1">
                    <Event Name="ButtonUncheck" Function="OnBankTabUncheck"/>
                    <Event Name="ButtonCheck" Function="OnBankTabBtnVault"/>
                </Control>
                <Control Class="Button" Base="BK3:btnMetal_TabMainRight" Font="CRB_ButtonHeader" ButtonType="Check" RadioGroup="" LAnchorPoint="0.5" LAnchorOffset="0" TAnchorPoint="0" TAnchorOffset="0" RAnchorPoint="1" RAnchorOffset="0" BAnchorPoint="1" BAnchorOffset="0" DT_VCENTER="1" DT_CENTER="1" TooltipType="OnCursor" Name="BankTabBtnPermissions" BGColor="ffffffff" TextColor="ffffffff" TooltipColor="" NormalTextColor="UI_BtnTextGoldListNormal" PressedTextColor="UI_BtnTextGoldListPressed" FlybyTextColor="UI_BtnTextGoldListFlyby" PressedFlybyTextColor="UI_BtnTextGoldListPressedFlyby" DisabledTextColor="UI_BtnTextGoldListDisabled" Text="" TextId="GuildBank_PermissionsTab" GlobalRadioGroup="GuildBank_BigBankTab_RadioGroup" RelativeToClient="1" RadioDisallowNonSelection="1" Visible="1" HideInEditor="0" Tooltip="">
                    <Event Name="ButtonUncheck" Function="OnBankTabUncheck"/>
                    <Event Name="ButtonCheck" Function="OnBankTabBtnPermissions"/>
                </Control>
            </Control>
        </Control>
        <Control Class="Button" Base="CRB_Basekit:kitBtn_Close" Font="Thick" ButtonType="PushButton" RadioGroup="" LAnchorPoint="1" LAnchorOffset="-52" TAnchorPoint="0" TAnchorOffset="24" RAnchorPoint="1" RAnchorOffset="-25" BAnchorPoint="0" BAnchorOffset="53" DT_VCENTER="1" DT_CENTER="1" TooltipType="OnCursor" Name="CloseBtn" BGColor="ffffffff" TextColor="ffffffff" TooltipColor="" NormalTextColor="ffffffff" PressedTextColor="ffffffff" FlybyTextColor="ffffffff" PressedFlybyTextColor="ffffffff" DisabledTextColor="ffffffff">
            <Event Name="ButtonSignal" Function="CloseBank"/>
        </Control>
        <Event Name="WindowClosed" Function="CloseBank"/>
        <Control Class="BagWindow" LAnchorPoint="0" LAnchorOffset="0" TAnchorPoint="0" TAnchorOffset="0" RAnchorPoint="0" RAnchorOffset="0" BAnchorPoint="0" BAnchorOffset="0" RelativeToClient="1" Sprite="" SquareSize="50" BoxesPerRow="5" Template="CRB_Normal" TooltipType="OnCursor" SwallowMouseClicks="1" NewQuestOverlaySprite="" Name="HiddenBagWindow" BGColor="ffffffff" TextColor="ffffffff" TooltipColor="" Visible="0" Tooltip=""/>
        <Control Class="Window" LAnchorPoint=".5" LAnchorOffset="-155" TAnchorPoint="0" TAnchorOffset="575" RAnchorPoint=".5" RAnchorOffset="156" BAnchorPoint="1" BAnchorOffset="-30" RelativeToClient="1" Font="Default" Text="" Template="Default" TooltipType="OnCursor" Name="CashScreenMain" BGColor="ffffffff" TextColor="ffffffff" TooltipColor="" Sprite="" Picture="1" IgnoreMouse="1" NewControlDepth="3" Visible="1" HideInEditor="0" TransitionShowHide="1" Tooltip="">
            <Control Class="Window" LAnchorPoint="0" LAnchorOffset="0" TAnchorPoint="0" TAnchorOffset="2" RAnchorPoint="1" RAnchorOffset="0" BAnchorPoint="1" BAnchorOffset="-1" RelativeToClient="1" Font="Default" Text="" Template="Default" TooltipType="OnCursor" Name="GuildCashMiddleBG" BGColor="ffffffff" TextColor="ffffffff" TooltipColor="" Sprite="BK3:UI_BK3_Metal_Inset_SharpCorner" Picture="1" IgnoreMouse="1" NewControlDepth="1">
                <Control Class="CashWindow" LAnchorPoint="0" LAnchorOffset="154" TAnchorPoint="0" TAnchorOffset="15" RAnchorPoint="1" RAnchorOffset="-8" BAnchorPoint="0" BAnchorOffset="35" TooltipType="OnCursor" RelativeToClient="1" Font="CRB_InterfaceSmall" Text="" Template="Default" BGColor="ffffffff" TextColor="ffffffff" DT_RIGHT="1" Name="GuildWarCoinsAmount" TooltipColor="" TooltipFont="CRB_InterfaceSmall_O" IgnoreMouse="1" Visible="0" HideInEditor="0"/>
                <Pixie LAnchorPoint="0" LAnchorOffset="15" TAnchorPoint="0" TAnchorOffset="-1" RAnchorPoint="1" RAnchorOffset="0" BAnchorPoint="1" BAnchorOffset="0" BGColor="ffffffff" Font="CRB_InterfaceMedium_B" TextColor="UI_TextMetalBodyHighlight" Text="" TextId="Warparty_Treasury" DT_CENTER="0" DT_RIGHT="0" DT_VCENTER="1" Line="0"/>
            </Control>
        </Control>
    </Form>
    <Form Class="Window" LAnchorPoint="0" LAnchorOffset="0" TAnchorPoint="0" TAnchorOffset="0" RAnchorPoint="0" RAnchorOffset="50" BAnchorPoint="0" BAnchorOffset="50" RelativeToClient="1" Font="Default" Text="" Template="Default" TooltipType="OnCursor" Name="BankItem" BGColor="ffffffff" TextColor="ffffffff" TooltipColor="" Sprite="BK3:UI_BK3_Holo_InsetSimple" Picture="1" IgnoreMouse="1" HideInEditor="0" Tooltip="">
        <Control Class="Window" LAnchorPoint="0" LAnchorOffset="6" TAnchorPoint="0" TAnchorOffset="6" RAnchorPoint="1" RAnchorOffset="-6" BAnchorPoint="1" BAnchorOffset="-5" RelativeToClient="1" Font="CRB_InterfaceSmall_O" Text="" Template="Default" TooltipType="OnCursor" Name="BankItemIcon" BGColor="ffffffff" TextColor="ffffffff" TooltipColor="" Sprite="" Picture="1" IgnoreMouse="0" DT_RIGHT="1" DT_BOTTOM="1" Tooltip="">
            <Event Name="QueryDragDrop" Function="OnBankItemQueryDragDrop"/>
            <Event Name="DragDrop" Function="OnBankItemEndDragDrop"/>
            <Event Name="QueryBeginDragDrop" Function="OnBankItemBeginDragDrop"/>
            <Event Name="MouseButtonDown" Function="OnBankItemBeginDragDrop"/>
            <Event Name="DragDropCancel" Function="OnBankItemDragDropCancel"/>
            <Event Name="DragDropEnd" Function="OnBankItemDragDropEnd"/>
        </Control>
    </Form>
    <Form Class="Window" LAnchorPoint="0" LAnchorOffset="0" TAnchorPoint="0" TAnchorOffset="0" RAnchorPoint="0" RAnchorOffset="298" BAnchorPoint="0" BAnchorOffset="47" RelativeToClient="1" Font="CRB_InterfaceSmall_O" Text="" Template="Default" TooltipType="OnCursor" Name="PermissionsGridRow" BGColor="ffffffff" TextColor="ff2f94ac" TooltipColor="" Sprite="" Picture="1" IgnoreMouse="1" DT_VCENTER="1" TextId="" Tooltip="">
        <Control Class="Window" LAnchorPoint="0" LAnchorOffset="16" TAnchorPoint="0" TAnchorOffset="-2" RAnchorPoint="1" RAnchorOffset="-170" BAnchorPoint="1" BAnchorOffset="-4" RelativeToClient="1" Font="CRB_InterfaceSmall" Text="" Template="Default" TooltipType="OnCursor" Name="PermissionsGridRowText" BGColor="ffffffff" TextColor="ffffffff" TooltipColor="" DT_VCENTER="1" TextId="GuildBank_BankTab" DT_RIGHT="1" DT_WORDBREAK="1" Picture="0" IgnoreMouse="1" Sprite=""/>
        <Control Class="Window" LAnchorPoint=".5" LAnchorOffset="0" TAnchorPoint="0" TAnchorOffset="0" RAnchorPoint="1" RAnchorOffset="0" BAnchorPoint="1" BAnchorOffset="-4" RelativeToClient="1" Font="Default" Text="" Template="Default" TooltipType="OnCursor" Name="PermissionsGridRowBG" BGColor="ffffffff" TextColor="ffffffff" TooltipColor="" Sprite="CRB_Basekit:kitInnerFrame_Holo_SimpleInset" Picture="1" IgnoreMouse="1" Tooltip="">
            <Control Class="Button" Base="BK3:btnHolo_Check" Font="Thick" ButtonType="PushButton" RadioGroup="" LAnchorPoint="0" LAnchorOffset="12" TAnchorPoint="0" TAnchorOffset="8" RAnchorPoint="0" RAnchorOffset="47" BAnchorPoint="1" BAnchorOffset="0" DT_VCENTER="1" DT_CENTER="1" TooltipType="OnCursor" Name="PermissionGridBtnVisible" BGColor="ffffffff" TextColor="ffffffff" TooltipColor="" NormalTextColor="ffffffff" PressedTextColor="ffffffff" FlybyTextColor="ffffffff" PressedFlybyTextColor="ffffffff" DisabledTextColor="ffffffff" Text="" RelativeToClient="1" TooltipFont="CRB_InterfaceSmall_O" Tooltip="" TooltipId="GuildBank_ToggleVisibility">
                <Event Name="ButtonSignal" Function="OnPermissionGridBtnVisibleDeposit"/>
            </Control>
            <Control Class="Button" Base="BK3:btnHolo_Check" Font="Thick" ButtonType="PushButton" RadioGroup="" LAnchorPoint="0.5" LAnchorOffset="-13" TAnchorPoint="0" TAnchorOffset="8" RAnchorPoint="0.5" RAnchorOffset="22" BAnchorPoint="1" BAnchorOffset="0" DT_VCENTER="1" DT_CENTER="1" TooltipType="OnCursor" Name="PermissionGridBtnDeposit" BGColor="ffffffff" TextColor="ffffffff" TooltipColor="" NormalTextColor="ffffffff" PressedTextColor="ffffffff" FlybyTextColor="ffffffff" PressedFlybyTextColor="ffffffff" DisabledTextColor="ffffffff" Text="" RelativeToClient="1" Tooltip="" TooltipFont="CRB_InterfaceSmall_O" TooltipId="GuildBank_ToggleDeposit">
                <Event Name="ButtonSignal" Function="OnPermissionGridBtnVisibleDeposit"/>
            </Control>
            <Control Class="Button" Base="BK3:btnHolo_Check" Font="Thick" ButtonType="PushButton" RadioGroup="" LAnchorPoint="1" LAnchorOffset="-39" TAnchorPoint="0" TAnchorOffset="8" RAnchorPoint="1" RAnchorOffset="-4" BAnchorPoint="1" BAnchorOffset="0" DT_VCENTER="1" DT_CENTER="1" TooltipType="OnCursor" Name="PermissionGridBtnUse" BGColor="ffffffff" TextColor="ffffffff" TooltipColor="" NormalTextColor="ffffffff" PressedTextColor="ffffffff" FlybyTextColor="ffffffff" PressedFlybyTextColor="ffffffff" DisabledTextColor="ffffffff" Text="" RelativeToClient="1" TooltipFont="CRB_InterfaceSmall_O" Tooltip="" TooltipId="WarpartyBank_ToggleUse" Visible="1">
                <Event Name="ButtonSignal" Function="OnPermissionGridBtnUse"/>
            </Control>
            <Control Class="Window" LAnchorPoint="0" LAnchorOffset="14" TAnchorPoint="0" TAnchorOffset="12" RAnchorPoint="0" RAnchorOffset="35" BAnchorPoint="1" BAnchorOffset="-12" RelativeToClient="1" Font="Default" Text="" Template="Default" TooltipType="OnCursor" Name="PermissionGridIconVisible" BGColor="9dffffff" TextColor="ffffffff" TooltipColor="" Sprite="ClientSprites:Icon_Windows_UI_CRB_Checkmark" Picture="1" IgnoreMouse="1" NewControlDepth="1"/>
            <Control Class="Window" LAnchorPoint="0.5" LAnchorOffset="-11" TAnchorPoint="0" TAnchorOffset="12" RAnchorPoint="0.5" RAnchorOffset="10" BAnchorPoint="1" BAnchorOffset="-12" RelativeToClient="1" Font="Default" Text="" Template="Default" TooltipType="OnCursor" Name="PermissionGridIconDeposit" BGColor="9dffffff" TextColor="ffffffff" TooltipColor="" Sprite="ClientSprites:Icon_Windows_UI_CRB_Checkmark" Picture="1" IgnoreMouse="1" NewControlDepth="1"/>
            <Control Class="Window" LAnchorPoint="1" LAnchorOffset="-37" TAnchorPoint="0" TAnchorOffset="12" RAnchorPoint="1" RAnchorOffset="-16" BAnchorPoint="1" BAnchorOffset="-12" RelativeToClient="1" Font="Default" Text="" Template="Default" TooltipType="OnCursor" Name="PermissionGridIconUse" BGColor="9dffffff" TextColor="ffffffff" TooltipColor="" Sprite="ClientSprites:Icon_Windows_UI_CRB_Checkmark" Picture="1" IgnoreMouse="1" NewControlDepth="1"/>
        </Control>
    </Form>
</Forms>
