<Forms>
    <Form Class="Window" LAnchorPoint=".5" LAnchorOffset="-185" TAnchorPoint=".5" TAnchorOffset="-272" RAnchorPoint=".5" RAnchorOffset="185" BAnchorPoint=".5" BAnchorOffset="-17" RelativeToClient="1" Font="Default" Text="" Template="Default" Name="ChallengeRewardPanelForm" Border="0" Picture="0" SwallowMouseClicks="1" Moveable="1" Escapable="1" Overlapped="1" BGColor="white" TextColor="white" TextId="" TooltipColor="" Tooltip="">
        <Control Class="Window" LAnchorPoint="0" LAnchorOffset="-40" TAnchorPoint="0" TAnchorOffset="-40" RAnchorPoint="1" RAnchorOffset="40" BAnchorPoint="1" BAnchorOffset="40" RelativeToClient="1" Font="Default" Text="" BGColor="UI_WindowBGDefault" TextColor="UI_WindowTextDefault" Template="Default" TooltipType="OnCursor" Name="HoloFrame" TooltipColor="" Sprite="BK3:UI_BK3_Holo_Framing_1" Border="0" IgnoreMouse="1" Picture="1" NoClip="1"/>
        <Control Class="Window" LAnchorPoint="0" LAnchorOffset="0" TAnchorPoint="0" TAnchorOffset="0" RAnchorPoint="1" RAnchorOffset="0" BAnchorPoint="1" BAnchorOffset="0" RelativeToClient="1" Font="Default" Text="" Template="Default" Name="BGArt" BGColor="white" TextColor="white" TextId="" Picture="0" IgnoreMouse="1" Sprite="CRB_UIKitSprites:btn_listBGFlyby" TooltipColor="">
            <Event Name="MouseButtonDown" Function="OnClick"/>
            <Event Name="MouseButtonUp" Function="OnClick"/>
            <Pixie LAnchorPoint="0" LAnchorOffset="17" TAnchorPoint="1" TAnchorOffset="-144" RAnchorPoint="1" RAnchorOffset="-17" BAnchorPoint="1" BAnchorOffset="-17" BGColor="white" Font="Default" TextColor="white" Text="" Sprite="BK3:UI_BK3_Holo_InsetSimple" Line="0"/>
        </Control>
        <Control Class="Window" LAnchorPoint="0" LAnchorOffset="23" TAnchorPoint="1" TAnchorOffset="-113" RAnchorPoint="1" RAnchorOffset="-23" BAnchorPoint="1" BAnchorOffset="-23" RelativeToClient="0" Font="Default" Text="" Template="CRB_Normal" Name="ItemList" BGColor="white" TextColor="white" VScroll="0" UseTemplateBG="0" Border="0" NewControlDepth="2" TextId="" IgnoreMouse="1" Picture="0" Sprite="WhiteFill" HideInEditor="0" TooltipColor="" NoClip="1"/>
        <Control Class="Button" Base="BK3:btnHolo_Close" Font="Thick" ButtonType="PushButton" RadioGroup="" LAnchorPoint="1" LAnchorOffset="-43" TAnchorPoint="0" TAnchorOffset="-2" RAnchorPoint="1" RAnchorOffset="-1" BAnchorPoint="0" BAnchorOffset="43" DT_VCENTER="1" DT_CENTER="1" Name="CloseButton" BGColor="white" TextColor="white" NewControlDepth="6" WindowSoundTemplate="CloseWindowPhys" Text="" TextId="" NormalTextColor="white" PressedTextColor="white" FlybyTextColor="white" PressedFlybyTextColor="white" DisabledTextColor="white" NoClip="1" TestAlpha="1" TooltipColor="">
            <Event Name="ButtonSignal" Function="OnCancel"/>
        </Control>
        <Control Class="Window" LAnchorPoint="0" LAnchorOffset="40" TAnchorPoint="0" TAnchorOffset="15" RAnchorPoint="1" RAnchorOffset="-40" BAnchorPoint="1" BAnchorOffset="-147" RelativeToClient="1" Font="CRB_HeaderMedium" Text="" Template="Default" Name="BodyText" BGColor="white" TextColor="UI_TextHoloTitle" TextId="CRB_Challenge_Reward_Title" DT_VCENTER="1" DT_CENTER="1" DT_WORDBREAK="1" HideInEditor="0" TooltipColor=""/>
        <Control Class="Window" LAnchorPoint="0" LAnchorOffset="17" TAnchorPoint="1" TAnchorOffset="-140" RAnchorPoint="1" RAnchorOffset="-17" BAnchorPoint="1" BAnchorOffset="-107" RelativeToClient="0" Font="Default" Text="" Template="CRB_Normal" Name="RarityList" BGColor="white" TextColor="white" VScroll="0" UseTemplateBG="0" Border="0" NewControlDepth="2" TextId="" IgnoreMouse="1" Picture="0" Sprite="WhiteFill" HideInEditor="0" TooltipColor="" NoClip="1"/>
    </Form>
    <Form Class="Window" LAnchorPoint="0" LAnchorOffset="0" TAnchorPoint="0" TAnchorOffset="0" RAnchorPoint="0" RAnchorOffset="72" BAnchorPoint="0" BAnchorOffset="90" RelativeToClient="0" Font="Default" Text="" Template="CRB_InnerWindow" Name="ChallengeItem" Border="0" Picture="0" SwallowMouseClicks="1" Moveable="0" Escapable="0" Overlapped="0" BGColor="white" TextColor="white" TextId="" HScroll="0" UseTemplateBG="0" TooltipColor="" IgnoreMouse="1">
        <Control Class="Button" Base="CRB_Basekit:kitBtn_Holo" Font="Thick" ButtonType="Check" RadioGroup="" LAnchorPoint="0" LAnchorOffset="2" TAnchorPoint="0" TAnchorOffset="0" RAnchorPoint="1" RAnchorOffset="-2" BAnchorPoint="1" BAnchorOffset="0" DT_VCENTER="1" DT_CENTER="1" Name="ChallengeItemBtn" BGColor="white" TextColor="white" NormalTextColor="white" PressedTextColor="white" FlybyTextColor="UI_BtnTextHoloFlyby" PressedFlybyTextColor="white" DisabledTextColor="UI_BtnTextHoloDisabled" NewWindowDepth="0" NoClip="0" HideInEditor="0" IgnoreMouse="0" RadioDisallowNonSelection="1" TooltipColor="">
            <Event Name="ButtonCheck" Function="OnChallengeItemBtn"/>
            <Event Name="MouseEnter" Function="OnChallengeItemEnter"/>
            <Event Name="MouseExit" Function="OnChallengeItemExit"/>
        </Control>
        <Control Class="Window" LAnchorPoint="0" LAnchorOffset="9" TAnchorPoint="0" TAnchorOffset="9" RAnchorPoint="0" RAnchorOffset="59" BAnchorPoint="1" BAnchorOffset="-33" RelativeToClient="1" Font="Default" Text="" Template="Default" Name="Backer" BGColor="white" TextColor="white" Picture="1" IgnoreMouse="1" Sprite="CRB_Basekit:kitBase_HoloBlue_InsetFramed_Small" Visible="0" HideInEditor="1" NewWindowDepth="1" TooltipColor=""/>
        <Control Name="LootIcon" Class="IconButton" ContentType="RewardChoice" ContentId="1" Base="Button_ActionBarBlank" Visible="1" LAnchorPoint="0" LAnchorOffset="14" TAnchorPoint="0" TAnchorOffset="12" RAnchorPoint="0" RAnchorOffset="56" BAnchorPoint="0" BAnchorOffset="54" BGColor="white" TextColor="white" Sprite="" RelativeToClient="1" NewWindowDepth="1" IgnoreMouse="1" Text="" Picture="0" IgnoreTooltipDelay="1" TooltipType="OnCursor" TooltipColor="">
            <Event Name="GenerateTooltip" Function="OnGenerateTooltip"/>
        </Control>
        <Control Class="Window" LAnchorPoint="0" LAnchorOffset="12" TAnchorPoint="1" TAnchorOffset="-33" RAnchorPoint="0" RAnchorOffset="61" BAnchorPoint="1" BAnchorOffset="-10" RelativeToClient="1" Font="CRB_HeaderLarge" Text="2x" Template="Default" Name="2xMarker" BGColor="UI_WindowTitleGray" TextColor="UI_BtnTextRedNormal" TextId="" DT_VCENTER="1" DT_CENTER="1" Visible="1" HideInEditor="0" IgnoreMouse="1" NoClip="0" NewWindowDepth="1" TooltipColor=""/>
        <Control Class="Window" LAnchorPoint="0" LAnchorOffset="-8" TAnchorPoint="0" TAnchorOffset="-11" RAnchorPoint="1" RAnchorOffset="8" BAnchorPoint="1" BAnchorOffset="11" RelativeToClient="1" Font="Default" Text="" Template="Default" Name="ItemFlash" BGColor="white" TextColor="white" Picture="1" IgnoreMouse="1" Sprite="" NoClip="1" NewWindowDepth="1" TooltipColor="" HideInEditor="0"/>
        <Control Class="Window" LAnchorPoint="0" LAnchorOffset="14" TAnchorPoint="0" TAnchorOffset="12" RAnchorPoint="0" RAnchorOffset="56" BAnchorPoint="0" BAnchorOffset="54" RelativeToClient="1" Font="Default" Text="" Template="Default" Name="LootIconBlocker" BGColor="white" TextColor="white" Picture="1" IgnoreMouse="0" Sprite="BlackFill" NewWindowDepth="1" NewControlDepth="15" TooltipColor="">
            <Event Name="MouseButtonUp" Function="OnIconBlockerClick"/>
        </Control>
    </Form>
    <Form Class="Window" LAnchorPoint="0" LAnchorOffset="-2" TAnchorPoint="0" TAnchorOffset="0" RAnchorPoint="0" RAnchorOffset="74" BAnchorPoint="0" BAnchorOffset="20" RelativeToClient="0" Font="Default" Text="" Template="Default" TooltipType="OnCursor" Name="TierLabelItem" Border="0" Picture="0" SwallowMouseClicks="1" Moveable="0" Escapable="0" Overlapped="0" BGColor="white" TextColor="white" TooltipColor="white" NoClip="1" Tooltip="" IgnoreTooltipDelay="1" TooltipFont="CRB_InterfaceMedium">
        <Control Class="Window" LAnchorPoint="0" LAnchorOffset="0" TAnchorPoint="0" TAnchorOffset="0" RAnchorPoint="1" RAnchorOffset="0" BAnchorPoint="1" BAnchorOffset="-1" RelativeToClient="1" Font="CRB_InterfaceMedium_B" Text="" Template="Default" TooltipType="OnCursor" Name="TierWndLabel" BGColor="white" TextColor="UI_TextHoloBodyHighlight" TooltipColor="" DT_VCENTER="1" DT_CENTER="1" TextId="CRB_1"/>
        <Pixie LAnchorPoint="0" LAnchorOffset="-5" TAnchorPoint="0" TAnchorOffset="-2" RAnchorPoint="1" RAnchorOffset="-2" BAnchorPoint="1" BAnchorOffset="5" BGColor="white" Font="Default" TextColor="white" Text="" Sprite="CRB_NumberFloaters:sprFloater_BackerNormal" Line="0"/>
    </Form>
    <Form Class="Window" LAnchorPoint="0" LAnchorOffset="0" TAnchorPoint="0" TAnchorOffset="0" RAnchorPoint="0" RAnchorOffset="8" BAnchorPoint="1" BAnchorOffset="0" RelativeToClient="0" Font="Default" Text="" Template="Default" TooltipType="OnCursor" Name="TierDividerItem" Border="0" Picture="0" SwallowMouseClicks="1" Moveable="0" Escapable="0" Overlapped="0" BGColor="white" TextColor="white" TooltipColor=""/>
</Forms>
