<Forms>
    <Form Class="Window" LAnchorPoint="1" LAnchorOffset="-413" TAnchorPoint="0" TAnchorOffset="208" RAnchorPoint="1" RAnchorOffset="2" BAnchorPoint="0" BAnchorOffset="366" RelativeToClient="1" Font="Default" Text="" Template="" Name="ChallengeTracker" SwallowMouseClicks="1" TextId="" IgnoreTooltipDelay="1" BottomEdgeControlsAnchor="ChallengeTracker_Bottom" LeftEdgeControlsAnchor="ChallengeTracker_Left" TopEdgeControlsAnchor="ChallengeTracker_Top" IgnoreMouse="1" Moveable="1" Overlapped="1" RightEdgeControlsAnchor="ChallengeTracker_Right" BGColor="white" TextColor="white" TestAlpha="1" Visible="0" TransitionShowHide="1" TooltipColor="" Tooltip="">
        <Control Class="Window" LAnchorPoint="0" LAnchorOffset="105" TAnchorPoint="0" TAnchorOffset="24" RAnchorPoint="1" RAnchorOffset="0" BAnchorPoint="0" BAnchorOffset="126" RelativeToClient="1" Font="Default" Text="" Template="Default" Name="TrackerBG" Picture="1" IgnoreMouse="1" Sprite="CRB_ChallengeTrackerSprites:sprChallengeFrame" BGColor="white" TextColor="white" TooltipColor="" Tooltip=""/>
        <Control Class="Button" Base="PlayerPathContent_TEMP:btn_Challenge_Minimize" Font="Thick" ButtonType="PushButton" RadioGroup="" LAnchorPoint="1" LAnchorOffset="-40" TAnchorPoint="0" TAnchorOffset="12" RAnchorPoint="1" RAnchorOffset="0" BAnchorPoint="0" BAnchorOffset="140" Name="TrackerMinimizeButton" BGColor="white" TextColor="white" NormalTextColor="white" PressedTextColor="white" FlybyTextColor="white" PressedFlybyTextColor="white" DisabledTextColor="white" Template="Default" RelativeToClient="1" TooltipColor="" HideInEditor="1" Visible="0">
            <Event Name="ButtonSignal" Function="OnTrackerMinimizeButton"/>
        </Control>
        <Control Class="Window" LAnchorPoint="0" LAnchorOffset="0" TAnchorPoint="0" TAnchorOffset="24" RAnchorPoint="1" RAnchorOffset="0" BAnchorPoint="1" BAnchorOffset="-32" RelativeToClient="1" Font="Default" Text="" Template="CRB_NormalFramedThin" Name="BigDisplay" IgnoreMouse="1" Sprite="" TransitionShowHide="1" BGColor="white" TextColor="white" TooltipColor="">
            <Control Class="Window" LAnchorPoint="0" LAnchorOffset="0" TAnchorPoint="0" TAnchorOffset="14" RAnchorPoint="0" RAnchorOffset="127" BAnchorPoint="0" BAnchorOffset="52" RelativeToClient="1" Font="Default" Text="" Template="Default" Name="TrackerOutcroppingArt" Picture="1" IgnoreMouse="1" Sprite="CRB_ChallengeTrackerSprites:sprChallengeFrameOutcropping" BGColor="white" TextColor="white" Tooltip="" TooltipColor="">
                <Control Class="MLWindow" Name="TrackerBigCountdown" LAnchorPoint="0" LAnchorOffset="25" TAnchorPoint="0" TAnchorOffset="3" RAnchorPoint="1" RAnchorOffset="0" BAnchorPoint="1" BAnchorOffset="0" RelativeToClient="1" Font="CRB_HeaderGigantic_O" IgnoreMouse="1" NoClip="1" TooltipType="OnCursor" BGColor="white" TextColor="white" TooltipColor=""/>
            </Control>
            <Control Class="Window" LAnchorPoint="0" LAnchorOffset="77" TAnchorPoint="0" TAnchorOffset="73" RAnchorPoint="0" RAnchorOffset="132" BAnchorPoint="0" BAnchorOffset="100" RelativeToClient="1" Font="Default" Text="" Template="Default" Name="TrackerSkillContainer" BGColor="white" TextColor="white" Sprite="CRB_ChallengeTrackerSprites:sprChallengeFrameOutcroppingB" Picture="1" IgnoreMouse="1" Visible="0" HideInEditor="1" TooltipColor="">
                <Control Name="AbilityChallengeSkill" Class="ActionBarButton" ContentType="TSMBar" ContentId="0" Base="Button_ActionBarBlank" LAnchorPoint="0" LAnchorOffset="19" TAnchorPoint="0" TAnchorOffset="4" RAnchorPoint="0" RAnchorOffset="39" BAnchorPoint="0" BAnchorOffset="24" Visible="1" RelativeToClient="1" WindowSoundTemplate="ActionBarButton" BGColor="white" TextColor="white" Sprite="" Picture="0" TooltipColor=""/>
            </Control>
            <Control Class="Window" LAnchorPoint="0" LAnchorOffset="47" TAnchorPoint="0" TAnchorOffset="50" RAnchorPoint="0" RAnchorOffset="119" BAnchorPoint="0" BAnchorOffset="78" RelativeToClient="1" Name="TrackerProgressContainer" IgnoreMouse="1" BGColor="white" TextColor="white" Sprite="CRB_ChallengeTrackerSprites:sprChallengeFrameOutcroppingB" Picture="1" HideInEditor="1" TooltipColor="">
                <Control Class="MLWindow" LAnchorPoint="0" LAnchorOffset="10" TAnchorPoint="0" TAnchorOffset="5" RAnchorPoint="1" RAnchorOffset="-10" BAnchorPoint="0" BAnchorOffset="25" RelativeToClient="1" Font="CRB_InterfaceMedium_B" Text="" Template="Default" TooltipType="OnCursor" Name="TrackerProgressText" BGColor="white" TextColor="white" TooltipColor="" TextId="" DT_CENTER="1" Tooltip=""/>
            </Control>
            <Control Class="Window" LAnchorPoint="0" LAnchorOffset="0" TAnchorPoint="0" TAnchorOffset="50" RAnchorPoint="0" RAnchorOffset="135" BAnchorPoint="0" BAnchorOffset="101" RelativeToClient="1" Font="Default" Text="" Template="" Name="TrackerTierIconContainer" IgnoreMouse="1" Visible="0" BGColor="white" TextColor="white" Sprite="" Picture="1" HideInEditor="0" TooltipColor="" Tooltip="">
                <Control Class="Window" LAnchorPoint="0" LAnchorOffset="0" TAnchorPoint="0" TAnchorOffset="0" RAnchorPoint="1" RAnchorOffset="-59" BAnchorPoint="0" BAnchorOffset="28" RelativeToClient="1" Font="Default" Text="" Template="Default" Name="TierCurrentProgressContainer" BGColor="white" TextColor="white" Sprite="sprChallengeFrameOutcroppingB" Picture="1" IgnoreMouse="1" NoClip="1" HideInEditor="0" TooltipColor="">
                    <Control Class="MLWindow" LAnchorPoint="0" LAnchorOffset="10" TAnchorPoint="0" TAnchorOffset="5" RAnchorPoint="0" RAnchorOffset="60" BAnchorPoint="0" BAnchorOffset="24" RelativeToClient="1" Font="CRB_InterfaceMedium_B" Text="" Template="Default" Name="TierCurrentProgressText" BGColor="white" TextColor="UI_TextHoloBodyHighlight" TextId="" Tooltip="" DT_CENTER="1" TooltipColor=""/>
                </Control>
                <Control Class="Window" LAnchorPoint="0" LAnchorOffset="30" TAnchorPoint="0" TAnchorOffset="24" RAnchorPoint="0" RAnchorOffset="83" BAnchorPoint="1" BAnchorOffset="0" RelativeToClient="1" Font="Default" Text="" Template="Default" Name="TierSkillContainer" BGColor="white" TextColor="white" Sprite="CRB_ChallengeTrackerSprites:sprChallengeFrameOutcroppingB" Picture="1" IgnoreMouse="1" Visible="1" HideInEditor="0" TooltipColor="">
                    <Control Name="TierAbilityChallengeSkill" Class="ActionBarButton" ContentType="TSMBar" ContentId="0" Base="Button_ActionBarBlank" LAnchorPoint="0" LAnchorOffset="21" TAnchorPoint="0" TAnchorOffset="5" RAnchorPoint="0" RAnchorOffset="37" BAnchorPoint="0" BAnchorOffset="21" Visible="1" RelativeToClient="1" WindowSoundTemplate="ActionBarButton" BGColor="white" TextColor="white" Sprite="" Picture="1" TooltipColor="" Text=""/>
                </Control>
                <Control Class="Window" LAnchorPoint="0" LAnchorOffset="51" TAnchorPoint="0" TAnchorOffset="0" RAnchorPoint="1" RAnchorOffset="0" BAnchorPoint="1" BAnchorOffset="0" RelativeToClient="1" Font="Default" Text="" Template="Default" TooltipType="OnCursor" Name="TierMedalBG" BGColor="white" TextColor="white" TooltipColor="" Sprite="sprChallengeFrameOutcroppingBCrop" Picture="1" IgnoreMouse="1"/>
                <Control Class="Window" LAnchorPoint="0" LAnchorOffset="12" TAnchorPoint="0" TAnchorOffset="0" RAnchorPoint="1" RAnchorOffset="0" BAnchorPoint="0" BAnchorOffset="19" RelativeToClient="1" Font="Default" Text="" Template="Default" Name="TrackerBronzeContainer" BGColor="white" TextColor="white" Sprite="" Picture="1" IgnoreMouse="1" TooltipColor="">
                    <Control Class="Window" LAnchorPoint="0" LAnchorOffset="79" TAnchorPoint="0" TAnchorOffset="4" RAnchorPoint="0" RAnchorOffset="93" BAnchorPoint="0" BAnchorOffset="16" RelativeToClient="1" Template="Default" Name="TrackerBronze" Picture="0" IgnoreMouse="1" Sprite="" BGColor="white" TextColor="white" TooltipColor="">
                        <Control Class="Window" LAnchorPoint="0" LAnchorOffset="-5" TAnchorPoint="0" TAnchorOffset="-6" RAnchorPoint="1" RAnchorOffset="5" BAnchorPoint="1" BAnchorOffset="6" RelativeToClient="1" Font="Default" Text="" Template="Default" Name="TrackerBronzeBG" BGColor="white" TextColor="white" Sprite="CRB_ChallengeTrackerSprites:btnChallengeTierBackerNormal" Picture="1" IgnoreMouse="1" NoClip="1" TooltipColor=""/>
                        <Control Class="Window" LAnchorPoint="0" LAnchorOffset="0" TAnchorPoint="0" TAnchorOffset="0" RAnchorPoint="1" RAnchorOffset="-2" BAnchorPoint="1" BAnchorOffset="0" RelativeToClient="1" Font="Default" Text="" Template="Default" Name="TrackerBronzeIcon" Sprite="CRB_ChallengeTrackerSprites:sprChallengeTierBronze" Picture="1" IgnoreMouse="1" BGColor="white" TextColor="white" TooltipColor=""/>
                        <Control Class="Window" LAnchorPoint="0" LAnchorOffset="0" TAnchorPoint="0" TAnchorOffset="0" RAnchorPoint="1" RAnchorOffset="-2" BAnchorPoint="1" BAnchorOffset="0" RelativeToClient="1" Template="Default" Name="TrackerBronzeCheckIcon" Picture="1" IgnoreMouse="1" Sprite="CRB_ChallengeTrackerSprites:sprChallengeTierComplete" HideInEditor="1" BGColor="white" TextColor="white" TooltipColor=""/>
                    </Control>
                    <Control Class="Window" LAnchorPoint="0" LAnchorOffset="47" TAnchorPoint="0" TAnchorOffset="0" RAnchorPoint="0" RAnchorOffset="81" BAnchorPoint="1" BAnchorOffset="0" RelativeToClient="1" Font="CRB_InterfaceSmall_O" Text="" Template="Default" Name="TrackerBronzeTotalText" BGColor="white" TextColor="UI_TextHoloBody" TextId="" DT_RIGHT="0" DT_VCENTER="1" Tooltip="" DT_CENTER="1" TooltipColor=""/>
                </Control>
                <Control Class="Window" LAnchorPoint="0" LAnchorOffset="19" TAnchorPoint="0" TAnchorOffset="15" RAnchorPoint="1" RAnchorOffset="0" BAnchorPoint="0" BAnchorOffset="34" RelativeToClient="1" Font="Default" Text="" Template="Default" Name="TrackerSilverContainer" BGColor="white" TextColor="white" Sprite="" Picture="1" IgnoreMouse="1" TooltipColor="">
                    <Control Class="Window" LAnchorPoint="0" LAnchorOffset="79" TAnchorPoint="0" TAnchorOffset="4" RAnchorPoint="0" RAnchorOffset="93" BAnchorPoint="0" BAnchorOffset="16" RelativeToClient="1" Font="Default" Text="" Template="Default" Name="TrackerSilver" Picture="0" IgnoreMouse="1" Sprite="" LeftEdgeControlsAnchor="" RightEdgeControlsAnchor="" BGColor="white" TextColor="white" TooltipColor="">
                        <Control Class="Window" LAnchorPoint="0" LAnchorOffset="-5" TAnchorPoint="0" TAnchorOffset="-6" RAnchorPoint="1" RAnchorOffset="5" BAnchorPoint="1" BAnchorOffset="6" RelativeToClient="1" Font="Default" Text="" Template="Default" Name="TrackerSilverBG" BGColor="white" TextColor="white" Sprite="CRB_ChallengeTrackerSprites:btnChallengeTierBackerNormal" Picture="1" IgnoreMouse="1" NoClip="1" TooltipColor=""/>
                        <Control Class="Window" LAnchorPoint="0" LAnchorOffset="0" TAnchorPoint="0" TAnchorOffset="0" RAnchorPoint="1" RAnchorOffset="-2" BAnchorPoint="1" BAnchorOffset="0" RelativeToClient="1" Font="Default" Text="" Template="Default" Name="TrackerSilverIcon" Sprite="CRB_ChallengeTrackerSprites:sprChallengeTierSilver" Picture="1" IgnoreMouse="1" BGColor="white" TextColor="white" TooltipColor=""/>
                        <Control Class="Window" LAnchorPoint="0" LAnchorOffset="0" TAnchorPoint="0" TAnchorOffset="0" RAnchorPoint="1" RAnchorOffset="-2" BAnchorPoint="1" BAnchorOffset="0" RelativeToClient="1" Template="Default" Name="TrackerSilverCheckIcon" Picture="1" IgnoreMouse="1" Sprite="CRB_ChallengeTrackerSprites:sprChallengeTierComplete" HideInEditor="1" BGColor="white" TextColor="white" TooltipColor="" Text=""/>
                    </Control>
                    <Control Class="Window" LAnchorPoint="0" LAnchorOffset="47" TAnchorPoint="0" TAnchorOffset="0" RAnchorPoint="0" RAnchorOffset="81" BAnchorPoint="1" BAnchorOffset="0" RelativeToClient="1" Font="CRB_InterfaceSmall_O" Text="" Template="Default" Name="TrackerSilverTotalText" BGColor="white" TextColor="UI_TextHoloBody" TextId="" DT_RIGHT="0" DT_VCENTER="1" Tooltip="" DT_CENTER="1" TooltipColor=""/>
                </Control>
                <Control Class="Window" LAnchorPoint="0" LAnchorOffset="26" TAnchorPoint="0" TAnchorOffset="30" RAnchorPoint="1" RAnchorOffset="0" BAnchorPoint="0" BAnchorOffset="49" RelativeToClient="1" Font="Default" Text="" Template="Default" Name="TrackerGoldContainer" BGColor="white" TextColor="white" Sprite="" Picture="1" IgnoreMouse="1" TooltipColor="">
                    <Control Class="Window" LAnchorPoint="0" LAnchorOffset="79" TAnchorPoint="0" TAnchorOffset="4" RAnchorPoint="0" RAnchorOffset="93" BAnchorPoint="0" BAnchorOffset="16" RelativeToClient="1" Font="Default" Text="" Template="Default" Name="TrackerGold" Picture="0" IgnoreMouse="1" Sprite="" BGColor="white" TextColor="white" TooltipColor="">
                        <Control Class="Window" LAnchorPoint="0" LAnchorOffset="-5" TAnchorPoint="0" TAnchorOffset="-6" RAnchorPoint="1" RAnchorOffset="5" BAnchorPoint="1" BAnchorOffset="6" RelativeToClient="1" Font="Default" Text="" Template="Default" Name="TrackerGoldBG" BGColor="white" TextColor="white" Sprite="CRB_ChallengeTrackerSprites:btnChallengeTierBackerNormal" Picture="1" IgnoreMouse="1" NoClip="1" TooltipColor="" HideInEditor="0"/>
                        <Control Class="Window" LAnchorPoint="0" LAnchorOffset="0" TAnchorPoint="0" TAnchorOffset="0" RAnchorPoint="1" RAnchorOffset="-2" BAnchorPoint="1" BAnchorOffset="0" RelativeToClient="1" Font="Default" Text="" Template="Default" Name="TrackerGoldIcon" Sprite="CRB_ChallengeTrackerSprites:sprChallengeTierGold" Picture="1" IgnoreMouse="1" BGColor="white" TextColor="white" TooltipColor=""/>
                        <Control Class="Window" LAnchorPoint="0" LAnchorOffset="0" TAnchorPoint="0" TAnchorOffset="0" RAnchorPoint="1" RAnchorOffset="-2" BAnchorPoint="1" BAnchorOffset="0" RelativeToClient="1" Template="Default" Name="TrackerGoldCheckIcon" Picture="1" IgnoreMouse="1" Sprite="CRB_ChallengeTrackerSprites:sprChallengeTierComplete" HideInEditor="1" BGColor="white" TextColor="white" TooltipColor="" Text=""/>
                    </Control>
                    <Control Class="Window" LAnchorPoint="0" LAnchorOffset="47" TAnchorPoint="0" TAnchorOffset="0" RAnchorPoint="0" RAnchorOffset="81" BAnchorPoint="1" BAnchorOffset="0" RelativeToClient="1" Font="CRB_InterfaceSmall_O" Text="" Template="Default" Name="TrackerGoldTotalText" BGColor="white" TextColor="UI_TextHoloBody" TextId="" DT_RIGHT="0" DT_VCENTER="1" Tooltip="" DT_CENTER="1" TooltipColor=""/>
                </Control>
            </Control>
            <Control Class="Window" LAnchorPoint="0" LAnchorOffset="104" TAnchorPoint="0" TAnchorOffset="-4" RAnchorPoint="0" RAnchorOffset="194" BAnchorPoint="0" BAnchorOffset="106" RelativeToClient="1" Font="Default" Text="" Template="Default" Name="TrackerSeparatorArt" Picture="1" IgnoreMouse="1" Sprite="CRB_ChallengeTrackerSprites:sprChallengeStatusNormal" BGColor="white" TextColor="white" HideInEditor="0" NewControlDepth="1" TooltipColor=""/>
            <Control Class="Window" LAnchorPoint="0" LAnchorOffset="111" TAnchorPoint="0" TAnchorOffset="-4" RAnchorPoint="0" RAnchorOffset="201" BAnchorPoint="0" BAnchorOffset="106" RelativeToClient="1" Font="Default" Text="" Template="Default" Name="TrackerFlashAnimArt" Picture="1" IgnoreMouse="1" Sprite="CRB_ChallengeTrackerSprites:sprChallengeStatusFlash" BGColor="white" TextColor="white" TooltipColor=""/>
            <Control Class="Window" LAnchorPoint="1" LAnchorOffset="-291" TAnchorPoint="0" TAnchorOffset="21" RAnchorPoint="1" RAnchorOffset="-231" BAnchorPoint="0" BAnchorOffset="81" RelativeToClient="1" Font="Default" Text="" Template="Default" Name="TrackerTypeIcon" Picture="1" IgnoreMouse="0" TextId="" Sprite="" TooltipType="OnCursor" BGColor="white" TextColor="white" TooltipColor=""/>
            <Control Class="Window" LAnchorPoint="1" LAnchorOffset="-225" TAnchorPoint="0" TAnchorOffset="4" RAnchorPoint="1" RAnchorOffset="-37" BAnchorPoint="0" BAnchorOffset="44" RelativeToClient="1" Font="CRB_InterfaceLarge_B" Text="" Template="Default" Name="TrackerTitle" IgnoreMouse="1" TooltipType="OnCursor" TextId="" DT_WORDBREAK="1" DT_VCENTER="1" BGColor="white" TextColor="white" TooltipColor=""/>
            <Control Class="Window" LAnchorPoint="1" LAnchorOffset="-225" TAnchorPoint="0" TAnchorOffset="39" RAnchorPoint="1" RAnchorOffset="-20" BAnchorPoint="0" BAnchorOffset="94" RelativeToClient="1" Font="CRB_InterfaceMedium" Text="" Template="Default" Name="TrackerDescription" BGColor="white" TextColor="UI_TextHoloBody" TooltipType="OnCursor" IgnoreMouse="1" TextId="" DT_WORDBREAK="1" TooltipColor=""/>
            <Control Class="Button" Base="CRB_UIKitSprites:btn_popOut" Font="CRB_InterfaceMedium" ButtonType="PushButton" LAnchorPoint="1" LAnchorOffset="-53" TAnchorPoint="0" TAnchorOffset="8" RAnchorPoint="1" RAnchorOffset="-35" BAnchorPoint="0" BAnchorOffset="26" Name="TrackerHintButton" Visible="0" BGColor="white" TextColor="white" NormalTextColor="white" PressedTextColor="white" FlybyTextColor="white" PressedFlybyTextColor="white" DisabledTextColor="white" RelativeToClient="1" IgnoreTooltipDelay="1" Text="" Tooltip="" TooltipId="Challenges_HintTooltip" TooltipType="OnCursor" TooltipColor="">
                <Event Name="ButtonSignal" Function="OnHintArrow"/>
            </Control>
            <Control Class="Button" Base="CRB_Basekit:kitBtn_Holo_Close" Font="Thick" ButtonType="PushButton" LAnchorPoint="1" LAnchorOffset="-36" TAnchorPoint="0" TAnchorOffset="7" RAnchorPoint="1" RAnchorOffset="-18" BAnchorPoint="0" BAnchorOffset="25" Name="TrackerAbandonButton" Visible="0" BGColor="white" TextColor="white" NormalTextColor="white" PressedTextColor="white" FlybyTextColor="white" PressedFlybyTextColor="white" DisabledTextColor="white" RelativeToClient="1" TooltipColor="" Text="">
                <Event Name="ButtonSignal" Function="OnTrackerAbandonButton"/>
            </Control>
            <Event Name="MouseEnter" Function="OnTrackerMouseEnter"/>
            <Event Name="MouseExit" Function="OnTrackerMouseExit"/>
        </Control>
        <Control Class="Window" LAnchorPoint="0" LAnchorOffset="0" TAnchorPoint="0" TAnchorOffset="24" RAnchorPoint="1" RAnchorOffset="0" BAnchorPoint="1" BAnchorOffset="0" RelativeToClient="1" Font="Default" Text="" Template="CRB_NormalFramedThin" Name="CompletedDisplay" IgnoreMouse="1" Visible="0" TooltipType="OnCursor" NewControlDepth="2" HideInEditor="1" BGColor="white" TextColor="white" TransitionShowHide="1" TooltipColor="">
            <Control Class="Window" LAnchorPoint="0" LAnchorOffset="131" TAnchorPoint="0" TAnchorOffset="90" RAnchorPoint="1" RAnchorOffset="-25" BAnchorPoint="0" BAnchorOffset="138" RelativeToClient="1" Font="Default" Text="" Template="Default" Name="CompletedFooterArt" Picture="1" IgnoreMouse="1" Sprite="CRB_ChallengeTrackerSprites:sprChallengeFrameFooter" BGColor="white" TextColor="white" TooltipColor=""/>
            <Control Class="Window" LAnchorPoint="0" LAnchorOffset="104" TAnchorPoint="0" TAnchorOffset="-4" RAnchorPoint="0" RAnchorOffset="194" BAnchorPoint="0" BAnchorOffset="106" RelativeToClient="1" Font="Default" Text="" Template="Default" Name="CompletedStatus" Picture="1" IgnoreMouse="1" Sprite="CRB_ChallengeTrackerSprites:sprChallengeStatusFail" BGColor="white" TextColor="white" TooltipColor=""/>
            <Control Class="Window" LAnchorPoint="1" LAnchorOffset="-291" TAnchorPoint="0" TAnchorOffset="21" RAnchorPoint="1" RAnchorOffset="-231" BAnchorPoint="0" BAnchorOffset="81" RelativeToClient="1" Font="Default" Text="" Template="Default" Name="CompletedTypeIcon" Picture="1" IgnoreMouse="1" TextId="" Sprite="CRB_ChallengeTrackerSprites:sprChallengeTypeSkillLarge" TooltipType="OnCursor" BGColor="white" TextColor="white" TooltipColor=""/>
            <Control Class="MLWindow" LAnchorPoint="1" LAnchorOffset="-225" TAnchorPoint="0" TAnchorOffset="4" RAnchorPoint="1" RAnchorOffset="-37" BAnchorPoint="0" BAnchorOffset="44" RelativeToClient="1" Font="CRB_InterfaceLarge_B" Text="" Template="Default" Name="CompletedTitle" IgnoreMouse="1" TooltipType="OnCursor" TextId="" BGColor="white" TextColor="UI_WindowTextRed" TooltipColor=""/>
            <Control Class="Window" LAnchorPoint="1" LAnchorOffset="-225" TAnchorPoint="0" TAnchorOffset="44" RAnchorPoint="1" RAnchorOffset="-20" BAnchorPoint="0" BAnchorOffset="94" RelativeToClient="1" Font="CRB_InterfaceMedium" Text="" Template="Default" Name="CompletedDescription" BGColor="white" TextColor="UI_TextHoloBody" TooltipType="OnCursor" IgnoreMouse="1" TextId="" DT_WORDBREAK="1" TooltipColor=""/>
            <Control Class="Button" Base="CRB_ChallengeTrackerSprites:btnChallengeClose" Font="Thick" ButtonType="PushButton" RadioGroup="" LAnchorPoint="1" LAnchorOffset="-36" TAnchorPoint="0" TAnchorOffset="7" RAnchorPoint="1" RAnchorOffset="-18" BAnchorPoint="0" BAnchorOffset="25" Name="CompletedCloseButton" BGColor="white" TextColor="white" NormalTextColor="white" PressedTextColor="white" FlybyTextColor="white" PressedFlybyTextColor="white" DisabledTextColor="white" RelativeToClient="1" TooltipColor="" Text="">
                <Event Name="ButtonSignal" Function="OnCompletedMessageClose"/>
            </Control>
            <Control Class="Window" LAnchorPoint="0" LAnchorOffset="0" TAnchorPoint="0" TAnchorOffset="0" RAnchorPoint="1" RAnchorOffset="0" BAnchorPoint="1" BAnchorOffset="0" RelativeToClient="1" Font="Default" Text="" Template="Default" Name="FailContainer" BGColor="white" TextColor="white" HideInEditor="1" Visible="0" TooltipColor="">
                <Control Class="Button" Base="CRB_ChallengeTrackerSprites:btnChallengeButton" ButtonType="PushButton" RadioGroup="" LAnchorPoint="1" LAnchorOffset="-222" TAnchorPoint="0" TAnchorOffset="99" RAnchorPoint="1" RAnchorOffset="-122" BAnchorPoint="0" BAnchorOffset="124" Name="FailLootButton" TooltipType="OnCursor" Text="" TextId="Challenges_LootRewards" Font="CRB_InterfaceMedium_B" Tooltip="" TooltipId="Challenges_FailLoot" DT_CENTER="1" DT_VCENTER="1" DisabledTextColor="UI_BtnTextBlueDisabled" NormalTextColor="UI_BtnTextBlueNormal" PressedTextColor="UI_BtnTextBluePressed" FlybyTextColor="UI_BtnTextBlueFlyby" PressedFlybyTextColor="UI_BtnTextBluePressedFlyby" BGColor="white" TextColor="white" TooltipColor="">
                    <Event Name="ButtonSignal" Function="OnCompletedLootPush"/>
                </Control>
                <Control Class="Button" Base="CRB_ChallengeTrackerSprites:btnChallengeButton" Font="CRB_InterfaceMedium_B" ButtonType="PushButton" RadioGroup="" LAnchorPoint="1" LAnchorOffset="-123" TAnchorPoint="0" TAnchorOffset="99" RAnchorPoint="1" RAnchorOffset="-25" BAnchorPoint="0" BAnchorOffset="124" DT_VCENTER="1" DT_CENTER="1" Name="FailRetryButton" Text="" TextId="Retry" Tooltip="" TooltipId="Challenges_FailLoot" NormalTextColor="UI_BtnTextBlueNormal" PressedTextColor="UI_BtnTextBluePressed" FlybyTextColor="UI_BtnTextBlueFlyby" PressedFlybyTextColor="UI_BtnTextBluePressedFlyby" DisabledTextColor="UI_BtnTextBlueDisabled" TooltipType="OnCursor" BGColor="white" TextColor="white" TooltipColor="">
                    <Event Name="ButtonSignal" Function="OnCompletedRetryPush"/>
                </Control>
            </Control>
            <Control Class="Window" LAnchorPoint="0" LAnchorOffset="0" TAnchorPoint="0" TAnchorOffset="0" RAnchorPoint="1" RAnchorOffset="0" BAnchorPoint="1" BAnchorOffset="0" RelativeToClient="1" Font="Default" Text="" Template="Default" Name="RewardContainer" BGColor="white" TextColor="white" Visible="0" HideInEditor="0" TooltipColor="">
                <Control Class="Button" Base="CRB_ChallengeTrackerSprites:btnChallengeButton" ButtonType="PushButton" RadioGroup="" LAnchorPoint="1" LAnchorOffset="-222" TAnchorPoint="0" TAnchorOffset="99" RAnchorPoint="1" RAnchorOffset="-124" BAnchorPoint="0" BAnchorOffset="124" Name="RewardLootButton" TooltipType="OnCursor" Text="" TextId="Challenges_LootRewards" Font="CRB_InterfaceMedium_B" Tooltip="" TooltipId="Challenges_LootTooltip" DT_CENTER="1" DT_VCENTER="1" BGColor="white" TextColor="white" NormalTextColor="UI_BtnTextBlueNormal" PressedTextColor="UI_BtnTextBluePressed" FlybyTextColor="UI_BtnTextBlueFlyby" PressedFlybyTextColor="UI_BtnTextBluePressedFlyby" DisabledTextColor="UI_BtnTextBlueDisabled" TooltipColor="">
                    <Event Name="ButtonSignal" Function="OnCompletedLootPush"/>
                </Control>
                <Control Class="Button" Base="CRB_ChallengeTrackerSprites:btnChallengeButton" ButtonType="PushButton" RadioGroup="" LAnchorPoint="1" LAnchorOffset="-123" TAnchorPoint="0" TAnchorOffset="99" RAnchorPoint="1" RAnchorOffset="-25" BAnchorPoint="0" BAnchorOffset="124" Name="RewardRetryButton" TooltipType="OnCursor" Text="" TextId="Challenges_StartAgain" Font="CRB_InterfaceMedium_B" Tooltip="" TooltipId="Challenges_RetryTooltip" DT_CENTER="1" DT_VCENTER="1" BGColor="white" TextColor="white" NormalTextColor="UI_BtnTextBlueNormal" PressedTextColor="UI_BtnTextBluePressed" FlybyTextColor="UI_BtnTextBlueFlyby" PressedFlybyTextColor="UI_BtnTextBluePressedFlyby" DisabledTextColor="UI_BtnTextBlueDisabled" TooltipColor="">
                    <Event Name="ButtonSignal" Function="OnCompletedRetryPush"/>
                </Control>
                <Control Class="Window" LAnchorPoint="0" LAnchorOffset="111" TAnchorPoint="0" TAnchorOffset="-4" RAnchorPoint="0" RAnchorOffset="201" BAnchorPoint="0" BAnchorOffset="106" RelativeToClient="1" Font="Default" Text="" Template="Default" Name="RewardFlashAnimArt" Picture="1" IgnoreMouse="1" Sprite="CRB_ChallengeTrackerSprites:sprChallengeStatusFlash" BGColor="UI_WindowTextChallengeGreenFlash" TextColor="white" TooltipColor=""/>
            </Control>
            <Control Class="Window" LAnchorPoint="0.5" LAnchorOffset="56" TAnchorPoint="1" TAnchorOffset="-55" RAnchorPoint="0.5" RAnchorOffset="117" BAnchorPoint="1" BAnchorOffset="-33" RelativeToClient="1" Font="Default" Text="" Template="" Name="TierInlineIconContainer" IgnoreMouse="1" Visible="0" NewControlDepth="3" NoClip="0" HideInEditor="1" BGColor="white" TextColor="white" TooltipColor="">
                <Control Class="Window" LAnchorPoint="0" LAnchorOffset="0" TAnchorPoint="0" TAnchorOffset="0" RAnchorPoint="1" RAnchorOffset="0" BAnchorPoint="1" BAnchorOffset="0" RelativeToClient="1" Font="Default" Text="" Template="" Name="TierMedalContainer" IgnoreMouse="1" Visible="1" NewControlDepth="3" NoClip="0" HideInEditor="0" BGColor="white" TextColor="white" TooltipColor="">
                    <Control Class="Window" LAnchorPoint="0" LAnchorOffset="0" TAnchorPoint="0" TAnchorOffset="0" RAnchorPoint="0" RAnchorOffset="19" BAnchorPoint="0" BAnchorOffset="15" RelativeToClient="1" Template="Default" Name="TrackerBronze" Picture="1" IgnoreMouse="1" Sprite="CRB_ChallengeTrackerSprites:sprChallengeTierBronze" BGColor="white" TextColor="white" TooltipColor="">
                        <Control Class="Window" LAnchorPoint="0" LAnchorOffset="-5" TAnchorPoint="0" TAnchorOffset="-6" RAnchorPoint="1" RAnchorOffset="3" BAnchorPoint="1" BAnchorOffset="6" RelativeToClient="1" Font="Default" Text="" Template="Default" Name="TrackerBronzeBG" BGColor="white" TextColor="white" Sprite="CRB_ChallengeTrackerSprites:btnChallengeTierBackerNormal" Picture="1" IgnoreMouse="1" NoClip="1" TooltipColor=""/>
                        <Control Class="Window" LAnchorPoint="0" LAnchorOffset="0" TAnchorPoint="0" TAnchorOffset="0" RAnchorPoint="1" RAnchorOffset="0" BAnchorPoint="1" BAnchorOffset="0" RelativeToClient="1" Template="Default" Name="TrackerBronzeCheckIcon" Picture="1" IgnoreMouse="1" Sprite="CRB_ChallengeTrackerSprites:sprChallengeTierComplete" HideInEditor="1" BGColor="white" TextColor="white" TooltipColor=""/>
                    </Control>
                    <Control Class="Window" LAnchorPoint="0" LAnchorOffset="0" TAnchorPoint="0" TAnchorOffset="0" RAnchorPoint="0" RAnchorOffset="19" BAnchorPoint="0" BAnchorOffset="15" RelativeToClient="1" Font="Default" Text="" Template="Default" Name="TrackerSilver" Picture="1" IgnoreMouse="1" Sprite="CRB_ChallengeTrackerSprites:sprChallengeTierSilver" LeftEdgeControlsAnchor="" RightEdgeControlsAnchor="" BGColor="white" TextColor="white" TooltipColor="">
                        <Control Class="Window" LAnchorPoint="0" LAnchorOffset="-5" TAnchorPoint="0" TAnchorOffset="-6" RAnchorPoint="1" RAnchorOffset="3" BAnchorPoint="1" BAnchorOffset="6" RelativeToClient="1" Font="Default" Text="" Template="Default" Name="TrackerSilverBG" BGColor="white" TextColor="white" Sprite="CRB_ChallengeTrackerSprites:btnChallengeTierBackerNormal" Picture="1" IgnoreMouse="1" NoClip="1" TooltipColor=""/>
                        <Control Class="Window" LAnchorPoint="0" LAnchorOffset="0" TAnchorPoint="0" TAnchorOffset="0" RAnchorPoint="1" RAnchorOffset="0" BAnchorPoint="1" BAnchorOffset="0" RelativeToClient="1" Template="Default" Name="TrackerSilverCheckIcon" Picture="1" IgnoreMouse="1" Sprite="CRB_ChallengeTrackerSprites:sprChallengeTierComplete" HideInEditor="1" BGColor="white" TextColor="white" TooltipColor=""/>
                    </Control>
                    <Control Class="Window" LAnchorPoint="0" LAnchorOffset="0" TAnchorPoint="0" TAnchorOffset="0" RAnchorPoint="0" RAnchorOffset="19" BAnchorPoint="0" BAnchorOffset="15" RelativeToClient="1" Font="Default" Text="" Template="Default" Name="TrackerGold" Picture="1" IgnoreMouse="1" Sprite="CRB_ChallengeTrackerSprites:sprChallengeTierGold" BGColor="white" TextColor="white" TooltipColor="">
                        <Control Class="Window" LAnchorPoint="0" LAnchorOffset="-5" TAnchorPoint="0" TAnchorOffset="-6" RAnchorPoint="1" RAnchorOffset="3" BAnchorPoint="1" BAnchorOffset="6" RelativeToClient="1" Font="Default" Text="" Template="Default" Name="TrackerGoldBG" BGColor="white" TextColor="white" Sprite="CRB_ChallengeTrackerSprites:btnChallengeTierBackerNormal" Picture="1" IgnoreMouse="1" NoClip="1" TooltipColor=""/>
                        <Control Class="Window" LAnchorPoint="0" LAnchorOffset="0" TAnchorPoint="0" TAnchorOffset="0" RAnchorPoint="1" RAnchorOffset="0" BAnchorPoint="1" BAnchorOffset="0" RelativeToClient="1" Template="Default" Name="TrackerGoldCheckIcon" Picture="1" IgnoreMouse="1" Sprite="CRB_ChallengeTrackerSprites:sprChallengeTierComplete" HideInEditor="1" BGColor="white" TextColor="white" TooltipColor=""/>
                    </Control>
                </Control>
            </Control>
        </Control>
        <Control Class="Window" LAnchorPoint="1" LAnchorOffset="-40" TAnchorPoint="0" TAnchorOffset="12" RAnchorPoint="1" RAnchorOffset="0" BAnchorPoint="0" BAnchorOffset="140" RelativeToClient="1" Font="Default" Text="" BGColor="UI_WindowBGDefault" TextColor="UI_WindowTextDefault" Template="Default" TooltipType="OnCursor" Name="TrackerMinimizeButtonReplacement" TooltipColor="" Picture="1" IgnoreMouse="1" Sprite="CRB_ChallengeTrackerSprites:sprChallengeFrameAnchor" NewControlDepth="1"/>
        <Control Class="Window" LAnchorPoint="1" LAnchorOffset="-277" TAnchorPoint="0" TAnchorOffset="0" RAnchorPoint="1" RAnchorOffset="0" BAnchorPoint="0" BAnchorOffset="39" RelativeToClient="1" Font="Default" Text="" Template="Default" Name="TrackerTabContainer" TextId="" IgnoreMouse="1" NoClip="1" BGColor="white" TextColor="white" TooltipColor="">
            <Control Class="Button" Base="CRB_ChallengeTrackerSprites:btnChallengeTab" Font="CRB_InterfaceMedium" ButtonType="Check" RadioGroup="TrackerTabGroup" LAnchorPoint="0" LAnchorOffset="0" TAnchorPoint="0" TAnchorOffset="0" RAnchorPoint="0" RAnchorOffset="68" BAnchorPoint="0" BAnchorOffset="50" DT_VCENTER="1" DT_CENTER="1" Name="TrackerTab1" GlobalRadioGroup="" Visible="0" TooltipType="OnCursor" Picture="1" RadioDisallowNonSelection="1" TestAlpha="1" BGColor="white" TextColor="white" NormalTextColor="white" PressedTextColor="white" FlybyTextColor="white" PressedFlybyTextColor="white" DisabledTextColor="white" TooltipColor="">
                <Control Class="MLWindow" LAnchorPoint="0" LAnchorOffset="8" TAnchorPoint="0" TAnchorOffset="4" RAnchorPoint="1" RAnchorOffset="0" BAnchorPoint="1" BAnchorOffset="0" RelativeToClient="1" Font="CRB_FloaterSmall" Name="TrackerTabTimeText" TextId="" IgnoreMouse="1" BGColor="white" TextColor="white" TooltipColor=""/>
                <Control Class="Window" LAnchorPoint="1" LAnchorOffset="-20" TAnchorPoint="0" TAnchorOffset="5" RAnchorPoint="1" RAnchorOffset="0" BAnchorPoint="1" BAnchorOffset="0" RelativeToClient="1" Font="Default" Text="" Template="Default" Name="TrackerTabIcon" Picture="1" IgnoreMouse="1" Sprite="CRB_ChallengeTrackerSprites:sprChallengeTypeLootTiny" TextId="" BGColor="white" TextColor="white" TooltipColor=""/>
                <Event Name="ButtonCheck" Function="OnTrackTab1Push"/>
            </Control>
            <Control Class="Button" Base="CRB_ChallengeTrackerSprites:btnChallengeTab" Font="CRB_InterfaceMedium" ButtonType="Check" RadioGroup="TrackerTabGroup" LAnchorPoint="0" LAnchorOffset="0" TAnchorPoint="0" TAnchorOffset="0" RAnchorPoint="0" RAnchorOffset="68" BAnchorPoint="0" BAnchorOffset="50" DT_VCENTER="1" Name="TrackerTab2" GlobalRadioGroup="" Visible="0" TooltipType="OnCursor" Picture="1" RadioDisallowNonSelection="1" TestAlpha="1" HideInEditor="1" BGColor="white" TextColor="white" NormalTextColor="white" PressedTextColor="white" FlybyTextColor="white" PressedFlybyTextColor="white" DisabledTextColor="white" TooltipColor="">
                <Control Class="MLWindow" LAnchorPoint="0" LAnchorOffset="8" TAnchorPoint="0" TAnchorOffset="4" RAnchorPoint="1" RAnchorOffset="0" BAnchorPoint="1" BAnchorOffset="0" RelativeToClient="1" Font="CRB_FloaterSmall" Name="TrackerTabTimeText" TextId="" IgnoreMouse="1" BGColor="white" TextColor="white" TooltipColor=""/>
                <Control Class="Window" LAnchorPoint="1" LAnchorOffset="-20" TAnchorPoint="0" TAnchorOffset="5" RAnchorPoint="1" RAnchorOffset="0" BAnchorPoint="1" BAnchorOffset="0" RelativeToClient="1" Font="Default" Text="" Template="Default" Name="TrackerTabIcon" Picture="1" IgnoreMouse="1" Sprite="CRB_ChallengeTrackerSprites:sprChallengeTypeKillTiny" TextId="" BGColor="white" TextColor="white" TooltipColor=""/>
                <Event Name="ButtonCheck" Function="OnTrackTab2Push"/>
            </Control>
            <Control Class="Button" Base="CRB_ChallengeTrackerSprites:btnChallengeTab" Font="CRB_InterfaceMedium" ButtonType="Check" RadioGroup="TrackerTabGroup" LAnchorPoint="0" LAnchorOffset="0" TAnchorPoint="0" TAnchorOffset="0" RAnchorPoint="0" RAnchorOffset="68" BAnchorPoint="0" BAnchorOffset="50" DT_VCENTER="1" Name="TrackerTab3" GlobalRadioGroup="" Visible="0" TooltipType="OnCursor" Picture="1" RadioDisallowNonSelection="1" TestAlpha="1" HideInEditor="1" BGColor="white" TextColor="white" NormalTextColor="white" PressedTextColor="white" FlybyTextColor="white" PressedFlybyTextColor="white" DisabledTextColor="white" TooltipColor="">
                <Control Class="MLWindow" LAnchorPoint="0" LAnchorOffset="8" TAnchorPoint="0" TAnchorOffset="4" RAnchorPoint="1" RAnchorOffset="0" BAnchorPoint="1" BAnchorOffset="0" RelativeToClient="1" Font="CRB_FloaterSmall" Text="" Name="TrackerTabTimeText" TextId="" IgnoreMouse="1" BGColor="white" TextColor="white" TooltipColor=""/>
                <Control Class="Window" LAnchorPoint="1" LAnchorOffset="-20" TAnchorPoint="0" TAnchorOffset="5" RAnchorPoint="1" RAnchorOffset="0" BAnchorPoint="1" BAnchorOffset="0" RelativeToClient="1" Font="Default" Text="" Template="Default" Name="TrackerTabIcon" Picture="1" IgnoreMouse="1" Sprite="CRB_ChallengeTrackerSprites:sprChallengeTypeSkillTiny" TextId="" BGColor="white" TextColor="white" TooltipColor=""/>
                <Event Name="ButtonCheck" Function="OnTrackTab3Push"/>
            </Control>
            <Control Class="Button" Base="CRB_ChallengeTrackerSprites:btnChallengeTab" Font="CRB_InterfaceMedium" ButtonType="Check" RadioGroup="TrackerTabGroup" LAnchorPoint="0" LAnchorOffset="0" TAnchorPoint="0" TAnchorOffset="0" RAnchorPoint="0" RAnchorOffset="68" BAnchorPoint="0" BAnchorOffset="50" DT_VCENTER="1" Name="TrackerTab4" GlobalRadioGroup="" Visible="0" TooltipType="OnCursor" Picture="1" RadioDisallowNonSelection="1" TestAlpha="1" HideInEditor="1" BGColor="white" TextColor="white" NormalTextColor="white" PressedTextColor="white" FlybyTextColor="white" PressedFlybyTextColor="white" DisabledTextColor="white" TooltipColor="">
                <Control Class="MLWindow" LAnchorPoint="0" LAnchorOffset="8" TAnchorPoint="0" TAnchorOffset="4" RAnchorPoint="1" RAnchorOffset="0" BAnchorPoint="1" BAnchorOffset="0" RelativeToClient="1" Font="CRB_FloaterSmall" Text="" Name="TrackerTabTimeText" TextId="" IgnoreMouse="1" BGColor="white" TextColor="white" TooltipColor=""/>
                <Control Class="Window" LAnchorPoint="1" LAnchorOffset="-20" TAnchorPoint="0" TAnchorOffset="5" RAnchorPoint="1" RAnchorOffset="0" BAnchorPoint="1" BAnchorOffset="0" RelativeToClient="1" Font="Default" Text="" Template="Default" Name="TrackerTabIcon" Picture="1" IgnoreMouse="1" Sprite="CRB_ChallengeTrackerSprites:sprChallengeTypeGenericTiny" TextId="" BGColor="white" TextColor="white" TooltipColor=""/>
                <Event Name="ButtonCheck" Function="OnTrackTab4Push"/>
            </Control>
        </Control>
        <Event Name="WindowMove" Function="OnWndTrackerMove"/>
    </Form>
    <Form Class="Window" LAnchorPoint="ChallengeTracker_Left" LAnchorOffset="-3" TAnchorPoint="ChallengeTracker_Top" TAnchorOffset="20" RAnchorPoint="ChallengeTracker_Right" RAnchorOffset="3" BAnchorPoint="ChallengeTracker_Bottom" BAnchorOffset="-32" RelativeToClient="1" Template="" Name="ChallengeLeftArea" Visible="0" BGColor="white" TextColor="white" Tooltip="" TooltipColor="" HideInEditor="0">
        <Control Class="Window" LAnchorPoint="0" LAnchorOffset="100" TAnchorPoint="0" TAnchorOffset="-4" RAnchorPoint="1" RAnchorOffset="4" BAnchorPoint="1" BAnchorOffset="4" RelativeToClient="1" Name="RectangleForAnimation" BGColor="ConHard0" TextColor="white" Sprite="ClientSprites:WhitePulse" Picture="1" IgnoreMouse="1" HideInEditor="1" Tooltip="" TooltipColor=""/>
        <Control Class="Window" LAnchorPoint="0" LAnchorOffset="105" TAnchorPoint="0" TAnchorOffset="0" RAnchorPoint="1" RAnchorOffset="0" BAnchorPoint="1" BAnchorOffset="0" RelativeToClient="1" Font="Default" Text="" Template="Default" Name="LeftAreaBackgroundArt" BGColor="UI_WindowTextRed" TextColor="white" Picture="1" IgnoreMouse="1" Sprite="CRB_ChallengeTrackerSprites:sprChallengeFrame" NoClip="1" TooltipColor="">
            <Pixie LAnchorPoint="1" LAnchorOffset="-275" TAnchorPoint="0" TAnchorOffset="38" RAnchorPoint="1" RAnchorOffset="0" BAnchorPoint="0" BAnchorOffset="62" BGColor="white" Font="CRB_HeaderSmall" TextColor="UI_WindowTextRed" Text="" TextId="Challenges_LeftAreaWarning" DT_CENTER="1" DT_BOTTOM="1" DT_WORDBREAK="1" Line="0"/>
        </Control>
        <Control Class="Window" LAnchorPoint="0" LAnchorOffset="104" TAnchorPoint="0" TAnchorOffset="-4" RAnchorPoint="0" RAnchorOffset="194" BAnchorPoint="0" BAnchorOffset="106" RelativeToClient="1" Font="Default" Text="" Template="Default" Name="LeftAreaSeparatorArt" Picture="1" IgnoreMouse="1" Sprite="CRB_ChallengeTrackerSprites:sprChallengeStatusFail" BGColor="white" TextColor="white" TooltipColor=""/>
        <Control Class="Window" LAnchorPoint="1" LAnchorOffset="-294" TAnchorPoint="0.5" TAnchorOffset="-30" RAnchorPoint="1" RAnchorOffset="-234" BAnchorPoint="0.5" BAnchorOffset="30" RelativeToClient="1" Font="Default" Text="" Template="Default" Name="LeftAreaTypeIcon" Picture="1" IgnoreMouse="1" TextId="" Sprite="CRB_ChallengeTrackerSprites:sprChallengeTypeKillLarge" TooltipType="OnCursor" BGColor="white" TextColor="white" Tooltip="" TooltipColor=""/>
        <Control Class="Window" LAnchorPoint="1" LAnchorOffset="-247" TAnchorPoint="0" TAnchorOffset="4" RAnchorPoint="1" RAnchorOffset="-25" BAnchorPoint="0" BAnchorOffset="44" RelativeToClient="1" Font="CRB_InterfaceLarge_B" Template="Default" Name="LeftAreaHeader" DT_WORDBREAK="1" Text="Challenge Name" DT_BOTTOM="0" DT_CENTER="1" TextId="" BGColor="white" TextColor="white" DT_VCENTER="1" TooltipColor="" Tooltip=""/>
        <Control Class="Window" LAnchorPoint="1" LAnchorOffset="-252" TAnchorPoint="0" TAnchorOffset="46" RAnchorPoint="1" RAnchorOffset="-20" BAnchorPoint="0" BAnchorOffset="95" RelativeToClient="1" Font="CRB_InterfaceMedium" Template="Default" Name="LeftAreaDescription" BGColor="white" TextColor="UI_TextHoloBodyHighlight" DT_WORDBREAK="1" TextId="" Text="" IgnoreMouse="1" Visible="0" HideInEditor="1" TooltipColor=""/>
        <Control Class="Window" Name="LeftAreaTimeCountdown" LAnchorPoint="0" LAnchorOffset="243" TAnchorPoint="0" TAnchorOffset="59" RAnchorPoint="1" RAnchorOffset="0" BAnchorPoint="1" BAnchorOffset="21" RelativeToClient="1" Font="CRB_HeaderGigantic_O" IgnoreMouse="1" NoClip="1" TooltipType="OnCursor" Text="00:09" TextId="" BGColor="white" TextColor="white" TooltipColor=""/>
        <Control Class="Window" LAnchorPoint="0" LAnchorOffset="0" TAnchorPoint="0" TAnchorOffset="0" RAnchorPoint="1" RAnchorOffset="0" BAnchorPoint="1" BAnchorOffset="0" RelativeToClient="1" Font="Default" Text="" Template="Default" Name="LeftAreaMouseCatcher" BGColor="white" TextColor="white" Tooltip="" TooltipColor="">
            <Control Class="Button" Base="CRB_Basekit:kitBtn_Holo_Close" Font="CRB_InterfaceMedium" ButtonType="PushButton" RadioGroup="" LAnchorPoint="1" LAnchorOffset="-27" TAnchorPoint="0" TAnchorOffset="3" RAnchorPoint="1" RAnchorOffset="-4" BAnchorPoint="0" BAnchorOffset="27" DT_VCENTER="1" DT_CENTER="1" Name="TrackerAbandonButton" NoClip="1" NewControlDepth="3" WindowSoundTemplate="CloseWindowPhys" HideInEditor="1" Visible="0" BGColor="white" TextColor="white" NormalTextColor="white" PressedTextColor="white" FlybyTextColor="white" PressedFlybyTextColor="white" DisabledTextColor="white" TooltipColor="">
                <Event Name="ButtonSignal" Function="OnHideLeftAreaWindow"/>
            </Control>
            <Event Name="MouseEnter" Function="OnLeaveAreaMouseEnter"/>
            <Event Name="MouseExit" Function="OnLeaveAreaMouseExit"/>
        </Control>
    </Form>
    <Form Class="Window" LAnchorPoint="1" LAnchorOffset="-413" TAnchorPoint="0" TAnchorOffset="208" RAnchorPoint="1" RAnchorOffset="2" BAnchorPoint="0" BAnchorOffset="348" RelativeToClient="1" Font="Default" Text="" Template="Default" Name="ChallengeMinimized" Border="0" Picture="0" SwallowMouseClicks="1" Moveable="0" Escapable="0" Overlapped="1" BGColor="white" TextColor="white" IgnoreMouse="1" Visible="1" TooltipColor="" Tooltip="">
        <Control Class="Window" LAnchorPoint="1" LAnchorOffset="-40" TAnchorPoint="0" TAnchorOffset="12" RAnchorPoint="1" RAnchorOffset="0" BAnchorPoint="0" BAnchorOffset="140" RelativeToClient="1" Font="Default" Text="" Template="Default" Name="MinimizedContents" BGColor="white" TextColor="white" HideInEditor="0" Visible="0" TooltipType="OnCursor" Tooltip="" TooltipId="Challenges_ChallengeTracker" IgnoreMouse="1" TooltipColor="" TooltipFont="CRB_InterfaceSmall_O">
            <Control Class="Button" LAnchorPoint="0" LAnchorOffset="0" TAnchorPoint="0" TAnchorOffset="0" RAnchorPoint="1" RAnchorOffset="0" BAnchorPoint="1" BAnchorOffset="0" RelativeToClient="1" Font="Default" Text="" Template="Default" Name="SeparatorBG" Picture="0" IgnoreMouse="0" Sprite="" BGColor="white" TextColor="white" HideInEditor="0" NormalTextColor="white" PressedTextColor="white" FlybyTextColor="white" PressedFlybyTextColor="white" DisabledTextColor="white" Base="PlayerPathContent_TEMP:btn_Challenge_Expand" TooltipColor="" Visible="1">
                <Event Name="ButtonSignal" Function="OnMinimizedExpandClick"/>
            </Control>
        </Control>
        <Control Class="Window" LAnchorPoint="0" LAnchorOffset="105" TAnchorPoint="0" TAnchorOffset="24" RAnchorPoint="1" RAnchorOffset="0" BAnchorPoint="0" BAnchorOffset="126" RelativeToClient="1" Font="Default" Text="" Template="Default" Name="BlankTrackerMessage" BGColor="white" TextColor="white" Sprite="CRB_ChallengeTrackerSprites:sprChallengeFrame" Picture="1" IgnoreMouse="1" HideInEditor="1" Visible="0" TooltipColor="">
            <Control Class="Window" LAnchorPoint="0" LAnchorOffset="-1" TAnchorPoint="0" TAnchorOffset="-4" RAnchorPoint="0" RAnchorOffset="89" BAnchorPoint="0" BAnchorOffset="106" RelativeToClient="1" Font="Default" Text="" Template="Default" Name="BlankSeparatorBG" BGColor="white" TextColor="white" Sprite="CRB_ChallengeTrackerSprites:sprChallengeStatusNormal" Picture="1" IgnoreMouse="1" NoClip="1" TooltipColor=""/>
            <Control Class="Button" Base="CRB_Basekit:kitBtn_Holo" Font="CRB_InterfaceMedium" ButtonType="PushButton" RadioGroup="" LAnchorPoint="1" LAnchorOffset="-203" TAnchorPoint="0" TAnchorOffset="49" RAnchorPoint="1" RAnchorOffset="-59" BAnchorPoint="0" BAnchorOffset="84" DT_VCENTER="1" DT_CENTER="1" Name="BlankBtn" BGColor="white" TextColor="white" NormalTextColor="white" PressedTextColor="white" FlybyTextColor="white" PressedFlybyTextColor="white" DisabledTextColor="white" Text="" TextId="Challenges_ViewLog" TooltipColor="">
                <Event Name="ButtonSignal" Function="OnBlankBtn"/>
            </Control>
            <Control Class="Button" Base="PlayerPathContent_TEMP:btn_Challenge_Minimize" Font="Thick" ButtonType="PushButton" RadioGroup="" LAnchorPoint="1" LAnchorOffset="-40" TAnchorPoint="0" TAnchorOffset="-12" RAnchorPoint="1" RAnchorOffset="0" BAnchorPoint="0" BAnchorOffset="116" DT_VCENTER="1" DT_CENTER="1" Name="BlankMinimizeBtn" BGColor="white" TextColor="white" NormalTextColor="white" PressedTextColor="white" FlybyTextColor="white" PressedFlybyTextColor="white" DisabledTextColor="white" RelativeToClient="1" Text="" NoClip="1" TooltipColor="" Tooltip="" HideInEditor="0">
                <Event Name="ButtonSignal" Function="OnBlankMinimizeClick"/>
            </Control>
            <Pixie LAnchorPoint="1" LAnchorOffset="-225" TAnchorPoint="0" TAnchorOffset="4" RAnchorPoint="1" RAnchorOffset="-37" BAnchorPoint="0" BAnchorOffset="44" BGColor="white" Font="CRB_InterfaceLarge_B" TextColor="white" Text="" TextId="Challenges_NoneTracked" DT_CENTER="1" DT_VCENTER="1" DT_WORDBREAK="1" Line="0"/>
        </Control>
        <Event Name="WindowMove" Function="OnWndMinimizedMove"/>
    </Form>
</Forms>
