<Forms>
    <Form Class="Window" LAnchorPoint="0" LAnchorOffset="418" TAnchorPoint="0" TAnchorOffset="175" RAnchorPoint="0" RAnchorOffset="740" BAnchorPoint="0" BAnchorOffset="605" RelativeToClient="1" Font="CRB_InterfaceMedium" Sprite="" Template="" Name="GroupBag" BGColor="ffffffff" TextColor="ffffffff" Border="0" Overlapped="1" Picture="0" TextId="" Escapable="1" Moveable="1" TooltipColor="" Tooltip="">
        <Control Class="Window" LAnchorPoint="0" LAnchorOffset="0" TAnchorPoint="0" TAnchorOffset="0" RAnchorPoint="1" RAnchorOffset="0" BAnchorPoint="1" BAnchorOffset="-4" RelativeToClient="1" Font="CRB_InterfaceMedium" Text="" Template="Default" Name="baseart" BGColor="ffffffff" TextColor="ffffffff" Picture="1" Sprite="" TooltipColor="">
            <Control Class="Window" LAnchorPoint="0" LAnchorOffset="-1" TAnchorPoint="0" TAnchorOffset="53" RAnchorPoint="0" RAnchorOffset="317" BAnchorPoint="0" BAnchorOffset="92" RelativeToClient="1" Font="CRB_InterfaceMedium" Text="" Template="Default" Name="tabback" BGColor="ffffffff" TextColor="ffffffff" Sprite="CRB_UIKitSprites:spr_headerTABbgsupport" Picture="1" />
            <Control Class="Window" LAnchorPoint="0" LAnchorOffset="0" TAnchorPoint="0" TAnchorOffset="87" RAnchorPoint="1" RAnchorOffset="-1" BAnchorPoint="1" BAnchorOffset="0" RelativeToClient="1" Font="CRB_InterfaceMedium" Text="" Template="Default" Name="centralframe" BGColor="ffffffff" TextColor="ffffffff" Sprite="CRB_UIKitSprites:spr_baseframeLARGE" Picture="1" />
            <Control Class="Window" LAnchorPoint="0" LAnchorOffset="-15" TAnchorPoint="0" TAnchorOffset="87" RAnchorPoint="0" RAnchorOffset="334" BAnchorPoint="0" BAnchorOffset="155" RelativeToClient="1" Font="CRB_InterfaceMedium" Text="" Template="Default" Name="tabsupport" BGColor="ffffffff" TextColor="ffffffff" Sprite="CRB_UIKitSprites:spr_tabTHICK_fill" Picture="1" NoClip="1" />
        </Control>
        <Control Class="Window" LAnchorPoint="0" LAnchorOffset="-9" TAnchorPoint="0" TAnchorOffset="1" RAnchorPoint="1" RAnchorOffset="1" BAnchorPoint="1" BAnchorOffset="-345" RelativeToClient="0" Font="CRB_InterfaceMedium" Sprite="CRB_UIKitSprites:spr_headerMAIN" Template="Default" Name="TitleFrame" BGColor="ffffffff" TextColor="ffffffff" Picture="1" TextId="" NoClip="1" NewControlDepth="2" TooltipColor="" />
        <Control Class="Window" LAnchorPoint="0" LAnchorOffset="8" TAnchorPoint="0" TAnchorOffset="97" RAnchorPoint="0" RAnchorOffset="312" BAnchorPoint="0" BAnchorOffset="416" RelativeToClient="0" Font="CRB_InterfaceMedium" Sprite="OldMetalTabBottom" Text="" Template="Default" Name="TabClient" BGColor="ffffffff" TextColor="ffffffff" Picture="0" NoClip="1" TooltipColor="" />
        <Control Class="Button" Text="" Base="CRB_UIKitSprites:btn_close" Font="CRB_InterfaceMedium" ButtonType="PushButton" RadioGroup="" LAnchorPoint="0" LAnchorOffset="294" TAnchorPoint="0" TAnchorOffset="5" RAnchorPoint="0" RAnchorOffset="324" BAnchorPoint="0" BAnchorOffset="35" DT_VCENTER="1" DT_CENTER="1" Name="CloseBtn" BGColor="ffffffff" TextColor="ffffffff" NoClip="1" RelativeToClient="1" TestAlpha="1" WindowSoundTemplate="CloseWindowPhys">
            <Event Name="ButtonSignal" Function="OnCloseBtn" />
        </Control>
        <Control Class="Window" LAnchorPoint="0" LAnchorOffset="15" TAnchorPoint="0" TAnchorOffset="17" RAnchorPoint="0" RAnchorOffset="276" BAnchorPoint="0" BAnchorOffset="48" RelativeToClient="1" Font="CRB_InterfaceMedium" Template="Default" Name="GroupBagLabel" BGColor="ffffffff" TextColor="ffffffff" DT_CENTER="1" DT_VCENTER="1" TextId="CRB_Group_Bag" />
    </Form>
    <Form Class="Window" LAnchorPoint="0" LAnchorOffset="9" TAnchorPoint="0" TAnchorOffset="99" RAnchorPoint="0" RAnchorOffset="313" BAnchorPoint="0" BAnchorOffset="417" RelativeToClient="0" Font="CRB_InterfaceMedium" Sprite="OldMetalTabBottom" Text="" Template="OldMetal" Name="GroupBagLoot" BGColor="ffffffff" TextColor="ffffffff" Picture="1" Overlapped="0" NoClip="1" VScroll="0" TooltipColor="">
        <Control Class="Window" LAnchorPoint="0" LAnchorOffset="0" TAnchorPoint="0" TAnchorOffset="0" RAnchorPoint="1" RAnchorOffset="0" BAnchorPoint="1" BAnchorOffset="0" RelativeToClient="1" Font="CRB_InterfaceMedium" Text="" Template="Default" Name="baseart" BGColor="ffffffff" TextColor="ffffffff" TooltipColor="">
            <Control Class="Window" LAnchorPoint="0" LAnchorOffset="0" TAnchorPoint="0" TAnchorOffset="0" RAnchorPoint="1" RAnchorOffset="0" BAnchorPoint="1" BAnchorOffset="0" RelativeToClient="1" Font="CRB_InterfaceMedium" Text="" Template="Default" Name="upperwindow" BGColor="ffffffff" TextColor="ffffffff" Picture="1" Sprite="CRB_UIKitSprites:spr_innerframePLAIN" />
            <Control Class="Window" LAnchorPoint="0" LAnchorOffset="0" TAnchorPoint="0" TAnchorOffset="192" RAnchorPoint="1" RAnchorOffset="0" BAnchorPoint="1" BAnchorOffset="0" RelativeToClient="1" Font="CRB_InterfaceMedium" Text="" Template="Default" Name="lowerart" BGColor="ffffffff" TextColor="ffffffff" Picture="1" Sprite="CRB_UIKitSprites:spr_baseframe" Visible="0" HideInEditor="1" />
        </Control>
        <Control Class="Grid" LAnchorPoint="0" LAnchorOffset="0" TAnchorPoint="0" TAnchorOffset="0" RAnchorPoint="1" RAnchorOffset="0" BAnchorPoint="0" BAnchorOffset="0" RelativeToClient="1" Font="CRB_InterfaceMedium" Sprite="" Text="" Template="CRB_Normal" Name="LootItemsList" BGColor="ffffffff" TextColor="ffffffff" Border="1" VScroll="1" MultiColumn="1" SelectWholeRow="1" HeaderRow="1" Picture="0" CellBGBase="btn_listBG_Arrow" RowHeight="31" FocusOnMouseOver="1" HeaderBG="CRB_UIKitSprites:spr_iconslotACTIVE" HeaderTextColor="ff87817b" HeaderHeight="20" BottomEdgeControlsAnchor="" UseTemplateBG="1" NewControlDepth="2" Visible="0" TooltipColor="" CellBGNormalColor="" CellBGSelectedColor="" CellBGNormalFocusColor="" CellBGSelectedFocusColor="" TextNormalColor="" TextSelectedColor="" TextNormalFocusColor="" TextSelectedFocusColor="">
            <Column Name="Item Name" Width="160" DT_VCENTER="1" Image="" DT_WORDBREAK="1" TextColor="" />
            <Column Name="N" Width="28" Image="" DT_VCENTER="1" TextColor="" />
            <Column Name="G" Width="28" DT_VCENTER="1" TextColor="" Image="" />
            <Column Name="S" Width="28" TextColor="" Image="" DT_VCENTER="1" />
            <Column Name="P" Width="28" TextColor="" Image="" DT_VCENTER="1" />
            <Event Name="GridSelChange" Function="OnLootItemChange" />
        </Control>
        <Control Class="TreeControl" LAnchorPoint="0" LAnchorOffset="8" TAnchorPoint="0" TAnchorOffset="7" RAnchorPoint="1" RAnchorOffset="-8" BAnchorPoint="1" BAnchorOffset="-44" RelativeToClient="1" Font="CRB_InterfaceMedium" Text="" Template="CRB_Normal" Name="LootItemsTree" BGColor="black" TextColor="ffffffff" NoLines="1" NoButtons="0" UseNodeColor="0" Visible="1" DT_VCENTER="1" NewControlDepth="1" VScroll="1" BottomEdgeControlsAnchor="LootItemsListBottom" UseTemplateBG="0" Sprite="WhiteFill" Picture="1" TooltipColor="">
            <Event Name="TreeSelectionChanged" Function="OnLootTreeSelChanged" />
            <Event Name="MouseMove" Function="OnLootTreeMouseMove" />
        </Control>
        <Control Class="Button" Font="CRB_InterfaceMedium" ButtonType="PushButton" RadioGroup="" LAnchorPoint="0" LAnchorOffset="8" TAnchorPoint="LootItemsListBottom" TAnchorOffset="0" RAnchorPoint="0" RAnchorOffset="102" BAnchorPoint="LootItemsListBottom" BAnchorOffset="37" DT_VCENTER="1" DT_CENTER="1" Name="Need" BGColor="ffffffff" TextColor="ff87817b" TestAlpha="1" Template="" Base="CRB_UIKitSprites:btn_square_LARGE_Green" WindowSoundTemplate="TogglePhys02" TextId="CRB_Need" NormalTextColor="ffffffff" PressedTextColor="ffffffff" FlybyTextColor="ffffffff" PressedFlybyTextColor="ffffffff" DisabledTextColor="ffffffff" TooltipColor="">
            <Event Name="ButtonSignal" Function="Need" />
        </Control>
        <Control Class="Button" Font="CRB_InterfaceMedium" ButtonType="PushButton" RadioGroup="" LAnchorPoint="0" LAnchorOffset="104" TAnchorPoint="LootItemsListBottom" TAnchorOffset="0" RAnchorPoint="0" RAnchorOffset="198" BAnchorPoint="LootItemsListBottom" BAnchorOffset="37" DT_VCENTER="1" DT_CENTER="1" Name="Greed" BGColor="ffffffff" TextColor="ffffffff" TextId="CRB_Greed" Base="CRB_UIKitSprites:btn_square_LARGE_Green" Template="" WindowSoundTemplate="TogglePhys02" NormalTextColor="ffffffff" PressedTextColor="ffffffff" FlybyTextColor="ffffffff" PressedFlybyTextColor="ffffffff" DisabledTextColor="ffffffff" TooltipColor="">
            <Event Name="ButtonSignal" Function="Greed" />
        </Control>
        <Control Class="Button" Font="CRB_InterfaceMedium" ButtonType="PushButton" RadioGroup="" LAnchorPoint="0" LAnchorOffset="152" TAnchorPoint="LootItemsListBottom" TAnchorOffset="0" RAnchorPoint="0" RAnchorOffset="222" BAnchorPoint="LootItemsListBottom" BAnchorOffset="37" DT_VCENTER="1" DT_CENTER="1" Name="Salvage" BGColor="ffffffff" TextColor="ffffffff" Template="" TestAlpha="1" TopEdgeControlsAnchor="" Base="CRB_UIKitSprites:btn_square_LARGE_Green" WindowSoundTemplate="TogglePhys03" TextId="CRB_Salvage" NormalTextColor="ffffffff" PressedTextColor="ffffffff" FlybyTextColor="ffffffff" PressedFlybyTextColor="ffffffff" DisabledTextColor="ffffffff" Visible="0" HideInEditor="1">
            <Event Name="ButtonSignal" Function="Salvage" />
        </Control>
        <Control Class="Button" Font="CRB_InterfaceMedium" ButtonType="PushButton" RadioGroup="" LAnchorPoint="0" LAnchorOffset="200" TAnchorPoint="LootItemsListBottom" TAnchorOffset="0" RAnchorPoint="0" RAnchorOffset="294" BAnchorPoint="LootItemsListBottom" BAnchorOffset="37" DT_VCENTER="1" DT_CENTER="1" Name="Pass" BGColor="ffffffff" TextColor="ffffffff" Base="CRB_UIKitSprites:btn_square_LARGE_Green" Template="" WindowSoundTemplate="TogglePhys03" TextId="CRB_Pass" NormalTextColor="ffffffff" PressedTextColor="ffffffff" FlybyTextColor="ffffffff" PressedFlybyTextColor="ffffffff" DisabledTextColor="ffffffff" TooltipColor="">
            <Event Name="ButtonSignal" Function="Pass" />
        </Control>
        <Control Class="Grid" LAnchorPoint="0" LAnchorOffset="4" TAnchorPoint="LootItemsListBottom" TAnchorOffset="48" RAnchorPoint="1" RAnchorOffset="-4" BAnchorPoint="1" BAnchorOffset="-10" RelativeToClient="1" Font="CRB_InterfaceMedium" Sprite="" Text="" Template="CRB_NormalFramedThin" Name="LootItemsHistory" BGColor="ffffffff" TextColor="ffffffff" Border="1" VScroll="1" MultiColumn="1" SelectWholeRow="1" HeaderRow="1" Picture="0" CellBGBase="btn_listBG_Arrow" RowHeight="31" FocusOnMouseOver="1" HeaderBG="CRB_UIKitSprites:spr_iconslotACTIVE" HeaderTextColor="ff87817b" HeaderHeight="20" UseTemplateBG="1" NewControlDepth="2" Visible="0" HideInEditor="1" TooltipColor="" CellBGNormalColor="" CellBGSelectedColor="" CellBGNormalFocusColor="" CellBGSelectedFocusColor="" TextNormalColor="" TextSelectedColor="" TextNormalFocusColor="" TextSelectedFocusColor="">
            <Column Name="Item Name" Width="160" Image="" DT_VCENTER="1" DT_WORDBREAK="1" TextColor="" />
            <Column Name="Winner" Width="56" Image="" DT_VCENTER="1" TextColor="" />
            <Column Name="Roll Value" Width="28" DT_RIGHT="1" DT_VCENTER="1" MergeLeft="1" TextColor="" Image="" />
            <Column Name="Roll Type" Width="28" DT_VCENTER="1" MergeLeft="1" TextColor="" Image="" />
            <Event Name="MouseMove" Function="OnLootHistoryMouseMove" />
        </Control>
        <Control Class="Window" LAnchorPoint="1" LAnchorOffset="11" TAnchorPoint="0" TAnchorOffset="0" RAnchorPoint="1" RAnchorOffset="138" BAnchorPoint="1" BAnchorOffset="0" RelativeToClient="1" Font="Default" Text="" Template="CRB_NormalFramedThin" Name="MasterLootSelect" BGColor="ffffffff" TextColor="ffffffff" IgnoreMouse="1" NoClip="1" Border="1" Picture="1" UseTemplateBG="1" TooltipColor="">
            <Control Class="Grid" LAnchorPoint="0" LAnchorOffset="7" TAnchorPoint="0" TAnchorOffset="7" RAnchorPoint="1" RAnchorOffset="-7" BAnchorPoint="1" BAnchorOffset="-44" RelativeToClient="1" Font="Default" Text="" Template="CRB_Normal" Name="MasterLooterGrid" BGColor="ffffffff" TextColor="ffffffff" VScroll="1" Picture="1" TooltipColor="" CellBGNormalColor="" CellBGSelectedColor="" CellBGNormalFocusColor="" CellBGSelectedFocusColor="" TextNormalColor="" TextSelectedColor="" TextNormalFocusColor="" TextSelectedFocusColor="">
                <Column Name="Player" Width="88" TextColor="White" Image="" MinWidth="10" MaxWidth="2048" MergeLeft="0" SimpleSort="1" DT_VCENTER="1" />
                <Event Name="GridSelChange" Function="OnMasterLooterChange" />
            </Control>
            <Control Class="Button" Font="CRB_InterfaceMedium" ButtonType="PushButton" RadioGroup="" LAnchorPoint="0" LAnchorOffset="10" TAnchorPoint="1" TAnchorOffset="-44" RAnchorPoint="1" RAnchorOffset="-10" BAnchorPoint="1" BAnchorOffset="-7" DT_VCENTER="1" DT_CENTER="1" Name="Assign" BGColor="ffffffff" TextColor="ff87817b" TestAlpha="1" Template="CRB_NormalFramedThin" Base="CRB_UIKitSprites:btn_square_LARGE_Green" WindowSoundTemplate="TogglePhys02" TextId="GroupBag_Assign" NormalTextColor="ffffffff" PressedTextColor="ffffffff" FlybyTextColor="ffffffff" PressedFlybyTextColor="ffffffff" DisabledTextColor="ffffffff" Text="" Tooltip="" TooltipColor="">
                <Event Name="ButtonSignal" Function="MasterAssign" />
            </Control>
        </Control>
    </Form>
</Forms>
