<Forms>
    <Form Class="Window" LAnchorPoint="1" LAnchorOffset="-1013" TAnchorPoint="1" TAnchorOffset="-654" RAnchorPoint="1" RAnchorOffset="-700" BAnchorPoint="1" BAnchorOffset="-190" RelativeToClient="1" Font="Default" Text="" Template="Default" Name="SupplySatchelForm" Border="0" Picture="0" SwallowMouseClicks="1" Moveable="1" Escapable="1" Overlapped="1" BGColor="ffffffff" TextColor="ffffffff" Visible="0" IgnoreMouse="0" Sizable="1" Scalable="0" Tooltip="" TooltipId="" TooltipColor="" Sprite="WhiteFill">
        <Control Class="Window" LAnchorPoint="0" LAnchorOffset="8" TAnchorPoint="0" TAnchorOffset="38" RAnchorPoint="1" RAnchorOffset="-8" BAnchorPoint="1" BAnchorOffset="-8" RelativeToClient="1" Font="Default" Text="" Template="Default" Name="BGGridArt" BGColor="ffffffff" TextColor="ffffffff" Tooltip="" TooltipId="" Picture="1" IgnoreMouse="1" Sprite="CRB_Basekit:kitBase_MetalGrey_Small" TooltipColor="" HideInEditor="0">
            <Control Class="Window" LAnchorPoint="0" LAnchorOffset="0" TAnchorPoint="0" TAnchorOffset="54" RAnchorPoint="1" RAnchorOffset="0" BAnchorPoint="1" BAnchorOffset="0" RelativeToClient="1" Font="Default" Text="" Template="Default" Name="MainGridContainer" BGColor="ffffffff" TextColor="ffffffff" Picture="1" IgnoreMouse="1" Sprite="CRB_Basekit:kitInnerFrame_MetalGrey_Small" Overlapped="1" HideInEditor="0" TooltipColor="">
                <Control Class="Window" LAnchorPoint="0" LAnchorOffset="12" TAnchorPoint="0" TAnchorOffset="12" RAnchorPoint="1" RAnchorOffset="-12" BAnchorPoint="1" BAnchorOffset="-12" RelativeToClient="1" Font="Default" Text="" Template="CRB_Scroll_MetalLarge" Name="CategoryList" BGColor="ffffffff" TextColor="ffffffff" VScroll="1" IgnoreMouse="1" TooltipColor=""/>
            </Control>
        </Control>
        <Control Class="Window" LAnchorPoint="0" LAnchorOffset="14" TAnchorPoint="0" TAnchorOffset="14" RAnchorPoint="1" RAnchorOffset="-14" BAnchorPoint="0" BAnchorOffset="51" RelativeToClient="1" Font="Default" Text="" Template="Default" Name="Title" BGColor="ffffffff" TextColor="ffffffff" Picture="1" IgnoreMouse="1" Sprite="CRB_Basekit:kitHeader_MetalGrey_TitleMarked" TextId="" TooltipColor="">
            <Pixie LAnchorPoint="0" LAnchorOffset="0" TAnchorPoint="0" TAnchorOffset="0" RAnchorPoint="1" RAnchorOffset="0" BAnchorPoint="1" BAnchorOffset="-6" BGColor="ffffffff" Font="CRB_InterfaceMedium_B" TextColor="ff5f6662" Text="" TextId="SupplySatchel_Title" DT_CENTER="1" DT_VCENTER="1" Line="0"/>
        </Control>
        <Control Class="Window" LAnchorPoint="0" LAnchorOffset="18" TAnchorPoint="0" TAnchorOffset="42" RAnchorPoint="1" RAnchorOffset="-18" BAnchorPoint="0" BAnchorOffset="98" RelativeToClient="1" Font="Default" Text="" Template="Default" Name="BGBottom" BGColor="ffffffff" TextColor="ffffffff" Sprite="CRB_Basekit:kitBase_SmallPlain" Picture="1" IgnoreMouse="1" Tooltip="" TooltipId="" TooltipColor="">
            <Control Class="Window" LAnchorPoint="0" LAnchorOffset="4" TAnchorPoint="0" TAnchorOffset="4" RAnchorPoint="1" RAnchorOffset="-102" BAnchorPoint="1" BAnchorOffset="-4" RelativeToClient="1" Font="Default" Text="" Template="Default" TooltipType="OnCursor" Name="SearchContainer" BGColor="ffffffff" TextColor="ffffffff" TooltipColor="" Tooltip="">
                <Control Class="EditBox" LAnchorPoint="0" LAnchorOffset="18" TAnchorPoint="0.5" TAnchorOffset="-13" RAnchorPoint="1" RAnchorOffset="-26" BAnchorPoint="0.5" BAnchorOffset="13" RelativeToClient="1" Font="CRB_InterfaceMedium_B" Text="" Template="Default" Name="SearchBox" BGColor="ffffffff" TextColor="ffffffff" TextId="" DT_VCENTER="1" PromptTextId="CRB_Search" PromptFont="CRB_InterfaceMedium" ClearOnEscape="0" TooltipColor="">
                    <Event Name="EditBoxChanged" Function="OnSearchBoxChanged"/>
                </Control>
                <Control Class="Button" Base="CRB_Basekit:kitBtn_Holo_Close2" Font="Thick" ButtonType="PushButton" RadioGroup="" LAnchorPoint="1" LAnchorOffset="-27" TAnchorPoint="0" TAnchorOffset="18" RAnchorPoint="1" RAnchorOffset="-11" BAnchorPoint="0" BAnchorOffset="34" DT_VCENTER="1" DT_CENTER="1" TooltipType="OnCursor" Name="SearchClearBtn" BGColor="ffffffff" TextColor="ffffffff" TooltipColor="" NormalTextColor="ffffffff" PressedTextColor="ffffffff" FlybyTextColor="ffffffff" PressedFlybyTextColor="ffffffff" DisabledTextColor="ffffffff">
                    <Event Name="ButtonSignal" Function="OnSearchClearBtn"/>
                </Control>
                <Pixie LAnchorPoint="0" LAnchorOffset="10" TAnchorPoint="0.5" TAnchorOffset="-16" RAnchorPoint="1" RAnchorOffset="-10" BAnchorPoint="0.5" BAnchorOffset="16" BGColor="ffffffff" Font="Default" TextColor="ffffffff" Text="" TextId="" Sprite="CRB_Basekit:kitBase_MetalGrey_ListSmall" DT_VCENTER="1" Line="0"/>
                <Pixie LAnchorPoint="0" LAnchorOffset="0" TAnchorPoint="0" TAnchorOffset="0" RAnchorPoint="1" RAnchorOffset="0" BAnchorPoint="1" BAnchorOffset="0" BGColor="ffffffff" Font="Default" TextColor="ffffffff" Text="" Sprite="CRB_Basekit:kitInnerFrame_MetalGrey_Small" Line="0"/>
            </Control>
            <Control Class="Button" Base="CRB_Basekit:kitBtn_ListHeader_Top" Font="CRB_InterfaceSmall_O" ButtonType="Check" RadioGroup="" LAnchorPoint="1" LAnchorOffset="-104" TAnchorPoint="0" TAnchorOffset="10" RAnchorPoint="1" RAnchorOffset="-10" BAnchorPoint="1" BAnchorOffset="-10" DT_VCENTER="1" DT_CENTER="1" TooltipType="OnCursor" Name="ShowAllBtn" BGColor="ffffffff" TextColor="ffffffff" TooltipColor="" NormalTextColor="UI_BtnTextGrayNormal" PressedTextColor="UI_BtnTextGrayListPressed" FlybyTextColor="UI_BtnTextGrayListFlyby" PressedFlybyTextColor="UI_BtnTextGrayListPressedFlyby" DisabledTextColor="UI_BtnTextGrayListDisabled" Text="" DrawAsCheckbox="0" TextId="Archive_ShowAll" RelativeToClient="1">
                <Event Name="ButtonCheck" Function="OnShowAll"/>
                <Event Name="ButtonUncheck" Function="OnShowAll"/>
            </Control>
        </Control>
        <Control Class="Window" LAnchorPoint="0" LAnchorOffset="-6" TAnchorPoint="0" TAnchorOffset="-6" RAnchorPoint="1" RAnchorOffset="6" BAnchorPoint="1" BAnchorOffset="6" RelativeToClient="1" Font="Default" Text="" Template="Default" Name="BGFrame" BGColor="ffffffff" TextColor="ffffffff" Picture="1" IgnoreMouse="1" Sprite="CRB_Basekit:kitOuterFrame_MetalGold_Small1" NewControlDepth="1" NewWindowDepth="0" NoClip="1" TooltipColor="" Tooltip="">
            <Pixie LAnchorPoint="1" LAnchorOffset="-58" TAnchorPoint="1" TAnchorOffset="-59" RAnchorPoint="1" RAnchorOffset="-5" BAnchorPoint="1" BAnchorOffset="-8" BGColor="ffffffff" Font="Default" TextColor="ffffffff" Text="" Sprite="CRB_Basekit:kitBtn_ExpandNormal" Line="0"/>
        </Control>
        <Control Class="Button" Base="CRB_Basekit:kitBtn_Close" Font="Thick" ButtonType="PushButton" RadioGroup="" LAnchorPoint="1" LAnchorOffset="-32" TAnchorPoint="0" TAnchorOffset="7" RAnchorPoint="1" RAnchorOffset="-5" BAnchorPoint="0" BAnchorOffset="36" DT_VCENTER="1" DT_CENTER="1" Name="CloseBtn" BGColor="ffffffff" TextColor="ffffffff" NormalTextColor="ffffffff" PressedTextColor="ffffffff" FlybyTextColor="ffffffff" PressedFlybyTextColor="ffffffff" DisabledTextColor="ffffffff" RelativeToClient="1" Overlapped="1" NewWindowDepth="0" TooltipColor="">
            <Event Name="ButtonSignal" Function="OnToggleVisibility"/>
        </Control>
        <Event Name="MouseButtonUp" Function="OnMainWindowMouseButtonUp"/>
        <Control Class="Window" LAnchorPoint="0" LAnchorOffset="0" TAnchorPoint="0" TAnchorOffset="0" RAnchorPoint="1" RAnchorOffset="0" BAnchorPoint="1" BAnchorOffset="0" RelativeToClient="1" Font="Default" Text="" Template="Default" Name="DragHandler" BGColor="ffffffff" TextColor="ffffffff" VScroll="0" IgnoreMouse="1" TooltipColor="" NewWindowDepth="1">
            <Event Name="DragDrop" Function="OnDragDrop"/>
            <Event Name="QueryDragDrop" Function="OnQueryDragDrop"/>
        </Control>
    </Form>
    <Form Class="Window" LAnchorPoint="0" LAnchorOffset="0" TAnchorPoint="0" TAnchorOffset="0" RAnchorPoint="1" RAnchorOffset="0" BAnchorPoint="0" BAnchorOffset="30" RelativeToClient="1" Font="Default" Text="" Template="CRB_Normal" Name="Category" Border="0" Picture="0" SwallowMouseClicks="1" Moveable="0" Escapable="0" Overlapped="0" BGColor="ffffffff" TextColor="ffffffff" TextId="" HScroll="0" UseTemplateBG="0" TooltipColor="" IgnoreMouse="1">
        <Control Class="Window" LAnchorPoint="0" LAnchorOffset="4" TAnchorPoint="0" TAnchorOffset="0" RAnchorPoint="1" RAnchorOffset="-52" BAnchorPoint="0" BAnchorOffset="22" RelativeToClient="1" Font="CRB_InterfaceMedium" Template="Default" Name="CategoryText" BGColor="ffffffff" TextColor="ff9aaea3" DT_VCENTER="1" TextId="CRB__2" Text="" TooltipColor=""/>
        <Control Class="Window" LAnchorPoint="0" LAnchorOffset="0" TAnchorPoint="0" TAnchorOffset="22" RAnchorPoint="1" RAnchorOffset="0" BAnchorPoint="1" BAnchorOffset="-8" RelativeToClient="1" Font="Default" Text="" Template="Default" TooltipType="OnCursor" Name="ItemList" BGColor="ffffffff" TextColor="ffffffff" TooltipColor=""/>
        <Pixie LAnchorPoint="0" LAnchorOffset="0" TAnchorPoint="0" TAnchorOffset="0" RAnchorPoint="1" RAnchorOffset="0" BAnchorPoint="0" BAnchorOffset="22" BGColor="ffffffff" Font="Default" TextColor="ffffffff" Text="" TextId="" Sprite="CRB_Basekit:kitHeader_MetalGrey_TitleMarked" Line="0"/>
    </Form>
    <Form Class="Window" LAnchorPoint="0" LAnchorOffset="0" TAnchorPoint="0" TAnchorOffset="0" RAnchorPoint="0" RAnchorOffset="40" BAnchorPoint="0" BAnchorOffset="40" RelativeToClient="1" Font="Default" Text="" Template="Default" Name="Item" Picture="1" SwallowMouseClicks="1" Overlapped="1" BGColor="ffffffff" TextColor="ffffffff" IgnoreMouse="0" Sprite="CRB_Basekit:kitBase_MetalGrey_IconLarge" Tooltip="" TooltipType="OnCursor" IgnoreTooltipDelay="1" TooltipColor="">
        <Control Class="Window" LAnchorPoint="0" LAnchorOffset="4" TAnchorPoint="0" TAnchorOffset="4" RAnchorPoint="1" RAnchorOffset="-4" BAnchorPoint="1" BAnchorOffset="-4" RelativeToClient="1" Font="Default" Text="" Template="Default" Name="Icon" BGColor="ffffffff" TextColor="ffffffff" Picture="1" IgnoreMouse="1" IgnoreTooltipDelay="1" TooltipType="OnCursor" TooltipColor="" Sprite="ClientSprites:Icon_ItemMisc_UI_Item_Leaf" Tooltip=""/>
        <Control Class="Window" LAnchorPoint="0" LAnchorOffset="-8" TAnchorPoint="0" TAnchorOffset="-8" RAnchorPoint="1" RAnchorOffset="8" BAnchorPoint="1" BAnchorOffset="8" RelativeToClient="1" Font="Default" Text="" Template="Default" TooltipType="OnCursor" Name="HighCountWarnFrame" BGColor="ffffffff" TextColor="ffffffff" TooltipColor="" Picture="1" IgnoreMouse="1" Sprite="CRB_Basekit:kitAccent_Frame_OrangeStroke" Visible="0" NoClip="0" HideInEditor="0"/>
        <Control Class="Window" LAnchorPoint="0" LAnchorOffset="4" TAnchorPoint="0" TAnchorOffset="4" RAnchorPoint="1" RAnchorOffset="-6" BAnchorPoint="1" BAnchorOffset="-4" RelativeToClient="1" Font="CRB_InterfaceSmall_O" Text="" Template="Default" Name="Count" BGColor="ffffffff" TextColor="ffffffff" DT_BOTTOM="1" DT_RIGHT="1" TextId="" Tooltip="" TooltipColor="" DT_WORDBREAK="1"/>
        <Event Name="MouseButtonDown" Function="OnItemMouseButtonDown"/>
        <Event Name="MouseMove" Function="OnItemMouseMove"/>
        <Event Name="MouseButtonUp" Function="OnItemMouseButtonUp"/>
        <Event Name="DragDrop" Function="OnDragDrop"/>
        <Event Name="QueryDragDrop" Function="OnQueryDragDrop"/>
    </Form>
</Forms>
