<Forms>
    <Form Class="Window" LAnchorPoint="1" LAnchorOffset="0" TAnchorPoint="0" TAnchorOffset="10" RAnchorPoint="1" RAnchorOffset="197" BAnchorPoint="0" BAnchorOffset="297" RelativeToClient="1" Font="Default" Text="" Template="Default" Name="GroupLeaderOptions" Border="0" Picture="1" SwallowMouseClicks="1" Moveable="0" Escapable="1" Overlapped="1" BGColor="white" TextColor="white" Visible="0" Sprite="" CloseOnExternalClick="1" TransitionShowHide="0" TooltipColor="" Tooltip="" NoClip="1" NewWindowDepth="1">
        <Control Class="Window" LAnchorPoint="0" LAnchorOffset="-21" TAnchorPoint="0" TAnchorOffset="-21" RAnchorPoint="1" RAnchorOffset="23" BAnchorPoint="1" BAnchorOffset="9" RelativeToClient="1" Font="Default" Text="" BGColor="UI_WindowBGDefault" TextColor="UI_WindowTextDefault" Template="Default" TooltipType="OnCursor" Name="HoloFraming" TooltipColor="" Sprite="BK3:UI_BK3_Holo_Framing_3" Picture="1" IgnoreMouse="1" NoClip="1"/>
        <Control Class="Window" LAnchorPoint="0" LAnchorOffset="8" TAnchorPoint="0" TAnchorOffset="8" RAnchorPoint="1" RAnchorOffset="-8" BAnchorPoint="1" BAnchorOffset="-8" RelativeToClient="1" Font="Default" Text="" Template="Default" Name="ArrangeVert" BGColor="white" TextColor="white" Sprite="" TooltipColor="" Tooltip="">
            <Control Class="Button" Base="BK3:btnHolo_ListView_Mid" Font="CRB_InterfaceMedium_O" ButtonType="Check" RadioGroup="GroupDisplay_GroupLeaderOptions" LAnchorPoint="0" LAnchorOffset="0" TAnchorPoint="0" TAnchorOffset="0" RAnchorPoint="1" RAnchorOffset="0" BAnchorPoint="0" BAnchorOffset="25" DT_VCENTER="1" DT_CENTER="0" Name="ThresholdDistribution" BGColor="white" TextColor="UI_BtnTextHoloNormal" NormalTextColor="UI_BtnTextHoloNormal" PressedTextColor="UI_BtnTextHoloPressed" FlybyTextColor="UI_BtnTextHoloFlyby" PressedFlybyTextColor="UI_BtnTextHoloPressedFlyby" DisabledTextColor="UI_BtnTextHoloDisabled" Sprite="" Picture="0" Text="" TextId="" Tooltip="" GlobalRadioGroup="" RadioDisallowNonSelection="0" TooltipColor="" RelativeToClient="1" TestAlpha="0">
                <Control Class="Window" LAnchorPoint="0" LAnchorOffset="12" TAnchorPoint="0" TAnchorOffset="0" RAnchorPoint="1" RAnchorOffset="0" BAnchorPoint="1" BAnchorOffset="0" RelativeToClient="1" Font="CRB_InterfaceMedium" Text="" Template="Default" TooltipType="OnCursor" Name="OptionsBtnText" BGColor="white" TextColor="UI_BtnTextBlueNormal" TooltipColor="" DT_VCENTER="1" TextId="Group_LootRulesBtn">
                    <Event Name="MouseEnter" Function="OnOptionsWindowBtnMouseEnter"/>
                    <Event Name="MouseExit" Function="OnOptionsWindowBtnMouseExit"/>
                </Control>
                <Control Class="Window" LAnchorPoint="1" LAnchorOffset="-19" TAnchorPoint="0.5" TAnchorOffset="-8" RAnchorPoint="1" RAnchorOffset="-3" BAnchorPoint="0.5" BAnchorOffset="10" RelativeToClient="1" Font="Default" Text="" Template="Default" Name="BtnArrow" BGColor="white" TextColor="white" Picture="1" IgnoreMouse="1" Sprite="Crafting_CircuitSprites:btnCircuit_Holo_RightArrowNormal" Visible="1" HideInEditor="0" TooltipColor=""/>
                <Event Name="ButtonCheck" Function="ResetMouseEnterHighlights"/>
            </Control>
            <Control Class="Button" Base="BK3:btnHolo_ListView_Mid" Font="CRB_InterfaceMedium_O" ButtonType="Check" RadioGroup="GroupDisplay_GroupLeaderOptions" LAnchorPoint="0" LAnchorOffset="0" TAnchorPoint="0" TAnchorOffset="25" RAnchorPoint="1" RAnchorOffset="0" BAnchorPoint="0" BAnchorOffset="50" DT_VCENTER="1" DT_CENTER="0" Name="LootThreshold" BGColor="white" TextColor="UI_BtnTextHoloNormal" NormalTextColor="UI_BtnTextHoloNormal" PressedTextColor="UI_BtnTextHoloPressed" FlybyTextColor="UI_BtnTextHoloFlyby" PressedFlybyTextColor="UI_BtnTextHoloPressedFlyby" DisabledTextColor="UI_BtnTextHoloDisabled" Sprite="" Picture="0" Text="" TextId="" Tooltip="" GlobalRadioGroup="" RadioDisallowNonSelection="0" TooltipColor="" RelativeToClient="1" TestAlpha="0">
                <Control Class="Window" LAnchorPoint="1" LAnchorOffset="-19" TAnchorPoint="0.5" TAnchorOffset="-8" RAnchorPoint="1" RAnchorOffset="-3" BAnchorPoint="0.5" BAnchorOffset="10" RelativeToClient="1" Font="Default" Text="" Template="Default" Name="BtnArrow" BGColor="white" TextColor="white" Picture="1" IgnoreMouse="1" Sprite="Crafting_CircuitSprites:btnCircuit_Holo_RightArrowNormal" Visible="1" HideInEditor="0" TooltipColor=""/>
                <Control Class="Window" LAnchorPoint="0" LAnchorOffset="12" TAnchorPoint="0" TAnchorOffset="0" RAnchorPoint="1" RAnchorOffset="0" BAnchorPoint="1" BAnchorOffset="0" RelativeToClient="1" Font="CRB_InterfaceMedium" Text="" Template="Default" TooltipType="OnCursor" Name="OptionsBtnText" BGColor="white" TextColor="UI_BtnTextBlueNormal" TooltipColor="" DT_VCENTER="1" TextId="Group_LootThresholdBtn">
                    <Event Name="MouseEnter" Function="OnOptionsWindowBtnMouseEnter"/>
                    <Event Name="MouseExit" Function="OnOptionsWindowBtnMouseExit"/>
                </Control>
                <Event Name="ButtonCheck" Function="ResetMouseEnterHighlights"/>
            </Control>
            <Control Class="Button" Base="BK3:btnHolo_ListView_Mid" Font="CRB_InterfaceMedium_O" ButtonType="Check" RadioGroup="GroupDisplay_GroupLeaderOptions" LAnchorPoint="0" LAnchorOffset="0" TAnchorPoint="0" TAnchorOffset="67" RAnchorPoint="1" RAnchorOffset="0" BAnchorPoint="0" BAnchorOffset="92" DT_VCENTER="1" DT_CENTER="0" Name="Mentoring" BGColor="white" TextColor="UI_BtnTextHoloNormal" NormalTextColor="UI_BtnTextHoloNormal" PressedTextColor="UI_BtnTextHoloPressed" FlybyTextColor="UI_BtnTextHoloFlyby" PressedFlybyTextColor="UI_BtnTextHoloPressedFlyby" DisabledTextColor="UI_BtnTextHoloDisabled" Sprite="" Picture="0" Text="" TextId="" Tooltip="" GlobalRadioGroup="" RadioDisallowNonSelection="0" TooltipColor="" RelativeToClient="1" TestAlpha="0">
                <Control Class="Window" LAnchorPoint="1" LAnchorOffset="-19" TAnchorPoint="0.5" TAnchorOffset="-8" RAnchorPoint="1" RAnchorOffset="-3" BAnchorPoint="0.5" BAnchorOffset="10" RelativeToClient="1" Font="Default" Text="" Template="Default" Name="BtnArrow" BGColor="white" TextColor="white" Picture="1" IgnoreMouse="1" Sprite="Crafting_CircuitSprites:btnCircuit_Holo_RightArrowNormal" Visible="1" HideInEditor="0" TooltipColor=""/>
                <Control Class="Window" LAnchorPoint="0" LAnchorOffset="12" TAnchorPoint="0" TAnchorOffset="0" RAnchorPoint="1" RAnchorOffset="0" BAnchorPoint="1" BAnchorOffset="0" RelativeToClient="1" Font="CRB_InterfaceMedium" Text="" Template="Default" TooltipType="OnCursor" Name="OptionsBtnText" BGColor="white" TextColor="UI_BtnTextBlueNormal" TooltipColor="" DT_VCENTER="1" TextId="CRB_Mentoring">
                    <Event Name="MouseEnter" Function="OnOptionsWindowBtnMouseEnter"/>
                    <Event Name="MouseExit" Function="OnOptionsWindowBtnMouseExit"/>
                </Control>
                <Event Name="ButtonCheck" Function="ResetMouseEnterHighlights"/>
                <Event Name="ButtonCheck" Function="HelperRedrawMentoring"/>
            </Control>
            <Control Class="Button" Base="BK3:btnHolo_ListView_Mid" Font="CRB_InterfaceMedium_O" ButtonType="Check" RadioGroup="GroupDisplay_GroupLeaderOptions" LAnchorPoint="0" LAnchorOffset="0" TAnchorPoint="0" TAnchorOffset="92" RAnchorPoint="1" RAnchorOffset="0" BAnchorPoint="0" BAnchorOffset="117" DT_VCENTER="1" DT_CENTER="0" Name="JoinRequest" BGColor="white" TextColor="UI_BtnTextHoloNormal" NormalTextColor="UI_BtnTextHoloNormal" PressedTextColor="UI_BtnTextHoloPressed" FlybyTextColor="UI_BtnTextHoloFlyby" PressedFlybyTextColor="UI_BtnTextHoloPressedFlyby" DisabledTextColor="UI_BtnTextHoloDisabled" Sprite="" Picture="0" Text="" TextId="" Tooltip="" GlobalRadioGroup="" RadioDisallowNonSelection="0" TooltipColor="" RelativeToClient="1" TestAlpha="0">
                <Control Class="Window" LAnchorPoint="1" LAnchorOffset="-19" TAnchorPoint="0.5" TAnchorOffset="-8" RAnchorPoint="1" RAnchorOffset="-3" BAnchorPoint="0.5" BAnchorOffset="10" RelativeToClient="1" Font="Default" Text="" Template="Default" Name="BtnArrow" BGColor="white" TextColor="white" Picture="1" IgnoreMouse="1" Sprite="Crafting_CircuitSprites:btnCircuit_Holo_RightArrowNormal" Visible="1" HideInEditor="0" TooltipColor=""/>
                <Control Class="Window" LAnchorPoint="0" LAnchorOffset="12" TAnchorPoint="0" TAnchorOffset="0" RAnchorPoint="1" RAnchorOffset="0" BAnchorPoint="1" BAnchorOffset="0" RelativeToClient="1" Font="CRB_InterfaceMedium" Text="" Template="Default" TooltipType="OnCursor" Name="OptionsBtnText" BGColor="white" TextColor="UI_BtnTextBlueNormal" TooltipColor="" DT_VCENTER="1" TextId="CRB_Join_Requests">
                    <Event Name="MouseEnter" Function="OnOptionsWindowBtnMouseEnter"/>
                    <Event Name="MouseExit" Function="OnOptionsWindowBtnMouseExit"/>
                </Control>
                <Event Name="ButtonCheck" Function="ResetMouseEnterHighlights"/>
            </Control>
            <Control Class="Button" Base="BK3:btnHolo_ListView_Mid" Font="CRB_InterfaceMedium_O" ButtonType="Check" RadioGroup="GroupDisplay_GroupLeaderOptions" LAnchorPoint="0" LAnchorOffset="0" TAnchorPoint="0" TAnchorOffset="117" RAnchorPoint="1" RAnchorOffset="0" BAnchorPoint="0" BAnchorOffset="142" DT_VCENTER="1" DT_CENTER="0" Name="Referral" BGColor="white" TextColor="UI_BtnTextHoloNormal" NormalTextColor="UI_BtnTextHoloNormal" PressedTextColor="UI_BtnTextHoloPressed" FlybyTextColor="UI_BtnTextHoloFlyby" PressedFlybyTextColor="UI_BtnTextHoloPressedFlyby" DisabledTextColor="UI_BtnTextHoloDisabled" Sprite="" Picture="0" Text="" TextId="" Tooltip="" GlobalRadioGroup="" RadioDisallowNonSelection="0" TooltipColor="" RelativeToClient="1" TestAlpha="0">
                <Control Class="Window" LAnchorPoint="0" LAnchorOffset="12" TAnchorPoint="0" TAnchorOffset="0" RAnchorPoint="1" RAnchorOffset="0" BAnchorPoint="1" BAnchorOffset="0" RelativeToClient="1" Font="CRB_InterfaceMedium" Text="" Template="Default" TooltipType="OnCursor" Name="OptionsBtnText" BGColor="white" TextColor="UI_BtnTextBlueNormal" TooltipColor="" DT_VCENTER="1" TextId="CRB_Referrals">
                    <Event Name="MouseEnter" Function="OnOptionsWindowBtnMouseEnter"/>
                    <Event Name="MouseExit" Function="OnOptionsWindowBtnMouseExit"/>
                </Control>
                <Event Name="ButtonCheck" Function="ResetMouseEnterHighlights"/>
                <Control Class="Window" LAnchorPoint="1" LAnchorOffset="-19" TAnchorPoint="0.5" TAnchorOffset="-8" RAnchorPoint="1" RAnchorOffset="-3" BAnchorPoint="0.5" BAnchorOffset="10" RelativeToClient="1" Font="Default" Text="" Template="Default" Name="BtnArrow" BGColor="white" TextColor="white" Picture="1" IgnoreMouse="1" Sprite="Crafting_CircuitSprites:btnCircuit_Holo_RightArrowNormal" Visible="1" HideInEditor="0" TooltipColor=""/>
            </Control>
            <Control Class="Button" Base="BK3:btnHolo_ListView_Mid" Font="CRB_InterfaceMedium_O" ButtonType="PushButton" RadioGroup="" LAnchorPoint="0" LAnchorOffset="0" TAnchorPoint="1" TAnchorOffset="-112" RAnchorPoint="1" RAnchorOffset="0" BAnchorPoint="1" BAnchorOffset="-87" DT_VCENTER="1" DT_CENTER="0" Name="LeaveGroup" BGColor="white" TextColor="UI_BtnTextHoloNormal" NormalTextColor="UI_BtnTextHoloNormal" PressedTextColor="UI_BtnTextHoloPressed" FlybyTextColor="UI_BtnTextHoloFlyby" PressedFlybyTextColor="UI_BtnTextHoloPressedFlyby" DisabledTextColor="UI_BtnTextHoloDisabled" Sprite="" Picture="0" Text="" TextId="" Tooltip="" TooltipColor="" RelativeToClient="1" TestAlpha="0">
                <Event Name="ButtonSignal" Function="OnLeaveGroup"/>
                <Control Class="Window" LAnchorPoint="0" LAnchorOffset="12" TAnchorPoint="0" TAnchorOffset="0" RAnchorPoint="1" RAnchorOffset="0" BAnchorPoint="1" BAnchorOffset="0" RelativeToClient="1" Font="CRB_InterfaceMedium" Text="" Template="Default" TooltipType="OnCursor" Name="OptionsBtnText" BGColor="white" TextColor="UI_BtnTextBlueNormal" TooltipColor="" DT_VCENTER="1" TextId="CRB_Leave_Group">
                    <Event Name="MouseEnter" Function="OnOptionsWindowBtnMouseEnter"/>
                    <Event Name="MouseExit" Function="OnOptionsWindowBtnMouseExit"/>
                </Control>
            </Control>
            <Control Class="Button" Base="BK3:btnHolo_ListView_Mid" Font="CRB_InterfaceMedium_O" ButtonType="PushButton" RadioGroup="" LAnchorPoint="0" LAnchorOffset="0" TAnchorPoint="1" TAnchorOffset="-87" RAnchorPoint="1" RAnchorOffset="0" BAnchorPoint="1" BAnchorOffset="-62" DT_VCENTER="1" DT_CENTER="0" Name="DisbandGroup" BGColor="white" TextColor="UI_BtnTextHoloNormal" NormalTextColor="UI_BtnTextHoloNormal" PressedTextColor="UI_BtnTextHoloPressed" FlybyTextColor="UI_BtnTextHoloFlyby" PressedFlybyTextColor="UI_BtnTextHoloPressedFlyby" DisabledTextColor="UI_BtnTextHoloDisabled" Sprite="" Picture="0" Text="" TextId="" Tooltip="" TooltipColor="" RelativeToClient="1" TestAlpha="0">
                <Event Name="ButtonSignal" Function="OnDisbandGroup"/>
                <Control Class="Window" LAnchorPoint="0" LAnchorOffset="12" TAnchorPoint="0" TAnchorOffset="0" RAnchorPoint="1" RAnchorOffset="0" BAnchorPoint="1" BAnchorOffset="0" RelativeToClient="1" Font="CRB_InterfaceMedium" Text="" Template="Default" TooltipType="OnCursor" Name="OptionsBtnText" BGColor="white" TextColor="UI_BtnTextBlueNormal" TooltipColor="" DT_VCENTER="1" TextId="CRB_Disband_Group">
                    <Event Name="MouseEnter" Function="OnOptionsWindowBtnMouseEnter"/>
                    <Event Name="MouseExit" Function="OnOptionsWindowBtnMouseExit"/>
                </Control>
            </Control>
            <Control Class="Button" Base="BK3:btnHolo_ListView_Mid" Font="CRB_InterfaceMedium_O" ButtonType="PushButton" RadioGroup="" LAnchorPoint="0" LAnchorOffset="0" TAnchorPoint="1" TAnchorOffset="-62" RAnchorPoint="1" RAnchorOffset="0" BAnchorPoint="1" BAnchorOffset="-37" DT_VCENTER="1" DT_CENTER="0" Name="ResetInstances" BGColor="white" TextColor="UI_BtnTextHoloNormal" NormalTextColor="UI_BtnTextHoloNormal" PressedTextColor="UI_BtnTextHoloPressed" FlybyTextColor="UI_BtnTextHoloFlyby" PressedFlybyTextColor="UI_BtnTextHoloPressedFlyby" DisabledTextColor="UI_BtnTextHoloDisabled" Sprite="" Picture="0" Text="" TextId="" Tooltip="" TooltipColor="" RelativeToClient="1" TestAlpha="0">
                <Event Name="ButtonSignal" Function="OnResetInstances"/>
                <Control Class="Window" LAnchorPoint="0" LAnchorOffset="12" TAnchorPoint="0" TAnchorOffset="0" RAnchorPoint="1" RAnchorOffset="0" BAnchorPoint="1" BAnchorOffset="0" RelativeToClient="1" Font="CRB_InterfaceMedium" Text="Reset Instances" Template="Default" TooltipType="OnCursor" Name="OptionsBtnText" BGColor="white" TextColor="UI_BtnTextBlueNormal" TooltipColor="" DT_VCENTER="1" TextId="">
                    <Event Name="MouseEnter" Function="OnOptionsWindowBtnMouseEnter"/>
                    <Event Name="MouseExit" Function="OnOptionsWindowBtnMouseExit"/>
                </Control>
            </Control>
            <Control Class="Button" Base="BK3:btnHolo_ListView_Mid" Font="CRB_InterfaceMedium_O" ButtonType="PushButton" RadioGroup="" LAnchorPoint="0" LAnchorOffset="0" TAnchorPoint="1" TAnchorOffset="-37" RAnchorPoint="1" RAnchorOffset="0" BAnchorPoint="1" BAnchorOffset="-12" DT_VCENTER="1" DT_CENTER="0" Name="ConvertToRaid" BGColor="white" TextColor="UI_BtnTextHoloNormal" NormalTextColor="UI_BtnTextHoloNormal" PressedTextColor="UI_BtnTextHoloPressed" FlybyTextColor="UI_BtnTextHoloFlyby" PressedFlybyTextColor="UI_BtnTextHoloPressedFlyby" DisabledTextColor="UI_BtnTextHoloDisabled" Sprite="" Picture="0" Text="" TextId="" Tooltip="" TooltipColor="" RelativeToClient="1" TestAlpha="0">
                <Event Name="ButtonSignal" Function="OnConvertToRaid"/>
                <Control Class="Window" LAnchorPoint="0" LAnchorOffset="12" TAnchorPoint="0" TAnchorOffset="0" RAnchorPoint="1" RAnchorOffset="0" BAnchorPoint="1" BAnchorOffset="0" RelativeToClient="1" Font="CRB_InterfaceMedium" Text="" Template="Default" TooltipType="OnCursor" Name="OptionsBtnText" BGColor="white" TextColor="UI_BtnTextBlueNormal" TooltipColor="" DT_VCENTER="1" TextId="Group_ConvertToRaidBtn">
                    <Event Name="MouseEnter" Function="OnOptionsWindowBtnMouseEnter"/>
                    <Event Name="MouseExit" Function="OnOptionsWindowBtnMouseExit"/>
                </Control>
            </Control>
            <Pixie LAnchorPoint="0" LAnchorOffset="0" TAnchorPoint="0" TAnchorOffset="52" RAnchorPoint="1" RAnchorOffset="0" BAnchorPoint="1" BAnchorOffset="0" BGColor="white" Font="Default" TextColor="white" Text="" Sprite="CRB_Basekit:kitDivider_Horiz_HoloDashed" Line="0"/>
            <Pixie LAnchorPoint="0" LAnchorOffset="0" TAnchorPoint="0" TAnchorOffset="144" RAnchorPoint="1" RAnchorOffset="0" BAnchorPoint="1" BAnchorOffset="0" BGColor="white" Font="Default" TextColor="white" Text="" Sprite="CRB_Basekit:kitDivider_Horiz_HoloDashed" Line="0"/>
        </Control>
        <Control Class="Window" LAnchorPoint="0" LAnchorOffset="174" TAnchorPoint="0" TAnchorOffset="-21" RAnchorPoint="0" RAnchorOffset="418" BAnchorPoint="0" BAnchorOffset="144" RelativeToClient="1" Font="Default" Text="" Template="Default" Name="ThresholdDistributionArea" BGColor="white" TextColor="white" Sprite="BK3:UI_BK3_Holo_Framing_3" Picture="1" IgnoreMouse="1" Visible="0" HideInEditor="0" NoClip="1" Tooltip="" TooltipColor="">
            <Control Class="Window" LAnchorPoint="0" LAnchorOffset="30" TAnchorPoint="0" TAnchorOffset="31" RAnchorPoint="1" RAnchorOffset="-33" BAnchorPoint="1" BAnchorOffset="-30" RelativeToClient="1" Font="Default" Text="" Template="Default" TooltipType="OnCursor" Name="ItemsContainer" BGColor="white" TextColor="white" TooltipColor=""/>
        </Control>
        <Control Class="Window" LAnchorPoint="0" LAnchorOffset="174" TAnchorPoint="0" TAnchorOffset="3" RAnchorPoint="0" RAnchorOffset="418" BAnchorPoint="0" BAnchorOffset="231" RelativeToClient="1" Font="Default" Text="" Template="Default" Name="LootThresholdArea" BGColor="white" TextColor="white" Sprite="BK3:UI_BK3_Holo_Framing_3" Picture="1" IgnoreMouse="1" Visible="0" HideInEditor="1" NoClip="1" Tooltip="" TooltipColor="">
            <Control Class="Window" LAnchorPoint="0" LAnchorOffset="30" TAnchorPoint="0" TAnchorOffset="31" RAnchorPoint="1" RAnchorOffset="-33" BAnchorPoint="1" BAnchorOffset="-30" RelativeToClient="1" Font="Default" Text="" Template="Default" TooltipType="OnCursor" Name="ItemsContainer" BGColor="white" TextColor="white" TooltipColor=""/>
        </Control>
        <Control Class="Window" LAnchorPoint="0" LAnchorOffset="174" TAnchorPoint="0" TAnchorOffset="45" RAnchorPoint="0" RAnchorOffset="418" BAnchorPoint="0" BAnchorOffset="228" RelativeToClient="1" Font="Default" Text="" Template="Default" Name="MentoringArea" BGColor="white" TextColor="white" Sprite="BK3:UI_BK3_Holo_Framing_3" Picture="1" IgnoreMouse="1" Visible="0" HideInEditor="0" NoClip="1" Tooltip="" TooltipColor="" TextId="">
            <Control Class="Window" LAnchorPoint="0" LAnchorOffset="30" TAnchorPoint="0" TAnchorOffset="31" RAnchorPoint="1" RAnchorOffset="-33" BAnchorPoint="1" BAnchorOffset="-30" RelativeToClient="1" Font="Default" Text="" Template="Default" TooltipType="OnCursor" Name="ItemsContainer" BGColor="white" TextColor="white" TooltipColor="">
                <Control Class="Button" Base="CRB_Basekit:kitBtn_List_Holo" Font="CRB_InterfaceMedium_O" ButtonType="Check" RadioGroup="GroupDisplayOptions_LocalRadioGroup_RallyingSpecific" LAnchorPoint="0" LAnchorOffset="0" TAnchorPoint="0" TAnchorOffset="0" RAnchorPoint="1" RAnchorOffset="0" BAnchorPoint="0" BAnchorOffset="24" DT_VCENTER="1" DT_CENTER="0" Name="MentoringSpecificBtn1" BGColor="white" TextColor="white" NormalTextColor="UI_BtnTextHoloNormal" PressedTextColor="UI_BtnTextHoloPressed" FlybyTextColor="UI_BtnTextHoloFlyby" PressedFlybyTextColor="UI_BtnTextHoloPressedFlyby" DisabledTextColor="UI_BtnTextHoloDisabled" Sprite="" Picture="0" Text="" TextId="" Tooltip="" RadioDisallowNonSelection="1" GlobalRadioGroup="" TooltipColor="">
                    <Event Name="ButtonCheck" Function="OnMentorSpecificPerson"/>
                    <Control Class="Window" LAnchorPoint="1" LAnchorOffset="-21" TAnchorPoint="0" TAnchorOffset="4" RAnchorPoint="1" RAnchorOffset="-4" BAnchorPoint="1" BAnchorOffset="-4" RelativeToClient="1" Font="Default" Text="" Template="Default" Name="CheckIcon" BGColor="white" TextColor="white" Picture="1" IgnoreMouse="1" Sprite="ClientSprites:Icon_Windows_UI_CRB_Checkmark" Visible="0" TooltipColor="" Tooltip="" NewControlDepth="1" HideInEditor="1"/>
                    <Control Class="Window" LAnchorPoint="0" LAnchorOffset="12" TAnchorPoint="0" TAnchorOffset="0" RAnchorPoint="1" RAnchorOffset="-20" BAnchorPoint="1" BAnchorOffset="0" RelativeToClient="1" Font="CRB_InterfaceMedium" Text="" Template="Default" Name="SubOptionsBtnText" BGColor="white" TextColor="UI_TextHoloBody" TooltipColor="" DT_VCENTER="1" TextId="Group_RallyMember1">
                        <Event Name="MouseEnter" Function="OnOptionsWindowBtnMouseEnter"/>
                        <Event Name="MouseExit" Function="OnOptionsWindowBtnMouseExit"/>
                    </Control>
                </Control>
                <Control Class="Button" Base="CRB_Basekit:kitBtn_List_Holo" Font="CRB_InterfaceMedium_O" ButtonType="Check" RadioGroup="GroupDisplayOptions_LocalRadioGroup_RallyingSpecific" LAnchorPoint="0" LAnchorOffset="0" TAnchorPoint="0" TAnchorOffset="24" RAnchorPoint="1" RAnchorOffset="0" BAnchorPoint="0" BAnchorOffset="48" DT_VCENTER="1" DT_CENTER="0" Name="MentoringSpecificBtn2" BGColor="white" TextColor="white" NormalTextColor="UI_BtnTextHoloNormal" PressedTextColor="UI_BtnTextHoloPressed" FlybyTextColor="UI_BtnTextHoloFlyby" PressedFlybyTextColor="UI_BtnTextHoloPressedFlyby" DisabledTextColor="UI_BtnTextHoloDisabled" Sprite="" Picture="0" Text="" TextId="" Tooltip="" RadioDisallowNonSelection="1" GlobalRadioGroup="" TooltipColor="">
                    <Event Name="ButtonCheck" Function="OnMentorSpecificPerson"/>
                    <Control Class="Window" LAnchorPoint="1" LAnchorOffset="-21" TAnchorPoint="0" TAnchorOffset="4" RAnchorPoint="1" RAnchorOffset="-4" BAnchorPoint="1" BAnchorOffset="-4" RelativeToClient="1" Font="Default" Text="" Template="Default" Name="CheckIcon" BGColor="white" TextColor="white" Picture="1" IgnoreMouse="1" Sprite="ClientSprites:Icon_Windows_UI_CRB_Checkmark" Visible="0" TooltipColor="" Tooltip="" NewControlDepth="1" HideInEditor="1"/>
                    <Control Class="Window" LAnchorPoint="0" LAnchorOffset="12" TAnchorPoint="0" TAnchorOffset="0" RAnchorPoint="1" RAnchorOffset="-20" BAnchorPoint="1" BAnchorOffset="0" RelativeToClient="1" Font="CRB_InterfaceMedium" Text="" Template="Default" Name="SubOptionsBtnText" BGColor="white" TextColor="UI_TextHoloBody" TooltipColor="" DT_VCENTER="1" TextId="Group_RallyMember2">
                        <Event Name="MouseEnter" Function="OnOptionsWindowBtnMouseEnter"/>
                        <Event Name="MouseExit" Function="OnOptionsWindowBtnMouseExit"/>
                    </Control>
                </Control>
                <Control Class="Button" Base="CRB_Basekit:kitBtn_List_Holo" Font="CRB_InterfaceMedium_O" ButtonType="Check" RadioGroup="GroupDisplayOptions_LocalRadioGroup_RallyingSpecific" LAnchorPoint="0" LAnchorOffset="0" TAnchorPoint="0" TAnchorOffset="48" RAnchorPoint="1" RAnchorOffset="0" BAnchorPoint="0" BAnchorOffset="72" DT_VCENTER="1" DT_CENTER="0" Name="MentoringSpecificBtn3" BGColor="white" TextColor="white" NormalTextColor="UI_BtnTextHoloNormal" PressedTextColor="UI_BtnTextHoloPressed" FlybyTextColor="UI_BtnTextHoloFlyby" PressedFlybyTextColor="UI_BtnTextHoloPressedFlyby" DisabledTextColor="UI_BtnTextHoloDisabled" Sprite="" Picture="0" Text="" TextId="" Tooltip="" RadioDisallowNonSelection="1" GlobalRadioGroup="" TooltipColor="">
                    <Event Name="ButtonCheck" Function="OnMentorSpecificPerson"/>
                    <Control Class="Window" LAnchorPoint="1" LAnchorOffset="-21" TAnchorPoint="0" TAnchorOffset="4" RAnchorPoint="1" RAnchorOffset="-4" BAnchorPoint="1" BAnchorOffset="-4" RelativeToClient="1" Font="Default" Text="" Template="Default" Name="CheckIcon" BGColor="white" TextColor="white" Picture="1" IgnoreMouse="1" Sprite="ClientSprites:Icon_Windows_UI_CRB_Checkmark" Visible="0" TooltipColor="" Tooltip="" NewControlDepth="1" HideInEditor="1"/>
                    <Control Class="Window" LAnchorPoint="0" LAnchorOffset="12" TAnchorPoint="0" TAnchorOffset="0" RAnchorPoint="1" RAnchorOffset="-20" BAnchorPoint="1" BAnchorOffset="0" RelativeToClient="1" Font="CRB_InterfaceMedium" Text="" Template="Default" Name="SubOptionsBtnText" BGColor="white" TextColor="UI_TextHoloBody" TooltipColor="" DT_VCENTER="1" TextId="Group_RallyMember3">
                        <Event Name="MouseEnter" Function="OnOptionsWindowBtnMouseEnter"/>
                        <Event Name="MouseExit" Function="OnOptionsWindowBtnMouseExit"/>
                    </Control>
                </Control>
                <Control Class="Button" Base="CRB_Basekit:kitBtn_List_Holo" Font="CRB_InterfaceMedium_O" ButtonType="Check" RadioGroup="GroupDisplayOptions_LocalRadioGroup_RallyingSpecific" LAnchorPoint="0" LAnchorOffset="0" TAnchorPoint="0" TAnchorOffset="72" RAnchorPoint="1" RAnchorOffset="0" BAnchorPoint="0" BAnchorOffset="96" DT_VCENTER="1" DT_CENTER="0" Name="MentoringSpecificBtn4" BGColor="white" TextColor="white" NormalTextColor="UI_BtnTextHoloNormal" PressedTextColor="UI_BtnTextHoloPressed" FlybyTextColor="UI_BtnTextHoloFlyby" PressedFlybyTextColor="UI_BtnTextHoloPressedFlyby" DisabledTextColor="UI_BtnTextHoloDisabled" Sprite="" Picture="0" Text="" TextId="" Tooltip="" RadioDisallowNonSelection="1" GlobalRadioGroup="" TooltipColor="">
                    <Event Name="ButtonCheck" Function="OnMentorSpecificPerson"/>
                    <Control Class="Window" LAnchorPoint="1" LAnchorOffset="-21" TAnchorPoint="0" TAnchorOffset="4" RAnchorPoint="1" RAnchorOffset="-4" BAnchorPoint="1" BAnchorOffset="-4" RelativeToClient="1" Font="Default" Text="" Template="Default" Name="CheckIcon" BGColor="white" TextColor="white" Picture="1" IgnoreMouse="1" Sprite="ClientSprites:Icon_Windows_UI_CRB_Checkmark" Visible="0" TooltipColor="" Tooltip="" NewControlDepth="1" HideInEditor="1"/>
                    <Control Class="Window" LAnchorPoint="0" LAnchorOffset="12" TAnchorPoint="0" TAnchorOffset="0" RAnchorPoint="1" RAnchorOffset="-20" BAnchorPoint="1" BAnchorOffset="0" RelativeToClient="1" Font="CRB_InterfaceMedium" Text="" Template="Default" Name="SubOptionsBtnText" BGColor="white" TextColor="UI_TextHoloBody" TooltipColor="" DT_VCENTER="1" TextId="Group_RallyMember4">
                        <Event Name="MouseEnter" Function="OnOptionsWindowBtnMouseEnter"/>
                        <Event Name="MouseExit" Function="OnOptionsWindowBtnMouseExit"/>
                    </Control>
                </Control>
                <Control Class="Button" Base="CRB_Basekit:kitBtn_List_Holo" Font="CRB_InterfaceMedium_O" ButtonType="Check" RadioGroup="" LAnchorPoint="0" LAnchorOffset="0" TAnchorPoint="1" TAnchorOffset="-24" RAnchorPoint="1" RAnchorOffset="0" BAnchorPoint="1" BAnchorOffset="0" DT_VCENTER="1" DT_CENTER="0" Name="MentoringStopBtn" BGColor="white" TextColor="white" NormalTextColor="UI_BtnTextHoloNormal" PressedTextColor="UI_BtnTextHoloPressed" FlybyTextColor="UI_BtnTextHoloFlyby" PressedFlybyTextColor="UI_BtnTextHoloPressedFlyby" DisabledTextColor="UI_BtnTextHoloDisabled" Sprite="" Picture="0" Text="" TextId="" Tooltip="" RadioDisallowNonSelection="1" GlobalRadioGroup="" TooltipColor="" Visible="1" HideInEditor="0">
                    <Event Name="ButtonCheck" Function="OnStopMentoringBtn"/>
                    <Control Class="Window" LAnchorPoint="1" LAnchorOffset="-21" TAnchorPoint="0" TAnchorOffset="4" RAnchorPoint="1" RAnchorOffset="-4" BAnchorPoint="1" BAnchorOffset="-4" RelativeToClient="1" Font="Default" Text="" Template="Default" Name="CheckIcon" BGColor="white" TextColor="white" Picture="1" IgnoreMouse="1" Sprite="ClientSprites:Icon_Windows_UI_CRB_Checkmark" Visible="0" TooltipColor="" Tooltip="" NewControlDepth="1" HideInEditor="1"/>
                    <Control Class="Window" LAnchorPoint="0" LAnchorOffset="12" TAnchorPoint="0" TAnchorOffset="0" RAnchorPoint="1" RAnchorOffset="0" BAnchorPoint="1" BAnchorOffset="0" RelativeToClient="1" Font="CRB_InterfaceMedium" Text="" Template="Default" Name="SubOptionsBtnText" BGColor="white" TextColor="UI_BtnTextHoloListDisabled" TooltipColor="" DT_VCENTER="1" TextId="Group_StopRallying">
                        <Event Name="MouseEnter" Function="OnOptionsWindowBtnMouseEnter"/>
                        <Event Name="MouseExit" Function="OnOptionsWindowBtnMouseExit"/>
                    </Control>
                </Control>
            </Control>
        </Control>
        <Event Name="WindowClosed" Function="OnGroupFormatClose"/>
        <Control Class="Window" LAnchorPoint="0" LAnchorOffset="174" TAnchorPoint="0" TAnchorOffset="72" RAnchorPoint="0" RAnchorOffset="418" BAnchorPoint="0" BAnchorOffset="205" RelativeToClient="1" Font="Default" Text="" Template="Default" Name="JoinRequestArea" BGColor="white" TextColor="white" Sprite="BK3:UI_BK3_Holo_Framing_3" Picture="1" IgnoreMouse="1" Visible="0" HideInEditor="0" NoClip="1" Tooltip="" TooltipColor="" TextId="">
            <Control Class="Window" LAnchorPoint="0" LAnchorOffset="30" TAnchorPoint="0" TAnchorOffset="31" RAnchorPoint="1" RAnchorOffset="-33" BAnchorPoint="1" BAnchorOffset="-30" RelativeToClient="1" Font="Default" Text="" Template="Default" TooltipType="OnCursor" Name="ItemsContainer" BGColor="white" TextColor="white" TooltipColor=""/>
        </Control>
        <Control Class="Window" LAnchorPoint="0" LAnchorOffset="174" TAnchorPoint="0" TAnchorOffset="99" RAnchorPoint="0" RAnchorOffset="418" BAnchorPoint="0" BAnchorOffset="232" RelativeToClient="1" Font="Default" Text="" Template="Default" Name="ReferralArea" BGColor="white" TextColor="white" Sprite="BK3:UI_BK3_Holo_Framing_3" Picture="1" IgnoreMouse="1" Visible="0" HideInEditor="0" NoClip="1" Tooltip="" TooltipColor="">
            <Control Class="Window" LAnchorPoint="0" LAnchorOffset="30" TAnchorPoint="0" TAnchorOffset="31" RAnchorPoint="1" RAnchorOffset="-33" BAnchorPoint="1" BAnchorOffset="-30" RelativeToClient="1" Font="Default" Text="" Template="Default" TooltipType="OnCursor" Name="ItemsContainer" BGColor="white" TextColor="white" TooltipColor=""/>
        </Control>
    </Form>
    <Form Class="Button" Base="CRB_Basekit:kitBtn_List_Holo" Font="CRB_InterfaceMedium_O" ButtonType="Check" LAnchorPoint="0" LAnchorOffset="0" TAnchorPoint="0" TAnchorOffset="0" RAnchorPoint="1" RAnchorOffset="0" BAnchorPoint="0" BAnchorOffset="24" DT_VCENTER="1" DT_CENTER="0" Name="GroupLeaderSubOption" BGColor="white" TextColor="white" NormalTextColor="UI_BtnTextHoloNormal" PressedTextColor="UI_BtnTextHoloPressed" FlybyTextColor="UI_BtnTextHoloFlyby" PressedFlybyTextColor="UI_BtnTextHoloPressedFlyby" DisabledTextColor="UI_BtnTextHoloDisabled" Sprite="" Picture="0" Text="" TextId="" Tooltip="" RadioDisallowNonSelection="1" GlobalRadioGroup="" TooltipColor="" RadioGroup="">
        <Control Class="Window" LAnchorPoint="1" LAnchorOffset="-21" TAnchorPoint="0" TAnchorOffset="4" RAnchorPoint="1" RAnchorOffset="-4" BAnchorPoint="1" BAnchorOffset="-4" RelativeToClient="1" Font="Default" Text="" Template="Default" Name="CheckIcon" BGColor="white" TextColor="white" Picture="1" IgnoreMouse="1" Sprite="ClientSprites:Icon_Windows_UI_CRB_Checkmark" Visible="0" TooltipColor="" Tooltip="" NewControlDepth="1"/>
        <Control Class="Window" LAnchorPoint="0" LAnchorOffset="12" TAnchorPoint="0" TAnchorOffset="0" RAnchorPoint="1" RAnchorOffset="0" BAnchorPoint="1" BAnchorOffset="0" RelativeToClient="1" Font="CRB_InterfaceMedium" Text="" Template="Default" Name="SubOptionsBtnText" BGColor="white" TextColor="UI_TextHoloBody" TooltipColor="" DT_VCENTER="1" TextId="CRB__2" Tooltip="">
            <Event Name="MouseEnter" Function="OnOptionsWindowBtnMouseEnter"/>
            <Event Name="MouseExit" Function="OnOptionsWindowBtnMouseExit"/>
        </Control>
        <Event Name="ButtonCheck" Function="OnSubOptionSet"/>
    </Form>
    <Form Name="RaidConvertConfirmForm" Class="Window" LAnchorPoint="0.5" LAnchorOffset="-190" TAnchorPoint="0.5" TAnchorOffset="-200" RAnchorPoint="0.5" RAnchorOffset="190" BAnchorPoint="0.5" BAnchorOffset="0" Template="" Moveable="0" Border="0" Sprite="" Picture="1" BGOpacity=".5" BGColor="white" TextColor="white" Escapable="0" Overlapped="1" SwallowMouseClicks="1" LeftEdgeControlsAnchor="" AutoFade="0" AutoFadeNC="0" AutoFadeBG="0" UseTemplateBG="0" TooltipColor="" Tooltip="" Visible="0" Text="" RelativeToClient="1" NoClip="0">
        <Control Class="Window" LAnchorPoint="0" LAnchorOffset="0" TAnchorPoint="0" TAnchorOffset="0" RAnchorPoint="1" RAnchorOffset="0" BAnchorPoint="1" BAnchorOffset="0" RelativeToClient="1" Font="CRB_InterfaceMedium" Text="" Template="Default" Name="BaseArt" BGColor="white" TextColor="white" Picture="1" Sprite="BK3:sprHolo_Alert_Confirm" IgnoreMouse="0" TooltipColor=""/>
        <Control Class="Button" Name="YesButton" LAnchorPoint=".5" LAnchorOffset="-118" TAnchorPoint="1" TAnchorOffset="-94" RAnchorPoint=".5" RAnchorOffset="-4" BAnchorPoint="1" BAnchorOffset="-22" RelativeToClient="1" Font="CRB_Button" Template="CRB_Hologram" BGColor="white" TextColor="white" DT_CENTER="1" DT_VCENTER="1" Base="BK3:btnHolo_Blue_Med" DrawAsCheckbox="0" CheckboxRight="0" NewControlDepth="2" TextId="CRB_Yes" NormalTextColor="UI_BtnTextHoloNormal" PressedTextColor="UI_BtnTextHoloPressed" FlybyTextColor="UI_BtnTextHoloFlyby" PressedFlybyTextColor="UI_BtnTextHoloPressedFlyby" DisabledTextColor="UI_BtnTextHoloDisabled" UseTemplateBG="0" Text="" Tooltip="" TooltipColor="">
            <Event Name="ButtonSignal" Function="OnRaidConfirmYes"/>
        </Control>
        <Control Class="Button" Name="NoButton" LAnchorPoint=".5" LAnchorOffset="1" TAnchorPoint="1" TAnchorOffset="-94" RAnchorPoint=".5" RAnchorOffset="115" BAnchorPoint="1" BAnchorOffset="-22" RelativeToClient="1" Font="CRB_Button" Template="CRB_Hologram" BGColor="white" TextColor="white" DT_CENTER="1" DT_VCENTER="1" TestAlpha="0" NoClip="0" Base="BK3:btnHolo_Red_Med" NewControlDepth="2" TextId="CRB_No" NormalTextColor="UI_BtnTextRedNormal" PressedTextColor="UI_BtnTextRedPressed" FlybyTextColor="UI_BtnTextRedFlyby" PressedFlybyTextColor="UI_BtnTextRedPressedFlyby" DisabledTextColor="UI_BtnTextRedDisabled" UseTemplateBG="0" Tooltip="" Text="" TooltipColor="">
            <Event Name="ButtonSignal" Function="OnRaidConfirmNo"/>
        </Control>
        <Control Class="Button" Base="BK3:btnHolo_Close" Font="CRB_InterfaceMedium" ButtonType="PushButton" RadioGroup="" LAnchorPoint="1" LAnchorOffset="-65" TAnchorPoint="0" TAnchorOffset="22" RAnchorPoint="1" RAnchorOffset="-22" BAnchorPoint="0" BAnchorOffset="65" DT_VCENTER="1" DT_CENTER="1" Name="CloseButton" BGColor="white" TextColor="white" Template="" NoClip="1" NewControlDepth="2" NormalTextColor="white" PressedTextColor="white" FlybyTextColor="white" PressedFlybyTextColor="white" DisabledTextColor="white" TooltipColor="">
            <Event Name="ButtonSignal" Function="OnRaidConfirmNo"/>
        </Control>
        <Control Class="Window" LAnchorPoint="0" LAnchorOffset="70" TAnchorPoint="0" TAnchorOffset="18" RAnchorPoint="1" RAnchorOffset="-70" BAnchorPoint="1" BAnchorOffset="-93" RelativeToClient="1" Font="CRB_InterfaceMedium" Sprite="" Template="" Name="Title" BGColor="white" TextColor="UI_TextHoloTitle" DT_CENTER="1" DT_RIGHT="0" DT_VCENTER="1" DT_WORDBREAK="1" TextId="Group_RaidConvertConfirm" TooltipColor="" Text=""/>
        <Event Name="WindowClosed" Function="OnRaidConfirmNo"/>
    </Form>
    <Form Name="RaidConvertedForm" Class="Window" LAnchorPoint="0.5" LAnchorOffset="-190" TAnchorPoint="0.5" TAnchorOffset="-226" RAnchorPoint="0.5" RAnchorOffset="190" BAnchorPoint="0.5" BAnchorOffset="24" Template="" Moveable="0" Border="0" Sprite="" Picture="1" BGOpacity=".5" BGColor="white" TextColor="white" Escapable="0" Overlapped="1" SwallowMouseClicks="1" LeftEdgeControlsAnchor="" AutoFade="0" AutoFadeNC="0" AutoFadeBG="0" UseTemplateBG="0" TooltipColor="" Tooltip="" Visible="0" Text="" RelativeToClient="1" NoClip="0">
        <Control Class="Window" LAnchorPoint="0" LAnchorOffset="-1" TAnchorPoint="0" TAnchorOffset="0" RAnchorPoint="1" RAnchorOffset="-1" BAnchorPoint="1" BAnchorOffset="-9" RelativeToClient="1" Font="CRB_InterfaceMedium" Text="" Template="Default" Name="BaseArt" BGColor="white" TextColor="white" Picture="1" Sprite="BK3:sprHolo_Alert_Confirm" IgnoreMouse="0" TooltipColor=""/>
        <Control Class="Button" Name="YesButton" LAnchorPoint=".5" LAnchorOffset="-75" TAnchorPoint="0" TAnchorOffset="105" RAnchorPoint=".5" RAnchorOffset="75" BAnchorPoint="0" BAnchorOffset="178" RelativeToClient="1" Font="CRB_Button" Template="CRB_Hologram" BGColor="white" TextColor="white" DT_CENTER="1" DT_VCENTER="1" Base="BK3:btnHolo_Blue_Med" DrawAsCheckbox="0" CheckboxRight="0" NewControlDepth="2" TextId="CRB_Okay" NormalTextColor="UI_BtnTextBlueNormal" PressedTextColor="UI_BtnTextBluePressed" FlybyTextColor="UI_BtnTextBlueFlyby" PressedFlybyTextColor="UI_BtnTextHoloPressedFlyby" DisabledTextColor="UI_BtnTextBlueDisabled" UseTemplateBG="0" Text="" Tooltip="" TooltipColor="">
            <Event Name="ButtonSignal" Function="OnRaidOkay"/>
        </Control>
        <Control Class="Button" Base="BK3:btnHolo_Close" Font="CRB_InterfaceMedium" ButtonType="PushButton" RadioGroup="" LAnchorPoint="1" LAnchorOffset="-64" TAnchorPoint="0" TAnchorOffset="23" RAnchorPoint="1" RAnchorOffset="-22" BAnchorPoint="0" BAnchorOffset="67" DT_VCENTER="1" DT_CENTER="1" Name="CloseButton" BGColor="white" TextColor="white" Template="" NoClip="1" NewControlDepth="2" NormalTextColor="white" PressedTextColor="white" FlybyTextColor="white" PressedFlybyTextColor="white" DisabledTextColor="white" TooltipColor="">
            <Event Name="ButtonSignal" Function="OnRaidOkay"/>
        </Control>
        <Control Class="Window" LAnchorPoint="0" LAnchorOffset="70" TAnchorPoint="0" TAnchorOffset="20" RAnchorPoint="1" RAnchorOffset="-70" BAnchorPoint="0" BAnchorOffset="114" RelativeToClient="1" Font="CRB_InterfaceMedium" Sprite="" Template="" Name="Title" BGColor="white" TextColor="UI_TextHoloTitle" DT_CENTER="1" DT_RIGHT="0" DT_VCENTER="1" DT_WORDBREAK="1" TextId="Group_RaidConverted" TooltipColor="" Text=""/>
        <Event Name="WindowClosed" Function="OnRaidConfirmNo"/>
        <Control Class="Button" Base="BK3:btnHolo_Check" Font="CRB_InterfaceMedium" ButtonType="Check" RadioGroup="" LAnchorPoint="0" LAnchorOffset="37" TAnchorPoint="1" TAnchorOffset="-70" RAnchorPoint="1" RAnchorOffset="-23" BAnchorPoint="1" BAnchorOffset="-45" DT_VCENTER="1" DT_CENTER="0" TooltipType="OnCursor" Name="NeverShowAgainButton" BGColor="white" TextColor="UI_BtnTextBlueNormal" TooltipColor="" NormalTextColor="UI_BtnTextBlueNormal" PressedTextColor="UI_BtnTextBluePressed" FlybyTextColor="UI_BtnTextBlueFlyby" PressedFlybyTextColor="UI_BtnTextBluePressedFlyby" DisabledTextColor="UI_BtnTextBlueDisabled" Text="" TextId="Group_DoNotShowMessageAgain" DrawAsCheckbox="1">
            <Event Name="ButtonSignal" Function="YourFunctionName"/>
            <Control Class="Window" LAnchorPoint="0" LAnchorOffset="35" TAnchorPoint="0" TAnchorOffset="0" RAnchorPoint="1" RAnchorOffset="0" BAnchorPoint="1" BAnchorOffset="0" RelativeToClient="1" Font="CRB_InterfaceMedium" Sprite="" Template="" Name="Title" BGColor="white" TextColor="UI_TextHoloBodyHighlight" DT_CENTER="0" DT_RIGHT="0" DT_VCENTER="1" DT_WORDBREAK="0" TextId="" TooltipColor="" Text="" DT_SINGLELINE="1"/>
        </Control>
    </Form>
</Forms>
