<Forms>
    <Form Class="Window" LAnchorPoint="0" LAnchorOffset="62" TAnchorPoint="0" TAnchorOffset="49" RAnchorPoint="0" RAnchorOffset="762" BAnchorPoint="0" BAnchorOffset="799" RelativeToClient="1" Font="Default" Text="" Template="Default" Name="KeybindForm" Border="0" Picture="0" SwallowMouseClicks="1" Moveable="1" Escapable="0" Overlapped="1" BGColor="white" TextColor="white" TooltipColor="" Tooltip="" TextId="" HideInEditor="0">
        <Control Class="Window" LAnchorPoint="0" LAnchorOffset="0" TAnchorPoint="0" TAnchorOffset="0" RAnchorPoint="1" RAnchorOffset="0" BAnchorPoint="1" BAnchorOffset="0" RelativeToClient="1" Font="Default" Text="" Template="Default" TooltipType="OnCursor" Name="BGArt" BGColor="white" TextColor="white" TooltipColor="" HideInEditor="0" Tooltip="">
            <Control Class="Window" LAnchorPoint="0" LAnchorOffset="27" TAnchorPoint="0" TAnchorOffset="69" RAnchorPoint="1" RAnchorOffset="-24" BAnchorPoint="1" BAnchorOffset="-86" RelativeToClient="1" Font="Default" Text="" Template="Holo_Background_General" TooltipType="OnCursor" Name="BGArt_Base" BGColor="white" TextColor="white" TooltipColor="" Picture="1" IgnoreMouse="1" Sprite="" Border="1" UseTemplateBG="1"/>
            <Control Class="Window" LAnchorPoint="0" LAnchorOffset="39" TAnchorPoint="1" TAnchorOffset="-165" RAnchorPoint="1" RAnchorOffset="-40" BAnchorPoint="1" BAnchorOffset="-101" RelativeToClient="1" Font="Default" Text="" Template="Default" TooltipType="OnCursor" Name="BG_IntOptions2" BGColor="white" TextColor="white" TooltipColor="" Picture="1" IgnoreMouse="1" Sprite="BK3:UI_BK3_Holo_InsetFramed" NewControlDepth="1"/>
            <Control Class="Window" LAnchorPoint="0" LAnchorOffset="38" TAnchorPoint="0" TAnchorOffset="84" RAnchorPoint="1" RAnchorOffset="-40" BAnchorPoint="0" BAnchorOffset="123" RelativeToClient="1" Font="Default" Text="" Template="Default" TooltipType="OnCursor" Name="BG_IntOptions1" BGColor="white" TextColor="white" TooltipColor="" Picture="1" IgnoreMouse="1" Sprite="BK3:UI_BK3_Holo_InsetSimple"/>
        </Control>
        <Control Class="Window" LAnchorPoint="0" LAnchorOffset="40" TAnchorPoint="0" TAnchorOffset="156" RAnchorPoint="1" RAnchorOffset="-40" BAnchorPoint="1" BAnchorOffset="-174" RelativeToClient="1" Font="Default" Text="" Template="Holo_ScrollList" Name="KeybindList" BGColor="white" TextColor="white" VScroll="1" UseTemplateBG="1" Border="1" NewControlDepth="2" TooltipColor="" IgnoreMouse="1" Tooltip=""/>
        <Control Class="Button" Base="BK3:btnHolo_Blue_Small" Font="CRB_Button" ButtonType="PushButton" RadioGroup="" LAnchorPoint=".50" LAnchorOffset="0" TAnchorPoint="0" TAnchorOffset="77" RAnchorPoint="1" RAnchorOffset="-41" BAnchorPoint="0" BAnchorOffset="130" DT_VCENTER="1" DT_CENTER="1" Name="SetSelection" BGColor="white" TextColor="white" Template="" Border="0" NewControlDepth="2" WindowSoundTemplate="SelectTabPhys" TextId="CRB_Test_Set_name" Text="" TooltipColor="" NormalTextColor="UI_BtnTextBlueNormal" PressedTextColor="UI_BtnTextBluePressed" FlybyTextColor="UI_BtnTextBlueFlyby" PressedFlybyTextColor="UI_BtnTextBluePressedFlyby" DisabledTextColor="UI_BtnTextBlueDisabled" AutoScaleText="1">
            <Event Name="ButtonSignal" Function="OnToggleSetSelect"/>
        </Control>
        <Control Class="Button" Base="BK3:btnHolo_ListView_Top" Font="CRB_InterfaceSmall" ButtonType="PushButton" RadioGroup="" LAnchorPoint="0" LAnchorOffset="38" TAnchorPoint="0" TAnchorOffset="130" RAnchorPoint="1" RAnchorOffset="-58" BAnchorPoint="0" BAnchorOffset="156" DT_VCENTER="1" DT_CENTER="1" Name="ToggleCategory" BGColor="darkgray" TextColor="UI_TextHoloBodyHighlight" DrawAsCheckbox="0" NewControlDepth="2" WindowSoundTemplate="PushbuttonDigi01" Visible="1" DT_BOTTOM="0" DT_WORDBREAK="0" DT_RIGHT="0" TextId="CRB_Collapse_All" TooltipColor="" NormalTextColor="UI_BtnTextBlueNormal" PressedTextColor="UI_BtnTextBluePressed" FlybyTextColor="UI_BtnTextBlueFlyby" PressedFlybyTextColor="UI_BtnTextBluePressedFlyby" DisabledTextColor="UI_BtnTextHoloDisabled" Text="" HideInEditor="0" Tooltip="">
            <Event Name="ButtonSignal" Function="OnToggleCategories"/>
        </Control>
        <Control Class="Window" LAnchorPoint="0" LAnchorOffset="55" TAnchorPoint="1" TAnchorOffset="-153" RAnchorPoint="1" RAnchorOffset="-229" BAnchorPoint="1" BAnchorOffset="-113" RelativeToClient="1" Font="CRB_InterfaceMedium_BB" Template="Default" Name="FeedbackText" BGColor="white" TextColor="UI_TextHoloBodyHighlight" DT_VCENTER="1" NewControlDepth="3" DT_WORDBREAK="1" TextId="CRB_Enter_the_key_you_wish_to_bind_for_A" TooltipColor="" Visible="1"/>
        <Control Class="Button" Base="BK3:btnHolo_Blue_Med" Font="CRB_Button" ButtonType="PushButton" RadioGroup="" LAnchorPoint="1" LAnchorOffset="-238" TAnchorPoint="1" TAnchorOffset="-169" RAnchorPoint="1" RAnchorOffset="-138" BAnchorPoint="1" BAnchorOffset="-96" DT_VCENTER="1" DT_CENTER="1" Name="UnbindButton" BGColor="white" TextColor="white" NoClip="1" HideInEditor="0" NewControlDepth="2" WindowSoundTemplate="PushbuttonDigi01" SwallowMouseClicks="1" TextId="CRB_Unbind" TooltipColor="" NormalTextColor="UI_BtnTextHoloNormal" PressedTextColor="UI_BtnTextHoloPressed" FlybyTextColor="UI_BtnTextHoloFlyby" PressedFlybyTextColor="UI_BtnTextHoloPressedFlyby" DisabledTextColor="UI_BtnTextHoloDisabled">
            <Event Name="ButtonSignal" Function="OnUnbindButton"/>
        </Control>
        <Control Class="Button" Base="BK3:btnHolo_Blue_Med" Font="CRB_Button" ButtonType="PushButton" RadioGroup="" LAnchorPoint="1" LAnchorOffset="-238" TAnchorPoint="1" TAnchorOffset="-169" RAnchorPoint="1" RAnchorOffset="-138" BAnchorPoint="1" BAnchorOffset="-96" DT_VCENTER="1" DT_CENTER="1" Name="ConfirmBindButton" BGColor="xkcdBrightYellow" TextColor="white" NoClip="1" NewControlDepth="2" WindowSoundTemplate="PushbuttonDigi02" TextId="CRB_Yes" TooltipColor="" NormalTextColor="UI_BtnTextGreenNormal" PressedTextColor="UI_BtnTextGreenPressed" FlybyTextColor="UI_BtnTextGreenFlyby" PressedFlybyTextColor="UI_BtnTextGreenPressedFlyby" DisabledTextColor="UI_BtnTextGreenDisabled" Visible="0" HideInEditor="0" Text="">
            <Event Name="ButtonSignal" Function="OnConfirmDuplicateBind"/>
        </Control>
        <Control Class="Button" Base="BK3:btnHolo_Red_Med" Font="CRB_Button" ButtonType="PushButton" RadioGroup="" LAnchorPoint="1" LAnchorOffset="-140" TAnchorPoint="1" TAnchorOffset="-169" RAnchorPoint="1" RAnchorOffset="-40" BAnchorPoint="1" BAnchorOffset="-97" DT_VCENTER="1" DT_CENTER="1" Name="CancelButton" BGColor="white" TextColor="white" NoClip="1" Visible="1" HideInEditor="1" NewControlDepth="2" WindowSoundTemplate="PushbuttonDigi02" TextId="CRB_Cancel" TooltipColor="" NormalTextColor="UI_BtnTextRedNormal" PressedTextColor="UI_BtnTextRedPressed" FlybyTextColor="UI_BtnTextRedFlyby" PressedFlybyTextColor="UI_BtnTextRedPressedFlyby" DisabledTextColor="UI_BtnTextRedDisabled">
            <Event Name="ButtonSignal" Function="OnCancelBind"/>
        </Control>
        <Control Class="Button" Base="BK3:btnHolo_Red_Med" Font="CRB_Button" ButtonType="PushButton" RadioGroup="" LAnchorPoint="1" LAnchorOffset="-140" TAnchorPoint="1" TAnchorOffset="-169" RAnchorPoint="1" RAnchorOffset="-40" BAnchorPoint="1" BAnchorOffset="-97" DT_VCENTER="1" DT_CENTER="1" Name="CancelBindButton" BGColor="white" TextColor="UI_TextHoloBodyHighlight" NoClip="1" NewControlDepth="2" WindowSoundTemplate="PushbuttonDigi03" TextId="No" TooltipColor="" NormalTextColor="UI_BtnTextRedNormal" PressedTextColor="UI_BtnTextRedPressed" FlybyTextColor="UI_BtnTextRedFlyby" PressedFlybyTextColor="UI_BtnTextRedPressedFlyby" DisabledTextColor="UI_BtnTextRedDisabled" Visible="0" HideInEditor="0" Text="">
            <Event Name="ButtonSignal" Function="OnCancelDuplicatelBind"/>
        </Control>
        <Control Class="Button" Base="BK3:btnHolo_Red_Med" Font="CRB_Button" ButtonType="PushButton" RadioGroup="" LAnchorPoint="1" LAnchorOffset="-140" TAnchorPoint="1" TAnchorOffset="-169" RAnchorPoint="1" RAnchorOffset="-40" BAnchorPoint="1" BAnchorOffset="-97" DT_VCENTER="1" DT_CENTER="1" Name="UndoBindButton" BGColor="white" TextColor="white" NoClip="1" NewControlDepth="2" WindowSoundTemplate="PushbuttonDigi03" TextId="CRB_Undo" TooltipColor="" NormalTextColor="UI_BtnTextRedNormal" PressedTextColor="UI_BtnTextRedPressed" FlybyTextColor="UI_BtnTextRedFlyby" PressedFlybyTextColor="UI_BtnTextRedPressedFlyby" DisabledTextColor="UI_BtnTextRedDisabled" Visible="0" HideInEditor="0" Text="">
            <Event Name="ButtonSignal" Function="OnUndoUnbindDuplicate"/>
        </Control>
        <Control Class="Window" LAnchorPoint="0" LAnchorOffset="29" TAnchorPoint="0" TAnchorOffset="74" RAnchorPoint="1" RAnchorOffset="-30" BAnchorPoint="1" BAnchorOffset="-92" RelativeToClient="1" Font="Default" Text="" Template="Default" Name="KeybindListBlocker" BGColor="UI_AlphaPercent80" TextColor="white" Picture="1" Sprite="BK3:UI_BK3_Metal_Framing_BlockerFull" HideInEditor="1" NewControlDepth="3" TooltipColor=""/>
        <Control Class="Window" LAnchorPoint="0" LAnchorOffset="43" TAnchorPoint="0" TAnchorOffset="157" RAnchorPoint="1" RAnchorOffset="-41" BAnchorPoint="0" BAnchorOffset="575" RelativeToClient="1" Font="Default" Text="" Template="CRB_NormalFramedThin" Name="CopySetForm" BGColor="white" TextColor="white" Border="1" UseTemplateBG="1" HideInEditor="1" NewControlDepth="4" IgnoreMouse="1" Escapable="1" TooltipColor="" Visible="0">
            <Control Class="Window" LAnchorPoint="0" LAnchorOffset="0" TAnchorPoint="0" TAnchorOffset="0" RAnchorPoint="1" RAnchorOffset="0" BAnchorPoint="0" BAnchorOffset="35" RelativeToClient="1" Font="Default" Text="" Template="Default" Name="CopyHeaderUnderlay" BGColor="white" TextColor="white" Picture="1" Sprite="CRB_UIKitSprites:spr_innerframePLAIN" TooltipColor=""/>
            <Control Class="Window" LAnchorPoint="0" LAnchorOffset="2" TAnchorPoint="0" TAnchorOffset="35" RAnchorPoint="1" RAnchorOffset="-2" BAnchorPoint="0" BAnchorOffset="367" RelativeToClient="1" Font="Default" Text="" Template="CRB_Normal" Name="CopySetList" BGColor="white" TextColor="white" Border="1" VScroll="1" UseTemplateBG="1" NewControlDepth="2" TooltipColor=""/>
            <Control Class="Window" LAnchorPoint="0" LAnchorOffset="0" TAnchorPoint="0" TAnchorOffset="369" RAnchorPoint="1" RAnchorOffset="0" BAnchorPoint="0" BAnchorOffset="427" RelativeToClient="1" Font="Default" Text="" Template="Default" Name="CopyButtonUnderlay" BGColor="white" TextColor="white" Picture="1" Sprite="CRB_UIKitSprites:spr_innerframePLAIN" TooltipColor=""/>
            <Control Class="Button" Base="CRB_UIKitSprites:btn_square_LARGE_Green" Font="CRB_InterfaceMedium" ButtonType="PushButton" RadioGroup="" LAnchorPoint="0" LAnchorOffset="67" TAnchorPoint="0" TAnchorOffset="383" RAnchorPoint="0" RAnchorOffset="179" BAnchorPoint="0" BAnchorOffset="423" DT_VCENTER="1" DT_CENTER="1" Name="SaveCopySetButton" BGColor="white" TextColor="white" NewControlDepth="2" WindowSoundTemplate="TogglePhys01" TextId="CRB_Copy" TooltipColor="" NormalTextColor="white" PressedTextColor="white" FlybyTextColor="white" PressedFlybyTextColor="white" DisabledTextColor="white">
                <Event Name="ButtonSignal" Function="OnSaveCopyBtn"/>
            </Control>
            <Control Class="Button" Base="CRB_UIKitSprites:btn_square_LARGE_Red" Font="CRB_InterfaceMedium" ButtonType="PushButton" RadioGroup="" LAnchorPoint="0" LAnchorOffset="183" TAnchorPoint="0" TAnchorOffset="383" RAnchorPoint="0" RAnchorOffset="295" BAnchorPoint="0" BAnchorOffset="423" DT_VCENTER="1" DT_CENTER="1" Name="CancelCopySetButton" BGColor="white" TextColor="white" NewControlDepth="2" WindowSoundTemplate="TogglePhys01" TextId="CRB_Cancel" TooltipColor="" NormalTextColor="white" PressedTextColor="white" FlybyTextColor="white" PressedFlybyTextColor="white" DisabledTextColor="white">
                <Event Name="ButtonSignal" Function="OnCancelCopyBtn"/>
            </Control>
            <Control Class="Window" LAnchorPoint="0" LAnchorOffset="10" TAnchorPoint="0" TAnchorOffset="7" RAnchorPoint="1" RAnchorOffset="-8" BAnchorPoint="0" BAnchorOffset="30" RelativeToClient="1" Font="CRB_InterfaceMedium" Template="Default" Name="CopySetText" BGColor="white" TextColor="UI_TextMetalGoldHighlight" NewControlDepth="2" TextId="CRB_Select_the_Shortcut_Set_youd_like_to" TooltipColor=""/>
            <Event Name="WindowClosed" Function="OnCancelCopyBtn"/>
        </Control>
        <Control Class="Window" LAnchorPoint=".5" LAnchorOffset="-235" TAnchorPoint="0" TAnchorOffset="261" RAnchorPoint=".5" RAnchorOffset="235" BAnchorPoint="0" BAnchorOffset="474" RelativeToClient="1" Font="Default" Text="" Template="" Name="YesNoForm" BGColor="white" TextColor="white" Border="0" UseTemplateBG="0" HideInEditor="1" NewControlDepth="4" IgnoreMouse="1" Escapable="1" TooltipColor="" Picture="1" Sprite="" Tooltip="" Visible="0">
            <Control Class="Window" LAnchorPoint="0" LAnchorOffset="0" TAnchorPoint="0" TAnchorOffset="0" RAnchorPoint="1" RAnchorOffset="0" BAnchorPoint="1" BAnchorOffset="0" RelativeToClient="1" Font="Default" Text="" Template="Default" Name="ConfirmHeaderUnderlay" BGColor="white" TextColor="white" Picture="1" Sprite="BK3:sprHolo_Alert_Notify" TooltipColor="" IgnoreMouse="1"/>
            <Control Class="Window" LAnchorPoint="0" LAnchorOffset="126" TAnchorPoint="0" TAnchorOffset="38" RAnchorPoint="1" RAnchorOffset="-126" BAnchorPoint="0" BAnchorOffset="117" RelativeToClient="1" Font="CRB_InterfaceMedium" Template="Default" Name="QuestionText" BGColor="white" TextColor="UI_TextHoloTitle" DT_WORDBREAK="1" DT_VCENTER="1" NewControlDepth="2" TextId="CRB_This_will_replace_all_keybinds" IgnoreMouse="1" Escapable="0" TooltipColor="" Text=""/>
            <Event Name="WindowClosed" Function="OnEscapeYesNoDialog"/>
            <Control Class="Button" Base="BK3:btnHolo_Blue_Med" Font="CRB_Button" ButtonType="PushButton" RadioGroup="" LAnchorPoint=".5" LAnchorOffset="-111" TAnchorPoint="1" TAnchorOffset="-105" RAnchorPoint=".5" RAnchorOffset="1" BAnchorPoint="1" BAnchorOffset="-32" DT_VCENTER="1" DT_CENTER="1" Name="YesButton" BGColor="white" TextColor="white" NoClip="1" NewControlDepth="10" WindowSoundTemplate="PushbuttonDigi02" TextId="CRB_Yes" TooltipColor="" NormalTextColor="UI_BtnTextBlueNormal" PressedTextColor="UI_BtnTextBluePressed" FlybyTextColor="UI_BtnTextBlueFlyby" PressedFlybyTextColor="UI_BtnTextBluePressedFlyby" DisabledTextColor="UI_BtnTextBlueDisabled" Visible="1" HideInEditor="0" Text="">
                <Event Name="ButtonSignal" Function="OnYesNoFormYes"/>
            </Control>
            <Control Class="Button" Base="BK3:btnHolo_Red_Med" Font="CRB_Button" ButtonType="PushButton" RadioGroup="" LAnchorPoint=".5" LAnchorOffset="-6" TAnchorPoint="1" TAnchorOffset="-104" RAnchorPoint=".5" RAnchorOffset="106" BAnchorPoint="1" BAnchorOffset="-31" DT_VCENTER="1" DT_CENTER="1" Name="NoButton" BGColor="white" TextColor="UI_TextHoloBodyHighlight" NoClip="1" NewControlDepth="10" WindowSoundTemplate="PushbuttonDigi03" TextId="No" TooltipColor="" NormalTextColor="UI_BtnTextRedNormal" PressedTextColor="UI_BtnTextRedPressed" FlybyTextColor="UI_BtnTextRedFlyby" PressedFlybyTextColor="UI_BtnTextRedPressedFlyby" DisabledTextColor="UI_BtnTextRedDisabled" Visible="1" HideInEditor="0" Text="">
                <Event Name="ButtonSignal" Function="OnYesNoFormNo"/>
            </Control>
        </Control>
        <Event Name="MouseWheel" Function="OnMouseWheel"/>
        <Control Class="Window" LAnchorPoint="0" LAnchorOffset="40" TAnchorPoint="0" TAnchorOffset="135" RAnchorPoint="0" RAnchorOffset="188" BAnchorPoint="0" BAnchorOffset="256" RelativeToClient="1" Font="Default" Text="" Template="HologramControl1" Name="SelectModifier" BGColor="xkcdDarkBlueGrey" TextColor="white" NoClip="1" Border="1" UseTemplateBG="1" HideInEditor="1" NewControlDepth="4" IgnoreMouse="1" Escapable="1" TooltipColor="" NewWindowDepth="1" Visible="0" UseRadialClipping="0" DoNotBlockTooltip="0" Overlapped="0" Picture="1" Sprite="ClientSprites:WhiteFill">
            <Control Class="Button" Base="CRB_Basekit:kitBtn_List_Holo" Font="CRB_InterfaceMedium" ButtonType="Check" RadioGroup="ModifierKey" LAnchorPoint="0" LAnchorOffset="7" TAnchorPoint="0" TAnchorOffset="7" RAnchorPoint="1" RAnchorOffset="-7" BAnchorPoint="0" BAnchorOffset="42" DT_VCENTER="1" DT_CENTER="1" Name="Shift" BGColor="white" TextColor="white" NewControlDepth="2" GlobalRadioGroup="" WindowSoundTemplate="TogglePhys01" RadioDisallowNonSelection="1" TextId="InputAction_Shift" TooltipColor="" NormalTextColor="UI_BtnTextHoloNormal" PressedTextColor="UI_BtnTextHoloPressed" FlybyTextColor="UI_BtnTextHoloFlyby" PressedFlybyTextColor="UI_BtnTextHoloPressedFlyby" DisabledTextColor="UI_BtnTextHoloDisabled" Hotkey="" Text="" Overlapped="1" RelativeToClient="0" NoClip="0" NewWindowDepth="0" ContentId="42" Template="CRB_NormalFramedThin">
                <Event Name="ButtonSignal" Function="OnModifierSelected"/>
                <Event Name="ButtonCheck" Function="OnModifierSelected"/>
            </Control>
            <Control Class="Button" Base="CRB_Basekit:kitBtn_List_Holo" Font="CRB_InterfaceMedium" ButtonType="Check" RadioGroup="ModifierKey" LAnchorPoint="0" LAnchorOffset="7" TAnchorPoint="0" TAnchorOffset="43" RAnchorPoint="1" RAnchorOffset="-7" BAnchorPoint="0" BAnchorOffset="78" DT_VCENTER="1" DT_CENTER="1" Name="Ctrl" BGColor="white" TextColor="white" NewControlDepth="2" GlobalRadioGroup="" WindowSoundTemplate="TogglePhys01" RadioDisallowNonSelection="1" TextId="Keybinding_CtrlMod" TooltipColor="" NormalTextColor="UI_BtnTextHoloNormal" PressedTextColor="UI_BtnTextHoloPressed" FlybyTextColor="UI_BtnTextHoloFlyby" PressedFlybyTextColor="UI_BtnTextHoloPressedFlyby" DisabledTextColor="UI_BtnTextHoloDisabled" Text="" Overlapped="1" RelativeToClient="0" NoClip="0" NewWindowDepth="0" ContentId="29">
                <Event Name="ButtonSignal" Function="OnModifierSelected"/>
                <Event Name="ButtonCheck" Function="OnModifierSelected"/>
            </Control>
            <Control Class="Button" Base="CRB_Basekit:kitBtn_List_Holo" Font="CRB_InterfaceMedium" ButtonType="Check" RadioGroup="ModifierKey" LAnchorPoint="0" LAnchorOffset="7" TAnchorPoint="0" TAnchorOffset="79" RAnchorPoint="1" RAnchorOffset="-7" BAnchorPoint="0" BAnchorOffset="114" DT_VCENTER="1" DT_CENTER="1" Name="Alt" BGColor="white" TextColor="white" NewControlDepth="2" GlobalRadioGroup="" WindowSoundTemplate="TogglePhys01" RadioDisallowNonSelection="1" TextId="Keybinding_AltMod" TooltipColor="" NormalTextColor="UI_BtnTextHoloNormal" PressedTextColor="UI_BtnTextHoloPressed" FlybyTextColor="UI_BtnTextHoloFlyby" PressedFlybyTextColor="UI_BtnTextHoloPressedFlyby" DisabledTextColor="UI_BtnTextHoloDisabled" Hotkey="" Text="" Overlapped="1" RelativeToClient="0" NoClip="0" NewWindowDepth="0" ContentId="56">
                <Event Name="ButtonSignal" Function="OnModifierSelected"/>
                <Event Name="ButtonCheck" Function="OnModifierSelected"/>
            </Control>
        </Control>
        <Control Class="Window" LAnchorPoint=".5" LAnchorOffset="-235" TAnchorPoint="0" TAnchorOffset="261" RAnchorPoint=".5" RAnchorOffset="235" BAnchorPoint="0" BAnchorOffset="452" RelativeToClient="1" Font="Default" Text="" Template="" Name="OkForm" BGColor="white" TextColor="white" Border="0" UseTemplateBG="0" HideInEditor="1" NewControlDepth="4" IgnoreMouse="1" Escapable="1" TooltipColor="" Sprite="" Picture="1">
            <Control Class="Window" LAnchorPoint="0" LAnchorOffset="0" TAnchorPoint="0" TAnchorOffset="0" RAnchorPoint="1" RAnchorOffset="0" BAnchorPoint="1" BAnchorOffset="0" RelativeToClient="1" Font="Default" Text="" Template="Default" Name="ConfirmHeaderUnderlay" BGColor="white" TextColor="white" Picture="1" Sprite="BK3:sprHolo_Alert_Notify" TooltipColor="" IgnoreMouse="1"/>
            <Control Class="Window" LAnchorPoint="0" LAnchorOffset="100" TAnchorPoint="0" TAnchorOffset="36" RAnchorPoint="1" RAnchorOffset="-100" BAnchorPoint="0" BAnchorOffset="84" RelativeToClient="1" Font="CRB_InterfaceMedium" Template="Default" Name="MessageText" BGColor="white" TextColor="UI_TextHoloTitle" DT_WORDBREAK="1" DT_VCENTER="1" NewControlDepth="2" TextId="CRB_Message" IgnoreMouse="1" Escapable="0" TooltipColor="" Text="" DT_CENTER="1"/>
            <Event Name="WindowClosed" Function="OnEscapeYesNoDialog"/>
            <Control Class="Button" Base="BK3:btnHolo_Blue_Med" Font="CRB_Button" ButtonType="PushButton" RadioGroup="" LAnchorPoint=".5" LAnchorOffset="-70" TAnchorPoint="1" TAnchorOffset="-109" RAnchorPoint=".5" RAnchorOffset="70" BAnchorPoint="1" BAnchorOffset="-36" DT_VCENTER="1" DT_CENTER="1" Name="OkButton" BGColor="white" TextColor="white" NoClip="1" NewControlDepth="10" WindowSoundTemplate="PushbuttonDigi02" TextId="CRB_Okay" TooltipColor="" NormalTextColor="UI_BtnTextBlueNormal" PressedTextColor="UI_BtnTextBluePressed" FlybyTextColor="UI_BtnTextBlueFlyby" PressedFlybyTextColor="UI_BtnTextBluePressedFlyby" DisabledTextColor="UI_BtnTextBlueDisabled" Visible="1" HideInEditor="0" Text="">
                <Event Name="ButtonSignal" Function="OnOkFormOk"/>
            </Control>
        </Control>
        <Control Class="Window" LAnchorPoint="0" LAnchorOffset="51" TAnchorPoint="0" TAnchorOffset="87" RAnchorPoint="0" RAnchorOffset="360" BAnchorPoint="0" BAnchorOffset="117" RelativeToClient="1" Font="CRB_InterfaceMedium" Template="Default" Name="BG_SetChoiceLabel" BGColor="white" TextColor="UI_TextHoloBodyCyan" DT_VCENTER="1" TextId="CRB_Use_Shortcut_Set" TooltipColor="" HideInEditor="0"/>
        <Control Class="Window" LAnchorPoint="0" LAnchorOffset="55" TAnchorPoint="1" TAnchorOffset="-153" RAnchorPoint="1" RAnchorOffset="-229" BAnchorPoint="1" BAnchorOffset="-113" RelativeToClient="1" Font="CRB_InterfaceMedium_BB" Template="Default" Name="DuplicateMsg" BGColor="white" TextColor="UI_TextHoloBodyHighlight" DT_VCENTER="1" NewControlDepth="3" DT_WORDBREAK="1" TextId="Keybinding_UnmappedDuplicate" TooltipColor="" Visible="1" Text="" HideInEditor="1"/>
        <Control Class="Window" LAnchorPoint="0" LAnchorOffset="0" TAnchorPoint="0" TAnchorOffset="0" RAnchorPoint="1" RAnchorOffset="0" BAnchorPoint="1" BAnchorOffset="0" RelativeToClient="1" Font="Default" Text="" BGColor="UI_WindowBGDefault" TextColor="UI_WindowTextDefault" Template="Metal_Primary_NoNav" TooltipType="OnCursor" Name="MainFrame" TooltipColor="" Picture="0" IgnoreMouse="1" Border="1" UseTemplateBG="1" HideInEditor="1">
            <Control Class="Window" LAnchorPoint=".5" LAnchorOffset="-200" TAnchorPoint="0" TAnchorOffset="29" RAnchorPoint=".5" RAnchorOffset="200" BAnchorPoint="0" BAnchorOffset="65" RelativeToClient="1" Font="CRB_HeaderMedium" Text="" Template="Default" TooltipType="OnCursor" Name="KeybindTitle" BGColor="white" TextColor="UI_WindowTitleYellow" TooltipColor="" TextId="CRB_Keybindings" DT_VCENTER="1" DT_BOTTOM="0" DT_CENTER="1" Sprite="BK3:sprMetal_Framing_Header" Picture="1" IgnoreMouse="1"/>
        </Control>
        <Control Class="Window" LAnchorPoint="1" LAnchorOffset="-60" TAnchorPoint="0" TAnchorOffset="51" RAnchorPoint="1" RAnchorOffset="253" BAnchorPoint="0" BAnchorOffset="227" RelativeToClient="1" Font="Default" Text="" Template="" Name="SetSelectionWindow" BGColor="white" TextColor="white" NoClip="1" Border="0" UseTemplateBG="0" HideInEditor="0" NewControlDepth="4" IgnoreMouse="1" Escapable="1" TooltipColor="" Picture="1" Sprite="BK3:sprHolo_Alert_Flyout" Tooltip="">
            <Control Class="Button" Base="BK3:btnHolo_ListView_Top" Font="CRB_Button" ButtonType="Check" RadioGroup="ShortcutSet" LAnchorPoint="0" LAnchorOffset="44" TAnchorPoint="0" TAnchorOffset="51" RAnchorPoint="1" RAnchorOffset="-44" BAnchorPoint="0" BAnchorOffset="88" DT_VCENTER="1" DT_CENTER="1" Name="AccountCustom" BGColor="white" TextColor="white" NewControlDepth="2" GlobalRadioGroup="" WindowSoundTemplate="TogglePhys01" RadioDisallowNonSelection="1" TextId="CRB___Custom_Shortcut_Set__Account" TooltipColor="" NormalTextColor="UI_BtnTextHoloNormal" PressedTextColor="UI_BtnTextHoloPressed" FlybyTextColor="UI_BtnTextHoloFlyby" PressedFlybyTextColor="UI_BtnTextHoloPressedFlyby" DisabledTextColor="UI_BtnTextHoloDisabled" Hotkey="9" Text="" DT_RIGHT="0">
                <Event Name="ButtonSignal" Function="OnSetSelected"/>
                <Event Name="ButtonCheck" Function="OnSetSelected"/>
            </Control>
            <Control Class="Button" Base="BK3:btnHolo_ListView_Btm" Font="CRB_Button" ButtonType="Check" RadioGroup="ShortcutSet" LAnchorPoint="0" LAnchorOffset="44" TAnchorPoint="0" TAnchorOffset="88" RAnchorPoint="1" RAnchorOffset="-44" BAnchorPoint="0" BAnchorOffset="125" DT_VCENTER="1" DT_CENTER="1" Name="CharacterCustom" BGColor="white" TextColor="white" NewControlDepth="2" GlobalRadioGroup="" WindowSoundTemplate="TogglePhys01" RadioDisallowNonSelection="1" TextId="CRB___Custom_Shortcut_Set__Character" TooltipColor="" NormalTextColor="UI_BtnTextHoloNormal" PressedTextColor="UI_BtnTextHoloPressed" FlybyTextColor="UI_BtnTextHoloFlyby" PressedFlybyTextColor="UI_BtnTextHoloPressedFlyby" DisabledTextColor="UI_BtnTextHoloDisabled" Text="">
                <Event Name="ButtonSignal" Function="OnSetSelected"/>
                <Event Name="ButtonCheck" Function="OnSetSelected"/>
            </Control>
            <Event Name="WindowClosed" Function="OnEscapeSetSelect"/>
            <Pixie LAnchorPoint="0" LAnchorOffset="43" TAnchorPoint="0" TAnchorOffset="50" RAnchorPoint="1" RAnchorOffset="-43" BAnchorPoint="1" BAnchorOffset="-50" Sprite="BK3:UI_BK3_Holo_InsetFlyout" BGColor="white" TextColor="black" Rotation="0" Font="Default" Text=""/>
        </Control>
        <Control Class="Button" Base="CRB_Basekit:kitBtn_Close" Font="Thick" ButtonType="PushButton" RadioGroup="" LAnchorPoint="1" LAnchorOffset="-52" TAnchorPoint="0" TAnchorOffset="25" RAnchorPoint="1" RAnchorOffset="-20" BAnchorPoint="0" BAnchorOffset="59" DT_VCENTER="1" DT_CENTER="1" Name="CloseButton" BGColor="white" TextColor="white" NewControlDepth="2" WindowSoundTemplate="CloseWindowPhys" TooltipColor="" NormalTextColor="white" PressedTextColor="white" FlybyTextColor="white" PressedFlybyTextColor="white" DisabledTextColor="white">
            <Event Name="ButtonSignal" Function="OnCancelBtn"/>
        </Control>
        <Control Class="Button" Base="CRB_Basekit:kitBtn_Metal_LargeBlue" Font="CRB_Button" ButtonType="PushButton" RadioGroup="" LAnchorPoint="0" LAnchorOffset="38" TAnchorPoint="1" TAnchorOffset="-78" RAnchorPoint="0" RAnchorOffset="207" BAnchorPoint="1" BAnchorOffset="-30" DT_VCENTER="1" DT_CENTER="1" Name="RestoreDefaults" BGColor="white" TextColor="UI_TextMetalGoldHighlight" DrawAsCheckbox="0" NewControlDepth="2" WindowSoundTemplate="PushbuttonDigi01" Visible="1" DT_BOTTOM="0" DT_WORDBREAK="0" DT_RIGHT="0" TextId="CRB_Restore_Defaults" TooltipColor="" NormalTextColor="UI_BtnTextBlueNormal" PressedTextColor="UI_BtnTextBluePressed" FlybyTextColor="UI_BtnTextBlueFlyby" PressedFlybyTextColor="UI_BtnTextBluePressedFlyby" DisabledTextColor="UI_BtnTextBlueDisabled" Text="">
            <Event Name="ButtonSignal" Function="OnRestoreDefaults"/>
        </Control>
        <Control Class="Window" LAnchorPoint="0" LAnchorOffset="27" TAnchorPoint="1" TAnchorOffset="-92" RAnchorPoint="1" RAnchorOffset="-26" BAnchorPoint="1" BAnchorOffset="-22" RelativeToClient="1" Font="Default" Text="" Template="Default" TooltipType="OnCursor" Name="BGArt_MetalFooter" BGColor="white" TextColor="white" TooltipColor="" Picture="1" IgnoreMouse="1" Sprite="BK3:UI_BK3_Metal_Footer_Large"/>
        <Control Class="Button" Base="CRB_Basekit:kitBtn_Metal_LargeGreen" Font="CRB_Button" ButtonType="PushButton" RadioGroup="" LAnchorPoint="1" LAnchorOffset="-296" TAnchorPoint="1" TAnchorOffset="-78" RAnchorPoint="1" RAnchorOffset="-166" BAnchorPoint="1" BAnchorOffset="-30" DT_VCENTER="1" DT_CENTER="1" Name="SaveSetButton" BGColor="white" TextColor="white" NewControlDepth="2" WindowSoundTemplate="TogglePhys02" TextId="CRB_Accept" Text="" TooltipColor="" NormalTextColor="UI_BtnTextGreenNormal" PressedTextColor="UI_BtnTextGreenPressed" FlybyTextColor="UI_BtnTextGreenFlyby" PressedFlybyTextColor="UI_BtnTextGreenPressedFlyby" DisabledTextColor="UI_BtnTextGreenDisabled">
            <Event Name="ButtonSignal" Function="OnSaveBtn"/>
        </Control>
        <Control Class="Button" Base="CRB_Basekit:kitBtn_Metal_LargeRed" Font="CRB_Button" ButtonType="PushButton" RadioGroup="" LAnchorPoint="1" LAnchorOffset="-166" TAnchorPoint="1" TAnchorOffset="-78" RAnchorPoint="1" RAnchorOffset="-36" BAnchorPoint="1" BAnchorOffset="-30" DT_VCENTER="1" DT_CENTER="1" Name="CancelSetButton" BGColor="white" TextColor="white" NewControlDepth="2" WindowSoundTemplate="TogglePhys03" TextId="CRB_Cancel" TooltipColor="" NormalTextColor="UI_BtnTextRedNormal" PressedTextColor="UI_BtnTextRedPressed" FlybyTextColor="UI_BtnTextRedFlyby" PressedFlybyTextColor="UI_BtnTextRedPressedFlyby" DisabledTextColor="UI_BtnTextRedDisabled">
            <Event Name="ButtonSignal" Function="OnCancelBtn"/>
        </Control>
        <Event Name="WindowClosed" Function="OnClose"/>
        <Event Name="MouseButtonUp" Function="OnMouseButtonUp"/>
    </Form>
    <Form Class="Window" LAnchorPoint="0" LAnchorOffset="0" TAnchorPoint="0" TAnchorOffset="0" RAnchorPoint="1" RAnchorOffset="0" BAnchorPoint="0" BAnchorOffset="40" RelativeToClient="0" Font="CRB_InterfaceSmall" Text="" Template="Default" Name="KeybindModifierKeyItem" Border="0" Picture="0" SwallowMouseClicks="1" Moveable="0" Escapable="0" Overlapped="1" BGColor="white" TextColor="white" TooltipColor="" NoClip="0" Tooltip="">
        <Control Class="Window" LAnchorPoint="0" LAnchorOffset="9" TAnchorPoint="0" TAnchorOffset="0" RAnchorPoint="1" RAnchorOffset="-375" BAnchorPoint="1" BAnchorOffset="0" RelativeToClient="1" Font="CRB_InterfaceSmall" Template="Default" Name="KbList_Text" BGColor="white" TextColor="UI_TextHoloTitle" DT_VCENTER="1" TextId="Command_Sprint" TooltipColor="" Text="" Border="0" IgnoreMouse="1" Tooltip="" NoClip="0"/>
        <Control Class="Button" Base="CRB_Basekit:kitBtn_Dropdown_TextBaseHybrid" ButtonType="Check" LAnchorPoint="1" LAnchorOffset="-285" TAnchorPoint="0" TAnchorOffset="1" RAnchorPoint="1" RAnchorOffset="-100" BAnchorPoint="1" BAnchorOffset="1" Name="DropdownButton" BGColor="white" TextColor="white" NormalTextColor="UI_TextHoloBody" PressedTextColor="UI_TextHoloBody" FlybyTextColor="UI_TextHoloBody" PressedFlybyTextColor="UI_TextHoloBody" DisabledTextColor="white" TooltipColor="" Font="CRB_InterfaceMedium_B" Text="" TextId="Keybinding_ShiftMod" DT_CENTER="1" DT_VCENTER="1" Border="0" Template="CRB_Normal" Picture="1" UseTemplateBG="0" HScroll="0" LeftEdgeControlsAnchor="DropdownLeft" RightEdgeControlsAnchor="DropdownRight" Tooltip="" Sprite="">
            <Event Name="ButtonCheck" Function="OnModifierDropdownToggle"/>
            <Event Name="ButtonUncheck" Function="OnModifierDropdownToggle"/>
        </Control>
        <Control Class="Window" LAnchorPoint="DropdownLeft" LAnchorOffset="10" TAnchorPoint="0" TAnchorOffset="41" RAnchorPoint="DropdownRight" RAnchorOffset="-10" BAnchorPoint="0" BAnchorOffset="162" RelativeToClient="1" Font="Default" Text="" Template="CRB_NormalFramedThin" Name="SelectModifier" BGColor="white" TextColor="white" NoClip="1" Border="1" UseTemplateBG="1" HideInEditor="0" NewControlDepth="4" IgnoreMouse="1" Escapable="1" TooltipColor="" NewWindowDepth="1" Visible="0" UseRadialClipping="0" DoNotBlockTooltip="0" Overlapped="0">
            <Control Class="Button" Base="CRB_UIKitSprites:btn_listBG" Font="CRB_InterfaceMedium" ButtonType="Check" RadioGroup="ModifierKey" LAnchorPoint="0" LAnchorOffset="7" TAnchorPoint="0" TAnchorOffset="7" RAnchorPoint="1" RAnchorOffset="-7" BAnchorPoint="0" BAnchorOffset="42" DT_VCENTER="1" DT_CENTER="1" Name="Shift" BGColor="white" TextColor="white" NewControlDepth="2" GlobalRadioGroup="" WindowSoundTemplate="TogglePhys01" RadioDisallowNonSelection="1" TextId="Keybinding_ShiftMod" TooltipColor="" NormalTextColor="UI_BtnTextHoloNormal" PressedTextColor="UI_BtnTextHoloPressed" FlybyTextColor="UI_BtnTextHoloFlyby" PressedFlybyTextColor="UI_BtnTextHoloPressedFlyby" DisabledTextColor="UI_BtnTextHoloDisabled" Hotkey="9" Text="" Overlapped="1" RelativeToClient="0" NoClip="0" NewWindowDepth="0">
                <Event Name="ButtonSignal" Function="OnModifierSelected"/>
                <Event Name="ButtonCheck" Function="OnModifierSelected"/>
            </Control>
            <Control Class="Button" Base="CRB_UIKitSprites:btn_listBG" Font="CRB_InterfaceMedium" ButtonType="Check" RadioGroup="ModifierKey" LAnchorPoint="0" LAnchorOffset="7" TAnchorPoint="0" TAnchorOffset="43" RAnchorPoint="1" RAnchorOffset="-7" BAnchorPoint="0" BAnchorOffset="78" DT_VCENTER="1" DT_CENTER="1" Name="Ctrl" BGColor="white" TextColor="white" NewControlDepth="2" GlobalRadioGroup="" WindowSoundTemplate="TogglePhys01" RadioDisallowNonSelection="1" TextId="Keybinding_CtrlMod" TooltipColor="" NormalTextColor="UI_BtnTextHoloNormal" PressedTextColor="UI_BtnTextHoloPressed" FlybyTextColor="UI_BtnTextHoloFlyby" PressedFlybyTextColor="UI_BtnTextHoloPressedFlyby" DisabledTextColor="UI_BtnTextHoloDisabled" Text="" Overlapped="1" RelativeToClient="0" NoClip="0" NewWindowDepth="0">
                <Event Name="ButtonSignal" Function="OnModifierSelected"/>
                <Event Name="ButtonCheck" Function="OnModifierSelected"/>
            </Control>
            <Event Name="WindowClosed" Function="OnEscapeModifierSelect"/>
            <Control Class="Button" Base="CRB_UIKitSprites:btn_listBG" Font="CRB_InterfaceMedium" ButtonType="Check" RadioGroup="ModifierKey" LAnchorPoint="0" LAnchorOffset="7" TAnchorPoint="0" TAnchorOffset="79" RAnchorPoint="1" RAnchorOffset="-7" BAnchorPoint="0" BAnchorOffset="114" DT_VCENTER="1" DT_CENTER="1" Name="Alt" BGColor="white" TextColor="white" NewControlDepth="2" GlobalRadioGroup="" WindowSoundTemplate="TogglePhys01" RadioDisallowNonSelection="1" TextId="Keybinding_AltMod" TooltipColor="" NormalTextColor="UI_BtnTextHoloNormal" PressedTextColor="UI_BtnTextHoloPressed" FlybyTextColor="UI_BtnTextHoloFlyby" PressedFlybyTextColor="UI_BtnTextHoloPressedFlyby" DisabledTextColor="UI_BtnTextHoloDisabled" Hotkey="9" Text="" Overlapped="1" RelativeToClient="0" NoClip="0" NewWindowDepth="0">
                <Event Name="ButtonSignal" Function="OnModifierSelected"/>
                <Event Name="ButtonCheck" Function="OnModifierSelected"/>
            </Control>
        </Control>
    </Form>
    <Form Class="Window" LAnchorPoint="0" LAnchorOffset="0" TAnchorPoint="0" TAnchorOffset="0" RAnchorPoint="1" RAnchorOffset="-20" BAnchorPoint="0" BAnchorOffset="40" RelativeToClient="0" Font="Default" Text="" Template="Default" Name="KeybindListItem" Border="0" Picture="1" SwallowMouseClicks="1" Moveable="0" Escapable="0" Overlapped="0" BGColor="white" TextColor="white" TooltipColor="" IgnoreMouse="1" Tooltip="">
        <Control Class="Window" LAnchorPoint="0" LAnchorOffset="9" TAnchorPoint="0" TAnchorOffset="0" RAnchorPoint="1" RAnchorOffset="-375" BAnchorPoint="1" BAnchorOffset="0" RelativeToClient="1" Font="CRB_InterfaceMedium" Template="Default" Name="KbList_Text" BGColor="white" TextColor="UI_WindowTitleYellow" DT_VCENTER="1" TextId="CRB_Target_Previous_Friendly_Player" TooltipColor="" DT_WORDBREAK="1"/>
        <Control Class="Button" Base="CRB_Basekit:kitBtn_List_Holo" Font="CRB_InterfaceSmall" ButtonType="PushButton" RadioGroup="" LAnchorPoint="1" LAnchorOffset="-380" TAnchorPoint="0" TAnchorOffset="3" RAnchorPoint="1" RAnchorOffset="-195" BAnchorPoint="1" BAnchorOffset="-3" DT_VCENTER="1" DT_CENTER="1" Name="BindButton1" BGColor="white" TextColor="white" Text="" WindowSoundTemplate="SelectTabPhys" ProcessRightClick="1" TooltipColor="" NormalTextColor="UI_BtnTextHoloNormal" PressedTextColor="UI_BtnTextHoloPressed" FlybyTextColor="UI_BtnTextHoloFlyby" PressedFlybyTextColor="UI_BtnTextHoloPressedFlyby" DisabledTextColor="UI_BtnTextHoloDisabled">
            <Event Name="ButtonSignal" Function="OnBindButton"/>
            <Event Name="WindowKeyDown" Function="OnKeyDown"/>
        </Control>
        <Control Class="Button" Base="CRB_Basekit:kitBtn_List_Holo" Font="CRB_InterfaceSmall" ButtonType="PushButton" RadioGroup="" LAnchorPoint="1" LAnchorOffset="-192" TAnchorPoint="0" TAnchorOffset="3" RAnchorPoint="1" RAnchorOffset="-7" BAnchorPoint="1" BAnchorOffset="-3" DT_VCENTER="1" DT_CENTER="1" Name="BindButton2" BGColor="white" TextColor="white" Text="" WindowSoundTemplate="SelectTabPhys" ProcessRightClick="1" TooltipColor="" NormalTextColor="UI_BtnTextHoloNormal" PressedTextColor="UI_BtnTextHoloPressed" FlybyTextColor="UI_BtnTextHoloListFlyby" PressedFlybyTextColor="UI_BtnTextHoloPressedFlyby" DisabledTextColor="UI_BtnTextHoloDisabled">
            <Event Name="ButtonSignal" Function="OnBindButton"/>
            <Event Name="WindowKeyDown" Function="OnKeyDown"/>
        </Control>
        <Pixie LAnchorPoint="0" LAnchorOffset="0" TAnchorPoint="0" TAnchorOffset="-50" RAnchorPoint="1" RAnchorOffset="0" BAnchorPoint="1" BAnchorOffset="50" Sprite="BK3:UI_BK3_Holo_InsetHeaderThin" BGColor="white" TextColor="black" Rotation="0" Font="Default"/>
    </Form>
    <Form Class="Window" LAnchorPoint="0" LAnchorOffset="0" TAnchorPoint="0" TAnchorOffset="0" RAnchorPoint="1" RAnchorOffset="0" BAnchorPoint="0" BAnchorOffset="33" RelativeToClient="1" Font="Default" Text="" Template="Default" Name="CopySetListItem" Border="0" Picture="0" SwallowMouseClicks="1" Moveable="0" Escapable="0" Overlapped="0" BGColor="white" TextColor="white" TooltipColor="" Tooltip="">
        <Control Class="Button" Base="CRB_UIKitSprites:btn_listBG" Font="Thick" ButtonType="Check" RadioGroup="" LAnchorPoint="0" LAnchorOffset="0" TAnchorPoint="0" TAnchorOffset="0" RAnchorPoint="1" RAnchorOffset="0" BAnchorPoint="1" BAnchorOffset="0" DT_VCENTER="1" DT_CENTER="1" Name="CopySetButton" BGColor="white" TextColor="white" RadioDisallowNonSelection="1" GlobalRadioGroup="CopySet" TooltipColor="" NormalTextColor="white" PressedTextColor="white" FlybyTextColor="white" PressedFlybyTextColor="white" DisabledTextColor="white">
            <Event Name="ButtonSignal" Function="OnCopySetSelected"/>
            <Event Name="ButtonCheck" Function="OnCopySetSelected"/>
        </Control>
    </Form>
    <Form Class="Button" LAnchorPoint="0" LAnchorOffset="0" TAnchorPoint="0" TAnchorOffset="0" RAnchorPoint="1" RAnchorOffset="-20" BAnchorPoint="0" BAnchorOffset="40" RelativeToClient="0" Font="CRB_Header12" Text="" Template="CRB_Normal" Name="KeybindCategoryItem" Border="0" Picture="1" SwallowMouseClicks="1" Moveable="0" Escapable="0" Overlapped="0" BGColor="white" TextColor="UI_WindowTitleYellow" TooltipColor="" Tooltip="" NormalTextColor="white" PressedTextColor="white" FlybyTextColor="white" PressedFlybyTextColor="white" DisabledTextColor="white" Base="BK3:btnHolo_ExpandCollapse_Inverted" UseTemplateBG="1" DT_CENTER="1" DT_VCENTER="1" Sprite="" NoClip="0" ButtonType="Check">
        <Event Name="ButtonUp" Function="OnCategoryClick"/>
        <Pixie LAnchorPoint="0" LAnchorOffset="0" TAnchorPoint="0" TAnchorOffset="1" RAnchorPoint="1" RAnchorOffset="0" BAnchorPoint="0" BAnchorOffset="100" Sprite="BK3:UI_BK3_Holo_InsetHeaderThin" BGColor="white" TextColor="black" Rotation="0" Font="CRB_Interface11"/>
    </Form>
    <Form Class="Window" LAnchorPoint="0" LAnchorOffset="0" TAnchorPoint="0" TAnchorOffset="0" RAnchorPoint="1" RAnchorOffset="-20" BAnchorPoint="0" BAnchorOffset="40" RelativeToClient="0" Font="CRB_InterfaceSmall" Text="" Template="HologramControl1" Name="KeybindModifierOptKeyItem" Border="0" Picture="0" SwallowMouseClicks="1" Moveable="0" Escapable="0" Overlapped="1" BGColor="white" TextColor="white" TooltipColor="" NoClip="0" Tooltip="">
        <Control Class="Window" LAnchorPoint="0" LAnchorOffset="9" TAnchorPoint="0" TAnchorOffset="0" RAnchorPoint="1" RAnchorOffset="-375" BAnchorPoint="1" BAnchorOffset="0" RelativeToClient="1" Font="CRB_InterfaceSmall" Template="Default" Name="KbList_Text" BGColor="white" TextColor="UI_TextHoloBody" DT_VCENTER="1" TextId="Command_Sprint" TooltipColor="" Text="" Border="0" IgnoreMouse="1" Tooltip="" NoClip="0"/>
        <Control Class="Button" Base="CRB_Basekit:kitBtn_Dropdown_TextBaseHolo2" ButtonType="Check" LAnchorPoint="1" LAnchorOffset="-380" TAnchorPoint="0" TAnchorOffset="1" RAnchorPoint="1" RAnchorOffset="-195" BAnchorPoint="1" BAnchorOffset="1" Name="DropdownButton" BGColor="white" TextColor="white" NormalTextColor="UI_TextHoloBody" PressedTextColor="UI_TextHoloBody" FlybyTextColor="UI_TextHoloBody" PressedFlybyTextColor="UI_TextHoloBody" DisabledTextColor="white" TooltipColor="" Font="CRB_Button" Text="" TextId="Keybinding_ShiftMod" DT_CENTER="1" DT_VCENTER="1" Border="0" Template="CRB_Normal" Picture="1" UseTemplateBG="0" HScroll="0" LeftEdgeControlsAnchor="DropdownLeft" RightEdgeControlsAnchor="DropdownRight" Tooltip="" Sprite="" CloseOnExternalClick="0">
            <Event Name="ButtonCheck" Function="OnModifierDropdownToggle"/>
            <Event Name="ButtonUncheck" Function="OnModifierDropdownToggle"/>
        </Control>
        <Control Class="Window" LAnchorPoint="DropdownLeft" LAnchorOffset="0" TAnchorPoint="0" TAnchorOffset="37" RAnchorPoint="DropdownRight" RAnchorOffset="1" BAnchorPoint="0" BAnchorOffset="158" RelativeToClient="1" Font="Default" Text="" Template="HologramControl2" Name="SelectModifier" BGColor="white" TextColor="white" NoClip="1" Border="1" UseTemplateBG="1" HideInEditor="0" NewControlDepth="4" IgnoreMouse="1" Escapable="1" TooltipColor="" NewWindowDepth="1" Visible="0" UseRadialClipping="0" DoNotBlockTooltip="0" Overlapped="0">
            <Control Class="Button" Base="CRB_Basekit:kitBtn_List_Holo" Font="CRB_InterfaceMedium" ButtonType="Check" RadioGroup="ModifierKey" LAnchorPoint="0" LAnchorOffset="7" TAnchorPoint="0" TAnchorOffset="7" RAnchorPoint="1" RAnchorOffset="-7" BAnchorPoint="0" BAnchorOffset="42" DT_VCENTER="1" DT_CENTER="1" Name="Shift" BGColor="white" TextColor="white" NewControlDepth="2" GlobalRadioGroup="" WindowSoundTemplate="TogglePhys01" RadioDisallowNonSelection="1" TextId="Keybinding_ShiftMod" TooltipColor="" NormalTextColor="UI_BtnTextHoloNormal" PressedTextColor="UI_BtnTextHoloPressed" FlybyTextColor="UI_BtnTextHoloFlyby" PressedFlybyTextColor="UI_BtnTextHoloPressedFlyby" DisabledTextColor="UI_BtnTextHoloDisabled" Hotkey="9" Text="" Overlapped="1" RelativeToClient="0" NoClip="0" NewWindowDepth="0" Tooltip="">
                <Event Name="ButtonSignal" Function="OnModifierSelected"/>
                <Event Name="ButtonCheck" Function="OnModifierSelected"/>
            </Control>
            <Control Class="Button" Base="CRB_Basekit:kitBtn_List_Holo" Font="CRB_InterfaceMedium" ButtonType="Check" RadioGroup="ModifierKey" LAnchorPoint="0" LAnchorOffset="7" TAnchorPoint="0" TAnchorOffset="44" RAnchorPoint="1" RAnchorOffset="-7" BAnchorPoint="0" BAnchorOffset="79" DT_VCENTER="1" DT_CENTER="1" Name="Ctrl" BGColor="white" TextColor="white" NewControlDepth="2" GlobalRadioGroup="" WindowSoundTemplate="TogglePhys01" RadioDisallowNonSelection="1" TextId="Keybinding_CtrlMod" TooltipColor="" NormalTextColor="UI_BtnTextHoloNormal" PressedTextColor="UI_BtnTextHoloPressed" FlybyTextColor="UI_BtnTextHoloFlyby" PressedFlybyTextColor="UI_BtnTextHoloPressedFlyby" DisabledTextColor="UI_BtnTextHoloDisabled" Text="" Overlapped="1" RelativeToClient="0" NoClip="0" NewWindowDepth="0">
                <Event Name="ButtonSignal" Function="OnModifierSelected"/>
                <Event Name="ButtonCheck" Function="OnModifierSelected"/>
            </Control>
            <Event Name="WindowClosed" Function="OnEscapeModifierSelect"/>
            <Control Class="Button" Base="CRB_Basekit:kitBtn_List_Holo" Font="CRB_InterfaceMedium" ButtonType="Check" RadioGroup="ModifierKey" LAnchorPoint="0" LAnchorOffset="7" TAnchorPoint="0" TAnchorOffset="80" RAnchorPoint="1" RAnchorOffset="-7" BAnchorPoint="0" BAnchorOffset="115" DT_VCENTER="1" DT_CENTER="1" Name="Alt" BGColor="white" TextColor="white" NewControlDepth="2" GlobalRadioGroup="" WindowSoundTemplate="TogglePhys01" RadioDisallowNonSelection="1" TextId="Keybinding_AltMod" TooltipColor="" NormalTextColor="UI_BtnTextHoloNormal" PressedTextColor="UI_BtnTextHoloPressed" FlybyTextColor="UI_BtnTextHoloFlyby" PressedFlybyTextColor="UI_BtnTextHoloPressedFlyby" DisabledTextColor="UI_BtnTextHoloDisabled" Hotkey="9" Text="" Overlapped="1" RelativeToClient="0" NoClip="0" NewWindowDepth="0">
                <Event Name="ButtonSignal" Function="OnModifierSelected"/>
                <Event Name="ButtonCheck" Function="OnModifierSelected"/>
            </Control>
        </Control>
        <Control Class="Button" Base="CRB_Basekit:kitBtn_List_Holo" Font="CRB_InterfaceSmall" ButtonType="PushButton" RadioGroup="" LAnchorPoint="1" LAnchorOffset="-192" TAnchorPoint="0" TAnchorOffset="3" RAnchorPoint="1" RAnchorOffset="-7" BAnchorPoint="1" BAnchorOffset="-3" DT_VCENTER="1" DT_CENTER="1" Name="BindButton1" BGColor="white" TextColor="white" Text="" WindowSoundTemplate="SelectTabPhys" ProcessRightClick="1" TooltipColor="" NormalTextColor="white" PressedTextColor="white" FlybyTextColor="white" PressedFlybyTextColor="white" DisabledTextColor="white">
            <Event Name="ButtonSignal" Function="OnBindButton"/>
            <Event Name="WindowKeyDown" Function="OnKeyDown"/>
        </Control>
        <Pixie LAnchorPoint="0" LAnchorOffset="0" TAnchorPoint="0" TAnchorOffset="-50" RAnchorPoint="1" RAnchorOffset="0" BAnchorPoint="1" BAnchorOffset="50" Sprite="BK3:UI_BK3_Holo_InsetHeaderThin" BGColor="white" TextColor="black" Rotation="0" Font="CRB_Interface9"/>
    </Form>
</Forms>
