<?xml version="1.0" encoding="UTF-8" standalone="yes" ?>
<Forms>
    <Form Class="Window" LAnchorPoint="0.5" LAnchorOffset="-250" TAnchorPoint=".5" TAnchorOffset="-184" RAnchorPoint="0.5" RAnchorOffset="250" BAnchorPoint=".5" BAnchorOffset="100" RelativeToClient="1" Font="Default" Text="" Template="Holo_Small" TooltipType="OnCursor" Name="CraftingResumeForm" BGColor="white" TextColor="white" TooltipColor="" Picture="0" IgnoreMouse="0" Sprite="" Moveable="1" Overlapped="1" Tooltip="" Escapable="1" TransitionShowHide="1" Border="1" UseTemplateBG="1">
        <Control Class="Window" LAnchorPoint="0" LAnchorOffset="65" TAnchorPoint="0" TAnchorOffset="50" RAnchorPoint="0" RAnchorOffset="129" BAnchorPoint="0" BAnchorOffset="114" RelativeToClient="1" Font="CRB_HeaderLarge" Text="" Template="Default" TooltipType="OnCursor" Name="CoordPrevWindowPopupOldIcon" BGColor="white" TextColor="UI_WindowTitleYellow" TooltipColor="" DT_CENTER="1" DT_VCENTER="1" TextId="" DT_WORDBREAK="1" IgnoreMouse="1" AutoScaleText="1" Picture="1" Sprite="IconSprites:Icon_ItemMisc_Meat_pie" IgnoreTooltipDelay="1"/>
        <Control Class="Window" LAnchorPoint="0" LAnchorOffset="140" TAnchorPoint="0" TAnchorOffset="48" RAnchorPoint="1" RAnchorOffset="-80" BAnchorPoint="0" BAnchorOffset="88" RelativeToClient="1" Font="CRB_HeaderLarge" Text="" Template="Default" TooltipType="OnCursor" Name="CoordPrevWindowPopupOldName" BGColor="white" TextColor="UI_WindowTitleYellow" TooltipColor="" DT_CENTER="0" DT_VCENTER="0" TextId="CRB__2" DT_WORDBREAK="0" IgnoreMouse="1" AutoScaleText="1"/>
        <Control Class="Window" LAnchorPoint="0" LAnchorOffset="138" TAnchorPoint="1" TAnchorOffset="-203" RAnchorPoint="1" RAnchorOffset="-60" BAnchorPoint="1" BAnchorOffset="-163" RelativeToClient="1" Font="Default" Text="" BGColor="UI_WindowBGDefault" TextColor="UI_WindowTextDefault" Template="Default" TooltipType="OnCursor" Name="CoordPrevWindowMaterials" TooltipColor="" Sprite="" Picture="1" IgnoreMouse="1" NoClip="1" HideInEditor="0"/>
        <Control Class="Window" LAnchorPoint="0" LAnchorOffset="70" TAnchorPoint="1" TAnchorOffset="-155" RAnchorPoint="1" RAnchorOffset="-70" BAnchorPoint="1" BAnchorOffset="-110" RelativeToClient="1" Font="CRB_InterfaceMedium" Template="Default" TooltipType="OnCursor" Name="AbandonWarningLine1" BGColor="white" TextColor="UI_TextHoloTitle" TooltipColor="" Picture="0" IgnoreMouse="1" Sprite="" TextId="Crafting_AbandonWarning" DT_VCENTER="0" DT_CENTER="1" Tooltip="" TooltipFont="CRB_Interface9_O" TooltipId="Crafting_AbandonWarningTooltip" Text="Do you want to finish your previous craft?" DT_WORDBREAK="1"/>
        <Control Class="Window" LAnchorPoint="0" LAnchorOffset="70" TAnchorPoint="1" TAnchorOffset="-135" RAnchorPoint="1" RAnchorOffset="-70" BAnchorPoint="1" BAnchorOffset="-110" RelativeToClient="1" Font="CRB_InterfaceMedium" Template="Default" TooltipType="OnCursor" Name="AbandonWarningLine2" BGColor="white" TextColor="UI_TextHoloTitle" TooltipColor="" Picture="0" IgnoreMouse="1" Sprite="" TextId="Crafting_AbandonWarningLine2" DT_VCENTER="0" DT_CENTER="1" Tooltip="" TooltipFont="CRB_Interface9_O" TooltipId="Crafting_AbandonWarningTooltip" Text="" DT_WORDBREAK="1"/>
        <Control Class="Button" Base="BK3:btnHolo_Blue_Med" Font="CRB_Button" ButtonType="PushButton" RadioGroup="" LAnchorPoint="0" LAnchorOffset="50" TAnchorPoint="1" TAnchorOffset="-113" RAnchorPoint="0.5" RAnchorOffset="0" BAnchorPoint="1" BAnchorOffset="-40" DT_VCENTER="1" DT_CENTER="1" TooltipType="OnCursor" Name="CoordPrevFinishOldBtn" BGColor="green" TextColor="white" TooltipColor="" NormalTextColor="UI_BtnTextGreenNormal" PressedTextColor="UI_BtnTextGreenPressed" FlybyTextColor="UI_BtnTextGreenFlyby" PressedFlybyTextColor="UI_BtnTextGreenPressedFlyby" DisabledTextColor="UI_BtnTextGreenDisabled" Text="" TextId="Crafting_FinishPrev" Tooltip="" TooltipFont="CRB_InterfaceSmall_O" TooltipId="Crafting_FinishPrev" Picture="0" RelativeToClient="1">
            <Event Name="ButtonSignal" Function="OnCoordPrevFinishOldBtn"/>
        </Control>
        <Control Class="Button" Base="BK3:btnHolo_Red_Med" Font="CRB_Button" ButtonType="PushButton" RadioGroup="" LAnchorPoint="0.5" LAnchorOffset="0" TAnchorPoint="1" TAnchorOffset="-113" RAnchorPoint="1" RAnchorOffset="-50" BAnchorPoint="1" BAnchorOffset="-40" DT_VCENTER="1" DT_CENTER="1" TooltipType="OnCursor" Name="CoordPrevAbandonBtn" BGColor="white" TextColor="white" TooltipColor="" NormalTextColor="UI_BtnTextRedNormal" PressedTextColor="UI_BtnTextRedPressed" FlybyTextColor="UI_BtnTextRedFlyby" PressedFlybyTextColor="UI_BtnTextRedPressedFlyby" DisabledTextColor="UI_BtnTextRedDisabled" Text="" TextId="QuestLog_AbandonBtn" TooltipId="Crafting_AbandonWarningTooltip" TooltipFont="CRB_InterfaceSmall_O" Tooltip="" RelativeToClient="1" IgnoreTooltipDelay="1">
            <Event Name="ButtonSignal" Function="OnCoordPrevAbandonBtn"/>
        </Control>
        <Control Class="Button" Base="BK3:btnHolo_Close" Font="Thick" ButtonType="PushButton" RadioGroup="" LAnchorPoint="1" LAnchorOffset="-82" TAnchorPoint="0" TAnchorOffset="40" RAnchorPoint="1" RAnchorOffset="-40" BAnchorPoint="0" BAnchorOffset="84" DT_VCENTER="1" DT_CENTER="1" TooltipType="OnCursor" Name="CoordCloseBtn" BGColor="white" TextColor="white" TooltipColor="" NormalTextColor="white" PressedTextColor="white" FlybyTextColor="white" PressedFlybyTextColor="white" DisabledTextColor="white" Text="" RelativeToClient="1">
            <Event Name="ButtonSignal" Function="OnWindowClosed"/>
        </Control>
        <Event Name="WindowClosed" Function="OnWindowClosed"/>
        <Pixie LAnchorPoint="0" LAnchorOffset="60" TAnchorPoint="0" TAnchorOffset="45" RAnchorPoint="0" RAnchorOffset="134" BAnchorPoint="0" BAnchorOffset="119" BGColor="UI_WindowBGDefault" Font="Default" TextColor="UI_WindowTextDefault" Text="" Sprite="BK3:UI_BK3_Holo_InsetSimple" Line="0"/>
        <Pixie LAnchorPoint="0" LAnchorOffset="60" TAnchorPoint="1" TAnchorOffset="-160" RAnchorPoint="1" RAnchorOffset="-60" BAnchorPoint="1" BAnchorOffset="-110" BGColor="UI_WindowBGDefault" Font="Default" TextColor="UI_WindowTextDefault" Text="" Sprite="BK3:UI_BK3_Holo_InsetSimple" Line="0"/>
    </Form>
    <Form Class="Window" LAnchorPoint="0" LAnchorOffset="0" TAnchorPoint="0" TAnchorOffset="0" RAnchorPoint="0" RAnchorOffset="40" BAnchorPoint="0" BAnchorOffset="40" RelativeToClient="1" Font="Default" Text="" BGColor="UI_WindowBGDefault" TextColor="UI_WindowTextDefault" Template="Default" TooltipType="OnCursor" Name="CoordPrevMaterialItem" Border="1" Picture="1" SwallowMouseClicks="1" Moveable="1" Escapable="1" Overlapped="1" TooltipColor="" Sprite="BK3:UI_BK3_Holo_InsetSimple" Tooltip="">
        <Control Class="Window" LAnchorPoint="0" LAnchorOffset="3" TAnchorPoint="0" TAnchorOffset="3" RAnchorPoint="1" RAnchorOffset="-3" BAnchorPoint="1" BAnchorOffset="-3" RelativeToClient="1" Font="CRB_InterfaceMedium_BO" Text="" BGColor="UI_WindowBGDefault" TextColor="UI_WindowTextDefault" Template="Default" TooltipType="OnCursor" Name="CoordPrevMaterialIcon" TooltipColor="" Picture="1" IgnoreMouse="1" Sprite="IconSprites:Icon_ItemMisc_Shredded_Meat" DT_RIGHT="1" DT_BOTTOM="1"/>
    </Form>
</Forms>
