<?xml version="1.0" ?>
<Forms>
    <!-- This window complex acts as a container for the portrait forms.  The lua script hooks them up. -->
    <Form Class="Window" LAnchorPoint="0" LAnchorOffset="0" TAnchorPoint=".5" TAnchorOffset="-371" RAnchorPoint="0" RAnchorOffset="434" BAnchorPoint=".5" BAnchorOffset="374" RelativeToClient="0" Font="Default" Text="" Template="Default" TooltipType="OnCursor" Name="LeftControlPanel" Border="0" Picture="0" SwallowMouseClicks="1" Moveable="0" Escapable="0" Overlapped="0" BGColor="ffffffff" TextColor="ffffffff" TooltipColor="" Tooltip="" IgnoreMouse="1">
        <Control Class="Window" LAnchorPoint="0" LAnchorOffset="0" TAnchorPoint="0" TAnchorOffset="0" RAnchorPoint="1" RAnchorOffset="0" BAnchorPoint="1" BAnchorOffset="0" RelativeToClient="1" Font="Default" Text="" Template="Default" TooltipType="OnCursor" Name="BGArt" BGColor="ffffffff" TextColor="ffffffff" TooltipColor="" Picture="1" IgnoreMouse="1" NoClip="0" Sprite="CRB_CharacterCreateSprites:sprCharS_ListBacker" HideInEditor="0">
            <Pixie LAnchorPoint="0" LAnchorOffset="106" TAnchorPoint="0" TAnchorOffset="35" RAnchorPoint="1" RAnchorOffset="-36" BAnchorPoint="1" BAnchorOffset="-98" Sprite="CharacterCreate:sprCharC_List" BGColor="white" TextColor="black" Rotation="0" Font="Default"/>
        </Control>
        <Control Class="Button" Base="CharacterCreate:btnCharC_Delete" Font="CRB_InterfaceSmall" ButtonType="PushButton" RadioGroup="" LAnchorPoint="0" LAnchorOffset="0" TAnchorPoint="1" TAnchorOffset="-94" RAnchorPoint="0" RAnchorOffset="131" BAnchorPoint="1" BAnchorOffset="-51" DT_VCENTER="1" DT_CENTER="0" TooltipType="OnCursor" Name="DeleteBtn" BGColor="ffffffff" TextColor="ffffffff" TooltipColor="" NormalTextColor="UI_BtnTextHoloNormal" PressedTextColor="UI_BtnTextHoloPressed" FlybyTextColor="UI_BtnTextHoloFlyby" PressedFlybyTextColor="UI_BtnTextHoloPressedFlyby" DisabledTextColor="UI_BtnTextHoloDisabled" NewControlDepth="5" Text="" TextId="CRB_Delete" TestAlpha="0" ButtonTextXMargin="40">
            <Event Name="ButtonSignal" Function="OnDeleteBtn"/>
        </Control>
        <Control Class="Window" LAnchorPoint="0" LAnchorOffset="0" TAnchorPoint="0" TAnchorOffset="12" RAnchorPoint="1" RAnchorOffset="0" BAnchorPoint="0" BAnchorOffset="34" RelativeToClient="1" Font="CRB_InterfaceLarge" Text="" Template="Default" TooltipType="OnCursor" Name="TitleText" BGColor="ffffffff" TextColor="UI_TextHoloTitle" TooltipColor="" TextId="CharacterSelect_CharactersTitle" DT_VCENTER="1" DT_CENTER="1" HideInEditor="1" Visible="0"/>
        <Control Class="Window" LAnchorPoint="0" LAnchorOffset="0" TAnchorPoint="0" TAnchorOffset="35" RAnchorPoint="1" RAnchorOffset="-40" BAnchorPoint="1" BAnchorOffset="-100" RelativeToClient="1" Font="Default" Text="" Template="Default" TooltipType="OnCursor" Name="CharacterList" BGColor="ffffffff" TextColor="ffffffff" TooltipColor="" Tooltip=""/>
        <Event Name="WindowKeyEscape" Function="OnEscapeKey"/>
        <Event Name="WindowKeyReturn" Function="OnEnterKey"/>
        <Control Class="Window" LAnchorPoint="0" LAnchorOffset="29" TAnchorPoint="0" TAnchorOffset="-30" RAnchorPoint="0" RAnchorOffset="373" BAnchorPoint="0" BAnchorOffset="37" RelativeToClient="1" Font="Default" Text="" BGColor="UI_WindowBGDefault" TextColor="UI_WindowTextDefault" Template="Default" TooltipType="OnCursor" Name="DisabledCountBG" TooltipColor="" Picture="1" IgnoreMouse="1" Sprite="CRB_Basekit:kitBase_HoloBlue_TinyLit" NoClip="1" Visible="0">
            <Control Class="Window" LAnchorPoint="0" LAnchorOffset="0" TAnchorPoint="0" TAnchorOffset="0" RAnchorPoint="1" RAnchorOffset="0" BAnchorPoint="1" BAnchorOffset="0" RelativeToClient="1" Font="Default" Text="" BGColor="UI_WindowBGDefault" TextColor="UI_WindowTextDefault" Template="Default" TooltipType="OnCursor" Name="BorderArt" TooltipColor="" Picture="1" IgnoreMouse="1" Sprite="BK3:sprHolo_Accent_Square" NoClip="1" NewWindowDepth="1"/>
            <Control Class="Window" LAnchorPoint="0" LAnchorOffset="17" TAnchorPoint="0" TAnchorOffset="17" RAnchorPoint="1" RAnchorOffset="-17" BAnchorPoint="1" BAnchorOffset="-17" RelativeToClient="1" Font="CRB_Interface12_BBO" Text="Logging off in 12.0 seconds" BGColor="UI_WindowBGDefault" TextColor="UI_WindowTextDefault" Template="Default" TooltipType="OnCursor" Name="DisabledCountdown" TooltipColor="" Picture="0" IgnoreMouse="1" Sprite="" TextId="" DT_CENTER="1" DT_VCENTER="1"/>
        </Control>
    </Form>
    <Form Class="Window" LAnchorPoint="0" LAnchorOffset="0" TAnchorPoint="0" TAnchorOffset="0" RAnchorPoint="0" RAnchorOffset="394" BAnchorPoint="0" BAnchorOffset="70" RelativeToClient="1" Font="Default" Text="" Template="Default" Name="CharacterOption" Border="0" Picture="1" SwallowMouseClicks="0" Moveable="0" Escapable="0" Overlapped="0" BGColor="ffffffff" TextColor="ffffffff" Sprite="" Base="CRB_QuestTrackerSprites:btnQT_ScrollScroller" ButtonType="Check" GlobalRadioGroup="" RadioGroup="SelectedCharacter" RadioDisallowNonSelection="1" TooltipColor="" Tooltip="">
        <Control Class="Button" Base="CharacterCreate:btnCharC_SelectMid" Font="Thick" ButtonType="Check" RadioGroup="" LAnchorPoint="0" LAnchorOffset="108" TAnchorPoint="0" TAnchorOffset="3" RAnchorPoint="1" RAnchorOffset="0" BAnchorPoint="1" BAnchorOffset="0" DT_VCENTER="1" DT_CENTER="1" Name="CharacterOptionFrameBtn" BGColor="ffffffff" TextColor="ffffffff" NewControlDepth="5" HideInEditor="0" NormalTextColor="ffffffff" PressedTextColor="ffffffff" FlybyTextColor="ffffffff" PressedFlybyTextColor="ffffffff" DisabledTextColor="ffffffff" Visible="1" Text="" TextId="" ProcessRightClick="1" TooltipColor="" GlobalRadioGroup="CharacterSelection_CheckboxSet" NeverBringToFront="1" RadioDisallowNonSelection="1" RadioAlwaysSignal="1" NoClip="1">
            <Event Name="ButtonSignal" Function="OnCharacterSelect"/>
            <Event Name="ButtonCheck" Function="OnCharacterSelectCheck"/>
        </Control>
        <Control Class="Window" LAnchorPoint="0" LAnchorOffset="126" TAnchorPoint="0.5" TAnchorOffset="-2" RAnchorPoint="1" RAnchorOffset="-73" BAnchorPoint="0.5" BAnchorOffset="18" RelativeToClient="1" Font="CRB_InterfaceMedium" Template="Default" Name="Location" BGColor="ffffffff" TextColor="UI_TextHoloBodyCyan" DT_VCENTER="0" DT_CENTER="0" TextId="GroupPlayerNotFound" NewControlDepth="3" DT_WORDBREAK="1" Visible="1" Text="" TooltipColor="" HideInEditor="0" IgnoreMouse="1" Overlapped="0" AutoScaleText="1"/>
        <Control Class="Window" LAnchorPoint="0" LAnchorOffset="0" TAnchorPoint="0" TAnchorOffset="4" RAnchorPoint="0" RAnchorOffset="107" BAnchorPoint="1" BAnchorOffset="0" RelativeToClient="1" Font="Default" Text="" Template="Default" TooltipType="OnCursor" Name="BGFactionFrame_Ex" BGColor="ffffffff" TextColor="ffffffff" TooltipColor="" Picture="1" IgnoreMouse="1" Sprite="CharacterCreate:sprCharC_Portrait" NewControlDepth="1" Tooltip="" TooltipId="CRB_Exiles" HideInEditor="0" TooltipFont="CRB_InterfaceSmall_O" NoClip="1">
            <Control Class="Window" LAnchorPoint="0" LAnchorOffset="-6" TAnchorPoint="0" TAnchorOffset="6" RAnchorPoint="0" RAnchorOffset="52" BAnchorPoint="0" BAnchorOffset="62" RelativeToClient="1" Font="Default" Text="" BGColor="UI_WindowBGDefault" TextColor="UI_WindowTextDefault" Template="Default" TooltipType="OnCursor" Name="Icon" TooltipColor="" Sprite="CharacterCreate:sprCharC_Ico_Exile" Picture="1" IgnoreMouse="1"/>
        </Control>
        <Control Class="Window" LAnchorPoint="0" LAnchorOffset="0" TAnchorPoint="0" TAnchorOffset="4" RAnchorPoint="0" RAnchorOffset="107" BAnchorPoint="1" BAnchorOffset="0" RelativeToClient="1" Font="Default" Text="" Template="Default" TooltipType="OnCursor" Name="BGFactionFrame_Dom" BGColor="ffffffff" TextColor="ffffffff" TooltipColor="" Picture="1" IgnoreMouse="1" Sprite="CharacterCreate:sprCharC_Portrait" NewControlDepth="1" HideInEditor="1" Tooltip="" TooltipId="CRB_Dominion">
            <Control Class="Window" LAnchorPoint="0" LAnchorOffset="-6" TAnchorPoint="0" TAnchorOffset="6" RAnchorPoint="0" RAnchorOffset="52" BAnchorPoint="0" BAnchorOffset="62" RelativeToClient="1" Font="Default" Text="" BGColor="UI_WindowBGDefault" TextColor="UI_WindowTextDefault" Template="Default" TooltipType="OnCursor" Name="Icon" TooltipColor="" Sprite="CharacterCreate:sprCharC_Ico_Dominion" Picture="1" IgnoreMouse="1"/>
        </Control>
        <Control Class="Window" LAnchorPoint="1" LAnchorOffset="-72" TAnchorPoint="0" TAnchorOffset="7" RAnchorPoint="1" RAnchorOffset="-40" BAnchorPoint="1" BAnchorOffset="-5" RelativeToClient="1" Font="Default" Text="" Template="Default" TooltipType="OnCursor" Name="BGLevelFrame" BGColor="ffffffff" TextColor="ffffffff" TooltipColor="" Picture="1" IgnoreMouse="1" Sprite="BK3:UI_BK3_Holo_InsetSimple" NewControlDepth="1" Visible="1" HideInEditor="0"/>
        <Control Class="Window" LAnchorPoint="0" LAnchorOffset="126" TAnchorPoint="0.5" TAnchorOffset="-18" RAnchorPoint="1" RAnchorOffset="-74" BAnchorPoint="0.5" BAnchorOffset="2" RelativeToClient="1" Font="CRB_HeaderTiny" Template="Default" Name="CharacterName" BGColor="ffffffff" TextColor="UI_TextHoloTitle" DT_VCENTER="0" DT_CENTER="0" TextId="Challenges_NoProgress" NewControlDepth="4" DT_WORDBREAK="1" Visible="1" Text="" TooltipColor="" HideInEditor="0" DT_BOTTOM="0" Tooltip="" IgnoreMouse="1" AutoScaleText="1"/>
        <Control Class="Window" LAnchorPoint="0" LAnchorOffset="40" TAnchorPoint="0" TAnchorOffset="9" RAnchorPoint="0" RAnchorOffset="96" BAnchorPoint="1" BAnchorOffset="-5" RelativeToClient="1" Font="Default" Text="" Template="Default" TooltipType="OnCursor" Name="LockIconBG" BGColor="ffffffff" TextColor="ffffffff" TooltipColor="" Picture="1" IgnoreMouse="1" Sprite="BK3:UI_BK3_Holo_InsetSimple"/>
        <Control Class="CostumeWindow" LAnchorPoint="0" LAnchorOffset="42" TAnchorPoint="0" TAnchorOffset="11" RAnchorPoint="0" RAnchorOffset="94" BAnchorPoint="1" BAnchorOffset="-7" RelativeToClient="1" Font="Default" Text="" Template="Default" Name="CharacterPortrait" BGColor="ffffffff" TextColor="ffffffff" NewControlDepth="3" Picture="0" Sprite="whitefill" TooltipColor="" Animated="1" Visible="1" HideInEditor="0"/>
        <Control Class="Window" LAnchorPoint="1" LAnchorOffset="-67" TAnchorPoint="0" TAnchorOffset="39" RAnchorPoint="1" RAnchorOffset="-45" BAnchorPoint="0" BAnchorOffset="61" RelativeToClient="1" Font="Default" Text="" Template="Default" Name="PathIconComplex" BGColor="ffffffff" TextColor="ffffffff" TooltipColor="" HideInEditor="0">
            <Control Class="Window" LAnchorPoint="0" LAnchorOffset="0" TAnchorPoint="0" TAnchorOffset="0" RAnchorPoint="1" RAnchorOffset="0" BAnchorPoint="1" BAnchorOffset="0" RelativeToClient="1" Font="Default" Text="" Template="Default" Name="PathIcon_1" BGColor="ffffffff" TextColor="ffffffff" Picture="1" IgnoreMouse="1" Sprite="ClientSprites:Icon_Windows_UI_CRB_Soldier" Tooltip="" TooltipId="CRB_Soldier" TooltipType="OnCursor" NewControlDepth="3" Visible="0" HideInEditor="0" TooltipColor="" TooltipFont="CRB_Interface9_O"/>
            <Control Class="Window" LAnchorPoint="0" LAnchorOffset="0" TAnchorPoint="0" TAnchorOffset="0" RAnchorPoint="1" RAnchorOffset="0" BAnchorPoint="1" BAnchorOffset="0" RelativeToClient="1" Font="Default" Text="" Template="Default" Name="PathIcon_2" BGColor="ffffffff" TextColor="ffffffff" Picture="1" IgnoreMouse="1" Sprite="ClientSprites:Icon_Windows_UI_CRB_Colonist" Tooltip="" TooltipId="CRB_Settler" TooltipType="OnCursor" NewControlDepth="3" Visible="0" HideInEditor="0" TooltipColor="" TooltipFont="CRB_Interface9_O"/>
            <Control Class="Window" LAnchorPoint="0" LAnchorOffset="0" TAnchorPoint="0" TAnchorOffset="0" RAnchorPoint="1" RAnchorOffset="0" BAnchorPoint="1" BAnchorOffset="0" RelativeToClient="1" Font="Default" Text="" Template="Default" Name="PathIcon_3" BGColor="ffffffff" TextColor="ffffffff" Picture="1" IgnoreMouse="1" Sprite="ClientSprites:Icon_Windows_UI_CRB_Scientist" Tooltip="" TooltipId="CRB_Scientist" TooltipType="OnCursor" NewControlDepth="3" Visible="0" HideInEditor="0" TooltipColor="" TooltipFont="CRB_Interface9_O"/>
            <Control Class="Window" LAnchorPoint="0" LAnchorOffset="0" TAnchorPoint="0" TAnchorOffset="-2" RAnchorPoint="1" RAnchorOffset="0" BAnchorPoint="1" BAnchorOffset="-2" RelativeToClient="1" Font="Default" Text="" Template="Default" Name="PathIcon_4" BGColor="ffffffff" TextColor="ffffffff" Picture="1" IgnoreMouse="1" Sprite="ClientSprites:Icon_Windows_UI_CRB_Explorer" Tooltip="" TooltipId="CRB_Explorer" TooltipType="OnCursor" NewControlDepth="3" Visible="1" HideInEditor="0" TooltipColor="" TooltipFont="CRB_Interface9_O"/>
        </Control>
        <Control Class="Window" LAnchorPoint="1" LAnchorOffset="-67" TAnchorPoint="0" TAnchorOffset="12" RAnchorPoint="1" RAnchorOffset="-45" BAnchorPoint="0" BAnchorOffset="34" RelativeToClient="1" Font="Default" Text="" Template="Default" Name="ClassIconComplex" BGColor="ffffffff" TextColor="ffffffff" NewControlDepth="4" TooltipColor="" HideInEditor="0">
            <Control Class="Window" LAnchorPoint="0" LAnchorOffset="0" TAnchorPoint="0" TAnchorOffset="0" RAnchorPoint="1" RAnchorOffset="0" BAnchorPoint="1" BAnchorOffset="0" RelativeToClient="1" Font="Default" Text="" Template="Default" Name="ClassIcon_1" BGColor="ffffffff" TextColor="ffffffff" Picture="1" IgnoreMouse="1" Sprite="ClientSprites:Icon_Windows_UI_CRB_Warrior" HideInEditor="0" TooltipColor="" TooltipId="ClassWarrior" TooltipType="OnCursor" Tooltip="" TooltipFont="CRB_Interface9_O"/>
            <Control Class="Window" LAnchorPoint="0" LAnchorOffset="-1" TAnchorPoint="0" TAnchorOffset="0" RAnchorPoint="1" RAnchorOffset="-1" BAnchorPoint="1" BAnchorOffset="0" RelativeToClient="1" Font="Default" Text="" Template="Default" Name="ClassIcon_2" BGColor="ffffffff" TextColor="ffffffff" Picture="1" IgnoreMouse="1" Sprite="ClientSprites:Icon_Windows_UI_CRB_Engineer" HideInEditor="0" TooltipColor="" TooltipId="ClassEngineer" TooltipType="OnCursor" Tooltip="" TooltipFont="CRB_Interface9_O"/>
            <Control Class="Window" LAnchorPoint="0" LAnchorOffset="0" TAnchorPoint="0" TAnchorOffset="0" RAnchorPoint="1" RAnchorOffset="0" BAnchorPoint="1" BAnchorOffset="0" RelativeToClient="1" Font="Default" Text="" Template="Default" Name="ClassIcon_3" BGColor="ffffffff" TextColor="ffffffff" Picture="1" IgnoreMouse="1" Sprite="ClientSprites:Icon_Windows_UI_CRB_Esper" HideInEditor="0" TooltipColor="" TooltipId="ClassESPER" TooltipType="OnCursor" Tooltip="" TooltipFont="CRB_Interface9_O"/>
            <Control Class="Window" LAnchorPoint="0" LAnchorOffset="0" TAnchorPoint="0" TAnchorOffset="0" RAnchorPoint="1" RAnchorOffset="0" BAnchorPoint="1" BAnchorOffset="0" RelativeToClient="1" Font="Default" Text="" Template="Default" Name="ClassIcon_4" BGColor="ffffffff" TextColor="ffffffff" Picture="1" IgnoreMouse="1" Sprite="ClientSprites:Icon_Windows_UI_CRB_Medic" HideInEditor="0" TooltipColor="" TooltipId="ClassMedic" TooltipType="OnCursor" Tooltip="" TooltipFont="CRB_Interface9_O"/>
            <Control Class="Window" LAnchorPoint="0" LAnchorOffset="0" TAnchorPoint="0" TAnchorOffset="0" RAnchorPoint="1" RAnchorOffset="0" BAnchorPoint="1" BAnchorOffset="0" RelativeToClient="1" Font="Default" Text="" Template="Default" Name="ClassIcon_5" BGColor="ffffffff" TextColor="ffffffff" Picture="1" IgnoreMouse="1" Sprite="ClientSprites:Icon_Windows_UI_CRB_Stalker" HideInEditor="0" TooltipColor="" TooltipId="ClassStalker" TooltipType="OnCursor" Tooltip="" TooltipFont="CRB_Interface9_O"/>
            <Control Class="Window" LAnchorPoint="0" LAnchorOffset="0" TAnchorPoint="0" TAnchorOffset="0" RAnchorPoint="1" RAnchorOffset="0" BAnchorPoint="1" BAnchorOffset="0" RelativeToClient="1" Font="Default" Text="" Template="Default" Name="ClassIcon_6" BGColor="ffffffff" TextColor="ffffffff" Picture="1" IgnoreMouse="1" Sprite="ClientSprites:Icon_ItemMisc_UI_Item_Hand" HideInEditor="0" TooltipColor=""/>
            <Control Class="Window" LAnchorPoint="0" LAnchorOffset="0" TAnchorPoint="0" TAnchorOffset="0" RAnchorPoint="1" RAnchorOffset="0" BAnchorPoint="1" BAnchorOffset="0" RelativeToClient="1" Font="Default" Text="" Template="Default" Name="ClassIcon_7" BGColor="ffffffff" TextColor="ffffffff" Picture="1" IgnoreMouse="1" Sprite="ClientSprites:Icon_Windows_UI_CRB_Spellslinger" HideInEditor="0" TooltipColor="" TooltipId="CRB_Spellslinger" TooltipType="OnCursor" Tooltip="" TooltipFont="CRB_Interface9_O"/>
            <Control Class="Window" LAnchorPoint="0" LAnchorOffset="0" TAnchorPoint="0" TAnchorOffset="0" RAnchorPoint="1" RAnchorOffset="0" BAnchorPoint="1" BAnchorOffset="0" RelativeToClient="1" Font="Default" Text="" Template="Default" Name="ClassIcon_8" BGColor="ffffffff" TextColor="ffffffff" Picture="1" IgnoreMouse="1" Sprite="ClientSprites:Icon_ItemWeaponStaff_UI_Item_Staff_001" HideInEditor="1" TooltipColor=""/>
            <Control Class="Window" LAnchorPoint="0" LAnchorOffset="0" TAnchorPoint="0" TAnchorOffset="0" RAnchorPoint="1" RAnchorOffset="0" BAnchorPoint="1" BAnchorOffset="0" RelativeToClient="1" Font="Default" Text="" Template="Default" Name="ClassIcon_9" BGColor="ffffffff" TextColor="ffffffff" Picture="1" IgnoreMouse="1" Sprite="ClientSprites:Icon_ItemMisc_UI_Item_Lopp" HideInEditor="1" TooltipColor=""/>
            <Control Class="Window" LAnchorPoint="0" LAnchorOffset="0" TAnchorPoint="0" TAnchorOffset="0" RAnchorPoint="1" RAnchorOffset="0" BAnchorPoint="1" BAnchorOffset="0" RelativeToClient="1" Font="Default" Text="" Template="Default" Name="ClassIcon_10" BGColor="ffffffff" TextColor="ffffffff" Picture="1" IgnoreMouse="1" Sprite="ClientSprites:Icon_ItemWeaponAxe_UI_Item_Axe_001" HideInEditor="1" TooltipColor=""/>
            <Control Class="Window" LAnchorPoint="0" LAnchorOffset="0" TAnchorPoint="0" TAnchorOffset="0" RAnchorPoint="1" RAnchorOffset="0" BAnchorPoint="1" BAnchorOffset="0" RelativeToClient="1" Font="Default" Text="" Template="Default" Name="ClassIcon_11" BGColor="ffffffff" TextColor="ffffffff" Picture="1" IgnoreMouse="1" Sprite="ClientSprites:Icon_ItemWeaponAxe_UI_Item_Axe_001" HideInEditor="1" TooltipColor=""/>
            <Control Class="Window" LAnchorPoint="0" LAnchorOffset="0" TAnchorPoint="0" TAnchorOffset="0" RAnchorPoint="1" RAnchorOffset="0" BAnchorPoint="1" BAnchorOffset="0" RelativeToClient="1" Font="Default" Text="" Template="Default" Name="ClassIcon_12" BGColor="ffffffff" TextColor="ffffffff" Picture="1" IgnoreMouse="1" Sprite="ClientSprites:Icon_ItemWeaponAxe_UI_Item_Axe_001" HideInEditor="1" TooltipColor=""/>
            <Control Class="Window" LAnchorPoint="0" LAnchorOffset="0" TAnchorPoint="0" TAnchorOffset="0" RAnchorPoint="1" RAnchorOffset="0" BAnchorPoint="1" BAnchorOffset="0" RelativeToClient="1" Font="Default" Text="" Template="Default" Name="ClassIcon_13" BGColor="ffffffff" TextColor="ffffffff" Picture="1" IgnoreMouse="1" Sprite="ClientSprites:Icon_ItemWeaponAxe_UI_Item_Axe_001" HideInEditor="1" TooltipColor=""/>
            <Control Class="Window" LAnchorPoint="0" LAnchorOffset="0" TAnchorPoint="0" TAnchorOffset="0" RAnchorPoint="1" RAnchorOffset="0" BAnchorPoint="1" BAnchorOffset="0" RelativeToClient="1" Font="Default" Text="" Template="Default" Name="ClassIcon_14" BGColor="ffffffff" TextColor="ffffffff" Picture="1" IgnoreMouse="1" Sprite="ClientSprites:Icon_ItemWeaponAxe_UI_Item_Axe_001" HideInEditor="1" TooltipColor=""/>
            <Control Class="Window" LAnchorPoint="0" LAnchorOffset="0" TAnchorPoint="0" TAnchorOffset="0" RAnchorPoint="1" RAnchorOffset="0" BAnchorPoint="1" BAnchorOffset="0" RelativeToClient="1" Font="Default" Text="" Template="Default" Name="ClassIcon_15" BGColor="ffffffff" TextColor="ffffffff" Picture="1" IgnoreMouse="1" Sprite="ClientSprites:Icon_ItemWeaponAxe_UI_Item_Axe_001" HideInEditor="1" TooltipColor=""/>
            <Control Class="Window" LAnchorPoint="0" LAnchorOffset="0" TAnchorPoint="0" TAnchorOffset="0" RAnchorPoint="1" RAnchorOffset="0" BAnchorPoint="1" BAnchorOffset="0" RelativeToClient="1" Font="Default" Text="" Template="Default" Name="ClassIcon_16" BGColor="ffffffff" TextColor="ffffffff" Picture="1" IgnoreMouse="1" Sprite="ClientSprites:Icon_ItemWeaponAxe_UI_Item_Axe_001" HideInEditor="1" TooltipColor=""/>
            <Control Class="Window" LAnchorPoint="0" LAnchorOffset="0" TAnchorPoint="0" TAnchorOffset="0" RAnchorPoint="1" RAnchorOffset="0" BAnchorPoint="1" BAnchorOffset="0" RelativeToClient="1" Font="Default" Text="" Template="Default" Name="ClassIcon_17" BGColor="ffffffff" TextColor="ffffffff" Picture="1" IgnoreMouse="1" Sprite="ClientSprites:Icon_ItemWeaponAxe_UI_Item_Axe_001" HideInEditor="1" TooltipColor=""/>
            <Control Class="Window" LAnchorPoint="0" LAnchorOffset="0" TAnchorPoint="0" TAnchorOffset="0" RAnchorPoint="1" RAnchorOffset="0" BAnchorPoint="1" BAnchorOffset="0" RelativeToClient="1" Font="Default" Text="" Template="Default" Name="ClassIcon_18" BGColor="ffffffff" TextColor="ffffffff" Picture="1" IgnoreMouse="1" Sprite="ClientSprites:Icon_ItemWeaponAxe_UI_Item_Axe_001" HideInEditor="1" TooltipColor=""/>
            <Control Class="Window" LAnchorPoint="0" LAnchorOffset="0" TAnchorPoint="0" TAnchorOffset="0" RAnchorPoint="1" RAnchorOffset="0" BAnchorPoint="1" BAnchorOffset="0" RelativeToClient="1" Font="Default" Text="" Template="Default" Name="ClassIcon_19" BGColor="ffffffff" TextColor="ffffffff" Picture="1" IgnoreMouse="1" Sprite="ClientSprites:Icon_ItemWeaponAxe_UI_Item_Axe_001" HideInEditor="1" TooltipColor=""/>
            <Control Class="Window" LAnchorPoint="0" LAnchorOffset="0" TAnchorPoint="0" TAnchorOffset="0" RAnchorPoint="1" RAnchorOffset="0" BAnchorPoint="1" BAnchorOffset="0" RelativeToClient="1" Font="Default" Text="" Template="Default" Name="ClassIcon_20" BGColor="ffffffff" TextColor="ffffffff" Picture="1" IgnoreMouse="1" Sprite="ClientSprites:Icon_ItemWeaponAxe_UI_Item_Axe_001" HideInEditor="1" TooltipColor=""/>
        </Control>
        <Control Class="Window" LAnchorPoint="1" LAnchorOffset="-38" TAnchorPoint="0" TAnchorOffset="0" RAnchorPoint="1" RAnchorOffset="-5" BAnchorPoint="1" BAnchorOffset="0" RelativeToClient="1" Font="CRB_HeaderHuge" Template="Default" Name="Level" BGColor="ffffffff" TextColor="UI_TextHoloBodyHighlight" DT_VCENTER="1" DT_CENTER="1" TextId="Challenges_NoProgress" NewControlDepth="3" Visible="1" Text="" DT_RIGHT="0" TooltipColor="" HideInEditor="0"/>
        <Control Class="Window" LAnchorPoint="0" LAnchorOffset="48" TAnchorPoint="0" TAnchorOffset="7" RAnchorPoint="0" RAnchorOffset="104" BAnchorPoint="1" BAnchorOffset="-7" RelativeToClient="1" Font="Default" Text="" Template="Default" TooltipType="OnCursor" Name="LockIcon" BGColor="ffffffff" TextColor="ffffffff" TooltipColor="" IgnoreMouse="1" NewWindowDepth="1" Visible="0" Tooltip="" HideInEditor="1">
            <Control Class="Window" LAnchorPoint="0" LAnchorOffset="11" TAnchorPoint="0" TAnchorOffset="13" RAnchorPoint="0" RAnchorOffset="42" BAnchorPoint="0" BAnchorOffset="40" RelativeToClient="1" Font="Default" Text="" Template="Default" TooltipType="OnCursor" Name="LockIconIcon" BGColor="ffffffff" TextColor="ffffffff" TooltipColor="" Picture="1" IgnoreMouse="1" Sprite="ClientSprites:Icon_Windows_UI_CRB_Lock_Holo"/>
        </Control>
        <Control Class="Window" LAnchorPoint="0" LAnchorOffset="0" TAnchorPoint="0" TAnchorOffset="2" RAnchorPoint="1" RAnchorOffset="0" BAnchorPoint="1" BAnchorOffset="0" RelativeToClient="1" Font="Default" Text="" BGColor="UI_AlphaPercent80" TextColor="UI_WindowTextDefault" Template="Default" TooltipType="OnCursor" Name="DisabledBlocker" TooltipColor="" Sprite="BK3:spr_BK3_Holo_Alert_Confirm_Blocker" Picture="1" IgnoreMouse="0" HideInEditor="1" Visible="0" NewWindowDepth="1"/>
    </Form>
    <Form Class="Window" LAnchorPoint="0" LAnchorOffset="0" TAnchorPoint="0" TAnchorOffset="0" RAnchorPoint="0" RAnchorOffset="394" BAnchorPoint="0" BAnchorOffset="70" RelativeToClient="1" Font="Default" Text="" Template="Default" Name="CreateNewOption" Border="0" Picture="1" SwallowMouseClicks="0" Moveable="0" Escapable="0" Overlapped="0" BGColor="ffffffff" TextColor="ffffffff" Sprite="" Base="CRB_QuestTrackerSprites:btnQT_ScrollScroller" ButtonType="Check" GlobalRadioGroup="" RadioGroup="SelectedCharacter" RadioDisallowNonSelection="1" TooltipColor="" Tooltip="">
        <Control Class="Button" Base="CharacterCreate:btnCharC_SelectBottom" Font="CRB_InterfaceMedium_B" ButtonType="PushButton" RadioGroup="" LAnchorPoint="0" LAnchorOffset="108" TAnchorPoint="0" TAnchorOffset="1" RAnchorPoint="1" RAnchorOffset="0" BAnchorPoint="1" BAnchorOffset="-2" DT_VCENTER="1" DT_CENTER="0" Name="CharacterOptionFrameBtn" BGColor="ffffffff" TextColor="ffffffff" NewControlDepth="5" HideInEditor="0" NormalTextColor="UI_BtnTextGreenNormal" PressedTextColor="UI_BtnTextGreenPressed" FlybyTextColor="UI_BtnTextGreenFlyby" PressedFlybyTextColor="UI_BtnTextGreenPressedFlyby" DisabledTextColor="UI_BtnTextGreenDisabled" Visible="1" Text="" TextId="" ProcessRightClick="1" TooltipColor="" GlobalRadioGroup="CharacterSelection_CheckboxSet" NeverBringToFront="1" RadioDisallowNonSelection="1" NewWindowDepth="0">
            <Event Name="ButtonSignal" Function="OnCreateBtn"/>
        </Control>
        <Control Class="Window" LAnchorPoint="0" LAnchorOffset="126" TAnchorPoint="0" TAnchorOffset="0" RAnchorPoint="0" RAnchorOffset="330" BAnchorPoint="1" BAnchorOffset="-3" RelativeToClient="1" Font="CRB_HeaderTiny" Text="Create a New Character" BGColor="UI_WindowBGDefault" TextColor="UI_WindowTextCraftingGreenInductor" Template="Default" TooltipType="OnCursor" Name="Title" TooltipColor="" TextId="" DT_CENTER="0" DT_VCENTER="1" DT_WORDBREAK="1"/>
        <Control Class="Window" LAnchorPoint="0" LAnchorOffset="40" TAnchorPoint="0" TAnchorOffset="7" RAnchorPoint="0" RAnchorOffset="96" BAnchorPoint="1" BAnchorOffset="-7" RelativeToClient="1" Font="Default" Text="" Template="Default" TooltipType="OnCursor" Name="LockIconBG" BGColor="ffffffff" TextColor="ffffffff" TooltipColor="" Picture="1" IgnoreMouse="1" Sprite="CharacterCreate:sprCharC_Ico_Plus"/>
    </Form>
    <Form Class="Window" LAnchorPoint="0" LAnchorOffset="0" TAnchorPoint="0" TAnchorOffset="0" RAnchorPoint="1" RAnchorOffset="0" BAnchorPoint="1" BAnchorOffset="0" RelativeToClient="1" Font="Default" Text="" Template="Default" TooltipType="OnCursor" Name="TopContainer" Border="0" Picture="0" SwallowMouseClicks="1" Moveable="0" Escapable="0" Overlapped="0" BGColor="ffffffff" TextColor="ffffffff" TooltipColor="" IgnoreMouse="1" Tooltip="" NewWindowDepth="0">
        <Control Class="Window" LAnchorPoint=".5" LAnchorOffset="-254" TAnchorPoint="0" TAnchorOffset="0" RAnchorPoint=".5" RAnchorOffset="253" BAnchorPoint="0" BAnchorOffset="74" RelativeToClient="1" Font="Default" Text="" Template="Default" TooltipType="OnCursor" Name="RealmForm" BGColor="ffffffff" TextColor="ffffffff" TooltipColor="">
            <Control Class="Window" LAnchorPoint="0" LAnchorOffset="0" TAnchorPoint="0" TAnchorOffset="0" RAnchorPoint="1" RAnchorOffset="0" BAnchorPoint="1" BAnchorOffset="0" RelativeToClient="1" Font="Default" Text="" Template="Default" TooltipType="OnCursor" Name="BG_RealmBacker" BGColor="ffffffff" TextColor="ffffffff" TooltipColor="" Picture="1" IgnoreMouse="1" Sprite="CRB_CharacterCreateSprites:sprCharS_RealmBacker"/>
            <Control Class="Button" Base="BK3:btnHolo_Blue_Small" Font="CRB_Button" ButtonType="PushButton" RadioGroup="" LAnchorPoint=".5" LAnchorOffset="-38" TAnchorPoint="0" TAnchorOffset="6" RAnchorPoint=".5" RAnchorOffset="54" BAnchorPoint="0" BAnchorOffset="59" DT_VCENTER="1" DT_CENTER="1" TooltipType="OnCursor" Name="RealmBtn" BGColor="ffffffff" TextColor="ffffffff" TooltipColor="" NormalTextColor="UI_BtnTextBlueNormal" PressedTextColor="UI_BtnTextBluePressed" FlybyTextColor="UI_BtnTextBlueFlyby" PressedFlybyTextColor="UI_BtnTextBluePressedFlyby" DisabledTextColor="UI_BtnTextBlueDisabled" Text="" TextId="CharacterSelect_RealmChange">
                <Event Name="ButtonSignal" Function="OnRealmBtn"/>
            </Control>
            <Control Class="MLWindow" LAnchorPoint=".5" LAnchorOffset="-112" TAnchorPoint="0" TAnchorOffset="1" RAnchorPoint=".5" RAnchorOffset="130" BAnchorPoint="0" BAnchorOffset="21" RelativeToClient="1" Font="CRB_InterfaceMedium" Text="" Template="Default" TooltipType="OnCursor" Name="RealmLabel" BGColor="ffffffff" TextColor="ffffffff" TooltipColor="" TextId="CharacterSelect_RealmLabel" DT_VCENTER="0" DT_CENTER="1" DT_BOTTOM="0"/>
        </Control>
        <Control Class="Window" LAnchorPoint=".5" LAnchorOffset="-133" TAnchorPoint="1" TAnchorOffset="-125" RAnchorPoint=".5" RAnchorOffset="138" BAnchorPoint="1" BAnchorOffset="-85" RelativeToClient="1" Font="CRB_HeaderHuge" Text="" Template="Default" TooltipType="OnCursor" Name="CharacterNameBacker" BGColor="da064356" TextColor="UI_TextHoloBodyHighlight" TooltipColor="" TextId="" DT_VCENTER="0" DT_BOTTOM="0" DT_CENTER="1" Picture="1" IgnoreMouse="1" Sprite="CRB_NameplateSprites:sprNp_WhiteBarFill" NewWindowDepth="0"/>
        <Control Class="Window" LAnchorPoint="0" LAnchorOffset="0" TAnchorPoint="1" TAnchorOffset="-126" RAnchorPoint="1" RAnchorOffset="0" BAnchorPoint="1" BAnchorOffset="-86" RelativeToClient="1" Font="CRB_HeaderHuge" Text="" Template="Default" TooltipType="OnCursor" Name="CharacterName" BGColor="ffffffff" TextColor="UI_BtnTextHoloPressed" TooltipColor="" TextId="Challenges_NoProgress" DT_VCENTER="1" DT_BOTTOM="0" DT_CENTER="1"/>
    </Form>
    <Form Class="Window" LAnchorPoint=".5" LAnchorOffset="-46" TAnchorPoint="1" TAnchorOffset="-185" RAnchorPoint=".5" RAnchorOffset="46" BAnchorPoint="1" BAnchorOffset="-135" RelativeToClient="1" Font="Default" Text="" Template="Default" TooltipType="OnCursor" Name="CameraControls_Select" BGColor="ffffffff" TextColor="ffffffff" TooltipColor="" Tooltip="">
        <Control Class="Button" Base="CRB_CharacterCreateSprites:btnCharS_ZoomPortrait" Font="Thick" ButtonType="Check" RadioGroup="Global_CameraControlsSelect" LAnchorPoint="1" LAnchorOffset="-46" TAnchorPoint="0" TAnchorOffset="0" RAnchorPoint="1" RAnchorOffset="0" BAnchorPoint="1" BAnchorOffset="0" DT_VCENTER="1" DT_CENTER="1" TooltipType="OnCursor" Name="ToggleCameraBtnPortrait" BGColor="ffffffff" TextColor="ffffffff" TooltipColor="" NormalTextColor="ffffffff" PressedTextColor="ffffffff" FlybyTextColor="ffffffff" PressedFlybyTextColor="ffffffff" DisabledTextColor="ffffffff" GlobalRadioGroup="">
            <Event Name="ButtonCheck" Function="OnToggleCameraBtnPortrait"/>
        </Control>
        <Control Class="Button" Base="CRB_CharacterCreateSprites:btnCharS_ZoomModel" Font="Thick" ButtonType="Check" RadioGroup="Global_CameraControlsSelect" LAnchorPoint="0" LAnchorOffset="0" TAnchorPoint="0" TAnchorOffset="0" RAnchorPoint="0" RAnchorOffset="46" BAnchorPoint="1" BAnchorOffset="0" DT_VCENTER="1" DT_CENTER="1" TooltipType="OnCursor" Name="ToggleCameraBtnBody" BGColor="ffffffff" TextColor="ffffffff" TooltipColor="" NormalTextColor="ffffffff" PressedTextColor="ffffffff" FlybyTextColor="ffffffff" PressedFlybyTextColor="ffffffff" DisabledTextColor="ffffffff" GlobalRadioGroup="">
            <Event Name="ButtonCheck" Function="OnToggleCameraBtnBody"/>
        </Control>
    </Form>
    <Form Class="Window" LAnchorPoint=".5" LAnchorOffset="-272" TAnchorPoint="1" TAnchorOffset="-306" RAnchorPoint=".5" RAnchorOffset="268" BAnchorPoint="1" BAnchorOffset="-39" RelativeToClient="1" Font="Default" Text="" Template="Default" TooltipType="OnCursor" Name="DeleteControls" BGColor="ffffffff" TextColor="ffffffff" TooltipColor="" Visible="0" Tooltip="">
        <Control Class="Window" LAnchorPoint="0" LAnchorOffset="0" TAnchorPoint="0" TAnchorOffset="0" RAnchorPoint="1" RAnchorOffset="0" BAnchorPoint="1" BAnchorOffset="0" RelativeToClient="1" Font="Default" Text="" Template="Holo_Medium" TooltipType="OnCursor" Name="DeleteBGArt" BGColor="ffffffff" TextColor="ffffffff" TooltipColor="" Picture="1" IgnoreMouse="1" Sprite="" Border="1" UseTemplateBG="1">
            <Control Class="Window" LAnchorPoint="0" LAnchorOffset="25" TAnchorPoint="0" TAnchorOffset="74" RAnchorPoint="1" RAnchorOffset="-25" BAnchorPoint="0" BAnchorOffset="113" RelativeToClient="1" Font="Default" Text="" Template="Default" TooltipType="OnCursor" Name="DeleteBG_NameEntryFrame" BGColor="ffffffff" TextColor="ffffffff" TooltipColor="" Picture="1" IgnoreMouse="1" Sprite="BK3:UI_BK3_Holo_Snippet"/>
        </Control>
        <Control Class="Window" LAnchorPoint="0" LAnchorOffset="60" TAnchorPoint="0" TAnchorOffset="43" RAnchorPoint="1" RAnchorOffset="-60" BAnchorPoint="0" BAnchorOffset="74" RelativeToClient="1" Font="CRB_HeaderMedium" Text="" Template="Default" TooltipType="OnCursor" Name="DeleteLabel" BGColor="ffffffff" TextColor="UI_WindowTitleYellow" TooltipColor="" TextId="CharacterSelect_DeleteLabel" DT_VCENTER="1" DT_CENTER="1" IgnoreMouse="1" NewWindowDepth="1"/>
        <Control Class="Window" LAnchorPoint="0" LAnchorOffset="60" TAnchorPoint="0" TAnchorOffset="82" RAnchorPoint="1" RAnchorOffset="-60" BAnchorPoint="0" BAnchorOffset="140" RelativeToClient="1" Font="CRB_InterfaceMedium" Text="" Template="Default" TooltipType="OnCursor" Name="DeleteBody" BGColor="ffffffff" TextColor="UI_TextHoloBody" TooltipColor="" TextId="CharacterSelect_DeleteDesc" DT_VCENTER="0" DT_CENTER="0" DT_WORDBREAK="1" IgnoreMouse="1" NewWindowDepth="1"/>
        <Control Class="Button" Base="BK3:btnHolo_Red_Small" Font="CRB_Button" ButtonType="PushButton" RadioGroup="" LAnchorPoint=".5" LAnchorOffset="-120" TAnchorPoint="1" TAnchorOffset="-91" RAnchorPoint=".5" RAnchorOffset="120" BAnchorPoint="1" BAnchorOffset="-38" DT_VCENTER="1" DT_CENTER="1" TooltipType="OnCursor" Name="Delete_ConfirmDeleteBtn" BGColor="ffffffff" TextColor="ffffffff" TooltipColor="" NormalTextColor="UI_BtnTextRedNormal" PressedTextColor="UI_BtnTextRedPressed" FlybyTextColor="UI_BtnTextRedFlyby" PressedFlybyTextColor="UI_BtnTextRedPressedFlyby" DisabledTextColor="UI_BtnTextRedDisabled" Text="" TextId="CRB_Delete" NewWindowDepth="1">
            <Event Name="ButtonSignal" Function="OnDeleteConfirm"/>
        </Control>
        <Control Class="EditBox" LAnchorPoint="0" LAnchorOffset="101" TAnchorPoint="0" TAnchorOffset="127" RAnchorPoint="1" RAnchorOffset="-104" BAnchorPoint="0" BAnchorOffset="159" RelativeToClient="1" Font="CRB_InterfaceLarge_B" Text="MMMMMMMMMMMMMMMMMMMMMM" Template="Default" TooltipType="OnCursor" Name="Delete_CharacterNameEntry" BGColor="ffffffff" TextColor="UI_TextHoloBodyHighlight" TooltipColor="" DT_VCENTER="1" TextId="" DefaultTarget="0" NoSelectOnFocus="0" DT_CENTER="1">
            <Event Name="EditBoxChanged" Function="OnDeleteNameChanged"/>
            <Event Name="WindowKeyEscape" Function="OnDeleteNameEscape"/>
        </Control>
    </Form>
    <Form Class="Window" LAnchorPoint=".5" LAnchorOffset="-250" TAnchorPoint="1" TAnchorOffset="-389" RAnchorPoint=".5" RAnchorOffset="250" BAnchorPoint="1" BAnchorOffset="-304" RelativeToClient="0" Font="Default" Text="" Template="Default" TooltipType="OnCursor" Name="DeleteErrorMessage" Border="0" Picture="0" SwallowMouseClicks="1" Moveable="0" Escapable="0" Overlapped="0" BGColor="ffffffff" TextColor="ffffffff" TooltipColor="" IgnoreMouse="1">
        <Control Class="Window" LAnchorPoint="0" LAnchorOffset="0" TAnchorPoint="0" TAnchorOffset="0" RAnchorPoint="1" RAnchorOffset="0" BAnchorPoint="1" BAnchorOffset="0" RelativeToClient="1" Font="Default" Text="" Template="Default" TooltipType="OnCursor" Name="DeleteErrorBG" BGColor="ffffffff" TextColor="ffffffff" TooltipColor="" Picture="1" IgnoreMouse="1" Sprite="CRB_CharacterCreateSprites:sprCharS_NameBackBlack"/>
        <Control Class="Window" LAnchorPoint="0" LAnchorOffset="0" TAnchorPoint="0" TAnchorOffset="0" RAnchorPoint="1" RAnchorOffset="0" BAnchorPoint="0" BAnchorOffset="32" RelativeToClient="1" Font="CRB_HeaderMedium" Text="" Template="Default" TooltipType="OnCursor" Name="DeleteError_Title" BGColor="ffffffff" TextColor="UI_BtnTextRedNormal" TooltipColor="" TextId="CharacterSelect_DeleteErrorTitle" DT_CENTER="1" DT_VCENTER="0" DT_BOTTOM="1" NewControlDepth="2"/>
        <Control Class="Window" LAnchorPoint="0" LAnchorOffset="10" TAnchorPoint="0" TAnchorOffset="36" RAnchorPoint="1" RAnchorOffset="-10" BAnchorPoint="1" BAnchorOffset="-4" RelativeToClient="1" Font="CRB_InterfaceMedium" Text="" Template="Default" TooltipType="OnCursor" Name="DeleteError_Body" BGColor="ffffffff" TextColor="UI_TextHoloBodyHighlight" TooltipColor="" TextId="Pregame_CharacterDeleteFail" DT_CENTER="1" DT_VCENTER="0" DT_WORDBREAK="1" NewControlDepth="2"/>
        <Control Class="Button" Base="CRB_Basekit:kitBtn_Holo_Close2" Font="Thick" ButtonType="PushButton" RadioGroup="" LAnchorPoint="1" LAnchorOffset="-17" TAnchorPoint="0" TAnchorOffset="5" RAnchorPoint="1" RAnchorOffset="-1" BAnchorPoint="0" BAnchorOffset="19" DT_VCENTER="1" DT_CENTER="1" TooltipType="OnCursor" Name="DeleteErrorClose" BGColor="ffffffff" TextColor="ffffffff" TooltipColor="" NormalTextColor="ffffffff" PressedTextColor="ffffffff" FlybyTextColor="ffffffff" PressedFlybyTextColor="ffffffff" DisabledTextColor="ffffffff" NewControlDepth="2">
            <Event Name="ButtonSignal" Function="OnDeleteErrorClose"/>
        </Control>
    </Form>
    <Form Class="Window" LAnchorPoint="0" LAnchorOffset="0" TAnchorPoint="0" TAnchorOffset="0" RAnchorPoint="0" RAnchorOffset="400" BAnchorPoint="0" BAnchorOffset="70" RelativeToClient="1" Font="Default" Text="" Template="Default" Name="CreateNewPrompt" Border="0" Picture="1" SwallowMouseClicks="0" Moveable="0" Escapable="0" Overlapped="0" BGColor="ffffffff" TextColor="ffffffff" Sprite="" Base="CRB_QuestTrackerSprites:btnQT_ScrollScroller" ButtonType="Check" GlobalRadioGroup="" RadioGroup="SelectedCharacter" RadioDisallowNonSelection="1" TooltipColor="" Tooltip="">
        <Control Class="Window" LAnchorPoint="0" LAnchorOffset="108" TAnchorPoint="0" TAnchorOffset="3" RAnchorPoint="1" RAnchorOffset="0" BAnchorPoint="1" BAnchorOffset="0" RelativeToClient="1" Font="Default" Text="" Template="Default" TooltipType="OnCursor" Name="BGFrame" BGColor="ffffffff" TextColor="ffffffff" TooltipColor="" Picture="1" IgnoreMouse="1" Sprite="CharacterCreate:btnCharC_SelectTopNormal" NewControlDepth="1" Visible="1" HideInEditor="0"/>
        <Control Class="Window" LAnchorPoint="0" LAnchorOffset="108" TAnchorPoint="0" TAnchorOffset="0" RAnchorPoint="1" RAnchorOffset="0" BAnchorPoint="1" BAnchorOffset="0" RelativeToClient="1" Font="CRB_InterfaceMedium_B" Template="Default" Name="CharacterName" BGColor="ffffffff" TextColor="UI_TextHoloBody" DT_VCENTER="1" DT_CENTER="1" TextId="" NewControlDepth="4" DT_WORDBREAK="1" Visible="1" Text="" TooltipColor="" HideInEditor="0" DT_BOTTOM="0"/>
        <Control Class="Window" LAnchorPoint="0" LAnchorOffset="126" TAnchorPoint="0" TAnchorOffset="12" RAnchorPoint="0" RAnchorOffset="325" BAnchorPoint="0" BAnchorOffset="54" RelativeToClient="1" Font="CRB_InterfaceMedium" Text="" BGColor="UI_WindowBGDefault" TextColor="UI_TextHoloBodyHighlight" Template="Default" TooltipType="OnCursor" Name="Window" TooltipColor="" TextId="CharacterSelect_NewCharacterLabel" DT_VCENTER="1" DT_WORDBREAK="1" DT_CENTER="0" Tooltip=""/>
        <Control Class="Window" LAnchorPoint="0" LAnchorOffset="0" TAnchorPoint="0" TAnchorOffset="4" RAnchorPoint="0" RAnchorOffset="107" BAnchorPoint="1" BAnchorOffset="0" RelativeToClient="1" Font="Default" Text="" Template="Default" TooltipType="OnCursor" Name="BGFactionFrame_Ex" BGColor="ffffffff" TextColor="ffffffff" TooltipColor="" Picture="1" IgnoreMouse="1" Sprite="CharacterCreate:sprCharC_Portrait" NewControlDepth="1" Tooltip="" TooltipId="CRB_Exiles" HideInEditor="0" TooltipFont="CRB_InterfaceSmall_O" NoClip="1"/>
    </Form>
    <Form Class="Window" LAnchorPoint=".5" LAnchorOffset="-270" TAnchorPoint="1" TAnchorOffset="-347" RAnchorPoint=".5" RAnchorOffset="270" BAnchorPoint="1" BAnchorOffset="-80" RelativeToClient="1" Font="Default" Text="" Template="Default" TooltipType="OnCursor" Name="RenameControls" BGColor="ffffffff" TextColor="ffffffff" TooltipColor="" Visible="0" Tooltip="">
        <Control Class="Window" LAnchorPoint="0" LAnchorOffset="0" TAnchorPoint="0" TAnchorOffset="0" RAnchorPoint="1" RAnchorOffset="0" BAnchorPoint="1" BAnchorOffset="0" RelativeToClient="1" Font="Default" Text="" Template="Holo_Medium" TooltipType="OnCursor" Name="RenameBGArt" BGColor="ffffffff" TextColor="ffffffff" TooltipColor="" Picture="1" IgnoreMouse="1" Sprite="" Border="1" UseTemplateBG="1">
            <Control Class="Window" LAnchorPoint="0" LAnchorOffset="25" TAnchorPoint="0" TAnchorOffset="74" RAnchorPoint="1" RAnchorOffset="-25" BAnchorPoint="0" BAnchorOffset="113" RelativeToClient="1" Font="Default" Text="" Template="Default" TooltipType="OnCursor" Name="RenameBG_NameEntryFrame" BGColor="ffffffff" TextColor="ffffffff" TooltipColor="" Picture="1" IgnoreMouse="1" Sprite="BK3:UI_BK3_Holo_Snippet"/>
        </Control>
        <Control Class="Window" LAnchorPoint="0" LAnchorOffset="60" TAnchorPoint="0" TAnchorOffset="43" RAnchorPoint="1" RAnchorOffset="-60" BAnchorPoint="0" BAnchorOffset="74" RelativeToClient="1" Font="CRB_HeaderMedium" Text="" Template="Default" TooltipType="OnCursor" Name="RenameLabel" BGColor="ffffffff" TextColor="UI_WindowTitleYellow" TooltipColor="" TextId="CharacterSelect_RenameYourCharacter" DT_VCENTER="1" DT_CENTER="1" IgnoreMouse="1" NewWindowDepth="1"/>
        <Control Class="Window" LAnchorPoint="0" LAnchorOffset="60" TAnchorPoint="0" TAnchorOffset="78" RAnchorPoint="1" RAnchorOffset="-60" BAnchorPoint="0" BAnchorOffset="136" RelativeToClient="1" Font="CRB_InterfaceMedium" Text="" Template="Default" TooltipType="OnCursor" Name="RenameBody" BGColor="ffffffff" TextColor="UI_TextHoloBody" TooltipColor="" TextId="CharacterSelect_RenameDesc" DT_VCENTER="0" DT_CENTER="0" DT_WORDBREAK="1" IgnoreMouse="1" NewWindowDepth="1"/>
        <Control Class="Button" Base="BK3:btnHolo_Blue_Small" Font="CRB_Button" ButtonType="PushButton" RadioGroup="" LAnchorPoint=".5" LAnchorOffset="-120" TAnchorPoint="1" TAnchorOffset="-91" RAnchorPoint=".5" RAnchorOffset="120" BAnchorPoint="1" BAnchorOffset="-38" DT_VCENTER="1" DT_CENTER="1" TooltipType="OnCursor" Name="Rename_ConfirmRenameBtn" BGColor="ffffffff" TextColor="ffffffff" TooltipColor="" NormalTextColor="UI_BtnTextBlueNormal" PressedTextColor="UI_BtnTextBluePressed" FlybyTextColor="UI_BtnTextBlueFlyby" PressedFlybyTextColor="UI_BtnTextBluePressedFlyby" DisabledTextColor="UI_BtnTextBlueDisabled" Text="" TextId="CRB_Rename" NewWindowDepth="1">
            <Event Name="ButtonSignal" Function="OnRenameConfirm"/>
        </Control>
        <Control Class="EditBox" LAnchorPoint="0" LAnchorOffset="101" TAnchorPoint="0" TAnchorOffset="128" RAnchorPoint="1" RAnchorOffset="-104" BAnchorPoint="0" BAnchorOffset="160" RelativeToClient="1" Font="CRB_InterfaceLarge_B" Text="MMMMMMMMMMMMMMMMMMMMMM" Template="Default" TooltipType="OnCursor" Name="RenameCharacterNameEntry" BGColor="ffffffff" TextColor="UI_TextHoloBodyHighlight" TooltipColor="" DT_VCENTER="1" TextId="" DefaultTarget="0" NoSelectOnFocus="0" DT_CENTER="1">
            <Event Name="EditBoxChanged" Function="OnRenameNameChanged"/>
            <Event Name="WindowKeyEscape" Function="OnRenameNameEscape"/>
        </Control>
    </Form>
</Forms>
