<Forms>
    <Form Class="Window" LAnchorPoint="0" LAnchorOffset="0" TAnchorPoint="0" TAnchorOffset="0" RAnchorPoint="0" RAnchorOffset="800" BAnchorPoint="0" BAnchorOffset="493" RelativeToClient="1" Font="Default" Text="" Template="Default" Name="GuildMainForm" Border="0" Picture="0" SwallowMouseClicks="1" Moveable="0" Escapable="0" Overlapped="0" BGColor="ffffffff" TextColor="ffffffff" TextId="" Visible="0" TooltipColor="" Tooltip="">
        <Control Class="Window" LAnchorPoint="0" LAnchorOffset="0" TAnchorPoint="0" TAnchorOffset="46" RAnchorPoint="1" RAnchorOffset="0" BAnchorPoint="1" BAnchorOffset="0" RelativeToClient="1" Font="Default" Text="" Template="Default" Name="ContentWnd_1" BGColor="ffffffff" TextColor="ffffffff" Visible="0" TooltipColor="" Picture="1" IgnoreMouse="1" Sprite=""/>
        <Control Class="Window" LAnchorPoint="0" LAnchorOffset="0" TAnchorPoint="0" TAnchorOffset="46" RAnchorPoint="1" RAnchorOffset="0" BAnchorPoint="1" BAnchorOffset="0" RelativeToClient="1" Font="Default" Text="" Template="Default" Name="ContentWnd_2" BGColor="ffffffff" TextColor="ffffffff" Visible="0" TooltipColor=""/>
        <Control Class="Window" LAnchorPoint="0" LAnchorOffset="0" TAnchorPoint="0" TAnchorOffset="46" RAnchorPoint="1" RAnchorOffset="0" BAnchorPoint="1" BAnchorOffset="0" RelativeToClient="1" Font="Default" Text="" Template="Default" Name="ContentWnd_3" BGColor="ffffffff" TextColor="ffffffff" Visible="0" TooltipColor="" VScroll="0" IgnoreMouse="0"/>
        <Control Class="Window" LAnchorPoint="0" LAnchorOffset="2" TAnchorPoint="0" TAnchorOffset="0" RAnchorPoint="1" RAnchorOffset="2" BAnchorPoint="0" BAnchorOffset="546" RelativeToClient="1" Font="Default" Text="" Template="Default" Name="JoinContainer" BGColor="ffffffff" TextColor="ffffffff" HideInEditor="0" Sprite="" IgnoreMouse="1" TransitionShowHide="0" TooltipColor="" Visible="0">
            <Control Class="Window" LAnchorPoint="0" LAnchorOffset="427" TAnchorPoint="0" TAnchorOffset="171" RAnchorPoint="0" RAnchorOffset="712" BAnchorPoint="0" BAnchorOffset="211" RelativeToClient="1" Font="CRB_HeaderGigantic" Text="" Template="Default" Name="TEMP_InfoText" BGColor="ffffffff" TextColor="UI_TextHoloTitle" TextId="Guild_JoinAGuild" DT_WORDBREAK="1" TooltipColor="" DT_CENTER="1"/>
            <Control Class="Window" LAnchorPoint="0" LAnchorOffset="430" TAnchorPoint="0" TAnchorOffset="222" RAnchorPoint="0" RAnchorOffset="711" BAnchorPoint="0" BAnchorOffset="325" RelativeToClient="1" Font="CRB_InterfaceLarge" Text="" Template="Default" Name="TEMP_InfoText2" BGColor="ffffffff" TextColor="UI_TextHoloBodyHighlight" TextId="Guild_NoGuildDesc" DT_WORDBREAK="1" TooltipColor="" DT_CENTER="1"/>
            <Control Class="Window" LAnchorPoint="0" LAnchorOffset="101" TAnchorPoint="0" TAnchorOffset="93" RAnchorPoint="0" RAnchorOffset="597" BAnchorPoint="0" BAnchorOffset="437" RelativeToClient="1" Font="Default" Text="" Template="Default" Name="TEMP_InfoPic" BGColor="ffffffff" TextColor="ffffffff" Picture="1" IgnoreMouse="1" Sprite="CRB_Tradeskills:sprSchemIntroArt" TooltipColor=""/>
        </Control>
        <Control Class="Window" LAnchorPoint="0" LAnchorOffset="0" TAnchorPoint="0" TAnchorOffset="0" RAnchorPoint="1" RAnchorOffset="0" BAnchorPoint="0" BAnchorOffset="48" RelativeToClient="1" Font="Default" Text="" Template="Default" Name="TopTabContainer" BGColor="ffffffff" TextColor="ffffffff" HideInEditor="0" TooltipColor="" NewControlDepth="10" Sprite="BK3:UI_BK3_Metal_TabSub_BG" Picture="1" IgnoreMouse="1">
            <Control Class="Button" Base="BK3:btnMetal_TabSub_Left" Font="CRB_Button" ButtonType="Check" RadioGroup="GuildOptions" LAnchorPoint="0" LAnchorOffset="18" TAnchorPoint="0" TAnchorOffset="8" RAnchorPoint="0.333" RAnchorOffset="0" BAnchorPoint="1" BAnchorOffset="-8" DT_VCENTER="1" DT_CENTER="1" Name="GuildOption1" BGColor="ffffffff" TextColor="ffffffff" HideInEditor="0" TextId="GuildMain_GuildInfo" NormalTextColor="UI_BtnTextBlueNormal" PressedTextColor="UI_BtnTextBluePressed" FlybyTextColor="UI_BtnTextBlueFlyby" PressedFlybyTextColor="UI_BtnTextBluePressedFlyby" DisabledTextColor="UI_BtnTextBlueDisabled" GlobalRadioGroup="" Text="" RadioDisallowNonSelection="1" TooltipColor="">
                <Event Name="ButtonCheck" Function="OnGuildOptionCheck"/>
            </Control>
            <Control Class="Button" Base="BK3:btnMetal_TabSub_Mid" Font="CRB_Button" ButtonType="Check" RadioGroup="GuildOptions" LAnchorPoint="0.333" LAnchorOffset="0" TAnchorPoint="0" TAnchorOffset="8" RAnchorPoint="0.666" RAnchorOffset="0" BAnchorPoint="1" BAnchorOffset="-8" DT_VCENTER="1" DT_CENTER="1" Name="GuildOption2" BGColor="ffffffff" TextColor="ffffffff" HideInEditor="0" TextId="SocialPanel_GuildRoster" NormalTextColor="UI_BtnTextBlueNormal" PressedTextColor="UI_BtnTextBluePressed" FlybyTextColor="UI_BtnTextBlueFlyby" PressedFlybyTextColor="UI_BtnTextBluePressedFlyby" DisabledTextColor="UI_BtnTextBlueDisabled" GlobalRadioGroup="" Text="" RadioDisallowNonSelection="1" TooltipColor="">
                <Event Name="ButtonCheck" Function="OnGuildOptionCheck"/>
            </Control>
            <Control Class="Button" Base="BK3:btnMetal_TabSub_Right" Font="CRB_Button" ButtonType="Check" RadioGroup="GuildOptions" LAnchorPoint=".666" LAnchorOffset="0" TAnchorPoint="0" TAnchorOffset="8" RAnchorPoint="1" RAnchorOffset="-20" BAnchorPoint="1" BAnchorOffset="-8" DT_VCENTER="1" DT_CENTER="1" Name="GuildOption3" BGColor="ffffffff" TextColor="ffffffff" HideInEditor="0" TextId="GuildPerks_Title" NormalTextColor="UI_BtnTextBlueNormal" PressedTextColor="UI_BtnTextBluePressed" FlybyTextColor="UI_BtnTextBlueFlyby" PressedFlybyTextColor="UI_BtnTextBluePressedFlyby" DisabledTextColor="UI_BtnTextBlueDisabled" GlobalRadioGroup="" Text="" RadioDisallowNonSelection="1" TooltipColor="" Visible="1">
                <Event Name="ButtonCheck" Function="OnGuildOptionCheck"/>
            </Control>
        </Control>
        <Event Name="WindowClosed" Function="OnClose"/>
    </Form>
    <Form Class="Window" LAnchorPoint="0.5" LAnchorOffset="-200" TAnchorPoint="0.5" TAnchorOffset="-183" RAnchorPoint="0.5" RAnchorOffset="200" BAnchorPoint="0.5" BAnchorOffset="58" RelativeToClient="1" Font="Default" Text="" Template="Default" Name="GuildInviteConfirmation" Border="0" Picture="1" SwallowMouseClicks="1" Moveable="1" Escapable="1" Overlapped="1" BGColor="ffffffff" TextColor="ffffffff" IgnoreMouse="1" Sprite="BK3:sprHolo_Alert_Confirm" TransitionShowHide="1" UseTransitionSprite="0" Visible="1" TooltipColor="" Tooltip="">
        <Control Class="Window" LAnchorPoint="0" LAnchorOffset="55" TAnchorPoint="0" TAnchorOffset="59" RAnchorPoint="1" RAnchorOffset="-55" BAnchorPoint="0" BAnchorOffset="120" RelativeToClient="1" Font="CRB_InterfaceMedium" Text="" Template="Holo_TextCallout" Name="GuildInviteLabel" BGColor="ffffffff" TextColor="UI_TextHoloBodyHighlight" TextId="CRB__2" DT_WORDBREAK="1" DT_CENTER="1" DT_VCENTER="1" TooltipColor="" DT_BOTTOM="0" Border="1" IgnoreMouse="1" UseTemplateBG="1"/>
        <Control Class="Button" Base="BK3:btnHolo_Close" Font="Thick" ButtonType="PushButton" RadioGroup="" LAnchorPoint="1" LAnchorOffset="-61" TAnchorPoint="0" TAnchorOffset="19" RAnchorPoint="1" RAnchorOffset="-19" BAnchorPoint="0" BAnchorOffset="63" DT_VCENTER="1" DT_CENTER="1" Name="GuildInviteCloseBtn" BGColor="ffffffff" TextColor="ffffffff" NormalTextColor="ffffffff" PressedTextColor="ffffffff" FlybyTextColor="ffffffff" PressedFlybyTextColor="ffffffff" DisabledTextColor="ffffffff" TooltipColor="">
            <Event Name="ButtonSignal" Function="OnGuildInviteDecline"/>
        </Control>
        <Control Class="Button" Base="BK3:btnHolo_Blue_Med" Font="CRB_Button" ButtonType="PushButton" RadioGroup="" LAnchorPoint="0" LAnchorOffset="77" TAnchorPoint="1" TAnchorOffset="-87" RAnchorPoint="0.5" RAnchorOffset="27" BAnchorPoint="1" BAnchorOffset="-14" DT_VCENTER="1" DT_CENTER="1" Name="GuildInviteYesBtn" BGColor="ffffffff" TextColor="ffffffff" NormalTextColor="UI_BtnTextBlueNormal" PressedTextColor="UI_BtnTextBluePressed" FlybyTextColor="UI_BtnTextBlueFlyby" PressedFlybyTextColor="ffffffff" DisabledTextColor="ffffffff" Text="" TextId="CRB_Accept" TooltipColor="">
            <Event Name="ButtonSignal" Function="OnGuildInviteAccept"/>
        </Control>
        <Control Class="Button" Base="BK3:btnHolo_Red_Med" Font="CRB_Button" ButtonType="PushButton" RadioGroup="" LAnchorPoint="0.5" LAnchorOffset="25" TAnchorPoint="1" TAnchorOffset="-87" RAnchorPoint="0" RAnchorOffset="325" BAnchorPoint="1" BAnchorOffset="-14" DT_VCENTER="1" DT_CENTER="1" Name="GuildInviteNoBtn" BGColor="ffffffff" TextColor="ffffffff" NormalTextColor="UI_BtnTextRedNormal" PressedTextColor="UI_BtnTextRedPressed" FlybyTextColor="UI_BtnTextRedFlyby" PressedFlybyTextColor="ffffffff" DisabledTextColor="ffffffff" Text="" TextId="CRB_Decline" TooltipColor="">
            <Event Name="ButtonSignal" Function="OnGuildInviteDecline"/>
        </Control>
        <Event Name="WindowClosed" Function="OnGuildInviteDecline"/>
        <Control Class="Window" LAnchorPoint="0" LAnchorOffset="55" TAnchorPoint="0" TAnchorOffset="123" RAnchorPoint="1" RAnchorOffset="-55" BAnchorPoint="0" BAnchorOffset="158" RelativeToClient="1" Font="CRB_InterfaceSmall" Text="" Template="Holo_TextCallout" TooltipType="OnCursor" Name="GuildInviteTaxes" BGColor="ffffffff" TextColor="UI_TextHoloBody" TooltipColor="" TextId="GuildInvite_TaxesEnabled" DT_CENTER="1" DT_VCENTER="1" Visible="0" Sprite="" Picture="0" IgnoreMouse="1" Border="1" UseTemplateBG="1"/>
        <Pixie LAnchorPoint="0" LAnchorOffset="0" TAnchorPoint="0" TAnchorOffset="31" RAnchorPoint="1" RAnchorOffset="0" BAnchorPoint="0" BAnchorOffset="100" Sprite="" BGColor="white" TextColor="UI_WindowTitleYellow" Rotation="0" Font="CRB_HeaderMedium" Text="Guild Invite" TextId="" DT_CENTER="1" DT_SINGLELINE="1"/>
    </Form>
</Forms>
