<?xml version="1.0" encoding="UTF-8" standalone="yes" ?>
<Forms>
    <Form Class="Window" LAnchorPoint=".3" LAnchorOffset="-275" TAnchorPoint=".5" TAnchorOffset="-270" RAnchorPoint=".3" RAnchorOffset="149" BAnchorPoint=".5" BAnchorOffset="270" RelativeToClient="1" Font="Default" Text="" Template="Default" Name="NonCombatSpellbookForm" Border="0" Picture="0" SwallowMouseClicks="1" Moveable="1" Escapable="1" Overlapped="1" BGColor="ffffffff" TextColor="ffffffff" TextId="" TooltipColor="" Tooltip="">
        <Control Class="Window" LAnchorPoint="0" LAnchorOffset="24" TAnchorPoint="0" TAnchorOffset="135" RAnchorPoint="0" RAnchorOffset="400" BAnchorPoint="0" BAnchorOffset="520" RelativeToClient="1" Font="Default" Text="" BGColor="UI_WindowBGDefault" TextColor="UI_WindowTextDefault" Template="Holo_Background_General" TooltipType="OnCursor" Name="Window" TooltipColor="" Border="1" IgnoreMouse="1" UseTemplateBG="1"/>
        <Control Class="Window" LAnchorPoint="0" LAnchorOffset="29" TAnchorPoint="0" TAnchorOffset="110" RAnchorPoint="1" RAnchorOffset="-27" BAnchorPoint="1" BAnchorOffset="-22" RelativeToClient="1" Font="Default" Text="" Template="Default" TooltipType="OnCursor" Name="Entries" BGColor="ffffffff" TextColor="ffffffff" TooltipColor="" Sprite="" Picture="1" IgnoreMouse="1" HideInEditor="0" Visible="1" Tooltip="" NewControlDepth="1">
            <Control Class="Window" LAnchorPoint="0" LAnchorOffset="9" TAnchorPoint="0" TAnchorOffset="40" RAnchorPoint="1" RAnchorOffset="-12" BAnchorPoint="1" BAnchorOffset="-45" RelativeToClient="1" Font="CRB_InterfaceSmall_O" Text="" Template="Holo_ScrollList" Name="EntriesContainer" BGColor="ffffffff" TextColor="UI_TextHoloBody" VScroll="1" IgnoreMouse="0" TooltipColor="" Visible="1" TransitionShowHide="0" HideInEditor="0" VScrollLeftSide="0" AutoHideScroll="0" DT_CENTER="1" DT_VCENTER="1" Picture="1" Border="1" UseTemplateBG="1"/>
            <Control Class="Window" LAnchorPoint="0" LAnchorOffset="9" TAnchorPoint="0" TAnchorOffset="40" RAnchorPoint="1" RAnchorOffset="-12" BAnchorPoint="1" BAnchorOffset="-45" RelativeToClient="1" Font="CRB_InterfaceSmall_O" Text="" Template="Holo_ScrollList" Name="EntriesContainerMounts" BGColor="ffffffff" TextColor="UI_TextHoloBody" VScroll="1" IgnoreMouse="0" TooltipColor="" Visible="1" TransitionShowHide="0" HideInEditor="0" VScrollLeftSide="0" AutoHideScroll="0" DT_CENTER="1" DT_VCENTER="1" Picture="1" Border="1" UseTemplateBG="1"/>
            <Control Class="Window" LAnchorPoint="0" LAnchorOffset="9" TAnchorPoint="0" TAnchorOffset="40" RAnchorPoint="1" RAnchorOffset="-12" BAnchorPoint="1" BAnchorOffset="-45" RelativeToClient="1" Font="CRB_InterfaceSmall_O" Text="" Template="Holo_ScrollList" Name="EntriesContainerMisc" BGColor="ffffffff" TextColor="UI_TextHoloBody" VScroll="1" IgnoreMouse="0" TooltipColor="" Visible="1" TransitionShowHide="0" HideInEditor="0" VScrollLeftSide="0" AutoHideScroll="0" DT_CENTER="1" DT_VCENTER="1" Picture="1" Border="1" UseTemplateBG="1"/>
            <Control Class="Window" LAnchorPoint="0" LAnchorOffset="8" TAnchorPoint="1" TAnchorOffset="-42" RAnchorPoint="1" RAnchorOffset="-11" BAnchorPoint="1" BAnchorOffset="-15" RelativeToClient="1" Font="CRB_InterfaceSmall" Text="" Template="Default" TooltipType="OnCursor" Name="EntiresExplainerText" BGColor="ffffffff" TextColor="UI_TextHoloBodyHighlight" TooltipColor="" Picture="1" IgnoreMouse="1" Sprite="BK3:UI_BK3_Holo_InsetSimple" TextId="NCSpellbook_DragToBar" DT_WORDBREAK="1" DT_CENTER="1" DT_VCENTER="1" NewControlDepth="1"/>
        </Control>
        <Control Class="Button" Base="CRB_Basekit:kitBtn_Close" Font="Thick" ButtonType="PushButton" RadioGroup="" LAnchorPoint="1" LAnchorOffset="-52" TAnchorPoint="0" TAnchorOffset="25" RAnchorPoint="1" RAnchorOffset="-25" BAnchorPoint="0" BAnchorOffset="54" DT_VCENTER="1" DT_CENTER="1" Name="CloseButton" BGColor="ffffffff" TextColor="ffffffff" NewControlDepth="2" WindowSoundTemplate="CloseWindowPhys" Text="" TextId="" NormalTextColor="ffffffff" PressedTextColor="ffffffff" FlybyTextColor="ffffffff" PressedFlybyTextColor="ffffffff" DisabledTextColor="ffffffff" TooltipColor="" RelativeToClient="1">
            <Event Name="ButtonSignal" Function="OnClose"/>
        </Control>
        <Control Class="Window" LAnchorPoint="1" LAnchorOffset="-32" TAnchorPoint="0" TAnchorOffset="174" RAnchorPoint="1" RAnchorOffset="225" BAnchorPoint="0" BAnchorOffset="456" RelativeToClient="1" Font="Default" Text="" Template="Default" TooltipType="OnCursor" Name="MountPreview" BGColor="ffffffff" TextColor="ffffffff" TooltipColor="" Picture="1" IgnoreMouse="1" NoClip="1" Sprite="BK3:sprHolo_Alert_Flyout" Visible="0">
            <Pixie LAnchorPoint="0" LAnchorOffset="0" TAnchorPoint="0" TAnchorOffset="38" RAnchorPoint="1" RAnchorOffset="0" BAnchorPoint="1" BAnchorOffset="0" BGColor="ffffffff" Font="CRB_HeaderTiny" TextColor="UI_WindowTitleYellow" Text="" TextId="NCSpellbook_MountPreview" Sprite="" DT_CENTER="1" Line="0"/>
            <Control Class="CostumeWindow" LAnchorPoint="0" LAnchorOffset="43" TAnchorPoint="0" TAnchorOffset="48" RAnchorPoint="1" RAnchorOffset="-45" BAnchorPoint="0" BAnchorOffset="233" RelativeToClient="1" Font="Default" Text="" Template="Default" Name="MountPortrait" BGColor="ffffffff" TextColor="ffffffff" Camera="Target" Animated="1" TooltipType="OnCursor" TooltipColor="" IgnoreMouse="1" HideInEditor="0" Mask="\UI_WhiteFillAlpha.tga" Visible="1" Tooltip="" Picture="0"/>
            <Control Class="Button" Base="btn_ArrowTurnLeft" Font="Thick" ButtonType="PushButton" RadioGroup="" LAnchorPoint="0" LAnchorOffset="37" TAnchorPoint="1" TAnchorOffset="-66" RAnchorPoint="0" RAnchorOffset="82" BAnchorPoint="1" BAnchorOffset="-41" DT_VCENTER="1" DT_CENTER="1" Name="RotateLeft" BGColor="afffffff" TextColor="ffffffff" WindowSoundTemplate="Custom" NormalTextColor="ffffffff" PressedTextColor="ffffffff" FlybyTextColor="ffffffff" PressedFlybyTextColor="ffffffff" DisabledTextColor="ffffffff" TooltipColor="">
                <Event Name="ButtonHoldBegin" Function="OnRotateLeft"/>
                <Event Name="ButtonUp" Function="OnRotateLeftCancel"/>
                <Event Name="ButtonUpCancel" Function="OnRotateLeftCancel"/>
            </Control>
            <Control Class="Button" Base="btn_ArrowTurnRight" Font="Thick" ButtonType="PushButton" RadioGroup="" LAnchorPoint="1" LAnchorOffset="-82" TAnchorPoint="1" TAnchorOffset="-66" RAnchorPoint="1" RAnchorOffset="-37" BAnchorPoint="1" BAnchorOffset="-41" DT_VCENTER="1" DT_CENTER="1" Name="RotateRight" BGColor="afffffff" TextColor="ffffffff" WindowSoundTemplate="Custom" NormalTextColor="ffffffff" PressedTextColor="ffffffff" FlybyTextColor="ffffffff" PressedFlybyTextColor="ffffffff" DisabledTextColor="ffffffff" TooltipColor="" Tooltip="" Text="">
                <Event Name="ButtonHoldBegin" Function="OnRotateRight"/>
                <Event Name="ButtonUp" Function="OnRotateRightCancel"/>
                <Event Name="ButtonUpCancel" Function="OnRotateRightCancel"/>
            </Control>
            <Control Class="Button" Base="BK3:btnHolo_Close" Font="Thick" ButtonType="PushButton" RadioGroup="" LAnchorPoint="1" LAnchorOffset="-59" TAnchorPoint="0" TAnchorOffset="36" RAnchorPoint="1" RAnchorOffset="-34" BAnchorPoint="0" BAnchorOffset="62" DT_VCENTER="1" DT_CENTER="1" TooltipType="OnCursor" Name="MountPreviewCloseBtn" BGColor="ffffffff" TextColor="ffffffff" TooltipColor="" NormalTextColor="ffffffff" PressedTextColor="ffffffff" FlybyTextColor="ffffffff" PressedFlybyTextColor="ffffffff" DisabledTextColor="ffffffff">
                <Event Name="ButtonSignal" Function="OnCloseMountPreview"/>
            </Control>
        </Control>
        <Control Class="Window" LAnchorPoint="0" LAnchorOffset="0" TAnchorPoint="0" TAnchorOffset="0" RAnchorPoint="1" RAnchorOffset="0" BAnchorPoint="1" BAnchorOffset="0" RelativeToClient="1" Font="Default" Text="" BGColor="UI_WindowBGDefault" TextColor="UI_WindowTextDefault" Template="Metal_Primary_Nav" TooltipType="OnCursor" Name="MainBG" TooltipColor="" Border="1" IgnoreMouse="1" Picture="0" UseTemplateBG="1"/>
        <Control Class="Window" LAnchorPoint=".5" LAnchorOffset="-150" TAnchorPoint="0" TAnchorOffset="27" RAnchorPoint=".5" RAnchorOffset="150" BAnchorPoint="0" BAnchorOffset="63" RelativeToClient="1" Font="CRB_HeaderMedium" Text="" BGColor="UI_WindowBGDefault" TextColor="UI_WindowTitleYellow" Template="Default" TooltipType="OnCursor" Name="Header" TooltipColor="" Sprite="BK3:sprMetal_Framing_Header" Picture="1" IgnoreMouse="1" TextId="InterfaceMenu_NonCombatAbilities" DT_CENTER="1" DT_VCENTER="1" NewControlDepth="1" AutoScaleText="1"/>
        <Control Class="Window" LAnchorPoint="0" LAnchorOffset="26" TAnchorPoint="0" TAnchorOffset="49" RAnchorPoint="0" RAnchorOffset="406" BAnchorPoint="0" BAnchorOffset="124" RelativeToClient="1" Font="Default" Text="" Template="Default" TooltipType="OnCursor" Name="Tabs" BGColor="ffffffff" TextColor="ffffffff" TooltipColor="" Picture="1" IgnoreMouse="1" Sprite="" DT_CENTER="1" DT_VCENTER="1" TextId="" HideInEditor="0" NewControlDepth="2">
            <Control Class="Window" LAnchorPoint="0" LAnchorOffset="0" TAnchorPoint="0" TAnchorOffset="0" RAnchorPoint="1" RAnchorOffset="0" BAnchorPoint="1" BAnchorOffset="0" RelativeToClient="1" Font="Default" Text="" Template="Default" TooltipType="OnCursor" Name="TabsContainer" BGColor="ffffffff" TextColor="ffffffff" TooltipColor="" Tooltip="">
                <Control Class="Button" Base="BK3:btnMetal_TabMainLeft_Small" Font="CRB_ButtonHeader" ButtonType="Check" RadioGroup="" LAnchorPoint="0" LAnchorOffset="0" TAnchorPoint="0" TAnchorOffset="0" RAnchorPoint="0" RAnchorOffset="124" BAnchorPoint="1" BAnchorOffset="0" DT_VCENTER="1" DT_CENTER="1" TooltipType="OnCursor" Name="BankTabBtnCmd" BGColor="ffffffff" TextColor="ffffffff" TooltipColor="" NormalTextColor="UI_BtnTextGoldListNormal" PressedTextColor="UI_BtnTextGoldListPressed" FlybyTextColor="UI_BtnTextGoldListFlyby" PressedFlybyTextColor="UI_BtnTextGoldListPressedFlyby" DisabledTextColor="UI_BtnTextGoldListDisabled" Text="" TextId="CRB_Commands" GlobalRadioGroup="GuildBank_BigBankTab_RadioGroup" RelativeToClient="1" RadioDisallowNonSelection="1" HideInEditor="0" Visible="1">
                    <Event Name="ButtonCheck" Function="OnTabBtnCheck"/>
                </Control>
                <Control Class="Button" Base="BK3:btnMetal_TabManMid_Small" Font="CRB_ButtonHeader" ButtonType="Check" RadioGroup="" LAnchorPoint="0" LAnchorOffset="124" TAnchorPoint="0" TAnchorOffset="0" RAnchorPoint="0" RAnchorOffset="248" BAnchorPoint="1" BAnchorOffset="0" DT_VCENTER="1" DT_CENTER="1" TooltipType="OnCursor" Name="BankTabBtnMounts" BGColor="ffffffff" TextColor="ffffffff" TooltipColor="" NormalTextColor="UI_BtnTextGoldListNormal" PressedTextColor="UI_BtnTextGoldListPressed" FlybyTextColor="UI_BtnTextGoldListFlyby" PressedFlybyTextColor="UI_BtnTextGoldListPressedFlyby" DisabledTextColor="UI_BtnTextGoldListDisabled" Text="" TextId="InterfaceMenu_Mounts" GlobalRadioGroup="GuildBank_BigBankTab_RadioGroup" RelativeToClient="1" RadioDisallowNonSelection="1" Tooltip="">
                    <Event Name="ButtonCheck" Function="OnTabBtnCheck"/>
                </Control>
                <Control Class="Button" Base="BK3:btnMetal_TabMainRight_Small" Font="CRB_ButtonHeader" ButtonType="Check" RadioGroup="" LAnchorPoint="0" LAnchorOffset="248" TAnchorPoint="0" TAnchorOffset="0" RAnchorPoint="0" RAnchorOffset="373" BAnchorPoint="1" BAnchorOffset="0" DT_VCENTER="1" DT_CENTER="1" TooltipType="OnCursor" Name="BankTabBtnMisc" BGColor="ffffffff" TextColor="ffffffff" TooltipColor="" NormalTextColor="UI_BtnTextGoldListNormal" PressedTextColor="UI_BtnTextGoldListPressed" FlybyTextColor="UI_BtnTextGoldListFlyby" PressedFlybyTextColor="UI_BtnTextGoldListPressedFlyby" DisabledTextColor="UI_BtnTextGoldListDisabled" Text="" TextId="CRB_Miscellaneous" GlobalRadioGroup="GuildBank_BigBankTab_RadioGroup" RelativeToClient="1" RadioDisallowNonSelection="1" Visible="1" HideInEditor="0">
                    <Event Name="ButtonCheck" Function="OnTabBtnCheck"/>
                </Control>
            </Control>
        </Control>
    </Form>
    <Form Class="Window" LAnchorPoint="0" LAnchorOffset="0" TAnchorPoint="0" TAnchorOffset="0" RAnchorPoint="1" RAnchorOffset="0" BAnchorPoint="0" BAnchorOffset="50" RelativeToClient="1" Font="Default" Text="" Template="Default" TooltipType="OnCursor" Name="SpellEntry" Border="0" Picture="1" SwallowMouseClicks="1" Moveable="0" Escapable="0" Overlapped="0" BGColor="ffffffff" TextColor="ffffffff" TooltipColor="" Tooltip="">
        <Control Class="Window" LAnchorPoint="0" LAnchorOffset="55" TAnchorPoint="0" TAnchorOffset="0" RAnchorPoint="1" RAnchorOffset="0" BAnchorPoint="1" BAnchorOffset="0" RelativeToClient="1" Font="CRB_InterfaceMedium_B" Text="" Template="Default" TooltipType="OnCursor" Name="Title" BGColor="ffffffff" TextColor="UI_TextHoloBody" TooltipColor="" TextId="Challenges_NoProgress" DT_RIGHT="0" DT_VCENTER="1"/>
        <Control Class="Window" LAnchorPoint="0" LAnchorOffset="5" TAnchorPoint="0" TAnchorOffset="5" RAnchorPoint="0" RAnchorOffset="45" BAnchorPoint="1" BAnchorOffset="-5" RelativeToClient="1" Font="Default" Text="" Template="Default" TooltipType="OnCursor" Name="IconBG" BGColor="ffffffff" TextColor="ffffffff" TooltipColor="" Border="0" IgnoreMouse="1" Picture="1" Sprite="CRB_Basekit:kitBase_HoloBlue_Tiny" NoClip="0" Visible="1" HideInEditor="0" TextId="" NewWindowDepth="1"/>
        <Control Class="ActionBarButton" Base="Button_ActionBarBlank" RelativeToClient="1" IfHoldNoSignal="1" DT_VCENTER="1" DT_CENTER="1" NeverBringToFront="0" Picture="1" WindowSoundTemplate="ActionBarButton" LAnchorPoint="0" LAnchorOffset="10" TAnchorPoint="0" TAnchorOffset="10" RAnchorPoint="0" RAnchorOffset="40" BAnchorPoint="0" BAnchorOffset="40" IgnoreTooltipDelay="0" TooltipType="OnCursor" Name="ActionBarButton" BGColor="ffffffff" TextColor="ffffffff" TooltipColor="" ProcessRightClick="1" ContentId="0" IgnoreMouse="0" NewWindowDepth="1" Tooltip="">
            <Event Name="QueryBeginDragDrop" Function="OnBeginDragDrop"/>
        </Control>
        <Control Class="Window" LAnchorPoint="0" LAnchorOffset="0" TAnchorPoint="0" TAnchorOffset="0" RAnchorPoint="1" RAnchorOffset="0" BAnchorPoint="1" BAnchorOffset="0" RelativeToClient="1" Font="Default" Text="" BGColor="UI_WindowBGDefault" TextColor="UI_WindowTextDefault" Template="Default" TooltipType="OnCursor" Name="Window" TooltipColor="" Sprite="BK3:btnHolo_ListView_MidDisabled" Picture="1" IgnoreMouse="1"/>
    </Form>
    <Form Class="Window" LAnchorPoint="0" LAnchorOffset="0" TAnchorPoint="0" TAnchorOffset="0" RAnchorPoint="1" RAnchorOffset="0" BAnchorPoint="0" BAnchorOffset="50" RelativeToClient="1" Font="Default" Text="" Template="Default" TooltipType="OnCursor" Name="GameCommandEntry" Border="0" Picture="0" SwallowMouseClicks="1" Moveable="0" Escapable="0" Overlapped="0" BGColor="ffffffff" TextColor="ffffffff" TooltipColor="" Tooltip="">
        <Control Class="Window" LAnchorPoint="0" LAnchorOffset="55" TAnchorPoint="0" TAnchorOffset="0" RAnchorPoint="1" RAnchorOffset="0" BAnchorPoint="1" BAnchorOffset="0" RelativeToClient="1" Font="CRB_InterfaceMedium_B" Text="" Template="Default" TooltipType="OnCursor" Name="Title" BGColor="ffffffff" TextColor="UI_TextHoloBody" TooltipColor="" TextId="Challenges_NoProgress" DT_RIGHT="0" DT_VCENTER="1"/>
        <Control Class="Window" LAnchorPoint="0" LAnchorOffset="5" TAnchorPoint="0" TAnchorOffset="5" RAnchorPoint="0" RAnchorOffset="45" BAnchorPoint="1" BAnchorOffset="-5" RelativeToClient="1" Font="Default" Text="" Template="Default" TooltipType="OnCursor" Name="IconBG" BGColor="ffffffff" TextColor="ffffffff" TooltipColor="" Border="0" IgnoreMouse="1" Picture="1" Sprite="CRB_Basekit:kitBase_HoloBlue_Tiny" NoClip="0" Visible="1" HideInEditor="0" TextId="" NewWindowDepth="1"/>
        <Control Class="ActionBarButton" Base="Button_ActionBarBlank" RelativeToClient="1" IfHoldNoSignal="1" DT_VCENTER="1" DT_CENTER="1" NeverBringToFront="0" Picture="1" WindowSoundTemplate="ActionBarButton" LAnchorPoint="0" LAnchorOffset="10" TAnchorPoint="0" TAnchorOffset="10" RAnchorPoint="0" RAnchorOffset="40" BAnchorPoint="0" BAnchorOffset="40" IgnoreTooltipDelay="0" TooltipType="OnCursor" Name="ActionBarButton" BGColor="ffffffff" TextColor="ffffffff" TooltipColor="" ProcessRightClick="1" ContentId="0" IgnoreMouse="0" NewWindowDepth="1" Tooltip="" ContentType="GCBar">
            <Event Name="QueryBeginDragDrop" Function="OnBeginCmdDragDrop"/>
            <Event Name="GenerateTooltip" Function="OnGenerateTooltip"/>
        </Control>
        <Control Class="Window" LAnchorPoint="0" LAnchorOffset="0" TAnchorPoint="0" TAnchorOffset="0" RAnchorPoint="1" RAnchorOffset="0" BAnchorPoint="1" BAnchorOffset="0" RelativeToClient="1" Font="Default" Text="" BGColor="UI_WindowBGDefault" TextColor="UI_WindowTextDefault" Template="Default" TooltipType="OnCursor" Name="Window" TooltipColor="" Sprite="BK3:btnHolo_ListView_MidDisabled" Picture="1" IgnoreMouse="1"/>
    </Form>
    <Form Class="Window" LAnchorPoint="0" LAnchorOffset="0" TAnchorPoint="0" TAnchorOffset="0" RAnchorPoint="1" RAnchorOffset="0" BAnchorPoint="0" BAnchorOffset="50" RelativeToClient="1" Font="Default" Text="" Template="Default" TooltipType="OnCursor" Name="MountEntry" Border="0" Picture="1" SwallowMouseClicks="1" Moveable="0" Escapable="0" Overlapped="0" BGColor="ffffffff" TextColor="ffffffff" TooltipColor="" Tooltip="">
        <Control Class="Window" LAnchorPoint="0" LAnchorOffset="55" TAnchorPoint="0" TAnchorOffset="0" RAnchorPoint="1" RAnchorOffset="0" BAnchorPoint="1" BAnchorOffset="0" RelativeToClient="1" Font="CRB_InterfaceMedium_B" Text="" Template="Default" TooltipType="OnCursor" Name="Title" BGColor="ffffffff" TextColor="UI_TextHoloBody" TooltipColor="" TextId="Challenges_NoProgress" DT_RIGHT="0" DT_VCENTER="1" DT_WORDBREAK="1"/>
        <Control Class="Window" LAnchorPoint="0" LAnchorOffset="5" TAnchorPoint="0" TAnchorOffset="5" RAnchorPoint="0" RAnchorOffset="45" BAnchorPoint="1" BAnchorOffset="-5" RelativeToClient="1" Font="Default" Text="" Template="Default" TooltipType="OnCursor" Name="IconBG" BGColor="ffffffff" TextColor="ffffffff" TooltipColor="" Border="0" IgnoreMouse="1" Picture="1" Sprite="CRB_Basekit:kitBase_HoloBlue_Tiny" NoClip="0" Visible="1" HideInEditor="0" TextId="" NewWindowDepth="1"/>
        <Control Class="ActionBarButton" Base="Button_ActionBarBlank" RelativeToClient="1" IfHoldNoSignal="1" DT_VCENTER="1" DT_CENTER="1" NeverBringToFront="0" Picture="1" WindowSoundTemplate="ActionBarButton" LAnchorPoint="0" LAnchorOffset="10" TAnchorPoint="0" TAnchorOffset="10" RAnchorPoint="0" RAnchorOffset="40" BAnchorPoint="0" BAnchorOffset="40" IgnoreTooltipDelay="0" TooltipType="OnCursor" Name="ActionBarButton" BGColor="ffffffff" TextColor="ffffffff" TooltipColor="" ProcessRightClick="1" ContentId="0" IgnoreMouse="0" NewWindowDepth="1" Tooltip="">
            <Event Name="QueryBeginDragDrop" Function="OnBeginDragDrop"/>
        </Control>
        <Control Class="Button" Base="BK3:btnHolo_Blue_Med" Font="Thick" ButtonType="Check" RadioGroup="" LAnchorPoint="1" LAnchorOffset="-58" TAnchorPoint="0" TAnchorOffset="-5" RAnchorPoint="1" RAnchorOffset="0" BAnchorPoint="1" BAnchorOffset="4" DT_VCENTER="1" DT_CENTER="1" TooltipType="OnCursor" Name="MountPreviewBtn" BGColor="ffffffff" TextColor="ffffffff" TooltipColor="" NormalTextColor="ffffffff" PressedTextColor="ffffffff" FlybyTextColor="ffffffff" PressedFlybyTextColor="ffffffff" DisabledTextColor="ffffffff" GlobalRadioGroup="NonCombatSpellbook_GlobalRadioGroup_MountPreview">
            <Control Class="Window" LAnchorPoint="0" LAnchorOffset="20" TAnchorPoint="0" TAnchorOffset="17" RAnchorPoint="1" RAnchorOffset="-16" BAnchorPoint="1" BAnchorOffset="-18" RelativeToClient="1" Font="Default" Text="" Template="Default" TooltipType="OnCursor" Name="MountPreviewButtonArt" BGColor="ffffffff" TextColor="ffffffff" TooltipColor="" Picture="1" IgnoreMouse="1" Sprite="ClientSprites:Icon_Mission_Explorer_ScavengerHunt" NewControlDepth="1"/>
            <Event Name="ButtonCheck" Function="OnMountPreviewCheck"/>
            <Event Name="ButtonUncheck" Function="OnCloseMountPreview"/>
        </Control>
        <Control Class="Window" LAnchorPoint="0" LAnchorOffset="0" TAnchorPoint="0" TAnchorOffset="0" RAnchorPoint="1" RAnchorOffset="0" BAnchorPoint="1" BAnchorOffset="0" RelativeToClient="1" Font="Default" Text="" BGColor="UI_WindowBGDefault" TextColor="UI_WindowTextDefault" Template="Default" TooltipType="OnCursor" Name="Window" TooltipColor="" Sprite="BK3:btnHolo_ListView_MidDisabled" Picture="1" IgnoreMouse="1"/>
    </Form>
</Forms>
