<?xml version="1.0" encoding="UTF-8" standalone="yes" ?>
<Forms>
    <Form Class="Window" LAnchorPoint="0" LAnchorOffset="0" TAnchorPoint="0" TAnchorOffset="0" RAnchorPoint="0" RAnchorOffset="325" BAnchorPoint="0" BAnchorOffset="500" RelativeToClient="1" Font="Default" Text="" Template="Default" Name="InterfaceMenuListForm" Border="0" Picture="0" SwallowMouseClicks="1" Moveable="0" Escapable="0" Overlapped="1" BGColor="ffffffff" TextColor="ffffffff" TextId="" TooltipColor="" Tooltip="" IgnoreMouse="1">
        <Control Class="Window" LAnchorPoint="0" LAnchorOffset="0" TAnchorPoint="0" TAnchorOffset="0" RAnchorPoint="1" RAnchorOffset="0" BAnchorPoint="0" BAnchorOffset="70" RelativeToClient="1" Font="Default" Text="" Template="Default" TooltipType="OnCursor" Name="PixieBG" BGColor="6631fcf6" TextColor="ffffffff" TooltipColor="" Sprite="spr_InterfaceMenuList_Gradiant" Picture="1" IgnoreMouse="1" NoClip="0" Tooltip=""/>
        <Control Class="Window" LAnchorPoint="0" LAnchorOffset="-93" TAnchorPoint="0" TAnchorOffset="-33" RAnchorPoint="0" RAnchorOffset="40" BAnchorPoint="0" BAnchorOffset="84" RelativeToClient="1" Font="Default" Text="" Template="Default" TooltipType="OnCursor" Name="PixieFlair" BGColor="ffffffff" TextColor="ffffffff" TooltipColor="" NewControlDepth="1">
            <Pixie LAnchorPoint="0" LAnchorOffset="0" TAnchorPoint="0" TAnchorOffset="0" RAnchorPoint="1" RAnchorOffset="0" BAnchorPoint="1" BAnchorOffset="0" Sprite="CRB_TechTree:CRB_TechTree_kitTopHoloConnector" BGColor="white" TextColor="black" Rotation="90" Font="Default"/>
        </Control>
        <Control Class="Window" LAnchorPoint="0" LAnchorOffset="51" TAnchorPoint="0" TAnchorOffset="0" RAnchorPoint="1" RAnchorOffset="0" BAnchorPoint="0" BAnchorOffset="40" RelativeToClient="1" Font="Default" Text="" Template="Default" TooltipType="OnCursor" Name="ButtonList" BGColor="ffffffff" TextColor="ffffffff" TooltipColor="" Tooltip="">
            <Control Class="Button" Base="DatachronSprites:btnAchievementsIcon" Font="Thick" ButtonType="PushButton" RadioGroup="" LAnchorPoint="0" LAnchorOffset="0" TAnchorPoint="0" TAnchorOffset="0" RAnchorPoint="0" RAnchorOffset="32" BAnchorPoint="0" BAnchorOffset="30" DT_VCENTER="1" DT_CENTER="1" TooltipType="OnCursor" Name="CharacterBtn" BGColor="9dffffff" TextColor="ffffffff" TooltipColor="" NormalTextColor="ffffffff" PressedTextColor="ffffffff" FlybyTextColor="ffffffff" PressedFlybyTextColor="ffffffff" DisabledTextColor="ffffffff" Sprite="" Tooltip="" RelativeToClient="1">
                <Event Name="MouseEnter" Function="OnListBtnMouseEnter"/>
                <Event Name="MouseExit" Function="OnListBtnMouseExit"/>
                <Event Name="ButtonSignal" Function="OnListBtnClick"/>
            </Control>
            <Control Class="Button" Base="DatachronSprites:btnQuestLog" Font="Thick" ButtonType="PushButton" RadioGroup="" LAnchorPoint="0" LAnchorOffset="32" TAnchorPoint="0" TAnchorOffset="0" RAnchorPoint="0" RAnchorOffset="64" BAnchorPoint="0" BAnchorOffset="30" DT_VCENTER="1" DT_CENTER="1" TooltipType="OnCursor" Name="LoreBtn" BGColor="9dffffff" TextColor="ffffffff" TooltipColor="" NormalTextColor="ffffffff" PressedTextColor="ffffffff" FlybyTextColor="ffffffff" PressedFlybyTextColor="ffffffff" DisabledTextColor="ffffffff" Sprite="" RelativeToClient="1">
                <Event Name="MouseEnter" Function="OnListBtnMouseEnter"/>
                <Event Name="MouseExit" Function="OnListBtnMouseExit"/>
                <Event Name="ButtonSignal" Function="OnListBtnClick"/>
            </Control>
            <Control Class="Button" Base="DatachronSprites:btnNewsIcon" Font="Thick" ButtonType="PushButton" RadioGroup="" LAnchorPoint="0" LAnchorOffset="64" TAnchorPoint="0" TAnchorOffset="0" RAnchorPoint="0" RAnchorOffset="96" BAnchorPoint="0" BAnchorOffset="30" DT_VCENTER="1" DT_CENTER="1" TooltipType="OnCursor" Name="GroupFinderBtn" BGColor="9dffffff" TextColor="ffffffff" TooltipColor="" NormalTextColor="ffffffff" PressedTextColor="ffffffff" FlybyTextColor="ffffffff" PressedFlybyTextColor="ffffffff" DisabledTextColor="ffffffff" Sprite="" RelativeToClient="1">
                <Event Name="MouseEnter" Function="OnListBtnMouseEnter"/>
                <Event Name="MouseExit" Function="OnListBtnMouseExit"/>
                <Event Name="ButtonSignal" Function="OnListBtnClick"/>
            </Control>
            <Control Class="Button" Base="DatachronSprites:btnAbility" Font="Thick" ButtonType="PushButton" RadioGroup="" LAnchorPoint="0" LAnchorOffset="96" TAnchorPoint="0" TAnchorOffset="0" RAnchorPoint="0" RAnchorOffset="128" BAnchorPoint="0" BAnchorOffset="30" DT_VCENTER="1" DT_CENTER="1" TooltipType="OnCursor" Name="LASBtn" BGColor="9dffffff" TextColor="ffffffff" TooltipColor="" NormalTextColor="ffffffff" PressedTextColor="ffffffff" FlybyTextColor="ffffffff" PressedFlybyTextColor="ffffffff" DisabledTextColor="ffffffff" Sprite="" RelativeToClient="1">
                <Event Name="MouseEnter" Function="OnListBtnMouseEnter"/>
                <Event Name="MouseExit" Function="OnListBtnMouseExit"/>
                <Event Name="ButtonSignal" Function="OnListBtnClick"/>
            </Control>
            <Control Class="Button" Base="ChatLogSprites:btnChatEmoticonSymbol" Font="Thick" ButtonType="PushButton" RadioGroup="" LAnchorPoint="0" LAnchorOffset="128" TAnchorPoint="0" TAnchorOffset="2" RAnchorPoint="0" RAnchorOffset="160" BAnchorPoint="0" BAnchorOffset="32" DT_VCENTER="1" DT_CENTER="1" TooltipType="OnCursor" Name="SocialBtn" BGColor="9dffffff" TextColor="ffffffff" TooltipColor="" NormalTextColor="ffffffff" PressedTextColor="ffffffff" FlybyTextColor="ffffffff" PressedFlybyTextColor="ffffffff" DisabledTextColor="ffffffff" Sprite="" RelativeToClient="1">
                <Event Name="MouseEnter" Function="OnListBtnMouseEnter"/>
                <Event Name="MouseExit" Function="OnListBtnMouseExit"/>
                <Event Name="ButtonSignal" Function="OnListBtnClick"/>
            </Control>
            <Control Class="Button" Base="DatachronSprites:btnEmailIcon" Font="Thick" ButtonType="PushButton" RadioGroup="" LAnchorPoint="0" LAnchorOffset="160" TAnchorPoint="0" TAnchorOffset="2" RAnchorPoint="0" RAnchorOffset="196" BAnchorPoint="0" BAnchorOffset="32" DT_VCENTER="1" DT_CENTER="1" TooltipType="OnCursor" Name="MailBtn" BGColor="9dffffff" TextColor="ffffffff" TooltipColor="" NormalTextColor="ffffffff" PressedTextColor="ffffffff" FlybyTextColor="ffffffff" PressedFlybyTextColor="ffffffff" DisabledTextColor="ffffffff" Sprite="" RelativeToClient="1">
                <Event Name="MouseEnter" Function="OnListBtnMouseEnter"/>
                <Event Name="MouseExit" Function="OnListBtnMouseExit"/>
                <Event Name="ButtonSignal" Function="OnListBtnClick"/>
            </Control>
            <Event Name="MouseExit" Function="OnListBtnMouseExit"/>
            <Control Class="Button" Base="btn_InterfaceMenuList_Inventory" Font="Thick" ButtonType="PushButton" RadioGroup="" LAnchorPoint="0" LAnchorOffset="196" TAnchorPoint="0" TAnchorOffset="0" RAnchorPoint="0" RAnchorOffset="232" BAnchorPoint="0" BAnchorOffset="30" DT_VCENTER="1" DT_CENTER="1" TooltipType="OnCursor" Name="InventoryBtn" BGColor="9dffffff" TextColor="ffffffff" TooltipColor="" NormalTextColor="ffffffff" PressedTextColor="ffffffff" FlybyTextColor="ffffffff" PressedFlybyTextColor="ffffffff" DisabledTextColor="ffffffff" Sprite="" RelativeToClient="1">
                <Event Name="MouseEnter" Function="OnListBtnMouseEnter"/>
                <Event Name="MouseExit" Function="OnListBtnMouseExit"/>
                <Event Name="ButtonSignal" Function="OnListBtnClick"/>
            </Control>
            <Control Class="Button" Base="CRB_CompanionsSprites:btnFlying" Font="Thick" ButtonType="PushButton" RadioGroup="" LAnchorPoint="0" LAnchorOffset="232" TAnchorPoint="0" TAnchorOffset="1" RAnchorPoint="0" RAnchorOffset="264" BAnchorPoint="0" BAnchorOffset="31" DT_VCENTER="1" DT_CENTER="1" TooltipType="OnCursor" Name="ReportBugBtn" BGColor="9dffffff" TextColor="ffffffff" TooltipColor="" NormalTextColor="ffffffff" PressedTextColor="ffffffff" FlybyTextColor="ffffffff" PressedFlybyTextColor="ffffffff" DisabledTextColor="ffffffff" Sprite="" Tooltip="" RelativeToClient="1">
                <Event Name="MouseEnter" Function="OnListBtnMouseEnter"/>
                <Event Name="MouseExit" Function="OnListBtnMouseExit"/>
                <Event Name="ButtonSignal" Function="OnListBtnClick"/>
            </Control>
        </Control>
        <Control Class="Button" Base="btn_InterfaceMenuList_DownArrowCentered" Font="Thick" ButtonType="Check" RadioGroup="" LAnchorPoint="0" LAnchorOffset="28" TAnchorPoint="0" TAnchorOffset="0" RAnchorPoint="0" RAnchorOffset="50" BAnchorPoint="0" BAnchorOffset="30" DT_VCENTER="1" DT_CENTER="1" TooltipType="OnCursor" Name="OpenFullListBtn" BGColor="UI_TextHoloBodyHighlight" TextColor="ffffffff" TooltipColor="" NormalTextColor="ffffffff" PressedTextColor="ffffffff" FlybyTextColor="ffffffff" PressedFlybyTextColor="ffffffff" DisabledTextColor="ffffffff" Visible="1" HideInEditor="0" Tooltip="">
            <Event Name="MouseEnter" Function="OnListBtnMouseEnter"/>
            <Event Name="MouseExit" Function="OnListBtnMouseExit"/>
            <Pixie LAnchorPoint="0" LAnchorOffset="0" TAnchorPoint="0" TAnchorOffset="2" RAnchorPoint="1" RAnchorOffset="0" BAnchorPoint="0" BAnchorOffset="24" BGColor="cyan" Font="Default" TextColor="ffffffff" Text="" Sprite="CRB_Basekit:kitIcon_Holo_Interfaces" Line="0"/>
            <Event Name="ButtonCheck" Function="OnOpenFullListCheck"/>
        </Control>
        <Control Class="Window" LAnchorPoint="0" LAnchorOffset="12" TAnchorPoint="0" TAnchorOffset="32" RAnchorPoint="1" RAnchorOffset="0" BAnchorPoint="1" BAnchorOffset="0" RelativeToClient="1" Font="CRB_InterfaceMedium_B" Text="" Template="Default" TooltipType="OnCursor" Name="TextDescription" BGColor="ffffffff" TextColor="UI_TextHoloTitle" TooltipColor="" TextId=""/>
        <Control Class="MLWindow" LAnchorPoint="0" LAnchorOffset="286" TAnchorPoint="0" TAnchorOffset="7" RAnchorPoint="1" RAnchorOffset="0" BAnchorPoint="0" BAnchorOffset="27" RelativeToClient="1" Font="CRB_Interface9_O" Text="" Template="Default" TooltipType="OnCursor" Name="InventoryTextCount" BGColor="ffffffff" TextColor="AddonError" TooltipColor="" TextId="" IgnoreMouse="1"/>
        <Event Name="MouseExit" Function="OnListBtnMouseExit"/>
        <Control Class="Window" LAnchorPoint="0" LAnchorOffset="2" TAnchorPoint="0" TAnchorOffset="30" RAnchorPoint="0" RAnchorOffset="282" BAnchorPoint="1" BAnchorOffset="0" RelativeToClient="1" Font="Default" Text="" Template="Default" TooltipType="OnCursor" Name="FullListFrame" BGColor="ffffffff" TextColor="ffffffff" TooltipColor="" Sprite="CRB_Basekit:kitBase_HoloHexes_Small" Picture="1" IgnoreMouse="1" Visible="0" CloseOnExternalClick="1" Tooltip="">
            <Control Class="Window" LAnchorPoint="0" LAnchorOffset="8" TAnchorPoint="0" TAnchorOffset="8" RAnchorPoint="1" RAnchorOffset="-8" BAnchorPoint="0" BAnchorOffset="44" RelativeToClient="1" Font="Default" Text="" Template="Default" TooltipType="OnCursor" Name="SearchBGPixie" BGColor="ffffffff" TextColor="ffffffff" TooltipColor="" Picture="1" IgnoreMouse="1" Sprite="CRB_Basekit:kitInnerFrame_Holo_InputBox"/>
            <Control Class="EditBox" LAnchorPoint="0" LAnchorOffset="20" TAnchorPoint="0" TAnchorOffset="16" RAnchorPoint="1" RAnchorOffset="-67" BAnchorPoint="0" BAnchorOffset="36" RelativeToClient="1" Font="CRB_InterfaceSmall_O" Text="" Template="Default" TooltipType="OnCursor" Name="SearchEditBox" BGColor="ffffffff" TextColor="UI_TextHoloBody" TooltipColor="" DT_VCENTER="1" TextId="" PromptTextId="CRB_Search" PromptFont="CRB_InterfaceSmall_O" PromptColor="UI_TextHoloBody">
                <Event Name="EditBoxChanged" Function="OnSearchEditBoxChanged"/>
            </Control>
            <Control Class="Button" Base="CRB_Basekit:kitBtn_Holo_Keyboard" Font="Thick" ButtonType="PushButton" RadioGroup="" LAnchorPoint="1" LAnchorOffset="-40" TAnchorPoint="0" TAnchorOffset="12" RAnchorPoint="1" RAnchorOffset="-12" BAnchorPoint="0" BAnchorOffset="40" DT_VCENTER="1" DT_CENTER="1" TooltipType="OnCursor" Name="SearchCommitBtn" BGColor="ffffffff" TextColor="ffffffff" TooltipColor="" NormalTextColor="ffffffff" PressedTextColor="ffffffff" FlybyTextColor="ffffffff" PressedFlybyTextColor="ffffffff" DisabledTextColor="ffffffff" RelativeToClient="1">
                <Event Name="ButtonSignal" Function="OnSearchCommitBtn"/>
                <Pixie LAnchorPoint="0" LAnchorOffset="6" TAnchorPoint="0" TAnchorOffset="6" RAnchorPoint="1" RAnchorOffset="-6" BAnchorPoint="1" BAnchorOffset="-6" BGColor="UI_TextHoloBodyHighlight" Font="Default" TextColor="ffffffff" Text="" Sprite="ClientSprites:Icon_Mission_Explorer_ScavengerHunt" Line="0"/>
            </Control>
            <Control Class="Button" Base="CRB_Basekit:kitBtn_Holo_Close" Font="Thick" ButtonType="PushButton" RadioGroup="" LAnchorPoint="1" LAnchorOffset="-63" TAnchorPoint="0" TAnchorOffset="16" RAnchorPoint="1" RAnchorOffset="-42" BAnchorPoint="0" BAnchorOffset="37" DT_VCENTER="1" DT_CENTER="1" TooltipType="OnCursor" Name="SearchClearBtn" BGColor="ffffffff" TextColor="ffffffff" TooltipColor="" NormalTextColor="ffffffff" PressedTextColor="ffffffff" FlybyTextColor="ffffffff" PressedFlybyTextColor="ffffffff" DisabledTextColor="ffffffff" Visible="0" RelativeToClient="1">
                <Event Name="ButtonSignal" Function="OnSearchClearBtn"/>
            </Control>
            <Control Class="Window" LAnchorPoint="0" LAnchorOffset="8" TAnchorPoint="0" TAnchorOffset="44" RAnchorPoint="1" RAnchorOffset="-8" BAnchorPoint="1" BAnchorOffset="-8" RelativeToClient="1" Font="Default" Text="" Template="CRB_Scroll_HoloSmall" TooltipType="OnCursor" Name="FullListScroll" BGColor="ffffffff" TextColor="ffffffff" TooltipColor="" VScroll="1" IgnoreMouse="1"/>
            <Control Class="Window" LAnchorPoint="0" LAnchorOffset="8" TAnchorPoint="0" TAnchorOffset="44" RAnchorPoint="1" RAnchorOffset="-8" BAnchorPoint="1" BAnchorOffset="-8" RelativeToClient="1" Font="Default" Text="" Template="Default" TooltipType="OnCursor" Name="SearchFlash" BGColor="UI_TextHoloBody" TextColor="ffffffff" TooltipColor="" Sprite="CRB_WindowAnimationSprites:sprWinAnim_BirthSmallTemp" Picture="1" IgnoreMouse="1" RightEdgeControlsAnchor="" NewControlDepth="1" HideInEditor="0"/>
        </Control>
        <Control Class="BagWindow" LAnchorPoint="0" LAnchorOffset="0" TAnchorPoint="0" TAnchorOffset="0" RAnchorPoint="0" RAnchorOffset="0" BAnchorPoint="0" BAnchorOffset="0" RelativeToClient="0" Sprite="" SquareSize="50" BoxesPerRow="5" Template="CRB_Normal" TooltipType="OnCursor" Border="0" NoClip="1" SwallowMouseClicks="1" UseTemplateBG="1" VScroll="0" IgnoreTooltipDelay="1" NewQuestOverlaySprite="ClientSprites:sprItem_NewQuest" Name="HiddenBagWindow" BGColor="ffffffff" TextColor="ffffffff" TooltipColor=""/>
    </Form>
    <Form Class="Button" Base="CRB_Basekit:kitBtn_List_Holo" Font="Thick" ButtonType="PushButton" RadioGroup="" LAnchorPoint="0" LAnchorOffset="0" TAnchorPoint="0" TAnchorOffset="0" RAnchorPoint="1" RAnchorOffset="0" BAnchorPoint="0" BAnchorOffset="28" DT_VCENTER="1" DT_CENTER="1" TooltipType="OnCursor" Name="MenuListItem" Border="0" Picture="1" SwallowMouseClicks="1" Moveable="0" Escapable="0" Overlapped="1" BGColor="ffffffff" TextColor="ffffffff" TooltipColor="" NormalTextColor="ffffffff" PressedTextColor="ffffffff" FlybyTextColor="ffffffff" PressedFlybyTextColor="ffffffff" DisabledTextColor="ffffffff" RelativeToClient="1" Tooltip="">
        <Event Name="ButtonSignal" Function="OnMenuListItemClick"/>
        <Control Class="Window" LAnchorPoint="0" LAnchorOffset="8" TAnchorPoint="0" TAnchorOffset="0" RAnchorPoint="1" RAnchorOffset="-60" BAnchorPoint="1" BAnchorOffset="0" RelativeToClient="1" Font="CRB_InterfaceMedium" Text="" Template="Default" TooltipType="OnCursor" Name="MenuListItemName" BGColor="ffffffff" TextColor="UI_BtnTextHoloNormal" TooltipColor="" DT_VCENTER="1" DT_WORDBREAK="1" TextId="CRB__2"/>
        <Event Name="MouseEnter" Function="OnMenuListItemMouseEnter"/>
        <Event Name="MouseExit" Function="OnMenuListItemMouseExit"/>
        <Control Class="Window" LAnchorPoint="1" LAnchorOffset="-60" TAnchorPoint="0" TAnchorOffset="0" RAnchorPoint="1" RAnchorOffset="-4" BAnchorPoint="1" BAnchorOffset="0" RelativeToClient="1" Font="CRB_InterfaceMedium" Text="" Template="Default" TooltipType="OnCursor" Name="MenuListItemKeybind" BGColor="ffffffff" TextColor="UI_TextHoloBody" TooltipColor="" DT_VCENTER="1" TextId="" DT_RIGHT="1" DT_WORDBREAK="1"/>
    </Form>
    <Form Class="Window" LAnchorPoint="0" LAnchorOffset="-8" TAnchorPoint="0" TAnchorOffset="-10" RAnchorPoint="1" RAnchorOffset="8" BAnchorPoint="1" BAnchorOffset="8" RelativeToClient="1" Font="Default" Text="" Template="Default" TooltipType="OnCursor" Name="AlertIndicator" BGColor="ffffffff" TextColor="ffffffff" TooltipColor="" Picture="1" IgnoreMouse="1" Sprite="CRB_Basekit:kitAccent_Frame_OrangeStroke" NoClip="1" Overlapped="1"/>
</Forms>
