<Forms>
    <Form Class="Window" LAnchorPoint="0" LAnchorOffset="31" TAnchorPoint=".5" TAnchorOffset="-337" RAnchorPoint="0" RAnchorOffset="533" BAnchorPoint=".5" BAnchorOffset="268" RelativeToClient="1" Font="Default" Text="" Template="Default" Name="NameplatesForm" Border="0" Picture="0" SwallowMouseClicks="1" Moveable="1" Escapable="1" Overlapped="1" BGColor="ffffffff" TextColor="ffffffff" TextId="" TooltipColor="" Tooltip="">
        <Control Class="Window" LAnchorPoint="0" LAnchorOffset="0" TAnchorPoint="0" TAnchorOffset="0" RAnchorPoint="1" RAnchorOffset="0" BAnchorPoint="1" BAnchorOffset="0" RelativeToClient="1" Font="Default" Text="" Template="Default" Name="BGArt" BGColor="ffffffff" TextColor="ffffffff" TextId="" TooltipColor="">
            <Event Name="MouseButtonDown" Function="OnClick"/>
            <Event Name="MouseButtonUp" Function="OnClick"/>
            <Control Class="Window" LAnchorPoint="0" LAnchorOffset="16" TAnchorPoint="0" TAnchorOffset="47" RAnchorPoint="1" RAnchorOffset="-18" BAnchorPoint="1" BAnchorOffset="-483" RelativeToClient="1" Font="Default" Text="" Template="Default" TooltipType="OnCursor" Name="BGART_Base" BGColor="ffffffff" TextColor="ffffffff" TooltipColor="" Picture="1" IgnoreMouse="1" Sprite="CRB_Basekit:kitBase_MetalGrey_Small"/>
            <Control Class="Window" LAnchorPoint="0" LAnchorOffset="22" TAnchorPoint="0" TAnchorOffset="117" RAnchorPoint="1" RAnchorOffset="-12" BAnchorPoint="1" BAnchorOffset="-71" RelativeToClient="1" Font="Default" Text="" Template="Default" TooltipType="OnCursor" Name="BGArt_ListBase" BGColor="ffffffff" TextColor="ffffffff" TooltipColor="" Picture="1" IgnoreMouse="1" Sprite="CRB_Basekit:kitBase_HoloHexes_Small"/>
            <Control Class="Window" LAnchorPoint="0" LAnchorOffset="19" TAnchorPoint="0" TAnchorOffset="20" RAnchorPoint="1" RAnchorOffset="-18" BAnchorPoint="0" BAnchorOffset="59" RelativeToClient="1" Font="Default" Text="" Template="Default" TooltipType="OnCursor" Name="BGArt_Header" BGColor="ffffffff" TextColor="ffffffff" TooltipColor="" Picture="1" IgnoreMouse="1" Sprite="CRB_Basekit:kitHeader_MetalGrey_TitleMarked"/>
            <Control Class="Window" LAnchorPoint="0" LAnchorOffset="0" TAnchorPoint="0" TAnchorOffset="0" RAnchorPoint="1" RAnchorOffset="0" BAnchorPoint="1" BAnchorOffset="-15" RelativeToClient="1" Font="Default" Text="" Template="Default" TooltipType="OnCursor" Name="BGArt_Frame" BGColor="ffffffff" TextColor="ffffffff" TooltipColor="" Picture="1" IgnoreMouse="1" NoClip="1" Sprite="CRB_Basekit:kitOuterFrame_MetalGold_Small3"/>
            <Control Class="Window" LAnchorPoint="0" LAnchorOffset="1" TAnchorPoint="0" TAnchorOffset="45" RAnchorPoint="1" RAnchorOffset="-1" BAnchorPoint="0" BAnchorOffset="128" RelativeToClient="1" Font="Default" Text="" Template="Default" TooltipType="OnCursor" Name="BGArt_ButtonBacker" BGColor="ffffffff" TextColor="ffffffff" TooltipColor="" Picture="1" IgnoreMouse="1" Sprite="CRB_Basekit:kitHeader_Hybrid_ButtonPanel" NoClip="1"/>
            <Control Class="Window" LAnchorPoint="0" LAnchorOffset="0" TAnchorPoint="1" TAnchorOffset="-85" RAnchorPoint="1" RAnchorOffset="0" BAnchorPoint="1" BAnchorOffset="0" RelativeToClient="1" Font="Default" Text="" Template="Default" TooltipType="OnCursor" Name="BGArt_Footer" BGColor="ffffffff" TextColor="ffffffff" TooltipColor="" Picture="1" IgnoreMouse="1" Sprite="CRB_Basekit:kitFooter_MetalGold_Angled" NoClip="1" NewControlDepth="1"/>
            <Control Class="Window" LAnchorPoint="0" LAnchorOffset="15" TAnchorPoint="0" TAnchorOffset="110" RAnchorPoint="1" RAnchorOffset="-16" BAnchorPoint="1" BAnchorOffset="-64" RelativeToClient="1" Font="Default" Text="" Template="Default" TooltipType="OnCursor" Name="BGArt_InnerFraming" BGColor="ffffffff" TextColor="ffffffff" TooltipColor="" Picture="1" IgnoreMouse="1" Sprite="CRB_Basekit:kitInnerFrame_MetalGrey_Small"/>
        </Control>
        <Control Class="Window" LAnchorPoint="0" LAnchorOffset="42" TAnchorPoint="0" TAnchorOffset="24" RAnchorPoint="1" RAnchorOffset="-41" BAnchorPoint="0" BAnchorOffset="50" RelativeToClient="1" Font="CRB_InterfaceMedium" Template="Default" Name="Title" BGColor="ffffffff" TextColor="ffc0c0c0" DT_VCENTER="1" DT_CENTER="1" NewControlDepth="2" TextId="Nameplates_Options" Text="" TooltipColor="" Tooltip=""/>
        <Control Class="Button" Base="CRB_Basekit:kitBtn_Metal_LargeGreen" Font="CRB_InterfaceMedium_B" ButtonType="PushButton" RadioGroup="" LAnchorPoint="0" LAnchorOffset="125" TAnchorPoint="1" TAnchorOffset="-67" RAnchorPoint="1" RAnchorOffset="-125" BAnchorPoint="1" BAnchorOffset="-16" DT_VCENTER="1" DT_CENTER="1" Name="OkButton" BGColor="ffffffff" TextColor="ffffffff" NewControlDepth="2" WindowSoundTemplate="TogglePhys02" TextId="CRB_OK" Text="" NormalTextColor="ff80ff80" PressedTextColor="ffffffff" FlybyTextColor="ffffffff" PressedFlybyTextColor="ffffffff" DisabledTextColor="ff4f4235" TooltipColor="">
            <Event Name="ButtonSignal" Function="OnOK"/>
        </Control>
        <Control Class="Button" Base="CRB_Basekit:kitBtn_Close" Font="Thick" ButtonType="PushButton" RadioGroup="" LAnchorPoint="1" LAnchorOffset="-34" TAnchorPoint="0" TAnchorOffset="9" RAnchorPoint="1" RAnchorOffset="-6" BAnchorPoint="0" BAnchorOffset="39" DT_VCENTER="1" DT_CENTER="1" Name="CloseButton" BGColor="ffffffff" TextColor="ffffffff" NewControlDepth="2" WindowSoundTemplate="CloseWindowPhys" Text="" TextId="" NormalTextColor="ffffffff" PressedTextColor="ffffffff" FlybyTextColor="ffffffff" PressedFlybyTextColor="ffffffff" DisabledTextColor="ffffffff" TooltipColor="">
            <Event Name="ButtonSignal" Function="OnCancel"/>
        </Control>
        <Control Class="Window" LAnchorPoint="0" LAnchorOffset="28" TAnchorPoint="0" TAnchorOffset="123" RAnchorPoint="1" RAnchorOffset="-30" BAnchorPoint="1" BAnchorOffset="-80" RelativeToClient="0" Font="Default" Text="" Template="CRB_Scroll_HoloLarge" Name="ContentMain" BGColor="ffffffff" TextColor="ffffffff" VScroll="1" TooltipColor="" Tooltip=""/>
        <Control Class="Window" LAnchorPoint="0" LAnchorOffset="28" TAnchorPoint="0" TAnchorOffset="123" RAnchorPoint="1" RAnchorOffset="-30" BAnchorPoint="1" BAnchorOffset="-80" RelativeToClient="0" Font="Default" Text="" Template="CRB_Scroll_HoloLarge" Name="ContentTarget" BGColor="ffffffff" TextColor="ffffffff" VScroll="1" TooltipColor=""/>
        <Control Class="Window" LAnchorPoint="0" LAnchorOffset="37" TAnchorPoint="0" TAnchorOffset="63" RAnchorPoint="1" RAnchorOffset="-37" BAnchorPoint="0" BAnchorOffset="108" RelativeToClient="1" Font="Default" Text="" Template="Default" TooltipType="OnCursor" Name="ContentToggleContainer" BGColor="ffffffff" TextColor="ffffffff" TooltipColor="">
            <Control Class="Button" Base="CRB_Basekit:kitBtn_Holo" Font="CRB_InterfaceMedium_B" ButtonType="Check" RadioGroup="NameplateOptionsTab" LAnchorPoint="0" LAnchorOffset="0" TAnchorPoint="0" TAnchorOffset="0" RAnchorPoint=".5" RAnchorOffset="-1" BAnchorPoint="1" BAnchorOffset="0" DT_VCENTER="1" DT_CENTER="1" TooltipType="OnCursor" Name="NormalViewCheck" BGColor="ffffffff" TextColor="ffffffff" TooltipColor="" NormalTextColor="UI_TextHoloBody" PressedTextColor="ffffffff" FlybyTextColor="ff31fcf6" PressedFlybyTextColor="ffffffff" DisabledTextColor="ff800000" GlobalRadioGroup="" RadioDisallowNonSelection="1" Text="" TextId="CRB_Normal">
                <Event Name="ButtonCheck" Function="OnNormalViewCheck"/>
            </Control>
            <Control Class="Button" Base="CRB_Basekit:kitBtn_Holo" Font="CRB_InterfaceMedium_B" ButtonType="Check" RadioGroup="NameplateOptionsTab" LAnchorPoint=".5" LAnchorOffset="1" TAnchorPoint="0" TAnchorOffset="0" RAnchorPoint="1" RAnchorOffset="0" BAnchorPoint="1" BAnchorOffset="0" DT_VCENTER="1" DT_CENTER="1" TooltipType="OnCursor" Name="TargetViewCheck" BGColor="ffffffff" TextColor="ffffffff" TooltipColor="" NormalTextColor="UI_TextHoloBody" PressedTextColor="ffffffff" FlybyTextColor="ff31fcf6" PressedFlybyTextColor="ffffffff" DisabledTextColor="ff800000" GlobalRadioGroup="" RadioDisallowNonSelection="1" Text="" TextId="Nameplates_Targeted">
                <Event Name="ButtonCheck" Function="OnTargetViewCheck"/>
            </Control>
        </Control>
    </Form>
    <Form Class="WorldFixedWindow" LAnchorPoint="SELF" LAnchorOffset="-125" TAnchorPoint="0" TAnchorOffset="-142" RAnchorPoint="0" RAnchorOffset="125" BAnchorPoint="0" BAnchorOffset="9" RelativeToClient="1" Font="Default" Text="" Template="Default" Name="GenericNameplate" Border="0" Picture="0" SwallowMouseClicks="1" Moveable="0" Escapable="0" Overlapped="1" BGColor="ffffffff" TextColor="ffffffff" IgnoreMouse="1" Visible="0" TransitionShowHide="0" DoNotBlockTooltip="1" TooltipColor="" Tooltip="">
        <Event Name="WorldLocationOnScreen" Function="OnWorldLocationOnScreen"/>
        <Event Name="UnitOcclusionChanged" Function="OnUnitOcclusionChanged"/>
        <Control Class="Window" LAnchorPoint=".5" LAnchorOffset="-36" TAnchorPoint="1" TAnchorOffset="-88" RAnchorPoint=".5" RAnchorOffset="36" BAnchorPoint="1" BAnchorOffset="-15" RelativeToClient="1" Font="Default" Text="" Template="Default" TooltipType="OnCursor" Name="CertainDeath" BGColor="ffffffff" TextColor="ffffffff" TooltipColor="" Picture="1" IgnoreMouse="1" Sprite="CRB_NameplateSprites:sprNp_CertainDeathMark" Visible="0"/>
        <Control Class="Window" LAnchorPoint="0" LAnchorOffset="0" TAnchorPoint="0" TAnchorOffset="0" RAnchorPoint="1" RAnchorOffset="0" BAnchorPoint="1" BAnchorOffset="0" RelativeToClient="1" Font="Default" Text="" Template="Default" Name="Container" BGColor="ffffffff" TextColor="ffffffff" Visible="1" TooltipColor="" Tooltip="" UseParentOpacity="0" IgnoreMouse="1">
            <Control Class="Window" LAnchorPoint=".5" LAnchorOffset="-10" TAnchorPoint="1" TAnchorOffset="-127" RAnchorPoint=".5" RAnchorOffset="10" BAnchorPoint="1" BAnchorOffset="-107" RelativeToClient="1" Font="Default" Text="" Template="Default" Name="TargetMarker" BGColor="ffffffff" TextColor="ffffffff" IgnoreMouse="1" Sprite="" Picture="1" Visible="0" TooltipColor=""/>
            <Control Class="Window" LAnchorPoint=".5" LAnchorOffset="-200" TAnchorPoint="1" TAnchorOffset="-103" RAnchorPoint=".5" RAnchorOffset="200" BAnchorPoint="1" BAnchorOffset="-80" RelativeToClient="1" Font="Default" Text="" Template="Default" Name="NameRewardContainer" BGColor="ffffffff" TextColor="ffffffff" Picture="0" IgnoreMouse="1" Sprite="whitefill" Visible="0" NoClip="1" TooltipColor="" Tooltip="">
                <Control Class="Window" LAnchorPoint="0" LAnchorOffset="0" TAnchorPoint="0" TAnchorOffset="7" RAnchorPoint="0" RAnchorOffset="400" BAnchorPoint="0" BAnchorOffset="22" RelativeToClient="1" Font="CRB_InterfaceMedium" Text="" Template="Default" Name="Name" BGColor="3fffffff" TextColor="ffffffff" DT_CENTER="1" TextId="" DT_VCENTER="0" Visible="0" Picture="0" IgnoreMouse="1" Sprite="WhiteFill" NoClip="1" DT_BOTTOM="1" TooltipColor="">
                    <Event Name="MouseButtonDown" Function="OnNameplateNameClick"/>
                </Control>
                <Control Class="Window" LAnchorPoint="0" LAnchorOffset="0" TAnchorPoint="0" TAnchorOffset="0" RAnchorPoint="0" RAnchorOffset="22" BAnchorPoint="0" BAnchorOffset="22" RelativeToClient="1" Font="CRB_InterfaceMedium_O" Text="" Template="Default" Name="QuestRewards" BGColor="ffffffff" TextColor="ffffffff" DT_CENTER="0" TextId="" DT_VCENTER="1" Visible="0" Picture="1" IgnoreMouse="1" Sprite="" NoClip="1" TooltipColor=""/>
            </Control>
            <Control Class="Window" LAnchorPoint=".5" LAnchorOffset="-150" TAnchorPoint="1" TAnchorOffset="-86" RAnchorPoint=".5" RAnchorOffset="150" BAnchorPoint="1" BAnchorOffset="-71" RelativeToClient="1" Font="CRB_InterfaceMedium" Text="" Template="Default" Name="GuildContainer" BGColor="2fffffff" TextColor="ffffffff" TextId="" DT_CENTER="1" DT_BOTTOM="1" Picture="0" IgnoreMouse="1" Sprite="whitefill" Visible="0" DT_VCENTER="1" NoClip="1" TooltipColor=""/>
            <Control Class="Window" LAnchorPoint=".5" LAnchorOffset="-65" TAnchorPoint="1" TAnchorOffset="-71" RAnchorPoint=".5" RAnchorOffset="65" BAnchorPoint="1" BAnchorOffset="-52" RelativeToClient="1" Font="CRB_Pixel_O" Text="" Template="Default" Name="Health" BGColor="ffffffff" TextColor="ffffffff" Visible="0" TextId="" Picture="1" IgnoreMouse="1" Sprite="CRB_NameplateSprites:sprNp_Health_Backer" DT_CENTER="1" DT_VCENTER="1" TooltipColor="" Tooltip="">
                <Control Class="Window" Text="" LAnchorPoint="0" LAnchorOffset="26" TAnchorPoint="0" TAnchorOffset="3" RAnchorPoint="0" RAnchorOffset="127" BAnchorPoint="0" BAnchorOffset="14" AutoSetText="0" UseValues="0" RelativeToClient="1" SetTextToProgress="0" DT_CENTER="1" DT_VCENTER="1" ProgressFull="CRB_NameplateSprites:sprNp_HealthBarHostile" Name="MaxHealth" BGColor="ffffffff" TextColor="ffffffff" Sprite="CRB_NameplateSprites:sprNp_Health_FillGreen" Picture="1" IgnoreMouse="1" NeverBringToFront="0" TooltipColor="" BarColor=""/>
                <Control Class="Window" LAnchorPoint="0" LAnchorOffset="26" TAnchorPoint="0" TAnchorOffset="3" RAnchorPoint="0" RAnchorOffset="127" BAnchorPoint="0" BAnchorOffset="14" RelativeToClient="1" Font="CRB_Pixel_O" Text="" Template="Default" Name="MaxAbsorb" BGColor="ffaaaaaa" TextColor="ffffffff" Visible="0" TextId="" Picture="1" IgnoreMouse="1" Sprite="CRB_NameplateSprites:sprNp_Health_FillBack" DT_CENTER="1" DT_VCENTER="1" TooltipColor="" HideInEditor="0">
                    <Control Class="ProgressBar" Text="" LAnchorPoint="0" LAnchorOffset="0" TAnchorPoint="0" TAnchorOffset="0" RAnchorPoint="1" RAnchorOffset="0" BAnchorPoint="1" BAnchorOffset="0" AutoSetText="0" UseValues="0" RelativeToClient="1" SetTextToProgress="0" DT_CENTER="1" DT_VCENTER="1" ProgressFull="sprNp_Health_FillShield" Name="AbsorbFill" BGColor="ffffffff" TextColor="ffffffff" Sprite="" Picture="0" IgnoreMouse="1" NeverBringToFront="0" TooltipColor="" BarColor="" HideInEditor="0"/>
                </Control>
                <Control Class="Window" LAnchorPoint="0" LAnchorOffset="26" TAnchorPoint="0" TAnchorOffset="3" RAnchorPoint="0" RAnchorOffset="127" BAnchorPoint="0" BAnchorOffset="14" RelativeToClient="1" Font="CRB_Pixel_O" Text="" Template="Default" Name="MaxShield" BGColor="ffaaaaaa" TextColor="ffffffff" Visible="0" TextId="" Picture="1" IgnoreMouse="1" Sprite="sprNp_Health_FillBack" DT_CENTER="1" DT_VCENTER="1" TooltipColor="" HideInEditor="0">
                    <Control Class="ProgressBar" Text="" LAnchorPoint="0" LAnchorOffset="0" TAnchorPoint="0" TAnchorOffset="0" RAnchorPoint="1" RAnchorOffset="0" BAnchorPoint="1" BAnchorOffset="0" AutoSetText="0" UseValues="0" RelativeToClient="1" SetTextToProgress="0" DT_CENTER="1" DT_VCENTER="1" ProgressFull="sprNp_Health_FillBlue" Name="ShieldFill" BGColor="ffffffff" TextColor="ffffffff" Sprite="" Picture="0" IgnoreMouse="1" NeverBringToFront="0" TooltipColor="" BarColor="" ProgressEmpty="CRB_NameplateSprites:sprNp_Health_FillShieldBack"/>
                </Control>
                <Control Class="Window" LAnchorPoint="0" LAnchorOffset="22" TAnchorPoint="0" TAnchorOffset="3" RAnchorPoint="1" RAnchorOffset="-1" BAnchorPoint="1" BAnchorOffset="0" RelativeToClient="1" Font="CRB_Pixel_O" Text="123" Template="Default" Name="HealthLabel" BGColor="ffffffff" TextColor="bdffffff" DT_CENTER="1" DT_VCENTER="0" TooltipColor="" NewControlDepth="1" Visible="1" Tooltip="" IgnoreMouse="1" TextId="" DT_BOTTOM="0"/>
                <Control Class="Window" Name="TargetScalingMark" Text="" DT_CENTER="1" DT_VCENTER="1" Font="CRB_InterfaceMedium_B" RelativeToClient="1" Picture="1" NewControlDepth="3" BGColor="ffffffff" TextColor="ffcdba96" LAnchorPoint="0" LAnchorOffset="0" TAnchorPoint="0" TAnchorOffset="-1" RAnchorPoint="0" RAnchorOffset="22" BAnchorPoint="0" BAnchorOffset="17" HideInEditor="0" TextId="" Tooltip="" TooltipId="CRB_TargetFrame_TargetLevel" TooltipType="OnCursor" TooltipColor="" DT_RIGHT="0" IgnoreMouse="1" IgnoreTooltipDelay="1" Sprite="CRB_TargetFrameSprites:sprTF_ScalingMark" Visible="0"/>
                <Control Class="Window" LAnchorPoint="0" LAnchorOffset="1" TAnchorPoint="0" TAnchorOffset="3" RAnchorPoint="0" RAnchorOffset="20" BAnchorPoint="1" BAnchorOffset="-3" RelativeToClient="1" Font="CRB_Pixel_O" Text="" Template="Default" TooltipType="OnCursor" Name="Level" BGColor="ffffffff" TextColor="ffffffff" TooltipColor="" Picture="1" IgnoreMouse="1" Sprite="" TextId="" DT_VCENTER="0" DT_CENTER="1"/>
            </Control>
            <Control Class="Window" LAnchorPoint=".5" LAnchorOffset="-65" TAnchorPoint="1" TAnchorOffset="-47" RAnchorPoint=".5" RAnchorOffset="65" BAnchorPoint="1" BAnchorOffset="-41" RelativeToClient="1" Font="Default" Text="" Template="Default" Name="Vulnerable" BGColor="ffffffff" TextColor="ffffffff" Visible="0" TextId="" TooltipColor="" Picture="1" IgnoreMouse="1" Sprite="CRB_NameplateSprites:sprNp_Vuln_Back" Tooltip="">
                <Control Class="ProgressBar" Text="" LAnchorPoint="0" LAnchorOffset="2" TAnchorPoint="0" TAnchorOffset="0" RAnchorPoint="1" RAnchorOffset="-2" BAnchorPoint="1" BAnchorOffset="0" AutoSetText="0" UseValues="0" RelativeToClient="1" SetTextToProgress="0" DT_CENTER="1" DT_VCENTER="1" ProgressFull="CRB_NameplateSprites:sprNp_Vuln_PurpleFill" Name="VulnFill" BGColor="ffffffff" TextColor="ffffffff" Sprite="" Picture="0" IgnoreMouse="1" TooltipColor="" BarColor="" ProgressEdgeGlow="CRB_NameplateSprites:sprNp_Vuln_Cap" EdgeGlow="1" NoClipEdgeGlow="1"/>
            </Control>
            <Control Class="Window" LAnchorPoint=".5" LAnchorOffset="-63" TAnchorPoint="1" TAnchorOffset="-37" RAnchorPoint=".5" RAnchorOffset="63" BAnchorPoint="1" BAnchorOffset="-14" RelativeToClient="1" Font="CRB_Pixel_O" Text="" Template="Default" Name="CastBar" BGColor="ffffffff" TextColor="ffffffff" Visible="0" TextId="" Picture="1" IgnoreMouse="1" Sprite="CRB_TargetFrameSprites:sprTF_CastBaseOrange" TooltipColor="">
                <Control Class="ProgressBar" Text="" LAnchorPoint="0" LAnchorOffset="8" TAnchorPoint="0" TAnchorOffset="5" RAnchorPoint="1" RAnchorOffset="-8" BAnchorPoint="0" BAnchorOffset="19" AutoSetText="0" UseValues="0" RelativeToClient="1" SetTextToProgress="0" DT_CENTER="1" DT_VCENTER="1" ProgressFull="CRB_TargetFrameSprites:sprTF_CastMeterOrange" Name="CastFill" BGColor="ffffffff" TextColor="ffffffff" Sprite="" EdgeGlow="1" ProgressEdgeGlow="CRB_TargetFrameSprites:sprTF_CastMeterCapOrng" IgnoreMouse="1"/>
                <Control Class="Window" LAnchorPoint="0" LAnchorOffset="-100" TAnchorPoint="0" TAnchorOffset="3" RAnchorPoint="1" RAnchorOffset="100" BAnchorPoint="0" BAnchorOffset="18" RelativeToClient="1" Font="CRB_Pixel_O" Text="" Template="Default" Name="Label" BGColor="ffffac00" TextColor="ffffffff" TextId="" IgnoreMouse="1" NoClip="1" DT_VCENTER="1" DT_CENTER="1" TooltipColor=""/>
            </Control>
        </Control>
    </Form>
    <Form Class="Window" LAnchorPoint="0" LAnchorOffset="0" TAnchorPoint="0" TAnchorOffset="0" RAnchorPoint="0" RAnchorOffset="22" BAnchorPoint="0" BAnchorOffset="22" RelativeToClient="0" Font="Default" Text="" Template="Default" Name="RewardIcon" Border="0" Picture="1" SwallowMouseClicks="1" Moveable="0" Escapable="0" Overlapped="0" BGColor="ffffffff" TextColor="ffffffff" TooltipType="NavText" IgnoreTooltipDelay="1" Visible="0" TooltipColor="" Tooltip="">
        <Control Class="Window" LAnchorPoint="0" LAnchorOffset="0" TAnchorPoint="0" TAnchorOffset="0" RAnchorPoint="1" RAnchorOffset="0" BAnchorPoint="1" BAnchorOffset="0" RelativeToClient="1" Font="Default" Text="" Template="Default" Name="Single" BGColor="ffffffff" TextColor="ffffffff" Sprite="CRB_TargetFrameRewardPanelSprites:sprTargetFrame_ActiveQuest" Picture="1" IgnoreMouse="1" Visible="1" HideInEditor="1" TooltipColor="" Tooltip=""/>
        <Control Class="Window" LAnchorPoint="0" LAnchorOffset="0" TAnchorPoint="0" TAnchorOffset="0" RAnchorPoint="1" RAnchorOffset="0" BAnchorPoint="1" BAnchorOffset="0" RelativeToClient="1" Font="Default" Text="" Template="Default" Name="Multi" BGColor="ffffffff" TextColor="ffffffff" Sprite="CRB_TargetFrameRewardPanelSprites:sprTargetFrame_ActiveQuestMulti" Picture="1" IgnoreMouse="1" Visible="0" HideInEditor="1" NewWindowDepth="1" TooltipColor=""/>
        <Control Class="Window" LAnchorPoint="0" LAnchorOffset="0" TAnchorPoint="0" TAnchorOffset="0" RAnchorPoint="1" RAnchorOffset="-1" BAnchorPoint="1" BAnchorOffset="-3" RelativeToClient="1" Font="CRB_InterfaceLarge_BO" Text="" Template="Default" Name="Bind" BGColor="ffffffff" TextColor="ffffcc00" TextId="" NewWindowDepth="1" DT_VCENTER="0" DT_CENTER="1" Picture="0" IgnoreMouse="1" Sprite="" NoClip="1" DT_BOTTOM="1" Visible="1" TooltipColor="" HideInEditor="1"/>
        <Control Class="Window" LAnchorPoint="0" LAnchorOffset="0" TAnchorPoint="0" TAnchorOffset="0" RAnchorPoint="1" RAnchorOffset="1" BAnchorPoint="1" BAnchorOffset="1" RelativeToClient="1" Font="CRB_InterfaceLarge_BO" Text="" Template="Default" Name="TargetMark" BGColor="ffffffff" TextColor="ffffffff" TextId="" NewWindowDepth="1" DT_VCENTER="1" DT_CENTER="1" Picture="1" IgnoreMouse="1" Sprite="CRB_MinimapSprites:sprMM_TargetObjective" Visible="0" HideInEditor="1" TooltipColor=""/>
    </Form>
    <Form Class="Window" LAnchorPoint="0" LAnchorOffset="0" TAnchorPoint="0" TAnchorOffset="0" RAnchorPoint="0" RAnchorOffset="422" BAnchorPoint="0" BAnchorOffset="969" RelativeToClient="1" Font="Default" Text="" Template="Default" Name="StandardModule" BGColor="ffffffff" TextColor="ffffffff" Picture="0" IgnoreMouse="1" Sprite="CRB_UIKitSprites:spr_innerframePLAIN" TooltipColor="" HideInEditor="0" Overlapped="1" Tooltip="">
        <Control Class="Window" LAnchorPoint="0" LAnchorOffset="0" TAnchorPoint="0" TAnchorOffset="0" RAnchorPoint="1" RAnchorOffset="0" BAnchorPoint="0" BAnchorOffset="375" RelativeToClient="1" Font="Default" Text="" Template="Default" Name="ShowOptionsBacker" BGColor="ffffffffff" TextColor="ffffffff" Picture="1" IgnoreMouse="1" Sprite="CRB_Basekit:kitBase_HoloBlue_Small" TooltipColor="" HideInEditor="0" BottomEdgeControlsAnchor="NameplateO_ShowOptionsBacker_Bottom">
            <Control Class="Window" LAnchorPoint="0" LAnchorOffset="20" TAnchorPoint="1" TAnchorOffset="-38" RAnchorPoint="1" RAnchorOffset="-8" BAnchorPoint="1" BAnchorOffset="-18" RelativeToClient="1" Font="CRB_InterfaceMedium" Text="" Template="Default" Name="DrawDistanceLabel" BGColor="ffffffff" TextColor="UI_TextHoloBody" TextId="Nameplates_DrawDistanceLabel" DT_VCENTER="1" DT_CENTER="0" TooltipColor=""/>
            <Control Class="Button" Base="CRB_Basekit:kitBtn_List_HoloRadio" Font="CRB_InterfaceMedium" ButtonType="Check" RadioGroup="" LAnchorPoint="0" LAnchorOffset="38" TAnchorPoint="0" TAnchorOffset="54" RAnchorPoint="1" RAnchorOffset="-38" BAnchorPoint="0" BAnchorOffset="80" DT_VCENTER="1" DT_CENTER="0" Name="MainShowObjectives" BGColor="ffffffff" TextColor="ffffffff" NormalTextColor="UI_TextHoloBody" PressedTextColor="ff31fcf6" FlybyTextColor="UI_TextHoloBody" PressedFlybyTextColor="ff31fcf6" DisabledTextColor="ff800000" Template="CRB_Normal" NewControlDepth="3" Text="" TextId="Nameplates_UnitsWithObjectives" DT_WORDBREAK="1" RadioDisallowNonSelection="0" DrawAsCheckbox="0" TooltipColor="">
                <Event Name="ButtonCheck" Function="OnGenericSingleCheck"/>
                <Event Name="ButtonUncheck" Function="OnGenericSingleCheck"/>
            </Control>
            <Control Class="Button" Base="CRB_Basekit:kitBtn_List_HoloRadio" Font="CRB_InterfaceMedium" ButtonType="Check" RadioGroup="" LAnchorPoint="0" LAnchorOffset="38" TAnchorPoint="0" TAnchorOffset="80" RAnchorPoint="1" RAnchorOffset="-38" BAnchorPoint="0" BAnchorOffset="106" DT_VCENTER="1" DT_CENTER="0" Name="MainShowGroup" BGColor="ffffffff" TextColor="ffffffff" NormalTextColor="UI_TextHoloBody" PressedTextColor="ff31fcf6" FlybyTextColor="UI_TextHoloBody" PressedFlybyTextColor="ff31fcf6" DisabledTextColor="ff800000" Template="CRB_Normal" NewControlDepth="3" Text="" TextId="Nameplates_GroupMembers" RadioDisallowNonSelection="0" DrawAsCheckbox="0" TooltipColor="">
                <Event Name="ButtonCheck" Function="OnGenericSingleCheck"/>
                <Event Name="ButtonUncheck" Function="OnGenericSingleCheck"/>
            </Control>
            <Control Class="Button" Base="CRB_Basekit:kitBtn_List_HoloRadio" Font="CRB_InterfaceMedium" ButtonType="Check" RadioGroup="" LAnchorPoint="0" LAnchorOffset="38" TAnchorPoint="0" TAnchorOffset="106" RAnchorPoint="1" RAnchorOffset="-38" BAnchorPoint="0" BAnchorOffset="132" DT_VCENTER="1" DT_CENTER="0" Name="MainShowMine" BGColor="ffffffff" TextColor="ffffffff" NormalTextColor="UI_TextHoloBody" PressedTextColor="ff31fcf6" FlybyTextColor="UI_TextHoloBody" PressedFlybyTextColor="ff31fcf6" DisabledTextColor="ff800000" Template="CRB_Normal" NewControlDepth="3" Text="" TextId="Nameplates_MyNameplate" DT_WORDBREAK="1" RadioDisallowNonSelection="0" DrawAsCheckbox="0" TooltipColor="">
                <Event Name="ButtonCheck" Function="OnGenericSingleCheck"/>
                <Event Name="ButtonUncheck" Function="OnGenericSingleCheck"/>
            </Control>
            <Control Class="Button" Base="CRB_Basekit:kitBtn_List_HoloRadio" Font="CRB_InterfaceMedium" ButtonType="Check" RadioGroup="" LAnchorPoint="0" LAnchorOffset="38" TAnchorPoint="0" TAnchorOffset="132" RAnchorPoint="1" RAnchorOffset="-38" BAnchorPoint="0" BAnchorOffset="158" DT_VCENTER="1" DT_CENTER="0" Name="MainShowOrganization" BGColor="ffffffff" TextColor="ffffffff" NormalTextColor="UI_TextHoloBody" PressedTextColor="ff31fcf6" FlybyTextColor="UI_TextHoloBody" PressedFlybyTextColor="ff31fcf6" DisabledTextColor="ff800000" Template="CRB_Normal" NewControlDepth="3" Text="" TextId="Nameplates_ShowOrganization" DT_WORDBREAK="1" RadioDisallowNonSelection="0" DrawAsCheckbox="0" TooltipColor="" BottomEdgeControlsAnchor="Nameplates_MainShowOrganization_Bottom">
                <Event Name="ButtonCheck" Function="OnGenericSingleCheck"/>
                <Event Name="ButtonUncheck" Function="OnGenericSingleCheck"/>
            </Control>
            <Control Class="Button" Base="CRB_Basekit:kitBtn_List_HoloRadio" Font="CRB_InterfaceMedium" ButtonType="Check" RadioGroup="" LAnchorPoint="0" LAnchorOffset="38" TAnchorPoint="Nameplates_MainShowOrganization_Bottom" TAnchorOffset="0" RAnchorPoint="1" RAnchorOffset="-38" BAnchorPoint="Nameplates_MainShowOrganization_Bottom" BAnchorOffset="26" DT_VCENTER="1" DT_CENTER="0" Name="MainShowVendors" BGColor="ffffffff" TextColor="ffffffff" NormalTextColor="UI_TextHoloBody" PressedTextColor="ff31fcf6" FlybyTextColor="UI_TextHoloBody" PressedFlybyTextColor="ff31fcf6" DisabledTextColor="ff800000" Template="CRB_Normal" NewControlDepth="3" Text="" TextId="Nameplates_ShowVendors" DT_WORDBREAK="1" RadioDisallowNonSelection="0" DrawAsCheckbox="0" TooltipColor="" BottomEdgeControlsAnchor="Nameplates_MainShowVendors_Bottom">
                <Event Name="ButtonCheck" Function="OnGenericSingleCheck"/>
                <Event Name="ButtonUncheck" Function="OnGenericSingleCheck"/>
            </Control>
            <Control Class="Button" Base="CRB_Basekit:kitBtn_List_HoloRadio" Font="CRB_InterfaceMedium" ButtonType="Check" RadioGroup="" LAnchorPoint="0" LAnchorOffset="38" TAnchorPoint="Nameplates_MainShowVendors_Bottom" TAnchorOffset="0" RAnchorPoint="1" RAnchorOffset="-38" BAnchorPoint="Nameplates_MainShowVendors_Bottom" BAnchorOffset="26" DT_VCENTER="1" DT_CENTER="0" Name="MainShowTaxis" BGColor="ffffffff" TextColor="ffffffff" NormalTextColor="UI_TextHoloBody" PressedTextColor="ff31fcf6" FlybyTextColor="UI_TextHoloBody" PressedFlybyTextColor="ff31fcf6" DisabledTextColor="ff800000" Template="CRB_Normal" NewControlDepth="3" Text="" TextId="Nameplates_ShowTaxis" DT_WORDBREAK="1" RadioDisallowNonSelection="0" DrawAsCheckbox="0" TooltipColor="">
                <Event Name="ButtonCheck" Function="OnGenericSingleCheck"/>
                <Event Name="ButtonUncheck" Function="OnGenericSingleCheck"/>
            </Control>
            <Control Class="Button" Base="CRB_Basekit:kitBtn_List_HoloRadio" Font="CRB_InterfaceMedium" ButtonType="Check" RadioGroup="" LAnchorPoint="0" LAnchorOffset="38" TAnchorPoint="1" TAnchorOffset="-155" RAnchorPoint="1" RAnchorOffset="-38" BAnchorPoint="1" BAnchorOffset="-129" DT_VCENTER="1" DT_CENTER="0" Name="MainShowDisposition_1" BGColor="ffffffff" TextColor="ffffffff" NormalTextColor="UI_TextHoloBody" PressedTextColor="ff31fcf6" FlybyTextColor="UI_TextHoloBody" PressedFlybyTextColor="ff31fcf6" DisabledTextColor="ff800000" Template="CRB_Normal" NewControlDepth="3" Text="" TextId="Nameplates_HostileUnits" RadioDisallowNonSelection="0" DrawAsCheckbox="0" TooltipColor="" BottomEdgeControlsAnchor="MainShowDisposition_1_Bottom">
                <Event Name="ButtonCheck" Function="OnGenericSingleCheck"/>
                <Event Name="ButtonUncheck" Function="OnGenericSingleCheck"/>
            </Control>
            <Control Class="Button" Base="CRB_Basekit:kitBtn_List_HoloRadio" Font="CRB_InterfaceMedium" ButtonType="Check" RadioGroup="" LAnchorPoint="0" LAnchorOffset="38" TAnchorPoint="MainShowDisposition_1_Bottom" TAnchorOffset="0" RAnchorPoint="1" RAnchorOffset="-38" BAnchorPoint="MainShowDisposition_1_Bottom" BAnchorOffset="26" DT_VCENTER="1" DT_CENTER="0" Name="MainShowDisposition_2" BGColor="ffffffff" TextColor="ffffffff" NormalTextColor="UI_TextHoloBody" PressedTextColor="ff31fcf6" FlybyTextColor="UI_TextHoloBody" PressedFlybyTextColor="ff31fcf6" DisabledTextColor="ff800000" Template="CRB_Normal" NewControlDepth="3" Text="" TextId="Nameplates_NeutralUnits" RadioDisallowNonSelection="0" DrawAsCheckbox="0" TooltipColor="" BottomEdgeControlsAnchor="MainShowDisposition_2_Bottom">
                <Event Name="ButtonCheck" Function="OnGenericSingleCheck"/>
                <Event Name="ButtonUncheck" Function="OnGenericSingleCheck"/>
            </Control>
            <Control Class="Button" Base="CRB_Basekit:kitBtn_List_HoloRadio" Font="CRB_InterfaceMedium" ButtonType="Check" RadioGroup="" LAnchorPoint="0" LAnchorOffset="38" TAnchorPoint="MainShowDisposition_2_Bottom" TAnchorOffset="0" RAnchorPoint="1" RAnchorOffset="-38" BAnchorPoint="MainShowDisposition_2_Bottom" BAnchorOffset="26" DT_VCENTER="1" DT_CENTER="0" Name="MainShowDisposition_3" BGColor="ffffffff" TextColor="ffffffff" NormalTextColor="UI_TextHoloBody" PressedTextColor="ff31fcf6" FlybyTextColor="UI_TextHoloBody" PressedFlybyTextColor="ff31fcf6" DisabledTextColor="ff800000" Template="CRB_Normal" NewControlDepth="3" Text="" TextId="Nameplates_FriendlyUnits" RadioDisallowNonSelection="0" DrawAsCheckbox="0" TooltipColor="" BottomEdgeControlsAnchor="MainShowDisposition_3_Bottom">
                <Event Name="ButtonCheck" Function="OnGenericSingleCheck"/>
                <Event Name="ButtonUncheck" Function="OnGenericSingleCheck"/>
            </Control>
            <Control Class="Button" Base="CRB_Basekit:kitBtn_List_HoloRadio" Font="CRB_InterfaceMedium" ButtonType="Check" RadioGroup="" LAnchorPoint="0" LAnchorOffset="38" TAnchorPoint="MainShowDisposition_3_Bottom" TAnchorOffset="0" RAnchorPoint="1" RAnchorOffset="-38" BAnchorPoint="MainShowDisposition_3_Bottom" BAnchorOffset="26" DT_VCENTER="1" DT_CENTER="0" Name="MainShowDisposition_FriendlyPlayer" BGColor="ffffffff" TextColor="ffffffff" NormalTextColor="UI_TextHoloBody" PressedTextColor="ff31fcf6" FlybyTextColor="UI_TextHoloBody" PressedFlybyTextColor="ff31fcf6" DisabledTextColor="ff800000" Template="CRB_Normal" NewControlDepth="3" Text="" TextId="Nameplates_FriendlyPlayers" RadioDisallowNonSelection="0" DrawAsCheckbox="0" TooltipColor="">
                <Event Name="ButtonCheck" Function="OnGenericSingleCheck"/>
                <Event Name="ButtonUncheck" Function="OnGenericSingleCheck"/>
            </Control>
            <Control Class="SliderBar" LAnchorPoint="0" LAnchorOffset="185" TAnchorPoint="1" TAnchorOffset="-37" RAnchorPoint="0" RAnchorOffset="391" BAnchorPoint="1" BAnchorOffset="-16" RelativeToClient="0" Font="Default" Text="" Template="CRB_Scroll_HoloLarge" Name="DrawDistanceSlider" BGColor="ffffffff" TextColor="ffffffff" LeftCap="" RightCap="" NewControlDepth="3" Picture="0" Visible="1" HideInEditor="0" TickAmount="5.000000" InitialValue="70.000000" Min="50" Max="150" InstantMouseReact="0" TextId="" TooltipColor="">
                <Event Name="SliderBarChanged" Function="OnDrawDistanceSlider"/>
            </Control>
            <Pixie LAnchorPoint="0" LAnchorOffset="163" TAnchorPoint="1" TAnchorOffset="-44" RAnchorPoint="1" RAnchorOffset="-12" BAnchorPoint="1" BAnchorOffset="-12" BGColor="ffffffff" Font="Default" TextColor="ffffffff" Text="" TextId="" Sprite="CRB_Basekit:kitInnerFrame_Holo_InputBox" Line="0"/>
            <Pixie LAnchorPoint="1" LAnchorOffset="-30" TAnchorPoint="1" TAnchorOffset="-38" RAnchorPoint="1" RAnchorOffset="-15" BAnchorPoint="1" BAnchorOffset="-19" BGColor="ffffffff" Font="CRB_InterfaceLarge_B" TextColor="UI_TextHoloBody" Text="" TextId="CRB__1" DT_CENTER="0" DT_VCENTER="1" Line="0"/>
            <Pixie LAnchorPoint="0" LAnchorOffset="175" TAnchorPoint="1" TAnchorOffset="-38" RAnchorPoint="0" RAnchorOffset="192" BAnchorPoint="1" BAnchorOffset="-19" BGColor="ffffffff" Font="CRB_InterfaceLarge_B" TextColor="UI_TextHoloBody" Text="" TextId="CRB__11" DT_CENTER="0" DT_VCENTER="1" Line="0"/>
            <Pixie LAnchorPoint="0" LAnchorOffset="0" TAnchorPoint="0" TAnchorOffset="0" RAnchorPoint="1" RAnchorOffset="0" BAnchorPoint="0" BAnchorOffset="32" BGColor="ffffffff" Font="CRB_HeaderSmall" TextColor="ff7fffb9" Text="" TextId="Nameplates_ViewOptions" DT_CENTER="1" DT_VCENTER="0" DT_BOTTOM="1" Line="0"/>
        </Control>
        <Control Class="Window" LAnchorPoint="0" LAnchorOffset="0" TAnchorPoint="NameplateO_ShowOptionsBacker_Bottom" TAnchorOffset="10" RAnchorPoint="1" RAnchorOffset="0" BAnchorPoint="NameplateO_ShowOptionsBacker_Bottom" BAnchorOffset="213" RelativeToClient="1" Font="Default" Text="" Template="Default" Name="IndividualPanel" BGColor="ffffffff" TextColor="ffffffff" Picture="1" IgnoreMouse="1" Sprite="CRB_Basekit:kitBase_HoloBlue_Small" TooltipColor="" HideInEditor="0" BottomEdgeControlsAnchor="Nameplates_IndividualPanel_Bottom">
            <Pixie LAnchorPoint="0" LAnchorOffset="0" TAnchorPoint="0" TAnchorOffset="0" RAnchorPoint="1" RAnchorOffset="0" BAnchorPoint="0" BAnchorOffset="32" BGColor="ffffffff" Font="CRB_HeaderSmall" TextColor="ff7fffb9" Text="" TextId="Nameplates_IndividualNameplate" DT_CENTER="1" DT_VCENTER="0" DT_BOTTOM="1" Line="0"/>
            <Control Class="Button" Base="CRB_Basekit:kitBtn_List_HoloRadio" Font="CRB_InterfaceMedium" ButtonType="Check" RadioGroup="" LAnchorPoint="0" LAnchorOffset="38" TAnchorPoint="0" TAnchorOffset="41" RAnchorPoint="1" RAnchorOffset="-38" BAnchorPoint="0" BAnchorOffset="67" DT_VCENTER="1" DT_CENTER="0" Name="IndividualShowName" BGColor="ffffffff" TextColor="ffffffff" NormalTextColor="UI_TextHoloBody" PressedTextColor="ff31fcf6" FlybyTextColor="UI_TextHoloBody" PressedFlybyTextColor="ff31fcf6" DisabledTextColor="ff800000" Template="CRB_Normal" NewControlDepth="3" Text="" TextId="Nameplates_ShowName" DT_WORDBREAK="1" RadioDisallowNonSelection="0" DrawAsCheckbox="0" TooltipColor="" BottomEdgeControlsAnchor="Nameplates_IndividualShowName_Bottom">
                <Event Name="ButtonCheck" Function="OnGenericSingleCheck"/>
                <Event Name="ButtonUncheck" Function="OnGenericSingleCheck"/>
            </Control>
            <Control Class="Button" Base="CRB_Basekit:kitBtn_List_HoloRadio" Font="CRB_InterfaceMedium" ButtonType="Check" RadioGroup="" LAnchorPoint="0" LAnchorOffset="38" TAnchorPoint="Nameplates_IndividualShowName_Bottom" TAnchorOffset="0" RAnchorPoint="1" RAnchorOffset="-38" BAnchorPoint="Nameplates_IndividualShowName_Bottom" BAnchorOffset="26" DT_VCENTER="1" DT_CENTER="0" Name="IndividualShowAffiliation" BGColor="ffffffff" TextColor="ffffffff" NormalTextColor="UI_TextHoloBody" PressedTextColor="ff31fcf6" FlybyTextColor="UI_TextHoloBody" PressedFlybyTextColor="ff31fcf6" DisabledTextColor="ff800000" Template="CRB_Normal" NewControlDepth="3" Text="" TextId="Nameplates_ShowAffiliation" DT_WORDBREAK="1" RadioDisallowNonSelection="0" DrawAsCheckbox="0" TooltipColor="" BottomEdgeControlsAnchor="Nameplates_IndividualShowAffiliation_Bottom">
                <Event Name="ButtonCheck" Function="OnGenericSingleCheck"/>
                <Event Name="ButtonUncheck" Function="OnGenericSingleCheck"/>
            </Control>
            <Control Class="Button" Base="CRB_Basekit:kitBtn_List_HoloRadio" Font="CRB_InterfaceMedium" ButtonType="Check" RadioGroup="" LAnchorPoint="0" LAnchorOffset="38" TAnchorPoint="Nameplates_IndividualShowAffiliation_Bottom" TAnchorOffset="0" RAnchorPoint="1" RAnchorOffset="-38" BAnchorPoint="Nameplates_IndividualShowAffiliation_Bottom" BAnchorOffset="26" DT_VCENTER="1" DT_CENTER="0" Name="IndividualShowCastBar" BGColor="ffffffff" TextColor="ffffffff" NormalTextColor="UI_TextHoloBody" PressedTextColor="ff31fcf6" FlybyTextColor="UI_TextHoloBody" PressedFlybyTextColor="ff31fcf6" DisabledTextColor="ff800000" Template="CRB_Normal" NewControlDepth="3" Text="" TextId="Nameplates_ShowCastBar" DT_WORDBREAK="1" RadioDisallowNonSelection="0" DrawAsCheckbox="0" TooltipColor="" BottomEdgeControlsAnchor="Nameplates_IndividualShowCastBar_Bottom">
                <Event Name="ButtonCheck" Function="OnGenericSingleCheck"/>
                <Event Name="ButtonUncheck" Function="OnGenericSingleCheck"/>
            </Control>
            <Control Class="Button" Base="CRB_Basekit:kitBtn_List_HoloRadio" Font="CRB_InterfaceMedium" ButtonType="Check" RadioGroup="" LAnchorPoint="0" LAnchorOffset="38" TAnchorPoint="Nameplates_IndividualShowCastBar_Bottom" TAnchorOffset="0" RAnchorPoint="1" RAnchorOffset="-38" BAnchorPoint="Nameplates_IndividualShowCastBar_Bottom" BAnchorOffset="26" DT_VCENTER="1" DT_CENTER="0" Name="IndividualShowCertainDeath" BGColor="ffffffff" TextColor="ffffffff" NormalTextColor="UI_TextHoloBody" PressedTextColor="ff31fcf6" FlybyTextColor="UI_TextHoloBody" PressedFlybyTextColor="ff31fcf6" DisabledTextColor="ff800000" Template="CRB_Normal" NewControlDepth="3" Text="" TextId="Nameplates_ShowCertainDeath" DT_WORDBREAK="1" RadioDisallowNonSelection="0" DrawAsCheckbox="0" TooltipColor="" BottomEdgeControlsAnchor="Nameplates_IndividualShowCertainDeath_Bottom">
                <Event Name="ButtonCheck" Function="OnGenericSingleCheck"/>
                <Event Name="ButtonUncheck" Function="OnGenericSingleCheck"/>
            </Control>
            <Control Class="Button" Base="CRB_Basekit:kitBtn_List_HoloRadio" Font="CRB_InterfaceMedium" ButtonType="Check" RadioGroup="" LAnchorPoint="0" LAnchorOffset="38" TAnchorPoint="Nameplates_IndividualShowCertainDeath_Bottom" TAnchorOffset="0" RAnchorPoint="1" RAnchorOffset="-38" BAnchorPoint="Nameplates_IndividualShowCertainDeath_Bottom" BAnchorOffset="26" DT_VCENTER="1" DT_CENTER="0" Name="IndividualShowRewardIcons" BGColor="ffffffff" TextColor="ffffffff" NormalTextColor="UI_TextHoloBody" PressedTextColor="ff31fcf6" FlybyTextColor="UI_TextHoloBody" PressedFlybyTextColor="ff31fcf6" DisabledTextColor="ff800000" Template="CRB_Normal" NewControlDepth="3" Text="" TextId="Nameplates_ShowRewardIcons" DT_WORDBREAK="1" RadioDisallowNonSelection="0" DrawAsCheckbox="0" TooltipColor="" BottomEdgeControlsAnchor="Nameplates_IndividualShowRewardIcons_Bottom">
                <Event Name="ButtonCheck" Function="OnGenericSingleCheck"/>
                <Event Name="ButtonUncheck" Function="OnGenericSingleCheck"/>
            </Control>
        </Control>
        <Control Class="Window" LAnchorPoint="0" LAnchorOffset="0" TAnchorPoint="Nameplates_IndividualPanel_Bottom" TAnchorOffset="10" RAnchorPoint="1" RAnchorOffset="0" BAnchorPoint="Nameplates_IndividualPanel_Bottom" BAnchorOffset="94" RelativeToClient="1" Font="Default" Text="" Template="Default" Name="HealthBarFraming" BGColor="ffffffff" TextColor="ffffffff" Picture="1" IgnoreMouse="1" Sprite="CRB_Basekit:kitBase_HoloBlue_Small" TooltipColor="" HideInEditor="0" Tooltip="" BottomEdgeControlsAnchor="NameplateO_HealthBarFraming_Bottom">
            <Control Class="Button" Base="CRB_Basekit:kitBtn_Holo" Font="CRB_InterfaceMedium" ButtonType="Check" RadioGroup="" LAnchorPoint="0" LAnchorOffset="15" TAnchorPoint="0" TAnchorOffset="39" RAnchorPoint="0" RAnchorOffset="140" BAnchorPoint="0" BAnchorOffset="69" DT_VCENTER="1" DT_CENTER="1" Name="MainShowHealthBarAlways" BGColor="ffffffff" TextColor="ffffffff" NormalTextColor="UI_TextHoloBody" PressedTextColor="ffffffff" FlybyTextColor="ff31fcf6" PressedFlybyTextColor="ffffffff" DisabledTextColor="ff800000" Template="CRB_Normal" NewControlDepth="3" Text="" TextId="Nameplates_AlwaysShow" DT_WORDBREAK="1" GlobalRadioGroup="MainShowHealthBarGroup" RadioDisallowNonSelection="1" TooltipColor="">
                <Event Name="ButtonCheck" Function="OnMainShowHealthBarAlways"/>
            </Control>
            <Control Class="Button" Base="CRB_Basekit:kitBtn_Holo" Font="CRB_Interface9_O" ButtonType="Check" RadioGroup="" LAnchorPoint="0" LAnchorOffset="144" TAnchorPoint="0" TAnchorOffset="39" RAnchorPoint="0" RAnchorOffset="278" BAnchorPoint="0" BAnchorOffset="69" DT_VCENTER="1" DT_CENTER="1" Name="MainShowHealthBarDamaged" BGColor="ffffffff" TextColor="ffffffff" NormalTextColor="UI_TextHoloBody" PressedTextColor="ffffffff" FlybyTextColor="ff31fcf6" PressedFlybyTextColor="ffffffff" DisabledTextColor="ff800000" Template="CRB_Normal" NewControlDepth="3" Text="" TextId="Nameplates_ShowWhenDamaged" DT_WORDBREAK="1" GlobalRadioGroup="MainShowHealthBarGroup" RadioDisallowNonSelection="1" TooltipColor="">
                <Event Name="ButtonCheck" Function="OnMainShowHealthBarDamaged"/>
            </Control>
            <Control Class="Button" Base="CRB_Basekit:kitBtn_Holo" Font="CRB_InterfaceMedium" ButtonType="Check" RadioGroup="" LAnchorPoint="0" LAnchorOffset="282" TAnchorPoint="0" TAnchorOffset="39" RAnchorPoint="1" RAnchorOffset="-15" BAnchorPoint="0" BAnchorOffset="69" DT_VCENTER="1" DT_CENTER="1" Name="MainShowHealthBarNever" BGColor="ffffffff" TextColor="ffffffff" NormalTextColor="UI_TextHoloBody" PressedTextColor="ffffffff" FlybyTextColor="ff31fcf6" PressedFlybyTextColor="ffffffff" DisabledTextColor="ff800000" Template="CRB_Normal" NewControlDepth="3" Text="" TextId="Nameplates_NeverShow" DT_WORDBREAK="1" GlobalRadioGroup="MainShowHealthBarGroup" RadioDisallowNonSelection="1" TooltipColor="">
                <Event Name="ButtonCheck" Function="OnMainShowHealthBarNever"/>
            </Control>
            <Pixie LAnchorPoint="0" LAnchorOffset="0" TAnchorPoint="0" TAnchorOffset="0" RAnchorPoint="1" RAnchorOffset="0" BAnchorPoint="0" BAnchorOffset="32" BGColor="ffffffff" Font="CRB_HeaderSmall" TextColor="ff7fffb9" Text="Health Bar" TextId="" DT_CENTER="1" DT_VCENTER="0" DT_BOTTOM="1" Line="0"/>
        </Control>
        <Control Class="Window" LAnchorPoint="0" LAnchorOffset="0" TAnchorPoint="NameplateO_HealthBarFraming_Bottom" TAnchorOffset="10" RAnchorPoint="1" RAnchorOffset="0" BAnchorPoint="NameplateO_HealthBarFraming_Bottom" BAnchorOffset="242" RelativeToClient="1" Font="Default" Text="" Template="Default" Name="RewardsFraming" BGColor="ffffffff" TextColor="ffffffff" Picture="1" IgnoreMouse="1" Sprite="CRB_Basekit:kitBase_HoloBlue_Small" TooltipColor="" HideInEditor="0">
            <Control Class="Button" Base="CRB_Basekit:kitBtn_Holo_IconBase" Font="CRB_InterfaceMedium" ButtonType="Check" RadioGroup="" LAnchorPoint="0" LAnchorOffset="38" TAnchorPoint="1" TAnchorOffset="-153" RAnchorPoint="0" RAnchorOffset="197" BAnchorPoint="1" BAnchorOffset="-116" DT_VCENTER="1" DT_CENTER="0" Name="ShowRewardTypeQuest" BGColor="ffffffff" TextColor="UI_TextHoloBody" NormalTextColor="UI_TextHoloBody" PressedTextColor="ff31fcf6" FlybyTextColor="UI_TextHoloBody" PressedFlybyTextColor="ff31fcf6" DisabledTextColor="ff800000" Template="CRB_Normal" NewControlDepth="3" Text="" TextId="Nameplates_QuestObjectives" DT_WORDBREAK="1" DrawAsCheckbox="1" TooltipColor="">
                <Event Name="ButtonCheck" Function="OnGenericSingleCheck"/>
                <Event Name="ButtonUncheck" Function="OnGenericSingleCheck"/>
                <Control Class="Window" LAnchorPoint="0" LAnchorOffset="4" TAnchorPoint="0" TAnchorOffset="6" RAnchorPoint="0" RAnchorOffset="26" BAnchorPoint="1" BAnchorOffset="-9" RelativeToClient="1" Font="Default" Text="" Template="Default" TooltipType="OnCursor" Name="Icon" BGColor="ffffffff" TextColor="ffffffff" TooltipColor="" Picture="1" IgnoreMouse="1" Sprite="CRB_TargetFrameRewardPanelSprites:sprTargetFrame_EligibleQuest" NewControlDepth="5"/>
            </Control>
            <Control Class="Button" Base="CRB_Basekit:kitBtn_Holo_IconBase" Font="CRB_InterfaceMedium" ButtonType="Check" RadioGroup="" LAnchorPoint="0" LAnchorOffset="38" TAnchorPoint="1" TAnchorOffset="-111" RAnchorPoint="0" RAnchorOffset="203" BAnchorPoint="1" BAnchorOffset="-74" DT_VCENTER="1" DT_CENTER="0" Name="ShowRewardTypeMission" BGColor="ffffffff" TextColor="UI_TextHoloBody" NormalTextColor="UI_TextHoloBody" PressedTextColor="ff31fcf6" FlybyTextColor="UI_TextHoloBody" PressedFlybyTextColor="ff31fcf6" DisabledTextColor="ff800000" Template="CRB_Normal" NewControlDepth="3" Text="" TextId="Nameplates_MissionObjectives" DT_WORDBREAK="1" DrawAsCheckbox="1" TooltipColor="">
                <Event Name="ButtonCheck" Function="OnGenericSingleCheck"/>
                <Event Name="ButtonUncheck" Function="OnGenericSingleCheck"/>
                <Control Class="Window" LAnchorPoint="0" LAnchorOffset="4" TAnchorPoint="0" TAnchorOffset="6" RAnchorPoint="0" RAnchorOffset="26" BAnchorPoint="1" BAnchorOffset="-9" RelativeToClient="1" Font="Default" Text="" Template="Default" TooltipType="OnCursor" Name="Icon" BGColor="ffffffff" TextColor="ffffffff" TooltipColor="" Picture="1" IgnoreMouse="1" Sprite="CRB_TargetFrameRewardPanelSprites:sprTargetFrame_PathSet" NewControlDepth="5"/>
            </Control>
            <Control Class="Button" Base="CRB_UIKitSprites:btn_radioSMALL" Font="CRB_InterfaceMedium" ButtonType="Check" RadioGroup="" LAnchorPoint="0" LAnchorOffset="428" TAnchorPoint="1" TAnchorOffset="-170" RAnchorPoint="0" RAnchorOffset="553" BAnchorPoint="1" BAnchorOffset="-138" DT_VCENTER="1" DT_CENTER="0" Name="ShowRewardTypeAchievement" BGColor="ffffffff" TextColor="ffffffff" NormalTextColor="ffffffff" PressedTextColor="ffffffff" FlybyTextColor="ffffffff" PressedFlybyTextColor="ffffffff" DisabledTextColor="ff3f3f3f" Template="CRB_Normal" NewControlDepth="3" Text="" TextId="CRB_Achievements" DT_WORDBREAK="1" DrawAsCheckbox="1" TooltipColor="" Visible="0" HideInEditor="0" NoClip="0">
                <Event Name="ButtonCheck" Function="OnShowRewardTypeAchievement"/>
                <Event Name="ButtonUncheck" Function="OnShowRewardTypeAchievement"/>
            </Control>
            <Control Class="Button" Base="CRB_Basekit:kitBtn_Holo_IconBase" Font="CRB_InterfaceMedium" ButtonType="Check" RadioGroup="" LAnchorPoint="0" LAnchorOffset="221" TAnchorPoint="1" TAnchorOffset="-111" RAnchorPoint="0" RAnchorOffset="384" BAnchorPoint="1" BAnchorOffset="-74" DT_VCENTER="1" DT_CENTER="0" Name="ShowRewardTypeChallenge" BGColor="ffffffff" TextColor="UI_TextHoloBody" NormalTextColor="UI_TextHoloBody" PressedTextColor="ff31fcf6" FlybyTextColor="UI_TextHoloBody" PressedFlybyTextColor="ff31fcf6" DisabledTextColor="ff800000" Template="CRB_Normal" NewControlDepth="3" Text="" TextId="Nameplates_ChallengeObjectives" DT_WORDBREAK="1" DrawAsCheckbox="1" TooltipColor="">
                <Event Name="ButtonCheck" Function="OnGenericSingleCheck"/>
                <Event Name="ButtonUncheck" Function="OnGenericSingleCheck"/>
                <Control Class="Window" LAnchorPoint="0" LAnchorOffset="4" TAnchorPoint="0" TAnchorOffset="6" RAnchorPoint="0" RAnchorOffset="26" BAnchorPoint="1" BAnchorOffset="-9" RelativeToClient="1" Font="Default" Text="" Template="Default" TooltipType="OnCursor" Name="Icon" BGColor="ffffffff" TextColor="ffffffff" TooltipColor="" Picture="1" IgnoreMouse="1" Sprite="CRB_TargetFrameRewardPanelSprites:sprTargetFrame_Challenge" NewControlDepth="5"/>
            </Control>
            <Control Class="Button" Base="CRB_UIKitSprites:btn_radioSMALL" Font="CRB_InterfaceMedium" ButtonType="Check" RadioGroup="" LAnchorPoint="0" LAnchorOffset="446" TAnchorPoint="1" TAnchorOffset="-120" RAnchorPoint="0" RAnchorOffset="549" BAnchorPoint="1" BAnchorOffset="-88" DT_VCENTER="1" DT_CENTER="0" Name="ShowRewardTypeReputation" BGColor="ffffffff" TextColor="ffffffff" NormalTextColor="ffffffff" PressedTextColor="ffffffff" FlybyTextColor="ffffffff" PressedFlybyTextColor="ffffffff" DisabledTextColor="ff3f3f3f" Template="CRB_Normal" NewControlDepth="3" Text="" TextId="CRB_Reputation" DT_WORDBREAK="1" DrawAsCheckbox="1" TooltipColor="" Visible="0">
                <Event Name="ButtonCheck" Function="OnShowRewardTypeReputation"/>
                <Event Name="ButtonUncheck" Function="OnShowRewardTypeReputation"/>
            </Control>
            <Control Class="Button" Base="CRB_Basekit:kitBtn_Holo_IconBase" Font="CRB_InterfaceMedium" ButtonType="Check" RadioGroup="" LAnchorPoint="0" LAnchorOffset="219" TAnchorPoint="1" TAnchorOffset="-153" RAnchorPoint="0" RAnchorOffset="397" BAnchorPoint="1" BAnchorOffset="-116" DT_VCENTER="1" DT_CENTER="0" Name="ShowRewardTypePublicEvent" BGColor="ffffffff" TextColor="UI_TextHoloBody" NormalTextColor="UI_TextHoloBody" PressedTextColor="ff31fcf6" FlybyTextColor="UI_TextHoloBody" PressedFlybyTextColor="ff31fcf6" DisabledTextColor="ff800000" Template="CRB_Normal" NewControlDepth="3" Text="" TextId="Nameplates_PublicEventObjectives" DT_WORDBREAK="1" DrawAsCheckbox="1" TooltipColor="">
                <Event Name="ButtonCheck" Function="OnGenericSingleCheck"/>
                <Event Name="ButtonUncheck" Function="OnGenericSingleCheck"/>
                <Control Class="Window" LAnchorPoint="0" LAnchorOffset="4" TAnchorPoint="0" TAnchorOffset="6" RAnchorPoint="0" RAnchorOffset="26" BAnchorPoint="1" BAnchorOffset="-9" RelativeToClient="1" Font="Default" Text="" Template="Default" TooltipType="OnCursor" Name="Icon" BGColor="ffffffff" TextColor="ffffffff" TooltipColor="" Picture="1" IgnoreMouse="1" Sprite="CRB_TargetFrameRewardPanelSprites:sprTargetFrame_PublicEvent" NewControlDepth="5"/>
            </Control>
            <Pixie LAnchorPoint="0" LAnchorOffset="30" TAnchorPoint="0" TAnchorOffset="45" RAnchorPoint="1" RAnchorOffset="-30" BAnchorPoint="1" BAnchorOffset="-22" BGColor="ffffffff" Font="Default" TextColor="ffffffff" Text="" Sprite="CRB_Basekit:kitAccent_Frame_OrangeCorners" Line="0"/>
            <Pixie LAnchorPoint="0" LAnchorOffset="0" TAnchorPoint="0" TAnchorOffset="0" RAnchorPoint="1" RAnchorOffset="0" BAnchorPoint="0" BAnchorOffset="32" BGColor="ffffffff" Font="CRB_HeaderSmall" TextColor="ff7fffb9" Text="" TextId="Nameplates_RewardIcons" DT_CENTER="1" DT_VCENTER="0" DT_BOTTOM="1" Line="0"/>
            <Pixie LAnchorPoint="0" LAnchorOffset="8" TAnchorPoint="0" TAnchorOffset="40" RAnchorPoint="1" RAnchorOffset="-8" BAnchorPoint="0" BAnchorOffset="60" BGColor="ffffffff" Font="CRB_InterfaceMedium" TextColor="UI_TextHoloBody" Text="" TextId="Nameplates_ChooseIcons" DT_CENTER="1" DT_VCENTER="1" Line="0"/>
            <Control Class="Button" Base="CRB_Basekit:kitBtn_Holo_IconBase" Font="CRB_InterfaceMedium" ButtonType="Check" RadioGroup="" LAnchorPoint="0" LAnchorOffset="38" TAnchorPoint="1" TAnchorOffset="-70" RAnchorPoint="0" RAnchorOffset="203" BAnchorPoint="1" BAnchorOffset="-33" DT_VCENTER="1" DT_CENTER="0" Name="ShowRewardTypeFriend" BGColor="ffffffff" TextColor="UI_TextHoloBody" NormalTextColor="UI_TextHoloBody" PressedTextColor="ff31fcf6" FlybyTextColor="UI_TextHoloBody" PressedFlybyTextColor="ff31fcf6" DisabledTextColor="ff800000" Template="CRB_Normal" NewControlDepth="3" Text="" TextId="Nameplates_Friends" DT_WORDBREAK="1" DrawAsCheckbox="1" TooltipColor="">
                <Event Name="ButtonCheck" Function="OnGenericSingleCheck"/>
                <Event Name="ButtonUncheck" Function="OnGenericSingleCheck"/>
                <Control Class="Window" LAnchorPoint="0" LAnchorOffset="4" TAnchorPoint="0" TAnchorOffset="6" RAnchorPoint="0" RAnchorOffset="26" BAnchorPoint="1" BAnchorOffset="-9" RelativeToClient="1" Font="Default" Text="" Template="Default" TooltipType="OnCursor" Name="Icon" BGColor="ffffffff" TextColor="ffffffff" TooltipColor="" Picture="1" IgnoreMouse="1" Sprite="ClientSprites:Icon_Windows_UI_CRB_Friend" NewControlDepth="5"/>
            </Control>
            <Control Class="Button" Base="CRB_Basekit:kitBtn_Holo_IconBase" Font="CRB_InterfaceMedium" ButtonType="Check" RadioGroup="" LAnchorPoint="0" LAnchorOffset="221" TAnchorPoint="1" TAnchorOffset="-70" RAnchorPoint="0" RAnchorOffset="384" BAnchorPoint="1" BAnchorOffset="-33" DT_VCENTER="1" DT_CENTER="0" Name="ShowRewardTypeRival" BGColor="ffffffff" TextColor="UI_TextHoloBody" NormalTextColor="UI_TextHoloBody" PressedTextColor="ff31fcf6" FlybyTextColor="UI_TextHoloBody" PressedFlybyTextColor="ff31fcf6" DisabledTextColor="ff800000" Template="CRB_Normal" NewControlDepth="3" Text="" TextId="Nameplates_Rivals" DT_WORDBREAK="1" DrawAsCheckbox="1" TooltipColor="">
                <Event Name="ButtonCheck" Function="OnGenericSingleCheck"/>
                <Event Name="ButtonUncheck" Function="OnGenericSingleCheck"/>
                <Control Class="Window" LAnchorPoint="0" LAnchorOffset="4" TAnchorPoint="0" TAnchorOffset="6" RAnchorPoint="0" RAnchorOffset="26" BAnchorPoint="1" BAnchorOffset="-9" RelativeToClient="1" Font="Default" Text="" Template="Default" TooltipType="OnCursor" Name="Icon" BGColor="ffffffff" TextColor="ffffffff" TooltipColor="" Picture="1" IgnoreMouse="1" Sprite="ClientSprites:Icon_Windows_UI_CRB_Rival" NewControlDepth="5"/>
            </Control>
        </Control>
    </Form>
    <Form Class="Window" LAnchorPoint="0" LAnchorOffset="0" TAnchorPoint="0" TAnchorOffset="0" RAnchorPoint="0" RAnchorOffset="422" BAnchorPoint="0" BAnchorOffset="424" RelativeToClient="1" Font="Default" Text="" Template="Default" Name="TargetedModule" BGColor="ffaaaaaa" TextColor="ffffffff" Picture="0" IgnoreMouse="1" Sprite="CRB_UIKitSprites:spr_innerframePLAIN" TooltipColor="">
        <Control Class="Window" LAnchorPoint="0" LAnchorOffset="0" TAnchorPoint="0" TAnchorOffset="0" RAnchorPoint="1" RAnchorOffset="0" BAnchorPoint="0" BAnchorOffset="310" RelativeToClient="1" Font="Default" Text="" Template="Default" Name="OptionsFraming" BGColor="ffbbbbbb" TextColor="ffffffff" Picture="1" IgnoreMouse="1" Sprite="CRB_Basekit:kitBase_HoloBlue_Small" TooltipColor="">
            <Control Class="Window" LAnchorPoint="0" LAnchorOffset="16" TAnchorPoint="0" TAnchorOffset="344" RAnchorPoint="0" RAnchorOffset="100" BAnchorPoint="0" BAnchorOffset="364" RelativeToClient="1" Font="CRB_InterfaceMedium" Text="" Template="Default" Name="LblRangefinder" BGColor="ffffffff" TextColor="UI_TextHoloBody" TextId="Nameplates_RangefinderLabel" DT_VCENTER="1" TooltipColor="" Visible="0" HideInEditor="1"/>
            <Pixie LAnchorPoint="0" LAnchorOffset="16" TAnchorPoint="0" TAnchorOffset="84" RAnchorPoint="0" RAnchorOffset="108" BAnchorPoint="0" BAnchorOffset="104" BGColor="ffffffff" Font="CRB_InterfaceMedium" TextColor="UI_TextHoloBody" Text="" TextId="Nameplates_TargetMarker" DT_VCENTER="1" Line="0"/>
            <Pixie LAnchorPoint="0" LAnchorOffset="16" TAnchorPoint="0" TAnchorOffset="122" RAnchorPoint="0" RAnchorOffset="100" BAnchorPoint="0" BAnchorOffset="142" BGColor="ffffffff" Font="CRB_InterfaceMedium" TextColor="UI_TextHoloBody" Text="" TextId="CRB_Name_1" DT_VCENTER="1" Line="0"/>
            <Pixie LAnchorPoint="0" LAnchorOffset="16" TAnchorPoint="0" TAnchorOffset="195" RAnchorPoint="0" RAnchorOffset="100" BAnchorPoint="0" BAnchorOffset="215" BGColor="ffffffff" Font="CRB_InterfaceMedium" TextColor="UI_TextHoloBody" Text="" TextId="Nameplates_GuildNames" DT_VCENTER="1" Line="0"/>
            <Pixie LAnchorPoint="0" LAnchorOffset="16" TAnchorPoint="0" TAnchorOffset="233" RAnchorPoint="0" RAnchorOffset="100" BAnchorPoint="0" BAnchorOffset="253" BGColor="ffffffff" Font="CRB_InterfaceMedium" TextColor="UI_TextHoloBody" Text="" TextId="Nameplates_HealthBarLabel" DT_VCENTER="1" Line="0"/>
            <Pixie LAnchorPoint="0" LAnchorOffset="16" TAnchorPoint="0" TAnchorOffset="158" RAnchorPoint="0" RAnchorOffset="100" BAnchorPoint="0" BAnchorOffset="178" BGColor="ffffffff" Font="CRB_InterfaceMedium" TextColor="UI_TextHoloBody" Text="" TextId="CRB_Rewards_Label" DT_VCENTER="1" Line="0"/>
            <Pixie LAnchorPoint="0" LAnchorOffset="16" TAnchorPoint="0" TAnchorOffset="269" RAnchorPoint="0" RAnchorOffset="100" BAnchorPoint="0" BAnchorOffset="289" BGColor="ffffffff" Font="CRB_InterfaceMedium" TextColor="UI_TextHoloBody" Text="" TextId="Nameplates_CastBarLabel" DT_VCENTER="1" Line="0"/>
            <Pixie LAnchorPoint="0" LAnchorOffset="0" TAnchorPoint="0" TAnchorOffset="0" RAnchorPoint="1" RAnchorOffset="0" BAnchorPoint="0" BAnchorOffset="32" BGColor="ffffffff" Font="CRB_HeaderSmall" TextColor="ff7fffb9" Text="" TextId="Nameplates_ComponentsLabel" DT_CENTER="1" DT_VCENTER="0" DT_BOTTOM="1" Line="0"/>
            <Pixie LAnchorPoint="0" LAnchorOffset="37" TAnchorPoint="0" TAnchorOffset="34" RAnchorPoint="1" RAnchorOffset="-38" BAnchorPoint="0" BAnchorOffset="71" BGColor="ffffffff" Font="CRB_InterfaceMedium" TextColor="UI_TextHoloBody" Text="" TextId="Nameplates_ComponentsDesc" DT_CENTER="1" DT_VCENTER="1" DT_WORDBREAK="1" Line="0"/>
        </Control>
        <Control Class="Window" LAnchorPoint="0" LAnchorOffset="0" TAnchorPoint="1" TAnchorOffset="-110" RAnchorPoint="1" RAnchorOffset="0" BAnchorPoint="1" BAnchorOffset="0" RelativeToClient="1" Font="Default" Text="" Template="Default" Name="TargetedNameplateFraming" BGColor="ffbbbbbb" TextColor="ffffffff" Picture="1" IgnoreMouse="1" Sprite="CRB_Basekit:kitBase_HoloBlue_Small" TooltipColor="">
            <Pixie LAnchorPoint="0" LAnchorOffset="0" TAnchorPoint="0" TAnchorOffset="0" RAnchorPoint="1" RAnchorOffset="0" BAnchorPoint="0" BAnchorOffset="32" BGColor="ffffffff" Font="CRB_HeaderSmall" TextColor="ff7fffb9" Text="" TextId="Nameplates_NonTargetedHeader" DT_CENTER="1" DT_VCENTER="0" DT_BOTTOM="1" Line="0"/>
        </Control>
        <Control Class="Button" Base="CRB_Basekit:kitBtn_Holo" Font="CRB_InterfaceMedium" ButtonType="Check" RadioGroup="NameplateOptionTargetGuild" LAnchorPoint="0" LAnchorOffset="125" TAnchorPoint="0" TAnchorOffset="191" RAnchorPoint="0" RAnchorOffset="265" BAnchorPoint="0" BAnchorOffset="221" DT_VCENTER="1" DT_CENTER="1" Name="TargetedShowGuild" BGColor="ffffffff" TextColor="ffffffff" NormalTextColor="UI_TextHoloBody" PressedTextColor="ffffffff" FlybyTextColor="ff31fcf6" PressedFlybyTextColor="ffffffff" DisabledTextColor="ff800000" Template="CRB_Normal" NewControlDepth="3" Text="" TextId="ChatLog_ShowLabel" DT_WORDBREAK="1" GlobalRadioGroup="" TooltipColor="" RadioDisallowNonSelection="1">
            <Event Name="ButtonCheck" Function="OnTargetedShowGuildNameToggle"/>
            <Event Name="ButtonUncheck" Function="OnTargetedShowGuildNameToggle"/>
        </Control>
        <Control Class="Button" Base="CRB_Basekit:kitBtn_Holo" Font="CRB_InterfaceMedium" ButtonType="Check" RadioGroup="NameplateOptionTargetHealth" LAnchorPoint="0" LAnchorOffset="125" TAnchorPoint="0" TAnchorOffset="228" RAnchorPoint="0" RAnchorOffset="265" BAnchorPoint="0" BAnchorOffset="258" DT_VCENTER="1" DT_CENTER="1" Name="TargetedShowHealthBar" BGColor="ffffffff" TextColor="ffffffff" NormalTextColor="UI_TextHoloBody" PressedTextColor="ffffffff" FlybyTextColor="ff31fcf6" PressedFlybyTextColor="ffffffff" DisabledTextColor="ff800000" Template="CRB_Normal" NewControlDepth="3" Text="" TextId="ChatLog_ShowLabel" DT_WORDBREAK="1" GlobalRadioGroup="" TooltipColor="" RadioDisallowNonSelection="1">
            <Event Name="ButtonCheck" Function="OnTargetedShowHealthBar"/>
        </Control>
        <Control Class="Button" Base="CRB_Basekit:kitBtn_Holo" Font="CRB_InterfaceMedium" ButtonType="Check" RadioGroup="NameplateOptionTargetRewards" LAnchorPoint="0" LAnchorOffset="125" TAnchorPoint="0" TAnchorOffset="154" RAnchorPoint="0" RAnchorOffset="265" BAnchorPoint="0" BAnchorOffset="184" DT_VCENTER="1" DT_CENTER="1" Name="TargetedShowRewards" BGColor="ffffffff" TextColor="ffffffff" NormalTextColor="UI_TextHoloBody" PressedTextColor="ffffffff" FlybyTextColor="ff31fcf6" PressedFlybyTextColor="ffffffff" DisabledTextColor="ff800000" Template="CRB_Normal" NewControlDepth="3" Text="" TextId="ChatLog_ShowLabel" DT_WORDBREAK="1" GlobalRadioGroup="" TooltipColor="" RadioDisallowNonSelection="1">
            <Event Name="ButtonCheck" Function="OnTargetedShowRewards"/>
            <Event Name="ButtonUncheck" Function="OnTargetedShowRewards"/>
        </Control>
        <Control Class="Button" Base="CRB_Basekit:kitBtn_Holo" Font="CRB_InterfaceMedium" ButtonType="Check" RadioGroup="NameplateOptionTargetCasrBar" LAnchorPoint="0" LAnchorOffset="125" TAnchorPoint="0" TAnchorOffset="265" RAnchorPoint="0" RAnchorOffset="265" BAnchorPoint="0" BAnchorOffset="295" DT_VCENTER="1" DT_CENTER="1" Name="TargetedShowCastBar" BGColor="ffffffff" TextColor="ffffffff" NormalTextColor="UI_TextHoloBody" PressedTextColor="ffffffff" FlybyTextColor="ff31fcf6" PressedFlybyTextColor="ffffffff" DisabledTextColor="ff800000" Template="CRB_Normal" NewControlDepth="3" Text="" TextId="ChatLog_ShowLabel" DT_WORDBREAK="1" GlobalRadioGroup="" TooltipColor="" RadioDisallowNonSelection="1">
            <Event Name="ButtonCheck" Function="OnTargetedShowCastBar"/>
            <Event Name="ButtonUncheck" Function="OnTargetedShowCastBar"/>
        </Control>
        <Control Class="Button" Base="CRB_Basekit:kitBtn_Holo" Font="CRB_InterfaceMedium" ButtonType="Check" RadioGroup="NameplateOptionTargetName" LAnchorPoint="0" LAnchorOffset="125" TAnchorPoint="0" TAnchorOffset="117" RAnchorPoint="0" RAnchorOffset="265" BAnchorPoint="0" BAnchorOffset="147" DT_VCENTER="1" DT_CENTER="1" Name="TargetedShowName" BGColor="ffffffff" TextColor="ffffffff" NormalTextColor="UI_TextHoloBody" PressedTextColor="ffffffff" FlybyTextColor="ff31fcf6" PressedFlybyTextColor="ffffffff" DisabledTextColor="ff800000" Template="CRB_Normal" NewControlDepth="3" Text="" TextId="ChatLog_ShowLabel" DT_WORDBREAK="1" GlobalRadioGroup="" TooltipColor="" RadioDisallowNonSelection="1">
            <Event Name="ButtonCheck" Function="OnTargetedShowName"/>
            <Event Name="ButtonUncheck" Function="OnTargetedShowName"/>
        </Control>
        <Control Class="Button" Base="CRB_Basekit:kitBtn_Holo" Font="CRB_InterfaceMedium" ButtonType="Check" RadioGroup="NameplateOptionTargetRangefinder" LAnchorPoint="0" LAnchorOffset="125" TAnchorPoint="0" TAnchorOffset="340" RAnchorPoint="0" RAnchorOffset="265" BAnchorPoint="0" BAnchorOffset="370" DT_VCENTER="1" DT_CENTER="1" Name="TargetedShowRange" BGColor="ffffffff" TextColor="ffffffff" NormalTextColor="UI_TextHoloBody" PressedTextColor="ffffffff" FlybyTextColor="ff31fcf6" PressedFlybyTextColor="ffffffff" DisabledTextColor="ff800000" Template="CRB_Normal" NewControlDepth="3" Text="" TextId="ChatLog_ShowLabel" DT_WORDBREAK="1" GlobalRadioGroup="" TooltipColor="" Visible="0" HideInEditor="1" RadioDisallowNonSelection="1">
            <Event Name="ButtonCheck" Function="OnTargetedShowRange"/>
            <Event Name="ButtonUncheck" Function="OnTargetedShowRange"/>
        </Control>
        <Control Class="Button" Base="CRB_Basekit:kitBtn_Holo" Font="CRB_InterfaceMedium" ButtonType="Check" RadioGroup="NameplateOptionTargetMarker" LAnchorPoint="0" LAnchorOffset="125" TAnchorPoint="0" TAnchorOffset="80" RAnchorPoint="0" RAnchorOffset="265" BAnchorPoint="0" BAnchorOffset="110" DT_VCENTER="1" DT_CENTER="1" Name="TargetedShowMarker" BGColor="ffffffff" TextColor="ffffffff" NormalTextColor="UI_TextHoloBody" PressedTextColor="ffffffff" FlybyTextColor="ff31fcf6" PressedFlybyTextColor="ffffffff" DisabledTextColor="ff800000" Template="CRB_Normal" NewControlDepth="3" Text="" TextId="ChatLog_ShowLabel" DT_WORDBREAK="1" GlobalRadioGroup="" TooltipColor="" RadioDisallowNonSelection="1">
            <Event Name="ButtonCheck" Function="OnTargetedShowMarker"/>
            <Event Name="ButtonUncheck" Function="OnTargetedShowMarker"/>
        </Control>
        <Control Class="Button" Base="CRB_Basekit:kitBtn_Holo" Font="CRB_InterfaceMedium" ButtonType="Check" RadioGroup="NameplateOptionTargetHideCombat" LAnchorPoint=".5" LAnchorOffset="1" TAnchorPoint="1" TAnchorOffset="-67" RAnchorPoint="1" RAnchorOffset="-15" BAnchorPoint="1" BAnchorOffset="-15" DT_VCENTER="1" DT_CENTER="1" Name="MainHideInCombat" BGColor="ffffffff" TextColor="ffffffff" NormalTextColor="UI_TextHoloBody" PressedTextColor="ffffffff" FlybyTextColor="ff31fcf6" PressedFlybyTextColor="ffffffff" DisabledTextColor="ff800000" Text="" TextId="Nameplates_HideInCombat" DrawAsCheckbox="0" CheckboxRight="0" Template="CRB_Normal" NoClip="0" DT_WORDBREAK="1" GlobalRadioGroup="" TooltipColor="" RadioDisallowNonSelection="1">
            <Event Name="ButtonCheck" Function="OnMainHideInCombat"/>
            <Event Name="ButtonUncheck" Function="OnMainHideInCombat"/>
        </Control>
        <Control Class="Button" Base="CRB_Basekit:kitBtn_Holo" Font="CRB_InterfaceMedium" ButtonType="Check" RadioGroup="NameplateOptionTargetMarker" LAnchorPoint="0" LAnchorOffset="267" TAnchorPoint="0" TAnchorOffset="80" RAnchorPoint="0" RAnchorOffset="407" BAnchorPoint="0" BAnchorOffset="110" DT_VCENTER="1" DT_CENTER="1" Name="TargetedShowMarkerOff" BGColor="ffffffff" TextColor="ffffffff" NormalTextColor="UI_TextHoloBody" PressedTextColor="ffffffff" FlybyTextColor="ff31fcf6" PressedFlybyTextColor="ffffffff" DisabledTextColor="ff800000" Template="CRB_Normal" NewControlDepth="3" Text="" TextId="ChatLog_ShowOffLabel" DT_WORDBREAK="1" GlobalRadioGroup="" TooltipColor="" RadioDisallowNonSelection="1">
            <Event Name="ButtonCheck" Function="OnTargetedShowMarkerOff"/>
            <Event Name="ButtonUncheck" Function="OnTargetedShowMarkerOff"/>
        </Control>
        <Control Class="Button" Base="CRB_Basekit:kitBtn_Holo" Font="CRB_InterfaceMedium" ButtonType="Check" RadioGroup="NameplateOptionTargetName" LAnchorPoint="0" LAnchorOffset="267" TAnchorPoint="0" TAnchorOffset="117" RAnchorPoint="0" RAnchorOffset="407" BAnchorPoint="0" BAnchorOffset="147" DT_VCENTER="1" DT_CENTER="1" Name="TargetedShowNameOff" BGColor="ffffffff" TextColor="ffffffff" NormalTextColor="UI_TextHoloBody" PressedTextColor="ffffffff" FlybyTextColor="ff31fcf6" PressedFlybyTextColor="ffffffff" DisabledTextColor="ff800000" Template="CRB_Normal" NewControlDepth="3" Text="" TextId="ChatLog_ShowOffLabel" DT_WORDBREAK="1" GlobalRadioGroup="" TooltipColor="" RadioDisallowNonSelection="1">
            <Event Name="ButtonCheck" Function="OnTargetedShowNameOff"/>
            <Event Name="ButtonUncheck" Function="OnTargetedShowNameOff"/>
        </Control>
        <Control Class="Button" Base="CRB_Basekit:kitBtn_Holo" Font="CRB_InterfaceMedium" ButtonType="Check" RadioGroup="NameplateOptionTargetGuild" LAnchorPoint="0" LAnchorOffset="267" TAnchorPoint="0" TAnchorOffset="191" RAnchorPoint="0" RAnchorOffset="407" BAnchorPoint="0" BAnchorOffset="221" DT_VCENTER="1" DT_CENTER="1" Name="TargetedShowGuildOff" BGColor="ffffffff" TextColor="ffffffff" NormalTextColor="UI_TextHoloBody" PressedTextColor="ffffffff" FlybyTextColor="ff31fcf6" PressedFlybyTextColor="ffffffff" DisabledTextColor="ff800000" Template="CRB_Normal" NewControlDepth="3" Text="" TextId="ChatLog_ShowOffLabel" DT_WORDBREAK="1" GlobalRadioGroup="" TooltipColor="" RadioDisallowNonSelection="1">
            <Event Name="ButtonCheck" Function="OnTargetedShowGuildNameToggle"/>
            <Event Name="ButtonUncheck" Function="OnTargetedShowGuildNameToggle"/>
        </Control>
        <Control Class="Button" Base="CRB_Basekit:kitBtn_Holo" Font="CRB_InterfaceMedium" ButtonType="Check" RadioGroup="NameplateOptionTargetHealth" LAnchorPoint="0" LAnchorOffset="267" TAnchorPoint="0" TAnchorOffset="228" RAnchorPoint="0" RAnchorOffset="407" BAnchorPoint="0" BAnchorOffset="258" DT_VCENTER="1" DT_CENTER="1" Name="TargetedShowHealthBarOff" BGColor="ffffffff" TextColor="ffffffff" NormalTextColor="UI_TextHoloBody" PressedTextColor="ffffffff" FlybyTextColor="ff31fcf6" PressedFlybyTextColor="ffffffff" DisabledTextColor="ff800000" Template="CRB_Normal" NewControlDepth="3" Text="" TextId="ChatLog_ShowOffLabel" DT_WORDBREAK="1" GlobalRadioGroup="" TooltipColor="" RadioDisallowNonSelection="1">
            <Event Name="ButtonCheck" Function="OnTargetedShowHealthBarOff"/>
        </Control>
        <Control Class="Button" Base="CRB_Basekit:kitBtn_Holo" Font="CRB_InterfaceMedium" ButtonType="Check" RadioGroup="NameplateOptionTargetRewards" LAnchorPoint="0" LAnchorOffset="267" TAnchorPoint="0" TAnchorOffset="154" RAnchorPoint="0" RAnchorOffset="407" BAnchorPoint="0" BAnchorOffset="184" DT_VCENTER="1" DT_CENTER="1" Name="TargetedShowRewardsOff" BGColor="ffffffff" TextColor="ffffffff" NormalTextColor="UI_TextHoloBody" PressedTextColor="ffffffff" FlybyTextColor="ff31fcf6" PressedFlybyTextColor="ffffffff" DisabledTextColor="ff800000" Template="CRB_Normal" NewControlDepth="3" Text="" TextId="ChatLog_ShowOffLabel" DT_WORDBREAK="1" GlobalRadioGroup="" TooltipColor="" RadioDisallowNonSelection="1">
            <Event Name="ButtonCheck" Function="OnTargetedShowRewardsOff"/>
            <Event Name="ButtonUncheck" Function="OnTargetedShowRewardsOff"/>
        </Control>
        <Control Class="Button" Base="CRB_Basekit:kitBtn_Holo" Font="CRB_InterfaceMedium" ButtonType="Check" RadioGroup="NameplateOptionTargetCasrBar" LAnchorPoint="0" LAnchorOffset="267" TAnchorPoint="0" TAnchorOffset="265" RAnchorPoint="0" RAnchorOffset="407" BAnchorPoint="0" BAnchorOffset="295" DT_VCENTER="1" DT_CENTER="1" Name="TargetedShowCastBarOff" BGColor="ffffffff" TextColor="ffffffff" NormalTextColor="UI_TextHoloBody" PressedTextColor="ffffffff" FlybyTextColor="ff31fcf6" PressedFlybyTextColor="ffffffff" DisabledTextColor="ff800000" Template="CRB_Normal" NewControlDepth="3" Text="" TextId="ChatLog_ShowOffLabel" DT_WORDBREAK="1" GlobalRadioGroup="" TooltipColor="" RadioDisallowNonSelection="1">
            <Event Name="ButtonCheck" Function="OnTargetedShowCastBarOff"/>
            <Event Name="ButtonUncheck" Function="OnTargetedShowCastBarOff"/>
        </Control>
        <Control Class="Button" Base="CRB_Basekit:kitBtn_Holo" Font="CRB_InterfaceMedium" ButtonType="Check" RadioGroup="NameplateOptionTargetRangefinder" LAnchorPoint="0" LAnchorOffset="267" TAnchorPoint="0" TAnchorOffset="339" RAnchorPoint="0" RAnchorOffset="407" BAnchorPoint="0" BAnchorOffset="369" DT_VCENTER="1" DT_CENTER="1" Name="TargetedShowRangeOff" BGColor="ffffffff" TextColor="ffffffff" NormalTextColor="UI_TextHoloBody" PressedTextColor="ffffffff" FlybyTextColor="ff31fcf6" PressedFlybyTextColor="ffffffff" DisabledTextColor="ff800000" Template="CRB_Normal" NewControlDepth="3" Text="" TextId="ChatLog_ShowOffLabel" DT_WORDBREAK="1" GlobalRadioGroup="" TooltipColor="" Visible="0" HideInEditor="1" RadioDisallowNonSelection="1">
            <Event Name="ButtonCheck" Function="OnTargetedShowRangeOff"/>
            <Event Name="ButtonUncheck" Function="OnTargetedShowRangeOff"/>
        </Control>
        <Control Class="Button" Base="CRB_Basekit:kitBtn_Holo" Font="CRB_InterfaceMedium" ButtonType="Check" RadioGroup="NameplateOptionTargetHideCombat" LAnchorPoint="0" LAnchorOffset="15" TAnchorPoint="1" TAnchorOffset="-67" RAnchorPoint=".5" RAnchorOffset="-1" BAnchorPoint="1" BAnchorOffset="-15" DT_VCENTER="1" DT_CENTER="1" Name="MainHideInCombatOff" BGColor="ffffffff" TextColor="ffffffff" NormalTextColor="UI_TextHoloBody" PressedTextColor="ffffffff" FlybyTextColor="ff31fcf6" PressedFlybyTextColor="ffffffff" DisabledTextColor="ff800000" Text="" TextId="Nameplates_ShowInCombat" DrawAsCheckbox="0" CheckboxRight="0" Template="CRB_Normal" NoClip="0" DT_WORDBREAK="1" GlobalRadioGroup="" TooltipColor="" RadioDisallowNonSelection="1">
            <Event Name="ButtonCheck" Function="OnMainHideInCombatOff"/>
            <Event Name="ButtonUncheck" Function="OnMainHideInCombatOff"/>
        </Control>
    </Form>
    <Form Class="WorldFixedWindow" LAnchorPoint="SELF" LAnchorOffset="-150" TAnchorPoint="0" TAnchorOffset="-66" RAnchorPoint="0" RAnchorOffset="150" BAnchorPoint="0" BAnchorOffset="30" RelativeToClient="1" Font="Default" Text="" Template="Default" Name="NameplateNew" Border="0" Picture="0" SwallowMouseClicks="1" Moveable="0" Escapable="0" Overlapped="1" BGColor="ffffffff" TextColor="ffffffff" IgnoreMouse="1" Visible="0" TransitionShowHide="0" DoNotBlockTooltip="1" TooltipColor="" Tooltip="">
        <Event Name="WorldLocationOnScreen" Function="OnWorldLocationOnScreen"/>
        <Event Name="UnitOcclusionChanged" Function="OnUnitOcclusionChanged"/>
        <Control Class="Window" LAnchorPoint="0.5" LAnchorOffset="0" TAnchorPoint="1" TAnchorOffset="-56" RAnchorPoint="0.5" RAnchorOffset="0" BAnchorPoint="1" BAnchorOffset="-36" RelativeToClient="1" Font="CRB_InterfaceMedium" Text="" Template="Default" Name="Name" BGColor="3fffffff" TextColor="ffffffff" DT_CENTER="1" TextId="" DT_VCENTER="0" Visible="0" Picture="0" IgnoreMouse="1" Sprite="WhiteFill" NoClip="1" DT_BOTTOM="0" TooltipColor="" Tooltip="" TopEdgeControlsAnchor="Nameplate_Name_Top" BottomEdgeControlsAnchor="Nameplate_Name_Bottom">
            <Event Name="MouseButtonDown" Function="OnNameplateNameClick"/>
        </Control>
        <Control Class="Window" LAnchorPoint="0.5" LAnchorOffset="0" TAnchorPoint="1" TAnchorOffset="-56" RAnchorPoint="0.5" RAnchorOffset="0" BAnchorPoint="1" BAnchorOffset="-36" RelativeToClient="1" Font="CRB_InterfaceMedium" Text="" Template="Default" Name="Guild" BGColor="3fffffff" TextColor="ffffffff" DT_CENTER="1" TextId="" DT_VCENTER="0" Visible="0" Picture="0" IgnoreMouse="1" Sprite="WhiteFill" NoClip="1" DT_BOTTOM="0" TooltipColor="" Tooltip="" BottomEdgeControlsAnchor="" TopEdgeControlsAnchor="">
            <Event Name="MouseButtonDown" Function="OnNameplateNameClick"/>
        </Control>
        <Control Class="Window" LAnchorPoint="0.5" LAnchorOffset="0" TAnchorPoint="Nameplate_Name_Top" TAnchorOffset="0" RAnchorPoint="0.5" RAnchorOffset="0" BAnchorPoint="Nameplate_Name_Bottom" BAnchorOffset="0" RelativeToClient="1" Font="Default" Text="" Template="Default" Name="NameRewardContainer" BGColor="ffffffff" TextColor="ffffffff" Picture="0" IgnoreMouse="1" Sprite="whitefill" Visible="0" NoClip="1" TooltipColor="" Tooltip="">
            <Control Class="Window" LAnchorPoint="0" LAnchorOffset="0" TAnchorPoint="0" TAnchorOffset="0" RAnchorPoint="0" RAnchorOffset="20" BAnchorPoint="1" BAnchorOffset="0" RelativeToClient="1" Font="CRB_InterfaceMedium_O" Text="" Template="Default" Name="QuestRewards" BGColor="ffffffff" TextColor="ffffffff" DT_CENTER="0" TextId="" DT_VCENTER="1" Visible="0" Picture="1" IgnoreMouse="1" Sprite="" NoClip="1" TooltipColor=""/>
            <Control Class="Window" Name="TargetScalingMark" Text="" DT_CENTER="1" DT_VCENTER="1" Font="CRB_InterfaceMedium_B" RelativeToClient="1" Picture="1" NewControlDepth="3" BGColor="ffffffff" TextColor="ffcdba96" LAnchorPoint="0" LAnchorOffset="0" TAnchorPoint="0" TAnchorOffset="0" RAnchorPoint="0" RAnchorOffset="20" BAnchorPoint="1" BAnchorOffset="0" HideInEditor="1" TextId="" Tooltip="" TooltipId="" TooltipType="OnCursor" TooltipColor="" DT_RIGHT="0" IgnoreMouse="1" IgnoreTooltipDelay="1" Sprite="CRB_TargetFrameSprites:sprTF_ScalingMark" Visible="0"/>
        </Control>
        <Control Class="Window" LAnchorPoint="0.5" LAnchorOffset="-150" TAnchorPoint="0" TAnchorOffset="0" RAnchorPoint="0.5" RAnchorOffset="150" BAnchorPoint="1" BAnchorOffset="0" RelativeToClient="1" Font="Default" Text="" Template="Default" Name="Container" BGColor="ffffffff" TextColor="ffffffff" Visible="1" TooltipColor="" Tooltip="" UseParentOpacity="0" IgnoreMouse="1">
            <Control Class="Window" LAnchorPoint="0.5" LAnchorOffset="-77" TAnchorPoint="1" TAnchorOffset="-36" RAnchorPoint="0.5" RAnchorOffset="77" BAnchorPoint="1" BAnchorOffset="-18" RelativeToClient="1" Font="Default" Text="" Template="Default" TooltipType="OnCursor" Name="Health" BGColor="ffffffff" TextColor="ffffffff" TooltipColor="" Sprite="CRB_Nameplates:sprNP_BaseGreen" Picture="1" IgnoreMouse="1" HideInEditor="0">
                <Control Class="Window" LAnchorPoint="0" LAnchorOffset="13" TAnchorPoint="0" TAnchorOffset="2" RAnchorPoint="0" RAnchorOffset="31" BAnchorPoint="1" BAnchorOffset="0" RelativeToClient="1" Font="CRB_Pixel_O" Text="" Template="Default" TooltipType="OnCursor" Name="Level" BGColor="ffffffff" TextColor="ffffffff" TooltipColor="" Picture="1" IgnoreMouse="1" Sprite="" TextId="Challenges_NoProgress" DT_VCENTER="0" DT_CENTER="1" NewControlDepth="1"/>
                <Control Class="Window" LAnchorPoint="0" LAnchorOffset="35" TAnchorPoint="1" TAnchorOffset="-15" RAnchorPoint="0" RAnchorOffset="138" BAnchorPoint="1" BAnchorOffset="3" RelativeToClient="1" Font="CRB_Pixel_O" Text="" Template="Default" Name="HealthBars" BGColor="ffffffff" TextColor="ffffffff" Visible="1" TextId="" Picture="1" IgnoreMouse="1" Sprite="" DT_CENTER="1" DT_VCENTER="1" TooltipColor="" Tooltip="">
                    <Control Class="Window" Text="" LAnchorPoint="0" LAnchorOffset="0" TAnchorPoint="0" TAnchorOffset="0" RAnchorPoint="0" RAnchorOffset="103" BAnchorPoint="1" BAnchorOffset="0" AutoSetText="0" UseValues="0" RelativeToClient="1" SetTextToProgress="0" DT_CENTER="1" DT_VCENTER="1" ProgressFull="CRB_NameplateSprites:sprNp_HealthBarHostile" Name="MaxHealth" BGColor="ffffffff" TextColor="ffffffff" Sprite="CRB_Nameplates:sprNP_GreenProg" Picture="1" IgnoreMouse="1" NeverBringToFront="0" TooltipColor="" BarColor=""/>
                    <Control Class="Window" LAnchorPoint="0" LAnchorOffset="0" TAnchorPoint="0" TAnchorOffset="0" RAnchorPoint="0" RAnchorOffset="103" BAnchorPoint="1" BAnchorOffset="0" RelativeToClient="1" Font="CRB_Pixel_O" Text="" Template="Default" Name="MaxAbsorb" BGColor="ffffffff" TextColor="ffffffff" Visible="0" TextId="" Picture="1" IgnoreMouse="1" Sprite="" DT_CENTER="1" DT_VCENTER="1" TooltipColor="" HideInEditor="0">
                        <Control Class="ProgressBar" Text="" LAnchorPoint="0" LAnchorOffset="0" TAnchorPoint="0" TAnchorOffset="0" RAnchorPoint="1" RAnchorOffset="0" BAnchorPoint="1" BAnchorOffset="0" AutoSetText="0" UseValues="0" RelativeToClient="1" SetTextToProgress="0" DT_CENTER="1" DT_VCENTER="1" ProgressFull="CRB_Nameplates:sprNP_YellowProg" Name="AbsorbFill" BGColor="ffffffff" TextColor="ffffffff" Sprite="" Picture="0" IgnoreMouse="1" NeverBringToFront="0" TooltipColor="" BarColor="" HideInEditor="0"/>
                    </Control>
                    <Control Class="Window" LAnchorPoint="0" LAnchorOffset="0" TAnchorPoint="0" TAnchorOffset="0" RAnchorPoint="0" RAnchorOffset="103" BAnchorPoint="1" BAnchorOffset="0" RelativeToClient="1" Font="CRB_Pixel_O" Text="" Template="Default" Name="MaxShield" BGColor="ffffffff" TextColor="ffffffff" Visible="0" TextId="" Picture="1" IgnoreMouse="1" Sprite="" DT_CENTER="1" DT_VCENTER="1" TooltipColor="" HideInEditor="0" Tooltip="">
                        <Control Class="ProgressBar" Text="" LAnchorPoint="0" LAnchorOffset="0" TAnchorPoint="0" TAnchorOffset="0" RAnchorPoint="1" RAnchorOffset="0" BAnchorPoint="1" BAnchorOffset="0" AutoSetText="0" UseValues="0" RelativeToClient="1" SetTextToProgress="0" DT_CENTER="1" DT_VCENTER="1" ProgressFull="sprNP_BlueProg" Name="ShieldFill" BGColor="ffffffff" TextColor="ffffffff" Sprite="" Picture="1" IgnoreMouse="1" NeverBringToFront="0" TooltipColor="" BarColor="white" ProgressEmpty="" ProgressEdgeGlow="sprNP_BlueProgEdgeGlow" EdgeGlow="1" NoClipEdgeGlow="1"/>
                    </Control>
                </Control>
                <Control Class="Window" LAnchorPoint="0" LAnchorOffset="35" TAnchorPoint="0" TAnchorOffset="2" RAnchorPoint="1" RAnchorOffset="-16" BAnchorPoint="1" BAnchorOffset="0" RelativeToClient="1" Font="CRB_Pixel_O" Text="" Template="Default" Name="HealthLabel" BGColor="ffffffff" TextColor="ffffffff" DT_CENTER="1" DT_VCENTER="0" TooltipColor="" NewControlDepth="1" Visible="1" Tooltip="" IgnoreMouse="1" TextId="Challenges_NoProgress" DT_BOTTOM="0"/>
            </Control>
            <Control Class="Window" LAnchorPoint="0.5" LAnchorOffset="-86" TAnchorPoint="1" TAnchorOffset="-51" RAnchorPoint="0.5" RAnchorOffset="86" BAnchorPoint="1" BAnchorOffset="-11" RelativeToClient="1" Font="Default" Text="" Template="Default" Name="TargetMarker" BGColor="ffffffff" TextColor="ffffffff" IgnoreMouse="1" Sprite="CRB_Nameplates:sprNP_BaseSelectedYellow" Picture="1" Visible="0" TooltipColor="" HideInEditor="0" Tooltip=""/>
            <Control Class="Window" LAnchorPoint="0.5" LAnchorOffset="-64" TAnchorPoint="1" TAnchorOffset="-16" RAnchorPoint="0.5" RAnchorOffset="64" BAnchorPoint="1" BAnchorOffset="-8" RelativeToClient="1" Font="Default" Text="" Template="Default" Name="Vulnerable" BGColor="ffffffff" TextColor="ffffffff" Visible="0" TextId="" TooltipColor="" Picture="1" IgnoreMouse="1" Sprite="CRB_NameplateSprites:sprNp_Vuln_Back" Tooltip="">
                <Control Class="ProgressBar" Text="" LAnchorPoint="0" LAnchorOffset="4" TAnchorPoint="0" TAnchorOffset="2" RAnchorPoint="1" RAnchorOffset="-4" BAnchorPoint="0" BAnchorOffset="4" AutoSetText="0" UseValues="0" RelativeToClient="1" SetTextToProgress="0" DT_CENTER="1" DT_VCENTER="1" ProgressFull="CRB_Nameplates:sprNP_ThinPurpleProg" Name="VulnFill" BGColor="ffffffff" TextColor="ffffffff" Sprite="" Picture="0" IgnoreMouse="1" TooltipColor="" BarColor="" ProgressEdgeGlow="CRB_Nameplates:sprNP_ThinPurpleProgEdgeGlow" EdgeGlow="1" NoClipEdgeGlow="1"/>
            </Control>
            <Control Class="Window" LAnchorPoint="0.5" LAnchorOffset="-64" TAnchorPoint="1" TAnchorOffset="-8" RAnchorPoint="0.5" RAnchorOffset="64" BAnchorPoint="1" BAnchorOffset="0" RelativeToClient="1" Font="CRB_Pixel_O" Text="" Template="Default" Name="CastBar" BGColor="ffffffff" TextColor="ffffffff" Visible="0" TextId="" Picture="1" IgnoreMouse="1" Sprite="CRB_NameplateSprites:sprNp_Vuln_Back" TooltipColor="">
                <Control Class="ProgressBar" Text="" LAnchorPoint="0" LAnchorOffset="4" TAnchorPoint="0" TAnchorOffset="2" RAnchorPoint="1" RAnchorOffset="-4" BAnchorPoint="0" BAnchorOffset="4" AutoSetText="0" UseValues="0" RelativeToClient="1" SetTextToProgress="0" DT_CENTER="1" DT_VCENTER="1" ProgressFull="sprNP_ThinRedProg" Name="CastFill" BGColor="ffffffff" TextColor="ffffffff" Sprite="" EdgeGlow="1" ProgressEdgeGlow="CRB_Nameplates:sprNP_ThinRedProgEdgeGlow" IgnoreMouse="1" TooltipColor="" BarColor="AddonError" Picture="1" NoClipEdgeGlow="1"/>
                <Control Class="Window" LAnchorPoint="0" LAnchorOffset="0" TAnchorPoint="0" TAnchorOffset="0" RAnchorPoint="1" RAnchorOffset="0" BAnchorPoint="1" BAnchorOffset="0" RelativeToClient="1" Font="CRB_Pixel_O" Text="" Template="Default" Name="Label" BGColor="ffffffff" TextColor="ffffffff" TextId="" IgnoreMouse="1" NoClip="1" DT_VCENTER="1" DT_CENTER="1" TooltipColor="" Visible="0"/>
            </Control>
        </Control>
        <Control Class="Window" LAnchorPoint="0.5" LAnchorOffset="-20" TAnchorPoint="Nameplate_Name_Top" TAnchorOffset="-40" RAnchorPoint="0.5" RAnchorOffset="20" BAnchorPoint="Nameplate_Name_Top" BAnchorOffset="0" RelativeToClient="1" Font="Default" Text="" Template="Default" TooltipType="OnCursor" Name="CertainDeath" BGColor="2x:9dff0000" TextColor="ffffffff" TooltipColor="" Picture="1" IgnoreMouse="1" Sprite="ClientSprites:Icon_Windows_UI_CRB_Warrior" Visible="0" HideInEditor="0"/>
        <Control Class="Window" LAnchorPoint="0.5" LAnchorOffset="-12" TAnchorPoint="Nameplate_Name_Top" TAnchorOffset="-24" RAnchorPoint="0.5" RAnchorOffset="12" BAnchorPoint="Nameplate_Name_Top" BAnchorOffset="0" RelativeToClient="1" Font="Default" Text="" Template="Default" Name="TargetMarkerArrow" BGColor="ffffffff" TextColor="ffffffff" IgnoreMouse="1" Sprite="CRB_NameplateSprites:sprNp_TargetPrimaryNeutral" Picture="1" Visible="0" TooltipColor="" HideInEditor="0" Tooltip="" TransitionShowHide="1"/>
    </Form>
</Forms>
