<Forms>
    <Form Class="Window" LAnchorPoint=".7" LAnchorOffset="-200" TAnchorPoint=".5" TAnchorOffset="-36" RAnchorPoint=".7" RAnchorOffset="200" BAnchorPoint=".5" BAnchorOffset="200" RelativeToClient="1" Font="Default" Text="" Template="" Name="WarpartyRegistrationForm" Border="0" Picture="0" SwallowMouseClicks="1" Moveable="1" Escapable="1" Overlapped="1" BGColor="ffffffff" TextColor="ffffffff" TextId="" TooltipColor="" Tooltip="">
        <Control Class="Window" LAnchorPoint="0" LAnchorOffset="0" TAnchorPoint="0" TAnchorOffset="0" RAnchorPoint="1" RAnchorOffset="0" BAnchorPoint="1" BAnchorOffset="-17" RelativeToClient="1" Font="Default" Text="" Template="Default" TooltipType="OnCursor" Name="BGArt" BGColor="ffffffff" TextColor="ffffffff" TooltipColor="" HideInEditor="0" Sprite="BK3:UI_BK3_Holo_Framing_2" Picture="1" IgnoreMouse="1" UseTemplateBG="1" Border="0"/>
        <Control Class="Button" Base="BK3:btnHolo_Red_Med" Font="CRB_Button" ButtonType="PushButton" RadioGroup="" LAnchorPoint=".5" LAnchorOffset="2" TAnchorPoint="1" TAnchorOffset="-124" RAnchorPoint=".5" RAnchorOffset="122" BAnchorPoint="1" BAnchorOffset="-52" DT_VCENTER="1" DT_CENTER="1" Name="CancelButton" BGColor="ffffffff" TextColor="ffffffff" NewControlDepth="2" WindowSoundTemplate="TogglePhys03" TextId="CRB_Cancel" Text="" TooltipColor="" NormalTextColor="UI_BtnTextRedNormal" PressedTextColor="UI_BtnTextRedPressed" FlybyTextColor="UI_BtnTextRedFlyby" PressedFlybyTextColor="UI_BtnTextRedPressedFlyby" DisabledTextColor="UI_BtnTextRedDisabled" NewWindowDepth="1">
            <Event Name="ButtonSignal" Function="OnCancel"/>
        </Control>
        <Control Class="Button" Base="BK3:btnHolo_Blue_Med" Font="CRB_Button" ButtonType="PushButton" RadioGroup="" LAnchorPoint=".5" LAnchorOffset="-122" TAnchorPoint="1" TAnchorOffset="-124" RAnchorPoint=".5" RAnchorOffset="-2" BAnchorPoint="1" BAnchorOffset="-52" DT_VCENTER="1" DT_CENTER="1" Name="RegisterBtn" BGColor="ffffffff" TextColor="ffffffff" NewControlDepth="2" WindowSoundTemplate="TogglePhys02" TextId="CRB_OK" Text="" TooltipColor="" NormalTextColor="UI_BtnTextBlueNormal" PressedTextColor="UI_BtnTextBluePressed" FlybyTextColor="UI_BtnTextBlueFlyby" PressedFlybyTextColor="UI_BtnTextBluePressedFlyby" DisabledTextColor="UI_BtnTextBlueDisabled">
            <Event Name="ButtonSignal" Function="OnRegisterBtn"/>
        </Control>
        <Control Class="Window" LAnchorPoint="0" LAnchorOffset="46" TAnchorPoint="0" TAnchorOffset="45" RAnchorPoint="1" RAnchorOffset="-49" BAnchorPoint="0" BAnchorOffset="119" RelativeToClient="1" Font="Default" Text="" Template="Default" TooltipType="OnCursor" Name="RegistrationContent" BGColor="ffffffff" TextColor="ffffffff" TooltipColor="" HideInEditor="0">
            <Control Class="Window" LAnchorPoint="0" LAnchorOffset="0" TAnchorPoint="0" TAnchorOffset="35" RAnchorPoint="1" RAnchorOffset="0" BAnchorPoint="0" BAnchorOffset="71" RelativeToClient="1" Font="Default" Text="" Template="Default" TooltipType="OnCursor" Name="UnderPaint_Guild" BGColor="white" TextColor="white" TooltipColor="" Picture="1" IgnoreMouse="1" Sprite="BK3:UI_BK3_Holo_Snippet"/>
            <Control Class="Window" LAnchorPoint="0" LAnchorOffset="0" TAnchorPoint="0" TAnchorOffset="-5" RAnchorPoint="1" RAnchorOffset="0" BAnchorPoint="0" BAnchorOffset="19" RelativeToClient="1" Font="CRB_HeaderMedium" Text="" Template="Default" TooltipType="OnCursor" Name="WarpartyNameLabel" BGColor="ffffffff" TextColor="UI_WindowTitleYellow" TooltipColor="" TextId="Warparty_DesiredName" DT_CENTER="1" DT_BOTTOM="0" DT_VCENTER="1"/>
            <Control Class="EditBox" LAnchorPoint="0" LAnchorOffset="11" TAnchorPoint="0" TAnchorOffset="36" RAnchorPoint="0" RAnchorOffset="253" BAnchorPoint="0" BAnchorOffset="71" RelativeToClient="1" Font="CRB_InterfaceLarge_B" Text="" Template="Default" TooltipType="OnCursor" Name="WarpartyNameString" BGColor="ffffffff" TextColor="UI_TextHoloTitle" TooltipColor="" TextId="" DT_VCENTER="1" MaxTextLength="25">
                <Event Name="EditBoxChanging" Function="OnNameChanging"/>
                <Event Name="EditBoxChanged" Function="OnNameChanging"/>
            </Control>
            <Control Class="Window" LAnchorPoint="1" LAnchorOffset="-65" TAnchorPoint="0" TAnchorOffset="41" RAnchorPoint="1" RAnchorOffset="-12" BAnchorPoint="0" BAnchorOffset="66" RelativeToClient="1" Font="CRB_InterfaceSmall" Text="(16/16)" Template="Default" TooltipType="OnCursor" Name="WarpartyNameLimit" BGColor="ffffffff" TextColor="ffffffff" TooltipColor="" TextId="" DT_VCENTER="1" DT_RIGHT="1"/>
        </Control>
        <Event Name="MouseButtonDown" Function="HelperClearFocus"/>
        <Control Class="Window" LAnchorPoint="0" LAnchorOffset="32" TAnchorPoint="0" TAnchorOffset="30" RAnchorPoint="1" RAnchorOffset="-33" BAnchorPoint="1" BAnchorOffset="-49" RelativeToClient="1" Font="Default" Text="" Template="Default" TooltipType="OnCursor" Name="AlertMessage" BGColor="ffffffff" TextColor="ffffffff" TooltipColor="" IgnoreMouse="1" NewWindowDepth="1" Visible="0" TransitionShowHide="1" HideInEditor="1" Sprite="BK3:UI_BK3_Holo_Framing_2_Blocker" Picture="1">
            <Control Class="Window" LAnchorPoint="0" LAnchorOffset="56" TAnchorPoint="0" TAnchorOffset="56" RAnchorPoint="1" RAnchorOffset="-55" BAnchorPoint="1" BAnchorOffset="-71" RelativeToClient="1" Font="CRB_HeaderLarge" Text="" Template="Default" TooltipType="OnCursor" Name="MessageAlertText" BGColor="ffffffff" TextColor="ffff8000" TooltipColor="" TextId="" DT_VCENTER="0" DT_CENTER="1" IgnoreMouse="1" NewWindowDepth="0"/>
            <Control Class="Window" LAnchorPoint="0" LAnchorOffset="17" TAnchorPoint="0" TAnchorOffset="75" RAnchorPoint="1" RAnchorOffset="-24" BAnchorPoint="1" BAnchorOffset="-64" RelativeToClient="1" Font="CRB_InterfaceMedium" Text="" Template="Default" TooltipType="OnCursor" Name="MessageBodyText" BGColor="ffffffff" TextColor="ff31fcf6" TooltipColor="" NewControlDepth="6" TextId="" DT_VCENTER="1" DT_CENTER="1" DT_WORDBREAK="1"/>
        </Control>
        <Control Class="Button" Base="BK3:btnHolo_Close" Font="Thick" ButtonType="PushButton" RadioGroup="" LAnchorPoint="1" LAnchorOffset="-76" TAnchorPoint="0" TAnchorOffset="31" RAnchorPoint="1" RAnchorOffset="-32" BAnchorPoint="0" BAnchorOffset="75" DT_VCENTER="1" DT_CENTER="1" Name="CloseButton" BGColor="ffffffff" TextColor="ffffffff" NewControlDepth="2" WindowSoundTemplate="CloseWindowPhys" Text="" TextId="" TooltipColor="" NormalTextColor="ffffffff" PressedTextColor="ffffffff" FlybyTextColor="ffffffff" PressedFlybyTextColor="ffffffff" DisabledTextColor="ffffffff" NewWindowDepth="1">
            <Event Name="ButtonSignal" Function="OnCancel"/>
        </Control>
    </Form>
</Forms>
