<Forms>
    <Form Name="AbilityVendorForm" Class="Window" LAnchorPoint="0.5" LAnchorOffset="-220" TAnchorPoint="0.5" TAnchorOffset="-330" RAnchorPoint="0.5" RAnchorOffset="220" BAnchorPoint="0.5" BAnchorOffset="282" Template="OldMetal" Moveable="1" Border="0" Sprite="" Picture="1" BGColor="white" TextColor="white" Escapable="1" Overlapped="1" Visible="1" IgnoreMouse="0" RelativeToClient="1" Text="" TooltipColor="" Tooltip="">
        <Event Name="WindowClosed" Function="OnClose"/>
        <Control Class="Window" LAnchorPoint="0" LAnchorOffset="26" TAnchorPoint="0" TAnchorOffset="72" RAnchorPoint="0" RAnchorOffset="415" BAnchorPoint="0" BAnchorOffset="525" RelativeToClient="1" Font="Default" Text="" BGColor="UI_WindowBGDefault" TextColor="UI_WindowTextDefault" Template="Holo_Background_General" TooltipType="OnCursor" Name="HoloBG" TooltipColor="" Picture="0" IgnoreMouse="1" UseTemplateBG="1" Border="1"/>
        <Control Class="Window" LAnchorPoint="0" LAnchorOffset="36" TAnchorPoint="0" TAnchorOffset="146" RAnchorPoint="1" RAnchorOffset="-36" BAnchorPoint="1" BAnchorOffset="-99" RelativeToClient="1" Font="CRB_InterfaceSmall_O" Text="" Template="Holo_ScrollList" TooltipType="OnCursor" Name="ItemList" BGColor="white" TextColor="UI_TextMetalBody" TooltipColor="" VScroll="1" IgnoreMouse="1" NewControlDepth="1" Tooltip="" DT_CENTER="1" DT_VCENTER="1" Border="1" UseTemplateBG="1"/>
        <Pixie LAnchorPoint="0" LAnchorOffset="35" TAnchorPoint="0" TAnchorOffset="20" RAnchorPoint="1" RAnchorOffset="-35" BAnchorPoint="1" BAnchorOffset="-20" BGColor="white" Font="Default" TextColor="white" Text="" Sprite="CRB_Basekit:kitBase_MetalGrey_Small" Line="0"/>
        <Control Class="Window" LAnchorPoint="0" LAnchorOffset="26" TAnchorPoint="0" TAnchorOffset="118" RAnchorPoint="0" RAnchorOffset="414" BAnchorPoint="0" BAnchorOffset="183" RelativeToClient="1" Font="Default" Text="" BGColor="UI_WindowBGDefault" TextColor="UI_WindowTextDefault" Template="Default" TooltipType="OnCursor" Name="Shadow" TooltipColor="" Sprite="BK3:UI_BK3_GradientShade" Picture="1" IgnoreMouse="1"/>
        <Control Class="Window" LAnchorPoint="0" LAnchorOffset="26" TAnchorPoint="0" TAnchorOffset="73" RAnchorPoint="0" RAnchorOffset="414" BAnchorPoint="0" BAnchorOffset="144" RelativeToClient="1" Font="Default" Text="" BGColor="UI_WindowBGDefault" TextColor="UI_WindowTextDefault" Template="Default" TooltipType="OnCursor" Name="Header" TooltipColor="" Sprite="BK3:UI_BK3_Metal_Inset_Block3" Border="0" IgnoreMouse="1" Picture="1" NewControlDepth="2">
            <Control Class="Window" LAnchorPoint="0" LAnchorOffset="50" TAnchorPoint="0" TAnchorOffset="0" RAnchorPoint="1" RAnchorOffset="-50" BAnchorPoint="1" BAnchorOffset="-5" RelativeToClient="1" Font="CRB_InterfaceSmall" Text="" Template="Default" TooltipType="OnCursor" Name="PortraitSubTitle" BGColor="white" TextColor="UI_TextMetalBodyHighlight" TooltipColor="" TextId="AbilityVendor_TutorialSubtitle" DT_WORDBREAK="1" Tooltip="" DT_VCENTER="1" DT_CENTER="1"/>
        </Control>
        <Control Class="Window" LAnchorPoint="0" LAnchorOffset="0" TAnchorPoint="0" TAnchorOffset="0" RAnchorPoint="1" RAnchorOffset="0" BAnchorPoint="1" BAnchorOffset="0" RelativeToClient="1" Font="Default" Text="" BGColor="UI_WindowBGDefault" TextColor="UI_WindowTextDefault" Template="Metal_Primary_NoNav" TooltipType="OnCursor" Name="BGFrame" TooltipColor="" Picture="1" IgnoreMouse="1" Moveable="0" Border="1" UseTemplateBG="1" NewControlDepth="2" HideInEditor="0"/>
        <Control Class="Window" LAnchorPoint="0" LAnchorOffset="27" TAnchorPoint="1" TAnchorOffset="-92" RAnchorPoint="1" RAnchorOffset="-26" BAnchorPoint="1" BAnchorOffset="-22" RelativeToClient="1" Font="Default" Text="" Template="Default" Name="BGBottom" BGColor="white" TextColor="white" Picture="1" IgnoreMouse="1" Sprite="BK3:UI_BK3_Metal_Footer_Large" TooltipColor="" NewControlDepth="1">
            <Control Class="Button" Base="CRB_Basekit:kitBtn_Metal_LargeGreen" Font="CRB_Button" ButtonType="PushButton" RadioGroup="" LAnchorPoint="0" LAnchorOffset="266" TAnchorPoint="0.5" TAnchorOffset="-22" RAnchorPoint="0.4" RAnchorOffset="221" BAnchorPoint="0.5" BAnchorOffset="26" DT_VCENTER="1" DT_CENTER="1" TooltipType="OnCursor" Name="BuyBtn" BGColor="white" TextColor="white" TooltipColor="" NormalTextColor="UI_BtnTextGreenNormal" PressedTextColor="UI_BtnTextGreenPressed" FlybyTextColor="UI_BtnTextGreenFlyby" PressedFlybyTextColor="UI_BtnTextGreenPressedFlyby" DisabledTextColor="UI_BtnTextGreenDisabled" Text="" TextId="CRB_Buy">
                <Event Name="ButtonSignal" Function="OnBuyBtn"/>
            </Control>
            <Control Class="Window" LAnchorPoint="0" LAnchorOffset="12" TAnchorPoint="0.5" TAnchorOffset="-20" RAnchorPoint="1" RAnchorOffset="-200" BAnchorPoint="0.5" BAnchorOffset="23" RelativeToClient="1" Font="Default" Text="" Template="Default" Name="BottomInfoInnerBG" BGColor="UI_WindowTitleGray" TextColor="white" Sprite="BK3:UI_BK3_Metal_Inset_SharpCorner" Picture="1" IgnoreMouse="1" TooltipColor="">
                <Control Class="Window" LAnchorPoint="0" LAnchorOffset="8" TAnchorPoint="0" TAnchorOffset="4" RAnchorPoint="1" RAnchorOffset="-8" BAnchorPoint="0" BAnchorOffset="24" RelativeToClient="1" Font="CRB_InterfaceSmall_O" Text="" Template="" TooltipType="OnCursor" Name="CurrentCashLabel" BGColor="white" TextColor="UI_TextMetalBodyHighlight" TooltipColor="" TextId="ABV_CurrentCashLabel"/>
                <Control Class="CashWindow" LAnchorPoint="0" LAnchorOffset="8" TAnchorPoint="1" TAnchorOffset="-24" RAnchorPoint="1" RAnchorOffset="-8" BAnchorPoint="1" BAnchorOffset="-4" RelativeToClient="1" Font="CRB_InterfaceMedium" Sprite="" Text="" Template="OldMetalControl" Name="CurrentCash" BGColor="white" TextColor="UI_TextMetalBodyHighlight" Tooltip="" IgnoreMouse="1" SkipZeroes="1" TooltipColor=""/>
            </Control>
        </Control>
        <Control Class="Window" LAnchorPoint="0" LAnchorOffset="38" TAnchorPoint="0" TAnchorOffset="25" RAnchorPoint="1" RAnchorOffset="-38" BAnchorPoint="0" BAnchorOffset="63" RelativeToClient="1" Font="Default" Text="" Template="Default" TooltipType="OnCursor" Name="BGTop" BGColor="white" TextColor="white" TooltipColor="" Picture="1" IgnoreMouse="1" Sprite="">
            <Control Class="Window" LAnchorPoint=".5" LAnchorOffset="-130" TAnchorPoint="0" TAnchorOffset="-1" RAnchorPoint=".5" RAnchorOffset="130" BAnchorPoint="0" BAnchorOffset="35" RelativeToClient="1" Font="CRB_HeaderMedium" Text="" Template="Default" TooltipType="OnCursor" Name="PortraitTitle" BGColor="white" TextColor="UI_WindowTitleYellow" TooltipColor="" TextId="AbilityVendor_AbilityTrainer" Tooltip="" Sprite="BK3:sprMetal_Framing_Header" Picture="1" IgnoreMouse="1" DT_VCENTER="1" DT_CENTER="1"/>
        </Control>
        <Control Class="Button" Text="" Base="CRB_Basekit:kitBtn_Close" Font="CRB_InterfaceMedium" ButtonType="PushButton" RadioGroup="" LAnchorPoint="1" LAnchorOffset="-52" TAnchorPoint="0" TAnchorOffset="24" RAnchorPoint="1" RAnchorOffset="-25" BAnchorPoint="0" BAnchorOffset="53" DT_VCENTER="1" DT_CENTER="1" Name="CloseBtn" BGColor="white" TextColor="white" NoClip="1" RelativeToClient="1" TestAlpha="1" WindowSoundTemplate="CloseWindowPhys" HideInEditor="0" NormalTextColor="white" PressedTextColor="white" FlybyTextColor="white" PressedFlybyTextColor="white" DisabledTextColor="white" TooltipColor="">
            <Event Name="ButtonSignal" Function="OnClose"/>
        </Control>
    </Form>
    <Form Class="Window" LAnchorPoint="0" LAnchorOffset="0" TAnchorPoint="0" TAnchorOffset="0" RAnchorPoint="1" RAnchorOffset="-21" BAnchorPoint="0" BAnchorOffset="62" RelativeToClient="0" Font="Default" Text="" Template="Default" Name="AbilityItem" Border="0" Picture="0" SwallowMouseClicks="1" Moveable="0" Escapable="0" Overlapped="0" BGColor="white" TextColor="white" TooltipColor="">
        <Control Class="Button" Base="BK3:btnHolo_ListView_Mid" Font="Thick" ButtonType="Check" RadioGroup="" LAnchorPoint="0" LAnchorOffset="0" TAnchorPoint="0" TAnchorOffset="0" RAnchorPoint="1" RAnchorOffset="0" BAnchorPoint="1" BAnchorOffset="-2" DT_VCENTER="1" DT_CENTER="1" Name="AbilityItemBtn" BGColor="white" TextColor="white" NormalTextColor="white" PressedTextColor="white" FlybyTextColor="white" PressedFlybyTextColor="white" DisabledTextColor="white" NoClip="0" GlobalRadioGroup="AbilityVendor_AbilityVendorListItemRadioGroup" NeverBringToFront="1" TooltipColor="">
            <Event Name="ButtonCheck" Function="OnAbilityItemToggle"/>
            <Event Name="ButtonUncheck" Function="OnAbilityItemToggle"/>
            <Control Class="Window" LAnchorPoint="0" LAnchorOffset="4" TAnchorPoint="0" TAnchorOffset="4" RAnchorPoint="0" RAnchorOffset="56" BAnchorPoint="1" BAnchorOffset="-4" RelativeToClient="1" Font="Default" Text="" Template="Default" TooltipType="OnCursor" Name="AbilityIconBG" BGColor="white" TextColor="white" TooltipColor="" Sprite="BK3:UI_BK3_Holo_InsetSimple" Picture="1" IgnoreMouse="1" NewControlDepth="1"/>
            <Control Class="Window" LAnchorPoint="0" LAnchorOffset="8" TAnchorPoint="0" TAnchorOffset="8" RAnchorPoint="0" RAnchorOffset="52" BAnchorPoint="1" BAnchorOffset="-8" RelativeToClient="1" Font="Default" Text="" Template="Default" TooltipType="OnCursor" Name="AbilityIcon" BGColor="white" TextColor="white" TooltipColor="" Picture="1" IgnoreMouse="1" NewControlDepth="1" TooltipFont="CRB_InterfaceSmall_O" Sprite=""/>
            <Control Class="Window" LAnchorPoint="0" LAnchorOffset="60" TAnchorPoint="0" TAnchorOffset="4" RAnchorPoint="1" RAnchorOffset="-4" BAnchorPoint="1" BAnchorOffset="-4" RelativeToClient="1" Font="CRB_InterfaceMedium_B" Text="" Template="Default" Name="AbilityTitle" BGColor="white" TextColor="UI_TextHoloTitle" TextId="Challenges_NoProgress" DT_VCENTER="0" DT_WORDBREAK="1" IgnoreMouse="1" TooltipColor=""/>
            <Control Class="Window" LAnchorPoint="0" LAnchorOffset="60" TAnchorPoint="0" TAnchorOffset="20" RAnchorPoint="1" RAnchorOffset="-4" BAnchorPoint="1" BAnchorOffset="-4" RelativeToClient="1" Font="CRB_InterfaceSmall" Text="" Template="Default" Name="AbilityCategory" BGColor="white" TextColor="UI_TextHoloBody" TextId="Challenges_NoProgress" DT_VCENTER="0" DT_WORDBREAK="1" IgnoreMouse="1" TooltipColor=""/>
            <Control Class="CashWindow" LAnchorPoint="0" LAnchorOffset="60" TAnchorPoint="1" TAnchorOffset="-24" RAnchorPoint="1" RAnchorOffset="-4" BAnchorPoint="1" BAnchorOffset="-4" RelativeToClient="1" Font="CRB_InterfaceMedium" Sprite="" Text="" Template="OldMetalControl" Name="AbilityCostCash" BGColor="white" TextColor="UI_TextMetalGoldHighlight" DT_RIGHT="0" Tooltip="" IgnoreMouse="1" SkipZeroes="1" TooltipColor=""/>
        </Control>
        <Control Class="Window" LAnchorPoint="0" LAnchorOffset="7" TAnchorPoint="0" TAnchorOffset="7" RAnchorPoint="0" RAnchorOffset="53" BAnchorPoint="1" BAnchorOffset="-9" RelativeToClient="1" Font="Default" Text="" Template="Default" TooltipType="OnCursor" Name="AbilityLockBlocker" BGColor="UI_AlphaPercent60" TextColor="white" TooltipColor="" Sprite="" Picture="1" IgnoreMouse="1" Visible="0" NewControlDepth="3">
            <Pixie LAnchorPoint="0" LAnchorOffset="5" TAnchorPoint="0" TAnchorOffset="5" RAnchorPoint="1" RAnchorOffset="-5" BAnchorPoint="1" BAnchorOffset="-5" BGColor="white" Font="Default" TextColor="white" Text="" Sprite="ClientSprites:Icon_Windows_UI_CRB_Lock_Holo" Line="0"/>
        </Control>
    </Form>
    <Form Class="Window" LAnchorPoint="0" LAnchorOffset="0" TAnchorPoint="0" TAnchorOffset="0" RAnchorPoint="1" RAnchorOffset="-21" BAnchorPoint="0" BAnchorOffset="62" RelativeToClient="0" Font="Default" Text="" Template="Default" Name="RespecAMPsItem" Border="0" Picture="0" SwallowMouseClicks="1" Moveable="0" Escapable="0" Overlapped="0" BGColor="white" TextColor="white" TooltipColor="">
        <Control Class="Button" Base="BK3:btnHolo_ListView_Mid" Font="Thick" ButtonType="Check" RadioGroup="" LAnchorPoint="0" LAnchorOffset="0" TAnchorPoint="0" TAnchorOffset="0" RAnchorPoint="1" RAnchorOffset="0" BAnchorPoint="1" BAnchorOffset="-2" DT_VCENTER="1" DT_CENTER="1" Name="RespecAMPsItemBtn" BGColor="white" TextColor="white" NormalTextColor="white" PressedTextColor="white" FlybyTextColor="white" PressedFlybyTextColor="white" DisabledTextColor="white" NoClip="0" GlobalRadioGroup="AbilityVendor_AbilityVendorListItemRadioGroup" NeverBringToFront="1" TooltipColor="" Text="" Tooltip="">
            <Control Class="Window" LAnchorPoint="0" LAnchorOffset="4" TAnchorPoint="0" TAnchorOffset="4" RAnchorPoint="0" RAnchorOffset="56" BAnchorPoint="1" BAnchorOffset="-4" RelativeToClient="1" Font="Default" Text="" Template="Default" TooltipType="OnCursor" Name="RespecAMPsIconBG" BGColor="white" TextColor="white" TooltipColor="" Sprite="BK3:UI_BK3_Holo_InsetSimple" Picture="1" IgnoreMouse="1" NewControlDepth="1"/>
            <Control Class="Window" LAnchorPoint="0" LAnchorOffset="8" TAnchorPoint="0" TAnchorOffset="8" RAnchorPoint="0" RAnchorOffset="52" BAnchorPoint="1" BAnchorOffset="-8" RelativeToClient="1" Font="Default" Text="" Template="Default" TooltipType="OnCursor" Name="RespecAMPsIcon" BGColor="white" TextColor="white" TooltipColor="" Picture="1" IgnoreMouse="1" NewControlDepth="1" TooltipFont="CRB_InterfaceSmall_O" Sprite="ClientSprites:Icon_ItemMisc_UI_Item_Skull" HideInEditor="0" Visible="1"/>
            <Control Class="Window" LAnchorPoint="0" LAnchorOffset="60" TAnchorPoint="0" TAnchorOffset="6" RAnchorPoint="1" RAnchorOffset="-4" BAnchorPoint="1" BAnchorOffset="-2" RelativeToClient="1" Font="CRB_InterfaceMedium_B" Text="" Template="Default" Name="RespecAMPsTitle" BGColor="white" TextColor="UI_TextHoloTitle" TextId="AbilityVendor_RespecAMPPoints" DT_VCENTER="0" DT_WORDBREAK="1" IgnoreMouse="1" TooltipColor="" Tooltip=""/>
            <Control Class="Window" LAnchorPoint="0" LAnchorOffset="60" TAnchorPoint="0" TAnchorOffset="22" RAnchorPoint="1" RAnchorOffset="-4" BAnchorPoint="1" BAnchorOffset="-2" RelativeToClient="1" Font="CRB_InterfaceSmall" Text="" Template="Default" Name="RespecAMPsSubtitle" BGColor="white" TextColor="UI_TextHoloBody" TextId="ABV_NoPointsSpent" DT_VCENTER="0" DT_WORDBREAK="1" IgnoreMouse="1" TooltipColor=""/>
            <Control Class="Window" LAnchorPoint="0" LAnchorOffset="60" TAnchorPoint="1" TAnchorOffset="-25" RAnchorPoint="1" RAnchorOffset="-4" BAnchorPoint="1" BAnchorOffset="-5" RelativeToClient="1" Font="CRB_InterfaceMedium" Text="" Template="Default" TooltipType="OnCursor" Name="RespecAMPsCostText" BGColor="white" TextColor="white" TooltipColor="" TextId="CRB_Free" DT_VCENTER="1"/>
            <Event Name="ButtonCheck" Function="OnAbilityItemToggle"/>
            <Event Name="ButtonUncheck" Function="OnAbilityItemToggle"/>
        </Control>
        <Control Class="Window" LAnchorPoint="0" LAnchorOffset="8" TAnchorPoint="0" TAnchorOffset="8" RAnchorPoint="0" RAnchorOffset="52" BAnchorPoint="1" BAnchorOffset="-10" RelativeToClient="1" Font="Default" Text="" Template="Default" TooltipType="OnCursor" Name="RespecAMPsBlocker" BGColor="UI_AlphaPercent60" TextColor="white" TooltipColor="" Sprite="BlackFill" Picture="1" IgnoreMouse="1" Visible="0" NewControlDepth="3" HideInEditor="0" TooltipFont="CRB_InterfaceSmall_O" Tooltip="" TooltipId="AbilityVendor_AMPsAvailable">
            <Pixie LAnchorPoint="0" LAnchorOffset="5" TAnchorPoint="0" TAnchorOffset="5" RAnchorPoint="1" RAnchorOffset="-5" BAnchorPoint="1" BAnchorOffset="-5" BGColor="white" Font="Default" TextColor="white" Text="" Sprite="ClientSprites:Icon_Windows_UI_CRB_Lock_Holo" Line="0"/>
        </Control>
    </Form>
</Forms>
