<Forms>
    <Form Class="CharacterFrame" LAnchorPoint="0.5" LAnchorOffset="-501" TAnchorPoint="0" TAnchorOffset="50" RAnchorPoint="0.5" RAnchorOffset="353" BAnchorPoint="0" BAnchorOffset="681" RelativeToClient="1" Font="Default" Sprite="CRB_Basekit:kitBase_MetalGrey_ListSmall" Text="" Template="Default" Name="CharacterWindow" BGColor="white" TextColor="white" Picture="0" Overlapped="1" TestAlpha="1" Moveable="1" SwallowMouseClicks="1" Escapable="1" UseTransitionSprite="0" TransitionShowHide="1" TextId="" IgnoreMouse="1" TooltipColor="" Tooltip="" TooltipId="" HideInEditor="0" Sizable="0">
        <Control Class="Window" LAnchorPoint="0" LAnchorOffset="0" TAnchorPoint="0" TAnchorOffset="0" RAnchorPoint="1" RAnchorOffset="0" BAnchorPoint="1" BAnchorOffset="0" RelativeToClient="1" Font="Default" Text="" Template="Default" Name="BGArt" BGColor="white" TextColor="white" HideInEditor="0" TooltipColor="" Tooltip="">
            <Control Class="Window" LAnchorPoint="0" LAnchorOffset="22" TAnchorPoint="0" TAnchorOffset="64" RAnchorPoint="1" RAnchorOffset="-22" BAnchorPoint="1" BAnchorOffset="-19" RelativeToClient="1" Font="Default" Text="" Template="Default" Name="BGArt_HoloBacker" BGColor="white" TextColor="white" Picture="1" IgnoreMouse="1" Sprite="CRB_Basekit:kitBase_MetalGrey_Large" TooltipColor=""/>
        </Control>
        <Control Class="Window" LAnchorPoint="1" LAnchorOffset="-565" TAnchorPoint="0" TAnchorOffset="65" RAnchorPoint="1" RAnchorOffset="-277" BAnchorPoint="1" BAnchorOffset="-15" RelativeToClient="1" Font="Default" Text="" Name="Middle" BGColor="white" TextColor="white" IgnoreMouse="1" TooltipColor="" HideInEditor="0">
            <Control Class="CostumeWindow" LAnchorPoint="0" LAnchorOffset="5" TAnchorPoint="0" TAnchorOffset="6" RAnchorPoint="1" RAnchorOffset="-17" BAnchorPoint="1" BAnchorOffset="-61" RelativeToClient="1" Font="Default" Sprite="WhiteFill" Text="" Template="Default" Name="Costume" BGColor="white" TextColor="white" Camera="Paperdoll" Animated="1" HideInEditor="1" Visible="1" TooltipColor="" Tooltip=""/>
            <Control Class="Button" Base="btn_ArrowTurnLeft" Font="Thick" ButtonType="PushButton" RadioGroup="" LAnchorPoint="0.5" LAnchorOffset="-183" TAnchorPoint="1" TAnchorOffset="-101" RAnchorPoint="0.5" RAnchorOffset="-53" BAnchorPoint="1" BAnchorOffset="-73" DT_VCENTER="1" DT_CENTER="1" Name="RotateLeft" BGColor="UI_AlphaPercent70" TextColor="white" WindowSoundTemplate="Custom" NormalTextColor="white" PressedTextColor="white" FlybyTextColor="white" PressedFlybyTextColor="white" DisabledTextColor="white" TooltipColor="" DrawAsCheckbox="1" CheckboxRight="1" NewControlDepth="3">
                <Event Name="ButtonHoldBegin" Function="OnRotateLeft"/>
                <Event Name="ButtonUp" Function="OnRotateLeftCancel"/>
                <Event Name="ButtonUpCancel" Function="OnRotateLeftCancel"/>
            </Control>
            <Control Class="Button" Base="btn_ArrowTurnRight" Font="Thick" ButtonType="PushButton" RadioGroup="" LAnchorPoint="0.5" LAnchorOffset="53" TAnchorPoint="1" TAnchorOffset="-101" RAnchorPoint="0.5" RAnchorOffset="183" BAnchorPoint="1" BAnchorOffset="-73" DT_VCENTER="1" DT_CENTER="1" Name="RotateRight" BGColor="UI_AlphaPercent70" TextColor="white" WindowSoundTemplate="Custom" NormalTextColor="white" PressedTextColor="white" FlybyTextColor="white" PressedFlybyTextColor="white" DisabledTextColor="white" TooltipColor="" Tooltip="" DrawAsCheckbox="1" NewControlDepth="3">
                <Event Name="ButtonHoldBegin" Function="OnRotateRight"/>
                <Event Name="ButtonUp" Function="OnRotateRightCancel"/>
                <Event Name="ButtonUpCancel" Function="OnRotateRightCancel"/>
            </Control>
            <Control Class="Button" Base="BK3:btnHolo_Check" Font="CRB_InterfaceMedium" ButtonType="Check" RadioGroup="" LAnchorPoint="0" LAnchorOffset="97" TAnchorPoint="1" TAnchorOffset="-101" RAnchorPoint="0" RAnchorOffset="189" BAnchorPoint="1" BAnchorOffset="-72" DT_VCENTER="1" DT_CENTER="0" TooltipType="OnCursor" Name="SetSheatheBtn" BGColor="white" TextColor="UI_BtnTextBlueNormal" TooltipColor="" NormalTextColor="UI_BtnTextHoloNormal" PressedTextColor="UI_BtnTextHoloPressed" FlybyTextColor="UI_BtnTextHoloFlyby" PressedFlybyTextColor="UI_BtnTextHoloPressedFlyby" DisabledTextColor="UI_BtnTextHoloDisabled" Text="" TextId="Character_SetSheathed" NewControlDepth="3" DrawAsCheckbox="1">
                <Event Name="ButtonCheck" Function="OnSheatheCheck"/>
                <Event Name="ButtonUncheck" Function="OnSheatheCheck"/>
            </Control>
            <Control Class="Window" LAnchorPoint="0.5" LAnchorOffset="-104" TAnchorPoint="1" TAnchorOffset="-414" RAnchorPoint="0.5" RAnchorOffset="92" BAnchorPoint="1" BAnchorOffset="-55" RelativeToClient="1" Font="Default" Text="" Template="CRB_HologramFramedThin" Name="CostumeBtnHolder" BGColor="white" TextColor="white" UseTemplateBG="0" Border="0" NewControlDepth="11" CloseOnExternalClick="1" HideInEditor="0" IgnoreMouse="0" TransitionShowHide="0" TooltipColor="" NoClip="0" SwallowMouseClicks="1">
                <Control Class="Window" LAnchorPoint="0" LAnchorOffset="0" TAnchorPoint="0" TAnchorOffset="0" RAnchorPoint="1" RAnchorOffset="0" BAnchorPoint="1" BAnchorOffset="0" RelativeToClient="1" Font="Default" Text="" Template="Default" Name="BGArt" BGColor="white" TextColor="white" TooltipColor="" Sprite="CRB_Basekit:kitBase_MetalGrey_Small" Picture="1" IgnoreMouse="1">
                    <Control Class="Window" LAnchorPoint="0" LAnchorOffset="0" TAnchorPoint="0" TAnchorOffset="0" RAnchorPoint="1" RAnchorOffset="0" BAnchorPoint="1" BAnchorOffset="0" RelativeToClient="1" Font="Default" Text="" Template="Default" Name="Frame" BGColor="UI_AlphaPercent95" TextColor="white" Picture="1" IgnoreMouse="1" Sprite="BK3:sprMetal_ExpandMenu_MedSmall_Framing" TooltipColor="" DT_CENTER="0">
                        <Pixie LAnchorPoint="0" LAnchorOffset="11" TAnchorPoint="0" TAnchorOffset="13" RAnchorPoint="1" RAnchorOffset="-10" BAnchorPoint="0" BAnchorOffset="58" BGColor="white" Font="CRB_InterfaceSmall" TextColor="UI_TextMetalBodyHighlight" Text="Choose a costume to edit" TextId="" DT_CENTER="1" DT_VCENTER="0" DT_WORDBREAK="1" Line="0"/>
                    </Control>
                </Control>
                <Control Class="Button" Base="BK3:btnMetal_ExpandMenu_NoNav" Font="CRB_InterfaceSmall" ButtonType="Check" RadioGroup="CostumeBtns" LAnchorPoint="0" LAnchorOffset="6" TAnchorPoint="0" TAnchorOffset="35" RAnchorPoint="1" RAnchorOffset="-5" BAnchorPoint="0" BAnchorOffset="63" DT_VCENTER="1" DT_CENTER="1" Name="CostumeBtn1" BGColor="white" TextColor="UI_BtnTextHoloNormal" WindowSoundTemplate="PushbuttonDigi01" Tooltip="" TooltipId="" NormalTextColor="UI_BtnTextGoldListNormal" PressedTextColor="UI_BtnTextGoldListPressed" FlybyTextColor="UI_BtnTextGoldListFlyby" PressedFlybyTextColor="UI_BtnTextGoldListPressedFlyby" DisabledTextColor="UI_BtnTextHoloDisabled" GlobalRadioGroup="" NewControlDepth="5" RadioDisallowNonSelection="1" DrawAsCheckbox="0" Text="" TextId="CRB_Test_Set_name" TooltipColor="" RelativeToClient="1" TestAlpha="0">
                    <Event Name="ButtonCheck" Function="OnCostumeBtnToggle"/>
                </Control>
                <Control Class="Button" Base="BK3:btnMetal_ExpandMenu_NoNav" Font="CRB_InterfaceSmall" ButtonType="Check" RadioGroup="CostumeBtns" LAnchorPoint="0" LAnchorOffset="6" TAnchorPoint="0" TAnchorOffset="64" RAnchorPoint="1" RAnchorOffset="-5" BAnchorPoint="0" BAnchorOffset="92" DT_VCENTER="1" DT_CENTER="1" Name="CostumeBtn2" BGColor="white" TextColor="UI_BtnTextHoloNormal" WindowSoundTemplate="PushbuttonDigi01" Tooltip="" TooltipId="" NormalTextColor="UI_BtnTextGoldListNormal" PressedTextColor="UI_BtnTextGoldListPressed" FlybyTextColor="UI_BtnTextGoldListFlyby" PressedFlybyTextColor="UI_BtnTextGoldListPressedFlyby" DisabledTextColor="UI_BtnTextHoloDisabled" GlobalRadioGroup="" NewControlDepth="5" RadioDisallowNonSelection="1" DrawAsCheckbox="0" Text="" TextId="CRB_Test_Set_name" TooltipColor="" RelativeToClient="1" TestAlpha="0">
                    <Event Name="ButtonCheck" Function="OnCostumeBtnToggle"/>
                </Control>
                <Control Class="Button" Base="BK3:btnMetal_ExpandMenu_NoNav" Font="CRB_InterfaceSmall" ButtonType="Check" RadioGroup="CostumeBtns" LAnchorPoint="0" LAnchorOffset="6" TAnchorPoint="0" TAnchorOffset="93" RAnchorPoint="1" RAnchorOffset="-5" BAnchorPoint="0" BAnchorOffset="121" DT_VCENTER="1" DT_CENTER="1" Name="CostumeBtn3" BGColor="white" TextColor="UI_BtnTextHoloNormal" WindowSoundTemplate="PushbuttonDigi01" Tooltip="" TooltipId="" NormalTextColor="UI_BtnTextGoldListNormal" PressedTextColor="UI_BtnTextGoldListPressed" FlybyTextColor="UI_BtnTextGoldListFlyby" PressedFlybyTextColor="UI_BtnTextGoldListPressedFlyby" DisabledTextColor="UI_BtnTextHoloDisabled" GlobalRadioGroup="" NewControlDepth="5" RadioDisallowNonSelection="1" DrawAsCheckbox="0" Text="" TextId="CRB_Test_Set_name" TooltipColor="" TestAlpha="0" RelativeToClient="1">
                    <Event Name="ButtonCheck" Function="OnCostumeBtnToggle"/>
                </Control>
                <Control Class="Button" Base="BK3:btnMetal_ExpandMenu_NoNav" Font="CRB_InterfaceSmall" ButtonType="Check" RadioGroup="CostumeBtns" LAnchorPoint="0" LAnchorOffset="6" TAnchorPoint="0" TAnchorOffset="122" RAnchorPoint="1" RAnchorOffset="-5" BAnchorPoint="0" BAnchorOffset="150" DT_VCENTER="1" DT_CENTER="1" Name="CostumeBtn4" BGColor="white" TextColor="UI_BtnTextHoloNormal" WindowSoundTemplate="PushbuttonDigi01" Tooltip="" TooltipId="" NormalTextColor="UI_BtnTextGoldListNormal" PressedTextColor="UI_BtnTextGoldListPressed" FlybyTextColor="UI_BtnTextGoldListFlyby" PressedFlybyTextColor="UI_BtnTextGoldListPressedFlyby" DisabledTextColor="UI_BtnTextHoloDisabled" GlobalRadioGroup="" NewControlDepth="5" RadioDisallowNonSelection="1" DrawAsCheckbox="0" Text="" TextId="CRB_Test_Set_name" TooltipColor="" RelativeToClient="1" TestAlpha="0">
                    <Event Name="ButtonCheck" Function="OnCostumeBtnToggle"/>
                </Control>
                <Control Class="Button" Base="BK3:btnMetal_ExpandMenu_NoNav" Font="CRB_InterfaceSmall" ButtonType="Check" RadioGroup="CostumeBtns" LAnchorPoint="0" LAnchorOffset="6" TAnchorPoint="0" TAnchorOffset="151" RAnchorPoint="1" RAnchorOffset="-5" BAnchorPoint="0" BAnchorOffset="179" DT_VCENTER="1" DT_CENTER="1" Name="CostumeBtn5" BGColor="white" TextColor="UI_BtnTextHoloNormal" WindowSoundTemplate="PushbuttonDigi01" Tooltip="" TooltipId="" NormalTextColor="UI_BtnTextGoldListNormal" PressedTextColor="UI_BtnTextGoldListPressed" FlybyTextColor="UI_BtnTextGoldListFlyby" PressedFlybyTextColor="UI_BtnTextGoldListPressedFlyby" DisabledTextColor="UI_BtnTextHoloDisabled" GlobalRadioGroup="" NewControlDepth="5" RadioDisallowNonSelection="1" DrawAsCheckbox="0" Text="" TextId="CRB_Test_Set_name" TooltipColor="" TestAlpha="0" RelativeToClient="1">
                    <Event Name="ButtonCheck" Function="OnCostumeBtnToggle"/>
                </Control>
                <Control Class="Button" Base="BK3:btnMetal_ExpandMenu_NoNav" Font="CRB_InterfaceSmall" ButtonType="Check" RadioGroup="CostumeBtns" LAnchorPoint="0" LAnchorOffset="6" TAnchorPoint="0" TAnchorOffset="180" RAnchorPoint="1" RAnchorOffset="-5" BAnchorPoint="0" BAnchorOffset="208" DT_VCENTER="1" DT_CENTER="1" Name="CostumeBtn6" BGColor="white" TextColor="UI_BtnTextHoloNormal" WindowSoundTemplate="PushbuttonDigi01" Tooltip="" TooltipId="" NormalTextColor="UI_BtnTextGoldListNormal" PressedTextColor="UI_BtnTextGoldListPressed" FlybyTextColor="UI_BtnTextGoldListFlyby" PressedFlybyTextColor="UI_BtnTextGoldListPressedFlyby" DisabledTextColor="UI_BtnTextHoloDisabled" GlobalRadioGroup="" NewControlDepth="5" RadioDisallowNonSelection="1" DrawAsCheckbox="0" Text="" TextId="CRB_Test_Set_name" TooltipColor="" TestAlpha="0" RelativeToClient="1">
                    <Event Name="ButtonCheck" Function="OnCostumeBtnToggle"/>
                </Control>
                <Control Class="Button" Base="BK3:btnMetal_ExpandMenu_NoNav" Font="CRB_InterfaceSmall" ButtonType="Check" RadioGroup="CostumeBtns" LAnchorPoint="0" LAnchorOffset="6" TAnchorPoint="0" TAnchorOffset="209" RAnchorPoint="1" RAnchorOffset="-5" BAnchorPoint="0" BAnchorOffset="237" DT_VCENTER="1" DT_CENTER="1" Name="CostumeBtn7" BGColor="white" TextColor="UI_BtnTextHoloNormal" WindowSoundTemplate="PushbuttonDigi01" Tooltip="" TooltipId="" NormalTextColor="UI_BtnTextGoldListNormal" PressedTextColor="UI_BtnTextGoldListPressed" FlybyTextColor="UI_BtnTextGoldListFlyby" PressedFlybyTextColor="UI_BtnTextGoldListPressedFlyby" DisabledTextColor="UI_BtnTextHoloDisabled" GlobalRadioGroup="" NewControlDepth="5" RadioDisallowNonSelection="1" DrawAsCheckbox="0" Text="" TextId="CRB_Test_Set_name" TooltipColor="" TestAlpha="0" RelativeToClient="1">
                    <Event Name="ButtonCheck" Function="OnCostumeBtnToggle"/>
                </Control>
                <Control Class="Button" Base="BK3:btnMetal_ExpandMenu_NoNav" Font="CRB_InterfaceSmall" ButtonType="Check" RadioGroup="CostumeBtns" LAnchorPoint="0" LAnchorOffset="6" TAnchorPoint="0" TAnchorOffset="238" RAnchorPoint="1" RAnchorOffset="-5" BAnchorPoint="0" BAnchorOffset="266" DT_VCENTER="1" DT_CENTER="1" Name="CostumeBtn8" BGColor="white" TextColor="UI_BtnTextHoloNormal" WindowSoundTemplate="PushbuttonDigi01" Tooltip="" TooltipId="" NormalTextColor="UI_BtnTextGoldListNormal" PressedTextColor="UI_BtnTextGoldListPressed" FlybyTextColor="UI_BtnTextGoldListFlyby" PressedFlybyTextColor="UI_BtnTextGoldListPressedFlyby" DisabledTextColor="UI_BtnTextHoloDisabled" GlobalRadioGroup="" NewControlDepth="5" RadioDisallowNonSelection="1" DrawAsCheckbox="0" Text="" TextId="CRB_Test_Set_name" TooltipColor="" RelativeToClient="1" TestAlpha="0">
                    <Event Name="ButtonCheck" Function="OnCostumeBtnToggle"/>
                </Control>
                <Control Class="Button" Base="BK3:btnMetal_ExpandMenu_NoNav" Font="CRB_InterfaceSmall" ButtonType="Check" RadioGroup="CostumeBtns" LAnchorPoint="0" LAnchorOffset="6" TAnchorPoint="0" TAnchorOffset="267" RAnchorPoint="1" RAnchorOffset="-5" BAnchorPoint="0" BAnchorOffset="295" DT_VCENTER="1" DT_CENTER="1" Name="CostumeBtn9" BGColor="white" TextColor="UI_BtnTextHoloNormal" WindowSoundTemplate="PushbuttonDigi01" Tooltip="" TooltipId="" NormalTextColor="UI_BtnTextGoldListNormal" PressedTextColor="UI_BtnTextGoldListPressed" FlybyTextColor="UI_BtnTextGoldListFlyby" PressedFlybyTextColor="UI_BtnTextGoldListPressedFlyby" DisabledTextColor="UI_BtnTextHoloDisabled" GlobalRadioGroup="" NewControlDepth="5" RadioDisallowNonSelection="1" DrawAsCheckbox="0" Text="" TextId="CRB_Test_Set_name" TooltipColor="" RelativeToClient="1" TestAlpha="0">
                    <Event Name="ButtonCheck" Function="OnCostumeBtnToggle"/>
                </Control>
                <Control Class="Button" Base="BK3:btnMetal_ExpandMenu_NoNav" Font="CRB_InterfaceSmall" ButtonType="Check" RadioGroup="CostumeBtns" LAnchorPoint="0" LAnchorOffset="6" TAnchorPoint="0" TAnchorOffset="296" RAnchorPoint="1" RAnchorOffset="-5" BAnchorPoint="0" BAnchorOffset="324" DT_VCENTER="1" DT_CENTER="1" Name="CostumeBtn10" BGColor="white" TextColor="UI_BtnTextHoloNormal" WindowSoundTemplate="PushbuttonDigi01" Tooltip="" TooltipId="" NormalTextColor="UI_BtnTextGoldListNormal" PressedTextColor="UI_BtnTextGoldListPressed" FlybyTextColor="UI_BtnTextGoldListFlyby" PressedFlybyTextColor="UI_BtnTextGoldListPressedFlyby" DisabledTextColor="UI_BtnTextHoloDisabled" GlobalRadioGroup="" NewControlDepth="5" RadioDisallowNonSelection="1" DrawAsCheckbox="0" Text="" TextId="CRB_Test_Set_name" TooltipColor="" TestAlpha="0" RelativeToClient="1">
                    <Event Name="ButtonCheck" Function="OnCostumeBtnToggle"/>
                </Control>
                <Event Name="WindowClosed" Function="OnCostumeMenuClose"/>
                <Control Class="Button" Base="BK3:btnMetal_ExpandMenu_NoNav" Font="CRB_InterfaceSmall_I" ButtonType="Check" RadioGroup="CostumeBtns" LAnchorPoint="0" LAnchorOffset="6" TAnchorPoint="1" TAnchorOffset="-34" RAnchorPoint="1" RAnchorOffset="-5" BAnchorPoint="1" BAnchorOffset="-6" DT_VCENTER="1" DT_CENTER="1" Name="ClearCostumeBtn" BGColor="white" TextColor="UI_BtnTextHoloNormal" TextId="Character_ClearBtn" NormalTextColor="UI_BtnTextGoldListNormal" PressedTextColor="UI_BtnTextGoldListPressed" FlybyTextColor="UI_BtnTextGoldListFlyby" PressedFlybyTextColor="UI_BtnTextGoldListPressedFlyby" DisabledTextColor="UI_BtnTextHoloDisabled" NewControlDepth="3" Text="" TooltipColor="" DrawAsCheckbox="0" GlobalRadioGroup="" RadioDisallowNonSelection="1" RelativeToClient="1" TestAlpha="0">
                    <Event Name="ButtonSignal" Function="OnCostumeBtnToggle"/>
                    <Event Name="ButtonCheck" Function="OnCostumeBtnToggle"/>
                </Control>
            </Control>
            <Control Class="Window" LAnchorPoint="0" LAnchorOffset="3" TAnchorPoint="1" TAnchorOffset="-65" RAnchorPoint="1" RAnchorOffset="-12" BAnchorPoint="1" BAnchorOffset="-10" RelativeToClient="1" Font="Default" Text="" Template="Default" Name="BGArt_HeaderFrame" BGColor="white" TextColor="white" Picture="1" IgnoreMouse="1" Sprite="BK3:UI_BK3_Metal_Inset_Block3" TooltipColor="" HideInEditor="0" Tooltip="">
                <Control Class="Button" Base="BK3:btnMetal_Dropdown" Font="CRB_InterfaceMedium" ButtonType="Check" RadioGroup="" LAnchorPoint="0.5" LAnchorOffset="-100" TAnchorPoint="0.5" TAnchorOffset="-17" RAnchorPoint="0.5" RAnchorOffset="100" BAnchorPoint="0.5" BAnchorOffset="19" DT_VCENTER="1" DT_CENTER="1" Name="SelectCostumeWindowToggle" BGColor="white" TextColor="white" NormalTextColor="UI_BtnTextGoldListNormal" PressedTextColor="UI_BtnTextGoldListPressed" FlybyTextColor="UI_BtnTextGoldListFlyby" PressedFlybyTextColor="UI_BtnTextGoldListPressedFlyby" DisabledTextColor="UI_BtnTextGoldListDisabled" NewControlDepth="15" Text="" TextId="Character_CostumeSelectDefault" TooltipColor="">
                    <Event Name="ButtonCheck" Function="CostumeSelectionWindowToggle"/>
                    <Event Name="ButtonUncheck" Function="CostumeSelectionWindowToggle"/>
                </Control>
            </Control>
        </Control>
        <Control Class="Window" LAnchorPoint="1" LAnchorOffset="-288" TAnchorPoint="0" TAnchorOffset="70" RAnchorPoint="1" RAnchorOffset="-26" BAnchorPoint="1" BAnchorOffset="-22" RelativeToClient="1" Font="Default" Text="" Template="Holo_Background_General" Name="Right" BGColor="white" TextColor="white" Picture="1" IgnoreMouse="1" Sprite="" TooltipColor="" HideInEditor="0">
            <Control Class="Window" LAnchorPoint="0" LAnchorOffset="7" TAnchorPoint="0" TAnchorOffset="12" RAnchorPoint="1" RAnchorOffset="-12" BAnchorPoint="1" BAnchorOffset="-107" RelativeToClient="1" Font="Default" Text="" Name="DyeListContainer" BGColor="white" TextColor="white" Picture="0" IgnoreMouse="1" Sprite="" TooltipColor="" HideInEditor="0" Template="Default">
                <Control Class="Window" LAnchorPoint="0" LAnchorOffset="0" TAnchorPoint="0" TAnchorOffset="0" RAnchorPoint="1" RAnchorOffset="0" BAnchorPoint="1" BAnchorOffset="0" RelativeToClient="1" Font="Default" Text="" Template="Default" TooltipType="OnCursor" Name="DyeListFraming" BGColor="white" TextColor="white" TooltipColor="" Picture="1" IgnoreMouse="1" Sprite="BK3:UI_BK3_Holo_InsetSimple" HideInEditor="0"/>
                <Control Class="Window" LAnchorPoint="0" LAnchorOffset="2" TAnchorPoint="0" TAnchorOffset="2" RAnchorPoint="1" RAnchorOffset="-2" BAnchorPoint="1" BAnchorOffset="-2" RelativeToClient="1" Font="Default" Text="" Template="Holo_ScrollListSmall" TooltipType="OnCursor" Name="DyeList" BGColor="white" TextColor="white" TooltipColor="" VScroll="1" IgnoreMouse="1"/>
            </Control>
            <Control Class="Window" LAnchorPoint="0" LAnchorOffset="7" TAnchorPoint="1" TAnchorOffset="-101" RAnchorPoint="1" RAnchorOffset="-13" BAnchorPoint="1" BAnchorOffset="-11" RelativeToClient="1" Font="Default" Text="" Template="Holo_Inset_Callout" TooltipType="OnCursor" Name="CostContainer" BGColor="white" TextColor="white" TooltipColor="" HideInEditor="0" Border="1" IgnoreMouse="1" UseTemplateBG="1">
                <Control Class="Window" LAnchorPoint="0" LAnchorOffset="0" TAnchorPoint="0" TAnchorOffset="0" RAnchorPoint="1" RAnchorOffset="0" BAnchorPoint="1" BAnchorOffset="0" RelativeToClient="1" Font="Default" Text="" Template="Default" TooltipType="OnCursor" Name="CostListFraming" BGColor="white" TextColor="white" TooltipColor="" Picture="1" IgnoreMouse="1" Sprite="BK3:UI_BK3_Holo_InsetSimple"/>
                <Control Class="CashWindow" LAnchorPoint="1" LAnchorOffset="-220" TAnchorPoint="0" TAnchorOffset="5" RAnchorPoint="1" RAnchorOffset="-6" BAnchorPoint="0" BAnchorOffset="27" RelativeToClient="1" Font="CRB_InterfaceMedium" Sprite="" Text="" Template="Default" Name="Cost" BGColor="white" TextColor="UI_TextHoloBody" DT_RIGHT="1" Tooltip="" IgnoreMouse="1" Visible="1" SkipZeroes="1" TooltipColor="" NoClip="1" HideInEditor="0"/>
                <Control Class="Window" LAnchorPoint="0" LAnchorOffset="10" TAnchorPoint="0" TAnchorOffset="5" RAnchorPoint="1" RAnchorOffset="-118" BAnchorPoint="0" BAnchorOffset="27" RelativeToClient="1" Font="CRB_InterfaceMedium" Text="" Template="Default" TooltipType="OnCursor" Name="TotalCostLabel" BGColor="white" TextColor="UI_TextHoloBodyHighlight" TooltipColor="" TextId="Dyeing_TotalCost" DT_VCENTER="1" Tooltip=""/>
            </Control>
            <Control Class="Button" Base="BK3:btnHolo_Blue_Small" Font="CRB_Button" ButtonType="PushButton" RadioGroup="" LAnchorPoint="0.5" LAnchorOffset="-107" TAnchorPoint="1" TAnchorOffset="-70" RAnchorPoint="0.5" RAnchorOffset="3" BAnchorPoint="1" BAnchorOffset="-17" DT_VCENTER="1" DT_CENTER="1" TooltipType="OnCursor" Name="DyeBtn" BGColor="white" TextColor="white" TooltipColor="" NormalTextColor="UI_BtnTextHoloNormal" PressedTextColor="UI_BtnTextHoloPressed" FlybyTextColor="UI_BtnTextHoloFlyby" PressedFlybyTextColor="UI_BtnTextHoloPressedFlyby" DisabledTextColor="UI_BtnTextHoloDisabled" Text="" TextId="Dyeing_DyeBtn" NewControlDepth="3" Tooltip="" Template="Default">
                <Event Name="ButtonSignal" Function="OnDyeBtnClicked"/>
            </Control>
            <Control Class="Button" Base="BK3:btnHolo_Red_Small" Font="CRB_Button" ButtonType="PushButton" RadioGroup="" LAnchorPoint="0.5" LAnchorOffset="-3" TAnchorPoint="1" TAnchorOffset="-69" RAnchorPoint="0.5" RAnchorOffset="107" BAnchorPoint="1" BAnchorOffset="-17" DT_VCENTER="1" DT_CENTER="1" TooltipType="OnCursor" Name="ResetBtn" BGColor="white" TextColor="white" TooltipColor="" NormalTextColor="UI_BtnTextRedNormal" PressedTextColor="UI_BtnTextRedPressed" FlybyTextColor="UI_BtnTextRedFlyby" PressedFlybyTextColor="UI_BtnTextRedPressedFlyby" DisabledTextColor="UI_BtnTextRedDisabled" Text="" TextId="CRB_Reset" NewControlDepth="3" Template="Default">
                <Event Name="ButtonSignal" Function="OnResetBtnClicked"/>
            </Control>
            <Control Class="Window" LAnchorPoint="0" LAnchorOffset="1" TAnchorPoint="0" TAnchorOffset="-2" RAnchorPoint="1" RAnchorOffset="1" BAnchorPoint="1" BAnchorOffset="2" RelativeToClient="1" Font="CRB_InterfaceLarge" Text="" Template="CRB_Scroll_HoloSmall" TooltipType="OnCursor" Name="RightBlocker" BGColor="UI_AlphaPercent90" TextColor="UI_TextHoloTitle" TooltipColor="" VScroll="0" IgnoreMouse="0" Sprite="BasicSprites:BlackFill" Picture="1" NewControlDepth="2" Overlapped="1" DT_CENTER="1" DT_VCENTER="1" TextId="" DT_WORDBREAK="1" HideInEditor="1">
                <Control Class="Window" LAnchorPoint="0" LAnchorOffset="30" TAnchorPoint="0" TAnchorOffset="20" RAnchorPoint="1" RAnchorOffset="-30" BAnchorPoint="1" BAnchorOffset="-20" RelativeToClient="1" Font="CRB_InterfaceLarge" Text="" BGColor="UI_WindowBGDefault" TextColor="UI_TextHoloTitle" Template="Default" TooltipType="OnCursor" Name="Window" TooltipColor="" TextId="Costumes_Blocker" DT_CENTER="1" DT_WORDBREAK="1" DT_VCENTER="1"/>
            </Control>
        </Control>
        <Event Name="WindowClosed" Function="OnClose"/>
        <Control Class="Window" LAnchorPoint="0" LAnchorOffset="34" TAnchorPoint="0" TAnchorOffset="79" RAnchorPoint="0" RAnchorOffset="285" BAnchorPoint="0" BAnchorOffset="607" RelativeToClient="1" Font="Default" Text="" Template="Default" TooltipType="OnCursor" Name="CostumeListContainer" BGColor="white" TextColor="white" TooltipColor="" Tooltip="" HideInEditor="0" NewControlDepth="4" IgnoreMouse="1" NewWindowDepth="1"/>
        <Control Class="Window" LAnchorPoint="0" LAnchorOffset="0" TAnchorPoint="0" TAnchorOffset="0" RAnchorPoint="1" RAnchorOffset="0" BAnchorPoint="1" BAnchorOffset="0" RelativeToClient="1" Font="Default" Text="" Template="Metal_Primary_NoNav" Name="BGArt_OverallFrame" BGColor="white" TextColor="white" Picture="1" IgnoreMouse="1" Sprite="" TooltipColor="" HideInEditor="0" Tooltip="" TooltipId="" Border="1" UseTemplateBG="1" NewControlDepth="10">
            <Control Class="Window" LAnchorPoint="0" LAnchorOffset="114" TAnchorPoint="0" TAnchorOffset="227" RAnchorPoint="0" RAnchorOffset="156" BAnchorPoint="1" BAnchorOffset="-8" RelativeToClient="1" Font="Default" Text="" BGColor="0b73ff52" TextColor="UI_WindowTextDefault" Template="Default" TooltipType="OnCursor" Name="Check2Frame" TooltipColor="" Sprite="BasicSprites:WhiteFill" Picture="1" IgnoreMouse="1" Visible="0" HideInEditor="1"/>
            <Control Class="Window" LAnchorPoint="0" LAnchorOffset="159" TAnchorPoint="0" TAnchorOffset="227" RAnchorPoint="0" RAnchorOffset="201" BAnchorPoint="1" BAnchorOffset="-8" RelativeToClient="1" Font="Default" Text="" BGColor="0b73ff52" TextColor="UI_WindowTextDefault" Template="Default" TooltipType="OnCursor" Name="Check3Frame" TooltipColor="" Sprite="BasicSprites:WhiteFill" Picture="1" IgnoreMouse="1" Visible="0" HideInEditor="1"/>
        </Control>
        <Control Class="Button" Base="CRB_Basekit:kitBtn_Close" Font="Thick" ButtonType="PushButton" RadioGroup="" LAnchorPoint="1" LAnchorOffset="-52" TAnchorPoint="0" TAnchorOffset="25" RAnchorPoint="1" RAnchorOffset="-20" BAnchorPoint="0" BAnchorOffset="54" DT_VCENTER="1" DT_CENTER="1" Name="Close" BGColor="white" TextColor="white" WindowSoundTemplate="CloseWindowPhys" NormalTextColor="white" PressedTextColor="white" FlybyTextColor="white" PressedFlybyTextColor="white" DisabledTextColor="white" NewControlDepth="5" TooltipColor="" Text="" NewWindowDepth="1" Tooltip="">
            <Event Name="ButtonSignal" Function="OnClose"/>
        </Control>
        <Control Class="Window" LAnchorPoint="0.5" LAnchorOffset="-85" TAnchorPoint="0" TAnchorOffset="28" RAnchorPoint="0.5" RAnchorOffset="85" BAnchorPoint="0" BAnchorOffset="64" RelativeToClient="1" Font="CRB_HeaderMedium" Text="" Template="Default" TooltipType="OnCursor" Name="BGTitle" BGColor="ffffffff" TextColor="ffffeea4" TooltipColor="" Sprite="sprMetal_Framing_Header" Picture="1" IgnoreMouse="1" DT_CENTER="1" DT_VCENTER="1" TextId="Costumes_Title"/>
        <Control Class="Window" LAnchorPoint=".5" LAnchorOffset="129" TAnchorPoint="0" TAnchorOffset="59" RAnchorPoint=".5" RAnchorOffset="142" BAnchorPoint="1" BAnchorOffset="-10" RelativeToClient="1" Font="Default" Text="" BGColor="UI_WindowBGDefault" TextColor="UI_WindowTextDefault" Template="Default" TooltipType="OnCursor" Name="WindowBreak1" TooltipColor="" Sprite="BK3:UI_BK3_Metal_Inset_Divider_V" Picture="1" IgnoreMouse="1" Tooltip="" NewWindowDepth="0"/>
        <Control Class="Window" LAnchorPoint=".5" LAnchorOffset="-142" TAnchorPoint="0" TAnchorOffset="59" RAnchorPoint=".5" RAnchorOffset="-129" BAnchorPoint="1" BAnchorOffset="-10" RelativeToClient="1" Font="Default" Text="" BGColor="UI_WindowBGDefault" TextColor="UI_WindowTextDefault" Template="Default" TooltipType="OnCursor" Name="WindowBreak2" TooltipColor="" Sprite="BK3:UI_BK3_Metal_Inset_Divider_V" Picture="1" IgnoreMouse="1" Tooltip="" NewWindowDepth="0"/>
    </Form>
    <Form Class="Window" LAnchorPoint="0" LAnchorOffset="0" TAnchorPoint="0" TAnchorOffset="0" RAnchorPoint="0" RAnchorOffset="251" BAnchorPoint="0" BAnchorOffset="62" RelativeToClient="1" Font="Default" Text="" Template="Default" TooltipType="OnCursor" Name="CostumeEntryForm" Border="0" Picture="0" SwallowMouseClicks="1" Moveable="0" Escapable="0" Overlapped="0" BGColor="white" TextColor="white" TooltipColor="" Sprite="" Tooltip="">
        <Control Class="Window" LAnchorPoint="0" LAnchorOffset="0" TAnchorPoint="0" TAnchorOffset="0" RAnchorPoint="1" RAnchorOffset="0" BAnchorPoint="1" BAnchorOffset="1" RelativeToClient="1" Font="Default" Text="" Template="Default" Name="BGArt" BGColor="UI_AlphaPercent70" TextColor="white" Picture="0" IgnoreMouse="1" Sprite="" Visible="1" TooltipColor="UI_WindowTitleGray" NoClip="1" Tooltip="">
            <Control Class="Window" LAnchorPoint="0" LAnchorOffset="0" TAnchorPoint="0" TAnchorOffset="0" RAnchorPoint="1" RAnchorOffset="0" BAnchorPoint="1" BAnchorOffset="-4" RelativeToClient="1" Font="Default" Text="" Template="Default" TooltipType="OnCursor" Name="BG_Base" BGColor="white" TextColor="white" TooltipColor="" Picture="1" IgnoreMouse="1" Sprite="BK3:UI_BK3_Metal_Inset_SharpCorner" Tooltip=""/>
            <Control Class="Window" LAnchorPoint="0" LAnchorOffset="2" TAnchorPoint="0" TAnchorOffset="0" RAnchorPoint="0" RAnchorOffset="61" BAnchorPoint="1" BAnchorOffset="-4" RelativeToClient="1" Font="Default" Text="" Template="Default" Name="BG_IconFrame" BGColor="UI_AlphaPercent70" TextColor="white" Picture="1" IgnoreMouse="1" Sprite="CRB_Basekit:kitInnerFrame_MetalGrey_Small" TooltipColor="" Visible="1" HideInEditor="0" NewControlDepth="2"/>
        </Control>
        <Control Class="Button" Font="Thick" LAnchorPoint="0" LAnchorOffset="14" TAnchorPoint="0" TAnchorOffset="12" RAnchorPoint="0" RAnchorOffset="49" BAnchorPoint="0" BAnchorOffset="47" DT_VCENTER="1" DT_CENTER="1" Name="CostumeSlot" BGColor="white" TextColor="white" IgnoreTooltipDelay="1" NormalTextColor="white" PressedTextColor="white" FlybyTextColor="white" PressedFlybyTextColor="white" DisabledTextColor="white" NewControlDepth="10" NoClip="1" Base="CharacterWindowSprites:btnCh_Armor_Head" TooltipColor="white" TooltipFont="CRB_InterfaceMedium" TooltipType="OnCursor" Tooltip="" TooltipId="Character_CostumeEntryTooltip">
            <Control Class="Window" WhenEmpty="btn_Armor_HeadNormal" EquipmentSlot="2" Font="Thick" LAnchorPoint="0" LAnchorOffset="0" TAnchorPoint="0" TAnchorOffset="0" RAnchorPoint="1" RAnchorOffset="0" BAnchorPoint="1" BAnchorOffset="0" DT_VCENTER="1" DT_CENTER="1" Name="CostumeIcon" BGColor="white" TextColor="white" IgnoreTooltipDelay="1" NormalTextColor="white" PressedTextColor="white" FlybyTextColor="white" PressedFlybyTextColor="white" DisabledTextColor="white" Sprite="" Picture="1" IgnoreMouse="1" NewControlDepth="6" HideInEditor="0" TooltipColor="" Subclass="ItemWindowSubclass"/>
            <Event Name="DragDrop" Function="OnCostumeSlotDragDrop"/>
            <Event Name="QueryDragDrop" Function="OnCostumeSlotQueryDragDrop"/>
            <Control Class="Button" Base="CRB_Basekit:kitBtn_Holo_Close" Font="Thick" ButtonType="PushButton" RadioGroup="" LAnchorPoint="0" LAnchorOffset="8" TAnchorPoint="0" TAnchorOffset="7" RAnchorPoint="0" RAnchorOffset="28" BAnchorPoint="0" BAnchorOffset="28" DT_VCENTER="1" DT_CENTER="1" TooltipType="OnCursor" Name="RemoveItemBtn" BGColor="white" TextColor="white" TooltipColor="" NormalTextColor="white" PressedTextColor="white" FlybyTextColor="white" PressedFlybyTextColor="white" DisabledTextColor="white" NoClip="1" Visible="0" HideInEditor="1">
                <Event Name="ButtonSignal" Function="OnRemoveItemBtn"/>
            </Control>
            <Event Name="MouseButtonUp" Function="OnCostumeSlotBtn"/>
        </Control>
        <Control Class="Button" Base="BK3:btnHolo_Blue_Small" Font="CRB_InterfaceMedium" ButtonType="Check" RadioGroup="" LAnchorPoint="1" LAnchorOffset="-56" TAnchorPoint="0" TAnchorOffset="1" RAnchorPoint="1" RAnchorOffset="-8" BAnchorPoint="1" BAnchorOffset="-8" DT_VCENTER="1" DT_CENTER="1" Name="VisibleBtn" BGColor="white" TextColor="white" NormalTextColor="UI_BtnTextBlueNormal" PressedTextColor="UI_BtnTextBluePressed" FlybyTextColor="UI_BtnTextBlueFlyby" PressedFlybyTextColor="UI_BtnTextBluePressedFlyby" DisabledTextColor="UI_BtnTextBlueDisabled" TooltipType="OnCursor" Tooltip="" TooltipId="Character_ToggleSlotVisiblity" Text="" TestAlpha="1" TooltipColor="white" TextId="" TooltipFont="CRB_InterfaceMedium" IgnoreTooltipDelay="1">
            <Event Name="ButtonCheck" Function="OnVisibleBtnCheck"/>
            <Event Name="ButtonUncheck" Function="OnVisibleBtnCheck"/>
            <Control Class="Window" LAnchorPoint="0" LAnchorOffset="12" TAnchorPoint="0" TAnchorOffset="15" RAnchorPoint="1" RAnchorOffset="-9" BAnchorPoint="1" BAnchorOffset="-13" RelativeToClient="1" Font="Default" Text="" Template="Default" TooltipType="OnCursor" Name="VisibleBtnIcon" BGColor="white" TextColor="white" TooltipColor="" Picture="1" IgnoreMouse="1" Sprite="CRB_Basekit:kitIcon_Holo_HazardObserver" NewControlDepth="8" Visible="1" HideInEditor="0"/>
        </Control>
        <Control Class="Window" LAnchorPoint="0" LAnchorOffset="4" TAnchorPoint="0" TAnchorOffset="-4" RAnchorPoint="0" RAnchorOffset="64" BAnchorPoint="1" BAnchorOffset="-4" RelativeToClient="1" Font="Default" Text="" Template="Default" TooltipType="OnCursor" Name="HiddenBlocker" BGColor="white" TextColor="white" TooltipColor="white" IgnoreMouse="0" NewWindowDepth="1" NewControlDepth="20" Picture="1" TooltipFont="CRB_InterfaceMedium" Tooltip="" TooltipId="Character_HiddenCostumeTooltip" IgnoreTooltipDelay="1" HideInEditor="0"/>
        <Control Class="Button" Base="CRB_Basekit:kitBtn_Holo_Close" Font="CRB_InterfaceSmall" ButtonType="PushButton" RadioGroup="" LAnchorPoint="0" LAnchorOffset="175" TAnchorPoint="0" TAnchorOffset="22" RAnchorPoint="0" RAnchorOffset="195" BAnchorPoint="1" BAnchorOffset="-20" DT_VCENTER="1" DT_CENTER="1" TooltipType="OnCursor" Name="RemoveSlotBtn" BGColor="white" TextColor="gray" TooltipColor="white" NormalTextColor="UI_BtnTextGrayNormal" PressedTextColor="UI_BtnTextGrayPressed" FlybyTextColor="UI_BtnTextGrayFlyby" PressedFlybyTextColor="UI_BtnTextGrayPressedFlyby" DisabledTextColor="UI_BtnTextHoloDisabled" Text="" TextId="" Tooltip="" TooltipId="Character_RemoveCostumePiece" TooltipFont="CRB_InterfaceMedium" NewWindowDepth="1" Visible="0" HideInEditor="1">
            <Event Name="ButtonSignal" Function="OnRemoveSlotBtn"/>
        </Control>
        <Control Class="Button" Base="Costumes:btn_Costume_Toggle" Font="CRB_InterfaceMedium" ButtonType="Check" LAnchorPoint="0" LAnchorOffset="73" TAnchorPoint="0.5" TAnchorOffset="-16" RAnchorPoint="0" RAnchorOffset="104" BAnchorPoint="0.5" BAnchorOffset="18" DT_VCENTER="1" DT_CENTER="0" TooltipType="OnCursor" Name="DyeColor1" Border="0" Picture="1" SwallowMouseClicks="1" Moveable="0" Escapable="1" Overlapped="0" BGColor="white" TextColor="white" TooltipColor="white" NormalTextColor="UI_BtnTextHoloNormal" PressedTextColor="white" FlybyTextColor="UI_BtnTextHoloFlyby" PressedFlybyTextColor="white" DisabledTextColor="UI_BtnTextHoloDisabled" Text="" TextId="" DrawAsCheckbox="0" GlobalRadioGroup="" RelativeToClient="1" CheckboxRight="0" Tooltip="" RadioDisallowNonSelection="1" TooltipFont="CRB_InterfaceMedium">
            <Event Name="ButtonCheck" Function="OnDyeCursor"/>
            <Event Name="ButtonUncheck" Function="OnDyeCursor"/>
            <Control Class="Window" LAnchorPoint="0" LAnchorOffset="7" TAnchorPoint="0" TAnchorOffset="6" RAnchorPoint="1" RAnchorOffset="-10" BAnchorPoint="1" BAnchorOffset="-13" RelativeToClient="1" Font="Default" Text="" Template="Default" TooltipType="OnCursor" Name="DyeSwatchArtHack" BGColor="white" TextColor="white" TooltipColor="" Picture="0" IgnoreMouse="1" Sprite="CRB_DeRampSprites:sprDyeRamp_1" NewControlDepth="4">
                <Control Class="Window" LAnchorPoint="0" LAnchorOffset="-150" TAnchorPoint="0" TAnchorOffset="0" RAnchorPoint="1" RAnchorOffset="150" BAnchorPoint="1" BAnchorOffset="0" RelativeToClient="1" Font="Default" Text="" Template="Default" TooltipType="OnCursor" Name="DyeSwatch" BGColor="white" TextColor="white" TooltipColor="" Picture="1" IgnoreMouse="1" Sprite="CRB_DyeRampSprites:sprDyeRamp_1" NewControlDepth="4"/>
            </Control>
        </Control>
        <Control Class="Button" Base="Costumes:btn_Costume_Toggle" Font="CRB_InterfaceMedium" ButtonType="Check" LAnchorPoint="0" LAnchorOffset="117" TAnchorPoint="0.5" TAnchorOffset="-16" RAnchorPoint="0" RAnchorOffset="148" BAnchorPoint="0.5" BAnchorOffset="18" DT_VCENTER="1" DT_CENTER="0" TooltipType="OnCursor" Name="DyeColor2" Border="0" Picture="1" SwallowMouseClicks="1" Moveable="0" Escapable="1" Overlapped="0" BGColor="white" TextColor="white" TooltipColor="white" NormalTextColor="UI_BtnTextHoloNormal" PressedTextColor="white" FlybyTextColor="UI_BtnTextHoloFlyby" PressedFlybyTextColor="white" DisabledTextColor="UI_BtnTextHoloDisabled" Text="" TextId="" DrawAsCheckbox="0" GlobalRadioGroup="" RelativeToClient="1" CheckboxRight="0" Tooltip="" RadioDisallowNonSelection="1" TooltipFont="CRB_InterfaceMedium">
            <Event Name="ButtonCheck" Function="OnDyeCursor"/>
            <Event Name="ButtonUncheck" Function="OnDyeCursor"/>
            <Control Class="Window" LAnchorPoint="0" LAnchorOffset="7" TAnchorPoint="0" TAnchorOffset="6" RAnchorPoint="1" RAnchorOffset="-10" BAnchorPoint="1" BAnchorOffset="-13" RelativeToClient="1" Font="Default" Text="" Template="Default" TooltipType="OnCursor" Name="DyeSwatchArtHack" BGColor="white" TextColor="white" TooltipColor="" Picture="0" IgnoreMouse="1" Sprite="" NewControlDepth="4">
                <Control Class="Window" LAnchorPoint="0" LAnchorOffset="-150" TAnchorPoint="0" TAnchorOffset="0" RAnchorPoint="1" RAnchorOffset="150" BAnchorPoint="1" BAnchorOffset="0" RelativeToClient="1" Font="Default" Text="" Template="Default" TooltipType="OnCursor" Name="DyeSwatch" BGColor="white" TextColor="white" TooltipColor="" Picture="1" IgnoreMouse="1" Sprite="CRB_DyeRampSprites:sprDyeRamp_1" NewControlDepth="4"/>
            </Control>
        </Control>
        <Control Class="Button" Base="Costumes:btn_Costume_Toggle" Font="CRB_InterfaceMedium" ButtonType="Check" LAnchorPoint="0" LAnchorOffset="163" TAnchorPoint="0.5" TAnchorOffset="-16" RAnchorPoint="0" RAnchorOffset="194" BAnchorPoint="0.5" BAnchorOffset="18" DT_VCENTER="1" DT_CENTER="0" TooltipType="OnCursor" Name="DyeColor3" Border="0" Picture="1" SwallowMouseClicks="1" Moveable="0" Escapable="1" Overlapped="0" BGColor="white" TextColor="white" TooltipColor="white" NormalTextColor="UI_BtnTextHoloNormal" PressedTextColor="white" FlybyTextColor="UI_BtnTextHoloFlyby" PressedFlybyTextColor="white" DisabledTextColor="UI_BtnTextHoloDisabled" Text="" TextId="" DrawAsCheckbox="0" GlobalRadioGroup="" RelativeToClient="1" CheckboxRight="0" Tooltip="" RadioDisallowNonSelection="1" TooltipFont="CRB_InterfaceMedium">
            <Event Name="ButtonCheck" Function="OnDyeCursor"/>
            <Event Name="ButtonUncheck" Function="OnDyeCursor"/>
            <Control Class="Window" LAnchorPoint="0" LAnchorOffset="7" TAnchorPoint="0" TAnchorOffset="6" RAnchorPoint="1" RAnchorOffset="-10" BAnchorPoint="1" BAnchorOffset="-13" RelativeToClient="1" Font="Default" Text="" Template="Default" TooltipType="OnCursor" Name="DyeSwatchArtHack" BGColor="white" TextColor="white" TooltipColor="" Picture="0" IgnoreMouse="1" Sprite="" NewControlDepth="4">
                <Control Class="Window" LAnchorPoint="0" LAnchorOffset="-150" TAnchorPoint="0" TAnchorOffset="0" RAnchorPoint="1" RAnchorOffset="150" BAnchorPoint="1" BAnchorOffset="0" RelativeToClient="1" Font="Default" Text="" Template="Default" TooltipType="OnCursor" Name="DyeSwatch" BGColor="white" TextColor="white" TooltipColor="" Picture="1" IgnoreMouse="1" Sprite="CRB_DyeRampSprites:sprDyeRamp_1" NewControlDepth="4"/>
            </Control>
        </Control>
    </Form>
    <Form Class="Window" LAnchorPoint="0" LAnchorOffset="0" TAnchorPoint="0" TAnchorOffset="0" RAnchorPoint="0" RAnchorOffset="255" BAnchorPoint="0" BAnchorOffset="85" RelativeToClient="1" Font="Default" Text="" Template="Default" TooltipType="OnCursor" Name="CostumeEntrySpacer" Border="0" Picture="1" SwallowMouseClicks="1" Moveable="0" Escapable="0" Overlapped="0" BGColor="white" TextColor="white" TooltipColor="" Sprite="BK3:UI_BK3_Metal_Inset_Block1" Tooltip="">
        <Control Class="Button" Base="BK3:btnMetal_Checkbox" Font="CRB_InterfaceMedium" ButtonType="Check" LAnchorPoint="0" LAnchorOffset="64" TAnchorPoint="1" TAnchorOffset="-51" RAnchorPoint="0" RAnchorOffset="105" BAnchorPoint="1" BAnchorOffset="-6" DT_VCENTER="1" DT_CENTER="0" TooltipType="OnCursor" Name="DyeColor1" Border="0" Picture="1" SwallowMouseClicks="1" Moveable="0" Escapable="1" Overlapped="0" BGColor="white" TextColor="white" TooltipColor="white" NormalTextColor="UI_BtnTextHoloNormal" PressedTextColor="white" FlybyTextColor="UI_BtnTextHoloFlyby" PressedFlybyTextColor="white" DisabledTextColor="UI_BtnTextHoloDisabled" Text="" TextId="" DrawAsCheckbox="0" GlobalRadioGroup="" RelativeToClient="1" CheckboxRight="0" Tooltip="" RadioDisallowNonSelection="1" TooltipFont="CRB_InterfaceMedium">
            <Event Name="ButtonCheck" Function="OnDyeCursorAll"/>
            <Event Name="ButtonUncheck" Function="OnDyeCursorAll"/>
        </Control>
        <Control Class="Button" Base="BK3:btnMetal_Checkbox" Font="CRB_InterfaceMedium" ButtonType="Check" LAnchorPoint=".5" LAnchorOffset="-19" TAnchorPoint="1" TAnchorOffset="-51" RAnchorPoint=".5" RAnchorOffset="22" BAnchorPoint="1" BAnchorOffset="-6" DT_VCENTER="1" DT_CENTER="0" TooltipType="OnCursor" Name="DyeColor2" Border="0" Picture="1" SwallowMouseClicks="1" Moveable="0" Escapable="1" Overlapped="0" BGColor="white" TextColor="white" TooltipColor="white" NormalTextColor="UI_BtnTextHoloNormal" PressedTextColor="white" FlybyTextColor="UI_BtnTextHoloFlyby" PressedFlybyTextColor="white" DisabledTextColor="UI_BtnTextHoloDisabled" Text="" TextId="" DrawAsCheckbox="0" GlobalRadioGroup="" RelativeToClient="1" CheckboxRight="0" Tooltip="" RadioDisallowNonSelection="1" TooltipFont="CRB_InterfaceMedium">
            <Event Name="ButtonCheck" Function="OnDyeCursorAll"/>
            <Event Name="ButtonUncheck" Function="OnDyeCursorAll"/>
        </Control>
        <Control Class="Button" Base="BK3:btnMetal_Checkbox" Font="CRB_InterfaceMedium" ButtonType="Check" LAnchorPoint="0" LAnchorOffset="154" TAnchorPoint="1" TAnchorOffset="-51" RAnchorPoint="0" RAnchorOffset="197" BAnchorPoint="1" BAnchorOffset="-7" DT_VCENTER="1" DT_CENTER="0" TooltipType="OnCursor" Name="DyeColor3" Border="0" Picture="1" SwallowMouseClicks="1" Moveable="0" Escapable="1" Overlapped="0" BGColor="white" TextColor="white" TooltipColor="white" NormalTextColor="UI_BtnTextHoloNormal" PressedTextColor="white" FlybyTextColor="UI_BtnTextHoloFlyby" PressedFlybyTextColor="white" DisabledTextColor="UI_BtnTextHoloDisabled" Text="" TextId="" DrawAsCheckbox="0" GlobalRadioGroup="" RelativeToClient="1" CheckboxRight="0" Tooltip="" RadioDisallowNonSelection="1" TooltipFont="CRB_InterfaceMedium">
            <Event Name="ButtonCheck" Function="OnDyeCursorAll"/>
            <Event Name="ButtonUncheck" Function="OnDyeCursorAll"/>
        </Control>
        <Control Class="Window" LAnchorPoint="0" LAnchorOffset="0" TAnchorPoint="1" TAnchorOffset="-78" RAnchorPoint="1" RAnchorOffset="0" BAnchorPoint="1" BAnchorOffset="-50" RelativeToClient="1" Font="CRB_Interface9" Text="Dye Channels:" BGColor="UI_WindowBGDefault" TextColor="UI_TextMetalBodyHighlight" Template="Default" TooltipType="OnCursor" Name="Text" TooltipColor="" DT_RIGHT="0" DT_VCENTER="1" TextId="" DT_WORDBREAK="1" DT_CENTER="1"/>
    </Form>
    <Form Class="Button" Base="CRB_Basekit:kitBtn_Holo" Font="CRB_InterfaceMedium" ButtonType="Check" RadioGroup="Dyes" LAnchorPoint="0" LAnchorOffset="0" TAnchorPoint="0" TAnchorOffset="0" RAnchorPoint="0" RAnchorOffset="35" BAnchorPoint="0" BAnchorOffset="34" DT_VCENTER="1" DT_CENTER="0" TooltipType="OnCursor" Name="DyeColor" Border="0" Picture="1" SwallowMouseClicks="1" Moveable="0" Escapable="1" Overlapped="0" BGColor="white" TextColor="white" TooltipColor="white" NormalTextColor="UI_BtnTextHoloNormal" PressedTextColor="white" FlybyTextColor="UI_BtnTextHoloFlyby" PressedFlybyTextColor="white" DisabledTextColor="UI_BtnTextHoloDisabled" Text="" TextId="" DrawAsCheckbox="0" GlobalRadioGroup="" RelativeToClient="1" CheckboxRight="0" Tooltip="" RadioDisallowNonSelection="1" TooltipFont="CRB_InterfaceMedium">
        <Event Name="ButtonCheck" Function="OnDyeSelect"/>
        <Control Class="Window" LAnchorPoint="0" LAnchorOffset="6" TAnchorPoint="0" TAnchorOffset="6" RAnchorPoint="1" RAnchorOffset="-6" BAnchorPoint="1" BAnchorOffset="-6" RelativeToClient="1" Font="Default" Text="" BGColor="UI_WindowBGDefault" TextColor="UI_WindowTextDefault" Template="Default" TooltipType="OnCursor" Name="DyeSwatchArtHack" TooltipColor="">
            <Control Class="Window" LAnchorPoint="0" LAnchorOffset="-150" TAnchorPoint="0" TAnchorOffset="0" RAnchorPoint="1" RAnchorOffset="150" BAnchorPoint="1" BAnchorOffset="0" RelativeToClient="1" Font="Default" Text="" Template="Default" TooltipType="OnCursor" Name="DyeSwatch" BGColor="white" TextColor="white" TooltipColor="" Picture="1" IgnoreMouse="1" Sprite="CRB_DyeRampSprites:sprDyeRamp_1" NewControlDepth="4"/>
        </Control>
    </Form>
</Forms>
