<?xml version="1.0" encoding="UTF-8" standalone="yes" ?>
<Forms>
    <Form Class="Window" LAnchorPoint="0.5" LAnchorOffset="-260" TAnchorPoint=".5" TAnchorOffset="-275" RAnchorPoint="0.5" RAnchorOffset="260" BAnchorPoint=".5" BAnchorOffset="275" RelativeToClient="1" Font="Default" Text="" Template="Default" Name="MarketplaceCREDDForm" Moveable="1" Escapable="1" BGColor="ffffffff" TextColor="ffffffff" TooltipColor="" Tooltip="" TextId="" Sizable="1" Overlapped="1" DT_RIGHT="0" TopEdgeControlsAnchor="MarketplaceCREDDForm_Top" BottomEdgeControlsAnchor="MarketplaceCREDDForm_Bottom" RightEdgeControlsAnchor="MarketplaceCREDDForm_Right">
        <Control Class="Window" LAnchorPoint="0" LAnchorOffset="26" TAnchorPoint="0" TAnchorOffset="135" RAnchorPoint="1" RAnchorOffset="-25" BAnchorPoint="1" BAnchorOffset="-88" RelativeToClient="1" Font="Default" Text="" Template="Holo_Background_General" TooltipType="OnCursor" Name="HoloBG" BGColor="ffffffff" TextColor="ffffffff" TooltipColor="" Sprite="" Picture="1" IgnoreMouse="1" NewControlDepth="1" HideInEditor="0"/>
        <Control Class="Window" LAnchorPoint="0" LAnchorOffset="38" TAnchorPoint="0" TAnchorOffset="148" RAnchorPoint="1" RAnchorOffset="-38" BAnchorPoint="1" BAnchorOffset="-99" RelativeToClient="1" Font="CRB_InterfaceMedium_O" Text="" Template="CRB_Scroll_HoloLarge" TooltipType="OnCursor" Name="MainScrollContainer" BGColor="ffffffff" TextColor="UI_TextHoloBodyHighlight" TooltipColor="" VScroll="0" IgnoreMouse="1" DT_CENTER="1" DT_VCENTER="1" TextId="" Tooltip="" AutoHideScroll="0">
            <Control Class="Window" LAnchorPoint="0" LAnchorOffset="0" TAnchorPoint="0" TAnchorOffset="0" RAnchorPoint="1" RAnchorOffset="0" BAnchorPoint="0" BAnchorOffset="228" RelativeToClient="1" Font="CRB_InterfaceLarge_O" Text="" BGColor="UI_WindowBGDefault" TextColor="White" Template="Holo_ScrollList" TooltipType="OnCursor" Name="MarketDataContainer" TooltipColor="" TextId="" DT_CENTER="0" IgnoreMouse="1" NoClip="0" Border="1" UseTemplateBG="1" NewControlDepth="4"/>
            <Control Class="Window" LAnchorPoint="0" LAnchorOffset="-1" TAnchorPoint="0" TAnchorOffset="236" RAnchorPoint="1" RAnchorOffset="0" BAnchorPoint="0" BAnchorOffset="306" RelativeToClient="1" Font="Default" Text="" Template="Default" TooltipType="OnCursor" Name="SimpleListItem" Border="0" Picture="1" SwallowMouseClicks="1" Moveable="0" Escapable="0" Overlapped="1" BGColor="ffffffff" TextColor="ffffffff" TooltipColor="" IgnoreMouse="1" Sprite="" Tooltip="">
                <Control Class="Window" LAnchorPoint="0" LAnchorOffset="26" TAnchorPoint="0" TAnchorOffset="17" RAnchorPoint="0" RAnchorOffset="192" BAnchorPoint="0" BAnchorOffset="49" RelativeToClient="1" Font="Default" Text="" Template="Default" TooltipType="OnCursor" Name="ListInputPriceBG" BGColor="ffffffff" TextColor="ffffffff" TooltipColor="" Sprite="BK3:UI_BK3_Holo_Snippet" Picture="1" IgnoreMouse="1">
                    <Control Class="CashWindow" LAnchorPoint="0" LAnchorOffset="8" TAnchorPoint="0" TAnchorOffset="0" RAnchorPoint="1" RAnchorOffset="-8" BAnchorPoint="1" BAnchorOffset="0" TooltipType="OnCursor" RelativeToClient="1" Font="CRB_InterfaceMedium" Text="" Template="Default" BGColor="ffffffff" TextColor="UI_TextHoloBodyHighlight" DT_RIGHT="1" Name="ListInputPrice" TooltipColor="" SkipZeroes="1" DT_CENTER="0" HideInEditor="0" AllowEditing="1">
                        <Event Name="CashWindowAmountChanged" Function="OnListInputPriceAmountChanged"/>
                        <Event Name="MouseButtonDown" Function="OnListInputPriceMouseDown"/>
                        <Event Name="WindowLostFocus" Function="OnListInputPriceLoseFocus"/>
                    </Control>
                </Control>
                <Control Class="Button" Base="BK3:btnHolo_Blue_Med" Font="CRB_Button" ButtonType="PushButton" RadioGroup="" LAnchorPoint="0" LAnchorOffset="213" TAnchorPoint="0" TAnchorOffset="-3" RAnchorPoint="0" RAnchorOffset="344" BAnchorPoint="0" BAnchorOffset="69" DT_VCENTER="1" DT_CENTER="1" TooltipType="OnCursor" Name="CreateMarketSellOrderBtn" BGColor="ffffffff" TextColor="ffffffff" TooltipColor="" NormalTextColor="UI_BtnTextBlueNormal" PressedTextColor="UI_BtnTextBluePressed" FlybyTextColor="UI_BtnTextBlueFlyby" PressedFlybyTextColor="UI_BtnTextBluePressedFlyby" DisabledTextColor="UI_BtnTextBlueDisabled" Text="Market Sell" TextId="" HideInEditor="0" IgnoreTooltipDelay="1" RelativeToClient="1" Tooltip="">
                    <Event Name="ButtonSignal" Function="OnCreateMarketSellOrderBtn"/>
                </Control>
                <Pixie LAnchorPoint="0" LAnchorOffset="0" TAnchorPoint="0" TAnchorOffset="0" RAnchorPoint="1" RAnchorOffset="0" BAnchorPoint="1" BAnchorOffset="-4" BGColor="ffffffff" Font="Default" TextColor="ffffffff" Text="" Sprite="BK3:UI_BK3_Holo_InsetFramed" Line="0"/>
                <Control Class="Button" Base="BK3:btnHolo_Blue_Med" Font="CRB_Button" ButtonType="PushButton" RadioGroup="" LAnchorPoint="0" LAnchorOffset="343" TAnchorPoint="0" TAnchorOffset="-3" RAnchorPoint="0" RAnchorOffset="443" BAnchorPoint="0" BAnchorOffset="69" DT_VCENTER="1" DT_CENTER="1" TooltipType="OnCursor" Name="CreateSellOrderBtn" BGColor="ffffffff" TextColor="ffffffff" TooltipColor="" NormalTextColor="UI_BtnTextBlueNormal" PressedTextColor="UI_BtnTextBluePressed" FlybyTextColor="UI_BtnTextBlueFlyby" PressedFlybyTextColor="UI_BtnTextBluePressedFlyby" DisabledTextColor="UI_BtnTextBlueDisabled" Text="" TextId="CRB_Sell" HideInEditor="0" IgnoreTooltipDelay="1" RelativeToClient="1" Tooltip="">
                    <Event Name="ButtonSignal" Function="OnCreateSellOrderBtn"/>
                </Control>
                <Control Class="Button" Base="BK3:btnHolo_Blue_Med" Font="CRB_Button" ButtonType="PushButton" RadioGroup="" LAnchorPoint="0" LAnchorOffset="212" TAnchorPoint="0" TAnchorOffset="-3" RAnchorPoint="0" RAnchorOffset="343" BAnchorPoint="0" BAnchorOffset="69" DT_VCENTER="1" DT_CENTER="1" TooltipType="OnCursor" Name="CreateMarketBuyOrderBtn" BGColor="ffffffff" TextColor="ffffffff" TooltipColor="" NormalTextColor="UI_BtnTextBlueNormal" PressedTextColor="UI_BtnTextBluePressed" FlybyTextColor="UI_BtnTextBlueFlyby" PressedFlybyTextColor="UI_BtnTextBluePressedFlyby" DisabledTextColor="UI_BtnTextBlueDisabled" Text="Market Buy" TextId="" HideInEditor="1" IgnoreTooltipDelay="1" RelativeToClient="1" Tooltip="" Visible="0">
                    <Event Name="ButtonSignal" Function="OnCreateMarketBuyOrderBtn"/>
                </Control>
                <Control Class="Button" Base="BK3:btnHolo_Blue_Med" Font="CRB_Button" ButtonType="PushButton" RadioGroup="" LAnchorPoint="0" LAnchorOffset="343" TAnchorPoint="0" TAnchorOffset="-3" RAnchorPoint="0" RAnchorOffset="443" BAnchorPoint="0" BAnchorOffset="69" DT_VCENTER="1" DT_CENTER="1" TooltipType="OnCursor" Name="CreateBuyOrderBtn" BGColor="ffffffff" TextColor="ffffffff" TooltipColor="" NormalTextColor="UI_BtnTextBlueNormal" PressedTextColor="UI_BtnTextBluePressed" FlybyTextColor="UI_BtnTextBlueFlyby" PressedFlybyTextColor="UI_BtnTextBluePressedFlyby" DisabledTextColor="UI_BtnTextBlueDisabled" Text="" TextId="HousingDecorate_Buy" HideInEditor="1" IgnoreTooltipDelay="1" RelativeToClient="1" Tooltip="" Visible="0">
                    <Event Name="ButtonSignal" Function="OnCreateBuyOrderBtn"/>
                </Control>
            </Control>
        </Control>
        <Event Name="WindowClosed" Function="OnDestroy"/>
        <Control Class="CashWindow" LAnchorPoint="0" LAnchorOffset="0" TAnchorPoint="0" TAnchorOffset="0" RAnchorPoint="0" RAnchorOffset="0" BAnchorPoint="0" BAnchorOffset="0" TooltipType="OnCursor" RelativeToClient="1" Font="CRB_InterfaceSmall" Text="" Template="Default" BGColor="ffffffff" TextColor="ffffffff" Name="HiddenCashWindow" TooltipColor="" Visible="0" DT_CENTER="0"/>
        <Pixie LAnchorPoint="0" LAnchorOffset="25" TAnchorPoint="0" TAnchorOffset="25" RAnchorPoint="1" RAnchorOffset="-25" BAnchorPoint="1" BAnchorOffset="-25" BGColor="ffffffff" Font="Default" TextColor="ffffffff" Text="" Sprite="CRB_Basekit:kitBase_MetalGrey_Medium" Line="0"/>
        <Pixie LAnchorPoint="0" LAnchorOffset="20" TAnchorPoint="0" TAnchorOffset="30" RAnchorPoint="1" RAnchorOffset="-20" BAnchorPoint="0" BAnchorOffset="70" BGColor="ffffffff" Font="CRB_HeaderMedium" TextColor="ffffffff" Text="" TextId="" Sprite="CRB_Basekit:kitHeader_MetalGrey_TitlePlain" DT_CENTER="1" DT_VCENTER="0" Line="0"/>
        <Pixie LAnchorPoint="0" LAnchorOffset="0" TAnchorPoint="0" TAnchorOffset="28" RAnchorPoint="1" RAnchorOffset="0" BAnchorPoint="0" BAnchorOffset="58" BGColor="ffffffff" Font="CRB_HeaderMedium" TextColor="WindowTitleColor" Text="C.R.E.D.D. Exchange" TextId="" DT_CENTER="1" DT_VCENTER="1" Line="0"/>
        <Control Class="Window" LAnchorPoint="0" LAnchorOffset="25" TAnchorPoint="0" TAnchorOffset="136" RAnchorPoint="1" RAnchorOffset="-25" BAnchorPoint="1" BAnchorOffset="-91" RelativeToClient="1" Font="Default" Text="" Template="Default" TooltipType="OnCursor" Name="CommonAlertMessages" BGColor="ffffffff" TextColor="ffffffff" TooltipColor="" Visible="0" HideInEditor="1" Tooltip="">
            <Control Class="Window" LAnchorPoint="0" LAnchorOffset="0" TAnchorPoint="0" TAnchorOffset="0" RAnchorPoint="1" RAnchorOffset="0" BAnchorPoint="1" BAnchorOffset="0" RelativeToClient="1" Font="Default" Text="" Template="Default" TooltipType="OnCursor" Name="WaitingScreen" BGColor="ffffffff" TextColor="ffffffff" TooltipColor="" Sprite="ClientSprites:BlackFill" Picture="1" IgnoreMouse="1" TransitionShowHide="1" Visible="0" HideInEditor="0" Tooltip="">
                <Pixie LAnchorPoint="0.5" LAnchorOffset="-24" TAnchorPoint="0.5" TAnchorOffset="-47" RAnchorPoint="0.5" RAnchorOffset="23" BAnchorPoint="0.5" BAnchorOffset="0" BGColor="ffffffff" Font="Default" TextColor="ffffffff" Text="" Sprite="CRB_Anim_Spinner:sprAnim_SpinnerSmall" Line="0"/>
                <Pixie LAnchorPoint="0" LAnchorOffset="0" TAnchorPoint="0.5" TAnchorOffset="0" RAnchorPoint="1" RAnchorOffset="0" BAnchorPoint="0.5" BAnchorOffset="28" BGColor="ffffffff" Font="CRB_InterfaceSmall" TextColor="UI_TextMetalBodyHighlight" Text="Submitting order" TextId="" DT_CENTER="1" Line="0"/>
            </Control>
            <Control Class="Window" LAnchorPoint="0" LAnchorOffset="0" TAnchorPoint="0" TAnchorOffset="0" RAnchorPoint="1" RAnchorOffset="-20" BAnchorPoint="1" BAnchorOffset="0" RelativeToClient="1" Font="Default" Text="" Template="Default" TooltipType="OnCursor" Name="RefreshAnimation" BGColor="aaffffff" TextColor="ffffffff" TooltipColor="" Picture="1" IgnoreMouse="1" Sprite="" HideInEditor="1" Visible="0"/>
            <Control Class="Window" LAnchorPoint="0" LAnchorOffset="0" TAnchorPoint="0" TAnchorOffset="0" RAnchorPoint="1" RAnchorOffset="0" BAnchorPoint="1" BAnchorOffset="0" RelativeToClient="1" Font="Default" Text="" Template="Default" TooltipType="OnCursor" Name="PostResultNotification" BGColor="ffffffff" TextColor="ffffffff" TooltipColor="" IgnoreMouse="0" TransitionShowHide="1" Visible="0" HideInEditor="0" Sprite="ClientSprites:BlackFill" Picture="1" NewControlDepth="4" Tooltip="" TooltipFont="CRB_InterfaceSmall_O" TooltipId="" IgnoreTooltipDelay="0">
                <Control Class="Window" LAnchorPoint="0.5" LAnchorOffset="-150" TAnchorPoint="0.5" TAnchorOffset="-65" RAnchorPoint="0.5" RAnchorOffset="150" BAnchorPoint="0.5" BAnchorOffset="65" RelativeToClient="1" Font="CRB_InterfaceMedium" Text="" Template="Default" TooltipType="OnCursor" Name="PostResultNotificationBG" BGColor="ffffffff" TextColor="ff7fffb9" TooltipColor="" Picture="1" IgnoreMouse="1" Sprite="CRB_Basekit:kitBase_HoloBlue_Small" DT_CENTER="1" DT_VCENTER="1" TextId="">
                    <Control Class="Window" LAnchorPoint="0" LAnchorOffset="10" TAnchorPoint="0" TAnchorOffset="10" RAnchorPoint="0" RAnchorOffset="74" BAnchorPoint="0" BAnchorOffset="74" RelativeToClient="1" Font="Default" Text="" Template="Default" TooltipType="OnCursor" Name="PostResultNotificationCheck" BGColor="ffffffff" TextColor="ffffffff" TooltipColor="" Sprite="ClientSprites:LootCloseBox" Picture="1" IgnoreMouse="1" HideInEditor="0"/>
                    <Control Class="Window" LAnchorPoint="0" LAnchorOffset="74" TAnchorPoint="0" TAnchorOffset="16" RAnchorPoint="1" RAnchorOffset="0" BAnchorPoint="0" BAnchorOffset="36" RelativeToClient="1" Font="CRB_InterfaceMedium_B" Text="" Template="Default" TooltipType="OnCursor" Name="PostResultNotificationLabel" BGColor="ffffffff" TextColor="ffb80000" TooltipColor="" TextId="CombatFloaterType_Error" DT_CENTER="0"/>
                    <Control Class="Window" LAnchorPoint="0" LAnchorOffset="74" TAnchorPoint="0" TAnchorOffset="32" RAnchorPoint="1" RAnchorOffset="-16" BAnchorPoint="1" BAnchorOffset="-16" RelativeToClient="1" Font="CRB_InterfaceMedium" Text="" Template="Default" TooltipType="OnCursor" Name="PostResultNotificationSubText" BGColor="ffffffff" TextColor="ffffffff" TooltipColor="" TextId="MarketplaceAuction_TechnicalDifficulties" DT_CENTER="0" DT_WORDBREAK="1"/>
                </Control>
            </Control>
        </Control>
        <Control Class="Window" LAnchorPoint="0" LAnchorOffset="0" TAnchorPoint="0" TAnchorOffset="0" RAnchorPoint="1" RAnchorOffset="0" BAnchorPoint="1" BAnchorOffset="0" RelativeToClient="1" Font="CRB_Button" Text="" Template="Metal_Primary_Nav" TooltipType="OnCursor" Name="BGArt_Frame" BGColor="ffffffff" TextColor="ffffffff" TooltipColor="" Picture="1" IgnoreMouse="1" Sprite="" NewControlDepth="1" Border="1" UseTemplateBG="1" HideInEditor="0">
            <Control Class="Window" LAnchorPoint=".5" LAnchorOffset="-150" TAnchorPoint="0" TAnchorOffset="27" RAnchorPoint=".5" RAnchorOffset="150" BAnchorPoint="0" BAnchorOffset="63" RelativeToClient="1" Font="CRB_HeaderMedium" Text="C.R.E.D.D. Exchange" Template="Default" TooltipType="OnCursor" Name="Title" BGColor="ffffffff" TextColor="UI_WindowTitleYellow" TooltipColor="" TextId="" Visible="1" HideInEditor="0" NewControlDepth="5" DT_CENTER="1" DT_VCENTER="1" Sprite="BK3:sprMetal_Framing_Header" Picture="1" IgnoreMouse="1" Tooltip=""/>
        </Control>
        <Control Class="Button" Base="BK3:btnMetal_TabMainLeft" Font="CRB_ButtonHeader" ButtonType="Check" RadioGroup="MarketplaceC_HeaderRadioGroup" LAnchorPoint="0" LAnchorOffset="26" TAnchorPoint="0" TAnchorOffset="48" RAnchorPoint=".5" RAnchorOffset="0" BAnchorPoint="0" BAnchorOffset="124" DT_VCENTER="1" DT_CENTER="1" TooltipType="OnCursor" Name="HeaderBuyBtn" BGColor="ffffffff" TextColor="ffffffff" TooltipColor="" NormalTextColor="UI_BtnTextGoldListNormal" PressedTextColor="UI_BtnTextGoldListPressed" FlybyTextColor="UI_BtnTextGoldListFlyby" PressedFlybyTextColor="UI_BtnTextGoldListPressedFlyby" DisabledTextColor="UI_BtnTextGoldListDisabled" Text="Buy C.R.E.D.D." TextId="" GlobalRadioGroup="" Tooltip="" NewControlDepth="1" RadioDisallowNonSelection="1" RelativeToClient="1" NeverBringToFront="1" TooltipFont="CRB_InterfaceSmall_O" TooltipId="MarketplaceCommodity_BuyNowTooltip" DrawAsCheckbox="0">
            <Event Name="ButtonCheck" Function="OnHeaderBuyCheck"/>
        </Control>
        <Control Class="Button" Base="BK3:btnMetal_TabMainRight" Font="CRB_ButtonHeader" ButtonType="Check" RadioGroup="MarketplaceC_HeaderRadioGroup" LAnchorPoint=".50" LAnchorOffset="0" TAnchorPoint="0" TAnchorOffset="48" RAnchorPoint="1" RAnchorOffset="-26" BAnchorPoint="0" BAnchorOffset="124" DT_VCENTER="1" DT_CENTER="1" TooltipType="OnCursor" Name="HeaderSellBtn" BGColor="ffffffff" TextColor="ffffffff" TooltipColor="" NormalTextColor="UI_BtnTextGoldListNormal" PressedTextColor="UI_BtnTextGoldListPressed" FlybyTextColor="UI_BtnTextGoldListFlyby" PressedFlybyTextColor="UI_BtnTextGoldListPressedFlyby" DisabledTextColor="UI_BtnTextGoldListDisabled" Text="Sell C.R.E.D.D." TextId="" GlobalRadioGroup="" RadioDisallowNonSelection="1" RelativeToClient="1" NeverBringToFront="1" Tooltip="" TooltipFont="CRB_Interface9_O" TooltipId="MarketplaceCommodity_SellNowTooltip">
            <Event Name="ButtonCheck" Function="OnHeaderSellCheck"/>
        </Control>
        <Control Class="Window" LAnchorPoint="0" LAnchorOffset="27" TAnchorPoint="1" TAnchorOffset="-93" RAnchorPoint="1" RAnchorOffset="-26" BAnchorPoint="1" BAnchorOffset="-23" RelativeToClient="1" Font="Default" Text="" Template="Default" TooltipType="OnCursor" Name="BGFooter" BGColor="ffffffff" TextColor="ffffffff" TooltipColor="" Picture="1" IgnoreMouse="1" Sprite="BK3:UI_BK3_Metal_Footer_Large" NewControlDepth="1">
            <Control Class="Window" LAnchorPoint="0" LAnchorOffset="13" TAnchorPoint="0" TAnchorOffset="16" RAnchorPoint="0" RAnchorOffset="187" BAnchorPoint="0" BAnchorOffset="58" RelativeToClient="1" Font="Default" Text="" BGColor="UI_WindowBGDefault" TextColor="UI_WindowTextDefault" Template="Default" TooltipType="OnCursor" Name="LeftFrame" TooltipColor="" TextId="" Sprite="BK3:UI_BK3_Metal_Inset_SharpCorner" Picture="1" IgnoreMouse="1"/>
            <Control Class="Window" LAnchorPoint="0" LAnchorOffset="277" TAnchorPoint="0" TAnchorOffset="16" RAnchorPoint="0" RAnchorOffset="444" BAnchorPoint="0" BAnchorOffset="58" RelativeToClient="1" Font="Default" Text="" BGColor="UI_WindowBGDefault" TextColor="UI_WindowTextDefault" Template="Default" TooltipType="OnCursor" Name="RightFrame" TooltipColor="" TextId="" Sprite="BK3:UI_BK3_Metal_Inset_SharpCorner" Picture="1" IgnoreMouse="1"/>
            <Control Class="Window" LAnchorPoint="0" LAnchorOffset="20" TAnchorPoint="1" TAnchorOffset="-50" RAnchorPoint="0" RAnchorOffset="167" BAnchorPoint="1" BAnchorOffset="-10" RelativeToClient="1" Font="CRB_InterfaceSmall" Text="" Template="Default" TooltipType="OnCursor" Name="PlayerCashContainer" BGColor="ffffffff" TextColor="UI_TextMetalBodyHighlight" TooltipColor="" TextId="MarketplaceCommodity_YourCash">
                <Control Class="CashWindow" LAnchorPoint="0" LAnchorOffset="0" TAnchorPoint="0" TAnchorOffset="15" RAnchorPoint="1" RAnchorOffset="0" BAnchorPoint="0" BAnchorOffset="35" TooltipType="OnCursor" RelativeToClient="1" Font="CRB_InterfaceSmall" Text="" Template="Default" BGColor="ffffffff" TextColor="UI_TextMetalBodyHighlight" DT_RIGHT="0" Name="PlayerCashWindow" TooltipColor=""/>
            </Control>
            <Control Class="Window" LAnchorPoint="1" LAnchorOffset="-201" TAnchorPoint="1" TAnchorOffset="-51" RAnchorPoint="1" RAnchorOffset="-66" BAnchorPoint="1" BAnchorOffset="-11" RelativeToClient="1" Font="CRB_InterfaceSmall" Text="Your C.R.E.D.D:" Template="Default" TooltipType="OnCursor" Name="PlayerCREDDContainer" BGColor="ffffffff" TextColor="UI_TextMetalBodyHighlight" TooltipColor="" TextId="" DT_RIGHT="1">
                <Control Class="Window" LAnchorPoint="0" LAnchorOffset="0" TAnchorPoint="0" TAnchorOffset="16" RAnchorPoint="1" RAnchorOffset="0" BAnchorPoint="0" BAnchorOffset="36" RelativeToClient="1" Font="CRB_InterfaceMedium_O" Text="" BGColor="UI_WindowBGDefault" TextColor="UI_TextMetalBodyHighlight" Template="Default" TooltipType="OnCursor" Name="PlayerCREDDWindow" TooltipColor="" TextId="CRB__2" DT_RIGHT="1"/>
            </Control>
        </Control>
        <Control Class="Window" LAnchorPoint=".5" LAnchorOffset="-29" TAnchorPoint="0" TAnchorOffset="465" RAnchorPoint=".5" RAnchorOffset="29" BAnchorPoint="0" BAnchorOffset="523" RelativeToClient="1" Font="Default" Text="" Template="Default" TooltipType="OnCursor" Name="RefreshMarketBG" BGColor="ffffffff" TextColor="ffffffff" TooltipColor="" Sprite="CRB_BaseBarSprites:sprHUD_InventoryBacker" Picture="0" IgnoreMouse="1" NewControlDepth="1" Tooltip="">
            <Control Class="Button" Base="CRB_Basekit:kitBtn_Holo" Font="Thick" ButtonType="Check" RadioGroup="" LAnchorPoint="0" LAnchorOffset="10" TAnchorPoint="0" TAnchorOffset="10" RAnchorPoint="1" RAnchorOffset="-10" BAnchorPoint="1" BAnchorOffset="-10" Name="RefreshMarketBtn" BGColor="ffffffff" TextColor="ffffffff" NormalTextColor="ffffffff" PressedTextColor="ffffffff" FlybyTextColor="ffffffff" PressedFlybyTextColor="ffffffff" DisabledTextColor="ffffffff" RelativeToClient="1" TooltipColor="" IgnoreTooltipDelay="1" TooltipType="OnCursor" TooltipFont="CRB_InterfaceSmall_O" Tooltip="Refresh market data" TooltipId="">
                <Pixie LAnchorPoint="0" LAnchorOffset="4" TAnchorPoint="0" TAnchorOffset="4" RAnchorPoint="1" RAnchorOffset="-4" BAnchorPoint="1" BAnchorOffset="-4" BGColor="ffffffff" Font="Default" TextColor="ffffffff" Text="" Sprite="ClientSprites:Icon_Mission_Explorer_ActivateChecklist" Line="0"/>
                <Event Name="ButtonCheck" Function="OnRefreshMarketBtn"/>
            </Control>
            <Control Class="Window" LAnchorPoint="0" LAnchorOffset="0" TAnchorPoint="0" TAnchorOffset="0" RAnchorPoint="1" RAnchorOffset="0" BAnchorPoint="1" BAnchorOffset="0" RelativeToClient="1" Font="Default" Text="" Template="Default" TooltipType="OnCursor" Name="BGFrame" BGColor="ffffffff" TextColor="ffffffff" TooltipColor="" Picture="1" IgnoreMouse="1" Sprite="CRB_Basekit:kitInnerFrame_MetalGrey_Small" NewControlDepth="5"/>
        </Control>
        <Control Class="Window" LAnchorPoint="1" LAnchorOffset="-94" TAnchorPoint="1" TAnchorOffset="-85" RAnchorPoint="1" RAnchorOffset="-36" BAnchorPoint="1" BAnchorOffset="-27" RelativeToClient="1" Font="Default" Text="" Template="Default" TooltipType="OnCursor" Name="OpenMarketListingsBG" BGColor="ffffffff" TextColor="ffffffff" TooltipColor="" Sprite="CRB_BaseBarSprites:sprHUD_InventoryBacker" Picture="0" IgnoreMouse="1" NewControlDepth="1" Tooltip="">
            <Control Class="Button" Base="CRB_Basekit:kitBtn_Holo" Font="Thick" ButtonType="PushButton" RadioGroup="" LAnchorPoint="0" LAnchorOffset="10" TAnchorPoint="0" TAnchorOffset="10" RAnchorPoint="1" RAnchorOffset="-10" BAnchorPoint="1" BAnchorOffset="-10" Name="OpenMarketListingsBtn" BGColor="ffffffff" TextColor="ffffffff" NormalTextColor="ffffffff" PressedTextColor="ffffffff" FlybyTextColor="ffffffff" PressedFlybyTextColor="ffffffff" DisabledTextColor="ffffffff" RelativeToClient="1" TooltipColor="" IgnoreTooltipDelay="1" TooltipType="OnCursor" TooltipFont="CRB_InterfaceSmall_O" Tooltip="" TooltipId="MarketplaceAuction_ViewMyListings">
                <Event Name="ButtonSignal" Function="OnOpenMarketListingsBtn"/>
                <Pixie LAnchorPoint="0" LAnchorOffset="4" TAnchorPoint="0" TAnchorOffset="4" RAnchorPoint="1" RAnchorOffset="-4" BAnchorPoint="1" BAnchorOffset="-4" BGColor="ffffffff" Font="Default" TextColor="ffffffff" Text="" Sprite="ClientSprites:Icon_Mission_Explorer_ActivateChecklist" Line="0"/>
            </Control>
            <Control Class="Window" LAnchorPoint="0" LAnchorOffset="0" TAnchorPoint="0" TAnchorOffset="0" RAnchorPoint="1" RAnchorOffset="0" BAnchorPoint="1" BAnchorOffset="0" RelativeToClient="1" Font="Default" Text="" Template="Default" TooltipType="OnCursor" Name="OpenMarketListingsBGFrame" BGColor="ffffffff" TextColor="ffffffff" TooltipColor="" Picture="1" IgnoreMouse="1" Sprite="CRB_Basekit:kitInnerFrame_MetalGrey_Small" NewControlDepth="5"/>
        </Control>
        <Control Class="Button" Base="CRB_Basekit:kitBtn_Close" Font="Thick" ButtonType="PushButton" RadioGroup="" LAnchorPoint="1" LAnchorOffset="-51" TAnchorPoint="0" TAnchorOffset="26" RAnchorPoint="1" RAnchorOffset="-24" BAnchorPoint="0" BAnchorOffset="55" DT_VCENTER="1" DT_CENTER="1" TooltipType="OnCursor" Name="CloseBtn" BGColor="ffffffff" TextColor="ffffffff" TooltipColor="" NormalTextColor="ffffffff" PressedTextColor="ffffffff" FlybyTextColor="ffffffff" PressedFlybyTextColor="ffffffff" DisabledTextColor="ffffffff">
            <Event Name="ButtonSignal" Function="OnDestroy"/>
        </Control>
    </Form>
    <Form Class="Window" LAnchorPoint="0" LAnchorOffset="22" TAnchorPoint="0" TAnchorOffset="25" RAnchorPoint="0" RAnchorOffset="183" BAnchorPoint="0" BAnchorOffset="80" RelativeToClient="1" Font="Default" Text="" BGColor="UI_WindowBGDefault" TextColor="UI_WindowTextDefault" Template="Default" TooltipType="OnCursor" Name="MarketDataForm" TooltipColor="">
        <Control Class="Window" LAnchorPoint="0" LAnchorOffset="0" TAnchorPoint="0" TAnchorOffset="10" RAnchorPoint="1" RAnchorOffset="0" BAnchorPoint="0" BAnchorOffset="30" RelativeToClient="1" Font="CRB_InterfaceMedium_O" Text="AVG Last 1" BGColor="UI_WindowBGDefault" TextColor="white" Template="Default" TooltipType="OnCursor" Name="Label" TooltipColor="" TextId=""/>
        <Control Class="CashWindow" LAnchorPoint="0" LAnchorOffset="10" TAnchorPoint="0" TAnchorOffset="30" RAnchorPoint="1" RAnchorOffset="0" BAnchorPoint="0" BAnchorOffset="50" TooltipType="OnCursor" RelativeToClient="1" Font="CRB_InterfaceMedium" Text="" Template="Default" BGColor="ffffffff" TextColor="UI_TextHoloBody" DT_RIGHT="0" Name="Price" TooltipColor="" HideInEditor="0" Visible="1" SkipZeroes="1" IgnoreMouse="1"/>
    </Form>
    <Form Class="Window" LAnchorPoint="0" LAnchorOffset="600" TAnchorPoint="0" TAnchorOffset="100" RAnchorPoint="0" RAnchorOffset="1000" BAnchorPoint="0" BAnchorOffset="500" RelativeToClient="1" Font="Default" Text="" Template="Default" Name="MarketplaceListingsForm" Border="0" Picture="0" SwallowMouseClicks="1" Moveable="1" Escapable="1" Overlapped="1" BGColor="ffffffff" TextColor="ffffffff" TextId="" TooltipColor="" Tooltip="" IgnoreMouse="0" Sizable="1" Sprite="" NoClip="1">
        <Control Class="Window" LAnchorPoint="0" LAnchorOffset="20" TAnchorPoint="0" TAnchorOffset="54" RAnchorPoint="1" RAnchorOffset="-15" BAnchorPoint="1" BAnchorOffset="-10" RelativeToClient="1" Font="CRB_InterfaceMedium_B" Text="" Template="CRB_Scroll_HoloLarge" TooltipType="OnCursor" Name="ListingMainScroll" BGColor="ffffffff" TextColor="UI_TextMetalBodyHighlight" TooltipColor="" VScroll="1" IgnoreMouse="1" DT_CENTER="1" DT_VCENTER="1"/>
        <Control Class="Window" LAnchorPoint="0" LAnchorOffset="19" TAnchorPoint="0" TAnchorOffset="54" RAnchorPoint="1" RAnchorOffset="-13" BAnchorPoint="1" BAnchorOffset="-10" RelativeToClient="1" Font="Default" Text="" Template="Default" TooltipType="OnCursor" Name="WaitScreen" BGColor="ffffffff" TextColor="ffffffff" TooltipColor="" Sprite="ClientSprites:BlackFill" Picture="1" IgnoreMouse="1" NewControlDepth="4" TransitionShowHide="1" Visible="0" HideInEditor="1">
            <Pixie LAnchorPoint="0.5" LAnchorOffset="-28" TAnchorPoint="0.5" TAnchorOffset="-28" RAnchorPoint="0.5" RAnchorOffset="28" BAnchorPoint="0.5" BAnchorOffset="28" BGColor="ffffffff" Font="Default" TextColor="ffffffff" Text="" Sprite="CRB_Anim_Spinner:sprAnim_SpinnerSmall" Line="0"/>
        </Control>
        <Control Class="Window" LAnchorPoint="0" LAnchorOffset="12" TAnchorPoint="0" TAnchorOffset="23" RAnchorPoint="1" RAnchorOffset="-12" BAnchorPoint="0" BAnchorOffset="60" RelativeToClient="1" Font="Default" Text="" Template="Default" TooltipType="OnCursor" Name="TitleBG" BGColor="ffffffff" TextColor="ffffffff" TooltipColor="" Picture="1" IgnoreMouse="1" Sprite="CRB_Basekit:kitHeader_MetalGrey_TitleMarked" Tooltip="">
            <Control Class="Window" LAnchorPoint="0" LAnchorOffset="0" TAnchorPoint="0" TAnchorOffset="0" RAnchorPoint="1" RAnchorOffset="0" BAnchorPoint="1" BAnchorOffset="-4" RelativeToClient="1" Font="CRB_InterfaceMedium_B" Text="C.R.E.D.D. Listings" Template="Default" TooltipType="OnCursor" Name="TitleBGText" BGColor="ffffffff" TextColor="ff5f6662" TooltipColor="" DT_CENTER="1" DT_VCENTER="1" TextId=""/>
        </Control>
        <Control Class="Window" LAnchorPoint="0" LAnchorOffset="0" TAnchorPoint="0" TAnchorOffset="0" RAnchorPoint="1" RAnchorOffset="8" BAnchorPoint="1" BAnchorOffset="16" RelativeToClient="1" Font="Default" Text="" Template="Default" TooltipType="OnCursor" Name="FrameBG" BGColor="ffffffff" TextColor="ffffffff" TooltipColor="" Picture="1" IgnoreMouse="1" Sprite="CRB_Basekit:kitOuterFrame_MetalGold_Small2" Visible="1" HideInEditor="0" NewControlDepth="1"/>
        <Event Name="WindowClosed" Function="OnDestroy"/>
        <Pixie LAnchorPoint="0" LAnchorOffset="12" TAnchorPoint="0" TAnchorOffset="38" RAnchorPoint="1" RAnchorOffset="-12" BAnchorPoint="1" BAnchorOffset="-12" BGColor="ffffffff" Font="Default" TextColor="ffffffff" Text="" Sprite="CRB_Basekit:kitBase_MetalGrey_Small" Line="0"/>
        <Control Class="Button" Base="CRB_Basekit:kitBtn_Close" Font="Thick" ButtonType="PushButton" RadioGroup="" LAnchorPoint="1" LAnchorOffset="-27" TAnchorPoint="0" TAnchorOffset="8" RAnchorPoint="1" RAnchorOffset="0" BAnchorPoint="0" BAnchorOffset="37" DT_VCENTER="1" DT_CENTER="1" TooltipType="OnCursor" Name="CloseBtn" BGColor="ffffffff" TextColor="ffffffff" TooltipColor="" NormalTextColor="ffffffff" PressedTextColor="ffffffff" FlybyTextColor="ffffffff" PressedFlybyTextColor="ffffffff" DisabledTextColor="ffffffff">
            <Event Name="ButtonSignal" Function="OnCloseOrdersBtn"/>
        </Control>
    </Form>
    <Form Class="Window" LAnchorPoint="0" LAnchorOffset="0" TAnchorPoint="0" TAnchorOffset="0" RAnchorPoint="1" RAnchorOffset="0" BAnchorPoint="0" BAnchorOffset="111" RelativeToClient="1" Font="Default" Text="" Template="Default" TooltipType="OnCursor" Name="MarketListingForm" BGColor="ffffffff" TextColor="ffffffff" TooltipColor="" Picture="1" IgnoreMouse="1" Sprite="">
        <Control Class="Window" LAnchorPoint="0" LAnchorOffset="-8" TAnchorPoint="0" TAnchorOffset="0" RAnchorPoint="1" RAnchorOffset="0" BAnchorPoint="1" BAnchorOffset="0" RelativeToClient="1" Font="Default" Text="" Template="Default" TooltipType="OnCursor" Name="BuyBG" BGColor="9dffff00" TextColor="ffffffff" TooltipColor="" Sprite="kitBase_HoloBlue_PopoutSmall" Picture="1" IgnoreMouse="1" Visible="0" HideInEditor="1"/>
        <Control Class="Window" LAnchorPoint="0" LAnchorOffset="0" TAnchorPoint="0" TAnchorOffset="0" RAnchorPoint="1" RAnchorOffset="8" BAnchorPoint="1" BAnchorOffset="0" RelativeToClient="1" Font="Default" Text="" Template="Default" TooltipType="OnCursor" Name="SellBG" BGColor="9dffffff" TextColor="ffffffff" TooltipColor="" Sprite="spr_TEMP_HoloBlue_PopoutSmall_Reverse" Picture="1" IgnoreMouse="1" HideInEditor="0" Visible="0"/>
        <Control Class="Window" LAnchorPoint="0" LAnchorOffset="20" TAnchorPoint="0" TAnchorOffset="18" RAnchorPoint="1" RAnchorOffset="-14" BAnchorPoint="0" BAnchorOffset="38" RelativeToClient="1" Font="CRB_InterfaceLarge_O" Text="" Template="Default" TooltipType="OnCursor" Name="ItemName" BGColor="ffffffff" TextColor="ff31fcf6" TooltipColor="" TextId="Challenges_NoProgress" HideInEditor="0" Tooltip=""/>
        <Control Class="CashWindow" LAnchorPoint="0" LAnchorOffset="20" TAnchorPoint="0" TAnchorOffset="33" RAnchorPoint="1" RAnchorOffset="-12" BAnchorPoint="0" BAnchorOffset="68" TooltipType="OnCursor" RelativeToClient="1" Font="CRB_InterfaceSmall" Text="" Template="Default" BGColor="ffffffff" TextColor="UI_TextHoloBody" Name="Price" TooltipColor="" SkipZeroes="1" DT_VCENTER="1"/>
        <Control Class="Window" LAnchorPoint="0" LAnchorOffset="20" TAnchorPoint="0" TAnchorOffset="64" RAnchorPoint="0" RAnchorOffset="44" BAnchorPoint="0" BAnchorOffset="88" RelativeToClient="1" Font="Default" Text="" Template="Default" TooltipType="OnCursor" Name="TimeIcon" BGColor="ffffffff" TextColor="ffffffff" TooltipColor="" Picture="1" IgnoreMouse="1" Sprite="CRB_Basekit:kitIcon_Holo_Clock"/>
        <Control Class="Window" LAnchorPoint="0" LAnchorOffset="50" TAnchorPoint="0" TAnchorOffset="60" RAnchorPoint="1" RAnchorOffset="-109" BAnchorPoint="0" BAnchorOffset="92" RelativeToClient="1" Font="CRB_InterfaceSmall_O" Text="" Template="Default" TooltipType="OnCursor" Name="TimeLeftText" BGColor="ffffffff" TextColor="UI_TextHoloBody" TooltipColor="" TextId="Challenges_NoProgress" DT_VCENTER="1"/>
        <Control Class="Button" Base="CRB_Basekit:kitBtn_Holo" Font="CRB_InterfaceSmall_O" ButtonType="PushButton" RadioGroup="" LAnchorPoint="1" LAnchorOffset="-109" TAnchorPoint="1" TAnchorOffset="-45" RAnchorPoint="1" RAnchorOffset="-13" BAnchorPoint="1" BAnchorOffset="-19" DT_VCENTER="1" DT_CENTER="1" TooltipType="OnCursor" Name="CancelBtn" BGColor="ffffffff" TextColor="ffffffff" TooltipColor="" NormalTextColor="UI_TextHoloBody" PressedTextColor="ffffffff" FlybyTextColor="ffffffff" PressedFlybyTextColor="ffffffff" DisabledTextColor="ffffffff" Text="" TextId="Cancel">
            <Event Name="ButtonSignal" Function="OnMarketOrderCancelBtn"/>
        </Control>
    </Form>
</Forms>
