<Forms>
    <Form Class="Window" LAnchorPoint="0" LAnchorOffset="19" TAnchorPoint=".5" TAnchorOffset="-300" RAnchorPoint="0" RAnchorOffset="819" BAnchorPoint="0.5" BAnchorOffset="300" RelativeToClient="1" Font="Default" Text="" Template="" Name="PublicEventStatsForm" Border="0" Picture="0" SwallowMouseClicks="1" Moveable="1" Escapable="1" Overlapped="1" BGColor="ffffffff" TextColor="ffffffff" TextId="" TooltipColor="" Sizable="1" Tooltip="">
        <Control Class="Window" LAnchorPoint="0" LAnchorOffset="25" TAnchorPoint="0" TAnchorOffset="67" RAnchorPoint="1" RAnchorOffset="-22" BAnchorPoint="1" BAnchorOffset="-88" RelativeToClient="1" Font="Default" Text="" BGColor="UI_WindowBGDefault" TextColor="UI_WindowTextDefault" Template="Holo_Background_General" TooltipType="OnCursor" Name="HoloBG" TooltipColor="" Border="1" IgnoreMouse="1" UseTemplateBG="1"/>
        <Control Class="Window" LAnchorPoint="0" LAnchorOffset="39" TAnchorPoint="0" TAnchorOffset="83" RAnchorPoint="1" RAnchorOffset="-40" BAnchorPoint="1" BAnchorOffset="-101" RelativeToClient="1" Font="Default" Text="" Template="Default" Name="MainGridContainer" BGColor="ffffffff" TextColor="ffffffff" HideInEditor="0" Visible="1" Sprite="BK3:UI_BK3_Holo_InsetSimple" IgnoreMouse="1" TransitionShowHide="1" NewControlDepth="1" TooltipColor="" Picture="1">
            <Control Class="Grid" LAnchorPoint="0" LAnchorOffset="2" TAnchorPoint="0" TAnchorOffset="2" RAnchorPoint="1" RAnchorOffset="-2" BAnchorPoint="1" BAnchorOffset="-2" RelativeToClient="1" Font="CRB_InterfaceSmall" Text="" Template="CRB_Scroll_HoloSmall" Name="PublicEventGrid" BGColor="ffffffff" TextColor="UI_TextHoloBody" IgnoreMouse="1" MultiColumn="1" SelectWholeRow="0" RowHeight="25" CellBGBase="CRB_Basekit:kitBtn_List_HoloNormal" TextNormalColor="UI_TextHoloBody" DT_VCENTER="1" TooltipColor="ffffffff" VScroll="1" AutoHideScroll="1" HeaderBG="BK3:btnHolo_ListView_TopNormal" HeaderFont="CRB_InterfaceSmall" HeaderHeight="25" HeaderRow="1" HorzRowMargin="0" HorzCellMargin="6" VertRowMargin="0" HideInEditor="1" Visible="1" TextSelectedColor="" TextNormalFocusColor="" TextSelectedFocusColor="" ImageTextSpacing="0" HScroll="1" CellBGNormalColor="" CellBGSelectedColor="" CellBGNormalFocusColor="" CellBGSelectedFocusColor="" TooltipFont="CRB_InterfaceSmall_O" TooltipType="OnCursor">
                <Event Name="GridSelChange" Function="OnRosterGridItemClick"/>
                <Column Name="Name" Width="200" TextColor="UI_TextHoloTitle" Image="" MinWidth="10" MaxWidth="2048" SimpleSort="1" MergeLeft="0" DT_VCENTER="1"/>
                <Column Name="Contribution" Width="100" TextColor="UI_TextHoloTitle" Image="" MinWidth="10" MaxWidth="2048" MergeLeft="0" SimpleSort="1" DT_VCENTER="1"/>
                <Column Name="Damage Done" Width="100" TextColor="UI_TextHoloTitle" Image="" MinWidth="10" MaxWidth="2048" MergeLeft="0" SimpleSort="1" DT_VCENTER="1"/>
                <Column Name="Damage Taken" Width="100" TextColor="UI_TextHoloTitle" Image="" MinWidth="10" MaxWidth="2048" MergeLeft="0" SimpleSort="1" DT_VCENTER="1"/>
                <Column Name="Healing Done" Width="104" TextColor="UI_TextHoloTitle" Image="" MinWidth="10" MaxWidth="2048" MergeLeft="0" SimpleSort="1" DT_VCENTER="1"/>
                <Column Name="Healing Taken" Width="100" TextColor="UI_TextHoloTitle" Image="" MinWidth="10" MaxWidth="2048" MergeLeft="0" SimpleSort="1" DT_VCENTER="1"/>
            </Control>
            <Control Class="Window" LAnchorPoint="0" LAnchorOffset="2" TAnchorPoint="0" TAnchorOffset="2" RAnchorPoint="1" RAnchorOffset="-2" BAnchorPoint="1" BAnchorOffset="-2" RelativeToClient="1" Font="Default" Text="" Template="Default" TooltipType="OnCursor" Name="PvPArenaContainer" BGColor="ffffffff" TextColor="ffffffff" TooltipColor="" Visible="0" HideInEditor="1">
                <Control Class="Window" LAnchorPoint="0" LAnchorOffset="0" TAnchorPoint="0" TAnchorOffset="0" RAnchorPoint="1" RAnchorOffset="0" BAnchorPoint="0" BAnchorOffset="40" RelativeToClient="1" Font="Default" Text="" Template="Default" TooltipType="OnCursor" Name="PvPTeamHeaderTop" BGColor="ffffffff" TextColor="ffffffff" TooltipColor="" Picture="1" IgnoreMouse="1" Sprite="kitHeader_HoloHexes_Title">
                    <Control Class="Window" LAnchorPoint="0" LAnchorOffset="16" TAnchorPoint="0" TAnchorOffset="0" RAnchorPoint="1" RAnchorOffset="-16" BAnchorPoint="1" BAnchorOffset="0" RelativeToClient="1" Font="CRB_HeaderTiny" Text="" Template="Default" TooltipType="OnCursor" Name="PvPHeaderTitle" BGColor="ffffffff" TextColor="UI_TextHoloBodyHighlight" TooltipColor="" DT_VCENTER="1" TextId="PublicEventStats_TeamName" Tooltip=""/>
                    <Control Class="Window" LAnchorPoint="0" LAnchorOffset="16" TAnchorPoint="0" TAnchorOffset="0" RAnchorPoint="1" RAnchorOffset="-16" BAnchorPoint="1" BAnchorOffset="0" RelativeToClient="1" Font="CRB_HeaderTiny" Text="" Template="Default" TooltipType="OnCursor" Name="PvPHeaderText" BGColor="ffffffff" TextColor="UI_TextHoloBodyHighlight" TooltipColor="" DT_VCENTER="1" TextId="" DT_RIGHT="1"/>
                </Control>
                <Control Class="Grid" LAnchorPoint="0" LAnchorOffset="0" TAnchorPoint="0" TAnchorOffset="40" RAnchorPoint="1" RAnchorOffset="0" BAnchorPoint="0.5" BAnchorOffset="0" RelativeToClient="1" Font="CRB_InterfaceSmall" Text="" Template="Holo_ScrollListSmall" Name="PvPTeamGridTop" BGColor="ffffffff" TextColor="UI_TextHoloBody" IgnoreMouse="1" MultiColumn="1" SelectWholeRow="0" RowHeight="25" CellBGBase="CRB_Basekit:kitBtn_List_HoloNormal" TextNormalColor="UI_TextHoloBody" DT_VCENTER="1" TooltipColor="ffffffff" VScroll="0" AutoHideScroll="0" HeaderBG="BK3:btnHolo_ListView_TopNormal" HeaderFont="CRB_InterfaceSmall" HeaderHeight="25" HeaderRow="1" HorzRowMargin="0" HorzCellMargin="4" VertRowMargin="0" HideInEditor="0" Visible="1" TextSelectedColor="" TextNormalFocusColor="" TextSelectedFocusColor="" ImageTextSpacing="0" HScroll="1" CellBGNormalColor="" CellBGSelectedColor="" CellBGNormalFocusColor="" CellBGSelectedFocusColor="" TooltipFont="CRB_InterfaceSmall_O" TooltipType="OnCursor" Border="1" UseTemplateBG="1">
                    <Column Name="Name" Width="200" TextColor="UI_TextHoloTitle" Image="" MinWidth="10" MaxWidth="2048" SimpleSort="1" MergeLeft="0" DT_VCENTER="1"/>
                    <Column Name="Kills" Width="60" TextColor="UI_TextHoloTitle" Image="" MinWidth="10" MaxWidth="2048" MergeLeft="0" SimpleSort="1" DT_VCENTER="1"/>
                    <Column Name="Deaths" Width="60" TextColor="UI_TextHoloTitle" Image="" MinWidth="10" MaxWidth="2048" MergeLeft="0" SimpleSort="1" DT_VCENTER="1"/>
                    <Column Name="Assists" Width="60" TextColor="UI_TextHoloTitle" Image="" MinWidth="10" MaxWidth="2048" MergeLeft="0" SimpleSort="1" DT_VCENTER="1"/>
                    <Column Name="Damage Done" Width="100" TextColor="UI_TextHoloTitle" Image="" MinWidth="10" MaxWidth="2048" MergeLeft="0" SimpleSort="1" DT_VCENTER="1"/>
                    <Column Name="Healing Done" Width="100" TextColor="UI_TextHoloTitle" Image="" MinWidth="10" MaxWidth="2048" MergeLeft="0" SimpleSort="1" DT_VCENTER="1"/>
                    <Column Name="Damage Taken" Width="100" TextColor="UI_TextHoloTitle" Image="" MinWidth="10" MaxWidth="2048" MergeLeft="0" SimpleSort="1" DT_VCENTER="1"/>
                    <Column Name="Healing Taken" Width="100" TextColor="UI_TextHoloTitle" Image="" MinWidth="10" MaxWidth="2048" MergeLeft="0" SimpleSort="1" DT_VCENTER="1"/>
                </Control>
                <Control Class="Window" LAnchorPoint="0" LAnchorOffset="0" TAnchorPoint="0.5" TAnchorOffset="-1" RAnchorPoint="1" RAnchorOffset="0" BAnchorPoint="0.5" BAnchorOffset="39" RelativeToClient="1" Font="Default" Text="" Template="Default" TooltipType="OnCursor" Name="PvPTeamHeaderBot" BGColor="ffffffff" TextColor="ffffffff" TooltipColor="" Picture="1" IgnoreMouse="1" Sprite="kitHeader_HoloHexes_Title" HideInEditor="0">
                    <Control Class="Window" LAnchorPoint="0" LAnchorOffset="16" TAnchorPoint="0" TAnchorOffset="0" RAnchorPoint="1" RAnchorOffset="-16" BAnchorPoint="1" BAnchorOffset="0" RelativeToClient="1" Font="CRB_HeaderTiny" Text="" Template="Default" TooltipType="OnCursor" Name="PvPHeaderTitle" BGColor="ffffffff" TextColor="UI_TextHoloBodyHighlight" TooltipColor="" DT_VCENTER="1" TextId=""/>
                    <Control Class="Window" LAnchorPoint="0" LAnchorOffset="16" TAnchorPoint="0" TAnchorOffset="0" RAnchorPoint="1" RAnchorOffset="-16" BAnchorPoint="1" BAnchorOffset="0" RelativeToClient="1" Font="CRB_HeaderTiny" Text="" Template="Default" TooltipType="OnCursor" Name="PvPHeaderText" BGColor="ffffffff" TextColor="UI_TextHoloBodyHighlight" TooltipColor="" DT_VCENTER="1" TextId="" DT_RIGHT="1"/>
                </Control>
                <Control Class="Grid" LAnchorPoint="0" LAnchorOffset="0" TAnchorPoint="0.5" TAnchorOffset="38" RAnchorPoint="1" RAnchorOffset="0" BAnchorPoint="1" BAnchorOffset="0" RelativeToClient="1" Font="CRB_InterfaceSmall" Text="" Template="Holo_ScrollListSmall" Name="PvPTeamGridBot" BGColor="ffffffff" TextColor="UI_TextHoloBody" IgnoreMouse="1" MultiColumn="1" SelectWholeRow="0" RowHeight="25" CellBGBase="CRB_Basekit:kitBtn_List_HoloNormal" TextNormalColor="UI_TextHoloBody" DT_VCENTER="1" TooltipColor="ffffffff" VScroll="0" AutoHideScroll="0" HeaderBG="BK3:btnHolo_ListView_TopNormal" HeaderFont="CRB_InterfaceSmall" HeaderHeight="25" HeaderRow="1" HorzRowMargin="0" HorzCellMargin="4" VertRowMargin="0" HideInEditor="0" Visible="1" TextSelectedColor="" TextNormalFocusColor="" TextSelectedFocusColor="" ImageTextSpacing="0" HScroll="1" CellBGNormalColor="" CellBGSelectedColor="" CellBGNormalFocusColor="" CellBGSelectedFocusColor="" TooltipFont="CRB_InterfaceSmall_O" TooltipType="OnCursor" Border="1" UseTemplateBG="1">
                    <Column Name="Name" Width="200" TextColor="UI_TextHoloTitle" Image="" MinWidth="10" MaxWidth="2048" SimpleSort="1" MergeLeft="0" DT_VCENTER="1"/>
                    <Column Name="Kills" Width="60" TextColor="UI_TextHoloTitle" Image="" MinWidth="10" MaxWidth="2048" MergeLeft="0" SimpleSort="1" DT_VCENTER="1"/>
                    <Column Name="Deaths" Width="60" TextColor="UI_TextHoloTitle" Image="" MinWidth="10" MaxWidth="2048" MergeLeft="0" SimpleSort="1" DT_VCENTER="1"/>
                    <Column Name="Assists" Width="60" TextColor="UI_TextHoloTitle" Image="" MinWidth="10" MaxWidth="2048" MergeLeft="0" SimpleSort="1" DT_VCENTER="1"/>
                    <Column Name="Damage Done" Width="100" TextColor="UI_TextHoloTitle" Image="" MinWidth="10" MaxWidth="2048" MergeLeft="0" SimpleSort="1" DT_VCENTER="1"/>
                    <Column Name="Healing Done" Width="100" TextColor="UI_TextHoloTitle" Image="" MinWidth="10" MaxWidth="2048" MergeLeft="0" SimpleSort="1" DT_VCENTER="1"/>
                    <Column Name="Damage Taken" Width="100" TextColor="UI_TextHoloTitle" Image="" MinWidth="10" MaxWidth="2048" MergeLeft="0" SimpleSort="1" DT_VCENTER="1"/>
                    <Column Name="Healing Taken" Width="100" TextColor="UI_TextHoloTitle" Image="" MinWidth="10" MaxWidth="2048" MergeLeft="0" SimpleSort="1" DT_VCENTER="1"/>
                </Control>
            </Control>
            <Control Class="Window" LAnchorPoint="0" LAnchorOffset="2" TAnchorPoint="0" TAnchorOffset="2" RAnchorPoint="1" RAnchorOffset="-2" BAnchorPoint="1" BAnchorOffset="-2" RelativeToClient="1" Font="Default" Text="" Template="Default" TooltipType="OnCursor" Name="PvPCTFContainer" BGColor="ffffffff" TextColor="ffffffff" TooltipColor="" Visible="0" HideInEditor="1">
                <Control Class="Window" LAnchorPoint="0" LAnchorOffset="0" TAnchorPoint="0" TAnchorOffset="0" RAnchorPoint="1" RAnchorOffset="0" BAnchorPoint="0" BAnchorOffset="40" RelativeToClient="1" Font="Default" Text="" Template="Default" TooltipType="OnCursor" Name="PvPTeamHeaderTop" BGColor="ffffffff" TextColor="ffffffff" TooltipColor="" Picture="1" IgnoreMouse="1" Sprite="kitHeader_HoloHexes_Title">
                    <Control Class="Window" LAnchorPoint="0" LAnchorOffset="16" TAnchorPoint="0" TAnchorOffset="0" RAnchorPoint="1" RAnchorOffset="-16" BAnchorPoint="1" BAnchorOffset="0" RelativeToClient="1" Font="CRB_HeaderTiny" Text="" Template="Default" TooltipType="OnCursor" Name="PvPHeaderTitle" BGColor="ffffffff" TextColor="UI_TextHoloBodyHighlight" TooltipColor="" DT_VCENTER="1" TextId="PublicEventStats_TeamName"/>
                    <Control Class="Window" LAnchorPoint="0" LAnchorOffset="16" TAnchorPoint="0" TAnchorOffset="0" RAnchorPoint="1" RAnchorOffset="-16" BAnchorPoint="1" BAnchorOffset="0" RelativeToClient="1" Font="CRB_HeaderTiny" Text="" Template="Default" TooltipType="OnCursor" Name="PvPHeaderText" BGColor="ffffffff" TextColor="UI_TextHoloBodyHighlight" TooltipColor="" DT_VCENTER="1" TextId="" DT_RIGHT="1"/>
                </Control>
                <Control Class="Grid" LAnchorPoint="0" LAnchorOffset="0" TAnchorPoint="0" TAnchorOffset="40" RAnchorPoint="1" RAnchorOffset="0" BAnchorPoint="0.5" BAnchorOffset="1" RelativeToClient="1" Font="CRB_InterfaceSmall" Text="" Template="Holo_ScrollListSmall" Name="PvPTeamGridTop" BGColor="ffffffff" TextColor="UI_TextHoloBody" IgnoreMouse="1" MultiColumn="1" SelectWholeRow="0" RowHeight="25" CellBGBase="CRB_Basekit:kitBtn_List_HoloNormal" TextNormalColor="UI_TextHoloBody" DT_VCENTER="1" TooltipColor="ffffffff" VScroll="1" AutoHideScroll="0" HeaderBG="BK3:btnHolo_ListView_TopNormal" HeaderFont="CRB_InterfaceSmall" HeaderHeight="25" HeaderRow="1" HorzRowMargin="0" HorzCellMargin="4" VertRowMargin="0" HideInEditor="0" Visible="1" TextSelectedColor="" TextNormalFocusColor="" TextSelectedFocusColor="" ImageTextSpacing="0" HScroll="1" CellBGNormalColor="" CellBGSelectedColor="" CellBGNormalFocusColor="" CellBGSelectedFocusColor="" TooltipFont="CRB_InterfaceSmall_O" TooltipType="OnCursor" Tooltip="" Border="1" UseTemplateBG="1">
                    <Column Name="Name" Width="200" TextColor="UI_TextHoloTitle" Image="" MinWidth="10" MaxWidth="2048" SimpleSort="1" MergeLeft="0" DT_VCENTER="1"/>
                    <Column Name="Kills" Width="60" TextColor="UI_TextHoloTitle" Image="" MinWidth="10" MaxWidth="2048" MergeLeft="0" SimpleSort="1" DT_VCENTER="1"/>
                    <Column Name="Deaths" Width="60" TextColor="UI_TextHoloTitle" Image="" MinWidth="10" MaxWidth="2048" MergeLeft="0" SimpleSort="1" DT_VCENTER="1"/>
                    <Column Name="Assists" Width="60" TextColor="UI_TextHoloTitle" Image="" MinWidth="10" MaxWidth="2048" MergeLeft="0" SimpleSort="1" DT_VCENTER="1"/>
                    <Column Name="Captured" Width="60" TextColor="UI_TextHoloTitle" Image="" MinWidth="10" MaxWidth="2048" MergeLeft="0" SimpleSort="1" DT_VCENTER="1"/>
                    <Column Name="Stolen" Width="60" TextColor="UI_TextHoloTitle" Image="" MinWidth="10" MaxWidth="2048" MergeLeft="0" SimpleSort="1" DT_VCENTER="1"/>
                    <Column Name="Damage Done" Width="100" TextColor="UI_TextHoloTitle" Image="" MinWidth="10" MaxWidth="2048" MergeLeft="0" SimpleSort="1" DT_VCENTER="1"/>
                    <Column Name="Healing Done" Width="100" TextColor="UI_TextHoloTitle" Image="" MinWidth="10" MaxWidth="2048" MergeLeft="0" SimpleSort="1" DT_VCENTER="1"/>
                    <Column Name="Damage Taken" Width="100" TextColor="UI_TextHoloTitle" Image="" MinWidth="10" MaxWidth="2048" MergeLeft="0" SimpleSort="1" DT_VCENTER="1"/>
                    <Column Name="Healing Taken" Width="100" TextColor="UI_TextHoloTitle" Image="" MinWidth="10" MaxWidth="2048" MergeLeft="0" SimpleSort="1" DT_VCENTER="1"/>
                    <Column Name="Saves" Width="100" TextColor="UI_TextHoloTitle" Image="" MinWidth="10" MaxWidth="2048" MergeLeft="0" SimpleSort="1" DT_VCENTER="1"/>
                    <Column Name="Kill Streak" Width="100" TextColor="UI_TextHoloTitle" Image="" MinWidth="10" MaxWidth="2048" MergeLeft="0" SimpleSort="1" DT_VCENTER="1"/>
                </Control>
                <Control Class="Window" LAnchorPoint="0" LAnchorOffset="0" TAnchorPoint="0.5" TAnchorOffset="0" RAnchorPoint="1" RAnchorOffset="0" BAnchorPoint="0.5" BAnchorOffset="40" RelativeToClient="1" Font="Default" Text="" Template="Default" TooltipType="OnCursor" Name="PvPTeamHeaderBot" BGColor="ffffffff" TextColor="ffffffff" TooltipColor="" Picture="1" IgnoreMouse="1" Sprite="kitHeader_HoloHexes_Title">
                    <Control Class="Window" LAnchorPoint="0" LAnchorOffset="16" TAnchorPoint="0" TAnchorOffset="0" RAnchorPoint="1" RAnchorOffset="-16" BAnchorPoint="1" BAnchorOffset="0" RelativeToClient="1" Font="CRB_HeaderTiny" Text="" Template="Default" TooltipType="OnCursor" Name="PvPHeaderTitle" BGColor="ffffffff" TextColor="UI_TextHoloBodyHighlight" TooltipColor="" DT_VCENTER="1" TextId=""/>
                    <Control Class="Window" LAnchorPoint="0" LAnchorOffset="16" TAnchorPoint="0" TAnchorOffset="0" RAnchorPoint="1" RAnchorOffset="-16" BAnchorPoint="1" BAnchorOffset="0" RelativeToClient="1" Font="CRB_HeaderTiny" Text="" Template="Default" TooltipType="OnCursor" Name="PvPHeaderText" BGColor="ffffffff" TextColor="UI_TextHoloBodyHighlight" TooltipColor="" DT_VCENTER="1" TextId="" DT_RIGHT="1"/>
                </Control>
                <Control Class="Grid" LAnchorPoint="0" LAnchorOffset="0" TAnchorPoint="0.5" TAnchorOffset="39" RAnchorPoint="1" RAnchorOffset="0" BAnchorPoint="1" BAnchorOffset="0" RelativeToClient="1" Font="CRB_InterfaceSmall" Text="" Template="Holo_ScrollListSmall" Name="PvPTeamGridBot" BGColor="ffffffff" TextColor="UI_TextHoloBody" IgnoreMouse="1" MultiColumn="1" SelectWholeRow="0" RowHeight="25" CellBGBase="CRB_Basekit:kitBtn_List_HoloNormal" TextNormalColor="UI_TextHoloBody" DT_VCENTER="1" TooltipColor="ffffffff" VScroll="1" AutoHideScroll="0" HeaderBG="BK3:btnHolo_ListView_TopNormal" HeaderFont="CRB_InterfaceSmall" HeaderHeight="25" HeaderRow="1" HorzRowMargin="0" HorzCellMargin="4" VertRowMargin="0" HideInEditor="0" Visible="1" TextSelectedColor="" TextNormalFocusColor="" TextSelectedFocusColor="" ImageTextSpacing="0" HScroll="1" CellBGNormalColor="" CellBGSelectedColor="" CellBGNormalFocusColor="" CellBGSelectedFocusColor="" TooltipFont="CRB_InterfaceSmall_O" TooltipType="OnCursor" Border="1" UseTemplateBG="1">
                    <Column Name="Name" Width="200" TextColor="UI_TextHoloTitle" Image="" MinWidth="10" MaxWidth="2048" SimpleSort="1" MergeLeft="0" DT_VCENTER="1"/>
                    <Column Name="Kills" Width="60" TextColor="UI_TextHoloTitle" Image="" MinWidth="10" MaxWidth="2048" MergeLeft="0" SimpleSort="1" DT_VCENTER="1"/>
                    <Column Name="Deaths" Width="60" TextColor="UI_TextHoloTitle" Image="" MinWidth="10" MaxWidth="2048" MergeLeft="0" SimpleSort="1" DT_VCENTER="1"/>
                    <Column Name="Assists" Width="60" TextColor="UI_TextHoloTitle" Image="" MinWidth="10" MaxWidth="2048" MergeLeft="0" SimpleSort="1" DT_VCENTER="1"/>
                    <Column Name="Captured" Width="60" TextColor="UI_TextHoloTitle" Image="" MinWidth="10" MaxWidth="2048" MergeLeft="0" SimpleSort="1" DT_VCENTER="1"/>
                    <Column Name="Stolen" Width="60" TextColor="UI_TextHoloTitle" Image="" MinWidth="10" MaxWidth="2048" MergeLeft="0" SimpleSort="1" DT_VCENTER="1"/>
                    <Column Name="Damage Done" Width="100" TextColor="UI_TextHoloTitle" Image="" MinWidth="10" MaxWidth="2048" MergeLeft="0" SimpleSort="1" DT_VCENTER="1"/>
                    <Column Name="Healing Done" Width="100" TextColor="UI_TextHoloTitle" Image="" MinWidth="10" MaxWidth="2048" MergeLeft="0" SimpleSort="1" DT_VCENTER="1"/>
                    <Column Name="Damage Taken" Width="100" TextColor="UI_TextHoloTitle" Image="" MinWidth="10" MaxWidth="2048" MergeLeft="0" SimpleSort="1" DT_VCENTER="1"/>
                    <Column Name="Healing Taken" Width="100" TextColor="UI_TextHoloTitle" Image="" MinWidth="10" MaxWidth="2048" MergeLeft="0" SimpleSort="1" DT_VCENTER="1"/>
                    <Column Name="Saves" Width="100" TextColor="UI_TextHoloTitle" Image="" MinWidth="10" MaxWidth="2048" MergeLeft="0" SimpleSort="1" DT_VCENTER="1"/>
                    <Column Name="Kill Streak" Width="100" TextColor="UI_TextHoloTitle" Image="" MinWidth="10" MaxWidth="2048" MergeLeft="0" SimpleSort="1" DT_VCENTER="1"/>
                </Control>
            </Control>
            <Control Class="Window" LAnchorPoint="0" LAnchorOffset="2" TAnchorPoint="0" TAnchorOffset="2" RAnchorPoint="1" RAnchorOffset="-2" BAnchorPoint="1" BAnchorOffset="-2" RelativeToClient="1" Font="Default" Text="" Template="Default" TooltipType="OnCursor" Name="PvPWarPlotContainer" BGColor="ffffffff" TextColor="ffffffff" TooltipColor="" Visible="0" HideInEditor="1" Tooltip="">
                <Control Class="Window" LAnchorPoint="0" LAnchorOffset="0" TAnchorPoint="0" TAnchorOffset="0" RAnchorPoint="1" RAnchorOffset="0" BAnchorPoint="0" BAnchorOffset="40" RelativeToClient="1" Font="Default" Text="" Template="Default" TooltipType="OnCursor" Name="PvPTeamHeaderTop" BGColor="ffffffff" TextColor="ffffffff" TooltipColor="" Picture="1" IgnoreMouse="1" Sprite="kitHeader_HoloHexes_Title">
                    <Control Class="Window" LAnchorPoint="0" LAnchorOffset="16" TAnchorPoint="0" TAnchorOffset="0" RAnchorPoint="1" RAnchorOffset="-16" BAnchorPoint="1" BAnchorOffset="0" RelativeToClient="1" Font="CRB_HeaderTiny" Text="" Template="Default" TooltipType="OnCursor" Name="PvPHeaderTitle" BGColor="ffffffff" TextColor="UI_TextHoloBodyHighlight" TooltipColor="" DT_VCENTER="1" TextId="PublicEventStats_TeamName"/>
                    <Control Class="Window" LAnchorPoint="0" LAnchorOffset="16" TAnchorPoint="0" TAnchorOffset="0" RAnchorPoint="1" RAnchorOffset="-16" BAnchorPoint="1" BAnchorOffset="0" RelativeToClient="1" Font="CRB_HeaderTiny" Text="" Template="Default" TooltipType="OnCursor" Name="PvPHeaderText" BGColor="ffffffff" TextColor="UI_TextHoloBodyHighlight" TooltipColor="" DT_VCENTER="1" TextId="" DT_RIGHT="1" Tooltip=""/>
                </Control>
                <Control Class="Grid" LAnchorPoint="0" LAnchorOffset="0" TAnchorPoint="0" TAnchorOffset="40" RAnchorPoint="1" RAnchorOffset="0" BAnchorPoint="0.5" BAnchorOffset="1" RelativeToClient="1" Font="CRB_InterfaceSmall" Text="" Template="Holo_ScrollListSmall" Name="PvPTeamGridTop" BGColor="ffffffff" TextColor="UI_TextHoloBody" IgnoreMouse="1" MultiColumn="1" SelectWholeRow="0" RowHeight="25" CellBGBase="CRB_Basekit:kitBtn_List_HoloNormal" TextNormalColor="UI_TextHoloBody" DT_VCENTER="1" TooltipColor="ffffffff" VScroll="1" AutoHideScroll="0" HeaderBG="BK3:btnHolo_ListView_TopNormal" HeaderFont="CRB_InterfaceSmall" HeaderHeight="25" HeaderRow="1" HorzRowMargin="0" HorzCellMargin="4" VertRowMargin="0" HideInEditor="0" Visible="1" TextSelectedColor="" TextNormalFocusColor="" TextSelectedFocusColor="" ImageTextSpacing="0" HScroll="1" CellBGNormalColor="" CellBGSelectedColor="" CellBGNormalFocusColor="" CellBGSelectedFocusColor="" TooltipFont="CRB_InterfaceSmall_O" TooltipType="OnCursor" Border="1" UseTemplateBG="1">
                    <Column Name="Name" Width="200" TextColor="UI_TextHoloTitle" Image="" MinWidth="10" MaxWidth="2048" SimpleSort="1" MergeLeft="0" DT_VCENTER="1"/>
                    <Column Name="Kills" Width="60" TextColor="UI_TextHoloTitle" Image="" MinWidth="10" MaxWidth="2048" MergeLeft="0" SimpleSort="1" DT_VCENTER="1"/>
                    <Column Name="Deaths" Width="60" TextColor="UI_TextHoloTitle" Image="" MinWidth="10" MaxWidth="2048" MergeLeft="0" SimpleSort="1" DT_VCENTER="1"/>
                    <Column Name="Assists" Width="60" TextColor="UI_TextHoloTitle" Image="" MinWidth="10" MaxWidth="2048" MergeLeft="0" SimpleSort="1" DT_VCENTER="1"/>
                    <Column Name="Damage Done" Width="100" TextColor="UI_TextHoloTitle" Image="" MinWidth="10" MaxWidth="2048" MergeLeft="0" SimpleSort="1" DT_VCENTER="1"/>
                    <Column Name="Healing Done" Width="100" TextColor="UI_TextHoloTitle" Image="" MinWidth="10" MaxWidth="2048" MergeLeft="0" SimpleSort="1" DT_VCENTER="1"/>
                    <Column Name="Damage Taken" Width="100" TextColor="UI_TextHoloTitle" Image="" MinWidth="10" MaxWidth="2048" MergeLeft="0" SimpleSort="1" DT_VCENTER="1"/>
                    <Column Name="Healing Taken" Width="100" TextColor="UI_TextHoloTitle" Image="" MinWidth="10" MaxWidth="2048" MergeLeft="0" SimpleSort="1" DT_VCENTER="1"/>
                    <Column Name="Saves" Width="100" TextColor="UI_TextHoloTitle" Image="" MinWidth="10" MaxWidth="2048" MergeLeft="0" SimpleSort="1" DT_VCENTER="1"/>
                    <Column Name="Kill Streak" Width="100" TextColor="UI_TextHoloTitle" Image="" MinWidth="10" MaxWidth="2048" MergeLeft="0" SimpleSort="1" DT_VCENTER="1"/>
                </Control>
                <Control Class="Window" LAnchorPoint="0" LAnchorOffset="0" TAnchorPoint="0.5" TAnchorOffset="0" RAnchorPoint="1" RAnchorOffset="0" BAnchorPoint="0.5" BAnchorOffset="40" RelativeToClient="1" Font="Default" Text="" Template="Default" TooltipType="OnCursor" Name="PvPTeamHeaderBot" BGColor="ffffffff" TextColor="ffffffff" TooltipColor="" Picture="1" IgnoreMouse="1" Sprite="kitHeader_HoloHexes_Title" HideInEditor="0">
                    <Control Class="Window" LAnchorPoint="0" LAnchorOffset="16" TAnchorPoint="0" TAnchorOffset="0" RAnchorPoint="1" RAnchorOffset="-16" BAnchorPoint="1" BAnchorOffset="0" RelativeToClient="1" Font="CRB_HeaderTiny" Text="" Template="Default" TooltipType="OnCursor" Name="PvPHeaderTitle" BGColor="ffffffff" TextColor="UI_TextHoloBodyHighlight" TooltipColor="" DT_VCENTER="1" TextId=""/>
                    <Control Class="Window" LAnchorPoint="0" LAnchorOffset="16" TAnchorPoint="0" TAnchorOffset="0" RAnchorPoint="1" RAnchorOffset="-16" BAnchorPoint="1" BAnchorOffset="0" RelativeToClient="1" Font="CRB_HeaderTiny" Text="" Template="Default" TooltipType="OnCursor" Name="PvPHeaderText" BGColor="ffffffff" TextColor="UI_TextHoloBodyHighlight" TooltipColor="" DT_VCENTER="1" TextId="" DT_RIGHT="1"/>
                </Control>
                <Control Class="Grid" LAnchorPoint="0" LAnchorOffset="0" TAnchorPoint="0.5" TAnchorOffset="39" RAnchorPoint="1" RAnchorOffset="0" BAnchorPoint="1" BAnchorOffset="0" RelativeToClient="1" Font="CRB_InterfaceSmall" Text="" Template="Holo_ScrollListSmall" Name="PvPTeamGridBot" BGColor="ffffffff" TextColor="UI_TextHoloBody" IgnoreMouse="1" MultiColumn="1" SelectWholeRow="0" RowHeight="25" CellBGBase="CRB_Basekit:kitBtn_List_HoloNormal" TextNormalColor="UI_TextHoloBody" DT_VCENTER="1" TooltipColor="ffffffff" VScroll="1" AutoHideScroll="0" HeaderBG="BK3:btnHolo_ListView_TopNormal" HeaderFont="CRB_InterfaceSmall" HeaderHeight="25" HeaderRow="1" HorzRowMargin="0" HorzCellMargin="4" VertRowMargin="0" HideInEditor="0" Visible="1" TextSelectedColor="" TextNormalFocusColor="" TextSelectedFocusColor="" ImageTextSpacing="0" HScroll="1" CellBGNormalColor="" CellBGSelectedColor="" CellBGNormalFocusColor="" CellBGSelectedFocusColor="" TooltipFont="CRB_InterfaceSmall_O" TooltipType="OnCursor" Border="1" UseTemplateBG="1">
                    <Column Name="Name" Width="200" TextColor="UI_TextHoloTitle" Image="" MinWidth="10" MaxWidth="2048" SimpleSort="1" MergeLeft="0" DT_VCENTER="1"/>
                    <Column Name="Kills" Width="60" TextColor="UI_TextHoloTitle" Image="" MinWidth="10" MaxWidth="2048" MergeLeft="0" SimpleSort="1" DT_VCENTER="1"/>
                    <Column Name="Deaths" Width="60" TextColor="UI_TextHoloTitle" Image="" MinWidth="10" MaxWidth="2048" MergeLeft="0" SimpleSort="1" DT_VCENTER="1"/>
                    <Column Name="Assists" Width="60" TextColor="UI_TextHoloTitle" Image="" MinWidth="10" MaxWidth="2048" MergeLeft="0" SimpleSort="1" DT_VCENTER="1"/>
                    <Column Name="Damage Done" Width="100" TextColor="UI_TextHoloTitle" Image="" MinWidth="10" MaxWidth="2048" MergeLeft="0" SimpleSort="1" DT_VCENTER="1"/>
                    <Column Name="Healing Done" Width="100" TextColor="UI_TextHoloTitle" Image="" MinWidth="10" MaxWidth="2048" MergeLeft="0" SimpleSort="1" DT_VCENTER="1"/>
                    <Column Name="Damage Taken" Width="100" TextColor="UI_TextHoloTitle" Image="" MinWidth="10" MaxWidth="2048" MergeLeft="0" SimpleSort="1" DT_VCENTER="1"/>
                    <Column Name="Healing Taken" Width="100" TextColor="UI_TextHoloTitle" Image="" MinWidth="10" MaxWidth="2048" MergeLeft="0" SimpleSort="1" DT_VCENTER="1"/>
                    <Column Name="Saves" Width="100" TextColor="UI_TextHoloTitle" Image="" MinWidth="10" MaxWidth="2048" MergeLeft="0" SimpleSort="1" DT_VCENTER="1"/>
                    <Column Name="Kill Streak" Width="100" TextColor="UI_TextHoloTitle" Image="" MinWidth="10" MaxWidth="2048" MergeLeft="0" SimpleSort="1" DT_VCENTER="1"/>
                </Control>
            </Control>
            <Control Class="Window" LAnchorPoint="0" LAnchorOffset="2" TAnchorPoint="0" TAnchorOffset="2" RAnchorPoint="1" RAnchorOffset="-2" BAnchorPoint="1" BAnchorOffset="-2" RelativeToClient="1" Font="Default" Text="" Template="Default" TooltipType="OnCursor" Name="PvPHoldContainer" BGColor="ffffffff" TextColor="ffffffff" TooltipColor="" Visible="0" HideInEditor="0">
                <Control Class="Window" LAnchorPoint="0" LAnchorOffset="0" TAnchorPoint="0" TAnchorOffset="0" RAnchorPoint="1" RAnchorOffset="0" BAnchorPoint="0" BAnchorOffset="40" RelativeToClient="1" Font="Default" Text="" Template="Default" TooltipType="OnCursor" Name="PvPTeamHeaderTop" BGColor="ffffffff" TextColor="ffffffff" TooltipColor="" Picture="1" IgnoreMouse="1" Sprite="kitHeader_HoloHexes_Title">
                    <Control Class="Window" LAnchorPoint="0" LAnchorOffset="16" TAnchorPoint="0" TAnchorOffset="0" RAnchorPoint="1" RAnchorOffset="-16" BAnchorPoint="1" BAnchorOffset="0" RelativeToClient="1" Font="CRB_HeaderTiny" Text="" Template="Default" TooltipType="OnCursor" Name="PvPHeaderTitle" BGColor="ffffffff" TextColor="UI_TextHoloBodyHighlight" TooltipColor="" DT_VCENTER="1" TextId="PublicEventStats_TeamName"/>
                    <Control Class="Window" LAnchorPoint="0" LAnchorOffset="16" TAnchorPoint="0" TAnchorOffset="0" RAnchorPoint="1" RAnchorOffset="-16" BAnchorPoint="1" BAnchorOffset="0" RelativeToClient="1" Font="CRB_HeaderTiny" Text="" Template="Default" TooltipType="OnCursor" Name="PvPHeaderText" BGColor="ffffffff" TextColor="UI_TextHoloBodyHighlight" TooltipColor="" DT_VCENTER="1" TextId="" DT_RIGHT="1"/>
                </Control>
                <Control Class="Grid" LAnchorPoint="0" LAnchorOffset="0" TAnchorPoint="0" TAnchorOffset="40" RAnchorPoint="1" RAnchorOffset="0" BAnchorPoint="0.5" BAnchorOffset="1" RelativeToClient="1" Font="CRB_InterfaceSmall" Text="" Template="Holo_ScrollListSmall" Name="PvPTeamGridTop" BGColor="ffffffff" TextColor="UI_TextHoloBody" IgnoreMouse="1" MultiColumn="1" SelectWholeRow="0" RowHeight="25" CellBGBase="CRB_Basekit:kitBtn_List_HoloNormal" TextNormalColor="UI_TextHoloBody" DT_VCENTER="1" TooltipColor="ffffffff" VScroll="1" AutoHideScroll="0" HeaderBG="BK3:btnHolo_ListView_TopNormal" HeaderFont="CRB_InterfaceSmall" HeaderHeight="25" HeaderRow="1" HorzRowMargin="0" HorzCellMargin="4" VertRowMargin="0" HideInEditor="0" Visible="1" TextSelectedColor="" TextNormalFocusColor="" TextSelectedFocusColor="" ImageTextSpacing="0" HScroll="1" CellBGNormalColor="" CellBGSelectedColor="" CellBGNormalFocusColor="" CellBGSelectedFocusColor="" TooltipFont="CRB_InterfaceSmall_O" TooltipType="OnCursor" Tooltip="" Border="1" UseTemplateBG="1">
                    <Column Name="Name" Width="200" TextColor="UI_TextHoloTitle" Image="" MinWidth="10" MaxWidth="2048" SimpleSort="1" MergeLeft="0" DT_VCENTER="1"/>
                    <Column Name="Kills" Width="60" TextColor="UI_TextHoloTitle" Image="" MinWidth="10" MaxWidth="2048" MergeLeft="0" SimpleSort="1" DT_VCENTER="1"/>
                    <Column Name="Deaths" Width="60" TextColor="UI_TextHoloTitle" Image="" MinWidth="10" MaxWidth="2048" MergeLeft="0" SimpleSort="1" DT_VCENTER="1"/>
                    <Column Name="Assists" Width="60" TextColor="UI_TextHoloTitle" Image="" MinWidth="10" MaxWidth="2048" MergeLeft="0" SimpleSort="1" DT_VCENTER="1"/>
                    <Column Name="Captures" Width="60" TextColor="UI_TextHoloTitle" Image="" MinWidth="10" MaxWidth="2048" MergeLeft="0" SimpleSort="1" DT_VCENTER="1"/>
                    <Column Name="Damage Done" Width="100" TextColor="UI_TextHoloTitle" Image="" MinWidth="10" MaxWidth="2048" MergeLeft="0" SimpleSort="1" DT_VCENTER="1"/>
                    <Column Name="Healing Done" Width="100" TextColor="UI_TextHoloTitle" Image="" MinWidth="10" MaxWidth="2048" MergeLeft="0" SimpleSort="1" DT_VCENTER="1"/>
                    <Column Name="Damage Taken" Width="100" TextColor="UI_TextHoloTitle" Image="" MinWidth="10" MaxWidth="2048" MergeLeft="0" SimpleSort="1" DT_VCENTER="1"/>
                    <Column Name="Healing Taken" Width="100" TextColor="UI_TextHoloTitle" Image="" MinWidth="10" MaxWidth="2048" MergeLeft="0" SimpleSort="1" DT_VCENTER="1"/>
                    <Column Name="Saves" Width="100" TextColor="UI_TextHoloTitle" Image="" MinWidth="10" MaxWidth="2048" MergeLeft="0" SimpleSort="1" DT_VCENTER="1"/>
                    <Column Name="Kill Streak" Width="100" TextColor="UI_TextHoloTitle" Image="" MinWidth="10" MaxWidth="2048" MergeLeft="0" SimpleSort="1" DT_VCENTER="1"/>
                </Control>
                <Control Class="Window" LAnchorPoint="0" LAnchorOffset="0" TAnchorPoint="0.5" TAnchorOffset="0" RAnchorPoint="1" RAnchorOffset="0" BAnchorPoint="0.5" BAnchorOffset="40" RelativeToClient="1" Font="Default" Text="" Template="Default" TooltipType="OnCursor" Name="PvPTeamHeaderBot" BGColor="ffffffff" TextColor="ffffffff" TooltipColor="" Picture="1" IgnoreMouse="1" Sprite="kitHeader_HoloHexes_Title">
                    <Control Class="Window" LAnchorPoint="0" LAnchorOffset="16" TAnchorPoint="0" TAnchorOffset="0" RAnchorPoint="1" RAnchorOffset="-16" BAnchorPoint="1" BAnchorOffset="0" RelativeToClient="1" Font="CRB_HeaderTiny" Text="" Template="Default" TooltipType="OnCursor" Name="PvPHeaderTitle" BGColor="ffffffff" TextColor="UI_TextHoloBodyHighlight" TooltipColor="" DT_VCENTER="1" TextId=""/>
                    <Control Class="Window" LAnchorPoint="0" LAnchorOffset="16" TAnchorPoint="0" TAnchorOffset="0" RAnchorPoint="1" RAnchorOffset="-16" BAnchorPoint="1" BAnchorOffset="0" RelativeToClient="1" Font="CRB_HeaderTiny" Text="" Template="Default" TooltipType="OnCursor" Name="PvPHeaderText" BGColor="ffffffff" TextColor="UI_TextHoloBodyHighlight" TooltipColor="" DT_VCENTER="1" TextId="" DT_RIGHT="1"/>
                </Control>
                <Control Class="Grid" LAnchorPoint="0" LAnchorOffset="0" TAnchorPoint="0.5" TAnchorOffset="39" RAnchorPoint="1" RAnchorOffset="0" BAnchorPoint="1" BAnchorOffset="0" RelativeToClient="1" Font="CRB_InterfaceSmall" Text="" Template="Holo_ScrollListSmall" Name="PvPTeamGridBot" BGColor="ffffffff" TextColor="UI_TextHoloBody" IgnoreMouse="1" MultiColumn="1" SelectWholeRow="0" RowHeight="25" CellBGBase="CRB_Basekit:kitBtn_List_HoloNormal" TextNormalColor="UI_TextHoloBody" DT_VCENTER="1" TooltipColor="ffffffff" VScroll="1" AutoHideScroll="0" HeaderBG="BK3:btnHolo_ListView_TopNormal" HeaderFont="CRB_InterfaceSmall" HeaderHeight="25" HeaderRow="1" HorzRowMargin="0" HorzCellMargin="4" VertRowMargin="0" HideInEditor="0" Visible="1" TextSelectedColor="" TextNormalFocusColor="" TextSelectedFocusColor="" ImageTextSpacing="0" HScroll="1" CellBGNormalColor="" CellBGSelectedColor="" CellBGNormalFocusColor="" CellBGSelectedFocusColor="" TooltipFont="CRB_InterfaceSmall_O" TooltipType="OnCursor" Border="1" UseTemplateBG="1">
                    <Column Name="Name" Width="200" TextColor="UI_TextHoloTitle" Image="" MinWidth="10" MaxWidth="2048" SimpleSort="1" MergeLeft="0" DT_VCENTER="1"/>
                    <Column Name="Kills" Width="60" TextColor="UI_TextHoloTitle" Image="" MinWidth="10" MaxWidth="2048" MergeLeft="0" SimpleSort="1" DT_VCENTER="1"/>
                    <Column Name="Deaths" Width="60" TextColor="UI_TextHoloTitle" Image="" MinWidth="10" MaxWidth="2048" MergeLeft="0" SimpleSort="1" DT_VCENTER="1"/>
                    <Column Name="Assists" Width="60" TextColor="UI_TextHoloTitle" Image="" MinWidth="10" MaxWidth="2048" MergeLeft="0" SimpleSort="1" DT_VCENTER="1"/>
                    <Column Name="Captures" Width="60" TextColor="UI_TextHoloTitle" Image="" MinWidth="10" MaxWidth="2048" MergeLeft="0" SimpleSort="1" DT_VCENTER="1"/>
                    <Column Name="Damage Done" Width="100" TextColor="UI_TextHoloTitle" Image="" MinWidth="10" MaxWidth="2048" MergeLeft="0" SimpleSort="1" DT_VCENTER="1"/>
                    <Column Name="Healing Done" Width="100" TextColor="UI_TextHoloTitle" Image="" MinWidth="10" MaxWidth="2048" MergeLeft="0" SimpleSort="1" DT_VCENTER="1"/>
                    <Column Name="Damage Taken" Width="100" TextColor="UI_TextHoloTitle" Image="" MinWidth="10" MaxWidth="2048" MergeLeft="0" SimpleSort="1" DT_VCENTER="1"/>
                    <Column Name="Healing Taken" Width="100" TextColor="UI_TextHoloTitle" Image="" MinWidth="10" MaxWidth="2048" MergeLeft="0" SimpleSort="1" DT_VCENTER="1"/>
                    <Column Name="Saves" Width="100" TextColor="UI_TextHoloTitle" Image="" MinWidth="10" MaxWidth="2048" MergeLeft="0" SimpleSort="1" DT_VCENTER="1"/>
                    <Column Name="Kill Streak" Width="100" TextColor="UI_TextHoloTitle" Image="" MinWidth="10" MaxWidth="2048" MergeLeft="0" SimpleSort="1" DT_VCENTER="1"/>
                </Control>
            </Control>
            <Control Class="Window" LAnchorPoint="0" LAnchorOffset="2" TAnchorPoint="0" TAnchorOffset="2" RAnchorPoint="1" RAnchorOffset="-2" BAnchorPoint="1" BAnchorOffset="-2" RelativeToClient="1" Font="Default" Text="" Template="Default" TooltipType="OnCursor" Name="PvPSaboContainer" BGColor="ffffffff" TextColor="ffffffff" TooltipColor="" Visible="0" HideInEditor="1">
                <Control Class="Window" LAnchorPoint="0" LAnchorOffset="-4" TAnchorPoint="0" TAnchorOffset="0" RAnchorPoint="1" RAnchorOffset="4" BAnchorPoint="0" BAnchorOffset="40" RelativeToClient="1" Font="Default" Text="" Template="Default" TooltipType="OnCursor" Name="PvPTeamHeaderTop" BGColor="ffffffff" TextColor="ffffffff" TooltipColor="" Picture="1" IgnoreMouse="1" Sprite="kitHeader_HoloHexes_Title">
                    <Control Class="Window" LAnchorPoint="0" LAnchorOffset="16" TAnchorPoint="0" TAnchorOffset="0" RAnchorPoint="1" RAnchorOffset="-16" BAnchorPoint="1" BAnchorOffset="0" RelativeToClient="1" Font="CRB_HeaderTiny" Text="" Template="Default" TooltipType="OnCursor" Name="PvPHeaderTitle" BGColor="ffffffff" TextColor="UI_TextHoloBodyHighlight" TooltipColor="" DT_VCENTER="1" TextId="PublicEventStats_TeamName"/>
                    <Control Class="Window" LAnchorPoint="0" LAnchorOffset="16" TAnchorPoint="0" TAnchorOffset="0" RAnchorPoint="1" RAnchorOffset="-16" BAnchorPoint="1" BAnchorOffset="0" RelativeToClient="1" Font="CRB_Button" Text="" Template="Default" TooltipType="OnCursor" Name="PvPHeaderText" BGColor="ffffffff" TextColor="UI_TextHoloBodyHighlight" TooltipColor="" DT_VCENTER="1" TextId="" DT_RIGHT="1"/>
                </Control>
                <Control Class="Grid" LAnchorPoint="0" LAnchorOffset="0" TAnchorPoint="0" TAnchorOffset="40" RAnchorPoint="1" RAnchorOffset="0" BAnchorPoint="0.5" BAnchorOffset="1" RelativeToClient="1" Font="CRB_InterfaceSmall" Text="" Template="Holo_ScrollListSmall" Name="PvPTeamGridTop" BGColor="ffffffff" TextColor="ffffffff" IgnoreMouse="1" MultiColumn="1" SelectWholeRow="0" RowHeight="25" CellBGBase="CRB_Basekit:kitBtn_List_HoloNormal" TextNormalColor="UI_TextHoloBody" DT_VCENTER="1" TooltipColor="ffffffff" VScroll="1" AutoHideScroll="1" HeaderBG="BK3:btnHolo_ListView_TopNormal" HeaderFont="CRB_InterfaceSmall" HeaderHeight="25" HeaderRow="1" HorzRowMargin="0" HorzCellMargin="4" VertRowMargin="0" HideInEditor="0" Visible="1" TextSelectedColor="" TextNormalFocusColor="" TextSelectedFocusColor="" ImageTextSpacing="0" HScroll="1" CellBGNormalColor="" CellBGSelectedColor="" CellBGNormalFocusColor="" CellBGSelectedFocusColor="" TooltipFont="CRB_InterfaceSmall_O" TooltipType="OnCursor" Tooltip="" Border="1" UseTemplateBG="1">
                    <Column Name="Name" Width="200" TextColor="UI_TextHoloTitle" Image="" MinWidth="10" MaxWidth="2048" SimpleSort="1" MergeLeft="0" DT_VCENTER="1"/>
                    <Column Name="Kills" Width="60" TextColor="UI_TextHoloTitle" Image="" MinWidth="10" MaxWidth="2048" MergeLeft="0" SimpleSort="1" DT_VCENTER="1"/>
                    <Column Name="Deaths" Width="60" TextColor="UI_TextHoloTitle" Image="" MinWidth="10" MaxWidth="2048" MergeLeft="0" SimpleSort="1" DT_VCENTER="1"/>
                    <Column Name="Assists" Width="60" TextColor="UI_TextHoloTitle" Image="" MinWidth="10" MaxWidth="2048" MergeLeft="0" SimpleSort="1" DT_VCENTER="1"/>
                    <Column Name="Damage Done" Width="100" TextColor="UI_TextHoloTitle" Image="" MinWidth="10" MaxWidth="2048" MergeLeft="0" SimpleSort="1" DT_VCENTER="1"/>
                    <Column Name="Healing Done" Width="100" TextColor="UI_TextHoloTitle" Image="" MinWidth="10" MaxWidth="2048" MergeLeft="0" SimpleSort="1" DT_VCENTER="1"/>
                    <Column Name="Damage Taken" Width="100" TextColor="UI_TextHoloTitle" Image="" MinWidth="10" MaxWidth="2048" MergeLeft="0" SimpleSort="1" DT_VCENTER="1"/>
                    <Column Name="Healing Taken" Width="100" TextColor="UI_TextHoloTitle" Image="" MinWidth="10" MaxWidth="2048" MergeLeft="0" SimpleSort="1" DT_VCENTER="1"/>
                    <Column Name="Saves" Width="100" TextColor="UI_TextHoloTitle" Image="" MinWidth="10" MaxWidth="2048" MergeLeft="0" SimpleSort="1" DT_VCENTER="1"/>
                    <Column Name="Kill Streak" Width="100" TextColor="UI_TextHoloTitle" Image="" MinWidth="10" MaxWidth="2048" MergeLeft="0" SimpleSort="1" DT_VCENTER="1"/>
                </Control>
                <Control Class="Window" LAnchorPoint="0" LAnchorOffset="-4" TAnchorPoint="0.5" TAnchorOffset="0" RAnchorPoint="1" RAnchorOffset="4" BAnchorPoint="0.5" BAnchorOffset="40" RelativeToClient="1" Font="Default" Text="" Template="Default" TooltipType="OnCursor" Name="PvPTeamHeaderBot" BGColor="ffffffff" TextColor="ffffffff" TooltipColor="" Picture="1" IgnoreMouse="1" Sprite="kitHeader_HoloHexes_Title">
                    <Control Class="Window" LAnchorPoint="0" LAnchorOffset="16" TAnchorPoint="0" TAnchorOffset="0" RAnchorPoint="1" RAnchorOffset="-16" BAnchorPoint="1" BAnchorOffset="0" RelativeToClient="1" Font="CRB_Button" Text="" Template="Default" TooltipType="OnCursor" Name="PvPHeaderTitle" BGColor="ffffffff" TextColor="UI_TextHoloBodyHighlight" TooltipColor="" DT_VCENTER="1" TextId=""/>
                    <Control Class="Window" LAnchorPoint="0" LAnchorOffset="16" TAnchorPoint="0" TAnchorOffset="0" RAnchorPoint="1" RAnchorOffset="-16" BAnchorPoint="1" BAnchorOffset="0" RelativeToClient="1" Font="CRB_Button" Text="" Template="Default" TooltipType="OnCursor" Name="PvPHeaderText" BGColor="ffffffff" TextColor="UI_TextHoloBodyHighlight" TooltipColor="" DT_VCENTER="1" TextId="" DT_RIGHT="1"/>
                </Control>
                <Control Class="Grid" LAnchorPoint="0" LAnchorOffset="0" TAnchorPoint="0.5" TAnchorOffset="39" RAnchorPoint="1" RAnchorOffset="0" BAnchorPoint="1" BAnchorOffset="0" RelativeToClient="1" Font="CRB_InterfaceSmall" Text="" Template="Holo_ScrollListSmall" Name="PvPTeamGridBot" BGColor="ffffffff" TextColor="ffffffff" IgnoreMouse="1" MultiColumn="1" SelectWholeRow="0" RowHeight="25" CellBGBase="CRB_Basekit:kitBtn_List_HoloNormal" TextNormalColor="UI_TextHoloBody" DT_VCENTER="1" TooltipColor="ffffffff" VScroll="1" AutoHideScroll="1" HeaderBG="BK3:btnHolo_ListView_TopNormal" HeaderFont="CRB_InterfaceSmall" HeaderHeight="25" HeaderRow="1" HorzRowMargin="0" HorzCellMargin="4" VertRowMargin="0" HideInEditor="0" Visible="1" TextSelectedColor="" TextNormalFocusColor="" TextSelectedFocusColor="" ImageTextSpacing="0" HScroll="1" CellBGNormalColor="" CellBGSelectedColor="" CellBGNormalFocusColor="" CellBGSelectedFocusColor="" TooltipFont="CRB_InterfaceSmall_O" TooltipType="OnCursor" Border="1" Picture="0" UseTemplateBG="1">
                    <Column Name="Name" Width="200" TextColor="UI_TextHoloTitle" Image="" MinWidth="10" MaxWidth="2048" SimpleSort="1" MergeLeft="0" DT_VCENTER="1"/>
                    <Column Name="Kills" Width="60" TextColor="UI_TextHoloTitle" Image="" MinWidth="10" MaxWidth="2048" MergeLeft="0" SimpleSort="1" DT_VCENTER="1"/>
                    <Column Name="Deaths" Width="60" TextColor="UI_TextHoloTitle" Image="" MinWidth="10" MaxWidth="2048" MergeLeft="0" SimpleSort="1" DT_VCENTER="1"/>
                    <Column Name="Assists" Width="60" TextColor="UI_TextHoloTitle" Image="" MinWidth="10" MaxWidth="2048" MergeLeft="0" SimpleSort="1" DT_VCENTER="1"/>
                    <Column Name="Damage Done" Width="100" TextColor="UI_TextHoloTitle" Image="" MinWidth="10" MaxWidth="2048" MergeLeft="0" SimpleSort="1" DT_VCENTER="1"/>
                    <Column Name="Healing Done" Width="100" TextColor="UI_TextHoloTitle" Image="" MinWidth="10" MaxWidth="2048" MergeLeft="0" SimpleSort="1" DT_VCENTER="1"/>
                    <Column Name="Damage Taken" Width="100" TextColor="UI_TextHoloTitle" Image="" MinWidth="10" MaxWidth="2048" MergeLeft="0" SimpleSort="1" DT_VCENTER="1"/>
                    <Column Name="Healing Taken" Width="100" TextColor="UI_TextHoloTitle" Image="" MinWidth="10" MaxWidth="2048" MergeLeft="0" SimpleSort="1" DT_VCENTER="1"/>
                    <Column Name="Saves" Width="100" TextColor="UI_TextHoloTitle" Image="" MinWidth="10" MaxWidth="2048" MergeLeft="0" SimpleSort="1" DT_VCENTER="1"/>
                    <Column Name="Kill Streak" Width="100" TextColor="UI_TextHoloTitle" Image="" MinWidth="10" MaxWidth="2048" MergeLeft="0" SimpleSort="1" DT_VCENTER="1"/>
                </Control>
            </Control>
        </Control>
        <Event Name="WindowClosed" Function="OnClose"/>
        <Control Class="Window" LAnchorPoint="0" LAnchorOffset="0" TAnchorPoint="0" TAnchorOffset="0" RAnchorPoint="1" RAnchorOffset="0" BAnchorPoint="1" BAnchorOffset="0" RelativeToClient="1" Font="Default" Text="" BGColor="UI_WindowBGDefault" TextColor="UI_WindowTextDefault" Template="Metal_Primary_NoNav" TooltipType="OnCursor" Name="MainFrame" TooltipColor="" Border="1" IgnoreMouse="1" UseTemplateBG="1" NewControlDepth="2"/>
        <Control Class="Window" LAnchorPoint="0" LAnchorOffset="27" TAnchorPoint="1" TAnchorOffset="-92" RAnchorPoint="1" RAnchorOffset="-24" BAnchorPoint="1" BAnchorOffset="-22" RelativeToClient="1" Font="Default" Text="" Template="Default" Name="BGFooterFrame" BGColor="ffffffff" TextColor="ffffffff" Picture="1" IgnoreMouse="1" Sprite="BK3:UI_BK3_Metal_Footer_Large" TooltipColor="" HideInEditor="0" Tooltip="">
            <Control Class="Button" Base="CRB_Basekit:kitBtn_Metal_LargeBlue" Font="CRB_Button" ButtonType="PushButton" RadioGroup="" LAnchorPoint="1" LAnchorOffset="-304" TAnchorPoint="0.5" TAnchorOffset="-22" RAnchorPoint="1" RAnchorOffset="-164" BAnchorPoint="0.5" BAnchorOffset="26" DT_VCENTER="1" DT_CENTER="1" TooltipType="OnCursor" Name="PvPLeaveMatchBtn" BGColor="ffffffff" TextColor="ffffffff" TooltipColor="" NormalTextColor="UI_BtnTextBlueNormal" PressedTextColor="UI_BtnTextBluePressed" FlybyTextColor="UI_BtnTextBlueFlyby" PressedFlybyTextColor="UI_BtnTextBluePressedFlyby" DisabledTextColor="UI_BtnTextBlueDisabled" Text="" TextId="MatchMaker_LeaveMatch" HideInEditor="0" GlobalRadioGroup="" Visible="0">
                <Event Name="ButtonSignal" Function="OnPvPLeaveMatchBtn"/>
            </Control>
            <Control Class="Button" Base="CRB_Basekit:kitBtn_Metal_LargeRed" Font="CRB_Button" ButtonType="PushButton" RadioGroup="" LAnchorPoint="1" LAnchorOffset="-153" TAnchorPoint="0.5" TAnchorOffset="-22" RAnchorPoint="1" RAnchorOffset="-13" BAnchorPoint="0.5" BAnchorOffset="26" DT_VCENTER="1" DT_CENTER="1" TooltipType="OnCursor" Name="CloseBtnBottom" BGColor="ffffffff" TextColor="ffffffff" TooltipColor="" NormalTextColor="UI_BtnTextRedNormal" PressedTextColor="UI_BtnTextRedPressed" FlybyTextColor="UI_BtnTextRedFlyby" PressedFlybyTextColor="UI_BtnTextRedPressedFlyby" DisabledTextColor="UI_BtnTextRedDisabled" Text="" TextId="CRB_Close" HideInEditor="0" GlobalRadioGroup="">
                <Event Name="ButtonSignal" Function="OnClose"/>
            </Control>
            <Control Class="Button" Base="CRB_Basekit:kitBtn_Metal_LargeBlue" Font="CRB_Button" ButtonType="PushButton" RadioGroup="" LAnchorPoint="1" LAnchorOffset="-303" TAnchorPoint="0.5" TAnchorOffset="-22" RAnchorPoint="1" RAnchorOffset="-163" BAnchorPoint="0.5" BAnchorOffset="26" DT_VCENTER="1" DT_CENTER="1" TooltipType="OnCursor" Name="PvPSurrenderMatchBtn" BGColor="ffffffff" TextColor="ffffffff" TooltipColor="" NormalTextColor="UI_BtnTextBlueNormal" PressedTextColor="UI_BtnTextBluePressed" FlybyTextColor="UI_BtnTextBlueFlyby" PressedFlybyTextColor="UI_BtnTextBluePressedFlyby" DisabledTextColor="UI_BtnTextBlueDisabled" Text="" TextId="MatchMaker_SurrenderMatch" HideInEditor="0" GlobalRadioGroup="" Visible="0">
                <Event Name="ButtonSignal" Function="OnPvPSurrenderMatchBtn"/>
            </Control>
        </Control>
        <Control Class="Window" LAnchorPoint="0" LAnchorOffset="66" TAnchorPoint="1" TAnchorOffset="-64" RAnchorPoint="0" RAnchorOffset="84" BAnchorPoint="1" BAnchorOffset="-46" RelativeToClient="1" Font="Default" Text="" Template="Default" TooltipType="OnCursor" Name="BGRewardTierIcon" BGColor="ffffffff" TextColor="ffffffff" TooltipColor="" Sprite="" Picture="1" IgnoreMouse="1"/>
        <Control Class="Window" LAnchorPoint="0" LAnchorOffset="90" TAnchorPoint="1" TAnchorOffset="-82" RAnchorPoint="0.5" RAnchorOffset="31" BAnchorPoint="1" BAnchorOffset="-27" RelativeToClient="1" Font="CRB_InterfaceMedium_BO" Text="" Template="Default" TooltipType="OnCursor" Name="BGRewardTierFrame" BGColor="ffffffff" TextColor="ffffffff" TooltipColor="" Picture="1" IgnoreMouse="1" Sprite="" DT_CENTER="0" DT_VCENTER="1" TextId=""/>
        <Control Class="Window" LAnchorPoint="0" LAnchorOffset="0" TAnchorPoint="0" TAnchorOffset="0" RAnchorPoint="1" RAnchorOffset="0" BAnchorPoint="1" BAnchorOffset="0" RelativeToClient="1" Font="Default" Text="" Template="Default" Name="Header" BGColor="ffffffff" TextColor="ffffffff" Sprite="" Picture="1" IgnoreMouse="1" NewControlDepth="1" TooltipColor="" Tooltip="">
            <Control Class="Window" LAnchorPoint=".5" LAnchorOffset="-300" TAnchorPoint="0" TAnchorOffset="24" RAnchorPoint=".5" RAnchorOffset="300" BAnchorPoint="0" BAnchorOffset="61" RelativeToClient="1" Font="CRB_HeaderMedium" Text="" Template="Default" Name="EventTitleText" BGColor="ffffffff" TextColor="UI_WindowTitleYellow" TextId="PublicEventStats_EventStatsTitle" TooltipColor="" DT_CENTER="1" DT_VCENTER="1" Sprite="BK3:sprMetal_Framing_Header" Picture="1" IgnoreMouse="1"/>
            <Control Class="Window" LAnchorPoint="0" LAnchorOffset="8" TAnchorPoint="0" TAnchorOffset="2" RAnchorPoint="1" RAnchorOffset="-10" BAnchorPoint="0" BAnchorOffset="57" RelativeToClient="1" Font="CRB_InterfaceMedium_B" Text="" Template="Default" TooltipType="OnCursor" Name="BGPvPWinnerTopBar" BGColor="ffffffff" TextColor="ff7fffb9" TooltipColor="" Sprite="CRB_Basekit:kitBase_HoloBlue_LitCorners" Picture="0" IgnoreMouse="1" DT_CENTER="1" DT_VCENTER="1" NoClip="1" TextId="" Visible="0" HideInEditor="1" NewControlDepth="1">
                <Control Class="Window" LAnchorPoint="0" LAnchorOffset="0" TAnchorPoint="0" TAnchorOffset="0" RAnchorPoint="1" RAnchorOffset="0" BAnchorPoint="1" BAnchorOffset="0" RelativeToClient="1" Font="CRB_InterfaceMedium_B" Text="" Template="Default" TooltipType="OnCursor" Name="BGPvPWinnerTopBarArtText" BGColor="ffffffff" TextColor="ff7fffb9" TooltipColor="" Sprite="CRB_Basekit:kitBase_HoloTeal_Border" Picture="1" IgnoreMouse="1" DT_CENTER="1" DT_VCENTER="1" NoClip="1" TextId="PublicEventStats_MatchEnd"/>
            </Control>
            <Control Class="Button" Base="CRB_Basekit:kitBtn_Close" Font="Thick" ButtonType="PushButton" RadioGroup="" LAnchorPoint="1" LAnchorOffset="-51" TAnchorPoint="0" TAnchorOffset="24" RAnchorPoint="1" RAnchorOffset="-24" BAnchorPoint="0" BAnchorOffset="53" DT_VCENTER="1" DT_CENTER="1" Name="CloseBtn" BGColor="ffffffff" TextColor="ffffffff" NormalTextColor="ffffffff" PressedTextColor="ffffffff" FlybyTextColor="ffffffff" PressedFlybyTextColor="ffffffff" DisabledTextColor="ffffffff" Text="" TooltipColor="" NewControlDepth="1">
                <Event Name="ButtonSignal" Function="OnClose"/>
            </Control>
        </Control>
    </Form>
    <Form Class="Window" LAnchorPoint="0.5" LAnchorOffset="-250" TAnchorPoint="0" TAnchorOffset="0" RAnchorPoint="0.5" RAnchorOffset="250" BAnchorPoint="0" BAnchorOffset="346" RelativeToClient="1" Font="Default" Text="" Template="Holo_Large" TooltipType="OnCursor" Name="AdventureEventStatsForm" Border="1" Picture="0" SwallowMouseClicks="1" Moveable="1" Escapable="0" Overlapped="1" BGColor="ffffffff" TextColor="ffffffff" TooltipColor="" IgnoreMouse="1" Sprite="" Tooltip="" UseTemplateBG="1">
        <Control Class="Window" LAnchorPoint="0" LAnchorOffset="5" TAnchorPoint="0" TAnchorOffset="-7" RAnchorPoint="1" RAnchorOffset="-5" BAnchorPoint="0" BAnchorOffset="27" RelativeToClient="1" Font="CRB_HeaderLarge" Text="" Template="Default" TooltipType="OnCursor" Name="BGTop" BGColor="ffffffff" TextColor="UI_WindowTitleYellow" TooltipColor="" Picture="1" IgnoreMouse="1" Sprite="" DT_CENTER="1" DT_VCENTER="1" TextId="PublicEventStats_AdventureStatsTitle" NoClip="1" AutoScaleText="1"/>
        <Control Class="Window" LAnchorPoint="0" LAnchorOffset="0" TAnchorPoint="0" TAnchorOffset="30" RAnchorPoint="1" RAnchorOffset="0" BAnchorPoint="1" BAnchorOffset="-64" RelativeToClient="1" Font="Default" Text="" Template="CRB_Scroll_HoloSmall" TooltipType="OnCursor" Name="AwardsContainerFraming" BGColor="ffffffff" TextColor="ffffffff" TooltipColor="" VScroll="0" IgnoreMouse="1" Sprite="BK3:UI_BK3_Holo_InsetSimple" Picture="1" Border="0" NoClip="1"/>
        <Control Class="Window" LAnchorPoint="0" LAnchorOffset="0" TAnchorPoint="0" TAnchorOffset="32" RAnchorPoint="1" RAnchorOffset="0" BAnchorPoint="1" BAnchorOffset="-64" RelativeToClient="1" Font="Default" Text="" Template="CRB_Scroll_HoloSmall" TooltipType="OnCursor" Name="AwardsContainer" BGColor="ffffffff" TextColor="ffffffff" TooltipColor="" VScroll="0" IgnoreMouse="1" Sprite="" Picture="1" Border="0" NoClip="1"/>
        <Control Class="Window" LAnchorPoint="0" LAnchorOffset="0" TAnchorPoint="1" TAnchorOffset="-53" RAnchorPoint="1" RAnchorOffset="0" BAnchorPoint="1" BAnchorOffset="0" RelativeToClient="1" Font="Default" Text="" Template="Default" TooltipType="OnCursor" Name="BGBottom" BGColor="ffffffff" TextColor="ffffffff" TooltipColor="" Picture="1" IgnoreMouse="1" Sprite="BK3:UI_BK3_Holo_InsetFramed" NoClip="1">
            <Control Class="Button" Base="BK3:btnHolo_Red_Small" Font="CRB_Button" ButtonType="PushButton" RadioGroup="" LAnchorPoint="1" LAnchorOffset="-147" TAnchorPoint="0" TAnchorOffset="1" RAnchorPoint="1" RAnchorOffset="-7" BAnchorPoint="1" BAnchorOffset="1" DT_VCENTER="1" DT_CENTER="1" TooltipType="OnCursor" Name="LeaveAdventureBtn" BGColor="ffffffff" TextColor="ffffffff" TooltipColor="" NormalTextColor="UI_BtnTextRedNormal" PressedTextColor="UI_BtnTextRedPressed" FlybyTextColor="UI_BtnTextRedFlyby" PressedFlybyTextColor="UI_BtnTextRedPressedFlyby" DisabledTextColor="UI_BtnTextRedDisabled" Text="" TextId="CRB_Close">
                <Event Name="ButtonSignal" Function="OnClose"/>
            </Control>
            <Control Class="Window" LAnchorPoint="0" LAnchorOffset="15" TAnchorPoint="0.5" TAnchorOffset="-9" RAnchorPoint="0" RAnchorOffset="40" BAnchorPoint="0.5" BAnchorOffset="16" RelativeToClient="1" Font="Default" Text="" Template="Default" TooltipType="OnCursor" Name="BGRewardTierIcon" BGColor="ffffffff" TextColor="ffffffff" TooltipColor="" Sprite="" Picture="1" IgnoreMouse="1"/>
            <Control Class="Window" LAnchorPoint="0" LAnchorOffset="46" TAnchorPoint="0" TAnchorOffset="9" RAnchorPoint="1" RAnchorOffset="-223" BAnchorPoint="1" BAnchorOffset="-11" RelativeToClient="1" Font="CRB_InterfaceMedium_B" Text="" Template="Default" TooltipType="OnCursor" Name="BGRewardTierFrame" BGColor="ffffffff" TextColor="UI_TextHoloTitle" TooltipColor="" DT_VCENTER="1" TextId="" DT_WORDBREAK="1"/>
        </Control>
        <Control Class="Button" Base="BK3:btnHolo_Close" Font="CRB_InterfaceSmall_O" ButtonType="PushButton" RadioGroup="" LAnchorPoint="1" LAnchorOffset="-74" TAnchorPoint="0" TAnchorOffset="31" RAnchorPoint="1" RAnchorOffset="-31" BAnchorPoint="0" BAnchorOffset="75" DT_VCENTER="1" DT_CENTER="1" TooltipType="OnCursor" Name="AdventureCloseBtn" BGColor="ffffffff" TextColor="ffffffff" TooltipColor="" NormalTextColor="ff9aaea3" PressedTextColor="ffffffff" FlybyTextColor="ffffffff" PressedFlybyTextColor="ffffffff" DisabledTextColor="ffffffff" Text="" TextId="">
            <Event Name="ButtonSignal" Function="OnClose"/>
        </Control>
    </Form>
    <Form Class="Window" LAnchorPoint="0" LAnchorOffset="2" TAnchorPoint="0" TAnchorOffset="1" RAnchorPoint="1" RAnchorOffset="-2" BAnchorPoint="0" BAnchorOffset="57" RelativeToClient="1" Font="Default" Text="" Template="Default" TooltipType="OnCursor" Name="AdventureListItem" BGColor="ffffffff" TextColor="ffffffff" TooltipColor="" Picture="1" IgnoreMouse="1" Sprite="">
        <Control Class="Window" LAnchorPoint="0" LAnchorOffset="0" TAnchorPoint="0" TAnchorOffset="1" RAnchorPoint="1" RAnchorOffset="0" BAnchorPoint="1" BAnchorOffset="0" RelativeToClient="1" Font="Default" Text="" BGColor="UI_WindowBGDefault" TextColor="UI_WindowTextDefault" Template="Default" TooltipType="OnCursor" Name="InsetFrame" TooltipColor="" Sprite="BK3:UI_BK3_Holo_InsetSimple" Picture="1" IgnoreMouse="1"/>
        <Control Class="Window" LAnchorPoint="0" LAnchorOffset="5" TAnchorPoint="0" TAnchorOffset="5" RAnchorPoint="0" RAnchorOffset="51" BAnchorPoint="0" BAnchorOffset="51" RelativeToClient="1" Font="Default" Text="" BGColor="UI_WindowBGDefault" TextColor="UI_WindowTextDefault" Template="Default" TooltipType="OnCursor" Name="iconFrame" TooltipColor="" Sprite="BK3:UI_BK3_Holo_InsetSimple" Picture="1" IgnoreMouse="1"/>
        <Control Class="Window" LAnchorPoint="0" LAnchorOffset="8" TAnchorPoint="0" TAnchorOffset="8" RAnchorPoint="0" RAnchorOffset="48" BAnchorPoint="0" BAnchorOffset="48" RelativeToClient="1" Font="Default" Text="" Template="Default" TooltipType="OnCursor" Name="AdventureListIcon" BGColor="ffffffff" TextColor="ffffffff" TooltipColor="" Sprite="ClientSprites:Icon_SkillMind_UI_espr_moverb" Picture="1" IgnoreMouse="1" HideInEditor="0"/>
        <Control Class="Window" LAnchorPoint="0" LAnchorOffset="62" TAnchorPoint="0" TAnchorOffset="2" RAnchorPoint="1" RAnchorOffset="-10" BAnchorPoint="0" BAnchorOffset="52" RelativeToClient="1" Font="CRB_HeaderMedium" Text="#1 in Resources Collected" Template="Default" TooltipType="OnCursor" Name="AdventureListTitle" BGColor="ffffffff" TextColor="UI_TextHoloBodyHighlight" TooltipColor="" TextId="" DT_WORDBREAK="1" DT_VCENTER="1" HideInEditor="0"/>
        <Control Class="Window" LAnchorPoint="0" LAnchorOffset="80" TAnchorPoint="0" TAnchorOffset="50" RAnchorPoint="1" RAnchorOffset="-8" BAnchorPoint="1" BAnchorOffset="-8" RelativeToClient="1" Font="CRB_InterfaceLarge_BO" Text="444 Kills" Template="Default" TooltipType="OnCursor" Name="AdventureListDetails" BGColor="ffffffff" TextColor="ffffffff" TooltipColor="" TextId=""/>
    </Form>
</Forms>
