<?xml version="1.0" encoding="UTF-8" standalone="yes" ?>
<Forms>
    <Form Class="Window" LAnchorPoint="0.5" LAnchorOffset="-325" TAnchorPoint="0" TAnchorOffset="0" RAnchorPoint="0.5" RAnchorOffset="325" BAnchorPoint="0" BAnchorOffset="700" RelativeToClient="1" Font="Default" Text="" Template="Default" TooltipType="OnCursor" Name="CraftingGridForm" Border="0" Picture="0" SwallowMouseClicks="1" Moveable="1" Escapable="1" Overlapped="1" BGColor="ffffffff" TextColor="ffffffff" TooltipColor="" IgnoreMouse="0" Tooltip="">
        <Control Class="Window" LAnchorPoint="0.5" LAnchorOffset="-300" TAnchorPoint="0" TAnchorOffset="20" RAnchorPoint="0.5" RAnchorOffset="300" BAnchorPoint="0" BAnchorOffset="620" RelativeToClient="1" Font="Default" Text="" Template="Default" Name="CoordinateSchematic" Border="0" Picture="1" SwallowMouseClicks="1" Moveable="0" Escapable="0" Overlapped="1" BGColor="ffffffff" TextColor="ffffffff" Sprite="" TooltipColor="" TextId="" Tooltip="" IgnoreMouse="1">
            <Control Class="Window" LAnchorPoint="0" LAnchorOffset="0" TAnchorPoint="0" TAnchorOffset="0" RAnchorPoint="1" RAnchorOffset="0" BAnchorPoint="1" BAnchorOffset="0" RelativeToClient="1" Font="Default" Text="" Template="Default" TooltipType="OnCursor" Name="Discoverables" BGColor="ffffffff" TextColor="ffffffff" TooltipColor="" IgnoreMouse="1" NeverBringToFront="1"/>
            <Control Class="Window" LAnchorPoint="0" LAnchorOffset="0" TAnchorPoint="0" TAnchorOffset="0" RAnchorPoint="1" RAnchorOffset="0" BAnchorPoint="1" BAnchorOffset="0" RelativeToClient="1" Font="Default" Template="Default" Name="Graph" BGColor="ffffffff" TextColor="ffffffff" IgnoreMouse="1" NeverBringToFront="1" TooltipColor="" Sprite="" Picture="1" Tooltip="" HideInEditor="0" NewControlDepth="5">
                <Control Class="Window" LAnchorPoint="0" LAnchorOffset="0" TAnchorPoint="0.5" TAnchorOffset="-10" RAnchorPoint="1" RAnchorOffset="0" BAnchorPoint="0.5" BAnchorOffset="10" RelativeToClient="1" Template="Default" Name="XAxis" BGColor="ffffffff" TextColor="ffffffff" Sprite="kitDivider_Horiz_MetalGold" Picture="1" IgnoreMouse="1" TopEdgeControlsAnchor="XAxis_Edge" NeverBringToFront="1" TooltipColor=""/>
                <Control Class="Window" LAnchorPoint="0.5" LAnchorOffset="-8" TAnchorPoint="0" TAnchorOffset="0" RAnchorPoint="0.5" RAnchorOffset="12" BAnchorPoint="1" BAnchorOffset="0" RelativeToClient="1" Template="Default" Name="YAxis" BGColor="ffffffff" TextColor="ffffffff" Sprite="kitDivider_Vert_MetalGold" Picture="1" IgnoreMouse="1" Visible="1" RightEdgeControlsAnchor="YAxis_Edge" NeverBringToFront="0" TooltipColor=""/>
                <Control Class="Window" LAnchorPoint="0" LAnchorOffset="4" TAnchorPoint="XAxis_Edge" TAnchorOffset="16" RAnchorPoint="0" RAnchorOffset="74" BAnchorPoint="XAxis_Edge" BAnchorOffset="36" RelativeToClient="1" Font="CRB_InterfaceMedium_B" Template="Default" Name="XAxisLeftLabel" BGColor="ffffffff" TextColor="UI_TextHoloBodyHighlight" DT_SINGLELINE="1" IgnoreMouse="1" TooltipColor="" Text="" Visible="1" TextId="CRB__2" TooltipType="OnCursor" TooltipFont="CRB_InterfaceSmall_O" Tooltip="" TooltipId="CoordCrafting_AxisTooltip"/>
                <Control Class="Window" LAnchorPoint="1" LAnchorOffset="-74" TAnchorPoint="XAxis_Edge" TAnchorOffset="16" RAnchorPoint="1" RAnchorOffset="-4" BAnchorPoint="XAxis_Edge" BAnchorOffset="36" RelativeToClient="1" Font="CRB_InterfaceMedium_B" Template="Default" Name="XAxisRightLabel" BGColor="ffffffff" TextColor="UI_TextHoloBodyHighlight" DT_SINGLELINE="1" DT_RIGHT="1" IgnoreMouse="1" TooltipColor="" Visible="1" Text="" TextId="CRB__2" Tooltip="" TooltipId="CoordCrafting_AxisTooltip" TooltipType="OnCursor" TooltipFont="CRB_InterfaceSmall_O"/>
                <Control Class="Window" LAnchorPoint="YAxis_Edge" LAnchorOffset="-90" TAnchorPoint="0" TAnchorOffset="4" RAnchorPoint="YAxis_Edge" RAnchorOffset="-20" BAnchorPoint="0" BAnchorOffset="24" RelativeToClient="1" Font="CRB_InterfaceMedium_B" Template="Default" Name="YAxisTopLabel" BGColor="ffffffff" TextColor="UI_TextHoloBodyHighlight" DT_SINGLELINE="1" DT_RIGHT="1" IgnoreMouse="1" TooltipColor="" Visible="1" Text="" TextId="CRB__2" Tooltip="" TooltipId="CoordCrafting_AxisTooltip" TooltipType="OnCursor" TooltipFont="CRB_InterfaceSmall_O"/>
                <Control Class="Window" LAnchorPoint="YAxis_Edge" LAnchorOffset="-90" TAnchorPoint="1" TAnchorOffset="-24" RAnchorPoint="YAxis_Edge" RAnchorOffset="-20" BAnchorPoint="1" BAnchorOffset="-4" RelativeToClient="1" Font="CRB_InterfaceMedium_B" Template="Default" Name="YAxisBottomLabel" BGColor="ffffffff" TextColor="UI_TextHoloBodyHighlight" DT_SINGLELINE="1" DT_RIGHT="1" DT_BOTTOM="1" Text="" TextId="CRB__2" IgnoreMouse="1" TooltipColor="" Visible="1" Tooltip="" TooltipId="CoordCrafting_AxisTooltip" TooltipType="OnCursor" TooltipFont="CRB_InterfaceSmall_O"/>
            </Control>
            <Control Class="Window" LAnchorPoint="0" LAnchorOffset="0" TAnchorPoint="0" TAnchorOffset="0" RAnchorPoint="0" RAnchorOffset="207" BAnchorPoint="0" BAnchorOffset="40" RelativeToClient="1" Font="Default" Text="" Template="Default" TooltipType="OnCursor" Name="LastAttemptWindow" BGColor="ffffffff" TextColor="ffffffff" TooltipColor="" Picture="1" IgnoreMouse="1" Sprite="" TooltipFont="CRB_InterfaceSmall_O" Visible="0" HideInEditor="0" Tooltip="" IgnoreTooltipDelay="1">
                <Control Class="Window" LAnchorPoint="0" LAnchorOffset="10" TAnchorPoint="0" TAnchorOffset="0" RAnchorPoint="1" RAnchorOffset="-10" BAnchorPoint="1" BAnchorOffset="-10" RelativeToClient="1" Font="Default" Text="" Template="Default" TooltipType="OnCursor" Name="LastAttemptWindowBG" BGColor="ffffffff" TextColor="ffffffff" TooltipColor="" Sprite="CRB_Basekit:kitBase_MetalGrey_Tiny" Picture="1" IgnoreMouse="1"/>
                <Control Class="Window" LAnchorPoint="0" LAnchorOffset="0" TAnchorPoint="0" TAnchorOffset="-50" RAnchorPoint="1" RAnchorOffset="0" BAnchorPoint="1" BAnchorOffset="0" RelativeToClient="1" Font="Default" Text="" Template="Default" TooltipType="OnCursor" Name="LastAttemptWindowFrame" BGColor="ffffffff" TextColor="ffffffff" TooltipColor="" Sprite="CRB_Basekit:kitInnerFrame_MetalGrey_Medium" Picture="1" IgnoreMouse="1"/>
                <Control Class="Window" LAnchorPoint="0" LAnchorOffset="22" TAnchorPoint="0" TAnchorOffset="5" RAnchorPoint="0" RAnchorOffset="41" BAnchorPoint="0" BAnchorOffset="24" RelativeToClient="1" Font="Default" Text="" Template="Default" TooltipType="OnCursor" Name="LastAttemptWindowIcon" BGColor="ffffffff" TextColor="ffffffff" TooltipColor="" Sprite="spr_TEMP_CraftingMissedTargetIcon" Picture="1" IgnoreMouse="1" NewControlDepth="1"/>
                <Control Class="Window" LAnchorPoint="0" LAnchorOffset="40" TAnchorPoint="0" TAnchorOffset="4" RAnchorPoint="1" RAnchorOffset="-25" BAnchorPoint="0" BAnchorOffset="24" RelativeToClient="1" Font="CRB_InterfaceMedium_B" Text="" Template="Default" TooltipType="OnCursor" Name="LastAttemptWindowLabel" BGColor="ffffffff" TextColor="ff9aaea3" TooltipColor="" TextId="Crafting_LastAttemptLabel" DT_CENTER="1" DT_VCENTER="1"/>
                <Control Class="Button" LAnchorPoint="0" LAnchorOffset="0" TAnchorPoint="0" TAnchorOffset="0" RAnchorPoint="1" RAnchorOffset="0" BAnchorPoint="1" BAnchorOffset="0" RelativeToClient="1" Font="Default" Text="" Template="Default" TooltipType="OnCursor" Name="LastAttemptMouseCatcher" BGColor="ffffffff" TextColor="ffffffff" TooltipColor="" NormalTextColor="ffffffff" PressedTextColor="ffffffff" FlybyTextColor="ffffffff" PressedFlybyTextColor="ffffffff" DisabledTextColor="ffffffff" Base="CRB_DEMO_WrapperSprites:btnDemo_CharInvisible">
                    <Event Name="MouseEnter" Function="OnLastAttemptWindowMouseEnter"/>
                    <Event Name="MouseExit" Function="OnLastAttemptWindowMouseExit"/>
                    <Event Name="ButtonSignal" Function="OnLastAttemptWindowClick"/>
                </Control>
            </Control>
        </Control>
        <Control Class="Window" LAnchorPoint="0" LAnchorOffset="-220" TAnchorPoint="0" TAnchorOffset="0" RAnchorPoint="1" RAnchorOffset="0" BAnchorPoint="1" BAnchorOffset="0" RelativeToClient="1" Font="Default" Text="" Template="Default" TooltipType="OnCursor" Name="LeftSideItems" BGColor="ffffffff" TextColor="ffffffff" TooltipColor="" HideInEditor="0" IgnoreMouse="1" TransitionShowHide="0" Tooltip="" NoClip="1">
            <Control Class="Window" LAnchorPoint="0" LAnchorOffset="0" TAnchorPoint="0" TAnchorOffset="12" RAnchorPoint="0" RAnchorOffset="245" BAnchorPoint="1" BAnchorOffset="-8" RelativeToClient="1" Font="Default" Text="" Template="Default" TooltipType="OnCursor" Name="AdditiveContainer" BGColor="ffffffff" TextColor="ffffffff" TooltipColor="" Sprite="CRB_CraftingSprites:sprCraft_TEMP_Hybrid_ButtonPanel" Picture="1" IgnoreMouse="1" NewControlDepth="5" Tooltip="">
                <Control Class="Window" LAnchorPoint="0" LAnchorOffset="8" TAnchorPoint="0" TAnchorOffset="8" RAnchorPoint="1" RAnchorOffset="-8" BAnchorPoint="1" BAnchorOffset="-8" RelativeToClient="1" Font="Default" Text="" Template="Default" TooltipType="OnCursor" Name="AdditiveBG" BGColor="ffffffff" TextColor="ffffffff" TooltipColor="" Picture="1" IgnoreMouse="1" Sprite="">
                    <Control Class="Window" LAnchorPoint="0" LAnchorOffset="-4" TAnchorPoint="0" TAnchorOffset="-4" RAnchorPoint="1" RAnchorOffset="4" BAnchorPoint="1" BAnchorOffset="4" RelativeToClient="1" Font="Default" Text="" Template="Default" TooltipType="OnCursor" Name="AdditiveListBG" BGColor="ffffffff" TextColor="ffffffff" TooltipColor="" Sprite="CRB_Basekit:kitBase_HoloBlue_Tiny" Picture="1" IgnoreMouse="1" HideInEditor="0" Visible="1"/>
                    <Control Class="Window" LAnchorPoint="0" LAnchorOffset="8" TAnchorPoint="0" TAnchorOffset="2" RAnchorPoint="1" RAnchorOffset="-8" BAnchorPoint="1" BAnchorOffset="-60" RelativeToClient="1" Font="Default" Text="" Template="CRB_Scroll_HoloSmall" TooltipType="OnCursor" Name="AdditiveList" BGColor="ffffffff" TextColor="ffffffff" TooltipColor="" HScroll="0" IgnoreMouse="1" Picture="0" NewControlDepth="1" VScroll="1" AutoHideScroll="0"/>
                    <Control Class="Window" LAnchorPoint="0.5" LAnchorOffset="-40" TAnchorPoint="0" TAnchorOffset="-2" RAnchorPoint="0.5" RAnchorOffset="40" BAnchorPoint="0" BAnchorOffset="80" RelativeToClient="1" Font="Default" Text="" Template="Default" TooltipType="OnCursor" Name="FilterCompassBG" BGColor="ffffffff" TextColor="ffffffff" TooltipColor="" Sprite="CRB_Basekit:kitBase_HoloBlue_SmallGreenCorners" Picture="1" IgnoreMouse="1" TooltipFont="CRB_InterfaceSmall_O" IgnoreTooltipDelay="0" Tooltip="" Visible="0" HideInEditor="1" TooltipId="CoordCrafting_FilterTooltip">
                        <Control Class="Window" LAnchorPoint="0" LAnchorOffset="7" TAnchorPoint="0" TAnchorOffset="7" RAnchorPoint="1" RAnchorOffset="-7" BAnchorPoint="1" BAnchorOffset="-7" RelativeToClient="1" Font="Default" Text="" Template="Default" TooltipType="OnCursor" Name="FilterCompassItems" BGColor="ffffffff" TextColor="ffffffff" TooltipColor="">
                            <Control Class="Button" Base="btnCraft_TEMP_CompassNW" Font="CRB_InterfaceMedium_B" ButtonType="Check" RadioGroup="Crafting_AdditiveCompass_RadioGroup" LAnchorPoint="0" LAnchorOffset="0" TAnchorPoint="0" TAnchorOffset="0" RAnchorPoint="0" RAnchorOffset="22" BAnchorPoint="0" BAnchorOffset="22" DT_VCENTER="1" DT_CENTER="1" TooltipType="OnCursor" Name="CompassNW" BGColor="ffffffff" TextColor="ffffffff" TooltipColor="" NormalTextColor="ff2f94ac" PressedTextColor="ff31fcf6" FlybyTextColor="ff31fcf6" PressedFlybyTextColor="ff31fcf6" DisabledTextColor="ff666666" Text="" TextId="" GlobalRadioGroup="" RadioDisallowNonSelection="1" Tooltip="">
                                <Event Name="ButtonCheck" Function="OnAdditiveFilterUpdate"/>
                            </Control>
                            <Control Class="Button" Base="btnCraft_TEMP_CompassN" Font="CRB_InterfaceMedium_B" ButtonType="Check" RadioGroup="Crafting_AdditiveCompass_RadioGroup" LAnchorPoint="0" LAnchorOffset="23" TAnchorPoint="0" TAnchorOffset="0" RAnchorPoint="0" RAnchorOffset="45" BAnchorPoint="0" BAnchorOffset="22" DT_VCENTER="1" DT_CENTER="1" TooltipType="OnCursor" Name="CompassN" BGColor="ffffffff" TextColor="ffffffff" TooltipColor="" NormalTextColor="ff2f94ac" PressedTextColor="ff31fcf6" FlybyTextColor="ff31fcf6" PressedFlybyTextColor="ff31fcf6" DisabledTextColor="ff666666" Text="" TextId="" GlobalRadioGroup="" RadioDisallowNonSelection="1" Tooltip="">
                                <Event Name="ButtonCheck" Function="OnAdditiveFilterUpdate"/>
                            </Control>
                            <Control Class="Button" Base="btnCraft_TEMP_CompassNE" Font="CRB_InterfaceMedium_B" ButtonType="Check" RadioGroup="Crafting_AdditiveCompass_RadioGroup" LAnchorPoint="0" LAnchorOffset="46" TAnchorPoint="0" TAnchorOffset="0" RAnchorPoint="0" RAnchorOffset="68" BAnchorPoint="0" BAnchorOffset="22" DT_VCENTER="1" DT_CENTER="1" TooltipType="OnCursor" Name="CompassNE" BGColor="ffffffff" TextColor="ffffffff" TooltipColor="" NormalTextColor="ff2f94ac" PressedTextColor="ff31fcf6" FlybyTextColor="ff31fcf6" PressedFlybyTextColor="ff31fcf6" DisabledTextColor="ff666666" Text="" TextId="" GlobalRadioGroup="" RadioDisallowNonSelection="1" Tooltip="">
                                <Event Name="ButtonCheck" Function="OnAdditiveFilterUpdate"/>
                            </Control>
                            <Control Class="Button" Base="btnCraft_TEMP_CompassW" Font="CRB_InterfaceMedium_B" ButtonType="Check" RadioGroup="Crafting_AdditiveCompass_RadioGroup" LAnchorPoint="0" LAnchorOffset="0" TAnchorPoint="0" TAnchorOffset="23" RAnchorPoint="0" RAnchorOffset="22" BAnchorPoint="0" BAnchorOffset="45" DT_VCENTER="1" DT_CENTER="1" TooltipType="OnCursor" Name="CompassW" BGColor="ffffffff" TextColor="ffffffff" TooltipColor="" NormalTextColor="ff2f94ac" PressedTextColor="ff31fcf6" FlybyTextColor="ff31fcf6" PressedFlybyTextColor="ff31fcf6" DisabledTextColor="ff666666" Text="" TextId="" GlobalRadioGroup="" RadioDisallowNonSelection="1" Tooltip="">
                                <Event Name="ButtonCheck" Function="OnAdditiveFilterUpdate"/>
                            </Control>
                            <Control Class="Button" Base="btnCraft_TEMP_CompassMid" Font="CRB_InterfaceMedium_B" ButtonType="Check" RadioGroup="Crafting_AdditiveCompass_RadioGroup" LAnchorPoint="0" LAnchorOffset="23" TAnchorPoint="0" TAnchorOffset="23" RAnchorPoint="0" RAnchorOffset="45" BAnchorPoint="0" BAnchorOffset="45" DT_VCENTER="1" DT_CENTER="1" TooltipType="OnCursor" Name="CompassMiddle" BGColor="ffffffff" TextColor="ffffffff" TooltipColor="" NormalTextColor="ff2f94ac" PressedTextColor="ff31fcf6" FlybyTextColor="ff31fcf6" PressedFlybyTextColor="ff31fcf6" DisabledTextColor="ff666666" Text="" TextId="" GlobalRadioGroup="" RadioDisallowNonSelection="1" Visible="1" HideInEditor="0" RelativeToClient="1" Tooltip="">
                                <Event Name="ButtonCheck" Function="OnAdditiveFilterUpdate"/>
                            </Control>
                            <Control Class="Button" Base="btnCraft_TEMP_CompassE" Font="CRB_InterfaceMedium_B" ButtonType="Check" RadioGroup="Crafting_AdditiveCompass_RadioGroup" LAnchorPoint="0" LAnchorOffset="46" TAnchorPoint="0" TAnchorOffset="23" RAnchorPoint="0" RAnchorOffset="68" BAnchorPoint="0" BAnchorOffset="45" DT_VCENTER="1" DT_CENTER="1" TooltipType="OnCursor" Name="CompassE" BGColor="ffffffff" TextColor="ffffffff" TooltipColor="" NormalTextColor="ff2f94ac" PressedTextColor="ff31fcf6" FlybyTextColor="ff31fcf6" PressedFlybyTextColor="ff31fcf6" DisabledTextColor="ff666666" Text="" TextId="" GlobalRadioGroup="" RadioDisallowNonSelection="1" Tooltip="">
                                <Event Name="ButtonCheck" Function="OnAdditiveFilterUpdate"/>
                            </Control>
                            <Control Class="Button" Base="btnCraft_TEMP_CompassSW" Font="CRB_InterfaceMedium_B" ButtonType="Check" RadioGroup="Crafting_AdditiveCompass_RadioGroup" LAnchorPoint="0" LAnchorOffset="0" TAnchorPoint="0" TAnchorOffset="46" RAnchorPoint="0" RAnchorOffset="22" BAnchorPoint="0" BAnchorOffset="68" DT_VCENTER="1" DT_CENTER="1" TooltipType="OnCursor" Name="CompassSW" BGColor="ffffffff" TextColor="ffffffff" TooltipColor="" NormalTextColor="ff2f94ac" PressedTextColor="ff31fcf6" FlybyTextColor="ff31fcf6" PressedFlybyTextColor="ff31fcf6" DisabledTextColor="ff666666" Text="" TextId="" GlobalRadioGroup="" RadioDisallowNonSelection="1" Tooltip="">
                                <Event Name="ButtonCheck" Function="OnAdditiveFilterUpdate"/>
                            </Control>
                            <Control Class="Button" Base="btnCraft_TEMP_CompassS" Font="CRB_InterfaceMedium_B" ButtonType="Check" RadioGroup="Crafting_AdditiveCompass_RadioGroup" LAnchorPoint="0" LAnchorOffset="23" TAnchorPoint="0" TAnchorOffset="46" RAnchorPoint="0" RAnchorOffset="45" BAnchorPoint="0" BAnchorOffset="68" DT_VCENTER="1" DT_CENTER="1" TooltipType="OnCursor" Name="CompassS" BGColor="ffffffff" TextColor="ffffffff" TooltipColor="" NormalTextColor="ff2f94ac" PressedTextColor="ff31fcf6" FlybyTextColor="ff31fcf6" PressedFlybyTextColor="ff31fcf6" DisabledTextColor="ff666666" Text="" TextId="" GlobalRadioGroup="" RadioDisallowNonSelection="1" Tooltip="">
                                <Event Name="ButtonCheck" Function="OnAdditiveFilterUpdate"/>
                            </Control>
                            <Control Class="Button" Base="btnCraft_TEMP_CompassSE" Font="CRB_InterfaceMedium_B" ButtonType="Check" RadioGroup="Crafting_AdditiveCompass_RadioGroup" LAnchorPoint="0" LAnchorOffset="46" TAnchorPoint="0" TAnchorOffset="46" RAnchorPoint="0" RAnchorOffset="68" BAnchorPoint="0" BAnchorOffset="68" DT_VCENTER="1" DT_CENTER="1" TooltipType="OnCursor" Name="CompassSE" BGColor="ffffffff" TextColor="ffffffff" TooltipColor="" NormalTextColor="ff2f94ac" PressedTextColor="ff31fcf6" FlybyTextColor="ff31fcf6" PressedFlybyTextColor="ff31fcf6" DisabledTextColor="ff666666" Text="" TextId="" GlobalRadioGroup="" RadioDisallowNonSelection="1" Tooltip="">
                                <Event Name="ButtonCheck" Function="OnAdditiveFilterUpdate"/>
                            </Control>
                        </Control>
                    </Control>
                </Control>
                <Control Class="Window" LAnchorPoint="0" LAnchorOffset="14" TAnchorPoint="0" TAnchorOffset="6" RAnchorPoint="1" RAnchorOffset="-14" BAnchorPoint="1" BAnchorOffset="-6" RelativeToClient="1" Font="CRB_InterfaceMedium_B" Text="" Template="Default" TooltipType="OnCursor" Name="BGHelperText_Additives" BGColor="9dffffff" TextColor="UI_TextHoloTitle" TooltipColor="" TextId="CoordCrafting_AddAdditive" DT_VCENTER="1" DT_RIGHT="0" Visible="0" HideInEditor="1" DT_CENTER="1" IgnoreMouse="1" TransitionShowHide="1" DT_BOTTOM="0" DT_WORDBREAK="1" Picture="1" Sprite="BlackFill" NewControlDepth="4">
                    <Control Class="Window" LAnchorPoint="0" LAnchorOffset="0" TAnchorPoint="0" TAnchorOffset="25" RAnchorPoint="1" RAnchorOffset="0" BAnchorPoint="1" BAnchorOffset="0" RelativeToClient="1" Font="CRB_InterfaceSmall_O" Text="" Template="Default" TooltipType="OnCursor" Name="BGHelperText_AdditivesText2" BGColor="ffffffff" TextColor="UI_TextHoloTitle" TooltipColor="" TextId="CoordCrafting_AdditiveHelperText" DT_VCENTER="1" DT_RIGHT="0" Visible="1" HideInEditor="0" DT_CENTER="1" IgnoreMouse="1" TransitionShowHide="1" DT_BOTTOM="0" DT_WORDBREAK="1" Picture="1" Sprite=""/>
                    <Control Class="Window" LAnchorPoint="0" LAnchorOffset="0" TAnchorPoint="0" TAnchorOffset="0" RAnchorPoint="1" RAnchorOffset="0" BAnchorPoint="1" BAnchorOffset="0" RelativeToClient="1" Font="Default" Text="" Template="Default" TooltipType="OnCursor" Name="BGHelperText_AdditivesAnim" BGColor="ffffffff" TextColor="ffffffff" TooltipColor="" Sprite="" Picture="1" IgnoreMouse="1"/>
                </Control>
            </Control>
            <Control Class="Window" LAnchorPoint="0" LAnchorOffset="12" TAnchorPoint="1" TAnchorOffset="-67" RAnchorPoint="0" RAnchorOffset="192" BAnchorPoint="1" BAnchorOffset="-22" RelativeToClient="1" Font="Default" Text="" Template="Default" Name="BGPlayerCash" BGColor="ffdddddd" TextColor="ffffffff" Sprite="CRB_Basekit:kitInnerFrame_MetalGold_InlayStretch" Picture="0" IgnoreMouse="1" TooltipColor="" NewControlDepth="1">
                <Control Class="Window" LAnchorPoint="0" LAnchorOffset="12" TAnchorPoint="0" TAnchorOffset="4" RAnchorPoint="1" RAnchorOffset="-12" BAnchorPoint="0" BAnchorOffset="24" RelativeToClient="1" Font="CRB_InterfaceMedium" Text="" Template="Default" TooltipType="OnCursor" Name="BGPlayerCashLabel" BGColor="ffffffff" TextColor="UI_TextHoloBody" TooltipColor="" TextId="CoordCrafting_PlayerCashLabel" DT_RIGHT="0"/>
                <Control Class="CashWindow" LAnchorPoint="0" LAnchorOffset="12" TAnchorPoint="1" TAnchorOffset="-24" RAnchorPoint="1" RAnchorOffset="-12" BAnchorPoint="1" BAnchorOffset="-4" RelativeToClient="1" Font="CRB_InterfaceMedium" Sprite="" Text="" Template="OldMetalControl" Name="BGPlayerCashWindow" BGColor="ffffffff" TextColor="UI_TextHoloBody" Tooltip="" IgnoreMouse="1" SkipZeroes="1" TooltipColor=""/>
            </Control>
        </Control>
        <Control Class="Window" LAnchorPoint="0.5" LAnchorOffset="-91" TAnchorPoint="1" TAnchorOffset="-88" RAnchorPoint="0.5" RAnchorOffset="91" BAnchorPoint="1" BAnchorOffset="-10" RelativeToClient="1" Font="Default" Text="" Template="Default" TooltipType="OnCursor" Name="BGCraftMaterials" BGColor="ffffffff" TextColor="ffffffff" TooltipColor="" Visible="1" HideInEditor="0" Picture="0" IgnoreMouse="1" Sprite="CRB_Basekit:kitInnerFrame_MetalGrey_Medium" TransitionShowHide="1" NewControlDepth="1" Tooltip="">
            <Control Class="Window" LAnchorPoint="0" LAnchorOffset="17" TAnchorPoint="0" TAnchorOffset="14" RAnchorPoint="1" RAnchorOffset="-17" BAnchorPoint="1" BAnchorOffset="-14" RelativeToClient="1" Font="CRB_InterfaceSmall_O" Text="" Template="Default" TooltipType="OnCursor" Name="BGCraftMaterialsGray" BGColor="ffffffff" TextColor="UI_TextMetalBodyHighlight" TooltipColor="" TextId="" DT_CENTER="1" Tooltip="" TooltipId="" TooltipFont="CRB_InterfaceSmall_O" Sprite="CRB_Basekit:kitBase_MetalGrey_Tiny" Picture="0" IgnoreMouse="1"/>
            <Control Class="Window" LAnchorPoint="0" LAnchorOffset="0" TAnchorPoint="0" TAnchorOffset="16" RAnchorPoint="1" RAnchorOffset="0" BAnchorPoint="0" BAnchorOffset="36" RelativeToClient="1" Font="CRB_Pixel_O" Text="" Template="Default" TooltipType="OnCursor" Name="CraftMaterialsLabel" BGColor="ffffffff" TextColor="UI_TextMetalBodyHighlight" TooltipColor="" TextId="Crafting_MatsUsed" DT_CENTER="1" Tooltip="" TooltipId="CoordCrafting_CatalystInstructions" TooltipFont="CRB_InterfaceSmall_O" Sprite="" Picture="1" IgnoreMouse="1"/>
            <Control Class="Window" LAnchorPoint="0" LAnchorOffset="0" TAnchorPoint="0" TAnchorOffset="30" RAnchorPoint="1" RAnchorOffset="0" BAnchorPoint="0" BAnchorOffset="62" RelativeToClient="1" Font="Default" Text="" Template="Default" TooltipType="OnCursor" Name="CraftMaterialsList" BGColor="ffffffff" TextColor="ffffffff" TooltipColor="" Sprite="" Picture="0" IgnoreMouse="1" NoClip="1"/>
        </Control>
        <Control Class="Button" Base="CRB_Basekit:kitBtn_Metal_LargeGreen" Font="CRB_InterfaceMedium_B" ButtonType="PushButton" RadioGroup="" LAnchorPoint="1" LAnchorOffset="-220" TAnchorPoint="1" TAnchorOffset="-68" RAnchorPoint="1" RAnchorOffset="-20" BAnchorPoint="1" BAnchorOffset="-20" DT_VCENTER="1" DT_CENTER="1" Name="CraftBtn" BGColor="ffffffff" TextColor="ffffffff" NormalTextColor="UI_BtnTextGreenNormal" PressedTextColor="UI_BtnTextGreenPressed" FlybyTextColor="UI_BtnTextGreenFlyby" PressedFlybyTextColor="UI_BtnTextGreenPressedFlyby" DisabledTextColor="UI_BtnTextGreenDisabled" TextId="ActivationPrompt_CraftingStation" RelativeToClient="1" Text="" TooltipColor="" Visible="1" HideInEditor="0" TooltipType="DynamicFloater" TooltipFont="CRB_InterfaceSmall_O" Tooltip="" TooltipId="">
            <Event Name="ButtonSignal" Function="OnCraftBtn"/>
        </Control>
        <Control Class="Window" LAnchorPoint="1" LAnchorOffset="-330" TAnchorPoint="1" TAnchorOffset="-136" RAnchorPoint="1" RAnchorOffset="-30" BAnchorPoint="1" BAnchorOffset="-80" RelativeToClient="1" Font="CRB_InterfaceMedium_B" Text="" Template="Default" TooltipType="OnCursor" Name="BGHelperText_ReadyToCraft" BGColor="ffffffff" TextColor="UI_TextHoloTitle" TooltipColor="" TextId="CoordCrafting_MaxAdditives" DT_VCENTER="0" DT_RIGHT="1" Visible="0" HideInEditor="0" DT_CENTER="0" IgnoreMouse="1" IgnoreTooltipDelay="0" TransitionShowHide="1" DT_WORDBREAK="1" DT_BOTTOM="1"/>
        <Control Class="Window" LAnchorPoint="0" LAnchorOffset="0" TAnchorPoint="0" TAnchorOffset="0" RAnchorPoint="1" RAnchorOffset="0" BAnchorPoint="1" BAnchorOffset="0" RelativeToClient="1" Font="Default" Text="" Template="Default" TooltipType="OnCursor" Name="BGBlockers" BGColor="ffffffff" TextColor="ffffffff" TooltipColor="" HideInEditor="1">
            <Control Class="Window" LAnchorPoint="0" LAnchorOffset="22" TAnchorPoint="1" TAnchorOffset="-136" RAnchorPoint="1" RAnchorOffset="-22" BAnchorPoint="1" BAnchorOffset="-16" RelativeToClient="1" Font="CRB_HeaderMedium" Text="" Template="Default" TooltipType="OnCursor" Name="BGPreviewOnlyBlocker" BGColor="ffffffff" TextColor="UI_TextMetalBodyHighlight" TooltipColor="white" Tooltip="" Picture="1" IgnoreMouse="0" Sprite="CRB_Basekit:kitBase_MetalGold_Small" NewWindowDepth="1" DT_CENTER="1" DT_VCENTER="1" TextId="" SwallowMouseClicks="1" HideInEditor="0" Visible="0" TooltipFont="CRB_InterfaceSmall_O" TooltipId="CBCrafting_StartCraft">
                <Control Class="Window" LAnchorPoint="0" LAnchorOffset="0" TAnchorPoint="0" TAnchorOffset="-550" RAnchorPoint="1" RAnchorOffset="0" BAnchorPoint="0" BAnchorOffset="0" RelativeToClient="1" Font="Default" Text="" Template="Default" TooltipType="OnCursor" Name="CoordTutorial" BGColor="ddffffff" TextColor="ffffffff" TooltipColor="" Picture="1" IgnoreMouse="1" Sprite="ClientSprites:BlackFill" NewWindowDepth="1" HideInEditor="0" NewControlDepth="1" NoClip="1" TransitionShowHide="1" Tooltip="">
                    <Control Class="Window" LAnchorPoint="0.5" LAnchorOffset="-195" TAnchorPoint="0.5" TAnchorOffset="-175" RAnchorPoint="0.5" RAnchorOffset="195" BAnchorPoint="0.5" BAnchorOffset="175" RelativeToClient="1" Font="Default" Text="" Template="Default" TooltipType="OnCursor" Name="CoordTutorialFrame" BGColor="ffffffff" TextColor="ffffffff" TooltipColor="" Picture="1" IgnoreMouse="1" Sprite="">
                        <Control Class="Window" LAnchorPoint="0" LAnchorOffset="125" TAnchorPoint="0" TAnchorOffset="51" RAnchorPoint="1" RAnchorOffset="-40" BAnchorPoint="0" BAnchorOffset="131" RelativeToClient="1" Font="CRB_InterfaceLarge" Text="Move the cursor around the grid" Template="Default" TooltipType="OnCursor" Name="CoordTutorialText1" BGColor="ffffffff" TextColor="ff9aaea3" TooltipColor="" TextId="" DT_WORDBREAK="1" DT_VCENTER="1"/>
                        <Control Class="Window" LAnchorPoint="0" LAnchorOffset="64" TAnchorPoint="0" TAnchorOffset="79" RAnchorPoint="0" RAnchorOffset="92" BAnchorPoint="0" BAnchorOffset="107" RelativeToClient="1" Font="Default" Text="" Template="Default" Name="CoordTutorialExample1C" Border="0" Picture="1" SwallowMouseClicks="1" Moveable="0" Escapable="0" Overlapped="0" BGColor="ffffffff" TextColor="ffffffff" Sprite="CRB_MinimapSprites:sprMM_TargetObjective" TooltipColor="" NewControlDepth="1" TooltipType="OnCursor" TooltipFont="CRB_InterfaceSmall_O" Tooltip="Example Cursor" TooltipId=""/>
                        <Control Class="Window" LAnchorPoint="0.5" LAnchorOffset="-157" TAnchorPoint="0" TAnchorOffset="156" RAnchorPoint="0.5" RAnchorOffset="-77" BAnchorPoint="0" BAnchorOffset="236" RelativeToClient="1" Font="Default" Text="" Template="Default" Name="CoordTutorialExample2" BGColor="ffffffff" TextColor="ffffffff" IgnoreMouse="1" NoClip="1" Picture="1" TestAlpha="1" IgnoreTooltipDelay="1" TooltipType="OnCursor" TooltipColor="" Tooltip="Example Circle" TooltipId="" TooltipFont="CRB_InterfaceSmall_O">
                            <Control Class="Window" LAnchorPoint="0" LAnchorOffset="10" TAnchorPoint="0" TAnchorOffset="10" RAnchorPoint="1" RAnchorOffset="-10" BAnchorPoint="1" BAnchorOffset="-10" RelativeToClient="1" Font="CRB_InterfaceSmall_O" Text="" Template="Default" Name="CoordTutorialExample2A" BGColor="ffffffff" TextColor="ffffffff" Picture="1" IgnoreMouse="1" TooltipType="OnCursor" TooltipColor="" IgnoreTooltipDelay="1" Sprite="ClientSprites:Icon_ItemMisc_UI_Item_Sammich"/>
                            <Control Class="Window" LAnchorPoint="0" LAnchorOffset="8" TAnchorPoint="0" TAnchorOffset="8" RAnchorPoint="1" RAnchorOffset="-8" BAnchorPoint="1" BAnchorOffset="-8" RelativeToClient="1" Font="Default" Text="" Template="Default" TooltipType="OnCursor" Name="CoordTutorialExample2B" BGColor="bbffffff" TextColor="ffffffff" TooltipColor="" Picture="1" IgnoreMouse="1" Sprite="CRB_Anim_WaveRunner:CRB_Anim_WaveRunnerStretch" Visible="1" NewControlDepth="1" HideInEditor="0"/>
                            <Control Class="Window" LAnchorPoint="0" LAnchorOffset="0" TAnchorPoint="0" TAnchorOffset="0" RAnchorPoint="1" RAnchorOffset="0" BAnchorPoint="1" BAnchorOffset="0" RelativeToClient="1" Font="Default" Text="" Template="Default" TooltipType="OnCursor" Name="CoordTutorialExample2C" BGColor="ffffffff" TextColor="ffffffff" TooltipColor="" Sprite="CRB_Basekit:kitInnerFrame_MetalGold_Plain" Picture="1" IgnoreMouse="1" NewControlDepth="1"/>
                            <Control Class="Window" LAnchorPoint="0" LAnchorOffset="35" TAnchorPoint="0" TAnchorOffset="19" RAnchorPoint="0" RAnchorOffset="63" BAnchorPoint="0" BAnchorOffset="47" RelativeToClient="1" Font="Default" Text="" Template="Default" Name="CoordTutorialExample2D" Border="0" Picture="1" SwallowMouseClicks="1" Moveable="0" Escapable="0" Overlapped="0" BGColor="ffffffff" TextColor="ffffffff" Sprite="CRB_MinimapSprites:sprMM_TargetObjective" TooltipColor="" NewControlDepth="1" Tooltip="Example Cursor" TooltipId="" TooltipType="OnCursor" TooltipFont="CRB_InterfaceSmall_O"/>
                        </Control>
                        <Control Class="Window" LAnchorPoint="0" LAnchorOffset="125" TAnchorPoint="0" TAnchorOffset="156" RAnchorPoint="1" RAnchorOffset="-40" BAnchorPoint="0" BAnchorOffset="236" RelativeToClient="1" Font="CRB_InterfaceLarge" Text="Try to land in a circle within 3 tries" Template="Default" TooltipType="OnCursor" Name="CoordTutorialText2" BGColor="ffffffff" TextColor="ff9aaea3" TooltipColor="" TextId="" DT_WORDBREAK="1" DT_VCENTER="1" Tooltip=""/>
                        <Control Class="Window" LAnchorPoint="0" LAnchorOffset="0" TAnchorPoint="0" TAnchorOffset="0" RAnchorPoint="1" RAnchorOffset="0" BAnchorPoint="1" BAnchorOffset="0" RelativeToClient="1" Font="Default" Text="" Template="Default" TooltipType="OnCursor" Name="CoordTutorialFrame" BGColor="ffffffff" TextColor="ffffffff" TooltipColor="" Picture="1" IgnoreMouse="1" Sprite="CRB_Basekit:kitOuterFrame_MetalGold_Small2"/>
                        <Control Class="Button" Base="CRB_Basekit:kitBtn_Metal_LargeRed" Font="CRB_InterfaceMedium_B" ButtonType="PushButton" RadioGroup="" LAnchorPoint="0.5" LAnchorOffset="-100" TAnchorPoint="1" TAnchorOffset="-88" RAnchorPoint="0.5" RAnchorOffset="100" BAnchorPoint="1" BAnchorOffset="-40" DT_VCENTER="1" DT_CENTER="1" TooltipType="OnCursor" Name="CoordTutorialCloseBtn" BGColor="ffffffff" TextColor="ffffffff" TooltipColor="" NormalTextColor="UI_BtnTextRedNormal" PressedTextColor="UI_BtnTextRedPressed" FlybyTextColor="UI_BtnTextRedFlyby" PressedFlybyTextColor="UI_BtnTextRedPressedFlyby" DisabledTextColor="UI_BtnTextRedDisabled" Text="Hide Tutorial" TextId="">
                            <Event Name="ButtonSignal" Function="OnCoordTutorialCloseBtn"/>
                        </Control>
                        <Control Class="Button" Base="CRB_Basekit:kitBtn_Close" Font="CRB_InterfaceLarge_B" ButtonType="PushButton" RadioGroup="" LAnchorPoint="1" LAnchorOffset="-40" TAnchorPoint="0" TAnchorOffset="12" RAnchorPoint="1" RAnchorOffset="-7" BAnchorPoint="0" BAnchorOffset="48" DT_VCENTER="1" DT_CENTER="1" TooltipType="OnCursor" Name="CoordTutorialCloseBtn2" BGColor="ffffffff" TextColor="ffffffff" TooltipColor="" NormalTextColor="ffffffff" PressedTextColor="ffffffff" FlybyTextColor="ffffffff" PressedFlybyTextColor="ffffffff" DisabledTextColor="ffffffff" Text="" TextId="">
                            <Event Name="ButtonSignal" Function="OnCoordTutorialCloseBtn"/>
                        </Control>
                        <Pixie LAnchorPoint="0" LAnchorOffset="20" TAnchorPoint="0" TAnchorOffset="20" RAnchorPoint="1" RAnchorOffset="-20" BAnchorPoint="1" BAnchorOffset="-20" BGColor="ffffffff" Font="Default" TextColor="ffffffff" Text="" Sprite="CRB_Basekit:kitBase_MetalGrey_Small" Line="0"/>
                    </Control>
                </Control>
                <Control Class="Window" LAnchorPoint="1" LAnchorOffset="-173" TAnchorPoint="0" TAnchorOffset="0" RAnchorPoint="1" RAnchorOffset="0" BAnchorPoint="1" BAnchorOffset="0" RelativeToClient="1" Font="Default" Text="" Template="Default" TooltipType="OnCursor" Name="CatalystGlobalContainer" BGColor="ffffffff" TextColor="ffffffff" TooltipColor="" Sprite="" Picture="1" IgnoreMouse="0" Visible="1" HideInEditor="0" NoClip="0" Tooltip="" TooltipFont="CRB_InterfaceSmall_O" TooltipId="CoordCrafting_BonusMatTooltip">
                    <Control Class="Window" LAnchorPoint="0" LAnchorOffset="16" TAnchorPoint="0" TAnchorOffset="14" RAnchorPoint="1" RAnchorOffset="-16" BAnchorPoint="0" BAnchorOffset="34" RelativeToClient="1" Font="CRB_InterfaceSmall_O" Text="" Template="Default" TooltipType="OnCursor" Name="CatalystGlobalTitle" BGColor="ffffffff" TextColor="UI_TextMetalBodyHighlight" TooltipColor="" TextId="CoordCrafting_Catalysts" DT_CENTER="1" Tooltip="" TooltipId="" TooltipFont="CRB_InterfaceSmall_O" Visible="1" HideInEditor="0" Sprite="" Picture="1" IgnoreMouse="1"/>
                    <Control Class="Window" LAnchorPoint="0" LAnchorOffset="16" TAnchorPoint="0" TAnchorOffset="30" RAnchorPoint="1" RAnchorOffset="-16" BAnchorPoint="1" BAnchorOffset="-14" RelativeToClient="1" Font="Default" Text="" Template="CRB_Scroll_MetalLarge" TooltipType="OnCursor" Name="CatalystGlobalList" BGColor="ffffffff" TextColor="ffffffff" TooltipColor="" HScroll="0" IgnoreMouse="1" Picture="0" Tooltip="" VScroll="1" AutoHideScroll="1"/>
                    <Control Class="Window" LAnchorPoint="0" LAnchorOffset="0" TAnchorPoint="0" TAnchorOffset="0" RAnchorPoint="1" RAnchorOffset="0" BAnchorPoint="1" BAnchorOffset="0" RelativeToClient="1" Font="Default" Text="" Template="Default" TooltipType="OnCursor" Name="CatalystGlobalFrame" BGColor="ffffffff" TextColor="ffffffff" TooltipColor="" Picture="1" IgnoreMouse="1" Sprite="CRB_Basekit:kitInnerFrame_MetalGrey_Medium"/>
                    <Pixie LAnchorPoint="0" LAnchorOffset="16" TAnchorPoint="0" TAnchorOffset="14" RAnchorPoint="1" RAnchorOffset="-16" BAnchorPoint="1" BAnchorOffset="-14" BGColor="ffffffff" Font="CRB_InterfaceSmall_O" TextColor="UI_TextMetalBodyHighlight" Text="" TextId="" Sprite="CRB_Basekit:kitBase_MetalGrey_Tiny" DT_CENTER="1" Line="0"/>
                </Control>
                <Control Class="Button" Base="CRB_Basekit:kitBtn_Metal_LargeGreen" Font="CRB_InterfaceMedium_B" ButtonType="PushButton" RadioGroup="" LAnchorPoint="0.5" LAnchorOffset="-100" TAnchorPoint="0.5" TAnchorOffset="-24" RAnchorPoint="0.5" RAnchorOffset="100" BAnchorPoint="0.5" BAnchorOffset="24" DT_VCENTER="1" DT_CENTER="1" TooltipType="OnCursor" Name="PreviewStartCraftBtn" BGColor="ffffffff" TextColor="ffffffff" TooltipColor="" NormalTextColor="UI_BtnTextGreenNormal" PressedTextColor="UI_BtnTextGreenPressed" FlybyTextColor="UI_BtnTextGreenFlyby" PressedFlybyTextColor="UI_BtnTextGreenPressedFlyby" DisabledTextColor="UI_BtnTextGreenDisabled" Text="" TextId="CBCrafting_StartCraft" Tooltip="" HideInEditor="0">
                    <Event Name="ButtonSignal" Function="OnPreviewStartCraft"/>
                </Control>
            </Control>
            <Control Class="Window" LAnchorPoint="0" LAnchorOffset="22" TAnchorPoint="1" TAnchorOffset="-136" RAnchorPoint="1" RAnchorOffset="-22" BAnchorPoint="1" BAnchorOffset="-16" RelativeToClient="1" Font="CRB_HeaderMedium" Text="" Template="Default" TooltipType="OnCursor" Name="BGCraftingStationBlocker" BGColor="ffffffff" TextColor="UI_TextMetalBodyHighlight" TooltipColor="" Tooltip="" Picture="1" IgnoreMouse="0" Sprite="CRB_Basekit:kitBase_MetalGold_Small" NewWindowDepth="1" DT_CENTER="1" DT_VCENTER="1" TextId="Crafting_NotNearStation" SwallowMouseClicks="1" HideInEditor="0" Visible="0" TooltipFont="CRB_InterfaceSmall_O" TooltipId="Crafting_NotNearStation"/>
            <Control Class="Window" LAnchorPoint="0" LAnchorOffset="22" TAnchorPoint="1" TAnchorOffset="-153" RAnchorPoint="1" RAnchorOffset="-22" BAnchorPoint="1" BAnchorOffset="-16" RelativeToClient="1" Font="Default" Text="" Template="Default" TooltipType="OnCursor" Name="BGNoMaterialsBlocker" BGColor="ffffffff" TextColor="ffffffff" TooltipColor="" Tooltip="" Picture="1" IgnoreMouse="0" Sprite="CRB_Basekit:kitBase_MetalGold_Small" NewWindowDepth="1" TextId="" SwallowMouseClicks="1" HideInEditor="1" Visible="0" TooltipId="CoordCrafting_PreviewTooltip" TooltipFont="CRB_InterfaceSmall_O">
                <Control Class="Window" LAnchorPoint="0" LAnchorOffset="0" TAnchorPoint="1" TAnchorOffset="-126" RAnchorPoint="1" RAnchorOffset="0" BAnchorPoint="1" BAnchorOffset="-106" RelativeToClient="1" Font="CRB_HeaderMedium" Text="" Template="Default" TooltipType="OnCursor" Name="BGNoMaterialsText" BGColor="ffffffff" TextColor="UI_TextMetalBodyHighlight" TooltipColor="" TextId="CoordCrafting_PreviewTooltip" DT_CENTER="1" DT_VCENTER="0" DT_BOTTOM="1" Tooltip="" TooltipId="Crafting_NotNearStation"/>
                <Control Class="Window" LAnchorPoint="0" LAnchorOffset="0" TAnchorPoint="1" TAnchorOffset="-98" RAnchorPoint="1" RAnchorOffset="0" BAnchorPoint="1" BAnchorOffset="-66" RelativeToClient="1" Font="Default" Text="" Template="Default" TooltipType="OnCursor" Name="BGNoMaterialsList" BGColor="ffffffff" TextColor="ffffffff" TooltipColor="" Tooltip=""/>
                <Control Class="Button" Base="CRB_Basekit:kitBtn_Metal_IconBaseStretch" Font="CRB_InterfaceMedium_B" ButtonType="PushButton" RadioGroup="" LAnchorPoint="0.5" LAnchorOffset="-100" TAnchorPoint="1" TAnchorOffset="-59" RAnchorPoint="0.5" RAnchorOffset="100" BAnchorPoint="1" BAnchorOffset="-16" DT_VCENTER="1" DT_CENTER="1" TooltipType="OnCursor" Name="PreviewOnlyBackBtn" BGColor="ffffffff" TextColor="ffffffff" TooltipColor="" NormalTextColor="UI_BtnTextGrayListNormal" PressedTextColor="UI_BtnTextGrayListPressed" FlybyTextColor="UI_BtnTextGrayListFlyby" PressedFlybyTextColor="UI_BtnTextGrayListPressedFlyby" DisabledTextColor="UI_BtnTextGrayListDisabled" Text="" TextId="Crafting_BackToTradeskills">
                    <Event Name="ButtonSignal" Function="OnBackToTradeskillsBtn"/>
                </Control>
            </Control>
        </Control>
        <Control Class="Window" LAnchorPoint="0" LAnchorOffset="0" TAnchorPoint="0" TAnchorOffset="0" RAnchorPoint="1" RAnchorOffset="0" BAnchorPoint="1" BAnchorOffset="0" RelativeToClient="1" Font="Default" Text="" Template="Default" TooltipType="OnCursor" Name="BGFrame" BGColor="ffffffff" TextColor="ffffffff" TooltipColor="" Sprite="CRB_Basekit:kitOuterFrame_MetalGold_Small3" Picture="1" IgnoreMouse="1" NewWindowDepth="1" Tooltip="" HideInEditor="0"/>
        <Control Class="Button" Base="CRB_Basekit:kitBtn_Close" Font="Thick" ButtonType="PushButton" RadioGroup="" LAnchorPoint="1" LAnchorOffset="-38" TAnchorPoint="0" TAnchorOffset="12" RAnchorPoint="1" RAnchorOffset="-11" BAnchorPoint="0" BAnchorOffset="41" DT_VCENTER="1" DT_CENTER="1" TooltipType="OnCursor" Name="CloseBtn" BGColor="ffffffff" TextColor="ffffffff" TooltipColor="" NormalTextColor="ffffffff" PressedTextColor="ffffffff" FlybyTextColor="ffffffff" PressedFlybyTextColor="ffffffff" DisabledTextColor="ffffffff" Text="" RelativeToClient="1" NewWindowDepth="1">
            <Event Name="ButtonSignal" Function="OnCloseBtn"/>
        </Control>
        <Event Name="WindowClosed" Function="OnCloseBtn"/>
        <Control Class="BagWindow" LAnchorPoint="0" LAnchorOffset="0" TAnchorPoint="0" TAnchorOffset="0" RAnchorPoint="0" RAnchorOffset="0" BAnchorPoint="0" BAnchorOffset="0" RelativeToClient="0" Sprite="" SquareSize="50" BoxesPerRow="5" Template="CRB_Normal" TooltipType="OnCursor" Border="0" NoClip="1" SwallowMouseClicks="1" UseTemplateBG="1" VScroll="0" IgnoreTooltipDelay="1" NewQuestOverlaySprite="ClientSprites:sprItem_NewQuest" Name="HiddenBagWindow" BGColor="ffffffff" TextColor="ffffffff" TooltipColor="" Tooltip=""/>
        <Pixie LAnchorPoint="0" LAnchorOffset="20" TAnchorPoint="0" TAnchorOffset="20" RAnchorPoint="1" RAnchorOffset="-20" BAnchorPoint="1" BAnchorOffset="-20" BGColor="ffffffff" Font="Default" TextColor="ffffffff" Text="" Sprite="BlackFill" Line="0"/>
        <Pixie LAnchorPoint="0" LAnchorOffset="11" TAnchorPoint="1" TAnchorOffset="-74" RAnchorPoint="1" RAnchorOffset="-11" BAnchorPoint="1" BAnchorOffset="-20" BGColor="ffffffff" Font="Default" TextColor="ffffffff" Text="" Sprite="CRB_Basekit:kitFooter_MetalGold_Square" Line="0"/>
    </Form>
    <Form Class="Window" LAnchorPoint="0" LAnchorOffset="0" TAnchorPoint="0" TAnchorOffset="0" RAnchorPoint="1" RAnchorOffset="0" BAnchorPoint="1" BAnchorOffset="0" RelativeToClient="1" Font="Default" Text="" Template="Default" TooltipType="OnCursor" Name="GridDiscoverable" BGColor="ffffffff" TextColor="ffffffff" TooltipColor="" IgnoreMouse="1" NeverBringToFront="1" Picture="1" Overlapped="1" DoNotBlockTooltip="1" Tooltip=""/>
    <Form Class="Window" LAnchorPoint="0.5" LAnchorOffset="-17" TAnchorPoint="0.5" TAnchorOffset="-17" RAnchorPoint="0.5" RAnchorOffset="17" BAnchorPoint="0.5" BAnchorOffset="17" RelativeToClient="1" Font="Default" Text="" Template="Default" Name="GridCircle" BGColor="ffffffff" TextColor="ffffffff" IgnoreMouse="1" TooltipColor="" NewControlDepth="4" Overlapped="1" Tooltip="" TooltipId="CRB___">
        <Control Class="Window" LAnchorPoint="0.5" LAnchorOffset="-40" TAnchorPoint="0.5" TAnchorOffset="-40" RAnchorPoint="0.5" RAnchorOffset="40" BAnchorPoint="0.5" BAnchorOffset="40" RelativeToClient="1" Font="Default" Text="" Template="Default" Name="Radius" BGColor="ffffffff" TextColor="ffffffff" IgnoreMouse="1" NoClip="1" Picture="1" TestAlpha="1" IgnoreTooltipDelay="1" TooltipType="OnCursor" TooltipColor="">
            <Control Class="Window" LAnchorPoint="0" LAnchorOffset="5" TAnchorPoint="0" TAnchorOffset="5" RAnchorPoint="1" RAnchorOffset="-5" BAnchorPoint="1" BAnchorOffset="-5" RelativeToClient="1" Font="CRB_InterfaceSmall_O" Text="" Template="Default" Name="CoordinateIcon" BGColor="ffffffff" TextColor="ffffffff" Picture="1" IgnoreMouse="1" TooltipType="OnCursor" TooltipColor="" IgnoreTooltipDelay="1" Sprite="ClientSprites:Icon_MedKit"/>
            <Control Class="Window" LAnchorPoint="0" LAnchorOffset="8" TAnchorPoint="0" TAnchorOffset="8" RAnchorPoint="1" RAnchorOffset="-8" BAnchorPoint="1" BAnchorOffset="-8" RelativeToClient="1" Font="Default" Text="" Template="Default" TooltipType="OnCursor" Name="RadiusBGAnim" BGColor="bbffffff" TextColor="ffffffff" TooltipColor="" Picture="1" IgnoreMouse="1" Sprite="CRB_Anim_WaveRunner:CRB_Anim_WaveRunnerStretch" Visible="0" NewControlDepth="1" HideInEditor="0"/>
            <Control Class="Window" LAnchorPoint="0" LAnchorOffset="0" TAnchorPoint="0" TAnchorOffset="0" RAnchorPoint="1" RAnchorOffset="0" BAnchorPoint="1" BAnchorOffset="0" RelativeToClient="1" Font="Default" Text="" Template="Default" TooltipType="OnCursor" Name="RadiusFrame" BGColor="ffffffff" TextColor="ffffffff" TooltipColor="" Sprite="CRB_Basekit:kitBase_HoloBlue_IconBase" Picture="1" IgnoreMouse="1" NewControlDepth="1"/>
            <Control Class="Window" LAnchorPoint="0" LAnchorOffset="0" TAnchorPoint="0" TAnchorOffset="0" RAnchorPoint="1" RAnchorOffset="0" BAnchorPoint="1" BAnchorOffset="0" RelativeToClient="1" Font="Default" Text="" Template="Default" TooltipType="OnCursor" Name="RadiusTooltipHack" BGColor="ffffffff" TextColor="ffffffff" TooltipColor="" IgnoreMouse="1" IgnoreTooltipDelay="1"/>
        </Control>
    </Form>
    <Form Class="Window" LAnchorPoint="0.5" LAnchorOffset="-14" TAnchorPoint="0.5" TAnchorOffset="-14" RAnchorPoint="0.5" RAnchorOffset="14" BAnchorPoint="0.5" BAnchorOffset="14" RelativeToClient="1" Font="Default" Text="" Template="Default" Name="GridMarker" Border="0" Picture="1" SwallowMouseClicks="1" Moveable="0" Escapable="0" Overlapped="0" BGColor="ffffffff" TextColor="ffffffff" Sprite="CRB_MinimapSprites:sprMM_TargetObjective" NewControlDepth="30" TooltipColor="" LeftEdgeControlsAnchor="" TopEdgeControlsAnchor="" IgnoreMouse="1" Tooltip="">
        <Control Class="Window" LAnchorPoint="0" LAnchorOffset="-235" TAnchorPoint="0" TAnchorOffset="-5" RAnchorPoint="1" RAnchorOffset="26" BAnchorPoint="1" BAnchorOffset="5" RelativeToClient="1" Font="Default" Text="" Template="Default" TooltipType="OnCursor" Name="GridMarkerRefreshAnimation" BGColor="ffffffff" TextColor="ffffffff" TooltipColor="" Sprite="sprQT_AlertArrow" Picture="1" IgnoreMouse="1" Tooltip="" NoClip="1" Visible="0"/>
    </Form>
    <Form Class="Window" LAnchorPoint="0.5" LAnchorOffset="-14" TAnchorPoint="0.5" TAnchorOffset="-14" RAnchorPoint="0.5" RAnchorOffset="14" BAnchorPoint="0.5" BAnchorOffset="14" RelativeToClient="1" Font="Default" Text="" Template="Default" Name="GridLastMarker" Picture="1" SwallowMouseClicks="1" BGColor="ffffffff" TextColor="ffffffff" Sprite="spr_TEMP_CraftingMissedTargetIcon" NewControlDepth="30" TooltipColor="">
        <Control Class="Window" LAnchorPoint="0" LAnchorOffset="-50" TAnchorPoint="0" TAnchorOffset="-50" RAnchorPoint="1" RAnchorOffset="50" BAnchorPoint="1" BAnchorOffset="50" RelativeToClient="1" Font="Default" Text="" Template="Default" TooltipType="OnCursor" Name="LastMarkerAnim" BGColor="ffffffff" TextColor="ffffffff" TooltipColor="" Sprite="sprMM_QuestZonePulse" Picture="1" IgnoreMouse="1" NoClip="1" Visible="1"/>
    </Form>
    <Form Class="Window" LAnchorPoint="0.5" LAnchorOffset="-17" TAnchorPoint="0.5" TAnchorOffset="-17" RAnchorPoint="0.5" RAnchorOffset="17" BAnchorPoint="0.5" BAnchorOffset="17" RelativeToClient="1" Font="Default" Text="" Template="Default" Name="GridAdditiveEstimate" BGColor="ffffffff" TextColor="ffffffff" IgnoreMouse="1" Overlapped="0" TooltipColor="" NewControlDepth="1">
        <Control Class="Window" LAnchorPoint="0.5" LAnchorOffset="-14" TAnchorPoint="0.5" TAnchorOffset="-14" RAnchorPoint="0.5" RAnchorOffset="14" BAnchorPoint="0.5" BAnchorOffset="14" RelativeToClient="1" Font="Default" Text="" Template="Default" TooltipType="OnCursor" Name="Pixie" BGColor="ffffffff" TextColor="ffffffff" TooltipColor="" Sprite="CRB_MinimapSprites:sprMM_TargetObjective" Picture="1" IgnoreMouse="1"/>
        <Control Class="Window" LAnchorPoint="0" LAnchorOffset="0" TAnchorPoint="0" TAnchorOffset="0" RAnchorPoint="1" RAnchorOffset="0" BAnchorPoint="1" BAnchorOffset="0" RelativeToClient="1" Font="Default" Text="" Template="Default" Name="GridAdditiveEstimateRadius" BGColor="66ffffff" TextColor="ffffffff" IgnoreMouse="1" NoClip="0" Picture="1" Sprite="ClientSprites:WhiteCircle" Overlapped="0" NeverBringToFront="0" TooltipColor="" NewControlDepth="1"/>
    </Form>
    <Form Class="Window" Font="Thick" LAnchorPoint="0" LAnchorOffset="0" TAnchorPoint="0" TAnchorOffset="0" RAnchorPoint="0" RAnchorOffset="34" BAnchorPoint="0" BAnchorOffset="34" DT_VCENTER="1" DT_CENTER="1" TooltipType="OnCursor" Name="GridMaterialsLockedItem" Picture="1" SwallowMouseClicks="1" Moveable="0" Escapable="0" Overlapped="1" BGColor="ffffffff" TextColor="ffffffff" TooltipColor="" NormalTextColor="ffffffff" PressedTextColor="ffffffff" FlybyTextColor="ffffffff" PressedFlybyTextColor="ffffffff" DisabledTextColor="ffffffff" RelativeToClient="1" IgnoreTooltipDelay="0" IgnoreMouse="1" TooltipFont="CRB_InterfaceSmall_O" Tooltip="">
        <Event Name="ButtonSignal" Function="OnMaterialsLockedItemBtn"/>
        <Control Class="Button" Base="CRB_Basekit:kitBtn_Holo" Font="Thick" ButtonType="PushButton" RadioGroup="" LAnchorPoint="0" LAnchorOffset="0" TAnchorPoint="0" TAnchorOffset="1" RAnchorPoint="0" RAnchorOffset="34" BAnchorPoint="0" BAnchorOffset="34" DT_VCENTER="1" DT_CENTER="1" Name="MaterialsLockedItemBtn" Border="0" Picture="1" SwallowMouseClicks="1" Moveable="0" Escapable="0" Overlapped="1" BGColor="ffffffff" TextColor="ffffffff" NormalTextColor="ffffffff" PressedTextColor="ffffffff" FlybyTextColor="ffffffff" PressedFlybyTextColor="ffffffff" DisabledTextColor="ffffffff" RelativeToClient="1" TooltipColor="" HideInEditor="0">
            <Event Name="ButtonSignal" Function="OnMaterialsLockedItemBtn"/>
        </Control>
        <Control Class="Window" LAnchorPoint="0" LAnchorOffset="6" TAnchorPoint="0" TAnchorOffset="6" RAnchorPoint="0" RAnchorOffset="36" BAnchorPoint="0" BAnchorOffset="36" RelativeToClient="1" Font="Default" Text="" Template="Default" Name="MaterialsLockedItemSprite" BGColor="ffffffff" TextColor="ffffffff" Sprite="CRB_Basekit:kitIcon_Holo_Lock" Picture="1" IgnoreMouse="1" NewControlDepth="1" TooltipColor="" IgnoreTooltipDelay="1" TooltipType="OnCursor"/>
        <Control Class="Window" LAnchorPoint="0" LAnchorOffset="0" TAnchorPoint="0" TAnchorOffset="0" RAnchorPoint="1" RAnchorOffset="0" BAnchorPoint="1" BAnchorOffset="0" RelativeToClient="1" Font="Default" Text="" Template="Default" TooltipType="OnCursor" Name="MaterialsLockedItemMouseCatcher" BGColor="ffffffff" TextColor="ffffffff" TooltipColor="" TooltipFont="CRB_InterfaceSmall_O" IgnoreMouse="1" IgnoreTooltipDelay="1">
            <Event Name="MouseEnter" Function="OnMaterialsIconMouseEnter"/>
            <Event Name="MouseExit" Function="OnMaterialsIconMouseExit"/>
        </Control>
    </Form>
    <Form Class="Button" LAnchorPoint="0" LAnchorOffset="0" TAnchorPoint="0" TAnchorOffset="0" RAnchorPoint="0" RAnchorOffset="40" BAnchorPoint="0" BAnchorOffset="40" RelativeToClient="1" Font="Default" Text="" Template="Default" Name="AdditiveItem" Border="0" Picture="1" SwallowMouseClicks="1" Moveable="0" Escapable="0" Overlapped="0" BGColor="ffffffff" TextColor="ffffffff" UseTemplateBG="0" NormalTextColor="ffffffff" PressedTextColor="ffffffff" FlybyTextColor="ffffffff" PressedFlybyTextColor="ffffffff" DisabledTextColor="ffffffff" Base="CRB_Basekit:kitBtn_Holo" TooltipType="OnCursor" TooltipColor="" TooltipFont="CRB_InterfaceSmall_O" Tooltip="">
        <Control Class="Window" LAnchorPoint="0" LAnchorOffset="5" TAnchorPoint="0" TAnchorOffset="5" RAnchorPoint="1" RAnchorOffset="-5" BAnchorPoint="1" BAnchorOffset="-5" RelativeToClient="1" Font="Default" Text="" Template="Default" Name="AdditiveIcon" BGColor="ffffffff" TextColor="ffffffff" Picture="1" IgnoreMouse="1" TooltipColor="" Sprite="ClientSprites:LootCloseBox" Tooltip=""/>
        <Event Name="ButtonSignal" Function="OnAdditiveClick"/>
        <Control Class="Window" LAnchorPoint="0" LAnchorOffset="0" TAnchorPoint="0" TAnchorOffset="0" RAnchorPoint="1" RAnchorOffset="0" BAnchorPoint="1" BAnchorOffset="0" RelativeToClient="1" Font="Default" Text="" Template="Default" TooltipType="OnCursor" Name="AdditiveMouseCatcher" BGColor="ffffffff" TextColor="ffffffff" TooltipColor="" Visible="1" HideInEditor="0">
            <Event Name="MouseEnter" Function="OnAdditiveMouseEnter"/>
            <Event Name="MouseExit" Function="OnAdditiveMouseExit"/>
        </Control>
        <Control Class="Window" LAnchorPoint="0" LAnchorOffset="4" TAnchorPoint="0" TAnchorOffset="4" RAnchorPoint="1" RAnchorOffset="-4" BAnchorPoint="1" BAnchorOffset="-4" RelativeToClient="1" Font="Default" Text="" Template="Default" TooltipType="OnCursor" Name="AdditiveRunnerForCatalyst" BGColor="ffffffff" TextColor="ffffffff" TooltipColor="" Picture="1" IgnoreMouse="1" Sprite="CRB_Anim_Outline:spr_Anim_OutlineStretch" Visible="0" HideInEditor="1"/>
    </Form>
    <Form Class="Button" Base="CRB_Basekit:kitBtn_Holo_Large" Font="Thick" ButtonType="Check" RadioGroup="" LAnchorPoint="0" LAnchorOffset="0" TAnchorPoint="0" TAnchorOffset="0" RAnchorPoint="0" RAnchorOffset="40" BAnchorPoint="0" BAnchorOffset="40" DT_VCENTER="1" DT_CENTER="1" TooltipType="OnCursor" Name="GlobalBoostItem" BGColor="ffffff33" TextColor="ffffffff" TooltipColor="" NormalTextColor="ffffffff" PressedTextColor="ffffffff" FlybyTextColor="ffffffff" PressedFlybyTextColor="ffffffff" DisabledTextColor="ffffffff" TooltipFont="CRB_InterfaceSmall_O" RelativeToClient="1" IgnoreMouse="0" Overlapped="1" GlobalRadioGroup="CraftingGrid_GlobalRadioGroup_GlobalBoostItem">
        <Control Class="Window" LAnchorPoint="0" LAnchorOffset="5" TAnchorPoint="0" TAnchorOffset="5" RAnchorPoint="1" RAnchorOffset="-5" BAnchorPoint="1" BAnchorOffset="-5" RelativeToClient="1" Font="CRB_InterfaceSmall_O" Text="" Template="Default" Name="ButtonIcon" BGColor="ffffffff" TextColor="ffffffff" Picture="1" IgnoreMouse="1" TooltipColor="" Sprite="ClientSprites:LootCloseBox" Tooltip="" DT_RIGHT="1" DT_BOTTOM="1" NeverBringToFront="1" NewControlDepth="1"/>
        <Event Name="ButtonCheck" Function="OnGlobalBoostItemToggle"/>
        <Event Name="ButtonUncheck" Function="OnGlobalBoostItemToggle"/>
    </Form>
    <Form Class="Window" LAnchorPoint="0" LAnchorOffset="0" TAnchorPoint="0" TAnchorOffset="0" RAnchorPoint="1" RAnchorOffset="0" BAnchorPoint="0" BAnchorOffset="40" RelativeToClient="1" Font="Default" Text="" Template="Default" TooltipType="OnCursor" Name="AdditiveHeader" Border="0" Picture="1" SwallowMouseClicks="1" Moveable="0" Escapable="0" Overlapped="1" BGColor="ffffffff" TextColor="ffffffff" TooltipColor="" IgnoreMouse="1" Sprite="" Tooltip="">
        <Control Class="Window" Base="CRB_Basekit:kitBtn_Holo_DatachronOption" Font="CRB_InterfaceMedium_B" ButtonType="PushButton" RadioGroup="" LAnchorPoint="0" LAnchorOffset="0" TAnchorPoint="0" TAnchorOffset="0" RAnchorPoint="1" RAnchorOffset="0" BAnchorPoint="0" BAnchorOffset="40" DT_VCENTER="1" DT_CENTER="1" TooltipType="OnCursor" Name="AdditiveHeaderBtn" BGColor="ffffffff" TextColor="UI_TextHoloBodyHighlight" TooltipColor="" NormalTextColor="UI_BtnTextBlueNormal" PressedTextColor="UI_BtnTextBluePressed" FlybyTextColor="UI_BtnTextBlueFlyby" PressedFlybyTextColor="UI_BtnTextBluePressedFlyby" DisabledTextColor="UI_BtnTextBlueDisabled" Text="" TextId="Challenges_NoProgress" RelativeToClient="1" IgnoreMouse="1" Picture="1" Sprite="CRB_Basekit:kitBase_HoloBlue_Tiny">
            <Event Name="ButtonSignal" Function="YourFunctionName"/>
        </Control>
        <Control Class="Window" LAnchorPoint="0" LAnchorOffset="0" TAnchorPoint="0" TAnchorOffset="40" RAnchorPoint="1" RAnchorOffset="0" BAnchorPoint="1" BAnchorOffset="0" RelativeToClient="1" Font="Default" Text="" Template="Default" TooltipType="OnCursor" Name="AdditiveHeaderItems" BGColor="ffffffff" TextColor="ffffffff" TooltipColor=""/>
    </Form>
    <Form Class="Window" LAnchorPoint="0" LAnchorOffset="0" TAnchorPoint="0" TAnchorOffset="0" RAnchorPoint="0" RAnchorOffset="32" BAnchorPoint="0" BAnchorOffset="32" RelativeToClient="1" Font="Default" Text="" Template="Default" TooltipType="OnCursor" Name="RawMaterialsItem" Border="0" Picture="1" SwallowMouseClicks="1" Moveable="0" Escapable="0" Overlapped="1" BGColor="ffffffff" TextColor="ffffffff" TooltipColor="" IgnoreMouse="1" Sprite="" TooltipFont="CRB_InterfaceSmall_O" Tooltip="">
        <Control Class="Window" LAnchorPoint="0" LAnchorOffset="1" TAnchorPoint="0" TAnchorOffset="1" RAnchorPoint="1" RAnchorOffset="-1" BAnchorPoint="1" BAnchorOffset="-1" RelativeToClient="1" Font="Default" Text="" Template="Default" TooltipType="OnCursor" Name="RawMaterialsBG" BGColor="ffffffff" TextColor="ffffffff" TooltipColor="" Sprite="CRB_Basekit:kitBase_HoloBlue_InsetSimple" Picture="1" IgnoreMouse="1" Tooltip=""/>
        <Control Class="Window" LAnchorPoint="0" LAnchorOffset="1" TAnchorPoint="0" TAnchorOffset="1" RAnchorPoint="1" RAnchorOffset="-1" BAnchorPoint="1" BAnchorOffset="-1" RelativeToClient="1" Font="Default" Text="" Template="Default" TooltipType="OnCursor" Name="RawMaterialsCurrentBG" BGColor="2x:ffffffff" TextColor="ffffffff" TooltipColor="" Sprite="CRB_Basekit:kitBase_HoloBlue_InsetBorder_Thin" Picture="1" IgnoreMouse="1" HideInEditor="0" Visible="0" NoClip="1"/>
        <Control Class="Window" LAnchorPoint="0" LAnchorOffset="3" TAnchorPoint="0" TAnchorOffset="3" RAnchorPoint="1" RAnchorOffset="-3" BAnchorPoint="1" BAnchorOffset="-3" RelativeToClient="1" Font="CRB_InterfaceSmall_O" Text="" Template="Default" TooltipType="DynamicFloater" Name="RawMaterialsIcon" BGColor="ffffffff" TextColor="ffffffff" TooltipColor="" Picture="1" IgnoreMouse="1" Sprite="" DT_RIGHT="1" DT_BOTTOM="1" NewControlDepth="1"/>
        <Control Class="Window" LAnchorPoint="0" LAnchorOffset="3" TAnchorPoint="0" TAnchorOffset="3" RAnchorPoint="1" RAnchorOffset="-3" BAnchorPoint="1" BAnchorOffset="-3" RelativeToClient="1" Font="Default" Text="" Template="Default" TooltipType="OnCursor" Name="RawMaterialsNotEnough" BGColor="9d660000" TextColor="ffffffff" TooltipColor="" Visible="0" Sprite="WhiteFill" Picture="1" IgnoreMouse="1" NewControlDepth="1" HideInEditor="1"/>
        <Control Class="Button" LAnchorPoint="0" LAnchorOffset="0" TAnchorPoint="0" TAnchorOffset="0" RAnchorPoint="1" RAnchorOffset="0" BAnchorPoint="1" BAnchorOffset="0" RelativeToClient="1" Font="Default" Text="" Template="Default" TooltipType="OnCursor" Name="RawMaterialsHelperBtn" BGColor="ffffffff" TextColor="ffffffff" TooltipColor="" NormalTextColor="ffffffff" PressedTextColor="ffffffff" FlybyTextColor="ffffffff" PressedFlybyTextColor="ffffffff" DisabledTextColor="ffffffff" Base="CRB_DEMO_WrapperSprites:btnDemo_CharInvisible" Visible="0" HideInEditor="0">
            <Event Name="ButtonSignal" Function="OnFlashAdditiveContainer"/>
        </Control>
    </Form>
    <Form Class="Window" LAnchorPoint="0" LAnchorOffset="-128" TAnchorPoint="0" TAnchorOffset="5" RAnchorPoint="0" RAnchorOffset="30" BAnchorPoint="0" BAnchorOffset="92" RelativeToClient="1" Font="Default" Text="" Template="Default" TooltipType="OnCursor" Name="Tutorial_SmallLeftArrow" BGColor="ffffffff" TextColor="ffffffff" TooltipColor="" Sprite="" Picture="1" IgnoreMouse="1" NoClip="1" Tooltip="">
        <Pixie LAnchorPoint="0" LAnchorOffset="0" TAnchorPoint="0" TAnchorOffset="58" RAnchorPoint="0" RAnchorOffset="107" BAnchorPoint="1" BAnchorOffset="0" BGColor="ffffffff" Font="Default" TextColor="ffffffff" Text="" Sprite="CRB_TutorialSprites:sprTut_BackerSmallLit" Line="0"/>
        <Pixie LAnchorPoint="0" LAnchorOffset="8" TAnchorPoint="0" TAnchorOffset="64" RAnchorPoint="0" RAnchorOffset="184" BAnchorPoint="0" BAnchorOffset="84" BGColor="ffffffff" Font="CRB_Interface9_O" TextColor="UI_TextHoloBodyHighlight" Text="Preview additives" TextId="" Line="0"/>
        <Pixie LAnchorPoint="1" LAnchorOffset="-75" TAnchorPoint="0" TAnchorOffset="0" RAnchorPoint="1" RAnchorOffset="0" BAnchorPoint="1" BAnchorOffset="0" BGColor="ffffffff" Font="Default" TextColor="ffffffff" Text="" Sprite="CRB_TutorialSprites:sprTut_ConnectorUR" Line="0"/>
    </Form>
</Forms>
