<?xml version="1.0" ?>
<Forms>
    <Form Class="Window" Name="SimpleTargetFrame" LAnchorPoint="0.5" LAnchorOffset="-120" TAnchorPoint="0.0" TAnchorOffset="13" RAnchorPoint="0.5" RAnchorOffset="120" BAnchorPoint="0.0" BAnchorOffset="79" Moveable="1" Border="1" Template="CRB_TooltipUpper" Picture="1" BGColor="white" TextColor="white" Overlapped="1" UseTemplateBG="1" HideInEditor="0" Visible="0" TooltipColor="" Tooltip="">
        <Control Class="Window" Name="TargetName" LAnchorPoint="0.0" LAnchorOffset="10" TAnchorPoint="0.0" TAnchorOffset="6" RAnchorPoint="1.0" RAnchorOffset="-10" BAnchorPoint="1.0" BAnchorOffset="0" NewControlDepth="1" NoClip="1" Font="CRB_HeaderMedium" DT_CENTER="1" DT_VCENTER="1" AutoScaleText="0" BGColor="white" TextColor="white" TextId="CRB_TargetName" TooltipColor="" Tooltip=""/>
        <Control Class="Window" LAnchorPoint="0" LAnchorOffset="-36" TAnchorPoint=".5" TAnchorOffset="-12" RAnchorPoint="0" RAnchorOffset="-12" BAnchorPoint=".5" BAnchorOffset="12" RelativeToClient="1" Font="Default" Text="" Template="Default" TooltipType="OnCursor" Name="TargetGoalPanel" BGColor="white" TextColor="white" TooltipColor="" Border="0" IgnoreMouse="1" TextId="" NoClip="1"/>
    </Form>
    <Form Class="Window" Name="ClusterTarget" LAnchorPoint="0.5" LAnchorOffset="-176" TAnchorPoint="1" TAnchorOffset="-254" RAnchorPoint="0.5" RAnchorOffset="224" BAnchorPoint="1" BAnchorOffset="-150" Moveable="1" BGColor="white" TextColor="white" Border="0" Overlapped="1" Template="CRB_Default" HideInEditor="0" IgnoreMouse="1" Visible="0" TransitionShowHide="0" TooltipColor="" Tooltip="" Text="" TextId="">
        <Event Name="MouseButtonDown" Function="OnMouseButtonDown"/>
        <Event Name="QueryDragDrop" Function="OnQueryDragDrop"/>
        <Event Name="DragDrop" Function="OnDragDrop"/>
        <Control Class="Window" LAnchorPoint="0" LAnchorOffset="0" TAnchorPoint="0" TAnchorOffset="0" RAnchorPoint="1" RAnchorOffset="0" BAnchorPoint="1" BAnchorOffset="0" RelativeToClient="1" Font="Default" Text="" Template="Default" Name="LargeFrame" BGColor="white" TextColor="white" HideInEditor="0" Visible="1" TooltipColor="" Tooltip="">
            <Control Class="Window" LAnchorPoint="0" LAnchorOffset="0" TAnchorPoint="0" TAnchorOffset="0" RAnchorPoint="1" RAnchorOffset="-47" BAnchorPoint="1" BAnchorOffset="0" RelativeToClient="1" Font="Default" Text="" Template="Default" Name="Backer" BGColor="white" TextColor="white" Picture="1" IgnoreMouse="1" Sprite="HUD_TargetFrame:spr_TargetFrame_FrameFriendly" NewControlDepth="1" TooltipColor="" HideInEditor="0" IgnoreTooltipDelay="1" Visible="1"/>
            <Control Class="Window" LAnchorPoint="0" LAnchorOffset="90" TAnchorPoint="0" TAnchorOffset="30" RAnchorPoint="1" RAnchorOffset="-65" BAnchorPoint="1" BAnchorOffset="-25" RelativeToClient="1" Font="Default" Text="" Template="Default" Name="LargeBarContainer" BGColor="white" TextColor="white" NewControlDepth="3" TooltipColor="" HideInEditor="0" Tooltip="">
                <Control Class="Window" Name="MaxHealth" ProgressFull="CRB_TargetFrameSprites:sprTF_HealthLong_Norm" NewControlDepth="1" BGColor="white" TextColor="white" LAnchorPoint="0" LAnchorOffset="0" TAnchorPoint="0" TAnchorOffset="0" RAnchorPoint="0" RAnchorOffset="173" BAnchorPoint="1" BAnchorOffset="0" EdgeGlow="0" HideInEditor="0" Tooltip="" TooltipId="" TooltipType="OnCursor" IgnoreMouse="1" Sprite="" TooltipColor="" BarColor="" Picture="1">
                    <Control Class="ProgressBar" Name="HealthCapacityTint" ProgressFull="HUD_TargetFrame:spr_TargetFrame_HealthFillGreen" NewControlDepth="1" BGColor="white" TextColor="white" LAnchorPoint="0" LAnchorOffset="0" TAnchorPoint="0" TAnchorOffset="0" RAnchorPoint="1" RAnchorOffset="0" BAnchorPoint="1" BAnchorOffset="0" EdgeGlow="0" HideInEditor="0" Tooltip="" TooltipId="" TooltipType="OnCursor" Text="" TextId="" Overlapped="1" IgnoreMouse="1" RelativeToClient="1" Sprite="" TooltipColor="" BarColor="" Visible="1" PolygonalClipping="1" x0="59" x1="-9" x2="122" x3="182" y0="-9" y1="58" y2="58" y3="-9" NoClip="0"/>
                </Control>
                <Control Class="Window" LAnchorPoint="0" LAnchorOffset="133" TAnchorPoint="0" TAnchorOffset="-2" RAnchorPoint="0" RAnchorOffset="208" BAnchorPoint="1" BAnchorOffset="0" RelativeToClient="1" Font="Default" Text="" Template="Default" TooltipType="OnCursor" Name="MaxShield" BGColor="UI_TextMetalBody" TextColor="white" TooltipColor="" Sprite="" Picture="1" IgnoreMouse="1" Visible="0" HideInEditor="0">
                    <Control Class="ProgressBar" Name="ShieldCapacityTint" ProgressFull="HUD_TargetFrame:spr_TargetFrame_ShieldFill" NewControlDepth="1" BGColor="white" TextColor="white" LAnchorPoint="0" LAnchorOffset="0" TAnchorPoint="0" TAnchorOffset="0" RAnchorPoint="1" RAnchorOffset="0" BAnchorPoint="1" BAnchorOffset="0" EdgeGlow="0" HideInEditor="0" Tooltip="" TooltipId="" TooltipType="OnCursor" Text="" TextId="" Overlapped="1" IgnoreMouse="1" RelativeToClient="1" Sprite="" TooltipColor="" BarColor="" Visible="1" PolygonalClipping="1" x0="44" x1="-5" x2="31" x3="80" y0="0" y1="51" y2="51" y3="0"/>
                </Control>
                <Control Class="Window" LAnchorPoint="0" LAnchorOffset="163" TAnchorPoint="0" TAnchorOffset="-2" RAnchorPoint="0" RAnchorOffset="238" BAnchorPoint="1" BAnchorOffset="0" RelativeToClient="1" Font="Default" Text="" Template="Default" TooltipType="OnCursor" Name="MaxAbsorb" BGColor="UI_TextMetalBody" TextColor="white" TooltipColor="" Sprite="" Picture="1" IgnoreMouse="1" Visible="0" HideInEditor="0">
                    <Control Class="ProgressBar" Name="AbsorbCapacityTint" ProgressFull="HUD_TargetFrame:spr_TargetFrame_TempShieldFill" NewControlDepth="1" BGColor="white" TextColor="white" LAnchorPoint="0" LAnchorOffset="0" TAnchorPoint="0" TAnchorOffset="0" RAnchorPoint="1" RAnchorOffset="0" BAnchorPoint="1" BAnchorOffset="0" EdgeGlow="0" HideInEditor="0" Tooltip="" TooltipId="" TooltipType="OnCursor" Text="" TextId="" Overlapped="1" IgnoreMouse="1" RelativeToClient="1" Sprite="" TooltipColor="" BarColor="" Visible="1" PolygonalClipping="1" x0="44" x1="-5" x2="31" x3="80" y0="0" y1="51" y2="51" y3="0"/>
                </Control>
                <Control Class="Window" LAnchorPoint="0" LAnchorOffset="132" TAnchorPoint="0" TAnchorOffset="5" RAnchorPoint="0" RAnchorOffset="191" BAnchorPoint="0" BAnchorOffset="41" RelativeToClient="1" Font="Default" Text="" BGColor="UI_WindowBGDefault" TextColor="UI_WindowTextDefault" Template="Default" TooltipType="OnCursor" Name="HealthSplit" TooltipColor="" Tooltip="" Sprite="HUD_TargetFrame:spr_TargetFrame_HealthSplitFriendly" Picture="1" IgnoreMouse="1" NewWindowDepth="0"/>
                <Control Class="Window" Name="HealthText" Font="CRB_Pixel_O" RelativeToClient="1" Picture="0" BGColor="white" TextColor="white" TAnchorOffset="0" BAnchorOffset="0" NoClip="1" LAnchorPoint="0" LAnchorOffset="36" TAnchorPoint="0" RAnchorPoint="0" RAnchorOffset="211" BAnchorPoint="1" DT_VCENTER="1" DT_BOTTOM="0" TextId="" Tooltip="" TooltipId="" TooltipColor="" Text="" NewControlDepth="2" DT_CENTER="0" TooltipType="OnCursor" TooltipFont="CRB_Interface10"/>
            </Control>
            <Control Class="Window" Name="TargetName" DT_RIGHT="0" DT_VCENTER="1" AutoScaleText="1" Font="CRB_Interface9_BBO" RelativeToClient="1" Picture="0" NewControlDepth="1" SetFont="18" NoClip="1" BGColor="white" TextColor="white" LAnchorPoint="0" LAnchorOffset="138" TAnchorPoint="0" TAnchorOffset="4" RAnchorPoint="0" RAnchorOffset="367" BAnchorPoint="0" BAnchorOffset="24" TextId="CRB_TargetName" HideInEditor="0" Text="" TooltipColor="" Tooltip=""/>
            <Control Class="Window" LAnchorPoint="0" LAnchorOffset="65" TAnchorPoint="0" TAnchorOffset="56" RAnchorPoint="0" RAnchorOffset="101" BAnchorPoint="0" BAnchorOffset="92" RelativeToClient="1" Font="CRB_InterfaceMedium" Sprite="" Text="" Template="Default" Name="TargetClassIcon" BGColor="white" TextColor="white" Picture="1" Tooltip="" TooltipId="" TooltipType="OnCursor" NewControlDepth="3" TooltipColor="" HideInEditor="0" IgnoreMouse="1" NewWindowDepth="1"/>
            <Control Class="CostumeWindow" Name="TargetModel" Mask="ui\Textures\Alphas\UI_CRB_TargetFramePrimary_TEMP.tga" NeverBringToFront="1" Camera="Target" Animated="1" NoClip="0" BGColor="white" TextColor="white" LAnchorPoint="0" LAnchorOffset="21" TAnchorPoint="0" TAnchorOffset="22" RAnchorPoint="0" RAnchorOffset="85" BAnchorPoint="0" BAnchorOffset="86" Overlay="" Border="0" HideInEditor="0" Picture="0" Sprite="" NewControlDepth="3" ProgressFull="CRB_TargetFrameSprites:sprTF_MaskLarge" IgnoreMouse="1" TooltipColor="" TooltipType="OnCursor" IgnoreTooltipDelay="1" Tooltip="">
                <Event Name="MouseButtonDown" Function="OnMouseButtonDown"/>
            </Control>
            <Control Class="Window" LAnchorPoint="0" LAnchorOffset="21" TAnchorPoint="0" TAnchorOffset="22" RAnchorPoint="0" RAnchorOffset="85" BAnchorPoint="0" BAnchorOffset="86" RelativeToClient="1" Font="Default" Text="" Template="Default" TooltipType="OnCursor" Name="Window" BGColor="white" TextColor="white" TooltipColor="" Picture="1" IgnoreMouse="1" Sprite="HUD_TargetFrame:spr_TargetFrame_PortraitCover"/>
            <Control Class="Window" LAnchorPoint="0" LAnchorOffset="5" TAnchorPoint=".5" TAnchorOffset="-15" RAnchorPoint="0" RAnchorOffset="29" BAnchorPoint=".5" BAnchorOffset="9" RelativeToClient="1" Font="Default" Text="" Template="Default" TooltipType="OnCursor" Name="TargetGoalPanel" BGColor="white" TextColor="white" TooltipColor="" Border="0" IgnoreMouse="1" TextId="" NoClip="1"/>
            <Control Class="Window" LAnchorPoint="0" LAnchorOffset="36" TAnchorPoint="0" TAnchorOffset="-2" RAnchorPoint="0" RAnchorOffset="68" BAnchorPoint="0" BAnchorOffset="30" RelativeToClient="1" Font="Default" Text="" Template="Default" TooltipType="OnCursor" Name="RaidMarker" BGColor="white" TextColor="white" TooltipColor="" Picture="1" IgnoreMouse="1" Sprite="ClientSprites:Icon_Windows_UI_CRB_Marker_Bomb" NoClip="1" Tooltip="" NewControlDepth="1" NewWindowDepth="1"/>
            <Control Class="Window" Name="TargetScalingMark" Text="" DT_CENTER="1" DT_VCENTER="1" Font="CRB_InterfaceMedium_B" RelativeToClient="1" Picture="1" NewControlDepth="3" BGColor="white" TextColor="UI_TextMetalGoldHighlight" LAnchorPoint="0" LAnchorOffset="87" TAnchorPoint="0" TAnchorOffset="14" RAnchorPoint="0" RAnchorOffset="109" BAnchorPoint="0" BAnchorOffset="32" HideInEditor="0" TextId="" Tooltip="" TooltipId="CRB_TargetFrame_TargetLevel" TooltipType="OnCursor" TooltipColor="" DT_RIGHT="0" IgnoreMouse="1" IgnoreTooltipDelay="1" Sprite="CRB_TargetFrameSprites:sprTF_ScalingMark" Visible="0"/>
            <Control Class="Window" Name="TargetLevel" Text="44" DT_CENTER="1" DT_VCENTER="1" Font="CRB_Header12_O" RelativeToClient="1" Picture="0" NewControlDepth="3" BGColor="white" TextColor="white" LAnchorPoint="0" LAnchorOffset="82" TAnchorPoint="0" TAnchorOffset="4" RAnchorPoint="0" RAnchorOffset="124" BAnchorPoint="0" BAnchorOffset="46" HideInEditor="0" TextId="" Tooltip="" TooltipId="CRB_TargetFrame_TargetLevel" TooltipType="OnCursor" TooltipColor="" DT_RIGHT="0" IgnoreMouse="1" IgnoreTooltipDelay="1"/>
            <Control Class="Window" LAnchorPoint="0" LAnchorOffset="88" TAnchorPoint="0" TAnchorOffset="71" RAnchorPoint="0" RAnchorOffset="272" BAnchorPoint="0" BAnchorOffset="103" RelativeToClient="1" Font="CRB_InterfaceMedium" Sprite="" Text="" Template="Default" Name="CastingFrame" BGColor="white" TextColor="white" Picture="0" HideInEditor="0" IgnoreMouse="1" NewControlDepth="4" NoClip="1" Tooltip="" TooltipId="CRB_TargetFrame_CastBar" TooltipType="OnCursor" TooltipColor="" LeftEdgeControlsAnchor="TargetFrame_CastBarLeft" BottomEdgeControlsAnchor="TargetFrame_CastBarBottom">
                <Control Class="Window" LAnchorPoint="0" LAnchorOffset="0" TAnchorPoint="0" TAnchorOffset="0" RAnchorPoint="0" RAnchorOffset="147" BAnchorPoint="0" BAnchorOffset="20" RelativeToClient="1" Font="Default" Text="" Template="Default" Name="CastingBase" BGColor="white" TextColor="white" Picture="1" IgnoreMouse="1" Sprite="HUD_TargetFrame:spr_TargetFrame_CastBarFriendly" TooltipColor="" HideInEditor="0"/>
                <Control Class="ProgressBar" Text="" LAnchorPoint="0" LAnchorOffset="0" TAnchorPoint="0" TAnchorOffset="0" RAnchorPoint="0" RAnchorOffset="147" BAnchorPoint="0" BAnchorOffset="20" AutoSetText="0" UseValues="0" RelativeToClient="1" SetTextToProgress="0" DT_CENTER="1" DT_VCENTER="1" ProgressFull="HUD_TargetFrame:spr_TargetFrame_CastFill" Name="CastingBar" BGColor="white" TextColor="white" NoClip="1" EdgeGlow="1" ProgressEdgeGlow="" IgnoreMouse="1" TooltipColor="" BarColor=""/>
                <Control Class="Window" LAnchorPoint="0" LAnchorOffset="7" TAnchorPoint="1" TAnchorOffset="-17" RAnchorPoint="1" RAnchorOffset="-7" BAnchorPoint="1" BAnchorOffset="15" RelativeToClient="1" Font="CRB_InterfaceSmall_O" Sprite="WhiteFill" Text="" Template="Default" Name="CastingName" BGColor="white" TextColor="white" IgnoreMouse="1" NoClip="1" TextId="CRB__2" DT_VCENTER="0" TooltipColor="" DT_WORDBREAK="1"/>
                <Control Class="Window" LAnchorPoint="0" LAnchorOffset="144" TAnchorPoint="0" TAnchorOffset="-2" RAnchorPoint="0" RAnchorOffset="169" BAnchorPoint="0" BAnchorOffset="23" RelativeToClient="1" Font="Default" Text="" Template="Default" Name="CastingIcon" BGColor="white" TextColor="white" Picture="1" IgnoreMouse="1" Sprite="CRB_TargetFrameSprites:sprTF_CastIconInterrupt" NoClip="1" HideInEditor="0" TooltipColor=""/>
            </Control>
            <Control Name="BeneBuffBar" Class="BuffContainerWindow" LAnchorPoint="0" LAnchorOffset="138" TAnchorPoint="0" TAnchorOffset="-28" RAnchorPoint="0" RAnchorOffset="388" BAnchorPoint="0" BAnchorOffset="2" Picture="0" Border="0" NoClip="1" BGColor="white" TextColor="white" Sprite="WhiteFill" HideInEditor="0" IgnoreMouse="1" TooltipColor="" AutoAddBuffs="1" BeneficialBuffs="1" IgnoreTooltipDelay="1" TooltipType="OnCursor">
                <Event Name="GenerateTooltip" Function="OnGenerateBuffTooltip"/>
            </Control>
            <Control Name="HarmBuffBar" Class="BuffContainerWindow" LAnchorPoint="0" LAnchorOffset="138" TAnchorPoint="0" TAnchorOffset="-62" RAnchorPoint="0" RAnchorOffset="388" BAnchorPoint="0" BAnchorOffset="-32" Picture="1" Border="0" NoClip="1" BGColor="white" TextColor="white" Sprite="" HideInEditor="0" IgnoreMouse="1" TooltipColor="" AutoAddBuffs="1" HarmfulBuffs="1" IgnoreTooltipDelay="1" TooltipType="OnCursor">
                <Event Name="GenerateTooltip" Function="OnGenerateBuffTooltip"/>
            </Control>
            <Control Class="Window" LAnchorPoint="1" LAnchorOffset="-69" TAnchorPoint="0" TAnchorOffset="38" RAnchorPoint="1" RAnchorOffset="-34" BAnchorPoint="0" BAnchorOffset="73" RelativeToClient="1" Font="Default" Text="" Template="Default" TooltipType="OnCursor" Name="CCArmorContainer" BGColor="white" TextColor="white" TooltipColor="" Tooltip="" TooltipId="TargetFrame_InterruptArmorDesc" IgnoreMouse="1" NoClip="1">
                <Control Class="Window" LAnchorPoint="0" LAnchorOffset="4" TAnchorPoint="0" TAnchorOffset="4" RAnchorPoint="1" RAnchorOffset="-4" BAnchorPoint="1" BAnchorOffset="-4" RelativeToClient="1" Font="Default" Text="" Template="Default" TooltipType="OnCursor" Name="CCArmorBacker" BGColor="UI_AlphaPercent45" TextColor="white" TooltipColor="" Picture="1" IgnoreMouse="1" Sprite="WhiteCircle"/>
                <Control Class="Window" LAnchorPoint="0" LAnchorOffset="0" TAnchorPoint="0" TAnchorOffset="0" RAnchorPoint="1" RAnchorOffset="0" BAnchorPoint="1" BAnchorOffset="0" RelativeToClient="1" Font="Default" Text="" Template="Default" TooltipType="OnCursor" Name="CCArmorSprite" BGColor="white" TextColor="white" TooltipColor="" Picture="1" IgnoreMouse="1" Sprite="" NewControlDepth="2"/>
                <Control Class="Window" LAnchorPoint="0" LAnchorOffset="0" TAnchorPoint="0" TAnchorOffset="0" RAnchorPoint="1" RAnchorOffset="0" BAnchorPoint="1" BAnchorOffset="-1" RelativeToClient="1" Font="CRB_InterfaceSmall" Text="" Template="Default" TooltipType="OnCursor" Name="CCArmorValue" BGColor="white" TextColor="UI_TextHoloBodyHighlight" TooltipColor="" DT_VCENTER="1" DT_CENTER="1" TextId="" NewControlDepth="3"/>
                <Control Class="Window" LAnchorPoint="0" LAnchorOffset="0" TAnchorPoint="0" TAnchorOffset="0" RAnchorPoint="1" RAnchorOffset="0" BAnchorPoint="1" BAnchorOffset="0" RelativeToClient="1" Font="Default" Text="" Template="Default" TooltipType="OnCursor" Name="CCArmorFlash" BGColor="white" TextColor="white" TooltipColor="" Picture="1" IgnoreMouse="1" Sprite="CRB_ActionBarSprites:sprAb_IntArm_Flash" NewControlDepth="4"/>
            </Control>
            <Control Class="Window" LAnchorPoint="0" LAnchorOffset="6" TAnchorPoint="0" TAnchorOffset="61" RAnchorPoint="0" RAnchorOffset="31" BAnchorPoint="0" BAnchorOffset="86" RelativeToClient="1" Font="CRB_Pixel_O" Text="40" Template="Default" TooltipType="OnCursor" Name="GroupSizeMark" BGColor="white" TextColor="UI_TextHoloBodyHighlight" TooltipColor="" Picture="1" IgnoreMouse="1" NewControlDepth="10" Sprite="CRB_TargetFrameSprites:sprTF_GroupRank_Base" TextId="" DT_VCENTER="1" DT_CENTER="1" Visible="0" IgnoreTooltipDelay="1" Tooltip="" NoClip="0"/>
            <Control Class="Window" LAnchorPoint="0" LAnchorOffset="8" TAnchorPoint="0" TAnchorOffset="129" RAnchorPoint="0" RAnchorOffset="33" BAnchorPoint="0" BAnchorOffset="154" RelativeToClient="1" Font="CRB_InterfaceMedium_B" Text="" Template="Default" TooltipType="OnCursor" Name="FriendMark" BGColor="white" TextColor="UI_TextHoloBodyHighlight" TooltipColor="" Picture="0" IgnoreMouse="1" NewControlDepth="10" Sprite="" TextId="" DT_VCENTER="1" DT_CENTER="1" Visible="0" IgnoreTooltipDelay="1" Tooltip="">
                <Control Class="Window" LAnchorPoint="0" LAnchorOffset="2" TAnchorPoint="0" TAnchorOffset="2" RAnchorPoint="1" RAnchorOffset="-2" BAnchorPoint="1" BAnchorOffset="-2" RelativeToClient="1" Font="Default" Text="" Template="Default" TooltipType="OnCursor" Name="FriendMarkIcon" BGColor="white" TextColor="white" TooltipColor="" Sprite="ClientSprites:Icon_Windows_UI_CRB_Rival" Picture="1" IgnoreMouse="1" Tooltip="" HideInEditor="0"/>
                <Pixie LAnchorPoint="0" LAnchorOffset="0" TAnchorPoint="0" TAnchorOffset="0" RAnchorPoint="1" RAnchorOffset="0" BAnchorPoint="1" BAnchorOffset="0" BGColor="white" Font="Default" TextColor="white" Text="" Sprite="CRB_TargetFrameSprites:sprTF_GroupRank_Base" Line="0"/>
            </Control>
            <Control Class="Window" LAnchorPoint="0" LAnchorOffset="0" TAnchorPoint="1" TAnchorOffset="0" RAnchorPoint="1" RAnchorOffset="0" BAnchorPoint="1" BAnchorOffset="62" RelativeToClient="1" Font="Default" Text="" BGColor="UI_WindowBGDefault" TextColor="UI_WindowTextDefault" Template="Default" TooltipType="OnCursor" Name="Clusters" TooltipColor="" IgnoreMouse="1" NoClip="1"/>
            <Control Class="Window" LAnchorPoint="0" LAnchorOffset="20" TAnchorPoint="0" TAnchorOffset="22" RAnchorPoint="0" RAnchorOffset="84" BAnchorPoint="0" BAnchorOffset="86" RelativeToClient="1" Font="Default" Text="" BGColor="UI_WindowBGDefault" TextColor="UI_WindowTextDefault" Template="Default" TooltipType="OnCursor" Name="PetContainer" TooltipColor="">
                <Control Class="ActionBarButton" Name="PetContainerDespawnBtn" ContentType="SBar" ContentId="36" Base="CRB_Basekit:kitBtn_Holo_CloseNormal" RelativeToClient="1" IfHoldNoSignal="1" DT_VCENTER="1" DT_CENTER="1" LAnchorPoint="0" LAnchorOffset="0" TAnchorPoint="0" TAnchorOffset="0" RAnchorPoint="0" RAnchorOffset="22" BAnchorPoint="0" BAnchorOffset="22" NeverBringToFront="0" Picture="1" WindowSoundTemplate="ActionBarButton" BGColor="ffffffff" TextColor="ffffffff" IgnoreMouse="0" TooltipType="OnCursor" IgnoreTooltipDelay="1" TooltipColor="" TooltipFont="CRB_InterfaceSmall_O" Sprite="" UseBaseButtonArt="1" Tooltip="" NewControlDepth="2" Visible="0">
                    <Event Name="GenerateTooltip" Function="OnGeneratePetCommandTooltip"/>
                </Control>
                <Event Name="MouseEnter" Function="OnMouseEnter"/>
                <Event Name="MouseExit" Function="OnMouseExit"/>
            </Control>
        </Control>
        <Control Class="Window" Name="TotFrame" LAnchorPoint="0" LAnchorOffset="-14" TAnchorPoint="0" TAnchorOffset="-14" RAnchorPoint="0" RAnchorOffset="43" BAnchorPoint="0" BAnchorOffset="43" Moveable="0" BGColor="white" TextColor="white" Border="0" Overlapped="1" Template="CRB_Default" Visible="0" TooltipColor="" IgnoreMouse="1" NoClip="1" Tooltip="" NewWindowDepth="1" HideInEditor="0">
            <Control Class="Window" LAnchorPoint="0" LAnchorOffset="0" TAnchorPoint="0" TAnchorOffset="0" RAnchorPoint="1" RAnchorOffset="0" BAnchorPoint="1" BAnchorOffset="0" RelativeToClient="1" Font="Default" Text="" Template="Default" Name="Backer" BGColor="white" TextColor="white" Picture="1" IgnoreMouse="1" NoClip="1" Sprite="HUD_TargetFrame:spr_TargetFrame_ToTFriendly" HideInEditor="0" TooltipColor=""/>
            <Control Class="CostumeWindow" Name="TargetModel" Mask="ui\Textures\Alphas\UI_CRB_TargetFrameSecondary_TEMP.tga" NeverBringToFront="1" Camera="Target" Animated="1" NoClip="0" BGColor="white" TextColor="white" LAnchorPoint="0" LAnchorOffset="10" TAnchorPoint="0" TAnchorOffset="10" RAnchorPoint="0" RAnchorOffset="46" BAnchorPoint="0" BAnchorOffset="46" Overlay="" Border="0" Picture="0" TooltipColor="" TooltipType="OnCursor" IgnoreTooltipDelay="1"/>
            <Control Class="ProgressBar" Name="HealthTint" ProgressFull="CRB_TargetFrameSprites:sprTF_HealthFill_GreenRoundStretch" NewControlDepth="1" PolygonalClipping="0" x0="6" x1="0" x2="139" x3="145" y0="0" y1="10" y2="10" y3="0" BGColor="white" TextColor="white" LAnchorPoint="0" LAnchorOffset="0" TAnchorPoint="0" TAnchorOffset="0" RAnchorPoint="0" RAnchorOffset="-49" BAnchorPoint="0" BAnchorOffset="-42" EdgeGlow="0" VerticallyAligned="0" BRtoLT="0" RadialBar="1" Clockwise="1" RadialMin="230.000000" RadialMax="310.000000" ProgressEmpty="" TooltipColor="" BarColor="" Sprite="">
                <Control Class="Window" Name="HealthText" Font="CRB_InterfaceMedium" RelativeToClient="1" Picture="0" BGColor="white" TextColor="white" TAnchorOffset="70" BAnchorOffset="85" NoClip="0" LAnchorPoint="0.00000" LAnchorOffset="-2" TAnchorPoint="0.00000" RAnchorPoint="0.00000" RAnchorOffset="145" BAnchorPoint="0.00000" TextId="CRB_Health" Visible="0" TooltipColor=""/>
            </Control>
            <Control Class="ProgressBar" Name="ShieldCapacityTint" ProgressFull="CRB_TargetFrameSprites:sprTF_HealthFill_ShieldRoundStretch" NewControlDepth="1" PolygonalClipping="0" x0="6" x1="0" x2="139" x3="145" y0="0" y1="10" y2="10" y3="0" BGColor="white" TextColor="white" LAnchorPoint="0" LAnchorOffset="0" TAnchorPoint="0" TAnchorOffset="0" RAnchorPoint="0" RAnchorOffset="-49" BAnchorPoint="0" BAnchorOffset="-42" EdgeGlow="0" VerticallyAligned="0" BRtoLT="0" RadialBar="1" Clockwise="1" RadialMin="230.000000" RadialMax="310.000000" TooltipColor="" BarColor="" Text="" Visible="0"/>
            <Control Class="Window" LAnchorPoint="0" LAnchorOffset="-4" TAnchorPoint="0" TAnchorOffset="58" RAnchorPoint="1" RAnchorOffset="-4" BAnchorPoint="1" BAnchorOffset="17" RelativeToClient="1" Font="CRB_InterfaceMedium" Sprite="TargetFrameSprites:sprSecondCastBack" Text="" Template="Default" Name="CastingFrame" BGColor="white" TextColor="white" Picture="0" IgnoreMouse="1" TooltipColor="">
                <Control Class="Window" LAnchorPoint="0" LAnchorOffset="21" TAnchorPoint="0" TAnchorOffset="4" RAnchorPoint="0" RAnchorOffset="46" BAnchorPoint="0" BAnchorOffset="29" RelativeToClient="1" Font="Default" Text="" Template="Default" Name="CastingIcon" BGColor="white" TextColor="white" Picture="1" IgnoreMouse="1" Sprite="" NoClip="1" TooltipColor=""/>
            </Control>
            <Event Name="MouseButtonDown" Function="OnMouseButtonDown"/>
            <Control Class="Window" LAnchorPoint="0" LAnchorOffset="-40" TAnchorPoint="0" TAnchorOffset="-27" RAnchorPoint="0" RAnchorOffset="-18" BAnchorPoint="0" BAnchorOffset="-5" RelativeToClient="1" Font="CRB_InterfaceMedium" Sprite="" Text="" Template="Default" Name="TargetClassIcon" BGColor="white" TextColor="white" Picture="1" TooltipColor=""/>
            <Control Class="Window" LAnchorPoint="0" LAnchorOffset="0" TAnchorPoint="0" TAnchorOffset="0" RAnchorPoint="1" RAnchorOffset="0" BAnchorPoint="1" BAnchorOffset="0" RelativeToClient="1" Font="Default" Text="" Template="Default" TooltipType="OnCursor" Name="DispositionFrame" BGColor="white" TextColor="white" TooltipColor="white" Tooltip="" TooltipId="TargetFrame_HostileTooltip" TooltipFont="CRB_InterfaceMedium" Sprite="" Picture="1" IgnoreMouse="1" NoClip="1"/>
        </Control>
    </Form>
    <Form Class="Window" Name="ClusterTargetFlipped" LAnchorPoint="0.5" LAnchorOffset="-176" TAnchorPoint="1" TAnchorOffset="-254" RAnchorPoint="0.5" RAnchorOffset="224" BAnchorPoint="1" BAnchorOffset="-150" Moveable="1" BGColor="white" TextColor="white" Border="0" Overlapped="1" Template="CRB_Default" HideInEditor="0" IgnoreMouse="1" Visible="0" TransitionShowHide="0" TooltipColor="" Tooltip="" Text="" TextId="">
        <Event Name="MouseButtonDown" Function="OnMouseButtonDown"/>
        <Event Name="QueryDragDrop" Function="OnQueryDragDrop"/>
        <Event Name="DragDrop" Function="OnDragDrop"/>
        <Control Class="Window" LAnchorPoint="0" LAnchorOffset="0" TAnchorPoint="0" TAnchorOffset="0" RAnchorPoint="1" RAnchorOffset="0" BAnchorPoint="1" BAnchorOffset="0" RelativeToClient="1" Font="Default" Text="" Template="Default" Name="LargeFrame" BGColor="white" TextColor="white" HideInEditor="0" Visible="1" TooltipColor="" Tooltip="">
            <Control Class="Window" LAnchorPoint="0" LAnchorOffset="47" TAnchorPoint="0" TAnchorOffset="0" RAnchorPoint="1" RAnchorOffset="0" BAnchorPoint="1" BAnchorOffset="0" RelativeToClient="1" Font="Default" Text="" Template="Default" Name="Backer" BGColor="white" TextColor="white" Picture="1" IgnoreMouse="1" Sprite="HUD_TargetFrame:spr_TargetFrame_FrameFriendlyFlipped" NewControlDepth="1" TooltipColor="" HideInEditor="0" IgnoreTooltipDelay="1" Visible="1"/>
            <Control Class="Window" LAnchorPoint="0" LAnchorOffset="73" TAnchorPoint="0" TAnchorOffset="30" RAnchorPoint="1" RAnchorOffset="-82" BAnchorPoint="1" BAnchorOffset="-25" RelativeToClient="1" Font="Default" Text="" Template="Default" Name="LargeBarContainer" BGColor="white" TextColor="white" NewControlDepth="3" TooltipColor="" HideInEditor="0" Tooltip="">
                <Control Class="Window" Name="MaxHealth" ProgressFull="CRB_TargetFrameSprites:sprTF_HealthLong_Norm" NewControlDepth="1" PolygonalClipping="0" x0="6" x1="0" x2="139" x3="145" y0="0" y1="10" y2="10" y3="0" BGColor="white" TextColor="white" LAnchorPoint="0" LAnchorOffset="0" TAnchorPoint="0" TAnchorOffset="0" RAnchorPoint="0" RAnchorOffset="173" BAnchorPoint="1" BAnchorOffset="0" EdgeGlow="0" HideInEditor="0" Tooltip="" TooltipId="" TooltipType="OnCursor" IgnoreMouse="1" Sprite="" TooltipColor="" BarColor="" Picture="1">
                    <Control Class="ProgressBar" Name="HealthCapacityTint" ProgressFull="HUD_TargetFrame:spr_TargetFrame_HealthFillGreenFlipped" NewControlDepth="1" BGColor="white" TextColor="white" LAnchorPoint="0" LAnchorOffset="0" TAnchorPoint="0" TAnchorOffset="0" RAnchorPoint="1" RAnchorOffset="0" BAnchorPoint="1" BAnchorOffset="0" EdgeGlow="0" HideInEditor="0" Tooltip="" TooltipId="" TooltipType="OnCursor" Text="" TextId="" Overlapped="1" IgnoreMouse="1" RelativeToClient="1" Sprite="" TooltipColor="" BarColor="" Visible="1" PolygonalClipping="1" x0="-9" x1="59" x2="182" x3="122" y0="-9" y1="58" y2="58" y3="-9" NoClip="0" BRtoLT="0"/>
                </Control>
                <Control Class="Window" LAnchorPoint="0" LAnchorOffset="133" TAnchorPoint="0" TAnchorOffset="-2" RAnchorPoint="0" RAnchorOffset="208" BAnchorPoint="1" BAnchorOffset="0" RelativeToClient="1" Font="Default" Text="" Template="Default" TooltipType="OnCursor" Name="MaxShield" BGColor="UI_TextMetalBody" TextColor="white" TooltipColor="" Sprite="" Picture="1" IgnoreMouse="1" Visible="0" HideInEditor="0">
                    <Control Class="ProgressBar" Name="ShieldCapacityTint" ProgressFull="HUD_TargetFrame:spr_TargetFrame_ShieldFillFlipped" NewControlDepth="1" BGColor="white" TextColor="white" LAnchorPoint="0" LAnchorOffset="0" TAnchorPoint="0" TAnchorOffset="0" RAnchorPoint="1" RAnchorOffset="0" BAnchorPoint="1" BAnchorOffset="0" EdgeGlow="0" HideInEditor="0" Tooltip="" TooltipId="" TooltipType="OnCursor" Text="" TextId="" Overlapped="1" IgnoreMouse="1" RelativeToClient="1" Sprite="" TooltipColor="" BarColor="" Visible="1" PolygonalClipping="1" x0="-5" x1="44" x2="80" x3="31" y0="0" y1="51" y2="51" y3="0"/>
                </Control>
                <Control Class="Window" LAnchorPoint="0" LAnchorOffset="163" TAnchorPoint="0" TAnchorOffset="-2" RAnchorPoint="0" RAnchorOffset="238" BAnchorPoint="1" BAnchorOffset="0" RelativeToClient="1" Font="Default" Text="" Template="Default" TooltipType="OnCursor" Name="MaxAbsorb" BGColor="UI_TextMetalBody" TextColor="white" TooltipColor="" Sprite="" Picture="1" IgnoreMouse="1" Visible="0" HideInEditor="0">
                    <Control Class="ProgressBar" Name="AbsorbCapacityTint" ProgressFull="HUD_TargetFrame:spr_TargetFrame_TempShieldFillFlipped" NewControlDepth="1" BGColor="white" TextColor="white" LAnchorPoint="0" LAnchorOffset="0" TAnchorPoint="0" TAnchorOffset="0" RAnchorPoint="1" RAnchorOffset="0" BAnchorPoint="1" BAnchorOffset="0" EdgeGlow="0" HideInEditor="0" Tooltip="" TooltipId="" TooltipType="OnCursor" Text="" TextId="" Overlapped="1" IgnoreMouse="1" RelativeToClient="1" Sprite="" TooltipColor="" BarColor="" Visible="1" PolygonalClipping="1" x0="-5" x1="44" x2="80" x3="31" y0="0" y1="51" y2="51" y3="0"/>
                </Control>
                <Control Class="Window" LAnchorPoint="0" LAnchorOffset="118" TAnchorPoint="0" TAnchorOffset="5" RAnchorPoint="0" RAnchorOffset="177" BAnchorPoint="0" BAnchorOffset="41" RelativeToClient="1" Font="Default" Text="" BGColor="UI_WindowBGDefault" TextColor="UI_WindowTextDefault" Template="Default" TooltipType="OnCursor" Name="HealthSplit" TooltipColor="" Tooltip="" Sprite="HUD_TargetFrame:spr_TargetFrame_HealthSplitFriendlyFlipped" Picture="1" IgnoreMouse="1" NewWindowDepth="0"/>
                <Control Class="Window" Name="HealthText" Font="CRB_Pixel_O" RelativeToClient="1" Picture="0" BGColor="white" TextColor="white" TAnchorOffset="0" BAnchorOffset="0" NoClip="1" LAnchorPoint="1" LAnchorOffset="-243" TAnchorPoint="0" RAnchorPoint="1" RAnchorOffset="-83" BAnchorPoint="1" DT_VCENTER="1" DT_BOTTOM="0" TextId="" Tooltip="" TooltipId="" TooltipColor="" Text="" NewControlDepth="2" DT_CENTER="0" TooltipType="OnCursor" TooltipFont="CRB_Interface10" DT_RIGHT="1"/>
            </Control>
            <Control Class="Window" Name="TargetName" DT_RIGHT="1" DT_VCENTER="1" AutoScaleText="1" Font="CRB_Interface9_BBO" RelativeToClient="1" Picture="0" NewControlDepth="1" SetFont="18" NoClip="1" BGColor="white" TextColor="white" LAnchorPoint="1" LAnchorOffset="-367" TAnchorPoint="0" TAnchorOffset="4" RAnchorPoint="1" RAnchorOffset="-138" BAnchorPoint="0" BAnchorOffset="24" TextId="CRB_TargetName" HideInEditor="0" Text="" TooltipColor="" Tooltip=""/>
            <Control Class="Window" LAnchorPoint="1" LAnchorOffset="-101" TAnchorPoint="0" TAnchorOffset="56" RAnchorPoint="1" RAnchorOffset="-65" BAnchorPoint="0" BAnchorOffset="92" RelativeToClient="1" Font="CRB_InterfaceMedium" Sprite="" Text="" Template="Default" Name="TargetClassIcon" BGColor="white" TextColor="white" Picture="1" Tooltip="" TooltipId="" TooltipType="OnCursor" NewControlDepth="3" TooltipColor="" HideInEditor="0" IgnoreMouse="1" NewWindowDepth="1"/>
            <Control Class="CostumeWindow" Name="TargetModel" Mask="ui\Textures\Alphas\UI_CRB_TargetFramePrimary_TEMP.tga" NeverBringToFront="1" Camera="Target" Animated="1" NoClip="0" BGColor="white" TextColor="white" LAnchorPoint="1" LAnchorOffset="-85" TAnchorPoint="0" TAnchorOffset="22" RAnchorPoint="1" RAnchorOffset="-21" BAnchorPoint="0" BAnchorOffset="86" Overlay="" Border="0" HideInEditor="0" Picture="0" Sprite="" NewControlDepth="3" ProgressFull="CRB_TargetFrameSprites:sprTF_MaskLarge" IgnoreMouse="1" TooltipColor="" TooltipType="OnCursor" IgnoreTooltipDelay="1" Tooltip="">
                <Event Name="MouseButtonDown" Function="OnMouseButtonDown"/>
            </Control>
            <Control Class="Window" LAnchorPoint="1" LAnchorOffset="-85" TAnchorPoint="0" TAnchorOffset="22" RAnchorPoint="1" RAnchorOffset="-21" BAnchorPoint="0" BAnchorOffset="86" RelativeToClient="1" Font="Default" Text="" Template="Default" TooltipType="OnCursor" Name="Window" BGColor="white" TextColor="white" TooltipColor="" Picture="1" IgnoreMouse="1" Sprite="HUD_TargetFrame:spr_TargetFrame_PortraitCover"/>
            <Control Class="Window" LAnchorPoint="1" LAnchorOffset="-29" TAnchorPoint=".5" TAnchorOffset="-15" RAnchorPoint="1" RAnchorOffset="-5" BAnchorPoint=".5" BAnchorOffset="9" RelativeToClient="1" Font="Default" Text="" Template="Default" TooltipType="OnCursor" Name="TargetGoalPanel" BGColor="white" TextColor="white" TooltipColor="" Border="0" IgnoreMouse="1" TextId="" NoClip="1" Tooltip=""/>
            <Control Class="Window" LAnchorPoint="1" LAnchorOffset="-68" TAnchorPoint="0" TAnchorOffset="-2" RAnchorPoint="1" RAnchorOffset="-36" BAnchorPoint="0" BAnchorOffset="30" RelativeToClient="1" Font="Default" Text="" Template="Default" TooltipType="OnCursor" Name="RaidMarker" BGColor="white" TextColor="white" TooltipColor="" Picture="1" IgnoreMouse="1" Sprite="ClientSprites:Icon_Windows_UI_CRB_Marker_Bomb" NoClip="1" Tooltip="" NewControlDepth="1" NewWindowDepth="1"/>
            <Control Class="Window" Name="TargetScalingMark" Text="" DT_CENTER="1" DT_VCENTER="1" Font="CRB_InterfaceMedium_B" RelativeToClient="1" Picture="1" NewControlDepth="3" BGColor="white" TextColor="UI_TextMetalGoldHighlight" LAnchorPoint="1" LAnchorOffset="-109" TAnchorPoint="0" TAnchorOffset="14" RAnchorPoint="1" RAnchorOffset="-87" BAnchorPoint="0" BAnchorOffset="32" HideInEditor="0" TextId="" Tooltip="" TooltipId="CRB_TargetFrame_TargetLevel" TooltipType="OnCursor" TooltipColor="" DT_RIGHT="0" IgnoreMouse="1" IgnoreTooltipDelay="1" Sprite="CRB_TargetFrameSprites:sprTF_ScalingMark" Visible="0"/>
            <Control Class="Window" Name="TargetLevel" Text="44" DT_CENTER="1" DT_VCENTER="1" Font="CRB_Header12_O" RelativeToClient="1" Picture="0" NewControlDepth="3" BGColor="white" TextColor="white" LAnchorPoint="1" LAnchorOffset="-124" TAnchorPoint="0" TAnchorOffset="4" RAnchorPoint="1" RAnchorOffset="-82" BAnchorPoint="0" BAnchorOffset="46" HideInEditor="0" TextId="" Tooltip="" TooltipId="CRB_TargetFrame_TargetLevel" TooltipType="OnCursor" TooltipColor="" DT_RIGHT="0" IgnoreMouse="1" IgnoreTooltipDelay="1"/>
            <Control Class="Window" LAnchorPoint="0" LAnchorOffset="88" TAnchorPoint="0" TAnchorOffset="71" RAnchorPoint="0" RAnchorOffset="272" BAnchorPoint="0" BAnchorOffset="103" RelativeToClient="1" Font="CRB_InterfaceMedium" Sprite="" Text="" Template="Default" Name="CastingFrame" BGColor="white" TextColor="white" Picture="0" HideInEditor="0" IgnoreMouse="1" NewControlDepth="4" NoClip="1" Tooltip="" TooltipId="CRB_TargetFrame_CastBar" TooltipType="OnCursor" TooltipColor="" LeftEdgeControlsAnchor="TargetFrame_CastBarLeft" BottomEdgeControlsAnchor="TargetFrame_CastBarBottom">
                <Control Class="Window" LAnchorPoint="1" LAnchorOffset="-147" TAnchorPoint="0" TAnchorOffset="0" RAnchorPoint="1" RAnchorOffset="0" BAnchorPoint="0" BAnchorOffset="20" RelativeToClient="1" Font="Default" Text="" Template="Default" Name="CastingBase" BGColor="white" TextColor="white" Picture="1" IgnoreMouse="1" Sprite="HUD_TargetFrame:spr_TargetFrame_CastBarFriendly" TooltipColor="" HideInEditor="0"/>
                <Control Class="ProgressBar" Text="" LAnchorPoint="1" LAnchorOffset="-147" TAnchorPoint="0" TAnchorOffset="0" RAnchorPoint="1" RAnchorOffset="0" BAnchorPoint="0" BAnchorOffset="20" AutoSetText="0" UseValues="0" RelativeToClient="1" SetTextToProgress="0" DT_CENTER="1" DT_VCENTER="1" ProgressFull="HUD_TargetFrame:spr_TargetFrame_CastFill" Name="CastingBar" BGColor="white" TextColor="white" NoClip="1" EdgeGlow="1" ProgressEdgeGlow="" IgnoreMouse="1" TooltipColor="" BarColor="" BRtoLT="0"/>
                <Control Class="Window" LAnchorPoint="0" LAnchorOffset="7" TAnchorPoint="1" TAnchorOffset="-17" RAnchorPoint="1" RAnchorOffset="-7" BAnchorPoint="1" BAnchorOffset="15" RelativeToClient="1" Font="CRB_InterfaceSmall_O" Sprite="WhiteFill" Text="" Template="Default" Name="CastingName" BGColor="white" TextColor="white" IgnoreMouse="1" NoClip="1" TextId="CRB__2" DT_VCENTER="0" TooltipColor="" DT_RIGHT="1" DT_WORDBREAK="1"/>
                <Control Class="Window" LAnchorPoint="1" LAnchorOffset="-169" TAnchorPoint="0" TAnchorOffset="-2" RAnchorPoint="1" RAnchorOffset="-144" BAnchorPoint="0" BAnchorOffset="23" RelativeToClient="1" Font="Default" Text="" Template="Default" Name="CastingIcon" BGColor="white" TextColor="white" Picture="1" IgnoreMouse="1" Sprite="CRB_TargetFrameSprites:sprTF_CastIconInterrupt" NoClip="1" HideInEditor="0" TooltipColor=""/>
            </Control>
            <Control Name="BeneBuffBar" Class="BuffContainerWindow" LAnchorPoint="1" LAnchorOffset="-388" TAnchorPoint="0" TAnchorOffset="-28" RAnchorPoint="1" RAnchorOffset="-138" BAnchorPoint="0" BAnchorOffset="2" Picture="0" Border="0" NoClip="1" BGColor="white" TextColor="white" Sprite="WhiteFill" HideInEditor="0" IgnoreMouse="1" TooltipColor="" AutoAddBuffs="1" BeneficialBuffs="1" IgnoreTooltipDelay="1" AlignBuffsRight="1" Tooltip="" TooltipType="OnCursor">
                <Event Name="GenerateTooltip" Function="OnGenerateBuffTooltip"/>
            </Control>
            <Control Name="HarmBuffBar" Class="BuffContainerWindow" LAnchorPoint="1" LAnchorOffset="-388" TAnchorPoint="0" TAnchorOffset="-62" RAnchorPoint="1" RAnchorOffset="-138" BAnchorPoint="0" BAnchorOffset="-32" Picture="1" Border="0" NoClip="1" BGColor="white" TextColor="white" Sprite="" HideInEditor="0" IgnoreMouse="1" TooltipColor="" AutoAddBuffs="1" HarmfulBuffs="1" IgnoreTooltipDelay="1" AlignBuffsRight="1" TooltipType="OnCursor">
                <Event Name="GenerateTooltip" Function="OnGenerateBuffTooltip"/>
            </Control>
            <Control Class="Window" LAnchorPoint="0" LAnchorOffset="34" TAnchorPoint="0" TAnchorOffset="38" RAnchorPoint="0" RAnchorOffset="69" BAnchorPoint="0" BAnchorOffset="73" RelativeToClient="1" Font="Default" Text="" Template="Default" TooltipType="OnCursor" Name="CCArmorContainer" BGColor="white" TextColor="white" TooltipColor="" Tooltip="" TooltipId="TargetFrame_InterruptArmorDesc" IgnoreMouse="1" NoClip="1">
                <Control Class="Window" LAnchorPoint="0" LAnchorOffset="4" TAnchorPoint="0" TAnchorOffset="4" RAnchorPoint="1" RAnchorOffset="-4" BAnchorPoint="1" BAnchorOffset="-4" RelativeToClient="1" Font="Default" Text="" Template="Default" TooltipType="OnCursor" Name="CCArmorBacker" BGColor="UI_AlphaPercent45" TextColor="white" TooltipColor="" Picture="1" IgnoreMouse="1" Sprite="WhiteCircle"/>
                <Control Class="Window" LAnchorPoint="0" LAnchorOffset="0" TAnchorPoint="0" TAnchorOffset="0" RAnchorPoint="1" RAnchorOffset="0" BAnchorPoint="1" BAnchorOffset="0" RelativeToClient="1" Font="Default" Text="" Template="Default" TooltipType="OnCursor" Name="CCArmorSprite" BGColor="white" TextColor="white" TooltipColor="" Picture="1" IgnoreMouse="1" Sprite="" NewControlDepth="2"/>
                <Control Class="Window" LAnchorPoint="0" LAnchorOffset="0" TAnchorPoint="0" TAnchorOffset="0" RAnchorPoint="1" RAnchorOffset="0" BAnchorPoint="1" BAnchorOffset="-1" RelativeToClient="1" Font="CRB_InterfaceSmall" Text="" Template="Default" TooltipType="OnCursor" Name="CCArmorValue" BGColor="white" TextColor="UI_TextHoloBodyHighlight" TooltipColor="" DT_VCENTER="1" DT_CENTER="1" TextId="" NewControlDepth="3"/>
                <Control Class="Window" LAnchorPoint="0" LAnchorOffset="0" TAnchorPoint="0" TAnchorOffset="0" RAnchorPoint="1" RAnchorOffset="0" BAnchorPoint="1" BAnchorOffset="0" RelativeToClient="1" Font="Default" Text="" Template="Default" TooltipType="OnCursor" Name="CCArmorFlash" BGColor="white" TextColor="white" TooltipColor="" Picture="1" IgnoreMouse="1" Sprite="CRB_ActionBarSprites:sprAb_IntArm_Flash" NewControlDepth="4"/>
            </Control>
            <Control Class="Window" LAnchorPoint="1" LAnchorOffset="-31" TAnchorPoint="0" TAnchorOffset="61" RAnchorPoint="1" RAnchorOffset="-6" BAnchorPoint="0" BAnchorOffset="86" RelativeToClient="1" Font="CRB_Pixel_O" Text="40" Template="Default" TooltipType="OnCursor" Name="GroupSizeMark" BGColor="white" TextColor="UI_TextHoloBodyHighlight" TooltipColor="" Picture="1" IgnoreMouse="1" NewControlDepth="10" Sprite="CRB_TargetFrameSprites:sprTF_GroupRank_Base" TextId="" DT_VCENTER="1" DT_CENTER="1" Visible="0" IgnoreTooltipDelay="1" Tooltip="" NoClip="0"/>
            <Control Class="Window" LAnchorPoint="1" LAnchorOffset="-33" TAnchorPoint="0" TAnchorOffset="129" RAnchorPoint="1" RAnchorOffset="-8" BAnchorPoint="0" BAnchorOffset="154" RelativeToClient="1" Font="CRB_InterfaceMedium_B" Text="" Template="Default" TooltipType="OnCursor" Name="FriendMark" BGColor="white" TextColor="UI_TextHoloBodyHighlight" TooltipColor="" Picture="0" IgnoreMouse="1" NewControlDepth="10" Sprite="" TextId="" DT_VCENTER="1" DT_CENTER="1" Visible="0" IgnoreTooltipDelay="1" Tooltip="">
                <Control Class="Window" LAnchorPoint="0" LAnchorOffset="2" TAnchorPoint="0" TAnchorOffset="2" RAnchorPoint="1" RAnchorOffset="-2" BAnchorPoint="1" BAnchorOffset="-2" RelativeToClient="1" Font="Default" Text="" Template="Default" TooltipType="OnCursor" Name="FriendMarkIcon" BGColor="white" TextColor="white" TooltipColor="" Sprite="ClientSprites:Icon_Windows_UI_CRB_Rival" Picture="1" IgnoreMouse="1" Tooltip="" HideInEditor="0"/>
                <Pixie LAnchorPoint="0" LAnchorOffset="0" TAnchorPoint="0" TAnchorOffset="0" RAnchorPoint="1" RAnchorOffset="0" BAnchorPoint="1" BAnchorOffset="0" BGColor="white" Font="Default" TextColor="white" Text="" Sprite="CRB_TargetFrameSprites:sprTF_GroupRank_Base" Line="0"/>
            </Control>
            <Control Class="Window" LAnchorPoint="1" LAnchorOffset="-84" TAnchorPoint="0" TAnchorOffset="22" RAnchorPoint="1" RAnchorOffset="-20" BAnchorPoint="0" BAnchorOffset="86" RelativeToClient="1" Font="Default" Text="" BGColor="UI_WindowBGDefault" TextColor="UI_WindowTextDefault" Template="Default" TooltipType="OnCursor" Name="PetContainer" TooltipColor="">
                <Control Class="ActionBarButton" Name="PetContainerDespawnBtn" ContentType="SBar" ContentId="36" Base="CRB_Basekit:kitBtn_Holo_CloseNormal" RelativeToClient="1" IfHoldNoSignal="1" DT_VCENTER="1" DT_CENTER="1" LAnchorPoint="1" LAnchorOffset="-22" TAnchorPoint="0" TAnchorOffset="0" RAnchorPoint="1" RAnchorOffset="0" BAnchorPoint="0" BAnchorOffset="22" NeverBringToFront="0" Picture="1" WindowSoundTemplate="ActionBarButton" BGColor="ffffffff" TextColor="ffffffff" IgnoreMouse="0" TooltipType="OnCursor" IgnoreTooltipDelay="1" TooltipColor="" TooltipFont="CRB_InterfaceSmall_O" Sprite="" UseBaseButtonArt="1" Tooltip="" NewControlDepth="2" Visible="0">
                    <Event Name="GenerateTooltip" Function="OnGeneratePetCommandTooltip"/>
                </Control>
                <Event Name="MouseEnter" Function="OnMouseEnter"/>
                <Event Name="MouseExit" Function="OnMouseExit"/>
            </Control>
        </Control>
        <Control Class="Window" Name="TotFrame" LAnchorPoint="1" LAnchorOffset="-43" TAnchorPoint="0" TAnchorOffset="-14" RAnchorPoint="1" RAnchorOffset="14" BAnchorPoint="0" BAnchorOffset="43" Moveable="0" BGColor="white" TextColor="white" Border="0" Overlapped="1" Template="CRB_Default" Visible="0" TooltipColor="" IgnoreMouse="1" NoClip="1" Tooltip="" NewWindowDepth="1" HideInEditor="0">
            <Control Class="Window" LAnchorPoint="0" LAnchorOffset="0" TAnchorPoint="0" TAnchorOffset="0" RAnchorPoint="1" RAnchorOffset="0" BAnchorPoint="1" BAnchorOffset="0" RelativeToClient="1" Font="Default" Text="" Template="Default" Name="Backer" BGColor="white" TextColor="white" Picture="1" IgnoreMouse="1" NoClip="1" Sprite="HUD_TargetFrame:spr_TargetFrame_ToTFriendly" HideInEditor="0" TooltipColor=""/>
            <Control Class="CostumeWindow" Name="TargetModel" Mask="ui\Textures\Alphas\UI_CRB_TargetFrameSecondary_TEMP.tga" NeverBringToFront="1" Camera="Target" Animated="1" NoClip="0" BGColor="white" TextColor="white" LAnchorPoint="0" LAnchorOffset="10" TAnchorPoint="0" TAnchorOffset="10" RAnchorPoint="0" RAnchorOffset="46" BAnchorPoint="0" BAnchorOffset="46" Overlay="" Border="0" Picture="0" TooltipColor="" TooltipType="OnCursor" IgnoreTooltipDelay="1"/>
            <Control Class="ProgressBar" Name="HealthTint" ProgressFull="CRB_TargetFrameSprites:sprTF_HealthFill_GreenRoundStretch" NewControlDepth="1" PolygonalClipping="0" x0="6" x1="0" x2="139" x3="145" y0="0" y1="10" y2="10" y3="0" BGColor="white" TextColor="white" LAnchorPoint="0" LAnchorOffset="0" TAnchorPoint="0" TAnchorOffset="0" RAnchorPoint="0" RAnchorOffset="-49" BAnchorPoint="0" BAnchorOffset="-42" EdgeGlow="0" VerticallyAligned="0" BRtoLT="0" RadialBar="1" Clockwise="1" RadialMin="230.000000" RadialMax="310.000000" ProgressEmpty="" TooltipColor="" BarColor="" Sprite="">
                <Control Class="Window" Name="HealthText" Font="CRB_InterfaceMedium" RelativeToClient="1" Picture="0" BGColor="white" TextColor="white" TAnchorOffset="70" BAnchorOffset="85" NoClip="0" LAnchorPoint="0.00000" LAnchorOffset="-2" TAnchorPoint="0.00000" RAnchorPoint="0.00000" RAnchorOffset="145" BAnchorPoint="0.00000" TextId="CRB_Health" Visible="0" TooltipColor=""/>
            </Control>
            <Control Class="ProgressBar" Name="ShieldCapacityTint" ProgressFull="CRB_TargetFrameSprites:sprTF_HealthFill_ShieldRoundStretch" NewControlDepth="1" PolygonalClipping="0" x0="6" x1="0" x2="139" x3="145" y0="0" y1="10" y2="10" y3="0" BGColor="white" TextColor="white" LAnchorPoint="0" LAnchorOffset="0" TAnchorPoint="0" TAnchorOffset="0" RAnchorPoint="0" RAnchorOffset="-49" BAnchorPoint="0" BAnchorOffset="-42" EdgeGlow="0" VerticallyAligned="0" BRtoLT="0" RadialBar="1" Clockwise="1" RadialMin="230.000000" RadialMax="310.000000" TooltipColor="" BarColor="" Text="" Visible="0"/>
            <Control Class="Window" LAnchorPoint="0" LAnchorOffset="-4" TAnchorPoint="0" TAnchorOffset="58" RAnchorPoint="1" RAnchorOffset="-4" BAnchorPoint="1" BAnchorOffset="17" RelativeToClient="1" Font="CRB_InterfaceMedium" Sprite="TargetFrameSprites:sprSecondCastBack" Text="" Template="Default" Name="CastingFrame" BGColor="white" TextColor="white" Picture="0" IgnoreMouse="1" TooltipColor="">
                <Control Class="Window" LAnchorPoint="0" LAnchorOffset="21" TAnchorPoint="0" TAnchorOffset="4" RAnchorPoint="0" RAnchorOffset="46" BAnchorPoint="0" BAnchorOffset="29" RelativeToClient="1" Font="Default" Text="" Template="Default" Name="CastingIcon" BGColor="white" TextColor="white" Picture="1" IgnoreMouse="1" Sprite="" NoClip="1" TooltipColor=""/>
            </Control>
            <Event Name="MouseButtonDown" Function="OnMouseButtonDown"/>
            <Control Class="Window" LAnchorPoint="0" LAnchorOffset="75" TAnchorPoint="0" TAnchorOffset="-28" RAnchorPoint="0" RAnchorOffset="97" BAnchorPoint="0" BAnchorOffset="-6" RelativeToClient="1" Font="CRB_InterfaceMedium" Sprite="" Text="" Template="Default" Name="TargetClassIcon" BGColor="white" TextColor="white" Picture="1" TooltipColor=""/>
            <Control Class="Window" LAnchorPoint="0" LAnchorOffset="0" TAnchorPoint="0" TAnchorOffset="0" RAnchorPoint="1" RAnchorOffset="0" BAnchorPoint="1" BAnchorOffset="0" RelativeToClient="1" Font="Default" Text="" Template="Default" TooltipType="OnCursor" Name="DispositionFrame" BGColor="white" TextColor="white" TooltipColor="white" Tooltip="" TooltipId="TargetFrame_HostileTooltip" TooltipFont="CRB_InterfaceMedium" Sprite="" Picture="1" IgnoreMouse="1" NoClip="1"/>
        </Control>
    </Form>
    <Form Class="Window" LAnchorPoint="0" LAnchorOffset="0" TAnchorPoint="0" TAnchorOffset="0" RAnchorPoint="0" RAnchorOffset="22" BAnchorPoint="0" BAnchorOffset="22" RelativeToClient="0" Font="Default" Text="" Template="Default" Name="GoalIcon" Border="0" Picture="1" SwallowMouseClicks="1" Moveable="0" Escapable="0" Overlapped="0" BGColor="white" TextColor="white" TooltipType="OnCursor" IgnoreTooltipDelay="1" TooltipColor="" TooltipFont="CRB_InterfaceMedium" Tooltip="">
        <Control Class="Window" LAnchorPoint="0" LAnchorOffset="0" TAnchorPoint="0" TAnchorOffset="0" RAnchorPoint="1" RAnchorOffset="0" BAnchorPoint="1" BAnchorOffset="0" RelativeToClient="1" Font="Default" Text="" Template="Default" Name="ActiveQuest" BGColor="white" TextColor="white" Sprite="CRB_TargetFrameRewardPanelSprites:sprTargetFrame_ActiveQuest" Picture="1" IgnoreMouse="1" Visible="0" HideInEditor="1" TooltipColor=""/>
        <Control Class="Window" LAnchorPoint="0" LAnchorOffset="0" TAnchorPoint="0" TAnchorOffset="0" RAnchorPoint="1" RAnchorOffset="0" BAnchorPoint="1" BAnchorOffset="0" RelativeToClient="1" Font="Default" Text="" Template="Default" Name="EligibleQuest" BGColor="white" TextColor="white" Sprite="CRB_TargetFrameRewardPanelSprites:sprTargetFrame_EligibleQuest" Picture="1" IgnoreMouse="1" HideInEditor="1" Visible="0" TooltipColor=""/>
        <Control Class="Window" LAnchorPoint="0" LAnchorOffset="0" TAnchorPoint="0" TAnchorOffset="0" RAnchorPoint="1" RAnchorOffset="0" BAnchorPoint="1" BAnchorOffset="0" RelativeToClient="1" Font="Default" Text="" Template="Default" Name="Challenge" BGColor="white" TextColor="white" Sprite="CRB_TargetFrameRewardPanelSprites:sprTargetFrame_Challenge" Picture="1" IgnoreMouse="1" HideInEditor="1" Visible="0" TooltipColor=""/>
        <Control Class="Window" LAnchorPoint="0" LAnchorOffset="0" TAnchorPoint="0" TAnchorOffset="0" RAnchorPoint="1" RAnchorOffset="0" BAnchorPoint="1" BAnchorOffset="0" RelativeToClient="1" Font="Default" Text="" Template="Default" Name="Path" BGColor="white" TextColor="white" Picture="1" IgnoreMouse="1" Sprite="CRB_TargetFrameRewardPanelSprites:sprTargetFrame_PathContent" HideInEditor="1" Visible="0" TooltipColor=""/>
        <Control Class="Window" LAnchorPoint="0" LAnchorOffset="0" TAnchorPoint="0" TAnchorOffset="0" RAnchorPoint="1" RAnchorOffset="0" BAnchorPoint="1" BAnchorOffset="0" RelativeToClient="1" Font="Default" Text="" Template="Default" Name="Achievement" BGColor="white" TextColor="white" Sprite="CRB_TargetFrameRewardPanelSprites:sprTargetFrame_Achievement" Picture="1" IgnoreMouse="1" HideInEditor="1" Visible="0" TooltipColor=""/>
        <Control Class="Window" LAnchorPoint="0" LAnchorOffset="0" TAnchorPoint="0" TAnchorOffset="0" RAnchorPoint="1" RAnchorOffset="0" BAnchorPoint="1" BAnchorOffset="0" RelativeToClient="1" Font="Default" Text="" Template="Default" Name="Reputation" BGColor="white" TextColor="white" Picture="1" IgnoreMouse="1" Sprite="CRB_TargetFrameRewardPanelSprites:sprTargetFrame_Reputation" HideInEditor="1" Visible="0" TooltipColor=""/>
        <Control Class="Window" LAnchorPoint="0" LAnchorOffset="0" TAnchorPoint="0" TAnchorOffset="0" RAnchorPoint="1" RAnchorOffset="0" BAnchorPoint="1" BAnchorOffset="0" RelativeToClient="1" Font="Default" Text="" Template="Default" Name="Frost" BGColor="white" TextColor="white" Picture="1" IgnoreMouse="1" Sprite="CRB_TargetFrameRewardPanelSprites:sprTargetFrame_SusceptibilityFrost" HideInEditor="1" Visible="0" TooltipColor=""/>
        <Control Class="Window" LAnchorPoint="0" LAnchorOffset="0" TAnchorPoint="0" TAnchorOffset="0" RAnchorPoint="1" RAnchorOffset="0" BAnchorPoint="1" BAnchorOffset="0" RelativeToClient="0" Font="Default" Text="" Template="Default" Name="Flame" BGColor="white" TextColor="white" Border="0" IgnoreMouse="1" Picture="1" Sprite="CRB_TargetFrameRewardPanelSprites:sprTargetFrame_SusceptibilityFlame" HideInEditor="1" Visible="0" TooltipColor=""/>
        <Control Class="Window" LAnchorPoint="0" LAnchorOffset="4" TAnchorPoint="0" TAnchorOffset="0" RAnchorPoint="1" RAnchorOffset="-2" BAnchorPoint="1" BAnchorOffset="0" RelativeToClient="0" Font="Default" Text="" Template="Default" Name="Bolt" BGColor="white" TextColor="white" IgnoreMouse="1" Picture="1" Sprite="CRB_TargetFrameRewardPanelSprites:sprTargetFrame_SusceptibilityBolt" HideInEditor="1" Visible="0" TooltipColor=""/>
        <Control Class="Window" LAnchorPoint="0" LAnchorOffset="0" TAnchorPoint="0" TAnchorOffset="0" RAnchorPoint="1" RAnchorOffset="0" BAnchorPoint="1" BAnchorOffset="0" RelativeToClient="1" Font="Default" Text="" Template="Default" Name="Soldier" BGColor="white" TextColor="white" Sprite="CRB_TargetFrameRewardPanelSprites:sprTargetFrame_PathSol" Picture="1" IgnoreMouse="1" Visible="0" HideInEditor="1" TooltipColor=""/>
        <Control Class="Window" LAnchorPoint="0" LAnchorOffset="0" TAnchorPoint="0" TAnchorOffset="0" RAnchorPoint="1" RAnchorOffset="0" BAnchorPoint="1" BAnchorOffset="0" RelativeToClient="1" Font="Default" Text="" Template="Default" Name="SoldierMulti" BGColor="white" TextColor="white" Sprite="CRB_TargetFrameRewardPanelSprites:sprTargetFrame_PathSolMulti" Picture="1" IgnoreMouse="1" Visible="0" HideInEditor="1" TooltipColor=""/>
        <Control Class="Window" LAnchorPoint="0" LAnchorOffset="0" TAnchorPoint="0" TAnchorOffset="0" RAnchorPoint="1" RAnchorOffset="0" BAnchorPoint="1" BAnchorOffset="0" RelativeToClient="1" Font="Default" Text="" Template="Default" Name="Scientist" BGColor="white" TextColor="white" Sprite="CRB_TargetFrameRewardPanelSprites:sprTargetFrame_PathSci" Picture="1" IgnoreMouse="1" Visible="0" HideInEditor="1" TooltipColor=""/>
        <Control Class="Window" LAnchorPoint="0" LAnchorOffset="0" TAnchorPoint="0" TAnchorOffset="0" RAnchorPoint="1" RAnchorOffset="0" BAnchorPoint="1" BAnchorOffset="0" RelativeToClient="1" Font="Default" Text="" Template="Default" Name="ScientistMulti" BGColor="white" TextColor="white" Sprite="CRB_TargetFrameRewardPanelSprites:sprTargetFrame_PathSciMulti" Picture="1" IgnoreMouse="1" Visible="0" HideInEditor="1" TooltipColor=""/>
        <Control Class="Window" LAnchorPoint="0" LAnchorOffset="0" TAnchorPoint="0" TAnchorOffset="0" RAnchorPoint="1" RAnchorOffset="0" BAnchorPoint="1" BAnchorOffset="0" RelativeToClient="1" Font="Default" Text="" Template="Default" Name="Explorer" BGColor="white" TextColor="white" Sprite="CRB_TargetFrameRewardPanelSprites:sprTargetFrame_PathExp" Picture="1" IgnoreMouse="1" Visible="0" HideInEditor="1"/>
        <Control Class="Window" LAnchorPoint="0" LAnchorOffset="0" TAnchorPoint="0" TAnchorOffset="0" RAnchorPoint="1" RAnchorOffset="0" BAnchorPoint="1" BAnchorOffset="0" RelativeToClient="1" Font="Default" Text="" Template="Default" Name="ExplorerMulti" BGColor="white" TextColor="white" Sprite="CRB_TargetFrameRewardPanelSprites:sprTargetFrame_PathExpMulti" Picture="1" IgnoreMouse="1" Visible="0" HideInEditor="1"/>
        <Control Class="Window" LAnchorPoint="0" LAnchorOffset="0" TAnchorPoint="0" TAnchorOffset="0" RAnchorPoint="1" RAnchorOffset="0" BAnchorPoint="1" BAnchorOffset="0" RelativeToClient="1" Font="Default" Text="" Template="Default" Name="Settler" BGColor="white" TextColor="white" Sprite="CRB_TargetFrameRewardPanelSprites:sprTargetFrame_PathSet" Picture="1" IgnoreMouse="1" Visible="0" HideInEditor="1" TooltipColor=""/>
        <Control Class="Window" LAnchorPoint="0" LAnchorOffset="0" TAnchorPoint="0" TAnchorOffset="0" RAnchorPoint="1" RAnchorOffset="0" BAnchorPoint="1" BAnchorOffset="0" RelativeToClient="1" Font="Default" Text="" Template="Default" Name="SettlerMulti" BGColor="white" TextColor="white" Sprite="CRB_TargetFrameRewardPanelSprites:sprTargetFrame_PathSetMulti" Picture="1" IgnoreMouse="1" Visible="0" HideInEditor="1"/>
        <Control Class="Window" LAnchorPoint="0" LAnchorOffset="0" TAnchorPoint="0" TAnchorOffset="0" RAnchorPoint="1" RAnchorOffset="0" BAnchorPoint="1" BAnchorOffset="0" RelativeToClient="1" Font="Default" Text="" Template="Default" Name="ActiveQuestMulti" BGColor="white" TextColor="white" Sprite="CRB_TargetFrameRewardPanelSprites:sprTargetFrame_ActiveQuest" Picture="1" IgnoreMouse="1" Visible="0" HideInEditor="1"/>
        <Control Class="Window" LAnchorPoint="0" LAnchorOffset="0" TAnchorPoint="0" TAnchorOffset="0" RAnchorPoint="1" RAnchorOffset="0" BAnchorPoint="1" BAnchorOffset="0" RelativeToClient="1" Font="Default" Text="" Template="Default" Name="EligibleQuestMulti" BGColor="white" TextColor="white" Sprite="CRB_TargetFrameRewardPanelSprites:sprTargetFrame_EligibleQuestMulti" Picture="1" IgnoreMouse="1" HideInEditor="1" Visible="0" TooltipColor=""/>
        <Control Class="Window" LAnchorPoint="0" LAnchorOffset="0" TAnchorPoint="0" TAnchorOffset="0" RAnchorPoint="1" RAnchorOffset="0" BAnchorPoint="1" BAnchorOffset="0" RelativeToClient="1" Font="Default" Text="" Template="Default" Name="ChallengeMulti" BGColor="white" TextColor="white" Sprite="CRB_TargetFrameRewardPanelSprites:sprTargetFrame_ChallengeMulti" Picture="1" IgnoreMouse="1" HideInEditor="1" Visible="0" TooltipColor=""/>
        <Control Class="Window" LAnchorPoint="0" LAnchorOffset="0" TAnchorPoint="0" TAnchorOffset="0" RAnchorPoint="1" RAnchorOffset="0" BAnchorPoint="1" BAnchorOffset="0" RelativeToClient="1" Font="Default" Text="" Template="Default" Name="PathMulti" BGColor="white" TextColor="white" Picture="1" IgnoreMouse="1" Sprite="CRB_TargetFrameRewardPanelSprites:sprTargetFrame_PathContentMulti" HideInEditor="1" Visible="0"/>
        <Control Class="Window" LAnchorPoint="0" LAnchorOffset="0" TAnchorPoint="0" TAnchorOffset="0" RAnchorPoint="1" RAnchorOffset="0" BAnchorPoint="1" BAnchorOffset="0" RelativeToClient="1" Font="Default" Text="" Template="Default" Name="AchievementMulti" BGColor="white" TextColor="white" Sprite="CRB_TargetFrameRewardPanelSprites:sprTargetFrame_AchievementMulti" Picture="1" IgnoreMouse="1" HideInEditor="1" Visible="0" TooltipColor=""/>
        <Control Class="Window" LAnchorPoint="0" LAnchorOffset="0" TAnchorPoint="0" TAnchorOffset="0" RAnchorPoint="1" RAnchorOffset="0" BAnchorPoint="1" BAnchorOffset="0" RelativeToClient="1" Font="Default" Text="" Template="Default" Name="Friend" BGColor="white" TextColor="white" Sprite="ClientSprites:Icon_Windows_UI_CRB_Friend" Picture="1" IgnoreMouse="1" HideInEditor="1" Visible="0" TooltipColor=""/>
        <Control Class="Window" LAnchorPoint="0" LAnchorOffset="0" TAnchorPoint="0" TAnchorOffset="0" RAnchorPoint="1" RAnchorOffset="0" BAnchorPoint="1" BAnchorOffset="0" RelativeToClient="1" Font="Default" Text="" Template="Default" Name="Rival" BGColor="white" TextColor="white" Sprite="ClientSprites:Icon_Windows_UI_CRB_Rival" Picture="1" IgnoreMouse="1" HideInEditor="1" Visible="0" TooltipColor=""/>
        <Control Class="Window" LAnchorPoint="0" LAnchorOffset="0" TAnchorPoint="0" TAnchorOffset="0" RAnchorPoint="1" RAnchorOffset="0" BAnchorPoint="1" BAnchorOffset="0" RelativeToClient="1" Font="Default" Text="" Template="Default" Name="AccountFriend" BGColor="white" TextColor="white" Sprite="ClientSprites:Icon_Windows_UI_CRB_Friend" Picture="1" IgnoreMouse="1" HideInEditor="0" Visible="0" TooltipColor=""/>
    </Form>
    <Form Class="Window" Name="AssistTarget" LAnchorPoint="0.5" LAnchorOffset="-90" TAnchorPoint="0.0" TAnchorOffset="143" RAnchorPoint="0.5" RAnchorOffset="123" BAnchorPoint="0.0" BAnchorOffset="188" Moveable="1" BGColor="white" TextColor="white" Border="0" Overlapped="1" Template="CRB_Default" HideInEditor="0" IgnoreMouse="1" Visible="0" TransitionShowHide="0" TooltipColor="" Tooltip="" Text="" TextId="">
        <Event Name="MouseButtonDown" Function="OnMouseButtonDownAltA"/>
        <Event Name="QueryDragDrop" Function="OnQueryDragDrop"/>
        <Event Name="DragDrop" Function="OnDragDrop"/>
        <Control Class="Window" LAnchorPoint="0" LAnchorOffset="0" TAnchorPoint="0" TAnchorOffset="0" RAnchorPoint="1" RAnchorOffset="0" BAnchorPoint="1" BAnchorOffset="0" RelativeToClient="1" Font="Default" Text="" Template="Default" TooltipType="OnCursor" Name="BaseArt" BGColor="white" TextColor="white" TooltipColor="" Picture="1" IgnoreMouse="1" Sprite="CRB_TargetFrameSprites:sprTF_BaseAssist"/>
        <Control Class="Window" LAnchorPoint="0" LAnchorOffset="46" TAnchorPoint="0" TAnchorOffset="21" RAnchorPoint="1" RAnchorOffset="-39" BAnchorPoint="0" BAnchorOffset="37" RelativeToClient="1" Font="Default" Text="" Template="Default" Name="LargeBarContainer" BGColor="white" TextColor="white" NewControlDepth="3" TooltipColor="" HideInEditor="0">
            <Control Class="Window" Name="MaxHealth" ProgressFull="CRB_TargetFrameSprites:sprTF_HealthLong_Norm" NewControlDepth="1" PolygonalClipping="0" x0="6" x1="0" x2="139" x3="145" y0="0" y1="10" y2="10" y3="0" BGColor="white" TextColor="white" LAnchorPoint="0" LAnchorOffset="0" TAnchorPoint="0" TAnchorOffset="0" RAnchorPoint="0" RAnchorOffset="128" BAnchorPoint="1" BAnchorOffset="0" EdgeGlow="0" HideInEditor="0" Tooltip="" TooltipId="CRB_TargetFrame_Health" TooltipType="OnCursor" IgnoreMouse="1" Sprite="CRB_NameplateSprites:sprNp_Health_FillGreen" TooltipColor="" BarColor="" Picture="1"/>
            <Control Class="Window" LAnchorPoint="0" LAnchorOffset="0" TAnchorPoint="0" TAnchorOffset="0" RAnchorPoint="0" RAnchorOffset="128" BAnchorPoint="1" BAnchorOffset="0" RelativeToClient="1" Font="Default" Text="" Template="Default" TooltipType="OnCursor" Name="MaxAbsorb" BGColor="UI_TextMetalBody" TextColor="white" TooltipColor="" Sprite="CRB_NameplateSprites:sprNp_Health_FillShield" Picture="0" IgnoreMouse="1" Visible="0" HideInEditor="0">
                <Control Class="ProgressBar" Name="AbsorbFill" ProgressFull="CRB_NameplateSprites:sprNp_Health_FillShield" NewControlDepth="1" BGColor="white" TextColor="white" LAnchorPoint="0" LAnchorOffset="0" TAnchorPoint="0" TAnchorOffset="0" RAnchorPoint="1" RAnchorOffset="0" BAnchorPoint="1" BAnchorOffset="0" EdgeGlow="0" HideInEditor="0" Tooltip="" TooltipId="CRB_TargetFrame_Health" TooltipType="OnCursor" Text="" TextId="" Overlapped="1" IgnoreMouse="1" RelativeToClient="1" Sprite="" TooltipColor="" BarColor="" Visible="1"/>
            </Control>
            <Control Class="Window" LAnchorPoint="0" LAnchorOffset="0" TAnchorPoint="0" TAnchorOffset="0" RAnchorPoint="0" RAnchorOffset="128" BAnchorPoint="1" BAnchorOffset="0" RelativeToClient="1" Font="Default" Text="" Template="Default" TooltipType="OnCursor" Name="MaxShield" BGColor="white" TextColor="white" TooltipColor="" Sprite="CRB_NameplateSprites:sprNp_Health_FillShieldBack" Picture="1" IgnoreMouse="1" Visible="0" HideInEditor="0">
                <Control Class="ProgressBar" Name="ShieldFill" ProgressFull="CRB_NameplateSprites:sprNp_Health_FillBlue" NewControlDepth="1" BGColor="white" TextColor="white" LAnchorPoint="0" LAnchorOffset="0" TAnchorPoint="0" TAnchorOffset="0" RAnchorPoint="1" RAnchorOffset="0" BAnchorPoint="1" BAnchorOffset="0" EdgeGlow="0" HideInEditor="0" Tooltip="" TooltipId="CRB_TargetFrame_Health" TooltipType="OnCursor" Text="" TextId="" Overlapped="1" IgnoreMouse="1" RelativeToClient="1" Sprite="" TooltipColor="" BarColor="" Visible="1"/>
            </Control>
            <Control Class="Window" Name="HealthText" Font="CRB_Pixel_O" RelativeToClient="1" Picture="0" BGColor="white" TextColor="white" TAnchorOffset="0" BAnchorOffset="-2" NoClip="1" LAnchorPoint="0" LAnchorOffset="4" TAnchorPoint="0" RAnchorPoint="0" RAnchorOffset="198" BAnchorPoint="1" DT_VCENTER="0" DT_BOTTOM="0" TextId="" Tooltip="" TooltipId="" TooltipColor="" Text="" NewControlDepth="2"/>
        </Control>
        <Control Class="CostumeWindow" Name="TargetModel" Mask="ui\Textures\Alphas\UI_CRB_TargetFramePrimary_TEMP.tga" NeverBringToFront="1" Camera="Target" Animated="1" NoClip="0" BGColor="white" TextColor="white" LAnchorPoint="0" LAnchorOffset="2" TAnchorPoint="0" TAnchorOffset="2" RAnchorPoint="0" RAnchorOffset="40" BAnchorPoint="0" BAnchorOffset="39" Overlay="" Border="0" HideInEditor="0" Picture="0" Sprite="CRB_TargetFrameSprites:sprTF_MaskLarge" NewControlDepth="3" ProgressFull="CRB_TargetFrameSprites:sprTF_MaskLarge" IgnoreMouse="1" TooltipColor="" TooltipType="OnCursor" IgnoreTooltipDelay="1" Tooltip="" Text="">
            <Event Name="MouseButtonDown" Function="OnMouseButtonDown"/>
        </Control>
        <Control Class="Window" Name="TargetName" DT_RIGHT="0" DT_VCENTER="1" AutoScaleText="1" Font="CRB_InterfaceSmall" RelativeToClient="1" Picture="0" NewControlDepth="1" SetFont="18" NoClip="1" BGColor="white" TextColor="white" LAnchorPoint="0" LAnchorOffset="45" TAnchorPoint="0" TAnchorOffset="0" RAnchorPoint="1" RAnchorOffset="0" BAnchorPoint="0" BAnchorOffset="20" TextId="CRB_TargetName" HideInEditor="0" Text="" TooltipColor=""/>
        <Control Class="Window" LAnchorPoint="1" LAnchorOffset="-35" TAnchorPoint="0" TAnchorOffset="7" RAnchorPoint="1" RAnchorOffset="0" BAnchorPoint="0" BAnchorOffset="42" RelativeToClient="1" Font="Default" Text="" Template="Default" TooltipType="OnCursor" Name="CCArmorContainer" BGColor="white" TextColor="white" TooltipColor="" Tooltip="" TooltipId="TargetFrame_InterruptArmorDesc" IgnoreMouse="1" NoClip="1">
            <Control Class="Window" LAnchorPoint="0" LAnchorOffset="4" TAnchorPoint="0" TAnchorOffset="4" RAnchorPoint="1" RAnchorOffset="-4" BAnchorPoint="1" BAnchorOffset="-4" RelativeToClient="1" Font="Default" Text="" Template="Default" TooltipType="OnCursor" Name="CCArmorBacker" BGColor="UI_AlphaPercent45" TextColor="white" TooltipColor="" Picture="1" IgnoreMouse="1" Sprite="WhiteCircle"/>
            <Control Class="Window" LAnchorPoint="0" LAnchorOffset="0" TAnchorPoint="0" TAnchorOffset="0" RAnchorPoint="1" RAnchorOffset="0" BAnchorPoint="1" BAnchorOffset="0" RelativeToClient="1" Font="Default" Text="" Template="Default" TooltipType="OnCursor" Name="CCArmorSprite" BGColor="white" TextColor="white" TooltipColor="" Picture="1" IgnoreMouse="1" Sprite="" NewControlDepth="2"/>
            <Control Class="Window" LAnchorPoint="0" LAnchorOffset="0" TAnchorPoint="0" TAnchorOffset="0" RAnchorPoint="1" RAnchorOffset="0" BAnchorPoint="1" BAnchorOffset="-1" RelativeToClient="1" Font="CRB_InterfaceSmall" Text="" Template="Default" TooltipType="OnCursor" Name="CCArmorValue" BGColor="white" TextColor="UI_TextHoloBodyHighlight" TooltipColor="" DT_VCENTER="1" DT_CENTER="1" TextId="" NewControlDepth="3"/>
            <Control Class="Window" LAnchorPoint="0" LAnchorOffset="0" TAnchorPoint="0" TAnchorOffset="0" RAnchorPoint="1" RAnchorOffset="0" BAnchorPoint="1" BAnchorOffset="0" RelativeToClient="1" Font="Default" Text="" Template="Default" TooltipType="OnCursor" Name="CCArmorFlash" BGColor="white" TextColor="white" TooltipColor="" Picture="1" IgnoreMouse="1" Sprite="CRB_ActionBarSprites:sprAb_IntArm_Flash" NewControlDepth="4"/>
        </Control>
        <Control Class="Window" LAnchorPoint="0" LAnchorOffset="1" TAnchorPoint="0" TAnchorOffset="1" RAnchorPoint="0" RAnchorOffset="51" BAnchorPoint="0" BAnchorOffset="43" RelativeToClient="1" Font="Default" Text="" Template="Default" TooltipType="OnCursor" Name="DispositionFrameFriendly" BGColor="white" TextColor="white" TooltipColor="white" Tooltip="" TooltipId="TargetFrame_FriendlyTooltip" TooltipFont="CRB_InterfaceMedium">
            <Control Class="Window" LAnchorPoint="0" LAnchorOffset="0" TAnchorPoint="0" TAnchorOffset="0" RAnchorPoint="0" RAnchorOffset="42" BAnchorPoint="1" BAnchorOffset="0" RelativeToClient="1" Font="Default" Text="" Template="Default" TooltipType="OnCursor" Name="DispositionRing" BGColor="white" TextColor="white" TooltipColor="" Picture="1" IgnoreMouse="1" Sprite="CRB_TargetFrameSprites:sprTF_AssistType_AltFriend"/>
            <Control Class="Window" LAnchorPoint="1" LAnchorOffset="-39" TAnchorPoint="1" TAnchorOffset="-39" RAnchorPoint="1" RAnchorOffset="19" BAnchorPoint="1" BAnchorOffset="20" RelativeToClient="1" Font="Default" Text="" Template="Default" TooltipType="OnCursor" Name="DispositionIcon" BGColor="white" TextColor="white" TooltipColor="" Picture="1" IgnoreMouse="1" Sprite="CRB_Raid:sprRaid_Icon_GreenFriendly"/>
        </Control>
        <Control Class="Window" LAnchorPoint="0" LAnchorOffset="1" TAnchorPoint="0" TAnchorOffset="1" RAnchorPoint="0" RAnchorOffset="51" BAnchorPoint="0" BAnchorOffset="43" RelativeToClient="1" Font="Default" Text="" Template="Default" TooltipType="OnCursor" Name="DispositionFrameHostile" BGColor="white" TextColor="white" TooltipColor="white" Tooltip="" TooltipId="TargetFrame_HostileTooltip" TooltipFont="CRB_InterfaceMedium">
            <Control Class="Window" LAnchorPoint="0" LAnchorOffset="0" TAnchorPoint="0" TAnchorOffset="0" RAnchorPoint="0" RAnchorOffset="42" BAnchorPoint="1" BAnchorOffset="0" RelativeToClient="1" Font="Default" Text="" Template="Default" TooltipType="OnCursor" Name="DispositionRing" BGColor="white" TextColor="white" TooltipColor="" Picture="1" IgnoreMouse="1" Sprite="CRB_TargetFrameSprites:sprTF_AssistType_AltHostile"/>
            <Control Class="Window" LAnchorPoint="1" LAnchorOffset="-39" TAnchorPoint="1" TAnchorOffset="-39" RAnchorPoint="1" RAnchorOffset="19" BAnchorPoint="1" BAnchorOffset="20" RelativeToClient="1" Font="Default" Text="" Template="Default" TooltipType="OnCursor" Name="DispositionIcon" BGColor="white" TextColor="white" TooltipColor="" Picture="1" IgnoreMouse="1" Sprite="CRB_Raid:sprRaid_Icon_RedEnemy"/>
        </Control>
        <Control Class="Window" LAnchorPoint="0" LAnchorOffset="21" TAnchorPoint="0" TAnchorOffset="23" RAnchorPoint="1" RAnchorOffset="-31" BAnchorPoint="0" BAnchorOffset="61" RelativeToClient="1" Font="CRB_InterfaceMedium" Sprite="" Text="" Template="Default" Name="CastingFrame" BGColor="white" TextColor="white" Picture="0" HideInEditor="0" IgnoreMouse="1" NewControlDepth="4" NoClip="1" Tooltip="" TooltipId="CRB_TargetFrame_CastBar" TooltipType="OnCursor" TooltipColor="">
            <Control Class="Window" LAnchorPoint="0" LAnchorOffset="0" TAnchorPoint="1" TAnchorOffset="-22" RAnchorPoint="1" RAnchorOffset="0" BAnchorPoint="1" BAnchorOffset="0" RelativeToClient="1" Font="Default" Text="" Template="Default" Name="CastingBase" BGColor="white" TextColor="white" Picture="1" IgnoreMouse="1" Sprite="CRB_TargetFrameSprites:sprTF_CastBaseOrange" TooltipColor=""/>
            <Control Class="ProgressBar" Text="" LAnchorPoint="0" LAnchorOffset="7" TAnchorPoint="1" TAnchorOffset="-17" RAnchorPoint="1" RAnchorOffset="-8" BAnchorPoint="1" BAnchorOffset="-4" AutoSetText="0" UseValues="0" RelativeToClient="1" SetTextToProgress="0" DT_CENTER="1" DT_VCENTER="1" ProgressFull="CRB_TargetFrameSprites:sprTF_CastMeterOrange" Name="CastingBar" BGColor="white" TextColor="white" NoClip="1" EdgeGlow="1" ProgressEdgeGlow="CRB_TargetFrameSprites:sprTF_CastMeterCapOrng" IgnoreMouse="1" TooltipColor="" BarColor=""/>
            <Control Class="Window" LAnchorPoint="0" LAnchorOffset="4" TAnchorPoint="1" TAnchorOffset="-4" RAnchorPoint="0" RAnchorOffset="193" BAnchorPoint="1" BAnchorOffset="7" RelativeToClient="1" Font="CRB_Pixel_O" Sprite="WhiteFill" Text="" Template="Default" Name="CastingName" BGColor="white" TextColor="white" IgnoreMouse="1" NoClip="1" TextId="" DT_VCENTER="1" TooltipColor=""/>
            <Control Class="Window" LAnchorPoint="0" LAnchorOffset="3" TAnchorPoint="0" TAnchorOffset="-2" RAnchorPoint="0" RAnchorOffset="25" BAnchorPoint="0" BAnchorOffset="20" RelativeToClient="1" Font="Default" Text="" Template="Default" Name="CastingIcon" BGColor="white" TextColor="white" Picture="1" IgnoreMouse="1" Sprite="CRB_TargetFrameSprites:sprTF_CastIconInterrupt" NoClip="1" HideInEditor="0" TooltipColor=""/>
        </Control>
    </Form>
    <Form Class="Window" Name="ClusterTargetMini" LAnchorPoint="0" LAnchorOffset="0" TAnchorPoint="0" TAnchorOffset="0" RAnchorPoint="0" RAnchorOffset="60" BAnchorPoint="0" BAnchorOffset="62" Moveable="0" BGColor="white" TextColor="white" Border="0" Overlapped="1" Template="CRB_Default" Visible="0" TooltipColor="" Tooltip="">
        <Control Class="Window" LAnchorPoint="0" LAnchorOffset="0" TAnchorPoint="0" TAnchorOffset="0" RAnchorPoint="0" RAnchorOffset="60" BAnchorPoint="0" BAnchorOffset="59" RelativeToClient="1" Font="Default" Text="" Template="Default" Name="ClusterTargetBG" BGColor="white" TextColor="white" Picture="1" IgnoreMouse="1" NoClip="1" Sprite="HUD_TargetFrame:spr_TargetFrame_ClusterFrame" HideInEditor="0" TooltipColor=""/>
        <Control Class="CostumeWindow" Name="TargetModel" Mask="ui\Textures\Alphas\UI_CRB_TargetFrameSecondary_TEMP.tga" NeverBringToFront="1" Camera="Target" Animated="1" NoClip="0" BGColor="white" TextColor="white" LAnchorPoint="0" LAnchorOffset="12" TAnchorPoint="0" TAnchorOffset="8" RAnchorPoint="0" RAnchorOffset="48" BAnchorPoint="0" BAnchorOffset="47" Overlay="" Border="0" Picture="0" TooltipColor="" IgnoreTooltipDelay="1" TooltipType="OnCursor"/>
        <Control Class="ProgressBar" Name="HealthTint" ProgressFull="HUD_TargetFrame:spr_TargetFrame_ClusterHealthGreen" NewControlDepth="1" PolygonalClipping="0" x0="0" x1="0" x2="0" x3="0" y0="0" y1="0" y2="0" y3="0" BGColor="white" TextColor="white" LAnchorPoint="0" LAnchorOffset="-5" TAnchorPoint="0" TAnchorOffset="-4" RAnchorPoint="0" RAnchorOffset="65" BAnchorPoint="0" BAnchorOffset="57" EdgeGlow="0" VerticallyAligned="0" BRtoLT="0" RadialBar="1" Clockwise="1" RadialMin="230.000000" RadialMax="308.000000" ProgressEmpty="" TooltipColor="" BarColor="" Sprite="">
            <Control Class="Window" Name="HealthText" Font="CRB_InterfaceMedium" RelativeToClient="1" Picture="0" BGColor="white" TextColor="white" TAnchorOffset="70" BAnchorOffset="85" NoClip="0" LAnchorPoint="0.00000" LAnchorOffset="-2" TAnchorPoint="0.00000" RAnchorPoint="0.00000" RAnchorOffset="145" BAnchorPoint="0.00000" TextId="CRB_Health" Visible="0" TooltipColor=""/>
        </Control>
        <Control Class="ProgressBar" Name="ShieldCapacityTint" ProgressFull="" NewControlDepth="1" PolygonalClipping="0" x0="6" x1="0" x2="139" x3="145" y0="0" y1="10" y2="10" y3="0" BGColor="white" TextColor="white" LAnchorPoint="0" LAnchorOffset="0" TAnchorPoint="0" TAnchorOffset="0" RAnchorPoint="0" RAnchorOffset="60" BAnchorPoint="0" BAnchorOffset="62" EdgeGlow="0" VerticallyAligned="0" BRtoLT="0" RadialBar="1" Clockwise="1" RadialMin="230.000000" RadialMax="295.000000" TooltipColor="" BarColor="" Text="" Visible="0"/>
        <Control Class="Window" LAnchorPoint=".25" LAnchorOffset="-17" TAnchorPoint="0.5" TAnchorOffset="28" RAnchorPoint="1" RAnchorOffset="-4" BAnchorPoint="0.7" BAnchorOffset="35" RelativeToClient="1" Font="CRB_InterfaceMedium" Sprite="TargetFrameSprites:sprSecondCastBack" Text="" Template="Default" Name="CastingFrame" BGColor="white" TextColor="white" Picture="0" IgnoreMouse="1" TooltipColor="">
            <Control Class="Window" LAnchorPoint="0" LAnchorOffset="21" TAnchorPoint="0" TAnchorOffset="4" RAnchorPoint="0" RAnchorOffset="46" BAnchorPoint="0" BAnchorOffset="29" RelativeToClient="1" Font="Default" Text="" Template="Default" Name="CastingIcon" BGColor="white" TextColor="white" Picture="1" IgnoreMouse="1" Sprite="" NoClip="1" TooltipColor=""/>
        </Control>
        <Event Name="MouseButtonDown" Function="OnMouseButtonDown"/>
        <Event Name="QueryDragDrop" Function="OnQueryDragDrop"/>
        <Event Name="DragDrop" Function="OnDragDrop"/>
        <Control Class="Window" LAnchorPoint="0" LAnchorOffset="0" TAnchorPoint="0" TAnchorOffset="0" RAnchorPoint="0" RAnchorOffset="-22" BAnchorPoint="0" BAnchorOffset="-22" RelativeToClient="1" Font="CRB_InterfaceMedium" Sprite="" Text="" Template="Default" Name="TargetClassIcon" BGColor="white" TextColor="white" Picture="1" TooltipColor=""/>
        <Control Class="Window" LAnchorPoint="0" LAnchorOffset="10" TAnchorPoint="0" TAnchorOffset="10" RAnchorPoint="0" RAnchorOffset="50" BAnchorPoint="0" BAnchorOffset="30" RelativeToClient="1" Font="Default" Text="" Template="Default" Name="GroupOptions" BGColor="white" TextColor="white" TooltipColor=""/>
        <Control Class="Window" Name="TargetScalingMark" Text="" DT_CENTER="1" DT_VCENTER="1" Font="CRB_InterfaceMedium_B" RelativeToClient="1" Picture="1" NewControlDepth="3" BGColor="white" TextColor="UI_TextMetalGoldHighlight" LAnchorPoint="0" LAnchorOffset="19" TAnchorPoint="0" TAnchorOffset="40" RAnchorPoint="0" RAnchorOffset="41" BAnchorPoint="0" BAnchorOffset="58" HideInEditor="0" TextId="" Tooltip="" TooltipId="CRB_TargetFrame_TargetLevel" TooltipType="OnCursor" TooltipColor="" DT_RIGHT="0" IgnoreMouse="1" IgnoreTooltipDelay="1" Sprite="CRB_TargetFrameSprites:sprTF_ScalingMark" Visible="0"/>
        <Control Class="Window" Name="TargetLevel" Text="44" DT_CENTER="1" DT_VCENTER="1" Font="CRB_InterfaceSmall" RelativeToClient="1" Picture="0" NewControlDepth="1" BGColor="white" TextColor="white" LAnchorPoint="0" LAnchorOffset="0" TAnchorPoint="0" TAnchorOffset="36" RAnchorPoint="0" RAnchorOffset="60" BAnchorPoint="0" BAnchorOffset="57" HideInEditor="0" TextId="" Tooltip="" TooltipId="" TooltipType="OnCursor" TooltipColor="" DT_RIGHT="0" IgnoreMouse="1" IgnoreTooltipDelay="1"/>
        <Control Class="Window" LAnchorPoint="0.5" LAnchorOffset="-12" TAnchorPoint="0" TAnchorOffset="-24" RAnchorPoint="0.5" RAnchorOffset="12" BAnchorPoint="0" BAnchorOffset="0" RelativeToClient="1" Font="Default" Text="" Template="Default" TooltipType="OnCursor" Name="TargetGoalPanel" BGColor="white" TextColor="white" TooltipColor="" Border="0" IgnoreMouse="1" TextId="" NoClip="1"/>
        <Control Class="Window" LAnchorPoint="0" LAnchorOffset="0" TAnchorPoint="0" TAnchorOffset="0" RAnchorPoint="0" RAnchorOffset="60" BAnchorPoint="0" BAnchorOffset="59" RelativeToClient="1" Font="Default" Text="" Template="Default" TooltipType="OnCursor" Name="Window" BGColor="white" TextColor="white" TooltipColor="" Sprite="HUD_TargetFrame:spr_TargetFrame_ClusterCover" Picture="1" IgnoreMouse="1"/>
    </Form>
</Forms>
