<Forms>
    <Form Class="Window" LAnchorPoint="0.5" LAnchorOffset="-225" TAnchorPoint="0.5" TAnchorOffset="-150" RAnchorPoint="0.5" RAnchorOffset="225" BAnchorPoint="0.5" BAnchorOffset="147" RelativeToClient="1" Font="Default" Text="" Template="Default" Name="CSI_YesNo" Border="0" Picture="1" SwallowMouseClicks="1" Moveable="1" Escapable="0" Overlapped="1" BGColor="ffffffff" TextColor="ffffffff" Sprite="" TransitionShowHide="1" TooltipColor="" Tooltip="">
        <Control Class="Window" LAnchorPoint="0" LAnchorOffset="8" TAnchorPoint="0" TAnchorOffset="8" RAnchorPoint="1" RAnchorOffset="-8" BAnchorPoint="1" BAnchorOffset="-8" RelativeToClient="1" Font="Default" Text="" Template="Holo_Small" Name="BGArt" BGColor="ffffffff" TextColor="ffffffff" Picture="1" IgnoreMouse="1" Sprite="" HideInEditor="0" TooltipColor="" Border="1" UseTemplateBG="1"/>
        <Event Name="WindowClosed" Function="OnYesNo_WindowClosed"/>
        <Control Class="Button" Base="BK3:btnHolo_Blue_Med" Font="CRB_Button" ButtonType="PushButton" RadioGroup="" LAnchorPoint="0" LAnchorOffset="80" TAnchorPoint="1" TAnchorOffset="-122" RAnchorPoint="0.5" RAnchorOffset="6" BAnchorPoint="1" BAnchorOffset="-50" DT_VCENTER="1" DT_CENTER="1" Name="YesButton" BGColor="ffffffff" TextColor="ffffffff" NormalTextColor="UI_BtnTextBlueNormal" PressedTextColor="UI_BtnTextBluePressed" FlybyTextColor="UI_BtnTextBlueFlyby" PressedFlybyTextColor="UI_BtnTextBluePressedFlyby" DisabledTextColor="ffffffff" Text="" TextId="Yes" TooltipColor="">
            <Event Name="ButtonSignal" Function="OnYesNo_YesPicked"/>
        </Control>
        <Control Class="Button" Base="BK3:btnHolo_Red_Med" Font="CRB_Button" ButtonType="PushButton" RadioGroup="" LAnchorPoint=".5" LAnchorOffset="5" TAnchorPoint="1" TAnchorOffset="-122" RAnchorPoint="1" RAnchorOffset="-80" BAnchorPoint="1" BAnchorOffset="-50" DT_VCENTER="1" DT_CENTER="1" Name="NoButton" BGColor="ffffffff" TextColor="ffffffff" NormalTextColor="UI_BtnTextRedNormal" PressedTextColor="UI_BtnTextRedPressed" FlybyTextColor="UI_BtnTextRedFlyby" PressedFlybyTextColor="UI_BtnTextRedPressedFlyby" DisabledTextColor="UI_BtnTextRedDisabled" Text="" TextId="No" TooltipColor="">
            <Event Name="ButtonSignal" Function="OnYesNo_NoPicked"/>
        </Control>
        <Control Class="Button" Base="BK3:btnHolo_Close" Font="Thick" ButtonType="PushButton" RadioGroup="" LAnchorPoint="1" LAnchorOffset="-92" TAnchorPoint="0" TAnchorOffset="48" RAnchorPoint="1" RAnchorOffset="-49" BAnchorPoint="0" BAnchorOffset="90" DT_VCENTER="1" DT_CENTER="1" Name="CloseButton" BGColor="aaffffff" TextColor="ffffffff" NormalTextColor="ffffffff" PressedTextColor="ffffffff" FlybyTextColor="ffffffff" PressedFlybyTextColor="ffffffff" DisabledTextColor="ffffffff" Text="" TooltipColor="">
            <Event Name="ButtonSignal" Function="OnYesNo_NoPicked"/>
        </Control>
        <Control Class="Window" LAnchorPoint="0" LAnchorOffset="70" TAnchorPoint="0" TAnchorOffset="90" RAnchorPoint="1" RAnchorOffset="-70" BAnchorPoint="0" BAnchorOffset="166" RelativeToClient="1" Font="CRB_InterfaceMedium" Text="" Template="Default" Name="BodyText" BGColor="ffffffff" TextColor="ff7fffb9" TextId="" DT_CENTER="1" DT_VCENTER="1" DT_WORDBREAK="1" TooltipColor="" Sprite="BK3:UI_BK3_Holo_InsetSimple" Picture="1" IgnoreMouse="1" Border="0" UseTemplateBG="1"/>
    </Form>
    <Form Class="Window" LAnchorPoint="0.5" LAnchorOffset="85" TAnchorPoint="0.5" TAnchorOffset="0" RAnchorPoint="0.5" RAnchorOffset="360" BAnchorPoint="0.5" BAnchorOffset="77" RelativeToClient="1" Font="Default" Text="" Template="Default" Name="CSI_Progress" Border="0" Picture="1" SwallowMouseClicks="1" Moveable="0" Escapable="1" Overlapped="1" BGColor="ffffffff" TextColor="ffffffff" Sprite="" TransitionShowHide="1" Visible="1" UseTransitionSprite="0" TooltipColor="" Tooltip="">
        <Control Class="Window" LAnchorPoint="0" LAnchorOffset="45" TAnchorPoint="0" TAnchorOffset="10" RAnchorPoint="1" RAnchorOffset="0" BAnchorPoint="0" BAnchorOffset="44" RelativeToClient="1" Font="Default" Text="" Template="Default" TooltipType="OnCursor" Name="ProgressBarFrame" BGColor="ffffffff" TextColor="ffffffff" TooltipColor="" Sprite="kitIProgBar_HoloFrame_Base" Picture="1" IgnoreMouse="1">
            <Control Class="ProgressBar" Text="" LAnchorPoint="0" LAnchorOffset="12" TAnchorPoint="0" TAnchorOffset="1" RAnchorPoint="1" RAnchorOffset="-12" BAnchorPoint="1" BAnchorOffset="0" RelativeToClient="1" Name="ProgressBar" BGColor="ffffffff" TextColor="ffffffff" ProgressFill="" IgnoreMouse="1" RadialBar="0" Clockwise="0" ProgressFull="kitIProgBar_HoloFrame_FillBlue" RadialMax="270.000000" RadialMin="270.000000" Picture="1" Sprite="" TooltipColor="" BarColor="" Visible="1" HideInEditor="0" ProgressEdgeGlow="kitIProgBar_HoloFrame_CapRed" EdgeGlow="1" NoClipEdgeGlow="1"/>
        </Control>
        <Control Class="Button" Base="kitBtn_Holo_Keyboard" Font="CRB_HeaderMedium" ButtonType="PushButton" RadioGroup="" LAnchorPoint="0" LAnchorOffset="0" TAnchorPoint="0" TAnchorOffset="0" RAnchorPoint="0" RAnchorOffset="52" BAnchorPoint="0" BAnchorOffset="52" DT_VCENTER="1" DT_CENTER="1" Name="ProgressButton" BGColor="ffffffff" TextColor="ffffffff" NormalTextColor="ff7fffb9" PressedTextColor="ff7fffb9" FlybyTextColor="ff7fffb9" PressedFlybyTextColor="ff7fffb9" DisabledTextColor="ffffffff" Text="" TextId="" RelativeToClient="1" TooltipColor="" Visible="1" HideInEditor="0">
            <Event Name="ButtonDown" Function="OnButtonDown"/>
            <Event Name="ButtonUp" Function="OnButtonUp"/>
            <Control Class="Window" LAnchorPoint="0" LAnchorOffset="0" TAnchorPoint="0" TAnchorOffset="0" RAnchorPoint="1" RAnchorOffset="0" BAnchorPoint="1" BAnchorOffset="0" RelativeToClient="1" Font="CRB_HeaderLarge" Text="" Template="Default" TooltipType="OnCursor" Name="KeyText" BGColor="ffffffff" TextColor="ff7fffb9" TooltipColor="" TextId="" DT_CENTER="1" DT_VCENTER="1" NewControlDepth="1"/>
        </Control>
        <Control Class="Window" LAnchorPoint="0" LAnchorOffset="45" TAnchorPoint="0" TAnchorOffset="1" RAnchorPoint="1" RAnchorOffset="0" BAnchorPoint="0" BAnchorOffset="49" RelativeToClient="1" Font="CRB_InterfaceSmall_O" Text="" Template="Default" Name="BodyText" BGColor="ffffffff" TextColor="ff7fffb9" TextId="ProgressClick_RapidClickUnit" DT_CENTER="1" DT_VCENTER="0" DT_WORDBREAK="1" TooltipColor=""/>
        <Control Class="Window" LAnchorPoint="0" LAnchorOffset="50" TAnchorPoint="0" TAnchorOffset="35" RAnchorPoint="1" RAnchorOffset="-5" BAnchorPoint="0" BAnchorOffset="66" RelativeToClient="1" Font="Default" Text="" Template="Default" TooltipType="OnCursor" Name="TimeRemainingContainer" BGColor="ffffffff" TextColor="ffffffff" TooltipColor="" Visible="0">
            <Control Class="Window" LAnchorPoint="0" LAnchorOffset="20" TAnchorPoint="0" TAnchorOffset="7" RAnchorPoint="1" RAnchorOffset="0" BAnchorPoint="1" BAnchorOffset="-6" RelativeToClient="1" Font="Default" Text="" Template="Default" TooltipType="OnCursor" Name="TimeRemainingBarBG" BGColor="ffffffff" TextColor="ffffffff" TooltipColor="" Sprite="kitIProgBar_Simple_Base" Picture="1" IgnoreMouse="1">
                <Control Class="ProgressBar" Text="" LAnchorPoint="0" LAnchorOffset="8" TAnchorPoint="0" TAnchorOffset="3" RAnchorPoint="1" RAnchorOffset="-8" BAnchorPoint="0" BAnchorOffset="16" AutoSetText="0" UseValues="0" RelativeToClient="1" SetTextToProgress="0" DT_CENTER="1" DT_VCENTER="1" ProgressEmpty="" ProgressFull="kitIProgBar_Simple_Fill" TooltipType="OnCursor" Name="TimeRemainingBar" BGColor="ffffffff" TextColor="ffffffff" TooltipColor="" BarColor="" Picture="1" Sprite=""/>
            </Control>
            <Control Class="Window" LAnchorPoint="0" LAnchorOffset="0" TAnchorPoint="0" TAnchorOffset="4" RAnchorPoint="0" RAnchorOffset="22" BAnchorPoint="0" BAnchorOffset="26" RelativeToClient="1" Font="Default" Text="" Template="Default" TooltipType="OnCursor" Name="TimeRemainingIcon" BGColor="ffffffff" TextColor="ffffffff" TooltipColor="" Picture="1" IgnoreMouse="1" Sprite="kitIcon_Holo_Clock"/>
        </Control>
        <Control Class="Window" LAnchorPoint="0" LAnchorOffset="0" TAnchorPoint="0" TAnchorOffset="0" RAnchorPoint="1" RAnchorOffset="0" BAnchorPoint="1" BAnchorOffset="0" RelativeToClient="1" Font="Default" Text="" Template="Default" TooltipType="OnCursor" Name="HoldButtonDecoration" BGColor="ffffffff" TextColor="ffffffff" TooltipColor="" Visible="0">
            <Control Class="Window" LAnchorPoint="0" LAnchorOffset="10" TAnchorPoint="0" TAnchorOffset="-20" RAnchorPoint="0" RAnchorOffset="42" BAnchorPoint="0" BAnchorOffset="18" RelativeToClient="1" Font="Default" Text="" Template="Default" TooltipType="OnCursor" Name="HoldIcon" BGColor="ff31fcf6" TextColor="ffffffff" TooltipColor="" Sprite="sprPP_SciSpawnArrowDown" Picture="1" IgnoreMouse="1" NoClip="1" NewControlDepth="1"/>
            <Pixie LAnchorPoint="0" LAnchorOffset="0" TAnchorPoint="0" TAnchorOffset="39" RAnchorPoint="0" RAnchorOffset="52" BAnchorPoint="0" BAnchorOffset="88" BGColor="ffffffff" Font="CRB_HeaderSmall" TextColor="ff7fffb9" Text="" TextId="CSI_Hold" DT_CENTER="1" DT_VCENTER="0" Line="0"/>
        </Control>
        <Event Name="WindowClosed" Function="OnCancel"/>
    </Form>
    <Form Class="Window" LAnchorPoint="0.5" LAnchorOffset="88" TAnchorPoint="0.5" TAnchorOffset="4" RAnchorPoint="0.5" RAnchorOffset="368" BAnchorPoint="0.5" BAnchorOffset="73" RelativeToClient="1" Font="Default" Text="" Template="Default" Name="CSI_Precision" Picture="1" Moveable="0" Escapable="1" Overlapped="1" BGColor="ffffffff" TextColor="ffffffff" TextId="" TransitionShowHide="1" UseTransitionSprite="0" IgnoreMouse="1" TooltipColor="" Tooltip="" HideInEditor="0">
        <Control Class="Window" LAnchorPoint="0" LAnchorOffset="44" TAnchorPoint="0" TAnchorOffset="16" RAnchorPoint="1" RAnchorOffset="0" BAnchorPoint="0" BAnchorOffset="36" RelativeToClient="1" Font="CRB_InterfaceMedium_B" Text="" Template="Default" Name="BodyText" BGColor="ffffffff" TextColor="ff7fffb9" TextId="" DT_CENTER="0" DT_VCENTER="0" DT_WORDBREAK="0" HideInEditor="0" TooltipColor=""/>
        <Control Class="Window" LAnchorPoint="0" LAnchorOffset="0" TAnchorPoint="0" TAnchorOffset="39" RAnchorPoint="1" RAnchorOffset="0" BAnchorPoint="0" BAnchorOffset="63" RelativeToClient="1" Font="Default" Text="" Template="Default" Name="ProgressBarBG" BGColor="ffffffff" TextColor="ffffffff" Sprite="CRB_Basekit:kitIProgBar_Holo_Base" Picture="1" IgnoreMouse="1" HideInEditor="0" Visible="1" TooltipColor=""/>
        <Control Class="ProgressBar" Text="" LAnchorPoint="0" LAnchorOffset="10" TAnchorPoint="0" TAnchorOffset="35" RAnchorPoint="1" RAnchorOffset="-10" BAnchorPoint="0" BAnchorOffset="65" RelativeToClient="1" Name="ProgressBar" BGColor="ffffffff" TextColor="ffffffff" ProgressFill="" IgnoreMouse="1" TooltipColor="" BarColor="" ProgressEdgeGlow="CRB_Basekit:kitIProgBar_HoloFrame_CapArrowR" EdgeGlow="1" NoClipEdgeGlow="1" VerticallyAligned="0" SetTextToProgress="0"/>
        <Control Class="Button" Base="CRB_Basekit:kitBtn_Dropdown_IconBase" Font="CRB_HeaderLarge" ButtonType="PushButton" RadioGroup="" LAnchorPoint="0" LAnchorOffset="6" TAnchorPoint="0" TAnchorOffset="10" RAnchorPoint="0" RAnchorOffset="37" BAnchorPoint="0" BAnchorOffset="49" DT_VCENTER="1" DT_CENTER="1" Name="ProgressButton" BGColor="ffffffff" TextColor="ffffffff" NormalTextColor="ff31fcf6" PressedTextColor="ff31fcf6" FlybyTextColor="ff31fcf6" PressedFlybyTextColor="ff31fcf6" DisabledTextColor="ffffffff" Text="" TextId="" RelativeToClient="1" HideInEditor="0" Visible="1" TooltipColor="">
            <Event Name="ButtonDown" Function="OnButtonDown"/>
            <Event Name="ButtonUp" Function="OnButtonUp"/>
            <Control Class="Window" LAnchorPoint="0" LAnchorOffset="0" TAnchorPoint="0" TAnchorOffset="4" RAnchorPoint="1" RAnchorOffset="0" BAnchorPoint="1" BAnchorOffset="0" RelativeToClient="1" Font="CRB_HeaderLarge" Text="F" Template="Default" Name="StartProgressButtonText" BGColor="ffffffff" TextColor="ffffffff" TextId="" DT_CENTER="1" Tooltip="" TooltipColor=""/>
        </Control>
        <Control Class="Window" LAnchorPoint="0" LAnchorOffset="39" TAnchorPoint="0" TAnchorOffset="36" RAnchorPoint="0" RAnchorOffset="69" BAnchorPoint="0" BAnchorOffset="66" RelativeToClient="1" Font="Default" Text="" Template="Default" Name="ClickTimeFrame" BGColor="ffffffff" TextColor="ffffffff" Visible="0" Picture="1" IgnoreMouse="1" Sprite="CRB_Basekit:kitAccent_Frame_OrangeCorners" TooltipColor="">
            <Control Class="Button" Base="CRB_Basekit:kitBtn_Dropdown_IconBase" Font="CRB_HeaderLarge" ButtonType="PushButton" RadioGroup="" LAnchorPoint="0.5" LAnchorOffset="-16" TAnchorPoint="0" TAnchorOffset="-32" RAnchorPoint="0.5" RAnchorOffset="15" BAnchorPoint="0" BAnchorOffset="7" DT_VCENTER="1" DT_CENTER="1" Name="ClickProgressButton" BGColor="ffffffff" TextColor="ffffffff" NormalTextColor="ff31fcf6" PressedTextColor="ff31fcf6" FlybyTextColor="ff31fcf6" PressedFlybyTextColor="ff31fcf6" DisabledTextColor="ffffffff" Text="" TextId="" RelativeToClient="1" HideInEditor="0" Visible="0" NoClip="1" TooltipColor="">
                <Event Name="ButtonDown" Function="OnButtonDown"/>
                <Event Name="ButtonUp" Function="OnButtonUp"/>
                <Control Class="Window" LAnchorPoint="0" LAnchorOffset="0" TAnchorPoint="0" TAnchorOffset="4" RAnchorPoint="1" RAnchorOffset="0" BAnchorPoint="1" BAnchorOffset="0" RelativeToClient="1" Font="CRB_HeaderLarge" Text="F" Template="Default" Name="ProgressButtonText" BGColor="ffffffff" TextColor="ffffffff" TextId="" DT_CENTER="1" Tooltip="" Sprite="MissionLog_TEMP:spr_TEMP_MLog_CheckMark" Picture="0" IgnoreMouse="1" TooltipColor=""/>
                <Control Class="Window" LAnchorPoint="0" LAnchorOffset="0" TAnchorPoint="0" TAnchorOffset="0" RAnchorPoint="1" RAnchorOffset="0" BAnchorPoint="1" BAnchorOffset="-8" RelativeToClient="1" Font="CRB_HeaderLarge" Text="F" Template="Default" Name="ProgressButtonGlow" BGColor="ffffffff" TextColor="ff31fcf6" Picture="1" IgnoreMouse="1" Sprite="sprWinAnim_BirthSmallTempLoop" Visible="0" TransitionShowHide="1" TextId="" DT_CENTER="1" DT_VCENTER="1" HideInEditor="1" TooltipColor=""/>
                <Control Class="Window" LAnchorPoint="0" LAnchorOffset="8" TAnchorPoint="0" TAnchorOffset="4" RAnchorPoint="0" RAnchorOffset="32" BAnchorPoint="0" BAnchorOffset="28" RelativeToClient="1" Font="Default" Text="" Template="Default" Name="ProgressButtonCheck" BGColor="ffffffff" TextColor="ffffffff" Visible="0" Picture="1" IgnoreMouse="1" Sprite="CRB_Tradeskills:sprSchemCheckMark" TooltipColor="" NewWindowDepth="1"/>
                <Control Class="Window" LAnchorPoint="0" LAnchorOffset="4" TAnchorPoint="0" TAnchorOffset="3" RAnchorPoint="0" RAnchorOffset="28" BAnchorPoint="0" BAnchorOffset="27" RelativeToClient="1" Font="Default" Text="" Template="Default" Name="ProgressButtonFail" BGColor="ddffffff" TextColor="ffffffff" Picture="1" IgnoreMouse="1" Sprite="ClientSprites:LootCloseBox" Visible="0" TooltipColor=""/>
            </Control>
            <Pixie LAnchorPoint="0" LAnchorOffset="4" TAnchorPoint="0" TAnchorOffset="2" RAnchorPoint="1" RAnchorOffset="-4" BAnchorPoint="1" BAnchorOffset="-2" BGColor="ffffffff" Font="Default" TextColor="ffffffff" Text="" Sprite="CRB_Basekit:kitIProgBar_HoloFrame_FillBlue" Line="0"/>
            <Control Class="Window" LAnchorPoint="0.5" LAnchorOffset="-15" TAnchorPoint="0" TAnchorOffset="0" RAnchorPoint="0.5" RAnchorOffset="15" BAnchorPoint="0" BAnchorOffset="30" RelativeToClient="1" Font="Default" Text="" Template="Default" TooltipType="OnCursor" Name="PreviewProgressButtonWindow" BGColor="ffffffff" TextColor="ffffffff" TooltipColor="" Sprite="CRB_Basekit:kitBtn_Holo_IconBaseNormal" Picture="1" IgnoreMouse="1">
                <Control Class="Window" LAnchorPoint="0" LAnchorOffset="0" TAnchorPoint="0" TAnchorOffset="4" RAnchorPoint="1" RAnchorOffset="0" BAnchorPoint="1" BAnchorOffset="0" RelativeToClient="1" Font="CRB_HeaderLarge" Text="F" Template="Default" Name="PreviewProgressButtonText" BGColor="ffffffff" TextColor="ffffffff" TextId="" DT_CENTER="1" Tooltip="" Sprite="MissionLog_TEMP:spr_TEMP_MLog_CheckMark" Picture="0" IgnoreMouse="1" TooltipColor="" DT_VCENTER="0"/>
            </Control>
        </Control>
        <Control Class="Window" LAnchorPoint="0" LAnchorOffset="71" TAnchorPoint="0" TAnchorOffset="36" RAnchorPoint="0" RAnchorOffset="101" BAnchorPoint="0" BAnchorOffset="66" RelativeToClient="1" Font="Default" Text="" Template="Default" Name="ClickTimeFrame2" BGColor="ffffffff" TextColor="ffffffff" Sprite="CRB_Basekit:kitAccent_Frame_OrangeCorners" Picture="1" IgnoreMouse="1" Visible="0" HideInEditor="0" TooltipColor="">
            <Control Class="Button" Base="CRB_Basekit:kitBtn_Dropdown_IconBase" Font="CRB_HeaderLarge" ButtonType="PushButton" RadioGroup="" LAnchorPoint="0.5" LAnchorOffset="-16" TAnchorPoint="0" TAnchorOffset="-32" RAnchorPoint="0.5" RAnchorOffset="15" BAnchorPoint="0" BAnchorOffset="7" DT_VCENTER="1" DT_CENTER="1" Name="ClickProgressButton" BGColor="ffffffff" TextColor="ffffffff" NormalTextColor="ff31fcf6" PressedTextColor="ff31fcf6" FlybyTextColor="ff31fcf6" PressedFlybyTextColor="ff31fcf6" DisabledTextColor="ffffffff" Text="" TextId="" RelativeToClient="1" HideInEditor="0" Visible="0" NoClip="1" TooltipColor="">
                <Event Name="ButtonDown" Function="OnButtonDown"/>
                <Event Name="ButtonUp" Function="OnButtonUp"/>
                <Control Class="Window" LAnchorPoint="0" LAnchorOffset="0" TAnchorPoint="0" TAnchorOffset="4" RAnchorPoint="1" RAnchorOffset="0" BAnchorPoint="1" BAnchorOffset="0" RelativeToClient="1" Font="CRB_HeaderLarge" Text="F" Template="Default" Name="ProgressButtonText" BGColor="ffffffff" TextColor="ffffffff" TextId="" DT_CENTER="1" Tooltip="" TooltipColor=""/>
                <Control Class="Window" LAnchorPoint="0" LAnchorOffset="0" TAnchorPoint="0" TAnchorOffset="0" RAnchorPoint="1" RAnchorOffset="0" BAnchorPoint="1" BAnchorOffset="-8" RelativeToClient="1" Font="CRB_HeaderLarge" Text="F" Template="Default" Name="ProgressButtonGlow" BGColor="ffffffff" TextColor="ff31fcf6" Picture="1" IgnoreMouse="1" Sprite="sprWinAnim_BirthSmallTempLoop" Visible="0" TransitionShowHide="1" TextId="" DT_CENTER="1" DT_VCENTER="1" HideInEditor="1" TooltipColor=""/>
                <Control Class="Window" LAnchorPoint="0" LAnchorOffset="8" TAnchorPoint="0" TAnchorOffset="4" RAnchorPoint="0" RAnchorOffset="32" BAnchorPoint="0" BAnchorOffset="28" RelativeToClient="1" Font="Default" Text="" Template="Default" Name="ProgressButtonCheck" BGColor="ffffffff" TextColor="ffffffff" Visible="0" Picture="1" IgnoreMouse="1" Sprite="CRB_Tradeskills:sprSchemCheckMark" TooltipColor="" NewWindowDepth="1"/>
                <Control Class="Window" LAnchorPoint="0" LAnchorOffset="4" TAnchorPoint="0" TAnchorOffset="3" RAnchorPoint="0" RAnchorOffset="28" BAnchorPoint="0" BAnchorOffset="27" RelativeToClient="1" Font="Default" Text="" Template="Default" Name="ProgressButtonFail" BGColor="ddffffff" TextColor="ffffffff" Picture="1" IgnoreMouse="1" Sprite="ClientSprites:LootCloseBox" Visible="0" TooltipColor=""/>
            </Control>
            <Pixie LAnchorPoint="0" LAnchorOffset="4" TAnchorPoint="0" TAnchorOffset="2" RAnchorPoint="1" RAnchorOffset="-4" BAnchorPoint="1" BAnchorOffset="-2" BGColor="ffffffff" Font="Default" TextColor="ffffffff" Text="" Sprite="CRB_Basekit:kitIProgBar_HoloFrame_FillBlue" Line="0"/>
            <Control Class="Window" LAnchorPoint="0.5" LAnchorOffset="-15" TAnchorPoint="0" TAnchorOffset="0" RAnchorPoint="0.5" RAnchorOffset="15" BAnchorPoint="0" BAnchorOffset="30" RelativeToClient="1" Font="Default" Text="" Template="Default" TooltipType="OnCursor" Name="PreviewProgressButtonWindow" BGColor="ffffffff" TextColor="ffffffff" TooltipColor="" Sprite="CRB_Basekit:kitBtn_Holo_IconBaseNormal" Picture="1" IgnoreMouse="1">
                <Control Class="Window" LAnchorPoint="0" LAnchorOffset="0" TAnchorPoint="0" TAnchorOffset="4" RAnchorPoint="1" RAnchorOffset="0" BAnchorPoint="1" BAnchorOffset="0" RelativeToClient="1" Font="CRB_HeaderLarge" Text="F" Template="Default" Name="PreviewProgressButtonText" BGColor="ffffffff" TextColor="ffffffff" TextId="" DT_CENTER="1" Tooltip="" Sprite="MissionLog_TEMP:spr_TEMP_MLog_CheckMark" Picture="0" IgnoreMouse="1" TooltipColor="" DT_VCENTER="0"/>
            </Control>
        </Control>
        <Control Class="Window" LAnchorPoint="1" LAnchorOffset="-8" TAnchorPoint="0" TAnchorOffset="33" RAnchorPoint="1" RAnchorOffset="26" BAnchorPoint="0" BAnchorOffset="67" RelativeToClient="1" Font="CRB_InterfaceMedium_B" Text="" Template="Default" TooltipType="OnCursor" Name="MetronomeDecoration" BGColor="ffffffff" TextColor="ffffffff" TooltipColor="" Picture="1" IgnoreMouse="1" Sprite="kitIcon_InProgress" NoClip="1" Visible="0" HideInEditor="1"/>
        <Control Class="Window" LAnchorPoint="0" LAnchorOffset="0" TAnchorPoint="0" TAnchorOffset="62" RAnchorPoint="1" RAnchorOffset="0" BAnchorPoint="0" BAnchorOffset="82" RelativeToClient="1" Font="CRB_InterfaceMedium_B" Text="" Template="Default" TooltipType="OnCursor" Name="MetronomeMissThresholdText" BGColor="ffffffff" TextColor="ff7fffb9" TooltipColor="" TextId="" IgnoreMouse="1" NoClip="1" DT_CENTER="1" HideInEditor="0"/>
        <Control Class="Window" LAnchorPoint="0" LAnchorOffset="280" TAnchorPoint="0" TAnchorOffset="29" RAnchorPoint="0" RAnchorOffset="380" BAnchorPoint="0" BAnchorOffset="61" RelativeToClient="1" Font="CRB_FloaterSmall" Text="x$1c" Template="Default" TooltipType="OnCursor" Name="MetronomeProgress" BGColor="ffffffff" TextColor="ffffffff" TooltipColor="" IgnoreMouse="1" NoClip="1" TextId="" DT_CENTER="0" DT_VCENTER="0" DT_BOTTOM="1"/>
        <Event Name="WindowClosed" Function="OnCancel"/>
    </Form>
    <Form Class="Window" LAnchorPoint="0.5" LAnchorOffset="-370" TAnchorPoint="0.5" TAnchorOffset="-195" RAnchorPoint="0.5" RAnchorOffset="-75" BAnchorPoint="0.5" BAnchorOffset="215" RelativeToClient="1" Font="Default" Text="" Template="Default" TooltipType="OnCursor" Name="CSI_Keypad" Border="0" Picture="1" SwallowMouseClicks="1" Moveable="1" Escapable="1" Overlapped="1" BGColor="ffffffff" TextColor="ffffffff" TooltipColor="" IgnoreMouse="1" Sprite="" Visible="0" Tooltip="">
        <Control Class="Window" LAnchorPoint="0" LAnchorOffset="27" TAnchorPoint="0" TAnchorOffset="20" RAnchorPoint="1" RAnchorOffset="-27" BAnchorPoint="1" BAnchorOffset="-20" RelativeToClient="1" Font="Default" Text="" Template="Default" TooltipType="OnCursor" Name="KeypadBG" BGColor="ffffffff" TextColor="ffffffff" TooltipColor="" Sprite="kitBase_MetalGrey_Small" Border="0" IgnoreMouse="1" Picture="1"/>
        <Control Class="Window" LAnchorPoint="0" LAnchorOffset="10" TAnchorPoint="0" TAnchorOffset="12" RAnchorPoint="1" RAnchorOffset="-10" BAnchorPoint="0" BAnchorOffset="95" RelativeToClient="1" Font="Default" Text="" Template="Default" TooltipType="OnCursor" Name="KeypadTopBG" BGColor="ffffffff" TextColor="ffffffff" TooltipColor="" Sprite="kitHeader_Hybrid_ButtonPanel" Picture="1" IgnoreMouse="1">
            <Control Class="Window" LAnchorPoint="0" LAnchorOffset="44" TAnchorPoint="0" TAnchorOffset="20" RAnchorPoint="1" RAnchorOffset="-44" BAnchorPoint="0" BAnchorOffset="60" RelativeToClient="1" Font="CRB_InterfaceMedium_O" Text="" Template="Default" TooltipType="OnCursor" Name="KeypadText" BGColor="ffffffff" TextColor="9d31fcf6" TooltipColor="" TextId="CRB__2" DT_CENTER="1" DT_VCENTER="1" DT_WORDBREAK="1"/>
            <Control Class="Window" LAnchorPoint="0" LAnchorOffset="44" TAnchorPoint="0" TAnchorOffset="20" RAnchorPoint="1" RAnchorOffset="-44" BAnchorPoint="0" BAnchorOffset="60" RelativeToClient="1" Font="CRB_HeaderHuge_O" Text="1234" Template="Default" TooltipType="OnCursor" Name="TextDisplay" BGColor="ffffffff" TextColor="UI_TextHoloBody" TooltipColor="" DT_RIGHT="1" DT_VCENTER="1" TextId=""/>
        </Control>
        <Control Class="Window" LAnchorPoint="0" LAnchorOffset="47" TAnchorPoint="0" TAnchorOffset="92" RAnchorPoint="1" RAnchorOffset="-47" BAnchorPoint="0" BAnchorOffset="353" RelativeToClient="1" Font="Default" Text="" Template="Default" TooltipType="OnCursor" Name="KeypadButtonContainer" BGColor="ffffffff" TextColor="ffffffff" TooltipColor="">
            <Control Class="Button" Base="kitBtn_Metal_IconBaseStretch" Font="CRB_HeaderLarge" ButtonType="PushButton" RadioGroup="" LAnchorPoint="0" LAnchorOffset="0" TAnchorPoint="0" TAnchorOffset="0" RAnchorPoint="0" RAnchorOffset="67" BAnchorPoint="0.25" BAnchorOffset="0" DT_VCENTER="1" DT_CENTER="1" TooltipType="OnCursor" Name="Button1" BGColor="ffffffff" TextColor="ffffffff" TooltipColor="" NormalTextColor="ff5f6662" PressedTextColor="ff9aeea3" FlybyTextColor="ff5f6662" PressedFlybyTextColor="ff9aeea3" DisabledTextColor="ffffffff" Text="" TextId="CRB_1">
                <Event Name="ButtonSignal" Function="OnKeypadSignal"/>
            </Control>
            <Control Class="Button" Base="kitBtn_Metal_IconBaseStretch" Font="CRB_HeaderLarge" ButtonType="PushButton" RadioGroup="" LAnchorPoint="0" LAnchorOffset="67" TAnchorPoint="0" TAnchorOffset="0" RAnchorPoint="0" RAnchorOffset="134" BAnchorPoint="0.25" BAnchorOffset="0" DT_VCENTER="1" DT_CENTER="1" TooltipType="OnCursor" Name="Button2" BGColor="ffffffff" TextColor="ffffffff" TooltipColor="" NormalTextColor="ff5f6662" PressedTextColor="ff9aeea3" FlybyTextColor="ff5f6662" PressedFlybyTextColor="ff9aeea3" DisabledTextColor="ffffffff" Text="" TextId="CRB_2">
                <Event Name="ButtonSignal" Function="OnKeypadSignal"/>
            </Control>
            <Control Class="Button" Base="kitBtn_Metal_IconBaseStretch" Font="CRB_HeaderLarge" ButtonType="PushButton" RadioGroup="" LAnchorPoint="0" LAnchorOffset="134" TAnchorPoint="0" TAnchorOffset="0" RAnchorPoint="1" RAnchorOffset="0" BAnchorPoint="0.25" BAnchorOffset="0" DT_VCENTER="1" DT_CENTER="1" TooltipType="OnCursor" Name="Button3" BGColor="ffffffff" TextColor="ffffffff" TooltipColor="" NormalTextColor="ff5f6662" PressedTextColor="ff9aeea3" FlybyTextColor="ff5f6662" PressedFlybyTextColor="ff9aeea3" DisabledTextColor="ffffffff" Text="" TextId="CRB_3">
                <Event Name="ButtonSignal" Function="OnKeypadSignal"/>
            </Control>
            <Control Class="Button" Base="kitBtn_Metal_IconBaseStretch" Font="CRB_HeaderLarge" ButtonType="PushButton" RadioGroup="" LAnchorPoint="0" LAnchorOffset="0" TAnchorPoint="0.25" TAnchorOffset="0" RAnchorPoint="0" RAnchorOffset="67" BAnchorPoint="0.5" BAnchorOffset="0" DT_VCENTER="1" DT_CENTER="1" TooltipType="OnCursor" Name="Button4" BGColor="ffffffff" TextColor="ffffffff" TooltipColor="" NormalTextColor="ff5f6662" PressedTextColor="ff9aeea3" FlybyTextColor="ff5f6662" PressedFlybyTextColor="ff9aeea3" DisabledTextColor="ffffffff" Text="" TextId="CRB_4">
                <Event Name="ButtonSignal" Function="OnKeypadSignal"/>
            </Control>
            <Control Class="Button" Base="kitBtn_Metal_IconBaseStretch" Font="CRB_HeaderLarge" ButtonType="PushButton" RadioGroup="" LAnchorPoint="0" LAnchorOffset="67" TAnchorPoint="0.25" TAnchorOffset="0" RAnchorPoint="0" RAnchorOffset="134" BAnchorPoint="0.5" BAnchorOffset="0" DT_VCENTER="1" DT_CENTER="1" TooltipType="OnCursor" Name="Button5" BGColor="ffffffff" TextColor="ffffffff" TooltipColor="" NormalTextColor="ff5f6662" PressedTextColor="ff9aeea3" FlybyTextColor="ff5f6662" PressedFlybyTextColor="ff9aeea3" DisabledTextColor="ffffffff" Text="" TextId="CRB_5">
                <Event Name="ButtonSignal" Function="OnKeypadSignal"/>
            </Control>
            <Control Class="Button" Base="kitBtn_Metal_IconBaseStretch" Font="CRB_HeaderLarge" ButtonType="PushButton" RadioGroup="" LAnchorPoint="0" LAnchorOffset="134" TAnchorPoint="0.25" TAnchorOffset="0" RAnchorPoint="1" RAnchorOffset="0" BAnchorPoint="0.5" BAnchorOffset="0" DT_VCENTER="1" DT_CENTER="1" TooltipType="OnCursor" Name="Button6" BGColor="ffffffff" TextColor="ffffffff" TooltipColor="" NormalTextColor="ff5f6662" PressedTextColor="ff9aeea3" FlybyTextColor="ff5f6662" PressedFlybyTextColor="ff9aeea3" DisabledTextColor="ffffffff" Text="" TextId="CRB_6">
                <Event Name="ButtonSignal" Function="OnKeypadSignal"/>
            </Control>
            <Control Class="Button" Base="kitBtn_Metal_IconBaseStretch" Font="CRB_HeaderLarge" ButtonType="PushButton" RadioGroup="" LAnchorPoint="0" LAnchorOffset="0" TAnchorPoint="0.5" TAnchorOffset="0" RAnchorPoint="0" RAnchorOffset="67" BAnchorPoint="0.75" BAnchorOffset="0" DT_VCENTER="1" DT_CENTER="1" TooltipType="OnCursor" Name="Button7" BGColor="ffffffff" TextColor="ffffffff" TooltipColor="" NormalTextColor="ff5f6662" PressedTextColor="ff9aeea3" FlybyTextColor="ff5f6662" PressedFlybyTextColor="ff9aeea3" DisabledTextColor="ffffffff" Text="" TextId="CRB_7">
                <Event Name="ButtonSignal" Function="OnKeypadSignal"/>
            </Control>
            <Control Class="Button" Base="kitBtn_Metal_IconBaseStretch" Font="CRB_HeaderLarge" ButtonType="PushButton" RadioGroup="" LAnchorPoint="0" LAnchorOffset="67" TAnchorPoint="0.5" TAnchorOffset="0" RAnchorPoint="0" RAnchorOffset="134" BAnchorPoint="0.75" BAnchorOffset="0" DT_VCENTER="1" DT_CENTER="1" TooltipType="OnCursor" Name="Button8" BGColor="ffffffff" TextColor="ffffffff" TooltipColor="" NormalTextColor="ff5f6662" PressedTextColor="ff9aeea3" FlybyTextColor="ff5f6662" PressedFlybyTextColor="ff9aeea3" DisabledTextColor="ffffffff" Text="" TextId="CRB_8">
                <Event Name="ButtonSignal" Function="OnKeypadSignal"/>
            </Control>
            <Control Class="Button" Base="kitBtn_Metal_IconBaseStretch" Font="CRB_HeaderLarge" ButtonType="PushButton" RadioGroup="" LAnchorPoint="0" LAnchorOffset="134" TAnchorPoint="0.5" TAnchorOffset="0" RAnchorPoint="1" RAnchorOffset="0" BAnchorPoint="0.75" BAnchorOffset="0" DT_VCENTER="1" DT_CENTER="1" TooltipType="OnCursor" Name="Button9" BGColor="ffffffff" TextColor="ffffffff" TooltipColor="" NormalTextColor="ff5f6662" PressedTextColor="ff9aeea3" FlybyTextColor="ff5f6662" PressedFlybyTextColor="ff9aeea3" DisabledTextColor="ffffffff" Text="" TextId="CRB_9">
                <Event Name="ButtonSignal" Function="OnKeypadSignal"/>
            </Control>
            <Control Class="Button" Base="kitBtn_Metal_IconBaseStretch" Font="CRB_HeaderSmall" ButtonType="PushButton" RadioGroup="" LAnchorPoint="0" LAnchorOffset="0" TAnchorPoint="0.75" TAnchorOffset="0" RAnchorPoint="0" RAnchorOffset="67" BAnchorPoint="1" BAnchorOffset="0" DT_VCENTER="1" DT_CENTER="1" TooltipType="OnCursor" Name="Clear" BGColor="ffffffff" TextColor="ffffffff" TooltipColor="" NormalTextColor="ff5f6662" PressedTextColor="ff9aeea3" FlybyTextColor="ff5f6662" PressedFlybyTextColor="ff9aeea3" DisabledTextColor="ffffffff" Text="" TextId="CRB_Clear">
                <Event Name="ButtonSignal" Function="OnKeypadClear"/>
            </Control>
            <Control Class="Button" Base="kitBtn_Metal_IconBaseStretch" Font="CRB_HeaderLarge" ButtonType="PushButton" RadioGroup="" LAnchorPoint="0" LAnchorOffset="67" TAnchorPoint="0.75" TAnchorOffset="0" RAnchorPoint="0" RAnchorOffset="134" BAnchorPoint="1" BAnchorOffset="0" DT_VCENTER="1" DT_CENTER="1" TooltipType="OnCursor" Name="Button0" BGColor="ffffffff" TextColor="ffffffff" TooltipColor="" NormalTextColor="ff5f6662" PressedTextColor="ff9aeea3" FlybyTextColor="ff5f6662" PressedFlybyTextColor="ff9aeea3" DisabledTextColor="ffffffff" Text="" TextId="CRB_0">
                <Event Name="ButtonSignal" Function="OnKeypadSignal"/>
            </Control>
            <Control Class="Button" Base="kitBtn_Metal_IconBaseStretch" Font="CRB_HeaderSmall" ButtonType="PushButton" RadioGroup="" LAnchorPoint="0" LAnchorOffset="134" TAnchorPoint="0.75" TAnchorOffset="0" RAnchorPoint="1" RAnchorOffset="0" BAnchorPoint="1" BAnchorOffset="0" DT_VCENTER="1" DT_CENTER="1" TooltipType="OnCursor" Name="Enter" BGColor="ffffffff" TextColor="ffffffff" TooltipColor="" NormalTextColor="ff5f6662" PressedTextColor="ff9aeea3" FlybyTextColor="ff5f6662" PressedFlybyTextColor="ff9aeea3" DisabledTextColor="ff333333" Text="" TextId="CRB_Enter">
                <Event Name="ButtonSignal" Function="OnKeypadEnter"/>
            </Control>
        </Control>
        <Control Class="Window" LAnchorPoint="0" LAnchorOffset="38" TAnchorPoint="1" TAnchorOffset="-52" RAnchorPoint="1" RAnchorOffset="-38" BAnchorPoint="1" BAnchorOffset="-15" RelativeToClient="1" Font="Default" Text="" Template="Default" TooltipType="OnCursor" Name="NoTimeRemainingArt" BGColor="ffffffff" TextColor="ffffffff" TooltipColor="" Picture="1" IgnoreMouse="1" Sprite="kitHeader_MetalGrey_TitleMarked" Tooltip=""/>
        <Control Class="Window" LAnchorPoint="0" LAnchorOffset="42" TAnchorPoint="1" TAnchorOffset="-54" RAnchorPoint="1" RAnchorOffset="-42" BAnchorPoint="1" BAnchorOffset="-24" RelativeToClient="1" Font="Default" Text="" Template="Default" TooltipType="OnCursor" Name="TimeRemainingContainer" BGColor="ffffffff" TextColor="ffffffff" TooltipColor="" HideInEditor="0">
            <Control Class="Window" LAnchorPoint="0" LAnchorOffset="1" TAnchorPoint="0" TAnchorOffset="1" RAnchorPoint="0" RAnchorOffset="25" BAnchorPoint="0" BAnchorOffset="25" RelativeToClient="1" Font="Default" Text="" Template="Default" TooltipType="OnCursor" Name="TimeRemainingIcon" BGColor="ffffffff" TextColor="ffffffff" TooltipColor="" Picture="1" IgnoreMouse="1" Sprite="kitIcon_Holo_Clock"/>
            <Control Class="Window" LAnchorPoint="0" LAnchorOffset="23" TAnchorPoint="0" TAnchorOffset="5" RAnchorPoint="1" RAnchorOffset="0" BAnchorPoint="0" BAnchorOffset="28" RelativeToClient="1" Font="Default" Text="" Template="Default" TooltipType="OnCursor" Name="TimeRemainingBarBG" BGColor="ffffffff" TextColor="ffffffff" TooltipColor="" Sprite="kitIProgBar_Simple_Base" Picture="1" IgnoreMouse="1">
                <Control Class="ProgressBar" Text="" LAnchorPoint="0" LAnchorOffset="8" TAnchorPoint="0" TAnchorOffset="3" RAnchorPoint="1" RAnchorOffset="-8" BAnchorPoint="0" BAnchorOffset="16" AutoSetText="0" UseValues="0" RelativeToClient="1" SetTextToProgress="0" DT_CENTER="1" DT_VCENTER="1" ProgressEmpty="" ProgressFull="kitIProgBar_Simple_Fill" TooltipType="OnCursor" Name="TimeRemainingBar" BGColor="ffffffff" TextColor="ffffffff" TooltipColor="" BarColor="" Picture="1" Sprite=""/>
            </Control>
        </Control>
        <Control Class="Window" LAnchorPoint="0" LAnchorOffset="0" TAnchorPoint="0" TAnchorOffset="0" RAnchorPoint="1" RAnchorOffset="0" BAnchorPoint="1" BAnchorOffset="0" RelativeToClient="1" Font="Default" Text="" Template="Default" TooltipType="OnCursor" Name="KeypadFrame" BGColor="ffffffff" TextColor="ffffffff" TooltipColor="" Sprite="kitOuterFrame_MetalGray_Medium" Picture="1" IgnoreMouse="1"/>
        <Control Class="Button" Base="kitBtn_Close" Font="Thick" ButtonType="PushButton" RadioGroup="" LAnchorPoint="1" LAnchorOffset="-43" TAnchorPoint="0" TAnchorOffset="11" RAnchorPoint="1" RAnchorOffset="-16" BAnchorPoint="0" BAnchorOffset="40" DT_VCENTER="1" DT_CENTER="1" TooltipType="OnCursor" Name="CloseBtn" BGColor="ffffffff" TextColor="ffffffff" TooltipColor="" NormalTextColor="ffffffff" PressedTextColor="ffffffff" FlybyTextColor="ffffffff" PressedFlybyTextColor="ffffffff" DisabledTextColor="ffffffff">
            <Event Name="ButtonSignal" Function="OnCancel"/>
        </Control>
        <Event Name="WindowClosed" Function="OnCancel"/>
    </Form>
    <Form Class="Window" LAnchorPoint="0.5" LAnchorOffset="-181" TAnchorPoint="0.5" TAnchorOffset="-255" RAnchorPoint="0.5" RAnchorOffset="184" BAnchorPoint="0.5" BAnchorOffset="110" RelativeToClient="1" Font="Default" Text="" Template="Default" Name="CSI_Memory" Border="0" Picture="1" SwallowMouseClicks="1" Visible="0" Overlapped="1" BGColor="ffffffffff" TextColor="ffffffffff" TextId="" TestAlpha="0" TooltipColor="" Tooltip="" Moveable="1" Sprite="CRB_CSI_Memory:spr_CSI_Memory_Frame">
        <Event Name="WindowClosed" Function="OnCancel"/>
        <Control Class="Button" Base="CRB_CSI_Memory:btn_CSI_MemoryOrange" Font="Thick" ButtonType="PushButton" RadioGroup="" LAnchorPoint="0" LAnchorOffset="38" TAnchorPoint="0" TAnchorOffset="32" RAnchorPoint="0" RAnchorOffset="190" BAnchorPoint="0" BAnchorOffset="183" DT_VCENTER="1" DT_CENTER="1" TooltipType="OnCursor" Name="OptionBtn1" BGColor="ffffffff" TextColor="ffffffff" TooltipColor="" NormalTextColor="ffffffff" PressedTextColor="ffffffff" FlybyTextColor="ffffffff" PressedFlybyTextColor="ffffffff" DisabledTextColor="ffffffff" Template="" HideInEditor="0" RelativeToClient="1" TestAlpha="1" WindowSoundTemplate="Custom">
            <Event Name="ButtonSignal" Function="OnMemoryBtn"/>
            <Control Class="Window" LAnchorPoint="0" LAnchorOffset="0" TAnchorPoint="0" TAnchorOffset="0" RAnchorPoint="1" RAnchorOffset="0" BAnchorPoint="1" BAnchorOffset="0" RelativeToClient="1" Font="Default" Text="" Template="Default" Name="OptionBtnFlash" BGColor="ffffffff" TextColor="ffffffff" Picture="1" IgnoreMouse="1" Sprite="CRB_CSI_Memory:btn_CSI_MemoryOrangePressed" Moveable="0" HideInEditor="1" TooltipColor="" NewControlDepth="1" Visible="0"/>
        </Control>
        <Control Class="Button" Base="CRB_CSI_Memory:btn_CSI_MemoryGreen" Font="Thick" ButtonType="PushButton" RadioGroup="" LAnchorPoint="1" LAnchorOffset="-198" TAnchorPoint="0" TAnchorOffset="32" RAnchorPoint="1" RAnchorOffset="-46" BAnchorPoint="0" BAnchorOffset="183" DT_VCENTER="1" DT_CENTER="1" TooltipType="OnCursor" Name="OptionBtn2" BGColor="ffffffff" TextColor="ffffffff" TooltipColor="" NormalTextColor="ffffffff" PressedTextColor="ffffffff" FlybyTextColor="ffffffff" PressedFlybyTextColor="ffffffff" DisabledTextColor="ffffffff" Template="" HideInEditor="0" NotRelative="1" TestAlpha="1" RelativeToClient="1" WindowSoundTemplate="Custom">
            <Event Name="ButtonSignal" Function="OnMemoryBtn"/>
            <Control Class="Window" LAnchorPoint="0" LAnchorOffset="0" TAnchorPoint="0" TAnchorOffset="0" RAnchorPoint="1" RAnchorOffset="0" BAnchorPoint="1" BAnchorOffset="0" RelativeToClient="1" Font="Default" Text="" Template="Default" Name="OptionBtnFlash" BGColor="ffffffff" TextColor="ffffffff" Picture="1" IgnoreMouse="1" Sprite="CRB_CSI_Memory:btn_CSI_MemoryGreenPressed" Moveable="0" HideInEditor="1" TooltipColor="" NewControlDepth="1" Visible="0"/>
        </Control>
        <Control Class="Button" Base="CRB_CSI_Memory:btn_CSI_MemoryBlue" Font="Thick" ButtonType="PushButton" RadioGroup="" LAnchorPoint="0" LAnchorOffset="38" TAnchorPoint="1" TAnchorOffset="-202" RAnchorPoint="0" RAnchorOffset="190" BAnchorPoint="1" BAnchorOffset="-51" DT_VCENTER="1" DT_CENTER="1" TooltipType="OnCursor" Name="OptionBtn3" BGColor="ffffffff" TextColor="ffffffff" TooltipColor="" NormalTextColor="ffffffff" PressedTextColor="ffffffff" FlybyTextColor="ffffffff" PressedFlybyTextColor="ffffffff" DisabledTextColor="ffffffff" Template="" HideInEditor="0" RelativeToClient="1" TestAlpha="1" WindowSoundTemplate="Custom">
            <Event Name="ButtonSignal" Function="OnMemoryBtn"/>
            <Control Class="Window" LAnchorPoint="0" LAnchorOffset="0" TAnchorPoint="0" TAnchorOffset="0" RAnchorPoint="1" RAnchorOffset="0" BAnchorPoint="1" BAnchorOffset="0" RelativeToClient="1" Font="Default" Text="" Template="Default" Name="OptionBtnFlash" BGColor="ffffffff" TextColor="ffffffff" Picture="1" IgnoreMouse="1" Sprite="CRB_CSI_Memory:btn_CSI_MemoryBluePressed" Moveable="0" HideInEditor="1" TooltipColor="" NewControlDepth="1" Visible="0"/>
        </Control>
        <Control Class="Button" Base="CRB_CSI_Memory:btn_CSI_MemoryPurple" Font="Thick" ButtonType="PushButton" RadioGroup="" LAnchorPoint="1" LAnchorOffset="-197" TAnchorPoint="1" TAnchorOffset="-202" RAnchorPoint="1" RAnchorOffset="-45" BAnchorPoint="1" BAnchorOffset="-51" DT_VCENTER="1" DT_CENTER="1" TooltipType="OnCursor" Name="OptionBtn4" BGColor="ffffffff" TextColor="ffffffff" TooltipColor="" NormalTextColor="ffffffff" PressedTextColor="ffffffff" FlybyTextColor="ffffffff" PressedFlybyTextColor="ffffffff" DisabledTextColor="ffffffff" Template="" HideInEditor="0" RelativeToClient="1" TestAlpha="1" IgnoreMouse="0" WindowSoundTemplate="Custom">
            <Event Name="ButtonSignal" Function="OnMemoryBtn"/>
            <Control Class="Window" LAnchorPoint="0" LAnchorOffset="0" TAnchorPoint="0" TAnchorOffset="0" RAnchorPoint="1" RAnchorOffset="0" BAnchorPoint="1" BAnchorOffset="0" RelativeToClient="1" Font="Default" Text="" Template="Default" Name="OptionBtnFlash" BGColor="ffffffff" TextColor="ffffffff" Picture="1" IgnoreMouse="1" Sprite="CRB_CSI_Memory:btn_CSI_MemoryPurplePressed" Moveable="0" HideInEditor="1" TooltipColor="" NewControlDepth="1" Visible="0"/>
        </Control>
        <Control Class="Window" LAnchorPoint="0" LAnchorOffset="0" TAnchorPoint="0" TAnchorOffset="0" RAnchorPoint="1" RAnchorOffset="0" BAnchorPoint="1" BAnchorOffset="0" RelativeToClient="1" Font="Default" Text="" Template="Default" TooltipType="OnCursor" Name="BGArtCenterCircle" BGColor="ffffffff" TextColor="ffffffff" TooltipColor="" Picture="1" IgnoreMouse="1" Sprite="" Visible="1" HideInEditor="0" NewControlDepth="2" TestAlpha="0">
            <Control Class="MLWindow" LAnchorPoint="0.5" LAnchorOffset="-48" TAnchorPoint="0.5" TAnchorOffset="-19" RAnchorPoint="0.5" RAnchorOffset="39" BAnchorPoint="0.5" BAnchorOffset="3" RelativeToClient="1" Font="CRB_AlienLarge" Text="" Template="Default" TooltipType="OnCursor" Name="BGArtCenterCircleText" BGColor="ffffffff" TextColor="ff7fffb9" TooltipColor="" TextId="" DT_VCENTER="0" DT_CENTER="1" DT_WORDBREAK="1" IgnoreMouse="1"/>
            <Control Class="Window" LAnchorPoint="0.5" LAnchorOffset="-73" TAnchorPoint="0.5" TAnchorOffset="-40" RAnchorPoint="0.5" RAnchorOffset="64" BAnchorPoint="0.5" BAnchorOffset="22" RelativeToClient="1" Font="CRB_InterfaceMedium_B" Text="" Template="Default" TooltipType="OnCursor" Name="BGArtCenterCircleReadyText" BGColor="ffffffff" TextColor="ffffffff" TooltipColor="" TextId="RaidFrame_Ready" DT_CENTER="1" DT_VCENTER="1" Sprite="CRB_CSI_Memory:spr_CSI_Memory_KitCenter" Picture="1" IgnoreMouse="1" TransitionShowHide="1" HideInEditor="1"/>
        </Control>
        <Control Class="Window" LAnchorPoint="0" LAnchorOffset="59" TAnchorPoint="0.5" TAnchorOffset="-125" RAnchorPoint="1" RAnchorOffset="-69" BAnchorPoint="0.5" BAnchorOffset="100" RelativeToClient="1" Font="Default" Text="" Template="Default" TooltipType="OnCursor" Name="StartBtnBG" BGColor="ffffffff" TextColor="ffffffff" TooltipColor="" Picture="1" IgnoreMouse="1" Sprite="CRB_Basekit:kitBase_HoloBlue_TinyLitCorners" HideInEditor="1" NewControlDepth="2" Tooltip="">
            <Control Class="Button" Base="CRB_Basekit:kitBtn_Holo" Font="CRB_InterfaceLarge_B" ButtonType="PushButton" RadioGroup="" LAnchorPoint="0" LAnchorOffset="30" TAnchorPoint="1" TAnchorOffset="-70" RAnchorPoint="1" RAnchorOffset="-30" BAnchorPoint="1" BAnchorOffset="-30" DT_VCENTER="1" DT_CENTER="1" Name="StartBtn" BGColor="ffffffff" TextColor="ffffffff" NormalTextColor="UI_BtnTextHoloNormal" PressedTextColor="UI_BtnTextHoloPressed" FlybyTextColor="UI_BtnTextHoloFlyby" PressedFlybyTextColor="UI_BtnTextHoloPressedFlyby" WindowSoundTemplate="Custom" TextId="ProgressClick_Start" DisabledTextColor="UI_BtnTextHoloDisabled" Text="" HideInEditor="0" Visible="1" TooltipColor="" RelativeToClient="1" Tooltip="" NewWindowDepth="1">
                <Event Name="ButtonSignal" Function="OnMemoryStart"/>
            </Control>
            <Pixie LAnchorPoint="0" LAnchorOffset="0" TAnchorPoint="0" TAnchorOffset="0" RAnchorPoint="1" RAnchorOffset="0" BAnchorPoint="1" BAnchorOffset="0" Sprite="CRB_Basekit:kitBase_HoloBlue_TinyLitCorners" BGColor="white" TextColor="black" Rotation="0" Font="Default" Text=""/>
            <Pixie LAnchorPoint="0" LAnchorOffset="30" TAnchorPoint="0" TAnchorOffset="70" RAnchorPoint="1" RAnchorOffset="-30" BAnchorPoint="0" BAnchorOffset="200" BGColor="ffffffff" Font="CRB_InterfaceMedium_B" TextColor="UI_TextHoloBodyHighlight" Text="" TextId="CRB_ClientSideInteraction_Memory" DT_CENTER="1" DT_WORDBREAK="1" Line="0"/>
        </Control>
        <Control Class="Button" Base="CRB_Basekit:kitBtn_Close" Font="CRB_InterfaceMedium" ButtonType="PushButton" RadioGroup="" LAnchorPoint="1" LAnchorOffset="-75" TAnchorPoint="0" TAnchorOffset="29" RAnchorPoint="1" RAnchorOffset="-48" BAnchorPoint="0" BAnchorOffset="58" DT_VCENTER="1" DT_CENTER="1" Name="CloseBtn" BGColor="ffffffff" TextColor="ffffffff" WindowSoundTemplate="CloseWindowPhys" NormalTextColor="ffffffff" PressedTextColor="ffffffff" FlybyTextColor="ffffffff" PressedFlybyTextColor="ffffffff" DisabledTextColor="ffffffff" Text="" TextId="" TooltipColor="" RelativeToClient="1" NewWindowDepth="1">
            <Event Name="ButtonSignal" Function="OnCancel"/>
        </Control>
    </Form>
</Forms>
