<?xml version="1.0" encoding="UTF-8" standalone="yes" ?>
<Forms>
    <Form Class="Window" LAnchorPoint="0.6" LAnchorOffset="-100" TAnchorPoint="0.6" TAnchorOffset="-134" RAnchorPoint="0.6" RAnchorOffset="338" BAnchorPoint="0.60" BAnchorOffset="283" RelativeToClient="1" Font="Default" Text="" Template="Holo_Medium" TooltipType="OnCursor" Name="WarpartyBattleForm" Border="1" Picture="0" SwallowMouseClicks="1" Moveable="1" Escapable="1" Overlapped="0" BGColor="ffffffff" TextColor="ffffffff" TooltipColor="" Tooltip="" UseTemplateBG="1">
        <Control Class="Button" Base="BK3:btnHolo_Close" Font="Thick" ButtonType="PushButton" RadioGroup="" LAnchorPoint="1" LAnchorOffset="-74" TAnchorPoint="0" TAnchorOffset="30" RAnchorPoint="1" RAnchorOffset="-32" BAnchorPoint="0" BAnchorOffset="74" DT_VCENTER="1" DT_CENTER="1" TooltipType="OnCursor" Name="CloseBtn" BGColor="ffffffff" TextColor="ffffffff" TooltipColor="" NormalTextColor="ffffffff" PressedTextColor="ffffffff" FlybyTextColor="ffffffff" PressedFlybyTextColor="ffffffff" DisabledTextColor="ffffffff" Tooltip="">
            <Event Name="ButtonSignal" Function="OnCloseBtn"/>
        </Control>
        <Control Class="Window" LAnchorPoint="0" LAnchorOffset="20" TAnchorPoint="0" TAnchorOffset="-24" RAnchorPoint="1" RAnchorOffset="-20" BAnchorPoint="0" BAnchorOffset="29" RelativeToClient="1" Font="Default" Text="" Template="Default" TooltipType="OnCursor" Name="BGHeader" BGColor="ffffffff" TextColor="ffffffff" TooltipColor="" DT_CENTER="0" DT_RIGHT="0" HideInEditor="0" IgnoreMouse="1" NoClip="1">
            <Pixie LAnchorPoint="0" LAnchorOffset="0" TAnchorPoint="0" TAnchorOffset="0" RAnchorPoint="1" RAnchorOffset="0" BAnchorPoint="1" BAnchorOffset="0" BGColor="ffffffff" Font="Default" TextColor="ff9aaea3" Text="" DT_CENTER="1" DT_VCENTER="1" Line="0"/>
            <Control Class="Button" Base="BK3:btnHolo_Blue_Small" Font="CRB_Button" ButtonType="Check" RadioGroup="Tab_Select" LAnchorPoint="0" LAnchorOffset="0" TAnchorPoint="0" TAnchorOffset="0" RAnchorPoint="0.5" RAnchorOffset="0" BAnchorPoint="1" BAnchorOffset="0" DT_VCENTER="1" DT_CENTER="1" TooltipType="OnCursor" Name="BtnBossTokens" BGColor="bfffffff" TextColor="ff2f94ac" TooltipColor="" NormalTextColor="UI_BtnTextBlueNormal" PressedTextColor="UI_BtnTextBluePressed" FlybyTextColor="UI_BtnTextBlueFlyby" PressedFlybyTextColor="UI_BtnTextBluePressedFlyby" DisabledTextColor="UI_BtnTextBlueDisabled" Text="" TextId="Warparty_BossTokens" Visible="1" HideInEditor="0" Template="CRB_Hologram" GlobalRadioGroup="">
                <Event Name="ButtonSignal" Function="OnBossTokens"/>
                <Event Name="ButtonCheck" Function="OnBossTokens"/>
            </Control>
            <Control Class="Button" Base="BK3:btnHolo_Blue_Small" Font="CRB_Button" ButtonType="Check" RadioGroup="Tab_Select" LAnchorPoint="0.5" LAnchorOffset="0" TAnchorPoint="0" TAnchorOffset="0" RAnchorPoint="1" RAnchorOffset="0" BAnchorPoint="1" BAnchorOffset="0" DT_VCENTER="1" DT_CENTER="1" TooltipType="OnCursor" Name="BtnWarplotLayout" BGColor="bfffffff" TextColor="ff2f94ac" TooltipColor="" NormalTextColor="UI_BtnTextBlueNormal" PressedTextColor="UI_BtnTextBluePressed" FlybyTextColor="UI_BtnTextBlueFlyby" PressedFlybyTextColor="UI_BtnTextBluePressedFlyby" DisabledTextColor="UI_BtnTextBlueDisabled" Text="" TextId="Warparty_WarplotLayout" HideInEditor="0" Visible="1" Template="CRB_Hologram" GlobalRadioGroup="">
                <Event Name="ButtonSignal" Function="OnWarplotLayout"/>
                <Event Name="ButtonCheck" Function="OnWarplotLayout"/>
            </Control>
        </Control>
        <Control Class="Window" LAnchorPoint="0" LAnchorOffset="0" TAnchorPoint="0" TAnchorOffset="23" RAnchorPoint="1" RAnchorOffset="0" BAnchorPoint="1" BAnchorOffset="-28" RelativeToClient="1" Font="Default" Text="" Template="Holo_Inset_Callout" TooltipType="OnCursor" Name="BGMain" BGColor="ffffffff" TextColor="ffffffff" TooltipColor="" Sprite="" Picture="0" IgnoreMouse="1" Border="1" UseTemplateBG="1" NoClip="1">
            <Control Class="Window" LAnchorPoint="0" LAnchorOffset="0" TAnchorPoint="0" TAnchorOffset="0" RAnchorPoint="1" RAnchorOffset="0" BAnchorPoint="1" BAnchorOffset="0" RelativeToClient="1" Font="Default" Text="" Template="Default" TooltipType="OnCursor" Name="BGDisplayArea" BGColor="ffffffff" TextColor="ffffffff" TooltipColor="">
                <Control Class="Window" LAnchorPoint="0" LAnchorOffset="0" TAnchorPoint="0" TAnchorOffset="0" RAnchorPoint="1" RAnchorOffset="0" BAnchorPoint="1" BAnchorOffset="0" RelativeToClient="1" Font="Default" Text="" Template="CRB_Scroll_MetalLarge" TooltipType="OnCursor" Name="BossTokenEntries" BGColor="ffffffff" TextColor="ffffffff" TooltipColor="" Picture="0" IgnoreMouse="1" Visible="1" HideInEditor="1"/>
                <Control Class="Window" LAnchorPoint="0" LAnchorOffset="0" TAnchorPoint="0" TAnchorOffset="0" RAnchorPoint="1" RAnchorOffset="0" BAnchorPoint="1" BAnchorOffset="0" RelativeToClient="1" Font="Default" Text="" Template="Default" TooltipType="OnCursor" Name="WarplotLayout" BGColor="ffffffff" TextColor="ffffffff" TooltipColor="" Visible="0" HideInEditor="0">
                    <Control Class="Window" LAnchorPoint="0" LAnchorOffset="105" TAnchorPoint="0" TAnchorOffset="55" RAnchorPoint="0" RAnchorOffset="205" BAnchorPoint="0" BAnchorOffset="105" RelativeToClient="1" Font="Default" Text="" Template="Default" TooltipType="OnCursor" Name="WndPlug1" BGColor="ffffffff" TextColor="ffffffff" TooltipColor="" Sprite="CRB_Basekit:kitBase_HoloBlue_IconBaseStretch" Picture="1" IgnoreMouse="1">
                        <Control Class="Window" LAnchorPoint="0" LAnchorOffset="4" TAnchorPoint="0" TAnchorOffset="4" RAnchorPoint="0.5" RAnchorOffset="-4" BAnchorPoint="1" BAnchorOffset="-4" RelativeToClient="1" Font="Default" Text="" Template="Default" TooltipType="OnCursor" Name="LblHealth" BGColor="ffffffff" TextColor="ffffffff" TooltipColor=""/>
                        <Control Class="Window" LAnchorPoint="0.5" LAnchorOffset="4" TAnchorPoint="0" TAnchorOffset="4" RAnchorPoint="1" RAnchorOffset="-4" BAnchorPoint="1" BAnchorOffset="-4" RelativeToClient="1" Font="Default" Text="" Template="Default" TooltipType="OnCursor" Name="LblTier" BGColor="ffffffff" TextColor="ffffffff" TooltipColor=""/>
                    </Control>
                    <Control Class="Window" LAnchorPoint="0" LAnchorOffset="0" TAnchorPoint="0" TAnchorOffset="105" RAnchorPoint="0" RAnchorOffset="100" BAnchorPoint="0" BAnchorOffset="225" RelativeToClient="1" Font="Default" Text="" Template="Default" TooltipType="OnCursor" Name="WndPlug2" BGColor="ffffffff" TextColor="ffffffff" TooltipColor="" Sprite="CRB_Basekit:kitBase_HoloBlue_IconBaseStretch" Picture="1" IgnoreMouse="1">
                        <Control Class="Window" LAnchorPoint="0" LAnchorOffset="4" TAnchorPoint="0" TAnchorOffset="4" RAnchorPoint="1" RAnchorOffset="-4" BAnchorPoint="0.5" BAnchorOffset="-4" RelativeToClient="1" Font="Default" Text="" Template="Default" TooltipType="OnCursor" Name="LblHealth" BGColor="ffffffff" TextColor="ffffffff" TooltipColor=""/>
                        <Control Class="Window" LAnchorPoint="0" LAnchorOffset="4" TAnchorPoint="0.5" TAnchorOffset="4" RAnchorPoint="1" RAnchorOffset="-4" BAnchorPoint="1" BAnchorOffset="-4" RelativeToClient="1" Font="Default" Text="" Template="Default" TooltipType="OnCursor" Name="LblTier" BGColor="ffffffff" TextColor="ffffffff" TooltipColor=""/>
                    </Control>
                    <Control Class="Window" LAnchorPoint="0" LAnchorOffset="30" TAnchorPoint="0" TAnchorOffset="0" RAnchorPoint="0" RAnchorOffset="100" BAnchorPoint="0" BAnchorOffset="100" RelativeToClient="1" Font="Default" Text="" Template="Default" TooltipType="OnCursor" Name="WndPlug3" BGColor="ffffffff" TextColor="ffffffff" TooltipColor="" Sprite="CRB_Basekit:kitBase_HoloBlue_IconBaseStretch" Picture="1" IgnoreMouse="1">
                        <Control Class="Window" LAnchorPoint="0" LAnchorOffset="4" TAnchorPoint="0" TAnchorOffset="4" RAnchorPoint="1" RAnchorOffset="-4" BAnchorPoint="0.5" BAnchorOffset="-4" RelativeToClient="1" Font="Default" Text="" Template="Default" TooltipType="OnCursor" Name="LblHealth" BGColor="ffffffff" TextColor="ffffffff" TooltipColor=""/>
                        <Control Class="Window" LAnchorPoint="0" LAnchorOffset="4" TAnchorPoint="0.5" TAnchorOffset="4" RAnchorPoint="1" RAnchorOffset="-4" BAnchorPoint="1" BAnchorOffset="-4" RelativeToClient="1" Font="Default" Text="" Template="Default" TooltipType="OnCursor" Name="LblTier" BGColor="ffffffff" TextColor="ffffffff" TooltipColor=""/>
                    </Control>
                    <Control Class="Window" LAnchorPoint="0" LAnchorOffset="105" TAnchorPoint="0" TAnchorOffset="0" RAnchorPoint="0" RAnchorOffset="205" BAnchorPoint="0" BAnchorOffset="50" RelativeToClient="1" Font="Default" Text="" Template="Default" TooltipType="OnCursor" Name="WndPlug4" BGColor="ffffffff" TextColor="ffffffff" TooltipColor="" Sprite="CRB_Basekit:kitBase_HoloBlue_IconBaseStretch" Picture="1" IgnoreMouse="1">
                        <Control Class="Window" LAnchorPoint="0" LAnchorOffset="4" TAnchorPoint="0" TAnchorOffset="4" RAnchorPoint="0.5" RAnchorOffset="-4" BAnchorPoint="1" BAnchorOffset="-4" RelativeToClient="1" Font="Default" Text="" Template="Default" TooltipType="OnCursor" Name="LblHealth" BGColor="ffffffff" TextColor="ffffffff" TooltipColor=""/>
                        <Control Class="Window" LAnchorPoint="0.5" LAnchorOffset="4" TAnchorPoint="0" TAnchorOffset="4" RAnchorPoint="1" RAnchorOffset="-4" BAnchorPoint="1" BAnchorOffset="-4" RelativeToClient="1" Font="Default" Text="" Template="Default" TooltipType="OnCursor" Name="LblTier" BGColor="ffffffff" TextColor="ffffffff" TooltipColor=""/>
                    </Control>
                    <Control Class="Window" LAnchorPoint="0" LAnchorOffset="210" TAnchorPoint="0" TAnchorOffset="0" RAnchorPoint="0" RAnchorOffset="280" BAnchorPoint="0" BAnchorOffset="100" RelativeToClient="1" Font="Default" Text="" Template="Default" TooltipType="OnCursor" Name="WndPlug5" BGColor="ffffffff" TextColor="ffffffff" TooltipColor="" Sprite="CRB_Basekit:kitBase_HoloBlue_IconBaseStretch" Picture="1" IgnoreMouse="1">
                        <Control Class="Window" LAnchorPoint="0" LAnchorOffset="4" TAnchorPoint="0" TAnchorOffset="4" RAnchorPoint="1" RAnchorOffset="-4" BAnchorPoint="0.5" BAnchorOffset="-4" RelativeToClient="1" Font="Default" Text="" Template="Default" TooltipType="OnCursor" Name="LblHealth" BGColor="ffffffff" TextColor="ffffffff" TooltipColor=""/>
                        <Control Class="Window" LAnchorPoint="0" LAnchorOffset="4" TAnchorPoint="0.5" TAnchorOffset="4" RAnchorPoint="1" RAnchorOffset="-4" BAnchorPoint="1" BAnchorOffset="-4" RelativeToClient="1" Font="Default" Text="" Template="Default" TooltipType="OnCursor" Name="LblTier" BGColor="ffffffff" TextColor="ffffffff" TooltipColor=""/>
                    </Control>
                    <Control Class="Window" LAnchorPoint="0" LAnchorOffset="210" TAnchorPoint="0" TAnchorOffset="105" RAnchorPoint="0" RAnchorOffset="310" BAnchorPoint="0" BAnchorOffset="225" RelativeToClient="1" Font="Default" Text="" Template="Default" TooltipType="OnCursor" Name="WndPlug6" BGColor="ffffffff" TextColor="ffffffff" TooltipColor="" Sprite="CRB_Basekit:kitBase_HoloBlue_IconBaseStretch" Picture="1" IgnoreMouse="1">
                        <Control Class="Window" LAnchorPoint="0" LAnchorOffset="4" TAnchorPoint="0" TAnchorOffset="4" RAnchorPoint="1" RAnchorOffset="-4" BAnchorPoint="0.5" BAnchorOffset="-4" RelativeToClient="1" Font="Default" Text="" Template="Default" TooltipType="OnCursor" Name="LblHealth" BGColor="ffffffff" TextColor="ffffffff" TooltipColor=""/>
                        <Control Class="Window" LAnchorPoint="0" LAnchorOffset="4" TAnchorPoint="0.5" TAnchorOffset="4" RAnchorPoint="1" RAnchorOffset="-4" BAnchorPoint="1" BAnchorOffset="-4" RelativeToClient="1" Font="Default" Text="" Template="Default" TooltipType="OnCursor" Name="LblTier" BGColor="ffffffff" TextColor="ffffffff" TooltipColor=""/>
                    </Control>
                    <Control Class="Window" LAnchorPoint="0" LAnchorOffset="105" TAnchorPoint="0" TAnchorOffset="185" RAnchorPoint="0" RAnchorOffset="205" BAnchorPoint="0" BAnchorOffset="245" RelativeToClient="1" Font="Default" Text="" Template="Default" TooltipType="OnCursor" Name="WndPlug7" BGColor="ffffffff" TextColor="ffffffff" TooltipColor="" Sprite="CRB_Basekit:kitBase_HoloBlue_IconBaseStretch" Picture="1" IgnoreMouse="1">
                        <Control Class="Window" LAnchorPoint="0" LAnchorOffset="4" TAnchorPoint="0" TAnchorOffset="4" RAnchorPoint="0.5" RAnchorOffset="-4" BAnchorPoint="1" BAnchorOffset="-4" RelativeToClient="1" Font="Default" Text="" Template="Default" TooltipType="OnCursor" Name="LblHealth" BGColor="ffffffff" TextColor="ffffffff" TooltipColor=""/>
                        <Control Class="Window" LAnchorPoint="0.5" LAnchorOffset="4" TAnchorPoint="0" TAnchorOffset="4" RAnchorPoint="1" RAnchorOffset="-4" BAnchorPoint="1" BAnchorOffset="-4" RelativeToClient="1" Font="Default" Text="" Template="Default" TooltipType="OnCursor" Name="LblTier" BGColor="ffffffff" TextColor="ffffffff" TooltipColor=""/>
                    </Control>
                    <Control Class="Window" LAnchorPoint="0" LAnchorOffset="105" TAnchorPoint="0" TAnchorOffset="110" RAnchorPoint="0" RAnchorOffset="205" BAnchorPoint="0" BAnchorOffset="180" RelativeToClient="1" Font="Default" Text="" Template="Default" TooltipType="OnCursor" Name="WndPlug8" BGColor="ffffffff" TextColor="ffffffff" TooltipColor="" Sprite="CRB_Basekit:kitBase_HoloBlue_IconBaseStretch" Picture="1" IgnoreMouse="1">
                        <Control Class="Window" LAnchorPoint="0" LAnchorOffset="4" TAnchorPoint="0" TAnchorOffset="4" RAnchorPoint="0.5" RAnchorOffset="-4" BAnchorPoint="1" BAnchorOffset="-4" RelativeToClient="1" Font="Default" Text="" Template="Default" TooltipType="OnCursor" Name="LblHealth" BGColor="ffffffff" TextColor="ffffffff" TooltipColor=""/>
                        <Control Class="Window" LAnchorPoint="0.5" LAnchorOffset="4" TAnchorPoint="0" TAnchorOffset="4" RAnchorPoint="1" RAnchorOffset="-4" BAnchorPoint="1" BAnchorOffset="-4" RelativeToClient="1" Font="Default" Text="" Template="Default" TooltipType="OnCursor" Name="LblTier" BGColor="ffffffff" TextColor="ffffffff" TooltipColor=""/>
                    </Control>
                </Control>
            </Control>
        </Control>
        <Control Class="Window" LAnchorPoint="0" LAnchorOffset="64" TAnchorPoint="0" TAnchorOffset="283" RAnchorPoint="1" RAnchorOffset="-64" BAnchorPoint="0" BAnchorOffset="336" RelativeToClient="1" Font="Default" Text="" Template="Default" TooltipType="OnCursor" Name="BGFooter" BGColor="ffffffff" TextColor="ffffffff" TooltipColor="" Picture="0" IgnoreMouse="1" NoClip="1">
            <Control Class="Button" Base="BK3:btnHolo_Blue_Small" Font="CRB_Button" ButtonType="Check" RadioGroup="" LAnchorPoint="0.5" LAnchorOffset="-45" TAnchorPoint="0" TAnchorOffset="2" RAnchorPoint="0.5" RAnchorOffset="45" BAnchorPoint="1" BAnchorOffset="2" DT_VCENTER="1" DT_CENTER="1" TooltipType="OnCursor" Name="BtnHousingDecorate" BGColor="bfffffff" TextColor="ff2f94ac" TooltipColor="" NormalTextColor="UI_BtnTextBlueNormal" PressedTextColor="UI_BtnTextBluePressed" FlybyTextColor="UI_BtnTextBlueFlyby" PressedFlybyTextColor="UI_BtnTextBluePressedFlyby" DisabledTextColor="UI_BtnTextBlueDisabled" Template="CRB_Hologram" Text="" TextId="CRB_Decorate" Tooltip="">
                <Event Name="ButtonSignal" Function="OnHousingDecorate"/>
                <Event Name="ButtonCheck" Function="OnHousingDecorateChecked"/>
                <Event Name="ButtonUncheck" Function="OnHousingDecorateUnchecked"/>
            </Control>
        </Control>
        <Event Name="WindowClosed" Function="OnClosed"/>
    </Form>
    <Form Class="Window" LAnchorPoint="0" LAnchorOffset="0" TAnchorPoint="0" TAnchorOffset="0" RAnchorPoint="0" RAnchorOffset="50" BAnchorPoint="0" BAnchorOffset="50" RelativeToClient="1" Font="Default" Text="" Template="Default" TooltipType="OnCursor" Name="BossTokenEntry" BGColor="ffffffff" TextColor="ffffffff" TooltipColor="" Sprite="CRB_Basekit:kitBase_MetalGrey_IconLarge" Picture="1" IgnoreMouse="1" HideInEditor="0" Tooltip="">
        <Control Class="ActionBarButton" Base="CRB_Basekit:kitBtn_List_MetalNoEdge" RelativeToClient="1" IfHoldNoSignal="1" DT_VCENTER="1" DT_CENTER="1" NeverBringToFront="1" Picture="0" WindowSoundTemplate="ActionBarButton" LAnchorPoint="0.00000" LAnchorOffset="7" TAnchorPoint="0.00000" TAnchorOffset="7" RAnchorPoint="0.00000" RAnchorOffset="45" BAnchorPoint="0.00000" BAnchorOffset="45" IgnoreTooltipDelay="1" TooltipType="OnCursor" Name="BossTokenEntryIcon" BGColor="ffffffff" TextColor="ffffffff" TooltipColor="" ContentType="BTBar" ContentId="0">
            <Event Name="GenerateTooltip" Function="OnGenerateTooltip"/>
        </Control>
    </Form>
</Forms>
