<Forms>
    <Form Class="Window" LAnchorPoint=".7" LAnchorOffset="-260" TAnchorPoint=".6" TAnchorOffset="-235" RAnchorPoint=".7" RAnchorOffset="260" BAnchorPoint=".6" BAnchorOffset="235" RelativeToClient="1" Font="Default" Text="" Template="Default" Name="WarpartyForm" Border="0" Picture="0" SwallowMouseClicks="1" Moveable="1" Escapable="1" Overlapped="1" BGColor="ffffffff" TextColor="ffffffff" TextId="" Visible="0" TooltipColor="" Tooltip="">
        <Control Class="Window" LAnchorPoint="0" LAnchorOffset="-20" TAnchorPoint="0" TAnchorOffset="-20" RAnchorPoint="1" RAnchorOffset="20" BAnchorPoint="1" BAnchorOffset="20" RelativeToClient="1" Font="Default" Text="" Template="Default" Name="BGBorder" BGColor="ffffffff" TextColor="ffffffff" Picture="1" IgnoreMouse="1" NewControlDepth="1" Sprite="BK3:UI_BK3_Holo_Framing_2" TooltipColor="" HideInEditor="0" Border="0" UseTemplateBG="0" NoClip="1">
            <Control Class="Button" Base="BK3:btnHolo_Close" Font="Thick" ButtonType="PushButton" RadioGroup="" LAnchorPoint="1" LAnchorOffset="-76" TAnchorPoint="0" TAnchorOffset="31" RAnchorPoint="1" RAnchorOffset="-30" BAnchorPoint="0" BAnchorOffset="74" DT_VCENTER="1" DT_CENTER="1" Name="CloseBtn" BGColor="ffffffff" TextColor="ffffffff" NormalTextColor="ffffffff" PressedTextColor="ffffffff" FlybyTextColor="ffffffff" PressedFlybyTextColor="ffffffff" DisabledTextColor="ffffffff" Text="" TooltipColor="">
                <Event Name="ButtonSignal" Function="OnClose"/>
            </Control>
        </Control>
        <Control Class="Window" LAnchorPoint="0" LAnchorOffset="0" TAnchorPoint="0" TAnchorOffset="0" RAnchorPoint="1" RAnchorOffset="0" BAnchorPoint="1" BAnchorOffset="0" RelativeToClient="1" Font="Default" Text="" Template="Default" TooltipType="OnCursor" Name="BGArt" BGColor="ffffffff" TextColor="ffffffff" TooltipColor="" HideInEditor="0">
            <Control Class="Window" LAnchorPoint="0" LAnchorOffset="8" TAnchorPoint="0" TAnchorOffset="54" RAnchorPoint="1" RAnchorOffset="-8" BAnchorPoint="0" BAnchorOffset="70" RelativeToClient="1" Font="Default" Text="" Template="Default" TooltipType="OnCursor" Name="BGArt_TopDivider" BGColor="ffffffff" TextColor="ffffffff" TooltipColor="" Picture="1" IgnoreMouse="1" Sprite="CRB_Basekit:kitDivider_Horiz_HoloDashed" Visible="0" HideInEditor="1"/>
            <Control Class="Window" LAnchorPoint="0" LAnchorOffset="20" TAnchorPoint="0" TAnchorOffset="21" RAnchorPoint="0" RAnchorOffset="72" BAnchorPoint="0" BAnchorOffset="73" RelativeToClient="1" Font="Default" Text="" Template="Default" TooltipType="OnCursor" Name="BGArt_EmblemFrame" BGColor="ffffffff" TextColor="ffffffff" TooltipColor="" Picture="1" IgnoreMouse="1" Sprite="BK3:UI_BK3_Holo_InsetSimple" HideInEditor="0"/>
            <Control Class="Window" LAnchorPoint="0" LAnchorOffset="20" TAnchorPoint="0" TAnchorOffset="106" RAnchorPoint="1" RAnchorOffset="-23" BAnchorPoint="0" BAnchorOffset="358" RelativeToClient="1" Font="Default" Text="" Template="Default" TooltipType="OnCursor" Name="BGArt_ListFrame" BGColor="9fffffff" TextColor="ffffffff" TooltipColor="" Picture="1" IgnoreMouse="1" Sprite="BK3:UI_BK3_Holo_InsetSimple" Visible="1" HideInEditor="0"/>
            <Control Class="Window" LAnchorPoint="0" LAnchorOffset="30" TAnchorPoint="0" TAnchorOffset="85" RAnchorPoint="0" RAnchorOffset="251" BAnchorPoint="0" BAnchorOffset="104" RelativeToClient="1" Font="CRB_InterfaceSmall" Text="" Template="Default" TooltipType="OnCursor" Name="GridHeader_Name" BGColor="ffffffff" TextColor="UI_TextHoloBody" TooltipColor="" Picture="1" IgnoreMouse="1" Sprite="" DT_VCENTER="1" DT_CENTER="0" TextId="ArenaRoster_HeaderName"/>
            <Control Class="Window" LAnchorPoint="0" LAnchorOffset="233" TAnchorPoint="0" TAnchorOffset="85" RAnchorPoint="0" RAnchorOffset="292" BAnchorPoint="0" BAnchorOffset="105" RelativeToClient="1" Font="CRB_InterfaceSmall" Text="" Template="Default" TooltipType="OnCursor" Name="GridHeader_Class" BGColor="ffffffff" TextColor="UI_TextHoloBody" TooltipColor="" Picture="1" IgnoreMouse="1" Sprite="" DT_VCENTER="1" DT_CENTER="1" TextId="CRB_Class"/>
            <Control Class="Window" LAnchorPoint="0" LAnchorOffset="291" TAnchorPoint="0" TAnchorOffset="85" RAnchorPoint="0" RAnchorOffset="433" BAnchorPoint="0" BAnchorOffset="105" RelativeToClient="1" Font="CRB_InterfaceSmall" Text="" Template="Default" TooltipType="OnCursor" Name="GridHeader_Online" BGColor="ffffffff" TextColor="UI_TextHoloBody" TooltipColor="" Picture="1" IgnoreMouse="1" Sprite="" DT_VCENTER="1" DT_CENTER="0" TextId="ArenaRoster_HeaderOnline"/>
            <Control Class="Window" LAnchorPoint="0" LAnchorOffset="12" TAnchorPoint="0" TAnchorOffset="74" RAnchorPoint="1" RAnchorOffset="-12" BAnchorPoint="0" BAnchorOffset="94" RelativeToClient="1" Font="Default" Text="" BGColor="UI_WindowBGDefault" TextColor="UI_WindowTextDefault" Template="Default" TooltipType="OnCursor" Name="Break" TooltipColor="" Sprite="BK3:UI_BK3_Holo_InsetDividerBright_H" Picture="1" IgnoreMouse="1" Visible="1" HideInEditor="0"/>
        </Control>
        <Event Name="WindowClosed" Function="OnClose"/>
        <Control Class="Window" LAnchorPoint="0" LAnchorOffset="72" TAnchorPoint="0" TAnchorOffset="52" RAnchorPoint="1" RAnchorOffset="-50" BAnchorPoint="0" BAnchorOffset="70" RelativeToClient="1" Font="CRB_Header11" Text="" Template="Default" Name="SubHeader" BGColor="ffffffff" TextColor="ffffffff" TextId="Warparty_Warparty" DT_CENTER="1" TooltipColor="" Tooltip="" HideInEditor="0"/>
        <Control Class="Grid" ImageTextSpacing="0" LAnchorPoint="0" LAnchorOffset="20" TAnchorPoint="0" TAnchorOffset="108" RAnchorPoint="1" RAnchorOffset="-25" BAnchorPoint="0" BAnchorOffset="356" RelativeToClient="1" Font="CRB_InterfaceSmall_O" Text="" Template="Holo_ScrollListSmall" Name="RosterGrid" BGColor="ffffffff" TextColor="ffffffff" Picture="0" IgnoreMouse="1" MultiColumn="1" SelectWholeRow="1" FocusOnMouseOver="1" RowHeight="30" CellBGBase="BK3:btnHolo_ListView_Simple" TextNormalColor="ffffffff" TextSelectedColor="ffffffff" TextNormalFocusColor="ffffffff" TextSelectedFocusColor="ffffffff" TextDisabledColor="9d666666" DT_VCENTER="1" TooltipColor="" CellBGNormalColor="" CellBGSelectedColor="" CellBGNormalFocusColor="" CellBGSelectedFocusColor="" Sprite="" HeaderBG="BK3:btnHolo_ListView_MidNormal" HeaderRow="0" HeaderFont="CRB_InterfaceSmall" HideInEditor="0" VScroll="1" AutoHideScroll="1">
            <Column Name="Icon" Width="25" TextColor="" Image="" MinWidth="10" MaxWidth="2048" MergeLeft="0" SimpleSort="1"/>
            <Column Name="Name" Width="200" TextColor="" Image="" MinWidth="10" MaxWidth="2048" MergeLeft="0" SimpleSort="1"/>
            <Column Name="Class" Width="50" TextColor="" Image="" MinWidth="10" MaxWidth="2048" MergeLeft="0" SimpleSort="1"/>
            <Event Name="GridSelChange" Function="OnRosterGridItemClick"/>
            <Column Name="Last Online" Width="293" TextColor="White" Image="" MinWidth="10" MaxWidth="2048" MergeLeft="0" SimpleSort="1" DT_VCENTER="1"/>
        </Control>
        <Control Class="Window" LAnchorPoint="0" LAnchorOffset="15" TAnchorPoint="1" TAnchorOffset="-113" RAnchorPoint="1" RAnchorOffset="-17" BAnchorPoint="1" BAnchorOffset="-61" RelativeToClient="1" Font="Default" Text="" Template="Default" Name="Controls" BGColor="ffffffff" TextColor="ff237083" TooltipColor="" HideInEditor="0" IgnoreMouse="1" NoClip="1">
            <Control Class="Button" Base="BK3:btnHolo_Blue_Small" Font="CRB_Button" ButtonType="PushButton" RadioGroup="RosterOptions_MemberOptionsRadioGroup" LAnchorPoint="0" LAnchorOffset="0" TAnchorPoint="0" TAnchorOffset="-3" RAnchorPoint=".25" RAnchorOffset="-12" BAnchorPoint="1" BAnchorOffset="-3" DT_VCENTER="1" DT_CENTER="1" Name="RosterOptionBtnInvite" BGColor="ffffffff" TextColor="ffffffff" NormalTextColor="UI_BtnTextBlueNormal" PressedTextColor="UI_BtnTextBluePressed" FlybyTextColor="UI_BtnTextBlueFlyby" PressedFlybyTextColor="UI_BtnTextBluePressedFlyby" DisabledTextColor="UI_BtnTextBlueDisabled" Text="" TextId="CRB_Invite_To_Group" Visible="0" GlobalRadioGroup="" LeftEdgeControlsAnchor="" RelativeToClient="1" TooltipColor="" NoClip="1" Overlapped="1">
                <Event Name="ButtonSignal" Function="OnInviteToGroupClick"/>
            </Control>
            <Control Class="Button" Base="BK3:btnHolo_Blue_Small" Font="CRB_Button" ButtonType="Check" RadioGroup="RosterOptions_MemberOptionsRadioGroup" LAnchorPoint=".25" LAnchorOffset="-5" TAnchorPoint="0" TAnchorOffset="-3" RAnchorPoint=".5" RAnchorOffset="0" BAnchorPoint="1" BAnchorOffset="-3" DT_VCENTER="1" DT_CENTER="1" Name="RosterOptionBtnPromote" BGColor="ffffffff" TextColor="ffffffff" NormalTextColor="UI_BtnTextBlueNormal" PressedTextColor="UI_BtnTextBluePressed" FlybyTextColor="UI_BtnTextBlueFlyby" PressedFlybyTextColor="UI_BtnTextBluePressedFlyby" DisabledTextColor="UI_BtnTextBlueDisabled" Text="" TextId="Circles_PromoteMember" Visible="0" GlobalRadioGroup="" LeftEdgeControlsAnchor="" RelativeToClient="1" TooltipColor="" NewWindowDepth="1" Overlapped="1">
                <Event Name="ButtonCheck" Function="OnRosterPromoteMemberClick"/>
                <Control Class="Window" LAnchorPoint="0.5" LAnchorOffset="-92" TAnchorPoint="1" TAnchorOffset="-102" RAnchorPoint="0.5" RAnchorOffset="92" BAnchorPoint="1" BAnchorOffset="-21" RelativeToClient="1" Font="Default" Text="" Template="Default" Name="PromoteMemberContainer" BGColor="ffffffff" TextColor="ffffffff" Picture="0" IgnoreMouse="0" Sprite="" Visible="0" HideInEditor="1" NoClip="1" CloseOnExternalClick="1" TooltipColor="">
                    <Control Class="Window" LAnchorPoint="0" LAnchorOffset="10" TAnchorPoint="0" TAnchorOffset="10" RAnchorPoint="1" RAnchorOffset="-10" BAnchorPoint="0" BAnchorOffset="30" RelativeToClient="1" Font="CRB_InterfaceMedium_B" Text="" Template="Default" Name="PromoteMemberLabel" BGColor="ffffffff" TextColor="ffffffff" TextId="Circles_LeaderPromote" TooltipColor=""/>
                    <Control Class="Button" Base="CRB_ChallengeTrackerSprites:btnChallengeClose" Font="Thick" ButtonType="PushButton" RadioGroup="" LAnchorPoint="1" LAnchorOffset="-25" TAnchorPoint="0" TAnchorOffset="7" RAnchorPoint="1" RAnchorOffset="-7" BAnchorPoint="0" BAnchorOffset="25" DT_VCENTER="1" DT_CENTER="1" Name="PromoteMemberCloseBtn" BGColor="ffffffff" TextColor="ffffffff" NormalTextColor="ffffffff" PressedTextColor="ffffffff" FlybyTextColor="ffffffff" PressedFlybyTextColor="ffffffff" DisabledTextColor="ffffffff" Text="" TooltipColor="">
                        <Event Name="ButtonSignal" Function="OnRosterPromoteMemberCloseBtn"/>
                    </Control>
                    <Control Class="Button" Base="CRB_Basekit:kitBtn_Holo" Font="CRB_InterfaceMedium_B" ButtonType="PushButton" RadioGroup="" LAnchorPoint="0" LAnchorOffset="10" TAnchorPoint="1" TAnchorOffset="-45" RAnchorPoint="0.5" RAnchorOffset="-3" BAnchorPoint="1" BAnchorOffset="-13" DT_VCENTER="1" DT_CENTER="1" Name="PromoteMemberYesBtn" BGColor="ffffffff" TextColor="ffffffff" NormalTextColor="ff2f94ac" PressedTextColor="ff31fcf6" FlybyTextColor="ffffffff" PressedFlybyTextColor="ffffffff" DisabledTextColor="9d666666" Text="" TextId="Yes" TooltipColor="">
                        <Event Name="ButtonSignal" Function="OnRosterPromoteMemberYesClick"/>
                    </Control>
                    <Control Class="Button" Base="CRB_Basekit:kitBtn_Holo" Font="CRB_InterfaceMedium_B" ButtonType="PushButton" RadioGroup="" LAnchorPoint="0.5" LAnchorOffset="3" TAnchorPoint="1" TAnchorOffset="-45" RAnchorPoint="1" RAnchorOffset="-10" BAnchorPoint="1" BAnchorOffset="-13" DT_VCENTER="1" DT_CENTER="1" Name="PromoteMemberNoBtn" BGColor="ffffffff" TextColor="ffffffff" NormalTextColor="ff2f94ac" PressedTextColor="ff31fcf6" FlybyTextColor="ffffffff" PressedFlybyTextColor="ffffffff" DisabledTextColor="9d666666" Text="" TextId="No" TooltipColor="">
                        <Event Name="ButtonSignal" Function="OnRosterPromoteMemberCloseBtn"/>
                    </Control>
                    <Event Name="WindowClosed" Function="OnRosterPromoteMemberCloseBtn"/>
                    <Pixie LAnchorPoint="0" LAnchorOffset="3" TAnchorPoint="1" TAnchorOffset="-33" RAnchorPoint="1" RAnchorOffset="-3" BAnchorPoint="1" BAnchorOffset="7" BGColor="ffffffff" Font="Default" TextColor="ffffffff" Text="" Sprite="CRB_Basekit:kitBtn_Holo_TabFlyby" Line="0"/>
                    <Pixie LAnchorPoint="0" LAnchorOffset="0" TAnchorPoint="0" TAnchorOffset="0" RAnchorPoint="1" RAnchorOffset="0" BAnchorPoint="1" BAnchorOffset="-2" BGColor="ffffffff" Font="Default" TextColor="ffffffff" Text="" Sprite="CRB_Basekit:kitBase_HoloBlue_SmallGreenCorners" Line="0"/>
                </Control>
            </Control>
            <Control Class="Button" Base="BK3:btnHolo_Red_Small" Font="CRB_Button" ButtonType="PushButton" RadioGroup="RosterOptions_MemberOptionsRadioGroup" LAnchorPoint=".5" LAnchorOffset="-5" TAnchorPoint="0" TAnchorOffset="-3" RAnchorPoint=".75" RAnchorOffset="-2" BAnchorPoint="1" BAnchorOffset="-3" DT_VCENTER="1" DT_CENTER="1" Name="RosterOptionBtnDemote" BGColor="ffffffff" TextColor="ffffffff" NormalTextColor="UI_BtnTextRedNormal" PressedTextColor="UI_BtnTextRedPressed" FlybyTextColor="UI_BtnTextRedFlyby" PressedFlybyTextColor="UI_BtnTextRedPressedFlyby" DisabledTextColor="UI_BtnTextRedDisabled" Text="" TextId="Circles_DemoteMember" Visible="0" GlobalRadioGroup="" LeftEdgeControlsAnchor="" RelativeToClient="1" TooltipColor="" Overlapped="1" NoClip="1">
                <Event Name="ButtonSignal" Function="OnRosterDemoteMemberClick"/>
            </Control>
            <Control Class="Button" Base="BK3:btnHolo_Red_Small" Font="CRB_Button" ButtonType="Check" RadioGroup="RosterOptions_MemberOptionsRadioGroup" LAnchorPoint=".75" LAnchorOffset="-5" TAnchorPoint="0" TAnchorOffset="-3" RAnchorPoint="1" RAnchorOffset="-1" BAnchorPoint="1" BAnchorOffset="-3" DT_VCENTER="1" DT_CENTER="1" Name="RosterOptionBtnRemove" BGColor="ffffffff" TextColor="ffffffff" NormalTextColor="UI_BtnTextRedNormal" PressedTextColor="UI_BtnTextRedPressed" FlybyTextColor="UI_BtnTextRedFlyby" PressedFlybyTextColor="UI_BtnTextRedPressedFlyby" DisabledTextColor="UI_BtnTextRedDisabled" Text="" TextId="Circles_RemoveMember" Visible="0" GlobalRadioGroup="" LeftEdgeControlsAnchor="" RelativeToClient="1" TooltipColor="" NewWindowDepth="1" NoClip="1" Overlapped="1">
                <Event Name="ButtonCheck" Function="OnRosterRemoveMemberClick"/>
                <Event Name="ButtonUncheck" Function="OnRosterRemoveMemberClick"/>
                <Control Class="Window" LAnchorPoint="0.5" LAnchorOffset="-92" TAnchorPoint="1" TAnchorOffset="-102" RAnchorPoint="0.5" RAnchorOffset="92" BAnchorPoint="1" BAnchorOffset="-21" RelativeToClient="1" Font="Default" Text="" Template="Default" Name="RemoveMemberContainer" BGColor="ffffffff" TextColor="ffffffff" Picture="0" IgnoreMouse="0" Sprite="" Visible="0" HideInEditor="1" NoClip="1" CloseOnExternalClick="1" TooltipColor="">
                    <Control Class="Window" LAnchorPoint="0" LAnchorOffset="10" TAnchorPoint="0" TAnchorOffset="10" RAnchorPoint="1" RAnchorOffset="-10" BAnchorPoint="0" BAnchorOffset="30" RelativeToClient="1" Font="CRB_InterfaceMedium_B" Text="" Template="Default" Name="RemoveMemberLabel" BGColor="ffffffff" TextColor="ffffffff" TextId="Circles_KickDefault" TooltipColor=""/>
                    <Control Class="Button" Base="CRB_ChallengeTrackerSprites:btnChallengeClose" Font="Thick" ButtonType="PushButton" RadioGroup="" LAnchorPoint="1" LAnchorOffset="-25" TAnchorPoint="0" TAnchorOffset="7" RAnchorPoint="1" RAnchorOffset="-7" BAnchorPoint="0" BAnchorOffset="25" DT_VCENTER="1" DT_CENTER="1" Name="RemoveMemberCloseBtn" BGColor="ffffffff" TextColor="ffffffff" NormalTextColor="ffffffff" PressedTextColor="ffffffff" FlybyTextColor="ffffffff" PressedFlybyTextColor="ffffffff" DisabledTextColor="ffffffff" Text="">
                        <Event Name="ButtonSignal" Function="OnRosterRemoveMemberCloseBtn"/>
                    </Control>
                    <Control Class="Button" Base="CRB_Basekit:kitBtn_Holo" Font="CRB_InterfaceMedium_B" ButtonType="PushButton" RadioGroup="" LAnchorPoint="0" LAnchorOffset="10" TAnchorPoint="1" TAnchorOffset="-45" RAnchorPoint="0.5" RAnchorOffset="-3" BAnchorPoint="1" BAnchorOffset="-13" DT_VCENTER="1" DT_CENTER="1" Name="RemoveMemberYesBtn" BGColor="ffffffff" TextColor="ffffffff" NormalTextColor="ff2f94ac" PressedTextColor="ff31fcf6" FlybyTextColor="ffffffff" PressedFlybyTextColor="ffffffff" DisabledTextColor="9d666666" Text="" TextId="Yes" TooltipColor="">
                        <Event Name="ButtonSignal" Function="OnRosterRemoveMemberYesClick"/>
                    </Control>
                    <Control Class="Button" Base="CRB_Basekit:kitBtn_Holo" Font="CRB_InterfaceMedium_B" ButtonType="PushButton" RadioGroup="" LAnchorPoint="0.5" LAnchorOffset="3" TAnchorPoint="1" TAnchorOffset="-45" RAnchorPoint="1" RAnchorOffset="-10" BAnchorPoint="1" BAnchorOffset="-13" DT_VCENTER="1" DT_CENTER="1" Name="RemoveMemberNoBtn" BGColor="ffffffff" TextColor="ffffffff" NormalTextColor="ff2f94ac" PressedTextColor="ff31fcf6" FlybyTextColor="ffffffff" PressedFlybyTextColor="ffffffff" DisabledTextColor="9d666666" Text="" TextId="No" TooltipColor="">
                        <Event Name="ButtonSignal" Function="OnRosterRemoveMemberCloseBtn"/>
                    </Control>
                    <Event Name="WindowClosed" Function="OnRosterRemoveMemberCloseBtn"/>
                    <Pixie LAnchorPoint="0" LAnchorOffset="3" TAnchorPoint="1" TAnchorOffset="-33" RAnchorPoint="1" RAnchorOffset="-3" BAnchorPoint="1" BAnchorOffset="7" BGColor="ffffffff" Font="Default" TextColor="ffffffff" Text="" Sprite="CRB_Basekit:kitBtn_Holo_TabFlyby" Line="0"/>
                    <Pixie LAnchorPoint="0" LAnchorOffset="0" TAnchorPoint="0" TAnchorOffset="0" RAnchorPoint="1" RAnchorOffset="0" BAnchorPoint="1" BAnchorOffset="-2" BGColor="ffffffff" Font="Default" TextColor="ffffffff" Text="" Sprite="CRB_Basekit:kitBase_HoloBlue_SmallGreenCorners" Line="0"/>
                </Control>
            </Control>
        </Control>
        <Control Class="Window" LAnchorPoint="0" LAnchorOffset="72" TAnchorPoint="0" TAnchorOffset="26" RAnchorPoint="1" RAnchorOffset="-49" BAnchorPoint="0" BAnchorOffset="47" RelativeToClient="1" Font="CRB_HeaderMedium" Text="" Template="Default" Name="Header" BGColor="ffffffff" TextColor="UI_BtnTextGrayOrangeListPressed" TextId="Warparty_Warparty" DT_CENTER="1" TooltipColor="" DT_BOTTOM="1" HideInEditor="0"/>
        <Control Class="Window" LAnchorPoint="0" LAnchorOffset="17" TAnchorPoint="0" TAnchorOffset="19" RAnchorPoint="0" RAnchorOffset="57" BAnchorPoint="0" BAnchorOffset="59" RelativeToClient="1" Font="Default" Text="" Template="Default" TooltipType="OnCursor" Name="Emblem" BGColor="ffffffff" TextColor="ffffffff" TooltipColor="" Picture="1" IgnoreMouse="1" HideInEditor="0"/>
        <Control Class="Button" Base="BK3:btnHolo_Red_Med" Font="CRB_Button" ButtonType="Check" RadioGroup="" LAnchorPoint="1" LAnchorOffset="-112" TAnchorPoint="1" TAnchorOffset="-83" RAnchorPoint="1" RAnchorOffset="-14" BAnchorPoint="1" BAnchorOffset="-11" DT_VCENTER="1" DT_CENTER="1" TooltipType="OnCursor" Name="RosterDisbandBtn" BGColor="ffffffff" TextColor="ffffffff" TooltipColor="" NormalTextColor="UI_BtnTextRedNormal" PressedTextColor="UI_BtnTextRedPressed" FlybyTextColor="UI_BtnTextRedFlyby" PressedFlybyTextColor="UI_BtnTextRedPressedFlyby" DisabledTextColor="UI_BtnTextRedDisabled" Text="" TextId="ArenaRoster_Disband" NewWindowDepth="1">
            <Control Class="Window" LAnchorPoint="0.5" LAnchorOffset="-137" TAnchorPoint="1" TAnchorOffset="-224" RAnchorPoint="0.5" RAnchorOffset="139" BAnchorPoint="1" BAnchorOffset="-63" RelativeToClient="1" Font="Default" Text="" Template="Default" Name="DisbandContainer" BGColor="ffffffff" TextColor="ffffffff" Picture="0" IgnoreMouse="1" Sprite="" Visible="0" HideInEditor="0" NoClip="1" CloseOnExternalClick="1" TooltipColor="" Tooltip="">
                <Control Class="Window" LAnchorPoint="0" LAnchorOffset="-20" TAnchorPoint="0" TAnchorOffset="-31" RAnchorPoint="1" RAnchorOffset="20" BAnchorPoint="1" BAnchorOffset="28" RelativeToClient="1" Font="Default" Text="" BGColor="UI_WindowBGDefault" TextColor="UI_WindowTextDefault" Template="Default" TooltipType="OnCursor" Name="HoloBG" TooltipColor="" Sprite="BK3:sprHolo_Alert_Flyout" Picture="1" IgnoreMouse="1" NoClip="1"/>
                <Control Class="Window" LAnchorPoint="0" LAnchorOffset="30" TAnchorPoint="0" TAnchorOffset="31" RAnchorPoint="1" RAnchorOffset="-30" BAnchorPoint="0" BAnchorOffset="108" RelativeToClient="1" Font="CRB_InterfaceSmall" Text="" BGColor="UI_WindowBGDefault" TextColor="UI_TextHoloBody" Template="Holo_TextCallout" TooltipType="OnCursor" Name="TextFrame" TooltipColor="" TextId="Warparty_DisbandConfirm" Sprite="" DT_VCENTER="1" DT_CENTER="1" DT_WORDBREAK="1" NewControlDepth="2" Picture="0" IgnoreMouse="1" Border="1" UseTemplateBG="1"/>
                <Control Class="Button" Base="CRB_Basekit:kitBtn_Holo_Close2" Font="Thick" ButtonType="PushButton" RadioGroup="" LAnchorPoint="1" LAnchorOffset="-33" TAnchorPoint="0" TAnchorOffset="13" RAnchorPoint="1" RAnchorOffset="-15" BAnchorPoint="0" BAnchorOffset="31" DT_VCENTER="1" DT_CENTER="1" Name="DisbandContainerCloseBtn" BGColor="ffffffff" TextColor="ffffffff" NormalTextColor="ffffffff" PressedTextColor="ffffffff" FlybyTextColor="ffffffff" PressedFlybyTextColor="ffffffff" DisabledTextColor="ffffffff" Text="" TooltipColor="">
                    <Event Name="ButtonSignal" Function="OnDisbandContainerCloseBtn"/>
                </Control>
                <Control Class="Button" Base="BK3:btnHolo_Blue_Small" Font="CRB_Button" ButtonType="PushButton" RadioGroup="" LAnchorPoint="0" LAnchorOffset="42" TAnchorPoint="1" TAnchorOffset="-57" RAnchorPoint="0.5" RAnchorOffset="4" BAnchorPoint="1" BAnchorOffset="-5" DT_VCENTER="1" DT_CENTER="1" Name="ConfirmDisbandBtn" BGColor="ffffffff" TextColor="ffffffff" NormalTextColor="UI_BtnTextBlueNormal" PressedTextColor="UI_BtnTextBluePressed" FlybyTextColor="UI_BtnTextBlueFlyby" PressedFlybyTextColor="UI_BtnTextBluePressedFlyby" DisabledTextColor="UI_BtnTextBlueDisabled" Text="" TextId="Yes" TooltipColor="">
                    <Event Name="ButtonSignal" Function="OnConfirmDisbandBtn"/>
                </Control>
                <Control Class="Button" Base="BK3:btnHolo_Red_Small" Font="CRB_Button" ButtonType="PushButton" RadioGroup="" LAnchorPoint="0.5" LAnchorOffset="-2" TAnchorPoint="1" TAnchorOffset="-57" RAnchorPoint="1" RAnchorOffset="-40" BAnchorPoint="1" BAnchorOffset="-5" DT_VCENTER="1" DT_CENTER="1" Name="RemoveMemberNoBtn" BGColor="ffffffff" TextColor="ffffffff" NormalTextColor="UI_BtnTextRedNormal" PressedTextColor="UI_BtnTextRedPressed" FlybyTextColor="UI_BtnTextRedFlyby" PressedFlybyTextColor="UI_BtnTextRedDisabled" DisabledTextColor="9d666666" Text="" TextId="No" TooltipColor="" NoClip="1">
                    <Event Name="ButtonSignal" Function="OnDisbandContainerCloseBtn"/>
                </Control>
                <Event Name="WindowClosed" Function="OnDisbandContainerCloseBtn"/>
                <Pixie LAnchorPoint="0" LAnchorOffset="30" TAnchorPoint="0" TAnchorOffset="17" RAnchorPoint="1" RAnchorOffset="-30" BAnchorPoint="1" BAnchorOffset="-50" BGColor="ffffffff" Font="CRB_InterfaceSmall" TextColor="UI_TextHoloBodyHighlight" Text="" TextId="" Line="0" DT_CENTER="1" DT_VCENTER="0" DT_BOTTOM="0" DT_WORDBREAK="1"/>
            </Control>
            <Event Name="ButtonUncheck" Function="OnDisbandContainerCloseBtn"/>
            <Event Name="ButtonCheck" Function="OnRosterDisbandBtn"/>
        </Control>
        <Control Class="Button" Base="BK3:btnHolo_Red_Med" Font="CRB_InterfaceSmall_O" ButtonType="Check" RadioGroup="" LAnchorPoint="1" LAnchorOffset="-114" TAnchorPoint="1" TAnchorOffset="-82" RAnchorPoint="1" RAnchorOffset="-14" BAnchorPoint="1" BAnchorOffset="-10" DT_VCENTER="1" DT_CENTER="1" TooltipType="OnCursor" Name="RosterLeaveBtn" BGColor="ffffffff" TextColor="ffffffff" TooltipColor="" NormalTextColor="ffbe6565" PressedTextColor="ffffffff" FlybyTextColor="ffffffff" PressedFlybyTextColor="ffffffff" DisabledTextColor="ff4f4235" Text="" TextId="ArenaRoster_Leave" NewWindowDepth="1" HideInEditor="1">
            <Control Class="Window" LAnchorPoint="0.5" LAnchorOffset="-112" TAnchorPoint="1" TAnchorOffset="-166" RAnchorPoint="0.5" RAnchorOffset="112" BAnchorPoint="1" BAnchorOffset="-64" RelativeToClient="1" Font="Default" Text="" Template="Default" Name="LeaveContainer" BGColor="ffffffff" TextColor="ffffffff" Picture="0" IgnoreMouse="1" Sprite="" Visible="0" HideInEditor="0" NoClip="1" CloseOnExternalClick="1" TooltipColor="">
                <Control Class="Window" LAnchorPoint="0" LAnchorOffset="-20" TAnchorPoint="0" TAnchorOffset="-31" RAnchorPoint="1" RAnchorOffset="20" BAnchorPoint="1" BAnchorOffset="28" RelativeToClient="1" Font="Default" Text="" BGColor="UI_WindowBGDefault" TextColor="UI_WindowTextDefault" Template="Default" TooltipType="OnCursor" Name="HoloBG" TooltipColor="" Sprite="BK3:sprHolo_Alert_Flyout" Picture="1" IgnoreMouse="1" NoClip="1"/>
                <Control Class="Button" Base="CRB_Basekit:kitBtn_Holo_Close2" Font="Thick" ButtonType="PushButton" RadioGroup="" LAnchorPoint="1" LAnchorOffset="-34" TAnchorPoint="0" TAnchorOffset="14" RAnchorPoint="1" RAnchorOffset="-16" BAnchorPoint="0" BAnchorOffset="32" DT_VCENTER="1" DT_CENTER="1" Name="DisbandContainerCloseBtn" BGColor="ffffffff" TextColor="ffffffff" NormalTextColor="ffffffff" PressedTextColor="ffffffff" FlybyTextColor="ffffffff" PressedFlybyTextColor="ffffffff" DisabledTextColor="ffffffff" Text="" TooltipColor="">
                    <Event Name="ButtonSignal" Function="OnLeaveContainerCloseBtn"/>
                </Control>
                <Control Class="Button" Base="BK3:btnHolo_Blue_Small" Font="CRB_Button" ButtonType="PushButton" RadioGroup="" LAnchorPoint="0" LAnchorOffset="15" TAnchorPoint="1" TAnchorOffset="-60" RAnchorPoint="0.5" RAnchorOffset="2" BAnchorPoint="1" BAnchorOffset="-7" DT_VCENTER="1" DT_CENTER="1" Name="ConfirmLeaveBtn" BGColor="ffffffff" TextColor="ffffffff" NormalTextColor="UI_BtnTextBlueNormal" PressedTextColor="UI_BtnTextBluePressed" FlybyTextColor="UI_BtnTextBlueFlyby" PressedFlybyTextColor="UI_BtnTextBluePressedFlyby" DisabledTextColor="UI_BtnTextBlueDisabled" Text="" TextId="Yes" TooltipColor="">
                    <Event Name="ButtonSignal" Function="OnConfirmLeaveBtn"/>
                </Control>
                <Control Class="Button" Base="BK3:btnHolo_Red_Small" Font="CRB_Button" ButtonType="PushButton" RadioGroup="" LAnchorPoint="0.5" LAnchorOffset="-4" TAnchorPoint="1" TAnchorOffset="-59" RAnchorPoint="1" RAnchorOffset="-17" BAnchorPoint="1" BAnchorOffset="-6" DT_VCENTER="1" DT_CENTER="1" Name="RemoveMemberNoBtn" BGColor="ffffffff" TextColor="ffffffff" NormalTextColor="UI_BtnTextRedNormal" PressedTextColor="UI_BtnTextRedPressed" FlybyTextColor="UI_BtnTextRedFlyby" PressedFlybyTextColor="UI_BtnTextRedPressedFlyby" DisabledTextColor="UI_BtnTextRedDisabled" Text="" TextId="No" TooltipColor="">
                    <Event Name="ButtonSignal" Function="OnLeaveContainerCloseBtn"/>
                </Control>
                <Event Name="WindowClosed" Function="OnLeaveContainerCloseBtn"/>
                <Pixie LAnchorPoint="0" LAnchorOffset="23" TAnchorPoint="0" TAnchorOffset="10" RAnchorPoint="1" RAnchorOffset="-10" BAnchorPoint="0" BAnchorOffset="28" BGColor="ffffffff" Font="CRB_InterfaceMedium_B" TextColor="UI_WindowTitleYellow" Text="" TextId="ArenaRoster_LeaveLabel" Line="0"/>
            </Control>
            <Event Name="ButtonUncheck" Function="OnLeaveContainerCloseBtn"/>
            <Event Name="ButtonCheck" Function="OnRosterLeaveBtn"/>
        </Control>
        <Control Class="Button" Base="BK3:btnHolo_Blue_Med" Font="CRB_Button" ButtonType="Check" RadioGroup="RosterOptions_MemberOptionsRadioGroup" LAnchorPoint="0" LAnchorOffset="309" TAnchorPoint="1" TAnchorOffset="-83" RAnchorPoint="0" RAnchorOffset="409" BAnchorPoint="1" BAnchorOffset="-11" DT_VCENTER="1" DT_CENTER="1" Name="RosterOptionBtnAdd" BGColor="ffffffff" TextColor="ffffffff" NormalTextColor="UI_BtnTextBlueNormal" PressedTextColor="UI_BtnTextBluePressed" FlybyTextColor="UI_BtnTextBlueFlyby" PressedFlybyTextColor="UI_BtnTextBluePressed" DisabledTextColor="UI_BtnTextBlueDisabled" Text="" TextId="ArenaRoster_Add" Visible="0" GlobalRadioGroup="" LeftEdgeControlsAnchor="" RelativeToClient="1" TooltipColor="" NewWindowDepth="1">
            <Event Name="ButtonCheck" Function="OnRosterAddMemberClick"/>
            <Event Name="ButtonUncheck" Function="OnRosterAddMemberClick"/>
            <Control Class="Window" LAnchorPoint="0.5" LAnchorOffset="-104" TAnchorPoint="1" TAnchorOffset="-185" RAnchorPoint="0.5" RAnchorOffset="100" BAnchorPoint="1" BAnchorOffset="-60" RelativeToClient="1" Font="Default" Text="" Template="" Name="AddMemberContainer" BGColor="ffffffff" TextColor="ffffffff" Picture="0" IgnoreMouse="1" Sprite="" Visible="0" HideInEditor="1" NewWindowDepth="0" NoClip="1" CloseOnExternalClick="1" TooltipColor="" Border="1" UseTemplateBG="1">
                <Control Class="Window" LAnchorPoint="0" LAnchorOffset="-20" TAnchorPoint="0" TAnchorOffset="-31" RAnchorPoint="1" RAnchorOffset="20" BAnchorPoint="1" BAnchorOffset="28" RelativeToClient="1" Font="Default" Text="" BGColor="UI_WindowBGDefault" TextColor="UI_WindowTextDefault" Template="Default" TooltipType="OnCursor" Name="HoloBG" TooltipColor="" Sprite="BK3:sprHolo_Alert_Flyout" Picture="1" IgnoreMouse="1" NoClip="1"/>
                <Control Class="EditBox" LAnchorPoint="0" LAnchorOffset="20" TAnchorPoint="0.5" TAnchorOffset="-21" RAnchorPoint="1" RAnchorOffset="-20" BAnchorPoint="0.5" BAnchorOffset="10" RelativeToClient="1" Font="CRB_InterfaceMedium" Text="" Template="Holo_InputBox" Name="AddMemberEditBox" BGColor="ffffffff" TextColor="UI_TextHoloBodyHighlight" Picture="0" DT_VCENTER="1" IgnoreMouse="1" TooltipColor="" Border="1" UseTemplateBG="1" NewControlDepth="1">
                    <Event Name="EditBoxReturn" Function="OnAddMemberEditBoxReturn"/>
                </Control>
                <Control Class="Button" Base="CRB_Basekit:kitBtn_Holo_Close2" Font="Thick" ButtonType="PushButton" RadioGroup="" LAnchorPoint="1" LAnchorOffset="-39" TAnchorPoint="0" TAnchorOffset="20" RAnchorPoint="1" RAnchorOffset="-22" BAnchorPoint="0" BAnchorOffset="39" DT_VCENTER="1" DT_CENTER="1" Name="AddMemberCloseBtn" BGColor="ffffffff" TextColor="ffffffff" NormalTextColor="ffffffff" PressedTextColor="ffffffff" FlybyTextColor="ffffffff" PressedFlybyTextColor="ffffffff" DisabledTextColor="ffffffff" TooltipColor="">
                    <Event Name="ButtonSignal" Function="OnRosterAddMemberCloseBtn"/>
                </Control>
                <Event Name="WindowClosed" Function="OnRosterAddMemberCloseBtn"/>
                <Control Class="Button" Base="BK3:btnHolo_Blue_Small" Font="CRB_Button" ButtonType="PushButton" RadioGroup="" LAnchorPoint="0.5" LAnchorOffset="-35" TAnchorPoint="1" TAnchorOffset="-55" RAnchorPoint="0.5" RAnchorOffset="35" BAnchorPoint="1" BAnchorOffset="-5" DT_VCENTER="1" DT_CENTER="1" Name="AddMemberConfirmBtn" BGColor="ffffffff" TextColor="ffffffff" NormalTextColor="UI_BtnTextBlueNormal" PressedTextColor="UI_BtnTextBluePressed" FlybyTextColor="UI_BtnTextBlueFlyby" PressedFlybyTextColor="UI_BtnTextBluePressedFlyby" DisabledTextColor="UI_BtnTextBlueDisabled" Text="" TextId="ArenaRoster_Add" TooltipColor="">
                    <Event Name="ButtonSignal" Function="OnAddMemberConfirmBtn"/>
                </Control>
                <Pixie LAnchorPoint="0" LAnchorOffset="24" TAnchorPoint="0" TAnchorOffset="13" RAnchorPoint="1" RAnchorOffset="-10" BAnchorPoint="0" BAnchorOffset="40" BGColor="ffffffff" Font="CRB_InterfaceMedium_B" TextColor="UI_WindowTitleYellow" Text="" TextId="ArenaRoster_AddLabel" Line="0"/>
            </Control>
        </Control>
        <Control Class="Window" LAnchorPoint="1" LAnchorOffset="-908" TAnchorPoint="0" TAnchorOffset="13" RAnchorPoint="1" RAnchorOffset="-499" BAnchorPoint="0" BAnchorOffset="465" RelativeToClient="1" Font="Default" Text="" Template="Holo_Large" Name="RankPopout" Border="1" Picture="0" SwallowMouseClicks="1" Moveable="1" Escapable="0" Overlapped="1" BGColor="ffffffff" TextColor="ffffffff" TextId="" TooltipColor="" Tooltip="" HideInEditor="0" Visible="0" IgnoreMouse="1" Sprite="" NoClip="1" UseTemplateBG="1" NewWindowDepth="0">
            <Control Class="Window" LAnchorPoint="0" LAnchorOffset="0" TAnchorPoint="0" TAnchorOffset="-12" RAnchorPoint="1" RAnchorOffset="0" BAnchorPoint="1" BAnchorOffset="-33" RelativeToClient="1" Font="Default" Text="" Template="Default" TooltipType="OnCursor" Name="BGArt" BGColor="ffffffff" TextColor="ffffffff" TooltipColor="">
                <Control Class="Window" LAnchorPoint="0" LAnchorOffset="0" TAnchorPoint="0" TAnchorOffset="40" RAnchorPoint="1" RAnchorOffset="0" BAnchorPoint="1" BAnchorOffset="0" RelativeToClient="1" Font="Default" Text="" Template="Holo_Inset_Callout" TooltipType="OnCursor" Name="BGArt_HoloBase" BGColor="ffffffff" TextColor="ffffffff" TooltipColor="" Picture="0" IgnoreMouse="1" Sprite="" VScroll="0" Border="1" UseTemplateBG="1"/>
                <Pixie LAnchorPoint="0" LAnchorOffset="0" TAnchorPoint="0" TAnchorOffset="8" RAnchorPoint="1" RAnchorOffset="0" BAnchorPoint="0" BAnchorOffset="34" BGColor="ffffffff" Font="CRB_HeaderMedium" TextColor="UI_WindowTitleYellow" Text="" TextId="Circles_RankPixie" DT_CENTER="1" DT_BOTTOM="0" Line="0"/>
            </Control>
            <Control Class="Button" Base="BK3:btnHolo_Blue_Small" Font="CRB_Button" ButtonType="PushButton" RadioGroup="" LAnchorPoint="0.5" LAnchorOffset="71" TAnchorPoint="1" TAnchorOffset="-77" RAnchorPoint="0.5" RAnchorOffset="171" BAnchorPoint="1" BAnchorOffset="-24" DT_VCENTER="1" DT_CENTER="1" Name="RankPopoutCancelButton" BGColor="ffffffff" TextColor="ffffffff" NewControlDepth="2" WindowSoundTemplate="TogglePhys03" TextId="CRB_Close" Text="" TooltipColor="" NormalTextColor="UI_BtnTextBlueNormal" PressedTextColor="UI_BtnTextBluePressed" FlybyTextColor="UI_BtnTextBlueFlyby" PressedFlybyTextColor="ffffffff" DisabledTextColor="ff800000">
                <Event Name="ButtonSignal" Function="OnRankPopoutCloseBtn"/>
            </Control>
            <Control Class="Button" Base="BK3:btnHolo_Close" Font="CRB_InterfaceMedium" ButtonType="PushButton" RadioGroup="" LAnchorPoint="1" LAnchorOffset="-72" TAnchorPoint="0" TAnchorOffset="27" RAnchorPoint="1" RAnchorOffset="-29" BAnchorPoint="0" BAnchorOffset="72" DT_VCENTER="1" DT_CENTER="1" Name="RankPopoutCloseButton" BGColor="ffffffff" TextColor="ffffffff" WindowSoundTemplate="TogglePhys03" TextId="" Text="" TooltipColor="" NormalTextColor="ff2f94ac" PressedTextColor="ffffffff" FlybyTextColor="ff31fcf6" PressedFlybyTextColor="ffffffff" DisabledTextColor="ff800000">
                <Event Name="ButtonSignal" Function="OnRankPopoutCloseBtn"/>
            </Control>
            <Control Class="Window" LAnchorPoint="0" LAnchorOffset="13" TAnchorPoint="0" TAnchorOffset="31" RAnchorPoint="1" RAnchorOffset="3" BAnchorPoint="1" BAnchorOffset="-36" RelativeToClient="1" Font="Default" Text="" Template="Default" TooltipType="OnCursor" Name="RankContainer" BGColor="ffffffff" TextColor="ffffffff" TooltipColor="" VScroll="1" IgnoreMouse="1"/>
            <Event Name="MouseButtonDown" Function="HelperClearFocus"/>
            <Control Class="Window" LAnchorPoint="0" LAnchorOffset="-40" TAnchorPoint="0" TAnchorOffset="-40" RAnchorPoint="1" RAnchorOffset="40" BAnchorPoint="1" BAnchorOffset="40" RelativeToClient="1" Font="Default" Text="" Template="Holo_Large" TooltipType="OnCursor" Name="RankSettingsEntry" Border="1" Picture="0" SwallowMouseClicks="1" Moveable="0" Escapable="0" Overlapped="0" BGColor="black" TextColor="ffffffff" TooltipColor="" Sprite="" IgnoreMouse="1" HideInEditor="0" Visible="0" NoClip="1" UseTemplateBG="1" NewWindowDepth="1">
                <Pixie LAnchorPoint="0" LAnchorOffset="0" TAnchorPoint="0" TAnchorOffset="-4" RAnchorPoint="1" RAnchorOffset="0" BAnchorPoint="0" BAnchorOffset="31" Sprite="" BGColor="ffffffff" TextColor="UI_WindowTitleYellow" Rotation="0" Font="CRB_HeaderMedium" Text="" TextId="Circles_EditRank" DT_BOTTOM="0" DT_CENTER="1"/>
                <Control Class="Window" LAnchorPoint="0" LAnchorOffset="0" TAnchorPoint="0" TAnchorOffset="25" RAnchorPoint="1" RAnchorOffset="0" BAnchorPoint="0" BAnchorOffset="100" RelativeToClient="1" Font="Default" Text="" Template="Default" TooltipType="OnCursor" Name="Name" BGColor="ffffffff" TextColor="ffffffff" TooltipColor="" HideInEditor="0" Visible="1" Picture="1" IgnoreMouse="1" Sprite="BK3:UI_BK3_Holo_InsetHeaderThin">
                    <Control Class="EditBox" LAnchorPoint="0" LAnchorOffset="25" TAnchorPoint="0" TAnchorOffset="39" RAnchorPoint="1" RAnchorOffset="-25" BAnchorPoint="0" BAnchorOffset="70" RelativeToClient="1" Font="CRB_InterfaceMedium_B" Text="" Template="Holo_InputBox" TooltipType="OnCursor" Name="OptionString" BGColor="ffffffff" TextColor="UI_TextHoloTitle" TooltipColor="" TextId="" DT_VCENTER="1" Border="1" UseTemplateBG="1">
                        <Event Name="EditBoxChanging" Function="OnRankSettingsNameChanging"/>
                        <Event Name="EditBoxChanged" Function="OnRankSettingsNameChanging"/>
                    </Control>
                    <Pixie LAnchorPoint="0" LAnchorOffset="17" TAnchorPoint="0" TAnchorOffset="8" RAnchorPoint="1" RAnchorOffset="-17" BAnchorPoint="0" BAnchorOffset="24" Sprite="" BGColor="white" TextColor="UI_TextHoloTitle" Rotation="0" Font="CRB_HeaderSmall" Text="" TextId="CRB_Name" DT_VCENTER="0" DT_CENTER="1"/>
                    <Control Class="Window" LAnchorPoint="1" LAnchorOffset="-109" TAnchorPoint="0" TAnchorOffset="42" RAnchorPoint="1" RAnchorOffset="-34" BAnchorPoint="0" BAnchorOffset="66" RelativeToClient="1" Font="CRB_InterfaceSmall" Text="(16/16)" Template="Default" TooltipType="OnCursor" Name="Limit" BGColor="ffffffff" TextColor="UI_TextHoloBody" TooltipColor="" TextId="" DT_VCENTER="1" DT_RIGHT="1"/>
                </Control>
                <Control Class="Window" LAnchorPoint="0" LAnchorOffset="0" TAnchorPoint=".5" TAnchorOffset="-78" RAnchorPoint="1" RAnchorOffset="0" BAnchorPoint=".5" BAnchorOffset="136" RelativeToClient="1" Font="Default" Text="" Template="Default" TooltipType="OnCursor" Name="Permissions" Border="0" Picture="1" SwallowMouseClicks="1" Moveable="0" Escapable="0" Overlapped="0" BGColor="ffffffff" TextColor="ffffffff" TooltipColor="" HideInEditor="0" Sprite="BK3:UI_BK3_Holo_InsetHeaderThin">
                    <Pixie LAnchorPoint="0" LAnchorOffset="0" TAnchorPoint="0" TAnchorOffset="8" RAnchorPoint="1" RAnchorOffset="0" BAnchorPoint="0" BAnchorOffset="32" Sprite="" BGColor="ffffffff" TextColor="UI_TextHoloTitle" Rotation="0" Font="CRB_HeaderSmall" Text="" TextId="Group_Permissions" DT_BOTTOM="0" DT_CENTER="1"/>
                    <Control Class="Window" LAnchorPoint="0" LAnchorOffset="1" TAnchorPoint="0" TAnchorOffset="35" RAnchorPoint="1" RAnchorOffset="-2" BAnchorPoint="0" BAnchorOffset="213" RelativeToClient="1" Font="Default" Text="" Template="Holo_ScrollListSmall" TooltipType="OnCursor" Name="PermissionContainer" BGColor="ffffffff" TextColor="ffffffff" TooltipColor="" VScroll="1" IgnoreMouse="1" AutoHideScroll="1"/>
                </Control>
                <Control Class="Button" Base="BK3:btnHolo_Blue_Small" Font="CRB_Button" ButtonType="PushButton" RadioGroup="" LAnchorPoint="0.5" LAnchorOffset="-142" TAnchorPoint="1" TAnchorOffset="-76" RAnchorPoint="0.5" RAnchorOffset="-4" BAnchorPoint="1" BAnchorOffset="-23" DT_VCENTER="1" DT_CENTER="1" Name="RankPopoutOkBtn" BGColor="ffffffff" TextColor="ffffffff" NewControlDepth="2" WindowSoundTemplate="TogglePhys02" TextId="CRB_Save" Text="" TooltipColor="" NormalTextColor="UI_BtnTextBlueNormal" PressedTextColor="UI_BtnTextBluePressed" FlybyTextColor="UI_BtnTextBlueFlyby" PressedFlybyTextColor="UI_BtnTextBluePressedFlyby" DisabledTextColor="UI_BtnTextBlueDisabled">
                    <Event Name="ButtonSignal" Function="OnRankSettingsSaveBtn"/>
                </Control>
                <Control Class="Button" Base="BK3:btnHolo_Red_Small" Font="CRB_Button" ButtonType="PushButton" RadioGroup="" LAnchorPoint="0.5" LAnchorOffset="4" TAnchorPoint="1" TAnchorOffset="-76" RAnchorPoint="0.5" RAnchorOffset="142" BAnchorPoint="1" BAnchorOffset="-23" DT_VCENTER="1" DT_CENTER="1" Name="RankPopoutCancelButton" BGColor="ffffffff" TextColor="ffffffff" NewControlDepth="2" WindowSoundTemplate="TogglePhys03" TextId="CRB_Cancel" Text="" TooltipColor="" NormalTextColor="UI_BtnTextRedNormal" PressedTextColor="UI_BtnTextRedPressed" FlybyTextColor="UI_BtnTextRedFlyby" PressedFlybyTextColor="UI_BtnTextRedPressedFlyby" DisabledTextColor="UI_BtnTextRedDisabled">
                    <Event Name="ButtonSignal" Function="OnRankSettingsCloseBtn"/>
                </Control>
                <Control Class="Window" LAnchorPoint="0" LAnchorOffset="-2" TAnchorPoint="0" TAnchorOffset="321" RAnchorPoint="1" RAnchorOffset="-2" BAnchorPoint="0" BAnchorOffset="358" RelativeToClient="1" Font="Default" Text="" Template="Default" TooltipType="OnCursor" Name="Delete" BGColor="ffffffff" TextColor="ffffffff" TooltipColor="" HideInEditor="1">
                    <Control Class="Button" Base="CRB_Basekit:kitBtn_Metal_MediumRed" Font="CRB_InterfaceMedium_B" ButtonType="PushButton" RadioGroup="" LAnchorPoint="1" LAnchorOffset="-158" TAnchorPoint=".5" TAnchorOffset="-15" RAnchorPoint="1" RAnchorOffset="-20" BAnchorPoint=".5" BAnchorOffset="15" DT_VCENTER="1" DT_CENTER="1" Name="RankDeleteBtn" BGColor="ffffffff" TextColor="ffffffff" NewControlDepth="2" WindowSoundTemplate="TogglePhys02" TextId="CRB_Delete" Text="" TooltipColor="" NormalTextColor="ffffffff" PressedTextColor="ffffffff" FlybyTextColor="ffffffff" PressedFlybyTextColor="ffffffff" DisabledTextColor="ff800000">
                        <Event Name="ButtonSignal" Function="OnRankSettingsDeleteBtn"/>
                    </Control>
                    <Pixie LAnchorPoint="0" LAnchorOffset="0" TAnchorPoint="0" TAnchorOffset="0" RAnchorPoint="0" RAnchorOffset="210" BAnchorPoint="1" BAnchorOffset="0" Sprite="" BGColor="white" TextColor="white" Rotation="0" Font="CRB_InterfaceMedium_B" DT_VCENTER="1" Text="" TextId="Circles_CanNotBeUndone" DT_RIGHT="1"/>
                </Control>
                <Control Class="Window" LAnchorPoint="0" LAnchorOffset="-2" TAnchorPoint="0" TAnchorOffset="315" RAnchorPoint="1" RAnchorOffset="-2" BAnchorPoint="0" BAnchorOffset="352" RelativeToClient="1" Font="CRB_InterfaceMedium_B" Text="" Template="Default" TooltipType="OnCursor" Name="MemberCount" BGColor="ffffffff" TextColor="UI_TextHoloBodyCyan" TooltipColor="" DT_CENTER="1" DT_VCENTER="1" TextId="Guild_MemberCount"/>
            </Control>
        </Control>
        <Control Class="Button" Base="CRB_Basekit:kitBtn_Metal_Options" Font="Thick" ButtonType="PushButton" RadioGroup="" LAnchorPoint="1" LAnchorOffset="-53" TAnchorPoint="0" TAnchorOffset="47" RAnchorPoint="1" RAnchorOffset="-16" BAnchorPoint="0" BAnchorOffset="79" DT_VCENTER="1" DT_CENTER="1" TooltipType="OnCursor" Name="RanksButton" BGColor="ffffffff" TextColor="ffffffff" TooltipColor="" NormalTextColor="ffffffff" PressedTextColor="ffffffff" FlybyTextColor="ffffffff" PressedFlybyTextColor="ffffffff" DisabledTextColor="ffffffff" NoClip="1">
            <Event Name="ButtonSignal" Function="OnRanksButtonSignal"/>
        </Control>
    </Form>
    <Form Class="Window" LAnchorPoint="0.5" LAnchorOffset="-200" TAnchorPoint="0.5" TAnchorOffset="-188" RAnchorPoint="0.5" RAnchorOffset="200" BAnchorPoint="0.5" BAnchorOffset="0" RelativeToClient="1" Font="Default" Text="" Template="Default" Name="WarpartyInviteConfirmation" Border="0" Picture="1" SwallowMouseClicks="1" Moveable="1" Escapable="1" Overlapped="1" BGColor="ffffffff" TextColor="ffffffff" IgnoreMouse="1" Sprite="BK3:sprHolo_Alert_Confirm" TransitionShowHide="1" UseTransitionSprite="0" Visible="1" TooltipColor="" Tooltip="">
        <Control Class="Window" LAnchorPoint="0" LAnchorOffset="60" TAnchorPoint="0" TAnchorOffset="50" RAnchorPoint="1" RAnchorOffset="-60" BAnchorPoint="0" BAnchorOffset="104" RelativeToClient="1" Font="CRB_InterfaceMedium" Text="" Template="Holo_TextCallout" Name="WarpartyInviteLabel" BGColor="ffffffff" TextColor="UI_TextHoloBodyHighlight" TextId="CRB__2" DT_WORDBREAK="1" DT_CENTER="1" DT_VCENTER="1" TooltipColor="" Border="1" IgnoreMouse="1" UseTemplateBG="1"/>
        <Control Class="Button" Base="BK3:btnHolo_Close" Font="Thick" ButtonType="PushButton" RadioGroup="" LAnchorPoint="1" LAnchorOffset="-61" TAnchorPoint="0" TAnchorOffset="19" RAnchorPoint="1" RAnchorOffset="-19" BAnchorPoint="0" BAnchorOffset="63" DT_VCENTER="1" DT_CENTER="1" Name="WarpartyInviteCloseBtn" BGColor="ffffffff" TextColor="ffffffff" NormalTextColor="ffffffff" PressedTextColor="ffffffff" FlybyTextColor="ffffffff" PressedFlybyTextColor="ffffffff" DisabledTextColor="ffffffff" TooltipColor="">
            <Event Name="ButtonSignal" Function="OnWarpartyInviteDecline"/>
        </Control>
        <Control Class="Button" Base="BK3:btnHolo_Blue_Med" Font="CRB_Button" ButtonType="PushButton" RadioGroup="" LAnchorPoint="0" LAnchorOffset="76" TAnchorPoint="1" TAnchorOffset="-86" RAnchorPoint="0.5" RAnchorOffset="0" BAnchorPoint="1" BAnchorOffset="-13" DT_VCENTER="1" DT_CENTER="1" Name="WarpartyInviteYesBtn" BGColor="ffffffff" TextColor="ffffffff" NormalTextColor="UI_BtnTextBlueNormal" PressedTextColor="UI_BtnTextBluePressed" FlybyTextColor="UI_BtnTextBlueFlyby" PressedFlybyTextColor="UI_BtnTextBluePressedFlyby" DisabledTextColor="UI_BtnTextBlueDisabled" Text="" TextId="CRB_Accept" TooltipColor="">
            <Event Name="ButtonSignal" Function="OnWarpartyInviteAccept"/>
        </Control>
        <Control Class="Button" Base="BK3:btnHolo_Red_Med" Font="CRB_Button" ButtonType="PushButton" RadioGroup="" LAnchorPoint="0.5" LAnchorOffset="0" TAnchorPoint="1" TAnchorOffset="-86" RAnchorPoint="0" RAnchorOffset="320" BAnchorPoint="1" BAnchorOffset="-13" DT_VCENTER="1" DT_CENTER="1" Name="WarpartyInviteNoBtn" BGColor="ffffffff" TextColor="ffffffff" NormalTextColor="UI_BtnTextRedNormal" PressedTextColor="UI_BtnTextRedPressed" FlybyTextColor="UI_BtnTextRedFlyby" PressedFlybyTextColor="UI_BtnTextRedPressedFlyby" DisabledTextColor="UI_BtnTextRedDisabled" Text="" TextId="CRB_Decline" TooltipColor="">
            <Event Name="ButtonSignal" Function="OnWarpartyInviteDecline"/>
        </Control>
        <Event Name="WindowClosed" Function="OnGuildInviteDecline"/>
    </Form>
    <Form Class="Window" LAnchorPoint="0" LAnchorOffset="0" TAnchorPoint="0" TAnchorOffset="0" RAnchorPoint="1" RAnchorOffset="0" BAnchorPoint="0" BAnchorOffset="50" RelativeToClient="1" Font="Default" Text="" Template="Default" TooltipType="OnCursor" Name="RankEntry" Border="0" Picture="0" SwallowMouseClicks="1" Moveable="0" Escapable="0" Overlapped="0" BGColor="ffffffff" TextColor="ffffffff" TooltipColor="">
        <Control Class="Button" Base="Collections_TEMP:sprCollections_TEMP_PlayStop" Font="CRB_InterfaceSmall" ButtonType="PushButton" RadioGroup="" LAnchorPoint="1" LAnchorOffset="-28" TAnchorPoint=".5" TAnchorOffset="-14" RAnchorPoint="1" RAnchorOffset="0" BAnchorPoint=".5" BAnchorOffset="14" DT_VCENTER="1" DT_CENTER="1" TooltipType="OnCursor" Name="ModifyRankBtn" BGColor="ffffffff" TextColor="ffffffff" TooltipColor="" NormalTextColor="ff80ffff" PressedTextColor="ffffffff" FlybyTextColor="ffffffff" PressedFlybyTextColor="ffffffff" DisabledTextColor="ffffffff" Text="" TextId="">
            <Event Name="ButtonSignal" Function="OnRemoveRankBtnSignal"/>
        </Control>
        <Control Class="Window" LAnchorPoint="0" LAnchorOffset="0" TAnchorPoint="0" TAnchorOffset="10" RAnchorPoint="1" RAnchorOffset="-32" BAnchorPoint="1" BAnchorOffset="-11" RelativeToClient="1" Font="CRB_InterfaceMedium_B" Text="" Template="Holo_TextCallout" TooltipType="OnCursor" Name="Rank Title" BGColor="ffffffff" TextColor="UI_TextHoloTitle" TooltipColor="" HideInEditor="0" Border="1" IgnoreMouse="1" UseTemplateBG="1"/>
        <Control Class="Window" LAnchorPoint="0" LAnchorOffset="5" TAnchorPoint=".5" TAnchorOffset="-10" RAnchorPoint="1" RAnchorOffset="-39" BAnchorPoint=".5" BAnchorOffset="12" RelativeToClient="1" Font="CRB_InterfaceMedium" Text="" Template="Default" TooltipType="OnCursor" Name="OptionString" BGColor="ffffffff" TextColor="UI_TextHoloTitle" TooltipColor=""/>
    </Form>
    <Form Class="Window" LAnchorPoint="0" LAnchorOffset="0" TAnchorPoint="0" TAnchorOffset="-4" RAnchorPoint="1" RAnchorOffset="0" BAnchorPoint="0" BAnchorOffset="69" RelativeToClient="1" Font="Default" Text="" Template="Default" TooltipType="OnCursor" Name="AddRankEntry" Border="0" Picture="0" SwallowMouseClicks="1" Moveable="0" Escapable="0" Overlapped="0" BGColor="ffffffff" TextColor="ffffffff" TooltipColor="">
        <Control Class="Button" Base="BK3:btnHolo_Blue_Med" Font="CRB_Button" ButtonType="PushButton" RadioGroup="" LAnchorPoint=".5" LAnchorOffset="-138" TAnchorPoint="0" TAnchorOffset="0" RAnchorPoint=".5" RAnchorOffset="138" BAnchorPoint="1" BAnchorOffset="0" DT_VCENTER="1" DT_CENTER="1" TooltipType="OnCursor" Name="AddRankBtn" BGColor="ffffffff" TextColor="ffffffff" TooltipColor="" NormalTextColor="UI_BtnTextBlueNormal" PressedTextColor="UI_BtnTextBluePressed" FlybyTextColor="UI_BtnTextBlueFlyby" PressedFlybyTextColor="UI_BtnTextBluePressedFlyby" DisabledTextColor="UI_BtnTextBlueDisabled" Text="" TextId="Circles_AddRank">
            <Event Name="ButtonSignal" Function="OnAddRankBtnSignal"/>
        </Control>
    </Form>
    <Form Class="Window" LAnchorPoint="0" LAnchorOffset="0" TAnchorPoint="0" TAnchorOffset="0" RAnchorPoint="1" RAnchorOffset="0" BAnchorPoint="0" BAnchorOffset="30" RelativeToClient="1" Font="Default" Text="" Template="Default" TooltipType="OnCursor" Name="PermissionEntry" Border="0" Picture="0" SwallowMouseClicks="1" Moveable="0" Escapable="0" Overlapped="0" BGColor="ffffffff" TextColor="ffffffff" TooltipColor="" Tooltip="">
        <Control Class="Button" Base="BK3:btnHolo_ListView_Simple" Font="CRB_InterfaceSmall" ButtonType="Check" RadioGroup="" LAnchorPoint="0" LAnchorOffset="0" TAnchorPoint="0" TAnchorOffset="0" RAnchorPoint="1" RAnchorOffset="0" BAnchorPoint="1" BAnchorOffset="-1" DT_VCENTER="1" DT_CENTER="0" Name="PermissionBtn" BGColor="ffffffff" TextColor="ffffffff" NormalTextColor="UI_BtnTextBlueNormal" PressedTextColor="UI_BtnTextBluePressed" FlybyTextColor="UI_BtnTextBlueFlyby" PressedFlybyTextColor="UI_BtnTextBluePressedFlyby" DisabledTextColor="UI_BtnTextBlueDisabled" Template="CRB_Normal" NewControlDepth="3" Text="" TextId="Circles_PermissionBtnText" DT_WORDBREAK="1" RadioDisallowNonSelection="0" DrawAsCheckbox="0" TooltipColor="" NoClip="0">
            <Event Name="ButtonCheck" Function="OnRankSettingsPermissionBtn"/>
            <Event Name="ButtonUncheck" Function="OnRankSettingsPermissionBtn"/>
        </Control>
    </Form>
</Forms>
