<Forms>
    <Form Class="Window" LAnchorPoint="0" LAnchorOffset="0" TAnchorPoint="0" TAnchorOffset="0" RAnchorPoint="1" RAnchorOffset="0" BAnchorPoint="0" BAnchorOffset="36" RelativeToClient="1" Font="Default" Text="" Template="CRB_Normal" Name="GameEntry" Border="0" Picture="0" SwallowMouseClicks="1" Moveable="0" Escapable="0" Overlapped="1" BGColor="ffffffff" TextColor="ffffffff" UseTemplateBG="0" NormalTextColor="ffffffff" PressedTextColor="ff408080" FlybyTextColor="ffffffff" PressedFlybyTextColor="ffffffff" DisabledTextColor="ffffffff" ButtonType="Check" GlobalRadioGroup="MatchingGame" RadioGroup="" NewWindowDepth="2" RadioDisallowNonSelection="1" TooltipColor="" Tooltip="">
        <Control Class="Button" Base="CRB_Basekit:kitBtn_List_Metal" Font="CRB_InterfaceMedium_B" ButtonType="Check" RadioGroup="" LAnchorPoint="0" LAnchorOffset="0" TAnchorPoint="0" TAnchorOffset="0" RAnchorPoint="1" RAnchorOffset="-28" BAnchorPoint="1" BAnchorOffset="0" DT_VCENTER="1" DT_CENTER="0" Name="MatchingGameSelectBtn" BGColor="ffffffff" TextColor="ffffffff" NormalTextColor="ff5f6662" PressedTextColor="ffffffff" FlybyTextColor="ff808080" PressedFlybyTextColor="ffffffff" DisabledTextColor="ff353535" Text="" GlobalRadioGroup="" RadioDisallowNonSelection="1" TooltipColor="ffc0c0c0" TooltipFont="CRB_InterfaceSmall" TooltipType="OnCursor" Tooltip="">
            <Event Name="ButtonCheck" Function="OnMatchingGameSelect"/>
            <Event Name="ButtonUncheck" Function="OnMatchingGameUnSelect"/>
        </Control>
        <Control Class="Window" LAnchorPoint="0" LAnchorOffset="34" TAnchorPoint="0" TAnchorOffset="0" RAnchorPoint="0" RAnchorOffset="217" BAnchorPoint="1" BAnchorOffset="0" RelativeToClient="1" Font="CRB_InterfaceMedium_B" Text="" Template="Default" Name="MatchingGameLabel" BGColor="ffffffff" TextColor="ffffffff" TextId="" Tooltip="" DT_VCENTER="1" TooltipColor=""/>
        <Control Class="Window" LAnchorPoint="1" LAnchorOffset="-93" TAnchorPoint="0.5" TAnchorOffset="-15" RAnchorPoint="1" RAnchorOffset="-29" BAnchorPoint="0.5" BAnchorOffset="15" RelativeToClient="1" Font="CRB_InterfaceMedium_B" Text="" Template="Default" Name="QueueLabel" BGColor="ffffffff" TextColor="ffff8000" TextId="Matchmaker_QueueLabel" Tooltip="" DT_VCENTER="1" DT_RIGHT="1" DT_CENTER="1" Visible="0" TooltipColor="" NewWindowDepth="1"/>
        <Control Class="Button" Base="CRB_Basekit:kitBtn_List_MetalNoEdge" Font="CRB_InterfaceLarge_B" ButtonType="Check" RadioGroup="" LAnchorPoint="1" LAnchorOffset="-28" TAnchorPoint="0" TAnchorOffset="0" RAnchorPoint="1" RAnchorOffset="0" BAnchorPoint="1" BAnchorOffset="0" DT_VCENTER="1" DT_CENTER="1" TooltipType="OnCursor" Name="EntryInfoBtn" BGColor="ffffffff" TextColor="ffffffff" TooltipColor="" NormalTextColor="ff646464" PressedTextColor="ffffffff" FlybyTextColor="ffc0c0c0" PressedFlybyTextColor="ffffffff" DisabledTextColor="ff804040" Text="" NewControlDepth="5" TextId="CRB_QuestionMark">
            <Event Name="ButtonCheck" Function="OnEntryInfoCheck"/>
            <Event Name="ButtonUncheck" Function="OnEntryInfoUncheck"/>
        </Control>
    </Form>
    <Form Name="JoinGame" Class="Window" LAnchorPoint="0.5" LAnchorOffset="-165" TAnchorPoint="0.5" TAnchorOffset="-224" RAnchorPoint="0.5" RAnchorOffset="165" BAnchorPoint="0.5" BAnchorOffset="-97" Template="CRB_NormalFramedThin" Moveable="0" Border="0" Sprite="CRB_Basekit:kitBase_Hybrid_Message" Picture="0" BGOpacity=".5" BGColor="ffffffff" TextColor="ffffffff" Escapable="0" Overlapped="1" SwallowMouseClicks="1" LeftEdgeControlsAnchor="" AutoFade="0" AutoFadeNC="0" AutoFadeBG="0" UseTemplateBG="0" TooltipColor="" Tooltip="">
        <Event Name="WindowClosed" Function="OnWindowClosed"/>
        <Control Class="Button" Name="YesButton" LAnchorPoint=".5" LAnchorOffset="-118" TAnchorPoint="0" TAnchorOffset="56" RAnchorPoint=".5" RAnchorOffset="-4" BAnchorPoint="0" BAnchorOffset="96" RelativeToClient="1" Font="CRB_InterfaceMedium" Template="CRB_Hologram" BGColor="ffffffff" TextColor="ffffffff" DT_CENTER="1" DT_VCENTER="1" Base="CRB_Basekit:kitBtn_Holo" DrawAsCheckbox="0" CheckboxRight="0" NewControlDepth="2" TextId="CRB_Accept" NormalTextColor="UI_TextHoloBody" PressedTextColor="ffffffff" FlybyTextColor="ff31fcf6" PressedFlybyTextColor="ffffffff" DisabledTextColor="ff804040" UseTemplateBG="0" Text="" Tooltip="" TooltipColor="">
            <Event Name="ButtonSignal" Function="OnYes"/>
        </Control>
        <Control Class="Button" Name="NoButton" LAnchorPoint=".5" LAnchorOffset="1" TAnchorPoint="0" TAnchorOffset="56" RAnchorPoint=".5" RAnchorOffset="115" BAnchorPoint="0" BAnchorOffset="96" RelativeToClient="1" Font="CRB_InterfaceMedium" Template="CRB_Hologram" BGColor="ffffffff" TextColor="ffffffff" DT_CENTER="1" DT_VCENTER="1" TestAlpha="0" NoClip="0" Base="CRB_Basekit:kitBtn_Holo" NewControlDepth="2" TextId="CRB_Decline" NormalTextColor="UI_TextHoloBody" PressedTextColor="ffffffff" FlybyTextColor="ff31fcf6" PressedFlybyTextColor="ffffffff" DisabledTextColor="ff804040" UseTemplateBG="0" Tooltip="" Text="" TooltipColor="">
            <Event Name="ButtonSignal" Function="OnNo"/>
        </Control>
        <Control Class="Button" Base="CRB_Basekit:kitBtn_Close" Font="CRB_InterfaceMedium" ButtonType="PushButton" RadioGroup="" LAnchorPoint="1" LAnchorOffset="-30" TAnchorPoint="0" TAnchorOffset="12" RAnchorPoint="1" RAnchorOffset="-6" BAnchorPoint="0" BAnchorOffset="37" DT_VCENTER="1" DT_CENTER="1" Name="CloseButton" BGColor="ffffffff" TextColor="ffffffff" Template="" NoClip="1" NewControlDepth="2" NormalTextColor="ffffffff" PressedTextColor="ffffffff" FlybyTextColor="ffffffff" PressedFlybyTextColor="ffffffff" DisabledTextColor="ffffffff" TooltipColor="">
            <Event Name="ButtonSignal" Function="OnNo"/>
        </Control>
        <Control Class="Window" LAnchorPoint="0" LAnchorOffset="20" TAnchorPoint="0" TAnchorOffset="13" RAnchorPoint="1" RAnchorOffset="-20" BAnchorPoint="0" BAnchorOffset="57" RelativeToClient="1" Font="CRB_InterfaceMedium" Sprite="" Template="" Name="Title" BGColor="ffffffff" TextColor="ff31fcf6" DT_CENTER="1" DT_RIGHT="0" DT_VCENTER="1" DT_WORDBREAK="1" TextId="CRB_Are_you_really_sure" TooltipColor=""/>
        <Pixie LAnchorPoint="0" LAnchorOffset="0" TAnchorPoint="0" TAnchorOffset="0" RAnchorPoint="1" RAnchorOffset="0" BAnchorPoint="1" BAnchorOffset="0" BGColor="ffffffff" Font="CRB_InterfaceMedium" TextColor="ffffffff" Text="" Sprite="CRB_Basekit:kitBase_Hybrid_Message" Line="0"/>
    </Form>
    <Form Name="RoleConfirm" Class="Window" LAnchorPoint="0.5" LAnchorOffset="-165" TAnchorPoint="0.5" TAnchorOffset="-224" RAnchorPoint="0.5" RAnchorOffset="165" BAnchorPoint="0.5" BAnchorOffset="-57" Template="CRB_NormalFramedThin" Moveable="0" Border="0" Sprite="CRB_Basekit:kitBase_Hybrid_Message" Picture="0" BGOpacity=".5" BGColor="ffffffff" TextColor="ffffffff" Escapable="0" Overlapped="1" SwallowMouseClicks="1" LeftEdgeControlsAnchor="" AutoFade="0" AutoFadeNC="0" AutoFadeBG="0" UseTemplateBG="0" TooltipColor="" Tooltip="">
        <Event Name="WindowClosed" Function="OnWindowClosed"/>
        <Control Class="Button" Name="AcceptButton" LAnchorPoint=".5" LAnchorOffset="-118" TAnchorPoint="0" TAnchorOffset="96" RAnchorPoint=".5" RAnchorOffset="-4" BAnchorPoint="0" BAnchorOffset="136" RelativeToClient="1" Font="CRB_InterfaceMedium" Template="CRB_Hologram" BGColor="ffffffff" TextColor="ffffffff" DT_CENTER="1" DT_VCENTER="1" Base="CRB_Basekit:kitBtn_Holo" DrawAsCheckbox="0" CheckboxRight="0" NewControlDepth="2" TextId="CRB_Accept" NormalTextColor="UI_TextHoloBody" PressedTextColor="ffffffff" FlybyTextColor="ff31fcf6" PressedFlybyTextColor="ffffffff" DisabledTextColor="ff804040" UseTemplateBG="0" Text="" Tooltip="" TooltipColor="">
            <Event Name="ButtonSignal" Function="OnAcceptRole"/>
        </Control>
        <Control Class="Button" Name="CancelButton" LAnchorPoint=".5" LAnchorOffset="1" TAnchorPoint="0" TAnchorOffset="96" RAnchorPoint=".5" RAnchorOffset="115" BAnchorPoint="0" BAnchorOffset="136" RelativeToClient="1" Font="CRB_InterfaceMedium" Template="CRB_Hologram" BGColor="ffffffff" TextColor="ffffffff" DT_CENTER="1" DT_VCENTER="1" TestAlpha="0" NoClip="0" Base="CRB_Basekit:kitBtn_Holo" NewControlDepth="2" TextId="CRB_Cancel" NormalTextColor="UI_TextHoloBody" PressedTextColor="ffffffff" FlybyTextColor="ff31fcf6" PressedFlybyTextColor="ffffffff" DisabledTextColor="ff804040" UseTemplateBG="0" Tooltip="" Text="" TooltipColor="">
            <Event Name="ButtonSignal" Function="OnCancelRole"/>
        </Control>
        <Control Class="Button" Base="CRB_Basekit:kitBtn_Close" Font="CRB_InterfaceMedium" ButtonType="PushButton" RadioGroup="" LAnchorPoint="1" LAnchorOffset="-30" TAnchorPoint="0" TAnchorOffset="12" RAnchorPoint="1" RAnchorOffset="-6" BAnchorPoint="0" BAnchorOffset="37" DT_VCENTER="1" DT_CENTER="1" Name="CloseButton" BGColor="ffffffff" TextColor="ffffffff" Template="" NoClip="1" NewControlDepth="2" NormalTextColor="ffffffff" PressedTextColor="ffffffff" FlybyTextColor="ffffffff" PressedFlybyTextColor="ffffffff" DisabledTextColor="ffffffff" TooltipColor="">
            <Event Name="ButtonSignal" Function="OnCancelRole"/>
        </Control>
        <Control Class="Button" Base="CRB_Basekit:kitBtn_Holo_RadioRound" Font="Thick" ButtonType="Check" RadioGroup="" LAnchorPoint="0" LAnchorOffset="63" TAnchorPoint="0" TAnchorOffset="48" RAnchorPoint="0" RAnchorOffset="95" BAnchorPoint="0" BAnchorOffset="80" DT_VCENTER="1" DT_CENTER="1" TooltipType="OnCursor" Name="TankBtn" BGColor="ffffffff" TextColor="ffffffff" TooltipColor="" NormalTextColor="ffffffff" PressedTextColor="ffffffff" FlybyTextColor="ffffffff" PressedFlybyTextColor="ffffffff" DisabledTextColor="ffffffff" Text="" CheckboxRight="0" DrawAsCheckbox="1" GlobalRadioGroup="" Template="CRB_NormalFramedThin">
            <Event Name="ButtonCheck" Function="OnTankChecked"/>
            <Event Name="ButtonUncheck" Function="OnTankUnchecked"/>
        </Control>
        <Control Class="Button" Base="CRB_Basekit:kitBtn_Holo_RadioRound" Font="Thick" ButtonType="Check" RadioGroup="" LAnchorPoint="0" LAnchorOffset="135" TAnchorPoint="0" TAnchorOffset="48" RAnchorPoint="0" RAnchorOffset="167" BAnchorPoint="0" BAnchorOffset="80" DT_VCENTER="1" DT_CENTER="1" TooltipType="OnCursor" Name="HealerBtn" BGColor="ffffffff" TextColor="ffffffff" TooltipColor="" NormalTextColor="ffffffff" PressedTextColor="ffffffff" FlybyTextColor="ffffffff" PressedFlybyTextColor="ffffffff" DisabledTextColor="ffffffff" Text="" CheckboxRight="0" DrawAsCheckbox="1" GlobalRadioGroup="">
            <Event Name="ButtonCheck" Function="OnHealerChecked"/>
            <Event Name="ButtonUncheck" Function="OnHealerUnchecked"/>
        </Control>
        <Control Class="Button" Base="CRB_Basekit:kitBtn_Holo_RadioRound" Font="Thick" ButtonType="Check" RadioGroup="" LAnchorPoint="0" LAnchorOffset="213" TAnchorPoint="0" TAnchorOffset="48" RAnchorPoint="0" RAnchorOffset="245" BAnchorPoint="0" BAnchorOffset="80" DT_VCENTER="1" DT_CENTER="1" TooltipType="OnCursor" Name="DPSBtn" BGColor="ffffffff" TextColor="ffffffff" TooltipColor="" NormalTextColor="ffffffff" PressedTextColor="ffffffff" FlybyTextColor="ffffffff" PressedFlybyTextColor="ffffffff" DisabledTextColor="ffffffff" Text="" CheckboxRight="0" DrawAsCheckbox="1" GlobalRadioGroup="" Tooltip="">
            <Event Name="ButtonCheck" Function="OnDPSChecked"/>
            <Event Name="ButtonUncheck" Function="OnDPSUnchecked"/>
        </Control>
        <Pixie LAnchorPoint="0" LAnchorOffset="0" TAnchorPoint="0" TAnchorOffset="0" RAnchorPoint="1" RAnchorOffset="0" BAnchorPoint="1" BAnchorOffset="0" BGColor="ffffffff" Font="CRB_InterfaceMedium" TextColor="ffffffff" Text="" Sprite="CRB_Basekit:kitBase_Hybrid_Message" Line="0"/>
        <Pixie LAnchorPoint="0" LAnchorOffset="20" TAnchorPoint="0" TAnchorOffset="13" RAnchorPoint="1" RAnchorOffset="-20" BAnchorPoint="0" BAnchorOffset="57" BGColor="ffffffff" Font="CRB_InterfaceMedium" TextColor="ff31fcf6" Text="" TextId="MatchMaker_RoleConfirmTitle" Sprite="" DT_CENTER="1" DT_RIGHT="0" DT_VCENTER="1" DT_WORDBREAK="1" Line="0"/>
        <Pixie LAnchorPoint="0" LAnchorOffset="91" TAnchorPoint="0" TAnchorOffset="55" RAnchorPoint="0" RAnchorOffset="131" BAnchorPoint="0" BAnchorOffset="76" BGColor="ffffffff" Font="CRB_HeaderSmall" TextColor="ffc0c0c0" Text="" TextId="MatchMaker_Tank" DT_VCENTER="1" Line="0"/>
        <Pixie LAnchorPoint="0" LAnchorOffset="161" TAnchorPoint="0" TAnchorOffset="55" RAnchorPoint="0" RAnchorOffset="216" BAnchorPoint="0" BAnchorOffset="76" BGColor="ffffffff" Font="CRB_HeaderSmall" TextColor="ffc0c0c0" Text="" TextId="MatchMaker_Healer" DT_VCENTER="1" Line="0"/>
        <Pixie LAnchorPoint="0" LAnchorOffset="241" TAnchorPoint="0" TAnchorOffset="54" RAnchorPoint="0" RAnchorOffset="295" BAnchorPoint="0" BAnchorOffset="76" BGColor="ffffffff" Font="CRB_HeaderSmall" TextColor="ffc0c0c0" Text="" TextId="CRB_DPS" DT_VCENTER="1" Line="0"/>
    </Form>
    <Form Class="Window" LAnchorPoint="0" LAnchorOffset="1" TAnchorPoint="0" TAnchorOffset="33" RAnchorPoint="0" RAnchorOffset="651" BAnchorPoint="0" BAnchorOffset="498" RelativeToClient="1" Font="Default" Text="" Template="CRB_Default" Name="MatchMakerFrame" Border="0" Picture="0" SwallowMouseClicks="1" Moveable="1" Escapable="1" Overlapped="1" BGColor="ffffffff" TextColor="ffffffff" TextId="" TooltipColor="" Tooltip="">
        <Control Class="Window" LAnchorPoint="0" LAnchorOffset="0" TAnchorPoint="0" TAnchorOffset="0" RAnchorPoint="1" RAnchorOffset="0" BAnchorPoint="1" BAnchorOffset="0" RelativeToClient="1" Font="Default" Text="" Template="Default" Name="BGArt" BGColor="ffffffff" TextColor="ffffffff" TextId="" TooltipColor="">
            <Event Name="MouseButtonDown" Function="OnClick"/>
            <Event Name="MouseButtonUp" Function="OnClick"/>
            <Pixie LAnchorPoint="0" LAnchorOffset="20" TAnchorPoint="0" TAnchorOffset="17" RAnchorPoint="1" RAnchorOffset="-399" BAnchorPoint="1" BAnchorOffset="-18" BGColor="ffffffff" Font="Default" TextColor="ffffffff" Text="" Sprite="CRB_Basekit:kitBase_HoloHexes_Small" Line="0"/>
            <Pixie LAnchorPoint="1" LAnchorOffset="-402" TAnchorPoint="0" TAnchorOffset="16" RAnchorPoint="1" RAnchorOffset="-19" BAnchorPoint="1" BAnchorOffset="-17" BGColor="ffffffff" Font="Default" TextColor="ffffffff" Text="" Sprite="CRB_Basekit:kitBase_MetalGrey_Small" Line="0"/>
            <Pixie LAnchorPoint="0" LAnchorOffset="11" TAnchorPoint="0" TAnchorOffset="21" RAnchorPoint="1" RAnchorOffset="-17" BAnchorPoint="0" BAnchorOffset="62" BGColor="ffffffff" Font="Default" TextColor="ffffffff" Text="" Sprite="CRB_Basekit:kitHeader_MetalGrey_TitleMarked" Line="0"/>
            <Pixie LAnchorPoint="0" LAnchorOffset="0" TAnchorPoint="0" TAnchorOffset="0" RAnchorPoint="1" RAnchorOffset="0" BAnchorPoint="1" BAnchorOffset="0" BGColor="ffffffff" Font="Default" TextColor="ffffffff" Text="" Sprite="CRB_Basekit:kitOuterFrame_MetalGold_Small1" Line="0"/>
            <Pixie LAnchorPoint="0" LAnchorOffset="1" TAnchorPoint="0" TAnchorOffset="4" RAnchorPoint="1" RAnchorOffset="-381" BAnchorPoint="1" BAnchorOffset="-3" BGColor="ffffffff" Font="Default" TextColor="ffffffff" Text="" Sprite="CRB_Basekit:kitInnerFrame_MetalGrey_Large" Line="0"/>
            <Pixie LAnchorPoint="1" LAnchorOffset="-416" TAnchorPoint="1" TAnchorOffset="-84" RAnchorPoint="1" RAnchorOffset="0" BAnchorPoint="1" BAnchorOffset="0" BGColor="ffffffff" Font="Default" TextColor="ffffffff" Text="" Sprite="CRB_Basekit:kitFooter_MetalGold_Angled" Line="0"/>
        </Control>
        <Event Name="WindowClosed" Function="OnClose"/>
        <Control Class="Button" Base="CRB_Basekit:kitBtn_Dropdown_TextBaseHybrid" Font="CRB_InterfaceLarge_B" ButtonType="Check" RadioGroup="" LAnchorPoint="1" LAnchorOffset="-364" TAnchorPoint="0" TAnchorOffset="26" RAnchorPoint="1" RAnchorOffset="-52" BAnchorPoint="0" BAnchorOffset="65" DT_VCENTER="1" DT_CENTER="1" TooltipType="OnCursor" Name="ModeToggle" BGColor="ffffffff" TextColor="ff31fcf6" TooltipColor="" NormalTextColor="ff31fcf6" PressedTextColor="ff80ffff" FlybyTextColor="ff80ffff" PressedFlybyTextColor="ffffffff" DisabledTextColor="ff800000" Text="" NewControlDepth="10">
            <Event Name="ButtonCheck" Function="OnModeBtnCheck"/>
            <Event Name="ButtonUncheck" Function="OnModeBtnUncheck"/>
        </Control>
        <Control Class="Button" Base="CRB_Basekit:kitBtn_Metal_LargeGreen" Font="CRB_InterfaceMedium" ButtonType="PushButton" RadioGroup="" LAnchorPoint="1" LAnchorOffset="-369" TAnchorPoint="1" TAnchorOffset="-62" RAnchorPoint="1" RAnchorOffset="-205" BAnchorPoint="1" BAnchorOffset="-14" DT_VCENTER="1" DT_CENTER="1" Name="JoinAsGroupBtn" BGColor="ffffffff" TextColor="ffffffff" NewControlDepth="2" WindowSoundTemplate="TogglePhys02" TextId="MatchMaker_JoinAsGroup" Text="" NormalTextColor="ff80ff80" PressedTextColor="ffffffff" FlybyTextColor="ffffffff" PressedFlybyTextColor="ffffffff" DisabledTextColor="ff374334" TooltipColor="" DT_WORDBREAK="0" HideInEditor="1">
            <Event Name="ButtonSignal" Function="OnJoinAsGroup"/>
        </Control>
        <Control Class="Button" Base="CRB_Basekit:kitBtn_Close" Font="Thick" ButtonType="PushButton" RadioGroup="" LAnchorPoint="1" LAnchorOffset="-35" TAnchorPoint="0" TAnchorOffset="11" RAnchorPoint="1" RAnchorOffset="-7" BAnchorPoint="0" BAnchorOffset="40" DT_VCENTER="1" DT_CENTER="1" Name="CloseButton" BGColor="ffffffff" TextColor="ffffffff" NewControlDepth="2" WindowSoundTemplate="CloseWindowPhys" Text="" TextId="" NormalTextColor="ffffffff" PressedTextColor="ffffffff" FlybyTextColor="ffffffff" PressedFlybyTextColor="ffffffff" DisabledTextColor="ffffffff" TooltipColor="">
            <Event Name="ButtonSignal" Function="OnToggleMatchMaker"/>
        </Control>
        <Control Class="Button" Base="CRB_Basekit:kitBtn_Metal_LargeGreen" Font="CRB_InterfaceMedium" ButtonType="PushButton" RadioGroup="" LAnchorPoint="1" LAnchorOffset="-198" TAnchorPoint="1" TAnchorOffset="-63" RAnchorPoint="1" RAnchorOffset="-34" BAnchorPoint="1" BAnchorOffset="-15" DT_VCENTER="1" DT_CENTER="1" Name="JoinBtn" BGColor="ffffffff" TextColor="ffffffff" NewControlDepth="2" WindowSoundTemplate="TogglePhys02" TextId="CRB_JoinTheFight" Text="" NormalTextColor="ff80ff80" PressedTextColor="ffffffff" FlybyTextColor="ffffffff" PressedFlybyTextColor="ffffffff" DisabledTextColor="ff374334" TooltipColor="" Tooltip="" HideInEditor="1">
            <Event Name="ButtonSignal" Function="OnJoin"/>
        </Control>
        <Control Class="Window" LAnchorPoint="0" LAnchorOffset="17" TAnchorPoint="0" TAnchorOffset="21" RAnchorPoint="0" RAnchorOffset="251" BAnchorPoint="0" BAnchorOffset="62" RelativeToClient="1" Font="Default" Text="" Template="Default" TooltipType="OnCursor" Name="InfoHeader" BGColor="ffffffff" TextColor="ffffffff" TooltipColor="">
            <Pixie LAnchorPoint="0" LAnchorOffset="7" TAnchorPoint="0" TAnchorOffset="0" RAnchorPoint="1" RAnchorOffset="-7" BAnchorPoint="1" BAnchorOffset="0" BGColor="ffffffff" Font="Default" TextColor="ffffffff" Text="" Sprite="CRB_Basekit:kitHeader_HoloHexesAccent_Title" Line="0"/>
            <Pixie LAnchorPoint="0" LAnchorOffset="0" TAnchorPoint="0" TAnchorOffset="0" RAnchorPoint="1" RAnchorOffset="0" BAnchorPoint="1" BAnchorOffset="0" BGColor="ffffffff" Font="CRB_InterfaceMedium" TextColor="ff7fffb9" Text="" TextId="MatchMaker_MyStatusLabel" DT_CENTER="1" DT_VCENTER="1" DT_BOTTOM="1" Line="0"/>
        </Control>
        <Control Class="Window" LAnchorPoint="0" LAnchorOffset="17" TAnchorPoint="0" TAnchorOffset="50" RAnchorPoint="0" RAnchorOffset="251" BAnchorPoint="0" BAnchorOffset="204" RelativeToClient="1" Font="Default" Text="" Template="Default" TooltipType="OnCursor" Name="PvPInfo" BGColor="ffffffff" TextColor="ffffffff" TooltipColor="">
            <Control Class="Window" LAnchorPoint="0" LAnchorOffset="21" TAnchorPoint="0" TAnchorOffset="54" RAnchorPoint="1" RAnchorOffset="-17" BAnchorPoint="0" BAnchorOffset="78" RelativeToClient="1" Font="CRB_InterfaceMedium" Text="" Template="Default" TooltipType="OnCursor" Name="LabelStatus" BGColor="ffffffff" TextColor="UI_TextHoloBody" TooltipColor="" TextId="MatchMaker_PvPLabel" DT_BOTTOM="0" DT_RIGHT="0" DT_VCENTER="1" Visible="0" HideInEditor="1"/>
            <Control Class="Button" Base="CRB_Basekit:kitBtn_Holo" Font="CRB_InterfaceMedium_B" ButtonType="PushButton" RadioGroup="" LAnchorPoint="0" LAnchorOffset="24" TAnchorPoint="1" TAnchorOffset="-69" RAnchorPoint="1" RAnchorOffset="-24" BAnchorPoint="1" BAnchorOffset="-25" DT_VCENTER="1" DT_CENTER="1" TooltipType="OnCursor" Name="PvPToggleBtn" BGColor="ffffffff" TextColor="ffffffff" TooltipColor="" NormalTextColor="ff31fcf6" PressedTextColor="ff80ffff" FlybyTextColor="ff80ffff" PressedFlybyTextColor="ffffffff" DisabledTextColor="ff800000" Text="" TextId="MatchMaker_PvPBtnDefault">
                <Event Name="ButtonSignal" Function="OnTogglePvp"/>
            </Control>
            <Control Class="Window" LAnchorPoint="0" LAnchorOffset="10" TAnchorPoint="0" TAnchorOffset="54" RAnchorPoint="1" RAnchorOffset="-10" BAnchorPoint="0" BAnchorOffset="78" RelativeToClient="1" Font="CRB_InterfaceLarge" Text="Time in queue: 5:00" Template="Default" TooltipType="OnCursor" Name="PvPStatus" BGColor="ffffffff" TextColor="ffffac00" TooltipColor="" TextId="" DT_BOTTOM="0" DT_RIGHT="0" DT_VCENTER="1" DT_CENTER="1"/>
            <Pixie LAnchorPoint="0" LAnchorOffset="9" TAnchorPoint="0" TAnchorOffset="8" RAnchorPoint="1" RAnchorOffset="-9" BAnchorPoint="1" BAnchorOffset="-8" BGColor="ffffffff" Font="Default" TextColor="ffffffff" Text="" Sprite="CRB_Basekit:kitBase_HoloBlue_SmallGreenCorners" Line="0"/>
            <Pixie LAnchorPoint="0" LAnchorOffset="15" TAnchorPoint="0" TAnchorOffset="35" RAnchorPoint="1" RAnchorOffset="-15" BAnchorPoint="0" BAnchorOffset="52" BGColor="ffffffff" Font="Default" TextColor="ffffffff" Text="" Sprite="CRB_Basekit:kitDivider_Horiz_HoloDashed" Line="0"/>
            <Pixie LAnchorPoint="0" LAnchorOffset="0" TAnchorPoint="0" TAnchorOffset="14" RAnchorPoint="1" RAnchorOffset="0" BAnchorPoint="0" BAnchorOffset="31" BGColor="ffffffff" Font="CRB_InterfaceSmall" TextColor="ff7fffb9" Text="" TextId="MatchMaker_PvPStatusLabel" DT_CENTER="1" DT_VCENTER="0" DT_BOTTOM="1" Line="0"/>
        </Control>
        <Control Class="Window" LAnchorPoint="0" LAnchorOffset="17" TAnchorPoint="1" TAnchorOffset="-278" RAnchorPoint="0" RAnchorOffset="251" BAnchorPoint="1" BAnchorOffset="-17" RelativeToClient="1" Font="Default" Text="" Template="Default" TooltipType="OnCursor" Name="MatchQueueInfo" BGColor="ffffffff" TextColor="ffffffff" TooltipColor="" Picture="0" IgnoreMouse="1" Sprite="CRB_Basekit:kitAccent_Frame_OrangeStroke" HideInEditor="0" TransitionShowHide="1" NoClip="1" Visible="1">
            <Control Class="Window" LAnchorPoint="0" LAnchorOffset="15" TAnchorPoint="0" TAnchorOffset="35" RAnchorPoint="1" RAnchorOffset="-15" BAnchorPoint="1" BAnchorOffset="-153" RelativeToClient="1" Font="Default" Text="" Template="Default" TooltipType="OnCursor" Name="MatchQueueFramingBaseDivider" BGColor="ffffffff" TextColor="ffffffff" TooltipColor="" Picture="1" IgnoreMouse="1" Sprite="CRB_Basekit:kitDivider_Horiz_HoloDashed" HideInEditor="0"/>
            <Control Class="Window" LAnchorPoint="0" LAnchorOffset="21" TAnchorPoint="0" TAnchorOffset="84" RAnchorPoint="1" RAnchorOffset="-17" BAnchorPoint="0" BAnchorOffset="108" RelativeToClient="1" Font="CRB_InterfaceMedium" Text="" Template="Default" TooltipType="OnCursor" Name="LabelType" BGColor="ffffffff" TextColor="UI_TextHoloBody" TooltipColor="" TextId="MatchMaker_TypeLabel" DT_BOTTOM="0" DT_RIGHT="0" DT_VCENTER="1"/>
            <Control Class="Window" LAnchorPoint="0" LAnchorOffset="21" TAnchorPoint="0" TAnchorOffset="123" RAnchorPoint="1" RAnchorOffset="0" BAnchorPoint="0" BAnchorOffset="147" RelativeToClient="1" Font="CRB_InterfaceMedium" Text="" Template="Default" TooltipType="OnCursor" Name="LabelTime" BGColor="ffffffff" TextColor="UI_TextHoloBody" TooltipColor="" TextId="MatchMaker_TimeLabel" DT_BOTTOM="0" DT_RIGHT="0" DT_VCENTER="1"/>
            <Control Class="Window" LAnchorPoint="0" LAnchorOffset="21" TAnchorPoint="0" TAnchorOffset="162" RAnchorPoint="1" RAnchorOffset="0" BAnchorPoint="0" BAnchorOffset="186" RelativeToClient="1" Font="CRB_InterfaceMedium" Text="" Template="Default" TooltipType="OnCursor" Name="LabelWaitTime" BGColor="ffffffff" TextColor="UI_TextHoloBody" TooltipColor="" TextId="MatchMaker_WaitTimeLabel" DT_BOTTOM="0" DT_RIGHT="0" DT_VCENTER="1"/>
            <Control Class="Window" LAnchorPoint="0" LAnchorOffset="21" TAnchorPoint="0" TAnchorOffset="177" RAnchorPoint="1" RAnchorOffset="-15" BAnchorPoint="0" BAnchorOffset="201" RelativeToClient="1" Font="CRB_InterfaceMedium" Text="" Template="Default" TooltipType="OnCursor" Name="AverageWaitTime" BGColor="ffffffff" TextColor="ff31fcf6" TooltipColor="" TextId="MatchMaker_AverageWait" DT_BOTTOM="0" DT_RIGHT="0" DT_VCENTER="1"/>
            <Control Class="Window" LAnchorPoint="0" LAnchorOffset="21" TAnchorPoint="0" TAnchorOffset="138" RAnchorPoint="1" RAnchorOffset="-15" BAnchorPoint="0" BAnchorOffset="162" RelativeToClient="1" Font="CRB_InterfaceMedium" Text="Time in queue: 5:00" Template="Default" TooltipType="OnCursor" Name="TimeInQueue" BGColor="ffffffff" TextColor="ff31fcf6" TooltipColor="" TextId="" DT_BOTTOM="0" DT_RIGHT="0" DT_VCENTER="1"/>
            <Control Class="Window" LAnchorPoint="0" LAnchorOffset="21" TAnchorPoint="0" TAnchorOffset="63" RAnchorPoint="1" RAnchorOffset="-15" BAnchorPoint="0" BAnchorOffset="87" RelativeToClient="1" Font="CRB_InterfaceMedium" Text="Time in queue: 5:00" Template="Default" TooltipType="OnCursor" Name="QueueStatus" BGColor="ffffffff" TextColor="ffffac00" TooltipColor="" TextId="" DT_BOTTOM="0" DT_RIGHT="0" DT_VCENTER="1"/>
            <Control Class="Button" Base="CRB_Basekit:kitBtn_Holo" Font="CRB_InterfaceMedium_B" ButtonType="PushButton" RadioGroup="" LAnchorPoint="0" LAnchorOffset="24" TAnchorPoint="1" TAnchorOffset="-58" RAnchorPoint="1" RAnchorOffset="-24" BAnchorPoint="1" BAnchorOffset="-24" DT_VCENTER="1" DT_CENTER="1" TooltipType="OnCursor" Name="LeaveQueueBtn" BGColor="ffffffff" TextColor="ffffffff" TooltipColor="" NormalTextColor="ff31fcf6" PressedTextColor="ff80ffff" FlybyTextColor="ff80ffff" PressedFlybyTextColor="ffffffff" DisabledTextColor="ff804040" Text="" TextId="CRB_LeaveQueue" Tooltip="">
                <Event Name="ButtonSignal" Function="OnLeaveQueueBtn"/>
                <Control Class="Window" LAnchorPoint="0" LAnchorOffset="0" TAnchorPoint="0" TAnchorOffset="0" RAnchorPoint="1" RAnchorOffset="0" BAnchorPoint="1" BAnchorOffset="0" RelativeToClient="1" Font="CRB_InterfaceMedium_B" Text="" Template="Default" TooltipType="OnCursor" Name="LeaveQueueFraming" BGColor="ffffffff" TextColor="ffffffff" TooltipColor="" Picture="1" IgnoreMouse="1" NoClip="1" Sprite="CRB_Basekit:kitAccent_Frame_OrangeCorners"/>
            </Control>
            <Control Class="Window" LAnchorPoint="0" LAnchorOffset="21" TAnchorPoint="0" TAnchorOffset="99" RAnchorPoint="1" RAnchorOffset="-15" BAnchorPoint="0" BAnchorOffset="123" RelativeToClient="1" Font="CRB_InterfaceMedium" Text="Time in queue: 5:00" Template="Default" TooltipType="OnCursor" Name="QueueType" BGColor="ffffffff" TextColor="ff31fcf6" TooltipColor="" TextId="" DT_BOTTOM="0" DT_RIGHT="0" DT_VCENTER="1"/>
            <Pixie LAnchorPoint="0" LAnchorOffset="9" TAnchorPoint="0" TAnchorOffset="8" RAnchorPoint="1" RAnchorOffset="-9" BAnchorPoint="1" BAnchorOffset="-8" BGColor="ffffffff" Font="Default" TextColor="ffffffff" Text="" Sprite="CRB_Basekit:kitBase_HoloBlue_SmallGreenCorners" Line="0"/>
            <Pixie LAnchorPoint="0" LAnchorOffset="0" TAnchorPoint="0" TAnchorOffset="14" RAnchorPoint="1" RAnchorOffset="0" BAnchorPoint="0" BAnchorOffset="31" BGColor="ffffffff" Font="CRB_InterfaceSmall" TextColor="ff7fffb9" Text="" TextId="MatchMaker_QueueInfoLabel" DT_CENTER="1" DT_VCENTER="0" DT_BOTTOM="1" Line="0"/>
            <Pixie LAnchorPoint="0" LAnchorOffset="21" TAnchorPoint="0" TAnchorOffset="48" RAnchorPoint="1" RAnchorOffset="-17" BAnchorPoint="0" BAnchorOffset="72" BGColor="ffffffff" Font="CRB_InterfaceMedium" TextColor="UI_TextHoloBody" Text="" TextId="HousingLandscape_TimeLabel" DT_RIGHT="0" DT_VCENTER="1" DT_BOTTOM="0" Line="0"/>
        </Control>
        <Control Class="Window" LAnchorPoint="1" LAnchorOffset="-386" TAnchorPoint="0" TAnchorOffset="62" RAnchorPoint="1" RAnchorOffset="-23" BAnchorPoint="0" BAnchorOffset="391" RelativeToClient="1" Font="Default" Text="" Template="Default" TooltipType="OnCursor" Name="ModeContent" BGColor="ffffffff" TextColor="ffffffff" TooltipColor="" NewControlDepth="5">
            <Control Class="Window" LAnchorPoint="0" LAnchorOffset="0" TAnchorPoint="0" TAnchorOffset="0" RAnchorPoint="1" RAnchorOffset="0" BAnchorPoint="1" BAnchorOffset="0" RelativeToClient="1" Font="Default" Text="" Template="Default" TooltipType="OnCursor" Name="MatchListFrame" BGColor="ffffffff" TextColor="ffffffff" TooltipColor="" Picture="1" IgnoreMouse="1" Sprite="CRB_Basekit:kitInnerFrame_MetalGrey_Small" HideInEditor="1" Tooltip="">
                <Control Class="Window" LAnchorPoint="0" LAnchorOffset="13" TAnchorPoint="0" TAnchorOffset="12" RAnchorPoint="1" RAnchorOffset="-13" BAnchorPoint="0" BAnchorOffset="35" RelativeToClient="1" Font="Default" Text="" Template="Default" TooltipType="OnCursor" Name="HeaderEntry" Border="0" Picture="1" SwallowMouseClicks="1" Moveable="0" Escapable="0" Overlapped="1" BGColor="ffffffff" TextColor="ffffffff" TooltipColor="" Sprite="CRB_Basekit:kitBtn_List_MetalSortDisabled" IgnoreMouse="1">
                    <Control Class="Window" LAnchorPoint="0" LAnchorOffset="6" TAnchorPoint="0" TAnchorOffset="2" RAnchorPoint="1" RAnchorOffset="0" BAnchorPoint="1" BAnchorOffset="-4" RelativeToClient="1" Font="CRB_InterfaceSmall" Text="" Template="Default" TooltipType="OnCursor" Name="HeaderLabel" BGColor="ffffffff" TextColor="ffc0c0c0" TooltipColor="" TextId="MatchMaker_Matches" DT_CENTER="1"/>
                </Control>
                <Control Class="Window" LAnchorPoint="0" LAnchorOffset="14" TAnchorPoint="0" TAnchorOffset="33" RAnchorPoint="1" RAnchorOffset="-14" BAnchorPoint="1" BAnchorOffset="-14" RelativeToClient="1" Font="Default" Text="" Template="CRB_Scroll_MetalLarge" Name="MatchList" BGColor="2fffffff" TextColor="ffffffff" VScroll="1" IgnoreMouse="1" UseTemplateBG="0" Border="0" Visible="1" TooltipColor="" Picture="0" Sprite="WhiteFill" NoClip="1" HideInEditor="1"/>
                <Control Class="Window" LAnchorPoint="0" LAnchorOffset="13" TAnchorPoint="0" TAnchorOffset="31" RAnchorPoint="1" RAnchorOffset="-13" BAnchorPoint="1" BAnchorOffset="-13" RelativeToClient="1" Font="CRB_InterfaceLarge" Text="" Template="Default" TooltipType="OnCursor" Name="ListBlocker" BGColor="9f000000" TextColor="ff800000" TooltipColor="" Picture="1" IgnoreMouse="0" Sprite="WhiteFill" NewWindowDepth="1" Sizable="0" Visible="0" TextId="MatchMaker_CurrentlyInMatch" DT_VCENTER="1" DT_CENTER="1" NoClip="1" NewControlDepth="6" HideInEditor="1"/>
            </Control>
            <Control Class="Window" LAnchorPoint="0" LAnchorOffset="0" TAnchorPoint="0" TAnchorOffset="0" RAnchorPoint="1" RAnchorOffset="0" BAnchorPoint="0" BAnchorOffset="174" RelativeToClient="1" Font="Default" Text="" Template="Default" TooltipType="OnCursor" Name="ArenaTeamFrame" BGColor="ffffffff" TextColor="ffffffff" TooltipColor="" Picture="1" IgnoreMouse="1" Sprite="" HideInEditor="1">
                <Control Class="Window" LAnchorPoint="0" LAnchorOffset="57" TAnchorPoint="0" TAnchorOffset="11" RAnchorPoint="1" RAnchorOffset="-13" BAnchorPoint="0" BAnchorOffset="34" RelativeToClient="1" Font="Default" Text="" Template="Default" TooltipType="OnCursor" Name="HeaderEntry" Border="0" Picture="1" SwallowMouseClicks="1" Moveable="0" Escapable="0" Overlapped="1" BGColor="ffffffff" TextColor="ffffffff" TooltipColor="" Sprite="CRB_Basekit:kitBtn_List_MetalSortDisabled" IgnoreMouse="1">
                    <Control Class="Window" LAnchorPoint="0" LAnchorOffset="0" TAnchorPoint="0" TAnchorOffset="2" RAnchorPoint="1" RAnchorOffset="0" BAnchorPoint="1" BAnchorOffset="-4" RelativeToClient="1" Font="CRB_InterfaceSmall" Text="" Template="Default" TooltipType="OnCursor" Name="ArenaHeaderLabel" BGColor="ffffffff" TextColor="ffc0c0c0" TooltipColor="" TextId="MatchMaker_MyArenaTeam" DT_CENTER="1"/>
                </Control>
                <Control Class="Window" LAnchorPoint="0" LAnchorOffset="13" TAnchorPoint="0" TAnchorOffset="11" RAnchorPoint="0" RAnchorOffset="56" BAnchorPoint="0" BAnchorOffset="34" RelativeToClient="1" Font="Default" Text="" Template="Default" TooltipType="OnCursor" Name="HeaderEntryLabel" Border="0" Picture="1" SwallowMouseClicks="1" Moveable="0" Escapable="0" Overlapped="1" BGColor="ffffffff" TextColor="ffffffff" TooltipColor="" Sprite="CRB_Basekit:kitBtn_List_MetalSortDisabled" IgnoreMouse="1">
                    <Pixie LAnchorPoint="0" LAnchorOffset="0" TAnchorPoint="0" TAnchorOffset="2" RAnchorPoint="1" RAnchorOffset="0" BAnchorPoint="1" BAnchorOffset="-4" BGColor="ffffffff" Font="CRB_InterfaceSmall" TextColor="ffc0c0c0" Text="" TextId="HousingLandscape_CategoryBtn" DT_CENTER="1" Line="0"/>
                </Control>
                <Control Class="Window" LAnchorPoint="0" LAnchorOffset="13" TAnchorPoint="0" TAnchorOffset="30" RAnchorPoint="1" RAnchorOffset="-13" BAnchorPoint="1" BAnchorOffset="-6" RelativeToClient="1" Font="Default" Text="" Template="Default" TooltipType="OnCursor" Name="TeamList" BGColor="ffffffff" TextColor="ffffffff" TooltipColor=""/>
                <Pixie LAnchorPoint="0" LAnchorOffset="9" TAnchorPoint="0" TAnchorOffset="29" RAnchorPoint="1" RAnchorOffset="-11" BAnchorPoint="1" BAnchorOffset="-2" BGColor="ffffffff" Font="Default" TextColor="ffffffff" Text="" Sprite="CRB_Basekit:kitBase_HoloTeal_NoBorder" Line="0"/>
                <Pixie LAnchorPoint="0" LAnchorOffset="0" TAnchorPoint="0" TAnchorOffset="-1" RAnchorPoint="1" RAnchorOffset="0" BAnchorPoint="1" BAnchorOffset="7" BGColor="ffffffff" Font="Default" TextColor="ffffffff" Text="" Sprite="CRB_Basekit:kitInnerFrame_MetalGrey_Small" Line="0"/>
            </Control>
            <Control Class="Window" LAnchorPoint="0" LAnchorOffset="7" TAnchorPoint="1" TAnchorOffset="-49" RAnchorPoint="1" RAnchorOffset="-7" BAnchorPoint="1" BAnchorOffset="-4" RelativeToClient="1" Font="Default" Text="" Template="Default" TooltipType="OnCursor" Name="RatingWindow" BGColor="ffffffff" TextColor="ffffffff" TooltipColor="" Visible="0" HideInEditor="0">
                <Control Class="Window" LAnchorPoint="0" LAnchorOffset="15" TAnchorPoint="0" TAnchorOffset="0" RAnchorPoint="0" RAnchorOffset="213" BAnchorPoint="1" BAnchorOffset="0" RelativeToClient="1" Font="CRB_InterfaceMedium" Text="" Template="Default" TooltipType="OnCursor" Name="RatingLabel" BGColor="ffffffff" TextColor="UI_TextMetalBodyHighlight" TooltipColor="" TextId="MatchMaker_RatingLabelDefault" DT_VCENTER="1"/>
                <Control Class="Window" LAnchorPoint="1" LAnchorOffset="-143" TAnchorPoint="0" TAnchorOffset="0" RAnchorPoint="1" RAnchorOffset="-15" BAnchorPoint="1" BAnchorOffset="0" RelativeToClient="1" Font="CRB_InterfaceLarge_B" Text="" Template="Default" TooltipType="OnCursor" Name="RatingValue" BGColor="ffffffff" TextColor="UI_TextMetalBodyHighlight" TooltipColor="" TextId="Challenges_NoProgress" DT_VCENTER="1" DT_RIGHT="1"/>
                <Pixie LAnchorPoint="0" LAnchorOffset="4" TAnchorPoint="0" TAnchorOffset="4" RAnchorPoint="1" RAnchorOffset="-4" BAnchorPoint="1" BAnchorOffset="-4" BGColor="ffffffff" Font="Default" TextColor="ffffffff" Text="" Sprite="CRB_Basekit:kitBase_MetalGrey_ListSmall" Line="0"/>
                <Pixie LAnchorPoint="0" LAnchorOffset="-7" TAnchorPoint="0" TAnchorOffset="-7" RAnchorPoint="1" RAnchorOffset="7" BAnchorPoint="1" BAnchorOffset="7" BGColor="ffffffff" Font="Default" TextColor="ffffffff" Text="" Sprite="CRB_Basekit:kitInnerFrame_MetalGrey_Small" Line="0"/>
            </Control>
            <Control Class="Window" LAnchorPoint="0" LAnchorOffset="0" TAnchorPoint="0" TAnchorOffset="68" RAnchorPoint="1" RAnchorOffset="0" BAnchorPoint="0" BAnchorOffset="140" RelativeToClient="1" Font="Default" Text="" Template="Default" TooltipType="OnCursor" Name="RoleFrame" BGColor="ffffffff" TextColor="ffffffff" TooltipColor="" Picture="1" IgnoreMouse="1" Sprite="" HideInEditor="0">
                <Control Class="Window" LAnchorPoint="0" LAnchorOffset="0" TAnchorPoint="0" TAnchorOffset="0" RAnchorPoint="1" RAnchorOffset="0" BAnchorPoint="1" BAnchorOffset="7" RelativeToClient="1" Font="Default" Text="" Template="Default" TooltipType="OnCursor" Name="RoleFrameBG" BGColor="ffffffff" TextColor="ffffffff" TooltipColor="" Picture="1" IgnoreMouse="1" Sprite="CRB_Basekit:kitInnerFrame_MetalGrey_Small" NoClip="1"/>
                <Control Class="Window" LAnchorPoint="0" LAnchorOffset="13" TAnchorPoint="0" TAnchorOffset="12" RAnchorPoint="1" RAnchorOffset="-13" BAnchorPoint="0" BAnchorOffset="35" RelativeToClient="1" Font="Default" Text="" Template="Default" TooltipType="OnCursor" Name="HeaderEntry" Border="0" Picture="1" SwallowMouseClicks="1" Moveable="0" Escapable="0" Overlapped="1" BGColor="ffffffff" TextColor="ffffffff" TooltipColor="" Sprite="CRB_Basekit:kitBtn_List_MetalSortDisabled" IgnoreMouse="1">
                    <Control Class="Window" LAnchorPoint="0" LAnchorOffset="6" TAnchorPoint="0" TAnchorOffset="2" RAnchorPoint="1" RAnchorOffset="0" BAnchorPoint="1" BAnchorOffset="-4" RelativeToClient="1" Font="CRB_InterfaceSmall" Text="" Template="Default" TooltipType="OnCursor" Name="RoleHeaderLabel" BGColor="ffffffff" TextColor="ffc0c0c0" TooltipColor="" TextId="MatchMaker_SetRole" DT_CENTER="1"/>
                </Control>
                <Control Class="Button" Base="CRB_Basekit:kitBtn_Metal_MediumBlue" Font="CRB_InterfaceMedium_B" ButtonType="Check" RadioGroup="" LAnchorPoint="0" LAnchorOffset="9" TAnchorPoint="0" TAnchorOffset="27" RAnchorPoint="0" RAnchorOffset="131" BAnchorPoint="0" BAnchorOffset="69" DT_VCENTER="1" DT_CENTER="1" TooltipType="OnCursor" Name="TankBtn" BGColor="ffffffff" TextColor="ffffffff" TooltipColor="" NormalTextColor="ff31fcf6" PressedTextColor="ffffffff" FlybyTextColor="ff80ffff" PressedFlybyTextColor="ffffffff" DisabledTextColor="ff575757" Text="" CheckboxRight="0" DrawAsCheckbox="0" GlobalRadioGroup="" TestAlpha="1" TextId="MatchMaker_Tank">
                    <Event Name="ButtonCheck" Function="OnTankChecked"/>
                    <Event Name="ButtonUncheck" Function="OnTankUnchecked"/>
                </Control>
                <Control Class="Button" Base="CRB_Basekit:kitBtn_Metal_MediumBlue" Font="CRB_InterfaceMedium_B" ButtonType="Check" RadioGroup="" LAnchorPoint=".5" LAnchorOffset="-60" TAnchorPoint="0" TAnchorOffset="27" RAnchorPoint=".5" RAnchorOffset="62" BAnchorPoint="0" BAnchorOffset="69" DT_VCENTER="1" DT_CENTER="1" TooltipType="OnCursor" Name="HealerBtn" BGColor="ffffffff" TextColor="ffffffff" TooltipColor="" NormalTextColor="ff31fcf6" PressedTextColor="ffffffff" FlybyTextColor="ff80ffff" PressedFlybyTextColor="ffffffff" DisabledTextColor="ff575757" Text="" CheckboxRight="0" DrawAsCheckbox="0" GlobalRadioGroup="" TestAlpha="1" TextId="MatchMaker_Healer">
                    <Event Name="ButtonCheck" Function="OnHealerChecked"/>
                    <Event Name="ButtonUncheck" Function="OnHealerUnchecked"/>
                </Control>
                <Control Class="Button" Base="CRB_Basekit:kitBtn_Metal_MediumBlue" Font="CRB_InterfaceMedium_B" ButtonType="Check" RadioGroup="" LAnchorPoint="0" LAnchorOffset="233" TAnchorPoint="0" TAnchorOffset="27" RAnchorPoint="0" RAnchorOffset="355" BAnchorPoint="0" BAnchorOffset="69" DT_VCENTER="1" DT_CENTER="1" TooltipType="OnCursor" Name="DPSBtn" BGColor="ffffffff" TextColor="ffffffff" TooltipColor="" NormalTextColor="ff31fcf6" PressedTextColor="ffffffff" FlybyTextColor="ff80ffff" PressedFlybyTextColor="ffffffff" DisabledTextColor="ff575757" Text="" CheckboxRight="0" DrawAsCheckbox="0" GlobalRadioGroup="" TestAlpha="1" TextId="CRB_DPS">
                    <Event Name="ButtonCheck" Function="OnDPSChecked"/>
                    <Event Name="ButtonUncheck" Function="OnDPSUnchecked"/>
                </Control>
                <Control Class="Window" LAnchorPoint="0" LAnchorOffset="0" TAnchorPoint="0" TAnchorOffset="0" RAnchorPoint="1" RAnchorOffset="0" BAnchorPoint="1" BAnchorOffset="7" RelativeToClient="1" Font="Default" Text="" Template="Default" TooltipType="OnCursor" Name="RoleBlocker" BGColor="ffffffff" TextColor="ffffffff" TooltipColor="" Picture="1" IgnoreMouse="0" Sprite="CRB_Basekit:kitInnerFrame_MetalGrey_Small" NoClip="1" NewWindowDepth="0" SwallowMouseClicks="1"/>
            </Control>
            <Control Class="Window" LAnchorPoint="0" LAnchorOffset="0" TAnchorPoint="0" TAnchorOffset="0" RAnchorPoint="1" RAnchorOffset="0" BAnchorPoint="0" BAnchorOffset="72" RelativeToClient="1" Font="Default" Text="" Template="Default" TooltipType="OnCursor" Name="RealmFrame" BGColor="ffffffff" TextColor="ffffffff" TooltipColor="" Picture="1" IgnoreMouse="1" Sprite="" HideInEditor="0">
                <Control Class="Window" LAnchorPoint="0" LAnchorOffset="0" TAnchorPoint="0" TAnchorOffset="0" RAnchorPoint="1" RAnchorOffset="0" BAnchorPoint="1" BAnchorOffset="7" RelativeToClient="1" Font="Default" Text="" Template="Default" TooltipType="OnCursor" Name="RealmFrameBG" BGColor="ffffffff" TextColor="ffffffff" TooltipColor="" Picture="1" IgnoreMouse="1" Sprite="CRB_Basekit:kitInnerFrame_MetalGrey_Small" NoClip="1"/>
                <Control Class="Window" LAnchorPoint="0" LAnchorOffset="13" TAnchorPoint="0" TAnchorOffset="12" RAnchorPoint="1" RAnchorOffset="-13" BAnchorPoint="0" BAnchorOffset="35" RelativeToClient="1" Font="Default" Text="" Template="Default" TooltipType="OnCursor" Name="HeaderEntry" Border="0" Picture="1" SwallowMouseClicks="1" Moveable="0" Escapable="0" Overlapped="1" BGColor="ffffffff" TextColor="ffffffff" TooltipColor="" Sprite="CRB_Basekit:kitBtn_List_MetalSortDisabled" IgnoreMouse="1">
                    <Control Class="Window" LAnchorPoint="0" LAnchorOffset="6" TAnchorPoint="0" TAnchorOffset="2" RAnchorPoint="1" RAnchorOffset="0" BAnchorPoint="1" BAnchorOffset="-4" RelativeToClient="1" Font="CRB_InterfaceSmall" Text="" Template="Default" TooltipType="OnCursor" Name="RealmHeaderLabel" BGColor="ffffffff" TextColor="ffc0c0c0" TooltipColor="" TextId="MatchMaker_SetRealmPreference" DT_CENTER="1"/>
                </Control>
                <Control Class="Button" Base="CRB_Basekit:kitBtn_Holo_RadioRound" Font="CRB_InterfaceMedium_B" ButtonType="Check" RadioGroup="" LAnchorPoint="0" LAnchorOffset="20" TAnchorPoint="0" TAnchorOffset="36" RAnchorPoint="1" RAnchorOffset="-177" BAnchorPoint="0" BAnchorOffset="63" DT_VCENTER="1" DT_CENTER="1" TooltipType="OnCursor" Name="RealmFilterBtn" BGColor="ffffffff" TextColor="ffffffff" TooltipColor="" NormalTextColor="ff31fcf6" PressedTextColor="ffffffff" FlybyTextColor="ff80ffff" PressedFlybyTextColor="ffffffff" DisabledTextColor="ff575757" Text="" CheckboxRight="0" DrawAsCheckbox="0" GlobalRadioGroup="" TestAlpha="0" TextId="MatchMaker_MyRealmOnly" RelativeToClient="1">
                    <Event Name="ButtonCheck" Function="OnRealmFilterChecked"/>
                    <Event Name="ButtonUncheck" Function="OnRealmFilterUnchecked"/>
                </Control>
                <Control Class="Window" LAnchorPoint="0" LAnchorOffset="0" TAnchorPoint="0" TAnchorOffset="0" RAnchorPoint="1" RAnchorOffset="0" BAnchorPoint="1" BAnchorOffset="7" RelativeToClient="1" Font="Default" Text="" Template="Default" TooltipType="OnCursor" Name="RealmBlocker" BGColor="ffffffff" TextColor="ffffffff" TooltipColor="" Picture="1" IgnoreMouse="0" Sprite="CRB_Basekit:kitInnerFrame_MetalGrey_Small" NoClip="1" NewWindowDepth="0" SwallowMouseClicks="1" HideInEditor="0" Visible="1"/>
            </Control>
        </Control>
        <Control Class="Window" LAnchorPoint="1" LAnchorOffset="-364" TAnchorPoint="0" TAnchorOffset="53" RAnchorPoint="1" RAnchorOffset="-52" BAnchorPoint="0" BAnchorOffset="298" RelativeToClient="1" Font="Default" Text="" Template="Default" TooltipType="OnCursor" Name="ModeToggleList" BGColor="ffffffff" TextColor="ffffffff" TooltipColor="" NewControlDepth="10" Picture="1" IgnoreMouse="0" Sprite="CRB_Basekit:kitBase_HoloTeal_Border" NewWindowDepth="1" Visible="0" CloseOnExternalClick="1" HideInEditor="1" Overlapped="1">
            <Control Class="Button" Base="CRB_Basekit:kitBtn_List_Holo" Font="CRB_InterfaceMedium_O" ButtonType="Check" RadioGroup="PvpUI_TypeSelection" LAnchorPoint="0" LAnchorOffset="10" TAnchorPoint="0" TAnchorOffset="10" RAnchorPoint="1" RAnchorOffset="-10" BAnchorPoint="0" BAnchorOffset="42" DT_VCENTER="1" DT_CENTER="1" TooltipType="OnCursor" Name="RatedBattlegroundBtn" BGColor="ffffffff" TextColor="ff800000" TooltipColor="" NormalTextColor="ff31fcf6" PressedTextColor="ff31fcf6" FlybyTextColor="ff31fcf6" PressedFlybyTextColor="ff31fcf6" DisabledTextColor="ff800000" Text="" TextId="CRB_Battlegrounds" Tooltip="" HideInEditor="0" Template="CRB_Default" GlobalRadioGroup="" RadioDisallowNonSelection="1" RadioAlwaysSignal="0">
                <Event Name="ButtonCheck" Function="OnSelectRatedBattlegrounds"/>
            </Control>
            <Control Class="Button" Base="CRB_Basekit:kitBtn_List_Holo" Font="CRB_InterfaceMedium_O" ButtonType="Check" RadioGroup="PvpUI_TypeSelection" LAnchorPoint="0" LAnchorOffset="10" TAnchorPoint="0" TAnchorOffset="43" RAnchorPoint="1" RAnchorOffset="-10" BAnchorPoint="0" BAnchorOffset="73" DT_VCENTER="1" DT_CENTER="1" TooltipType="OnCursor" Name="ArenaBtn" BGColor="ffffffff" TextColor="ffffffff" TooltipColor="" NormalTextColor="ff31fcf6" PressedTextColor="ff31fcf6" FlybyTextColor="ff31fcf6" PressedFlybyTextColor="ff31fcf6" DisabledTextColor="ff808080" Text="" TextId="MatchMaker_Arenas" Tooltip="" HideInEditor="0" GlobalRadioGroup="" RadioDisallowNonSelection="1">
                <Event Name="ButtonCheck" Function="OnSelectArenas"/>
            </Control>
            <Control Class="Button" Base="CRB_Basekit:kitBtn_List_Holo" Font="CRB_InterfaceMedium_O" ButtonType="Check" RadioGroup="PvpUI_TypeSelection" LAnchorPoint="0" LAnchorOffset="10" TAnchorPoint="0" TAnchorOffset="74" RAnchorPoint="1" RAnchorOffset="-10" BAnchorPoint="0" BAnchorOffset="106" DT_VCENTER="1" DT_CENTER="1" TooltipType="OnCursor" Name="DungeonBtn" BGColor="ffffffff" TextColor="ffffffff" TooltipColor="" NormalTextColor="ff31fcf6" PressedTextColor="ff31fcf6" FlybyTextColor="ff31fcf6" PressedFlybyTextColor="ff31fcf6" DisabledTextColor="ff808080" Text="" TextId="CRB_Dungeons" Tooltip="" HideInEditor="0" GlobalRadioGroup="" RadioDisallowNonSelection="1">
                <Event Name="ButtonCheck" Function="OnSelectDungeons"/>
            </Control>
            <Control Class="Button" Base="CRB_Basekit:kitBtn_List_Holo" Font="CRB_InterfaceMedium_O" ButtonType="Check" RadioGroup="PvpUI_TypeSelection" LAnchorPoint="0" LAnchorOffset="10" TAnchorPoint="0" TAnchorOffset="107" RAnchorPoint="1" RAnchorOffset="-10" BAnchorPoint="0" BAnchorOffset="139" DT_VCENTER="1" DT_CENTER="1" TooltipType="OnCursor" Name="AdventureBtn" BGColor="ffffffff" TextColor="ffffffff" TooltipColor="" NormalTextColor="ff31fcf6" PressedTextColor="ff31fcf6" FlybyTextColor="ff31fcf6" PressedFlybyTextColor="ff31fcf6" DisabledTextColor="ff808080" Text="" TextId="MatchMaker_Adventures" Tooltip="" HideInEditor="0" GlobalRadioGroup="" RadioDisallowNonSelection="1">
                <Event Name="ButtonCheck" Function="OnSelectAdventures"/>
            </Control>
            <Control Class="Button" Base="CRB_Basekit:kitBtn_List_Holo" Font="CRB_InterfaceMedium_O" ButtonType="Check" RadioGroup="PvpUI_TypeSelection" LAnchorPoint="0" LAnchorOffset="10" TAnchorPoint="0" TAnchorOffset="140" RAnchorPoint="1" RAnchorOffset="-10" BAnchorPoint="0" BAnchorOffset="172" DT_VCENTER="1" DT_CENTER="1" TooltipType="OnCursor" Name="WarplotsBtn" BGColor="ffffffff" TextColor="ffffffff" TooltipColor="" NormalTextColor="ff31fcf6" PressedTextColor="ff31fcf6" FlybyTextColor="ff31fcf6" PressedFlybyTextColor="ff31fcf6" DisabledTextColor="ff800000" Text="" TextId="MatchMaker_Warplots" Tooltip="" HideInEditor="0" Template="CRB_Default" GlobalRadioGroup="" RadioDisallowNonSelection="1" RadioAlwaysSignal="0">
                <Event Name="ButtonCheck" Function="OnSelectWarplots"/>
            </Control>
            <Control Class="Button" Base="CRB_Basekit:kitBtn_List_Holo" Font="CRB_InterfaceMedium_O" ButtonType="Check" RadioGroup="PvpUI_TypeSelection" LAnchorPoint="0" LAnchorOffset="10" TAnchorPoint="0" TAnchorOffset="170" RAnchorPoint="1" RAnchorOffset="-10" BAnchorPoint="0" BAnchorOffset="202" DT_VCENTER="1" DT_CENTER="1" TooltipType="OnCursor" Name="BattlegroundBtn" BGColor="ffffffff" TextColor="ffffffff" TooltipColor="" NormalTextColor="ff31fcf6" PressedTextColor="ff31fcf6" FlybyTextColor="ff31fcf6" PressedFlybyTextColor="ff31fcf6" DisabledTextColor="ff808080" Text="" TextId="MatchMaker_PracticeGrounds" Tooltip="" HideInEditor="0" GlobalRadioGroup="" RadioDisallowNonSelection="1">
                <Event Name="ButtonCheck" Function="OnSelectBattlegrounds"/>
            </Control>
            <Control Class="Button" Base="CRB_Basekit:kitBtn_List_Holo" Font="CRB_InterfaceMedium_O" ButtonType="Check" RadioGroup="PvpUI_TypeSelection" LAnchorPoint="0" LAnchorOffset="10" TAnchorPoint="0" TAnchorOffset="202" RAnchorPoint="1" RAnchorOffset="-10" BAnchorPoint="0" BAnchorOffset="234" DT_VCENTER="1" DT_CENTER="1" TooltipType="OnCursor" Name="OpenArenaBtn" BGColor="ffffffff" TextColor="ff800000" TooltipColor="" NormalTextColor="ff31fcf6" PressedTextColor="ff31fcf6" FlybyTextColor="ff31fcf6" PressedFlybyTextColor="ff31fcf6" DisabledTextColor="ff800000" Text="" TextId="MatchMaker_OpenArenas" Tooltip="" HideInEditor="0" Template="CRB_Default" GlobalRadioGroup="" RadioDisallowNonSelection="1" RadioAlwaysSignal="0">
                <Event Name="ButtonCheck" Function="OnSelectOpenArenas"/>
            </Control>
        </Control>
        <Control Class="Button" Base="CRB_Basekit:kitBtn_Metal_LargeRed" Font="CRB_InterfaceMedium" ButtonType="PushButton" RadioGroup="" LAnchorPoint="1" LAnchorOffset="-343" TAnchorPoint="1" TAnchorOffset="-62" RAnchorPoint="1" RAnchorOffset="-75" BAnchorPoint="1" BAnchorOffset="-12" DT_VCENTER="1" DT_CENTER="1" TooltipType="OnCursor" Name="LeaveMatchBtn" BGColor="ffffffff" TextColor="ffffffff" TooltipColor="" NormalTextColor="ffff8080" PressedTextColor="ffffffff" FlybyTextColor="ffffffff" PressedFlybyTextColor="ffffffff" DisabledTextColor="ff433434" Text="" TextId="MatchMaker_LeaveMatch" Visible="0" HideInEditor="1">
            <Event Name="ButtonSignal" Function="OnLeaveMatchBtn"/>
        </Control>
        <Control Class="Button" Base="CRB_Basekit:kitBtn_Metal_LargeGreen" Font="CRB_InterfaceMedium" ButtonType="PushButton" RadioGroup="" LAnchorPoint="1" LAnchorOffset="-343" TAnchorPoint="1" TAnchorOffset="-62" RAnchorPoint="1" RAnchorOffset="-75" BAnchorPoint="1" BAnchorOffset="-12" DT_VCENTER="1" DT_CENTER="1" TooltipType="OnCursor" Name="TeleportIntoMatchBtn" BGColor="ffffffff" TextColor="ffffffff" TooltipColor="" NormalTextColor="ff80ff80" PressedTextColor="ffffffff" FlybyTextColor="ffffffff" PressedFlybyTextColor="ffffffff" DisabledTextColor="ff374334" Text="" TextId="MatchMaker_PortToInstance" Visible="0" HideInEditor="1">
            <Event Name="ButtonSignal" Function="OnTeleportIntoMatchBtn"/>
        </Control>
        <Control Class="Button" Base="CRB_Basekit:kitBtn_Metal_LargeGreen" Font="CRB_InterfaceMedium" ButtonType="PushButton" RadioGroup="" LAnchorPoint="1" LAnchorOffset="-369" TAnchorPoint="1" TAnchorOffset="-62" RAnchorPoint="1" RAnchorOffset="-205" BAnchorPoint="1" BAnchorOffset="-14" DT_VCENTER="1" DT_CENTER="1" Name="FindReplacementsBtn" BGColor="ffffffff" TextColor="ffffffff" NewControlDepth="2" WindowSoundTemplate="TogglePhys02" TextId="MatchMaker_FindReplacements" Text="" NormalTextColor="ff80ff80" PressedTextColor="ffffffff" FlybyTextColor="ffffffff" PressedFlybyTextColor="ffffffff" DisabledTextColor="ff374334" TooltipColor="" DT_WORDBREAK="0" Visible="0" HideInEditor="1">
            <Event Name="ButtonSignal" Function="OnFindReplacementsBtn"/>
        </Control>
        <Control Class="Button" Base="CRB_Basekit:kitBtn_Metal_LargeRed" Font="CRB_InterfaceMedium" ButtonType="PushButton" RadioGroup="" LAnchorPoint="1" LAnchorOffset="-370" TAnchorPoint="1" TAnchorOffset="-62" RAnchorPoint="1" RAnchorOffset="-206" BAnchorPoint="1" BAnchorOffset="-14" DT_VCENTER="1" DT_CENTER="1" Name="CancelReplacementsBtn" BGColor="ffffffff" TextColor="ffffffff" NewControlDepth="2" WindowSoundTemplate="TogglePhys02" TextId="MatchMaker_CancelReplacements" Text="" NormalTextColor="ffff8080" PressedTextColor="ffffffff" FlybyTextColor="ffffffff" PressedFlybyTextColor="ffffffff" DisabledTextColor="ff433434" TooltipColor="" DT_WORDBREAK="0" Visible="0" HideInEditor="1">
            <Event Name="ButtonSignal" Function="OnCancelReplacementsBtn"/>
        </Control>
        <Control Class="Button" Base="CRB_Basekit:kitBtn_Metal_LargeGreen" Font="CRB_InterfaceMedium" ButtonType="PushButton" RadioGroup="" LAnchorPoint="1" LAnchorOffset="-369" TAnchorPoint="1" TAnchorOffset="-62" RAnchorPoint="1" RAnchorOffset="-205" BAnchorPoint="1" BAnchorOffset="-14" DT_VCENTER="1" DT_CENTER="1" Name="VoteDisbandBtn" BGColor="ffffffff" TextColor="ffffffff" NewControlDepth="2" WindowSoundTemplate="TogglePhys02" TextId="MatchMaker_VoteDisband" Text="" NormalTextColor="ff80ff80" PressedTextColor="ffffffff" FlybyTextColor="ffffffff" PressedFlybyTextColor="ffffffff" DisabledTextColor="ff374334" TooltipColor="" DT_WORDBREAK="0" Visible="0" HideInEditor="1">
            <Event Name="ButtonSignal" Function="OnVoteDisbandBtn"/>
        </Control>
        <Control Class="Button" Base="CRB_Basekit:kitBtn_Metal_LargeGreen" Font="CRB_InterfaceMedium" ButtonType="PushButton" RadioGroup="" LAnchorPoint="1" LAnchorOffset="-198" TAnchorPoint="1" TAnchorOffset="-63" RAnchorPoint="1" RAnchorOffset="-34" BAnchorPoint="1" BAnchorOffset="-15" DT_VCENTER="1" DT_CENTER="1" Name="AltTeleportIntoMatchBtn" BGColor="ffffffff" TextColor="ffffffff" NewControlDepth="2" WindowSoundTemplate="TogglePhys02" TextId="MatchMaker_Teleport" Text="" NormalTextColor="ff80ff80" PressedTextColor="ffffffff" FlybyTextColor="ffffffff" PressedFlybyTextColor="ffffffff" DisabledTextColor="ff374334" TooltipColor="" Tooltip="" Visible="0" HideInEditor="1">
            <Event Name="ButtonSignal" Function="OnTeleportIntoMatchBtn"/>
        </Control>
        <Control Class="Button" Base="CRB_Basekit:kitBtn_Metal_LargeRed" Font="CRB_InterfaceMedium" ButtonType="PushButton" RadioGroup="" LAnchorPoint="1" LAnchorOffset="-198" TAnchorPoint="1" TAnchorOffset="-63" RAnchorPoint="1" RAnchorOffset="-34" BAnchorPoint="1" BAnchorOffset="-15" DT_VCENTER="1" DT_CENTER="1" Name="AltLeaveMatchBtn" BGColor="ffffffff" TextColor="ffffffff" NewControlDepth="2" WindowSoundTemplate="TogglePhys02" TextId="MatchMaker_LeaveMatch" Text="" NormalTextColor="ffff8080" PressedTextColor="ffffffff" FlybyTextColor="ffffffff" PressedFlybyTextColor="ffffffff" DisabledTextColor="ff433434" TooltipColor="" Tooltip="" Visible="0" HideInEditor="1">
            <Event Name="ButtonSignal" Function="OnLeaveMatchBtn"/>
        </Control>
    </Form>
    <Form Class="Window" LAnchorPoint="0" LAnchorOffset="1" TAnchorPoint="0" TAnchorOffset="0" RAnchorPoint="1" RAnchorOffset="-1" BAnchorPoint="0" BAnchorOffset="46" RelativeToClient="1" Font="Default" Text="" Template="Default" TooltipType="OnCursor" Name="TeamEntry" Border="0" Picture="0" SwallowMouseClicks="1" Moveable="0" Escapable="0" Overlapped="1" BGColor="ffffffff" TextColor="ffffffff" TooltipColor="">
        <Control Class="Button" Base="CRB_Basekit:kitBtn_List_Holo" Font="Thick" ButtonType="PushButton" RadioGroup="" LAnchorPoint="0" LAnchorOffset="0" TAnchorPoint="0" TAnchorOffset="0" RAnchorPoint="1" RAnchorOffset="0" BAnchorPoint="1" BAnchorOffset="0" DT_VCENTER="1" DT_CENTER="1" TooltipType="OnCursor" Name="TeamRosterBtn" BGColor="ffffffff" TextColor="ffffffff" TooltipColor="" NormalTextColor="ffffffff" PressedTextColor="ffffffff" FlybyTextColor="ffffffff" PressedFlybyTextColor="ffffffff" DisabledTextColor="ffffffff">
            <Event Name="ButtonSignal" Function="OnTeamRosterBtn"/>
        </Control>
        <Control Class="Window" LAnchorPoint="0" LAnchorOffset="0" TAnchorPoint="0" TAnchorOffset="3" RAnchorPoint="0" RAnchorOffset="40" BAnchorPoint="1" BAnchorOffset="-3" RelativeToClient="1" Font="CRB_InterfaceMedium_B" Text="" Template="Default" TooltipType="OnCursor" Name="LeaderMark" BGColor="4fffbc80" TextColor="UI_TextHoloBody" TooltipColor="" NewControlDepth="5" TextId="" DT_VCENTER="1" DT_CENTER="1" Sprite="ClientSprites:CashIcon_Crown" Picture="1" IgnoreMouse="1" Visible="0"/>
        <Control Class="Window" LAnchorPoint="0" LAnchorOffset="0" TAnchorPoint="0" TAnchorOffset="0" RAnchorPoint="0" RAnchorOffset="42" BAnchorPoint="1" BAnchorOffset="-1" RelativeToClient="1" Font="CRB_InterfaceLarge_I" Text="" Template="Default" TooltipType="OnCursor" Name="TypeLabel" BGColor="ffffffff" TextColor="UI_TextHoloBody" TooltipColor="" NewControlDepth="5" TextId="ArenaRoster_5v5" DT_VCENTER="1" DT_CENTER="1" IgnoreMouse="1" AutoScaleText="1"/>
        <Control Class="Window" LAnchorPoint="0" LAnchorOffset="34" TAnchorPoint="0" TAnchorOffset="4" RAnchorPoint="0" RAnchorOffset="48" BAnchorPoint="1" BAnchorOffset="-4" RelativeToClient="1" Font="CRB_InterfaceMedium_B" Text="" Template="Default" TooltipType="OnCursor" Name="TypeLabelDivider" BGColor="ffffffff" TextColor="UI_TextHoloBody" TooltipColor="" NewControlDepth="5" TextId="" DT_VCENTER="1" DT_CENTER="1" Sprite="CRB_UIKitSprites:CRB_TreeControlVLine" Picture="1" IgnoreMouse="1"/>
        <Control Class="Window" LAnchorPoint="0" LAnchorOffset="50" TAnchorPoint="0" TAnchorOffset="0" RAnchorPoint="1" RAnchorOffset="0" BAnchorPoint=".5" BAnchorOffset="6" RelativeToClient="1" Font="CRB_InterfaceMedium_B" Text="" Template="Default" TooltipType="OnCursor" Name="TeamLabel" BGColor="ffffffff" TextColor="ff80ffff" TooltipColor="" NewControlDepth="5" TextId="MatchMaker_TeamLabelDefault" DT_VCENTER="1" DT_CENTER="0"/>
        <Control Class="Window" LAnchorPoint="0" LAnchorOffset="42" TAnchorPoint="0" TAnchorOffset="1" RAnchorPoint="1" RAnchorOffset="-1" BAnchorPoint=".5" BAnchorOffset="6" RelativeToClient="1" Font="CRB_InterfaceMedium_B" Text="" Template="Default" TooltipType="OnCursor" Name="RegisterFrame" BGColor="7fffffff" TextColor="UI_TextHoloBody" TooltipColor="" NewControlDepth="5" TextId="" DT_VCENTER="1" DT_CENTER="1" Sprite="CRB_Basekit:kitAccent_Frame_OrangeCorners" Picture="1" IgnoreMouse="1" Visible="0"/>
        <Control Class="Window" LAnchorPoint="1" LAnchorOffset="-24" TAnchorPoint=".5" TAnchorOffset="-7" RAnchorPoint="1" RAnchorOffset="-6" BAnchorPoint=".5" BAnchorOffset="8" RelativeToClient="1" Font="Default" Text="" Template="Default" TooltipType="OnCursor" Name="ArrowMark" BGColor="UI_TextHoloBodyHighlight" TextColor="UI_BtnTextHoloPressed" TooltipColor="" Picture="1" IgnoreMouse="1" Sprite="PlayerPathContent_TEMP:btn_TEMP_GroupRightArrowDisabled"/>
        <Control Class="Window" LAnchorPoint="0" LAnchorOffset="50" TAnchorPoint=".5" TAnchorOffset="-6" RAnchorPoint="0" RAnchorOffset="144" BAnchorPoint="1" BAnchorOffset="0" RelativeToClient="1" Font="CRB_InterfaceMedium_I" Text="" Template="Default" TooltipType="OnCursor" Name="MyRatingLabel" BGColor="ffffffff" TextColor="UI_TextHoloBody" TooltipColor="" NewControlDepth="5" TextId="MatchMaker_MyRating" DT_VCENTER="1" DT_CENTER="0"/>
        <Control Class="Window" LAnchorPoint="0" LAnchorOffset="116" TAnchorPoint=".5" TAnchorOffset="-6" RAnchorPoint="1" RAnchorOffset="-2" BAnchorPoint="1" BAnchorOffset="0" RelativeToClient="1" Font="CRB_InterfaceMedium_B" Text="My 5v5 Rating:" Template="Default" TooltipType="OnCursor" Name="MyRatingValue" BGColor="ffffffff" TextColor="UI_TextHoloBody" TooltipColor="" NewControlDepth="5" TextId="" DT_VCENTER="1" DT_CENTER="0"/>
    </Form>
    <Form Class="Window" LAnchorPoint="0" LAnchorOffset="10" TAnchorPoint="0" TAnchorOffset="0" RAnchorPoint="0" RAnchorOffset="290" BAnchorPoint="0" BAnchorOffset="110" RelativeToClient="1" Font="Default" Text="" Template="Default" TooltipType="OnCursor" Name="MoreInfoPanel" Border="0" Picture="0" SwallowMouseClicks="1" Moveable="0" Escapable="0" Overlapped="1" BGColor="ff000000" TextColor="ffffffff" TooltipColor="" CloseOnExternalClick="1" NewWindowDepth="1" NoClip="1" Sprite="whitefill" IgnoreMouse="1">
        <Control Class="Window" LAnchorPoint="0" LAnchorOffset="-13" TAnchorPoint=".5" TAnchorOffset="-21" RAnchorPoint="0" RAnchorOffset="24" BAnchorPoint=".5" BAnchorOffset="16" RelativeToClient="1" Font="Default" Text="" Template="Default" TooltipType="OnCursor" Name="InfoBGArt_LeftEdge" BGColor="ffffffff" TextColor="ffffffff" TooltipColor="" Picture="1" IgnoreMouse="1" Sprite="CRB_Basekit:kitBtn_Holo_CircleSmallFlyby" NoClip="1">
            <Control Class="Window" LAnchorPoint="0" LAnchorOffset="0" TAnchorPoint="0" TAnchorOffset="0" RAnchorPoint="1" RAnchorOffset="0" BAnchorPoint="1" BAnchorOffset="0" RelativeToClient="1" Font="Default" Text="" Template="Default" TooltipType="OnCursor" Name="BGArtLeftArrow" BGColor="af00ffff" TextColor="ffffffff" TooltipColor="" Picture="1" IgnoreMouse="1" Sprite="CRB_Basekit:kitIcon_White_Back" HideInEditor="1" Visible="0"/>
            <Control Class="Window" LAnchorPoint="0" LAnchorOffset="5" TAnchorPoint="0" TAnchorOffset="8" RAnchorPoint="0" RAnchorOffset="27" BAnchorPoint="0" BAnchorOffset="31" RelativeToClient="1" Font="Default" Text="" Template="Default" TooltipType="OnCursor" Name="BGArtLeftArrow1" BGColor="ffffffff" TextColor="ffffffff" TooltipColor="" Picture="1" IgnoreMouse="1" Sprite="CRB_Basekit:kitIcon_Holo_Back"/>
        </Control>
        <Control Class="MLWindow" LAnchorPoint="0" LAnchorOffset="21" TAnchorPoint="0" TAnchorOffset="15" RAnchorPoint="1" RAnchorOffset="-15" BAnchorPoint="0" BAnchorOffset="92" RelativeToClient="1" Font="CRB_InterfaceMedium" Text="" Template="Default" TooltipType="OnCursor" Name="Description" BGColor="5fffffff" TextColor="ff80ffff" TooltipColor="" TextId="CRB_CC_LibsRace_Draken2" DT_WORDBREAK="1" DT_VCENTER="1" Picture="0" Sprite="whitefill"/>
        <Event Name="WindowClosed" Function="OnMoreInfoPanelClosed"/>
        <Pixie LAnchorPoint="0" LAnchorOffset="4" TAnchorPoint="0" TAnchorOffset="1" RAnchorPoint="1" RAnchorOffset="-3" BAnchorPoint="1" BAnchorOffset="-3" BGColor="ffffffff" Font="Default" TextColor="ffffffff" Text="" Sprite="CRB_Basekit:kitBase_HoloBlue_Tiny" Line="0"/>
        <Pixie LAnchorPoint="0" LAnchorOffset="0" TAnchorPoint="0" TAnchorOffset="0" RAnchorPoint="1" RAnchorOffset="0" BAnchorPoint="1" BAnchorOffset="0" BGColor="ffffffff" Font="Default" TextColor="ffffffff" Text="" Sprite="CRB_Basekit:kitBase_HoloBlue_MetalCorners" Line="0"/>
    </Form>
    <Form Name="WaitingOnAllies" Class="Window" LAnchorPoint="0.5" LAnchorOffset="-165" TAnchorPoint="0.5" TAnchorOffset="-224" RAnchorPoint="0.5" RAnchorOffset="165" BAnchorPoint="0.5" BAnchorOffset="-97" Template="CRB_NormalFramedThin" Moveable="0" Border="0" Sprite="CRB_Basekit:kitBase_Hybrid_Message" Picture="0" BGOpacity=".5" BGColor="ffffffff" TextColor="ffffffff" Escapable="0" Overlapped="1" SwallowMouseClicks="1" LeftEdgeControlsAnchor="" AutoFade="0" AutoFadeNC="0" AutoFadeBG="0" UseTemplateBG="0" TooltipColor="" Tooltip="" Visible="1">
        <Event Name="WindowClosed" Function="OnWindowClosed"/>
        <Control Class="Window" LAnchorPoint="0.5" LAnchorOffset="-30" TAnchorPoint="0.5" TAnchorOffset="-20" RAnchorPoint="0.5" RAnchorOffset="30" BAnchorPoint="0.5" BAnchorOffset="30" RelativeToClient="1" Font="CRB_HeaderHuge_O" Text="0/5" Template="Default" TooltipType="OnCursor" Name="AllyCount" BGColor="ffffffff" TextColor="ff31fcf6" TooltipColor="" TextId="" DT_CENTER="1" DT_VCENTER="1"/>
        <Pixie LAnchorPoint="0" LAnchorOffset="0" TAnchorPoint="0" TAnchorOffset="0" RAnchorPoint="1" RAnchorOffset="0" BAnchorPoint="1" BAnchorOffset="0" BGColor="ffffffff" Font="CRB_InterfaceMedium" TextColor="ffffffff" Text="" Sprite="CRB_Basekit:kitBase_Hybrid_Message" Line="0"/>
        <Pixie LAnchorPoint="0" LAnchorOffset="20" TAnchorPoint="0" TAnchorOffset="13" RAnchorPoint="1" RAnchorOffset="-20" BAnchorPoint="0" BAnchorOffset="57" BGColor="ffffffff" Font="CRB_InterfaceMedium" TextColor="ff31fcf6" Text="" TextId="MatchMaker_WaitingForAllies" Sprite="" DT_CENTER="1" DT_RIGHT="0" DT_VCENTER="1" DT_WORDBREAK="1" Line="0"/>
    </Form>
    <Form Name="WaitingOnAlliesAndEnemies" Class="Window" LAnchorPoint="0.5" LAnchorOffset="-165" TAnchorPoint="0.5" TAnchorOffset="-224" RAnchorPoint="0.5" RAnchorOffset="165" BAnchorPoint="0.5" BAnchorOffset="-97" Template="CRB_NormalFramedThin" Moveable="0" Border="0" Sprite="CRB_Basekit:kitBase_Hybrid_Message" Picture="0" BGOpacity=".5" BGColor="ffffffff" TextColor="ffffffff" Escapable="0" Overlapped="1" SwallowMouseClicks="1" LeftEdgeControlsAnchor="" AutoFade="0" AutoFadeNC="0" AutoFadeBG="0" UseTemplateBG="0" TooltipColor="" Tooltip="" Visible="1" Text="">
        <Event Name="WindowClosed" Function="OnWindowClosed"/>
        <Control Class="Window" LAnchorPoint="0.75" LAnchorOffset="-30" TAnchorPoint="0.5" TAnchorOffset="-20" RAnchorPoint="0.75" RAnchorOffset="30" BAnchorPoint="0.5" BAnchorOffset="30" RelativeToClient="1" Font="CRB_HeaderHuge_O" Text="0/5" Template="Default" TooltipType="OnCursor" Name="EnemyCount" BGColor="ffffffff" TextColor="ff31fcf6" TooltipColor="" TextId="" DT_CENTER="1" DT_VCENTER="1"/>
        <Control Class="Window" LAnchorPoint="0.25" LAnchorOffset="-30" TAnchorPoint="0.5" TAnchorOffset="-20" RAnchorPoint="0.25" RAnchorOffset="30" BAnchorPoint="0.5" BAnchorOffset="30" RelativeToClient="1" Font="CRB_HeaderHuge_O" Text="0/5" Template="Default" TooltipType="OnCursor" Name="AllyCount" BGColor="ffffffff" TextColor="ff31fcf6" TooltipColor="" TextId="" DT_CENTER="1" DT_VCENTER="1"/>
        <Pixie LAnchorPoint="0" LAnchorOffset="0" TAnchorPoint="0" TAnchorOffset="0" RAnchorPoint="1" RAnchorOffset="0" BAnchorPoint="1" BAnchorOffset="0" BGColor="ffffffff" Font="CRB_InterfaceMedium" TextColor="ffffffff" Text="" Sprite="CRB_Basekit:kitBase_Hybrid_Message" Line="0"/>
        <Pixie LAnchorPoint="0" LAnchorOffset="20" TAnchorPoint="0" TAnchorOffset="13" RAnchorPoint="1" RAnchorOffset="-20" BAnchorPoint="0" BAnchorOffset="57" BGColor="ffffffff" Font="CRB_InterfaceMedium" TextColor="ff31fcf6" Text="" TextId="MatchMaker_WaitingFor" Sprite="" DT_CENTER="1" DT_RIGHT="0" DT_VCENTER="1" DT_WORDBREAK="1" Line="0"/>
    </Form>
    <Form Name="VoteKick" Class="Window" LAnchorPoint="0.5" LAnchorOffset="-165" TAnchorPoint="0.5" TAnchorOffset="-224" RAnchorPoint="0.5" RAnchorOffset="165" BAnchorPoint="0.5" BAnchorOffset="-97" Template="CRB_NormalFramedThin" Moveable="0" Border="0" Sprite="CRB_Basekit:kitBase_Hybrid_Message" Picture="0" BGOpacity=".5" BGColor="ffffffff" TextColor="ffffffff" Escapable="0" Overlapped="1" SwallowMouseClicks="1" LeftEdgeControlsAnchor="" AutoFade="0" AutoFadeNC="0" AutoFadeBG="0" UseTemplateBG="0" TooltipColor="" Tooltip="" Visible="0" Text="">
        <Event Name="WindowClosed" Function="OnWindowClosed"/>
        <Control Class="Button" Name="YesButton" LAnchorPoint=".5" LAnchorOffset="-118" TAnchorPoint="0" TAnchorOffset="56" RAnchorPoint=".5" RAnchorOffset="-4" BAnchorPoint="0" BAnchorOffset="96" RelativeToClient="1" Font="CRB_InterfaceMedium" Template="CRB_Hologram" BGColor="ffffffff" TextColor="ffffffff" DT_CENTER="1" DT_VCENTER="1" Base="CRB_Basekit:kitBtn_Holo" DrawAsCheckbox="0" CheckboxRight="0" NewControlDepth="2" TextId="CRB_Accept" NormalTextColor="UI_TextHoloBody" PressedTextColor="ffffffff" FlybyTextColor="ff31fcf6" PressedFlybyTextColor="ffffffff" DisabledTextColor="ff804040" UseTemplateBG="0" Text="" Tooltip="" TooltipColor="">
            <Event Name="ButtonSignal" Function="OnVoteKickYes"/>
        </Control>
        <Control Class="Button" Name="NoButton" LAnchorPoint=".5" LAnchorOffset="1" TAnchorPoint="0" TAnchorOffset="56" RAnchorPoint=".5" RAnchorOffset="115" BAnchorPoint="0" BAnchorOffset="96" RelativeToClient="1" Font="CRB_InterfaceMedium" Template="CRB_Hologram" BGColor="ffffffff" TextColor="ffffffff" DT_CENTER="1" DT_VCENTER="1" TestAlpha="0" NoClip="0" Base="CRB_Basekit:kitBtn_Holo" NewControlDepth="2" TextId="CRB_Decline" NormalTextColor="UI_TextHoloBody" PressedTextColor="ffffffff" FlybyTextColor="ff31fcf6" PressedFlybyTextColor="ffffffff" DisabledTextColor="ff804040" UseTemplateBG="0" Tooltip="" Text="" TooltipColor="">
            <Event Name="ButtonSignal" Function="OnVoteKickNo"/>
        </Control>
        <Control Class="Button" Base="CRB_Basekit:kitBtn_Close" Font="CRB_InterfaceMedium" ButtonType="PushButton" RadioGroup="" LAnchorPoint="1" LAnchorOffset="-30" TAnchorPoint="0" TAnchorOffset="12" RAnchorPoint="1" RAnchorOffset="-6" BAnchorPoint="0" BAnchorOffset="37" DT_VCENTER="1" DT_CENTER="1" Name="CloseButton" BGColor="ffffffff" TextColor="ffffffff" Template="" NoClip="1" NewControlDepth="2" NormalTextColor="ffffffff" PressedTextColor="ffffffff" FlybyTextColor="ffffffff" PressedFlybyTextColor="ffffffff" DisabledTextColor="ffffffff" TooltipColor="">
            <Event Name="ButtonSignal" Function="OnVoteKickNo"/>
        </Control>
        <Control Class="Window" LAnchorPoint="0" LAnchorOffset="20" TAnchorPoint="0" TAnchorOffset="13" RAnchorPoint="1" RAnchorOffset="-20" BAnchorPoint="0" BAnchorOffset="57" RelativeToClient="1" Font="CRB_InterfaceMedium" Sprite="" Template="" Name="Title" BGColor="ffffffff" TextColor="ff31fcf6" DT_CENTER="1" DT_RIGHT="0" DT_VCENTER="1" DT_WORDBREAK="1" TextId="CRB_Are_you_really_sure" TooltipColor=""/>
        <Pixie LAnchorPoint="0" LAnchorOffset="0" TAnchorPoint="0" TAnchorOffset="0" RAnchorPoint="1" RAnchorOffset="0" BAnchorPoint="1" BAnchorOffset="0" BGColor="ffffffff" Font="CRB_InterfaceMedium" TextColor="ffffffff" Text="" Sprite="CRB_Basekit:kitBase_Hybrid_Message" Line="0"/>
    </Form>
    <Form Name="VoteSurrender" Class="Window" LAnchorPoint="0.5" LAnchorOffset="-165" TAnchorPoint="0.5" TAnchorOffset="-224" RAnchorPoint="0.5" RAnchorOffset="165" BAnchorPoint="0.5" BAnchorOffset="-97" Template="CRB_NormalFramedThin" Moveable="0" Border="0" Sprite="CRB_Basekit:kitBase_Hybrid_Message" Picture="0" BGOpacity=".5" BGColor="ffffffff" TextColor="ffffffff" Escapable="0" Overlapped="1" SwallowMouseClicks="1" LeftEdgeControlsAnchor="" AutoFade="0" AutoFadeNC="0" AutoFadeBG="0" UseTemplateBG="0" TooltipColor="" Tooltip="" Visible="0" Text="">
        <Event Name="WindowClosed" Function="OnWindowClosed"/>
        <Control Class="Button" Name="YesButton" LAnchorPoint=".5" LAnchorOffset="-118" TAnchorPoint="0" TAnchorOffset="56" RAnchorPoint=".5" RAnchorOffset="-4" BAnchorPoint="0" BAnchorOffset="96" RelativeToClient="1" Font="CRB_InterfaceMedium" Template="CRB_Hologram" BGColor="ffffffff" TextColor="ffffffff" DT_CENTER="1" DT_VCENTER="1" Base="CRB_Basekit:kitBtn_Holo" DrawAsCheckbox="0" CheckboxRight="0" NewControlDepth="2" TextId="CRB_Accept" NormalTextColor="UI_TextHoloBody" PressedTextColor="ffffffff" FlybyTextColor="ff31fcf6" PressedFlybyTextColor="ffffffff" DisabledTextColor="ff804040" UseTemplateBG="0" Text="" Tooltip="" TooltipColor="">
            <Event Name="ButtonSignal" Function="OnVoteSurrenderYes"/>
        </Control>
        <Control Class="Button" Name="NoButton" LAnchorPoint=".5" LAnchorOffset="1" TAnchorPoint="0" TAnchorOffset="56" RAnchorPoint=".5" RAnchorOffset="115" BAnchorPoint="0" BAnchorOffset="96" RelativeToClient="1" Font="CRB_InterfaceMedium" Template="CRB_Hologram" BGColor="ffffffff" TextColor="ffffffff" DT_CENTER="1" DT_VCENTER="1" TestAlpha="0" NoClip="0" Base="CRB_Basekit:kitBtn_Holo" NewControlDepth="2" TextId="CRB_Decline" NormalTextColor="UI_TextHoloBody" PressedTextColor="ffffffff" FlybyTextColor="ff31fcf6" PressedFlybyTextColor="ffffffff" DisabledTextColor="ff804040" UseTemplateBG="0" Tooltip="" Text="" TooltipColor="">
            <Event Name="ButtonSignal" Function="OnVoteSurrenderNo"/>
        </Control>
        <Control Class="Button" Base="CRB_Basekit:kitBtn_Close" Font="CRB_InterfaceMedium" ButtonType="PushButton" RadioGroup="" LAnchorPoint="1" LAnchorOffset="-30" TAnchorPoint="0" TAnchorOffset="12" RAnchorPoint="1" RAnchorOffset="-6" BAnchorPoint="0" BAnchorOffset="37" DT_VCENTER="1" DT_CENTER="1" Name="CloseButton" BGColor="ffffffff" TextColor="ffffffff" Template="" NoClip="1" NewControlDepth="2" NormalTextColor="ffffffff" PressedTextColor="ffffffff" FlybyTextColor="ffffffff" PressedFlybyTextColor="ffffffff" DisabledTextColor="ffffffff" TooltipColor="">
            <Event Name="ButtonSignal" Function="OnVoteSurrenderNo"/>
        </Control>
        <Control Class="Window" LAnchorPoint="0" LAnchorOffset="20" TAnchorPoint="0" TAnchorOffset="13" RAnchorPoint="1" RAnchorOffset="-20" BAnchorPoint="0" BAnchorOffset="57" RelativeToClient="1" Font="CRB_InterfaceMedium" Sprite="" Template="" Name="Title" BGColor="ffffffff" TextColor="ff31fcf6" DT_CENTER="1" DT_RIGHT="0" DT_VCENTER="1" DT_WORDBREAK="1" TextId="CRB_Are_you_really_sure" TooltipColor=""/>
        <Pixie LAnchorPoint="0" LAnchorOffset="0" TAnchorPoint="0" TAnchorOffset="0" RAnchorPoint="1" RAnchorOffset="0" BAnchorPoint="1" BAnchorOffset="0" BGColor="ffffffff" Font="CRB_InterfaceMedium" TextColor="ffffffff" Text="" Sprite="CRB_Basekit:kitBase_Hybrid_Message" Line="0"/>
    </Form>
    <Form Name="DuelRequest" Class="Window" LAnchorPoint="0.5" LAnchorOffset="-165" TAnchorPoint="0.5" TAnchorOffset="-224" RAnchorPoint="0.5" RAnchorOffset="165" BAnchorPoint="0.5" BAnchorOffset="-97" Template="CRB_NormalFramedThin" Moveable="0" Border="0" Sprite="CRB_Basekit:kitBase_Hybrid_Message" Picture="0" BGOpacity=".5" BGColor="ffffffff" TextColor="ffffffff" Escapable="0" Overlapped="1" SwallowMouseClicks="1" LeftEdgeControlsAnchor="" AutoFade="0" AutoFadeNC="0" AutoFadeBG="0" UseTemplateBG="0" TooltipColor="" Tooltip="" Visible="0" Text="">
        <Event Name="WindowClosed" Function="OnWindowClosed"/>
        <Control Class="Button" Name="YesButton" LAnchorPoint=".5" LAnchorOffset="-118" TAnchorPoint="0" TAnchorOffset="56" RAnchorPoint=".5" RAnchorOffset="-4" BAnchorPoint="0" BAnchorOffset="96" RelativeToClient="1" Font="CRB_InterfaceMedium" Template="CRB_Hologram" BGColor="ffffffff" TextColor="ffffffff" DT_CENTER="1" DT_VCENTER="1" Base="CRB_Basekit:kitBtn_Holo" DrawAsCheckbox="0" CheckboxRight="0" NewControlDepth="2" TextId="CRB_Accept" NormalTextColor="UI_TextHoloBody" PressedTextColor="ffffffff" FlybyTextColor="ff31fcf6" PressedFlybyTextColor="ffffffff" DisabledTextColor="ff804040" UseTemplateBG="0" Text="" Tooltip="" TooltipColor="">
            <Event Name="ButtonSignal" Function="OnAcceptDuel"/>
        </Control>
        <Control Class="Button" Name="NoButton" LAnchorPoint=".5" LAnchorOffset="1" TAnchorPoint="0" TAnchorOffset="56" RAnchorPoint=".5" RAnchorOffset="115" BAnchorPoint="0" BAnchorOffset="96" RelativeToClient="1" Font="CRB_InterfaceMedium" Template="CRB_Hologram" BGColor="ffffffff" TextColor="ffffffff" DT_CENTER="1" DT_VCENTER="1" TestAlpha="0" NoClip="0" Base="CRB_Basekit:kitBtn_Holo" NewControlDepth="2" TextId="CRB_Decline" NormalTextColor="UI_TextHoloBody" PressedTextColor="ffffffff" FlybyTextColor="ff31fcf6" PressedFlybyTextColor="ffffffff" DisabledTextColor="ff804040" UseTemplateBG="0" Tooltip="" Text="" TooltipColor="">
            <Event Name="ButtonSignal" Function="OnDeclineDuel"/>
        </Control>
        <Control Class="Button" Base="CRB_Basekit:kitBtn_Close" Font="CRB_InterfaceMedium" ButtonType="PushButton" RadioGroup="" LAnchorPoint="1" LAnchorOffset="-30" TAnchorPoint="0" TAnchorOffset="12" RAnchorPoint="1" RAnchorOffset="-6" BAnchorPoint="0" BAnchorOffset="37" DT_VCENTER="1" DT_CENTER="1" Name="CloseButton" BGColor="ffffffff" TextColor="ffffffff" Template="" NoClip="1" NewControlDepth="2" NormalTextColor="ffffffff" PressedTextColor="ffffffff" FlybyTextColor="ffffffff" PressedFlybyTextColor="ffffffff" DisabledTextColor="ffffffff" TooltipColor="">
            <Event Name="ButtonSignal" Function="OnDeclineDuel"/>
        </Control>
        <Control Class="Window" LAnchorPoint="0" LAnchorOffset="20" TAnchorPoint="0" TAnchorOffset="13" RAnchorPoint="1" RAnchorOffset="-20" BAnchorPoint="0" BAnchorOffset="57" RelativeToClient="1" Font="CRB_InterfaceMedium" Sprite="" Template="" Name="Title" BGColor="ffffffff" TextColor="ff31fcf6" DT_CENTER="1" DT_RIGHT="0" DT_VCENTER="1" DT_WORDBREAK="1" TextId="CRB_Are_you_really_sure" TooltipColor=""/>
        <Pixie LAnchorPoint="0" LAnchorOffset="0" TAnchorPoint="0" TAnchorOffset="0" RAnchorPoint="1" RAnchorOffset="0" BAnchorPoint="1" BAnchorOffset="0" BGColor="ffffffff" Font="CRB_InterfaceMedium" TextColor="ffffffff" Text="" Sprite="CRB_Basekit:kitBase_Hybrid_Message" Line="0"/>
    </Form>
    <Form Name="DuelWarning" Class="Window" LAnchorPoint="0.5" LAnchorOffset="-165" TAnchorPoint="0.5" TAnchorOffset="-224" RAnchorPoint="0.5" RAnchorOffset="165" BAnchorPoint="0.5" BAnchorOffset="-97" Template="CRB_NormalFramedThin" Moveable="0" Border="0" Sprite="CRB_Basekit:kitBase_Hybrid_Message" Picture="0" BGOpacity=".5" BGColor="ffffffff" TextColor="ffffffff" Escapable="0" Overlapped="1" SwallowMouseClicks="1" LeftEdgeControlsAnchor="" AutoFade="0" AutoFadeNC="0" AutoFadeBG="0" UseTemplateBG="0" TooltipColor="" Tooltip="" Visible="0" Text="">
        <Event Name="WindowClosed" Function="OnWindowClosed"/>
        <Control Class="Window" LAnchorPoint="0.5" LAnchorOffset="-30" TAnchorPoint="0.5" TAnchorOffset="-10" RAnchorPoint="0.5" RAnchorOffset="30" BAnchorPoint="0.5" BAnchorOffset="40" RelativeToClient="1" Font="CRB_HeaderHuge_O" Text="10" Template="Default" TooltipType="OnCursor" Name="Timer" BGColor="ffffffff" TextColor="ff31fcf6" TooltipColor="" TextId="" DT_CENTER="1" DT_VCENTER="1"/>
        <Pixie LAnchorPoint="0" LAnchorOffset="0" TAnchorPoint="0" TAnchorOffset="0" RAnchorPoint="1" RAnchorOffset="0" BAnchorPoint="1" BAnchorOffset="0" BGColor="ffffffff" Font="CRB_InterfaceMedium" TextColor="ffffffff" Text="" Sprite="CRB_Basekit:kitBase_Hybrid_Message" Line="0"/>
        <Pixie LAnchorPoint="0" LAnchorOffset="70" TAnchorPoint="0" TAnchorOffset="15" RAnchorPoint="1" RAnchorOffset="-70" BAnchorPoint="0" BAnchorOffset="67" BGColor="ffffffff" Font="CRB_InterfaceMedium" TextColor="ff31fcf6" Text="" TextId="MatchMaker_LeftDuelArea" Sprite="" DT_CENTER="1" DT_RIGHT="0" DT_VCENTER="1" DT_WORDBREAK="1" Line="0"/>
    </Form>
</Forms>
