<?xml version="1.0" ?>
<Forms>
    <Form Name="GroupHud" LAnchorPoint="0" LAnchorOffset="0" TAnchorPoint="0" TAnchorOffset="150" RAnchorPoint="0" RAnchorOffset="300" BAnchorPoint="0" BAnchorOffset="516" Class="Window" VScroll="0" HScroll="0" Moveable="1" BGColor="ffffffff" TextColor="ff9e8a66" LeftEdgeControlsAnchor="GroupFrame_GroupHud_Left" TopEdgeControlsAnchor="GroupFrame_GroupHud_Top" RightEdgeControlsAnchor="" BottomEdgeControlsAnchor="GroupFrame_GroupHud_Bottom" Overlapped="1" DoNotBlockTooltip="1" IgnoreMouse="1" TransitionShowHide="1" Text="" TextId="" Visible="0" TooltipColor="" Tooltip="" RelativeToClient="1">
        <Control Class="Window" LAnchorPoint="0" LAnchorOffset="8" TAnchorPoint="0" TAnchorOffset="40" RAnchorPoint="1" RAnchorOffset="-8" BAnchorPoint="1" BAnchorOffset="-8" RelativeToClient="1" Font="Default" Text="" Template="Default" TooltipType="OnCursor" Name="GroupArrangeVert" BGColor="ffffffff" TextColor="ffffffff" TooltipColor="" Tooltip="">
            <Control Class="Window" LAnchorPoint="0" LAnchorOffset="0" TAnchorPoint="0" TAnchorOffset="0" RAnchorPoint="1" RAnchorOffset="0" BAnchorPoint="1" BAnchorOffset="0" RelativeToClient="1" Font="Default" Text="" Template="Default" Name="GroupPortraitContainer" BGColor="ffffffff" TextColor="ffffffff" IgnoreMouse="1" TooltipColor=""/>
            <Control Class="Window" LAnchorPoint="0" LAnchorOffset="0" TAnchorPoint="0" TAnchorOffset="0" RAnchorPoint="1" RAnchorOffset="0" BAnchorPoint="0" BAnchorOffset="65" RelativeToClient="1" Font="Default" Text="" Template="Default" Name="GroupHudMessage" BGColor="ffffffff" TextColor="ffffffff" IgnoreMouse="1" NoClip="1" Visible="0" TransitionShowHide="0" HideInEditor="0" Sprite="" Picture="0" TooltipColor="">
                <Control Class="Window" LAnchorPoint="0" LAnchorOffset="50" TAnchorPoint="0" TAnchorOffset="8" RAnchorPoint="1" RAnchorOffset="-8" BAnchorPoint="1" BAnchorOffset="-8" RelativeToClient="1" Font="CRB_InterfaceMedium" Text="" Template="Default" Name="MessageText" BGColor="ffffffff" TextColor="ffffffff" TextId="QuestShareReceiveFailMissingPrereq" DT_WORDBREAK="1" DT_VCENTER="1" TooltipColor="" Visible="1"/>
                <Control Class="Window" LAnchorPoint="0" LAnchorOffset="-3" TAnchorPoint="0" TAnchorOffset="-3" RAnchorPoint="1" RAnchorOffset="3" BAnchorPoint="1" BAnchorOffset="3" RelativeToClient="1" Font="Default" Text="" Template="Default" Name="MessageBirthAnimation" BGColor="ffffffff" TextColor="ffffffff" Picture="1" IgnoreMouse="1" NoClip="1" NewControlDepth="6" TooltipColor="" Sprite="" Visible="1"/>
                <Control Class="Window" LAnchorPoint="0" LAnchorOffset="11" TAnchorPoint="0" TAnchorOffset="12" RAnchorPoint="0" RAnchorOffset="46" BAnchorPoint="1" BAnchorOffset="-16" RelativeToClient="1" Font="Default" Text="" Template="Default" Name="MessageIcon_Sent" BGColor="ffffffff" TextColor="ffffffff" Picture="1" IgnoreMouse="1" Sprite="ClientSprites:Icon_Windows_UI_NewMail" Visible="0" HideInEditor="1" TooltipColor=""/>
                <Control Class="Window" LAnchorPoint="0" LAnchorOffset="11" TAnchorPoint="0" TAnchorOffset="12" RAnchorPoint="0" RAnchorOffset="47" BAnchorPoint="1" BAnchorOffset="-11" RelativeToClient="1" Font="Default" Text="" Template="Default" Name="MessageIcon_Deny" BGColor="ffffffff" TextColor="ffffffff" Picture="1" IgnoreMouse="1" Sprite="ClientSprites:LootCloseBox" HideInEditor="1" TooltipColor="" Visible="0"/>
                <Control Class="Window" LAnchorPoint="0" LAnchorOffset="11" TAnchorPoint="0" TAnchorOffset="12" RAnchorPoint="0" RAnchorOffset="47" BAnchorPoint="1" BAnchorOffset="-11" RelativeToClient="1" Font="Default" Text="" Template="Default" Name="MessageIcon_Accept" BGColor="ffffffff" TextColor="ffffffff" Picture="1" IgnoreMouse="1" Sprite="ClientSprites:Icon_SkillMisc_UI_misc_dshrt" HideInEditor="1" TooltipColor="" Visible="0"/>
                <Control Class="Window" LAnchorPoint="0" LAnchorOffset="11" TAnchorPoint="0" TAnchorOffset="12" RAnchorPoint="0" RAnchorOffset="47" BAnchorPoint="1" BAnchorOffset="-11" RelativeToClient="1" Font="Default" Text="" Template="Default" Name="MessageIcon_Joined" BGColor="ffffffff" TextColor="ffffffff" Picture="1" IgnoreMouse="1" Sprite="ClientSprites:Icon_SkillMisc_UI_misc_dshrt" HideInEditor="0" TooltipColor="" Visible="0"/>
                <Control Class="Window" LAnchorPoint="0" LAnchorOffset="11" TAnchorPoint="0" TAnchorOffset="12" RAnchorPoint="0" RAnchorOffset="47" BAnchorPoint="1" BAnchorOffset="-11" RelativeToClient="1" Font="Default" Text="" Template="Default" Name="MessageIcon_Left" BGColor="ffffffff" TextColor="ffffffff" Picture="1" IgnoreMouse="1" Sprite="ClientSprites:Icon_SkillMisc_UI_misc_dshlft" HideInEditor="1" TooltipColor="" Visible="0"/>
                <Control Class="Window" LAnchorPoint="0" LAnchorOffset="11" TAnchorPoint="0" TAnchorOffset="12" RAnchorPoint="0" RAnchorOffset="47" BAnchorPoint="1" BAnchorOffset="-11" RelativeToClient="1" Font="Default" Text="" Template="Default" Name="MessageIcon_Promoted" BGColor="ffffffff" TextColor="ffffffff" Picture="1" IgnoreMouse="1" Sprite="ClientSprites:CashIcon_Crown" HideInEditor="1" TooltipColor="" Visible="0"/>
                <Control Class="Window" LAnchorPoint="0" LAnchorOffset="11" TAnchorPoint="0" TAnchorOffset="13" RAnchorPoint="0" RAnchorOffset="47" BAnchorPoint="1" BAnchorOffset="-10" RelativeToClient="1" Font="Default" Text="" Template="Default" Name="MessageIcon_Kicked" BGColor="ffffffff" TextColor="ffffffff" Picture="1" IgnoreMouse="1" Sprite="CRB_GuildSprites:sprGuild_Skull" HideInEditor="1" TooltipColor="" Visible="0"/>
                <Control Class="Window" LAnchorPoint="0" LAnchorOffset="11" TAnchorPoint="0" TAnchorOffset="12" RAnchorPoint="0" RAnchorOffset="47" BAnchorPoint="1" BAnchorOffset="-11" RelativeToClient="1" Font="Default" Text="" Template="Default" Name="MessageIcon_Disbanded" BGColor="ffffffff" TextColor="ffffffff" Picture="1" IgnoreMouse="1" Sprite="ClientSprites:LootCloseBox" HideInEditor="1" Visible="0" TooltipColor=""/>
                <Control Class="Window" LAnchorPoint="0" LAnchorOffset="11" TAnchorPoint="0" TAnchorOffset="12" RAnchorPoint="0" RAnchorOffset="47" BAnchorPoint="1" BAnchorOffset="-11" RelativeToClient="1" Font="Default" Text="" Template="Default" Name="MessageIcon_Error" BGColor="ffff0000" TextColor="ffffffff" Picture="1" IgnoreMouse="1" Sprite="ClientSprites:QuestJewel_Offer_Grey" HideInEditor="1" Visible="0" TooltipColor=""/>
                <Pixie LAnchorPoint="0" LAnchorOffset="-5" TAnchorPoint="0" TAnchorOffset="-5" RAnchorPoint="1" RAnchorOffset="5" BAnchorPoint="1" BAnchorOffset="5" BGColor="ffffffff" Font="Default" TextColor="ffffffff" Text="" Sprite="CRB_Basekit:kitAccent_Frame_OrangeStroke" Line="0"/>
            </Control>
            <Control Class="Window" LAnchorPoint="0" LAnchorOffset="0" TAnchorPoint="0" TAnchorOffset="63" RAnchorPoint="1" RAnchorOffset="0" BAnchorPoint="0" BAnchorOffset="158" RelativeToClient="1" Font="Default" Text="" Template="Default" Name="GroupHudLeaveDialog" BGColor="ffffffff" TextColor="ffffffff" IgnoreMouse="1" NoClip="1" Visible="0" TransitionShowHide="1" TextId="" HideInEditor="0" Sprite="" Picture="0" TooltipColor="">
                <Control Class="Window" LAnchorPoint="0" LAnchorOffset="2" TAnchorPoint="0" TAnchorOffset="2" RAnchorPoint="1" RAnchorOffset="-2" BAnchorPoint="1" BAnchorOffset="-2" RelativeToClient="1" Font="Default" Text="" Template="Default" Name="GroupHudLeaveDialog" BGColor="ffffffff" TextColor="ffffffff" Sprite="kitBase_HoloBlue_SmallGreenCorners" Picture="1" IgnoreMouse="1" TooltipColor=""/>
                <Control Class="Window" LAnchorPoint="0" LAnchorOffset="41" TAnchorPoint="0" TAnchorOffset="9" RAnchorPoint="1" RAnchorOffset="-8" BAnchorPoint="0" BAnchorOffset="48" RelativeToClient="1" Font="CRB_InterfaceMedium" Text="" Template="Default" Name="LeaveText" BGColor="ffffffff" TextColor="ffb80000" TextId="CRB_Are_you_sure_you_want_to_disband_this_group" DT_WORDBREAK="1" DT_VCENTER="1" NewControlDepth="1" TooltipColor=""/>
                <Control Class="Button" Base="kitBtn_Holo" Font="CRB_InterfaceMedium_B" ButtonType="PushButton" RadioGroup="" LAnchorPoint="1" LAnchorOffset="-244" TAnchorPoint="0" TAnchorOffset="48" RAnchorPoint="1" RAnchorOffset="-130" BAnchorPoint="0" BAnchorOffset="83" DT_VCENTER="1" DT_CENTER="1" Name="ConfirmLeaveBtn" BGColor="ffffffff" TextColor="ffffffff" Text="" TextId="CRB_Leave_Group" NormalTextColor="ffffffff" PressedTextColor="ffffffff" FlybyTextColor="ffffffff" PressedFlybyTextColor="ffffffff" DisabledTextColor="ffffffff" HideInEditor="0" TooltipColor="">
                    <Event Name="ButtonSignal" Function="OnConfirmLeave"/>
                </Control>
                <Control Class="Button" Base="kitBtn_Holo" Font="CRB_InterfaceMedium_B" ButtonType="PushButton" RadioGroup="" LAnchorPoint="1" LAnchorOffset="-244" TAnchorPoint="0" TAnchorOffset="48" RAnchorPoint="1" RAnchorOffset="-130" BAnchorPoint="0" BAnchorOffset="83" DT_VCENTER="1" DT_CENTER="1" Name="ConfirmDisbandBtn" BGColor="ffffffff" TextColor="ffffffff" Text="" TextId="CRB_Disband_Group" NormalTextColor="ffffffff" PressedTextColor="ffffffff" FlybyTextColor="ffffffff" PressedFlybyTextColor="ffffffff" DisabledTextColor="ffffffff" HideInEditor="0" TooltipColor="">
                    <Event Name="ButtonSignal" Function="OnConfirmDisband"/>
                </Control>
                <Control Class="Button" Base="kitBtn_Holo" Font="CRB_InterfaceMedium_B" ButtonType="PushButton" RadioGroup="" LAnchorPoint="1" LAnchorOffset="-125" TAnchorPoint="0" TAnchorOffset="48" RAnchorPoint="1" RAnchorOffset="-11" BAnchorPoint="0" BAnchorOffset="83" DT_VCENTER="1" DT_CENTER="1" Name="CancelLeaveBtn" BGColor="ffffffff" TextColor="ffffffff" Text="" TextId="Cancel" NormalTextColor="ffffffff" PressedTextColor="ffffffff" FlybyTextColor="ffffffff" PressedFlybyTextColor="ffffffff" DisabledTextColor="ffffffff" HideInEditor="0" TooltipColor="">
                    <Event Name="ButtonSignal" Function="OnCancelLeave"/>
                </Control>
                <Pixie LAnchorPoint="0" LAnchorOffset="2" TAnchorPoint="0" TAnchorOffset="5" RAnchorPoint="0" RAnchorOffset="47" BAnchorPoint="0" BAnchorOffset="50" BGColor="ffffffff" Font="Default" TextColor="ffffffff" Text="" Sprite="sprDCPP_SolHOKkllIcon" Line="0"/>
            </Control>
        </Control>
        <Control Class="Button" LAnchorPoint="0" LAnchorOffset="146" TAnchorPoint="0" TAnchorOffset="11" RAnchorPoint="0" RAnchorOffset="174" BAnchorPoint="0" BAnchorOffset="39" RelativeToClient="1" Font="Default" Text="" Template="Default" Name="GroupBagBtn" BGColor="ffffffff" TextColor="ffffffff" Picture="1" NormalTextColor="ffffffff" PressedTextColor="ffffffff" FlybyTextColor="ffffffff" PressedFlybyTextColor="ffffffff" DisabledTextColor="ffffffff" Base="CRB_Inventory:btnGroupBag" ButtonType="PushButton" TooltipColor="" GlobalRadioGroup="GroupFrame_OptionsMenu_RadioGroup" RadioGroup="" HideInEditor="1" Visible="0">
            <Event Name="ButtonSignal" Function="OnGroupBagBtn"/>
        </Control>
        <Control Class="Button" LAnchorPoint="0" LAnchorOffset="9" TAnchorPoint="0" TAnchorOffset="9" RAnchorPoint="0" RAnchorOffset="140" BAnchorPoint="0" BAnchorOffset="38" RelativeToClient="1" Font="Default" Text="" Template="Default" Name="GroupControlsBtn" BGColor="ffffffff" TextColor="ffffffff" Picture="1" NormalTextColor="ffffffff" PressedTextColor="ffffffff" FlybyTextColor="ffffffff" PressedFlybyTextColor="ffffffff" DisabledTextColor="ffffffff" Base="CRB_Basekit:kitBtn_Holo" ButtonType="Check" TooltipColor="" GlobalRadioGroup="GroupFrame_OptionsMenu_RadioGroup" ProcessRightClick="1" HideInEditor="0" Tooltip="" NewWindowDepth="0">
            <Event Name="ButtonCheck" Function="OnGroupControlsCheck"/>
            <Pixie LAnchorPoint="1" LAnchorOffset="-24" TAnchorPoint="0.5" TAnchorOffset="-8" RAnchorPoint="1" RAnchorOffset="-6" BAnchorPoint="0.5" BAnchorOffset="9" BGColor="ffffffff" Font="Default" TextColor="ffffffff" Text="" Sprite="CRB_GroupFrame:sprGroup_Btn_OptionsNormal" Line="0"/>
        </Control>
        <Pixie LAnchorPoint="0" LAnchorOffset="0" TAnchorPoint="0" TAnchorOffset="0" RAnchorPoint="1" RAnchorOffset="0" BAnchorPoint="1" BAnchorOffset="0" BGColor="ffffffff" Font="Default" TextColor="ffffffff" Text="" Sprite="sprGroup_HoloFrame" Line="0"/>
        <Pixie LAnchorPoint="0" LAnchorOffset="160" TAnchorPoint="0" TAnchorOffset="3" RAnchorPoint="0" RAnchorOffset="200" BAnchorPoint="0" BAnchorOffset="43" BGColor="ffffffff" Font="Default" TextColor="ffffffff" Text="" Sprite="" Line="0"/>
        <Control Class="Window" LAnchorPoint="0" LAnchorOffset="21" TAnchorPoint="0" TAnchorOffset="9" RAnchorPoint="0" RAnchorOffset="140" BAnchorPoint="0" BAnchorOffset="38" RelativeToClient="1" Font="CRB_InterfaceSmall" Text="" Template="Default" TooltipType="OnCursor" Name="GroupNameOverButton" BGColor="ffffffff" TextColor="UI_TextHoloBody" TooltipColor="" Sprite="" TextId="Group_CurrentGroup" DT_VCENTER="1"/>
    </Form>
    <Form Name="GroupPortraitHud" Class="Window" Sprite="GroupFrameSprites:GroupFrameBase" Picture="0" RelativeToClient="1" BGColor="ffffffff" TextColor="ffffffff" LAnchorPoint="0" LAnchorOffset="0" TAnchorPoint="0" TAnchorOffset="0" RAnchorPoint="0" RAnchorOffset="284" BAnchorPoint="0" BAnchorOffset="39" SwallowMouseClicks="1" Overlapped="1" Text="" TooltipColor="" Tooltip="">
        <Event Name="MenuSelection_Promote" Function="OnPromote"/>
        <Event Name="MenuSelection_Kick" Function="OnKick"/>
        <Event Name="MenuSelection_ShowQuests" Function="OnShowQuests"/>
        <Control Class="Button" Base="CRB_GroupFrame:sprGroup_Btn_Holo" Font="Thick" ButtonType="PushButton" RadioGroup="" LAnchorPoint="0" LAnchorOffset="0" TAnchorPoint="0" TAnchorOffset="0" RAnchorPoint="1" RAnchorOffset="0" BAnchorPoint="0" BAnchorOffset="38" Name="GroupPortraitBtn" BGColor="ffffffff" TextColor="ffffffff" NormalTextColor="ffffffff" PressedTextColor="ffffffff" FlybyTextColor="ffffffff" PressedFlybyTextColor="ffffffff" DisabledTextColor="ffffffff" IgnoreMouse="0" RelativeToClient="1" NeverBringToFront="1" TestAlpha="0" TooltipColor="" HideInEditor="1" ProcessRightClick="1">
            <Event Name="ButtonSignal" Function="OnGroupPortraitClick"/>
        </Control>
        <Control Class="Window" LAnchorPoint="0" LAnchorOffset="3" TAnchorPoint="0" TAnchorOffset="3" RAnchorPoint="1" RAnchorOffset="-3" BAnchorPoint="0" BAnchorOffset="33" RelativeToClient="1" Font="Default" Text="" Template="Default" Name="GroupDisabledFrame" BGColor="ffffffff" TextColor="ffffffff" Sprite="CRB_GroupFrame:sprGroup_HoloInactive" Picture="1" IgnoreMouse="1" HideInEditor="1" Visible="0" TooltipColor=""/>
        <Control Class="Window" Name="Class" Sprite="ClientSprites:Icon_Windows_UI_CRB_Warrior" Picture="1" BGColor="ffffffff" TextColor="ffffffff" LAnchorPoint="0" LAnchorOffset="4" TAnchorPoint="0" TAnchorOffset="3" RAnchorPoint="0" RAnchorOffset="34" BAnchorPoint="0" BAnchorOffset="33" IgnoreMouse="1" RelativeToClient="1" NewControlDepth="1" TooltipColor=""/>
        <Control Class="Window" LAnchorPoint="0" LAnchorOffset="36" TAnchorPoint="0" TAnchorOffset="10" RAnchorPoint="0" RAnchorOffset="106" BAnchorPoint="0" BAnchorOffset="80" RelativeToClient="1" Font="Default" Text="" Template="Default" Name="PathIcon" BGColor="ffffffff" TextColor="ffffffff" Sprite="Icon_Windows_UI_CRB_Colonist_Small" Picture="1" IgnoreMouse="1" TooltipColor=""/>
        <Control Class="Window" Name="Leader" Sprite="CRB_GroupFrame:sprGroup_LeaderFrame" Picture="1" BGColor="ffffffff" TextColor="ffffffff" LAnchorPoint="0" LAnchorOffset="-16" TAnchorPoint="0" TAnchorOffset="-4" RAnchorPoint="0" RAnchorOffset="63" BAnchorPoint="0" BAnchorOffset="40" NoClip="1" NewControlDepth="5" HideInEditor="1" IgnoreMouse="1" TooltipColor="" Tooltip=""/>
        <Control Class="Window" LAnchorPoint="1" LAnchorOffset="-236" TAnchorPoint="0" TAnchorOffset="-3" RAnchorPoint="1" RAnchorOffset="0" BAnchorPoint="1" BAnchorOffset="-3" RelativeToClient="1" Font="Default" Text="" Template="Default" Name="LowHealthFlash" BGColor="ffffffff" TextColor="ffffffff" Picture="1" IgnoreMouse="1" NoClip="1" Sprite="sprGroup_HealthWarn_Composite" HideInEditor="1" TooltipColor=""/>
        <Control Class="Window" LAnchorPoint="1" LAnchorOffset="-236" TAnchorPoint="0" TAnchorOffset="-3" RAnchorPoint="1" RAnchorOffset="0" BAnchorPoint="1" BAnchorOffset="3" RelativeToClient="1" Font="Default" Text="" Template="Default" Name="DeadIndicator" BGColor="ffffffff" TextColor="ffffffff" Picture="1" IgnoreMouse="1" Sprite="CRB_GroupFrame:sprGroup_HealthWarn_Dead" Visible="0" HideInEditor="1" NoClip="1" NewWindowDepth="1" TooltipColor=""/>
        <Control Class="Window" LAnchorPoint="0" LAnchorOffset="8" TAnchorPoint="0" TAnchorOffset="-2" RAnchorPoint="0" RAnchorOffset="59" BAnchorPoint="0" BAnchorOffset="36" RelativeToClient="1" Font="Default" Text="" Template="Default" Name="Offline" BGColor="ffffffff" TextColor="ffffffff" Sprite="sprGroup_Disconnected" Picture="1" IgnoreMouse="1" NewWindowDepth="1" HideInEditor="0" Visible="0" TooltipColor="" Tooltip=""/>
        <Control Class="Window" LAnchorPoint="0" LAnchorOffset="61" TAnchorPoint="0" TAnchorOffset="3" RAnchorPoint="1" RAnchorOffset="-6" BAnchorPoint="0" BAnchorOffset="32" RelativeToClient="1" Font="Default" Text="" Template="Default" Name="GroupPortraitArrangeVert" BGColor="ffffffff" TextColor="ffffffff" NewControlDepth="1" TooltipColor="" Tooltip="">
            <Control Class="Window" Name="Name" Sprite="" BGColor="ffffffff" Font="CRB_InterfaceSmall_O" TextColor="ff7effb8" LAnchorPoint="0" LAnchorOffset="1" TAnchorPoint="0" TAnchorOffset="0" RAnchorPoint="1" RAnchorOffset="0" BAnchorPoint="0" BAnchorOffset="14" TextId="Challenges_NoProgress" Text="" IgnoreMouse="1" DT_VCENTER="1" TooltipColor="" Tooltip=""/>
            <Control Class="Window" LAnchorPoint="0" LAnchorOffset="0" TAnchorPoint="0" TAnchorOffset="14" RAnchorPoint="1" RAnchorOffset="0" BAnchorPoint="1" BAnchorOffset="0" RelativeToClient="1" Font="Default" Text="" Template="Default" Name="GroupPortraitHealthBG" BGColor="ffffffff" TextColor="ffffffff" Sprite="kitIProgBar_Inlay_Base" Picture="1" IgnoreMouse="1" TooltipColor="">
                <Control Class="Window" LAnchorPoint="0" LAnchorOffset="0" TAnchorPoint="0" TAnchorOffset="-3" RAnchorPoint="1" RAnchorOffset="-4" BAnchorPoint="1" BAnchorOffset="0" RelativeToClient="1" Font="Default" Text="" Template="Default" Name="HealthShieldsContainer" BGColor="ffffffff" TextColor="ffffffff" Sprite="" Picture="1" IgnoreMouse="1" TooltipColor="">
                    <Control Class="ProgressBar" Name="Health" Text="" SetTextToProgress="0" UseValues="0" DT_CENTER="0" DT_VCENTER="1" DT_RIGHT="1" ProgressEmpty="" ProgressFull="kitIProgBar_Hybrid_Fill" BGColor="ffffffff" TextColor="ffffffff" LAnchorPoint="0" LAnchorOffset="0" TAnchorPoint="0" TAnchorOffset="0" RAnchorPoint="0" RAnchorOffset="217" BAnchorPoint="1" BAnchorOffset="0" ProgressEdgeGlow="GroupFrameSprites:GroupPBCap" IgnoreMouse="1" Picture="0" RelativeToClient="1" NoClip="1" TooltipColor="" BarColor="" Sprite=""/>
                    <Control Class="Window" Text="" LAnchorPoint="0" LAnchorOffset="0" TAnchorPoint="0" TAnchorOffset="-2" RAnchorPoint="0" RAnchorOffset="217" BAnchorPoint="1" BAnchorOffset="2" AutoSetText="0" RelativeToClient="1" ProgressEmpty="" ProgressFull="CRB_ResourceBarSprites:sprRB_ShieldFrame" Name="MaxAbsorbBar" BGColor="ffffffff" TextColor="ffffffff" IgnoreMouse="1" Visible="0" NewControlDepth="2" LeftEdgeControlsAnchor="" TopEdgeControlsAnchor="" RightEdgeControlsAnchor="" BottomEdgeControlsAnchor="" Picture="1" Sprite="CRB_ResourceBarSprites:sprRB_AbsorbFrame_GroupBase" TooltipColor="" HideInEditor="1" NoClip="1">
                        <Control Class="ProgressBar" LAnchorPoint="0" LAnchorOffset="13" TAnchorPoint="0" TAnchorOffset="5" RAnchorPoint="1" RAnchorOffset="-13" BAnchorPoint="1" BAnchorOffset="-4" RelativeToClient="1" Font="Default" Text="" Template="Default" TooltipType="OnCursor" Name="CurrAbsorbBar" BGColor="ffffffff" TextColor="ffffffff" IgnoreMouse="1" Visible="1" ProgressFull="sprRB_AbsorbFrame_GroupBar" ProgressEdgeGlow="CRB_Basekit:kitIProgBar_Simple_Cap" EdgeGlow="1" NoClipEdgeGlow="1" NoClip="1" TooltipColor="" BarColor=""/>
                    </Control>
                    <Control Class="Window" Name="MaxShields" Text="" SetTextToProgress="0" UseValues="0" DT_CENTER="0" DT_VCENTER="1" DT_RIGHT="1" ProgressEmpty="" ProgressFull="CRB_Basekit:kitIProgBar_Holo_Base" BGColor="ffffffff" TextColor="ffffffff" LAnchorPoint="0" LAnchorOffset="0" TAnchorPoint="0" TAnchorOffset="-2" RAnchorPoint="0" RAnchorOffset="217" BAnchorPoint="1" BAnchorOffset="2" ProgressEdgeGlow="GroupFrameSprites:GroupPBCap" IgnoreMouse="1" Picture="1" Visible="0" NoClip="1" RelativeToClient="1" Sprite="CRB_ResourceBarSprites:sprRB_AbsorbFrame_GroupBase" TooltipColor="" BarColor="" NewControlDepth="1" HideInEditor="1">
                        <Control Class="ProgressBar" Name="Shields" Text="" SetTextToProgress="0" UseValues="0" ProgressEmpty="" ProgressFull="CRB_Basekit:kitIProgBar_Simple_Fill" BGColor="ffffffff" TextColor="ffffffff" LAnchorPoint="0" LAnchorOffset="13" TAnchorPoint="0" TAnchorOffset="5" RAnchorPoint="1" RAnchorOffset="-12" BAnchorPoint="1" BAnchorOffset="-4" ProgressEdgeGlow="CRB_Basekit:kitIProgBar_Simple_Cap" IgnoreMouse="1" Picture="1" NoClip="1" RelativeToClient="1" Sprite="" TooltipColor="" BarColor="" EdgeGlow="1" NoClipEdgeGlow="1"/>
                    </Control>
                </Control>
            </Control>
        </Control>
        <Control Class="Window" Name="Mark" Sprite="Icon_Windows_UI_CRB_Marker_Bomb" Picture="1" BGColor="ffffffff" TextColor="ffffffff" LAnchorPoint="1" LAnchorOffset="3" TAnchorPoint="0" TAnchorOffset="3" RAnchorPoint="1" RAnchorOffset="33" BAnchorPoint="0" BAnchorOffset="33" IgnoreMouse="1" RelativeToClient="1" NewControlDepth="1" TooltipColor="" Visible="1" HideInEditor="0" NoClip="1"/>
    </Form>
    <Form Class="Window" Name="GroupInviteDialog" LAnchorPoint="0" LAnchorOffset="0" TAnchorPoint=".5" TAnchorOffset="-266" RAnchorPoint="0" RAnchorOffset="292" BAnchorPoint=".5" BAnchorOffset="31" Border="0" Template="" Picture="0" Visible="0" BGColor="ffffffff" TextColor="ffffffff" SwallowMouseClicks="1" Overlapped="1" UseTemplateBG="0" Moveable="1" TooltipColor="" Tooltip="">
        <Control Class="Window" Name="TimerLabel" LAnchorPoint="1" LAnchorOffset="-59" TAnchorPoint="1" TAnchorOffset="-85" RAnchorPoint="1" RAnchorOffset="-32" BAnchorPoint="1" BAnchorOffset="-52" DT_CENTER="1" DT_VCENTER="1" RelativeToClient="1" TextColor="ffc0c0c0" BGColor="ffffffff" TextId="" Font="CRB_InterfaceLarge_B" DT_RIGHT="0" Text="44" TooltipColor="" Visible="0" HideInEditor="1" Tooltip=""/>
        <Control Class="Window" LAnchorPoint="0" LAnchorOffset="25" TAnchorPoint="0" TAnchorOffset="52" RAnchorPoint="1" RAnchorOffset="-25" BAnchorPoint="0" BAnchorOffset="196" RelativeToClient="1" Font="Default" Text="" Template="Default" Name="InviteMemberList" BGColor="ffffffff" TextColor="ffffffff" Picture="0" IgnoreMouse="1" Sprite="WhiteFill" NewControlDepth="3" TooltipColor=""/>
        <Control Class="Button" Base="CRB_Basekit:kitBtn_Metal_MediumGreen" Font="CRB_InterfaceMedium_B" ButtonType="PushButton" RadioGroup="" LAnchorPoint="0" LAnchorOffset="30" TAnchorPoint="1" TAnchorOffset="-55" RAnchorPoint="0.5" RAnchorOffset="0" BAnchorPoint="1" BAnchorOffset="-19" DT_VCENTER="1" DT_CENTER="1" TooltipType="OnCursor" Name="YesBtn" BGColor="ffffffff" TextColor="ffffffff" TooltipColor="" NormalTextColor="ffffffff" PressedTextColor="ffffffff" FlybyTextColor="ffffffff" PressedFlybyTextColor="ffffffff" DisabledTextColor="ffffffff" Template="Default" Text="" TextId="Yes" RelativeToClient="1" TestAlpha="1">
            <Event Name="ButtonSignal" Function="OnGroupInviteDialogAccept"/>
        </Control>
        <Control Class="Button" Base="CRB_Basekit:kitBtn_Metal_MediumRed" Font="CRB_InterfaceMedium_B" ButtonType="PushButton" RadioGroup="" LAnchorPoint="0.5" LAnchorOffset="0" TAnchorPoint="1" TAnchorOffset="-55" RAnchorPoint="1" RAnchorOffset="-30" BAnchorPoint="1" BAnchorOffset="-19" DT_VCENTER="1" DT_CENTER="1" TooltipType="OnCursor" Name="NoBtn" BGColor="ffffffff" TextColor="ffffffff" TooltipColor="" NormalTextColor="ffffffff" PressedTextColor="ffffffff" FlybyTextColor="ffffffff" PressedFlybyTextColor="ffffffff" DisabledTextColor="ffffffff" Template="Default" Text="" TextId="No" RelativeToClient="1" TestAlpha="1">
            <Event Name="ButtonSignal" Function="OnGroupInviteDialogDecline"/>
        </Control>
        <Control Class="Button" Base="CRB_Basekit:kitBtn_Close" Font="Thick" ButtonType="PushButton" RadioGroup="" LAnchorPoint="0" LAnchorOffset="255" TAnchorPoint="0" TAnchorOffset="10" RAnchorPoint="0" RAnchorOffset="282" BAnchorPoint="0" BAnchorOffset="39" DT_VCENTER="1" DT_CENTER="1" TooltipType="OnCursor" Name="CloseBtn" BGColor="ffffffff" TextColor="ffffffff" TooltipColor="" NormalTextColor="ffffffff" PressedTextColor="ffffffff" FlybyTextColor="ffffffff" PressedFlybyTextColor="ffffffff" DisabledTextColor="ffffffff">
            <Event Name="ButtonSignal" Function="OnGroupInviteDialogDecline"/>
        </Control>
        <Control Class="Window" LAnchorPoint="0" LAnchorOffset="0" TAnchorPoint="1" TAnchorOffset="-75" RAnchorPoint="1" RAnchorOffset="0" BAnchorPoint="1" BAnchorOffset="-55" RelativeToClient="1" Font="CRB_InterfaceMedium" Text="" Template="Default" Name="Timer" BGColor="ffffffff" TextColor="ff927d5a" TextId="CRB_Do_you_want_to_join" DT_VCENTER="1" DT_CENTER="1" TooltipColor=""/>
        <Pixie LAnchorPoint="0" LAnchorOffset="20" TAnchorPoint="0" TAnchorOffset="20" RAnchorPoint="1" RAnchorOffset="-20" BAnchorPoint="0" BAnchorOffset="56" BGColor="ffffffff" Font="Default" TextColor="ffffffff" Text="" Sprite="CRB_Basekit:kitHeader_MetalGrey_TitlePlain" Line="0"/>
        <Pixie LAnchorPoint="0" LAnchorOffset="0" TAnchorPoint="0" TAnchorOffset="20" RAnchorPoint="1" RAnchorOffset="0" BAnchorPoint="0" BAnchorOffset="50" BGColor="ffffffff" Font="CRB_InterfaceMedium_B" TextColor="ff5f6662" TextId="CRB_You_have_been_invited_to_a_group" DT_CENTER="1" DT_VCENTER="1" Line="0"/>
        <Pixie LAnchorPoint="0" LAnchorOffset="20" TAnchorPoint="0" TAnchorOffset="198" RAnchorPoint="1" RAnchorOffset="-20" BAnchorPoint="1" BAnchorOffset="-13" BGColor="ffffffff" Font="Default" TextColor="ffffffff" Text="" Sprite="CRB_Basekit:kitBase_MetalGold_Small" Line="0"/>
        <Pixie LAnchorPoint="0" LAnchorOffset="0" TAnchorPoint="1" TAnchorOffset="-93" RAnchorPoint="1" RAnchorOffset="0" BAnchorPoint="1" BAnchorOffset="-73" BGColor="ffffffff" Font="CRB_InterfaceMedium_B" TextColor="ff9a8460" Text="" TextId="CRB_Do_you_want_to_join" DT_CENTER="1" DT_VCENTER="1" Line="0"/>
        <Pixie LAnchorPoint="0" LAnchorOffset="16" TAnchorPoint="0" TAnchorOffset="41" RAnchorPoint="1" RAnchorOffset="-16" BAnchorPoint="0" BAnchorOffset="207" BGColor="ffffffff" Font="Default" TextColor="ffffffff" Text="" Sprite="CRB_Basekit:kitBase_HoloTeal_Border" Line="0"/>
        <Pixie LAnchorPoint="0" LAnchorOffset="0" TAnchorPoint="0" TAnchorOffset="0" RAnchorPoint="1" RAnchorOffset="0" BAnchorPoint="1" BAnchorOffset="0" BGColor="ffffffff" Font="Default" TextColor="ffffffff" Text="" Sprite="CRB_Basekit:kitOuterFrame_MetalGold_Small1" Line="0"/>
    </Form>
    <Form Class="Window" LAnchorPoint="0" LAnchorOffset="0" TAnchorPoint="0" TAnchorOffset="1" RAnchorPoint="0" RAnchorOffset="242" BAnchorPoint="0" BAnchorOffset="37" RelativeToClient="1" Font="Default" Text="" Template="" Name="GroupInviteMember" Border="0" Picture="0" SwallowMouseClicks="1" Moveable="0" Escapable="0" Overlapped="1" BGColor="ffffffff" TextColor="ffffffff" Sprite="CRB_UIKitSprites:btn_listBGNormal" TextId="" TooltipColor="">
        <Control Class="Window" LAnchorPoint="0" LAnchorOffset="59" TAnchorPoint="0" TAnchorOffset="2" RAnchorPoint="1" RAnchorOffset="-21" BAnchorPoint="0" BAnchorOffset="32" RelativeToClient="1" Font="CRB_InterfaceMedium_B" Text="" Template="Default" Name="InviteMemberName" BGColor="ffffffff" TextColor="ff31fcf6" TextId="" DT_VCENTER="1" TooltipColor=""/>
        <Control Class="Window" LAnchorPoint="0" LAnchorOffset="6" TAnchorPoint="0" TAnchorOffset="6" RAnchorPoint="0" RAnchorOffset="30" BAnchorPoint="1" BAnchorOffset="-6" RelativeToClient="1" Font="Default" Text="" Template="" Name="InviteMemberClass" BGColor="ffffffff" TextColor="ffffffff" Picture="1" IgnoreMouse="1" Sprite="" Border="0" UseTemplateBG="0" TooltipColor="" NewControlDepth="1" Tooltip=""/>
        <Control Class="Window" LAnchorPoint="0" LAnchorOffset="31" TAnchorPoint="0" TAnchorOffset="6" RAnchorPoint="0" RAnchorOffset="56" BAnchorPoint="1" BAnchorOffset="-5" RelativeToClient="1" Font="Default" Text="" Template="Default" Name="InviteMemberPathFrame" BGColor="ffffffff" TextColor="ffffffff" Picture="0" IgnoreMouse="1" Sprite="CRB_GroupSprites:btnGrp_PlayerOptionsBlueDisabled" TooltipColor="">
            <Control Class="Window" LAnchorPoint="0" LAnchorOffset="7" TAnchorPoint="0" TAnchorOffset="3" RAnchorPoint="1" RAnchorOffset="0" BAnchorPoint="1" BAnchorOffset="-4" RelativeToClient="1" Font="Default" Text="" Template="Default" Name="InviteMemberPathIcon" BGColor="ffffffff" TextColor="ffffffff" Picture="1" IgnoreMouse="1" Sprite="ClientSprites:Icon_Windows_UI_CRB_Explorer" TooltipColor=""/>
        </Control>
        <Control Class="Window" LAnchorPoint="1" LAnchorOffset="-32" TAnchorPoint="0" TAnchorOffset="2" RAnchorPoint="1" RAnchorOffset="-4" BAnchorPoint="0" BAnchorOffset="32" RelativeToClient="1" Font="CRB_InterfaceLarge_B" Text="44" Template="Default" Name="InviteMemberLevel" BGColor="ffffffff" TextColor="UI_TextHoloBody" TextId="" DT_VCENTER="1" DT_RIGHT="0" DT_CENTER="1" TooltipColor=""/>
        <Pixie LAnchorPoint="0" LAnchorOffset="-1" TAnchorPoint="0" TAnchorOffset="0" RAnchorPoint="1" RAnchorOffset="1" BAnchorPoint="1" BAnchorOffset="1" BGColor="ffffffff" Font="Default" TextColor="ffffffff" Text="" Sprite="CRB_GroupFrame:sprGroup_Btn_HoloNormal" Line="0"/>
    </Form>
    <Form Class="Window" LAnchorPoint="0" LAnchorOffset="0" TAnchorPoint="0" TAnchorOffset="0" RAnchorPoint="0" RAnchorOffset="242" BAnchorPoint="0" BAnchorOffset="36" RelativeToClient="1" Font="Default" Text="" Template="" Name="GroupInviteBlank" Border="0" Picture="0" SwallowMouseClicks="1" Moveable="0" Escapable="0" Overlapped="1" BGColor="ff888888" TextColor="ffffffff" Sprite="CRB_UIKitSprites:btn_listBGNormal" TooltipColor="" Tooltip="">
        <Pixie LAnchorPoint="0" LAnchorOffset="2" TAnchorPoint="0" TAnchorOffset="3" RAnchorPoint="1" RAnchorOffset="-2" BAnchorPoint="1" BAnchorOffset="-3" BGColor="ffffffff" Font="Default" TextColor="ffffffff" Text="" Sprite="CRB_Basekit:kitBtn_List_HoloNormal" Line="0"/>
    </Form>
    <Form Class="Window" LAnchorPoint="0" LAnchorOffset="0" TAnchorPoint="0" TAnchorOffset="1" RAnchorPoint="0" RAnchorOffset="242" BAnchorPoint="0" BAnchorOffset="37" RelativeToClient="1" Font="Default" Text="" Template="" Name="GroupInviteLeader" Border="0" Picture="0" SwallowMouseClicks="1" Moveable="0" Escapable="0" Overlapped="1" BGColor="ffffff00" TextColor="ffffffff" Sprite="CRB_UIKitSprites:btn_listBGNormal" TooltipColor="">
        <Control Class="Window" LAnchorPoint="0" LAnchorOffset="59" TAnchorPoint="0" TAnchorOffset="1" RAnchorPoint="1" RAnchorOffset="-20" BAnchorPoint="0" BAnchorOffset="21" RelativeToClient="1" Font="CRB_InterfaceMedium_B" Text="" Template="Default" Name="InviteMemberName" BGColor="ffffffff" TextColor="ff31fcf6" TextId="CRB_Name_Your_Property" DT_VCENTER="1" TooltipColor=""/>
        <Control Class="Window" LAnchorPoint="0" LAnchorOffset="6" TAnchorPoint="0" TAnchorOffset="6" RAnchorPoint="0" RAnchorOffset="30" BAnchorPoint="1" BAnchorOffset="-6" RelativeToClient="1" Font="Default" Text="" Template="" Name="InviteMemberClass" BGColor="ffffffff" TextColor="ffffffff" Picture="1" IgnoreMouse="1" Sprite="" Border="0" UseTemplateBG="0" TooltipColor="" NewControlDepth="1"/>
        <Control Class="Window" LAnchorPoint="0" LAnchorOffset="31" TAnchorPoint="0" TAnchorOffset="6" RAnchorPoint="0" RAnchorOffset="56" BAnchorPoint="1" BAnchorOffset="-5" RelativeToClient="1" Font="Default" Text="" Template="Default" Name="InviteMemberPathFrame" BGColor="ffffff00" TextColor="ffffff00" Picture="0" IgnoreMouse="1" Sprite="CRB_GroupSprites:btnGrp_PlayerOptionsBlueDisabled" TooltipColor="">
            <Control Class="Window" LAnchorPoint="0" LAnchorOffset="7" TAnchorPoint="0" TAnchorOffset="3" RAnchorPoint="1" RAnchorOffset="0" BAnchorPoint="1" BAnchorOffset="-4" RelativeToClient="1" Font="Default" Text="" Template="Default" Name="InviteMemberPathIcon" BGColor="ffffffff" TextColor="ffffffff" Picture="1" IgnoreMouse="1" Sprite="" TooltipColor=""/>
        </Control>
        <Control Class="Window" LAnchorPoint="1" LAnchorOffset="-29" TAnchorPoint="0" TAnchorOffset="2" RAnchorPoint="1" RAnchorOffset="-4" BAnchorPoint="0" BAnchorOffset="33" RelativeToClient="1" Font="CRB_InterfaceLarge_B" Text="44" Template="Default" Name="InviteMemberLevel" BGColor="ffffffff" TextColor="ffffff80" TextId="" DT_VCENTER="1" DT_RIGHT="0" DT_CENTER="1" TooltipColor="" IgnoreMouse="1" NewWindowDepth="0"/>
        <Pixie LAnchorPoint="0" LAnchorOffset="-1" TAnchorPoint="0" TAnchorOffset="0" RAnchorPoint="1" RAnchorOffset="1" BAnchorPoint="1" BAnchorOffset="0" BGColor="ffffffff" Font="Default" TextColor="ffffffff" Text="" Sprite="CRB_GroupFrame:sprGroup_Btn_HoloFlyby" Line="0"/>
        <Pixie LAnchorPoint="1" LAnchorOffset="-33" TAnchorPoint="0" TAnchorOffset="3" RAnchorPoint="1" RAnchorOffset="-1" BAnchorPoint="1" BAnchorOffset="-3" BGColor="4fffffff" Font="Default" TextColor="ffffffff" Text="" Sprite="ClientSprites:CashIcon_Crown" Line="0"/>
        <Pixie LAnchorPoint="0" LAnchorOffset="59" TAnchorPoint="0" TAnchorOffset="18" RAnchorPoint="1" RAnchorOffset="-20" BAnchorPoint="0" BAnchorOffset="32" BGColor="ffffffff" Font="CRB_InterfaceSmall" TextColor="UI_TextHoloBody" Text="" TextId="CRB_Group_Leader" DT_VCENTER="0" Line="0"/>
    </Form>
    <Form Class="Window" Name="GroupMentorDialog" LAnchorPoint="0" LAnchorOffset="290" TAnchorPoint="0" TAnchorOffset="140" RAnchorPoint="0" RAnchorOffset="582" BAnchorPoint="0" BAnchorOffset="518" Border="0" Template="" Picture="0" Visible="0" BGColor="ffffffff" TextColor="ffffffff" SwallowMouseClicks="1" Overlapped="1" UseTemplateBG="0" Moveable="1" TooltipColor="" Tooltip="">
        <Control Class="Window" LAnchorPoint="0" LAnchorOffset="25" TAnchorPoint="0" TAnchorOffset="32" RAnchorPoint="1" RAnchorOffset="-25" BAnchorPoint="0" BAnchorOffset="176" RelativeToClient="1" Font="Default" Text="" Template="Default" Name="MentorMemberList" BGColor="ffffffff" TextColor="ffffffff" Picture="0" IgnoreMouse="1" Sprite="WhiteFill" NewControlDepth="3" TooltipColor=""/>
        <Control Class="Button" Base="CRB_Basekit:kitBtn_Metal_LargeBlue" Font="CRB_InterfaceMedium" ButtonType="PushButton" RadioGroup="" LAnchorPoint="0" LAnchorOffset="30" TAnchorPoint="1" TAnchorOffset="-151" RAnchorPoint="1" RAnchorOffset="-30" BAnchorPoint="1" BAnchorOffset="-103" DT_VCENTER="1" DT_CENTER="1" TooltipType="OnCursor" Name="MentorPlayerBtn" BGColor="ffffffff" TextColor="ffffffff" TooltipColor="" NormalTextColor="ff00ffff" PressedTextColor="ffffffff" FlybyTextColor="ffffffff" PressedFlybyTextColor="ffffffff" DisabledTextColor="ff808080" Template="Default" Text="" TextId="Group_MentorPlayer" RelativeToClient="1" TestAlpha="1">
            <Event Name="ButtonSignal" Function="OnMentorPlayerBtn"/>
        </Control>
        <Control Class="Button" Base="CRB_Basekit:kitBtn_Metal" Font="CRB_InterfaceMedium" ButtonType="PushButton" RadioGroup="" LAnchorPoint="0" LAnchorOffset="40" TAnchorPoint="1" TAnchorOffset="-98" RAnchorPoint="1" RAnchorOffset="-40" BAnchorPoint="1" BAnchorOffset="-63" DT_VCENTER="1" DT_CENTER="1" TooltipType="OnCursor" Name="CancelMentoringBtn" BGColor="ffffffff" TextColor="ffffffff" TooltipColor="" NormalTextColor="ff00ffff" PressedTextColor="ffffffff" FlybyTextColor="ffffffff" PressedFlybyTextColor="ffffffff" DisabledTextColor="ff808080" Template="Default" Text="" TextId="Group_CancelMentor" RelativeToClient="1" TestAlpha="1">
            <Event Name="ButtonSignal" Function="OnCancelMentoringBtn"/>
        </Control>
        <Control Class="Button" Base="CRB_Basekit:kitBtn_Close" Font="Thick" ButtonType="PushButton" RadioGroup="" LAnchorPoint="0" LAnchorOffset="255" TAnchorPoint="0" TAnchorOffset="10" RAnchorPoint="0" RAnchorOffset="282" BAnchorPoint="0" BAnchorOffset="39" DT_VCENTER="1" DT_CENTER="1" TooltipType="OnCursor" Name="CloseBtn" BGColor="ffffffff" TextColor="ffffffff" TooltipColor="" NormalTextColor="ffffffff" PressedTextColor="ffffffff" FlybyTextColor="ffffffff" PressedFlybyTextColor="ffffffff" DisabledTextColor="ffffffff">
            <Event Name="ButtonSignal" Function="OnMentorCloseBtn"/>
        </Control>
        <Control Class="Window" LAnchorPoint="0" LAnchorOffset="0" TAnchorPoint="0" TAnchorOffset="202" RAnchorPoint="1" RAnchorOffset="0" BAnchorPoint="0" BAnchorOffset="222" RelativeToClient="1" Font="CRB_InterfaceMedium" Text="timer" Template="Default" Name="Timer" BGColor="ffffffff" TextColor="ff626262" TextId="" DT_VCENTER="1" DT_CENTER="1" TooltipColor=""/>
        <Pixie LAnchorPoint="0" LAnchorOffset="20" TAnchorPoint="0" TAnchorOffset="20" RAnchorPoint="1" RAnchorOffset="-20" BAnchorPoint="0" BAnchorOffset="56" BGColor="ffffffff" Font="Default" TextColor="ffffffff" Text="" Sprite="CRB_Basekit:kitHeader_MetalGrey_TitlePlain" Line="0"/>
        <Pixie LAnchorPoint="0" LAnchorOffset="17" TAnchorPoint="0" TAnchorOffset="16" RAnchorPoint="1" RAnchorOffset="-17" BAnchorPoint="1" BAnchorOffset="-51" BGColor="ffffffff" Font="Default" TextColor="ffffffff" Text="" Sprite="CRB_Basekit:kitBase_MetalGrey_ListSmall" Line="0"/>
        <Pixie LAnchorPoint="0" LAnchorOffset="16" TAnchorPoint="0" TAnchorOffset="21" RAnchorPoint="1" RAnchorOffset="-16" BAnchorPoint="0" BAnchorOffset="187" BGColor="ffffffff" Font="Default" TextColor="ffffffff" Text="" Sprite="CRB_Basekit:kitBase_HoloTeal_Border" Line="0"/>
        <Pixie LAnchorPoint="0" LAnchorOffset="0" TAnchorPoint="0" TAnchorOffset="0" RAnchorPoint="1" RAnchorOffset="0" BAnchorPoint="1" BAnchorOffset="-29" BGColor="ffffffff" Font="Default" TextColor="ffffffff" Text="" Sprite="CRB_Basekit:kitOuterFrame_MetalGold_Small1" Line="0"/>
        <Pixie LAnchorPoint="0" LAnchorOffset="0" TAnchorPoint="0" TAnchorOffset="185" RAnchorPoint="1" RAnchorOffset="0" BAnchorPoint="0" BAnchorOffset="205" BGColor="ffffffff" Font="CRB_InterfaceMedium_B" TextColor="ff808080" Text="" TextId="Group_MentorConfirmMessage" DT_CENTER="1" DT_VCENTER="1" Line="0"/>
    </Form>
    <Form Class="Window" LAnchorPoint="0" LAnchorOffset="0" TAnchorPoint="0" TAnchorOffset="1" RAnchorPoint="0" RAnchorOffset="242" BAnchorPoint="0" BAnchorOffset="37" RelativeToClient="1" Font="Default" Text="" Template="" Name="GroupMentorItem" Border="0" Picture="0" SwallowMouseClicks="1" Moveable="0" Escapable="0" Overlapped="1" BGColor="ffffffff" TextColor="ffffffff" Sprite="CRB_UIKitSprites:btn_listBGNormal" TextId="" TooltipColor="" Tooltip="">
        <Control Class="Button" Base="CRB_GroupFrame:sprGroup_Btn_Holo" Font="Thick" ButtonType="Check" RadioGroup="" LAnchorPoint="0" LAnchorOffset="1" TAnchorPoint="0" TAnchorOffset="0" RAnchorPoint="1" RAnchorOffset="-1" BAnchorPoint="1" BAnchorOffset="-1" DT_VCENTER="1" DT_CENTER="1" TooltipType="OnCursor" Name="MentorMemberBtn" BGColor="ffffffff" TextColor="ffffffff" TooltipColor="" NormalTextColor="ffffffff" PressedTextColor="ffffffff" FlybyTextColor="ffffffff" PressedFlybyTextColor="ffffffff" DisabledTextColor="ffffffff" RadioDisallowNonSelection="1" GlobalRadioGroup="Group_MentorPlayers" NeverBringToFront="1">
            <Event Name="ButtonCheck" Function="OnToggleMentorItem"/>
        </Control>
        <Control Class="Window" LAnchorPoint="0" LAnchorOffset="59" TAnchorPoint="0" TAnchorOffset="2" RAnchorPoint="1" RAnchorOffset="-21" BAnchorPoint="0" BAnchorOffset="32" RelativeToClient="1" Font="CRB_InterfaceMedium_B" Text="" Template="Default" Name="MentorMemberName" BGColor="ffffffff" TextColor="ff31fcf6" TextId="" DT_VCENTER="1" TooltipColor="" NewControlDepth="5" IgnoreMouse="1" NewWindowDepth="1"/>
        <Control Class="Window" LAnchorPoint="0" LAnchorOffset="6" TAnchorPoint="0" TAnchorOffset="6" RAnchorPoint="0" RAnchorOffset="30" BAnchorPoint="1" BAnchorOffset="-6" RelativeToClient="1" Font="Default" Text="" Template="" Name="MentorMemberClass" BGColor="ffffffff" TextColor="ffffffff" Picture="1" IgnoreMouse="1" Sprite="" Border="0" UseTemplateBG="0" TooltipColor="" NewControlDepth="5" NewWindowDepth="1"/>
        <Control Class="Window" LAnchorPoint="0" LAnchorOffset="31" TAnchorPoint="0" TAnchorOffset="6" RAnchorPoint="0" RAnchorOffset="56" BAnchorPoint="1" BAnchorOffset="-5" RelativeToClient="1" Font="Default" Text="" Template="Default" Name="MentorMemberPathFrame" BGColor="ffffffff" TextColor="ffffffff" Picture="0" IgnoreMouse="1" Sprite="CRB_GroupSprites:btnGrp_PlayerOptionsBlueDisabled" NewControlDepth="5" TooltipColor="">
            <Control Class="Window" LAnchorPoint="0" LAnchorOffset="7" TAnchorPoint="0" TAnchorOffset="3" RAnchorPoint="1" RAnchorOffset="0" BAnchorPoint="1" BAnchorOffset="-4" RelativeToClient="1" Font="Default" Text="" Template="Default" Name="MentorMemberPathIcon" BGColor="ffffffff" TextColor="ffffffff" Picture="1" IgnoreMouse="1" Sprite="ClientSprites:Icon_Windows_UI_CRB_Explorer" TooltipColor="" NewWindowDepth="1"/>
        </Control>
        <Control Class="Window" LAnchorPoint="1" LAnchorOffset="-32" TAnchorPoint="0" TAnchorOffset="2" RAnchorPoint="1" RAnchorOffset="-4" BAnchorPoint="0" BAnchorOffset="32" RelativeToClient="1" Font="CRB_InterfaceLarge_B" Text="44" Template="Default" Name="MentorMemberLevel" BGColor="ffffffff" TextColor="UI_TextHoloBody" TextId="" DT_VCENTER="1" DT_RIGHT="0" DT_CENTER="1" TooltipColor="" NewControlDepth="5"/>
    </Form>
    <Form Class="Window" Name="GroupMentorLeftAoIDialog" LAnchorPoint="0" LAnchorOffset="4" TAnchorPoint="0" TAnchorOffset="330" RAnchorPoint="0" RAnchorOffset="339" BAnchorPoint="0" BAnchorOffset="497" Border="0" Template="" Picture="0" Visible="0" BGColor="ffffffff" TextColor="ffffffff" SwallowMouseClicks="1" Overlapped="1" UseTemplateBG="0" Moveable="1" TooltipColor="" Tooltip="">
        <Control Class="Window" LAnchorPoint="0" LAnchorOffset="0" TAnchorPoint="0" TAnchorOffset="77" RAnchorPoint="1" RAnchorOffset="0" BAnchorPoint="0" BAnchorOffset="110" RelativeToClient="1" Font="CRB_InterfaceMedium" Text="timer" Template="Default" Name="Timer" BGColor="ffffffff" TextColor="ff626262" TextId="" DT_VCENTER="1" DT_CENTER="1" TooltipColor=""/>
        <Control Class="Button" Base="CRB_Basekit:kitBtn_Close" Font="Thick" ButtonType="PushButton" RadioGroup="" LAnchorPoint="0" LAnchorOffset="299" TAnchorPoint="0" TAnchorOffset="8" RAnchorPoint="0" RAnchorOffset="331" BAnchorPoint="0" BAnchorOffset="40" DT_VCENTER="1" DT_CENTER="1" TooltipType="OnCursor" Name="MentoringAOICloseBtn" BGColor="ffffffff" TextColor="ffffffff" TooltipColor="" NormalTextColor="ffffffff" PressedTextColor="ffffffff" FlybyTextColor="ffffffff" PressedFlybyTextColor="ffffffff" DisabledTextColor="ffffffff">
            <Event Name="ButtonSignal" Function="OnMentorAOICloseBtn"/>
        </Control>
        <Pixie LAnchorPoint="0" LAnchorOffset="17" TAnchorPoint="0" TAnchorOffset="16" RAnchorPoint="1" RAnchorOffset="-17" BAnchorPoint="1" BAnchorOffset="-51" BGColor="ffffffff" Font="Default" TextColor="ffffffff" Text="" Sprite="CRB_Basekit:kitBase_MetalGrey_ListSmall" Line="0"/>
        <Pixie LAnchorPoint="0" LAnchorOffset="0" TAnchorPoint="0" TAnchorOffset="0" RAnchorPoint="1" RAnchorOffset="0" BAnchorPoint="1" BAnchorOffset="-29" BGColor="ffffffff" Font="Default" TextColor="ffffffff" Text="" Sprite="CRB_Basekit:kitOuterFrame_MetalGold_Small1" Line="0"/>
        <Pixie LAnchorPoint="0" LAnchorOffset="20" TAnchorPoint="0" TAnchorOffset="28" RAnchorPoint="1" RAnchorOffset="-17" BAnchorPoint="0" BAnchorOffset="90" BGColor="ffffffff" Font="CRB_InterfaceLarge_B" TextColor="ff808080" Text="" TextId="Group_MentorLeash" DT_CENTER="1" DT_VCENTER="1" DT_WORDBREAK="1" Line="0"/>
    </Form>
    <Form Name="GroupRequestDialog" Class="Window" LAnchorPoint="0.5" LAnchorOffset="-165" TAnchorPoint="0.5" TAnchorOffset="-224" RAnchorPoint="0.5" RAnchorOffset="165" BAnchorPoint="0.5" BAnchorOffset="-97" Template="CRB_NormalFramedThin" Moveable="0" Border="0" Sprite="CRB_Basekit:kitBase_Hybrid_Message" Picture="0" BGOpacity=".5" BGColor="ffffffff" TextColor="ffffffff" Escapable="0" Overlapped="1" SwallowMouseClicks="1" LeftEdgeControlsAnchor="" AutoFade="0" AutoFadeNC="0" AutoFadeBG="0" UseTemplateBG="0" TooltipColor="" Tooltip="">
        <Control Class="Button" Name="YesButton" LAnchorPoint=".5" LAnchorOffset="-118" TAnchorPoint="0" TAnchorOffset="56" RAnchorPoint=".5" RAnchorOffset="-4" BAnchorPoint="0" BAnchorOffset="96" RelativeToClient="1" Font="CRB_InterfaceMedium" Template="CRB_Hologram" BGColor="ffffffff" TextColor="ffffffff" DT_CENTER="1" DT_VCENTER="1" Base="CRB_Basekit:kitBtn_Holo" DrawAsCheckbox="0" CheckboxRight="0" NewControlDepth="2" TextId="CRB_Accept" NormalTextColor="UI_TextHoloBody" PressedTextColor="ffffffff" FlybyTextColor="ff31fcf6" PressedFlybyTextColor="ffffffff" DisabledTextColor="ff804040" UseTemplateBG="0" Text="" Tooltip="" TooltipColor="">
            <Event Name="ButtonSignal" Function="OnAcceptRequest"/>
        </Control>
        <Control Class="Button" Name="NoButton" LAnchorPoint=".5" LAnchorOffset="1" TAnchorPoint="0" TAnchorOffset="56" RAnchorPoint=".5" RAnchorOffset="115" BAnchorPoint="0" BAnchorOffset="96" RelativeToClient="1" Font="CRB_InterfaceMedium" Template="CRB_Hologram" BGColor="ffffffff" TextColor="ffffffff" DT_CENTER="1" DT_VCENTER="1" TestAlpha="0" NoClip="0" Base="CRB_Basekit:kitBtn_Holo" NewControlDepth="2" TextId="CRB_Deny" NormalTextColor="UI_TextHoloBody" PressedTextColor="ffffffff" FlybyTextColor="ff31fcf6" PressedFlybyTextColor="ffffffff" DisabledTextColor="ff804040" UseTemplateBG="0" Tooltip="" Text="" TooltipColor="">
            <Event Name="ButtonSignal" Function="OnDenyRequest"/>
        </Control>
        <Control Class="Button" Base="CRB_Basekit:kitBtn_Close" Font="CRB_InterfaceMedium" ButtonType="PushButton" RadioGroup="" LAnchorPoint="1" LAnchorOffset="-30" TAnchorPoint="0" TAnchorOffset="12" RAnchorPoint="1" RAnchorOffset="-6" BAnchorPoint="0" BAnchorOffset="37" DT_VCENTER="1" DT_CENTER="1" Name="CloseButton" BGColor="ffffffff" TextColor="ffffffff" Template="" NoClip="1" NewControlDepth="2" NormalTextColor="ffffffff" PressedTextColor="ffffffff" FlybyTextColor="ffffffff" PressedFlybyTextColor="ffffffff" DisabledTextColor="ffffffff" TooltipColor="">
            <Event Name="ButtonSignal" Function="OnDenyRequest"/>
        </Control>
        <Control Class="Window" LAnchorPoint="0" LAnchorOffset="20" TAnchorPoint="0" TAnchorOffset="13" RAnchorPoint="1" RAnchorOffset="-20" BAnchorPoint="0" BAnchorOffset="57" RelativeToClient="1" Font="CRB_InterfaceMedium" Sprite="" Template="" Name="Title" BGColor="ffffffff" TextColor="ff31fcf6" DT_CENTER="1" DT_RIGHT="0" DT_VCENTER="1" DT_WORDBREAK="1" TextId="CRB_Are_you_really_sure" TooltipColor="" Tooltip=""/>
        <Pixie LAnchorPoint="0" LAnchorOffset="0" TAnchorPoint="0" TAnchorOffset="0" RAnchorPoint="1" RAnchorOffset="0" BAnchorPoint="1" BAnchorOffset="0" BGColor="ffffffff" Font="CRB_InterfaceMedium" TextColor="ffffffff" Text="" Sprite="CRB_Basekit:kitBase_Hybrid_Message" Line="0"/>
    </Form>
</Forms>
