<Forms>
    <Form Class="Window" LAnchorPoint=".5" LAnchorOffset="-300" TAnchorPoint=".5" TAnchorOffset="-300" RAnchorPoint=".5" RAnchorOffset="300" BAnchorPoint=".5" BAnchorOffset="300" RelativeToClient="1" Font="Default" Text="" Template="Default" Name="ReputationForm" Border="0" Picture="0" SwallowMouseClicks="1" Moveable="1" Escapable="1" Overlapped="1" BGColor="ffffffff" TextColor="ffffffff" TextId="" Visible="0" IgnoreMouse="0" Sprite="" TooltipColor="" Tooltip="" Sizable="1">
        <Control Class="Window" LAnchorPoint="0" LAnchorOffset="24" TAnchorPoint="0" TAnchorOffset="68" RAnchorPoint="1" RAnchorOffset="-23" BAnchorPoint="1" BAnchorOffset="-20" RelativeToClient="1" Font="Default" Text="" BGColor="UI_WindowBGDefault" TextColor="UI_WindowTextDefault" Template="Default" TooltipType="OnCursor" Name="Window" TooltipColor="" Sprite="CRB_Basekit:kitBase_MetalGrey_Large" Picture="1" IgnoreMouse="1"/>
        <Control Class="Window" LAnchorPoint="0" LAnchorOffset="28" TAnchorPoint="0" TAnchorOffset="73" RAnchorPoint="1" RAnchorOffset="-30" BAnchorPoint="1" BAnchorOffset="-23" RelativeToClient="1" Font="Default" Text="" Template="Metal_ScrollList" Name="FactionList" BGColor="ffffffff" TextColor="ffffffff" VScroll="1" UseTemplateBG="1" Border="0" NewControlDepth="2" TextId="" IgnoreMouse="1" TooltipColor=""/>
        <Control Class="Button" Base="CRB_Basekit:kitBtn_Close" Font="Thick" ButtonType="PushButton" RadioGroup="" LAnchorPoint="1" LAnchorOffset="-49" TAnchorPoint="0" TAnchorOffset="23" RAnchorPoint="1" RAnchorOffset="-19" BAnchorPoint="0" BAnchorOffset="52" DT_VCENTER="1" DT_CENTER="1" Name="CloseButton" BGColor="ffffffff" TextColor="ffffffff" NewControlDepth="2" WindowSoundTemplate="CloseWindowPhys" Text="" TextId="" NormalTextColor="ffffffff" PressedTextColor="ffffffff" FlybyTextColor="ffffffff" PressedFlybyTextColor="ffffffff" DisabledTextColor="ffffffff" TooltipColor="">
            <Event Name="ButtonSignal" Function="OnClose"/>
        </Control>
        <Control Class="Window" LAnchorPoint="0" LAnchorOffset="0" TAnchorPoint="0" TAnchorOffset="0" RAnchorPoint="1" RAnchorOffset="0" BAnchorPoint="1" BAnchorOffset="0" RelativeToClient="1" Font="Default" Text="" BGColor="UI_WindowBGDefault" TextColor="UI_WindowTextDefault" Template="Metal_Primary_NoNav" TooltipType="OnCursor" Name="MainFrame" TooltipColor="" Border="1" IgnoreMouse="1" HScroll="0" UseTemplateBG="1">
            <Control Class="Window" LAnchorPoint="1" LAnchorOffset="-29" TAnchorPoint="1" TAnchorOffset="-32" RAnchorPoint="1" RAnchorOffset="24" BAnchorPoint="1" BAnchorOffset="19" RelativeToClient="1" Font="Default" Text="" Template="Default" Name="BottomRightResize" BGColor="white" TextColor="white" Sprite="CRB_Basekit:kitBtn_ExpandNormal" Picture="1" IgnoreMouse="1" TooltipColor="" NoClip="1"/>
        </Control>
        <Control Class="Window" LAnchorPoint="0" LAnchorOffset="80" TAnchorPoint="0" TAnchorOffset="24" RAnchorPoint="1" RAnchorOffset="-80" BAnchorPoint="0" BAnchorOffset="60" RelativeToClient="1" Font="Default" Text="" Template="Default" Name="BGHeader" BGColor="ffffffff" TextColor="ffffffff" Sprite="BK3:sprMetal_Framing_Header" Picture="1" IgnoreMouse="1" TextId="" DT_CENTER="0" DT_VCENTER="0" NewControlDepth="1" TooltipColor="">
            <Control Class="Window" LAnchorPoint="0" LAnchorOffset="0" TAnchorPoint="0" TAnchorOffset="0" RAnchorPoint="1" RAnchorOffset="0" BAnchorPoint="1" BAnchorOffset="0" RelativeToClient="1" Font="CRB_HeaderMedium" Text="" Template="Default" Name="BGHeaderText" BGColor="ffffffff" TextColor="UI_WindowTitleYellow" TextId="CRB_Reputation" DT_CENTER="1" DT_VCENTER="1" TooltipColor="" IgnoreMouse="1" AutoScaleText="1"/>
        </Control>
    </Form>
    <Form Class="Window" LAnchorPoint="0" LAnchorOffset="0" TAnchorPoint="0" TAnchorOffset="0" RAnchorPoint="1" RAnchorOffset="0" BAnchorPoint="0" BAnchorOffset="51" RelativeToClient="1" Font="Default" Text="" Template="Default" Name="ListItemLabel" Border="0" Picture="1" SwallowMouseClicks="1" Moveable="0" Escapable="0" Overlapped="1" BGColor="ffffffff" TextColor="ffffffff" IgnoreMouse="1" TooltipColor="" Tooltip="" Sprite="BK3:sprMetal_ExpandMenu_MedSmall_Framing">
        <Control Class="Button" Base="BK3:btnMetal_ExpandMenu_Med" Font="Default" ButtonType="Check" RadioGroup="" LAnchorPoint="0" LAnchorOffset="5" TAnchorPoint="0" TAnchorOffset="5" RAnchorPoint="1" RAnchorOffset="-4" BAnchorPoint="1" BAnchorOffset="-5" DT_VCENTER="1" DT_CENTER="1" Name="ItemsBtn" BGColor="ffffffff" TextColor="ffffffff" NormalTextColor="ff5f6662" PressedTextColor="ff9a8460" FlybyTextColor="ff5f6662" PressedFlybyTextColor="ff9a8460" DisabledTextColor="ffffffff" Text="" TextId="" TooltipColor="">
            <Event Name="ButtonCheck" Function="OnMiddleLevelLabelToggle"/>
            <Event Name="ButtonUncheck" Function="OnMiddleLevelLabelToggle"/>
            <Control Class="Window" LAnchorPoint="0" LAnchorOffset="13" TAnchorPoint="0" TAnchorOffset="0" RAnchorPoint="1" RAnchorOffset="-27" BAnchorPoint="0" BAnchorOffset="41" RelativeToClient="1" Font="CRB_InterfaceMedium_B" Text="Top Level" Template="Default" Name="ItemsBtnText" BGColor="ffffffff" TextColor="UI_BtnTextGoldListNormal" TextId="" DT_CENTER="0" DT_VCENTER="1" TooltipColor="" IgnoreMouse="1" AutoScaleText="1"/>
        </Control>
        <Control Class="Window" LAnchorPoint="0" LAnchorOffset="15" TAnchorPoint="0" TAnchorOffset="58" RAnchorPoint="1" RAnchorOffset="-14" BAnchorPoint="1" BAnchorOffset="32" RelativeToClient="1" Font="Default" Text="" Template="Default" Name="ItemsContainer" BGColor="ffffffff" TextColor="ffffffff" TooltipColor=""/>
    </Form>
    <Form Class="Window" LAnchorPoint="0" LAnchorOffset="0" TAnchorPoint="0" TAnchorOffset="0" RAnchorPoint="1" RAnchorOffset="0" BAnchorPoint="0" BAnchorOffset="63" RelativeToClient="1" Font="Default" Text="" Template="Default" Name="ListItemProgress" Border="0" Picture="1" SwallowMouseClicks="1" Moveable="0" Escapable="0" Overlapped="1" BGColor="ffffffff" TextColor="ffffffff" IgnoreMouse="1" TooltipType="OnCursor" IgnoreTooltipDelay="0" Sprite="BK3:btnMetal_ExpandMenu_SmallNormal" TooltipColor="">
        <Control Class="Window" LAnchorPoint="0" LAnchorOffset="16" TAnchorPoint="0" TAnchorOffset="7" RAnchorPoint="1" RAnchorOffset="-150" BAnchorPoint="0" BAnchorOffset="27" RelativeToClient="1" Font="CRB_InterfaceMedium_BB" Text="" Template="Default" Name="ProgressName" BGColor="ffffffff" TextColor="UI_BtnTextGoldListPressed" TextId="CRB_Name_Generator" DT_VCENTER="1" Picture="0" IgnoreMouse="1" Sprite="" DT_CENTER="0" DT_WORDBREAK="0" NoClip="0" TooltipColor="" AutoScaleText="1"/>
        <Control Class="Window" LAnchorPoint="1" LAnchorOffset="-109" TAnchorPoint="0" TAnchorOffset="7" RAnchorPoint="1" RAnchorOffset="-42" BAnchorPoint="0" BAnchorOffset="27" RelativeToClient="1" Font="CRB_InterfaceSmall_I" Text="" Template="Default" Name="ProgressStatus" BGColor="ffffffff" TextColor="ff9aaea3" TextId="Faction2Disposition_Neutral" DT_VCENTER="1" Picture="0" IgnoreMouse="1" Sprite="" DT_CENTER="0" DT_WORDBREAK="1" NoClip="0" DT_RIGHT="1" Visible="1" HideInEditor="0" TooltipColor="" AutoScaleText="1"/>
        <Control Class="Window" LAnchorPoint="0" LAnchorOffset="8" TAnchorPoint="0" TAnchorOffset="25" RAnchorPoint="1" RAnchorOffset="-34" BAnchorPoint="0" BAnchorOffset="60" RelativeToClient="1" Font="Default" Text="" Template="Default" Name="ProgressLevelBarBG" BGColor="ffffffff" TextColor="ffffffff" Picture="1" IgnoreMouse="1" Sprite="CRB_Basekit:kitIProgBar_Metal_Base" TooltipColor="">
            <Control Class="ProgressBar" Text="" LAnchorPoint="0" LAnchorOffset="12" TAnchorPoint="0.5" TAnchorOffset="-9" RAnchorPoint="1" RAnchorOffset="-14" BAnchorPoint="0.5" BAnchorOffset="9" RelativeToClient="1" ProgressFull="sprProgBar_TEMP_Metal_Fill_White" Name="ProgressLevelBar" BGColor="ffffffff" TextColor="ffffffff" Font="CRB_InterfaceSmall_O" Picture="0" Sprite="" HideInEditor="0" IgnoreTooltipDelay="0" IgnoreMouse="1" TooltipType="OnCursor" NoClip="0" ProgressEdgeGlow="kitIProgBar_Metal_Cap" EdgeGlow="1" NoClipEdgeGlow="1" TooltipColor="" BarColor=""/>
        </Control>
        <Control Class="Window" LAnchorPoint="1" LAnchorOffset="-220" TAnchorPoint="0" TAnchorOffset="7" RAnchorPoint="1" RAnchorOffset="-95" BAnchorPoint="0" BAnchorOffset="27" RelativeToClient="1" Font="CRB_InterfaceSmall" Text="1000/1000" Template="Default" Name="ProgressLevelBarText" BGColor="ffffffff" TextColor="ff9aaea3" TextId="" DT_VCENTER="1" NewControlDepth="1" DT_CENTER="0" TooltipColor="" DT_RIGHT="1" IgnoreMouse="1" AutoScaleText="1"/>
    </Form>
    <Form Class="Window" LAnchorPoint="0" LAnchorOffset="0" TAnchorPoint="0" TAnchorOffset="0" RAnchorPoint="1" RAnchorOffset="0" BAnchorPoint="0" BAnchorOffset="74" RelativeToClient="1" Font="Default" Text="" Template="Default" Name="ListItemTopLevel" BGColor="ffffffff" TextColor="ffffffff" Tooltip="" Visible="1" Picture="1" Overlapped="1" Sprite="BK3:sprMetal_ExpandMenu_Large_Framing" TooltipColor="">
        <Control Class="Button" Base="BK3:btnMetal_ExpandMenu_Large" Font="Default" ButtonType="Check" RadioGroup="" LAnchorPoint="0" LAnchorOffset="7" TAnchorPoint="0" TAnchorOffset="6" RAnchorPoint="1" RAnchorOffset="-7" BAnchorPoint="1" BAnchorOffset="-6" DT_VCENTER="1" DT_CENTER="1" Name="ItemsBtn" BGColor="ffffffff" TextColor="ffffffff" NormalTextColor="ff2f94ac" PressedTextColor="ff31fcf6" FlybyTextColor="ff2f94ac" PressedFlybyTextColor="ff31fcf6" DisabledTextColor="ffffffff" RelativeToClient="1" Text="" TextId="" TooltipColor="">
            <Event Name="ButtonCheck" Function="OnTopLevelToggle"/>
            <Event Name="ButtonUncheck" Function="OnTopLevelToggle"/>
            <Control Class="Window" LAnchorPoint="0" LAnchorOffset="15" TAnchorPoint="0" TAnchorOffset="8" RAnchorPoint="1" RAnchorOffset="-45" BAnchorPoint="0" BAnchorOffset="28" RelativeToClient="1" Font="CRB_InterfaceLarge_B" Text="Top Level" Template="Default" Name="ItemsBtnText" BGColor="ffffffff" TextColor="UI_BtnTextGoldListNormal" TextId="" DT_CENTER="0" DT_VCENTER="1" DT_BOTTOM="0" TooltipColor="" IgnoreMouse="1" AutoScaleText="1"/>
            <Control Class="Window" LAnchorPoint="0" LAnchorOffset="9" TAnchorPoint="0" TAnchorOffset="35" RAnchorPoint="1" RAnchorOffset="-44" BAnchorPoint="0" BAnchorOffset="53" RelativeToClient="1" Font="Default" Text="" Template="Default" Name="BaseProgressLevelBarC" BGColor="ffffffff" TextColor="ffffffff" Sprite="kitIProgBar_Simple_Base" Picture="1" IgnoreMouse="1" Visible="0" TooltipColor="" NewControlDepth="1">
                <Control Class="ProgressBar" Text="" LAnchorPoint="0" LAnchorOffset="8" TAnchorPoint="0.5" TAnchorOffset="-6" RAnchorPoint="1" RAnchorOffset="-8" BAnchorPoint="0.5" BAnchorOffset="6" AutoSetText="0" UseValues="0" RelativeToClient="1" SetTextToProgress="0" DT_CENTER="1" DT_VCENTER="1" ProgressEmpty="" ProgressFull="kitIProgBar_Simple_Fill" Name="BaseProgressLevelBar" BGColor="ffffffff" TextColor="ffffffff" Font="Default" IgnoreMouse="1" ProgressEdgeGlow="kitIProgBar_Simple_Cap" EdgeGlow="1" NoClipEdgeGlow="1" Picture="0" Sprite="" TooltipColor="" BarColor=""/>
                <Control Class="Window" LAnchorPoint="1" LAnchorOffset="-126" TAnchorPoint="0" TAnchorOffset="-18" RAnchorPoint="1" RAnchorOffset="-6" BAnchorPoint="0" BAnchorOffset="3" RelativeToClient="1" Font="CRB_InterfaceSmall" Text="" Template="Default" Name="BaseProgressLevelText" BGColor="ffffffff" TextColor="UI_TextMetalGoldHighlight" DT_CENTER="0" DT_VCENTER="0" NewControlDepth="1" TooltipColor="" DT_RIGHT="1" IgnoreMouse="1" NoClip="1" AutoScaleText="1"/>
            </Control>
        </Control>
        <Control Class="Window" LAnchorPoint="0" LAnchorOffset="17" TAnchorPoint="0" TAnchorOffset="77" RAnchorPoint="1" RAnchorOffset="-18" BAnchorPoint="1" BAnchorOffset="20" RelativeToClient="1" Font="Default" Text="" Template="Default" Name="ItemsContainer" BGColor="ffffffff" TextColor="ffffffff" Picture="0" IgnoreMouse="1" Sprite="" NoClip="0" TooltipColor=""/>
    </Form>
</Forms>
