<Forms>
    <Form Class="Window" LAnchorPoint=".5" LAnchorOffset="-200" TAnchorPoint=".5" TAnchorOffset="-219" RAnchorPoint=".5" RAnchorOffset="200" BAnchorPoint=".5" BAnchorOffset="-1" RelativeToClient="1" Font="CRB_InterfaceMedium" Text="" Template="Default" Name="TradeInvite" Border="0" Picture="1" SwallowMouseClicks="1" Moveable="1" Escapable="1" Overlapped="1" BGColor="ffffffff" TextColor="ffffffff" NoClip="1" DoNotBlockTooltip="1" TooltipColor="" Tooltip="" Sprite="BK3:sprHolo_Alert_Confirm" Visible="0">
        <Control Class="Window" LAnchorPoint="0" LAnchorOffset="60" TAnchorPoint="0" TAnchorOffset="25" RAnchorPoint="1" RAnchorOffset="-60" BAnchorPoint="0" BAnchorOffset="54" RelativeToClient="1" Font="CRB_HeaderMedium" Template="Default" Name="TradeTitle" BGColor="ffffffff" TextColor="UI_WindowTitleYellow" DT_VCENTER="1" DT_CENTER="1" DT_WORDBREAK="1" NewControlDepth="2" TextId="TradingForms_BeginTrading" TooltipColor="" Text="" Sprite="" Picture="1" IgnoreMouse="1"/>
        <Control Class="Window" LAnchorPoint="0" LAnchorOffset="55" TAnchorPoint="0" TAnchorOffset="69" RAnchorPoint="1" RAnchorOffset="-55" BAnchorPoint="0" BAnchorOffset="126" RelativeToClient="1" Font="CRB_InterfaceMedium" Template="Default" Name="TradeText" BGColor="ffffffff" TextColor="UI_TextHoloTitle" DT_VCENTER="1" DT_CENTER="1" DT_WORDBREAK="1" NewControlDepth="2" TextId="CRB_Player_wants_to_trade_with_you" TooltipColor="" Text="" Sprite="BK3:UI_BK3_Holo_InsetSimple" Picture="1" IgnoreMouse="1"/>
        <Control Class="Button" Base="BK3:btnHolo_Close" Font="CRB_InterfaceMedium" ButtonType="PushButton" RadioGroup="" LAnchorPoint="1" LAnchorOffset="-61" TAnchorPoint="0" TAnchorOffset="19" RAnchorPoint="1" RAnchorOffset="-19" BAnchorPoint="0" BAnchorOffset="63" DT_VCENTER="1" DT_CENTER="1" Name="CloseBtn" BGColor="ffffffff" TextColor="ffffffff" NewControlDepth="3" NoClip="1" WindowSoundTemplate="CloseWindowPhys" TooltipColor="" NormalTextColor="ffffffff" PressedTextColor="ffffffff" FlybyTextColor="ffffffff" PressedFlybyTextColor="ffffffff" DisabledTextColor="ffffffff">
            <Event Name="ButtonSignal" Function="OnDeclineTradeBtn"/>
        </Control>
        <Control Class="Button" Base="BK3:btnHolo_Blue_Med" Font="CRB_Button" ButtonType="PushButton" RadioGroup="" LAnchorPoint="0" LAnchorOffset="91" TAnchorPoint="1" TAnchorOffset="-89" RAnchorPoint="0.5" RAnchorOffset="12" BAnchorPoint="1" BAnchorOffset="-17" DT_VCENTER="1" DT_CENTER="1" Name="AcceptTradeBtn" BGColor="ffffffff" TextColor="ff32fcf6" Template="CRB_Hologram" NewControlDepth="3" NormalTextColor="UI_BtnTextBlueNormal" PressedTextColor="UI_BtnTextBluePressed" FlybyTextColor="UI_BtnTextBlueFlyby" PressedFlybyTextColor="ff31fcf6" WindowSoundTemplate="PushbuttonDigi02" TextId="Trading_TradeBtn" TooltipColor="" DisabledTextColor="ffffffff" Text="" Tooltip="">
            <Event Name="ButtonSignal" Function="OnAcceptTradeBtn"/>
        </Control>
        <Control Class="Button" Base="BK3:btnHolo_Red_Med" Font="CRB_Button" ButtonType="PushButton" RadioGroup="" LAnchorPoint="0.5" LAnchorOffset="16" TAnchorPoint="1" TAnchorOffset="-89" RAnchorPoint="0" RAnchorOffset="306" BAnchorPoint="1" BAnchorOffset="-16" DT_VCENTER="1" DT_CENTER="1" Name="DeclineTradeBtn" BGColor="ffffffff" TextColor="ff32fcf6" Template="CRB_Hologram" NewControlDepth="3" NormalTextColor="UI_BtnTextRedNormal" PressedTextColor="UI_BtnTextRedPressed" FlybyTextColor="UI_BtnTextRedFlyby" PressedFlybyTextColor="ff31fcf6" WindowSoundTemplate="PushbuttonDigi03" TextId="CRB_Decline" TooltipColor="" DisabledTextColor="ffffffff" Text="">
            <Event Name="ButtonSignal" Function="OnDeclineTradeBtn"/>
        </Control>
    </Form>
    <Form Class="Window" LAnchorPoint="0.5" LAnchorOffset="-230" TAnchorPoint=".5" TAnchorOffset="-300" RAnchorPoint="0.5" RAnchorOffset="230" BAnchorPoint=".5" BAnchorOffset="300" RelativeToClient="1" Font="CRB_InterfaceMedium" Text="" Template="Default" Name="SecureTrade" Border="0" Picture="1" SwallowMouseClicks="1" Moveable="1" Escapable="1" Overlapped="1" BGColor="ffffffff" TextColor="ffffffff" LeftEdgeControlsAnchor="" TopEdgeControlsAnchor="" RightEdgeControlsAnchor="" BottomEdgeControlsAnchor="" TooltipColor="" Tooltip="" Visible="0">
        <Control Class="Window" LAnchorPoint="0" LAnchorOffset="23" TAnchorPoint="0" TAnchorOffset="68" RAnchorPoint="0" RAnchorOffset="437" BAnchorPoint="0" BAnchorOffset="513" RelativeToClient="1" Font="Default" Text="" BGColor="UI_WindowBGDefault" TextColor="UI_WindowTextDefault" Template="Holo_Background_General" TooltipType="OnCursor" Name="HoloBG" TooltipColor="" Picture="0" IgnoreMouse="1" UseTemplateBG="1" Border="1"/>
        <Control Class="Window" LAnchorPoint="0" LAnchorOffset="42" TAnchorPoint="0" TAnchorOffset="86" RAnchorPoint="0.5" RAnchorOffset="-10" BAnchorPoint="0" BAnchorOffset="426" RelativeToClient="1" Font="Default" Text="" Template="Default" TooltipType="OnCursor" Name="YouOfferBG" BGColor="ffffffff" TextColor="ffffffff" TooltipColor="" Picture="1" IgnoreMouse="1" Sprite="BK3:sprMetal_Metal_InsetHeaderThin" Tooltip="" NewControlDepth="1">
            <Control Class="Window" LAnchorPoint="0.5" LAnchorOffset="-67" TAnchorPoint="0" TAnchorOffset="53" RAnchorPoint="0.5" RAnchorOffset="67" BAnchorPoint="1" BAnchorOffset="-17" RelativeToClient="1" Font="CRB_InterfaceMedium" Text="" Template="CRB_NormalFramedThin" Name="YouOfferWindow" BGColor="ffffffff" TextColor="ffffffff" HideInEditor="0" Border="0" UseTemplateBG="0" TooltipColor="" IgnoreMouse="1">
                <Control Class="Window" LAnchorPoint="0" LAnchorOffset="5" TAnchorPoint="0" TAnchorOffset="5" RAnchorPoint="0" RAnchorOffset="62" BAnchorPoint="0" BAnchorOffset="62" RelativeToClient="1" Font="CRB_InterfaceLarge" Text="" Template="Default" Name="YourItem1" BGColor="ffffffff" TextColor="ffffffff" Picture="1" Sprite="" DT_RIGHT="1" DT_BOTTOM="1" TooltipColor="" TooltipType="OnCursor" Subclass="ItemWindowSubclass">
                    <Event Name="MouseButtonDown" Function="OnItemMouseButtonDown"/>
                </Control>
                <Control Class="Window" LAnchorPoint="0" LAnchorOffset="72" TAnchorPoint="0" TAnchorOffset="5" RAnchorPoint="0" RAnchorOffset="129" BAnchorPoint="0" BAnchorOffset="62" RelativeToClient="1" Font="CRB_InterfaceLarge" Text="" Template="Default" Name="YourItem2" BGColor="ffffffff" TextColor="ffffffff" Picture="1" Sprite="" DT_RIGHT="1" DT_BOTTOM="1" TooltipColor="" TooltipType="OnCursor" Subclass="ItemWindowSubclass">
                    <Event Name="MouseButtonDown" Function="OnItemMouseButtonDown"/>
                </Control>
                <Control Class="Window" LAnchorPoint="0" LAnchorOffset="5" TAnchorPoint="0" TAnchorOffset="72" RAnchorPoint="0" RAnchorOffset="62" BAnchorPoint="0" BAnchorOffset="129" RelativeToClient="1" Font="CRB_InterfaceLarge" Text="" Template="Default" Name="YourItem3" BGColor="ffffffff" TextColor="ffffffff" Picture="1" Sprite="" DT_RIGHT="1" DT_BOTTOM="1" TooltipColor="" TooltipType="OnCursor" Subclass="ItemWindowSubclass">
                    <Event Name="MouseButtonDown" Function="OnItemMouseButtonDown"/>
                </Control>
                <Control Class="Window" LAnchorPoint="0" LAnchorOffset="72" TAnchorPoint="0" TAnchorOffset="72" RAnchorPoint="0" RAnchorOffset="129" BAnchorPoint="0" BAnchorOffset="129" RelativeToClient="1" Font="CRB_InterfaceLarge" Text="" Template="Default" Name="YourItem4" BGColor="ffffffff" TextColor="ffffffff" Picture="1" Sprite="" DT_RIGHT="1" DT_BOTTOM="1" TooltipColor="" TooltipType="OnCursor" Subclass="ItemWindowSubclass">
                    <Event Name="MouseButtonDown" Function="OnItemMouseButtonDown"/>
                </Control>
                <Control Class="Window" LAnchorPoint="0" LAnchorOffset="5" TAnchorPoint="0" TAnchorOffset="139" RAnchorPoint="0" RAnchorOffset="62" BAnchorPoint="0" BAnchorOffset="196" RelativeToClient="1" Font="CRB_InterfaceLarge" Text="" Template="Default" Name="YourItem5" BGColor="ffffffff" TextColor="ffffffff" Picture="1" Sprite="" DT_RIGHT="1" DT_BOTTOM="1" TooltipColor="" TooltipType="OnCursor" Subclass="ItemWindowSubclass">
                    <Event Name="MouseButtonDown" Function="OnItemMouseButtonDown"/>
                </Control>
                <Control Class="Window" LAnchorPoint="0" LAnchorOffset="72" TAnchorPoint="0" TAnchorOffset="139" RAnchorPoint="0" RAnchorOffset="129" BAnchorPoint="0" BAnchorOffset="196" RelativeToClient="1" Font="CRB_InterfaceLarge" Text="" Template="Default" Name="YourItem6" BGColor="ffffffff" TextColor="ffffffff" Picture="1" Sprite="" DT_RIGHT="1" DT_BOTTOM="1" TooltipColor="" TooltipType="OnCursor" Subclass="ItemWindowSubclass">
                    <Event Name="MouseButtonDown" Function="OnItemMouseButtonDown"/>
                </Control>
                <Control Class="Window" LAnchorPoint="0" LAnchorOffset="5" TAnchorPoint="0" TAnchorOffset="206" RAnchorPoint="0" RAnchorOffset="62" BAnchorPoint="0" BAnchorOffset="263" RelativeToClient="1" Font="CRB_InterfaceLarge" Text="" Template="Default" Name="YourItem7" BGColor="ffffffff" TextColor="ffffffff" Picture="1" Sprite="" DT_RIGHT="1" DT_BOTTOM="1" TooltipColor="" TooltipType="OnCursor" Subclass="ItemWindowSubclass">
                    <Event Name="MouseButtonDown" Function="OnItemMouseButtonDown"/>
                </Control>
                <Control Class="Window" LAnchorPoint="0" LAnchorOffset="72" TAnchorPoint="0" TAnchorOffset="206" RAnchorPoint="0" RAnchorOffset="129" BAnchorPoint="0" BAnchorOffset="263" RelativeToClient="1" Font="CRB_InterfaceLarge" Text="" Template="Default" Name="YourItem8" BGColor="ffffffff" TextColor="ffffffff" Picture="1" Sprite="" DT_RIGHT="1" DT_BOTTOM="1" TooltipColor="" TooltipType="OnCursor" Subclass="ItemWindowSubclass">
                    <Event Name="MouseButtonDown" Function="OnItemMouseButtonDown"/>
                </Control>
            </Control>
            <Control Class="Window" LAnchorPoint="0.5" LAnchorOffset="-67" TAnchorPoint="0" TAnchorOffset="53" RAnchorPoint="0.5" RAnchorOffset="67" BAnchorPoint="1" BAnchorOffset="-17" RelativeToClient="1" Font="CRB_InterfaceMedium" Text="" Template="CRB_NormalFramedThin" Name="YouOfferWindowBG" BGColor="ffffffff" TextColor="ffffffff" HideInEditor="0" Border="0" UseTemplateBG="0" TooltipColor="" IgnoreMouse="1">
                <Control Class="Window" LAnchorPoint="0" LAnchorOffset="0" TAnchorPoint="0" TAnchorOffset="0" RAnchorPoint="0" RAnchorOffset="67" BAnchorPoint="0" BAnchorOffset="67" RelativeToClient="1" Font="CRB_InterfaceLarge" Text="" Template="Default" Name="YourItem" BGColor="ffffffff" TextColor="ffffffff" Picture="1" Sprite="BK3:UI_BK3_Holo_InsetSimple" DT_RIGHT="1" DT_BOTTOM="1" TooltipColor="" TooltipType="OnCursor">
                    <Event Name="MouseButtonDown" Function="OnItemMouseButtonDown"/>
                </Control>
                <Control Class="Window" LAnchorPoint="0" LAnchorOffset="67" TAnchorPoint="0" TAnchorOffset="0" RAnchorPoint="0" RAnchorOffset="134" BAnchorPoint="0" BAnchorOffset="67" RelativeToClient="1" Font="CRB_InterfaceLarge" Text="" Template="Default" Name="YourItem" BGColor="ffffffff" TextColor="ffffffff" Picture="1" Sprite="BK3:UI_BK3_Holo_InsetSimple" DT_RIGHT="1" DT_BOTTOM="1" TooltipColor="" TooltipType="OnCursor">
                    <Event Name="MouseButtonDown" Function="OnItemMouseButtonDown"/>
                </Control>
                <Control Class="Window" LAnchorPoint="0" LAnchorOffset="0" TAnchorPoint="0" TAnchorOffset="67" RAnchorPoint="0" RAnchorOffset="67" BAnchorPoint="0" BAnchorOffset="134" RelativeToClient="1" Font="CRB_InterfaceLarge" Text="" Template="Default" Name="YourItem" BGColor="ffffffff" TextColor="ffffffff" Picture="1" Sprite="BK3:UI_BK3_Holo_InsetSimple" DT_RIGHT="1" DT_BOTTOM="1" TooltipColor="" TooltipType="OnCursor">
                    <Event Name="MouseButtonDown" Function="OnItemMouseButtonDown"/>
                </Control>
                <Control Class="Window" LAnchorPoint="0" LAnchorOffset="67" TAnchorPoint="0" TAnchorOffset="67" RAnchorPoint="0" RAnchorOffset="134" BAnchorPoint="0" BAnchorOffset="134" RelativeToClient="1" Font="CRB_InterfaceLarge" Text="" Template="Default" Name="YourItem" BGColor="ffffffff" TextColor="ffffffff" Picture="1" Sprite="BK3:UI_BK3_Holo_InsetSimple" DT_RIGHT="1" DT_BOTTOM="1" TooltipColor="" TooltipType="OnCursor">
                    <Event Name="MouseButtonDown" Function="OnItemMouseButtonDown"/>
                </Control>
                <Control Class="Window" LAnchorPoint="0" LAnchorOffset="0" TAnchorPoint="0" TAnchorOffset="134" RAnchorPoint="0" RAnchorOffset="67" BAnchorPoint="0" BAnchorOffset="201" RelativeToClient="1" Font="CRB_InterfaceLarge" Text="" Template="Default" Name="YourItem" BGColor="ffffffff" TextColor="ffffffff" Picture="1" Sprite="BK3:UI_BK3_Holo_InsetSimple" DT_RIGHT="1" DT_BOTTOM="1" TooltipColor="" TooltipType="OnCursor">
                    <Event Name="MouseButtonDown" Function="OnItemMouseButtonDown"/>
                </Control>
                <Control Class="Window" LAnchorPoint="0" LAnchorOffset="67" TAnchorPoint="0" TAnchorOffset="134" RAnchorPoint="0" RAnchorOffset="134" BAnchorPoint="0" BAnchorOffset="201" RelativeToClient="1" Font="CRB_InterfaceLarge" Text="" Template="Default" Name="YourItem" BGColor="ffffffff" TextColor="ffffffff" Picture="1" Sprite="BK3:UI_BK3_Holo_InsetSimple" DT_RIGHT="1" DT_BOTTOM="1" TooltipColor="" TooltipType="OnCursor">
                    <Event Name="MouseButtonDown" Function="OnItemMouseButtonDown"/>
                </Control>
                <Control Class="Window" LAnchorPoint="0" LAnchorOffset="0" TAnchorPoint="0" TAnchorOffset="201" RAnchorPoint="0" RAnchorOffset="67" BAnchorPoint="0" BAnchorOffset="268" RelativeToClient="1" Font="CRB_InterfaceLarge" Text="" Template="Default" Name="YourItem" BGColor="ffffffff" TextColor="ffffffff" Picture="1" Sprite="BK3:UI_BK3_Holo_InsetSimple" DT_RIGHT="1" DT_BOTTOM="1" TooltipColor="" TooltipType="OnCursor">
                    <Event Name="MouseButtonDown" Function="OnItemMouseButtonDown"/>
                </Control>
                <Control Class="Window" LAnchorPoint="0" LAnchorOffset="67" TAnchorPoint="0" TAnchorOffset="201" RAnchorPoint="0" RAnchorOffset="134" BAnchorPoint="0" BAnchorOffset="268" RelativeToClient="1" Font="CRB_InterfaceLarge" Text="" Template="Default" Name="YourItem" BGColor="ffffffff" TextColor="ffffffff" Picture="1" Sprite="BK3:UI_BK3_Holo_InsetSimple" DT_RIGHT="1" DT_BOTTOM="1" TooltipColor="" TooltipType="OnCursor">
                    <Event Name="MouseButtonDown" Function="OnItemMouseButtonDown"/>
                </Control>
            </Control>
        </Control>
        <Control Class="Window" LAnchorPoint="0.5" LAnchorOffset="11" TAnchorPoint="0" TAnchorOffset="86" RAnchorPoint="1" RAnchorOffset="-41" BAnchorPoint="0" BAnchorOffset="426" RelativeToClient="1" Font="Default" Text="" Template="Default" TooltipType="OnCursor" Name="PartnerOfferBG" BGColor="ffffffff" TextColor="ffffffff" TooltipColor="" Picture="1" IgnoreMouse="1" Sprite="BK3:sprMetal_Metal_InsetHeaderThin">
            <Control Class="Window" LAnchorPoint="0.5" LAnchorOffset="-65" TAnchorPoint="0" TAnchorOffset="52" RAnchorPoint="0.5" RAnchorOffset="69" BAnchorPoint="1" BAnchorOffset="-17" RelativeToClient="1" Font="CRB_InterfaceMedium" Text="" Template="Default" Name="PartnerOfferWindow" BGColor="ffffffff" TextColor="ffffffff" HideInEditor="0" TooltipColor="" IgnoreMouse="1">
                <Control Class="Window" LAnchorPoint="0" LAnchorOffset="197" TAnchorPoint="0" TAnchorOffset="-14" RAnchorPoint="1" RAnchorOffset="242" BAnchorPoint="1" BAnchorOffset="18" RelativeToClient="1" Font="CRB_InterfaceMedium" Text="" Template="Default" Name="Dimmer" BGColor="30000000" TextColor="ffffffff" Sprite="BasicSprites:BlackFill" Picture="1" TooltipColor=""/>
                <Control Class="Window" LAnchorPoint="0" LAnchorOffset="5" TAnchorPoint="0" TAnchorOffset="5" RAnchorPoint="0" RAnchorOffset="62" BAnchorPoint="0" BAnchorOffset="62" RelativeToClient="1" Font="CRB_InterfaceLarge" Text="" Template="Default" Name="PartnerItem1" BGColor="ffffffff" TextColor="ffffffff" Picture="1" Sprite="" DT_RIGHT="1" DT_BOTTOM="1" TooltipColor="" TooltipType="OnCursor" Subclass="ItemWindowSubclass"/>
                <Control Class="Window" LAnchorPoint="0" LAnchorOffset="72" TAnchorPoint="0" TAnchorOffset="5" RAnchorPoint="0" RAnchorOffset="129" BAnchorPoint="0" BAnchorOffset="62" RelativeToClient="1" Font="CRB_InterfaceLarge" Text="" Template="Default" Name="PartnerItem2" BGColor="ffffffff" TextColor="ffffffff" Picture="1" Sprite="" DT_RIGHT="1" DT_BOTTOM="1" TooltipColor="" TooltipType="OnCursor" Subclass="ItemWindowSubclass"/>
                <Control Class="Window" LAnchorPoint="0" LAnchorOffset="5" TAnchorPoint="0" TAnchorOffset="72" RAnchorPoint="0" RAnchorOffset="62" BAnchorPoint="0" BAnchorOffset="129" RelativeToClient="1" Font="CRB_InterfaceLarge" Text="" Template="Default" Name="PartnerItem3" BGColor="ffffffff" TextColor="ffffffff" Picture="1" Sprite="" DT_RIGHT="1" DT_BOTTOM="1" TooltipColor="" TooltipType="OnCursor" Subclass="ItemWindowSubclass"/>
                <Control Class="Window" LAnchorPoint="0" LAnchorOffset="72" TAnchorPoint="0" TAnchorOffset="72" RAnchorPoint="0" RAnchorOffset="129" BAnchorPoint="0" BAnchorOffset="129" RelativeToClient="1" Font="CRB_InterfaceLarge" Text="" Template="Default" Name="PartnerItem4" BGColor="ffffffff" TextColor="ffffffff" Picture="1" Sprite="" DT_RIGHT="1" DT_BOTTOM="1" TooltipColor="" TooltipType="OnCursor" Subclass="ItemWindowSubclass"/>
                <Control Class="Window" LAnchorPoint="0" LAnchorOffset="5" TAnchorPoint="0" TAnchorOffset="139" RAnchorPoint="0" RAnchorOffset="62" BAnchorPoint="0" BAnchorOffset="196" RelativeToClient="1" Font="CRB_InterfaceLarge" Text="" Template="Default" Name="PartnerItem5" BGColor="ffffffff" TextColor="ffffffff" Picture="1" Sprite="" DT_RIGHT="1" DT_BOTTOM="1" TooltipColor="" TooltipType="OnCursor" Subclass="ItemWindowSubclass"/>
                <Control Class="Window" LAnchorPoint="0" LAnchorOffset="72" TAnchorPoint="0" TAnchorOffset="139" RAnchorPoint="0" RAnchorOffset="129" BAnchorPoint="0" BAnchorOffset="196" RelativeToClient="1" Font="CRB_InterfaceLarge" Text="" Template="Default" Name="PartnerItem6" BGColor="ffffffff" TextColor="ffffffff" Picture="1" Sprite="" DT_RIGHT="1" DT_BOTTOM="1" TooltipColor="" TooltipType="OnCursor" Subclass="ItemWindowSubclass"/>
                <Control Class="Window" LAnchorPoint="0" LAnchorOffset="5" TAnchorPoint="0" TAnchorOffset="206" RAnchorPoint="0" RAnchorOffset="62" BAnchorPoint="0" BAnchorOffset="263" RelativeToClient="1" Font="CRB_InterfaceLarge" Text="" Template="Default" Name="PartnerItem7" BGColor="ffffffff" TextColor="ffffffff" Picture="1" Sprite="" DT_RIGHT="1" DT_BOTTOM="1" TooltipColor="" TooltipType="OnCursor" Subclass="ItemWindowSubclass"/>
                <Control Class="Window" LAnchorPoint="0" LAnchorOffset="72" TAnchorPoint="0" TAnchorOffset="206" RAnchorPoint="0" RAnchorOffset="129" BAnchorPoint="0" BAnchorOffset="263" RelativeToClient="1" Font="CRB_InterfaceLarge" Text="" Template="Default" Name="PartnerItem8" BGColor="ffffffff" TextColor="ffffffff" Picture="1" Sprite="" DT_RIGHT="1" DT_BOTTOM="1" TooltipColor="" TooltipType="OnCursor" Subclass="ItemWindowSubclass"/>
            </Control>
            <Control Class="Window" LAnchorPoint="0.5" LAnchorOffset="-65" TAnchorPoint="0" TAnchorOffset="52" RAnchorPoint="0.5" RAnchorOffset="69" BAnchorPoint="1" BAnchorOffset="-17" RelativeToClient="1" Font="CRB_InterfaceMedium" Text="" Template="Default" Name="PartnerOfferWindowBG" BGColor="ffffffff" TextColor="ffffffff" HideInEditor="0" TooltipColor="" IgnoreMouse="1">
                <Control Class="Window" LAnchorPoint="0" LAnchorOffset="0" TAnchorPoint="0" TAnchorOffset="0" RAnchorPoint="0" RAnchorOffset="67" BAnchorPoint="0" BAnchorOffset="67" RelativeToClient="1" Font="CRB_InterfaceLarge" Text="" Template="Default" Name="PartnerItem" BGColor="ffffffff" TextColor="ffffffff" Picture="1" Sprite="BK3:UI_BK3_Holo_InsetSimple" DT_RIGHT="1" DT_BOTTOM="1" TooltipColor="" TooltipType="OnCursor"/>
                <Control Class="Window" LAnchorPoint="0" LAnchorOffset="67" TAnchorPoint="0" TAnchorOffset="0" RAnchorPoint="0" RAnchorOffset="134" BAnchorPoint="0" BAnchorOffset="67" RelativeToClient="1" Font="CRB_InterfaceLarge" Text="" Template="Default" Name="PartnerItem" BGColor="ffffffff" TextColor="ffffffff" Picture="1" Sprite="BK3:UI_BK3_Holo_InsetSimple" DT_RIGHT="1" DT_BOTTOM="1" TooltipColor="" TooltipType="OnCursor"/>
                <Control Class="Window" LAnchorPoint="0" LAnchorOffset="0" TAnchorPoint="0" TAnchorOffset="67" RAnchorPoint="0" RAnchorOffset="67" BAnchorPoint="0" BAnchorOffset="134" RelativeToClient="1" Font="CRB_InterfaceLarge" Text="" Template="Default" Name="PartnerItem" BGColor="ffffffff" TextColor="ffffffff" Picture="1" Sprite="BK3:UI_BK3_Holo_InsetSimple" DT_RIGHT="1" DT_BOTTOM="1" TooltipColor="" TooltipType="OnCursor"/>
                <Control Class="Window" LAnchorPoint="0" LAnchorOffset="67" TAnchorPoint="0" TAnchorOffset="67" RAnchorPoint="0" RAnchorOffset="134" BAnchorPoint="0" BAnchorOffset="134" RelativeToClient="1" Font="CRB_InterfaceLarge" Text="" Template="Default" Name="PartnerItem" BGColor="ffffffff" TextColor="ffffffff" Picture="1" Sprite="BK3:UI_BK3_Holo_InsetSimple" DT_RIGHT="1" DT_BOTTOM="1" TooltipColor="" TooltipType="OnCursor"/>
                <Control Class="Window" LAnchorPoint="0" LAnchorOffset="0" TAnchorPoint="0" TAnchorOffset="134" RAnchorPoint="0" RAnchorOffset="67" BAnchorPoint="0" BAnchorOffset="201" RelativeToClient="1" Font="CRB_InterfaceLarge" Text="" Template="Default" Name="PartnerItem" BGColor="ffffffff" TextColor="ffffffff" Picture="1" Sprite="BK3:UI_BK3_Holo_InsetSimple" DT_RIGHT="1" DT_BOTTOM="1" TooltipColor="" TooltipType="OnCursor"/>
                <Control Class="Window" LAnchorPoint="0" LAnchorOffset="67" TAnchorPoint="0" TAnchorOffset="134" RAnchorPoint="0" RAnchorOffset="134" BAnchorPoint="0" BAnchorOffset="201" RelativeToClient="1" Font="CRB_InterfaceLarge" Text="" Template="Default" Name="PartnerItem" BGColor="ffffffff" TextColor="ffffffff" Picture="1" Sprite="BK3:UI_BK3_Holo_InsetSimple" DT_RIGHT="1" DT_BOTTOM="1" TooltipColor="" TooltipType="OnCursor"/>
                <Control Class="Window" LAnchorPoint="0" LAnchorOffset="0" TAnchorPoint="0" TAnchorOffset="201" RAnchorPoint="0" RAnchorOffset="67" BAnchorPoint="0" BAnchorOffset="268" RelativeToClient="1" Font="CRB_InterfaceLarge" Text="" Template="Default" Name="PartnerItem" BGColor="ffffffff" TextColor="ffffffff" Picture="1" Sprite="BK3:UI_BK3_Holo_InsetSimple" DT_RIGHT="1" DT_BOTTOM="1" TooltipColor="" TooltipType="OnCursor"/>
                <Control Class="Window" LAnchorPoint="0" LAnchorOffset="67" TAnchorPoint="0" TAnchorOffset="201" RAnchorPoint="0" RAnchorOffset="134" BAnchorPoint="0" BAnchorOffset="268" RelativeToClient="1" Font="CRB_InterfaceLarge" Text="" Template="Default" Name="PartnerItem" BGColor="ffffffff" TextColor="ffffffff" Picture="1" Sprite="BK3:UI_BK3_Holo_InsetSimple" DT_RIGHT="1" DT_BOTTOM="1" TooltipColor="" TooltipType="OnCursor"/>
                <Control Class="Window" LAnchorPoint="0" LAnchorOffset="0" TAnchorPoint="0" TAnchorOffset="0" RAnchorPoint="1" RAnchorOffset="0" BAnchorPoint="1" BAnchorOffset="-2" RelativeToClient="1" Font="CRB_InterfaceMedium" Text="" Template="Default" Name="Dimmer" BGColor="30000000" TextColor="ffffffff" Sprite="WhiteFill" Picture="1" TooltipColor=""/>
            </Control>
        </Control>
        <Control Class="Window" LAnchorPoint="0" LAnchorOffset="42" TAnchorPoint="0" TAnchorOffset="86" RAnchorPoint="0.5" RAnchorOffset="-10" BAnchorPoint="0" BAnchorOffset="124" RelativeToClient="1" Font="CRB_InterfaceSmall_O" Text="" Template="Default" TooltipType="OnCursor" Name="MyOfferLabelBG" BGColor="ffaaaaaa" TextColor="ff2f94ac" TooltipColor="" Sprite="" Picture="1" IgnoreMouse="1" NewControlDepth="2" TextId="" DT_CENTER="1" DT_VCENTER="1">
            <Control Class="Window" LAnchorPoint="0" LAnchorOffset="2" TAnchorPoint="0" TAnchorOffset="2" RAnchorPoint="1" RAnchorOffset="-2" BAnchorPoint="0" BAnchorOffset="38" RelativeToClient="1" Font="CRB_HeaderTiny" Text="" Template="Default" TooltipType="OnCursor" Name="MyOfferLabel" BGColor="ffffffff" TextColor="UI_TextHoloTitle" TooltipColor="" TextId="Trading_MyOffer" DT_CENTER="1" DT_VCENTER="1" Sprite="" Picture="1" IgnoreMouse="1"/>
        </Control>
        <Control Class="Window" LAnchorPoint="0" LAnchorOffset="41" TAnchorPoint="1" TAnchorOffset="-171" RAnchorPoint="0.5" RAnchorOffset="-12" BAnchorPoint="1" BAnchorOffset="-101" RelativeToClient="1" Font="CRB_InterfaceMedium" Text="" Template="Default" Name="YourCashComplex" BGColor="c8ffffff" TextColor="ffffffff" Picture="1" Sprite="" NoClip="0" NewControlDepth="1" TooltipColor="">
            <Control Class="Window" LAnchorPoint="0" LAnchorOffset="22" TAnchorPoint="0" TAnchorOffset="12" RAnchorPoint="0" RAnchorOffset="62" BAnchorPoint="0" BAnchorOffset="32" RelativeToClient="1" Font="CRB_InterfaceSmall" Text="" Template="Default" TooltipType="OnCursor" Name="YourCashLabel" BGColor="ffffffff" TextColor="UI_TextHoloBodyHighlight" TooltipColor="" TextId="Trading_Money"/>
            <Control Class="Window" LAnchorPoint="0" LAnchorOffset="9" TAnchorPoint="0.5" TAnchorOffset="-4" RAnchorPoint="1" RAnchorOffset="-6" BAnchorPoint="0.5" BAnchorOffset="26" RelativeToClient="1" Font="CRB_InterfaceMedium" Text="" Template="Default" Name="PartnerCashBacker" BGColor="ffffffff" TextColor="ffffffff" Sprite="BK3:UI_BK3_Holo_Snippet" Picture="1" TooltipColor="" NewControlDepth="1"/>
            <Control Class="CashWindow" LAnchorPoint="0" LAnchorOffset="16" TAnchorPoint="0" TAnchorOffset="36" RAnchorPoint="1" RAnchorOffset="-12" BAnchorPoint="0" BAnchorOffset="58" RelativeToClient="1" Font="CRB_InterfaceSmall_O" Text="" Template="Default" Name="YourCash" BGColor="ffffffff" TextColor="ffffffff" TooltipColor="" DT_RIGHT="1" AllowEditing="1" SkipZeroes="1">
                <Event Name="CashWindowAmountChanged" Function="OnCashAmountChanged"/>
            </Control>
            <Pixie LAnchorPoint="0" LAnchorOffset="0" TAnchorPoint="0" TAnchorOffset="0" RAnchorPoint="1" RAnchorOffset="0" BAnchorPoint="1" BAnchorOffset="0" Sprite="BK3:UI_BK3_Holo_InsetFramed" BGColor="white" TextColor="black" Rotation="0" Font="CRB_Interface10"/>
        </Control>
        <Control Class="Window" LAnchorPoint="0.5" LAnchorOffset="12" TAnchorPoint="1" TAnchorOffset="-172" RAnchorPoint="1" RAnchorOffset="-40" BAnchorPoint="1" BAnchorOffset="-100" RelativeToClient="1" Font="CRB_InterfaceMedium" Text="" Template="Default" Name="PartnerCashComplex" BGColor="c8ffffff" TextColor="ffffffff" Picture="1" Sprite="" NoClip="0" NewControlDepth="1" TooltipColor="">
            <Control Class="Window" LAnchorPoint="0" LAnchorOffset="19" TAnchorPoint="0" TAnchorOffset="11" RAnchorPoint="0" RAnchorOffset="59" BAnchorPoint="0" BAnchorOffset="31" RelativeToClient="1" Font="CRB_InterfaceSmall" Text="" Template="Default" TooltipType="OnCursor" Name="PartnerCashLabel" BGColor="ffffffff" TextColor="UI_TextHoloBodyHighlight" TooltipColor="" TextId="Trading_Money"/>
            <Control Class="Window" LAnchorPoint="0" LAnchorOffset="10" TAnchorPoint="0.5" TAnchorOffset="-3" RAnchorPoint="1" RAnchorOffset="-9" BAnchorPoint="0.5" BAnchorOffset="27" RelativeToClient="1" Font="CRB_InterfaceMedium" Text="" Template="Default" Name="PartnerCashBacker" BGColor="ffffffff" TextColor="ffffffff" Sprite="BK3:UI_BK3_Metal_Inset_SharpCorner" Picture="1" TooltipColor="" NewControlDepth="1"/>
            <Control Class="CashWindow" LAnchorPoint="0" LAnchorOffset="16" TAnchorPoint="0" TAnchorOffset="37" RAnchorPoint="1" RAnchorOffset="-12" BAnchorPoint="0" BAnchorOffset="59" RelativeToClient="1" Font="CRB_InterfaceSmall_O" Text="" Template="Default" Name="PartnerCash" BGColor="ffffffff" TextColor="ffffffff" TooltipColor="" DT_RIGHT="1" Tooltip="" SkipZeroes="1"/>
            <Pixie LAnchorPoint="0" LAnchorOffset="0" TAnchorPoint="0" TAnchorOffset="0" RAnchorPoint="1" RAnchorOffset="0" BAnchorPoint="1" BAnchorOffset="0" Sprite="BK3:UI_BK3_Holo_InsetFramed" BGColor="white" TextColor="black" Rotation="0" Font="CRB_Interface10"/>
        </Control>
        <Control Class="Window" LAnchorPoint="0.5" LAnchorOffset="-4" TAnchorPoint="0" TAnchorOffset="68" RAnchorPoint="1" RAnchorOffset="-18" BAnchorPoint="0" BAnchorOffset="519" RelativeToClient="1" Font="CRB_InterfaceMedium" Text="" Template="Default" Name="CommitIndicator" BGColor="ffffffff" TextColor="ffffffff" Sprite="CRB_Trading:sprTradeAccepted" Picture="1" Visible="0" SwallowMouseClicks="1" NewControlDepth="10" TooltipColor="" HideInEditor="0"/>
        <Control Class="Window" LAnchorPoint="0" LAnchorOffset="0" TAnchorPoint="0" TAnchorOffset="0" RAnchorPoint="1" RAnchorOffset="0" BAnchorPoint="1" BAnchorOffset="0" RelativeToClient="1" Font="Default" Text="" Template="Metal_Primary_NoNav" TooltipType="OnCursor" Name="SecureTradeFrame" BGColor="ffffffff" TextColor="ffffffff" TooltipColor="" Picture="0" IgnoreMouse="1" Sprite="" NewControlDepth="1" Border="1" UseTemplateBG="1" HideInEditor="0">
            <Control Class="Button" Base="CRB_Basekit:kitBtn_Close" Font="CRB_InterfaceMedium" ButtonType="PushButton" RadioGroup="" LAnchorPoint="1" LAnchorOffset="-51" TAnchorPoint="0" TAnchorOffset="22" RAnchorPoint="1" RAnchorOffset="-19" BAnchorPoint="0" BAnchorOffset="54" DT_VCENTER="1" DT_CENTER="1" Name="TradeCloseBtn" BGColor="ffffffff" TextColor="ffffffff" NewControlDepth="2" WindowSoundTemplate="CloseWindowPhys" TooltipColor="" NormalTextColor="ffffffff" PressedTextColor="ffffffff" FlybyTextColor="ffffffff" PressedFlybyTextColor="ffffffff" DisabledTextColor="ffffffff">
                <Event Name="ButtonSignal" Function="OnCancelBtn"/>
            </Control>
            <Control Class="Window" LAnchorPoint=".5" LAnchorOffset="-7" TAnchorPoint="0" TAnchorOffset="60" RAnchorPoint=".5" RAnchorOffset="7" BAnchorPoint="0" BAnchorOffset="531" RelativeToClient="1" Font="Default" Text="" BGColor="UI_WindowBGDefault" TextColor="UI_WindowTextDefault" Template="Default" TooltipType="OnCursor" Name="Divider" TooltipColor="" Sprite="BK3:UI_BK3_Metal_Inset_Divider_V" Picture="1" IgnoreMouse="1"/>
        </Control>
        <Control Class="Window" LAnchorPoint="0" LAnchorOffset="0" TAnchorPoint="0" TAnchorOffset="0" RAnchorPoint="1" RAnchorOffset="0" BAnchorPoint="1" BAnchorOffset="0" RelativeToClient="1" Font="CRB_InterfaceMedium" Text="" Template="Default" Name="ConfirmBlocker" BGColor="ffffffff" TextColor="ffffffff" NewControlDepth="15" HideInEditor="1" TooltipColor="">
            <Control Class="Window" LAnchorPoint="0" LAnchorOffset="29" TAnchorPoint="0" TAnchorOffset="76" RAnchorPoint="1" RAnchorOffset="-28" BAnchorPoint="1" BAnchorOffset="-93" RelativeToClient="1" Font="CRB_InterfaceMedium" Text="" Template="Default" Name="ItemBlocker" BGColor="80000000" TextColor="ffffffff" Sprite="BK3:UI_BK3_Metal_Framing_BlockerFull" Picture="1" NewControlDepth="10" HideInEditor="0" SwallowMouseClicks="1" TooltipColor="" IgnoreMouse="1"/>
            <Control Class="Window" LAnchorPoint="0" LAnchorOffset="27" TAnchorPoint="1" TAnchorOffset="-93" RAnchorPoint="1" RAnchorOffset="-27" BAnchorPoint="1" BAnchorOffset="-23" RelativeToClient="1" Font="Default" Text="" Template="Default" TooltipType="OnCursor" Name="ItemBlockerBottomBG" BGColor="ffffffff" TextColor="ffffffff" TooltipColor="" Sprite="BK3:UI_BK3_Metal_Footer_Large" Picture="1" IgnoreMouse="1"/>
            <Control Class="Button" Base="CRB_Basekit:kitBtn_Metal_LargeRed" Font="CRB_Button" ButtonType="PushButton" RadioGroup="" LAnchorPoint="1" LAnchorOffset="-141" TAnchorPoint="1" TAnchorOffset="-80" RAnchorPoint="1" RAnchorOffset="-37" BAnchorPoint="1" BAnchorOffset="-32" DT_VCENTER="1" DT_CENTER="1" Name="CommitCancelBtn" BGColor="ffffffff" TextColor="ffffffff" NewControlDepth="6" WindowSoundTemplate="TogglePhys03" TextId="CRB_Cancel" TooltipColor="" NormalTextColor="UI_BtnTextRedNormal" PressedTextColor="UI_BtnTextRedPressed" FlybyTextColor="UI_BtnTextRedFlyby" PressedFlybyTextColor="UI_BtnTextRedPressedFlyby" DisabledTextColor="UI_BtnTextRedDisabled">
                <Event Name="ButtonSignal" Function="OnCommitCancel"/>
            </Control>
            <Control Class="Window" LAnchorPoint="0" LAnchorOffset="38" TAnchorPoint="0" TAnchorOffset="521" RAnchorPoint="0" RAnchorOffset="309" BAnchorPoint="0" BAnchorOffset="567" RelativeToClient="1" Font="Default" Text="" BGColor="UI_WindowBGDefault" TextColor="UI_WindowTextDefault" Template="Default" TooltipType="OnCursor" Name="BlockerFrame" TooltipColor="" Sprite="BK3:UI_BK3_Metal_Inset_SharpCorner" Picture="1" IgnoreMouse="1"/>
            <Control Class="Window" LAnchorPoint="0" LAnchorOffset="48" TAnchorPoint="1" TAnchorOffset="-85" RAnchorPoint="1" RAnchorOffset="-163" BAnchorPoint="1" BAnchorOffset="-27" RelativeToClient="1" Font="CRB_InterfaceSmall" Template="Default" Name="BlockerText" BGColor="ffffffff" TextColor="UI_BtnTextRedNormal" DT_CENTER="1" DT_VCENTER="1" NewControlDepth="6" DT_WORDBREAK="1" TextId="CRB_Waiting_for_approval_from_other_play" TooltipColor=""/>
        </Control>
        <Control Class="Window" LAnchorPoint="0" LAnchorOffset="20" TAnchorPoint="0" TAnchorOffset="20" RAnchorPoint="1" RAnchorOffset="-20" BAnchorPoint="1" BAnchorOffset="-20" RelativeToClient="1" Font="Default" Text="" Template="Default" TooltipType="OnCursor" Name="SecureTradeBG" BGColor="ffffffff" TextColor="ffffffff" TooltipColor="" Picture="1" IgnoreMouse="1" Sprite="" HideInEditor="1">
            <Control Class="Window" LAnchorPoint=".5" LAnchorOffset="-170" TAnchorPoint="0" TAnchorOffset="7" RAnchorPoint=".5" RAnchorOffset="170" BAnchorPoint="0" BAnchorOffset="44" RelativeToClient="1" Font="CRB_HeaderMedium" Text="Trading with: &lt;Player Name&gt;" Template="Default" TooltipType="OnCursor" Name="HeaderBGText" BGColor="ffffffff" TextColor="UI_WindowTitleYellow" TooltipColor="" TextId="" DT_CENTER="1" DT_VCENTER="1" Sprite="BK3:sprMetal_Framing_Header" Picture="1" IgnoreMouse="1" AutoScaleText="1"/>
            <Control Class="Window" LAnchorPoint="0.5" LAnchorOffset="10" TAnchorPoint="0" TAnchorOffset="66" RAnchorPoint="1" RAnchorOffset="-18" BAnchorPoint="0" BAnchorOffset="103" RelativeToClient="1" Font="CRB_HeaderTiny" Text="" Template="Default" TooltipType="OnCursor" Name="TheirOfferLabel" BGColor="ffffffff" TextColor="UI_TextHoloTitle" TooltipColor="" TextId="Trading_For" DT_CENTER="1" DT_VCENTER="1" Sprite="" Picture="1" IgnoreMouse="1"/>
            <Control Class="Window" LAnchorPoint="0" LAnchorOffset="7" TAnchorPoint="1" TAnchorOffset="-73" RAnchorPoint="1" RAnchorOffset="-7" BAnchorPoint="1" BAnchorOffset="-3" RelativeToClient="1" Font="Default" Text="" Template="Default" TooltipType="OnCursor" Name="ItemBlockerBottomBG" BGColor="ffffffff" TextColor="ffffffff" TooltipColor="" Sprite="BK3:UI_BK3_Metal_Footer_Large" Picture="1" IgnoreMouse="1"/>
            <Control Class="ActionConfirmButton" Base="CRB_Basekit:kitBtn_Metal_LargeGreen" Font="CRB_Button" ButtonType="PushButton" RadioGroup="" LAnchorPoint="0.5" LAnchorOffset="-150" TAnchorPoint="1" TAnchorOffset="-60" RAnchorPoint="0.5" RAnchorOffset="0" BAnchorPoint="1" BAnchorOffset="-12" DT_VCENTER="1" DT_CENTER="1" Name="AcceptBtn" BGColor="ffffffff" TextColor="UI_BtnTextGreenFlyby" NewControlDepth="2" WindowSoundTemplate="TogglePhys04" TextId="CRB_Accept" TooltipColor="" NormalTextColor="UI_BtnTextGreenNormal" PressedTextColor="UI_BtnTextGreenPressed" FlybyTextColor="UI_BtnTextGreenFlyby" PressedFlybyTextColor="ffffffff" DisabledTextColor="UI_BtnTextGreenDisabled" RelativeToClient="1" Overlapped="0" TestAlpha="1">
                <Event Name="ButtonSignal" Function="OnAcceptBtn"/>
            </Control>
            <Control Class="Button" Base="CRB_Basekit:kitBtn_Metal_LargeRed" Font="CRB_Button" ButtonType="PushButton" RadioGroup="" LAnchorPoint="0.5" LAnchorOffset="0" TAnchorPoint="1" TAnchorOffset="-60" RAnchorPoint="0.5" RAnchorOffset="150" BAnchorPoint="1" BAnchorOffset="-12" DT_VCENTER="1" DT_CENTER="1" Name="CancelBtn" BGColor="ffffffff" TextColor="ffffffff" NewControlDepth="2" WindowSoundTemplate="TogglePhys05" TextId="CRB_Cancel" TooltipColor="" NormalTextColor="UI_BtnTextRedNormal" PressedTextColor="UI_BtnTextRedPressed" FlybyTextColor="UI_BtnTextRedFlyby" PressedFlybyTextColor="UI_BtnTextRedFlyby" DisabledTextColor="UI_BtnTextRedDisabled" RelativeToClient="1" TestAlpha="1">
                <Event Name="ButtonSignal" Function="OnCancelBtn"/>
            </Control>
        </Control>
        <Event Name="QueryDragDrop" Function="OnP2PTradeQueryDragDrop"/>
        <Event Name="DragDrop" Function="OnP2PTradeDragDrop"/>
    </Form>
    <Form Class="Window" LAnchorPoint=".5" LAnchorOffset="-150" TAnchorPoint=".5" TAnchorOffset="-220" RAnchorPoint=".5" RAnchorOffset="150" BAnchorPoint=".5" BAnchorOffset="-20" RelativeToClient="1" Font="CRB_InterfaceMedium" Text="" Template="Default" Name="DeclineNotice" Border="0" Picture="1" SwallowMouseClicks="1" Moveable="1" Escapable="1" Overlapped="1" BGColor="ffffffff" TextColor="ffffffff" NoClip="1" DoNotBlockTooltip="1" TooltipColor="" Sprite="BK3:sprHolo_Alert_Confirm" Visible="0" Tooltip="">
        <Control Class="Window" LAnchorPoint="0" LAnchorOffset="60" TAnchorPoint="0" TAnchorOffset="30" RAnchorPoint="1" RAnchorOffset="-60" BAnchorPoint="0" BAnchorOffset="106" RelativeToClient="1" Font="CRB_InterfaceMedium" Template="Default" Name="DeclineText" BGColor="ffffffff" TextColor="UI_BtnTextRedNormal" DT_VCENTER="1" DT_CENTER="1" DT_WORDBREAK="1" NewControlDepth="2" TextId="CRB_Player_has_declined" TooltipColor="" Sprite="BK3:UI_BK3_Holo_InsetSimple" Border="0" IgnoreMouse="1" Picture="1"/>
        <Control Class="Button" Base="BK3:btnHolo_Close" Font="CRB_InterfaceMedium" ButtonType="PushButton" RadioGroup="" LAnchorPoint="0" LAnchorOffset="240" TAnchorPoint="0" TAnchorOffset="19" RAnchorPoint="0" RAnchorOffset="282" BAnchorPoint="0" BAnchorOffset="64" DT_VCENTER="1" DT_CENTER="1" Name="CloseBtn" BGColor="ffffffff" TextColor="ffffffff" NewControlDepth="3" NoClip="1" WindowSoundTemplate="CloseWindowPhys" TooltipColor="" NormalTextColor="ffffffff" PressedTextColor="ffffffff" FlybyTextColor="ffffffff" PressedFlybyTextColor="ffffffff" DisabledTextColor="ffffffff">
            <Event Name="ButtonSignal" Function="OnDeclineAcknowledgeBtn"/>
        </Control>
        <Control Class="Button" Base="BK3:btnHolo_Blue_Med" Font="CRB_Button" ButtonType="PushButton" RadioGroup="" LAnchorPoint="0" LAnchorOffset="94" TAnchorPoint="1" TAnchorOffset="-91" RAnchorPoint="0" RAnchorOffset="206" BAnchorPoint="1" BAnchorOffset="-18" DT_VCENTER="1" DT_CENTER="1" Name="DeclineAcknowledgeBtn" BGColor="ffffffff" TextColor="ff32fcf6" Template="CRB_Hologram" NewControlDepth="3" NormalTextColor="UI_BtnTextBlueNormal" PressedTextColor="UI_BtnTextBluePressed" FlybyTextColor="UI_BtnTextBlueFlyby" PressedFlybyTextColor="ff31fcf6" WindowSoundTemplate="PushbuttonDigi02" TextId="CRB_OK" TooltipColor="" DisabledTextColor="ffffffff">
            <Event Name="ButtonSignal" Function="OnDeclineAcknowledgeBtn"/>
        </Control>
    </Form>
    <Form Class="Window" LAnchorPoint=".5" LAnchorOffset="-150" TAnchorPoint=".5" TAnchorOffset="-220" RAnchorPoint=".5" RAnchorOffset="150" BAnchorPoint=".5" BAnchorOffset="-20" RelativeToClient="1" Font="CRB_InterfaceMedium" Text="" Template="Default" Name="ErrorNotice" Border="0" Picture="1" SwallowMouseClicks="1" Moveable="1" Escapable="1" Overlapped="1" BGColor="ffffffff" TextColor="ffffffff" NoClip="1" DoNotBlockTooltip="1" TooltipColor="" Sprite="BK3:sprHolo_Alert_Confirm" Visible="0" Tooltip="">
        <Control Class="Window" LAnchorPoint="0" LAnchorOffset="65" TAnchorPoint="0" TAnchorOffset="30" RAnchorPoint="1" RAnchorOffset="-65" BAnchorPoint="0" BAnchorOffset="106" RelativeToClient="1" Font="CRB_InterfaceMedium" Template="Default" Name="ErrorText" BGColor="ffffffff" TextColor="UI_TextHoloTitle" DT_VCENTER="1" DT_CENTER="1" DT_WORDBREAK="1" NewControlDepth="2" TextId="" TooltipColor="" Text="Failed to initiate trade. The player may be busy." Sprite="BK3:UI_BK3_Holo_InsetSimple" Picture="1" IgnoreMouse="1"/>
        <Control Class="Button" Base="BK3:btnHolo_Blue_Med" Font="CRB_Button" ButtonType="PushButton" RadioGroup="" LAnchorPoint="0" LAnchorOffset="94" TAnchorPoint="1" TAnchorOffset="-91" RAnchorPoint="0" RAnchorOffset="206" BAnchorPoint="1" BAnchorOffset="-18" DT_VCENTER="1" DT_CENTER="1" Name="ErrorAcknowledgeBtn" BGColor="ffffffff" TextColor="ff32fcf6" Template="CRB_Hologram" NewControlDepth="3" NormalTextColor="UI_BtnTextBlueNormal" PressedTextColor="UI_BtnTextBluePressed" FlybyTextColor="UI_BtnTextBlueDisabled" PressedFlybyTextColor="ff31fcf6" WindowSoundTemplate="PushbuttonDigi02" TextId="CRB_OK" TooltipColor="" DisabledTextColor="ffffffff">
            <Event Name="ButtonSignal" Function="OnErrorAcknowledgeBtn"/>
        </Control>
        <Control Class="Button" Base="BK3:btnHolo_Close" Font="CRB_InterfaceMedium" ButtonType="PushButton" RadioGroup="" LAnchorPoint="0" LAnchorOffset="240" TAnchorPoint="0" TAnchorOffset="19" RAnchorPoint="0" RAnchorOffset="282" BAnchorPoint="0" BAnchorOffset="64" DT_VCENTER="1" DT_CENTER="1" Name="CloseBtn" BGColor="ffffffff" TextColor="ffffffff" NewControlDepth="3" NoClip="1" WindowSoundTemplate="CloseWindowPhys" TooltipColor="" NormalTextColor="ffffffff" PressedTextColor="ffffffff" FlybyTextColor="ffffffff" PressedFlybyTextColor="ffffffff" DisabledTextColor="ffffffff">
            <Event Name="ButtonSignal" Function="OnDeclineAcknowledgeBtn"/>
        </Control>
    </Form>
</Forms>
