<?xml version="1.0" ?>
<Forms>
    <!-- This window complex acts as a container for the portrait forms.  The lua script hooks them up. -->
    <Form Class="Window" Name="DebugGroupHud" LAnchorPoint=".5" LAnchorOffset="-150" TAnchorPoint=".2" TAnchorOffset="0" RAnchorPoint=".5" RAnchorOffset="240" BAnchorPoint=".2" BAnchorOffset="299" Border="1" Template="OldMetal" Picture="1" Visible="0" BGColor="ffffffff" TextColor="ffffffff" SwallowMouseClicks="1" Overlapped="1" UseTemplateBG="1">
        <Control Class="Window" Name="Message" LAnchorPoint="0" LAnchorOffset="0" TAnchorPoint="0" TAnchorOffset="0" RAnchorPoint="1" RAnchorOffset="0" BAnchorPoint="0" BAnchorOffset="16" DT_CENTER="1" DT_VCENTER="1" RelativeToClient="1" TextColor="White" BGColor="ffffffff" TextId="CRB_You_have_been_invited_to_a_group" />
        <Control Class="Window" Name="Prompt" Text="" LAnchorPoint="0" LAnchorOffset="-1" TAnchorPoint="0" TAnchorOffset="20" RAnchorPoint="1" RAnchorOffset="-1" BAnchorPoint="0" BAnchorOffset="36" DT_VCENTER="1" RelativeToClient="1" TextColor="White" BGColor="ffffffff" />
        <Control Class="Button" Name="YesBtn" Text="Yes" Hotkey="Y" LAnchorPoint="0" LAnchorOffset="0" TAnchorPoint="1" TAnchorOffset="-38" RAnchorPoint=".5" RAnchorOffset="-6" BAnchorPoint="1" BAnchorOffset="0" DT_VCENTER="1" DT_CENTER="1" RelativeToClient="1" TextColor="White" BGColor="ffffffff" Font="Default" TextId="Yes">
            <Event Name="ButtonSignal" Function="OnYes" />
        </Control>
        <Control Class="Button" Name="NoBtn" Text="" Hotkey="N" LAnchorPoint=".5" LAnchorOffset="6" TAnchorPoint="1" TAnchorOffset="-38" RAnchorPoint="1" RAnchorOffset="0" BAnchorPoint="1" BAnchorOffset="0" DT_VCENTER="1" DT_CENTER="1" RelativeToClient="1" TextColor="White" BGColor="ffffffff" Font="Default" TextId="No">
            <Event Name="ButtonSignal" Function="OnNo" />
        </Control>
        <Control Class="Grid" Name="MemberList" LAnchorPoint="0" LAnchorOffset="0" TAnchorPoint="0" TAnchorOffset="60" RAnchorPoint="1" RAnchorOffset="0" BAnchorPoint="1" BAnchorOffset="-48" RelativeToClient="1" Border="1" VScroll="0" HeaderRow="1" SelectWholeRow="1" FocusOnMouseOver="1" Font="Default" Sprite="OldMetalControlClientFrame" Template="OldMetalControl" BGColor="ffffffff" TextColor="ffffffff" CellBGBase="OldMetalGrid" RowHeight="20" HeaderBG="OldMetalGridHeader" HeaderTextColor="ff87817b" HeaderHeight="18">
            <Column Name="Name" Width="180" TextColor="" Image="" />
            <Column Name="Class" Width="97" TextColor="" Image="" />
            <Column Name="Level" Width="60" TextColor="" Image="" />
        </Control>
    </Form>
    <Form Class="Window" LAnchorPoint=".5" LAnchorOffset="-200" TAnchorPoint=".5" TAnchorOffset="-80" RAnchorPoint=".5" RAnchorOffset="200" BAnchorPoint=".5" BAnchorOffset="80" RelativeToClient="1" Font="Default" Text="" Template="CRB_NormalFramedThin" Name="ServerMessage" Border="1" Picture="1" SwallowMouseClicks="1" Moveable="1" Escapable="1" Overlapped="1" BGColor="ffffffff" TextColor="ffffffff" UseTemplateBG="1">
        <Control Class="Window" LAnchorPoint="0" LAnchorOffset="10" TAnchorPoint="0" TAnchorOffset="10" RAnchorPoint="1" RAnchorOffset="-10" BAnchorPoint="1" BAnchorOffset="-50" RelativeToClient="1" Font="Default" Text="" Template="CRB_InnerWindow" Name="Message" BGColor="ffffffff" TextColor="ffffffff" Border="1" UseTemplateBG="1" DT_WORDBREAK="1" DT_VCENTER="1" DT_CENTER="1" />
        <Control Class="Button" Base="" Font="Thick" ButtonType="PushButton" RadioGroup="" LAnchorPoint=".5" LAnchorOffset="-70" TAnchorPoint="1" TAnchorOffset="-40" RAnchorPoint=".5" RAnchorOffset="70" BAnchorPoint="1" BAnchorOffset="-10" DT_VCENTER="1" DT_CENTER="1" Name="OK" BGColor="ffffffff" TextColor="ffffffff" TextId="OK" RelativeToClient="1">
            <Event Name="ButtonSignal" Function="OnServerMessageAck" />
        </Control>
    </Form>
</Forms>
