<Forms>
    <Form Class="Window" LAnchorPoint=".3" LAnchorOffset="-250" TAnchorPoint=".5" TAnchorOffset="-270" RAnchorPoint=".3" RAnchorOffset="250" BAnchorPoint=".5" BAnchorOffset="270" RelativeToClient="1" Font="CRB_InterfaceMedium" Text="" Template="Default" Name="MailForm" Border="0" Picture="0" SwallowMouseClicks="1" Moveable="1" Escapable="1" Overlapped="1" BGColor="white" TextColor="white" LeftEdgeControlsAnchor="" RightEdgeControlsAnchor="" TooltipColor="" Tooltip="">
        <Control Class="Window" LAnchorPoint="0" LAnchorOffset="0" TAnchorPoint="0" TAnchorOffset="0" RAnchorPoint="1" RAnchorOffset="0" BAnchorPoint="1" BAnchorOffset="0" RelativeToClient="1" Font="Default" Text="" Template="Default" TooltipType="OnCursor" Name="BGArt" BGColor="white" TextColor="white" TooltipColor="" Tooltip="">
            <Control Class="Window" LAnchorPoint="0" LAnchorOffset="25" TAnchorPoint="0" TAnchorOffset="68" RAnchorPoint="1" RAnchorOffset="-24" BAnchorPoint="1" BAnchorOffset="-84" RelativeToClient="1" Font="Default" Text="" Template="Holo_Background_General" TooltipType="OnCursor" Name="BGArt_Base" BGColor="white" TextColor="white" TooltipColor="" Picture="1" IgnoreMouse="1" Sprite="" Tooltip=""/>
        </Control>
        <Control Class="Window" LAnchorPoint="0" LAnchorOffset="25" TAnchorPoint="0" TAnchorOffset="97" RAnchorPoint="0" RAnchorOffset="45" BAnchorPoint="0" BAnchorOffset="119" RelativeToClient="1" Font="CRB_InterfaceMedium" Text="" Template="Default" Name="ArtListCheckBack" BGColor="white" TextColor="white" Picture="1" Sprite="CRB_UIKitSprites:btn_sortDisabled" Visible="1" HideInEditor="0" TooltipColor=""/>
        <Control Class="Window" LAnchorPoint="0" LAnchorOffset="79" TAnchorPoint="1" TAnchorOffset="-82" RAnchorPoint="1" RAnchorOffset="-21" BAnchorPoint="1" BAnchorOffset="-40" RelativeToClient="1" Font="CRB_InterfaceMedium" Text="" Template="Default" Name="ArtMailControlsBacker" BGColor="white" TextColor="white" Picture="1" Sprite="CRB_UIKitSprites:spr_HologramOptionsFilterBase" TooltipColor=""/>
        <Control Class="Button" Base="BK3:btnHolo_Radio_Small" Font="CRB_InterfaceMedium" ButtonType="Check" RadioGroup="" LAnchorPoint="0" LAnchorOffset="45" TAnchorPoint="0" TAnchorOffset="85" RAnchorPoint="0" RAnchorOffset="68" BAnchorPoint="0" BAnchorOffset="109" DT_VCENTER="1" DT_CENTER="1" Name="ToggleAllBtn" BGColor="white" TextColor="white" TestAlpha="0" WindowSoundTemplate="TogglePhys03" TooltipColor="" NormalTextColor="white" PressedTextColor="white" FlybyTextColor="white" PressedFlybyTextColor="white" DisabledTextColor="white" NewControlDepth="5" DrawAsCheckbox="0">
            <Event Name="ButtonCheck" Function="OnSelectAll"/>
            <Event Name="ButtonUncheck" Function="OnDeselectAll"/>
            <Pixie LAnchorPoint="0" LAnchorOffset="50" TAnchorPoint="0" TAnchorOffset="50" RAnchorPoint="0" RAnchorOffset="100" BAnchorPoint="0" BAnchorOffset="100" Sprite="WhiteFill" BGColor="white" TextColor="black" Rotation="0" Font="CRB_Interface10"/>
            <Control Class="Window" LAnchorPoint="0" LAnchorOffset="7" TAnchorPoint="0" TAnchorOffset="17" RAnchorPoint="0" RAnchorOffset="15" BAnchorPoint="0" BAnchorOffset="22" RelativeToClient="1" Font="Default" Text="" Template="Default" TooltipType="OnCursor" Name="ZoneCompletionBGDownArrow" BGColor="UI_AlphaPercent65" TextColor="white" TooltipColor="" Sprite="CRB_Trading:btnTradeDecreaseLargeFlyby" Picture="1" IgnoreMouse="1" NoClip="1" Visible="1" HideInEditor="0"/>
        </Control>
        <Control Class="Button" Base="BK3:btnHolo_ListView_Top" Font="CRB_InterfaceSmall" ButtonType="Check" RadioGroup="" LAnchorPoint="0" LAnchorOffset="67" TAnchorPoint="0" TAnchorOffset="80" RAnchorPoint="1" RAnchorOffset="-38" BAnchorPoint="0" BAnchorOffset="108" DT_VCENTER="1" DT_CENTER="1" Name="MessageSortBtn" BGColor="white" TextColor="UI_BtnTextBlueNormal" WindowSoundTemplate="SelectTabPhys" TextId="CRB_Messages" TooltipColor="" NormalTextColor="UI_BtnTextBlueNormal" PressedTextColor="UI_BtnTextBluePressed" FlybyTextColor="UI_BtnTextBlueFlyby" PressedFlybyTextColor="UI_BtnTextBluePressedFlyby" DisabledTextColor="UI_BtnTextBlueDisabled" NewControlDepth="5">
            <Event Name="ButtonCheck" Function="OnSortCheck"/>
            <Event Name="ButtonUncheck" Function="OnSortUncheck"/>
        </Control>
        <Control Class="Window" LAnchorPoint="0" LAnchorOffset="40" TAnchorPoint="0" TAnchorOffset="107" RAnchorPoint="1" RAnchorOffset="-39" BAnchorPoint="1" BAnchorOffset="-102" RelativeToClient="1" Font="CRB_InterfaceMedium" Text="" Template="Holo_ScrollList" Name="MailWindow" BGColor="white" TextColor="white" VScroll="1" TooltipColor="" Tooltip="" Border="1" IgnoreMouse="1" UseTemplateBG="1"/>
        <Control Class="Window" LAnchorPoint="0" LAnchorOffset="0" TAnchorPoint="0" TAnchorOffset="0" RAnchorPoint="1" RAnchorOffset="0" BAnchorPoint="1" BAnchorOffset="0" RelativeToClient="1" Font="Default" Text="" Template="Metal_Primary_NoNav" TooltipType="OnCursor" Name="BGArt_Frame" BGColor="white" TextColor="white" TooltipColor="" Picture="0" IgnoreMouse="1" Sprite="" NewControlDepth="1" Border="1" UseTemplateBG="1"/>
        <Control Class="Button" Base="CRB_Basekit:kitBtn_Close" Font="CRB_InterfaceMedium" ButtonType="PushButton" RadioGroup="" LAnchorPoint="1" LAnchorOffset="-51" TAnchorPoint="0" TAnchorOffset="23" RAnchorPoint="1" RAnchorOffset="-19" BAnchorPoint="0" BAnchorOffset="54" DT_VCENTER="1" DT_CENTER="1" Name="CloseButton" BGColor="white" TextColor="white" WindowSoundTemplate="Custom" TooltipColor="" NormalTextColor="white" PressedTextColor="white" FlybyTextColor="white" PressedFlybyTextColor="white" DisabledTextColor="white" NewControlDepth="5">
            <Event Name="ButtonSignal" Function="ToggleWindow"/>
        </Control>
        <Control Class="Window" LAnchorPoint="0" LAnchorOffset="100" TAnchorPoint="0" TAnchorOffset="24" RAnchorPoint="1" RAnchorOffset="-100" BAnchorPoint="0" BAnchorOffset="64" RelativeToClient="1" Font="CRB_HeaderLarge" Text="" Template="Default" TooltipType="OnCursor" Name="BGArt_Header" BGColor="white" TextColor="UI_WindowTitleYellow" TooltipColor="" Picture="1" IgnoreMouse="1" Sprite="BK3:sprMetal_Framing_Header"/>
        <Control Class="Window" LAnchorPoint="0" LAnchorOffset="100" TAnchorPoint="0" TAnchorOffset="28" RAnchorPoint="1" RAnchorOffset="-100" BAnchorPoint="0" BAnchorOffset="54" RelativeToClient="1" Font="CRB_HeaderLarge" Text="" Template="Default" TooltipType="OnCursor" Name="MailLabel" BGColor="white" TextColor="UI_WindowTitleYellow" TooltipColor="" DT_VCENTER="1" DT_CENTER="1" TextId="ActivationPrompt_MailBox"/>
        <Control Class="Window" LAnchorPoint="0" LAnchorOffset="27" TAnchorPoint="1" TAnchorOffset="-91" RAnchorPoint="1" RAnchorOffset="-28" BAnchorPoint="1" BAnchorOffset="-22" RelativeToClient="1" Font="Default" Text="" Template="Default" TooltipType="OnCursor" Name="BGArt_Footer" BGColor="white" TextColor="white" TooltipColor="" Picture="1" IgnoreMouse="1" Sprite="BK3:UI_BK3_Metal_Footer_Large" NoClip="1"/>
        <Control Class="Window" LAnchorPoint="0" LAnchorOffset="0" TAnchorPoint="1" TAnchorOffset="-82" RAnchorPoint="1" RAnchorOffset="0" BAnchorPoint="1" BAnchorOffset="-25" RelativeToClient="1" Font="CRB_InterfaceMedium" Text="" Template="Default" Name="InboxControls" BGColor="white" TextColor="white" HideInEditor="0" TooltipColor="" Tooltip="" TooltipId="">
            <Control Class="Button" Base="CRB_Basekit:kitBtn_Metal_MediumBlue" Font="CRB_InterfaceSmall" ButtonType="PushButton" RadioGroup="" LAnchorPoint="1" LAnchorOffset="-144" TAnchorPoint="1" TAnchorOffset="23" RAnchorPoint="1" RAnchorOffset="-34" BAnchorPoint="1" BAnchorOffset="63" DT_VCENTER="1" DT_CENTER="1" Name="IBOpenBtn" BGColor="white" TextColor="UI_BtnTextHoloNormal" NormalTextColor="UI_BtnTextHoloNormal" PressedTextColor="UI_BtnTextHoloPressed" FlybyTextColor="UI_BtnTextHoloFlyby" PressedFlybyTextColor="UI_BtnTextHoloPressedFlyby" DisabledTextColor="UI_BtnTextHoloDisabled" WindowSoundTemplate="PushbuttonDigi02" TextId="CRB_Open" TooltipColor="" Tooltip="" TooltipId="" TestAlpha="1">
                <Event Name="ButtonSignal" Function="OnOpenBtn"/>
            </Control>
            <Control Class="Button" Base="CRB_Basekit:kitBtn_Metal_LargeRed" Font="CRB_Button" ButtonType="PushButton" RadioGroup="" LAnchorPoint="1" LAnchorOffset="-148" TAnchorPoint="1" TAnchorOffset="-52" RAnchorPoint="1" RAnchorOffset="-38" BAnchorPoint="1" BAnchorOffset="-5" DT_VCENTER="1" DT_CENTER="1" Name="IBDeleteBtn" BGColor="white" TextColor="UI_BtnTextRedNormal" NormalTextColor="UI_BtnTextRedNormal" PressedTextColor="UI_BtnTextRedPressed" FlybyTextColor="UI_BtnTextRedFlyby" PressedFlybyTextColor="UI_BtnTextRedPressedFlyby" DisabledTextColor="UI_BtnTextRedDisabled" WindowSoundTemplate="PushbuttonDigi01" TextId="CRB_Delete" TooltipColor="" TestAlpha="1">
                <Event Name="ButtonSignal" Function="OnIBDeleteBtn"/>
            </Control>
        </Control>
        <Control Class="Button" Base="CRB_Basekit:kitBtn_Metal_LargeGreen" Font="CRB_Button" ButtonType="PushButton" RadioGroup="" LAnchorPoint="0" LAnchorOffset="41" TAnchorPoint="1" TAnchorOffset="-78" RAnchorPoint="0" RAnchorOffset="180" BAnchorPoint="1" BAnchorOffset="-31" DT_VCENTER="1" DT_CENTER="1" Name="NewMailBtn" BGColor="white" TextColor="white" WindowSoundTemplate="TogglePhys01" TestAlpha="1" TooltipColor="white" NormalTextColor="UI_BtnTextGreenNormal" PressedTextColor="UI_BtnTextGreenPressed" FlybyTextColor="UI_BtnTextGreenFlyby" PressedFlybyTextColor="UI_BtnTextGreenPressedFlyby" DisabledTextColor="UI_BtnTextGreenDisabled" NewControlDepth="5" Text="" Tooltip="" TooltipId="CRB_Compose_Message" TooltipType="OnCursor" TooltipFont="CRB_InterfaceMedium" IgnoreTooltipDelay="0" TextId="Mail_BeginNewMail">
            <Event Name="ButtonSignal" Function="ComposeMail"/>
        </Control>
    </Form>
    <Form Class="Window" LAnchorPoint="0" LAnchorOffset="0" TAnchorPoint="0" TAnchorOffset="0" RAnchorPoint="1" RAnchorOffset="0" BAnchorPoint="0" BAnchorOffset="60" RelativeToClient="1" Font="CRB_InterfaceMedium" Text="" Template="Default" Name="MailItem" BGColor="white" TextColor="white" NewControlDepth="2" TooltipColor="" Tooltip="">
        <Control Class="Button" Base="BK3:btnHolo_Radio_Small" Font="CRB_InterfaceMedium" ButtonType="Check" RadioGroup="" LAnchorPoint="0" LAnchorOffset="2" TAnchorPoint="0" TAnchorOffset="15" RAnchorPoint="0" RAnchorOffset="25" BAnchorPoint="0" BAnchorOffset="41" DT_VCENTER="1" DT_CENTER="1" Name="SelectMarker" BGColor="white" TextColor="white" TestAlpha="0" WindowSoundTemplate="Custom" TooltipColor="" NormalTextColor="white" PressedTextColor="white" FlybyTextColor="white" PressedFlybyTextColor="white" DisabledTextColor="white">
            <Event Name="ButtonCheck" Function="OnItemCheck"/>
            <Event Name="ButtonUncheck" Function="OnItemUncheck"/>
        </Control>
        <Control Class="Button" Base="BK3:btnHolo_ListView_Simple" Font="CRB_InterfaceMedium" ButtonType="PushButton" RadioGroup="" LAnchorPoint="0" LAnchorOffset="24" TAnchorPoint="0" TAnchorOffset="0" RAnchorPoint="1" RAnchorOffset="0" BAnchorPoint="1" BAnchorOffset="0" DT_VCENTER="1" DT_CENTER="1" Name="ListBackBtn" BGColor="white" TextColor="white" WindowSoundTemplate="Custom" TooltipColor="" NormalTextColor="white" PressedTextColor="white" FlybyTextColor="white" PressedFlybyTextColor="white" DisabledTextColor="white">
            <Event Name="ButtonSignal" Function="OnMailItemClick"/>
        </Control>
        <Control Class="Window" LAnchorPoint="0" LAnchorOffset="32" TAnchorPoint="0" TAnchorOffset="6" RAnchorPoint="0" RAnchorOffset="72" BAnchorPoint="0" BAnchorOffset="46" RelativeToClient="1" Font="CRB_InterfaceMedium" Text="" Template="Default" Name="IconFrame" BGColor="white" TextColor="white" Picture="1" Sprite="BK3:UI_BK3_Holo_InsetSimple" NoClip="0" NewControlDepth="3" TooltipColor="">
            <Control Class="Window" LAnchorPoint="0" LAnchorOffset="3" TAnchorPoint="0" TAnchorOffset="3" RAnchorPoint="1" RAnchorOffset="-3" BAnchorPoint="1" BAnchorOffset="-3" RelativeToClient="1" Font="Default" Text="" Template="Default" TooltipType="OnCursor" Name="Icon" BGColor="white" TextColor="white" TooltipColor="" Picture="1" IgnoreMouse="1"/>
        </Control>
        <Control Class="Window" LAnchorPoint="0" LAnchorOffset="75" TAnchorPoint="0" TAnchorOffset="6" RAnchorPoint="0" RAnchorOffset="91" BAnchorPoint="0" BAnchorOffset="22" RelativeToClient="1" Font="Default" Text="" Template="Default" Name="SenderIcon" BGColor="white" TextColor="white" Sprite="" Picture="1" TooltipColor="" HideInEditor="1" Visible="0"/>
        <Control Class="Window" LAnchorPoint="0" LAnchorOffset="77" TAnchorPoint="0" TAnchorOffset="3" RAnchorPoint="1" RAnchorOffset="-47" BAnchorPoint="0" BAnchorOffset="19" RelativeToClient="1" Font="CRB_InterfaceMedium" Template="Default" Name="NameText" BGColor="white" TextColor="UI_TextHoloBodyHighlight" TextId="CRB_ABCDEFGHIJKLMOPQ" TooltipColor=""/>
        <Control Class="Window" LAnchorPoint="0" LAnchorOffset="77" TAnchorPoint="0" TAnchorOffset="20" RAnchorPoint="1" RAnchorOffset="-3" BAnchorPoint="0" BAnchorOffset="37" RelativeToClient="1" Font="CRB_InterfaceSmall" Template="Default" Name="SubjectText" BGColor="white" TextColor="UI_TextHoloBodyCyan" TextId="CRB_Can_a_subject_ever_be_like_a_superje" TooltipColor=""/>
        <Control Class="Window" LAnchorPoint="1" LAnchorOffset="-60" TAnchorPoint="0" TAnchorOffset="7" RAnchorPoint="1" RAnchorOffset="-10" BAnchorPoint="0" BAnchorOffset="27" RelativeToClient="1" Font="CRB_InterfaceTiny_BB" Template="Default" Name="DateText" BGColor="white" TextColor="UI_TextMetalBody" DT_RIGHT="1" TextId="CRB_30_Days" TooltipColor=""/>
        <Control Class="Window" LAnchorPoint="0" LAnchorOffset="24" TAnchorPoint="0" TAnchorOffset="0" RAnchorPoint="1" RAnchorOffset="0" BAnchorPoint="1" BAnchorOffset="0" RelativeToClient="1" Font="CRB_InterfaceMedium" Text="" Template="Default" Name="NewMailOverlay" BGColor="white" TextColor="white" Sprite="CRB_Anim_Outline:spr_Anim_OutlineStretch" Picture="1" HideInEditor="1" NewControlDepth="4" TooltipColor=""/>
        <Control Class="Window" LAnchorPoint="0" LAnchorOffset="33" TAnchorPoint="0" TAnchorOffset="7" RAnchorPoint="0" RAnchorOffset="71" BAnchorPoint="0" BAnchorOffset="45" RelativeToClient="1" Font="CRB_HeaderLarge_O" Template="Default" Name="CODOverlay" BGColor="white" TextColor="UI_TextHoloBodyHighlight" TextId="CRB__5" TooltipColor="" DT_VCENTER="1" DT_CENTER="1"/>
        <Control Class="Window" LAnchorPoint="0" LAnchorOffset="77" TAnchorPoint="0" TAnchorOffset="37" RAnchorPoint="0" RAnchorOffset="257" BAnchorPoint="0" BAnchorOffset="53" RelativeToClient="1" Font="Default" Text="" Template="Default" Name="AttachmentIconsList" BGColor="white" TextColor="white" TooltipColor="">
            <Control Class="Window" LAnchorPoint="0" LAnchorOffset="1" TAnchorPoint="0" TAnchorOffset="0" RAnchorPoint="0" RAnchorOffset="17" BAnchorPoint="1" BAnchorOffset="0" RelativeToClient="1" Font="Default" Text="" Template="Default" Name="AttachedItem1" BGColor="white" TextColor="white" Picture="1" TooltipColor="" Subclass="ItemWindowSubclass">
                <Event Name="GenerateTooltip" Function="OnTooltipAttachment"/>
            </Control>
            <Control Class="Window" LAnchorPoint="0" LAnchorOffset="18" TAnchorPoint="0" TAnchorOffset="0" RAnchorPoint="0" RAnchorOffset="34" BAnchorPoint="1" BAnchorOffset="0" RelativeToClient="1" Font="Default" Text="" Template="Default" Name="AttachedItem2" BGColor="white" TextColor="white" Picture="1" TooltipColor="" Subclass="ItemWindowSubclass">
                <Event Name="GenerateTooltip" Function="OnTooltipAttachment"/>
            </Control>
            <Control Class="Window" LAnchorPoint="0" LAnchorOffset="35" TAnchorPoint="0" TAnchorOffset="0" RAnchorPoint="0" RAnchorOffset="51" BAnchorPoint="1" BAnchorOffset="0" RelativeToClient="1" Font="Default" Text="" Template="Default" Name="AttachedItem3" BGColor="white" TextColor="white" Picture="1" TooltipColor="" Subclass="ItemWindowSubclass">
                <Event Name="GenerateTooltip" Function="OnTooltipAttachment"/>
            </Control>
            <Control Class="Window" LAnchorPoint="0" LAnchorOffset="52" TAnchorPoint="0" TAnchorOffset="0" RAnchorPoint="0" RAnchorOffset="68" BAnchorPoint="1" BAnchorOffset="0" RelativeToClient="1" Font="Default" Text="" Template="Default" Name="AttachedItem4" BGColor="white" TextColor="white" Picture="1" TooltipColor="" Subclass="ItemWindowSubclass">
                <Event Name="GenerateTooltip" Function="OnTooltipAttachment"/>
            </Control>
            <Control Class="Window" LAnchorPoint="0" LAnchorOffset="69" TAnchorPoint="0" TAnchorOffset="0" RAnchorPoint="0" RAnchorOffset="85" BAnchorPoint="1" BAnchorOffset="0" RelativeToClient="1" Font="Default" Text="" Template="Default" Name="AttachedItem5" BGColor="white" TextColor="white" Picture="1" TooltipColor="" Subclass="ItemWindowSubclass">
                <Event Name="GenerateTooltip" Function="OnTooltipAttachment"/>
            </Control>
            <Control Class="Window" LAnchorPoint="0" LAnchorOffset="86" TAnchorPoint="0" TAnchorOffset="0" RAnchorPoint="0" RAnchorOffset="102" BAnchorPoint="1" BAnchorOffset="0" RelativeToClient="1" Font="Default" Text="" Template="Default" Name="AttachedItem6" BGColor="white" TextColor="white" Picture="1" TooltipColor="" Subclass="ItemWindowSubclass">
                <Event Name="GenerateTooltip" Function="OnTooltipAttachment"/>
            </Control>
            <Control Class="Window" LAnchorPoint="0" LAnchorOffset="103" TAnchorPoint="0" TAnchorOffset="0" RAnchorPoint="0" RAnchorOffset="119" BAnchorPoint="1" BAnchorOffset="0" RelativeToClient="1" Font="Default" Text="" Template="Default" Name="AttachedItem7" BGColor="white" TextColor="white" Picture="1" TooltipColor="" Subclass="ItemWindowSubclass">
                <Event Name="GenerateTooltip" Function="OnTooltipAttachment"/>
            </Control>
            <Control Class="Window" LAnchorPoint="0" LAnchorOffset="120" TAnchorPoint="0" TAnchorOffset="0" RAnchorPoint="0" RAnchorOffset="136" BAnchorPoint="1" BAnchorOffset="0" RelativeToClient="1" Font="Default" Text="" Template="Default" Name="AttachedItem8" BGColor="white" TextColor="white" Picture="1" TooltipColor="" Subclass="ItemWindowSubclass">
                <Event Name="GenerateTooltip" Function="OnTooltipAttachment"/>
            </Control>
            <Control Class="Window" LAnchorPoint="0" LAnchorOffset="137" TAnchorPoint="0" TAnchorOffset="0" RAnchorPoint="0" RAnchorOffset="153" BAnchorPoint="1" BAnchorOffset="0" RelativeToClient="1" Font="Default" Text="" Template="Default" Name="AttachedItem9" BGColor="white" TextColor="white" Picture="1" TooltipColor="" Subclass="ItemWindowSubclass">
                <Event Name="GenerateTooltip" Function="OnTooltipAttachment"/>
            </Control>
            <Control Class="Window" LAnchorPoint="0" LAnchorOffset="154" TAnchorPoint="0" TAnchorOffset="0" RAnchorPoint="0" RAnchorOffset="170" BAnchorPoint="1" BAnchorOffset="0" RelativeToClient="1" Font="Default" Text="" Template="Default" Name="AttachedItem10" BGColor="white" TextColor="white" Picture="1" TooltipColor="" Subclass="ItemWindowSubclass">
                <Event Name="GenerateTooltip" Function="OnTooltipAttachment"/>
            </Control>
        </Control>
    </Form>
    <Form Class="Window" LAnchorPoint="0" LAnchorOffset="407" TAnchorPoint="0" TAnchorOffset="120" RAnchorPoint="0" RAnchorOffset="862" BAnchorPoint="0" BAnchorOffset="720" RelativeToClient="1" Font="CRB_InterfaceMedium" Text="" Template="Default" Name="ComposeMessage" Border="0" Picture="0" SwallowMouseClicks="1" Moveable="1" Escapable="1" Overlapped="1" BGColor="white" TextColor="white" Visible="0" TooltipColor="" Tooltip="">
        <Control Class="Window" LAnchorPoint="0" LAnchorOffset="0" TAnchorPoint="0" TAnchorOffset="0" RAnchorPoint="1" RAnchorOffset="0" BAnchorPoint="1" BAnchorOffset="0" RelativeToClient="1" Font="Default" Text="" Template="Default" TooltipType="OnCursor" Name="ArtBG" BGColor="white" TextColor="white" TooltipColor="" HideInEditor="0" IgnoreMouse="1" NewWindowDepth="0">
            <Control Class="Window" LAnchorPoint="0" LAnchorOffset="27" TAnchorPoint="0" TAnchorOffset="70" RAnchorPoint="1" RAnchorOffset="-22" BAnchorPoint="1" BAnchorOffset="-85" RelativeToClient="1" Font="Default" Text="" Template="Holo_Background_General" TooltipType="OnCursor" Name="ArtBG_Base" BGColor="white" TextColor="white" TooltipColor="" Picture="0" IgnoreMouse="1" Sprite="" UseTemplateBG="1" Border="1">
                <Pixie LAnchorPoint="0" LAnchorOffset="41" TAnchorPoint="0" TAnchorOffset="13" RAnchorPoint="1" RAnchorOffset="-311" BAnchorPoint="0" BAnchorOffset="58" BGColor="white" Font="CRB_InterfaceMedium" TextColor="UI_TextHoloTitle" Text="" TextId="CRB_To" DT_VCENTER="0" Line="0"/>
                <Pixie LAnchorPoint="0" LAnchorOffset="13" TAnchorPoint="0" TAnchorOffset="50" RAnchorPoint="1" RAnchorOffset="-319" BAnchorPoint="0" BAnchorOffset="91" BGColor="white" Font="CRB_InterfaceMedium" TextColor="UI_TextHoloTitle" Text="" TextId="CRB_Subject" DT_VCENTER="0" Line="0"/>
                <Pixie LAnchorPoint="0" LAnchorOffset="5" TAnchorPoint="0" TAnchorOffset="403" RAnchorPoint="0" RAnchorOffset="110" BAnchorPoint="1" BAnchorOffset="0" BGColor="white" Font="CRB_InterfaceSmall" TextColor="UI_TextHoloTitle" Text="" TextId="Mail_DeliveryDateLabel" DT_CENTER="0" DT_VCENTER="0" DT_BOTTOM="0" Line="0"/>
            </Control>
            <Control Class="Window" LAnchorPoint="0" LAnchorOffset="40" TAnchorPoint="1" TAnchorOffset="-240" RAnchorPoint="0" RAnchorOffset="220" BAnchorPoint="1" BAnchorOffset="-125" RelativeToClient="1" Font="Default" Text="" Template="Default" TooltipType="OnCursor" Name="AttachItemBack" BGColor="white" TextColor="white" TooltipColor="" Picture="1" IgnoreMouse="1" Sprite="BK3:UI_BK3_Holo_InsetHeaderThin" NewControlDepth="1"/>
            <Control Class="Window" LAnchorPoint="0" LAnchorOffset="222" TAnchorPoint="1" TAnchorOffset="-240" RAnchorPoint="1" RAnchorOffset="-40" BAnchorPoint="1" BAnchorOffset="-125" RelativeToClient="1" Font="Default" Text="" Template="Default" TooltipType="OnCursor" Name="CashItemBack" BGColor="white" TextColor="white" TooltipColor="" Picture="1" IgnoreMouse="1" Sprite="BK3:UI_BK3_Holo_InsetHeaderThin" NewWindowDepth="0" NewControlDepth="1"/>
        </Control>
        <Control Class="Window" LAnchorPoint="0" LAnchorOffset="0" TAnchorPoint="1" TAnchorOffset="-237" RAnchorPoint="1" RAnchorOffset="-9" BAnchorPoint="1" BAnchorOffset="-123" RelativeToClient="1" Font="CRB_InterfaceMedium" Text="" Template="Default" Name="ArtAttachmentsBack" BGColor="white" TextColor="white" Picture="0" Sprite="CRB_UIKitSprites:spr_innerframePLAIN" TooltipColor="" HideInEditor="0" IgnoreMouse="1">
            <Control Class="Window" LAnchorPoint="0" LAnchorOffset="45" TAnchorPoint="0" TAnchorOffset="38" RAnchorPoint="0" RAnchorOffset="220" BAnchorPoint="0" BAnchorOffset="111" RelativeToClient="1" Font="CRB_InterfaceMedium" Text="" Template="Default" Name="AttachedItemsBack" BGColor="white" TextColor="white" Picture="0" Sprite="whitefill" TooltipColor="">
                <Control Class="Window" LAnchorPoint="0" LAnchorOffset="0" TAnchorPoint="0" TAnchorOffset="0" RAnchorPoint="0" RAnchorOffset="34" BAnchorPoint="0" BAnchorOffset="34" RelativeToClient="1" Font="CRB_InterfaceMedium" Text="" Template="Default" Name="SlotBack.1" BGColor="white" TextColor="white" Sprite="BK3:UI_BK3_Holo_InsetSimple" Picture="1" TooltipColor="">
                    <Control Class="Window" LAnchorPoint="0" LAnchorOffset="2" TAnchorPoint="0" TAnchorOffset="2" RAnchorPoint="1" RAnchorOffset="-2" BAnchorPoint="1" BAnchorOffset="-2" RelativeToClient="1" Font="CRB_InterfaceSmall" Text="99" Template="Default" Name="Icon" BGColor="white" TextColor="white" Picture="1" DT_RIGHT="1" DT_BOTTOM="1" TooltipColor="" Subclass="ItemWindowSubclass"/>
                    <Event Name="MouseButtonDown" Function="OnClickAttachment"/>
                </Control>
                <Control Class="Window" LAnchorPoint="0" LAnchorOffset="34" TAnchorPoint="0" TAnchorOffset="0" RAnchorPoint="0" RAnchorOffset="68" BAnchorPoint="0" BAnchorOffset="34" RelativeToClient="1" Font="CRB_InterfaceMedium" Text="" Template="Default" Name="SlotBack.2" BGColor="white" TextColor="white" Sprite="BK3:UI_BK3_Holo_InsetSimple" Picture="1" TooltipColor="">
                    <Control Class="Window" LAnchorPoint="0" LAnchorOffset="2" TAnchorPoint="0" TAnchorOffset="2" RAnchorPoint="1" RAnchorOffset="-2" BAnchorPoint="1" BAnchorOffset="-2" RelativeToClient="1" Font="CRB_InterfaceSmall" Text="99" Template="Default" Name="Icon" BGColor="white" TextColor="white" Picture="1" DT_RIGHT="1" DT_BOTTOM="1" TooltipColor="" Subclass="ItemWindowSubclass"/>
                    <Event Name="MouseButtonDown" Function="OnClickAttachment"/>
                </Control>
                <Control Class="Window" LAnchorPoint="0" LAnchorOffset="68" TAnchorPoint="0" TAnchorOffset="0" RAnchorPoint="0" RAnchorOffset="102" BAnchorPoint="0" BAnchorOffset="34" RelativeToClient="1" Font="CRB_InterfaceMedium" Text="" Template="Default" Name="SlotBack.3" BGColor="white" TextColor="white" Sprite="BK3:UI_BK3_Holo_InsetSimple" Picture="1" TooltipColor="">
                    <Control Class="Window" LAnchorPoint="0" LAnchorOffset="2" TAnchorPoint="0" TAnchorOffset="2" RAnchorPoint="1" RAnchorOffset="-2" BAnchorPoint="1" BAnchorOffset="-2" RelativeToClient="1" Font="CRB_InterfaceSmall" Text="99" Template="Default" Name="Icon" BGColor="white" TextColor="white" Picture="1" DT_RIGHT="1" DT_BOTTOM="1" Subclass="ItemWindowSubclass"/>
                    <Event Name="MouseButtonDown" Function="OnClickAttachment"/>
                </Control>
                <Control Class="Window" LAnchorPoint="0" LAnchorOffset="102" TAnchorPoint="0" TAnchorOffset="0" RAnchorPoint="0" RAnchorOffset="136" BAnchorPoint="0" BAnchorOffset="34" RelativeToClient="1" Font="CRB_InterfaceMedium" Text="" Template="Default" Name="SlotBack.4" BGColor="white" TextColor="white" Sprite="BK3:UI_BK3_Holo_InsetSimple" Picture="1" TooltipColor="">
                    <Control Class="Window" LAnchorPoint="0" LAnchorOffset="2" TAnchorPoint="0" TAnchorOffset="2" RAnchorPoint="1" RAnchorOffset="-2" BAnchorPoint="1" BAnchorOffset="-2" RelativeToClient="1" Font="CRB_InterfaceSmall" Text="99" Template="Default" Name="Icon" BGColor="white" TextColor="white" Picture="1" DT_RIGHT="1" DT_BOTTOM="1" Subclass="ItemWindowSubclass"/>
                    <Event Name="MouseButtonDown" Function="OnClickAttachment"/>
                </Control>
                <Control Class="Window" LAnchorPoint="0" LAnchorOffset="136" TAnchorPoint="0" TAnchorOffset="0" RAnchorPoint="0" RAnchorOffset="170" BAnchorPoint="0" BAnchorOffset="34" RelativeToClient="1" Font="CRB_InterfaceMedium" Text="" Template="Default" Name="SlotBack.5" BGColor="white" TextColor="white" Sprite="BK3:UI_BK3_Holo_InsetSimple" Picture="1" TooltipColor="">
                    <Control Class="Window" LAnchorPoint="0" LAnchorOffset="2" TAnchorPoint="0" TAnchorOffset="2" RAnchorPoint="1" RAnchorOffset="-2" BAnchorPoint="1" BAnchorOffset="-2" RelativeToClient="1" Font="CRB_InterfaceSmall" Text="99" Template="Default" Name="Icon" BGColor="white" TextColor="white" Picture="1" DT_RIGHT="1" DT_BOTTOM="1" Subclass="ItemWindowSubclass"/>
                    <Event Name="MouseButtonDown" Function="OnClickAttachment"/>
                </Control>
                <Control Class="Window" LAnchorPoint="0" LAnchorOffset="0" TAnchorPoint="0" TAnchorOffset="35" RAnchorPoint="0" RAnchorOffset="34" BAnchorPoint="0" BAnchorOffset="69" RelativeToClient="1" Font="CRB_InterfaceMedium" Text="" Template="Default" Name="SlotBack.6" BGColor="white" TextColor="white" Sprite="BK3:UI_BK3_Holo_InsetSimple" Picture="1" TooltipColor="">
                    <Control Class="Window" LAnchorPoint="0" LAnchorOffset="2" TAnchorPoint="0" TAnchorOffset="2" RAnchorPoint="1" RAnchorOffset="-2" BAnchorPoint="1" BAnchorOffset="-2" RelativeToClient="1" Font="CRB_InterfaceSmall" Text="99" Template="Default" Name="Icon" BGColor="white" TextColor="white" Picture="1" DT_RIGHT="1" DT_BOTTOM="1" TooltipColor="" Subclass="ItemWindowSubclass"/>
                    <Event Name="MouseButtonDown" Function="OnClickAttachment"/>
                </Control>
                <Control Class="Window" LAnchorPoint="0" LAnchorOffset="34" TAnchorPoint="0" TAnchorOffset="35" RAnchorPoint="0" RAnchorOffset="68" BAnchorPoint="0" BAnchorOffset="69" RelativeToClient="1" Font="CRB_InterfaceMedium" Text="" Template="Default" Name="SlotBack.7" BGColor="white" TextColor="white" Sprite="BK3:UI_BK3_Holo_InsetSimple" Picture="1" TooltipColor="">
                    <Control Class="Window" LAnchorPoint="0" LAnchorOffset="2" TAnchorPoint="0" TAnchorOffset="2" RAnchorPoint="1" RAnchorOffset="-2" BAnchorPoint="1" BAnchorOffset="-2" RelativeToClient="1" Font="CRB_InterfaceSmall" Text="99" Template="Default" Name="Icon" BGColor="white" TextColor="white" Picture="1" DT_RIGHT="1" DT_BOTTOM="1" TooltipColor="" Subclass="ItemWindowSubclass"/>
                    <Event Name="MouseButtonDown" Function="OnClickAttachment"/>
                </Control>
                <Control Class="Window" LAnchorPoint="0" LAnchorOffset="68" TAnchorPoint="0" TAnchorOffset="35" RAnchorPoint="0" RAnchorOffset="102" BAnchorPoint="0" BAnchorOffset="69" RelativeToClient="1" Font="CRB_InterfaceMedium" Text="" Template="Default" Name="SlotBack.8" BGColor="white" TextColor="white" Sprite="BK3:UI_BK3_Holo_InsetSimple" Picture="1" TooltipColor="">
                    <Control Class="Window" LAnchorPoint="0" LAnchorOffset="2" TAnchorPoint="0" TAnchorOffset="2" RAnchorPoint="1" RAnchorOffset="-2" BAnchorPoint="1" BAnchorOffset="-2" RelativeToClient="1" Font="CRB_InterfaceSmall" Text="99" Template="Default" Name="Icon" BGColor="white" TextColor="white" Picture="1" DT_RIGHT="1" DT_BOTTOM="1" Subclass="ItemWindowSubclass"/>
                    <Event Name="MouseButtonDown" Function="OnClickAttachment"/>
                </Control>
                <Control Class="Window" LAnchorPoint="0" LAnchorOffset="102" TAnchorPoint="0" TAnchorOffset="35" RAnchorPoint="0" RAnchorOffset="136" BAnchorPoint="0" BAnchorOffset="69" RelativeToClient="1" Font="CRB_InterfaceMedium" Text="" Template="Default" Name="SlotBack.9" BGColor="white" TextColor="white" Sprite="BK3:UI_BK3_Holo_InsetSimple" Picture="1" TooltipColor="">
                    <Control Class="Window" LAnchorPoint="0" LAnchorOffset="2" TAnchorPoint="0" TAnchorOffset="2" RAnchorPoint="1" RAnchorOffset="-2" BAnchorPoint="1" BAnchorOffset="-2" RelativeToClient="1" Font="CRB_InterfaceSmall" Text="99" Template="Default" Name="Icon" BGColor="white" TextColor="white" Picture="1" DT_RIGHT="1" DT_BOTTOM="1" Subclass="ItemWindowSubclass"/>
                    <Event Name="MouseButtonDown" Function="OnClickAttachment"/>
                </Control>
                <Control Class="Window" LAnchorPoint="0" LAnchorOffset="136" TAnchorPoint="0" TAnchorOffset="35" RAnchorPoint="0" RAnchorOffset="170" BAnchorPoint="0" BAnchorOffset="69" RelativeToClient="1" Font="CRB_InterfaceMedium" Text="" Template="Default" Name="SlotBack.10" BGColor="white" TextColor="white" Sprite="BK3:UI_BK3_Holo_InsetSimple" Picture="1" TooltipColor="">
                    <Control Class="Window" LAnchorPoint="0" LAnchorOffset="2" TAnchorPoint="0" TAnchorOffset="2" RAnchorPoint="1" RAnchorOffset="-2" BAnchorPoint="1" BAnchorOffset="-2" RelativeToClient="1" Font="CRB_InterfaceSmall" Text="99" Template="Default" Name="Icon" BGColor="white" TextColor="white" Picture="1" DT_RIGHT="1" DT_BOTTOM="1" TooltipColor="" Subclass="ItemWindowSubclass"/>
                    <Event Name="MouseButtonDown" Function="OnClickAttachment"/>
                </Control>
            </Control>
            <Pixie LAnchorPoint="0" LAnchorOffset="65" TAnchorPoint="0" TAnchorOffset="10" RAnchorPoint="0" RAnchorOffset="194" BAnchorPoint="0" BAnchorOffset="22" BGColor="white" Font="CRB_Header12" TextColor="UI_TextHoloTitle" TextId="CRB_Attachments" DT_CENTER="1" DT_VCENTER="1" Line="0"/>
            <Pixie LAnchorPoint="0" LAnchorOffset="273" TAnchorPoint="0" TAnchorOffset="10" RAnchorPoint="0" RAnchorOffset="366" BAnchorPoint="0" BAnchorOffset="22" BGColor="white" Font="CRB_Header12" TextColor="UI_TextHoloTitle" TextId="CRB_Cash" DT_CENTER="1" DT_VCENTER="1" Line="0"/>
        </Control>
        <Control Class="Button" Base="BK3:btnHolo_Radio_Small" Font="CRB_InterfaceTiny_BB" ButtonType="Check" RadioGroup="" LAnchorPoint="1" LAnchorOffset="-220" TAnchorPoint="0" TAnchorOffset="407" RAnchorPoint="1" RAnchorOffset="-148" BAnchorPoint="0" BAnchorOffset="428" DT_VCENTER="1" DT_CENTER="0" Name="CashSendBtn" BGColor="white" TextColor="white" CheckboxRight="0" DrawAsCheckbox="1" DT_RIGHT="0" TestAlpha="0" GlobalRadioGroup="" NewControlDepth="2" TextId="Mail_SendCaps" TooltipColor="" NormalTextColor="UI_BtnTextHoloNormal" PressedTextColor="UI_BtnTextHoloPressed" FlybyTextColor="UI_BtnTextHoloFlyby" PressedFlybyTextColor="UI_BtnTextHoloPressedFlyby" DisabledTextColor="UI_BtnTextHoloDisabled" Text="">
            <Event Name="ButtonCheck" Function="OnMoneySendCheck"/>
            <Event Name="ButtonUncheck" Function="OnMoneySendUncheck"/>
        </Control>
        <Control Class="Button" Base="BK3:btnHolo_Radio_Small" Font="CRB_InterfaceTiny_BB" ButtonType="Check" RadioGroup="" LAnchorPoint="1" LAnchorOffset="-134" TAnchorPoint="0" TAnchorOffset="407" RAnchorPoint="1" RAnchorOffset="-52" BAnchorPoint="0" BAnchorOffset="428" DT_VCENTER="1" DT_CENTER="0" Name="CashCODBtn" BGColor="white" TextColor="white" CheckboxRight="0" DrawAsCheckbox="1" DT_RIGHT="0" TestAlpha="0" GlobalRadioGroup="" NewControlDepth="2" TextId="Mail_RequestCaps" TooltipColor="" NormalTextColor="UI_BtnTextHoloNormal" PressedTextColor="UI_BtnTextHoloPressed" FlybyTextColor="UI_BtnTextHoloFlyby" PressedFlybyTextColor="UI_BtnTextHoloPressedFlyby" DisabledTextColor="UI_BtnTextHoloDisabled" Text="">
            <Event Name="ButtonCheck" Function="OnMoneyCODCheck"/>
            <Event Name="ButtonUncheck" Function="OnMoneyCODUncheck"/>
        </Control>
        <Control Class="Window" LAnchorPoint="0" LAnchorOffset="5" TAnchorPoint="0" TAnchorOffset="50" RAnchorPoint="1" RAnchorOffset="-5" BAnchorPoint="1" BAnchorOffset="-194" RelativeToClient="1" Font="CRB_InterfaceMedium" Text="" Template="Default" Name="MessageEntryComplex" BGColor="white" TextColor="white" TooltipColor="" HideInEditor="1">
            <Control Class="EditBox" LAnchorPoint="0" LAnchorOffset="106" TAnchorPoint="0" TAnchorOffset="39" RAnchorPoint="0" RAnchorOffset="404" BAnchorPoint="0" BAnchorOffset="68" RelativeToClient="1" Font="CRB_InterfaceMedium" Text="" Template="Default" Name="NameEntryText" BGColor="white" TextColor="white" TabStop="1" TooltipColor="" DT_VCENTER="1" TextId="" Tooltip="" LoseFocusOnExternalClick="1">
                <Event Name="EditBoxChanged" Function="OnInfoChanged"/>
            </Control>
            <Control Class="EditBox" LAnchorPoint="0" LAnchorOffset="228" TAnchorPoint="0" TAnchorOffset="-3" RAnchorPoint="0" RAnchorOffset="336" BAnchorPoint="0" BAnchorOffset="17" RelativeToClient="1" Font="CRB_InterfaceMedium" Text="" Template="Default" Name="RealmEntryText" BGColor="white" TextColor="white" TabStop="1" TooltipColor="" Visible="0" LoseFocusOnExternalClick="1">
                <Event Name="EditBoxChanged" Function="OnInfoChanged"/>
            </Control>
            <Control Class="EditBox" LAnchorPoint="0" LAnchorOffset="108" TAnchorPoint="0" TAnchorOffset="79" RAnchorPoint="0" RAnchorOffset="403" BAnchorPoint="0" BAnchorOffset="104" RelativeToClient="1" Font="CRB_InterfaceMedium" Text="" Template="Default" Name="SubjectEntryText" BGColor="white" TextColor="white" TabStop="1" TooltipColor="" DT_WORDBREAK="0" DT_VCENTER="1" LoseFocusOnExternalClick="1">
                <Event Name="EditBoxChanged" Function="OnInfoChanged"/>
            </Control>
            <Control Class="EditBox" LAnchorPoint="0" LAnchorOffset="45" TAnchorPoint="0" TAnchorOffset="121" RAnchorPoint="1" RAnchorOffset="-44" BAnchorPoint="1" BAnchorOffset="-61" RelativeToClient="1" Font="CRB_InterfaceMedium" Text="" Template="CRB_Scroll_HoloSmall" Name="MessageEntryText" BGColor="white" TextColor="white" DT_WORDBREAK="1" VScroll="1" MultiLine="1" WantReturn="1" TabStop="1" TooltipColor="" AutoHideScroll="1" LoseFocusOnExternalClick="1">
                <Event Name="EditBoxChanged" Function="OnInfoChanged"/>
            </Control>
        </Control>
        <Control Class="CashWindow" LAnchorPoint="0" LAnchorOffset="214" TAnchorPoint="0" TAnchorOffset="441" RAnchorPoint="1" RAnchorOffset="-52" BAnchorPoint="0" BAnchorOffset="463" RelativeToClient="1" Font="CRB_InterfaceMedium" Text="" Template="Default" Name="CashWindow" BGColor="white" TextColor="white" AllowEditing="1" DT_RIGHT="1" SkipZeroes="1" TabStop="1" TooltipColor="">
            <Event Name="CashWindowAmountChanged" Function="OnCashAmountChanged"/>
        </Control>
        <Event Name="WindowClosed" Function="OnClosed"/>
        <Event Name="QueryDragDrop" Function="OnQueryDragDrop"/>
        <Event Name="DragDrop" Function="OnDragDrop"/>
        <Control Class="Window" LAnchorPoint="0" LAnchorOffset="38" TAnchorPoint="1" TAnchorOffset="-244" RAnchorPoint="1" RAnchorOffset="-38" BAnchorPoint="1" BAnchorOffset="-123" RelativeToClient="1" Font="Default" Text="" Template="Default" TooltipType="OnCursor" Name="AttachmentMailboxBlocker" BGColor="white" TextColor="white" TooltipColor="" NewControlDepth="20" HideInEditor="0">
            <Control Class="Window" LAnchorPoint="0" LAnchorOffset="0" TAnchorPoint="0" TAnchorOffset="0" RAnchorPoint="1" RAnchorOffset="0" BAnchorPoint="1" BAnchorOffset="0" RelativeToClient="1" Font="Default" Text="" Template="Default" TooltipType="OnCursor" Name="BlockerBase" BGColor="white" TextColor="white" TooltipColor="" Picture="1" IgnoreMouse="1" Sprite="CRB_Basekit:kitBase_HoloBlue_SmallGreenCorners">
                <Pixie LAnchorPoint="0" LAnchorOffset="10" TAnchorPoint="0" TAnchorOffset="10" RAnchorPoint="1" RAnchorOffset="-10" BAnchorPoint="1" BAnchorOffset="-10" BGColor="white" Font="CRB_Interface9_B" TextColor="UI_TextHoloBody" Text="" TextId="Mail_BlockerText" DT_CENTER="1" DT_VCENTER="1" DT_WORDBREAK="1" Line="0"/>
            </Control>
            <Control Class="Window" LAnchorPoint="0" LAnchorOffset="-6" TAnchorPoint="0" TAnchorOffset="-6" RAnchorPoint="1" RAnchorOffset="7" BAnchorPoint="1" BAnchorOffset="8" RelativeToClient="1" Font="Default" Text="" Template="Default" TooltipType="OnCursor" Name="BlockerBase1" BGColor="white" TextColor="white" TooltipColor="" Picture="1" IgnoreMouse="1" Sprite="CRB_Basekit:kitAccent_Frame_OrangeStroke"/>
        </Control>
        <Control Class="Window" LAnchorPoint="0" LAnchorOffset="226" TAnchorPoint="1" TAnchorOffset="-163" RAnchorPoint="1" RAnchorOffset="-44" BAnchorPoint="1" BAnchorOffset="-133" RelativeToClient="1" Font="Default" Text="" Template="Default" TooltipType="OnCursor" Name="CashEntryBlock" BGColor="white" TextColor="white" TooltipColor="" Sprite="BK3:UI_BK3_Holo_Snippet" Picture="1" IgnoreMouse="1"/>
        <Control Class="Button" Base="BK3:btnHolo_Blue_Small" Font="CRB_Button" ButtonType="Check" RadioGroup="" LAnchorPoint="1" LAnchorOffset="-337" TAnchorPoint="0" TAnchorOffset="464" RAnchorPoint="1" RAnchorOffset="-231" BAnchorPoint="0" BAnchorOffset="517" DT_VCENTER="1" DT_CENTER="1" Name="InstantDeliveryBtn" BGColor="white" TextColor="white" CheckboxRight="0" DrawAsCheckbox="0" DT_RIGHT="0" TestAlpha="1" GlobalRadioGroup="DeliverySpeed" NewControlDepth="2" TextId="CRB_Instant" TooltipColor="" NormalTextColor="UI_BtnTextHoloNormal" PressedTextColor="UI_BtnTextHoloPressed" FlybyTextColor="UI_BtnTextHoloFlyby" PressedFlybyTextColor="UI_BtnTextHoloPressedFlyby" DisabledTextColor="UI_BtnTextHoloDisabled" Text="">
            <Event Name="ButtonCheck" Function="OnInstantDeliveryCheck"/>
        </Control>
        <Control Class="Button" Base="BK3:btnHolo_Blue_Small" Font="CRB_Button" ButtonType="Check" RadioGroup="" LAnchorPoint="1" LAnchorOffset="-237" TAnchorPoint="0" TAnchorOffset="465" RAnchorPoint="1" RAnchorOffset="-131" BAnchorPoint="0" BAnchorOffset="517" DT_VCENTER="1" DT_CENTER="1" Name="HourDeliveryBtn" BGColor="white" TextColor="white" CheckboxRight="0" DrawAsCheckbox="0" DT_RIGHT="0" TestAlpha="1" GlobalRadioGroup="DeliverySpeed" NewControlDepth="2" TextId="Mail_Hour" TooltipColor="" NormalTextColor="UI_BtnTextHoloNormal" PressedTextColor="UI_BtnTextHoloPressed" FlybyTextColor="UI_BtnTextHoloFlyby" PressedFlybyTextColor="UI_BtnTextHoloPressedFlyby" DisabledTextColor="UI_BtnTextHoloDisabled" Text="">
            <Event Name="ButtonCheck" Function="OnHourDeliveryCheck"/>
        </Control>
        <Control Class="Button" Base="BK3:btnHolo_Blue_Small" Font="CRB_Button" ButtonType="Check" RadioGroup="" LAnchorPoint="1" LAnchorOffset="-140" TAnchorPoint="0" TAnchorOffset="465" RAnchorPoint="1" RAnchorOffset="-34" BAnchorPoint="0" BAnchorOffset="518" DT_VCENTER="1" DT_CENTER="1" Name="DayDeliveryBtn" BGColor="white" TextColor="white" CheckboxRight="0" DrawAsCheckbox="0" DT_RIGHT="0" TestAlpha="1" GlobalRadioGroup="DeliverySpeed" NewControlDepth="2" TextId="Mail_Day" TooltipColor="" NormalTextColor="UI_BtnTextHoloNormal" PressedTextColor="UI_BtnTextHoloPressed" FlybyTextColor="UI_BtnTextHoloFlyby" PressedFlybyTextColor="UI_BtnTextHoloPressedFlyby" DisabledTextColor="UI_BtnTextHoloDisabled" Text="" RadioAlwaysSignal="0">
            <Event Name="ButtonCheck" Function="OnDayDeliveryCheck"/>
        </Control>
        <Control Class="Window" LAnchorPoint="0" LAnchorOffset="103" TAnchorPoint="0" TAnchorOffset="85" RAnchorPoint="1" RAnchorOffset="-37" BAnchorPoint="0" BAnchorOffset="120" RelativeToClient="1" Font="Default" Text="" Template="Default" TooltipType="OnCursor" Name="ToBacker" BGColor="white" TextColor="white" TooltipColor="" Picture="1" IgnoreMouse="1" Sprite="BK3:UI_BK3_Holo_Snippet"/>
        <Control Class="Window" LAnchorPoint="0" LAnchorOffset="103" TAnchorPoint="0" TAnchorOffset="123" RAnchorPoint="1" RAnchorOffset="-37" BAnchorPoint="0" BAnchorOffset="158" RelativeToClient="1" Font="Default" Text="" Template="Default" TooltipType="OnCursor" Name="SubjectBacker" BGColor="white" TextColor="white" TooltipColor="" Picture="1" IgnoreMouse="1" Sprite="BK3:UI_BK3_Holo_Snippet"/>
        <Control Class="Window" LAnchorPoint="0" LAnchorOffset="40" TAnchorPoint="0" TAnchorOffset="163" RAnchorPoint="1" RAnchorOffset="-37" BAnchorPoint="1" BAnchorOffset="-247" RelativeToClient="1" Font="Default" Text="" Template="Default" TooltipType="OnCursor" Name="MessageBacker" BGColor="white" TextColor="white" TooltipColor="" Picture="1" IgnoreMouse="1" Sprite="BK3:UI_BK3_Holo_Snippet"/>
        <Control Class="Window" LAnchorPoint="1" LAnchorOffset="-67" TAnchorPoint="0" TAnchorOffset="128" RAnchorPoint="1" RAnchorOffset="-43" BAnchorPoint="0" BAnchorOffset="152" RelativeToClient="1" Font="Default" Text="" Template="Default" TooltipType="OnCursor" Name="InvalidSubjectInputWarning" BGColor="white" TextColor="white" TooltipColor="" Picture="1" IgnoreMouse="1" Sprite="CRB_Basekit:kitIcon_NewDisabled" Tooltip="" Visible="0" TooltipFont="CRB_InterfaceSmall_O" TooltipId="CRB_ThereIsInvalidInput" NewControlDepth="1"/>
        <Control Class="Window" LAnchorPoint="1" LAnchorOffset="-68" TAnchorPoint="0" TAnchorOffset="169" RAnchorPoint="1" RAnchorOffset="-44" BAnchorPoint="0" BAnchorOffset="193" RelativeToClient="1" Font="Default" Text="" Template="Default" TooltipType="OnCursor" Name="InvalidBodyInputWarning" BGColor="white" TextColor="white" TooltipColor="" Picture="1" IgnoreMouse="1" Sprite="CRB_Basekit:kitIcon_NewDisabled" Tooltip="" Visible="0" TooltipFont="CRB_InterfaceSmall_O" TooltipId="CRB_ThereIsInvalidInput" NewControlDepth="1"/>
        <Control Class="Window" LAnchorPoint="0" LAnchorOffset="0" TAnchorPoint="0" TAnchorOffset="0" RAnchorPoint="1" RAnchorOffset="0" BAnchorPoint="1" BAnchorOffset="0" RelativeToClient="1" Font="Default" Text="" Template="Metal_Primary_NoNav" TooltipType="OnCursor" Name="ArtBG_Frame" BGColor="white" TextColor="white" TooltipColor="" Picture="0" IgnoreMouse="1" Sprite="" Border="1" UseTemplateBG="1"/>
        <Control Class="Window" LAnchorPoint=".5" LAnchorOffset="-150" TAnchorPoint="0" TAnchorOffset="28" RAnchorPoint=".5" RAnchorOffset="150" BAnchorPoint="0" BAnchorOffset="64" RelativeToClient="1" Font="CRB_HeaderMedium" Text="" BGColor="UI_WindowBGDefault" TextColor="UI_WindowTitleYellow" Template="Default" TooltipType="OnCursor" Name="HeaderTitle" TooltipColor="" TextId="Mail_ComposeLabel" Sprite="BK3:sprMetal_Framing_Header" Picture="1" IgnoreMouse="1" DT_CENTER="1" DT_VCENTER="1" NewControlDepth="1"/>
        <Control Class="Button" Base="CRB_Basekit:kitBtn_Close" Font="CRB_InterfaceMedium" ButtonType="PushButton" RadioGroup="" LAnchorPoint="1" LAnchorOffset="-51" TAnchorPoint="0" TAnchorOffset="24" RAnchorPoint="1" RAnchorOffset="-12" BAnchorPoint="0" BAnchorOffset="54" DT_VCENTER="1" DT_CENTER="1" Name="CloseBtn" BGColor="white" TextColor="white" NewControlDepth="1" TooltipColor="" NormalTextColor="white" PressedTextColor="white" FlybyTextColor="white" PressedFlybyTextColor="white" DisabledTextColor="white" Text="">
            <Event Name="ButtonSignal" Function="OnCancelBtn"/>
        </Control>
        <Control Class="Button" Base="CRB_Basekit:kitBtn_Metal_LargeRed" Font="CRB_Button" ButtonType="PushButton" RadioGroup="" LAnchorPoint="1" LAnchorOffset="-133" TAnchorPoint="1" TAnchorOffset="-80" RAnchorPoint="1" RAnchorOffset="-37" BAnchorPoint="1" BAnchorOffset="-32" DT_VCENTER="1" DT_CENTER="1" Name="CancelBtn" BGColor="white" TextColor="white" WindowSoundTemplate="PushbuttonDigi01" TextId="CRB_Cancel" TooltipColor="" NormalTextColor="UI_BtnTextRedNormal" PressedTextColor="UI_BtnTextRedPressed" FlybyTextColor="UI_BtnTextRedFlyby" PressedFlybyTextColor="UI_BtnTextRedPressedFlyby" DisabledTextColor="UI_BtnTextRedDisabled">
            <Event Name="ButtonSignal" Function="OnCancelBtn"/>
        </Control>
        <Control Class="ActionConfirmButton" Base="CRB_Basekit:kitBtn_Metal_LargeBlue" Font="CRB_Button" ButtonType="PushButton" RadioGroup="" LAnchorPoint="1" LAnchorOffset="-230" TAnchorPoint="1" TAnchorOffset="-80" RAnchorPoint="1" RAnchorOffset="-135" BAnchorPoint="1" BAnchorOffset="-32" DT_VCENTER="1" DT_CENTER="1" Name="SendBtn" BGColor="white" TextColor="UI_BtnTextBlueDisabled" WindowSoundTemplate="TogglePhys02" TextId="CRB_Send" TooltipColor="" NormalTextColor="UI_BtnTextBlueNormal" PressedTextColor="UI_BtnTextBluePressed" FlybyTextColor="UI_BtnTextBlueFlyby" PressedFlybyTextColor="UI_BtnTextBluePressedFlyby" DisabledTextColor="UI_BtnTextBlueDisabled" Tooltip="">
            <Event Name="EmailSent" Function="OnEmailSent"/>
        </Control>
        <Control Class="Window" LAnchorPoint="0" LAnchorOffset="27" TAnchorPoint="1" TAnchorOffset="-91" RAnchorPoint="1" RAnchorOffset="-26" BAnchorPoint="1" BAnchorOffset="-23" RelativeToClient="1" Font="Default" Text="" Template="Default" TooltipType="OnCursor" Name="ArtBG_Footer" BGColor="white" TextColor="white" TooltipColor="" Picture="1" IgnoreMouse="1" Sprite="BK3:UI_BK3_Metal_Footer_Large"/>
        <Control Class="CashWindow" LAnchorPoint="0" LAnchorOffset="46" TAnchorPoint="0" TAnchorOffset="532" RAnchorPoint="0" RAnchorOffset="201" BAnchorPoint="0" BAnchorOffset="572" TooltipType="OnCursor" RelativeToClient="1" Font="CRB_InterfaceSmall" Text="" Template="Default" BGColor="white" TextColor="UI_TextMetalBodyHighlight" DT_RIGHT="0" Name="MailCostWindow" TooltipColor="" HideInEditor="0"/>
        <Control Class="Window" LAnchorPoint="0" LAnchorOffset="38" TAnchorPoint="1" TAnchorOffset="-79" RAnchorPoint="0" RAnchorOffset="199" BAnchorPoint="1" BAnchorOffset="-34" RelativeToClient="1" Font="Default" Text="" Template="Default" TooltipType="OnCursor" Name="ArtBG_FooterInlay" BGColor="white" TextColor="white" TooltipColor="" Picture="1" IgnoreMouse="1" Sprite="BK3:UI_BK3_Metal_Inset_SharpCorner" NewControlDepth="1"/>
        <Control Class="Window" LAnchorPoint="0" LAnchorOffset="43" TAnchorPoint="0" TAnchorOffset="520" RAnchorPoint="0" RAnchorOffset="159" BAnchorPoint="0" BAnchorOffset="541" RelativeToClient="1" Font="CRB_InterfaceSmall" Text="" Template="Default" Name="ArtCostBacker" BGColor="white" TextColor="white" Picture="0" Sprite="" TooltipColor="" IgnoreMouse="1" DT_CENTER="0" DT_VCENTER="1" NewControlDepth="1" DT_RIGHT="1">
            <Pixie LAnchorPoint="0" LAnchorOffset="3" TAnchorPoint="0" TAnchorOffset="1" RAnchorPoint="1" RAnchorOffset="23" BAnchorPoint="1" BAnchorOffset="3" BGColor="white" Font="CRB_InterfaceMedium" TextColor="UI_TextMetalBodyHighlight" TextId="Mail_DeliveryFee" DT_VCENTER="1" Line="0" Text=""/>
        </Control>
    </Form>
    <Form Class="Window" LAnchorPoint="0" LAnchorOffset="400" TAnchorPoint="0" TAnchorOffset="139" RAnchorPoint="0" RAnchorOffset="806" BAnchorPoint="0" BAnchorOffset="583" RelativeToClient="1" Font="CRB_InterfaceMedium" Text="" Template="Default" Name="MailMessage" Border="0" Picture="0" SwallowMouseClicks="1" Moveable="1" Escapable="1" Overlapped="1" BGColor="white" TextColor="white" Visible="0" TooltipColor="" HideInEditor="0" Tooltip="">
        <Control Class="Window" LAnchorPoint="0" LAnchorOffset="0" TAnchorPoint="0" TAnchorOffset="1" RAnchorPoint="1" RAnchorOffset="0" BAnchorPoint="1" BAnchorOffset="1" RelativeToClient="1" Font="CRB_InterfaceMedium" Text="" Template="Default" Name="BaseArt" BGColor="white" TextColor="white" HideInEditor="0" TooltipColor="">
            <Control Class="Window" LAnchorPoint="0" LAnchorOffset="-30" TAnchorPoint="0" TAnchorOffset="-30" RAnchorPoint="1" RAnchorOffset="30" BAnchorPoint="1" BAnchorOffset="30" RelativeToClient="1" Font="Default" Text="" Template="Holo_Medium" TooltipType="OnCursor" Name="BGArt_Base" BGColor="white" TextColor="white" TooltipColor="" Picture="1" IgnoreMouse="1" Sprite="" Border="1" UseTemplateBG="1" NoClip="1" HideInEditor="0"/>
            <Control Class="Window" LAnchorPoint="0" LAnchorOffset="10" TAnchorPoint="0" TAnchorOffset="46" RAnchorPoint="1" RAnchorOffset="-10" BAnchorPoint="1" BAnchorOffset="-66" RelativeToClient="1" Font="CRB_InterfaceMedium" Text="" Template="" Name="ArtContentBack" BGColor="white" TextColor="white" Picture="1" Sprite="" Border="0" UseTemplateBG="0" HideInEditor="0" TooltipColor="" IgnoreMouse="1" NewControlDepth="1">
                <Control Class="Window" LAnchorPoint="0" LAnchorOffset="4" TAnchorPoint="0" TAnchorOffset="19" RAnchorPoint="1" RAnchorOffset="-4" BAnchorPoint="1" BAnchorOffset="-100" RelativeToClient="1" Font="Default" Text="" Template="Default" TooltipType="OnCursor" Name="ArtBG_ContentBack" BGColor="white" TextColor="white" TooltipColor="" Picture="1" IgnoreMouse="1" Sprite="BK3:UI_BK3_Holo_InsetSimple" Visible="1" HideInEditor="0"/>
                <Control Class="Window" LAnchorPoint="0" LAnchorOffset="55" TAnchorPoint="1" TAnchorOffset="-126" RAnchorPoint="0" RAnchorOffset="142" BAnchorPoint="1" BAnchorOffset="-106" RelativeToClient="1" Font="CRB_InterfaceMedium_I" Template="Default" Name="ArtAttachmentsText" BGColor="white" TextColor="UI_TextHoloBodyHighlight" TextId="CRB_Attachments_1" TooltipColor="" Visible="0" HideInEditor="0"/>
                <Control Class="Window" LAnchorPoint="0" LAnchorOffset="2" TAnchorPoint="1" TAnchorOffset="-101" RAnchorPoint="1" RAnchorOffset="2" BAnchorPoint="1" BAnchorOffset="-11" RelativeToClient="1" Font="Default" Text="" Template="Default" TooltipType="OnCursor" Name="ArtBG_AttachmentAssets" BGColor="white" TextColor="white" TooltipColor="" HideInEditor="0">
                    <Control Class="Window" LAnchorPoint="0" LAnchorOffset="6" TAnchorPoint="1" TAnchorOffset="-80" RAnchorPoint="0" RAnchorOffset="186" BAnchorPoint="1" BAnchorOffset="-44" RelativeToClient="1" Font="CRB_InterfaceMedium" Text="" Template="Default" Name="CashSlotBack1" BGColor="white" TextColor="white" Sprite="BK3:UI_BK3_Holo_Snippet" Picture="1" TooltipColor="" NewControlDepth="3">
                        <Event Name="MouseButtonDown" Function="OnClickAttachment"/>
                    </Control>
                    <Control Class="Window" LAnchorPoint="0" LAnchorOffset="188" TAnchorPoint="1" TAnchorOffset="-81" RAnchorPoint="0" RAnchorOffset="224" BAnchorPoint="1" BAnchorOffset="-45" RelativeToClient="1" Font="CRB_InterfaceMedium" Text="" Template="Default" Name="ItemSlotBack.1" BGColor="white" TextColor="white" Sprite="BK3:UI_BK3_Holo_InsetSimple" Picture="1" TooltipColor="" NewControlDepth="3">
                        <Control Class="Window" LAnchorPoint="0" LAnchorOffset="5" TAnchorPoint="0" TAnchorOffset="5" RAnchorPoint="1" RAnchorOffset="-5" BAnchorPoint="1" BAnchorOffset="-5" RelativeToClient="1" Font="CRB_InterfaceSmall" Text="99" Template="Default" Name="Icon" BGColor="white" TextColor="white" Picture="1" DT_RIGHT="1" DT_BOTTOM="1" TooltipColor="" Subclass="ItemWindowSubclass">
                            <Event Name="GenerateTooltip" Function="OnTooltipAttachment"/>
                        </Control>
                        <Event Name="MouseButtonDown" Function="OnClickAttachment"/>
                    </Control>
                    <Control Class="Window" LAnchorPoint="0" LAnchorOffset="226" TAnchorPoint="1" TAnchorOffset="-81" RAnchorPoint="0" RAnchorOffset="262" BAnchorPoint="1" BAnchorOffset="-45" RelativeToClient="1" Font="CRB_InterfaceMedium" Text="" Template="Default" Name="ItemSlotBack.2" BGColor="white" TextColor="white" Sprite="BK3:UI_BK3_Holo_InsetSimple" Picture="1" TooltipColor="" NewControlDepth="3">
                        <Control Class="Window" LAnchorPoint="0" LAnchorOffset="5" TAnchorPoint="0" TAnchorOffset="5" RAnchorPoint="1" RAnchorOffset="-5" BAnchorPoint="1" BAnchorOffset="-5" RelativeToClient="1" Font="CRB_InterfaceSmall" Text="99" Template="Default" Name="Icon" BGColor="white" TextColor="white" Picture="1" DT_RIGHT="1" DT_BOTTOM="1" TooltipColor="" Subclass="ItemWindowSubclass">
                            <Event Name="GenerateTooltip" Function="OnTooltipAttachment"/>
                        </Control>
                        <Event Name="MouseButtonDown" Function="OnClickAttachment"/>
                    </Control>
                    <Control Class="Window" LAnchorPoint="0" LAnchorOffset="264" TAnchorPoint="1" TAnchorOffset="-81" RAnchorPoint="0" RAnchorOffset="300" BAnchorPoint="1" BAnchorOffset="-45" RelativeToClient="1" Font="CRB_InterfaceMedium" Text="" Template="Default" Name="ItemSlotBack.3" BGColor="white" TextColor="white" Sprite="BK3:UI_BK3_Holo_InsetSimple" Picture="1" TooltipColor="" NewControlDepth="3">
                        <Control Class="Window" LAnchorPoint="0" LAnchorOffset="5" TAnchorPoint="0" TAnchorOffset="5" RAnchorPoint="1" RAnchorOffset="-5" BAnchorPoint="1" BAnchorOffset="-5" RelativeToClient="1" Font="CRB_InterfaceSmall" Text="99" Template="Default" Name="Icon" BGColor="white" TextColor="white" Picture="1" DT_RIGHT="1" DT_BOTTOM="1" TooltipColor="" Subclass="ItemWindowSubclass">
                            <Event Name="GenerateTooltip" Function="OnTooltipAttachment"/>
                        </Control>
                        <Event Name="MouseButtonDown" Function="OnClickAttachment"/>
                    </Control>
                    <Control Class="Window" LAnchorPoint="0" LAnchorOffset="302" TAnchorPoint="1" TAnchorOffset="-81" RAnchorPoint="0" RAnchorOffset="338" BAnchorPoint="1" BAnchorOffset="-45" RelativeToClient="1" Font="CRB_InterfaceMedium" Text="" Template="Default" Name="ItemSlotBack.4" BGColor="white" TextColor="white" Sprite="BK3:UI_BK3_Holo_InsetSimple" Picture="1" TooltipColor="" NewControlDepth="3">
                        <Control Class="Window" LAnchorPoint="0" LAnchorOffset="5" TAnchorPoint="0" TAnchorOffset="5" RAnchorPoint="1" RAnchorOffset="-5" BAnchorPoint="1" BAnchorOffset="-5" RelativeToClient="1" Font="CRB_InterfaceSmall" Text="99" Template="Default" Name="Icon" BGColor="white" TextColor="white" Picture="1" DT_RIGHT="1" DT_BOTTOM="1" TooltipColor="" Subclass="ItemWindowSubclass">
                            <Event Name="GenerateTooltip" Function="OnTooltipAttachment"/>
                        </Control>
                        <Event Name="MouseButtonDown" Function="OnClickAttachment"/>
                    </Control>
                    <Control Class="Window" LAnchorPoint="0" LAnchorOffset="340" TAnchorPoint="1" TAnchorOffset="-81" RAnchorPoint="0" RAnchorOffset="376" BAnchorPoint="1" BAnchorOffset="-45" RelativeToClient="1" Font="CRB_InterfaceMedium" Text="" Template="Default" Name="ItemSlotBack.5" BGColor="white" TextColor="white" Sprite="BK3:UI_BK3_Holo_InsetSimple" Picture="1" TooltipColor="" NewControlDepth="3">
                        <Control Class="Window" LAnchorPoint="0" LAnchorOffset="5" TAnchorPoint="0" TAnchorOffset="5" RAnchorPoint="1" RAnchorOffset="-5" BAnchorPoint="1" BAnchorOffset="-5" RelativeToClient="1" Font="CRB_InterfaceSmall" Text="99" Template="Default" Name="Icon" BGColor="white" TextColor="white" Picture="1" DT_RIGHT="1" DT_BOTTOM="1" TooltipColor="" Subclass="ItemWindowSubclass">
                            <Event Name="GenerateTooltip" Function="OnTooltipAttachment"/>
                        </Control>
                        <Event Name="MouseButtonDown" Function="OnClickAttachment"/>
                    </Control>
                    <Control Class="Window" LAnchorPoint="0" LAnchorOffset="188" TAnchorPoint="1" TAnchorOffset="-43" RAnchorPoint="0" RAnchorOffset="224" BAnchorPoint="1" BAnchorOffset="-7" RelativeToClient="1" Font="CRB_InterfaceMedium" Text="" Template="Default" Name="ItemSlotBack.6" BGColor="white" TextColor="white" Sprite="BK3:UI_BK3_Holo_InsetSimple" Picture="1" TooltipColor="" NewControlDepth="3">
                        <Control Class="Window" LAnchorPoint="0" LAnchorOffset="5" TAnchorPoint="0" TAnchorOffset="5" RAnchorPoint="1" RAnchorOffset="-5" BAnchorPoint="1" BAnchorOffset="-5" RelativeToClient="1" Font="CRB_InterfaceSmall" Text="99" Template="Default" Name="Icon" BGColor="white" TextColor="white" Picture="1" DT_RIGHT="1" DT_BOTTOM="1" TooltipColor="" Subclass="ItemWindowSubclass">
                            <Event Name="GenerateTooltip" Function="OnTooltipAttachment"/>
                        </Control>
                        <Event Name="MouseButtonDown" Function="OnClickAttachment"/>
                    </Control>
                    <Control Class="Window" LAnchorPoint="0" LAnchorOffset="226" TAnchorPoint="1" TAnchorOffset="-43" RAnchorPoint="0" RAnchorOffset="262" BAnchorPoint="1" BAnchorOffset="-7" RelativeToClient="1" Font="CRB_InterfaceMedium" Text="" Template="Default" Name="ItemSlotBack.7" BGColor="white" TextColor="white" Sprite="BK3:UI_BK3_Holo_InsetSimple" Picture="1" TooltipColor="" NewControlDepth="3">
                        <Control Class="Window" LAnchorPoint="0" LAnchorOffset="5" TAnchorPoint="0" TAnchorOffset="5" RAnchorPoint="1" RAnchorOffset="-5" BAnchorPoint="1" BAnchorOffset="-5" RelativeToClient="1" Font="CRB_InterfaceSmall" Text="99" Template="Default" Name="Icon" BGColor="white" TextColor="white" Picture="1" DT_RIGHT="1" DT_BOTTOM="1" TooltipColor="" Subclass="ItemWindowSubclass">
                            <Event Name="GenerateTooltip" Function="OnTooltipAttachment"/>
                        </Control>
                        <Event Name="MouseButtonDown" Function="OnClickAttachment"/>
                    </Control>
                    <Control Class="Window" LAnchorPoint="0" LAnchorOffset="264" TAnchorPoint="1" TAnchorOffset="-43" RAnchorPoint="0" RAnchorOffset="300" BAnchorPoint="1" BAnchorOffset="-7" RelativeToClient="1" Font="CRB_InterfaceMedium" Text="" Template="Default" Name="ItemSlotBack.8" BGColor="white" TextColor="white" Sprite="BK3:UI_BK3_Holo_InsetSimple" Picture="1" TooltipColor="" NewControlDepth="3">
                        <Control Class="Window" LAnchorPoint="0" LAnchorOffset="5" TAnchorPoint="0" TAnchorOffset="5" RAnchorPoint="1" RAnchorOffset="-5" BAnchorPoint="1" BAnchorOffset="-5" RelativeToClient="1" Font="CRB_InterfaceSmall" Text="99" Template="Default" Name="Icon" BGColor="white" TextColor="white" Picture="1" DT_RIGHT="1" DT_BOTTOM="1" TooltipColor="" Subclass="ItemWindowSubclass">
                            <Event Name="GenerateTooltip" Function="OnTooltipAttachment"/>
                        </Control>
                        <Event Name="MouseButtonDown" Function="OnClickAttachment"/>
                    </Control>
                    <Control Class="Window" LAnchorPoint="0" LAnchorOffset="302" TAnchorPoint="1" TAnchorOffset="-43" RAnchorPoint="0" RAnchorOffset="338" BAnchorPoint="1" BAnchorOffset="-7" RelativeToClient="1" Font="CRB_InterfaceMedium" Text="" Template="Default" Name="ItemSlotBack.9" BGColor="white" TextColor="white" Sprite="BK3:UI_BK3_Holo_InsetSimple" Picture="1" TooltipColor="" NewControlDepth="3">
                        <Control Class="Window" LAnchorPoint="0" LAnchorOffset="5" TAnchorPoint="0" TAnchorOffset="5" RAnchorPoint="1" RAnchorOffset="-5" BAnchorPoint="1" BAnchorOffset="-5" RelativeToClient="1" Font="CRB_InterfaceSmall" Text="99" Template="Default" Name="Icon" BGColor="white" TextColor="white" Picture="1" DT_RIGHT="1" DT_BOTTOM="1" TooltipColor="" Subclass="ItemWindowSubclass">
                            <Event Name="GenerateTooltip" Function="OnTooltipAttachment"/>
                        </Control>
                        <Event Name="MouseButtonDown" Function="OnClickAttachment"/>
                    </Control>
                    <Control Class="Window" LAnchorPoint="0" LAnchorOffset="340" TAnchorPoint="1" TAnchorOffset="-43" RAnchorPoint="0" RAnchorOffset="376" BAnchorPoint="1" BAnchorOffset="-7" RelativeToClient="1" Font="CRB_InterfaceMedium" Text="" Template="Default" Name="ItemSlotBack.10" BGColor="white" TextColor="white" Sprite="BK3:UI_BK3_Holo_InsetSimple" Picture="1" TooltipColor="" NewControlDepth="3">
                        <Control Class="Window" LAnchorPoint="0" LAnchorOffset="5" TAnchorPoint="0" TAnchorOffset="5" RAnchorPoint="1" RAnchorOffset="-5" BAnchorPoint="1" BAnchorOffset="-5" RelativeToClient="1" Font="CRB_InterfaceSmall" Text="99" Template="Default" Name="Icon" BGColor="white" TextColor="white" Picture="1" DT_RIGHT="1" DT_BOTTOM="1" TooltipColor="" Subclass="ItemWindowSubclass">
                            <Event Name="GenerateTooltip" Function="OnTooltipAttachment"/>
                        </Control>
                        <Event Name="MouseButtonDown" Function="OnClickAttachment"/>
                    </Control>
                </Control>
            </Control>
            <Control Class="Window" LAnchorPoint="0" LAnchorOffset="13" TAnchorPoint="1" TAnchorOffset="-77" RAnchorPoint="1" RAnchorOffset="-13" BAnchorPoint="1" BAnchorOffset="-13" RelativeToClient="1" Font="CRB_InterfaceMedium" Text="" Template="Default" Name="ArtButtonBack" BGColor="white" TextColor="white" Sprite="BK3:UI_BK3_Holo_InsetFramed" Picture="1" HideInEditor="0" TooltipColor="" IgnoreMouse="1" NoClip="1"/>
        </Control>
        <Control Class="CashWindow" LAnchorPoint="0" LAnchorOffset="19" TAnchorPoint="1" TAnchorOffset="-155" RAnchorPoint="0" RAnchorOffset="185" BAnchorPoint="1" BAnchorOffset="-120" RelativeToClient="1" Font="CRB_InterfaceMedium" Text="" Template="CRB_Default" Name="Gift" BGColor="white" TextColor="UI_TextHoloBodyHighlight" SkipZeroes="1" Border="0" Visible="1" HideInEditor="0" Picture="0" UseTemplateBG="1" NoClip="0" TooltipColor="" NewControlDepth="12" DT_CENTER="0" DT_RIGHT="1"/>
        <Control Class="Window" LAnchorPoint="0" LAnchorOffset="2" TAnchorPoint="0" TAnchorOffset="5" RAnchorPoint="1" RAnchorOffset="-8" BAnchorPoint="1" BAnchorOffset="-159" RelativeToClient="1" Font="CRB_InterfaceMedium" Text="" Template="Default" Name="ContentComplex" BGColor="white" TextColor="white" NewControlDepth="1" HideInEditor="1" TooltipColor="">
            <Control Class="Window" LAnchorPoint="0" LAnchorOffset="52" TAnchorPoint="0" TAnchorOffset="34" RAnchorPoint="0" RAnchorOffset="341" BAnchorPoint="0" BAnchorOffset="54" RelativeToClient="1" Font="CRB_InterfaceMedium" Template="Default" Name="NameText" BGColor="white" TextColor="UI_TextHoloBodyHighlight" TextId="CRB_Name" TooltipColor="" DT_BOTTOM="0" DT_VCENTER="1" Visible="1"/>
            <Control Class="Window" LAnchorPoint="0" LAnchorOffset="16" TAnchorPoint="0" TAnchorOffset="9" RAnchorPoint="1" RAnchorOffset="-27" BAnchorPoint="0" BAnchorOffset="32" RelativeToClient="1" Font="CRB_InterfaceLarge_B" Template="Default" Name="SubjectText" BGColor="white" TextColor="UI_TextHoloTitle" TextId="CRB_Subject_1" TooltipColor="" DT_CENTER="0" DT_VCENTER="1"/>
            <Control Class="EditBox" LAnchorPoint="0" LAnchorOffset="19" TAnchorPoint="0" TAnchorOffset="67" RAnchorPoint="1" RAnchorOffset="-12" BAnchorPoint="1" BAnchorOffset="-101" RelativeToClient="1" Font="CRB_InterfaceMedium" Template="CRB_Scroll_HoloLarge" Name="MessageText" BGColor="white" TextColor="UI_TextHoloBody" DT_WORDBREAK="1" VScroll="1" DT_SINGLELINE="0" DT_BOTTOM="0" DT_VCENTER="0" TextId="CRB_Message" ReadOnly="1" MultiLine="1" TooltipColor="" AutoHideScroll="1"/>
            <Control Class="Window" LAnchorPoint="0" LAnchorOffset="-36" TAnchorPoint="0" TAnchorOffset="37" RAnchorPoint="0" RAnchorOffset="-15" BAnchorPoint="0" BAnchorOffset="56" RelativeToClient="1" Font="Default" Text="" Template="Default" Name="SenderIcon" BGColor="white" TextColor="white" Picture="1" Sprite="WhiteFill" TooltipColor="" HideInEditor="0" IgnoreMouse="1" NoClip="0" Visible="1"/>
        </Control>
        <Control Class="Window" LAnchorPoint="0" LAnchorOffset="0" TAnchorPoint="0" TAnchorOffset="0" RAnchorPoint="1" RAnchorOffset="0" BAnchorPoint="1" BAnchorOffset="0" RelativeToClient="1" Font="CRB_InterfaceMedium" Text="" Template="Default" Name="SentControls" BGColor="white" TextColor="white" NewControlDepth="2" HideInEditor="1" Visible="0" TooltipColor="">
            <Control Class="Window" LAnchorPoint="0" LAnchorOffset="18" TAnchorPoint="0" TAnchorOffset="3" RAnchorPoint="1" RAnchorOffset="2" BAnchorPoint="0" BAnchorOffset="46" RelativeToClient="1" Font="CRB_InterfaceLarge_B" Template="Default" Name="SentText" BGColor="white" TextColor="UI_TextHoloTitle" DT_CENTER="0" DT_VCENTER="1" TextId="CRB_Sent_Message" TooltipColor=""/>
            <Control Class="Window" LAnchorPoint="0" LAnchorOffset="19" TAnchorPoint="1" TAnchorOffset="-403" RAnchorPoint="0" RAnchorOffset="80" BAnchorPoint="1" BAnchorOffset="-383" RelativeToClient="1" Font="CRB_InterfaceMedium" Template="Default" Name="SentToText" BGColor="white" TextColor="UI_TextHoloBodyHighlight" TextId="CRB_To" TooltipColor=""/>
            <Control Class="Window" LAnchorPoint="0" LAnchorOffset="25" TAnchorPoint="1" TAnchorOffset="-71" RAnchorPoint="0" RAnchorOffset="67" BAnchorPoint="1" BAnchorOffset="-49" RelativeToClient="1" Font="CRB_InterfaceMedium_I" Template="Default" Name="StatusLabelText" BGColor="white" TextColor="UI_TextHoloBodyHighlight" TextId="CRB_Status" TooltipColor=""/>
            <Control Class="Button" Base="BK3:btnHolo_Blue_Small" Font="CRB_Button" ButtonType="PushButton" RadioGroup="" LAnchorPoint="0" LAnchorOffset="23" TAnchorPoint="0" TAnchorOffset="382" RAnchorPoint="0" RAnchorOffset="143" BAnchorPoint="0" BAnchorOffset="435" DT_VCENTER="1" DT_CENTER="1" Name="SentRecallBtn" BGColor="white" TextColor="UI_BtnTextBlueNormal" WindowSoundTemplate="PushbuttonDigi03" NormalTextColor="UI_BtnTextBlueNormal" PressedTextColor="UI_BtnTextBluePressed" FlybyTextColor="UI_BtnTextBlueFlyby" PressedFlybyTextColor="UI_BtnTextBluePressedFlyby" DisabledTextColor="UI_BtnTextBlueDisabled" NewControlDepth="3" TextId="CRB_Recall" Text="" TooltipColor="">
                <Event Name="ButtonSignal" Function="OnSentRecallBtn"/>
            </Control>
            <Control Class="Button" Base="BK3:btnHolo_Blue_Small" Font="CRB_Button" ButtonType="PushButton" RadioGroup="" LAnchorPoint=".5" LAnchorOffset="-60" TAnchorPoint="0" TAnchorOffset="382" RAnchorPoint=".5" RAnchorOffset="60" BAnchorPoint="0" BAnchorOffset="435" DT_VCENTER="1" DT_CENTER="1" Name="SentEditBtn" BGColor="white" TextColor="UI_BtnTextBlueNormal" WindowSoundTemplate="PushbuttonDigi03" NormalTextColor="UI_BtnTextBlueNormal" PressedTextColor="UI_BtnTextBluePressed" FlybyTextColor="UI_BtnTextBlueFlyby" PressedFlybyTextColor="UI_BtnTextBluePressedFlyby" DisabledTextColor="UI_BtnTextBlueDisabled" NewControlDepth="3" TextId="CRB_Edit" Text="" TooltipColor="">
                <Event Name="ButtonSignal" Function="OnSentEditBtn"/>
            </Control>
            <Control Class="Button" Base="BK3:btnHolo_Red_Small" Font="CRB_Button" ButtonType="PushButton" RadioGroup="" LAnchorPoint="0" LAnchorOffset="263" TAnchorPoint="0" TAnchorOffset="384" RAnchorPoint="0" RAnchorOffset="383" BAnchorPoint="0" BAnchorOffset="437" DT_VCENTER="1" DT_CENTER="1" Name="SentDeleteBtn" BGColor="white" TextColor="UI_BtnTextRedNormal" WindowSoundTemplate="PushbuttonDigi03" NormalTextColor="UI_BtnTextRedNormal" PressedTextColor="UI_BtnTextRedPressed" FlybyTextColor="UI_BtnTextRedFlyby" PressedFlybyTextColor="UI_BtnTextRedPressedFlyby" DisabledTextColor="UI_BtnTextRedDisabled" NewControlDepth="3" TextId="CRB_Delete" Text="" TooltipColor="">
                <Event Name="ButtonSignal" Function="OnSentDeleteBtn"/>
            </Control>
            <Control Class="Window" LAnchorPoint="0" LAnchorOffset="65" TAnchorPoint="1" TAnchorOffset="-71" RAnchorPoint="0" RAnchorOffset="159" BAnchorPoint="1" BAnchorOffset="-51" RelativeToClient="1" Font="CRB_InterfaceMedium" Template="Default" Name="StatusText" BGColor="white" TextColor="UI_TextHoloBodyHighlight" TextId="CRB_Status_Display" TooltipColor=""/>
        </Control>
        <Control Class="Window" LAnchorPoint="0" LAnchorOffset="0" TAnchorPoint="0" TAnchorOffset="0" RAnchorPoint="1" RAnchorOffset="0" BAnchorPoint="1" BAnchorOffset="0" RelativeToClient="1" Font="CRB_InterfaceMedium" Text="" Template="Default" Name="RecievedControls" BGColor="white" TextColor="UI_TextHoloBodyHighlight" NewControlDepth="2" HideInEditor="0" TooltipColor="">
            <Control Class="Button" Base="BK3:btnHolo_Blue_Small" Font="CRB_Button" ButtonType="PushButton" RadioGroup="" LAnchorPoint="0" LAnchorOffset="13" TAnchorPoint="1" TAnchorOffset="-128" RAnchorPoint="0" RAnchorOffset="200" BAnchorPoint="1" BAnchorOffset="-75" DT_VCENTER="1" DT_CENTER="1" Name="ReceiveTakeCashBtn" BGColor="white" TextColor="white" NormalTextColor="UI_BtnTextBlueNormal" PressedTextColor="UI_BtnTextBluePressed" FlybyTextColor="UI_BtnTextBlueFlyby" PressedFlybyTextColor="UI_BtnTextBluePressedFlyby" DisabledTextColor="UI_BtnTextBlueDisabled" NewControlDepth="3" TextId="CRB_Take_cash" Text="" TooltipColor="">
                <Event Name="ButtonSignal" Function="OnTakeCashBtn"/>
            </Control>
            <Control Class="Button" Base="BK3:btnHolo_Blue_Small" Font="CRB_InterfaceSmall" ButtonType="PushButton" RadioGroup="" LAnchorPoint="0" LAnchorOffset="20" TAnchorPoint="0" TAnchorOffset="374" RAnchorPoint="1" RAnchorOffset="-20" BAnchorPoint="0" BAnchorOffset="427" DT_VCENTER="1" DT_CENTER="1" Name="ReceiveTakeAllBtn" BGColor="white" TextColor="UI_BtnTextBlueNormal" WindowSoundTemplate="PushbuttonDigi03" NormalTextColor="UI_BtnTextBlueNormal" PressedTextColor="UI_BtnTextBluePressed" FlybyTextColor="UI_BtnTextBlueFlyby" PressedFlybyTextColor="UI_BtnTextBluePressedFlyby" DisabledTextColor="UI_BtnTextBlueDisabled" NewControlDepth="3" TextId="Mail_TakeAllItems" Text="" TooltipColor="" HideInEditor="0" Visible="0">
                <Event Name="ButtonSignal" Function="OnTakeAllBtn"/>
            </Control>
            <Control Class="Button" Base="BK3:btnHolo_Blue_Small" Font="CRB_Button" ButtonType="PushButton" RadioGroup="" LAnchorPoint="0" LAnchorOffset="25" TAnchorPoint="1" TAnchorOffset="-70" RAnchorPoint="0" RAnchorOffset="145" BAnchorPoint="1" BAnchorOffset="-17" DT_VCENTER="1" DT_CENTER="1" Name="ReceiveReplyBtn" BGColor="white" TextColor="UI_BtnTextBlueNormal" WindowSoundTemplate="PushbuttonDigi03" NormalTextColor="UI_BtnTextBlueNormal" PressedTextColor="UI_BtnTextBluePressed" FlybyTextColor="UI_BtnTextBlueFlyby" PressedFlybyTextColor="UI_BtnTextBluePressedFlyby" DisabledTextColor="UI_BtnTextBlueDisabled" NewControlDepth="3" TextId="CRB_Reply" TooltipColor="">
                <Event Name="ButtonSignal" Function="OnReplyBtn"/>
            </Control>
            <Control Class="Button" Base="BK3:btnHolo_Blue_Small" Font="CRB_Button" ButtonType="PushButton" RadioGroup="" LAnchorPoint=".5" LAnchorOffset="-60" TAnchorPoint="1" TAnchorOffset="-70" RAnchorPoint=".5" RAnchorOffset="60" BAnchorPoint="1" BAnchorOffset="-17" DT_VCENTER="1" DT_CENTER="1" Name="ReceiveReturnBtn" BGColor="white" TextColor="UI_BtnTextBlueNormal" WindowSoundTemplate="PushbuttonDigi03" NormalTextColor="UI_BtnTextBlueNormal" PressedTextColor="UI_BtnTextBluePressed" FlybyTextColor="UI_BtnTextBlueFlyby" PressedFlybyTextColor="UI_BtnTextBluePressedFlyby" DisabledTextColor="UI_BtnTextBlueDisabled" NewControlDepth="3" TextId="CRB_Return" TooltipColor="">
                <Event Name="ButtonSignal" Function="OnReturnBtn"/>
            </Control>
            <Control Class="Button" Base="BK3:btnHolo_Red_Small" Font="CRB_Button" ButtonType="PushButton" RadioGroup="" LAnchorPoint="0" LAnchorOffset="260" TAnchorPoint="1" TAnchorOffset="-68" RAnchorPoint="0" RAnchorOffset="380" BAnchorPoint="1" BAnchorOffset="-17" DT_VCENTER="1" DT_CENTER="1" Name="ReceiveDeleteBtn" BGColor="white" TextColor="UI_BtnTextRedNormal" WindowSoundTemplate="PushbuttonDigi03" NormalTextColor="UI_BtnTextRedNormal" PressedTextColor="UI_BtnTextRedPressed" FlybyTextColor="UI_BtnTextRedFlyby" PressedFlybyTextColor="UI_BtnTextRedPressedFlyby" DisabledTextColor="UI_BtnTextRedDisabled" NewControlDepth="3" TextId="CRB_Delete" Text="" TooltipColor="">
                <Event Name="ButtonSignal" Function="OnDeleteBtn"/>
            </Control>
            <Pixie LAnchorPoint="0" LAnchorOffset="19" TAnchorPoint="0" TAnchorOffset="37" RAnchorPoint="0" RAnchorOffset="86" BAnchorPoint="0" BAnchorOffset="58" BGColor="white" Font="CRB_InterfaceMedium" TextColor="UI_TextHoloBodyHighlight" TextId="CRB_From" DT_BOTTOM="1" Line="0"/>
        </Control>
        <Control Class="Window" LAnchorPoint="0" LAnchorOffset="0" TAnchorPoint="0" TAnchorOffset="0" RAnchorPoint="1" RAnchorOffset="0" BAnchorPoint="1" BAnchorOffset="0" RelativeToClient="1" Font="CRB_InterfaceMedium" Text="" Template="Default" Name="CODFrame" BGColor="white" TextColor="white" SwallowMouseClicks="1" NewControlDepth="20" HideInEditor="0" Visible="1" TooltipColor="" IgnoreMouse="1">
            <Control Class="Window" LAnchorPoint="0" LAnchorOffset="2" TAnchorPoint="0" TAnchorOffset="62" RAnchorPoint="1" RAnchorOffset="-4" BAnchorPoint="1" BAnchorOffset="0" RelativeToClient="1" Font="CRB_InterfaceMedium" Text="" Template="Default" Name="FlatBlocker" BGColor="white" TextColor="white" Picture="1" SwallowMouseClicks="1" Sprite="" HideInEditor="0" TooltipColor="" TestAlpha="1" IgnoreMouse="1" TextId="">
                <Pixie LAnchorPoint="0" LAnchorOffset="0" TAnchorPoint="0" TAnchorOffset="-26" RAnchorPoint="1" RAnchorOffset="0" BAnchorPoint="1" BAnchorOffset="0" Sprite="BK3:UI_BK3_Holo_Framing_2_Blocker" BGColor="UI_AlphaPercent80" TextColor="black" Rotation="0" Font="CRB_Interface10"/>
            </Control>
            <Control Class="Window" LAnchorPoint=".5" LAnchorOffset="-150" TAnchorPoint=".5" TAnchorOffset="-150" RAnchorPoint=".5" RAnchorOffset="150" BAnchorPoint=".5" BAnchorOffset="150" RelativeToClient="1" Font="CRB_InterfaceMedium" Text="" Template="Default" Name="GlowFrame" BGColor="white" TextColor="white" Picture="1" SwallowMouseClicks="1" Sprite="CRB_Basekit:kitAccent_Frame_OrangeStrokePulse" NewControlDepth="11" HideInEditor="0" TooltipColor="" IgnoreMouse="1" NoClip="0" TestAlpha="1"/>
            <Control Class="Window" LAnchorPoint="0" LAnchorOffset="68" TAnchorPoint="1" TAnchorOffset="-357" RAnchorPoint="1" RAnchorOffset="-68" BAnchorPoint="1" BAnchorOffset="-87" RelativeToClient="1" Font="CRB_InterfaceMedium" Text="" Template="CRB_NormalFramedThin" Name="ButtonBacker" BGColor="white" TextColor="white" Picture="0" Sprite="CRB_Basekit:kitInnerFrame_MetalGrey_Small" NoClip="1" NewControlDepth="12" Border="0" TooltipColor="" IgnoreMouse="1" HideInEditor="0">
                <Control Class="Window" LAnchorPoint="0" LAnchorOffset="-8" TAnchorPoint="0" TAnchorOffset="-8" RAnchorPoint="1" RAnchorOffset="8" BAnchorPoint="1" BAnchorOffset="7" RelativeToClient="1" Font="Default" Text="" Template="Default" TooltipType="OnCursor" Name="BGArt_Fame" BGColor="white" TextColor="white" TooltipColor="" Sprite="" Picture="1" IgnoreMouse="1" NoClip="1"/>
                <Control Class="Window" LAnchorPoint="0" LAnchorOffset="0" TAnchorPoint="0" TAnchorOffset="73" RAnchorPoint="1" RAnchorOffset="0" BAnchorPoint="0" BAnchorOffset="92" RelativeToClient="1" Font="CRB_InterfaceMedium" Template="Default" Name="CostText" BGColor="UI_TextMetalGold" TextColor="UI_TextHoloBodyCyan" DT_WORDBREAK="1" TextId="Mail_CODCost" TooltipColor="" HideInEditor="0" Text="" DT_VCENTER="0" DT_CENTER="1"/>
                <Control Class="Window" LAnchorPoint="1" LAnchorOffset="-204" TAnchorPoint="0" TAnchorOffset="10" RAnchorPoint="1" RAnchorOffset="-12" BAnchorPoint="0" BAnchorOffset="36" RelativeToClient="1" Font="CRB_InterfaceMedium" Text="" Template="Default" Name="CashBack" BGColor="white" TextColor="white" Picture="1" Sprite="" TooltipColor="" HideInEditor="0"/>
                <Control Class="Button" Base="BK3:btnHolo_Blue_Small" Font="CRB_Button" ButtonType="PushButton" RadioGroup="" LAnchorPoint="0" LAnchorOffset="21" TAnchorPoint="0" TAnchorOffset="145" RAnchorPoint=".5" RAnchorOffset="-5" BAnchorPoint="0" BAnchorOffset="198" DT_VCENTER="1" DT_CENTER="1" Name="AcceptCODBtn" BGColor="white" TextColor="white" WindowSoundTemplate="TogglePhys01" NewControlDepth="12" TextId="CRB_Accept" TooltipColor="" NormalTextColor="UI_BtnTextBlueNormal" PressedTextColor="UI_BtnTextBluePressed" FlybyTextColor="UI_BtnTextBlueFlyby" PressedFlybyTextColor="UI_BtnTextBluePressedFlyby" DisabledTextColor="UI_BtnTextBlueDisabled" HideInEditor="0">
                    <Event Name="ButtonSignal" Function="OnAcceptCODBtn"/>
                </Control>
                <Control Class="Button" Base="BK3:btnHolo_Red_Small" Font="CRB_Button" ButtonType="PushButton" RadioGroup="" LAnchorPoint=".5" LAnchorOffset="5" TAnchorPoint="0" TAnchorOffset="146" RAnchorPoint="1" RAnchorOffset="-15" BAnchorPoint="0" BAnchorOffset="199" DT_VCENTER="1" DT_CENTER="1" Name="RejectCODBtn" BGColor="white" TextColor="white" WindowSoundTemplate="TogglePhys01" NewControlDepth="12" TextId="CRB_Reject" TooltipColor="" NormalTextColor="UI_BtnTextRedNormal" PressedTextColor="UI_BtnTextRedPressed" FlybyTextColor="UI_BtnTextRedFlyby" PressedFlybyTextColor="UI_BtnTextRedPressedFlyby" DisabledTextColor="UI_BtnTextRedDisabled" HideInEditor="0">
                    <Event Name="ButtonSignal" Function="OnRejectCODBtn"/>
                </Control>
                <Control Class="CashWindow" LAnchorPoint="0" LAnchorOffset="0" TAnchorPoint="0" TAnchorOffset="95" RAnchorPoint="1" RAnchorOffset="0" BAnchorPoint="0" BAnchorOffset="115" RelativeToClient="1" Font="CRB_InterfaceMedium" Text="" Template="Default" Name="CODCash" BGColor="white" TextColor="white" SkipZeroes="1" DT_RIGHT="0" TooltipColor="" HideInEditor="0" DT_CENTER="1"/>
            </Control>
        </Control>
        <Control Class="Button" Base="BK3:btnHolo_Close" Font="CRB_InterfaceMedium" ButtonType="PushButton" RadioGroup="" LAnchorPoint="1" LAnchorOffset="-46" TAnchorPoint="0" TAnchorOffset="3" RAnchorPoint="1" RAnchorOffset="-1" BAnchorPoint="0" BAnchorOffset="49" DT_VCENTER="1" DT_CENTER="1" Name="MessageCloseBtn" BGColor="white" TextColor="white" WindowSoundTemplate="CloseWindowPhys" NewControlDepth="2" TooltipColor="" NormalTextColor="white" PressedTextColor="white" FlybyTextColor="white" PressedFlybyTextColor="white" DisabledTextColor="white" NewWindowDepth="1">
            <Event Name="ButtonSignal" Function="OnCloseBtn"/>
        </Control>
        <Event Name="WindowClosed" Function="OnClosed"/>
    </Form>
    <Form Class="Window" LAnchorPoint=".5" LAnchorOffset="-200" TAnchorPoint=".5" TAnchorOffset="-137" RAnchorPoint=".5" RAnchorOffset="200" BAnchorPoint=".5" BAnchorOffset="91" RelativeToClient="1" Font="CRB_InterfaceMedium" Text="" Template="Default" Name="ErrorMessage" Border="0" Picture="0" SwallowMouseClicks="1" Moveable="1" Escapable="1" Overlapped="1" BGColor="white" TextColor="white" Visible="1" TooltipColor="" Tooltip="">
        <Control Class="Window" LAnchorPoint="0" LAnchorOffset="0" TAnchorPoint="0" TAnchorOffset="0" RAnchorPoint="1" RAnchorOffset="0" BAnchorPoint="1" BAnchorOffset="0" RelativeToClient="1" Font="Default" Text="" Template="Default" TooltipType="OnCursor" Name="ArtBG" BGColor="white" TextColor="white" TooltipColor="">
            <Control Class="Window" LAnchorPoint="0" LAnchorOffset="0" TAnchorPoint="0" TAnchorOffset="0" RAnchorPoint="1" RAnchorOffset="0" BAnchorPoint="1" BAnchorOffset="0" RelativeToClient="1" Font="Default" Text="" Template="" TooltipType="OnCursor" Name="ArtBG_Frame" BGColor="white" TextColor="white" TooltipColor="" Picture="1" IgnoreMouse="1" Sprite="BK3:sprHolo_Alert_Confirm" Border="1" UseTemplateBG="1"/>
        </Control>
        <Control Class="Button" Base="BK3:btnHolo_Close" Font="CRB_InterfaceMedium" ButtonType="PushButton" RadioGroup="" LAnchorPoint="1" LAnchorOffset="-62" TAnchorPoint="0" TAnchorOffset="19" RAnchorPoint="1" RAnchorOffset="-21" BAnchorPoint="0" BAnchorOffset="63" DT_VCENTER="1" DT_CENTER="1" Name="CloseBtn" BGColor="white" TextColor="white" NewControlDepth="1" TooltipColor="" NormalTextColor="white" PressedTextColor="white" FlybyTextColor="white" PressedFlybyTextColor="white" DisabledTextColor="white" Text="">
            <Event Name="ButtonUp" Function="OnCloseErrorBtn"/>
        </Control>
        <Control Class="Window" LAnchorPoint="0" LAnchorOffset="70" TAnchorPoint="1" TAnchorOffset="-161" RAnchorPoint="1" RAnchorOffset="-70" BAnchorPoint="1" BAnchorOffset="-100" RelativeToClient="1" Font="Default" Text="" Template="Default" TooltipType="OnCursor" Name="MessageBacker" BGColor="white" TextColor="white" TooltipColor="" Picture="1" IgnoreMouse="1" Sprite="">
            <Control Class="Window" LAnchorPoint="0" LAnchorOffset="0" TAnchorPoint="0" TAnchorOffset="0" RAnchorPoint="1" RAnchorOffset="0" BAnchorPoint="1" BAnchorOffset="0" RelativeToClient="1" Font="CRB_InterfaceMedium" Text="Error Sending Mail" Template="Holo_TextCallout" TooltipType="OnCursor" Name="ErrorMessageBody" BGColor="white" TextColor="UI_TextHoloBodyHighlight" TooltipColor="" DT_CENTER="1" DT_VCENTER="1" TextId="" Border="1" IgnoreMouse="1" UseTemplateBG="1" NewControlDepth="2" DT_WORDBREAK="1"/>
        </Control>
        <Control Class="Button" Base="BK3:btnHolo_Blue_Med" Font="CRB_Button" ButtonType="PushButton" RadioGroup="" LAnchorPoint=".5" LAnchorOffset="-75" TAnchorPoint="1" TAnchorOffset="-95" RAnchorPoint=".5" RAnchorOffset="75" BAnchorPoint="1" BAnchorOffset="-23" DT_VCENTER="1" DT_CENTER="1" Name="CloseErrorBtn" BGColor="white" TextColor="white" WindowSoundTemplate="TogglePhys02" TextId="CRB_OK" TooltipColor="" NormalTextColor="UI_BtnTextBlueNormal" PressedTextColor="UI_BtnTextBluePressed" FlybyTextColor="UI_BtnTextBlueFlyby" PressedFlybyTextColor="UI_BtnTextBluePressedFlyby" DisabledTextColor="UI_BtnTextBlueDisabled" Text="">
            <Event Name="ButtonUp" Function="OnCloseErrorBtn"/>
        </Control>
        <Control Class="Window" LAnchorPoint="0" LAnchorOffset="50" TAnchorPoint="0" TAnchorOffset="24" RAnchorPoint="1" RAnchorOffset="-50" BAnchorPoint="0" BAnchorOffset="59" RelativeToClient="1" Font="CRB_HeaderMedium" Text="" Template="Default" TooltipType="OnCursor" Name="ErrorMessageHeader" BGColor="white" TextColor="UI_BtnTextRedNormal" TooltipColor="" DT_CENTER="1" DT_VCENTER="1" TextId="GenericError_Mail_FailedToCreate" Tooltip=""/>
    </Form>
</Forms>
