<?xml version="1.0" ?>
<Forms>
    <Form Name="PlayerTicketDialog" Class="Window" LAnchorPoint=".5" LAnchorOffset="-300" TAnchorPoint=".5" TAnchorOffset="-300" RAnchorPoint=".5" RAnchorOffset="300" BAnchorPoint=".5" BAnchorOffset="300" Template="CRB_NormalFramedThin" Moveable="1" Border="0" Sprite="BlackFill" Picture="0" BGOpacity=".5" BGColor="ffffffff" TextColor="ffffffff" Overlapped="1" UseTemplateBG="0" Escapable="1" TooltipColor="" Tooltip="">
        <Control Class="Window" LAnchorPoint="0" LAnchorOffset="23" TAnchorPoint="0" TAnchorOffset="68" RAnchorPoint="1" RAnchorOffset="-25" BAnchorPoint="1" BAnchorOffset="-19" RelativeToClient="1" Font="Default" Text="" Template="Holo_Background_General" TooltipType="OnCursor" Name="BGArt" BGColor="ffffffff" TextColor="ffffffff" TooltipColor="">
            <Control Class="Window" LAnchorPoint="0" LAnchorOffset="19" TAnchorPoint="0" TAnchorOffset="184" RAnchorPoint="1" RAnchorOffset="-19" BAnchorPoint="0" BAnchorOffset="430" RelativeToClient="1" Font="Default" Text="" BGColor="UI_WindowBGDefault" TextColor="UI_WindowTextDefault" Template="Default" TooltipType="OnCursor" Name="Input Box" TooltipColor="" Picture="1" IgnoreMouse="1" Sprite="BK3:UI_BK3_Holo_InsetHeader"/>
            <Control Class="Window" LAnchorPoint="0" LAnchorOffset="20" TAnchorPoint="0" TAnchorOffset="18" RAnchorPoint="1" RAnchorOffset="-17" BAnchorPoint="0" BAnchorOffset="178" RelativeToClient="1" Font="Default" Text="" BGColor="UI_WindowBGDefault" TextColor="UI_WindowTextDefault" Template="Default" TooltipType="OnCursor" Name="Title Box Framings" TooltipColor="" Picture="1" IgnoreMouse="1" Sprite="BK3:UI_BK3_Holo_InsetSimple"/>
            <Control Class="Window" LAnchorPoint="0" LAnchorOffset="10" TAnchorPoint="0" TAnchorOffset="192" RAnchorPoint="1" RAnchorOffset="0" BAnchorPoint="0" BAnchorOffset="212" RelativeToClient="1" Font="CRB_HeaderMedium" Text="" BGColor="UI_WindowBGDefault" TextColor="white" Template="Default" TooltipType="OnCursor" Name="Friend" TooltipColor="" TextId="PlayerTicket_DescriptionHeader" DT_CENTER="1" DT_VCENTER="1"/>
        </Control>
        <Control Class="EditBox" Name="PlayerTicketTextEntry" ReadOnly="0" MultiLine="1" Template="Holo_ScrollList" VScroll="0" LAnchorPoint="0" LAnchorOffset="55" TAnchorPoint="0" TAnchorOffset="301" RAnchorPoint="1" RAnchorOffset="-52" BAnchorPoint="1" BAnchorOffset="-109" BGColor="ff000000" TextColor="UI_TextHoloBody" Focus="True" Border="0" UseTemplateBG="0" RelativeToClient="1" TextId="CRB_click_here" TooltipColor="" LoseFocusOnExternalClick="1" DT_WORDBREAK="1" NewControlDepth="5" Font="CRB_InterfaceMedium">
            <Event Name="EditBoxReturn" Function="OnOkBtn"/>
            <Event Name="EditBoxChanged" Function="OnTextChanged"/>
        </Control>
        <Control Class="Grid" LAnchorPoint="0" LAnchorOffset="45" TAnchorPoint="0" TAnchorOffset="88" RAnchorPoint="0.5" RAnchorOffset="-2" BAnchorPoint="0" BAnchorOffset="244" RelativeToClient="1" Font="CRB_InterfaceMedium" Text="" Template="Holo_ScrollListSmall" TooltipType="OnCursor" Name="Category" BGColor="ffffffff" TextColor="ffffffff" TooltipColor="" CellBGNormalColor="white" CellBGSelectedColor="white" CellBGNormalFocusColor="white" CellBGSelectedFocusColor="white" TextNormalColor="UI_BtnTextHoloNormal" TextSelectedColor="UI_BtnTextHoloPressed" TextNormalFocusColor="UI_BtnTextHoloFlyby" TextSelectedFocusColor="UI_BtnTextHoloPressedFlyby" Border="1" VScroll="1" UseTemplateBG="1" HeaderRow="1" SelectWholeRow="1" NoClip="1" NewControlDepth="8" HeaderBG="BK3:btnHolo_ListView_TopFlyby" HeaderFont="CRB_InterfaceSmall" DT_VCENTER="1" CellBGBase="BK3:btnHolo_ListView_Mid" HeaderHeight="25" RowHeight="32" HorzRowMargin="8" HorzCellMargin="0" Picture="0">
            <Event Name="GridSelChange" Function="PopulateSubtypeCombo"/>
            <Column Name="Category" Width="220" TextColor="UI_BtnTextHoloPressedFlyby" Image="" MinWidth="10" MaxWidth="2048" MergeLeft="0" SimpleSort="1" DT_VCENTER="1"/>
        </Control>
        <Control Class="Grid" LAnchorPoint=".5" LAnchorOffset="3" TAnchorPoint="0" TAnchorOffset="88" RAnchorPoint="1" RAnchorOffset="-44" BAnchorPoint="0" BAnchorOffset="244" RelativeToClient="1" Font="CRB_InterfaceMedium" Text="" Template="Holo_ScrollListSmall" TooltipType="OnCursor" Name="SubCategory" BGColor="ffffffff" TextColor="ffffffff" TooltipColor="" CellBGNormalColor="white" CellBGSelectedColor="white" CellBGNormalFocusColor="white" CellBGSelectedFocusColor="white" TextNormalColor="UI_BtnTextHoloNormal" TextSelectedColor="UI_BtnTextHoloPressed" TextNormalFocusColor="UI_BtnTextHoloFlyby" TextSelectedFocusColor="UI_BtnTextHoloPressedFlyby" Border="1" VScroll="1" UseTemplateBG="1" HeaderRow="1" SelectWholeRow="1" NoClip="1" NewControlDepth="8" HeaderBG="BK3:btnHolo_ListView_TopFlyby" HeaderFont="CRB_InterfaceSmall" DT_VCENTER="1" CellBGBase="BK3:btnHolo_ListView_Mid" HeaderHeight="25" RowHeight="32" HorzRowMargin="8" HorzCellMargin="0">
            <Event Name="GridSelChange" Function="OnSubcategoryChanged"/>
            <Column Name="Sub-Category" Width="220" TextColor="UI_BtnTextHoloPressedFlyby" Image="" MinWidth="10" MaxWidth="2048" MergeLeft="0" SimpleSort="1" DT_VCENTER="1"/>
        </Control>
        <Control Class="Window" LAnchorPoint=".5" LAnchorOffset="3" TAnchorPoint="0" TAnchorOffset="89" RAnchorPoint="1" RAnchorOffset="-44" BAnchorPoint="0" BAnchorOffset="245" RelativeToClient="1" Font="Default" Text="" Template="Default" TooltipType="OnCursor" Name="SubCatBlocker" BGColor="cf000000" TextColor="ffffffff" TooltipColor="" IgnoreMouse="1" NewWindowDepth="1" Picture="1" Sprite="WhiteFill" HideInEditor="0">
            <Pixie LAnchorPoint="0" LAnchorOffset="-10" TAnchorPoint="0" TAnchorOffset="-10" RAnchorPoint="1" RAnchorOffset="10" BAnchorPoint="1" BAnchorOffset="10" BGColor="ffffffff" Font="CRB_InterfaceMedium" TextColor="UI_TextHoloBodyHighlight" Text="" TextId="PlayerTicket_SelectCategory" Sprite="CRB_Basekit:kitAccent_Frame_BlueStroke" DT_CENTER="1" DT_VCENTER="1" Line="0"/>
        </Control>
        <Control Class="Window" LAnchorPoint="0" LAnchorOffset="0" TAnchorPoint="0" TAnchorOffset="0" RAnchorPoint="1" RAnchorOffset="0" BAnchorPoint="1" BAnchorOffset="0" RelativeToClient="1" Font="Default" Text="" BGColor="UI_WindowBGDefault" TextColor="UI_WindowTextDefault" Template="Metal_Primary_NoNav" TooltipType="OnCursor" Name="MainFrame" TooltipColor="" Picture="0" IgnoreMouse="1" Border="1" UseTemplateBG="1">
            <Control Class="Window" LAnchorPoint="0" LAnchorOffset="-2" TAnchorPoint="0" TAnchorOffset="508" RAnchorPoint="1" RAnchorOffset="4" BAnchorPoint="0" BAnchorOffset="578" RelativeToClient="1" Font="Default" Text="" BGColor="UI_WindowBGDefault" TextColor="UI_WindowTextDefault" Template="Default" TooltipType="OnCursor" Name="MetalFooter" TooltipColor="" Sprite="BK3:UI_BK3_Metal_Footer_Large" Picture="1" IgnoreMouse="1"/>
            <Control Class="Window" LAnchorPoint=".5" LAnchorOffset="-150" TAnchorPoint="0" TAnchorOffset="24" RAnchorPoint=".5" RAnchorOffset="150" BAnchorPoint="0" BAnchorOffset="60" RelativeToClient="1" Font="CRB_HeaderMedium" Text="" BGColor="UI_WindowBGDefault" TextColor="UI_WindowTitleYellow" Template="Default" TooltipType="OnCursor" Name="Header" TooltipColor="" Sprite="BK3:sprMetal_Framing_Header" Picture="1" IgnoreMouse="1" TextId="PlayerTicket_SubmitATicket" DT_CENTER="1" DT_VCENTER="1"/>
        </Control>
        <Control Class="Button" Base="CRB_Basekit:kitBtn_Metal_LargeGreen" Font="CRB_Button" ButtonType="PushButton" RadioGroup="" LAnchorPoint="1" LAnchorOffset="-266" TAnchorPoint="1" TAnchorOffset="-79" RAnchorPoint="1" RAnchorOffset="-153" BAnchorPoint="1" BAnchorOffset="-30" DT_VCENTER="1" DT_CENTER="1" Name="OkBtn" BGColor="ffffffff" TextColor="ffffffff" RelativeToClient="1" TextId="PlayerTicket_SendTicketBtn" TooltipColor="" NormalTextColor="UI_BtnTextGreenNormal" PressedTextColor="UI_BtnTextGreenPressed" FlybyTextColor="UI_BtnTextGreenFlyby" PressedFlybyTextColor="UI_BtnTextGreenPressedFlyby" DisabledTextColor="UI_BtnTextGreenDisabled" NewControlDepth="5" Text="">
            <Event Name="ButtonSignal" Function="OnOkBtn"/>
        </Control>
        <Control Class="Button" Base="CRB_Basekit:kitBtn_Metal_LargeRed" Font="CRB_Button" ButtonType="PushButton" RadioGroup="" LAnchorPoint="1" LAnchorOffset="-147" TAnchorPoint="1" TAnchorOffset="-79" RAnchorPoint="1" RAnchorOffset="-35" BAnchorPoint="1" BAnchorOffset="-30" DT_VCENTER="1" DT_CENTER="1" Name="CancelBtn" BGColor="ffffffff" TextColor="ffffffff" RelativeToClient="1" TextId="CRB_Cancel" TooltipColor="" NormalTextColor="UI_BtnTextRedNormal" PressedTextColor="UI_BtnTextRedPressed" FlybyTextColor="UI_BtnTextRedFlyby" PressedFlybyTextColor="UI_BtnTextRedPressedFlyby" DisabledTextColor="UI_BtnTextRedDisabled" NewControlDepth="5">
            <Event Name="ButtonSignal" Function="OnCancelBtn"/>
        </Control>
        <Control Class="Button" Base="CRB_Basekit:kitBtn_Close" Font="Thick" ButtonType="PushButton" RadioGroup="" LAnchorPoint="0" LAnchorOffset="549" TAnchorPoint="0" TAnchorOffset="24" RAnchorPoint="0" RAnchorOffset="584" BAnchorPoint="0" BAnchorOffset="56" DT_VCENTER="1" DT_CENTER="1" TooltipType="OnCursor" Name="BtnCloseTicket" BGColor="ffffffff" TextColor="ffffffff" TooltipColor="" NormalTextColor="ffffffff" PressedTextColor="ffffffff" FlybyTextColor="ffffffff" PressedFlybyTextColor="ffffffff" DisabledTextColor="ffffffff">
            <Event Name="ButtonSignal" Function="OnCancelBtn"/>
        </Control>
    </Form>
    <Form Name="SendTicketDialog" Class="Window" LAnchorPoint=".5" LAnchorOffset="-300" TAnchorPoint=".5" TAnchorOffset="-300" RAnchorPoint=".5" RAnchorOffset="300" BAnchorPoint=".5" BAnchorOffset="300" Template="" Moveable="1" Border="0" Sprite="BlackFill" Picture="0" BGOpacity=".5" BGColor="ffffffff" TextColor="ffffffff" Overlapped="1" UseTemplateBG="1" Escapable="1" TooltipColor="" Tooltip="" Text="" CloseOnExternalClick="0">
        <Control Class="Window" LAnchorPoint="0" LAnchorOffset="23" TAnchorPoint="0" TAnchorOffset="68" RAnchorPoint="1" RAnchorOffset="-25" BAnchorPoint="1" BAnchorOffset="-19" RelativeToClient="1" Font="Default" Text="" Template="Holo_Background_General" TooltipType="OnCursor" Name="BGArt" BGColor="ffffffff" TextColor="ffffffff" TooltipColor="">
            <Control Class="Window" LAnchorPoint="0" LAnchorOffset="19" TAnchorPoint="0" TAnchorOffset="184" RAnchorPoint="1" RAnchorOffset="-19" BAnchorPoint="0" BAnchorOffset="430" RelativeToClient="1" Font="Default" Text="" BGColor="UI_WindowBGDefault" TextColor="UI_WindowTextDefault" Template="Default" TooltipType="OnCursor" Name="Input Box" TooltipColor="" Picture="1" IgnoreMouse="1" Sprite="BK3:UI_BK3_Holo_InsetHeader"/>
            <Control Class="Window" LAnchorPoint="0" LAnchorOffset="20" TAnchorPoint="0" TAnchorOffset="18" RAnchorPoint="1" RAnchorOffset="-17" BAnchorPoint="0" BAnchorOffset="178" RelativeToClient="1" Font="Default" Text="" BGColor="UI_WindowBGDefault" TextColor="UI_WindowTextDefault" Template="Default" TooltipType="OnCursor" Name="Title Box Framings" TooltipColor="" Picture="1" IgnoreMouse="1" Sprite="BK3:UI_BK3_Holo_InsetSimple"/>
            <Control Class="Window" LAnchorPoint="0" LAnchorOffset="10" TAnchorPoint="0" TAnchorOffset="192" RAnchorPoint="1" RAnchorOffset="0" BAnchorPoint="0" BAnchorOffset="212" RelativeToClient="1" Font="CRB_HeaderMedium" Text="" BGColor="UI_WindowBGDefault" TextColor="white" Template="Default" TooltipType="OnCursor" Name="Friend" TooltipColor="" TextId="Description" DT_CENTER="1" DT_VCENTER="1"/>
        </Control>
        <Control Class="Grid" LAnchorPoint="0" LAnchorOffset="45" TAnchorPoint="0" TAnchorOffset="88" RAnchorPoint="0.5" RAnchorOffset="-2" BAnchorPoint="0" BAnchorOffset="244" RelativeToClient="1" Font="Default" Text="" Template="Holo_ScrollListSmall" TooltipType="OnCursor" Name="Category" BGColor="ffffffff" TextColor="ffffffff" TooltipColor="" CellBGNormalColor="" CellBGSelectedColor="" CellBGNormalFocusColor="" CellBGSelectedFocusColor="" TextNormalColor="" TextSelectedColor="" TextNormalFocusColor="" TextSelectedFocusColor="" Border="1" VScroll="1" UseTemplateBG="1" HeaderRow="0" SelectWholeRow="1" Picture="0" NewControlDepth="1">
            <Event Name="GridSelChange" Function="OnCategoryChanged"/>
        </Control>
        <Control Class="Grid" LAnchorPoint="0.5" LAnchorOffset="3" TAnchorPoint="0" TAnchorOffset="88" RAnchorPoint="1" RAnchorOffset="-44" BAnchorPoint="0" BAnchorOffset="244" RelativeToClient="1" Font="Default" Text="" Template="Holo_ScrollListSmall" TooltipType="OnCursor" Name="SubCategory" BGColor="ffffffff" TextColor="ffffffff" TooltipColor="" CellBGNormalColor="" CellBGSelectedColor="" CellBGNormalFocusColor="" CellBGSelectedFocusColor="" TextNormalColor="" TextSelectedColor="" TextNormalFocusColor="" TextSelectedFocusColor="" Border="1" VScroll="1" UseTemplateBG="1">
            <Event Name="GridSelChange" Function="OnSubcategoryChanged"/>
        </Control>
        <Control Class="EditBox" Name="Description" ReadOnly="0" MultiLine="1" Template="Holo_ScrollList" VScroll="0" LAnchorPoint="0" LAnchorOffset="52" TAnchorPoint="1" TAnchorOffset="-296" RAnchorPoint="1" RAnchorOffset="-54" BAnchorPoint="1" BAnchorOffset="-113" BGColor="ff000000" TextColor="ffffffff" Focus="True" Border="1" UseTemplateBG="1" RelativeToClient="1" TextId="" TooltipColor="" Text="" WantReturn="1" DT_WORDBREAK="1">
            <Event Name="EditBoxReturn" Function="OnOkBtn"/>
            <Event Name="EditBoxChanged" Function="OnDescriptionChanged"/>
        </Control>
        <Control Class="Window" LAnchorPoint="0" LAnchorOffset="0" TAnchorPoint="0" TAnchorOffset="0" RAnchorPoint="1" RAnchorOffset="0" BAnchorPoint="1" BAnchorOffset="0" RelativeToClient="1" Font="Default" Text="" BGColor="UI_WindowBGDefault" TextColor="UI_WindowTextDefault" Template="Metal_Primary_NoNav" TooltipType="OnCursor" Name="MainFrame" TooltipColor="" Picture="0" IgnoreMouse="1" Border="1" UseTemplateBG="1">
            <Control Class="Window" LAnchorPoint="0" LAnchorOffset="-2" TAnchorPoint="0" TAnchorOffset="508" RAnchorPoint="1" RAnchorOffset="4" BAnchorPoint="0" BAnchorOffset="578" RelativeToClient="1" Font="Default" Text="" BGColor="UI_WindowBGDefault" TextColor="UI_WindowTextDefault" Template="Default" TooltipType="OnCursor" Name="MetalFooter" TooltipColor="" Sprite="BK3:UI_BK3_Metal_Footer_Large" Picture="1" IgnoreMouse="1"/>
            <Control Class="Window" LAnchorPoint=".5" LAnchorOffset="-150" TAnchorPoint="0" TAnchorOffset="24" RAnchorPoint=".5" RAnchorOffset="150" BAnchorPoint="0" BAnchorOffset="60" RelativeToClient="1" Font="CRB_HeaderMedium" Text="" BGColor="UI_WindowBGDefault" TextColor="UI_WindowTitleYellow" Template="Default" TooltipType="OnCursor" Name="Header" TooltipColor="" Sprite="BK3:sprMetal_Framing_Header" Picture="1" IgnoreMouse="1" TextId="InterfaceMenu_ReportBug" DT_CENTER="1" DT_VCENTER="1"/>
        </Control>
        <Control Class="Button" Name="CloseBtn" ButtonType="PushButton" Base="CRB_Basekit:kitBtn_Close" Text="" Font="CRB_HeaderMedium" DT_CENTER="1" DT_VCENTER="1" NewControlDepth="1" NoClip="1" LAnchorPoint="1" LAnchorOffset="-50" TAnchorPoint="0" TAnchorOffset="23" RAnchorPoint="1" RAnchorOffset="-20" BAnchorPoint="0" BAnchorOffset="55" BGColor="ffffffff" TextColor="ffffffff" TooltipColor="" NormalTextColor="ffffffff" PressedTextColor="ffffffff" FlybyTextColor="ffffffff" PressedFlybyTextColor="ffffffff" DisabledTextColor="ffffffff">
            <Event Name="ButtonSignal" Function="OnCancelBtn"/>
        </Control>
        <Control Class="Button" Base="CRB_Basekit:kitBtn_Metal_LargeBlue" Font="CRB_Button" ButtonType="PushButton" RadioGroup="" LAnchorPoint="1" LAnchorOffset="-154" TAnchorPoint="1" TAnchorOffset="-79" RAnchorPoint="1" RAnchorOffset="-35" BAnchorPoint="1" BAnchorOffset="-31" DT_VCENTER="1" DT_CENTER="1" Name="ReportBugBtn" BGColor="ffffffff" TextColor="ffffffff" RelativeToClient="1" TextId="PlayerTicket_SubmitTicketBtn" TooltipColor="" NormalTextColor="UI_BtnTextBlueNormal" PressedTextColor="UI_BtnTextBluePressed" FlybyTextColor="UI_BtnTextBlueFlyby" PressedFlybyTextColor="UI_BtnTextBluePressedFlyby" DisabledTextColor="UI_BtnTextBlueDisabled" Text="">
            <Event Name="ButtonSignal" Function="OnReportBug"/>
        </Control>
    </Form>
</Forms>
