<?xml version="1.0" encoding="UTF-8" standalone="yes" ?>
<Forms>
    <Form Class="Window" LAnchorPoint="0.5" LAnchorOffset="-200" TAnchorPoint="0.5" TAnchorOffset="-200" RAnchorPoint="0.5" RAnchorOffset="200" BAnchorPoint="0.5" BAnchorOffset="200" RelativeToClient="1" Font="CRB_HeaderLarge" Text="" Template="Holo_Medium" TooltipType="OnCursor" Name="CraftingSummaryScreenForm" BGColor="white" TextColor="UI_WindowTitleYellow" TooltipColor="" IgnoreMouse="1" Sprite="" HideInEditor="0" Visible="1" Overlapped="1" Tooltip="" TooltipId="" Moveable="0" Picture="1" Border="1" UseTemplateBG="1" TextId="" DT_CENTER="1">
        <Control Class="Window" LAnchorPoint="0" LAnchorOffset="85" TAnchorPoint="0" TAnchorOffset="25" RAnchorPoint="1" RAnchorOffset="0" BAnchorPoint="0" BAnchorOffset="100" RelativeToClient="1" Font="CRB_InterfaceLarge_BO" Text="" Template="Default" TooltipType="OnCursor" Name="CraftingSummaryResultsTitle" BGColor="white" TextColor="UI_WindowTitleYellow" TooltipColor="" TextId="CRB__2" DT_WORDBREAK="1"/>
        <Control Class="Window" LAnchorPoint="0" LAnchorOffset="0" TAnchorPoint="0" TAnchorOffset="105" RAnchorPoint="1" RAnchorOffset="0" BAnchorPoint="1" BAnchorOffset="0" RelativeToClient="1" Font="Default" Text="" BGColor="UI_WindowBGDefault" TextColor="UI_WindowTextDefault" Template="Holo_Inset_Callout" TooltipType="OnCursor" Name="CraftingSummaryTextBG" TooltipColor="" IgnoreMouse="1" UseTemplateBG="1" Picture="1" Border="1">
            <Control Class="Window" LAnchorPoint="0" LAnchorOffset="0" TAnchorPoint="0" TAnchorOffset="0" RAnchorPoint="1" RAnchorOffset="0" BAnchorPoint="1" BAnchorOffset="-70" RelativeToClient="1" Font="Default" Text="" Template="CRB_Scroll_HoloSmall" TooltipType="OnCursor" Name="CraftingSummaryDetailsScroll" BGColor="white" TextColor="white" TooltipColor="" VScroll="1" IgnoreMouse="1" AutoHideScroll="1">
                <Control Class="MLWindow" LAnchorPoint="0" LAnchorOffset="0" TAnchorPoint="0" TAnchorOffset="0" RAnchorPoint="1" RAnchorOffset="0" BAnchorPoint="0" BAnchorOffset="0" RelativeToClient="1" Font="CRB_InterfaceMedium_B" Text="" Template="CRB_Scroll_HoloSmall" Name="CraftingSummaryDetails" BGColor="white" TextColor="UI_TextHoloBody" TextId="" TooltipColor="" DT_WORDBREAK="1" Visible="1" IgnoreMouse="1" TransitionShowHide="1" UseTransitionSprite="0" VScroll="0" AutoHideScroll="0"/>
            </Control>
            <Control Class="Window" LAnchorPoint="0" LAnchorOffset="0" TAnchorPoint="1" TAnchorOffset="-70" RAnchorPoint="1" RAnchorOffset="0" BAnchorPoint="1" BAnchorOffset="0" RelativeToClient="1" Font="Default" Text="" Template="Default" TooltipType="OnCursor" Name="CraftingSummaryXPProgBG" BGColor="white" TextColor="white" TooltipColor="" Sprite="CRB_Basekit:kitBase_HoloBlue_Tiny" Picture="1" IgnoreMouse="1" HideInEditor="0">
                <Control Class="Window" LAnchorPoint="0" LAnchorOffset="20" TAnchorPoint="0" TAnchorOffset="10" RAnchorPoint="1" RAnchorOffset="-20" BAnchorPoint="0" BAnchorOffset="30" RelativeToClient="1" Font="CRB_InterfaceSmall_O" Text="" Template="Default" TooltipType="OnCursor" Name="CraftingSummaryXPProgText" BGColor="white" TextColor="UI_TextHoloBody" TooltipColor="" TextId="CRB__2" DT_CENTER="1" DT_VCENTER="1" Sprite="" Picture="1" IgnoreMouse="1" TooltipFont="CRB_InterfaceSmall_O"/>
                <Control Class="Window" LAnchorPoint="0" LAnchorOffset="10" TAnchorPoint="0" TAnchorOffset="28" RAnchorPoint="1" RAnchorOffset="-10" BAnchorPoint="0" BAnchorOffset="61" RelativeToClient="1" Font="Default" Text="" Template="Default" TooltipType="OnCursor" Name="CraftingSummaryXPProgBarBG" BGColor="white" TextColor="white" TooltipColor="" Sprite="CRB_Basekit:kitIProgBar_HoloFrame_Base" Picture="1" IgnoreMouse="1"/>
                <Control Class="ProgressBar" Text="" LAnchorPoint="0" LAnchorOffset="20" TAnchorPoint="0" TAnchorOffset="29" RAnchorPoint="1" RAnchorOffset="-20" BAnchorPoint="0" BAnchorOffset="61" AutoSetText="0" UseValues="0" RelativeToClient="1" SetTextToProgress="0" DT_CENTER="1" DT_VCENTER="1" ProgressEmpty="" ProgressFull="CRB_Basekit:kitIProgBar_HoloFrame_FillBlue" TooltipType="OnCursor" Name="CraftingSummaryXPProgBar" BGColor="white" TextColor="white" TooltipColor="" BarColor="" Sprite="" Picture="1" ProgressEdgeGlow="CRB_Basekit:kitIProgBar_HoloFrame_CapRed" EdgeGlow="1" Font="CRB_InterfaceSmall_O" TextId="" TooltipFont="CRB_InterfaceSmall_O" IgnoreMouse="1" NoClipEdgeGlow="1"/>
            </Control>
        </Control>
        <Control Class="Window" LAnchorPoint="0" LAnchorOffset="0" TAnchorPoint="0" TAnchorOffset="25" RAnchorPoint="0" RAnchorOffset="75" BAnchorPoint="0" BAnchorOffset="100" RelativeToClient="1" Font="Default" Text="" Template="Default" TooltipType="OnCursor" Name="CraftingSummaryItemIconFrame" BGColor="white" TextColor="white" TooltipColor="" Sprite="CRB_Basekit:kitBase_HoloBlue_InsetBorder_Thin" Picture="1" IgnoreMouse="1" NewControlDepth="1" Tooltip="">
            <Control Class="Window" LAnchorPoint="0" LAnchorOffset="5" TAnchorPoint="0" TAnchorOffset="5" RAnchorPoint="1" RAnchorOffset="-5" BAnchorPoint="1" BAnchorOffset="-5" RelativeToClient="1" Font="Default" Text="" Template="Default" TooltipType="OnCursor" Name="CraftingSummaryItemIcon" BGColor="white" TextColor="white" TooltipColor="" Sprite="" Picture="1" IgnoreMouse="1" IgnoreTooltipDelay="1" Tooltip="" TooltipFont="CRB_InterfaceSmall_O"/>
            <Control Class="Window" LAnchorPoint="0" LAnchorOffset="1" TAnchorPoint="0" TAnchorOffset="1" RAnchorPoint="0" RAnchorOffset="36" BAnchorPoint="0" BAnchorOffset="36" RelativeToClient="1" Font="Default" Text="" Template="Default" TooltipType="OnCursor" Name="CraftingSummaryCheckmark" BGColor="white" TextColor="white" TooltipColor="" Sprite="CRB_Basekit:kitIcon_CheckmarkGreenFrame" Picture="1" IgnoreMouse="1" TooltipFont="CRB_InterfaceSmall_O" IgnoreTooltipDelay="1" Tooltip="" Visible="0" NewControlDepth="1" TooltipId="" HideInEditor="0"/>
        </Control>
        <Control Class="Button" Base="BK3:btnHolo_Blue_Med" Font="CRB_ButtonHeader" ButtonType="PushButton" RadioGroup="" LAnchorPoint="0" LAnchorOffset="-5" TAnchorPoint="1" TAnchorOffset="-65" RAnchorPoint="0.5" RAnchorOffset="0" BAnchorPoint="1" BAnchorOffset="10" DT_VCENTER="1" DT_CENTER="1" TooltipType="OnCursor" Name="CraftingSummaryRecraftBtn" BGColor="white" TextColor="white" TooltipColor="" NormalTextColor="UI_BtnTextBlueNormal" PressedTextColor="UI_BtnTextBluePressed" FlybyTextColor="UI_BtnTextBlueFlyby" PressedFlybyTextColor="UI_BtnTextBluePressedFlyby" DisabledTextColor="UI_TextMetalBody" Text="" TextId="CraftingSummary_Recraft" RelativeToClient="1" Tooltip="" NewControlDepth="1" Visible="0" HideInEditor="1">
            <Event Name="ButtonSignal" Function="OnCraftingSummaryRecraftBtn"/>
        </Control>
        <Control Class="Button" Base="BK3:btnHolo_Blue_Med" Font="CRB_ButtonHeader" ButtonType="PushButton" RadioGroup="" LAnchorPoint="0.5" LAnchorOffset="0" TAnchorPoint="1" TAnchorOffset="-65" RAnchorPoint="1" RAnchorOffset="5" BAnchorPoint="1" BAnchorOffset="10" DT_VCENTER="1" DT_CENTER="1" TooltipType="OnCursor" Name="CraftingSummaryOkBtn" BGColor="green" TextColor="white" TooltipColor="" NormalTextColor="UI_BtnTextGreenNormal" PressedTextColor="UI_BtnTextGreenPressed" FlybyTextColor="UI_BtnTextGreenFlyby" PressedFlybyTextColor="UI_BtnTextGreenPressedFlyby" DisabledTextColor="UI_TextMetalBody" Text="" TextId="Crafting_GotIt" RelativeToClient="1" Tooltip="" Visible="0" HideInEditor="1">
            <Event Name="ButtonSignal" Function="OnCraftingSummaryOkBtn"/>
        </Control>
        <Control Class="Button" Base="BK3:btnHolo_Close" Font="Thick" ButtonType="PushButton" RadioGroup="" LAnchorPoint="1" LAnchorOffset="-22" TAnchorPoint="0" TAnchorOffset="-20" RAnchorPoint="1" RAnchorOffset="20" BAnchorPoint="0" BAnchorOffset="24" DT_VCENTER="1" DT_CENTER="1" TooltipType="OnCursor" Name="CraftingSummaryCloseBtn" BGColor="white" TextColor="white" TooltipColor="" NormalTextColor="white" PressedTextColor="white" FlybyTextColor="white" PressedFlybyTextColor="white" DisabledTextColor="white" Tooltip="" RelativeToClient="1" NoClip="1">
            <Event Name="ButtonSignal" Function="OnCraftingSummaryCloseBtn"/>
        </Control>
        <Pixie LAnchorPoint="0" LAnchorOffset="0" TAnchorPoint="0" TAnchorOffset="-10" RAnchorPoint="1" RAnchorOffset="0" BAnchorPoint="0" BAnchorOffset="30" BGColor="UI_WindowBGDefault" Font="CRB_HeaderLarge_O" TextColor="UI_WindowTitleYellow" Text="Crafting Result" TextId="" DT_CENTER="1" Line="0"/>
    </Form>
    <Form Class="Window" LAnchorPoint="0.5" LAnchorOffset="-193" TAnchorPoint="0.5" TAnchorOffset="-44" RAnchorPoint="0.5" RAnchorOffset="193" BAnchorPoint="0.5" BAnchorOffset="60" RelativeToClient="1" Font="CRB_HeaderGigantic_O" Text="" BGColor="UI_WindowBGDefault" TextColor="UI_WindowTitleYellow" Template="Default" TooltipType="OnCursor" Name="CraftingCastBar" Border="1" Picture="1" SwallowMouseClicks="1" Moveable="0" Escapable="0" Overlapped="1" TooltipColor="" DT_CENTER="1" TextId="Crafting_CurrentlyCrafting" Tooltip="">
        <Control Class="Window" LAnchorPoint="0" LAnchorOffset="0" TAnchorPoint="0" TAnchorOffset="27" RAnchorPoint="1" RAnchorOffset="0" BAnchorPoint="0" BAnchorOffset="85" RelativeToClient="1" Font="Default" Text="" BGColor="UI_WindowBGDefault" TextColor="UI_WindowTextDefault" Template="Default" TooltipType="OnCursor" Name="CraftingProgBG" TooltipColor="" Sprite="Crafting_CoordSprites:sprCoord_ProgBarBG" Picture="1" IgnoreMouse="1"/>
        <Control Class="ProgressBar" Text="" LAnchorPoint="0" LAnchorOffset="10" TAnchorPoint="0" TAnchorOffset="30" RAnchorPoint="1" RAnchorOffset="-10" BAnchorPoint="0" BAnchorOffset="82" AutoSetText="0" UseValues="0" RelativeToClient="1" SetTextToProgress="0" DT_CENTER="1" DT_VCENTER="1" ProgressEmpty="" ProgressFull="Crafting_CoordSprites:sprCoord_ProgBarFill" TooltipType="OnCursor" Name="CraftingProgBar" BGColor="ffffffff" TextColor="ffffffff" TooltipColor="" BarColor=""/>
        <Control Class="Window" LAnchorPoint="0" LAnchorOffset="0" TAnchorPoint="0" TAnchorOffset="80" RAnchorPoint="1" RAnchorOffset="0" BAnchorPoint="1" BAnchorOffset="0" RelativeToClient="1" Font="CRB_InterfaceLarge_I" Text="" BGColor="UI_WindowBGDefault" TextColor="UI_TextHoloTitle" Template="Default" TooltipType="OnCursor" Name="CraftingCastBarFlavor" TooltipColor="" TextId="CraftingSummary_RandomFlavor_12" DT_CENTER="1" Tooltip=""/>
    </Form>
</Forms>
