<?xml version="1.0" encoding="UTF-8" standalone="yes" ?>
<Forms>
    <Form Class="Window" LAnchorPoint="0.5" LAnchorOffset="-192" TAnchorPoint="1" TAnchorOffset="-88" RAnchorPoint="0.5" RAnchorOffset="192" BAnchorPoint="1" BAnchorOffset="0" RelativeToClient="1" Font="Default" Text="" Template="" Name="EngineerResourceForm" Overlapped="1" BGColor="white" TextColor="white" IgnoreMouse="1" Sprite="" TooltipType="OnCursor" NewControlDepth="9" TooltipColor="" Tooltip="" NeverBringToFront="1">
        <Control Class="Window" LAnchorPoint="0" LAnchorOffset="0" TAnchorPoint="1" TAnchorOffset="-44" RAnchorPoint="0" RAnchorOffset="165" BAnchorPoint="1" BAnchorOffset="24" RelativeToClient="1" Font="Default" Text="" Template="Default" TooltipType="OnCursor" Name="PetBarContainer" BGColor="white" TextColor="white" Picture="1" IgnoreMouse="1" Sprite="CRB_Basekit:kitBase_HoloTeal_Border" Visible="0" NewControlDepth="1" HideInEditor="0" TooltipColor="">
            <Control Class="Window" LAnchorPoint="0" LAnchorOffset="57" TAnchorPoint="0" TAnchorOffset="12" RAnchorPoint="1" RAnchorOffset="-12" BAnchorPoint="1" BAnchorOffset="-24" RelativeToClient="1" Font="Default" Text="" Template="Default" TooltipType="OnCursor" Name="PetBarIcons" BGColor="white" TextColor="white" TooltipColor="">
                <Control Class="ActionBarButton" Name="ActionBarShortcut.12" ContentType="SBar" ContentId="12" Base="CRB_DEMO_WrapperSprites:btnDemo_CharInvisible" RelativeToClient="1" IfHoldNoSignal="1" DT_VCENTER="1" DT_CENTER="1" LAnchorPoint="0" LAnchorOffset="0" TAnchorPoint="0" TAnchorOffset="0" RAnchorPoint="0" RAnchorOffset="32" BAnchorPoint="1" BAnchorOffset="0" NeverBringToFront="1" Picture="1" WindowSoundTemplate="ActionBarButton" BGColor="white" TextColor="white" IgnoreMouse="1" TooltipType="OnCursor" IgnoreTooltipDelay="1" TooltipColor="" TooltipFont="CRB_InterfaceSmall_O" Sprite="" UseBaseButtonArt="1" Tooltip="">
                    <Event Name="GenerateTooltip" Function="OnGeneratePetCommandTooltip"/>
                    <Pixie LAnchorPoint="0" LAnchorOffset="0" TAnchorPoint="0" TAnchorOffset="0" RAnchorPoint="1" RAnchorOffset="0" BAnchorPoint="1" BAnchorOffset="0" Sprite="ClientSprites:Icon_SkillPetCommand_Combat_Pet_Attack" BGColor="white" TextColor="black" Rotation="0" Font="Default"/>
                </Control>
                <Control Class="ActionBarButton" Name="ActionBarShortcut.13" ContentType="SBar" ContentId="13" Base="CRB_DEMO_WrapperSprites:btnDemo_CharInvisible" RelativeToClient="1" IfHoldNoSignal="1" DT_VCENTER="1" DT_CENTER="1" LAnchorPoint="0" LAnchorOffset="32" TAnchorPoint="0" TAnchorOffset="0" RAnchorPoint="0" RAnchorOffset="64" BAnchorPoint="1" BAnchorOffset="0" NeverBringToFront="0" Picture="1" WindowSoundTemplate="ActionBarButton" BGColor="white" TextColor="white" IgnoreMouse="1" TooltipType="OnCursor" IgnoreTooltipDelay="1" TooltipColor="" TooltipFont="CRB_InterfaceSmall_O" Tooltip="" UseBaseButtonArt="1" Sprite="">
                    <Event Name="GenerateTooltip" Function="OnGeneratePetCommandTooltip"/>
                    <Pixie LAnchorPoint="0" LAnchorOffset="0" TAnchorPoint="0" TAnchorOffset="0" RAnchorPoint="1" RAnchorOffset="0" BAnchorPoint="1" BAnchorOffset="0" Sprite="ClientSprites:Icon_SkillPetCommand_Combat_Pet_Stop_and_Return" BGColor="white" TextColor="black" Rotation="0" Font="Default"/>
                </Control>
                <Control Class="ActionBarButton" Name="ActionBarShortcut.15" ContentType="SBar" ContentId="15" Base="CRB_DEMO_WrapperSprites:btnDemo_CharInvisible" RelativeToClient="1" IfHoldNoSignal="1" DT_VCENTER="1" DT_CENTER="1" LAnchorPoint="0" LAnchorOffset="64" TAnchorPoint="0" TAnchorOffset="0" RAnchorPoint="1" RAnchorOffset="0" BAnchorPoint="1" BAnchorOffset="0" NeverBringToFront="0" Picture="1" WindowSoundTemplate="ActionBarButton" BGColor="white" TextColor="white" IgnoreMouse="1" TooltipType="OnCursor" IgnoreTooltipDelay="1" TooltipColor="" TooltipFont="CRB_InterfaceSmall_O" UseBaseButtonArt="1" Sprite="">
                    <Event Name="GenerateTooltip" Function="OnGeneratePetCommandTooltip"/>
                    <Pixie LAnchorPoint="0" LAnchorOffset="0" TAnchorPoint="0" TAnchorOffset="0" RAnchorPoint="1" RAnchorOffset="0" BAnchorPoint="1" BAnchorOffset="0" Sprite="ClientSprites:Icon_SkillPetCommand_Combat_Pet_Go_To_Location" BGColor="white" TextColor="black" Rotation="0" Font="Default"/>
                </Control>
            </Control>
            <Control Class="Button" Base="CRB_ActionBarFrameSprites:NewButton" Font="Thick" ButtonType="Check" RadioGroup="" LAnchorPoint="0" LAnchorOffset="-4" TAnchorPoint="0" TAnchorOffset="-2" RAnchorPoint="0" RAnchorOffset="64" BAnchorPoint="1" BAnchorOffset="0" TooltipType="OnCursor" Name="StanceMenuOpenerBtn" BGColor="white" TextColor="white" TooltipColor="white" NormalTextColor="white" PressedTextColor="white" FlybyTextColor="white" PressedFlybyTextColor="white" DisabledTextColor="white" Text="" NoClip="0" TooltipId="" Tooltip="">
                <Event Name="ButtonSignal" Function="YourFunctionName"/>
                <Control Class="Window" LAnchorPoint="0" LAnchorOffset="10" TAnchorPoint="0" TAnchorOffset="25" RAnchorPoint="1" RAnchorOffset="-10" BAnchorPoint="1" BAnchorOffset="0" RelativeToClient="1" Font="CRB_Pixel" Text="" Template="Default" TooltipType="OnCursor" Name="StanceMenuOpenerText" BGColor="white" TextColor="UI_TextHoloBody" TooltipColor="white" Sprite="" Picture="0" IgnoreMouse="1" NewControlDepth="1" HideInEditor="0" TextId="Engineer_PetPassive" DT_WORDBREAK="0" DT_CENTER="1" Tooltip="" TooltipId="Engineer_ClickToSelect" TooltipFont="CRB_Interface9"/>
            </Control>
            <Control Class="Window" LAnchorPoint="0" LAnchorOffset="8" TAnchorPoint="0" TAnchorOffset="-118" RAnchorPoint="1" RAnchorOffset="-8" BAnchorPoint="0" BAnchorOffset="6" RelativeToClient="1" Font="Default" Text="" Template="Default" TooltipType="OnCursor" Name="StanceMenuBG" BGColor="white" TextColor="white" TooltipColor="" IgnoreMouse="1" NoClip="1" Sprite="CRB_Basekit:kitBase_HoloBlue_Small" Picture="1" Visible="0" CloseOnExternalClick="1" HideInEditor="0" Tooltip="">
                <Control Class="Window" LAnchorPoint="0" LAnchorOffset="12" TAnchorPoint="0" TAnchorOffset="12" RAnchorPoint="1" RAnchorOffset="-12" BAnchorPoint="1" BAnchorOffset="-12" RelativeToClient="1" Font="Default" Text="" Template="Default" TooltipType="OnCursor" Name="StanceMenuItems" BGColor="white" TextColor="white" TooltipColor="">
                    <Control Class="Button" Base="CRB_Basekit:kitBtn_List_Holo" Font="CRB_InterfaceSmall_O" ButtonType="PushButton" RadioGroup="" LAnchorPoint="0" LAnchorOffset="0" TAnchorPoint="0" TAnchorOffset="0" RAnchorPoint="1" RAnchorOffset="0" BAnchorPoint="0" BAnchorOffset="20" DT_VCENTER="1" DT_CENTER="1" TooltipType="OnCursor" Name="Stance5" BGColor="white" TextColor="UI_BtnTextHoloNormal" TooltipColor="" NormalTextColor="UI_BtnTextHoloNormal" PressedTextColor="UI_BtnTextHoloPressed" FlybyTextColor="UI_BtnTextHoloFlyby" PressedFlybyTextColor="UI_BtnTextHoloPressedFlyby" DisabledTextColor="UI_BtnTextHoloDisabled" Text="" TextId="">
                        <Event Name="ButtonSignal" Function="OnStanceBtn"/>
                        <Control Class="Window" LAnchorPoint="0" LAnchorOffset="2" TAnchorPoint="0" TAnchorOffset="2" RAnchorPoint="0" RAnchorOffset="18" BAnchorPoint="1" BAnchorOffset="-2" RelativeToClient="1" Font="Default" Text="" Template="Default" TooltipType="OnCursor" Name="StanceIcon" BGColor="white" TextColor="white" TooltipColor="" Sprite="ClientSprites:Icon_SkillPetCommand_Combat_Pet_Stay" Picture="1" IgnoreMouse="1" NewControlDepth="1"/>
                        <Control Class="Window" LAnchorPoint="0" LAnchorOffset="28" TAnchorPoint="0" TAnchorOffset="0" RAnchorPoint="1" RAnchorOffset="0" BAnchorPoint="1" BAnchorOffset="0" RelativeToClient="1" Font="CRB_InterfaceSmall_O" Text="" Template="Default" TooltipType="OnCursor" Name="StanceText" BGColor="white" TextColor="UI_TextHoloBody" TooltipColor="" DT_VCENTER="1" TextId="Engineer_PetStay"/>
                    </Control>
                    <Control Class="Button" Base="CRB_Basekit:kitBtn_List_Holo" Font="CRB_InterfaceSmall_O" ButtonType="PushButton" RadioGroup="" LAnchorPoint="0" LAnchorOffset="0" TAnchorPoint="0" TAnchorOffset="20" RAnchorPoint="1" RAnchorOffset="0" BAnchorPoint="0" BAnchorOffset="40" DT_VCENTER="1" DT_CENTER="1" TooltipType="OnCursor" Name="Stance4" BGColor="white" TextColor="UI_BtnTextHoloNormal" TooltipColor="" NormalTextColor="UI_BtnTextHoloNormal" PressedTextColor="UI_BtnTextHoloPressed" FlybyTextColor="UI_BtnTextHoloFlyby" PressedFlybyTextColor="UI_BtnTextHoloPressedFlyby" DisabledTextColor="UI_BtnTextHoloDisabled" Text="" TextId="">
                        <Event Name="ButtonSignal" Function="OnStanceBtn"/>
                        <Control Class="Window" LAnchorPoint="0" LAnchorOffset="2" TAnchorPoint="0" TAnchorOffset="2" RAnchorPoint="0" RAnchorOffset="18" BAnchorPoint="1" BAnchorOffset="-2" RelativeToClient="1" Font="Default" Text="" Template="Default" TooltipType="OnCursor" Name="StanceIcon" BGColor="white" TextColor="white" TooltipColor="" Sprite="ClientSprites:Icon_SkillPetCommand_Combat_Pet_Assist" Picture="1" IgnoreMouse="1" NewControlDepth="1"/>
                        <Control Class="Window" LAnchorPoint="0" LAnchorOffset="28" TAnchorPoint="0" TAnchorOffset="0" RAnchorPoint="1" RAnchorOffset="0" BAnchorPoint="1" BAnchorOffset="0" RelativeToClient="1" Font="CRB_InterfaceSmall_O" Text="" Template="Default" TooltipType="OnCursor" Name="StanceText" BGColor="white" TextColor="UI_TextHoloBody" TooltipColor="" DT_VCENTER="1" TextId="Command_Assist"/>
                    </Control>
                    <Control Class="Button" Base="CRB_Basekit:kitBtn_List_Holo" Font="CRB_InterfaceSmall_O" ButtonType="PushButton" RadioGroup="" LAnchorPoint="0" LAnchorOffset="0" TAnchorPoint="0" TAnchorOffset="40" RAnchorPoint="1" RAnchorOffset="0" BAnchorPoint="0" BAnchorOffset="60" DT_VCENTER="1" DT_CENTER="1" TooltipType="OnCursor" Name="Stance3" BGColor="white" TextColor="UI_BtnTextHoloNormal" TooltipColor="" NormalTextColor="UI_BtnTextHoloNormal" PressedTextColor="UI_BtnTextHoloPressed" FlybyTextColor="UI_BtnTextHoloFlyby" PressedFlybyTextColor="UI_BtnTextHoloPressedFlyby" DisabledTextColor="UI_BtnTextHoloDisabled" Text="" TextId="">
                        <Event Name="ButtonSignal" Function="OnStanceBtn"/>
                        <Control Class="Window" LAnchorPoint="0" LAnchorOffset="2" TAnchorPoint="0" TAnchorOffset="2" RAnchorPoint="0" RAnchorOffset="18" BAnchorPoint="1" BAnchorOffset="-2" RelativeToClient="1" Font="Default" Text="" Template="Default" TooltipType="OnCursor" Name="StanceIcon" BGColor="white" TextColor="white" TooltipColor="" Sprite="ClientSprites:Icon_SkillPetCommand_Combat_Pet_Passive" Picture="1" IgnoreMouse="1" NewControlDepth="1"/>
                        <Control Class="Window" LAnchorPoint="0" LAnchorOffset="28" TAnchorPoint="0" TAnchorOffset="0" RAnchorPoint="1" RAnchorOffset="0" BAnchorPoint="1" BAnchorOffset="0" RelativeToClient="1" Font="CRB_InterfaceSmall_O" Text="" Template="Default" TooltipType="OnCursor" Name="StanceText" BGColor="white" TextColor="UI_TextHoloBody" TooltipColor="" DT_VCENTER="1" TextId="Engineer_PetPassive"/>
                    </Control>
                    <Control Class="Button" Base="CRB_Basekit:kitBtn_List_Holo" Font="CRB_InterfaceSmall_O" ButtonType="PushButton" RadioGroup="" LAnchorPoint="0" LAnchorOffset="0" TAnchorPoint="0" TAnchorOffset="60" RAnchorPoint="1" RAnchorOffset="0" BAnchorPoint="0" BAnchorOffset="80" DT_VCENTER="1" DT_CENTER="1" TooltipType="OnCursor" Name="Stance2" BGColor="white" TextColor="UI_BtnTextHoloNormal" TooltipColor="" NormalTextColor="UI_BtnTextHoloNormal" PressedTextColor="UI_BtnTextHoloPressed" FlybyTextColor="UI_BtnTextHoloFlyby" PressedFlybyTextColor="UI_BtnTextHoloPressedFlyby" DisabledTextColor="UI_BtnTextHoloDisabled" Text="" TextId="">
                        <Event Name="ButtonSignal" Function="OnStanceBtn"/>
                        <Control Class="Window" LAnchorPoint="0" LAnchorOffset="2" TAnchorPoint="0" TAnchorOffset="2" RAnchorPoint="0" RAnchorOffset="18" BAnchorPoint="1" BAnchorOffset="-2" RelativeToClient="1" Font="Default" Text="" Template="Default" TooltipType="OnCursor" Name="StanceIcon" BGColor="white" TextColor="white" TooltipColor="" Sprite="ClientSprites:Icon_SkillPetCommand_Combat_Pet_Defensive" Picture="1" IgnoreMouse="1" NewControlDepth="1"/>
                        <Control Class="Window" LAnchorPoint="0" LAnchorOffset="28" TAnchorPoint="0" TAnchorOffset="0" RAnchorPoint="1" RAnchorOffset="0" BAnchorPoint="1" BAnchorOffset="0" RelativeToClient="1" Font="CRB_InterfaceSmall_O" Text="" Template="Default" TooltipType="OnCursor" Name="StanceText" BGColor="white" TextColor="UI_TextHoloBody" TooltipColor="" DT_VCENTER="1" TextId="Defensive"/>
                    </Control>
                    <Control Class="Button" Base="CRB_Basekit:kitBtn_List_Holo" Font="CRB_InterfaceSmall_O" ButtonType="PushButton" RadioGroup="" LAnchorPoint="0" LAnchorOffset="0" TAnchorPoint="0" TAnchorOffset="80" RAnchorPoint="1" RAnchorOffset="0" BAnchorPoint="0" BAnchorOffset="100" DT_VCENTER="1" DT_CENTER="1" TooltipType="OnCursor" Name="Stance1" BGColor="white" TextColor="UI_BtnTextHoloNormal" TooltipColor="" NormalTextColor="UI_BtnTextHoloNormal" PressedTextColor="UI_BtnTextHoloPressed" FlybyTextColor="UI_BtnTextHoloFlyby" PressedFlybyTextColor="UI_BtnTextHoloPressedFlyby" DisabledTextColor="UI_BtnTextHoloDisabled" Text="" TextId="">
                        <Event Name="ButtonSignal" Function="OnStanceBtn"/>
                        <Control Class="Window" LAnchorPoint="0" LAnchorOffset="2" TAnchorPoint="0" TAnchorOffset="2" RAnchorPoint="0" RAnchorOffset="18" BAnchorPoint="1" BAnchorOffset="-2" RelativeToClient="1" Font="Default" Text="" Template="Default" TooltipType="OnCursor" Name="StanceIcon" BGColor="white" TextColor="white" TooltipColor="" Sprite="ClientSprites:Icon_SkillPetCommand_Combat_Pet_Aggressive" Picture="1" IgnoreMouse="1" NewControlDepth="1"/>
                        <Control Class="Window" LAnchorPoint="0" LAnchorOffset="28" TAnchorPoint="0" TAnchorOffset="0" RAnchorPoint="1" RAnchorOffset="0" BAnchorPoint="1" BAnchorOffset="0" RelativeToClient="1" Font="CRB_InterfaceSmall_O" Text="" Template="Default" TooltipType="OnCursor" Name="StanceText" BGColor="white" TextColor="UI_TextHoloBody" TooltipColor="" DT_VCENTER="1" TextId="Engineer_PetAggressive"/>
                    </Control>
                </Control>
                <Pixie LAnchorPoint="0" LAnchorOffset="0" TAnchorPoint="0" TAnchorOffset="0" RAnchorPoint="1" RAnchorOffset="0" BAnchorPoint="1" BAnchorOffset="0" BGColor="white" Font="Default" TextColor="white" Text="" Sprite="CRB_Basekit:kitBase_HoloBlue_TinyNoGlow" Line="0"/>
            </Control>
        </Control>
        <Control Class="Window" LAnchorPoint="0" LAnchorOffset="157" TAnchorPoint="1" TAnchorOffset="-44" RAnchorPoint="1" RAnchorOffset="0" BAnchorPoint="1" BAnchorOffset="37" RelativeToClient="1" Font="Default" Text="" Template="Default" TooltipType="OnCursor" Name="MainResourceFrame" BGColor="white" TextColor="white" TooltipColor="" Sprite="CRB_Basekit:kitBase_HoloTeal_Border" Picture="1" IgnoreMouse="1" NewControlDepth="2">
            <Control Class="Window" LAnchorPoint="0" LAnchorOffset="6" TAnchorPoint="0" TAnchorOffset="4" RAnchorPoint="0" RAnchorOffset="220" BAnchorPoint="0" BAnchorOffset="47" RelativeToClient="1" Font="Default" Text="" Template="Default" TooltipType="OnCursor" Name="BaseProgressFrame" BGColor="white" TextColor="white" TooltipColor="" Sprite="" Picture="1" IgnoreMouse="1" NewControlDepth="1" TooltipFont="CRB_InterfaceSmall_O" Tooltip="" TooltipId="Engineer_ResourceTooltip">
                <Control Class="Window" LAnchorPoint="0" LAnchorOffset="0" TAnchorPoint="0" TAnchorOffset="6" RAnchorPoint="1" RAnchorOffset="0" BAnchorPoint="1" BAnchorOffset="-2" RelativeToClient="1" Font="Default" Text="" Template="Default" TooltipType="OnCursor" Name="BaseProgressBarBG" BGColor="white" TextColor="white" TooltipColor="" Sprite="CRB_Basekit:kitIProgBar_Metal_Base" Picture="1" IgnoreMouse="1"/>
                <Control Class="Window" LAnchorPoint="0" LAnchorOffset="0" TAnchorPoint="0" TAnchorOffset="4" RAnchorPoint="0" RAnchorOffset="48" BAnchorPoint="1" BAnchorOffset="0" RelativeToClient="1" Font="CRB_InterfaceSmall_O" Text="" Template="Default" TooltipType="OnCursor" Name="BaseProgressSlider" BGColor="white" TextColor="white" TooltipColor="" Sprite="EngineerTEMP_ProgressFrame" Picture="1" IgnoreMouse="1" TextId="" DT_CENTER="1" DT_VCENTER="1" NewControlDepth="1">
                    <Control Class="Window" LAnchorPoint="0" LAnchorOffset="0" TAnchorPoint="0" TAnchorOffset="0" RAnchorPoint="1" RAnchorOffset="0" BAnchorPoint="1" BAnchorOffset="-2" RelativeToClient="1" Font="CRB_InterfaceSmall_O" Text="" Template="Default" TooltipType="OnCursor" Name="BaseProgressSliderText" BGColor="white" TextColor="white" TooltipColor="" Sprite="" Picture="1" IgnoreMouse="1" TextId="CRB_100" DT_CENTER="1" DT_VCENTER="1" NewWindowDepth="1"/>
                </Control>
            </Control>
        </Control>
    </Form>
    <Form Class="Window" LAnchorPoint="0.5" LAnchorOffset="-157" TAnchorPoint="ActionBar0_Top" TAnchorOffset="-95" RAnchorPoint="0.5" RAnchorOffset="157" BAnchorPoint="ActionBar0_Top" BAnchorOffset="-32" RelativeToClient="1" Font="Default" Template="Default" Name="WarriorResourceForm" Picture="1" SwallowMouseClicks="1" Overlapped="1" BGColor="white" TextColor="white" Tooltip="" Visible="1" TooltipColor="white" IgnoreMouse="1" TooltipId="CRB_WarriorResource" TooltipType="OnCursor" TooltipFont="CRB_Interface9">
        <Control Class="Window" LAnchorPoint="0" LAnchorOffset="40" TAnchorPoint="0" TAnchorOffset="0" RAnchorPoint="0" RAnchorOffset="107" BAnchorPoint="0" BAnchorOffset="63" RelativeToClient="1" Font="Default" Text="" Template="Default" Name="FuelCellLeft" BGColor="white" TextColor="white" Picture="0" IgnoreMouse="1" Sprite="" TooltipColor="">
            <Control Class="Window" LAnchorPoint="0" LAnchorOffset="7" TAnchorPoint="0" TAnchorOffset="0" RAnchorPoint="0" RAnchorOffset="58" BAnchorPoint="0" BAnchorOffset="41" RelativeToClient="1" Font="Default" Text="" Template="Default" Name="FuelCellCircleBG" BGColor="white" TextColor="white" Sprite="CRB_WarriorSprites:sprWar_FuelBG" Picture="1" IgnoreMouse="1" HideInEditor="0" TooltipType="OnCursor" Tooltip="" TooltipId="" TooltipColor="">
                <Control Class="Window" LAnchorPoint="0" LAnchorOffset="6" TAnchorPoint="0" TAnchorOffset="2" RAnchorPoint="0" RAnchorOffset="45" BAnchorPoint="0" BAnchorOffset="43" RelativeToClient="1" Font="Default" Text="" Template="Default" Name="FuelCellCircleRed" BGColor="white" TextColor="white" Picture="1" IgnoreMouse="1" Sprite="CRB_WarriorSprites:sprWar_FuelRed" TransitionShowHide="0" HideInEditor="1" Visible="0" TooltipColor=""/>
            </Control>
            <Control Class="Window" LAnchorPoint="0" LAnchorOffset="-2" TAnchorPoint="0" TAnchorOffset="-10" RAnchorPoint="0" RAnchorOffset="67" BAnchorPoint="0" BAnchorOffset="49" RelativeToClient="1" Font="Default" Text="" Template="Default" Name="FuelCellRedFlash" BGColor="white" TextColor="white" Picture="1" IgnoreMouse="1" Sprite="" HideInEditor="0" Visible="1" NewWindowDepth="0" NewControlDepth="3"/>
            <Control Class="Window" LAnchorPoint="0" LAnchorOffset="0" TAnchorPoint="1" TAnchorOffset="-30" RAnchorPoint="0" RAnchorOffset="67" BAnchorPoint="1" BAnchorOffset="-10" RelativeToClient="1" Font="Default" Text="" Template="Default" Name="FuelCellBottomBG" BGColor="white" TextColor="white" Sprite="CRB_WarriorSprites:sprWar_DividerBottom" Picture="1" IgnoreMouse="1" TooltipColor="">
                <Control Class="Window" LAnchorPoint="0.5" LAnchorOffset="-8" TAnchorPoint="0" TAnchorOffset="1" RAnchorPoint="0.5" RAnchorOffset="8" BAnchorPoint="0" BAnchorOffset="19" RelativeToClient="1" Font="Default" Text="" Template="Default" Name="FuelCellSkull" BGColor="white" TextColor="white" Sprite="CRB_WarriorSprites:sprWar_SmallSkullBlue" IgnoreMouse="1" Picture="1" TooltipColor=""/>
            </Control>
            <Control Class="ProgressBar" Text="" LAnchorPoint="0" LAnchorOffset="-2" TAnchorPoint="0" TAnchorOffset="-10" RAnchorPoint="0" RAnchorOffset="67" BAnchorPoint="0" BAnchorOffset="49" AutoSetText="0" UseValues="0" RelativeToClient="1" SetTextToProgress="0" DT_CENTER="1" DT_VCENTER="1" ProgressEmpty="" ProgressFull="CRB_WarriorSprites:sprWar_FuelProgress" Name="FuelCellProgress" BGColor="white" TextColor="white" RadialBar="1" RadialMin="231.000000" RadialMax="309.000000" Clockwise="1" TooltipColor="" BarColor=""/>
            <Control Class="Window" LAnchorPoint="0" LAnchorOffset="-2" TAnchorPoint="0" TAnchorOffset="-10" RAnchorPoint="0" RAnchorOffset="67" BAnchorPoint="0" BAnchorOffset="49" RelativeToClient="1" Font="Default" Text="" Template="Default" Name="FuelCellFlash" BGColor="white" TextColor="white" Picture="1" IgnoreMouse="1" Sprite="sprWar_FuelFlash" HideInEditor="1" TooltipColor=""/>
        </Control>
        <Control Class="Window" LAnchorPoint="0" LAnchorOffset="97" TAnchorPoint="0" TAnchorOffset="0" RAnchorPoint="0" RAnchorOffset="164" BAnchorPoint="0" BAnchorOffset="63" RelativeToClient="1" Font="Default" Text="" Template="Default" Name="FuelCellMiddle" BGColor="white" TextColor="white" Picture="0" IgnoreMouse="1" Sprite="" TooltipColor="">
            <Control Class="Window" LAnchorPoint="0" LAnchorOffset="7" TAnchorPoint="0" TAnchorOffset="0" RAnchorPoint="0" RAnchorOffset="58" BAnchorPoint="0" BAnchorOffset="41" RelativeToClient="1" Font="Default" Text="" Template="Default" Name="FuelCellCircleBG" BGColor="white" TextColor="white" Sprite="CRB_WarriorSprites:sprWar_FuelBG" Picture="1" IgnoreMouse="1" Tooltip="" TooltipId="" TooltipType="OnCursor" TooltipColor="">
                <Control Class="Window" LAnchorPoint="0" LAnchorOffset="6" TAnchorPoint="0" TAnchorOffset="2" RAnchorPoint="0" RAnchorOffset="45" BAnchorPoint="0" BAnchorOffset="43" RelativeToClient="1" Font="Default" Text="" Template="Default" Name="FuelCellCircleRed" BGColor="white" TextColor="white" Picture="1" IgnoreMouse="1" Sprite="CRB_WarriorSprites:sprWar_FuelRed" TransitionShowHide="0" Visible="0" HideInEditor="1"/>
            </Control>
            <Control Class="Window" LAnchorPoint="0" LAnchorOffset="-2" TAnchorPoint="0" TAnchorOffset="-10" RAnchorPoint="0" RAnchorOffset="67" BAnchorPoint="0" BAnchorOffset="49" RelativeToClient="1" Font="Default" Text="" Template="Default" Name="FuelCellRedFlash" BGColor="white" TextColor="white" Picture="1" IgnoreMouse="1" Sprite="" HideInEditor="0" Visible="1" NewWindowDepth="0" NewControlDepth="3"/>
            <Control Class="Window" LAnchorPoint="0" LAnchorOffset="0" TAnchorPoint="1" TAnchorOffset="-30" RAnchorPoint="0" RAnchorOffset="67" BAnchorPoint="1" BAnchorOffset="-10" RelativeToClient="1" Font="Default" Text="" Template="Default" Name="FuelCellBottomBG" BGColor="white" TextColor="white" Sprite="CRB_WarriorSprites:sprWar_DividerBottom" Picture="1" IgnoreMouse="1" TooltipColor="">
                <Control Class="Window" LAnchorPoint="0.5" LAnchorOffset="-8" TAnchorPoint="0" TAnchorOffset="1" RAnchorPoint="0.5" RAnchorOffset="8" BAnchorPoint="0" BAnchorOffset="19" RelativeToClient="1" Font="Default" Text="" Template="Default" Name="FuelCellSkull" BGColor="white" TextColor="white" Sprite="CRB_WarriorSprites:sprWar_SmallSkullBlue" IgnoreMouse="1" Picture="1"/>
            </Control>
            <Control Class="ProgressBar" Text="" LAnchorPoint="0" LAnchorOffset="-2" TAnchorPoint="0" TAnchorOffset="-10" RAnchorPoint="0" RAnchorOffset="67" BAnchorPoint="0" BAnchorOffset="49" AutoSetText="0" UseValues="0" RelativeToClient="1" SetTextToProgress="0" DT_CENTER="1" DT_VCENTER="1" ProgressEmpty="" ProgressFull="CRB_WarriorSprites:sprWar_FuelProgress" Name="FuelCellProgress" BGColor="white" TextColor="white" RadialBar="1" RadialMin="231.000000" RadialMax="309.000000" Clockwise="1"/>
            <Control Class="Window" LAnchorPoint="0" LAnchorOffset="-2" TAnchorPoint="0" TAnchorOffset="-10" RAnchorPoint="0" RAnchorOffset="67" BAnchorPoint="0" BAnchorOffset="49" RelativeToClient="1" Font="Default" Text="" Template="Default" Name="FuelCellFlash" BGColor="white" TextColor="white" Picture="1" IgnoreMouse="1" Sprite="sprWar_FuelFlash" HideInEditor="1" TooltipColor=""/>
        </Control>
        <Control Class="Window" LAnchorPoint="0" LAnchorOffset="154" TAnchorPoint="0" TAnchorOffset="0" RAnchorPoint="0" RAnchorOffset="221" BAnchorPoint="0" BAnchorOffset="63" RelativeToClient="1" Font="Default" Text="" Template="Default" Name="FuelCellRight" BGColor="white" TextColor="white" Picture="0" IgnoreMouse="1" Sprite="" TooltipColor="">
            <Control Class="Window" LAnchorPoint="0" LAnchorOffset="7" TAnchorPoint="0" TAnchorOffset="0" RAnchorPoint="0" RAnchorOffset="58" BAnchorPoint="0" BAnchorOffset="41" RelativeToClient="1" Font="Default" Text="" Template="Default" Name="FuelCellCircleBG" BGColor="white" TextColor="white" Sprite="CRB_WarriorSprites:sprWar_FuelBG" Picture="1" IgnoreMouse="1" Tooltip="" TooltipId="" TooltipType="OnCursor" TooltipColor="">
                <Control Class="Window" LAnchorPoint="0" LAnchorOffset="6" TAnchorPoint="0" TAnchorOffset="2" RAnchorPoint="0" RAnchorOffset="45" BAnchorPoint="0" BAnchorOffset="43" RelativeToClient="1" Font="Default" Text="" Template="Default" Name="FuelCellCircleRed" BGColor="white" TextColor="white" Picture="1" IgnoreMouse="1" Sprite="CRB_WarriorSprites:sprWar_FuelRed" TransitionShowHide="0" Visible="0" HideInEditor="1"/>
            </Control>
            <Control Class="Window" LAnchorPoint="0" LAnchorOffset="-2" TAnchorPoint="0" TAnchorOffset="-10" RAnchorPoint="0" RAnchorOffset="67" BAnchorPoint="0" BAnchorOffset="49" RelativeToClient="1" Font="Default" Text="" Template="Default" Name="FuelCellRedFlash" BGColor="white" TextColor="white" Picture="1" IgnoreMouse="1" Sprite="" HideInEditor="0" Visible="1" NewWindowDepth="0" NewControlDepth="3"/>
            <Control Class="Window" LAnchorPoint="0" LAnchorOffset="0" TAnchorPoint="1" TAnchorOffset="-30" RAnchorPoint="0" RAnchorOffset="67" BAnchorPoint="1" BAnchorOffset="-10" RelativeToClient="1" Font="Default" Text="" Template="Default" Name="FuelCellBottomBG" BGColor="white" TextColor="white" Sprite="CRB_WarriorSprites:sprWar_DividerBottom" Picture="1" IgnoreMouse="1" TooltipColor="">
                <Control Class="Window" LAnchorPoint="0.5" LAnchorOffset="-8" TAnchorPoint="0" TAnchorOffset="1" RAnchorPoint="0.5" RAnchorOffset="8" BAnchorPoint="0" BAnchorOffset="19" RelativeToClient="1" Font="Default" Text="" Template="Default" Name="FuelCellSkull" BGColor="white" TextColor="white" Sprite="CRB_WarriorSprites:sprWar_SmallSkullBlue" IgnoreMouse="1" Picture="1"/>
            </Control>
            <Control Class="ProgressBar" Text="" LAnchorPoint="0" LAnchorOffset="-2" TAnchorPoint="0" TAnchorOffset="-10" RAnchorPoint="0" RAnchorOffset="67" BAnchorPoint="0" BAnchorOffset="49" AutoSetText="0" UseValues="0" RelativeToClient="1" SetTextToProgress="0" DT_CENTER="1" DT_VCENTER="1" ProgressEmpty="" ProgressFull="CRB_WarriorSprites:sprWar_FuelProgress" Name="FuelCellProgress" BGColor="white" TextColor="white" RadialBar="1" RadialMin="231.000000" RadialMax="309.000000" Clockwise="1"/>
            <Control Class="Window" LAnchorPoint="0" LAnchorOffset="-2" TAnchorPoint="0" TAnchorOffset="-10" RAnchorPoint="0" RAnchorOffset="67" BAnchorPoint="0" BAnchorOffset="49" RelativeToClient="1" Font="Default" Text="" Template="Default" Name="FuelCellFlash" BGColor="white" TextColor="white" Picture="1" IgnoreMouse="1" Sprite="CRB_WarriorSprites:sprWar_FuelFlash" HideInEditor="1"/>
        </Control>
        <Control Class="Window" LAnchorPoint="0" LAnchorOffset="211" TAnchorPoint="0" TAnchorOffset="0" RAnchorPoint="0" RAnchorOffset="278" BAnchorPoint="0" BAnchorOffset="63" RelativeToClient="1" Font="Default" Text="" Template="Default" Name="FuelCellMax" BGColor="white" TextColor="white" Picture="0" IgnoreMouse="1" Sprite="" TooltipColor="">
            <Control Class="Window" LAnchorPoint="0" LAnchorOffset="7" TAnchorPoint="0" TAnchorOffset="0" RAnchorPoint="0" RAnchorOffset="58" BAnchorPoint="0" BAnchorOffset="41" RelativeToClient="1" Font="Default" Text="" Template="Default" Name="FuelCellCircleBG" BGColor="white" TextColor="white" Sprite="CRB_WarriorSprites:sprWar_FuelBG" Picture="1" IgnoreMouse="1" Tooltip="" TooltipId="" TooltipType="OnCursor" TooltipColor="" HideInEditor="0">
                <Control Class="Window" LAnchorPoint="0" LAnchorOffset="6" TAnchorPoint="0" TAnchorOffset="2" RAnchorPoint="0" RAnchorOffset="45" BAnchorPoint="0" BAnchorOffset="43" RelativeToClient="1" Font="Default" Text="" Template="Default" Name="FuelCellCircleRed" BGColor="white" TextColor="white" Picture="1" IgnoreMouse="1" Sprite="CRB_WarriorSprites:sprWar_FuelRed" TransitionShowHide="0" Visible="0" HideInEditor="0" TooltipColor=""/>
            </Control>
            <Control Class="Window" LAnchorPoint="0" LAnchorOffset="-2" TAnchorPoint="0" TAnchorOffset="-10" RAnchorPoint="0" RAnchorOffset="67" BAnchorPoint="0" BAnchorOffset="49" RelativeToClient="1" Font="Default" Text="" Template="Default" Name="FuelCellRedFlash" BGColor="white" TextColor="white" Picture="1" IgnoreMouse="1" Sprite="" HideInEditor="0" Visible="1" NewWindowDepth="0" NewControlDepth="3" TooltipColor=""/>
            <Control Class="Window" LAnchorPoint="0" LAnchorOffset="0" TAnchorPoint="1" TAnchorOffset="-30" RAnchorPoint="0" RAnchorOffset="67" BAnchorPoint="1" BAnchorOffset="-10" RelativeToClient="1" Font="Default" Text="" Template="Default" Name="FuelCellBottomBG" BGColor="white" TextColor="white" Sprite="CRB_WarriorSprites:sprWar_DividerBottom" Picture="1" IgnoreMouse="1" TooltipColor="">
                <Control Class="Window" LAnchorPoint="0.5" LAnchorOffset="-8" TAnchorPoint="0" TAnchorOffset="1" RAnchorPoint="0.5" RAnchorOffset="8" BAnchorPoint="0" BAnchorOffset="19" RelativeToClient="1" Font="Default" Text="" Template="Default" Name="FuelCellSkull" BGColor="white" TextColor="white" Sprite="CRB_WarriorSprites:sprWar_SmallSkullBlue" IgnoreMouse="1" Picture="1"/>
            </Control>
            <Control Class="ProgressBar" Text="" LAnchorPoint="0" LAnchorOffset="-2" TAnchorPoint="0" TAnchorOffset="-10" RAnchorPoint="0" RAnchorOffset="67" BAnchorPoint="0" BAnchorOffset="49" AutoSetText="0" UseValues="0" RelativeToClient="1" SetTextToProgress="0" DT_CENTER="1" DT_VCENTER="1" ProgressEmpty="" ProgressFull="CRB_WarriorSprites:sprWar_FuelProgress" Name="FuelCellProgress" BGColor="white" TextColor="white" RadialBar="1" RadialMin="231.000000" RadialMax="309.000000" Clockwise="1" TooltipColor="" BarColor=""/>
            <Control Class="Window" LAnchorPoint="0" LAnchorOffset="-2" TAnchorPoint="0" TAnchorOffset="-10" RAnchorPoint="0" RAnchorOffset="67" BAnchorPoint="0" BAnchorOffset="49" RelativeToClient="1" Font="Default" Text="" Template="Default" Name="FuelCellFlash" BGColor="white" TextColor="white" Picture="1" IgnoreMouse="1" Sprite="CRB_WarriorSprites:sprWar_FuelFlash" HideInEditor="1" TooltipColor=""/>
        </Control>
        <Pixie LAnchorPoint="0" LAnchorOffset="0" TAnchorPoint="0" TAnchorOffset="0" RAnchorPoint="0" RAnchorOffset="65" BAnchorPoint="0" BAnchorOffset="41" BGColor="white" Font="Default" TextColor="white" Text="" Sprite="CRB_WarriorSprites:sprWar_SkullLeft" Line="0"/>
        <Pixie LAnchorPoint="1" LAnchorOffset="-63" TAnchorPoint="0" TAnchorOffset="0" RAnchorPoint="1" RAnchorOffset="0" BAnchorPoint="0" BAnchorOffset="41" BGColor="white" Font="Default" TextColor="white" Text="" Sprite="CRB_WarriorSprites:sprWar_SkullRight" Line="0"/>
        <Pixie LAnchorPoint="0" LAnchorOffset="83" TAnchorPoint="0" TAnchorOffset="1" RAnchorPoint="0" RAnchorOffset="118" BAnchorPoint="0" BAnchorOffset="42" BGColor="white" Font="Default" TextColor="white" Text="" Sprite="CRB_WarriorSprites:sprWar_DividerMiddle" Line="0"/>
        <Pixie LAnchorPoint="0" LAnchorOffset="140" TAnchorPoint="0" TAnchorOffset="1" RAnchorPoint="0" RAnchorOffset="175" BAnchorPoint="0" BAnchorOffset="42" BGColor="white" Font="Default" TextColor="white" Text="" Sprite="CRB_WarriorSprites:sprWar_DividerMiddle" Line="0"/>
        <Pixie LAnchorPoint="1" LAnchorOffset="-117" TAnchorPoint="0" TAnchorOffset="1" RAnchorPoint="1" RAnchorOffset="-82" BAnchorPoint="0" BAnchorOffset="42" BGColor="white" Font="Default" TextColor="white" Text="" Sprite="CRB_WarriorSprites:sprWar_DividerMiddle" Line="0"/>
        <Control Class="ProgressBar" LAnchorPoint="0.5" LAnchorOffset="-92" TAnchorPoint="1" TAnchorOffset="-26" RAnchorPoint="0.5" RAnchorOffset="92" BAnchorPoint="1" BAnchorOffset="-10" RelativeToClient="1" Font="Default" Text="" Template="Default" TooltipType="OnCursor" Name="OverdriveProgressBar" BGColor="white" TextColor="white" TooltipColor="" Sprite="" Picture="1" IgnoreMouse="1" BarColor="" ProgressFull="CRB_Basekit:kitIProgBar_HoloFrame_FillRed"/>
    </Form>
    <Form Class="Window" LAnchorPoint="0.5" LAnchorOffset="-441" TAnchorPoint="1" TAnchorOffset="-110" RAnchorPoint="0.5" RAnchorOffset="441" BAnchorPoint="1" BAnchorOffset="40" RelativeToClient="1" Font="Default" Text="" Template="Default" TooltipType="OnCursor" Name="EsperResourceForm" Border="0" Picture="1" SwallowMouseClicks="1" Moveable="0" Escapable="0" Overlapped="0" BGColor="white" TextColor="white" TooltipColor="" IgnoreMouse="1" Tooltip="" NeverBringToFront="1" NewWindowDepth="0" NoClip="1">
        <Control Class="Window" LAnchorPoint="0.5" LAnchorOffset="-152" TAnchorPoint="0" TAnchorOffset="-25" RAnchorPoint="0.5" RAnchorOffset="151" BAnchorPoint="0" BAnchorOffset="117" RelativeToClient="1" Font="Default" Text="" BGColor="UI_WindowBGDefault" TextColor="UI_WindowTextDefault" Template="Default" TooltipType="OnCursor" Name="InnateActiveGlowTop" TooltipColor="" Picture="1" IgnoreMouse="1" NoClip="1" Sprite="" Visible="1" Tooltip="" TransitionShowHide="0"/>
        <Control Class="Window" LAnchorPoint="0.5" LAnchorOffset="-152" TAnchorPoint="0" TAnchorOffset="-25" RAnchorPoint="0.5" RAnchorOffset="151" BAnchorPoint="0" BAnchorOffset="117" RelativeToClient="1" Font="Default" Text="" BGColor="UI_WindowBGDefault" TextColor="UI_WindowTextDefault" Template="Default" TooltipType="OnCursor" Name="InnateActiveGlowBottom" TooltipColor="" Picture="1" IgnoreMouse="1" NoClip="1" Sprite="" Visible="0" HideInEditor="0" TransitionShowHide="0"/>
        <Control Class="Window" LAnchorPoint="0.5" LAnchorOffset="-222" TAnchorPoint="0" TAnchorOffset="6" RAnchorPoint="0.5" RAnchorOffset="222" BAnchorPoint="0" BAnchorOffset="161" RelativeToClient="1" Font="Default" Text="" BGColor="UI_WindowBGDefault" TextColor="UI_WindowTextDefault" Template="Default" TooltipType="OnCursor" Name="InnateActiveGlowFrame" TooltipColor="" Sprite="" Picture="1" IgnoreMouse="1"/>
        <Control Class="Window" LAnchorPoint="0" LAnchorOffset="0" TAnchorPoint="0" TAnchorOffset="0" RAnchorPoint="1" RAnchorOffset="0" BAnchorPoint="0" BAnchorOffset="179" RelativeToClient="1" Font="Default" Text="" Template="Default" TooltipType="OnCursor" Name="EsperBaseFrame_OutOfCombat" BGColor="white" TextColor="white" TooltipColor="" Picture="1" IgnoreMouse="1" Sprite="CM_EsperSprites:sprEsper_Base_OutOfCombat" NewControlDepth="1"/>
        <Control Class="Window" LAnchorPoint="0" LAnchorOffset="0" TAnchorPoint="0" TAnchorOffset="0" RAnchorPoint="1" RAnchorOffset="0" BAnchorPoint="0" BAnchorOffset="179" RelativeToClient="1" Font="Default" Text="" Template="Default" TooltipType="OnCursor" Name="EsperBaseFrame_InCombat" BGColor="white" TextColor="white" TooltipColor="" Picture="1" IgnoreMouse="1" Sprite="CM_EsperSprites:sprEsper_Base_InCombat" Visible="0" NewControlDepth="1"/>
        <Control Class="ProgressBar" Text="" LAnchorPoint="0.5" LAnchorOffset="-75" TAnchorPoint="0" TAnchorOffset="59" RAnchorPoint="0.5" RAnchorOffset="76" BAnchorPoint="0" BAnchorOffset="106" AutoSetText="0" UseValues="0" RelativeToClient="1" SetTextToProgress="0" DT_CENTER="1" DT_VCENTER="1" ProgressEmpty="" ProgressFull="CM_EsperSprites:sprEsper_ProgBarFill" TooltipType="OnCursor" Name="ManaProgressBar" BGColor="white" TextColor="white" TooltipColor="" BarColor="" Picture="0" Sprite="" TooltipFont="CRB_InterfaceSmall_O" VerticallyAligned="1" BRtoLT="1" ProgressEdgeGlow="" EdgeGlow="0" NoClip="0" TextX="0" TextWidth="0" TextY="0" TextHeight="0" ProgressFill="" Tooltip=""/>
        <Control Class="Window" LAnchorPoint="0.5" LAnchorOffset="-19" TAnchorPoint="0" TAnchorOffset="73" RAnchorPoint="0.5" RAnchorOffset="20" BAnchorPoint="0" BAnchorOffset="93" RelativeToClient="1" Font="CRB_HeaderTiny_O" Text="" Template="Default" Name="ManaProgressText" BGColor="white" TextColor="UI_WindowTitleYellow" TextId="CRB__2" TooltipColor="" NewControlDepth="6" DT_CENTER="1"/>
        <Control Class="Window" LAnchorPoint="0.5" LAnchorOffset="-75" TAnchorPoint="0" TAnchorOffset="47" RAnchorPoint="0.5" RAnchorOffset="76" BAnchorPoint="0" BAnchorOffset="121" RelativeToClient="1" Font="Default" Text="" BGColor="UI_WindowBGDefault" TextColor="UI_WindowTextDefault" Template="Default" TooltipType="OnCursor" Name="ManaProgressCover" TooltipColor="" Picture="1" IgnoreMouse="1" Sprite="CM_EsperSprites:sprEsper_ProgBarCover" Visible="0"/>
        <Control Class="Window" LAnchorPoint="0.5" LAnchorOffset="-200" TAnchorPoint="0" TAnchorOffset="33" RAnchorPoint="0.5" RAnchorOffset="235" BAnchorPoint="1" BAnchorOffset="-17" RelativeToClient="1" Font="Default" Text="" Template="Default" TooltipType="OnCursor" Name="ComboBits" BGColor="white" TextColor="white" TooltipColor="" Sprite="" Picture="1" IgnoreMouse="1" Tooltip="" HideInEditor="0">
            <Control Class="Window" LAnchorPoint="0" LAnchorOffset="0" TAnchorPoint="0" TAnchorOffset="0" RAnchorPoint="1" RAnchorOffset="0" BAnchorPoint="1" BAnchorOffset="0" RelativeToClient="1" Font="Default" Text="" Template="Default" TooltipType="OnCursor" Name="ComboSolid1" BGColor="white" TextColor="white" TooltipColor="" Picture="1" IgnoreMouse="1" Sprite="CM_EsperSprites:sprEsper_ComboSolid_1" Visible="0"/>
            <Control Class="Window" LAnchorPoint="0" LAnchorOffset="0" TAnchorPoint="0" TAnchorOffset="0" RAnchorPoint="1" RAnchorOffset="0" BAnchorPoint="1" BAnchorOffset="0" RelativeToClient="1" Font="Default" Text="" Template="Default" TooltipType="OnCursor" Name="ComboSolid2" BGColor="white" TextColor="white" TooltipColor="" Picture="1" IgnoreMouse="1" Sprite="CM_EsperSprites:sprEsper_ComboSolid_2" Visible="0"/>
            <Control Class="Window" LAnchorPoint="0" LAnchorOffset="0" TAnchorPoint="0" TAnchorOffset="0" RAnchorPoint="1" RAnchorOffset="0" BAnchorPoint="1" BAnchorOffset="0" RelativeToClient="1" Font="Default" Text="" Template="Default" TooltipType="OnCursor" Name="ComboSolid3" BGColor="white" TextColor="white" TooltipColor="" Picture="1" IgnoreMouse="1" Sprite="CM_EsperSprites:sprEsper_ComboSolid_3" Visible="0"/>
            <Control Class="Window" LAnchorPoint="0" LAnchorOffset="0" TAnchorPoint="0" TAnchorOffset="0" RAnchorPoint="1" RAnchorOffset="0" BAnchorPoint="1" BAnchorOffset="0" RelativeToClient="1" Font="Default" Text="" Template="Default" TooltipType="OnCursor" Name="ComboSolid4" BGColor="white" TextColor="white" TooltipColor="" Picture="1" IgnoreMouse="1" Sprite="CM_EsperSprites:sprEsper_ComboSolid_4" Visible="0"/>
            <Control Class="Window" LAnchorPoint="0" LAnchorOffset="0" TAnchorPoint="0" TAnchorOffset="0" RAnchorPoint="1" RAnchorOffset="0" BAnchorPoint="1" BAnchorOffset="0" RelativeToClient="1" Font="Default" Text="" Template="Default" TooltipType="OnCursor" Name="ComboSolid5" BGColor="white" TextColor="white" TooltipColor="" Picture="1" IgnoreMouse="1" Sprite="CM_EsperSprites:sprEsper_ComboSolid_5" HideInEditor="0" Visible="0"/>
            <Control Class="Window" LAnchorPoint="0" LAnchorOffset="0" TAnchorPoint="0" TAnchorOffset="0" RAnchorPoint="1" RAnchorOffset="0" BAnchorPoint="1" BAnchorOffset="0" RelativeToClient="1" Font="Default" Text="" Template="Default" TooltipType="OnCursor" Name="ComboGlowFlash" BGColor="white" TextColor="white" TooltipColor="" Picture="1" IgnoreMouse="1"/>
        </Control>
        <Control Class="Window" LAnchorPoint="0.5" LAnchorOffset="-19" TAnchorPoint="1" TAnchorOffset="-65" RAnchorPoint="0.5" RAnchorOffset="20" BAnchorPoint="1" BAnchorOffset="-22" RelativeToClient="1" Font="Default" Text="" Template="Default" TooltipType="OnCursor" Name="ComboNumber" BGColor="white" TextColor="white" TooltipColor="" Sprite="CM_EsperSprites:sprEsper_ComboNumDull_0" Picture="1" IgnoreMouse="1" NewControlDepth="1"/>
        <Pixie LAnchorPoint="0.5" LAnchorOffset="-75" TAnchorPoint="0" TAnchorOffset="47" RAnchorPoint="0.5" RAnchorOffset="76" BAnchorPoint="0" BAnchorOffset="121" BGColor="UI_WindowBGDefault" Font="Default" TextColor="UI_WindowTextDefault" Text="" Sprite="CM_EsperSprites:sprEsper_ProgBarBG" Line="0"/>
    </Form>
    <Form Class="Window" LAnchorPoint="0.5" LAnchorOffset="-349" TAnchorPoint="1" TAnchorOffset="-210" RAnchorPoint="0.5" RAnchorOffset="349" BAnchorPoint="1" BAnchorOffset="20" RelativeToClient="1" Font="Default" Template="Default" Name="SlingerResourceForm" Picture="1" SwallowMouseClicks="1" Overlapped="1" BGColor="white" TextColor="white" Tooltip="" Visible="1" TooltipColor="white" IgnoreMouse="1" TooltipId="" TooltipType="OnCursor" TooltipFont="CRB_Interface9" NoClip="1">
        <Control Class="Window" LAnchorPoint="0" LAnchorOffset="96" TAnchorPoint="1" TAnchorOffset="-210" RAnchorPoint="1" RAnchorOffset="-96" BAnchorPoint="1" BAnchorOffset="66" RelativeToClient="1" Font="Default" Text="" BGColor="UI_WindowBGDefault" TextColor="UI_WindowTextDefault" Template="Default" TooltipType="OnCursor" Name="LargeSurgeGlow" TooltipColor="" Sprite="CM_SpellslingerSprites:sprSlinger_LargeGlow" Picture="1" IgnoreMouse="1" NoClip="1" Tooltip=""/>
        <Control Class="Window" LAnchorPoint="0.5" LAnchorOffset="-105" TAnchorPoint="1" TAnchorOffset="-210" RAnchorPoint="0.5" RAnchorOffset="104" BAnchorPoint="1" BAnchorOffset="0" RelativeToClient="1" Font="Default" Text="" BGColor="UI_WindowBGDefault" TextColor="UI_WindowTextDefault" Template="Default" TooltipType="OnCursor" Name="LargeSurgeSigil" TooltipColor="" Picture="1" IgnoreMouse="1" Sprite="CM_SpellslingerSprites:sprSlinger_LargeSigil_OutOfCombat" TransitionShowHide="1" NoClip="0"/>
        <Control Class="Window" LAnchorPoint="0" LAnchorOffset="0" TAnchorPoint="1" TAnchorOffset="-64" RAnchorPoint="1" RAnchorOffset="0" BAnchorPoint="1" BAnchorOffset="0" RelativeToClient="1" Font="Default" Text="" BGColor="UI_WindowBGDefault" TextColor="UI_WindowTextDefault" Template="Default" TooltipType="OnCursor" Name="SlingerBaseFrame_OutOfCombat" TooltipColor="" Picture="1" IgnoreMouse="1" Sprite="CM_SpellslingerSprites:sprSlinger_Base_OutOfCombat" TransitionShowHide="1"/>
        <Control Class="Window" LAnchorPoint="0" LAnchorOffset="0" TAnchorPoint="1" TAnchorOffset="-64" RAnchorPoint="1" RAnchorOffset="0" BAnchorPoint="1" BAnchorOffset="0" RelativeToClient="1" Font="Default" Text="" BGColor="UI_WindowBGDefault" TextColor="UI_WindowTextDefault" Template="Default" TooltipType="OnCursor" Name="SlingerBaseFrame_InCombat" TooltipColor="" Picture="1" IgnoreMouse="1" Sprite="CM_SpellslingerSprites:sprSlinger_Base_InCombatOrange" Visible="0" HideInEditor="1" TransitionShowHide="1"/>
        <Control Class="Window" LAnchorPoint="0.5" LAnchorOffset="-137" TAnchorPoint="1" TAnchorOffset="-101" RAnchorPoint="0.5" RAnchorOffset="-47" BAnchorPoint="1" BAnchorOffset="-22" RelativeToClient="1" Font="Default" Text="" Template="Default" Name="SlingerNode1" BGColor="white" TextColor="white" Picture="0" IgnoreMouse="1" Sprite="" TooltipColor="" Tooltip="">
            <Control Class="Window" LAnchorPoint="0" LAnchorOffset="0" TAnchorPoint="0" TAnchorOffset="0" RAnchorPoint="1" RAnchorOffset="0" BAnchorPoint="1" BAnchorOffset="0" RelativeToClient="1" Font="Default" Text="" Template="Default" Name="NodeFilled" BGColor="white" TextColor="white" Picture="1" IgnoreMouse="1" Sprite="CM_SpellslingerSprites:sprSlinger_Node_1Normal" TransitionShowHide="1" HideInEditor="0" Visible="1" TooltipColor=""/>
            <Control Class="Window" LAnchorPoint="0" LAnchorOffset="0" TAnchorPoint="0" TAnchorOffset="0" RAnchorPoint="1" RAnchorOffset="0" BAnchorPoint="1" BAnchorOffset="0" RelativeToClient="1" Font="Default" Text="" Template="Default" Name="NodeRed" BGColor="white" TextColor="white" Picture="1" IgnoreMouse="1" Sprite="CM_SpellslingerSprites:sprSlinger_Node_1Pressed" TransitionShowHide="1" HideInEditor="0" Visible="0" TooltipColor=""/>
            <Control Class="ProgressBar" Text="" LAnchorPoint="0" LAnchorOffset="16" TAnchorPoint="0" TAnchorOffset="15" RAnchorPoint="0" RAnchorOffset="78" BAnchorPoint="0" BAnchorOffset="75" AutoSetText="0" UseValues="0" RelativeToClient="1" SetTextToProgress="0" DT_CENTER="1" DT_VCENTER="1" ProgressEmpty="" ProgressFull="CM_SpellslingerSprites:sprSlinger_NodeBar_OutOfCombat" Name="NodeProgress" BGColor="white" TextColor="white" RadialBar="1" RadialMin="100.000000" RadialMax="80.000000" Clockwise="0" TooltipColor="" BarColor=""/>
            <Control Class="Window" LAnchorPoint="0" LAnchorOffset="16" TAnchorPoint="0" TAnchorOffset="15" RAnchorPoint="0" RAnchorOffset="78" BAnchorPoint="0" BAnchorOffset="75" RelativeToClient="1" Font="Default" Text="" BGColor="UI_WindowBGDefault" TextColor="UI_WindowTextDefault" Template="Default" TooltipType="OnCursor" Name="NodeFlash" TooltipColor="" Sprite="" Picture="1" IgnoreMouse="1"/>
        </Control>
        <Control Class="Window" LAnchorPoint="0.5" LAnchorOffset="-72" TAnchorPoint="1" TAnchorOffset="-101" RAnchorPoint="0.5" RAnchorOffset="12" BAnchorPoint="1" BAnchorOffset="-22" RelativeToClient="1" Font="Default" Text="" Template="Default" Name="SlingerNode2" BGColor="white" TextColor="white" Picture="0" IgnoreMouse="1" Sprite="" TooltipColor="">
            <Control Class="Window" LAnchorPoint="0" LAnchorOffset="0" TAnchorPoint="0" TAnchorOffset="0" RAnchorPoint="1" RAnchorOffset="0" BAnchorPoint="1" BAnchorOffset="0" RelativeToClient="1" Font="Default" Text="" Template="Default" Name="NodeFilled" BGColor="white" TextColor="white" Picture="1" IgnoreMouse="1" Sprite="CM_SpellslingerSprites:sprSlinger_Node_2Normal" TransitionShowHide="1" HideInEditor="0" Visible="1" TooltipColor=""/>
            <Control Class="Window" LAnchorPoint="0" LAnchorOffset="0" TAnchorPoint="0" TAnchorOffset="0" RAnchorPoint="1" RAnchorOffset="0" BAnchorPoint="1" BAnchorOffset="0" RelativeToClient="1" Font="Default" Text="" Template="Default" Name="NodeRed" BGColor="white" TextColor="white" Picture="1" IgnoreMouse="1" Sprite="CM_SpellslingerSprites:sprSlinger_Node_2Pressed" TransitionShowHide="1" HideInEditor="0" Visible="0" TooltipColor=""/>
            <Control Class="ProgressBar" Text="" LAnchorPoint="0" LAnchorOffset="11" TAnchorPoint="0" TAnchorOffset="15" RAnchorPoint="0" RAnchorOffset="73" BAnchorPoint="0" BAnchorOffset="75" AutoSetText="0" UseValues="0" RelativeToClient="1" SetTextToProgress="0" DT_CENTER="1" DT_VCENTER="1" ProgressEmpty="" ProgressFull="CM_SpellslingerSprites:sprSlinger_NodeBar_OutOfCombat" Name="NodeProgress" BGColor="white" TextColor="white" RadialBar="1" RadialMin="100.000000" RadialMax="80.000000" Clockwise="0" TooltipColor="" BarColor="" Sprite="" Picture="0"/>
            <Control Class="Window" LAnchorPoint="0" LAnchorOffset="11" TAnchorPoint="0" TAnchorOffset="15" RAnchorPoint="0" RAnchorOffset="73" BAnchorPoint="0" BAnchorOffset="75" RelativeToClient="1" Font="Default" Text="" BGColor="UI_WindowBGDefault" TextColor="UI_WindowTextDefault" Template="Default" TooltipType="OnCursor" Name="NodeFlash" TooltipColor="" Sprite="" Picture="1" IgnoreMouse="1"/>
        </Control>
        <Control Class="Window" LAnchorPoint="0.5" LAnchorOffset="-12" TAnchorPoint="1" TAnchorOffset="-101" RAnchorPoint="0.5" RAnchorOffset="72" BAnchorPoint="1" BAnchorOffset="-22" RelativeToClient="1" Font="Default" Text="" Template="Default" Name="SlingerNode3" BGColor="white" TextColor="white" Picture="0" IgnoreMouse="1" Sprite="" TooltipColor="">
            <Control Class="Window" LAnchorPoint="0" LAnchorOffset="0" TAnchorPoint="0" TAnchorOffset="0" RAnchorPoint="1" RAnchorOffset="0" BAnchorPoint="1" BAnchorOffset="0" RelativeToClient="1" Font="Default" Text="" Template="Default" Name="NodeFilled" BGColor="white" TextColor="white" Picture="1" IgnoreMouse="1" Sprite="CM_SpellslingerSprites:sprSlinger_Node_3Normal" TransitionShowHide="1" HideInEditor="0" Visible="1" TooltipColor="" Tooltip=""/>
            <Control Class="Window" LAnchorPoint="0" LAnchorOffset="0" TAnchorPoint="0" TAnchorOffset="0" RAnchorPoint="1" RAnchorOffset="0" BAnchorPoint="1" BAnchorOffset="0" RelativeToClient="1" Font="Default" Text="" Template="Default" Name="NodeRed" BGColor="white" TextColor="white" Picture="1" IgnoreMouse="1" Sprite="CM_SpellslingerSprites:sprSlinger_Node_3Pressed" TransitionShowHide="1" HideInEditor="0" Visible="0" TooltipColor=""/>
            <Control Class="ProgressBar" Text="" LAnchorPoint="0" LAnchorOffset="11" TAnchorPoint="0" TAnchorOffset="15" RAnchorPoint="0" RAnchorOffset="73" BAnchorPoint="0" BAnchorOffset="75" AutoSetText="0" UseValues="0" RelativeToClient="1" SetTextToProgress="0" DT_CENTER="1" DT_VCENTER="1" ProgressEmpty="" ProgressFull="CM_SpellslingerSprites:sprSlinger_NodeBar_OutOfCombat" Name="NodeProgress" BGColor="white" TextColor="white" RadialBar="1" RadialMin="100.000000" RadialMax="80.000000" Clockwise="0" TooltipColor="" BarColor=""/>
            <Control Class="Window" LAnchorPoint="0" LAnchorOffset="11" TAnchorPoint="0" TAnchorOffset="15" RAnchorPoint="0" RAnchorOffset="73" BAnchorPoint="0" BAnchorOffset="75" RelativeToClient="1" Font="Default" Text="" BGColor="UI_WindowBGDefault" TextColor="UI_WindowTextDefault" Template="Default" TooltipType="OnCursor" Name="NodeFlash" TooltipColor="" Sprite="" Picture="1" IgnoreMouse="1"/>
        </Control>
        <Control Class="Window" LAnchorPoint="0.5" LAnchorOffset="47" TAnchorPoint="1" TAnchorOffset="-101" RAnchorPoint="0.5" RAnchorOffset="137" BAnchorPoint="1" BAnchorOffset="-22" RelativeToClient="1" Font="Default" Text="" Template="Default" Name="SlingerNode4" BGColor="white" TextColor="white" Picture="0" IgnoreMouse="1" Sprite="" TooltipColor="">
            <Control Class="Window" LAnchorPoint="0" LAnchorOffset="0" TAnchorPoint="0" TAnchorOffset="0" RAnchorPoint="1" RAnchorOffset="0" BAnchorPoint="1" BAnchorOffset="0" RelativeToClient="1" Font="Default" Text="" Template="Default" Name="NodeFilled" BGColor="white" TextColor="white" Picture="1" IgnoreMouse="1" Sprite="CM_SpellslingerSprites:sprSlinger_Node_4Normal" TransitionShowHide="1" HideInEditor="0" Visible="1" TooltipColor=""/>
            <Control Class="Window" LAnchorPoint="0" LAnchorOffset="0" TAnchorPoint="0" TAnchorOffset="0" RAnchorPoint="1" RAnchorOffset="0" BAnchorPoint="1" BAnchorOffset="0" RelativeToClient="1" Font="Default" Text="" Template="Default" Name="NodeRed" BGColor="white" TextColor="white" Picture="1" IgnoreMouse="1" Sprite="CM_SpellslingerSprites:sprSlinger_Node_4Pressed" TransitionShowHide="1" HideInEditor="0" Visible="0" TooltipColor=""/>
            <Control Class="ProgressBar" Text="" LAnchorPoint="0" LAnchorOffset="11" TAnchorPoint="0" TAnchorOffset="15" RAnchorPoint="0" RAnchorOffset="73" BAnchorPoint="0" BAnchorOffset="75" AutoSetText="0" UseValues="0" RelativeToClient="1" SetTextToProgress="0" DT_CENTER="1" DT_VCENTER="1" ProgressEmpty="" ProgressFull="CM_SpellslingerSprites:sprSlinger_NodeBar_OutOfCombat" Name="NodeProgress" BGColor="white" TextColor="white" RadialBar="1" RadialMin="100.000000" RadialMax="80.000000" Clockwise="0" TooltipColor="" BarColor=""/>
            <Control Class="Window" LAnchorPoint="0" LAnchorOffset="11" TAnchorPoint="0" TAnchorOffset="15" RAnchorPoint="0" RAnchorOffset="73" BAnchorPoint="0" BAnchorOffset="75" RelativeToClient="1" Font="Default" Text="" BGColor="UI_WindowBGDefault" TextColor="UI_WindowTextDefault" Template="Default" TooltipType="OnCursor" Name="NodeFlash" TooltipColor="" Sprite="" Picture="1" IgnoreMouse="1"/>
        </Control>
        <Control Class="ProgressBar" LAnchorPoint="0.5" LAnchorOffset="-156" TAnchorPoint="1" TAnchorOffset="-38" RAnchorPoint="0.5" RAnchorOffset="157" BAnchorPoint="1" BAnchorOffset="-14" RelativeToClient="1" Font="Default" Text="" Template="Default" TooltipType="OnCursor" Name="ManaProgressBar" BGColor="white" TextColor="white" TooltipColor="" Sprite="" Picture="1" IgnoreMouse="1" BarColor="" ProgressFull="CM_SpellslingerSprites:sprSlinger_ManaBar_OutOfCombat" ProgressEdgeGlow="CM_SpellslingerSprites:sprSlinger_ManaBar_EdgeGlow" NoClipEdgeGlow="0" EdgeGlow="1"/>
        <Control Class="Window" LAnchorPoint="0.5" LAnchorOffset="-20" TAnchorPoint="1" TAnchorOffset="-30" RAnchorPoint="0.5" RAnchorOffset="20" BAnchorPoint="1" BAnchorOffset="-20" RelativeToClient="1" Font="CRB_HeaderTiny_O" Text="" Template="Default" Name="ManaProgressBacker" BGColor="white" TextColor="white" TextId="" TooltipColor="" NewControlDepth="6" DT_CENTER="1" Picture="1" IgnoreMouse="1" Sprite="BK3:sprGradientOutwards"/>
        <Control Class="Window" LAnchorPoint="0.5" LAnchorOffset="-156" TAnchorPoint="1" TAnchorOffset="-35" RAnchorPoint="0.5" RAnchorOffset="156" BAnchorPoint="1" BAnchorOffset="-15" RelativeToClient="1" Font="CRB_HeaderTiny_O" Text="" Template="Default" Name="ManaProgressText" BGColor="white" TextColor="UI_TextHoloTitle" TextId="CRB__2" TooltipColor="" NewControlDepth="6" DT_CENTER="1" Picture="1" IgnoreMouse="1" Sprite=""/>
    </Form>
    <Form Class="Window" LAnchorPoint="0.5" LAnchorOffset="-415" TAnchorPoint="1" TAnchorOffset="-186" RAnchorPoint="0.5" RAnchorOffset="415" BAnchorPoint="1" BAnchorOffset="44" RelativeToClient="1" Font="Default" Template="Default" Name="MedicResourceForm" Picture="1" SwallowMouseClicks="1" Overlapped="1" BGColor="white" TextColor="white" Tooltip="" Visible="1" TooltipColor="white" IgnoreMouse="1" TooltipId="" TooltipType="OnCursor" TooltipFont="CRB_Interface9" NoClip="1">
        <Control Class="Window" LAnchorPoint="0" LAnchorOffset="0" TAnchorPoint="1" TAnchorOffset="-415" RAnchorPoint="1" RAnchorOffset="0" BAnchorPoint="1" BAnchorOffset="-45" RelativeToClient="1" Font="Default" Text="" BGColor="UI_WindowBGDefault" TextColor="UI_WindowTextDefault" Template="Default" TooltipType="OnCursor" Name="Animations" TooltipColor="" IgnoreMouse="1" NoClip="0">
            <Control Class="Window" LAnchorPoint="0.5" LAnchorOffset="-334" TAnchorPoint="0" TAnchorOffset="0" RAnchorPoint="0.5" RAnchorOffset="333" BAnchorPoint="1" BAnchorOffset="0" RelativeToClient="1" Font="Default" Text="" BGColor="UI_WindowBGDefault" TextColor="UI_WindowTextDefault" Template="Default" TooltipType="OnCursor" Name="BG_7Squares" TooltipColor="" Picture="1" IgnoreMouse="1" Sprite="" TransitionShowHide="1" Tooltip=""/>
            <Control Class="Window" LAnchorPoint="0" LAnchorOffset="204" TAnchorPoint="0" TAnchorOffset="-10" RAnchorPoint="0" RAnchorOffset="265" BAnchorPoint="1" BAnchorOffset="-10" RelativeToClient="1" Font="Default" Text="" BGColor="UI_WindowBGDefault" TextColor="UI_WindowTextDefault" Template="Default" TooltipType="OnCursor" Name="Bit_1" TooltipColor="" Picture="1" IgnoreMouse="1" Sprite=""/>
            <Control Class="Window" LAnchorPoint="0" LAnchorOffset="175" TAnchorPoint="0" TAnchorOffset="0" RAnchorPoint="0" RAnchorOffset="236" BAnchorPoint="1" BAnchorOffset="0" RelativeToClient="1" Font="Default" Text="" BGColor="UI_WindowBGDefault" TextColor="UI_WindowTextDefault" Template="Default" TooltipType="OnCursor" Name="Bit_2" TooltipColor="" Picture="1" IgnoreMouse="1" Sprite=""/>
            <Control Class="Window" LAnchorPoint="0" LAnchorOffset="596" TAnchorPoint="0" TAnchorOffset="-26" RAnchorPoint="0" RAnchorOffset="657" BAnchorPoint="1" BAnchorOffset="-26" RelativeToClient="1" Font="Default" Text="" BGColor="UI_WindowBGDefault" TextColor="UI_WindowTextDefault" Template="Default" TooltipType="OnCursor" Name="Bit_3" TooltipColor="" Picture="1" IgnoreMouse="1" Sprite="" HideInEditor="0"/>
            <Control Class="Window" LAnchorPoint="0" LAnchorOffset="622" TAnchorPoint="0" TAnchorOffset="-12" RAnchorPoint="0" RAnchorOffset="683" BAnchorPoint="1" BAnchorOffset="-12" RelativeToClient="1" Font="Default" Text="" BGColor="UI_WindowBGDefault" TextColor="UI_WindowTextDefault" Template="Default" TooltipType="OnCursor" Name="Bit_4" TooltipColor="" Picture="1" IgnoreMouse="1" Sprite=""/>
            <Control Class="Window" LAnchorPoint="0" LAnchorOffset="608" TAnchorPoint="0" TAnchorOffset="0" RAnchorPoint="0" RAnchorOffset="669" BAnchorPoint="1" BAnchorOffset="0" RelativeToClient="1" Font="Default" Text="" BGColor="UI_WindowBGDefault" TextColor="UI_WindowTextDefault" Template="Default" TooltipType="OnCursor" Name="Bit_5" TooltipColor="" Picture="1" IgnoreMouse="1" Sprite=""/>
            <Control Class="Window" LAnchorPoint="0" LAnchorOffset="193" TAnchorPoint="0" TAnchorOffset="-31" RAnchorPoint="0" RAnchorOffset="254" BAnchorPoint="1" BAnchorOffset="-31" RelativeToClient="1" Font="Default" Text="" BGColor="UI_WindowBGDefault" TextColor="UI_WindowTextDefault" Template="Default" TooltipType="OnCursor" Name="Bit_6" TooltipColor="" Picture="1" IgnoreMouse="1" Sprite=""/>
        </Control>
        <Control Class="Window" LAnchorPoint="0" LAnchorOffset="0" TAnchorPoint="1" TAnchorOffset="-135" RAnchorPoint="1" RAnchorOffset="0" BAnchorPoint="1" BAnchorOffset="0" RelativeToClient="1" Font="Default" Text="" BGColor="UI_WindowBGDefault" TextColor="UI_WindowTextDefault" Template="Default" TooltipType="OnCursor" Name="MedicBaseFrame_OutOfCombat" TooltipColor="" Picture="1" IgnoreMouse="1" Sprite="CM_MedicSprites:sprMedic_Base_OutOfCombat" TransitionShowHide="1" Visible="1" NewControlDepth="1"/>
        <Control Class="Window" LAnchorPoint="0" LAnchorOffset="0" TAnchorPoint="1" TAnchorOffset="-135" RAnchorPoint="1" RAnchorOffset="0" BAnchorPoint="1" BAnchorOffset="0" RelativeToClient="1" Font="Default" Text="" BGColor="UI_WindowBGDefault" TextColor="UI_WindowTextDefault" Template="Default" TooltipType="OnCursor" Name="MedicBaseFrame_InCombat" TooltipColor="" Picture="1" IgnoreMouse="1" Sprite="sprMedic_Base_InCombatGreen" Visible="0" HideInEditor="1" TransitionShowHide="1" NewControlDepth="1"/>
        <Control Class="Window" LAnchorPoint="0.5" LAnchorOffset="-334" TAnchorPoint="1" TAnchorOffset="-216" RAnchorPoint="0.5" RAnchorOffset="333" BAnchorPoint="1" BAnchorOffset="15" RelativeToClient="1" Font="Default" Text="" BGColor="UI_WindowBGDefault" TextColor="UI_WindowTextDefault" Template="Default" TooltipType="OnCursor" Name="BG_12Squares" TooltipColor="" Picture="1" IgnoreMouse="1" Sprite="CM_MedicSprites:sprMedic_BG_12Squares" TransitionShowHide="1"/>
        <Control Class="Window" LAnchorPoint="0.5" LAnchorOffset="-138" TAnchorPoint="0" TAnchorOffset="100" RAnchorPoint="0.5" RAnchorOffset="-69" BAnchorPoint="0" BAnchorOffset="174" RelativeToClient="1" Font="Default" Text="" BGColor="UI_WindowBGDefault" TextColor="UI_WindowTextDefault" Template="Default" TooltipType="OnCursor" Name="MedicNode1" TooltipColor="" Picture="1" IgnoreMouse="1" Sprite="" NewControlDepth="1">
            <Control Class="Window" LAnchorPoint="0" LAnchorOffset="0" TAnchorPoint="0" TAnchorOffset="0" RAnchorPoint="1" RAnchorOffset="0" BAnchorPoint="1" BAnchorOffset="0" RelativeToClient="1" Font="Default" Text="" BGColor="white" TextColor="UI_WindowTextDefault" Template="Default" TooltipType="OnCursor" Name="EmptySprite" TooltipColor="" Picture="1" IgnoreMouse="1" Sprite="CM_MedicSprites:sprMedic_Cube_Red" TransitionShowHide="1"/>
            <Control Class="Window" LAnchorPoint="0" LAnchorOffset="0" TAnchorPoint="0" TAnchorOffset="0" RAnchorPoint="1" RAnchorOffset="0" BAnchorPoint="1" BAnchorOffset="0" RelativeToClient="1" Font="Default" Text="" BGColor="UI_WindowBGDefault" TextColor="UI_WindowTextDefault" Template="Default" TooltipType="OnCursor" Name="FillSprite" TooltipColor="" Sprite="CM_MedicSprites:sprMedic_Cube_DullGreen" Picture="1" IgnoreMouse="1" TransitionShowHide="1"/>
        </Control>
        <Control Class="Window" LAnchorPoint="0.5" LAnchorOffset="-69" TAnchorPoint="0" TAnchorOffset="100" RAnchorPoint="0.5" RAnchorOffset="0" BAnchorPoint="0" BAnchorOffset="174" RelativeToClient="1" Font="Default" Text="" BGColor="UI_WindowBGDefault" TextColor="UI_WindowTextDefault" Template="Default" TooltipType="OnCursor" Name="MedicNode2" TooltipColor="" Picture="1" IgnoreMouse="1" Sprite="">
            <Control Class="Window" LAnchorPoint="0" LAnchorOffset="0" TAnchorPoint="0" TAnchorOffset="0" RAnchorPoint="1" RAnchorOffset="0" BAnchorPoint="1" BAnchorOffset="0" RelativeToClient="1" Font="Default" Text="" BGColor="white" TextColor="UI_WindowTextDefault" Template="Default" TooltipType="OnCursor" Name="EmptySprite" TooltipColor="" Sprite="CM_MedicSprites:sprMedic_Cube_Red" Picture="1" IgnoreMouse="1" TransitionShowHide="1"/>
            <Control Class="Window" LAnchorPoint="0" LAnchorOffset="0" TAnchorPoint="0" TAnchorOffset="0" RAnchorPoint="1" RAnchorOffset="0" BAnchorPoint="1" BAnchorOffset="0" RelativeToClient="1" Font="Default" Text="" BGColor="UI_WindowBGDefault" TextColor="UI_WindowTextDefault" Template="Default" TooltipType="OnCursor" Name="FillSprite" TooltipColor="" Picture="1" IgnoreMouse="1" Sprite="CM_MedicSprites:sprMedic_Cube_DullGreen" TransitionShowHide="1"/>
        </Control>
        <Control Class="Window" LAnchorPoint="0.5" LAnchorOffset="0" TAnchorPoint="0" TAnchorOffset="100" RAnchorPoint="0.5" RAnchorOffset="69" BAnchorPoint="0" BAnchorOffset="174" RelativeToClient="1" Font="Default" Text="" BGColor="UI_WindowBGDefault" TextColor="UI_WindowTextDefault" Template="Default" TooltipType="OnCursor" Name="MedicNode3" TooltipColor="" Picture="1" IgnoreMouse="1" Sprite="">
            <Control Class="Window" LAnchorPoint="0" LAnchorOffset="0" TAnchorPoint="0" TAnchorOffset="0" RAnchorPoint="1" RAnchorOffset="0" BAnchorPoint="1" BAnchorOffset="0" RelativeToClient="1" Font="Default" Text="" BGColor="white" TextColor="UI_WindowTextDefault" Template="Default" TooltipType="OnCursor" Name="EmptySprite" TooltipColor="" Picture="1" IgnoreMouse="1" Sprite="CM_MedicSprites:sprMedic_Cube_Red" TransitionShowHide="1"/>
            <Control Class="Window" LAnchorPoint="0" LAnchorOffset="0" TAnchorPoint="0" TAnchorOffset="0" RAnchorPoint="1" RAnchorOffset="0" BAnchorPoint="1" BAnchorOffset="0" RelativeToClient="1" Font="Default" Text="" BGColor="UI_WindowBGDefault" TextColor="UI_WindowTextDefault" Template="Default" TooltipType="OnCursor" Name="FillSprite" TooltipColor="" Picture="1" IgnoreMouse="1" Sprite="CM_MedicSprites:sprMedic_Cube_DullGreen" TransitionShowHide="1"/>
        </Control>
        <Control Class="Window" LAnchorPoint="0.5" LAnchorOffset="69" TAnchorPoint="0" TAnchorOffset="100" RAnchorPoint="0.5" RAnchorOffset="138" BAnchorPoint="0" BAnchorOffset="174" RelativeToClient="1" Font="Default" Text="" BGColor="UI_WindowBGDefault" TextColor="UI_WindowTextDefault" Template="Default" TooltipType="OnCursor" Name="MedicNode4" TooltipColor="" Picture="1" IgnoreMouse="1" Sprite="">
            <Control Class="Window" LAnchorPoint="0" LAnchorOffset="0" TAnchorPoint="0" TAnchorOffset="0" RAnchorPoint="1" RAnchorOffset="0" BAnchorPoint="1" BAnchorOffset="0" RelativeToClient="1" Font="Default" Text="" BGColor="white" TextColor="UI_WindowTextDefault" Template="Default" TooltipType="OnCursor" Name="EmptySprite" TooltipColor="" Sprite="CM_MedicSprites:sprMedic_Cube_Red" Picture="1" IgnoreMouse="1" TransitionShowHide="1"/>
            <Control Class="Window" LAnchorPoint="0" LAnchorOffset="0" TAnchorPoint="0" TAnchorOffset="0" RAnchorPoint="1" RAnchorOffset="0" BAnchorPoint="1" BAnchorOffset="0" RelativeToClient="1" Font="Default" Text="" BGColor="UI_WindowBGDefault" TextColor="UI_WindowTextDefault" Template="Default" TooltipType="OnCursor" Name="FillSprite" TooltipColor="" Picture="1" IgnoreMouse="1" Sprite="CM_MedicSprites:sprMedic_Cube_DullGreen" TransitionShowHide="1"/>
        </Control>
        <Control Class="ProgressBar" LAnchorPoint="0.5" LAnchorOffset="-152" TAnchorPoint="1" TAnchorOffset="-58" RAnchorPoint="0.5" RAnchorOffset="153" BAnchorPoint="1" BAnchorOffset="-41" RelativeToClient="1" Font="Default" Text="" Template="Default" TooltipType="OnCursor" Name="ManaProgressBar" BGColor="white" TextColor="white" TooltipColor="" Sprite="" Picture="1" IgnoreMouse="1" BarColor="" ProgressFull="sprMedic_ProgBar_OutOfCombat" ProgressEdgeGlow="" NoClipEdgeGlow="0" EdgeGlow="0" TooltipFont="CRB_InterfaceSmall_O"/>
        <Control Class="Window" LAnchorPoint="0.5" LAnchorOffset="-25" TAnchorPoint="1" TAnchorOffset="-58" RAnchorPoint="0.5" RAnchorOffset="25" BAnchorPoint="1" BAnchorOffset="-45" RelativeToClient="1" Font="CRB_HeaderTiny_O" Text="" Template="Default" Name="ManaProgressBacker" BGColor="UI_AlphaPercent25" TextColor="white" TextId="" TooltipColor="" NewControlDepth="6" DT_CENTER="1" Picture="1" IgnoreMouse="1" Sprite="BK3:sprGradientOutwards" Visible="0" HideInEditor="0"/>
        <Control Class="Window" LAnchorPoint="0.5" LAnchorOffset="-156" TAnchorPoint="1" TAnchorOffset="-60" RAnchorPoint="0.5" RAnchorOffset="156" BAnchorPoint="1" BAnchorOffset="-43" RelativeToClient="1" Font="CRB_HeaderTiny_O" Text="" Template="Default" Name="ManaProgressText" BGColor="white" TextColor="UI_TextHoloTitle" TextId="CRB__2" TooltipColor="" NewControlDepth="6" DT_CENTER="1" Picture="1" IgnoreMouse="1" Sprite=""/>
    </Form>
</Forms>
