<Forms>
    <Form Class="Window" LAnchorPoint="0" LAnchorOffset="0" TAnchorPoint="0" TAnchorOffset="0" RAnchorPoint="0" RAnchorOffset="800" BAnchorPoint="0" BAnchorOffset="600" RelativeToClient="1" Font="Default" Text="" Template="Default" Name="GuildInfoForm" Border="0" Picture="1" SwallowMouseClicks="1" Moveable="0" Escapable="0" Overlapped="0" BGColor="ffffffff" TextColor="ffffffff" TextId="" Visible="0" TooltipColor="" Tooltip="" Sprite="CRB_Basekit:kitBase_MetalGrey_Large" IgnoreMouse="1">
        <Control Class="Window" LAnchorPoint="0" LAnchorOffset="0" TAnchorPoint="0" TAnchorOffset="0" RAnchorPoint="0" RAnchorOffset="343" BAnchorPoint="1" BAnchorOffset="0" RelativeToClient="1" Font="Default" Text="" Template="Default" TooltipType="OnCursor" Name="InfoPane" BGColor="ffffffff" TextColor="ffffffff" TooltipColor="" Sprite="" Picture="1" IgnoreMouse="1" Tooltip="">
            <Control Class="Window" LAnchorPoint="0" LAnchorOffset="13" TAnchorPoint="0" TAnchorOffset="13" RAnchorPoint="1" RAnchorOffset="-17" BAnchorPoint="0" BAnchorOffset="300" RelativeToClient="1" Font="CRB_HeaderMedium" Text="" Template="Default" TooltipType="OnCursor" Name="InfoPaneLabel" BGColor="ffffffff" TextColor="UI_TextHoloTitle" TooltipColor="" TextId="" DT_VCENTER="0" DT_CENTER="1" Tooltip="" Sprite="BK3:sprMetal_Metal_InsetHeaderThin" Picture="1" IgnoreMouse="1" NoClip="1" NewControlDepth="1">
                <Pixie LAnchorPoint="0" LAnchorOffset="0" TAnchorPoint="0" TAnchorOffset="9" RAnchorPoint="1" RAnchorOffset="0" BAnchorPoint="0" BAnchorOffset="50" Sprite="" BGColor="white" TextColor="ff9aaea3" Rotation="0" Font="CRB_Header12" Text="" TextId="Guild_GuildInfoHeader" DT_CENTER="1"/>
            </Control>
            <Control Class="Window" LAnchorPoint="0" LAnchorOffset="25" TAnchorPoint="0" TAnchorOffset="53" RAnchorPoint="1" RAnchorOffset="13" BAnchorPoint="0" BAnchorOffset="83" RelativeToClient="1" Font="CRB_InterfaceLarge_B" Text="" Template="Default" TooltipType="OnCursor" Name="GuildMasterLabel" BGColor="ffffffff" TextColor="ff5f6662" TooltipColor="" TextId="CRB_Guild_Master" DT_VCENTER="1" DT_CENTER="0" Tooltip=""/>
            <Control Class="Window" LAnchorPoint="0" LAnchorOffset="26" TAnchorPoint="0" TAnchorOffset="74" RAnchorPoint="1" RAnchorOffset="3" BAnchorPoint="0" BAnchorOffset="104" RelativeToClient="1" Font="CRB_InterfaceMedium" Text="" Template="Default" TooltipType="OnCursor" Name="GuildMasterName" BGColor="ffffffff" TextColor="ffffffff" TooltipColor="" TextId="Challenges_NoProgress" DT_VCENTER="1" DT_CENTER="0" Tooltip=""/>
            <Control Class="Window" LAnchorPoint="0" LAnchorOffset="25" TAnchorPoint="0" TAnchorOffset="113" RAnchorPoint="1" RAnchorOffset="13" BAnchorPoint="0" BAnchorOffset="143" RelativeToClient="1" Font="CRB_InterfaceLarge_B" Text="" Template="Default" TooltipType="OnCursor" Name="GuildCreateDateLabel" BGColor="ffffffff" TextColor="ff5f6662" TooltipColor="" TextId="Guild_GuildCreatedLabel" DT_VCENTER="1" DT_CENTER="0" Tooltip=""/>
            <Control Class="Window" LAnchorPoint="0" LAnchorOffset="26" TAnchorPoint="0" TAnchorOffset="133" RAnchorPoint="1" RAnchorOffset="6" BAnchorPoint="0" BAnchorOffset="163" RelativeToClient="1" Font="CRB_InterfaceMedium" Text="" Template="Default" TooltipType="OnCursor" Name="GuildCreatedDate" BGColor="ffffffff" TextColor="ffffffff" TooltipColor="" TextId="Challenges_NoProgress" DT_VCENTER="1" DT_CENTER="0" Tooltip=""/>
            <Control Class="Window" LAnchorPoint="0" LAnchorOffset="25" TAnchorPoint="0" TAnchorOffset="165" RAnchorPoint="1" RAnchorOffset="12" BAnchorPoint="0" BAnchorOffset="195" RelativeToClient="1" Font="CRB_InterfaceLarge_B" Text="" Template="Default" TooltipType="OnCursor" Name="GuildMemberCountLabel" BGColor="ffffffff" TextColor="ff5f6662" TooltipColor="" TextId="Guild_MemberCountLabel" DT_VCENTER="1" DT_CENTER="0" Tooltip=""/>
            <Control Class="Window" LAnchorPoint="0" LAnchorOffset="26" TAnchorPoint="0" TAnchorOffset="185" RAnchorPoint="1" RAnchorOffset="4" BAnchorPoint="0" BAnchorOffset="215" RelativeToClient="1" Font="CRB_InterfaceMedium" Text="" Template="Default" TooltipType="OnCursor" Name="GuildMemberCount" BGColor="ffffffff" TextColor="ffffffff" TooltipColor="" TextId="Challenges_NoProgress" DT_VCENTER="1" DT_CENTER="0" Tooltip=""/>
            <Control Class="Window" LAnchorPoint="0" LAnchorOffset="25" TAnchorPoint="0" TAnchorOffset="227" RAnchorPoint="1" RAnchorOffset="8" BAnchorPoint="0" BAnchorOffset="257" RelativeToClient="1" Font="CRB_InterfaceLarge_B" Text="" Template="Default" TooltipType="OnCursor" Name="GuildMemberGuildTaxLabel" BGColor="ffffffff" TextColor="ff5f6662" TooltipColor="" TextId="Guild_TaxLabel" DT_VCENTER="1" DT_CENTER="0" Tooltip=""/>
            <Control Class="Window" LAnchorPoint="0" LAnchorOffset="104" TAnchorPoint="0" TAnchorOffset="231" RAnchorPoint="1" RAnchorOffset="-14" BAnchorPoint="0" BAnchorOffset="254" RelativeToClient="1" Font="CRB_InterfaceMedium" Text="" Template="Default" TooltipType="OnCursor" Name="GuildMemberGuildTaxText" BGColor="ffffffff" TextColor="ffffffff" TooltipColor="" TextId="Challenges_NoProgress" DT_VCENTER="1" DT_CENTER="0" Tooltip="" Visible="0"/>
            <Control Class="Window" LAnchorPoint="0" LAnchorOffset="18" TAnchorPoint="0" TAnchorOffset="259" RAnchorPoint="1" RAnchorOffset="-22" BAnchorPoint="0" BAnchorOffset="295" RelativeToClient="1" Font="Default" Text="" Template="Default" TooltipType="OnCursor" Name="GuildTaxBtnContainer" BGColor="ffffffff" TextColor="ffffffff" TooltipColor="" Sprite="BK3:UI_BK3_Metal_Inset_SharpCorner" Picture="1" IgnoreMouse="1" NewControlDepth="1">
                <Control Class="Button" Base="BK3:btnHolo_Radio_Small" Font="CRB_InterfaceTiny_BB" ButtonType="Check" RadioGroup="GuildInfoGuildTax_RadioGroup" LAnchorPoint="0" LAnchorOffset="9" TAnchorPoint="0" TAnchorOffset="0" RAnchorPoint="0.5" RAnchorOffset="-51" BAnchorPoint="1" BAnchorOffset="0" DT_VCENTER="1" DT_CENTER="1" TooltipType="OnCursor" Name="GuildTaxOnBtn" BGColor="ffffffff" TextColor="ffffffff" TooltipColor="" NormalTextColor="UI_BtnTextHoloListNormal" PressedTextColor="UI_BtnTextHoloListPressed" FlybyTextColor="UI_BtnTextHoloListFlyby" PressedFlybyTextColor="UI_BtnTextHoloListPressedFlyby" DisabledTextColor="UI_BtnTextHoloListDisabled" GlobalRadioGroup="" Text="" TextId="GuildInfo_5PercentTax" RadioDisallowNonSelection="1" DrawAsCheckbox="1" CheckboxRight="0">
                    <Event Name="ButtonCheck" Function="OnGuildTaxToggle"/>
                </Control>
                <Control Class="Button" Base="BK3:btnHolo_Radio_Small" Font="CRB_InterfaceTiny_BB" ButtonType="Check" RadioGroup="GuildInfoGuildTax_RadioGroup" LAnchorPoint="0.5" LAnchorOffset="-34" TAnchorPoint="0" TAnchorOffset="0" RAnchorPoint="1" RAnchorOffset="-107" BAnchorPoint="1" BAnchorOffset="0" DT_VCENTER="1" DT_CENTER="1" TooltipType="OnCursor" Name="GuildTaxOffBtn" BGColor="ffffffff" TextColor="ffffffff" TooltipColor="" NormalTextColor="UI_BtnTextHoloListNormal" PressedTextColor="UI_BtnTextHoloListPressed" FlybyTextColor="UI_BtnTextHoloListFlyby" PressedFlybyTextColor="UI_BtnTextHoloListPressedFlyby" DisabledTextColor="UI_BtnTextHoloListDisabled" GlobalRadioGroup="" Text="" TextId="GuildInfo_TaxNone" RadioDisallowNonSelection="1" DrawAsCheckbox="1">
                    <Event Name="ButtonCheck" Function="OnGuildTaxToggle"/>
                </Control>
            </Control>
            <Control Class="Window" LAnchorPoint="0" LAnchorOffset="13" TAnchorPoint="0" TAnchorOffset="322" RAnchorPoint="1" RAnchorOffset="-17" BAnchorPoint="0" BAnchorOffset="452" RelativeToClient="1" Font="CRB_HeaderMedium" Text="" Template="Default" TooltipType="OnCursor" Name="InfoPaneLabel1" BGColor="ffffffff" TextColor="UI_TextHoloTitle" TooltipColor="" TextId="" DT_VCENTER="0" DT_CENTER="1" Tooltip="" Sprite="BK3:sprMetal_Metal_InsetHeaderThin" Picture="1" IgnoreMouse="1" NoClip="1" NewControlDepth="1">
                <Pixie LAnchorPoint="0" LAnchorOffset="0" TAnchorPoint="0" TAnchorOffset="9" RAnchorPoint="1" RAnchorOffset="0" BAnchorPoint="0" BAnchorOffset="50" Sprite="" BGColor="white" TextColor="ff9aaea3" Rotation="0" Font="CRB_Header12" Text="" TextId="GuildInfo_MessageOfTheDay" DT_CENTER="1"/>
            </Control>
            <Control Class="Window" LAnchorPoint="0" LAnchorOffset="12" TAnchorPoint="0" TAnchorOffset="455" RAnchorPoint="1" RAnchorOffset="-18" BAnchorPoint="0" BAnchorOffset="585" RelativeToClient="1" Font="CRB_HeaderMedium" Text="" Template="Default" TooltipType="OnCursor" Name="InfoPaneLabel2" BGColor="ffffffff" TextColor="UI_TextHoloTitle" TooltipColor="" TextId="" DT_VCENTER="0" DT_CENTER="1" Tooltip="" Sprite="BK3:sprMetal_Metal_InsetHeaderThin" Picture="1" IgnoreMouse="1" NoClip="1" NewControlDepth="1">
                <Pixie LAnchorPoint="0" LAnchorOffset="0" TAnchorPoint="0" TAnchorOffset="9" RAnchorPoint="1" RAnchorOffset="0" BAnchorPoint="0" BAnchorOffset="50" Sprite="" BGColor="white" TextColor="ff9aaea3" Rotation="0" Font="CRB_Header12" Text="" TextId="Guild_InfoLabel" DT_CENTER="1"/>
            </Control>
            <Control Class="EditBox" LAnchorPoint="0" LAnchorOffset="20" TAnchorPoint="1" TAnchorOffset="-239" RAnchorPoint="1" RAnchorOffset="-22" BAnchorPoint="1" BAnchorOffset="-153" RelativeToClient="1" Font="CRB_InterfaceMedium" Text="" Template="CRB_Scroll_HoloSmall" TooltipType="OnCursor" Name="GuildMotD" BGColor="ffffffff" TextColor="ffffffff" TooltipColor="" TextId="Challenges_NoProgress" DT_VCENTER="0" DT_CENTER="0" Tooltip="" DT_WORDBREAK="1" VScroll="1" IgnoreMouse="1" AutoHideScroll="1" ReadOnly="1" MultiLine="1"/>
            <Control Class="EditBox" LAnchorPoint="0" LAnchorOffset="20" TAnchorPoint="1" TAnchorOffset="-105" RAnchorPoint="1" RAnchorOffset="-22" BAnchorPoint="1" BAnchorOffset="-20" RelativeToClient="1" Font="CRB_InterfaceMedium" Text="" Template="CRB_Scroll_HoloSmall" TooltipType="OnCursor" Name="GuildInfo" BGColor="ffffffff" TextColor="ffffffff" TooltipColor="" TextId="Challenges_NoProgress" DT_VCENTER="0" DT_CENTER="0" Tooltip="" DT_WORDBREAK="1" VScroll="1" IgnoreMouse="1" AutoHideScroll="1" ReadOnly="1" MultiLine="1"/>
            <Control Class="Button" Base="CRB_DatachronSprites:btnDCPP_SciConfig" Font="CRB_InterfaceMedium_B" ButtonType="Check" RadioGroup="InfoOptionsRadioGroup" LAnchorPoint="0" LAnchorOffset="296" TAnchorPoint="1" TAnchorOffset="-272" RAnchorPoint="1" RAnchorOffset="-18" BAnchorPoint="1" BAnchorOffset="-244" DT_VCENTER="1" DT_CENTER="1" Name="EditMessageBtn" BGColor="ffffffff" TextColor="ffffffff" NormalTextColor="UI_TextHoloBody" PressedTextColor="ffffffff" FlybyTextColor="ffffffff" PressedFlybyTextColor="ffffffff" DisabledTextColor="9d666666" Text="" TextId="" Visible="1" GlobalRadioGroup="" LeftEdgeControlsAnchor="" RelativeToClient="1" TooltipColor="" HideInEditor="0" DT_WORDBREAK="1" NewControlDepth="1" NewWindowDepth="0">
                <Event Name="ButtonCheck" Function="OnMotDEditClick"/>
                <Event Name="ButtonUncheck" Function="OnMotDEditClick"/>
                <Control Class="Window" LAnchorPoint="0.5" LAnchorOffset="-295" TAnchorPoint="1" TAnchorOffset="-31" RAnchorPoint="0.5" RAnchorOffset="-19" BAnchorPoint="1" BAnchorOffset="134" RelativeToClient="1" Font="Default" Text="" Template="Default" Name="EditMotDContainer" BGColor="ffffffff" TextColor="ffffffff" Picture="1" IgnoreMouse="1" Sprite="" Visible="0" HideInEditor="1" NewWindowDepth="1" NoClip="1" CloseOnExternalClick="1" TooltipColor="" Overlapped="0" Sizable="0" Tooltip="">
                    <Control Class="Window" LAnchorPoint="0" LAnchorOffset="0" TAnchorPoint="0" TAnchorOffset="0" RAnchorPoint="1" RAnchorOffset="0" BAnchorPoint="1" BAnchorOffset="0" RelativeToClient="1" Font="Default" Text="" Template="Default" TooltipType="OnCursor" Name="TopLeftRewardsArt" BGColor="ffffffff" TextColor="ffffffff" TooltipColor="" Sprite="kitBase_HoloBlue_Tiny" Picture="1" IgnoreMouse="1">
                        <Control Class="Window" LAnchorPoint="0" LAnchorOffset="6" TAnchorPoint="0" TAnchorOffset="6" RAnchorPoint="1" RAnchorOffset="-6" BAnchorPoint="1" BAnchorOffset="-6" RelativeToClient="1" Font="Default" Text="" Template="CRB_Scroll_HoloSmall" TooltipType="OnCursor" Name="TopLeftRewardsContainer" BGColor="ffffffff" TextColor="ffffffff" TooltipColor="" VScroll="1" IgnoreMouse="1" AutoHideScroll="1" HideInEditor="0"/>
                    </Control>
                    <Control Class="Window" LAnchorPoint="0" LAnchorOffset="13" TAnchorPoint="0" TAnchorOffset="8" RAnchorPoint="1" RAnchorOffset="-7" BAnchorPoint="0" BAnchorOffset="28" RelativeToClient="1" Font="CRB_InterfaceMedium_B" Text="" Template="Default" Name="EditMotDLabel" BGColor="ffffffff" TextColor="UI_TextHoloTitle" TextId="GuildInfo_MessageOfTheDay" TooltipColor=""/>
                    <Control Class="Window" LAnchorPoint="0" LAnchorOffset="8" TAnchorPoint="0" TAnchorOffset="28" RAnchorPoint="1" RAnchorOffset="-8" BAnchorPoint="1" BAnchorOffset="-45" RelativeToClient="1" Font="Default" Text="" Template="Default" Name="EditMotDEditBoxBG" BGColor="ffffffff" TextColor="ffffffff" Picture="1" IgnoreMouse="1" Sprite="CRB_Basekit:kitInnerFrame_Holo_InputBox" TooltipColor=""/>
                    <Control Class="EditBox" LAnchorPoint="0" LAnchorOffset="16" TAnchorPoint="0" TAnchorOffset="35" RAnchorPoint="1" RAnchorOffset="-16" BAnchorPoint="1" BAnchorOffset="-52" RelativeToClient="1" Font="CRB_InterfaceMedium" Text="" Template="CRB_Scroll_HoloSmall" Name="EditMotDEditBox" BGColor="ffffffff" TextColor="ffffffff" Picture="0" DT_VCENTER="0" IgnoreMouse="1" TooltipColor="" MultiLine="1" Overlapped="0" DT_WORDBREAK="1" VScroll="1" AutoHideScroll="1">
                        <Event Name="EditBoxReturn" Function="OnEditMotDEditBoxReturn"/>
                        <Event Name="EditBoxChanged" Function="OnEditMotDEditBoxChanged"/>
                    </Control>
                    <Control Class="Button" Base="CRB_Basekit:kitBtn_Holo_Close2" Font="Thick" ButtonType="PushButton" RadioGroup="" LAnchorPoint="1" LAnchorOffset="-21" TAnchorPoint="0" TAnchorOffset="9" RAnchorPoint="1" RAnchorOffset="-3" BAnchorPoint="0" BAnchorOffset="27" DT_VCENTER="1" DT_CENTER="1" Name="EditMotDCloseBtn" BGColor="ffffffff" TextColor="ffffffff" NormalTextColor="ffffffff" PressedTextColor="ffffffff" FlybyTextColor="ffffffff" PressedFlybyTextColor="ffffffff" DisabledTextColor="ffffffff" TooltipColor="" RelativeToClient="0">
                        <Event Name="ButtonSignal" Function="OnEditMotDCloseBtn"/>
                    </Control>
                    <Event Name="WindowClosed" Function="OnEditMotDCloseBtn"/>
                    <Control Class="Button" Base="CRB_Basekit:kitBtn_Holo" Font="CRB_InterfaceMedium_B" ButtonType="PushButton" RadioGroup="" LAnchorPoint="0" LAnchorOffset="10" TAnchorPoint="1" TAnchorOffset="-41" RAnchorPoint="1" RAnchorOffset="-10" BAnchorPoint="1" BAnchorOffset="-11" DT_VCENTER="1" DT_CENTER="1" Name="EditMotDConfirmBtn" BGColor="ffffffff" TextColor="ffffffff" NormalTextColor="UI_BtnTextHoloNormal" PressedTextColor="UI_BtnTextHoloPressed" FlybyTextColor="UI_BtnTextHoloFlyBy" PressedFlybyTextColor="UI_BtnTextHoloPressedFlyBy" DisabledTextColor="UI_BtnTextHoloDisabled" Text="" TextId="CRB_Save" TooltipColor="">
                        <Event Name="ButtonSignal" Function="OnEditMotDConfirmBtn"/>
                    </Control>
                </Control>
            </Control>
            <Control Class="Button" Base="CRB_DatachronSprites:btnDCPP_SciConfig" Font="CRB_InterfaceMedium_B" ButtonType="Check" RadioGroup="InfoOptionsRadioGroup" LAnchorPoint="0" LAnchorOffset="295" TAnchorPoint="1" TAnchorOffset="-139" RAnchorPoint="1" RAnchorOffset="-18" BAnchorPoint="1" BAnchorOffset="-113" DT_VCENTER="1" DT_CENTER="1" Name="EditInfoBtn" BGColor="ffffffff" TextColor="ffffffff" NormalTextColor="UI_TextHoloBody" PressedTextColor="ffffffff" FlybyTextColor="ffffffff" PressedFlybyTextColor="ffffffff" DisabledTextColor="9d666666" Text="" TextId="" Visible="1" GlobalRadioGroup="" LeftEdgeControlsAnchor="" RelativeToClient="1" TooltipColor="" HideInEditor="0">
                <Event Name="ButtonCheck" Function="OnInfoEditClick"/>
                <Event Name="ButtonUncheck" Function="OnInfoEditClick"/>
                <Control Class="Window" LAnchorPoint="0.5" LAnchorOffset="-296" TAnchorPoint="1" TAnchorOffset="-69" RAnchorPoint="0.5" RAnchorOffset="-18" BAnchorPoint="1" BAnchorOffset="96" RelativeToClient="1" Font="Default" Text="" Template="Default" Name="EditInfoContainer" BGColor="ffffffff" TextColor="ffffffff" Picture="1" IgnoreMouse="1" Sprite="" Visible="0" HideInEditor="1" NewWindowDepth="1" NoClip="1" CloseOnExternalClick="1" TooltipColor="" Overlapped="1">
                    <Control Class="Window" LAnchorPoint="0" LAnchorOffset="0" TAnchorPoint="0" TAnchorOffset="0" RAnchorPoint="1" RAnchorOffset="0" BAnchorPoint="1" BAnchorOffset="0" RelativeToClient="1" Font="Default" Text="" Template="Default" TooltipType="OnCursor" Name="TopLeftRewardsArt" BGColor="ffffffff" TextColor="ffffffff" TooltipColor="" Sprite="kitBase_HoloBlue_Tiny" Picture="1" IgnoreMouse="1">
                        <Control Class="Window" LAnchorPoint="0" LAnchorOffset="6" TAnchorPoint="0" TAnchorOffset="6" RAnchorPoint="1" RAnchorOffset="-6" BAnchorPoint="1" BAnchorOffset="-6" RelativeToClient="1" Font="Default" Text="" Template="CRB_Scroll_HoloSmall" TooltipType="OnCursor" Name="TopLeftRewardsContainer" BGColor="ffffffff" TextColor="ffffffff" TooltipColor="" VScroll="1" IgnoreMouse="1" AutoHideScroll="1" HideInEditor="0"/>
                    </Control>
                    <Control Class="Window" LAnchorPoint="0" LAnchorOffset="13" TAnchorPoint="0" TAnchorOffset="8" RAnchorPoint="1" RAnchorOffset="-7" BAnchorPoint="0" BAnchorOffset="28" RelativeToClient="1" Font="CRB_InterfaceMedium_B" Text="" Template="Default" Name="EditInfoLabel" BGColor="ffffffff" TextColor="UI_TextHoloTitle" TextId="GuildInfo_AdditionalInformation" TooltipColor=""/>
                    <Control Class="Window" LAnchorPoint="0" LAnchorOffset="8" TAnchorPoint="0" TAnchorOffset="28" RAnchorPoint="1" RAnchorOffset="-8" BAnchorPoint="1" BAnchorOffset="-45" RelativeToClient="1" Font="Default" Text="" Template="Default" Name="EditInfoEditBoxBG" BGColor="ffffffff" TextColor="ffffffff" Picture="1" IgnoreMouse="1" Sprite="CRB_Basekit:kitInnerFrame_Holo_InputBox" TooltipColor=""/>
                    <Control Class="EditBox" LAnchorPoint="0" LAnchorOffset="16" TAnchorPoint="0" TAnchorOffset="35" RAnchorPoint="1" RAnchorOffset="-16" BAnchorPoint="1" BAnchorOffset="-52" RelativeToClient="1" Font="CRB_InterfaceMedium" Text="" Template="CRB_Scroll_HoloSmall" Name="EditInfoEditBox" BGColor="ffffffff" TextColor="ffffffff" Picture="0" DT_VCENTER="0" IgnoreMouse="1" TooltipColor="" MultiLine="1" DT_WORDBREAK="1" VScroll="1" AutoHideScroll="1">
                        <Event Name="EditBoxReturn" Function="OnEditInfoEditBoxReturn"/>
                        <Event Name="EditBoxChanged" Function="OnEditInfoEditBoxChanged"/>
                    </Control>
                    <Control Class="Button" Base="CRB_Basekit:kitBtn_Holo_Close2" Font="Thick" ButtonType="PushButton" RadioGroup="" LAnchorPoint="1" LAnchorOffset="-21" TAnchorPoint="0" TAnchorOffset="9" RAnchorPoint="1" RAnchorOffset="-3" BAnchorPoint="0" BAnchorOffset="27" DT_VCENTER="1" DT_CENTER="1" Name="EditInfoCloseBtn" BGColor="ffffffff" TextColor="ffffffff" NormalTextColor="ffffffff" PressedTextColor="ffffffff" FlybyTextColor="ffffffff" PressedFlybyTextColor="ffffffff" DisabledTextColor="ffffffff" TooltipColor="">
                        <Event Name="ButtonSignal" Function="OnEditInfoCloseBtn"/>
                    </Control>
                    <Event Name="WindowClosed" Function="OnEditInfoCloseBtn"/>
                    <Control Class="Button" Base="CRB_Basekit:kitBtn_Holo" Font="CRB_InterfaceMedium_B" ButtonType="PushButton" RadioGroup="" LAnchorPoint="0" LAnchorOffset="10" TAnchorPoint="1" TAnchorOffset="-41" RAnchorPoint="1" RAnchorOffset="-10" BAnchorPoint="1" BAnchorOffset="-11" DT_VCENTER="1" DT_CENTER="1" Name="EditInfoConfirmBtn" BGColor="ffffffff" TextColor="ffffffff" NormalTextColor="UI_BtnTextHoloNormal" PressedTextColor="UI_BtnTextHoloPressed" FlybyTextColor="UI_BtnTextHoloFlyBy" PressedFlybyTextColor="UI_BtnTextHoloPressedFlyBy" DisabledTextColor="UI_BtnTextHoloDisabled" Text="" TextId="CRB_Save" TooltipColor="">
                        <Event Name="ButtonSignal" Function="OnEditInfoConfirmBtn"/>
                    </Control>
                </Control>
            </Control>
            <Pixie LAnchorPoint="0" LAnchorOffset="0" TAnchorPoint="0" TAnchorOffset="0" RAnchorPoint="1" RAnchorOffset="0" BAnchorPoint="1" BAnchorOffset="0" BGColor="ffffffff" Font="Default" TextColor="ffffffff" Text="" Sprite="BK3:UI_BK3_Metal_Inset_Block1" Line="0"/>
            <Control Class="CostumeWindow" LAnchorPoint="1" LAnchorOffset="-165" TAnchorPoint="0" TAnchorOffset="65" RAnchorPoint="1" RAnchorOffset="-35" BAnchorPoint="0" BAnchorOffset="255" RelativeToClient="1" Font="Default" Text="" Template="Default" Name="HolomarkCostume" BGColor="ffffffff" TextColor="ffffffff" Camera="Paperdoll" Animated="1" TooltipType="OnCursor" TooltipColor="" HideInEditor="1"/>
        </Control>
        <Control Class="Window" LAnchorPoint="0" LAnchorOffset="335" TAnchorPoint="0" TAnchorOffset="-13" RAnchorPoint="0" RAnchorOffset="351" BAnchorPoint="1" BAnchorOffset="14" RelativeToClient="1" Font="Default" Text="" Template="Default" TooltipType="OnCursor" Name="MiddleBar" BGColor="ffffffff" TextColor="ffffffff" TooltipColor="" Sprite="BK3:UI_BK3_Metal_Inset_Divider_V" Picture="1" IgnoreMouse="1" NoClip="1" NewWindowDepth="1"/>
        <Control Class="Window" LAnchorPoint="0" LAnchorOffset="342" TAnchorPoint="0" TAnchorOffset="0" RAnchorPoint="1" RAnchorOffset="0" BAnchorPoint="1" BAnchorOffset="0" RelativeToClient="1" Font="Default" Text="" Template="Holo_Background_General" TooltipType="OnCursor" Name="NewsPane" BGColor="ffffffff" TextColor="ffffffff" TooltipColor="" Sprite="" Picture="1" IgnoreMouse="1">
            <Control Class="Window" LAnchorPoint="0" LAnchorOffset="20" TAnchorPoint="0" TAnchorOffset="55" RAnchorPoint="1" RAnchorOffset="-20" BAnchorPoint="1" BAnchorOffset="-20" RelativeToClient="1" Font="Default" Text="" Template="Holo_ScrollList" TooltipType="OnCursor" Name="NewsPaneList" BGColor="ffffffff" TextColor="ffffffff" TooltipColor="" VScroll="1" IgnoreMouse="1" Picture="1" Moveable="0" Border="1" UseTemplateBG="1"/>
            <Pixie LAnchorPoint="0" LAnchorOffset="10" TAnchorPoint="0" TAnchorOffset="10" RAnchorPoint="1" RAnchorOffset="-10" BAnchorPoint="1" BAnchorOffset="-10" Sprite="BK3:UI_BK3_Holo_InsetHeaderThin" BGColor="white" TextColor="black" Rotation="0" Font="Default"/>
            <Pixie LAnchorPoint="0" LAnchorOffset="0" TAnchorPoint="0" TAnchorOffset="19" RAnchorPoint="1" RAnchorOffset="0" BAnchorPoint="0" BAnchorOffset="40" Sprite="" BGColor="white" TextColor="ff80ffba" Rotation="0" Font="CRB_Header12" Text="" TextId="GuildInfo_NewsAndAnnouncements" DT_CENTER="1"/>
        </Control>
        <Pixie LAnchorPoint="0" LAnchorOffset="0" TAnchorPoint="0" TAnchorOffset="0" RAnchorPoint="0" RAnchorOffset="345" BAnchorPoint="1" BAnchorOffset="0" BGColor="ffffffff" Font="Default" TextColor="ffffffff" Text="" Sprite="CRB_Basekit:kitBase_HoloTeal_NoBorder" Line="0"/>
        <Pixie LAnchorPoint="0" LAnchorOffset="0" TAnchorPoint="0" TAnchorOffset="0" RAnchorPoint="0" RAnchorOffset="345" BAnchorPoint="1" BAnchorOffset="0" BGColor="ffffffff" Font="Default" TextColor="ffffffff" Text="" Sprite="CRB_Basekit:kitAccent_Scanlines" Line="0"/>
    </Form>
    <Form Class="Window" LAnchorPoint="0" LAnchorOffset="0" TAnchorPoint="0" TAnchorOffset="0" RAnchorPoint="1" RAnchorOffset="0" BAnchorPoint="0" BAnchorOffset="50" RelativeToClient="1" Font="Default" Text="" Template="Default" Name="GuildNewsListItem" Border="0" Picture="0" SwallowMouseClicks="1" Moveable="0" Escapable="0" Overlapped="0" BGColor="ffffffff" TextColor="ffffffff" TextId="" HScroll="0" UseTemplateBG="0" TooltipColor="" Tooltip="" IgnoreMouse="1">
        <Control Class="Window" LAnchorPoint="0" LAnchorOffset="10" TAnchorPoint="0.5" TAnchorOffset="-16" RAnchorPoint="0" RAnchorOffset="42" BAnchorPoint="0.5" BAnchorOffset="16" RelativeToClient="0" Font="Default" Text="" Template="Default" Name="GuildNewsItemIcon" BGColor="ffffffff" TextColor="ffffffff" Sprite="CRB_Basekit:kitIcon_Gold_Exclamation" Picture="1" IgnoreMouse="1" NoClip="0" Visible="1" HideInEditor="0" TooltipColor=""/>
        <Control Class="Window" LAnchorPoint="0" LAnchorOffset="50" TAnchorPoint="0" TAnchorOffset="0" RAnchorPoint="1" RAnchorOffset="0" BAnchorPoint="1" BAnchorOffset="-2" RelativeToClient="0" Font="CRB_InterfaceMedium" Text="" Template="Default" TooltipType="OnCursor" Name="GuildNewsItemText" BGColor="ffffffff" TextColor="WindowTitleColor" TooltipColor="" TextId="Challenges_NoProgress" DT_VCENTER="1" DT_WORDBREAK="1" IgnoreMouse="1" Overlapped="0" NeverBringToFront="0"/>
    </Form>
</Forms>
