<Forms>
    <Form Class="Window" LAnchorPoint="0" LAnchorOffset="0" TAnchorPoint="0" TAnchorOffset="0" RAnchorPoint="0" RAnchorOffset="800" BAnchorPoint="0" BAnchorOffset="447" RelativeToClient="1" Font="Default" Text="" Template="Default" Name="GuildInfoForm" Border="0" Picture="1" SwallowMouseClicks="1" Moveable="0" Escapable="0" Overlapped="0" BGColor="ffffffff" TextColor="ffffffff" TextId="" Visible="0" TooltipColor="" Tooltip="" Sprite="CRB_Basekit:kitBase_MetalGrey_Large" IgnoreMouse="1" HideInEditor="0">
        <Control Class="Window" LAnchorPoint="0" LAnchorOffset="0" TAnchorPoint="0" TAnchorOffset="0" RAnchorPoint="0" RAnchorOffset="343" BAnchorPoint="1" BAnchorOffset="0" RelativeToClient="1" Font="Default" Text="" Template="Default" TooltipType="OnCursor" Name="InfoPane" BGColor="ffffffff" TextColor="ffffffff" TooltipColor="" Sprite="" Picture="1" IgnoreMouse="1" Tooltip="">
            <Control Class="Window" LAnchorPoint="0" LAnchorOffset="12" TAnchorPoint="0" TAnchorOffset="13" RAnchorPoint="1" RAnchorOffset="-18" BAnchorPoint="1" BAnchorOffset="-16" RelativeToClient="1" Font="CRB_HeaderMedium" Text="" Template="Default" TooltipType="OnCursor" Name="InfoPaneLabel" BGColor="ffffffff" TextColor="UI_TextHoloTitle" TooltipColor="" TextId="" DT_VCENTER="0" DT_CENTER="1" Tooltip="" Sprite="BK3:sprMetal_Metal_InsetHeaderThin" Picture="1" IgnoreMouse="1" NoClip="1" NewControlDepth="1"/>
            <Control Class="Window" LAnchorPoint="0" LAnchorOffset="12" TAnchorPoint="0" TAnchorOffset="14" RAnchorPoint="0" RAnchorOffset="325" BAnchorPoint="0" BAnchorOffset="49" RelativeToClient="1" Font="CRB_HeaderLarge" Text="" BGColor="UI_WindowBGDefault" TextColor="UI_TextMetalGoldHighlight" Template="Default" TooltipType="OnCursor" Name="GuildName" TooltipColor="" TextId="CRB_Guild_Name" DT_CENTER="1" DT_VCENTER="1"/>
            <Control Class="Window" LAnchorPoint="0" LAnchorOffset="25" TAnchorPoint="0" TAnchorOffset="226" RAnchorPoint="1" RAnchorOffset="-25" BAnchorPoint="0" BAnchorOffset="256" RelativeToClient="1" Font="CRB_InterfaceLarge_B" Text="" Template="Default" TooltipType="OnCursor" Name="GuildMasterLabel" BGColor="ffffffff" TextColor="ff5f6662" TooltipColor="" TextId="CRB_Guild_Master" DT_VCENTER="1" DT_CENTER="1" Tooltip=""/>
            <Control Class="Window" LAnchorPoint="0" LAnchorOffset="25" TAnchorPoint="0" TAnchorOffset="247" RAnchorPoint="1" RAnchorOffset="-25" BAnchorPoint="0" BAnchorOffset="277" RelativeToClient="1" Font="CRB_InterfaceMedium" Text="" Template="Default" TooltipType="OnCursor" Name="GuildMasterName" BGColor="ffffffff" TextColor="ffffffff" TooltipColor="" TextId="" DT_VCENTER="1" DT_CENTER="1" Tooltip=""/>
            <Control Class="Window" LAnchorPoint="0" LAnchorOffset="25" TAnchorPoint="0" TAnchorOffset="276" RAnchorPoint="1" RAnchorOffset="-25" BAnchorPoint="0" BAnchorOffset="306" RelativeToClient="1" Font="CRB_InterfaceLarge_B" Text="" Template="Default" TooltipType="OnCursor" Name="GuildCreateDateLabel" BGColor="ffffffff" TextColor="ff5f6662" TooltipColor="" TextId="Guild_GuildCreatedLabel" DT_VCENTER="1" DT_CENTER="1" Tooltip=""/>
            <Control Class="Window" LAnchorPoint="0" LAnchorOffset="25" TAnchorPoint="0" TAnchorOffset="295" RAnchorPoint="1" RAnchorOffset="-25" BAnchorPoint="0" BAnchorOffset="325" RelativeToClient="1" Font="CRB_InterfaceMedium" Text="" Template="Default" TooltipType="OnCursor" Name="GuildCreatedDate" BGColor="ffffffff" TextColor="ffffffff" TooltipColor="" TextId="" DT_VCENTER="1" DT_CENTER="1" Tooltip=""/>
            <Control Class="Window" LAnchorPoint="0" LAnchorOffset="25" TAnchorPoint="0" TAnchorOffset="328" RAnchorPoint="1" RAnchorOffset="-25" BAnchorPoint="0" BAnchorOffset="358" RelativeToClient="1" Font="CRB_InterfaceLarge_B" Text="" Template="Default" TooltipType="OnCursor" Name="GuildMemberCountLabel" BGColor="ffffffff" TextColor="ff5f6662" TooltipColor="" TextId="Guild_MemberCountLabel" DT_VCENTER="1" DT_CENTER="1" Tooltip=""/>
            <Control Class="Window" LAnchorPoint="0" LAnchorOffset="25" TAnchorPoint="0" TAnchorOffset="348" RAnchorPoint="1" RAnchorOffset="-25" BAnchorPoint="0" BAnchorOffset="378" RelativeToClient="1" Font="CRB_InterfaceMedium" Text="" Template="Default" TooltipType="OnCursor" Name="GuildMemberCount" BGColor="ffffffff" TextColor="ffffffff" TooltipColor="" TextId="" DT_VCENTER="1" DT_CENTER="1" Tooltip=""/>
            <Control Class="Window" LAnchorPoint="0" LAnchorOffset="25" TAnchorPoint="0" TAnchorOffset="378" RAnchorPoint="1" RAnchorOffset="-25" BAnchorPoint="0" BAnchorOffset="408" RelativeToClient="1" Font="CRB_InterfaceLarge_B" Text="Guild Tax:" Template="Default" TooltipType="OnCursor" Name="GuildMemberGuildTaxLabel" BGColor="ffffffff" TextColor="ff5f6662" TooltipColor="" TextId="" DT_VCENTER="1" DT_CENTER="1" Tooltip=""/>
            <Control Class="Window" LAnchorPoint="0" LAnchorOffset="22" TAnchorPoint="0" TAnchorOffset="471" RAnchorPoint="1" RAnchorOffset="-101" BAnchorPoint="0" BAnchorOffset="494" RelativeToClient="1" Font="CRB_InterfaceMedium" Text="" Template="Default" TooltipType="OnCursor" Name="GuildMemberGuildTaxText" BGColor="ffffffff" TextColor="ffffffff" TooltipColor="" TextId="Challenges_NoProgress" DT_VCENTER="1" DT_CENTER="0" Tooltip="" Visible="0"/>
            <Control Class="Window" LAnchorPoint="0" LAnchorOffset="25" TAnchorPoint="0" TAnchorOffset="403" RAnchorPoint="1" RAnchorOffset="-25" BAnchorPoint="0" BAnchorOffset="427" RelativeToClient="1" Font="Default" Text="" Template="Default" TooltipType="OnCursor" Name="GuildTaxBtnContainer" BGColor="ffffffff" TextColor="ffffffff" TooltipColor="" Sprite="" Picture="1" IgnoreMouse="1" NewControlDepth="1">
                <Control Class="Button" Base="BK3:btnHolo_Radio_Small" Font="CRB_InterfaceTiny_BB" ButtonType="Check" RadioGroup="GuildInfoGuildTax_RadioGroup" LAnchorPoint="0" LAnchorOffset="77" TAnchorPoint="0" TAnchorOffset="0" RAnchorPoint="0.5" RAnchorOffset="17" BAnchorPoint="1" BAnchorOffset="0" DT_VCENTER="1" DT_CENTER="0" TooltipType="OnCursor" Name="GuildTaxOnBtn" BGColor="ffffffff" TextColor="ffffffff" TooltipColor="" NormalTextColor="UI_BtnTextHoloListNormal" PressedTextColor="UI_BtnTextHoloListPressed" FlybyTextColor="UI_BtnTextHoloListFlyby" PressedFlybyTextColor="UI_BtnTextHoloListPressedFlyby" DisabledTextColor="UI_BtnTextHoloListDisabled" GlobalRadioGroup="" Text="" TextId="GuildInfo_5PercentTax" RadioDisallowNonSelection="1" DrawAsCheckbox="1" CheckboxRight="0" ButtonTextXMargin="2">
                    <Event Name="ButtonCheck" Function="OnGuildTaxToggle"/>
                </Control>
                <Control Class="Button" Base="BK3:btnHolo_Radio_Small" Font="CRB_InterfaceTiny_BB" ButtonType="Check" RadioGroup="GuildInfoGuildTax_RadioGroup" LAnchorPoint="0.5" LAnchorOffset="23" TAnchorPoint="0" TAnchorOffset="0" RAnchorPoint="1" RAnchorOffset="-50" BAnchorPoint="1" BAnchorOffset="0" DT_VCENTER="1" DT_CENTER="0" TooltipType="OnCursor" Name="GuildTaxOffBtn" BGColor="ffffffff" TextColor="ffffffff" TooltipColor="" NormalTextColor="UI_BtnTextHoloListNormal" PressedTextColor="UI_BtnTextHoloListPressed" FlybyTextColor="UI_BtnTextHoloListFlyby" PressedFlybyTextColor="UI_BtnTextHoloListPressedFlyby" DisabledTextColor="UI_BtnTextHoloListDisabled" GlobalRadioGroup="" Text="" TextId="GuildInfo_TaxNone" RadioDisallowNonSelection="1" DrawAsCheckbox="1" ButtonTextXMargin="2">
                    <Event Name="ButtonCheck" Function="OnGuildTaxToggle"/>
                </Control>
            </Control>
            <Pixie LAnchorPoint="0" LAnchorOffset="0" TAnchorPoint="0" TAnchorOffset="0" RAnchorPoint="1" RAnchorOffset="0" BAnchorPoint="1" BAnchorOffset="0" BGColor="ffffffff" Font="Default" TextColor="ffffffff" Text="" Sprite="BK3:UI_BK3_Metal_Inset_Block1" Line="0"/>
            <Control Class="CostumeWindow" LAnchorPoint="0" LAnchorOffset="70" TAnchorPoint="0" TAnchorOffset="50" RAnchorPoint="1" RAnchorOffset="-70" BAnchorPoint="0" BAnchorOffset="229" RelativeToClient="1" Font="Default" Text="" Template="Default" Name="HolomarkCostume" BGColor="ffffffff" TextColor="ffffffff" Camera="Paperdoll" Animated="1" TooltipType="OnCursor" TooltipColor="" HideInEditor="1"/>
        </Control>
        <Control Class="Window" LAnchorPoint="0" LAnchorOffset="335" TAnchorPoint="0" TAnchorOffset="-13" RAnchorPoint="0" RAnchorOffset="351" BAnchorPoint="1" BAnchorOffset="14" RelativeToClient="1" Font="Default" Text="" Template="Default" TooltipType="OnCursor" Name="MiddleBar" BGColor="ffffffff" TextColor="ffffffff" TooltipColor="" Sprite="BK3:UI_BK3_Metal_Inset_Divider_V" Picture="1" IgnoreMouse="1" NoClip="1" NewWindowDepth="1"/>
        <Control Class="Window" LAnchorPoint="0" LAnchorOffset="342" TAnchorPoint="0" TAnchorOffset="0" RAnchorPoint="1" RAnchorOffset="0" BAnchorPoint="1" BAnchorOffset="0" RelativeToClient="1" Font="Default" Text="" Template="Holo_Background_General" TooltipType="OnCursor" Name="NewsPane" BGColor="ffffffff" TextColor="ffffffff" TooltipColor="" Sprite="" Picture="1" IgnoreMouse="1">
            <Control Class="Window" LAnchorPoint="0" LAnchorOffset="11" TAnchorPoint="0" TAnchorOffset="286" RAnchorPoint="1" RAnchorOffset="-16" BAnchorPoint="1" BAnchorOffset="-12" RelativeToClient="1" Font="Default" Text="" Template="Holo_ScrollList" TooltipType="OnCursor" Name="NewsPaneList" BGColor="ffffffff" TextColor="ffffffff" TooltipColor="" VScroll="1" IgnoreMouse="1" Picture="0" Moveable="0" Border="0" UseTemplateBG="0"/>
            <Pixie LAnchorPoint="0" LAnchorOffset="10" TAnchorPoint="0" TAnchorOffset="250" RAnchorPoint="1" RAnchorOffset="-14" BAnchorPoint="1" BAnchorOffset="-10" Sprite="BK3:UI_BK3_Holo_InsetHeaderThin" BGColor="white" TextColor="black" Rotation="0" Font="Default" Text=""/>
            <Pixie LAnchorPoint="0" LAnchorOffset="0" TAnchorPoint="0" TAnchorOffset="259" RAnchorPoint="1" RAnchorOffset="-4" BAnchorPoint="1" BAnchorOffset="0" Sprite="" BGColor="white" TextColor="ff80ffba" Rotation="0" Font="CRB_Header12" Text="" TextId="GuildInfo_NewsAndAnnouncements" DT_CENTER="1"/>
            <Control Class="Window" LAnchorPoint="0" LAnchorOffset="10" TAnchorPoint="0" TAnchorOffset="8" RAnchorPoint="1" RAnchorOffset="-14" BAnchorPoint="0" BAnchorOffset="118" RelativeToClient="1" Font="CRB_HeaderMedium" Text="" Template="Default" TooltipType="OnCursor" Name="InfoPaneLabel1" BGColor="ffffffff" TextColor="UI_TextHoloTitle" TooltipColor="" TextId="" DT_VCENTER="0" DT_CENTER="1" Tooltip="" Sprite="BK3:UI_BK3_Holo_InsetHeaderThin" Picture="1" IgnoreMouse="1" NoClip="1" NewControlDepth="1">
                <Pixie LAnchorPoint="0" LAnchorOffset="0" TAnchorPoint="0" TAnchorOffset="9" RAnchorPoint="1" RAnchorOffset="0" BAnchorPoint="0" BAnchorOffset="50" Sprite="" BGColor="white" TextColor="UI_TextHoloBodyHighlight" Rotation="0" Font="CRB_Header12" Text="" TextId="GuildInfo_MessageOfTheDay" DT_CENTER="1"/>
            </Control>
            <Control Class="Window" LAnchorPoint="0" LAnchorOffset="10" TAnchorPoint="0" TAnchorOffset="128" RAnchorPoint="1" RAnchorOffset="-14" BAnchorPoint="0" BAnchorOffset="238" RelativeToClient="1" Font="CRB_HeaderMedium" Text="" Template="Default" TooltipType="OnCursor" Name="InfoPaneLabel2" BGColor="ffffffff" TextColor="UI_TextHoloTitle" TooltipColor="" TextId="" DT_VCENTER="0" DT_CENTER="1" Tooltip="" Sprite="BK3:UI_BK3_Holo_InsetHeaderThin" Picture="1" IgnoreMouse="1" NoClip="1" NewControlDepth="1">
                <Pixie LAnchorPoint="0" LAnchorOffset="0" TAnchorPoint="0" TAnchorOffset="9" RAnchorPoint="1" RAnchorOffset="0" BAnchorPoint="0" BAnchorOffset="50" Sprite="" BGColor="white" TextColor="UI_TextHoloBodyHighlight" Rotation="0" Font="CRB_Header12" Text="" TextId="Guild_InfoLabel" DT_CENTER="1"/>
            </Control>
            <Control Class="Button" Base="CRB_Basekit:kitBtn_Metal_Options" Font="CRB_InterfaceMedium_B" ButtonType="Check" RadioGroup="InfoOptionsRadioGroup" LAnchorPoint="0" LAnchorOffset="415" TAnchorPoint="1" TAnchorOffset="-312" RAnchorPoint="1" RAnchorOffset="-19" BAnchorPoint="1" BAnchorOffset="-288" DT_VCENTER="1" DT_CENTER="1" Name="EditInfoBtn" BGColor="ffffffff" TextColor="ffffffff" NormalTextColor="UI_TextHoloBody" PressedTextColor="ffffffff" FlybyTextColor="ffffffff" PressedFlybyTextColor="ffffffff" DisabledTextColor="9d666666" Text="" TextId="" Visible="1" GlobalRadioGroup="" LeftEdgeControlsAnchor="" RelativeToClient="1" TooltipColor="" HideInEditor="0" Template="Default">
                <Event Name="ButtonCheck" Function="OnInfoEditClick"/>
                <Event Name="ButtonUncheck" Function="OnInfoEditClick"/>
                <Control Class="Window" LAnchorPoint="0.5" LAnchorOffset="-290" TAnchorPoint="1" TAnchorOffset="-40" RAnchorPoint="0.5" RAnchorOffset="-15" BAnchorPoint="1" BAnchorOffset="165" RelativeToClient="1" Font="Default" Text="" Template="Default" Name="EditInfoContainer" BGColor="ffffffff" TextColor="ffffffff" Picture="1" IgnoreMouse="1" Sprite="" Visible="0" HideInEditor="1" NewWindowDepth="1" NoClip="1" CloseOnExternalClick="1" TooltipColor="" Overlapped="1">
                    <Control Class="Window" LAnchorPoint="0" LAnchorOffset="-20" TAnchorPoint="0" TAnchorOffset="-20" RAnchorPoint="1" RAnchorOffset="20" BAnchorPoint="1" BAnchorOffset="15" RelativeToClient="1" Font="Default" Text="" Template="Default" Name="NoteBG" BGColor="white" TextColor="white" Sprite="BK3:sprHolo_Alert_Flyout" Picture="1" IgnoreMouse="1" TooltipColor="" NoClip="1" Tooltip=""/>
                    <Control Class="Window" LAnchorPoint="0" LAnchorOffset="33" TAnchorPoint="0" TAnchorOffset="20" RAnchorPoint="1" RAnchorOffset="13" BAnchorPoint="0" BAnchorOffset="40" RelativeToClient="1" Font="CRB_InterfaceMedium_B" Text="" Template="Default" Name="EditInfoLabel" BGColor="ffffffff" TextColor="UI_WindowTitleYellow" TextId="GuildInfo_AdditionalInformation" TooltipColor=""/>
                    <Control Class="EditBox" LAnchorPoint="0" LAnchorOffset="30" TAnchorPoint="0" TAnchorOffset="43" RAnchorPoint="1" RAnchorOffset="-30" BAnchorPoint="1" BAnchorOffset="-64" RelativeToClient="1" Font="CRB_InterfaceMedium" Text="" Template="Holo_InputBox" Name="EditInfoEditBox" BGColor="ffffffff" TextColor="UI_TextHoloBodyHighlight" Picture="0" DT_VCENTER="0" IgnoreMouse="1" TooltipColor="" MultiLine="1" DT_WORDBREAK="1" VScroll="1" AutoHideScroll="1" UseTemplateBG="1" Border="1" NewControlDepth="3">
                        <Event Name="EditBoxReturn" Function="OnEditInfoEditBoxReturn"/>
                        <Event Name="EditBoxChanged" Function="OnEditInfoEditBoxChanged"/>
                    </Control>
                    <Control Class="Button" Base="BK3:btnHolo_Close" Font="Thick" ButtonType="PushButton" RadioGroup="" LAnchorPoint="1" LAnchorOffset="-39" TAnchorPoint="0" TAnchorOffset="20" RAnchorPoint="1" RAnchorOffset="-16" BAnchorPoint="0" BAnchorOffset="44" DT_VCENTER="1" DT_CENTER="1" Name="EditInfoCloseBtn" BGColor="ffffffff" TextColor="ffffffff" NormalTextColor="ffffffff" PressedTextColor="ffffffff" FlybyTextColor="ffffffff" PressedFlybyTextColor="ffffffff" DisabledTextColor="ffffffff" TooltipColor="">
                        <Event Name="ButtonSignal" Function="OnEditInfoCloseBtn"/>
                    </Control>
                    <Event Name="WindowClosed" Function="OnEditInfoCloseBtn"/>
                    <Control Class="Button" Base="BK3:btnHolo_Blue_Small" Font="CRB_Button" ButtonType="PushButton" RadioGroup="" LAnchorPoint="0" LAnchorOffset="78" TAnchorPoint="1" TAnchorOffset="-70" RAnchorPoint="1" RAnchorOffset="-78" BAnchorPoint="1" BAnchorOffset="-17" DT_VCENTER="1" DT_CENTER="1" Name="EditInfoConfirmBtn" BGColor="ffffffff" TextColor="ffffffff" NormalTextColor="UI_BtnTextHoloNormal" PressedTextColor="UI_BtnTextHoloPressed" FlybyTextColor="UI_BtnTextHoloFlyBy" PressedFlybyTextColor="UI_BtnTextHoloPressedFlyBy" DisabledTextColor="UI_BtnTextHoloDisabled" Text="" TextId="CRB_Save" TooltipColor="">
                        <Event Name="ButtonSignal" Function="OnEditInfoConfirmBtn"/>
                    </Control>
                </Control>
            </Control>
            <Control Class="Button" Base="CRB_Basekit:kitBtn_Metal_Options" Font="CRB_InterfaceMedium_B" ButtonType="Check" RadioGroup="InfoOptionsRadioGroup" LAnchorPoint="0" LAnchorOffset="415" TAnchorPoint="1" TAnchorOffset="-432" RAnchorPoint="1" RAnchorOffset="-19" BAnchorPoint="1" BAnchorOffset="-408" DT_VCENTER="1" DT_CENTER="1" Name="EditMessageBtn" BGColor="ffffffff" TextColor="ffffffff" NormalTextColor="UI_TextHoloBody" PressedTextColor="ffffffff" FlybyTextColor="ffffffff" PressedFlybyTextColor="ffffffff" DisabledTextColor="9d666666" Text="" TextId="" Visible="1" GlobalRadioGroup="" LeftEdgeControlsAnchor="" RelativeToClient="1" TooltipColor="" HideInEditor="0" DT_WORDBREAK="1" NewControlDepth="1" NewWindowDepth="0" Template="Default" Sprite="">
                <Event Name="ButtonCheck" Function="OnMotDEditClick"/>
                <Event Name="ButtonUncheck" Function="OnMotDEditClick"/>
                <Control Class="Window" LAnchorPoint="0.5" LAnchorOffset="-290" TAnchorPoint="1" TAnchorOffset="-45" RAnchorPoint="0.5" RAnchorOffset="-14" BAnchorPoint="1" BAnchorOffset="159" RelativeToClient="1" Font="Default" Text="" Template="Default" Name="EditMotDContainer" BGColor="ffffffff" TextColor="ffffffff" Picture="1" IgnoreMouse="1" Sprite="" Visible="0" HideInEditor="1" NewWindowDepth="1" NoClip="1" CloseOnExternalClick="1" TooltipColor="" Overlapped="0" Sizable="0" Tooltip="">
                    <Control Class="Window" LAnchorPoint="0" LAnchorOffset="-20" TAnchorPoint="0" TAnchorOffset="-20" RAnchorPoint="1" RAnchorOffset="20" BAnchorPoint="1" BAnchorOffset="15" RelativeToClient="1" Font="Default" Text="" Template="Default" Name="NoteBG" BGColor="white" TextColor="white" Sprite="BK3:sprHolo_Alert_Flyout" Picture="1" IgnoreMouse="1" TooltipColor="" NoClip="1" Tooltip=""/>
                    <Control Class="Window" LAnchorPoint="0" LAnchorOffset="31" TAnchorPoint="0" TAnchorOffset="20" RAnchorPoint="1" RAnchorOffset="11" BAnchorPoint="0" BAnchorOffset="40" RelativeToClient="1" Font="CRB_InterfaceMedium_B" Text="" Template="Default" Name="EditMotDLabel" BGColor="ffffffff" TextColor="UI_WindowTitleYellow" TextId="GuildInfo_MessageOfTheDay" TooltipColor=""/>
                    <Control Class="EditBox" LAnchorPoint="0" LAnchorOffset="30" TAnchorPoint="0" TAnchorOffset="43" RAnchorPoint="1" RAnchorOffset="-30" BAnchorPoint="1" BAnchorOffset="-64" RelativeToClient="1" Font="CRB_InterfaceMedium" Text="" Template="Holo_InputBox" Name="EditMotDEditBox" BGColor="ffffffff" TextColor="UI_TextHoloBodyHighlight" Picture="0" DT_VCENTER="0" IgnoreMouse="1" TooltipColor="" MultiLine="1" Overlapped="0" DT_WORDBREAK="1" VScroll="1" AutoHideScroll="1" Border="1" UseTemplateBG="1" NewWindowDepth="0" NewControlDepth="3">
                        <Event Name="EditBoxReturn" Function="OnEditMotDEditBoxReturn"/>
                        <Event Name="EditBoxChanged" Function="OnEditMotDEditBoxChanged"/>
                    </Control>
                    <Control Class="Button" Base="BK3:btnHolo_Close" Font="Thick" ButtonType="PushButton" RadioGroup="" LAnchorPoint="1" LAnchorOffset="-39" TAnchorPoint="0" TAnchorOffset="20" RAnchorPoint="1" RAnchorOffset="-16" BAnchorPoint="0" BAnchorOffset="44" DT_VCENTER="1" DT_CENTER="1" Name="EditMotDCloseBtn" BGColor="ffffffff" TextColor="ffffffff" NormalTextColor="ffffffff" PressedTextColor="ffffffff" FlybyTextColor="ffffffff" PressedFlybyTextColor="ffffffff" DisabledTextColor="ffffffff" TooltipColor="" RelativeToClient="0">
                        <Event Name="ButtonSignal" Function="OnEditMotDCloseBtn"/>
                    </Control>
                    <Event Name="WindowClosed" Function="OnEditMotDCloseBtn"/>
                    <Control Class="Button" Base="BK3:btnHolo_Blue_Small" Font="CRB_Button" ButtonType="PushButton" RadioGroup="" LAnchorPoint="0" LAnchorOffset="78" TAnchorPoint="1" TAnchorOffset="-70" RAnchorPoint="1" RAnchorOffset="-78" BAnchorPoint="1" BAnchorOffset="-17" DT_VCENTER="1" DT_CENTER="1" Name="EditMotDConfirmBtn" BGColor="ffffffff" TextColor="ffffffff" NormalTextColor="UI_BtnTextHoloNormal" PressedTextColor="UI_BtnTextHoloPressed" FlybyTextColor="UI_BtnTextHoloFlyBy" PressedFlybyTextColor="UI_BtnTextHoloPressedFlyBy" DisabledTextColor="UI_BtnTextHoloDisabled" Text="" TextId="CRB_Save" TooltipColor="" AutoScaleText="0" TestAlpha="1">
                        <Event Name="ButtonSignal" Function="OnEditMotDConfirmBtn"/>
                    </Control>
                </Control>
            </Control>
            <Control Class="EditBox" LAnchorPoint="0" LAnchorOffset="18" TAnchorPoint="1" TAnchorOffset="-400" RAnchorPoint="1" RAnchorOffset="-15" BAnchorPoint="1" BAnchorOffset="-330" RelativeToClient="1" Font="CRB_InterfaceMedium" Text="" Template="CRB_Scroll_HoloSmall" TooltipType="OnCursor" Name="GuildMotD" BGColor="ffffffff" TextColor="UI_TextHoloBody" TooltipColor="" TextId="" DT_VCENTER="0" DT_CENTER="0" Tooltip="" DT_WORDBREAK="1" VScroll="1" IgnoreMouse="1" AutoHideScroll="1" ReadOnly="1" MultiLine="1"/>
            <Control Class="EditBox" LAnchorPoint="0" LAnchorOffset="18" TAnchorPoint="1" TAnchorOffset="-280" RAnchorPoint="1" RAnchorOffset="-17" BAnchorPoint="1" BAnchorOffset="-211" RelativeToClient="1" Font="CRB_InterfaceMedium" Text="" Template="CRB_Scroll_HoloSmall" TooltipType="OnCursor" Name="GuildInfoText" BGColor="ffffffff" TextColor="UI_TextHoloBody" TooltipColor="" TextId="" DT_VCENTER="0" DT_CENTER="0" Tooltip="" DT_WORDBREAK="1" VScroll="1" IgnoreMouse="1" AutoHideScroll="1" ReadOnly="1" MultiLine="1" NewWindowDepth="1"/>
        </Control>
        <Pixie LAnchorPoint="0" LAnchorOffset="0" TAnchorPoint="0" TAnchorOffset="0" RAnchorPoint="0" RAnchorOffset="345" BAnchorPoint="1" BAnchorOffset="0" BGColor="ffffffff" Font="Default" TextColor="ffffffff" Text="" Sprite="CRB_Basekit:kitBase_HoloTeal_NoBorder" Line="0"/>
        <Pixie LAnchorPoint="0" LAnchorOffset="0" TAnchorPoint="0" TAnchorOffset="0" RAnchorPoint="0" RAnchorOffset="345" BAnchorPoint="1" BAnchorOffset="0" BGColor="ffffffff" Font="Default" TextColor="ffffffff" Text="" Sprite="CRB_Basekit:kitAccent_Scanlines" Line="0"/>
    </Form>
    <Form Class="Window" LAnchorPoint="0" LAnchorOffset="0" TAnchorPoint="0" TAnchorOffset="0" RAnchorPoint="1" RAnchorOffset="0" BAnchorPoint="0" BAnchorOffset="35" RelativeToClient="1" Font="Default" Text="" Template="Default" Name="GuildNewsListItem" Border="0" Picture="0" SwallowMouseClicks="1" Moveable="0" Escapable="0" Overlapped="0" BGColor="ffffffff" TextColor="ffffffff" TextId="" HScroll="0" UseTemplateBG="0" TooltipColor="" Tooltip="" IgnoreMouse="1">
        <Control Class="Window" LAnchorPoint="0" LAnchorOffset="10" TAnchorPoint="0" TAnchorOffset="3" RAnchorPoint="0" RAnchorOffset="35" BAnchorPoint="0" BAnchorOffset="28" RelativeToClient="0" Font="Default" Text="" Template="Default" Name="GuildNewsItemIcon" BGColor="ffffffff" TextColor="ffffffff" Sprite="CRB_Basekit:kitIcon_Gold_Exclamation" Picture="1" IgnoreMouse="1" NoClip="0" Visible="1" HideInEditor="0" TooltipColor=""/>
        <Control Class="Window" LAnchorPoint="0" LAnchorOffset="42" TAnchorPoint="0" TAnchorOffset="0" RAnchorPoint="1" RAnchorOffset="-2" BAnchorPoint="1" BAnchorOffset="-5" RelativeToClient="0" Font="CRB_InterfaceSmall" Text="" Template="Default" TooltipType="OnCursor" Name="GuildNewsItemText" BGColor="ffffffff" TextColor="WindowTitleColor" TooltipColor="" TextId="Challenges_NoProgress" DT_VCENTER="1" DT_WORDBREAK="1" IgnoreMouse="1" Overlapped="0" NeverBringToFront="0"/>
        <Pixie LAnchorPoint="0" LAnchorOffset="5" TAnchorPoint="1" TAnchorOffset="-1" RAnchorPoint="1" RAnchorOffset="-5" BAnchorPoint="1" BAnchorOffset="0" Sprite="WhiteFill" BGColor="UI_AlphaPercent5" TextColor="black" Rotation="0" Font="Default"/>
    </Form>
</Forms>
