<?xml version="1.0" encoding="UTF-8" standalone="yes" ?>
<Forms>
    <Form Class="Window" LAnchorPoint="0" LAnchorOffset="0" TAnchorPoint=".5" TAnchorOffset="-157" RAnchorPoint="0" RAnchorOffset="485" BAnchorPoint=".5" BAnchorOffset="85" RelativeToClient="1" Font="Default" Text="" Template="Default" Name="PvPKillBoardForm" Border="0" Picture="0" SwallowMouseClicks="1" Moveable="0" Escapable="0" Overlapped="0" BGColor="ffffffff" TextColor="ffffffff" TextId="" TooltipColor="" Tooltip="" Sizable="0" IgnoreMouse="1">
        <Control Class="Window" LAnchorPoint="0" LAnchorOffset="0" TAnchorPoint="0" TAnchorOffset="0" RAnchorPoint="1" RAnchorOffset="0" BAnchorPoint="0" BAnchorOffset="242" RelativeToClient="1" Font="Default" Text="" Template="CRB_InnerWindow" Name="ExpandedContents" Border="0" Picture="1" SwallowMouseClicks="1" Moveable="0" Escapable="0" Overlapped="0" BGColor="ffffffff" TextColor="ffffffff" TextId="" TooltipColor="" Tooltip="" Sizable="0" IgnoreMouse="1">
            <Control Class="Window" LAnchorPoint="0" LAnchorOffset="-171" TAnchorPoint="0" TAnchorOffset="-50" RAnchorPoint="1" RAnchorOffset="-383" BAnchorPoint="1" BAnchorOffset="50" RelativeToClient="1" Font="Default" Text="" Template="Default" TooltipType="OnCursor" Name="BGGlowSprite" BGColor="ffffffff" TextColor="ffffffff" TooltipColor="" Picture="1" IgnoreMouse="1" Sprite="CRB_Basekit:kitAccent_Glow_Blue" NoClip="1"/>
            <Control Class="Window" LAnchorPoint="0" LAnchorOffset="7" TAnchorPoint="0" TAnchorOffset="2" RAnchorPoint="1" RAnchorOffset="0" BAnchorPoint="1" BAnchorOffset="-2" RelativeToClient="1" Font="Default" Text="" Template="CRB_Scroll_HoloSmall" TooltipType="OnCursor" Name="KillContainer" BGColor="ffffffff" TextColor="ffffffff" TooltipColor="" VScroll="1" IgnoreMouse="1" AutoHideScroll="1" VScrollLeftSide="1" NewControlDepth="5"/>
        </Control>
        <Control Class="Window" LAnchorPoint="0" LAnchorOffset="-7" TAnchorPoint=".5" TAnchorOffset="-15" RAnchorPoint="0" RAnchorOffset="25" BAnchorPoint=".5" BAnchorOffset="15" RelativeToClient="1" Font="Default" Text="" Template="Default" Name="MinimizedContents" BGColor="ffffffff" TextColor="ffffffff" HideInEditor="0" Visible="1" TooltipType="OnCursor" Tooltip="" TooltipId="" IgnoreMouse="1" TooltipColor="" TooltipFont="CRB_InterfaceSmall_O" NoClip="0">
            <Control Class="Window" LAnchorPoint="0" LAnchorOffset="-27" TAnchorPoint=".5" TAnchorOffset="-62" RAnchorPoint="0" RAnchorOffset="51" BAnchorPoint=".5" BAnchorOffset="63" RelativeToClient="1" Font="Default" Text="" Template="Default" TooltipType="OnCursor" Name="BGGlowSprite1" BGColor="ffffffff" TextColor="ffffffff" TooltipColor="" Picture="1" IgnoreMouse="1" Sprite="CRB_Basekit:kitAccent_RightArrow_Popout" NoClip="1" NewControlDepth="1"/>
            <Control Class="Button" LAnchorPoint="0" LAnchorOffset="0" TAnchorPoint="0" TAnchorOffset="-37" RAnchorPoint="1" RAnchorOffset="-5" BAnchorPoint="1" BAnchorOffset="34" RelativeToClient="1" Font="Default" Text="" Template="Default" Name="SeparatorBG" Picture="0" IgnoreMouse="0" Sprite="" BGColor="9dffffff" TextColor="ffffffff" HideInEditor="0" NormalTextColor="ffffffff" PressedTextColor="ffffffff" FlybyTextColor="ffffffff" PressedFlybyTextColor="ffffffff" DisabledTextColor="ffffffff" Base="CRB_DEMO_WrapperSprites:btnDemo_CharInvisible" TooltipColor="" Tooltip="" NewWindowDepth="1">
                <Event Name="ButtonSignal" Function="OnMinimizedExpandClick"/>
            </Control>
        </Control>
    </Form>
    <Form Class="Window" LAnchorPoint="0" LAnchorOffset="0" TAnchorPoint="0" TAnchorOffset="0" RAnchorPoint="1" RAnchorOffset="0" BAnchorPoint="0" BAnchorOffset="29" RelativeToClient="0" Font="Default" Text="" Template="Default" TooltipType="OnCursor" Name="KillEntry" Border="0" Picture="0" SwallowMouseClicks="1" Moveable="0" Escapable="0" Overlapped="0" BGColor="ffffffff" TextColor="ffffffff" TooltipColor="" IgnoreMouse="1">
        <Control Class="Window" LAnchorPoint="0" LAnchorOffset="0" TAnchorPoint="0" TAnchorOffset="7" RAnchorPoint="0" RAnchorOffset="24" BAnchorPoint="1" BAnchorOffset="0" RelativeToClient="1" Font="Default" Text="" Template="Default" TooltipType="OnCursor" Name="Spacing" BGColor="UI_BtnTextHoloPressed" TextColor="ffffffff" TooltipColor="" Picture="1" IgnoreMouse="1" Sprite="PlayerPathContent_TEMP:btn_TEMP_GroupRightArrowDisabled"/>
        <Control Class="Window" LAnchorPoint="0" LAnchorOffset="10" TAnchorPoint="0" TAnchorOffset="0" RAnchorPoint="0" RAnchorOffset="160" BAnchorPoint="1" BAnchorOffset="0" RelativeToClient="1" Font="CRB_InterfaceLarge_O" Text="" Template="Default" TooltipType="OnCursor" Name="KillerNameLabel" BGColor="ffffffff" TextColor="UI_TextHoloBodyHighlight" TooltipColor="" TextId="CRB_Test_Set_name" DT_VCENTER="1" Tooltip=""/>
        <Control Class="Window" LAnchorPoint="0" LAnchorOffset="160" TAnchorPoint="0" TAnchorOffset="0" RAnchorPoint="0" RAnchorOffset="165" BAnchorPoint="1" BAnchorOffset="0" RelativeToClient="1" Font="Default" Text="" Template="Default" TooltipType="OnCursor" Name="Spacing" BGColor="ffffffff" TextColor="ffffffff" TooltipColor=""/>
        <Control Class="Window" LAnchorPoint="0" LAnchorOffset="172" TAnchorPoint="0" TAnchorOffset="2" RAnchorPoint="0" RAnchorOffset="198" BAnchorPoint="1" BAnchorOffset="-1" RelativeToClient="1" Font="Default" Text="" Template="Default" TooltipType="OnCursor" Name="Icon" BGColor="ffffffff" TextColor="ffffffff" TooltipColor="" Picture="1" IgnoreMouse="1" Sprite="ClientSprites:Icon_Windows_UI_CRB_Stalker"/>
        <Control Class="Window" LAnchorPoint="0" LAnchorOffset="205" TAnchorPoint="0" TAnchorOffset="0" RAnchorPoint="0" RAnchorOffset="210" BAnchorPoint="1" BAnchorOffset="0" RelativeToClient="1" Font="Default" Text="" Template="Default" TooltipType="OnCursor" Name="Spacing" BGColor="ffffffff" TextColor="ffffffff" TooltipColor=""/>
        <Control Class="Window" LAnchorPoint="0" LAnchorOffset="215" TAnchorPoint="0" TAnchorOffset="0" RAnchorPoint="1" RAnchorOffset="0" BAnchorPoint="1" BAnchorOffset="0" RelativeToClient="1" Font="CRB_InterfaceLarge_O" Text="" Template="Default" TooltipType="OnCursor" Name="VictimNamelabel" BGColor="ffffffff" TextColor="ConTough" TooltipColor="" TextId="CRB_Test_Set_name" DT_VCENTER="1"/>
    </Form>
</Forms>
