<?xml version="1.0" ?>
<Forms>
    <!-- The dialog that comes up and asks you where you want to rez. -->
    <Form Class="Window" Name="ResurrectDialog" LAnchorPoint=".5" LAnchorOffset="-220" TAnchorPoint="0" TAnchorOffset="52" RAnchorPoint=".5" RAnchorOffset="220" BAnchorPoint="0" BAnchorOffset="460" Border="0" Template="" Picture="1" Visible="0" BGColor="white" TextColor="white" Overlapped="1" UseTemplateBG="0" Sprite="" RelativeToClient="1" TooltipColor="" Tooltip="" Moveable="1">
        <Control Class="Window" LAnchorPoint="0" LAnchorOffset="0" TAnchorPoint="0" TAnchorOffset="0" RAnchorPoint="1" RAnchorOffset="0" BAnchorPoint="1" BAnchorOffset="0" RelativeToClient="1" Font="Default" Text="" Template="Holo_Medium" Name="BGFrame" BGColor="white" TextColor="white" Sprite="" Picture="0" IgnoreMouse="1" TooltipColor="" Border="1" UseTemplateBG="1"/>
        <Control Class="Window" LAnchorPoint="0" LAnchorOffset="20" TAnchorPoint="0" TAnchorOffset="33" RAnchorPoint="1" RAnchorOffset="-20" BAnchorPoint="0" BAnchorOffset="80" RelativeToClient="1" Font="CRB_HeaderLarge" Text="" Template="Default" Name="BGTitle" BGColor="white" TextColor="UI_WindowTitleYellow" Sprite="" Picture="1" IgnoreMouse="1" TooltipColor="" TextId="SpellFailure_Caster_CannotBeDead" DT_VCENTER="1" DT_CENTER="1"/>
        <Control Class="Window" LAnchorPoint="0" LAnchorOffset="50" TAnchorPoint="1" TAnchorOffset="-113" RAnchorPoint="1" RAnchorOffset="-50" BAnchorPoint="1" BAnchorOffset="-49" RelativeToClient="1" Font="Default" Text="" Template="Default" Name="BGBottom" BGColor="white" TextColor="white" TooltipColor="" HideInEditor="1" Visible="0">
            <Control Class="Window" LAnchorPoint="0" LAnchorOffset="0" TAnchorPoint="0" TAnchorOffset="0" RAnchorPoint="1" RAnchorOffset="0" BAnchorPoint="1" BAnchorOffset="0" RelativeToClient="1" Font="Default" Text="" Template="Default" Name="BGBottomArt" BGColor="white" TextColor="white" Sprite="BK3:UI_BK3_Holo_InsetFramed" Picture="1" IgnoreMouse="1" TooltipColor=""/>
        </Control>
        <Control Class="Window" LAnchorPoint="0" LAnchorOffset="0" TAnchorPoint="0" TAnchorOffset="59" RAnchorPoint="1" RAnchorOffset="0" BAnchorPoint="0" BAnchorOffset="95" RelativeToClient="1" Font="CRB_InterfaceMedium_B" Template="Default" Name="ArtTimeToRezHere" BGColor="white" TextColor="UI_TextHoloTitle" DT_VCENTER="1" DT_CENTER="1" HideInEditor="0" TextId="CRB_Ready_to_resurrect" Text="" TooltipColor=""/>
        <Control Class="Window" Name="A Frame" LAnchorPoint="0" LAnchorOffset="50" TAnchorPoint="0" TAnchorOffset="93" RAnchorPoint="1" RAnchorOffset="-50" BAnchorPoint="1" BAnchorOffset="-65" DT_CENTER="1" DT_VCENTER="1" RelativeToClient="1" TextColor="UI_TextHoloBodyHighlight" BGColor="white" Font="CRB_HeaderHuge" HideInEditor="0" TextId="" TooltipColor="" Sprite="BK3:UI_BK3_Holo_InsetSimple" Picture="1" IgnoreMouse="1" Text="" NewControlDepth="2"/>
        <Control Class="Button" Name="ResurrectDialog.Here" Hotkey="H" Base="BK3:btnHolo_Blue_Med" LAnchorPoint="0" LAnchorOffset="70" TAnchorPoint="0" TAnchorOffset="99" RAnchorPoint="1" RAnchorOffset="-70" BAnchorPoint="0" BAnchorOffset="179" DT_VCENTER="1" DT_CENTER="1" RelativeToClient="1" TextColor="white" BGColor="white" Font="CRB_HeaderMedium" NewControlDepth="3" Template="CRB_Normal" UseTemplateBG="0" DisabledTextColor="UI_AlphaPercent0" HideInEditor="0" TextId="" Text="" NormalTextColor="UI_BtnTextBlueNormal" PressedTextColor="white" FlybyTextColor="white" PressedFlybyTextColor="white" Visible="0" TooltipColor="">
            <Event Name="ButtonSignal" Function="OnResurrectHere"/>
            <Control Class="Window" LAnchorPoint="0" LAnchorOffset="0" TAnchorPoint="0" TAnchorOffset="12" RAnchorPoint="1" RAnchorOffset="0" BAnchorPoint="0" BAnchorOffset="44" RelativeToClient="1" Font="CRB_InterfaceLarge_B" Text="" Template="Default" Name="WakeHereText" BGColor="white" TextColor="UI_BtnTextBlueNormal" TextId="CRB_Wake_Here" DT_BOTTOM="0" DT_CENTER="1" TooltipColor="" DT_VCENTER="1"/>
            <Control Class="CashWindow" Name="ResurrectDialog.Cash" LAnchorPoint="0" LAnchorOffset="122" TAnchorPoint="1" TAnchorOffset="-43" RAnchorPoint="1" RAnchorOffset="-59" BAnchorPoint="1" BAnchorOffset="-20" DT_LEFT="0" DT_VCENTER="1" RelativeToClient="1" SkipZeros="0" TextColor="White" BGColor="white" DT_CENTER="0" DT_RIGHT="0" NewControlDepth="2" HideInEditor="0" TextId="CRB_Free" SkipZeroes="0" IgnoreMouse="1" Font="CRB_InterfaceMedium" TooltipColor=""/>
            <Control Class="Window" Name="CostLabel" LAnchorPoint="0" LAnchorOffset="84" TAnchorPoint="1" TAnchorOffset="-40" RAnchorPoint="1" RAnchorOffset="-158" BAnchorPoint="1" BAnchorOffset="-20" DT_RIGHT="0" DT_VCENTER="0" RelativeToClient="1" TextColor="UI_BtnTextBluePressed" BGColor="white" DT_CENTER="0" HideInEditor="0" TextId="CRB_Cost_Sp" Font="CRB_InterfaceMedium_B" NewControlDepth="3" Text="" Visible="1" TooltipColor=""/>
            <Control Class="Window" LAnchorPoint="0" LAnchorOffset="0" TAnchorPoint="0" TAnchorOffset="34" RAnchorPoint="1" RAnchorOffset="0" BAnchorPoint="1" BAnchorOffset="-18" RelativeToClient="1" Font="CRB_InterfaceMedium_B" Text="" Template="Default" Name="WakeHereCooldownText" BGColor="white" TextColor="UI_BtnTextHoloDisabled" TextId="CRB_Wake_Here" DT_BOTTOM="0" DT_CENTER="1" DT_VCENTER="1" TooltipColor="" HideInEditor="0"/>
        </Control>
        <Control Class="Button" Name="ResurrectDialog.Eldan" Hotkey="G" Base="BK3:btnHolo_Blue_Med" LAnchorPoint="0" LAnchorOffset="71" TAnchorPoint="0" TAnchorOffset="165" RAnchorPoint="1" RAnchorOffset="-69" BAnchorPoint="0" BAnchorOffset="238" DT_VCENTER="1" DT_CENTER="1" RelativeToClient="1" TextColor="White" BGColor="white" Font="CRB_Button" HideInEditor="0" TextId="CRB_Wake_at_Eldan_Stone" Text="" NewControlDepth="3" NormalTextColor="UI_BtnTextBlueNormal" PressedTextColor="UI_BtnTextBluePressed" FlybyTextColor="UI_BtnTextBlueFlyby" PressedFlybyTextColor="UI_BtnTextBluePressedFlyby" DisabledTextColor="UI_BtnTextBlueDisabled" Visible="0" TooltipColor="">
            <Event Name="ButtonSignal" Function="OnResurrectEldan"/>
        </Control>
        <Control Class="Button" Name="ResurrectDialog.Caster" Hotkey="C" Base="BK3:btnHolo_Blue_Small" LAnchorPoint="0" LAnchorOffset="76" TAnchorPoint="0" TAnchorOffset="223" RAnchorPoint="0" RAnchorOffset="368" BAnchorPoint="0" BAnchorOffset="276" DT_VCENTER="1" DT_CENTER="1" RelativeToClient="1" TextColor="White" Visible="1" BGColor="white" NewControlDepth2="" HideInEditor="0" TextId="Death_RezAtCaster" NormalTextColor="UI_BtnTextBlueNormal" PressedTextColor="UI_BtnTextBluePressed" FlybyTextColor="UI_BtnTextBlueFlyby" PressedFlybyTextColor="UI_BtnTextBluePressedFlyby" DisabledTextColor="UI_BtnTextBlueDisabled" Font="CRB_Button" TooltipColor="" Text="">
            <Event Name="ButtonSignal" Function="OnResurrectCaster"/>
        </Control>
        <Control Class="Window" Name="ResurrectDialog.Timer" LAnchorPoint="0" LAnchorOffset="50" TAnchorPoint="0" TAnchorOffset="93" RAnchorPoint="1" RAnchorOffset="-50" BAnchorPoint="1" BAnchorOffset="-66" DT_CENTER="1" DT_VCENTER="1" RelativeToClient="1" TextColor="UI_TextHoloBodyHighlight" BGColor="white" Font="CRB_HeaderHuge" HideInEditor="1" TextId="CRB_0_Seconds" TooltipColor="" Sprite="" Picture="1" IgnoreMouse="1" Text=""/>
        <Control Class="CashWindow" Name="ResurrectDialog.PlayerCash" LAnchorPoint="0" LAnchorOffset="209" TAnchorPoint="1" TAnchorOffset="-84" RAnchorPoint="1" RAnchorOffset="-61" BAnchorPoint="1" BAnchorOffset="-57" DT_LEFT="1" DT_VCENTER="1" RelativeToClient="1" SkipZeros="0" TextColor="UI_TextMetalGold" BGColor="white" DT_CENTER="0" DT_RIGHT="1" NewControlDepth="5" TextId="" Text="" Font="CRB_InterfaceMedium" SkipZeroes="1" TooltipColor="" HideInEditor="1" Visible="0"/>
        <Control Class="Window" LAnchorPoint="0" LAnchorOffset="70" TAnchorPoint="1" TAnchorOffset="-66" RAnchorPoint="1" RAnchorOffset="-70" BAnchorPoint="1" BAnchorOffset="-38" RelativeToClient="1" Font="CRB_InterfaceMedium" Text="" Template="Default" TooltipType="OnCursor" Name="ForceRezText" BGColor="white" TextColor="UI_TextHoloBody" DT_VCENTER="1" DT_CENTER="1" TextId="Death_AutoRelease" NewControlDepth="6" TooltipColor=""/>
        <Control Class="Button" Name="ResurrectDialog.ExitInstance" Hotkey="G" Base="BK3:btnHolo_Blue_Med" LAnchorPoint="0" LAnchorOffset="70" TAnchorPoint="0" TAnchorOffset="131" RAnchorPoint="1" RAnchorOffset="-70" BAnchorPoint="0" BAnchorOffset="204" DT_VCENTER="1" DT_CENTER="1" RelativeToClient="1" TextColor="White" BGColor="white" Font="CRB_Button" HideInEditor="1" TextId="Death_ExitInstance" Text="" NewControlDepth="3" NormalTextColor="UI_BtnTextBlueNormal" PressedTextColor="UI_BtnTextBluePressed" FlybyTextColor="UI_BtnTextBlueFlyby" PressedFlybyTextColor="UI_BtnTextBluePressedFlyby" DisabledTextColor="UI_BtnTextBlueDisabled" Visible="0" TooltipColor="">
            <Event Name="ButtonSignal" Function="OnExitInstance"/>
        </Control>
        <Control Class="Button" Name="ResurrectDialog.EldanSmall" Hotkey="G" Base="BK3:btnHolo_Blue_Med" LAnchorPoint="0" LAnchorOffset="71" TAnchorPoint="0" TAnchorOffset="103" RAnchorPoint="1" RAnchorOffset="-69" BAnchorPoint="0" BAnchorOffset="176" DT_VCENTER="1" DT_CENTER="1" RelativeToClient="1" TextColor="White" BGColor="white" Font="CRB_Button" HideInEditor="1" TextId="CRB_Wake_at_Eldan_Stone" Text="" NewControlDepth="3" NormalTextColor="UI_BtnTextBlueNormal" PressedTextColor="UI_BtnTextBluePressed" FlybyTextColor="UI_BtnTextBlueFlyby" PressedFlybyTextColor="UI_BtnTextBluePressedFlyby" DisabledTextColor="UI_BtnTextBlueDisabled" Visible="0" TooltipColor="">
            <Event Name="ButtonSignal" Function="OnResurrectEldan"/>
        </Control>
        <Control Class="Button" Name="ResurrectDialog.ExitInstanceSmall" Hotkey="G" Base="BK3:btnHolo_Blue_Med" LAnchorPoint="0" LAnchorOffset="73" TAnchorPoint="0" TAnchorOffset="160" RAnchorPoint="1" RAnchorOffset="-67" BAnchorPoint="0" BAnchorOffset="233" DT_VCENTER="1" DT_CENTER="1" RelativeToClient="1" TextColor="White" BGColor="white" Font="CRB_Button" HideInEditor="1" TextId="Death_ExitInstance" Text="" NewControlDepth="3" NormalTextColor="UI_BtnTextBlueNormal" PressedTextColor="UI_BtnTextBluePressed" FlybyTextColor="UI_BtnTextBlueFlyby" PressedFlybyTextColor="UI_BtnTextBluePressedFlyby" DisabledTextColor="UI_BtnTextBlueDisabled" Visible="0" TooltipColor="">
            <Event Name="ButtonSignal" Function="OnExitInstance"/>
        </Control>
        <Control Class="Window" LAnchorPoint="0" LAnchorOffset="297" TAnchorPoint="1" TAnchorOffset="-104" RAnchorPoint="1" RAnchorOffset="-64" BAnchorPoint="1" BAnchorOffset="-84" RelativeToClient="1" Font="CRB_InterfaceMedium" Text="" Template="Default" TooltipType="OnCursor" Name="Wallet" BGColor="white" TextColor="UI_TextHoloBodyCyan" DT_VCENTER="1" DT_CENTER="0" TextId="Dyeing_MyMoney" NewControlDepth="6" TooltipColor="" DT_RIGHT="1" Visible="0" HideInEditor="1"/>
    </Form>
    <Form Class="Window" Name="ExitInstanceDialog" LAnchorPoint=".5" LAnchorOffset="-200" TAnchorPoint=".5" TAnchorOffset="-359" RAnchorPoint=".5" RAnchorOffset="200" BAnchorPoint=".5" BAnchorOffset="-111" Border="0" Template="" Picture="1" Visible="0" BGColor="white" TextColor="white" Overlapped="1" UseTemplateBG="1" Sprite="" RelativeToClient="1" TooltipColor="">
        <Control Class="Window" LAnchorPoint="0" LAnchorOffset="0" TAnchorPoint="0" TAnchorOffset="0" RAnchorPoint="1" RAnchorOffset="0" BAnchorPoint="1" BAnchorOffset="0" RelativeToClient="1" Font="Default" Text="" Template="Holo_Medium" Name="BGFrame1" BGColor="white" TextColor="white" Sprite="" Picture="0" IgnoreMouse="1" TooltipColor="" Border="1" UseTemplateBG="1"/>
        <Control Class="Window" Name="A Frame" LAnchorPoint="0" LAnchorOffset="49" TAnchorPoint="1" TAnchorOffset="-195" RAnchorPoint="1" RAnchorOffset="-51" BAnchorPoint="1" BAnchorOffset="-51" DT_CENTER="1" DT_VCENTER="1" RelativeToClient="1" TextColor="UI_TextHoloBodyHighlight" BGColor="white" Font="CRB_HeaderHuge" HideInEditor="0" TextId="" TooltipColor="" Sprite="BK3:UI_BK3_Holo_InsetSimple" Picture="1" IgnoreMouse="1" Text="" NewControlDepth="2"/>
        <Control Class="Window" LAnchorPoint="0" LAnchorOffset="20" TAnchorPoint="0" TAnchorOffset="30" RAnchorPoint="1" RAnchorOffset="-20" BAnchorPoint="0" BAnchorOffset="80" RelativeToClient="1" Font="CRB_HeaderLarge" Text="" Template="Default" Name="BGTitle" BGColor="white" TextColor="UI_WindowTitleYellow" Sprite="" Picture="1" IgnoreMouse="1" TooltipColor="" NewWindowDepth="0" TextId="" DT_CENTER="1" DT_VCENTER="1" NewControlDepth="3"/>
        <Control Class="Button" Name="ExitInstanceConfirm" Hotkey="G" Base="BK3:btnHolo_Blue_Med" LAnchorPoint="0" LAnchorOffset="60" TAnchorPoint="1" TAnchorOffset="-191" RAnchorPoint="1" RAnchorOffset="-60" BAnchorPoint="1" BAnchorOffset="-119" DT_VCENTER="1" DT_CENTER="1" RelativeToClient="1" TextColor="white" BGColor="white" Font="CRB_Button" HideInEditor="0" TextId="Death_ExitInstanceConfirm" Text="" NewControlDepth="3" NormalTextColor="UI_BtnTextBlueNormal" PressedTextColor="UI_BtnTextBluePressed" FlybyTextColor="UI_BtnTextBlueFlyby" PressedFlybyTextColor="UI_BtnTextBluePressedFlyby" DisabledTextColor="UI_BtnTextBlueDisabled" Visible="1" TooltipColor="">
            <Event Name="ButtonSignal" Function="OnConfirmExit"/>
            <Control Class="Window" Name="FreeLabel" LAnchorPoint="0" LAnchorOffset="0" TAnchorPoint="1" TAnchorOffset="-29" RAnchorPoint="1" RAnchorOffset="0" BAnchorPoint="1" BAnchorOffset="-9" DT_RIGHT="0" DT_VCENTER="0" RelativeToClient="1" TextColor="UI_TextMetalBody" BGColor="white" DT_CENTER="1" HideInEditor="1" TextId="CRB_Free" Font="CRB_InterfaceMedium_B" NewControlDepth="3" Text="" Visible="0" TooltipColor=""/>
        </Control>
        <Control Class="Button" Name="ExitInstanceCancel" Hotkey="G" Base="BK3:btnHolo_Blue_Med" LAnchorPoint="0" LAnchorOffset="60" TAnchorPoint="1" TAnchorOffset="-129" RAnchorPoint="1" RAnchorOffset="-60" BAnchorPoint="1" BAnchorOffset="-56" DT_VCENTER="1" DT_CENTER="1" RelativeToClient="1" TextColor="UI_BtnTextGrayListFlyby" BGColor="white" Font="CRB_Button" HideInEditor="0" TextId="Death_ExitInstanceCancel" Text="" NewControlDepth="3" NormalTextColor="UI_BtnTextBlueNormal" PressedTextColor="UI_BtnTextBluePressed" FlybyTextColor="UI_BtnTextBlueFlyby" PressedFlybyTextColor="UI_BtnTextBluePressedFlyby" DisabledTextColor="UI_BtnTextBlueDisabled" Visible="1" TooltipColor="">
            <Event Name="ButtonSignal" Function="OnCancelExit"/>
            <Control Class="Window" Name="FreeLabel" LAnchorPoint="0" LAnchorOffset="0" TAnchorPoint="1" TAnchorOffset="-29" RAnchorPoint="1" RAnchorOffset="0" BAnchorPoint="1" BAnchorOffset="-9" DT_RIGHT="0" DT_VCENTER="0" RelativeToClient="1" TextColor="UI_TextMetalBody" BGColor="white" DT_CENTER="1" HideInEditor="1" TextId="CRB_Free" Font="CRB_InterfaceMedium_B" NewControlDepth="3" Text="" Visible="0" TooltipColor=""/>
        </Control>
    </Form>
</Forms>
