<Forms>
    <Form Class="Window" LAnchorPoint="0.5" LAnchorOffset="-386" TAnchorPoint="1" TAnchorOffset="-142" RAnchorPoint="0.5" RAnchorOffset="387" BAnchorPoint="1" BAnchorOffset="22" RelativeToClient="1" Font="Default" Text="" Template="Default" Name="StalkerResourceForm" Border="0" Picture="1" SwallowMouseClicks="1" Moveable="0" Escapable="0" Overlapped="1" BGColor="ffffffff" TextColor="ffffffff" TextId="" NeverBringToFront="1" TooltipColor="" Tooltip="" NoClip="1">
        <Control Class="Window" LAnchorPoint="0.5" LAnchorOffset="-328" TAnchorPoint="1" TAnchorOffset="-183" RAnchorPoint="0.5" RAnchorOffset="376" BAnchorPoint="1" BAnchorOffset="-19" RelativeToClient="1" Font="Default" Text="" BGColor="UI_WindowBGDefault" TextColor="UI_WindowTextDefault" Template="Default" TooltipType="OnCursor" Name="Innate" TooltipColor="">
            <Control Class="Window" LAnchorPoint="0" LAnchorOffset="0" TAnchorPoint="0" TAnchorOffset="0" RAnchorPoint="1" RAnchorOffset="0" BAnchorPoint="1" BAnchorOffset="0" RelativeToClient="1" Font="Default" Text="" BGColor="UI_WindowBGDefault" TextColor="UI_WindowTextDefault" Template="Default" TooltipType="OnCursor" Name="OutOfCombat" TooltipColor="" Picture="0" IgnoreMouse="1" Sprite="" TransitionShowHide="1" HideInEditor="1" Visible="0">
                <Control Class="Window" LAnchorPoint="0" LAnchorOffset="0" TAnchorPoint="0" TAnchorOffset="0" RAnchorPoint="1" RAnchorOffset="0" BAnchorPoint="1" BAnchorOffset="0" RelativeToClient="1" Font="Default" Text="" BGColor="UI_WindowBGDefault" TextColor="UI_WindowTextDefault" Template="Default" TooltipType="OnCursor" Name="Innate2" TooltipColor="" Picture="1" IgnoreMouse="1" Sprite="CM_Stalker:spr_CM_Stalker_Innate2" TransitionShowHide="1" HideInEditor="0"/>
                <Control Class="Window" LAnchorPoint="0" LAnchorOffset="0" TAnchorPoint="0" TAnchorOffset="0" RAnchorPoint="1" RAnchorOffset="0" BAnchorPoint="1" BAnchorOffset="0" RelativeToClient="1" Font="Default" Text="" BGColor="UI_WindowBGDefault" TextColor="UI_WindowTextDefault" Template="Default" TooltipType="OnCursor" Name="Innate4" TooltipColor="" Picture="1" IgnoreMouse="1" Sprite="CM_Stalker:spr_CM_Stalker_Innate4" TransitionShowHide="1" HideInEditor="0"/>
            </Control>
            <Control Class="Window" LAnchorPoint="0" LAnchorOffset="0" TAnchorPoint="0" TAnchorOffset="0" RAnchorPoint="1" RAnchorOffset="0" BAnchorPoint="1" BAnchorOffset="0" RelativeToClient="1" Font="Default" Text="" BGColor="UI_WindowBGDefault" TextColor="UI_WindowTextDefault" Template="Default" TooltipType="OnCursor" Name="InCombat" TooltipColor="" Picture="0" IgnoreMouse="1" Sprite="" TransitionShowHide="1" HideInEditor="0" Visible="0">
                <Control Class="Window" LAnchorPoint="0" LAnchorOffset="0" TAnchorPoint="0" TAnchorOffset="0" RAnchorPoint="1" RAnchorOffset="0" BAnchorPoint="1" BAnchorOffset="0" RelativeToClient="1" Font="Default" Text="" BGColor="UI_WindowBGDefault" TextColor="UI_WindowTextDefault" Template="Default" TooltipType="OnCursor" Name="Innate1" TooltipColor="" Picture="1" IgnoreMouse="1" Sprite="CM_Stalker:spr_CM_Stalker_Innate1" TransitionShowHide="1" HideInEditor="1"/>
                <Control Class="Window" LAnchorPoint="0" LAnchorOffset="0" TAnchorPoint="0" TAnchorOffset="0" RAnchorPoint="1" RAnchorOffset="0" BAnchorPoint="1" BAnchorOffset="0" RelativeToClient="1" Font="Default" Text="" BGColor="UI_WindowBGDefault" TextColor="UI_WindowTextDefault" Template="Default" TooltipType="OnCursor" Name="Innate3" TooltipColor="" Picture="1" IgnoreMouse="1" Sprite="CM_Stalker:spr_CM_Stalker_Innate3" TransitionShowHide="1" HideInEditor="0"/>
                <Control Class="Window" LAnchorPoint="0" LAnchorOffset="0" TAnchorPoint="0" TAnchorOffset="0" RAnchorPoint="1" RAnchorOffset="0" BAnchorPoint="1" BAnchorOffset="0" RelativeToClient="1" Font="Default" Text="" BGColor="UI_WindowBGDefault" TextColor="UI_WindowTextDefault" Template="Default" TooltipType="OnCursor" Name="Innate4" TooltipColor="" Picture="1" IgnoreMouse="1" Sprite="CM_Stalker:spr_CM_Stalker_Innate4" TransitionShowHide="1" HideInEditor="0"/>
            </Control>
        </Control>
        <Control Class="Window" LAnchorPoint="0.5" LAnchorOffset="-191" TAnchorPoint="1" TAnchorOffset="-44" RAnchorPoint="0.5" RAnchorOffset="-131" BAnchorPoint="1" BAnchorOffset="-22" RelativeToClient="1" Font="CRB_Header10" Text="" Template="Default" Name="CenterMeterText" BGColor="ffffffff" TextColor="UI_TextHoloTitle" TextId="Challenges_NoProgress" IgnoreMouse="1" NeverBringToFront="0" NewControlDepth="1" Visible="1" HideInEditor="0" Tooltip="" NewWindowDepth="0" DT_CENTER="1" TooltipColor="" DT_VCENTER="1"/>
        <Control Class="Window" LAnchorPoint="0" LAnchorOffset="0" TAnchorPoint="1" TAnchorOffset="-84" RAnchorPoint="1" RAnchorOffset="0" BAnchorPoint="1" BAnchorOffset="0" RelativeToClient="1" Font="Default" Text="" BGColor="UI_WindowBGDefault" TextColor="UI_WindowTextDefault" Template="Default" TooltipType="OnCursor" Name="Base" TooltipColor="" IgnoreMouse="1" NeverBringToFront="1">
            <Control Class="Window" LAnchorPoint="0" LAnchorOffset="0" TAnchorPoint="0" TAnchorOffset="0" RAnchorPoint="1" RAnchorOffset="0" BAnchorPoint="1" BAnchorOffset="0" RelativeToClient="1" Font="Default" Text="" BGColor="UI_WindowBGDefault" TextColor="UI_WindowTextDefault" Template="Default" TooltipType="OnCursor" Name="OutOfCombat" TooltipColor="" Picture="1" IgnoreMouse="1" Sprite="CM_Stalker:spr_CM_Stalker_Base_OutOfCombat" TransitionShowHide="1" NewWindowDepth="0" HideInEditor="0" NeverBringToFront="1"/>
            <Control Class="Window" LAnchorPoint="0" LAnchorOffset="0" TAnchorPoint="0" TAnchorOffset="0" RAnchorPoint="1" RAnchorOffset="0" BAnchorPoint="1" BAnchorOffset="0" RelativeToClient="1" Font="Default" Text="" BGColor="UI_WindowBGDefault" TextColor="UI_WindowTextDefault" Template="Default" TooltipType="OnCursor" Name="Full" TooltipColor="" Picture="1" IgnoreMouse="1" Sprite="CM_Stalker:spr_CM_Stalker_Base_InCombatFull" TransitionShowHide="1" Visible="0" HideInEditor="1" NeverBringToFront="1"/>
            <Control Class="Window" LAnchorPoint="0" LAnchorOffset="0" TAnchorPoint="0" TAnchorOffset="0" RAnchorPoint="1" RAnchorOffset="0" BAnchorPoint="1" BAnchorOffset="0" RelativeToClient="1" Font="Default" Text="" BGColor="UI_WindowBGDefault" TextColor="UI_WindowTextDefault" Template="Default" TooltipType="OnCursor" Name="InCombat" TooltipColor="" Picture="1" IgnoreMouse="1" Sprite="CM_Stalker:spr_CM_Stalker_Base_InCombat" TransitionShowHide="1" TextId="" Visible="0" HideInEditor="1" NeverBringToFront="1"/>
            <Control Class="Window" LAnchorPoint="0" LAnchorOffset="0" TAnchorPoint="0" TAnchorOffset="0" RAnchorPoint="1" RAnchorOffset="0" BAnchorPoint="1" BAnchorOffset="0" RelativeToClient="1" Font="Default" Text="" BGColor="UI_WindowBGDefault" TextColor="UI_WindowTextDefault" Template="Default" TooltipType="OnCursor" Name="Innate" TooltipColor="" Picture="1" IgnoreMouse="1" Sprite="CM_Stalker:spr_CM_Stalker_Base_InCombatEmpty" MaintainAspectRatio="0" TransitionShowHide="1" Visible="0" HideInEditor="1" NeverBringToFront="1"/>
        </Control>
        <Control Class="ProgressBar" Text="" LAnchorPoint="0.5" LAnchorOffset="-163" TAnchorPoint="1" TAnchorOffset="-50" RAnchorPoint="0.5" RAnchorOffset="163" BAnchorPoint="1" BAnchorOffset="-15" AutoSetText="0" UseValues="0" RelativeToClient="1" SetTextToProgress="0" DT_CENTER="1" DT_VCENTER="1" ProgressEmpty="" ProgressFull="CM_Stalker:spr_CM_Stalker_Fill1" TooltipType="OnCursor" Name="CenterMeter1" BGColor="ffffffff" TextColor="ffffffff" TooltipColor="" BarColor="" Sprite="" Picture="1" Tooltip="" TooltipFont="CRB_InterfaceSmall_O" TooltipId="StalkerResource_SuitPowerDesc" NewWindowDepth="1" TransitionShowHide="1" ProgressEdgeGlow="CM_Stalker:spr_CM_Stalker_FillEdgeGlow" EdgeGlow="1" NoClipEdgeGlow="1" HideInEditor="1"/>
        <Control Class="ProgressBar" Text="" LAnchorPoint="0.5" LAnchorOffset="-163" TAnchorPoint="1" TAnchorOffset="-50" RAnchorPoint="0.5" RAnchorOffset="163" BAnchorPoint="1" BAnchorOffset="-15" AutoSetText="0" UseValues="0" RelativeToClient="1" SetTextToProgress="0" DT_CENTER="1" DT_VCENTER="1" ProgressEmpty="" ProgressFull="CM_Stalker:spr_CM_Stalker_Fill2" TooltipType="OnCursor" Name="CenterMeter2" BGColor="ffffffff" TextColor="ffffffff" TooltipColor="" BarColor="" Sprite="" Picture="1" Tooltip="" TooltipFont="CRB_InterfaceSmall_O" TooltipId="StalkerResource_SuitPowerDesc" NewWindowDepth="0" TransitionShowHide="1" Visible="0" HideInEditor="1" ProgressEdgeGlow="CM_Stalker:spr_CM_Stalker_FillEdgeGlow" EdgeGlow="1" NoClipEdgeGlow="1"/>
        <Control Class="Window" LAnchorPoint="0.5" LAnchorOffset="132" TAnchorPoint="1" TAnchorOffset="-61" RAnchorPoint="0.5" RAnchorOffset="190" BAnchorPoint="1" BAnchorOffset="-3" RelativeToClient="1" Font="Default" Text="" BGColor="UI_WindowBGDefault" TextColor="UI_WindowTextDefault" Template="Default" TooltipType="OnCursor" Name="Dot1" TooltipColor="" Picture="1" IgnoreMouse="1" Sprite="CM_Stalker:spr_CM_Stalker_Dot1" TransitionShowHide="1" TextId="" Visible="0" HideInEditor="0" NewWindowDepth="0" NewControlDepth="1"/>
        <Control Class="Window" LAnchorPoint="0.5" LAnchorOffset="-189" TAnchorPoint="1" TAnchorOffset="-61" RAnchorPoint="0.5" RAnchorOffset="-131" BAnchorPoint="1" BAnchorOffset="-3" RelativeToClient="1" Font="Default" Text="" BGColor="UI_WindowBGDefault" TextColor="UI_WindowTextDefault" Template="Default" TooltipType="OnCursor" Name="Dot2" TooltipColor="" Picture="1" IgnoreMouse="1" Sprite="CM_Stalker:spr_CM_Stalker_Dot1" TransitionShowHide="1" TextId="" Visible="0" HideInEditor="0" NewWindowDepth="0" NewControlDepth="1"/>
        <Control Class="Window" LAnchorPoint="0.5" LAnchorOffset="132" TAnchorPoint="1" TAnchorOffset="-61" RAnchorPoint="0.5" RAnchorOffset="190" BAnchorPoint="1" BAnchorOffset="-3" RelativeToClient="1" Font="Default" Text="" BGColor="UI_WindowBGDefault" TextColor="UI_WindowTextDefault" Template="Default" TooltipType="OnCursor" Name="Dot3" TooltipColor="" Picture="1" IgnoreMouse="1" Sprite="CM_Stalker:spr_CM_Stalker_Dot3" TransitionShowHide="1" TextId="" Visible="0" HideInEditor="1" NewWindowDepth="0" NewControlDepth="1"/>
        <Control Class="Window" LAnchorPoint="0.5" LAnchorOffset="-189" TAnchorPoint="1" TAnchorOffset="-61" RAnchorPoint="0.5" RAnchorOffset="-131" BAnchorPoint="1" BAnchorOffset="-3" RelativeToClient="1" Font="Default" Text="" BGColor="UI_WindowBGDefault" TextColor="UI_WindowTextDefault" Template="Default" TooltipType="OnCursor" Name="Dot4" TooltipColor="" Picture="1" IgnoreMouse="1" Sprite="CM_Stalker:spr_CM_Stalker_Dot3" TransitionShowHide="1" TextId="" Visible="0" HideInEditor="1" NewWindowDepth="0" NewControlDepth="1"/>
    </Form>
</Forms>
