<?xml version="1.0" ?>
<Forms>
    <!-- The rest of the Datachron -->
    <Form Class="Window" LAnchorPoint="0" LAnchorOffset="0" TAnchorPoint="0" TAnchorOffset="0" RAnchorPoint="0" RAnchorOffset="290" BAnchorPoint="0" BAnchorOffset="188" RelativeToClient="1" Name="ExplorerMain" BGColor="ffffffff" TextColor="ffffffff" Overlapped="1" Visible="1" Tooltip="" TooltipId="" Text="" Sprite="CRB_DatachronSprites:sprDC_PPBackground" Picture="1" TooltipColor="">
        <Control Class="Window" LAnchorPoint="0" LAnchorOffset="0" TAnchorPoint="0" TAnchorOffset="0" RAnchorPoint="1" RAnchorOffset="0" BAnchorPoint="1" BAnchorOffset="0" RelativeToClient="1" Font="Default" Text="" Template="Default" Name="BGScanLines" BGColor="ffffffff" TextColor="ffffffff" Picture="1" IgnoreMouse="1" Sprite="CRB_Basekit:kitAccent_Scanlines" TooltipColor=""/>
        <Control Class="Window" LAnchorPoint="0" LAnchorOffset="0" TAnchorPoint="0" TAnchorOffset="0" RAnchorPoint="1" RAnchorOffset="0" BAnchorPoint="1" BAnchorOffset="0" RelativeToClient="0" Font="Default" Text="" Template="CRB_Scroll_HoloSmall" Name="MissionList" BGColor="ffffffff" TextColor="ffffffff" VScroll="1" NewControlDepth="1" IgnoreMouse="1" Visible="0" AutoHideScroll="0" TooltipColor=""/>
        <Control Class="Window" LAnchorPoint="0" LAnchorOffset="0" TAnchorPoint="0" TAnchorOffset="0" RAnchorPoint="1" RAnchorOffset="0" BAnchorPoint="1" BAnchorOffset="0" RelativeToClient="1" Font="Default" Text="" Template="Default" Name="ExpMissionsMainContainer" BGColor="ffffffff" TextColor="ffffffff" TooltipColor="" Tooltip=""/>
        <Control Class="Window" LAnchorPoint="0" LAnchorOffset="20" TAnchorPoint="0" TAnchorOffset="26" RAnchorPoint="1" RAnchorOffset="-20" BAnchorPoint="1" BAnchorOffset="1" RelativeToClient="1" Font="CRB_InterfaceMedium" Text="" Template="Default" Name="EmptyLabel" BGColor="ffffffff" TextColor="aacbc9cf" TextId="ExplorerMissions_NoneToTrack" DT_CENTER="1" DT_WORDBREAK="1" Visible="0" HideInEditor="1" TooltipColor=""/>
        <Control Class="Window" LAnchorPoint="0" LAnchorOffset="0" TAnchorPoint="0" TAnchorOffset="0" RAnchorPoint="1" RAnchorOffset="0" BAnchorPoint="1" BAnchorOffset="0" RelativeToClient="1" Font="Default" Text="" Template="Default" Name="MissionNotification" BGColor="ffffffff" TextColor="ffffffff" IgnoreMouse="1" NoClip="1" Picture="1" Sprite="" Visible="0" HideInEditor="1" TransitionShowHide="1" UseTransitionSprite="0" NewWindowDepth="1" TooltipColor="">
            <Control Class="Window" LAnchorPoint="0" LAnchorOffset="0" TAnchorPoint="0" TAnchorOffset="0" RAnchorPoint="1" RAnchorOffset="0" BAnchorPoint="1" BAnchorOffset="0" RelativeToClient="1" Font="Default" Text="" Template="Default" Name="BGFill" BGColor="cf005e5e" TextColor="ffffffff" Border="0" IgnoreMouse="1" Picture="1" Sprite="WhiteFill" TooltipColor=""/>
            <Control Class="Window" LAnchorPoint="0" LAnchorOffset="2" TAnchorPoint="0" TAnchorOffset="2" RAnchorPoint="1" RAnchorOffset="-2" BAnchorPoint="1" BAnchorOffset="-2" RelativeToClient="1" Font="Default" Text="" Template="Default" Name="BGGlow" BGColor="ffffffff" TextColor="ffffffff" Picture="1" IgnoreMouse="1" Sprite="CRB_ChallengeTrackerSprites:btnChallengeTierBackerPressed" TooltipColor=""/>
            <Control Class="Window" LAnchorPoint="0" LAnchorOffset="0" TAnchorPoint="0" TAnchorOffset="0" RAnchorPoint="1" RAnchorOffset="0" BAnchorPoint="1" BAnchorOffset="0" RelativeToClient="1" Font="Default" Text="" Template="Default" Name="BGRunner" BGColor="ffffffff" TextColor="ffffffff" Picture="1" IgnoreMouse="1" Sprite="CRB_Anim_Outline:spr_Anim_OutlineStretch" TooltipColor=""/>
            <Control Class="Window" LAnchorPoint="0" LAnchorOffset="0" TAnchorPoint="0" TAnchorOffset="0" RAnchorPoint="1" RAnchorOffset="0" BAnchorPoint="1" BAnchorOffset="0" RelativeToClient="1" Font="Default" Text="" Template="Default" Name="NewMissionContent" BGColor="ffffffff" TextColor="ffffffff" Visible="0" HideInEditor="1" TooltipColor="">
                <Control Class="Window" LAnchorPoint=".5" LAnchorOffset="-41" TAnchorPoint="0" TAnchorOffset="0" RAnchorPoint="1" RAnchorOffset="0" BAnchorPoint=".5" BAnchorOffset="-16" RelativeToClient="1" Font="CRB_HeaderLarge_O" Text="" Template="Default" Name="NewMissionText" BGColor="ffffffff" TextColor="ff80ffff" DT_CENTER="0" DT_RIGHT="0" TextId="ExplorerMissions_NewMission" DT_VCENTER="0" DT_BOTTOM="1" TooltipColor=""/>
                <Control Class="Window" LAnchorPoint=".5" LAnchorOffset="-41" TAnchorPoint=".5" TAnchorOffset="-22" RAnchorPoint="1" RAnchorOffset="0" BAnchorPoint="1" BAnchorOffset="0" RelativeToClient="1" Font="CRB_HeaderLarge_O" Text="" Template="Default" Name="UnlockedText" BGColor="ffffffff" TextColor="ff80ffff" DT_CENTER="0" DT_RIGHT="0" TextId="ExplorerMissions_Unlocked" DT_VCENTER="0" TooltipColor=""/>
                <Control Class="Window" LAnchorPoint="0" LAnchorOffset="73" TAnchorPoint=".5" TAnchorOffset="-41" RAnchorPoint="0" RAnchorOffset="83" BAnchorPoint=".5" BAnchorOffset="3" RelativeToClient="1" Font="Default" Text="" Template="Default" Name="PlusVert" BGColor="ff80ffff" TextColor="ffffffff" Picture="1" IgnoreMouse="1" Sprite="WhiteFill" TooltipColor=""/>
                <Control Class="Window" LAnchorPoint="0" LAnchorOffset="55" TAnchorPoint=".5" TAnchorOffset="-24" RAnchorPoint="0" RAnchorOffset="99" BAnchorPoint=".5" BAnchorOffset="-14" RelativeToClient="1" Font="Default" Text="" Template="Default" Name="PlusHorz" BGColor="ff80ffff" TextColor="ffffffff" Picture="1" IgnoreMouse="1" Sprite="WhiteFill" TooltipColor=""/>
                <Control Class="Window" LAnchorPoint="0" LAnchorOffset="8" TAnchorPoint="1" TAnchorOffset="-65" RAnchorPoint="1" RAnchorOffset="-8" BAnchorPoint="1" BAnchorOffset="-8" RelativeToClient="1" Font="CRB_InterfaceLarge_BO" Text="" Template="Default" Name="MissionName" BGColor="ffffffff" TextColor="ffffffff" TextId="ExplorerMissions_FieldStudyTest" DT_VCENTER="1" DT_CENTER="1" DT_WORDBREAK="1" TooltipColor=""/>
            </Control>
            <Control Class="Window" LAnchorPoint="0" LAnchorOffset="0" TAnchorPoint="0" TAnchorOffset="0" RAnchorPoint="1" RAnchorOffset="0" BAnchorPoint="1" BAnchorOffset="0" RelativeToClient="1" Font="Default" Text="" Template="Default" Name="CompletedMissionContent" BGColor="ffffffff" TextColor="ffffffff" Visible="0" HideInEditor="1" TooltipColor="">
                <Control Class="Window" LAnchorPoint=".5" LAnchorOffset="-41" TAnchorPoint="0" TAnchorOffset="0" RAnchorPoint="1" RAnchorOffset="0" BAnchorPoint=".5" BAnchorOffset="-16" RelativeToClient="1" Font="CRB_HeaderLarge_O" Text="" Template="Default" Name="NewMissionText" BGColor="ffffffff" TextColor="ff80ffff" DT_CENTER="0" DT_RIGHT="0" TextId="Nameplates_Mission" DT_VCENTER="0" DT_BOTTOM="1" HideInEditor="0" TooltipColor=""/>
                <Control Class="Window" LAnchorPoint=".5" LAnchorOffset="-41" TAnchorPoint=".5" TAnchorOffset="-22" RAnchorPoint="1" RAnchorOffset="0" BAnchorPoint="1" BAnchorOffset="0" RelativeToClient="1" Font="CRB_HeaderLarge_O" Text="" Template="Default" Name="UnlockedText" BGColor="ffffffff" TextColor="ff80ffff" DT_CENTER="0" DT_RIGHT="0" TextId="QuestCompleted" DT_VCENTER="0" HideInEditor="0" TooltipColor=""/>
                <Control Class="Window" LAnchorPoint="0" LAnchorOffset="56" TAnchorPoint=".5" TAnchorOffset="-40" RAnchorPoint="0" RAnchorOffset="103" BAnchorPoint=".5" BAnchorOffset="7" RelativeToClient="1" Font="Default" Text="" Template="Default" Name="Icon" BGColor="ffffffff" TextColor="ffffffff" Picture="1" IgnoreMouse="1" Sprite="ClientSprites:Icon_Windows_UI_CRB_Explorer" TooltipColor=""/>
                <Control Class="Window" LAnchorPoint="0" LAnchorOffset="8" TAnchorPoint="1" TAnchorOffset="-65" RAnchorPoint="1" RAnchorOffset="-8" BAnchorPoint="1" BAnchorOffset="-8" RelativeToClient="1" Font="CRB_InterfaceLarge_BO" Text="" Template="Default" Name="MissionName" BGColor="ffffffff" TextColor="ffffffff" TextId="ExplorerMissions_FieldStudyTest" DT_VCENTER="1" DT_CENTER="1" DT_WORDBREAK="1" TooltipColor=""/>
                <Control Class="Window" LAnchorPoint="0" LAnchorOffset="50" TAnchorPoint="0" TAnchorOffset="42" RAnchorPoint="0" RAnchorOffset="70" BAnchorPoint="0" BAnchorOffset="64" RelativeToClient="1" Font="Default" Text="" Template="Default" Name="Icon2" BGColor="ffffffff" TextColor="ffffffff" Picture="1" IgnoreMouse="1" Sprite="CRB_Tradeskills:sprSchemCheckMark" NewControlDepth="4" TooltipColor=""/>
            </Control>
            <Control Class="Window" LAnchorPoint="0" LAnchorOffset="0" TAnchorPoint="0" TAnchorOffset="0" RAnchorPoint="1" RAnchorOffset="0" BAnchorPoint="1" BAnchorOffset="0" RelativeToClient="1" Font="Default" Text="" Template="Default" Name="FailedMissionContent" BGColor="ffffffff" TextColor="ffffffff" Visible="0" HideInEditor="1" TooltipColor="">
                <Control Class="Window" LAnchorPoint=".5" LAnchorOffset="-41" TAnchorPoint="0" TAnchorOffset="0" RAnchorPoint="1" RAnchorOffset="0" BAnchorPoint=".5" BAnchorOffset="-16" RelativeToClient="1" Font="CRB_HeaderLarge_O" Text="" Template="Default" Name="NewMissionText" BGColor="ffffffff" TextColor="ffff0000" DT_CENTER="0" DT_RIGHT="0" TextId="Nameplates_Mission" DT_VCENTER="0" DT_BOTTOM="1" HideInEditor="0" TooltipColor=""/>
                <Control Class="Window" LAnchorPoint=".5" LAnchorOffset="-41" TAnchorPoint=".5" TAnchorOffset="-22" RAnchorPoint="1" RAnchorOffset="0" BAnchorPoint="1" BAnchorOffset="0" RelativeToClient="1" Font="CRB_HeaderLarge_O" Text="" Template="Default" Name="UnlockedText" BGColor="ffffffff" TextColor="ffff0000" DT_CENTER="0" DT_RIGHT="0" TextId="CRB_Failed" DT_VCENTER="0" HideInEditor="0" TooltipColor=""/>
                <Control Class="Window" LAnchorPoint="0" LAnchorOffset="56" TAnchorPoint=".5" TAnchorOffset="-40" RAnchorPoint="0" RAnchorOffset="103" BAnchorPoint=".5" BAnchorOffset="7" RelativeToClient="1" Font="Default" Text="" Template="Default" Name="Icon" BGColor="ffffffff" TextColor="ffffffff" Picture="1" IgnoreMouse="1" Sprite="LootCloseBox" TooltipColor=""/>
                <Control Class="Window" LAnchorPoint="0" LAnchorOffset="8" TAnchorPoint="1" TAnchorOffset="-65" RAnchorPoint="1" RAnchorOffset="-8" BAnchorPoint="1" BAnchorOffset="-8" RelativeToClient="1" Font="CRB_InterfaceLarge_BO" Text="" Template="Default" Name="MissionName" BGColor="ffffffff" TextColor="ffffffff" TextId="ExplorerMissions_FieldStudyTest" DT_VCENTER="1" DT_CENTER="1" DT_WORDBREAK="1" TooltipColor=""/>
            </Control>
        </Control>
        <Control Class="Window" LAnchorPoint="0" LAnchorOffset="0" TAnchorPoint="0" TAnchorOffset="0" RAnchorPoint="1" RAnchorOffset="0" BAnchorPoint="1" BAnchorOffset="0" RelativeToClient="1" Font="Default" Text="" Template="Default" Name="MissionsRemainingScreen" BGColor="ffffffff" TextColor="ffffffff" Visible="0" HideInEditor="1" NewControlDepth="10" TooltipColor="">
            <Control Class="Window" LAnchorPoint="0" LAnchorOffset="0" TAnchorPoint="0" TAnchorOffset="0" RAnchorPoint="1" RAnchorOffset="0" BAnchorPoint="1" BAnchorOffset="0" RelativeToClient="1" Font="Default" Text="" Template="Default" Name="MissRemainBG" BGColor="ffffffff" TextColor="ffffffff" Picture="1" IgnoreMouse="1" Sprite="CRB_DatachronSprites:sprDC_LargeBG" TooltipColor=""/>
            <Control Class="Window" LAnchorPoint="0" LAnchorOffset="0" TAnchorPoint="0" TAnchorOffset="0" RAnchorPoint="1" RAnchorOffset="0" BAnchorPoint="1" BAnchorOffset="0" RelativeToClient="1" Font="Default" Text="" Template="Default" Name="MissRemainBG2" BGColor="6fffffff" TextColor="ffffffff" Picture="1" IgnoreMouse="1" Sprite="CRB_Basekit:kitAccent_Scanlines" Visible="1" HideInEditor="0" NewControlDepth="2" TooltipColor=""/>
            <Control Class="Window" LAnchorPoint="0" LAnchorOffset="63" TAnchorPoint="0" TAnchorOffset="2" RAnchorPoint="1" RAnchorOffset="-63" BAnchorPoint="0" BAnchorOffset="166" RelativeToClient="1" Font="Default" Text="" Template="Default" Name="MissRemainBGicon" BGColor="2fffffff" TextColor="ffffffff" Border="0" IgnoreMouse="1" Sprite="ClientSprites:Icon_Windows_UI_CRB_Explorer" NewWindowDepth="0" Picture="1" NewControlDepth="3" TooltipColor=""/>
            <Control Class="Window" LAnchorPoint="0" LAnchorOffset="34" TAnchorPoint="0" TAnchorOffset="30" RAnchorPoint="1" RAnchorOffset="-34" BAnchorPoint="0" BAnchorOffset="134" RelativeToClient="1" Font="Default" Text="" Template="Default" Name="MissionsRemainingDivider" BGColor="9fffffff" TextColor="ffffffff" Picture="1" IgnoreMouse="1" Sprite="CRB_Basekit:kitBase_HoloBlue_TinyLitCorners" NewControlDepth="5" TooltipColor=""/>
            <Control Class="Window" LAnchorPoint="0" LAnchorOffset="0" TAnchorPoint="0" TAnchorOffset="0" RAnchorPoint="1" RAnchorOffset="0" BAnchorPoint="0" BAnchorOffset="41" RelativeToClient="1" Font="CRB_InterfaceLarge_B" Text="" Template="Default" Name="EpNameString" BGColor="ffffffff" TextColor="ff80ffff" TextId="CRB_Northen_Wilds" DT_VCENTER="0" DT_CENTER="1" DT_BOTTOM="1" DT_WORDBREAK="1" TooltipColor=""/>
            <Control Class="Window" LAnchorPoint="0" LAnchorOffset="0" TAnchorPoint="0" TAnchorOffset="48" RAnchorPoint="1" RAnchorOffset="0" BAnchorPoint="0" BAnchorOffset="81" RelativeToClient="1" Font="CRB_HeaderLarge" Text="" Template="Default" Name="MissionsRemainingLabel" BGColor="ffffffff" TextColor="ffffffff" TextId="ExplorerMissions_MissionsRemaining" DT_VCENTER="1" DT_CENTER="1" NewControlDepth="8" TooltipColor=""/>
            <Control Class="Window" LAnchorPoint="0" LAnchorOffset="0" TAnchorPoint="0" TAnchorOffset="74" RAnchorPoint="1" RAnchorOffset="0" BAnchorPoint="0" BAnchorOffset="113" RelativeToClient="1" Font="CRB_HeaderGigantic" Text="" Template="Default" Name="MissionsRemainingCount" BGColor="ffffffff" TextColor="ffffffff" TextId="CRB_7" DT_VCENTER="1" DT_CENTER="1" NewControlDepth="8" TooltipColor=""/>
            <Control Class="Window" LAnchorPoint="0" LAnchorOffset="15" TAnchorPoint="1" TAnchorOffset="-42" RAnchorPoint="1" RAnchorOffset="-15" BAnchorPoint="1" BAnchorOffset="-12" RelativeToClient="1" Font="CRB_InterfaceMedium" Text="" Template="Default" Name="MissionsRemainingExpla" BGColor="ffffffff" TextColor="ff00ffff" TextId="ExplorerMissions_ExploreToFindMore" DT_WORDBREAK="1" DT_CENTER="1" Visible="0" HideInEditor="1" DT_VCENTER="1" TooltipColor=""/>
        </Control>
        <Control Class="Window" LAnchorPoint="0" LAnchorOffset="0" TAnchorPoint="0" TAnchorOffset="0" RAnchorPoint="1" RAnchorOffset="0" BAnchorPoint="1" BAnchorOffset="0" RelativeToClient="1" Font="Default" Text="" Template="Default" Name="CompletedScreen" BGColor="ffffffff" TextColor="ffffffff" IgnoreMouse="1" NewWindowDepth="1" Visible="0" HideInEditor="1" TooltipColor="">
            <Control Class="Window" LAnchorPoint="0" LAnchorOffset="0" TAnchorPoint="0" TAnchorOffset="0" RAnchorPoint="1" RAnchorOffset="0" BAnchorPoint="1" BAnchorOffset="0" RelativeToClient="1" Font="Default" Text="" Template="Default" Name="CompleteEpisodeWindow" BGColor="ffffffff" TextColor="ffffffff" TooltipColor=""/>
            <Control Class="Window" LAnchorPoint="0" LAnchorOffset="0" TAnchorPoint="0" TAnchorOffset="0" RAnchorPoint="1" RAnchorOffset="0" BAnchorPoint="1" BAnchorOffset="0" RelativeToClient="1" Font="Default" Text="" Template="Default" Name="LootEpBG" BGColor="ffffffff" TextColor="ffffffff" Picture="1" IgnoreMouse="1" Sprite="CRB_DatachronSprites:sprDCPP_SolHORestBack" TooltipColor=""/>
            <Control Class="Window" LAnchorPoint="0" LAnchorOffset="63" TAnchorPoint="0" TAnchorOffset="9" RAnchorPoint="1" RAnchorOffset="-63" BAnchorPoint="1" BAnchorOffset="-15" RelativeToClient="1" Font="Default" Text="" Template="Default" Name="CompleteEpIcon" BGColor="2fffffff" TextColor="ffffffff" Border="0" IgnoreMouse="1" Sprite="ClientSprites:Icon_Windows_UI_CRB_Explorer" NewWindowDepth="0" Picture="1" NewControlDepth="3" TooltipColor=""/>
            <Control Class="Button" Base="CRB_Basekit:kitBtn_Holo_Large" Font="CRB_HeaderMedium" ButtonType="PushButton" RadioGroup="" LAnchorPoint="0" LAnchorOffset="58" TAnchorPoint="1" TAnchorOffset="-69" RAnchorPoint="1" RAnchorOffset="-53" BAnchorPoint="1" BAnchorOffset="-26" DT_VCENTER="1" DT_CENTER="1" Name="LootEpisodeBtn" BGColor="ffffffff" TextColor="ffffffff" NormalTextColor="UI_TextHoloBody" PressedTextColor="ffffffff" FlybyTextColor="ff31fcf6" PressedFlybyTextColor="ffffffff" DisabledTextColor="ffffffff" Text="" TextId="Challenges_Loot" Visible="0" TooltipColor="">
                <Event Name="ButtonSignal" Function="OnLootEpisodeBtn"/>
            </Control>
            <Control Class="Window" LAnchorPoint="0" LAnchorOffset="44" TAnchorPoint="1" TAnchorOffset="-84" RAnchorPoint="1" RAnchorOffset="-40" BAnchorPoint="1" BAnchorOffset="-12" RelativeToClient="1" Font="Default" Text="" Template="Default" Name="LootBtnFraming" BGColor="ffffffff" TextColor="ffffffff" Border="0" IgnoreMouse="1" Picture="1" Sprite="CRB_Basekit:kitAccent_Frame_OrangeStroke" Visible="0" NewControlDepth="4" TooltipColor=""/>
            <Control Class="Window" LAnchorPoint="0" LAnchorOffset="0" TAnchorPoint="0" TAnchorOffset="48" RAnchorPoint="1" RAnchorOffset="0" BAnchorPoint="0" BAnchorOffset="78" RelativeToClient="1" Font="CRB_InterfaceLarge" Text="" Template="Default" Name="EpNameString" BGColor="ffffffff" TextColor="ff80ffff" TextId="CRB_Northen_Wilds" DT_VCENTER="1" DT_CENTER="1" TooltipColor=""/>
            <Control Class="Window" LAnchorPoint="0" LAnchorOffset="10" TAnchorPoint="0" TAnchorOffset="71" RAnchorPoint="1" RAnchorOffset="-10" BAnchorPoint="0" BAnchorOffset="104" RelativeToClient="1" Font="CRB_HeaderLarge" Text="" Template="Default" Name="EpisodeCompletedString" BGColor="ffffffff" TextColor="ffffffff" TextId="ExplorerMissions_AllMissionsComplete" DT_VCENTER="1" DT_CENTER="1" TooltipColor=""/>
        </Control>
    </Form>
    <Form Class="Window" LAnchorPoint="0" LAnchorOffset="0" TAnchorPoint="0" TAnchorOffset="0" RAnchorPoint="0" RAnchorOffset="277" BAnchorPoint="0" BAnchorOffset="22" RelativeToClient="1" Font="Default" Text="" Template="Default" TooltipType="OnCursor" Name="ActiveMissionsHeader" BGColor="ffffffff" TextColor="ffffffff" TooltipColor="" Sprite="" Picture="1" IgnoreMouse="1" DT_CENTER="1" DT_VCENTER="1" TextId="" Tooltip="">
        <Control Class="Window" LAnchorPoint="0" LAnchorOffset="-100" TAnchorPoint="1" TAnchorOffset="-30" RAnchorPoint="0" RAnchorOffset="225" BAnchorPoint="1" BAnchorOffset="16" RelativeToClient="1" Font="Default" Text="" Template="Default" TooltipType="OnCursor" Name="Pixie1" BGColor="66ffffff" TextColor="ffffffff" TooltipColor="" Sprite="CRB_CharacterCreateSprites:sprCharS_EnterBacker" Picture="1" IgnoreMouse="1"/>
        <Control Class="Window" LAnchorPoint="0" LAnchorOffset="8" TAnchorPoint="1" TAnchorOffset="-20" RAnchorPoint="1" RAnchorOffset="0" BAnchorPoint="1" BAnchorOffset="0" RelativeToClient="1" Font="CRB_InterfaceLarge_B" Text="" Template="Default" TooltipType="OnCursor" Name="Pixie2" BGColor="ffffffff" TextColor="UI_TextHoloBody" TooltipColor="" TextId="ExplorerMissions_ActiveMissions" Tooltip=""/>
    </Form>
    <Form Class="Window" LAnchorPoint="0" LAnchorOffset="0" TAnchorPoint="0" TAnchorOffset="0" RAnchorPoint="0" RAnchorOffset="277" BAnchorPoint="0" BAnchorOffset="30" RelativeToClient="1" Font="Default" Text="" Template="Default" TooltipType="OnCursor" Name="AvailableMissionsHeader" BGColor="ffffffff" TextColor="ffffffff" TooltipColor="" Sprite="" Picture="1" IgnoreMouse="1" DT_CENTER="1" DT_VCENTER="1" TextId="">
        <Control Class="Window" LAnchorPoint="0" LAnchorOffset="-100" TAnchorPoint="1" TAnchorOffset="-30" RAnchorPoint="0" RAnchorOffset="225" BAnchorPoint="1" BAnchorOffset="16" RelativeToClient="1" Font="Default" Text="" Template="Default" TooltipType="OnCursor" Name="Pixie1" BGColor="66ffffff" TextColor="ffffffff" TooltipColor="" Sprite="CRB_CharacterCreateSprites:sprCharS_EnterBacker" Picture="1" IgnoreMouse="1"/>
        <Control Class="Window" LAnchorPoint="0" LAnchorOffset="8" TAnchorPoint="1" TAnchorOffset="-20" RAnchorPoint="1" RAnchorOffset="0" BAnchorPoint="1" BAnchorOffset="0" RelativeToClient="1" Font="CRB_InterfaceLarge_B" Text="" Template="Default" TooltipType="OnCursor" Name="Pixie2" BGColor="ffffffff" TextColor="UI_TextHoloBody" TooltipColor="" TextId="ExplorerMissions_AvailableMissions" Tooltip=""/>
    </Form>
    <Form Class="Window" LAnchorPoint="0" LAnchorOffset="0" TAnchorPoint="0" TAnchorOffset="0" RAnchorPoint="1" RAnchorOffset="0" BAnchorPoint="0" BAnchorOffset="56" RelativeToClient="1" Font="Default" Text="" Template="Default" Name="ExplorerListItem" Border="0" Picture="0" SwallowMouseClicks="0" BGColor="ffffffff" TextColor="ffffffff" Sprite="" IgnoreMouse="1" Overlapped="1" TooltipColor="" Tooltip="" TooltipType="OnCursor" TooltipFont="CRB_InterfaceSmall_O" IgnoreTooltipDelay="0">
        <Control Class="Window" LAnchorPoint="0" LAnchorOffset="0" TAnchorPoint="0" TAnchorOffset="0" RAnchorPoint="1" RAnchorOffset="0" BAnchorPoint="1" BAnchorOffset="-2" RelativeToClient="1" Font="Default" Text="" Template="Default" TooltipType="OnCursor" Name="BackFill" BGColor="2231fcf6" TextColor="ffffffff" TooltipColor="" Sprite="WhiteFill" Picture="1" IgnoreMouse="1" HideInEditor="0"/>
        <Control Class="Button" Base="CRB_Basekit:kitBtn_List_Holo" Font="Thick" ButtonType="PushButton" RadioGroup="" LAnchorPoint="0" LAnchorOffset="0" TAnchorPoint="0" TAnchorOffset="0" RAnchorPoint="1" RAnchorOffset="0" BAnchorPoint="1" BAnchorOffset="-2" DT_VCENTER="1" DT_CENTER="1" Name="ListItemBigBtn" BGColor="ffffffff" TextColor="ffffffff" NormalTextColor="ffffffff" PressedTextColor="ffffffff" FlybyTextColor="ffffffff" PressedFlybyTextColor="ffffffff" DisabledTextColor="ffffffff" IgnoreMouse="0" RelativeToClient="1" Picture="1" Sprite="" HideInEditor="0" TooltipColor="" Tooltip="" TooltipId="" TooltipType="DynamicFloater" TooltipFont="CRB_InterfaceSmall_O" NewControlDepth="1">
            <Control Class="Window" LAnchorPoint="0" LAnchorOffset="0" TAnchorPoint="0" TAnchorOffset="0" RAnchorPoint="1" RAnchorOffset="0" BAnchorPoint="1" BAnchorOffset="0" RelativeToClient="1" Font="Default" Text="" Template="Default" Name="ListItemNewRunner" BGColor="ffffffff" TextColor="ffffffff" Picture="1" IgnoreMouse="1" Sprite="CRB_Anim_Outline:spr_Anim_OutlineStretch" Visible="0" HideInEditor="1" TooltipColor=""/>
            <Control Class="Window" LAnchorPoint="0" LAnchorOffset="8" TAnchorPoint="0" TAnchorOffset="8" RAnchorPoint="0" RAnchorOffset="46" BAnchorPoint="0" BAnchorOffset="46" RelativeToClient="1" Font="Default" Text="" Template="Default" Name="ListItemIcon" BGColor="ffffffff" TextColor="ffffffff" Picture="1" Sprite="ClientSprites:Icon_Mission_Explorer_Vista" IgnoreMouse="1" NewControlDepth="1" TooltipColor="" Tooltip=""/>
            <Control Class="Window" LAnchorPoint="0" LAnchorOffset="8" TAnchorPoint="0" TAnchorOffset="8" RAnchorPoint="0" RAnchorOffset="46" BAnchorPoint="0" BAnchorOffset="46" RelativeToClient="1" Font="Default" Text="" Template="Default" Name="ListItemHintArrowArt" BGColor="ffffffff" TextColor="ffffffff" Picture="1" Sprite="ClientSprites:Icon_Mission_Explorer_ScavengerHunt" IgnoreMouse="1" NewControlDepth="2" TooltipColor="" Tooltip="" Visible="0">
                <Pixie LAnchorPoint="0" LAnchorOffset="0" TAnchorPoint="0" TAnchorOffset="0" RAnchorPoint="1" RAnchorOffset="0" BAnchorPoint="1" BAnchorOffset="0" Sprite="" BGColor="ffffffff" TextColor="black" Rotation="0" Font="Default"/>
                <Pixie LAnchorPoint="0" LAnchorOffset="0" TAnchorPoint="0" TAnchorOffset="0" RAnchorPoint="1" RAnchorOffset="0" BAnchorPoint="1" BAnchorOffset="0" Sprite="" BGColor="white" TextColor="black" Rotation="0" Font="Default"/>
            </Control>
            <Control Class="Window" LAnchorPoint="0" LAnchorOffset="51" TAnchorPoint="1" TAnchorOffset="-17" RAnchorPoint="1" RAnchorOffset="-51" BAnchorPoint="1" BAnchorOffset="-5" RelativeToClient="1" Font="Default" Text="" Template="Default" Name="ListItemMeterBG" BGColor="ffffffff" TextColor="ffffffff" Sprite="CRB_Basekit:kitIProgBar_Inlay_Base" Picture="1" IgnoreMouse="1" Visible="0" TooltipColor="" Tooltip="">
                <Control Class="ProgressBar" Text="" LAnchorPoint="0" LAnchorOffset="3" TAnchorPoint="0" TAnchorOffset="-9" RAnchorPoint="1" RAnchorOffset="-3" BAnchorPoint="1" BAnchorOffset="9" RelativeToClient="1" Name="ListItemMeter" BGColor="ffffffff" TextColor="ffffffff" IgnoreMouse="1" ProgressFill="" ProgressFull="CRB_Basekit:kitIProgBar_Holo_Fill" ProgressEdgeGlow="CRB_Basekit:kitIProgBar_Holo_Cap" EdgeGlow="1" NoClipEdgeGlow="1" Visible="1" TooltipColor="" BarColor=""/>
            </Control>
            <Control Class="MLWindow" LAnchorPoint="0" LAnchorOffset="51" TAnchorPoint="0" TAnchorOffset="4" RAnchorPoint="1" RAnchorOffset="-51" BAnchorPoint="0" BAnchorOffset="24" RelativeToClient="1" Font="CRB_InterfaceMedium_B" Text="" Template="Default" Name="ListItemName" BGColor="ffffffff" TextColor="UI_TextHoloBody" DT_VCENTER="0" DT_WORDBREAK="1" TextId="Challenges_NoProgress" IgnoreMouse="1" TooltipColor="" DT_CENTER="0"/>
            <Control Class="MLWindow" LAnchorPoint="0" LAnchorOffset="51" TAnchorPoint="1" TAnchorOffset="-34" RAnchorPoint="1" RAnchorOffset="-51" BAnchorPoint="1" BAnchorOffset="0" RelativeToClient="1" Font="CRB_InterfaceSmall" Text="" Template="Default" TooltipType="OnCursor" Name="ListItemSubtitle" BGColor="ffffffff" TextColor="UI_TextHoloBodyCyan" TooltipColor="" DT_VCENTER="0" TextId="Challenges_NoProgress" DT_CENTER="0" IgnoreMouse="1"/>
            <Event Name="ButtonSignal" Function="OnListItemHintArrow"/>
            <Control Class="Button" Base="CRB_Basekit:kitBtn_Holo" Font="Thick" ButtonType="PushButton" RadioGroup="" LAnchorPoint="1" LAnchorOffset="-39" TAnchorPoint="0" TAnchorOffset="12" RAnchorPoint="1" RAnchorOffset="-4" BAnchorPoint="0" BAnchorOffset="42" DT_VCENTER="1" DT_CENTER="1" Name="RightCompleteBtn" BGColor="ffffffff" TextColor="ffffffff" NormalTextColor="ffffffff" PressedTextColor="ffffffff" FlybyTextColor="ffffffff" PressedFlybyTextColor="ffffffff" DisabledTextColor="ffffffff" IgnoreMouse="0" RelativeToClient="1" Visible="0" HideInEditor="0" TooltipColor="">
                <Control Class="Window" LAnchorPoint="0" LAnchorOffset="6" TAnchorPoint="0" TAnchorOffset="4" RAnchorPoint="0" RAnchorOffset="39" BAnchorPoint="0" BAnchorOffset="44" RelativeToClient="1" Font="Default" Text="" Template="Default" Name="RightCompleteIcon" BGColor="ffffffff" TextColor="ffffffff" Picture="1" IgnoreMouse="1" Sprite="CRB_Basekit:kitIcon_Holo_Checkmark" Visible="1" HideInEditor="0" NewControlDepth="1" TooltipColor=""/>
                <Event Name="ButtonSignal" Function="OnListItemHintArrow"/>
            </Control>
            <Control Class="Button" Base="CRB_Basekit:kitBtn_Holo_SubscreenRight" Font="Thick" ButtonType="PushButton" RadioGroup="" LAnchorPoint="1" LAnchorOffset="-39" TAnchorPoint="0" TAnchorOffset="12" RAnchorPoint="1" RAnchorOffset="-4" BAnchorPoint="0" BAnchorOffset="42" Name="ListItemSubscreenBtn" BGColor="ffffffff" TextColor="ffffffff" NormalTextColor="ffffffff" PressedTextColor="ffffffff" FlybyTextColor="ffffffff" PressedFlybyTextColor="ffffffff" DisabledTextColor="ffffffff" RelativeToClient="1" IgnoreMouse="0" HideInEditor="1" Visible="0" TooltipColor="">
                <Event Name="ButtonSignal" Function="OnListItemRightArrowClick"/>
            </Control>
            <Control Class="Button" Base="CRB_Basekit:kitBtn_Holo_CircleSmall" Font="CRB_Pixel" ButtonType="PushButton" RadioGroup="" LAnchorPoint="1" LAnchorOffset="-19" TAnchorPoint="0" TAnchorOffset="-2" RAnchorPoint="1" RAnchorOffset="2" BAnchorPoint="0" BAnchorOffset="19" DT_VCENTER="1" DT_CENTER="1" TooltipType="OnCursor" Name="ListItemCodexBtn" BGColor="ffffffff" TextColor="ffffffff" TooltipColor="" NormalTextColor="UI_BtnTextHoloListNormal" PressedTextColor="UI_BtnTextHoloListPressed" FlybyTextColor="UI_BtnTextHoloListFlyby" PressedFlybyTextColor="UI_BtnTextHoloListPressedFlyby" DisabledTextColor="UI_BtnTextHoloListDisabled" RelativeToClient="1" Text="" TextId="Command_Group_Invite_Shortcut" TestAlpha="1" Tooltip="">
                <Event Name="ButtonSignal" Function="OnListItemOpenCodex"/>
            </Control>
            <Control Class="Window" LAnchorPoint="0" LAnchorOffset="0" TAnchorPoint="0" TAnchorOffset="0" RAnchorPoint="1" RAnchorOffset="0" BAnchorPoint="1" BAnchorOffset="0" RelativeToClient="1" Font="Default" Text="" Template="Default" TooltipType="OnCursor" Name="ListItemMouseCatcher" BGColor="ffffffff" TextColor="ffffffff" TooltipColor="">
                <Event Name="MouseEnter" Function="OnListItemMouseEnter"/>
                <Event Name="MouseExit" Function="OnListItemMouseExit"/>
            </Control>
        </Control>
    </Form>
</Forms>
