<?xml version="1.0" ?>
<Forms>
    <!-- The rest of the Datachron -->
    <Form Class="Window" LAnchorPoint="0" LAnchorOffset="0" TAnchorPoint="0" TAnchorOffset="0" RAnchorPoint="0" RAnchorOffset="290" BAnchorPoint="0" BAnchorOffset="188" RelativeToClient="1" Name="PathExplorerMissionMain" BGColor="ffffffff" TextColor="ffffffff" Overlapped="1" Visible="1" Tooltip="" TooltipId="" Text="" Sprite="" Picture="1" NewWindowDepth="1" IgnoreMouse="0" TooltipColor="">
        <Control Class="Window" LAnchorPoint="0" LAnchorOffset="0" TAnchorPoint="0" TAnchorOffset="0" RAnchorPoint="1" RAnchorOffset="0" BAnchorPoint="1" BAnchorOffset="0" RelativeToClient="1" Font="Default" Text="" Template="Default" Name="ScavengerContainer" BGColor="ffffffff" TextColor="ffffffff" Visible="0" HideInEditor="1" NewControlDepth="5" TooltipColor="">
            <Control Class="Window" LAnchorPoint="0" LAnchorOffset="1" TAnchorPoint="0" TAnchorOffset="44" RAnchorPoint="0" RAnchorOffset="79" BAnchorPoint="0" BAnchorOffset="144" RelativeToClient="1" Font="Default" Text="" Template="Default" Name="ScavBucketContainer" BGColor="ffffffff" TextColor="ffffffff" NewControlDepth="2" HideInEditor="1" Visible="0" TooltipColor="">
                <Control Class="Window" LAnchorPoint="0" LAnchorOffset="24" TAnchorPoint="0" TAnchorOffset="70" RAnchorPoint="0" RAnchorOffset="55" BAnchorPoint="0" BAnchorOffset="83" RelativeToClient="1" Font="Default" Text="" Template="Default" Name="Bucket_1" BGColor="ffffffff" TextColor="ffffffff" Sprite="PlayerPathContent_TEMP:spr_PathExpVistaBucket1" Picture="1" NewControlDepth="1" HideInEditor="0" TooltipColor=""/>
                <Control Class="Window" LAnchorPoint="0" LAnchorOffset="20" TAnchorPoint="0" TAnchorOffset="57" RAnchorPoint="0" RAnchorOffset="59" BAnchorPoint="0" BAnchorOffset="72" RelativeToClient="1" Font="Default" Text="" Template="Default" Name="Bucket_2" BGColor="ffffffff" TextColor="ffffffff" Sprite="PlayerPathContent_TEMP:spr_PathExpVistaBucket2" Picture="1" NewControlDepth="1" HideInEditor="0"/>
                <Control Class="Window" LAnchorPoint="0" LAnchorOffset="16" TAnchorPoint="0" TAnchorOffset="38" RAnchorPoint="0" RAnchorOffset="63" BAnchorPoint="0" BAnchorOffset="61" RelativeToClient="1" Font="Default" Text="" Template="Default" Name="Bucket_3" BGColor="ffffffff" TextColor="ffffffff" Sprite="PlayerPathContent_TEMP:spr_PathExpVistaBucket3" Picture="1" NewControlDepth="1" HideInEditor="0"/>
                <Control Class="Window" LAnchorPoint="0" LAnchorOffset="12" TAnchorPoint="0" TAnchorOffset="19" RAnchorPoint="0" RAnchorOffset="66" BAnchorPoint="0" BAnchorOffset="45" RelativeToClient="1" Font="Default" Text="" Template="Default" Name="Bucket_4" BGColor="ffffffff" TextColor="ffffffff" Sprite="PlayerPathContent_TEMP:spr_PathExpVistaBucket4" Picture="1" NewControlDepth="1" HideInEditor="0"/>
                <Control Class="Window" LAnchorPoint="0" LAnchorOffset="4" TAnchorPoint="0" TAnchorOffset="9" RAnchorPoint="0" RAnchorOffset="75" BAnchorPoint="0" BAnchorOffset="95" RelativeToClient="1" Font="CRB_InterfaceLarge" Text="" Template="Default" Name="BucketBox" BGColor="ffffffff" TextColor="ffffffff" Picture="1" Sprite="CRB_DatachronSprites:sprDCPP_ExActiveUplink" HideInEditor="0" TooltipColor=""/>
            </Control>
            <Control Class="Window" LAnchorPoint="0" LAnchorOffset="6" TAnchorPoint="1" TAnchorOffset="-43" RAnchorPoint="0" RAnchorOffset="73" BAnchorPoint="1" BAnchorOffset="0" RelativeToClient="1" Font="Default" Text="" Template="Default" Name="ScavDigButtonContainer" BGColor="ffffffff" TextColor="ffffffff" Picture="1" IgnoreMouse="1" Sprite="kitInnerFrame_MetalGrey_Small" HideInEditor="1" TooltipColor="">
                <Control Class="Button" Base="CRB_Basekit:kitBtn_Holo_DatachronOption" Font="CRB_InterfaceSmall_O" ButtonType="PushButton" RadioGroup="" LAnchorPoint="0" LAnchorOffset="12" TAnchorPoint="0" TAnchorOffset="11" RAnchorPoint="1" RAnchorOffset="-12" BAnchorPoint="1" BAnchorOffset="-11" DT_VCENTER="1" DT_CENTER="1" Name="ScavSearchNearbyBtn" BGColor="ffffffff" TextColor="ffffffff" NormalTextColor="ff31fcf6" PressedTextColor="ffffffff" FlybyTextColor="ffffffff" PressedFlybyTextColor="ffffffff" DisabledTextColor="9d9d9d9d" Text="" TextId="ExplorerMissions_Dig" TooltipColor="">
                    <Event Name="ButtonSignal" Function="DoAPathAction"/>
                </Control>
            </Control>
            <Control Class="Button" Base="CRB_Basekit:kitBtn_Close" Font="Default" ButtonType="PushButton" RadioGroup="" LAnchorPoint="1" LAnchorOffset="-26" TAnchorPoint="0" TAnchorOffset="1" RAnchorPoint="1" RAnchorOffset="1" BAnchorPoint="0" BAnchorOffset="30" DT_VCENTER="1" DT_CENTER="1" Name="ScavCloseBtn" BGColor="ffffffff" TextColor="ffffffff" NormalTextColor="ffffffff" PressedTextColor="ffffffff" FlybyTextColor="ffffffff" PressedFlybyTextColor="ffffffff" DisabledTextColor="ffffffff" Text="" TextId="" Tooltip="" TooltipId="" TooltipColor="">
                <Event Name="ButtonSignal" Function="OnScavengerCloseClick"/>
            </Control>
            <Control Class="Window" LAnchorPoint="0" LAnchorOffset="70" TAnchorPoint="0" TAnchorOffset="28" RAnchorPoint="1" RAnchorOffset="0" BAnchorPoint="1" BAnchorOffset="0" RelativeToClient="1" Font="Default" Text="" Template="CRB_Scroll_HoloSmall" Name="ScavClueContainer" BGColor="ffffffff" TextColor="ffffffff" Picture="1" IgnoreMouse="1" Sprite="" VScroll="1" AutoHideScroll="0" TooltipColor=""/>
            <Control Class="Window" LAnchorPoint="0" LAnchorOffset="28" TAnchorPoint="0" TAnchorOffset="32" RAnchorPoint="0" RAnchorOffset="48" BAnchorPoint="1" BAnchorOffset="-42" RelativeToClient="1" Font="Default" Text="" Template="Default" Name="ScavProximityMeterShort" BGColor="ff0080c0" TextColor="ffffffff" Sprite="Whitefill" Picture="0" NewControlDepth="1" HideInEditor="1" IgnoreMouse="1" NoClip="1" TooltipColor="">
                <Control Class="Window" LAnchorPoint="0" LAnchorOffset="-15" TAnchorPoint="1" TAnchorOffset="-3" RAnchorPoint="1" RAnchorOffset="15" BAnchorPoint="1" BAnchorOffset="5" RelativeToClient="1" Font="CRB_InterfaceSmall_O" Text="" Template="Default" Name="BGBase" BGColor="9fffffff" TextColor="ff00a8a8" TextId="" DT_VCENTER="1" DT_CENTER="1" IgnoreMouse="1" NoClip="1" Visible="1" Picture="1" Sprite="CRB_ActionBarIconSprites:sprAS_GCD_EdgeGlow2" TooltipColor=""/>
                <Control Class="ProgressBar" Text="" LAnchorPoint="0" LAnchorOffset="4" TAnchorPoint="0" TAnchorOffset="26" RAnchorPoint="1" RAnchorOffset="-4" BAnchorPoint="1" BAnchorOffset="-4" AutoSetText="0" UseValues="0" RelativeToClient="1" SetTextToProgress="0" DT_CENTER="1" DT_VCENTER="1" ProgressEmpty="" ProgressFull="ClientSprites:SpellChargeFull" Name="ProximityMeterFill" BGColor="ffffffff" TextColor="ffffffff" VerticallyAligned="1" BRtoLT="1" Sprite=""/>
                <Control Class="Window" LAnchorPoint="0" LAnchorOffset="-6" TAnchorPoint="0" TAnchorOffset="-5" RAnchorPoint="0" RAnchorOffset="28" BAnchorPoint="0" BAnchorOffset="28" RelativeToClient="1" Font="Default" Text="" Template="Default" Name="CheckBase" BGColor="ffffffff" TextColor="ffffffff" Picture="1" IgnoreMouse="1" Sprite="CRB_MinimapSprites:sprMM_TargetObjective" HideInEditor="0"/>
                <Control Class="Window" LAnchorPoint="0" LAnchorOffset="1" TAnchorPoint="0" TAnchorOffset="1" RAnchorPoint="1" RAnchorOffset="-1" BAnchorPoint="0" BAnchorOffset="19" RelativeToClient="1" Font="Default" Text="" Template="Default" Name="CheckOverlay" BGColor="ffffffff" TextColor="ffffffff" Picture="1" IgnoreMouse="1" Sprite="CRB_ChallengeTrackerSprites:sprChallengeTierCompleteStretch" HideInEditor="0" NoClip="1" TooltipColor=""/>
                <Control Class="Window" LAnchorPoint="0" LAnchorOffset="-19" TAnchorPoint="0" TAnchorOffset="-3" RAnchorPoint="0" RAnchorOffset="-2" BAnchorPoint="1" BAnchorOffset="-3" RelativeToClient="1" Font="Default" Text="" Template="Default" Name="TickContainerR" BGColor="ffffffff" TextColor="ffffffff" IgnoreMouse="1" NoClip="1" HideInEditor="0" TooltipColor="">
                    <Pixie LAnchorPoint="0" LAnchorOffset="7" TAnchorPoint="0" TAnchorOffset="90" RAnchorPoint="0" RAnchorOffset="50" BAnchorPoint="0" BAnchorOffset="96" BGColor="3fffffff" Font="CRB_InterfaceSmall_O" TextColor="ff00a8a8" Text="" TextId="" Sprite="CRB_ActionBarIconSprites:sprAS_GCD_EdgeGlow2" DT_CENTER="1" DT_VCENTER="1" Line="0"/>
                    <Pixie LAnchorPoint="0" LAnchorOffset="7" TAnchorPoint="0" TAnchorOffset="64" RAnchorPoint="0" RAnchorOffset="50" BAnchorPoint="0" BAnchorOffset="70" BGColor="3fffffff" Font="CRB_InterfaceSmall_O" TextColor="ff00a8a8" Text="" TextId="" Sprite="CRB_ActionBarIconSprites:sprAS_GCD_EdgeGlow2" DT_CENTER="1" DT_VCENTER="1" Line="0"/>
                    <Pixie LAnchorPoint="0" LAnchorOffset="7" TAnchorPoint="0" TAnchorOffset="39" RAnchorPoint="0" RAnchorOffset="50" BAnchorPoint="0" BAnchorOffset="45" BGColor="3fffffff" Font="CRB_InterfaceSmall_O" TextColor="ff00a8a8" Text="" TextId="" Sprite="CRB_ActionBarIconSprites:sprAS_GCD_EdgeGlow2" DT_CENTER="1" DT_VCENTER="1" Line="0"/>
                </Control>
                <Control Class="Window" LAnchorPoint="0" LAnchorOffset="22" TAnchorPoint="0" TAnchorOffset="-3" RAnchorPoint="0" RAnchorOffset="39" BAnchorPoint="1" BAnchorOffset="-3" RelativeToClient="1" Font="Default" Text="" Template="Default" Name="TickContainerL" BGColor="ffffffff" TextColor="ffffffff" IgnoreMouse="1" NoClip="1" HideInEditor="0" TooltipColor="">
                    <Pixie LAnchorPoint="0" LAnchorOffset="-34" TAnchorPoint="0" TAnchorOffset="90" RAnchorPoint="0" RAnchorOffset="9" BAnchorPoint="0" BAnchorOffset="96" BGColor="3fffffff" Font="CRB_InterfaceSmall_O" TextColor="ff00a8a8" Text="" TextId="" Sprite="CRB_ActionBarIconSprites:sprAS_GCD_EdgeGlow2" DT_CENTER="1" DT_VCENTER="1" Line="0"/>
                    <Pixie LAnchorPoint="0" LAnchorOffset="-34" TAnchorPoint="0" TAnchorOffset="64" RAnchorPoint="0" RAnchorOffset="9" BAnchorPoint="0" BAnchorOffset="70" BGColor="3fffffff" Font="CRB_InterfaceSmall_O" TextColor="ff00a8a8" Text="" TextId="" Sprite="CRB_ActionBarIconSprites:sprAS_GCD_EdgeGlow2" DT_CENTER="1" DT_VCENTER="1" Line="0"/>
                    <Pixie LAnchorPoint="0" LAnchorOffset="-34" TAnchorPoint="0" TAnchorOffset="39" RAnchorPoint="0" RAnchorOffset="9" BAnchorPoint="0" BAnchorOffset="45" BGColor="3fffffff" Font="CRB_InterfaceSmall_O" TextColor="ff00a8a8" Text="" TextId="" Sprite="CRB_ActionBarIconSprites:sprAS_GCD_EdgeGlow2" DT_CENTER="1" DT_VCENTER="1" Line="0"/>
                </Control>
                <Pixie LAnchorPoint="0" LAnchorOffset="0" TAnchorPoint="0" TAnchorOffset="22" RAnchorPoint="1" RAnchorOffset="0" BAnchorPoint="1" BAnchorOffset="0" BGColor="8fffffff" Font="Default" TextColor="ffffffff" Text="" Sprite="CRB_ActionBarIconSprites:sprActionBar_OrangeBorder" Line="0"/>
            </Control>
            <Control Class="Window" LAnchorPoint="0" LAnchorOffset="28" TAnchorPoint="0" TAnchorOffset="32" RAnchorPoint="0" RAnchorOffset="48" BAnchorPoint="1" BAnchorOffset="-12" RelativeToClient="1" Font="Default" Text="" Template="Default" Name="ScavProximityMeterLong" BGColor="ff0080c0" TextColor="ffffffff" Sprite="Whitefill" Picture="0" NewControlDepth="1" HideInEditor="0" IgnoreMouse="1" NoClip="1" TooltipColor="">
                <Control Class="Window" LAnchorPoint="0" LAnchorOffset="-15" TAnchorPoint="1" TAnchorOffset="-3" RAnchorPoint="1" RAnchorOffset="15" BAnchorPoint="1" BAnchorOffset="5" RelativeToClient="1" Font="CRB_InterfaceSmall_O" Text="" Template="Default" Name="BGBase" BGColor="9fffffff" TextColor="ff00a8a8" TextId="" DT_VCENTER="1" DT_CENTER="1" IgnoreMouse="1" NoClip="1" Visible="1" Picture="1" Sprite="CRB_ActionBarIconSprites:sprAS_GCD_EdgeGlow2" TooltipColor=""/>
                <Control Class="ProgressBar" Text="" LAnchorPoint="0" LAnchorOffset="4" TAnchorPoint="0" TAnchorOffset="26" RAnchorPoint="1" RAnchorOffset="-4" BAnchorPoint="1" BAnchorOffset="-4" AutoSetText="0" UseValues="0" RelativeToClient="1" SetTextToProgress="0" DT_CENTER="1" DT_VCENTER="1" ProgressEmpty="" ProgressFull="ClientSprites:SpellChargeFull" Name="ProximityMeterFill" BGColor="ffffffff" TextColor="ffffffff" VerticallyAligned="1" BRtoLT="1" Sprite=""/>
                <Control Class="Window" LAnchorPoint="0" LAnchorOffset="-19" TAnchorPoint="0" TAnchorOffset="0" RAnchorPoint="0" RAnchorOffset="-2" BAnchorPoint="1" BAnchorOffset="0" RelativeToClient="1" Font="Default" Text="" Template="Default" Name="TickContainerR" BGColor="ffffffff" TextColor="ffffffff" IgnoreMouse="1" NoClip="1" HideInEditor="0" TooltipColor="">
                    <Pixie LAnchorPoint="0" LAnchorOffset="7" TAnchorPoint="0" TAnchorOffset="118" RAnchorPoint="0" RAnchorOffset="50" BAnchorPoint="0" BAnchorOffset="124" BGColor="3fffffff" Font="CRB_InterfaceSmall_O" TextColor="ff00a8a8" Text="" TextId="" Sprite="CRB_ActionBarIconSprites:sprAS_GCD_EdgeGlow2" DT_CENTER="1" DT_VCENTER="1" Line="0"/>
                    <Pixie LAnchorPoint="0" LAnchorOffset="7" TAnchorPoint="0" TAnchorOffset="89" RAnchorPoint="0" RAnchorOffset="50" BAnchorPoint="0" BAnchorOffset="95" BGColor="3fffffff" Font="CRB_InterfaceSmall_O" TextColor="ff00a8a8" Text="" TextId="" Sprite="CRB_ActionBarIconSprites:sprAS_GCD_EdgeGlow2" DT_CENTER="1" DT_VCENTER="1" Line="0"/>
                    <Pixie LAnchorPoint="0" LAnchorOffset="7" TAnchorPoint="0" TAnchorOffset="64" RAnchorPoint="0" RAnchorOffset="50" BAnchorPoint="0" BAnchorOffset="70" BGColor="3fffffff" Font="CRB_InterfaceSmall_O" TextColor="ff00a8a8" Text="" TextId="" Sprite="CRB_ActionBarIconSprites:sprAS_GCD_EdgeGlow2" DT_CENTER="1" DT_VCENTER="1" Line="0"/>
                    <Pixie LAnchorPoint="0" LAnchorOffset="7" TAnchorPoint="0" TAnchorOffset="37" RAnchorPoint="0" RAnchorOffset="50" BAnchorPoint="0" BAnchorOffset="43" BGColor="3fffffff" Font="CRB_InterfaceSmall_O" TextColor="ff00a8a8" Text="" TextId="" Sprite="CRB_ActionBarIconSprites:sprAS_GCD_EdgeGlow2" DT_CENTER="1" DT_VCENTER="1" Line="0"/>
                </Control>
                <Control Class="Window" LAnchorPoint="0" LAnchorOffset="22" TAnchorPoint="0" TAnchorOffset="0" RAnchorPoint="0" RAnchorOffset="39" BAnchorPoint="1" BAnchorOffset="0" RelativeToClient="1" Font="Default" Text="" Template="Default" Name="TickContainerL" BGColor="ffffffff" TextColor="ffffffff" IgnoreMouse="1" NoClip="1" HideInEditor="0" TooltipColor="">
                    <Pixie LAnchorPoint="0" LAnchorOffset="-34" TAnchorPoint="0" TAnchorOffset="118" RAnchorPoint="0" RAnchorOffset="9" BAnchorPoint="0" BAnchorOffset="124" BGColor="3fffffff" Font="CRB_InterfaceSmall_O" TextColor="ff00a8a8" Text="" TextId="" Sprite="CRB_ActionBarIconSprites:sprAS_GCD_EdgeGlow2" DT_CENTER="1" DT_VCENTER="1" Line="0"/>
                    <Pixie LAnchorPoint="0" LAnchorOffset="-34" TAnchorPoint="0" TAnchorOffset="89" RAnchorPoint="0" RAnchorOffset="9" BAnchorPoint="0" BAnchorOffset="95" BGColor="3fffffff" Font="CRB_InterfaceSmall_O" TextColor="ff00a8a8" Text="" TextId="" Sprite="CRB_ActionBarIconSprites:sprAS_GCD_EdgeGlow2" DT_CENTER="1" DT_VCENTER="1" Line="0"/>
                    <Pixie LAnchorPoint="0" LAnchorOffset="-34" TAnchorPoint="0" TAnchorOffset="64" RAnchorPoint="0" RAnchorOffset="9" BAnchorPoint="0" BAnchorOffset="70" BGColor="3fffffff" Font="CRB_InterfaceSmall_O" TextColor="ff00a8a8" Text="" TextId="" Sprite="CRB_ActionBarIconSprites:sprAS_GCD_EdgeGlow2" DT_CENTER="1" DT_VCENTER="1" Line="0"/>
                    <Pixie LAnchorPoint="0" LAnchorOffset="-34" TAnchorPoint="0" TAnchorOffset="37" RAnchorPoint="0" RAnchorOffset="9" BAnchorPoint="0" BAnchorOffset="43" BGColor="3fffffff" Font="CRB_InterfaceSmall_O" TextColor="ff00a8a8" Text="" TextId="" Sprite="CRB_ActionBarIconSprites:sprAS_GCD_EdgeGlow2" DT_CENTER="1" DT_VCENTER="1" Line="0"/>
                </Control>
                <Control Class="Window" LAnchorPoint="0" LAnchorOffset="-6" TAnchorPoint="0" TAnchorOffset="-5" RAnchorPoint="0" RAnchorOffset="28" BAnchorPoint="0" BAnchorOffset="28" RelativeToClient="1" Font="Default" Text="" Template="Default" Name="CheckBase" BGColor="ffffffff" TextColor="ffffffff" Picture="1" IgnoreMouse="1" Sprite="CRB_MinimapSprites:sprMM_TargetObjective" HideInEditor="0" TooltipColor=""/>
                <Control Class="Window" LAnchorPoint="0" LAnchorOffset="1" TAnchorPoint="0" TAnchorOffset="1" RAnchorPoint="1" RAnchorOffset="-1" BAnchorPoint="0" BAnchorOffset="19" RelativeToClient="1" Font="Default" Text="" Template="Default" Name="CheckOverlay" BGColor="ffffffff" TextColor="ffffffff" Picture="1" IgnoreMouse="1" Sprite="CRB_ChallengeTrackerSprites:sprChallengeTierCompleteStretch" HideInEditor="0" NoClip="1" TooltipColor=""/>
                <Pixie LAnchorPoint="0" LAnchorOffset="0" TAnchorPoint="0" TAnchorOffset="22" RAnchorPoint="1" RAnchorOffset="0" BAnchorPoint="1" BAnchorOffset="0" BGColor="8fffffff" Font="Default" TextColor="ffffffff" Text="" Sprite="CRB_ActionBarIconSprites:sprActionBar_OrangeBorder" Line="0"/>
            </Control>
            <Pixie LAnchorPoint="0" LAnchorOffset="-2" TAnchorPoint="0" TAnchorOffset="0" RAnchorPoint="1" RAnchorOffset="2" BAnchorPoint="0" BAnchorOffset="30" BGColor="ffffffff" Font="CRB_InterfaceMedium_B" TextColor="ff7fffb9" Text="" TextId="ExplorerMissions_ScavengerHunt" Sprite="CRB_Basekit:kitHeader_HoloHexes_Title" DT_CENTER="1" DT_VCENTER="1" Line="0"/>
        </Control>
        <Control Class="Window" Name="VistaContainer" LAnchorPoint="0" LAnchorOffset="0" TAnchorPoint="0" TAnchorOffset="0" RAnchorPoint="1" RAnchorOffset="0" BAnchorPoint="1" BAnchorOffset="0" Border="0" Template="Default" Picture="0" Visible="0" BGColor="ffffffff" TextColor="ffffffff" Overlapped="0" UseTemplateBG="0" Moveable="0" Escapable="0" HideInEditor="1" NewWindowDepth="1" IgnoreMouse="1" NewControlDepth="5" TooltipColor="">
            <Control Class="Window" LAnchorPoint="0" LAnchorOffset="-2" TAnchorPoint="0" TAnchorOffset="0" RAnchorPoint="1" RAnchorOffset="2" BAnchorPoint="0" BAnchorOffset="30" RelativeToClient="1" Font="CRB_InterfaceMedium_B" Text="" Template="Default" Name="VistaTitle" BGColor="ffffffff" TextColor="ff7fffb9" TextId="ExplorerMissions_VistaLocator" DT_VCENTER="1" DT_CENTER="1" IgnoreMouse="1" NoClip="1" Visible="1" Sprite="CRB_Basekit:kitHeader_HoloHexes_Title" Picture="1" TooltipColor="" Tooltip=""/>
            <Control Class="Button" Base="CRB_Basekit:kitBtn_Close" Font="CRB_InterfaceMedium" ButtonType="PushButton" RadioGroup="" LAnchorPoint="1" LAnchorOffset="-26" TAnchorPoint="0" TAnchorOffset="1" RAnchorPoint="1" RAnchorOffset="1" BAnchorPoint="0" BAnchorOffset="30" DT_VCENTER="1" DT_CENTER="1" Name="VistaCloseBtn" BGColor="ffffffff" TextColor="ffffffff" NormalTextColor="ffffffff" PressedTextColor="ffffffff" FlybyTextColor="ffffffff" PressedFlybyTextColor="ffffffff" DisabledTextColor="ffffffff" Text="" TextId="" LeftEdgeControlsAnchor="" TopEdgeControlsAnchor="" RightEdgeControlsAnchor="" BottomEdgeControlsAnchor="" Tooltip="" TooltipId="">
                <Event Name="ButtonSignal" Function="OnVistaCloseClick"/>
            </Control>
            <Control Class="Button" Base="CRB_Basekit:kitBtn_Holo" Font="CRB_InterfaceMedium" ButtonType="PushButton" RadioGroup="" LAnchorPoint="0.5" LAnchorOffset="-95" TAnchorPoint="0" TAnchorOffset="151" RAnchorPoint=".5" RAnchorOffset="-20" BAnchorPoint="0" BAnchorOffset="181" DT_VCENTER="1" DT_CENTER="1" Name="VistaLocateButton" BGColor="ffffffff" TextColor="ffffffff" WindowSoundTemplate="Custom" NewControlDepth="2" TextId="" NewWindowDepth="1" Tooltip="" TooltipId="" TooltipType="OnCursor" NormalTextColor="ffffffff" PressedTextColor="ffffffff" FlybyTextColor="ffffffff" PressedFlybyTextColor="ffffffff" DisabledTextColor="66ffffff" RelativeToClient="1" Text="">
                <Event Name="ButtonSignal" Function="OnVistaLocateClick"/>
                <Control Class="Window" LAnchorPoint="0" LAnchorOffset="17" TAnchorPoint="0" TAnchorOffset="0" RAnchorPoint="0" RAnchorOffset="44" BAnchorPoint="1" BAnchorOffset="-4" RelativeToClient="1" Font="CRB_InterfaceLarge_BO" Text="" Template="Default" Name="LocateLbl1a" BGColor="ffffffff" TextColor="ffffffff" TextId="CRB__7" DT_VCENTER="1" DT_CENTER="0" DT_RIGHT="0" DT_BOTTOM="0"/>
                <Control Class="Window" LAnchorPoint="0" LAnchorOffset="25" TAnchorPoint="0" TAnchorOffset="0" RAnchorPoint="0" RAnchorOffset="52" BAnchorPoint="1" BAnchorOffset="-4" RelativeToClient="1" Font="CRB_HeaderLarge_O" Text="" Template="Default" Name="LocateLbl2" BGColor="ffffffff" TextColor="ffffffff" TextId="CRB__7" DT_VCENTER="1" DT_CENTER="0" DT_RIGHT="0" DT_BOTTOM="0"/>
                <Control Class="Window" LAnchorPoint="1" LAnchorOffset="-33" TAnchorPoint="0" TAnchorOffset="7" RAnchorPoint="1" RAnchorOffset="-16" BAnchorPoint="1" BAnchorOffset="-3" RelativeToClient="1" Font="CRB_InterfaceLarge_BO" Text="" Template="Default" Name="LocateLbl3" BGColor="ffffffff" TextColor="ffffffff" TextId="" Picture="1" IgnoreMouse="1" Sprite="CRB_PlayerPathSprites:sprPP_ExpTargetIcon" NewControlDepth="1"/>
                <Control Class="Window" LAnchorPoint="0" LAnchorOffset="0" TAnchorPoint="0" TAnchorOffset="0" RAnchorPoint="1" RAnchorOffset="0" BAnchorPoint="1" BAnchorOffset="0" RelativeToClient="1" Font="Default" Text="" Template="Default" Name="VistaLocateButtonShade" BGColor="9dffffff" TextColor="ffffffff" Picture="1" IgnoreMouse="1" Sprite="ClientSprites:BlackFill" Visible="0" NewControlDepth="2"/>
            </Control>
            <Control Class="Button" Base="CRB_Basekit:kitBtn_Holo" Font="CRB_InterfaceMedium" ButtonType="PushButton" RadioGroup="" LAnchorPoint=".5" LAnchorOffset="-16" TAnchorPoint="0" TAnchorOffset="151" RAnchorPoint="0.5" RAnchorOffset="92" BAnchorPoint="0" BAnchorOffset="181" DT_VCENTER="1" DT_CENTER="1" Name="VistaPlaceButton" BGColor="ffffffff" TextColor="ffffffff" WindowSoundTemplate="PushbuttonDigi01" NewControlDepth="2" TextId="CRB_Place" Tooltip="" TooltipId="" TooltipType="OnCursor" NormalTextColor="ffffffff" PressedTextColor="ffffffff" FlybyTextColor="ffffffff" PressedFlybyTextColor="ffffffff" DisabledTextColor="66ffffff" RelativeToClient="1">
                <Event Name="ButtonSignal" Function="OnVistaPlaceBtn"/>
            </Control>
            <Control Class="Window" LAnchorPoint="0.5" LAnchorOffset="-133" TAnchorPoint="0" TAnchorOffset="37" RAnchorPoint="0.5" RAnchorOffset="140" BAnchorPoint="0" BAnchorOffset="127" RelativeToClient="1" Font="Default" Text="" Template="Default" Name="VistaUplinkBG" BGColor="ffffffff" TextColor="ffffffff" NewControlDepth="2">
                <Control Class="Window" LAnchorPoint="0" LAnchorOffset="70" TAnchorPoint="0" TAnchorOffset="66" RAnchorPoint="0" RAnchorOffset="90" BAnchorPoint="1" BAnchorOffset="0" RelativeToClient="1" Font="Default" Text="" Template="Default" Name="Bucket_1" BGColor="2f006291" TextColor="ffffffff" Sprite="Whitefill" Picture="0" NewControlDepth="1" HideInEditor="0" IgnoreMouse="1" TooltipColor="">
                    <Pixie LAnchorPoint="0" LAnchorOffset="0" TAnchorPoint="0" TAnchorOffset="0" RAnchorPoint="1" RAnchorOffset="0" BAnchorPoint="1" BAnchorOffset="0" BGColor="2fffffff" Font="Default" TextColor="ffffffff" Text="" Sprite="CRB_ActionBarIconSprites:sprActionBar_GreenBorder" Line="0"/>
                </Control>
                <Control Class="Window" LAnchorPoint="0" LAnchorOffset="100" TAnchorPoint="0" TAnchorOffset="45" RAnchorPoint="0" RAnchorOffset="120" BAnchorPoint="1" BAnchorOffset="0" RelativeToClient="1" Font="Default" Text="" Template="Default" Name="Bucket_2" BGColor="2fffffff" TextColor="ffffffff" Sprite="Whitefill" Picture="0" NewControlDepth="1" HideInEditor="0" IgnoreMouse="1" TooltipColor="">
                    <Pixie LAnchorPoint="0" LAnchorOffset="0" TAnchorPoint="0" TAnchorOffset="0" RAnchorPoint="1" RAnchorOffset="0" BAnchorPoint="1" BAnchorOffset="0" BGColor="2fffffff" Font="Default" TextColor="ffffffff" Text="" Sprite="CRB_ActionBarIconSprites:sprActionBar_GreenBorder" Line="0"/>
                </Control>
                <Control Class="Window" LAnchorPoint="0" LAnchorOffset="131" TAnchorPoint="0" TAnchorOffset="19" RAnchorPoint="0" RAnchorOffset="151" BAnchorPoint="1" BAnchorOffset="0" RelativeToClient="1" Font="Default" Text="" Template="Default" Name="Bucket_3" BGColor="2fffffff" TextColor="ffffffff" Sprite="Whitefill" Picture="0" NewControlDepth="1" HideInEditor="0" IgnoreMouse="1" TooltipColor="">
                    <Pixie LAnchorPoint="0" LAnchorOffset="0" TAnchorPoint="0" TAnchorOffset="0" RAnchorPoint="1" RAnchorOffset="0" BAnchorPoint="1" BAnchorOffset="0" BGColor="2fffffff" Font="Default" TextColor="ffffffff" Text="" Sprite="CRB_ActionBarIconSprites:sprActionBar_GreenBorder" Line="0"/>
                </Control>
                <Control Class="Window" LAnchorPoint="0" LAnchorOffset="163" TAnchorPoint="0" TAnchorOffset="1" RAnchorPoint="0" RAnchorOffset="183" BAnchorPoint="1" BAnchorOffset="0" RelativeToClient="1" Font="Default" Text="" Template="Default" Name="Bucket_4" BGColor="2fffffff" TextColor="ffffffff" Sprite="Whitefill" Picture="0" NewControlDepth="1" HideInEditor="0" IgnoreMouse="1" TooltipColor="">
                    <Pixie LAnchorPoint="0" LAnchorOffset="0" TAnchorPoint="0" TAnchorOffset="0" RAnchorPoint="1" RAnchorOffset="0" BAnchorPoint="1" BAnchorOffset="0" BGColor="2fffffff" Font="Default" TextColor="ffffffff" Text="" Sprite="CRB_ActionBarIconSprites:sprActionBar_GreenBorder" Line="0"/>
                </Control>
                <Control Class="Window" LAnchorPoint="0" LAnchorOffset="4" TAnchorPoint="0" TAnchorOffset="9" RAnchorPoint="0" RAnchorOffset="75" BAnchorPoint="0" BAnchorOffset="95" RelativeToClient="1" Font="CRB_InterfaceLarge" Text="" Template="Default" Name="BucketBox" BGColor="ffffffff" TextColor="ffffffff" Picture="0" Sprite="CRB_DatachronSprites:sprDCPP_ExActiveUplink" HideInEditor="0" Visible="0" IgnoreMouse="1"/>
            </Control>
            <Control Class="Window" LAnchorPoint="0.5" LAnchorOffset="-133" TAnchorPoint="0" TAnchorOffset="37" RAnchorPoint="0.5" RAnchorOffset="140" BAnchorPoint="0" BAnchorOffset="127" RelativeToClient="1" Font="Default" Text="" Template="Default" Name="VistaUplinkNode" BGColor="ffffffff" TextColor="ffffffff" NewControlDepth="2" HideInEditor="0" TooltipColor="">
                <Control Class="Window" LAnchorPoint="0" LAnchorOffset="70" TAnchorPoint="0" TAnchorOffset="66" RAnchorPoint="0" RAnchorOffset="90" BAnchorPoint="1" BAnchorOffset="0" RelativeToClient="1" Font="Default" Text="" Template="Default" Name="Bucket_1" BGColor="ff0080c0" TextColor="ffffffff" Sprite="Whitefill" Picture="1" NewControlDepth="1" HideInEditor="0" TooltipColor="">
                    <Pixie LAnchorPoint="0" LAnchorOffset="0" TAnchorPoint="0" TAnchorOffset="0" RAnchorPoint="1" RAnchorOffset="0" BAnchorPoint="1" BAnchorOffset="0" BGColor="ffffffff" Font="Default" TextColor="ffffffff" Text="" Sprite="CRB_ActionBarIconSprites:sprActionBar_GreenBorder" Line="0"/>
                </Control>
                <Control Class="Window" LAnchorPoint="0" LAnchorOffset="100" TAnchorPoint="0" TAnchorOffset="45" RAnchorPoint="0" RAnchorOffset="120" BAnchorPoint="1" BAnchorOffset="0" RelativeToClient="1" Font="Default" Text="" Template="Default" Name="Bucket_2" BGColor="ff0080c0" TextColor="ffffffff" Sprite="Whitefill" Picture="1" NewControlDepth="1" HideInEditor="0" TooltipColor="">
                    <Pixie LAnchorPoint="0" LAnchorOffset="0" TAnchorPoint="0" TAnchorOffset="0" RAnchorPoint="1" RAnchorOffset="0" BAnchorPoint="1" BAnchorOffset="0" BGColor="ffffffff" Font="Default" TextColor="ffffffff" Text="" Sprite="CRB_ActionBarIconSprites:sprActionBar_GreenBorder" Line="0"/>
                </Control>
                <Control Class="Window" LAnchorPoint="0" LAnchorOffset="131" TAnchorPoint="0" TAnchorOffset="19" RAnchorPoint="0" RAnchorOffset="151" BAnchorPoint="1" BAnchorOffset="0" RelativeToClient="1" Font="Default" Text="" Template="Default" Name="Bucket_3" BGColor="ff0080c0" TextColor="ffffffff" Sprite="Whitefill" Picture="1" NewControlDepth="1" HideInEditor="0" TooltipColor="">
                    <Pixie LAnchorPoint="0" LAnchorOffset="0" TAnchorPoint="0" TAnchorOffset="0" RAnchorPoint="1" RAnchorOffset="0" BAnchorPoint="1" BAnchorOffset="0" BGColor="ffffffff" Font="Default" TextColor="ffffffff" Text="" Sprite="CRB_ActionBarIconSprites:sprActionBar_GreenBorder" Line="0"/>
                </Control>
                <Control Class="Window" LAnchorPoint="0" LAnchorOffset="163" TAnchorPoint="0" TAnchorOffset="1" RAnchorPoint="0" RAnchorOffset="183" BAnchorPoint="1" BAnchorOffset="0" RelativeToClient="1" Font="Default" Text="" Template="Default" Name="Bucket_4" BGColor="ff0080c0" TextColor="ffffffff" Sprite="Whitefill" Picture="1" NewControlDepth="1" HideInEditor="0" TooltipColor="">
                    <Pixie LAnchorPoint="0" LAnchorOffset="0" TAnchorPoint="0" TAnchorOffset="0" RAnchorPoint="1" RAnchorOffset="0" BAnchorPoint="1" BAnchorOffset="0" BGColor="ffffffff" Font="Default" TextColor="ffffffff" Text="" Sprite="CRB_ActionBarIconSprites:sprActionBar_GreenBorder" Line="0"/>
                </Control>
                <Control Class="Window" LAnchorPoint="0" LAnchorOffset="4" TAnchorPoint="0" TAnchorOffset="9" RAnchorPoint="0" RAnchorOffset="75" BAnchorPoint="0" BAnchorOffset="95" RelativeToClient="1" Font="CRB_InterfaceLarge" Text="" Template="Default" Name="BucketBox" BGColor="ffffffff" TextColor="ffffffff" Picture="0" Sprite="CRB_DatachronSprites:sprDCPP_ExActiveUplink" HideInEditor="0" Visible="0" IgnoreMouse="1"/>
            </Control>
            <Pixie LAnchorPoint="0" LAnchorOffset="0" TAnchorPoint="0" TAnchorOffset="127" RAnchorPoint="1" RAnchorOffset="0" BAnchorPoint="0" BAnchorOffset="145" BGColor="ffffffff" Font="CRB_InterfaceSmall_O" TextColor="ff00a8a8" Text="" TextId="CRB_Signal_Strength" DT_CENTER="1" DT_VCENTER="1" Line="0"/>
            <Pixie LAnchorPoint="0" LAnchorOffset="40" TAnchorPoint="0" TAnchorOffset="123" RAnchorPoint="1" RAnchorOffset="-40" BAnchorPoint="0" BAnchorOffset="131" BGColor="9fffffff" Font="CRB_InterfaceSmall_O" TextColor="ff00a8a8" Text="" TextId="" Sprite="CRB_ActionBarIconSprites:sprAS_GCD_EdgeGlow2" DT_CENTER="1" DT_VCENTER="1" Line="0"/>
        </Control>
        <Control Class="Window" Name="ClaimContainer" LAnchorPoint="0" LAnchorOffset="0" TAnchorPoint="0" TAnchorOffset="0" RAnchorPoint="1" RAnchorOffset="0" BAnchorPoint="1" BAnchorOffset="0" Border="0" Template="Default" Picture="0" Visible="0" BGColor="ffffffff" TextColor="ffffffff" Overlapped="0" UseTemplateBG="0" Moveable="0" Escapable="0" HideInEditor="1" NewWindowDepth="1" IgnoreMouse="1" NewControlDepth="5" TooltipColor="">
            <Control Class="Window" LAnchorPoint="0" LAnchorOffset="-2" TAnchorPoint="0" TAnchorOffset="0" RAnchorPoint="1" RAnchorOffset="2" BAnchorPoint="0" BAnchorOffset="30" RelativeToClient="1" Font="CRB_InterfaceMedium_B" Text="" Template="Default" Name="ClaimTitle" BGColor="ffffffff" TextColor="ff7fffb9" TextId="ExplorerMissions_ClaimTerritory" DT_VCENTER="1" DT_CENTER="1" IgnoreMouse="1" NoClip="1" Visible="1" Sprite="CRB_Basekit:kitHeader_HoloHexes_Title" Picture="1" TooltipColor=""/>
            <Control Class="Button" Base="CRB_Basekit:kitBtn_Close" Font="CRB_InterfaceMedium" ButtonType="PushButton" RadioGroup="" LAnchorPoint="1" LAnchorOffset="-26" TAnchorPoint="0" TAnchorOffset="1" RAnchorPoint="1" RAnchorOffset="1" BAnchorPoint="0" BAnchorOffset="30" DT_VCENTER="1" DT_CENTER="1" Name="ClaimCloseBtn" BGColor="ffffffff" TextColor="ffffffff" NormalTextColor="ffffffff" PressedTextColor="ffffffff" FlybyTextColor="ffffffff" PressedFlybyTextColor="ffffffff" DisabledTextColor="ffffffff" Text="" TextId="" LeftEdgeControlsAnchor="" TopEdgeControlsAnchor="" RightEdgeControlsAnchor="" BottomEdgeControlsAnchor="" Tooltip="" TooltipId="">
                <Event Name="ButtonSignal" Function="OnClaimCloseClick"/>
            </Control>
            <Control Class="Window" LAnchorPoint="0.5" LAnchorOffset="-125" TAnchorPoint="0" TAnchorOffset="55" RAnchorPoint="0.5" RAnchorOffset="125" BAnchorPoint="0" BAnchorOffset="97" RelativeToClient="1" Font="Default" Text="" Template="Default" Name="ClaimBarBG" BGColor="ffffffff" TextColor="ffffffff" Picture="1" IgnoreMouse="1" Sprite="kitIProgBar_Hybrid_Base" TooltipColor="">
                <Control Class="ProgressBar" Text="" LAnchorPoint="0" LAnchorOffset="31" TAnchorPoint="0" TAnchorOffset="10" RAnchorPoint="0" RAnchorOffset="219" BAnchorPoint="0" BAnchorOffset="34" RelativeToClient="1" Name="ClaimBar" BGColor="ffffffff" TextColor="ffffffff" Sprite="" Picture="0" ProgressFull="CRB_Basekit:kitIProgBar_Hybrid_Fill"/>
            </Control>
            <Control Class="Window" LAnchorPoint="0" LAnchorOffset="0" TAnchorPoint="0" TAnchorOffset="151" RAnchorPoint="1" RAnchorOffset="0" BAnchorPoint="0" BAnchorOffset="181" RelativeToClient="1" Font="Default" Text="" Template="Default" Name="ClaimArrangeHorz" BGColor="ffffffff" TextColor="ffffffff" TooltipColor="">
                <Control Class="Button" Base="CRB_Basekit:kitBtn_Holo" Font="CRB_InterfaceMedium" ButtonType="PushButton" RadioGroup="" LAnchorPoint="0" LAnchorOffset="10" TAnchorPoint="0" TAnchorOffset="0" RAnchorPoint="0" RAnchorOffset="85" BAnchorPoint="0" BAnchorOffset="30" DT_VCENTER="1" DT_CENTER="1" Name="ClaimLocateButton" BGColor="ffffffff" TextColor="ffffffff" WindowSoundTemplate="Custom" NewControlDepth="2" TextId="" NewWindowDepth="1" Tooltip="" TooltipId="" TooltipType="OnCursor" NormalTextColor="ffffffff" PressedTextColor="ffffffff" FlybyTextColor="ffffffff" PressedFlybyTextColor="ffffffff" DisabledTextColor="66ffffff" RelativeToClient="1" Text="">
                    <Event Name="ButtonSignal" Function="OnClaimLocateBtn"/>
                    <Control Class="Window" LAnchorPoint="0" LAnchorOffset="17" TAnchorPoint="0" TAnchorOffset="0" RAnchorPoint="0" RAnchorOffset="44" BAnchorPoint="1" BAnchorOffset="-4" RelativeToClient="1" Font="CRB_InterfaceLarge_BO" Text="" Template="Default" Name="LocateLbl1a" BGColor="ffffffff" TextColor="ffffffff" TextId="CRB__7" DT_VCENTER="1" DT_CENTER="0" DT_RIGHT="0" DT_BOTTOM="0" TooltipColor=""/>
                    <Control Class="Window" LAnchorPoint="0" LAnchorOffset="25" TAnchorPoint="0" TAnchorOffset="0" RAnchorPoint="0" RAnchorOffset="52" BAnchorPoint="1" BAnchorOffset="-4" RelativeToClient="1" Font="CRB_HeaderLarge_O" Text="" Template="Default" Name="LocateLbl2" BGColor="ffffffff" TextColor="ffffffff" TextId="CRB__7" DT_VCENTER="1" DT_CENTER="0" DT_RIGHT="0" DT_BOTTOM="0"/>
                    <Control Class="Window" LAnchorPoint="1" LAnchorOffset="-33" TAnchorPoint="0" TAnchorOffset="7" RAnchorPoint="1" RAnchorOffset="-16" BAnchorPoint="1" BAnchorOffset="-3" RelativeToClient="1" Font="CRB_InterfaceLarge_BO" Text="" Template="Default" Name="LocateLbl3" BGColor="ffffffff" TextColor="ffffffff" TextId="" Picture="1" IgnoreMouse="1" Sprite="CRB_PlayerPathSprites:sprPP_ExpTargetIcon" NewControlDepth="1"/>
                    <Control Class="Window" LAnchorPoint="0" LAnchorOffset="0" TAnchorPoint="0" TAnchorOffset="0" RAnchorPoint="1" RAnchorOffset="0" BAnchorPoint="1" BAnchorOffset="0" RelativeToClient="1" Font="Default" Text="" Template="Default" Name="ClaimLocateButtonShade" BGColor="9dffffff" TextColor="ffffffff" Picture="1" IgnoreMouse="1" Sprite="ClientSprites:BlackFill" Visible="0" NewControlDepth="2" TooltipColor=""/>
                </Control>
                <Control Class="Button" Base="CRB_Basekit:kitBtn_Holo" Font="CRB_InterfaceMedium" ButtonType="PushButton" RadioGroup="" LAnchorPoint="0" LAnchorOffset="89" TAnchorPoint="0" TAnchorOffset="0" RAnchorPoint="0" RAnchorOffset="197" BAnchorPoint="0" BAnchorOffset="30" DT_VCENTER="1" DT_CENTER="1" Name="ClaimPlaceButton" BGColor="ffffffff" TextColor="ffffffff" WindowSoundTemplate="PushbuttonDigi01" NewControlDepth="2" TextId="CRB_Place" Tooltip="" TooltipId="" TooltipType="OnCursor" NormalTextColor="ffffffff" PressedTextColor="ffffffff" FlybyTextColor="ffffffff" PressedFlybyTextColor="ffffffff" DisabledTextColor="66ffffff" RelativeToClient="1" Text="">
                    <Event Name="ButtonSignal" Function="OnClaimPlaceBtn"/>
                </Control>
                <Control Class="Button" Base="CRB_Basekit:kitBtn_Holo" Font="CRB_InterfaceMedium" ButtonType="PushButton" RadioGroup="" LAnchorPoint="0" LAnchorOffset="201" TAnchorPoint="0" TAnchorOffset="0" RAnchorPoint="0" RAnchorOffset="276" BAnchorPoint="0" BAnchorOffset="30" DT_VCENTER="1" DT_CENTER="1" Name="ClaimHintButton" BGColor="ffffffff" TextColor="ffffffff" WindowSoundTemplate="PushbuttonDigi01" NewControlDepth="2" TextId="CRB_Hint" Tooltip="" TooltipId="" TooltipType="OnCursor" NormalTextColor="ffffffff" PressedTextColor="ffffffff" FlybyTextColor="ffffffff" PressedFlybyTextColor="ffffffff" DisabledTextColor="66ffffff" RelativeToClient="1" Text="">
                    <Event Name="ButtonSignal" Function="OnClaimHintBtn"/>
                </Control>
            </Control>
            <Pixie LAnchorPoint="0" LAnchorOffset="40" TAnchorPoint="0" TAnchorOffset="95" RAnchorPoint="1" RAnchorOffset="-40" BAnchorPoint="0" BAnchorOffset="103" BGColor="9fffffff" Font="CRB_InterfaceSmall_O" TextColor="ff00a8a8" Text="" TextId="" Sprite="CRB_ActionBarIconSprites:sprAS_GCD_EdgeGlow2" DT_CENTER="1" DT_VCENTER="1" Line="0"/>
            <Pixie LAnchorPoint="0" LAnchorOffset="0" TAnchorPoint="0" TAnchorOffset="100" RAnchorPoint="1" RAnchorOffset="0" BAnchorPoint="0" BAnchorOffset="118" BGColor="ffffffff" Font="CRB_InterfaceSmall_O" TextColor="ff00a8a8" Text="" TextId="CRB_Signal_Strength" DT_CENTER="1" DT_VCENTER="1" Line="0"/>
        </Control>
        <Control Class="Window" LAnchorPoint="0" LAnchorOffset="0" TAnchorPoint="0" TAnchorOffset="0" RAnchorPoint="1" RAnchorOffset="0" BAnchorPoint="1" BAnchorOffset="0" RelativeToClient="1" Font="Default" Text="" Template="Default" Name="PowerMapContainer" BGColor="ffffffff" TextColor="ffffffff" Visible="0" HideInEditor="0" Sprite="CRB_DatachronSprites:sprDC_LargeBG" NewControlDepth="5" Picture="1" IgnoreMouse="1" TooltipColor="">
            <Control Class="Window" LAnchorPoint="0" LAnchorOffset="0" TAnchorPoint="0" TAnchorOffset="0" RAnchorPoint="1" RAnchorOffset="0" BAnchorPoint="1" BAnchorOffset="0" RelativeToClient="1" Font="Default" Text="" Template="Default" Name="PowerMapActiveContainer" BGColor="ffffffff" TextColor="ffffffff" HideInEditor="1" Picture="1" IgnoreMouse="1" Sprite="" TooltipColor="">
                <Control Class="Window" LAnchorPoint="0" LAnchorOffset="0" TAnchorPoint="0" TAnchorOffset="0" RAnchorPoint="1" RAnchorOffset="0" BAnchorPoint="0" BAnchorOffset="62" RelativeToClient="1" Font="Default" Text="" Template="Default" Name="PowerMapProgressC" BGColor="ffffffff" TextColor="ffffffff" HideInEditor="0" TooltipColor="">
                    <Control Class="Window" LAnchorPoint="0.5" LAnchorOffset="-60" TAnchorPoint="0" TAnchorOffset="30" RAnchorPoint="0.5" RAnchorOffset="60" BAnchorPoint="0" BAnchorOffset="62" RelativeToClient="1" Font="CRB_HeaderGigantic" Text="3/4" Template="Default" Name="ProgressText" BGColor="ffffffff" TextColor="ff31fcf6" TextId="" DT_CENTER="1" TooltipColor="">
                        <Control Class="Window" LAnchorPoint="0" LAnchorOffset="0" TAnchorPoint="0" TAnchorOffset="-2" RAnchorPoint="1" RAnchorOffset="0" BAnchorPoint="1" BAnchorOffset="6" RelativeToClient="1" Font="Default" Text="" Template="Default" Name="PowerMapProgressFlash" BGColor="9dfff6666" TextColor="ffffffff" Picture="1" IgnoreMouse="1" Sprite="CRB_NameplateSprites:sprNp_VulnerableBarFlash" NoClip="1" Visible="0" HideInEditor="1" TooltipColor=""/>
                    </Control>
                    <Pixie LAnchorPoint="0" LAnchorOffset="0" TAnchorPoint="0" TAnchorOffset="12" RAnchorPoint="1" RAnchorOffset="0" BAnchorPoint="0" BAnchorOffset="32" BGColor="ffffffff" Font="CRB_InterfaceMedium_B" TextColor="ffffffff" Text="" TextId="ExplorerMissions_RisidualsCollected" DT_CENTER="1" Line="0"/>
                </Control>
                <Control Class="Window" LAnchorPoint="0" LAnchorOffset="0" TAnchorPoint="0" TAnchorOffset="62" RAnchorPoint="1" RAnchorOffset="0" BAnchorPoint="0" BAnchorOffset="123" RelativeToClient="1" Font="Default" Text="" Template="Default" Name="PowerMapSignalC" BGColor="ffffffff" TextColor="ffffffff" HideInEditor="0" TooltipColor="">
                    <Control Class="Window" LAnchorPoint="0.5" LAnchorOffset="14" TAnchorPoint="0" TAnchorOffset="17" RAnchorPoint="0.5" RAnchorOffset="64" BAnchorPoint="0" BAnchorOffset="37" RelativeToClient="1" Font="CRB_HeaderMedium" Text="24m" Template="Default" Name="PowerMapRangeText" BGColor="ffffffff" TextColor="ff31fcf6" TextId="" DT_RIGHT="0" TooltipColor=""/>
                    <Control Class="ProgressBar" Text="" LAnchorPoint="0.5" LAnchorOffset="-112" TAnchorPoint="0" TAnchorOffset="41" RAnchorPoint="0.5" RAnchorOffset="112" BAnchorPoint="0" BAnchorOffset="61" AutoSetText="0" UseValues="0" RelativeToClient="1" SetTextToProgress="0" DT_CENTER="1" DT_VCENTER="1" ProgressEmpty="CRB_NameplateSprites:sprNp_HealthBack" ProgressFull="CRB_NameplateSprites:sprNp_HealthBarNeutral" Name="DistanceProgressBar" BGColor="ff444444" TextColor="ffffffff" ProgressFill=""/>
                    <Pixie LAnchorPoint="0.5" LAnchorOffset="-42" TAnchorPoint="0" TAnchorOffset="19" RAnchorPoint="0.5" RAnchorOffset="50" BAnchorPoint="0" BAnchorOffset="39" BGColor="ffffffff" Font="CRB_InterfaceMedium_B" TextColor="ffffffff" Text="" TextId="ExplorerMissions_Distance" Line="0"/>
                </Control>
                <Control Class="Window" LAnchorPoint="0" LAnchorOffset="0" TAnchorPoint="0" TAnchorOffset="62" RAnchorPoint="1" RAnchorOffset="0" BAnchorPoint="0" BAnchorOffset="123" RelativeToClient="1" Font="Default" Text="" Template="Default" Name="PowerMapDespawnC" BGColor="ffffffff" TextColor="ffffffff" HideInEditor="1" Picture="0" IgnoreMouse="1" Sprite="" TooltipColor="">
                    <Control Class="MLWindow" LAnchorPoint="0" LAnchorOffset="0" TAnchorPoint="0" TAnchorOffset="27" RAnchorPoint="1" RAnchorOffset="0" BAnchorPoint="0" BAnchorOffset="59" RelativeToClient="1" Font="CRB_HeaderGigantic" Text="" Template="Default" Name="DespawnText" BGColor="ffffffff" TextColor="ffff0000" DT_CENTER="0" TextId="" Visible="1"/>
                    <Pixie LAnchorPoint="0" LAnchorOffset="0" TAnchorPoint="0" TAnchorOffset="10" RAnchorPoint="1" RAnchorOffset="0" BAnchorPoint="0" BAnchorOffset="30" BGColor="ffffffff" Font="CRB_InterfaceMedium_B" TextColor="ffffffff" Text="" TextId="ExplorerMissions_DissipatingLabel" DT_CENTER="1" Line="0"/>
                </Control>
            </Control>
            <Control Class="Button" Base="CRB_Basekit:kitBtn_Close" Font="CRB_InterfaceMedium" ButtonType="PushButton" RadioGroup="" LAnchorPoint="1" LAnchorOffset="-26" TAnchorPoint="0" TAnchorOffset="1" RAnchorPoint="1" RAnchorOffset="1" BAnchorPoint="0" BAnchorOffset="30" DT_VCENTER="1" DT_CENTER="1" Name="PowerMapCloseBtn" BGColor="ffffffff" TextColor="ffffffff" NormalTextColor="ffffffff" PressedTextColor="ffffffff" FlybyTextColor="ffffffff" PressedFlybyTextColor="ffffffff" DisabledTextColor="ffffffff" Text="" TextId="" LeftEdgeControlsAnchor="" TopEdgeControlsAnchor="" RightEdgeControlsAnchor="" BottomEdgeControlsAnchor="" Tooltip="" TooltipId="" TooltipColor="">
                <Event Name="ButtonSignal" Function="OnPowerMapCloseClick"/>
            </Control>
            <Control Class="Window" LAnchorPoint="0.5" LAnchorOffset="-90" TAnchorPoint="0.5" TAnchorOffset="-45" RAnchorPoint="0.5" RAnchorOffset="90" BAnchorPoint="0.5" BAnchorOffset="20" RelativeToClient="1" Font="CRB_InterfaceMedium" Text="" Template="Default" Name="PowerMapReadyMsg" BGColor="ffffffff" TextColor="ff7fffb9" TextId="ExplorerMissions_PowerMapReady" DT_VCENTER="1" DT_CENTER="1" IgnoreMouse="1" NoClip="1" DT_WORDBREAK="1" Tooltip="" HideInEditor="0" TooltipColor=""/>
            <Control Class="Button" Base="kitBtn_Holo" Font="CRB_InterfaceMedium" ButtonType="PushButton" RadioGroup="" LAnchorPoint="0.5" LAnchorOffset="-77" TAnchorPoint="0.5" TAnchorOffset="20" RAnchorPoint="0.5" RAnchorOffset="77" BAnchorPoint="0.5" BAnchorOffset="53" DT_VCENTER="1" DT_CENTER="1" Name="PowerMapStartBtn" BGColor="ffffffff" TextColor="ffffffff" NormalTextColor="UI_TextHoloBody" PressedTextColor="ff31fcf6" FlybyTextColor="ff31fcf6" PressedFlybyTextColor="ff31fcf6" DisabledTextColor="9d9d9d9d" Text="" TextId="ProgressClick_Start" LeftEdgeControlsAnchor="" TopEdgeControlsAnchor="" RightEdgeControlsAnchor="" BottomEdgeControlsAnchor="" HideInEditor="0" TooltipColor="">
                <Event Name="ButtonSignal" Function="DoAPathAction"/>
            </Control>
            <Pixie LAnchorPoint="0" LAnchorOffset="-2" TAnchorPoint="0" TAnchorOffset="0" RAnchorPoint="1" RAnchorOffset="2" BAnchorPoint="0" BAnchorOffset="30" BGColor="ffffffff" Font="CRB_InterfaceMedium_B" TextColor="ff7fffb9" Text="" TextId="CRB_Power_Map" Sprite="CRB_Basekit:kitHeader_HoloHexes_Title" DT_CENTER="1" DT_VCENTER="1" Line="0"/>
        </Control>
        <Pixie LAnchorPoint="0" LAnchorOffset="-2" TAnchorPoint="0" TAnchorOffset="0" RAnchorPoint="1" RAnchorOffset="2" BAnchorPoint="1" BAnchorOffset="0" BGColor="ffffffff" Font="Default" TextColor="ffffffff" Text="" Sprite="CRB_DatachronSprites:sprDC_PPBackground" Line="0"/>
        <Pixie LAnchorPoint="0" LAnchorOffset="0" TAnchorPoint="0" TAnchorOffset="0" RAnchorPoint="1" RAnchorOffset="0" BAnchorPoint="1" BAnchorOffset="0" BGColor="ffffffff" Font="Default" TextColor="ffffffff" Text="" Sprite="CRB_Basekit:kitAccent_Scanlines" Line="0"/>
    </Form>
    <Form Class="Window" LAnchorPoint="0.5" LAnchorOffset="-220" TAnchorPoint="0.25" TAnchorOffset="-80" RAnchorPoint="0.5" RAnchorOffset="220" BAnchorPoint="0.25" BAnchorOffset="100" RelativeToClient="1" Font="Default" Text="" Template="" Name="ExplorerHuntNotice" Border="0" Picture="1" SwallowMouseClicks="1" Escapable="1" Overlapped="1" BGColor="ffffffff" TextColor="ffffffff" UseTemplateBG="1" TextId="" Visible="0" Sprite="" Moveable="1" TooltipColor="">
        <Control Class="Window" LAnchorPoint="0" LAnchorOffset="4" TAnchorPoint="0" TAnchorOffset="4" RAnchorPoint="1" RAnchorOffset="-4" BAnchorPoint="1" BAnchorOffset="-4" RelativeToClient="1" Font="Default" Text="" Template="Default" TooltipType="OnCursor" Name="HuntBG" BGColor="ffffffff" TextColor="ffffffff" TooltipColor="" Sprite="CRB_Basekit:kitBase_HoloBlue_Tiny" Picture="1" IgnoreMouse="1"/>
        <Control Class="Window" LAnchorPoint="0" LAnchorOffset="30" TAnchorPoint="0" TAnchorOffset="4" RAnchorPoint="1" RAnchorOffset="-30" BAnchorPoint="0" BAnchorOffset="36" RelativeToClient="1" Font="CRB_InterfaceLarge_B" Text="" Template="Default" Name="HuntHeader" BGColor="ffffffff" TextColor="UI_TextHoloBodyHighlight" TextId="ExplorerMissions_ScavengerHunt" DT_CENTER="0" DT_WORDBREAK="1" DT_VCENTER="0" DT_BOTTOM="1" TooltipColor=""/>
        <Control Class="Window" LAnchorPoint="0" LAnchorOffset="30" TAnchorPoint="0" TAnchorOffset="36" RAnchorPoint="1" RAnchorOffset="-30" BAnchorPoint="1" BAnchorOffset="-60" RelativeToClient="1" Font="CRB_InterfaceMedium_B" Text="" Template="Default" Name="HuntDescription" BGColor="ffffffff" TextColor="UI_TextHoloBody" TextId="ExplorerMissions_ScavengerHunt" DT_VCENTER="0" DT_CENTER="0" DT_WORDBREAK="1" TooltipColor=""/>
        <Control Class="Button" Base="CRB_Basekit:kitBtn_Holo" Font="CRB_InterfaceMedium_B" ButtonType="PushButton" RadioGroup="" LAnchorPoint="0" LAnchorOffset="20" TAnchorPoint="1" TAnchorOffset="-60" RAnchorPoint="1" RAnchorOffset="-20" BAnchorPoint="1" BAnchorOffset="-20" DT_VCENTER="1" DT_CENTER="1" Name="HuntNextBtn" BGColor="ffffffff" TextColor="ffffffff" NormalTextColor="UI_BtnTextHoloNormal" PressedTextColor="UI_BtnTextHoloPressed" FlybyTextColor="UI_BtnTextHoloFlyBy" PressedFlybyTextColor="UI_BtnTextHoloPressedFlyby" DisabledTextColor="UI_BtnTextHoloDisabled" Text="" TextId="ExplorerMissions_NextClue" TooltipColor="">
            <Event Name="ButtonSignal" Function="PlayerPathExplorerHuntNoticeUpdate"/>
        </Control>
        <Control Class="Button" Base="CRB_Basekit:kitBtn_Close" Font="Thick" ButtonType="PushButton" RadioGroup="" LAnchorPoint="1" LAnchorOffset="-26" TAnchorPoint="0" TAnchorOffset="-1" RAnchorPoint="1" RAnchorOffset="1" BAnchorPoint="0" BAnchorOffset="28" DT_VCENTER="1" DT_CENTER="1" Name="HuntCloseBtn" BGColor="ffffffff" TextColor="ffffffff" NormalTextColor="ffffffff" PressedTextColor="ffffffff" FlybyTextColor="ffffffff" PressedFlybyTextColor="ffffffff" DisabledTextColor="ffffffff" NewWindowDepth="1" NoClip="1" TooltipColor="">
            <Event Name="ButtonSignal" Function="OnHuntCloseBtn"/>
        </Control>
        <Control Class="Window" LAnchorPoint="0" LAnchorOffset="0" TAnchorPoint="0" TAnchorOffset="0" RAnchorPoint="1" RAnchorOffset="0" BAnchorPoint="1" BAnchorOffset="0" RelativeToClient="1" Font="Default" Text="" Template="Default" TooltipType="OnCursor" Name="HuntBGFrame" BGColor="ffffffff" TextColor="ffffffff" TooltipColor="" Sprite="CRB_Basekit:kitBase_HoloBlue_MetalCorners" Picture="1" IgnoreMouse="1"/>
    </Form>
    <Form Class="WorldFixedWindow" LAnchorPoint="SELF" LAnchorOffset="-48" TAnchorPoint="SELF" TAnchorOffset="-30" RAnchorPoint="SELF" RAnchorOffset="52" BAnchorPoint="SELF" BAnchorOffset="10" RelativeToClient="1" Font="Default" Text="" Template="Default" Name="PowerMapRangeFinder" Overlapped="1" BGColor="ffffffff" TextColor="ffffffff" TextId="" Visible="0" Sprite="" IgnoreMouse="1" TooltipColor="" Tooltip="">
        <Control Class="Window" LAnchorPoint="0" LAnchorOffset="0" TAnchorPoint="0" TAnchorOffset="0" RAnchorPoint="0" RAnchorOffset="100" BAnchorPoint="0" BAnchorOffset="20" RelativeToClient="1" Font="CRB_HeaderMedium" Text="" Template="Default" Name="RangeFinderDespawnWarning" BGColor="ffffffff" TextColor="ffff0000" TextId="ExplorerMissions_Despawning" IgnoreMouse="1" NoClip="1" Visible="0" DT_CENTER="1" TooltipColor=""/>
        <Control Class="ProgressBar" Text="" LAnchorPoint="0.5" LAnchorOffset="-33" TAnchorPoint="0" TAnchorOffset="0" RAnchorPoint="0.5" RAnchorOffset="33" BAnchorPoint="0" BAnchorOffset="20" AutoSetText="0" UseValues="0" RelativeToClient="1" SetTextToProgress="0" DT_CENTER="1" DT_VCENTER="1" ProgressEmpty="CRB_NameplateSprites:sprNp_HealthBack" ProgressFull="CRB_NameplateSprites:sprNp_HealthBarNeutral" Name="RangeFinderProgress" BGColor="ffffffff" TextColor="ffffffff" IgnoreMouse="1" TooltipColor="" BarColor=""/>
        <Control Class="Window" LAnchorPoint="0" LAnchorOffset="0" TAnchorPoint="0" TAnchorOffset="20" RAnchorPoint="0" RAnchorOffset="100" BAnchorPoint="0" BAnchorOffset="40" RelativeToClient="1" Font="CRB_HeaderMedium" Text="" Template="Default" Name="RangeFinderText" BGColor="ffffffff" TextColor="ffffffff" TextId="" IgnoreMouse="1" NoClip="1" DT_CENTER="1"/>
    </Form>
    <Form Class="Window" LAnchorPoint="0" LAnchorOffset="0" TAnchorPoint="0" TAnchorOffset="0" RAnchorPoint="1" RAnchorOffset="0" BAnchorPoint="0" BAnchorOffset="30" RelativeToClient="1" Font="Default" Text="" Template="Default" Name="ScavengerClueItem" Picture="1" BGColor="ffffffff" TextColor="ffffffff" IgnoreMouse="1" Sprite="" TooltipColor="">
        <Control Class="Window" LAnchorPoint="0" LAnchorOffset="0" TAnchorPoint="0" TAnchorOffset="0" RAnchorPoint="1" RAnchorOffset="0" BAnchorPoint="1" BAnchorOffset="-2" RelativeToClient="1" Font="Default" Text="" Template="Default" Name="ScavengerClueItemBG" BGColor="ffffffff" TextColor="ffffffff" Sprite="CRB_Basekit:kitBtn_List_HoloNormal" Picture="1" IgnoreMouse="1" TextId="" TooltipColor="">
            <Control Class="Window" LAnchorPoint="0" LAnchorOffset="1" TAnchorPoint=".5" TAnchorOffset="-21" RAnchorPoint="0" RAnchorOffset="35" BAnchorPoint=".5" BAnchorOffset="19" RelativeToClient="1" Font="Default" Text="" Template="Default" Name="ScavengerClueCheckBack" BGColor="8f00ffff" TextColor="ffffffff" Picture="1" IgnoreMouse="1" Sprite="" TooltipColor="">
                <Pixie LAnchorPoint="0" LAnchorOffset="8" TAnchorPoint="0" TAnchorOffset="11" RAnchorPoint="0" RAnchorOffset="28" BAnchorPoint="0" BAnchorOffset="33" BGColor="2f00ffff" Font="Default" TextColor="ffffffff" Text="" Sprite="CRB_Basekit:kitIcon_White_Checkmark" Line="0"/>
            </Control>
            <Control Class="Window" LAnchorPoint="0" LAnchorOffset="1" TAnchorPoint="0.5" TAnchorOffset="-21" RAnchorPoint="0" RAnchorOffset="35" BAnchorPoint="0.5" BAnchorOffset="19" RelativeToClient="1" Font="Default" Text="" Template="Default" Name="ScavengerClueCheck" BGColor="ffffffff" TextColor="ffffffff" Sprite="CRB_DialogSprites:sprDialog_Icon_Check" Picture="1" IgnoreMouse="1" RightEdgeControlsAnchor="" Visible="1" NewControlDepth="2" HideInEditor="1" TooltipColor=""/>
            <Control Class="MLWindow" LAnchorPoint="0" LAnchorOffset="34" TAnchorPoint="0" TAnchorOffset="2" RAnchorPoint="1" RAnchorOffset="-4" BAnchorPoint="1" BAnchorOffset="0" RelativeToClient="1" Font="CRB_InterfaceSmall_O" Text="" Template="Default" Name="ScavengerClueName" BGColor="ffffffff" TextColor="ffffffff" DT_VCENTER="1" TextId="" DT_WORDBREAK="0" IgnoreMouse="1"/>
        </Control>
        <Event Name="MouseButtonDown" Function="OnScavengerClueItemClick"/>
    </Form>
</Forms>
