<Forms>
    <Form Class="Window" LAnchorPoint="0" LAnchorOffset="0" TAnchorPoint="0" TAnchorOffset="0" RAnchorPoint="1" RAnchorOffset="1" BAnchorPoint="1" BAnchorOffset="0" RelativeToClient="1" Font="CRB_InterfaceMedium" Sprite="BasicSprites:BlackFill" Template="" Name="ZoneMapFrame" BGColor="ffffffff" TextColor="UI_BtnTextGoldListNormal" Border="0" Overlapped="1" Picture="1" TextId="" Escapable="1" Moveable="0" SwallowMouseClicks="1" Sizable="0" DT_VCENTER="1" Text="" UseTemplateBG="0" UseTransitionSprite="0" TransitionShowHide="1" RightEdgeControlsAnchor="" TopEdgeControlsAnchor="" TooltipColor="" Tooltip="" Visible="0" NoClip="0" HideInEditor="0" IgnoreMouse="0">
        <Event Name="ZoneMapWindowChange" Function="OnZoneMapChange"/>
        <Control Class="ZoneMapWindow" LAnchorPoint="0" LAnchorOffset="0" TAnchorPoint="0" TAnchorOffset="58" RAnchorPoint="1" RAnchorOffset="0" BAnchorPoint="1" BAnchorOffset="0" RelativeToClient="1" Font="CRB_InterfaceMedium" Sprite="WhiteFill" Text="" Template="" Name="ZoneMap" BGColor="ffffffff" TextColor="ffffffff" Sizable="0" Moveable="0" Border="0" UseTemplateBG="1" TooltipType="OnCursor" IgnoreTooltipDelay="1" Picture="0" HideInEditor="0" Tooltip="" TooltipId="CRB_Panning_Mode" TooltipColor="" DisableWheelZoom="0" TextId="OK" NoClip="1">
            <Event Name="GenerateTooltip" Function="OnGenerateTooltip"/>
            <Event Name="MouseButtonDown" Function="OnZoneMapButtonDown"/>
            <Event Name="MouseMove" Function="OnZoneMapMouseMove"/>
        </Control>
        <Control Class="Window" LAnchorPoint="0" LAnchorOffset="0" TAnchorPoint="0" TAnchorOffset="0" RAnchorPoint="1" RAnchorOffset="0" BAnchorPoint="1" BAnchorOffset="0" RelativeToClient="1" Font="Default" Text="" Template="Default" Name="WorldMapView" BGColor="ff595959" TextColor="ffffffff" Picture="1" IgnoreMouse="1" Sprite="sprMap_WorldMap" NewControlDepth="5" Visible="0" TextId="" HideInEditor="1" Tooltip="" TooltipColor="" NewWindowDepth="0" NoClip="0">
            <Control Class="Button" Base="BK3:btnHolo_Blue_Med" Font="CRB_Button" ButtonType="PushButton" RadioGroup="" LAnchorPoint=".5" LAnchorOffset="-201" TAnchorPoint=".5" TAnchorOffset="-103" RAnchorPoint=".5" RAnchorOffset="-61" BAnchorPoint=".5" BAnchorOffset="-30" DT_VCENTER="1" DT_CENTER="1" TooltipType="OnCursor" Name="ContWesternBtn" BGColor="ffffffff" TextColor="ffffffff" TooltipColor="" NormalTextColor="UI_BtnTextBlueNormal" PressedTextColor="UI_BtnTextBluePressed" FlybyTextColor="UI_BtnTextBlueFlyby" PressedFlybyTextColor="ffffffff" DisabledTextColor="ffffffff" Text="" TextId="CRB_Western">
                <Event Name="ButtonSignal" Function="OnContinentNormalBtn"/>
                <Control Class="Window" LAnchorPoint="0" LAnchorOffset="0" TAnchorPoint="0" TAnchorOffset="0" RAnchorPoint="1" RAnchorOffset="0" BAnchorPoint="1" BAnchorOffset="0" RelativeToClient="1" Font="Default" Text="" Template="Default" TooltipType="OnCursor" Name="CurrentRunner" BGColor="9fffffff" TextColor="ffffffff" TooltipColor="" Picture="1" IgnoreMouse="1" Sprite="" Visible="0"/>
            </Control>
            <Control Class="Button" Base="BK3:btnHolo_Blue_Med" Font="CRB_Button" ButtonType="PushButton" RadioGroup="" LAnchorPoint=".5" LAnchorOffset="61" TAnchorPoint=".5" TAnchorOffset="-103" RAnchorPoint=".5" RAnchorOffset="201" BAnchorPoint=".5" BAnchorOffset="-30" DT_VCENTER="1" DT_CENTER="1" TooltipType="OnCursor" Name="ContEasternBtn" BGColor="ffffffff" TextColor="ffffffff" TooltipColor="" NormalTextColor="UI_BtnTextBlueNormal" PressedTextColor="UI_BtnTextBluePressed" FlybyTextColor="UI_BtnTextBlueFlyby" PressedFlybyTextColor="ffffffff" DisabledTextColor="ffffffff" Text="" TextId="CRB_Eastern">
                <Event Name="ButtonSignal" Function="OnContinentNormalBtn"/>
                <Control Class="Window" LAnchorPoint="0" LAnchorOffset="0" TAnchorPoint="0" TAnchorOffset="0" RAnchorPoint="1" RAnchorOffset="0" BAnchorPoint="1" BAnchorOffset="0" RelativeToClient="1" Font="Default" Text="" Template="Default" TooltipType="OnCursor" Name="CurrentRunner" BGColor="9fffffff" TextColor="ffffffff" TooltipColor="" Picture="1" IgnoreMouse="1" Sprite="" Visible="0"/>
            </Control>
            <Control Class="Button" Base="BK3:btnHolo_Blue_Med" Font="CRB_Button" ButtonType="PushButton" RadioGroup="" LAnchorPoint=".5" LAnchorOffset="-70" TAnchorPoint=".5" TAnchorOffset="-103" RAnchorPoint=".5" RAnchorOffset="70" BAnchorPoint=".5" BAnchorOffset="-30" DT_VCENTER="1" DT_CENTER="1" TooltipType="OnCursor" Name="ContCentralBtn" BGColor="ffffffff" TextColor="ffffffff" TooltipColor="" NormalTextColor="UI_BtnTextBlueNormal" PressedTextColor="UI_BtnTextBluePressed" FlybyTextColor="UI_BtnTextBlueFlyby" PressedFlybyTextColor="ffffffff" DisabledTextColor="ffffffff" Text="" TextId="CRB_Central">
                <Event Name="ButtonSignal" Function="OnContinentNormalBtn"/>
                <Control Class="Window" LAnchorPoint="0" LAnchorOffset="0" TAnchorPoint="0" TAnchorOffset="0" RAnchorPoint="1" RAnchorOffset="0" BAnchorPoint="1" BAnchorOffset="0" RelativeToClient="1" Font="Default" Text="" Template="Default" TooltipType="OnCursor" Name="CurrentRunner" BGColor="9fffffff" TextColor="ffffffff" TooltipColor="" Picture="1" IgnoreMouse="1" Sprite="" Visible="0"/>
            </Control>
            <Control Class="Button" Base="BK3:btnHolo_Blue_Med" Font="CRB_Button" ButtonType="PushButton" RadioGroup="" LAnchorPoint=".5" LAnchorOffset="-200" TAnchorPoint=".5" TAnchorOffset="-44" RAnchorPoint=".5" RAnchorOffset="-60" BAnchorPoint=".5" BAnchorOffset="29" DT_VCENTER="1" DT_CENTER="1" TooltipType="OnCursor" Name="ContHalonRingBtn" BGColor="ffffffff" TextColor="ffffffff" TooltipColor="" NormalTextColor="UI_BtnTextBlueNormal" PressedTextColor="UI_BtnTextBluePressed" FlybyTextColor="UI_BtnTextBlueFlyby" PressedFlybyTextColor="UI_BtnTextBlueFlyby" DisabledTextColor="ffffffff" Text="" TextId="Lore_HalonRing" Tooltip="" Visible="0" HideInEditor="0">
                <Event Name="ButtonSignal" Function="OnContinentNormalBtn"/>
                <Control Class="Window" LAnchorPoint="0" LAnchorOffset="0" TAnchorPoint="0" TAnchorOffset="0" RAnchorPoint="1" RAnchorOffset="0" BAnchorPoint="1" BAnchorOffset="0" RelativeToClient="1" Font="Default" Text="" Template="Default" TooltipType="OnCursor" Name="CurrentRunner" BGColor="9fffffff" TextColor="ffffffff" TooltipColor="" Picture="1" IgnoreMouse="1" Sprite="" Visible="0"/>
            </Control>
            <Control Class="Button" Base="BK3:btnHolo_Blue_Med" Font="CRB_Button" ButtonType="PushButton" RadioGroup="" LAnchorPoint=".5" LAnchorOffset="-70" TAnchorPoint=".5" TAnchorOffset="-44" RAnchorPoint=".5" RAnchorOffset="70" BAnchorPoint=".5" BAnchorOffset="29" DT_VCENTER="1" DT_CENTER="1" TooltipType="OnCursor" Name="ContFarsideBtn" BGColor="ffffffff" TextColor="ffffffff" TooltipColor="" NormalTextColor="UI_BtnTextBlueNormal" PressedTextColor="UI_BtnTextBluePressed" FlybyTextColor="UI_BtnTextBlueFlyby" PressedFlybyTextColor="ffffffff" DisabledTextColor="ffffffff" Text="" TextId="Lore_Farside">
                <Event Name="ButtonSignal" Function="OnContinentCustomBtn"/>
                <Control Class="Window" LAnchorPoint="0" LAnchorOffset="0" TAnchorPoint="0" TAnchorOffset="0" RAnchorPoint="1" RAnchorOffset="0" BAnchorPoint="1" BAnchorOffset="0" RelativeToClient="1" Font="Default" Text="" Template="Default" TooltipType="OnCursor" Name="CurrentRunner" BGColor="9fffffff" TextColor="ffffffff" TooltipColor="" Picture="1" IgnoreMouse="1" Sprite="" Visible="0"/>
            </Control>
        </Control>
        <Control Class="Window" LAnchorPoint="0" LAnchorOffset="0" TAnchorPoint="0" TAnchorOffset="0" RAnchorPoint="1" RAnchorOffset="0" BAnchorPoint="1" BAnchorOffset="0" RelativeToClient="1" Font="Default" Text="" Template="Default" Name="ZoneMapUILayer" BGColor="ffffffff" TextColor="ffffffff" IgnoreMouse="1" NewWindowDepth="0" Tooltip="" TooltipId="" TooltipColor="" HideInEditor="0">
            <Control Class="Window" LAnchorPoint="0" LAnchorOffset="-4" TAnchorPoint="0" TAnchorOffset="55" RAnchorPoint="1" RAnchorOffset="0" BAnchorPoint="0" BAnchorOffset="85" RelativeToClient="1" Font="Default" Text="" BGColor="UI_WindowBGDefault" TextColor="UI_WindowTextDefault" Template="Default" TooltipType="OnCursor" Name="Gradient Shade" TooltipColor="" Sprite="BK3:UI_BK3_GradientShade" Picture="1" IgnoreMouse="1" TextId=""/>
            <Control Class="Window" LAnchorPoint="0" LAnchorOffset="-3" TAnchorPoint="0" TAnchorOffset="-3" RAnchorPoint="1" RAnchorOffset="3" BAnchorPoint="0" BAnchorOffset="58" RelativeToClient="1" Font="Default" Text="" Template="Default" Name="ArtTitleFrame" BGColor="ffffffff" TextColor="ffffffff" Sprite="BK3:UI_BK3_Metal_Inset_Block2" Picture="1" IgnoreMouse="1" TooltipColor="">
                <Control Class="Button" Base="BK3:btnMetal_DropDown" ButtonType="Check" LAnchorPoint="0" LAnchorOffset="57" TAnchorPoint="1" TAnchorOffset="-48" RAnchorPoint="0" RAnchorOffset="307" BAnchorPoint="0" BAnchorOffset="49" Name="ZoneComplexToggle" BGColor="ffffffff" TextColor="ffffffff" NormalTextColor="UI_BtnTextGoldListNormal" PressedTextColor="UI_BtnTextGoldListPressed" FlybyTextColor="UI_BtnTextGoldListFlyby" PressedFlybyTextColor="UI_BtnTextGoldListPressedFlyby" DisabledTextColor="UI_BtnTextGoldListDisabled" RelativeToClient="1" Text="" TextId="ZoneCompletion_WorldCompletion" DT_CENTER="0" DT_VCENTER="1" Font="CRB_InterfaceSmall" BottomEdgeControlsAnchor="ZoneComplexToggle_Bottom" LeftEdgeControlsAnchor="ZoneComplexToggle_Left" TooltipColor="" AutoScaleText="1" ButtonTextXMargin="15"/>
                <Control Class="Button" Base="BK3:btnMetal_DropDown" Font="CRB_InterfaceSmall" ButtonType="Check" RadioGroup="" LAnchorPoint="0" LAnchorOffset="305" TAnchorPoint="1" TAnchorOffset="-48" RAnchorPoint="0" RAnchorOffset="555" BAnchorPoint="1" BAnchorOffset="-12" DT_VCENTER="1" DT_CENTER="0" TooltipType="OnCursor" Name="SubzoneToggle" BGColor="ffffffff" TextColor="ffffffff" TooltipColor="" NormalTextColor="UI_BtnTextGoldListNormal" PressedTextColor="UI_BtnTextGoldListPressed" FlybyTextColor="UI_BtnTextGoldListFlyby" PressedFlybyTextColor="UI_BtnTextGoldListPressedFlyby" DisabledTextColor="UI_BtnTextGoldListDisabled" Text="" TextId="ZoneMap_Subzones" Visible="0" Tooltip="" AutoScaleText="1" ButtonTextXMargin="15"/>
                <Control Class="Button" Base="BK3:btnMetal_DropDown" ButtonType="Check" LAnchorPoint="1" LAnchorOffset="-493" TAnchorPoint="1" TAnchorOffset="-48" RAnchorPoint="1" RAnchorOffset="-279" BAnchorPoint="0" BAnchorOffset="50" Name="MarkersToggle" BGColor="ffffffff" TextColor="ffffffff" NormalTextColor="UI_BtnTextGoldListNormal" PressedTextColor="UI_BtnTextGoldListPressed" FlybyTextColor="UI_BtnTextGoldListFlyby" PressedFlybyTextColor="UI_BtnTextGoldListPressedFlyby" DisabledTextColor="UI_BtnTextGoldListDisabled" RelativeToClient="1" Text="" TextId="ZoneMap_Markers" DT_CENTER="1" DT_VCENTER="1" Font="CRB_InterfaceSmall" BottomEdgeControlsAnchor="MarkersToggle_Bottom" LeftEdgeControlsAnchor="MarkersToggle_Left" TooltipColor="" AutoScaleText="1"/>
            </Control>
            <Control Class="Window" LAnchorPoint="1" LAnchorOffset="-273" TAnchorPoint="0" TAnchorOffset="-3" RAnchorPoint="1" RAnchorOffset="-128" BAnchorPoint="0" BAnchorOffset="53" RelativeToClient="1" Font="Default" Text="" Template="Default" Name="ArtTitleFrame2" BGColor="ffffffff" TextColor="ffffffff" Sprite="" Picture="1" IgnoreMouse="1" TooltipColor="">
                <Control Class="Window" LAnchorPoint="1" LAnchorOffset="-156" TAnchorPoint="0" TAnchorOffset="62" RAnchorPoint="1" RAnchorOffset="79" BAnchorPoint="1" BAnchorOffset="115" RelativeToClient="1" Font="Default" Text="" Template="Default" Name="GhostModeOptionPanel" BGColor="ffffffff" TextColor="ffffffff" IgnoreMouse="1" NoClip="1" Visible="0" HideInEditor="1" CloseOnExternalClick="1" Tooltip="" Sprite="kitBase_HoloBlue_Small" Picture="1" TooltipColor="">
                    <Control Class="SliderBar" LAnchorPoint="0" LAnchorOffset="15" TAnchorPoint="0" TAnchorOffset="38" RAnchorPoint="1" RAnchorOffset="-15" BAnchorPoint="0" BAnchorOffset="58" RelativeToClient="1" Font="Default" Text="" Template="CRB_Scroll_HoloLarge" Name="GhostSlider" BGColor="ffffffff" TextColor="ffffffff" UseButtons="1" Min="0.000000" Max="0.500000" InitialValue="0.000000" TickAmount="0.010000" DrawTicks="0" TooltipColor="">
                        <Event Name="SliderBarChanged" Function="OnGhostSlider"/>
                    </Control>
                    <Control Class="Button" Base="kitBtn_Holo" Font="CRB_InterfaceMedium_B" ButtonType="PushButton" RadioGroup="" LAnchorPoint="0" LAnchorOffset="15" TAnchorPoint="1" TAnchorOffset="-38" RAnchorPoint=".5" RAnchorOffset="-4" BAnchorPoint="1" BAnchorOffset="-16" DT_VCENTER="1" DT_CENTER="1" Name="GhostModeOptionOK" BGColor="ffffffff" TextColor="ffffffff" NormalTextColor="ff31fcf6" PressedTextColor="ff31fcf6" FlybyTextColor="ff31fcf6" PressedFlybyTextColor="ff31fcf6" DisabledTextColor="ffffffff" Text="" TextId="CRB_Save" TooltipColor="">
                        <Event Name="ButtonSignal" Function="OnGhostModeOptionOK"/>
                    </Control>
                    <Control Class="Button" Base="kitBtn_Holo" Font="CRB_InterfaceMedium_B" ButtonType="PushButton" RadioGroup="" LAnchorPoint=".5" LAnchorOffset="4" TAnchorPoint="1" TAnchorOffset="-38" RAnchorPoint="1" RAnchorOffset="-15" BAnchorPoint="1" BAnchorOffset="-16" DT_VCENTER="1" DT_CENTER="1" Name="GhostModeOptionTest" BGColor="ffffffff" TextColor="ffffffff" NormalTextColor="ff31fcf6" PressedTextColor="ff31fcf6" FlybyTextColor="ff31fcf6" PressedFlybyTextColor="ff31fcf6" DisabledTextColor="ffffffff" Text="" TextId="FloatText_Test" TooltipColor="">
                        <Event Name="ButtonSignal" Function="OnGhostModeOptionTest"/>
                    </Control>
                    <Pixie LAnchorPoint="0" LAnchorOffset="16" TAnchorPoint="0" TAnchorOffset="14" RAnchorPoint="1" RAnchorOffset="0" BAnchorPoint="0" BAnchorOffset="34" BGColor="ffffffff" Font="CRB_InterfaceMedium_B" TextColor="ff31fcf6" Text="" TextId="ZoneMap_GhostOpacity" Line="0"/>
                    <Pixie LAnchorPoint="0" LAnchorOffset="17" TAnchorPoint="0" TAnchorOffset="38" RAnchorPoint="1" RAnchorOffset="-17" BAnchorPoint="0" BAnchorOffset="58" BGColor="aaffffff" Font="Default" TextColor="ffffffff" Text="" Sprite="ClientSprites:BlackFill" Line="0"/>
                </Control>
                <Control Class="Button" Base="btnZoomIn" Font="Default" ButtonType="PushButton" RadioGroup="" LAnchorPoint="0" LAnchorOffset="8" TAnchorPoint="0" TAnchorOffset="16" RAnchorPoint="0" RAnchorOffset="40" BAnchorPoint="0" BAnchorOffset="48" DT_VCENTER="1" DT_CENTER="1" Name="ZoomInBtn" BGColor="ffffffff" TextColor="ffffffff" NormalTextColor="ffffffff" PressedTextColor="ffffffff" FlybyTextColor="ffffffff" PressedFlybyTextColor="ffffffff" DisabledTextColor="ffffffff" NoClip="0" TestAlpha="1" Tooltip="" TooltipId="CRB_Zoom_In" Text="" TextId="" TooltipType="OnCursor" TooltipColor="white" TooltipFont="CRB_InterfaceSmall" RelativeToClient="1">
                    <Event Name="ButtonSignal" Function="OnZoomIn"/>
                </Control>
                <Control Class="Button" Base="CRB_Basekit:kitBtn_Metal_Return" Font="Thick" ButtonType="PushButton" RadioGroup="" LAnchorPoint="0" LAnchorOffset="36" TAnchorPoint="0" TAnchorOffset="18" RAnchorPoint="0" RAnchorOffset="62" BAnchorPoint="0" BAnchorOffset="43" DT_VCENTER="1" DT_CENTER="1" TooltipType="OnCursor" Name="ReturnBtn" BGColor="ffffffff" TextColor="ffffffff" TooltipColor="white" NormalTextColor="ffffffff" PressedTextColor="ffffffff" FlybyTextColor="ffffffff" PressedFlybyTextColor="ffffffff" DisabledTextColor="ffffffff" TestAlpha="1" Tooltip="" TooltipId="ZoneMap_ReturnTooltip" TooltipFont="CRB_InterfaceSmall">
                    <Event Name="ButtonSignal" Function="OnReturnBtn"/>
                </Control>
                <Control Class="Button" Base="btnZoomOut" Font="Default" ButtonType="PushButton" RadioGroup="" LAnchorPoint="0" LAnchorOffset="58" TAnchorPoint="0" TAnchorOffset="16" RAnchorPoint="0" RAnchorOffset="90" BAnchorPoint="0" BAnchorOffset="48" DT_VCENTER="1" DT_CENTER="1" Name="ZoomOutBtn" BGColor="ffffffff" TextColor="ffffffff" NormalTextColor="ffffffff" PressedTextColor="ffffffff" FlybyTextColor="ffffffff" PressedFlybyTextColor="ffffffff" DisabledTextColor="ffffffff" NoClip="1" TestAlpha="1" Text="" TextId="" Tooltip="" TooltipId="CRB_MiniMap_ZoomOutBtn" TooltipType="OnCursor" TooltipColor="white" TooltipFont="CRB_InterfaceSmall">
                    <Event Name="ButtonSignal" Function="OnZoomOut"/>
                </Control>
                <Control Class="Button" Base="CRB_MinimapSprites:btnMM_ToggleMapGhost" Font="Default" ButtonType="PushButton" RadioGroup="" LAnchorPoint="1" LAnchorOffset="-51" TAnchorPoint="0" TAnchorOffset="19" RAnchorPoint="1" RAnchorOffset="-28" BAnchorPoint="0" BAnchorOffset="42" DT_VCENTER="1" DT_CENTER="1" Name="GhostBtn" BGColor="ffffffff" TextColor="ffffffff" NormalTextColor="ffffffff" PressedTextColor="ffffffff" FlybyTextColor="ffffffff" PressedFlybyTextColor="ffffffff" DisabledTextColor="ffffffff" TestAlpha="1" Tooltip="" TooltipId="ZoneMap_GhostTooltip" Text="" TooltipType="OnCursor" TooltipColor="white" TooltipFont="CRB_InterfaceSmall">
                    <Event Name="ButtonSignal" Function="ToggleGhostModeOn"/>
                </Control>
                <Control Class="Button" Base="CRB_Trading:btnTradeDecreaseLarge" Font="Default" ButtonType="Check" RadioGroup="" LAnchorPoint="1" LAnchorOffset="-47" TAnchorPoint="1" TAnchorOffset="-14" RAnchorPoint="1" RAnchorOffset="-32" BAnchorPoint="1" BAnchorOffset="-4" DT_VCENTER="1" DT_CENTER="1" Name="GhostModeOptionBtn" BGColor="ffffffff" TextColor="ffffffff" NormalTextColor="ffffffff" PressedTextColor="ffffffff" FlybyTextColor="ffffffff" PressedFlybyTextColor="ffffffff" DisabledTextColor="ffffffff" NoClip="1" Text="" Tooltip="" TooltipId="ZoneMap_AdjustGhostOpacity" TooltipType="OnCursor" TooltipColor="white" Visible="0" HideInEditor="1">
                    <Event Name="ButtonCheck" Function="OnGhostModeOptionCheck"/>
                    <Event Name="ButtonUncheck" Function="OnGhostModeOptionUncheck"/>
                </Control>
                <Pixie LAnchorPoint="1" LAnchorOffset="-59" TAnchorPoint="0" TAnchorOffset="13" RAnchorPoint="1" RAnchorOffset="-22" BAnchorPoint="0" BAnchorOffset="53" BGColor="ffffffff" Font="Default" TextColor="ffffffff" Text="" Sprite="kitBtn_Metal_CircleNormal" Line="0"/>
            </Control>
            <Control Class="Window" LAnchorPoint="1" LAnchorOffset="-135" TAnchorPoint="0" TAnchorOffset="15" RAnchorPoint="1" RAnchorOffset="-105" BAnchorPoint="0" BAnchorOffset="44" RelativeToClient="1" Font="Default" Text="" Template="Default" Name="PanningIcon" BGColor="ffffffff" TextColor="ffffffff" Picture="1" IgnoreMouse="1" NewControlDepth="6" Sprite="CRB_HousingSprites:btnPreviewChangesPressed" Tooltip="" TooltipId="CRB_Panning_Mode" TextId="" Visible="0" NewWindowDepth="1" IgnoreTooltipDelay="1" TooltipType="OnCursor" TooltipColor="" TooltipFont="CRB_InterfaceSmall" HideInEditor="1">
                <Pixie LAnchorPoint="0" LAnchorOffset="-10" TAnchorPoint="0" TAnchorOffset="-10" RAnchorPoint="0" RAnchorOffset="38" BAnchorPoint="0" BAnchorOffset="37" BGColor="ffffffff" Font="Default" TextColor="ffffffff" Text="" Sprite="CRB_DatachronSprites:sprDC_BlueFlashPlayRing" Line="0"/>
            </Control>
            <Control Class="Window" LAnchorPoint="0" LAnchorOffset="0" TAnchorPoint="0" TAnchorOffset="57" RAnchorPoint="1" RAnchorOffset="0" BAnchorPoint="1" BAnchorOffset="0" RelativeToClient="1" Font="CRB_InterfaceMedium_B" Text="" Template="Default" TooltipType="OnCursor" Name="PlayerCursorHidden" BGColor="9dffffff" TextColor="ffffffff" TooltipColor="" Border="0" IgnoreMouse="1" DoNotBlockTooltip="1" NoClip="1" Visible="0" TextId="" DT_CENTER="1" DT_VCENTER="1" Picture="1" Sprite="BlackFill">
                <Pixie LAnchorPoint="0" LAnchorOffset="0" TAnchorPoint="0" TAnchorOffset="0" RAnchorPoint="1" RAnchorOffset="0" BAnchorPoint="1" BAnchorOffset="0" BGColor="ffffffff" Font="Default" TextColor="ffffffff" Text="" Sprite="CRB_MegamapSprites:sprMap_CenterGridRed" Line="0"/>
                <Pixie LAnchorPoint="0.5" LAnchorOffset="-63" TAnchorPoint="0.5" TAnchorOffset="-104" RAnchorPoint="0.5" RAnchorOffset="64" BAnchorPoint="0.5" BAnchorOffset="31" BGColor="ffffffff" Font="CRB_InterfaceSmall_O" TextColor="ffffffff" Text="" TextId="" Sprite="CRB_Anim_SignalLost:sprMap_Anim_SignalLost" DT_CENTER="1" DT_VCENTER="1" Line="0"/>
                <Pixie LAnchorPoint="0.5" LAnchorOffset="-100" TAnchorPoint="0.5" TAnchorOffset="20" RAnchorPoint="0.5" RAnchorOffset="100" BAnchorPoint="0.5" BAnchorOffset="65" BGColor="ffffffff" Font="CRB_InterfaceSmall_O" TextColor="ffffffff" Text="" TextId="ZoneMap_PlayerCursorLost" Sprite="CRB_MegamapSprites:sprMap_Square_Red" DT_CENTER="1" DT_VCENTER="1" Line="0"/>
                <Pixie LAnchorPoint="0.5" LAnchorOffset="-100" TAnchorPoint="0.5" TAnchorOffset="50" RAnchorPoint="0.5" RAnchorOffset="100" BAnchorPoint="0.5" BAnchorOffset="95" BGColor="ffffffff" Font="CRB_InterfaceSmall_O" TextColor="ffffffff" Text="" TextId="ZoneMap_LocationUnavailable" Sprite="CRB_MegamapSprites:sprMap_Square_Red" DT_CENTER="1" DT_VCENTER="1" Line="0"/>
            </Control>
            <Control Class="Window" LAnchorPoint="1" LAnchorOffset="-606" TAnchorPoint="0" TAnchorOffset="12" RAnchorPoint="1" RAnchorOffset="-516" BAnchorPoint="0" BAnchorOffset="42" RelativeToClient="1" Font="CRB_InterfaceMedium_BB" Text="" Template="Default" TooltipType="OnCursor" Name="MapCoordinates" BGColor="ffffffff" TextColor="UI_TextMetalBodyHighlight" TooltipColor="" TextId="" Sprite="" IgnoreMouse="1" UseTemplateBG="0" NewControlDepth="5" Overlapped="0" Tooltip="" DT_VCENTER="1" DT_RIGHT="1" DT_BOTTOM="0"/>
        </Control>
        <Control Class="Window" LAnchorPoint="1" LAnchorOffset="-404" TAnchorPoint="0" TAnchorOffset="61" RAnchorPoint="1" RAnchorOffset="0" BAnchorPoint="1" BAnchorOffset="-30" RelativeToClient="1" Font="Default" Text="" Template="Default" Name="ZoneMapControlPanelParent" Picture="0" SwallowMouseClicks="1" Escapable="0" BGColor="ffffffff" TextColor="ffffffff" Sprite="" IgnoreMouse="1" LeftEdgeControlsAnchor="" RightEdgeControlsAnchor="" Overlapped="1" NeverBringToFront="0" NewWindowDepth="0" NoClip="1" TooltipColor=""/>
        <Control Class="Window" LAnchorPoint="0" LAnchorOffset="55" TAnchorPoint="0" TAnchorOffset="45" RAnchorPoint="0" RAnchorOffset="301" BAnchorPoint="0" BAnchorOffset="285" RelativeToClient="1" Font="Default" Text="" Template="Default" Name="ZoneComplexList" BGColor="ffffffff" TextColor="ffffffff" IgnoreMouse="0" Visible="0" NewWindowDepth="1" CloseOnExternalClick="1" Overlapped="0" Picture="1" Sprite="BK3:sprMetal_ExpandMenu_MedSmall_Framing" HideInEditor="0" TooltipColor="" NoClip="1">
            <Control Class="Window" LAnchorPoint="0" LAnchorOffset="5" TAnchorPoint="0" TAnchorOffset="5" RAnchorPoint="1" RAnchorOffset="-4" BAnchorPoint="1" BAnchorOffset="-4" RelativeToClient="1" Font="Default" Text="" Template="Metal_ScrollList" Name="ZoneSelectItems" BGColor="ffffffff" TextColor="ffffffff" Tooltip="" VScroll="1" IgnoreMouse="0" HideInEditor="0" TooltipColor="" NewWindowDepth="1" AutoHideScroll="0"/>
            <Pixie LAnchorPoint="0" LAnchorOffset="5" TAnchorPoint="0" TAnchorOffset="5" RAnchorPoint="1" RAnchorOffset="-4" BAnchorPoint="1" BAnchorOffset="-4" Sprite="CRB_Basekit:kitBase_MetalGrey_Medium" BGColor="white" TextColor="black" Rotation="0" Font="Default"/>
        </Control>
        <Control Class="Window" LAnchorPoint="0" LAnchorOffset="303" TAnchorPoint="0" TAnchorOffset="45" RAnchorPoint="0" RAnchorOffset="549" BAnchorPoint="0" BAnchorOffset="253" RelativeToClient="1" Font="Default" Text="" Template="Default" TooltipType="OnCursor" Name="SubzoneList" BGColor="ffffffff" TextColor="ffffffff" TooltipColor="" IgnoreMouse="1" NoClip="1" Picture="1" Sprite="BK3:sprMetal_ExpandMenu_MedSmall_Framing" NewWindowDepth="1" CloseOnExternalClick="1" Visible="0">
            <Control Class="Window" LAnchorPoint="0" LAnchorOffset="5" TAnchorPoint="0" TAnchorOffset="5" RAnchorPoint="1" RAnchorOffset="-4" BAnchorPoint="1" BAnchorOffset="-4" RelativeToClient="1" Font="Default" Text="" Template="Metal_ScrollList" TooltipType="OnCursor" Name="SubzoneListContent" BGColor="ffffffff" TextColor="ffffffff" TooltipColor="" VScroll="1" IgnoreMouse="1" AutoHideScroll="0"/>
            <Pixie LAnchorPoint="0" LAnchorOffset="5" TAnchorPoint="0" TAnchorOffset="5" RAnchorPoint="1" RAnchorOffset="-4" BAnchorPoint="1" BAnchorOffset="-4" Sprite="CRB_Basekit:kitBase_MetalGrey_Medium" BGColor="white" TextColor="black" Rotation="0" Font="Default"/>
        </Control>
        <Control Class="Window" LAnchorPoint="0" LAnchorOffset="0" TAnchorPoint="0" TAnchorOffset="0" RAnchorPoint="1" RAnchorOffset="0" BAnchorPoint="1" BAnchorOffset="0" RelativeToClient="1" Font="Default" Text="" Template="Default" Name="ArtFrameBG" BGColor="ffffffff" TextColor="ffffffff" Sprite="" Picture="1" IgnoreMouse="1" NewWindowDepth="1" NoClip="1" TooltipColor="" HideInEditor="1" Visible="1" Tooltip="">
            <Control Class="Window" LAnchorPoint="1" LAnchorOffset="8" TAnchorPoint="1" TAnchorOffset="-53" RAnchorPoint="1" RAnchorOffset="61" BAnchorPoint="1" BAnchorOffset="-2" RelativeToClient="1" Font="Default" Text="" Template="Default" Name="ArtBottomRightGrip" BGColor="ffffffff" TextColor="ffffffff" Sprite="kitBtn_ExpandNormal" Picture="1" IgnoreMouse="1" Tooltip="" TooltipId="" TooltipType="OnCursor" IgnoreTooltipDelay="0" TooltipColor="" Visible="0" HideInEditor="1">
                <Control Class="Window" LAnchorPoint="1" LAnchorOffset="-27" TAnchorPoint="1" TAnchorOffset="-24" RAnchorPoint="1" RAnchorOffset="-7" BAnchorPoint="1" BAnchorOffset="-4" RelativeToClient="1" Font="Default" Text="" Template="Default" Name="BottomRightGripTooltip" BGColor="ffffffff" TextColor="ffffffff" Tooltip="" TooltipId="ZoneMap_ResizeTooltip" TooltipType="OnCursor" IgnoreMouse="1" IgnoreTooltipDelay="1" TooltipColor="" TooltipFont="CRB_InterfaceSmall_O"/>
            </Control>
            <Control Class="Window" LAnchorPoint="1" LAnchorOffset="-100" TAnchorPoint="0" TAnchorOffset="6" RAnchorPoint="1" RAnchorOffset="-6" BAnchorPoint="0" BAnchorOffset="49" RelativeToClient="1" Font="Default" Text="" Template="Default" Name="MapControlsSidebar" BGColor="ffffffff" TextColor="ffffffff" IgnoreMouse="1" NoClip="1" Visible="1" Picture="1" Sprite="" TooltipColor="">
                <Control Class="Button" Base="CRB_Basekit:kitBtn_Close" Font="CRB_InterfaceMedium" ButtonType="PushButton" LAnchorPoint="0" LAnchorOffset="58" TAnchorPoint="0" TAnchorOffset="9" RAnchorPoint="0" RAnchorOffset="85" BAnchorPoint="0" BAnchorOffset="38" Name="MapCloseBtn" BGColor="ffffffff" TextColor="ffffffff" RelativeToClient="1" TestAlpha="1" NormalTextColor="ffffffff" PressedTextColor="ffffffff" FlybyTextColor="ffffffff" PressedFlybyTextColor="ffffffff" DisabledTextColor="ffffffff" TooltipColor="">
                    <Event Name="ButtonSignal" Function="OnCloseBtn"/>
                </Control>
                <Control Class="Button" Base="CRB_Basekit:kitBtn_Metal_Options" ButtonType="Check" RadioGroup="" LAnchorPoint="0" LAnchorOffset="23" TAnchorPoint="0" TAnchorOffset="7" RAnchorPoint="0" RAnchorOffset="55" BAnchorPoint="0" BAnchorOffset="39" Name="ToggleControlsBtn" BGColor="ffffffff" TextColor="ffffffff" NormalTextColor="ffffffff" PressedTextColor="ffffffff" FlybyTextColor="ffffffff" PressedFlybyTextColor="ffffffff" DisabledTextColor="ffffffff" Tooltip="" TooltipId="CRB_Expand_zone_selection_controls" TooltipType="OnCursor" RelativeToClient="1" IgnoreMouse="0" NoClip="1" TooltipColor="white" TooltipFont="CRB_InterfaceSmall_O">
                    <Event Name="ButtonCheck" Function="OnToggleControlsOn"/>
                    <Event Name="ButtonUncheck" Function="OnToggleControlsOff"/>
                </Control>
            </Control>
        </Control>
        <Control Class="Window" LAnchorPoint="0" LAnchorOffset="7" TAnchorPoint="0" TAnchorOffset="6" RAnchorPoint="1" RAnchorOffset="-12" BAnchorPoint="1" BAnchorOffset="-50" RelativeToClient="1" Font="Default" Text="" Template="Default" TooltipType="OnCursor" Name="ZoneMapCompletionParent" BGColor="ffffffff" TextColor="ffffffff" TooltipColor="" IgnoreMouse="1" HideInEditor="1" NewControlDepth="19"/>
        <Event Name="WindowMove" Function="OnWindowMove"/>
        <Control Class="Window" LAnchorPoint="1" LAnchorOffset="-489" TAnchorPoint="0" TAnchorOffset="45" RAnchorPoint="1" RAnchorOffset="-279" BAnchorPoint="0" BAnchorOffset="599" RelativeToClient="1" Font="Default" Text="" Template="Default" Name="MarkersList" BGColor="ffffffff" TextColor="ffffffff" IgnoreMouse="0" Visible="0" NewWindowDepth="1" CloseOnExternalClick="1" Overlapped="0" Picture="1" Sprite="BK3:sprMetal_ExpandMenu_MedSmall_Framing" HideInEditor="0" TooltipColor="" NoClip="1" Tooltip="" AutoHideScroll="1">
            <Control Class="Window" LAnchorPoint="0" LAnchorOffset="5" TAnchorPoint="0" TAnchorOffset="5" RAnchorPoint="0" RAnchorOffset="207" BAnchorPoint="1" BAnchorOffset="-4" RelativeToClient="1" Font="Default" Text="" Template="CRB_Scroll_HoloSmall" Name="MarkerPaneButtonList" BGColor="ffffffff" TextColor="ffffffff" Tooltip="" VScroll="1" IgnoreMouse="1" HideInEditor="0" TooltipColor="" AutoHideScroll="1">
                <Control Class="Button" Base="BK3:btnMetal_DropList_Small" Font="CRB_InterfaceMedium" ButtonType="Check" RadioGroup="" LAnchorPoint="0" LAnchorOffset="0" TAnchorPoint="0" TAnchorOffset="0" RAnchorPoint="1" RAnchorOffset="-1" BAnchorPoint="0" BAnchorOffset="32" DT_VCENTER="1" DT_CENTER="0" Name="OptionsBtnLabels" BGColor="ffffffff" TextColor="ffffffff" WindowSoundTemplate="PushbuttonDigi01" DrawAsCheckbox="0" Text="" TextId="" NormalTextColor="ffffffff" PressedTextColor="ffffffff" FlybyTextColor="ffffffff" PressedFlybyTextColor="ffffffff" DisabledTextColor="ffffffff" TooltipColor="">
                    <Control Class="Window" LAnchorPoint="0" LAnchorOffset="34" TAnchorPoint="0" TAnchorOffset="2" RAnchorPoint="1" RAnchorOffset="4" BAnchorPoint="1" BAnchorOffset="-2" RelativeToClient="1" Font="CRB_InterfaceMedium_BB" Text="" Template="Default" Name="Label" BGColor="ffffffff" TextColor="UI_BtnTextGoldListNormal" TextId="CRB_Show_Labels" DT_VCENTER="1" HideInEditor="0" TooltipColor=""/>
                    <Control Class="Window" LAnchorPoint="0" LAnchorOffset="-1" TAnchorPoint="0" TAnchorOffset="-2" RAnchorPoint="0" RAnchorOffset="29" BAnchorPoint="0" BAnchorOffset="25" RelativeToClient="1" Font="Default" Text="" Template="Default" Name="Image" BGColor="ffffffff" TextColor="ffffffff" Picture="1" IgnoreMouse="1" Sprite="" NewControlDepth="1" Visible="0" TooltipColor=""/>
                    <Event Name="ButtonCheck" Function="OnToggleLabels"/>
                    <Event Name="ButtonUncheck" Function="OnToggleLabels"/>
                </Control>
                <Control Class="Button" Base="kitBtn_List_HoloRadio" Font="CRB_InterfaceMedium" ButtonType="Check" RadioGroup="" LAnchorPoint="0" LAnchorOffset="0" TAnchorPoint="0" TAnchorOffset="27" RAnchorPoint="1" RAnchorOffset="0" BAnchorPoint="0" BAnchorOffset="53" DT_VCENTER="1" DT_CENTER="0" Name="OptionsBtnTerrainHex" BGColor="ffffffff" TextColor="ffffffff" WindowSoundTemplate="PushbuttonDigi01" DrawAsCheckbox="0" Text="" TextId="" NormalTextColor="ffffffff" PressedTextColor="ffffffff" FlybyTextColor="ffffffff" PressedFlybyTextColor="ffffffff" DisabledTextColor="ffffffff" Tooltip="" TooltipId="" TooltipColor="" Visible="0" HideInEditor="1">
                    <Control Class="Window" LAnchorPoint="0" LAnchorOffset="28" TAnchorPoint="0" TAnchorOffset="2" RAnchorPoint="1" RAnchorOffset="3" BAnchorPoint="1" BAnchorOffset="-2" RelativeToClient="1" Font="CRB_InterfaceMedium_O" Text="" Template="Default" Name="Label" BGColor="ffffffff" TextColor="ff2f94ac" TextId="CRB_Show_Hexes_on_Terrain" DT_VCENTER="1" Tooltip="" TooltipId="" TooltipColor=""/>
                    <Control Class="Window" LAnchorPoint="0" LAnchorOffset="4" TAnchorPoint="0" TAnchorOffset="6" RAnchorPoint="0" RAnchorOffset="21" BAnchorPoint="0" BAnchorOffset="21" RelativeToClient="1" Font="Default" Text="" Template="Default" Name="Image" BGColor="6f32fcf6" TextColor="ffffffff" Picture="1" IgnoreMouse="1" Sprite="" Tooltip="" TooltipId="" NewControlDepth="3" Visible="0"/>
                    <Event Name="ButtonCheck" Function="OnTerrainHexCheck"/>
                    <Event Name="ButtonUncheck" Function="OnTerrainHexUncheck"/>
                </Control>
            </Control>
            <Pixie LAnchorPoint="0" LAnchorOffset="5" TAnchorPoint="0" TAnchorOffset="5" RAnchorPoint="1" RAnchorOffset="-4" BAnchorPoint="1" BAnchorOffset="-4" Sprite="CRB_Basekit:kitBase_MetalGrey_Medium" BGColor="white" TextColor="black" Rotation="0" Font="Default"/>
        </Control>
        <Event Name="WindowClosed" Function="OnWindowClosed"/>
        <Event Name="WindowKeyEscape" Function="OnWindowClosed"/>
    </Form>
    <Form Class="Window" Base="DatachronSprites:btnHousingOptions" Font="Thick" ButtonType="PushButton" RadioGroup="" LAnchorPoint="0" LAnchorOffset="0" TAnchorPoint="0" TAnchorOffset="0" RAnchorPoint="1" RAnchorOffset="0" BAnchorPoint="0" BAnchorOffset="33" DT_VCENTER="1" DT_CENTER="0" Name="ZoneComplexListEntry" Border="0" Picture="0" SwallowMouseClicks="1" Moveable="0" Escapable="0" Overlapped="0" BGColor="ffffffff" TextColor="ffffffff" TooltipColor="" RelativeToClient="1" IgnoreMouse="1">
        <Control Class="Button" Base="BK3:btnMetal_ExpandMenu_NoNav" Font="CRB_InterfaceMedium_B" ButtonType="PushButton" RadioGroup="" LAnchorPoint="0" LAnchorOffset="0" TAnchorPoint="0" TAnchorOffset="0" RAnchorPoint="1" RAnchorOffset="0" BAnchorPoint="1" BAnchorOffset="-1" DT_VCENTER="1" DT_CENTER="1" Name="ZoneComplexListBtn" Border="0" Picture="0" SwallowMouseClicks="1" Moveable="0" Escapable="0" Overlapped="0" BGColor="ffffffff" TextColor="UI_BtnTextGoldListNormal" NormalTextColor="ffffffff" PressedTextColor="ffffffff" FlybyTextColor="ffffffff" PressedFlybyTextColor="ffffffff" DisabledTextColor="ffffffff" TooltipColor="" RelativeToClient="1" DT_WORDBREAK="1">
            <Event Name="ButtonSignal" Function="OnZoneComplexListBtn"/>
        </Control>
        <Control Class="Window" LAnchorPoint="0" LAnchorOffset="10" TAnchorPoint="0" TAnchorOffset="0" RAnchorPoint="1" RAnchorOffset="0" BAnchorPoint="1" BAnchorOffset="0" RelativeToClient="1" Font="CRB_InterfaceSmall" Text="" Template="Default" TooltipType="OnCursor" Name="ZoneComplextListTitle" BGColor="ffffffff" TextColor="UI_BtnTextGoldListNormal" TooltipColor="" IgnoreMouse="1" DT_VCENTER="1" DT_CENTER="0"/>
    </Form>
    <Form Class="Window" LAnchorPoint="0" LAnchorOffset="0" TAnchorPoint="0" TAnchorOffset="0" RAnchorPoint="0" RAnchorOffset="400" BAnchorPoint="1" BAnchorOffset="0" RelativeToClient="1" Font="Default" Text="" Template="" Name="ZoneMapControlPanel" Picture="1" SwallowMouseClicks="1" Escapable="1" BGColor="ffffffff" TextColor="ffffffff" Sprite="" IgnoreMouse="0" LeftEdgeControlsAnchor="" RightEdgeControlsAnchor="" Overlapped="0" NeverBringToFront="0" TooltipColor="" Tooltip="">
        <Control Class="Window" LAnchorPoint="0" LAnchorOffset="15" TAnchorPoint="0" TAnchorOffset="15" RAnchorPoint="1" RAnchorOffset="-15" BAnchorPoint="1" BAnchorOffset="-15" RelativeToClient="1" Font="Default" Text="" Template="" Name="ControlPanelInnerFrame" Picture="0" SwallowMouseClicks="1" Escapable="0" BGColor="ffffffff" TextColor="ffffffff" Sprite="" IgnoreMouse="1" LeftEdgeControlsAnchor="" RightEdgeControlsAnchor="" Overlapped="0" TooltipColor="" Tooltip="">
            <Control Class="Window" LAnchorPoint="0" LAnchorOffset="0" TAnchorPoint="0" TAnchorOffset="0" RAnchorPoint="1" RAnchorOffset="0" BAnchorPoint=".30" BAnchorOffset="0" RelativeToClient="1" Font="Default" Text="" Template="Default" TooltipType="OnCursor" Name="QuestPaneContainer" BGColor="ffffffff" TextColor="ffffffff" Sprite="BK3:UI_BK3_Holo_InsetHeaderThin" Picture="1" IgnoreMouse="1" TooltipColor="" NewWindowDepth="0" NewControlDepth="5">
                <Control Class="Button" Base="BK3:btnHolo_ExpandCollapse" Font="CRB_HeaderMedium" ButtonType="Check" RadioGroup="" LAnchorPoint="0" LAnchorOffset="0" TAnchorPoint="0" TAnchorOffset="0" RAnchorPoint="1" RAnchorOffset="0" BAnchorPoint="0" BAnchorOffset="40" DT_VCENTER="1" DT_CENTER="1" Name="QuestPaneToggle" BGColor="ffffffff" TextColor="ffffffff" NormalTextColor="ff7fffb9" PressedTextColor="ffffffff" FlybyTextColor="ff7fffb9" PressedFlybyTextColor="ffffffff" DisabledTextColor="ff808080" Text="" TextId="CRB_Quests" RelativeToClient="1" TooltipColor="">
                    <Event Name="ButtonCheck" Function="OnResizeOptionsPane"/>
                    <Event Name="ButtonUncheck" Function="OnResizeOptionsPane"/>
                </Control>
                <Control Class="Window" LAnchorPoint="0" LAnchorOffset="0" TAnchorPoint="0" TAnchorOffset="34" RAnchorPoint="1" RAnchorOffset="0" BAnchorPoint="1" BAnchorOffset="0" RelativeToClient="1" Font="Default" Text="" Template="Default" Name="QuestPaneContent" BGColor="ffffffff" TextColor="ffffffff" IgnoreMouse="1" NoClip="0" HideInEditor="0" Visible="1" TransitionShowHide="0" UseTransitionSprite="0" Border="0" TooltipColor="">
                    <Control Class="Window" LAnchorPoint="0" LAnchorOffset="5" TAnchorPoint="0" TAnchorOffset="5" RAnchorPoint="1" RAnchorOffset="-5" BAnchorPoint="1" BAnchorOffset="-5" RelativeToClient="1" Font="Default" Text="" Template="Holo_ScrollListSmall" Name="QuestPaneContentList" BGColor="ffffffff" TextColor="ffffffff" VScroll="1" IgnoreMouse="1" Tooltip="" NewControlDepth="5" AutoHideScroll="0" HideInEditor="0" TooltipColor="" Picture="1" Moveable="0" Border="1" UseTemplateBG="1"/>
                </Control>
            </Control>
            <Control Class="Window" LAnchorPoint="0" LAnchorOffset="0" TAnchorPoint=".3" TAnchorOffset="0" RAnchorPoint="1" RAnchorOffset="0" BAnchorPoint=".53" BAnchorOffset="0" RelativeToClient="1" Font="Default" Text="" Template="Default" TooltipType="OnCursor" Name="MissionPaneContainer" BGColor="ffffffff" TextColor="ffffffff" Sprite="BK3:UI_BK3_Holo_InsetHeaderThin" Picture="1" IgnoreMouse="1" TooltipColor="">
                <Control Class="Button" Base="BK3:btnHolo_ExpandCollapse" Font="CRB_HeaderMedium" ButtonType="Check" RadioGroup="" LAnchorPoint="0" LAnchorOffset="0" TAnchorPoint="0" TAnchorOffset="0" RAnchorPoint="1" RAnchorOffset="0" BAnchorPoint="0" BAnchorOffset="40" DT_VCENTER="1" DT_CENTER="1" Name="MissionPaneToggle" BGColor="ffffffff" TextColor="ffffffff" NormalTextColor="ff7fffb9" PressedTextColor="ffffffff" FlybyTextColor="ff7fffb9" PressedFlybyTextColor="ffffffff" DisabledTextColor="ff808080" Text="" TextId="CRB_Missions" RelativeToClient="1" TooltipColor="">
                    <Event Name="ButtonCheck" Function="OnResizeOptionsPane"/>
                    <Event Name="ButtonUncheck" Function="OnResizeOptionsPane"/>
                </Control>
                <Control Class="Window" LAnchorPoint="0" LAnchorOffset="0" TAnchorPoint="0" TAnchorOffset="34" RAnchorPoint="1" RAnchorOffset="0" BAnchorPoint="1" BAnchorOffset="0" RelativeToClient="1" Font="Default" Text="" Template="Default" Name="MissionPaneContent" BGColor="ffffffff" TextColor="ffffffff" IgnoreMouse="1" NoClip="0" HideInEditor="0" Visible="1" TransitionShowHide="0" UseTransitionSprite="0" Border="0" TooltipColor="">
                    <Control Class="Window" LAnchorPoint="0" LAnchorOffset="5" TAnchorPoint="0" TAnchorOffset="5" RAnchorPoint="1" RAnchorOffset="-5" BAnchorPoint="1" BAnchorOffset="-5" RelativeToClient="1" Font="Default" Text="" Template="Holo_ScrollListSmall" Name="MissionPaneContentList" BGColor="ffffffff" TextColor="ffffffff" VScroll="1" IgnoreMouse="1" Tooltip="" NewControlDepth="5" AutoHideScroll="0" HideInEditor="0" TooltipColor="" HScroll="0" Picture="1" UseTemplateBG="1" Border="1"/>
                </Control>
            </Control>
            <Control Class="Window" LAnchorPoint="0" LAnchorOffset="0" TAnchorPoint=".53" TAnchorOffset="0" RAnchorPoint="1" RAnchorOffset="0" BAnchorPoint=".77" BAnchorOffset="" RelativeToClient="1" Font="Default" Text="" Template="Default" TooltipType="OnCursor" Name="ChallengePaneContainer" BGColor="ffffffff" TextColor="ffffffff" Sprite="BK3:UI_BK3_Holo_InsetHeaderThin" Picture="1" IgnoreMouse="1" TooltipColor="">
                <Control Class="Button" Base="BK3:btnHolo_ExpandCollapse" Font="CRB_HeaderMedium" ButtonType="Check" RadioGroup="" LAnchorPoint="0" LAnchorOffset="0" TAnchorPoint="0" TAnchorOffset="0" RAnchorPoint="1" RAnchorOffset="0" BAnchorPoint="0" BAnchorOffset="40" DT_VCENTER="1" DT_CENTER="1" Name="ChallengePaneToggle" BGColor="ffffffff" TextColor="ffffffff" NormalTextColor="ff7fffb9" PressedTextColor="ffffffff" FlybyTextColor="ff7fffb9" PressedFlybyTextColor="ffffffff" DisabledTextColor="ff808080" Text="" TextId="ZoneCompletionType_Challenge" RelativeToClient="1" TooltipColor="">
                    <Event Name="ButtonCheck" Function="OnResizeOptionsPane"/>
                    <Event Name="ButtonUncheck" Function="OnResizeOptionsPane"/>
                </Control>
                <Control Class="Window" LAnchorPoint="0" LAnchorOffset="0" TAnchorPoint="0" TAnchorOffset="34" RAnchorPoint="1" RAnchorOffset="0" BAnchorPoint="1" BAnchorOffset="0" RelativeToClient="1" Font="Default" Text="" Template="Default" Name="ChallengePaneContent" BGColor="ffffffff" TextColor="ffffffff" IgnoreMouse="1" NoClip="0" HideInEditor="0" Visible="1" TransitionShowHide="0" UseTransitionSprite="0" Border="0" TooltipColor="">
                    <Control Class="Window" LAnchorPoint="0" LAnchorOffset="5" TAnchorPoint="0" TAnchorOffset="5" RAnchorPoint="1" RAnchorOffset="-5" BAnchorPoint="1" BAnchorOffset="-5" RelativeToClient="1" Font="Default" Text="" Template="Holo_ScrollListSmall" Name="ChallengePaneContentList" BGColor="ffffffff" TextColor="ffffffff" VScroll="1" IgnoreMouse="1" Tooltip="" NewControlDepth="5" AutoHideScroll="0" HideInEditor="0" TooltipColor="" Border="1" UseTemplateBG="1"/>
                </Control>
            </Control>
            <Control Class="Window" LAnchorPoint="0" LAnchorOffset="0" TAnchorPoint=".77" TAnchorOffset="" RAnchorPoint="1" RAnchorOffset="0" BAnchorPoint="1" BAnchorOffset="0" RelativeToClient="1" Font="Default" Text="" Template="Default" TooltipType="OnCursor" Name="PublicEventPaneContainer" BGColor="ffffffff" TextColor="ffffffff" Sprite="BK3:UI_BK3_Holo_InsetHeaderThin" Picture="1" IgnoreMouse="1" TooltipColor="">
                <Control Class="Button" Base="BK3:btnHolo_ExpandCollapse" Font="CRB_HeaderMedium" ButtonType="Check" RadioGroup="" LAnchorPoint="0" LAnchorOffset="0" TAnchorPoint="0" TAnchorOffset="0" RAnchorPoint="1" RAnchorOffset="0" BAnchorPoint="0" BAnchorOffset="40" DT_VCENTER="1" DT_CENTER="1" Name="PublicEventPaneToggle" BGColor="ffffffff" TextColor="ffffffff" NormalTextColor="ff7fffb9" PressedTextColor="ffffffff" FlybyTextColor="ff7fffb9" PressedFlybyTextColor="ffffffff" DisabledTextColor="ff808080" Text="" TextId="ZoneMap_PublicEvents" RelativeToClient="1" TooltipColor="">
                    <Event Name="ButtonCheck" Function="OnResizeOptionsPane"/>
                    <Event Name="ButtonUncheck" Function="OnResizeOptionsPane"/>
                </Control>
                <Control Class="Window" LAnchorPoint="0" LAnchorOffset="0" TAnchorPoint="0" TAnchorOffset="34" RAnchorPoint="1" RAnchorOffset="0" BAnchorPoint="1" BAnchorOffset="0" RelativeToClient="1" Font="Default" Text="" Template="Default" Name="PublicEventPaneContent" BGColor="ffffffff" TextColor="ffffffff" IgnoreMouse="1" NoClip="0" HideInEditor="0" Visible="1" TransitionShowHide="0" UseTransitionSprite="0" Border="0" TooltipColor="">
                    <Control Class="Window" LAnchorPoint="0" LAnchorOffset="5" TAnchorPoint="0" TAnchorOffset="5" RAnchorPoint="1" RAnchorOffset="-5" BAnchorPoint="1" BAnchorOffset="-5" RelativeToClient="1" Font="Default" Text="" Template="Holo_ScrollListSmall" Name="PublicEventPaneContentList" BGColor="ffffffff" TextColor="ffffffff" VScroll="1" IgnoreMouse="1" Tooltip="" NewControlDepth="5" AutoHideScroll="0" HideInEditor="0" TooltipColor="" Border="1" UseTemplateBG="1"/>
                </Control>
            </Control>
        </Control>
        <Pixie LAnchorPoint="0" LAnchorOffset="4" TAnchorPoint="0" TAnchorOffset="4" RAnchorPoint="1" RAnchorOffset="-4" BAnchorPoint="1" BAnchorOffset="-4" BGColor="ffffffff" Font="Default" TextColor="ffffffff" Text="" Sprite="kitAccent_Scanlines" Line="0"/>
        <Control Class="Window" LAnchorPoint="0" LAnchorOffset="-20" TAnchorPoint="0" TAnchorOffset="-20" RAnchorPoint="1" RAnchorOffset="20" BAnchorPoint="1" BAnchorOffset="20" RelativeToClient="1" Font="Default" Text="" BGColor="UI_WindowBGDefault" TextColor="UI_WindowTextDefault" Template="Default" TooltipType="OnCursor" Name="Frame" TooltipColor="" Picture="1" IgnoreMouse="1" Border="0" UseTemplateBG="0" Sprite="BK3:UI_BK3_Holo_Framing_3" NoClip="1" NewControlDepth="1"/>
        <Control Class="Button" Base="CRB_Basekit:kitBtn_Holo_Close" Font="Thick" ButtonType="PushButton" RadioGroup="" LAnchorPoint="1" LAnchorOffset="4" TAnchorPoint="0" TAnchorOffset="3" RAnchorPoint="1" RAnchorOffset="30" BAnchorPoint="0" BAnchorOffset="33" DT_VCENTER="1" DT_CENTER="1" Name="ControlPanelCloseBtn" BGColor="ffffffff" TextColor="ffffffff" NormalTextColor="ffffffff" PressedTextColor="ffffffff" FlybyTextColor="ffffffff" PressedFlybyTextColor="ffffffff" DisabledTextColor="ffffffff" Visible="1" HideInEditor="0" Tooltip="" TooltipId="CRB_Hide_zone_selection_controls" TooltipType="OnCursor" IgnoreTooltipDelay="1" RelativeToClient="1" TooltipColor="">
            <Event Name="ButtonSignal" Function="OnToggleControlsOff"/>
        </Control>
    </Form>
    <Form Name="QuestEntry" Class="Window" LAnchorPoint="0" LAnchorOffset="0" TAnchorPoint="0" TAnchorOffset="0" RAnchorPoint="1" RAnchorOffset="-16" BAnchorPoint="0" BAnchorOffset="500" Visible="1" RelativeToClient="0" BGColor="00000000" TextColor="ffffffff" SwallowMouseClicks="1" IgnoreMouse="0" Overlapped="1" TopEdgeControlsAnchor="" LeftEdgeControlsAnchor="" RightEdgeControlsAnchor="" Sprite="WhiteFill" Picture="0" TooltipType="OnCursor" IgnoreTooltipDelay="1" TooltipColor="">
        <Control Class="Window" LAnchorPoint="0" LAnchorOffset="0" TAnchorPoint="0" TAnchorOffset="0" RAnchorPoint="1" RAnchorOffset="0" BAnchorPoint="1" BAnchorOffset="-2" RelativeToClient="1" Font="Default" Text="" Template="Default" Name="QuestBacker" BGColor="ffffffff" TextColor="ffffffff" AutoFade="0" IgnoreMouse="1" Picture="1" Sprite="BK3:btnHolo_ListView_MidNormal" Visible="1" TransitionShowHide="0" TextId="" NoClip="0" TooltipColor=""/>
        <Control Name="TextNoItem" Class="MLWindow" LAnchorPoint="0" LAnchorOffset="28" TAnchorPoint="0" TAnchorOffset="5" RAnchorPoint="1" RAnchorOffset="-32" BAnchorPoint="0" BAnchorOffset="500" Visible="1" Font="CRB_HeaderMedium" BGColor="ffffffff" TextColor="UI_TextHoloBody" DT_WORDBREAK="0" NewControlDepth="5" IgnoreMouse="1" Picture="0" Sprite="" TooltipColor="">
            <Event Name="MouseEnter" Function=""/>
            <Event Name="MouseExit" Function=""/>
        </Control>
        <Event Name="MouseEnter" Function="QuestEntryMouseEnter"/>
        <Event Name="MouseExit" Function="QuestEntryMouseExit"/>
        <Event Name="MouseButtonDown" Function="QuestEntryMouseButtonDown"/>
        <Control Name="TextNumber" Class="Window" LAnchorPoint="0" LAnchorOffset="4" TAnchorPoint="0" TAnchorOffset="5" RAnchorPoint="0" RAnchorOffset="24" BAnchorPoint="0" BAnchorOffset="500" Visible="1" Font="CRB_InterfaceMedium_B" BGColor="ffffffff" TextColor="ffffffff" DT_WORDBREAK="0" NewControlDepth="5" IgnoreMouse="1" Picture="0" Sprite="" Text="" TextId="" DT_RIGHT="1" TooltipColor="">
            <Event Name="MouseEnter" Function=""/>
            <Event Name="MouseExit" Function=""/>
        </Control>
        <Control Class="Window" LAnchorPoint="1" LAnchorOffset="-18" TAnchorPoint="0" TAnchorOffset="8" RAnchorPoint="1" RAnchorOffset="-8" BAnchorPoint="1" BAnchorOffset="-8" RelativeToClient="1" Font="Default" Text="" Template="Default" Name="DifficultyMark" BGColor="ffffffff" TextColor="ffffffff" Picture="1" IgnoreMouse="1" Sprite="ClientSprites:WhiteFill" HideInEditor="0" NewWindowDepth="1" TooltipColor=""/>
        <Pixie LAnchorPoint="1" LAnchorOffset="-20" TAnchorPoint="0" TAnchorOffset="6" RAnchorPoint="1" RAnchorOffset="-6" BAnchorPoint="1" BAnchorOffset="-6" BGColor="ffffffff" Font="Default" TextColor="ffffffff" Text="" Sprite="CRB_PlayerPathSprites:sprPP_ScreenFraming" Line="0"/>
    </Form>
    <Form Class="Button" Base="BK3:btnMetal_DropList_Small" Font="CRB_InterfaceMedium" ButtonType="Check" RadioGroup="" LAnchorPoint="0" LAnchorOffset="0" TAnchorPoint="0" TAnchorOffset="0" RAnchorPoint="1" RAnchorOffset="0" BAnchorPoint="0" BAnchorOffset="32" DT_VCENTER="1" DT_CENTER="0" Name="MarkerBtn" BGColor="ffffffff" TextColor="ffffffff" WindowSoundTemplate="PushbuttonDigi01" DrawAsCheckbox="0" Text="" TextId="" NormalTextColor="ffffffff" PressedTextColor="ffffffff" FlybyTextColor="ffffffff" PressedFlybyTextColor="ffffffff" DisabledTextColor="ffffffff" Tooltip="" TooltipId="" TooltipColor="">
        <Control Class="Window" LAnchorPoint="0" LAnchorOffset="51" TAnchorPoint="0" TAnchorOffset="0" RAnchorPoint="1" RAnchorOffset="-1" BAnchorPoint="1" BAnchorOffset="0" RelativeToClient="1" Font="CRB_InterfaceSmall" Text="" Template="Default" Name="MarkerBtnLabel" BGColor="ffffffff" TextColor="UI_TextMetalGoldHighlight" TextId="CRB_Nearby_Quest_NPCs" DT_VCENTER="1" Tooltip="" TooltipId="" TooltipColor=""/>
        <Control Class="Window" LAnchorPoint="0" LAnchorOffset="29" TAnchorPoint="0" TAnchorOffset="6" RAnchorPoint="0" RAnchorOffset="49" BAnchorPoint="1" BAnchorOffset="-6" RelativeToClient="1" Font="Default" Text="" Template="Default" Name="MarkerBtnImage" BGColor="ffffffff" TextColor="ffffffff" Picture="1" IgnoreMouse="1" Sprite="CRB_MinimapSprites:sprMM_QuestGiver" Tooltip="" TooltipId="" NewControlDepth="3" TooltipColor=""/>
        <Event Name="ButtonCheck" Function="OnMarkerBtnCheck"/>
        <Event Name="ButtonUncheck" Function="OnMarkerBtnUncheck"/>
    </Form>
    <Form Class="Window" LAnchorPoint="0.5" LAnchorOffset="-210" TAnchorPoint="0.5" TAnchorOffset="-300" RAnchorPoint="0.5" RAnchorOffset="210" BAnchorPoint="0.5" BAnchorOffset="300" RelativeToClient="1" Font="Default" Text="" Template="" TooltipType="OnCursor" Name="CityDirections" Border="0" Picture="1" SwallowMouseClicks="1" Moveable="1" Escapable="1" Overlapped="1" BGColor="ffffffff" TextColor="ffffffff" TooltipColor="" IgnoreMouse="1" Sprite="" TransitionShowHide="1" UseTemplateBG="0" Tooltip="">
        <Event Name="WindowClosed" Function="OnCityDirectionsClosed"/>
        <Control Class="Window" LAnchorPoint="0" LAnchorOffset="57" TAnchorPoint="0" TAnchorOffset="104" RAnchorPoint="1" RAnchorOffset="-309" BAnchorPoint="0" BAnchorOffset="124" RelativeToClient="1" Font="Default" Text="" Template="Default" TooltipType="OnCursor" Name="CityDirections" BGColor="ffffffff" TextColor="ffffffff" TooltipColor="" Picture="1" IgnoreMouse="1" Sprite=""/>
        <Control Class="Window" LAnchorPoint="0" LAnchorOffset="0" TAnchorPoint="0" TAnchorOffset="0" RAnchorPoint="1" RAnchorOffset="0" BAnchorPoint="1" BAnchorOffset="0" RelativeToClient="1" Font="Default" Text="" Template="Holo_Small" TooltipType="OnCursor" Name="CityDirectionsFrame" BGColor="ffffffff" TextColor="ffffffff" TooltipColor="" Sprite="" Picture="1" IgnoreMouse="1" NewControlDepth="1" UseTemplateBG="1" Border="1"/>
        <Control Class="Window" LAnchorPoint="0" LAnchorOffset="40" TAnchorPoint="0" TAnchorOffset="44" RAnchorPoint="1" RAnchorOffset="-43" BAnchorPoint="0" BAnchorOffset="85" RelativeToClient="1" Font="CRB_HeaderHuge" Text="" Template="Default" TooltipType="OnCursor" Name="CityDirectionsTitle" BGColor="ffffffff" TextColor="ffffeea4" TooltipColor="" Picture="1" IgnoreMouse="1" Sprite="" DT_CENTER="1" DT_VCENTER="1" TextId="ZoneMap_CityDirections" Tooltip=""/>
        <Control Class="Button" Base="BK3:btnHolo_Close" Font="Thick" ButtonType="PushButton" RadioGroup="" LAnchorPoint="1" LAnchorOffset="-83" TAnchorPoint="0" TAnchorOffset="40" RAnchorPoint="1" RAnchorOffset="-39" BAnchorPoint="0" BAnchorOffset="85" DT_VCENTER="1" DT_CENTER="1" TooltipType="OnCursor" Name="CityDirectionsCloseBtn" BGColor="ffffffff" TextColor="ffffffff" TooltipColor="" NormalTextColor="ffffffff" PressedTextColor="ffffffff" FlybyTextColor="ffffffff" PressedFlybyTextColor="ffffffff" DisabledTextColor="ffffffff" Visible="1" HideInEditor="0">
            <Event Name="ButtonSignal" Function="OnCityDirectionsClosed"/>
        </Control>
        <Control Class="Window" LAnchorPoint="0" LAnchorOffset="50" TAnchorPoint="0" TAnchorOffset="90" RAnchorPoint="1" RAnchorOffset="-50" BAnchorPoint="1" BAnchorOffset="-50" RelativeToClient="1" Font="Default" Text="" Template="Holo_ScrollListSmall" Name="CityDirectionsList" BGColor="ffffffff" TextColor="ffffffff" AutoFade="0" IgnoreMouse="1" Picture="1" Sprite="" Visible="1" TransitionShowHide="0" TextId="" NoClip="1" TooltipColor="" NewControlDepth="10" VScroll="1" Border="1" UseTemplateBG="1"/>
    </Form>
    <Form Class="Button" Base="BK3:btnHolo_ListView_Mid" Font="CRB_InterfaceMedium_B" ButtonType="PushButton" RadioGroup="" LAnchorPoint="0" LAnchorOffset="0" TAnchorPoint="0" TAnchorOffset="0" RAnchorPoint="1" RAnchorOffset="0" BAnchorPoint="0" BAnchorOffset="40" DT_VCENTER="1" DT_CENTER="1" TooltipType="OnCursor" Name="CityDirectionsBtn" Border="0" Picture="1" SwallowMouseClicks="1" Moveable="0" Escapable="0" Overlapped="1" BGColor="ffffffff" TextColor="ffffffff" TooltipColor="" NormalTextColor="UI_BtnTextHoloListNormal" PressedTextColor="UI_BtnTextHoloListPressed" FlybyTextColor="UI_BtnTextHoloListFlyby" PressedFlybyTextColor="UI_BtnTextHoloListPressedFlyby" DisabledTextColor="UI_BtnTextHoloListDisabled" RelativeToClient="1" Text="" TextId="" Tooltip="">
        <Event Name="ButtonSignal" Function="OnCityDirectionBtn"/>
        <Control Class="Window" LAnchorPoint="0" LAnchorOffset="8" TAnchorPoint="0" TAnchorOffset="7" RAnchorPoint="0" RAnchorOffset="34" BAnchorPoint="1" BAnchorOffset="-7" RelativeToClient="1" Font="Default" Text="" Template="Default" TooltipType="OnCursor" Name="CityDirectionsBtnIcon" BGColor="ffffffff" TextColor="ffffffff" TooltipColor="" Picture="1" IgnoreMouse="1" Sprite="ClientSprites:Icon_ArchetypeUI_CRB_DefensiveHealer"/>
        <Control Class="Window" LAnchorPoint="0" LAnchorOffset="45" TAnchorPoint="0" TAnchorOffset="0" RAnchorPoint="1" RAnchorOffset="-12" BAnchorPoint="1" BAnchorOffset="0" RelativeToClient="1" Font="CRB_InterfaceMedium_B" Text="" Template="Default" TooltipType="OnCursor" Name="CityDirectionsBtnText" BGColor="ffffffff" TextColor="UI_BtnTextHoloNormal" TooltipColor="" DT_WORDBREAK="1" DT_VCENTER="1"/>
    </Form>
    <Form Name="MissionEntry" Class="Window" LAnchorPoint="0" LAnchorOffset="0" TAnchorPoint="0" TAnchorOffset="0" RAnchorPoint="1" RAnchorOffset="-16" BAnchorPoint="0" BAnchorOffset="500" Visible="1" RelativeToClient="0" BGColor="00000000" TextColor="ffffffff" SwallowMouseClicks="1" IgnoreMouse="0" Overlapped="0" TopEdgeControlsAnchor="" LeftEdgeControlsAnchor="" RightEdgeControlsAnchor="" Sprite="WhiteFill" Picture="0" TooltipType="OnCursor" IgnoreTooltipDelay="1" TooltipColor="" Text="" Tooltip="">
        <Control Class="Window" LAnchorPoint="0" LAnchorOffset="0" TAnchorPoint="0" TAnchorOffset="0" RAnchorPoint="1" RAnchorOffset="0" BAnchorPoint="1" BAnchorOffset="-2" RelativeToClient="1" Font="Default" Text="" Template="Default" Name="MissionBacker" BGColor="ffffffff" TextColor="ffffffff" AutoFade="0" IgnoreMouse="1" Picture="1" Sprite="BK3:btnHolo_ListView_MidNormal" Visible="1" TransitionShowHide="0" TextId="" NoClip="0" TooltipColor=""/>
        <Control Name="TextNoItem" Class="MLWindow" LAnchorPoint="0" LAnchorOffset="28" TAnchorPoint="0" TAnchorOffset="5" RAnchorPoint="1" RAnchorOffset="-32" BAnchorPoint="0" BAnchorOffset="500" Visible="1" Font="CRB_HeaderMedium" BGColor="ffffffff" TextColor="UI_TextHoloBody" DT_WORDBREAK="0" NewControlDepth="5" IgnoreMouse="1" Picture="0" Sprite="" TooltipColor="">
            <Event Name="MouseEnter" Function=""/>
            <Event Name="MouseExit" Function=""/>
        </Control>
        <Event Name="MouseEnter" Function="MissionEntryMouseEnter"/>
        <Event Name="MouseExit" Function="MissionEntryMouseExit"/>
        <Event Name="MouseButtonDown" Function="MissionEntryMouseButtonDown"/>
        <Control Name="TextNumber" Class="Window" LAnchorPoint="0" LAnchorOffset="4" TAnchorPoint="0" TAnchorOffset="5" RAnchorPoint="0" RAnchorOffset="24" BAnchorPoint="0" BAnchorOffset="500" Visible="1" Font="CRB_InterfaceMedium_B" BGColor="ffffffff" TextColor="ffffffff" DT_WORDBREAK="0" NewControlDepth="5" IgnoreMouse="1" Picture="0" Sprite="" Text="" TextId="" DT_RIGHT="1" TooltipColor="">
            <Event Name="MouseEnter" Function=""/>
            <Event Name="MouseExit" Function=""/>
        </Control>
    </Form>
    <Form Name="ChallengeEntry" Class="Window" LAnchorPoint="0" LAnchorOffset="0" TAnchorPoint="0" TAnchorOffset="0" RAnchorPoint="1" RAnchorOffset="-16" BAnchorPoint="0" BAnchorOffset="500" Visible="1" RelativeToClient="0" BGColor="00000000" TextColor="ffffffff" SwallowMouseClicks="1" IgnoreMouse="0" Overlapped="0" TopEdgeControlsAnchor="" LeftEdgeControlsAnchor="" RightEdgeControlsAnchor="" Sprite="WhiteFill" Picture="0" TooltipType="OnCursor" IgnoreTooltipDelay="1" TooltipColor="" Text="" Tooltip="">
        <Control Class="Window" LAnchorPoint="0" LAnchorOffset="0" TAnchorPoint="0" TAnchorOffset="0" RAnchorPoint="1" RAnchorOffset="0" BAnchorPoint="1" BAnchorOffset="-2" RelativeToClient="1" Font="Default" Text="" Template="Default" Name="ChallengeBacker" BGColor="ffffffff" TextColor="ffffffff" AutoFade="0" IgnoreMouse="1" Picture="1" Sprite="BK3:btnHolo_ListView_MidNormal" Visible="1" TransitionShowHide="0" TextId="" NoClip="0" TooltipColor=""/>
        <Control Name="TextNoItem" Class="MLWindow" LAnchorPoint="0" LAnchorOffset="28" TAnchorPoint="0" TAnchorOffset="5" RAnchorPoint="1" RAnchorOffset="-32" BAnchorPoint="0" BAnchorOffset="500" Visible="1" Font="CRB_HeaderMedium" BGColor="ffffffff" TextColor="UI_TextHoloBody" DT_WORDBREAK="0" NewControlDepth="5" IgnoreMouse="1" Picture="0" Sprite="" TooltipColor="" Tooltip="">
            <Event Name="MouseEnter" Function=""/>
            <Event Name="MouseExit" Function=""/>
        </Control>
        <Event Name="MouseEnter" Function="ChallengeEntryMouseEnter"/>
        <Event Name="MouseExit" Function="ChallengeEntryMouseExit"/>
        <Event Name="MouseButtonDown" Function="ChallengeEntryMouseButtonDown"/>
        <Control Name="TextNumber" Class="Window" LAnchorPoint="0" LAnchorOffset="4" TAnchorPoint="0" TAnchorOffset="5" RAnchorPoint="0" RAnchorOffset="24" BAnchorPoint="0" BAnchorOffset="500" Visible="1" Font="CRB_InterfaceMedium_B" BGColor="ffffffff" TextColor="ffffffff" DT_WORDBREAK="0" NewControlDepth="5" IgnoreMouse="1" Picture="0" Sprite="" Text="" TextId="" DT_RIGHT="1" TooltipColor="">
            <Event Name="MouseEnter" Function=""/>
            <Event Name="MouseExit" Function=""/>
        </Control>
    </Form>
    <Form Name="PublicEventEntry" Class="Window" LAnchorPoint="0" LAnchorOffset="0" TAnchorPoint="0" TAnchorOffset="0" RAnchorPoint="1" RAnchorOffset="-16" BAnchorPoint="0" BAnchorOffset="500" Visible="1" RelativeToClient="0" BGColor="00000000" TextColor="ffffffff" SwallowMouseClicks="1" IgnoreMouse="0" Overlapped="0" TopEdgeControlsAnchor="" LeftEdgeControlsAnchor="" RightEdgeControlsAnchor="" Sprite="WhiteFill" Picture="0" TooltipType="OnCursor" IgnoreTooltipDelay="1" TooltipColor="" Text="" Tooltip="">
        <Control Class="Window" LAnchorPoint="0" LAnchorOffset="0" TAnchorPoint="0" TAnchorOffset="0" RAnchorPoint="1" RAnchorOffset="0" BAnchorPoint="1" BAnchorOffset="-2" RelativeToClient="1" Font="Default" Text="" Template="Default" Name="PublicEventBacker" BGColor="ffffffff" TextColor="ffffffff" AutoFade="0" IgnoreMouse="1" Picture="1" Sprite="BK3:btnHolo_ListView_MidNormal" Visible="1" TransitionShowHide="0" TextId="" NoClip="0" TooltipColor=""/>
        <Control Name="TextNoItem" Class="MLWindow" LAnchorPoint="0" LAnchorOffset="28" TAnchorPoint="0" TAnchorOffset="5" RAnchorPoint="1" RAnchorOffset="-32" BAnchorPoint="0" BAnchorOffset="500" Visible="1" Font="CRB_HeaderMedium" BGColor="ffffffff" TextColor="UI_TextHoloBody" DT_WORDBREAK="0" NewControlDepth="5" IgnoreMouse="1" Picture="0" Sprite="" TooltipColor="">
            <Event Name="MouseEnter" Function=""/>
            <Event Name="MouseExit" Function=""/>
        </Control>
        <Event Name="MouseEnter" Function="PublicEventEntryMouseEnter"/>
        <Event Name="MouseExit" Function="PublicEventEntryMouseExit"/>
        <Event Name="MouseButtonDown" Function="PublicEventEntryMouseButtonDown"/>
        <Control Name="TextNumber" Class="Window" LAnchorPoint="0" LAnchorOffset="4" TAnchorPoint="0" TAnchorOffset="5" RAnchorPoint="0" RAnchorOffset="24" BAnchorPoint="0" BAnchorOffset="500" Visible="1" Font="CRB_InterfaceMedium_B" BGColor="ffffffff" TextColor="ffffffff" DT_WORDBREAK="0" NewControlDepth="5" IgnoreMouse="1" Picture="0" Sprite="" Text="" TextId="" DT_RIGHT="1" TooltipColor="">
            <Event Name="MouseEnter" Function=""/>
            <Event Name="MouseExit" Function=""/>
        </Control>
    </Form>
</Forms>
