<Forms>
    <Form Class="Button" Base="CRB_Basekit:kitBtn_Holo" Font="CRB_InterfaceMedium" ButtonType="Check" RadioGroup="Dyes" LAnchorPoint="0" LAnchorOffset="0" TAnchorPoint="0" TAnchorOffset="0" RAnchorPoint="0" RAnchorOffset="35" BAnchorPoint="0" BAnchorOffset="34" DT_VCENTER="1" DT_CENTER="0" TooltipType="OnCursor" Name="DyeColor" Border="0" Picture="1" SwallowMouseClicks="1" Moveable="0" Escapable="1" Overlapped="0" BGColor="white" TextColor="white" TooltipColor="white" NormalTextColor="UI_BtnTextHoloNormal" PressedTextColor="white" FlybyTextColor="UI_BtnTextHoloFlyby" PressedFlybyTextColor="white" DisabledTextColor="UI_BtnTextHoloDisabled" Text="" TextId="" DrawAsCheckbox="0" GlobalRadioGroup="" RelativeToClient="1" CheckboxRight="0" Tooltip="" RadioDisallowNonSelection="1" TooltipFont="CRB_InterfaceMedium">
        <Event Name="ButtonCheck" Function="OnDyeSelect"/>
        <Control Class="Window" LAnchorPoint="0" LAnchorOffset="6" TAnchorPoint="0" TAnchorOffset="6" RAnchorPoint="1" RAnchorOffset="-6" BAnchorPoint="1" BAnchorOffset="-6" RelativeToClient="1" Font="Default" Text="" Template="Default" TooltipType="OnCursor" Name="DyeSwatch" BGColor="white" TextColor="white" TooltipColor="" Picture="1" IgnoreMouse="1" Sprite="CRB_DyeRampSprites:sprDyeRamp_1" NewControlDepth="4"/>
    </Form>
    <Form Class="CharacterFrame" LAnchorPoint="0" LAnchorOffset="0" TAnchorPoint="0" TAnchorOffset="35" RAnchorPoint="0" RAnchorOffset="677" BAnchorPoint="0" BAnchorOffset="721" RelativeToClient="1" Font="Default" BGColor="white" TextColor="white" Overlapped="1" TestAlpha="1" SwallowMouseClicks="1" Escapable="1" UseTransitionSprite="0" TransitionShowHide="0" NoClip="0" TooltipType="OnCursor" Name="ItemDyeWindow" Border="0" Picture="0" Moveable="1" TooltipColor="" Sprite="CRB_Basekit:kitBase_MetalGrey_ListSmall" IgnoreMouse="0" Tooltip="" Text="" TextId="">
        <Control Class="Window" LAnchorPoint="0" LAnchorOffset="0" TAnchorPoint="0" TAnchorOffset="0" RAnchorPoint="1" RAnchorOffset="0" BAnchorPoint="1" BAnchorOffset="0" RelativeToClient="1" Font="Default" Text="" Template="Default" Name="CharFrame_BGArt" BGColor="white" TextColor="white" HideInEditor="0" TooltipColor="" Tooltip="">
            <Control Class="Window" LAnchorPoint="0" LAnchorOffset="21" TAnchorPoint="0" TAnchorOffset="51" RAnchorPoint="1" RAnchorOffset="-20" BAnchorPoint="1" BAnchorOffset="-23" RelativeToClient="1" Font="Default" Text="" Template="Default" Name="BGArt_DyeBacker" BGColor="white" TextColor="white" Picture="1" IgnoreMouse="1" Sprite="CRB_Basekit:kitBase_HoloHexes_Small" TooltipColor="" HideInEditor="0"/>
            <Control Class="Window" LAnchorPoint="0" LAnchorOffset="20" TAnchorPoint="0" TAnchorOffset="25" RAnchorPoint="1" RAnchorOffset="-20" BAnchorPoint="0" BAnchorOffset="69" RelativeToClient="1" Font="Default" Text="" Template="Default" Name="BGArt_OverallHeader" BGColor="white" TextColor="white" Picture="1" IgnoreMouse="1" Sprite="CRB_Basekit:kitHeader_MetalGrey_TitleMarked" TooltipColor=""/>
            <Control Class="Window" LAnchorPoint="0" LAnchorOffset="45" TAnchorPoint="0" TAnchorOffset="68" RAnchorPoint="1" RAnchorOffset="-352" BAnchorPoint="0" BAnchorOffset="591" RelativeToClient="1" Font="Default" Text="" Template="Default" Name="BGArt_CharFrameOuter" BGColor="white" TextColor="white" Picture="1" IgnoreMouse="1" Sprite="CRB_Basekit:kitBase_HoloBlue_InsetBorder_Thin" NewControlDepth="3" TooltipColor="" HideInEditor="0" Visible="1"/>
            <Control Class="CostumeWindow" LAnchorPoint="0" LAnchorOffset="49" TAnchorPoint="0" TAnchorOffset="75" RAnchorPoint="0" RAnchorOffset="323" BAnchorPoint="0" BAnchorOffset="560" RelativeToClient="1" Font="Default" Sprite="WhiteFill" Text="" Template="Default" Name="Costume" BGColor="white" TextColor="white" Camera="Paperdoll" Animated="1" NewControlDepth="1" HideInEditor="0" Visible="1" TooltipColor="" Tooltip=""/>
            <Control Class="Window" LAnchorPoint="0" LAnchorOffset="0" TAnchorPoint="0" TAnchorOffset="0" RAnchorPoint="1" RAnchorOffset="0" BAnchorPoint="1" BAnchorOffset="0" RelativeToClient="1" Font="Default" Text="" Template="Default" Name="BGArt_OverallFrame" BGColor="white" TextColor="white" Picture="1" IgnoreMouse="1" Sprite="CRB_Basekit:kitOuterFrame_MetalGold_Large" TooltipColor="" HideInEditor="0" NewControlDepth="1"/>
            <Control Class="Window" LAnchorPoint="0" LAnchorOffset="13" TAnchorPoint="0" TAnchorOffset="44" RAnchorPoint="1" RAnchorOffset="-13" BAnchorPoint="0" BAnchorOffset="615" RelativeToClient="1" Font="Default" Text="" Template="Default" Name="BGArt_DyeBorder" BGColor="white" TextColor="white" Picture="1" IgnoreMouse="1" Sprite="CRB_Basekit:kitInnerFrame_MetalGrey_Large" TooltipColor="" HideInEditor="0" NewControlDepth="2"/>
            <Control Class="Window" LAnchorPoint="0" LAnchorOffset="5" TAnchorPoint="1" TAnchorOffset="-95" RAnchorPoint="1" RAnchorOffset="-3" BAnchorPoint="1" BAnchorOffset="-5" RelativeToClient="1" Font="Default" Text="" Template="Default" Name="BGArt_FooterPanel" BGColor="white" TextColor="white" Picture="1" IgnoreMouse="1" Sprite="CRB_Basekit:kitFooter_MetalGold_Angled" TooltipColor="" HideInEditor="0" Visible="1"/>
        </Control>
        <Control Class="Window" LAnchorPoint="0" LAnchorOffset="20" TAnchorPoint="0" TAnchorOffset="27" RAnchorPoint="1" RAnchorOffset="0" BAnchorPoint="0" BAnchorOffset="54" RelativeToClient="1" Font="CRB_InterfaceLarge" Sprite="CRB_Basekit:kitHeader_MetalGrey_TitleMarked" Text="" Template="Default" Name="Title" BGColor="white" TextColor="UI_WindowTitleGray" DT_CENTER="1" DT_VCENTER="1" NewControlDepth="5" TooltipColor="" TextId="Dyeing_WindowTitle" HideInEditor="0"/>
        <Control Class="Button" Base="CRB_Basekit:kitBtn_Close" Font="Thick" ButtonType="PushButton" RadioGroup="" LAnchorPoint="1" LAnchorOffset="-34" TAnchorPoint="0" TAnchorOffset="10" RAnchorPoint="1" RAnchorOffset="3" BAnchorPoint="0" BAnchorOffset="46" DT_VCENTER="1" DT_CENTER="1" Name="Close" BGColor="white" TextColor="white" WindowSoundTemplate="CloseWindowPhys" NormalTextColor="white" PressedTextColor="white" FlybyTextColor="white" PressedFlybyTextColor="white" DisabledTextColor="white" NewControlDepth="5" TooltipColor="">
            <Event Name="ButtonSignal" Function="OnClose"/>
        </Control>
        <Event Name="WindowClosed" Function="OnClose"/>
        <Control Class="Window" LAnchorPoint="1" LAnchorOffset="-344" TAnchorPoint="0" TAnchorOffset="71" RAnchorPoint="1" RAnchorOffset="-42" BAnchorPoint="0" BAnchorOffset="591" RelativeToClient="1" Font="Default" Text="" Template="Default" TooltipType="OnCursor" Name="RightSideContainer" BGColor="white" TextColor="white" TooltipColor="" NewControlDepth="4" HideInEditor="0" Tooltip="">
            <Control Class="Window" LAnchorPoint="0" LAnchorOffset="1" TAnchorPoint="0" TAnchorOffset="0" RAnchorPoint="1" RAnchorOffset="1" BAnchorPoint="0" BAnchorOffset="56" RelativeToClient="1" Font="Default" Text="" Template="Default" TooltipType="OnCursor" Name="ItemToggleContainer" BGColor="white" TextColor="white" TooltipColor="">
                <Control Class="Window" LAnchorPoint="0" LAnchorOffset="0" TAnchorPoint="0" TAnchorOffset="0" RAnchorPoint="0" RAnchorOffset="50" BAnchorPoint="1" BAnchorOffset="0" RelativeToClient="1" Font="Default" Text="" Template="Default" TooltipType="OnCursor" Name="ItemContainer_2" BGColor="white" TextColor="white" TooltipColor="">
                    <Control Class="Button" Base="CRB_Basekit:kitBtn_Dropdown_IconBaseStretch" Font="Thick" ButtonType="Check" RadioGroup="" LAnchorPoint="0" LAnchorOffset="1" TAnchorPoint="0" TAnchorOffset="0" RAnchorPoint="1" RAnchorOffset="-1" BAnchorPoint="1" BAnchorOffset="0" DT_VCENTER="1" DT_CENTER="1" TooltipType="OnCursor" Name="ToggleItemBtn" BGColor="white" TextColor="white" TooltipColor="" NormalTextColor="white" PressedTextColor="white" FlybyTextColor="white" PressedFlybyTextColor="white" DisabledTextColor="white">
                        <Event Name="ButtonCheck" Function="OnToggleItemBtn"/>
                        <Event Name="ButtonUncheck" Function="OnToggleItemBtn"/>
                    </Control>
                    <Control Class="ItemSlotWindow" WhenEmpty="btn_Armor_HeadNormal" EquipmentSlot="2" Font="Thick" LAnchorPoint="0" LAnchorOffset="6" TAnchorPoint="0" TAnchorOffset="5" RAnchorPoint="1" RAnchorOffset="-6" BAnchorPoint="1" BAnchorOffset="-13" DT_VCENTER="1" DT_CENTER="1" Name="ItemSlot" BGColor="white" TextColor="white" IgnoreTooltipDelay="1" NewControlDepth="5" HideInEditor="0" Text="" Tooltip="" TooltipId="Character_HeadEmptyTooltip" TooltipColor="" IgnoreMouse="1">
                        <Event Name="GenerateTooltip" Function="OnGenerateTooltip"/>
                    </Control>
                    <Control Class="Window" LAnchorPoint="0" LAnchorOffset="-7" TAnchorPoint="0" TAnchorOffset="-7" RAnchorPoint="1" RAnchorOffset="7" BAnchorPoint="1" BAnchorOffset="0" RelativeToClient="1" Font="Default" Text="" Template="Default" TooltipType="OnCursor" Name="SelectedMark" BGColor="white" TextColor="white" TooltipColor="" Picture="1" IgnoreMouse="1" NewWindowDepth="1" Sprite="CRB_Basekit:kitAccent_Frame_OrangeStroke" HideInEditor="0"/>
                    <Control Class="Window" LAnchorPoint="0" LAnchorOffset="18" TAnchorPoint="0" TAnchorOffset="19" RAnchorPoint="1" RAnchorOffset="0" BAnchorPoint="1" BAnchorOffset="-5" RelativeToClient="1" Font="Default" Text="" BGColor="white" TextColor="UI_WindowTextDefault" Template="Default" TooltipType="OnCursor" Name="CantBeDyedWarning" TooltipColor="" Sprite="IconSprites:Icon_Windows_UI_CRB_Tooltip_Restricted" Picture="1" IgnoreMouse="1" NewControlDepth="1" NewWindowDepth="1" Visible="0" Tooltip="" TooltipId="ItemDyeing_CantBeDyedTooltip" TooltipFont="CRB_Interface9_O"/>
                </Control>
                <Control Class="Window" LAnchorPoint="0" LAnchorOffset="50" TAnchorPoint="0" TAnchorOffset="0" RAnchorPoint="0" RAnchorOffset="100" BAnchorPoint="1" BAnchorOffset="0" RelativeToClient="1" Font="Default" Text="" Template="Default" TooltipType="OnCursor" Name="ItemContainer_3" BGColor="white" TextColor="white" TooltipColor="">
                    <Control Class="Button" Base="CRB_Basekit:kitBtn_Dropdown_IconBaseStretch" Font="Thick" ButtonType="Check" RadioGroup="" LAnchorPoint="0" LAnchorOffset="1" TAnchorPoint="0" TAnchorOffset="0" RAnchorPoint="1" RAnchorOffset="-1" BAnchorPoint="1" BAnchorOffset="0" DT_VCENTER="1" DT_CENTER="1" TooltipType="OnCursor" Name="ToggleItemBtn" BGColor="white" TextColor="white" TooltipColor="" NormalTextColor="white" PressedTextColor="white" FlybyTextColor="white" PressedFlybyTextColor="white" DisabledTextColor="white">
                        <Event Name="ButtonCheck" Function="OnToggleItemBtn"/>
                        <Event Name="ButtonUncheck" Function="OnToggleItemBtn"/>
                    </Control>
                    <Control Class="ItemSlotWindow" WhenEmpty="btn_Armor_ShoulderNormal" EquipmentSlot="3" Font="Thick" LAnchorPoint="0" LAnchorOffset="6" TAnchorPoint="0" TAnchorOffset="5" RAnchorPoint="1" RAnchorOffset="-6" BAnchorPoint="1" BAnchorOffset="-13" DT_VCENTER="1" DT_CENTER="1" Name="ItemSlot" BGColor="white" TextColor="white" IgnoreTooltipDelay="1" NewControlDepth="5" HideInEditor="0" Text="" Tooltip="" TooltipId="Character_ShoulderEmptyTooltip" TooltipColor="" IgnoreMouse="1">
                        <Event Name="GenerateTooltip" Function="OnGenerateTooltip"/>
                    </Control>
                    <Control Class="Window" LAnchorPoint="0" LAnchorOffset="-7" TAnchorPoint="0" TAnchorOffset="-7" RAnchorPoint="1" RAnchorOffset="7" BAnchorPoint="1" BAnchorOffset="0" RelativeToClient="1" Font="Default" Text="" Template="Default" TooltipType="OnCursor" Name="SelectedMark" BGColor="white" TextColor="white" TooltipColor="" Picture="1" IgnoreMouse="1" NewWindowDepth="1" Sprite="CRB_Basekit:kitAccent_Frame_OrangeStroke"/>
                    <Control Class="Window" LAnchorPoint="0" LAnchorOffset="18" TAnchorPoint="0" TAnchorOffset="19" RAnchorPoint="1" RAnchorOffset="0" BAnchorPoint="1" BAnchorOffset="-5" RelativeToClient="1" Font="Default" Text="" BGColor="white" TextColor="UI_WindowTextDefault" Template="Default" TooltipType="OnCursor" Name="CantBeDyedWarning" TooltipColor="" Sprite="IconSprites:Icon_Windows_UI_CRB_Tooltip_Restricted" Picture="1" IgnoreMouse="1" NewControlDepth="1" NewWindowDepth="1" Visible="0" Tooltip="" TooltipId="ItemDyeing_CantBeDyedTooltip" TooltipFont="CRB_Interface9_O"/>
                </Control>
                <Control Class="Window" LAnchorPoint="0" LAnchorOffset="100" TAnchorPoint="0" TAnchorOffset="0" RAnchorPoint="0" RAnchorOffset="150" BAnchorPoint="1" BAnchorOffset="0" RelativeToClient="1" Font="Default" Text="" Template="Default" TooltipType="OnCursor" Name="ItemContainer_0" BGColor="white" TextColor="white" TooltipColor="">
                    <Control Class="Button" Base="CRB_Basekit:kitBtn_Dropdown_IconBaseStretch" Font="Thick" ButtonType="Check" RadioGroup="" LAnchorPoint="0" LAnchorOffset="1" TAnchorPoint="0" TAnchorOffset="0" RAnchorPoint="1" RAnchorOffset="-1" BAnchorPoint="1" BAnchorOffset="0" DT_VCENTER="1" DT_CENTER="1" TooltipType="OnCursor" Name="ToggleItemBtn" BGColor="white" TextColor="white" TooltipColor="" NormalTextColor="white" PressedTextColor="white" FlybyTextColor="white" PressedFlybyTextColor="white" DisabledTextColor="white">
                        <Event Name="ButtonCheck" Function="OnToggleItemBtn"/>
                        <Event Name="ButtonUncheck" Function="OnToggleItemBtn"/>
                    </Control>
                    <Control Class="ItemSlotWindow" WhenEmpty="btn_Armor_ChestNormal" EquipmentSlot="0" Font="Thick" LAnchorPoint="0" LAnchorOffset="6" TAnchorPoint="0" TAnchorOffset="5" RAnchorPoint="1" RAnchorOffset="-6" BAnchorPoint="1" BAnchorOffset="-13" DT_VCENTER="1" DT_CENTER="1" Name="ItemSlot" BGColor="white" TextColor="white" IgnoreTooltipDelay="1" NewControlDepth="5" HideInEditor="0" Text="" Tooltip="" TooltipId="Character_ChestEmptyTooltip" TooltipColor="" IgnoreMouse="1">
                        <Event Name="GenerateTooltip" Function="OnGenerateTooltip"/>
                    </Control>
                    <Control Class="Window" LAnchorPoint="0" LAnchorOffset="-7" TAnchorPoint="0" TAnchorOffset="-7" RAnchorPoint="1" RAnchorOffset="7" BAnchorPoint="1" BAnchorOffset="0" RelativeToClient="1" Font="Default" Text="" Template="Default" TooltipType="OnCursor" Name="SelectedMark" BGColor="white" TextColor="white" TooltipColor="" Picture="1" IgnoreMouse="1" NewWindowDepth="1" Sprite="CRB_Basekit:kitAccent_Frame_OrangeStroke"/>
                    <Control Class="Window" LAnchorPoint="0" LAnchorOffset="18" TAnchorPoint="0" TAnchorOffset="19" RAnchorPoint="1" RAnchorOffset="0" BAnchorPoint="1" BAnchorOffset="-5" RelativeToClient="1" Font="Default" Text="" BGColor="white" TextColor="UI_WindowTextDefault" Template="Default" TooltipType="OnCursor" Name="CantBeDyedWarning" TooltipColor="" Sprite="IconSprites:Icon_Windows_UI_CRB_Tooltip_Restricted" Picture="1" IgnoreMouse="1" NewControlDepth="1" NewWindowDepth="1" Visible="0" Tooltip="" TooltipId="ItemDyeing_CantBeDyedTooltip" TooltipFont="CRB_Interface9_O"/>
                </Control>
                <Control Class="Window" LAnchorPoint="0" LAnchorOffset="150" TAnchorPoint="0" TAnchorOffset="0" RAnchorPoint="0" RAnchorOffset="200" BAnchorPoint="1" BAnchorOffset="0" RelativeToClient="1" Font="Default" Text="" Template="Default" TooltipType="OnCursor" Name="ItemContainer_5" BGColor="white" TextColor="white" TooltipColor="">
                    <Control Class="Button" Base="CRB_Basekit:kitBtn_Dropdown_IconBaseStretch" Font="Thick" ButtonType="Check" RadioGroup="" LAnchorPoint="0" LAnchorOffset="1" TAnchorPoint="0" TAnchorOffset="0" RAnchorPoint="1" RAnchorOffset="-1" BAnchorPoint="1" BAnchorOffset="0" DT_VCENTER="1" DT_CENTER="1" TooltipType="OnCursor" Name="ToggleItemBtn" BGColor="white" TextColor="white" TooltipColor="" NormalTextColor="white" PressedTextColor="white" FlybyTextColor="white" PressedFlybyTextColor="white" DisabledTextColor="white">
                        <Event Name="ButtonCheck" Function="OnToggleItemBtn"/>
                        <Event Name="ButtonUncheck" Function="OnToggleItemBtn"/>
                    </Control>
                    <Control Class="ItemSlotWindow" WhenEmpty="btn_Armor_HandsNormal" EquipmentSlot="5" Font="Thick" LAnchorPoint="0" LAnchorOffset="6" TAnchorPoint="0" TAnchorOffset="5" RAnchorPoint="1" RAnchorOffset="-6" BAnchorPoint="1" BAnchorOffset="-13" DT_VCENTER="1" DT_CENTER="1" Name="ItemSlot" BGColor="white" TextColor="white" IgnoreTooltipDelay="1" NewControlDepth="5" HideInEditor="0" Text="" Tooltip="" TooltipId="Character_HandsEmptyTooltip" TooltipColor="" IgnoreMouse="1">
                        <Event Name="GenerateTooltip" Function="OnGenerateTooltip"/>
                    </Control>
                    <Control Class="Window" LAnchorPoint="0" LAnchorOffset="-7" TAnchorPoint="0" TAnchorOffset="-7" RAnchorPoint="1" RAnchorOffset="7" BAnchorPoint="1" BAnchorOffset="0" RelativeToClient="1" Font="Default" Text="" Template="Default" TooltipType="OnCursor" Name="SelectedMark" BGColor="white" TextColor="white" TooltipColor="" Picture="1" IgnoreMouse="1" NewWindowDepth="1" Sprite="CRB_Basekit:kitAccent_Frame_OrangeStroke"/>
                    <Control Class="Window" LAnchorPoint="0" LAnchorOffset="18" TAnchorPoint="0" TAnchorOffset="19" RAnchorPoint="1" RAnchorOffset="0" BAnchorPoint="1" BAnchorOffset="-5" RelativeToClient="1" Font="Default" Text="" BGColor="white" TextColor="UI_WindowTextDefault" Template="Default" TooltipType="OnCursor" Name="CantBeDyedWarning" TooltipColor="" Sprite="IconSprites:Icon_Windows_UI_CRB_Tooltip_Restricted" Picture="1" IgnoreMouse="1" NewControlDepth="1" NewWindowDepth="1" Visible="0" Tooltip="" TooltipId="ItemDyeing_CantBeDyedTooltip" TooltipFont="CRB_Interface9_O"/>
                </Control>
                <Control Class="Window" LAnchorPoint="0" LAnchorOffset="200" TAnchorPoint="0" TAnchorOffset="0" RAnchorPoint="0" RAnchorOffset="250" BAnchorPoint="1" BAnchorOffset="0" RelativeToClient="1" Font="Default" Text="" Template="Default" TooltipType="OnCursor" Name="ItemContainer_1" BGColor="white" TextColor="white" TooltipColor="">
                    <Control Class="Button" Base="CRB_Basekit:kitBtn_Dropdown_IconBaseStretch" Font="Thick" ButtonType="Check" RadioGroup="" LAnchorPoint="0" LAnchorOffset="1" TAnchorPoint="0" TAnchorOffset="0" RAnchorPoint="1" RAnchorOffset="-1" BAnchorPoint="1" BAnchorOffset="0" DT_VCENTER="1" DT_CENTER="1" TooltipType="OnCursor" Name="ToggleItemBtn" BGColor="white" TextColor="white" TooltipColor="" NormalTextColor="white" PressedTextColor="white" FlybyTextColor="white" PressedFlybyTextColor="white" DisabledTextColor="white">
                        <Event Name="ButtonCheck" Function="OnToggleItemBtn"/>
                        <Event Name="ButtonUncheck" Function="OnToggleItemBtn"/>
                    </Control>
                    <Control Class="ItemSlotWindow" WhenEmpty="btn_Armor_LegsNormal" EquipmentSlot="1" Font="Thick" LAnchorPoint="0" LAnchorOffset="6" TAnchorPoint="0" TAnchorOffset="5" RAnchorPoint="1" RAnchorOffset="-6" BAnchorPoint="1" BAnchorOffset="-13" DT_VCENTER="1" DT_CENTER="1" Name="ItemSlot" BGColor="white" TextColor="white" IgnoreTooltipDelay="1" NewControlDepth="5" HideInEditor="0" Text="" Tooltip="" TooltipId="Character_LegsEmptyTooltip" TooltipColor="" IgnoreMouse="1">
                        <Event Name="GenerateTooltip" Function="OnGenerateTooltip"/>
                    </Control>
                    <Control Class="Window" LAnchorPoint="0" LAnchorOffset="-7" TAnchorPoint="0" TAnchorOffset="-7" RAnchorPoint="1" RAnchorOffset="7" BAnchorPoint="1" BAnchorOffset="0" RelativeToClient="1" Font="Default" Text="" Template="Default" TooltipType="OnCursor" Name="SelectedMark" BGColor="white" TextColor="white" TooltipColor="" Picture="1" IgnoreMouse="1" NewWindowDepth="1" Sprite="CRB_Basekit:kitAccent_Frame_OrangeStroke"/>
                    <Control Class="Window" LAnchorPoint="0" LAnchorOffset="18" TAnchorPoint="0" TAnchorOffset="19" RAnchorPoint="1" RAnchorOffset="0" BAnchorPoint="1" BAnchorOffset="-5" RelativeToClient="1" Font="Default" Text="" BGColor="white" TextColor="UI_WindowTextDefault" Template="Default" TooltipType="OnCursor" Name="CantBeDyedWarning" TooltipColor="" Sprite="IconSprites:Icon_Windows_UI_CRB_Tooltip_Restricted" Picture="1" IgnoreMouse="1" NewControlDepth="1" NewWindowDepth="1" Visible="0" Tooltip="" TooltipId="ItemDyeing_CantBeDyedTooltip" TooltipFont="CRB_Interface9_O"/>
                </Control>
                <Control Class="Window" LAnchorPoint="0" LAnchorOffset="250" TAnchorPoint="0" TAnchorOffset="0" RAnchorPoint="0" RAnchorOffset="300" BAnchorPoint="1" BAnchorOffset="0" RelativeToClient="1" Font="Default" Text="" Template="Default" TooltipType="OnCursor" Name="ItemContainer_4" BGColor="white" TextColor="white" TooltipColor="">
                    <Control Class="Button" Base="CRB_Basekit:kitBtn_Dropdown_IconBaseStretch" Font="Thick" ButtonType="Check" RadioGroup="" LAnchorPoint="0" LAnchorOffset="1" TAnchorPoint="0" TAnchorOffset="0" RAnchorPoint="1" RAnchorOffset="-1" BAnchorPoint="1" BAnchorOffset="0" DT_VCENTER="1" DT_CENTER="1" TooltipType="OnCursor" Name="ToggleItemBtn" BGColor="white" TextColor="white" TooltipColor="" NormalTextColor="white" PressedTextColor="white" FlybyTextColor="white" PressedFlybyTextColor="white" DisabledTextColor="white" Text="">
                        <Event Name="ButtonCheck" Function="OnToggleItemBtn"/>
                        <Event Name="ButtonUncheck" Function="OnToggleItemBtn"/>
                    </Control>
                    <Control Class="ItemSlotWindow" WhenEmpty="btn_Armor_FeetNormal" EquipmentSlot="4" Font="Thick" LAnchorPoint="0" LAnchorOffset="6" TAnchorPoint="0" TAnchorOffset="5" RAnchorPoint="1" RAnchorOffset="-6" BAnchorPoint="1" BAnchorOffset="-13" DT_VCENTER="1" DT_CENTER="1" Name="ItemSlot" BGColor="white" TextColor="white" IgnoreTooltipDelay="1" NewControlDepth="5" HideInEditor="0" Text="" Tooltip="" TooltipId="Character_FeetEmptyTooltip" TooltipColor="" IgnoreMouse="1">
                        <Event Name="GenerateTooltip" Function="OnGenerateTooltip"/>
                    </Control>
                    <Control Class="Window" LAnchorPoint="0" LAnchorOffset="-7" TAnchorPoint="0" TAnchorOffset="-7" RAnchorPoint="1" RAnchorOffset="7" BAnchorPoint="1" BAnchorOffset="0" RelativeToClient="1" Font="Default" Text="" Template="Default" TooltipType="OnCursor" Name="SelectedMark" BGColor="white" TextColor="white" TooltipColor="" Picture="1" IgnoreMouse="1" NewWindowDepth="1" Sprite="CRB_Basekit:kitAccent_Frame_OrangeStroke"/>
                    <Control Class="Window" LAnchorPoint="0" LAnchorOffset="18" TAnchorPoint="0" TAnchorOffset="19" RAnchorPoint="1" RAnchorOffset="0" BAnchorPoint="1" BAnchorOffset="-5" RelativeToClient="1" Font="Default" Text="" BGColor="white" TextColor="UI_WindowTextDefault" Template="Default" TooltipType="OnCursor" Name="CantBeDyedWarning" TooltipColor="" Sprite="IconSprites:Icon_Windows_UI_CRB_Tooltip_Restricted" Picture="1" IgnoreMouse="1" NewControlDepth="1" NewWindowDepth="1" Visible="0" Tooltip="" TooltipId="ItemDyeing_CantBeDyedTooltip" TooltipFont="CRB_Interface9_O"/>
                </Control>
            </Control>
            <Control Class="Window" LAnchorPoint="0" LAnchorOffset="0" TAnchorPoint="0" TAnchorOffset="69" RAnchorPoint="1" RAnchorOffset="0" BAnchorPoint="0" BAnchorOffset="173" RelativeToClient="1" Font="Default" Text="" Template="Default" TooltipType="OnCursor" Name="ChannelList" BGColor="white" TextColor="white" TooltipColor="" HideInEditor="0">
                <Control Class="Window" LAnchorPoint="0" LAnchorOffset="0" TAnchorPoint="0" TAnchorOffset="0" RAnchorPoint="1" RAnchorOffset="0" BAnchorPoint="1" BAnchorOffset="0" RelativeToClient="1" Font="Default" Text="" Template="Default" TooltipType="OnCursor" Name="ChannelListFraming" BGColor="white" TextColor="white" TooltipColor="" Picture="1" IgnoreMouse="1" Sprite="CRB_Basekit:kitBase_HoloBlue_InsetBorder_Thick"/>
                <Control Class="Button" Base="CRB_Basekit:kitBtn_List_Holo" Font="Thick" ButtonType="Check" RadioGroup="DyeChannel" LAnchorPoint="0" LAnchorOffset="6" TAnchorPoint="0" TAnchorOffset="6" RAnchorPoint="1" RAnchorOffset="-33" BAnchorPoint="0" BAnchorOffset="36" DT_VCENTER="1" DT_CENTER="1" TooltipType="OnCursor" Name="DyeChannel_1" BGColor="white" TextColor="white" TooltipColor="" NormalTextColor="white" PressedTextColor="white" FlybyTextColor="white" PressedFlybyTextColor="white" DisabledTextColor="white" GlobalRadioGroup="" Template="Default" Text="" TextId="" RadioDisallowNonSelection="1" DrawAsCheckbox="0">
                    <Control Class="Window" LAnchorPoint="0" LAnchorOffset="15" TAnchorPoint="0" TAnchorOffset="0" RAnchorPoint="1" RAnchorOffset="0" BAnchorPoint="1" BAnchorOffset="0" RelativeToClient="1" Font="CRB_InterfaceMedium" Text="" Template="Default" TooltipType="OnCursor" Name="Label" BGColor="white" TextColor="UI_TextHoloBodyHighlight" TooltipColor="" TextId="Dyeing_DyeLabel1" IgnoreMouse="1" NoClip="0" DT_CENTER="0" DT_VCENTER="1" Tooltip=""/>
                    <Event Name="ButtonCheck" Function="OnChannelSelect"/>
                    <Control Class="Window" LAnchorPoint="0" LAnchorOffset="60" TAnchorPoint="0" TAnchorOffset="0" RAnchorPoint="1" RAnchorOffset="0" BAnchorPoint="1" BAnchorOffset="0" RelativeToClient="1" Font="CRB_InterfaceMedium" Text="CurrentDye" Template="Default" TooltipType="OnCursor" Name="CurrentDye" BGColor="white" TextColor="UI_TextHoloBody" TooltipColor="" TextId="" IgnoreMouse="1" NoClip="0" DT_CENTER="0" DT_VCENTER="1"/>
                </Control>
                <Control Class="Button" Base="CRB_Basekit:kitBtn_List_Holo" Font="Thick" ButtonType="Check" RadioGroup="DyeChannel" LAnchorPoint="0" LAnchorOffset="6" TAnchorPoint="0" TAnchorOffset="37" RAnchorPoint="1" RAnchorOffset="-33" BAnchorPoint="0" BAnchorOffset="67" DT_VCENTER="1" DT_CENTER="1" TooltipType="OnCursor" Name="DyeChannel_2" BGColor="white" TextColor="white" TooltipColor="" NormalTextColor="white" PressedTextColor="white" FlybyTextColor="white" PressedFlybyTextColor="white" DisabledTextColor="white" GlobalRadioGroup="" Template="Default" Text="" TextId="" RadioDisallowNonSelection="1" DrawAsCheckbox="0">
                    <Control Class="Window" LAnchorPoint="0" LAnchorOffset="15" TAnchorPoint="0" TAnchorOffset="0" RAnchorPoint="1" RAnchorOffset="0" BAnchorPoint="1" BAnchorOffset="0" RelativeToClient="1" Font="CRB_InterfaceMedium" Text="" Template="Default" TooltipType="OnCursor" Name="Label" BGColor="white" TextColor="UI_TextHoloBodyHighlight" TooltipColor="" TextId="Dyeing_DyeLabel2" IgnoreMouse="1" NoClip="0" DT_CENTER="0" DT_VCENTER="1"/>
                    <Event Name="ButtonCheck" Function="OnChannelSelect"/>
                    <Control Class="Window" LAnchorPoint="0" LAnchorOffset="60" TAnchorPoint="0" TAnchorOffset="0" RAnchorPoint="1" RAnchorOffset="0" BAnchorPoint="1" BAnchorOffset="0" RelativeToClient="1" Font="CRB_InterfaceMedium" Text="CurrentDye" Template="Default" TooltipType="OnCursor" Name="CurrentDye" BGColor="white" TextColor="white" TooltipColor="" TextId="" IgnoreMouse="1" NoClip="0" DT_CENTER="0" DT_VCENTER="1"/>
                </Control>
                <Control Class="Button" Base="CRB_Basekit:kitBtn_List_Holo" Font="Thick" ButtonType="Check" RadioGroup="DyeChannel" LAnchorPoint="0" LAnchorOffset="6" TAnchorPoint="0" TAnchorOffset="68" RAnchorPoint="1" RAnchorOffset="-33" BAnchorPoint="0" BAnchorOffset="98" DT_VCENTER="1" DT_CENTER="1" TooltipType="OnCursor" Name="DyeChannel_3" BGColor="white" TextColor="white" TooltipColor="" NormalTextColor="white" PressedTextColor="white" FlybyTextColor="white" PressedFlybyTextColor="white" DisabledTextColor="white" GlobalRadioGroup="" Template="Default" Text="" TextId="" RadioDisallowNonSelection="1" DrawAsCheckbox="0">
                    <Control Class="Window" LAnchorPoint="0" LAnchorOffset="15" TAnchorPoint="0" TAnchorOffset="0" RAnchorPoint="1" RAnchorOffset="0" BAnchorPoint="1" BAnchorOffset="0" RelativeToClient="1" Font="CRB_InterfaceMedium" Text="" Template="Default" TooltipType="OnCursor" Name="Label" BGColor="white" TextColor="UI_TextHoloBodyHighlight" TooltipColor="" TextId="Dyeing_DyeLabel3" IgnoreMouse="1" NoClip="0" DT_CENTER="0" DT_VCENTER="1" Tooltip=""/>
                    <Event Name="ButtonCheck" Function="OnChannelSelect"/>
                    <Control Class="Window" LAnchorPoint="0" LAnchorOffset="60" TAnchorPoint="0" TAnchorOffset="0" RAnchorPoint="1" RAnchorOffset="0" BAnchorPoint="1" BAnchorOffset="0" RelativeToClient="1" Font="CRB_InterfaceMedium" Text="CurrentDye" Template="Default" TooltipType="OnCursor" Name="CurrentDye" BGColor="white" TextColor="white" TooltipColor="" TextId="" IgnoreMouse="1" NoClip="0" DT_CENTER="0" DT_VCENTER="1"/>
                </Control>
                <Control Class="Button" Base="CRB_Basekit:kitBtn_Holo_IconBase" Font="Thick" ButtonType="PushButton" RadioGroup="" LAnchorPoint="1" LAnchorOffset="-31" TAnchorPoint="0" TAnchorOffset="9" RAnchorPoint="1" RAnchorOffset="-7" BAnchorPoint="0" BAnchorOffset="33" DT_VCENTER="1" DT_CENTER="1" TooltipType="OnCursor" Name="RemoveDyeBtn_1" BGColor="white" TextColor="white" TooltipColor="" NormalTextColor="UI_BtnTextHoloNormal" PressedTextColor="UI_BtnTextHoloPressed" FlybyTextColor="UI_BtnTextHoloFlyby" PressedFlybyTextColor="UI_BtnTextHoloPressedFlyby" DisabledTextColor="UI_BtnTextHoloDisabled" Text="" TextId="CRB_X">
                    <Event Name="ButtonSignal" Function="OnRemoveDyeBtn"/>
                </Control>
                <Control Class="Button" Base="CRB_Basekit:kitBtn_Holo_IconBase" Font="Thick" ButtonType="PushButton" RadioGroup="" LAnchorPoint="1" LAnchorOffset="-31" TAnchorPoint="0" TAnchorOffset="39" RAnchorPoint="1" RAnchorOffset="-7" BAnchorPoint="0" BAnchorOffset="63" DT_VCENTER="1" DT_CENTER="1" TooltipType="OnCursor" Name="RemoveDyeBtn_2" BGColor="white" TextColor="white" TooltipColor="" NormalTextColor="UI_BtnTextHoloNormal" PressedTextColor="UI_BtnTextHoloPressed" FlybyTextColor="UI_BtnTextHoloFlyby" PressedFlybyTextColor="UI_BtnTextHoloPressedFlyby" DisabledTextColor="UI_BtnTextHoloDisabled" Text="" TextId="CRB_X">
                    <Event Name="ButtonSignal" Function="OnRemoveDyeBtn"/>
                </Control>
                <Control Class="Button" Base="CRB_Basekit:kitBtn_Holo_IconBase" Font="Thick" ButtonType="PushButton" RadioGroup="" LAnchorPoint="1" LAnchorOffset="-31" TAnchorPoint="0" TAnchorOffset="71" RAnchorPoint="1" RAnchorOffset="-7" BAnchorPoint="0" BAnchorOffset="95" DT_VCENTER="1" DT_CENTER="1" TooltipType="OnCursor" Name="RemoveDyeBtn_3" BGColor="white" TextColor="white" TooltipColor="" NormalTextColor="UI_BtnTextHoloNormal" PressedTextColor="UI_BtnTextHoloPressed" FlybyTextColor="UI_BtnTextHoloFlyby" PressedFlybyTextColor="UI_BtnTextHoloPressedFlyby" DisabledTextColor="UI_BtnTextHoloDisabled" Text="" TextId="CRB_X">
                    <Event Name="ButtonSignal" Function="OnRemoveDyeBtn"/>
                </Control>
            </Control>
            <Control Class="Window" LAnchorPoint="0" LAnchorOffset="0" TAnchorPoint="0" TAnchorOffset="178" RAnchorPoint="1" RAnchorOffset="0" BAnchorPoint="1" BAnchorOffset="-62" RelativeToClient="1" Font="Default" Text="" Template="Default" TooltipType="OnCursor" Name="DyeListContainer" BGColor="white" TextColor="white" TooltipColor="" HideInEditor="0">
                <Control Class="Window" LAnchorPoint="0" LAnchorOffset="0" TAnchorPoint="0" TAnchorOffset="0" RAnchorPoint="1" RAnchorOffset="0" BAnchorPoint="1" BAnchorOffset="0" RelativeToClient="1" Font="Default" Text="" Template="Default" TooltipType="OnCursor" Name="DyeListFraming" BGColor="white" TextColor="white" TooltipColor="" Picture="1" IgnoreMouse="1" Sprite="CRB_Basekit:kitBase_HoloBlue_InsetBorder_Thin"/>
                <Control Class="Window" LAnchorPoint="0" LAnchorOffset="4" TAnchorPoint="0" TAnchorOffset="4" RAnchorPoint="1" RAnchorOffset="-4" BAnchorPoint="1" BAnchorOffset="-4" RelativeToClient="1" Font="Default" Text="" Template="CRB_Scroll_HoloSmall" TooltipType="OnCursor" Name="DyeList" BGColor="white" TextColor="white" TooltipColor="" VScroll="1" IgnoreMouse="1"/>
            </Control>
            <Control Class="Window" LAnchorPoint="0" LAnchorOffset="0" TAnchorPoint="1" TAnchorOffset="-54" RAnchorPoint="1" RAnchorOffset="0" BAnchorPoint="1" BAnchorOffset="0" RelativeToClient="1" Font="Default" Text="" Template="Default" TooltipType="OnCursor" Name="CostContainer" BGColor="white" TextColor="white" TooltipColor="" HideInEditor="0">
                <Control Class="Window" LAnchorPoint="0" LAnchorOffset="0" TAnchorPoint="0" TAnchorOffset="0" RAnchorPoint="1" RAnchorOffset="0" BAnchorPoint="1" BAnchorOffset="0" RelativeToClient="1" Font="Default" Text="" Template="Default" TooltipType="OnCursor" Name="CostListFraming" BGColor="white" TextColor="white" TooltipColor="" Picture="1" IgnoreMouse="1" Sprite="CRB_Basekit:kitBase_HoloBlue_InsetBorder_Thin"/>
                <Control Class="CashWindow" LAnchorPoint="1" LAnchorOffset="-223" TAnchorPoint="1" TAnchorOffset="-26" RAnchorPoint="1" RAnchorOffset="-6" BAnchorPoint="1" BAnchorOffset="-4" RelativeToClient="1" Font="CRB_InterfaceMedium" Sprite="" Text="" Template="Default" Name="PlayerMoney" BGColor="white" TextColor="UI_TextHoloBodyHighlight" DT_RIGHT="1" Tooltip="" IgnoreMouse="1" Visible="1" SkipZeroes="1" TooltipColor="" NoClip="1"/>
                <Control Class="CashWindow" LAnchorPoint="1" LAnchorOffset="-220" TAnchorPoint="0" TAnchorOffset="4" RAnchorPoint="1" RAnchorOffset="-6" BAnchorPoint="0" BAnchorOffset="26" RelativeToClient="1" Font="CRB_InterfaceMedium" Sprite="" Text="" Template="Default" Name="Cost" BGColor="white" TextColor="white" DT_RIGHT="1" Tooltip="" IgnoreMouse="1" Visible="1" SkipZeroes="1" TooltipColor="" NoClip="1" HideInEditor="0"/>
                <Control Class="Window" LAnchorPoint="0" LAnchorOffset="8" TAnchorPoint="0" TAnchorOffset="4" RAnchorPoint="1" RAnchorOffset="0" BAnchorPoint="0" BAnchorOffset="26" RelativeToClient="1" Font="CRB_InterfaceMedium" Text="" Template="Default" TooltipType="OnCursor" Name="TotalCostLabel" BGColor="white" TextColor="UI_TextHoloBodyHighlight" TooltipColor="" TextId="Dyeing_TotalCost" DT_VCENTER="1" Tooltip=""/>
                <Control Class="Window" LAnchorPoint="0" LAnchorOffset="8" TAnchorPoint="1" TAnchorOffset="-26" RAnchorPoint="1" RAnchorOffset="0" BAnchorPoint="1" BAnchorOffset="-4" RelativeToClient="1" Font="CRB_InterfaceMedium" Text="" Template="Default" TooltipType="OnCursor" Name="MyMoneyLabel" BGColor="white" TextColor="UI_TextHoloBodyHighlight" TooltipColor="" TextId="Dyeing_MyMoney" DT_VCENTER="1"/>
            </Control>
            <Control Class="Window" LAnchorPoint="0" LAnchorOffset="-5" TAnchorPoint="0" TAnchorOffset="57" RAnchorPoint="1" RAnchorOffset="4" BAnchorPoint="1" BAnchorOffset="4" RelativeToClient="1" Font="Default" Text="" Template="Default" TooltipType="OnCursor" Name="RightSideBlocker" BGColor="white" TextColor="white" TooltipColor="" NewControlDepth="20" IgnoreMouse="0" NewWindowDepth="1" HideInEditor="1" NoClip="1">
                <Control Class="Window" LAnchorPoint="0" LAnchorOffset="0" TAnchorPoint="0" TAnchorOffset="0" RAnchorPoint="1" RAnchorOffset="0" BAnchorPoint="1" BAnchorOffset="0" RelativeToClient="1" Font="Default" Text="" Template="Default" TooltipType="OnCursor" Name="RSB_BGArt" BGColor="white" TextColor="white" TooltipColor="" Picture="1" IgnoreMouse="1" Sprite="CRB_Basekit:kitBase_HoloBlue_TinyNoGlow" Visible="0" HideInEditor="1"/>
                <Control Class="Window" LAnchorPoint="0" LAnchorOffset="0" TAnchorPoint="0" TAnchorOffset="0" RAnchorPoint="1" RAnchorOffset="0" BAnchorPoint="1" BAnchorOffset="0" RelativeToClient="1" Font="Default" Text="" Template="Default" TooltipType="OnCursor" Name="RSB_BGArtOpacityAdd" BGColor="UI_AlphaPercent65" TextColor="white" TooltipColor="" Picture="1" IgnoreMouse="1" Sprite="CRB_Basekit:kitBase_HoloBlue_TinyNoGlow" HideInEditor="1" Visible="0"/>
                <Control Class="Window" LAnchorPoint="0" LAnchorOffset="20" TAnchorPoint=".5" TAnchorOffset="-110" RAnchorPoint="1" RAnchorOffset="-20" BAnchorPoint=".5" BAnchorOffset="10" RelativeToClient="1" Font="Default" Text="" Template="Default" TooltipType="OnCursor" Name="Prompt_NoItemSelected" BGColor="white" TextColor="white" TooltipColor="" HideInEditor="1">
                    <Control Class="Window" LAnchorPoint="0" LAnchorOffset="0" TAnchorPoint="0" TAnchorOffset="0" RAnchorPoint="1" RAnchorOffset="0" BAnchorPoint="1" BAnchorOffset="0" RelativeToClient="1" Font="Default" Text="" Template="Default" TooltipType="OnCursor" Name="BGArt_NoAssetBase" BGColor="white" TextColor="white" TooltipColor="" Picture="1" IgnoreMouse="1" Sprite="CRB_Basekit:kitBase_HoloBlue_Floating"/>
                    <Control Class="Window" LAnchorPoint="0" LAnchorOffset="10" TAnchorPoint="0" TAnchorOffset="11" RAnchorPoint="1" RAnchorOffset="-10" BAnchorPoint="0" BAnchorOffset="35" RelativeToClient="1" Font="CRB_InterfaceLarge" Text="" Template="Default" TooltipType="OnCursor" Name="NoAssetHeader" BGColor="white" TextColor="UI_TextHoloTitle" TooltipColor="" TextId="Dyeing_NoAssetHeader" DT_VCENTER="1" DT_CENTER="1"/>
                    <Control Class="Window" LAnchorPoint="0" LAnchorOffset="15" TAnchorPoint="0" TAnchorOffset="40" RAnchorPoint="1" RAnchorOffset="-15" BAnchorPoint="1" BAnchorOffset="-9" RelativeToClient="1" Font="CRB_InterfaceMedium" Text="" Template="Default" TooltipType="OnCursor" Name="NoAssetBody" BGColor="white" TextColor="white" TooltipColor="" TextId="Dyeing_NoAssetBody" DT_VCENTER="1" DT_CENTER="1" DT_WORDBREAK="1"/>
                    <Control Class="Window" LAnchorPoint="0" LAnchorOffset="9" TAnchorPoint="0" TAnchorOffset="36" RAnchorPoint="1" RAnchorOffset="-9" BAnchorPoint="0" BAnchorOffset="54" RelativeToClient="1" Font="Default" Text="" Template="Default" TooltipType="OnCursor" Name="NoassetDivider" BGColor="white" TextColor="white" TooltipColor="" Picture="1" IgnoreMouse="1" Sprite="CRB_Basekit:kitDivider_Horiz_HoloDashed"/>
                </Control>
                <Control Class="Window" LAnchorPoint="0" LAnchorOffset="20" TAnchorPoint=".5" TAnchorOffset="-125" RAnchorPoint="1" RAnchorOffset="-20" BAnchorPoint=".5" BAnchorOffset="49" RelativeToClient="1" Font="Default" Text="" Template="Default" TooltipType="OnCursor" Name="Prompt_CostumeWorn" BGColor="white" TextColor="white" TooltipColor="" HideInEditor="1">
                    <Control Class="Window" LAnchorPoint="0" LAnchorOffset="0" TAnchorPoint="0" TAnchorOffset="0" RAnchorPoint="1" RAnchorOffset="0" BAnchorPoint="1" BAnchorOffset="0" RelativeToClient="1" Font="Default" Text="" Template="Default" TooltipType="OnCursor" Name="BGArt_NoAssetBase" BGColor="white" TextColor="white" TooltipColor="" Picture="1" IgnoreMouse="1" Sprite="CRB_Basekit:kitBase_HoloBlue_Floating"/>
                    <Control Class="Window" LAnchorPoint="0" LAnchorOffset="10" TAnchorPoint="0" TAnchorOffset="11" RAnchorPoint="1" RAnchorOffset="-10" BAnchorPoint="0" BAnchorOffset="35" RelativeToClient="1" Font="CRB_InterfaceLarge" Text="" Template="Default" TooltipType="OnCursor" Name="NoAssetHeader" BGColor="white" TextColor="UI_TextHoloTitle" TooltipColor="" TextId="Dyeing_CostumeWornHeader" DT_VCENTER="1" DT_CENTER="1"/>
                    <Control Class="Window" LAnchorPoint="0" LAnchorOffset="15" TAnchorPoint="0" TAnchorOffset="40" RAnchorPoint="1" RAnchorOffset="-15" BAnchorPoint="0" BAnchorOffset="124" RelativeToClient="1" Font="CRB_InterfaceMedium" Text="" Template="Default" TooltipType="OnCursor" Name="NoAssetBody" BGColor="white" TextColor="white" TooltipColor="" TextId="Dyeing_CostumeWornBody" DT_VCENTER="1" DT_CENTER="1" DT_WORDBREAK="1"/>
                    <Control Class="Window" LAnchorPoint="0" LAnchorOffset="9" TAnchorPoint="0" TAnchorOffset="36" RAnchorPoint="1" RAnchorOffset="-9" BAnchorPoint="0" BAnchorOffset="54" RelativeToClient="1" Font="Default" Text="" Template="Default" TooltipType="OnCursor" Name="NoassetDivider" BGColor="white" TextColor="white" TooltipColor="" Picture="1" IgnoreMouse="1" Sprite="CRB_Basekit:kitDivider_Horiz_HoloDashed"/>
                    <Control Class="Button" Base="CRB_Basekit:kitBtn_Holo_Large" Font="CRB_InterfaceMedium" ButtonType="PushButton" RadioGroup="" LAnchorPoint="0" LAnchorOffset="32" TAnchorPoint="0" TAnchorOffset="120" RAnchorPoint="1" RAnchorOffset="-32" BAnchorPoint="0" BAnchorOffset="158" DT_VCENTER="1" DT_CENTER="1" TooltipType="OnCursor" Name="RemoveCostumeBtn" BGColor="white" TextColor="white" TooltipColor="" NormalTextColor="white" PressedTextColor="white" FlybyTextColor="white" PressedFlybyTextColor="white" DisabledTextColor="white" Text="" TextId="Dyeing_RemoveCostume">
                        <Event Name="ButtonSignal" Function="OnRemoveCostumeBtn"/>
                    </Control>
                </Control>
                <Control Class="Window" LAnchorPoint="0" LAnchorOffset="20" TAnchorPoint=".5" TAnchorOffset="-110" RAnchorPoint="1" RAnchorOffset="-20" BAnchorPoint=".5" BAnchorOffset="25" RelativeToClient="1" Font="Default" Text="" Template="Default" TooltipType="OnCursor" Name="Prompt_NoKnownDyes" BGColor="white" TextColor="white" TooltipColor="">
                    <Control Class="Window" LAnchorPoint="0" LAnchorOffset="0" TAnchorPoint="0" TAnchorOffset="0" RAnchorPoint="1" RAnchorOffset="0" BAnchorPoint="1" BAnchorOffset="0" RelativeToClient="1" Font="Default" Text="" Template="Default" TooltipType="OnCursor" Name="BGArt_NoAssetBase" BGColor="white" TextColor="white" TooltipColor="" Picture="1" IgnoreMouse="1" Sprite="CRB_Basekit:kitBase_HoloBlue_Floating"/>
                    <Control Class="Window" LAnchorPoint="0" LAnchorOffset="10" TAnchorPoint="0" TAnchorOffset="11" RAnchorPoint="1" RAnchorOffset="-10" BAnchorPoint="0" BAnchorOffset="35" RelativeToClient="1" Font="CRB_InterfaceLarge" Text="" Template="Default" TooltipType="OnCursor" Name="NoAssetHeader" BGColor="white" TextColor="UI_TextHoloTitle" TooltipColor="" TextId="Dyeing_NoDyesKnownHeader" DT_VCENTER="1" DT_CENTER="1"/>
                    <Control Class="Window" LAnchorPoint="0" LAnchorOffset="15" TAnchorPoint="0" TAnchorOffset="40" RAnchorPoint="1" RAnchorOffset="-15" BAnchorPoint="0" BAnchorOffset="124" RelativeToClient="1" Font="CRB_InterfaceMedium" Text="" Template="Default" TooltipType="OnCursor" Name="NoAssetBody" BGColor="white" TextColor="white" TooltipColor="" TextId="Dyeing_NoDyesKnown" DT_VCENTER="1" DT_CENTER="1" DT_WORDBREAK="1"/>
                    <Control Class="Window" LAnchorPoint="0" LAnchorOffset="9" TAnchorPoint="0" TAnchorOffset="36" RAnchorPoint="1" RAnchorOffset="-9" BAnchorPoint="0" BAnchorOffset="54" RelativeToClient="1" Font="Default" Text="" Template="Default" TooltipType="OnCursor" Name="NoassetDivider" BGColor="white" TextColor="white" TooltipColor="" Picture="1" IgnoreMouse="1" Sprite="CRB_Basekit:kitDivider_Horiz_HoloDashed"/>
                </Control>
            </Control>
        </Control>
        <Control Class="Button" Base="btn_ArrowTurnLeft" Font="Thick" ButtonType="PushButton" RadioGroup="" LAnchorPoint="0" LAnchorOffset="51" TAnchorPoint="0" TAnchorOffset="559" RAnchorPoint="0" RAnchorOffset="181" BAnchorPoint="0" BAnchorOffset="587" DT_VCENTER="1" DT_CENTER="1" Name="RotateLeft" BGColor="UI_AlphaPercent70" TextColor="white" WindowSoundTemplate="Custom" NormalTextColor="white" PressedTextColor="white" FlybyTextColor="white" PressedFlybyTextColor="white" DisabledTextColor="white" TooltipColor="" DrawAsCheckbox="1" CheckboxRight="1">
            <Event Name="ButtonHoldBegin" Function="OnRotateLeft"/>
            <Event Name="ButtonUp" Function="OnRotateLeftCancel"/>
            <Event Name="ButtonUpCancel" Function="OnRotateLeftCancel"/>
        </Control>
        <Control Class="Button" Base="btn_ArrowTurnRight" Font="Thick" ButtonType="PushButton" RadioGroup="" LAnchorPoint="0" LAnchorOffset="184" TAnchorPoint="0" TAnchorOffset="557" RAnchorPoint="0" RAnchorOffset="319" BAnchorPoint="0" BAnchorOffset="587" DT_VCENTER="1" DT_CENTER="1" Name="RotateRight" BGColor="UI_AlphaPercent70" TextColor="white" WindowSoundTemplate="Custom" NormalTextColor="white" PressedTextColor="white" FlybyTextColor="white" PressedFlybyTextColor="white" DisabledTextColor="white" TooltipColor="" Tooltip="" DrawAsCheckbox="1">
            <Event Name="ButtonHoldBegin" Function="OnRotateRight"/>
            <Event Name="ButtonUp" Function="OnRotateRightCancel"/>
            <Event Name="ButtonUpCancel" Function="OnRotateRightCancel"/>
        </Control>
        <Control Class="Button" Base="CRB_Basekit:kitBtn_Metal_LargeRed" Font="CRB_InterfaceMedium" ButtonType="PushButton" RadioGroup="" LAnchorPoint="0" LAnchorOffset="507" TAnchorPoint="1" TAnchorOffset="-73" RAnchorPoint="0" RAnchorOffset="628" BAnchorPoint="1" BAnchorOffset="-25" DT_VCENTER="1" DT_CENTER="1" Name="ResetBtn" BGColor="white" TextColor="white" NormalTextColor="UI_BtnTextRedNormal" PressedTextColor="UI_BtnTextRedPressed" FlybyTextColor="UI_BtnTextRedFlyby" PressedFlybyTextColor="UI_BtnTextRedPressedFlyby" DisabledTextColor="UI_BtnTextRedDisabled" TextId="CRB_Reset" TooltipId="" IgnoreTooltipDelay="1" RelativeToClient="1" Text="" Tooltip="" TooltipColor="">
            <Event Name="ButtonSignal" Function="OnResetBtn"/>
        </Control>
        <Control Class="Button" Base="CRB_Basekit:kitBtn_Metal_LargeGreen" Font="CRB_InterfaceMedium" ButtonType="PushButton" RadioGroup="" LAnchorPoint="0" LAnchorOffset="385" TAnchorPoint="1" TAnchorOffset="-73" RAnchorPoint="0" RAnchorOffset="506" BAnchorPoint="1" BAnchorOffset="-25" DT_VCENTER="1" DT_CENTER="1" Name="DyeButton" BGColor="white" TextColor="white" NormalTextColor="UI_BtnTextGreenNormal" PressedTextColor="UI_BtnTextGreenPressed" FlybyTextColor="UI_BtnTextGreenFlyby" PressedFlybyTextColor="UI_BtnTextGreenPressedFlyby" DisabledTextColor="UI_BtnTextGreenDisabled" TextId="Dyeing_DyeBtn" TooltipId="" IgnoreTooltipDelay="1" RelativeToClient="1" Text="" Tooltip="" TooltipColor="">
            <Event Name="ButtonSignal" Function="OnDyeBtnClicked"/>
        </Control>
    </Form>
</Forms>
