<?xml version="1.0" encoding="UTF-8" standalone="yes" ?>
<Forms>
    <Form Class="Window" LAnchorPoint="0" LAnchorOffset="0" TAnchorPoint="1" TAnchorOffset="-721" RAnchorPoint="0.5" RAnchorOffset="-415" BAnchorPoint="1" BAnchorOffset="0" RelativeToClient="1" Font="Default" Text="" Template="Default" Name="InterfaceMenuListForm" Border="0" Picture="0" SwallowMouseClicks="1" Moveable="0" Escapable="0" Overlapped="0" BGColor="white" TextColor="white" TextId="" TooltipColor="" Tooltip="" IgnoreMouse="1">
        <Control Class="Window" LAnchorPoint="0" LAnchorOffset="93" TAnchorPoint="1" TAnchorOffset="-26" RAnchorPoint="1" RAnchorOffset="-81" BAnchorPoint="1" BAnchorOffset="12" RelativeToClient="1" Font="Default" Text="" Template="Default" TooltipType="OnCursor" Name="ButtonList" BGColor="white" TextColor="white" TooltipColor="" Tooltip="" RightEdgeControlsAnchor="">
            <Control Class="Button" Base="HUD_BottomBar:btn_HUD_MenuIconBtn" Font="Thick" ButtonType="PushButton" RadioGroup="" LAnchorPoint="0" LAnchorOffset="156" TAnchorPoint="0" TAnchorOffset="0" RAnchorPoint="0" RAnchorOffset="192" BAnchorPoint="1" BAnchorOffset="0" DT_VCENTER="1" DT_CENTER="1" TooltipType="OnCursor" Name="MailBtn" BGColor="UI_AlphaPercent60" TextColor="white" TooltipColor="" NormalTextColor="white" PressedTextColor="white" FlybyTextColor="white" PressedFlybyTextColor="white" DisabledTextColor="white" Sprite="" RelativeToClient="1" Tooltip="" TooltipId="CRB_Mail" TestAlpha="0">
                <Event Name="MouseEnter" Function="OnListBtnMouseEnter"/>
                <Event Name="MouseExit" Function="OnListBtnMouseExit"/>
                <Event Name="ButtonSignal" Function="OnListBtnClick"/>
                <Control Class="Window" LAnchorPoint="0.5" LAnchorOffset="-12" TAnchorPoint="0.5" TAnchorOffset="-12" RAnchorPoint="0.5" RAnchorOffset="12" BAnchorPoint="0.5" BAnchorOffset="12" RelativeToClient="1" Font="Default" Text="" BGColor="UI_WindowBGDefault" TextColor="UI_WindowTextDefault" Template="Default" TooltipType="OnCursor" Name="Window" TooltipColor="" Picture="1" IgnoreMouse="1" Sprite="HUD_BottomBar:spr_HUD_MenuIcons_Mail" Tooltip="" TooltipId="InterfaceMenu_Mail"/>
            </Control>
            <Event Name="MouseExit" Function="OnListBtnMouseExit"/>
        </Control>
        <Control Class="Button" Base="HUD_BottomBar:btn_HUD_Menu" Font="Thick" ButtonType="Check" RadioGroup="" LAnchorPoint="0" LAnchorOffset="-14" TAnchorPoint="1" TAnchorOffset="-57" RAnchorPoint="0" RAnchorOffset="54" BAnchorPoint="1" BAnchorOffset="14" DT_VCENTER="1" DT_CENTER="1" TooltipType="OnCursor" Name="OpenFullListBtn" TextColor="white" TooltipColor="" NormalTextColor="white" PressedTextColor="white" FlybyTextColor="white" PressedFlybyTextColor="white" DisabledTextColor="white" Visible="1" HideInEditor="0" Tooltip="" BGColor="ffffffff" RelativeToClient="1" TestAlpha="1">
            <Event Name="ButtonCheck" Function="OnOpenFullListCheck"/>
        </Control>
        <Event Name="MouseExit" Function="OnListBtnMouseExit"/>
        <Control Class="Window" LAnchorPoint="0" LAnchorOffset="-23" TAnchorPoint="0" TAnchorOffset="2" RAnchorPoint="0" RAnchorOffset="357" BAnchorPoint="1" BAnchorOffset="-20" RelativeToClient="1" Font="Default" Text="" Template="Default" TooltipType="OnCursor" Name="FullListFrame" BGColor="white" TextColor="white" TooltipColor="" Sprite="BK3:sprHolo_Alert_Flyout" Picture="1" IgnoreMouse="1" Visible="0" CloseOnExternalClick="1" Tooltip="" HideInEditor="0" NoClip="1" Escapable="1" NewWindowDepth="1">
            <Control Class="Window" LAnchorPoint="0" LAnchorOffset="42" TAnchorPoint="0" TAnchorOffset="76" RAnchorPoint="1" RAnchorOffset="-42" BAnchorPoint="1" BAnchorOffset="-88" RelativeToClient="1" Font="Default" Text="" BGColor="UI_WindowBGDefault" TextColor="UI_WindowTextDefault" Template="Default" TooltipType="OnCursor" Name="Window" TooltipColor="" Sprite="UI_BK3_Holo_InsetSimple" Picture="1" IgnoreMouse="1" Tooltip=""/>
            <Control Class="Window" LAnchorPoint="0" LAnchorOffset="45" TAnchorPoint="0" TAnchorOffset="79" RAnchorPoint="1" RAnchorOffset="-45" BAnchorPoint="1" BAnchorOffset="-90" RelativeToClient="1" Font="Default" Text="" Template="Holo_ScrollList" TooltipType="OnCursor" Name="FullListScroll" BGColor="white" TextColor="white" TooltipColor="" VScroll="1" IgnoreMouse="1" HideInEditor="0"/>
            <Control Class="Window" LAnchorPoint="0" LAnchorOffset="40" TAnchorPoint="1" TAnchorOffset="-77" RAnchorPoint="1" RAnchorOffset="-39" BAnchorPoint="1" BAnchorOffset="-46" RelativeToClient="1" Font="Default" Text="" Template="Default" TooltipType="OnCursor" Name="SearchBGPixie" BGColor="white" TextColor="white" TooltipColor="" Picture="1" IgnoreMouse="1" Sprite="BK3:UI_BK3_Holo_Snippet" HideInEditor="0"/>
            <Control Class="EditBox" LAnchorPoint="0" LAnchorOffset="50" TAnchorPoint="0" TAnchorOffset="625" RAnchorPoint="1" RAnchorOffset="-104" BAnchorPoint="0" BAnchorOffset="650" RelativeToClient="1" Font="CRB_InterfaceSmall" Text="" Template="Default" TooltipType="OnCursor" Name="SearchEditBox" BGColor="white" TextColor="UI_TextHoloBodyHighlight" TooltipColor="" DT_VCENTER="1" TextId="" PromptTextId="CRB_Search" PromptFont="CRB_InterfaceMedium" PromptColor="UI_TextHoloBody">
                <Event Name="EditBoxChanged" Function="OnSearchEditBoxChanged"/>
            </Control>
            <Control Class="Button" Base="BK3:btnHolo_Search" Font="Thick" ButtonType="PushButton" RadioGroup="" LAnchorPoint="1" LAnchorOffset="-69" TAnchorPoint="0" TAnchorOffset="625" RAnchorPoint="1" RAnchorOffset="-43" BAnchorPoint="0" BAnchorOffset="650" DT_VCENTER="1" DT_CENTER="1" TooltipType="OnCursor" Name="SearchCommitBtn" BGColor="white" TextColor="white" TooltipColor="" NormalTextColor="white" PressedTextColor="white" FlybyTextColor="white" PressedFlybyTextColor="white" DisabledTextColor="white" RelativeToClient="1">
                <Event Name="ButtonSignal" Function="OnSearchCommitBtn"/>
            </Control>
            <Control Class="Window" LAnchorPoint="0" LAnchorOffset="42" TAnchorPoint="0" TAnchorOffset="76" RAnchorPoint="1" RAnchorOffset="-42" BAnchorPoint="1" BAnchorOffset="-88" RelativeToClient="1" Font="Default" Text="" Template="Default" TooltipType="OnCursor" Name="SearchFlash" BGColor="UI_TextHoloBody" TextColor="white" TooltipColor="" Sprite="CRB_WindowAnimationSprites:sprWinAnim_BirthSmallTemp" Picture="1" IgnoreMouse="1" RightEdgeControlsAnchor="" NewControlDepth="1" HideInEditor="0"/>
            <Control Class="Button" Base="BK3:btnHolo_Clear" Font="Thick" ButtonType="PushButton" RadioGroup="" LAnchorPoint="1" LAnchorOffset="-93" TAnchorPoint="0" TAnchorOffset="625" RAnchorPoint="1" RAnchorOffset="-68" BAnchorPoint="0" BAnchorOffset="651" DT_VCENTER="1" DT_CENTER="1" TooltipType="OnCursor" Name="SearchClearBtn" BGColor="white" TextColor="white" TooltipColor="" NormalTextColor="white" PressedTextColor="white" FlybyTextColor="white" PressedFlybyTextColor="white" DisabledTextColor="white" Visible="0" RelativeToClient="1">
                <Event Name="ButtonSignal" Function="OnSearchClearBtn"/>
            </Control>
            <Control Class="Window" Name="Title" Font="CRB_HeaderLarge" DT_VCENTER="1" TextColor="UI_WindowTitleYellow" LAnchorPoint="0" LAnchorOffset="42" TAnchorPoint="0" TAnchorOffset="36" RAnchorPoint="1" RAnchorOffset="-42" BAnchorPoint="0" BAnchorOffset="77" BGColor="ffffffff" TextId="InterfaceMenu_Interface" TooltipColor="" DT_CENTER="1" Text=""/>
        </Control>
        <Control Class="Window" LAnchorPoint="0" LAnchorOffset="50" TAnchorPoint="1" TAnchorOffset="-20" RAnchorPoint="0" RAnchorOffset="93" BAnchorPoint="1" BAnchorOffset="0" RelativeToClient="1" Font="CRB_Header9" Text="" BGColor="UI_WindowBGDefault" TextColor="UI_TextHoloBodyCyan" Template="Default" TooltipType="OnCursor" Name="Time" TooltipColor="" TextId="Challenges_NoProgress" DT_VCENTER="0" DT_BOTTOM="0" DT_RIGHT="0" DT_CENTER="0"/>
    </Form>
    <Form Class="Window" LAnchorPoint="0" LAnchorOffset="0" TAnchorPoint="0" TAnchorOffset="0" RAnchorPoint="1" RAnchorOffset="0" BAnchorPoint="1" BAnchorOffset="0" RelativeToClient="1" Font="Default" Text="" Template="Default" TooltipType="OnCursor" Name="AlertIndicator" BGColor="UI_AlphaPercent50" TextColor="white" TooltipColor="" Picture="1" IgnoreMouse="1" Sprite="HUD_BottomBar:btn_HUD_MenuIconBtnPressed" NoClip="1" Overlapped="1"/>
    <Form Class="Window" LAnchorPoint="0" LAnchorOffset="0" TAnchorPoint="0" TAnchorOffset="0" RAnchorPoint="1" RAnchorOffset="0" BAnchorPoint="0" BAnchorOffset="30" RelativeToClient="1" Font="Default" Text="" BGColor="UI_WindowBGDefault" TextColor="UI_WindowTextDefault" Template="Default" TooltipType="OnCursor" Name="MenuListItem" Border="0" Picture="0" SwallowMouseClicks="1" Moveable="0" Escapable="0" Overlapped="0" TooltipColor="">
        <Control Class="Button" Base="BK3:btnHolo_ListView_Simple" Font="CRB_InterfaceSmall" ButtonType="PushButton" RadioGroup="" LAnchorPoint="0" LAnchorOffset="25" TAnchorPoint="0" TAnchorOffset="0" RAnchorPoint="1" RAnchorOffset="-18" BAnchorPoint="1" BAnchorOffset="0" DT_VCENTER="1" DT_CENTER="0" TooltipType="OnCursor" Name="MenuListItemBtn" Border="0" Picture="1" SwallowMouseClicks="1" Moveable="0" Escapable="0" Overlapped="0" BGColor="white" TextColor="white" TooltipColor="" NormalTextColor="UI_BtnTextBlueNormal" PressedTextColor="UI_BtnTextBluePressed" FlybyTextColor="UI_BtnTextBlueFlyby" PressedFlybyTextColor="UI_BtnTextBluePressedFlyby" DisabledTextColor="UI_BtnTextBlueDisabled" RelativeToClient="1" Tooltip="" ButtonTextXMargin="8">
            <Event Name="ButtonSignal" Function="OnMenuListItemClick"/>
            <Control Class="Window" LAnchorPoint="1" LAnchorOffset="-67" TAnchorPoint="0" TAnchorOffset="0" RAnchorPoint="1" RAnchorOffset="-10" BAnchorPoint="1" BAnchorOffset="-3" RelativeToClient="1" Font="CRB_InterfaceMedium" Text="" Template="Default" TooltipType="OnCursor" Name="MenuListItemKeybind" BGColor="white" TextColor="UI_TextHoloBody" TooltipColor="" DT_VCENTER="1" TextId="" DT_RIGHT="1" DT_WORDBREAK="0"/>
        </Control>
        <Control Class="Button" Base="BK3:btnHolo_Pin_2" Font="Thick" ButtonType="Check" RadioGroup="" LAnchorPoint="1" LAnchorOffset="-19" TAnchorPoint="0.5" TAnchorOffset="-9" RAnchorPoint="1" RAnchorOffset="2" BAnchorPoint="0.5" BAnchorOffset="12" DT_VCENTER="1" DT_CENTER="1" TooltipType="OnCursor" Name="PinBtn" BGColor="UI_AlphaPercent60" TextColor="white" TooltipColor="" NormalTextColor="white" PressedTextColor="white" FlybyTextColor="white" PressedFlybyTextColor="white" DisabledTextColor="white" Sprite="" Tooltip="" RelativeToClient="1" TooltipId="" TestAlpha="0">
            <Event Name="ButtonCheck" Function="OnPinBtnChecked"/>
            <Event Name="ButtonUncheck" Function="OnPinBtnChecked"/>
        </Control>
        <Control Class="Window" LAnchorPoint="0" LAnchorOffset="-8" TAnchorPoint="0" TAnchorOffset="-5" RAnchorPoint="0" RAnchorOffset="30" BAnchorPoint="0" BAnchorOffset="33" RelativeToClient="1" Font="Default" Text="" BGColor="UI_WindowBGDefault" TextColor="UI_WindowTextDefault" Template="Default" TooltipType="OnCursor" Name="IconContainer" TooltipColor="" Picture="0" IgnoreMouse="1" Sprite="" NoClip="0" Tooltip="">
            <Control Class="Window" LAnchorPoint="0.5" LAnchorOffset="-12" TAnchorPoint="0.5" TAnchorOffset="-12" RAnchorPoint="0.5" RAnchorOffset="12" BAnchorPoint="0.5" BAnchorOffset="12" RelativeToClient="1" Font="CRB_Header10" Text="" BGColor="UI_WindowBGDefault" TextColor="UI_BtnTextHoloNormal" Template="Default" TooltipType="OnCursor" Name="Icon" TooltipColor="" Picture="1" IgnoreMouse="1" Sprite="" Tooltip="" TooltipId="" TooltipFont="CRB_InterfaceSmall_O" DT_CENTER="1" DT_VCENTER="1"/>
        </Control>
    </Form>
    <Form Class="Window" LAnchorPoint="0" LAnchorOffset="0" TAnchorPoint="0" TAnchorOffset="0" RAnchorPoint="0" RAnchorOffset="26" BAnchorPoint="0" BAnchorOffset="26" RelativeToClient="0" Font="Default" Text="" BGColor="UI_WindowBGDefault" TextColor="UI_WindowTextDefault" Template="Default" TooltipType="OnCursor" Name="InterfaceMenuButton" Border="0" Picture="1" SwallowMouseClicks="1" Moveable="0" Escapable="0" Overlapped="0" TooltipColor="" IgnoreMouse="1" NoClip="0">
        <Control Class="Button" Base="HUD_BottomBar:btn_HUD_MenuIconBtn" Font="CRB_InterfaceSmall_O" ButtonType="PushButton" RadioGroup="" LAnchorPoint="0" LAnchorOffset="-6" TAnchorPoint="0" TAnchorOffset="-6" RAnchorPoint="0" RAnchorOffset="32" BAnchorPoint="0" BAnchorOffset="32" DT_VCENTER="1" DT_CENTER="1" TooltipType="OnCursor" Name="ShortcutBtn" BGColor="UI_AlphaPercent60" TextColor="white" TooltipColor="" NormalTextColor="white" PressedTextColor="white" FlybyTextColor="white" PressedFlybyTextColor="white" DisabledTextColor="white" Sprite="" Tooltip="" RelativeToClient="1" TooltipId="" TestAlpha="0" NoClip="0" TooltipFont="Default" Text="" TextId="" NeverBringToFront="0">
            <Event Name="MouseEnter" Function="OnListBtnMouseEnter"/>
            <Event Name="MouseExit" Function="OnListBtnMouseExit"/>
            <Event Name="ButtonSignal" Function="OnListBtnClick"/>
            <Control Class="Window" LAnchorPoint="0" LAnchorOffset="0" TAnchorPoint="0" TAnchorOffset="0" RAnchorPoint="1" RAnchorOffset="0" BAnchorPoint="1" BAnchorOffset="0" RelativeToClient="0" Font="Default" Text="" BGColor="UI_WindowBGDefault" TextColor="UI_WindowTextDefault" Template="Default" TooltipType="OnCursor" Name="Alert" TooltipColor="" IgnoreMouse="1"/>
            <Control Class="Window" LAnchorPoint="0.5" LAnchorOffset="-12" TAnchorPoint="0.5" TAnchorOffset="-12" RAnchorPoint="0.5" RAnchorOffset="12" BAnchorPoint="0.5" BAnchorOffset="12" RelativeToClient="1" Font="CRB_Header10" Text="" BGColor="UI_WindowBGDefault" TextColor="UI_BtnTextHoloNormal" Template="Default" TooltipType="OnCursor" Name="Icon" TooltipColor="" Picture="1" IgnoreMouse="1" Sprite="" Tooltip="" TooltipId="" TooltipFont="CRB_InterfaceSmall_O" DT_VCENTER="1" DT_CENTER="1" DoNotBlockTooltip="1" NewControlDepth="1" TextId="" NeverBringToFront="0"/>
            <Control Class="Window" LAnchorPoint="0.5" LAnchorOffset="-3" TAnchorPoint="0.5" TAnchorOffset="-2" RAnchorPoint="0.5" RAnchorOffset="15" BAnchorPoint="0.5" BAnchorOffset="16" RelativeToClient="1" Font="CRB_Header9" Text="" BGColor="UI_WindowBGDefault" TextColor="UI_TextHoloTitle" Template="Default" TooltipType="OnCursor" Name="Number" TooltipColor="" Picture="1" IgnoreMouse="1" Sprite="BK3:UI_BK3_Holo_InsetCircle" Tooltip="" TooltipId="" TooltipFont="CRB_InterfaceSmall_O" DT_VCENTER="1" DT_CENTER="1" DoNotBlockTooltip="1" NewControlDepth="2" TextId="Challenges_NoProgress" NoClip="1" Visible="0" HideInEditor="0"/>
        </Control>
    </Form>
</Forms>
