<Forms>
    <Form Class="Window" LAnchorPoint="0" LAnchorOffset="0" TAnchorPoint="0" TAnchorOffset="0" RAnchorPoint="0" RAnchorOffset="800" BAnchorPoint="0" BAnchorOffset="633" RelativeToClient="1" Font="Default" Text="" Template="" Name="MissionLog" Picture="0" SwallowMouseClicks="1" Overlapped="1" BGColor="ffffffff" TextColor="ffffffff" TextId="" Sprite="" Visible="1" TooltipColor="" Tooltip="" IgnoreMouse="1">
        <Control Class="Window" LAnchorPoint="0" LAnchorOffset="250" TAnchorPoint="0" TAnchorOffset="144" RAnchorPoint="1" RAnchorOffset="0" BAnchorPoint="1" BAnchorOffset="0" RelativeToClient="1" Font="Default" Text="" Template="Holo_Background_General" Name="RightSide" BGColor="ffffffff" TextColor="ffffffff" NewControlDepth="10" TooltipColor="" Sprite="" Picture="1" IgnoreMouse="1" Tooltip="">
            <Control Class="Window" LAnchorPoint="0" LAnchorOffset="10" TAnchorPoint="0" TAnchorOffset="10" RAnchorPoint="1" RAnchorOffset="-10" BAnchorPoint="1" BAnchorOffset="-10" RelativeToClient="1" Font="Default" Text="" Template="Holo_ScrollList" Name="MissionList" BGColor="ffffffff" TextColor="ffffffff" Border="1" IgnoreMouse="1" VScroll="1" Sprite="" Picture="1" TextId="" UseTemplateBG="1" HideInEditor="0" TooltipColor=""/>
            <Control Class="Window" LAnchorPoint="0.5" LAnchorOffset="-110" TAnchorPoint="0" TAnchorOffset="50" RAnchorPoint="0.5" RAnchorOffset="110" BAnchorPoint="0" BAnchorOffset="230" RelativeToClient="1" Font="CRB_InterfaceMedium" Text="" Template="Default" Name="EmptyLabel" BGColor="ffffffff" TextColor="UI_BtnTextRedNormal" TextId="PlayerPath_NoMissions" DT_CENTER="1" Visible="0" DT_WORDBREAK="1" TooltipColor="" Tooltip=""/>
        </Control>
        <Control Class="Window" LAnchorPoint="0" LAnchorOffset="-1" TAnchorPoint="0" TAnchorOffset="142" RAnchorPoint="0" RAnchorOffset="249" BAnchorPoint="1" BAnchorOffset="0" RelativeToClient="1" Font="Default" Text="" Template="Default" Name="LeftSide" BGColor="ffffffff" TextColor="ffffffff" IgnoreMouse="1" Sprite="CRB_Basekit:kitBase_MetalGold_Small" Picture="1" TooltipColor="">
            <Control Class="Window" LAnchorPoint="0" LAnchorOffset="10" TAnchorPoint="0" TAnchorOffset="50" RAnchorPoint="1" RAnchorOffset="-11" BAnchorPoint="0" BAnchorOffset="214" RelativeToClient="1" Font="CRB_HeaderSmall" Text="" Template="Default" Name="LeftSideTop" BGColor="ffffffff" TextColor="ffb8a485" Picture="0" IgnoreMouse="1" Sprite="" TextId="" DT_CENTER="0" Visible="1" TooltipColor="" Tooltip="">
                <Control Class="Window" LAnchorPoint="0" LAnchorOffset="16" TAnchorPoint="0" TAnchorOffset="41" RAnchorPoint="1" RAnchorOffset="-10" BAnchorPoint="0" BAnchorOffset="61" RelativeToClient="1" Font="CRB_InterfaceMedium" Text="" Template="Default" Name="EpisodeCompletedValue" BGColor="ffffffff" TextColor="ff5f6662" DT_WORDBREAK="1" HideInEditor="0" DT_CENTER="0" TextId="Challenges_NoProgress" Tooltip="" DT_RIGHT="1" TooltipColor=""/>
                <Control Class="Window" LAnchorPoint="0" LAnchorOffset="18" TAnchorPoint="0" TAnchorOffset="60" RAnchorPoint="1" RAnchorOffset="-10" BAnchorPoint="0" BAnchorOffset="80" RelativeToClient="1" Font="CRB_InterfaceMedium" Text="" Template="Default" Name="EpisodeUndiscoveredValue" BGColor="ffffffff" TextColor="ff5f6662" DT_WORDBREAK="1" HideInEditor="0" DT_CENTER="0" TextId="Challenges_NoProgress" DT_RIGHT="1" TooltipColor=""/>
                <Control Class="Window" LAnchorPoint="0" LAnchorOffset="10" TAnchorPoint="0" TAnchorOffset="90" RAnchorPoint="1" RAnchorOffset="-10" BAnchorPoint="1" BAnchorOffset="0" RelativeToClient="1" Font="CRB_InterfaceMedium" Text="" Template="Default" Name="EpisodeSummary" BGColor="ffffffff" TextColor="white" DT_WORDBREAK="1" HideInEditor="0" DT_CENTER="0" TextId="PlayerPath_EpisodeSummaryDefault" TooltipColor=""/>
                <Pixie LAnchorPoint="0" LAnchorOffset="0" TAnchorPoint="0" TAnchorOffset="9" RAnchorPoint="1" RAnchorOffset="0" BAnchorPoint="0" BAnchorOffset="24" BGColor="ffffffff" Font="CRB_Header11" TextColor="ff9aaea3" Text="" TextId="PlayerPath_ZoneDetailsLabel" Line="0" DT_CENTER="1"/>
                <Pixie LAnchorPoint="0" LAnchorOffset="0" TAnchorPoint="0" TAnchorOffset="0" RAnchorPoint="1" RAnchorOffset="0" BAnchorPoint="1" BAnchorOffset="0" BGColor="ffffffff" Font="Default" TextColor="ffffffff" Text="" Sprite="BK3:sprMetal_Metal_InsetHeaderThin" Line="0"/>
                <Pixie LAnchorPoint="0" LAnchorOffset="10" TAnchorPoint="0" TAnchorOffset="41" RAnchorPoint="1" RAnchorOffset="-10" BAnchorPoint="1" BAnchorOffset="-34" BGColor="ffffffff" Font="CRB_Interface10" TextColor="ff5f6662" Text="" TextId="PlayerPath_EpisodeCompletedLabel" DT_CENTER="0" DT_WORDBREAK="1" Line="0"/>
                <Pixie LAnchorPoint="0" LAnchorOffset="10" TAnchorPoint="0" TAnchorOffset="61" RAnchorPoint="1" RAnchorOffset="-10" BAnchorPoint="1" BAnchorOffset="0" BGColor="ffffffff" Font="CRB_Interface10" TextColor="ff5f6662" Text="" TextId="PlayerPath_MissionsToDiscover" DT_CENTER="0" DT_WORDBREAK="1" Line="0"/>
            </Control>
            <Control Class="Window" LAnchorPoint="0" LAnchorOffset="10" TAnchorPoint="0" TAnchorOffset="223" RAnchorPoint="1" RAnchorOffset="-11" BAnchorPoint="1" BAnchorOffset="-8" RelativeToClient="1" Font="Default" Text="" Template="Default" Name="LeftSideBottom" BGColor="ffffffff" TextColor="ffffffff" Sprite="CRB_UIKitSprites:spr_innerframePLAIN" Picture="0" IgnoreMouse="1" NeverBringToFront="1" HideInEditor="0" Visible="1" TooltipColor="">
                <Control Class="Window" LAnchorPoint="0" LAnchorOffset="0" TAnchorPoint="0" TAnchorOffset="5" RAnchorPoint="1" RAnchorOffset="0" BAnchorPoint="1" BAnchorOffset="-2" RelativeToClient="1" Font="CRB_HeaderSmall" Text="" Template="Default" Name="LeftSideBottomContents" BGColor="ffffffff" TextColor="ff9a8460" Picture="0" IgnoreMouse="1" Sprite="" TextId="" DT_CENTER="0" Visible="1" HideInEditor="0" TooltipColor="">
                    <Control Class="Window" LAnchorPoint="0" LAnchorOffset="2" TAnchorPoint="0" TAnchorOffset="36" RAnchorPoint="1" RAnchorOffset="-1" BAnchorPoint="1" BAnchorOffset="-62" RelativeToClient="1" Font="Default" Text="" Template="Metal_ScrollList" Name="EpisodeRewardList" BGColor="ffffffff" TextColor="ffffffff" DT_WORDBREAK="1" Sprite="" Picture="1" IgnoreMouse="1" DT_CENTER="1" DT_VCENTER="1" TextId="" VScroll="1" AutoHideScroll="0" Visible="0" TooltipColor=""/>
                    <Control Class="Button" Base="CRB_Basekit:kitBtn_Metal_LargeGreen" Font="CRB_InterfaceMedium_B" ButtonType="PushButton" RadioGroup="" LAnchorPoint="0" LAnchorOffset="20" TAnchorPoint="1" TAnchorOffset="-48" RAnchorPoint="1" RAnchorOffset="-20" BAnchorPoint="1" BAnchorOffset="0" DT_VCENTER="1" DT_CENTER="1" Name="EpisodeRewardRedeem" BGColor="ffffffff" TextColor="ffffffff" NormalTextColor="ffffffff" PressedTextColor="ffffffff" FlybyTextColor="ffffffff" PressedFlybyTextColor="ffffffff" DisabledTextColor="UI_BtnTextGreenDisabled" Text="" TextId="PlayerPath_Redeem" Visible="1" HideInEditor="0" NoClip="1" RelativeToClient="1" TooltipColor="">
                        <Event Name="ButtonSignal" Function="OnLootEpisodeRewards"/>
                    </Control>
                    <Pixie LAnchorPoint="0" LAnchorOffset="10" TAnchorPoint="0" TAnchorOffset="9" RAnchorPoint="1" RAnchorOffset="-10" BAnchorPoint="0" BAnchorOffset="29" Sprite="" BGColor="white" TextColor="ff9aaea3" Rotation="0" Font="CRB_Header11" Text="" TextId="PlayerPath_ZoneRewardLabel" DT_CENTER="1"/>
                    <Pixie LAnchorPoint="0" LAnchorOffset="0" TAnchorPoint="0" TAnchorOffset="0" RAnchorPoint="1" RAnchorOffset="0" BAnchorPoint="1" BAnchorOffset="-61" BGColor="ffffffff" Font="Default" TextColor="ff9aaea3" Text="" Sprite="BK3:sprMetal_Metal_InsetHeaderThin" Line="0"/>
                </Control>
                <Pixie LAnchorPoint="0" LAnchorOffset="8" TAnchorPoint="0" TAnchorOffset="4" RAnchorPoint="1" RAnchorOffset="0" BAnchorPoint="0" BAnchorOffset="24" BGColor="ffffffff" Font="CRB_Header11" TextColor="ff9aaea3" Text="" TextId="" Line="0" DT_CENTER="1"/>
            </Control>
            <Control Class="Button" Base="CRB_Basekit:kitBtn_Dropdown_TextBaseHybrid" ButtonType="Check" LAnchorPoint="0" LAnchorOffset="8" TAnchorPoint="0" TAnchorOffset="9" RAnchorPoint="1" RAnchorOffset="-8" BAnchorPoint="0" BAnchorOffset="47" Name="ZoneDropdownBtn" BGColor="ffffffff" TextColor="ffffffff" NormalTextColor="UI_TextHoloBody" PressedTextColor="UI_TextHoloBody" FlybyTextColor="UI_TextHoloBody" PressedFlybyTextColor="UI_TextHoloBody" DisabledTextColor="ffffffff" TooltipColor="" Font="CRB_InterfaceMedium_BB" Text="" TextId="PlayerPath_ZoneDropdownDefault" DT_CENTER="1" DT_VCENTER="1">
                <Event Name="ButtonCheck" Function="OnZoneDropdownToggle"/>
                <Event Name="ButtonUncheck" Function="OnZoneDropdownToggle"/>
            </Control>
            <Control Class="Window" LAnchorPoint="0" LAnchorOffset="12" TAnchorPoint="0" TAnchorOffset="40" RAnchorPoint="1" RAnchorOffset="-12" BAnchorPoint="0" BAnchorOffset="215" RelativeToClient="1" Font="Default" Text="" Template="Default" Name="ZoneDropdownContainer" BGColor="ffffffff" TextColor="ffffffff" Sprite="CRB_Basekit:kitBase_MetalGrey_ListSmall" Picture="1" IgnoreMouse="0" NewControlDepth="2" HideInEditor="1" Visible="0" TooltipColor="" CloseOnExternalClick="1" NewWindowDepth="1">
                <Control Class="Window" LAnchorPoint="0" LAnchorOffset="13" TAnchorPoint="0" TAnchorOffset="13" RAnchorPoint="1" RAnchorOffset="-13" BAnchorPoint="1" BAnchorOffset="-12" RelativeToClient="1" Font="Default" Text="" Template="CRB_Scroll_HoloSmall" Name="ZoneDropdownList" BGColor="ffffffff" TextColor="ffffffff" IgnoreMouse="1" VScroll="1" HideInEditor="0" TooltipColor=""/>
                <Pixie LAnchorPoint="0" LAnchorOffset="0" TAnchorPoint="0" TAnchorOffset="0" RAnchorPoint="1" RAnchorOffset="0" BAnchorPoint="1" BAnchorOffset="0" Sprite="CRB_Basekit:kitBase_SmallFramed" BGColor="white" TextColor="black" Rotation="0" Font="Default"/>
            </Control>
        </Control>
        <Control Class="Window" LAnchorPoint="0" LAnchorOffset="-3" TAnchorPoint="0" TAnchorOffset="137" RAnchorPoint="0" RAnchorOffset="801" BAnchorPoint="0" BAnchorOffset="179" RelativeToClient="1" Font="Default" Text="" Template="Default" TooltipType="OnCursor" Name="GradientShadow" BGColor="ffffffff" TextColor="ffffffff" TooltipColor="" Sprite="BK3:UI_BK3_GradientShade" Picture="1" IgnoreMouse="1" Border="0" UseTemplateBG="0" Sizable="0" Moveable="0" HideInEditor="0" NewControlDepth="11"/>
        <Control Class="Window" LAnchorPoint="0" LAnchorOffset="0" TAnchorPoint="0" TAnchorOffset="-2" RAnchorPoint="1" RAnchorOffset="0" BAnchorPoint="0" BAnchorOffset="145" RelativeToClient="1" Font="Default" Text="" Template="Default" TooltipType="OnCursor" Name="TopSide" BGColor="ffffffff" TextColor="ffffffff" TooltipColor="" Picture="1" IgnoreMouse="1" Sprite="CRB_Basekit:kitBase_MetalGrey_Small" NoClip="0" Tooltip="">
            <Control Class="Window" LAnchorPoint="0" LAnchorOffset="0" TAnchorPoint="0" TAnchorOffset="5" RAnchorPoint="0.5" RAnchorOffset="-32" BAnchorPoint="0" BAnchorOffset="113" RelativeToClient="1" Font="Default" Text="" Template="Default" TooltipType="OnCursor" Name="TopLeft" BGColor="ffffffff" TextColor="ffffffff" TooltipColor="" Picture="0" IgnoreMouse="1" Sprite="">
                <Control Class="Window" LAnchorPoint="0" LAnchorOffset="14" TAnchorPoint="0" TAnchorOffset="14" RAnchorPoint="0" RAnchorOffset="93" BAnchorPoint="1" BAnchorOffset="-14" RelativeToClient="1" Font="Default" Text="" Template="Default" TooltipType="OnCursor" Name="TopLeftBigIcon" BGColor="ffffffff" TextColor="ffffffff" TooltipColor="" Picture="1" IgnoreMouse="1" Sprite="Icon_Windows_UI_CRB_Soldier_MissionRank_02"/>
                <Control Class="Window" LAnchorPoint="0" LAnchorOffset="100" TAnchorPoint="0.5" TAnchorOffset="0" RAnchorPoint="0" RAnchorOffset="150" BAnchorPoint="1" BAnchorOffset="0" RelativeToClient="1" Font="CRB_HeaderGigantic_O" Text="" Template="Default" TooltipType="OnCursor" Name="TopLeftText" BGColor="ffffffff" TextColor="ff82ffbb" TooltipColor="" TextId="Challenges_NoProgress"/>
                <Control Class="Window" LAnchorPoint="0" LAnchorOffset="155" TAnchorPoint="0" TAnchorOffset="8" RAnchorPoint="1" RAnchorOffset="0" BAnchorPoint="1" BAnchorOffset="-8" RelativeToClient="1" Font="Default" Text="" Template="Default" TooltipType="OnCursor" Name="TopLeftRewardsArt" BGColor="ffffffff" TextColor="ffffffff" TooltipColor="" Sprite="kitBase_HoloBlue_Tiny" Picture="1" IgnoreMouse="1">
                    <Control Class="Window" LAnchorPoint="0" LAnchorOffset="6" TAnchorPoint="0" TAnchorOffset="6" RAnchorPoint="1" RAnchorOffset="-6" BAnchorPoint="1" BAnchorOffset="-6" RelativeToClient="1" Font="Default" Text="" Template="CRB_Scroll_HoloSmall" TooltipType="OnCursor" Name="TopLeftRewardsContainer" BGColor="ffffffff" TextColor="ffffffff" TooltipColor="" VScroll="1" IgnoreMouse="1" AutoHideScroll="1" HideInEditor="0"/>
                </Control>
                <Pixie LAnchorPoint="0" LAnchorOffset="100" TAnchorPoint="0" TAnchorOffset="20" RAnchorPoint="0" RAnchorOffset="150" BAnchorPoint="0.5" BAnchorOffset="0" BGColor="ffffffff" Font="CRB_InterfaceMedium" TextColor="ff5f6662" Text="" TextId="PlayerPath_CurrRankLabel" DT_WORDBREAK="1" Line="0"/>
            </Control>
            <Control Class="Window" LAnchorPoint="0.5" LAnchorOffset="-30" TAnchorPoint="0" TAnchorOffset="5" RAnchorPoint="1" RAnchorOffset="0" BAnchorPoint="0" BAnchorOffset="113" RelativeToClient="1" Font="Default" Text="" Template="Default" TooltipType="OnCursor" Name="TopRight" BGColor="ffffffff" TextColor="ffffffff" TooltipColor="" Sprite="" Picture="1" IgnoreMouse="1">
                <Control Class="Window" LAnchorPoint="0" LAnchorOffset="20" TAnchorPoint="0" TAnchorOffset="18" RAnchorPoint="0" RAnchorOffset="99" BAnchorPoint="1" BAnchorOffset="-17" RelativeToClient="1" Font="Default" Text="" Template="Default" TooltipType="OnCursor" Name="TopRightBigIcon" BGColor="ffffffff" TextColor="ffffffff" TooltipColor="" Picture="1" IgnoreMouse="1" Sprite="ClientSprites:Icon_Windows_UI_CRB_Soldier_MissionRank_03_Disabled"/>
                <Control Class="Window" LAnchorPoint="0" LAnchorOffset="100" TAnchorPoint="0" TAnchorOffset="20" RAnchorPoint="0" RAnchorOffset="150" BAnchorPoint="0.5" BAnchorOffset="0" RelativeToClient="1" Font="CRB_InterfaceMedium" Text="" Template="Default" TooltipType="OnCursor" Name="TopRightLabel" BGColor="ffffffff" TextColor="ff5f6662" TooltipColor="" TextId="PlayerPath_NextRank" DT_WORDBREAK="1" IgnoreMouse="1"/>
                <Control Class="Window" LAnchorPoint="0" LAnchorOffset="100" TAnchorPoint="0.5" TAnchorOffset="0" RAnchorPoint="0" RAnchorOffset="150" BAnchorPoint="1" BAnchorOffset="0" RelativeToClient="1" Font="CRB_HeaderGigantic_O" Text="" Template="Default" TooltipType="OnCursor" Name="TopRightText" BGColor="ffffffff" TextColor="ffb80000" TooltipColor="" TextId="Challenges_NoProgress" IgnoreMouse="1" Picture="0"/>
                <Control Class="Window" LAnchorPoint="0" LAnchorOffset="151" TAnchorPoint="0" TAnchorOffset="8" RAnchorPoint="1" RAnchorOffset="-66" BAnchorPoint="1" BAnchorOffset="-8" RelativeToClient="1" Font="Default" Text="" Template="Default" TooltipType="OnCursor" Name="TopRightRewardsArt" BGColor="ffffffff" TextColor="ffffffff" TooltipColor="" Sprite="kitBase_HoloBlue_Tiny" Picture="1" IgnoreMouse="1">
                    <Control Class="Window" LAnchorPoint="0" LAnchorOffset="6" TAnchorPoint="0" TAnchorOffset="6" RAnchorPoint="1" RAnchorOffset="-6" BAnchorPoint="1" BAnchorOffset="-6" RelativeToClient="1" Font="Default" Text="" Template="CRB_Scroll_HoloSmall" TooltipType="OnCursor" Name="TopRightRewardsContainer" BGColor="ffffffff" TextColor="ffffffff" TooltipColor="" VScroll="1" IgnoreMouse="1" AutoHideScroll="1"/>
                </Control>
                <Control Class="Window" LAnchorPoint="1" LAnchorOffset="-70" TAnchorPoint="0" TAnchorOffset="0" RAnchorPoint="1" RAnchorOffset="-10" BAnchorPoint="1" BAnchorOffset="0" RelativeToClient="1" Font="Default" Text="" Template="Default" TooltipType="OnCursor" Name="TopRightPickerFrame" BGColor="ffffffff" TextColor="ffffffff" TooltipColor="" Picture="1" IgnoreMouse="1" Sprite="" Tooltip="">
                    <Control Class="Button" Base="kitBtn_Metal_Return" Font="Thick" ButtonType="PushButton" RadioGroup="" LAnchorPoint="0" LAnchorOffset="12" TAnchorPoint="0.5" TAnchorOffset="-18" RAnchorPoint="1" RAnchorOffset="-12" BAnchorPoint="0.5" BAnchorOffset="18" DT_VCENTER="1" DT_CENTER="1" TooltipType="OnCursor" Name="TopRightResetBtn" BGColor="ffffffff" TextColor="ffffffff" TooltipColor="" NormalTextColor="ffffffff" PressedTextColor="ffffffff" FlybyTextColor="ffffffff" PressedFlybyTextColor="ffffffff" DisabledTextColor="ffffffff" TestAlpha="1" RelativeToClient="1">
                        <Event Name="ButtonSignal" Function="OnTopRightResetBtn"/>
                    </Control>
                    <Control Class="Button" Base="CRB_Basekit:kitBtn_Holo_CircleSmall" Font="Thick" ButtonType="PushButton" RadioGroup="" LAnchorPoint="0.5" LAnchorOffset="-13" TAnchorPoint="0" TAnchorOffset="12" RAnchorPoint="0.5" RAnchorOffset="15" BAnchorPoint="0" BAnchorOffset="40" DT_VCENTER="1" DT_CENTER="1" TooltipType="OnCursor" Name="TopRightUpBtn" BGColor="ffffffff" TextColor="ffffffff" TooltipColor="" NormalTextColor="ffffffff" PressedTextColor="ffffffff" FlybyTextColor="ffffffff" PressedFlybyTextColor="ffffffff" DisabledTextColor="ffffffff" TestAlpha="1" RelativeToClient="1">
                        <Event Name="ButtonSignal" Function="OnTopRightUpOrDownClick"/>
                        <Control Class="Window" LAnchorPoint="0" LAnchorOffset="7" TAnchorPoint="0" TAnchorOffset="8" RAnchorPoint="1" RAnchorOffset="-9" BAnchorPoint="1" BAnchorOffset="-8" RelativeToClient="1" Font="Default" Text="" Template="Default" TooltipType="OnCursor" Name="TopRightUpIcon" BGColor="ffffffff" TextColor="ffffffff" TooltipColor="" Sprite="kitIcon_Holo_UpArrow" Picture="1" IgnoreMouse="1" HideInEditor="0" NewControlDepth="1"/>
                    </Control>
                    <Control Class="Button" Base="CRB_Basekit:kitBtn_Holo_CircleSmall" Font="Thick" ButtonType="PushButton" RadioGroup="" LAnchorPoint="0.5" LAnchorOffset="-13" TAnchorPoint="1" TAnchorOffset="-39" RAnchorPoint="0.5" RAnchorOffset="15" BAnchorPoint="1" BAnchorOffset="-11" DT_VCENTER="1" DT_CENTER="1" TooltipType="OnCursor" Name="TopRightDownBtn" BGColor="ffffffff" TextColor="ffffffff" TooltipColor="" NormalTextColor="ffffffff" PressedTextColor="ffffffff" FlybyTextColor="ffffffff" PressedFlybyTextColor="ffffffff" DisabledTextColor="ffffffff" RelativeToClient="1" TestAlpha="1">
                        <Event Name="ButtonSignal" Function="OnTopRightUpOrDownClick"/>
                        <Control Class="Window" LAnchorPoint="0" LAnchorOffset="7" TAnchorPoint="0" TAnchorOffset="8" RAnchorPoint="1" RAnchorOffset="-9" BAnchorPoint="1" BAnchorOffset="-8" RelativeToClient="1" Font="Default" Text="" Template="Default" TooltipType="OnCursor" Name="TopRightDownIcon" BGColor="ffffffff" TextColor="ffffffff" TooltipColor="" Sprite="kitIcon_Holo_DownArrow" Picture="1" IgnoreMouse="1" HideInEditor="0" NewControlDepth="1"/>
                    </Control>
                    <Pixie LAnchorPoint="0" LAnchorOffset="11" TAnchorPoint="0" TAnchorOffset="11" RAnchorPoint="1" RAnchorOffset="-11" BAnchorPoint="1" BAnchorOffset="-11" BGColor="ffffffff" Font="Default" TextColor="ffffffff" Text="" Sprite="kitBase_HoloTeal_NoBorder" Line="0"/>
                    <Pixie LAnchorPoint="0" LAnchorOffset="0" TAnchorPoint="0" TAnchorOffset="0" RAnchorPoint="1" RAnchorOffset="0" BAnchorPoint="1" BAnchorOffset="0" BGColor="ffffffff" Font="Default" TextColor="ffffffff" Text="" Sprite="kitInnerFrame_MetalGrey_Small" Line="0"/>
                </Control>
            </Control>
            <Control Class="Window" LAnchorPoint="0" LAnchorOffset="10" TAnchorPoint="1" TAnchorOffset="-42" RAnchorPoint="1" RAnchorOffset="-10" BAnchorPoint="1" BAnchorOffset="-8" RelativeToClient="1" Font="Default" Text="" Template="Default" TooltipType="OnCursor" Name="TopXPArt" BGColor="ffffffff" TextColor="ffffffff" TooltipColor="" Picture="1" IgnoreMouse="1" Sprite="CRB_Basekit:kitIProgBar_Metal_CappedBaseLeft">
                <Control Class="MLWindow" LAnchorPoint="0" LAnchorOffset="20" TAnchorPoint="0" TAnchorOffset="10" RAnchorPoint="0" RAnchorOffset="146" BAnchorPoint="1" BAnchorOffset="0" RelativeToClient="1" Font="CRB_InterfaceSmall" Text="Path XP: " Template="Default" TooltipType="OnCursor" Name="TopXPLeftText" BGColor="ffffffff" TextColor="ffffffff" TooltipColor="" TextId=""/>
                <Control Class="MLWindow" LAnchorPoint="1" LAnchorOffset="-131" TAnchorPoint="0" TAnchorOffset="10" RAnchorPoint="1" RAnchorOffset="-16" BAnchorPoint="1" BAnchorOffset="0" RelativeToClient="1" Font="CRB_InterfaceSmall" Text="Needed: " Template="Default" TooltipType="OnCursor" Name="TopXPRightText" BGColor="ffffffff" TextColor="ffffffff" TooltipColor="" TextId=""/>
                <Control Class="ProgressBar" Text="" LAnchorPoint="0" LAnchorOffset="148" TAnchorPoint="0" TAnchorOffset="8" RAnchorPoint="1" RAnchorOffset="-149" BAnchorPoint="1" BAnchorOffset="-8" AutoSetText="0" UseValues="0" RelativeToClient="1" SetTextToProgress="0" DT_CENTER="1" DT_VCENTER="1" ProgressEmpty="" ProgressFull="kitIProgBar_MetalCapped" TooltipType="OnCursor" Name="TopXPProgressBar" BGColor="ffffffff" TextColor="ffffffff" TooltipColor="" BarColor="" Picture="1" Sprite="" Tooltip="" ProgressEdgeGlow="kitIProgBar_Holo_Cap" EdgeGlow="1" NoClipEdgeGlow="1"/>
                <Pixie LAnchorPoint="0" LAnchorOffset="149" TAnchorPoint="0" TAnchorOffset="0" RAnchorPoint="1" RAnchorOffset="-150" BAnchorPoint="1" BAnchorOffset="0" BGColor="ffffffff" Font="Default" TextColor="ffffffff" Text="" Sprite="CRB_Basekit:kitIProgBar_Metal_CappedBase" Line="0"/>
                <Pixie LAnchorPoint="1" LAnchorOffset="-150" TAnchorPoint="0" TAnchorOffset="0" RAnchorPoint="1" RAnchorOffset="0" BAnchorPoint="1" BAnchorOffset="0" BGColor="ffffffff" Font="Default" TextColor="ffffffff" Text="" Sprite="CRB_Basekit:kitIProgBar_Metal_CappedBaseRight" Line="0"/>
            </Control>
            <Pixie LAnchorPoint="0" LAnchorOffset="-8" TAnchorPoint="0" TAnchorOffset="-8" RAnchorPoint="1" RAnchorOffset="8" BAnchorPoint="1" BAnchorOffset="8" BGColor="ffffffff" Font="Default" TextColor="ffffffff" Text="" Sprite="kitInnerFrame_MetalGrey_Large" Line="0"/>
        </Control>
        <Control Class="Window" LAnchorPoint="0" LAnchorOffset="246" TAnchorPoint="0" TAnchorOffset="130" RAnchorPoint="0" RAnchorOffset="259" BAnchorPoint="1" BAnchorOffset="17" RelativeToClient="1" Font="Default" Text="" Template="Default" TooltipType="OnCursor" Name="Divider" BGColor="ffffffff" TextColor="ffffffff" TooltipColor="" Sprite="BK3:UI_BK3_Metal_Inset_Divider_V" Picture="1" IgnoreMouse="1" NoClip="1" NewWindowDepth="1"/>
    </Form>
    <Form Name="RewardItem" Class="MLWindow" LAnchorPoint="0" LAnchorOffset="0" TAnchorPoint="0" TAnchorOffset="0" RAnchorPoint="1" RAnchorOffset="0" BAnchorPoint="0" BAnchorOffset="40" Visible="1" BGColor="ffffffff" TextColor="ff5f6662" Sprite="" Picture="0" Overlapped="1" IgnoreMouse="1" Text="" TooltipColor="" RelativeToClient="1">
        <Control Name="RewardItemIcon" Class="IconButton" ContentType="RewardGiven" ContentId="1" Base="HoloActionBarBlankIconBtn" Visible="1" LAnchorPoint="0" LAnchorOffset="4" TAnchorPoint="0" TAnchorOffset="7" RAnchorPoint="0" RAnchorOffset="28" BAnchorPoint="1" BAnchorOffset="-9" BGColor="ffffffff" TextColor="ffffffff" Picture="1" TooltipType="OnCursor" IgnoreTooltipDelay="1" IgnoreMouse="1" Sprite="" Text="" NewControlDepth="3" TooltipColor="">
            <Event Name="GenerateTooltip" Function="OnGenerateTooltip"/>
        </Control>
        <Control Class="Window" LAnchorPoint="0" LAnchorOffset="32" TAnchorPoint="0" TAnchorOffset="0" RAnchorPoint="1" RAnchorOffset="-21" BAnchorPoint="1" BAnchorOffset="-2" RelativeToClient="0" Font="CRB_InterfaceSmall" Text="" Template="Default" Name="RewardItemName" BGColor="ffffffff" TextColor="ff5f6662" NewControlDepth="1" DT_VCENTER="1" DT_CENTER="0" DT_WORDBREAK="1" LeftEdgeControlsAnchor="" TopEdgeControlsAnchor="" RightEdgeControlsAnchor="" BottomEdgeControlsAnchor="" TextId="Challenges_NoProgress" TooltipColor=""/>
        <Control Class="Window" LAnchorPoint="1" LAnchorOffset="-42" TAnchorPoint="0" TAnchorOffset="9" RAnchorPoint="1" RAnchorOffset="-20" BAnchorPoint="1" BAnchorOffset="-9" RelativeToClient="1" Font="Default" Text="" Template="Default" Name="RewardLootedIcon" BGColor="ffffffff" TextColor="ffffffff" Picture="1" IgnoreMouse="1" Sprite="CRB_Basekit:kitIcon_Holo_Checkmark" Visible="0" TooltipColor=""/>
        <Pixie LAnchorPoint="0" LAnchorOffset="0" TAnchorPoint="0" TAnchorOffset="0" RAnchorPoint="1" RAnchorOffset="0" BAnchorPoint="1" BAnchorOffset="0" BGColor="ffffffff" Font="Default" TextColor="ffffffff" Text="" Sprite="BK3:btnMetal_ExpandMenu_NoNavNormal" Line="0"/>
    </Form>
    <Form Class="Window" LAnchorPoint="0" LAnchorOffset="0" TAnchorPoint="0" TAnchorOffset="0" RAnchorPoint="1" RAnchorOffset="0" BAnchorPoint="0" BAnchorOffset="60" RelativeToClient="0" Font="Default" Text="" Template="Default" Name="MissionContainerForm" SwallowMouseClicks="1" TextId="" Overlapped="1" BGColor="ffffffff" TextColor="ffffffff" TooltipColor="" Tooltip="" Sprite="" Picture="1">
        <Control Class="Button" LAnchorPoint="0" LAnchorOffset="0" TAnchorPoint="0" TAnchorOffset="2" RAnchorPoint="1" RAnchorOffset="-23" BAnchorPoint="1" BAnchorOffset="0" RelativeToClient="1" Font="CRB_InterfaceMedium" Template="Default" Name="HeaderBtn" DT_VCENTER="1" TextId="" Text="" BottomEdgeControlsAnchor="" Base="BK3:btnHolo_ExpandCollapse" ButtonType="Check" NormalTextColor="ffffffff" BGColor="ffffffff" TextColor="ffffffff" PressedTextColor="ffffffff" FlybyTextColor="ffffffff" PressedFlybyTextColor="ffffffff" DisabledTextColor="ffffffff" RadioAlwaysSignal="0" RadioDisallowNonSelection="0" TooltipColor="">
            <Control Class="Window" LAnchorPoint="0" LAnchorOffset="11" TAnchorPoint="0" TAnchorOffset="5" RAnchorPoint="1" RAnchorOffset="0" BAnchorPoint="0" BAnchorOffset="29" RelativeToClient="1" Font="CRB_Header11" Text="" Template="Default" Name="HeaderBtnText" TextId="CRB_CallbackAvailable" DT_VCENTER="1" BGColor="ffffffff" TextColor="UI_TextHoloTitle" DT_BOTTOM="0" TooltipColor=""/>
            <Event Name="ButtonCheck" Function="OnExpandCollapseCategories"/>
            <Event Name="ButtonUncheck" Function="OnExpandCollapseCategories"/>
        </Control>
        <Control Class="Window" LAnchorPoint="0" LAnchorOffset="10" TAnchorPoint="0" TAnchorOffset="48" RAnchorPoint="1" RAnchorOffset="-30" BAnchorPoint="1" BAnchorOffset="8" RelativeToClient="1" Font="Default" Text="" Template="Default" Name="HeaderContainer" TopEdgeControlsAnchor="" BGColor="ffffffff" TextColor="ffffffff" TooltipColor=""/>
        <Pixie LAnchorPoint="0" LAnchorOffset="2" TAnchorPoint="0" TAnchorOffset="2" RAnchorPoint="1" RAnchorOffset="-24" BAnchorPoint="1" BAnchorOffset="0" Sprite="BK3:UI_BK3_Holo_InsetHeaderThin" BGColor="white" TextColor="black" Rotation="0" Font="Default" Text=""/>
    </Form>
    <Form Class="Window" LAnchorPoint="0" LAnchorOffset="0" TAnchorPoint="0" TAnchorOffset="0" RAnchorPoint="1" RAnchorOffset="13" BAnchorPoint="0" BAnchorOffset="40" RelativeToClient="1" Font="Default" Text="" Template="Default" TooltipType="OnCursor" Name="TopRewardItem" Border="0" Picture="1" SwallowMouseClicks="1" Moveable="0" Escapable="0" Overlapped="1" BGColor="ffffffff" TextColor="ffffffff" TooltipColor="" IgnoreMouse="1" Sprite="kitBtn_List_HoloNormal" Tooltip="" NoClip="1">
        <Control Class="IconButton" ContentType="" ContentId="" RelativeToClient="1" NoClip="0" LAnchorPoint="0" LAnchorOffset="4" TAnchorPoint="0" TAnchorOffset="4" RAnchorPoint="0" RAnchorOffset="36" BAnchorPoint="1" BAnchorOffset="-4" BGColor="ffffffff" TextColor="ffffffff" TooltipType="OnCursor" Name="RewardItemIcon" TooltipColor="" Picture="1">
            <Event Name="GenerateTooltip" Function="OnGenerateTooltip"/>
        </Control>
        <Control Class="Window" LAnchorPoint="0" LAnchorOffset="40" TAnchorPoint="0" TAnchorOffset="0" RAnchorPoint="1" RAnchorOffset="-2" BAnchorPoint="1" BAnchorOffset="0" RelativeToClient="1" Font="CRB_InterfaceSmall" Text="" Template="Default" TooltipType="OnCursor" Name="RewardItemName" BGColor="ffffffff" TextColor="UI_TextHoloBody" TooltipColor="" TextId="Challenges_NoProgress" DT_VCENTER="1" DT_WORDBREAK="1"/>
    </Form>
    <Form Class="Window" LAnchorPoint="0" LAnchorOffset="0" TAnchorPoint="0" TAnchorOffset="0" RAnchorPoint="1" RAnchorOffset="0" BAnchorPoint="0" BAnchorOffset="133" RelativeToClient="1" Font="Default" Text="" Template="Default" TooltipType="OnCursor" Name="MissionListItem" Border="0" Picture="1" SwallowMouseClicks="1" Moveable="0" Escapable="0" Overlapped="1" BGColor="ffffffff" TextColor="ffffffff" TooltipColor="" TopEdgeControlsAnchor="" IgnoreMouse="1">
        <Control Class="Window" LAnchorPoint="0" LAnchorOffset="14" TAnchorPoint="0" TAnchorOffset="12" RAnchorPoint="0" RAnchorOffset="54" BAnchorPoint="0" BAnchorOffset="52" RelativeToClient="1" Font="Default" Text="" Template="Default" Name="MissionItemIconBG" BGColor="ffffffff" TextColor="ffffffff" Picture="1" Sprite="" LeftEdgeControlsAnchor="" TopEdgeControlsAnchor="" RightEdgeControlsAnchor="" BottomEdgeControlsAnchor="" Visible="1" IgnoreMouse="1" Overlapped="1" TooltipColor="">
            <Pixie LAnchorPoint="0" LAnchorOffset="0" TAnchorPoint="0" TAnchorOffset="0" RAnchorPoint="1" RAnchorOffset="0" BAnchorPoint="1" BAnchorOffset="0" BGColor="ffffffff" Font="Default" TextColor="ffffffff" Text="" Sprite="BK3:UI_BK3_Holo_InsetSimple" Line="0"/>
        </Control>
        <Control Class="Window" LAnchorPoint="0" LAnchorOffset="18" TAnchorPoint="0" TAnchorOffset="16" RAnchorPoint="0" RAnchorOffset="50" BAnchorPoint="0" BAnchorOffset="48" RelativeToClient="1" Font="Default" Text="" Template="Default" Name="MissionItemIcon" BGColor="ffffffff" TextColor="ffffffff" Picture="1" Sprite="MissionLog_TEMP:spr_TEMP_MLog_CheckMark" LeftEdgeControlsAnchor="" TopEdgeControlsAnchor="" RightEdgeControlsAnchor="" BottomEdgeControlsAnchor="" Visible="1" IgnoreMouse="1" Overlapped="1" NewControlDepth="1" TooltipColor=""/>
        <Control Class="Window" LAnchorPoint="0" LAnchorOffset="60" TAnchorPoint="0" TAnchorOffset="10" RAnchorPoint="1" RAnchorOffset="-10" BAnchorPoint="0" BAnchorOffset="30" RelativeToClient="1" Font="CRB_InterfaceMedium_B" Text="" Template="Default" Name="MissionItemName" BGColor="ffffffff" TextColor="UI_TextHoloTitle" NewControlDepth="1" TextId="CRB_Question" TooltipColor="" IgnoreMouse="1"/>
        <Control Class="Window" LAnchorPoint="1" LAnchorOffset="-64" TAnchorPoint="0" TAnchorOffset="8" RAnchorPoint="1" RAnchorOffset="-14" BAnchorPoint="0" BAnchorOffset="28" RelativeToClient="1" Font="CRB_InterfaceMedium_B" Text="" Template="Default" Name="MissionItemProgress" BGColor="ffffffff" TextColor="UI_TextHoloBodyHighlight" TextId="" DT_VCENTER="0" DT_RIGHT="1" TooltipColor=""/>
        <Control Class="MLWindow" LAnchorPoint="0" LAnchorOffset="61" TAnchorPoint="0" TAnchorOffset="30" RAnchorPoint="1" RAnchorOffset="-12" BAnchorPoint="0" BAnchorOffset="30" RelativeToClient="1" Font="CRB_InterfaceSmall" Text="" Template="Default" Name="MissionItemSummary" BGColor="ffffffff" TextColor="UI_TextHoloBody" NewControlDepth="1" TextId="" IgnoreMouse="1" TooltipColor=""/>
        <Control Class="MLWindow" LAnchorPoint="0" LAnchorOffset="70" TAnchorPoint="0" TAnchorOffset="80" RAnchorPoint="1" RAnchorOffset="-12" BAnchorPoint="0" BAnchorOffset="100" RelativeToClient="1" Font="CRB_InterfaceMedium" Text="" Template="Default" Name="MissionItemExtraText" BGColor="ffffffff" TextColor="UI_TextHoloBodyCyan" NewControlDepth="1" TextId="" IgnoreMouse="1" TooltipColor=""/>
        <Control Class="Window" LAnchorPoint="0" LAnchorOffset="0" TAnchorPoint="0" TAnchorOffset="0" RAnchorPoint="1" RAnchorOffset="0" BAnchorPoint="1" BAnchorOffset="-10" RelativeToClient="1" Font="Default" Text="" Template="Default" Name="MissionItemHighlightRunner" BGColor="ffffffff" TextColor="ffffffff" Picture="1" IgnoreMouse="1" Sprite="CRB_ActionBarIconSprites:sprAS_Prompt_Resource2" Visible="0" TooltipColor="" HideInEditor="1">
            <Event Name="MouseButtonDown" Function="OnMissionHighlightMouseDown"/>
        </Control>
        <Pixie LAnchorPoint="0" LAnchorOffset="4" TAnchorPoint="0" TAnchorOffset="2" RAnchorPoint="1" RAnchorOffset="-4" BAnchorPoint="1" BAnchorOffset="0" BGColor="ffffffff" Font="Default" TextColor="ffffffff" Text="" Sprite="BK3:UI_BK3_Holo_InsetSimple" Line="0"/>
    </Form>
    <Form Class="Window" LAnchorPoint="0" LAnchorOffset="0" TAnchorPoint="0" TAnchorOffset="0" RAnchorPoint="1" RAnchorOffset="0" BAnchorPoint="0" BAnchorOffset="30" RelativeToClient="1" Font="Default" Text="" Template="Default" Name="BigZoneItem" BGColor="ffffffff" TextColor="ffffffff" TooltipColor="" Tooltip="">
        <Control Class="Button" Base="CRB_Basekit:kitBtn_List_Holo" Font="Thick" ButtonType="Check" RadioGroup="" LAnchorPoint="0" LAnchorOffset="0" TAnchorPoint="0" TAnchorOffset="0" RAnchorPoint="1" RAnchorOffset="-1" BAnchorPoint="1" BAnchorOffset="0" DT_VCENTER="1" DT_CENTER="1" Name="BigZoneBtn" GlobalRadioGroup="PlayerPath_BigZoneBtnGlobalRadioGroup" RadioDisallowNonSelection="1" RadioAlwaysSignal="1" BGColor="ffffffff" TextColor="ffffffff" NormalTextColor="ffffffff" PressedTextColor="ffffffff" FlybyTextColor="ffffffff" PressedFlybyTextColor="ffffffff" DisabledTextColor="ffffffff" TooltipColor="">
            <Event Name="ButtonUp" Function="OnBigZoneBtnPress"/>
            <Control Class="Window" LAnchorPoint="0" LAnchorOffset="10" TAnchorPoint="0" TAnchorOffset="0" RAnchorPoint="1" RAnchorOffset="0" BAnchorPoint="1" BAnchorOffset="0" RelativeToClient="1" Font="CRB_InterfaceMedium_B" Text="Untitled Zone" Template="Default" Name="BigZoneTitle" TextId="" BGColor="ffffffff" TextColor="ff31fcf6" TooltipType="OnCursor" DT_VCENTER="1" Sprite="" TooltipColor=""/>
        </Control>
    </Form>
</Forms>
