<?xml version="1.0" encoding="UTF-8" standalone="yes" ?>
<Forms>
    <Form Class="Window" LAnchorPoint="0.5" LAnchorOffset="-234" TAnchorPoint="0.5" TAnchorOffset="-54" RAnchorPoint="0.5" RAnchorOffset="-30" BAnchorPoint="0.5" BAnchorOffset="56" RelativeToClient="1" Font="Default" Text="" Template="Default" TooltipType="OnCursor" Name="LevelUpUnlockFanfare" Border="0" Picture="1" SwallowMouseClicks="1" Moveable="0" Escapable="0" Overlapped="1" BGColor="ffffffff" TextColor="ffffffff" TooltipColor="" Sprite="" Tooltip="" IgnoreMouse="1" Visible="1">
        <Control Class="Window" LAnchorPoint="0" LAnchorOffset="10" TAnchorPoint="0.5" TAnchorOffset="-22" RAnchorPoint="1" RAnchorOffset="-28" BAnchorPoint="0.5" BAnchorOffset="-2" RelativeToClient="1" Font="CRB_InterfaceLarge_B" Text="" Template="Default" TooltipType="OnCursor" Name="LevelUpUnlockFanfareHeader" BGColor="ffffffff" TextColor="UI_TextHoloBodyHighlight" TooltipColor="" TextId="LevelUpUnlocks_FanfareHeader" DT_CENTER="1"/>
        <Control Class="Button" Base="CRB_Basekit:kitBtn_Holo_Large" Font="CRB_InterfaceMedium_B" ButtonType="PushButton" RadioGroup="" LAnchorPoint="0" LAnchorOffset="14" TAnchorPoint="1" TAnchorOffset="-50" RAnchorPoint="1" RAnchorOffset="-32" BAnchorPoint="1" BAnchorOffset="-10" DT_VCENTER="1" DT_CENTER="1" Name="LevelUpUnlockFanfareGetDetails" BGColor="66ffff00" TextColor="ffffffff" WindowSoundTemplate="TogglePhys02" TextId="LevelUpUnlocks_SeeRewards" Text="" TooltipColor="" NormalTextColor="UI_BtnTextGreenNormal" PressedTextColor="UI_BtnTextGreenPressed" FlybyTextColor="UI_BtnTextGreenFlyby" PressedFlybyTextColor="UI_BtnTextGreenPressedFlyby" DisabledTextColor="UI_BtnTextGreenDisabled">
            <Event Name="ButtonSignal" Function="OnCloseToDetailsWindow"/>
        </Control>
        <Control Class="Button" Base="CRB_QuestTrackerSprites:btnQT_QuestMinimize" Font="Thick" ButtonType="PushButton" RadioGroup="" LAnchorPoint="1" LAnchorOffset="-46" TAnchorPoint="0" TAnchorOffset="17" RAnchorPoint="1" RAnchorOffset="-28" BAnchorPoint="0" BAnchorOffset="35" DT_VCENTER="1" DT_CENTER="1" Name="LevelUpUnlockFanfareDismiss" BGColor="ffffffff" TextColor="ffffffff" WindowSoundTemplate="CloseWindowPhys" Text="" TextId="" TooltipColor="" NormalTextColor="ffffffff" PressedTextColor="ffffffff" FlybyTextColor="ffffffff" PressedFlybyTextColor="ffffffff" DisabledTextColor="ffffffff">
            <Event Name="ButtonSignal" Function="OnCloseToReminder"/>
        </Control>
        <Pixie LAnchorPoint="0" LAnchorOffset="0" TAnchorPoint="0" TAnchorOffset="0" RAnchorPoint="1" RAnchorOffset="0" BAnchorPoint="1" BAnchorOffset="0" BGColor="66ffffff" Font="Default" TextColor="ffffffff" Text="" Sprite="CRB_DialogSprites:sprDialog_BackerPlayer" Line="0" Rotation="180"/>
    </Form>
    <Form Class="Window" LAnchorPoint="0" LAnchorOffset="298" TAnchorPoint="0" TAnchorOffset="46" RAnchorPoint="0" RAnchorOffset="398" BAnchorPoint="0" BAnchorOffset="146" RelativeToClient="1" Font="Default" Text="" Template="Default" TooltipType="OnCursor" Name="LevelUpUnlockReminder" Border="0" Picture="1" SwallowMouseClicks="1" Moveable="1" Escapable="0" Overlapped="1" BGColor="ffffffff" TextColor="ffffffff" TooltipColor="" Sprite="CRB_Basekit:kitBase_HoloBlue_SmallPlain" Tooltip="" IgnoreMouse="1" TransitionShowHide="1" HideInEditor="0">
        <Control Class="Window" LAnchorPoint="0" LAnchorOffset="0" TAnchorPoint="0" TAnchorOffset="20" RAnchorPoint="1" RAnchorOffset="0" BAnchorPoint="0" BAnchorOffset="40" RelativeToClient="1" Font="CRB_InterfaceLarge_B" Text="" Template="Default" TooltipType="OnCursor" Name="LevelUpUnlockReminderHeader" BGColor="ffffffff" TextColor="UI_TextHoloBodyHighlight" TooltipColor="" TextId="LevelUpUnlocks_FanfareHeader" DT_CENTER="1"/>
        <Control Class="Button" Base="CRB_Basekit:kitBtn_Holo_Large" Font="CRB_InterfaceMedium_B" ButtonType="PushButton" RadioGroup="" LAnchorPoint="0" LAnchorOffset="8" TAnchorPoint="1" TAnchorOffset="-52" RAnchorPoint="1" RAnchorOffset="-8" BAnchorPoint="1" BAnchorOffset="-8" DT_VCENTER="1" DT_CENTER="1" TooltipType="OnCursor" Name="LevelUpUnlockReminderGetDetails" BGColor="ffffff00" TextColor="ffffffff" TooltipColor="" NormalTextColor="UI_BtnTextGreenNormal" PressedTextColor="UI_BtnTextGreenPressed" FlybyTextColor="UI_BtnTextGreenFlyby" PressedFlybyTextColor="UI_BtnTextGreenPressedFlyby" DisabledTextColor="UI_BtnTextGreenDisabled" Text="" TextId="" DT_WORDBREAK="0">
            <Event Name="ButtonSignal" Function="OnCloseToDetailsWindow"/>
            <Control Class="Window" LAnchorPoint="0" LAnchorOffset="8" TAnchorPoint="0" TAnchorOffset="0" RAnchorPoint="1" RAnchorOffset="-8" BAnchorPoint="1" BAnchorOffset="0" RelativeToClient="1" Font="CRB_InterfaceMedium_B" Text="" Template="Default" TooltipType="OnCursor" Name="LevelUpUnlockReminderGetDetailsText" BGColor="ffffffff" TextColor="UI_BtnTextGreenNormal" TooltipColor="" TextId="LevelUpUnlocks_SeeRewards" DT_VCENTER="1" DT_CENTER="1" DT_WORDBREAK="1"/>
        </Control>
        <Control Class="Button" Base="CRB_ChallengeTrackerSprites:btnChallengeClose" Font="Thick" ButtonType="PushButton" RadioGroup="" LAnchorPoint="1" LAnchorOffset="-22" TAnchorPoint="0" TAnchorOffset="4" RAnchorPoint="1" RAnchorOffset="-4" BAnchorPoint="0" BAnchorOffset="22" DT_VCENTER="1" DT_CENTER="1" Name="LevelUpUnlockReminderDismiss" BGColor="ffffffff" TextColor="ffffffff" WindowSoundTemplate="CloseWindowPhys" Text="" TextId="" TooltipColor="" NormalTextColor="ffffffff" PressedTextColor="ffffffff" FlybyTextColor="ffffffff" PressedFlybyTextColor="ffffffff" DisabledTextColor="ffffffff">
            <Event Name="ButtonSignal" Function="OnLevelUpUnlocksMarkAllAsSeenBtn"/>
        </Control>
        <Control Class="Window" LAnchorPoint="0" LAnchorOffset="0" TAnchorPoint="0" TAnchorOffset="0" RAnchorPoint="1" RAnchorOffset="0" BAnchorPoint="1" BAnchorOffset="0" RelativeToClient="1" Font="Default" Text="" Template="Default" TooltipType="OnCursor" Name="Window" BGColor="ffffffff" TextColor="ffffffff" TooltipColor="" Sprite="CRB_Basekit:kitBase_HoloBlue_Tiny" Picture="1" IgnoreMouse="1"/>
    </Form>
    <Form Class="Window" LAnchorPoint="0.5" LAnchorOffset="-250" TAnchorPoint="0" TAnchorOffset="55" RAnchorPoint="0.5" RAnchorOffset="250" BAnchorPoint="0" BAnchorOffset="695" RelativeToClient="1" Font="Default" Text="" Template="Default" TooltipType="OnCursor" Name="LevelUpUnlockDetails" Border="0" Picture="1" SwallowMouseClicks="1" Moveable="1" Escapable="1" Overlapped="1" BGColor="ffffffff" TextColor="ffffffff" TooltipColor="" Sprite="" IgnoreMouse="1" TransitionShowHide="1" NeverBringToFront="1" Tooltip="">
        <Control Class="Window" LAnchorPoint="0" LAnchorOffset="35" TAnchorPoint="0" TAnchorOffset="20" RAnchorPoint="1" RAnchorOffset="-35" BAnchorPoint="1" BAnchorOffset="-20" RelativeToClient="1" Font="Default" Text="" Template="Default" TooltipType="OnCursor" Name="BGBlack" BGColor="ffffffff" TextColor="ffffffff" TooltipColor="" Sprite="CRB_Basekit:kitBase_MetalGrey_Small" Picture="1" IgnoreMouse="1"/>
        <Control Class="Window" LAnchorPoint="0" LAnchorOffset="0" TAnchorPoint="0" TAnchorOffset="0" RAnchorPoint="1" RAnchorOffset="0" BAnchorPoint="0" BAnchorOffset="283" RelativeToClient="1" Font="Default" Text="" Template="Default" TooltipType="OnCursor" Name="LevelUpFrame" BGColor="ffffffff" TextColor="ffffffff" TooltipColor="" Tooltip="">
            <Control Class="Window" LAnchorPoint="0" LAnchorOffset="38" TAnchorPoint="0" TAnchorOffset="25" RAnchorPoint="1" RAnchorOffset="-38" BAnchorPoint="0" BAnchorOffset="103" RelativeToClient="1" Font="Default" Text="" Template="OldMetalControl" TooltipType="OnCursor" Name="LevelUpHeaderBar" BGColor="ffffffff" TextColor="ffffffff" TooltipColor="" Picture="1" IgnoreMouse="1" Overlapped="0" Sprite="CRB_Basekit:kitBase_HoloTeal_Border">
                <Control Class="Window" LAnchorPoint="0" LAnchorOffset="12" TAnchorPoint="0" TAnchorOffset="12" RAnchorPoint="0" RAnchorOffset="66" BAnchorPoint="1" BAnchorOffset="-12" RelativeToClient="1" Font="CRB_HeaderGigantic_O" Text="25" Template="Default" TooltipType="OnCursor" Name="LevelUpHeaderLevelText" BGColor="ffffffff" TextColor="UI_TextHoloTitle" TooltipColor="" Sprite="CRB_Basekit:kitBase_HoloBlue_IconBase" Picture="1" IgnoreMouse="1" TextId="" DT_VCENTER="1" DT_CENTER="1"/>
                <Control Class="Window" LAnchorPoint="0" LAnchorOffset="74" TAnchorPoint="0" TAnchorOffset="12" RAnchorPoint="1" RAnchorOffset="0" BAnchorPoint="0" BAnchorOffset="37" RelativeToClient="1" Font="CRB_HeaderMedium" Text="" Template="Default" TooltipType="OnCursor" Name="LevelUpUnlockDetailsHeaderWelcome" BGColor="ffffffff" TextColor="UI_TextHoloTitle" TooltipColor="" TextId="LevelUpUnlocks_Welcome" Tooltip=""/>
                <Control Class="Window" LAnchorPoint="0" LAnchorOffset="74" TAnchorPoint="0" TAnchorOffset="32" RAnchorPoint="1" RAnchorOffset="0" BAnchorPoint="0" BAnchorOffset="52" RelativeToClient="1" Font="CRB_InterfaceSmall" Text="" Template="Default" TooltipType="OnCursor" Name="LevelUpUnlockDetailsHeaderAttributes" BGColor="ffffffff" TextColor="UI_TextHoloBody" TooltipColor="" TextId="LevelUpUnlocks_CharacterDescriptionOne"/>
                <Control Class="Window" LAnchorPoint="0" LAnchorOffset="74" TAnchorPoint="0" TAnchorOffset="49" RAnchorPoint="1" RAnchorOffset="0" BAnchorPoint="0" BAnchorOffset="69" RelativeToClient="1" Font="CRB_InterfaceSmall" Text="" Template="Default" TooltipType="OnCursor" Name="LevelUpUnlockDetailsHeaderUnlocks" BGColor="ffffffff" TextColor="UI_TextHoloBody" TooltipColor="" TextId="LevelUpUnlocks_CharacterDescriptionTwo"/>
            </Control>
            <Control Class="Window" LAnchorPoint="0" LAnchorOffset="40" TAnchorPoint="0" TAnchorOffset="100" RAnchorPoint="1" RAnchorOffset="-40" BAnchorPoint="1" BAnchorOffset="0" RelativeToClient="1" Font="Default" Text="" Template="CRB_Scroll_MetalLarge" TooltipType="OnCursor" Name="LevelUpItemContainer" BGColor="ffffffff" TextColor="ffffffff" TooltipColor="" Sprite="" Picture="1" IgnoreMouse="1" Border="0" VScroll="1"/>
        </Control>
        <Control Class="Window" LAnchorPoint="0" LAnchorOffset="0" TAnchorPoint="0" TAnchorOffset="265" RAnchorPoint="1" RAnchorOffset="0" BAnchorPoint="0" BAnchorOffset="560" RelativeToClient="1" Font="Default" Text="" Template="Default" TooltipType="OnCursor" Name="PathUpFrame" BGColor="ffffffff" TextColor="ffffffff" TooltipColor="" Visible="1" HideInEditor="0">
            <Control Class="Window" LAnchorPoint="0" LAnchorOffset="38" TAnchorPoint="0" TAnchorOffset="25" RAnchorPoint="1" RAnchorOffset="-38" BAnchorPoint="0" BAnchorOffset="103" RelativeToClient="1" Font="Default" Text="" Template="OldMetalControl" TooltipType="OnCursor" Name="PathUpHeaderBar" BGColor="ffffffff" TextColor="ffffffff" TooltipColor="" Picture="1" IgnoreMouse="1" Overlapped="0" Sprite="CRB_Basekit:kitBase_HoloTeal_Border" Visible="1">
                <Control Class="Window" LAnchorPoint="0" LAnchorOffset="12" TAnchorPoint="0" TAnchorOffset="12" RAnchorPoint="0" RAnchorOffset="66" BAnchorPoint="1" BAnchorOffset="-12" RelativeToClient="1" Font="CRB_HeaderGigantic_O" Text="25" Template="Default" TooltipType="OnCursor" Name="PathUpHeaderLevelText" BGColor="ffffffff" TextColor="xkcdDustyOrange" TooltipColor="" Sprite="CRB_Basekit:kitBase_HoloBlue_IconBase" Picture="1" IgnoreMouse="1" TextId="" DT_VCENTER="1" DT_CENTER="1"/>
                <Control Class="Window" LAnchorPoint="0" LAnchorOffset="74" TAnchorPoint="0" TAnchorOffset="12" RAnchorPoint="1" RAnchorOffset="0" BAnchorPoint="0" BAnchorOffset="37" RelativeToClient="1" Font="CRB_HeaderMedium" Text="" Template="Default" TooltipType="OnCursor" Name="PathUpUnlockDetailsHeaderWelcome" BGColor="ffffffff" TextColor="xkcdDustyOrange" TooltipColor="" TextId="LevelUpUnlocks_PathWelcome" Tooltip=""/>
                <Control Class="Window" LAnchorPoint="0" LAnchorOffset="74" TAnchorPoint="0" TAnchorOffset="32" RAnchorPoint="1" RAnchorOffset="0" BAnchorPoint="0" BAnchorOffset="52" RelativeToClient="1" Font="CRB_InterfaceSmall" Text="" Template="Default" TooltipType="OnCursor" Name="PathUpUnlockDetailsHeaderAttributes" BGColor="ffffffff" TextColor="UI_TextHoloBody" TooltipColor="" TextId="LevelUpUnlocks_PathDescriptionOne"/>
                <Control Class="Window" LAnchorPoint="0" LAnchorOffset="74" TAnchorPoint="0" TAnchorOffset="49" RAnchorPoint="1" RAnchorOffset="0" BAnchorPoint="0" BAnchorOffset="69" RelativeToClient="1" Font="CRB_InterfaceSmall" Text="" Template="Default" TooltipType="OnCursor" Name="PathUpUnlockDetailsHeaderUnlocks" BGColor="ffffffff" TextColor="UI_TextHoloBody" TooltipColor="" TextId="LevelUpUnlocks_PathDescriptionTwo"/>
            </Control>
            <Control Class="Window" LAnchorPoint="0" LAnchorOffset="40" TAnchorPoint="0" TAnchorOffset="100" RAnchorPoint="1" RAnchorOffset="-40" BAnchorPoint="1" BAnchorOffset="0" RelativeToClient="1" Font="Default" Text="" Template="CRB_Scroll_MetalLarge" TooltipType="OnCursor" Name="PathUpItemContainer" BGColor="ffffffff" TextColor="ffffffff" TooltipColor="" Sprite="" Picture="1" IgnoreMouse="1" Border="0" VScroll="1"/>
        </Control>
        <Control Class="Window" LAnchorPoint="0" LAnchorOffset="30" TAnchorPoint="0" TAnchorOffset="16" RAnchorPoint="1" RAnchorOffset="-30" BAnchorPoint="0" BAnchorOffset="292" RelativeToClient="1" Font="Default" Text="" Template="Default" TooltipType="OnCursor" Name="BGLevelPathSeparator" BGColor="ffffffff" TextColor="ffffffff" TooltipColor="" Picture="1" IgnoreMouse="1" Sprite="CRB_Basekit:kitBase_SmallFramed" Visible="0"/>
        <Control Class="Window" LAnchorPoint="0" LAnchorOffset="40" TAnchorPoint="1" TAnchorOffset="-82" RAnchorPoint="1" RAnchorOffset="-40" BAnchorPoint="1" BAnchorOffset="-30" RelativeToClient="1" Font="Default" Text="" Template="Default" TooltipType="OnCursor" Name="BGBottom" BGColor="ffffffff" TextColor="ffffffff" TooltipColor="" Picture="1" IgnoreMouse="1" Sprite="CRB_Basekit:kitFooter_MetalGrey_Square"/>
        <Control Class="Window" LAnchorPoint="0" LAnchorOffset="0" TAnchorPoint="0" TAnchorOffset="0" RAnchorPoint="1" RAnchorOffset="0" BAnchorPoint="1" BAnchorOffset="0" RelativeToClient="1" Font="Default" Text="" Template="Default" TooltipType="OnCursor" Name="BGFrame" BGColor="ffffffff" TextColor="ffffffff" TooltipColor="" Picture="1" IgnoreMouse="1" Sprite="CRB_Basekit:kitOuterFrame_MetalGray_Medium" NewControlDepth="1"/>
        <Control Class="Button" Base="CRB_Basekit:kitBtn_Metal_LargeGreen" Font="CRB_InterfaceLarge_B" ButtonType="PushButton" RadioGroup="" LAnchorPoint="0.5" LAnchorOffset="-102" TAnchorPoint="1" TAnchorOffset="-78" RAnchorPoint="0.5" RAnchorOffset="102" BAnchorPoint="1" BAnchorOffset="-30" DT_VCENTER="1" DT_CENTER="1" TooltipType="OnCursor" Name="LevelUpUnlocksMarkAllAsSeenBtn" BGColor="ffffffff" TextColor="ffffffff" TooltipColor="" NormalTextColor="UI_BtnTextGreenNormal" PressedTextColor="UI_BtnTextGreenPressed" FlybyTextColor="UI_BtnTextGreenFlyby" PressedFlybyTextColor="UI_BtnTextGreenPressedFlyby" DisabledTextColor="UI_BtnTextGreenDisabled" Text="" TextId="LevelUpUnlocks_ClearAll">
            <Event Name="ButtonSignal" Function="OnLevelUpUnlocksMarkAllAsSeenBtn"/>
        </Control>
        <Control Class="Button" Base="CRB_Basekit:kitBtn_Close" Font="Thick" ButtonType="PushButton" RadioGroup="" LAnchorPoint="1" LAnchorOffset="-39" TAnchorPoint="0" TAnchorOffset="12" RAnchorPoint="1" RAnchorOffset="-12" BAnchorPoint="0" BAnchorOffset="41" DT_VCENTER="1" DT_CENTER="1" Name="LevelUpUnlockDetailsClose" BGColor="ffffffff" TextColor="ffffffff" WindowSoundTemplate="CloseWindowPhys" Text="" TextId="" TooltipColor="" NormalTextColor="ffffffff" PressedTextColor="ffffffff" FlybyTextColor="ffffffff" PressedFlybyTextColor="ffffffff" DisabledTextColor="ffffffff" Template="Default">
            <Event Name="ButtonSignal" Function="OnCloseToReminder"/>
        </Control>
        <Event Name="WindowClosed" Function="OnCloseToReminder"/>
    </Form>
    <Form Class="Window" LAnchorPoint="0.5" LAnchorOffset="-250" TAnchorPoint="0" TAnchorOffset="55" RAnchorPoint="0.5" RAnchorOffset="250" BAnchorPoint="0" BAnchorOffset="695" RelativeToClient="1" Font="Default" Text="" Template="Default" TooltipType="OnCursor" Name="LevelUpUnlockPermanent" Border="0" Picture="1" SwallowMouseClicks="1" Moveable="1" Escapable="1" Overlapped="1" BGColor="ffffffff" TextColor="ffffffff" TooltipColor="" Sprite="" IgnoreMouse="1" TransitionShowHide="1" NeverBringToFront="1" Tooltip="">
        <Control Class="Window" LAnchorPoint="0" LAnchorOffset="35" TAnchorPoint="0" TAnchorOffset="20" RAnchorPoint="1" RAnchorOffset="-35" BAnchorPoint="1" BAnchorOffset="-20" RelativeToClient="1" Font="Default" Text="" Template="Default" TooltipType="OnCursor" Name="BGBlack" BGColor="ffffffff" TextColor="ffffffff" TooltipColor="" Sprite="CRB_Basekit:kitBase_MetalGrey_Small" Picture="1" IgnoreMouse="1"/>
        <Control Class="Window" LAnchorPoint="0" LAnchorOffset="40" TAnchorPoint="0" TAnchorOffset="25" RAnchorPoint="1" RAnchorOffset="-40" BAnchorPoint="0" BAnchorOffset="95" RelativeToClient="1" Font="CRB_InterfaceMedium_B" Text="" Template="Default" TooltipType="OnCursor" Name="BGHeader" BGColor="ffffffff" TextColor="ffffffff" TooltipColor="" Picture="1" IgnoreMouse="1" Sprite="CRB_Basekit:kitHeader_Hybrid_TitleOptions" DT_CENTER="1" TextId="">
            <Pixie LAnchorPoint="0" LAnchorOffset="0" TAnchorPoint="0" TAnchorOffset="4" RAnchorPoint="1" RAnchorOffset="0" BAnchorPoint="0" BAnchorOffset="24" BGColor="ffffffff" Font="CRB_InterfaceMedium_B" TextColor="UI_TextHoloTitle" Text="" TextId="CRB_UI_LevelUpUnlocks" DT_CENTER="1" Line="0"/>
        </Control>
        <Control Class="Window" LAnchorPoint="0" LAnchorOffset="40" TAnchorPoint="0" TAnchorOffset="98" RAnchorPoint="1" RAnchorOffset="-40" BAnchorPoint="1" BAnchorOffset="-30" RelativeToClient="1" Font="Default" Text="" Template="CRB_Scroll_MetalLarge" TooltipType="OnCursor" Name="LevelUpItemContainer" BGColor="ffffffff" TextColor="ffffffff" TooltipColor="" Sprite="" Picture="1" IgnoreMouse="1" Border="0" VScroll="1"/>
        <Control Class="Window" LAnchorPoint="0" LAnchorOffset="0" TAnchorPoint="0" TAnchorOffset="0" RAnchorPoint="1" RAnchorOffset="0" BAnchorPoint="1" BAnchorOffset="0" RelativeToClient="1" Font="Default" Text="" Template="Default" TooltipType="OnCursor" Name="BGFrame" BGColor="ffffffff" TextColor="ffffffff" TooltipColor="" Picture="1" IgnoreMouse="1" Sprite="CRB_Basekit:kitOuterFrame_MetalGray_Medium" NewControlDepth="1"/>
        <Control Class="Button" Base="CRB_Basekit:kitBtn_List_MetalNoEdge" Font="CRB_InterfaceMedium_B" ButtonType="Check" RadioGroup="LevelUpUnlocks_LocalRadioGroup_PermanentFilters" LAnchorPoint="0.5" LAnchorOffset="-154" TAnchorPoint="0" TAnchorOffset="58" RAnchorPoint="0.5" RAnchorOffset="-79" BAnchorPoint="0" BAnchorOffset="88" DT_VCENTER="1" DT_CENTER="1" TooltipType="OnCursor" Name="LevelUpLevelFilterBtn" BGColor="ffffffff" TextColor="ffffffff" TooltipColor="" NormalTextColor="UI_TextMetalBodyAccent" PressedTextColor="UI_BtnTextGoldListPressed" FlybyTextColor="UI_BtnTextGoldListFlyby" PressedFlybyTextColor="UI_BtnTextGoldListPressedFlyby" DisabledTextColor="UI_BtnTextGoldListDisabled" RadioAlwaysSignal="0" GlobalRadioGroup="" Text="" TextId="CRB_Class" RadioDisallowNonSelection="1" RelativeToClient="1" NeverBringToFront="1">
            <Event Name="ButtonCheck" Function="OnLevelUpFilterBtn"/>
        </Control>
        <Control Class="Button" Base="CRB_Basekit:kitBtn_List_MetalNoEdge" Font="CRB_InterfaceMedium_B" ButtonType="Check" RadioGroup="LevelUpUnlocks_LocalRadioGroup_PermanentFilters" LAnchorPoint="0.5" LAnchorOffset="-81" TAnchorPoint="0" TAnchorOffset="58" RAnchorPoint="0.5" RAnchorOffset="-6" BAnchorPoint="0" BAnchorOffset="88" DT_VCENTER="1" DT_CENTER="1" TooltipType="OnCursor" Name="LevelUpPathFilterBtn" BGColor="ffffffff" TextColor="ffffffff" TooltipColor="" NormalTextColor="UI_TextMetalBodyAccent" PressedTextColor="UI_BtnTextGoldListPressed" FlybyTextColor="UI_BtnTextGoldListFlyby" PressedFlybyTextColor="UI_BtnTextGoldListPressedFlyby" DisabledTextColor="UI_BtnTextGoldListDisabled" RadioAlwaysSignal="0" GlobalRadioGroup="" Text="" TextId="AbilityBuilder_Path" RadioDisallowNonSelection="1" RelativeToClient="1" NeverBringToFront="1">
            <Event Name="ButtonCheck" Function="OnLevelUpFilterBtn"/>
        </Control>
        <Control Class="Window" LAnchorPoint="0.5" LAnchorOffset="-160" TAnchorPoint="0" TAnchorOffset="48" RAnchorPoint="0.5" RAnchorOffset="0" BAnchorPoint="0" BAnchorOffset="98" RelativeToClient="1" Font="Default" Text="" Template="Default" TooltipType="OnCursor" Name="LevelUpFilterFrame" BGColor="ffffffff" TextColor="ffffffff" TooltipColor="" Picture="1" IgnoreMouse="1" Sprite="CRB_Basekit:kitInnerFrame_MetalGrey_Small" NewControlDepth="1" HideInEditor="0"/>
        <Control Class="Button" Base="CRB_Basekit:kitBtn_Dropdown_TextBaseHybrid" Font="CRB_InterfaceMedium_B" ButtonType="Check" RadioGroup="" LAnchorPoint="0.5" LAnchorOffset="0" TAnchorPoint="0" TAnchorOffset="54" RAnchorPoint="0.5" RAnchorOffset="165" BAnchorPoint="0" BAnchorOffset="92" DT_VCENTER="1" DT_CENTER="1" TooltipType="OnCursor" Name="LevelUpPickerBtn" BGColor="ffffffff" TextColor="ffffffff" TooltipColor="" NormalTextColor="UI_TextHoloTitle" PressedTextColor="UI_BtnTextGreenPressed" FlybyTextColor="UI_BtnTextGreenFlyby" PressedFlybyTextColor="UI_BtnTextGreenPressedFlyby" DisabledTextColor="UI_BtnTextGreenDisabled" NewControlDepth="1" RelativeToClient="1" Text="" TextId="">
            <Control Class="Window" LAnchorPoint="0" LAnchorOffset="15" TAnchorPoint="0" TAnchorOffset="0" RAnchorPoint="1" RAnchorOffset="-36" BAnchorPoint="1" BAnchorOffset="0" RelativeToClient="1" Font="CRB_InterfaceMedium_B" Text="" Template="Default" TooltipType="OnCursor" Name="LevelUpPickerBtnText" BGColor="ffffffff" TextColor="UI_TextHoloTitle" TooltipColor="" TextId="Challenges_NoProgress" DT_CENTER="1" DT_VCENTER="1"/>
        </Control>
        <Event Name="WindowClosed" Function="OnCloseToReminder"/>
        <Control Class="Window" LAnchorPoint="0.5" LAnchorOffset="5" TAnchorPoint="0" TAnchorOffset="88" RAnchorPoint="0.5" RAnchorOffset="160" BAnchorPoint="0" BAnchorOffset="308" RelativeToClient="1" Font="Default" Text="" Template="Default" TooltipType="OnCursor" Name="LevelUpPickerListFrame" BGColor="ffffffff" TextColor="ffffffff" TooltipColor="" Picture="1" IgnoreMouse="1" Sprite="CRB_Basekit:kitBase_SmallFramed" Visible="0" NewWindowDepth="1" HideInEditor="0">
            <Control Class="Window" LAnchorPoint="0" LAnchorOffset="10" TAnchorPoint="0" TAnchorOffset="8" RAnchorPoint="1" RAnchorOffset="-10" BAnchorPoint="1" BAnchorOffset="-8" RelativeToClient="1" Font="Default" Text="" Template="CRB_Scroll_MetalLarge" TooltipType="OnCursor" Name="LevelUpPickerList" BGColor="ffffffff" TextColor="ffffffff" TooltipColor="" VScroll="1" IgnoreMouse="1"/>
        </Control>
        <Control Class="Button" Base="CRB_Basekit:kitBtn_Close" Font="Thick" ButtonType="PushButton" RadioGroup="" LAnchorPoint="1" LAnchorOffset="-39" TAnchorPoint="0" TAnchorOffset="12" RAnchorPoint="1" RAnchorOffset="-12" BAnchorPoint="0" BAnchorOffset="41" DT_VCENTER="1" DT_CENTER="1" Name="LevelUpPermanentClose" BGColor="ffffffff" TextColor="ffffffff" WindowSoundTemplate="CloseWindowPhys" Text="" TextId="" TooltipColor="" NormalTextColor="ffffffff" PressedTextColor="ffffffff" FlybyTextColor="ffffffff" PressedFlybyTextColor="ffffffff" DisabledTextColor="ffffffff" Template="Default">
            <Event Name="ButtonSignal" Function="OnCloseToPermanentWindow"/>
        </Control>
    </Form>
    <Form Class="Window" LAnchorPoint="0" LAnchorOffset="0" TAnchorPoint="0" TAnchorOffset="0" RAnchorPoint="1" RAnchorOffset="0" BAnchorPoint="0" BAnchorOffset="54" RelativeToClient="1" Font="Default" Text="" Template="Default" TooltipType="OnCursor" Name="LevelUpItem" Border="0" Picture="1" SwallowMouseClicks="1" Moveable="0" Escapable="0" Overlapped="0" BGColor="ffffffff" TextColor="ffffffff" TooltipColor="" Tooltip="" Sprite="" IgnoreMouse="1">
        <Control Class="Button" Base="CRB_Basekit:kitBtn_List_MetalContextMenu" Font="Thick" ButtonType="PushButton" RadioGroup="" LAnchorPoint="0" LAnchorOffset="0" TAnchorPoint="0" TAnchorOffset="0" RAnchorPoint="1" RAnchorOffset="-50" BAnchorPoint="1" BAnchorOffset="0" DT_VCENTER="1" DT_CENTER="1" TooltipType="OnCursor" Name="LevelUpItemBtn" BGColor="ffffffff" TextColor="ffffffff" TooltipColor="" NormalTextColor="ffffffff" PressedTextColor="ffffffff" FlybyTextColor="ffffffff" PressedFlybyTextColor="ffffffff" DisabledTextColor="ffffffff" RelativeToClient="1" IgnoreMouse="0" Text="" Tooltip="" TooltipFont="CRB_InterfaceSmall_O" TooltipId="LevelUpUnlocks_ClickToClearFromList" IgnoreTooltipDelay="1">
            <Event Name="ButtonSignal" Function="OnLevelUpItemBtn"/>
            <Control Class="Window" LAnchorPoint="0" LAnchorOffset="4" TAnchorPoint="0" TAnchorOffset="4" RAnchorPoint="0" RAnchorOffset="50" BAnchorPoint="1" BAnchorOffset="-4" RelativeToClient="1" Font="Default" Text="" Template="Default" TooltipType="OnCursor" Name="LevelUpItemIconBG" BGColor="ffffffff" TextColor="ffffffff" TooltipColor="" Picture="1" IgnoreMouse="1" Sprite="CRB_Basekit:kitBase_MetalGrey_IconLarge" NewControlDepth="1"/>
            <Control Class="Window" LAnchorPoint="0" LAnchorOffset="8" TAnchorPoint="0" TAnchorOffset="8" RAnchorPoint="0" RAnchorOffset="46" BAnchorPoint="1" BAnchorOffset="-8" RelativeToClient="1" Font="Default" Text="" Template="Default" TooltipType="OnCursor" Name="LevelUpItemIcon" BGColor="ffffffff" TextColor="ffffffff" TooltipColor="" Tooltip="" Picture="1" IgnoreMouse="1" Sprite="ClientSprites:Icon_ItemArmorChest_shirt_0001" NewControlDepth="1"/>
            <Control Class="Window" LAnchorPoint="0" LAnchorOffset="27" TAnchorPoint="0" TAnchorOffset="7" RAnchorPoint="0" RAnchorOffset="48" BAnchorPoint="1" BAnchorOffset="-26" RelativeToClient="1" Font="Default" Text="" Template="Default" TooltipType="OnCursor" Name="LevelUpItemHover" BGColor="ffffffff" TextColor="ffffffff" TooltipColor="" Visible="0" Picture="1" IgnoreMouse="1" Sprite="CRB_Basekit:kitBtn_Holo_CloseFlyby" NewControlDepth="1" TooltipFont="CRB_InterfaceSmall_O" Tooltip="" TooltipId=""/>
            <Control Class="Window" LAnchorPoint="0" LAnchorOffset="56" TAnchorPoint="0" TAnchorOffset="4" RAnchorPoint="1" RAnchorOffset="-4" BAnchorPoint="0" BAnchorOffset="24" RelativeToClient="1" Font="CRB_InterfaceSmall_I" Text="" Template="Default" TooltipType="OnCursor" Name="LevelUpItemItalics" BGColor="ffffffff" TextColor="UI_TextMetalBodyHighlight" TooltipColor="" TextId="UI_DashDash" DT_CENTER="0" DT_WORDBREAK="1" DT_VCENTER="0" IgnoreMouse="1"/>
            <Control Class="Window" LAnchorPoint="0" LAnchorOffset="56" TAnchorPoint="0" TAnchorOffset="20" RAnchorPoint="1" RAnchorOffset="-4" BAnchorPoint="1" BAnchorOffset="-4" RelativeToClient="1" Font="CRB_HeaderMedium" Text="" Template="Default" TooltipType="OnCursor" Name="LevelUpItemDescription" BGColor="ffffffff" TextColor="UI_TextMetalGoldHighlight" TooltipColor="" TextId="Challenges_NoProgress" DT_WORDBREAK="1" DT_VCENTER="0" IgnoreMouse="1"/>
            <Control Class="Window" LAnchorPoint="0" LAnchorOffset="0" TAnchorPoint="0" TAnchorOffset="0" RAnchorPoint="1" RAnchorOffset="0" BAnchorPoint="1" BAnchorOffset="0" RelativeToClient="1" Font="Default" Text="" Template="Default" TooltipType="OnCursor" Name="LevelUpItemMouseCatcher" BGColor="ffffffff" TextColor="ffffffff" TooltipColor="">
                <Event Name="MouseEnter" Function="OnLevelUpItemMouseEnter"/>
                <Event Name="MouseExit" Function="OnLevelUpItemMouseExit"/>
            </Control>
        </Control>
        <Control Class="Button" Base="CRB_CraftingSprites:btnCraft_TEMP_CompassE" Font="DefaultButton" ButtonType="PushButton" RadioGroup="" LAnchorPoint="1" LAnchorOffset="-50" TAnchorPoint="0" TAnchorOffset="0" RAnchorPoint="1" RAnchorOffset="0" BAnchorPoint="1" BAnchorOffset="0" DT_VCENTER="1" DT_CENTER="1" TooltipType="OnCursor" Name="LevelUpActionBtn" BGColor="ffffffff" TextColor="ffffffff" TooltipColor="" NormalTextColor="ffffffff" PressedTextColor="ffffffff" FlybyTextColor="ffffffff" PressedFlybyTextColor="ffffffff" DisabledTextColor="ffffffff" Tooltip="Click to view and clear from list" TooltipId="">
            <Event Name="ButtonSignal" Function="OnLevelUpItemActionBtn"/>
        </Control>
    </Form>
    <Form Class="Window" LAnchorPoint="0" LAnchorOffset="0" TAnchorPoint="0" TAnchorOffset="0" RAnchorPoint="1" RAnchorOffset="0" BAnchorPoint="0" BAnchorOffset="40" RelativeToClient="1" Font="Default" Text="" Template="Default" TooltipType="OnCursor" Name="LevelUpHeader" Border="0" Picture="1" SwallowMouseClicks="1" Moveable="0" Escapable="0" Overlapped="1" BGColor="ffffffff" TextColor="ffffffff" TooltipColor="" IgnoreMouse="1" Sprite="" Tooltip="">
        <Control Class="Window" LAnchorPoint="0" LAnchorOffset="0" TAnchorPoint="0" TAnchorOffset="0" RAnchorPoint="1" RAnchorOffset="0" BAnchorPoint="0" BAnchorOffset="20" RelativeToClient="1" Font="Default" Text="" Template="Default" TooltipType="OnCursor" Name="LevelUpHeaderBG" BGColor="ffffffff" TextColor="ffffffff" TooltipColor="" Sprite="CRB_Basekit:kitBtn_List_MetalClippedSortDisabled" Picture="1" IgnoreMouse="1"/>
        <Control Class="Window" LAnchorPoint="0" LAnchorOffset="8" TAnchorPoint="0" TAnchorOffset="0" RAnchorPoint="1" RAnchorOffset="0" BAnchorPoint="0" BAnchorOffset="20" RelativeToClient="1" Font="CRB_InterfaceMedium_O" Text="" Template="Default" TooltipType="OnCursor" Name="LevelUpHeaderText" BGColor="ffffffff" TextColor="UI_TextMetalBodyHighlight" TooltipColor="" TextId="ChallengeTypeGeneral" DT_VCENTER="0"/>
        <Control Class="Window" LAnchorPoint="0" LAnchorOffset="0" TAnchorPoint="0" TAnchorOffset="20" RAnchorPoint="1" RAnchorOffset="0" BAnchorPoint="1" BAnchorOffset="-20" RelativeToClient="1" Font="Default" Text="" Template="Default" TooltipType="OnCursor" Name="LevelUpHeaderItems" BGColor="ffffffff" TextColor="ffffffff" TooltipColor=""/>
    </Form>
    <Form Class="Button" Base="CRB_Basekit:kitBtn_List_RightArrowHighlight" Font="CRB_InterfaceMedium_B" ButtonType="PushButton" RadioGroup="" LAnchorPoint="0" LAnchorOffset="0" TAnchorPoint="0" TAnchorOffset="0" RAnchorPoint="1" RAnchorOffset="-21" BAnchorPoint="0" BAnchorOffset="30" DT_VCENTER="1" DT_CENTER="1" TooltipType="OnCursor" Name="LevelNumberBtn" Border="1" Picture="1" SwallowMouseClicks="1" Moveable="1" Escapable="1" Overlapped="1" BGColor="ffffffff" TextColor="ffffffff" TooltipColor="" NormalTextColor="UI_BtnTextGrayListNormal" PressedTextColor="UI_BtnTextGrayListPressed" FlybyTextColor="UI_BtnTextGrayListFlyby" PressedFlybyTextColor="UI_BtnTextGrayListPressedFlyby" DisabledTextColor="UI_BtnTextGrayListDisabled" Text="Level 1" TextId="">
        <Event Name="ButtonSignal" Function="OnLevelUpPickerBtn"/>
    </Form>
</Forms>
