<Forms>
    <Form Class="Window" LAnchorPoint=".5" LAnchorOffset="-400" TAnchorPoint="0" TAnchorOffset="50" RAnchorPoint=".5" RAnchorOffset="400" BAnchorPoint="1" BAnchorOffset="-50" RelativeToClient="1" Font="Default" Text="" Template="Default" Name="TaxiMapForm" Border="0" Picture="0" SwallowMouseClicks="1" Moveable="1" Escapable="1" Overlapped="1" BGColor="ffffffff" TextColor="ffffffff" TextId="" TooltipColor="" Sizable="1" Tooltip="">
        <Control Class="Window" LAnchorPoint="0" LAnchorOffset="27" TAnchorPoint="0" TAnchorOffset="74" RAnchorPoint="1" RAnchorOffset="-28" BAnchorPoint="1" BAnchorOffset="-88" RelativeToClient="1" Font="Default" Text="" Template="Holo_List" Name="BGArt" BGColor="ffffffff" TextColor="ffffffff" TextId="" TooltipColor="">
            <Control Class="Window" LAnchorPoint="0" LAnchorOffset="0" TAnchorPoint="0" TAnchorOffset="0" RAnchorPoint="1" RAnchorOffset="0" BAnchorPoint="1" BAnchorOffset="0" RelativeToClient="1" Font="Default" Text="" Template="Holo_Background_General" Name="BG_Backer" BGColor="ffffffff" TextColor="ffffffff" Picture="1" Sprite="" TooltipColor=""/>
            <Control Class="Window" LAnchorPoint="0" LAnchorOffset="0" TAnchorPoint="0" TAnchorOffset="0" RAnchorPoint="1" RAnchorOffset="0" BAnchorPoint="1" BAnchorOffset="0" RelativeToClient="1" Font="Default" Text="" Template="" Name="MapContainer" BGColor="ffffffff" TextColor="ffffffff" Border="0" UseTemplateBG="0" TooltipColor="" IgnoreMouse="1" Picture="0" Sprite="">
                <Control Class="ZoneMapWindow" LAnchorPoint="0" LAnchorOffset="0" TAnchorPoint="0" TAnchorOffset="0" RAnchorPoint="1" RAnchorOffset="0" BAnchorPoint="1" BAnchorOffset="0" RelativeToClient="1" Font="Default" Text="" Template="Default" Name="WorldMap" BGColor="ffffffff" TextColor="ffffffff" DrawObjectsOnContinent="1" TooltipType="OnCursor" IgnoreTooltipDelay="1" TooltipColor="">
                    <Event Name="MouseButtonDown" Function="OnTaxiMapButtonDown"/>
                    <Event Name="MouseMove" Function="OnMouseMove"/>
                    <Event Name="MouseButtonUp" Function="OnTaxiMapButtonUp"/>
                </Control>
            </Control>
            <Event Name="MouseButtonDown" Function="OnClick"/>
            <Event Name="MouseButtonUp" Function="OnClick"/>
        </Control>
        <Event Name="WindowClosed" Function="OnWindowClosed"/>
        <Control Class="Window" LAnchorPoint="0" LAnchorOffset="0" TAnchorPoint="0" TAnchorOffset="0" RAnchorPoint="1" RAnchorOffset="0" BAnchorPoint="1" BAnchorOffset="0" RelativeToClient="1" Font="Default" Text="" BGColor="UI_WindowBGDefault" TextColor="UI_WindowTextDefault" Template="Metal_Primary_NoNav" TooltipType="OnCursor" Name="MainFrame" TooltipColor="" Border="1" IgnoreMouse="1" NewControlDepth="1" NewWindowDepth="1">
            <Control Class="Window" LAnchorPoint=".5" LAnchorOffset="-200" TAnchorPoint="0" TAnchorOffset="29" RAnchorPoint=".5" RAnchorOffset="200" BAnchorPoint="0" BAnchorOffset="65" RelativeToClient="1" Font="Default" Text="" Template="Default" Name="Title" BGColor="ffffffff" TextColor="ffffffff" Picture="1" Sprite="BK3:sprMetal_Framing_Header" TooltipColor="">
                <Control Class="Window" LAnchorPoint="0" LAnchorOffset="0" TAnchorPoint="0" TAnchorOffset="0" RAnchorPoint="1" RAnchorOffset="0" BAnchorPoint="1" BAnchorOffset="0" RelativeToClient="1" Font="CRB_HeaderMedium" Template="Default" Name="Title" BGColor="ffffffff" TextColor="UI_WindowTitleYellow" DT_VCENTER="1" DT_CENTER="1" NewControlDepth="2" TextId="CRB_Taxi_Vendor" Text="" Tooltip="" TooltipId="" TooltipColor=""/>
            </Control>
            <Control Class="Button" Base="CRB_Basekit:kitBtn_Close" Font="Thick" ButtonType="PushButton" RadioGroup="" LAnchorPoint="1" LAnchorOffset="-51" TAnchorPoint="0" TAnchorOffset="24" RAnchorPoint="1" RAnchorOffset="-21" BAnchorPoint="0" BAnchorOffset="55" DT_VCENTER="1" DT_CENTER="1" Name="CloseButton" BGColor="ffffffff" TextColor="ffffffff" NewControlDepth="2" WindowSoundTemplate="CloseWindowPhys" Text="" TextId="" NormalTextColor="ffffffff" PressedTextColor="ffffffff" FlybyTextColor="ffffffff" PressedFlybyTextColor="ffffffff" DisabledTextColor="ffffffff" TooltipColor="">
                <Event Name="ButtonSignal" Function="OnCancel"/>
            </Control>
        </Control>
        <Control Class="Window" LAnchorPoint="0" LAnchorOffset="27" TAnchorPoint="1" TAnchorOffset="-92" RAnchorPoint="1" RAnchorOffset="-26" BAnchorPoint="1" BAnchorOffset="-22" RelativeToClient="1" Font="Default" Text="" BGColor="UI_WindowBGDefault" TextColor="UI_WindowTextDefault" Template="Default" TooltipType="OnCursor" Name="MetalFooter" TooltipColor="" Sprite="BK3:UI_BK3_Metal_Footer_Large" Border="0" IgnoreMouse="1" Picture="1" NewControlDepth="1" HideInEditor="0" NewWindowDepth="1">
            <Control Class="Window" LAnchorPoint="0" LAnchorOffset="14" TAnchorPoint="1" TAnchorOffset="-55" RAnchorPoint=".5" RAnchorOffset="0" BAnchorPoint="1" BAnchorOffset="-11" RelativeToClient="1" Font="Default" Text="" Template="Default" TooltipType="OnCursor" Name="UpdateMessage" BGColor="ffffffff" TextColor="ffffffff" TooltipColor="" IgnoreMouse="1" NoClip="1" TransitionShowHide="1">
                <Control Class="Window" LAnchorPoint="0" LAnchorOffset="0" TAnchorPoint="0" TAnchorOffset="0" RAnchorPoint="1" RAnchorOffset="0" BAnchorPoint="1" BAnchorOffset="0" RelativeToClient="1" Font="Default" Text="" Template="Default" TooltipType="OnCursor" Name="BGArt" BGColor="ffffffff" TextColor="ffffffff" TooltipColor="" Picture="1" IgnoreMouse="1" Sprite="BK3:UI_BK3_Metal_Inset_SharpCorner"/>
                <Control Class="Window" LAnchorPoint="0" LAnchorOffset="0" TAnchorPoint="0" TAnchorOffset="-1" RAnchorPoint="1" RAnchorOffset="0" BAnchorPoint="1" BAnchorOffset="-1" RelativeToClient="1" Font="CRB_InterfaceMedium_BB" Text="" Template="Default" TooltipType="OnCursor" Name="MessageText" BGColor="ffffffff" TextColor="UI_TextHoloTitle" TooltipColor="" TextId="CRB__exists_but_castbar_not_shown_" DT_VCENTER="1" DT_CENTER="1" DT_WORDBREAK="1"/>
            </Control>
            <Control Class="Button" Base="CRB_Basekit:kitBtn_Metal_LargeRed" Font="CRB_Button" ButtonType="PushButton" RadioGroup="" LAnchorPoint="1" LAnchorOffset="-141" TAnchorPoint="1" TAnchorOffset="-57" RAnchorPoint="1" RAnchorOffset="-11" BAnchorPoint="1" BAnchorOffset="-9" DT_VCENTER="1" DT_CENTER="1" Name="CancelButton" BGColor="ffffffff" TextColor="ffffffff" NewControlDepth="2" WindowSoundTemplate="TogglePhys03" TextId="CRB_Cancel" Text="" NormalTextColor="UI_BtnTextRedNormal" PressedTextColor="UI_BtnTextRedPressed" FlybyTextColor="UI_BtnTextRedFlyby" PressedFlybyTextColor="UI_BtnTextRedPressedFlyby" DisabledTextColor="UI_BtnTextRedDisabled" TooltipColor="">
                <Event Name="ButtonSignal" Function="OnCancel"/>
            </Control>
        </Control>
    </Form>
    <Form Name="ShuttlePrompt" Class="Window" LAnchorPoint="0.5" LAnchorOffset="-200" TAnchorPoint="0.5" TAnchorOffset="-220" RAnchorPoint="0.5" RAnchorOffset="200" BAnchorPoint="0.5" BAnchorOffset="-20" Template="CRB_NormalFramedThin" Moveable="1" Border="0" Sprite="" Picture="0" BGOpacity=".5" BGColor="ffffffff" TextColor="ffffffff" Escapable="0" Overlapped="1" SwallowMouseClicks="1" LeftEdgeControlsAnchor="" AutoFade="0" AutoFadeNC="0" AutoFadeBG="0" UseTemplateBG="0" TooltipColor="" Tooltip="">
        <Event Name="WindowClosed" Function="OnPromptWindowClosed"/>
        <Control Class="Window" LAnchorPoint="0" LAnchorOffset="13" TAnchorPoint="0" TAnchorOffset="5" RAnchorPoint="1" RAnchorOffset="-13" BAnchorPoint="1" BAnchorOffset="-4" RelativeToClient="1" Font="CRB_InterfaceMedium" Text="" Template="CRB_Hologram" Name="HologramArt" BGColor="ffffffff" TextColor="ffffffff" Picture="1" Sprite="CRB_UIKitSprites:spr_HologramLines" IgnoreMouse="1" Border="1" UseTemplateBG="1" TextId="" TooltipColor="" Visible="0" HideInEditor="1">
            <Pixie LAnchorPoint="0" LAnchorOffset="20" TAnchorPoint="0" TAnchorOffset="10" RAnchorPoint="1" RAnchorOffset="-20" BAnchorPoint="0" BAnchorOffset="67" BGColor="ffffffff" Font="CRB_InterfaceMedium" TextColor="ffffffff" TextId="CRB_Are_you_really_sure" Sprite="" DT_CENTER="1" DT_RIGHT="0" DT_VCENTER="1" DT_WORDBREAK="1" Line="0"/>
        </Control>
        <Control Class="Window" LAnchorPoint="0" LAnchorOffset="0" TAnchorPoint="0" TAnchorOffset="0" RAnchorPoint="1" RAnchorOffset="0" BAnchorPoint="1" BAnchorOffset="0" RelativeToClient="1" Font="CRB_InterfaceMedium" Text="" Template="Default" Name="BaseArt" BGColor="ffffffff" TextColor="ffffffff" Picture="1" Sprite="BK3:sprHolo_Alert_Confirm" IgnoreMouse="1" TooltipColor=""/>
        <Control Class="Window" LAnchorPoint="0" LAnchorOffset="55" TAnchorPoint="0" TAnchorOffset="55" RAnchorPoint="1" RAnchorOffset="-55" BAnchorPoint="0" BAnchorOffset="110" RelativeToClient="1" Font="CRB_InterfaceMedium" Text="" BGColor="UI_WindowBGDefault" TextColor="UI_TextHoloTitle" Template="Default" TooltipType="OnCursor" Name="Text" TooltipColor="" TextId="CRB_Are_you_really_sure" Sprite="BK3:UI_BK3_Holo_InsetSimple" Picture="1" IgnoreMouse="1" DT_VCENTER="1" DT_CENTER="1" NewControlDepth="2"/>
        <Control Class="Button" Name="YesButton" LAnchorPoint="0" LAnchorOffset="82" TAnchorPoint="0" TAnchorOffset="111" RAnchorPoint="0" RAnchorOffset="202" BAnchorPoint="0" BAnchorOffset="183" RelativeToClient="1" Font="CRB_Button" Template="CRB_Hologram" BGColor="ffffffff" TextColor="ffffffff" DT_CENTER="1" DT_VCENTER="1" Base="BK3:btnHolo_Blue_Med" DrawAsCheckbox="0" CheckboxRight="0" NewControlDepth="2" TextId="CRB_Yes" NormalTextColor="UI_BtnTextBlueNormal" PressedTextColor="UI_BtnTextBluePressed" FlybyTextColor="UI_BtnTextBlueFlyby" PressedFlybyTextColor="ffffffff" DisabledTextColor="ffffffff" UseTemplateBG="0" TooltipColor="">
            <Event Name="ButtonSignal" Function="OnYes"/>
        </Control>
        <Control Class="Button" Name="NoButton" LAnchorPoint="0" LAnchorOffset="200" TAnchorPoint="0" TAnchorOffset="111" RAnchorPoint="0" RAnchorOffset="320" BAnchorPoint="0" BAnchorOffset="183" RelativeToClient="1" Font="CRB_Button" Template="CRB_Hologram" BGColor="ffffffff" TextColor="ffffffff" DT_CENTER="1" DT_VCENTER="1" TestAlpha="0" NoClip="0" Base="BK3:btnHolo_Red_Med" NewControlDepth="2" TextId="CRB_No" NormalTextColor="UI_BtnTextRedNormal" PressedTextColor="UI_BtnTextRedPressed" FlybyTextColor="UI_BtnTextRedFlyby" PressedFlybyTextColor="ffffffff" DisabledTextColor="ffffffff" UseTemplateBG="0" TooltipColor="">
            <Event Name="ButtonSignal" Function="OnNo"/>
        </Control>
        <Control Class="Button" Base="BK3:btnHolo_Close" Font="CRB_InterfaceMedium" ButtonType="PushButton" RadioGroup="" LAnchorPoint="0" LAnchorOffset="339" TAnchorPoint="0" TAnchorOffset="18" RAnchorPoint="0" RAnchorOffset="381" BAnchorPoint="0" BAnchorOffset="62" DT_VCENTER="1" DT_CENTER="1" Name="CloseButton" BGColor="ffffffff" TextColor="ffffffff" Template="" NoClip="1" NewControlDepth="2" NormalTextColor="ffffffff" PressedTextColor="ffffffff" FlybyTextColor="ffffffff" PressedFlybyTextColor="ffffffff" DisabledTextColor="ffffffff" TooltipColor="">
            <Event Name="ButtonSignal" Function="OnNo"/>
        </Control>
    </Form>
</Forms>
