<Forms>
    <Form Class="Window" LAnchorPoint="0" LAnchorOffset="0" TAnchorPoint="0" TAnchorOffset="0" RAnchorPoint="0" RAnchorOffset="800" BAnchorPoint="0" BAnchorOffset="530" RelativeToClient="1" Font="Default" Text="" Template="CRB_Scroll_MetalLarge" Name="TradeskillSchematicsForm" Picture="1" Overlapped="1" BGColor="ffffffff" TextColor="ffffffff" TextId="" TooltipColor="" IgnoreMouse="1" Sprite="kitBase_MetalGrey_Medium" Tooltip="" TooltipId="">
        <Control Class="Window" LAnchorPoint="0" LAnchorOffset="0" TAnchorPoint="0" TAnchorOffset="0" RAnchorPoint="0" RAnchorOffset="296" BAnchorPoint="1" BAnchorOffset="0" RelativeToClient="1" Font="Default" Text="" Template="Default" Name="LeftSide" BGColor="ffffffff" TextColor="ffffffff" Sprite="" Picture="1" IgnoreMouse="1" TooltipColor="" Tooltip="" HideInEditor="0">
            <Control Class="Window" LAnchorPoint="0" LAnchorOffset="-4" TAnchorPoint="0" TAnchorOffset="-6" RAnchorPoint="1" RAnchorOffset="4" BAnchorPoint="0" BAnchorOffset="44" RelativeToClient="1" Font="Default" Text="" Template="Default" TooltipType="OnCursor" Name="SearchTopLeftContainer" BGColor="ffffffff" TextColor="ffffffff" TooltipColor="" Sprite="CRB_Basekit:kitInnerFrame_MetalGrey_Small" Picture="1" IgnoreMouse="1" HideInEditor="0" NewControlDepth="1">
                <Control Class="EditBox" LAnchorPoint="0" LAnchorOffset="16" TAnchorPoint="0" TAnchorOffset="12" RAnchorPoint="1" RAnchorOffset="-35" BAnchorPoint="1" BAnchorOffset="-12" RelativeToClient="1" Font="CRB_InterfaceMedium_B" Text="" Template="Default" Name="SearchTopLeftInputBox" BGColor="ffffffff" TextColor="ffffffff" TextId="" DT_VCENTER="1" PromptTextId="CRB_Search" PromptFont="CRB_InterfaceMedium" ClearOnEscape="0" TooltipColor="">
                    <Event Name="EditBoxChanged" Function="OnSearchTopLeftInputBoxChanged"/>
                </Control>
                <Control Class="Button" Base="CRB_Basekit:kitBtn_Holo_Close" Font="Thick" ButtonType="PushButton" RadioGroup="" LAnchorPoint="1" LAnchorOffset="-35" TAnchorPoint="0" TAnchorOffset="15" RAnchorPoint="1" RAnchorOffset="-14" BAnchorPoint="0" BAnchorOffset="36" DT_VCENTER="1" DT_CENTER="1" TooltipType="OnCursor" Name="SearchTopLeftClearBtn" BGColor="ffffffff" TextColor="ffffffff" TooltipColor="" NormalTextColor="ffffffff" PressedTextColor="ffffffff" FlybyTextColor="ffffffff" PressedFlybyTextColor="ffffffff" DisabledTextColor="ffffffff" Visible="0">
                    <Event Name="ButtonSignal" Function="OnSearchTopLeftClearBtn"/>
                </Control>
            </Control>
            <Control Class="Window" LAnchorPoint="0" LAnchorOffset="0" TAnchorPoint="0" TAnchorOffset="75" RAnchorPoint="1" RAnchorOffset="0" BAnchorPoint="1" BAnchorOffset="0" RelativeToClient="1" Font="Default" Text="" Template="CRB_Scroll_MetalLarge" Name="LeftSideScroll" BGColor="ffffffff" TextColor="ffffffff" TooltipColor="" IgnoreMouse="1" Sprite="" VScroll="1" Tooltip=""/>
            <Control Class="Button" Base="CRB_Basekit:kitBtn_Radio_Small" Font="CRB_InterfaceMedium_O" ButtonType="Check" RadioGroup="" LAnchorPoint="0" LAnchorOffset="4" TAnchorPoint="0" TAnchorOffset="42" RAnchorPoint="0" RAnchorOffset="132" BAnchorPoint="0" BAnchorOffset="66" DT_VCENTER="1" DT_CENTER="1" TooltipType="OnCursor" Name="LeftSideFilterLocked" BGColor="ffffffff" TextColor="ffffffff" TooltipColor="" NormalTextColor="UI_BtnTextGrayListNormal" PressedTextColor="UI_BtnTextGrayListFlyby" FlybyTextColor="UI_BtnTextGrayListFlyby" PressedFlybyTextColor="UI_BtnTextGrayListPressedFlyby" DisabledTextColor="UI_BtnTextGrayListDisabled" DrawAsCheckbox="0" Text="" TextId="Tradeskills_ShowLocked" CheckboxRight="0" RelativeToClient="1">
                <Event Name="ButtonCheck" Function="OnFiltersChanged"/>
                <Event Name="ButtonUncheck" Function="OnFiltersChanged"/>
            </Control>
            <Control Class="Button" Base="CRB_Basekit:kitBtn_Radio_Small" Font="CRB_InterfaceMedium_O" ButtonType="Check" RadioGroup="" LAnchorPoint="1" LAnchorOffset="-154" TAnchorPoint="0" TAnchorOffset="42" RAnchorPoint="1" RAnchorOffset="-12" BAnchorPoint="0" BAnchorOffset="66" DT_VCENTER="1" DT_CENTER="0" TooltipType="OnCursor" Name="LeftSideFilterMaterials" BGColor="ffffffff" TextColor="ffffffff" TooltipColor="" NormalTextColor="UI_BtnTextGrayListNormal" PressedTextColor="UI_BtnTextGrayListFlyby" FlybyTextColor="UI_BtnTextGrayListFlyby" PressedFlybyTextColor="UI_BtnTextGrayListPressedFlyby" DisabledTextColor="UI_BtnTextGrayListDisabled" DrawAsCheckbox="0" Text="" TextId="Tradeskills_ShowWithMaterials" CheckboxRight="0" RelativeToClient="1" DT_RIGHT="1">
                <Event Name="ButtonCheck" Function="OnFiltersChanged"/>
                <Event Name="ButtonUncheck" Function="OnFiltersChanged"/>
            </Control>
            <Control Class="Window" LAnchorPoint="0" LAnchorOffset="-5" TAnchorPoint="0" TAnchorOffset="70" RAnchorPoint="1" RAnchorOffset="-5" BAnchorPoint="1" BAnchorOffset="0" RelativeToClient="1" Font="Default" Text="" Template="Default" TooltipType="OnCursor" Name="LeftSideRefreshAnimation" BGColor="ffffffff" TextColor="ffffffff" TooltipColor="" Border="0" IgnoreMouse="1" Picture="1" Sprite="" NewControlDepth="2"/>
            <Pixie LAnchorPoint="0" LAnchorOffset="-10" TAnchorPoint="0" TAnchorOffset="0" RAnchorPoint="1" RAnchorOffset="0" BAnchorPoint="0" BAnchorOffset="75" BGColor="ffffffff" Font="Default" TextColor="ffffffff" Text="" Sprite="CRB_Basekit:kitBase_SmallPlain" Line="0"/>
        </Control>
        <Control Class="Window" LAnchorPoint="0" LAnchorOffset="304" TAnchorPoint="0" TAnchorOffset="-2" RAnchorPoint="1" RAnchorOffset="0" BAnchorPoint="1" BAnchorOffset="0" RelativeToClient="1" Font="Default" Text="" Template="Default" TooltipType="OnCursor" Name="RightSide" BGColor="ffffffff" TextColor="ffffffff" TooltipColor="" Visible="0" HideInEditor="0">
            <Control Class="Window" LAnchorPoint="0" LAnchorOffset="0" TAnchorPoint="0" TAnchorOffset="0" RAnchorPoint="1" RAnchorOffset="0" BAnchorPoint="0" BAnchorOffset="310" RelativeToClient="1" Font="Default" Text="" Template="Default" TooltipType="OnCursor" Name="RightTopBG" BGColor="ffffffff" TextColor="ffffffff" TooltipColor="" Sprite="CRB_Basekit:kitBase_HoloTeal_Border" Picture="1" IgnoreMouse="1" Tooltip="">
                <Control Class="Window" LAnchorPoint="0" LAnchorOffset="25" TAnchorPoint="0" TAnchorOffset="20" RAnchorPoint="1" RAnchorOffset="-25" BAnchorPoint="0" BAnchorOffset="50" RelativeToClient="1" Font="CRB_HeaderHuge" Text="" Template="Default" TooltipType="OnCursor" Name="SchematicName" BGColor="ffffffff" TextColor="ff7fffb9" TooltipColor="" TextId="CRB__2"/>
                <Control Class="Window" LAnchorPoint="0" LAnchorOffset="32" TAnchorPoint="0" TAnchorOffset="60" RAnchorPoint="0" RAnchorOffset="96" BAnchorPoint="0" BAnchorOffset="124" RelativeToClient="1" Font="Default" Text="" Template="Default" TooltipType="OnCursor" Name="SchematicIcon" BGColor="ffffffff" TextColor="ffffffff" TooltipColor="" Sprite="ClientSprites:Icon_ItemMisc_UI_Item_Medpack" Picture="1" IgnoreMouse="1" Tooltip="" NewControlDepth="1" IgnoreTooltipDelay="1"/>
                <Control Class="Window" LAnchorPoint="0" LAnchorOffset="32" TAnchorPoint="0" TAnchorOffset="60" RAnchorPoint="0" RAnchorOffset="96" BAnchorPoint="0" BAnchorOffset="124" RelativeToClient="1" Font="Default" Text="" Template="Default" TooltipType="OnCursor" Name="SchematicIconLockBG" BGColor="ccffffff" TextColor="ffffffff" TooltipColor="" Sprite="ClientSprites:BlackFill" Picture="1" IgnoreMouse="1" Tooltip="" NewControlDepth="1" IgnoreTooltipDelay="1">
                    <Pixie LAnchorPoint="0" LAnchorOffset="0" TAnchorPoint="0" TAnchorOffset="0" RAnchorPoint="1" RAnchorOffset="0" BAnchorPoint="1" BAnchorOffset="0" BGColor="ffffffff" Font="Default" TextColor="ffffffff" Text="" Sprite="ClientSprites:Icon_Windows_UI_CRB_Lock_Holo" Line="0"/>
                </Control>
                <Control Class="Window" LAnchorPoint="0" LAnchorOffset="112" TAnchorPoint="0" TAnchorOffset="52" RAnchorPoint="1" RAnchorOffset="-185" BAnchorPoint="0" BAnchorOffset="147" RelativeToClient="1" Font="CRB_InterfaceMedium" Text="" Template="Default" TooltipType="OnCursor" Name="SchematicItemType" BGColor="ffffffff" TextColor="ff2f94ac" TooltipColor="" TextId="CRB__2"/>
                <Control Class="Window" LAnchorPoint="1" LAnchorOffset="-166" TAnchorPoint="0" TAnchorOffset="52" RAnchorPoint="1" RAnchorOffset="-23" BAnchorPoint="0" BAnchorOffset="72" RelativeToClient="1" Font="CRB_InterfaceMedium" Text="" Template="Default" TooltipType="OnCursor" Name="UnlockedByText" BGColor="ffffffff" TextColor="ff2f94ac" TooltipColor="" TextId="CRB_UnlockedBy"/>
                <Control Class="Button" Base="CRB_Basekit:kitBtn_Holo_Large" Font="Thick" ButtonType="PushButton" RadioGroup="" LAnchorPoint="1" LAnchorOffset="-166" TAnchorPoint="0" TAnchorOffset="72" RAnchorPoint="1" RAnchorOffset="-23" BAnchorPoint="0" BAnchorOffset="160" DT_VCENTER="1" DT_CENTER="1" TooltipType="OnCursor" Name="LockedLinkBtn" BGColor="ffffffff" TextColor="ffffffff" TooltipColor="" NormalTextColor="ffffffff" PressedTextColor="ffffffff" FlybyTextColor="ffffffff" PressedFlybyTextColor="ffffffff" DisabledTextColor="ffffffff" Text="" HideInEditor="0">
                    <Event Name="ButtonSignal" Function="OnLockedLinkBtn"/>
                    <Control Class="Window" LAnchorPoint="0" LAnchorOffset="8" TAnchorPoint="0" TAnchorOffset="6" RAnchorPoint="1" RAnchorOffset="-8" BAnchorPoint="1" BAnchorOffset="-27" RelativeToClient="1" Font="CRB_InterfaceSmall" Text="" Template="Default" TooltipType="OnCursor" Name="LockedLinkText" BGColor="ffffffff" TextColor="ff2f94ac" TooltipColor="" TextId="CRB__2" DT_WORDBREAK="1" DT_VCENTER="1" DT_CENTER="1" Tooltip=""/>
                    <Control Class="Window" LAnchorPoint="0" LAnchorOffset="2" TAnchorPoint="1" TAnchorOffset="-28" RAnchorPoint="1" RAnchorOffset="-2" BAnchorPoint="1" BAnchorOffset="-4" RelativeToClient="1" Font="Default" Text="" Template="Default" TooltipType="OnCursor" Name="LockedLinkProgBG" BGColor="ffffffff" TextColor="ffffffff" TooltipColor="" Sprite="kitIProgBar_Holo_Base" Picture="1" IgnoreMouse="1" TextId="" DT_CENTER="0" DT_VCENTER="0" NewControlDepth="1">
                        <Control Class="ProgressBar" Text="" LAnchorPoint="0" LAnchorOffset="12" TAnchorPoint="0" TAnchorOffset="0" RAnchorPoint="1" RAnchorOffset="-12" BAnchorPoint="1" BAnchorOffset="0" AutoSetText="0" UseValues="0" RelativeToClient="1" SetTextToProgress="0" DT_CENTER="1" DT_VCENTER="1" ProgressEmpty="" ProgressFull="kitIProgBar_Holo_Fill" TooltipType="OnCursor" Name="LockedLinkProgBar" BGColor="ffffffff" TextColor="ffffffff" TooltipColor="" BarColor="" Sprite="" Picture="0" Font="Default" NoClip="0" TextId="" ProgressEdgeGlow="kitIProgBar_Holo_Cap" EdgeGlow="1" NoClipEdgeGlow="1" Tooltip="" IgnoreMouse="1"/>
                        <Control Class="Window" LAnchorPoint="0" LAnchorOffset="0" TAnchorPoint="0" TAnchorOffset="0" RAnchorPoint="1" RAnchorOffset="0" BAnchorPoint="1" BAnchorOffset="-2" RelativeToClient="1" Font="CRB_InterfaceSmall_O" Text="" Template="Default" TooltipType="OnCursor" Name="LockedLinkProgText" BGColor="ffffffff" TextColor="ff2f94ac" TooltipColor="" DT_VCENTER="1" DT_CENTER="1" TextId="CRB_00" NewControlDepth="1"/>
                    </Control>
                    <Control Class="Window" LAnchorPoint="0" LAnchorOffset="0" TAnchorPoint="0" TAnchorOffset="0" RAnchorPoint="0" RAnchorOffset="24" BAnchorPoint="0" BAnchorOffset="24" RelativeToClient="1" Font="Default" Text="" Template="Default" TooltipType="OnCursor" Name="LockedLinkCheckmark" BGColor="ffffffff" TextColor="ffffffff" TooltipColor="" Sprite="kitIcon_Holo_Checkmark" Picture="1" IgnoreMouse="1" NewControlDepth="1"/>
                </Control>
                <Control Class="Window" LAnchorPoint="1" LAnchorOffset="-166" TAnchorPoint="0" TAnchorOffset="72" RAnchorPoint="1" RAnchorOffset="-23" BAnchorPoint="0" BAnchorOffset="160" RelativeToClient="1" Font="CRB_InterfaceSmall_O" Text="" Template="Default" TooltipType="OnCursor" Name="RightNoLinkMessage" BGColor="ffffffff" TextColor="ffffffff" TooltipColor="" Sprite="CRB_Basekit:kitBase_HoloBlue_InsetBorder_Thin" Picture="1" IgnoreMouse="1" DT_CENTER="1" DT_VCENTER="1" TextId="" DT_WORDBREAK="1" Visible="0" HideInEditor="1">
                    <Pixie LAnchorPoint="0" LAnchorOffset="8" TAnchorPoint="0" TAnchorOffset="8" RAnchorPoint="1" RAnchorOffset="-8" BAnchorPoint="1" BAnchorOffset="-8" BGColor="ffffffff" Font="CRB_InterfaceSmall_O" TextColor="ff2f94ac" Text="" TextId="Tradeskills_SchematicNoSourceMessage" DT_CENTER="1" DT_VCENTER="1" DT_WORDBREAK="1" Line="0"/>
                </Control>
                <Control Class="Window" LAnchorPoint="1" LAnchorOffset="-166" TAnchorPoint="0" TAnchorOffset="72" RAnchorPoint="1" RAnchorOffset="-23" BAnchorPoint="0" BAnchorOffset="160" RelativeToClient="1" Font="CRB_InterfaceSmall_O" Text="" Template="Default" TooltipType="OnCursor" Name="RightCookingMessage" BGColor="ffffffff" TextColor="ffffffff" TooltipColor="" Sprite="CRB_Basekit:kitBase_HoloBlue_InsetBorder_Thin" Picture="1" IgnoreMouse="1" DT_CENTER="1" DT_VCENTER="1" TextId="" DT_WORDBREAK="1" Visible="0" HideInEditor="1">
                    <Pixie LAnchorPoint="0" LAnchorOffset="8" TAnchorPoint="0" TAnchorOffset="8" RAnchorPoint="1" RAnchorOffset="-8" BAnchorPoint="1" BAnchorOffset="-8" BGColor="ffffffff" Font="CRB_InterfaceSmall_O" TextColor="ff2f94ac" Text="" TextId="Tradeskills_CookingInstructions" DT_CENTER="1" DT_VCENTER="1" DT_WORDBREAK="1" Line="0"/>
                </Control>
                <Control Class="Window" LAnchorPoint="0" LAnchorOffset="24" TAnchorPoint="0" TAnchorOffset="170" RAnchorPoint="1" RAnchorOffset="-24" BAnchorPoint="1" BAnchorOffset="-20" RelativeToClient="1" Font="Default" Text="" Template="Default" TooltipType="OnCursor" Name="MaterialsBG" BGColor="ffffffff" TextColor="ffffffff" TooltipColor="" Sprite="CRB_Basekit:kitBase_HoloBlue_InsetBorder_Thick" Picture="1" IgnoreMouse="1">
                    <Control Class="Window" LAnchorPoint="0" LAnchorOffset="6" TAnchorPoint="0" TAnchorOffset="6" RAnchorPoint="1" RAnchorOffset="11" BAnchorPoint="1" BAnchorOffset="-6" RelativeToClient="1" Font="Default" Text="" Template="CRB_Scroll_HoloSmall" TooltipType="OnCursor" Name="MaterialsScroll" BGColor="ffffffff" TextColor="ffffffff" TooltipColor="" VScroll="1" IgnoreMouse="1" Picture="1" Sprite="" AutoHideScroll="1" NoClip="1"/>
                </Control>
                <Pixie LAnchorPoint="0" LAnchorOffset="24" TAnchorPoint="0" TAnchorOffset="52" RAnchorPoint="0" RAnchorOffset="104" BAnchorPoint="0" BAnchorOffset="132" BGColor="ffffffff" Font="Default" TextColor="ffffffff" Text="" Sprite="CRB_Basekit:kitBase_HoloBlue_InsetBorder_Thick" Line="0"/>
                <Pixie LAnchorPoint="0" LAnchorOffset="25" TAnchorPoint="0" TAnchorOffset="148" RAnchorPoint="1" RAnchorOffset="-25" BAnchorPoint="0" BAnchorOffset="168" BGColor="ffffffff" Font="CRB_InterfaceMedium" TextColor="ff7fffb9" Text="" TextId="Tradeskills_RequiredMats" Line="0"/>
            </Control>
            <Control Class="Window" LAnchorPoint="0" LAnchorOffset="0" TAnchorPoint="0" TAnchorOffset="304" RAnchorPoint="1" RAnchorOffset="0" BAnchorPoint="0" BAnchorOffset="480" RelativeToClient="1" Font="Default" Text="" Template="Default" TooltipType="OnCursor" Name="RightSubrecipes" BGColor="ffffffff" TextColor="ffffffff" TooltipColor="" Sprite="CRB_Basekit:kitBase_HoloTeal_Border" Picture="1" IgnoreMouse="1" Tooltip="">
                <Control Class="Window" LAnchorPoint="0" LAnchorOffset="24" TAnchorPoint="1" TAnchorOffset="-140" RAnchorPoint="1" RAnchorOffset="-24" BAnchorPoint="1" BAnchorOffset="-20" RelativeToClient="1" Font="Default" Text="" Template="Default" TooltipType="OnCursor" Name="SubrecipesListBG" BGColor="ffffffff" TextColor="ffffffff" TooltipColor="" Sprite="CRB_Basekit:kitBase_HoloBlue_InsetBorder_Thick" Picture="1" IgnoreMouse="1">
                    <Control Class="Window" LAnchorPoint="0" LAnchorOffset="6" TAnchorPoint="0" TAnchorOffset="6" RAnchorPoint="1" RAnchorOffset="11" BAnchorPoint="1" BAnchorOffset="-6" RelativeToClient="1" Font="Default" Text="" Template="CRB_Scroll_HoloSmall" TooltipType="OnCursor" Name="SubrecipesListScroll" BGColor="ffffffff" TextColor="ffffffff" TooltipColor="" VScroll="1" IgnoreMouse="1" Picture="1" Sprite="" AutoHideScroll="1" NoClip="1"/>
                </Control>
                <Pixie LAnchorPoint="0" LAnchorOffset="25" TAnchorPoint="0" TAnchorOffset="16" RAnchorPoint="1" RAnchorOffset="-25" BAnchorPoint="0" BAnchorOffset="36" BGColor="ffffffff" Font="CRB_InterfaceMedium" TextColor="ff7fffb9" Text="" TextId="Tradeskills_Variants" Line="0"/>
            </Control>
            <Control Class="Window" LAnchorPoint="0" LAnchorOffset="0" TAnchorPoint="1" TAnchorOffset="-52" RAnchorPoint="1" RAnchorOffset="0" BAnchorPoint="1" BAnchorOffset="0" RelativeToClient="1" Font="Default" Text="" Template="Default" Name="RightBottomCraftPreview" BGColor="ffffffff" TextColor="ffffffff" Sprite="kitFooter_MetalGrey_Square" Picture="1" IgnoreMouse="1" TooltipColor="">
                <Control Class="Button" Base="CRB_Basekit:kitBtn_Metal_LargeGreen" Font="CRB_InterfaceMedium_B" ButtonType="PushButton" LAnchorPoint="0.5" LAnchorOffset="-112" TAnchorPoint="0" TAnchorOffset="2" RAnchorPoint="0.5" RAnchorOffset="112" BAnchorPoint="1" BAnchorOffset="-2" DT_VCENTER="1" DT_CENTER="1" Name="RightBottomCraftBtn" Text="" TextId="Tradeskills_LoadSchematic" DisabledTextColor="UI_BtnTextGreenDisabled" BGColor="ffffffff" TextColor="ffffffff" NormalTextColor="UI_BtnTextGreenNormal" PressedTextColor="UI_BtnTextGreenPressed" FlybyTextColor="UI_BtnTextGreenFlyby" PressedFlybyTextColor="UI_BtnTextGreenPressedFlyby" Tooltip="" TooltipId="Tradeskills_Craft" TooltipFont="CRB_InterfaceSmall_O" TooltipColor="" TooltipType="OnCursor" HideInEditor="1">
                    <Event Name="ButtonSignal" Function="OnRightBottomCraftBtn"/>
                </Control>
                <Control Class="Button" Base="CRB_Basekit:kitBtn_Metal_LargeGreen" Font="CRB_InterfaceMedium_B" ButtonType="PushButton" LAnchorPoint="0.5" LAnchorOffset="-112" TAnchorPoint="0" TAnchorOffset="2" RAnchorPoint="0.5" RAnchorOffset="112" BAnchorPoint="1" BAnchorOffset="-2" DT_VCENTER="1" DT_CENTER="1" Name="RightBottomSimpleCraftBtn" Text="" TextId="Tradeskills_SimpleCraft" DisabledTextColor="UI_BtnTextGreenDisabled" BGColor="ffffffff" TextColor="ffffffff" NormalTextColor="UI_BtnTextGreenNormal" PressedTextColor="UI_BtnTextGreenPressed" FlybyTextColor="UI_BtnTextGreenFlyby" PressedFlybyTextColor="UI_BtnTextGreenPressedFlyby" Tooltip="" TooltipId="Tradeskills_SimpleCraftTooltip" TooltipFont="CRB_InterfaceSmall_O" TooltipColor="" TooltipType="OnCursor" Visible="0" HideInEditor="0">
                    <Event Name="ButtonSignal" Function="OnRightBottomSimpleCraftBtn"/>
                </Control>
            </Control>
        </Control>
        <Control Class="Window" LAnchorPoint="0" LAnchorOffset="0" TAnchorPoint="0" TAnchorOffset="37" RAnchorPoint="0" RAnchorOffset="304" BAnchorPoint="1" BAnchorOffset="0" RelativeToClient="1" Font="Default" Text="" Template="Default" Name="LeftSideSearch" BGColor="ffffffff" TextColor="ffffffff" Sprite="" Picture="1" IgnoreMouse="1" TooltipColor="" Tooltip="" Visible="0" HideInEditor="1" NewWindowDepth="1">
            <Control Class="Window" LAnchorPoint="0" LAnchorOffset="-8" TAnchorPoint="0" TAnchorOffset="-8" RAnchorPoint="1" RAnchorOffset="8" BAnchorPoint="1" BAnchorOffset="8" RelativeToClient="1" Font="CRB_InterfaceMedium_B" Text="" Template="Default" Name="LeftSideSearchFrame" BGColor="ffffffff" TextColor="ff2f94ac" Sprite="CRB_Basekit:kitInnerFrame_MetalGrey_Large" Picture="1" IgnoreMouse="1" TooltipColor="" NewControlDepth="1" DT_CENTER="1" DT_VCENTER="1" TextId="Tradeskills_NoResults" HideInEditor="0"/>
            <Control Class="Window" LAnchorPoint="0" LAnchorOffset="16" TAnchorPoint="0" TAnchorOffset="12" RAnchorPoint="1" RAnchorOffset="-16" BAnchorPoint="1" BAnchorOffset="-62" RelativeToClient="1" Font="Default" Text="" Template="CRB_Scroll_HoloSmall" TooltipType="OnCursor" Name="LeftSideSearchResultsList" BGColor="ffffffff" TextColor="ffffffff" TooltipColor="" VScroll="1" IgnoreMouse="1"/>
            <Control Class="Button" Base="CRB_Basekit:kitBtn_Holo" Font="CRB_InterfaceMedium_B" ButtonType="PushButton" RadioGroup="" LAnchorPoint="0.5" LAnchorOffset="-60" TAnchorPoint="1" TAnchorOffset="-45" RAnchorPoint="0.5" RAnchorOffset="60" BAnchorPoint="1" BAnchorOffset="-16" DT_VCENTER="1" DT_CENTER="1" TooltipType="OnCursor" Name="LeftSideSearchClearBtn" BGColor="ffffffff" TextColor="ffffffff" TooltipColor="" NormalTextColor="ff2f94ac" PressedTextColor="ff31fcf6" FlybyTextColor="ff31fcf6" PressedFlybyTextColor="ff31fcf6" DisabledTextColor="ffffffff" Text="" TextId="Tradeskills_ClearSearch" Visible="1" RelativeToClient="1">
                <Event Name="ButtonSignal" Function="OnSearchTopLeftClearBtn"/>
            </Control>
            <Event Name="MouseButtonDown" Function="ClearSearchBoxFocus"/>
            <Pixie LAnchorPoint="0" LAnchorOffset="10" TAnchorPoint="0" TAnchorOffset="4" RAnchorPoint="1" RAnchorOffset="-12" BAnchorPoint="1" BAnchorOffset="-10" BGColor="ffffffff" Font="Default" TextColor="ffffffff" Text="" Sprite="CRB_Basekit:kitBase_HoloTeal_NoBorder" Line="0"/>
            <Pixie LAnchorPoint="0" LAnchorOffset="10" TAnchorPoint="0" TAnchorOffset="4" RAnchorPoint="1" RAnchorOffset="-12" BAnchorPoint="1" BAnchorOffset="-10" BGColor="ffffffff" Font="Default" TextColor="ffffffff" Text="" Sprite="CRB_Basekit:kitAccent_Scanlines" Line="0"/>
            <Pixie LAnchorPoint="0" LAnchorOffset="16" TAnchorPoint="1" TAnchorOffset="-62" RAnchorPoint="1" RAnchorOffset="-16" BAnchorPoint="1" BAnchorOffset="-48" BGColor="ffffffff" Font="Default" TextColor="ffffffff" Text="" Sprite="CRB_Basekit:kitDivider_Horiz_HoloDashed" Line="0"/>
        </Control>
        <Control Class="Window" LAnchorPoint="0" LAnchorOffset="292" TAnchorPoint="0" TAnchorOffset="-4" RAnchorPoint="0" RAnchorOffset="311" BAnchorPoint="1" BAnchorOffset="4" RelativeToClient="1" Font="Default" Text="" Template="Default" TooltipType="OnCursor" Name="DividerBG" BGColor="ffffffff" TextColor="ffffffff" TooltipColor="" Picture="1" IgnoreMouse="1" Sprite="CRB_Basekit:kitDivider_Vert_MetalGold" NewControlDepth="1" NoClip="0"/>
    </Form>
    <Form Class="Window" LAnchorPoint="0" LAnchorOffset="0" TAnchorPoint="0" TAnchorOffset="0" RAnchorPoint="1" RAnchorOffset="0" BAnchorPoint="0" BAnchorOffset="44" RelativeToClient="1" Font="Default" Text="" Template="Default" TooltipType="OnCursor" Name="TopLevel" Overlapped="1" BGColor="ffffffff" TextColor="ffffffff" TooltipColor="" IgnoreMouse="1" Tooltip="">
        <Control Class="Button" Base="CRB_Basekit:kitBtn_Holo_Large" Font="Thick" ButtonType="Check" RadioGroup="" LAnchorPoint="0" LAnchorOffset="0" TAnchorPoint="0" TAnchorOffset="0" RAnchorPoint="1" RAnchorOffset="0" BAnchorPoint="0" BAnchorOffset="36" DT_VCENTER="1" DT_CENTER="1" TooltipType="OnCursor" Name="TopLevelBtn" BGColor="ffffffff" TextColor="ffffffff" TooltipColor="" NormalTextColor="ffffffff" PressedTextColor="ffffffff" FlybyTextColor="ffffffff" PressedFlybyTextColor="ffffffff" DisabledTextColor="ffffffff" GlobalRadioGroup="TradeskillSchematics_TopLevelBtn" RadioDisallowNonSelection="0" RelativeToClient="1" NeverBringToFront="1" IgnoreMouse="0">
            <Event Name="ButtonCheck" Function="OnTopLevelBtnToggle"/>
            <Event Name="ButtonUncheck" Function="OnTopLevelBtnToggle"/>
        </Control>
        <Control Class="Window" LAnchorPoint="0" LAnchorOffset="16" TAnchorPoint="0" TAnchorOffset="0" RAnchorPoint="1" RAnchorOffset="-10" BAnchorPoint="0" BAnchorOffset="36" RelativeToClient="1" Font="CRB_InterfaceMedium_B" Text="" Template="Default" TooltipType="OnCursor" Name="TopLevelBtnText" BGColor="ffffffff" TextColor="UI_TextHoloBodyHighlight" TooltipColor="" TextId="CRB__2" DT_VCENTER="1"/>
        <Control Class="Window" LAnchorPoint="0" LAnchorOffset="0" TAnchorPoint="0" TAnchorOffset="44" RAnchorPoint="1" RAnchorOffset="0" BAnchorPoint="1" BAnchorOffset="0" RelativeToClient="1" Font="Default" Text="" Template="Default" TooltipType="OnCursor" Name="TopLevelItems" BGColor="ffffffff" TextColor="ffffffff" TooltipColor="" Tooltip=""/>
    </Form>
    <Form Class="Window" LAnchorPoint="0" LAnchorOffset="0" TAnchorPoint="0" TAnchorOffset="0" RAnchorPoint="1" RAnchorOffset="0" BAnchorPoint="0" BAnchorOffset="42" RelativeToClient="1" Font="Default" Text="" Template="Default" TooltipType="OnCursor" Name="MiddleLevel" Overlapped="1" BGColor="ffffffff" TextColor="ffffffff" TooltipColor="" IgnoreMouse="1" Tooltip="">
        <Control Class="Button" Base="CRB_Basekit:kitBtn_Dropdown_TextBaseHolo2" Font="Thick" ButtonType="Check" RadioGroup="" LAnchorPoint="0" LAnchorOffset="36" TAnchorPoint="0" TAnchorOffset="0" RAnchorPoint="1" RAnchorOffset="0" BAnchorPoint="0" BAnchorOffset="34" DT_VCENTER="1" DT_CENTER="1" TooltipType="OnCursor" Name="MiddleLevelBtn" BGColor="ffffffff" TextColor="ffffffff" TooltipColor="" NormalTextColor="ffffffff" PressedTextColor="ffffffff" FlybyTextColor="ffffffff" PressedFlybyTextColor="ffffffff" DisabledTextColor="ffffffff" GlobalRadioGroup="TradeskillSchematics_GlobalRadioGroup_MiddleLevelBtn" Tooltip="" IgnoreMouse="0">
            <Event Name="ButtonCheck" Function="OnMiddleLevelBtnToggle"/>
            <Event Name="ButtonUncheck" Function="OnMiddleLevelBtnToggle"/>
        </Control>
        <Control Class="Window" LAnchorPoint="0" LAnchorOffset="52" TAnchorPoint="0" TAnchorOffset="0" RAnchorPoint="1" RAnchorOffset="-12" BAnchorPoint="0" BAnchorOffset="34" RelativeToClient="1" Font="CRB_InterfaceSmall_O" Text="" Template="Default" TooltipType="OnCursor" Name="MiddleLevelBtnText" BGColor="ffffffff" TextColor="UI_TextHoloBodyHighlight" TooltipColor="" TextId="CRB__2" DT_CENTER="0" DT_VCENTER="1" Tooltip=""/>
        <Control Class="Window" LAnchorPoint="0" LAnchorOffset="0" TAnchorPoint="0" TAnchorOffset="37" RAnchorPoint="1" RAnchorOffset="0" BAnchorPoint="1" BAnchorOffset="-5" RelativeToClient="1" Font="Default" Text="" Template="Default" TooltipType="OnCursor" Name="MiddleLevelItems" BGColor="ffffffff" TextColor="ffffffff" TooltipColor=""/>
    </Form>
    <Form Class="Window" LAnchorPoint="0" LAnchorOffset="0" TAnchorPoint="0" TAnchorOffset="0" RAnchorPoint="1" RAnchorOffset="0" BAnchorPoint="0" BAnchorOffset="36" RelativeToClient="1" Font="Default" Text="" Template="Default" Name="BottomItem" Border="0" Picture="0" SwallowMouseClicks="1" Overlapped="1" BGColor="eeffffff" TextColor="ffffffff" TextId="" TooltipColor="" Tooltip="">
        <Control Class="Window" LAnchorPoint="0" LAnchorOffset="34" TAnchorPoint="0.5" TAnchorOffset="-11" RAnchorPoint="0" RAnchorOffset="56" BAnchorPoint="0.5" BAnchorOffset="11" RelativeToClient="1" Font="Default" Text="" Template="Default" TooltipType="OnCursor" Name="BottomItemLockIcon" BGColor="ffffffff" TextColor="ffffffff" TooltipColor="" Picture="1" IgnoreMouse="1" Sprite="CRB_Basekit:kitIcon_Holo_Lock" Visible="0" Tooltip=""/>
        <Control Class="Window" LAnchorPoint="0" LAnchorOffset="34" TAnchorPoint="0.5" TAnchorOffset="-11" RAnchorPoint="0" RAnchorOffset="56" BAnchorPoint="0.5" BAnchorOffset="11" RelativeToClient="1" Font="Default" Text="" Template="Default" TooltipType="OnCursor" Name="BottomItemMatsWarningIcon" BGColor="ffffffff" TextColor="ffffffff" TooltipColor="" Picture="1" IgnoreMouse="1" Sprite="CRB_Basekit:kitIcon_Holo_InterfacesDisabled" Visible="0" Tooltip="" TooltipFont="CRB_Interface9_O" TooltipId="Tradeskill_NoMaterials"/>
        <Control Class="Button" Base="CRB_Basekit:kitBtn_List_Holo" Font="Thick" ButtonType="Check" LAnchorPoint="0" LAnchorOffset="57" TAnchorPoint="0" TAnchorOffset="0" RAnchorPoint="1" RAnchorOffset="-2" BAnchorPoint="0" BAnchorOffset="36" Name="BottomItemBtn" GlobalRadioGroup="TradeskillSchematics_BottomItemBtn" RadioDisallowNonSelection="1" BGColor="ffffffff" TextColor="ffffffff" NormalTextColor="ffffffff" PressedTextColor="ffffffff" FlybyTextColor="ffffffff" PressedFlybyTextColor="ffffffff" DisabledTextColor="ffffffff" RadioGroup="" TooltipColor="" Tooltip="">
            <Event Name="MouseEnter" Function="OnFilterBtnMouseEnter"/>
            <Event Name="MouseExit" Function="OnFilterBtnMouseExit"/>
            <Event Name="ButtonCheck" Function="OnBottomItemBtn"/>
            <Control Class="Window" LAnchorPoint="0" LAnchorOffset="12" TAnchorPoint="0" TAnchorOffset="0" RAnchorPoint="1" RAnchorOffset="-12" BAnchorPoint="1" BAnchorOffset="0" RelativeToClient="1" Font="CRB_InterfaceSmall_O" Text="" Template="Default" Name="BottomItemBtnText" TextId="CRB__2" BGColor="ffffffff" TextColor="ff2f94ac" TooltipType="OnCursor" TooltipColor="" DT_VCENTER="1" DT_WORDBREAK="1"/>
        </Control>
    </Form>
    <Form Class="Window" LAnchorPoint="0" LAnchorOffset="0" TAnchorPoint="0" TAnchorOffset="0" RAnchorPoint="0" RAnchorOffset="218" BAnchorPoint="0" BAnchorOffset="54" RelativeToClient="1" Font="Default" Text="" Template="Default" TooltipType="OnCursor" Name="MaterialsItem" BGColor="ffffffff" TextColor="ffffffff" TooltipColor="" Picture="1" IgnoreMouse="1" Sprite="CRB_Basekit:kitBase_HoloBlue_SmallPlain" Tooltip="" Overlapped="1" IgnoreTooltipDelay="1" TooltipFont="CRB_InterfaceSmall_O">
        <Control Class="Window" LAnchorPoint="0" LAnchorOffset="12" TAnchorPoint="0" TAnchorOffset="12" RAnchorPoint="0" RAnchorOffset="42" BAnchorPoint="1" BAnchorOffset="-12" RelativeToClient="1" Font="CRB_InterfaceSmall_O" Text="" Template="Default" TooltipType="OnCursor" Name="MaterialsIcon" BGColor="ffffffff" TextColor="ffffffff" TooltipColor="" Picture="1" IgnoreMouse="1" Sprite="ClientSprites:Icon_ItemArmorHead_goggles_0001" TextId="CRB_1" DT_RIGHT="1" DT_BOTTOM="1" IgnoreTooltipDelay="1" DT_WORDBREAK="1"/>
        <Control Class="Window" LAnchorPoint="0" LAnchorOffset="12" TAnchorPoint="0" TAnchorOffset="12" RAnchorPoint="0" RAnchorOffset="42" BAnchorPoint="1" BAnchorOffset="-12" RelativeToClient="1" Font="Default" Text="" Template="Default" Name="MaterialsIconNotEnough" BGColor="9d660000" TextColor="ffffffff" Tooltip="" Picture="1" IgnoreMouse="1" Sprite="ClientSprites:WhiteFill" Visible="0" NewControlDepth="1" TooltipColor="" TooltipType="OnCursor" HideInEditor="0"/>
        <Control Class="Window" LAnchorPoint="0" LAnchorOffset="46" TAnchorPoint="0" TAnchorOffset="13" RAnchorPoint="1" RAnchorOffset="-14" BAnchorPoint="1" BAnchorOffset="-13" RelativeToClient="1" Font="CRB_InterfaceMedium_B" Text="" Template="Default" TooltipType="OnCursor" Name="MaterialsName" BGColor="ffffffff" TextColor="ff2f94ac" TooltipColor="" TextId="CRB__2" DT_VCENTER="1" DT_WORDBREAK="1"/>
    </Form>
    <Form Class="Window" LAnchorPoint="0" LAnchorOffset="0" TAnchorPoint="0" TAnchorOffset="0" RAnchorPoint="0" RAnchorOffset="218" BAnchorPoint="0" BAnchorOffset="54" RelativeToClient="1" Font="Default" Text="" Template="Default" TooltipType="OnCursor" Name="SubrecipesItem" BGColor="ffffffff" TextColor="ffffffff" TooltipColor="" Picture="1" IgnoreMouse="1" Sprite="" Tooltip="" Overlapped="1" IgnoreTooltipDelay="1">
        <Control Class="Window" LAnchorPoint="0" LAnchorOffset="12" TAnchorPoint="0" TAnchorOffset="12" RAnchorPoint="0" RAnchorOffset="42" BAnchorPoint="1" BAnchorOffset="-12" RelativeToClient="1" Font="CRB_InterfaceMedium_B" Text="" Template="Default" TooltipType="OnCursor" Name="SubrecipesLeftIcon" BGColor="ffffffff" TextColor="ffffffff" TooltipColor="" Picture="1" IgnoreMouse="1" Sprite="CRB_Basekit:kitIcon_Holo_QuestionMark" TextId="" DT_RIGHT="1" DT_BOTTOM="1" IgnoreTooltipDelay="1" NewControlDepth="1" DT_WORDBREAK="1"/>
        <Control Class="Window" LAnchorPoint="0" LAnchorOffset="12" TAnchorPoint="0" TAnchorOffset="12" RAnchorPoint="0" RAnchorOffset="42" BAnchorPoint="1" BAnchorOffset="-12" RelativeToClient="1" Font="Default" Text="" Template="Default" TooltipType="OnCursor" Name="SubrecipesLeftLockedBG" BGColor="ccffffff" TextColor="ffffffff" TooltipColor="" Sprite="ClientSprites:BlackFill" Picture="1" IgnoreMouse="1" Visible="0" NewControlDepth="1" HideInEditor="0">
            <Pixie LAnchorPoint="0" LAnchorOffset="-2" TAnchorPoint="0" TAnchorOffset="-2" RAnchorPoint="1" RAnchorOffset="2" BAnchorPoint="1" BAnchorOffset="2" BGColor="ffffffff" Font="Default" TextColor="ffffffff" Text="" Sprite="ClientSprites:Icon_Windows_UI_CRB_Lock_Holo" Line="0"/>
        </Control>
        <Control Class="Window" LAnchorPoint="0" LAnchorOffset="46" TAnchorPoint="0" TAnchorOffset="13" RAnchorPoint="1" RAnchorOffset="-14" BAnchorPoint="1" BAnchorOffset="-13" RelativeToClient="1" Font="CRB_InterfaceMedium_B" Text="" Template="Default" TooltipType="OnCursor" Name="SubrecipesLeftName" BGColor="ffffffff" TextColor="ff2f94ac" TooltipColor="" TextId="CRB__2" DT_VCENTER="1" DT_WORDBREAK="1" IgnoreMouse="1"/>
        <Pixie LAnchorPoint="0" LAnchorOffset="0" TAnchorPoint="0" TAnchorOffset="0" RAnchorPoint="1" RAnchorOffset="0" BAnchorPoint="1" BAnchorOffset="0" BGColor="ffffffff" Font="Default" TextColor="ffffffff" Text="" Sprite="CRB_Basekit:kitBase_HoloBlue_SmallPlain" Line="0"/>
    </Form>
</Forms>
