<?xml version="1.0" encoding="UTF-8" standalone="yes" ?>
<Forms>
    <Form Class="Window" LAnchorPoint="0.5" LAnchorOffset="-432" TAnchorPoint="0" TAnchorOffset="0" RAnchorPoint="0.5" RAnchorOffset="432" BAnchorPoint="0" BAnchorOffset="698" RelativeToClient="1" Font="Default" Text="" Template="Default" Name="TradeskillContainerForm" Border="0" Picture="0" SwallowMouseClicks="1" Moveable="1" Escapable="1" Overlapped="1" BGColor="ffffffff" TextColor="ffffffff" TextId="" TooltipColor="" Tooltip="" Sprite="" IgnoreMouse="0">
        <Control Class="Window" LAnchorPoint="0.5" LAnchorOffset="-400" TAnchorPoint="0" TAnchorOffset="142" RAnchorPoint="0.5" RAnchorOffset="400" BAnchorPoint="0" BAnchorOffset="672" RelativeToClient="1" Font="Default" Text="" Template="Default" TooltipType="OnCursor" Name="SchematicsMainForm" BGColor="ffffffff" TextColor="ffffffff" TooltipColor="" Picture="1" IgnoreMouse="1" Sprite="" Visible="0"/>
        <Control Class="Window" LAnchorPoint="0.5" LAnchorOffset="-400" TAnchorPoint="0" TAnchorOffset="142" RAnchorPoint="0.5" RAnchorOffset="400" BAnchorPoint="0" BAnchorOffset="672" RelativeToClient="1" Font="Default" Text="" Template="Default" TooltipType="OnCursor" Name="AchievementsMainForm" BGColor="ffffffff" TextColor="ffffffff" TooltipColor="" Picture="1" IgnoreMouse="1" Sprite=""/>
        <Control Class="Window" LAnchorPoint="0.5" LAnchorOffset="-400" TAnchorPoint="0" TAnchorOffset="142" RAnchorPoint="0.5" RAnchorOffset="400" BAnchorPoint="0" BAnchorOffset="672" RelativeToClient="1" Font="Default" Text="" Template="Default" TooltipType="OnCursor" Name="TalentsMainForm" BGColor="ffffffff" TextColor="ffffffff" TooltipColor="" Picture="1" IgnoreMouse="1" Sprite="" Visible="0"/>
        <Control Class="Window" LAnchorPoint="0" LAnchorOffset="0" TAnchorPoint="0" TAnchorOffset="0" RAnchorPoint="1" RAnchorOffset="0" BAnchorPoint="1" BAnchorOffset="0" RelativeToClient="1" Font="Default" Text="" Template="Default" TooltipType="OnCursor" Name="BGFrame" BGColor="ffffffff" TextColor="ffffffff" TooltipColor="" Picture="1" IgnoreMouse="1" Sprite="sprMetal_Framing" Tooltip="" NewWindowDepth="0" NewControlDepth="3">
            <Control Class="Window" LAnchorPoint="0.5" LAnchorOffset="-70" TAnchorPoint="0" TAnchorOffset="27" RAnchorPoint="0.5" RAnchorOffset="70" BAnchorPoint="0" BAnchorOffset="63" RelativeToClient="1" Font="CRB_Header14" Text="" Template="Default" TooltipType="OnCursor" Name="BGOverlay" BGColor="ffffffff" TextColor="ffffeea4" TooltipColor="" Sprite="sprMetal_Framing_Header" Picture="1" IgnoreMouse="1" NewWindowDepth="0" DT_CENTER="1" DT_VCENTER="1" TextId="CRB_Tradeskills"/>
        </Control>
        <Event Name="WindowClosed" Function="OnClose"/>
        <Pixie LAnchorPoint="0" LAnchorOffset="25" TAnchorPoint="0" TAnchorOffset="25" RAnchorPoint="1" RAnchorOffset="-25" BAnchorPoint="1" BAnchorOffset="-25" BGColor="ffffffff" Font="Default" TextColor="ffffffff" Text="" Sprite="CRB_Basekit:kitBase_MetalGrey_Large" Line="0"/>
        <Control Class="Button" Base="btnMetal_TabMainLeft" Font="DefaultButton" ButtonType="Check" RadioGroup="TradeskillContainer_TopTabBtn_LocalRadioGroup" LAnchorPoint="0" LAnchorOffset="27" TAnchorPoint="0" TAnchorOffset="49" RAnchorPoint="0.5" RAnchorOffset="-134" BAnchorPoint="0" BAnchorOffset="125" DT_VCENTER="1" DT_CENTER="1" Name="ToggleSchematicsBtn" BGColor="ffffffff" TextColor="ffffffff" HideInEditor="0" TextId="CRB_Schematics" NormalTextColor="UI_BtnTextGoldListNormal" PressedTextColor="UI_BtnTextGoldListPressed" FlybyTextColor="UI_BtnTextGoldListFlyby" PressedFlybyTextColor="UI_BtnTextGoldListPressedFlyby" DisabledTextColor="UI_BtnTextGoldListDisabled" Text="" RadioDisallowNonSelection="1" TooltipColor="" Tooltip="" RelativeToClient="1">
            <Event Name="ButtonCheck" Function="OnTopTabBtn"/>
        </Control>
        <Control Class="Button" Base="btnMetal_TabMainMid" Font="DefaultButton" ButtonType="Check" RadioGroup="TradeskillContainer_TopTabBtn_LocalRadioGroup" LAnchorPoint="0.5" LAnchorOffset="-134" TAnchorPoint="0" TAnchorOffset="49" RAnchorPoint="0.5" RAnchorOffset="134" BAnchorPoint="0" BAnchorOffset="125" DT_VCENTER="1" DT_CENTER="1" Name="ToggleAchievementBtn" BGColor="ffffffff" TextColor="ffffffff" HideInEditor="0" TextId="Tradeskills_TechTree" NormalTextColor="UI_BtnTextGoldListNormal" PressedTextColor="UI_BtnTextGoldListPressed" FlybyTextColor="UI_BtnTextGoldListFlyby" PressedFlybyTextColor="UI_BtnTextGoldListPressedFlyby" DisabledTextColor="UI_BtnTextGoldListDisabled" Text="" RadioDisallowNonSelection="1" TooltipColor="" Tooltip="" RelativeToClient="1" Visible="1">
            <Event Name="ButtonCheck" Function="OnTopTabBtn"/>
        </Control>
        <Control Class="Button" Base="btnMetal_TabMainRight" Font="DefaultButton" ButtonType="Check" RadioGroup="TradeskillContainer_TopTabBtn_LocalRadioGroup" LAnchorPoint="0.5" LAnchorOffset="134" TAnchorPoint="0" TAnchorOffset="49" RAnchorPoint="1" RAnchorOffset="-27" BAnchorPoint="0" BAnchorOffset="125" DT_VCENTER="1" DT_CENTER="1" Name="ToggleTalentsBtn" BGColor="ffffffff" TextColor="ffffffff" HideInEditor="0" TextId="CRB_Talents" NormalTextColor="UI_BtnTextGoldListNormal" PressedTextColor="UI_BtnTextGoldListPressed" FlybyTextColor="UI_BtnTextGoldListFlyby" PressedFlybyTextColor="UI_BtnTextGoldListPressedFlyby" DisabledTextColor="UI_BtnTextGoldListDisabled" Text="" RadioDisallowNonSelection="1" TooltipColor="" Tooltip="" RelativeToClient="1" Visible="1">
            <Event Name="ButtonCheck" Function="OnTopTabBtn"/>
        </Control>
        <Control Class="Button" Base="CRB_Basekit:kitBtn_Close" Font="Thick" ButtonType="PushButton" RadioGroup="" LAnchorPoint="1" LAnchorOffset="-47" TAnchorPoint="0" TAnchorOffset="20" RAnchorPoint="1" RAnchorOffset="-20" BAnchorPoint="0" BAnchorOffset="49" Name="CloseButton" BGColor="ffffffff" TextColor="ffffffff" WindowSoundTemplate="CloseWindowPhys" Text="" TextId="" RelativeToClient="1" NormalTextColor="ffffffff" PressedTextColor="ffffffff" FlybyTextColor="ffffffff" PressedFlybyTextColor="ffffffff" DisabledTextColor="ffffffff" TooltipColor="" Tooltip="">
            <Event Name="ButtonSignal" Function="OnClose"/>
        </Control>
    </Form>
</Forms>
