<Forms>
    <Form Class="Window" LAnchorPoint="0.5" LAnchorOffset="-256" TAnchorPoint="ActionBar0_Top" TAnchorOffset="-62" RAnchorPoint="0.5" RAnchorOffset="244" BAnchorPoint="ActionBar0_Top" BAnchorOffset="0" RelativeToClient="1" Font="Default" Text="" Template="Default" Name="HealthShieldBarForm" BGColor="ffffffff" TextColor="ffffffff" IgnoreMouse="1" TextId="" Tooltip="" TooltipId="" Picture="1" Overlapped="1" Sprite="CRB_ActionBarFrameSprites:sprResourceBar_ResourceBG" NeverBringToFront="1" LeftEdgeControlsAnchor="ResourceBar_Left" TooltipColor="">
        <Control Class="Window" LAnchorPoint="0" LAnchorOffset="68" TAnchorPoint="0" TAnchorOffset="12" RAnchorPoint="0" RAnchorOffset="443" BAnchorPoint="0" BAnchorOffset="57" RelativeToClient="1" Font="Default" Text="" Template="Default" Name="BarContainer" BGColor="ffffffff" TextColor="ffffffff" TooltipType="OnCursor" TooltipColor="" Tooltip="" Visible="1" HideInEditor="0">
            <Control Class="Window" Text="" LAnchorPoint="0" LAnchorOffset="0" TAnchorPoint="0" TAnchorOffset="0" RAnchorPoint="0" RAnchorOffset="375" BAnchorPoint="1" BAnchorOffset="0" AutoSetText="0" RelativeToClient="1" ProgressEmpty="" ProgressFull="" Name="HealthBar" BGColor="ffffffff" TextColor="ffffffff" IgnoreMouse="1" Picture="1" Sprite="CRB_ActionBarFrameSprites:sprResourceBar_GreenProgBar" TooltipColor="" TooltipFont="CRB_InterfaceSmall_O" TooltipType="OnCursor" HideInEditor="0">
                <Control Class="Window" LAnchorPoint="0" LAnchorOffset="0" TAnchorPoint="0" TAnchorOffset="0" RAnchorPoint="1" RAnchorOffset="0" BAnchorPoint="1" BAnchorOffset="0" RelativeToClient="1" Font="Default" Text="" Template="Default" TooltipType="OnCursor" Name="HealthBarFlash" BGColor="66ffffff" TextColor="ffffffff" TooltipColor="" Sprite="ClientSprites:WhiteFlash" Picture="1" IgnoreMouse="1" NewControlDepth="2"/>
            </Control>
            <Control Class="Window" Text="" LAnchorPoint="0" LAnchorOffset="0" TAnchorPoint="0" TAnchorOffset="0" RAnchorPoint="0" RAnchorOffset="375" BAnchorPoint="1" BAnchorOffset="0" AutoSetText="0" RelativeToClient="1" ProgressEmpty="" ProgressFull="CRB_ResourceBarSprites:sprRB_ShieldFrame" Name="MaxShieldBar" BGColor="ffffffff" TextColor="ffffffff" IgnoreMouse="1" Visible="1" Picture="1" Sprite="CRB_ActionBarFrameSprites:sprResourceBar_ShieldBG" TooltipColor="" HideInEditor="0" TooltipType="OnCursor" TooltipFont="CRB_InterfaceSmall_O" NewControlDepth="1"/>
            <Control Class="Window" Text="" LAnchorPoint="0" LAnchorOffset="0" TAnchorPoint="0" TAnchorOffset="0" RAnchorPoint="0" RAnchorOffset="375" BAnchorPoint="1" BAnchorOffset="0" AutoSetText="0" RelativeToClient="1" ProgressEmpty="" ProgressFull="CRB_ResourceBarSprites:sprRB_ShieldFrame" Name="MaxAbsorbBar" BGColor="ffffffff" TextColor="ffffffff" IgnoreMouse="1" Visible="1" Picture="1" Sprite="CRB_ActionBarFrameSprites:sprResourceBar_AbsorbBG" TooltipColor="" HideInEditor="0" Tooltip="" TooltipType="OnCursor" TooltipFont="CRB_InterfaceSmall_O" NewControlDepth="1"/>
            <Event Name="MouseButtonDown" Function="OnMouseButtonDown"/>
            <Control Class="Window" LAnchorPoint="0" LAnchorOffset="0" TAnchorPoint="0" TAnchorOffset="0" RAnchorPoint="0" RAnchorOffset="375" BAnchorPoint="1" BAnchorOffset="0" RelativeToClient="1" Font="Default" Text="" Template="Default" TooltipType="OnCursor" Name="CurrShieldBar" BGColor="ffffffff" TextColor="ffffffff" TooltipColor="" Picture="1" IgnoreMouse="1" Sprite="CRB_ActionBarFrameSprites:sprResourceBar_ShieldProgBar" NewControlDepth="2" HideInEditor="0">
                <Control Class="Window" LAnchorPoint="0" LAnchorOffset="-8" TAnchorPoint="0" TAnchorOffset="0" RAnchorPoint="0" RAnchorOffset="10" BAnchorPoint="1" BAnchorOffset="0" RelativeToClient="1" Font="Default" Text="" Template="Default" TooltipType="OnCursor" Name="HealthBarEdgeGlow" BGColor="ffffffff" TextColor="ffffffff" TooltipColor="" Picture="1" IgnoreMouse="1" Sprite="CRB_ActionBarFrameSprites:sprResourceBar_GreenEdgeGlow" NoClip="1"/>
                <Control Class="Window" LAnchorPoint="1" LAnchorOffset="-12" TAnchorPoint="0" TAnchorOffset="0" RAnchorPoint="1" RAnchorOffset="6" BAnchorPoint="1" BAnchorOffset="0" RelativeToClient="1" Font="Default" Text="" Template="Default" TooltipType="OnCursor" Name="ShieldBarEdgeGlow" BGColor="ffffffff" TextColor="ffffffff" TooltipColor="" Picture="1" IgnoreMouse="1" Sprite="CRB_ActionBarFrameSprites:sprResourceBar_ShieldEdgeGlow" NoClip="1"/>
            </Control>
            <Control Class="Window" LAnchorPoint="0" LAnchorOffset="0" TAnchorPoint="0" TAnchorOffset="0" RAnchorPoint="0" RAnchorOffset="375" BAnchorPoint="1" BAnchorOffset="0" RelativeToClient="1" Font="Default" Text="" Template="Default" TooltipType="OnCursor" Name="CurrAbsorbBar" BGColor="ffffffff" TextColor="ffffffff" TooltipColor="" Picture="1" IgnoreMouse="1" Sprite="CRB_ActionBarFrameSprites:sprResourceBar_AbsorbProgBar" HideInEditor="0" NewControlDepth="2">
                <Control Class="Window" LAnchorPoint="1" LAnchorOffset="-12" TAnchorPoint="0" TAnchorOffset="0" RAnchorPoint="1" RAnchorOffset="6" BAnchorPoint="1" BAnchorOffset="0" RelativeToClient="1" Font="Default" Text="" Template="Default" TooltipType="OnCursor" Name="AbsorbBarEdgeGlow" BGColor="ffffffff" TextColor="ffffffff" TooltipColor="" Picture="1" IgnoreMouse="1" Sprite="CRB_ActionBarFrameSprites:sprResourceBar_AbsorbEdgeGlow" NoClip="1"/>
            </Control>
            <Control Class="Window" LAnchorPoint="0" LAnchorOffset="0" TAnchorPoint="0" TAnchorOffset="0" RAnchorPoint="0" RAnchorOffset="375" BAnchorPoint="1" BAnchorOffset="0" RelativeToClient="1" Font="Default" Text="" Template="Default" TooltipType="OnCursor" Name="CurrShieldFlash" BGColor="ffffffff" TextColor="ffffffff" TooltipColor="" Picture="1" IgnoreMouse="1" Sprite="" Tooltip="" NewControlDepth="3" HideInEditor="0"/>
            <Control Class="Window" LAnchorPoint="0" LAnchorOffset="0" TAnchorPoint="0" TAnchorOffset="0" RAnchorPoint="0" RAnchorOffset="375" BAnchorPoint="1" BAnchorOffset="0" RelativeToClient="1" Font="Default" Text="" Template="Default" TooltipType="OnCursor" Name="CurrAbsorbFlash" BGColor="ffffffff" TextColor="ffffffff" TooltipColor="" Picture="1" IgnoreMouse="1" Sprite="" NewControlDepth="3" HideInEditor="0"/>
        </Control>
        <Control Class="Window" LAnchorPoint="0" LAnchorOffset="83" TAnchorPoint="0" TAnchorOffset="14" RAnchorPoint="0.5" RAnchorOffset="0" BAnchorPoint="0" BAnchorOffset="54" RelativeToClient="1" Font="CRB_InterfaceSmall_O" Text="" Template="Default" Name="HealthText" BGColor="ffffffff" TextColor="ffffffff" TextId="CRB__2" IgnoreMouse="1" DT_VCENTER="1" TooltipColor="" NewWindowDepth="1" NewControlDepth="10"/>
        <Control Class="Window" LAnchorPoint="1" LAnchorOffset="-51" TAnchorPoint="0" TAnchorOffset="10" RAnchorPoint="1" RAnchorOffset="0" BAnchorPoint="0" BAnchorOffset="63" RelativeToClient="1" Font="Default" Text="" Template="Default" TooltipType="OnCursor" Name="CCArmorContainer" BGColor="ffffffff" TextColor="ffffffff" TooltipColor="" Tooltip="" TooltipId="HealthBar_InterruptArmorTooltip" Visible="0" Picture="1" IgnoreMouse="1" Sprite="CRB_ActionBarFrameSprites:sprResourceBar_InterruptBG" DT_CENTER="1" DT_VCENTER="1" TextId="" TransitionShowHide="1" TooltipFont="CRB_InterfaceSmall_O" HideInEditor="0" NewWindowDepth="1">
            <Control Class="Window" LAnchorPoint="0" LAnchorOffset="0" TAnchorPoint="0" TAnchorOffset="0" RAnchorPoint="1" RAnchorOffset="0" BAnchorPoint="1" BAnchorOffset="0" RelativeToClient="1" Font="Default" Text="" Template="Default" TooltipType="OnCursor" Name="CCRing" BGColor="ffffffff" TextColor="ffffffff" TooltipColor="" Sprite="sprResourceBar_InterruptCircleBlue" Picture="1" IgnoreMouse="1"/>
            <Control Class="Window" LAnchorPoint="0" LAnchorOffset="0" TAnchorPoint="0" TAnchorOffset="0" RAnchorPoint="1" RAnchorOffset="0" BAnchorPoint="1" BAnchorOffset="0" RelativeToClient="1" Font="Default" Text="" Template="Default" TooltipType="OnCursor" Name="CCArmorFlash" BGColor="ffffffff" TextColor="ffffffff" TooltipColor="" Picture="1" IgnoreMouse="1" Sprite="sprResourceBar_InterruptCircleFlash" NewControlDepth="10"/>
            <Control Class="Window" LAnchorPoint="0" LAnchorOffset="0" TAnchorPoint="0" TAnchorOffset="0" RAnchorPoint="1" RAnchorOffset="-2" BAnchorPoint="1" BAnchorOffset="-1" RelativeToClient="1" Font="CRB_InterfaceMedium_B" Text="" Template="Default" TooltipType="OnCursor" Name="CCText" BGColor="ffffffff" TextColor="ff31fcf6" TooltipColor="" TextId="CRB_1" DT_CENTER="1" DT_VCENTER="1"/>
        </Control>
        <Control Class="Window" LAnchorPoint="0" LAnchorOffset="67" TAnchorPoint="0" TAnchorOffset="12" RAnchorPoint="0" RAnchorOffset="443" BAnchorPoint="0" BAnchorOffset="59" RelativeToClient="1" Font="Default" Text="" Template="Default" TooltipType="OnCursor" Name="BGFrame" BGColor="ffffffff" TextColor="ffffffff" TooltipColor="" Picture="1" IgnoreMouse="1" Sprite="CRB_ActionBarFrameSprites:sprResourceBar_ResourceFrame" Tooltip="" NewWindowDepth="1" HideInEditor="0" Visible="1"/>
        <Control Class="Window" LAnchorPoint="0" LAnchorOffset="5" TAnchorPoint="0" TAnchorOffset="5" RAnchorPoint="0" RAnchorOffset="85" BAnchorPoint="0" BAnchorOffset="72" RelativeToClient="1" Font="Default" Text="" Template="Default" Name="EnduranceContainer" BGColor="ffffffff" TextColor="ffffffff" IgnoreMouse="1" Visible="1" TooltipType="OnCursor" Tooltip="" TooltipId="" TooltipColor="" HideInEditor="0" Sprite="CRB_ActionBarFrameSprites:sprResourceBar_DodgeBG" Picture="0" TransitionShowHide="1" TooltipFont="CRB_InterfaceSmall_O" NewControlDepth="20" NewWindowDepth="0">
            <Control Class="Window" LAnchorPoint="0" LAnchorOffset="0" TAnchorPoint="0" TAnchorOffset="1" RAnchorPoint="0" RAnchorOffset="48" BAnchorPoint="0" BAnchorOffset="50" RelativeToClient="1" Font="Default" Text="" Template="Default" TooltipType="OnCursor" Name="EvadeFullSprite" BGColor="ffffffff" TextColor="ffffffff" TooltipColor="" Picture="1" IgnoreMouse="1" NewControlDepth="3" Sprite="CRB_ActionBarFrameSprites:sprResourceBar_DodgeHalf" HideInEditor="0" TooltipFont="CRB_InterfaceSmall_O"/>
            <Control Class="Window" LAnchorPoint="0" LAnchorOffset="-11" TAnchorPoint="0" TAnchorOffset="-12" RAnchorPoint="0" RAnchorOffset="59" BAnchorPoint="0" BAnchorOffset="61" RelativeToClient="1" Font="Default" Text="" Template="Default" TooltipType="OnCursor" Name="EvadeFlashSprite" BGColor="ffffffff" TextColor="ffffffff" TooltipColor="" Picture="1" IgnoreMouse="1" NewControlDepth="6" Sprite="" Tooltip="" HideInEditor="0" NoClip="1"/>
            <Control Class="Window" LAnchorPoint="0" LAnchorOffset="0" TAnchorPoint="0" TAnchorOffset="1" RAnchorPoint="0" RAnchorOffset="46" BAnchorPoint="0" BAnchorOffset="46" RelativeToClient="1" Font="Default" Text="" Template="Default" TooltipType="OnCursor" Name="EvadeProgressContainer" BGColor="ffffffff" TextColor="ffffffff" TooltipColor="" Visible="1" HideInEditor="1" TooltipFont="CRB_InterfaceSmall_O" Tooltip="">
                <Control Class="Window" LAnchorPoint="0" LAnchorOffset="0" TAnchorPoint="0" TAnchorOffset="0" RAnchorPoint="1" RAnchorOffset="0" BAnchorPoint="1" BAnchorOffset="0" RelativeToClient="1" Font="Default" Text="" Template="Default" TooltipType="OnCursor" Name="EvadeDodgeBit1" BGColor="ffffffff" TextColor="ffffffff" TooltipColor="" Sprite="CRB_ActionBarFrameSprites:sprResourceBar_DodgeBit1" Picture="1" IgnoreMouse="1" Tooltip="" TransitionShowHide="1" HideInEditor="0"/>
                <Control Class="Window" LAnchorPoint="0" LAnchorOffset="0" TAnchorPoint="0" TAnchorOffset="0" RAnchorPoint="1" RAnchorOffset="0" BAnchorPoint="1" BAnchorOffset="0" RelativeToClient="1" Font="Default" Text="" Template="Default" TooltipType="OnCursor" Name="EvadeDodgeBit2" BGColor="ffffffff" TextColor="ffffffff" TooltipColor="" Sprite="CRB_ActionBarFrameSprites:sprResourceBar_DodgeBit2" Picture="1" IgnoreMouse="1" TransitionShowHide="1"/>
                <Control Class="Window" LAnchorPoint="0" LAnchorOffset="0" TAnchorPoint="0" TAnchorOffset="0" RAnchorPoint="1" RAnchorOffset="0" BAnchorPoint="1" BAnchorOffset="0" RelativeToClient="1" Font="Default" Text="" Template="Default" TooltipType="OnCursor" Name="EvadeDodgeBit3" BGColor="ffffffff" TextColor="ffffffff" TooltipColor="" Sprite="CRB_ActionBarFrameSprites:sprResourceBar_DodgeBit3" Picture="1" IgnoreMouse="1" TransitionShowHide="1" HideInEditor="0"/>
                <Control Class="Window" LAnchorPoint="0" LAnchorOffset="0" TAnchorPoint="0" TAnchorOffset="0" RAnchorPoint="1" RAnchorOffset="0" BAnchorPoint="1" BAnchorOffset="0" RelativeToClient="1" Font="Default" Text="" Template="Default" TooltipType="OnCursor" Name="EvadeDodgeBit4" BGColor="ffffffff" TextColor="ffffffff" TooltipColor="" Sprite="CRB_ActionBarFrameSprites:sprResourceBar_DodgeBit4" Picture="1" IgnoreMouse="1" TransitionShowHide="1"/>
                <Control Class="Window" LAnchorPoint="0" LAnchorOffset="0" TAnchorPoint="0" TAnchorOffset="0" RAnchorPoint="1" RAnchorOffset="0" BAnchorPoint="1" BAnchorOffset="0" RelativeToClient="1" Font="Default" Text="" Template="Default" TooltipType="OnCursor" Name="EvadeDodgeBit5" BGColor="ffffffff" TextColor="ffffffff" TooltipColor="" Sprite="CRB_ActionBarFrameSprites:sprResourceBar_DodgeBit5" Picture="1" IgnoreMouse="1" TransitionShowHide="1"/>
                <Control Class="Window" LAnchorPoint="0" LAnchorOffset="0" TAnchorPoint="0" TAnchorOffset="0" RAnchorPoint="1" RAnchorOffset="0" BAnchorPoint="1" BAnchorOffset="0" RelativeToClient="1" Font="Default" Text="" Template="Default" TooltipType="OnCursor" Name="EvadeDodgeBit6" BGColor="ffffffff" TextColor="ffffffff" TooltipColor="" Sprite="CRB_ActionBarFrameSprites:sprResourceBar_DodgeBit6" Picture="1" IgnoreMouse="1" TransitionShowHide="1"/>
                <Control Class="Window" LAnchorPoint="0" LAnchorOffset="0" TAnchorPoint="0" TAnchorOffset="0" RAnchorPoint="1" RAnchorOffset="0" BAnchorPoint="1" BAnchorOffset="0" RelativeToClient="1" Font="Default" Text="" Template="Default" TooltipType="OnCursor" Name="EvadeDodgeBit7" BGColor="ffffffff" TextColor="ffffffff" TooltipColor="" Sprite="CRB_ActionBarFrameSprites:sprResourceBar_DodgeBit7" Picture="1" IgnoreMouse="1" TransitionShowHide="1"/>
                <Control Class="Window" LAnchorPoint="0" LAnchorOffset="0" TAnchorPoint="0" TAnchorOffset="0" RAnchorPoint="1" RAnchorOffset="0" BAnchorPoint="1" BAnchorOffset="0" RelativeToClient="1" Font="Default" Text="" Template="Default" TooltipType="OnCursor" Name="EvadeDodgeBit8" BGColor="ffffffff" TextColor="ffffffff" TooltipColor="" Sprite="CRB_ActionBarFrameSprites:sprResourceBar_DodgeBit8" Picture="1" IgnoreMouse="1" TransitionShowHide="1"/>
            </Control>
            <Control Class="Window" LAnchorPoint="0" LAnchorOffset="0" TAnchorPoint="0" TAnchorOffset="0" RAnchorPoint="0" RAnchorOffset="51" BAnchorPoint="1" BAnchorOffset="-16" RelativeToClient="1" Font="Default" Text="" Template="Default" TooltipType="OnCursor" Name="EvadeDisabledBlocker" BGColor="ffffffff" TextColor="ffffffff" TooltipColor="" Picture="1" IgnoreMouse="1" NewWindowDepth="0" Sprite="CRB_ActionBarFrameSprites:sprResourceBar_DodgeBlocker" Visible="0" NewControlDepth="10" Tooltip="" HideInEditor="0"/>
            <Control Class="Window" LAnchorPoint="1" LAnchorOffset="-47" TAnchorPoint="1" TAnchorOffset="-40" RAnchorPoint="1" RAnchorOffset="-12" BAnchorPoint="1" BAnchorOffset="-5" RelativeToClient="1" Font="Default" Text="" Template="Default" TooltipType="OnCursor" Name="DisableDashToggleContainer" BGColor="ffffffff" TextColor="ffffffff" TooltipColor="white" IgnoreMouse="1" NoClip="1" Tooltip="" TooltipId="HealthBar_ToggleDash" TooltipFont="CRB_InterfaceSmall_O" NewWindowDepth="1">
                <Control Class="Window" LAnchorPoint="0" LAnchorOffset="-12" TAnchorPoint="0" TAnchorOffset="-13" RAnchorPoint="1" RAnchorOffset="15" BAnchorPoint="1" BAnchorOffset="16" RelativeToClient="1" Font="Default" Text="" Template="Default" TooltipType="OnCursor" Name="DisableDashToggleFlash" BGColor="ffffffff" TextColor="ffffffff" TooltipColor="" Picture="1" IgnoreMouse="1" Sprite="CRB_ActionBarFrameSprites:sprResourceBar_DodgeTogglePrompt" NewControlDepth="5" HideInEditor="1" Visible="0" TestAlpha="1" NoClip="1"/>
                <Control Class="Button" Base="CRB_ActionBarFrameSprites:btnResourceBar_DisableDash" Font="Thick" ButtonType="Check" RadioGroup="" LAnchorPoint="0" LAnchorOffset="-2" TAnchorPoint="0" TAnchorOffset="2" RAnchorPoint="1" RAnchorOffset="-2" BAnchorPoint="1" BAnchorOffset="2" DT_VCENTER="1" DT_CENTER="1" TooltipType="OnCursor" Name="DisableDashToggle" BGColor="ffffffff" TextColor="ffffffff" TooltipColor="" NormalTextColor="ffffffff" PressedTextColor="ffffffff" FlybyTextColor="ffffffff" PressedFlybyTextColor="ffffffff" DisabledTextColor="ffffffff" NoClip="1">
                    <Event Name="ButtonCheck" Function="OnDisableDashToggle"/>
                    <Event Name="ButtonUncheck" Function="OnDisableDashToggle"/>
                </Control>
            </Control>
        </Control>
    </Form>
    <Form Name="MountHealthFrame" Class="Window" LAnchorPoint=".5" LAnchorOffset="-100" TAnchorPoint="CastingBarBottom" TAnchorOffset="-79" RAnchorPoint=".5" RAnchorOffset="100" BAnchorPoint="CastingBarBottom" BAnchorOffset="-46" Sprite="" Picture="0" BGColor="ffffffff" TextColor="ffffffff" LeftEdgeControlsAnchor="" RightEdgeControlsAnchor="" Visible="0" TooltipColor="" Tooltip="" Overlapped="1">
        <Control Class="Window" LAnchorPoint="0" LAnchorOffset="0" TAnchorPoint="0" TAnchorOffset="0" RAnchorPoint="1" RAnchorOffset="0" BAnchorPoint="1" BAnchorOffset="0" RelativeToClient="1" Font="Default" Text="" Template="Default" TooltipType="OnCursor" Name="BGArt" BGColor="ffffffff" TextColor="ffffffff" TooltipColor="" Picture="1" IgnoreMouse="1" Sprite="CRB_Basekit:kitIProgBar_HoloFrame_Base"/>
        <Control Class="ProgressBar" Name="MountHealth" ProgressFull="CRB_Basekit:kitIProgBar_HoloFrame_FillBlue" ProgressEdgeGlow="" EdgeGlowOn="1" AutoSetText="0" DrawTicks="1" TickOn="" TickOff="" BGColor="ffffffff" TextColor="ffffffff" TooltipColor="" BarColor="gray" LAnchorPoint="0.00000" LAnchorOffset="10" TAnchorPoint="0.00000" TAnchorOffset="1" RAnchorPoint="1" RAnchorOffset="-10" BAnchorPoint="1" BAnchorOffset="0"/>
        <Control Class="Window" Name="MountHealthText" Font="CRB_InterfaceSmall_O" DT_CENTER="0" BGColor="ffffffff" TextColor="white" IgnoreMouse="1" AutoScaleText="1" TooltipColor="" LAnchorPoint="0.00000" LAnchorOffset="14" TAnchorPoint="0.00000" TAnchorOffset="0" RAnchorPoint="1" RAnchorOffset="0" BAnchorPoint="1" BAnchorOffset="0" DT_VCENTER="1" Text="" TextId=""/>
    </Form>
</Forms>
