<?xml version="1.0" encoding="UTF-8" standalone="yes" ?>
<Forms>
    <Form Class="Window" LAnchorPoint="ActionBar0_Right" LAnchorOffset="-160" TAnchorPoint="ActionBar0_Bottom" TAnchorOffset="-98" RAnchorPoint="ActionBar0_Right" RAnchorOffset="-59" BAnchorPoint="ActionBar0_Bottom" BAnchorOffset="-22" RelativeToClient="1" Font="Default" Text="" Template="" Name="RecallFrameForm" Border="0" Picture="0" SwallowMouseClicks="1" Moveable="0" Escapable="0" Overlapped="1" BGColor="ffffffff" TextColor="ffffffff" TextId="" TooltipColor="" Tooltip="" LeftEdgeControlsAnchor="RecallFrame_Left" TopEdgeControlsAnchor="RecallFrame_Top">
        <Control Class="ActionBarButton" Name="RecallActionBtn" ContentType="GCBar" ContentId="18" Base="Button_ActionBarBlank" RelativeToClient="1" IfHoldNoSignal="1" DT_VCENTER="1" DT_CENTER="1" NeverBringToFront="1" Picture="0" WindowSoundTemplate="ActionBarButton" BGColor="ffffffff" TextColor="ffffffff" LAnchorPoint="0" LAnchorOffset="18" TAnchorPoint="0" TAnchorOffset="18" RAnchorPoint="0" RAnchorOffset="58" BAnchorPoint="0" BAnchorOffset="58" Font="CRB_InterfaceLarge_O" IgnoreTooltipDelay="1" TooltipColor="" NewControlDepth="10" HideInEditor="0" RechargeBarLAnchorPoint="1" RechargeBarLAnchorOffset="-8" RechargeBarTAnchorPoint="0" RechargeBarTAnchorOffset="4" RechargeBarRAnchorPoint="1" RechargeBarRAnchorOffset="4" RechargeBarBAnchorPoint="1" RechargeBarBAnchorOffset="-14" RechargeBarEmptyColorAttribute="Black" RechargeBarFullColorAttribute="ffffffff" RechargeBarEmptyAttribute="WhiteFill" RechargeBarFullAttribute="sprStalker_VerticalGooPulse">
            <Event Name="GenerateTooltip" Function="OnGenerateTooltip"/>
        </Control>
        <Control Class="Button" Base="HUD_BottomBar:btn_HUD_Recall" Font="Thick" ButtonType="Check" RadioGroup="" LAnchorPoint="0" LAnchorOffset="0" TAnchorPoint="0" TAnchorOffset="0" RAnchorPoint="1" RAnchorOffset="0" BAnchorPoint="1" BAnchorOffset="0" DT_VCENTER="1" DT_CENTER="1" TooltipType="OnCursor" Name="RecallOptionToggle" BGColor="ffffffff" TextColor="ffffffff" TooltipColor="" NormalTextColor="ffffffff" PressedTextColor="ffffffff" FlybyTextColor="ffffffff" PressedFlybyTextColor="ffffffff" DisabledTextColor="ffffffff" NewWindowDepth="1">
            <Event Name="ButtonCheck" Function="OnRecallOptionToggle"/>
            <Event Name="ButtonUncheck" Function="OnRecallOptionToggle"/>
        </Control>
        <Pixie LAnchorPoint="0" LAnchorOffset="0" TAnchorPoint="0" TAnchorOffset="0" RAnchorPoint="1" RAnchorOffset="0" BAnchorPoint="1" BAnchorOffset="0" BGColor="ffffffff" Font="CRB_InterfaceMedium" TextColor="ffc0c0c0" Text="" TextId="" Sprite="HUD_BottomBar:spr_HUD_BottomBar_RecallBase" DT_CENTER="1" DT_VCENTER="1" Line="0"/>
    </Form>
    <Form Class="Window" LAnchorPoint="0" LAnchorOffset="0" TAnchorPoint="0" TAnchorOffset="0" RAnchorPoint="0" RAnchorOffset="58" BAnchorPoint="0" BAnchorOffset="58" RelativeToClient="1" Font="Default" Text="" Template="Default" TooltipType="OnCursor" Name="RecallEntry" Border="0" Picture="1" SwallowMouseClicks="1" Moveable="0" Escapable="0" Overlapped="1" BGColor="ffffffff" TextColor="ffffffff" TooltipColor="" Tooltip="" Sprite="HUD_BottomBar:spr_HUD_BottomBar_SecondaryActionSlot" RightEdgeControlsAnchor="">
        <Control Class="ActionBarButton" Name="RecallActionBtn" ContentType="GCBar" ContentId="18" Base="Button_ActionBarBlank" RelativeToClient="1" IfHoldNoSignal="1" DT_VCENTER="1" DT_CENTER="1" NeverBringToFront="1" Picture="0" WindowSoundTemplate="ActionBarButton" BGColor="ffffffff" TextColor="ffffffff" LAnchorPoint="0" LAnchorOffset="2" TAnchorPoint="0" TAnchorOffset="2" RAnchorPoint="0" RAnchorOffset="56" BAnchorPoint="0" BAnchorOffset="56" Font="CRB_InterfaceLarge_O" IgnoreTooltipDelay="1" TooltipColor="" NewControlDepth="10" HideInEditor="0" RechargeBarLAnchorPoint="1" RechargeBarLAnchorOffset="-8" RechargeBarTAnchorPoint="0" RechargeBarTAnchorOffset="4" RechargeBarRAnchorPoint="1" RechargeBarRAnchorOffset="4" RechargeBarBAnchorPoint="1" RechargeBarBAnchorOffset="-14" RechargeBarEmptyColorAttribute="Black" RechargeBarFullColorAttribute="ffffffff" RechargeBarEmptyAttribute="WhiteFill" RechargeBarFullAttribute="sprStalker_VerticalGooPulse" Text="" TooltipType="DynamicFloater">
            <Event Name="GenerateTooltip" Function="OnGenerateTooltip"/>
            <Event Name="ButtonSignal" Function="OnRecallBtn"/>
        </Control>
    </Form>
    <Form Class="Window" LAnchorPoint="RecallFrame_Left" LAnchorOffset="-42" TAnchorPoint="RecallFrame_Top" TAnchorOffset="-225" RAnchorPoint="RecallFrame_Left" RAnchorOffset="116" BAnchorPoint="RecallFrame_Top" BAnchorOffset="35" RelativeToClient="1" Font="Default" Text="" Template="Default" TooltipType="OnCursor" Name="RecallSelectionMenu" BGColor="ffffffff" TextColor="ffffffff" TooltipColor="" IgnoreMouse="1" NoClip="1" CloseOnExternalClick="1" Overlapped="1" NewWindowDepth="1" Escapable="1" Picture="1" Sprite="BK3:sprHolo_Alert_Flyout" Tooltip="">
        <Control Class="Window" LAnchorPoint="0" LAnchorOffset="42" TAnchorPoint="0" TAnchorOffset="42" RAnchorPoint="1" RAnchorOffset="-42" BAnchorPoint="1" BAnchorOffset="-42" RelativeToClient="1" Font="Default" Text="" BGColor="UI_WindowBGDefault" TextColor="UI_WindowTextDefault" Template="Default" TooltipType="OnCursor" Name="Window" TooltipColor="" Sprite="UI_BK3_Holo_InsetSimple" Picture="1" IgnoreMouse="1" Tooltip=""/>
        <Control Class="Window" LAnchorPoint="0" LAnchorOffset="49" TAnchorPoint="0" TAnchorOffset="49" RAnchorPoint="1" RAnchorOffset="-49" BAnchorPoint="1" BAnchorOffset="-49" RelativeToClient="1" Font="Default" Text="" Template="Default" TooltipType="OnCursor" Name="Content" BGColor="ffffffff" TextColor="ffffffff" TooltipColor="" Picture="0" IgnoreMouse="1" Sprite="WhiteFill" NewControlDepth="14"/>
    </Form>
    <Form Class="Window" LAnchorPoint="0" LAnchorOffset="0" TAnchorPoint="0" TAnchorOffset="0" RAnchorPoint="0" RAnchorOffset="68" BAnchorPoint="0" BAnchorOffset="6" RelativeToClient="0" Font="Default" Text="" Template="Default" TooltipType="OnCursor" Name="EmptySpace" Border="0" Picture="0" SwallowMouseClicks="1" Moveable="0" Escapable="0" Overlapped="0" BGColor="ffffffff" TextColor="ffffffff" TooltipColor=""/>
</Forms>
