<Forms>
    <Form Class="Window" LAnchorPoint="0" LAnchorOffset="0" TAnchorPoint="0" TAnchorOffset="0" RAnchorPoint="0" RAnchorOffset="390" BAnchorPoint="0" BAnchorOffset="549" RelativeToClient="1" Font="Default" Text="" Template="CRB_Default" Name="ArchiveIndex" Border="0" Picture="0" SwallowMouseClicks="1" Moveable="0" Escapable="0" Overlapped="1" BGColor="white" TextColor="white" TextId="" DT_VCENTER="1" Visible="0" Scalable="0" Sizable="0" LeftEdgeControlsAnchor="" TopEdgeControlsAnchor="" RightEdgeControlsAnchor="" BottomEdgeControlsAnchor="" Tooltip="" TooltipColor="" IgnoreMouse="1" HideInEditor="0" Sprite="BasicSprites:WhiteFill">
        <Control Class="Window" LAnchorPoint="0" LAnchorOffset="0" TAnchorPoint="0" TAnchorOffset="96" RAnchorPoint="1" RAnchorOffset="0" BAnchorPoint="1" BAnchorOffset="0" RelativeToClient="1" Font="Default" Text="" Template="" Name="BGBackground" BGColor="white" TextColor="white" Picture="1" IgnoreMouse="1" Sprite="" HideInEditor="0" TooltipColor=""/>
        <Control Class="Window" LAnchorPoint="0" LAnchorOffset="20" TAnchorPoint="0" TAnchorOffset="22" RAnchorPoint="1" RAnchorOffset="-20" BAnchorPoint="0" BAnchorOffset="59" RelativeToClient="1" Font="Default" Text="" Template="Default" Name="BGTitle" BGColor="white" TextColor="white" TextId="" Sprite="kitHeader_MetalGrey_TitleMarked" Picture="1" IgnoreMouse="1" TooltipColor="" Visible="0" HideInEditor="1"/>
        <Control Class="Window" LAnchorPoint="0" LAnchorOffset="20" TAnchorPoint="0" TAnchorOffset="22" RAnchorPoint="1" RAnchorOffset="-20" BAnchorPoint="0" BAnchorOffset="54" RelativeToClient="1" Font="CRB_InterfaceMedium_B" Text="" Template="Default" Name="BGTitleText" BGColor="white" TextColor="UI_TextMetalBody" TextId="Archive_ArchiveIndexTitle" DT_CENTER="1" DT_VCENTER="1" TooltipColor="" LeftEdgeControlsAnchor="" Visible="0" HideInEditor="1" Tooltip=""/>
        <Control Class="Window" LAnchorPoint="0" LAnchorOffset="0" TAnchorPoint="0" TAnchorOffset="0" RAnchorPoint="1" RAnchorOffset="0" BAnchorPoint="1" BAnchorOffset="0" RelativeToClient="1" Font="Default" Text="" Template="Default" Name="ArchiveContent" BGColor="white" TextColor="white" TextId="" IgnoreMouse="1" TooltipColor="" HideInEditor="0" NewControlDepth="2">
            <Control Class="Window" LAnchorPoint="0" LAnchorOffset="9" TAnchorPoint="0" TAnchorOffset="104" RAnchorPoint="1" RAnchorOffset="-11" BAnchorPoint="1" BAnchorOffset="-10" RelativeToClient="1" Font="Default" Text="" Template="Holo_ScrollList" Name="HeaderContainer" BGColor="white" TextColor="white" VScroll="1" TextId="" Tooltip="" TooltipId="" IgnoreMouse="1" TooltipColor="" Picture="1" Border="1" UseTemplateBG="1" NewControlDepth="2" HideInEditor="0"/>
            <Control Class="Window" LAnchorPoint="0" LAnchorOffset="-2" TAnchorPoint="0" TAnchorOffset="-3" RAnchorPoint="1" RAnchorOffset="3" BAnchorPoint="0" BAnchorOffset="99" RelativeToClient="1" Font="Default" Text="" Template="Default" Name="TopRow" BGColor="white" TextColor="white" IgnoreMouse="1" Sprite="BK3:UI_BK3_Metal_Inset_Block2" Picture="1" TooltipColor="">
                <Control Class="Button" Base="CRB_Basekit:kitBtn_List_MetalBorder" Font="CRB_InterfaceSmall_O" ButtonType="Check" RadioGroup="" LAnchorPoint="0" LAnchorOffset="16" TAnchorPoint="0" TAnchorOffset="14" RAnchorPoint="1" RAnchorOffset="-241" BAnchorPoint="0" BAnchorOffset="49" DT_VCENTER="1" DT_CENTER="1" Name="TopRowShowAllFilter" BGColor="white" TextColor="white" NormalTextColor="UI_BtnTextGrayOrangeListNormal" PressedTextColor="UI_BtnTextGrayOrangeListPressed" FlybyTextColor="UI_BtnTextGrayOrangeListFlyby" PressedFlybyTextColor="UI_BtnTextGrayOrangeListPressedFlyby" DisabledTextColor="UI_BtnTextGrayOrangeListDisabled" Text="" TextId="Archive_ShowAllArticles" Tooltip="" TooltipId="Archive_ShowAllTooltip" GlobalRadioGroup="GalacticArchiveFilterType_RadioGroup" TooltipType="OnCursor" RadioDisallowNonSelection="1" RadioAlwaysSignal="1" TestAlpha="1" RelativeToClient="1" TooltipColor="">
                    <Event Name="ButtonCheck" Function="OnFilterShowAllSelect"/>
                </Control>
                <Control Class="Button" Base="CRB_Basekit:kitBtn_List_MetalBorder" Font="CRB_InterfaceSmall_O" ButtonType="Check" RadioGroup="" LAnchorPoint="0" LAnchorOffset="16" TAnchorPoint="0" TAnchorOffset="51" RAnchorPoint="1" RAnchorOffset="-241" BAnchorPoint="0" BAnchorOffset="86" DT_VCENTER="1" DT_CENTER="1" Name="TopRowUpdatedFilter" BGColor="white" TextColor="white" NormalTextColor="UI_BtnTextGrayOrangeListNormal" PressedTextColor="UI_BtnTextGrayOrangeListPressed" FlybyTextColor="UI_BtnTextGrayOrangeListFlyby" PressedFlybyTextColor="UI_BtnTextGrayOrangeListPressedFlyby" DisabledTextColor="UI_BtnTextGrayOrangeListDisabled" Text="Updated (2)" TextId="" Tooltip="" TooltipId="Archive_UpdatedTooltip" GlobalRadioGroup="GalacticArchiveFilterType_RadioGroup" TooltipType="OnCursor" RadioAlwaysSignal="1" RadioDisallowNonSelection="0" RelativeToClient="1" TestAlpha="1" TooltipColor="">
                    <Event Name="ButtonCheck" Function="OnFilterTypeSelect"/>
                    <Event Name="ButtonUncheck" Function="OnFilterTypeUnselect"/>
                </Control>
                <Control Class="Window" LAnchorPoint="1" LAnchorOffset="-237" TAnchorPoint="0" TAnchorOffset="15" RAnchorPoint="1" RAnchorOffset="-21" BAnchorPoint="1" BAnchorOffset="-9" RelativeToClient="1" Font="Default" Text="" Template="Default" Name="TypeFilterContainer" BGColor="white" TextColor="white" IgnoreMouse="1" Sprite="" AutoHideScroll="0" HScroll="0" TooltipColor=""/>
                <Control Class="Window" LAnchorPoint="0" LAnchorOffset="10" TAnchorPoint="1" TAnchorOffset="-42" RAnchorPoint="1" RAnchorOffset="-10" BAnchorPoint="1" BAnchorOffset="-10" RelativeToClient="1" Font="Default" Text="" Template="Default" Name="SearchBG" BGColor="white" TextColor="white" Sprite="CRB_Basekit:kitBase_MetalGrey_ListSmall" Picture="1" IgnoreMouse="1" HideInEditor="1" TooltipColor="" Visible="0"/>
                <Control Class="Window" LAnchorPoint="0" LAnchorOffset="0" TAnchorPoint="1" TAnchorOffset="-50" RAnchorPoint="1" RAnchorOffset="0" BAnchorPoint="1" BAnchorOffset="-2" RelativeToClient="1" Font="Default" Text="" Template="Default" Name="SearchFrame" BGColor="white" TextColor="white" Sprite="CRB_Basekit:kitInnerFrame_MetalGrey_Small" Picture="1" IgnoreMouse="1" TooltipColor="" Visible="0" HideInEditor="1"/>
                <Control Class="EditBox" LAnchorPoint="0" LAnchorOffset="16" TAnchorPoint="1" TAnchorOffset="-38" RAnchorPoint="1" RAnchorOffset="-16" BAnchorPoint="1" BAnchorOffset="-14" RelativeToClient="1" Font="CRB_InterfaceMedium_B" Text="" Template="" Name="SearchFilter" BGColor="white" TextColor="white" IgnoreMouse="1" DT_VCENTER="1" PromptTextId="CRB_Search" PromptFont="CRB_InterfaceMedium" TooltipColor="" Visible="0" HideInEditor="1">
                    <Event Name="EditBoxChanged" Function="OnNameFilterChanged"/>
                </Control>
            </Control>
        </Control>
        <Control Class="Window" LAnchorPoint="0" LAnchorOffset="0" TAnchorPoint="0" TAnchorOffset="97" RAnchorPoint="1" RAnchorOffset="0" BAnchorPoint="1" BAnchorOffset="0" RelativeToClient="1" Font="Default" Text="" Template="Default" Name="ArticleContentBlocker" BGColor="UI_AlphaPercent40" TextColor="white" LeftEdgeControlsAnchor="" TopEdgeControlsAnchor="" RightEdgeControlsAnchor="" BottomEdgeControlsAnchor="" Sprite="" Picture="1" HideInEditor="1" TooltipColor=""/>
        <Control Class="Window" LAnchorPoint="0" LAnchorOffset="0" TAnchorPoint="0" TAnchorOffset="270" RAnchorPoint="1" RAnchorOffset="0" BAnchorPoint="0" BAnchorOffset="344" RelativeToClient="1" Font="CRB_InterfaceMedium" Text="" Template="Default" Name="EmptyLabel" BGColor="white" TextColor="UI_BtnTextRedNormal" LeftEdgeControlsAnchor="" TopEdgeControlsAnchor="" RightEdgeControlsAnchor="" BottomEdgeControlsAnchor="" DT_VCENTER="0" TextId="Archive_EmptyLabel" DT_CENTER="1" Visible="0" HideInEditor="0" TooltipColor="">
            <Control Class="Button" Base="BK3:btnHolo_Blue_Med" Font="CRB_Button" ButtonType="PushButton" RadioGroup="" LAnchorPoint="0.5" LAnchorOffset="-100" TAnchorPoint="0" TAnchorOffset="9" RAnchorPoint="0.5" RAnchorOffset="100" BAnchorPoint="0" BAnchorOffset="82" DT_VCENTER="1" DT_CENTER="1" Name="EmptyLabelBtn" BGColor="white" TextColor="white" NormalTextColor="UI_BtnTextBlueNormal" PressedTextColor="white" FlybyTextColor="white" PressedFlybyTextColor="white" DisabledTextColor="white" Tooltip="" TooltipId="" Text="" TextId="Archive_ShowAllArticles" Visible="1" HideInEditor="0" TooltipColor="">
                <Event Name="ButtonSignal" Function="OnEmptyLabelBtn"/>
            </Control>
        </Control>
    </Form>
    <Form Class="Window" LAnchorPoint="0" LAnchorOffset="" TAnchorPoint="0" TAnchorOffset="0" RAnchorPoint="1" RAnchorOffset="0" BAnchorPoint="0" BAnchorOffset="75" RelativeToClient="1" Font="Default" Text="" Template="Default" Name="EntryDisplayItem" BGColor="white" TextColor="white" VScroll="0" UseTemplateBG="0" Border="0" TextId="" Overlapped="0" Sprite="" Picture="0" TooltipType="OnCursor" IgnoreTooltipDelay="0" TooltipColor="" Tooltip="">
        <Control Class="Window" LAnchorPoint="0" LAnchorOffset="0" TAnchorPoint="0" TAnchorOffset="2" RAnchorPoint="1" RAnchorOffset="0" BAnchorPoint="1" BAnchorOffset="-2" RelativeToClient="1" Font="Default" Text="" Template="Default" Name="BGArt" BGColor="white" TextColor="white" Sprite="kitBtn_List_HoloNormal" Picture="1" IgnoreMouse="1" NeverBringToFront="1" Visible="1" HideInEditor="0"/>
        <Control Class="Window" LAnchorPoint="0" LAnchorOffset="2" TAnchorPoint="0" TAnchorOffset="8" RAnchorPoint="0" RAnchorOffset="39" BAnchorPoint="0" BAnchorOffset="45" RelativeToClient="1" Font="Default" Text="" Template="Default" Name="EntryIcon" BGColor="white" TextColor="white" Picture="1" IgnoreMouse="1" Sprite="Icon_Mission_Scientist_ReverseEngineering" TooltipColor=""/>
        <Control Class="Window" LAnchorPoint="1" LAnchorOffset="-35" TAnchorPoint="0" TAnchorOffset="12" RAnchorPoint="1" RAnchorOffset="-6" BAnchorPoint="0" BAnchorOffset="41" RelativeToClient="1" Font="Default" Text="" Template="Default" TooltipType="OnCursor" Name="EntryScientistOnlyIcon" BGColor="UI_TextHoloTitle" TextColor="white" TooltipColor="UI_TextMetalGoldHighlight" IgnoreMouse="1" IgnoreTooltipDelay="1" TooltipFont="CRB_InterfaceMedium" Tooltip="" TooltipId="Archive_ScientistOnly" Picture="1" Sprite="ClientSprites:Icon_Windows_UI_CRB_Scientist" Visible="0"/>
        <Control Class="CostumeWindow" Name="EntryCostumeWindow" Mask="ui\Textures\Alphas\UI_WhiteFillAlpha.tga" NeverBringToFront="1" Camera="Target" Animated="0" BGColor="white" TextColor="white" LAnchorPoint="0" LAnchorOffset="2" TAnchorPoint="0" TAnchorOffset="8" RAnchorPoint="0" RAnchorOffset="39" BAnchorPoint="0" BAnchorOffset="45" Sprite="CRB_TargetFrameSprites:sprTF_MaskLarge" ProgressFull="CRB_TargetFrameSprites:sprTF_MaskLarge" IgnoreMouse="1" HideInEditor="1" Text=""/>
        <Control Class="Window" LAnchorPoint="0" LAnchorOffset="43" TAnchorPoint="0" TAnchorOffset="8" RAnchorPoint="1" RAnchorOffset="-8" BAnchorPoint="0" BAnchorOffset="45" RelativeToClient="1" Font="CRB_Header12" Text="" Template="Default" Name="EntryTitle" BGColor="white" TextColor="UI_TextHoloTitle" TextId="CRB_Title" AutoScaleText="0" DT_WORDBREAK="1" DT_VCENTER="1" DT_CENTER="0" Border="0" TooltipColor=""/>
        <Control Class="MLWindow" LAnchorPoint="0" LAnchorOffset="8" TAnchorPoint="0" TAnchorOffset="43" RAnchorPoint="1" RAnchorOffset="0" BAnchorPoint="1" BAnchorOffset="-10" RelativeToClient="1" Font="CRB_InterfaceMedium" Text="" Template="Default" Name="EntryText" BGColor="white" TextColor="UI_AlphaPercent95" TextId="CRB__2" TooltipType="OnCursor" IgnoreMouse="1" TooltipColor=""/>
    </Form>
    <Form Class="Window" LAnchorPoint="0" LAnchorOffset="0" TAnchorPoint="0" TAnchorOffset="0" RAnchorPoint="0" RAnchorOffset="36" BAnchorPoint="0" BAnchorOffset="36" RelativeToClient="1" Font="Default" Text="" Template="Default" Name="FilterTypeItem" SwallowMouseClicks="1" Overlapped="1" BGColor="white" TextColor="white" Sprite="" IgnoreMouse="1" TextId="" TooltipType="OnCursor" NewControlDepth="1" IgnoreTooltipDelay="0" TooltipColor="" Tooltip="">
        <Control Class="Button" Base="CRB_Basekit:kitBtn_List_MetalBorder" Font="CRB_InterfaceSmall_O" ButtonType="Check" RadioGroup="" LAnchorPoint="0" LAnchorOffset="0" TAnchorPoint="0" TAnchorOffset="0" RAnchorPoint="1" RAnchorOffset="0" BAnchorPoint="1" BAnchorOffset="0" Name="FilterTypeBtn" BGColor="white" TextColor="white" NormalTextColor="white" PressedTextColor="white" FlybyTextColor="white" PressedFlybyTextColor="white" DisabledTextColor="white" GlobalRadioGroup="GalacticArchiveFilterType_RadioGroup" RadioAlwaysSignal="1" Overlapped="0" Text="" TextId="" TooltipType="OnCursor" IgnoreMouse="0" RelativeToClient="1" NewControlDepth="1" NeverBringToFront="1" TestAlpha="1" TooltipColor="">
            <Event Name="ButtonCheck" Function="OnFilterTypeSelect"/>
            <Event Name="ButtonUncheck" Function="OnFilterTypeUnselect"/>
        </Control>
        <Control Class="Window" LAnchorPoint="0" LAnchorOffset="4" TAnchorPoint="0" TAnchorOffset="4" RAnchorPoint="1" RAnchorOffset="-4" BAnchorPoint="1" BAnchorOffset="-4" RelativeToClient="1" Font="Default" Text="" Template="Default" Name="FilterIcon" BGColor="white" TextColor="white" Sprite="" Picture="1" IgnoreMouse="1" Overlapped="0" TooltipType="OnCursor" NewControlDepth="3" IgnoreTooltipDelay="1" TooltipColor=""/>
    </Form>
    <Form Class="Window" LAnchorPoint="0" LAnchorOffset="0" TAnchorPoint="0" TAnchorOffset="0" RAnchorPoint="1" RAnchorOffset="0" BAnchorPoint="0" BAnchorOffset="59" RelativeToClient="1" Font="Default" Text="" Template="Default" Name="HeaderItem" Border="0" Picture="1" SwallowMouseClicks="1" Moveable="0" Escapable="0" Overlapped="1" BGColor="white" TextColor="white" IgnoreMouse="1" TooltipColor="">
        <Control Class="Button" Base="BK3:btnHolo_ExpandCollapse" Font="Thick" ButtonType="Check" RadioGroup="" LAnchorPoint="0" LAnchorOffset="0" TAnchorPoint="0" TAnchorOffset="0" RAnchorPoint="1" RAnchorOffset="0" BAnchorPoint="0" BAnchorOffset="51" DT_VCENTER="1" DT_CENTER="1" Name="HeaderBtn" BGColor="white" TextColor="white" NormalTextColor="white" PressedTextColor="white" FlybyTextColor="white" PressedFlybyTextColor="white" DisabledTextColor="white" RelativeToClient="1" TooltipColor="">
            <Control Class="Window" LAnchorPoint="0" LAnchorOffset="9" TAnchorPoint="0" TAnchorOffset="1" RAnchorPoint="1" RAnchorOffset="0" BAnchorPoint="0" BAnchorOffset="37" RelativeToClient="1" Font="CRB_ButtonHeader" Text="A" Template="Default" Name="HeaderBtnText" BGColor="white" TextColor="UI_TextHoloTitle" TextId="" DT_VCENTER="1" TooltipColor=""/>
            <Event Name="ButtonUp" Function="OnHeaderBtnItemClick"/>
            <Event Name="MouseEnter" Function="OnHeaderBtnMouseEnter"/>
            <Event Name="MouseExit" Function="OnHeaderBtnMouseExit"/>
            <Control Class="Window" LAnchorPoint="0" LAnchorOffset="0" TAnchorPoint="0" TAnchorOffset="0" RAnchorPoint="1" RAnchorOffset="0" BAnchorPoint="1" BAnchorOffset="0" RelativeToClient="1" Font="Default" Text="" Template="Default" Name="HeaderFlash" BGColor="UI_WindowTitleGray" TextColor="white" Sprite="" HideInEditor="0" Picture="1" IgnoreMouse="1" NewControlDepth="1" TooltipColor=""/>
        </Control>
        <Control Class="Window" LAnchorPoint="0" LAnchorOffset="10" TAnchorPoint="0" TAnchorOffset="44" RAnchorPoint="1" RAnchorOffset="-11" BAnchorPoint="1" BAnchorOffset="4" RelativeToClient="1" Font="Default" Text="" Template="Default" Name="HeaderItemContainer" BGColor="white" TextColor="white" TooltipColor=""/>
        <Pixie LAnchorPoint="0" LAnchorOffset="1" TAnchorPoint="0" TAnchorOffset="0" RAnchorPoint="1" RAnchorOffset="-2" BAnchorPoint="1" BAnchorOffset="-9" Sprite="BK3:UI_BK3_Holo_InsetHeaderThin" BGColor="white" TextColor="black" Rotation="0" Font="Default"/>
    </Form>
    <Form Class="Button" LAnchorPoint="0" LAnchorOffset="0" TAnchorPoint="0" TAnchorOffset="0" RAnchorPoint="1" RAnchorOffset="0" BAnchorPoint="0" BAnchorOffset="71" RelativeToClient="1" Font="Default" Text="" Template="" Name="ArchiveIndexItem" BGColor="white" TextColor="white" VScroll="0" UseTemplateBG="0" Border="0" TextId="" IgnoreMouse="0" Sprite="" NormalTextColor="white" PressedTextColor="white" FlybyTextColor="white" PressedFlybyTextColor="white" DisabledTextColor="white" Base="CRB_Basekit:kitBtn_List_Holo" TestAlpha="0" TooltipColor="" Tooltip="" ButtonType="Check" GlobalRadioGroup="GalacticArchive_ArchiveIndexItem_GlobalRadioGroup" RadioGroup="">
        <Control Class="Window" LAnchorPoint="0" LAnchorOffset="8" TAnchorPoint="0" TAnchorOffset="8" RAnchorPoint="0" RAnchorOffset="63" BAnchorPoint="1" BAnchorOffset="-8" RelativeToClient="1" Font="Default" Text="" Template="Default" Name="ArticleDisplayFrame" BGColor="white" TextColor="white" Picture="1" IgnoreMouse="1" Sprite="BK3:UI_BK3_Holo_InsetSimple" TooltipColor="" NewControlDepth="1">
            <Control Class="CostumeWindow" Name="ArticlePortrait" Mask="ui\Textures\Alphas\UI_WhiteFillAlpha.tga" NeverBringToFront="1" Camera="Target" Animated="0" BGColor="white" TextColor="white" LAnchorPoint="0" LAnchorOffset="3" TAnchorPoint="0" TAnchorOffset="3" RAnchorPoint="1" RAnchorOffset="-3" BAnchorPoint="1" BAnchorOffset="-3" HideInEditor="1" Sprite="CRB_TargetFrameSprites:sprTF_MaskLarge" ProgressFull="CRB_TargetFrameSprites:sprTF_MaskLarge" IgnoreMouse="1" Text="" TextId="" TooltipColor=""/>
            <Control Class="Window" LAnchorPoint="0" LAnchorOffset="3" TAnchorPoint="0" TAnchorOffset="3" RAnchorPoint="1" RAnchorOffset="-3" BAnchorPoint="1" BAnchorOffset="-3" RelativeToClient="1" Font="Default" Text="" Template="Default" Name="ArticleIcon" BGColor="white" TextColor="white" Visible="0" Picture="1" IgnoreMouse="1" Sprite="Icon_Mission_Explorer_PowerMap" TooltipColor=""/>
            <Control Class="Window" LAnchorPoint="0" LAnchorOffset="4" TAnchorPoint="0" TAnchorOffset="4" RAnchorPoint="1" RAnchorOffset="-4" BAnchorPoint="1" BAnchorOffset="-4" RelativeToClient="1" Font="Default" Text="" Template="Default" Name="ArticleTypeIcon" BGColor="UI_AlphaPercent20" TextColor="white" Sprite="ClientSprites:Icon_Guild_UI_Guild_Blueprint" Picture="1" IgnoreMouse="1" Visible="1" HideInEditor="0" TooltipType="OnCursor" TooltipColor=""/>
            <Control Class="Window" LAnchorPoint="0" LAnchorOffset="0" TAnchorPoint="0" TAnchorOffset="0" RAnchorPoint="1" RAnchorOffset="0" BAnchorPoint="1" BAnchorOffset="0" RelativeToClient="1" Font="Default" Text="" Template="CRB_Datachron" Name="NewIndicator" BGColor="UI_AlphaPercent25" TextColor="white" Sprite="" Picture="1" IgnoreMouse="1" Visible="0" TooltipType="OnCursor" TextId="" TooltipId="Archive_RecentlyUpdated" NoClip="0" NewControlDepth="1" TooltipColor="" Tooltip="" TooltipFont="CRB_InterfaceSmall_O">
                <Control Class="Window" LAnchorPoint="0" LAnchorOffset="-10" TAnchorPoint="0" TAnchorOffset="-3" RAnchorPoint="0" RAnchorOffset="25" BAnchorPoint="0" BAnchorOffset="30" RelativeToClient="1" Font="Default" Text="" Template="CRB_Datachron" Name="Icon" BGColor="white" TextColor="white" Sprite="CRB_Basekit:kitIcon_New" Picture="1" IgnoreMouse="1" Visible="1" TooltipType="OnCursor" TextId="" TooltipId="" NewControlDepth="1" TooltipColor=""/>
            </Control>
        </Control>
        <Event Name="ButtonCheck" Function="OnIndexItemCheck"/>
        <Event Name="ButtonUncheck" Function="OnIndexItemUncheck"/>
        <Control Class="Window" LAnchorPoint="0" LAnchorOffset="70" TAnchorPoint="0" TAnchorOffset="8" RAnchorPoint="1" RAnchorOffset="0" BAnchorPoint="0" BAnchorOffset="30" RelativeToClient="1" Font="CRB_InterfaceMedium" Text="Unspecified Article Titles" Template="Default" Name="ArchiveIndexItemTitle" BGColor="white" TextColor="white" TextId="" IgnoreMouse="1" AutoScaleText="0" DT_WORDBREAK="1" DT_VCENTER="0" DT_CENTER="0" TooltipColor=""/>
        <Control Class="Window" LAnchorPoint="0" LAnchorOffset="70" TAnchorPoint="0" TAnchorOffset="35" RAnchorPoint="1" RAnchorOffset="-1" BAnchorPoint="0" BAnchorOffset="55" RelativeToClient="1" Font="CRB_InterfaceTiny_BB" Text="Unlocked: --/--" Template="Default" Name="ArticleProgressText" BGColor="white" TextColor="UI_WindowTitleGray" TextId="" TooltipType="OnCursor" TooltipColor="" Visible="1" HideInEditor="0" NewControlDepth="1"/>
        <Control Class="Window" LAnchorPoint="0" LAnchorOffset="64" TAnchorPoint="1" TAnchorOffset="-33" RAnchorPoint="1" RAnchorOffset="-8" BAnchorPoint="1" BAnchorOffset="6" RelativeToClient="1" Font="Default" Text="" Template="Default" Name="ArticleProgressBG" BGColor="white" TextColor="white" Picture="1" IgnoreMouse="1" Sprite="BK3:UI_BK3_Holo_ProgressBar_BG" TooltipColor="" Tooltip="" NoClip="0">
            <Control Class="ProgressBar" Text="" LAnchorPoint="0" LAnchorOffset="18" TAnchorPoint="0" TAnchorOffset="0" RAnchorPoint="1" RAnchorOffset="-18" BAnchorPoint="1" BAnchorOffset="0" RelativeToClient="1" ProgressEmpty="" ProgressFull="BK3:UI_BK3_Holo_ProgressBar_Fill" Name="ArticleProgress" BGColor="white" TextColor="white" Font="CRB_InterfaceSmall_O" Tooltip="" TooltipId="" IgnoreMouse="1" TooltipType="OnCursor" EdgeGlow="0" Sprite="" Picture="0" HideInEditor="0" TooltipColor="" BarColor="" TooltipFont="CRB_InterfaceSmall_O"/>
        </Control>
    </Form>
    <Form Class="Window" LAnchorPoint=".32" LAnchorOffset="121" TAnchorPoint=".55" TAnchorOffset="-318" RAnchorPoint=".32" RAnchorOffset="605" BAnchorPoint=".55" BAnchorOffset="238" RelativeToClient="1" Font="Default" Text="" Template="Holo_Large" Name="ArticleDisplay" BGColor="white" TextColor="white" IgnoreMouse="1" Visible="0" NewWindowDepth="1" Sprite="" Picture="1" HideInEditor="0" TooltipColor="" NoClip="1" Moveable="1" Tooltip="" Border="1" Overlapped="1" UseTemplateBG="1">
        <Control Class="Window" LAnchorPoint="0" LAnchorOffset="-4" TAnchorPoint="0" TAnchorOffset="-5" RAnchorPoint="1" RAnchorOffset="3" BAnchorPoint="0" BAnchorOffset="81" RelativeToClient="1" Font="Default" Text="" Template="Default" TooltipType="OnCursor" Name="ArticleTitleFrame" BGColor="white" TextColor="white" TooltipColor="" Picture="1" IgnoreMouse="1" Sprite="BK3:UI_BK3_Holo_InsetFramed" NoClip="1">
            <Control Class="Window" LAnchorPoint="0" LAnchorOffset="-30" TAnchorPoint="0" TAnchorOffset="-30" RAnchorPoint="1" RAnchorOffset="30" BAnchorPoint="1" BAnchorOffset="0" RelativeToClient="1" Font="Default" Text="" Template="Default" TooltipType="OnCursor" Name="ArticleTitleFrameBG" BGColor="white" TextColor="white" TooltipColor="" Sprite="" Picture="1" IgnoreMouse="1"/>
            <Control Class="Window" LAnchorPoint="0" LAnchorOffset="9" TAnchorPoint="0" TAnchorOffset="9" RAnchorPoint="0" RAnchorOffset="78" BAnchorPoint="0" BAnchorOffset="78" RelativeToClient="1" Font="Default" Text="" Template="Default" Name="ArticleDisplayFrame" BGColor="white" TextColor="white" Sprite="kitBase_HoloBlue_SmallGreenCorners" Picture="1" IgnoreMouse="1" TooltipColor="">
                <Control Class="Window" LAnchorPoint="0" LAnchorOffset="7" TAnchorPoint="0" TAnchorOffset="7" RAnchorPoint="1" RAnchorOffset="-7" BAnchorPoint="1" BAnchorOffset="-7" RelativeToClient="1" Font="Default" Text="" Template="Default" Name="ArticleDisplayIcon" BGColor="white" TextColor="white" Picture="1" IgnoreMouse="1" TextId="" Sprite="" TooltipColor=""/>
                <Control Class="CostumeWindow" Name="ArticleDisplayCostumeWindow" Mask="ui\Textures\Alphas\UI_WhiteFillAlpha.tga" NeverBringToFront="1" Camera="Target" BGColor="white" TextColor="white" LAnchorPoint="0" LAnchorOffset="7" TAnchorPoint="0" TAnchorOffset="7" RAnchorPoint="1" RAnchorOffset="-7" BAnchorPoint="1" BAnchorOffset="-7" Sprite="CRB_TargetFrameSprites:sprTF_MaskLarge" ProgressFull="CRB_TargetFrameSprites:sprTF_MaskLarge" TooltipColor="" HideInEditor="1" Animated="1"/>
            </Control>
            <Control Class="Window" LAnchorPoint="0" LAnchorOffset="83" TAnchorPoint="0" TAnchorOffset="0" RAnchorPoint="1" RAnchorOffset="-36" BAnchorPoint="0" BAnchorOffset="43" RelativeToClient="1" Font="CRB_HeaderMedium" Text="" Template="Default" Name="ArticleTitle" BGColor="white" TextColor="UI_TextHoloTitle" TextId="Archive_LockedArticle" IgnoreMouse="1" AutoScaleText="0" DT_WORDBREAK="1" DT_VCENTER="0" DT_CENTER="0" Border="0" TooltipColor="" DT_BOTTOM="1" Tooltip=""/>
            <Control Class="Window" LAnchorPoint="0" LAnchorOffset="83" TAnchorPoint="0" TAnchorOffset="41" RAnchorPoint="1" RAnchorOffset="-36" BAnchorPoint="1" BAnchorOffset="0" RelativeToClient="1" Font="CRB_InterfaceSmall" Template="Default" Name="ArticleSubtitle" BGColor="white" TextColor="white" DT_VCENTER="0" TextId="Archive_Unspecified" Text="" LeftEdgeControlsAnchor="" TopEdgeControlsAnchor="" RightEdgeControlsAnchor="" BottomEdgeControlsAnchor="" Tooltip="" TooltipId="" Border="0" IgnoreMouse="1" DT_WORDBREAK="0" DT_RIGHT="0" TooltipColor=""/>
            <Control Class="Window" LAnchorPoint="1" LAnchorOffset="-72" TAnchorPoint="0.5" TAnchorOffset="-29" RAnchorPoint="1" RAnchorOffset="-12" BAnchorPoint="0.5" BAnchorOffset="31" RelativeToClient="1" Font="Default" Text="" Template="Default" TooltipType="OnCursor" Name="ArticleScientistOnlyIcon" BGColor="UI_AlphaPercent60" TextColor="white" TooltipColor="UI_TextMetalGoldHighlight" IgnoreMouse="1" IgnoreTooltipDelay="1" TooltipFont="CRB_InterfaceMedium" Tooltip="" TooltipId="Archive_ScientistOnly" Picture="1" Sprite="ClientSprites:Icon_Windows_UI_CRB_Scientist" Visible="1"/>
            <Control Class="Window" LAnchorPoint="1" LAnchorOffset="-32" TAnchorPoint="0.5" TAnchorOffset="-21" RAnchorPoint="1" RAnchorOffset="-2" BAnchorPoint="0.5" BAnchorOffset="9" RelativeToClient="1" Font="Default" Text="" Template="Default" TooltipType="OnCursor" Name="BackButtonInset" BGColor="white" TextColor="white" TooltipColor="" Sprite="CRB_Basekit:kitBase_HoloBlue_InsetSimpleCircle" Picture="1" IgnoreMouse="1" Visible="0" HideInEditor="1"/>
            <Control Class="Button" Base="BK3:btnHolo_Close" Font="CRB_InterfaceMedium" ButtonType="PushButton" RadioGroup="" LAnchorPoint="1" LAnchorOffset="-27" TAnchorPoint="0" TAnchorOffset="-15" RAnchorPoint="1" RAnchorOffset="15" BAnchorPoint="0" BAnchorOffset="28" Name="BackButton" BGColor="white" TextColor="white" WindowSoundTemplate="TogglePhys03" TextId="" NormalTextColor="white" PressedTextColor="white" FlybyTextColor="white" PressedFlybyTextColor="white" DisabledTextColor="white" Text="" RelativeToClient="1" HideInEditor="0" Visible="1" TooltipColor="" NoClip="1">
                <Event Name="ButtonSignal" Function="OnBack"/>
            </Control>
        </Control>
        <Control Class="Window" LAnchorPoint="0" LAnchorOffset="-4" TAnchorPoint="0" TAnchorOffset="88" RAnchorPoint="1" RAnchorOffset="3" BAnchorPoint="1" BAnchorOffset="5" RelativeToClient="1" Font="Default" Text="" Template="Holo_ScrollList" Name="ArticleScroll" BGColor="UI_AlphaPercent40" TextColor="white" VScroll="1" UseTemplateBG="1" Border="1" TextId="" IgnoreMouse="1" AutoHideScroll="0" TooltipColor="" Picture="0" Sprite="" NoClip="1" NewControlDepth="10">
            <Control Class="Window" LAnchorPoint="0" LAnchorOffset="0" TAnchorPoint="0" TAnchorOffset="0" RAnchorPoint="0" RAnchorOffset="1" BAnchorPoint="0" BAnchorOffset="10" RelativeToClient="1" Font="Default" Text="" Template="Default" TooltipType="OnCursor" Name="Padding" BGColor="white" TextColor="white" TooltipColor=""/>
            <Control Class="MLWindow" LAnchorPoint="0" LAnchorOffset="10" TAnchorPoint="0" TAnchorOffset="10" RAnchorPoint="1" RAnchorOffset="-10" BAnchorPoint="0" BAnchorOffset="10" RelativeToClient="1" Font="CRB_InterfaceMedium" Text="" Template="Default" Name="ArticleText" BGColor="white" TextColor="UI_AlphaPercent95" TextId="Archive_ExploreWorld" IgnoreMouse="1" AutoScaleText="0" DT_WORDBREAK="1" DT_VCENTER="0" DT_CENTER="0" VScroll="0" AutoHideScroll="0" Border="0" TooltipColor=""/>
            <Control Class="Window" LAnchorPoint="0" LAnchorOffset="0" TAnchorPoint="0" TAnchorOffset="0" RAnchorPoint="0" RAnchorOffset="1" BAnchorPoint="0" BAnchorOffset="10" RelativeToClient="1" Font="Default" Text="" Template="Default" TooltipType="OnCursor" Name="Padding" BGColor="white" TextColor="white" TooltipColor=""/>
            <Control Class="Window" LAnchorPoint="0" LAnchorOffset="0" TAnchorPoint="0" TAnchorOffset="92" RAnchorPoint="1" RAnchorOffset="0" BAnchorPoint="0" BAnchorOffset="172" RelativeToClient="1" Font="Default" Text="" Template="Default" Name="TitleContainer" BGColor="white" TextColor="white" TextId="" HideInEditor="0" Sprite="BK3:UI_BK3_Holo_InsetSimple" Picture="1" IgnoreMouse="1" TooltipColor="">
                <Control Class="Window" LAnchorPoint="0" LAnchorOffset="16" TAnchorPoint="0" TAnchorOffset="12" RAnchorPoint="1" RAnchorOffset="0" BAnchorPoint="0" BAnchorOffset="28" RelativeToClient="1" Font="CRB_InterfaceMedium" Text="" Template="Default" Name="TitleLabel" BGColor="white" TextColor="UI_TextHoloTitle" TextId="Archive_UnlockTitle" TooltipColor=""/>
                <Control Class="Window" LAnchorPoint="0" LAnchorOffset="16" TAnchorPoint="0" TAnchorOffset="26" RAnchorPoint="1" RAnchorOffset="-30" BAnchorPoint="0" BAnchorOffset="46" RelativeToClient="1" Font="CRB_InterfaceLarge_B" Text="" Template="Default" Name="TitleEarned" BGColor="white" TextColor="UI_TextHoloBody" TextId="CRB_Title" DT_VCENTER="1" TooltipColor=""/>
                <Control Class="Window" LAnchorPoint="1" LAnchorOffset="-34" TAnchorPoint="0" TAnchorOffset="26" RAnchorPoint="1" RAnchorOffset="-14" BAnchorPoint="0" BAnchorOffset="46" RelativeToClient="1" Font="Default" Text="" Template="Default" Name="TitleSpell" BGColor="white" TextColor="white" Picture="1" TextId="" Sprite="ClientSprites:CashIcon_Crown" TooltipType="OnCursor" IgnoreMouse="0" TooltipColor="">
                    <Event Name="MouseButtonDown" Function="YourFunctionName"/>
                </Control>
                <Control Class="Window" LAnchorPoint="0" LAnchorOffset="8" TAnchorPoint="0" TAnchorOffset="45" RAnchorPoint="1" RAnchorOffset="-8" BAnchorPoint="0" BAnchorOffset="84" RelativeToClient="1" Font="Default" Text="" Template="Default" Name="TitleProgressBarBG" BGColor="white" TextColor="white" Sprite="BK3:UI_BK3_Holo_ProgressBar_BG" Picture="1" IgnoreMouse="1" TooltipColor="" NoClip="1"/>
                <Control Class="ProgressBar" Text="" LAnchorPoint="0" LAnchorOffset="20" TAnchorPoint="0" TAnchorOffset="44" RAnchorPoint="1" RAnchorOffset="-21" BAnchorPoint="0" BAnchorOffset="83" RelativeToClient="1" DT_CENTER="1" DT_VCENTER="1" ProgressEmpty="" ProgressFull="BK3:UI_BK3_Holo_ProgressBar_Fill" Name="TitleProgressBar" BGColor="white" TextColor="white" Tooltip="" TooltipId="" TooltipType="OnCursor" ProgressFill="" TextId="CRB_1010" ProgressEdgeGlow="BK3:UI_BK3_Holo_ProgressBar_Cap" NoClipEdgeGlow="1" EdgeGlow="1" Sprite="" Picture="0" Font="CRB_InterfaceSmall" TooltipColor="" BarColor=""/>
            </Control>
            <Control Class="Window" LAnchorPoint="0" LAnchorOffset="0" TAnchorPoint="0" TAnchorOffset="172" RAnchorPoint="1" RAnchorOffset="0" BAnchorPoint="0" BAnchorOffset="232" RelativeToClient="1" Font="CRB_HeaderSmall" Text="" Template="Default" Name="EntriesContainer" BGColor="white" TextColor="white" TooltipColor="">
                <Control Class="Window" LAnchorPoint="0" LAnchorOffset="10" TAnchorPoint="0" TAnchorOffset="51" RAnchorPoint="1" RAnchorOffset="-10" BAnchorPoint="1" BAnchorOffset="20" RelativeToClient="1" Font="Default" Text="" Template="Default" Name="EntriesContainerList" BGColor="white" TextColor="white" IgnoreMouse="1" TooltipColor=""/>
                <Control Class="Window" LAnchorPoint="0" LAnchorOffset="0" TAnchorPoint="0" TAnchorOffset="27" RAnchorPoint="1" RAnchorOffset="0" BAnchorPoint="0" BAnchorOffset="47" RelativeToClient="1" Font="Default" Text="" Template="Default" Name="EntriesSeperator" BGColor="white" TextColor="white" Sprite="BK3:UI_BK3_Holo_InsetDividerBright_H" Picture="1" IgnoreMouse="1" NewControlDepth="1" TooltipColor=""/>
                <Pixie LAnchorPoint="0" LAnchorOffset="0" TAnchorPoint="0" TAnchorOffset="5" RAnchorPoint="1" RAnchorOffset="0" BAnchorPoint="0" BAnchorOffset="26" BGColor="white" Font="CRB_Header12" TextColor="UI_TextHoloTitle" Text="" TextId="Archive_ArticlesLabel" Sprite="" DT_CENTER="1" DT_VCENTER="0" DT_BOTTOM="1" Line="0"/>
            </Control>
        </Control>
    </Form>
</Forms>
