<Forms>
    <Form Class="Window" LAnchorPoint="0" LAnchorOffset="849" TAnchorPoint="0" TAnchorOffset="141" RAnchorPoint="0" RAnchorOffset="1243" BAnchorPoint="0" BAnchorOffset="546" RelativeToClient="1" Font="Default" Text="" Template="Default" Name="CircleRegistrationForm" Border="0" Picture="1" SwallowMouseClicks="1" Moveable="0" Escapable="1" Overlapped="1" BGColor="100" TextColor="white" TextId="" Visible="1" TooltipColor="" Tooltip="" CloseOnExternalClick="0" IgnoreMouse="1" NoClip="1" UseTemplateBG="0" NewWindowDepth="1" Sprite="">
        <Control Class="Window" LAnchorPoint="0" LAnchorOffset="0" TAnchorPoint="0" TAnchorOffset="0" RAnchorPoint="1" RAnchorOffset="0" BAnchorPoint="1" BAnchorOffset="0" RelativeToClient="1" Font="Default" Text="" Template="" Name="CircleRegistrationWnd" Border="0" Picture="1" SwallowMouseClicks="1" Moveable="0" Escapable="0" Overlapped="1" BGColor="white" TextColor="white" TextId="" TooltipColor="" Tooltip="" NewControlDepth="16" HideInEditor="0" Visible="1" IgnoreMouse="1" Sprite="" NoClip="1">
            <Control Class="Window" LAnchorPoint="0" LAnchorOffset="-26" TAnchorPoint="0" TAnchorOffset="-58" RAnchorPoint="1" RAnchorOffset="29" BAnchorPoint="1" BAnchorOffset="31" RelativeToClient="1" Font="Default" Text="" BGColor="UI_WindowBGDefault" TextColor="UI_WindowTextDefault" Template="Holo_Medium" TooltipType="OnCursor" Name="HoloFrame" TooltipColor="" Border="1" IgnoreMouse="1" UseTemplateBG="1" NoClip="1" NewControlDepth="3">
                <Pixie LAnchorPoint="0" LAnchorOffset="0" TAnchorPoint="0" TAnchorOffset="-5" RAnchorPoint="1" RAnchorOffset="0" BAnchorPoint="0" BAnchorOffset="100" Sprite="" BGColor="white" TextColor="UI_WindowTitleYellow" Rotation="0" Font="CRB_HeaderMedium" Text="" TextId="Circles_Register" DT_CENTER="1" DT_RIGHT="0" DT_VCENTER="0" DT_SINGLELINE="1"/>
            </Control>
            <Control Class="Window" LAnchorPoint="1" LAnchorOffset="-391" TAnchorPoint="0" TAnchorOffset="0" RAnchorPoint="1" RAnchorOffset="-5" BAnchorPoint="1" BAnchorOffset="-72" RelativeToClient="1" Font="Default" Text="" Template="Default" TooltipType="OnCursor" Name="BGArt" BGColor="white" TextColor="white" TooltipColor="" Tooltip="">
                <Control Class="Window" LAnchorPoint="0" LAnchorOffset="15" TAnchorPoint="0" TAnchorOffset="19" RAnchorPoint="1" RAnchorOffset="-15" BAnchorPoint="0" BAnchorOffset="106" RelativeToClient="1" Font="Default" Text="" Template="Default" TooltipType="OnCursor" Name="BGArt_MetalBaseTitleUnder" BGColor="white" TextColor="white" TooltipColor="" Picture="1" IgnoreMouse="1" Sprite="BK3:UI_BK3_Holo_InsetHeaderThin"/>
                <Control Class="Window" LAnchorPoint="0" LAnchorOffset="15" TAnchorPoint="0" TAnchorOffset="114" RAnchorPoint="1" RAnchorOffset="-15" BAnchorPoint="1" BAnchorOffset="0" RelativeToClient="1" Font="Default" Text="" Template="Default" TooltipType="OnCursor" Name="BGArt_MetalBaseSettings" BGColor="white" TextColor="white" TooltipColor="" Picture="1" IgnoreMouse="1" Sprite="BK3:UI_BK3_Holo_InsetSimple"/>
            </Control>
            <Control Class="Button" Base="BK3:btnHolo_Blue_Med" Font="CRB_Button" ButtonType="PushButton" RadioGroup="" LAnchorPoint="1" LAnchorOffset="-347" TAnchorPoint="1" TAnchorOffset="-77" RAnchorPoint="1" RAnchorOffset="-198" BAnchorPoint="1" BAnchorOffset="-5" DT_VCENTER="1" DT_CENTER="1" Name="RegisterBtn" BGColor="ffffffff" TextColor="white" NewControlDepth="2" WindowSoundTemplate="TogglePhys02" TextId="Pregame_Create" Text="" TooltipColor="" NormalTextColor="UI_BtnTextBlueNormal" PressedTextColor="UI_BtnTextBluePressed" FlybyTextColor="UI_BtnTextBlueFlyby" PressedFlybyTextColor="UI_BtnTextBluePressedFlyby" DisabledTextColor="UI_BtnTextBlueDisabled" TestAlpha="1">
                <Event Name="ButtonSignal" Function="OnCircleRegBtn"/>
            </Control>
            <Control Class="Button" Base="BK3:btnHolo_Red_Med" Font="CRB_Button" ButtonType="PushButton" RadioGroup="" LAnchorPoint="1" LAnchorOffset="-198" TAnchorPoint="1" TAnchorOffset="-77" RAnchorPoint="1" RAnchorOffset="-49" BAnchorPoint="1" BAnchorOffset="-5" DT_VCENTER="1" DT_CENTER="1" Name="RegisterCancelButton" BGColor="white" TextColor="white" NewControlDepth="2" WindowSoundTemplate="TogglePhys03" TextId="CRB_Cancel" Text="" TooltipColor="" NormalTextColor="UI_BtnTextRedNormal" PressedTextColor="UI_BtnTextRedPressed" FlybyTextColor="UI_BtnTextRedFlyby" PressedFlybyTextColor="UI_BtnTextRedPressedFlyby" DisabledTextColor="UI_BtnTextRedDisabled" TestAlpha="1">
                <Event Name="ButtonSignal" Function="OnClose"/>
            </Control>
            <Control Class="Button" Base="BK3:btnHolo_Close" Font="CRB_InterfaceMedium" ButtonType="PushButton" RadioGroup="" LAnchorPoint="1" LAnchorOffset="-45" TAnchorPoint="0" TAnchorOffset="-28" RAnchorPoint="1" RAnchorOffset="-3" BAnchorPoint="0" BAnchorOffset="16" DT_VCENTER="1" DT_CENTER="1" Name="RegisterCloseButton" BGColor="white" TextColor="white" NewControlDepth="2" WindowSoundTemplate="TogglePhys03" TextId="" Text="" TooltipColor="" NormalTextColor="UI_BtnTextHoloNormal" PressedTextColor="UI_BtnTextHoloPressed" FlybyTextColor="UI_BtnTextHoloFlyby" PressedFlybyTextColor="UI_BtnTextHoloPressedFlyby" DisabledTextColor="UI_BtnTextHoloDisabled" Visible="1" HideInEditor="0" NoClip="1">
                <Event Name="ButtonSignal" Function="OnClose"/>
            </Control>
            <Control Class="Window" LAnchorPoint="1" LAnchorOffset="-376" TAnchorPoint="0" TAnchorOffset="10" RAnchorPoint="1" RAnchorOffset="-20" BAnchorPoint="1" BAnchorOffset="-68" RelativeToClient="1" Font="Default" Text="" Template="Default" TooltipType="OnCursor" Name="RegistrationContent" BGColor="white" TextColor="white" TooltipColor="">
                <Control Class="Window" LAnchorPoint="0" LAnchorOffset="15" TAnchorPoint="0" TAnchorOffset="52" RAnchorPoint="1" RAnchorOffset="-14" BAnchorPoint="0" BAnchorOffset="86" RelativeToClient="1" Font="Default" Text="" Template="Default" TooltipType="OnCursor" Name="UnderPaint_Guild" BGColor="white" TextColor="white" TooltipColor="" Picture="1" IgnoreMouse="1" Sprite="BK3:UI_BK3_Holo_Snippet"/>
                <Control Class="Window" LAnchorPoint="0" LAnchorOffset="15" TAnchorPoint="0" TAnchorOffset="136" RAnchorPoint="1" RAnchorOffset="-14" BAnchorPoint="0" BAnchorOffset="170" RelativeToClient="1" Font="Default" Text="" Template="Default" TooltipType="OnCursor" Name="UnderPaint_MasterTitle" BGColor="white" TextColor="white" TooltipColor="" Picture="1" IgnoreMouse="1" Sprite="BK3:UI_BK3_Holo_Snippet"/>
                <Control Class="Window" LAnchorPoint="0" LAnchorOffset="15" TAnchorPoint="0" TAnchorOffset="208" RAnchorPoint="1" RAnchorOffset="-14" BAnchorPoint="0" BAnchorOffset="242" RelativeToClient="1" Font="Default" Text="" Template="Default" TooltipType="OnCursor" Name="UnderPaint_CouncilTitle" BGColor="white" TextColor="white" TooltipColor="" Picture="1" IgnoreMouse="1" Sprite="BK3:UI_BK3_Holo_Snippet"/>
                <Control Class="Window" LAnchorPoint="0" LAnchorOffset="15" TAnchorPoint="0" TAnchorOffset="276" RAnchorPoint="1" RAnchorOffset="-14" BAnchorPoint="0" BAnchorOffset="310" RelativeToClient="1" Font="Default" Text="" Template="Default" TooltipType="OnCursor" Name="UnderPaint_MemberTitle" BGColor="white" TextColor="white" TooltipColor="" Picture="1" IgnoreMouse="1" Sprite="BK3:UI_BK3_Holo_Snippet"/>
                <Control Class="EditBox" LAnchorPoint="0" LAnchorOffset="25" TAnchorPoint="0" TAnchorOffset="57" RAnchorPoint="1" RAnchorOffset="-50" BAnchorPoint="0" BAnchorOffset="81" RelativeToClient="1" Font="CRB_HeaderSmall" Text="" Template="Default" TooltipType="OnCursor" Name="GuildNameString" BGColor="white" TextColor="UI_TextHoloBody" TooltipColor="" TextId="" DT_VCENTER="1">
                    <Event Name="EditBoxChanging" Function="OnCircleRegNameChanging"/>
                    <Event Name="EditBoxChanged" Function="OnCircleRegNameChanging"/>
                </Control>
                <Control Class="EditBox" LAnchorPoint="0" LAnchorOffset="25" TAnchorPoint="0" TAnchorOffset="142" RAnchorPoint="1" RAnchorOffset="-51" BAnchorPoint="0" BAnchorOffset="164" RelativeToClient="1" Font="CRB_InterfaceMedium_B" Text="" Template="Default" TooltipType="OnCursor" Name="OptionString_1" BGColor="white" TextColor="white" TooltipColor="" TextId="" DT_VCENTER="1">
                    <Event Name="EditBoxChanging" Function="OnCircleRegOptionChanging"/>
                    <Event Name="EditBoxChanged" Function="OnCircleRegOptionChanging"/>
                </Control>
                <Control Class="EditBox" LAnchorPoint="0" LAnchorOffset="25" TAnchorPoint="0" TAnchorOffset="214" RAnchorPoint="1" RAnchorOffset="-51" BAnchorPoint="0" BAnchorOffset="236" RelativeToClient="1" Font="CRB_InterfaceMedium_B" Text="" Template="Default" TooltipType="OnCursor" Name="OptionString_2" BGColor="white" TextColor="white" TooltipColor="" TextId="" DT_VCENTER="1">
                    <Event Name="EditBoxChanging" Function="OnCircleRegOptionChanging"/>
                    <Event Name="EditBoxChanged" Function="OnCircleRegOptionChanging"/>
                </Control>
                <Control Class="EditBox" LAnchorPoint="0" LAnchorOffset="25" TAnchorPoint="0" TAnchorOffset="282" RAnchorPoint="1" RAnchorOffset="-51" BAnchorPoint="0" BAnchorOffset="304" RelativeToClient="1" Font="CRB_InterfaceMedium_B" Text="" Template="Default" TooltipType="OnCursor" Name="OptionString_3" BGColor="white" TextColor="white" TooltipColor="" TextId="" DT_VCENTER="1">
                    <Event Name="EditBoxChanging" Function="OnCircleRegOptionChanging"/>
                    <Event Name="EditBoxChanged" Function="OnCircleRegOptionChanging"/>
                </Control>
                <Pixie LAnchorPoint="0" LAnchorOffset="0" TAnchorPoint="0" TAnchorOffset="17" RAnchorPoint="1" RAnchorOffset="0" BAnchorPoint="1" BAnchorOffset="0" BGColor="white" Font="CRB_HeaderSmall" TextColor="UI_TextHoloTitle" Text="" TextId="Circles_NameHeader" DT_CENTER="1" DT_BOTTOM="0" Line="0"/>
                <Pixie LAnchorPoint="0" LAnchorOffset="0" TAnchorPoint="0" TAnchorOffset="113" RAnchorPoint="1" RAnchorOffset="0" BAnchorPoint="1" BAnchorOffset="0" BGColor="white" Font="CRB_InterfaceMedium" TextColor="UI_TextHoloBodyHighlight" Text="" TextId="GuildRegistration_CircleMasterTitle" DT_CENTER="1" DT_BOTTOM="0" Line="0"/>
                <Pixie LAnchorPoint="0" LAnchorOffset="0" TAnchorPoint="0" TAnchorOffset="183" RAnchorPoint="1" RAnchorOffset="0" BAnchorPoint="1" BAnchorOffset="0" BGColor="white" Font="CRB_InterfaceMedium" TextColor="UI_TextHoloBodyHighlight" Text="" TextId="GuildRegistration_CircleCouncilTitle" DT_CENTER="1" DT_BOTTOM="0" Line="0"/>
                <Pixie LAnchorPoint="0" LAnchorOffset="0" TAnchorPoint="0" TAnchorOffset="253" RAnchorPoint="1" RAnchorOffset="0" BAnchorPoint="1" BAnchorOffset="0" BGColor="white" Font="CRB_InterfaceMedium" TextColor="UI_TextHoloBodyHighlight" Text="" TextId="GuildRegistration_CircleMemberTitle" DT_CENTER="1" DT_BOTTOM="0" Line="0"/>
                <Control Class="Window" LAnchorPoint="1" LAnchorOffset="-46" TAnchorPoint="0" TAnchorOffset="58" RAnchorPoint="1" RAnchorOffset="-22" BAnchorPoint="0" BAnchorOffset="82" RelativeToClient="1" Font="Default" Text="" Template="Default" TooltipType="OnCursor" Name="InvalidInputWarning" BGColor="white" TextColor="white" TooltipColor="" Picture="1" IgnoreMouse="1" Sprite="CRB_Basekit:kitIcon_NewDisabled" Tooltip="" Visible="0" TooltipFont="CRB_InterfaceSmall_O" TooltipId="CRB_ThereIsInvalidInput"/>
            </Control>
            <Event Name="MouseButtonDown" Function="HelperClearFocus"/>
        </Control>
        <Event Name="WindowClosed" Function="OnClose"/>
        <Control Class="Window" LAnchorPoint="0" LAnchorOffset="0" TAnchorPoint="0" TAnchorOffset="-2" RAnchorPoint="1" RAnchorOffset="1" BAnchorPoint="1" BAnchorOffset="2" RelativeToClient="1" Font="Default" Text="" Template="Default" TooltipType="OnCursor" Name="AlertMessage" BGColor="white" TextColor="white" TooltipColor="" IgnoreMouse="1" Visible="1" TransitionShowHide="0" HideInEditor="1" NewControlDepth="10" Sprite="" Picture="0" Tooltip="" Border="1" UseTemplateBG="1">
            <Control Class="Window" LAnchorPoint="0" LAnchorOffset="-28" TAnchorPoint="0" TAnchorOffset="-58" RAnchorPoint="1" RAnchorOffset="29" BAnchorPoint="1" BAnchorOffset="31" RelativeToClient="1" Font="Default" Text="" BGColor="UI_WindowBGDefault" TextColor="UI_WindowTextDefault" Template="Holo_Medium" TooltipType="OnCursor" Name="HoloFrame" TooltipColor="" Border="1" IgnoreMouse="1" UseTemplateBG="1" NoClip="1" Sprite="" Picture="0"/>
            <Control Class="Window" LAnchorPoint="0.5" LAnchorOffset="-161" TAnchorPoint="0.5" TAnchorOffset="-63" RAnchorPoint="0.5" RAnchorOffset="161" BAnchorPoint="0.5" BAnchorOffset="62" RelativeToClient="1" Font="Default" Text="" Template="Default" TooltipType="OnCursor" Name="AlertMessageCenterBG" BGColor="white" TextColor="white" TooltipColor="" Picture="1" IgnoreMouse="1" Sprite="">
                <Control Class="Window" LAnchorPoint="0" LAnchorOffset="-4" TAnchorPoint="0" TAnchorOffset="-4" RAnchorPoint="1" RAnchorOffset="4" BAnchorPoint="1" BAnchorOffset="4" RelativeToClient="1" Font="Default" Text="" Template="Default" TooltipType="OnCursor" Name="AlertMessageCenterAccent" BGColor="white" TextColor="white" TooltipColor="" Picture="1" IgnoreMouse="1" Sprite="CRB_Basekit:kitAccent_Frame_OrangeStroke"/>
                <Control Class="Window" LAnchorPoint="0" LAnchorOffset="20" TAnchorPoint="0" TAnchorOffset="21" RAnchorPoint="1" RAnchorOffset="-20" BAnchorPoint="0" BAnchorOffset="49" RelativeToClient="1" Font="CRB_HeaderLarge" Text="" Template="Default" TooltipType="OnCursor" Name="MessageAlertText" BGColor="white" TextColor="ConTough" TooltipColor="" TextId="CRB__2" DT_VCENTER="0" DT_CENTER="1"/>
                <Control Class="Window" LAnchorPoint="0" LAnchorOffset="20" TAnchorPoint="0" TAnchorOffset="50" RAnchorPoint="1" RAnchorOffset="-20" BAnchorPoint="1" BAnchorOffset="-16" RelativeToClient="1" Font="CRB_InterfaceMedium" Text="" Template="Default" TooltipType="OnCursor" Name="MessageBodyText" BGColor="white" TextColor="UI_TextHoloBody" TooltipColor="" TextId="CRB__2" DT_VCENTER="0" DT_CENTER="1" DT_WORDBREAK="1"/>
            </Control>
        </Control>
    </Form>
</Forms>
