<Forms>
    <Form Class="Window" LAnchorPoint="0.5" LAnchorOffset="-454" TAnchorPoint="0" TAnchorOffset="20" RAnchorPoint="0.5" RAnchorOffset="454" BAnchorPoint="1" BAnchorOffset="-70" RelativeToClient="1" Font="Default" Text="" Template="MetalWindowSound" Name="AbilitiesBuilderForm" Border="0" Picture="0" SwallowMouseClicks="1" Moveable="1" Escapable="1" Overlapped="1" BGColor="white" TextColor="white" TextId="" Visible="0" Sizable="0" Scalable="1" TooltipColor="" Tooltip="" HideInEditor="0" TestAlpha="1">
        <Control Class="Window" LAnchorPoint="0" LAnchorOffset="20" TAnchorPoint="0" TAnchorOffset="132" RAnchorPoint="1" RAnchorOffset="-20" BAnchorPoint="1" BAnchorOffset="-20" RelativeToClient="1" Font="Default" Text="" Template="Holo_Background_General" TooltipType="OnCursor" Name="BGFramingHolo" BGColor="ffffffff" TextColor="ffffffff" TooltipColor="" Picture="1" IgnoreMouse="1" UseTemplateBG="1"/>
        <Event Name="WindowClosed" Function="OnWindowClosed"/>
        <Control Class="Window" LAnchorPoint="0" LAnchorOffset="0" TAnchorPoint="0" TAnchorOffset="0" RAnchorPoint="1" RAnchorOffset="0" BAnchorPoint="1" BAnchorOffset="0" RelativeToClient="1" Font="Default" Text="" Template="Metal_Primary_Nav" Name="BGFrame" BGColor="white" TextColor="white" Tooltip="" Picture="1" IgnoreMouse="1" Sprite="" NewControlDepth="1" TooltipColor="" NoClip="0" UseTemplateBG="1" Border="1" HideInEditor="0">
            <Control Class="Window" LAnchorPoint="0" LAnchorOffset="0" TAnchorPoint="0" TAnchorOffset="140" RAnchorPoint="1" RAnchorOffset="0" BAnchorPoint="1" BAnchorOffset="-70" RelativeToClient="1" Font="Default" Text="" Template="Default" TooltipType="OnCursor" Name="AMPBuilderMain" BGColor="white" TextColor="white" TooltipColor="" Sprite="" Picture="1" IgnoreMouse="1" DT_CENTER="1" DT_VCENTER="1" TextId="" DT_WORDBREAK="1" Visible="0" HideInEditor="0" NewControlDepth="1" Tooltip=""/>
            <Control Class="Window" LAnchorPoint="0" LAnchorOffset="0" TAnchorPoint="0" TAnchorOffset="140" RAnchorPoint="1" RAnchorOffset="0" BAnchorPoint="1" BAnchorOffset="-65" RelativeToClient="1" Font="Default" Text="" Template="Default" Name="AbilityBuilderMain" BGColor="white" TextColor="white" Picture="1" IgnoreMouse="1" Sprite="" TooltipColor="" Tooltip="" HideInEditor="0" NewControlDepth="1">
                <Control Class="Window" LAnchorPoint="0" LAnchorOffset="-1" TAnchorPoint="0" TAnchorOffset="0" RAnchorPoint="1" RAnchorOffset="0" BAnchorPoint="0" BAnchorOffset="49" RelativeToClient="1" Font="Default" Text="" Template="Default" TooltipType="OnCursor" Name="SpellFilterTabContainer" BGColor="white" TextColor="white" TooltipColor="" Sprite="BK3:UI_BK3_Metal_TabSub_BG" Picture="1" IgnoreMouse="1" HideInEditor="0" NewControlDepth="1" Border="0">
                    <Control Class="Button" Base="BK3:btnMetal_TabSub_Left" Font="CRB_ButtonHeader" ButtonType="Check" RadioGroup="AbilitiesBuilder_RadioGroup_SpellFilterTab" LAnchorPoint="0" LAnchorOffset="19" TAnchorPoint="0" TAnchorOffset="9" RAnchorPoint=".25" RAnchorOffset="9" BAnchorPoint="1" BAnchorOffset="-8" DT_VCENTER="1" DT_CENTER="1" TooltipType="OnCursor" Name="SpellFilterTab_Assault" BGColor="white" TextColor="white" TooltipColor="" NormalTextColor="UI_BtnTextHoloNormal" PressedTextColor="UI_BtnTextHoloPressed" FlybyTextColor="UI_BtnTextHoloFlyby" PressedFlybyTextColor="UI_BtnTextHoloPressedFlyby" DisabledTextColor="UI_BtnTextHoloDisabled" Text="" TextId="AbilityBuilder_Assault" GlobalRadioGroup="" RadioDisallowNonSelection="1" RelativeToClient="1" TestAlpha="1" WindowSoundTemplate="HoloButtonLarge">
                        <Control Class="Window" LAnchorPoint="0" LAnchorOffset="4" TAnchorPoint="0" TAnchorOffset="4" RAnchorPoint="1" RAnchorOffset="-4" BAnchorPoint="0" BAnchorOffset="25" RelativeToClient="1" Font="CRB_Button" Text="" Template="Default" TooltipType="OnCursor" Name="SpellFilterTabName" BGColor="white" TextColor="UI_BtnTextHoloPressed" TooltipColor="" TextId="AbilityBuilder_Assault" DT_CENTER="1" DT_VCENTER="1" Tooltip="" Visible="0" HideInEditor="1"/>
                        <Event Name="MouseEnter" Function="OnSpellFilterTabMouseEnter"/>
                        <Event Name="MouseExit" Function="OnSpellFilterTabMouseExit"/>
                        <Event Name="ButtonCheck" Function="OnRedrawFromUI"/>
                    </Control>
                    <Control Class="Button" Base="BK3:btnMetal_TabSub_Mid" Font="CRB_ButtonHeader" ButtonType="Check" RadioGroup="AbilitiesBuilder_RadioGroup_SpellFilterTab" LAnchorPoint=".25" LAnchorOffset="11" TAnchorPoint="0" TAnchorOffset="9" RAnchorPoint=".5" RAnchorOffset="0" BAnchorPoint="1" BAnchorOffset="-8" DT_VCENTER="1" DT_CENTER="1" TooltipType="OnCursor" Name="SpellFilterTab_Support" BGColor="white" TextColor="white" TooltipColor="" NormalTextColor="UI_BtnTextHoloNormal" PressedTextColor="UI_BtnTextHoloPressed" FlybyTextColor="UI_BtnTextHoloFlyby" PressedFlybyTextColor="UI_BtnTextHoloPressedFlyby" DisabledTextColor="UI_BtnTextHoloDisabled" Text="" TextId="AbilityBuilder_Support" GlobalRadioGroup="" RadioDisallowNonSelection="1" RelativeToClient="1" TestAlpha="1" Tooltip="" WindowSoundTemplate="HoloButtonLarge">
                        <Control Class="Window" LAnchorPoint="0" LAnchorOffset="4" TAnchorPoint="0" TAnchorOffset="4" RAnchorPoint="1" RAnchorOffset="-4" BAnchorPoint="0" BAnchorOffset="25" RelativeToClient="1" Font="CRB_InterfaceSmall_O" Text="" Template="Default" TooltipType="OnCursor" Name="SpellFilterTabName" BGColor="white" TextColor="UI_TextHoloBody" TooltipColor="" TextId="AMP_Support" DT_CENTER="1" DT_VCENTER="1" Visible="0" HideInEditor="1"/>
                        <Event Name="MouseEnter" Function="OnSpellFilterTabMouseEnter"/>
                        <Event Name="MouseExit" Function="OnSpellFilterTabMouseExit"/>
                        <Event Name="ButtonCheck" Function="OnRedrawFromUI"/>
                    </Control>
                    <Control Class="Button" Base="BK3:btnMetal_TabSub_Mid" Font="CRB_ButtonHeader" ButtonType="Check" RadioGroup="AbilitiesBuilder_RadioGroup_SpellFilterTab" LAnchorPoint=".5" LAnchorOffset="0" TAnchorPoint="0" TAnchorOffset="9" RAnchorPoint=".75" RAnchorOffset="-10" BAnchorPoint="1" BAnchorOffset="-8" DT_VCENTER="1" DT_CENTER="1" TooltipType="OnCursor" Name="SpellFilterTab_Utility" BGColor="white" TextColor="white" TooltipColor="" NormalTextColor="UI_BtnTextHoloNormal" PressedTextColor="UI_BtnTextHoloPressed" FlybyTextColor="UI_BtnTextHoloFlyby" PressedFlybyTextColor="UI_BtnTextHoloPressedFlyby" DisabledTextColor="UI_BtnTextHoloDisabled" Text="" TextId="AbilityBuilder_Utility" GlobalRadioGroup="" RadioDisallowNonSelection="1" RelativeToClient="1" TestAlpha="1" WindowSoundTemplate="HoloButtonLarge">
                        <Control Class="Window" LAnchorPoint="0" LAnchorOffset="4" TAnchorPoint="0" TAnchorOffset="4" RAnchorPoint="1" RAnchorOffset="-4" BAnchorPoint="0" BAnchorOffset="25" RelativeToClient="1" Font="CRB_InterfaceSmall_O" Text="" Template="Default" TooltipType="OnCursor" Name="SpellFilterTabName" BGColor="white" TextColor="UI_TextHoloBody" TooltipColor="" TextId="AbilityBuilder_Utility" DT_CENTER="1" DT_VCENTER="1" HideInEditor="1" Visible="0"/>
                        <Event Name="MouseEnter" Function="OnSpellFilterTabMouseEnter"/>
                        <Event Name="MouseExit" Function="OnSpellFilterTabMouseExit"/>
                        <Event Name="ButtonCheck" Function="OnRedrawFromUI"/>
                    </Control>
                    <Control Class="Button" Base="BK3:btnMetal_TabSub_Right" Font="CRB_ButtonHeader" ButtonType="Check" RadioGroup="AbilitiesBuilder_RadioGroup_SpellFilterTab" LAnchorPoint=".75" LAnchorOffset="-7" TAnchorPoint="0" TAnchorOffset="9" RAnchorPoint="1" RAnchorOffset="-18" BAnchorPoint="1" BAnchorOffset="-8" DT_VCENTER="1" DT_CENTER="1" TooltipType="OnCursor" Name="SpellFilterTab_Path" BGColor="white" TextColor="white" TooltipColor="" NormalTextColor="UI_BtnTextHoloNormal" PressedTextColor="UI_BtnTextHoloPressed" FlybyTextColor="UI_BtnTextHoloFlyby" PressedFlybyTextColor="UI_BtnTextHoloPressedFlyby" DisabledTextColor="UI_BtnTextHoloDisabled" Text="" TextId="AbilityBuilder_Path" GlobalRadioGroup="" RadioDisallowNonSelection="1" RelativeToClient="1" TestAlpha="1" WindowSoundTemplate="HoloButtonLarge">
                        <Control Class="Window" LAnchorPoint="0" LAnchorOffset="4" TAnchorPoint="0" TAnchorOffset="4" RAnchorPoint="1" RAnchorOffset="-4" BAnchorPoint="0" BAnchorOffset="25" RelativeToClient="1" Font="CRB_InterfaceSmall_O" Text="" Template="Default" TooltipType="OnCursor" Name="SpellFilterTabName" BGColor="white" TextColor="UI_TextHoloBody" TooltipColor="" TextId="CRB_Path" DT_CENTER="1" DT_VCENTER="1" Visible="0" HideInEditor="1"/>
                        <Event Name="MouseEnter" Function="OnSpellFilterTabMouseEnter"/>
                        <Event Name="MouseExit" Function="OnSpellFilterTabMouseExit"/>
                        <Event Name="ButtonCheck" Function="OnRedrawFromUI"/>
                    </Control>
                </Control>
                <Control Class="Window" LAnchorPoint="0" LAnchorOffset="4" TAnchorPoint="0" TAnchorOffset="46" RAnchorPoint="1" RAnchorOffset="-4" BAnchorPoint="1" BAnchorOffset="-79" RelativeToClient="1" Font="Default" Text="" Template="CRB_Scroll_HoloSmall" Name="SpellbookContainer" BGColor="white" TextColor="white" IgnoreMouse="1" HideInEditor="0" TooltipColor="" Visible="1" VScroll="1" AutoHideScroll="0" Sprite="" Picture="0" Tooltip=""/>
                <Control Class="Window" LAnchorPoint="0" LAnchorOffset="3" TAnchorPoint="1" TAnchorOffset="-96" RAnchorPoint="1" RAnchorOffset="-4" BAnchorPoint="1" BAnchorOffset="-7" RelativeToClient="1" Font="Default" Text="" Template="Default" Name="BottomContainer" BGColor="white" TextColor="white" Sprite="" Picture="1" IgnoreMouse="1" HideInEditor="0" Visible="1" TooltipColor="">
                    <Control Class="Window" LAnchorPoint="0" LAnchorOffset="0" TAnchorPoint="0" TAnchorOffset="17" RAnchorPoint="1" RAnchorOffset="0" BAnchorPoint="1" BAnchorOffset="0" RelativeToClient="1" Font="Default" Text="" Template="Holo_Inset_Callout" TooltipType="OnCursor" Name="CurrentSetSlots" BGColor="white" TextColor="white" TooltipColor="" Sprite="" TextId="" Picture="0" IgnoreMouse="1" Tooltip="" TooltipId="" Border="1" UseTemplateBG="1">
                        <Control Class="Window" LAnchorPoint="0.5" LAnchorOffset="-259" TAnchorPoint="1" TAnchorOffset="-50" RAnchorPoint="0.5" RAnchorOffset="186" BAnchorPoint="1" BAnchorOffset="0" RelativeToClient="1" Font="Default" Text="" Template="Default" Name="SlotItemContainer" BGColor="white" TextColor="white" Sprite="WhiteFill" Picture="0" IgnoreMouse="1" NewControlDepth="1" TooltipColor=""/>
                        <Pixie LAnchorPoint="0" LAnchorOffset="100" TAnchorPoint="0" TAnchorOffset="0" RAnchorPoint="1" RAnchorOffset="0" BAnchorPoint="1" BAnchorOffset="0" BGColor="white" Font="CRB_InterfaceMedium" TextColor="UI_TextHoloBodyHighlight" Text="" TextId="InterfaceMenu_Abilities" Sprite="" DT_CENTER="0" DT_VCENTER="1" Line="0"/>
                        <Control Class="Button" Base="BK3:btnHolo_Red_Small" Font="CRB_Button" ButtonType="PushButton" RadioGroup="" LAnchorPoint="0" LAnchorOffset="8" TAnchorPoint="0" TAnchorOffset="2" RAnchorPoint="0" RAnchorOffset="98" BAnchorPoint="0" BAnchorOffset="55" DT_VCENTER="1" DT_CENTER="1" TooltipType="OnCursor" Name="CurrentSetSlotsClearAll" BGColor="white" TextColor="white" TooltipColor="" NormalTextColor="UI_BtnTextRedNormal" PressedTextColor="UI_BtnTextRedPressed" FlybyTextColor="UI_BtnTextRedFlyby" PressedFlybyTextColor="UI_BtnTextRedPressedFlyby" DisabledTextColor="UI_BtnTextRedDisabled" TooltipFont="CRB_InterfaceSmall_O" Tooltip="" TooltipId="AbilitiesBuilder_ClickToClearAllAbilities" Text="" RelativeToClient="1" NewControlDepth="1" Visible="1" TextId="LevelUpUnlocks_ClearAll" TestAlpha="1" WindowSoundTemplate="HoloButtonSmall">
                            <Event Name="ButtonSignal" Function="OnCurrentSetSlotsClearAll"/>
                        </Control>
                    </Control>
                    <Control Class="Window" LAnchorPoint="0.5" LAnchorOffset="195" TAnchorPoint="0" TAnchorOffset="6" RAnchorPoint="1" RAnchorOffset="0" BAnchorPoint="1" BAnchorOffset="6" RelativeToClient="1" Font="Default" Text="" Template="Default" Name="CurrentSetPath" BGColor="white" TextColor="white" TextId="" TooltipColor="" HideInEditor="0" Visible="1" Sprite="" Picture="1" IgnoreMouse="1">
                        <Control Class="Window" LAnchorPoint="0" LAnchorOffset="72" TAnchorPoint="1" TAnchorOffset="-66" RAnchorPoint="0" RAnchorOffset="122" BAnchorPoint="1" BAnchorOffset="-16" RelativeToClient="1" Font="Default" Text="" Template="Default" Name="PathSlotItem" Border="0" Picture="1" SwallowMouseClicks="1" Moveable="0" Escapable="0" Overlapped="1" BGColor="white" TextColor="white" IgnoreMouse="1" Sprite="BK3:UI_BK3_Holo_InsetSimple" TooltipColor="">
                            <Control Class="Window" LAnchorPoint="0" LAnchorOffset="4" TAnchorPoint="0" TAnchorOffset="1" RAnchorPoint="1" RAnchorOffset="-1" BAnchorPoint="0" BAnchorOffset="21" RelativeToClient="1" Font="CRB_InterfaceSmall_O" Text="" Template="Default" Name="SlotText" BGColor="white" TextColor="white" TextId="Challenges_NoProgress" TooltipColor=""/>
                            <Control Class="AbilityItemWindow" LAnchorPoint="0" LAnchorOffset="4" TAnchorPoint="0" TAnchorOffset="4" RAnchorPoint="1" RAnchorOffset="-4" BAnchorPoint="1" BAnchorOffset="-4" RelativeToClient="1" Font="CRB_HeaderHuge" Sprite="" Text="" Template="Default" Name="SlotDisplay" BGColor="white" TextColor="white" Picture="1" DT_CENTER="1" DT_VCENTER="1" IgnoreTooltipDelay="1" ListItem="1" TooltipType="OnCursor" IgnoreMouse="1" Visible="1" TooltipColor="">
                                <Event Name="GenerateTooltip" Function="OnGenerateTooltip"/>
                            </Control>
                            <Control Class="Window" LAnchorPoint="0" LAnchorOffset="0" TAnchorPoint="0" TAnchorOffset="0" RAnchorPoint="1" RAnchorOffset="0" BAnchorPoint="1" BAnchorOffset="0" RelativeToClient="1" Font="Default" Text="" Template="Default" Name="SlotMouseCatcher" BGColor="white" TextColor="white" TooltipColor="">
                                <Event Name="MouseButtonDown" Function="OnSlotMouseDown"/>
                            </Control>
                            <Control Class="Button" Base="BK3:btnHolo_Close" Font="Thick" ButtonType="PushButton" RadioGroup="" LAnchorPoint="1" LAnchorOffset="-45" TAnchorPoint="0" TAnchorOffset="3" RAnchorPoint="1" RAnchorOffset="-3" BAnchorPoint="0" BAnchorOffset="47" DT_VCENTER="1" DT_CENTER="1" Name="SlotCloseBtn" BGColor="white" TextColor="white" NormalTextColor="white" PressedTextColor="white" FlybyTextColor="white" PressedFlybyTextColor="white" DisabledTextColor="white" Visible="0" RelativeToClient="1" Overlapped="1" NewControlDepth="1" IgnoreMouse="1" TooltipColor="" WindowSoundTemplate="HoloButtonSmall">
                                <Event Name="ButtonSignal" Function="OnSlotCloseBtnClick"/>
                            </Control>
                            <Event Name="MouseEnter" Function="SlotItemMouseEnter"/>
                            <Event Name="MouseExit" Function="SlotItemMouseExit"/>
                        </Control>
                        <Pixie LAnchorPoint="0" LAnchorOffset="0" TAnchorPoint="0" TAnchorOffset="0" RAnchorPoint="1" RAnchorOffset="-22" BAnchorPoint="1" BAnchorOffset="0" BGColor="white" Font="CRB_InterfaceMedium" TextColor="UI_TextHoloBody" Text="" TextId="InputAction_PathScan" DT_CENTER="0" Line="0" DT_VCENTER="1"/>
                    </Control>
                    <Control Class="Window" LAnchorPoint="1" LAnchorOffset="0" TAnchorPoint="0" TAnchorOffset="0" RAnchorPoint="1" RAnchorOffset="89" BAnchorPoint="1" BAnchorOffset="0" RelativeToClient="1" Font="Default" Text="" Template="Default" Name="HiddenGadgetSlot" BGColor="white" TextColor="white" TextId="" TooltipColor="" HideInEditor="0" Visible="0" Sprite="CRB_Basekit:kitInnerFrame_MetalGrey_Medium" Picture="1" IgnoreMouse="1">
                        <Control Class="Window" LAnchorPoint="0" LAnchorOffset="20" TAnchorPoint="1" TAnchorOffset="-65" RAnchorPoint="0" RAnchorOffset="70" BAnchorPoint="1" BAnchorOffset="-15" RelativeToClient="1" Font="Default" Text="" Template="Default" Name="GadgetSlotItem" Border="0" Picture="1" SwallowMouseClicks="1" Moveable="0" Escapable="0" Overlapped="1" BGColor="white" TextColor="white" IgnoreMouse="1" Sprite="CRB_Basekit:kitBase_MetalGrey_IconLarge" TooltipColor="">
                            <Control Class="Window" LAnchorPoint="0" LAnchorOffset="6" TAnchorPoint="0" TAnchorOffset="4" RAnchorPoint="1" RAnchorOffset="-6" BAnchorPoint="0" BAnchorOffset="24" RelativeToClient="1" Font="Default" Text="" Template="Default" Name="SlotText" BGColor="white" TextColor="white" TextId="Challenges_NoProgress" TooltipColor=""/>
                            <Control Class="AbilityItemWindow" LAnchorPoint="0" LAnchorOffset="4" TAnchorPoint="0" TAnchorOffset="4" RAnchorPoint="1" RAnchorOffset="-4" BAnchorPoint="1" BAnchorOffset="-4" RelativeToClient="1" Font="CRB_HeaderHuge" Sprite="" Text="" Template="Default" Name="SlotDisplay" BGColor="white" TextColor="white" Picture="1" DT_CENTER="1" DT_VCENTER="1" IgnoreTooltipDelay="1" ListItem="1" TooltipType="OnCursor" IgnoreMouse="1" Visible="1" TooltipColor="">
                                <Event Name="GenerateTooltip" Function="OnGenerateTooltip"/>
                            </Control>
                            <Control Class="Window" LAnchorPoint="0" LAnchorOffset="0" TAnchorPoint="0" TAnchorOffset="0" RAnchorPoint="1" RAnchorOffset="0" BAnchorPoint="1" BAnchorOffset="0" RelativeToClient="1" Font="Default" Text="" Template="Default" Name="SlotMouseCatcher" BGColor="white" TextColor="white" TooltipColor="">
                                <Event Name="MouseButtonDown" Function="OnSlotMouseDown"/>
                            </Control>
                            <Control Class="Button" Base="CRB_Basekit:kitBtn_Holo_Close2" Font="Thick" ButtonType="PushButton" RadioGroup="" LAnchorPoint="1" LAnchorOffset="-15" TAnchorPoint="0" TAnchorOffset="3" RAnchorPoint="1" RAnchorOffset="0" BAnchorPoint="0" BAnchorOffset="18" DT_VCENTER="1" DT_CENTER="1" Name="SlotCloseBtn" BGColor="white" TextColor="white" NormalTextColor="white" PressedTextColor="white" FlybyTextColor="white" PressedFlybyTextColor="white" DisabledTextColor="white" Visible="0" RelativeToClient="1" Overlapped="1" NewControlDepth="1" IgnoreMouse="1" TooltipColor="">
                                <Event Name="ButtonSignal" Function="OnSlotCloseBtnClick"/>
                            </Control>
                            <Event Name="MouseEnter" Function="SlotItemMouseEnter"/>
                            <Event Name="MouseExit" Function="SlotItemMouseExit"/>
                        </Control>
                        <Pixie LAnchorPoint="0" LAnchorOffset="0" TAnchorPoint="0" TAnchorOffset="15" RAnchorPoint="1" RAnchorOffset="0" BAnchorPoint="0" BAnchorOffset="35" BGColor="white" Font="CRB_InterfaceSmall" TextColor="UI_TextHoloBody" Text="" TextId="CRB_Path" DT_CENTER="1" Line="0"/>
                    </Control>
                </Control>
            </Control>
            <Control Class="Window" LAnchorPoint="0" LAnchorOffset="0" TAnchorPoint="0" TAnchorOffset="140" RAnchorPoint="1" RAnchorOffset="0" BAnchorPoint="1" BAnchorOffset="-65" RelativeToClient="1" Font="Default" Text="" Template="HoloWindowSound" TooltipType="OnCursor" Name="ErrorContainer" BGColor="UI_AlphaPercent85" TextColor="white" TooltipColor="" Picture="1" IgnoreMouse="0" Sprite="BK3:UI_BK3_Metal_Framing_BlockerFull" TransitionShowHide="1" HideInEditor="0" Visible="0" NewWindowDepth="1" Tooltip="" SwallowMouseClicks="1">
                <Control Class="Window" LAnchorPoint="0.5" LAnchorOffset="-125" TAnchorPoint="0.5" TAnchorOffset="-125" RAnchorPoint="0.5" RAnchorOffset="125" BAnchorPoint="0.5" BAnchorOffset="-10" RelativeToClient="1" Font="CRB_InterfaceSmall_O" Text="" Template="Default" TooltipType="OnCursor" Name="ErrorContainerMiddleBG" BGColor="white" TextColor="white" TooltipColor="" Picture="1" IgnoreMouse="1" Sprite="CRB_Basekit:kitBase_HoloBlue_Tiny" DT_CENTER="1" DT_VCENTER="1" DT_WORDBREAK="1">
                    <Control Class="Window" LAnchorPoint="0" LAnchorOffset="16" TAnchorPoint="0" TAnchorOffset="16" RAnchorPoint="1" RAnchorOffset="-16" BAnchorPoint="1" BAnchorOffset="-16" RelativeToClient="1" Font="CRB_InterfaceSmall" Text="" Template="Default" TooltipType="OnCursor" Name="ErrorContainerText" BGColor="white" TextColor="UI_BtnTextRedNormal" TooltipColor="" DT_CENTER="1" DT_VCENTER="1" TextId="Challenges_NoProgress" DT_WORDBREAK="1"/>
                    <Control Class="Button" Base="BK3:btnHolo_Close" Font="Thick" ButtonType="PushButton" RadioGroup="" LAnchorPoint="1" LAnchorOffset="-33" TAnchorPoint="0" TAnchorOffset="3" RAnchorPoint="1" RAnchorOffset="-2" BAnchorPoint="0" BAnchorOffset="34" DT_VCENTER="1" DT_CENTER="1" TooltipType="OnCursor" Name="ErrorContainerHideBtn" BGColor="white" TextColor="white" TooltipColor="" NormalTextColor="white" PressedTextColor="white" FlybyTextColor="white" PressedFlybyTextColor="white" DisabledTextColor="white">
                        <Event Name="ButtonSignal" Function="OnErrorContainerHideBtn"/>
                    </Control>
                </Control>
            </Control>
            <Control Class="Window" LAnchorPoint="0" LAnchorOffset="-3" TAnchorPoint="0" TAnchorOffset="48" RAnchorPoint="1" RAnchorOffset="3" BAnchorPoint="0" BAnchorOffset="124" RelativeToClient="1" Font="Default" Text="" Template="Default" TooltipType="OnCursor" Name="BGTopContainer" BGColor="white" TextColor="white" TooltipColor="" Picture="1" IgnoreMouse="1" Sprite="" DT_CENTER="1" DT_VCENTER="1" TextId="" HideInEditor="0" NoClip="1">
                <Control Class="Button" Base="BK3:btnMetal_TabMainLeft" Font="CRB_ButtonHeader" ButtonType="Check" RadioGroup="RadioGroup_AbilitiesBuilder_ABvsAmp" LAnchorPoint="0" LAnchorOffset="0" TAnchorPoint="0" TAnchorOffset="0" RAnchorPoint="0.5" RAnchorOffset="0" BAnchorPoint="1" BAnchorOffset="0" DT_VCENTER="1" DT_CENTER="1" Name="AbilityBuilderTabBtn" BGColor="white" TextColor="white" HideInEditor="0" TextId="InterfaceMenu_Abilities" NormalTextColor="UI_BtnTextGoldListNormal" PressedTextColor="UI_BtnTextGoldListPressed" FlybyTextColor="UI_BtnTextGoldListFlyby" PressedFlybyTextColor="UI_BtnTextGoldListPressedFlyby" DisabledTextColor="UI_BtnTextGoldListDisabled" GlobalRadioGroup="" Text="" RadioDisallowNonSelection="1" TooltipColor="" Tooltip="" RelativeToClient="1" TestAlpha="1" WindowSoundTemplate="MetalButtonLarge">
                    <Event Name="ButtonCheck" Function="OnAbilitiesTabCheck"/>
                </Control>
                <Control Class="Button" Base="BK3:btnMetal_TabMainRight" Font="CRB_ButtonHeader" ButtonType="Check" RadioGroup="RadioGroup_AbilitiesBuilder_ABvsAmp" LAnchorPoint=".5" LAnchorOffset="0" TAnchorPoint="0" TAnchorOffset="0" RAnchorPoint="1" RAnchorOffset="0" BAnchorPoint="1" BAnchorOffset="0" DT_VCENTER="1" DT_CENTER="1" Name="AMPTabBtn" BGColor="white" TextColor="white" HideInEditor="0" TextId="AbilityBuilder_Amps" NormalTextColor="UI_BtnTextGoldListNormal" PressedTextColor="UI_BtnTextGoldListPressed" FlybyTextColor="UI_BtnTextGoldListFlyby" PressedFlybyTextColor="UI_BtnTextGoldListPressedFlyby" DisabledTextColor="UI_BtnTextGoldListDisabled" GlobalRadioGroup="" Text="" RadioDisallowNonSelection="1" TooltipColor="" RelativeToClient="1" TestAlpha="1" WindowSoundTemplate="MetalButtonLarge">
                    <Event Name="ButtonCheck" Function="OnAmpTabCheck"/>
                </Control>
            </Control>
            <Control Class="Window" LAnchorPoint="0" LAnchorOffset="-1" TAnchorPoint="1" TAnchorOffset="-64" RAnchorPoint="1" RAnchorOffset="3" BAnchorPoint="1" BAnchorOffset="4" RelativeToClient="1" Font="Default" Text="" Template="Default" Name="BGFrameBottom" BGColor="white" TextColor="white" Picture="1" IgnoreMouse="1" Sprite="BK3:UI_BK3_Metal_Footer_Large" HideInEditor="0" NoClip="1" TooltipColor="">
                <Control Class="Button" Base="CRB_Basekit:kitBtn_Metal_LargeGreen" Font="CRB_Button" ButtonType="PushButton" RadioGroup="" LAnchorPoint="1" LAnchorOffset="-325" TAnchorPoint="0" TAnchorOffset="13" RAnchorPoint="1" RAnchorOffset="-175" BAnchorPoint="0" BAnchorOffset="62" DT_VCENTER="1" DT_CENTER="1" Name="SetActivateBtn" BGColor="white" TextColor="white" NormalTextColor="UI_BtnTextGreenNormal" PressedTextColor="UI_BtnTextGreenPressed" FlybyTextColor="UI_BtnTextGreenFlyby" PressedFlybyTextColor="UI_BtnTextGreenPressedFlyby" DisabledTextColor="UI_BtnTextGreenDisabled" Text="" TextId="AbilityBuilder_UseSet" RelativeToClient="1" NeverBringToFront="1" TooltipColor="" WindowSoundTemplate="MetalButtonSmall">
                    <Event Name="ButtonSignal" Function="OnSetActivateClick"/>
                </Control>
                <Control Class="Button" Base="CRB_Basekit:kitBtn_Metal_LargeRed" Font="CRB_Button" ButtonType="PushButton" RadioGroup="" LAnchorPoint="1" LAnchorOffset="-165" TAnchorPoint="0" TAnchorOffset="13" RAnchorPoint="1" RAnchorOffset="-15" BAnchorPoint="0" BAnchorOffset="62" DT_VCENTER="1" DT_CENTER="1" Name="SetResetBtn" BGColor="white" TextColor="white" NormalTextColor="UI_BtnTextRedNormal" PressedTextColor="UI_BtnTextRedPressed" FlybyTextColor="UI_BtnTextRedFlyby" PressedFlybyTextColor="UI_BtnTextRedPressedFlyby" DisabledTextColor="UI_BtnTextRedDisabled" Text="" TextId="AbilityBuilder_UndoChanges" RelativeToClient="1" NeverBringToFront="1" TooltipColor="" WindowSoundTemplate="MetalButtonSmall">
                    <Event Name="ButtonSignal" Function="OnSetResetClick"/>
                </Control>
            </Control>
            <Control Class="Window" LAnchorPoint=".5" LAnchorOffset="-100" TAnchorPoint="0" TAnchorOffset="28" RAnchorPoint=".5" RAnchorOffset="100" BAnchorPoint="0" BAnchorOffset="64" RelativeToClient="1" Font="CRB_HeaderMedium" Text="" Template="Default" TooltipType="OnCursor" Name="WindowTitle" BGColor="ffffffff" TextColor="UI_BtnTextGoldListFlyby" TooltipColor="" Sprite="BK3:sprMetal_Framing_Header" Picture="1" IgnoreMouse="1" TextId="InterfaceMenu_AbilityBuilder" DT_VCENTER="1" DT_CENTER="1"/>
            <Control Class="Button" Base="CRB_Basekit:kitBtn_Close" Font="Thick" ButtonType="PushButton" RadioGroup="" LAnchorPoint="1" LAnchorOffset="-21" TAnchorPoint="0" TAnchorOffset="23" RAnchorPoint="1" RAnchorOffset="6" BAnchorPoint="0" BAnchorOffset="52" DT_VCENTER="1" DT_CENTER="1" Name="CloseButton" BGColor="white" TextColor="white" NewControlDepth="2" WindowSoundTemplate="CloseWindowPhys" Text="" TextId="" NormalTextColor="white" PressedTextColor="white" FlybyTextColor="white" PressedFlybyTextColor="white" DisabledTextColor="white" TooltipColor="" RelativeToClient="1" NoClip="1">
                <Event Name="ButtonSignal" Function="OnClose"/>
            </Control>
        </Control>
        <Control Class="Window" LAnchorPoint="0" LAnchorOffset="0" TAnchorPoint="0" TAnchorOffset="0" RAnchorPoint="1" RAnchorOffset="0" BAnchorPoint="1" BAnchorOffset="0" RelativeToClient="1" Font="Default" Text="" Template="Default" TooltipType="OnCursor" Name="BGPointsContainer" BGColor="ffffffff" TextColor="ffffffff" TooltipColor="" IgnoreMouse="1" NewWindowDepth="1" HideInEditor="0">
            <Control Class="Window" LAnchorPoint="0" LAnchorOffset="10" TAnchorPoint="0" TAnchorOffset="137" RAnchorPoint="1" RAnchorOffset="-27" BAnchorPoint="1" BAnchorOffset="-18" RelativeToClient="1" Font="Default" Text="" Template="Default" TooltipType="OnCursor" Name="PointsFraming" BGColor="ffffffff" TextColor="ffffffff" TooltipColor="" Sprite="Abilities:AbilitiesFraming" Picture="1" IgnoreMouse="1" HideInEditor="0" Visible="1" NewControlDepth="1"/>
            <Control Class="Window" LAnchorPoint="0" LAnchorOffset="38" TAnchorPoint="1" TAnchorOffset="-81" RAnchorPoint="0" RAnchorOffset="153" BAnchorPoint="1" BAnchorOffset="2" RelativeToClient="1" Font="CRB_Interface10_B" Text="" Template="Default" TooltipType="OnCursor" Name="SpellbookAbilityPointsBG" BGColor="white" TextColor="UI_TextHoloTitle" TooltipColor="" Picture="1" IgnoreMouse="1" Sprite="" TextId="ABV_MultiplePoints" NewControlDepth="1" Visible="1" HideInEditor="0" DT_CENTER="1">
                <Control Class="Window" LAnchorPoint="0" LAnchorOffset="0" TAnchorPoint="0" TAnchorOffset="17" RAnchorPoint="0.5" RAnchorOffset="-4" BAnchorPoint="1" BAnchorOffset="0" RelativeToClient="1" Font="CRB_HeaderGigantic" Text="" Template="Default" TooltipType="OnCursor" Name="SpellbookAbilityPointsTextBig" BGColor="white" TextColor="UI_WindowTitleGray" TooltipColor="" DT_CENTER="0" TextId="CRB_0" Picture="1" Sprite="" Visible="1" HideInEditor="0" IgnoreMouse="1" Tooltip="" DT_RIGHT="1"/>
                <Control Class="Window" LAnchorPoint="0.5" LAnchorOffset="-4" TAnchorPoint="0" TAnchorOffset="28" RAnchorPoint="1" RAnchorOffset="0" BAnchorPoint="1" BAnchorOffset="0" RelativeToClient="1" Font="CRB_HeaderTiny" Text="" Template="Default" TooltipType="OnCursor" Name="SpellbookAbilityPointsTextSmall" BGColor="white" TextColor="ff56b381" TooltipColor="" DT_CENTER="0" TextId="Challenges_NoProgress" Picture="1" Sprite="" Visible="1" HideInEditor="0" IgnoreMouse="1" Tooltip=""/>
                <Control Class="Button" Base="CRB_ChallengeTrackerSprites:btnChallengeClose" Font="Thick" ButtonType="PushButton" RadioGroup="" LAnchorPoint="1" LAnchorOffset="-20" TAnchorPoint="0" TAnchorOffset="1" RAnchorPoint="1" RAnchorOffset="0" BAnchorPoint="0" BAnchorOffset="21" DT_VCENTER="1" DT_CENTER="1" TooltipType="OnCursor" Name="SpellbookAbilityPointsReset" BGColor="white" TextColor="white" TooltipColor="" NormalTextColor="white" PressedTextColor="white" FlybyTextColor="white" PressedFlybyTextColor="white" DisabledTextColor="white" TooltipFont="CRB_InterfaceSmall_O" Tooltip="" TooltipId="AbilityBuilder_ResetTooltip" Text="" RelativeToClient="1" NewControlDepth="1" Visible="0" HideInEditor="1">
                    <Event Name="ButtonSignal" Function="OnSpellbookAbilityPointsReset"/>
                </Control>
            </Control>
            <Control Class="Window" LAnchorPoint="0" LAnchorOffset="175" TAnchorPoint="1" TAnchorOffset="-81" RAnchorPoint="0" RAnchorOffset="290" BAnchorPoint="1" BAnchorOffset="2" RelativeToClient="1" Font="CRB_Interface10_B" Text="" Template="Default" TooltipType="OnCursor" Name="AMPPoints" BGColor="white" TextColor="UI_TextHoloTitle" TooltipColor="" Picture="1" IgnoreMouse="1" Sprite="" TextId="AbilitiesBuilder_AMPPointsLabel" NewControlDepth="1" Visible="1" HideInEditor="0" DT_CENTER="1">
                <Control Class="Window" LAnchorPoint="0" LAnchorOffset="0" TAnchorPoint="0" TAnchorOffset="17" RAnchorPoint="0.5" RAnchorOffset="-4" BAnchorPoint="1" BAnchorOffset="0" RelativeToClient="1" Font="CRB_HeaderGigantic" Text="" Template="Default" TooltipType="OnCursor" Name="AMPPointsTextBig" BGColor="white" TextColor="UI_WindowTitleGray" TooltipColor="" DT_CENTER="0" TextId="CRB_0" Picture="1" Sprite="" Visible="1" HideInEditor="0" IgnoreMouse="1" Tooltip="" DT_RIGHT="1"/>
                <Control Class="Window" LAnchorPoint="0.5" LAnchorOffset="-4" TAnchorPoint="0" TAnchorOffset="28" RAnchorPoint="1" RAnchorOffset="0" BAnchorPoint="1" BAnchorOffset="0" RelativeToClient="1" Font="CRB_HeaderTiny" Text="" Template="Default" TooltipType="OnCursor" Name="AMPPointsTextSmall" BGColor="white" TextColor="ff56b381" TooltipColor="" DT_CENTER="0" TextId="Challenges_NoProgress" Picture="1" Sprite="" Visible="1" HideInEditor="0" IgnoreMouse="1" Tooltip=""/>
            </Control>
            <Control Class="Window" LAnchorPoint="0.5" LAnchorOffset="-115" TAnchorPoint="1" TAnchorOffset="-71" RAnchorPoint="0.5" RAnchorOffset="85" BAnchorPoint="1" BAnchorOffset="-38" RelativeToClient="1" Font="Default" Text="" Template="Default" TooltipType="OnCursor" Name="BGTitleSet" BGColor="white" TextColor="white" TooltipColor="" Sprite="BK3:UI_BK3_Holo_Snippet" Picture="1" IgnoreMouse="1" NewControlDepth="2">
                <Control Class="Window" LAnchorPoint="0" LAnchorOffset="0" TAnchorPoint="0" TAnchorOffset="0" RAnchorPoint="1" RAnchorOffset="0" BAnchorPoint="1" BAnchorOffset="0" RelativeToClient="1" Font="CRB_InterfaceSmall" Text="" Template="Default" TooltipType="OnCursor" Name="SetName" BGColor="white" TextColor="UI_TextHoloBody" TooltipColor="" TextId="" DT_CENTER="1" Tooltip="" DT_VCENTER="1" Sprite=""/>
                <Control Class="Button" Base="btnCircuit_Holo_LeftArrow" Font="Thick" ButtonType="PushButton" RadioGroup="" LAnchorPoint="0" LAnchorOffset="0" TAnchorPoint="0" TAnchorOffset="0" RAnchorPoint="0" RAnchorOffset="36" BAnchorPoint="1" BAnchorOffset="0" DT_VCENTER="1" DT_CENTER="1" TooltipType="OnCursor" Name="SetLeftBtn" BGColor="white" TextColor="white" TooltipColor="" NormalTextColor="white" PressedTextColor="white" FlybyTextColor="white" PressedFlybyTextColor="white" DisabledTextColor="white" Text="" TooltipFont="CRB_InterfaceSmall_O" Tooltip="" TooltipId="AbilityBuilder_ChangeSetTooltip" WindowSoundTemplate="HoloButtonSmall">
                    <Event Name="ButtonSignal" Function="OnSetLeftBtn"/>
                </Control>
                <Control Class="Button" Base="btnCircuit_Holo_RightArrow" Font="Thick" ButtonType="PushButton" RadioGroup="" LAnchorPoint="1" LAnchorOffset="-36" TAnchorPoint="0" TAnchorOffset="0" RAnchorPoint="1" RAnchorOffset="0" BAnchorPoint="1" BAnchorOffset="0" DT_VCENTER="1" DT_CENTER="1" TooltipType="OnCursor" Name="SetRightBtn" BGColor="white" TextColor="white" TooltipColor="" NormalTextColor="white" PressedTextColor="white" FlybyTextColor="white" PressedFlybyTextColor="white" DisabledTextColor="white" Tooltip="" TooltipId="AbilityBuilder_ChangeSetTooltip" TooltipFont="CRB_InterfaceSmall_O" WindowSoundTemplate="HoloButtonSmall">
                    <Event Name="ButtonSignal" Function="OnSetRightBtn"/>
                </Control>
            </Control>
        </Control>
        <Control Class="Window" LAnchorPoint="0" LAnchorOffset="27" TAnchorPoint="0" TAnchorOffset="137" RAnchorPoint="1" RAnchorOffset="-27" BAnchorPoint="1" BAnchorOffset="-94" RelativeToClient="1" Font="Default" Text="" Template="Default" TooltipType="OnCursor" Name="LeaveConfirmationContainer" BGColor="UI_AlphaPercent85" TextColor="white" TooltipColor="" Picture="1" IgnoreMouse="0" Sprite="BK3:UI_BK3_Metal_Framing_BlockerFull" TransitionShowHide="1" HideInEditor="0" Visible="0" NewWindowDepth="1" Tooltip="" SwallowMouseClicks="1" TooltipFont="CRB_InterfaceSmall_O" TooltipId="AbilityBuilder_TooltipBlocker">
            <Control Class="Window" LAnchorPoint="0.5" LAnchorOffset="-150" TAnchorPoint="0.5" TAnchorOffset="-125" RAnchorPoint="0.5" RAnchorOffset="150" BAnchorPoint="0.5" BAnchorOffset="38" RelativeToClient="1" Font="CRB_InterfaceSmall_O" Text="" Template="Default" TooltipType="OnCursor" Name="LeaveConfirmationMiddleBG" BGColor="white" TextColor="white" TooltipColor="" Picture="1" IgnoreMouse="1" Sprite="BK3:sprHolo_Alert_Confirm" DT_CENTER="1" DT_VCENTER="1" DT_WORDBREAK="1" Tooltip="">
                <Control Class="Button" Base="BK3:btnHolo_Red_Small" Font="CRB_Button" ButtonType="PushButton" RadioGroup="" LAnchorPoint="0" LAnchorOffset="150" TAnchorPoint="0" TAnchorOffset="88" RAnchorPoint="0.5" RAnchorOffset="97" BAnchorPoint="1" BAnchorOffset="-22" DT_VCENTER="1" DT_CENTER="1" TooltipType="OnCursor" Name="LeaveConfirmationYes" BGColor="ConHard" TextColor="white" TooltipColor="" NormalTextColor="UI_BtnTextRedNormal" PressedTextColor="UI_BtnTextRedPressed" FlybyTextColor="UI_BtnTextRedFlyby" PressedFlybyTextColor="UI_BtnTextRedPressedFlyby" DisabledTextColor="UI_BtnTextRedDisabled" Text="" TextId="ArenaRoster_Leave" WindowSoundTemplate="HoloButtonSmall">
                    <Event Name="ButtonSignal" Function="OnLeaveConfirmationYes"/>
                </Control>
                <Control Class="Button" Base="BK3:btnHolo_Blue_Small" Font="CRB_Button" ButtonType="PushButton" RadioGroup="" LAnchorPoint="0.5" LAnchorOffset="-99" TAnchorPoint="0" TAnchorOffset="87" RAnchorPoint="1" RAnchorOffset="-151" BAnchorPoint="1" BAnchorOffset="-23" DT_VCENTER="1" DT_CENTER="1" TooltipType="OnCursor" Name="LeaveConfirmationNo" BGColor="white" TextColor="white" TooltipColor="" NormalTextColor="UI_BtnTextHoloNormal" PressedTextColor="UI_BtnTextHoloPressed" FlybyTextColor="UI_BtnTextHoloFlyby" PressedFlybyTextColor="UI_BtnTextHoloPressedFlyby" DisabledTextColor="UI_BtnTextHoloDisabled" Text="" TextId="CRB_Back" WindowSoundTemplate="HoloButtonSmall">
                    <Event Name="ButtonSignal" Function="OnLeaveConfirmationNo"/>
                </Control>
                <Control Class="Window" LAnchorPoint="0" LAnchorOffset="55" TAnchorPoint="0" TAnchorOffset="28" RAnchorPoint="1" RAnchorOffset="-55" BAnchorPoint="0" BAnchorOffset="88" RelativeToClient="1" Font="CRB_InterfaceMedium" Text="" BGColor="UI_WindowBGDefault" TextColor="UI_BtnTextRedNormal" Template="Holo_TextCallout" TooltipType="OnCursor" Name="Window" TooltipColor="" TextId="AbilityBuilder_BuildNotSaved" Picture="0" IgnoreMouse="1" UseTemplateBG="1" Border="1" DT_WORDBREAK="1" DT_VCENTER="1" DT_CENTER="1"/>
            </Control>
        </Control>
    </Form>
    <Form Class="ActionBarButton" LAnchorPoint="0" LAnchorOffset="0" TAnchorPoint="0" TAnchorOffset="0" RAnchorPoint="0" RAnchorOffset="0" BAnchorPoint="0" BAnchorOffset="0" RelativeToClient="1" Font="Default" Text="" Template="Default" Name="SampleActionBarButton" Border="1" Picture="1" SwallowMouseClicks="1" Moveable="1" Escapable="1" Overlapped="1" BGColor="white" TextColor="white" Visible="0" ContentType="LASBar" ContentId="0" Base="Button_ActionBarBlank" TooltipColor="" Tooltip=""/>
    <Form Class="Window" LAnchorPoint="0" LAnchorOffset="0" TAnchorPoint="0" TAnchorOffset="0" RAnchorPoint="0" RAnchorOffset="53" BAnchorPoint="0" BAnchorOffset="50" RelativeToClient="1" Font="Default" Text="" Template="Default" Name="SlotItem" Border="0" Picture="1" SwallowMouseClicks="1" Moveable="0" Escapable="0" Overlapped="1" BGColor="white" TextColor="white" IgnoreMouse="1" Sprite="" TooltipColor="" Tooltip="">
        <Control Class="Window" LAnchorPoint="0" LAnchorOffset="6" TAnchorPoint="0" TAnchorOffset="3" RAnchorPoint="1" RAnchorOffset="-9" BAnchorPoint="0" BAnchorOffset="23" RelativeToClient="1" Font="CRB_InterfaceSmall_O" Text="" Template="Default" Name="SlotText" BGColor="white" TextColor="white" TextId="CRB_1" TooltipColor=""/>
        <Control Class="AbilityItemWindow" LAnchorPoint="0" LAnchorOffset="4" TAnchorPoint="0" TAnchorOffset="4" RAnchorPoint="1" RAnchorOffset="-7" BAnchorPoint="1" BAnchorOffset="-4" RelativeToClient="1" Font="CRB_HeaderHuge" Sprite="" Text="" Template="Default" Name="SlotDisplay" BGColor="white" TextColor="white" Picture="1" DT_CENTER="1" DT_VCENTER="1" IgnoreTooltipDelay="1" ListItem="1" TooltipType="OnCursor" IgnoreMouse="1" Visible="1" TooltipColor="">
            <Event Name="GenerateTooltip" Function="OnGenerateTooltip"/>
            <Event Name="DragDropTargetNotify" Function="OnStartDragSkillFromSlots"/>
        </Control>
        <Control Class="Window" LAnchorPoint="0" LAnchorOffset="0" TAnchorPoint="0" TAnchorOffset="0" RAnchorPoint="1" RAnchorOffset="-3" BAnchorPoint="1" BAnchorOffset="0" RelativeToClient="1" Font="Default" Text="" Template="Default" Name="SlotMouseCatcher" BGColor="white" TextColor="white" TooltipColor="">
            <Event Name="MouseButtonDown" Function="OnSlotMouseDown"/>
        </Control>
        <Control Class="Window" LAnchorPoint="0" LAnchorOffset="8" TAnchorPoint="0" TAnchorOffset="8" RAnchorPoint="1" RAnchorOffset="-12" BAnchorPoint="1" BAnchorOffset="-8" RelativeToClient="1" Font="Default" Text="" Template="Default" Name="SlotLockedBlocker" BGColor="white" TextColor="white" Picture="1" IgnoreMouse="0" Sprite="CRB_AMPs:spr_AMPs_LockStretch_Blue" Visible="0" Tooltip="" TooltipId="" TooltipType="OnCursor" IgnoreTooltipDelay="1" NewControlDepth="1" TooltipColor="white" TooltipFont="CRB_InterfaceSmall_O"/>
        <Control Class="Button" Base="BK3:btnHolo_Close" Font="Thick" ButtonType="PushButton" RadioGroup="" LAnchorPoint="1" LAnchorOffset="-28" TAnchorPoint="0" TAnchorOffset="-2" RAnchorPoint="1" RAnchorOffset="0" BAnchorPoint="0" BAnchorOffset="26" DT_VCENTER="1" DT_CENTER="1" Name="SlotCloseBtn" BGColor="white" TextColor="white" NormalTextColor="white" PressedTextColor="white" FlybyTextColor="white" PressedFlybyTextColor="white" DisabledTextColor="white" Visible="0" RelativeToClient="1" Overlapped="1" NewControlDepth="1" IgnoreMouse="1" TooltipColor="" Tooltip="" TooltipId="AbilityBuilder_ClearAbility" TooltipType="OnCursor" TooltipFont="CRB_InterfaceSmall_O" AutoScaleText="0" TestAlpha="1">
            <Event Name="ButtonSignal" Function="OnSlotCloseBtnClick"/>
        </Control>
        <Event Name="MouseEnter" Function="SlotItemMouseEnter"/>
        <Event Name="MouseExit" Function="SlotItemMouseExit"/>
        <Event Name="QueryDragDrop" Function="OnQueryDragSkillOverSlotItem"/>
        <Event Name="DragDrop" Function="OnEndDragSkillOntoSlotItem"/>
        <Pixie LAnchorPoint="0" LAnchorOffset="0" TAnchorPoint="0" TAnchorOffset="0" RAnchorPoint="1" RAnchorOffset="-3" BAnchorPoint="1" BAnchorOffset="0" Sprite="BK3:UI_BK3_Holo_InsetSimple" BGColor="white" TextColor="black" Rotation="0" Font="Default"/>
    </Form>
    <Form Class="Window" LAnchorPoint="0" LAnchorOffset="0" TAnchorPoint="0" TAnchorOffset="0" RAnchorPoint="1" RAnchorOffset="0" BAnchorPoint="0" BAnchorOffset="63" RelativeToClient="1" Font="Default" Text="" Template="Default" TooltipType="OnCursor" Name="SpellbookItem_Tiers" Border="0" Picture="1" SwallowMouseClicks="1" Moveable="0" Escapable="0" Overlapped="1" BGColor="white" TextColor="white" TooltipColor="" IgnoreMouse="1" Sprite="" Tooltip="">
        <Control Class="Window" LAnchorPoint="0" LAnchorOffset="0" TAnchorPoint="0" TAnchorOffset="0" RAnchorPoint="1" RAnchorOffset="0" BAnchorPoint="1" BAnchorOffset="0" RelativeToClient="1" Font="Default" Text="" Template="Default" TooltipType="OnCursor" Name="SpellbookItemBG" BGColor="white" TextColor="white" TooltipColor="" Sprite="" Picture="1" IgnoreMouse="1">
            <Control Class="Window" LAnchorPoint="0" LAnchorOffset="58" TAnchorPoint="0" TAnchorOffset="8" RAnchorPoint="1" RAnchorOffset="-34" BAnchorPoint="1" BAnchorOffset="-9" RelativeToClient="1" Font="CRB_InterfaceSmall_O" Text="" Template="Default" TooltipType="OnCursor" Name="SpellbookItemName" BGColor="white" TextColor="UI_TextHoloBodyHighlight" TooltipColor="" TextId="" HideInEditor="1" Visible="0"/>
            <Control Class="AbilityItemWindow" LAnchorPoint="0" LAnchorOffset="6" TAnchorPoint="0" TAnchorOffset="6" RAnchorPoint="0" RAnchorOffset="56" BAnchorPoint="1" BAnchorOffset="-6" RelativeToClient="1" Font="CRB_HeaderHuge" Sprite="" Text="" Template="Default" Name="SpellbookItemAbilityIcon" BGColor="white" TextColor="white" Picture="1" ListItem="1" TooltipType="OnCursor" TooltipColor="" IgnoreTooltipDelay="1" Tooltip="">
                <Control Class="Window" LAnchorPoint="0" LAnchorOffset="0" TAnchorPoint="0" TAnchorOffset="0" RAnchorPoint="1" RAnchorOffset="0" BAnchorPoint="1" BAnchorOffset="0" RelativeToClient="1" Font="Default" Text="" Template="Default" Name="SpellbookItemAbilityIconBlocker" BGColor="white" TextColor="white" Picture="1" IgnoreMouse="0" TooltipColor="" IgnoreTooltipDelay="1"/>
                <Event Name="GenerateTooltip" Function="OnGenerateTooltip"/>
            </Control>
            <Control Class="Window" LAnchorPoint="0" LAnchorOffset="0" TAnchorPoint="0" TAnchorOffset="0" RAnchorPoint="0" RAnchorOffset="64" BAnchorPoint="1" BAnchorOffset="-1" RelativeToClient="1" Font="Default" Text="" Template="Default" TooltipType="OnCursor" Name="BG" BGColor="white" TextColor="white" TooltipColor="" Sprite="" Picture="1" IgnoreMouse="1" HideInEditor="0">
                <Pixie LAnchorPoint="0" LAnchorOffset="0" TAnchorPoint="0" TAnchorOffset="0" RAnchorPoint="0" RAnchorOffset="64" BAnchorPoint="1" BAnchorOffset="0" Sprite="Abilities:sprAbility_Frame" BGColor="white" TextColor="black" Rotation="0" Font="Default"/>
            </Control>
            <Control Class="Window" LAnchorPoint="1" LAnchorOffset="-65" TAnchorPoint="0" TAnchorOffset="0" RAnchorPoint="1" RAnchorOffset="0" BAnchorPoint="1" BAnchorOffset="0" RelativeToClient="1" Font="Default" Text="" Template="Default" TooltipType="OnCursor" Name="CapRight" BGColor="ffffffff" TextColor="ffffffff" TooltipColor="" Sprite="Abilities:sprAbility_CapRight" Picture="1" IgnoreMouse="1" NewControlDepth="1" HideInEditor="0"/>
            <Control Class="Window" LAnchorPoint="0" LAnchorOffset="40" TAnchorPoint="0" TAnchorOffset="0" RAnchorPoint="1" RAnchorOffset="-38" BAnchorPoint="1" BAnchorOffset="0" RelativeToClient="1" Font="Default" Text="" Template="Default" TooltipType="OnCursor" Name="FrameExtension" BGColor="ffffffff" TextColor="ffffffff" TooltipColor="" Sprite="Abilities:sprAbility_FrameExtension" Picture="1" IgnoreMouse="1" NewControlDepth="2" HideInEditor="0"/>
            <Control Class="Window" LAnchorPoint="1" LAnchorOffset="-65" TAnchorPoint="0" TAnchorOffset="0" RAnchorPoint="1" RAnchorOffset="0" BAnchorPoint="1" BAnchorOffset="0" RelativeToClient="1" Font="Default" Text="" Template="Default" TooltipType="OnCursor" Name="CapRight1" BGColor="ffffffff" TextColor="ffffffff" TooltipColor="" Sprite="Abilities:sprAbility_CapActive" Picture="1" IgnoreMouse="1" NewControlDepth="1" HideInEditor="0"/>
            <Control Class="Window" LAnchorPoint="0" LAnchorOffset="70" TAnchorPoint="0" TAnchorOffset="0" RAnchorPoint="1" RAnchorOffset="-45" BAnchorPoint="1" BAnchorOffset="0" RelativeToClient="1" Font="Default" Text="" Template="Default" TooltipType="OnCursor" Name="SpellbookItemProgPiecesContainer" BGColor="white" TextColor="white" TooltipColor="" NewControlDepth="1"/>
            <Control Class="Button" Base="btnAbilities_RemoveMinus" Font="CRB_HeaderLarge" ButtonType="PushButton" RadioGroup="" LAnchorPoint="1" LAnchorOffset="-39" TAnchorPoint="0" TAnchorOffset="19" RAnchorPoint="1" RAnchorOffset="-1" BAnchorPoint="1" BAnchorOffset="-20" DT_VCENTER="1" DT_CENTER="1" TooltipType="OnCursor" Name="SpellbookItemSubBtn" BGColor="white" TextColor="white" TooltipColor="" NormalTextColor="UI_BtnTextRedNormal" PressedTextColor="UI_BtnTextRedPressed" FlybyTextColor="UI_BtnTextRedFlyby" PressedFlybyTextColor="UI_BtnTextRedPressedFlyby" DisabledTextColor="UI_BtnTextRedDisabled" Visible="1" HideInEditor="0" RelativeToClient="1" Text="" TextId="" NewWindowDepth="0" WindowSoundTemplate="MetalCollapse">
                <Event Name="ButtonSignal" Function="OnSpellbookItemSubBtn"/>
            </Control>
        </Control>
    </Form>
    <Form Class="Window" LAnchorPoint="0" LAnchorOffset="0" TAnchorPoint="0" TAnchorOffset="0" RAnchorPoint="1" RAnchorOffset="0" BAnchorPoint="0" BAnchorOffset="63" RelativeToClient="1" Font="Default" Text="" Template="Default" TooltipType="OnCursor" Name="SpellbookItem_Add" Border="0" Picture="1" SwallowMouseClicks="1" Moveable="0" Escapable="0" Overlapped="1" BGColor="white" TextColor="white" TooltipColor="" IgnoreMouse="1" Sprite="" Tooltip="">
        <Control Class="Window" LAnchorPoint="0" LAnchorOffset="0" TAnchorPoint="0" TAnchorOffset="0" RAnchorPoint="1" RAnchorOffset="0" BAnchorPoint="1" BAnchorOffset="0" RelativeToClient="1" Font="Default" Text="" Template="Default" TooltipType="OnCursor" Name="SpellbookItemBG" BGColor="white" TextColor="white" TooltipColor="" Sprite="" Picture="1" IgnoreMouse="1">
            <Control Class="AbilityItemWindow" LAnchorPoint="0" LAnchorOffset="6" TAnchorPoint="0" TAnchorOffset="6" RAnchorPoint="0" RAnchorOffset="56" BAnchorPoint="1" BAnchorOffset="-6" RelativeToClient="1" Font="CRB_HeaderHuge" Sprite="" Text="" Template="Default" Name="SpellbookItemAbilityIcon" BGColor="white" TextColor="white" Picture="1" ListItem="1" TooltipType="OnCursor" TooltipColor="" IgnoreTooltipDelay="1" Tooltip="">
                <Control Class="Window" LAnchorPoint="0" LAnchorOffset="0" TAnchorPoint="0" TAnchorOffset="0" RAnchorPoint="1" RAnchorOffset="0" BAnchorPoint="1" BAnchorOffset="0" RelativeToClient="1" Font="Default" Text="" Template="Default" Name="SpellbookItemAbilityIconBlocker" BGColor="white" TextColor="white" Picture="1" IgnoreMouse="0" TooltipColor="" IgnoreTooltipDelay="1"/>
                <Event Name="GenerateTooltip" Function="OnGenerateTooltip"/>
            </Control>
            <Control Class="Window" LAnchorPoint="0" LAnchorOffset="0" TAnchorPoint="0" TAnchorOffset="0" RAnchorPoint="1" RAnchorOffset="0" BAnchorPoint="1" BAnchorOffset="0" RelativeToClient="1" Font="Default" Text="" Template="Default" TooltipType="OnCursor" Name="IconOverlay" BGColor="white" TextColor="white" TooltipColor="" Sprite="Abilities:sprAbility_Frame" Picture="1" IgnoreMouse="1" HideInEditor="0" NewControlDepth="1">
                <Pixie LAnchorPoint="0" LAnchorOffset="33" TAnchorPoint="0" TAnchorOffset="0" RAnchorPoint="0" RAnchorOffset="97" BAnchorPoint="1" BAnchorOffset="0" Sprite="Abilities:sprAbility_CapActive" BGColor="white" TextColor="black" Rotation="0" Font="Default"/>
            </Control>
            <Control Class="Window" LAnchorPoint="0" LAnchorOffset="105" TAnchorPoint="0" TAnchorOffset="21" RAnchorPoint="1" RAnchorOffset="0" BAnchorPoint="1" BAnchorOffset="-8" RelativeToClient="1" Font="CRB_InterfaceMedium_B" Text="" Template="Default" TooltipType="OnCursor" Name="SpellbookItemName" BGColor="white" TextColor="UI_TextHoloTitle" TooltipColor="" TextId="CRB__2" DT_WORDBREAK="1" DT_CENTER="0" DT_VCENTER="0"/>
            <Control Class="Button" Base="Abilities:btnAbilities_AddPlus" Font="CRB_HeaderLarge" ButtonType="PushButton" RadioGroup="" LAnchorPoint="0" LAnchorOffset="58" TAnchorPoint="0" TAnchorOffset="19" RAnchorPoint="0" RAnchorOffset="94" BAnchorPoint="1" BAnchorOffset="-20" DT_VCENTER="1" DT_CENTER="1" TooltipType="OnCursor" Name="SpellbookItemAdd" BGColor="white" TextColor="white" TooltipColor="" NormalTextColor="UI_BtnTextGreenNormal" PressedTextColor="UI_BtnTextGreenPressed" FlybyTextColor="UI_BtnTextGreenFlyby" PressedFlybyTextColor="UI_BtnTextGreenPressedFlyby" DisabledTextColor="UI_BtnTextGreenDisabled" Text="" TextId="" HideInEditor="0" NewControlDepth="1" WindowSoundTemplate="MetalExpand">
                <Event Name="ButtonSignal" Function="OnSpellbookItemAdd"/>
            </Control>
            <Pixie LAnchorPoint="1" LAnchorOffset="-64" TAnchorPoint="0" TAnchorOffset="0" RAnchorPoint="1" RAnchorOffset="0" BAnchorPoint="0" BAnchorOffset="100" Sprite="Abilities:sprAbility_CapRight" BGColor="white" TextColor="black" Rotation="0" Font="Default"/>
        </Control>
        <Control Class="Window" LAnchorPoint="0" LAnchorOffset="0" TAnchorPoint="1" TAnchorOffset="-1" RAnchorPoint="1" RAnchorOffset="0" BAnchorPoint="1" BAnchorOffset="0" RelativeToClient="1" Font="Default" Text="" BGColor="UI_AlphaPercent20" TextColor="UI_WindowTextDefault" Template="Default" TooltipType="OnCursor" Name="SubtleLineBreak" TooltipColor="" Sprite="BasicSprites:BlackFill" Picture="1" IgnoreMouse="1"/>
    </Form>
    <Form Class="Window" LAnchorPoint="0" LAnchorOffset="0" TAnchorPoint="0" TAnchorOffset="0" RAnchorPoint="1" RAnchorOffset="0" BAnchorPoint="0" BAnchorOffset="63" RelativeToClient="1" Font="Default" Text="" Template="Default" TooltipType="OnCursor" Name="SpellbookItem_Locked" Border="0" Picture="1" SwallowMouseClicks="1" Moveable="0" Escapable="0" Overlapped="1" BGColor="white" TextColor="white" TooltipColor="" IgnoreMouse="1" Sprite="" Tooltip="">
        <Control Class="Window" LAnchorPoint="0" LAnchorOffset="0" TAnchorPoint="0" TAnchorOffset="0" RAnchorPoint="1" RAnchorOffset="0" BAnchorPoint="1" BAnchorOffset="0" RelativeToClient="1" Font="Default" Text="" Template="Default" TooltipType="OnCursor" Name="SpellbookItemBG" BGColor="white" TextColor="white" TooltipColor="" Sprite="" Picture="1" IgnoreMouse="1">
            <Control Class="AbilityItemWindow" LAnchorPoint="0" LAnchorOffset="6" TAnchorPoint="0" TAnchorOffset="6" RAnchorPoint="0" RAnchorOffset="56" BAnchorPoint="1" BAnchorOffset="-6" RelativeToClient="1" Font="CRB_HeaderHuge" Sprite="" Text="" Template="Default" Name="SpellbookItemAbilityIcon" BGColor="white" TextColor="white" Picture="1" ListItem="1" TooltipType="OnCursor" TooltipColor="" IgnoreTooltipDelay="1" Tooltip="">
                <Control Class="Window" LAnchorPoint="0" LAnchorOffset="0" TAnchorPoint="0" TAnchorOffset="0" RAnchorPoint="1" RAnchorOffset="0" BAnchorPoint="1" BAnchorOffset="0" RelativeToClient="1" Font="Default" Text="" Template="Default" Name="SpellbookItemAbilityIconBlocker" BGColor="white" TextColor="white" Picture="1" IgnoreMouse="0" TooltipColor="" IgnoreTooltipDelay="1"/>
                <Event Name="GenerateTooltip" Function="OnGenerateTooltip"/>
            </Control>
            <Control Class="Window" LAnchorPoint="0" LAnchorOffset="6" TAnchorPoint="0" TAnchorOffset="6" RAnchorPoint="0" RAnchorOffset="56" BAnchorPoint="1" BAnchorOffset="-6" RelativeToClient="1" Font="Default" Text="" Template="Default" TooltipType="OnCursor" Name="SpellbookItemBlocker" BGColor="9dffffff" TextColor="white" TooltipColor="" Sprite="BlackFill" Picture="1" IgnoreMouse="1" NewControlDepth="1" Visible="1" HideInEditor="0"/>
            <Control Class="Window" LAnchorPoint="0" LAnchorOffset="105" TAnchorPoint="0" TAnchorOffset="13" RAnchorPoint="1" RAnchorOffset="4" BAnchorPoint="0" BAnchorOffset="33" RelativeToClient="1" Font="CRB_InterfaceMedium_B" Text="" Template="Default" TooltipType="OnCursor" Name="SpellbookItemName" BGColor="white" TextColor="ff9aaea3" TooltipColor="" TextId="Challenges_NoProgress" DT_WORDBREAK="1" DT_CENTER="0" DT_VCENTER="0"/>
            <Control Class="Window" LAnchorPoint="0" LAnchorOffset="105" TAnchorPoint="0" TAnchorOffset="31" RAnchorPoint="1" RAnchorOffset="-7" BAnchorPoint="0" BAnchorOffset="51" RelativeToClient="1" Font="CRB_InterfaceSmall" Text="" Template="Default" TooltipType="OnCursor" Name="SpellbookItemSubtext" BGColor="white" TextColor="ff5f6662" TooltipColor="" TextId="" DT_WORDBREAK="1" DT_CENTER="0" DT_VCENTER="0"/>
            <Control Class="Window" LAnchorPoint="0" LAnchorOffset="0" TAnchorPoint="0" TAnchorOffset="0" RAnchorPoint="1" RAnchorOffset="0" BAnchorPoint="1" BAnchorOffset="0" RelativeToClient="1" Font="Default" Text="" Template="Default" TooltipType="OnCursor" Name="CapFrame" BGColor="white" TextColor="white" TooltipColor="" Sprite="Abilities:sprAbility_Frame" Picture="1" IgnoreMouse="1" NewControlDepth="1"/>
            <Control Class="Window" LAnchorPoint="0" LAnchorOffset="33" TAnchorPoint="0" TAnchorOffset="0" RAnchorPoint="0" RAnchorOffset="97" BAnchorPoint="1" BAnchorOffset="0" RelativeToClient="1" Font="Default" Text="" BGColor="UI_WindowBGDefault" TextColor="UI_WindowTextDefault" Template="Default" TooltipType="OnCursor" Name="CapLeft" TooltipColor="" Sprite="Abilities:sprAbility_CapInactive" Picture="1" IgnoreMouse="1"/>
            <Control Class="Window" LAnchorPoint="1" LAnchorOffset="-65" TAnchorPoint="0" TAnchorOffset="0" RAnchorPoint="1" RAnchorOffset="0" BAnchorPoint="1" BAnchorOffset="0" RelativeToClient="1" Font="Default" Text="" Template="Default" TooltipType="OnCursor" Name="CapRight" BGColor="ffffffff" TextColor="ffffffff" TooltipColor="" Sprite="Abilities:sprAbility_CapRight" Picture="1" IgnoreMouse="1" NewControlDepth="1" HideInEditor="0"/>
            <Control Class="Button" Base="BK3:btnHolo_Blue_Small" Font="CRB_Button" ButtonType="PushButton" RadioGroup="" LAnchorPoint="1" LAnchorOffset="-185" TAnchorPoint="0" TAnchorOffset="5" RAnchorPoint="1" RAnchorOffset="-45" BAnchorPoint="1" BAnchorOffset="-5" DT_VCENTER="1" DT_CENTER="1" BGColor="UI_BtnBGDefault" TextColor="UI_BtnTextDefault" NormalTextColor="UI_BtnTextBlueNormal" PressedTextColor="UI_BtnTextBluePressed" FlybyTextColor="UI_BtnTextBlueFlyby" PressedFlybyTextColor="UI_BtnTextBluePressedFlyby" DisabledTextColor="UI_BtnTextBlueDisabled" TooltipType="OnCursor" Name="BuyAbilityBtn" TooltipColor="" Text="" TextId="ABV_BuyBtn" Visible="0" TestAlpha="1" RelativeToClient="1" WindowSoundTemplate="">
                <Event Name="ButtonSignal" Function="OnBuyAbilityBtn"/>
            </Control>
            <Control Class="CashWindow" LAnchorPoint="1" LAnchorOffset="-335" TAnchorPoint="0" TAnchorOffset="0" RAnchorPoint="1" RAnchorOffset="-180" BAnchorPoint="1" BAnchorOffset="0" TooltipType="OnCursor" RelativeToClient="1" Font="CRB_InterfaceMedium_B" Text="" Template="Default" BGColor="ffffffff" TextColor="UI_WindowTextRed" DT_RIGHT="1" Name="BuyAbilityCost" TooltipColor="" SkipZeroes="1" DT_VCENTER="1" Visible="0"/>
        </Control>
        <Control Class="Window" LAnchorPoint="0" LAnchorOffset="0" TAnchorPoint="1" TAnchorOffset="-1" RAnchorPoint="1" RAnchorOffset="0" BAnchorPoint="1" BAnchorOffset="0" RelativeToClient="1" Font="Default" Text="" BGColor="UI_AlphaPercent20" TextColor="UI_WindowTextDefault" Template="Default" TooltipType="OnCursor" Name="SubtleLineBreak" TooltipColor="" Sprite="BasicSprites:BlackFill" Picture="1" IgnoreMouse="1"/>
    </Form>
    <Form Class="Window" LAnchorPoint="0" LAnchorOffset="0" TAnchorPoint="0" TAnchorOffset="0" RAnchorPoint="0" RAnchorOffset="63" BAnchorPoint="1" BAnchorOffset="0" RelativeToClient="1" Font="Default" Text="" Template="Default" TooltipType="OnCursor" Name="SpellbookProgPiece" Border="0" Picture="1" SwallowMouseClicks="1" Moveable="0" Escapable="0" Overlapped="1" BGColor="white" TextColor="white" TooltipColor="" IgnoreMouse="1" TooltipFont="CRB_InterfaceSmall_O" Tooltip="" IgnoreTooltipDelay="1">
        <Control Class="Button" Base="Abilities:btnAbilities" Font="CRB_InterfaceTiny_BB" ButtonType="Check" RadioGroup="" LAnchorPoint="0.5" LAnchorOffset="-36" TAnchorPoint="0.5" TAnchorOffset="-15" RAnchorPoint="0.5" RAnchorOffset="36" BAnchorPoint="0.5" BAnchorOffset="16" DT_VCENTER="0" DT_CENTER="1" TooltipType="OnCursor" Name="SpellbookProgPieceBtn" BGColor="white" TextColor="white" TooltipColor="" NormalTextColor="white" PressedTextColor="white" FlybyTextColor="white" PressedFlybyTextColor="white" DisabledTextColor="white" Text="" TextId="Tooltips_Base" RadioDisallowNonSelection="0" TooltipFont="CRB_InterfaceSmall_O" Tooltip="" Visible="1" HideInEditor="0" DT_BOTTOM="0" RelativeToClient="1" ButtonTextYMargin="9" WindowSoundTemplate="HoloButtonSmall">
            <Event Name="ButtonCheck" Function="OnSpellbookProgPieceToggle"/>
            <Event Name="ButtonUncheck" Function="OnSpellbookProgPieceToggle"/>
        </Control>
        <Event Name="GenerateTooltip" Function="OnSpellbookProgPieceTooltip"/>
    </Form>
    <Form Class="Window" LAnchorPoint="0" LAnchorOffset="0" TAnchorPoint="0" TAnchorOffset="0" RAnchorPoint="0" RAnchorOffset="135" BAnchorPoint="1" BAnchorOffset="0" RelativeToClient="1" Font="Default" Text="" Template="Default" TooltipType="OnCursor" Name="SpellbookProgPieceBig" Border="0" Picture="1" SwallowMouseClicks="1" Moveable="0" Escapable="0" Overlapped="1" BGColor="white" TextColor="white" TooltipColor="" IgnoreMouse="1" TooltipFont="CRB_InterfaceSmall_O" Tooltip="" IgnoreTooltipDelay="1">
        <Control Class="Button" Base="Abilities:btnAbilitiesLarge" Font="CRB_InterfaceTiny_BB" ButtonType="Check" RadioGroup="" LAnchorPoint="0" LAnchorOffset="0" TAnchorPoint="0.5" TAnchorOffset="-24" RAnchorPoint="1" RAnchorOffset="0" BAnchorPoint="0.5" BAnchorOffset="24" DT_VCENTER="1" DT_CENTER="1" TooltipType="OnCursor" Name="SpellbookProgPieceBtn" BGColor="white" TextColor="white" TooltipColor="" NormalTextColor="UI_BtnTextBlueNormal" PressedTextColor="UI_BtnTextBluePressed" FlybyTextColor="UI_BtnTextBlueFlyby" PressedFlybyTextColor="UI_BtnTextBluePressedFlyby" DisabledTextColor="UI_BtnTextBlueDisabled" Text="" TextId="" RadioDisallowNonSelection="0" TooltipFont="CRB_InterfaceSmall_O" Tooltip="" Visible="1" HideInEditor="0" DT_BOTTOM="0" WindowSoundTemplate="HoloButtonLarge">
            <Event Name="ButtonCheck" Function="OnSpellbookProgPieceToggle"/>
            <Event Name="ButtonUncheck" Function="OnSpellbookProgPieceToggle"/>
        </Control>
        <Event Name="GenerateTooltip" Function="OnSpellbookProgPieceTooltip"/>
    </Form>
</Forms>
