<?xml version="1.0" encoding="UTF-8" standalone="yes" ?>
<Forms>
    <Form Class="Window" LAnchorPoint="0" LAnchorOffset="400" TAnchorPoint="0" TAnchorOffset="8" RAnchorPoint="0" RAnchorOffset="814" BAnchorPoint="0" BAnchorOffset="538" RelativeToClient="1" Font="Default" Text="" Template="Default" Name="NonCombatSpellbookForm" Border="0" Picture="0" SwallowMouseClicks="1" Moveable="1" Escapable="1" Overlapped="1" BGColor="ffffffff" TextColor="ffffffff" TextId="" TooltipColor="" Tooltip="">
        <Control Class="Window" LAnchorPoint="0" LAnchorOffset="16" TAnchorPoint="0" TAnchorOffset="44" RAnchorPoint="1" RAnchorOffset="-16" BAnchorPoint="0" BAnchorOffset="127" RelativeToClient="1" Font="Default" Text="" Template="Default" TooltipType="OnCursor" Name="Tabs" BGColor="ffffffff" TextColor="ffffffff" TooltipColor="" Picture="1" IgnoreMouse="1" Sprite="CRB_Basekit:kitHeader_Hybrid_ButtonPanel" DT_CENTER="1" DT_VCENTER="1" TextId="" HideInEditor="0" NewControlDepth="2">
            <Control Class="Window" LAnchorPoint="0" LAnchorOffset="34" TAnchorPoint="0" TAnchorOffset="18" RAnchorPoint="1" RAnchorOffset="-34" BAnchorPoint="0" BAnchorOffset="63" RelativeToClient="1" Font="Default" Text="" Template="Default" TooltipType="OnCursor" Name="TabsContainer" BGColor="ffffffff" TextColor="ffffffff" TooltipColor="" Tooltip="">
                <Control Class="Button" Base="CRB_Basekit:kitBtn_List_MetalNoEdge" Font="CRB_InterfaceMedium_B" ButtonType="Check" RadioGroup="" LAnchorPoint="0" LAnchorOffset="0" TAnchorPoint="0" TAnchorOffset="0" RAnchorPoint="0" RAnchorOffset="104" BAnchorPoint="1" BAnchorOffset="0" DT_VCENTER="1" DT_CENTER="1" TooltipType="OnCursor" Name="BankTabBtnCmd" BGColor="ffffffff" TextColor="ffffffff" TooltipColor="" NormalTextColor="UI_BtnTextGoldListNormal" PressedTextColor="UI_BtnTextGoldListPressed" FlybyTextColor="UI_BtnTextGoldListFlyby" PressedFlybyTextColor="UI_BtnTextGoldListPressedFlyby" DisabledTextColor="UI_BtnTextGoldListDisabled" Text="" TextId="CRB_Commands" GlobalRadioGroup="GuildBank_BigBankTab_RadioGroup" RelativeToClient="1" RadioDisallowNonSelection="1" HideInEditor="0" Visible="1">
                    <Event Name="ButtonCheck" Function="OnTabBtnCheck"/>
                </Control>
                <Control Class="Button" Base="CRB_Basekit:kitBtn_List_MetalNoEdge" Font="CRB_InterfaceMedium_B" ButtonType="Check" RadioGroup="" LAnchorPoint="0" LAnchorOffset="104" TAnchorPoint="0" TAnchorOffset="0" RAnchorPoint="1" RAnchorOffset="-104" BAnchorPoint="1" BAnchorOffset="0" DT_VCENTER="1" DT_CENTER="1" TooltipType="OnCursor" Name="BankTabBtnMounts" BGColor="ffffffff" TextColor="ffffffff" TooltipColor="" NormalTextColor="UI_BtnTextGoldListNormal" PressedTextColor="UI_BtnTextGoldListPressed" FlybyTextColor="UI_BtnTextGoldListFlyby" PressedFlybyTextColor="UI_BtnTextGoldListPressedFlyby" DisabledTextColor="UI_BtnTextGoldListDisabled" Text="" TextId="InterfaceMenu_Mounts" GlobalRadioGroup="GuildBank_BigBankTab_RadioGroup" RelativeToClient="1" RadioDisallowNonSelection="1" Tooltip="">
                    <Event Name="ButtonCheck" Function="OnTabBtnCheck"/>
                </Control>
                <Control Class="Button" Base="CRB_Basekit:kitBtn_List_MetalNoEdge" Font="CRB_InterfaceMedium_B" ButtonType="Check" RadioGroup="" LAnchorPoint="1" LAnchorOffset="-104" TAnchorPoint="0" TAnchorOffset="0" RAnchorPoint="1" RAnchorOffset="0" BAnchorPoint="1" BAnchorOffset="0" DT_VCENTER="1" DT_CENTER="1" TooltipType="OnCursor" Name="BankTabBtnMisc" BGColor="ffffffff" TextColor="ffffffff" TooltipColor="" NormalTextColor="UI_BtnTextGoldListNormal" PressedTextColor="UI_BtnTextGoldListPressed" FlybyTextColor="UI_BtnTextGoldListFlyby" PressedFlybyTextColor="UI_BtnTextGoldListPressedFlyby" DisabledTextColor="UI_BtnTextGoldListDisabled" Text="" TextId="CRB_Miscellaneous" GlobalRadioGroup="GuildBank_BigBankTab_RadioGroup" RelativeToClient="1" RadioDisallowNonSelection="1" Visible="1" HideInEditor="0">
                    <Event Name="ButtonCheck" Function="OnTabBtnCheck"/>
                </Control>
            </Control>
        </Control>
        <Control Class="Window" LAnchorPoint="0" LAnchorOffset="28" TAnchorPoint="0" TAnchorOffset="110" RAnchorPoint="1" RAnchorOffset="-28" BAnchorPoint="1" BAnchorOffset="-22" RelativeToClient="1" Font="Default" Text="" Template="Default" TooltipType="OnCursor" Name="Entries" BGColor="ffffffff" TextColor="ffffffff" TooltipColor="" Sprite="" Picture="1" IgnoreMouse="1" HideInEditor="0" Visible="1" Tooltip="">
            <Control Class="Window" LAnchorPoint="0" LAnchorOffset="14" TAnchorPoint="0" TAnchorOffset="14" RAnchorPoint="1" RAnchorOffset="-14" BAnchorPoint="1" BAnchorOffset="-36" RelativeToClient="1" Font="CRB_InterfaceSmall_O" Text="" Template="CRB_Scroll_HoloLarge" Name="EntriesContainer" BGColor="ffffffff" TextColor="UI_TextHoloBody" VScroll="1" IgnoreMouse="0" TooltipColor="" Visible="1" TransitionShowHide="0" HideInEditor="0" VScrollLeftSide="0" AutoHideScroll="0" DT_CENTER="1" DT_VCENTER="1"/>
            <Control Class="Window" LAnchorPoint="0" LAnchorOffset="12" TAnchorPoint="1" TAnchorOffset="-36" RAnchorPoint="1" RAnchorOffset="-12" BAnchorPoint="1" BAnchorOffset="-12" RelativeToClient="1" Font="CRB_InterfaceSmall" Text="" Template="Default" TooltipType="OnCursor" Name="EntiresExplainerText" BGColor="ffffffff" TextColor="UI_TextHoloBody" TooltipColor="" Picture="1" IgnoreMouse="1" Sprite="CRB_Basekit:kitHeader_HoloLines_Title" TextId="NCSpellbook_DragToBar" DT_WORDBREAK="1" DT_CENTER="1" DT_VCENTER="1"/>
            <Pixie LAnchorPoint="0" LAnchorOffset="0" TAnchorPoint="0" TAnchorOffset="0" RAnchorPoint="1" RAnchorOffset="0" BAnchorPoint="1" BAnchorOffset="0" BGColor="ffffffff" Font="Default" TextColor="ffffffff" Text="" Sprite="CRB_Basekit:kitInnerFrame_MetalGrey_Small" Line="0"/>
        </Control>
        <Pixie LAnchorPoint="0" LAnchorOffset="22" TAnchorPoint="0" TAnchorOffset="18" RAnchorPoint="1" RAnchorOffset="-22" BAnchorPoint="1" BAnchorOffset="-16" BGColor="ffffffff" Font="Default" TextColor="ffffffff" Text="" TextId="" Sprite="CRB_Basekit:kitBase_HoloBlue_Tiny" DT_CENTER="1" DT_VCENTER="1" DT_WORDBREAK="1" Line="0"/>
        <Control Class="Button" Base="CRB_Basekit:kitBtn_Close" Font="Thick" ButtonType="PushButton" RadioGroup="" LAnchorPoint="1" LAnchorOffset="-43" TAnchorPoint="0" TAnchorOffset="13" RAnchorPoint="1" RAnchorOffset="-16" BAnchorPoint="0" BAnchorOffset="42" DT_VCENTER="1" DT_CENTER="1" Name="CloseButton" BGColor="ffffffff" TextColor="ffffffff" NewControlDepth="2" WindowSoundTemplate="CloseWindowPhys" Text="" TextId="" NormalTextColor="ffffffff" PressedTextColor="ffffffff" FlybyTextColor="ffffffff" PressedFlybyTextColor="ffffffff" DisabledTextColor="ffffffff" TooltipColor="" RelativeToClient="1">
            <Event Name="ButtonSignal" Function="OnClose"/>
        </Control>
        <Pixie LAnchorPoint="0" LAnchorOffset="35" TAnchorPoint="0" TAnchorOffset="25" RAnchorPoint="1" RAnchorOffset="-35" BAnchorPoint="0" BAnchorOffset="78" BGColor="ffffffff" Font="Default" TextColor="ffffffff" Text="" Sprite="CRB_Basekit:kitHeader_HoloLines_Title" Line="0"/>
        <Pixie LAnchorPoint="0" LAnchorOffset="0" TAnchorPoint="0" TAnchorOffset="30" RAnchorPoint="1" RAnchorOffset="0" BAnchorPoint="0" BAnchorOffset="50" BGColor="ffffffff" Font="CRB_HeaderSmall" TextColor="UI_TextHoloBody" Text="" TextId="InterfaceMenu_NonCombatAbilities" DT_CENTER="1" Line="0"/>
        <Pixie LAnchorPoint="0" LAnchorOffset="0" TAnchorPoint="0" TAnchorOffset="0" RAnchorPoint="1" RAnchorOffset="0" BAnchorPoint="1" BAnchorOffset="0" BGColor="ffffffff" Font="Default" TextColor="ffffffff" Text="" Sprite="CRB_Basekit:kitOuterFrame_MetalGray_Medium" Line="0"/>
        <Control Class="Window" LAnchorPoint="1" LAnchorOffset="-34" TAnchorPoint="0" TAnchorOffset="113" RAnchorPoint="1" RAnchorOffset="162" BAnchorPoint="0" BAnchorOffset="357" RelativeToClient="1" Font="Default" Text="" Template="Default" TooltipType="OnCursor" Name="MountPreview" BGColor="ffffffff" TextColor="ffffffff" TooltipColor="" Picture="1" IgnoreMouse="1" NoClip="1" Sprite="CRB_Basekit:kitBase_HoloTeal_Border" Visible="0">
            <Pixie LAnchorPoint="0" LAnchorOffset="0" TAnchorPoint="0" TAnchorOffset="12" RAnchorPoint="1" RAnchorOffset="0" BAnchorPoint="1" BAnchorOffset="0" BGColor="ffffffff" Font="CRB_InterfaceSmall" TextColor="UI_TextHoloTitle" Text="" TextId="NCSpellbook_MountPreview" Sprite="" DT_CENTER="1" Line="0"/>
            <Control Class="CostumeWindow" LAnchorPoint="0" LAnchorOffset="8" TAnchorPoint="0" TAnchorOffset="30" RAnchorPoint="1" RAnchorOffset="-8" BAnchorPoint="0" BAnchorOffset="210" RelativeToClient="1" Font="Default" Text="" Template="Default" Name="MountPortrait" BGColor="ffffffff" TextColor="ffffffff" Camera="Target" Animated="1" TooltipType="OnCursor" TooltipColor="" IgnoreMouse="1" HideInEditor="1" Mask="\UI_WhiteFillAlpha.tga" Visible="1" Tooltip="" Picture="0"/>
            <Control Class="Button" Base="btn_ArrowTurnLeft" Font="Thick" ButtonType="PushButton" RadioGroup="" LAnchorPoint="0" LAnchorOffset="8" TAnchorPoint="1" TAnchorOffset="-33" RAnchorPoint="0" RAnchorOffset="53" BAnchorPoint="1" BAnchorOffset="-8" DT_VCENTER="1" DT_CENTER="1" Name="RotateLeft" BGColor="afffffff" TextColor="ffffffff" WindowSoundTemplate="Custom" NormalTextColor="ffffffff" PressedTextColor="ffffffff" FlybyTextColor="ffffffff" PressedFlybyTextColor="ffffffff" DisabledTextColor="ffffffff" TooltipColor="">
                <Event Name="ButtonHoldBegin" Function="OnRotateLeft"/>
                <Event Name="ButtonUp" Function="OnRotateLeftCancel"/>
                <Event Name="ButtonUpCancel" Function="OnRotateLeftCancel"/>
            </Control>
            <Control Class="Button" Base="btn_ArrowTurnRight" Font="Thick" ButtonType="PushButton" RadioGroup="" LAnchorPoint="1" LAnchorOffset="-53" TAnchorPoint="1" TAnchorOffset="-33" RAnchorPoint="1" RAnchorOffset="-8" BAnchorPoint="1" BAnchorOffset="-8" DT_VCENTER="1" DT_CENTER="1" Name="RotateRight" BGColor="afffffff" TextColor="ffffffff" WindowSoundTemplate="Custom" NormalTextColor="ffffffff" PressedTextColor="ffffffff" FlybyTextColor="ffffffff" PressedFlybyTextColor="ffffffff" DisabledTextColor="ffffffff" TooltipColor="" Tooltip="" Text="">
                <Event Name="ButtonHoldBegin" Function="OnRotateRight"/>
                <Event Name="ButtonUp" Function="OnRotateRightCancel"/>
                <Event Name="ButtonUpCancel" Function="OnRotateRightCancel"/>
            </Control>
            <Control Class="Button" Base="CRB_ChallengeTrackerSprites:btnChallengeClose" Font="Thick" ButtonType="PushButton" RadioGroup="" LAnchorPoint="1" LAnchorOffset="-28" TAnchorPoint="0" TAnchorOffset="11" RAnchorPoint="1" RAnchorOffset="-7" BAnchorPoint="0" BAnchorOffset="32" DT_VCENTER="1" DT_CENTER="1" TooltipType="OnCursor" Name="MountPreviewCloseBtn" BGColor="ffffffff" TextColor="ffffffff" TooltipColor="" NormalTextColor="ffffffff" PressedTextColor="ffffffff" FlybyTextColor="ffffffff" PressedFlybyTextColor="ffffffff" DisabledTextColor="ffffffff">
                <Event Name="ButtonSignal" Function="OnCloseMountPreview"/>
            </Control>
        </Control>
    </Form>
    <Form Class="Window" LAnchorPoint="0" LAnchorOffset="0" TAnchorPoint="0" TAnchorOffset="0" RAnchorPoint="1" RAnchorOffset="0" BAnchorPoint="0" BAnchorOffset="40" RelativeToClient="1" Font="Default" Text="" Template="Default" TooltipType="OnCursor" Name="SpellEntry" Border="0" Picture="1" SwallowMouseClicks="1" Moveable="0" Escapable="0" Overlapped="0" BGColor="ffffffff" TextColor="ffffffff" TooltipColor="" Tooltip="">
        <Control Class="Window" LAnchorPoint="0" LAnchorOffset="48" TAnchorPoint="0" TAnchorOffset="0" RAnchorPoint="1" RAnchorOffset="0" BAnchorPoint="1" BAnchorOffset="0" RelativeToClient="1" Font="CRB_InterfaceMedium_B" Text="" Template="Default" TooltipType="OnCursor" Name="Title" BGColor="ffffffff" TextColor="UI_TextHoloBody" TooltipColor="" TextId="Challenges_NoProgress" DT_RIGHT="0" DT_VCENTER="1"/>
        <Control Class="Window" LAnchorPoint="0" LAnchorOffset="0" TAnchorPoint="0" TAnchorOffset="0" RAnchorPoint="0" RAnchorOffset="40" BAnchorPoint="1" BAnchorOffset="0" RelativeToClient="1" Font="Default" Text="" Template="Default" TooltipType="OnCursor" Name="IconBG" BGColor="ffffffff" TextColor="ffffffff" TooltipColor="" Border="0" IgnoreMouse="1" Picture="1" Sprite="CRB_Basekit:kitBase_HoloBlue_Tiny" NoClip="0" Visible="1" HideInEditor="0" TextId="" NewWindowDepth="1"/>
        <Control Class="ActionBarButton" Base="Button_ActionBarBlank" RelativeToClient="1" IfHoldNoSignal="1" DT_VCENTER="1" DT_CENTER="1" NeverBringToFront="0" Picture="1" WindowSoundTemplate="ActionBarButton" LAnchorPoint="0" LAnchorOffset="8" TAnchorPoint="0" TAnchorOffset="8" RAnchorPoint="0" RAnchorOffset="32" BAnchorPoint="0" BAnchorOffset="32" IgnoreTooltipDelay="0" TooltipType="OnCursor" Name="ActionBarButton" BGColor="ffffffff" TextColor="ffffffff" TooltipColor="" ProcessRightClick="1" ContentId="0" IgnoreMouse="0" NewWindowDepth="1" Tooltip="">
            <Event Name="QueryBeginDragDrop" Function="OnBeginDragDrop"/>
        </Control>
    </Form>
    <Form Class="Window" LAnchorPoint="0" LAnchorOffset="0" TAnchorPoint="0" TAnchorOffset="0" RAnchorPoint="1" RAnchorOffset="0" BAnchorPoint="0" BAnchorOffset="40" RelativeToClient="1" Font="Default" Text="" Template="Default" TooltipType="OnCursor" Name="GameCommandEntry" Border="0" Picture="0" SwallowMouseClicks="1" Moveable="0" Escapable="0" Overlapped="0" BGColor="ffffffff" TextColor="ffffffff" TooltipColor="" Tooltip="">
        <Control Class="Window" LAnchorPoint="0" LAnchorOffset="48" TAnchorPoint="0" TAnchorOffset="0" RAnchorPoint="1" RAnchorOffset="0" BAnchorPoint="1" BAnchorOffset="0" RelativeToClient="1" Font="CRB_InterfaceMedium_B" Text="" Template="Default" TooltipType="OnCursor" Name="Title" BGColor="ffffffff" TextColor="UI_TextHoloBody" TooltipColor="" TextId="Challenges_NoProgress" DT_RIGHT="0" DT_VCENTER="1"/>
        <Control Class="Window" LAnchorPoint="0" LAnchorOffset="0" TAnchorPoint="0" TAnchorOffset="0" RAnchorPoint="0" RAnchorOffset="40" BAnchorPoint="1" BAnchorOffset="0" RelativeToClient="1" Font="Default" Text="" Template="Default" TooltipType="OnCursor" Name="IconBG" BGColor="ffffffff" TextColor="ffffffff" TooltipColor="" Border="0" IgnoreMouse="1" Picture="1" Sprite="CRB_Basekit:kitBase_HoloBlue_Tiny" NoClip="0" Visible="1" HideInEditor="0" TextId="" NewWindowDepth="1"/>
        <Control Class="ActionBarButton" Base="Button_ActionBarBlank" RelativeToClient="1" IfHoldNoSignal="1" DT_VCENTER="1" DT_CENTER="1" NeverBringToFront="0" Picture="1" WindowSoundTemplate="ActionBarButton" LAnchorPoint="0" LAnchorOffset="8" TAnchorPoint="0" TAnchorOffset="8" RAnchorPoint="0" RAnchorOffset="32" BAnchorPoint="0" BAnchorOffset="32" IgnoreTooltipDelay="0" TooltipType="OnCursor" Name="ActionBarButton" BGColor="ffffffff" TextColor="ffffffff" TooltipColor="" ProcessRightClick="1" ContentId="0" IgnoreMouse="0" NewWindowDepth="1" Tooltip="" ContentType="GCBar">
            <Event Name="QueryBeginDragDrop" Function="OnBeginCmdDragDrop"/>
            <Event Name="GenerateTooltip" Function="OnGenerateTooltip"/>
        </Control>
    </Form>
    <Form Class="Window" LAnchorPoint="0" LAnchorOffset="0" TAnchorPoint="0" TAnchorOffset="0" RAnchorPoint="1" RAnchorOffset="0" BAnchorPoint="0" BAnchorOffset="40" RelativeToClient="1" Font="Default" Text="" Template="Default" TooltipType="OnCursor" Name="MountEntry" Border="0" Picture="1" SwallowMouseClicks="1" Moveable="0" Escapable="0" Overlapped="0" BGColor="ffffffff" TextColor="ffffffff" TooltipColor="" Tooltip="">
        <Control Class="Window" LAnchorPoint="0" LAnchorOffset="48" TAnchorPoint="0" TAnchorOffset="0" RAnchorPoint="1" RAnchorOffset="-44" BAnchorPoint="1" BAnchorOffset="0" RelativeToClient="1" Font="CRB_InterfaceMedium_B" Text="" Template="Default" TooltipType="OnCursor" Name="Title" BGColor="ffffffff" TextColor="UI_TextHoloBody" TooltipColor="" TextId="Challenges_NoProgress" DT_RIGHT="0" DT_VCENTER="1" DT_WORDBREAK="1"/>
        <Control Class="Window" LAnchorPoint="0" LAnchorOffset="0" TAnchorPoint="0" TAnchorOffset="0" RAnchorPoint="0" RAnchorOffset="40" BAnchorPoint="1" BAnchorOffset="0" RelativeToClient="1" Font="Default" Text="" Template="Default" TooltipType="OnCursor" Name="IconBG" BGColor="ffffffff" TextColor="ffffffff" TooltipColor="" Border="0" IgnoreMouse="1" Picture="1" Sprite="CRB_Basekit:kitBase_HoloBlue_Tiny" NoClip="0" Visible="1" HideInEditor="0" TextId="" NewWindowDepth="1"/>
        <Control Class="ActionBarButton" Base="Button_ActionBarBlank" RelativeToClient="1" IfHoldNoSignal="1" DT_VCENTER="1" DT_CENTER="1" NeverBringToFront="0" Picture="1" WindowSoundTemplate="ActionBarButton" LAnchorPoint="0" LAnchorOffset="8" TAnchorPoint="0" TAnchorOffset="8" RAnchorPoint="0" RAnchorOffset="32" BAnchorPoint="0" BAnchorOffset="32" IgnoreTooltipDelay="0" TooltipType="OnCursor" Name="ActionBarButton" BGColor="ffffffff" TextColor="ffffffff" TooltipColor="" ProcessRightClick="1" ContentId="0" IgnoreMouse="0" NewWindowDepth="1" Tooltip="">
            <Event Name="QueryBeginDragDrop" Function="OnBeginDragDrop"/>
        </Control>
        <Control Class="Button" Base="CRB_Basekit:kitBtn_Holo_Keyboard" Font="Thick" ButtonType="Check" RadioGroup="" LAnchorPoint="1" LAnchorOffset="-40" TAnchorPoint="0" TAnchorOffset="0" RAnchorPoint="1" RAnchorOffset="0" BAnchorPoint="1" BAnchorOffset="0" DT_VCENTER="1" DT_CENTER="1" TooltipType="OnCursor" Name="MountPreviewBtn" BGColor="ffffffff" TextColor="ffffffff" TooltipColor="" NormalTextColor="ffffffff" PressedTextColor="ffffffff" FlybyTextColor="ffffffff" PressedFlybyTextColor="ffffffff" DisabledTextColor="ffffffff" GlobalRadioGroup="NonCombatSpellbook_GlobalRadioGroup_MountPreview">
            <Control Class="Window" LAnchorPoint="0" LAnchorOffset="8" TAnchorPoint="0" TAnchorOffset="8" RAnchorPoint="1" RAnchorOffset="-8" BAnchorPoint="1" BAnchorOffset="-8" RelativeToClient="1" Font="Default" Text="" Template="Default" TooltipType="OnCursor" Name="MountPreviewButtonArt" BGColor="ffffffff" TextColor="ffffffff" TooltipColor="" Picture="1" IgnoreMouse="1" Sprite="ClientSprites:Icon_Mission_Explorer_ScavengerHunt" NewControlDepth="1"/>
            <Event Name="ButtonCheck" Function="OnMountPreviewCheck"/>
            <Event Name="ButtonUncheck" Function="OnCloseMountPreview"/>
        </Control>
    </Form>
</Forms>
