<Forms>
    <Form Class="Window" LAnchorPoint="0" LAnchorOffset="0" TAnchorPoint="0" TAnchorOffset="0" RAnchorPoint="1" RAnchorOffset="0" BAnchorPoint="0" BAnchorOffset="33" RelativeToClient="1" Font="Default" Text="" Template="CRB_Normal" Name="GameEntry" Border="0" Picture="0" SwallowMouseClicks="1" Moveable="0" Escapable="0" Overlapped="1" BGColor="white" TextColor="white" UseTemplateBG="0" NormalTextColor="UI_BtnTextHoloNormal" PressedTextColor="UI_BtnTextHoloPressed" FlybyTextColor="UI_BtnTextHoloFlyby" PressedFlybyTextColor="UI_BtnTextHoloPressedFlyby" DisabledTextColor="UI_BtnTextHoloDisabled" ButtonType="Check" GlobalRadioGroup="MatchingGame" RadioGroup="" NewWindowDepth="2" RadioDisallowNonSelection="1" TooltipColor="" Tooltip="">
        <Control Class="Button" Base="BK3:btnHolo_ListView_Simple" Font="CRB_InterfaceMedium_B" ButtonType="Check" RadioGroup="" LAnchorPoint="0" LAnchorOffset="0" TAnchorPoint="0" TAnchorOffset="0" RAnchorPoint="1" RAnchorOffset="0" BAnchorPoint="1" BAnchorOffset="0" DT_VCENTER="1" DT_CENTER="0" Name="MatchingGameSelectBtn" BGColor="white" TextColor="white" NormalTextColor="UI_BtnTextBlueNormal" PressedTextColor="UI_BtnTextBluePressed" FlybyTextColor="UI_BtnTextBlueFlyby" PressedFlybyTextColor="UI_BtnTextBluePressedFlyby" DisabledTextColor="UI_BtnTextBlueDisabled" Text="" GlobalRadioGroup="" RadioDisallowNonSelection="1" TooltipColor="UI_WindowTitleGray" TooltipFont="CRB_InterfaceSmall" TooltipType="OnCursor" Tooltip="">
            <Event Name="ButtonCheck" Function="OnMatchingGameSelect"/>
            <Event Name="ButtonUncheck" Function="OnMatchingGameUnSelect"/>
        </Control>
        <Control Class="Window" LAnchorPoint="0" LAnchorOffset="10" TAnchorPoint="0" TAnchorOffset="0" RAnchorPoint="1" RAnchorOffset="-119" BAnchorPoint="1" BAnchorOffset="-3" RelativeToClient="1" Font="CRB_InterfaceMedium_B" Text="" Template="Default" Name="MatchingGameLabel" BGColor="white" TextColor="UI_TextHoloBodyHighlight" TextId="" Tooltip="" DT_VCENTER="1" TooltipColor="" IgnoreMouse="1" AutoScaleText="1"/>
        <Control Class="Window" LAnchorPoint="1" LAnchorOffset="-112" TAnchorPoint="0.5" TAnchorOffset="-16" RAnchorPoint="1" RAnchorOffset="-48" BAnchorPoint="0.5" BAnchorOffset="14" RelativeToClient="1" Font="CRB_InterfaceMedium_BB" Text="" Template="Default" Name="QueueLabel" BGColor="white" TextColor="white" TextId="Matchmaker_QueueLabel" Tooltip="" DT_VCENTER="1" DT_RIGHT="1" DT_CENTER="1" Visible="0" TooltipColor="" NewWindowDepth="1"/>
        <Control Class="Button" Base="CRB_Basekit:kitBtn_Holo_CircleSmall" Font="CRB_InterfaceLarge_B" ButtonType="Check" RadioGroup="" LAnchorPoint="1" LAnchorOffset="3" TAnchorPoint="0" TAnchorOffset="4" RAnchorPoint="1" RAnchorOffset="29" BAnchorPoint="1" BAnchorOffset="-3" DT_VCENTER="1" DT_CENTER="1" TooltipType="OnCursor" Name="EntryInfoBtn" BGColor="white" TextColor="white" TooltipColor="" NormalTextColor="UI_BtnTextHoloListNormal" PressedTextColor="UI_BtnTextHoloListPressed" FlybyTextColor="UI_BtnTextHoloListFlyby" PressedFlybyTextColor="UI_BtnTextHoloListPressedFlyby" DisabledTextColor="UI_BtnTextHoloListDisabled" Text="" NewControlDepth="5" TextId="">
            <Event Name="ButtonCheck" Function="OnEntryInfoCheck"/>
            <Event Name="ButtonUncheck" Function="OnEntryInfoUncheck"/>
            <Pixie LAnchorPoint="0" LAnchorOffset="3" TAnchorPoint="0" TAnchorOffset="5" RAnchorPoint="0" RAnchorOffset="21" BAnchorPoint="0" BAnchorOffset="22" Sprite="CRB_Basekit:kitIcon_Holo_QuestionMark" BGColor="white" TextColor="black" Rotation="0" Font="CRB_Interface11_B"/>
        </Control>
    </Form>
    <Form Name="JoinGame" Class="Window" LAnchorPoint="0.5" LAnchorOffset="-200" TAnchorPoint="0.5" TAnchorOffset="-224" RAnchorPoint="0.5" RAnchorOffset="200" BAnchorPoint="0.5" BAnchorOffset="-54" Template="" Moveable="0" Border="0" Sprite="" Picture="1" BGOpacity=".5" BGColor="ffffffff" TextColor="white" Escapable="0" Overlapped="1" SwallowMouseClicks="1" LeftEdgeControlsAnchor="" AutoFade="0" AutoFadeNC="0" AutoFadeBG="0" UseTemplateBG="0" TooltipColor="" Tooltip="">
        <Event Name="WindowClosed" Function="OnWindowClosed"/>
        <Control Class="Window" LAnchorPoint="0" LAnchorOffset="0" TAnchorPoint="0" TAnchorOffset="0" RAnchorPoint="1" RAnchorOffset="0" BAnchorPoint="1" BAnchorOffset="0" RelativeToClient="1" Font="Default" Text="" BGColor="UI_WindowBGDefault" TextColor="UI_WindowTextDefault" Template="Default" TooltipType="OnCursor" Name="HoloBG" TooltipColor="" Sprite="BK3:sprHolo_Alert_Confirm" Picture="1" IgnoreMouse="1"/>
        <Control Class="Button" Name="YesButton" LAnchorPoint=".5" LAnchorOffset="-118" TAnchorPoint="1" TAnchorOffset="-91" RAnchorPoint=".5" RAnchorOffset="-4" BAnchorPoint="1" BAnchorOffset="-18" RelativeToClient="1" Font="CRB_Button" Template="CRB_Hologram" BGColor="white" TextColor="white" DT_CENTER="1" DT_VCENTER="1" Base="BK3:btnHolo_Blue_Med" DrawAsCheckbox="0" CheckboxRight="0" NewControlDepth="2" TextId="CRB_Accept" NormalTextColor="UI_BtnTextBlueNormal" PressedTextColor="UI_BtnTextBluePressed" FlybyTextColor="UI_BtnTextBlueFlyby" PressedFlybyTextColor="UI_BtnTextBluePressedFlyby" DisabledTextColor="UI_BtnTextBlueDisabled" UseTemplateBG="0" Text="" Tooltip="" TooltipColor="">
            <Event Name="ButtonSignal" Function="OnYes"/>
        </Control>
        <Control Class="Button" Name="NoButton" LAnchorPoint=".5" LAnchorOffset="1" TAnchorPoint="1" TAnchorOffset="-91" RAnchorPoint=".5" RAnchorOffset="115" BAnchorPoint="1" BAnchorOffset="-18" RelativeToClient="1" Font="CRB_Button" Template="CRB_Hologram" BGColor="white" TextColor="white" DT_CENTER="1" DT_VCENTER="1" TestAlpha="0" NoClip="0" Base="BK3:btnHolo_Red_Med" NewControlDepth="2" TextId="CRB_Decline" NormalTextColor="UI_BtnTextRedNormal" PressedTextColor="UI_BtnTextRedPressed" FlybyTextColor="UI_BtnTextRedFlyby" PressedFlybyTextColor="UI_BtnTextRedPressedFlyby" DisabledTextColor="UI_BtnTextRedDisabled" UseTemplateBG="0" Tooltip="" Text="" TooltipColor="">
            <Event Name="ButtonSignal" Function="OnNo"/>
        </Control>
        <Control Class="Button" Base="BK3:btnHolo_Close" Font="CRB_InterfaceMedium" ButtonType="PushButton" RadioGroup="" LAnchorPoint="1" LAnchorOffset="-60" TAnchorPoint="0" TAnchorOffset="18" RAnchorPoint="1" RAnchorOffset="-18" BAnchorPoint="0" BAnchorOffset="62" DT_VCENTER="1" DT_CENTER="1" Name="CloseButton" BGColor="white" TextColor="white" Template="" NoClip="1" NewControlDepth="2" NormalTextColor="white" PressedTextColor="white" FlybyTextColor="white" PressedFlybyTextColor="white" DisabledTextColor="white" TooltipColor="">
            <Event Name="ButtonSignal" Function="OnNo"/>
        </Control>
        <Control Class="Window" LAnchorPoint="0" LAnchorOffset="60" TAnchorPoint="0" TAnchorOffset="27" RAnchorPoint="1" RAnchorOffset="-60" BAnchorPoint="0" BAnchorOffset="78" RelativeToClient="1" Font="CRB_InterfaceMedium" Sprite="BK3:UI_BK3_Holo_InsetSimple" Template="" Name="Title" BGColor="white" TextColor="UI_TextHoloBodyHighlight" DT_CENTER="1" DT_RIGHT="0" DT_VCENTER="1" DT_WORDBREAK="1" TextId="CRB_Are_you_really_sure" TooltipColor="" Picture="1" IgnoreMouse="1"/>
    </Form>
    <Form Name="RoleConfirm" Class="Window" LAnchorPoint="0.5" LAnchorOffset="-200" TAnchorPoint="0.5" TAnchorOffset="-224" RAnchorPoint="0.5" RAnchorOffset="200" BAnchorPoint="0.5" BAnchorOffset="50" Template="Holo_Small" Moveable="0" Border="1" Sprite="" Picture="0" BGOpacity=".5" BGColor="white" TextColor="white" Escapable="0" Overlapped="1" SwallowMouseClicks="1" LeftEdgeControlsAnchor="" AutoFade="0" AutoFadeNC="0" AutoFadeBG="0" UseTemplateBG="1" TooltipColor="" Tooltip="">
        <Event Name="WindowClosed" Function="OnWindowClosed"/>
        <Control Class="Window" LAnchorPoint="0" LAnchorOffset="60" TAnchorPoint="0" TAnchorOffset="85" RAnchorPoint="1" RAnchorOffset="-60" BAnchorPoint="0" BAnchorOffset="161" RelativeToClient="1" Font="Default" Text="" BGColor="UI_WindowBGDefault" TextColor="UI_WindowTextDefault" Template="Default" TooltipType="OnCursor" Name="InsetFrame" TooltipColor="" TextId="" Sprite="BK3:UI_BK3_Holo_InsetSimple" Border="0" IgnoreMouse="1" Picture="1"/>
        <Control Class="Button" Name="AcceptButton" LAnchorPoint=".5" LAnchorOffset="-118" TAnchorPoint="1" TAnchorOffset="-111" RAnchorPoint=".5" RAnchorOffset="-4" BAnchorPoint="1" BAnchorOffset="-38" RelativeToClient="1" Font="CRB_Button" Template="CRB_Hologram" BGColor="white" TextColor="white" DT_CENTER="1" DT_VCENTER="1" Base="BK3:btnHolo_Blue_Med" DrawAsCheckbox="0" CheckboxRight="0" NewControlDepth="2" TextId="CRB_Accept" NormalTextColor="UI_BtnTextBlueNormal" PressedTextColor="UI_BtnTextBluePressed" FlybyTextColor="UI_BtnTextBlueFlyby" PressedFlybyTextColor="UI_BtnTextHoloListPressedFlyby" DisabledTextColor="UI_BtnTextHoloListDisabled" UseTemplateBG="0" Text="" Tooltip="" TooltipColor="">
            <Event Name="ButtonSignal" Function="OnAcceptRole"/>
        </Control>
        <Control Class="Button" Name="CancelButton" LAnchorPoint=".5" LAnchorOffset="1" TAnchorPoint="1" TAnchorOffset="-111" RAnchorPoint=".5" RAnchorOffset="115" BAnchorPoint="1" BAnchorOffset="-38" RelativeToClient="1" Font="CRB_Button" Template="CRB_Hologram" BGColor="white" TextColor="white" DT_CENTER="1" DT_VCENTER="1" TestAlpha="0" NoClip="0" Base="BK3:btnHolo_Red_Med" NewControlDepth="2" TextId="CRB_Cancel" NormalTextColor="UI_BtnTextRedNormal" PressedTextColor="UI_BtnTextRedPressed" FlybyTextColor="UI_BtnTextRedFlyby" PressedFlybyTextColor="UI_BtnTextHoloListPressedFlyby" DisabledTextColor="UI_BtnTextHoloListDisabled" UseTemplateBG="0" Tooltip="" Text="" TooltipColor="">
            <Event Name="ButtonSignal" Function="OnCancelRole"/>
        </Control>
        <Control Class="Button" Base="BK3:btnHolo_Close" Font="CRB_InterfaceMedium" ButtonType="PushButton" RadioGroup="" LAnchorPoint="1" LAnchorOffset="-83" TAnchorPoint="0" TAnchorOffset="39" RAnchorPoint="1" RAnchorOffset="-41" BAnchorPoint="0" BAnchorOffset="83" DT_VCENTER="1" DT_CENTER="1" Name="CloseButton" BGColor="white" TextColor="white" Template="" NoClip="1" NewControlDepth="2" NormalTextColor="white" PressedTextColor="white" FlybyTextColor="white" PressedFlybyTextColor="white" DisabledTextColor="white" TooltipColor="">
            <Event Name="ButtonSignal" Function="OnCancelRole"/>
        </Control>
        <Control Class="Button" Base="BK3:btnHolo_Radio_Big" Font="Thick" ButtonType="Check" RadioGroup="" LAnchorPoint="0" LAnchorOffset="73" TAnchorPoint="0" TAnchorOffset="108" RAnchorPoint="0" RAnchorOffset="148" BAnchorPoint="0" BAnchorOffset="140" DT_VCENTER="1" DT_CENTER="1" TooltipType="OnCursor" Name="TankBtn" BGColor="white" TextColor="white" TooltipColor="" NormalTextColor="UI_BtnTextHoloListNormal" PressedTextColor="UI_BtnTextHoloListPressed" FlybyTextColor="UI_BtnTextHoloListFlyby" PressedFlybyTextColor="UI_BtnTextHoloListPressedFlyby" DisabledTextColor="UI_BtnTextHoloListDisabled" Text="" CheckboxRight="0" DrawAsCheckbox="1" GlobalRadioGroup="" Template="CRB_NormalFramedThin" HideInEditor="0">
            <Event Name="ButtonCheck" Function="OnTankChecked"/>
            <Event Name="ButtonUncheck" Function="OnTankUnchecked"/>
        </Control>
        <Control Class="Button" Base="BK3:btnHolo_Radio_Big" Font="Thick" ButtonType="Check" RadioGroup="" LAnchorPoint=".5" LAnchorOffset="-33" TAnchorPoint="0" TAnchorOffset="108" RAnchorPoint=".5" RAnchorOffset="50" BAnchorPoint="0" BAnchorOffset="140" DT_VCENTER="1" DT_CENTER="1" TooltipType="OnCursor" Name="HealerBtn" BGColor="white" TextColor="white" TooltipColor="" NormalTextColor="UI_BtnTextHoloListNormal" PressedTextColor="UI_BtnTextHoloListPressed" FlybyTextColor="UI_BtnTextHoloListFlyby" PressedFlybyTextColor="UI_BtnTextHoloListPressedFlyby" DisabledTextColor="UI_BtnTextHoloListDisabled" Text="" CheckboxRight="0" DrawAsCheckbox="1" GlobalRadioGroup="">
            <Event Name="ButtonCheck" Function="OnHealerChecked"/>
            <Event Name="ButtonUncheck" Function="OnHealerUnchecked"/>
        </Control>
        <Control Class="Button" Base="BK3:btnHolo_Radio_Big" Font="Thick" ButtonType="Check" RadioGroup="" LAnchorPoint="0" LAnchorOffset="257" TAnchorPoint="0" TAnchorOffset="108" RAnchorPoint="0" RAnchorOffset="329" BAnchorPoint="0" BAnchorOffset="140" DT_VCENTER="1" DT_CENTER="1" TooltipType="OnCursor" Name="DPSBtn" BGColor="white" TextColor="white" TooltipColor="" NormalTextColor="UI_BtnTextHoloListNormal" PressedTextColor="UI_BtnTextHoloListPressed" FlybyTextColor="UI_BtnTextHoloListFlyby" PressedFlybyTextColor="UI_BtnTextHoloListPressedFlyby" DisabledTextColor="UI_BtnTextHoloListDisabled" Text="" CheckboxRight="0" DrawAsCheckbox="1" GlobalRadioGroup="" Tooltip="">
            <Event Name="ButtonCheck" Function="OnDPSChecked"/>
            <Event Name="ButtonUncheck" Function="OnDPSUnchecked"/>
        </Control>
        <Pixie LAnchorPoint="0" LAnchorOffset="20" TAnchorPoint="0" TAnchorOffset="49" RAnchorPoint="1" RAnchorOffset="-20" BAnchorPoint="1" BAnchorOffset="0" BGColor="white" Font="CRB_HeaderMedium" TextColor="UI_WindowTitleYellow" Text="" TextId="MatchMaker_RoleConfirmTitle" Sprite="" DT_CENTER="1" DT_RIGHT="0" DT_VCENTER="0" DT_WORDBREAK="1" Line="0"/>
        <Pixie LAnchorPoint="0" LAnchorOffset="103" TAnchorPoint="0" TAnchorOffset="114" RAnchorPoint="0" RAnchorOffset="143" BAnchorPoint="1" BAnchorOffset="0" BGColor="white" Font="CRB_InterfaceMedium" TextColor="UI_BtnTextBlueNormal" Text="" TextId="MatchMaker_Tank" DT_VCENTER="0" Line="0"/>
        <Pixie LAnchorPoint="0" LAnchorOffset="197" TAnchorPoint="0" TAnchorOffset="114" RAnchorPoint="1" RAnchorOffset="0" BAnchorPoint="1" BAnchorOffset="0" BGColor="white" Font="CRB_InterfaceMedium" TextColor="UI_BtnTextBlueNormal" Text="" TextId="MatchMaker_Healer" DT_VCENTER="0" Line="0"/>
        <Pixie LAnchorPoint="0" LAnchorOffset="287" TAnchorPoint="0" TAnchorOffset="114" RAnchorPoint="1" RAnchorOffset="0" BAnchorPoint="1" BAnchorOffset="0" BGColor="white" Font="CRB_InterfaceMedium" TextColor="UI_BtnTextBlueNormal" Text="" TextId="CRB_DPS" DT_VCENTER="0" Line="0"/>
    </Form>
    <Form Class="Window" LAnchorPoint=".5" LAnchorOffset="-380" TAnchorPoint=".5" TAnchorOffset="-310" RAnchorPoint=".5" RAnchorOffset="380" BAnchorPoint=".5" BAnchorOffset="310" RelativeToClient="1" Font="Default" Text="" Template="CRB_Default" Name="MatchMakerFrame" Border="0" Picture="1" SwallowMouseClicks="1" Moveable="1" Escapable="1" Overlapped="1" BGColor="white" TextColor="white" TextId="" TooltipColor="" Tooltip="" UseTemplateBG="1">
        <Control Class="Window" LAnchorPoint="0" LAnchorOffset="308" TAnchorPoint="0" TAnchorOffset="71" RAnchorPoint="0" RAnchorOffset="736" BAnchorPoint="1" BAnchorOffset="-23" RelativeToClient="1" Font="Default" Text="" BGColor="UI_WindowBGDefault" TextColor="UI_WindowTextDefault" Template="Holo_Background_General" TooltipType="OnCursor" Name="HoloBG" TooltipColor="" Border="1" IgnoreMouse="1" UseTemplateBG="1"/>
        <Control Class="Window" LAnchorPoint="0" LAnchorOffset="22" TAnchorPoint="0" TAnchorOffset="70" RAnchorPoint="0" RAnchorOffset="308" BAnchorPoint="1" BAnchorOffset="-20" RelativeToClient="1" Font="Default" Text="" BGColor="UI_WindowBGDefault" TextColor="UI_WindowTextDefault" Template="Metal_ScrollList" TooltipType="OnCursor" Name="MetalBG" TooltipColor="" Border="1" IgnoreMouse="1" UseTemplateBG="1"/>
        <Event Name="WindowClosed" Function="OnClose"/>
        <Control Class="Button" Base="CRB_Basekit:kitBtn_Dropdown_TextBaseHolo2" Font="CRB_InterfaceMedium" ButtonType="Check" RadioGroup="" LAnchorPoint="1" LAnchorOffset="-438" TAnchorPoint="0" TAnchorOffset="85" RAnchorPoint="1" RAnchorOffset="-41" BAnchorPoint="0" BAnchorOffset="121" DT_VCENTER="1" DT_CENTER="1" TooltipType="OnCursor" Name="ModeToggle" BGColor="white" TextColor="UI_TextHoloBodyHighlight" TooltipColor="" NormalTextColor="UI_BtnTextHoloNormal" PressedTextColor="UI_BtnTextHoloPressed" FlybyTextColor="UI_BtnTextHoloFlyby" PressedFlybyTextColor="UI_BtnTextHoloPressedFlyby" DisabledTextColor="UI_BtnTextHoloDisabled" Text="" NewControlDepth="10">
            <Event Name="ButtonCheck" Function="OnModeBtnCheck"/>
            <Event Name="ButtonUncheck" Function="OnModeBtnUncheck"/>
        </Control>
        <Control Class="Window" LAnchorPoint="0" LAnchorOffset="22" TAnchorPoint="0" TAnchorOffset="71" RAnchorPoint="0" RAnchorOffset="317" BAnchorPoint="0" BAnchorOffset="595" RelativeToClient="1" Font="Default" Text="" Template="Default" TooltipType="OnCursor" Name="InfoHeader" BGColor="white" TextColor="white" TooltipColor="">
            <Pixie LAnchorPoint="0" LAnchorOffset="7" TAnchorPoint="0" TAnchorOffset="0" RAnchorPoint="1" RAnchorOffset="-7" BAnchorPoint="1" BAnchorOffset="0" BGColor="white" Font="Default" TextColor="white" Text="" Sprite="BK3:UI_BK3_Metal_Inset_Block1" Line="0"/>
            <Pixie LAnchorPoint="0" LAnchorOffset="0" TAnchorPoint="0" TAnchorOffset="14" RAnchorPoint="1" RAnchorOffset="0" BAnchorPoint="1" BAnchorOffset="0" BGColor="white" Font="CRB_Header14" TextColor="UI_TextMetalBodyHighlight" Text="" TextId="MatchMaker_MyStatusLabel" DT_CENTER="1" DT_VCENTER="0" DT_BOTTOM="0" Line="0"/>
        </Control>
        <Control Class="Window" LAnchorPoint="0" LAnchorOffset="36" TAnchorPoint="0" TAnchorOffset="108" RAnchorPoint="0" RAnchorOffset="299" BAnchorPoint="0" BAnchorOffset="262" RelativeToClient="1" Font="Default" Text="" Template="Default" TooltipType="OnCursor" Name="PvPInfo" BGColor="white" TextColor="white" TooltipColor="" IgnoreMouse="1" UseTemplateBG="1" Picture="1">
            <Control Class="Window" LAnchorPoint="0" LAnchorOffset="21" TAnchorPoint="0" TAnchorOffset="54" RAnchorPoint="1" RAnchorOffset="-17" BAnchorPoint="0" BAnchorOffset="78" RelativeToClient="1" Font="CRB_InterfaceMedium" Text="" Template="Default" TooltipType="OnCursor" Name="LabelStatus" BGColor="white" TextColor="UI_TextHoloBody" TooltipColor="" TextId="MatchMaker_PvPLabel" DT_BOTTOM="0" DT_RIGHT="0" DT_VCENTER="1" Visible="0" HideInEditor="1"/>
            <Control Class="Button" Base="CRB_Basekit:kitBtn_Metal_LargeBlue" Font="CRB_InterfaceMedium_B" ButtonType="PushButton" RadioGroup="" LAnchorPoint="0" LAnchorOffset="24" TAnchorPoint="1" TAnchorOffset="-69" RAnchorPoint="1" RAnchorOffset="-24" BAnchorPoint="1" BAnchorOffset="-21" DT_VCENTER="1" DT_CENTER="1" TooltipType="OnCursor" Name="PvPToggleBtn" BGColor="white" TextColor="white" TooltipColor="" NormalTextColor="UI_BtnTextHoloNormal" PressedTextColor="UI_BtnTextHoloPressed" FlybyTextColor="UI_BtnTextHoloFlyby" PressedFlybyTextColor="UI_BtnTextHoloPressedFlyby" DisabledTextColor="UI_BtnTextHoloDisabled" Text="" TextId="MatchMaker_PvPBtnDefault">
                <Event Name="ButtonSignal" Function="OnTogglePvp"/>
            </Control>
            <Control Class="Window" LAnchorPoint="0" LAnchorOffset="10" TAnchorPoint="0" TAnchorOffset="54" RAnchorPoint="1" RAnchorOffset="-10" BAnchorPoint="0" BAnchorOffset="78" RelativeToClient="1" Font="CRB_InterfaceLarge" Text="Time in queue: 5:00" Template="Default" TooltipType="OnCursor" Name="PvPStatus" BGColor="white" TextColor="UI_WindowTextOrange" TooltipColor="" TextId="" DT_BOTTOM="0" DT_RIGHT="0" DT_VCENTER="1" DT_CENTER="1"/>
            <Pixie LAnchorPoint="0" LAnchorOffset="9" TAnchorPoint="0" TAnchorOffset="8" RAnchorPoint="1" RAnchorOffset="-9" BAnchorPoint="1" BAnchorOffset="-8" BGColor="white" Font="Default" TextColor="white" Text="" Sprite="BK3:sprMetal_Metal_InsetHeaderThin" Line="0"/>
            <Pixie LAnchorPoint="0" LAnchorOffset="0" TAnchorPoint="0" TAnchorOffset="16" RAnchorPoint="1" RAnchorOffset="0" BAnchorPoint="0" BAnchorOffset="36" BGColor="white" Font="CRB_Header12" TextColor="UI_TextMetalBodyHighlight" Text="" TextId="MatchMaker_PvPStatusLabel" DT_CENTER="1" DT_VCENTER="0" DT_BOTTOM="0" Line="0"/>
        </Control>
        <Control Class="Window" LAnchorPoint="0" LAnchorOffset="35" TAnchorPoint="1" TAnchorOffset="-346" RAnchorPoint="0" RAnchorOffset="299" BAnchorPoint="1" BAnchorOffset="-67" RelativeToClient="1" Font="Default" Text="" Template="Default" TooltipType="OnCursor" Name="MatchQueueInfo" BGColor="white" TextColor="white" TooltipColor="" Picture="1" IgnoreMouse="1" Sprite="" HideInEditor="0" TransitionShowHide="1" NoClip="1" Visible="1" Border="0" UseTemplateBG="1">
            <Control Class="Window" LAnchorPoint="0" LAnchorOffset="21" TAnchorPoint="0" TAnchorOffset="84" RAnchorPoint="1" RAnchorOffset="-17" BAnchorPoint="0" BAnchorOffset="108" RelativeToClient="1" Font="CRB_InterfaceMedium" Text="" Template="Default" TooltipType="OnCursor" Name="LabelType" BGColor="white" TextColor="UI_TextHoloBody" TooltipColor="" TextId="MatchMaker_TypeLabel" DT_BOTTOM="0" DT_RIGHT="0" DT_VCENTER="1"/>
            <Control Class="Window" LAnchorPoint="0" LAnchorOffset="21" TAnchorPoint="0" TAnchorOffset="123" RAnchorPoint="1" RAnchorOffset="0" BAnchorPoint="0" BAnchorOffset="147" RelativeToClient="1" Font="CRB_InterfaceMedium" Text="" Template="Default" TooltipType="OnCursor" Name="LabelTime" BGColor="white" TextColor="UI_TextHoloBody" TooltipColor="" TextId="MatchMaker_TimeLabel" DT_BOTTOM="0" DT_RIGHT="0" DT_VCENTER="1"/>
            <Control Class="Window" LAnchorPoint="0" LAnchorOffset="21" TAnchorPoint="0" TAnchorOffset="162" RAnchorPoint="1" RAnchorOffset="0" BAnchorPoint="0" BAnchorOffset="186" RelativeToClient="1" Font="CRB_InterfaceMedium" Text="" Template="Default" TooltipType="OnCursor" Name="LabelWaitTime" BGColor="white" TextColor="UI_TextHoloBody" TooltipColor="" TextId="MatchMaker_WaitTimeLabel" DT_BOTTOM="0" DT_RIGHT="0" DT_VCENTER="1"/>
            <Control Class="Window" LAnchorPoint="0" LAnchorOffset="21" TAnchorPoint="0" TAnchorOffset="177" RAnchorPoint="1" RAnchorOffset="-15" BAnchorPoint="0" BAnchorOffset="201" RelativeToClient="1" Font="CRB_InterfaceMedium" Text="" Template="Default" TooltipType="OnCursor" Name="AverageWaitTime" BGColor="white" TextColor="UI_TextHoloBodyHighlight" TooltipColor="" TextId="MatchMaker_AverageWait" DT_BOTTOM="0" DT_RIGHT="0" DT_VCENTER="1"/>
            <Control Class="Window" LAnchorPoint="0" LAnchorOffset="21" TAnchorPoint="0" TAnchorOffset="138" RAnchorPoint="1" RAnchorOffset="-15" BAnchorPoint="0" BAnchorOffset="162" RelativeToClient="1" Font="CRB_InterfaceMedium" Text="Time in queue: 5:00" Template="Default" TooltipType="OnCursor" Name="TimeInQueue" BGColor="white" TextColor="UI_TextHoloBodyHighlight" TooltipColor="" TextId="" DT_BOTTOM="0" DT_RIGHT="0" DT_VCENTER="1"/>
            <Control Class="Window" LAnchorPoint="0" LAnchorOffset="21" TAnchorPoint="0" TAnchorOffset="63" RAnchorPoint="1" RAnchorOffset="-15" BAnchorPoint="0" BAnchorOffset="87" RelativeToClient="1" Font="CRB_InterfaceMedium" Text="Time in queue: 5:00" Template="Default" TooltipType="OnCursor" Name="QueueStatus" BGColor="white" TextColor="UI_WindowTextOrange" TooltipColor="" TextId="" DT_BOTTOM="0" DT_RIGHT="0" DT_VCENTER="1"/>
            <Control Class="Button" Base="CRB_Basekit:kitBtn_Metal_LargeBlue" Font="CRB_InterfaceMedium_B" ButtonType="PushButton" RadioGroup="" LAnchorPoint="0" LAnchorOffset="24" TAnchorPoint="1" TAnchorOffset="-58" RAnchorPoint="1" RAnchorOffset="-24" BAnchorPoint="1" BAnchorOffset="-10" DT_VCENTER="1" DT_CENTER="1" TooltipType="OnCursor" Name="LeaveQueueBtn" BGColor="white" TextColor="white" TooltipColor="" NormalTextColor="UI_BtnTextHoloNormal" PressedTextColor="UI_BtnTextHoloPressed" FlybyTextColor="UI_BtnTextHoloFlyby" PressedFlybyTextColor="UI_BtnTextHoloPressedFlyby" DisabledTextColor="UI_BtnTextHoloDisabled" Text="" TextId="CRB_LeaveQueue" Tooltip="">
                <Event Name="ButtonSignal" Function="OnLeaveQueueBtn"/>
                <Control Class="Window" LAnchorPoint="0" LAnchorOffset="0" TAnchorPoint="0" TAnchorOffset="0" RAnchorPoint="1" RAnchorOffset="0" BAnchorPoint="1" BAnchorOffset="0" RelativeToClient="1" Font="Default" Text="" BGColor="UI_WindowBGDefault" TextColor="UI_WindowTextDefault" Template="Default" TooltipType="OnCursor" Name="LeaveQueueFraming" TooltipColor=""/>
            </Control>
            <Control Class="Window" LAnchorPoint="0" LAnchorOffset="21" TAnchorPoint="0" TAnchorOffset="99" RAnchorPoint="1" RAnchorOffset="-15" BAnchorPoint="0" BAnchorOffset="123" RelativeToClient="1" Font="CRB_InterfaceMedium" Text="Time in queue: 5:00" Template="Default" TooltipType="OnCursor" Name="QueueType" BGColor="white" TextColor="UI_TextHoloBodyHighlight" TooltipColor="" TextId="" DT_BOTTOM="0" DT_RIGHT="0" DT_VCENTER="1" IgnoreMouse="1" AutoScaleText="1"/>
            <Pixie LAnchorPoint="0" LAnchorOffset="9" TAnchorPoint="0" TAnchorOffset="8" RAnchorPoint="1" RAnchorOffset="-9" BAnchorPoint="0" BAnchorOffset="209" BGColor="white" Font="Default" TextColor="white" Text="" Sprite="BK3:sprMetal_Metal_InsetHeaderThin" Line="0"/>
            <Pixie LAnchorPoint="0" LAnchorOffset="0" TAnchorPoint="0" TAnchorOffset="16" RAnchorPoint="1" RAnchorOffset="0" BAnchorPoint="0" BAnchorOffset="35" BGColor="white" Font="CRB_Header12" TextColor="UI_TextMetalBodyHighlight" Text="" TextId="MatchMaker_QueueInfoLabel" DT_CENTER="1" DT_VCENTER="0" DT_BOTTOM="1" Line="0"/>
            <Pixie LAnchorPoint="0" LAnchorOffset="21" TAnchorPoint="0" TAnchorOffset="48" RAnchorPoint="1" RAnchorOffset="-17" BAnchorPoint="0" BAnchorOffset="72" BGColor="white" Font="CRB_InterfaceMedium" TextColor="UI_TextHoloBody" Text="" TextId="HousingLandscape_TimeLabel" DT_RIGHT="0" DT_VCENTER="1" DT_BOTTOM="0" Line="0"/>
        </Control>
        <Control Class="Window" LAnchorPoint="1" LAnchorOffset="-436" TAnchorPoint="0" TAnchorOffset="126" RAnchorPoint="1" RAnchorOffset="-41" BAnchorPoint="0" BAnchorOffset="514" RelativeToClient="1" Font="Default" Text="" Template="Default" TooltipType="OnCursor" Name="ModeContent" BGColor="white" TextColor="white" TooltipColor="" NewControlDepth="5" Sprite="BK3:UI_BK3_Holo_InsetSimple" Picture="1" IgnoreMouse="1" HideInEditor="0">
            <Control Class="Window" LAnchorPoint="0" LAnchorOffset="2" TAnchorPoint="0" TAnchorOffset="3" RAnchorPoint="1" RAnchorOffset="-2" BAnchorPoint="1" BAnchorOffset="0" RelativeToClient="1" Font="Default" Text="" Template="Default" TooltipType="OnCursor" Name="MatchListFrame" BGColor="white" TextColor="white" TooltipColor="" Picture="1" IgnoreMouse="1" Sprite="" HideInEditor="0" Tooltip="">
                <Control Class="Window" LAnchorPoint="0" LAnchorOffset="10" TAnchorPoint="0" TAnchorOffset="4" RAnchorPoint="1" RAnchorOffset="-10" BAnchorPoint="0" BAnchorOffset="39" RelativeToClient="1" Font="Default" Text="" Template="Default" TooltipType="OnCursor" Name="HeaderEntry" Border="0" Picture="1" SwallowMouseClicks="1" Moveable="0" Escapable="0" Overlapped="1" BGColor="white" TextColor="white" TooltipColor="" Sprite="" IgnoreMouse="1">
                    <Control Class="Window" LAnchorPoint="0" LAnchorOffset="0" TAnchorPoint="0" TAnchorOffset="0" RAnchorPoint="1" RAnchorOffset="0" BAnchorPoint="1" BAnchorOffset="0" RelativeToClient="1" Font="CRB_Header12" Text="" Template="Default" TooltipType="OnCursor" Name="HeaderLabel" BGColor="white" TextColor="UI_TextHoloTitle" TooltipColor="" TextId="MatchMaker_Matches" DT_CENTER="1" DT_VCENTER="1"/>
                </Control>
                <Control Class="Window" LAnchorPoint="0" LAnchorOffset="3" TAnchorPoint="0" TAnchorOffset="40" RAnchorPoint="1" RAnchorOffset="-3" BAnchorPoint="1" BAnchorOffset="-3" RelativeToClient="1" Font="Default" Text="" Template="Holo_ScrollList" Name="MatchList" BGColor="UI_AlphaPercent20" TextColor="white" VScroll="1" IgnoreMouse="1" UseTemplateBG="1" Border="1" Visible="1" TooltipColor="" Picture="1" Sprite="" NoClip="1" HideInEditor="0"/>
                <Control Class="Window" LAnchorPoint="0" LAnchorOffset="5" TAnchorPoint="0" TAnchorOffset="43" RAnchorPoint="1" RAnchorOffset="-5" BAnchorPoint="1" BAnchorOffset="-5" RelativeToClient="1" Font="CRB_InterfaceLarge" Text="" Template="Default" TooltipType="OnCursor" Name="ListBlocker" BGColor="UI_AlphaBlackPercent60" TextColor="UI_WindowErrorText" TooltipColor="" Picture="1" IgnoreMouse="0" Sprite="WhiteFill" NewWindowDepth="1" Sizable="0" Visible="0" TextId="MatchMaker_CurrentlyInMatch" DT_VCENTER="1" DT_CENTER="1" NoClip="1" NewControlDepth="6" HideInEditor="1"/>
                <Pixie LAnchorPoint="0" LAnchorOffset="0" TAnchorPoint="0" TAnchorOffset="3" RAnchorPoint="1" RAnchorOffset="0" BAnchorPoint="1" BAnchorOffset="-3" Sprite="BK3:UI_BK3_Holo_InsetHeaderThin" BGColor="white" TextColor="black" Rotation="0" Font="Default"/>
            </Control>
            <Control Class="Window" LAnchorPoint="0" LAnchorOffset="3" TAnchorPoint="0" TAnchorOffset="1" RAnchorPoint="1" RAnchorOffset="-3" BAnchorPoint="0" BAnchorOffset="180" RelativeToClient="1" Font="Default" Text="" Template="Default" TooltipType="OnCursor" Name="ArenaTeamFrame" BGColor="white" TextColor="white" TooltipColor="" Picture="1" IgnoreMouse="1" Sprite="" HideInEditor="1">
                <Control Class="Window" LAnchorPoint="0" LAnchorOffset="0" TAnchorPoint="0" TAnchorOffset="11" RAnchorPoint="1" RAnchorOffset="0" BAnchorPoint="0" BAnchorOffset="34" RelativeToClient="1" Font="Default" Text="" Template="Default" TooltipType="OnCursor" Name="HeaderEntry" Border="0" Picture="1" SwallowMouseClicks="1" Moveable="0" Escapable="0" Overlapped="1" BGColor="white" TextColor="white" TooltipColor="" Sprite="" IgnoreMouse="1">
                    <Control Class="Window" LAnchorPoint="0" LAnchorOffset="0" TAnchorPoint="0" TAnchorOffset="0" RAnchorPoint="1" RAnchorOffset="0" BAnchorPoint="1" BAnchorOffset="0" RelativeToClient="1" Font="CRB_Header12" Text="" Template="Default" TooltipType="OnCursor" Name="ArenaHeaderLabel" BGColor="white" TextColor="UI_TextHoloTitle" TooltipColor="" TextId="MatchMaker_MyArenaTeam" DT_CENTER="1"/>
                </Control>
                <Control Class="Window" LAnchorPoint="0" LAnchorOffset="1" TAnchorPoint="0" TAnchorOffset="38" RAnchorPoint="1" RAnchorOffset="-3" BAnchorPoint="1" BAnchorOffset="-1" RelativeToClient="1" Font="Default" Text="" Template="Default" TooltipType="OnCursor" Name="TeamList" BGColor="white" TextColor="white" TooltipColor=""/>
                <Pixie LAnchorPoint="0" LAnchorOffset="0" TAnchorPoint="0" TAnchorOffset="3" RAnchorPoint="1" RAnchorOffset="0" BAnchorPoint="1" BAnchorOffset="-3" Sprite="BK3:UI_BK3_Holo_InsetHeaderThin" BGColor="white" TextColor="black" Rotation="0" Font="Default"/>
            </Control>
            <Control Class="Window" LAnchorPoint="0" LAnchorOffset="1" TAnchorPoint="1" TAnchorOffset="-32" RAnchorPoint="1" RAnchorOffset="-1" BAnchorPoint="1" BAnchorOffset="-1" RelativeToClient="1" Font="Default" Text="" Template="Default" TooltipType="OnCursor" Name="RatingWindow" BGColor="white" TextColor="white" TooltipColor="" Visible="0" HideInEditor="0">
                <Control Class="Window" LAnchorPoint="0" LAnchorOffset="15" TAnchorPoint="0" TAnchorOffset="1" RAnchorPoint="0" RAnchorOffset="213" BAnchorPoint="1" BAnchorOffset="1" RelativeToClient="1" Font="CRB_InterfaceMedium_B" Text="" Template="Default" TooltipType="OnCursor" Name="RatingLabel" BGColor="white" TextColor="UI_TextMetalBodyHighlight" TooltipColor="" TextId="MatchMaker_RatingLabelDefault" DT_VCENTER="1"/>
                <Control Class="Window" LAnchorPoint="1" LAnchorOffset="-143" TAnchorPoint="0" TAnchorOffset="1" RAnchorPoint="1" RAnchorOffset="-15" BAnchorPoint="1" BAnchorOffset="1" RelativeToClient="1" Font="CRB_InterfaceLarge_BB" Text="" Template="Default" TooltipType="OnCursor" Name="RatingValue" BGColor="white" TextColor="UI_TextMetalBodyHighlight" TooltipColor="" TextId="Challenges_NoProgress" DT_VCENTER="1" DT_RIGHT="1"/>
                <Pixie LAnchorPoint="0" LAnchorOffset="1" TAnchorPoint="0" TAnchorOffset="3" RAnchorPoint="1" RAnchorOffset="-1" BAnchorPoint="1" BAnchorOffset="-1" BGColor="white" Font="Default" TextColor="white" Text="" Sprite="BK3:UI_BK3_Holo_InsetSimple" Line="0"/>
            </Control>
            <Control Class="Window" LAnchorPoint="0" LAnchorOffset="2" TAnchorPoint="0" TAnchorOffset="2" RAnchorPoint="1" RAnchorOffset="-2" BAnchorPoint="0" BAnchorOffset="78" RelativeToClient="1" Font="Default" Text="" Template="Default" TooltipType="OnCursor" Name="RealmFrame" BGColor="white" TextColor="white" TooltipColor="" Picture="1" IgnoreMouse="1" Sprite="" HideInEditor="1">
                <Control Class="Window" LAnchorPoint="0" LAnchorOffset="0" TAnchorPoint="0" TAnchorOffset="1" RAnchorPoint="1" RAnchorOffset="0" BAnchorPoint="1" BAnchorOffset="-3" RelativeToClient="1" Font="Default" Text="" Template="Default" TooltipType="OnCursor" Name="RealmFrameBG" BGColor="white" TextColor="white" TooltipColor="" Picture="1" IgnoreMouse="1" Sprite="BK3:UI_BK3_Holo_InsetHeaderThin" NoClip="1"/>
                <Control Class="Window" LAnchorPoint="0" LAnchorOffset="13" TAnchorPoint="0" TAnchorOffset="12" RAnchorPoint="1" RAnchorOffset="-13" BAnchorPoint="0" BAnchorOffset="35" RelativeToClient="1" Font="Default" Text="" Template="Default" TooltipType="OnCursor" Name="HeaderEntry" Border="0" Picture="1" SwallowMouseClicks="1" Moveable="0" Escapable="0" Overlapped="1" BGColor="white" TextColor="white" TooltipColor="" Sprite="" IgnoreMouse="1">
                    <Control Class="Window" LAnchorPoint="0" LAnchorOffset="6" TAnchorPoint="0" TAnchorOffset="-2" RAnchorPoint="1" RAnchorOffset="0" BAnchorPoint="1" BAnchorOffset="-4" RelativeToClient="1" Font="CRB_Header12" Text="" Template="Default" TooltipType="OnCursor" Name="RealmHeaderLabel" BGColor="white" TextColor="UI_TextHoloTitle" TooltipColor="" TextId="MatchMaker_SetRealmPreference" DT_CENTER="1"/>
                </Control>
                <Control Class="Button" Base="BK3:btnHolo_Radio_Big" Font="CRB_InterfaceMedium" ButtonType="Check" RadioGroup="" LAnchorPoint="0" LAnchorOffset="10" TAnchorPoint="0" TAnchorOffset="42" RAnchorPoint="1" RAnchorOffset="-231" BAnchorPoint="0" BAnchorOffset="67" DT_VCENTER="1" DT_CENTER="1" TooltipType="OnCursor" Name="RealmFilterBtn" BGColor="white" TextColor="white" TooltipColor="" NormalTextColor="UI_BtnTextHoloNormal" PressedTextColor="UI_BtnTextHoloPressed" FlybyTextColor="UI_BtnTextHoloFlyby" PressedFlybyTextColor="UI_BtnTextHoloPressedFlyby" DisabledTextColor="UI_BtnTextHoloDisabled" Text="" CheckboxRight="0" DrawAsCheckbox="0" GlobalRadioGroup="" TestAlpha="0" TextId="MatchMaker_MyRealmOnly" RelativeToClient="1">
                    <Event Name="ButtonCheck" Function="OnRealmFilterChecked"/>
                    <Event Name="ButtonUncheck" Function="OnRealmFilterUnchecked"/>
                </Control>
                <Control Class="Window" LAnchorPoint="0" LAnchorOffset="0" TAnchorPoint="0" TAnchorOffset="0" RAnchorPoint="1" RAnchorOffset="0" BAnchorPoint="1" BAnchorOffset="7" RelativeToClient="1" Font="Default" Text="" Template="Default" TooltipType="OnCursor" Name="RealmBlocker" BGColor="white" TextColor="white" TooltipColor="" Picture="1" IgnoreMouse="0" Sprite="" NoClip="1" NewWindowDepth="0" SwallowMouseClicks="1" HideInEditor="0" Visible="1"/>
            </Control>
            <Control Class="Window" LAnchorPoint="0" LAnchorOffset="2" TAnchorPoint="0" TAnchorOffset="80" RAnchorPoint="1" RAnchorOffset="-2" BAnchorPoint="0" BAnchorOffset="162" RelativeToClient="1" Font="Default" Text="" Template="Default" TooltipType="OnCursor" Name="RoleFrame" BGColor="white" TextColor="white" TooltipColor="" Picture="1" IgnoreMouse="1" Sprite="" HideInEditor="1">
                <Control Class="Window" LAnchorPoint="0" LAnchorOffset="0" TAnchorPoint="0" TAnchorOffset="3" RAnchorPoint="1" RAnchorOffset="0" BAnchorPoint="1" BAnchorOffset="-3" RelativeToClient="1" Font="Default" Text="" Template="Default" TooltipType="OnCursor" Name="RoleFrameBG" BGColor="white" TextColor="white" TooltipColor="" Picture="1" IgnoreMouse="1" Sprite="BK3:UI_BK3_Holo_InsetHeaderThin" NoClip="1" UseTemplateBG="1"/>
                <Control Class="Window" LAnchorPoint="0" LAnchorOffset="13" TAnchorPoint="0" TAnchorOffset="12" RAnchorPoint="1" RAnchorOffset="-13" BAnchorPoint="0" BAnchorOffset="35" RelativeToClient="1" Font="Default" Text="" Template="Default" TooltipType="OnCursor" Name="HeaderEntry" Border="0" Picture="1" SwallowMouseClicks="1" Moveable="0" Escapable="0" Overlapped="1" BGColor="white" TextColor="white" TooltipColor="" Sprite="" IgnoreMouse="1">
                    <Control Class="Window" LAnchorPoint="0" LAnchorOffset="4" TAnchorPoint="0" TAnchorOffset="0" RAnchorPoint="1" RAnchorOffset="-2" BAnchorPoint="1" BAnchorOffset="-6" RelativeToClient="1" Font="CRB_Header12" Text="" Template="Default" TooltipType="OnCursor" Name="RoleHeaderLabel" BGColor="white" TextColor="UI_TextHoloTitle" TooltipColor="" TextId="MatchMaker_SetRole" DT_CENTER="1" HideInEditor="0"/>
                </Control>
                <Control Class="Button" Base="BK3:btnHolo_Blue_Small" Font="CRB_InterfaceMedium_B" ButtonType="Check" RadioGroup="" LAnchorPoint="0" LAnchorOffset="0" TAnchorPoint="0" TAnchorOffset="34" RAnchorPoint=".33" RAnchorOffset="0" BAnchorPoint="0" BAnchorOffset="86" DT_VCENTER="1" DT_CENTER="1" TooltipType="OnCursor" Name="TankBtn" BGColor="white" TextColor="white" TooltipColor="" NormalTextColor="UI_BtnTextHoloNormal" PressedTextColor="UI_BtnTextHoloPressed" FlybyTextColor="UI_BtnTextHoloFlyby" PressedFlybyTextColor="UI_BtnTextHoloPressedFlyby" DisabledTextColor="UI_BtnTextHoloDisabled" Text="" CheckboxRight="0" DrawAsCheckbox="0" GlobalRadioGroup="" TestAlpha="1" TextId="MatchMaker_Tank">
                    <Event Name="ButtonCheck" Function="OnTankChecked"/>
                    <Event Name="ButtonUncheck" Function="OnTankUnchecked"/>
                </Control>
                <Control Class="Button" Base="BK3:btnHolo_Blue_Small" Font="CRB_InterfaceMedium_B" ButtonType="Check" RadioGroup="" LAnchorPoint=".33" LAnchorOffset="0" TAnchorPoint="0" TAnchorOffset="34" RAnchorPoint=".66" RAnchorOffset="0" BAnchorPoint="0" BAnchorOffset="86" DT_VCENTER="1" DT_CENTER="1" TooltipType="OnCursor" Name="HealerBtn" BGColor="white" TextColor="white" TooltipColor="" NormalTextColor="UI_BtnTextHoloNormal" PressedTextColor="UI_BtnTextHoloPressed" FlybyTextColor="UI_BtnTextHoloFlyby" PressedFlybyTextColor="UI_BtnTextHoloPressedFlyby" DisabledTextColor="UI_BtnTextHoloDisabled" Text="" CheckboxRight="0" DrawAsCheckbox="0" GlobalRadioGroup="" TestAlpha="1" TextId="MatchMaker_Healer">
                    <Event Name="ButtonCheck" Function="OnHealerChecked"/>
                    <Event Name="ButtonUncheck" Function="OnHealerUnchecked"/>
                </Control>
                <Control Class="Button" Base="BK3:btnHolo_Blue_Small" Font="CRB_InterfaceMedium_B" ButtonType="Check" RadioGroup="" LAnchorPoint=".66" LAnchorOffset="0" TAnchorPoint="0" TAnchorOffset="35" RAnchorPoint="1" RAnchorOffset="0" BAnchorPoint="0" BAnchorOffset="87" DT_VCENTER="1" DT_CENTER="1" TooltipType="OnCursor" Name="DPSBtn" BGColor="white" TextColor="white" TooltipColor="" NormalTextColor="UI_BtnTextHoloNormal" PressedTextColor="UI_BtnTextHoloPressed" FlybyTextColor="UI_BtnTextHoloFlyby" PressedFlybyTextColor="UI_BtnTextHoloPressedFlyby" DisabledTextColor="UI_BtnTextHoloDisabled" Text="" CheckboxRight="0" DrawAsCheckbox="0" GlobalRadioGroup="" TestAlpha="1" TextId="CRB_DPS">
                    <Event Name="ButtonCheck" Function="OnDPSChecked"/>
                    <Event Name="ButtonUncheck" Function="OnDPSUnchecked"/>
                </Control>
                <Control Class="Window" LAnchorPoint="0" LAnchorOffset="0" TAnchorPoint="0" TAnchorOffset="0" RAnchorPoint="1" RAnchorOffset="0" BAnchorPoint="1" BAnchorOffset="7" RelativeToClient="1" Font="Default" Text="" Template="Default" TooltipType="OnCursor" Name="RoleBlocker" BGColor="white" TextColor="white" TooltipColor="" Picture="1" IgnoreMouse="0" Sprite="" NoClip="1" NewWindowDepth="0" SwallowMouseClicks="1"/>
            </Control>
        </Control>
        <Control Class="Window" LAnchorPoint="1" LAnchorOffset="-436" TAnchorPoint="0" TAnchorOffset="124" RAnchorPoint="1" RAnchorOffset="-43" BAnchorPoint="0" BAnchorOffset="369" RelativeToClient="1" Font="Default" Text="" Template="Default" TooltipType="OnCursor" Name="ModeToggleList" BGColor="white" TextColor="white" TooltipColor="" NewControlDepth="10" Picture="1" IgnoreMouse="0" Sprite="" NewWindowDepth="1" Visible="0" CloseOnExternalClick="1" HideInEditor="1" Overlapped="1" Border="1" UseTemplateBG="1" NoClip="0">
            <Control Class="Window" LAnchorPoint="0" LAnchorOffset="-27" TAnchorPoint="0" TAnchorOffset="-33" RAnchorPoint="1" RAnchorOffset="29" BAnchorPoint="1" BAnchorOffset="31" RelativeToClient="1" Font="Default" Text="" BGColor="UI_WindowBGDefault" TextColor="UI_WindowTextDefault" Template="Default" TooltipType="OnCursor" Name="Framing" TooltipColor="" Sprite="BK3:sprHolo_Alert_Flyout" Border="0" IgnoreMouse="1" Picture="1" NoClip="1">
                <Pixie LAnchorPoint="0" LAnchorOffset="40" TAnchorPoint="0" TAnchorOffset="46" RAnchorPoint="1" RAnchorOffset="-40" BAnchorPoint="1" BAnchorOffset="-46" Sprite="BK3:UI_BK3_Holo_InsetFlyout" BGColor="white" TextColor="black" Rotation="0" Font="Default"/>
            </Control>
            <Control Class="Button" Base="BK3:btnHolo_ListView_Top" Font="CRB_InterfaceSmall" ButtonType="Check" RadioGroup="PvpUI_TypeSelection" LAnchorPoint="0" LAnchorOffset="16" TAnchorPoint="0" TAnchorOffset="17" RAnchorPoint="1" RAnchorOffset="-14" BAnchorPoint="0" BAnchorOffset="49" DT_VCENTER="1" DT_CENTER="1" TooltipType="OnCursor" Name="RatedBattlegroundBtn" BGColor="white" TextColor="UI_WindowErrorText" TooltipColor="" NormalTextColor="UI_BtnTextBlueNormal" PressedTextColor="UI_BtnTextBluePressed" FlybyTextColor="UI_BtnTextBlueFlyby" PressedFlybyTextColor="UI_BtnTextBluePressedFlyby" DisabledTextColor="UI_BtnTextBlueDisabled" Text="" TextId="CRB_Battlegrounds" Tooltip="" HideInEditor="0" Template="CRB_Default" GlobalRadioGroup="" RadioDisallowNonSelection="1" RadioAlwaysSignal="0">
                <Event Name="ButtonCheck" Function="OnSelectRatedBattlegrounds"/>
            </Control>
            <Control Class="Button" Base="BK3:btnHolo_ListView_Mid" Font="CRB_InterfaceSmall" ButtonType="Check" RadioGroup="PvpUI_TypeSelection" LAnchorPoint="0" LAnchorOffset="16" TAnchorPoint="0" TAnchorOffset="47" RAnchorPoint="1" RAnchorOffset="-14" BAnchorPoint="0" BAnchorOffset="77" DT_VCENTER="1" DT_CENTER="1" TooltipType="OnCursor" Name="ArenaBtn" BGColor="white" TextColor="white" TooltipColor="" NormalTextColor="UI_BtnTextBlueNormal" PressedTextColor="UI_BtnTextBluePressed" FlybyTextColor="UI_BtnTextBlueFlyby" PressedFlybyTextColor="UI_BtnTextBluePressedFlyby" DisabledTextColor="UI_BtnTextBlueDisabled" Text="" TextId="MatchMaker_Arenas" Tooltip="" HideInEditor="0" GlobalRadioGroup="" RadioDisallowNonSelection="1">
                <Event Name="ButtonCheck" Function="OnSelectArenas"/>
            </Control>
            <Control Class="Button" Base="BK3:btnHolo_ListView_Mid" Font="CRB_InterfaceSmall" ButtonType="Check" RadioGroup="PvpUI_TypeSelection" LAnchorPoint="0" LAnchorOffset="16" TAnchorPoint="0" TAnchorOffset="75" RAnchorPoint="1" RAnchorOffset="-14" BAnchorPoint="0" BAnchorOffset="107" DT_VCENTER="1" DT_CENTER="1" TooltipType="OnCursor" Name="DungeonBtn" BGColor="white" TextColor="white" TooltipColor="" NormalTextColor="UI_BtnTextBlueNormal" PressedTextColor="UI_BtnTextBluePressed" FlybyTextColor="UI_BtnTextBlueFlyby" PressedFlybyTextColor="UI_BtnTextBluePressedFlyby" DisabledTextColor="UI_BtnTextBlueDisabled" Text="" TextId="CRB_Dungeons" Tooltip="" HideInEditor="0" GlobalRadioGroup="" RadioDisallowNonSelection="1">
                <Event Name="ButtonCheck" Function="OnSelectDungeons"/>
            </Control>
            <Control Class="Button" Base="BK3:btnHolo_ListView_Mid" Font="CRB_InterfaceSmall" ButtonType="Check" RadioGroup="PvpUI_TypeSelection" LAnchorPoint="0" LAnchorOffset="16" TAnchorPoint="0" TAnchorOffset="105" RAnchorPoint="1" RAnchorOffset="-14" BAnchorPoint="0" BAnchorOffset="137" DT_VCENTER="1" DT_CENTER="1" TooltipType="OnCursor" Name="AdventureBtn" BGColor="white" TextColor="white" TooltipColor="" NormalTextColor="UI_BtnTextBlueNormal" PressedTextColor="UI_BtnTextBluePressed" FlybyTextColor="UI_BtnTextBlueFlyby" PressedFlybyTextColor="UI_BtnTextBluePressedFlyby" DisabledTextColor="UI_BtnTextBlueDisabled" Text="" TextId="MatchMaker_Adventures" Tooltip="" HideInEditor="0" GlobalRadioGroup="" RadioDisallowNonSelection="1">
                <Event Name="ButtonCheck" Function="OnSelectAdventures"/>
            </Control>
            <Control Class="Button" Base="BK3:btnHolo_ListView_Mid" Font="CRB_InterfaceSmall" ButtonType="Check" RadioGroup="PvpUI_TypeSelection" LAnchorPoint="0" LAnchorOffset="16" TAnchorPoint="0" TAnchorOffset="135" RAnchorPoint="1" RAnchorOffset="-14" BAnchorPoint="0" BAnchorOffset="167" DT_VCENTER="1" DT_CENTER="1" TooltipType="OnCursor" Name="WarplotsBtn" BGColor="white" TextColor="white" TooltipColor="" NormalTextColor="UI_BtnTextBlueNormal" PressedTextColor="UI_BtnTextBluePressed" FlybyTextColor="UI_BtnTextBlueFlyby" PressedFlybyTextColor="UI_BtnTextBluePressedFlyby" DisabledTextColor="UI_BtnTextBlueDisabled" Text="" TextId="MatchMaker_Warplots" Tooltip="" HideInEditor="0" Template="CRB_Default" GlobalRadioGroup="" RadioDisallowNonSelection="1" RadioAlwaysSignal="0">
                <Event Name="ButtonCheck" Function="OnSelectWarplots"/>
            </Control>
            <Control Class="Button" Base="BK3:btnHolo_ListView_Mid" Font="CRB_InterfaceSmall" ButtonType="Check" RadioGroup="PvpUI_TypeSelection" LAnchorPoint="0" LAnchorOffset="16" TAnchorPoint="0" TAnchorOffset="165" RAnchorPoint="1" RAnchorOffset="-14" BAnchorPoint="0" BAnchorOffset="197" DT_VCENTER="1" DT_CENTER="1" TooltipType="OnCursor" Name="BattlegroundBtn" BGColor="white" TextColor="white" TooltipColor="" NormalTextColor="UI_BtnTextBlueNormal" PressedTextColor="UI_BtnTextBluePressed" FlybyTextColor="UI_BtnTextBlueFlyby" PressedFlybyTextColor="UI_BtnTextBluePressedFlyby" DisabledTextColor="UI_BtnTextBlueDisabled" Text="" TextId="MatchMaker_PracticeGrounds" Tooltip="" HideInEditor="0" GlobalRadioGroup="" RadioDisallowNonSelection="1">
                <Event Name="ButtonCheck" Function="OnSelectBattlegrounds"/>
            </Control>
            <Control Class="Button" Base="BK3:btnHolo_ListView_Btm" Font="CRB_InterfaceSmall" ButtonType="Check" RadioGroup="PvpUI_TypeSelection" LAnchorPoint="0" LAnchorOffset="16" TAnchorPoint="0" TAnchorOffset="195" RAnchorPoint="1" RAnchorOffset="-14" BAnchorPoint="0" BAnchorOffset="227" DT_VCENTER="1" DT_CENTER="1" TooltipType="OnCursor" Name="OpenArenaBtn" BGColor="white" TextColor="UI_WindowErrorText" TooltipColor="" NormalTextColor="UI_BtnTextBlueNormal" PressedTextColor="UI_BtnTextBluePressed" FlybyTextColor="UI_BtnTextBlueFlyby" PressedFlybyTextColor="UI_BtnTextBluePressedFlyby" DisabledTextColor="UI_BtnTextBlueDisabled" Text="" TextId="MatchMaker_OpenArenas" Tooltip="" HideInEditor="0" Template="CRB_Default" GlobalRadioGroup="" RadioDisallowNonSelection="1" RadioAlwaysSignal="0">
                <Event Name="ButtonCheck" Function="OnSelectOpenArenas"/>
            </Control>
        </Control>
        <Control Class="Window" LAnchorPoint="0" LAnchorOffset="0" TAnchorPoint="0" TAnchorOffset="-2" RAnchorPoint="1" RAnchorOffset="0" BAnchorPoint="1" BAnchorOffset="-2" RelativeToClient="1" Font="Default" Text="" Template="Metal_Primary_NoNav" Name="BGArt" BGColor="white" TextColor="white" TextId="" TooltipColor="" Picture="1" IgnoreMouse="1" Border="1" UseTemplateBG="1" NewControlDepth="1" Tooltip="" HideInEditor="1">
            <Event Name="MouseButtonDown" Function="OnClick"/>
            <Event Name="MouseButtonUp" Function="OnClick"/>
            <Pixie LAnchorPoint="0" LAnchorOffset="282" TAnchorPoint="1" TAnchorOffset="-69" RAnchorPoint="1" RAnchorOffset="4" BAnchorPoint="1" BAnchorOffset="4" BGColor="white" Font="Default" TextColor="white" Text="" Sprite="BK3:UI_BK3_Metal_Footer_Large" Line="0"/>
            <Pixie LAnchorPoint="0" LAnchorOffset="273" TAnchorPoint="0" TAnchorOffset="62" RAnchorPoint="0" RAnchorOffset="291" BAnchorPoint="1" BAnchorOffset="17" Sprite="BK3:UI_BK3_Metal_Inset_Divider_V" BGColor="white" TextColor="black" Rotation="0" Font="Default"/>
            <Control Class="Window" LAnchorPoint=".50" LAnchorOffset="-100" TAnchorPoint="0" TAnchorOffset="25" RAnchorPoint=".50" RAnchorOffset="100" BAnchorPoint="0" BAnchorOffset="61" RelativeToClient="0" Font="CRB_HeaderLarge" Sprite="BK3:sprMetal_Framing_Header" Template="Default" Name="VendorName" BGColor="white" TextColor="UI_BtnTextGoldListNormal" Picture="1" NoClip="1" HideInEditor="0" DT_VCENTER="1" DT_CENTER="1" TextId="CRB_Group_Finder" TooltipColor="" IgnoreMouse="1" NewControlDepth="5" Text=""/>
        </Control>
        <Control Class="Button" Base="CRB_Basekit:kitBtn_Close" Font="Thick" ButtonType="PushButton" RadioGroup="" LAnchorPoint="1" LAnchorOffset="-51" TAnchorPoint="0" TAnchorOffset="24" RAnchorPoint="1" RAnchorOffset="-23" BAnchorPoint="0" BAnchorOffset="53" DT_VCENTER="1" DT_CENTER="1" Name="CloseButton" BGColor="white" TextColor="white" NewControlDepth="2" WindowSoundTemplate="CloseWindowPhys" Text="" TextId="" NormalTextColor="white" PressedTextColor="white" FlybyTextColor="white" PressedFlybyTextColor="white" DisabledTextColor="white" TooltipColor="" HideInEditor="0">
            <Event Name="ButtonSignal" Function="OnToggleMatchMaker"/>
        </Control>
        <Control Class="Button" Base="CRB_Basekit:kitBtn_Metal_LargeGreen" Font="CRB_Button" ButtonType="PushButton" RadioGroup="" LAnchorPoint="1" LAnchorOffset="-187" TAnchorPoint="1" TAnchorOffset="-83" RAnchorPoint="1" RAnchorOffset="-37" BAnchorPoint="1" BAnchorOffset="-35" DT_VCENTER="1" DT_CENTER="1" Name="JoinBtn" BGColor="white" TextColor="white" NewControlDepth="2" WindowSoundTemplate="TogglePhys02" TextId="CRB_JoinTheFight" Text="" NormalTextColor="UI_BtnTextGreenNormal" PressedTextColor="UI_BtnTextGreenPressed" FlybyTextColor="UI_BtnTextGreenFlyby" PressedFlybyTextColor="UI_BtnTextGreenPressedFlyby" DisabledTextColor="UI_BtnTextGreenDisabled" TooltipColor="" Tooltip="" HideInEditor="1">
            <Event Name="ButtonSignal" Function="OnJoin"/>
        </Control>
        <Control Class="Button" Base="CRB_Basekit:kitBtn_Metal_LargeGreen" Font="CRB_Button" ButtonType="PushButton" RadioGroup="" LAnchorPoint="1" LAnchorOffset="-341" TAnchorPoint="1" TAnchorOffset="-83" RAnchorPoint="1" RAnchorOffset="-191" BAnchorPoint="1" BAnchorOffset="-35" DT_VCENTER="1" DT_CENTER="1" Name="JoinAsGroupBtn" BGColor="white" TextColor="white" NewControlDepth="2" WindowSoundTemplate="TogglePhys02" TextId="MatchMaker_JoinAsGroup" Text="" NormalTextColor="UI_BtnTextGreenNormal" PressedTextColor="UI_BtnTextGreenPressed" FlybyTextColor="UI_BtnTextGreenFlyby" PressedFlybyTextColor="UI_BtnTextGreenPressedFlyby" DisabledTextColor="UI_BtnTextGreenDisabled" TooltipColor="" DT_WORDBREAK="0" HideInEditor="1">
            <Event Name="ButtonSignal" Function="OnJoinAsGroup"/>
        </Control>
        <Control Class="Button" Base="CRB_Basekit:kitBtn_Metal_LargeRed" Font="CRB_Button" ButtonType="PushButton" RadioGroup="" LAnchorPoint="1" LAnchorOffset="-187" TAnchorPoint="1" TAnchorOffset="-83" RAnchorPoint="1" RAnchorOffset="-37" BAnchorPoint="1" BAnchorOffset="-35" DT_VCENTER="1" DT_CENTER="1" TooltipType="OnCursor" Name="LeaveMatchBtn" BGColor="white" TextColor="white" TooltipColor="" NormalTextColor="UI_BtnTextRedNormal" PressedTextColor="UI_BtnTextRedPressed" FlybyTextColor="UI_BtnTextRedFlyby" PressedFlybyTextColor="UI_BtnTextRedPressedFlyby" DisabledTextColor="UI_BtnTextRedDisabled" Text="" TextId="MatchMaker_LeaveMatch" Visible="0" HideInEditor="1">
            <Event Name="ButtonSignal" Function="OnLeaveMatchBtn"/>
        </Control>
        <Control Class="Button" Base="CRB_Basekit:kitBtn_Metal_LargeGreen" Font="CRB_Button" ButtonType="PushButton" RadioGroup="" LAnchorPoint="1" LAnchorOffset="-187" TAnchorPoint="1" TAnchorOffset="-83" RAnchorPoint="1" RAnchorOffset="-37" BAnchorPoint="1" BAnchorOffset="-35" DT_VCENTER="1" DT_CENTER="1" TooltipType="OnCursor" Name="TeleportIntoMatchBtn" BGColor="white" TextColor="white" TooltipColor="" NormalTextColor="UI_BtnTextGreenNormal" PressedTextColor="UI_BtnTextGreenPressed" FlybyTextColor="UI_BtnTextGreenFlyby" PressedFlybyTextColor="UI_BtnTextGreenPressedFlyby" DisabledTextColor="UI_BtnTextGreenDisabled" Text="" TextId="MatchMaker_PortToInstance" Visible="0" HideInEditor="0">
            <Event Name="ButtonSignal" Function="OnTeleportIntoMatchBtn"/>
        </Control>
        <Control Class="Button" Base="CRB_Basekit:kitBtn_Metal_LargeGreen" Font="CRB_Button" ButtonType="PushButton" RadioGroup="" LAnchorPoint="1" LAnchorOffset="-341" TAnchorPoint="1" TAnchorOffset="-83" RAnchorPoint="1" RAnchorOffset="-191" BAnchorPoint="1" BAnchorOffset="-35" DT_VCENTER="1" DT_CENTER="1" Name="FindReplacementsBtn" BGColor="white" TextColor="white" NewControlDepth="2" WindowSoundTemplate="TogglePhys02" TextId="MatchMaker_FindReplacements" Text="" NormalTextColor="UI_BtnTextGreenNormal" PressedTextColor="UI_BtnTextGreenPressed" FlybyTextColor="UI_BtnTextGreenFlyby" PressedFlybyTextColor="UI_BtnTextGreenPressedFlyby" DisabledTextColor="UI_BtnTextGreenDisabled" TooltipColor="" DT_WORDBREAK="0" Visible="0" HideInEditor="1">
            <Event Name="ButtonSignal" Function="OnFindReplacementsBtn"/>
        </Control>
        <Control Class="Button" Base="CRB_Basekit:kitBtn_Metal_LargeRed" Font="CRB_Button" ButtonType="PushButton" RadioGroup="" LAnchorPoint="1" LAnchorOffset="-341" TAnchorPoint="1" TAnchorOffset="-83" RAnchorPoint="1" RAnchorOffset="-191" BAnchorPoint="1" BAnchorOffset="-35" DT_VCENTER="1" DT_CENTER="1" Name="CancelReplacementsBtn" BGColor="white" TextColor="white" NewControlDepth="2" WindowSoundTemplate="TogglePhys02" TextId="MatchMaker_CancelReplacements" Text="" NormalTextColor="UI_BtnTextRedNormal" PressedTextColor="UI_BtnTextRedPressed" FlybyTextColor="UI_BtnTextRedFlyby" PressedFlybyTextColor="UI_BtnTextRedPressedFlyby" DisabledTextColor="UI_BtnTextRedDisabled" TooltipColor="" DT_WORDBREAK="0" Visible="0" HideInEditor="1">
            <Event Name="ButtonSignal" Function="OnCancelReplacementsBtn"/>
        </Control>
        <Control Class="Button" Base="CRB_Basekit:kitBtn_Metal_LargeGreen" Font="CRB_Button" ButtonType="PushButton" RadioGroup="" LAnchorPoint="1" LAnchorOffset="-341" TAnchorPoint="1" TAnchorOffset="-83" RAnchorPoint="1" RAnchorOffset="-191" BAnchorPoint="1" BAnchorOffset="-35" DT_VCENTER="1" DT_CENTER="1" Name="VoteDisbandBtn" BGColor="white" TextColor="white" NewControlDepth="2" WindowSoundTemplate="TogglePhys02" TextId="MatchMaker_VoteDisband" Text="" NormalTextColor="UI_BtnTextGreenNormal" PressedTextColor="UI_BtnTextGreenPressed" FlybyTextColor="UI_BtnTextGreenFlyby" PressedFlybyTextColor="UI_BtnTextGreenPressedFlyby" DisabledTextColor="UI_BtnTextGreenDisabled" TooltipColor="" DT_WORDBREAK="0" Visible="0" HideInEditor="0">
            <Event Name="ButtonSignal" Function="OnVoteDisbandBtn"/>
        </Control>
        <Control Class="Button" Base="CRB_Basekit:kitBtn_Metal_LargeGreen" Font="CRB_Button" ButtonType="PushButton" RadioGroup="" LAnchorPoint="1" LAnchorOffset="-187" TAnchorPoint="1" TAnchorOffset="-83" RAnchorPoint="1" RAnchorOffset="-37" BAnchorPoint="1" BAnchorOffset="-35" DT_VCENTER="1" DT_CENTER="1" Name="AltTeleportIntoMatchBtn" BGColor="white" TextColor="white" NewControlDepth="2" WindowSoundTemplate="TogglePhys02" TextId="MatchMaker_Teleport" Text="" NormalTextColor="UI_BtnTextGreenNormal" PressedTextColor="UI_BtnTextGreenPressed" FlybyTextColor="UI_BtnTextGreenFlyby" PressedFlybyTextColor="UI_BtnTextGreenPressedFlyby" DisabledTextColor="UI_BtnTextGreenDisabled" TooltipColor="" Tooltip="" Visible="0" HideInEditor="1">
            <Event Name="ButtonSignal" Function="OnTeleportIntoMatchBtn"/>
        </Control>
        <Control Class="Button" Base="CRB_Basekit:kitBtn_Metal_LargeRed" Font="CRB_Button" ButtonType="PushButton" RadioGroup="" LAnchorPoint="1" LAnchorOffset="-187" TAnchorPoint="1" TAnchorOffset="-83" RAnchorPoint="1" RAnchorOffset="-37" BAnchorPoint="1" BAnchorOffset="-35" DT_VCENTER="1" DT_CENTER="1" Name="AltLeaveMatchBtn" BGColor="white" TextColor="white" NewControlDepth="2" WindowSoundTemplate="TogglePhys02" TextId="MatchMaker_LeaveMatch" Text="" NormalTextColor="UI_BtnTextRedNormal" PressedTextColor="UI_BtnTextRedPressed" FlybyTextColor="UI_BtnTextRedFlyby" PressedFlybyTextColor="UI_BtnTextRedPressedFlyby" DisabledTextColor="UI_BtnTextRedDisabled" TooltipColor="" Tooltip="" Visible="0" HideInEditor="1">
            <Event Name="ButtonSignal" Function="OnLeaveMatchBtn"/>
        </Control>
    </Form>
    <Form Class="Window" LAnchorPoint="0" LAnchorOffset="0" TAnchorPoint="0" TAnchorOffset="0" RAnchorPoint="1" RAnchorOffset="0" BAnchorPoint="0" BAnchorOffset="46" RelativeToClient="1" Font="Default" Text="" Template="Default" TooltipType="OnCursor" Name="TeamEntry" Border="0" Picture="0" SwallowMouseClicks="1" Moveable="0" Escapable="0" Overlapped="1" BGColor="white" TextColor="white" TooltipColor="">
        <Control Class="Button" Base="BK3:btnHolo_ListView_Simple" Font="Thick" ButtonType="PushButton" RadioGroup="" LAnchorPoint="0" LAnchorOffset="0" TAnchorPoint="0" TAnchorOffset="0" RAnchorPoint="1" RAnchorOffset="5" BAnchorPoint="1" BAnchorOffset="0" DT_VCENTER="1" DT_CENTER="1" TooltipType="OnCursor" Name="TeamRosterBtn" BGColor="white" TextColor="white" TooltipColor="" NormalTextColor="UI_BtnTextHoloNormal" PressedTextColor="UI_BtnTextHoloPressed" FlybyTextColor="UI_BtnTextHoloFlyby" PressedFlybyTextColor="UI_BtnTextHoloPressedFlyby" DisabledTextColor="UI_BtnTextHoloDisabled">
            <Event Name="ButtonSignal" Function="OnTeamRosterBtn"/>
        </Control>
        <Control Class="Window" LAnchorPoint="0" LAnchorOffset="3" TAnchorPoint="0" TAnchorOffset="4" RAnchorPoint="0" RAnchorOffset="60" BAnchorPoint="1" BAnchorOffset="-4" RelativeToClient="1" Font="Default" Text="" BGColor="UI_WindowBGDefault" TextColor="UI_WindowTextDefault" Template="Default" TooltipType="OnCursor" Name="Window" TooltipColor="" Picture="1" IgnoreMouse="1" Sprite="BK3:btnHolo_ListView_SimpleDisabled"/>
        <Control Class="Window" LAnchorPoint="0" LAnchorOffset="9" TAnchorPoint="0" TAnchorOffset="3" RAnchorPoint="0" RAnchorOffset="49" BAnchorPoint="1" BAnchorOffset="-3" RelativeToClient="1" Font="CRB_InterfaceMedium_B" Text="" Template="Default" TooltipType="OnCursor" Name="LeaderMark" BGColor="MatchmakerLeaderMark" TextColor="UI_TextHoloBody" TooltipColor="" NewControlDepth="5" TextId="" DT_VCENTER="1" DT_CENTER="1" Sprite="ClientSprites:CashIcon_Crown" Picture="1" IgnoreMouse="1" Visible="0"/>
        <Control Class="Window" LAnchorPoint="0" LAnchorOffset="9" TAnchorPoint="0" TAnchorOffset="-1" RAnchorPoint="0" RAnchorOffset="51" BAnchorPoint="1" BAnchorOffset="-2" RelativeToClient="1" Font="CRB_InterfaceLarge_I" Text="" Template="Default" TooltipType="OnCursor" Name="TypeLabel" BGColor="white" TextColor="UI_TextHoloBody" TooltipColor="" NewControlDepth="5" TextId="ArenaRoster_5v5" DT_VCENTER="1" DT_CENTER="1" IgnoreMouse="1" AutoScaleText="1"/>
        <Control Class="Window" LAnchorPoint="0" LAnchorOffset="70" TAnchorPoint="0" TAnchorOffset="0" RAnchorPoint="1" RAnchorOffset="20" BAnchorPoint=".5" BAnchorOffset="6" RelativeToClient="1" Font="CRB_InterfaceMedium_B" Text="" Template="Default" TooltipType="OnCursor" Name="TeamLabel" BGColor="white" TextColor="UI_TextHoloBodyHighlight" TooltipColor="" NewControlDepth="5" TextId="MatchMaker_TeamLabelDefault" DT_VCENTER="1" DT_CENTER="0"/>
        <Control Class="Window" LAnchorPoint="0" LAnchorOffset="63" TAnchorPoint="0" TAnchorOffset="1" RAnchorPoint="1" RAnchorOffset="20" BAnchorPoint=".5" BAnchorOffset="6" RelativeToClient="1" Font="CRB_InterfaceMedium_B" Text="" Template="Default" TooltipType="OnCursor" Name="RegisterFrame" BGColor="UI_AlphaBlackPercent50" TextColor="UI_TextHoloBody" TooltipColor="" NewControlDepth="5" TextId="" DT_VCENTER="1" DT_CENTER="1" Sprite="CRB_Basekit:kitAccent_Frame_OrangeCorners" Picture="1" IgnoreMouse="1" Visible="0"/>
        <Control Class="Window" LAnchorPoint="1" LAnchorOffset="-24" TAnchorPoint=".5" TAnchorOffset="-7" RAnchorPoint="1" RAnchorOffset="-6" BAnchorPoint=".5" BAnchorOffset="8" RelativeToClient="1" Font="Default" Text="" Template="Default" TooltipType="OnCursor" Name="ArrowMark" BGColor="UI_TextHoloBodyHighlight" TextColor="UI_BtnTextHoloPressed" TooltipColor="" Picture="1" IgnoreMouse="1" Sprite="PlayerPathContent_TEMP:btn_TEMP_GroupRightArrowDisabled"/>
        <Control Class="Window" LAnchorPoint="0" LAnchorOffset="71" TAnchorPoint=".5" TAnchorOffset="-6" RAnchorPoint="0" RAnchorOffset="165" BAnchorPoint="1" BAnchorOffset="0" RelativeToClient="1" Font="CRB_InterfaceMedium_I" Text="" Template="Default" TooltipType="OnCursor" Name="MyRatingLabel" BGColor="white" TextColor="UI_TextHoloBody" TooltipColor="" NewControlDepth="5" TextId="MatchMaker_MyRating" DT_VCENTER="1" DT_CENTER="0"/>
        <Control Class="Window" LAnchorPoint="0" LAnchorOffset="137" TAnchorPoint=".5" TAnchorOffset="-6" RAnchorPoint="1" RAnchorOffset="19" BAnchorPoint="1" BAnchorOffset="0" RelativeToClient="1" Font="CRB_InterfaceMedium_B" Text="My 5v5 Rating:" Template="Default" TooltipType="OnCursor" Name="MyRatingValue" BGColor="white" TextColor="UI_TextHoloBody" TooltipColor="" NewControlDepth="5" TextId="" DT_VCENTER="1" DT_CENTER="0"/>
    </Form>
    <Form Class="Window" LAnchorPoint="0" LAnchorOffset="19" TAnchorPoint="0" TAnchorOffset="0" RAnchorPoint="0" RAnchorOffset="303" BAnchorPoint="0" BAnchorOffset="128" RelativeToClient="1" Font="Default" Text="" Template="Default" TooltipType="OnCursor" Name="MoreInfoPanel" Border="0" Picture="0" SwallowMouseClicks="1" Moveable="0" Escapable="0" Overlapped="1" BGColor="UI_AlphaBlackPercent100" TextColor="white" TooltipColor="" CloseOnExternalClick="1" NewWindowDepth="1" NoClip="1" Sprite="whitefill" IgnoreMouse="1">
        <Control Class="Window" LAnchorPoint="0" LAnchorOffset="-13" TAnchorPoint=".5" TAnchorOffset="-21" RAnchorPoint="0" RAnchorOffset="24" BAnchorPoint=".5" BAnchorOffset="16" RelativeToClient="1" Font="Default" Text="" Template="Default" TooltipType="OnCursor" Name="InfoBGArt_LeftEdge" BGColor="white" TextColor="white" TooltipColor="" Picture="1" IgnoreMouse="1" Sprite="CRB_Basekit:kitBtn_Holo_CircleSmallFlyby" NoClip="1">
            <Control Class="Window" LAnchorPoint="0" LAnchorOffset="0" TAnchorPoint="0" TAnchorOffset="0" RAnchorPoint="1" RAnchorOffset="0" BAnchorPoint="1" BAnchorOffset="0" RelativeToClient="1" Font="Default" Text="" Template="Default" TooltipType="OnCursor" Name="BGArtLeftArrow" BGColor="UI_TextHoloBody" TextColor="white" TooltipColor="" Picture="1" IgnoreMouse="1" Sprite="CRB_Basekit:kitIcon_White_Back" HideInEditor="1" Visible="0"/>
            <Control Class="Window" LAnchorPoint="0" LAnchorOffset="5" TAnchorPoint="0" TAnchorOffset="8" RAnchorPoint="0" RAnchorOffset="27" BAnchorPoint="0" BAnchorOffset="31" RelativeToClient="1" Font="Default" Text="" Template="Default" TooltipType="OnCursor" Name="BGArtLeftArrow1" BGColor="white" TextColor="white" TooltipColor="" Picture="1" IgnoreMouse="1" Sprite="CRB_Basekit:kitIcon_Holo_Back"/>
        </Control>
        <Control Class="MLWindow" LAnchorPoint="0" LAnchorOffset="24" TAnchorPoint="0" TAnchorOffset="21" RAnchorPoint="1" RAnchorOffset="-21" BAnchorPoint="0" BAnchorOffset="98" RelativeToClient="1" Font="CRB_InterfaceSmall" Text="" Template="Default" TooltipType="OnCursor" Name="Description" BGColor="UI_AlphaPercent35" TextColor="UI_TextHoloBody" TooltipColor="" TextId="CRB_CC_LibsRace_Draken2" DT_WORDBREAK="1" DT_VCENTER="1" Picture="0" Sprite="whitefill" DT_CENTER="0"/>
        <Event Name="WindowClosed" Function="OnMoreInfoPanelClosed"/>
        <Pixie LAnchorPoint="0" LAnchorOffset="4" TAnchorPoint="0" TAnchorOffset="1" RAnchorPoint="1" RAnchorOffset="-3" BAnchorPoint="1" BAnchorOffset="-3" BGColor="white" Font="Default" TextColor="white" Text="" Sprite="CRB_Basekit:kitBase_HoloBlue_Tiny" Line="0"/>
        <Pixie LAnchorPoint="0" LAnchorOffset="0" TAnchorPoint="0" TAnchorOffset="0" RAnchorPoint="1" RAnchorOffset="0" BAnchorPoint="1" BAnchorOffset="0" BGColor="white" Font="Default" TextColor="white" Text="" Sprite="CRB_Basekit:kitBase_HoloBlue_MetalCorners" Line="0"/>
    </Form>
    <Form Name="WaitingOnAllies" Class="Window" LAnchorPoint="0.5" LAnchorOffset="-150" TAnchorPoint="0.25" TAnchorOffset="-85" RAnchorPoint="0.5" RAnchorOffset="150" BAnchorPoint="0.25" BAnchorOffset="85" Template="" Moveable="0" Border="0" Sprite="BK3:sprHolo_Alert_Confirm" Picture="1" BGColor="white" TextColor="white" Escapable="0" Overlapped="1" SwallowMouseClicks="1" LeftEdgeControlsAnchor="" AutoFade="0" AutoFadeNC="0" AutoFadeBG="0" UseTemplateBG="0" TooltipColor="" Tooltip="" Visible="1" BGOpacity="0.5">
        <Event Name="WindowClosed" Function="OnWindowClosed"/>
        <Control Class="Window" LAnchorPoint="0.5" LAnchorOffset="-40" TAnchorPoint="0.5" TAnchorOffset="-8" RAnchorPoint="0.5" RAnchorOffset="40" BAnchorPoint="0.5" BAnchorOffset="42" RelativeToClient="1" Font="CRB_HeaderHuge" Text="0/5" Template="Holo_TextCallout" TooltipType="OnCursor" Name="AllyCount" BGColor="white" TextColor="UI_TextHoloBodyHighlight" TooltipColor="" TextId="" DT_CENTER="1" DT_VCENTER="1" Border="1" IgnoreMouse="1" UseTemplateBG="1"/>
        <Pixie LAnchorPoint="0" LAnchorOffset="20" TAnchorPoint="0" TAnchorOffset="17" RAnchorPoint="1" RAnchorOffset="-20" BAnchorPoint="0" BAnchorOffset="57" BGColor="white" Font="CRB_HeaderMedium" TextColor="UI_WindowTitleYellow" Text="" TextId="MatchMaker_WaitingForAllies" Sprite="" DT_CENTER="1" DT_RIGHT="0" DT_VCENTER="1" DT_WORDBREAK="1" Line="0"/>
    </Form>
    <Form Name="WaitingOnAlliesAndEnemies" Class="Window" LAnchorPoint="0.5" LAnchorOffset="-150" TAnchorPoint="0.25" TAnchorOffset="-85" RAnchorPoint="0.5" RAnchorOffset="150" BAnchorPoint="0.25" BAnchorOffset="85" Template="" Moveable="0" Border="0" Sprite="BK3:sprHolo_Alert_Confirm" Picture="1" BGColor="white" TextColor="white" Escapable="0" Overlapped="1" SwallowMouseClicks="1" LeftEdgeControlsAnchor="" AutoFade="0" AutoFadeNC="0" AutoFadeBG="0" UseTemplateBG="0" TooltipColor="" Tooltip="" Visible="1" Text="" BGOpacity="0.5">
        <Event Name="WindowClosed" Function="OnWindowClosed"/>
        <Control Class="Window" LAnchorPoint="0.75" LAnchorOffset="-60" TAnchorPoint="0.5" TAnchorOffset="-8" RAnchorPoint="0.75" RAnchorOffset="20" BAnchorPoint="0.5" BAnchorOffset="42" RelativeToClient="1" Font="CRB_HeaderHuge" Text="0/5" Template="Holo_TextCallout" TooltipType="OnCursor" Name="EnemyCount" BGColor="white" TextColor="UI_TextHoloBodyHighlight" TooltipColor="" TextId="" DT_CENTER="1" DT_VCENTER="1" IgnoreMouse="1" UseTemplateBG="1" Border="1"/>
        <Control Class="Window" LAnchorPoint="0.25" LAnchorOffset="-21" TAnchorPoint="0.5" TAnchorOffset="-8" RAnchorPoint="0.25" RAnchorOffset="59" BAnchorPoint="0.5" BAnchorOffset="42" RelativeToClient="1" Font="CRB_HeaderHuge" Text="0/5" Template="Holo_TextCallout" TooltipType="OnCursor" Name="AllyCount" BGColor="white" TextColor="UI_TextHoloBodyHighlight" TooltipColor="" TextId="" DT_CENTER="1" DT_VCENTER="1" Border="1" IgnoreMouse="1" UseTemplateBG="1"/>
        <Pixie LAnchorPoint="0" LAnchorOffset="20" TAnchorPoint="0" TAnchorOffset="17" RAnchorPoint="1" RAnchorOffset="-20" BAnchorPoint="0" BAnchorOffset="57" BGColor="white" Font="CRB_HeaderMedium" TextColor="UI_WindowTitleYellow" Text="" TextId="MatchMaker_WaitingFor" Sprite="" DT_CENTER="1" DT_RIGHT="0" DT_VCENTER="1" DT_WORDBREAK="1" Line="0"/>
    </Form>
    <Form Name="VoteKick" Class="Window" LAnchorPoint="0.5" LAnchorOffset="-200" TAnchorPoint="0.5" TAnchorOffset="-224" RAnchorPoint="0.5" RAnchorOffset="200" BAnchorPoint="0.5" BAnchorOffset="-54" Template="" Moveable="0" Border="0" Sprite="BK3:sprHolo_Alert_Confirm" Picture="1" BGColor="white" TextColor="white" Escapable="0" Overlapped="1" SwallowMouseClicks="1" LeftEdgeControlsAnchor="" AutoFade="0" AutoFadeNC="0" AutoFadeBG="0" UseTemplateBG="0" TooltipColor="" Tooltip="" Visible="0" Text="">
        <Event Name="WindowClosed" Function="OnWindowClosed"/>
        <Control Class="Window" LAnchorPoint="0" LAnchorOffset="60" TAnchorPoint="0" TAnchorOffset="27" RAnchorPoint="1" RAnchorOffset="-60" BAnchorPoint="0" BAnchorOffset="78" RelativeToClient="1" Font="CRB_InterfaceMedium" Sprite="BK3:UI_BK3_Holo_InsetSimple" Template="" Name="Title" BGColor="white" TextColor="UI_TextHoloBodyHighlight" DT_CENTER="1" DT_RIGHT="0" DT_VCENTER="1" DT_WORDBREAK="1" TextId="CRB_Are_you_really_sure" TooltipColor="" Picture="1" IgnoreMouse="1"/>
        <Control Class="Button" Base="BK3:btnHolo_Close" Font="CRB_InterfaceMedium" ButtonType="PushButton" RadioGroup="" LAnchorPoint="1" LAnchorOffset="-60" TAnchorPoint="0" TAnchorOffset="18" RAnchorPoint="1" RAnchorOffset="-18" BAnchorPoint="0" BAnchorOffset="62" DT_VCENTER="1" DT_CENTER="1" Name="CloseButton" BGColor="white" TextColor="white" Template="" NoClip="1" NewControlDepth="2" NormalTextColor="white" PressedTextColor="white" FlybyTextColor="white" PressedFlybyTextColor="white" DisabledTextColor="white" TooltipColor="">
            <Event Name="ButtonSignal" Function="OnVoteKickNo"/>
        </Control>
        <Control Class="Button" Name="YesButton" LAnchorPoint=".5" LAnchorOffset="-118" TAnchorPoint="1" TAnchorOffset="-91" RAnchorPoint=".5" RAnchorOffset="-4" BAnchorPoint="1" BAnchorOffset="-18" RelativeToClient="1" Font="CRB_Button" Template="CRB_Hologram" BGColor="white" TextColor="white" DT_CENTER="1" DT_VCENTER="1" Base="BK3:btnHolo_Blue_Med" DrawAsCheckbox="0" CheckboxRight="0" NewControlDepth="2" TextId="CRB_Accept" NormalTextColor="UI_BtnTextBlueNormal" PressedTextColor="UI_BtnTextBluePressed" FlybyTextColor="UI_BtnTextBlueFlyby" PressedFlybyTextColor="UI_BtnTextBluePressedFlyby" DisabledTextColor="UI_BtnTextBlueDisabled" UseTemplateBG="0" Text="" Tooltip="" TooltipColor="">
            <Event Name="ButtonSignal" Function="OnVoteKickYes"/>
        </Control>
        <Control Class="Button" Name="NoButton" LAnchorPoint=".5" LAnchorOffset="1" TAnchorPoint="1" TAnchorOffset="-91" RAnchorPoint=".5" RAnchorOffset="115" BAnchorPoint="1" BAnchorOffset="-18" RelativeToClient="1" Font="CRB_Button" Template="CRB_Hologram" BGColor="white" TextColor="white" DT_CENTER="1" DT_VCENTER="1" TestAlpha="0" NoClip="0" Base="BK3:btnHolo_Red_Med" NewControlDepth="2" TextId="CRB_Decline" NormalTextColor="UI_BtnTextRedNormal" PressedTextColor="UI_BtnTextRedPressed" FlybyTextColor="UI_BtnTextRedFlyby" PressedFlybyTextColor="UI_BtnTextRedPressedFlyby" DisabledTextColor="UI_BtnTextRedDisabled" UseTemplateBG="0" Tooltip="" Text="" TooltipColor="">
            <Event Name="ButtonSignal" Function="OnVoteKickNo"/>
        </Control>
    </Form>
    <Form Name="VoteSurrender" Class="Window" LAnchorPoint="0.5" LAnchorOffset="-200" TAnchorPoint="0.5" TAnchorOffset="-224" RAnchorPoint="0.5" RAnchorOffset="200" BAnchorPoint="0.5" BAnchorOffset="-54" Template="" Moveable="0" Border="0" Sprite="BK3:sprHolo_Alert_Confirm" Picture="1" BGColor="white" TextColor="white" Escapable="0" Overlapped="1" SwallowMouseClicks="1" LeftEdgeControlsAnchor="" AutoFade="0" AutoFadeNC="0" AutoFadeBG="0" UseTemplateBG="0" TooltipColor="" Tooltip="" Visible="0" Text="">
        <Event Name="WindowClosed" Function="OnWindowClosed"/>
        <Control Class="Window" LAnchorPoint="0" LAnchorOffset="60" TAnchorPoint="0" TAnchorOffset="27" RAnchorPoint="1" RAnchorOffset="-60" BAnchorPoint="0" BAnchorOffset="78" RelativeToClient="1" Font="CRB_InterfaceMedium" Sprite="BK3:UI_BK3_Holo_InsetSimple" Template="" Name="Title" BGColor="white" TextColor="UI_TextHoloBodyHighlight" DT_CENTER="1" DT_RIGHT="0" DT_VCENTER="1" DT_WORDBREAK="1" TextId="CRB_Are_you_really_sure" TooltipColor="" Picture="1" IgnoreMouse="1"/>
        <Control Class="Button" Base="BK3:btnHolo_Close" Font="CRB_InterfaceMedium" ButtonType="PushButton" RadioGroup="" LAnchorPoint="1" LAnchorOffset="-60" TAnchorPoint="0" TAnchorOffset="18" RAnchorPoint="1" RAnchorOffset="-18" BAnchorPoint="0" BAnchorOffset="62" DT_VCENTER="1" DT_CENTER="1" Name="CloseButton" BGColor="white" TextColor="white" Template="" NoClip="1" NewControlDepth="2" NormalTextColor="white" PressedTextColor="white" FlybyTextColor="white" PressedFlybyTextColor="white" DisabledTextColor="white" TooltipColor="">
            <Event Name="ButtonSignal" Function="OnVoteSurrenderNo"/>
        </Control>
        <Control Class="Button" Name="YesButton" LAnchorPoint=".5" LAnchorOffset="-118" TAnchorPoint="1" TAnchorOffset="-91" RAnchorPoint=".5" RAnchorOffset="-4" BAnchorPoint="1" BAnchorOffset="-18" RelativeToClient="1" Font="CRB_Button" Template="CRB_Hologram" BGColor="white" TextColor="white" DT_CENTER="1" DT_VCENTER="1" Base="BK3:btnHolo_Blue_Med" DrawAsCheckbox="0" CheckboxRight="0" NewControlDepth="2" TextId="CRB_Accept" NormalTextColor="UI_BtnTextBlueNormal" PressedTextColor="UI_BtnTextBluePressed" FlybyTextColor="UI_BtnTextBlueFlyby" PressedFlybyTextColor="UI_BtnTextBluePressedFlyby" DisabledTextColor="UI_BtnTextBlueDisabled" UseTemplateBG="0" Text="" Tooltip="" TooltipColor="">
            <Event Name="ButtonSignal" Function="OnVoteSurrenderYes"/>
        </Control>
        <Control Class="Button" Name="NoButton" LAnchorPoint=".5" LAnchorOffset="1" TAnchorPoint="1" TAnchorOffset="-91" RAnchorPoint=".5" RAnchorOffset="115" BAnchorPoint="1" BAnchorOffset="-18" RelativeToClient="1" Font="CRB_Button" Template="CRB_Hologram" BGColor="white" TextColor="white" DT_CENTER="1" DT_VCENTER="1" TestAlpha="0" NoClip="0" Base="BK3:btnHolo_Red_Med" NewControlDepth="2" TextId="CRB_Decline" NormalTextColor="UI_BtnTextRedNormal" PressedTextColor="UI_BtnTextRedPressed" FlybyTextColor="UI_BtnTextRedFlyby" PressedFlybyTextColor="UI_BtnTextRedPressedFlyby" DisabledTextColor="UI_BtnTextRedDisabled" UseTemplateBG="0" Tooltip="" Text="" TooltipColor="">
            <Event Name="ButtonSignal" Function="OnVoteSurrenderNo"/>
        </Control>
    </Form>
    <Form Name="DuelRequest" Class="Window" LAnchorPoint="0.5" LAnchorOffset="-200" TAnchorPoint="0.5" TAnchorOffset="-224" RAnchorPoint="0.5" RAnchorOffset="200" BAnchorPoint="0.5" BAnchorOffset="-54" Template="" Moveable="0" Border="0" Sprite="BK3:sprHolo_Alert_Confirm" Picture="1" BGColor="white" TextColor="white" Escapable="0" Overlapped="1" SwallowMouseClicks="1" LeftEdgeControlsAnchor="" AutoFade="0" AutoFadeNC="0" AutoFadeBG="0" UseTemplateBG="0" TooltipColor="" Tooltip="" Visible="0" Text="">
        <Event Name="WindowClosed" Function="OnWindowClosed"/>
        <Control Class="Window" LAnchorPoint="0" LAnchorOffset="60" TAnchorPoint="0" TAnchorOffset="27" RAnchorPoint="1" RAnchorOffset="-60" BAnchorPoint="0" BAnchorOffset="78" RelativeToClient="1" Font="CRB_InterfaceMedium" Sprite="BK3:UI_BK3_Holo_InsetSimple" Template="" Name="Title" BGColor="white" TextColor="UI_TextHoloBodyHighlight" DT_CENTER="1" DT_RIGHT="0" DT_VCENTER="1" DT_WORDBREAK="1" TextId="CRB_Are_you_really_sure" TooltipColor="" Picture="1" IgnoreMouse="1"/>
        <Control Class="Button" Base="BK3:btnHolo_Close" Font="CRB_InterfaceMedium" ButtonType="PushButton" RadioGroup="" LAnchorPoint="1" LAnchorOffset="-60" TAnchorPoint="0" TAnchorOffset="18" RAnchorPoint="1" RAnchorOffset="-18" BAnchorPoint="0" BAnchorOffset="62" DT_VCENTER="1" DT_CENTER="1" Name="CloseButton" BGColor="white" TextColor="white" Template="" NoClip="1" NewControlDepth="2" NormalTextColor="white" PressedTextColor="white" FlybyTextColor="white" PressedFlybyTextColor="white" DisabledTextColor="white" TooltipColor="">
            <Event Name="ButtonSignal" Function="OnDeclineDuel"/>
        </Control>
        <Control Class="Button" Name="YesButton" LAnchorPoint=".5" LAnchorOffset="-118" TAnchorPoint="1" TAnchorOffset="-91" RAnchorPoint=".5" RAnchorOffset="-4" BAnchorPoint="1" BAnchorOffset="-18" RelativeToClient="1" Font="CRB_Button" Template="CRB_Hologram" BGColor="white" TextColor="white" DT_CENTER="1" DT_VCENTER="1" Base="BK3:btnHolo_Blue_Med" DrawAsCheckbox="0" CheckboxRight="0" NewControlDepth="2" TextId="CRB_Accept" NormalTextColor="UI_BtnTextBlueNormal" PressedTextColor="UI_BtnTextBluePressed" FlybyTextColor="UI_BtnTextBlueFlyby" PressedFlybyTextColor="UI_BtnTextBluePressedFlyby" DisabledTextColor="UI_BtnTextBlueDisabled" UseTemplateBG="0" Text="" Tooltip="" TooltipColor="">
            <Event Name="ButtonSignal" Function="OnAcceptDuel"/>
        </Control>
        <Control Class="Button" Name="NoButton" LAnchorPoint=".5" LAnchorOffset="1" TAnchorPoint="1" TAnchorOffset="-91" RAnchorPoint=".5" RAnchorOffset="115" BAnchorPoint="1" BAnchorOffset="-18" RelativeToClient="1" Font="CRB_Button" Template="CRB_Hologram" BGColor="white" TextColor="white" DT_CENTER="1" DT_VCENTER="1" TestAlpha="0" NoClip="0" Base="BK3:btnHolo_Red_Med" NewControlDepth="2" TextId="CRB_Decline" NormalTextColor="UI_BtnTextRedNormal" PressedTextColor="UI_BtnTextRedPressed" FlybyTextColor="UI_BtnTextRedFlyby" PressedFlybyTextColor="UI_BtnTextRedPressedFlyby" DisabledTextColor="UI_BtnTextRedDisabled" UseTemplateBG="0" Tooltip="" Text="" TooltipColor="">
            <Event Name="ButtonSignal" Function="OnDeclineDuel"/>
        </Control>
    </Form>
    <Form Name="DuelWarning" Class="Window" LAnchorPoint="0.5" LAnchorOffset="-150" TAnchorPoint="0.25" TAnchorOffset="-85" RAnchorPoint="0.5" RAnchorOffset="150" BAnchorPoint=".25" BAnchorOffset="85" Template="" Moveable="0" Border="0" Sprite="BK3:sprHolo_Alert_Confirm" Picture="1" BGOpacity=".5" BGColor="white" TextColor="white" Escapable="0" Overlapped="1" SwallowMouseClicks="1" LeftEdgeControlsAnchor="" AutoFade="0" AutoFadeNC="0" AutoFadeBG="0" UseTemplateBG="0" TooltipColor="" Tooltip="" Visible="0" Text="">
        <Event Name="WindowClosed" Function="OnWindowClosed"/>
        <Control Class="Window" LAnchorPoint="0" LAnchorOffset="60" TAnchorPoint="0.5" TAnchorOffset="-4" RAnchorPoint="1" RAnchorOffset="-60" BAnchorPoint="0.5" BAnchorOffset="46" RelativeToClient="1" Font="CRB_HeaderGigantic" Text="10" Template="Default" TooltipType="OnCursor" Name="Timer" BGColor="white" TextColor="UI_TextHoloTitle" TooltipColor="" TextId="" DT_CENTER="1" DT_VCENTER="1" Sprite="BK3:UI_BK3_Holo_InsetSimple" Picture="1" IgnoreMouse="1"/>
        <Pixie LAnchorPoint="0" LAnchorOffset="70" TAnchorPoint="0" TAnchorOffset="36" RAnchorPoint="1" RAnchorOffset="-70" BAnchorPoint="1" BAnchorOffset="0" BGColor="white" Font="CRB_InterfaceMedium" TextColor="UI_TextHoloBodyHighlight" Text="" TextId="MatchMaker_LeftDuelArea" Sprite="" DT_CENTER="1" DT_RIGHT="0" DT_VCENTER="0" DT_WORDBREAK="1" Line="0"/>
    </Form>
</Forms>
