<?xml version="1.0" encoding="UTF-8" standalone="yes" ?>
<Forms>
    <Form Class="Window" LAnchorPoint="1" LAnchorOffset="-325" TAnchorPoint="0" TAnchorOffset="220" RAnchorPoint="1" RAnchorOffset="10" BAnchorPoint="0" BAnchorOffset="376" RelativeToClient="1" Font="Default" Text="" Template="Default" TooltipType="OnCursor" Name="AdventureNorthernWildsForm" Border="0" Picture="0" SwallowMouseClicks="1" Moveable="1" Escapable="0" Overlapped="1" BGColor="ffffffff" TextColor="ffffffff" TooltipColor="" IgnoreMouse="1" Tooltip="">
        <Control Class="CostumeWindow" LAnchorPoint="0" LAnchorOffset="20" TAnchorPoint="0" TAnchorOffset="28" RAnchorPoint="0" RAnchorOffset="98" BAnchorPoint="0" BAnchorOffset="106" RelativeToClient="1" Font="Default" Text="" Template="Default" Name="LeftAssetCostume" BGColor="ffffffff" TextColor="ffffffff" Visible="1" Animated="0" Camera="Target" Sprite="" HideInEditor="0" TooltipColor="" IgnoreMouse="1" Tooltip="" TooltipFont="CRB_InterfaceSmall_O" TooltipType="OnCursor" TooltipId="NWAdventure_SkeechAlly"/>
        <Control Class="CostumeWindow" LAnchorPoint="1" LAnchorOffset="-106" TAnchorPoint="0" TAnchorOffset="20" RAnchorPoint="1" RAnchorOffset="-20" BAnchorPoint="0" BAnchorOffset="106" RelativeToClient="1" Font="Default" Text="" Template="Default" Name="RightAssetCostume" BGColor="ffffffff" TextColor="ffffffff" Visible="1" Animated="1" Camera="Target" Aminated="1" Sprite="" HideInEditor="0" TooltipColor="" IgnoreMouse="1" Tooltip="" TooltipId="NWAdventure_MoodiesAlly" TooltipFont="CRB_InterfaceSmall_O" TooltipType="OnCursor"/>
        <Control Class="Window" LAnchorPoint="0" LAnchorOffset="15" TAnchorPoint="0" TAnchorOffset="15" RAnchorPoint="1" RAnchorOffset="-15" BAnchorPoint="1" BAnchorOffset="-15" RelativeToClient="1" Font="Default" Text="" Template="Default" TooltipType="OnCursor" Name="BlackBG" BGColor="ffffffff" TextColor="ffffffff" TooltipColor="" Sprite="CRB_Basekit:kitBase_MetalGrey_Small" Picture="1" IgnoreMouse="1">
            <Control Class="Window" LAnchorPoint="0" LAnchorOffset="10" TAnchorPoint="0" TAnchorOffset="10" RAnchorPoint="0" RAnchorOffset="30" BAnchorPoint="0" BAnchorOffset="30" RelativeToClient="1" Font="Default" Text="" Template="Default" TooltipType="OnCursor" Name="LeftWndMeleeUpgrade2" BGColor="ffffffff" TextColor="ffffffff" TooltipColor="" Picture="1" IgnoreMouse="1" Sprite="CRB_CurrencySprites:sprHeroicTier2" Tooltip="" TooltipId="NWAdventure_SkeechBerserkerUpgrade" Visible="0" Overlapped="0" DoNotBlockTooltip="1"/>
            <Control Class="Window" LAnchorPoint="0" LAnchorOffset="40" TAnchorPoint="0" TAnchorOffset="9" RAnchorPoint="0" RAnchorOffset="60" BAnchorPoint="0" BAnchorOffset="29" RelativeToClient="1" Font="Default" Text="" Template="Default" TooltipType="OnCursor" Name="LeftWndMagicUpgrade1" BGColor="ffffffff" TextColor="ffffffff" TooltipColor="" Picture="1" IgnoreMouse="1" Sprite="CRB_MinimapSprites:sprMM_InstancePortal" Tooltip="" TooltipId="NWAdventure_SkeechFrostUpgrade" Visible="0" DoNotBlockTooltip="1"/>
            <Control Class="Window" LAnchorPoint="0" LAnchorOffset="70" TAnchorPoint="0" TAnchorOffset="10" RAnchorPoint="0" RAnchorOffset="90" BAnchorPoint="0" BAnchorOffset="30" RelativeToClient="1" Font="Default" Text="" Template="Default" TooltipType="OnCursor" Name="LeftWndHuntUpgrade2" BGColor="ffffffff" TextColor="ffffffff" TooltipColor="" Picture="1" IgnoreMouse="1" Sprite="CRB_CurrencySprites:sprRadiantWrit" Tooltip="" TooltipId="NWAdventure_SkeechSkugUpgrade" Visible="0" DoNotBlockTooltip="1"/>
            <Control Class="Window" LAnchorPoint="0" LAnchorOffset="10" TAnchorPoint="0" TAnchorOffset="10" RAnchorPoint="0" RAnchorOffset="30" BAnchorPoint="0" BAnchorOffset="30" RelativeToClient="1" Font="Default" Text="" Template="Default" TooltipType="OnCursor" Name="LeftWndMeleeUpgrade1" BGColor="ffffffff" TextColor="ffffffff" TooltipColor="" Picture="1" IgnoreMouse="1" Sprite="CRB_CurrencySprites:sprHeroicTier2" Tooltip="" TooltipId="NWAdventure_SkeechGuardUpgrade" Visible="0" Overlapped="0" DoNotBlockTooltip="1"/>
            <Control Class="Window" LAnchorPoint="0" LAnchorOffset="40" TAnchorPoint="0" TAnchorOffset="9" RAnchorPoint="0" RAnchorOffset="60" BAnchorPoint="0" BAnchorOffset="29" RelativeToClient="1" Font="Default" Text="" Template="Default" TooltipType="OnCursor" Name="LeftWndMagicUpgrade2" BGColor="ffffffff" TextColor="ffffffff" TooltipColor="" Picture="1" IgnoreMouse="1" Sprite="CRB_MinimapSprites:sprMM_InstancePortal" Tooltip="" TooltipId="NWAdventure_SkeechBloodUpgrade" Visible="0" DoNotBlockTooltip="1"/>
            <Control Class="Window" LAnchorPoint="0" LAnchorOffset="70" TAnchorPoint="0" TAnchorOffset="10" RAnchorPoint="0" RAnchorOffset="90" BAnchorPoint="0" BAnchorOffset="30" RelativeToClient="1" Font="Default" Text="" Template="Default" TooltipType="OnCursor" Name="LeftWndHuntUpgrade1" BGColor="ffffffff" TextColor="ffffffff" TooltipColor="" Picture="1" IgnoreMouse="1" Sprite="CRB_CurrencySprites:sprRadiantWrit" Tooltip="" TooltipId="NWAdventure_SkeechPackUpgrade" Visible="0" DoNotBlockTooltip="1"/>
            <Control Class="Window" LAnchorPoint="1" LAnchorOffset="-90" TAnchorPoint="0" TAnchorOffset="10" RAnchorPoint="1" RAnchorOffset="-70" BAnchorPoint="0" BAnchorOffset="30" RelativeToClient="1" Font="Default" Text="" Template="Default" TooltipType="OnCursor" Name="RightWndMeleeUpgrade2" BGColor="ffffffff" TextColor="ffffffff" TooltipColor="" Picture="1" IgnoreMouse="1" Sprite="CRB_CurrencySprites:sprHeroicTier2" Tooltip="" TooltipId="NWAdventure_MoodieBerserkerUpgrade" Visible="0" DoNotBlockTooltip="1"/>
            <Control Class="Window" LAnchorPoint="1" LAnchorOffset="-60" TAnchorPoint="0" TAnchorOffset="9" RAnchorPoint="1" RAnchorOffset="-40" BAnchorPoint="0" BAnchorOffset="29" RelativeToClient="1" Font="Default" Text="" Template="Default" TooltipType="OnCursor" Name="RightWndMagicUpgrade1" BGColor="ffffffff" TextColor="ffffffff" TooltipColor="" Picture="1" IgnoreMouse="1" Sprite="CRB_MinimapSprites:sprMM_InstancePortal" Tooltip="" TooltipId="NWAdventure_MoodieFrostUpgrade" Visible="0" DoNotBlockTooltip="1"/>
            <Control Class="Window" LAnchorPoint="1" LAnchorOffset="-30" TAnchorPoint="0" TAnchorOffset="10" RAnchorPoint="1" RAnchorOffset="-10" BAnchorPoint="0" BAnchorOffset="30" RelativeToClient="1" Font="Default" Text="" Template="Default" TooltipType="OnCursor" Name="RightWndHuntUpgrade2" BGColor="ffffffff" TextColor="ffffffff" TooltipColor="" Picture="1" IgnoreMouse="1" Sprite="CRB_CurrencySprites:sprRadiantWrit" Tooltip="" TooltipId="NWAdventure_MoodieSkugUpgrade" Visible="0" DoNotBlockTooltip="1"/>
            <Control Class="Window" LAnchorPoint="1" LAnchorOffset="-90" TAnchorPoint="0" TAnchorOffset="10" RAnchorPoint="1" RAnchorOffset="-70" BAnchorPoint="0" BAnchorOffset="30" RelativeToClient="1" Font="Default" Text="" Template="Default" TooltipType="OnCursor" Name="RightWndMeleeUpgrade1" BGColor="ffffffff" TextColor="ffffffff" TooltipColor="" Picture="1" IgnoreMouse="1" Sprite="CRB_CurrencySprites:sprHeroicTier2" Tooltip="" TooltipId="NWAdventure_MoodieGuardUpgrade" Visible="0" DoNotBlockTooltip="1"/>
            <Control Class="Window" LAnchorPoint="1" LAnchorOffset="-60" TAnchorPoint="0" TAnchorOffset="9" RAnchorPoint="1" RAnchorOffset="-40" BAnchorPoint="0" BAnchorOffset="29" RelativeToClient="1" Font="Default" Text="" Template="Default" TooltipType="OnCursor" Name="RightWndMagicUpgrade2" BGColor="ffffffff" TextColor="ffffffff" TooltipColor="" Picture="1" IgnoreMouse="1" Sprite="CRB_MinimapSprites:sprMM_InstancePortal" Tooltip="" TooltipId="NWAdventure_MoodieBloodUpgrade" Visible="0" DoNotBlockTooltip="1"/>
            <Control Class="Window" LAnchorPoint="1" LAnchorOffset="-30" TAnchorPoint="0" TAnchorOffset="10" RAnchorPoint="1" RAnchorOffset="-10" BAnchorPoint="0" BAnchorOffset="30" RelativeToClient="1" Font="Default" Text="" Template="Default" TooltipType="OnCursor" Name="RightWndHuntUpgrade1" BGColor="ffffffff" TextColor="ffffffff" TooltipColor="" Picture="1" IgnoreMouse="1" Sprite="CRB_CurrencySprites:sprRadiantWrit" Tooltip="" TooltipId="NWAdventure_MoodiePackUpgrade" Visible="0" DoNotBlockTooltip="1"/>
        </Control>
        <Control Class="Window" LAnchorPoint="0" LAnchorOffset="15" TAnchorPoint="1" TAnchorOffset="-57" RAnchorPoint="1" RAnchorOffset="-15" BAnchorPoint="1" BAnchorOffset="-15" RelativeToClient="1" Font="Default" Text="" Template="Default" TooltipType="OnCursor" Name="LevelBarBG" BGColor="ffffffff" TextColor="ffffffff" TooltipColor="" Sprite="CRB_Basekit:kitIProgBar_Hybrid_Base" Picture="1" IgnoreMouse="1" NewControlDepth="1" Tooltip="" TooltipFont="CRB_InterfaceSmall_O" TooltipId="NWAdventure_LevelTooltip" IgnoreTooltipDelay="1">
            <Control Class="ProgressBar" Text="" LAnchorPoint="0" LAnchorOffset="30" TAnchorPoint="0" TAnchorOffset="11" RAnchorPoint="1" RAnchorOffset="-30" BAnchorPoint="0" BAnchorOffset="31" AutoSetText="0" UseValues="0" RelativeToClient="1" SetTextToProgress="0" DT_CENTER="0" DT_VCENTER="0" ProgressEmpty="" ProgressFull="CRB_Basekit:kitIProgBar_Hybrid_Fill" TooltipType="OnCursor" Name="LevelProgressBar" BGColor="ffffffff" TextColor="ffffffff" TooltipColor="" BarColor="" Sprite="" Picture="0"/>
            <Control Class="Window" LAnchorPoint="0" LAnchorOffset="0" TAnchorPoint="0" TAnchorOffset="0" RAnchorPoint="1" RAnchorOffset="0" BAnchorPoint="1" BAnchorOffset="-2" RelativeToClient="1" Font="CRB_InterfaceSmall_O" Text="" Template="Default" TooltipType="OnCursor" Name="LevelProgressText" BGColor="ffffffff" TextColor="UI_TextHoloTitle" TooltipColor="" TextId="CRB_00" DT_RIGHT="0" DT_CENTER="1" DT_VCENTER="1" Tooltip=""/>
        </Control>
        <Control Class="Window" LAnchorPoint="0" LAnchorOffset="14" TAnchorPoint="0" TAnchorOffset="14" RAnchorPoint="0" RAnchorOffset="112" BAnchorPoint="0" BAnchorOffset="112" RelativeToClient="1" Font="Default" Text="" Template="Default" TooltipType="OnCursor" Name="LeftAssetCostumeFrame" BGColor="ffffffff" TextColor="ffffffff" TooltipColor="" Picture="1" IgnoreMouse="1" Sprite="CRB_Basekit:kitInnerFrame_MetalGold_Small" NewControlDepth="1"/>
        <Control Class="Window" LAnchorPoint="1" LAnchorOffset="-112" TAnchorPoint="0" TAnchorOffset="14" RAnchorPoint="1" RAnchorOffset="-14" BAnchorPoint="0" BAnchorOffset="112" RelativeToClient="1" Font="Default" Text="" Template="Default" TooltipType="OnCursor" Name="RightAssetCostumeFrame" BGColor="ffffffff" TextColor="ffffffff" TooltipColor="" Picture="1" IgnoreMouse="1" Sprite="CRB_Basekit:kitInnerFrame_MetalGold_Small" NewControlDepth="1"/>
        <Control Class="Window" LAnchorPoint="0.5" LAnchorOffset="-65" TAnchorPoint="0" TAnchorOffset="20" RAnchorPoint="0.5" RAnchorOffset="0" BAnchorPoint="0" BAnchorOffset="90" RelativeToClient="1" Font="Default" Text="00" Template="Default" TooltipType="OnCursor" Name="LeftNumber" BGColor="ffffffff" TextColor="ff31fcf6" TooltipColor="" TextId="" DT_RIGHT="0" DT_VCENTER="1" DT_CENTER="1" Tooltip="" TooltipFont="CRB_InterfaceSmall_O" TooltipId="NWAdventure_SkeechTotemsTooltip"/>
        <Control Class="Window" LAnchorPoint="0.5" LAnchorOffset="-65" TAnchorPoint="0" TAnchorOffset="75" RAnchorPoint="0.5" RAnchorOffset="0" BAnchorPoint="0" BAnchorOffset="95" RelativeToClient="1" Font="CRB_InterfaceSmall_O" Text="" Template="Default" TooltipType="OnCursor" Name="LeftNumberLabel" BGColor="ffffffff" TextColor="ff31fcf6" TooltipColor="" TextId="NWAdventure_TotemLabel" DT_CENTER="1" Tooltip=""/>
        <Control Class="Window" LAnchorPoint="0.5" LAnchorOffset="-20" TAnchorPoint="0" TAnchorOffset="20" RAnchorPoint="0.5" RAnchorOffset="20" BAnchorPoint="0" BAnchorOffset="100" RelativeToClient="1" Font="CRB_InterfaceSmall_O" Text="" Template="Default" TooltipType="OnCursor" Name="VsText" BGColor="ffffffff" TextColor="UI_TextMetalBody" TooltipColor="" TextId="NWAdventure_Vs" DT_CENTER="1" DT_VCENTER="1"/>
        <Control Class="Window" LAnchorPoint="0.5" LAnchorOffset="0" TAnchorPoint="0" TAnchorOffset="20" RAnchorPoint="0.5" RAnchorOffset="65" BAnchorPoint="0" BAnchorOffset="90" RelativeToClient="1" Font="Default" Text="00" Template="Default" TooltipType="OnCursor" Name="RightNumber" BGColor="ffffffff" TextColor="UI_BtnTextRedNormal" TooltipColor="" TextId="" DT_RIGHT="0" DT_VCENTER="1" DT_CENTER="1" Tooltip="" TooltipFont="CRB_InterfaceSmall_O" TooltipId="NWAdventure_MoodieTotemTooltip"/>
        <Control Class="Window" LAnchorPoint="0.5" LAnchorOffset="0" TAnchorPoint="0" TAnchorOffset="75" RAnchorPoint="0.5" RAnchorOffset="65" BAnchorPoint="0" BAnchorOffset="95" RelativeToClient="1" Font="CRB_InterfaceSmall_O" Text="" Template="Default" TooltipType="OnCursor" Name="RightNumberLabel" BGColor="ffffffff" TextColor="UI_BtnTextRedNormal" TooltipColor="" TextId="NWAdventure_TotemLabel" DT_RIGHT="0" DT_CENTER="1"/>
        <Control Class="Window" LAnchorPoint="0" LAnchorOffset="0" TAnchorPoint="0" TAnchorOffset="0" RAnchorPoint="1" RAnchorOffset="0" BAnchorPoint="1" BAnchorOffset="0" RelativeToClient="1" Font="Default" Text="" Template="Default" TooltipType="OnCursor" Name="FrameBG" BGColor="ffffffff" TextColor="ffffffff" TooltipColor="" Sprite="CRB_Basekit:kitOuterFrame_MetalGold_Small1" Picture="1" IgnoreMouse="1" Tooltip="" HideInEditor="1"/>
    </Form>
</Forms>
