<Forms>
    <Form Class="Window" LAnchorPoint="1" LAnchorOffset="-343" TAnchorPoint="0" TAnchorOffset="198" RAnchorPoint="1" RAnchorOffset="10" BAnchorPoint="0" BAnchorOffset="354" RelativeToClient="1" Font="Default" Text="" Template="Default" TooltipType="OnCursor" Name="MalgraveAdventureResourcesForm" Border="0" Picture="1" SwallowMouseClicks="1" Moveable="1" Escapable="0" Overlapped="1" BGColor="ffffffff" TextColor="ffffffff" TooltipColor="" IgnoreMouse="1" Tooltip="" Visible="0">
        <Control Class="Window" LAnchorPoint="0" LAnchorOffset="15" TAnchorPoint="0" TAnchorOffset="15" RAnchorPoint="1" RAnchorOffset="-15" BAnchorPoint="1" BAnchorOffset="-15" RelativeToClient="1" Font="Default" Text="" Template="Default" TooltipType="OnCursor" Name="BlackBG" BGColor="ffffffff" TextColor="ffffffff" TooltipColor="" Sprite="CRB_Basekit:kitBase_MetalGrey_Small" Picture="1" IgnoreMouse="1" />
        <Control Class="Window" LAnchorPoint="0" LAnchorOffset="155" TAnchorPoint="0" TAnchorOffset="21" RAnchorPoint="1" RAnchorOffset="-18" BAnchorPoint="1" BAnchorOffset="0" RelativeToClient="1" Font="Default" Text="" Template="Default" TooltipType="OnCursor" Name="SubBars" BGColor="ffffffff" TextColor="ffffffff" TooltipColor="">
            <Control Class="Window" LAnchorPoint="0" LAnchorOffset="20" TAnchorPoint="0" TAnchorOffset="0" RAnchorPoint="1" RAnchorOffset="0" BAnchorPoint="0" BAnchorOffset="35" RelativeToClient="1" Font="Default" Text="" Template="Default" TooltipType="OnCursor" Name="FoodBarBG" BGColor="ffffffff" TextColor="ffffffff" TooltipColor="" Sprite="CRB_Basekit:kitIProgBar_Metal_Base" Picture="1" IgnoreMouse="1" IgnoreTooltipDelay="1" Tooltip="" TooltipId="MalgraveAdv_FoodTooltip" TooltipFont="CRB_InterfaceSmall_O">
                <Control Class="ProgressBar" Text="" LAnchorPoint="0" LAnchorOffset="11" TAnchorPoint="0" TAnchorOffset="8" RAnchorPoint="1" RAnchorOffset="-11" BAnchorPoint="1" BAnchorOffset="-7" AutoSetText="0" UseValues="0" RelativeToClient="1" SetTextToProgress="0" DT_CENTER="0" DT_VCENTER="1" ProgressEmpty="" ProgressFull="CRB_Basekit:kitIProgBar_Metal_Fill" TooltipType="OnCursor" Name="FoodProgressBar" BGColor="ffffffff" TextColor="ff7fffb9" TooltipColor="" BarColor="" Sprite="CRB_Basekit:kitIProgBar_Metal_Fill" Picture="0" TextId="" DT_RIGHT="1" Font="CRB_InterfaceMedium_B">
                    <Control Class="Window" LAnchorPoint="1" LAnchorOffset="-29" TAnchorPoint="0" TAnchorOffset="0" RAnchorPoint="1" RAnchorOffset="-4" BAnchorPoint="1" BAnchorOffset="0" RelativeToClient="1" Font="CRB_InterfaceMedium_B" Text="+10" Template="Default" TooltipType="OnCursor" Name="ProgressFlashIcon" BGColor="ffffffff" TextColor="ff7fffb9" TooltipColor="" Picture="0" IgnoreMouse="1" TransitionShowHide="0" Sprite="" Visible="0" TextId="" DT_CENTER="0" DT_VCENTER="1" DT_RIGHT="1" />
                </Control>
                <Control Class="Window" LAnchorPoint="0" LAnchorOffset="0" TAnchorPoint="0" TAnchorOffset="0" RAnchorPoint="1" RAnchorOffset="0" BAnchorPoint="1" BAnchorOffset="-1" RelativeToClient="1" Font="CRB_InterfaceSmall_O" Text="" Template="Default" TooltipType="OnCursor" Name="FoodProgressText" BGColor="ffffffff" TextColor="ff31fcf6" TooltipColor="" TextId="CRB_00" DT_RIGHT="0" DT_CENTER="1" DT_VCENTER="1" />
            </Control>
            <Control Class="Window" LAnchorPoint="0" LAnchorOffset="20" TAnchorPoint="0" TAnchorOffset="28" RAnchorPoint="1" RAnchorOffset="0" BAnchorPoint="0" BAnchorOffset="63" RelativeToClient="1" Font="Default" Text="" Template="Default" TooltipType="OnCursor" Name="WaterBarBG" BGColor="ffffffff" TextColor="ffffffff" TooltipColor="" Sprite="CRB_Basekit:kitIProgBar_Metal_Base" Picture="1" IgnoreMouse="1" IgnoreTooltipDelay="1" Tooltip="" TooltipId="MalgraveAdv_WaterTooltip" TooltipFont="CRB_InterfaceSmall_O">
                <Control Class="ProgressBar" Text="" LAnchorPoint="0" LAnchorOffset="11" TAnchorPoint="0" TAnchorOffset="8" RAnchorPoint="1" RAnchorOffset="-11" BAnchorPoint="1" BAnchorOffset="-7" AutoSetText="0" UseValues="0" RelativeToClient="1" SetTextToProgress="0" DT_CENTER="1" DT_VCENTER="1" ProgressEmpty="" ProgressFull="CRB_Basekit:kitIProgBar_Metal_Fill" TooltipType="OnCursor" Name="WaterProgressBar" BGColor="ffffffff" TextColor="ffffffff" TooltipColor="" BarColor="" Sprite="CRB_Basekit:kitIProgBar_Metal_Fill" Picture="0">
                    <Control Class="Window" LAnchorPoint="1" LAnchorOffset="-29" TAnchorPoint="0" TAnchorOffset="0" RAnchorPoint="1" RAnchorOffset="-4" BAnchorPoint="1" BAnchorOffset="0" RelativeToClient="1" Font="CRB_InterfaceMedium_B" Text="+10" Template="Default" TooltipType="OnCursor" Name="ProgressFlashIcon" BGColor="ffffffff" TextColor="ff7fffb9" TooltipColor="" Picture="0" IgnoreMouse="1" TransitionShowHide="0" Sprite="" Visible="0" TextId="" DT_CENTER="0" DT_VCENTER="1" DT_RIGHT="1" />
                </Control>
                <Control Class="Window" LAnchorPoint="0" LAnchorOffset="0" TAnchorPoint="0" TAnchorOffset="0" RAnchorPoint="1" RAnchorOffset="0" BAnchorPoint="1" BAnchorOffset="-1" RelativeToClient="1" Font="CRB_InterfaceSmall_O" Text="" Template="Default" TooltipType="OnCursor" Name="WaterProgressText" BGColor="ffffffff" TextColor="ff31fcf6" TooltipColor="" TextId="CRB_00" DT_RIGHT="0" DT_CENTER="1" DT_VCENTER="1" />
            </Control>
            <Control Class="Window" LAnchorPoint="0" LAnchorOffset="20" TAnchorPoint="0" TAnchorOffset="54" RAnchorPoint="1" RAnchorOffset="0" BAnchorPoint="0" BAnchorOffset="89" RelativeToClient="1" Font="Default" Text="" Template="Default" TooltipType="OnCursor" Name="FeedBarBG" BGColor="ffffffff" TextColor="ffffffff" TooltipColor="" Sprite="CRB_Basekit:kitIProgBar_Metal_Base" Picture="1" IgnoreMouse="1" IgnoreTooltipDelay="1" Tooltip="" TooltipId="MalgraveAdv_KurgFeedTooltip" TooltipFont="CRB_InterfaceSmall_O">
                <Control Class="ProgressBar" Text="" LAnchorPoint="0" LAnchorOffset="11" TAnchorPoint="0" TAnchorOffset="8" RAnchorPoint="1" RAnchorOffset="-11" BAnchorPoint="1" BAnchorOffset="-7" AutoSetText="0" UseValues="0" RelativeToClient="1" SetTextToProgress="0" DT_CENTER="1" DT_VCENTER="1" ProgressEmpty="" ProgressFull="CRB_Basekit:kitIProgBar_Metal_Fill" TooltipType="OnCursor" Name="FeedProgressBar" BGColor="ffffffff" TextColor="ffffffff" TooltipColor="" BarColor="" Sprite="CRB_Basekit:kitIProgBar_Metal_Fill" Picture="0">
                    <Control Class="Window" LAnchorPoint="1" LAnchorOffset="-29" TAnchorPoint="0" TAnchorOffset="0" RAnchorPoint="1" RAnchorOffset="-4" BAnchorPoint="1" BAnchorOffset="0" RelativeToClient="1" Font="CRB_InterfaceMedium_B" Text="+10" Template="Default" TooltipType="OnCursor" Name="ProgressFlashIcon" BGColor="ffffffff" TextColor="ff7fffb9" TooltipColor="" Picture="0" IgnoreMouse="1" TransitionShowHide="0" Sprite="" Visible="0" TextId="" DT_CENTER="0" DT_VCENTER="1" DT_RIGHT="1" />
                </Control>
                <Control Class="Window" LAnchorPoint="0" LAnchorOffset="0" TAnchorPoint="0" TAnchorOffset="0" RAnchorPoint="1" RAnchorOffset="0" BAnchorPoint="1" BAnchorOffset="-1" RelativeToClient="1" Font="CRB_InterfaceSmall_O" Text="" Template="Default" TooltipType="OnCursor" Name="FeedProgressText" BGColor="ffffffff" TextColor="ff31fcf6" TooltipColor="" TextId="CRB_00" DT_RIGHT="0" DT_CENTER="1" DT_VCENTER="1" />
            </Control>
            <Control Class="Window" LAnchorPoint="0" LAnchorOffset="-4" TAnchorPoint="0" TAnchorOffset="0" RAnchorPoint="0" RAnchorOffset="28" BAnchorPoint="0" BAnchorOffset="32" RelativeToClient="1" Font="CRB_InterfaceMedium_B" Text="" Template="Default" TooltipType="OnCursor" Name="IconFood" BGColor="ffffffff" TextColor="ff7fffb9" TooltipColor="" Picture="1" IgnoreMouse="1" Sprite="ClientSprites:Icon_Mission_Scientist_DatachronDiscovery" IgnoreTooltipDelay="1" Tooltip="" TooltipId="MalgraveAdv_FoodTooltip" TooltipFont="CRB_InterfaceSmall_O" TextId="" DT_CENTER="1" DT_VCENTER="1" />
            <Control Class="Window" LAnchorPoint="0" LAnchorOffset="-3" TAnchorPoint="0" TAnchorOffset="27" RAnchorPoint="0" RAnchorOffset="36" BAnchorPoint="0" BAnchorOffset="66" RelativeToClient="1" Font="Default" Text="" Template="Default" TooltipType="OnCursor" Name="IconWater" BGColor="ffffffff" TextColor="ffffffff" TooltipColor="" Picture="1" IgnoreMouse="1" Sprite="CRB_Basekit:kitIcon_Holo_HazardTemperature" TooltipFont="CRB_InterfaceSmall_O" Tooltip="" TooltipId="MalgraveAdv_WaterTooltip" IgnoreTooltipDelay="1" />
            <Control Class="Window" LAnchorPoint="0" LAnchorOffset="-3" TAnchorPoint="0" TAnchorOffset="55" RAnchorPoint="0" RAnchorOffset="31" BAnchorPoint="0" BAnchorOffset="87" RelativeToClient="1" Font="Default" Text="" Template="Default" TooltipType="OnCursor" Name="IconFeed" BGColor="ffffffff" TextColor="ffffffff" TooltipColor="" Picture="1" IgnoreMouse="1" Sprite="ClientSprites:Icon_Mission_Scientist_ScanPlant" Tooltip="" TooltipId="MalgraveAdv_KurgFeedTooltip" TooltipFont="CRB_InterfaceSmall_O" IgnoreTooltipDelay="1" />
        </Control>
        <Control Class="CostumeWindow" LAnchorPoint="0" LAnchorOffset="29" TAnchorPoint="0" TAnchorOffset="25" RAnchorPoint="0" RAnchorOffset="149" BAnchorPoint="0" BAnchorOffset="111" RelativeToClient="1" Font="Default" Text="" Template="Default" Name="LeftAssetCostume" BGColor="ffffffff" TextColor="ffffffff" Visible="1" Animated="1" Camera="Target" Aminated="1" Sprite="" HideInEditor="0" TooltipColor="" IgnoreMouse="1" Tooltip="" />
        <Control Class="Window" LAnchorPoint="0" LAnchorOffset="15" TAnchorPoint="0" TAnchorOffset="14" RAnchorPoint="0" RAnchorOffset="157" BAnchorPoint="0" BAnchorOffset="112" RelativeToClient="1" Font="Default" Text="" Template="Default" TooltipType="OnCursor" Name="LeftAssetCostumeFrame" BGColor="ffffffff" TextColor="ffffffff" TooltipColor="" Picture="1" IgnoreMouse="1" Sprite="CRB_Basekit:kitInnerFrame_MetalGold_Small" NewControlDepth="1" />
        <Control Class="Window" LAnchorPoint="0" LAnchorOffset="25" TAnchorPoint="1" TAnchorOffset="-81" RAnchorPoint="0" RAnchorOffset="76" BAnchorPoint="1" BAnchorOffset="-59" RelativeToClient="1" Font="CRB_InterfaceSmall_O" Text="" Template="Default" TooltipType="OnCursor" Name="SurvivorCountLabel" BGColor="ffffffff" TextColor="ff9a8460" TooltipColor="" TextId="MalgraveAdv_CaravanLabel" DT_CENTER="0" DT_BOTTOM="0" DT_WORDBREAK="0" Visible="1" HideInEditor="0" Tooltip="" />
        <Control Class="Window" LAnchorPoint="0" LAnchorOffset="25" TAnchorPoint="1" TAnchorOffset="-71" RAnchorPoint="0" RAnchorOffset="76" BAnchorPoint="1" BAnchorOffset="-49" RelativeToClient="1" Font="CRB_InterfaceLarge_B" Text="30/30" Template="Default" TooltipType="OnCursor" Name="SurvivorCountText" BGColor="ffffffff" TextColor="ff9a8460" TooltipColor="" TextId="" DT_CENTER="0" DT_BOTTOM="0" DT_WORDBREAK="0" Visible="1" HideInEditor="0" />
        <Control Class="Window" LAnchorPoint="0" LAnchorOffset="25" TAnchorPoint="1" TAnchorOffset="-57" RAnchorPoint="0" RAnchorOffset="70" BAnchorPoint="1" BAnchorOffset="-15" RelativeToClient="1" Font="CRB_InterfaceSmall_O" Text="" Template="Default" TooltipType="OnCursor" Name="FatigueText" BGColor="ffffffff" TextColor="ff9a8460" TooltipColor="" TextId="MalgraveAdv_FatigueLabel" DT_CENTER="0" DT_VCENTER="1" IgnoreMouse="1" IgnoreTooltipDelay="1" Tooltip="" TooltipId="MalgraveAdv_FatigueTooltip" TooltipFont="CRB_InterfaceSmall_O" />
        <Control Class="Window" LAnchorPoint="0" LAnchorOffset="65" TAnchorPoint="1" TAnchorOffset="-57" RAnchorPoint="1" RAnchorOffset="-15" BAnchorPoint="1" BAnchorOffset="-15" RelativeToClient="1" Font="Default" Text="" Template="Default" TooltipType="OnCursor" Name="FatigueBarBG" BGColor="ffffffff" TextColor="ffffffff" TooltipColor="" Sprite="CRB_Basekit:kitIProgBar_Hybrid_Base" Picture="1" IgnoreMouse="1" NewControlDepth="1" Tooltip="" TooltipFont="CRB_InterfaceSmall_O" TooltipId="MalgraveAdv_FatigueTooltip" IgnoreTooltipDelay="1">
            <Control Class="ProgressBar" Text="" LAnchorPoint="0" LAnchorOffset="30" TAnchorPoint="0" TAnchorOffset="11" RAnchorPoint="1" RAnchorOffset="-30" BAnchorPoint="0" BAnchorOffset="31" AutoSetText="0" UseValues="0" RelativeToClient="1" SetTextToProgress="0" DT_CENTER="0" DT_VCENTER="0" ProgressEmpty="" ProgressFull="sprAdventures_TEMP_RedProgBar" TooltipType="OnCursor" Name="FatigueProgressBar" BGColor="ffffffff" TextColor="ffffffff" TooltipColor="" BarColor="" Sprite="" Picture="0" />
            <Control Class="Window" LAnchorPoint="0" LAnchorOffset="0" TAnchorPoint="0" TAnchorOffset="0" RAnchorPoint="1" RAnchorOffset="0" BAnchorPoint="1" BAnchorOffset="-2" RelativeToClient="1" Font="CRB_InterfaceSmall_O" Text="" Template="Default" TooltipType="OnCursor" Name="FatigueProgressText" BGColor="ffffffff" TextColor="ffb80000" TooltipColor="" TextId="CRB_00" DT_RIGHT="0" DT_CENTER="1" DT_VCENTER="1" Tooltip="" />
        </Control>
        <Control Class="Window" LAnchorPoint="0" LAnchorOffset="0" TAnchorPoint="0" TAnchorOffset="0" RAnchorPoint="1" RAnchorOffset="0" BAnchorPoint="1" BAnchorOffset="0" RelativeToClient="1" Font="Default" Text="" Template="Default" TooltipType="OnCursor" Name="FrameBG" BGColor="ffffffff" TextColor="ffffffff" TooltipColor="" Sprite="CRB_Basekit:kitOuterFrame_MetalGold_Small1" Picture="1" IgnoreMouse="1" Tooltip="" />
    </Form>
</Forms>
