<?xml version="1.0" encoding="UTF-8" standalone="yes" ?>
<Forms>
    <Form Class="Window" LAnchorPoint="0.5" LAnchorOffset="-346" TAnchorPoint="1" TAnchorOffset="-69" RAnchorPoint="0.5" RAnchorOffset="304" BAnchorPoint="1" BAnchorOffset="0" RelativeToClient="1" Font="Default" Text="" Template="" Name="ActionBarFrameForm" Border="0" Picture="0" SwallowMouseClicks="1" Moveable="0" Escapable="0" Overlapped="1" BGColor="ffffffff" TextColor="ffffffff" TextId="" TooltipColor="" Tooltip="" IgnoreMouse="1" LeftEdgeControlsAnchor="ActionBar0_Left" TopEdgeControlsAnchor="ActionBar0_Top" RightEdgeControlsAnchor="ActionBar0_Right" BottomEdgeControlsAnchor="ActionBar0_Bottom">
        <Control Class="Button" Base="btnActionBarFrame_PlusBtn" Font="Thick" ButtonType="PushButton" RadioGroup="" LAnchorPoint="0" LAnchorOffset="9" TAnchorPoint="1" TAnchorOffset="-48" RAnchorPoint="0" RAnchorOffset="33" BAnchorPoint="1" BAnchorOffset="-25" DT_VCENTER="1" DT_CENTER="1" TooltipType="OnCursor" Name="PlusBtn" BGColor="ffffffff" TextColor="ffffffff" TooltipColor="" NormalTextColor="ffffffff" PressedTextColor="ffffffff" FlybyTextColor="ffffffff" PressedFlybyTextColor="ffffffff" DisabledTextColor="ffffffff">
            <Event Name="ButtonSignal" Function="OnPlusBtn"/>
        </Control>
        <Control Class="Button" Base="btnActionBarFrame_MinusBtn" Font="Thick" ButtonType="PushButton" RadioGroup="" LAnchorPoint="0" LAnchorOffset="10" TAnchorPoint="1" TAnchorOffset="-23" RAnchorPoint="0" RAnchorOffset="32" BAnchorPoint="1" BAnchorOffset="-2" DT_VCENTER="1" DT_CENTER="1" TooltipType="OnCursor" Name="MinusBtn" BGColor="ffffffff" TextColor="ffffffff" TooltipColor="" NormalTextColor="ffffffff" PressedTextColor="ffffffff" FlybyTextColor="ffffffff" PressedFlybyTextColor="ffffffff" DisabledTextColor="ffffffff">
            <Event Name="ButtonSignal" Function="OnMinusBtn"/>
        </Control>
        <Control Class="ActionBarButton" Name="ActionBarInnate" ContentType="GCBar" ContentId="2" Base="Button_ActionBarBlank" RelativeToClient="1" IfHoldNoSignal="1" DT_VCENTER="1" DT_CENTER="1" NeverBringToFront="1" Picture="0" WindowSoundTemplate="ActionBarButton" BGColor="ffffffff" TextColor="ffffffff" LAnchorPoint="0" LAnchorOffset="55" TAnchorPoint="0" TAnchorOffset="16" RAnchorPoint="0" RAnchorOffset="93" BAnchorPoint="0" BAnchorOffset="54" Font="CRB_InterfaceLarge_O" IgnoreTooltipDelay="1" TooltipColor="" HideInEditor="0" RechargeBarLAnchorPoint="1" RechargeBarLAnchorOffset="-8" RechargeBarTAnchorPoint="0" RechargeBarTAnchorOffset="4" RechargeBarRAnchorPoint="1" RechargeBarRAnchorOffset="4" RechargeBarBAnchorPoint="1" RechargeBarBAnchorOffset="-14" RechargeBarEmptyColorAttribute="Black" RechargeBarFullColorAttribute="ffffffff" RechargeBarEmptyAttribute="WhiteFill" RechargeBarFullAttribute="sprStalker_VerticalGooPulse" TooltipType="DynamicFloater" ShortHotkeyFontAttribute="CRB_InterfaceLarge_BO" LongHotkeyFontAttribute="CRB_InterfaceSmall_O" CountFontAttribute="CRB_InterfaceSmall_O" CooldownFontAttribute="CRB_HeaderLarge" ProcessRightClick="1">
            <Event Name="GenerateTooltip" Function="OnGenerateTooltip"/>
        </Control>
        <Control Class="Window" LAnchorPoint="0" LAnchorOffset="102" TAnchorPoint="0" TAnchorOffset="9" RAnchorPoint="0" RAnchorOffset="538" BAnchorPoint="0" BAnchorOffset="59" RelativeToClient="1" Font="Default" Text="" Template="Default" TooltipType="OnCursor" Name="Bar1ButtonContainer" BGColor="ffffffff" TextColor="ffffffff" TooltipColor=""/>
        <Control Class="Window" LAnchorPoint="1" LAnchorOffset="-106" TAnchorPoint="0" TAnchorOffset="14" RAnchorPoint="1" RAnchorOffset="-16" BAnchorPoint="0" BAnchorOffset="54" RelativeToClient="1" Font="Default" Text="" Template="Default" TooltipType="OnCursor" Name="Bar1ButtonSmallContainer" BGColor="ffffffff" TextColor="ffffffff" TooltipColor="" NewControlDepth="2" Sprite="" Picture="1" IgnoreMouse="1"/>
        <Control Class="Window" LAnchorPoint="0" LAnchorOffset="74" TAnchorPoint="0" TAnchorOffset="70" RAnchorPoint="0" RAnchorOffset="620" BAnchorPoint="0" BAnchorOffset="110" RelativeToClient="1" Font="Default" Text="" Template="Default" TooltipType="OnCursor" Name="Bar2ButtonContainer" BGColor="ffffffff" TextColor="ffffffff" TooltipColor="" Visible="0"/>
        <Control Class="Window" LAnchorPoint="0" LAnchorOffset="74" TAnchorPoint="0" TAnchorOffset="115" RAnchorPoint="0" RAnchorOffset="620" BAnchorPoint="0" BAnchorOffset="155" RelativeToClient="1" Font="Default" Text="" Template="Default" TooltipType="OnCursor" Name="Bar3ButtonContainer" BGColor="ffffffff" TextColor="ffffffff" TooltipColor="" Visible="0"/>
        <Control Class="Window" LAnchorPoint="0" LAnchorOffset="36" TAnchorPoint="0" TAnchorOffset="0" RAnchorPoint="0" RAnchorOffset="650" BAnchorPoint="0" BAnchorOffset="75" RelativeToClient="1" Font="Default" Text="" Template="Default" TooltipType="OnCursor" Name="BarFrame" BGColor="ffffffff" TextColor="ffffffff" TooltipColor="" Picture="1" IgnoreMouse="1" Sprite="CRB_ActionBarFrameSprites:sprActionBarFrame_Bar1Frame" NewControlDepth="3"/>
        <Control Class="Window" LAnchorPoint="0" LAnchorOffset="39" TAnchorPoint="0" TAnchorOffset="-129" RAnchorPoint="0" RAnchorOffset="105" BAnchorPoint="0" BAnchorOffset="7" RelativeToClient="1" Font="Default" Text="" Template="Default" TooltipType="OnCursor" Name="StancePopoutFrame" BGColor="ffffffff" TextColor="ffffffff" TooltipColor="" IgnoreMouse="1" NoClip="1" Picture="1" Sprite="" Visible="0" CloseOnExternalClick="1" Tooltip="">
            <Control Class="Window" LAnchorPoint="0" LAnchorOffset="12" TAnchorPoint="0" TAnchorOffset="12" RAnchorPoint="1" RAnchorOffset="-12" BAnchorPoint="1" BAnchorOffset="-8" RelativeToClient="1" Font="Default" Text="" Template="Default" TooltipType="OnCursor" Name="StancePopoutList" BGColor="ffffffff" TextColor="ffffffff" TooltipColor=""/>
            <Control Class="Window" LAnchorPoint="0" LAnchorOffset="0" TAnchorPoint="0" TAnchorOffset="0" RAnchorPoint="1" RAnchorOffset="0" BAnchorPoint="1" BAnchorOffset="0" RelativeToClient="1" Font="Default" Text="" Template="Default" TooltipType="OnCursor" Name="StancePopoutFrameArt" BGColor="ffffffff" TextColor="ffffffff" TooltipColor="" Sprite="CRB_Basekit:kitInnerFrame_MetalGold_Plain" Picture="1" IgnoreMouse="1" NewControlDepth="1"/>
        </Control>
        <Control Class="Button" Base="CRB_ActionBarFrameSprites:NewButton" Font="Thick" ButtonType="Check" RadioGroup="" LAnchorPoint="0" LAnchorOffset="40" TAnchorPoint="0" TAnchorOffset="-5" RAnchorPoint="0" RAnchorOffset="110" BAnchorPoint="0" BAnchorOffset="63" DT_VCENTER="1" DT_CENTER="1" TooltipType="OnCursor" Name="StancePopoutBtn" BGColor="ffffffff" TextColor="ffffffff" TooltipColor="" NormalTextColor="ffffffff" PressedTextColor="ffffffff" FlybyTextColor="ffffffff" PressedFlybyTextColor="ffffffff" DisabledTextColor="ffffffff" NewControlDepth="2" TestAlpha="1" HideInEditor="1"/>
        <Control Class="Window" LAnchorPoint="0" LAnchorOffset="39" TAnchorPoint="0" TAnchorOffset="3" RAnchorPoint="0" RAnchorOffset="643" BAnchorPoint="0" BAnchorOffset="67" RelativeToClient="1" Font="Default" Text="" Template="Default" Name="VehicleBarMain" BGColor="ffffffff" TextColor="ffffffff" Sprite="sprActionBarFrame_VehicleBG_9Slots" Picture="1" IgnoreMouse="0" Overlapped="1" NewControlDepth="1" TooltipColor="" HideInEditor="1" Visible="0" Tooltip="" NoClip="0" NewWindowDepth="1">
            <Control Class="Window" LAnchorPoint="0" LAnchorOffset="0" TAnchorPoint="0" TAnchorOffset="0" RAnchorPoint="0" RAnchorOffset="18" BAnchorPoint="1" BAnchorOffset="0" RelativeToClient="1" Font="Default" Text="" Template="Default" TooltipType="OnCursor" Name="Padding" BGColor="ffffffff" TextColor="ffffffff" TooltipColor=""/>
            <Control Class="Window" LAnchorPoint="0" LAnchorOffset="173" TAnchorPoint="0" TAnchorOffset="-2" RAnchorPoint="0" RAnchorOffset="449" BAnchorPoint="0" BAnchorOffset="64" RelativeToClient="1" Font="Default" Text="" Template="Default" TooltipType="OnCursor" Name="VehicleBarFrame" BGColor="ffffffff" TextColor="ffffffff" TooltipColor="" Sprite="CRB_ActionBarFrameSprites:sprActionBarFrame_VehicleFrame" Picture="1" IgnoreMouse="1" HideInEditor="0">
                <Control Class="Button" LAnchorPoint="0" LAnchorOffset="-12" TAnchorPoint="0.5" TAnchorOffset="-26" RAnchorPoint="0" RAnchorOffset="45" BAnchorPoint="0.5" BAnchorOffset="29" RelativeToClient="1" Font="Default" Text="" Template="Default" TooltipType="OnCursor" Name="ActionBarShortcut.Dismount" BGColor="ffffffff" TextColor="ffffffff" TooltipColor="" NormalTextColor="ffffffff" PressedTextColor="ffffffff" FlybyTextColor="ffffffff" PressedFlybyTextColor="ffffffff" DisabledTextColor="ffffffff" Base="CRB_ActionBarFrameSprites:btnActionBarFrame_DismountBtn" NoClip="1">
                    <Control Class="ActionBarButton" Name="ActionBarDismount" ContentType="GCBar" ContentId="8" Base="CRB_DEMO_WrapperSprites:btnDemo_CharInvisible" RelativeToClient="1" IfHoldNoSignal="1" DT_VCENTER="1" DT_CENTER="1" NeverBringToFront="1" Picture="0" WindowSoundTemplate="ActionBarButton" BGColor="ffffffff" TextColor="ffffffff" LAnchorPoint="0" LAnchorOffset="2" TAnchorPoint="0" TAnchorOffset="2" RAnchorPoint="1" RAnchorOffset="-2" BAnchorPoint="1" BAnchorOffset="-2" Font="CRB_InterfaceLarge_O" IgnoreTooltipDelay="1" TooltipColor="" HideInEditor="1" RechargeBarLAnchorPoint="1" RechargeBarLAnchorOffset="-8" RechargeBarTAnchorPoint="0" RechargeBarTAnchorOffset="4" RechargeBarRAnchorPoint="1" RechargeBarRAnchorOffset="4" RechargeBarBAnchorPoint="1" RechargeBarBAnchorOffset="-14" RechargeBarEmptyColorAttribute="Black" RechargeBarFullColorAttribute="ffffffff" RechargeBarEmptyAttribute="WhiteFill" RechargeBarFullAttribute="sprStalker_VerticalGooPulse" Tooltip="" TooltipType="OnCursor" TooltipFont="CRB_InterfaceSmall_O" ShortHotkeyFontAttribute="CRB_InterfaceLarge_BO" LongHotkeyFontAttribute="CRB_InterfaceSmall_O" CountFontAttribute="CRB_InterfaceSmall_O" CooldownFontAttribute="CRB_HeaderLarge">
                        <Event Name="GenerateTooltip" Function="OnGenerateTooltip"/>
                    </Control>
                </Control>
                <Control Class="Window" LAnchorPoint="0" LAnchorOffset="47" TAnchorPoint="0.5" TAnchorOffset="-17" RAnchorPoint="0" RAnchorOffset="81" BAnchorPoint="0.5" BAnchorOffset="17" RelativeToClient="1" Font="Default" Text="" Template="Default" TooltipType="OnCursor" Name="ActionBarShortcutContainer1" BGColor="ffffffff" TextColor="ffffffff" TooltipColor="" Picture="1" IgnoreMouse="1" Sprite="CRB_ActionBarFrameSprites:sprActionBarFrame_VehicleIconBG" HideInEditor="0">
                    <Control Class="ActionBarButton" Name="ActionBarShortcut.1" ContentType="RMSBar" ContentId="0" Base="Button_ActionBarBlank" RelativeToClient="1" IfHoldNoSignal="1" DT_VCENTER="1" DT_CENTER="1" LAnchorPoint="0" LAnchorOffset="0" TAnchorPoint="0" TAnchorOffset="0" RAnchorPoint="1" RAnchorOffset="0" BAnchorPoint="1" BAnchorOffset="0" NeverBringToFront="1" Picture="0" WindowSoundTemplate="ActionBarButton" BGColor="ffffffff" TextColor="ffffffff" IgnoreMouse="1" TooltipType="OnCursor" IgnoreTooltipDelay="1" TooltipColor="" ShortHotkeyFontAttribute="CRB_InterfaceLarge_BO" LongHotkeyFontAttribute="CRB_InterfaceSmall_O" CountFontAttribute="CRB_InterfaceSmall_O" CooldownFontAttribute="CRB_HeaderLarge">
                        <Event Name="GenerateTooltip" Function="OnGenerateTooltip"/>
                    </Control>
                </Control>
                <Control Class="Window" LAnchorPoint="0" LAnchorOffset="82" TAnchorPoint="0.5" TAnchorOffset="-17" RAnchorPoint="0" RAnchorOffset="116" BAnchorPoint="0.5" BAnchorOffset="17" RelativeToClient="1" Font="Default" Text="" Template="Default" TooltipType="OnCursor" Name="ActionBarShortcutContainer2" BGColor="ffffffff" TextColor="ffffffff" TooltipColor="" Picture="1" IgnoreMouse="1" Sprite="CRB_ActionBarFrameSprites:sprActionBarFrame_VehicleIconBG" HideInEditor="0">
                    <Control Class="ActionBarButton" Name="ActionBarShortcut.2" ContentType="RMSBar" ContentId="1" Base="Button_ActionBarBlank" RelativeToClient="1" IfHoldNoSignal="1" DT_VCENTER="1" DT_CENTER="1" LAnchorPoint="0" LAnchorOffset="0" TAnchorPoint="0" TAnchorOffset="0" RAnchorPoint="1" RAnchorOffset="0" BAnchorPoint="1" BAnchorOffset="0" NeverBringToFront="0" Picture="0" WindowSoundTemplate="ActionBarButton" BGColor="ffffffff" TextColor="ffffffff" IgnoreMouse="1" TooltipType="OnCursor" IgnoreTooltipDelay="1" TooltipColor="" ShortHotkeyFontAttribute="CRB_InterfaceLarge_BO" LongHotkeyFontAttribute="CRB_InterfaceSmall_O" CountFontAttribute="CRB_InterfaceSmall_O" CooldownFontAttribute="CRB_HeaderLarge">
                        <Event Name="GenerateTooltip" Function="OnGenerateTooltip"/>
                    </Control>
                </Control>
                <Control Class="Window" LAnchorPoint="0" LAnchorOffset="117" TAnchorPoint="0.5" TAnchorOffset="-17" RAnchorPoint="0" RAnchorOffset="151" BAnchorPoint="0.5" BAnchorOffset="17" RelativeToClient="1" Font="Default" Text="" Template="Default" TooltipType="OnCursor" Name="ActionBarShortcutContainer3" BGColor="ffffffff" TextColor="ffffffff" TooltipColor="" Picture="1" IgnoreMouse="1" Sprite="CRB_ActionBarFrameSprites:sprActionBarFrame_VehicleIconBG" HideInEditor="0">
                    <Control Class="ActionBarButton" Name="ActionBarShortcut.3" ContentType="RMSBar" ContentId="2" Base="Button_ActionBarBlank" RelativeToClient="1" IfHoldNoSignal="1" DT_VCENTER="1" DT_CENTER="1" LAnchorPoint="0" LAnchorOffset="0" TAnchorPoint="0" TAnchorOffset="0" RAnchorPoint="1" RAnchorOffset="0" BAnchorPoint="1" BAnchorOffset="0" NeverBringToFront="0" Picture="0" WindowSoundTemplate="ActionBarButton" BGColor="ffffffff" TextColor="ffffffff" IgnoreMouse="1" TooltipType="OnCursor" IgnoreTooltipDelay="1" TooltipColor="" ShortHotkeyFontAttribute="CRB_InterfaceLarge_BO" LongHotkeyFontAttribute="CRB_InterfaceSmall_O" CountFontAttribute="CRB_InterfaceSmall_O" CooldownFontAttribute="CRB_HeaderLarge">
                        <Event Name="GenerateTooltip" Function="OnGenerateTooltip"/>
                    </Control>
                </Control>
                <Control Class="Window" LAnchorPoint="0" LAnchorOffset="152" TAnchorPoint="0.5" TAnchorOffset="-17" RAnchorPoint="0" RAnchorOffset="186" BAnchorPoint="0.5" BAnchorOffset="17" RelativeToClient="1" Font="Default" Text="" Template="Default" TooltipType="OnCursor" Name="ActionBarShortcutContainer4" BGColor="ffffffff" TextColor="ffffffff" TooltipColor="" Picture="1" IgnoreMouse="1" Sprite="CRB_ActionBarFrameSprites:sprActionBarFrame_VehicleIconBG" HideInEditor="0">
                    <Control Class="ActionBarButton" Name="ActionBarShortcut.4" ContentType="RMSBar" ContentId="3" Base="Button_ActionBarBlank" RelativeToClient="1" IfHoldNoSignal="1" DT_VCENTER="1" DT_CENTER="1" LAnchorPoint="0" LAnchorOffset="0" TAnchorPoint="0" TAnchorOffset="0" RAnchorPoint="1" RAnchorOffset="0" BAnchorPoint="1" BAnchorOffset="0" NeverBringToFront="0" Picture="0" WindowSoundTemplate="ActionBarButton" BGColor="ffffffff" TextColor="ffffffff" IgnoreMouse="1" TooltipType="OnCursor" IgnoreTooltipDelay="1" TooltipColor="" ShortHotkeyFontAttribute="CRB_InterfaceLarge_BO" LongHotkeyFontAttribute="CRB_InterfaceSmall_O" CountFontAttribute="CRB_InterfaceSmall_O" CooldownFontAttribute="CRB_HeaderLarge">
                        <Event Name="GenerateTooltip" Function="OnGenerateTooltip"/>
                    </Control>
                </Control>
                <Control Class="Window" LAnchorPoint="0" LAnchorOffset="187" TAnchorPoint="0.5" TAnchorOffset="-17" RAnchorPoint="0" RAnchorOffset="221" BAnchorPoint="0.5" BAnchorOffset="17" RelativeToClient="1" Font="Default" Text="" Template="Default" TooltipType="OnCursor" Name="ActionBarShortcutContainer5" BGColor="ffffffff" TextColor="ffffffff" TooltipColor="" Picture="1" IgnoreMouse="1" Sprite="CRB_ActionBarFrameSprites:sprActionBarFrame_VehicleIconBG" HideInEditor="0">
                    <Control Class="ActionBarButton" Name="ActionBarShortcut.5" ContentType="RMSBar" ContentId="4" Base="Button_ActionBarBlank" RelativeToClient="1" IfHoldNoSignal="1" DT_VCENTER="1" DT_CENTER="1" LAnchorPoint="0" LAnchorOffset="0" TAnchorPoint="0" TAnchorOffset="0" RAnchorPoint="1" RAnchorOffset="0" BAnchorPoint="1" BAnchorOffset="0" NeverBringToFront="0" Picture="0" WindowSoundTemplate="ActionBarButton" BGColor="ffffffff" TextColor="ffffffff" IgnoreMouse="1" TooltipType="OnCursor" IgnoreTooltipDelay="1" TooltipColor="" ShortHotkeyFontAttribute="CRB_InterfaceLarge_BO" LongHotkeyFontAttribute="CRB_InterfaceSmall_O" CountFontAttribute="CRB_InterfaceSmall_O" CooldownFontAttribute="CRB_HeaderLarge">
                        <Event Name="GenerateTooltip" Function="OnGenerateTooltip"/>
                    </Control>
                </Control>
                <Control Class="Window" LAnchorPoint="0" LAnchorOffset="222" TAnchorPoint="0.5" TAnchorOffset="-17" RAnchorPoint="0" RAnchorOffset="256" BAnchorPoint="0.5" BAnchorOffset="17" RelativeToClient="1" Font="Default" Text="" Template="Default" TooltipType="OnCursor" Name="ActionBarShortcutContainer6" BGColor="ffffffff" TextColor="ffffffff" TooltipColor="" Picture="1" IgnoreMouse="1" Sprite="CRB_ActionBarFrameSprites:sprActionBarFrame_VehicleIconBG" HideInEditor="0">
                    <Control Class="ActionBarButton" Name="ActionBarShortcut.6" ContentType="RMSBar" ContentId="5" Base="Button_ActionBarBlank" RelativeToClient="1" IfHoldNoSignal="1" DT_VCENTER="1" DT_CENTER="1" LAnchorPoint="0" LAnchorOffset="0" TAnchorPoint="0" TAnchorOffset="0" RAnchorPoint="1" RAnchorOffset="0" BAnchorPoint="1" BAnchorOffset="0" NeverBringToFront="0" Picture="0" WindowSoundTemplate="ActionBarButton" BGColor="ffffffff" TextColor="ffffffff" IgnoreMouse="1" TooltipType="OnCursor" IgnoreTooltipDelay="1" TooltipColor="" ShortHotkeyFontAttribute="CRB_InterfaceLarge_BO" LongHotkeyFontAttribute="CRB_InterfaceSmall_O" CountFontAttribute="CRB_InterfaceSmall_O" CooldownFontAttribute="CRB_HeaderLarge">
                        <Event Name="GenerateTooltip" Function="OnGenerateTooltip"/>
                    </Control>
                </Control>
            </Control>
        </Control>
        <Control Class="Window" LAnchorPoint="0" LAnchorOffset="-4" TAnchorPoint="0" TAnchorOffset="2" RAnchorPoint="0" RAnchorOffset="650" BAnchorPoint="1" BAnchorOffset="0" RelativeToClient="1" Font="Default" Text="" Template="Default" TooltipType="OnCursor" Name="Blockers" BGColor="ffffffff" TextColor="ffffffff" TooltipColor="" IgnoreMouse="1" NewWindowDepth="1" Visible="0" HideInEditor="1" TooltipFont="CRB_InterfaceSmall_O" Tooltip="" TooltipId="ActionBar_Blocker">
            <Control Class="Window" LAnchorPoint="0" LAnchorOffset="49" TAnchorPoint="0" TAnchorOffset="2" RAnchorPoint="1" RAnchorOffset="-9" BAnchorPoint="0" BAnchorOffset="57" RelativeToClient="1" Font="CRB_InterfaceSmall_O" Text="" Template="Default" TooltipType="OnCursor" Name="ActionBar1Blocker" BGColor="ffffffff" TextColor="UI_TextHoloBody" TooltipColor="" Picture="1" IgnoreMouse="0" Sprite="CRB_Basekit:kitBase_HoloHexes_Small" DT_CENTER="1" DT_VCENTER="1" TextId="ActionBar_Blocker" HideInEditor="0"/>
            <Control Class="Window" LAnchorPoint="0" LAnchorOffset="49" TAnchorPoint="0" TAnchorOffset="55" RAnchorPoint="1" RAnchorOffset="-9" BAnchorPoint="0" BAnchorOffset="105" RelativeToClient="1" Font="CRB_InterfaceSmall_O" Text="" Template="Default" TooltipType="OnCursor" Name="ActionBar2Blocker" BGColor="ffffffff" TextColor="UI_TextHoloBody" TooltipColor="" Picture="1" IgnoreMouse="0" Sprite="CRB_Basekit:kitBase_HoloHexes_Small" DT_CENTER="1" DT_VCENTER="1" TextId="ActionBar_Blocker" HideInEditor="1"/>
            <Control Class="Window" LAnchorPoint="0" LAnchorOffset="49" TAnchorPoint="0" TAnchorOffset="55" RAnchorPoint="1" RAnchorOffset="-9" BAnchorPoint="1" BAnchorOffset="0" RelativeToClient="1" Font="CRB_InterfaceSmall_O" Text="" Template="Default" TooltipType="OnCursor" Name="ActionBar2and3Blocker" BGColor="ffffffff" TextColor="UI_TextHoloBody" TooltipColor="" Picture="1" IgnoreMouse="0" Sprite="CRB_Basekit:kitBase_HoloHexes_Small" DT_CENTER="1" DT_VCENTER="1" TextId="ActionBar_Blocker"/>
        </Control>
        <Pixie LAnchorPoint="0" LAnchorOffset="0" TAnchorPoint="1" TAnchorOffset="-54" RAnchorPoint="0" RAnchorOffset="54" BAnchorPoint="1" BAnchorOffset="0" BGColor="ffffffff" Font="Default" TextColor="ffffffff" Text="" Sprite="CRB_ActionBarFrameSprites:sprActionBarFrame_PlusMinusBG" Line="0"/>
        <Pixie LAnchorPoint="1" LAnchorOffset="-605" TAnchorPoint="0" TAnchorOffset="57" RAnchorPoint="1" RAnchorOffset="-9" BAnchorPoint="1" BAnchorOffset="8" BGColor="ffffffff" Font="Default" TextColor="ffffffff" Text="" Sprite="CRB_Basekit:kitBase_MetalGold_Small" Line="0"/>
        <Pixie LAnchorPoint="1" LAnchorOffset="-581" TAnchorPoint="0" TAnchorOffset="65" RAnchorPoint="1" RAnchorOffset="0" BAnchorPoint="0" BAnchorOffset="111" BGColor="ffffffff" Font="Default" TextColor="ffffffff" Text="" Sprite="sprActionBarFrame_Bar2BG" Line="0"/>
        <Pixie LAnchorPoint="1" LAnchorOffset="-581" TAnchorPoint="0" TAnchorOffset="111" RAnchorPoint="1" RAnchorOffset="0" BAnchorPoint="0" BAnchorOffset="157" BGColor="ffffffff" Font="Default" TextColor="ffffffff" Text="" Sprite="sprActionBarFrame_Bar3BG" Line="0"/>
        <Pixie LAnchorPoint="0" LAnchorOffset="55" TAnchorPoint="0" TAnchorOffset="8" RAnchorPoint="1" RAnchorOffset="-18" BAnchorPoint="1" BAnchorOffset="-1" BGColor="ffffffff" Font="Default" TextColor="ffffffff" Text="" Sprite="CRB_ActionBarFrameSprites:sprActionBarFrame_Bar1BG" Line="0"/>
        <Control Class="Window" Base="CRB_ActionBarFrameSprites:NewButton" Font="Thick" ButtonType="Check" RadioGroup="" LAnchorPoint="0" LAnchorOffset="48" TAnchorPoint="0" TAnchorOffset="8" RAnchorPoint="0" RAnchorOffset="103" BAnchorPoint="0" BAnchorOffset="64" DT_VCENTER="1" DT_CENTER="1" TooltipType="OnCursor" Name="StanceNoStanceFrame" BGColor="ffffffff" TextColor="ffffffff" TooltipColor="" NormalTextColor="ffffffff" PressedTextColor="ffffffff" FlybyTextColor="ffffffff" PressedFlybyTextColor="ffffffff" DisabledTextColor="ffffffff" NewControlDepth="2" TestAlpha="1" Picture="1" IgnoreMouse="1" Sprite="CRB_ActionBarFrameSprites:sprActionBarFrame_NoStanceFrame"/>
    </Form>
    <Form Class="Window" LAnchorPoint="0" LAnchorOffset="0" TAnchorPoint="0" TAnchorOffset="0" RAnchorPoint="0" RAnchorOffset="54" BAnchorPoint="0" BAnchorOffset="50" RelativeToClient="1" Font="Default" Text="" Template="Default" TooltipType="OnCursor" Name="ActionBarItemBig" Border="0" Picture="1" SwallowMouseClicks="1" Moveable="0" Escapable="0" Overlapped="1" BGColor="ffffffff" TextColor="ffffffff" TooltipColor="" IgnoreMouse="1" Tooltip="" TooltipFont="CRB_InterfaceSmall_O">
        <Control Class="ActionBarButton" Name="ActionBarBtn" ContentType="LASBar" ContentId="0" Base="Button_ActionBarBlank" RelativeToClient="1" IfHoldNoSignal="1" DT_VCENTER="1" DT_CENTER="1" NeverBringToFront="1" WindowSoundTemplate="ActionBarButton" BGColor="ffffffff" TextColor="ffffffff" LAnchorPoint="0" LAnchorOffset="0" TAnchorPoint="0" TAnchorOffset="0" RAnchorPoint="1" RAnchorOffset="-4" BAnchorPoint="1" BAnchorOffset="0" Font="CRB_InterfaceLarge_O" IgnoreTooltipDelay="0" TooltipColor="" RechargeBarLAnchorPoint="1" RechargeBarLAnchorOffset="-8" RechargeBarTAnchorPoint="0" RechargeBarTAnchorOffset="4" RechargeBarRAnchorPoint="1" RechargeBarRAnchorOffset="4" RechargeBarBAnchorPoint="1" RechargeBarBAnchorOffset="-14" RechargeBarEmptyColorAttribute="Black" RechargeBarFullColorAttribute="ffffffff" RechargeBarEmptyAttribute="WhiteFill" RechargeBarFullAttribute="sprStalker_VerticalGooPulse" Sprite="" TooltipType="DynamicFloater" ShortHotkeyFontAttribute="CRB_InterfaceLarge_BO" LongHotkeyFontAttribute="CRB_InterfaceSmall_O" CountFontAttribute="CRB_InterfaceSmall_O" CooldownFontAttribute="CRB_HeaderLarge" Tooltip="" ProcessRightClick="1">
            <Event Name="GenerateTooltip" Function="OnGenerateTooltip"/>
        </Control>
        <Control Class="Window" LAnchorPoint="0" LAnchorOffset="3" TAnchorPoint="0" TAnchorOffset="1" RAnchorPoint="1" RAnchorOffset="1" BAnchorPoint="1" BAnchorOffset="1" RelativeToClient="1" Font="Default" Text="" Template="Default" TooltipType="OnCursor" Name="LockSprite" BGColor="ffffffff" TextColor="ffffffff" TooltipColor="" Picture="1" IgnoreMouse="1" Sprite="CRB_ActionBarFrameSprites:sprActionBarFrame_Lock2" Tooltip="" TooltipId="AbilityBuilder_SlotLockedTooltip" TooltipFont="CRB_InterfaceSmall_O"/>
    </Form>
    <Form Class="Window" LAnchorPoint="0" LAnchorOffset="0" TAnchorPoint="0" TAnchorOffset="0" RAnchorPoint="0" RAnchorOffset="45" BAnchorPoint="0" BAnchorOffset="40" RelativeToClient="1" Font="Default" Text="" Template="Default" TooltipType="OnCursor" Name="ActionBarItemSmall" Border="0" Picture="0" SwallowMouseClicks="1" Moveable="0" Escapable="0" Overlapped="1" BGColor="ffffffff" TextColor="ffffffff" TooltipColor="" IgnoreMouse="1" Tooltip="" TooltipFont="CRB_InterfaceSmall_O">
        <Control Class="ActionBarButton" Name="ActionBarBtn" ContentType="ABar" ContentId="0" Base="Button_ActionBarBlank" RelativeToClient="1" IfHoldNoSignal="1" DT_VCENTER="1" DT_CENTER="1" NeverBringToFront="1" WindowSoundTemplate="ActionBarButton" BGColor="ffffffff" TextColor="ffffffff" LAnchorPoint="0" LAnchorOffset="0" TAnchorPoint="0" TAnchorOffset="0" RAnchorPoint="0" RAnchorOffset="40" BAnchorPoint="0" BAnchorOffset="40" Font="CRB_InterfaceLarge_O" IgnoreTooltipDelay="0" TooltipColor="" RechargeBarLAnchorPoint="1" RechargeBarLAnchorOffset="-8" RechargeBarTAnchorPoint="0" RechargeBarTAnchorOffset="4" RechargeBarRAnchorPoint="1" RechargeBarRAnchorOffset="4" RechargeBarBAnchorPoint="1" RechargeBarBAnchorOffset="-14" RechargeBarEmptyColorAttribute="Black" RechargeBarFullColorAttribute="ffffffff" RechargeBarEmptyAttribute="WhiteFill" RechargeBarFullAttribute="sprStalker_VerticalGooPulse" Sprite="" TooltipType="OnCursor" ShortHotkeyFontAttribute="CRB_InterfaceLarge_BO" LongHotkeyFontAttribute="CRB_InterfaceSmall_O" CountFontAttribute="CRB_InterfaceSmall_O" CooldownFontAttribute="CRB_HeaderLarge" ProcessRightClick="1">
            <Event Name="GenerateTooltip" Function="OnGenerateTooltip"/>
        </Control>
    </Form>
    <Form Class="Window" LAnchorPoint="0" LAnchorOffset="0" TAnchorPoint="0" TAnchorOffset="0" RAnchorPoint="0" RAnchorOffset="46" BAnchorPoint="0" BAnchorOffset="40" RelativeToClient="1" Font="Default" Text="" Template="Default" TooltipType="OnCursor" Name="ActionBarItemSmallSide" Border="0" Picture="0" SwallowMouseClicks="1" Moveable="0" Escapable="0" Overlapped="1" BGColor="ffffffff" TextColor="ffffffff" TooltipColor="" IgnoreMouse="1" Tooltip="" TooltipFont="CRB_InterfaceSmall_O">
        <Control Class="ActionBarButton" Name="ActionBarBtn" ContentType="LASBar" ContentId="9" Base="Button_ActionBarBlank" RelativeToClient="1" IfHoldNoSignal="1" DT_VCENTER="1" DT_CENTER="1" NeverBringToFront="1" WindowSoundTemplate="ActionBarButton" BGColor="ffffffff" TextColor="ffffffff" LAnchorPoint="0" LAnchorOffset="0" TAnchorPoint="0" TAnchorOffset="0" RAnchorPoint="0" RAnchorOffset="40" BAnchorPoint="0" BAnchorOffset="40" Font="CRB_InterfaceLarge_O" IgnoreTooltipDelay="0" TooltipColor="" RechargeBarLAnchorPoint="1" RechargeBarLAnchorOffset="-8" RechargeBarTAnchorPoint="0" RechargeBarTAnchorOffset="4" RechargeBarRAnchorPoint="1" RechargeBarRAnchorOffset="4" RechargeBarBAnchorPoint="1" RechargeBarBAnchorOffset="-14" RechargeBarEmptyColorAttribute="Black" RechargeBarFullColorAttribute="ffffffff" RechargeBarEmptyAttribute="WhiteFill" RechargeBarFullAttribute="sprStalker_VerticalGooPulse" Sprite="" TooltipType="OnCursor" ShortHotkeyFontAttribute="CRB_InterfaceLarge_BO" LongHotkeyFontAttribute="CRB_InterfaceSmall_O" CountFontAttribute="CRB_InterfaceSmall_O" CooldownFontAttribute="CRB_HeaderLarge" ProcessRightClick="1" Text="">
            <Event Name="GenerateTooltip" Function="OnGenerateTooltip"/>
        </Control>
        <Control Class="Window" LAnchorPoint="0" LAnchorOffset="1" TAnchorPoint="0" TAnchorOffset="1" RAnchorPoint="1" RAnchorOffset="-1" BAnchorPoint="1" BAnchorOffset="1" RelativeToClient="1" Font="Default" Text="" Template="Default" TooltipType="OnCursor" Name="LockSprite" BGColor="ffffffff" TextColor="ffffffff" TooltipColor="" Picture="1" IgnoreMouse="1" Sprite="CRB_ActionBarFrameSprites:sprActionBarFrame_LockSmall" Visible="1" TextId=""/>
    </Form>
    <Form Class="Button" Base="CRB_Basekit:kitBtn_List_MetalNoEdge" Font="CRB_InterfaceLarge_O" ButtonType="PushButton" RadioGroup="" LAnchorPoint="0" LAnchorOffset="0" TAnchorPoint="0" TAnchorOffset="0" RAnchorPoint="0" RAnchorOffset="42" BAnchorPoint="0" BAnchorOffset="42" DT_VCENTER="1" DT_CENTER="1" TooltipType="OnCursor" Name="StanceBtn" BGColor="ffffffff" TextColor="ffffffff" TooltipColor="" NormalTextColor="ffffffff" PressedTextColor="ffffffff" FlybyTextColor="ffffffff" PressedFlybyTextColor="ffffffff" DisabledTextColor="ffffffff">
        <Event Name="ButtonSignal" Function="OnStanceBtn"/>
        <Control Class="Window" LAnchorPoint="0" LAnchorOffset="3" TAnchorPoint="0" TAnchorOffset="3" RAnchorPoint="1" RAnchorOffset="-3" BAnchorPoint="1" BAnchorOffset="-3" RelativeToClient="1" Font="Default" Text="" Template="Default" TooltipType="OnCursor" Name="StanceBtnIcon" BGColor="ffffffff" TextColor="ffffffff" TooltipColor="" Picture="1" IgnoreMouse="1" Sprite="ClientSprites:Icon_ItemArmorChest_shirt_0001" NewControlDepth="1"/>
        <Control Class="Window" LAnchorPoint="0" LAnchorOffset="1" TAnchorPoint="0" TAnchorOffset="1" RAnchorPoint="1" RAnchorOffset="-1" BAnchorPoint="1" BAnchorOffset="-1" RelativeToClient="1" Font="CRB_InterfaceLarge_O" Text="" Template="Default" TooltipType="OnCursor" Name="StanceBtnKeyBind" BGColor="ffffffff" TextColor="ffffffff" TooltipColor="" NewControlDepth="1"/>
    </Form>
</Forms>
