<?xml version="1.0" encoding="UTF-8" standalone="yes" ?>
<Forms>
    <Form Class="Window" LAnchorPoint=".6" LAnchorOffset="0" TAnchorPoint=".5" TAnchorOffset="-243" RAnchorPoint=".6" RAnchorOffset="537" BAnchorPoint=".5" BAnchorOffset="244" RelativeToClient="1" Font="Default" Text="" Template="Default" TooltipType="OnCursor" Name="PathScientistCustomizeForm" Border="0" Picture="1" SwallowMouseClicks="1" Moveable="1" Escapable="1" Overlapped="1" BGColor="UI_TextHoloBodyHighlight" TextColor="white" TooltipColor="" IgnoreMouse="1" Tooltip="" TransitionShowHide="1" Sprite="">
        <Control Class="Window" LAnchorPoint="0" LAnchorOffset="26" TAnchorPoint="0" TAnchorOffset="72" RAnchorPoint="0" RAnchorOffset="513" BAnchorPoint="0" BAnchorOffset="465" RelativeToClient="1" Font="Default" Text="" BGColor="UI_WindowBGDefault" TextColor="UI_WindowTextDefault" Template="Holo_Background_General" TooltipType="OnCursor" Name="HoloBG" TooltipColor="" Border="1" IgnoreMouse="1" UseTemplateBG="1">
            <Pixie LAnchorPoint="0" LAnchorOffset="5" TAnchorPoint="0" TAnchorOffset="5" RAnchorPoint="1" RAnchorOffset="-5" BAnchorPoint="0" BAnchorOffset="55" Sprite="CRB_Basekit:kitBase_HoloBlue_InsetBorder_Thick" BGColor="white" TextColor="black" Rotation="0" Font="Default"/>
        </Control>
        <Control Class="Window" LAnchorPoint="0" LAnchorOffset="46" TAnchorPoint="1" TAnchorOffset="-333" RAnchorPoint="0" RAnchorOffset="266" BAnchorPoint="1" BAnchorOffset="-100" RelativeToClient="1" Font="Default" Text="" Template="Default" TooltipType="OnCursor" Name="ScanBotPortraitBG" BGColor="white" TextColor="white" TooltipColor="" Picture="1" IgnoreMouse="1" Sprite="BK3:UI_BK3_Holo_InsetHeaderThin" NewControlDepth="3" Tooltip="">
            <Control Class="CostumeWindow" LAnchorPoint="0" LAnchorOffset="2" TAnchorPoint="0" TAnchorOffset="35" RAnchorPoint="1" RAnchorOffset="-2" BAnchorPoint="1" BAnchorOffset="-2" RelativeToClient="1" Font="Default" Text="" Template="Default" Name="ScanBotPortrait" BGColor="white" TextColor="white" Camera="Target" Animated="1" TooltipType="OnCursor" TooltipColor="" IgnoreMouse="1" HideInEditor="1" Mask="\UI_WhiteFillAlpha.tga" Visible="0" Tooltip="" Picture="0"/>
            <Control Class="Window" LAnchorPoint="0" LAnchorOffset="0" TAnchorPoint="0" TAnchorOffset="38" RAnchorPoint="1" RAnchorOffset="0" BAnchorPoint="0" BAnchorOffset="58" RelativeToClient="1" Font="CRB_InterfaceSmall_O" Text="" Template="Default" TooltipType="OnCursor" Name="ScanBotProtraitErrorMessage" BGColor="white" TextColor="UI_BtnTextRedNormal" TooltipColor="" TextId="ScientistMission_InvalidCustomization" DT_CENTER="1" Visible="0" HideInEditor="1" IgnoreMouse="1" TransitionShowHide="1"/>
            <Control Class="Window" LAnchorPoint="0" LAnchorOffset="0" TAnchorPoint="0" TAnchorOffset="59" RAnchorPoint="1" RAnchorOffset="0" BAnchorPoint="1" BAnchorOffset="-81" RelativeToClient="1" Font="CRB_InterfaceMedium_B" Text="" Template="Default" TooltipType="OnCursor" Name="ScanBotPortraitSummonWaiting" BGColor="white" TextColor="UI_TextHoloTitle" TooltipColor="" TextId="CRB_Compiling" DT_VCENTER="1" DT_CENTER="1" Visible="0" Picture="1" IgnoreMouse="1" Sprite="" HideInEditor="1" Tooltip="">
                <Control Class="Window" LAnchorPoint="0" LAnchorOffset="12" TAnchorPoint="1" TAnchorOffset="-33" RAnchorPoint="1" RAnchorOffset="-12" BAnchorPoint="1" BAnchorOffset="0" RelativeToClient="1" Font="Default" Text="" Template="Default" TooltipType="OnCursor" Name="CraftingCastBarMoveBG" BGColor="white" TextColor="white" TooltipColor="" Sprite="CRB_Basekit:kitIProgBar_HoloFrame_Base" Picture="1" IgnoreMouse="1">
                    <Control Class="ProgressBar" Text="" LAnchorPoint="0" LAnchorOffset="9" TAnchorPoint="0" TAnchorOffset="6" RAnchorPoint="1" RAnchorOffset="-9" BAnchorPoint="1" BAnchorOffset="-6" AutoSetText="0" UseValues="0" RelativeToClient="1" SetTextToProgress="0" DT_CENTER="1" DT_VCENTER="1" ProgressEmpty="" ProgressFull="CRB_Basekit:kitIProgBar_Hybrid_Fill" TooltipType="OnCursor" Name="CraftingCastBarMove" BGColor="white" TextColor="white" TooltipColor="" BarColor=""/>
                </Control>
            </Control>
            <Control Class="Button" Base="BK3:btnHolo_Blue_Med" Font="CRB_Button" ButtonType="PushButton" RadioGroup="" LAnchorPoint="0.5" LAnchorOffset="-70" TAnchorPoint="0.5" TAnchorOffset="-40" RAnchorPoint="0.5" RAnchorOffset="70" BAnchorPoint="0.5" BAnchorOffset="55" DT_VCENTER="1" DT_CENTER="1" TooltipType="OnCursor" Name="ScanBotPortraitSummonBtn" BGColor="white" TextColor="white" TooltipColor="" NormalTextColor="UI_BtnTextHoloNormal" PressedTextColor="UI_BtnTextHoloPressed" FlybyTextColor="UI_BtnTextHoloFlyby" PressedFlybyTextColor="UI_BtnTextHoloPressedFlyby" DisabledTextColor="UI_BtnTextHoloDisabled" Text="" TextId="ScientistMission_SummonToPreview" DT_WORDBREAK="1" Visible="0" HideInEditor="1">
                <Event Name="ButtonSignal" Function="OnScanBotPortraitSummonBtn"/>
            </Control>
            <Control Class="Button" Base="btn_ArrowTurnLeft" Font="Thick" ButtonType="PushButton" RadioGroup="" LAnchorPoint="0" LAnchorOffset="8" TAnchorPoint="1" TAnchorOffset="-33" RAnchorPoint="0" RAnchorOffset="53" BAnchorPoint="1" BAnchorOffset="-8" DT_VCENTER="1" DT_CENTER="1" Name="RotateLeft" BGColor="UI_AlphaPercent70" TextColor="white" WindowSoundTemplate="Custom" NormalTextColor="white" PressedTextColor="white" FlybyTextColor="white" PressedFlybyTextColor="white" DisabledTextColor="white" TooltipColor="">
                <Event Name="ButtonHoldBegin" Function="OnRotateLeft"/>
                <Event Name="ButtonUp" Function="OnRotateLeftCancel"/>
                <Event Name="ButtonUpCancel" Function="OnRotateLeftCancel"/>
            </Control>
            <Control Class="Button" Base="btn_ArrowTurnRight" Font="Thick" ButtonType="PushButton" RadioGroup="" LAnchorPoint="1" LAnchorOffset="-53" TAnchorPoint="1" TAnchorOffset="-33" RAnchorPoint="1" RAnchorOffset="-8" BAnchorPoint="1" BAnchorOffset="-8" DT_VCENTER="1" DT_CENTER="1" Name="RotateRight" BGColor="UI_AlphaPercent70" TextColor="white" WindowSoundTemplate="Custom" NormalTextColor="white" PressedTextColor="white" FlybyTextColor="white" PressedFlybyTextColor="white" DisabledTextColor="white" TooltipColor="" Tooltip="" Text="">
                <Event Name="ButtonHoldBegin" Function="OnRotateRight"/>
                <Event Name="ButtonUp" Function="OnRotateRightCancel"/>
                <Event Name="ButtonUpCancel" Function="OnRotateRightCancel"/>
            </Control>
            <Pixie LAnchorPoint="0" LAnchorOffset="0" TAnchorPoint="0" TAnchorOffset="9" RAnchorPoint="1" RAnchorOffset="0" BAnchorPoint="1" BAnchorOffset="0" Sprite="" BGColor="white" TextColor="UI_TextHoloTitle" Rotation="0" Font="CRB_HeaderSmall" Text="" TextId="PathScientist_ScanbotPreview" DT_CENTER="1"/>
        </Control>
        <Control Class="Window" LAnchorPoint="0" LAnchorOffset="46" TAnchorPoint="1" TAnchorOffset="-93" RAnchorPoint="0" RAnchorOffset="266" BAnchorPoint="1" BAnchorOffset="-37" RelativeToClient="1" Font="Default" Text="" Template="Default" TooltipType="OnCursor" Name="CurrentBG" BGColor="white" TextColor="white" TooltipColor="" Sprite="BK3:UI_BK3_Holo_InsetSimple" Picture="1" IgnoreMouse="1" Visible="1" HideInEditor="0">
            <Control Class="Window" LAnchorPoint="0" LAnchorOffset="3" TAnchorPoint="0" TAnchorOffset="3" RAnchorPoint="1" RAnchorOffset="-3" BAnchorPoint="1" BAnchorOffset="-3" RelativeToClient="1" Font="Default" Text="" Template="Default" TooltipType="OnCursor" Name="CurrentList" BGColor="UI_TextHoloBodyHighlight" TextColor="white" TooltipColor="" Picture="1" IgnoreMouse="1"/>
        </Control>
        <Control Class="Window" LAnchorPoint="1" LAnchorOffset="-262" TAnchorPoint="1" TAnchorOffset="-339" RAnchorPoint="1" RAnchorOffset="-40" BAnchorPoint="1" BAnchorOffset="-303" RelativeToClient="1" Font="Default" Text="" Template="Default" TooltipType="OnCursor" Name="CustomizeTabContainer" BGColor="white" TextColor="white" TooltipColor="">
            <Control Class="Button" Base="CRB_Basekit:kitBtn_Holo_Tab" Font="CRB_Button" ButtonType="Check" RadioGroup="PathScientistCustomize_TabVanityRom_RadioGroup" LAnchorPoint="0" LAnchorOffset="0" TAnchorPoint="0" TAnchorOffset="0" RAnchorPoint="0.5" RAnchorOffset="-2" BAnchorPoint="0" BAnchorOffset="36" DT_VCENTER="1" DT_CENTER="1" TooltipType="OnCursor" Name="TabVanityBtn" BGColor="white" TextColor="white" TooltipColor="" NormalTextColor="UI_BtnTextHoloNormal" PressedTextColor="UI_BtnTextHoloPressed" FlybyTextColor="UI_BtnTextHoloFlyby" PressedFlybyTextColor="UI_BtnTextHoloPressedFlyby" DisabledTextColor="UI_BtnTextHoloDisabled" Text="" TextId="ScientistMission_Vanity" GlobalRadioGroup="" RadioDisallowNonSelection="1">
                <Event Name="ButtonCheck" Function="RedrawAll"/>
            </Control>
            <Control Class="Button" Base="CRB_Basekit:kitBtn_Holo_Tab" Font="CRB_Button" ButtonType="Check" RadioGroup="PathScientistCustomize_TabVanityRom_RadioGroup" LAnchorPoint="0.5" LAnchorOffset="2" TAnchorPoint="0" TAnchorOffset="0" RAnchorPoint="1" RAnchorOffset="0" BAnchorPoint="0" BAnchorOffset="36" DT_VCENTER="1" DT_CENTER="1" TooltipType="OnCursor" Name="TabROMBtn" BGColor="white" TextColor="white" TooltipColor="" NormalTextColor="UI_BtnTextHoloNormal" PressedTextColor="UI_BtnTextHoloPressed" FlybyTextColor="UI_BtnTextHoloFlyby" PressedFlybyTextColor="UI_BtnTextHoloPressedFlyby" DisabledTextColor="UI_BtnTextHoloDisabled" Text="" TextId="ScientistMission_ROMs" GlobalRadioGroup="" RadioDisallowNonSelection="1">
                <Event Name="ButtonCheck" Function="RedrawAll"/>
            </Control>
        </Control>
        <Control Class="Window" LAnchorPoint=".5" LAnchorOffset="5" TAnchorPoint="0" TAnchorOffset="180" RAnchorPoint=".5" RAnchorOffset="232" BAnchorPoint="1" BAnchorOffset="-36" RelativeToClient="1" Font="CRB_InterfaceSmall_O" Text="" Template="Default" TooltipType="OnCursor" Name="CustomizeFrame" BGColor="white" TextColor="UI_TextHoloBody" TooltipColor="" Sprite="" Picture="1" IgnoreMouse="1" Tooltip="" DT_CENTER="1" DT_VCENTER="1" DT_WORDBREAK="1">
            <Control Class="Window" LAnchorPoint="0" LAnchorOffset="3" TAnchorPoint="0" TAnchorOffset="7" RAnchorPoint="1" RAnchorOffset="-3" BAnchorPoint="1" BAnchorOffset="-3" RelativeToClient="1" Font="CRB_InterfaceSmall_O" Text="" Template="Holo_ScrollListSmall" TooltipType="OnCursor" Name="AvailableVanityList" BGColor="white" TextColor="white" TooltipColor="" HScroll="0" IgnoreMouse="1" VScroll="1" DT_CENTER="1" DT_VCENTER="1" DT_WORDBREAK="1" Border="1" UseTemplateBG="1"/>
            <Control Class="Window" LAnchorPoint="0" LAnchorOffset="3" TAnchorPoint="0" TAnchorOffset="7" RAnchorPoint="1" RAnchorOffset="-3" BAnchorPoint="1" BAnchorOffset="-3" RelativeToClient="1" Font="CRB_InterfaceSmall_O" Text="" Template="Holo_ScrollListSmall" TooltipType="OnCursor" Name="AvailableROMList" BGColor="white" TextColor="white" TooltipColor="" HScroll="0" IgnoreMouse="1" VScroll="1" DT_CENTER="1" DT_VCENTER="1" DT_WORDBREAK="1" Visible="0" Border="1" UseTemplateBG="1"/>
            <Control Class="Window" LAnchorPoint="0" LAnchorOffset="14" TAnchorPoint="0" TAnchorOffset="22" RAnchorPoint="1" RAnchorOffset="-26" BAnchorPoint="1" BAnchorOffset="-18" RelativeToClient="1" Font="CRB_InterfaceSmall_O" Text="" Template="Default" TooltipType="OnCursor" Name="AvailableROMEmptyLabel" BGColor="white" TextColor="UI_TextHoloBody" TooltipColor="" TextId="ScientistMission_NoROMs" DT_CENTER="1" DT_VCENTER="1" DT_WORDBREAK="1" HideInEditor="0"/>
            <Control Class="Window" LAnchorPoint="0" LAnchorOffset="14" TAnchorPoint="0" TAnchorOffset="22" RAnchorPoint="1" RAnchorOffset="-26" BAnchorPoint="1" BAnchorOffset="-18" RelativeToClient="1" Font="CRB_InterfaceSmall_O" Text="" Template="Default" TooltipType="OnCursor" Name="AvailableVanityEmptyLabel" BGColor="white" TextColor="UI_TextHoloBody" TooltipColor="" TextId="ScientistMission_NoVanityItems" DT_CENTER="1" DT_VCENTER="1" DT_WORDBREAK="1" HideInEditor="1"/>
        </Control>
        <Control Class="Button" Base="BK3:btnHolo_Blue_Small" Font="CRB_Button" ButtonType="Check" RadioGroup="" LAnchorPoint="1" LAnchorOffset="-165" TAnchorPoint="1" TAnchorOffset="-401" RAnchorPoint="1" RAnchorOffset="-46" BAnchorPoint="1" BAnchorOffset="-348" DT_VCENTER="1" DT_CENTER="1" TooltipType="OnCursor" Name="RenameBtn" BGColor="white" TextColor="white" TooltipColor="" NormalTextColor="UI_BtnTextHoloNormal" PressedTextColor="UI_BtnTextHoloPressed" FlybyTextColor="UI_BtnTextHoloFlyby" PressedFlybyTextColor="UI_BtnTextHoloPressedFlyby" DisabledTextColor="UI_BtnTextHoloDisabled" Text="" TextId="ScientistMission_RenameBot" Tooltip="">
            <Event Name="ButtonSignal" Function="YourFunctionName"/>
        </Control>
        <Control Class="Window" LAnchorPoint="0" LAnchorOffset="23" TAnchorPoint="1" TAnchorOffset="-418" RAnchorPoint="1" RAnchorOffset="-23" BAnchorPoint="1" BAnchorOffset="-18" RelativeToClient="1" Font="Default" Text="" Template="Default" TooltipType="OnCursor" Name="ProfileDropdownBG" BGColor="UI_AlphaPercent60" TextColor="white" TooltipColor="" Sprite="BlackFill" Picture="1" IgnoreMouse="1" NewControlDepth="10" Visible="0" HideInEditor="1" CloseOnExternalClick="1">
            <Control Class="Window" LAnchorPoint="0" LAnchorOffset="0" TAnchorPoint="0" TAnchorOffset="36" RAnchorPoint="0.5" RAnchorOffset="127" BAnchorPoint="1" BAnchorOffset="-107" RelativeToClient="1" Font="Default" Text="" Template="Default" TooltipType="OnCursor" Name="ProfileDropdownListBG" BGColor="white" TextColor="white" TooltipColor="" Picture="1" IgnoreMouse="1" Sprite="BK3:sprHolo_Alert_Flyout" Visible="1" HideInEditor="0" CloseOnExternalClick="0" Tooltip="">
                <Control Class="Window" LAnchorPoint="0" LAnchorOffset="47" TAnchorPoint="0" TAnchorOffset="51" RAnchorPoint="1" RAnchorOffset="-45" BAnchorPoint="1" BAnchorOffset="-52" RelativeToClient="1" Font="Default" Text="" Template="Holo_ScrollListSmall" TooltipType="OnCursor" Name="ProfileDropdownList" BGColor="white" TextColor="white" TooltipColor="" Picture="0" IgnoreMouse="1" VScroll="1" Border="1" UseTemplateBG="1"/>
            </Control>
        </Control>
        <Control Class="Button" Base="CRB_Basekit:kitBtn_Dropdown_TextBaseHolo2" Font="CRB_Button" ButtonType="Check" RadioGroup="" LAnchorPoint="0" LAnchorOffset="48" TAnchorPoint="1" TAnchorOffset="-392" RAnchorPoint="0.5" RAnchorOffset="100" BAnchorPoint="1" BAnchorOffset="-356" DT_VCENTER="1" DT_CENTER="1" TooltipType="OnCursor" Name="ProfileDropdownBtn" BGColor="white" TextColor="white" TooltipColor="" NormalTextColor="UI_BtnTextHoloNormal" PressedTextColor="UI_BtnTextHoloPressed" FlybyTextColor="UI_BtnTextHoloFlyby" PressedFlybyTextColor="UI_BtnTextHoloPressedFlyby" DisabledTextColor="UI_BtnTextHoloDisabled" HideInEditor="0" Visible="1" RelativeToClient="1" Text="" TextId="CRB__2"/>
        <Control Class="Window" LAnchorPoint="0" LAnchorOffset="16" TAnchorPoint="1" TAnchorOffset="-416" RAnchorPoint="1" RAnchorOffset="-16" BAnchorPoint="1" BAnchorOffset="-16" RelativeToClient="1" Font="Default" Text="" Template="Default" TooltipType="OnCursor" Name="RenameFrameBG" BGColor="UI_AlphaPercent60" TextColor="white" TooltipColor="" Sprite="BlackFill" Picture="1" IgnoreMouse="1" NewControlDepth="10" Visible="0" HideInEditor="1" CloseOnExternalClick="1">
            <Control Class="Window" LAnchorPoint="1" LAnchorOffset="-185" TAnchorPoint="0" TAnchorOffset="61" RAnchorPoint="1" RAnchorOffset="-11" BAnchorPoint="0" BAnchorOffset="169" RelativeToClient="1" Font="Default" Text="" Template="Default" TooltipType="OnCursor" Name="RenameFrameBox" BGColor="white" TextColor="white" TooltipColor="" Picture="1" IgnoreMouse="1" Sprite="CRB_Basekit:kitBase_HoloBlue_SmallGreenCorners" NewControlDepth="1" CloseOnExternalClick="0" Visible="1" Tooltip="" HideInEditor="0" NoClip="1">
                <Control Class="EditBox" LAnchorPoint="0" LAnchorOffset="18" TAnchorPoint="1" TAnchorOffset="-67" RAnchorPoint="1" RAnchorOffset="-18" BAnchorPoint="1" BAnchorOffset="-47" RelativeToClient="1" Font="CRB_InterfaceSmall" Text="" Template="Default" TooltipType="OnCursor" Name="RenameFrameEditBox" BGColor="white" TextColor="UI_TextHoloBody" TooltipColor="" PromptText="Scan Bot" DT_VCENTER="1" Tooltip="" PromptFont="CRB_InterfaceSmall">
                    <Event Name="EditBoxChanged" Function="OnRenameFrameEditBoxChanged"/>
                    <Event Name="EditBoxChanging" Function="OnRenameFrameEditBoxChanged"/>
                </Control>
                <Control Class="Button" Base="BK3:btnHolo_Blue_Small" Font="CRB_Button" ButtonType="PushButton" RadioGroup="" LAnchorPoint="0.5" LAnchorOffset="-40" TAnchorPoint="1" TAnchorOffset="-54" RAnchorPoint="0.5" RAnchorOffset="40" BAnchorPoint="1" BAnchorOffset="-1" DT_VCENTER="1" DT_CENTER="1" TooltipType="OnCursor" Name="RenameFrameUpdate" BGColor="white" TextColor="white" TooltipColor="" NormalTextColor="UI_BtnTextHoloNormal" PressedTextColor="UI_BtnTextHoloPressed" FlybyTextColor="UI_BtnTextHoloFlyby" PressedFlybyTextColor="UI_BtnTextHoloPressedFlyby" DisabledTextColor="UI_BtnTextHoloDisabled" Text="" TextId="CRB_Update">
                    <Event Name="ButtonSignal" Function="OnRenameFrameUpdate"/>
                </Control>
                <Control Class="Button" Base="CRB_Basekit:kitBtn_Holo_Close2" Font="Thick" ButtonType="PushButton" RadioGroup="" LAnchorPoint="1" LAnchorOffset="-22" TAnchorPoint="0" TAnchorOffset="9" RAnchorPoint="1" RAnchorOffset="-1" BAnchorPoint="0" BAnchorOffset="30" DT_VCENTER="1" DT_CENTER="1" TooltipType="OnCursor" Name="RenameFrameCancel" BGColor="white" TextColor="white" TooltipColor="" NormalTextColor="white" PressedTextColor="white" FlybyTextColor="white" PressedFlybyTextColor="white" DisabledTextColor="white" Text="">
                    <Event Name="ButtonSignal" Function="OnRenameFrameCancel"/>
                </Control>
                <Pixie LAnchorPoint="0" LAnchorOffset="0" TAnchorPoint="0" TAnchorOffset="13" RAnchorPoint="1" RAnchorOffset="0" BAnchorPoint="0" BAnchorOffset="27" BGColor="white" Font="CRB_InterfaceSmall" TextColor="UI_TextHoloTitle" Text="" TextId="Scientist_RenameFrameLabel" DT_CENTER="1" Line="0"/>
                <Pixie LAnchorPoint="0" LAnchorOffset="8" TAnchorPoint="1" TAnchorOffset="-72" RAnchorPoint="1" RAnchorOffset="-8" BAnchorPoint="1" BAnchorOffset="-42" BGColor="white" Font="Default" TextColor="white" Text="" Sprite="BK3:UI_BK3_Holo_Snippet" Line="0"/>
                <Control Class="Window" LAnchorPoint="1" LAnchorOffset="-39" TAnchorPoint="1" TAnchorOffset="-69" RAnchorPoint="1" RAnchorOffset="-15" BAnchorPoint="1" BAnchorOffset="-45" RelativeToClient="1" Font="Default" Text="" Template="Default" TooltipType="OnCursor" Name="RenameValidAlert" BGColor="white" TextColor="white" TooltipColor="" Picture="1" IgnoreMouse="1" Sprite="CRB_Basekit:kitIcon_NewDisabled" Tooltip="" Visible="0" TooltipFont="CRB_InterfaceSmall_O" TooltipId="CRB_ThereIsInvalidInput" NewControlDepth="1"/>
            </Control>
        </Control>
        <Pixie LAnchorPoint="0" LAnchorOffset="40" TAnchorPoint="0" TAnchorOffset="0" RAnchorPoint="1" RAnchorOffset="0" BAnchorPoint="1" BAnchorOffset="0" Sprite="" BGColor="white" TextColor="black" Rotation="0" Font="Default"/>
        <Pixie LAnchorPoint="0" LAnchorOffset="30" TAnchorPoint="1" TAnchorOffset="-341" RAnchorPoint="0" RAnchorOffset="250" BAnchorPoint="1" BAnchorOffset="-314" BGColor="white" Font="CRB_HeaderSmall" TextColor="UI_TextHoloTitle" Text="" TextId="CRB_Preview" DT_CENTER="1" DT_VCENTER="1" Line="0"/>
        <Control Class="Window" LAnchorPoint="0" LAnchorOffset="0" TAnchorPoint="0" TAnchorOffset="0" RAnchorPoint="1" RAnchorOffset="0" BAnchorPoint="1" BAnchorOffset="0" RelativeToClient="1" Font="Default" Text="" BGColor="UI_WindowBGDefault" TextColor="UI_WindowTextDefault" Template="Metal_Primary_NoNav" TooltipType="OnCursor" Name="MainFrame" TooltipColor="" Picture="0" IgnoreMouse="1" Border="1" UseTemplateBG="1" Tooltip=""/>
        <Control Class="Window" LAnchorPoint=".5" LAnchorOffset="-150" TAnchorPoint="0" TAnchorOffset="24" RAnchorPoint=".5" RAnchorOffset="150" BAnchorPoint="1" BAnchorOffset="-427" RelativeToClient="1" Font="CRB_HeaderMedium" Text="" Template="Default" TooltipType="OnCursor" Name="BGHeaderText" BGColor="white" TextColor="UI_WindowTitleYellow" TooltipColor="" TextId="ScientistMission_BotCustomizationHeader" DT_CENTER="1" DT_VCENTER="1" Sprite="BK3:sprMetal_Framing_Header" Border="0" IgnoreMouse="1" Picture="1"/>
        <Control Class="Button" Base="CRB_Basekit:kitBtn_Close" Font="Thick" ButtonType="PushButton" RadioGroup="" LAnchorPoint="1" LAnchorOffset="-52" TAnchorPoint="0" TAnchorOffset="23" RAnchorPoint="1" RAnchorOffset="-24" BAnchorPoint="0" BAnchorOffset="54" DT_VCENTER="1" DT_CENTER="1" TooltipType="OnCursor" Name="CloseBtn" BGColor="white" TextColor="white" TooltipColor="" NormalTextColor="white" PressedTextColor="white" FlybyTextColor="white" PressedFlybyTextColor="white" DisabledTextColor="white">
            <Event Name="ButtonSignal" Function="OnCloseBtn"/>
        </Control>
    </Form>
    <Form Class="Button" Base="BK3:btnHolo_ListView_Mid" Font="CRB_InterfaceMedium_B" ButtonType="Check" RadioGroup="" LAnchorPoint="0" LAnchorOffset="0" TAnchorPoint="0" TAnchorOffset="0" RAnchorPoint="1" RAnchorOffset="-13" BAnchorPoint="0" BAnchorOffset="40" DT_VCENTER="1" DT_CENTER="1" TooltipType="OnCursor" Name="PickProfileBtn" BGColor="white" TextColor="white" TooltipColor="" NormalTextColor="UI_BtnTextHoloNormal" PressedTextColor="UI_BtnTextHoloPressed" FlybyTextColor="UI_BtnTextHoloFlyby" PressedFlybyTextColor="UI_BtnTextHoloPressedFlyby" DisabledTextColor="UI_BtnTextHoloDisabled" Text="" TextId="CRB__2" RadioDisallowNonSelection="1" GlobalRadioGroup="PathScientistCustomize_PickProfileBtn_GlobalRadioGroup" DT_WORDBREAK="1" Tooltip="" TooltipFont="CRB_InterfaceSmall_O" TooltipId="ScientistMission_SwitchProfile">
        <Event Name="ButtonCheck" Function="OnPickProfileBtn"/>
    </Form>
    <Form Class="Window" LAnchorPoint="0" LAnchorOffset="0" TAnchorPoint="0" TAnchorOffset="0" RAnchorPoint="0" RAnchorOffset="50" BAnchorPoint="0" BAnchorOffset="50" RelativeToClient="1" Font="Default" Text="" Template="Default" TooltipType="OnCursor" Name="CurrentFlairItem" BGColor="UI_TextHoloBodyHighlight" TextColor="white" TooltipColor="" TooltipFont="CRB_InterfaceSmall_O" Picture="1" Overlapped="1" Sprite="" Tooltip="">
        <Control Class="Button" Base="CRB_Basekit:kitBtn_Holo_Large" Font="Thick" ButtonType="PushButton" RadioGroup="" LAnchorPoint="0" LAnchorOffset="4" TAnchorPoint="0" TAnchorOffset="4" RAnchorPoint="1" RAnchorOffset="-4" BAnchorPoint="1" BAnchorOffset="-4" DT_VCENTER="1" DT_CENTER="1" TooltipType="OnCursor" Name="CurrentFlairBtn" BGColor="white" TextColor="white" TooltipColor="" NormalTextColor="white" PressedTextColor="white" FlybyTextColor="white" PressedFlybyTextColor="white" DisabledTextColor="white" TooltipFont="CRB_InterfaceSmall_O" RelativeToClient="1" IgnoreMouse="1" HideInEditor="0">
            <Event Name="ButtonSignal" Function="OnCurrentFlairBtn"/>
            <Control Class="Window" LAnchorPoint="0.5" LAnchorOffset="-10" TAnchorPoint="0.5" TAnchorOffset="-11" RAnchorPoint="0.5" RAnchorOffset="22" BAnchorPoint="0.5" BAnchorOffset="21" RelativeToClient="1" Font="Default" Text="" Template="Default" TooltipType="OnCursor" Name="CurrentFlairMouseOver" BGColor="ConHard" TextColor="white" TooltipColor="" Picture="1" IgnoreMouse="1" Sprite="CRB_Basekit:kitBtn_Holo_CloseNormal" NewControlDepth="1" Visible="0" TooltipFont="Default" Tooltip="" TooltipId="" HideInEditor="0"/>
        </Control>
        <Control Class="Window" LAnchorPoint="0.5" LAnchorOffset="-16" TAnchorPoint="0.5" TAnchorOffset="-16" RAnchorPoint="0.5" RAnchorOffset="16" BAnchorPoint="0.5" BAnchorOffset="16" RelativeToClient="1" Font="Default" Text="" Template="Default" TooltipType="OnCursor" Name="CurrentFlairIcon" BGColor="white" TextColor="white" TooltipColor="" Picture="1" IgnoreMouse="1" Sprite="" NewControlDepth="1"/>
        <Control Class="Window" LAnchorPoint="0" LAnchorOffset="2" TAnchorPoint="0" TAnchorOffset="2" RAnchorPoint="1" RAnchorOffset="-2" BAnchorPoint="1" BAnchorOffset="-2" RelativeToClient="1" Font="Default" Text="" Template="Default" TooltipType="OnCursor" Name="CurrentFlairAvailable" BGColor="white" TextColor="white" TooltipColor="" Picture="1" IgnoreMouse="1" Sprite="BK3:UI_BK3_Holo_InsetSimple" TooltipFont="CRB_InterfaceSmall_O" Tooltip="" TooltipId="" HideInEditor="0"/>
        <Control Class="Window" LAnchorPoint="0" LAnchorOffset="0" TAnchorPoint="0" TAnchorOffset="0" RAnchorPoint="1" RAnchorOffset="0" BAnchorPoint="1" BAnchorOffset="0" RelativeToClient="1" Font="Default" Text="" Template="Default" TooltipType="OnCursor" Name="CurrentFlairMouseCatcher" BGColor="white" TextColor="white" TooltipColor="" NewControlDepth="1">
            <Event Name="MouseEnter" Function="OnCurrentFlairMouseEnter"/>
            <Event Name="MouseExit" Function="OnCurrentFlairMouseExit"/>
        </Control>
    </Form>
    <Form Class="Window" LAnchorPoint="0" LAnchorOffset="0" TAnchorPoint="0" TAnchorOffset="0" RAnchorPoint="1" RAnchorOffset="0" BAnchorPoint="0" BAnchorOffset="40" RelativeToClient="1" Font="Default" Text="" Template="Default" TooltipType="OnCursor" Name="FlairItem" Picture="1" Overlapped="1" BGColor="white" TextColor="white" TooltipColor="" IgnoreMouse="1">
        <Control Class="Button" Base="BK3:btnHolo_ListView_Mid" Font="Thick" ButtonType="Check" RadioGroup="" LAnchorPoint="0" LAnchorOffset="0" TAnchorPoint="0" TAnchorOffset="0" RAnchorPoint="1" RAnchorOffset="0" BAnchorPoint="1" BAnchorOffset="0" DT_VCENTER="1" DT_CENTER="1" TooltipType="OnCursor" Name="FlairItemBtn" BGColor="white" TextColor="white" TooltipColor="" NormalTextColor="white" PressedTextColor="white" FlybyTextColor="white" PressedFlybyTextColor="white" DisabledTextColor="white" RelativeToClient="1" TooltipFont="CRB_InterfaceSmall_O" IgnoreTooltipDelay="1">
            <Control Class="Window" LAnchorPoint="0" LAnchorOffset="7" TAnchorPoint="0" TAnchorOffset="7" RAnchorPoint="0" RAnchorOffset="33" BAnchorPoint="1" BAnchorOffset="-7" RelativeToClient="1" Font="Default" Text="" Template="Default" TooltipType="OnCursor" Name="FlairItemIcon" BGColor="white" TextColor="white" TooltipColor="" Picture="1" IgnoreMouse="1" Sprite="ClientSprites:Icon_ItemMisc_UI_Item_Crafting_PowerCore_Blue" NewControlDepth="1"/>
            <Control Class="Window" LAnchorPoint="0" LAnchorOffset="37" TAnchorPoint="0" TAnchorOffset="7" RAnchorPoint="1" RAnchorOffset="-7" BAnchorPoint="1" BAnchorOffset="-7" RelativeToClient="1" Font="CRB_InterfaceSmall" Text="" Template="Default" TooltipType="OnCursor" Name="FlairItemName" BGColor="white" TextColor="UI_BtnTextHoloListNormal" TooltipColor="" DT_VCENTER="1" TextId="CRB__2"/>
            <Event Name="ButtonCheck" Function="OnFlairItemCheck"/>
            <Event Name="ButtonUncheck" Function="OnFlairItemUncheck"/>
        </Control>
    </Form>
</Forms>
