<Forms>
    <Form Class="Window" LAnchorPoint="0.5" LAnchorOffset="-320" TAnchorPoint="0" TAnchorOffset="100" RAnchorPoint="0.5" RAnchorOffset="320" BAnchorPoint="0" BAnchorOffset="320" RelativeToClient="1" Font="Default" Text="" Template="" Name="PathScientistExperimentationForm" Border="0" Picture="1" SwallowMouseClicks="1" Moveable="1" Escapable="1" Overlapped="1" BGColor="white" TextColor="white" TextId="" TooltipColor="" Tooltip="" IgnoreMouse="0" Sprite="" Visible="0">
        <Control Class="Window" LAnchorPoint="0" LAnchorOffset="32" TAnchorPoint="1" TAnchorOffset="-162" RAnchorPoint="1" RAnchorOffset="-32" BAnchorPoint="1" BAnchorOffset="-21" RelativeToClient="1" Font="Default" Text="" Template="Default" Name="BGInnerFrame" BGColor="white" TextColor="white" Border="0" UseTemplateBG="0" VScroll="0" IgnoreMouse="1" BottomEdgeControlsAnchor="" NewWindowDepth="0" HideInEditor="0" Visible="1" Sprite="CRB_Basekit:kitInnerFrame_MetalGrey_Medium" Picture="1" TooltipColor="">
            <Control Class="Button" Base="kitBtn_Metal_IconBaseStretch" Font="Thick" ButtonType="Check" RadioGroup="PathSciExperimentation_GuessBtn_RadioGroup" LAnchorPoint="0" LAnchorOffset="28" TAnchorPoint="0.5" TAnchorOffset="-35" RAnchorPoint="0" RAnchorOffset="102" BAnchorPoint="0.5" BAnchorOffset="35" DT_VCENTER="1" DT_CENTER="1" TooltipType="OnCursor" Name="GuessBtn1" BGColor="white" TextColor="white" TooltipColor="" NormalTextColor="white" PressedTextColor="white" FlybyTextColor="white" PressedFlybyTextColor="white" DisabledTextColor="white" Sprite="" GlobalRadioGroup="" Text="">
                <Control Class="Window" LAnchorPoint="0" LAnchorOffset="12" TAnchorPoint="0" TAnchorOffset="10" RAnchorPoint="1" RAnchorOffset="-12" BAnchorPoint="1" BAnchorOffset="-10" RelativeToClient="1" Font="Default" Text="" Template="Default" TooltipType="OnCursor" Name="GuessBtnIcon" BGColor="white" TextColor="white" TooltipColor="" Sprite="ClientSprites:Icon_ItemArmorChest_shirt_0001" Picture="1" IgnoreMouse="1" NewControlDepth="1" IgnoreTooltipDelay="0"/>
                <Event Name="ButtonCheck" Function="OnHideTutorialRunner"/>
            </Control>
            <Control Class="Button" Base="kitBtn_Metal_IconBaseStretch" Font="Thick" ButtonType="Check" RadioGroup="PathSciExperimentation_GuessBtn_RadioGroup" LAnchorPoint="0" LAnchorOffset="106" TAnchorPoint="0.5" TAnchorOffset="-35" RAnchorPoint="0" RAnchorOffset="180" BAnchorPoint="0.5" BAnchorOffset="35" DT_VCENTER="1" DT_CENTER="1" TooltipType="OnCursor" Name="GuessBtn2" BGColor="white" TextColor="white" TooltipColor="" NormalTextColor="white" PressedTextColor="white" FlybyTextColor="white" PressedFlybyTextColor="white" DisabledTextColor="white" Sprite="" GlobalRadioGroup="">
                <Control Class="Window" LAnchorPoint="0" LAnchorOffset="12" TAnchorPoint="0" TAnchorOffset="10" RAnchorPoint="1" RAnchorOffset="-12" BAnchorPoint="1" BAnchorOffset="-10" RelativeToClient="1" Font="Default" Text="" Template="Default" TooltipType="OnCursor" Name="GuessBtnIcon" BGColor="white" TextColor="white" TooltipColor="" Sprite="ClientSprites:Icon_ItemArmorChest_shirt_0001" Picture="1" IgnoreMouse="1" NewControlDepth="1" IgnoreTooltipDelay="0"/>
            </Control>
            <Control Class="Button" Base="kitBtn_Metal_IconBaseStretch" Font="Thick" ButtonType="Check" RadioGroup="PathSciExperimentation_GuessBtn_RadioGroup" LAnchorPoint="0" LAnchorOffset="184" TAnchorPoint="0.5" TAnchorOffset="-35" RAnchorPoint="0" RAnchorOffset="258" BAnchorPoint="0.5" BAnchorOffset="35" DT_VCENTER="1" DT_CENTER="1" TooltipType="OnCursor" Name="GuessBtn3" BGColor="white" TextColor="white" TooltipColor="" NormalTextColor="white" PressedTextColor="white" FlybyTextColor="white" PressedFlybyTextColor="white" DisabledTextColor="white" Sprite="" GlobalRadioGroup="">
                <Control Class="Window" LAnchorPoint="0" LAnchorOffset="12" TAnchorPoint="0" TAnchorOffset="10" RAnchorPoint="1" RAnchorOffset="-12" BAnchorPoint="1" BAnchorOffset="-10" RelativeToClient="1" Font="Default" Text="" Template="Default" TooltipType="OnCursor" Name="GuessBtnIcon" BGColor="white" TextColor="white" TooltipColor="" Sprite="ClientSprites:Icon_ItemArmorChest_shirt_0001" Picture="1" IgnoreMouse="1" NewControlDepth="1" IgnoreTooltipDelay="0"/>
            </Control>
            <Control Class="Button" Base="kitBtn_Metal_IconBaseStretch" Font="Thick" ButtonType="Check" RadioGroup="PathSciExperimentation_GuessBtn_RadioGroup" LAnchorPoint="0" LAnchorOffset="262" TAnchorPoint="0.5" TAnchorOffset="-35" RAnchorPoint="0" RAnchorOffset="336" BAnchorPoint="0.5" BAnchorOffset="35" DT_VCENTER="1" DT_CENTER="1" TooltipType="OnCursor" Name="GuessBtn4" BGColor="white" TextColor="white" TooltipColor="" NormalTextColor="white" PressedTextColor="white" FlybyTextColor="white" PressedFlybyTextColor="white" DisabledTextColor="white" Sprite="" GlobalRadioGroup="">
                <Control Class="Window" LAnchorPoint="0" LAnchorOffset="12" TAnchorPoint="0" TAnchorOffset="10" RAnchorPoint="1" RAnchorOffset="-12" BAnchorPoint="1" BAnchorOffset="-10" RelativeToClient="1" Font="Default" Text="" Template="Default" TooltipType="OnCursor" Name="GuessBtnIcon" BGColor="white" TextColor="white" TooltipColor="" Sprite="ClientSprites:Icon_ItemArmorChest_shirt_0001" Picture="1" IgnoreMouse="1" NewControlDepth="1" IgnoreTooltipDelay="0"/>
            </Control>
            <Control Class="Button" Base="CRB_Basekit:kitBtn_Metal_MediumGreen" Font="CRB_InterfaceMedium_O" ButtonType="PushButton" RadioGroup="" LAnchorPoint="1" LAnchorOffset="-225" TAnchorPoint="0.5" TAnchorOffset="-22" RAnchorPoint="1" RAnchorOffset="-35" BAnchorPoint="0.5" BAnchorOffset="23" DT_VCENTER="1" DT_CENTER="1" Name="RunExperimentBtn" BGColor="white" TextColor="white" NormalTextColor="UI_BtnTextGreenNormal" PressedTextColor="UI_BtnTextGreenPressed" FlybyTextColor="UI_BtnTextGreenFlyby" PressedFlybyTextColor="UI_BtnTextGreenPressedFlyby" DisabledTextColor="UI_BtnTextGreenDisabled" Text="" TextId="ScientistMission_RunExperiment" RelativeToClient="1" NeverBringToFront="1" TooltipColor="">
                <Event Name="ButtonSignal" Function="OnRunExperimentClick"/>
            </Control>
            <Control Class="Button" Base="CRB_Basekit:kitBtn_Metal_MediumRed" Font="CRB_InterfaceMedium_O" ButtonType="PushButton" RadioGroup="" LAnchorPoint="1" LAnchorOffset="-225" TAnchorPoint="0.5" TAnchorOffset="-22" RAnchorPoint="1" RAnchorOffset="-35" BAnchorPoint="0.5" BAnchorOffset="23" DT_VCENTER="1" DT_CENTER="1" Name="RetryExperimentBtn" BGColor="white" TextColor="white" NormalTextColor="UI_BtnTextRedNormal" PressedTextColor="UI_BtnTextRedPressed" FlybyTextColor="UI_BtnTextRedFlyby" PressedFlybyTextColor="UI_BtnTextRedPressedFlyby" DisabledTextColor="UI_BtnTextRedDisabled" Text="" TextId="ScientistMission_ClickToTryAnother" RelativeToClient="1" NeverBringToFront="1" TooltipColor="" Visible="0" HideInEditor="1">
                <Event Name="ButtonSignal" Function="OnRunExperimentClick"/>
            </Control>
            <Control Class="Window" LAnchorPoint="0" LAnchorOffset="355" TAnchorPoint="0" TAnchorOffset="22" RAnchorPoint="0" RAnchorOffset="536" BAnchorPoint="0" BAnchorOffset="54" RelativeToClient="1" Font="CRB_InterfaceMedium" Text="" Template="Default" TooltipType="OnCursor" Name="FailMessage" BGColor="white" TextColor="UI_TextMetalBody" TooltipColor=""/>
            <Control Class="Window" LAnchorPoint="0" LAnchorOffset="38" TAnchorPoint="0.5" TAnchorOffset="-27" RAnchorPoint="0" RAnchorOffset="92" BAnchorPoint="0.5" BAnchorOffset="27" RelativeToClient="1" Font="Default" Text="" Template="Default" TooltipType="OnCursor" Name="TutorialRunner" BGColor="white" TextColor="white" TooltipColor="" Picture="1" IgnoreMouse="1" Sprite="spr_Anim_OutlineStretch" NewWindowDepth="1"/>
            <Control Class="Window" LAnchorPoint="0" LAnchorOffset="12" TAnchorPoint="1" TAnchorOffset="-34" RAnchorPoint="1" RAnchorOffset="-12" BAnchorPoint="1" BAnchorOffset="-12" RelativeToClient="1" Font="CRB_InterfaceMedium" Text="" Template="Default" TooltipType="OnCursor" Name="BGRulesText" BGColor="white" TextColor="UI_TextMetalBody" TooltipColor="" TextId="ScientistMission_ExperimentRules" DT_CENTER="1" DT_VCENTER="0" DT_WORDBREAK="1"/>
        </Control>
        <Control Class="Window" LAnchorPoint="0" LAnchorOffset="40" TAnchorPoint="0" TAnchorOffset="63" RAnchorPoint="1" RAnchorOffset="-40" BAnchorPoint="1" BAnchorOffset="-157" RelativeToClient="1" Font="Default" Text="" Template="CRB_Scroll_HoloSmall" Name="ResultContainer" BGColor="white" TextColor="white" IgnoreMouse="1" TooltipColor="" VScroll="1" AutoHideScroll="1"/>
        <Control Class="Button" Base="CRB_Basekit:kitBtn_Close" Font="Thick" ButtonType="PushButton" RadioGroup="" LAnchorPoint="1" LAnchorOffset="-43" TAnchorPoint="0" TAnchorOffset="13" RAnchorPoint="1" RAnchorOffset="-11" BAnchorPoint="0" BAnchorOffset="47" DT_VCENTER="1" DT_CENTER="1" TooltipType="OnCursor" Name="CloseBtn" BGColor="white" TextColor="white" TooltipColor="" NormalTextColor="white" PressedTextColor="white" FlybyTextColor="white" PressedFlybyTextColor="white" DisabledTextColor="white" Tooltip="" RelativeToClient="1">
            <Event Name="ButtonSignal" Function="OnCloseBtn"/>
        </Control>
        <Event Name="WindowClosed" Function="OnCloseBtn"/>
        <Pixie LAnchorPoint="0" LAnchorOffset="25" TAnchorPoint="0" TAnchorOffset="15" RAnchorPoint="1" RAnchorOffset="-25" BAnchorPoint="1" BAnchorOffset="-15" BGColor="white" Font="Default" TextColor="white" Text="" Sprite="kitBase_HoloBlue_Small" Line="0"/>
        <Pixie LAnchorPoint="0" LAnchorOffset="38" TAnchorPoint="0" TAnchorOffset="27" RAnchorPoint="1" RAnchorOffset="-38" BAnchorPoint="0" BAnchorOffset="68" BGColor="white" Font="CRB_InterfaceMedium_B" TextColor="UI_TextHoloBody" Text="" TextId="ScientistMission_ExperimentHeader" Sprite="kitHeader_HoloHexes_Title" DT_CENTER="1" DT_VCENTER="1" Line="0"/>
        <Pixie LAnchorPoint="0" LAnchorOffset="0" TAnchorPoint="0" TAnchorOffset="0" RAnchorPoint="1" RAnchorOffset="0" BAnchorPoint="1" BAnchorOffset="0" BGColor="white" Font="Default" TextColor="white" Text="" Sprite="kitOuterFrame_MetalGray_Medium" Line="0"/>
        <Pixie LAnchorPoint="0" LAnchorOffset="44" TAnchorPoint="1" TAnchorOffset="-152" RAnchorPoint="1" RAnchorOffset="-44" BAnchorPoint="1" BAnchorOffset="-29" BGColor="white" Font="Default" TextColor="white" Text="" Sprite="CRB_Basekit:kitBase_MetalGrey_Small" Line="0"/>
    </Form>
    <Form Class="Window" LAnchorPoint="0.5" LAnchorOffset="-95" TAnchorPoint="1" TAnchorOffset="-140" RAnchorPoint="0.5" RAnchorOffset="95" BAnchorPoint="1" BAnchorOffset="-60" RelativeToClient="1" Font="Default" Text="" Template="Default" Name="GuessPopout" BGColor="white" TextColor="white" Picture="0" IgnoreMouse="1" Sprite="" Visible="0" HideInEditor="0" NewWindowDepth="0" NoClip="1" CloseOnExternalClick="1" TooltipColor="">
        <Event Name="WindowClosed" Function="OnRosterAddMemberCloseBtn"/>
        <Control Class="Button" Base="kitBtn_Holo" Font="Thick" ButtonType="PushButton" RadioGroup="" LAnchorPoint="0" LAnchorOffset="7" TAnchorPoint="1" TAnchorOffset="-51" RAnchorPoint="0" RAnchorOffset="51" BAnchorPoint="1" BAnchorOffset="-7" DT_VCENTER="1" DT_CENTER="1" TooltipType="OnCursor" Name="GuessOption1" BGColor="white" TextColor="white" TooltipColor="" NormalTextColor="white" PressedTextColor="white" FlybyTextColor="white" PressedFlybyTextColor="white" DisabledTextColor="white">
            <Event Name="ButtonSignal" Function="OnGuessOptionClicked"/>
            <Control Class="Window" LAnchorPoint="0" LAnchorOffset="3" TAnchorPoint="0" TAnchorOffset="3" RAnchorPoint="1" RAnchorOffset="-3" BAnchorPoint="1" BAnchorOffset="-3" RelativeToClient="1" Font="Default" Text="" Template="Default" TooltipType="OnCursor" Name="GuessOptionIcon" BGColor="white" TextColor="white" TooltipColor="" Sprite="ClientSprites:Icon_ItemArmorChest_shirt_0001" Picture="1" IgnoreMouse="1" NewControlDepth="1" IgnoreTooltipDelay="0"/>
        </Control>
        <Control Class="Button" Base="kitBtn_Holo" Font="Thick" ButtonType="PushButton" RadioGroup="" LAnchorPoint="0" LAnchorOffset="51" TAnchorPoint="1" TAnchorOffset="-51" RAnchorPoint="0" RAnchorOffset="95" BAnchorPoint="1" BAnchorOffset="-7" DT_VCENTER="1" DT_CENTER="1" TooltipType="OnCursor" Name="GuessOption2" BGColor="white" TextColor="white" TooltipColor="" NormalTextColor="white" PressedTextColor="white" FlybyTextColor="white" PressedFlybyTextColor="white" DisabledTextColor="white">
            <Event Name="ButtonSignal" Function="OnGuessOptionClicked"/>
            <Control Class="Window" LAnchorPoint="0" LAnchorOffset="3" TAnchorPoint="0" TAnchorOffset="3" RAnchorPoint="1" RAnchorOffset="-3" BAnchorPoint="1" BAnchorOffset="-3" RelativeToClient="1" Font="Default" Text="" Template="Default" TooltipType="OnCursor" Name="GuessOptionIcon" BGColor="white" TextColor="white" TooltipColor="" Sprite="ClientSprites:Icon_ItemArmorChest_shirt_0001" Picture="1" IgnoreMouse="1" NewControlDepth="1" IgnoreTooltipDelay="0"/>
        </Control>
        <Control Class="Button" Base="kitBtn_Holo" Font="Thick" ButtonType="PushButton" RadioGroup="" LAnchorPoint="0" LAnchorOffset="95" TAnchorPoint="1" TAnchorOffset="-51" RAnchorPoint="0" RAnchorOffset="139" BAnchorPoint="1" BAnchorOffset="-7" DT_VCENTER="1" DT_CENTER="1" TooltipType="OnCursor" Name="GuessOption3" BGColor="white" TextColor="white" TooltipColor="" NormalTextColor="white" PressedTextColor="white" FlybyTextColor="white" PressedFlybyTextColor="white" DisabledTextColor="white">
            <Event Name="ButtonSignal" Function="OnGuessOptionClicked"/>
            <Control Class="Window" LAnchorPoint="0" LAnchorOffset="3" TAnchorPoint="0" TAnchorOffset="3" RAnchorPoint="1" RAnchorOffset="-3" BAnchorPoint="1" BAnchorOffset="-3" RelativeToClient="1" Font="Default" Text="" Template="Default" TooltipType="OnCursor" Name="GuessOptionIcon" BGColor="white" TextColor="white" TooltipColor="" Sprite="ClientSprites:Icon_ItemArmorChest_shirt_0001" Picture="1" IgnoreMouse="1" NewControlDepth="1" IgnoreTooltipDelay="0"/>
        </Control>
        <Control Class="Button" Base="kitBtn_Holo" Font="Thick" ButtonType="PushButton" RadioGroup="" LAnchorPoint="0" LAnchorOffset="139" TAnchorPoint="1" TAnchorOffset="-51" RAnchorPoint="0" RAnchorOffset="183" BAnchorPoint="1" BAnchorOffset="-7" DT_VCENTER="1" DT_CENTER="1" TooltipType="OnCursor" Name="GuessOption4" BGColor="white" TextColor="white" TooltipColor="" NormalTextColor="white" PressedTextColor="white" FlybyTextColor="white" PressedFlybyTextColor="white" DisabledTextColor="white">
            <Event Name="ButtonSignal" Function="OnGuessOptionClicked"/>
            <Control Class="Window" LAnchorPoint="0" LAnchorOffset="3" TAnchorPoint="0" TAnchorOffset="3" RAnchorPoint="1" RAnchorOffset="-3" BAnchorPoint="1" BAnchorOffset="-3" RelativeToClient="1" Font="Default" Text="" Template="Default" TooltipType="OnCursor" Name="GuessOptionIcon" BGColor="white" TextColor="white" TooltipColor="" Sprite="ClientSprites:Icon_ItemArmorChest_shirt_0001" Picture="1" IgnoreMouse="1" NewControlDepth="1" IgnoreTooltipDelay="0"/>
        </Control>
        <Pixie LAnchorPoint="0" LAnchorOffset="4" TAnchorPoint="1" TAnchorOffset="-33" RAnchorPoint="1" RAnchorOffset="-4" BAnchorPoint="1" BAnchorOffset="7" BGColor="white" Font="Default" TextColor="white" Text="" Sprite="CRB_Basekit:kitBtn_Holo_TabFlyby" Line="0"/>
        <Pixie LAnchorPoint="0" LAnchorOffset="0" TAnchorPoint="0" TAnchorOffset="0" RAnchorPoint="1" RAnchorOffset="0" BAnchorPoint="1" BAnchorOffset="-2" BGColor="white" Font="Default" TextColor="white" Text="" Sprite="CRB_Basekit:kitBase_HoloBlue_SmallGreenCorners" Line="0"/>
        <Pixie LAnchorPoint="0" LAnchorOffset="11" TAnchorPoint="0" TAnchorOffset="7" RAnchorPoint="1" RAnchorOffset="-7" BAnchorPoint="0" BAnchorOffset="27" BGColor="white" Font="CRB_InterfaceMedium_B" TextColor="UI_TextHoloBody" Text="" TextId="ScientistMission_Pick" DT_VCENTER="1" Line="0"/>
    </Form>
    <Form Class="Window" LAnchorPoint="0" LAnchorOffset="0" TAnchorPoint="0" TAnchorOffset="0" RAnchorPoint="1" RAnchorOffset="0" BAnchorPoint="0" BAnchorOffset="62" RelativeToClient="1" Font="Default" Text="" Template="Default" TooltipType="OnCursor" Name="AttemptRow" BGColor="UI_AlphaPercent40" TextColor="white" TooltipColor="" Picture="1" IgnoreMouse="1" Sprite="kitBase_HoloBlue_Tiny" Tooltip="">
        <Control Class="Window" LAnchorPoint="0" LAnchorOffset="9" TAnchorPoint="0" TAnchorOffset="0" RAnchorPoint="0" RAnchorOffset="29" BAnchorPoint="1" BAnchorOffset="0" RelativeToClient="1" Font="CRB_InterfaceLarge_BO" Text="" Template="Default" TooltipType="OnCursor" Name="CountText" BGColor="white" TextColor="UI_TextHoloBodyCyan" TooltipColor="" TextId="CRB_1" HideInEditor="0" Visible="1" DT_VCENTER="1" DT_CENTER="1"/>
        <Control Class="Window" LAnchorPoint="0" LAnchorOffset="32" TAnchorPoint="0" TAnchorOffset="8" RAnchorPoint="0" RAnchorOffset="78" BAnchorPoint="1" BAnchorOffset="-8" RelativeToClient="1" Font="Default" Text="" Template="Default" TooltipType="OnCursor" Name="AttemptFrame1" BGColor="white" TextColor="white" TooltipColor="" Sprite="kitBtn_HoloNormal" Picture="1" IgnoreMouse="1" Visible="0">
            <Control Class="Window" LAnchorPoint="0" LAnchorOffset="4" TAnchorPoint="0" TAnchorOffset="4" RAnchorPoint="1" RAnchorOffset="-4" BAnchorPoint="1" BAnchorOffset="-4" RelativeToClient="1" Font="Default" Text="" Template="Default" TooltipType="OnCursor" Name="AttemptIcon" BGColor="white" TextColor="white" TooltipColor="" Picture="1" IgnoreMouse="1" Sprite="\" NoClip="0" IgnoreTooltipDelay="1"/>
        </Control>
        <Control Class="Window" LAnchorPoint="0" LAnchorOffset="110" TAnchorPoint="0" TAnchorOffset="8" RAnchorPoint="0" RAnchorOffset="156" BAnchorPoint="1" BAnchorOffset="-8" RelativeToClient="1" Font="Default" Text="" Template="Default" TooltipType="OnCursor" Name="AttemptFrame2" BGColor="white" TextColor="white" TooltipColor="" Sprite="kitBtn_HoloNormal" Picture="1" IgnoreMouse="1" Visible="0">
            <Control Class="Window" LAnchorPoint="0" LAnchorOffset="4" TAnchorPoint="0" TAnchorOffset="4" RAnchorPoint="1" RAnchorOffset="-4" BAnchorPoint="1" BAnchorOffset="-4" RelativeToClient="1" Font="Default" Text="" Template="Default" TooltipType="OnCursor" Name="AttemptIcon" BGColor="white" TextColor="white" TooltipColor="" Picture="1" IgnoreMouse="1" Sprite="" NoClip="0" IgnoreTooltipDelay="1"/>
        </Control>
        <Control Class="Window" LAnchorPoint="0" LAnchorOffset="188" TAnchorPoint="0" TAnchorOffset="8" RAnchorPoint="0" RAnchorOffset="234" BAnchorPoint="1" BAnchorOffset="-8" RelativeToClient="1" Font="Default" Text="" Template="Default" TooltipType="OnCursor" Name="AttemptFrame3" BGColor="white" TextColor="white" TooltipColor="" Sprite="kitBtn_HoloNormal" Picture="1" IgnoreMouse="1" Visible="0">
            <Control Class="Window" LAnchorPoint="0" LAnchorOffset="4" TAnchorPoint="0" TAnchorOffset="4" RAnchorPoint="1" RAnchorOffset="-4" BAnchorPoint="1" BAnchorOffset="-4" RelativeToClient="1" Font="Default" Text="" Template="Default" TooltipType="OnCursor" Name="AttemptIcon" BGColor="white" TextColor="white" TooltipColor="" Picture="1" IgnoreMouse="1" Sprite="" NoClip="0" IgnoreTooltipDelay="1"/>
        </Control>
        <Control Class="Window" LAnchorPoint="0" LAnchorOffset="266" TAnchorPoint="0" TAnchorOffset="8" RAnchorPoint="0" RAnchorOffset="312" BAnchorPoint="1" BAnchorOffset="-8" RelativeToClient="1" Font="Default" Text="" Template="Default" TooltipType="OnCursor" Name="AttemptFrame4" BGColor="white" TextColor="white" TooltipColor="" Sprite="kitBtn_HoloNormal" Picture="1" IgnoreMouse="1" Visible="0">
            <Control Class="Window" LAnchorPoint="0" LAnchorOffset="4" TAnchorPoint="0" TAnchorOffset="4" RAnchorPoint="1" RAnchorOffset="-4" BAnchorPoint="1" BAnchorOffset="-4" RelativeToClient="1" Font="Default" Text="" Template="Default" TooltipType="OnCursor" Name="AttemptIcon" BGColor="white" TextColor="white" TooltipColor="" Picture="1" IgnoreMouse="1" Sprite="" NoClip="0" IgnoreTooltipDelay="1"/>
        </Control>
        <Control Class="Window" LAnchorPoint="1" LAnchorOffset="-136" TAnchorPoint="0.5" TAnchorOffset="-22" RAnchorPoint="1" RAnchorOffset="-8" BAnchorPoint="0.5" BAnchorOffset="0" RelativeToClient="1" Font="CRB_InterfaceMedium_O" Text="2 Exact Matches" Template="Default" TooltipType="OnCursor" Name="ExactCorrectText" BGColor="white" TextColor="white" TooltipColor="" TextId="" DT_CENTER="0" Visible="0" DT_VCENTER="1"/>
        <Control Class="Window" LAnchorPoint="1" LAnchorOffset="-136" TAnchorPoint="0.5" TAnchorOffset="0" RAnchorPoint="1" RAnchorOffset="-8" BAnchorPoint="0.5" BAnchorOffset="22" RelativeToClient="1" Font="CRB_InterfaceMedium_O" Text="2 Partial Matches" Template="Default" TooltipType="OnCursor" Name="PartialCorrectText" BGColor="white" TextColor="white" TooltipColor="" TextId="" DT_CENTER="0" Visible="0" DT_VCENTER="1"/>
        <Control Class="Window" LAnchorPoint="1" LAnchorOffset="-230" TAnchorPoint="0.5" TAnchorOffset="-22" RAnchorPoint="1" RAnchorOffset="-142" BAnchorPoint="0.5" BAnchorOffset="0" RelativeToClient="1" Font="Default" Text="" Template="Default" TooltipType="OnCursor" Name="ExactIconContainer" BGColor="white" TextColor="white" TooltipColor="" Sprite="" Picture="1" IgnoreMouse="1"/>
        <Control Class="Window" LAnchorPoint="1" LAnchorOffset="-230" TAnchorPoint="0.5" TAnchorOffset="0" RAnchorPoint="1" RAnchorOffset="-142" BAnchorPoint="0.5" BAnchorOffset="22" RelativeToClient="1" Font="Default" Text="" Template="Default" TooltipType="OnCursor" Name="PartialIconContainer" BGColor="white" TextColor="white" TooltipColor="" Sprite="" Picture="1" IgnoreMouse="1"/>
    </Form>
    <Form Class="Window" LAnchorPoint="0" LAnchorOffset="0" TAnchorPoint="0" TAnchorOffset="0" RAnchorPoint="0" RAnchorOffset="22" BAnchorPoint="0" BAnchorOffset="22" RelativeToClient="1" Font="Default" Text="" Template="Default" TooltipType="OnCursor" Name="AttemptRowIcon" Picture="1" BGColor="white" TextColor="white" TooltipColor="" IgnoreMouse="1" Sprite="kitIcon_Holo_Checkmark"/>
</Forms>
