<?xml version="1.0" encoding="UTF-8" standalone="yes" ?>
<Forms>
    <Form Class="Window" LAnchorPoint="1" LAnchorOffset="-860" TAnchorPoint="1" TAnchorOffset="-701" RAnchorPoint="1" RAnchorOffset="-345" BAnchorPoint="1" BAnchorOffset="-245" RelativeToClient="1" Font="Default" Text="" Template="Default" TooltipType="OnCursor" Name="PathScientistCustomizeForm" Border="0" Picture="1" SwallowMouseClicks="1" Moveable="1" Escapable="1" Overlapped="1" BGColor="9d31fcf6" TextColor="ffffffff" TooltipColor="" IgnoreMouse="1" Tooltip="" TransitionShowHide="1" Sprite="WhiteFlash">
        <Control Class="Window" LAnchorPoint="0" LAnchorOffset="30" TAnchorPoint="1" TAnchorOffset="-318" RAnchorPoint="0" RAnchorOffset="250" BAnchorPoint="1" BAnchorOffset="-98" RelativeToClient="1" Font="Default" Text="" Template="Default" TooltipType="OnCursor" Name="ScanBotPortraitBG" BGColor="ffffffff" TextColor="ffffffff" TooltipColor="" Picture="1" IgnoreMouse="1" Sprite="CRB_Basekit:kitBase_HoloBlue_InsetBorder_Thin" NewControlDepth="1" Tooltip="">
            <Control Class="CostumeWindow" LAnchorPoint="0" LAnchorOffset="2" TAnchorPoint="0" TAnchorOffset="2" RAnchorPoint="1" RAnchorOffset="-2" BAnchorPoint="1" BAnchorOffset="-2" RelativeToClient="1" Font="Default" Text="" Template="Default" Name="ScanBotPortrait" BGColor="ffffffff" TextColor="ffffffff" Camera="Target" Animated="1" TooltipType="OnCursor" TooltipColor="" IgnoreMouse="1" HideInEditor="1" Mask="\UI_WhiteFillAlpha.tga" Visible="0" Tooltip="" Picture="0"/>
            <Control Class="Window" LAnchorPoint="0" LAnchorOffset="0" TAnchorPoint="0" TAnchorOffset="10" RAnchorPoint="1" RAnchorOffset="0" BAnchorPoint="0" BAnchorOffset="30" RelativeToClient="1" Font="CRB_InterfaceSmall_O" Text="" Template="Default" TooltipType="OnCursor" Name="ScanBotProtraitErrorMessage" BGColor="ffffffff" TextColor="UI_BtnTextRedNormal" TooltipColor="" TextId="ScientistMission_InvalidCustomization" DT_CENTER="1" Visible="0" HideInEditor="1" IgnoreMouse="1" TransitionShowHide="1"/>
            <Control Class="Window" LAnchorPoint="0" LAnchorOffset="0" TAnchorPoint="0" TAnchorOffset="40" RAnchorPoint="1" RAnchorOffset="0" BAnchorPoint="1" BAnchorOffset="-100" RelativeToClient="1" Font="CRB_InterfaceMedium_B" Text="" Template="Default" TooltipType="OnCursor" Name="ScanBotPortraitSummonWaiting" BGColor="ffffffff" TextColor="UI_TextHoloTitle" TooltipColor="" TextId="CRB_Compiling" DT_VCENTER="1" DT_CENTER="1" Visible="0" Picture="1" IgnoreMouse="1" Sprite="" HideInEditor="1" Tooltip="">
                <Control Class="Window" LAnchorPoint="0" LAnchorOffset="12" TAnchorPoint="1" TAnchorOffset="-33" RAnchorPoint="1" RAnchorOffset="-12" BAnchorPoint="1" BAnchorOffset="0" RelativeToClient="1" Font="Default" Text="" Template="Default" TooltipType="OnCursor" Name="CraftingCastBarMoveBG" BGColor="ffffffff" TextColor="ffffffff" TooltipColor="" Sprite="CRB_Basekit:kitIProgBar_HoloFrame_Base" Picture="1" IgnoreMouse="1">
                    <Control Class="ProgressBar" Text="" LAnchorPoint="0" LAnchorOffset="9" TAnchorPoint="0" TAnchorOffset="6" RAnchorPoint="1" RAnchorOffset="-9" BAnchorPoint="1" BAnchorOffset="-6" AutoSetText="0" UseValues="0" RelativeToClient="1" SetTextToProgress="0" DT_CENTER="1" DT_VCENTER="1" ProgressEmpty="" ProgressFull="CRB_Basekit:kitIProgBar_Hybrid_Fill" TooltipType="OnCursor" Name="CraftingCastBarMove" BGColor="ffffffff" TextColor="ffffffff" TooltipColor="" BarColor=""/>
                </Control>
            </Control>
            <Control Class="Button" Base="CRB_Basekit:kitBtn_Holo_Large" Font="CRB_InterfaceMedium_B" ButtonType="PushButton" RadioGroup="" LAnchorPoint="0.5" LAnchorOffset="-64" TAnchorPoint="0.5" TAnchorOffset="-40" RAnchorPoint="0.5" RAnchorOffset="64" BAnchorPoint="0.5" BAnchorOffset="40" DT_VCENTER="1" DT_CENTER="1" TooltipType="OnCursor" Name="ScanBotPortraitSummonBtn" BGColor="ffffffff" TextColor="ffffffff" TooltipColor="" NormalTextColor="UI_BtnTextHoloNormal" PressedTextColor="UI_BtnTextHoloPressed" FlybyTextColor="UI_BtnTextHoloFlyby" PressedFlybyTextColor="UI_BtnTextHoloPressedFlyby" DisabledTextColor="UI_BtnTextHoloDisabled" Text="" TextId="ScientistMission_SummonToPreview" DT_WORDBREAK="1" Visible="0" HideInEditor="1">
                <Event Name="ButtonSignal" Function="OnScanBotPortraitSummonBtn"/>
            </Control>
            <Control Class="Button" Base="btn_ArrowTurnLeft" Font="Thick" ButtonType="PushButton" RadioGroup="" LAnchorPoint="0" LAnchorOffset="8" TAnchorPoint="1" TAnchorOffset="-33" RAnchorPoint="0" RAnchorOffset="53" BAnchorPoint="1" BAnchorOffset="-8" DT_VCENTER="1" DT_CENTER="1" Name="RotateLeft" BGColor="afffffff" TextColor="ffffffff" WindowSoundTemplate="Custom" NormalTextColor="ffffffff" PressedTextColor="ffffffff" FlybyTextColor="ffffffff" PressedFlybyTextColor="ffffffff" DisabledTextColor="ffffffff" TooltipColor="">
                <Event Name="ButtonHoldBegin" Function="OnRotateLeft"/>
                <Event Name="ButtonUp" Function="OnRotateLeftCancel"/>
                <Event Name="ButtonUpCancel" Function="OnRotateLeftCancel"/>
            </Control>
            <Control Class="Button" Base="btn_ArrowTurnRight" Font="Thick" ButtonType="PushButton" RadioGroup="" LAnchorPoint="1" LAnchorOffset="-53" TAnchorPoint="1" TAnchorOffset="-33" RAnchorPoint="1" RAnchorOffset="-8" BAnchorPoint="1" BAnchorOffset="-8" DT_VCENTER="1" DT_CENTER="1" Name="RotateRight" BGColor="afffffff" TextColor="ffffffff" WindowSoundTemplate="Custom" NormalTextColor="ffffffff" PressedTextColor="ffffffff" FlybyTextColor="ffffffff" PressedFlybyTextColor="ffffffff" DisabledTextColor="ffffffff" TooltipColor="" Tooltip="" Text="">
                <Event Name="ButtonHoldBegin" Function="OnRotateRight"/>
                <Event Name="ButtonUp" Function="OnRotateRightCancel"/>
                <Event Name="ButtonUpCancel" Function="OnRotateRightCancel"/>
            </Control>
        </Control>
        <Control Class="Window" LAnchorPoint="0" LAnchorOffset="30" TAnchorPoint="1" TAnchorOffset="-86" RAnchorPoint="0" RAnchorOffset="250" BAnchorPoint="1" BAnchorOffset="-30" RelativeToClient="1" Font="Default" Text="" Template="Default" TooltipType="OnCursor" Name="CurrentBG" BGColor="ffffffff" TextColor="ffffffff" TooltipColor="" Sprite="CRB_Basekit:kitBase_HoloBlue_InsetBorder_Thin" Picture="1" IgnoreMouse="1" Visible="1" HideInEditor="0">
            <Control Class="Window" LAnchorPoint="0" LAnchorOffset="3" TAnchorPoint="0" TAnchorOffset="3" RAnchorPoint="1" RAnchorOffset="-3" BAnchorPoint="1" BAnchorOffset="-3" RelativeToClient="1" Font="Default" Text="" Template="Default" TooltipType="OnCursor" Name="CurrentList" BGColor="9d31fcf6" TextColor="ffffffff" TooltipColor="" Picture="1" IgnoreMouse="1"/>
        </Control>
        <Control Class="Window" LAnchorPoint="1" LAnchorOffset="-251" TAnchorPoint="1" TAnchorOffset="-350" RAnchorPoint="1" RAnchorOffset="-30" BAnchorPoint="1" BAnchorOffset="-314" RelativeToClient="1" Font="Default" Text="" Template="Default" TooltipType="OnCursor" Name="CustomizeTabContainer" BGColor="ffffffff" TextColor="ffffffff" TooltipColor="">
            <Control Class="Button" Base="CRB_Basekit:kitBtn_Holo_Tab" Font="CRB_InterfaceSmall" ButtonType="Check" RadioGroup="PathScientistCustomize_TabVanityRom_RadioGroup" LAnchorPoint="0" LAnchorOffset="0" TAnchorPoint="0" TAnchorOffset="0" RAnchorPoint="0.5" RAnchorOffset="-2" BAnchorPoint="0" BAnchorOffset="36" DT_VCENTER="1" DT_CENTER="1" TooltipType="OnCursor" Name="TabVanityBtn" BGColor="ffffffff" TextColor="ffffffff" TooltipColor="" NormalTextColor="UI_BtnTextHoloNormal" PressedTextColor="UI_BtnTextHoloPressed" FlybyTextColor="UI_BtnTextHoloFlyby" PressedFlybyTextColor="UI_BtnTextHoloPressedFlyby" DisabledTextColor="UI_BtnTextHoloDisabled" Text="" TextId="ScientistMission_Vanity" GlobalRadioGroup="" RadioDisallowNonSelection="1">
                <Event Name="ButtonCheck" Function="RedrawAll"/>
            </Control>
            <Control Class="Button" Base="CRB_Basekit:kitBtn_Holo_Tab" Font="CRB_InterfaceSmall" ButtonType="Check" RadioGroup="PathScientistCustomize_TabVanityRom_RadioGroup" LAnchorPoint="0.5" LAnchorOffset="2" TAnchorPoint="0" TAnchorOffset="0" RAnchorPoint="1" RAnchorOffset="0" BAnchorPoint="0" BAnchorOffset="36" DT_VCENTER="1" DT_CENTER="1" TooltipType="OnCursor" Name="TabROMBtn" BGColor="ffffffff" TextColor="ffffffff" TooltipColor="" NormalTextColor="UI_BtnTextHoloNormal" PressedTextColor="UI_BtnTextHoloPressed" FlybyTextColor="UI_BtnTextHoloFlyby" PressedFlybyTextColor="UI_BtnTextHoloPressedFlyby" DisabledTextColor="UI_BtnTextHoloDisabled" Text="" TextId="ScientistMission_ROMs" GlobalRadioGroup="" RadioDisallowNonSelection="1">
                <Event Name="ButtonCheck" Function="RedrawAll"/>
            </Control>
        </Control>
        <Control Class="Window" LAnchorPoint="1" LAnchorOffset="-251" TAnchorPoint="1" TAnchorOffset="-318" RAnchorPoint="1" RAnchorOffset="-30" BAnchorPoint="1" BAnchorOffset="-30" RelativeToClient="1" Font="CRB_InterfaceSmall_O" Text="" Template="Default" TooltipType="OnCursor" Name="CustomizeFrame" BGColor="ffffffff" TextColor="UI_TextHoloBody" TooltipColor="" Sprite="CRB_Basekit:kitBase_HoloBlue_InsetBorder_Thin" Picture="1" IgnoreMouse="1" Tooltip="" DT_CENTER="1" DT_VCENTER="1" DT_WORDBREAK="1">
            <Control Class="Window" LAnchorPoint="0" LAnchorOffset="3" TAnchorPoint="0" TAnchorOffset="3" RAnchorPoint="1" RAnchorOffset="-3" BAnchorPoint="1" BAnchorOffset="-3" RelativeToClient="1" Font="CRB_InterfaceSmall_O" Text="" Template="CRB_Scroll_HoloSmall" TooltipType="OnCursor" Name="AvailableVanityList" BGColor="ffffffff" TextColor="ffffffff" TooltipColor="" HScroll="0" IgnoreMouse="1" VScroll="1" DT_CENTER="1" DT_VCENTER="1" DT_WORDBREAK="1"/>
            <Control Class="Window" LAnchorPoint="0" LAnchorOffset="3" TAnchorPoint="0" TAnchorOffset="3" RAnchorPoint="1" RAnchorOffset="-3" BAnchorPoint="1" BAnchorOffset="-3" RelativeToClient="1" Font="CRB_InterfaceSmall_O" Text="" Template="CRB_Scroll_HoloSmall" TooltipType="OnCursor" Name="AvailableROMList" BGColor="ffffffff" TextColor="ffffffff" TooltipColor="" HScroll="0" IgnoreMouse="1" VScroll="1" DT_CENTER="1" DT_VCENTER="1" DT_WORDBREAK="1" Visible="0"/>
            <Control Class="Window" LAnchorPoint="0" LAnchorOffset="20" TAnchorPoint="0" TAnchorOffset="20" RAnchorPoint="1" RAnchorOffset="-20" BAnchorPoint="1" BAnchorOffset="-20" RelativeToClient="1" Font="CRB_InterfaceSmall_O" Text="" Template="Default" TooltipType="OnCursor" Name="AvailableROMEmptyLabel" BGColor="ffffffff" TextColor="UI_TextHoloBody" TooltipColor="" TextId="ScientistMission_NoROMs" DT_CENTER="1" DT_VCENTER="1" DT_WORDBREAK="1" HideInEditor="1"/>
            <Control Class="Window" LAnchorPoint="0" LAnchorOffset="20" TAnchorPoint="0" TAnchorOffset="20" RAnchorPoint="1" RAnchorOffset="-20" BAnchorPoint="1" BAnchorOffset="-20" RelativeToClient="1" Font="CRB_InterfaceSmall_O" Text="" Template="Default" TooltipType="OnCursor" Name="AvailableVanityEmptyLabel" BGColor="ffffffff" TextColor="UI_TextHoloBody" TooltipColor="" TextId="ScientistMission_NoVanityItems" DT_CENTER="1" DT_VCENTER="1" DT_WORDBREAK="1" HideInEditor="1"/>
        </Control>
        <Control Class="Button" Base="CRB_Basekit:kitBtn_Holo" Font="CRB_InterfaceMedium_B" ButtonType="Check" RadioGroup="" LAnchorPoint="1" LAnchorOffset="-139" TAnchorPoint="1" TAnchorOffset="-395" RAnchorPoint="1" RAnchorOffset="-30" BAnchorPoint="1" BAnchorOffset="-359" DT_VCENTER="1" DT_CENTER="1" TooltipType="OnCursor" Name="RenameBtn" BGColor="ffffffff" TextColor="ffffffff" TooltipColor="" NormalTextColor="UI_BtnTextHoloNormal" PressedTextColor="UI_BtnTextHoloPressed" FlybyTextColor="UI_BtnTextHoloFlyby" PressedFlybyTextColor="UI_BtnTextHoloPressedFlyby" DisabledTextColor="UI_BtnTextHoloDisabled" Text="" TextId="ScientistMission_RenameBot" Tooltip="">
            <Event Name="ButtonSignal" Function="YourFunctionName"/>
        </Control>
        <Control Class="Window" LAnchorPoint="0" LAnchorOffset="16" TAnchorPoint="1" TAnchorOffset="-416" RAnchorPoint="1" RAnchorOffset="-16" BAnchorPoint="1" BAnchorOffset="-16" RelativeToClient="1" Font="Default" Text="" Template="Default" TooltipType="OnCursor" Name="ProfileDropdownBG" BGColor="9dffffff" TextColor="ffffffff" TooltipColor="" Sprite="BlackFill" Picture="1" IgnoreMouse="1" NewControlDepth="10" Visible="0" HideInEditor="1" CloseOnExternalClick="1">
            <Control Class="Window" LAnchorPoint="0" LAnchorOffset="14" TAnchorPoint="0" TAnchorOffset="55" RAnchorPoint="0.5" RAnchorOffset="115" BAnchorPoint="1" BAnchorOffset="-39" RelativeToClient="1" Font="Default" Text="" Template="Default" TooltipType="OnCursor" Name="ProfileDropdownListBG" BGColor="ffffffff" TextColor="ffffffff" TooltipColor="" Picture="1" IgnoreMouse="1" Sprite="CRB_Basekit:kitBase_HoloBlue_Small" Visible="1" HideInEditor="0" CloseOnExternalClick="0" Tooltip="">
                <Control Class="Window" LAnchorPoint="0" LAnchorOffset="12" TAnchorPoint="0" TAnchorOffset="12" RAnchorPoint="1" RAnchorOffset="-12" BAnchorPoint="1" BAnchorOffset="-12" RelativeToClient="1" Font="Default" Text="" Template="CRB_Scroll_HoloSmall" TooltipType="OnCursor" Name="ProfileDropdownList" BGColor="ffffffff" TextColor="ffffffff" TooltipColor="" Picture="0" IgnoreMouse="1" VScroll="1"/>
            </Control>
        </Control>
        <Control Class="Button" Base="CRB_Basekit:kitBtn_Dropdown_TextBaseHolo2" Font="CRB_InterfaceMedium_B" ButtonType="Check" RadioGroup="" LAnchorPoint="0" LAnchorOffset="30" TAnchorPoint="1" TAnchorOffset="-395" RAnchorPoint="0.5" RAnchorOffset="115" BAnchorPoint="1" BAnchorOffset="-359" DT_VCENTER="1" DT_CENTER="1" TooltipType="OnCursor" Name="ProfileDropdownBtn" BGColor="ffffffff" TextColor="ffffffff" TooltipColor="" NormalTextColor="UI_BtnTextHoloNormal" PressedTextColor="UI_BtnTextHoloPressed" FlybyTextColor="UI_BtnTextHoloFlyby" PressedFlybyTextColor="UI_BtnTextHoloPressedFlyby" DisabledTextColor="UI_BtnTextHoloDisabled" HideInEditor="0" Visible="1" RelativeToClient="1" Text="" TextId="CRB__2"/>
        <Control Class="Window" LAnchorPoint="0" LAnchorOffset="16" TAnchorPoint="1" TAnchorOffset="-416" RAnchorPoint="1" RAnchorOffset="-16" BAnchorPoint="1" BAnchorOffset="-16" RelativeToClient="1" Font="Default" Text="" Template="Default" TooltipType="OnCursor" Name="RenameFrameBG" BGColor="9dffffff" TextColor="ffffffff" TooltipColor="" Sprite="BlackFill" Picture="1" IgnoreMouse="1" NewControlDepth="10" Visible="0" HideInEditor="1" CloseOnExternalClick="1">
            <Control Class="Window" LAnchorPoint="1" LAnchorOffset="-185" TAnchorPoint="0" TAnchorOffset="61" RAnchorPoint="1" RAnchorOffset="-11" BAnchorPoint="0" BAnchorOffset="161" RelativeToClient="1" Font="Default" Text="" Template="Default" TooltipType="OnCursor" Name="RenameFrameBox" BGColor="ffffffff" TextColor="ffffffff" TooltipColor="" Picture="1" IgnoreMouse="1" Sprite="CRB_Basekit:kitBase_HoloBlue_SmallGreenCorners" NewControlDepth="1" CloseOnExternalClick="0" Visible="1" Tooltip="" HideInEditor="0" NoClip="1">
                <Control Class="EditBox" LAnchorPoint="0" LAnchorOffset="18" TAnchorPoint="1" TAnchorOffset="-67" RAnchorPoint="1" RAnchorOffset="-18" BAnchorPoint="1" BAnchorOffset="-47" RelativeToClient="1" Font="CRB_InterfaceSmall" Text="" Template="Default" TooltipType="OnCursor" Name="RenameFrameEditBox" BGColor="ffffffff" TextColor="ffffffff" TooltipColor="" PromptText="Scan Bot" DT_VCENTER="1" Tooltip="" PromptFont="CRB_InterfaceSmall">
                    <Event Name="EditBoxChanged" Function="OnRenameFrameEditBoxChanged"/>
                    <Event Name="EditBoxChanging" Function="OnRenameFrameEditBoxChanged"/>
                </Control>
                <Control Class="Button" Base="CRB_Basekit:kitBtn_Holo" Font="CRB_InterfaceSmall_O" ButtonType="PushButton" RadioGroup="" LAnchorPoint="0.5" LAnchorOffset="-40" TAnchorPoint="1" TAnchorOffset="-38" RAnchorPoint="0.5" RAnchorOffset="40" BAnchorPoint="1" BAnchorOffset="-12" DT_VCENTER="1" DT_CENTER="1" TooltipType="OnCursor" Name="RenameFrameUpdate" BGColor="ffffffff" TextColor="ffffffff" TooltipColor="" NormalTextColor="UI_BtnTextHoloNormal" PressedTextColor="UI_BtnTextHoloPressed" FlybyTextColor="UI_BtnTextHoloFlyby" PressedFlybyTextColor="UI_BtnTextHoloPressedFlyby" DisabledTextColor="UI_BtnTextHoloDisabled" Text="" TextId="CRB_Update">
                    <Event Name="ButtonSignal" Function="OnRenameFrameUpdate"/>
                </Control>
                <Control Class="Button" Base="CRB_Basekit:kitBtn_Holo_Close" Font="Thick" ButtonType="PushButton" RadioGroup="" LAnchorPoint="1" LAnchorOffset="-26" TAnchorPoint="0" TAnchorOffset="5" RAnchorPoint="1" RAnchorOffset="-5" BAnchorPoint="0" BAnchorOffset="26" DT_VCENTER="1" DT_CENTER="1" TooltipType="OnCursor" Name="RenameFrameCancel" BGColor="ffffffff" TextColor="ffffffff" TooltipColor="" NormalTextColor="ffffffff" PressedTextColor="ffffffff" FlybyTextColor="ffffffff" PressedFlybyTextColor="ffffffff" DisabledTextColor="ffffffff" Text="">
                    <Event Name="ButtonSignal" Function="OnRenameFrameCancel"/>
                </Control>
                <Pixie LAnchorPoint="0" LAnchorOffset="12" TAnchorPoint="0" TAnchorOffset="7" RAnchorPoint="1" RAnchorOffset="-12" BAnchorPoint="0" BAnchorOffset="27" BGColor="ffffffff" Font="CRB_InterfaceSmall" TextColor="ffffffff" Text="" TextId="Scientist_RenameFrameLabel" DT_CENTER="0" Line="0"/>
                <Pixie LAnchorPoint="0" LAnchorOffset="8" TAnchorPoint="1" TAnchorOffset="-72" RAnchorPoint="1" RAnchorOffset="-8" BAnchorPoint="1" BAnchorOffset="-42" BGColor="ffffffff" Font="Default" TextColor="ffffffff" Text="" Sprite="CRB_Basekit:kitInnerFrame_Holo_InputBox" Line="0"/>
                <Control Class="Window" LAnchorPoint="1" LAnchorOffset="-153" TAnchorPoint="1" TAnchorOffset="-37" RAnchorPoint="1" RAnchorOffset="-129" BAnchorPoint="1" BAnchorOffset="-13" RelativeToClient="1" Font="Default" Text="" Template="Default" TooltipType="OnCursor" Name="RenameValidAlert" BGColor="ffffffff" TextColor="ffffffff" TooltipColor="" Picture="1" IgnoreMouse="1" Sprite="CRB_Basekit:kitIcon_NewDisabled" Tooltip="" Visible="0" TooltipFont="CRB_InterfaceSmall_O" TooltipId="CRB_ThereIsInvalidInput" NewControlDepth="1"/>
            </Control>
        </Control>
        <Control Class="Button" Base="CRB_Basekit:kitBtn_Close" Font="Thick" ButtonType="PushButton" RadioGroup="" LAnchorPoint="1" LAnchorOffset="-32" TAnchorPoint="0" TAnchorOffset="5" RAnchorPoint="1" RAnchorOffset="-5" BAnchorPoint="0" BAnchorOffset="34" DT_VCENTER="1" DT_CENTER="1" TooltipType="OnCursor" Name="CloseBtn" BGColor="ffffffff" TextColor="ffffffff" TooltipColor="" NormalTextColor="ffffffff" PressedTextColor="ffffffff" FlybyTextColor="ffffffff" PressedFlybyTextColor="ffffffff" DisabledTextColor="ffffffff">
            <Event Name="ButtonSignal" Function="OnCloseBtn"/>
        </Control>
        <Pixie LAnchorPoint="0" LAnchorOffset="12" TAnchorPoint="0" TAnchorOffset="38" RAnchorPoint="1" RAnchorOffset="-12" BAnchorPoint="1" BAnchorOffset="-7" BGColor="ffffffff" Font="Default" TextColor="ffffffff" Text="" Sprite="CRB_Basekit:kitBase_HoloHexes_Small" Line="0"/>
        <Control Class="Window" LAnchorPoint="0" LAnchorOffset="15" TAnchorPoint="0" TAnchorOffset="12" RAnchorPoint="1" RAnchorOffset="-16" BAnchorPoint="1" BAnchorOffset="-413" RelativeToClient="1" Font="CRB_HeaderSmall" Text="" Template="Default" TooltipType="OnCursor" Name="BGHeaderText" BGColor="ffffffff" TextColor="UI_TextHoloTitle" TooltipColor="" TextId="ScientistMission_BotCustomizationHeader" DT_CENTER="1" DT_VCENTER="1"/>
        <Pixie LAnchorPoint="0" LAnchorOffset="16" TAnchorPoint="0" TAnchorOffset="12" RAnchorPoint="1" RAnchorOffset="-16" BAnchorPoint="0" BAnchorOffset="48" BGColor="ffffffff" Font="Default" TextColor="ffffffff" Text="" TextId="" Sprite="CRB_Basekit:kitHeader_HoloLines_Title" Line="0"/>
        <Pixie LAnchorPoint="0" LAnchorOffset="0" TAnchorPoint="0" TAnchorOffset="0" RAnchorPoint="1" RAnchorOffset="0" BAnchorPoint="1" BAnchorOffset="0" BGColor="ffffffff" Font="Default" TextColor="ffffffff" Text="" Sprite="CRB_Basekit:kitInnerFrame_MetalGrey_Medium" Line="0"/>
        <Pixie LAnchorPoint="0" LAnchorOffset="30" TAnchorPoint="1" TAnchorOffset="-350" RAnchorPoint="0" RAnchorOffset="250" BAnchorPoint="1" BAnchorOffset="-314" BGColor="ffffffff" Font="CRB_InterfaceMedium_O" TextColor="UI_TextHoloBodyHighlight" Text="" TextId="CRB_Preview" DT_CENTER="1" DT_VCENTER="1" Line="0"/>
    </Form>
    <Form Class="Button" Base="CRB_Basekit:kitBtn_List_Holo" Font="CRB_InterfaceMedium_B" ButtonType="Check" RadioGroup="" LAnchorPoint="0" LAnchorOffset="0" TAnchorPoint="0" TAnchorOffset="0" RAnchorPoint="1" RAnchorOffset="-13" BAnchorPoint="0" BAnchorOffset="40" DT_VCENTER="1" DT_CENTER="1" TooltipType="OnCursor" Name="PickProfileBtn" BGColor="ffffffff" TextColor="ffffffff" TooltipColor="" NormalTextColor="UI_BtnTextHoloNormal" PressedTextColor="UI_BtnTextHoloPressed" FlybyTextColor="UI_BtnTextHoloFlyby" PressedFlybyTextColor="UI_BtnTextHoloPressedFlyby" DisabledTextColor="UI_BtnTextHoloDisabled" Text="" TextId="CRB__2" RadioDisallowNonSelection="1" GlobalRadioGroup="PathScientistCustomize_PickProfileBtn_GlobalRadioGroup" DT_WORDBREAK="1" Tooltip="" TooltipFont="CRB_InterfaceSmall_O" TooltipId="ScientistMission_SwitchProfile">
        <Event Name="ButtonCheck" Function="OnPickProfileBtn"/>
    </Form>
    <Form Class="Window" LAnchorPoint="0" LAnchorOffset="0" TAnchorPoint="0" TAnchorOffset="0" RAnchorPoint="0" RAnchorOffset="50" BAnchorPoint="0" BAnchorOffset="50" RelativeToClient="1" Font="Default" Text="" Template="Default" TooltipType="OnCursor" Name="CurrentFlairItem" BGColor="9d31fcf6" TextColor="ffffffff" TooltipColor="" TooltipFont="CRB_InterfaceSmall_O" Picture="1" Overlapped="1" Sprite="" Tooltip="">
        <Control Class="Button" Base="CRB_Basekit:kitBtn_Holo_Large" Font="Thick" ButtonType="PushButton" RadioGroup="" LAnchorPoint="0" LAnchorOffset="4" TAnchorPoint="0" TAnchorOffset="4" RAnchorPoint="1" RAnchorOffset="-4" BAnchorPoint="1" BAnchorOffset="-4" DT_VCENTER="1" DT_CENTER="1" TooltipType="OnCursor" Name="CurrentFlairBtn" BGColor="ffffffff" TextColor="ffffffff" TooltipColor="" NormalTextColor="ffffffff" PressedTextColor="ffffffff" FlybyTextColor="ffffffff" PressedFlybyTextColor="ffffffff" DisabledTextColor="ffffffff" TooltipFont="CRB_InterfaceSmall_O" RelativeToClient="1" IgnoreMouse="1">
            <Event Name="ButtonSignal" Function="OnCurrentFlairBtn"/>
            <Control Class="Window" LAnchorPoint="0.5" LAnchorOffset="-16" TAnchorPoint="0.5" TAnchorOffset="-16" RAnchorPoint="0.5" RAnchorOffset="16" BAnchorPoint="0.5" BAnchorOffset="16" RelativeToClient="1" Font="Default" Text="" Template="Default" TooltipType="OnCursor" Name="CurrentFlairMouseOver" BGColor="ffff0000" TextColor="ffffffff" TooltipColor="" Picture="1" IgnoreMouse="1" Sprite="ClientSprites:LootCloseBox" NewControlDepth="1" Visible="0" TooltipFont="Default" Tooltip="" TooltipId="" HideInEditor="0"/>
        </Control>
        <Control Class="Window" LAnchorPoint="0.5" LAnchorOffset="-16" TAnchorPoint="0.5" TAnchorOffset="-16" RAnchorPoint="0.5" RAnchorOffset="16" BAnchorPoint="0.5" BAnchorOffset="16" RelativeToClient="1" Font="Default" Text="" Template="Default" TooltipType="OnCursor" Name="CurrentFlairIcon" BGColor="ffffffff" TextColor="ffffffff" TooltipColor="" Picture="1" IgnoreMouse="1" Sprite="" NewControlDepth="1"/>
        <Control Class="Window" LAnchorPoint="0" LAnchorOffset="-2" TAnchorPoint="0" TAnchorOffset="-2" RAnchorPoint="1" RAnchorOffset="2" BAnchorPoint="1" BAnchorOffset="2" RelativeToClient="1" Font="Default" Text="" Template="Default" TooltipType="OnCursor" Name="CurrentFlairAvailable" BGColor="ffffffff" TextColor="ffffffff" TooltipColor="" Picture="1" IgnoreMouse="1" Sprite="CRB_Basekit:kitAccent_Frame_BlueStroke" TooltipFont="CRB_InterfaceSmall_O" Tooltip="" TooltipId="" HideInEditor="0"/>
        <Control Class="Window" LAnchorPoint="0" LAnchorOffset="0" TAnchorPoint="0" TAnchorOffset="0" RAnchorPoint="1" RAnchorOffset="0" BAnchorPoint="1" BAnchorOffset="0" RelativeToClient="1" Font="Default" Text="" Template="Default" TooltipType="OnCursor" Name="CurrentFlairMouseCatcher" BGColor="ffffffff" TextColor="ffffffff" TooltipColor="" NewControlDepth="1">
            <Event Name="MouseEnter" Function="OnCurrentFlairMouseEnter"/>
            <Event Name="MouseExit" Function="OnCurrentFlairMouseExit"/>
        </Control>
    </Form>
    <Form Class="Window" LAnchorPoint="0" LAnchorOffset="0" TAnchorPoint="0" TAnchorOffset="0" RAnchorPoint="1" RAnchorOffset="0" BAnchorPoint="0" BAnchorOffset="40" RelativeToClient="1" Font="Default" Text="" Template="Default" TooltipType="OnCursor" Name="FlairItem" Picture="1" Overlapped="1" BGColor="ffffffff" TextColor="ffffffff" TooltipColor="" IgnoreMouse="1">
        <Control Class="Button" Base="CRB_Basekit:kitBtn_Holo_Large" Font="Thick" ButtonType="Check" RadioGroup="" LAnchorPoint="0" LAnchorOffset="0" TAnchorPoint="0" TAnchorOffset="0" RAnchorPoint="1" RAnchorOffset="0" BAnchorPoint="1" BAnchorOffset="0" DT_VCENTER="1" DT_CENTER="1" TooltipType="OnCursor" Name="FlairItemBtn" BGColor="ffffffff" TextColor="ffffffff" TooltipColor="" NormalTextColor="ffffffff" PressedTextColor="ffffffff" FlybyTextColor="ffffffff" PressedFlybyTextColor="ffffffff" DisabledTextColor="ffffffff" RelativeToClient="1" TooltipFont="CRB_InterfaceSmall_O" IgnoreTooltipDelay="1">
            <Control Class="Window" LAnchorPoint="0" LAnchorOffset="7" TAnchorPoint="0" TAnchorOffset="7" RAnchorPoint="0" RAnchorOffset="33" BAnchorPoint="1" BAnchorOffset="-7" RelativeToClient="1" Font="Default" Text="" Template="Default" TooltipType="OnCursor" Name="FlairItemIcon" BGColor="ffffffff" TextColor="ffffffff" TooltipColor="" Picture="1" IgnoreMouse="1" Sprite="ClientSprites:Icon_ItemMisc_UI_Item_Crafting_PowerCore_Blue" NewControlDepth="1"/>
            <Control Class="Window" LAnchorPoint="0" LAnchorOffset="37" TAnchorPoint="0" TAnchorOffset="7" RAnchorPoint="1" RAnchorOffset="-7" BAnchorPoint="1" BAnchorOffset="-7" RelativeToClient="1" Font="CRB_InterfaceSmall_O" Text="" Template="Default" TooltipType="OnCursor" Name="FlairItemName" BGColor="ffffffff" TextColor="UI_TextHoloBody" TooltipColor="" DT_VCENTER="1" TextId="CRB__2"/>
            <Event Name="ButtonCheck" Function="OnFlairItemCheck"/>
            <Event Name="ButtonUncheck" Function="OnFlairItemUncheck"/>
        </Control>
    </Form>
</Forms>
