<?xml version="1.0" encoding="UTF-8" standalone="yes" ?>
<Forms>
    <Form Class="Window" LAnchorPoint="0.5" LAnchorOffset="-395" TAnchorPoint="0" TAnchorOffset="0" RAnchorPoint="0.5" RAnchorOffset="395" BAnchorPoint="0.95" BAnchorOffset="0" RelativeToClient="1" Font="Default" Text="" Template="Default" Name="MarketplaceCommodityForm" Moveable="1" Escapable="1" BGColor="ffffffff" TextColor="ffffffff" TooltipColor="" Tooltip="" TextId="" Sizable="1" Overlapped="1">
        <Control Class="Window" LAnchorPoint="0" LAnchorOffset="290" TAnchorPoint="0" TAnchorOffset="170" RAnchorPoint="1" RAnchorOffset="-25" BAnchorPoint="1" BAnchorOffset="-25" RelativeToClient="1" Font="Default" Text="" Template="Default" TooltipType="OnCursor" Name="Pixie" BGColor="ffffffff" TextColor="ffffffff" TooltipColor="" Sprite="CRB_Basekit:kitBase_HoloTeal_NoBorder" Picture="1" IgnoreMouse="1" NewControlDepth="1"/>
        <Control Class="Window" LAnchorPoint="0" LAnchorOffset="288" TAnchorPoint="0" TAnchorOffset="120" RAnchorPoint="1" RAnchorOffset="-16" BAnchorPoint="0" BAnchorOffset="170" RelativeToClient="1" Font="Default" Text="" Template="Default" TooltipType="OnCursor" Name="Pixie" BGColor="ffffffff" TextColor="ffffffff" TooltipColor="" Sprite="CRB_Basekit:kitFooter_MetalGrey_Square" Picture="1" IgnoreMouse="1" NewControlDepth="1"/>
        <Control Class="Window" LAnchorPoint="0" LAnchorOffset="265" TAnchorPoint="0" TAnchorOffset="120" RAnchorPoint="0" RAnchorOffset="288" BAnchorPoint="1" BAnchorOffset="-75" RelativeToClient="1" Font="Default" Text="" Template="Default" TooltipType="OnCursor" Name="Pixie" BGColor="ffffffff" TextColor="ffffffff" TooltipColor="" Sprite="CRB_QuestLog:sprQuestLog_Metal_VerticalDivider" Picture="1" IgnoreMouse="1"/>
        <Control Class="Window" LAnchorPoint="0" LAnchorOffset="290" TAnchorPoint="0" TAnchorOffset="170" RAnchorPoint="1" RAnchorOffset="-25" BAnchorPoint="1" BAnchorOffset="-80" RelativeToClient="1" Font="CRB_InterfaceMedium_O" Text="" Template="CRB_Scroll_HoloLarge" TooltipType="OnCursor" Name="MainScrollContainer" BGColor="ffffffff" TextColor="UI_TextHoloBodyHighlight" TooltipColor="" VScroll="1" IgnoreMouse="1" DT_CENTER="1" DT_VCENTER="1" TextId="Challenges_NoProgress" Tooltip=""/>
        <Control Class="Window" LAnchorPoint="0" LAnchorOffset="25" TAnchorPoint="0" TAnchorOffset="120" RAnchorPoint="0" RAnchorOffset="266" BAnchorPoint="1" BAnchorOffset="-80" RelativeToClient="1" Font="Default" Text="" Template="CRB_Scroll_MetalLarge" TooltipType="OnCursor" Name="MainCategoryContainer" BGColor="ffffffff" TextColor="ffffffff" TooltipColor="" VScroll="1" IgnoreMouse="1" Visible="1"/>
        <Control Class="Window" LAnchorPoint="0" LAnchorOffset="25" TAnchorPoint="0" TAnchorOffset="120" RAnchorPoint="0" RAnchorOffset="266" BAnchorPoint="1" BAnchorOffset="-80" RelativeToClient="1" Font="Default" Text="" Template="Default" TooltipType="OnCursor" Name="MainCategorySellBlocker" BGColor="ffffffff" TextColor="ffffffff" TooltipColor="" Picture="1" IgnoreMouse="1" Sprite="CRB_Basekit:kitBtn_List_MetalBorderNormal" NewControlDepth="4" HideInEditor="1"/>
        <Control Class="Button" Base="CRB_Basekit:kitBtn_Holo" Font="CRB_InterfaceMedium_O" ButtonType="PushButton" RadioGroup="" LAnchorPoint="0" LAnchorOffset="430" TAnchorPoint="0.5" TAnchorOffset="60" RAnchorPoint="1" RAnchorOffset="-185" BAnchorPoint="0.5" BAnchorOffset="105" DT_VCENTER="1" DT_CENTER="1" TooltipType="OnCursor" Name="EmptyListShowAllBtn" BGColor="ffffffff" TextColor="ffffffff" TooltipColor="" NormalTextColor="UI_BtnTextHoloNormal" PressedTextColor="UI_BtnTextHoloPressed" FlybyTextColor="UI_BtnTextHoloFlyby" PressedFlybyTextColor="UI_BtnTextHoloPressedFlyby" DisabledTextColor="UI_BtnTextHoloDisabled" Text="" TextId="MarketplaceCommodity_ViewUnavailableItems" Visible="0" HideInEditor="0">
            <Event Name="ButtonSignal" Function="OnEmptyListShowAllBtn"/>
        </Control>
        <Control Class="Window" LAnchorPoint="0" LAnchorOffset="290" TAnchorPoint="0" TAnchorOffset="120" RAnchorPoint="1" RAnchorOffset="-240" BAnchorPoint="0" BAnchorOffset="170" RelativeToClient="1" Font="Default" Text="" Template="Default" TooltipType="OnCursor" Name="SearchContainer" BGColor="ffffffff" TextColor="ffffffff" TooltipColor="" Picture="1" IgnoreMouse="1" Sprite="" NewControlDepth="1" Tooltip="">
            <Control Class="Button" Base="CRB_Basekit:kitBtn_ListHeader_Top" Font="Thick" ButtonType="PushButton" RadioGroup="" LAnchorPoint="1" LAnchorOffset="-39" TAnchorPoint="0" TAnchorOffset="11" RAnchorPoint="1" RAnchorOffset="-11" BAnchorPoint="1" BAnchorOffset="-11" DT_VCENTER="1" DT_CENTER="1" TooltipType="OnCursor" Name="SearchCommitBtn" BGColor="ffffffff" TextColor="ffffffff" TooltipColor="" NormalTextColor="ffffffff" PressedTextColor="ffffffff" FlybyTextColor="ffffffff" PressedFlybyTextColor="ffffffff" DisabledTextColor="ffffffff" TooltipFont="CRB_InterfaceSmall_O" Tooltip="" TooltipId="MarketplaceCommodity_ClickToSearch">
                <Event Name="ButtonSignal" Function="OnSearchCommitBtn"/>
                <Pixie LAnchorPoint="0" LAnchorOffset="4" TAnchorPoint="0" TAnchorOffset="4" RAnchorPoint="1" RAnchorOffset="-4" BAnchorPoint="1" BAnchorOffset="-4" BGColor="ffffffff" Font="Default" TextColor="ffffffff" Text="" Sprite="ClientSprites:Icon_Mission_Explorer_ScavengerHunt" Line="0"/>
            </Control>
            <Control Class="EditBox" LAnchorPoint="0" LAnchorOffset="20" TAnchorPoint="0.5" TAnchorOffset="-13" RAnchorPoint="1" RAnchorOffset="-62" BAnchorPoint="0.5" BAnchorOffset="13" RelativeToClient="1" Font="CRB_InterfaceMedium_B" Text="" Template="Default" Name="SearchEditBox" BGColor="ffffffff" TextColor="ffffffff" TextId="" DT_VCENTER="1" PromptTextId="CRB_Search" PromptFont="CRB_InterfaceMedium" ClearOnEscape="0" TooltipColor="" Tooltip="">
                <Event Name="EditBoxChanged" Function="OnSearchEditBoxChanged"/>
                <Event Name="WindowLostFocus" Function="OnSearchCommitBtn"/>
                <Event Name="EditBoxReturn" Function="OnSearchCommitBtn"/>
            </Control>
            <Control Class="Button" Base="CRB_Basekit:kitBtn_Holo_Close" Font="Thick" ButtonType="PushButton" RadioGroup="" LAnchorPoint="1" LAnchorOffset="-62" TAnchorPoint="0" TAnchorOffset="15" RAnchorPoint="1" RAnchorOffset="-41" BAnchorPoint="1" BAnchorOffset="-14" DT_VCENTER="1" DT_CENTER="1" TooltipType="OnCursor" Name="SearchClearBtn" BGColor="ffffffff" TextColor="ffffffff" TooltipColor="" NormalTextColor="ffffffff" PressedTextColor="ffffffff" FlybyTextColor="ffffffff" PressedFlybyTextColor="ffffffff" DisabledTextColor="ffffffff" Visible="0" Tooltip="" TooltipId="Tradeskills_ClearSearch" RelativeToClient="1" TooltipFont="CRB_InterfaceSmall_O">
                <Event Name="ButtonSignal" Function="OnSearchClearBtn"/>
            </Control>
            <Control Class="Window" LAnchorPoint="0" LAnchorOffset="0" TAnchorPoint="0" TAnchorOffset="0" RAnchorPoint="1" RAnchorOffset="0" BAnchorPoint="1" BAnchorOffset="0" RelativeToClient="1" Font="Default" Text="" Template="Default" TooltipType="OnCursor" Name="SearchFrame" BGColor="ffffffff" TextColor="ffffffff" TooltipColor="" Sprite="CRB_Basekit:kitInnerFrame_MetalGrey_Small" Picture="1" IgnoreMouse="1" NewControlDepth="1"/>
        </Control>
        <Control Class="Window" LAnchorPoint="1" LAnchorOffset="-228" TAnchorPoint="0" TAnchorOffset="117" RAnchorPoint="1" RAnchorOffset="-26" BAnchorPoint="0" BAnchorOffset="580" RelativeToClient="1" Font="Default" Text="" Template="Default" TooltipType="OnCursor" Name="FilterContainer" BGColor="ffffffff" TextColor="ffffffff" TooltipColor="" HideInEditor="0">
            <Control Class="Window" LAnchorPoint="0" LAnchorOffset="0" TAnchorPoint="0" TAnchorOffset="42" RAnchorPoint="1" RAnchorOffset="0" BAnchorPoint="1" BAnchorOffset="0" RelativeToClient="1" Font="Default" Text="" Template="Default" TooltipType="OnCursor" Name="FilterOptionsContainer" BGColor="ffffffff" TextColor="ffffffff" TooltipColor="" Picture="1" IgnoreMouse="1" Sprite="" NewControlDepth="5" Visible="0" CloseOnExternalClick="1" HideInEditor="0" Tooltip="">
                <Pixie LAnchorPoint="0" LAnchorOffset="8" TAnchorPoint="0" TAnchorOffset="8" RAnchorPoint="1" RAnchorOffset="-8" BAnchorPoint="1" BAnchorOffset="-8" BGColor="ffffffff" Font="Default" TextColor="ffffffff" Text="" Sprite="CRB_Basekit:kitBase_MetalGrey_Tiny" Line="0"/>
                <Pixie LAnchorPoint="0" LAnchorOffset="0" TAnchorPoint="0" TAnchorOffset="0" RAnchorPoint="1" RAnchorOffset="0" BAnchorPoint="1" BAnchorOffset="0" BGColor="ffffffff" Font="Default" TextColor="ffffffff" Text="" Sprite="CRB_Basekit:kitInnerFrame_MetalGold_Plain" Line="0"/>
                <Control Class="Button" Base="CRB_Basekit:kitBtn_List_MetalContextMenu" Font="CRB_InterfaceSmall_O" ButtonType="Check" RadioGroup="" LAnchorPoint="0" LAnchorOffset="20" TAnchorPoint="0" TAnchorOffset="34" RAnchorPoint="1" RAnchorOffset="-20" BAnchorPoint="0" BAnchorOffset="64" DT_VCENTER="1" DT_CENTER="1" TooltipType="OnCursor" Name="FilterOptionsShowAll" BGColor="ffffffff" TextColor="ffffffff" TooltipColor="" NormalTextColor="UI_BtnTextGoldListNormal" PressedTextColor="UI_BtnTextGoldListPressed" FlybyTextColor="UI_BtnTextGoldListFlyby" PressedFlybyTextColor="UI_BtnTextGoldListPressedFlyby" DisabledTextColor="UI_BtnTextGoldListDisabled" Text="" TextId="MarketplaceCommodity_ShowAvailableOnly">
                    <Control Class="Window" LAnchorPoint="0" LAnchorOffset="0" TAnchorPoint="0" TAnchorOffset="4" RAnchorPoint="0" RAnchorOffset="22" BAnchorPoint="1" BAnchorOffset="-4" RelativeToClient="1" Font="Default" Text="" Template="Default" TooltipType="OnCursor" Name="FilterOptionsShowAllCheck" BGColor="ffffffff" TextColor="ffffffff" TooltipColor="" Picture="1" IgnoreMouse="1" Sprite="sprCharC_NameCheckYes" NewControlDepth="1"/>
                    <Event Name="ButtonCheck" Function="OnFilterOptionsShowAllToggle"/>
                    <Event Name="ButtonUncheck" Function="OnFilterOptionsShowAllToggle"/>
                </Control>
                <Control Class="Window" LAnchorPoint="0" LAnchorOffset="16" TAnchorPoint="1" TAnchorOffset="-340" RAnchorPoint="0.5" RAnchorOffset="-8" BAnchorPoint="1" BAnchorOffset="-290" RelativeToClient="1" Font="Default" Text="" Template="Default" TooltipType="OnCursor" Name="FilterOptionsLevelMinContainer" BGColor="ffffffff" TextColor="ffffffff" TooltipColor="" Sprite="CRB_Basekit:kitInnerFrame_MetalGold_Small" Picture="1" IgnoreMouse="1">
                    <Control Class="Button" Base="OldMetalSprites:OldMetalUpButton" Font="Thick" ButtonType="PushButton" RadioGroup="" LAnchorPoint="1" LAnchorOffset="-23" TAnchorPoint="0" TAnchorOffset="11" RAnchorPoint="1" RAnchorOffset="0" BAnchorPoint="0.5" BAnchorOffset="0" DT_VCENTER="1" DT_CENTER="1" TooltipType="OnCursor" Name="FilterOptionsLevelUpBtn" BGColor="ffffffff" TextColor="ffffffff" TooltipColor="" NormalTextColor="ffffffff" PressedTextColor="ffffffff" FlybyTextColor="ffffffff" PressedFlybyTextColor="ffffffff" DisabledTextColor="ffffffff" Tooltip="" TooltipId="">
                        <Event Name="ButtonSignal" Function="OnFilterOptionsLevelUpBtn"/>
                    </Control>
                    <Control Class="Button" Base="OldMetalSprites:OldMetalDownButton" Font="Thick" ButtonType="PushButton" RadioGroup="" LAnchorPoint="1" LAnchorOffset="-23" TAnchorPoint="1" TAnchorOffset="-22" RAnchorPoint="1" RAnchorOffset="0" BAnchorPoint="1" BAnchorOffset="0" DT_VCENTER="1" DT_CENTER="1" TooltipType="OnCursor" Name="FilterOptionsLevelDownBtn" BGColor="ffffffff" TextColor="ffffffff" TooltipColor="" NormalTextColor="ffffffff" PressedTextColor="ffffffff" FlybyTextColor="ffffffff" PressedFlybyTextColor="ffffffff" DisabledTextColor="ffffffff" Tooltip="" TooltipId="">
                        <Event Name="ButtonSignal" Function="OnFilterOptionsLevelDownBtn"/>
                    </Control>
                    <Control Class="EditBox" LAnchorPoint="0" LAnchorOffset="16" TAnchorPoint="0" TAnchorOffset="12" RAnchorPoint="1" RAnchorOffset="-24" BAnchorPoint="1" BAnchorOffset="-8" RelativeToClient="1" Font="CRB_InterfaceMedium_B" Text="" Template="Default" TooltipType="OnCursor" Name="FilterOptionsLevelEditBox" BGColor="ffffffff" TextColor="ffffffff" TooltipColor="" DT_VCENTER="1" TextId="">
                        <Event Name="EditBoxChanged" Function="OnFilterEditBoxChanged"/>
                        <Event Name="EditBoxReturn" Function="OnRefreshBtn"/>
                    </Control>
                </Control>
                <Control Class="Window" LAnchorPoint="0.5" LAnchorOffset="8" TAnchorPoint="1" TAnchorOffset="-340" RAnchorPoint="1" RAnchorOffset="-16" BAnchorPoint="1" BAnchorOffset="-290" RelativeToClient="1" Font="Default" Text="" Template="Default" TooltipType="OnCursor" Name="FilterOptionsLevelMaxContainer" BGColor="ffffffff" TextColor="ffffffff" TooltipColor="" Sprite="CRB_Basekit:kitInnerFrame_MetalGold_Small" Picture="1" IgnoreMouse="1">
                    <Control Class="Button" Base="OldMetalSprites:OldMetalUpButton" Font="Thick" ButtonType="PushButton" RadioGroup="" LAnchorPoint="1" LAnchorOffset="-23" TAnchorPoint="0" TAnchorOffset="11" RAnchorPoint="1" RAnchorOffset="0" BAnchorPoint="0.5" BAnchorOffset="0" DT_VCENTER="1" DT_CENTER="1" TooltipType="OnCursor" Name="FilterOptionsLevelUpBtn" BGColor="ffffffff" TextColor="ffffffff" TooltipColor="" NormalTextColor="ffffffff" PressedTextColor="ffffffff" FlybyTextColor="ffffffff" PressedFlybyTextColor="ffffffff" DisabledTextColor="ffffffff" Tooltip="" TooltipId="">
                        <Event Name="ButtonSignal" Function="OnFilterOptionsLevelUpBtn"/>
                    </Control>
                    <Control Class="Button" Base="OldMetalSprites:OldMetalDownButton" Font="Thick" ButtonType="PushButton" RadioGroup="" LAnchorPoint="1" LAnchorOffset="-23" TAnchorPoint="1" TAnchorOffset="-22" RAnchorPoint="1" RAnchorOffset="0" BAnchorPoint="1" BAnchorOffset="0" DT_VCENTER="1" DT_CENTER="1" TooltipType="OnCursor" Name="FilterOptionsLevelDownBtn" BGColor="ffffffff" TextColor="ffffffff" TooltipColor="" NormalTextColor="ffffffff" PressedTextColor="ffffffff" FlybyTextColor="ffffffff" PressedFlybyTextColor="ffffffff" DisabledTextColor="ffffffff" Tooltip="" TooltipId="">
                        <Event Name="ButtonSignal" Function="OnFilterOptionsLevelDownBtn"/>
                    </Control>
                    <Control Class="EditBox" LAnchorPoint="0" LAnchorOffset="16" TAnchorPoint="0" TAnchorOffset="12" RAnchorPoint="1" RAnchorOffset="-24" BAnchorPoint="1" BAnchorOffset="-8" RelativeToClient="1" Font="CRB_InterfaceMedium_B" Text="" Template="Default" TooltipType="OnCursor" Name="FilterOptionsLevelEditBox" BGColor="ffffffff" TextColor="ffffffff" TooltipColor="" DT_VCENTER="1" TextId="">
                        <Event Name="EditBoxChanged" Function="OnFilterEditBoxChanged"/>
                        <Event Name="EditBoxReturn" Function="OnRefreshBtn"/>
                    </Control>
                </Control>
                <Control Class="Window" LAnchorPoint="0" LAnchorOffset="20" TAnchorPoint="1" TAnchorOffset="-266" RAnchorPoint="1" RAnchorOffset="-20" BAnchorPoint="1" BAnchorOffset="-56" RelativeToClient="1" Font="Default" Text="" Template="Default" TooltipType="OnCursor" Name="FilterOptionsRarityList" BGColor="ffffffff" TextColor="ffffffff" TooltipColor=""/>
                <Control Class="Button" Base="CRB_Basekit:kitBtn_List_MetalContextMenu" Font="CRB_InterfaceMedium_B" ButtonType="PushButton" RadioGroup="" LAnchorPoint="0" LAnchorOffset="20" TAnchorPoint="1" TAnchorOffset="-48" RAnchorPoint="1" RAnchorOffset="-20" BAnchorPoint="1" BAnchorOffset="-16" DT_VCENTER="1" DT_CENTER="1" TooltipType="OnCursor" Name="FilterOptionsRefreshBtn" BGColor="ffffffff" TextColor="ffffffff" TooltipColor="" NormalTextColor="UI_BtnTextGoldListNormal" PressedTextColor="UI_BtnTextGoldListPressed" FlybyTextColor="UI_BtnTextGoldListFlyby" PressedFlybyTextColor="UI_BtnTextGoldListPressedFlyby" DisabledTextColor="UI_BtnTextGoldListDisabled" Text="" TextId="CRB_Refresh" Tooltip="">
                    <Event Name="ButtonSignal" Function="OnRefreshBtn"/>
                </Control>
                <Pixie LAnchorPoint="0" LAnchorOffset="20" TAnchorPoint="1" TAnchorOffset="-286" RAnchorPoint="1" RAnchorOffset="-20" BAnchorPoint="1" BAnchorOffset="-266" BGColor="ffffffff" Font="CRB_InterfaceSmall_O" TextColor="WindowTitleColor" Text="" TextId="MarketplaceCommodity_ItemRarityLabel" Line="0"/>
                <Pixie LAnchorPoint="0" LAnchorOffset="20" TAnchorPoint="1" TAnchorOffset="-352" RAnchorPoint="1" RAnchorOffset="-20" BAnchorPoint="1" BAnchorOffset="-332" BGColor="ffffffff" Font="CRB_InterfaceSmall_O" TextColor="WindowTitleColor" Text="" TextId="MarketplaceCommodity_ItemLevelLabel" Line="0"/>
                <Pixie LAnchorPoint="0" LAnchorOffset="16" TAnchorPoint="1" TAnchorOffset="-340" RAnchorPoint="1" RAnchorOffset="-16" BAnchorPoint="1" BAnchorOffset="-290" BGColor="ffffffff" Font="CRB_InterfaceSmall_O" TextColor="WindowTitleColor" Text="" TextId="MarketplaceAuction_To" DT_CENTER="1" DT_VCENTER="1" Line="0"/>
                <Event Name="WindowClosed" Function="OnFilterOptionsWindowClosed"/>
                <Pixie LAnchorPoint="0" LAnchorOffset="20" TAnchorPoint="0" TAnchorOffset="16" RAnchorPoint="1" RAnchorOffset="-20" BAnchorPoint="0" BAnchorOffset="36" BGColor="ffffffff" Font="CRB_InterfaceSmall_O" TextColor="WindowTitleColor" Text="" TextId="MarketplaceCommodity_ShowColon" Line="0"/>
            </Control>
            <Control Class="Button" Base="CRB_Basekit:kitBtn_Metal_Tab" Font="CRB_InterfaceMedium" ButtonType="Check" RadioGroup="" LAnchorPoint="0.5" LAnchorOffset="-82" TAnchorPoint="0" TAnchorOffset="0" RAnchorPoint="0.5" RAnchorOffset="82" BAnchorPoint="0" BAnchorOffset="54" DT_VCENTER="1" DT_CENTER="1" TooltipType="OnCursor" Name="FilterOptionsBtn" BGColor="ffffffff" TextColor="ffffffff" TooltipColor="" NormalTextColor="UI_BtnTextHoloListNormal" PressedTextColor="ffffffff" FlybyTextColor="ffffffff" PressedFlybyTextColor="ffffffff" DisabledTextColor="ffffffff" RelativeToClient="1" Text="" TextId="MarketplaceCommodity_ViewFilters" NewControlDepth="1" Tooltip="">
                <Event Name="ButtonSignal" Function="YourFunctionName"/>
            </Control>
            <Control Class="Button" Base="CRB_Basekit:kitBtn_Holo_Close" Font="Thick" ButtonType="PushButton" RadioGroup="" LAnchorPoint="0.5" LAnchorOffset="82" TAnchorPoint="0" TAnchorOffset="18" RAnchorPoint="0.5" RAnchorOffset="103" BAnchorPoint="0" BAnchorOffset="39" DT_VCENTER="1" DT_CENTER="1" TooltipType="OnCursor" Name="FilterClearBtn" BGColor="ffffffff" TextColor="ffffffff" TooltipColor="" NormalTextColor="ffffffff" PressedTextColor="ffffffff" FlybyTextColor="ffffffff" PressedFlybyTextColor="ffffffff" DisabledTextColor="ffffffff" Visible="0" TooltipFont="CRB_InterfaceSmall_O" Tooltip="" TooltipId="MarketplaceCommodity_ClearFilters">
                <Event Name="ButtonSignal" Function="OnResetFilterBtn"/>
            </Control>
        </Control>
        <Control Class="Window" LAnchorPoint="0" LAnchorOffset="25" TAnchorPoint="0" TAnchorOffset="170" RAnchorPoint="1" RAnchorOffset="-25" BAnchorPoint="1" BAnchorOffset="-80" RelativeToClient="1" Font="Default" Text="" Template="Default" TooltipType="OnCursor" Name="CommonAlertMessages" BGColor="ffffffff" TextColor="ffffffff" TooltipColor="" NewControlDepth="5" Visible="1" HideInEditor="1" Tooltip="">
            <Control Class="Window" LAnchorPoint="0" LAnchorOffset="263" TAnchorPoint="0" TAnchorOffset="0" RAnchorPoint="1" RAnchorOffset="0" BAnchorPoint="1" BAnchorOffset="0" RelativeToClient="1" Font="Default" Text="" Template="Default" TooltipType="OnCursor" Name="WaitingScreen" BGColor="ffffffff" TextColor="ffffffff" TooltipColor="" Sprite="ClientSprites:BlackFill" Picture="1" IgnoreMouse="1" TransitionShowHide="1" Visible="0" HideInEditor="0" Tooltip="">
                <Pixie LAnchorPoint="0.5" LAnchorOffset="-24" TAnchorPoint="0.5" TAnchorOffset="-47" RAnchorPoint="0.5" RAnchorOffset="23" BAnchorPoint="0.5" BAnchorOffset="0" BGColor="ffffffff" Font="Default" TextColor="ffffffff" Text="" Sprite="CRB_Anim_Spinner:sprAnim_SpinnerSmall" Line="0"/>
                <Pixie LAnchorPoint="0" LAnchorOffset="0" TAnchorPoint="0.5" TAnchorOffset="0" RAnchorPoint="1" RAnchorOffset="0" BAnchorPoint="0.5" BAnchorOffset="28" BGColor="ffffffff" Font="CRB_InterfaceSmall" TextColor="UI_TextMetalBodyHighlight" Text="" TextId="MarketplaceAuction_FetchingResults" DT_CENTER="1" Line="0"/>
            </Control>
            <Control Class="Window" LAnchorPoint="0" LAnchorOffset="263" TAnchorPoint="0" TAnchorOffset="0" RAnchorPoint="1" RAnchorOffset="-20" BAnchorPoint="1" BAnchorOffset="0" RelativeToClient="1" Font="Default" Text="" Template="Default" TooltipType="OnCursor" Name="RefreshAnimation" BGColor="aaffffff" TextColor="ffffffff" TooltipColor="" Picture="1" IgnoreMouse="1" Sprite="" HideInEditor="1"/>
            <Control Class="Window" LAnchorPoint="0" LAnchorOffset="263" TAnchorPoint="0" TAnchorOffset="0" RAnchorPoint="1" RAnchorOffset="0" BAnchorPoint="1" BAnchorOffset="0" RelativeToClient="1" Font="Default" Text="" Template="Default" TooltipType="OnCursor" Name="PostResultNotification" BGColor="ffffffff" TextColor="ffffffff" TooltipColor="" IgnoreMouse="0" TransitionShowHide="1" Visible="0" HideInEditor="0" Sprite="ClientSprites:BlackFill" Picture="1" NewControlDepth="4" Tooltip="" TooltipFont="CRB_InterfaceSmall_O" TooltipId="" IgnoreTooltipDelay="0">
                <Control Class="Window" LAnchorPoint="0.5" LAnchorOffset="-150" TAnchorPoint="0.5" TAnchorOffset="-65" RAnchorPoint="0.5" RAnchorOffset="150" BAnchorPoint="0.5" BAnchorOffset="65" RelativeToClient="1" Font="CRB_InterfaceMedium" Text="" Template="Default" TooltipType="OnCursor" Name="PostResultNotificationBG" BGColor="ffffffff" TextColor="ff7fffb9" TooltipColor="" Picture="1" IgnoreMouse="1" Sprite="CRB_Basekit:kitBase_HoloBlue_Small" DT_CENTER="1" DT_VCENTER="1" TextId="">
                    <Control Class="Window" LAnchorPoint="0" LAnchorOffset="10" TAnchorPoint="0" TAnchorOffset="10" RAnchorPoint="0" RAnchorOffset="74" BAnchorPoint="0" BAnchorOffset="74" RelativeToClient="1" Font="Default" Text="" Template="Default" TooltipType="OnCursor" Name="PostResultNotificationCheck" BGColor="ffffffff" TextColor="ffffffff" TooltipColor="" Sprite="ClientSprites:LootCloseBox" Picture="1" IgnoreMouse="1"/>
                    <Control Class="Window" LAnchorPoint="0" LAnchorOffset="74" TAnchorPoint="0" TAnchorOffset="16" RAnchorPoint="1" RAnchorOffset="0" BAnchorPoint="0" BAnchorOffset="36" RelativeToClient="1" Font="CRB_InterfaceMedium_B" Text="" Template="Default" TooltipType="OnCursor" Name="PostResultNotificationLabel" BGColor="ffffffff" TextColor="ffb80000" TooltipColor="" TextId="CombatFloaterType_Error" DT_CENTER="0"/>
                    <Control Class="Window" LAnchorPoint="0" LAnchorOffset="74" TAnchorPoint="0" TAnchorOffset="32" RAnchorPoint="1" RAnchorOffset="-16" BAnchorPoint="1" BAnchorOffset="-16" RelativeToClient="1" Font="CRB_InterfaceMedium" Text="" Template="Default" TooltipType="OnCursor" Name="PostResultNotificationSubText" BGColor="ffffffff" TextColor="ffffffff" TooltipColor="" TextId="MarketplaceAuction_TechnicalDifficulties" DT_CENTER="0" DT_WORDBREAK="1"/>
                </Control>
            </Control>
        </Control>
        <Control Class="Window" LAnchorPoint="0" LAnchorOffset="0" TAnchorPoint="0" TAnchorOffset="0" RAnchorPoint="1" RAnchorOffset="0" BAnchorPoint="1" BAnchorOffset="0" RelativeToClient="1" Font="Default" Text="" Template="Default" TooltipType="OnCursor" Name="BGFrame" BGColor="ffffffff" TextColor="ffffffff" TooltipColor="" Picture="1" IgnoreMouse="1" Sprite="CRB_Basekit:kitOuterFrame_MetalGold_Large2" Tooltip="" NewControlDepth="1" HideInEditor="0"/>
        <Control Class="Window" LAnchorPoint="0" LAnchorOffset="4" TAnchorPoint="0" TAnchorOffset="48" RAnchorPoint="1" RAnchorOffset="-4" BAnchorPoint="0" BAnchorOffset="131" RelativeToClient="1" Font="Default" Text="" Template="Default" TooltipType="OnCursor" Name="BGHeader" BGColor="ffffffff" TextColor="ffffffff" TooltipColor="" Sprite="CRB_Basekit:kitHeader_Hybrid_ButtonPanel" Picture="1" IgnoreMouse="1" NewControlDepth="1"/>
        <Control Class="Window" LAnchorPoint="0" LAnchorOffset="4" TAnchorPoint="1" TAnchorOffset="-88" RAnchorPoint="1" RAnchorOffset="-4" BAnchorPoint="1" BAnchorOffset="-4" RelativeToClient="1" Font="Default" Text="" Template="Default" TooltipType="OnCursor" Name="BGFooter" BGColor="ffffffff" TextColor="ffffffff" TooltipColor="" Picture="1" IgnoreMouse="1" Sprite="CRB_Basekit:kitFooter_MetalGold_Angled">
            <Control Class="Window" LAnchorPoint="0" LAnchorOffset="30" TAnchorPoint="1" TAnchorOffset="-60" RAnchorPoint="0" RAnchorOffset="177" BAnchorPoint="1" BAnchorOffset="-20" RelativeToClient="1" Font="CRB_InterfaceSmall" Text="" Template="Default" TooltipType="OnCursor" Name="PlayerCashContainer" BGColor="ffffffff" TextColor="UI_TextMetalBodyHighlight" TooltipColor="" TextId="MarketplaceCommodity_YourCash">
                <Control Class="CashWindow" LAnchorPoint="0" LAnchorOffset="0" TAnchorPoint="0" TAnchorOffset="16" RAnchorPoint="1" RAnchorOffset="0" BAnchorPoint="0" BAnchorOffset="36" TooltipType="OnCursor" RelativeToClient="1" Font="CRB_InterfaceSmall" Text="" Template="Default" BGColor="ffffffff" TextColor="UI_TextMetalBodyHighlight" DT_RIGHT="0" Name="PlayerCashWindow" TooltipColor=""/>
            </Control>
            <Control Class="Window" LAnchorPoint="1" LAnchorOffset="-217" TAnchorPoint="1" TAnchorOffset="-60" RAnchorPoint="1" RAnchorOffset="-70" BAnchorPoint="1" BAnchorOffset="-20" RelativeToClient="1" Font="CRB_InterfaceSmall" Text="" Template="Default" TooltipType="OnCursor" Name="PlayerOrderLimitContainer" BGColor="ffffffff" TextColor="UI_TextMetalBodyHighlight" TooltipColor="" TextId="MarketplaceCommodity_YourOrderLimit" DT_RIGHT="1">
                <Control Class="Window" LAnchorPoint="0" LAnchorOffset="0" TAnchorPoint="0" TAnchorOffset="16" RAnchorPoint="1" RAnchorOffset="0" BAnchorPoint="0" BAnchorOffset="36" RelativeToClient="1" Font="CRB_InterfaceSmall" Text="" Template="Default" TooltipType="OnCursor" Name="PlayerOrderLimitText" BGColor="ffffffff" TextColor="UI_TextMetalBodyHighlight" TooltipColor="" TextId="CRB__2" DT_RIGHT="1" Tooltip="" DT_VCENTER="1"/>
            </Control>
            <Control Class="Window" LAnchorPoint="1" LAnchorOffset="-71" TAnchorPoint="1" TAnchorOffset="-69" RAnchorPoint="1" RAnchorOffset="-13" BAnchorPoint="1" BAnchorOffset="-11" RelativeToClient="1" Font="Default" Text="" Template="Default" TooltipType="OnCursor" Name="OpenMarketListingsBG" BGColor="ffffffff" TextColor="ffffffff" TooltipColor="" Sprite="CRB_BaseBarSprites:sprHUD_InventoryBacker" Picture="0" IgnoreMouse="1" NewControlDepth="1" Tooltip="">
                <Control Class="Button" Base="CRB_Basekit:kitBtn_Holo" Font="Thick" ButtonType="PushButton" RadioGroup="" LAnchorPoint="0" LAnchorOffset="10" TAnchorPoint="0" TAnchorOffset="10" RAnchorPoint="1" RAnchorOffset="-10" BAnchorPoint="1" BAnchorOffset="-10" Name="OpenMarketListingsBtn" BGColor="ffffffff" TextColor="ffffffff" NormalTextColor="ffffffff" PressedTextColor="ffffffff" FlybyTextColor="ffffffff" PressedFlybyTextColor="ffffffff" DisabledTextColor="ffffffff" RelativeToClient="1" TooltipColor="" IgnoreTooltipDelay="1" TooltipType="OnCursor" TooltipFont="CRB_InterfaceSmall_O" Tooltip="" TooltipId="MarketplaceAuction_ViewMyListings">
                    <Event Name="ButtonSignal" Function="OnOpenMarketListingsBtn"/>
                    <Pixie LAnchorPoint="0" LAnchorOffset="4" TAnchorPoint="0" TAnchorOffset="4" RAnchorPoint="1" RAnchorOffset="-4" BAnchorPoint="1" BAnchorOffset="-4" BGColor="ffffffff" Font="Default" TextColor="ffffffff" Text="" Sprite="ClientSprites:Icon_Mission_Explorer_ActivateChecklist" Line="0"/>
                </Control>
                <Control Class="Window" LAnchorPoint="0" LAnchorOffset="0" TAnchorPoint="0" TAnchorOffset="0" RAnchorPoint="1" RAnchorOffset="0" BAnchorPoint="1" BAnchorOffset="0" RelativeToClient="1" Font="Default" Text="" Template="Default" TooltipType="OnCursor" Name="OpenMarketListingsBGFrame" BGColor="ffffffff" TextColor="ffffffff" TooltipColor="" Picture="1" IgnoreMouse="1" Sprite="CRB_Basekit:kitInnerFrame_MetalGrey_Small" NewControlDepth="5"/>
            </Control>
        </Control>
        <Control Class="Button" Base="CRB_Basekit:kitBtn_List_MetalNoEdge" Font="CRB_InterfaceMedium_B" ButtonType="Check" RadioGroup="MarketplaceC_HeaderRadioGroup" LAnchorPoint="0" LAnchorOffset="41" TAnchorPoint="0" TAnchorOffset="66" RAnchorPoint="0" RAnchorOffset="218" BAnchorPoint="0" BAnchorOffset="111" DT_VCENTER="1" DT_CENTER="1" TooltipType="OnCursor" Name="HeaderBuyNowBtn" BGColor="ffffffff" TextColor="ffffffff" TooltipColor="" NormalTextColor="UI_BtnTextGoldListNormal" PressedTextColor="UI_BtnTextGoldListPressed" FlybyTextColor="UI_BtnTextGoldListFlyby" PressedFlybyTextColor="UI_BtnTextGoldListPressedFlyby" DisabledTextColor="UI_BtnTextGoldListDisabled" Text="" TextId="MarketplaceCommodity_BuyNow" GlobalRadioGroup="" Tooltip="" NewControlDepth="1" RadioDisallowNonSelection="1" RelativeToClient="1" NeverBringToFront="1" TooltipFont="CRB_InterfaceSmall_O" TooltipId="MarketplaceCommodity_BuyNowTooltip">
            <Event Name="ButtonCheck" Function="OnHeaderBtnToggle"/>
            <Event Name="ButtonUncheck" Function="OnHeaderBtnToggle"/>
        </Control>
        <Control Class="Button" Base="CRB_Basekit:kitBtn_List_MetalNoEdge" Font="CRB_InterfaceMedium_B" ButtonType="Check" RadioGroup="MarketplaceC_HeaderRadioGroup" LAnchorPoint="0" LAnchorOffset="218" TAnchorPoint="0" TAnchorOffset="66" RAnchorPoint="0" RAnchorOffset="395" BAnchorPoint="0" BAnchorOffset="111" DT_VCENTER="1" DT_CENTER="1" TooltipType="OnCursor" Name="HeaderBuyOrderBtn" BGColor="ffffffff" TextColor="ffffffff" TooltipColor="" NormalTextColor="UI_BtnTextGoldListNormal" PressedTextColor="UI_BtnTextGoldListPressed" FlybyTextColor="UI_BtnTextGoldListFlyby" PressedFlybyTextColor="UI_BtnTextGoldListPressedFlyby" DisabledTextColor="UI_BtnTextGoldListDisabled" Text="" TextId="MarketplaceCommodity_CreateBuyOrder" GlobalRadioGroup="" RadioDisallowNonSelection="1" RelativeToClient="1" NeverBringToFront="1" Tooltip="" TooltipFont="CRB_Interface9_O" TooltipId="MarketplaceCommodity_BuyOrderTooltip">
            <Event Name="ButtonCheck" Function="OnHeaderBtnToggle"/>
            <Event Name="ButtonUncheck" Function="OnHeaderBtnToggle"/>
        </Control>
        <Control Class="Button" Base="CRB_Basekit:kitBtn_List_MetalNoEdge" Font="CRB_InterfaceMedium_B" ButtonType="Check" RadioGroup="MarketplaceC_HeaderRadioGroup" LAnchorPoint="0" LAnchorOffset="395" TAnchorPoint="0" TAnchorOffset="66" RAnchorPoint="0" RAnchorOffset="572" BAnchorPoint="0" BAnchorOffset="111" DT_VCENTER="1" DT_CENTER="1" TooltipType="OnCursor" Name="HeaderSellNowBtn" BGColor="ffffffff" TextColor="ffffffff" TooltipColor="" NormalTextColor="UI_BtnTextGoldListNormal" PressedTextColor="UI_BtnTextGoldListPressed" FlybyTextColor="UI_BtnTextGoldListFlyby" PressedFlybyTextColor="UI_BtnTextGoldListPressedFlyby" DisabledTextColor="UI_BtnTextGoldListDisabled" Text="" TextId="MarketplaceCommodity_SellNow" GlobalRadioGroup="" RadioDisallowNonSelection="1" RelativeToClient="1" NeverBringToFront="1" Tooltip="" TooltipFont="CRB_Interface9_O" TooltipId="MarketplaceCommodity_SellNowTooltip">
            <Event Name="ButtonCheck" Function="OnHeaderBtnToggle"/>
            <Event Name="ButtonUncheck" Function="OnHeaderBtnToggle"/>
        </Control>
        <Control Class="Button" Base="CRB_Basekit:kitBtn_List_MetalNoEdge" Font="CRB_InterfaceMedium_B" ButtonType="Check" RadioGroup="MarketplaceC_HeaderRadioGroup" LAnchorPoint="0" LAnchorOffset="572" TAnchorPoint="0" TAnchorOffset="66" RAnchorPoint="0" RAnchorOffset="749" BAnchorPoint="0" BAnchorOffset="111" DT_VCENTER="1" DT_CENTER="1" TooltipType="OnCursor" Name="HeaderSellOrderBtn" BGColor="ffffffff" TextColor="ffffffff" TooltipColor="" NormalTextColor="UI_BtnTextGoldListNormal" PressedTextColor="UI_BtnTextGoldListPressed" FlybyTextColor="UI_BtnTextGoldListFlyby" PressedFlybyTextColor="UI_BtnTextGoldListPressedFlyby" DisabledTextColor="UI_BtnTextGoldListDisabled" Text="" TextId="MarketplaceAuction_CreateSellOrder" GlobalRadioGroup="" RadioDisallowNonSelection="1" RelativeToClient="1" NeverBringToFront="1" TooltipFont="CRB_Interface9_O" Tooltip="" TooltipId="MarketplaceCommodity_SellOrderTooltip">
            <Event Name="ButtonCheck" Function="OnHeaderBtnToggle"/>
            <Event Name="ButtonUncheck" Function="OnHeaderBtnToggle"/>
        </Control>
        <Control Class="Button" Base="CRB_Basekit:kitBtn_Close" Font="Thick" ButtonType="PushButton" RadioGroup="" LAnchorPoint="1" LAnchorOffset="-41" TAnchorPoint="0" TAnchorOffset="16" RAnchorPoint="1" RAnchorOffset="-14" BAnchorPoint="0" BAnchorOffset="45" DT_VCENTER="1" DT_CENTER="1" TooltipType="OnCursor" Name="CloseBtn" BGColor="ffffffff" TextColor="ffffffff" TooltipColor="" NormalTextColor="ffffffff" PressedTextColor="ffffffff" FlybyTextColor="ffffffff" PressedFlybyTextColor="ffffffff" DisabledTextColor="ffffffff">
            <Event Name="ButtonSignal" Function="OnDestroy"/>
        </Control>
        <Event Name="WindowClosed" Function="OnDestroy"/>
        <Control Class="CashWindow" LAnchorPoint="0" LAnchorOffset="0" TAnchorPoint="0" TAnchorOffset="0" RAnchorPoint="0" RAnchorOffset="0" BAnchorPoint="0" BAnchorOffset="0" TooltipType="OnCursor" RelativeToClient="1" Font="CRB_InterfaceSmall" Text="" Template="Default" BGColor="ffffffff" TextColor="ffffffff" Name="HiddenCashWindow" TooltipColor="" Visible="0" DT_CENTER="0"/>
        <Pixie LAnchorPoint="0" LAnchorOffset="25" TAnchorPoint="0" TAnchorOffset="25" RAnchorPoint="1" RAnchorOffset="-25" BAnchorPoint="1" BAnchorOffset="-25" BGColor="ffffffff" Font="Default" TextColor="ffffffff" Text="" Sprite="CRB_Basekit:kitBase_MetalGrey_Medium" Line="0"/>
        <Pixie LAnchorPoint="0" LAnchorOffset="20" TAnchorPoint="0" TAnchorOffset="30" RAnchorPoint="1" RAnchorOffset="-20" BAnchorPoint="0" BAnchorOffset="70" BGColor="ffffffff" Font="CRB_HeaderMedium" TextColor="ffffffff" Text="" TextId="" Sprite="CRB_Basekit:kitHeader_MetalGrey_TitlePlain" DT_CENTER="1" DT_VCENTER="0" Line="0"/>
        <Pixie LAnchorPoint="0" LAnchorOffset="0" TAnchorPoint="0" TAnchorOffset="28" RAnchorPoint="1" RAnchorOffset="0" BAnchorPoint="0" BAnchorOffset="58" BGColor="ffffffff" Font="CRB_HeaderMedium" TextColor="WindowTitleColor" Text="" TextId="MarketplaceCommodity_CommoditiesExchange" DT_CENTER="1" DT_VCENTER="1" Line="0"/>
    </Form>
    <Form Class="Window" LAnchorPoint="0" LAnchorOffset="0" TAnchorPoint="0" TAnchorOffset="0" RAnchorPoint="1" RAnchorOffset="0" BAnchorPoint="0" BAnchorOffset="44" RelativeToClient="1" Font="Default" Text="" Template="Default" TooltipType="OnCursor" Name="CategoryTopItem" Border="0" Picture="1" SwallowMouseClicks="1" Moveable="0" Escapable="0" Overlapped="1" BGColor="ffffffff" TextColor="ffffffff" TooltipColor="" IgnoreMouse="1" Tooltip="">
        <Control Class="Button" Base="kitBtn_List_MetalBorderArrow" Font="Thick" ButtonType="Check" RadioGroup="" LAnchorPoint="0" LAnchorOffset="0" TAnchorPoint="0" TAnchorOffset="0" RAnchorPoint="1" RAnchorOffset="0" BAnchorPoint="1" BAnchorOffset="0" DT_VCENTER="1" DT_CENTER="1" TooltipType="OnCursor" Name="CategoryTopBtn" BGColor="ffffffff" TextColor="ffffffff" TooltipColor="" NormalTextColor="ffffffff" PressedTextColor="ffffffff" FlybyTextColor="ffffffff" PressedFlybyTextColor="ffffffff" DisabledTextColor="ffffffff" Text="" GlobalRadioGroup="MarketplaceCommodity_CategoryTopBtn_GlobalRadioGroup">
            <Control Class="Window" LAnchorPoint="0" LAnchorOffset="8" TAnchorPoint="0" TAnchorOffset="8" RAnchorPoint="1" RAnchorOffset="-28" BAnchorPoint="0" BAnchorOffset="36" RelativeToClient="1" Font="CRB_InterfaceMedium_B" Text="" Template="Default" TooltipType="OnCursor" Name="CategoryTopText" BGColor="ffffffff" TextColor="UI_TextMetalBodyHighlight" TooltipColor="" TextId="CRB__2" DT_VCENTER="0" DT_WORDBREAK="1"/>
            <Control Class="Window" LAnchorPoint="0" LAnchorOffset="8" TAnchorPoint="0" TAnchorOffset="36" RAnchorPoint="1" RAnchorOffset="-8" BAnchorPoint="1" BAnchorOffset="-8" RelativeToClient="1" Font="Default" Text="" Template="Default" TooltipType="OnCursor" Name="CategoryTopList" BGColor="ffffffff" TextColor="ffffffff" TooltipColor=""/>
            <Event Name="ButtonCheck" Function="OnCategoryTopBtnToggle"/>
            <Event Name="ButtonUncheck" Function="OnCategoryTopBtnToggle"/>
        </Control>
    </Form>
    <Form Class="Window" LAnchorPoint="0" LAnchorOffset="0" TAnchorPoint="0" TAnchorOffset="0" RAnchorPoint="1" RAnchorOffset="0" BAnchorPoint="0" BAnchorOffset="34" RelativeToClient="1" Font="Default" Text="" Template="Default" TooltipType="OnCursor" Name="CategoryMidItem" BGColor="ffffffff" TextColor="ffffffff" TooltipColor="" Sprite="" Tooltip="">
        <Control Class="Button" Base="CRB_Basekit:kitBtn_List_RightArrowHighlight" Font="Thick" ButtonType="Check" RadioGroup="" LAnchorPoint="0" LAnchorOffset="0" TAnchorPoint="0" TAnchorOffset="0" RAnchorPoint="1" RAnchorOffset="0" BAnchorPoint="1" BAnchorOffset="-2" TooltipType="OnCursor" Name="CategoryMidBtn" BGColor="ffffffff" TextColor="ffffffff" TooltipColor="" NormalTextColor="ffffffff" PressedTextColor="ffffffff" FlybyTextColor="ffffffff" PressedFlybyTextColor="ffffffff" DisabledTextColor="ffffffff" GlobalRadioGroup="MarketplaceCommodity_CategoryMidBtn_GlobalRadioGroup" Text="" TextId="" RadioDisallowNonSelection="1">
            <Event Name="ButtonCheck" Function="OnCategoryMidBtnCheck"/>
            <Event Name="ButtonUncheck" Function="OnCategoryMidBtnUncheck"/>
            <Control Class="Window" LAnchorPoint="0" LAnchorOffset="10" TAnchorPoint="0" TAnchorOffset="0" RAnchorPoint="1" RAnchorOffset="-2" BAnchorPoint="1" BAnchorOffset="0" RelativeToClient="1" Font="CRB_InterfaceSmall" Text="" Template="Default" TooltipType="OnCursor" Name="CategoryMidBtnText" BGColor="ffffffff" TextColor="UI_BtnTextGrayListNormal" TooltipColor="" TextId="CRB__2" DT_VCENTER="1" DT_WORDBREAK="1"/>
        </Control>
    </Form>
    <Form Class="Window" LAnchorPoint="0" LAnchorOffset="0" TAnchorPoint="0" TAnchorOffset="0" RAnchorPoint="0" RAnchorOffset="455" BAnchorPoint="0" BAnchorOffset="100" RelativeToClient="1" Font="Default" Text="" Template="Default" TooltipType="OnCursor" Name="SimpleListItem" Border="0" Picture="1" SwallowMouseClicks="1" Moveable="0" Escapable="0" Overlapped="1" BGColor="ffffffff" TextColor="ffffffff" TooltipColor="" IgnoreMouse="1" Sprite="" Tooltip="">
        <Control Class="Window" LAnchorPoint="0" LAnchorOffset="16" TAnchorPoint="0" TAnchorOffset="16" RAnchorPoint="0" RAnchorOffset="80" BAnchorPoint="0" BAnchorOffset="80" RelativeToClient="1" Font="CRB_InterfaceMedium_BO" Text="" Template="Default" TooltipType="OnCursor" Name="ListIcon" BGColor="ffffffff" TextColor="ffffffff" TooltipColor="" Picture="1" IgnoreMouse="1" Sprite="ClientSprites:Icon_TradeskillMisc_Titanium_Ore" DT_RIGHT="1" DT_BOTTOM="1" NewControlDepth="1" IgnoreTooltipDelay="1">
            <Event Name="GenerateTooltip" Function="OnGenerateTooltipListIcon"/>
        </Control>
        <Control Class="Window" LAnchorPoint="0" LAnchorOffset="16" TAnchorPoint="0" TAnchorOffset="53" RAnchorPoint="0" RAnchorOffset="76" BAnchorPoint="0" BAnchorOffset="85" RelativeToClient="1" Font="CRB_InterfaceMedium_B" Text="" Template="Default" TooltipType="OnCursor" Name="ListCount" BGColor="ffffffff" TextColor="ffffffff" TooltipColor="" DT_BOTTOM="0" DT_RIGHT="1" TextId="Challenges_NoProgress" DT_VCENTER="1" DT_CENTER="0"/>
        <Control Class="Window" LAnchorPoint="0" LAnchorOffset="92" TAnchorPoint="0" TAnchorOffset="12" RAnchorPoint="1" RAnchorOffset="-12" BAnchorPoint="0" BAnchorOffset="32" RelativeToClient="1" Font="CRB_InterfaceLarge_O" Text="" Template="Default" TooltipType="OnCursor" Name="ListName" BGColor="ffffffff" TextColor="UI_TextHoloBody" TooltipColor="" Tooltip="" TextId="CRB__2"/>
        <Control Class="Window" LAnchorPoint="0" LAnchorOffset="90" TAnchorPoint="0" TAnchorOffset="32" RAnchorPoint="0.66" RAnchorOffset="0" BAnchorPoint="0" BAnchorOffset="52" RelativeToClient="1" Font="CRB_InterfaceMedium" Text="" Template="Default" TooltipType="OnCursor" Name="ListSubtitleLeft" BGColor="ffffffff" TextColor="UI_TextHoloBody" TooltipColor="" Tooltip="" TextId="MarketplaceCommodity_AveragePriceNoData" DT_VCENTER="0" IgnoreMouse="1" IgnoreTooltipDelay="1">
            <Event Name="GenerateTooltip" Function="OnGenerateTooltipFullStats"/>
        </Control>
        <Control Class="CashWindow" LAnchorPoint="0" LAnchorOffset="182" TAnchorPoint="0" TAnchorOffset="30" RAnchorPoint="1" RAnchorOffset="0" BAnchorPoint="0" BAnchorOffset="50" TooltipType="OnCursor" RelativeToClient="1" Font="CRB_InterfaceMedium" Text="" Template="Default" BGColor="ffffffff" TextColor="UI_TextHoloBody" DT_RIGHT="0" Name="ListSubtitlePriceLeft" TooltipColor="" HideInEditor="1" Visible="0" SkipZeroes="1" IgnoreMouse="1"/>
        <Control Class="Window" LAnchorPoint="0" LAnchorOffset="90" TAnchorPoint="1" TAnchorOffset="-47" RAnchorPoint="0" RAnchorOffset="140" BAnchorPoint="1" BAnchorOffset="-15" RelativeToClient="1" Font="Default" Text="" Template="Default" TooltipType="OnCursor" Name="ListInputNumberBG" BGColor="ffffffff" TextColor="ffffffff" TooltipColor="" Sprite="CRB_Basekit:kitInnerFrame_Holo_InputBox" Picture="1" IgnoreMouse="1">
            <Control Class="EditBox" LAnchorPoint="0" LAnchorOffset="0" TAnchorPoint="0" TAnchorOffset="0" RAnchorPoint="1" RAnchorOffset="-20" BAnchorPoint="1" BAnchorOffset="0" RelativeToClient="1" Font="CRB_InterfaceMedium_B" Text="" Template="Default" TooltipType="OnCursor" Name="ListInputNumber" BGColor="ffffffff" TextColor="ffffffff" TooltipColor="" TextId="CRB_1" DT_VCENTER="1" DT_RIGHT="1">
                <Event Name="EditBoxChanged" Function="OnListInputNumberChanged"/>
            </Control>
            <Control Class="Button" Base="OldMetalSprites:OldMetalUpButton" Font="Thick" ButtonType="PushButton" RadioGroup="" LAnchorPoint="1" LAnchorOffset="-19" TAnchorPoint="0" TAnchorOffset="5" RAnchorPoint="1" RAnchorOffset="0" BAnchorPoint="0.5" BAnchorOffset="0" DT_VCENTER="1" DT_CENTER="1" TooltipType="OnCursor" Name="ListInputNumberUpBtn" BGColor="ffffffff" TextColor="ffffffff" TooltipColor="" NormalTextColor="ffffffff" PressedTextColor="ffffffff" FlybyTextColor="ffffffff" PressedFlybyTextColor="ffffffff" DisabledTextColor="ffffffff">
                <Event Name="ButtonSignal" Function="OnListInputNumberUpBtn"/>
            </Control>
            <Control Class="Button" Base="OldMetalSprites:OldMetalDownButton" Font="Thick" ButtonType="PushButton" RadioGroup="" LAnchorPoint="1" LAnchorOffset="-19" TAnchorPoint="0.5" TAnchorOffset="0" RAnchorPoint="1" RAnchorOffset="0" BAnchorPoint="1" BAnchorOffset="-5" DT_VCENTER="1" DT_CENTER="1" TooltipType="OnCursor" Name="ListInputNumberDownBtn" BGColor="ffffffff" TextColor="ffffffff" TooltipColor="" NormalTextColor="ffffffff" PressedTextColor="ffffffff" FlybyTextColor="ffffffff" PressedFlybyTextColor="ffffffff" DisabledTextColor="ffffffff">
                <Event Name="ButtonSignal" Function="OnListInputNumberDownBtn"/>
            </Control>
        </Control>
        <Control Class="Window" LAnchorPoint="0" LAnchorOffset="144" TAnchorPoint="1" TAnchorOffset="-47" RAnchorPoint="0" RAnchorOffset="310" BAnchorPoint="1" BAnchorOffset="-15" RelativeToClient="1" Font="Default" Text="" Template="Default" TooltipType="OnCursor" Name="ListInputPriceBG" BGColor="ffffffff" TextColor="ffffffff" TooltipColor="" Sprite="CRB_Basekit:kitInnerFrame_Holo_InputBox" Picture="1" IgnoreMouse="1">
            <Control Class="CashWindow" LAnchorPoint="0" LAnchorOffset="8" TAnchorPoint="0" TAnchorOffset="0" RAnchorPoint="1" RAnchorOffset="-8" BAnchorPoint="1" BAnchorOffset="0" TooltipType="OnCursor" RelativeToClient="1" Font="CRB_InterfaceMedium" Text="" Template="Default" BGColor="ffffffff" TextColor="ffffffff" DT_RIGHT="0" Name="ListInputPrice" TooltipColor="" SkipZeroes="1" DT_CENTER="1" HideInEditor="0" AllowEditing="1">
                <Event Name="CashWindowAmountChanged" Function="OnListInputPriceAmountChanged"/>
                <Event Name="MouseButtonDown" Function="OnListInputPriceMouseDown"/>
                <Event Name="WindowLostFocus" Function="OnListInputPriceLoseFocus"/>
            </Control>
        </Control>
        <Control Class="Window" Font="CRB_Pixel" RadioGroup="" LAnchorPoint="0" LAnchorOffset="287" TAnchorPoint="0" TAnchorOffset="59" RAnchorPoint="0" RAnchorOffset="307" BAnchorPoint="0" BAnchorOffset="79" DT_VCENTER="1" DT_CENTER="1" TooltipType="OnCursor" Name="ListItemStatsBubble" BGColor="ffffffff" TextColor="UI_TextHoloBodyHighlight" TooltipColor="" NormalTextColor="UI_BtnTextHoloListNormal" PressedTextColor="UI_BtnTextHoloListPressed" FlybyTextColor="UI_BtnTextHoloListFlyby" PressedFlybyTextColor="UI_BtnTextHoloListPressedFlyby" DisabledTextColor="UI_BtnTextHoloListDisabled" RelativeToClient="1" Text="" TextId="Command_Group_Invite_Shortcut" TestAlpha="0" Tooltip="" Picture="1" Sprite="CRB_Basekit:kitBtn_Holo_CircleSmallNormal" NewControlDepth="1">
            <Event Name="GenerateTooltip" Function="OnGenerateTooltipFullStats"/>
        </Control>
        <Control Class="Button" Base="CRB_Basekit:kitBtn_Holo" Font="CRB_InterfaceMedium_B" ButtonType="PushButton" RadioGroup="" LAnchorPoint="0" LAnchorOffset="314" TAnchorPoint="1" TAnchorOffset="-47" RAnchorPoint="1" RAnchorOffset="-8" BAnchorPoint="1" BAnchorOffset="-16" DT_VCENTER="1" DT_CENTER="1" TooltipType="OnCursor" Name="ListSubmitBtn" BGColor="ffffffff" TextColor="ffffffff" TooltipColor="" NormalTextColor="UI_BtnTextBlueNormal" PressedTextColor="UI_BtnTextBluePressed" FlybyTextColor="UI_BtnTextBlueFlyby" PressedFlybyTextColor="UI_BtnTextBluePressedFlyby" DisabledTextColor="UI_BtnTextBlueDisabled" Text="" TextId="MarketplaceCommodity_SellNow" HideInEditor="0" IgnoreTooltipDelay="1" RelativeToClient="1" Tooltip="">
            <Event Name="ButtonSignal" Function="OnListSubmitBtn"/>
            <Event Name="GenerateTooltip" Function="OnGenerateSimpleConfirmTooltip"/>
            <Event Name="MouseEnter" Function="OnListSubmitMouseEnter"/>
        </Control>
        <Pixie LAnchorPoint="0" LAnchorOffset="12" TAnchorPoint="0" TAnchorOffset="12" RAnchorPoint="0" RAnchorOffset="84" BAnchorPoint="0" BAnchorOffset="84" BGColor="ffffffff" Font="Default" TextColor="ffffffff" Text="" Sprite="CRB_Basekit:kitBase_HoloBlue_InsetBorder_Thin" Line="0"/>
        <Pixie LAnchorPoint="0" LAnchorOffset="0" TAnchorPoint="0" TAnchorOffset="0" RAnchorPoint="1" RAnchorOffset="0" BAnchorPoint="1" BAnchorOffset="-4" BGColor="ffffffff" Font="Default" TextColor="ffffffff" Text="" Sprite="CRB_Basekit:kitBase_HoloBlue_InsetBorder_Thin" Line="0"/>
    </Form>
    <Form Class="Window" LAnchorPoint="0" LAnchorOffset="0" TAnchorPoint="0" TAnchorOffset="0" RAnchorPoint="0" RAnchorOffset="455" BAnchorPoint="0" BAnchorOffset="120" RelativeToClient="1" Font="Default" Text="" Template="Default" TooltipType="OnCursor" Name="AdvancedListItem" Border="0" Picture="1" SwallowMouseClicks="1" Moveable="0" Escapable="0" Overlapped="1" BGColor="ffffffff" TextColor="ffffffff" TooltipColor="" IgnoreMouse="1" Sprite="" Tooltip="">
        <Control Class="Window" LAnchorPoint="0" LAnchorOffset="16" TAnchorPoint="0" TAnchorOffset="16" RAnchorPoint="0" RAnchorOffset="80" BAnchorPoint="0" BAnchorOffset="80" RelativeToClient="1" Font="CRB_InterfaceMedium_BO" Text="" Template="Default" TooltipType="OnCursor" Name="ListIcon" BGColor="ffffffff" TextColor="ffffffff" TooltipColor="" Picture="1" IgnoreMouse="1" Sprite="ClientSprites:Icon_TradeskillMisc_Titanium_Ore" DT_RIGHT="1" DT_BOTTOM="1" NewControlDepth="1" IgnoreTooltipDelay="1">
            <Event Name="GenerateTooltip" Function="OnGenerateTooltipListIcon"/>
        </Control>
        <Control Class="Window" LAnchorPoint="0" LAnchorOffset="16" TAnchorPoint="0" TAnchorOffset="53" RAnchorPoint="0" RAnchorOffset="76" BAnchorPoint="0" BAnchorOffset="85" RelativeToClient="1" Font="CRB_InterfaceMedium_B" Text="" Template="Default" TooltipType="OnCursor" Name="ListCount" BGColor="ffffffff" TextColor="ffffffff" TooltipColor="" DT_BOTTOM="0" DT_RIGHT="1" TextId="Challenges_NoProgress" DT_VCENTER="1" DT_CENTER="0"/>
        <Control Class="Window" LAnchorPoint="0" LAnchorOffset="92" TAnchorPoint="0" TAnchorOffset="12" RAnchorPoint="1" RAnchorOffset="-12" BAnchorPoint="0" BAnchorOffset="32" RelativeToClient="1" Font="CRB_InterfaceLarge_O" Text="" Template="Default" TooltipType="OnCursor" Name="ListName" BGColor="ffffffff" TextColor="UI_TextHoloBody" TooltipColor="" Tooltip="" TextId="CRB__2"/>
        <Control Class="Window" LAnchorPoint="0" LAnchorOffset="92" TAnchorPoint="0" TAnchorOffset="32" RAnchorPoint="1" RAnchorOffset="-12" BAnchorPoint="0" BAnchorOffset="70" RelativeToClient="1" Font="CRB_InterfaceMedium" Text="" Template="Default" TooltipType="OnCursor" Name="ListSubtitleLeft" BGColor="ffffffff" TextColor="UI_TextHoloBody" TooltipColor="" Tooltip="" TextId="MarketplaceCommodity_BuyNow" DT_VCENTER="0" IgnoreMouse="1" IgnoreTooltipDelay="1">
            <Event Name="GenerateTooltip" Function="OnGenerateTooltipFullStats"/>
        </Control>
        <Control Class="Window" LAnchorPoint="0" LAnchorOffset="92" TAnchorPoint="0" TAnchorOffset="32" RAnchorPoint="1" RAnchorOffset="-12" BAnchorPoint="0" BAnchorOffset="70" RelativeToClient="1" Font="CRB_InterfaceMedium" Text="" Template="Default" TooltipType="OnCursor" Name="ListSubtitleRight" BGColor="ffffffff" TextColor="UI_TextHoloBody" TooltipColor="" Tooltip="" TextId="MarketplaceCommodity_CompetitionLabel" DT_VCENTER="0" DT_RIGHT="1"/>
        <Control Class="CashWindow" LAnchorPoint="0" LAnchorOffset="92" TAnchorPoint="0" TAnchorOffset="50" RAnchorPoint="0.5" RAnchorOffset="40" BAnchorPoint="0" BAnchorOffset="70" TooltipType="OnCursor" RelativeToClient="1" Font="CRB_InterfaceMedium" Text="" Template="Default" BGColor="ffffffff" TextColor="UI_TextHoloBody" DT_RIGHT="0" Name="ListSubtitlePriceLeft" TooltipColor="" HideInEditor="0" Visible="0" SkipZeroes="1" IgnoreMouse="1"/>
        <Control Class="CashWindow" LAnchorPoint="0.5" LAnchorOffset="41" TAnchorPoint="0" TAnchorOffset="50" RAnchorPoint="1" RAnchorOffset="-12" BAnchorPoint="0" BAnchorOffset="70" TooltipType="OnCursor" RelativeToClient="1" Font="CRB_InterfaceMedium" Text="" Template="Default" BGColor="ffffffff" TextColor="UI_TextHoloBody" DT_RIGHT="1" Name="ListSubtitlePriceRight" TooltipColor="" HideInEditor="0" Visible="0" SkipZeroes="1" IgnoreMouse="1"/>
        <Control Class="Window" LAnchorPoint="0" LAnchorOffset="90" TAnchorPoint="1" TAnchorOffset="-46" RAnchorPoint="0" RAnchorOffset="140" BAnchorPoint="1" BAnchorOffset="-14" RelativeToClient="1" Font="Default" Text="" Template="Default" TooltipType="OnCursor" Name="ListInputNumberBG" BGColor="ffffffff" TextColor="ffffffff" TooltipColor="" Sprite="CRB_Basekit:kitInnerFrame_Holo_InputBox" Picture="1" IgnoreMouse="1">
            <Control Class="EditBox" LAnchorPoint="0" LAnchorOffset="0" TAnchorPoint="0" TAnchorOffset="0" RAnchorPoint="1" RAnchorOffset="-20" BAnchorPoint="1" BAnchorOffset="0" RelativeToClient="1" Font="CRB_InterfaceMedium_B" Text="" Template="Default" TooltipType="OnCursor" Name="ListInputNumber" BGColor="ffffffff" TextColor="ffffffff" TooltipColor="" TextId="CRB_1" DT_VCENTER="1" DT_RIGHT="1">
                <Event Name="EditBoxChanged" Function="OnListInputNumberChanged"/>
            </Control>
            <Control Class="Button" Base="OldMetalSprites:OldMetalUpButton" Font="Thick" ButtonType="PushButton" RadioGroup="" LAnchorPoint="1" LAnchorOffset="-19" TAnchorPoint="0" TAnchorOffset="5" RAnchorPoint="1" RAnchorOffset="0" BAnchorPoint="0.5" BAnchorOffset="0" DT_VCENTER="1" DT_CENTER="1" TooltipType="OnCursor" Name="ListInputNumberUpBtn" BGColor="ffffffff" TextColor="ffffffff" TooltipColor="" NormalTextColor="ffffffff" PressedTextColor="ffffffff" FlybyTextColor="ffffffff" PressedFlybyTextColor="ffffffff" DisabledTextColor="ffffffff">
                <Event Name="ButtonSignal" Function="OnListInputNumberUpBtn"/>
            </Control>
            <Control Class="Button" Base="OldMetalSprites:OldMetalDownButton" Font="Thick" ButtonType="PushButton" RadioGroup="" LAnchorPoint="1" LAnchorOffset="-19" TAnchorPoint="0.5" TAnchorOffset="0" RAnchorPoint="1" RAnchorOffset="0" BAnchorPoint="1" BAnchorOffset="-5" DT_VCENTER="1" DT_CENTER="1" TooltipType="OnCursor" Name="ListInputNumberDownBtn" BGColor="ffffffff" TextColor="ffffffff" TooltipColor="" NormalTextColor="ffffffff" PressedTextColor="ffffffff" FlybyTextColor="ffffffff" PressedFlybyTextColor="ffffffff" DisabledTextColor="ffffffff">
                <Event Name="ButtonSignal" Function="OnListInputNumberDownBtn"/>
            </Control>
        </Control>
        <Control Class="Window" LAnchorPoint="0" LAnchorOffset="144" TAnchorPoint="1" TAnchorOffset="-46" RAnchorPoint="0" RAnchorOffset="310" BAnchorPoint="1" BAnchorOffset="-14" RelativeToClient="1" Font="Default" Text="" Template="Default" TooltipType="OnCursor" Name="ListInputPriceBG" BGColor="ffffffff" TextColor="ffffffff" TooltipColor="" Sprite="CRB_Basekit:kitInnerFrame_Holo_InputBox" Picture="1" IgnoreMouse="1">
            <Control Class="CashWindow" LAnchorPoint="0" LAnchorOffset="8" TAnchorPoint="0" TAnchorOffset="0" RAnchorPoint="1" RAnchorOffset="-8" BAnchorPoint="1" BAnchorOffset="0" TooltipType="OnCursor" RelativeToClient="1" Font="CRB_InterfaceMedium" Text="" Template="Default" BGColor="ffffffff" TextColor="ffffffff" DT_RIGHT="0" Name="ListInputPrice" TooltipColor="" SkipZeroes="1" DT_CENTER="1" HideInEditor="0" AllowEditing="1" IgnoreMouse="1">
                <Event Name="CashWindowAmountChanged" Function="OnListInputPriceAmountChanged"/>
                <Event Name="MouseButtonDown" Function="OnListInputPriceMouseDown"/>
                <Event Name="WindowLostFocus" Function="OnListInputPriceLoseFocus"/>
            </Control>
        </Control>
        <Control Class="Window" Font="CRB_Pixel" RadioGroup="" LAnchorPoint="0" LAnchorOffset="287" TAnchorPoint="0" TAnchorOffset="81" RAnchorPoint="0" RAnchorOffset="307" BAnchorPoint="0" BAnchorOffset="101" DT_VCENTER="1" DT_CENTER="1" TooltipType="OnCursor" Name="ListItemStatsBubble" BGColor="ffffffff" TextColor="UI_TextHoloBodyHighlight" TooltipColor="" NormalTextColor="UI_BtnTextHoloListNormal" PressedTextColor="UI_BtnTextHoloListPressed" FlybyTextColor="UI_BtnTextHoloListFlyby" PressedFlybyTextColor="UI_BtnTextHoloListPressedFlyby" DisabledTextColor="UI_BtnTextHoloListDisabled" RelativeToClient="1" Text="" TextId="Command_Group_Invite_Shortcut" TestAlpha="0" Tooltip="" Picture="1" Sprite="CRB_Basekit:kitBtn_Holo_CircleSmallNormal" NewControlDepth="1">
            <Event Name="GenerateTooltip" Function="OnGenerateTooltipFullStats"/>
        </Control>
        <Control Class="Button" Base="CRB_Basekit:kitBtn_Holo" Font="CRB_InterfaceMedium_B" ButtonType="PushButton" RadioGroup="" LAnchorPoint="0" LAnchorOffset="314" TAnchorPoint="1" TAnchorOffset="-46" RAnchorPoint="1" RAnchorOffset="-8" BAnchorPoint="1" BAnchorOffset="-15" DT_VCENTER="1" DT_CENTER="1" TooltipType="OnCursor" Name="ListSubmitBtn" BGColor="ffffffff" TextColor="ffffffff" TooltipColor="" NormalTextColor="UI_BtnTextBlueNormal" PressedTextColor="UI_BtnTextBluePressed" FlybyTextColor="UI_BtnTextBlueFlyby" PressedFlybyTextColor="UI_BtnTextBluePressedFlyby" DisabledTextColor="UI_BtnTextBlueDisabled" Text="" TextId="MarketplaceCommodity_CreateBuyOrder" HideInEditor="0" Tooltip="" RelativeToClient="1" IgnoreTooltipDelay="1">
            <Event Name="ButtonSignal" Function="OnListSubmitBtn"/>
            <Event Name="GenerateTooltip" Function="OnGenerateAdvancedConfirmTooltip"/>
            <Event Name="MouseEnter" Function="OnListSubmitMouseEnter"/>
        </Control>
        <Pixie LAnchorPoint="0" LAnchorOffset="12" TAnchorPoint="0" TAnchorOffset="12" RAnchorPoint="0" RAnchorOffset="84" BAnchorPoint="0" BAnchorOffset="84" BGColor="ffffffff" Font="Default" TextColor="ffffffff" Text="" Sprite="CRB_Basekit:kitBase_HoloBlue_InsetBorder_Thin" Line="0"/>
        <Pixie LAnchorPoint="0" LAnchorOffset="0" TAnchorPoint="0" TAnchorOffset="0" RAnchorPoint="1" RAnchorOffset="0" BAnchorPoint="1" BAnchorOffset="-6" BGColor="ffffffff" Font="Default" TextColor="ffffffff" Text="" Sprite="CRB_Basekit:kitBase_HoloBlue_InsetBorder_Thin" Line="0"/>
    </Form>
    <Form Class="Window" LAnchorPoint="0" LAnchorOffset="0" TAnchorPoint="0" TAnchorOffset="0" RAnchorPoint="0" RAnchorOffset="318" BAnchorPoint="0" BAnchorOffset="118" RelativeToClient="1" Font="Default" Text="" Template="Default" TooltipType="OnCursor" Name="FullStatsFrame" BGColor="ffffffff" TextColor="ffffffff" TooltipColor="" Picture="1" IgnoreMouse="1" Sprite="CRB_Basekit:kitBase_HoloBlue_SmallGreenCorners" NewControlDepth="1" NoClip="1" NewWindowDepth="1" CloseOnExternalClick="1" Overlapped="1" Tooltip="">
        <Control Class="Window" LAnchorPoint="0" LAnchorOffset="16" TAnchorPoint="0" TAnchorOffset="12" RAnchorPoint="1" RAnchorOffset="-16" BAnchorPoint="0" BAnchorOffset="32" RelativeToClient="1" Font="CRB_InterfaceSmall" Text="" Template="Default" TooltipType="OnCursor" Name="Pixie" BGColor="ffffffff" TextColor="UI_TextHoloTitle" TooltipColor="" TextId="MarketplaceCommodity_MarketLeaders" DT_CENTER="1"/>
        <Control Class="Window" LAnchorPoint="0" LAnchorOffset="76" TAnchorPoint="0" TAnchorOffset="28" RAnchorPoint="0" RAnchorOffset="191" BAnchorPoint="0" BAnchorOffset="48" RelativeToClient="1" Font="CRB_InterfaceSmall" Text="" Template="Default" TooltipType="OnCursor" Name="Pixie" BGColor="ffffffff" TextColor="UI_TextHoloBody" TooltipColor="" TextId="MarketplaceCommodity_Buyer" Tooltip=""/>
        <Control Class="Window" LAnchorPoint="0" LAnchorOffset="191" TAnchorPoint="0" TAnchorOffset="28" RAnchorPoint="0" RAnchorOffset="306" BAnchorPoint="0" BAnchorOffset="48" RelativeToClient="1" Font="CRB_InterfaceSmall" Text="" Template="Default" TooltipType="OnCursor" Name="Pixie" BGColor="ffffffff" TextColor="UI_TextHoloBody" TooltipColor="" TextId="MarketplaceCommodity_Seller" Tooltip=""/>
        <Pixie LAnchorPoint="0" LAnchorOffset="0" TAnchorPoint="0" TAnchorOffset="0" RAnchorPoint="1" RAnchorOffset="0" BAnchorPoint="1" BAnchorOffset="0" Sprite="CRB_Basekit:kitBase_HoloBlue_SmallGreenCorners" BGColor="white" TextColor="black" Rotation="0" Font="Default" Text=""/>
        <Event Name="WindowClosed" Function="OnListFullStatsClosed"/>
        <Control Class="Grid" LAnchorPoint="0" LAnchorOffset="16" TAnchorPoint="0" TAnchorOffset="48" RAnchorPoint="1" RAnchorOffset="-16" BAnchorPoint="0" BAnchorOffset="108" RelativeToClient="1" Font="CRB_InterfaceSmall_O" Text="" Template="Default" TooltipType="OnCursor" Name="FullStatsGrid" BGColor="ffffffff" TextColor="ffffffff" TooltipColor="" CellBGNormalColor="" CellBGSelectedColor="" CellBGNormalFocusColor="" CellBGSelectedFocusColor="" TextNormalColor="" TextSelectedColor="" TextNormalFocusColor="" TextSelectedFocusColor="" RowHeight="20" MultiColumn="1" SelectWholeRow="0" IgnoreMouse="1" Visible="1" HideInEditor="0" CellBGBase="CRB_DEMO_WrapperSprites:btnDemo_CharInvisibleNormal" HorzRowMargin="0" HorzCellMargin="0" VertRowMargin="0" ImageTextSpacing="0">
            <Column Name="Count" Width="60" TextColor="UI_TextHoloBody" Image="" MinWidth="10" MaxWidth="1000" MergeLeft="0" SimpleSort="1" DT_VCENTER="0"/>
            <Column Name="Price" Width="115" TextColor="UI_TextHoloBody" Image="" MinWidth="10" MaxWidth="2048" MergeLeft="0" SimpleSort="1" DT_VCENTER="0"/>
            <Column Name="Price2" Width="115" TextColor="UI_TextHoloBody" Image="" MinWidth="10" MaxWidth="2048" MergeLeft="0" SimpleSort="1" DT_VCENTER="0"/>
        </Control>
    </Form>
    <Form Class="Window" LAnchorPoint="0" LAnchorOffset="0" TAnchorPoint="0" TAnchorOffset="0" RAnchorPoint="0" RAnchorOffset="200" BAnchorPoint="0" BAnchorOffset="96" RelativeToClient="1" Font="Default" Text="" Template="Default" TooltipType="OnCursor" Name="SimpleConfirmTooltip" Border="0" Picture="1" SwallowMouseClicks="1" Moveable="0" Escapable="0" Overlapped="1" BGColor="ffffffff" TextColor="ffffffff" TooltipColor="" Sprite="CRB_Basekit:kitBase_HoloBlue_SmallGreenCorners" IgnoreMouse="1">
        <Control Class="Window" LAnchorPoint="0" LAnchorOffset="16" TAnchorPoint="0" TAnchorOffset="12" RAnchorPoint="1" RAnchorOffset="-16" BAnchorPoint="0" BAnchorOffset="32" RelativeToClient="1" Font="CRB_InterfaceSmall" Text="" Template="Default" TooltipType="OnCursor" Name="SimpleConfirmTooltipTitle" BGColor="ffffffff" TextColor="UI_TextHoloTitle" TooltipColor="" TextId="MarketplaceCommodity_ClickToBuyNow" DT_CENTER="0"/>
        <Control Class="Window" LAnchorPoint="0" LAnchorOffset="16" TAnchorPoint="0" TAnchorOffset="28" RAnchorPoint="1" RAnchorOffset="-16" BAnchorPoint="0" BAnchorOffset="68" RelativeToClient="1" Font="CRB_InterfaceSmall" Text="" Template="Default" TooltipType="OnCursor" Name="SimpleConfirmTooltipText" BGColor="ffffffff" TextColor="ffffffff" TooltipColor="" TextId="CRB__2" Tooltip="" DT_WORDBREAK="1"/>
        <Control Class="CashWindow" LAnchorPoint="0" LAnchorOffset="16" TAnchorPoint="0" TAnchorOffset="64" RAnchorPoint="1" RAnchorOffset="-16" BAnchorPoint="0" BAnchorOffset="84" TooltipType="OnCursor" RelativeToClient="1" Font="CRB_InterfaceMedium" Text="" Template="Default" BGColor="ffffffff" TextColor="ffffffff" DT_RIGHT="0" Name="SimpleConfirmTooltipPrice" TooltipColor="" HideInEditor="0" Visible="1" SkipZeroes="1" IgnoreMouse="1"/>
    </Form>
    <Form Class="Window" LAnchorPoint="0" LAnchorOffset="0" TAnchorPoint="0" TAnchorOffset="0" RAnchorPoint="0" RAnchorOffset="200" BAnchorPoint="0" BAnchorOffset="148" RelativeToClient="1" Font="Default" Text="" Template="Default" TooltipType="OnCursor" Name="AdvancedConfirmTooltip" Border="0" Picture="1" SwallowMouseClicks="1" Moveable="0" Escapable="0" Overlapped="1" BGColor="ffffffff" TextColor="ffffffff" TooltipColor="" Sprite="CRB_Basekit:kitBase_HoloBlue_SmallGreenCorners" IgnoreMouse="1" Tooltip="">
        <Control Class="Window" LAnchorPoint="0" LAnchorOffset="16" TAnchorPoint="0" TAnchorOffset="12" RAnchorPoint="1" RAnchorOffset="-16" BAnchorPoint="0" BAnchorOffset="32" RelativeToClient="1" Font="CRB_InterfaceSmall" Text="" Template="Default" TooltipType="OnCursor" Name="SimpleConfirmTooltipTitle" BGColor="ffffffff" TextColor="UI_TextHoloTitle" TooltipColor="" TextId="MarketplaceCommodity_ClickToBuyNow" DT_CENTER="0"/>
        <Control Class="Window" LAnchorPoint="0" LAnchorOffset="16" TAnchorPoint="0" TAnchorOffset="28" RAnchorPoint="1" RAnchorOffset="-16" BAnchorPoint="0" BAnchorOffset="68" RelativeToClient="1" Font="CRB_InterfaceSmall" Text="" Template="Default" TooltipType="OnCursor" Name="SimpleConfirmTooltipText" BGColor="ffffffff" TextColor="ffffffff" TooltipColor="" TextId="CRB__2" Tooltip="" DT_WORDBREAK="1"/>
        <Control Class="CashWindow" LAnchorPoint="0" LAnchorOffset="16" TAnchorPoint="1" TAnchorOffset="-84" RAnchorPoint="1" RAnchorOffset="-16" BAnchorPoint="1" BAnchorOffset="-64" TooltipType="OnCursor" RelativeToClient="1" Font="CRB_InterfaceMedium" Text="" Template="Default" BGColor="ffffffff" TextColor="ffffffff" DT_RIGHT="0" Name="SimpleConfirmTooltipPrice" TooltipColor="" HideInEditor="0" Visible="1" SkipZeroes="1" IgnoreMouse="1"/>
        <Control Class="Window" LAnchorPoint="0" LAnchorOffset="44" TAnchorPoint="1" TAnchorOffset="-32" RAnchorPoint="0.5" RAnchorOffset="0" BAnchorPoint="1" BAnchorOffset="-12" RelativeToClient="1" Font="CRB_InterfaceSmall" Text="" Template="Default" TooltipType="OnCursor" Name="AdvancedConfirmDurationText" BGColor="ffffffff" TextColor="ffffffff" TooltipColor="" TextId="CRB__2" Tooltip=""/>
        <Control Class="Window" LAnchorPoint="0.5" LAnchorOffset="16" TAnchorPoint="1" TAnchorOffset="-52" RAnchorPoint="1" RAnchorOffset="-16" BAnchorPoint="1" BAnchorOffset="0" RelativeToClient="1" Font="CRB_InterfaceSmall" Text="" Template="Default" TooltipType="OnCursor" Name="AdvancedConfirmSellFeeContainer" BGColor="ffffffff" TextColor="UI_TextHoloTitle" TooltipColor="" TextId="MarketplaceCommodity_Fee" DT_CENTER="0">
            <Control Class="Window" LAnchorPoint="0" LAnchorOffset="0" TAnchorPoint="1" TAnchorOffset="-32" RAnchorPoint="1" RAnchorOffset="0" BAnchorPoint="1" BAnchorOffset="-12" RelativeToClient="1" Font="CRB_InterfaceSmall" Text="-15%" Template="Default" TooltipType="OnCursor" Name="AdvancedConfirmSellFeeText" BGColor="ffffffff" TextColor="ffffffff" TooltipColor="" TextId="" Tooltip=""/>
        </Control>
        <Pixie LAnchorPoint="0" LAnchorOffset="16" TAnchorPoint="1" TAnchorOffset="-52" RAnchorPoint="0.5" RAnchorOffset="0" BAnchorPoint="1" BAnchorOffset="-32" BGColor="ffffffff" Font="CRB_InterfaceSmall" TextColor="UI_TextHoloTitle" Text="" TextId="CRB_Duration_UI" DT_CENTER="0" Line="0"/>
        <Pixie LAnchorPoint="0" LAnchorOffset="16" TAnchorPoint="1" TAnchorOffset="-36" RAnchorPoint="0" RAnchorOffset="40" BAnchorPoint="1" BAnchorOffset="-12" BGColor="ffffffff" Font="Default" TextColor="ffffffff" Text="" Sprite="CRB_Basekit:kitIcon_Holo_Clock" Line="0"/>
    </Form>
    <Form Class="Window" LAnchorPoint="0" LAnchorOffset="0" TAnchorPoint="0" TAnchorOffset="0" RAnchorPoint="1" RAnchorOffset="0" BAnchorPoint="0" BAnchorOffset="30" RelativeToClient="1" Font="Default" Text="" Template="Default" TooltipType="OnCursor" Name="FilterOptionsRarityItem" BGColor="ffffffff" TextColor="ffffffff" TooltipColor="" Tooltip="">
        <Control Class="Button" Base="CRB_Basekit:kitBtn_List_MetalContextMenu" Font="CRB_InterfaceSmall_O" ButtonType="Check" RadioGroup="" LAnchorPoint="0" LAnchorOffset="0" TAnchorPoint="0" TAnchorOffset="0" RAnchorPoint="1" RAnchorOffset="-30" BAnchorPoint="1" BAnchorOffset="0" DT_VCENTER="1" DT_CENTER="1" TooltipType="OnCursor" Name="FilterOptionsRarityItemBtn" BGColor="ffffffff" TextColor="ffffffff" TooltipColor="" NormalTextColor="UI_BtnTextGoldListNormal" PressedTextColor="UI_BtnTextGoldListPressed" FlybyTextColor="UI_BtnTextGoldListFlyby" PressedFlybyTextColor="UI_BtnTextGoldListPressedFlyby" DisabledTextColor="UI_BtnTextGoldDisabled" Text="" TextId="" TooltipFont="CRB_InterfaceSmall_O">
            <Control Class="Window" LAnchorPoint="0" LAnchorOffset="0" TAnchorPoint="0" TAnchorOffset="4" RAnchorPoint="0" RAnchorOffset="22" BAnchorPoint="1" BAnchorOffset="-4" RelativeToClient="1" Font="Default" Text="" Template="Default" TooltipType="OnCursor" Name="FilterOptionsRarityItemCheck" BGColor="ffffffff" TextColor="ffffffff" TooltipColor="" Picture="1" IgnoreMouse="1" Sprite="sprCharC_NameCheckYes" NewControlDepth="1"/>
            <Event Name="ButtonCheck" Function="OnFilterOptionsRarityItemToggle"/>
            <Event Name="ButtonUncheck" Function="OnFilterOptionsRarityItemToggle"/>
        </Control>
        <Control Class="Window" LAnchorPoint="1" LAnchorOffset="-28" TAnchorPoint="0" TAnchorOffset="2" RAnchorPoint="1" RAnchorOffset="-2" BAnchorPoint="1" BAnchorOffset="-2" RelativeToClient="1" Font="Default" Text="" Template="Default" TooltipType="OnCursor" Name="FilterOptionsRarityItemColor" BGColor="ItemQuality_Good" TextColor="ffffffff" TooltipColor="" Picture="1" IgnoreMouse="1" Sprite="ClientSprites:WhiteFill" TooltipFont="CRB_InterfaceSmall_O" NewControlDepth="1"/>
        <Control Class="Window" LAnchorPoint="1" LAnchorOffset="-30" TAnchorPoint="0" TAnchorOffset="0" RAnchorPoint="1" RAnchorOffset="0" BAnchorPoint="1" BAnchorOffset="0" RelativeToClient="1" Font="Default" Text="" Template="Default" TooltipType="OnCursor" Name="FilterOptionsRarityItemFrame" BGColor="ffffffff" TextColor="ffffffff" TooltipColor="" Sprite="CRB_UIKitSprites:spr_iconOverlay" Picture="1" IgnoreMouse="1"/>
    </Form>
    <Form Class="Window" LAnchorPoint="0" LAnchorOffset="0" TAnchorPoint="0" TAnchorOffset="0" RAnchorPoint="1" RAnchorOffset="-5" BAnchorPoint="0" BAnchorOffset="20" RelativeToClient="1" Font="CRB_InterfaceSmall_O" Text="" Template="Default" TooltipType="OnCursor" Name="TooManySearchResultsText" Border="0" Picture="0" SwallowMouseClicks="1" Moveable="0" Escapable="0" Overlapped="1" BGColor="ffffffff" TextColor="UI_TextHoloBody" TooltipColor="" IgnoreMouse="1" TextId="Challenges_NoProgress" DT_CENTER="0" DT_VCENTER="1" DT_RIGHT="1"/>
</Forms>
