<?xml version="1.0" encoding="UTF-8" standalone="yes" ?>
<Forms>
    <Form Class="Window" LAnchorPoint="0.5" LAnchorOffset="-433" TAnchorPoint="0" TAnchorOffset="0" RAnchorPoint="0.5" RAnchorOffset="433" BAnchorPoint="0" BAnchorOffset="800" RelativeToClient="1" Font="Default" Text="" Name="RunecraftingForm" Moveable="1" Escapable="1" Overlapped="1" BGColor="ffffffff" TextColor="ffffffff" TextId="" TooltipColor="" Tooltip="" Picture="1" Sprite="" RightEdgeControlsAnchor="RunecraftingForm_Right" TopEdgeControlsAnchor="RunecraftingForm_Top">
        <Control Class="Window" LAnchorPoint="0" LAnchorOffset="0" TAnchorPoint="0" TAnchorOffset="95" RAnchorPoint="1" RAnchorOffset="0" BAnchorPoint="1" BAnchorOffset="-35" RelativeToClient="1" Font="Default" Text="" Template="Default" TooltipType="OnCursor" Name="RuneCreationContainer" BGColor="ffffffff" TextColor="ffffffff" TooltipColor="" Tooltip="" Visible="1" HideInEditor="0" NewControlDepth="1">
            <Control Class="Window" LAnchorPoint="0" LAnchorOffset="285" TAnchorPoint="0" TAnchorOffset="0" RAnchorPoint="1" RAnchorOffset="-75" BAnchorPoint="1" BAnchorOffset="-75" RelativeToClient="1" Font="Default" Text="" BGColor="UI_WindowBGDefault" TextColor="UI_WindowTextDefault" Template="Holo_Background_General" TooltipType="OnCursor" Name="HoloBG" TooltipColor="" HideInEditor="0"/>
            <Control Class="Window" LAnchorPoint="1" LAnchorOffset="-606" TAnchorPoint="0" TAnchorOffset="-7" RAnchorPoint="1" RAnchorOffset="-583" BAnchorPoint="1" BAnchorOffset="-24" RelativeToClient="1" Font="Default" Text="" BGColor="UI_WindowBGDefault" TextColor="UI_WindowTextDefault" Template="Default" TooltipType="OnCursor" Name="VertColumnBG" TooltipColor="" Sprite="Runecrafting:sprRunecrafting_FrameOverlayLeft" Picture="1" IgnoreMouse="1" HideInEditor="0" NewControlDepth="1"/>
            <Control Class="Window" LAnchorPoint="0" LAnchorOffset="300" TAnchorPoint="0" TAnchorOffset="10" RAnchorPoint="1" RAnchorOffset="-90" BAnchorPoint="1" BAnchorOffset="-135" RelativeToClient="1" Font="Default" Text="" BGColor="UI_WindowBGDefault" TextColor="UI_WindowTextDefault" Template="Default" TooltipType="OnCursor" Name="RuneCreationHoloContainer" TooltipColor="" Picture="1" IgnoreMouse="1" Sprite="BK3:UI_BK3_Holo_InsetSimple" HideInEditor="0"/>
            <Control Class="Window" LAnchorPoint="0" LAnchorOffset="70" TAnchorPoint="0" TAnchorOffset="0" RAnchorPoint="0" RAnchorOffset="274" BAnchorPoint="1" BAnchorOffset="0" RelativeToClient="1" Font="Default" Text="" BGColor="UI_WindowBGDefault" TextColor="UI_WindowTextDefault" Template="Default" TooltipType="OnCursor" Name="RuneCreationElementList" TooltipColor="" NewControlDepth="1"/>
            <Control Class="Window" LAnchorPoint="0" LAnchorOffset="305" TAnchorPoint="0" TAnchorOffset="15" RAnchorPoint="1" RAnchorOffset="-95" BAnchorPoint="1" BAnchorOffset="-140" RelativeToClient="1" Font="CRB_InterfaceMedium_O" Text="" Template="Holo_ScrollList" TooltipType="OnCursor" Name="RuneCreationItemList" BGColor="ffffffff" TextColor="UI_TextHoloBodyHighlight" TooltipColor="" VScroll="1" IgnoreMouse="1" HideInEditor="0" DT_CENTER="1" DT_VCENTER="1" TextId="Runecrafting_StartingHelperTip"/>
            <Control Class="Window" LAnchorPoint="1" LAnchorOffset="-580" TAnchorPoint="1" TAnchorOffset="-675" RAnchorPoint="1" RAnchorOffset="-65" BAnchorPoint="1" BAnchorOffset="-13" RelativeToClient="1" Font="Default" Text="" BGColor="UI_WindowBGDefault" TextColor="UI_WindowTextDefault" Template="Default" TooltipType="OnCursor" Name="RuneCreationBottom" TooltipColor="" Sprite="Runecrafting:sprRunecrafting_FrameOverlayBottom" Picture="1" IgnoreMouse="1" NewControlDepth="1" HideInEditor="0">
                <Control Class="Window" LAnchorPoint="1" LAnchorOffset="-283" TAnchorPoint="1" TAnchorOffset="-120" RAnchorPoint="1" RAnchorOffset="5" BAnchorPoint="1" BAnchorOffset="19" RelativeToClient="1" Font="Default" Text="" BGColor="UI_WindowBGDefault" TextColor="UI_WindowTextDefault" Template="Default" TooltipType="OnCursor" Name="Pixie" TooltipColor="" Sprite="sprCircuit_BtnHolderFrame" Picture="1" IgnoreMouse="1"/>
                <Control Class="Window" LAnchorPoint="0" LAnchorOffset="15" TAnchorPoint="1" TAnchorOffset="-62" RAnchorPoint="0" RAnchorOffset="210" BAnchorPoint="1" BAnchorOffset="-10" RelativeToClient="1" Font="CRB_InterfaceSmall_O" Text="" BGColor="white" TextColor="UI_TextMetalGoldHighlight" Template="Default" TooltipType="OnCursor" Name="RuneCreationMaterialsContainer" TooltipColor="" TextId="CRB_Cost" DT_BOTTOM="0" Sprite="" Picture="0" IgnoreMouse="1" Visible="0">
                    <Control Class="Window" LAnchorPoint="0" LAnchorOffset="0" TAnchorPoint="1" TAnchorOffset="-38" RAnchorPoint="1" RAnchorOffset="0" BAnchorPoint="1" BAnchorOffset="0" RelativeToClient="1" Font="CRB_InterfaceMedium_B" Text="" BGColor="white" TextColor="white" Template="Default" TooltipType="OnCursor" Name="RuneCreationMaterialsList" TooltipColor="" TextId="" Sprite="" Picture="1" IgnoreMouse="1"/>
                </Control>
                <Control Class="Window" LAnchorPoint="0" LAnchorOffset="15" TAnchorPoint="1" TAnchorOffset="-105" RAnchorPoint="1" RAnchorOffset="-300" BAnchorPoint="1" BAnchorOffset="-65" RelativeToClient="1" Font="CRB_InterfaceLarge_B" Text="" BGColor="UI_WindowBGDefault" TextColor="UI_TextMetalGoldHighlight" Template="Default" TooltipType="OnCursor" Name="RuneCreationName" TooltipColor="" TextId="" DT_WORDBREAK="1"/>
                <Control Class="Button" Base="Crafting_CircuitSprites:btnCircuit_Glass_GreenOrange" Font="CRB_Header20" ButtonType="PushButton" RadioGroup="" LAnchorPoint="1" LAnchorOffset="-234" TAnchorPoint="1" TAnchorOffset="-91" RAnchorPoint="1" RAnchorOffset="-43" BAnchorPoint="1" BAnchorOffset="-20" DT_VCENTER="1" DT_CENTER="1" BGColor="white" TextColor="white" NormalTextColor="UI_BtnTextGreenNormal" PressedTextColor="UI_BtnTextGreenPressed" FlybyTextColor="UI_BtnTextGreenFlyby" PressedFlybyTextColor="UI_BtnTextGreenPressedFlyby" DisabledTextColor="UI_BtnTextGreenDisabled" TooltipType="OnCursor" Name="RuneCreationCraftBtn" TooltipColor="" Text="" TextId="CRB_Craft" Visible="1">
                    <Event Name="ButtonSignal" Function="OnRuneCreationCraftBtn"/>
                </Control>
            </Control>
        </Control>
        <Control Class="Window" LAnchorPoint="0" LAnchorOffset="0" TAnchorPoint="0" TAnchorOffset="95" RAnchorPoint="1" RAnchorOffset="0" BAnchorPoint="0" BAnchorOffset="767" RelativeToClient="1" Font="Default" Text="" Template="Default" TooltipType="OnCursor" Name="EquipRunesContainer" BGColor="ffffffff" TextColor="ffffffff" TooltipColor="" Picture="1" IgnoreMouse="1" Sprite="" Visible="0" HideInEditor="1" Tooltip="">
            <Control Class="Window" LAnchorPoint="0" LAnchorOffset="145" TAnchorPoint="0" TAnchorOffset="0" RAnchorPoint="1" RAnchorOffset="-145" BAnchorPoint="1" BAnchorOffset="-35" RelativeToClient="1" Font="CRB_InterfaceMedium" Text="" Template="CRB_Scroll_MetalLarge" TooltipType="OnCursor" Name="MainItemList" BGColor="ffffffff" TextColor="UI_TextMetalBodyHighlight" TooltipColor="" Visible="1" TextId="" VScroll="1" IgnoreMouse="1" DT_CENTER="1" DT_VCENTER="1"/>
            <Pixie LAnchorPoint="0" LAnchorOffset="70" TAnchorPoint="0" TAnchorOffset="-1" RAnchorPoint="1" RAnchorOffset="-70" BAnchorPoint="0" BAnchorOffset="671" BGColor="UI_WindowBGDefault" Font="Default" TextColor="UI_WindowTextDefault" Text="" Sprite="Runecrafting:sprRunecrafting_FrameBG_Equipment" Line="0"/>
        </Control>
        <Event Name="WindowClosed" Function="OnClose"/>
        <Control Class="Window" LAnchorPoint="0" LAnchorOffset="0" TAnchorPoint="0" TAnchorOffset="0" RAnchorPoint="1" RAnchorOffset="0" BAnchorPoint="1" BAnchorOffset="0" RelativeToClient="1" Font="Default" Text="" Template="Default" TooltipType="OnCursor" Name="BGFrame" BGColor="ffffffff" TextColor="ffffffff" TooltipColor="" Sprite="sprRunecrafting_FrameBG_Larger" Picture="1" IgnoreMouse="1" NewControlDepth="5" HideInEditor="0" Tooltip="">
            <Control Class="Window" LAnchorPoint="0" LAnchorOffset="60" TAnchorPoint="0" TAnchorOffset="30" RAnchorPoint="1" RAnchorOffset="-60" BAnchorPoint="0" BAnchorOffset="145" RelativeToClient="1" Font="Default" Text="" BGColor="UI_WindowBGDefault" TextColor="UI_WindowTextDefault" Template="Default" TooltipType="OnCursor" Name="Pixie" TooltipColor="" Sprite="Runecrafting:sprRunecrafting_FrameOverlayTop" Picture="1" IgnoreMouse="1"/>
            <Control Class="Window" LAnchorPoint="0" LAnchorOffset="51" TAnchorPoint="0" TAnchorOffset="20" RAnchorPoint="1" RAnchorOffset="-27" BAnchorPoint="1" BAnchorOffset="-30" RelativeToClient="1" Font="Default" Text="" BGColor="UI_WindowBGDefault" TextColor="UI_WindowTextDefault" Template="Default" TooltipType="OnCursor" Name="Pixie" TooltipColor="" Sprite="Crafting_CoordSprites:sprCoord_OrangeBG" Picture="1" IgnoreMouse="1" NewControlDepth="1" HideInEditor="0"/>
            <Control Class="Button" Base="Runecrafting:btnRunecrafting_TabLeft" Font="CRB_Button" ButtonType="Check" RadioGroup="Runecrafting_BGHeaderToggles_LocalRadioGroup" LAnchorPoint="0.5" LAnchorOffset="-354" TAnchorPoint="0" TAnchorOffset="40" RAnchorPoint="0.5" RAnchorOffset="-5" BAnchorPoint="0" BAnchorOffset="89" DT_VCENTER="1" DT_CENTER="1" Name="ToggleRuneCreation" BGColor="ffffffff" TextColor="ffffffff" HideInEditor="0" TextId="" NormalTextColor="UI_BtnTextGoldListNormal" PressedTextColor="UI_BtnTextGoldListPressed" FlybyTextColor="UI_BtnTextGoldListFlyby" PressedFlybyTextColor="UI_BtnTextGoldListPressedFlyby" DisabledTextColor="UI_BtnTextGoldListDisabled" Text="" RadioDisallowNonSelection="1" TooltipColor="" Tooltip="" RelativeToClient="1" GlobalRadioGroup="" TestAlpha="0" NeverBringToFront="1">
                <Event Name="ButtonCheck" Function="OnRedrawAllFromUI"/>
                <Control Class="Window" LAnchorPoint="0" LAnchorOffset="20" TAnchorPoint="0" TAnchorOffset="0" RAnchorPoint="1" RAnchorOffset="0" BAnchorPoint="1" BAnchorOffset="-12" RelativeToClient="1" Font="CRB_ButtonHeader" Text="" BGColor="UI_WindowBGDefault" TextColor="UI_BtnTextGoldListNormal" Template="Default" TooltipType="OnCursor" Name="TopTabText" TooltipColor="" TextId="Runecrafting_CreateRunes" DT_CENTER="1" DT_VCENTER="1"/>
            </Control>
            <Control Class="Button" Base="Runecrafting:btnRunecrafting_TabRight" Font="CRB_Button" ButtonType="Check" RadioGroup="Runecrafting_BGHeaderToggles_LocalRadioGroup" LAnchorPoint="0.5" LAnchorOffset="5" TAnchorPoint="0" TAnchorOffset="40" RAnchorPoint="0.5" RAnchorOffset="354" BAnchorPoint="0" BAnchorOffset="89" DT_VCENTER="1" DT_CENTER="1" Name="ToggleEquipRunes" BGColor="ffffffff" TextColor="ffffffff" HideInEditor="0" TextId="" NormalTextColor="UI_BtnTextGoldListNormal" PressedTextColor="UI_BtnTextGoldListPressed" FlybyTextColor="UI_BtnTextGoldListFlyby" PressedFlybyTextColor="UI_BtnTextGoldListPressedFlyby" DisabledTextColor="UI_BtnTextGoldListDisabled" Text="" RadioDisallowNonSelection="1" TooltipColor="" Tooltip="" RelativeToClient="1" GlobalRadioGroup="" TestAlpha="0" NeverBringToFront="1">
                <Event Name="ButtonCheck" Function="OnRedrawAllFromUI"/>
                <Control Class="Window" LAnchorPoint="0" LAnchorOffset="0" TAnchorPoint="0" TAnchorOffset="0" RAnchorPoint="1" RAnchorOffset="-20" BAnchorPoint="1" BAnchorOffset="-12" RelativeToClient="1" Font="CRB_ButtonHeader" Text="" BGColor="UI_WindowBGDefault" TextColor="UI_BtnTextGoldListNormal" Template="Default" TooltipType="OnCursor" Name="TopTabText" TooltipColor="" TextId="Runecrafting_EquipRunes" DT_CENTER="1" DT_VCENTER="1"/>
            </Control>
            <Control Class="Window" LAnchorPoint="0.5" LAnchorOffset="-152" TAnchorPoint="0" TAnchorOffset="0" RAnchorPoint="0.5" RAnchorOffset="152" BAnchorPoint="0" BAnchorOffset="73" RelativeToClient="1" Font="Default" Text="" BGColor="UI_WindowBGDefault" TextColor="UI_WindowTextDefault" Template="Default" TooltipType="OnCursor" Name="BGTitle" TooltipColor="" Sprite="Runecrafting:sprRunecrafting_Title" Picture="1" IgnoreMouse="1" NewControlDepth="1"/>
            <Control Class="Window" LAnchorPoint="0.5" LAnchorOffset="-90" TAnchorPoint="0" TAnchorOffset="6" RAnchorPoint="0.5" RAnchorOffset="90" BAnchorPoint="0" BAnchorOffset="42" RelativeToClient="1" Font="CRB_HeaderMedium" Text="" Template="Default" TooltipType="OnCursor" Name="TitleText" BGColor="ffffffff" TextColor="ffffeea4" TooltipColor="" Sprite="BK3:sprMetal_Framing_Header" Picture="1" IgnoreMouse="1" DT_CENTER="1" DT_VCENTER="1" TextId="EngravingStation_RunecraftingTitle" NewControlDepth="1"/>
            <Control Class="Button" Base="CRB_Basekit:kitBtn_Close" Font="Thick" ButtonType="PushButton" RadioGroup="" LAnchorPoint="1" LAnchorOffset="-71" TAnchorPoint="0" TAnchorOffset="15" RAnchorPoint="1" RAnchorOffset="-44" BAnchorPoint="0" BAnchorOffset="44" DT_VCENTER="1" DT_CENTER="1" Name="CloseButton" BGColor="ffffffff" TextColor="ffffffff" WindowSoundTemplate="CloseWindowPhys" Text="" TextId="" TooltipColor="" NormalTextColor="ffffffff" PressedTextColor="ffffffff" FlybyTextColor="ffffffff" PressedFlybyTextColor="ffffffff" DisabledTextColor="ffffffff">
                <Event Name="ButtonSignal" Function="OnClose"/>
            </Control>
            <Control Class="Button" Base="CRB_Basekit:kitBtn_Holo_CircleSmall" Font="CRB_InterfaceMedium_B" ButtonType="Check" RadioGroup="" LAnchorPoint="1" LAnchorOffset="-57" TAnchorPoint="0" TAnchorOffset="47" RAnchorPoint="1" RAnchorOffset="-27" BAnchorPoint="0" BAnchorOffset="77" DT_VCENTER="1" DT_CENTER="1" Name="ShowTutorialsBtn" BGColor="white" TextColor="white" NormalTextColor="UI_BtnTextGrayNormal" PressedTextColor="UI_BtnTextGrayPressed" FlybyTextColor="UI_BtnTextGrayFlyby" PressedFlybyTextColor="UI_BtnTextGrayPressedFlyby" DisabledTextColor="UI_BtnTextGrayDisabled" Text="" TextId="" TooltipColor="" RelativeToClient="1" HideInEditor="0" Visible="1" TestAlpha="1" Tooltip="">
                <Event Name="ButtonCheck" Function="OnShowTutorialsBtnToggle"/>
                <Event Name="ButtonUncheck" Function="OnShowTutorialsBtnToggle"/>
                <Pixie LAnchorPoint="0" LAnchorOffset="3" TAnchorPoint="0" TAnchorOffset="5" RAnchorPoint="1" RAnchorOffset="-3" BAnchorPoint="1" BAnchorOffset="5" BGColor="UI_AlphaPercent50" Font="Default" TextColor="white" Text="" Sprite="CRB_Basekit:kitIcon_Holo_QuestionMark" Line="0"/>
            </Control>
        </Control>
        <Control Class="BagWindow" LAnchorPoint="0" LAnchorOffset="0" TAnchorPoint="0" TAnchorOffset="0" RAnchorPoint="0" RAnchorOffset="0" BAnchorPoint="0" BAnchorOffset="0" RelativeToClient="0" Sprite="CRB_UIKitSprites:spr_baseframe" SquareSize="50" BoxesPerRow="5" Template="CRB_Normal" TooltipType="OnCursor" Border="0" NoClip="1" SwallowMouseClicks="1" UseTemplateBG="1" VScroll="0" IgnoreTooltipDelay="1" NewQuestOverlaySprite="ClientSprites:sprItem_NewQuest" Name="HiddenBagWindow" BGColor="ffffffff" TextColor="ffffffff" TooltipColor="" HideInEditor="1" Visible="0"/>
        <Pixie LAnchorPoint="0" LAnchorOffset="60" TAnchorPoint="0" TAnchorOffset="30" RAnchorPoint="1" RAnchorOffset="-60" BAnchorPoint="1" BAnchorOffset="-30" BGColor="UI_WindowBGDefault" Font="Default" TextColor="UI_WindowTextDefault" Text="" Sprite="Crafting_CoordSprites:sprCoord_BlackBG" Line="0"/>
    </Form>
    <Form Class="Window" LAnchorPoint="0" LAnchorOffset="0" TAnchorPoint="0" TAnchorOffset="0" RAnchorPoint="1" RAnchorOffset="0" BAnchorPoint="0" BAnchorOffset="135" RelativeToClient="1" Font="Default" Text="" Template="Default" TooltipType="OnCursor" Name="EquipmentItem" Border="0" Picture="1" SwallowMouseClicks="1" Overlapped="1" BGColor="ffffffff" TextColor="ffffffff" TooltipColor="" IgnoreMouse="1" Sprite="Runecrafting:sprRunecrafting_FrameBG_List" Tooltip="">
        <Control Class="Window" LAnchorPoint="0" LAnchorOffset="10" TAnchorPoint="0" TAnchorOffset="5" RAnchorPoint="1" RAnchorOffset="-10" BAnchorPoint="0" BAnchorOffset="33" RelativeToClient="1" Font="CRB_InterfaceLarge_B" Text="" Template="Default" TooltipType="OnCursor" Name="EquipmentItemName" BGColor="ffffffff" TextColor="UI_TextMetalGoldHighlight" TooltipColor="" TextId="Challenges_NoProgress"/>
        <Control Class="Window" LAnchorPoint="0" LAnchorOffset="23" TAnchorPoint="1" TAnchorOffset="-92" RAnchorPoint="0" RAnchorOffset="87" BAnchorPoint="1" BAnchorOffset="-28" RelativeToClient="1" Font="Default" Text="" Template="Default" TooltipType="OnCursor" Name="EquipmentItemIcon" BGColor="ffffffff" TextColor="ffffffff" TooltipColor="" Picture="1" IgnoreMouse="1" TooltipFont="CRB_InterfaceSmall_O" IgnoreTooltipDelay="1" Sprite="ClientSprites:Icon_ItemArmorChest_shirt_0001"/>
        <Control Class="Window" LAnchorPoint="0" LAnchorOffset="0" TAnchorPoint="1" TAnchorOffset="-109" RAnchorPoint="0" RAnchorOffset="101" BAnchorPoint="1" BAnchorOffset="0" RelativeToClient="1" Font="Default" Text="" Template="Default" TooltipType="OnCursor" Name="EquipmentItemIconFrame" BGColor="ffffffff" TextColor="ffffffff" TooltipColor="" Picture="1" IgnoreMouse="1" Sprite="Runecrafting:sprRunecrafting_FrameBG_Icon" NewControlDepth="1"/>
        <Control Class="Window" LAnchorPoint="0" LAnchorOffset="20" TAnchorPoint="1" TAnchorOffset="-99" RAnchorPoint="0" RAnchorOffset="54" BAnchorPoint="1" BAnchorOffset="-65" RelativeToClient="1" Text="" Name="EquipmentItemCantUseIcon" Picture="1" IgnoreMouse="1" Sprite="ClientSprites:Icon_Windows_UI_CRB_Tooltip_Restricted" BGColor="ffffffff" TextColor="ffffffff" NewControlDepth="1" DT_BOTTOM="1" Tooltip="" DT_RIGHT="1" Font="CRB_InterfaceMedium_B" TooltipColor="" IgnoreTooltipDelay="1" TooltipType="OnCursor" Visible="0" TooltipFont="CRB_InterfaceSmall_O" TooltipId="Dialog_CantUseTooltip"/>
        <Control Class="Window" LAnchorPoint="0" LAnchorOffset="100" TAnchorPoint="1" TAnchorOffset="-110" RAnchorPoint="1" RAnchorOffset="0" BAnchorPoint="1" BAnchorOffset="0" RelativeToClient="1" Font="Default" Text="" Template="CRB_Normal" TooltipType="OnCursor" Name="EquipmentItemSigilContainer" BGColor="ffffffff" TextColor="ffffffff" TooltipColor="" Picture="1" IgnoreMouse="1" Sprite="" HScroll="1" AutoHideScroll="1" VScroll="0"/>
    </Form>
    <Form Class="Window" LAnchorPoint="0" LAnchorOffset="0" TAnchorPoint="0" TAnchorOffset="0" RAnchorPoint="0" RAnchorOffset="204" BAnchorPoint="0" BAnchorOffset="91" RelativeToClient="1" Font="Default" Text="" BGColor="UI_WindowBGDefault" TextColor="UI_WindowTextDefault" Template="Default" TooltipType="OnCursor" Name="RuneCreationElementItem" TooltipColor="" Tooltip="">
        <Control Class="Button" Base="Runecrafting:btnRunecrafting_MetalLarge" Font="DefaultButton" ButtonType="Check" RadioGroup="" LAnchorPoint="0" LAnchorOffset="0" TAnchorPoint="0" TAnchorOffset="0" RAnchorPoint="1" RAnchorOffset="0" BAnchorPoint="1" BAnchorOffset="0" DT_VCENTER="1" DT_CENTER="1" BGColor="white" TextColor="UI_BtnTextDefault" NormalTextColor="UI_BtnTextDefault" PressedTextColor="UI_BtnTextDefault" FlybyTextColor="UI_BtnTextDefault" PressedFlybyTextColor="UI_BtnTextDefault" DisabledTextColor="UI_BtnTextDefault" TooltipType="OnCursor" Name="RuneCreationElementBtn" TooltipColor="" Template="Default" GlobalRadioGroup="Runecrafting_GlobalRadioGroup_RuneCreationElement" RadioDisallowNonSelection="0">
            <Control Class="Window" LAnchorPoint="0" LAnchorOffset="5" TAnchorPoint="0.5" TAnchorOffset="-38" RAnchorPoint="0" RAnchorOffset="76" BAnchorPoint="0.5" BAnchorOffset="38" RelativeToClient="1" Font="Default" Text="" BGColor="white" TextColor="UI_WindowTextDefault" Template="Default" TooltipType="OnCursor" Name="RuneCreationElementIcon" TooltipColor="" Sprite="Runecrafting:sprRunecrafting_FireFade" Picture="1" IgnoreMouse="1" NewControlDepth="1"/>
            <Control Class="Window" LAnchorPoint="0" LAnchorOffset="5" TAnchorPoint="0.5" TAnchorOffset="-38" RAnchorPoint="0" RAnchorOffset="76" BAnchorPoint="0.5" BAnchorOffset="38" RelativeToClient="1" Font="Default" Text="" BGColor="white" TextColor="UI_WindowTextDefault" Template="Default" TooltipType="OnCursor" Name="RuneCreationElementIconBright" TooltipColor="" Sprite="Runecrafting:sprRunecrafting_FireFade" Picture="1" IgnoreMouse="1" NewControlDepth="1" Visible="0" TransitionShowHide="1"/>
            <Control Class="Window" LAnchorPoint="0" LAnchorOffset="81" TAnchorPoint="0.5" TAnchorOffset="-15" RAnchorPoint="1" RAnchorOffset="0" BAnchorPoint="0.5" BAnchorOffset="15" RelativeToClient="1" Font="CRB_InterfaceLarge_B" Text="" BGColor="UI_WindowBGDefault" TextColor="WindowTitleColor" Template="Default" TooltipType="OnCursor" Name="RuneCreationElementName" TooltipColor="" TextId="CRB_Fire" DT_VCENTER="1"/>
            <Event Name="ButtonCheck" Function="OnRuneCreationElementToggle"/>
            <Event Name="ButtonUncheck" Function="OnRuneCreationElementToggle"/>
        </Control>
    </Form>
    <Form Class="Window" LAnchorPoint="0" LAnchorOffset="0" TAnchorPoint="0" TAnchorOffset="0" RAnchorPoint="1" RAnchorOffset="0" BAnchorPoint="0" BAnchorOffset="40" RelativeToClient="1" Font="Default" Text="" Template="Default" TooltipType="OnCursor" Name="NewRuneItem" Border="0" Picture="1" SwallowMouseClicks="1" Moveable="0" Escapable="0" Overlapped="1" BGColor="ffffffff" TextColor="ffffffff" TooltipColor="" IgnoreMouse="1" Tooltip="">
        <Control Class="Button" Base="btnRunecrafting_HoloList_Padding" Font="Thick" ButtonType="Check" RadioGroup="" LAnchorPoint="0" LAnchorOffset="0" TAnchorPoint="0.5" TAnchorOffset="-33" RAnchorPoint="1" RAnchorOffset="0" BAnchorPoint="0.5" BAnchorOffset="33" DT_VCENTER="1" DT_CENTER="1" TooltipType="OnCursor" Name="NewRuneMoreInfoBtn" BGColor="ffffffff" TextColor="ffffffff" TooltipColor="" NormalTextColor="ffffffff" PressedTextColor="ffffffff" FlybyTextColor="ffffffff" PressedFlybyTextColor="ffffffff" DisabledTextColor="ffffffff" Tooltip="" GlobalRadioGroup="Runecrafting_GlobalRadioGroup_NewRuneMoreInfo">
            <Event Name="ButtonCheck" Function="OnNewRuneMoreInfoCheck"/>
            <Event Name="ButtonUncheck" Function="OnNewRuneMoreInfoUncheck"/>
            <Control Class="Window" LAnchorPoint="0" LAnchorOffset="15" TAnchorPoint="0.5" TAnchorOffset="-11" RAnchorPoint="0" RAnchorOffset="39" BAnchorPoint="0.5" BAnchorOffset="11" RelativeToClient="1" Font="Default" Text="" BGColor="UI_WindowBGDefault" TextColor="UI_WindowTextDefault" Template="Default" TooltipType="OnCursor" Name="NewRuneMoreInfoIcon" TooltipColor="" Picture="1" IgnoreMouse="1" Sprite="Crafting_RunecraftingSprites:sprRunecrafting_BulletPoint_Green" NewControlDepth="1"/>
            <Control Class="Window" LAnchorPoint="0" LAnchorOffset="42" TAnchorPoint="0" TAnchorOffset="0" RAnchorPoint="1" RAnchorOffset="-10" BAnchorPoint="1" BAnchorOffset="0" RelativeToClient="1" Font="CRB_InterfaceMedium_B" Text="" Template="Default" TooltipType="OnCursor" Name="NewRuneMoreInfoName" BGColor="ffffffff" TextColor="UI_BtnTextBlueNormal" TooltipColor="" DT_VCENTER="1" TextId="Challenges_NoProgress" DT_WORDBREAK="1"/>
        </Control>
    </Form>
    <Form Class="Window" LAnchorPoint="0" LAnchorOffset="0" TAnchorPoint="0" TAnchorOffset="0" RAnchorPoint="1" RAnchorOffset="0" BAnchorPoint="0" BAnchorOffset="40" RelativeToClient="1" Font="Default" Text="" BGColor="UI_WindowBGDefault" TextColor="UI_WindowTextDefault" Template="Default" TooltipType="OnCursor" Name="TypeTierItem" Border="0" Picture="1" Moveable="0" Escapable="0" Overlapped="1" TooltipColor="" IgnoreMouse="1" Sprite="">
        <Control Class="Window" LAnchorPoint="0" LAnchorOffset="0" TAnchorPoint="0" TAnchorOffset="0" RAnchorPoint="1" RAnchorOffset="0" BAnchorPoint="1" BAnchorOffset="-5" RelativeToClient="1" Font="Default" Text="" BGColor="UI_WindowBGDefault" TextColor="UI_WindowTextDefault" Template="Default" TooltipType="OnCursor" Name="TypeTierItemBG" TooltipColor="" Sprite="BK3:UI_BK3_Holo_InsetHeaderThin" Picture="1" IgnoreMouse="1"/>
        <Control Class="Button" Base="BK3:btnHolo_ExpandCollapse" Font="CRB_Button" ButtonType="Check" RadioGroup="" LAnchorPoint="0" LAnchorOffset="0" TAnchorPoint="0" TAnchorOffset="0" RAnchorPoint="1" RAnchorOffset="0" BAnchorPoint="0" BAnchorOffset="42" DT_VCENTER="1" DT_CENTER="1" BGColor="UI_BtnBGDefault" TextColor="UI_BtnTextDefault" NormalTextColor="UI_BtnTextBlueNormal" PressedTextColor="UI_BtnTextBluePressed" FlybyTextColor="UI_BtnTextBlueFlyby" PressedFlybyTextColor="UI_BtnTextBluePressedFlyby" DisabledTextColor="UI_BtnTextBlueDisabled" TooltipType="OnCursor" Name="TypeTierItemBtn" TooltipColor="" Text="" TextId="" GlobalRadioGroup="Runecrafting_GlobalRadioGroup_TypeTierItem" Tooltip="">
            <Event Name="ButtonCheck" Function="OnTypeTierItemCheck"/>
            <Event Name="ButtonUncheck" Function="OnTypeTierItemUncheck"/>
        </Control>
        <Control Class="Window" LAnchorPoint="0" LAnchorOffset="10" TAnchorPoint="0" TAnchorOffset="5" RAnchorPoint="0.5" RAnchorOffset="0" BAnchorPoint="0" BAnchorOffset="30" RelativeToClient="1" Font="CRB_HeaderMedium" Text="" BGColor="UI_WindowBGDefault" TextColor="UI_WindowTitleYellow" Template="Default" TooltipType="OnCursor" Name="TypeTierItemLabel" TooltipColor="" TextId="Challenges_NoProgress" DT_VCENTER="1"/>
        <Control Class="Window" LAnchorPoint="0" LAnchorOffset="-9" TAnchorPoint="0" TAnchorOffset="37" RAnchorPoint="1" RAnchorOffset="9" BAnchorPoint="1" BAnchorOffset="-2" RelativeToClient="1" Font="Default" Text="" BGColor="UI_WindowBGDefault" TextColor="UI_WindowTextDefault" Template="Default" TooltipType="OnCursor" Name="TypeTierItemContainer" TooltipColor=""/>
    </Form>
    <Form Class="Window" LAnchorPoint="0" LAnchorOffset="0" TAnchorPoint="0" TAnchorOffset="0" RAnchorPoint="0" RAnchorOffset="88" BAnchorPoint="0" BAnchorOffset="101" RelativeToClient="1" Font="Default" Text="" Template="Default" TooltipType="OnCursor" Name="SigilSlot" BGColor="ffffffff" TextColor="ffffffff" TooltipColor="" Picture="1" IgnoreMouse="1" Sprite="" TooltipFont="CRB_InterfaceSmall_O" Overlapped="1" IgnoreTooltipDelay="1" Tooltip="" TestAlpha="1">
        <Control Class="Window" LAnchorPoint="0.5" LAnchorOffset="-24" TAnchorPoint="0" TAnchorOffset="14" RAnchorPoint="0.5" RAnchorOffset="24" BAnchorPoint="0" BAnchorOffset="62" RelativeToClient="1" Font="Default" Text="" Template="Default" TooltipType="OnCursor" Name="SigilSlotType" BGColor="ffffffff" TextColor="ffffffff" TooltipColor="" Sprite="Runecrafting:sprRunecrafting_Fire" Picture="1" IgnoreMouse="1" HideInEditor="0" NewControlDepth="1" Visible="1"/>
        <Control Class="Window" LAnchorPoint="0.5" LAnchorOffset="-27" TAnchorPoint="0" TAnchorOffset="15" RAnchorPoint="0.5" RAnchorOffset="27" BAnchorPoint="1" BAnchorOffset="-32" RelativeToClient="1" Font="Default" Text="" Template="Default" TooltipType="OnCursor" Name="SigilSlotIcon" BGColor="ffffffff" TextColor="ffffffff" TooltipColor="" Picture="1" IgnoreMouse="1" IgnoreTooltipDelay="1" Visible="1" HideInEditor="0" NewControlDepth="1"/>
        <Control Class="Button" Base="Runecrafting:btnRunecrafting_SlotBtn" Font="Thick" ButtonType="PushButton" RadioGroup="" LAnchorPoint="0" LAnchorOffset="0" TAnchorPoint="0" TAnchorOffset="0" RAnchorPoint="1" RAnchorOffset="0" BAnchorPoint="1" BAnchorOffset="0" DT_VCENTER="1" DT_CENTER="1" TooltipType="OnCursor" Name="SigilSlotBtn" BGColor="ffffffff" TextColor="ffffffff" TooltipColor="" NormalTextColor="ffffffff" PressedTextColor="ffffffff" FlybyTextColor="ffffffff" PressedFlybyTextColor="ffffffff" DisabledTextColor="ffffffff" Text="" IgnoreMouse="0" RelativeToClient="1" Visible="1" HideInEditor="0">
            <Event Name="ButtonSignal" Function="OnSigilSlotBtn"/>
            <Event Name="DragDrop" Function="OnSigilSlotDragDrop"/>
            <Event Name="QueryDragDrop" Function="OnSigilSlotQueryDragDrop"/>
        </Control>
    </Form>
    <Form Class="Window" LAnchorPoint="0" LAnchorOffset="0" TAnchorPoint="0" TAnchorOffset="0" RAnchorPoint="0" RAnchorOffset="88" BAnchorPoint="0" BAnchorOffset="101" RelativeToClient="1" Font="Default" Text="" Template="Default" TooltipType="OnCursor" Name="SigilLockedSlot" BGColor="ffffffff" TextColor="ffffffff" TooltipColor="" Picture="1" IgnoreMouse="1" Sprite="" TooltipFont="CRB_InterfaceSmall_O" Overlapped="1" IgnoreTooltipDelay="1" TextId="" TestAlpha="1">
        <Control Class="Window" LAnchorPoint="0.5" LAnchorOffset="-24" TAnchorPoint="0" TAnchorOffset="14" RAnchorPoint="0.5" RAnchorOffset="24" BAnchorPoint="0" BAnchorOffset="62" RelativeToClient="1" Font="Default" Text="" Template="Default" TooltipType="OnCursor" Name="SigilSlotType" BGColor="ffffffff" TextColor="ffffffff" TooltipColor="" Sprite="Runecrafting:sprRunecrafting_FireFade" Picture="1" IgnoreMouse="1" HideInEditor="0" Visible="1"/>
        <Control Class="Window" LAnchorPoint="0.5" LAnchorOffset="-12" TAnchorPoint="0" TAnchorOffset="27" RAnchorPoint="0.5" RAnchorOffset="12" BAnchorPoint="0" BAnchorOffset="49" RelativeToClient="1" Font="Default" Text="" BGColor="UI_WindowBGDefault" TextColor="UI_WindowTextDefault" Template="Default" TooltipType="OnCursor" Name="SigilFakeLockIcon" TooltipColor="" Sprite="Crafting_RunecraftingSprites:sprRunecrafting_BulletPoint_Lock" Picture="1" IgnoreMouse="1" Visible="0"/>
        <Control Class="Button" Base="Runecrafting:btnRunecrafting_SlotBtn" Font="Thick" ButtonType="PushButton" RadioGroup="" LAnchorPoint="0" LAnchorOffset="0" TAnchorPoint="0" TAnchorOffset="0" RAnchorPoint="1" RAnchorOffset="0" BAnchorPoint="1" BAnchorOffset="0" DT_VCENTER="1" DT_CENTER="1" TooltipType="OnCursor" Name="SigilSlotBtn" BGColor="ffffffff" TextColor="ffffffff" TooltipColor="" NormalTextColor="ffffffff" PressedTextColor="ffffffff" FlybyTextColor="ffffffff" PressedFlybyTextColor="ffffffff" DisabledTextColor="ffffffff" Text="" RelativeToClient="1">
            <Event Name="ButtonSignal" Function="OnSigilLockedSlotBtn"/>
        </Control>
    </Form>
    <Form Class="Window" LAnchorPoint="0" LAnchorOffset="0" TAnchorPoint="0" TAnchorOffset="0" RAnchorPoint="0" RAnchorOffset="39" BAnchorPoint="0" BAnchorOffset="38" RelativeToClient="1" Font="Default" Text="" Template="Default" TooltipType="OnCursor" Name="RawMaterialsItem" Border="0" Picture="1" SwallowMouseClicks="1" Moveable="0" Escapable="0" Overlapped="1" BGColor="ffffffff" TextColor="ffffffff" TooltipColor="" IgnoreMouse="1" Sprite="" TooltipFont="CRB_InterfaceSmall_O" Tooltip="">
        <Control Class="Window" LAnchorPoint="0" LAnchorOffset="5" TAnchorPoint="0" TAnchorOffset="5" RAnchorPoint="0" RAnchorOffset="33" BAnchorPoint="1" BAnchorOffset="-5" RelativeToClient="1" Font="CRB_InterfaceSmall_O" Text="" Template="Default" TooltipType="DynamicFloater" Name="RawMaterialsIcon" BGColor="ffffffff" TextColor="ffffffff" TooltipColor="" Picture="1" IgnoreMouse="1" Sprite="" DT_RIGHT="1" DT_BOTTOM="1" NewControlDepth="1"/>
        <Control Class="Window" LAnchorPoint="0" LAnchorOffset="5" TAnchorPoint="0" TAnchorOffset="5" RAnchorPoint="0" RAnchorOffset="33" BAnchorPoint="1" BAnchorOffset="-5" RelativeToClient="1" Font="Default" Text="" Template="Default" TooltipType="OnCursor" Name="RawMaterialsNotEnough" BGColor="9d660000" TextColor="ffffffff" TooltipColor="" Visible="0" Sprite="WhiteFill" Picture="1" IgnoreMouse="1" NewControlDepth="1" HideInEditor="0"/>
        <Pixie LAnchorPoint="0" LAnchorOffset="0" TAnchorPoint="0" TAnchorOffset="0" RAnchorPoint="1" RAnchorOffset="-1" BAnchorPoint="1" BAnchorOffset="0" BGColor="ffffffff" Font="Default" TextColor="ffffffff" Text="" Sprite="Runecrafting:sprRunecrafting_Inset" Line="0"/>
    </Form>
    <Form Class="Window" LAnchorPoint="0" LAnchorOffset="-68" TAnchorPoint="0" TAnchorOffset="66" RAnchorPoint="0" RAnchorOffset="152" BAnchorPoint="0" BAnchorOffset="236" RelativeToClient="1" Font="Default" Text="" Template="Holo_Small_YesNoFlyout" TooltipType="OnCursor" Name="UnlockConfirm" Border="1" Picture="1" SwallowMouseClicks="1" Moveable="0" Escapable="0" Overlapped="1" BGColor="ffffffff" TextColor="ffffffff" TooltipColor="" IgnoreMouse="0" CloseOnExternalClick="1" Sprite="" NoClip="1" UseTemplateBG="1" Tooltip="" NewWindowDepth="1">
        <Event Name="WindowClosed" Function="OnCurrentConfirmPopupClose"/>
        <Control Class="Window" LAnchorPoint="0" LAnchorOffset="0" TAnchorPoint="0" TAnchorOffset="0" RAnchorPoint="1" RAnchorOffset="0" BAnchorPoint="0" BAnchorOffset="20" RelativeToClient="1" Font="CRB_HeaderTiny" Text="" Template="Default" TooltipType="OnCursor" Name="UnlockConfirmText" BGColor="ffffffff" TextColor="UI_WindowTitleYellow" TooltipColor="" TextId="EngravingStation_SlotUnlockLabel" DT_CENTER="1"/>
        <Control Class="CashWindow" LAnchorPoint="0" LAnchorOffset="0" TAnchorPoint="0" TAnchorOffset="20" RAnchorPoint="1" RAnchorOffset="0" BAnchorPoint="0" BAnchorOffset="40" TooltipType="OnCursor" RelativeToClient="1" Font="CRB_InterfaceSmall" Text="" Template="Default" BGColor="ffffffff" TextColor="UI_TextHoloTitle" DT_RIGHT="0" Name="UnlockCashWindow" TooltipColor="" SkipZeroes="1" DT_CENTER="1"/>
        <Control Class="Button" Base="BK3:btnHolo_Blue_Med" Font="CRB_Button" ButtonType="PushButton" RadioGroup="" LAnchorPoint="0" LAnchorOffset="0" TAnchorPoint="0" TAnchorOffset="37" RAnchorPoint="0.5" RAnchorOffset="0" BAnchorPoint="1" BAnchorOffset="0" DT_VCENTER="1" DT_CENTER="1" TooltipType="OnCursor" Name="UnlockConfirmYes" BGColor="ffffffff" TextColor="ffffffff" TooltipColor="" NormalTextColor="UI_BtnTextBlueNormal" PressedTextColor="UI_BtnTextBluePressed" FlybyTextColor="UI_BtnTextBlueFlyby" PressedFlybyTextColor="UI_BtnTextBluePressedFlyby" DisabledTextColor="UI_BtnTextBlueDisabled" Text="" TextId="Yes" RelativeToClient="1">
            <Event Name="ButtonSignal" Function="OnUnlockConfirmYes"/>
        </Control>
        <Control Class="Button" Base="BK3:btnHolo_Red_Med" Font="CRB_Button" ButtonType="PushButton" RadioGroup="" LAnchorPoint="0.5" LAnchorOffset="0" TAnchorPoint="0" TAnchorOffset="37" RAnchorPoint="1" RAnchorOffset="0" BAnchorPoint="1" BAnchorOffset="0" DT_VCENTER="1" DT_CENTER="1" TooltipType="OnCursor" Name="UnlockConfirmNo" BGColor="ffffffff" TextColor="ffffffff" TooltipColor="" NormalTextColor="UI_BtnTextRedNormal" PressedTextColor="UI_BtnTextRedPressed" FlybyTextColor="UI_BtnTextRedFlyby" PressedFlybyTextColor="UI_BtnTextRedPressedFlyby" DisabledTextColor="UI_BtnTextRedDisabled" Text="" TextId="No" RelativeToClient="1">
            <Event Name="ButtonSignal" Function="OnCurrentConfirmPopupClose"/>
        </Control>
    </Form>
    <Form Class="Window" LAnchorPoint="0" LAnchorOffset="-68" TAnchorPoint="0" TAnchorOffset="66" RAnchorPoint="0" RAnchorOffset="152" BAnchorPoint="0" BAnchorOffset="246" RelativeToClient="1" Font="Default" Text="" Template="Holo_Small_YesNoFlyout" TooltipType="OnCursor" Name="ClearConfirm" Border="1" Picture="1" SwallowMouseClicks="1" Moveable="0" Escapable="0" Overlapped="1" BGColor="ffffffff" TextColor="ffffffff" TooltipColor="" IgnoreMouse="0" CloseOnExternalClick="1" Sprite="" NoClip="1" NewWindowDepth="1" UseTemplateBG="1">
        <Event Name="WindowClosed" Function="OnCurrentConfirmPopupClose"/>
        <Control Class="Window" LAnchorPoint="0" LAnchorOffset="0" TAnchorPoint="0" TAnchorOffset="0" RAnchorPoint="1" RAnchorOffset="0" BAnchorPoint="0" BAnchorOffset="35" RelativeToClient="1" Font="CRB_HeaderTiny" Text="" Template="Default" TooltipType="OnCursor" Name="ClearConfirmText" BGColor="ffffffff" TextColor="UI_WindowTitleYellow" TooltipColor="" TextId="EngravingStation_RemoveLabel" DT_WORDBREAK="1" DT_CENTER="1"/>
        <Control Class="CashWindow" LAnchorPoint="0" LAnchorOffset="0" TAnchorPoint="0" TAnchorOffset="35" RAnchorPoint="1" RAnchorOffset="0" BAnchorPoint="0" BAnchorOffset="55" TooltipType="OnCursor" RelativeToClient="1" Font="CRB_InterfaceSmall" Text="" Template="Default" BGColor="ffffffff" TextColor="UI_TextHoloTitle" DT_RIGHT="0" Name="ClearCashWindow" TooltipColor="" SkipZeroes="1" DT_CENTER="1"/>
        <Control Class="Button" Base="BK3:btnHolo_Blue_Med" Font="CRB_Button" ButtonType="PushButton" RadioGroup="" LAnchorPoint="0" LAnchorOffset="0" TAnchorPoint="0" TAnchorOffset="47" RAnchorPoint="0.5" RAnchorOffset="0" BAnchorPoint="1" BAnchorOffset="0" DT_VCENTER="1" DT_CENTER="1" TooltipType="OnCursor" Name="ClearConfirmYes" BGColor="ffffffff" TextColor="ffffffff" TooltipColor="" NormalTextColor="UI_BtnTextBlueNormal" PressedTextColor="UI_BtnTextBluePressed" FlybyTextColor="UI_BtnTextBlueFlyby" PressedFlybyTextColor="UI_BtnTextBluePressedFlyby" DisabledTextColor="UI_BtnTextBlueDisabled" Text="" TextId="Yes" RelativeToClient="1">
            <Event Name="ButtonSignal" Function="OnClearConfirmYes"/>
        </Control>
        <Control Class="Button" Base="BK3:btnHolo_Red_Med" Font="CRB_Button" ButtonType="PushButton" RadioGroup="" LAnchorPoint="0.5" LAnchorOffset="0" TAnchorPoint="0" TAnchorOffset="47" RAnchorPoint="1" RAnchorOffset="0" BAnchorPoint="1" BAnchorOffset="0" DT_VCENTER="1" DT_CENTER="1" TooltipType="OnCursor" Name="ClearConfirmNo" BGColor="ffffffff" TextColor="ffffffff" TooltipColor="" NormalTextColor="UI_BtnTextRedNormal" PressedTextColor="UI_BtnTextRedPressed" FlybyTextColor="UI_BtnTextRedFlyby" PressedFlybyTextColor="UI_BtnTextRedPressedFlyby" DisabledTextColor="UI_BtnTextRedDisabled" Text="" TextId="No" RelativeToClient="1">
            <Event Name="ButtonSignal" Function="OnCurrentConfirmPopupClose"/>
        </Control>
    </Form>
    <Form Class="Window" LAnchorPoint="0" LAnchorOffset="-78" TAnchorPoint="0" TAnchorOffset="66" RAnchorPoint="0" RAnchorOffset="162" BAnchorPoint="0" BAnchorOffset="291" RelativeToClient="1" Font="Default" Text="" Template="Holo_Small_YesNoFlyout" TooltipType="OnCursor" Name="AddConfirm" Border="1" Picture="1" SwallowMouseClicks="1" Moveable="0" Escapable="0" Overlapped="1" BGColor="ffffffff" TextColor="ffffffff" TooltipColor="" IgnoreMouse="0" CloseOnExternalClick="1" Sprite="" NoClip="1" NewWindowDepth="1" UseTemplateBG="1" Sizable="0">
        <Event Name="WindowClosed" Function="OnCurrentConfirmPopupClose"/>
        <Control Class="Window" LAnchorPoint="0" LAnchorOffset="0" TAnchorPoint="0" TAnchorOffset="0" RAnchorPoint="1" RAnchorOffset="0" BAnchorPoint="0" BAnchorOffset="20" RelativeToClient="1" Font="CRB_HeaderTiny" Text="" Template="Default" TooltipType="OnCursor" Name="AddConfirmText" BGColor="ffffffff" TextColor="UI_WindowTitleYellow" TooltipColor="" TextId="EngravingStation_AddConfirm" DT_CENTER="1"/>
        <Control Class="Window" LAnchorPoint="0" LAnchorOffset="0" TAnchorPoint="0" TAnchorOffset="20" RAnchorPoint="1" RAnchorOffset="0" BAnchorPoint="0" BAnchorOffset="40" RelativeToClient="1" Font="CRB_InterfaceSmall" Text="" Template="Default" TooltipType="OnCursor" Name="AddConfirmSoulboundWarning" BGColor="ffffffff" TextColor="UI_TextHoloTitle" TooltipColor="" TextId="EngravingStation_ThisWillSoulbind" DT_WORDBREAK="1" HideInEditor="0" DT_CENTER="1" DT_BOTTOM="0" IgnoreMouse="1" AutoScaleText="1"/>
        <Control Class="Window" LAnchorPoint="0.5" LAnchorOffset="-20" TAnchorPoint="0" TAnchorOffset="40" RAnchorPoint="0.5" RAnchorOffset="20" BAnchorPoint="0" BAnchorOffset="80" RelativeToClient="1" Font="Default" Text="" Template="Default" TooltipType="OnCursor" Name="AddConfirmIcon" BGColor="ffffffff" TextColor="ffffffff" TooltipColor="" Sprite="ClientSprites:Icon_SkillMisc_UI_ss_sglfire" Picture="1" IgnoreMouse="1" HideInEditor="0"/>
        <Control Class="Window" LAnchorPoint="0" LAnchorOffset="0" TAnchorPoint="1" TAnchorOffset="-65" RAnchorPoint="1" RAnchorOffset="0" BAnchorPoint="1" BAnchorOffset="-45" RelativeToClient="1" Font="CRB_InterfaceSmall_O" Text="" Template="Default" TooltipType="OnCursor" Name="AddConfirmItemEffect" BGColor="ffffffff" TextColor="UI_WindowTitleYellow" TooltipColor="" TextId="" DT_WORDBREAK="1" HideInEditor="0" DT_CENTER="1" IgnoreMouse="1" AutoScaleText="1" DT_VCENTER="1"/>
        <Control Class="Button" Base="BK3:btnHolo_Blue_Med" Font="CRB_Button" ButtonType="PushButton" RadioGroup="" LAnchorPoint="0" LAnchorOffset="0" TAnchorPoint="1" TAnchorOffset="-53" RAnchorPoint="0.5" RAnchorOffset="0" BAnchorPoint="1" BAnchorOffset="0" DT_VCENTER="1" DT_CENTER="1" TooltipType="OnCursor" Name="AddConfirmYes" BGColor="white" TextColor="white" TooltipColor="" NormalTextColor="UI_BtnTextBlueNormal" PressedTextColor="UI_BtnTextBluePressed" FlybyTextColor="UI_BtnTextBlueFlyby" PressedFlybyTextColor="UI_BtnTextBluePressedFlyby" DisabledTextColor="UI_BtnTextBlueDisabled" Text="" TextId="Yes" RelativeToClient="1">
            <Event Name="ButtonSignal" Function="OnAddConfirmYes"/>
        </Control>
        <Control Class="Button" Base="BK3:btnHolo_Red_Med" Font="CRB_Button" ButtonType="PushButton" RadioGroup="" LAnchorPoint="0.5" LAnchorOffset="0" TAnchorPoint="1" TAnchorOffset="-53" RAnchorPoint="1" RAnchorOffset="0" BAnchorPoint="1" BAnchorOffset="0" DT_VCENTER="1" DT_CENTER="1" TooltipType="OnCursor" Name="AddConfirmNo" BGColor="ffffffff" TextColor="ffffffff" TooltipColor="" NormalTextColor="UI_BtnTextRedNormal" PressedTextColor="UI_BtnTextRedPressed" FlybyTextColor="UI_BtnTextRedFlyby" PressedFlybyTextColor="UI_BtnTextRedPressedFlyby" DisabledTextColor="UI_BtnTextRedDisabled" Text="" TextId="No" RelativeToClient="1">
            <Event Name="ButtonSignal" Function="OnCurrentConfirmPopupClose"/>
        </Control>
    </Form>
    <Form Class="Window" LAnchorPoint="0" LAnchorOffset="-68" TAnchorPoint="0" TAnchorOffset="66" RAnchorPoint="0" RAnchorOffset="152" BAnchorPoint="0" BAnchorOffset="272" RelativeToClient="1" Font="Default" Text="" Template="Holo_Small_YesNoFlyout" TooltipType="OnCursor" Name="ReplaceConfirm" Border="1" Picture="1" SwallowMouseClicks="1" Moveable="0" Escapable="0" Overlapped="1" BGColor="ffffffff" TextColor="ffffffff" TooltipColor="" IgnoreMouse="0" CloseOnExternalClick="1" Sprite="" NoClip="1" NewWindowDepth="1" Tooltip="" UseTemplateBG="1">
        <Event Name="WindowClosed" Function="OnCurrentConfirmPopupClose"/>
        <Control Class="Window" LAnchorPoint="0" LAnchorOffset="0" TAnchorPoint="0" TAnchorOffset="0" RAnchorPoint="1" RAnchorOffset="0" BAnchorPoint="0" BAnchorOffset="20" RelativeToClient="1" Font="CRB_HeaderTiny" Text="" Template="Default" TooltipType="OnCursor" Name="AddConfirmText" BGColor="ffffffff" TextColor="UI_WindowTitleYellow" TooltipColor="" TextId="EngravingStation_ReplaceConfirm" DT_CENTER="1"/>
        <Control Class="CashWindow" LAnchorPoint="0" LAnchorOffset="0" TAnchorPoint="0" TAnchorOffset="20" RAnchorPoint="1" RAnchorOffset="0" BAnchorPoint="0" BAnchorOffset="40" TooltipType="OnCursor" RelativeToClient="1" Font="CRB_InterfaceSmall" Text="" Template="Default" BGColor="ffffffff" TextColor="UI_TextHoloTitle" DT_RIGHT="0" Name="ClearCashWindow" TooltipColor="" SkipZeroes="1" DT_CENTER="1"/>
        <Control Class="Window" LAnchorPoint="0.5" LAnchorOffset="-20" TAnchorPoint="0" TAnchorOffset="40" RAnchorPoint="0.5" RAnchorOffset="20" BAnchorPoint="0" BAnchorOffset="80" RelativeToClient="1" Font="Default" Text="" Template="Default" TooltipType="OnCursor" Name="AddConfirmIcon" BGColor="ffffffff" TextColor="ffffffff" TooltipColor="" Sprite="ClientSprites:Icon_SkillMisc_UI_ss_sglfire" Picture="1" IgnoreMouse="1"/>
        <Control Class="Button" Base="BK3:btnHolo_Blue_Med" Font="CRB_InterfaceMedium_B" ButtonType="PushButton" RadioGroup="" LAnchorPoint="0" LAnchorOffset="0" TAnchorPoint="0" TAnchorOffset="70" RAnchorPoint="0.5" RAnchorOffset="0" BAnchorPoint="1" BAnchorOffset="0" DT_VCENTER="1" DT_CENTER="1" TooltipType="OnCursor" Name="AddConfirmYes" BGColor="ffffff00" TextColor="ffffffff" TooltipColor="" NormalTextColor="UI_BtnTextGreenNormal" PressedTextColor="UI_BtnTextGreenPressed" FlybyTextColor="UI_BtnTextGreenFlyby" PressedFlybyTextColor="UI_BtnTextGreenPressedFlyby" DisabledTextColor="UI_BtnTextGreenDisabled" Text="" TextId="Yes" RelativeToClient="1">
            <Event Name="ButtonSignal" Function="OnReplaceConfirmYes"/>
        </Control>
        <Control Class="Button" Base="BK3:btnHolo_Red_Med" Font="CRB_InterfaceMedium_B" ButtonType="PushButton" RadioGroup="" LAnchorPoint="0.5" LAnchorOffset="0" TAnchorPoint="0" TAnchorOffset="70" RAnchorPoint="1" RAnchorOffset="0" BAnchorPoint="1" BAnchorOffset="0" DT_VCENTER="1" DT_CENTER="1" TooltipType="OnCursor" Name="AddConfirmNo" BGColor="ffffffff" TextColor="ffffffff" TooltipColor="" NormalTextColor="UI_BtnTextRedNormal" PressedTextColor="UI_BtnTextRedPressed" FlybyTextColor="UI_BtnTextRedFlyby" PressedFlybyTextColor="UI_BtnTextRedPressedFlyby" DisabledTextColor="UI_BtnTextRedDisabled" Text="" TextId="No" RelativeToClient="1">
            <Event Name="ButtonSignal" Function="OnCurrentConfirmPopupClose"/>
        </Control>
    </Form>
    <Form Class="Window" LAnchorPoint="0" LAnchorOffset="-105" TAnchorPoint="0" TAnchorOffset="66" RAnchorPoint="0" RAnchorOffset="195" BAnchorPoint="0" BAnchorOffset="321" RelativeToClient="1" Font="Default" Text="" Template="Holo_Small_YesNoFlyout" TooltipType="OnCursor" Name="AddPicker" Border="1" Picture="1" SwallowMouseClicks="1" Moveable="0" Escapable="0" Overlapped="1" BGColor="ffffffff" TextColor="ffffffff" TooltipColor="" IgnoreMouse="0" CloseOnExternalClick="1" Sprite="" NoClip="1" NewWindowDepth="1" UseTemplateBG="1">
        <Event Name="WindowClosed" Function="OnCurrentConfirmPopupClose"/>
        <Control Class="Window" LAnchorPoint="0" LAnchorOffset="0" TAnchorPoint="0" TAnchorOffset="0" RAnchorPoint="1" RAnchorOffset="0" BAnchorPoint="0" BAnchorOffset="20" RelativeToClient="1" Font="CRB_HeaderTiny" Text="" Template="Default" TooltipType="OnCursor" Name="AddPickerText" BGColor="ffffffff" TextColor="UI_WindowTitleYellow" TooltipColor="" TextId="EngravingStation_AddPickerLabel" DT_CENTER="1"/>
        <Control Class="Window" LAnchorPoint="0" LAnchorOffset="0" TAnchorPoint="0" TAnchorOffset="20" RAnchorPoint="1" RAnchorOffset="0" BAnchorPoint="1" BAnchorOffset="0" RelativeToClient="1" Font="CRB_InterfaceSmall" Text="" Template="Holo_ScrollListSmall" TooltipType="OnCursor" Name="AddPickerList" BGColor="ffffffff" TextColor="UI_TextHoloTitle" TooltipColor="" VScroll="1" IgnoreMouse="1" AutoHideScroll="0" DT_CENTER="1" DT_VCENTER="1" TextId="EngravingStation_AddPickerNone"/>
    </Form>
    <Form Class="Window" LAnchorPoint="0" LAnchorOffset="0" TAnchorPoint="0" TAnchorOffset="0" RAnchorPoint="1" RAnchorOffset="0" BAnchorPoint="0" BAnchorOffset="40" RelativeToClient="1" Font="Default" Text="" Template="Default" TooltipType="OnCursor" Name="GlyphPickerItem" BGColor="ffffffff" TextColor="ffffffff" TooltipColor="" Tooltip="" IgnoreMouse="1" Overlapped="1" Sprite="" Picture="1" IgnoreTooltipDelay="1" NewWindowDepth="0">
        <Control Class="Button" Font="Thick" LAnchorPoint="0" LAnchorOffset="0" TAnchorPoint="0" TAnchorOffset="0" RAnchorPoint="1" RAnchorOffset="0" BAnchorPoint="1" BAnchorOffset="0" TooltipType="OnCursor" Name="GlyphPickerBtn" BGColor="ffffffff" TextColor="ffffffff" TooltipColor="" NormalTextColor="ffffffff" PressedTextColor="ffffffff" FlybyTextColor="ffffffff" PressedFlybyTextColor="ffffffff" DisabledTextColor="ffffffff" Tooltip="" RelativeToClient="1" NewControlDepth="1" IgnoreMouse="0" Base="CRB_Basekit:kitBtn_List_Holo">
            <Event Name="ButtonSignal" Function="OnGlyphPickerBtn"/>
        </Control>
        <Control Class="Window" LAnchorPoint="0" LAnchorOffset="5" TAnchorPoint="0" TAnchorOffset="5" RAnchorPoint="0" RAnchorOffset="35" BAnchorPoint="1" BAnchorOffset="-5" RelativeToClient="1" Font="CRB_InterfaceSmall_O" Text="" Template="Default" TooltipType="OnCursor" Name="GlyphPickerIcon" BGColor="ffffffff" TextColor="ffffffff" TooltipColor="" Picture="1" IgnoreMouse="1" Sprite="ClientSprites:Icon_SkillMisc_UI_ss_gate" DT_RIGHT="1" DT_BOTTOM="1" TextId="Challenges_NoProgress" IgnoreTooltipDelay="1" Visible="1" NewControlDepth="1"/>
        <Control Class="Window" LAnchorPoint="0" LAnchorOffset="40" TAnchorPoint="0" TAnchorOffset="5" RAnchorPoint="1" RAnchorOffset="0" BAnchorPoint="1" BAnchorOffset="-5" RelativeToClient="1" Font="CRB_InterfaceSmall" Text="" BGColor="UI_WindowBGDefault" TextColor="UI_BtnTextBlueNormal" Template="Default" TooltipType="OnCursor" Name="GlyphPickerText" TooltipColor="" DT_VCENTER="1" TextId="CRB__2" DT_WORDBREAK="1"/>
    </Form>
</Forms>
