<Forms>
    <Form Class="Window" LAnchorPoint="1" LAnchorOffset="-600" TAnchorPoint="1" TAnchorOffset="-470" RAnchorPoint="1" RAnchorOffset="-327" BAnchorPoint="1" BAnchorOffset="-91" RelativeToClient="1" Font="CRB_InterfaceMedium" Sprite="" Template="Default" Name="Inventory" BGColor="ffffffff" TextColor="ffffffff" Border="0" Overlapped="1" Picture="0" TextId="" Escapable="1" Moveable="1" SwallowMouseClicks="1" UseTemplateBG="0" LeftEdgeControlsAnchor="" TopEdgeControlsAnchor="" RightEdgeControlsAnchor="" BottomEdgeControlsAnchor="" TransitionShowHide="1" UseTransitionSprite="0" Text="" TooltipColor="" Tooltip="">
        <Control Class="Window" LAnchorPoint="0" LAnchorOffset="10" TAnchorPoint="0" TAnchorOffset="10" RAnchorPoint="1" RAnchorOffset="-17" BAnchorPoint="1" BAnchorOffset="-67" RelativeToClient="1" Font="CRB_InterfaceMedium" Text="" Template="CRB_NormalFramedThick" Name="MainBack" BGColor="ffffffff" TextColor="ffffffff" Picture="1" Border="1" UseTemplateBG="1" Tooltip="" TooltipId=""/>
        <Control Class="Window" LAnchorPoint="0" LAnchorOffset="110" TAnchorPoint="0" TAnchorOffset="308" RAnchorPoint="0" RAnchorOffset="247" BAnchorPoint="0" BAnchorOffset="349" RelativeToClient="1" Font="CRB_InterfaceMedium" Text="" Template="Default" Name="WritDisplay" BGColor="ffffffff" TextColor="ffffffff" Visible="0" HideInEditor="1">
            <Control Class="Window" LAnchorPoint="0" LAnchorOffset="0" TAnchorPoint="0" TAnchorOffset="0" RAnchorPoint="1" RAnchorOffset="0" BAnchorPoint="1" BAnchorOffset="0" RelativeToClient="1" Font="CRB_InterfaceMedium" Text="" Template="Default" Name="WritBacker" BGColor="ffffffff" TextColor="ffffffff" Picture="1" Sprite="CRB_UIKitSprites:spr_HologramOptionsFilterBase"/>
            <Control Class="Button" Base="CRB_UIKitSprites:btn_scrollHologramLeft" Font="CRB_InterfaceMedium" ButtonType="PushButton" RadioGroup="" LAnchorPoint="0" LAnchorOffset="4" TAnchorPoint="0" TAnchorOffset="13" RAnchorPoint="0" RAnchorOffset="23" BAnchorPoint="0" BAnchorOffset="30" DT_VCENTER="1" DT_CENTER="1" Name="WritDisplayDown" BGColor="ffffffff" TextColor="ffffffff" NewControlDepth="3" WindowSoundTemplate="PushbuttonDigi02">
                <Event Name="ButtonSignal" Function="PreviousWritDisplay"/>
            </Control>
            <Control Class="Button" Base="CRB_UIKitSprites:btn_scrollHologramRight" Font="CRB_InterfaceMedium" ButtonType="PushButton" RadioGroup="" LAnchorPoint="0" LAnchorOffset="116" TAnchorPoint="0" TAnchorOffset="13" RAnchorPoint="0" RAnchorOffset="135" BAnchorPoint="0" BAnchorOffset="30" DT_VCENTER="1" DT_CENTER="1" Name="WritDisplayUp" BGColor="ffffffff" TextColor="ffffffff" NewControlDepth="3" WindowSoundTemplate="PushbuttonDigi01">
                <Event Name="ButtonSignal" Function="NextWritDisplay"/>
            </Control>
            <Control Class="CashWindow" LAnchorPoint="0" LAnchorOffset="19" TAnchorPoint="0" TAnchorOffset="10" RAnchorPoint="0" RAnchorOffset="113" BAnchorPoint="0" BAnchorOffset="30" RelativeToClient="1" Font="CRB_InterfaceMedium" Sprite="OldMetalControlClientFrame" Text="" Template="OldMetalControl" Name="WritDisplayWindow" BGColor="ffffffff" TextColor="ffffffff" Border="0" Picture="0" NoClip="1" DT_RIGHT="1" NewControlDepth="3"/>
        </Control>
        <Control Class="Window" LAnchorPoint="0" LAnchorOffset="10" TAnchorPoint="0" TAnchorOffset="312" RAnchorPoint="0" RAnchorOffset="256" BAnchorPoint="0" BAnchorOffset="372" RelativeToClient="1" Font="CRB_InterfaceMedium" Text="" Template="Default" Name="BottomBG" BGColor="ffffffff" TextColor="ffffffff" NoClip="0" Picture="1" Sprite="CRB_UIKitSprites:spr_innerframePLAIN">
            <Control Class="Window" LAnchorPoint="0" LAnchorOffset="3" TAnchorPoint="0.5" TAnchorOffset="-15" RAnchorPoint="0" RAnchorOffset="32" BAnchorPoint="0.5" BAnchorOffset="14" RelativeToClient="1" Font="CRB_InterfaceMedium" Text="" Template="Default" Name="TrashIcon" BGColor="ffffffff" TextColor="ffffffff" Sprite="CRB_UIKitSprites:spr_trashDisabled" Picture="1" Tooltip="Drag an item here to delete" TooltipId="" TooltipType="OnCursor" IgnoreMouse="1" IgnoreTooltipDelay="1">
                <Event Name="DragDrop" Function="OnDragDropTrash"/>
                <Event Name="QueryDragDrop" Function="OnQueryDragDropTrash"/>
                <Event Name="DragDropTargetNotify" Function="OnDragDropNotifyTrash"/>
            </Control>
            <Control Class="Window" LAnchorPoint="0" LAnchorOffset="33" TAnchorPoint="0.5" TAnchorOffset="-15" RAnchorPoint="0" RAnchorOffset="62" BAnchorPoint="0.5" BAnchorOffset="14" RelativeToClient="1" Font="CRB_InterfaceMedium_B" Text="" Template="Default" Name="SalvageIcon" BGColor="ffffffff" TextColor="ffff0000" Sprite="CRB_UIKitSprites:spr_salvageDisabled" Picture="1" Tooltip="Drag an item here to salvage" TooltipId="" TooltipType="OnCursor" TextId="" DT_CENTER="1" DT_VCENTER="1" IgnoreMouse="1" IgnoreTooltipDelay="1">
                <Event Name="DragDrop" Function="OnDragDropSalvage"/>
                <Event Name="QueryDragDrop" Function="OnQueryDragDropSalvage"/>
                <Event Name="DragDropTargetNotify" Function="OnDragDropNotifySalvage"/>
                <Control Class="Window" LAnchorPoint="0" LAnchorOffset="0" TAnchorPoint="0" TAnchorOffset="0" RAnchorPoint="1" RAnchorOffset="0" BAnchorPoint="1" BAnchorOffset="0" RelativeToClient="1" Font="Default" Text="" Template="Default" Name="SalvageBlocker" BGColor="6f000000" TextColor="ffffffff" Picture="1" IgnoreMouse="1" Sprite="ClientSprites:WhiteCircle" NewControlDepth="5" Visible="0"/>
            </Control>
            <Control Class="Button" Base="btn_TEMP_Bag_VirtualInvBtn" Font="Thick" ButtonType="Check" RadioGroup="" LAnchorPoint="1" LAnchorOffset="-30" TAnchorPoint="0.5" TAnchorOffset="-12" RAnchorPoint="1" RAnchorOffset="-4" BAnchorPoint="0.5" BAnchorOffset="14" DT_VCENTER="1" DT_CENTER="1" Name="VirtualInvBtn" BGColor="ffffffff" TextColor="ffffffff" NormalTextColor="ffffffff" PressedTextColor="ffffffff" FlybyTextColor="ffffffff" PressedFlybyTextColor="ffffffff" DisabledTextColor="ffffffff" TooltipType="OnCursor" IgnoreTooltipDelay="0" RelativeToClient="1" Tooltip="" TooltipId="">
                <Event Name="ButtonCheck" Function="OnVirtualInvToggle"/>
                <Event Name="ButtonUncheck" Function="OnVirtualInvToggle"/>
            </Control>
            <Control Class="Window" Base="btn_TEMP_Bag_VirtualInvBtn" Font="Thick" ButtonType="Check" RadioGroup="" LAnchorPoint="1" LAnchorOffset="-30" TAnchorPoint="0.5" TAnchorOffset="-12" RAnchorPoint="1" RAnchorOffset="-4" BAnchorPoint="0.5" BAnchorOffset="14" Name="VirtualInvBtnTooltipHack" BGColor="ffffffff" TextColor="ffffffff" TooltipType="OnCursor" IgnoreTooltipDelay="1" RelativeToClient="1" Tooltip="Virtual Inventory of quest items" TooltipId="" IgnoreMouse="1"/>
            <Control Class="Window" LAnchorPoint="0.5" LAnchorOffset="-60" TAnchorPoint="0.5" TAnchorOffset="-13" RAnchorPoint="0.5" RAnchorOffset="90" BAnchorPoint="0.5" BAnchorOffset="13" RelativeToClient="1" Font="Default" Text="" Template="Default" Name="CashWindowBG" BGColor="ffffffff" TextColor="ffffffff" Sprite="CRB_UIKitSprites:spr_footerInlay" Picture="1" IgnoreMouse="1" Tooltip="" TooltipId="CRB_Currency" TooltipType="OnCursor" IgnoreTooltipDelay="1">
                <Control Class="CashWindow" LAnchorPoint="0" LAnchorOffset="8" TAnchorPoint="0" TAnchorOffset="0" RAnchorPoint="1" RAnchorOffset="-8" BAnchorPoint="1" BAnchorOffset="0" RelativeToClient="1" Font="CRB_InterfaceMedium" Sprite="" Text="" Template="OldMetalControl" Name="Cash" BGColor="ffffffff" TextColor="ffffffff" Picture="1" IgnoreMouse="1" DT_CENTER="0" DT_VCENTER="1" DT_RIGHT="1"/>
            </Control>
        </Control>
        <Control Class="Button" Base="CRB_DEMO_WrapperSprites:btnDemo_WidgRestart" Font="Thick" ButtonType="PushButton" RadioGroup="" LAnchorPoint="0" LAnchorOffset="4" TAnchorPoint="0" TAnchorOffset="5" RAnchorPoint="0" RAnchorOffset="26" BAnchorPoint="0" BAnchorOffset="27" DT_VCENTER="1" DT_CENTER="1" Name="TEMP_ToggleAddonsBtn" BGColor="ffffffff" TextColor="ffffffff" NormalTextColor="ffffffff" PressedTextColor="ffffffff" FlybyTextColor="ffffffff" PressedFlybyTextColor="ffffffff" DisabledTextColor="ffffffff" RelativeToClient="1" NewWindowDepth="1" Tooltip="TEMP Placeholder: Swap to other bag addon." TooltipId="" IgnoreTooltipDelay="1" TooltipType="OnCursor">
            <Event Name="ButtonSignal" Function="TEMP_Placeholder_ToggleBagAddons"/>
        </Control>
        <Control Class="Window" LAnchorPoint="0" LAnchorOffset="9" TAnchorPoint="0" TAnchorOffset="14" RAnchorPoint="0" RAnchorOffset="263" BAnchorPoint="0" BAnchorOffset="366" RelativeToClient="0" Font="CRB_InterfaceMedium" Sprite="OldMetalTabBottom" Text="" Template="Default" Name="TabClient" BGColor="ffffffff" TextColor="ffffffff" Picture="0" NoClip="1"/>
        <Control Class="Window" LAnchorPoint="0" LAnchorOffset="12" TAnchorPoint="0" TAnchorOffset="75" RAnchorPoint="0" RAnchorOffset="235" BAnchorPoint="0" BAnchorOffset="135" RelativeToClient="0" Font="CRB_InterfaceMedium" Sprite="OldMetalTitleFrame" Template="Default" Name="TitleFrame" BGColor="ffffffff" TextColor="ffffffff" Picture="0" TextId="" NoClip="1"/>
        <Control Class="Window" Text="" Base="OldMetalTab0Button" Font="CRB_InterfaceMedium" LAnchorPoint="0" LAnchorOffset="14" TAnchorPoint="0" TAnchorOffset="79" RAnchorPoint="0" RAnchorOffset="237" BAnchorPoint="0" BAnchorOffset="110" DT_VCENTER="1" DT_CENTER="1" Name="Tab0" BGColor="ffffffff" TextColor="ffffffff" NotRelative="0" NoClip="1" TextId="" TestAlpha="1" Sprite="OldMetalTab0ButtonNormal" Picture="0"/>
        <Control Class="Window" LAnchorPoint="0" LAnchorOffset="2" TAnchorPoint="0" TAnchorOffset="2" RAnchorPoint="0" RAnchorOffset="272" BAnchorPoint="0" BAnchorOffset="107" RelativeToClient="1" Font="CRB_InterfaceMedium" Text="" Template="Default" Name="ButtonBacker" BGColor="ffffffff" TextColor="ffffffff" Picture="1" Sprite="DatachronSprites:spr_bagHeading" NoClip="0" Moveable="0" NewControlDepth="1"/>
        <Control Class="BagWindow" LAnchorPoint="0" LAnchorOffset="21" TAnchorPoint="0" TAnchorOffset="78" RAnchorPoint="0" RAnchorOffset="245" BAnchorPoint="0" BAnchorOffset="302" RelativeToClient="0" Font="CRB_InterfaceMedium" Sprite="CRB_UIKitSprites:spr_baseframe" Text="" Template="CRB_Normal" Name="BagWindow" BGColor="ffffffff" TextColor="ffffffff" Border="0" Picture="1" NewControlDepth="1" NoClip="1" SwallowMouseClicks="1" UseTemplateBG="1" VScroll="0" IgnoreTooltipDelay="1" NewQuestOverlaySprite="sprHUD_InvQuestStartItem">
            <Event Name="DragDropCancel" Function="OnBagDragDropCancel"/>
            <Event Name="GenerateTooltip" Function="OnGenerateTooltip"/>
            <Event Name="DragDropNothingCursor" Function="OnDragDropNothingCursor"/>
        </Control>
        <Control Class="Window" LAnchorPoint="0" LAnchorOffset="-3" TAnchorPoint="0" TAnchorOffset="355" RAnchorPoint="0" RAnchorOffset="268" BAnchorPoint="0" BAnchorOffset="384" RelativeToClient="1" Font="CRB_InterfaceMedium" Text="" Template="Default" Name="Footer" BGColor="ffffffff" TextColor="ffffffff" Picture="1" NoClip="1" Sprite="CRB_UIKitSprites:spr_footerFrameTHIN"/>
        <Control Class="Button" Text="" Base="CRB_UIKitSprites:btn_closeSmall" Font="CRB_InterfaceMedium" ButtonType="PushButton" RadioGroup="" LAnchorPoint="0" LAnchorOffset="241" TAnchorPoint="0" TAnchorOffset="5" RAnchorPoint="0" RAnchorOffset="264" BAnchorPoint="0" BAnchorOffset="29" DT_VCENTER="1" DT_CENTER="1" Name="CloseBtn" BGColor="ffffffff" TextColor="ffffffff" NoClip="1" RelativeToClient="1" TestAlpha="1" Template="" NewControlDepth="2" WindowSoundTemplate="CloseWindowPhys" NormalTextColor="ffffffff" PressedTextColor="ffffffff" FlybyTextColor="ffffffff" PressedFlybyTextColor="ffffffff" DisabledTextColor="ffffffff">
            <Event Name="ButtonSignal" Function="OnCloseBtn"/>
        </Control>
        <Control Class="Button" Base="DatachronSprites:btnBag" Font="CRB_InterfaceMedium" ButtonType="Check" RadioGroup="" LAnchorPoint="0" LAnchorOffset="23" TAnchorPoint="0" TAnchorOffset="24" RAnchorPoint="0" RAnchorOffset="69" BAnchorPoint="0" BAnchorOffset="66" DT_VCENTER="1" DT_CENTER="1" Name="BackpackBtn" BGColor="ffffffff" TextColor="ffffffff" Template="" UseTemplateBG="0" GlobalRadioGroup="" NewControlDepth="2" WindowSoundTemplate="Custom" NormalTextColor="ffffffff" PressedTextColor="ffffffff" FlybyTextColor="ffffffff" PressedFlybyTextColor="ffffffff" DisabledTextColor="ffffffff">
            <Event Name="ButtonCheck" Function="OnBagCheck"/>
            <Event Name="ButtonUncheck" Function="OnBagCheck"/>
            <Event Name="QueryDragDrop" Function="OnBagBtnQueryDragDrop"/>
            <Event Name="DragDrop" Function="OnBagBtnDragDrop"/>
        </Control>
        <Control Class="Button" Base="DatachronSprites:btnBag" Font="CRB_InterfaceMedium" ButtonType="Check" RadioGroup="" LAnchorPoint="0" LAnchorOffset="66" TAnchorPoint="0" TAnchorOffset="24" RAnchorPoint="0" RAnchorOffset="112" BAnchorPoint="0" BAnchorOffset="66" DT_VCENTER="1" DT_CENTER="1" Name="BagBtn1" BGColor="ffffffff" TextColor="ffffffff" Template="" UseTemplateBG="0" GlobalRadioGroup="" NewControlDepth="2" WindowSoundTemplate="SlideDownDigi" NormalTextColor="ffffffff" PressedTextColor="ffffffff" FlybyTextColor="ffffffff" PressedFlybyTextColor="ffffffff" DisabledTextColor="ffffffff">
            <Event Name="ButtonCheck" Function="OnBagCheck"/>
            <Event Name="ButtonUncheck" Function="OnBagCheck"/>
            <Event Name="QueryDragDrop" Function="OnBagBtnQueryDragDrop"/>
            <Event Name="DragDrop" Function="OnBagBtnDragDrop"/>
            <Event Name="QueryBeginDragDrop" Function="OnBagBtnQueryBeginDragDrop"/>
            <Event Name="MouseButtonDown" Function="OnBagMouseClick"/>
        </Control>
        <Control Class="Button" Base="DatachronSprites:btnBag" Font="CRB_InterfaceMedium" ButtonType="Check" RadioGroup="" LAnchorPoint="0" LAnchorOffset="109" TAnchorPoint="0" TAnchorOffset="24" RAnchorPoint="0" RAnchorOffset="155" BAnchorPoint="0" BAnchorOffset="66" DT_VCENTER="1" DT_CENTER="1" Name="BagBtn2" BGColor="ffffffff" TextColor="ffffffff" Template="" UseTemplateBG="0" GlobalRadioGroup="" NewControlDepth="2" WindowSoundTemplate="SlideDownDigi" NormalTextColor="ffffffff" PressedTextColor="ffffffff" FlybyTextColor="ffffffff" PressedFlybyTextColor="ffffffff" DisabledTextColor="ffffffff">
            <Event Name="ButtonCheck" Function="OnBagCheck"/>
            <Event Name="ButtonUncheck" Function="OnBagCheck"/>
            <Event Name="QueryDragDrop" Function="OnBagBtnQueryDragDrop"/>
            <Event Name="DragDrop" Function="OnBagBtnDragDrop"/>
            <Event Name="QueryBeginDragDrop" Function="OnBagBtnQueryBeginDragDrop"/>
            <Event Name="MouseButtonDown" Function="OnBagMouseClick"/>
        </Control>
        <Control Class="Button" Base="DatachronSprites:btnBag" Font="CRB_InterfaceMedium" ButtonType="Check" RadioGroup="" LAnchorPoint="0" LAnchorOffset="152" TAnchorPoint="0" TAnchorOffset="24" RAnchorPoint="0" RAnchorOffset="198" BAnchorPoint="0" BAnchorOffset="66" DT_VCENTER="1" DT_CENTER="1" Name="BagBtn3" BGColor="ffffffff" TextColor="ffffffff" Template="" UseTemplateBG="0" GlobalRadioGroup="" NewControlDepth="2" WindowSoundTemplate="SlideDownDigi" NormalTextColor="ffffffff" PressedTextColor="ffffffff" FlybyTextColor="ffffffff" PressedFlybyTextColor="ffffffff" DisabledTextColor="ffffffff">
            <Event Name="ButtonCheck" Function="OnBagCheck"/>
            <Event Name="ButtonUncheck" Function="OnBagCheck"/>
            <Event Name="QueryDragDrop" Function="OnBagBtnQueryDragDrop"/>
            <Event Name="DragDrop" Function="OnBagBtnDragDrop"/>
            <Event Name="QueryBeginDragDrop" Function="OnBagBtnQueryBeginDragDrop"/>
            <Event Name="MouseButtonDown" Function="OnBagMouseClick"/>
        </Control>
        <Control Class="Button" Base="DatachronSprites:btnBagTS" Font="CRB_InterfaceMedium" ButtonType="Check" RadioGroup="" LAnchorPoint="0" LAnchorOffset="195" TAnchorPoint="0" TAnchorOffset="24" RAnchorPoint="0" RAnchorOffset="237" BAnchorPoint="0" BAnchorOffset="66" DT_VCENTER="1" DT_CENTER="1" Name="BagBtnTS" BGColor="ffffffff" TextColor="ffffffff" Template="" UseTemplateBG="0" GlobalRadioGroup="" NewControlDepth="2" WindowSoundTemplate="SlideDownDigi" NormalTextColor="ffffffff" PressedTextColor="ffffffff" FlybyTextColor="ffffffff" PressedFlybyTextColor="ffffffff" DisabledTextColor="ffffffff">
            <Event Name="ButtonCheck" Function="OnBagCheck"/>
            <Event Name="ButtonUncheck" Function="OnBagCheck"/>
            <Event Name="QueryDragDrop" Function="OnBagBtnQueryDragDrop"/>
            <Event Name="DragDrop" Function="OnBagBtnDragDrop"/>
            <Event Name="QueryBeginDragDrop" Function="OnBagBtnQueryBeginDragDrop"/>
            <Event Name="MouseButtonDown" Function="OnBagMouseClick"/>
        </Control>
        <Control Class="Button" Base="CRB_UIKitSprites:btn_popOut" Font="CRB_InterfaceMedium" ButtonType="PushButton" RadioGroup="" LAnchorPoint="0" LAnchorOffset="242" TAnchorPoint="0" TAnchorOffset="40" RAnchorPoint="0" RAnchorOffset="258" BAnchorPoint="0" BAnchorOffset="56" DT_VCENTER="1" DT_CENTER="1" Name="PopoutBtn" BGColor="ffffffff" TextColor="ffffffff" NoClip="1" NewControlDepth="2" WindowSoundTemplate="Custom" Tooltip="" TooltipId="CRB_Inventory_PopOutBtn" TooltipType="OnCursor" NormalTextColor="ffffffff" PressedTextColor="ffffffff" FlybyTextColor="ffffffff" PressedFlybyTextColor="ffffffff" DisabledTextColor="ffffffff">
            <Event Name="ButtonSignal" Function="OnPopoutBtn"/>
        </Control>
        <Control Class="Window" LAnchorPoint="0" LAnchorOffset="4" TAnchorPoint="1" TAnchorOffset="-153" RAnchorPoint="1" RAnchorOffset="-10" BAnchorPoint="1" BAnchorOffset="-31" RelativeToClient="1" Font="CRB_InterfaceSmall_O" Text="" Template="Default" Name="VirtualInvBG" BGColor="ffffffff" TextColor="ffffffff" Sprite="Inventory_TEMP:spr_TEMP_Bag_HolderFrame" Picture="1" IgnoreMouse="1" Visible="0" Tooltip="Virtual Inventory of quest items" TooltipId="" TooltipType="OnCursor" TestAlpha="0" HideInEditor="0" NewWindowDepth="1" NoClip="1" IgnoreTooltipDelay="1">
            <Control Class="Button" Base="CRB_UIKitSprites:btn_closeSmall" Font="Thick" ButtonType="PushButton" RadioGroup="" LAnchorPoint="1" LAnchorOffset="-25" TAnchorPoint="0" TAnchorOffset="3" RAnchorPoint="1" RAnchorOffset="-1" BAnchorPoint="0" BAnchorOffset="27" DT_VCENTER="1" DT_CENTER="1" Name="VirtualInvCloseBtn" BGColor="ffffffff" TextColor="ffffffff" NormalTextColor="ffffffff" PressedTextColor="ffffffff" FlybyTextColor="ffffffff" PressedFlybyTextColor="ffffffff" DisabledTextColor="ffffffff" RelativeToClient="1" Overlapped="1" NewControlDepth="1">
                <Event Name="ButtonSignal" Function="VirtualInvCloseBtnClick"/>
            </Control>
            <Control Class="Window" LAnchorPoint="0" LAnchorOffset="22" TAnchorPoint="0" TAnchorOffset="21" RAnchorPoint="1" RAnchorOffset="-24" BAnchorPoint="0" BAnchorOffset="78" RelativeToClient="1" Font="Default" Text="" Template="CRB_Default" Name="VirtualInvContainer" BGColor="ffffffff" TextColor="ffffffff" VScroll="1" IgnoreMouse="0" Tooltip="" Overlapped="1" TooltipId=""/>
        </Control>
        <Control Class="Window" LAnchorPoint="0" LAnchorOffset="21" TAnchorPoint="0" TAnchorOffset="23" RAnchorPoint="0" RAnchorOffset="245" BAnchorPoint="0" BAnchorOffset="302" RelativeToClient="0" Font="CRB_InterfaceMedium" Sprite="WhiteFill" Text="" Template="CRB_Normal" Name="BagWindowDisabler" BGColor="80000000" TextColor="ffffffff" Border="0" Picture="1" NewControlDepth="64" NoClip="1" SwallowMouseClicks="1" UseTemplateBG="0" VScroll="0" Visible="0"/>
        <Event Name="WindowClosed" Function="OnCloseBag"/>
        <Control Class="Window" LAnchorPoint="0" LAnchorOffset="53" TAnchorPoint="0" TAnchorOffset="23" RAnchorPoint="0" RAnchorOffset="68" BAnchorPoint="0" BAnchorOffset="43" RelativeToClient="1" Font="CRB_HeaderHuge" Template="Default" Name="NewItemIndicator0" BGColor="ffffffff" TextColor="ffffffff" DT_VCENTER="1" DT_CENTER="1" TextId="CRB__3"/>
        <Control Class="Window" LAnchorPoint="0" LAnchorOffset="96" TAnchorPoint="0" TAnchorOffset="23" RAnchorPoint="0" RAnchorOffset="111" BAnchorPoint="0" BAnchorOffset="43" RelativeToClient="1" Font="CRB_HeaderHuge" Template="Default" Name="NewItemIndicator1" BGColor="ffffffff" TextColor="ffffffff" DT_VCENTER="1" DT_CENTER="1" TextId="CRB__3"/>
        <Control Class="Window" LAnchorPoint="0" LAnchorOffset="136" TAnchorPoint="0" TAnchorOffset="23" RAnchorPoint="0" RAnchorOffset="151" BAnchorPoint="0" BAnchorOffset="43" RelativeToClient="1" Font="CRB_HeaderHuge" Template="Default" Name="NewItemIndicator2" BGColor="ffffffff" TextColor="ffffffff" DT_VCENTER="1" DT_CENTER="1" TextId="CRB__3"/>
        <Control Class="Window" LAnchorPoint="0" LAnchorOffset="179" TAnchorPoint="0" TAnchorOffset="23" RAnchorPoint="0" RAnchorOffset="194" BAnchorPoint="0" BAnchorOffset="43" RelativeToClient="1" Font="CRB_HeaderHuge" Template="Default" Name="NewItemIndicator3" BGColor="ffffffff" TextColor="ffffffff" DT_VCENTER="1" DT_CENTER="1" TextId="CRB__3"/>
        <Control Class="Window" LAnchorPoint="0" LAnchorOffset="222" TAnchorPoint="0" TAnchorOffset="23" RAnchorPoint="0" RAnchorOffset="237" BAnchorPoint="0" BAnchorOffset="43" RelativeToClient="1" Font="CRB_HeaderHuge" Template="Default" Name="NewItemIndicator4" BGColor="ffffffff" TextColor="ffffffff" DT_VCENTER="1" DT_CENTER="1" TextId="CRB__3"/>
    </Form>
    <Form Class="Window" LAnchorPoint="1" LAnchorOffset="-383" TAnchorPoint="1" TAnchorOffset="-68" RAnchorPoint="1" RAnchorOffset="-286" BAnchorPoint="1" BAnchorOffset="5" RelativeToClient="1" Font="CRB_InterfaceMedium" Sprite="" Text="" Template="Default" Name="InventoryInvokeForm" BGColor="ffffffff" TextColor="ffffffff" Overlapped="1" LeftEdgeControlsAnchor="InventoryInvoke_Left" TopEdgeControlsAnchor="InventoryInvoke_Top" NewControlDepth="2" NeverBringToFront="1" IgnoreMouse="1" TooltipColor="" Tooltip="">
        <Control Class="Window" LAnchorPoint="1" LAnchorOffset="-64" TAnchorPoint="0" TAnchorOffset="-4" RAnchorPoint="1" RAnchorOffset="-12" BAnchorPoint="1" BAnchorOffset="-4" RelativeToClient="1" Font="Default" Text="" Template="Default" Name="BGBolt" BGColor="ffffffff" TextColor="ffffffff" Sprite="CRB_BaseBarSprites:sprHUD_InventoryBackerBolt" Picture="1" IgnoreMouse="1" TooltipColor="" HideInEditor="1" Visible="0" Tooltip="" NoClip="1"/>
        <Control Class="Window" LAnchorPoint="0" LAnchorOffset="0" TAnchorPoint="1" TAnchorOffset="-69" RAnchorPoint="1" RAnchorOffset="0" BAnchorPoint="1" BAnchorOffset="0" RelativeToClient="1" Font="Default" Text="" Template="Default" Name="BGArt" BGColor="ffffffff" TextColor="ffffffff" Picture="1" IgnoreMouse="1" Sprite="CRB_BaseBarSprites:sprHUD_InventoryBacker" HideInEditor="0" TooltipColor=""/>
        <Control Class="Button" Base="CRB_BaseBarSprites:btnHUD_InventoryBag" Font="CRB_InterfaceMedium" ButtonType="PushButton" RadioGroup="" LAnchorPoint="0" LAnchorOffset="9" TAnchorPoint="0" TAnchorOffset="9" RAnchorPoint="0" RAnchorOffset="55" BAnchorPoint="0" BAnchorOffset="46" DT_VCENTER="1" DT_CENTER="1" Name="InvokeBtn" BGColor="ffffffff" TextColor="ffffffff" NeverBringToFront="1" WindowSoundTemplate="Custom" HideInEditor="0" NewControlDepth="2" NormalTextColor="ffffffff" PressedTextColor="ffffffff" FlybyTextColor="ffffffff" PressedFlybyTextColor="ffffffff" DisabledTextColor="ffffffff" TooltipColor="">
            <Event Name="ButtonSignal" Function="OnToggleFromDatachronIcon"/>
        </Control>
        <Control Class="MLWindow" LAnchorPoint="1" LAnchorOffset="-80" TAnchorPoint="1" TAnchorOffset="-23" RAnchorPoint="1" RAnchorOffset="-40" BAnchorPoint="1" BAnchorOffset="-2" RelativeToClient="1" Font="CRB_InterfaceSmall" Template="Default" Name="CountText" BGColor="ffffffff" TextColor="ffffffff" TextId="" Text="" IgnoreMouse="1" TooltipColor="" Tooltip=""/>
        <Control Class="Window" LAnchorPoint="0" LAnchorOffset="6" TAnchorPoint="0" TAnchorOffset="-29" RAnchorPoint="0" RAnchorOffset="57" BAnchorPoint="0" BAnchorOffset="21" RelativeToClient="1" Font="Default" Text="" Template="Default" Name="QuestItemNotice" BGColor="ffffffff" TextColor="ffffffff" Picture="1" IgnoreMouse="1" NewControlDepth="8" Sprite="ClientSprites:sprItem_NewQuest" Visible="0" HideInEditor="0" TooltipColor="white" NoClip="1" TooltipType="OnCursor" TooltipFont="CRB_InterfaceMedium" Tooltip="You have an item that starts a quest in your inventory" TooltipId="" IgnoreTooltipDelay="1"/>
        <Event Name="MouseButtonUp" Function="OnInvokeFormMouseButtonUp"/>
    </Form>
    <Form Class="Window" LAnchorPoint=".5" LAnchorOffset="-154" TAnchorPoint=".5" TAnchorOffset="-224" RAnchorPoint=".5" RAnchorOffset="154" BAnchorPoint=".5" BAnchorOffset="-119" RelativeToClient="1" Font="CRB_InterfaceMedium" Text="" Template="Default" Name="InventoryDeleteNotice" Border="0" Picture="0" SwallowMouseClicks="1" Moveable="1" Escapable="1" Overlapped="1" BGColor="ffffffff" TextColor="ffffffff" NoClip="1" TooltipColor="">
        <Control Class="Window" LAnchorPoint="0" LAnchorOffset="13" TAnchorPoint="0" TAnchorOffset="5" RAnchorPoint="1" RAnchorOffset="-13" BAnchorPoint="1" BAnchorOffset="-4" RelativeToClient="1" Font="CRB_InterfaceLarge" Text="" Template="CRB_Hologram" Name="Hologram" BGColor="ffffffff" TextColor="ff4dffff" Border="1" UseTemplateBG="1" Sprite="CRB_UIKitSprites:spr_HologramLines" Picture="1" DT_CENTER="1" DT_VCENTER="0" DT_WORDBREAK="1" DT_SINGLELINE="0" DT_BOTTOM="0" DT_RIGHT="0">
            <Control Class="Button" Base="" Font="CRB_InterfaceMedium" ButtonType="PushButton" RadioGroup="" LAnchorPoint="0" LAnchorOffset="27" TAnchorPoint="0" TAnchorOffset="47" RAnchorPoint="0" RAnchorOffset="141" BAnchorPoint="0" BAnchorOffset="93" DT_VCENTER="1" DT_CENTER="1" Name="DeleteBtn" BGColor="ffffffff" TextColor="ff4dffff" NormalTextColor="ff4dffff" PressedTextColor="ffffffff" FlybyTextColor="ffffffff" PressedFlybyTextColor="ffffffff" WindowSoundTemplate="PushbuttonDigi02" TextId="CRB_Delete">
                <Event Name="ButtonSignal" Function="OnDeleteBtn"/>
            </Control>
            <Control Class="Button" Base="" Font="CRB_InterfaceMedium" ButtonType="PushButton" RadioGroup="" LAnchorPoint="0" LAnchorOffset="141" TAnchorPoint="0" TAnchorOffset="47" RAnchorPoint="0" RAnchorOffset="255" BAnchorPoint="0" BAnchorOffset="93" DT_VCENTER="1" DT_CENTER="1" Name="CancelBtn" BGColor="ffffffff" TextColor="ff4dffff" NormalTextColor="ff4dffff" PressedTextColor="ffffffff" FlybyTextColor="ffffffff" PressedFlybyTextColor="ffffffff" WindowSoundTemplate="PushbuttonDigi03" TextId="CRB_Cancel">
                <Event Name="ButtonSignal" Function="OnCancelDeleteBtn"/>
            </Control>
            <Control Class="Window" LAnchorPoint="0" LAnchorOffset="10" TAnchorPoint="0" TAnchorOffset="0" RAnchorPoint="1" RAnchorOffset="-7" BAnchorPoint="0" BAnchorOffset="49" RelativeToClient="1" Font="CRB_InterfaceMedium" Template="Default" Name="NoticeText" BGColor="ffffffff" TextColor="ff4dffff" DT_CENTER="1" DT_VCENTER="1" DT_WORDBREAK="1" TextId="CRB_Are_you_sure_you_want_to_delete_this"/>
        </Control>
        <Control Class="Window" LAnchorPoint="0" LAnchorOffset="0" TAnchorPoint="0" TAnchorOffset="0" RAnchorPoint="1" RAnchorOffset="0" BAnchorPoint="1" BAnchorOffset="0" RelativeToClient="1" Font="CRB_InterfaceMedium" Text="" Template="Default" Name="Brackets" BGColor="ffffffff" TextColor="ffffffff" Picture="1" Sprite="CRB_UIKitSprites:spr_hologramBrackets" NewControlDepth="2"/>
        <Control Class="Button" Base="CRB_UIKitSprites:btn_closeSmall" Font="CRB_InterfaceMedium" ButtonType="PushButton" RadioGroup="" LAnchorPoint="0" LAnchorOffset="287" TAnchorPoint="0" TAnchorOffset="-2" RAnchorPoint="0" RAnchorOffset="311" BAnchorPoint="0" BAnchorOffset="23" DT_VCENTER="1" DT_CENTER="1" Name="CloseBtn" BGColor="ffffffff" TextColor="ffffffff" NoClip="1" NewControlDepth="3" WindowSoundTemplate="CloseWindowPhys">
            <Event Name="ButtonSignal" Function="OnCancelDeleteBtn"/>
        </Control>
    </Form>
    <Form Class="Window" LAnchorPoint=".5" LAnchorOffset="-154" TAnchorPoint=".5" TAnchorOffset="-224" RAnchorPoint=".5" RAnchorOffset="154" BAnchorPoint=".5" BAnchorOffset="-119" RelativeToClient="1" Font="CRB_InterfaceMedium" Text="" Template="Default" Name="InventorySalvageNotice" Border="0" Picture="0" SwallowMouseClicks="1" Moveable="1" Escapable="1" Overlapped="1" BGColor="ffffffff" TextColor="ffffffff" NoClip="1">
        <Control Class="Window" LAnchorPoint="0" LAnchorOffset="13" TAnchorPoint="0" TAnchorOffset="5" RAnchorPoint="1" RAnchorOffset="-13" BAnchorPoint="1" BAnchorOffset="-4" RelativeToClient="1" Font="CRB_InterfaceLarge" Text="" Template="CRB_Hologram" Name="Hologram" BGColor="ffffffff" TextColor="ff4dffff" Border="1" UseTemplateBG="1" Sprite="CRB_UIKitSprites:spr_HologramLines" Picture="1" DT_CENTER="1" DT_VCENTER="0" DT_WORDBREAK="1" DT_SINGLELINE="0" DT_BOTTOM="0" DT_RIGHT="0">
            <Control Class="Button" Base="" Font="CRB_InterfaceMedium" ButtonType="PushButton" RadioGroup="" LAnchorPoint="0" LAnchorOffset="27" TAnchorPoint="0" TAnchorOffset="47" RAnchorPoint="0" RAnchorOffset="141" BAnchorPoint="0" BAnchorOffset="93" DT_VCENTER="1" DT_CENTER="1" Name="SalvageBtn" BGColor="ffffffff" TextColor="ff4dffff" NormalTextColor="ff4dffff" PressedTextColor="ffffffff" FlybyTextColor="ffffffff" PressedFlybyTextColor="ffffffff" WindowSoundTemplate="PushbuttonDigi02" TextId="CRB_Salvage" DisabledTextColor="ffffffff" Text="">
                <Event Name="ButtonSignal" Function="OnSalvageBtn"/>
            </Control>
            <Control Class="Button" Base="" Font="CRB_InterfaceMedium" ButtonType="PushButton" RadioGroup="" LAnchorPoint="0" LAnchorOffset="141" TAnchorPoint="0" TAnchorOffset="47" RAnchorPoint="0" RAnchorOffset="255" BAnchorPoint="0" BAnchorOffset="93" DT_VCENTER="1" DT_CENTER="1" Name="CancelBtn" BGColor="ffffffff" TextColor="ff4dffff" NormalTextColor="ff4dffff" PressedTextColor="ffffffff" FlybyTextColor="ffffffff" PressedFlybyTextColor="ffffffff" WindowSoundTemplate="PushbuttonDigi03" TextId="CRB_Cancel" DisabledTextColor="ffffffff">
                <Event Name="ButtonSignal" Function="OnCancelSalvageBtn"/>
            </Control>
            <Control Class="Window" LAnchorPoint="0" LAnchorOffset="10" TAnchorPoint="0" TAnchorOffset="0" RAnchorPoint="1" RAnchorOffset="-7" BAnchorPoint="0" BAnchorOffset="49" RelativeToClient="1" Font="CRB_InterfaceMedium" Template="Default" Name="NoticeText" BGColor="ffffffff" TextColor="ff4dffff" DT_CENTER="1" DT_VCENTER="1" DT_WORDBREAK="1" TextId="CRB_Are_you_sure_you_want_to_salvage_this" Text=""/>
        </Control>
        <Control Class="Window" LAnchorPoint="0" LAnchorOffset="0" TAnchorPoint="0" TAnchorOffset="0" RAnchorPoint="1" RAnchorOffset="0" BAnchorPoint="1" BAnchorOffset="0" RelativeToClient="1" Font="CRB_InterfaceMedium" Text="" Template="Default" Name="Brackets" BGColor="ffffffff" TextColor="ffffffff" Picture="1" Sprite="CRB_UIKitSprites:spr_hologramBrackets" NewControlDepth="2"/>
        <Control Class="Button" Base="CRB_UIKitSprites:btn_closeSmall" Font="CRB_InterfaceMedium" ButtonType="PushButton" RadioGroup="" LAnchorPoint="0" LAnchorOffset="287" TAnchorPoint="0" TAnchorOffset="-2" RAnchorPoint="0" RAnchorOffset="311" BAnchorPoint="0" BAnchorOffset="23" DT_VCENTER="1" DT_CENTER="1" Name="CloseBtn" BGColor="ffffffff" TextColor="ffffffff" NoClip="1" NewControlDepth="3" WindowSoundTemplate="CloseWindowPhys" NormalTextColor="ffffffff" PressedTextColor="ffffffff" FlybyTextColor="ffffffff" PressedFlybyTextColor="ffffffff" DisabledTextColor="ffffffff">
            <Event Name="ButtonSignal" Function="OnCancelSalvageBtn"/>
        </Control>
    </Form>
    <Form Class="Window" LAnchorPoint="1" LAnchorOffset="-333" TAnchorPoint="1" TAnchorOffset="-461" RAnchorPoint="1" RAnchorOffset="-169" BAnchorPoint="1" BAnchorOffset="-253" RelativeToClient="1" Font="CRB_InterfaceMedium" Sprite="" Template="Default" Name="InventoryBagA" BGColor="ffffffff" TextColor="ffffffff" Border="0" Overlapped="1" Picture="0" TextId="" Escapable="1" Moveable="1" SwallowMouseClicks="1" UseTemplateBG="0" TransitionShowHide="1" UseTransitionSprite="0">
        <Control Class="Window" LAnchorPoint="0" LAnchorOffset="0" TAnchorPoint="0" TAnchorOffset="0" RAnchorPoint="1" RAnchorOffset="0" BAnchorPoint="1" BAnchorOffset="0" RelativeToClient="1" Font="CRB_InterfaceMedium" Text="" Template="CRB_NormalFramedThin" Name="MainBack" BGColor="ffffffff" TextColor="ffffffff" Picture="1" Border="1" UseTemplateBG="1" TextId=""/>
        <Control Class="BagWindow" LAnchorPoint="0" LAnchorOffset="6" TAnchorPoint="0" TAnchorOffset="50" RAnchorPoint="1" RAnchorOffset="-6" BAnchorPoint="1" BAnchorOffset="-6" RelativeToClient="0" Font="CRB_InterfaceMedium" Sprite="CRB_UIKitSprites:spr_baseframe" Text="" Template="CRB_Normal" Name="BagWindow" BGColor="ffffffff" TextColor="ffffffff" Border="0" Picture="1" NewControlDepth="1" NoClip="1" SwallowMouseClicks="1" UseTemplateBG="1" VScroll="0" IgnoreTooltipDelay="1" NewQuestOverlaySprite="sprHUD_InvQuestStartItem">
            <Event Name="DragDropCancel" Function="OnBagDragDropCancel"/>
        </Control>
        <Control Class="Window" LAnchorPoint="0" LAnchorOffset="4" TAnchorPoint="0" TAnchorOffset="49" RAnchorPoint="1" RAnchorOffset="-4" BAnchorPoint="0" BAnchorOffset="204" RelativeToClient="0" Font="CRB_InterfaceMedium" Sprite="WhiteFill" Text="" Template="CRB_Normal" Name="BagWindowDisabler" BGColor="80000000" TextColor="ffffffff" Border="0" Picture="1" NewControlDepth="64" NoClip="1" SwallowMouseClicks="1" UseTemplateBG="0" VScroll="0" Visible="0" HideInEditor="0"/>
        <Control Class="Window" LAnchorPoint="0" LAnchorOffset="5" TAnchorPoint="0" TAnchorOffset="4" RAnchorPoint="1" RAnchorOffset="-5" BAnchorPoint="0" BAnchorOffset="50" RelativeToClient="1" Font="CRB_InterfaceMedium" Text="" Template="Default" Name="Header" BGColor="ffffffff" TextColor="ffffffff" Picture="1" Sprite="CRB_UIKitSprites:spr_footerSIMPLE">
            <Control Class="Window" LAnchorPoint="0" LAnchorOffset="12" TAnchorPoint="0" TAnchorOffset="8" RAnchorPoint="1" RAnchorOffset="-37" BAnchorPoint="1" BAnchorOffset="-8" RelativeToClient="1" Font="CRB_InterfaceMedium" Template="Default" Name="HeaderTextA" BGColor="ffffffff" TextColor="ffc0c0c0" DT_VCENTER="1" TextId="CRB_Bag_1"/>
        </Control>
        <Control Class="Window" LAnchorPoint="1" LAnchorOffset="-75" TAnchorPoint="0" TAnchorOffset="13" RAnchorPoint="1" RAnchorOffset="-46" BAnchorPoint="0" BAnchorOffset="42" RelativeToClient="1" Font="CRB_InterfaceMedium_B" Text="" Template="Default" Name="SalvageIcon" BGColor="ffffffff" TextColor="ffff0000" Sprite="CRB_UIKitSprites:spr_salvageDisabled" Picture="1" NewControlDepth="3" DT_CENTER="1" DT_VCENTER="1" Tooltip="" TooltipId="" TextId="">
            <Event Name="DragDrop" Function="OnDragDropSalvage"/>
            <Event Name="QueryDragDrop" Function="OnQueryDragDropSalvage"/>
            <Event Name="DragDropTargetNotify" Function="OnDragDropNotifySalvage"/>
        </Control>
        <Control Class="Window" LAnchorPoint="1" LAnchorOffset="-45" TAnchorPoint="0" TAnchorOffset="13" RAnchorPoint="1" RAnchorOffset="-16" BAnchorPoint="0" BAnchorOffset="42" RelativeToClient="1" Font="CRB_InterfaceMedium" Text="" Template="Default" Name="TrashIcon" BGColor="ffffffff" TextColor="ffffffff" Sprite="CRB_UIKitSprites:spr_trashDisabled" Picture="1" NewControlDepth="3">
            <Event Name="DragDrop" Function="OnDragDropTrash"/>
            <Event Name="QueryDragDrop" Function="OnQueryDragDropTrash"/>
            <Event Name="DragDropTargetNotify" Function="OnDragDropNotifyTrash"/>
        </Control>
        <Control Class="Button" Text="" Base="CRB_UIKitSprites:btn_closeSmall" Font="CRB_InterfaceMedium" ButtonType="PushButton" RadioGroup="" LAnchorPoint="1" LAnchorOffset="-23" TAnchorPoint="0" TAnchorOffset="-1" RAnchorPoint="1" RAnchorOffset="0" BAnchorPoint="0" BAnchorOffset="23" DT_VCENTER="1" DT_CENTER="1" Name="CloseBtn" BGColor="ffffffff" TextColor="ffffffff" NoClip="1" RelativeToClient="1" TestAlpha="1" Template="" NewControlDepth="2" WindowSoundTemplate="CloseWindowPhys" NormalTextColor="ffffffff" PressedTextColor="ffffffff" FlybyTextColor="ffffffff" PressedFlybyTextColor="ffffffff" DisabledTextColor="ffffffff">
            <Event Name="ButtonSignal" Function="OnCloseBtnA"/>
        </Control>
        <Event Name="WindowClosed" Function="OnCloseBag"/>
        <Control Class="Window" LAnchorPoint="0" LAnchorOffset="92" TAnchorPoint="0" TAnchorOffset="16" RAnchorPoint="0" RAnchorOffset="115" BAnchorPoint="0" BAnchorOffset="39" RelativeToClient="1" Font="Default" Text="" Template="Default" Name="SalvageBlocker" BGColor="6f000000" TextColor="ffffffff" Picture="1" IgnoreMouse="1" Sprite="ClientSprites:WhiteCircle" NewControlDepth="5" Visible="0"/>
    </Form>
    <Form Class="Window" LAnchorPoint=".5" LAnchorOffset="-479" TAnchorPoint=".5" TAnchorOffset="-77" RAnchorPoint=".5" RAnchorOffset="-350" BAnchorPoint=".5" BAnchorOffset="141" RelativeToClient="1" Font="CRB_InterfaceMedium" Sprite="" Template="Default" Name="LootWindow" BGColor="ffffffff" TextColor="ffffffff" Border="0" Overlapped="1" Picture="0" TextId="" Escapable="1" Moveable="1" SwallowMouseClicks="1" UseTemplateBG="0" Text="" Tooltip="" TooltipId="">
        <Control Class="Window" LAnchorPoint="0" LAnchorOffset="0" TAnchorPoint="0" TAnchorOffset="0" RAnchorPoint="1" RAnchorOffset="0" BAnchorPoint="1" BAnchorOffset="0" RelativeToClient="1" Font="Default" Text="" Template="Default" Name="LootWinArt" BGColor="ffffffff" TextColor="ffffffff">
            <Control Class="Window" LAnchorPoint="0" LAnchorOffset="0" TAnchorPoint="0" TAnchorOffset="0" RAnchorPoint="1" RAnchorOffset="0" BAnchorPoint="0" BAnchorOffset="49" RelativeToClient="1" Font="Default" Text="" Template="Default" Name="WinArtHeader" BGColor="ffffffff" TextColor="ffffffff" Picture="1" IgnoreMouse="1" Sprite="CRB_UIKitSprites:spr_footerSIMPLE" NoClip="1"/>
            <Control Class="Window" LAnchorPoint="0" LAnchorOffset="0" TAnchorPoint="0" TAnchorOffset="45" RAnchorPoint="1" RAnchorOffset="0" BAnchorPoint="1" BAnchorOffset="0" RelativeToClient="1" Font="CRB_InterfaceMedium" Text="" Template="CRB_NormalFramedThin" Name="WinArtBack" BGColor="ffffffff" TextColor="ffffffff" Picture="0" Border="1" UseTemplateBG="1" Sprite="CRB_UIKitSprites:spr_baseframe" IgnoreMouse="1"/>
            <Control Class="Window" LAnchorPoint="0" LAnchorOffset="6" TAnchorPoint="0" TAnchorOffset="168" RAnchorPoint="1" RAnchorOffset="-7" BAnchorPoint="1" BAnchorOffset="-6" RelativeToClient="1" Font="Default" Text="" Template="Default" Name="WinArtLootAllBase" BGColor="ffffffff" TextColor="ffffffff" Picture="1" IgnoreMouse="1" Sprite="CRB_UIKitSprites:spr_innerframePLAIN"/>
        </Control>
        <Control Class="LootWindow" LAnchorPoint="0" LAnchorOffset="7" TAnchorPoint="0" TAnchorOffset="52" RAnchorPoint="0" RAnchorOffset="121" BAnchorPoint="0" BAnchorOffset="166" RelativeToClient="0" Font="CRB_InterfaceMedium" Sprite="CRB_UIKitSprites:spr_baseframe" Text="" Template="CRB_Normal" Name="BagWindow" BGColor="ffffffff" TextColor="ffffffff" Border="0" Picture="1" NewControlDepth="1" NoClip="1" SwallowMouseClicks="1" UseTemplateBG="1" VScroll="0" IgnoreTooltipDelay="1">
            <Event Name="DragDropCancel" Function="OnBagDragDropCancel"/>
        </Control>
        <Control Class="Button" Text="" Base="CRB_UIKitSprites:btn_closeSmall" Font="CRB_InterfaceMedium" ButtonType="PushButton" RadioGroup="" LAnchorPoint="1" LAnchorOffset="-18" TAnchorPoint="0" TAnchorOffset="-1" RAnchorPoint="1" RAnchorOffset="11" BAnchorPoint="0" BAnchorOffset="27" DT_VCENTER="1" DT_CENTER="1" Name="CloseBtn" BGColor="ffffffff" TextColor="ffffffff" NoClip="1" RelativeToClient="1" TestAlpha="1" Template="" NewControlDepth="2" WindowSoundTemplate="CloseWindowPhys">
            <Event Name="ButtonSignal" Function="OnLootWindowCloseBtn"/>
        </Control>
        <Event Name="WindowClosed" Function="OnCloseLootWindow"/>
        <Control Class="Button" Base="CRB_UIKitSprites:btn_square_LARGE_Green" Font="CRB_InterfaceMedium" ButtonType="PushButton" RadioGroup="" LAnchorPoint="0" LAnchorOffset="11" TAnchorPoint="0" TAnchorOffset="173" RAnchorPoint="0" RAnchorOffset="117" BAnchorPoint="0" BAnchorOffset="208" DT_VCENTER="1" DT_CENTER="1" Name="LootAllBtn" BGColor="ffffffff" TextColor="ffffffff" Text="" TextId="CRB_Loot_All" Tooltip="" TooltipId="" DT_WORDBREAK="1">
            <Event Name="ButtonSignal" Function="OnLootAll"/>
        </Control>
        <Control Class="Window" LAnchorPoint="0" LAnchorOffset="9" TAnchorPoint="0" TAnchorOffset="8" RAnchorPoint="1" RAnchorOffset="-12" BAnchorPoint="0" BAnchorOffset="38" RelativeToClient="1" Font="CRB_InterfaceMedium" Template="Default" Name="HeaderTextA" BGColor="ffffffff" TextColor="ffc0c0c0" DT_VCENTER="1" TextId="CRB_Loot" Text="" DT_CENTER="1"/>
    </Form>
    <Form Class="Window" LAnchorPoint="0.5" LAnchorOffset="-200" TAnchorPoint="CenterTextBottom" TAnchorOffset="-40" RAnchorPoint="0.5" RAnchorOffset="200" BAnchorPoint="CenterTextBottom" BAnchorOffset="-5" RelativeToClient="0" Font="CRB_HeaderLarge_O" Text="" Template="Default" Name="VacuumPrompt" Border="0" Picture="0" SwallowMouseClicks="1" Moveable="0" Escapable="0" Overlapped="0" BGColor="ffffffff" TextColor="ffffffff" TextId="Vacuum" IgnoreMouse="1" DT_CENTER="1" DT_VCENTER="1" Tooltip="" TooltipId=""/>
    <Form Class="Window" LAnchorPoint="1" LAnchorOffset="-167" TAnchorPoint="1" TAnchorOffset="-461" RAnchorPoint="1" RAnchorOffset="-3" BAnchorPoint="1" BAnchorOffset="-253" RelativeToClient="1" Font="CRB_InterfaceMedium" Sprite="" Template="Default" Name="InventoryBagB" BGColor="ffffffff" TextColor="ffffffff" Border="0" Overlapped="1" Picture="0" TextId="" Escapable="1" Moveable="1" SwallowMouseClicks="1" UseTemplateBG="0" Text="" TransitionShowHide="1" UseTransitionSprite="0" TooltipColor="">
        <Control Class="Window" LAnchorPoint="0" LAnchorOffset="0" TAnchorPoint="0" TAnchorOffset="0" RAnchorPoint="1" RAnchorOffset="0" BAnchorPoint="1" BAnchorOffset="0" RelativeToClient="1" Font="CRB_InterfaceMedium" Text="" Template="CRB_NormalFramedThin" Name="MainBack" BGColor="ffffffff" TextColor="ffffffff" Picture="1" Border="1" UseTemplateBG="1" TextId=""/>
        <Control Class="BagWindow" LAnchorPoint="0" LAnchorOffset="6" TAnchorPoint="0" TAnchorOffset="50" RAnchorPoint="1" RAnchorOffset="-6" BAnchorPoint="1" BAnchorOffset="-6" RelativeToClient="0" Font="CRB_InterfaceMedium" Sprite="CRB_UIKitSprites:spr_baseframe" Text="" Template="CRB_Normal" Name="BagWindow" BGColor="ffffffff" TextColor="ffffffff" Border="0" Picture="1" NewControlDepth="1" NoClip="1" SwallowMouseClicks="1" UseTemplateBG="1" VScroll="0" IgnoreTooltipDelay="1" NewQuestOverlaySprite="sprHUD_InvQuestStartItem">
            <Event Name="DragDropCancel" Function="OnBagDragDropCancel"/>
        </Control>
        <Control Class="Window" LAnchorPoint="0" LAnchorOffset="4" TAnchorPoint="0" TAnchorOffset="49" RAnchorPoint="1" RAnchorOffset="-4" BAnchorPoint="0" BAnchorOffset="204" RelativeToClient="0" Font="CRB_InterfaceMedium" Sprite="WhiteFill" Text="" Template="CRB_Normal" Name="BagWindowDisabler" BGColor="80000000" TextColor="ffffffff" Border="0" Picture="1" NewControlDepth="64" NoClip="1" SwallowMouseClicks="1" UseTemplateBG="0" VScroll="0" Visible="0" HideInEditor="0"/>
        <Control Class="Window" LAnchorPoint="0" LAnchorOffset="5" TAnchorPoint="0" TAnchorOffset="4" RAnchorPoint="1" RAnchorOffset="-5" BAnchorPoint="0" BAnchorOffset="50" RelativeToClient="1" Font="CRB_InterfaceMedium" Text="" Template="Default" Name="Header" BGColor="ffffffff" TextColor="ffffffff" Picture="1" Sprite="CRB_UIKitSprites:spr_footerSIMPLE">
            <Control Class="Window" LAnchorPoint="0" LAnchorOffset="12" TAnchorPoint="0" TAnchorOffset="8" RAnchorPoint="1" RAnchorOffset="-37" BAnchorPoint="1" BAnchorOffset="-8" RelativeToClient="1" Font="CRB_InterfaceMedium" Template="Default" Name="HeaderTextB" BGColor="ffffffff" TextColor="ffc0c0c0" DT_VCENTER="1" TextId="CRB_Bag_2" Text=""/>
        </Control>
        <Control Class="Window" LAnchorPoint="1" LAnchorOffset="-75" TAnchorPoint="0" TAnchorOffset="13" RAnchorPoint="1" RAnchorOffset="-46" BAnchorPoint="0" BAnchorOffset="42" RelativeToClient="1" Font="CRB_InterfaceMedium_B" Text="" Template="Default" Name="SalvageIcon" BGColor="ffffffff" TextColor="ffff0000" Sprite="CRB_UIKitSprites:spr_salvageDisabled" Picture="1" NewControlDepth="3" DT_CENTER="1" DT_VCENTER="1" Tooltip="" TooltipId="" TextId="">
            <Event Name="DragDrop" Function="OnDragDropSalvage"/>
            <Event Name="QueryDragDrop" Function="OnQueryDragDropSalvage"/>
            <Event Name="DragDropTargetNotify" Function="OnDragDropNotifySalvage"/>
        </Control>
        <Control Class="Window" LAnchorPoint="1" LAnchorOffset="-45" TAnchorPoint="0" TAnchorOffset="13" RAnchorPoint="1" RAnchorOffset="-16" BAnchorPoint="0" BAnchorOffset="42" RelativeToClient="1" Font="CRB_InterfaceMedium" Text="" Template="Default" Name="TrashIcon" BGColor="ffffffff" TextColor="ffffffff" Sprite="CRB_UIKitSprites:spr_trashDisabled" Picture="1" NewControlDepth="3">
            <Event Name="DragDrop" Function="OnDragDropTrash"/>
            <Event Name="QueryDragDrop" Function="OnQueryDragDropTrash"/>
            <Event Name="DragDropTargetNotify" Function="OnDragDropNotifyTrash"/>
        </Control>
        <Control Class="Button" Text="" Base="CRB_UIKitSprites:btn_closeSmall" Font="CRB_InterfaceMedium" ButtonType="PushButton" RadioGroup="" LAnchorPoint="1" LAnchorOffset="-23" TAnchorPoint="0" TAnchorOffset="-1" RAnchorPoint="1" RAnchorOffset="0" BAnchorPoint="0" BAnchorOffset="23" DT_VCENTER="1" DT_CENTER="1" Name="CloseBtn" BGColor="ffffffff" TextColor="ffffffff" NoClip="1" RelativeToClient="1" TestAlpha="1" Template="" NewControlDepth="2" WindowSoundTemplate="CloseWindowPhys" NormalTextColor="ffffffff" PressedTextColor="ffffffff" FlybyTextColor="ffffffff" PressedFlybyTextColor="ffffffff" DisabledTextColor="ffffffff">
            <Event Name="ButtonSignal" Function="OnCloseBtnB"/>
        </Control>
        <Event Name="WindowClosed" Function="OnCloseBag"/>
        <Control Class="Window" LAnchorPoint="0" LAnchorOffset="92" TAnchorPoint="0" TAnchorOffset="16" RAnchorPoint="0" RAnchorOffset="115" BAnchorPoint="0" BAnchorOffset="39" RelativeToClient="1" Font="Default" Text="" Template="Default" Name="SalvageBlocker" BGColor="6f000000" TextColor="ffffffff" Picture="1" IgnoreMouse="1" Sprite="ClientSprites:WhiteCircle" NewControlDepth="5" Visible="0"/>
    </Form>
    <Form Class="Window" LAnchorPoint="1" LAnchorOffset="-333" TAnchorPoint="1" TAnchorOffset="-251" RAnchorPoint="1" RAnchorOffset="-169" BAnchorPoint="1" BAnchorOffset="-43" RelativeToClient="1" Font="CRB_InterfaceMedium" Sprite="" Template="Default" Name="InventoryBagC" BGColor="ffffffff" TextColor="ffffffff" Border="0" Overlapped="1" Picture="0" TextId="" Escapable="1" Moveable="1" SwallowMouseClicks="1" UseTemplateBG="0" TransitionShowHide="1" UseTransitionSprite="0">
        <Control Class="Window" LAnchorPoint="0" LAnchorOffset="0" TAnchorPoint="0" TAnchorOffset="0" RAnchorPoint="1" RAnchorOffset="0" BAnchorPoint="1" BAnchorOffset="0" RelativeToClient="1" Font="CRB_InterfaceMedium" Text="" Template="CRB_NormalFramedThin" Name="MainBack" BGColor="ffffffff" TextColor="ffffffff" Picture="1" Border="1" UseTemplateBG="1" TextId=""/>
        <Control Class="BagWindow" LAnchorPoint="0" LAnchorOffset="6" TAnchorPoint="0" TAnchorOffset="50" RAnchorPoint="1" RAnchorOffset="-6" BAnchorPoint="1" BAnchorOffset="-6" RelativeToClient="0" Font="CRB_InterfaceMedium" Sprite="CRB_UIKitSprites:spr_baseframe" Text="" Template="CRB_Normal" Name="BagWindow" BGColor="ffffffff" TextColor="ffffffff" Border="0" Picture="1" NewControlDepth="1" NoClip="1" SwallowMouseClicks="1" UseTemplateBG="1" VScroll="0" IgnoreTooltipDelay="1" NewQuestOverlaySprite="sprHUD_InvQuestStartItem">
            <Event Name="DragDropCancel" Function="OnBagDragDropCancel"/>
        </Control>
        <Control Class="Window" LAnchorPoint="0" LAnchorOffset="4" TAnchorPoint="0" TAnchorOffset="49" RAnchorPoint="1" RAnchorOffset="-4" BAnchorPoint="0" BAnchorOffset="204" RelativeToClient="0" Font="CRB_InterfaceMedium" Sprite="WhiteFill" Text="" Template="CRB_Normal" Name="BagWindowDisabler" BGColor="80000000" TextColor="ffffffff" Border="0" Picture="1" NewControlDepth="64" NoClip="1" SwallowMouseClicks="1" UseTemplateBG="0" VScroll="0" Visible="0" HideInEditor="0"/>
        <Control Class="Window" LAnchorPoint="0" LAnchorOffset="5" TAnchorPoint="0" TAnchorOffset="4" RAnchorPoint="1" RAnchorOffset="-5" BAnchorPoint="0" BAnchorOffset="50" RelativeToClient="1" Font="CRB_InterfaceMedium" Text="" Template="Default" Name="Header" BGColor="ffffffff" TextColor="ffffffff" Picture="1" Sprite="CRB_UIKitSprites:spr_footerSIMPLE">
            <Control Class="Window" LAnchorPoint="0" LAnchorOffset="12" TAnchorPoint="0" TAnchorOffset="8" RAnchorPoint="1" RAnchorOffset="-37" BAnchorPoint="1" BAnchorOffset="-8" RelativeToClient="1" Font="CRB_InterfaceMedium" Template="Default" Name="HeaderTextC" BGColor="ffffffff" TextColor="ffc0c0c0" DT_VCENTER="1" TextId="CRB_Bag_3" Text=""/>
        </Control>
        <Control Class="Window" LAnchorPoint="1" LAnchorOffset="-75" TAnchorPoint="0" TAnchorOffset="13" RAnchorPoint="1" RAnchorOffset="-46" BAnchorPoint="0" BAnchorOffset="42" RelativeToClient="1" Font="CRB_InterfaceMedium_B" Text="" Template="Default" Name="SalvageIcon" BGColor="ffffffff" TextColor="ffff0000" Sprite="CRB_UIKitSprites:spr_salvageDisabled" Picture="1" NewControlDepth="3" DT_CENTER="1" DT_VCENTER="1" Tooltip="" TooltipId="" TextId="">
            <Event Name="DragDrop" Function="OnDragDropSalvage"/>
            <Event Name="QueryDragDrop" Function="OnQueryDragDropSalvage"/>
            <Event Name="DragDropTargetNotify" Function="OnDragDropNotifySalvage"/>
        </Control>
        <Control Class="Window" LAnchorPoint="1" LAnchorOffset="-45" TAnchorPoint="0" TAnchorOffset="13" RAnchorPoint="1" RAnchorOffset="-16" BAnchorPoint="0" BAnchorOffset="42" RelativeToClient="1" Font="CRB_InterfaceMedium" Text="" Template="Default" Name="TrashIcon" BGColor="ffffffff" TextColor="ffffffff" Sprite="CRB_UIKitSprites:spr_trashDisabled" Picture="1" NewControlDepth="3">
            <Event Name="DragDrop" Function="OnDragDropTrash"/>
            <Event Name="QueryDragDrop" Function="OnQueryDragDropTrash"/>
            <Event Name="DragDropTargetNotify" Function="OnDragDropNotifyTrash"/>
        </Control>
        <Control Class="Button" Text="" Base="CRB_UIKitSprites:btn_closeSmall" Font="CRB_InterfaceMedium" ButtonType="PushButton" RadioGroup="" LAnchorPoint="1" LAnchorOffset="-23" TAnchorPoint="0" TAnchorOffset="-1" RAnchorPoint="1" RAnchorOffset="0" BAnchorPoint="0" BAnchorOffset="23" DT_VCENTER="1" DT_CENTER="1" Name="CloseBtn" BGColor="ffffffff" TextColor="ffffffff" NoClip="1" RelativeToClient="1" TestAlpha="1" Template="" NewControlDepth="2" WindowSoundTemplate="CloseWindowPhys" NormalTextColor="ffffffff" PressedTextColor="ffffffff" FlybyTextColor="ffffffff" PressedFlybyTextColor="ffffffff" DisabledTextColor="ffffffff">
            <Event Name="ButtonSignal" Function="OnCloseBtnC"/>
        </Control>
        <Event Name="WindowClosed" Function="OnCloseBag"/>
        <Control Class="Window" LAnchorPoint="0" LAnchorOffset="92" TAnchorPoint="0" TAnchorOffset="16" RAnchorPoint="0" RAnchorOffset="115" BAnchorPoint="0" BAnchorOffset="39" RelativeToClient="1" Font="Default" Text="" Template="Default" Name="SalvageBlocker" BGColor="6f000000" TextColor="ffffffff" Picture="1" IgnoreMouse="1" Sprite="ClientSprites:WhiteCircle" NewControlDepth="5" Visible="0"/>
    </Form>
    <Form Class="Window" LAnchorPoint="1" LAnchorOffset="-167" TAnchorPoint="1" TAnchorOffset="-251" RAnchorPoint="1" RAnchorOffset="-3" BAnchorPoint="1" BAnchorOffset="-43" RelativeToClient="1" Font="CRB_InterfaceMedium" Sprite="" Template="Default" Name="InventoryBagD" BGColor="ffffffff" TextColor="ffffffff" Border="0" Overlapped="1" Picture="0" TextId="" Escapable="1" Moveable="1" SwallowMouseClicks="1" UseTemplateBG="0" TransitionShowHide="1" UseTransitionSprite="0">
        <Control Class="Window" LAnchorPoint="0" LAnchorOffset="0" TAnchorPoint="0" TAnchorOffset="0" RAnchorPoint="1" RAnchorOffset="0" BAnchorPoint="1" BAnchorOffset="0" RelativeToClient="1" Font="CRB_InterfaceMedium" Text="" Template="CRB_NormalFramedThin" Name="MainBack" BGColor="ffffffff" TextColor="ffffffff" Picture="1" Border="1" UseTemplateBG="1" TextId=""/>
        <Control Class="BagWindow" LAnchorPoint="0" LAnchorOffset="6" TAnchorPoint="0" TAnchorOffset="50" RAnchorPoint="1" RAnchorOffset="-6" BAnchorPoint="1" BAnchorOffset="-6" RelativeToClient="0" Font="CRB_InterfaceMedium" Sprite="CRB_UIKitSprites:spr_baseframe" Text="" Template="CRB_Normal" Name="BagWindow" BGColor="ffffffff" TextColor="ffffffff" Border="0" Picture="1" NewControlDepth="1" NoClip="1" SwallowMouseClicks="1" UseTemplateBG="1" VScroll="0" IgnoreTooltipDelay="1" NewQuestOverlaySprite="sprHUD_InvQuestStartItem">
            <Event Name="DragDropCancel" Function="OnBagDragDropCancel"/>
        </Control>
        <Control Class="Window" LAnchorPoint="0" LAnchorOffset="4" TAnchorPoint="0" TAnchorOffset="49" RAnchorPoint="1" RAnchorOffset="-4" BAnchorPoint="0" BAnchorOffset="204" RelativeToClient="0" Font="CRB_InterfaceMedium" Sprite="WhiteFill" Text="" Template="CRB_Normal" Name="BagWindowDisabler" BGColor="80000000" TextColor="ffffffff" Border="0" Picture="1" NewControlDepth="64" NoClip="1" SwallowMouseClicks="1" UseTemplateBG="0" VScroll="0" Visible="0" HideInEditor="0"/>
        <Control Class="Window" LAnchorPoint="0" LAnchorOffset="5" TAnchorPoint="0" TAnchorOffset="4" RAnchorPoint="1" RAnchorOffset="-5" BAnchorPoint="0" BAnchorOffset="50" RelativeToClient="1" Font="CRB_InterfaceMedium" Text="" Template="Default" Name="Header" BGColor="ffffffff" TextColor="ffffffff" Picture="1" Sprite="CRB_UIKitSprites:spr_footerSIMPLE">
            <Control Class="Window" LAnchorPoint="0" LAnchorOffset="12" TAnchorPoint="0" TAnchorOffset="8" RAnchorPoint="1" RAnchorOffset="-37" BAnchorPoint="1" BAnchorOffset="-8" RelativeToClient="1" Font="CRB_InterfaceMedium" Template="Default" Name="HeaderTextD" BGColor="ffffffff" TextColor="ffc0c0c0" DT_VCENTER="1" TextId="CRB_Bag_4" Text=""/>
        </Control>
        <Control Class="Window" LAnchorPoint="1" LAnchorOffset="-75" TAnchorPoint="0" TAnchorOffset="13" RAnchorPoint="1" RAnchorOffset="-46" BAnchorPoint="0" BAnchorOffset="42" RelativeToClient="1" Font="CRB_InterfaceMedium_B" Text="" Template="Default" Name="SalvageIcon" BGColor="ffffffff" TextColor="ffff0000" Sprite="CRB_UIKitSprites:spr_salvageDisabled" Picture="1" NewControlDepth="3" DT_CENTER="1" DT_VCENTER="1" Tooltip="" TooltipId="" TextId="">
            <Event Name="DragDrop" Function="OnDragDropSalvage"/>
            <Event Name="QueryDragDrop" Function="OnQueryDragDropSalvage"/>
            <Event Name="DragDropTargetNotify" Function="OnDragDropNotifySalvage"/>
        </Control>
        <Control Class="Window" LAnchorPoint="1" LAnchorOffset="-45" TAnchorPoint="0" TAnchorOffset="13" RAnchorPoint="1" RAnchorOffset="-16" BAnchorPoint="0" BAnchorOffset="42" RelativeToClient="1" Font="CRB_InterfaceMedium" Text="" Template="Default" Name="TrashIcon" BGColor="ffffffff" TextColor="ffffffff" Sprite="CRB_UIKitSprites:spr_trashDisabled" Picture="1" NewControlDepth="3">
            <Event Name="DragDrop" Function="OnDragDropTrash"/>
            <Event Name="QueryDragDrop" Function="OnQueryDragDropTrash"/>
            <Event Name="DragDropTargetNotify" Function="OnDragDropNotifyTrash"/>
        </Control>
        <Control Class="Button" Text="" Base="CRB_UIKitSprites:btn_closeSmall" Font="CRB_InterfaceMedium" ButtonType="PushButton" RadioGroup="" LAnchorPoint="1" LAnchorOffset="-23" TAnchorPoint="0" TAnchorOffset="-1" RAnchorPoint="1" RAnchorOffset="0" BAnchorPoint="0" BAnchorOffset="23" DT_VCENTER="1" DT_CENTER="1" Name="CloseBtn" BGColor="ffffffff" TextColor="ffffffff" NoClip="1" RelativeToClient="1" TestAlpha="1" Template="" NewControlDepth="2" WindowSoundTemplate="CloseWindowPhys" NormalTextColor="ffffffff" PressedTextColor="ffffffff" FlybyTextColor="ffffffff" PressedFlybyTextColor="ffffffff" DisabledTextColor="ffffffff">
            <Event Name="ButtonSignal" Function="OnCloseBtnD"/>
        </Control>
        <Event Name="WindowClosed" Function="OnCloseBag"/>
        <Control Class="Window" LAnchorPoint="0" LAnchorOffset="92" TAnchorPoint="0" TAnchorOffset="16" RAnchorPoint="0" RAnchorOffset="115" BAnchorPoint="0" BAnchorOffset="39" RelativeToClient="1" Font="Default" Text="" Template="Default" Name="SalvageBlocker" BGColor="6f000000" TextColor="ffffffff" Picture="1" IgnoreMouse="1" Sprite="ClientSprites:WhiteCircle" NewControlDepth="5" Visible="0"/>
    </Form>
    <Form Class="Window" LAnchorPoint="0" LAnchorOffset="0" TAnchorPoint="0" TAnchorOffset="0" RAnchorPoint="0" RAnchorOffset="33" BAnchorPoint="0" BAnchorOffset="33" RelativeToClient="1" Font="Default" Text="" Template="Default" Name="VirtualItem" Picture="1" SwallowMouseClicks="1" Overlapped="1" BGColor="ffffffff" TextColor="ffffffff" IgnoreMouse="1" Sprite="CRB_UIKitSprites:spr_Hologram" Tooltip="" TooltipType="OnCursor" IgnoreTooltipDelay="1">
        <Control Class="Window" LAnchorPoint="0" LAnchorOffset="1" TAnchorPoint="0" TAnchorOffset="1" RAnchorPoint="1" RAnchorOffset="-1" BAnchorPoint="1" BAnchorOffset="-1" RelativeToClient="1" Font="Default" Text="" Template="Default" Name="VirtualItemDisplay" BGColor="ffffffff" TextColor="ffffffff" Picture="1" IgnoreMouse="1" IgnoreTooltipDelay="1" TooltipType="OnCursor"/>
        <Control Class="Window" LAnchorPoint="0" LAnchorOffset="0" TAnchorPoint="0" TAnchorOffset="0" RAnchorPoint="1" RAnchorOffset="-2" BAnchorPoint="1" BAnchorOffset="-2" RelativeToClient="1" Font="Default" Text="" Template="Default" Name="VirtualItemCount" BGColor="ffffffff" TextColor="ffffffff" DT_BOTTOM="1" DT_RIGHT="1" TextId="" Tooltip=""/>
    </Form>
</Forms>
