<Forms>
    <Form Class="Window" LAnchorPoint="1" LAnchorOffset="-692" TAnchorPoint="1" TAnchorOffset="-654" RAnchorPoint="1" RAnchorOffset="-330" BAnchorPoint="1" BAnchorOffset="-190" RelativeToClient="1" Font="Default" Text="" Template="Default" Name="InventoryBag" Border="0" Picture="0" SwallowMouseClicks="1" Moveable="1" Escapable="1" Overlapped="1" BGColor="ffffffff" TextColor="ffffffff" Visible="0" IgnoreMouse="0" Sizable="1" Scalable="0" Tooltip="" TooltipId="" TooltipColor="" HideInEditor="0">
        <Control Class="Window" LAnchorPoint="0" LAnchorOffset="16" TAnchorPoint="1" TAnchorOffset="-149" RAnchorPoint="1" RAnchorOffset="-16" BAnchorPoint="1" BAnchorOffset="-65" RelativeToClient="1" Font="Default" Text="" Template="Default" TooltipType="OnCursor" Name="BGVirtual" BGColor="ffffffff" TextColor="ffffffff" TooltipColor="" HideInEditor="0">
            <Control Class="Button" Base="kitBtn_List_MetalSortArrow" Font="CRB_InterfaceSmall" ButtonType="Check" RadioGroup="" LAnchorPoint="0" LAnchorOffset="0" TAnchorPoint="0" TAnchorOffset="0" RAnchorPoint="1" RAnchorOffset="0" BAnchorPoint="0" BAnchorOffset="20" DT_VCENTER="1" DT_CENTER="1" Name="VirtualInvToggleBtn" BGColor="ffffffff" TextColor="ffffffff" NormalTextColor="UI_BtnTextGoldListNormal" PressedTextColor="UI_BtnTextGoldListPressed" FlybyTextColor="UI_BtnTextGoldListFlyby" PressedFlybyTextColor="UI_BtnTextGoldListPressedFlyby" DisabledTextColor="UI_BtnTextGoldListDisabled" Text="" TextId="Inventory_VirtualInvDefault" TooltipColor="" Tooltip="">
                <Event Name="ButtonCheck" Function="OnQuestObjectiveUpdated"/>
                <Event Name="ButtonUncheck" Function="OnQuestObjectiveUpdated"/>
            </Control>
            <Control Class="Window" LAnchorPoint="0" LAnchorOffset="0" TAnchorPoint="0" TAnchorOffset="20" RAnchorPoint="1" RAnchorOffset="0" BAnchorPoint="0" BAnchorOffset="84" RelativeToClient="1" Font="CRB_InterfaceSmall_O" Text="" Template="Default" Name="VirtualInvContainer" BGColor="ffffffff" TextColor="ffffffff" Sprite="kitBase_MetalGrey_Tiny" Picture="1" IgnoreMouse="1" Visible="0" Tooltip="" TooltipId="Inventory_VirtualInvTooltip" TooltipType="OnCursor" IgnoreTooltipDelay="0" TransitionShowHide="0" UseTransitionSprite="0" HideInEditor="0" TooltipColor="" NoClip="0">
                <Control Class="Window" LAnchorPoint="0" LAnchorOffset="0" TAnchorPoint="1" TAnchorOffset="-54" RAnchorPoint="1" RAnchorOffset="0" BAnchorPoint="1" BAnchorOffset="0" RelativeToClient="1" Font="Default" Text="" Template="Default" Name="VirtualInvItems" BGColor="ffffffff" TextColor="ffffffff" VScroll="0" IgnoreMouse="1" Tooltip="" Overlapped="0" TooltipId="" TooltipColor="" HScroll="1" AutoHideScroll="1" Sprite="">
                    <Control Class="Window" LAnchorPoint="0.5" LAnchorOffset="-19" TAnchorPoint="0" TAnchorOffset="0" RAnchorPoint="0.5" RAnchorOffset="19" BAnchorPoint="0" BAnchorOffset="38" RelativeToClient="1" Font="Default" Text="" Template="Default" Name="VirtualItem" Picture="1" SwallowMouseClicks="1" Overlapped="1" BGColor="ffffffff" TextColor="ffffffff" IgnoreMouse="1" Sprite="CRB_UIKitSprites:spr_Hologram" Tooltip="" TooltipType="OnCursor" IgnoreTooltipDelay="1" TooltipColor="">
                        <Control Class="Window" LAnchorPoint="0" LAnchorOffset="1" TAnchorPoint="0" TAnchorOffset="1" RAnchorPoint="1" RAnchorOffset="-1" BAnchorPoint="1" BAnchorOffset="-1" RelativeToClient="1" Font="Default" Text="" Template="Default" Name="VirtualItemDisplay" BGColor="ffffffff" TextColor="ffffffff" Picture="1" IgnoreMouse="1" IgnoreTooltipDelay="1" TooltipType="OnCursor" TooltipColor=""/>
                        <Control Class="Window" LAnchorPoint="0" LAnchorOffset="0" TAnchorPoint="0" TAnchorOffset="0" RAnchorPoint="1" RAnchorOffset="-2" BAnchorPoint="1" BAnchorOffset="-2" RelativeToClient="1" Font="Default" Text="" Template="Default" Name="VirtualItemCount" BGColor="ffffffff" TextColor="ffffffff" DT_BOTTOM="1" DT_RIGHT="1" TextId="" Tooltip="" TooltipColor=""/>
                    </Control>
                </Control>
            </Control>
        </Control>
        <Control Class="Window" LAnchorPoint="0" LAnchorOffset="16" TAnchorPoint="1" TAnchorOffset="-71" RAnchorPoint="1" RAnchorOffset="-16" BAnchorPoint="1" BAnchorOffset="-13" RelativeToClient="1" Font="Default" Text="" Template="Default" Name="BGBottom" BGColor="ffffffff" TextColor="ffffffff" Sprite="CRB_Basekit:kitFooter_MetalGrey_Square" Picture="1" IgnoreMouse="1" Tooltip="" TooltipId="" TooltipColor="">
            <Control Class="Window" LAnchorPoint="0" LAnchorOffset="0" TAnchorPoint="0" TAnchorOffset="0" RAnchorPoint="0" RAnchorOffset="58" BAnchorPoint="1" BAnchorOffset="0" RelativeToClient="1" Font="Default" Text="" Template="Default" TooltipType="OnCursor" Name="SatchelBG" BGColor="ffffffff" TextColor="ffffffff" TooltipColor="" Sprite="CRB_BaseBarSprites:sprHUD_InventoryBacker" Picture="0" IgnoreMouse="1" NewControlDepth="1">
                <Control Class="Button" Base="CRB_Basekit:kitBtn_Holo" Font="Thick" ButtonType="PushButton" RadioGroup="" LAnchorPoint="0" LAnchorOffset="10" TAnchorPoint="0" TAnchorOffset="10" RAnchorPoint="1" RAnchorOffset="-10" BAnchorPoint="1" BAnchorOffset="-10" Name="SatchelBtn" BGColor="ffffffff" TextColor="ffffffff" NormalTextColor="ffffffff" PressedTextColor="ffffffff" FlybyTextColor="ffffffff" PressedFlybyTextColor="ffffffff" DisabledTextColor="ffffffff" RelativeToClient="1" TooltipColor="" IgnoreTooltipDelay="1" TooltipType="OnCursor" TooltipFont="CRB_InterfaceSmall_O" Tooltip="" TooltipId="Inventory_SatchelTooltip">
                    <Event Name="ButtonSignal" Function="OnToggleSupplySatchel"/>
                    <Control Class="Window" LAnchorPoint="0" LAnchorOffset="4" TAnchorPoint="0" TAnchorOffset="4" RAnchorPoint="1" RAnchorOffset="-4" BAnchorPoint="1" BAnchorOffset="-4" RelativeToClient="1" Font="Default" Text="" Template="Default" TooltipType="OnCursor" Name="SatchelBtnIcon" BGColor="ffffffff" TextColor="ffffffff" TooltipColor="" Picture="1" IgnoreMouse="1" Sprite="ClientSprites:Icon_Windows_UI_CRB_Tradeskill" NewControlDepth="1"/>
                </Control>
                <Control Class="Window" LAnchorPoint="0" LAnchorOffset="0" TAnchorPoint="0" TAnchorOffset="0" RAnchorPoint="1" RAnchorOffset="0" BAnchorPoint="1" BAnchorOffset="0" RelativeToClient="1" Font="Default" Text="" Template="Default" TooltipType="OnCursor" Name="SatchelBGFraming" BGColor="ffffffff" TextColor="ffffffff" TooltipColor="" Picture="1" IgnoreMouse="1" Sprite="CRB_Basekit:kitInnerFrame_MetalGrey_Small" NewControlDepth="5"/>
            </Control>
            <Control Class="Window" LAnchorPoint="0" LAnchorOffset="50" TAnchorPoint="0" TAnchorOffset="0" RAnchorPoint="0" RAnchorOffset="108" BAnchorPoint="1" BAnchorOffset="0" RelativeToClient="1" Font="Default" Text="" Template="Default" TooltipType="OnCursor" Name="SalvageAllBG" BGColor="ffffffff" TextColor="ffffffff" TooltipColor="" Sprite="CRB_BaseBarSprites:sprHUD_InventoryBacker" Picture="0" IgnoreMouse="1" NewControlDepth="1" Tooltip="" TooltipId="">
                <Control Class="Button" Base="CRB_Basekit:kitBtn_Holo" Font="Thick" ButtonType="PushButton" RadioGroup="" LAnchorPoint="0" LAnchorOffset="10" TAnchorPoint="0" TAnchorOffset="10" RAnchorPoint="1" RAnchorOffset="-10" BAnchorPoint="1" BAnchorOffset="-10" Name="SalvageAllBtn" BGColor="ffffffff" TextColor="ffffffff" NormalTextColor="ffffffff" PressedTextColor="ffffffff" FlybyTextColor="ffffffff" PressedFlybyTextColor="ffffffff" DisabledTextColor="ffffffff" RelativeToClient="1" TooltipColor="" IgnoreTooltipDelay="1" TooltipType="OnCursor" TooltipFont="CRB_InterfaceSmall_O" Tooltip="" TooltipId="Inventory_SalvageAllTooltip">
                    <Event Name="ButtonSignal" Function="OnSalvageAllBtn"/>
                    <Control Class="Window" LAnchorPoint="0" LAnchorOffset="4" TAnchorPoint="0" TAnchorOffset="4" RAnchorPoint="1" RAnchorOffset="-4" BAnchorPoint="1" BAnchorOffset="-4" RelativeToClient="1" Font="Default" Text="" Template="Default" TooltipType="OnCursor" Name="SalvageAlllBtnIcon" BGColor="ffffffff" TextColor="ffffffff" TooltipColor="" Picture="1" IgnoreMouse="1" Sprite="ClientSprites:Icon_Windows_UI_CRB_Tooltip_Salvage" NewControlDepth="1" Visible="1" HideInEditor="0"/>
                </Control>
                <Control Class="Window" LAnchorPoint="0" LAnchorOffset="0" TAnchorPoint="0" TAnchorOffset="0" RAnchorPoint="1" RAnchorOffset="0" BAnchorPoint="1" BAnchorOffset="0" RelativeToClient="1" Font="Default" Text="" Template="Default" TooltipType="OnCursor" Name="SalvageAllBGFraming" BGColor="ffffffff" TextColor="ffffffff" TooltipColor="" Picture="1" IgnoreMouse="1" Sprite="CRB_Basekit:kitInnerFrame_MetalGrey_Small" NewControlDepth="5"/>
            </Control>
            <Control Class="Window" LAnchorPoint="0" LAnchorOffset="105" TAnchorPoint="0" TAnchorOffset="4" RAnchorPoint="0" RAnchorOffset="177" BAnchorPoint="1" BAnchorOffset="-4" RelativeToClient="1" Font="Default" Text="" Template="Default" TooltipType="OnCursor" Name="InventoryDragDropIcons" BGColor="ffffffff" TextColor="ffffffff" TooltipColor="" Picture="1" IgnoreMouse="1" Sprite="" NoClip="1" Tooltip="" NewWindowDepth="0">
                <Control Class="Window" LAnchorPoint="0" LAnchorOffset="0" TAnchorPoint="0" TAnchorOffset="0" RAnchorPoint="0" RAnchorOffset="34" BAnchorPoint="1" BAnchorOffset="-6" RelativeToClient="1" Font="Default" Text="" Template="Default" Name="SalvageIcon" BGColor="ffffffff" TextColor="ffffffff" Sprite="CRB_Inventory:InvBtn_SalvageToggleNormal" Picture="1" DT_CENTER="0" DT_VCENTER="1" IgnoreMouse="1" IgnoreTooltipDelay="1" TooltipColor="" TooltipFont="CRB_InterfaceSmall_O" TooltipType="OnCursor" Tooltip="" TooltipId="Inventory_SalvageTooltip">
                    <Event Name="DragDrop" Function="OnDragDropSalvage"/>
                    <Event Name="QueryDragDrop" Function="OnQueryDragDropSalvage"/>
                    <Event Name="DragDropTargetNotify" Function="OnDragDropNotifySalvage"/>
                </Control>
                <Control Class="Window" LAnchorPoint="0" LAnchorOffset="38" TAnchorPoint="0" TAnchorOffset="0" RAnchorPoint="0" RAnchorOffset="72" BAnchorPoint="1" BAnchorOffset="-6" RelativeToClient="1" Font="Default" Text="" Template="Default" Name="TrashIcon" BGColor="ffffffff" TextColor="ffffffff" Sprite="CRB_Inventory:InvBtn_TrashToggleNormal" Picture="1" IgnoreMouse="1" IgnoreTooltipDelay="1" TooltipColor="" TooltipFont="CRB_InterfaceSmall_O" NewWindowDepth="0" Tooltip="" TooltipType="OnCursor" TooltipId="Inventory_DeleteTooltip">
                    <Event Name="DragDrop" Function="OnDragDropTrash"/>
                    <Event Name="QueryDragDrop" Function="OnQueryDragDropTrash"/>
                    <Event Name="DragDropTargetNotify" Function="OnDragDropNotifyTrash"/>
                </Control>
            </Control>
            <Control Class="Button" Base="CRB_DEMO_WrapperSprites:btnDemo_CharInvisible" Font="Thick" ButtonType="Check" RadioGroup="" LAnchorPoint="1" LAnchorOffset="-168" TAnchorPoint="0" TAnchorOffset="0" RAnchorPoint="1" RAnchorOffset="4" BAnchorPoint="0" BAnchorOffset="54" DT_VCENTER="1" DT_CENTER="1" TooltipType="OnCursor" Name="BGBottomCashBtn" BGColor="ffffffff" TextColor="ffffffff" TooltipColor="" NormalTextColor="ffffffff" PressedTextColor="ffffffff" FlybyTextColor="ffffffff" PressedFlybyTextColor="ffffffff" DisabledTextColor="ffffffff">
                <Control Class="CashWindow" LAnchorPoint="0" LAnchorOffset="12" TAnchorPoint="0" TAnchorOffset="4" RAnchorPoint="1" RAnchorOffset="-14" BAnchorPoint="0" BAnchorOffset="28" RelativeToClient="1" Font="CRB_InterfaceSmall_O" Text="" Template="Default" TooltipType="OnCursor" Name="AltCashWindow" BGColor="ffffffff" TextColor="ff9a8460" TooltipColor="" IgnoreMouse="1" DT_VCENTER="1" DT_RIGHT="1" NewControlDepth="4" IgnoreTooltipDelay="1" TooltipFont="CRB_InterfaceSmall_O" DT_CENTER="0" SkipZeroes="0">
                    <Event Name="GenerateTooltip" Function="GenerateAltTooltip"/>
                </Control>
                <Control Class="CashWindow" LAnchorPoint="0" LAnchorOffset="12" TAnchorPoint="0" TAnchorOffset="23" RAnchorPoint="1" RAnchorOffset="-14" BAnchorPoint="0" BAnchorOffset="47" RelativeToClient="1" Font="CRB_InterfaceSmall_O" Sprite="" Text="" Template="OldMetalControl" Name="MainCashWindow" BGColor="ffffffff" TextColor="ff9a8460" Picture="1" IgnoreMouse="1" DT_VCENTER="1" DT_RIGHT="1" SkipZeroes="0" Visible="1" Tooltip="" TooltipType="OnCursor" TooltipFont="CRB_InterfaceSmall_O" IgnoreTooltipDelay="1" TooltipId="" TooltipColor="" DT_CENTER="0"/>
            </Control>
        </Control>
        <Control Class="Window" LAnchorPoint="0" LAnchorOffset="8" TAnchorPoint="0" TAnchorOffset="38" RAnchorPoint="1" RAnchorOffset="-8" BAnchorPoint="1" BAnchorOffset="-147" RelativeToClient="1" Font="Default" Text="" Template="Default" Name="BGGridArt" BGColor="ffffffff" TextColor="ffffffff" Tooltip="" TooltipId="" Picture="1" IgnoreMouse="1" Sprite="" TooltipColor="" HideInEditor="1">
            <Control Class="Window" LAnchorPoint="0" LAnchorOffset="0" TAnchorPoint="0" TAnchorOffset="0" RAnchorPoint="1" RAnchorOffset="0" BAnchorPoint="1" BAnchorOffset="0" RelativeToClient="1" Font="Default" Text="" Template="Default" Name="MainGridContainer" BGColor="ffffffff" TextColor="ffffffff" Picture="1" IgnoreMouse="1" Sprite="CRB_Basekit:kitInnerFrame_MetalGrey_Small" Overlapped="0" TooltipColor="" Tooltip="" HideInEditor="1">
                <Control Class="BagWindow" LAnchorPoint="0" LAnchorOffset="12" TAnchorPoint="0" TAnchorOffset="12" RAnchorPoint="1" RAnchorOffset="-12" BAnchorPoint="1" BAnchorOffset="-12" RelativeToClient="1" Font="Default" Text="" Template="CRB_Scroll_MetalLarge" Name="MainBagWindow" BGColor="ffffffff" TextColor="ffffffff" VScroll="1" IgnoreMouse="1" TooltipColor="" Tooltip="" HideInEditor="0" NewQuestOverlaySprite="ClientSprites:sprItem_NewQuest" CannotUseSprite="ClientSprites:Icon_Windows_UI_CRB_Tooltip_Restricted" IgnoreTooltipDelay="1">
                    <Event Name="GenerateTooltip" Function="OnGenerateTooltip"/>
                    <Event Name="DragDropNothingCursor" Function="OnDragDropNothingCursor"/>
                    <Event Name="DragDropCancel" Function="OnBagDragDropCancel"/>
                </Control>
            </Control>
            <Control Class="Window" LAnchorPoint="0" LAnchorOffset="8" TAnchorPoint="0" TAnchorOffset="8" RAnchorPoint="1" RAnchorOffset="-8" BAnchorPoint="1" BAnchorOffset="-8" RelativeToClient="1" Font="Default" Text="" Template="Default" Name="DragDropMouseBlocker" BGColor="80000000" TextColor="ffffffff" Sprite="ClientSprites:WhiteFill" Picture="1" HideInEditor="1" Visible="0" IgnoreMouse="0" NewControlDepth="3" NewWindowDepth="1" TooltipColor=""/>
        </Control>
        <Control Class="Window" LAnchorPoint="0" LAnchorOffset="14" TAnchorPoint="0" TAnchorOffset="14" RAnchorPoint="1" RAnchorOffset="-14" BAnchorPoint="0" BAnchorOffset="51" RelativeToClient="1" Font="Default" Text="" Template="Default" Name="InventoryTitle" BGColor="ffffffff" TextColor="ffffffff" Picture="1" IgnoreMouse="1" Sprite="CRB_Basekit:kitHeader_MetalGrey_TitleMarked" TextId="" TooltipColor="" Tooltip="">
            <Control Class="Window" LAnchorPoint="0" LAnchorOffset="0" TAnchorPoint="0" TAnchorOffset="0" RAnchorPoint="1" RAnchorOffset="0" BAnchorPoint="1" BAnchorOffset="-6" RelativeToClient="1" Font="CRB_InterfaceMedium_B" Text="" Template="Default" Name="InventoryTitleText" BGColor="ffffffff" TextColor="ff5f6662" TextId="" DT_CENTER="1" DT_VCENTER="1"/>
        </Control>
        <Control Class="Window" LAnchorPoint="1" LAnchorOffset="-16" TAnchorPoint="0" TAnchorOffset="10" RAnchorPoint="1" RAnchorOffset="200" BAnchorPoint="0" BAnchorOffset="310" RelativeToClient="1" Font="Default" Text="" Template="Default" Name="OptionsContainer" BGColor="ffffffff" TextColor="ffffffff" Picture="1" IgnoreMouse="0" NoClip="1" Sprite="CRB_Basekit:kitBase_HoloBlue_PopoutLarge" Visible="0" TooltipColor="">
            <Control Class="Window" LAnchorPoint="0" LAnchorOffset="10" TAnchorPoint="0" TAnchorOffset="0" RAnchorPoint="1" RAnchorOffset="5" BAnchorPoint="1" BAnchorOffset="0" RelativeToClient="1" Font="Default" Text="" Template="Default" Name="OptionsContainerFrame" BGColor="ffffffff" TextColor="ffffffff" Sprite="" Picture="1" IgnoreMouse="1" NewControlDepth="3" TooltipColor="">
                <Control Class="Window" LAnchorPoint="0" LAnchorOffset="0" TAnchorPoint="0" TAnchorOffset="20" RAnchorPoint="1" RAnchorOffset="0" BAnchorPoint="0" BAnchorOffset="40" RelativeToClient="1" Font="CRB_InterfaceMedium_B" Text="" Template="Default" TooltipType="OnCursor" Name="OptionsContainerTitle" BGColor="ffffffff" TextColor="ff7fffb9" TooltipColor="" TextId="CRB_Options" DT_CENTER="1" DT_VCENTER="1"/>
                <Control Class="Window" LAnchorPoint="0" LAnchorOffset="16" TAnchorPoint="0" TAnchorOffset="41" RAnchorPoint="1" RAnchorOffset="-16" BAnchorPoint="0" BAnchorOffset="120" RelativeToClient="1" Font="Default" Text="" Template="Default" TooltipType="OnCursor" Name="OptionsConfigureBags" BGColor="ffffffff" TextColor="ffffffff" TooltipColor="" Tooltip="" Sprite="CRB_Basekit:kitBase_HoloBlue_ListInset" Picture="1" IgnoreMouse="1">
                    <Control Class="Window" LAnchorPoint="0" LAnchorOffset="6" TAnchorPoint="0" TAnchorOffset="2" RAnchorPoint="1" RAnchorOffset="0" BAnchorPoint="0" BAnchorOffset="22" RelativeToClient="1" Font="CRB_InterfaceSmall" Text="" Template="Default" Name="OptionsConfigureBagsLabel" BGColor="ffffffff" TextColor="ff7fffb9" TextId="Inventory_BagsLabel" DT_CENTER="0" TooltipColor="" DT_VCENTER="1"/>
                    <Control Class="Window" LAnchorPoint="0.5" LAnchorOffset="-86" TAnchorPoint="0" TAnchorOffset="24" RAnchorPoint="0.5" RAnchorOffset="82" BAnchorPoint="0" BAnchorOffset="78" RelativeToClient="1" Font="Default" Text="" Template="Default" Name="OptionsConfigureBagsBG" BGColor="ffffffff" TextColor="ffffffff" Picture="0" IgnoreMouse="1" Sprite="CRB_Basekit:kitBase_HoloTeal_Border" TooltipColor="" HideInEditor="0">
                        <Control Class="Window" LAnchorPoint="0" LAnchorOffset="5" TAnchorPoint="0" TAnchorOffset="0" RAnchorPoint="0" RAnchorOffset="43" BAnchorPoint="0" BAnchorOffset="38" RelativeToClient="1" Font="Default" Text="" Template="Default" Name="BagHolder1" BGColor="ffffffff" TextColor="ffffffff" Picture="1" IgnoreMouse="1" Sprite="CRB_Basekit:kitBase_HoloBlue_TinyNoGlow" TooltipType="OnCursor" TooltipColor=""/>
                        <Control Class="Window" LAnchorPoint="0" LAnchorOffset="46" TAnchorPoint="0" TAnchorOffset="0" RAnchorPoint="0" RAnchorOffset="84" BAnchorPoint="0" BAnchorOffset="38" RelativeToClient="1" Font="Default" Text="" Template="Default" Name="BagHolder2" BGColor="ffffffff" TextColor="ffffffff" Picture="1" IgnoreMouse="1" Sprite="CRB_Basekit:kitBase_HoloBlue_TinyNoGlow" TooltipType="OnCursor" TooltipColor=""/>
                        <Control Class="Window" LAnchorPoint="0" LAnchorOffset="87" TAnchorPoint="0" TAnchorOffset="0" RAnchorPoint="0" RAnchorOffset="125" BAnchorPoint="0" BAnchorOffset="38" RelativeToClient="1" Font="Default" Text="" Template="Default" Name="BagHolder3" BGColor="ffffffff" TextColor="ffffffff" Picture="1" IgnoreMouse="1" Sprite="CRB_Basekit:kitBase_HoloBlue_TinyNoGlow" TooltipType="OnCursor" TooltipColor=""/>
                        <Control Class="Window" LAnchorPoint="0" LAnchorOffset="128" TAnchorPoint="0" TAnchorOffset="0" RAnchorPoint="0" RAnchorOffset="166" BAnchorPoint="0" BAnchorOffset="38" RelativeToClient="1" Font="Default" Text="" Template="Default" Name="BagHolder4" BGColor="ffffffff" TextColor="ffffffff" Picture="1" IgnoreMouse="1" Sprite="CRB_Basekit:kitBase_HoloBlue_TinyNoGlow" TooltipType="OnCursor" TooltipColor=""/>
                        <Control Class="Window" LAnchorPoint="0" LAnchorOffset="18" TAnchorPoint="0" TAnchorOffset="13" RAnchorPoint="0" RAnchorOffset="30" BAnchorPoint="0" BAnchorOffset="25" RelativeToClient="1" Font="Default" Text="" Template="Default" Name="BagBacker1" BGColor="bf00ffff" TextColor="ffffffff" Picture="1" IgnoreMouse="1" Sprite="ClientSprites:PlusHealthBarFull" Tooltip="" TooltipId="" IgnoreTooltipDelay="1" TooltipType="OnCursor" TooltipColor=""/>
                        <Control Class="Window" LAnchorPoint="0" LAnchorOffset="59" TAnchorPoint="0" TAnchorOffset="13" RAnchorPoint="0" RAnchorOffset="71" BAnchorPoint="0" BAnchorOffset="25" RelativeToClient="1" Font="Default" Text="" Template="Default" Name="BagBacker2" BGColor="bf00ffff" TextColor="ffffffff" Picture="1" IgnoreMouse="1" Sprite="ClientSprites:PlusHealthBarFull" Tooltip="" TooltipId="" IgnoreTooltipDelay="1" TooltipType="OnCursor" TooltipColor=""/>
                        <Control Class="Window" LAnchorPoint="0" LAnchorOffset="100" TAnchorPoint="0" TAnchorOffset="13" RAnchorPoint="0" RAnchorOffset="112" BAnchorPoint="0" BAnchorOffset="25" RelativeToClient="1" Font="Default" Text="" Template="Default" Name="BagBacker3" BGColor="bf00ffff" TextColor="ffffffff" Picture="1" IgnoreMouse="1" Sprite="ClientSprites:PlusHealthBarFull" Tooltip="" TooltipId="" IgnoreTooltipDelay="1" TooltipType="OnCursor" TooltipColor=""/>
                        <Control Class="Window" LAnchorPoint="0" LAnchorOffset="141" TAnchorPoint="0" TAnchorOffset="13" RAnchorPoint="0" RAnchorOffset="153" BAnchorPoint="0" BAnchorOffset="25" RelativeToClient="1" Font="Default" Text="" Template="Default" Name="BagBacker4" BGColor="bf00ffff" TextColor="ffffffff" Picture="1" IgnoreMouse="1" Sprite="ClientSprites:PlusHealthBarFull" IgnoreTooltipDelay="1" Tooltip="" TooltipId="" TooltipType="OnCursor" TooltipColor=""/>
                        <Control Class="Window" LAnchorPoint="0" LAnchorOffset="5" TAnchorPoint="1" TAnchorOffset="-16" RAnchorPoint="0" RAnchorOffset="43" BAnchorPoint="1" BAnchorOffset="0" RelativeToClient="1" Font="CRB_Pixel" Text="" Template="Default" Name="BagCount1" BGColor="ffffffff" TextColor="UI_TextHoloBodyHighlight" TextId="CRB__2" DT_CENTER="1" TooltipColor=""/>
                        <Control Class="Window" LAnchorPoint="0" LAnchorOffset="46" TAnchorPoint="1" TAnchorOffset="-16" RAnchorPoint="0" RAnchorOffset="84" BAnchorPoint="1" BAnchorOffset="0" RelativeToClient="1" Font="CRB_Pixel" Text="" Template="Default" Name="BagCount2" BGColor="ffffffff" TextColor="UI_TextHoloBodyHighlight" TextId="CRB__2" DT_CENTER="1" TooltipColor=""/>
                        <Control Class="Window" LAnchorPoint="0" LAnchorOffset="87" TAnchorPoint="1" TAnchorOffset="-16" RAnchorPoint="0" RAnchorOffset="125" BAnchorPoint="1" BAnchorOffset="0" RelativeToClient="1" Font="CRB_Pixel" Text="" Template="Default" Name="BagCount3" BGColor="ffffffff" TextColor="UI_TextHoloBodyHighlight" TextId="CRB__2" DT_CENTER="1" TooltipColor=""/>
                        <Control Class="Window" LAnchorPoint="0" LAnchorOffset="128" TAnchorPoint="1" TAnchorOffset="-16" RAnchorPoint="0" RAnchorOffset="166" BAnchorPoint="1" BAnchorOffset="0" RelativeToClient="1" Font="CRB_Pixel" Text="" Template="Default" Name="BagCount4" BGColor="ffffffff" TextColor="UI_TextHoloBodyHighlight" TextId="CRB__2" DT_CENTER="1" TooltipColor=""/>
                        <Control Class="ItemSlotWindow" WhenEmpty="" EquipmentSlot="17" Font="CRB_Pixel" ButtonType="Check" LAnchorPoint="0" LAnchorOffset="11" TAnchorPoint="0" TAnchorOffset="6" RAnchorPoint="0" RAnchorOffset="37" BAnchorPoint="0" BAnchorOffset="32" DT_VCENTER="0" DT_CENTER="1" Name="BagBtn1" BGColor="ffffffff" TextColor="ffffffff" WindowSoundTemplate="SlideDownDigi" NormalTextColor="ff31fcf6" PressedTextColor="ff31fcf6" FlybyTextColor="ffffffff" PressedFlybyTextColor="ffffffff" DisabledTextColor="ffffffff" RelativeToClient="1" DT_BOTTOM="1" Text="" TextId="" DT_RIGHT="0" Sprite="" Picture="1" Tooltip="" TooltipType="OnCursor" TooltipColor="">
                            <Control Class="Window" LAnchorPoint="0" LAnchorOffset="0" TAnchorPoint="0" TAnchorOffset="0" RAnchorPoint="1" RAnchorOffset="0" BAnchorPoint="1" BAnchorOffset="0" RelativeToClient="1" Font="Default" Text="" Template="Default" Name="RemoveBagIcon" BGColor="ffffffff" TextColor="ffffffff" Picture="1" IgnoreMouse="1" Sprite="" NewWindowDepth="1" Visible="0" TooltipType="OnCursor">
                                <Event Name="MouseEnter" Function="OnRemoveIconEnter"/>
                                <Event Name="MouseExit" Function="OnRemoveIconExit"/>
                            </Control>
                        </Control>
                        <Control Class="ItemSlotWindow" WhenEmpty="" EquipmentSlot="18" Font="CRB_Pixel" ButtonType="Check" LAnchorPoint="0" LAnchorOffset="52" TAnchorPoint="0" TAnchorOffset="6" RAnchorPoint="0" RAnchorOffset="78" BAnchorPoint="0" BAnchorOffset="32" DT_VCENTER="0" DT_CENTER="1" Name="BagBtn2" BGColor="ffffffff" TextColor="ffffffff" WindowSoundTemplate="SlideDownDigi" NormalTextColor="ff31fcf6" PressedTextColor="ff31fcf6" FlybyTextColor="ffffffff" PressedFlybyTextColor="ffffffff" DisabledTextColor="ffffffff" RelativeToClient="1" DT_BOTTOM="1" Picture="1" TooltipType="OnCursor" TooltipColor="">
                            <Control Class="Window" LAnchorPoint="0" LAnchorOffset="0" TAnchorPoint="0" TAnchorOffset="0" RAnchorPoint="1" RAnchorOffset="0" BAnchorPoint="1" BAnchorOffset="0" RelativeToClient="1" Font="Default" Text="" Template="Default" Name="RemoveBagIcon" BGColor="ffffffff" TextColor="ffffffff" Picture="1" IgnoreMouse="1" Sprite="" NewWindowDepth="1" Visible="0" TooltipType="OnCursor">
                                <Event Name="MouseEnter" Function="OnRemoveIconEnter"/>
                                <Event Name="MouseExit" Function="OnRemoveIconExit"/>
                            </Control>
                        </Control>
                        <Control Class="ItemSlotWindow" WhenEmpty="" EquipmentSlot="19" Font="CRB_Pixel" ButtonType="Check" LAnchorPoint="0" LAnchorOffset="93" TAnchorPoint="0" TAnchorOffset="6" RAnchorPoint="0" RAnchorOffset="119" BAnchorPoint="0" BAnchorOffset="32" DT_VCENTER="0" DT_CENTER="1" Name="BagBtn3" BGColor="ffffffff" TextColor="ffffffff" WindowSoundTemplate="SlideDownDigi" NormalTextColor="ff31fcf6" PressedTextColor="ff31fcf6" FlybyTextColor="ffffffff" PressedFlybyTextColor="ffffffff" DisabledTextColor="ffffffff" RelativeToClient="1" DT_BOTTOM="1" Picture="1" TooltipType="OnCursor" TooltipColor="">
                            <Control Class="Window" LAnchorPoint="0" LAnchorOffset="0" TAnchorPoint="0" TAnchorOffset="0" RAnchorPoint="1" RAnchorOffset="0" BAnchorPoint="1" BAnchorOffset="0" RelativeToClient="1" Font="Default" Text="" Template="Default" Name="RemoveBagIcon" BGColor="ffffffff" TextColor="ffffffff" Picture="1" IgnoreMouse="1" Sprite="" NewWindowDepth="1" Visible="0" TooltipType="OnCursor">
                                <Event Name="MouseEnter" Function="OnRemoveIconEnter"/>
                                <Event Name="MouseExit" Function="OnRemoveIconExit"/>
                            </Control>
                        </Control>
                        <Control Class="ItemSlotWindow" WhenEmpty="" EquipmentSlot="20" Font="CRB_Pixel" ButtonType="Check" LAnchorPoint="0" LAnchorOffset="134" TAnchorPoint="0" TAnchorOffset="6" RAnchorPoint="0" RAnchorOffset="160" BAnchorPoint="0" BAnchorOffset="32" DT_VCENTER="0" DT_CENTER="1" Name="BagBtn4" BGColor="ffffffff" TextColor="ffffffff" WindowSoundTemplate="SlideDownDigi" NormalTextColor="ff31fcf6" PressedTextColor="ff31fcf6" FlybyTextColor="ffffffff" PressedFlybyTextColor="ffffffff" DisabledTextColor="ffffffff" RelativeToClient="1" DT_BOTTOM="1" Picture="1" TooltipType="OnCursor" TooltipColor="">
                            <Control Class="Window" LAnchorPoint="0" LAnchorOffset="0" TAnchorPoint="0" TAnchorOffset="0" RAnchorPoint="1" RAnchorOffset="0" BAnchorPoint="1" BAnchorOffset="0" RelativeToClient="1" Font="Default" Text="" Template="Default" Name="RemoveBagIcon" BGColor="ffffffff" TextColor="ffffffff" Picture="1" IgnoreMouse="1" Sprite="" NewWindowDepth="1" Visible="0" TooltipType="OnCursor">
                                <Event Name="MouseEnter" Function="OnRemoveIconEnter"/>
                                <Event Name="MouseExit" Function="OnRemoveIconExit"/>
                            </Control>
                        </Control>
                    </Control>
                </Control>
                <Control Class="Window" LAnchorPoint="0" LAnchorOffset="16" TAnchorPoint="0" TAnchorOffset="130" RAnchorPoint="1" RAnchorOffset="-16" BAnchorPoint="0" BAnchorOffset="186" RelativeToClient="1" Font="Default" Text="" Template="Default" TooltipType="OnCursor" Name="OptionsConfigureSize" BGColor="ffffffff" TextColor="ffffffff" TooltipColor="" Tooltip="" Sprite="CRB_Basekit:kitBase_HoloBlue_ListInset" Picture="1" IgnoreMouse="1" Visible="0" HideInEditor="1">
                    <Control Class="Window" LAnchorPoint="0" LAnchorOffset="6" TAnchorPoint="0" TAnchorOffset="2" RAnchorPoint="1" RAnchorOffset="0" BAnchorPoint="0" BAnchorOffset="22" RelativeToClient="1" Font="CRB_InterfaceSmall" Text="" Template="Default" Name="OptionsConfigureSizeLabel" BGColor="ffffffff" TextColor="ff7fffb9" TextId="Inventory_ConfigureSizeLabel" DT_CENTER="0" TooltipColor="" DT_VCENTER="1"/>
                    <Control Class="Button" Base="CRB_Basekit:kitBtn_Holo" Font="CRB_InterfaceSmall" ButtonType="Check" RadioGroup="IconSizingBtns" LAnchorPoint="0" LAnchorOffset="2" TAnchorPoint="0" TAnchorOffset="23" RAnchorPoint="0.5" RAnchorOffset="-1" BAnchorPoint="0" BAnchorOffset="53" DT_VCENTER="1" DT_CENTER="1" Name="IconBtnSmall" BGColor="ffffffff" TextColor="ffffffff" NormalTextColor="UI_TextHoloBody" PressedTextColor="ff31fcf6" FlybyTextColor="ff31fcf6" PressedFlybyTextColor="ffabfefc" DisabledTextColor="ff226b7d" Text="" TextId="Inventory_SmallIcons" GlobalRadioGroup="" RadioDisallowNonSelection="1" TooltipColor="" HideInEditor="0">
                        <Event Name="ButtonCheck" Function="OnOptionsRemoveSizeRows"/>
                    </Control>
                    <Control Class="Button" Base="CRB_Basekit:kitBtn_Holo" Font="CRB_InterfaceSmall" ButtonType="Check" RadioGroup="IconSizingBtns" LAnchorPoint="0.5" LAnchorOffset="1" TAnchorPoint="0" TAnchorOffset="23" RAnchorPoint="1" RAnchorOffset="-2" BAnchorPoint="0" BAnchorOffset="53" DT_VCENTER="1" DT_CENTER="1" Name="IconBtnLarge" BGColor="ffffffff" TextColor="ffffffff" NormalTextColor="UI_TextHoloBody" PressedTextColor="ff31fcf6" FlybyTextColor="ff31fcf6" PressedFlybyTextColor="ffabfefc" DisabledTextColor="ff226b7d" Text="" TextId="Inventory_LargeIcons" GlobalRadioGroup="" RadioDisallowNonSelection="1" TooltipColor="" HideInEditor="0">
                        <Event Name="ButtonCheck" Function="OnOptionsAddSizeRows"/>
                    </Control>
                </Control>
                <Control Class="Window" LAnchorPoint="0" LAnchorOffset="16" TAnchorPoint="0" TAnchorOffset="130" RAnchorPoint="1" RAnchorOffset="-16" BAnchorPoint="1" BAnchorOffset="-16" RelativeToClient="1" Font="Default" Text="" Template="Default" TooltipType="OnCursor" Name="OptionsConfigureCurrency" BGColor="ffffffff" TextColor="ffffffff" TooltipColor="" Tooltip="" Sprite="CRB_Basekit:kitBase_HoloBlue_ListInset" Picture="1" IgnoreMouse="1">
                    <Control Class="Window" LAnchorPoint="0" LAnchorOffset="6" TAnchorPoint="0" TAnchorOffset="2" RAnchorPoint="1" RAnchorOffset="0" BAnchorPoint="0" BAnchorOffset="22" RelativeToClient="1" Font="CRB_InterfaceSmall" Text="" Template="Default" Name="OptionsConfigureCurrencyLabel" BGColor="ffffffff" TextColor="ff7fffb9" TextId="Inventory_CurrencyDisplayLabel" DT_CENTER="0" TooltipColor="" DT_VCENTER="1"/>
                    <Control Class="Window" LAnchorPoint="0" LAnchorOffset="2" TAnchorPoint="0" TAnchorOffset="22" RAnchorPoint="1" RAnchorOffset="-1" BAnchorPoint="1" BAnchorOffset="-1" RelativeToClient="1" Font="Default" Text="" Template="CRB_Scroll_HoloSmall" TooltipType="OnCursor" Name="OptionsConfigureCurrencyList" BGColor="ffffffff" TextColor="ffffffff" TooltipColor="" HideInEditor="0" VScroll="1" IgnoreMouse="1"/>
                </Control>
            </Control>
            <Control Class="Button" Base="CRB_UIKitSprites:btn_close_Hologram" Font="Thick" ButtonType="PushButton" RadioGroup="" LAnchorPoint="1" LAnchorOffset="-35" TAnchorPoint="0" TAnchorOffset="15" RAnchorPoint="1" RAnchorOffset="-7" BAnchorPoint="0" BAnchorOffset="44" DT_VCENTER="1" DT_CENTER="1" Name="OptionsCloseBtn" BGColor="ffffffff" TextColor="ffffffff" NormalTextColor="ffffffff" PressedTextColor="ffffffff" FlybyTextColor="ffffffff" PressedFlybyTextColor="ffffffff" DisabledTextColor="ffffffff" TooltipColor="">
                <Event Name="ButtonSignal" Function="OnOptionsCloseClick"/>
            </Control>
        </Control>
        <Control Class="Window" LAnchorPoint="0" LAnchorOffset="-6" TAnchorPoint="0" TAnchorOffset="-6" RAnchorPoint="1" RAnchorOffset="6" BAnchorPoint="1" BAnchorOffset="6" RelativeToClient="1" Font="Default" Text="" Template="Default" Name="BGFrame" BGColor="ffffffff" TextColor="ffffffff" Picture="1" IgnoreMouse="1" Sprite="CRB_Basekit:kitOuterFrame_MetalGold_Small1" NewControlDepth="2" NewWindowDepth="1" NoClip="1" TooltipColor="">
            <Control Class="Button" Base="CRB_Basekit:kitBtn_Close" Font="Thick" ButtonType="PushButton" RadioGroup="" LAnchorPoint="1" LAnchorOffset="-38" TAnchorPoint="0" TAnchorOffset="13" RAnchorPoint="1" RAnchorOffset="-11" BAnchorPoint="0" BAnchorOffset="42" DT_VCENTER="1" DT_CENTER="1" Name="CloseBtn" BGColor="ffffffff" TextColor="ffffffff" NormalTextColor="ffffffff" PressedTextColor="ffffffff" FlybyTextColor="ffffffff" PressedFlybyTextColor="ffffffff" DisabledTextColor="ffffffff" RelativeToClient="1" Overlapped="1" NewWindowDepth="1" TooltipColor="">
                <Event Name="ButtonSignal" Function="OnToggleVisibility"/>
            </Control>
            <Control Class="Window" LAnchorPoint="1" LAnchorOffset="-54" TAnchorPoint="0" TAnchorOffset="4" RAnchorPoint="1" RAnchorOffset="-2" BAnchorPoint="0" BAnchorOffset="160" RelativeToClient="1" Font="Default" Text="" Template="Default" Name="BGOptionsHolder" BGColor="ffffffff" TextColor="ffffffff" Picture="1" IgnoreMouse="1" Sprite="CRB_Basekit:kitAccent_Corner_Exile_Lower" HideInEditor="0" Visible="1" TooltipColor="">
                <Control Class="Button" Base="CRB_Basekit:kitBtn_Metal_Options" Font="Thick" ButtonType="Check" RadioGroup="" LAnchorPoint="0" LAnchorOffset="22" TAnchorPoint="0" TAnchorOffset="36" RAnchorPoint="0" RAnchorOffset="54" BAnchorPoint="0" BAnchorOffset="68" DT_VCENTER="1" DT_CENTER="1" Name="OptionsBtn" BGColor="ffffffff" TextColor="ffffffff" NormalTextColor="ffffffff" PressedTextColor="ffffffff" FlybyTextColor="ffffffff" PressedFlybyTextColor="ffffffff" DisabledTextColor="ffffffff" NoClip="1" RelativeToClient="1" TooltipColor="">
                    <Event Name="ButtonCheck" Function="OnOptionsMenuToggle"/>
                    <Event Name="ButtonUncheck" Function="OnOptionsMenuToggle"/>
                </Control>
                <Control Class="Window" LAnchorPoint="0" LAnchorOffset="16" TAnchorPoint="0" TAnchorOffset="30" RAnchorPoint="0" RAnchorOffset="60" BAnchorPoint="0" BAnchorOffset="74" RelativeToClient="1" Font="Default" Text="" Template="Default" Name="OptionsBtnFlash" BGColor="cfffffff" TextColor="ffffffff" Picture="1" IgnoreMouse="1" Sprite="" NewWindowDepth="1" NoClip="1" TooltipColor=""/>
            </Control>
            <Control Class="Window" LAnchorPoint="1" LAnchorOffset="-58" TAnchorPoint="1" TAnchorOffset="-59" RAnchorPoint="1" RAnchorOffset="-5" BAnchorPoint="1" BAnchorOffset="-8" RelativeToClient="1" Font="Default" Text="" Template="Default" Name="BottomRightResize" BGColor="ffffffff" TextColor="ffffffff" Sprite="CRB_Basekit:kitBtn_ExpandNormal" Picture="1" IgnoreMouse="1" TooltipColor=""/>
        </Control>
        <Control Class="Window" LAnchorPoint="0" LAnchorOffset="0" TAnchorPoint="0" TAnchorOffset="-77" RAnchorPoint="0" RAnchorOffset="164" BAnchorPoint="0" BAnchorOffset="9" RelativeToClient="1" Font="Default" Text="" Template="Default" Name="SplitStackContainer" BGColor="ffffffff" TextColor="ffffffff" Picture="1" IgnoreMouse="0" NoClip="1" Sprite="" Visible="0" TooltipColor="" Tooltip="" Moveable="1" Overlapped="1" Escapable="1" HideInEditor="0" CloseOnExternalClick="1">
            <Control Class="Window" LAnchorPoint="0" LAnchorOffset="0" TAnchorPoint="0" TAnchorOffset="0" RAnchorPoint="1" RAnchorOffset="0" BAnchorPoint="1" BAnchorOffset="0" RelativeToClient="1" Font="Default" Text="" Template="Default" Name="BGSplitStack" BGColor="ffffffff" TextColor="ffffffff" Sprite="" Picture="1" IgnoreMouse="1" TooltipColor="" Tooltip="">
                <Control Class="Window" LAnchorPoint="0" LAnchorOffset="8" TAnchorPoint="0" TAnchorOffset="7" RAnchorPoint="1" RAnchorOffset="-8" BAnchorPoint="1" BAnchorOffset="-7" RelativeToClient="1" Font="Default" Text="" Template="Default" Name="HoloBG" BGColor="ffffffff" TextColor="ffffffff" Picture="1" IgnoreMouse="1" Sprite="CRB_Basekit:kitBase_HoloHexes_Small" Visible="1" HideInEditor="0"/>
            </Control>
            <Control Class="Window" LAnchorPoint="0" LAnchorOffset="0" TAnchorPoint="0" TAnchorOffset="-1" RAnchorPoint="1" RAnchorOffset="0" BAnchorPoint="1" BAnchorOffset="-1" RelativeToClient="1" Font="Default" Text="" Template="Default" Name="BGSplitStackFrame" BGColor="ffffffff" TextColor="ffffffff" Sprite="CRB_Basekit:kitInnerFrame_MetalGrey_Small" Picture="1" IgnoreMouse="1" NewControlDepth="3" TooltipColor="" HideInEditor="0">
                <Control Class="Button" Base="CRB_Basekit:kitBtn_Holo_Close2" Font="Thick" ButtonType="PushButton" RadioGroup="" LAnchorPoint="1" LAnchorOffset="-27" TAnchorPoint="0" TAnchorOffset="14" RAnchorPoint="1" RAnchorOffset="-10" BAnchorPoint="0" BAnchorOffset="30" DT_VCENTER="1" DT_CENTER="1" Name="SplitStackCloseBtn" BGColor="ffffffff" TextColor="ffffffff" NormalTextColor="ffffffff" PressedTextColor="ffffffff" FlybyTextColor="ffffffff" PressedFlybyTextColor="ffffffff" DisabledTextColor="ffffffff">
                    <Event Name="ButtonSignal" Function="OnSplitStackCloseClick"/>
                </Control>
                <Control Class="Window" LAnchorPoint="0" LAnchorOffset="8" TAnchorPoint="0" TAnchorOffset="16" RAnchorPoint="1" RAnchorOffset="-8" BAnchorPoint="0" BAnchorOffset="36" RelativeToClient="1" Font="CRB_InterfaceSmall" Text="" Template="Default" Name="SplitStackLabel" BGColor="ffffffff" TextColor="ff7fffb9" TextId="Inventory_SplitStack" DT_CENTER="1" TooltipColor=""/>
                <Control Class="Spinner" LAnchorPoint="0" LAnchorOffset="15" TAnchorPoint="1" TAnchorOffset="-55" RAnchorPoint="0" RAnchorOffset="88" BAnchorPoint="1" BAnchorOffset="-15" RelativeToClient="1" Font="CRB_InterfaceLarge" Text="" Template="HologramControl3" TooltipType="OnCursor" Name="SplitValue" BGColor="ffffffff" TextColor="ffffffff" TooltipColor="" UseTemplateBG="1" Border="1" TextId="" DT_VCENTER="1" Min="1" Max="1"/>
                <Control Class="Button" Base="CRB_Basekit:kitBtn_Holo" Font="CRB_InterfaceMedium_B" ButtonType="PushButton" RadioGroup="" LAnchorPoint="0" LAnchorOffset="90" TAnchorPoint="1" TAnchorOffset="-52" RAnchorPoint="1" RAnchorOffset="-16" BAnchorPoint="1" BAnchorOffset="-18" DT_VCENTER="1" DT_CENTER="1" TooltipType="OnCursor" Name="SplitBtn" BGColor="ffffffff" TextColor="ffffffff" TooltipColor="" NormalTextColor="UI_TextHoloBody" PressedTextColor="UI_TextHoloBody" FlybyTextColor="ff31fcf6" PressedFlybyTextColor="ff31fcf6" DisabledTextColor="ffffffff" Template="Default" Text="" TextId="Inventory_SplitBtn">
                    <Event Name="ButtonSignal" Function="OnSplitStackConfirm"/>
                </Control>
            </Control>
        </Control>
        <Control Class="Window" LAnchorPoint="0" LAnchorOffset="80" TAnchorPoint="1" TAnchorOffset="-24" RAnchorPoint="0" RAnchorOffset="198" BAnchorPoint="1" BAnchorOffset="18" RelativeToClient="1" Font="Default" Text="" Template="Default" TooltipType="OnCursor" Name="TextActionPrompt_Trash" BGColor="ffffffff" TextColor="ffffffff" TooltipColor="" Picture="0" IgnoreMouse="1" Sprite="CRB_Basekit:kitBtn_Holo_IconBaseStretchPressed" NoClip="1" NewWindowDepth="1" Visible="0" Tooltip="">
            <Control Class="Window" LAnchorPoint="0" LAnchorOffset="0" TAnchorPoint="0" TAnchorOffset="0" RAnchorPoint="1" RAnchorOffset="0" BAnchorPoint="1" BAnchorOffset="0" RelativeToClient="1" Font="Default" Text="" Template="Default" TooltipType="OnCursor" Name="BGArt" BGColor="ffffffff" TextColor="ffffffff" TooltipColor="" Picture="1" IgnoreMouse="1" Sprite="CRB_Inventory:sprInv_BottomFrameTall" NoClip="1"/>
            <Control Class="Window" LAnchorPoint="0" LAnchorOffset="0" TAnchorPoint="0" TAnchorOffset="7" RAnchorPoint="1" RAnchorOffset="0" BAnchorPoint="1" BAnchorOffset="0" RelativeToClient="1" Font="CRB_InterfaceLarge_B" Text="" Template="Default" TooltipType="OnCursor" Name="Text" BGColor="ffffffff" TextColor="ff7fffb9" TooltipColor="" TextId="Inventory_DeleteLabel" DT_VCENTER="1" DT_CENTER="1"/>
        </Control>
        <Control Class="Window" LAnchorPoint="0" LAnchorOffset="118" TAnchorPoint="1" TAnchorOffset="-24" RAnchorPoint="0" RAnchorOffset="236" BAnchorPoint="1" BAnchorOffset="18" RelativeToClient="1" Font="Default" Text="" Template="Default" TooltipType="OnCursor" Name="TextActionPrompt_Salvage" BGColor="ffffffff" TextColor="ffffffff" TooltipColor="" Picture="0" IgnoreMouse="1" Sprite="CRB_Basekit:kitBtn_Holo_IconBaseStretchPressed" NoClip="1" NewWindowDepth="1" Visible="0">
            <Control Class="Window" LAnchorPoint="0" LAnchorOffset="0" TAnchorPoint="0" TAnchorOffset="0" RAnchorPoint="1" RAnchorOffset="0" BAnchorPoint="1" BAnchorOffset="0" RelativeToClient="1" Font="Default" Text="" Template="Default" TooltipType="OnCursor" Name="BGArt" BGColor="ffffffff" TextColor="ffffffff" TooltipColor="" Picture="1" IgnoreMouse="1" Sprite="CRB_Inventory:sprInv_BottomFrameTall" NoClip="1"/>
            <Control Class="Window" LAnchorPoint="0" LAnchorOffset="0" TAnchorPoint="0" TAnchorOffset="7" RAnchorPoint="1" RAnchorOffset="0" BAnchorPoint="1" BAnchorOffset="0" RelativeToClient="1" Font="CRB_InterfaceLarge_B" Text="" Template="Default" TooltipType="OnCursor" Name="Text" BGColor="ffffffff" TextColor="ff7fffb9" TooltipColor="" TextId="Inventory_SalvageLabel" DT_VCENTER="1" DT_CENTER="1"/>
        </Control>
        <Event Name="WindowClosed" Function="OnInventoryClosed"/>
        <Event Name="WindowMove" Function="OnMainWindowMouseResized"/>
        <Pixie LAnchorPoint="0" LAnchorOffset="8" TAnchorPoint="0" TAnchorOffset="8" RAnchorPoint="1" RAnchorOffset="-8" BAnchorPoint="1" BAnchorOffset="-8" BGColor="ffffffff" Font="Default" TextColor="ffffffff" Text="" Sprite="CRB_Basekit:kitBase_MetalGrey_Small" Line="0"/>
    </Form>
    <Form Class="Window" LAnchorPoint="0" LAnchorOffset="0" TAnchorPoint="0" TAnchorOffset="0" RAnchorPoint="1" RAnchorOffset="0" BAnchorPoint="0" BAnchorOffset="50" RelativeToClient="1" Font="Default" Text="" Template="Default" Name="BagItem" Border="0" Picture="0" SwallowMouseClicks="1" Moveable="0" Escapable="0" Overlapped="1" BGColor="ffffffff" TextColor="ffffffff" TooltipColor="" Tooltip="">
        <Control Class="Window" LAnchorPoint="0" LAnchorOffset="1" TAnchorPoint="0" TAnchorOffset="2" RAnchorPoint="1" RAnchorOffset="0" BAnchorPoint="0" BAnchorOffset="22" RelativeToClient="1" Font="CRB_InterfaceMedium_O" Text="" Template="Default" Name="BagLabel" BGColor="ffffffff" TextColor="9dffffff" TextId="Inventory_BagLabelDefault" Visible="0" TooltipColor=""/>
        <Control Class="BagWindow" LAnchorPoint="0" LAnchorOffset="0" TAnchorPoint="0" TAnchorOffset="0" RAnchorPoint="1" RAnchorOffset="0" BAnchorPoint="1" BAnchorOffset="0" RelativeToClient="1" Sprite="" Text="" Name="ItemBagWindow" BGColor="ffffffff" TextColor="ffffffff" Picture="1" SwallowMouseClicks="1" IgnoreTooltipDelay="1" NewQuestOverlaySprite="ClientSprites:sprItem_NewQuest" IgnoreMouse="1" NewControlDepth="1" Overlapped="1" Visible="0" TooltipColor="" HideInEditor="0">
            <Event Name="GenerateTooltip" Function="OnGenerateTooltip"/>
            <Event Name="DragDropNothingCursor" Function="OnDragDropNothingCursor"/>
            <Event Name="DragDropCancel" Function="OnBagDragDropCancel"/>
        </Control>
    </Form>
    <Form Class="Window" LAnchorPoint="0" LAnchorOffset="0" TAnchorPoint="0" TAnchorOffset="0" RAnchorPoint="0" RAnchorOffset="38" BAnchorPoint="0" BAnchorOffset="38" RelativeToClient="1" Font="Default" Text="" Template="Default" Name="VirtualItem" Picture="1" SwallowMouseClicks="1" Overlapped="1" BGColor="ffffffff" TextColor="ffffffff" IgnoreMouse="1" Sprite="CRB_UIKitSprites:spr_Hologram" Tooltip="" TooltipType="OnCursor" IgnoreTooltipDelay="1" TooltipColor="">
        <Control Class="Window" LAnchorPoint="0" LAnchorOffset="1" TAnchorPoint="0" TAnchorOffset="1" RAnchorPoint="1" RAnchorOffset="-1" BAnchorPoint="1" BAnchorOffset="-1" RelativeToClient="1" Font="Default" Text="" Template="Default" Name="VirtualItemDisplay" BGColor="ffffffff" TextColor="ffffffff" Picture="1" IgnoreMouse="1" IgnoreTooltipDelay="1" TooltipType="OnCursor"/>
        <Control Class="Window" LAnchorPoint="0" LAnchorOffset="0" TAnchorPoint="0" TAnchorOffset="0" RAnchorPoint="1" RAnchorOffset="-2" BAnchorPoint="1" BAnchorOffset="-2" RelativeToClient="1" Font="Default" Text="" Template="Default" Name="VirtualItemCount" BGColor="ffffffff" TextColor="ffffffff" DT_BOTTOM="1" DT_RIGHT="1" TextId="" Tooltip=""/>
    </Form>
    <Form Class="Window" LAnchorPoint=".5" LAnchorOffset="-165" TAnchorPoint=".5" TAnchorOffset="-224" RAnchorPoint=".5" RAnchorOffset="165" BAnchorPoint=".5" BAnchorOffset="-97" RelativeToClient="1" Font="CRB_InterfaceMedium" Text="" Template="Default" Name="InventorySalvageNotice" Border="0" Picture="1" SwallowMouseClicks="1" Moveable="1" Escapable="1" Overlapped="1" BGColor="ffffffff" TextColor="ffffffff" NoClip="0" Visible="0" Sprite="" TooltipColor="" Tooltip="">
        <Control Class="Window" LAnchorPoint="0" LAnchorOffset="20" TAnchorPoint="0" TAnchorOffset="20" RAnchorPoint="1" RAnchorOffset="-20" BAnchorPoint="1" BAnchorOffset="-20" RelativeToClient="1" Font="Default" Text="" Template="Default" TooltipType="OnCursor" Name="InventoryNoticeBG" BGColor="ffffffff" TextColor="ffffffff" TooltipColor="" Picture="1" IgnoreMouse="1" Sprite="CRB_Basekit:kitBase_MetalGrey_Small"/>
        <Control Class="Window" LAnchorPoint="0" LAnchorOffset="13" TAnchorPoint="0" TAnchorOffset="5" RAnchorPoint="1" RAnchorOffset="-13" BAnchorPoint="1" BAnchorOffset="-6" RelativeToClient="1" Font="CRB_InterfaceLarge" Text="" Template="CRB_Hologram" Name="Hologram" BGColor="ffffffff" TextColor="ff4dffff" Border="0" UseTemplateBG="0" Sprite="" Picture="1" DT_CENTER="1" DT_VCENTER="0" DT_WORDBREAK="1" DT_SINGLELINE="0" DT_BOTTOM="0" DT_RIGHT="0" IgnoreMouse="1" TooltipColor="">
            <Control Class="ActionConfirmButton" Base="CRB_Basekit:kitBtn_Metal_LargeBlue" Font="CRB_InterfaceMedium" ButtonType="PushButton" RadioGroup="" LAnchorPoint="0.5" LAnchorOffset="-114" TAnchorPoint="0" TAnchorOffset="48" RAnchorPoint="0.5" RAnchorOffset="-2" BAnchorPoint="0" BAnchorOffset="96" DT_VCENTER="1" DT_CENTER="1" Name="SalvageBtn" BGColor="ffffffff" TextColor="ff4dffff" NormalTextColor="ff4dffff" PressedTextColor="ffffffff" FlybyTextColor="ffffffff" PressedFlybyTextColor="ffffffff" WindowSoundTemplate="PushbuttonDigi02" TextId="GVT_Salvage" DisabledTextColor="ffffffff" Text="" TooltipColor="">
                <Event Name="SalvageItemRequested" Function="OnSalvageConfirm"/>
            </Control>
            <Control Class="Button" Base="CRB_Basekit:kitBtn_Metal_LargeBlue" Font="CRB_InterfaceMedium" ButtonType="PushButton" RadioGroup="" LAnchorPoint="0.5" LAnchorOffset="2" TAnchorPoint="0" TAnchorOffset="48" RAnchorPoint="0.5" RAnchorOffset="114" BAnchorPoint="0" BAnchorOffset="96" DT_VCENTER="1" DT_CENTER="1" Name="CancelBtn" BGColor="ffffffff" TextColor="ff4dffff" NormalTextColor="ff4dffff" PressedTextColor="ffffffff" FlybyTextColor="ffffffff" PressedFlybyTextColor="ffffffff" WindowSoundTemplate="PushbuttonDigi03" TextId="CRB_Cancel" DisabledTextColor="ffffffff" TooltipColor="">
                <Event Name="ButtonSignal" Function="OnSalvageCancel"/>
            </Control>
            <Control Class="Window" LAnchorPoint="0" LAnchorOffset="8" TAnchorPoint="0" TAnchorOffset="8" RAnchorPoint="1" RAnchorOffset="-8" BAnchorPoint="0" BAnchorOffset="57" RelativeToClient="1" Font="CRB_InterfaceMedium" Template="Default" Name="NoticeText" BGColor="ffffffff" TextColor="ff9aaea3" DT_CENTER="1" DT_VCENTER="1" DT_WORDBREAK="1" TextId="CRB_Are_you_sure_you_want_to_salvage_this" Text="" TooltipColor=""/>
        </Control>
        <Control Class="Button" Base="CRB_Basekit:kitBtn_Close" Font="CRB_InterfaceMedium" ButtonType="PushButton" RadioGroup="" LAnchorPoint="1" LAnchorOffset="-32" TAnchorPoint="0" TAnchorOffset="12" RAnchorPoint="1" RAnchorOffset="-8" BAnchorPoint="0" BAnchorOffset="37" DT_VCENTER="1" DT_CENTER="1" Name="CloseBtn" BGColor="ffffffff" TextColor="ffffffff" NoClip="1" NewControlDepth="3" WindowSoundTemplate="CloseWindowPhys" NormalTextColor="ffffffff" PressedTextColor="ffffffff" FlybyTextColor="ffffffff" PressedFlybyTextColor="ffffffff" DisabledTextColor="ffffffff" TooltipColor="">
            <Event Name="ButtonSignal" Function="OnSalvageCancel"/>
        </Control>
        <Event Name="WindowClosed" Function="OnDeleteCancel"/>
        <Control Class="Window" LAnchorPoint="0" LAnchorOffset="0" TAnchorPoint="0" TAnchorOffset="0" RAnchorPoint="1" RAnchorOffset="0" BAnchorPoint="1" BAnchorOffset="0" RelativeToClient="1" Font="Default" Text="" Template="Default" TooltipType="OnCursor" Name="InventoryNoticeFrame" BGColor="ffffffff" TextColor="ffffffff" TooltipColor="" Sprite="CRB_Basekit:kitOuterFrame_MetalGold_Small1" Picture="1" IgnoreMouse="1"/>
    </Form>
    <Form Class="Window" LAnchorPoint=".5" LAnchorOffset="-165" TAnchorPoint=".5" TAnchorOffset="-224" RAnchorPoint=".5" RAnchorOffset="165" BAnchorPoint=".5" BAnchorOffset="-97" RelativeToClient="1" Font="CRB_InterfaceMedium" Text="" Template="Default" Name="InventoryDeleteNotice" Border="0" Picture="1" SwallowMouseClicks="1" Moveable="1" Escapable="1" Overlapped="1" BGColor="ffffffff" TextColor="ffffffff" NoClip="0" Visible="0" Sprite="" TooltipColor="">
        <Control Class="Window" LAnchorPoint="0" LAnchorOffset="20" TAnchorPoint="0" TAnchorOffset="20" RAnchorPoint="1" RAnchorOffset="-20" BAnchorPoint="1" BAnchorOffset="-20" RelativeToClient="1" Font="Default" Text="" Template="Default" TooltipType="OnCursor" Name="InventoryNoticeBG" BGColor="ffffffff" TextColor="ffffffff" TooltipColor="" Picture="1" IgnoreMouse="1" Sprite="CRB_Basekit:kitBase_MetalGrey_Small"/>
        <Control Class="Window" LAnchorPoint="0" LAnchorOffset="13" TAnchorPoint="0" TAnchorOffset="5" RAnchorPoint="1" RAnchorOffset="-13" BAnchorPoint="1" BAnchorOffset="-6" RelativeToClient="1" Font="CRB_InterfaceLarge" Text="" Template="CRB_Hologram" Name="Hologram" BGColor="ffffffff" TextColor="ff4dffff" Border="0" UseTemplateBG="0" Sprite="" Picture="1" DT_CENTER="1" DT_VCENTER="0" DT_WORDBREAK="1" DT_SINGLELINE="0" DT_BOTTOM="0" DT_RIGHT="0" IgnoreMouse="1">
            <Control Class="ActionConfirmButton" Base="CRB_Basekit:kitBtn_Metal_LargeBlue" Font="CRB_InterfaceMedium" ButtonType="PushButton" RadioGroup="" LAnchorPoint="0.5" LAnchorOffset="-114" TAnchorPoint="0" TAnchorOffset="48" RAnchorPoint="0.5" RAnchorOffset="-2" BAnchorPoint="0" BAnchorOffset="96" DT_VCENTER="1" DT_CENTER="1" Name="DeleteBtn" BGColor="ffffffff" TextColor="ff4dffff" NormalTextColor="ff4dffff" PressedTextColor="ffffffff" FlybyTextColor="ffffffff" PressedFlybyTextColor="ffffffff" WindowSoundTemplate="PushbuttonDigi02" TextId="CRB_Delete" DisabledTextColor="ffffffff" TooltipColor="" Tooltip="">
                <Event Name="DeleteItemRequested" Function="OnDeleteConfirm"/>
            </Control>
            <Control Class="Button" Base="CRB_Basekit:kitBtn_Metal_LargeBlue" Font="CRB_InterfaceMedium" ButtonType="PushButton" RadioGroup="" LAnchorPoint="0.5" LAnchorOffset="2" TAnchorPoint="0" TAnchorOffset="48" RAnchorPoint="0.5" RAnchorOffset="114" BAnchorPoint="0" BAnchorOffset="96" DT_VCENTER="1" DT_CENTER="1" Name="CancelBtn" BGColor="ffffffff" TextColor="ff4dffff" NormalTextColor="ff4dffff" PressedTextColor="ffffffff" FlybyTextColor="ffffffff" PressedFlybyTextColor="ffffffff" WindowSoundTemplate="PushbuttonDigi03" TextId="CRB_Cancel" DisabledTextColor="ffffffff" TooltipColor="">
                <Event Name="ButtonSignal" Function="OnDeleteCancel"/>
            </Control>
            <Control Class="Window" LAnchorPoint="0" LAnchorOffset="8" TAnchorPoint="0" TAnchorOffset="8" RAnchorPoint="1" RAnchorOffset="-8" BAnchorPoint="0" BAnchorOffset="57" RelativeToClient="1" Font="CRB_InterfaceMedium" Template="Default" Name="NoticeText" BGColor="ffffffff" TextColor="ff9aaea3" DT_CENTER="1" DT_VCENTER="1" DT_WORDBREAK="1" TextId="CRB_Are_you_sure_you_want_to_delete_this" TooltipColor=""/>
        </Control>
        <Control Class="Button" Base="CRB_Basekit:kitBtn_Close" Font="CRB_InterfaceMedium" ButtonType="PushButton" RadioGroup="" LAnchorPoint="1" LAnchorOffset="-32" TAnchorPoint="0" TAnchorOffset="12" RAnchorPoint="1" RAnchorOffset="-8" BAnchorPoint="0" BAnchorOffset="37" DT_VCENTER="1" DT_CENTER="1" Name="CloseBtn" BGColor="ffffffff" TextColor="ffffffff" NoClip="1" NewControlDepth="3" WindowSoundTemplate="CloseWindowPhys" NormalTextColor="ffffffff" PressedTextColor="ffffffff" FlybyTextColor="ffffffff" PressedFlybyTextColor="ffffffff" DisabledTextColor="ffffffff" TooltipColor="">
            <Event Name="ButtonSignal" Function="OnDeleteCancel"/>
        </Control>
        <Event Name="WindowClosed" Function="OnDeleteCancel"/>
        <Control Class="Window" LAnchorPoint="0" LAnchorOffset="0" TAnchorPoint="0" TAnchorOffset="0" RAnchorPoint="1" RAnchorOffset="0" BAnchorPoint="1" BAnchorOffset="0" RelativeToClient="1" Font="Default" Text="" Template="Default" TooltipType="OnCursor" Name="InventoryNoticeFrame" BGColor="ffffffff" TextColor="ffffffff" TooltipColor="" Sprite="CRB_Basekit:kitOuterFrame_MetalGold_Small1" Picture="1" IgnoreMouse="1"/>
    </Form>
    <Form Class="Window" LAnchorPoint="0" LAnchorOffset="0" TAnchorPoint="0" TAnchorOffset="0" RAnchorPoint="1" RAnchorOffset="0" BAnchorPoint="0" BAnchorOffset="30" RelativeToClient="1" Font="Default" Text="" Template="Default" TooltipType="OnCursor" Name="PickerEntry" BGColor="ffffffff" TextColor="ffffffff" TooltipColor="" Tooltip="">
        <Control Class="Button" Base="CRB_Basekit:kitBtn_List_Holo" Font="CRB_InterfaceSmall_O" ButtonType="Check" RadioGroup="" LAnchorPoint="0" LAnchorOffset="0" TAnchorPoint="0" TAnchorOffset="0" RAnchorPoint="1" RAnchorOffset="0" BAnchorPoint="1" BAnchorOffset="0" DT_VCENTER="1" DT_CENTER="0" TooltipType="OnCursor" Name="PickerEntryBtn" BGColor="ffffffff" TextColor="ffffffff" TooltipColor="" NormalTextColor="UI_BtnTextHoloListNormal" PressedTextColor="UI_BtnTextHoloListPressed" FlybyTextColor="UI_BtnTextHoloListFlyby" PressedFlybyTextColor="UI_BtnTextHoloListPressedFlyby" DisabledTextColor="UI_BtnTextHoloListDisabled" Text="" TextId="" TooltipFont="CRB_InterfaceSmall" RelativeToClient="1" RadioDisallowNonSelection="1" GlobalRadioGroup="GlobalRadioGroup_InventryBag_CurrencyPicker" NeverBringToFront="1">
            <Event Name="ButtonCheck" Function="UpdateAltCash"/>
            <Control Class="Window" LAnchorPoint="0" LAnchorOffset="10" TAnchorPoint="0" TAnchorOffset="0" RAnchorPoint="1" RAnchorOffset="-20" BAnchorPoint="1" BAnchorOffset="0" RelativeToClient="1" Font="CRB_InterfaceSmall_O" Text="" Template="Default" TooltipType="OnCursor" Name="PickerEntryBtnText" BGColor="ffffffff" TextColor="UI_TextHoloBody" TooltipColor="" DT_VCENTER="1" DT_WORDBREAK="1"/>
        </Control>
        <Control Class="CashWindow" LAnchorPoint="1" LAnchorOffset="-130" TAnchorPoint="0" TAnchorOffset="0" RAnchorPoint="1" RAnchorOffset="-7" BAnchorPoint="1" BAnchorOffset="0" RelativeToClient="1" Font="CRB_InterfaceSmall_O" Text="" Template="Default" TooltipType="OnCursor" Name="EntryCash" BGColor="ffffffff" TextColor="ff31fcf6" TooltipColor="" DT_RIGHT="1" DT_VCENTER="1" NewControlDepth="10" IgnoreMouse="1"/>
    </Form>
</Forms>
