<Forms>
    <Form Class="Window" LAnchorPoint=".5" LAnchorOffset="-158" TAnchorPoint=".5" TAnchorOffset="-325" RAnchorPoint=".5" RAnchorOffset="157" BAnchorPoint=".5" BAnchorOffset="220" RelativeToClient="1" Font="Default" Text="" Template="" Name="ItemPreviewForm" Border="0" Picture="0" SwallowMouseClicks="1" Moveable="1" Escapable="1" Overlapped="1" BGColor="ffffffff" TextColor="ffffffff" TextId="" TooltipColor="" Tooltip="" CloseOnExternalClick="1" Sizable="1">
        <Control Class="Window" LAnchorPoint="0" LAnchorOffset="0" TAnchorPoint="0" TAnchorOffset="0" RAnchorPoint="1" RAnchorOffset="0" BAnchorPoint="1" BAnchorOffset="0" RelativeToClient="1" Font="Default" Text="" Template="Default" TooltipType="OnCursor" Name="BGArt" BGColor="ffffffff" TextColor="ffffffff" TooltipColor="" Picture="0" IgnoreMouse="1" Sprite="">
            <Control Class="Window" LAnchorPoint="0" LAnchorOffset="4" TAnchorPoint="0" TAnchorOffset="6" RAnchorPoint="1" RAnchorOffset="-4" BAnchorPoint="1" BAnchorOffset="-53" RelativeToClient="1" Font="Default" Text="" Template="Default" TooltipType="OnCursor" Name="BGArt_HoloBase" BGColor="ffffffff" TextColor="ffffffff" TooltipColor="" Picture="1" IgnoreMouse="1" Sprite="CRB_Basekit:kitBase_HoloHexes_Small"/>
            <Control Class="Window" LAnchorPoint="0" LAnchorOffset="0" TAnchorPoint="0" TAnchorOffset="0" RAnchorPoint="1" RAnchorOffset="0" BAnchorPoint="1" BAnchorOffset="-49" RelativeToClient="1" Font="Default" Text="" Template="Default" TooltipType="OnCursor" Name="BGArtFrame" BGColor="ffffffff" TextColor="ffffffff" TooltipColor="" Sprite="CRB_Basekit:kitInnerFrame_MetalGold_Small" Picture="1" IgnoreMouse="1" NoClip="1" NewControlDepth="2"/>
            <Control Class="Window" LAnchorPoint="0" LAnchorOffset="4" TAnchorPoint="1" TAnchorOffset="-54" RAnchorPoint="1" RAnchorOffset="-4" BAnchorPoint="1" BAnchorOffset="0" RelativeToClient="1" Font="Default" Text="" Template="Default" TooltipType="OnCursor" Name="BGArt_Footer" BGColor="ffffffff" TextColor="ffffffff" TooltipColor="" Picture="1" IgnoreMouse="1" Sprite="CRB_Basekit:kitFooter_MetalGold_Square" NewControlDepth="1"/>
            <Control Class="Window" LAnchorPoint="1" LAnchorOffset="-54" TAnchorPoint="1" TAnchorOffset="-51" RAnchorPoint="1" RAnchorOffset="0" BAnchorPoint="1" BAnchorOffset="0" RelativeToClient="1" Font="Default" Text="" Template="Default" TooltipType="OnCursor" Name="BGArtCornerFrame" BGColor="ffffffff" TextColor="ffffffff" TooltipColor="" Picture="1" IgnoreMouse="1" Sprite="CRB_Basekit:kitBtn_Expand_BottomRightAnchorNormal" NoClip="1" NewControlDepth="3"/>
        </Control>
        <Control Class="CostumeWindow" LAnchorPoint="0" LAnchorOffset="9" TAnchorPoint="0" TAnchorOffset="11" RAnchorPoint="1" RAnchorOffset="-9" BAnchorPoint="1" BAnchorOffset="-58" RelativeToClient="1" Font="Default" Sprite="WhiteFill" Text="" Template="Default" Name="PreviewWindow" BGColor="ffffffff" TextColor="ffffffff" Camera="Paperdoll" Animated="1" NewControlDepth="3" HideInEditor="0" Visible="1" TooltipColor="" IgnoreMouse="1"/>
        <Event Name="WindowClosed" Function="OnWindowClosed"/>
        <Control Class="Button" Base="CRB_Basekit:kitBtn_List_MetalNoEdge" Font="CRB_InterfaceSmall" ButtonType="PushButton" RadioGroup="" LAnchorPoint=".5" LAnchorOffset="-66" TAnchorPoint="1" TAnchorOffset="-35" RAnchorPoint=".5" RAnchorOffset="63" BAnchorPoint="1" BAnchorOffset="-10" DT_VCENTER="1" DT_CENTER="1" TooltipType="OnCursor" Name="SheathButton" BGColor="ffffffff" TextColor="ffffffff" TooltipColor="" NormalTextColor="UI_BtnTextGoldListNormal" PressedTextColor="UI_BtnTextGoldListPressed" FlybyTextColor="UI_BtnTextGoldListFlyby" PressedFlybyTextColor="UI_BtnTextGoldListPressedFlyby" DisabledTextColor="UI_BtnTextGoldListDisabled" Text="" TextId="Character_SetSheathed" NewControlDepth="5" DrawAsCheckbox="0">
            <Event Name="ButtonSignal" Function="OnToggleSheathed"/>
        </Control>
        <Control Class="Button" Base="CRB_Basekit:kitBtn_Close" Font="Thick" ButtonType="PushButton" RadioGroup="" LAnchorPoint="1" LAnchorOffset="-27" TAnchorPoint="0" TAnchorOffset="2" RAnchorPoint="1" RAnchorOffset="2" BAnchorPoint="0" BAnchorOffset="32" DT_VCENTER="1" DT_CENTER="1" TooltipType="OnCursor" Name="CloseBtn" BGColor="ffffffff" TextColor="ffffffff" TooltipColor="" NormalTextColor="ffffffff" PressedTextColor="ffffffff" FlybyTextColor="ffffffff" PressedFlybyTextColor="ffffffff" DisabledTextColor="ffffffff" NoClip="1" NewControlDepth="6">
            <Event Name="ButtonSignal" Function="OnCloseBtn"/>
        </Control>
        <Control Class="MLWindow" LAnchorPoint="0" LAnchorOffset="0" TAnchorPoint="1" TAnchorOffset="-52" RAnchorPoint="1" RAnchorOffset="0" BAnchorPoint="1" BAnchorOffset="-35" RelativeToClient="1" Font="CRB_InterfaceMedium" Text="" Template="Default" TooltipType="OnCursor" Name="ItemLabel" BGColor="ffffffff" TextColor="ffdad1c2" TooltipColor="" NewControlDepth="6" DT_BOTTOM="1" DT_CENTER="1" TextId=""/>
        <Control Class="Button" Base="btn_ArrowTurnLeft" Font="Thick" ButtonType="PushButton" RadioGroup="" LAnchorPoint="0.5" LAnchorOffset="-143" TAnchorPoint="1" TAnchorOffset="-89" RAnchorPoint="0.5" RAnchorOffset="-20" BAnchorPoint="1" BAnchorOffset="-61" DT_VCENTER="1" DT_CENTER="1" Name="RotateLeft" BGColor="afffffff" TextColor="ffffffff" WindowSoundTemplate="Custom" NormalTextColor="ffffffff" PressedTextColor="ffffffff" FlybyTextColor="ffffffff" PressedFlybyTextColor="ffffffff" DisabledTextColor="ffffffff" TooltipColor="" DrawAsCheckbox="1" CheckboxRight="1" Tooltip="" NoClip="1">
            <Event Name="ButtonHoldBegin" Function="OnRotateLeft"/>
            <Event Name="ButtonUp" Function="OnRotateLeftCancel"/>
            <Event Name="ButtonUpCancel" Function="OnRotateLeftCancel"/>
        </Control>
        <Control Class="Button" Base="btn_ArrowTurnRight" Font="Thick" ButtonType="PushButton" RadioGroup="" LAnchorPoint="0.5" LAnchorOffset="20" TAnchorPoint="1" TAnchorOffset="-91" RAnchorPoint="0.5" RAnchorOffset="145" BAnchorPoint="1" BAnchorOffset="-61" DT_VCENTER="1" DT_CENTER="1" Name="RotateRight" BGColor="afffffff" TextColor="ffffffff" WindowSoundTemplate="Custom" NormalTextColor="ffffffff" PressedTextColor="ffffffff" FlybyTextColor="ffffffff" PressedFlybyTextColor="ffffffff" DisabledTextColor="ffffffff" TooltipColor="" Tooltip="" DrawAsCheckbox="1" NoClip="1">
            <Event Name="ButtonHoldBegin" Function="OnRotateRight"/>
            <Event Name="ButtonUp" Function="OnRotateRightCancel"/>
            <Event Name="ButtonUpCancel" Function="OnRotateRightCancel"/>
        </Control>
    </Form>
</Forms>
