<Forms>
    <Form Class="Window" LAnchorPoint=".5" LAnchorOffset="-250" TAnchorPoint=".5" TAnchorOffset="-280" RAnchorPoint=".5" RAnchorOffset="250" BAnchorPoint=".50" BAnchorOffset="280" RelativeToClient="1" Font="Default" Text="" Template="Default" Name="TradeskillTrainerForm" Border="0" Picture="0" SwallowMouseClicks="1" Moveable="1" Escapable="1" Overlapped="1" BGColor="ffffffff" TextColor="ffffffff" TextId="" IgnoreMouse="1" Sprite="" Visible="1" TransitionShowHide="1" TooltipColor="" Tooltip="">
        <Control Class="Window" LAnchorPoint="0" LAnchorOffset="29" TAnchorPoint="0" TAnchorOffset="72" RAnchorPoint="0" RAnchorOffset="200" BAnchorPoint="1" BAnchorOffset="-22" RelativeToClient="1" Font="Default" Text="" Template="Metal_ScrollList" Name="BGLeft" BGColor="ffffffff" TextColor="ffffffff" Picture="0" IgnoreMouse="1" Sprite="" TooltipColor="" Border="1" UseTemplateBG="1" HScroll="0">
            <Control Class="Window" LAnchorPoint="0" LAnchorOffset="0" TAnchorPoint="0" TAnchorOffset="0" RAnchorPoint="1" RAnchorOffset="-3" BAnchorPoint="1" BAnchorOffset="0" RelativeToClient="1" Font="Default" Text="" Template="Default" Name="ListContainer" BGColor="ffffffff" TextColor="ffffffff" VScroll="0" IgnoreMouse="1" TooltipColor=""/>
        </Control>
        <Control Class="Window" LAnchorPoint="0" LAnchorOffset="194" TAnchorPoint="0" TAnchorOffset="68" RAnchorPoint="1" RAnchorOffset="-25" BAnchorPoint="1" BAnchorOffset="-21" RelativeToClient="1" Font="Default" Text="" Template="Holo_Background_General" Name="RightContainer" BGColor="ffffffff" TextColor="ffffffff" Visible="1" HideInEditor="0" TooltipColor="" Tooltip="" Border="1" IgnoreMouse="1" UseTemplateBG="1">
            <Control Class="Window" LAnchorPoint="0" LAnchorOffset="2" TAnchorPoint="0" TAnchorOffset="4" RAnchorPoint="1" RAnchorOffset="-1" BAnchorPoint="1" BAnchorOffset="-2" RelativeToClient="1" Font="Default" Text="" Template="Default" Name="BottomBG" BGColor="ffffffff" TextColor="ffffffff" Picture="1" IgnoreMouse="1" Sprite="BK3:UI_BK3_Holo_InsetSimple" TooltipColor="">
                <Control Class="Window" LAnchorPoint="0" LAnchorOffset="18" TAnchorPoint="0" TAnchorOffset="16" RAnchorPoint="1" RAnchorOffset="-18" BAnchorPoint="1" BAnchorOffset="-100" RelativeToClient="1" Font="CRB_InterfaceMedium" Text="" Template="Default" Name="FullDescription" BGColor="33ffffff" TextColor="UI_TextHoloTitle" TextId="TradeskillTrainer_ClickForInfo" DT_WORDBREAK="1" Sprite="" Picture="1" IgnoreMouse="1" TooltipColor="" HideInEditor="0"/>
                <Control Class="Window" LAnchorPoint="0" LAnchorOffset="63" TAnchorPoint="1" TAnchorOffset="-35" RAnchorPoint="1" RAnchorOffset="-57" BAnchorPoint="1" BAnchorOffset="-18" RelativeToClient="1" Font="CRB_InterfaceMedium_B" Text="" Template="Default" TooltipType="OnCursor" Name="AlreadyKnown" BGColor="ffffffff" TextColor="ff31fcf6" TooltipColor="" TextId="CRB_Schematic_Already_Known" DT_CENTER="1" Visible="0" Sprite="CRB_Basekit:kitIcon_Holo_Checkmark" Picture="1" IgnoreMouse="1" DT_VCENTER="1" HideInEditor="1"/>
                <Control Class="Window" LAnchorPoint="0" LAnchorOffset="20" TAnchorPoint="1" TAnchorOffset="-81" RAnchorPoint="1" RAnchorOffset="-20" BAnchorPoint="1" BAnchorOffset="-13" RelativeToClient="1" Font="CRB_InterfaceMedium_B" Text="" Template="Default" TooltipType="OnCursor" Name="HobbyMessage" BGColor="ffffffff" TextColor="ff31fcf6" TooltipColor="" TextId="TradeskillTrainer_HobbyDisclaimer" DT_CENTER="1" Visible="0" Sprite="" Picture="1" IgnoreMouse="1" DT_VCENTER="1" DT_WORDBREAK="1" HideInEditor="1"/>
                <Control Class="Button" Base="BK3:btnHolo_Blue_Med" Font="CRB_Button" ButtonType="PushButton" RadioGroup="" LAnchorPoint="0" LAnchorOffset="16" TAnchorPoint="1" TAnchorOffset="-89" RAnchorPoint="1" RAnchorOffset="-16" BAnchorPoint="1" BAnchorOffset="-16" DT_VCENTER="1" DT_CENTER="1" Name="LearnTradeskillBtn" BGColor="ffffffff" TextColor="ffffffff" NormalTextColor="UI_BtnTextBlueNormal" PressedTextColor="UI_BtnTextBluePressed" FlybyTextColor="UI_BtnTextBlueFlyby" PressedFlybyTextColor="UI_BtnTextBluePressedFlyby" DisabledTextColor="UI_BtnTextBlueDisabled" RelativeToClient="1" IgnoreMouse="0" Text="" TextId="CRB_Learn" TooltipColor="" HideInEditor="1" Visible="0">
                    <Event Name="ButtonSignal" Function="OnLearnTradeskillBtn"/>
                </Control>
                <Control Class="Window" LAnchorPoint="0" LAnchorOffset="20" TAnchorPoint="1" TAnchorOffset="-71" RAnchorPoint="0" RAnchorOffset="69" BAnchorPoint="1" BAnchorOffset="-21" RelativeToClient="1" Font="Default" Text="" Template="Default" TooltipType="OnCursor" Name="CooldownLocked" BGColor="ffffffff" TextColor="ffffffff" TooltipColor="" Sprite="ClientSprites:Icon_Windows_UI_CRB_Lock_Holo" Picture="1" IgnoreMouse="1" Visible="0" HideInEditor="1">
                    <Control Class="Window" LAnchorPoint="1" LAnchorOffset="5" TAnchorPoint="0" TAnchorOffset="0" RAnchorPoint="1" RAnchorOffset="165" BAnchorPoint="1" BAnchorOffset="0" RelativeToClient="1" Font="CRB_InterfaceMedium_B" Text="" Template="Default" TooltipType="OnCursor" Name="CooldownLockedText" BGColor="ffffffff" TextColor="UI_TextHoloBodyHighlight" TooltipColor="" Sprite="" Picture="1" IgnoreMouse="1" NoClip="1" TextId="Challenges_NoProgress" DT_CENTER="0" DT_VCENTER="1" Tooltip=""/>
                </Control>
                <Control Class="Window" LAnchorPoint="0" LAnchorOffset="0" TAnchorPoint="1" TAnchorOffset="-160" RAnchorPoint="1" RAnchorOffset="0" BAnchorPoint="1" BAnchorOffset="0" RelativeToClient="1" Font="Default" Text="" Template="Default" TooltipType="OnCursor" Name="SwapContainer" BGColor="ffffffff" TextColor="ffffffff" TooltipColor="" HideInEditor="0" Visible="0">
                    <Control Class="Window" LAnchorPoint="0" LAnchorOffset="10" TAnchorPoint="1" TAnchorOffset="-156" RAnchorPoint="1" RAnchorOffset="10" BAnchorPoint="1" BAnchorOffset="-132" RelativeToClient="1" Font="Default" Text="" Template="Default" TooltipType="OnCursor" Name="CostWindow" BGColor="ffffffff" TextColor="ffffffff" TooltipColor="" HideInEditor="0">
                        <Control Class="CashWindow" LAnchorPoint="0" LAnchorOffset="52" TAnchorPoint="0" TAnchorOffset="0" RAnchorPoint="0" RAnchorOffset="200" BAnchorPoint="0" BAnchorOffset="24" TooltipType="OnCursor" RelativeToClient="1" Font="CRB_InterfaceSmall" Text="" Template="Default" BGColor="ffffffff" TextColor="ffffffff" DT_RIGHT="0" Name="SwapCashWindow" TooltipColor=""/>
                        <Pixie LAnchorPoint="0" LAnchorOffset="18" TAnchorPoint="0" TAnchorOffset="3" RAnchorPoint="0" RAnchorOffset="50" BAnchorPoint="1" BAnchorOffset="-3" BGColor="ffffffff" Font="CRB_InterfaceMedium_B" TextColor="ff7fffb9" Text="" TextId="CRB_Cost" Line="0"/>
                    </Control>
                    <Control Class="Button" Base="BK3:btnHolo_Blue_Med" Font="CRB_Button" ButtonType="PushButton" RadioGroup="" LAnchorPoint="0" LAnchorOffset="16" TAnchorPoint="1" TAnchorOffset="-135" RAnchorPoint="1" RAnchorOffset="-16" BAnchorPoint="1" BAnchorOffset="-63" DT_VCENTER="1" DT_CENTER="1" Name="SwapTradeskillBtn1" BGColor="ffffffff" TextColor="ffffffff" NormalTextColor="ff2f94ac" PressedTextColor="ffffffff" FlybyTextColor="ffffffff" PressedFlybyTextColor="ffffffff" DisabledTextColor="9d9d9d9d" RelativeToClient="1" IgnoreMouse="0" Text="" TextId="" TooltipColor="" HideInEditor="0" Visible="1">
                        <Event Name="ButtonSignal" Function="OnSwapTradeskillBtn"/>
                    </Control>
                    <Control Class="Button" Base="BK3:btnHolo_Blue_Med" Font="CRB_Button" ButtonType="PushButton" RadioGroup="" LAnchorPoint="0" LAnchorOffset="16" TAnchorPoint="1" TAnchorOffset="-73" RAnchorPoint="1" RAnchorOffset="-16" BAnchorPoint="1" BAnchorOffset="0" DT_VCENTER="1" DT_CENTER="1" Name="SwapTradeskillBtn2" BGColor="ffffffff" TextColor="ffffffff" NormalTextColor="ff2f94ac" PressedTextColor="ffffffff" FlybyTextColor="ffffffff" PressedFlybyTextColor="ffffffff" DisabledTextColor="9d9d9d9d" RelativeToClient="1" IgnoreMouse="0" Text="" TextId="" TooltipColor="" HideInEditor="0" Visible="1">
                        <Event Name="ButtonSignal" Function="OnSwapTradeskillBtn"/>
                    </Control>
                    <Control Class="Window" LAnchorPoint="0" LAnchorOffset="22" TAnchorPoint="1" TAnchorOffset="-152" RAnchorPoint="1" RAnchorOffset="-20" BAnchorPoint="1" BAnchorOffset="-10" RelativeToClient="1" Font="CRB_InterfaceMedium_B" Text="" Template="Default" TooltipType="OnCursor" Name="SwapTimeWarningContainer" BGColor="ffffffff" TextColor="ff7fffb9" TooltipColor="" TextId="" TooltipFont="CRB_InterfaceSmall_O" Tooltip="" TooltipId="TradeskillTrainer_MaxCDTooltip" IgnoreMouse="1" IgnoreTooltipDelay="1" HideInEditor="0" NewControlDepth="1" Visible="0">
                        <Pixie LAnchorPoint="0" LAnchorOffset="8" TAnchorPoint="0" TAnchorOffset="36" RAnchorPoint="0" RAnchorOffset="42" BAnchorPoint="0" BAnchorOffset="70" BGColor="ffffffff" Font="Default" TextColor="ffffffff" Text="" Sprite="CRB_Basekit:kitIcon_NewDisabled" Line="0"/>
                        <Pixie LAnchorPoint="0" LAnchorOffset="8" TAnchorPoint="0" TAnchorOffset="99" RAnchorPoint="0" RAnchorOffset="42" BAnchorPoint="0" BAnchorOffset="133" BGColor="ffffffff" Font="Default" TextColor="ffffffff" Text="" Sprite="CRB_Basekit:kitIcon_NewDisabled" Line="0"/>
                        <Pixie LAnchorPoint="1" LAnchorOffset="-42" TAnchorPoint="0" TAnchorOffset="36" RAnchorPoint="1" RAnchorOffset="-8" BAnchorPoint="0" BAnchorOffset="70" BGColor="ffffffff" Font="Default" TextColor="ffffffff" Text="" Sprite="CRB_Basekit:kitIcon_NewDisabled" Line="0"/>
                        <Pixie LAnchorPoint="1" LAnchorOffset="-42" TAnchorPoint="0" TAnchorOffset="99" RAnchorPoint="1" RAnchorOffset="-8" BAnchorPoint="0" BAnchorOffset="193" BGColor="ffffffff" Font="Default" TextColor="ffffffff" Text="" Sprite="CRB_Basekit:kitIcon_NewDisabled" Line="0"/>
                        <Control Class="Window" LAnchorPoint="1" LAnchorOffset="-108" TAnchorPoint="0" TAnchorOffset="0" RAnchorPoint="1" RAnchorOffset="-8" BAnchorPoint="0" BAnchorOffset="20" RelativeToClient="1" Font="CRB_Interface9_B" Text="" Template="Default" TooltipType="OnCursor" Name="SwapTimeWarningLabel" BGColor="ffffffff" TextColor="ff7fffb9" TooltipColor="" TextId="CRB__2" DT_RIGHT="1" DT_CENTER="0" DT_VCENTER="0" Tooltip=""/>
                    </Control>
                </Control>
            </Control>
        </Control>
        <Control Class="Window" LAnchorPoint="0" LAnchorOffset="0" TAnchorPoint="0" TAnchorOffset="0" RAnchorPoint="1" RAnchorOffset="0" BAnchorPoint="1" BAnchorOffset="0" RelativeToClient="1" Font="Default" Text="" Template="Metal_Primary_NoNav" Name="BGBorder" Picture="0" BGColor="ffffffff" TextColor="ffffffff" TextId="" IgnoreMouse="1" Sprite="" NewControlDepth="10" TooltipColor="" Border="1" UseTemplateBG="1"/>
        <Event Name="WindowClosed" Function="OnWindowClosed"/>
        <Control Class="Button" Base="CRB_Basekit:kitBtn_Close" Font="Thick" ButtonType="PushButton" RadioGroup="" LAnchorPoint="1" LAnchorOffset="-50" TAnchorPoint="0" TAnchorOffset="24" RAnchorPoint="1" RAnchorOffset="-23" BAnchorPoint="0" BAnchorOffset="53" DT_VCENTER="1" DT_CENTER="1" Name="CloseBtn" BGColor="ffffffff" TextColor="ffffffff" NormalTextColor="ffffffff" PressedTextColor="ffffffff" FlybyTextColor="ffffffff" PressedFlybyTextColor="ffffffff" DisabledTextColor="ffffffff" TooltipColor="">
            <Event Name="ButtonSignal" Function="OnClose"/>
        </Control>
        <Control Class="Window" LAnchorPoint="0" LAnchorOffset="100" TAnchorPoint="0" TAnchorOffset="24" RAnchorPoint="1" RAnchorOffset="-100" BAnchorPoint="0" BAnchorOffset="60" RelativeToClient="1" Font="CRB_HeaderMedium" Text="Please Choose Two Tradeskills" BGColor="UI_WindowBGDefault" TextColor="UI_WindowTitleYellow" Template="Default" TooltipType="OnCursor" Name="Header" TooltipColor="" TextId="" Border="0" IgnoreMouse="1" HScroll="0" Picture="1" Sprite="BK3:sprMetal_Framing_Header" DT_CENTER="1" DT_VCENTER="1" NewControlDepth="10"/>
        <Control Class="Window" LAnchorPoint="0" LAnchorOffset="190" TAnchorPoint="0" TAnchorOffset="62" RAnchorPoint="0" RAnchorOffset="205" BAnchorPoint="1" BAnchorOffset="-12" RelativeToClient="1" Font="Default" Text="" BGColor="UI_WindowBGDefault" TextColor="UI_WindowTextDefault" Template="Default" TooltipType="OnCursor" Name="Divider" TooltipColor="" Sprite="BK3:UI_BK3_Metal_Inset_Divider_V" Picture="1" IgnoreMouse="1"/>
    </Form>
    <Form Class="Window" LAnchorPoint="0" LAnchorOffset="0" TAnchorPoint="0" TAnchorOffset="0" RAnchorPoint="1" RAnchorOffset="0" BAnchorPoint="0" BAnchorOffset="40" RelativeToClient="1" Font="Default" Text="" Template="Default" Name="ProfListItem" Border="0" Picture="1" SwallowMouseClicks="1" Moveable="0" Escapable="0" Overlapped="0" BGColor="ffffffff" TextColor="ffffffff" IgnoreMouse="1" TooltipColor="" Tooltip="">
        <Control Class="Button" Base="BK3:btnMetal_ExpandMenu_Small" Font="Thick" ButtonType="Check" RadioGroup="" LAnchorPoint="0" LAnchorOffset="0" TAnchorPoint="0" TAnchorOffset="0" RAnchorPoint="1" RAnchorOffset="0" BAnchorPoint="1" BAnchorOffset="0" DT_VCENTER="1" DT_CENTER="1" Name="ListItemBtn" BGColor="ffffffff" TextColor="ffffffff" NormalTextColor="ffffffff" PressedTextColor="ffffffff" FlybyTextColor="ffffffff" PressedFlybyTextColor="ffffffff" DisabledTextColor="ffffffff" Text="" RadioDisallowNonSelection="1" GlobalRadioGroup="THORProfPicker_ListItemGlobalRadioGroup" TooltipColor="">
            <Control Class="Window" LAnchorPoint="0" LAnchorOffset="28" TAnchorPoint="0" TAnchorOffset="-1" RAnchorPoint="1" RAnchorOffset="-33" BAnchorPoint="1" BAnchorOffset="-1" RelativeToClient="1" Font="CRB_InterfaceMedium" Text="" Template="Default" Name="ListItemText" BGColor="ffffffff" TextColor="UI_BtnTextGoldListPressed" DT_CENTER="0" DT_VCENTER="1" TextId="CRB__2" TooltipColor=""/>
            <Control Class="Window" LAnchorPoint="0" LAnchorOffset="5" TAnchorPoint="0.5" TAnchorOffset="-10" RAnchorPoint="0" RAnchorOffset="26" BAnchorPoint="0.5" BAnchorOffset="11" RelativeToClient="1" Font="Default" Text="" Template="Default" Name="ListItemCheck" BGColor="ffffffff" TextColor="ffffffff" Picture="1" IgnoreMouse="1" Sprite="CRB_Basekit:kitIcon_Holo_Checkmark" TooltipColor="" Tooltip="" TooltipFont="CRB_InterfaceSmall_O" TooltipType="OnCursor" TooltipId="TradeskillTrainer_LimitTooltip" NewControlDepth="1"/>
            <Event Name="ButtonCheck" Function="OnProfListItemClick"/>
        </Control>
    </Form>
    <Form Class="Window" LAnchorPoint="0" LAnchorOffset="0" TAnchorPoint="0" TAnchorOffset="0" RAnchorPoint="1" RAnchorOffset="0" BAnchorPoint="0" BAnchorOffset="40" RelativeToClient="1" Font="Default" Text="" Template="Default" Name="HobbyListItem" Border="0" Picture="1" SwallowMouseClicks="1" Moveable="0" Escapable="0" Overlapped="0" BGColor="ffffffff" TextColor="ffffffff" IgnoreMouse="1" TooltipColor="" Tooltip="">
        <Control Class="Button" Base="BK3:btnMetal_ExpandMenu_Small" Font="Thick" ButtonType="Check" RadioGroup="" LAnchorPoint="0" LAnchorOffset="0" TAnchorPoint="0" TAnchorOffset="0" RAnchorPoint="1" RAnchorOffset="0" BAnchorPoint="1" BAnchorOffset="0" DT_VCENTER="1" DT_CENTER="1" Name="ListItemBtn" BGColor="ffffffff" TextColor="ffffffff" NormalTextColor="ffffffff" PressedTextColor="ffffffff" FlybyTextColor="ffffffff" PressedFlybyTextColor="ffffffff" DisabledTextColor="ffffffff" Text="" RadioDisallowNonSelection="1" GlobalRadioGroup="THORProfPicker_ListItemGlobalRadioGroup" TooltipColor="">
            <Control Class="Window" LAnchorPoint="0" LAnchorOffset="28" TAnchorPoint="0" TAnchorOffset="-1" RAnchorPoint="1" RAnchorOffset="-33" BAnchorPoint="1" BAnchorOffset="-1" RelativeToClient="1" Font="CRB_InterfaceMedium" Text="" Template="Default" Name="ListItemText" BGColor="ffffffff" TextColor="UI_BtnTextGoldListNormal" DT_CENTER="0" DT_VCENTER="1" TextId="CRB__2" TooltipColor="" Tooltip=""/>
            <Control Class="Window" LAnchorPoint="0" LAnchorOffset="5" TAnchorPoint="0.5" TAnchorOffset="-10" RAnchorPoint="0" RAnchorOffset="26" BAnchorPoint="0.5" BAnchorOffset="11" RelativeToClient="1" Font="Default" Text="" Template="Default" Name="ListItemCheck" BGColor="ffffff00" TextColor="ffffffff" Picture="1" IgnoreMouse="1" Sprite="CRB_Basekit:kitIcon_Holo_Checkmark" TooltipColor="" Visible="1" HideInEditor="0" TooltipFont="CRB_InterfaceSmall_O" TooltipType="OnCursor" Tooltip="" TooltipId="TradeskillTrainer_ShortHobbyDisclaimer" NewControlDepth="1"/>
            <Event Name="ButtonCheck" Function="OnHobbyListItemClick"/>
        </Control>
    </Form>
</Forms>
