<?xml version="1.0" encoding="UTF-8" standalone="yes" ?>
<Forms>
    <Form Class="Window" LAnchorPoint="0" LAnchorOffset="0" TAnchorPoint="0" TAnchorOffset="0" RAnchorPoint="1" RAnchorOffset="0" BAnchorPoint="1" BAnchorOffset="0" RelativeToClient="1" Font="Default" Text="" Template="Default" Name="AbilityAMPsForm" Border="0" Picture="1" Moveable="0" Escapable="0" Overlapped="1" BGColor="white" TextColor="white" TextId="" TooltipColor="" Tooltip="" IgnoreMouse="1" Sprite="CRB_Basekit:kitBase_MetalGrey_Medium">
        <Control Class="Window" LAnchorPoint="0" LAnchorOffset="4" TAnchorPoint="0" TAnchorOffset="0" RAnchorPoint="1" RAnchorOffset="-4" BAnchorPoint="1" BAnchorOffset="0" RelativeToClient="1" Font="Default" Text="" Template="CRB_Scroll_HoloSmall" TooltipType="OnCursor" Name="ScrollContainer" BGColor="white" TextColor="white" TooltipColor="" VScroll="1" IgnoreMouse="1" HScroll="0" NewWindowDepth="0" AutoHideScroll="0" Tooltip="">
            <Control Class="Window" LAnchorPoint="0" LAnchorOffset="0" TAnchorPoint="0" TAnchorOffset="0" RAnchorPoint="0" RAnchorOffset="1560" BAnchorPoint="0" BAnchorOffset="1560" RelativeToClient="1" Font="Default" Text="" Template="Default" TooltipType="OnCursor" Name="Triangles" BGColor="white" TextColor="white" TooltipColor="" IgnoreMouse="1" NoClip="0" NewWindowDepth="0"/>
            <Control Class="Window" LAnchorPoint="0" LAnchorOffset="0" TAnchorPoint="0" TAnchorOffset="0" RAnchorPoint="0" RAnchorOffset="1560" BAnchorPoint="0" BAnchorOffset="1560" RelativeToClient="1" Font="Default" Text="" Template="Default" TooltipType="OnCursor" Name="Amps" BGColor="white" TextColor="white" TooltipColor="" Tooltip="" IgnoreMouse="1" NewWindowDepth="0" NewControlDepth="1"/>
            <Control Class="Window" LAnchorPoint="0" LAnchorOffset="0" TAnchorPoint="0" TAnchorOffset="0" RAnchorPoint="0" RAnchorOffset="1560" BAnchorPoint="0" BAnchorOffset="1560" RelativeToClient="1" Font="Default" Text="" Template="Default" TooltipType="OnCursor" Name="LightBulbLayer" BGColor="white" TextColor="white" TooltipColor="" NewControlDepth="2" IgnoreMouse="1" NewWindowDepth="0" Tooltip="">
                <Control Class="Window" LAnchorPoint="0.5" LAnchorOffset="-50" TAnchorPoint="0" TAnchorOffset="12" RAnchorPoint="0.5" RAnchorOffset="50" BAnchorPoint="0" BAnchorOffset="72" RelativeToClient="1" Font="CRB_Interface9_O" Text="" Template="Default" TooltipType="OnCursor" Name="PixieLabelHybrid" BGColor="white" TextColor="UI_TextHoloBody" TooltipColor="" DT_CENTER="1" TextId="AMP_Hybrid" Picture="1" IgnoreMouse="1" Sprite="CRB_AMPs:spr_AMPS_Inset_BlueYellowGlow" DT_VCENTER="1"/>
                <Control Class="Window" LAnchorPoint="0.5" LAnchorOffset="-50" TAnchorPoint="1" TAnchorOffset="-70" RAnchorPoint="0.5" RAnchorOffset="50" BAnchorPoint="1" BAnchorOffset="-10" RelativeToClient="1" Font="CRB_Interface9_O" Text="" Template="Default" TooltipType="OnCursor" Name="PixieLabelUtility" BGColor="white" TextColor="UI_TextHoloBody" TooltipColor="" DT_CENTER="1" TextId="AbilityBuilder_Utility" Sprite="CRB_AMPs:spr_AMPS_Inset_BlueYellowGlow" Picture="1" IgnoreMouse="1" DT_VCENTER="1"/>
                <Control Class="Window" LAnchorPoint="0.15" LAnchorOffset="-100" TAnchorPoint="0.25" TAnchorOffset="-20" RAnchorPoint="0.15" RAnchorOffset="0" BAnchorPoint="0.25" BAnchorOffset="40" RelativeToClient="1" Font="CRB_Interface9_O" Text="" Template="Default" TooltipType="OnCursor" Name="PixieLabelAssault" BGColor="white" TextColor="UI_TextHoloBody" TooltipColor="" DT_CENTER="1" TextId="AMP_Assault" Picture="1" IgnoreMouse="1" Sprite="CRB_AMPs:spr_AMPS_Inset_BlueYellowGlow" DT_VCENTER="1"/>
                <Control Class="Window" LAnchorPoint="0.85" LAnchorOffset="0" TAnchorPoint="0.25" TAnchorOffset="-20" RAnchorPoint="0.85" RAnchorOffset="100" BAnchorPoint="0.25" BAnchorOffset="40" RelativeToClient="1" Font="CRB_Interface9_O" Text="" Template="Default" TooltipType="OnCursor" Name="PixieLabelSupport" BGColor="white" TextColor="UI_TextHoloBody" TooltipColor="" DT_CENTER="1" TextId="AMP_Support" DT_VCENTER="1" Sprite="CRB_AMPs:spr_AMPS_Inset_BlueYellowGlow" Picture="1" IgnoreMouse="1"/>
                <Control Class="Window" LAnchorPoint="0.15" LAnchorOffset="-105" TAnchorPoint="0.75" TAnchorOffset="0" RAnchorPoint="0.15" RAnchorOffset="5" BAnchorPoint="0.75" BAnchorOffset="60" RelativeToClient="1" Font="CRB_Interface9_O" Text="" Template="Default" TooltipType="OnCursor" Name="PixieLabelPvPOffense" BGColor="white" TextColor="UI_TextHoloBody" TooltipColor="" DT_CENTER="1" TextId="AMP_PvPOffense" Sprite="CRB_AMPs:spr_AMPS_Inset_BlueYellowGlow" Picture="1" IgnoreMouse="1" DT_VCENTER="1"/>
                <Control Class="Window" LAnchorPoint="0.85" LAnchorOffset="-5" TAnchorPoint="0.75" TAnchorOffset="0" RAnchorPoint="0.85" RAnchorOffset="105" BAnchorPoint="0.75" BAnchorOffset="60" RelativeToClient="1" Font="CRB_Interface9_O" Text="" Template="Default" TooltipType="OnCursor" Name="PixieLabelPvPDefense" BGColor="white" TextColor="UI_TextHoloBody" TooltipColor="" DT_CENTER="1" TextId="AMP_PvPDefense" Sprite="CRB_AMPs:spr_AMPS_Inset_BlueYellowGlow" Picture="1" IgnoreMouse="1" DT_VCENTER="1"/>
            </Control>
        </Control>
        <Control Class="Window" LAnchorPoint="0" LAnchorOffset="0" TAnchorPoint="0" TAnchorOffset="0" RAnchorPoint="1" RAnchorOffset="0" BAnchorPoint="1" BAnchorOffset="0" RelativeToClient="1" Font="Default" Text="" Template="Default" TooltipType="OnCursor" Name="UpdateMessage" BGColor="UI_AlphaPercent60" TextColor="white" TooltipColor="" IgnoreMouse="0" NoClip="0" TransitionShowHide="1" Visible="0" Sprite="ClientSprites:BlackFill" Picture="1" NewWindowDepth="1" HideInEditor="0" Tooltip="">
            <Control Class="Window" LAnchorPoint="0.5" LAnchorOffset="-125" TAnchorPoint="0.5" TAnchorOffset="-50" RAnchorPoint="0.5" RAnchorOffset="125" BAnchorPoint="0.5" BAnchorOffset="50" RelativeToClient="1" Font="Default" Text="" Template="Default" TooltipType="OnCursor" Name="MessageTextBG" BGColor="white" TextColor="white" TooltipColor="" Sprite="CRB_Basekit:kitBase_HoloBlue_Tiny" Picture="1" IgnoreMouse="1">
                <Control Class="Window" LAnchorPoint="0" LAnchorOffset="16" TAnchorPoint="0" TAnchorOffset="16" RAnchorPoint="1" RAnchorOffset="-16" BAnchorPoint="1" BAnchorOffset="-16" RelativeToClient="1" Font="CRB_InterfaceMedium_B" Text="" Template="Default" TooltipType="OnCursor" Name="MessageText" BGColor="white" TextColor="UI_TextHoloTitle" TooltipColor="" TextId="Challenges_NoProgress" DT_VCENTER="1" DT_CENTER="1" DT_WORDBREAK="1"/>
            </Control>
            <Event Name="MouseButtonUp" Function="OnUpdateMessageMouseClick"/>
        </Control>
        <Control Class="Window" LAnchorPoint="0" LAnchorOffset="0" TAnchorPoint="0" TAnchorOffset="0" RAnchorPoint="1" RAnchorOffset="0" BAnchorPoint="1" BAnchorOffset="0" RelativeToClient="1" Font="Default" Text="" Template="Default" TooltipType="OnCursor" Name="Buttons" BGColor="white" TextColor="white" TooltipColor="" NewControlDepth="1" IgnoreMouse="1" NewWindowDepth="0" Visible="0" HideInEditor="1">
            <Control LAnchorPoint="0" LAnchorOffset="17" TAnchorPoint="0" TAnchorOffset="9" RAnchorPoint=".142" RAnchorOffset="0" BAnchorPoint="0" BAnchorOffset="38" RelativeToClient="1" Font="CRB_ButtonHeader" Text="" Template="Default" TooltipType="OnCursor" Name="ZoomToEverything" BGColor="white" TextColor="UI_TextHoloBodyHighlight" TooltipColor="white" TextId="GuildBank_WithdrawAll" DT_CENTER="1" DT_VCENTER="1" DT_WORDBREAK="1" Sprite="" Picture="0" IgnoreMouse="0" Tooltip="" Class="Button" NormalTextColor="UI_BtnTextHoloListNormal" PressedTextColor="UI_BtnTextHoloListPressed" FlybyTextColor="UI_BtnTextHoloListFlyby" PressedFlybyTextColor="UI_BtnTextHoloListPressedFlyby" DisabledTextColor="UI_BtnTextHoloListDisabled" Base="BK3:btnMetal_TabSub_Left" ButtonType="PushButton" TooltipFont="CRB_Interface9" Visible="1" HideInEditor="0">
                <Event Name="ButtonSignal" Function="OnLabelShortcutBtn"/>
            </Control>
            <Control LAnchorPoint=".142" LAnchorOffset="0" TAnchorPoint="0" TAnchorOffset="9" RAnchorPoint=".284" RAnchorOffset="0" BAnchorPoint="0" BAnchorOffset="39" RelativeToClient="1" Font="CRB_ButtonHeader" Text="" Template="Default" TooltipType="OnCursor" Name="AssaultLabel" BGColor="white" TextColor="UI_TextHoloBodyHighlight" TooltipColor="white" TextId="AbilityBuilder_Assault" DT_CENTER="1" DT_VCENTER="1" DT_WORDBREAK="1" Sprite="" Picture="0" IgnoreMouse="0" Tooltip="" Class="Button" NormalTextColor="UI_BtnTextHoloListNormal" PressedTextColor="UI_BtnTextHoloListPressed" FlybyTextColor="UI_BtnTextHoloListFlyby" PressedFlybyTextColor="UI_BtnTextHoloListPressedFlyby" DisabledTextColor="UI_BtnTextHoloListDisabled" Base="BK3:btnMetal_TabSub_Mid" TooltipFont="CRB_Interface9">
                <Event Name="ButtonSignal" Function="OnLabelShortcutBtn"/>
                <Control Class="ProgressBar" Text="" LAnchorPoint="0" LAnchorOffset="3" TAnchorPoint="1" TAnchorOffset="-5" RAnchorPoint="1" RAnchorOffset="-3" BAnchorPoint="1" BAnchorOffset="5" AutoSetText="0" UseValues="0" RelativeToClient="1" SetTextToProgress="0" DT_CENTER="1" DT_VCENTER="1" ProgressEmpty="" ProgressFull="CRB_Basekit:kitIProgBar_Simple_Fill" TooltipType="OnCursor" Name="ButtonProgBar" BGColor="white" TextColor="white" TooltipColor="" BarColor="" Picture="1" Sprite="" NewControlDepth="1" IgnoreMouse="1"/>
            </Control>
            <Control Class="Button" LAnchorPoint=".284" LAnchorOffset="0" TAnchorPoint="0" TAnchorOffset="9" RAnchorPoint=".426" RAnchorOffset="0" BAnchorPoint="0" BAnchorOffset="39" RelativeToClient="1" Font="CRB_ButtonHeader" Text="" Template="Default" TooltipType="OnCursor" Name="AssaultSupportLabel" BGColor="white" TextColor="UI_TextHoloBodyHighlight" TooltipColor="white" TextId="AMP_Hybrid" DT_CENTER="1" DT_VCENTER="1" DT_WORDBREAK="1" Sprite="" Picture="0" IgnoreMouse="0" NormalTextColor="UI_BtnTextHoloListNormal" PressedTextColor="UI_BtnTextHoloListPressed" FlybyTextColor="UI_BtnTextHoloListFlyby" PressedFlybyTextColor="UI_BtnTextHoloListPressedFlyby" DisabledTextColor="UI_BtnTextHoloListDisabled" Base="BK3:btnMetal_TabSub_Mid" TooltipFont="CRB_Interface9">
                <Event Name="ButtonSignal" Function="OnLabelShortcutBtn"/>
                <Control Class="ProgressBar" Text="" LAnchorPoint="0" LAnchorOffset="3" TAnchorPoint="1" TAnchorOffset="-5" RAnchorPoint="1" RAnchorOffset="-3" BAnchorPoint="1" BAnchorOffset="5" AutoSetText="0" UseValues="0" RelativeToClient="1" SetTextToProgress="0" DT_CENTER="1" DT_VCENTER="1" ProgressEmpty="" ProgressFull="CRB_Basekit:kitIProgBar_Simple_Fill" TooltipType="OnCursor" Name="ButtonProgBar" BGColor="white" TextColor="white" TooltipColor="" BarColor="" Picture="1" Sprite="" NewControlDepth="1" IgnoreMouse="1"/>
            </Control>
            <Control Class="Button" LAnchorPoint=".426" LAnchorOffset="0" TAnchorPoint="0" TAnchorOffset="9" RAnchorPoint=".568" RAnchorOffset="0" BAnchorPoint="0" BAnchorOffset="39" RelativeToClient="1" Font="CRB_ButtonHeader" Text="" Template="Default" TooltipType="OnCursor" Name="SupportLabel" BGColor="white" TextColor="UI_TextHoloBodyHighlight" TooltipColor="white" TextId="AbilityBuilder_Support" DT_CENTER="1" DT_VCENTER="1" DT_RIGHT="0" DT_WORDBREAK="1" Picture="0" IgnoreMouse="0" Sprite="" NormalTextColor="UI_BtnTextHoloListNormal" PressedTextColor="UI_BtnTextHoloListPressed" FlybyTextColor="UI_BtnTextHoloListFlyby" PressedFlybyTextColor="UI_BtnTextHoloListPressedFlyby" DisabledTextColor="UI_BtnTextHoloListDisabled" Base="BK3:btnMetal_TabSub_Mid" TooltipFont="CRB_Interface9">
                <Event Name="ButtonSignal" Function="OnLabelShortcutBtn"/>
                <Control Class="ProgressBar" Text="" LAnchorPoint="0" LAnchorOffset="3" TAnchorPoint="1" TAnchorOffset="-5" RAnchorPoint="1" RAnchorOffset="-3" BAnchorPoint="1" BAnchorOffset="5" AutoSetText="0" UseValues="0" RelativeToClient="1" SetTextToProgress="0" DT_CENTER="1" DT_VCENTER="1" ProgressEmpty="" ProgressFull="CRB_Basekit:kitIProgBar_Simple_Fill" TooltipType="OnCursor" Name="ButtonProgBar" BGColor="white" TextColor="white" TooltipColor="" BarColor="" Picture="1" Sprite="" NewControlDepth="1" IgnoreMouse="1"/>
            </Control>
            <Control Class="Window" LAnchorPoint="0.5" LAnchorOffset="-184" TAnchorPoint="0" TAnchorOffset="34" RAnchorPoint="0.5" RAnchorOffset="-64" BAnchorPoint="0" BAnchorOffset="84" RelativeToClient="1" Font="CRB_InterfaceSmall_O" Text="" Template="Default" TooltipType="OnCursor" Name="AssaultSubLabel" BGColor="white" TextColor="UI_TextHoloBodyHighlight" TooltipColor="" TextId="" DT_CENTER="1" Picture="1" IgnoreMouse="1" Sprite="" Visible="0"/>
            <Control Class="Window" LAnchorPoint="0.5" LAnchorOffset="-60" TAnchorPoint="0" TAnchorOffset="34" RAnchorPoint="0.5" RAnchorOffset="60" BAnchorPoint="0" BAnchorOffset="84" RelativeToClient="1" Font="CRB_InterfaceSmall_O" Text="" Template="Default" TooltipType="OnCursor" Name="AssaultSupportSubLabel" BGColor="white" TextColor="UI_TextHoloBodyHighlight" TooltipColor="" TextId="" DT_CENTER="1" DT_WORDBREAK="1" Sprite="ChatLogSprites:sprChatTextOverlayGradient" Visible="0"/>
            <Control Class="Window" LAnchorPoint="0.5" LAnchorOffset="64" TAnchorPoint="0" TAnchorOffset="34" RAnchorPoint="0.5" RAnchorOffset="184" BAnchorPoint="0" BAnchorOffset="84" RelativeToClient="1" Font="CRB_InterfaceSmall_O" Text="" Template="Default" TooltipType="OnCursor" Name="SupportSubLabel" BGColor="white" TextColor="white" TooltipColor="" TextId="" DT_CENTER="1" Sprite="ChatLogSprites:sprChatTextOverlayGradient" Visible="0"/>
            <Control LAnchorPoint=".568" LAnchorOffset="0" TAnchorPoint="0" TAnchorOffset="9" RAnchorPoint=".710" RAnchorOffset="0" BAnchorPoint="0" BAnchorOffset="39" RelativeToClient="1" Font="CRB_ButtonHeader" Text="" Template="Default" TooltipType="OnCursor" Name="UtilitySupportLabel" BGColor="white" TextColor="UI_TextHoloBodyHighlight" TooltipColor="white" TextId="AMP_PvPDefense" DT_CENTER="1" DT_VCENTER="1" DT_WORDBREAK="1" Sprite="" Picture="0" IgnoreMouse="0" Tooltip="" Class="Button" NormalTextColor="UI_BtnTextHoloListNormal" PressedTextColor="UI_BtnTextHoloListPressed" FlybyTextColor="UI_BtnTextHoloListFlyby" PressedFlybyTextColor="UI_BtnTextHoloListPressedFlyby" DisabledTextColor="UI_BtnTextHoloListDisabled" Base="BK3:btnMetal_TabSub_Mid" TooltipFont="CRB_Interface9">
                <Event Name="ButtonSignal" Function="OnLabelShortcutBtn"/>
                <Control Class="ProgressBar" Text="" LAnchorPoint="0" LAnchorOffset="3" TAnchorPoint="1" TAnchorOffset="-5" RAnchorPoint="1" RAnchorOffset="-3" BAnchorPoint="1" BAnchorOffset="5" AutoSetText="0" UseValues="0" RelativeToClient="1" SetTextToProgress="0" DT_CENTER="1" DT_VCENTER="1" ProgressEmpty="" ProgressFull="CRB_Basekit:kitIProgBar_Simple_Fill" TooltipType="OnCursor" Name="ButtonProgBar" BGColor="white" TextColor="white" TooltipColor="" BarColor="" Picture="1" Sprite="" NewControlDepth="1" IgnoreMouse="1"/>
            </Control>
            <Control LAnchorPoint=".710" LAnchorOffset="0" TAnchorPoint="0" TAnchorOffset="9" RAnchorPoint=".852" RAnchorOffset="0" BAnchorPoint="0" BAnchorOffset="39" RelativeToClient="1" Font="CRB_ButtonHeader" Text="" Template="Default" TooltipType="OnCursor" Name="UtilityLabel" BGColor="white" TextColor="UI_TextHoloBodyHighlight" TooltipColor="white" TextId="AMP_Utility" DT_CENTER="1" DT_VCENTER="1" DT_WORDBREAK="1" Sprite="" Picture="0" IgnoreMouse="0" Tooltip="" Class="Button" NormalTextColor="UI_BtnTextHoloListNormal" PressedTextColor="UI_BtnTextHoloListPressed" FlybyTextColor="UI_BtnTextHoloListFlyby" PressedFlybyTextColor="UI_BtnTextHoloListPressedFlyby" DisabledTextColor="UI_BtnTextHoloListDisabled" Base="BK3:btnMetal_TabSub_Mid" TooltipFont="CRB_Interface9">
                <Event Name="ButtonSignal" Function="OnLabelShortcutBtn"/>
                <Control Class="ProgressBar" Text="" LAnchorPoint="0" LAnchorOffset="3" TAnchorPoint="1" TAnchorOffset="-5" RAnchorPoint="1" RAnchorOffset="-3" BAnchorPoint="1" BAnchorOffset="5" AutoSetText="0" UseValues="0" RelativeToClient="1" SetTextToProgress="0" DT_CENTER="1" DT_VCENTER="1" ProgressEmpty="" ProgressFull="CRB_Basekit:kitIProgBar_Simple_Fill" TooltipType="OnCursor" Name="ButtonProgBar" BGColor="white" TextColor="white" TooltipColor="" BarColor="" Picture="1" Sprite="" NewControlDepth="1" IgnoreMouse="1"/>
            </Control>
            <Control LAnchorPoint=".852" LAnchorOffset="0" TAnchorPoint="0" TAnchorOffset="9" RAnchorPoint="1" RAnchorOffset="-18" BAnchorPoint="0" BAnchorOffset="39" RelativeToClient="1" Font="CRB_ButtonHeader" Text="" Template="Default" TooltipType="OnCursor" Name="AssaultUtilityLabel" BGColor="white" TextColor="UI_TextHoloBodyHighlight" TooltipColor="white" TextId="AMP_PvPOffense" DT_CENTER="1" DT_VCENTER="1" DT_WORDBREAK="1" Sprite="" Picture="0" IgnoreMouse="0" Tooltip="" Class="Button" NormalTextColor="UI_BtnTextHoloListNormal" PressedTextColor="UI_BtnTextHoloListPressed" FlybyTextColor="UI_BtnTextHoloListFlyby" PressedFlybyTextColor="UI_BtnTextHoloListPressedFlyby" DisabledTextColor="UI_BtnTextHoloListDisabled" Base="BK3:btnMetal_TabSub_Right" TooltipFont="CRB_Interface9">
                <Event Name="ButtonSignal" Function="OnLabelShortcutBtn"/>
                <Control Class="ProgressBar" Text="" LAnchorPoint="0" LAnchorOffset="3" TAnchorPoint="1" TAnchorOffset="-5" RAnchorPoint="1" RAnchorOffset="-3" BAnchorPoint="1" BAnchorOffset="5" AutoSetText="0" UseValues="0" RelativeToClient="1" SetTextToProgress="0" DT_CENTER="1" DT_VCENTER="1" ProgressEmpty="" ProgressFull="CRB_Basekit:kitIProgBar_Simple_Fill" TooltipType="OnCursor" Name="ButtonProgBar" BGColor="white" TextColor="white" TooltipColor="" BarColor="" Picture="1" Sprite="" NewControlDepth="1" IgnoreMouse="1"/>
            </Control>
            <Control Class="Window" LAnchorPoint="0.5" LAnchorOffset="-184" TAnchorPoint="1" TAnchorOffset="-88" RAnchorPoint="0.5" RAnchorOffset="-64" BAnchorPoint="1" BAnchorOffset="-38" RelativeToClient="1" Font="CRB_InterfaceSmall_O" Text="" Template="Default" TooltipType="OnCursor" Name="AssaultUtilitySubLabel" BGColor="white" TextColor="UI_TextHoloBodyHighlight" TooltipColor="" TextId="" DT_CENTER="1" DT_BOTTOM="1" Sprite="CRB_Basekit:kitBase_HoloBlue_InsetSimple" Visible="0" HideInEditor="0"/>
            <Control Class="Window" LAnchorPoint="0.5" LAnchorOffset="-60" TAnchorPoint="1" TAnchorOffset="-88" RAnchorPoint="0.5" RAnchorOffset="60" BAnchorPoint="1" BAnchorOffset="-38" RelativeToClient="1" Font="CRB_InterfaceSmall_O" Text="" Template="Default" TooltipType="OnCursor" Name="UtilitySubLabel" BGColor="white" TextColor="UI_TextHoloBodyHighlight" TooltipColor="" TextId="" DT_CENTER="1" DT_BOTTOM="1" Sprite="CRB_Basekit:kitBase_HoloBlue_InsetSimple" Visible="0"/>
            <Control Class="Window" LAnchorPoint="0.5" LAnchorOffset="64" TAnchorPoint="1" TAnchorOffset="-88" RAnchorPoint="0.5" RAnchorOffset="184" BAnchorPoint="1" BAnchorOffset="-38" RelativeToClient="1" Font="CRB_InterfaceSmall_O" Text="" Template="Default" TooltipType="OnCursor" Name="UtilitySupportSubLabel" BGColor="white" TextColor="UI_TextHoloBodyHighlight" TooltipColor="" TextId="" DT_CENTER="1" DT_BOTTOM="1" Sprite="CRB_Basekit:kitBase_HoloBlue_InsetSimple" Visible="0"/>
            <Control Class="Window" LAnchorPoint="0" LAnchorOffset="0" TAnchorPoint="0" TAnchorOffset="-1" RAnchorPoint="1" RAnchorOffset="0" BAnchorPoint="0" BAnchorOffset="47" RelativeToClient="1" Font="Default" Text="" Template="Default" TooltipType="OnCursor" Name="HeaderFraming" BGColor="ffffffff" TextColor="ffffffff" TooltipColor="" Sprite="BK3:UI_BK3_Metal_TabSub_BG" Border="0" IgnoreMouse="1" Picture="1"/>
        </Control>
    </Form>
    <Form Class="Window" LAnchorPoint="0" LAnchorOffset="0" TAnchorPoint="0" TAnchorOffset="0" RAnchorPoint="0" RAnchorOffset="30" BAnchorPoint="0" BAnchorOffset="30" RelativeToClient="1" Font="Default" Text="" Template="Default" TooltipType="OnCursor" Name="AmpForm" Border="0" Picture="1" SwallowMouseClicks="1" Moveable="0" Escapable="0" Overlapped="0" BGColor="white" TextColor="white" TooltipColor="" Tooltip="" Sprite="">
        <Control Class="Button" Base="btn_AMPS_HoverOnlyBlueCircle" Font="CRB_InterfaceSmall" ButtonType="PushButton" RadioGroup="" LAnchorPoint="0" LAnchorOffset="4" TAnchorPoint="0" TAnchorOffset="4" RAnchorPoint="1" RAnchorOffset="-4" BAnchorPoint="1" BAnchorOffset="-4" DT_VCENTER="1" DT_CENTER="1" TooltipType="OnCursor" Name="AmpFormButton" BGColor="white" TextColor="white" TooltipColor="" NormalTextColor="white" PressedTextColor="white" FlybyTextColor="white" PressedFlybyTextColor="white" DisabledTextColor="white" Sprite="" Picture="1" DrawAsCheckbox="0" CheckboxRight="0" DrawHotkey="0" Border="0" Text="" TextId="" WindowSoundTemplate="PushbuttonDigi01" Tooltip="">
            <Event Name="GenerateTooltip" Function="OnAugmentationTooltip"/>
            <Event Name="MouseExit" Function="OnAugmentationTooltipEnd"/>
            <Event Name="ButtonSignal" Function="OnAmpFormBtn"/>
        </Control>
    </Form>
    <Form Class="Window" LAnchorPoint="1" LAnchorOffset="25" TAnchorPoint="0" TAnchorOffset="0" RAnchorPoint="1" RAnchorOffset="275" BAnchorPoint="0" BAnchorOffset="200" RelativeToClient="1" Font="Default" Text="" Template="Default" TooltipType="OnCursor" Name="TooltipForm" Border="0" Picture="1" SwallowMouseClicks="1" Moveable="0" Escapable="0" Overlapped="0" BGColor="white" TextColor="white" TooltipColor="" NoClip="1" Tooltip="" IgnoreMouse="1" NewControlDepth="1" NewWindowDepth="0" Sprite="CRB_ChatLogSprites:sprCL_Backer">
        <Control Class="Window" LAnchorPoint="0" LAnchorOffset="8" TAnchorPoint="0" TAnchorOffset="8" RAnchorPoint="1" RAnchorOffset="-8" BAnchorPoint="0" BAnchorOffset="28" RelativeToClient="1" Font="CRB_InterfaceMedium_B" Text="" Template="Default" TooltipType="OnCursor" Name="NameLabelWindow" BGColor="white" TextColor="white" TooltipColor="" TextId="CRB_Name" DT_SINGLELINE="1" DT_VCENTER="1" IgnoreMouse="1" NoClip="0"/>
        <Control Class="MLWindow" LAnchorPoint="0" LAnchorOffset="8" TAnchorPoint="0" TAnchorOffset="30" RAnchorPoint="1" RAnchorOffset="-8" BAnchorPoint="1" BAnchorOffset="-30" RelativeToClient="1" Font="CRB_InterfaceMedium_O" Text="" Template="Default" TooltipType="OnCursor" Name="DescriptionLabelWindow" BGColor="white" TextColor="UI_BtnTextGrayListPressed" TooltipColor="" DT_VCENTER="0" DT_WORDBREAK="1" TextId="Challenges_NoProgress" Visible="1"/>
        <Control Class="Window" LAnchorPoint="0" LAnchorOffset="8" TAnchorPoint="1" TAnchorOffset="-28" RAnchorPoint="1" RAnchorOffset="-8" BAnchorPoint="1" BAnchorOffset="-8" RelativeToClient="1" Font="CRB_InterfaceMedium_BO" Text="" Template="Default" TooltipType="OnCursor" Name="PowerCostLabelWindow" BGColor="white" TextColor="white" TooltipColor="" TextId="Challenges_NoProgress" DT_SINGLELINE="1" DT_VCENTER="1"/>
        <Control Class="Window" LAnchorPoint="0" LAnchorOffset="8" TAnchorPoint="1" TAnchorOffset="-28" RAnchorPoint="1" RAnchorOffset="-8" BAnchorPoint="1" BAnchorOffset="-8" RelativeToClient="1" Font="CRB_InterfaceMedium_BO" Text="" Template="Default" TooltipType="OnCursor" Name="TierLabelWindow" BGColor="white" TextColor="white" TooltipColor="" TextId="CRB_Next_Tier" DT_SINGLELINE="1" DT_VCENTER="1" DT_RIGHT="1"/>
    </Form>
    <Form Class="Window" LAnchorPoint="0.5" LAnchorOffset="-109" TAnchorPoint="0.5" TAnchorOffset="-114" RAnchorPoint="0.5" RAnchorOffset="109" BAnchorPoint="0.5" BAnchorOffset="114" RelativeToClient="1" Font="Default" Text="" Template="Default" TooltipType="OnCursor" Name="MiddleBG" BGColor="white" TextColor="white" TooltipColor="" Picture="1" IgnoreMouse="1" Sprite="CRB_AMPs:spr_AMPS_MiddleBG" NewControlDepth="3">
        <Control Class="Window" LAnchorPoint="0.25" LAnchorOffset="4" TAnchorPoint="0.25" TAnchorOffset="5" RAnchorPoint="0.75" RAnchorOffset="-3" BAnchorPoint="0.75" BAnchorOffset="-5" RelativeToClient="1" Font="Default" Text="" Template="Default" TooltipType="OnCursor" Name="Pixie" BGColor="white" TextColor="white" TooltipColor="" Sprite="CRB_AMPs:spr_AMPS_Prog_RadialCircleBlack" Picture="1" IgnoreMouse="1"/>
        <Control Class="ProgressBar" LAnchorPoint="0.25" LAnchorOffset="4" TAnchorPoint="0.25" TAnchorOffset="5" RAnchorPoint="0.75" RAnchorOffset="-3" BAnchorPoint="0.75" BAnchorOffset="-5" RelativeToClient="1" Font="Default" Text="" Template="Default" TooltipType="OnCursor" Name="PointsProgBar" BGColor="white" TextColor="white" TooltipColor="" Sprite="CRB_AMPs:spr_AMPS_Prog_RadialCircleBlack" Picture="1" IgnoreMouse="1" BarColor="" ProgressFull="CRB_AMPs:spr_AMPS_Prog_RadialCircleOrange" RadialBar="1" RadialMin="90.000000" RadialMax="90.000000"/>
        <Control Class="Window" LAnchorPoint="0.5" LAnchorOffset="-35" TAnchorPoint="0.5" TAnchorOffset="-32" RAnchorPoint="0.5" RAnchorOffset="35" BAnchorPoint="0.5" BAnchorOffset="8" RelativeToClient="1" Font="CRB_HeaderGigantic_O" Text="" Template="Default" TooltipType="OnCursor" Name="PointsAvailable" BGColor="white" TextColor="ffffda56" TooltipColor="" DT_CENTER="1" TextId="Challenges_NoProgress" Picture="1" Sprite="" Visible="1" HideInEditor="0" IgnoreMouse="1" NewControlDepth="1" DT_BOTTOM="1"/>
        <Control Class="Window" LAnchorPoint="0.5" LAnchorOffset="-35" TAnchorPoint="0.5" TAnchorOffset="4" RAnchorPoint="0.5" RAnchorOffset="35" BAnchorPoint="0.5" BAnchorOffset="33" RelativeToClient="1" Font="CRB_InterfaceMedium_BO" Text="" Template="Default" TooltipType="OnCursor" Name="PointsMaxText" BGColor="white" TextColor="UI_TextHoloBody" TooltipColor="" DT_CENTER="1" TextId="CRB__2" Picture="1" Sprite="" Visible="1" HideInEditor="0" IgnoreMouse="1"/>
        <Control Class="Window" LAnchorPoint="0.5" LAnchorOffset="-35" TAnchorPoint="0.5" TAnchorOffset="-33" RAnchorPoint="0.5" RAnchorOffset="35" BAnchorPoint="0.5" BAnchorOffset="35" RelativeToClient="1" Font="CRB_InterfaceMedium_BO" Text="" Template="Default" TooltipType="OnCursor" Name="PointsReady" BGColor="white" TextColor="UI_WindowTitleYellow" TooltipColor="" DT_CENTER="1" TextId="AMP_AllPointsSpent" Picture="1" Sprite="" Visible="1" HideInEditor="0" IgnoreMouse="1" DT_VCENTER="1"/>
        <Control Class="Window" LAnchorPoint="0" LAnchorOffset="0" TAnchorPoint="0" TAnchorOffset="0" RAnchorPoint="1" RAnchorOffset="0" BAnchorPoint="1" BAnchorOffset="0" RelativeToClient="1" Font="Default" Text="" Template="Default" TooltipType="OnCursor" Name="LightBulbN" BGColor="white" TextColor="white" TooltipColor="" Sprite="CRB_AMPs:spr_AMPS_MiddleGlow_N" Picture="1" IgnoreMouse="1" HideInEditor="0" Visible="1">
            <Control Class="Window" LAnchorPoint="0.5" LAnchorOffset="-15" TAnchorPoint="0" TAnchorOffset="15" RAnchorPoint="0.5" RAnchorOffset="15" BAnchorPoint="0" BAnchorOffset="45" RelativeToClient="1" Font="CRB_InterfaceMedium_B" Text="" Template="Default" TooltipType="OnCursor" Name="LightBulbText" BGColor="white" TextColor="white" TooltipColor="" DT_CENTER="1" DT_VCENTER="1" TextId="CRB__2"/>
        </Control>
        <Control Class="Window" LAnchorPoint="0" LAnchorOffset="0" TAnchorPoint="0" TAnchorOffset="0" RAnchorPoint="1" RAnchorOffset="0" BAnchorPoint="1" BAnchorOffset="0" RelativeToClient="1" Font="Default" Text="" Template="Default" TooltipType="OnCursor" Name="LightBulbNE" BGColor="white" TextColor="white" TooltipColor="" Sprite="CRB_AMPs:spr_AMPS_MiddleGlow_NE" Picture="1" IgnoreMouse="1" HideInEditor="0" Visible="1">
            <Control Class="Window" LAnchorPoint="0.5" LAnchorOffset="57" TAnchorPoint="0" TAnchorOffset="57" RAnchorPoint="0.5" RAnchorOffset="87" BAnchorPoint="0" BAnchorOffset="87" RelativeToClient="1" Font="CRB_InterfaceMedium_B" Text="" Template="Default" TooltipType="OnCursor" Name="LightBulbText" BGColor="white" TextColor="white" TooltipColor="" DT_CENTER="1" DT_VCENTER="1" TextId="CRB__2"/>
        </Control>
        <Control Class="Window" LAnchorPoint="0" LAnchorOffset="0" TAnchorPoint="0" TAnchorOffset="0" RAnchorPoint="1" RAnchorOffset="0" BAnchorPoint="1" BAnchorOffset="0" RelativeToClient="1" Font="Default" Text="" Template="Default" TooltipType="OnCursor" Name="LightBulbSE" BGColor="white" TextColor="white" TooltipColor="" Sprite="CRB_AMPs:spr_AMPS_MiddleGlow_SE" Picture="1" IgnoreMouse="1" HideInEditor="0" Visible="1">
            <Control Class="Window" LAnchorPoint="0.5" LAnchorOffset="57" TAnchorPoint="0" TAnchorOffset="139" RAnchorPoint="0.5" RAnchorOffset="87" BAnchorPoint="0" BAnchorOffset="169" RelativeToClient="1" Font="CRB_InterfaceMedium_B" Text="" Template="Default" TooltipType="OnCursor" Name="LightBulbText" BGColor="white" TextColor="white" TooltipColor="" DT_CENTER="1" DT_VCENTER="1" TextId="CRB__2"/>
        </Control>
        <Control Class="Window" LAnchorPoint="0" LAnchorOffset="0" TAnchorPoint="0" TAnchorOffset="0" RAnchorPoint="1" RAnchorOffset="0" BAnchorPoint="1" BAnchorOffset="0" RelativeToClient="1" Font="Default" Text="" Template="Default" TooltipType="OnCursor" Name="LightBulbS" BGColor="white" TextColor="white" TooltipColor="" Sprite="CRB_AMPs:spr_AMPS_MiddleGlow_S" Picture="1" IgnoreMouse="1" HideInEditor="0" Visible="1">
            <Control Class="Window" LAnchorPoint="0.5" LAnchorOffset="-15" TAnchorPoint="0" TAnchorOffset="180" RAnchorPoint="0.5" RAnchorOffset="15" BAnchorPoint="0" BAnchorOffset="210" RelativeToClient="1" Font="CRB_InterfaceMedium_B" Text="" Template="Default" TooltipType="OnCursor" Name="LightBulbText" BGColor="white" TextColor="white" TooltipColor="" DT_CENTER="1" DT_VCENTER="1" TextId="CRB__2"/>
        </Control>
        <Control Class="Window" LAnchorPoint="0" LAnchorOffset="0" TAnchorPoint="0" TAnchorOffset="0" RAnchorPoint="1" RAnchorOffset="0" BAnchorPoint="1" BAnchorOffset="0" RelativeToClient="1" Font="Default" Text="" Template="Default" TooltipType="OnCursor" Name="LightBulbSW" BGColor="white" TextColor="white" TooltipColor="" Sprite="CRB_AMPs:spr_AMPS_MiddleGlow_SW" Picture="1" IgnoreMouse="1" HideInEditor="0" Visible="1">
            <Control Class="Window" LAnchorPoint="0.5" LAnchorOffset="-87" TAnchorPoint="0" TAnchorOffset="139" RAnchorPoint="0.5" RAnchorOffset="-57" BAnchorPoint="0" BAnchorOffset="169" RelativeToClient="1" Font="CRB_InterfaceMedium_B" Text="" Template="Default" TooltipType="OnCursor" Name="LightBulbText" BGColor="white" TextColor="white" TooltipColor="" DT_CENTER="1" DT_VCENTER="1" TextId="CRB__2"/>
        </Control>
        <Control Class="Window" LAnchorPoint="0" LAnchorOffset="0" TAnchorPoint="0" TAnchorOffset="0" RAnchorPoint="1" RAnchorOffset="0" BAnchorPoint="1" BAnchorOffset="0" RelativeToClient="1" Font="Default" Text="" Template="Default" TooltipType="OnCursor" Name="LightBulbNW" BGColor="white" TextColor="white" TooltipColor="" Sprite="CRB_AMPs:spr_AMPS_MiddleGlow_NW" Picture="1" IgnoreMouse="1" HideInEditor="0" Visible="1">
            <Control Class="Window" LAnchorPoint="0.5" LAnchorOffset="-87" TAnchorPoint="0" TAnchorOffset="57" RAnchorPoint="0.5" RAnchorOffset="-57" BAnchorPoint="0" BAnchorOffset="87" RelativeToClient="1" Font="CRB_InterfaceMedium_B" Text="" Template="Default" TooltipType="OnCursor" Name="LightBulbText" BGColor="white" TextColor="white" TooltipColor="" DT_CENTER="1" DT_VCENTER="1" TextId="CRB__2"/>
        </Control>
        <Control Class="Button" Base="CRB_DEMO_WrapperSprites:btnDemo_CharInvisible" Font="Thick" ButtonType="PushButton" RadioGroup="" LAnchorPoint="0.5" LAnchorOffset="-50" TAnchorPoint="0.5" TAnchorOffset="-50" RAnchorPoint="0.5" RAnchorOffset="50" BAnchorPoint="0.5" BAnchorOffset="50" DT_VCENTER="1" DT_CENTER="1" TooltipType="OnCursor" Name="ZoomToMiddle" BGColor="white" TextColor="white" TooltipColor="" NormalTextColor="white" PressedTextColor="white" FlybyTextColor="white" PressedFlybyTextColor="white" DisabledTextColor="white">
            <Event Name="ButtonSignal" Function="OnLabelShortcutBtn"/>
        </Control>
    </Form>
</Forms>
