<?xml version="1.0" encoding="UTF-8" standalone="yes" ?>
<Forms>
    <Form Class="Window" LAnchorPoint="1" LAnchorOffset="-627" TAnchorPoint="0" TAnchorOffset="35" RAnchorPoint="1" RAnchorOffset="-322" BAnchorPoint="0" BAnchorOffset="510" RelativeToClient="1" Font="Default" Text="" Template="Default" Name="CustomerSurveyForm" Border="0" Picture="1" SwallowMouseClicks="1" Moveable="1" Escapable="1" Overlapped="1" BGColor="white" TextColor="white" TextId="" TooltipColor="" Tooltip="" Visible="0" Sprite="CRB_Basekit:kitBase_HoloBlue_Tiny" TransitionShowHide="1" UseTransitionSprite="0">
        <Control Class="Window" LAnchorPoint="0" LAnchorOffset="16" TAnchorPoint="0" TAnchorOffset="12" RAnchorPoint="1" RAnchorOffset="-33" BAnchorPoint="0" BAnchorOffset="52" RelativeToClient="1" Font="CRB_InterfaceMedium_B" Template="Default" Name="TitleLabel" BGColor="white" TextColor="UI_TextHoloTitle" DT_VCENTER="0" DT_CENTER="1" TextId="Challenges_NoProgress" Text="" TooltipColor="" DT_WORDBREAK="1"/>
        <Control Class="Window" LAnchorPoint="0" LAnchorOffset="15" TAnchorPoint="0" TAnchorOffset="38" RAnchorPoint="1" RAnchorOffset="-15" BAnchorPoint="1" BAnchorOffset="-64" RelativeToClient="1" Font="Default" Text="" Template="CRB_Scroll_HoloSmall" TooltipType="OnCursor" Name="QuestionsForm" BGColor="white" TextColor="white" TooltipColor="" VScroll="1" IgnoreMouse="1"/>
        <Control Class="Button" Base="CRB_Basekit:kitBtn_Holo_Red" Font="CRB_InterfaceMedium_B" ButtonType="PushButton" RadioGroup="" LAnchorPoint="0.5" LAnchorOffset="4" TAnchorPoint="1" TAnchorOffset="-58" RAnchorPoint="1" RAnchorOffset="-16" BAnchorPoint="1" BAnchorOffset="-16" DT_VCENTER="1" DT_CENTER="1" Name="CancelButton" BGColor="white" TextColor="white" WindowSoundTemplate="TogglePhys03" TextId="CRB_Ignore" Text="" TooltipColor="" NormalTextColor="UI_BtnTextRedNormal" PressedTextColor="UI_BtnTextRedPressed" FlybyTextColor="UI_BtnTextRedFlyby" PressedFlybyTextColor="UI_BtnTextRedPressedFlyby" DisabledTextColor="UI_BtnTextRedDisabled" Tooltip="" TooltipId="CustomerSurvey_ClickToIgnoreSurvey" TooltipType="OnCursor">
            <Event Name="ButtonSignal" Function="OnClose"/>
        </Control>
        <Control Class="Button" Base="CRB_Basekit:kitBtn_Holo_Large" Font="CRB_InterfaceMedium_B" ButtonType="PushButton" RadioGroup="" LAnchorPoint="0" LAnchorOffset="16" TAnchorPoint="1" TAnchorOffset="-58" RAnchorPoint="0.5" RAnchorOffset="-4" BAnchorPoint="1" BAnchorOffset="-16" DT_VCENTER="1" DT_CENTER="1" Name="OkButton" BGColor="ConModerate" TextColor="white" WindowSoundTemplate="TogglePhys02" TextId="CRB_OK" Text="" TooltipColor="" NormalTextColor="UI_BtnTextGreenNormal" PressedTextColor="UI_BtnTextGreenPressed" FlybyTextColor="UI_BtnTextGreenFlyby" PressedFlybyTextColor="UI_BtnTextGreenPressedFlyby" DisabledTextColor="UI_BtnTextGreenDisabled" Tooltip="" TooltipId="CustomerSurvey_ClickToSubmit" TooltipType="OnCursor">
            <Event Name="ButtonSignal" Function="OnOK"/>
        </Control>
        <Control Class="Button" Base="CRB_QuestTrackerSprites:btnQT_QuestAbandon" Font="Default" ButtonType="PushButton" RadioGroup="" LAnchorPoint="1" LAnchorOffset="-31" TAnchorPoint="0" TAnchorOffset="13" RAnchorPoint="1" RAnchorOffset="-13" BAnchorPoint="0" BAnchorOffset="31" DT_VCENTER="1" DT_CENTER="1" Name="CloseButton" BGColor="white" TextColor="white" WindowSoundTemplate="CloseWindowPhys" Text="" TextId="" TooltipColor="" NormalTextColor="white" PressedTextColor="white" FlybyTextColor="white" PressedFlybyTextColor="white" DisabledTextColor="white" Tooltip="" TooltipType="OnCursor" TooltipFont="CRB_InterfaceSmall_O" TooltipId="CustomerSurvey_ClickToIgnoreSurvey">
            <Event Name="ButtonSignal" Function="OnClose"/>
        </Control>
        <Pixie LAnchorPoint="0" LAnchorOffset="0" TAnchorPoint="0" TAnchorOffset="0" RAnchorPoint="1" RAnchorOffset="0" BAnchorPoint="1" BAnchorOffset="0" Sprite="CRB_Basekit:kitBase_HoloBlue_SmallPlain" BGColor="white" TextColor="black" Rotation="0" Font="Default" Text=""/>
    </Form>
    <Form Class="Window" LAnchorPoint="0" LAnchorOffset="0" TAnchorPoint="0" TAnchorOffset="0" RAnchorPoint="1" RAnchorOffset="0" BAnchorPoint="0" BAnchorOffset="50" RelativeToClient="1" Font="Default" Text="" Template="Default" TooltipType="OnCursor" Name="QuestionEntry" Border="0" Picture="1" SwallowMouseClicks="1" Moveable="0" Escapable="1" Overlapped="1" BGColor="white" TextColor="white" TooltipColor="" Sprite="CRB_Basekit:kitBase_HoloBlue_InsetBorder_ThickPadded" Tooltip="">
        <Control Class="MLWindow" LAnchorPoint="0" LAnchorOffset="20" TAnchorPoint="0" TAnchorOffset="16" RAnchorPoint="1" RAnchorOffset="-20" BAnchorPoint="0" BAnchorOffset="16" RelativeToClient="1" Font="CRB_InterfaceMedium_B" Text="" Template="Default" TooltipType="OnCursor" Name="QuestionLabel" BGColor="white" TextColor="UI_TextHoloTitle" TooltipColor="" TextId="" DT_WORDBREAK="1" Tooltip=""/>
        <Control Class="Window" LAnchorPoint="0" LAnchorOffset="12" TAnchorPoint="1" TAnchorOffset="-36" RAnchorPoint="1" RAnchorOffset="-12" BAnchorPoint="1" BAnchorOffset="-12" RelativeToClient="1" Font="Default" Text="" Template="Default" TooltipType="OnCursor" Name="BottomForm" BGColor="white" TextColor="white" TooltipColor="" Tooltip="">
            <Control Class="Window" LAnchorPoint="0" LAnchorOffset="0" TAnchorPoint="0" TAnchorOffset="0" RAnchorPoint="0" RAnchorOffset="50" BAnchorPoint="1" BAnchorOffset="0" RelativeToClient="1" Font="CRB_InterfaceMedium_B" Text="" Template="Default" TooltipType="OnCursor" Name="MinLabel" BGColor="white" TextColor="UI_TextHoloBodyHighlight" TooltipColor="" TextId="CRB_1" DT_VCENTER="1" DT_RIGHT="1" Visible="1"/>
            <Control Class="Window" LAnchorPoint="0" LAnchorOffset="54" TAnchorPoint="0" TAnchorOffset="0" RAnchorPoint="0" RAnchorOffset="184" BAnchorPoint="1" BAnchorOffset="0" RelativeToClient="1" Font="Default" Text="" Template="Default" TooltipType="OnCursor" Name="SurveyResultForm" BGColor="white" TextColor="white" TooltipColor="" Tooltip="">
                <Control Class="Button" Base="CRB_Basekit:kitBtn_Radio_Small" Font="CRB_InterfaceMedium_B" ButtonType="Check" RadioGroup="SurveyResult" LAnchorPoint="0" LAnchorOffset="0" TAnchorPoint="0" TAnchorOffset="0" RAnchorPoint="0" RAnchorOffset="26" BAnchorPoint="1" BAnchorOffset="0" DT_VCENTER="1" DT_CENTER="0" TooltipType="OnCursor" Name="SurveyResult1Btn" BGColor="white" TextColor="white" TooltipColor="" NormalTextColor="UI_BtnTextHoloNormal" PressedTextColor="UI_BtnTextHoloPressed" FlybyTextColor="UI_BtnTextHoloFlyby" PressedFlybyTextColor="UI_BtnTextHoloPressedFlyby" DisabledTextColor="UI_BtnTextHoloDisabled" GlobalRadioGroup="" CheckboxRight="0" DrawAsCheckbox="0" RadioAlwaysSignal="0" Template="Default" Text="" Picture="0" TextId="" DT_RIGHT="1" RadioDisallowNonSelection="1">
                    <Event Name="ButtonCheck" Function="OnAnyInputFromUI"/>
                </Control>
                <Control Class="Button" Base="CRB_Basekit:kitBtn_Radio_Small" Font="CRB_InterfaceMedium_B" ButtonType="Check" RadioGroup="SurveyResult" LAnchorPoint="0" LAnchorOffset="26" TAnchorPoint="0" TAnchorOffset="0" RAnchorPoint="0" RAnchorOffset="52" BAnchorPoint="1" BAnchorOffset="0" DT_VCENTER="1" DT_CENTER="0" TooltipType="OnCursor" Name="SurveyResult2Btn" BGColor="white" TextColor="white" TooltipColor="" NormalTextColor="UI_BtnTextHoloNormal" PressedTextColor="UI_BtnTextHoloPressed" FlybyTextColor="UI_BtnTextHoloFlyby" PressedFlybyTextColor="UI_BtnTextHoloPressedFlyby" DisabledTextColor="UI_BtnTextHoloDisabled" GlobalRadioGroup="" CheckboxRight="0" DrawAsCheckbox="0" RadioAlwaysSignal="0" Template="Default" Text="" Picture="0" TextId="" DT_RIGHT="1" RadioDisallowNonSelection="1">
                    <Event Name="ButtonCheck" Function="OnAnyInputFromUI"/>
                </Control>
                <Control Class="Button" Base="CRB_Basekit:kitBtn_Radio_Small" Font="CRB_InterfaceMedium_B" ButtonType="Check" RadioGroup="SurveyResult" LAnchorPoint="0" LAnchorOffset="52" TAnchorPoint="0" TAnchorOffset="0" RAnchorPoint="0" RAnchorOffset="78" BAnchorPoint="1" BAnchorOffset="0" DT_VCENTER="1" DT_CENTER="0" TooltipType="OnCursor" Name="SurveyResult3Btn" BGColor="white" TextColor="white" TooltipColor="" NormalTextColor="UI_BtnTextHoloNormal" PressedTextColor="UI_BtnTextHoloPressed" FlybyTextColor="UI_BtnTextHoloFlyby" PressedFlybyTextColor="UI_BtnTextHoloPressedFlyby" DisabledTextColor="UI_BtnTextHoloDisabled" GlobalRadioGroup="" CheckboxRight="0" DrawAsCheckbox="0" RadioAlwaysSignal="0" Template="Default" Text="" Picture="0" TextId="" DT_RIGHT="1" RadioDisallowNonSelection="1">
                    <Event Name="ButtonCheck" Function="OnAnyInputFromUI"/>
                </Control>
                <Control Class="Button" Base="CRB_Basekit:kitBtn_Radio_Small" Font="CRB_InterfaceMedium_B" ButtonType="Check" RadioGroup="SurveyResult" LAnchorPoint="0" LAnchorOffset="78" TAnchorPoint="0" TAnchorOffset="0" RAnchorPoint="0" RAnchorOffset="104" BAnchorPoint="1" BAnchorOffset="0" DT_VCENTER="1" DT_CENTER="0" TooltipType="OnCursor" Name="SurveyResult4Btn" BGColor="white" TextColor="white" TooltipColor="" NormalTextColor="UI_BtnTextHoloNormal" PressedTextColor="UI_BtnTextHoloPressed" FlybyTextColor="UI_BtnTextHoloFlyby" PressedFlybyTextColor="UI_BtnTextHoloPressedFlyby" DisabledTextColor="UI_BtnTextHoloDisabled" GlobalRadioGroup="" CheckboxRight="0" DrawAsCheckbox="0" RadioAlwaysSignal="0" Template="Default" Text="" Picture="0" TextId="" DT_RIGHT="1" RadioDisallowNonSelection="1">
                    <Event Name="ButtonCheck" Function="OnAnyInputFromUI"/>
                </Control>
                <Control Class="Button" Base="CRB_Basekit:kitBtn_Radio_Small" Font="CRB_InterfaceMedium_B" ButtonType="Check" RadioGroup="SurveyResult" LAnchorPoint="0" LAnchorOffset="104" TAnchorPoint="0" TAnchorOffset="0" RAnchorPoint="0" RAnchorOffset="130" BAnchorPoint="1" BAnchorOffset="0" DT_VCENTER="1" DT_CENTER="0" TooltipType="OnCursor" Name="SurveyResult5Btn" BGColor="white" TextColor="white" TooltipColor="" NormalTextColor="UI_BtnTextHoloNormal" PressedTextColor="UI_BtnTextHoloPressed" FlybyTextColor="UI_BtnTextHoloFlyby" PressedFlybyTextColor="UI_BtnTextHoloPressedFlyby" DisabledTextColor="UI_BtnTextHoloDisabled" GlobalRadioGroup="" CheckboxRight="0" DrawAsCheckbox="0" RadioAlwaysSignal="0" Template="Default" Text="" Picture="0" TextId="" DT_RIGHT="1" RadioDisallowNonSelection="1">
                    <Event Name="ButtonCheck" Function="OnAnyInputFromUI"/>
                </Control>
            </Control>
            <Control Class="Window" LAnchorPoint="0" LAnchorOffset="188" TAnchorPoint="0" TAnchorOffset="0" RAnchorPoint="1" RAnchorOffset="0" BAnchorPoint="1" BAnchorOffset="0" RelativeToClient="1" Font="CRB_InterfaceMedium_B" Text="" Template="Default" TooltipType="OnCursor" Name="MaxLabel" BGColor="white" TextColor="UI_TextHoloBodyHighlight" TooltipColor="" TextId="CRB_5" DT_VCENTER="1"/>
        </Control>
    </Form>
    <Form Class="Window" LAnchorPoint="0" LAnchorOffset="0" TAnchorPoint="0" TAnchorOffset="0" RAnchorPoint="1" RAnchorOffset="0" BAnchorPoint="0" BAnchorOffset="130" RelativeToClient="1" Font="Default" Text="" Template="Default" TooltipType="OnCursor" Name="CommentEntry" Border="0" Picture="1" SwallowMouseClicks="1" Moveable="1" Escapable="1" Overlapped="1" BGColor="white" TextColor="white" TooltipColor="" Sprite="CRB_Basekit:kitBase_HoloBlue_InsetBorder_ThickPadded" Tooltip="" TextId="">
        <Control Class="Window" LAnchorPoint="0" LAnchorOffset="20" TAnchorPoint="0" TAnchorOffset="16" RAnchorPoint="1" RAnchorOffset="-20" BAnchorPoint="1" BAnchorOffset="-20" RelativeToClient="1" Font="CRB_InterfaceMedium_B" Text="" Template="Default" TooltipType="OnCursor" Name="QuestionLabel" BGColor="white" TextColor="UI_TextHoloTitle" TooltipColor="" TextId="CustomerSurvey_CommentEntry"/>
        <Control Class="Window" LAnchorPoint="0" LAnchorOffset="16" TAnchorPoint="0" TAnchorOffset="34" RAnchorPoint="1" RAnchorOffset="-16" BAnchorPoint="1" BAnchorOffset="-16" RelativeToClient="1" Font="Default" Text="" Template="Default" TooltipType="OnCursor" Name="BottomForm" BGColor="white" TextColor="white" TooltipColor="" Tooltip="" Sprite="CRB_Basekit:kitInnerFrame_Holo_InputBox" Picture="1" IgnoreMouse="1">
            <Control Class="EditBox" LAnchorPoint="0" LAnchorOffset="8" TAnchorPoint="0" TAnchorOffset="8" RAnchorPoint="1" RAnchorOffset="-8" BAnchorPoint="1" BAnchorOffset="-8" RelativeToClient="1" Font="CRB_InterfaceSmall" Text="" Template="Default" TooltipType="OnCursor" Name="CommentTextBox" BGColor="ChatSupport" TextColor="white" TooltipColor="" Border="0" Sprite="" Picture="0"/>
        </Control>
    </Form>
    <Form Class="Window" LAnchorPoint="1" LAnchorOffset="-440" TAnchorPoint="0" TAnchorOffset="0" RAnchorPoint="1" RAnchorOffset="-237" BAnchorPoint="0" BAnchorOffset="36" RelativeToClient="1" Font="CRB_InterfaceSmall_O" Text="" Template="Default" TooltipType="OnCursor" Name="CustomerSurveyAlertContainer" Border="0" Picture="0" SwallowMouseClicks="1" Moveable="0" Escapable="0" Overlapped="1" BGColor="white" TextColor="UI_TextHoloBodyHighlight" TooltipColor="" IgnoreMouse="1" NeverBringToFront="1" Tooltip="" Sprite="WhiteFill" DT_VCENTER="1" TextId="CustomerSurvey_BetaSurveys">
        <Control Class="Window" LAnchorPoint="1" LAnchorOffset="-123" TAnchorPoint="0" TAnchorOffset="0" RAnchorPoint="1" RAnchorOffset="0" BAnchorPoint="1" BAnchorOffset="0" RelativeToClient="1" Font="CRB_InterfaceSmall_O" Text="..." Template="Default" TooltipType="OnCursor" Name="List" BGColor="white" TextColor="UI_TextHoloBodyHighlight" TooltipColor="" DT_RIGHT="1" DT_VCENTER="1" TextId=""/>
    </Form>
    <Form Class="Window" LAnchorPoint="0" LAnchorOffset="0" TAnchorPoint="0" TAnchorOffset="0" RAnchorPoint="0" RAnchorOffset="36" BAnchorPoint="0" BAnchorOffset="36" RelativeToClient="1" Font="Default" Text="" Template="Default" Name="CustomerSurveyAlert" BGColor="white" TextColor="white" Picture="1" IgnoreMouse="1" TooltipType="OnCursor" TransitionShowHide="1" NeverBringToFront="1" Visible="1" TooltipColor="" Overlapped="1" IgnoreTooltipDelay="1" TooltipFont="CRB_InterfaceMedium" Tooltip="">
        <Control Class="Button" Base="CRB_Basekit:kitBtn_Holo_Large" Font="Thick" ButtonType="PushButton" RadioGroup="" LAnchorPoint="0" LAnchorOffset="0" TAnchorPoint="0" TAnchorOffset="0" RAnchorPoint="1" RAnchorOffset="0" BAnchorPoint="1" BAnchorOffset="0" DT_VCENTER="1" DT_CENTER="1" Name="CustomerSurveyAlertBtn" BGColor="white" TextColor="white" NormalTextColor="white" PressedTextColor="white" FlybyTextColor="white" PressedFlybyTextColor="white" DisabledTextColor="white" ProcessRightClick="1" TooltipColor="" IgnoreMouse="1" HideInEditor="0">
            <Event Name="ButtonDown" Function="OnCustomerSurveyAlertBtn"/>
        </Control>
        <Control Class="Window" LAnchorPoint="0.5" LAnchorOffset="-12" TAnchorPoint="0.5" TAnchorOffset="-11" RAnchorPoint="0.5" RAnchorOffset="10" BAnchorPoint="0.5" BAnchorOffset="11" RelativeToClient="1" Font="Default" Text="" Template="Default" Name="CustomerSurveyAlertSprite" BGColor="white" TextColor="white" Picture="1" IgnoreMouse="1" Sprite="CRB_Basekit:kitIcon_Holo_Interfaces" NoClip="0" TooltipColor="" Visible="1" HideInEditor="0" NewControlDepth="1"/>
        <Event Name="MouseEnter" Function="OnHoverGlowMouseEnter"/>
        <Event Name="MouseExit" Function="OnHoverGlowMouseExit"/>
    </Form>
</Forms>
