<Forms>
    <Form Class="Window" LAnchorPoint=".5" LAnchorOffset="-476" TAnchorPoint=".5" TAnchorOffset="-387" RAnchorPoint=".5" RAnchorOffset="374" BAnchorPoint=".5" BAnchorOffset="263" RelativeToClient="1" Font="Default" Text="" Template="" Name="SocialPanelForm" Border="0" Picture="0" SwallowMouseClicks="1" Moveable="1" Escapable="1" Overlapped="1" BGColor="ffffffff" TextColor="ffffffff" TextId="" Visible="0" TooltipColor="" Tooltip="" TransitionShowHide="1" DoNotBlockTooltip="0" UseTemplateBG="0" NoClip="1">
        <Event Name="WindowClosed" Function="OnCloseBtn"/>
        <Control Class="Window" LAnchorPoint="0" LAnchorOffset="23" TAnchorPoint="0" TAnchorOffset="136" RAnchorPoint="1" RAnchorOffset="-26" BAnchorPoint="1" BAnchorOffset="-19" RelativeToClient="1" Font="Default" Text="" Template="Holo_Background_General" TooltipType="OnCursor" Name="HoloBG" BGColor="ffffffff" TextColor="ffffffff" TooltipColor="" Sprite="" Picture="1" IgnoreMouse="1" Border="1" UseTemplateBG="1"/>
        <Control Class="Window" LAnchorPoint="0" LAnchorOffset="26" TAnchorPoint="0" TAnchorOffset="135" RAnchorPoint="1" RAnchorOffset="-24" BAnchorPoint="1" BAnchorOffset="-23" RelativeToClient="1" Font="Default" Text="" BGColor="UI_WindowBGDefault" TextColor="UI_WindowTextDefault" Template="Default" TooltipType="OnCursor" Name="ContactsFrame" TooltipColor="" Sprite="" Picture="1" IgnoreMouse="1" NewWindowDepth="0" Visible="1" HideInEditor="0"/>
        <Control Class="Window" LAnchorPoint="0" LAnchorOffset="26" TAnchorPoint="0" TAnchorOffset="135" RAnchorPoint="1" RAnchorOffset="-24" BAnchorPoint="1" BAnchorOffset="-23" RelativeToClient="1" Font="Default" Text="" BGColor="UI_WindowBGDefault" TextColor="UI_WindowTextDefault" Template="Default" TooltipType="OnCursor" Name="NeighborsFrame" TooltipColor="" Visible="0" HideInEditor="1"/>
        <Control Class="Window" LAnchorPoint="0" LAnchorOffset="26" TAnchorPoint="0" TAnchorOffset="135" RAnchorPoint="1" RAnchorOffset="-24" BAnchorPoint="1" BAnchorOffset="-23" RelativeToClient="1" Font="Default" Text="" BGColor="UI_WindowBGDefault" TextColor="UI_WindowTextDefault" Template="Default" TooltipType="OnCursor" Name="GuildFrame" TooltipColor="" Visible="0" HideInEditor="1"/>
        <Control Class="Window" LAnchorPoint="0" LAnchorOffset="26" TAnchorPoint="0" TAnchorOffset="179" RAnchorPoint="1" RAnchorOffset="-24" BAnchorPoint="1" BAnchorOffset="-23" RelativeToClient="1" Font="Default" Text="" BGColor="UI_WindowBGDefault" TextColor="UI_WindowTextDefault" Template="Default" TooltipType="OnCursor" Name="CirclesFrame" TooltipColor="" HideInEditor="0" Visible="0" IgnoreMouse="1" NewWindowDepth="1" Sprite="" Picture="0" NewControlDepth="5" Border="0"/>
        <Control Class="Window" LAnchorPoint="0" LAnchorOffset="0" TAnchorPoint="0" TAnchorOffset="0" RAnchorPoint="1" RAnchorOffset="0" BAnchorPoint="1" BAnchorOffset="0" RelativeToClient="1" Font="Default" Text="" Template="Metal_Primary_Nav" TooltipType="OnCursor" Name="BGFrame" BGColor="ffffffff" TextColor="ffffffff" TooltipColor="" Sprite="" Picture="1" IgnoreMouse="1" NewControlDepth="5" Border="1" UseTemplateBG="1" HideInEditor="0"/>
        <Control Class="Window" LAnchorPoint="0" LAnchorOffset="26" TAnchorPoint="0" TAnchorOffset="135" RAnchorPoint="1" RAnchorOffset="-24" BAnchorPoint="1" BAnchorOffset="-455" RelativeToClient="1" Font="Default" Text="" Template="Default" TooltipType="OnCursor" Name="SplashCircleItemContainerFrame" BGColor="ffffffff" TextColor="ffffffff" TooltipColor="" Visible="0" HideInEditor="0" Sprite="BK3:UI_BK3_Metal_TabSub_BG" Picture="1" IgnoreMouse="1" NewWindowDepth="0" NewControlDepth="2">
            <Control Class="Window" LAnchorPoint="0" LAnchorOffset="17" TAnchorPoint="0" TAnchorOffset="8" RAnchorPoint="1" RAnchorOffset="-20" BAnchorPoint="1" BAnchorOffset="-20" RelativeToClient="1" Font="Default" Text="" Template="Default" TooltipType="OnCursor" Name="SplashCircleItemContainer" BGColor="ffffffff" TextColor="ffffffff" TooltipColor="" Visible="1" HideInEditor="0" Sprite="CRB_UIKitSprites:spr_tableheading" Picture="0" IgnoreMouse="1" NewWindowDepth="0" NewControlDepth="2"/>
        </Control>
        <Control Class="Window" LAnchorPoint="0" LAnchorOffset="26" TAnchorPoint="0" TAnchorOffset="48" RAnchorPoint="1" RAnchorOffset="-26" BAnchorPoint="0" BAnchorOffset="124" RelativeToClient="1" Font="Default" Text="" BGColor="UI_WindowBGDefault" TextColor="UI_WindowTextDefault" Template="Default" TooltipType="OnCursor" Name="HeaderButtons" TooltipColor="">
            <Control Class="Button" Base="BK3:btnMetal_TabMainLeft" Font="CRB_ButtonHeader" ButtonType="Check" RadioGroup="SocialTabGroup" LAnchorPoint="0" LAnchorOffset="0" TAnchorPoint="0" TAnchorOffset="0" RAnchorPoint=".25" RAnchorOffset="0" BAnchorPoint="1" BAnchorOffset="0" DT_VCENTER="1" DT_CENTER="1" Name="SplashFriendsBtn" BGColor="ffffffff" TextColor="ffffffff" NormalTextColor="UI_BtnTextGoldListNormal" PressedTextColor="UI_BtnTextGoldListPressed" FlybyTextColor="UI_BtnTextGoldListFlyby" PressedFlybyTextColor="UI_BtnTextGoldListPressedFlyby" DisabledTextColor="UI_BtnTextGoldListDisabled" RelativeToClient="1" Text="Contacts" TooltipColor="" HideInEditor="0" Visible="1" Tooltip="" TestAlpha="1" NewWindowDepth="0" RadioDisallowNonSelection="1" GlobalRadioGroup="" TextId="">
                <Control Class="Window" LAnchorPoint="0" LAnchorOffset="155" TAnchorPoint="0" TAnchorOffset="29" RAnchorPoint="1" RAnchorOffset="-12" BAnchorPoint="1" BAnchorOffset="-21" RelativeToClient="1" Font="Default" Text="" Template="Default" Name="SplashFriendsBtnAlert" BGColor="2x:ffffffff" TextColor="ffffffff" Sprite="" Picture="1" IgnoreMouse="1" NoClip="1" NewControlDepth="1" Visible="0" HideInEditor="0" DoNotBlockTooltip="1" TooltipColor="" TransitionShowHide="1" IgnoreTooltipDelay="0" Tooltip="">
                    <Control Class="Window" LAnchorPoint="0" LAnchorOffset="0" TAnchorPoint="0" TAnchorOffset="0" RAnchorPoint="1" RAnchorOffset="0" BAnchorPoint="1" BAnchorOffset="0" RelativeToClient="1" Font="Default" Text="" Template="Default" TooltipType="OnCursor" Name="SplashFriendsBtnItemCountBacker" BGColor="ffffffff" TextColor="ffffffff" TooltipColor="ffc0c0c0" Picture="1" IgnoreMouse="1" Sprite="BK3:sprMetal_ExpandMenu_MedSmall_Framing" NoClip="1" NewControlDepth="8" TooltipFont="CRB_InterfaceSmall" DoNotBlockTooltip="1">
                        <Pixie LAnchorPoint="0" LAnchorOffset="4" TAnchorPoint="0" TAnchorOffset="4" RAnchorPoint="1" RAnchorOffset="-4" BAnchorPoint="1" BAnchorOffset="-4" Sprite="BK3:sprMetal_Scroll_Framing" BGColor="white" TextColor="black" Rotation="0" Font="Default"/>
                    </Control>
                    <Control Class="Window" LAnchorPoint="0" LAnchorOffset="0" TAnchorPoint="0" TAnchorOffset="0" RAnchorPoint="1" RAnchorOffset="0" BAnchorPoint="1" BAnchorOffset="0" RelativeToClient="1" Font="CRB_Header10" Text="17" Template="Default" TooltipType="OnCursor" Name="SplashFriendsBtnItemCount" BGColor="ffffffff" TextColor="UI_WindowTextOrange" TooltipColor="" Picture="0" IgnoreMouse="1" Sprite="CRB_Basekit:kitAccent_Badge02" NoClip="1" NewControlDepth="10" TextId="" DT_VCENTER="1" DT_CENTER="1" DT_BOTTOM="0" DoNotBlockTooltip="1" Tooltip=""/>
                </Control>
                <Event Name="ButtonCheck" Function="OnSplashContactsCheck"/>
                <Event Name="ButtonUncheck" Function="OnSplashContactsUncheck"/>
            </Control>
            <Control Class="Button" Base="BK3:btnMetal_TabMainMid" Font="CRB_ButtonHeader" ButtonType="Check" RadioGroup="SocialTabGroup" LAnchorPoint=".25" LAnchorOffset="0" TAnchorPoint="0" TAnchorOffset="0" RAnchorPoint=".5" RAnchorOffset="0" BAnchorPoint="1" BAnchorOffset="0" DT_VCENTER="1" DT_CENTER="1" Name="SplashNeighborsBtn" BGColor="ffffffff" TextColor="ffffffff" NormalTextColor="UI_BtnTextGoldListNormal" PressedTextColor="UI_BtnTextGoldListPressed" FlybyTextColor="UI_BtnTextGoldListFlyby" PressedFlybyTextColor="UI_BtnTextGoldListPressedFlyby" DisabledTextColor="UI_BtnTextGoldListDisabled" RelativeToClient="1" Text="" TooltipColor="" HideInEditor="0" Visible="1" Tooltip="" TestAlpha="1" RadioDisallowNonSelection="1" GlobalRadioGroup="" TextId="Neighbors_Neighbors">
                <Event Name="ButtonCheck" Function="OnSplashNeighborCheck" ButtonType="Check"/>
                <Event Name="ButtonUncheck" Function="OnSplashNeighborUncheck"/>
            </Control>
            <Control Class="Button" Base="BK3:btnMetal_TabMainMid" Font="CRB_ButtonHeader" ButtonType="Check" RadioGroup="SocialTabGroup" LAnchorPoint=".5" LAnchorOffset="0" TAnchorPoint="0" TAnchorOffset="0" RAnchorPoint=".75" RAnchorOffset="0" BAnchorPoint="1" BAnchorOffset="0" DT_VCENTER="1" DT_CENTER="1" Name="SplashGuildBtn" BGColor="ffffffff" TextColor="ffffffff" NormalTextColor="UI_BtnTextGoldListNormal" PressedTextColor="UI_BtnTextGoldListPressed" FlybyTextColor="UI_BtnTextGoldListFlyby" PressedFlybyTextColor="UI_BtnTextGoldListPressedFlyby" DisabledTextColor="UI_BtnTextGoldListDisabled" RelativeToClient="1" Text="" TooltipColor="" HideInEditor="0" Visible="1" TestAlpha="1" RadioDisallowNonSelection="1" GlobalRadioGroup="" TextId="InterfaceMenu_Guild">
                <Event Name="ButtonCheck" Function="OnSplashGuildCheck"/>
                <Event Name="ButtonUncheck" Function="OnSplashGuildUncheck"/>
            </Control>
            <Control Class="Button" Base="BK3:btnMetal_TabMainRight" Font="CRB_ButtonHeader" ButtonType="Check" RadioGroup="SocialTabGroup" LAnchorPoint=".75" LAnchorOffset="0" TAnchorPoint="0" TAnchorOffset="0" RAnchorPoint="1" RAnchorOffset="0" BAnchorPoint="1" BAnchorOffset="0" DT_VCENTER="1" DT_CENTER="1" BGColor="UI_BtnBGDefault" TextColor="UI_BtnTextDefault" NormalTextColor="UI_BtnTextGoldListNormal" PressedTextColor="UI_BtnTextGoldListPressed" FlybyTextColor="UI_BtnTextGoldListFlyby" PressedFlybyTextColor="UI_BtnTextGoldListPressedFlyby" DisabledTextColor="UI_BtnTextGoldListDisabled" TooltipType="OnCursor" Name="SplashCircleBtn" TooltipColor="" RadioDisallowNonSelection="1" GlobalRadioGroup="" Text="Circles" TextId="">
                <Event Name="ButtonCheck" Function="OnSplashCirclesCheck"/>
                <Event Name="ButtonUncheck" Function="OnSplashCirclesUncheck"/>
            </Control>
            <Control Class="Window" Base="" Font="CRB_ButtonHeader" ButtonType="PushButton" RadioGroup="" LAnchorPoint=".25" LAnchorOffset="0" TAnchorPoint="0" TAnchorOffset="0" RAnchorPoint=".5" RAnchorOffset="0" BAnchorPoint="1" BAnchorOffset="0" DT_VCENTER="1" DT_CENTER="1" Name="SplashNeighborsDisabledBtn" BGColor="ffffffff" TextColor="UI_BtnTextGoldListDisabled" NormalTextColor="ffffffff" PressedTextColor="ffffffff" FlybyTextColor="ffffffff" PressedFlybyTextColor="ffffffff" DisabledTextColor="ffffffff" RelativeToClient="1" Text="" TooltipColor="" HideInEditor="1" Picture="1" Sprite="BK3:btnMetal_TabMainMidDisabled" IgnoreMouse="1" NewWindowDepth="0" TextId="Neighbors_Neighbors" NewControlDepth="5" Visible="0"/>
        </Control>
        <Control Class="Window" LAnchorPoint="0" LAnchorOffset="300" TAnchorPoint="0" TAnchorOffset="27" RAnchorPoint="1" RAnchorOffset="-300" BAnchorPoint="0" BAnchorOffset="63" RelativeToClient="1" Font="CRB_HeaderMedium" Text="" BGColor="UI_WindowBGDefault" TextColor="UI_WindowTitleYellow" Template="Default" TooltipType="OnCursor" Name="HeaderTitle" TooltipColor="" TextId="LevelUpUnlocks_Social" DT_CENTER="1" DT_VCENTER="1" Sprite="BK3:sprMetal_Framing_Header" Picture="1" IgnoreMouse="1" NewControlDepth="3"/>
        <Control Class="Button" Base="CRB_Basekit:kitBtn_Close" Font="Thick" ButtonType="PushButton" RadioGroup="" LAnchorPoint="1" LAnchorOffset="-51" TAnchorPoint="0" TAnchorOffset="24" RAnchorPoint="1" RAnchorOffset="-24" BAnchorPoint="0" BAnchorOffset="53" DT_VCENTER="1" DT_CENTER="1" Name="CloseBtn" BGColor="ffffffff" TextColor="ffffffff" NormalTextColor="ffffffff" PressedTextColor="ffffffff" FlybyTextColor="ffffffff" PressedFlybyTextColor="ffffffff" DisabledTextColor="ffffffff" Text="" NewControlDepth="1" TooltipColor="">
            <Event Name="ButtonSignal" Function="OnCloseBtn"/>
        </Control>
    </Form>
    <Form Class="Window" LAnchorPoint="0" LAnchorOffset="0" TAnchorPoint="0" TAnchorOffset="0" RAnchorPoint=".2" RAnchorOffset="0" BAnchorPoint="0" BAnchorOffset="32" RelativeToClient="1" Font="Default" Text="" Template="Default" TooltipType="OnCursor" Name="SplashCirclesPickerItem" Overlapped="1" BGColor="ffffffff" TextColor="ffffffff" TooltipColor="" IgnoreMouse="1" Tooltip="">
        <Control Class="Button" Base="BK3:btnMetal_TabSub_Mid" Font="CRB_Button" ButtonType="Check" RadioGroup="" LAnchorPoint="0" LAnchorOffset="0" TAnchorPoint="0" TAnchorOffset="0" RAnchorPoint="1" RAnchorOffset="0" BAnchorPoint="1" BAnchorOffset="0" DT_VCENTER="0" DT_CENTER="1" Name="SplashCirclesPickerBtn" BGColor="ffffffff" TextColor="ffffffff" NormalTextColor="UI_BtnTextBlueNormal" PressedTextColor="UI_BtnTextBluePressed" FlybyTextColor="UI_BtnTextBlueFlyby" PressedFlybyTextColor="UI_BtnTextBluePressedFlyby" DisabledTextColor="UI_BtnTextBlueDisabled" RelativeToClient="1" Text="" TooltipColor="" Tooltip="" TestAlpha="1" AutoScaleText="1" GlobalRadioGroup="Social_GlobalRadioGroup_SplashCircleList" RadioDisallowNonSelection="1" TextId="" ButtonTextYMargin="7">
            <Event Name="ButtonCheck" Function="OnCircleItemCheck"/>
            <Event Name="ButtonUncheck" Function="OnCircleItemUncheck"/>
            <Control Class="Window" LAnchorPoint="0" LAnchorOffset="10" TAnchorPoint="0" TAnchorOffset="0" RAnchorPoint="1" RAnchorOffset="-10" BAnchorPoint="1" BAnchorOffset="-3" RelativeToClient="1" Font="CRB_Button" Text="" BGColor="UI_WindowBGDefault" TextColor="UI_BtnTextHoloListNormal" Template="Default" TooltipType="OnCursor" Name="SplashCirclesPickerBtnText" TooltipColor="" TextId="SocialPanel_NeighborCountOnline" DT_VCENTER="1" DT_CENTER="1" IgnoreMouse="1" AutoScaleText="1" DT_WORDBREAK="0"/>
        </Control>
    </Form>
    <Form Class="Window" LAnchorPoint="0" LAnchorOffset="0" TAnchorPoint="0" TAnchorOffset="0" RAnchorPoint=".2" RAnchorOffset="0" BAnchorPoint="0" BAnchorOffset="32" RelativeToClient="1" Font="Default" Text="" Template="Default" TooltipType="OnCursor" Name="SplashCirclesAddItem" Overlapped="1" BGColor="ffffffff" TextColor="ffffffff" TooltipColor="" IgnoreMouse="1" Tooltip="" TopEdgeControlsAnchor="SplashCirclesAddItem_Top" BottomEdgeControlsAnchor="SplashCirclesAddItem_Bottom" LeftEdgeControlsAnchor="SplashCirclesAddItem_Left" RightEdgeControlsAnchor="SplashCirclesAddItem_Right">
        <Control Class="Button" Base="BK3:btnMetal_TabSub_Mid" Font="CRB_Button" ButtonType="PushButton" RadioGroup="" LAnchorPoint="0" LAnchorOffset="0" TAnchorPoint="0" TAnchorOffset="0" RAnchorPoint="1" RAnchorOffset="0" BAnchorPoint="1" BAnchorOffset="0" DT_VCENTER="0" DT_CENTER="1" Name="SplashCirclesAddBtn" BGColor="ffffffff" TextColor="ffffffff" NormalTextColor="UI_TextHoloTitle" PressedTextColor="UI_BtnTextBluePressed" FlybyTextColor="UI_BtnTextBlueFlyby" PressedFlybyTextColor="UI_BtnTextBluePressedFlyby" DisabledTextColor="UI_BtnTextBlueDisabled" RelativeToClient="1" Text="" TooltipColor="" NoClip="1" TestAlpha="1" TextId="SocialPanel_AddNewCircle" ButtonTextYMargin="7">
            <Event Name="ButtonSignal" Function="OnSplashCirclesAddBtn"/>
        </Control>
    </Form>
    <Form Class="Window" LAnchorPoint="0" LAnchorOffset="0" TAnchorPoint="0" TAnchorOffset="0" RAnchorPoint=".2" RAnchorOffset="0" BAnchorPoint="0" BAnchorOffset="32" RelativeToClient="1" Font="Default" Text="" Template="Default" TooltipType="OnCursor" Name="SplashCirclesUnusedItem" Overlapped="1" BGColor="ffffffff" TextColor="ffffffff" TooltipColor="" IgnoreMouse="1" Tooltip="" NoClip="1">
        <Control Class="Window" LAnchorPoint="0" LAnchorOffset="0" TAnchorPoint="0" TAnchorOffset="0" RAnchorPoint="1" RAnchorOffset="0" BAnchorPoint="1" BAnchorOffset="0" RelativeToClient="1" Font="Default" Text="" BGColor="UI_WindowBGDefault" TextColor="UI_WindowTextDefault" Template="Default" TooltipType="OnCursor" Name="Window" TooltipColor="" Sprite="BK3:btnMetal_TabSub_MidDisabled" Picture="1" IgnoreMouse="1" NoClip="1" TestAlpha="1"/>
        <Control Class="Window" LAnchorPoint="0" LAnchorOffset="0" TAnchorPoint="0" TAnchorOffset="0" RAnchorPoint="1" RAnchorOffset="0" BAnchorPoint="1" BAnchorOffset="0" RelativeToClient="1" Font="CRB_Button" Text="" Template="Default" Name="SplashCirclesPickerText" BGColor="ffffffff" TextColor="xkcdBattleshipGrey" DT_VCENTER="1" TextId="SocialPanel_UnusedMembership" DT_WORDBREAK="1" TooltipColor="" DT_CENTER="1"/>
    </Form>
</Forms>
