<Forms>
    <Form Class="Window" LAnchorPoint="0.5" LAnchorOffset="-116" TAnchorPoint="0.5" TAnchorOffset="-95" RAnchorPoint="0.5" RAnchorOffset="116" BAnchorPoint="0.5" BAnchorOffset="94" RelativeToClient="1" Font="Default" Text="" Template="Default" Name="ButtonHit_Progress" Border="0" Picture="1" SwallowMouseClicks="1" Moveable="0" Escapable="1" Overlapped="1" BGColor="ffffffff" TextColor="ffffffff" Sprite="CRB_BreakoutSprites:spr_BreakoutStun_Frame" TransitionShowHide="1" Visible="1" UseTransitionSprite="0" TooltipColor="" Tooltip="">
        <Control Class="ProgressBar" Text="" LAnchorPoint="0" LAnchorOffset="0" TAnchorPoint="0" TAnchorOffset="0" RAnchorPoint="1" RAnchorOffset="0" BAnchorPoint="1" BAnchorOffset="0" RelativeToClient="1" Name="ProgressBar" BGColor="ffffffff" TextColor="ffffffff" ProgressFill="" IgnoreMouse="1" RadialBar="1" Clockwise="1" ProgressFull="CRB_BreakoutSprites:spr_BreakoutStun_BlueRadialProg" RadialMax="305.000000" RadialMin="240.000000" Picture="1" Sprite="" TooltipColor="" BarColor="" Visible="1" HideInEditor="0" ProgressEdgeGlow="" EdgeGlow="0" NoClipEdgeGlow="0"/>
        <Control Class="Window" LAnchorPoint="0.5" LAnchorOffset="-45" TAnchorPoint="1" TAnchorOffset="-57" RAnchorPoint="0.5" RAnchorOffset="45" BAnchorPoint="1" BAnchorOffset="0" RelativeToClient="1" Font="Default" Text="" Template="Default" TooltipType="OnCursor" Name="TapMessage" BGColor="ffffffff" TextColor="ffffffff" TooltipColor="" Sprite="CRB_BreakoutSprites:spr_BreakoutStun_TapAnim" Picture="1" IgnoreMouse="1" NoClip="0"/>
        <Control Class="Window" LAnchorPoint="0" LAnchorOffset="0" TAnchorPoint="0" TAnchorOffset="0" RAnchorPoint="1" RAnchorOffset="0" BAnchorPoint="1" BAnchorOffset="0" RelativeToClient="1" Font="Default" Text="" Template="Default" TooltipType="OnCursor" Name="TimeRemainingContainer" BGColor="ffffffff" TextColor="ffffffff" TooltipColor="" Tooltip="">
            <Control Class="ProgressBar" Text="" LAnchorPoint="0" LAnchorOffset="0" TAnchorPoint="0" TAnchorOffset="0" RAnchorPoint="1" RAnchorOffset="0" BAnchorPoint="1" BAnchorOffset="0" AutoSetText="0" UseValues="0" RelativeToClient="1" SetTextToProgress="0" DT_CENTER="1" DT_VCENTER="1" ProgressEmpty="" ProgressFull="CRB_BreakoutSprites:spr_BreakoutStun_RedRadialProg" TooltipType="OnCursor" Name="TimeRemainingBar" BGColor="ffffffff" TextColor="ffffffff" TooltipColor="" BarColor="" Picture="1" Sprite="" RadialBar="1" Clockwise="1" RadialMin="225.000000" RadialMax="316.000000" IgnoreMouse="1"/>
            <Control Class="Window" LAnchorPoint="0" LAnchorOffset="30" TAnchorPoint="1" TAnchorOffset="-48" RAnchorPoint="0" RAnchorOffset="61" BAnchorPoint="1" BAnchorOffset="-17" RelativeToClient="1" Font="Default" Text="" Template="Default" TooltipType="OnCursor" Name="TimeRemainingIcon" BGColor="ffffffff" TextColor="ffffffff" TooltipColor="" Picture="1" IgnoreMouse="1" Sprite="CRB_BreakoutSprites:spr_BreakoutStun_ClockRed" HideInEditor="1"/>
        </Control>
        <Control Class="Button" Base="CRB_Basekit:kitBtn_Holo_Keyboard" Font="Thick" ButtonType="Check" RadioGroup="" LAnchorPoint="0.5" LAnchorOffset="-26" TAnchorPoint="0.5" TAnchorOffset="-8" RAnchorPoint="0.5" RAnchorOffset="26" BAnchorPoint="0.5" BAnchorOffset="44" DT_VCENTER="1" DT_CENTER="1" TooltipType="OnCursor" Name="ProgressButtonArt" BGColor="ffffffff" TextColor="ffffffff" TooltipColor="" NormalTextColor="ffffffff" PressedTextColor="ffffffff" FlybyTextColor="ffffffff" PressedFlybyTextColor="ffffffff" DisabledTextColor="ffffffff" RelativeToClient="1" IgnoreMouse="1" Visible="1" HideInEditor="0">
            <Event Name="ButtonSignal" Function="YourFunctionName"/>
        </Control>
        <Control Class="ActionBarButton" LAnchorPoint="0.5" LAnchorOffset="-26" TAnchorPoint="0.5" TAnchorOffset="-8" RAnchorPoint="0.5" RAnchorOffset="26" BAnchorPoint="0.5" BAnchorOffset="44" RelativeToClient="1" Font="CRB_HeaderMedium" Text="" Template="Default" Name="ProgressButton" BGColor="ffffffff" TextColor="ff7fffb9" ContentType="GCBar" ContentId="17" IgnoreMouse="1" Sprite="CRB_DEMO_WrapperSprites:btnDemo_CharInvisible" Visible="1" UseBaseButtonArt="1" DrawClientSprite="1" Base="CRB_DEMO_WrapperSprites:btnDemo_CharInvisible" TooltipColor="" TextId="" DT_CENTER="1" DT_VCENTER="1" Tooltip="" NewControlDepth="2" Picture="1">
            <Control Class="Window" LAnchorPoint="0" LAnchorOffset="0" TAnchorPoint="0" TAnchorOffset="0" RAnchorPoint="1" RAnchorOffset="0" BAnchorPoint="1" BAnchorOffset="0" RelativeToClient="1" Font="CRB_HeaderMedium" Text="" Template="Default" TooltipType="OnCursor" Name="KeyText" BGColor="ffffffff" TextColor="ff7fffb9" TooltipColor="" DT_CENTER="1" DT_VCENTER="1"/>
        </Control>
    </Form>
</Forms>
