<?xml version="1.0" ?>
<Forms>
    <!-- The rest of the Datachron -->
    <Form Class="Window" LAnchorPoint="0" LAnchorOffset="0" TAnchorPoint="0" TAnchorOffset="0" RAnchorPoint="0" RAnchorOffset="290" BAnchorPoint="0" BAnchorOffset="188" RelativeToClient="1" Name="PathSettlerrMissionMain" BGColor="ffffffff" TextColor="ffffffff" Overlapped="1" Visible="1" Tooltip="" TooltipId="" Text="" Sprite="" Picture="1" NewWindowDepth="1" IgnoreMouse="0" TooltipColor="" HideInEditor="0" Template="Holo_Background_Datachron">
        <Control Class="Window" LAnchorPoint="0" LAnchorOffset="0" TAnchorPoint="0" TAnchorOffset="0" RAnchorPoint="1" RAnchorOffset="0" BAnchorPoint="1" BAnchorOffset="0" RelativeToClient="1" Font="Default" Text="" Template="Default" TooltipType="OnCursor" Name="HubContainer" BGColor="ffffffff" TextColor="ffffffff" TooltipColor="" DT_VCENTER="1" DT_CENTER="1" TextId="" Visible="0" HideInEditor="0">
            <Control Class="Window" LAnchorPoint="0" LAnchorOffset="0" TAnchorPoint="0" TAnchorOffset="0" RAnchorPoint="1" RAnchorOffset="0" BAnchorPoint="1" BAnchorOffset="0" RelativeToClient="1" Font="Default" Text="" Template="Default" Name="HubContentStatus" BGColor="ffffffff" TextColor="ffffffff" TextId="" Visible="1" DT_VCENTER="1" DT_CENTER="1" HideInEditor="0" TooltipColor="">
                <Control Class="Window" LAnchorPoint="0" LAnchorOffset="2" TAnchorPoint="1" TAnchorOffset="-68" RAnchorPoint="1" RAnchorOffset="0" BAnchorPoint="1" BAnchorOffset="0" RelativeToClient="1" Font="Default" Text="" Template="Default" Name="BGInfraFrame" BGColor="ffffff00" TextColor="ffffffff" Picture="1" IgnoreMouse="1" Sprite="CRB_PlayerPathSprites:sprPP_SettlerFraming" Visible="0" HideInEditor="1" TooltipColor=""/>
                <Control Class="Window" LAnchorPoint="0" LAnchorOffset="1" TAnchorPoint="0" TAnchorOffset="2" RAnchorPoint="1" RAnchorOffset="-2" BAnchorPoint="1" BAnchorOffset="0" RelativeToClient="1" Font="Default" Text="" Template="Default" Name="StatsContainer" BGColor="ffffffff" TextColor="ffffffff" Tooltip="" Sprite="BK3:UI_BK3_Holo_InsetHeaderThin" Picture="1" IgnoreMouse="1" NewControlDepth="6" TooltipColor="">
                    <Control Class="Window" LAnchorPoint="0" LAnchorOffset="5" TAnchorPoint="0" TAnchorOffset="38" RAnchorPoint="1" RAnchorOffset="-69" BAnchorPoint="1" BAnchorOffset="-80" RelativeToClient="1" Font="Default" Text="" Template="Default" Name="StatsContainerContent" BGColor="ffffffff" TextColor="ffffffff" TooltipColor="" Picture="0" IgnoreMouse="1"/>
                    <Pixie LAnchorPoint="0" LAnchorOffset="0" TAnchorPoint="0" TAnchorOffset="9" RAnchorPoint="1" RAnchorOffset="0" BAnchorPoint="1" BAnchorOffset="0" BGColor="ffffffff" Font="CRB_HeaderTiny" TextColor="UI_WindowTitleYellow" Text="" TextId="SettlerMission_AvenuesOfDev" DT_CENTER="1" DT_VCENTER="0" Line="0"/>
                </Control>
            </Control>
            <Control Class="Window" LAnchorPoint="1" LAnchorOffset="-66" TAnchorPoint="0" TAnchorOffset="39" RAnchorPoint="1" RAnchorOffset="-3" BAnchorPoint="1" BAnchorOffset="-2" RelativeToClient="1" Font="Default" Text="" Template="Default" Name="ResContainer" BGColor="ffffffff" TextColor="ff000000" Picture="1" IgnoreMouse="1" Sprite="BK3:UI_BK3_Holo_InsetSimple" Visible="1" HideInEditor="0" NewControlDepth="6" TooltipColor="">
                <Control Class="Window" LAnchorPoint="0" LAnchorOffset="2" TAnchorPoint="0" TAnchorOffset="17" RAnchorPoint="1" RAnchorOffset="-2" BAnchorPoint="1" BAnchorOffset="-2" RelativeToClient="1" Font="Default" Text="" Template="Default" Name="ResourcesContainer" BGColor="ffffffff" TextColor="ffffffff" TooltipColor="">
                    <Control Class="Window" LAnchorPoint="1" LAnchorOffset="-45" TAnchorPoint="0" TAnchorOffset="5" RAnchorPoint="1" RAnchorOffset="-10" BAnchorPoint="0" BAnchorOffset="40" RelativeToClient="1" Font="Default" Text="" Template="Default" Name="ResBacker0" BGColor="ffffffff" TextColor="ffffffff" Picture="1" IgnoreMouse="0" Sprite="CRB_ChallengeTrackerSprites:btnChallengeTierBackerDisabled" TooltipType="OnCursor" Tooltip="" TooltipId="" IgnoreTooltipDelay="1" TooltipColor="" NewControlDepth="1">
                        <Event Name="MouseEnter" Function="ResourceMouseEnter"/>
                        <Event Name="MouseExit" Function="ResourceMouseExit"/>
                    </Control>
                    <Control Class="Window" LAnchorPoint="1" LAnchorOffset="-45" TAnchorPoint="0" TAnchorOffset="45" RAnchorPoint="1" RAnchorOffset="-10" BAnchorPoint="0" BAnchorOffset="80" RelativeToClient="1" Font="Default" Text="" Template="Default" Name="ResBacker1" BGColor="ffffffff" TextColor="ffffffff" Picture="1" IgnoreMouse="0" Sprite="CRB_ChallengeTrackerSprites:btnChallengeTierBackerDisabled" TextId="" TooltipType="OnCursor" Tooltip="" TooltipId="" IgnoreTooltipDelay="1" TooltipColor="" NewControlDepth="1">
                        <Event Name="MouseEnter" Function="ResourceMouseEnter"/>
                        <Event Name="MouseExit" Function="ResourceMouseExit"/>
                    </Control>
                    <Control Class="Window" LAnchorPoint="1" LAnchorOffset="-45" TAnchorPoint="0" TAnchorOffset="85" RAnchorPoint="1" RAnchorOffset="-10" BAnchorPoint="0" BAnchorOffset="120" RelativeToClient="1" Font="Default" Text="" Template="Default" Name="ResBacker2" BGColor="ffffffff" TextColor="ffffffff" Picture="1" IgnoreMouse="0" Sprite="CRB_ChallengeTrackerSprites:btnChallengeTierBackerDisabled" TextId="" TooltipType="OnCursor" Tooltip="" TooltipId="" IgnoreTooltipDelay="1" NewWindowDepth="0" TooltipColor="" NewControlDepth="1">
                        <Event Name="MouseEnter" Function="ResourceMouseEnter"/>
                        <Event Name="MouseExit" Function="ResourceMouseExit"/>
                    </Control>
                    <Control Class="Window" LAnchorPoint="1" LAnchorOffset="-45" TAnchorPoint="0" TAnchorOffset="5" RAnchorPoint="1" RAnchorOffset="-10" BAnchorPoint="0" BAnchorOffset="40" RelativeToClient="1" Font="Default" Text="" Template="Default" Name="Resource0" BGColor="ff777777" TextColor="ffffffff" Picture="0" IgnoreMouse="0" Sprite="" TooltipType="OnCursor" Tooltip="" TooltipId="SettlerMission_ResourceOneTooltip" IgnoreTooltipDelay="1" HideInEditor="0" TooltipColor="" NewControlDepth="2">
                        <Control Class="Window" LAnchorPoint="0" LAnchorOffset="0" TAnchorPoint="0" TAnchorOffset="0" RAnchorPoint="1" RAnchorOffset="0" BAnchorPoint="0" BAnchorOffset="45" RelativeToClient="1" Font="Default" Text="" Template="Default" Name="HubIcon" BGColor="ffffffff" TextColor="ffffffff" Sprite="WhiteFill" Picture="1" IgnoreMouse="1" TooltipColor="" NewControlDepth="2"/>
                        <Control Class="Window" LAnchorPoint="0" LAnchorOffset="0" TAnchorPoint="1" TAnchorOffset="-17" RAnchorPoint="1" RAnchorOffset="-3" BAnchorPoint="1" BAnchorOffset="-1" RelativeToClient="1" Font="CRB_InterfaceSmall_O" Text="" Template="Default" Name="HubCount" BGColor="ffffffff" TextColor="ffffffff" TextId="CRB_0" DT_CENTER="0" DT_VCENTER="1" DT_RIGHT="1" TooltipColor="" NewControlDepth="2"/>
                        <Event Name="MouseEnter" Function="ResourceMouseEnter"/>
                        <Event Name="MouseExit" Function="ResourceMouseExit"/>
                    </Control>
                    <Control Class="Window" LAnchorPoint="1" LAnchorOffset="-45" TAnchorPoint="0" TAnchorOffset="45" RAnchorPoint="1" RAnchorOffset="-10" BAnchorPoint="0" BAnchorOffset="80" RelativeToClient="1" Font="Default" Text="" Template="Default" Name="Resource1" BGColor="ff777777" TextColor="ffffffff" Picture="0" IgnoreMouse="0" Sprite="" TextId="" TooltipType="OnCursor" Tooltip="" TooltipId="SettlerMission_ResourceTwoTooltip" IgnoreTooltipDelay="1" HideInEditor="0" TooltipColor="" NewControlDepth="2">
                        <Control Class="Window" LAnchorPoint="0" LAnchorOffset="0" TAnchorPoint="0" TAnchorOffset="0" RAnchorPoint="1" RAnchorOffset="0" BAnchorPoint="0" BAnchorOffset="45" RelativeToClient="1" Font="Default" Text="" Template="Default" Name="HubIcon" BGColor="ffffffff" TextColor="ffffffff" Sprite="WhiteFill" Picture="1" IgnoreMouse="1" TooltipColor=""/>
                        <Control Class="Window" LAnchorPoint="0" LAnchorOffset="0" TAnchorPoint="1" TAnchorOffset="-17" RAnchorPoint="1" RAnchorOffset="-3" BAnchorPoint="1" BAnchorOffset="-1" RelativeToClient="1" Font="CRB_InterfaceSmall_O" Text="" Template="Default" Name="HubCount" BGColor="ffffffff" TextColor="ffffffff" TextId="CRB_0" DT_CENTER="0" DT_VCENTER="1" DT_RIGHT="1" TooltipColor=""/>
                        <Event Name="MouseEnter" Function="ResourceMouseEnter"/>
                        <Event Name="MouseExit" Function="ResourceMouseExit"/>
                    </Control>
                    <Control Class="Window" LAnchorPoint="1" LAnchorOffset="-45" TAnchorPoint="0" TAnchorOffset="85" RAnchorPoint="1" RAnchorOffset="-10" BAnchorPoint="0" BAnchorOffset="120" RelativeToClient="1" Font="Default" Text="" Template="Default" Name="Resource2" BGColor="ff777777" TextColor="ffffffff" Picture="0" IgnoreMouse="0" Sprite="" TextId="" TooltipType="OnCursor" Tooltip="" TooltipId="SettlerMission_ResourceThreeTooltip" IgnoreTooltipDelay="1" HideInEditor="0" TooltipColor="" NewControlDepth="2">
                        <Control Class="Window" LAnchorPoint="0" LAnchorOffset="0" TAnchorPoint="0" TAnchorOffset="0" RAnchorPoint="1" RAnchorOffset="0" BAnchorPoint="0" BAnchorOffset="45" RelativeToClient="1" Font="Default" Text="" Template="Default" Name="HubIcon" BGColor="ffffffff" TextColor="ffffffff" Sprite="WhiteFill" Picture="1" IgnoreMouse="1" TooltipColor=""/>
                        <Control Class="Window" LAnchorPoint="0" LAnchorOffset="0" TAnchorPoint="1" TAnchorOffset="-17" RAnchorPoint="1" RAnchorOffset="-3" BAnchorPoint="1" BAnchorOffset="-1" RelativeToClient="1" Font="CRB_InterfaceSmall_O" Text="" Template="Default" Name="HubCount" BGColor="ffffffff" TextColor="ffffffff" TextId="CRB_0" DT_CENTER="0" DT_VCENTER="1" DT_RIGHT="1" TooltipColor=""/>
                        <Event Name="MouseEnter" Function="ResourceMouseEnter"/>
                        <Event Name="MouseExit" Function="ResourceMouseExit"/>
                    </Control>
                </Control>
                <Pixie LAnchorPoint="0" LAnchorOffset="0" TAnchorPoint="0" TAnchorOffset="2" RAnchorPoint="1" RAnchorOffset="0" BAnchorPoint="0" BAnchorOffset="20" BGColor="ffffffff" Font="CRB_InterfaceSmall" TextColor="UI_TextHoloTitle" Text="" TextId="SettlerMission_Resources" DT_CENTER="1" DT_VCENTER="0" Line="0"/>
            </Control>
            <Control Class="Window" LAnchorPoint="0" LAnchorOffset="2" TAnchorPoint="0" TAnchorOffset="104" RAnchorPoint="0" RAnchorOffset="224" BAnchorPoint="0" BAnchorOffset="186" RelativeToClient="1" Font="Default" Text="" Template="Default" TooltipType="OnCursor" Name="MissionContainer" BGColor="ffffffff" TextColor="ffffffff" TooltipColor="" HideInEditor="0">
                <Control Class="Window" LAnchorPoint="0" LAnchorOffset="0" TAnchorPoint="0" TAnchorOffset="0" RAnchorPoint="1" RAnchorOffset="0" BAnchorPoint="1" BAnchorOffset="0" RelativeToClient="1" Font="Default" Text="" Template="Default" TooltipType="OnCursor" Name="MissionFraming" BGColor="ffffffff" TextColor="ffffffff" TooltipColor="" Picture="1" IgnoreMouse="1" Sprite="CRB_Basekit:kitBase_HoloBlue_Tiny" NoClip="0"/>
                <Control Class="Window" LAnchorPoint="0" LAnchorOffset="10" TAnchorPoint="0" TAnchorOffset="8" RAnchorPoint="1" RAnchorOffset="0" BAnchorPoint="0" BAnchorOffset="26" RelativeToClient="1" Font="CRB_InterfaceSmall" Text="" Template="Default" TooltipType="OnCursor" Name="MyContributionsLabel" BGColor="ffffffff" TextColor="ffffac00" TooltipColor="" TextId="SettlerMission_MyContributions" HideInEditor="1" Visible="0"/>
                <Control Class="Window" LAnchorPoint="0" LAnchorOffset="103" TAnchorPoint="0" TAnchorOffset="8" RAnchorPoint="1" RAnchorOffset="-10" BAnchorPoint="0" BAnchorOffset="26" RelativeToClient="1" Font="CRB_InterfaceSmall" Text="500/500" Template="Default" TooltipType="OnCursor" Name="MissionCount" BGColor="ffffffff" TextColor="UI_TextHoloBodyHighlight" TooltipColor="" TextId="" DT_RIGHT="1" HideInEditor="0" Visible="0"/>
                <Control Class="MLWindow" LAnchorPoint="0" LAnchorOffset="11" TAnchorPoint="0" TAnchorOffset="8" RAnchorPoint="1" RAnchorOffset="-9" BAnchorPoint="1" BAnchorOffset="-9" RelativeToClient="1" Font="CRB_InterfaceSmall" Text="" Template="Default" TooltipType="OnCursor" Name="MissionBody" BGColor="ffffffff" TextColor="UI_TextHoloBody" TooltipColor="" TextId="CommandUsage_CircleVote" DT_WORDBREAK="1" DT_VCENTER="0"/>
            </Control>
            <Control Class="Button" Base="BK3:btnHolo_Close" Font="CRB_InterfaceMedium" ButtonType="PushButton" RadioGroup="" LAnchorPoint="1" LAnchorOffset="-33" TAnchorPoint="0" TAnchorOffset="5" RAnchorPoint="1" RAnchorOffset="-3" BAnchorPoint="0" BAnchorOffset="35" DT_VCENTER="1" DT_CENTER="1" Name="HubCloseBtn" BGColor="ffffffff" TextColor="ffffffff" NormalTextColor="ffffffff" PressedTextColor="ffffffff" FlybyTextColor="ffffffff" PressedFlybyTextColor="ffffffff" DisabledTextColor="ffffffff" Text="" TextId="" LeftEdgeControlsAnchor="" TopEdgeControlsAnchor="" RightEdgeControlsAnchor="" BottomEdgeControlsAnchor="" Tooltip="" TooltipId="" TooltipColor="" NewControlDepth="1">
                <Event Name="ButtonSignal" Function="OnHubCloseClick"/>
            </Control>
        </Control>
        <Control Class="Window" LAnchorPoint="0" LAnchorOffset="1" TAnchorPoint="0" TAnchorOffset="0" RAnchorPoint="1" RAnchorOffset="1" BAnchorPoint="1" BAnchorOffset="0" RelativeToClient="1" Font="Default" Text="" Template="CRB_Scroll_HoloSmall" Name="InfrastructureContainer" BGColor="ffffffff" TextColor="ffffffff" TextId="" Visible="0" DT_VCENTER="1" DT_CENTER="1" HideInEditor="1" TooltipColor="" VScroll="1" IgnoreMouse="1" AutoHideScroll="0" Tooltip="">
            <Control Class="Window" LAnchorPoint="0" LAnchorOffset="0" TAnchorPoint="0" TAnchorOffset="2" RAnchorPoint="1" RAnchorOffset="0" BAnchorPoint="0" BAnchorOffset="80" RelativeToClient="1" Font="Default" Text="" Template="Default" TooltipType="OnCursor" Name="InfraStatusBack" BGColor="ffffffff" TextColor="ffffffff" TooltipColor="" Picture="1" IgnoreMouse="1" Sprite="BK3:UI_BK3_Holo_InsetHeaderThin"/>
            <Control Class="Window" LAnchorPoint="0" LAnchorOffset="0" TAnchorPoint="1" TAnchorOffset="-107" RAnchorPoint="1" RAnchorOffset="0" BAnchorPoint="0" BAnchorOffset="185" RelativeToClient="1" Font="Default" Text="" Template="Default" TooltipType="OnCursor" Name="InfraMissionBack" BGColor="ffffffff" TextColor="ffffffff" TooltipColor="" Picture="1" IgnoreMouse="1" Sprite="BK3:UI_BK3_Holo_InsetSimple" BottomEdgeControlsAnchor=""/>
            <Control Class="Window" LAnchorPoint="0" LAnchorOffset="27" TAnchorPoint="0" TAnchorOffset="6" RAnchorPoint="1" RAnchorOffset="-27" BAnchorPoint="0" BAnchorOffset="33" RelativeToClient="1" Font="CRB_HeaderTiny" Text="" Template="Default" Name="InfraTitle" BGColor="ffffffff" TextColor="UI_WindowTitleYellow" DT_VCENTER="1" DT_CENTER="1" TextId="SettlerMission_InfrastructureStatus" NewControlDepth="6" TooltipColor="" IgnoreMouse="1" AutoScaleText="1"/>
            <Control Class="Button" Base="BK3:btnHolo_Close" Font="CRB_InterfaceMedium" ButtonType="PushButton" RadioGroup="" LAnchorPoint="1" LAnchorOffset="-44" TAnchorPoint="0" TAnchorOffset="4" RAnchorPoint="1" RAnchorOffset="-14" BAnchorPoint="0" BAnchorOffset="34" DT_VCENTER="1" DT_CENTER="1" Name="InfrastructureCloseBtn" BGColor="ffffffff" TextColor="ffffffff" NormalTextColor="ffffffff" PressedTextColor="ffffffff" FlybyTextColor="ffffffff" PressedFlybyTextColor="ffffffff" DisabledTextColor="ffffffff" Text="" TextId="" LeftEdgeControlsAnchor="" TopEdgeControlsAnchor="" RightEdgeControlsAnchor="" BottomEdgeControlsAnchor="" Tooltip="" TooltipId="" TooltipColor="">
                <Event Name="ButtonSignal" Function="OnInfrastructureCloseBtn"/>
            </Control>
            <Control Class="Window" LAnchorPoint="0" LAnchorOffset="3" TAnchorPoint="0" TAnchorOffset="38" RAnchorPoint="1" RAnchorOffset="-3" BAnchorPoint="0" BAnchorOffset="82" RelativeToClient="1" Font="Default" Text="" Template="Default" TooltipType="OnCursor" Name="StatusContainer" BGColor="ffffffff" TextColor="ffffffff" TooltipColor="" HideInEditor="0">
                <Control Class="ProgressBar" Text="" LAnchorPoint="0" LAnchorOffset="15" TAnchorPoint="0" TAnchorOffset="11" RAnchorPoint="1" RAnchorOffset="-13" BAnchorPoint="0" BAnchorOffset="47" AutoSetText="0" UseValues="1" RelativeToClient="1" SetTextToProgress="0" DT_CENTER="1" DT_VCENTER="1" ProgressEmpty="" ProgressFull="BK3:UI_BK3_Holo_ProgressBar_Fill" Name="InfraStatusBar" BGColor="ffffffff" TextColor="ffffffff" Sprite="" ProgressFill="" NewControlDepth="10" TooltipColor="" BarColor="" ProgressEdgeGlow="BK3:UI_BK3_Holo_ProgressBar_Cap"/>
                <Control Class="Window" LAnchorPoint="0" LAnchorOffset="74" TAnchorPoint="0" TAnchorOffset="-2" RAnchorPoint="1" RAnchorOffset="0" BAnchorPoint="0" BAnchorOffset="20" RelativeToClient="1" Font="CRB_InterfaceMedium_I" Text="" Template="Default" Name="InfraStatusText" BGColor="ffffff00" TextColor="UI_TextHoloBodyHighlight" DT_VCENTER="1" DT_CENTER="0" TextId="" NewControlDepth="6" TooltipColor="" Tooltip=""/>
                <Pixie LAnchorPoint="0" LAnchorOffset="7" TAnchorPoint="0" TAnchorOffset="0" RAnchorPoint="1" RAnchorOffset="0" BAnchorPoint="0" BAnchorOffset="19" BGColor="ff408080" Font="CRB_InterfaceMedium" TextColor="UI_TextHoloBody" Text="" TextId="SettlerMission_InfraStatusLabel" DT_CENTER="0" DT_VCENTER="1" Line="0"/>
                <Control Class="Window" LAnchorPoint="0" LAnchorOffset="-1" TAnchorPoint="0" TAnchorOffset="10" RAnchorPoint="1" RAnchorOffset="2" BAnchorPoint="0" BAnchorOffset="51" RelativeToClient="1" Font="Default" Text="" BGColor="UI_WindowBGDefault" TextColor="UI_WindowTextDefault" Template="Default" TooltipType="OnCursor" Name="ProgFrame" TooltipColor="" Sprite="BK3:UI_BK3_Holo_ProgressBar_BG" Border="0" IgnoreMouse="1" Picture="1"/>
            </Control>
            <Control Class="Window" LAnchorPoint="0" LAnchorOffset="16" TAnchorPoint="0" TAnchorOffset="43" RAnchorPoint="1" RAnchorOffset="-18" BAnchorPoint="0" BAnchorOffset="83" RelativeToClient="1" Font="CRB_InterfaceMedium_B" Text="" Template="Default" TooltipType="OnCursor" Name="NoStatus" BGColor="ffffffff" TextColor="ffffffff" TooltipColor="" TextId="" DT_VCENTER="1" DT_CENTER="1" HideInEditor="1">
                <Control Class="Window" LAnchorPoint="0" LAnchorOffset="0" TAnchorPoint="0" TAnchorOffset="0" RAnchorPoint="1" RAnchorOffset="0" BAnchorPoint="1" BAnchorOffset="0" RelativeToClient="1" Font="Default" Text="" Template="Default" TooltipType="OnCursor" Name="OORBacker" BGColor="ffffffff" TextColor="ffffffff" TooltipColor="" Picture="1" IgnoreMouse="1" Sprite="CRB_Basekit:kitBase_HoloBlue_TinyNoGlow"/>
                <Control Class="Window" LAnchorPoint="0" LAnchorOffset="0" TAnchorPoint="0" TAnchorOffset="0" RAnchorPoint="1" RAnchorOffset="0" BAnchorPoint="1" BAnchorOffset="0" RelativeToClient="1" Font="CRB_InterfaceMedium_I" Text="" Template="Default" TooltipType="OnCursor" Name="OORLabel" BGColor="ffffffff" TextColor="UI_TextHoloBody" TooltipColor="" Sprite="CRB_Basekit:kitInnerFrame_Holo_InputBox" TextId="SettlerMission_OutOfRange" DT_VCENTER="1" DT_CENTER="1"/>
            </Control>
            <Control Class="Window" LAnchorPoint="0" LAnchorOffset="10" TAnchorPoint="0" TAnchorOffset="90" RAnchorPoint="1" RAnchorOffset="-10" BAnchorPoint="0" BAnchorOffset="158" RelativeToClient="1" Font="Default" Text="" Template="Default" TooltipType="OnCursor" Name="MissionContainer" BGColor="ffffffff" TextColor="ffffffff" TooltipColor="" BottomEdgeControlsAnchor="" HideInEditor="0">
                <Control Class="Window" LAnchorPoint="0" LAnchorOffset="0" TAnchorPoint="0" TAnchorOffset="0" RAnchorPoint="1" RAnchorOffset="0" BAnchorPoint="0" BAnchorOffset="20" RelativeToClient="1" Font="Default" Text="" Template="Default" TooltipType="OnCursor" Name="Header" BGColor="ffffffff" TextColor="ffffffff" TooltipColor="">
                    <Control Class="Window" LAnchorPoint="0" LAnchorOffset="0" TAnchorPoint="0" TAnchorOffset="0" RAnchorPoint="0" RAnchorOffset="141" BAnchorPoint="0" BAnchorOffset="20" RelativeToClient="1" Font="CRB_InterfaceSmall" Text="" Template="Default" TooltipType="OnCursor" Name="ContributionsLabel" BGColor="ffffffff" TextColor="UI_TextHoloTitle" TooltipColor="" TextId="SettlerMission_MyContributions"/>
                    <Control Class="Window" LAnchorPoint="1" LAnchorOffset="-200" TAnchorPoint="0" TAnchorOffset="0" RAnchorPoint="1" RAnchorOffset="0" BAnchorPoint="0" BAnchorOffset="20" RelativeToClient="1" Font="CRB_InterfaceSmall" Text="[10/10]" Template="Default" TooltipType="OnCursor" Name="ContributionsCount" BGColor="ffffffff" TextColor="UI_TextHoloTitle" TooltipColor="" TextId="" DT_RIGHT="1"/>
                </Control>
                <Control Class="MLWindow" LAnchorPoint="0" LAnchorOffset="0" TAnchorPoint="0" TAnchorOffset="20" RAnchorPoint="1" RAnchorOffset="0" BAnchorPoint="1" BAnchorOffset="0" RelativeToClient="1" Font="CRB_InterfaceSmall" Text="" Template="Default" TooltipType="OnCursor" Name="ContributionsText" BGColor="ffffffff" TextColor="ffffffff" TooltipColor="" TextId="CRB_CC_LibsRace_Chua2" DT_WORDBREAK="1" VScroll="0" IgnoreMouse="1" AutoHideScroll="0"/>
            </Control>
        </Control>
        <Control Class="Window" LAnchorPoint="0" LAnchorOffset="0" TAnchorPoint="0" TAnchorOffset="0" RAnchorPoint="1" RAnchorOffset="0" BAnchorPoint="1" BAnchorOffset="0" RelativeToClient="1" Font="Default" Text="" Template="Default" Name="ChecklistContainer" BGColor="ffffffff" TextColor="ffffffff" Visible="0" HideInEditor="1" Picture="0" IgnoreMouse="1" Sprite="" TooltipColor="" Tooltip="">
            <Control Class="Window" LAnchorPoint="0" LAnchorOffset="0" TAnchorPoint="0" TAnchorOffset="0" RAnchorPoint="1" RAnchorOffset="0" BAnchorPoint="1" BAnchorOffset="0" RelativeToClient="1" Font="Default" Text="" Template="Default" Name="ChecklistBG" BGColor="ffffffff" TextColor="ffffffff" Sprite="BK3:UI_BK3_Holo_InsetHeaderThin" Picture="1" IgnoreMouse="1" TooltipColor="" Border="1"/>
            <Control Class="Window" LAnchorPoint="0" LAnchorOffset="30" TAnchorPoint="0" TAnchorOffset="0" RAnchorPoint="1" RAnchorOffset="-30" BAnchorPoint="0" BAnchorOffset="37" RelativeToClient="1" Font="CRB_HeaderSmall" Text="" Template="Default" Name="ChecklistTitle" BGColor="ffffffff" TextColor="UI_WindowTitleYellow" TextId="CRB__2" DT_CENTER="1" DT_VCENTER="1" Sprite="" Picture="1" IgnoreMouse="1" TooltipColor="" HideInEditor="1" AutoScaleText="1"/>
            <Control Class="Window" LAnchorPoint="0" LAnchorOffset="4" TAnchorPoint="0" TAnchorOffset="37" RAnchorPoint="1" RAnchorOffset="0" BAnchorPoint="1" BAnchorOffset="0" RelativeToClient="1" Font="Default" Text="" Template="Holo_ScrollListSmall" Name="ChecklistItemContainer" BGColor="ffffffff" TextColor="ffffffff" VScroll="1" IgnoreMouse="1" AutoHideScroll="0" TextId="" TooltipColor="" Border="0"/>
            <Control Class="Button" Base="BK3:btnHolo_Close" Font="Thick" ButtonType="PushButton" RadioGroup="" LAnchorPoint="1" LAnchorOffset="-33" TAnchorPoint="0" TAnchorOffset="5" RAnchorPoint="1" RAnchorOffset="-3" BAnchorPoint="0" BAnchorOffset="35" DT_VCENTER="1" DT_CENTER="1" Name="ChecklistCollapseBtn" BGColor="ffffffff" TextColor="ffffffff" NormalTextColor="ffffffff" PressedTextColor="ffffffff" FlybyTextColor="ffffffff" PressedFlybyTextColor="ffffffff" DisabledTextColor="ffffffff" TooltipColor="" HideInEditor="0">
                <Event Name="ButtonSignal" Function="HelperResetUI"/>
            </Control>
        </Control>
        <Control Class="Window" Name="ScoutContainer" LAnchorPoint="0" LAnchorOffset="0" TAnchorPoint="0" TAnchorOffset="0" RAnchorPoint="1" RAnchorOffset="0" BAnchorPoint="1" BAnchorOffset="0" Border="0" Template="Default" Picture="1" Visible="0" BGColor="ffffffff" TextColor="ffffffff" Overlapped="0" UseTemplateBG="0" Moveable="0" Escapable="0" HideInEditor="1" NewWindowDepth="1" IgnoreMouse="1" NewControlDepth="5" TooltipColor="" Sprite="BK3:UI_BK3_Holo_InsetHeaderThin">
            <Control Class="Window" LAnchorPoint="0" LAnchorOffset="30" TAnchorPoint="0" TAnchorOffset="0" RAnchorPoint="1" RAnchorOffset="-30" BAnchorPoint="0" BAnchorOffset="36" RelativeToClient="1" Font="CRB_HeaderSmall" Text="" Template="Default" Name="ScoutTitle" BGColor="ffffffff" TextColor="UI_WindowTitleYellow" TextId="CRB__2" DT_VCENTER="1" DT_CENTER="1" IgnoreMouse="1" NoClip="1" Visible="1" Sprite="" Picture="1" TooltipColor="" AutoScaleText="1"/>
            <Control Class="Button" Base="BK3:btnHolo_Close" Font="CRB_InterfaceMedium" ButtonType="PushButton" RadioGroup="" LAnchorPoint="1" LAnchorOffset="-33" TAnchorPoint="0" TAnchorOffset="5" RAnchorPoint="1" RAnchorOffset="-3" BAnchorPoint="0" BAnchorOffset="35" DT_VCENTER="1" DT_CENTER="1" Name="ScoutCloseBtn" BGColor="ffffffff" TextColor="ffffffff" NormalTextColor="ffffffff" PressedTextColor="ffffffff" FlybyTextColor="ffffffff" PressedFlybyTextColor="ffffffff" DisabledTextColor="ffffffff" Text="" TextId="" LeftEdgeControlsAnchor="" TopEdgeControlsAnchor="" RightEdgeControlsAnchor="" BottomEdgeControlsAnchor="" Tooltip="" TooltipId="" TooltipColor="">
                <Event Name="ButtonSignal" Function="HelperResetUI"/>
            </Control>
            <Control Class="Window" LAnchorPoint="0.5" LAnchorOffset="-125" TAnchorPoint="0" TAnchorOffset="45" RAnchorPoint="0.5" RAnchorOffset="125" BAnchorPoint="0" BAnchorOffset="87" RelativeToClient="1" Font="Default" Text="" Template="Default" Name="ScoutBarBG" BGColor="ffffffff" TextColor="ffffffff" Picture="1" IgnoreMouse="1" Sprite="BK3:UI_BK3_Holo_ProgressBar_BG" TooltipColor="">
                <Control Class="ProgressBar" Text="" LAnchorPoint="0" LAnchorOffset="15" TAnchorPoint="0" TAnchorOffset="0" RAnchorPoint="0" RAnchorOffset="236" BAnchorPoint="1" BAnchorOffset="0" RelativeToClient="1" Name="ScoutBar" BGColor="ffffffff" TextColor="ffffffff" Sprite="" Picture="0" ProgressFull="BK3:UI_BK3_Holo_ProgressBar_Fill" TooltipColor="" BarColor=""/>
            </Control>
            <Control Class="Window" LAnchorPoint="0" LAnchorOffset="5" TAnchorPoint="0" TAnchorOffset="106" RAnchorPoint="1" RAnchorOffset="-5" BAnchorPoint="0" BAnchorOffset="127" RelativeToClient="1" Font="CRB_InterfaceSmall_O" Text="" Template="Default" Name="ScoutLineArt" BGColor="9fffffff" TextColor="ff00a8a8" TextId="" DT_VCENTER="1" DT_CENTER="1" IgnoreMouse="1" NoClip="1" Visible="1" Picture="1" Sprite="BK3:UI_BK3_Holo_InsetDividerBright_H" TooltipColor=""/>
            <Control Class="Window" LAnchorPoint="0" LAnchorOffset="0" TAnchorPoint="0" TAnchorOffset="80" RAnchorPoint="1" RAnchorOffset="0" BAnchorPoint="0" BAnchorOffset="98" RelativeToClient="1" Font="CRB_InterfaceMedium" Text="" Template="Default" Name="ScoutLabel" BGColor="ffffffff" TextColor="UI_TextHoloBody" TextId="CRB_Signal_Strength" DT_VCENTER="1" DT_CENTER="1" IgnoreMouse="1" NoClip="1" Visible="1" TooltipColor=""/>
            <Control Class="Button" Base="BK3:btnHolo_Blue_Small" Font="CRB_Button" ButtonType="PushButton" RadioGroup="" LAnchorPoint="0.5" LAnchorOffset="-119" TAnchorPoint="1" TAnchorOffset="-50" RAnchorPoint="0.5" RAnchorOffset="-4" BAnchorPoint="1" BAnchorOffset="3" DT_VCENTER="1" DT_CENTER="1" Name="ScoutLocateButton" BGColor="ffffffff" TextColor="ffffffff" WindowSoundTemplate="Custom" NewControlDepth="2" TextId="CRB_Locate" NewWindowDepth="1" Tooltip="" TooltipId="" TooltipType="OnCursor" NormalTextColor="UI_BtnTextBlueNormal" PressedTextColor="UI_BtnTextBluePressed" FlybyTextColor="UI_BtnTextBlueFlyby" PressedFlybyTextColor="UI_BtnTextBluePressedFlyby" DisabledTextColor="UI_BtnTextBlueDisabled" RelativeToClient="1" Text="" TooltipColor="">
                <Event Name="ButtonSignal" Function="OnScoutLocateBtn"/>
            </Control>
            <Control Class="Button" Base="BK3:btnHolo_Blue_Small" Font="CRB_Button" ButtonType="PushButton" RadioGroup="" LAnchorPoint="0.5" LAnchorOffset="4" TAnchorPoint="1" TAnchorOffset="-50" RAnchorPoint="0.5" RAnchorOffset="119" BAnchorPoint="1" BAnchorOffset="3" DT_VCENTER="1" DT_CENTER="1" Name="ScoutPlaceButton" BGColor="ffffffff" TextColor="ffffffff" WindowSoundTemplate="PushbuttonDigi01" NewControlDepth="2" TextId="CRB_Place" Tooltip="" TooltipId="" TooltipType="OnCursor" NormalTextColor="UI_BtnTextBlueNormal" PressedTextColor="UI_BtnTextBluePressed" FlybyTextColor="UI_BtnTextBlueFlyby" PressedFlybyTextColor="UI_BtnTextBluePressedFlyby" DisabledTextColor="UI_BtnTextBlueDisabled" RelativeToClient="1" Text="" TooltipColor="">
                <Event Name="ButtonSignal" Function="OnScoutPlaceBtn"/>
            </Control>
        </Control>
    </Form>
    <Form Class="Window" LAnchorPoint="0" LAnchorOffset="0" TAnchorPoint="0" TAnchorOffset="0" RAnchorPoint="1" RAnchorOffset="0" BAnchorPoint="0" BAnchorOffset="22" RelativeToClient="1" Font="Default" Text="" Template="Default" Name="SettlerStatsItem" Border="0" Picture="0" SwallowMouseClicks="1" Overlapped="1" BGColor="ffffffff" TextColor="ffffffff" TooltipType="OnCursor" IgnoreTooltipDelay="1" IgnoreMouse="1" TooltipColor="" Tooltip="">
        <Control Class="Window" LAnchorPoint="0" LAnchorOffset="0" TAnchorPoint="0" TAnchorOffset="0" RAnchorPoint="1" RAnchorOffset="0" BAnchorPoint="1" BAnchorOffset="-1" RelativeToClient="1" Font="Default" Text="" Template="Default" Name="BG2" BGColor="ff80ffff" TextColor="ffffffff" Picture="1" IgnoreMouse="1" Sprite="CRB_PlayerPathSprites:sprPP_SettlerFraming" TooltipColor=""/>
        <Control Class="Window" LAnchorPoint="0" LAnchorOffset="0" TAnchorPoint="0" TAnchorOffset="0" RAnchorPoint="0" RAnchorOffset="24" BAnchorPoint="1" BAnchorOffset="0" RelativeToClient="1" Font="Default" Text="" Template="Default" Name="BG" BGColor="ffffffff" TextColor="ffffffff" Picture="1" IgnoreMouse="1" Sprite="CRB_PlayerPathSprites:sprPP_SettlerFraming" HideInEditor="1" Visible="0" TooltipColor="">
            <Control Class="Window" LAnchorPoint="0" LAnchorOffset="2" TAnchorPoint="0" TAnchorOffset="2" RAnchorPoint="1" RAnchorOffset="-2" BAnchorPoint="1" BAnchorOffset="-2" RelativeToClient="1" Font="Default" Text="" Template="Default" Name="SettlerStatsIcon" BGColor="ffffffff" TextColor="ffffffff" Picture="1" IgnoreMouse="1" Sprite="ClientSprites:Icon_ItemMisc_bag_0003" TooltipType="OnCursor" Visible="1" HideInEditor="0" TooltipColor=""/>
        </Control>
        <Control Class="Window" LAnchorPoint="0" LAnchorOffset="8" TAnchorPoint="0" TAnchorOffset="0" RAnchorPoint="1" RAnchorOffset="0" BAnchorPoint="1" BAnchorOffset="0" RelativeToClient="1" Font="CRB_InterfaceSmall_O" Text="" Template="Default" Name="Description" BGColor="ffffffff" TextColor="white" DT_VCENTER="1" TextId="SettlerAvenueType_Security" TooltipColor=""/>
        <Control Class="Window" LAnchorPoint="1" LAnchorOffset="-108" TAnchorPoint="0" TAnchorOffset="0" RAnchorPoint="1" RAnchorOffset="-8" BAnchorPoint="1" BAnchorOffset="0" RelativeToClient="1" Font="CRB_InterfaceSmall" Text="44%" Template="Default" Name="ProgressText" BGColor="ffffffff" TextColor="88ffffff" TextId="" DT_CENTER="0" DT_VCENTER="1" DT_RIGHT="1" TooltipColor=""/>
        <Control Class="ProgressBar" Text="" LAnchorPoint="0" LAnchorOffset="2" TAnchorPoint="0" TAnchorOffset="2" RAnchorPoint="1" RAnchorOffset="-2" BAnchorPoint="1" BAnchorOffset="-3" AutoSetText="0" UseValues="0" RelativeToClient="1" SetTextToProgress="0" DT_CENTER="0" DT_VCENTER="0" ProgressEmpty="" ProgressFull="CRB_PlayerPathSprites:sprPP_SetDepotFill" Name="ProgressMeter" BGColor="ffffffff" TextColor="ffffffff" IgnoreMouse="1" TooltipColor="" BarColor=""/>
        <Event Name="MouseButtonDown" Function="OnSettlerStatsItemClick"/>
    </Form>
    <Form Class="Window" LAnchorPoint="0" LAnchorOffset="0" TAnchorPoint="0" TAnchorOffset="0" RAnchorPoint="1" RAnchorOffset="-2" BAnchorPoint="0" BAnchorOffset="36" RelativeToClient="1" Font="Default" Text="" Template="Default" Name="SettlerChecklistItem" Border="0" Picture="1" SwallowMouseClicks="0" Moveable="0" Escapable="0" Overlapped="0" BGColor="ffffffff" TextColor="ffffffff" IgnoreMouse="1" TextId="" Sprite="" TooltipColor="" Tooltip="">
        <Control Class="Button" Base="BK3:btnHolo_ListView_Mid" Font="Thick" ButtonType="PushButton" RadioGroup="" LAnchorPoint="0" LAnchorOffset="0" TAnchorPoint="0" TAnchorOffset="0" RAnchorPoint="1" RAnchorOffset="0" BAnchorPoint="1" BAnchorOffset="0" DT_VCENTER="1" DT_CENTER="1" TooltipType="OnCursor" Name="ChecklistItemBtn" BGColor="ffffffff" TextColor="ffffffff" TooltipColor="" NormalTextColor="ffffffff" PressedTextColor="ffffffff" FlybyTextColor="ffffffff" PressedFlybyTextColor="ffffffff" DisabledTextColor="ffffffff" Visible="1" RelativeToClient="1">
            <Event Name="ButtonSignal" Function="OnChecklistItemBtn"/>
        </Control>
        <Control Class="Window" LAnchorPoint="0" LAnchorOffset="0" TAnchorPoint="0.5" TAnchorOffset="-18" RAnchorPoint="0" RAnchorOffset="34" BAnchorPoint="0.5" BAnchorOffset="16" RelativeToClient="1" Font="Default" Text="" Template="Default" Name="ChecklistCompleteCheck" BGColor="ffffffff" TextColor="ffffffff" Picture="1" Sprite="kitIcon_Complete" TooltipType="OnCursor" TextId="" Visible="1" TooltipColor="" NewControlDepth="1"/>
        <Control Class="Window" LAnchorPoint="0" LAnchorOffset="38" TAnchorPoint="0" TAnchorOffset="0" RAnchorPoint="1" RAnchorOffset="0" BAnchorPoint="1" BAnchorOffset="-1" RelativeToClient="1" Font="CRB_InterfaceSmall" Template="Default" Name="ChecklistItemName" BGColor="ffffffff" TextColor="UI_BtnTextBlueNormal" DT_VCENTER="1" DT_WORDBREAK="1" TextId="CRB__2" Text="" IgnoreMouse="1" NewControlDepth="0" TooltipColor=""/>
    </Form>
</Forms>
