<Forms>
    <Form Class="Window" LAnchorPoint="0" LAnchorOffset="0" TAnchorPoint="1" TAnchorOffset="-555" RAnchorPoint="0" RAnchorOffset="583" BAnchorPoint="1" BAnchorOffset="-154" RelativeToClient="1" Font="Default" Text="" Template="Default" TooltipType="OnCursor" Name="PublicEventVoteForm" Border="0" Picture="1" SwallowMouseClicks="1" Moveable="1" Escapable="0" Overlapped="1" BGColor="ffffffff" TextColor="ffffffff" TooltipColor="" IgnoreMouse="1" Visible="1" Tooltip="" TransitionShowHide="1" UseTransitionSprite="0" Sprite="" Sizable="1">
        <Control Class="Window" LAnchorPoint="0" LAnchorOffset="0" TAnchorPoint=".5" TAnchorOffset="-200" RAnchorPoint="1" RAnchorOffset="0" BAnchorPoint=".5" BAnchorOffset="201" RelativeToClient="1" Font="Default" Text="" Template="Default" TooltipType="OnCursor" Name="BGFrame" BGColor="ffffffff" TextColor="ffffffff" TooltipColor="" Sprite="BK3:UI_BK3_Holo_Framing_2" Picture="1" IgnoreMouse="1" NewControlDepth="1" HideInEditor="0">
            <Control Class="Window" LAnchorPoint="0" LAnchorOffset="60" TAnchorPoint="0" TAnchorOffset="82" RAnchorPoint="1" RAnchorOffset="-60" BAnchorPoint="0" BAnchorOffset="341" RelativeToClient="1" Font="Default" Text="" BGColor="UI_WindowBGDefault" TextColor="UI_WindowTextDefault" Template="Default" TooltipType="OnCursor" Name="Window" TooltipColor="" Sprite="BK3:UI_BK3_Holo_InsetHeaderThin" Border="0" IgnoreMouse="1" Picture="1"/>
        </Control>
        <Control Class="Window" LAnchorPoint="0" LAnchorOffset="60" TAnchorPoint="0" TAnchorOffset="38" RAnchorPoint="1" RAnchorOffset="-60" BAnchorPoint="0" BAnchorOffset="72" RelativeToClient="1" Font="CRB_HeaderLarge" Text="" Template="Default" TooltipType="OnCursor" Name="VoteTitle" BGColor="ffffffff" TextColor="UI_WindowTitleYellow" TooltipColor="" TextId="" DT_CENTER="1" Tooltip="" DT_VCENTER="1"/>
        <Control Class="Window" LAnchorPoint="0" LAnchorOffset="66" TAnchorPoint="0" TAnchorOffset="85" RAnchorPoint="1" RAnchorOffset="-74" BAnchorPoint="0" BAnchorOffset="115" RelativeToClient="1" Font="CRB_HeaderSmall" Text="" Template="Default" TooltipType="OnCursor" Name="VoteDescription" BGColor="ffffffff" TextColor="UI_TextHoloTitle" TooltipColor="" TextId="" DT_CENTER="1" Tooltip="" DT_WORDBREAK="1" DT_VCENTER="1"/>
        <Control Class="Window" LAnchorPoint="0" LAnchorOffset="61" TAnchorPoint="0" TAnchorOffset="117" RAnchorPoint="1" RAnchorOffset="-61" BAnchorPoint="1" BAnchorOffset="-62" RelativeToClient="1" Font="Default" Text="" Template="Holo_ScrollList" TooltipType="OnCursor" Name="VoteFrameScroll" BGColor="ffffffff" TextColor="ffffffff" TooltipColor="" VScroll="1" IgnoreMouse="1" AutoHideScroll="0" Picture="0" Border="0" UseTemplateBG="0"/>
    </Form>
    <Form Class="Window" LAnchorPoint="0" LAnchorOffset="0" TAnchorPoint="0" TAnchorOffset="0" RAnchorPoint="1" RAnchorOffset="0" BAnchorPoint="0" BAnchorOffset="45" RelativeToClient="1" Font="Default" Text="" Template="Default" TooltipType="OnCursor" Name="VoteOptionItem" BGColor="ffffffff" TextColor="ffffffff" TooltipColor="" Tooltip="">
        <Control Class="Button" Base="BK3:btnHolo_ListView_Mid" Font="Thick" ButtonType="PushButton" RadioGroup="" LAnchorPoint="0" LAnchorOffset="0" TAnchorPoint="0" TAnchorOffset="1" RAnchorPoint="1" RAnchorOffset="0" BAnchorPoint="1" BAnchorOffset="0" DT_VCENTER="1" DT_CENTER="1" TooltipType="OnCursor" Name="VoteOptionBtn" BGColor="ffffffff" TextColor="ffffffff" TooltipColor="" NormalTextColor="ffffffff" PressedTextColor="ffffffff" FlybyTextColor="ffffffff" PressedFlybyTextColor="ffffffff" DisabledTextColor="ffffffff" Text="" Tooltip="">
            <Event Name="ButtonSignal" Function="OnVoteOptionBtn"/>
            <Control Class="Window" LAnchorPoint="0" LAnchorOffset="9" TAnchorPoint="0" TAnchorOffset="9" RAnchorPoint="0" RAnchorOffset="29" BAnchorPoint="0" BAnchorOffset="29" RelativeToClient="1" Font="Default" Text="" Template="Default" TooltipType="OnCursor" Name="VoteOptionBtnCheck" BGColor="ffffffff" TextColor="ffffffff" TooltipColor="" Picture="1" IgnoreMouse="1" Sprite="CRB_Basekit:kitIcon_CheckmarkGreenFrame" HideInEditor="0" Visible="0" NoClip="1"/>
            <Control Class="Window" LAnchorPoint="0" LAnchorOffset="35" TAnchorPoint="0" TAnchorOffset="8" RAnchorPoint="1" RAnchorOffset="0" BAnchorPoint="0" BAnchorOffset="28" RelativeToClient="1" Font="CRB_InterfaceMedium_B" Text="" Template="Default" TooltipType="OnCursor" Name="VoteOptionTitle" BGColor="ffffffff" TextColor="UI_TextHoloBodyHighlight" TooltipColor="" TextId="CRB__2"/>
            <Control Class="Window" LAnchorPoint="0" LAnchorOffset="26" TAnchorPoint="0" TAnchorOffset="22" RAnchorPoint="1" RAnchorOffset="0" BAnchorPoint="1" BAnchorOffset="0" RelativeToClient="1" Font="Default" Text="" Template="Default" TooltipType="OnCursor" Name="VoteOptionArrangeVert" BGColor="ffffffff" TextColor="ffffffff" TooltipColor="">
                <Control Class="MLWindow" LAnchorPoint="0" LAnchorOffset="9" TAnchorPoint="0" TAnchorOffset="4" RAnchorPoint="1" RAnchorOffset="0" BAnchorPoint="1" BAnchorOffset="4" RelativeToClient="1" Font="Default" Text="" Template="Default" TooltipType="OnCursor" Name="VoteOptionText" BGColor="ffffffff" TextColor="UI_TextHoloBody" TooltipColor="" TextId="" IgnoreMouse="1"/>
            </Control>
        </Control>
    </Form>
</Forms>
