<Forms>
    <Form Class="Window" LAnchorPoint="0" LAnchorOffset="60" TAnchorPoint="0" TAnchorOffset="0" RAnchorPoint="0" RAnchorOffset="468" BAnchorPoint="0" BAnchorOffset="487" RelativeToClient="1" Font="Default" Text="" Template="Default" Name="ZoneHopperForm" Border="0" Picture="0" SwallowMouseClicks="1" Moveable="1" Escapable="1" Overlapped="1" BGColor="ffffffff" TextColor="ffffffff" TextId="" Sprite="" Tooltip="" TooltipId="" Visible="0" TooltipColor="">
        <Control Class="Window" LAnchorPoint="0" LAnchorOffset="25" TAnchorPoint="0" TAnchorOffset="25" RAnchorPoint="1" RAnchorOffset="-25" BAnchorPoint="1" BAnchorOffset="-25" RelativeToClient="1" Font="Default" Text="" Template="Default" Name="BGBackground" BGColor="ffffffff" TextColor="ffffffff" Picture="1" IgnoreMouse="1" Sprite="CRB_Basekit:kitBase_MetalGrey_Tiny" TooltipColor=""/>
        <Control Class="Window" LAnchorPoint="0" LAnchorOffset="40" TAnchorPoint="0" TAnchorOffset="28" RAnchorPoint="1" RAnchorOffset="-40" BAnchorPoint="0" BAnchorOffset="95" RelativeToClient="1" Font="Default" Text="" Template="Default" Name="OptionsContainerBG" BGColor="ffffffff" TextColor="ffffffff" Picture="1" IgnoreMouse="1" Sprite="CRB_Basekit:kitHeader_MetalGrey_TitleMarked" TooltipColor="">
            <Control Class="Window" LAnchorPoint="0" LAnchorOffset="4" TAnchorPoint="0" TAnchorOffset="33" RAnchorPoint="1" RAnchorOffset="-4" BAnchorPoint="0" BAnchorOffset="63" RelativeToClient="1" Font="CRB_InterfaceMedium_B" Text="" Template="Default" Name="OptionsContainer" BGColor="ffffffff" TextColor="ffffffff" Picture="1" Sprite="" Tooltip="" TooltipId="" TextId="" DT_VCENTER="1" TooltipColor="">
                <Control Class="Button" Base="CRB_Basekit:kitBtn_Radio_Large" Font="CRB_InterfaceMedium_B" ButtonType="Check" RadioGroup="" LAnchorPoint="0" LAnchorOffset="0" TAnchorPoint="0" TAnchorOffset="0" RAnchorPoint="0" RAnchorOffset="125" BAnchorPoint="0" BAnchorOffset="29" DT_VCENTER="1" DT_CENTER="1" Name="bTogEm" BGColor="ffffffff" TextColor="ffffffff" NormalTextColor="ff5f6662" PressedTextColor="ff9aaea3" FlybyTextColor="ff5f6662" PressedFlybyTextColor="ff9aaea3" DisabledTextColor="ffffffff" GlobalRadioGroup="" Sprite="" Picture="1" Template="CRB_Default" Tooltip="Automatically levels the player to the appropriate level for the selected tract" TooltipId="" Text="Auto Level" TextId="" TooltipType="OnCursor" RelativeToClient="1" IgnoreTooltipDelay="1" TestAlpha="0" TooltipColor="">
                    <Event Name="ButtonCheck" Function="doILevel"/>
                    <Event Name="ButtonUncheck" Function="doILevel"/>
                </Control>
                <Control Class="Button" Base="CRB_Basekit:kitBtn_Radio_Large" Font="CRB_InterfaceMedium_B" ButtonType="Check" RadioGroup="" LAnchorPoint="1" LAnchorOffset="-99" TAnchorPoint="0" TAnchorOffset="0" RAnchorPoint="1" RAnchorOffset="26" BAnchorPoint="0" BAnchorOffset="29" DT_VCENTER="1" DT_CENTER="1" Name="bTogQuest" BGColor="ffffffff" TextColor="ffffffff" NormalTextColor="ff5f6662" PressedTextColor="ff9aaea3" FlybyTextColor="ff5f6662" PressedFlybyTextColor="ff9aaea3" DisabledTextColor="ffffffff" GlobalRadioGroup="" Sprite="" Picture="1" Template="CRB_Default" Tooltip="Automatically pushes the first quest of the selected tract to the player" TooltipId="" Text="Get Quests" TextId="" IgnoreTooltipDelay="1" TooltipType="OnCursor" RelativeToClient="1" TestAlpha="0" TooltipColor="">
                    <Event Name="ButtonCheck" Function="doIQuest"/>
                    <Event Name="ButtonUncheck" Function="doIQuest"/>
                </Control>
            </Control>
            <Control Class="Window" LAnchorPoint="0" LAnchorOffset="0" TAnchorPoint="0" TAnchorOffset="6" RAnchorPoint="1" RAnchorOffset="0" BAnchorPoint="0" BAnchorOffset="26" RelativeToClient="1" Font="CRB_InterfaceMedium_B" Text="Zone Hopper - Developer Edition!!!" Template="Default" Name="ZoneHopperLabel" BGColor="ffffffff" TextColor="ff5f6662" TextId="" DT_CENTER="1" TooltipColor=""/>
        </Control>
        <Control Class="Window" LAnchorPoint="0" LAnchorOffset="43" TAnchorPoint="0" TAnchorOffset="371" RAnchorPoint="1" RAnchorOffset="-45" BAnchorPoint="0" BAnchorOffset="427" RelativeToClient="1" Font="Default" Text="" Template="Default" Name="TabContainerBG" BGColor="ffffffff" TextColor="ffffffff" Sprite="CRB_Basekit:kitFooter_MetalGrey_Square" Picture="1" IgnoreMouse="1" HideInEditor="0" Visible="1" TooltipColor="">
            <Control Class="Window" LAnchorPoint="0" LAnchorOffset="14" TAnchorPoint="0" TAnchorOffset="-4" RAnchorPoint="1" RAnchorOffset="-14" BAnchorPoint="0" BAnchorOffset="52" RelativeToClient="1" Font="Default" Text="" Template="Default" Name="TabsContainer" BGColor="ffffffff" TextColor="ffffffff" Picture="0" IgnoreMouse="1" Sprite="" TooltipColor="">
                <Control Class="Button" Base="CRB_Basekit:kitBtn_Metal_Tab" Font="CRB_InterfaceMedium_O" ButtonType="Check" RadioGroup="ZoneHopper_TabRadioGroup" LAnchorPoint="0" LAnchorOffset="0" TAnchorPoint="0" TAnchorOffset="0" RAnchorPoint="0.25" RAnchorOffset="0" BAnchorPoint="1" BAnchorOffset="0" DT_VCENTER="1" DT_CENTER="1" Name="bExiles" BGColor="ffffffff" TextColor="ffffffff" NormalTextColor="ff5f6662" PressedTextColor="ff9aaea3" FlybyTextColor="ffffffff" PressedFlybyTextColor="ffffffff" DisabledTextColor="ffffffff" Text="" TextId="CRB_Exiles" GlobalRadioGroup="" RadioDisallowNonSelection="1" TooltipColor="">
                    <Event Name="ButtonSignal" Function="displayZones"/>
                    <Event Name="ButtonCheck" Function="displayZones"/>
                </Control>
                <Control Class="Button" Base="CRB_Basekit:kitBtn_Metal_Tab" Font="CRB_InterfaceMedium_O" ButtonType="Check" RadioGroup="ZoneHopper_TabRadioGroup" LAnchorPoint="0.25" LAnchorOffset="0" TAnchorPoint="0" TAnchorOffset="0" RAnchorPoint="0.5" RAnchorOffset="0" BAnchorPoint="1" BAnchorOffset="0" DT_VCENTER="1" DT_CENTER="1" Name="bDominion" BGColor="ffffffff" TextColor="ffffffff" NormalTextColor="ff5f6662" PressedTextColor="ff9aaea3" FlybyTextColor="ffffffff" PressedFlybyTextColor="ffffffff" DisabledTextColor="ffffffff" Text="" TextId="CRB_Dominion" GlobalRadioGroup="" RadioDisallowNonSelection="1" TooltipColor="">
                    <Event Name="ButtonSignal" Function="displayZones"/>
                    <Event Name="ButtonCheck" Function="displayZones"/>
                </Control>
                <Control Class="Button" Base="CRB_Basekit:kitBtn_Metal_Tab" Font="CRB_InterfaceMedium_O" ButtonType="Check" RadioGroup="ZoneHopper_TabRadioGroup" LAnchorPoint="0.5" LAnchorOffset="0" TAnchorPoint="0" TAnchorOffset="0" RAnchorPoint="0.75" RAnchorOffset="0" BAnchorPoint="1" BAnchorOffset="0" DT_VCENTER="1" DT_CENTER="1" Name="bDungeon" BGColor="ffffffff" TextColor="ffffffff" NormalTextColor="ff5f6662" PressedTextColor="ff9aaea3" FlybyTextColor="ffffffff" PressedFlybyTextColor="ffffffff" DisabledTextColor="ffffffff" Text="" TextId="CRB_Dungeons" GlobalRadioGroup="" RadioDisallowNonSelection="1" TooltipColor="">
                    <Event Name="ButtonSignal" Function="displayZones"/>
                    <Event Name="ButtonCheck" Function="displayZones"/>
                </Control>
                <Control Class="Button" Base="CRB_Basekit:kitBtn_Metal_Tab" Font="CRB_InterfaceMedium_O" ButtonType="Check" RadioGroup="ZoneHopper_TabRadioGroup" LAnchorPoint="0.75" LAnchorOffset="0" TAnchorPoint="0" TAnchorOffset="0" RAnchorPoint="1" RAnchorOffset="0" BAnchorPoint="1" BAnchorOffset="0" DT_VCENTER="1" DT_CENTER="1" Name="bAdventure" BGColor="ffffffff" TextColor="ffffffff" NormalTextColor="ff5f6662" PressedTextColor="ff9aaea3" FlybyTextColor="ffffffff" PressedFlybyTextColor="ffffffff" DisabledTextColor="ffffffff" Text="Adventures" TextId="" HideInEditor="0" GlobalRadioGroup="" RadioDisallowNonSelection="1" TooltipColor="">
                    <Event Name="ButtonSignal" Function="displayZones"/>
                    <Event Name="ButtonCheck" Function="displayZones"/>
                </Control>
            </Control>
        </Control>
        <Control Class="Window" LAnchorPoint="0" LAnchorOffset="37" TAnchorPoint="0" TAnchorOffset="88" RAnchorPoint="1" RAnchorOffset="-37" BAnchorPoint="0" BAnchorOffset="382" RelativeToClient="1" Font="Default" Text="" Template="" Name="MainContainer" BGColor="ffffffff" TextColor="ffffffff" Border="0" UseTemplateBG="0" TextId="" IgnoreMouse="1" Picture="1" Sprite="CRB_Basekit:kitBase_HoloBlue_Small">
            <Control Class="Window" LAnchorPoint="0" LAnchorOffset="16" TAnchorPoint="0" TAnchorOffset="12" RAnchorPoint="1" RAnchorOffset="-12" BAnchorPoint="1" BAnchorOffset="-12" RelativeToClient="1" Font="Header1" Text="" Template="CRB_Scroll_HoloLarge" Name="wndExiles" BGColor="ffffffff" TextColor="ffffffff" TextId="" DT_CENTER="1" Picture="0" IgnoreMouse="1" Sprite="" Border="0" HideInEditor="1" Visible="0" VScroll="1" Tooltip=""/>
            <Control Class="Window" LAnchorPoint="0" LAnchorOffset="16" TAnchorPoint="0" TAnchorOffset="12" RAnchorPoint="1" RAnchorOffset="-12" BAnchorPoint="1" BAnchorOffset="-12" RelativeToClient="1" Font="Header1" Text="" Template="CRB_Scroll_HoloLarge" Name="wndDominion" BGColor="ffffffff" TextColor="ffffffff" TextId="" DT_CENTER="1" Picture="0" IgnoreMouse="1" Sprite="" Border="0" Visible="0" HideInEditor="1" VScroll="1"/>
            <Control Class="Window" LAnchorPoint="0" LAnchorOffset="16" TAnchorPoint="0" TAnchorOffset="12" RAnchorPoint="1" RAnchorOffset="-12" BAnchorPoint="1" BAnchorOffset="-12" RelativeToClient="1" Font="Header1" Text="" Template="CRB_Scroll_HoloLarge" Name="wndDungeon" BGColor="ffffffff" TextColor="ffffffff" TextId="" DT_CENTER="1" Picture="0" IgnoreMouse="1" Sprite="" Border="1" Visible="0" HideInEditor="1" VScroll="1"/>
            <Control Class="Window" LAnchorPoint="0" LAnchorOffset="16" TAnchorPoint="0" TAnchorOffset="12" RAnchorPoint="1" RAnchorOffset="-12" BAnchorPoint="1" BAnchorOffset="-12" RelativeToClient="1" Font="CRB_HeaderLarge" Text="" Template="CRB_Scroll_HoloLarge" Name="wndAdventure" BGColor="ffffffff" TextColor="ffffffff" TextId="" DT_CENTER="1" Picture="0" IgnoreMouse="1" Sprite="" Border="0" Visible="0" HideInEditor="0" VScroll="1"/>
        </Control>
        <Control Class="Window" LAnchorPoint="0" LAnchorOffset="0" TAnchorPoint="0" TAnchorOffset="0" RAnchorPoint="1" RAnchorOffset="0" BAnchorPoint="1" BAnchorOffset="0" RelativeToClient="1" Font="Default" Text="" Template="Default" Name="BGFrame" BGColor="ffffffff" TextColor="ffffffff" Picture="1" IgnoreMouse="1" Sprite="CRB_Basekit:kitOuterFrame_MetalGray_Medium" NewWindowDepth="1" TooltipColor="">
            <Control Class="Button" Base="CRB_Basekit:kitBtn_Close" Font="Thick" ButtonType="PushButton" RadioGroup="" LAnchorPoint="1" LAnchorOffset="-40" TAnchorPoint="0" TAnchorOffset="11" RAnchorPoint="1" RAnchorOffset="-13" BAnchorPoint="0" BAnchorOffset="40" DT_VCENTER="1" DT_CENTER="1" Name="CloseBtn" BGColor="ffffffff" TextColor="ffffffff" NormalTextColor="ffffffff" PressedTextColor="ffffffff" FlybyTextColor="ffffffff" PressedFlybyTextColor="ffffffff" DisabledTextColor="ffffffff" LeftEdgeControlsAnchor="" TopEdgeControlsAnchor="" RightEdgeControlsAnchor="" BottomEdgeControlsAnchor="" TooltipColor="">
                <Event Name="ButtonSignal" Function="OnCancel"/>
            </Control>
        </Control>
        <Control Class="Button" Base="CRB_Basekit:kitBtn_Metal_MediumBlue" Font="CRB_InterfaceMedium_B" ButtonType="PushButton" RadioGroup="" LAnchorPoint="0" LAnchorOffset="40" TAnchorPoint="1" TAnchorOffset="-65" RAnchorPoint="0" RAnchorOffset="120" BAnchorPoint="1" BAnchorOffset="-30" DT_VCENTER="1" DT_CENTER="1" Name="HeirloomBtn" BGColor="ffffffff" TextColor="ffffffff" NormalTextColor="ff9aaea3" PressedTextColor="ffffffff" FlybyTextColor="ffffffff" PressedFlybyTextColor="ffffffff" DisabledTextColor="ffffffff" GlobalRadioGroup="" Sprite="" Picture="1" Template="CRB_Default" Tooltip="Create an heirloom kit that can be salvaged to get items for your level." TooltipId="" Text="Heirloom" TextId="" TooltipType="OnCursor" RelativeToClient="1" IgnoreTooltipDelay="1" TooltipColor="">
            <Event Name="ButtonSignal" Function="OnHeirloomBtn"/>
        </Control>
        <Control Class="BagWindow" LAnchorPoint="0" LAnchorOffset="0" TAnchorPoint="0" TAnchorOffset="0" RAnchorPoint="0" RAnchorOffset="0" BAnchorPoint="0" BAnchorOffset="0" RelativeToClient="1" Font="Default" Text="" Template="Default" Name="HiddenBagWindow" BGColor="ffffffff" TextColor="ffffffff" TooltipColor=""/>
        <Control Class="Window" LAnchorPoint="0" LAnchorOffset="410" TAnchorPoint="0" TAnchorOffset="0" RAnchorPoint="0" RAnchorOffset="751" BAnchorPoint="1" BAnchorOffset="-143" RelativeToClient="1" Font="Default" Text="" Template="Default" Name="ZoneHopperTutorial" BGColor="ffffffff" TextColor="ffffffff" IgnoreMouse="1" NoClip="1" Picture="1" Sprite="CRB_Basekit:kitBase_HoloBlue_LitCorners" TooltipColor="" Visible="0">
            <Control Class="Window" LAnchorPoint="0" LAnchorOffset="25" TAnchorPoint="0" TAnchorOffset="30" RAnchorPoint="1" RAnchorOffset="-25" BAnchorPoint="0" BAnchorOffset="80" RelativeToClient="1" Font="CRB_InterfaceLarge_B" Text="Using the Zone Hopper Tester Addon" Template="Default" Name="TutorialTitle" BGColor="ffffffff" TextColor="ff7fffb9" TextId="" DT_CENTER="1" DT_WORDBREAK="1" TooltipColor=""/>
            <Control Class="Window" LAnchorPoint="0" LAnchorOffset="37" TAnchorPoint="0" TAnchorOffset="58" RAnchorPoint="1" RAnchorOffset="-37" BAnchorPoint="1" BAnchorOffset="-30" RelativeToClient="1" Font="CRB_InterfaceMedium_O" Text="" Template="Default" Name="TutorialText" BGColor="ffffffff" TextColor="ffffffff" TextId="" DT_WORDBREAK="1" TooltipColor=""/>
        </Control>
        <Control Class="Button" Base="CRB_Basekit:kitBtn_Metal_MediumBlue" Font="CRB_InterfaceMedium_B" ButtonType="PushButton" RadioGroup="" LAnchorPoint="0" LAnchorOffset="200" TAnchorPoint="1" TAnchorOffset="-65" RAnchorPoint="0" RAnchorOffset="290" BAnchorPoint="1" BAnchorOffset="-30" DT_VCENTER="1" DT_CENTER="1" Name="AbilityBtn" BGColor="ffffffff" TextColor="ffffffff" NormalTextColor="ff9aaea3" PressedTextColor="ffffffff" FlybyTextColor="ffffffff" PressedFlybyTextColor="ffffffff" DisabledTextColor="ffffffff" GlobalRadioGroup="" Sprite="" Picture="1" Template="CRB_Default" Tooltip="Spawns an ability vendor." TooltipId="" Text="ABVendor" TextId="" TooltipType="OnCursor" RelativeToClient="1" IgnoreTooltipDelay="1" TooltipColor="">
            <Event Name="ButtonSignal" Function="OnAbilityBtn"/>
        </Control>
        <Control Class="Button" Base="CRB_Basekit:kitBtn_Metal_MediumBlue" Font="CRB_InterfaceMedium_B" ButtonType="PushButton" RadioGroup="" LAnchorPoint="0" LAnchorOffset="285" TAnchorPoint="1" TAnchorOffset="-65" RAnchorPoint="0" RAnchorOffset="325" BAnchorPoint="1" BAnchorOffset="-30" DT_VCENTER="1" DT_CENTER="1" Name="MoneyBtn" BGColor="ffffffff" TextColor="ffffffff" NormalTextColor="ff9aaea3" PressedTextColor="ffffffff" FlybyTextColor="ffffffff" PressedFlybyTextColor="ffffffff" DisabledTextColor="ffffffff" GlobalRadioGroup="" Sprite="" Picture="1" Template="CRB_Default" Tooltip="Gives you lots and lots of money!" TooltipId="" Text="" TextId="CRB__5" TooltipType="OnCursor" RelativeToClient="1" IgnoreTooltipDelay="1" TooltipColor="">
            <Event Name="ButtonSignal" Function="OnMoneyBtn"/>
        </Control>
        <Control Class="Button" Base="CRB_Basekit:kitBtn_Metal_MediumBlue" Font="CRB_InterfaceMedium_B" ButtonType="PushButton" RadioGroup="" LAnchorPoint="0" LAnchorOffset="320" TAnchorPoint="1" TAnchorOffset="-65" RAnchorPoint="0" RAnchorOffset="370" BAnchorPoint="1" BAnchorOffset="-30" DT_VCENTER="1" DT_CENTER="1" Name="BagBtn" BGColor="ffffffff" TextColor="ffffffff" NormalTextColor="ff9aaea3" PressedTextColor="ffffffff" FlybyTextColor="ffffffff" PressedFlybyTextColor="ffffffff" DisabledTextColor="ffffffff" GlobalRadioGroup="" Sprite="" Picture="1" Template="CRB_Default" Tooltip="Need another bag? Here!" TooltipId="" Text="" TextId="CRB_Bag" TooltipType="OnCursor" RelativeToClient="1" IgnoreTooltipDelay="1" TooltipColor="">
            <Event Name="ButtonSignal" Function="OnBagBtn"/>
        </Control>
        <Control Class="Button" Base="CRB_Basekit:kitBtn_Metal_MediumBlue" Font="CRB_InterfaceMedium_B" ButtonType="PushButton" RadioGroup="" LAnchorPoint="0" LAnchorOffset="115" TAnchorPoint="1" TAnchorOffset="-65" RAnchorPoint="0" RAnchorOffset="205" BAnchorPoint="1" BAnchorOffset="-30" DT_VCENTER="1" DT_CENTER="1" Name="GearBtn" BGColor="ffffffff" TextColor="ffffffff" NormalTextColor="ff9aaea3" PressedTextColor="ffffffff" FlybyTextColor="ffffffff" PressedFlybyTextColor="ffffffff" DisabledTextColor="ffffffff" GlobalRadioGroup="" Sprite="" Picture="1" Template="CRB_Default" Tooltip="Create an heirloom kit that can be salvaged to get items for your level." TooltipId="" Text="Get Gear" TextId="" TooltipType="OnCursor" RelativeToClient="1" IgnoreTooltipDelay="1" TooltipColor="">
            <Event Name="ButtonSignal" Function="OnGearBtn"/>
        </Control>
    </Form>
    <Form Class="Window" LAnchorPoint="0" LAnchorOffset="0" TAnchorPoint="0" TAnchorOffset="0" RAnchorPoint="1" RAnchorOffset="0" BAnchorPoint="0" BAnchorOffset="32" RelativeToClient="1" Font="CRB_InterfaceMedium_O" Text="Zone" Template="Default" Name="wndZone" BGColor="ffffffff" TextColor="ff7fffb9" TextId="" Tooltip="" TooltipId="" DT_VCENTER="1">
        <Control Class="Button" Base="CRB_Basekit:kitBtn_Holo_IconBase" Font="CRB_InterfaceMedium_B" ButtonType="PushButton" RadioGroup="" LAnchorPoint="0" LAnchorOffset="108" TAnchorPoint="0" TAnchorOffset="0" RAnchorPoint="0" RAnchorOffset="140" BAnchorPoint="1" BAnchorOffset="0" DT_VCENTER="1" DT_CENTER="1" Name="bZoneT1" BGColor="ffffffff" TextColor="ffffffff" NormalTextColor="ff2f94ac" PressedTextColor="ffffffff" FlybyTextColor="ffffffff" PressedFlybyTextColor="ffffffff" DisabledTextColor="ffffffff" Text="" TextId="CRB_1" Tooltip="" TooltipId="" Template="CRB_Hologram" IgnoreTooltipDelay="1" TooltipType="OnCursor" TestAlpha="1">
            <Event Name="ButtonSignal" Function="goZone"/>
        </Control>
        <Control Class="Button" Base="CRB_Basekit:kitBtn_Holo_IconBase" Font="CRB_InterfaceMedium_B" ButtonType="PushButton" RadioGroup="" LAnchorPoint="0" LAnchorOffset="142" TAnchorPoint="0" TAnchorOffset="0" RAnchorPoint="0" RAnchorOffset="174" BAnchorPoint="1" BAnchorOffset="0" DT_VCENTER="1" DT_CENTER="1" Name="bZoneT2" BGColor="ffffffff" TextColor="ffffffff" NormalTextColor="ff2f94ac" PressedTextColor="ffffffff" FlybyTextColor="ffffffff" PressedFlybyTextColor="ffffffff" DisabledTextColor="ffffffff" Text="" TextId="CRB_2" Tooltip="" TooltipId="" Template="CRB_Hologram" IgnoreTooltipDelay="1" Visible="1" TooltipType="OnCursor" TestAlpha="1">
            <Event Name="ButtonSignal" Function="goZone"/>
        </Control>
        <Control Class="Button" Base="CRB_Basekit:kitBtn_Holo_IconBase" Font="CRB_InterfaceMedium_B" ButtonType="PushButton" RadioGroup="" LAnchorPoint="0" LAnchorOffset="176" TAnchorPoint="0" TAnchorOffset="0" RAnchorPoint="0" RAnchorOffset="208" BAnchorPoint="1" BAnchorOffset="0" DT_VCENTER="1" DT_CENTER="1" Name="bZoneT3" BGColor="ffffffff" TextColor="ffffffff" NormalTextColor="ff2f94ac" PressedTextColor="ffffffff" FlybyTextColor="ffffffff" PressedFlybyTextColor="ffffffff" DisabledTextColor="ffffffff" Text="" TextId="CRB_3" Template="CRB_Hologram" IgnoreTooltipDelay="1" Visible="1" TooltipType="OnCursor" TestAlpha="1">
            <Event Name="ButtonSignal" Function="goZone"/>
        </Control>
        <Control Class="Button" Base="CRB_Basekit:kitBtn_Holo_IconBase" Font="CRB_InterfaceMedium_B" ButtonType="PushButton" RadioGroup="" LAnchorPoint="0" LAnchorOffset="210" TAnchorPoint="0" TAnchorOffset="0" RAnchorPoint="0" RAnchorOffset="242" BAnchorPoint="1" BAnchorOffset="0" DT_VCENTER="1" DT_CENTER="1" Name="bZoneT4" BGColor="ffffffff" TextColor="ffffffff" NormalTextColor="ff2f94ac" PressedTextColor="ffffffff" FlybyTextColor="ffffffff" PressedFlybyTextColor="ffffffff" DisabledTextColor="ffffffff" Text="" TextId="CRB_4" Template="CRB_Hologram" IgnoreTooltipDelay="1" Visible="1" TooltipType="OnCursor" TestAlpha="1">
            <Event Name="ButtonSignal" Function="goZone"/>
        </Control>
    </Form>
</Forms>
