<Forms>
    <Form Class="Window" LAnchorPoint="0" LAnchorOffset="0" TAnchorPoint="0" TAnchorOffset="0" RAnchorPoint="0" RAnchorOffset="808" BAnchorPoint="0" BAnchorOffset="500" RelativeToClient="1" Font="Default" Text="" Template="Default" Name="CirclesMainForm" Border="0" Picture="0" SwallowMouseClicks="1" Moveable="1" Escapable="1" Overlapped="1" BGColor="white" TextColor="white" TextId="" Visible="0" TooltipColor="" Tooltip="" HideInEditor="0">
        <Control Class="Window" LAnchorPoint="0" LAnchorOffset="26" TAnchorPoint="0" TAnchorOffset="70" RAnchorPoint="1" RAnchorOffset="-26" BAnchorPoint="1" BAnchorOffset="-22" RelativeToClient="1" Font="Default" Text="" Template="" Name="RosterScreen" BGColor="white" TextColor="white" HideInEditor="0" Visible="0" Sprite="" IgnoreMouse="1" TransitionShowHide="1" NewControlDepth="1" TooltipColor="" Tooltip="">
            <Control Class="Window" LAnchorPoint="0" LAnchorOffset="0" TAnchorPoint="0" TAnchorOffset="0" RAnchorPoint="1" RAnchorOffset="0" BAnchorPoint="1" BAnchorOffset="-46" RelativeToClient="1" Font="Default" Text="" BGColor="UI_WindowBGDefault" TextColor="UI_WindowTextDefault" Template="Holo_Background_General" TooltipType="OnCursor" Name="HoloBg" TooltipColor="" Moveable="0" IgnoreMouse="1" Picture="1" UseTemplateBG="1"/>
            <Control Class="Window" LAnchorPoint="0" LAnchorOffset="11" TAnchorPoint="0" TAnchorOffset="13" RAnchorPoint="0" RAnchorOffset="729" BAnchorPoint="0" BAnchorOffset="39" RelativeToClient="1" Font="Default" Text="" Template="Default" Name="RosterHeaderContainer" BGColor="white" TextColor="white" TooltipColor="">
                <Control Class="Button" Base="BK3:btnHolo_ListView_Top" Font="CRB_InterfaceSmall_O" ButtonType="Check" RadioGroup="GuildRoster_SortRadioGroup" LAnchorPoint="0" LAnchorOffset="0" TAnchorPoint="0" TAnchorOffset="0" RAnchorPoint="0" RAnchorOffset="175" BAnchorPoint="0" BAnchorOffset="26" DT_VCENTER="1" DT_CENTER="0" Name="RosterSortBtnName" BGColor="white" TextColor="white" NormalTextColor="white" PressedTextColor="white" FlybyTextColor="white" PressedFlybyTextColor="white" DisabledTextColor="white" Text="" TextId="" DrawAsCheckbox="0" CheckboxRight="0" GlobalRadioGroup="" TooltipColor="">
                    <Control Class="Window" LAnchorPoint="0" LAnchorOffset="12" TAnchorPoint="0" TAnchorOffset="0" RAnchorPoint="1" RAnchorOffset="0" BAnchorPoint="1" BAnchorOffset="0" RelativeToClient="1" Font="CRB_InterfaceSmall" Text="" Template="Default" Name="RosterSortText" BGColor="white" TextColor="UI_BtnTextBlueNormal" TextId="CRB_Name" DT_VCENTER="1" TooltipColor=""/>
                    <Event Name="MouseEnter" Function="OnRosterSortBtnMouseEnter"/>
                    <Event Name="MouseExit" Function="OnRosterSortBtnMouseExit"/>
                    <Event Name="ButtonCheck" Function="OnRosterSortToggle"/>
                    <Event Name="ButtonUncheck" Function="OnRosterSortToggle"/>
                </Control>
                <Control Class="Button" Base="BK3:btnHolo_ListView_Top" Font="CRB_InterfaceSmall_O" ButtonType="Check" RadioGroup="GuildRoster_SortRadioGroup" LAnchorPoint="0" LAnchorOffset="175" TAnchorPoint="0" TAnchorOffset="0" RAnchorPoint="0" RAnchorOffset="350" BAnchorPoint="0" BAnchorOffset="26" DT_VCENTER="1" DT_CENTER="0" Name="RosterSortBtnRank" BGColor="white" TextColor="white" NormalTextColor="white" PressedTextColor="white" FlybyTextColor="white" PressedFlybyTextColor="white" DisabledTextColor="white" Text="" TextId="" DrawAsCheckbox="0" CheckboxRight="0" GlobalRadioGroup="" TooltipColor="">
                    <Control Class="Window" LAnchorPoint="0" LAnchorOffset="12" TAnchorPoint="0" TAnchorOffset="0" RAnchorPoint="1" RAnchorOffset="0" BAnchorPoint="1" BAnchorOffset="0" RelativeToClient="1" Font="CRB_InterfaceSmall" Text="" Template="Default" Name="RosterSortText" BGColor="white" TextColor="UI_BtnTextBlueNormal" TextId="Circles_Rank" DT_VCENTER="1" TooltipColor=""/>
                    <Event Name="MouseEnter" Function="OnRosterSortBtnMouseEnter"/>
                    <Event Name="MouseExit" Function="OnRosterSortBtnMouseExit"/>
                    <Event Name="ButtonCheck" Function="OnRosterSortToggle"/>
                    <Event Name="ButtonUncheck" Function="OnRosterSortToggle"/>
                </Control>
                <Control Class="Button" Base="BK3:btnHolo_ListView_Top" Font="CRB_InterfaceSmall_O" ButtonType="Check" RadioGroup="GuildRoster_SortRadioGroup" LAnchorPoint="0" LAnchorOffset="350" TAnchorPoint="0" TAnchorOffset="0" RAnchorPoint="0" RAnchorOffset="425" BAnchorPoint="0" BAnchorOffset="26" DT_VCENTER="1" DT_CENTER="0" Name="RosterSortBtnLevel" BGColor="white" TextColor="white" NormalTextColor="white" PressedTextColor="white" FlybyTextColor="white" PressedFlybyTextColor="white" DisabledTextColor="white" Text="" TextId="" DrawAsCheckbox="0" CheckboxRight="0" GlobalRadioGroup="" TooltipColor="">
                    <Control Class="Window" LAnchorPoint="0" LAnchorOffset="12" TAnchorPoint="0" TAnchorOffset="0" RAnchorPoint="1" RAnchorOffset="0" BAnchorPoint="1" BAnchorOffset="0" RelativeToClient="1" Font="CRB_InterfaceSmall" Text="" Template="Default" Name="RosterSortText" BGColor="white" TextColor="UI_BtnTextBlueNormal" TextId="CRB_Level_" DT_VCENTER="1" TooltipColor=""/>
                    <Event Name="MouseEnter" Function="OnRosterSortBtnMouseEnter"/>
                    <Event Name="MouseExit" Function="OnRosterSortBtnMouseExit"/>
                    <Event Name="ButtonCheck" Function="OnRosterSortToggle"/>
                    <Event Name="ButtonUncheck" Function="OnRosterSortToggle"/>
                </Control>
                <Control Class="Button" Base="BK3:btnHolo_ListView_Top" Font="CRB_InterfaceSmall_O" ButtonType="Check" RadioGroup="GuildRoster_SortRadioGroup" LAnchorPoint="0" LAnchorOffset="425" TAnchorPoint="0" TAnchorOffset="0" RAnchorPoint="0" RAnchorOffset="525" BAnchorPoint="0" BAnchorOffset="26" DT_VCENTER="1" DT_CENTER="0" Name="RosterSortBtnClass" BGColor="white" TextColor="white" NormalTextColor="white" PressedTextColor="white" FlybyTextColor="white" PressedFlybyTextColor="white" DisabledTextColor="white" Text="" TextId="" DrawAsCheckbox="0" CheckboxRight="0" GlobalRadioGroup="" TooltipColor="">
                    <Control Class="Window" LAnchorPoint="0" LAnchorOffset="12" TAnchorPoint="0" TAnchorOffset="0" RAnchorPoint="1" RAnchorOffset="0" BAnchorPoint="1" BAnchorOffset="0" RelativeToClient="1" Font="CRB_InterfaceSmall" Text="" Template="Default" Name="RosterSortText" BGColor="white" TextColor="UI_BtnTextBlueNormal" TextId="CRB_Class" DT_VCENTER="1" TooltipColor=""/>
                    <Event Name="MouseEnter" Function="OnRosterSortBtnMouseEnter"/>
                    <Event Name="MouseExit" Function="OnRosterSortBtnMouseExit"/>
                    <Event Name="ButtonCheck" Function="OnRosterSortToggle"/>
                    <Event Name="ButtonUncheck" Function="OnRosterSortToggle"/>
                </Control>
                <Control Class="Button" Base="BK3:btnHolo_ListView_Top" Font="CRB_InterfaceSmall_O" ButtonType="Check" RadioGroup="GuildRoster_SortRadioGroup" LAnchorPoint="0" LAnchorOffset="525" TAnchorPoint="0" TAnchorOffset="0" RAnchorPoint="0" RAnchorOffset="625" BAnchorPoint="0" BAnchorOffset="26" DT_VCENTER="1" DT_CENTER="0" Name="RosterSortBtnPath" BGColor="white" TextColor="white" NormalTextColor="white" PressedTextColor="white" FlybyTextColor="white" PressedFlybyTextColor="white" DisabledTextColor="white" Text="" TextId="" DrawAsCheckbox="0" CheckboxRight="0" GlobalRadioGroup="" TooltipColor="">
                    <Control Class="Window" LAnchorPoint="0" LAnchorOffset="12" TAnchorPoint="0" TAnchorOffset="0" RAnchorPoint="1" RAnchorOffset="0" BAnchorPoint="1" BAnchorOffset="0" RelativeToClient="1" Font="CRB_InterfaceSmall" Text="" Template="Default" Name="RosterSortText" BGColor="white" TextColor="UI_BtnTextBlueNormal" TextId="CRB_Path" DT_VCENTER="1" TooltipColor=""/>
                    <Event Name="MouseEnter" Function="OnRosterSortBtnMouseEnter"/>
                    <Event Name="MouseExit" Function="OnRosterSortBtnMouseExit"/>
                    <Event Name="ButtonCheck" Function="OnRosterSortToggle"/>
                    <Event Name="ButtonUncheck" Function="OnRosterSortToggle"/>
                </Control>
                <Control Class="Button" Base="BK3:btnHolo_ListView_Top" Font="CRB_InterfaceSmall_O" ButtonType="Check" RadioGroup="GuildRoster_SortRadioGroup" LAnchorPoint="0" LAnchorOffset="625" TAnchorPoint="0" TAnchorOffset="0" RAnchorPoint="1" RAnchorOffset="0" BAnchorPoint="0" BAnchorOffset="26" DT_VCENTER="1" DT_CENTER="0" Name="RosterSortBtnOnline" BGColor="white" TextColor="white" NormalTextColor="white" PressedTextColor="white" FlybyTextColor="white" PressedFlybyTextColor="white" DisabledTextColor="white" Text="" TextId="" DrawAsCheckbox="0" CheckboxRight="0" GlobalRadioGroup="" TooltipColor="">
                    <Control Class="Window" LAnchorPoint="0" LAnchorOffset="12" TAnchorPoint="0" TAnchorOffset="0" RAnchorPoint="1" RAnchorOffset="0" BAnchorPoint="1" BAnchorOffset="0" RelativeToClient="1" Font="CRB_InterfaceSmall" Text="" Template="Default" Name="RosterSortText" BGColor="white" TextColor="UI_BtnTextBlueNormal" TextId="Circles_LastOnline" DT_VCENTER="1" TooltipColor=""/>
                    <Event Name="MouseEnter" Function="OnRosterSortBtnMouseEnter"/>
                    <Event Name="MouseExit" Function="OnRosterSortBtnMouseExit"/>
                    <Event Name="ButtonCheck" Function="OnRosterSortToggle"/>
                    <Event Name="ButtonUncheck" Function="OnRosterSortToggle"/>
                </Control>
            </Control>
            <Control Class="Window" LAnchorPoint="1" LAnchorOffset="-19" TAnchorPoint="0" TAnchorOffset="-15" RAnchorPoint="1" RAnchorOffset="196" BAnchorPoint="0" BAnchorOffset="262" RelativeToClient="1" Font="Default" Text="" Template="Default" Name="RosterPopout" BGColor="white" TextColor="white" IgnoreMouse="1" NoClip="1" Picture="0" Sprite="" HideInEditor="1" Visible="0" TooltipColor="" NewWindowDepth="1">
                <Control Class="Window" LAnchorPoint="0" LAnchorOffset="30" TAnchorPoint="0" TAnchorOffset="52" RAnchorPoint="1" RAnchorOffset="-30" BAnchorPoint="0" BAnchorOffset="72" RelativeToClient="1" Font="CRB_InterfaceMedium_B" Text="" Template="Default" Name="RosterPopoutName" BGColor="white" TextColor="UI_TextHoloTitle" TextId="CRB_Player_Name" TooltipColor=""/>
                <Pixie LAnchorPoint="0" LAnchorOffset="18" TAnchorPoint="0" TAnchorOffset="42" RAnchorPoint="1" RAnchorOffset="-18" BAnchorPoint="1" BAnchorOffset="-14" BGColor="white" Font="Default" TextColor="white" Text="" Sprite="CRB_Basekit:kitBase_HoloHexes_Small" Line="0"/>
                <Pixie LAnchorPoint="0" LAnchorOffset="20" TAnchorPoint="0" TAnchorOffset="19" RAnchorPoint="1" RAnchorOffset="-20" BAnchorPoint="0" BAnchorOffset="47" BGColor="white" Font="CRB_InterfaceMedium_B" TextColor="UI_TextHoloBody" Text="" TextId="Circles_AltsHeader" Sprite="CRB_Basekit:kitBtn_Holo_DatachronOptionNormal" DT_CENTER="1" DT_VCENTER="1" Line="0"/>
                <Pixie LAnchorPoint="0" LAnchorOffset="0" TAnchorPoint="0" TAnchorOffset="0" RAnchorPoint="1" RAnchorOffset="0" BAnchorPoint="1" BAnchorOffset="0" BGColor="white" Font="Default" TextColor="white" Text="" Sprite="CRB_Basekit:kitInnerFrame_MetalGrey_Large" Line="0"/>
                <Pixie LAnchorPoint="0" LAnchorOffset="0" TAnchorPoint="0" TAnchorOffset="33" RAnchorPoint="1" RAnchorOffset="-4" BAnchorPoint="0" BAnchorOffset="78" BGColor="white" Font="Default" TextColor="white" Text="" Sprite="CRB_Basekit:kitDivider_Horiz_HoloDotted" Line="0"/>
            </Control>
            <Control Class="Grid" ImageTextSpacing="0" LAnchorPoint="0" LAnchorOffset="12" TAnchorPoint="0" TAnchorOffset="37" RAnchorPoint="1" RAnchorOffset="-12" BAnchorPoint="1" BAnchorOffset="-81" RelativeToClient="1" Font="CRB_InterfaceSmall" Text="" Template="Holo_ScrollListSmall" Name="RosterGrid" BGColor="white" TextColor="white" IgnoreMouse="1" MultiColumn="1" SelectWholeRow="1" FocusOnMouseOver="1" RowHeight="25" CellBGBase="BK3:btnHolo_ListView_Mid" TextNormalColor="white" TextSelectedColor="white" TextNormalFocusColor="white" TextSelectedFocusColor="white" TextDisabledColor="UI_TextMetalBody" DT_VCENTER="1" TooltipColor="" CellBGNormalColor="" CellBGSelectedColor="" CellBGNormalFocusColor="" CellBGSelectedFocusColor="" VScroll="1" AutoHideScroll="1" Border="1" UseTemplateBG="1" NewControlDepth="3">
                <Column Name="Icon" Width="25" TextColor="" Image=""/>
                <Column Name="Name" Width="160" TextColor="" Image=""/>
                <Column Name="Rank" Width="175" TextColor="" Image=""/>
                <Column Name="Level" Width="75" TextColor="" Image=""/>
                <Column Name="Class" Width="100" TextColor="" Image=""/>
                <Column Name="Path" Width="100" TextColor="" Image=""/>
                <Column Name="Last Online" Width="100" TextColor="" Image=""/>
                <Event Name="GridSelChange" Function="OnRosterGridItemClick"/>
            </Control>
            <Control Class="Window" LAnchorPoint="1" LAnchorOffset="13" TAnchorPoint="0" TAnchorOffset="-46" RAnchorPoint="1" RAnchorOffset="422" BAnchorPoint="0" BAnchorOffset="406" RelativeToClient="1" Font="Default" Text="" Template="Holo_Large" Name="RankPopout" Border="1" Picture="0" SwallowMouseClicks="1" Moveable="0" Escapable="0" Overlapped="1" BGColor="white" TextColor="white" TextId="" TooltipColor="" Tooltip="" NewControlDepth="16" HideInEditor="0" Visible="0" IgnoreMouse="1" Sprite="" NoClip="1" UseTemplateBG="1">
                <Control Class="Window" LAnchorPoint="0" LAnchorOffset="0" TAnchorPoint="0" TAnchorOffset="-12" RAnchorPoint="1" RAnchorOffset="0" BAnchorPoint="1" BAnchorOffset="-33" RelativeToClient="1" Font="Default" Text="" Template="Default" TooltipType="OnCursor" Name="BGArt" BGColor="ffffffff" TextColor="ffffffff" TooltipColor="">
                    <Control Class="Window" LAnchorPoint="0" LAnchorOffset="0" TAnchorPoint="0" TAnchorOffset="40" RAnchorPoint="1" RAnchorOffset="0" BAnchorPoint="1" BAnchorOffset="0" RelativeToClient="1" Font="Default" Text="" Template="Holo_Inset_Callout" TooltipType="OnCursor" Name="BGArt_HoloBase" BGColor="ffffffff" TextColor="ffffffff" TooltipColor="" Picture="0" IgnoreMouse="1" Sprite="" VScroll="0" Border="1" UseTemplateBG="1"/>
                    <Pixie LAnchorPoint="0" LAnchorOffset="0" TAnchorPoint="0" TAnchorOffset="8" RAnchorPoint="1" RAnchorOffset="0" BAnchorPoint="0" BAnchorOffset="34" BGColor="ffffffff" Font="CRB_HeaderLarge" TextColor="UI_WindowTitleYellow" Text="" TextId="Circles_RankPixie" DT_CENTER="1" DT_BOTTOM="0" Line="0"/>
                </Control>
                <Control Class="Button" Base="BK3:btnHolo_Blue_Small" Font="CRB_Button" ButtonType="PushButton" RadioGroup="" LAnchorPoint="0.5" LAnchorOffset="71" TAnchorPoint="1" TAnchorOffset="-77" RAnchorPoint="0.5" RAnchorOffset="171" BAnchorPoint="1" BAnchorOffset="-24" DT_VCENTER="1" DT_CENTER="1" Name="RankPopoutCancelButton" BGColor="ffffffff" TextColor="ffffffff" NewControlDepth="2" WindowSoundTemplate="TogglePhys03" TextId="CRB_Close" Text="" TooltipColor="" NormalTextColor="UI_BtnTextBlueNormal" PressedTextColor="UI_BtnTextBluePressed" FlybyTextColor="UI_BtnTextBlueFlyby" PressedFlybyTextColor="ffffffff" DisabledTextColor="ff800000">
                    <Event Name="ButtonSignal" Function="OnRankPopoutCloseBtn"/>
                </Control>
                <Control Class="Button" Base="BK3:btnHolo_Close" Font="CRB_InterfaceMedium" ButtonType="PushButton" RadioGroup="" LAnchorPoint="1" LAnchorOffset="-72" TAnchorPoint="0" TAnchorOffset="27" RAnchorPoint="1" RAnchorOffset="-29" BAnchorPoint="0" BAnchorOffset="72" DT_VCENTER="1" DT_CENTER="1" Name="RankPopoutCloseButton" BGColor="ffffffff" TextColor="ffffffff" WindowSoundTemplate="TogglePhys03" TextId="" Text="" TooltipColor="" NormalTextColor="ff2f94ac" PressedTextColor="ffffffff" FlybyTextColor="ff31fcf6" PressedFlybyTextColor="ffffffff" DisabledTextColor="ff800000">
                    <Event Name="ButtonSignal" Function="OnRankPopoutCloseBtn"/>
                </Control>
                <Control Class="Window" LAnchorPoint="0" LAnchorOffset="13" TAnchorPoint="0" TAnchorOffset="31" RAnchorPoint="1" RAnchorOffset="3" BAnchorPoint="1" BAnchorOffset="-36" RelativeToClient="1" Font="Default" Text="" Template="Default" TooltipType="OnCursor" Name="RankContainer" BGColor="white" TextColor="white" TooltipColor="" VScroll="1" IgnoreMouse="1" HideInEditor="0"/>
                <Event Name="MouseButtonDown" Function="HelperClearFocus"/>
                <Control Class="Window" LAnchorPoint="0" LAnchorOffset="-40" TAnchorPoint="0" TAnchorOffset="-40" RAnchorPoint="1" RAnchorOffset="40" BAnchorPoint="1" BAnchorOffset="78" RelativeToClient="1" Font="Default" Text="" Template="Holo_Large" TooltipType="OnCursor" Name="RankSettingsEntry" Border="1" Picture="0" SwallowMouseClicks="1" Moveable="0" Escapable="0" Overlapped="0" BGColor="black" TextColor="white" TooltipColor="" Sprite="" IgnoreMouse="1" HideInEditor="1" Visible="0" UseTemplateBG="1" NoClip="1" NewWindowDepth="1">
                    <Pixie LAnchorPoint="0" LAnchorOffset="0" TAnchorPoint="0" TAnchorOffset="0" RAnchorPoint="1" RAnchorOffset="0" BAnchorPoint="0" BAnchorOffset="31" Sprite="" BGColor="white" TextColor="UI_WindowTitleYellow" Rotation="0" Font="CRB_HeaderMedium" Text="" TextId="Circles_EditRank" DT_BOTTOM="0" DT_CENTER="1"/>
                    <Control Class="Window" LAnchorPoint="0" LAnchorOffset="0" TAnchorPoint="0" TAnchorOffset="25" RAnchorPoint="1" RAnchorOffset="0" BAnchorPoint="0" BAnchorOffset="100" RelativeToClient="1" Font="Default" Text="" Template="Default" TooltipType="OnCursor" Name="Name" BGColor="ffffffff" TextColor="ffffffff" TooltipColor="" HideInEditor="0" Visible="1" Picture="1" IgnoreMouse="1" Sprite="BK3:UI_BK3_Holo_InsetHeaderThin">
                        <Control Class="EditBox" LAnchorPoint="0" LAnchorOffset="25" TAnchorPoint="0" TAnchorOffset="39" RAnchorPoint="1" RAnchorOffset="-25" BAnchorPoint="0" BAnchorOffset="70" RelativeToClient="1" Font="CRB_InterfaceMedium_B" Text="" Template="Holo_InputBox" TooltipType="OnCursor" Name="OptionString" BGColor="ffffffff" TextColor="UI_TextHoloTitle" TooltipColor="" TextId="" DT_VCENTER="0" Border="1" UseTemplateBG="1">
                            <Event Name="EditBoxChanging" Function="OnRankSettingsNameChanging"/>
                            <Event Name="EditBoxChanged" Function="OnRankSettingsNameChanging"/>
                        </Control>
                        <Pixie LAnchorPoint="0" LAnchorOffset="17" TAnchorPoint="0" TAnchorOffset="8" RAnchorPoint="1" RAnchorOffset="-17" BAnchorPoint="0" BAnchorOffset="24" Sprite="" BGColor="white" TextColor="UI_TextHoloTitle" Rotation="0" Font="CRB_HeaderSmall" Text="" TextId="CRB_Name" DT_VCENTER="0" DT_CENTER="1"/>
                        <Control Class="Window" LAnchorPoint="1" LAnchorOffset="-109" TAnchorPoint="0" TAnchorOffset="42" RAnchorPoint="1" RAnchorOffset="-34" BAnchorPoint="0" BAnchorOffset="66" RelativeToClient="1" Font="CRB_InterfaceSmall" Text="(16/16)" Template="Default" TooltipType="OnCursor" Name="Limit" BGColor="ffffffff" TextColor="UI_TextHoloBody" TooltipColor="" TextId="" DT_VCENTER="1" DT_RIGHT="1"/>
                    </Control>
                    <Control Class="Window" LAnchorPoint="0" LAnchorOffset="0" TAnchorPoint="0" TAnchorOffset="108" RAnchorPoint="1" RAnchorOffset="0" BAnchorPoint="0" BAnchorOffset="322" RelativeToClient="1" Font="Default" Text="" Template="Default" TooltipType="OnCursor" Name="Permissions" Border="0" Picture="1" SwallowMouseClicks="1" Moveable="0" Escapable="0" Overlapped="0" BGColor="ffffffff" TextColor="ffffffff" TooltipColor="" HideInEditor="0" Sprite="BK3:UI_BK3_Holo_InsetHeaderThin">
                        <Pixie LAnchorPoint="0" LAnchorOffset="0" TAnchorPoint="0" TAnchorOffset="8" RAnchorPoint="1" RAnchorOffset="0" BAnchorPoint="0" BAnchorOffset="32" Sprite="" BGColor="ffffffff" TextColor="UI_TextHoloTitle" Rotation="0" Font="CRB_HeaderSmall" Text="" TextId="Group_Permissions" DT_BOTTOM="0" DT_CENTER="1"/>
                        <Control Class="Window" LAnchorPoint="0" LAnchorOffset="1" TAnchorPoint="0" TAnchorOffset="35" RAnchorPoint="1" RAnchorOffset="-2" BAnchorPoint="0" BAnchorOffset="213" RelativeToClient="1" Font="Default" Text="" Template="Holo_ScrollListSmall" TooltipType="OnCursor" Name="PermissionContainer" BGColor="ffffffff" TextColor="ffffffff" TooltipColor="" VScroll="1" IgnoreMouse="1" AutoHideScroll="1"/>
                    </Control>
                    <Control Class="Window" LAnchorPoint="0" LAnchorOffset="-2" TAnchorPoint="0" TAnchorOffset="322" RAnchorPoint="1" RAnchorOffset="-2" BAnchorPoint="0" BAnchorOffset="359" RelativeToClient="1" Font="Default" Text="" Template="Default" TooltipType="OnCursor" Name="Delete" BGColor="white" TextColor="white" TooltipColor="" HideInEditor="0">
                        <Control Class="Button" Base="BK3:btnHolo_Red_Small" Font="CRB_InterfaceMedium_B" ButtonType="PushButton" RadioGroup="" LAnchorPoint="1" LAnchorOffset="-135" TAnchorPoint=".5" TAnchorOffset="-26" RAnchorPoint="1" RAnchorOffset="-34" BAnchorPoint=".5" BAnchorOffset="28" DT_VCENTER="1" DT_CENTER="1" Name="RankDeleteBtn" BGColor="white" TextColor="white" NewControlDepth="2" WindowSoundTemplate="TogglePhys02" TextId="CRB_Delete" Text="" TooltipColor="" NormalTextColor="UI_BtnTextRedNormal" PressedTextColor="UI_BtnTextRedPressed" FlybyTextColor="UI_BtnTextRedFlyby" PressedFlybyTextColor="UI_BtnTextRedPressedFlyby" DisabledTextColor="UI_BtnTextRedDisabled">
                            <Event Name="ButtonSignal" Function="OnRankSettingsDeleteBtn"/>
                        </Control>
                        <Pixie LAnchorPoint="0" LAnchorOffset="50" TAnchorPoint="0" TAnchorOffset="0" RAnchorPoint="0" RAnchorOffset="210" BAnchorPoint="1" BAnchorOffset="0" Sprite="" BGColor="white" TextColor="UI_TextHoloBodyHighlight" Rotation="0" Font="CRB_InterfaceMedium_B" DT_VCENTER="1" Text="" TextId="Circles_CanNotBeUndone" DT_RIGHT="0"/>
                    </Control>
                    <Control Class="Button" Base="BK3:btnHolo_Blue_Small" Font="CRB_Button" ButtonType="PushButton" RadioGroup="" LAnchorPoint="0.5" LAnchorOffset="-142" TAnchorPoint="0" TAnchorOffset="409" RAnchorPoint="0.5" RAnchorOffset="-4" BAnchorPoint="0" BAnchorOffset="462" DT_VCENTER="1" DT_CENTER="1" Name="RankPopoutOkBtn" BGColor="ffffffff" TextColor="ffffffff" NewControlDepth="2" WindowSoundTemplate="TogglePhys02" TextId="CRB_Save" Text="" TooltipColor="" NormalTextColor="UI_BtnTextBlueNormal" PressedTextColor="UI_BtnTextBluePressed" FlybyTextColor="UI_BtnTextBlueFlyby" PressedFlybyTextColor="UI_BtnTextBluePressedFlyby" DisabledTextColor="UI_BtnTextBlueDisabled">
                        <Event Name="ButtonSignal" Function="OnRankSettingsSaveBtn"/>
                    </Control>
                    <Control Class="Button" Base="BK3:btnHolo_Red_Small" Font="CRB_Button" ButtonType="PushButton" RadioGroup="" LAnchorPoint="0.5" LAnchorOffset="4" TAnchorPoint="0" TAnchorOffset="409" RAnchorPoint="0.5" RAnchorOffset="142" BAnchorPoint="0" BAnchorOffset="462" DT_VCENTER="1" DT_CENTER="1" Name="RankPopoutCancelButton" BGColor="ffffffff" TextColor="ffffffff" NewControlDepth="2" WindowSoundTemplate="TogglePhys03" TextId="CRB_Cancel" Text="" TooltipColor="" NormalTextColor="UI_BtnTextRedNormal" PressedTextColor="UI_BtnTextRedPressed" FlybyTextColor="UI_BtnTextRedFlyby" PressedFlybyTextColor="UI_BtnTextRedPressedFlyby" DisabledTextColor="UI_BtnTextRedDisabled">
                        <Event Name="ButtonSignal" Function="OnRankSettingsCloseBtn"/>
                    </Control>
                    <Control Class="Window" LAnchorPoint="0" LAnchorOffset="-2" TAnchorPoint="0" TAnchorOffset="348" RAnchorPoint="1" RAnchorOffset="-2" BAnchorPoint="0" BAnchorOffset="385" RelativeToClient="1" Font="CRB_InterfaceMedium_B" Text="" Template="Default" TooltipType="OnCursor" Name="MemberCount" BGColor="ffffffff" TextColor="UI_TextHoloBodyCyan" TooltipColor="" DT_CENTER="1" DT_VCENTER="1" TextId="Guild_MemberCount"/>
                </Control>
            </Control>
            <Control Class="Window" LAnchorPoint="0" LAnchorOffset="16" TAnchorPoint="1" TAnchorOffset="-57" RAnchorPoint="1" RAnchorOffset="-14" BAnchorPoint="1" BAnchorOffset="-9" RelativeToClient="1" Font="Default" Text="" Template="Default" Name="RosterBottom" BGColor="white" TextColor="white" TooltipColor="" Tooltip="" HideInEditor="0" NewControlDepth="4" IgnoreMouse="1" NewWindowDepth="0">
                <Control Class="Button" Base="CRB_Basekit:kitBtn_Metal_LargeGreen" Font="CRB_Button" ButtonType="Check" RadioGroup="RosterOptions_MemberOptionsRadioGroup" LAnchorPoint="0" LAnchorOffset="0" TAnchorPoint="0" TAnchorOffset="0" RAnchorPoint="0" RAnchorOffset="113" BAnchorPoint="1" BAnchorOffset="0" DT_VCENTER="1" DT_CENTER="1" Name="RosterOptionBtnAdd" BGColor="white" TextColor="white" NormalTextColor="UI_BtnTextGreenNormal" PressedTextColor="UI_BtnTextGreenPressed" FlybyTextColor="UI_BtnTextGreenFlyby" PressedFlybyTextColor="UI_BtnTextGreenPressedFlyby" DisabledTextColor="UI_BtnTextGreenDisabled" Text="" TextId="Circles_AddMember" Visible="0" GlobalRadioGroup="" LeftEdgeControlsAnchor="" RelativeToClient="1" TooltipColor="">
                    <Event Name="ButtonCheck" Function="OnRosterAddMemberClick"/>
                    <Control Class="Window" LAnchorPoint="0.5" LAnchorOffset="-102" TAnchorPoint="1" TAnchorOffset="-182" RAnchorPoint="0.5" RAnchorOffset="99" BAnchorPoint="1" BAnchorOffset="-37" RelativeToClient="1" Font="Default" Text="" Template="Default" Name="AddMemberContainer" BGColor="white" TextColor="white" Picture="0" IgnoreMouse="1" Sprite="" Visible="0" HideInEditor="0" NewWindowDepth="0" NoClip="1" CloseOnExternalClick="1" TooltipColor="">
                        <Control Class="Window" LAnchorPoint="0" LAnchorOffset="-20" TAnchorPoint="0" TAnchorOffset="-20" RAnchorPoint="1" RAnchorOffset="20" BAnchorPoint="1" BAnchorOffset="15" RelativeToClient="1" Font="Default" Text="" Template="Default" Name="AddMemberBG" BGColor="white" TextColor="white" Sprite="BK3:sprHolo_Alert_Flyout" Picture="1" IgnoreMouse="1" TooltipColor="" NoClip="1" Tooltip="" HideInEditor="0"/>
                        <Control Class="Window" LAnchorPoint="0" LAnchorOffset="25" TAnchorPoint="0" TAnchorOffset="25" RAnchorPoint="1" RAnchorOffset="1" BAnchorPoint="0" BAnchorOffset="45" RelativeToClient="1" Font="CRB_InterfaceMedium" Text="" Template="Default" Name="AddMemberLabel" BGColor="white" TextColor="UI_WindowTitleYellow" TextId="ArenaRoster_AddLabel" TooltipColor="" Tooltip=""/>
                        <Control Class="EditBox" LAnchorPoint="0" LAnchorOffset="20" TAnchorPoint="0.5" TAnchorOffset="-21" RAnchorPoint="1" RAnchorOffset="-20" BAnchorPoint="0.5" BAnchorOffset="10" RelativeToClient="1" Font="CRB_InterfaceMedium" Text="" Template="Holo_InputBox" Name="AddMemberEditBox" BGColor="white" TextColor="UI_TextHoloTitle" Picture="0" DT_VCENTER="0" IgnoreMouse="1" TooltipColor="" Border="1" UseTemplateBG="1" NewControlDepth="2">
                            <Event Name="EditBoxReturn" Function="OnAddMemberYesClick"/>
                        </Control>
                        <Control Class="Button" Base="CRB_Basekit:kitBtn_Holo_Close2" Font="Thick" ButtonType="PushButton" RadioGroup="" LAnchorPoint="1" LAnchorOffset="-35" TAnchorPoint="0" TAnchorOffset="25" RAnchorPoint="1" RAnchorOffset="-17" BAnchorPoint="0" BAnchorOffset="43" DT_VCENTER="1" DT_CENTER="1" Name="AddMemberCloseBtn" BGColor="white" TextColor="white" NormalTextColor="white" PressedTextColor="white" FlybyTextColor="white" PressedFlybyTextColor="white" DisabledTextColor="white" TooltipColor="">
                            <Event Name="ButtonSignal" Function="OnRosterAddMemberCloseBtn"/>
                        </Control>
                        <Control Class="Button" Base="BK3:btnHolo_Blue_Small" Font="CRB_Button" ButtonType="PushButton" RadioGroup="" LAnchorPoint="0.5" LAnchorOffset="-55" TAnchorPoint="1" TAnchorOffset="-69" RAnchorPoint="0.5" RAnchorOffset="55" BAnchorPoint="1" BAnchorOffset="-16" DT_VCENTER="1" DT_CENTER="1" Name="AddMemberYesBtn" BGColor="white" TextColor="UI_BtnTextHoloNormal" NormalTextColor="UI_BtnTextBlueNormal" PressedTextColor="UI_BtnTextBluePressed" FlybyTextColor="UI_BtnTextBlueFlyby" PressedFlybyTextColor="UI_BtnTextHoloPressedFlyby" DisabledTextColor="UI_BtnTextHoloDisabled" Text="" TextId="ArenaRoster_Add" TooltipColor="">
                            <Event Name="ButtonSignal" Function="OnAddMemberYesClick"/>
                        </Control>
                        <Event Name="WindowClosed" Function="OnRosterAddMemberCloseBtn"/>
                    </Control>
                </Control>
                <Control Class="Window" LAnchorPoint="0" LAnchorOffset="0" TAnchorPoint="0" TAnchorOffset="0" RAnchorPoint="0" RAnchorOffset="4" BAnchorPoint="1" BAnchorOffset="0" RelativeToClient="1" Font="Default" Text="" Template="Default" Name="Padding" BGColor="white" TextColor="white" TooltipColor=""/>
                <Control Class="Button" Base="CRB_Basekit:kitBtn_Metal_LargeGreen" Font="CRB_Button" ButtonType="Check" RadioGroup="RosterOptions_MemberOptionsRadioGroup" LAnchorPoint="0" LAnchorOffset="113" TAnchorPoint="0" TAnchorOffset="0" RAnchorPoint="0" RAnchorOffset="250" BAnchorPoint="1" BAnchorOffset="0" DT_VCENTER="1" DT_CENTER="1" Name="RosterOptionBtnPromote" BGColor="white" TextColor="white" NormalTextColor="UI_BtnTextGreenNormal" PressedTextColor="UI_BtnTextGreenPressed" FlybyTextColor="UI_BtnTextGreenFlyby" PressedFlybyTextColor="UI_BtnTextGreenPressedFlyby" DisabledTextColor="UI_BtnTextGreenDisabled" Text="" TextId="Circles_PromoteMember" Visible="0" GlobalRadioGroup="" RelativeToClient="1" TooltipColor="">
                    <Control Class="Window" LAnchorPoint="0.5" LAnchorOffset="-111" TAnchorPoint="1" TAnchorOffset="-157" RAnchorPoint="0.5" RAnchorOffset="114" BAnchorPoint="1" BAnchorOffset="-47" RelativeToClient="1" Font="Default" Text="" Template="Default" Name="PromoteMemberContainer" BGColor="white" TextColor="white" Picture="0" IgnoreMouse="1" Sprite="" Visible="0" HideInEditor="0" NoClip="1" CloseOnExternalClick="1" TooltipColor="" TransitionShowHide="0">
                        <Control Class="Window" LAnchorPoint="0" LAnchorOffset="-20" TAnchorPoint="0" TAnchorOffset="-20" RAnchorPoint="1" RAnchorOffset="20" BAnchorPoint="1" BAnchorOffset="26" RelativeToClient="1" Font="Default" Text="" Template="Default" Name="PromoteMemberBG" BGColor="white" TextColor="white" Sprite="BK3:sprHolo_Alert_Flyout" Picture="1" IgnoreMouse="1" TooltipColor="" NoClip="1" Tooltip="" HideInEditor="0"/>
                        <Control Class="Window" LAnchorPoint="0" LAnchorOffset="25" TAnchorPoint="0" TAnchorOffset="25" RAnchorPoint="1" RAnchorOffset="1" BAnchorPoint="0" BAnchorOffset="45" RelativeToClient="1" Font="CRB_InterfaceMedium" Text="" Template="Default" Name="PromoteMemberLabel" BGColor="white" TextColor="UI_WindowTitleYellow" TextId="Circles_LeaderPromote" TooltipColor="" Tooltip=""/>
                        <Control Class="Button" Base="CRB_Basekit:kitBtn_Holo_Close2" Font="Thick" ButtonType="PushButton" RadioGroup="" LAnchorPoint="1" LAnchorOffset="-35" TAnchorPoint="0" TAnchorOffset="25" RAnchorPoint="1" RAnchorOffset="-17" BAnchorPoint="0" BAnchorOffset="43" DT_VCENTER="1" DT_CENTER="1" Name="AddMemberCloseBtn" BGColor="white" TextColor="white" NormalTextColor="white" PressedTextColor="white" FlybyTextColor="white" PressedFlybyTextColor="white" DisabledTextColor="white" Text="" TooltipColor="">
                            <Event Name="ButtonSignal" Function="OnRosterPromoteMemberCloseBtn"/>
                        </Control>
                        <Control Class="Button" Base="BK3:btnHolo_Blue_Small" Font="CRB_Button" ButtonType="PushButton" RadioGroup="" LAnchorPoint="0" LAnchorOffset="15" TAnchorPoint="1" TAnchorOffset="-59" RAnchorPoint="0.5" RAnchorOffset="2" BAnchorPoint="1" BAnchorOffset="-6" DT_VCENTER="1" DT_CENTER="1" Name="PromoteMemberYesBtn" BGColor="white" TextColor="UI_BtnTextHoloNormal" NormalTextColor="UI_BtnTextBlueNormal" PressedTextColor="UI_BtnTextBluePressed" FlybyTextColor="UI_BtnTextBlueFlyby" PressedFlybyTextColor="UI_BtnTextHoloPressedFlyby" DisabledTextColor="UI_BtnTextHoloDisabled" Text="" TextId="Yes" TooltipColor="">
                            <Event Name="ButtonSignal" Function="OnRosterPromoteMemberYesClick"/>
                        </Control>
                        <Control Class="Button" Base="BK3:btnHolo_Red_Small" Font="CRB_Button" ButtonType="PushButton" RadioGroup="" LAnchorPoint="0.5" LAnchorOffset="-4" TAnchorPoint="1" TAnchorOffset="-58" RAnchorPoint="1" RAnchorOffset="-17" BAnchorPoint="1" BAnchorOffset="-5" DT_VCENTER="1" DT_CENTER="1" Name="PromoteMemberNoBtn" BGColor="white" TextColor="UI_BtnTextHoloNormal" NormalTextColor="UI_BtnTextRedNormal" PressedTextColor="UI_BtnTextRedPressed" FlybyTextColor="UI_BtnTextRedFlyby" PressedFlybyTextColor="UI_BtnTextHoloPressedFlyby" DisabledTextColor="UI_BtnTextHoloDisabled" Text="" TextId="No" TooltipColor="">
                            <Event Name="ButtonSignal" Function="OnRosterPromoteMemberCloseBtn"/>
                        </Control>
                    </Control>
                    <Event Name="ButtonCheck" Function="OnRosterPromoteMemberClick"/>
                </Control>
                <Control Class="Window" LAnchorPoint="0" LAnchorOffset="0" TAnchorPoint="0" TAnchorOffset="0" RAnchorPoint="0" RAnchorOffset="4" BAnchorPoint="1" BAnchorOffset="0" RelativeToClient="1" Font="Default" Text="" Template="Default" Name="Padding" BGColor="white" TextColor="white" TooltipColor=""/>
                <Control Class="Button" Base="CRB_Basekit:kitBtn_Metal_LargeBlue" Font="CRB_Button" ButtonType="PushButton" RadioGroup="" LAnchorPoint="0" LAnchorOffset="226" TAnchorPoint="0" TAnchorOffset="0" RAnchorPoint="0" RAnchorOffset="364" BAnchorPoint="1" BAnchorOffset="0" DT_VCENTER="1" DT_CENTER="1" Name="RosterOptionBtnDemote" BGColor="white" TextColor="white" NormalTextColor="UI_BtnTextBlueNormal" PressedTextColor="UI_BtnTextBluePressed" FlybyTextColor="UI_BtnTextBlueFlyby" PressedFlybyTextColor="UI_BtnTextBluePressedFlyby" DisabledTextColor="UI_BtnTextBlueDisabled" Text="" TextId="Circles_DemoteMember" Visible="0" GlobalRadioGroup="" RelativeToClient="1" TooltipColor="">
                    <Event Name="ButtonSignal" Function="OnRosterDemoteMemberYesClick"/>
                </Control>
                <Control Class="Window" LAnchorPoint="0" LAnchorOffset="0" TAnchorPoint="0" TAnchorOffset="0" RAnchorPoint="0" RAnchorOffset="4" BAnchorPoint="1" BAnchorOffset="0" RelativeToClient="1" Font="Default" Text="" Template="Default" Name="Padding" BGColor="white" TextColor="white" TooltipColor=""/>
                <Control Class="Button" Base="CRB_Basekit:kitBtn_Metal_LargeBlue" Font="CRB_Button" ButtonType="Check" RadioGroup="RosterOptions_MemberOptionsRadioGroup" LAnchorPoint="0" LAnchorOffset="339" TAnchorPoint="0" TAnchorOffset="0" RAnchorPoint="0" RAnchorOffset="484" BAnchorPoint="1" BAnchorOffset="0" DT_VCENTER="1" DT_CENTER="1" Name="RosterOptionBtnRemove" BGColor="white" TextColor="white" NormalTextColor="UI_BtnTextBlueNormal" PressedTextColor="UI_BtnTextBluePressed" FlybyTextColor="UI_BtnTextBlueFlyby" PressedFlybyTextColor="UI_BtnTextBluePressedFlyby" DisabledTextColor="UI_BtnTextBlueDisabled" Text="" TextId="Circles_RemoveMember" Visible="0" GlobalRadioGroup="" LeftEdgeControlsAnchor="GuildRosterOption_Remove_Left" RelativeToClient="1" TooltipColor="">
                    <Event Name="ButtonCheck" Function="OnRosterRemoveMemberClick"/>
                    <Control Class="Window" LAnchorPoint="0.5" LAnchorOffset="-116" TAnchorPoint="1" TAnchorOffset="-157" RAnchorPoint="0.5" RAnchorOffset="109" BAnchorPoint="1" BAnchorOffset="-47" RelativeToClient="1" Font="Default" Text="" Template="Default" Name="RemoveMemberContainer" BGColor="white" TextColor="white" Picture="0" IgnoreMouse="1" Sprite="" Visible="0" HideInEditor="0" NoClip="1" CloseOnExternalClick="1" TooltipColor="">
                        <Control Class="Window" LAnchorPoint="0" LAnchorOffset="-20" TAnchorPoint="0" TAnchorOffset="-20" RAnchorPoint="1" RAnchorOffset="20" BAnchorPoint="1" BAnchorOffset="26" RelativeToClient="1" Font="Default" Text="" Template="Default" Name="RemoveMemberBG" BGColor="white" TextColor="white" Sprite="BK3:sprHolo_Alert_Flyout" Picture="1" IgnoreMouse="1" TooltipColor="" NoClip="1" Tooltip="" HideInEditor="0"/>
                        <Control Class="Window" LAnchorPoint="0" LAnchorOffset="25" TAnchorPoint="0" TAnchorOffset="25" RAnchorPoint="1" RAnchorOffset="1" BAnchorPoint="0" BAnchorOffset="45" RelativeToClient="1" Font="CRB_InterfaceMedium" Text="" Template="Default" Name="RemoveMemberLabel" BGColor="white" TextColor="UI_WindowTitleYellow" TextId="Circles_KickDefault" TooltipColor="" Tooltip=""/>
                        <Control Class="Button" Base="CRB_Basekit:kitBtn_Holo_Close2" Font="Thick" ButtonType="PushButton" RadioGroup="" LAnchorPoint="1" LAnchorOffset="-35" TAnchorPoint="0" TAnchorOffset="25" RAnchorPoint="1" RAnchorOffset="-17" BAnchorPoint="0" BAnchorOffset="43" DT_VCENTER="1" DT_CENTER="1" Name="RemoveMemberCloseBtn" BGColor="white" TextColor="white" NormalTextColor="white" PressedTextColor="white" FlybyTextColor="white" PressedFlybyTextColor="white" DisabledTextColor="white" Text="" TooltipColor="">
                            <Event Name="ButtonSignal" Function="OnRosterRemoveMemberCloseBtn"/>
                        </Control>
                        <Control Class="Button" Base="BK3:btnHolo_Blue_Small" Font="CRB_Button" ButtonType="PushButton" RadioGroup="" LAnchorPoint="0" LAnchorOffset="14" TAnchorPoint="1" TAnchorOffset="-60" RAnchorPoint="0.5" RAnchorOffset="1" BAnchorPoint="1" BAnchorOffset="-7" DT_VCENTER="1" DT_CENTER="1" Name="RemoveMemberYesBtn" BGColor="white" TextColor="white" NormalTextColor="UI_BtnTextBlueNormal" PressedTextColor="UI_BtnTextBluePressed" FlybyTextColor="UI_BtnTextBlueFlyby" PressedFlybyTextColor="UI_BtnTextHoloPressedFlyby" DisabledTextColor="UI_BtnTextHoloDisabled" Text="" TextId="Yes" TooltipColor="">
                            <Event Name="ButtonSignal" Function="OnRosterRemoveMemberYesClick"/>
                        </Control>
                        <Control Class="Button" Base="BK3:btnHolo_Red_Small" Font="CRB_Button" ButtonType="PushButton" RadioGroup="" LAnchorPoint="0.5" LAnchorOffset="-2" TAnchorPoint="1" TAnchorOffset="-59" RAnchorPoint="1" RAnchorOffset="-15" BAnchorPoint="1" BAnchorOffset="-6" DT_VCENTER="1" DT_CENTER="1" Name="RemoveMemberNoBtn" BGColor="white" TextColor="white" NormalTextColor="UI_BtnTextRedNormal" PressedTextColor="UI_BtnTextRedPressed" FlybyTextColor="UI_BtnTextRedFlyby" PressedFlybyTextColor="UI_BtnTextHoloPressedFlyby" DisabledTextColor="UI_BtnTextHoloDisabled" Text="" TextId="No" TooltipColor="">
                            <Event Name="ButtonSignal" Function="OnRosterRemoveMemberCloseBtn"/>
                        </Control>
                    </Control>
                </Control>
                <Control Class="Window" LAnchorPoint="0" LAnchorOffset="0" TAnchorPoint="0" TAnchorOffset="0" RAnchorPoint="0" RAnchorOffset="4" BAnchorPoint="1" BAnchorOffset="0" RelativeToClient="1" Font="Default" Text="" Template="Default" Name="Padding" BGColor="white" TextColor="white" TooltipColor=""/>
                <Control Class="Button" Base="CRB_Basekit:kitBtn_Metal_LargeBlue" Font="CRB_Button" ButtonType="Check" RadioGroup="RosterOptions_MemberOptionsRadioGroup" LAnchorPoint="0" LAnchorOffset="452" TAnchorPoint="0" TAnchorOffset="0" RAnchorPoint="0" RAnchorOffset="561" BAnchorPoint="1" BAnchorOffset="0" DT_VCENTER="1" DT_CENTER="1" Name="RosterOptionBtnViewAlts" BGColor="white" TextColor="white" NormalTextColor="UI_BtnTextBlueNormal" PressedTextColor="UI_BtnTextBluePressed" FlybyTextColor="UI_BtnTextBlueFlyby" PressedFlybyTextColor="UI_BtnTextBluePressedFlyby" DisabledTextColor="UI_BtnTextBlueDisabled" Text="" TextId="Circles_ViewAlts" RelativeToClient="1" GlobalRadioGroup="" TooltipColor="" Visible="0">
                    <Event Name="ButtonCheck" Function="DrawRosterPopout"/>
                </Control>
                <Control Class="Window" LAnchorPoint="0" LAnchorOffset="0" TAnchorPoint="0" TAnchorOffset="0" RAnchorPoint="0" RAnchorOffset="4" BAnchorPoint="1" BAnchorOffset="0" RelativeToClient="1" Font="Default" Text="" Template="Default" Name="Padding" BGColor="white" TextColor="white" TooltipColor=""/>
                <Control Class="Button" Base="CRB_Basekit:kitBtn_Metal_LargeRed" Font="CRB_Button" ButtonType="Check" RadioGroup="RosterOptions_MemberOptionsRadioGroup" LAnchorPoint="0" LAnchorOffset="589" TAnchorPoint="0" TAnchorOffset="1" RAnchorPoint="0" RAnchorOffset="676" BAnchorPoint="1" BAnchorOffset="1" DT_VCENTER="1" DT_CENTER="1" TooltipType="OnCursor" Name="RosterOptionBtnLeave" BGColor="white" TextColor="white" TooltipColor="" NormalTextColor="UI_BtnTextRedNormal" PressedTextColor="UI_BtnTextRedPressed" FlybyTextColor="UI_BtnTextRedFlyby" PressedFlybyTextColor="UI_BtnTextRedPressedFlyby" DisabledTextColor="UI_BtnTextRedDisabled" Text="" TextId="Command_Group_Leave" HideInEditor="0" GlobalRadioGroup="">
                    <Control Class="Window" LAnchorPoint="0.5" LAnchorOffset="-113" TAnchorPoint="1" TAnchorOffset="-158" RAnchorPoint="0.5" RAnchorOffset="112" BAnchorPoint="1" BAnchorOffset="-48" RelativeToClient="1" Font="Default" Text="" Template="Default" Name="LeaveBtnContainer" BGColor="white" TextColor="white" Picture="0" IgnoreMouse="1" Sprite="" Visible="0" HideInEditor="0" NoClip="1" CloseOnExternalClick="1" TooltipColor="">
                        <Control Class="Window" LAnchorPoint="0" LAnchorOffset="-20" TAnchorPoint="0" TAnchorOffset="-20" RAnchorPoint="1" RAnchorOffset="20" BAnchorPoint="1" BAnchorOffset="26" RelativeToClient="1" Font="Default" Text="" Template="Default" Name="LeaveBtnBG" BGColor="white" TextColor="white" Sprite="BK3:sprHolo_Alert_Flyout" Picture="1" IgnoreMouse="1" TooltipColor="" NoClip="1" Tooltip="" HideInEditor="0"/>
                        <Control Class="Window" LAnchorPoint="0" LAnchorOffset="25" TAnchorPoint="0" TAnchorOffset="25" RAnchorPoint="1" RAnchorOffset="1" BAnchorPoint="0" BAnchorOffset="45" RelativeToClient="1" Font="CRB_InterfaceMedium" Text="" Template="Default" Name="LeaveBtnLabel" BGColor="white" TextColor="UI_WindowTitleYellow" TextId="Bank_BuyConfirm" TooltipColor=""/>
                        <Control Class="Button" Base="CRB_Basekit:kitBtn_Holo_Close2" Font="Thick" ButtonType="PushButton" RadioGroup="" LAnchorPoint="1" LAnchorOffset="-35" TAnchorPoint="0" TAnchorOffset="25" RAnchorPoint="1" RAnchorOffset="-17" BAnchorPoint="0" BAnchorOffset="43" DT_VCENTER="1" DT_CENTER="1" Name="LeaveBtnCloseBtn" BGColor="white" TextColor="white" NormalTextColor="white" PressedTextColor="white" FlybyTextColor="white" PressedFlybyTextColor="white" DisabledTextColor="white" Text="" TooltipColor="">
                            <Event Name="ButtonSignal" Function="OnRosterLeaveCloseBtn"/>
                        </Control>
                        <Control Class="Button" Base="BK3:btnHolo_Blue_Small" Font="CRB_Button" ButtonType="PushButton" RadioGroup="" LAnchorPoint="0" LAnchorOffset="14" TAnchorPoint="1" TAnchorOffset="-60" RAnchorPoint="0.5" RAnchorOffset="2" BAnchorPoint="1" BAnchorOffset="-7" DT_VCENTER="1" DT_CENTER="1" Name="LeaveBtnYesBtn" BGColor="white" TextColor="UI_BtnTextHoloNormal" NormalTextColor="UI_BtnTextBlueNormal" PressedTextColor="UI_BtnTextBluePressed" FlybyTextColor="UI_BtnTextBlueFlyby" PressedFlybyTextColor="UI_BtnTextHoloPressedFlyby" DisabledTextColor="UI_BtnTextHoloDisabled" Text="" TextId="Yes" TooltipColor="">
                            <Event Name="ButtonSignal" Function="OnRosterLeaveYesClick"/>
                        </Control>
                        <Control Class="Button" Base="BK3:btnHolo_Red_Small" Font="CRB_Button" ButtonType="PushButton" RadioGroup="" LAnchorPoint="0.5" LAnchorOffset="-3" TAnchorPoint="1" TAnchorOffset="-59" RAnchorPoint="1" RAnchorOffset="-15" BAnchorPoint="1" BAnchorOffset="-6" DT_VCENTER="1" DT_CENTER="1" Name="LeaveBtnNoBtn" BGColor="white" TextColor="UI_BtnTextHoloNormal" NormalTextColor="UI_BtnTextRedNormal" PressedTextColor="UI_BtnTextRedPressed" FlybyTextColor="UI_BtnTextRedFlyby" PressedFlybyTextColor="UI_BtnTextHoloPressedFlyby" DisabledTextColor="UI_BtnTextHoloDisabled" Text="" TextId="No" TooltipColor="">
                            <Event Name="ButtonSignal" Function="OnRosterLeaveCloseBtn"/>
                        </Control>
                        <Event Name="WindowClosed" Function="OnRosterLeaveCloseBtn"/>
                    </Control>
                </Control>
            </Control>
            <Control Class="Button" Base="CRB_Basekit:kitBtn_Metal_Options" Font="Thick" ButtonType="PushButton" RadioGroup="" LAnchorPoint="0" LAnchorOffset="749" TAnchorPoint="0" TAnchorOffset="-27" RAnchorPoint="0" RAnchorOffset="781" BAnchorPoint="0" BAnchorOffset="5" DT_VCENTER="1" DT_CENTER="1" TooltipType="OnCursor" Name="RanksButton" BGColor="white" TextColor="white" TooltipColor="" NormalTextColor="white" PressedTextColor="white" FlybyTextColor="white" PressedFlybyTextColor="white" DisabledTextColor="white" NoClip="1" NewControlDepth="10">
                <Event Name="ButtonSignal" Function="OnRanksButtonSignal"/>
            </Control>
        </Control>
        <Event Name="WindowClosed" Function="OnClose"/>
        <Control Class="Window" LAnchorPoint="0" LAnchorOffset="23" TAnchorPoint="0" TAnchorOffset="69" RAnchorPoint="1" RAnchorOffset="-26" BAnchorPoint="1" BAnchorOffset="-89" RelativeToClient="1" Font="Default" Text="" Template="Default" TooltipType="OnCursor" Name="AlertMessage" BGColor="black" TextColor="white" TooltipColor="" IgnoreMouse="1" Visible="0" TransitionShowHide="1" HideInEditor="1" NewControlDepth="10" Sprite="WhiteFill" Picture="1">
            <Control Class="Window" LAnchorPoint="0.5" LAnchorOffset="-161" TAnchorPoint="0.5" TAnchorOffset="-50" RAnchorPoint="0.5" RAnchorOffset="161" BAnchorPoint="0.5" BAnchorOffset="50" RelativeToClient="1" Font="Default" Text="" Template="Default" TooltipType="OnCursor" Name="AlertBG_MessageBase" BGColor="white" TextColor="white" TooltipColor="" Picture="1" IgnoreMouse="1" Sprite="CRB_Basekit:kitBase_HoloBlue_Tiny" NewControlDepth="2">
                <Control Class="Window" LAnchorPoint="0" LAnchorOffset="20" TAnchorPoint="0" TAnchorOffset="16" RAnchorPoint="1" RAnchorOffset="-20" BAnchorPoint="0" BAnchorOffset="44" RelativeToClient="1" Font="CRB_HeaderLarge" Text="" Template="Default" TooltipType="OnCursor" Name="MessageAlertText" BGColor="white" TextColor="ConTough" TooltipColor="" NewControlDepth="6" TextId="CRB__2" DT_VCENTER="0" DT_CENTER="1"/>
                <Control Class="Window" LAnchorPoint="0" LAnchorOffset="20" TAnchorPoint="0" TAnchorOffset="44" RAnchorPoint="1" RAnchorOffset="-20" BAnchorPoint="1" BAnchorOffset="-16" RelativeToClient="1" Font="CRB_InterfaceMedium" Text="" Template="Default" TooltipType="OnCursor" Name="MessageBodyText" BGColor="white" TextColor="UI_TextHoloBody" TooltipColor="" NewControlDepth="6" TextId="CRB__2" DT_VCENTER="1" DT_CENTER="1" DT_WORDBREAK="1"/>
                <Pixie LAnchorPoint="0" LAnchorOffset="-4" TAnchorPoint="0" TAnchorOffset="-4" RAnchorPoint="1" RAnchorOffset="4" BAnchorPoint="1" BAnchorOffset="4" BGColor="white" Font="Default" TextColor="white" Text="" Sprite="CRB_Basekit:kitAccent_Frame_OrangeStroke" Line="0"/>
            </Control>
        </Control>
        <Control Class="Window" LAnchorPoint="0" LAnchorOffset="0" TAnchorPoint="0" TAnchorOffset="0" RAnchorPoint="1" RAnchorOffset="0" BAnchorPoint="1" BAnchorOffset="0" RelativeToClient="1" Font="Default" Text="" Template="Metal_Primary_NoNav" Name="BGFrame" BGColor="white" TextColor="white" Sprite="" Picture="0" IgnoreMouse="1" NewControlDepth="2" TooltipColor="" HideInEditor="0" Border="1" UseTemplateBG="1" Tooltip="">
            <Control Class="Window" LAnchorPoint=".5" LAnchorOffset="-250" TAnchorPoint="0" TAnchorOffset="24" RAnchorPoint=".5" RAnchorOffset="250" BAnchorPoint="0" BAnchorOffset="60" RelativeToClient="1" Font="CRB_HeaderMedium" Text="" Template="Default" Name="HeaderTitleText" BGColor="white" TextColor="UI_WindowTitleYellow" TextId="" TooltipColor="" DT_CENTER="1" Picture="1" IgnoreMouse="1" Sprite="BK3:sprMetal_Framing_Header" DT_VCENTER="1"/>
            <Control Class="Button" Base="CRB_Basekit:kitBtn_Holo" Font="CRB_InterfaceMedium_B" ButtonType="PushButton" RadioGroup="" LAnchorPoint="1" LAnchorOffset="-196" TAnchorPoint="0" TAnchorOffset="18" RAnchorPoint="1" RAnchorOffset="-22" BAnchorPoint="0" BAnchorOffset="47" DT_VCENTER="1" DT_CENTER="1" Name="SocialPanelBtn" BGColor="white" TextColor="white" NormalTextColor="UI_BtnTextHoloNormal" PressedTextColor="UI_BtnTextHoloPressed" FlybyTextColor="UI_BtnTextHoloFlyby" PressedFlybyTextColor="UI_BtnTextHoloPressedFlyby" DisabledTextColor="UI_BtnTextHoloDisabled" Text="" TextId="CRB_ToSocial" Visible="0" RelativeToClient="1" TooltipColor="" Tooltip="" HideInEditor="1">
                <Event Name="ButtonSignal" Function="OnSocialPanelBtn"/>
            </Control>
            <Control Class="Button" Base="CRB_Basekit:kitBtn_Close" Font="Thick" ButtonType="PushButton" RadioGroup="" LAnchorPoint="1" LAnchorOffset="-51" TAnchorPoint="0" TAnchorOffset="24" RAnchorPoint="1" RAnchorOffset="-24" BAnchorPoint="0" BAnchorOffset="53" DT_VCENTER="1" DT_CENTER="1" Name="CloseBtn" BGColor="white" TextColor="white" NormalTextColor="white" PressedTextColor="white" FlybyTextColor="white" PressedFlybyTextColor="white" DisabledTextColor="white" Text="" TooltipColor="">
                <Event Name="ButtonSignal" Function="OnClose"/>
            </Control>
        </Control>
        <Control Class="Window" LAnchorPoint="0" LAnchorOffset="27" TAnchorPoint="0" TAnchorOffset="408" RAnchorPoint="0" RAnchorOffset="783" BAnchorPoint="0" BAnchorOffset="478" RelativeToClient="1" Font="Default" Text="" BGColor="UI_WindowBGDefault" TextColor="UI_WindowTextDefault" Template="Default" TooltipType="OnCursor" Name="FooterBG" TooltipColor="" Sprite="BK3:UI_BK3_Metal_Footer_Large" Picture="1" IgnoreMouse="1" NewControlDepth="2"/>
        <Control Class="Window" LAnchorPoint="0.5" LAnchorOffset="-55" TAnchorPoint="0" TAnchorOffset="37" RAnchorPoint="0.5" RAnchorOffset="256" BAnchorPoint="1" BAnchorOffset="-37" RelativeToClient="1" Font="Default" Text="" Template="Holo_Small" Name="CircleRegistrationWnd" Border="1" Picture="0" SwallowMouseClicks="1" Moveable="0" Escapable="0" Overlapped="1" BGColor="white" TextColor="white" TextId="" TooltipColor="" Tooltip="" NewControlDepth="16" HideInEditor="1" Visible="0" IgnoreMouse="1" Sprite="" UseTemplateBG="1">
            <Control Class="Window" LAnchorPoint="0" LAnchorOffset="0" TAnchorPoint="0" TAnchorOffset="0" RAnchorPoint="1" RAnchorOffset="0" BAnchorPoint="1" BAnchorOffset="0" RelativeToClient="1" Font="Default" Text="" Template="Default" TooltipType="OnCursor" Name="BGArt" BGColor="white" TextColor="white" TooltipColor="">
                <Pixie LAnchorPoint="0" LAnchorOffset="12" TAnchorPoint="0" TAnchorOffset="42" RAnchorPoint="1" RAnchorOffset="-12" BAnchorPoint="0" BAnchorOffset="117" BGColor="white" Font="Default" TextColor="white" Text="" Sprite="CRB_Basekit:kitBase_HoloBlue_SmallGreenCorners" Line="0"/>
                <Pixie LAnchorPoint="0" LAnchorOffset="12" TAnchorPoint="0" TAnchorOffset="117" RAnchorPoint="1" RAnchorOffset="-12" BAnchorPoint="1" BAnchorOffset="-50" BGColor="white" Font="Default" TextColor="white" Text="" Sprite="CRB_Basekit:kitBase_HoloBlue_SmallGreenCorners" Line="0"/>
                <Pixie LAnchorPoint="0" LAnchorOffset="0" TAnchorPoint="0" TAnchorOffset="5" RAnchorPoint="1" RAnchorOffset="0" BAnchorPoint="0" BAnchorOffset="34" BGColor="white" Font="CRB_HeaderMedium" TextColor="UI_TextHoloTitle" Text="" TextId="Circles_Register" DT_CENTER="1" DT_BOTTOM="1" Line="0"/>
            </Control>
            <Control Class="Button" Base="CRB_Basekit:kitBtn_Holo" Font="CRB_InterfaceMedium_B" ButtonType="PushButton" RadioGroup="" LAnchorPoint="0.5" LAnchorOffset="-142" TAnchorPoint="1" TAnchorOffset="-45" RAnchorPoint="0.5" RAnchorOffset="-4" BAnchorPoint="1" BAnchorOffset="-13" DT_VCENTER="1" DT_CENTER="1" Name="RegisterBtn" BGColor="white" TextColor="UI_BtnTextHoloNormal" NewControlDepth="2" WindowSoundTemplate="TogglePhys02" TextId="OK" Text="" TooltipColor="" NormalTextColor="UI_BtnTextHoloNormal" PressedTextColor="UI_BtnTextHoloPressed" FlybyTextColor="UI_BtnTextHoloFlyby" PressedFlybyTextColor="UI_BtnTextHoloPressedFlyby" DisabledTextColor="UI_BtnTextHoloDisabled">
                <Event Name="ButtonSignal" Function="OnCircleRegBtn"/>
            </Control>
            <Control Class="Button" Base="CRB_Basekit:kitBtn_Holo" Font="CRB_InterfaceMedium_B" ButtonType="PushButton" RadioGroup="" LAnchorPoint="0.5" LAnchorOffset="4" TAnchorPoint="1" TAnchorOffset="-45" RAnchorPoint="0.5" RAnchorOffset="142" BAnchorPoint="1" BAnchorOffset="-13" DT_VCENTER="1" DT_CENTER="1" Name="RegisterCancelButton" BGColor="white" TextColor="UI_BtnTextHoloNormal" NewControlDepth="2" WindowSoundTemplate="TogglePhys03" TextId="CRB_Cancel" Text="" TooltipColor="" NormalTextColor="UI_BtnTextHoloNormal" PressedTextColor="UI_BtnTextHoloPressed" FlybyTextColor="UI_BtnTextHoloFlyby" PressedFlybyTextColor="UI_BtnTextHoloPressedFlyby" DisabledTextColor="UI_BtnTextHoloDisabled">
                <Event Name="ButtonSignal" Function="OnCancelRegistration"/>
            </Control>
            <Control Class="Button" Base="kitBtn_Holo_Close" Font="CRB_InterfaceMedium" ButtonType="PushButton" RadioGroup="" LAnchorPoint="1" LAnchorOffset="-29" TAnchorPoint="0" TAnchorOffset="8" RAnchorPoint="1" RAnchorOffset="-8" BAnchorPoint="0" BAnchorOffset="29" DT_VCENTER="1" DT_CENTER="1" Name="RegisterCloseButton" BGColor="UI_AlphaPercent60" TextColor="UI_BtnTextHoloNormal" NewControlDepth="2" WindowSoundTemplate="TogglePhys03" TextId="" Text="" TooltipColor="" NormalTextColor="UI_BtnTextHoloNormal" PressedTextColor="UI_BtnTextHoloPressed" FlybyTextColor="UI_BtnTextHoloFlyby" PressedFlybyTextColor="UI_BtnTextHoloPressedFlyby" DisabledTextColor="UI_BtnTextHoloDisabled">
                <Event Name="ButtonSignal" Function="OnCancelRegistration"/>
            </Control>
            <Control Class="Window" LAnchorPoint="0" LAnchorOffset="20" TAnchorPoint="0" TAnchorOffset="45" RAnchorPoint="1" RAnchorOffset="-20" BAnchorPoint="1" BAnchorOffset="-57" RelativeToClient="1" Font="Default" Text="" Template="Default" TooltipType="OnCursor" Name="RegistrationContent" BGColor="white" TextColor="white" TooltipColor="" Tooltip="">
                <Control Class="Button" Base="CRB_QuestTrackerSprites:btnQT_QuestFailed" Font="CRB_InterfaceSmall" ButtonType="PushButton" RadioGroup="" LAnchorPoint="1" LAnchorOffset="-40" TAnchorPoint="0" TAnchorOffset="129" RAnchorPoint="1" RAnchorOffset="-12" BAnchorPoint="0" BAnchorOffset="157" DT_VCENTER="1" DT_CENTER="1" TooltipType="OnCursor" Name="LabelRevertBtn_1" BGColor="white" TextColor="white" TooltipColor="" NormalTextColor="UI_BtnTextHoloNormal" PressedTextColor="UI_BtnTextHoloPressed" FlybyTextColor="UI_BtnTextHoloFlyby" PressedFlybyTextColor="UI_BtnTextHoloPressedFlyby" DisabledTextColor="UI_BtnTextHoloDisabled" Text="" TextId="">
                    <Event Name="ButtonSignal" Function="UseDefaultTitleBtn"/>
                </Control>
                <Control Class="Button" Base="CRB_QuestTrackerSprites:btnQT_QuestFailed" Font="CRB_InterfaceSmall" ButtonType="PushButton" RadioGroup="" LAnchorPoint="1" LAnchorOffset="-40" TAnchorPoint="0" TAnchorOffset="196" RAnchorPoint="1" RAnchorOffset="-12" BAnchorPoint="0" BAnchorOffset="224" DT_VCENTER="1" DT_CENTER="1" TooltipType="OnCursor" Name="LabelRevertBtn_2" BGColor="white" TextColor="white" TooltipColor="" NormalTextColor="UI_BtnTextHoloNormal" PressedTextColor="UI_BtnTextHoloPressed" FlybyTextColor="UI_BtnTextHoloFlyby" PressedFlybyTextColor="UI_BtnTextHoloPressedFlyby" DisabledTextColor="UI_BtnTextHoloDisabled" Text="" TextId="">
                    <Event Name="ButtonSignal" Function="UseDefaultTitleBtn"/>
                </Control>
                <Control Class="Button" Base="CRB_QuestTrackerSprites:btnQT_QuestFailed" Font="CRB_InterfaceSmall" ButtonType="PushButton" RadioGroup="" LAnchorPoint="1" LAnchorOffset="-40" TAnchorPoint="0" TAnchorOffset="263" RAnchorPoint="1" RAnchorOffset="-12" BAnchorPoint="0" BAnchorOffset="291" DT_VCENTER="1" DT_CENTER="1" TooltipType="OnCursor" Name="LabelRevertBtn_3" BGColor="white" TextColor="white" TooltipColor="" NormalTextColor="UI_BtnTextHoloNormal" PressedTextColor="UI_BtnTextHoloPressed" FlybyTextColor="UI_BtnTextHoloFlyby" PressedFlybyTextColor="UI_BtnTextHoloPressedFlyby" DisabledTextColor="UI_BtnTextHoloDisabled" Text="" TextId="">
                    <Event Name="ButtonSignal" Function="UseDefaultTitleBtn"/>
                </Control>
                <Control Class="EditBox" LAnchorPoint="0" LAnchorOffset="20" TAnchorPoint="0" TAnchorOffset="32" RAnchorPoint="1" RAnchorOffset="-24" BAnchorPoint="0" BAnchorOffset="56" RelativeToClient="1" Font="CRB_InterfaceLarge_B" Text="" Template="Default" TooltipType="OnCursor" Name="GuildNameString" BGColor="white" TextColor="white" TooltipColor="" TextId="" DT_VCENTER="1">
                    <Event Name="EditBoxChanging" Function="OnCircleRegNameChanging"/>
                    <Event Name="EditBoxChanged" Function="OnCircleRegNameChanging"/>
                </Control>
                <Control Class="EditBox" LAnchorPoint="0" LAnchorOffset="20" TAnchorPoint="0" TAnchorOffset="131" RAnchorPoint="1" RAnchorOffset="-51" BAnchorPoint="0" BAnchorOffset="153" RelativeToClient="1" Font="CRB_InterfaceMedium_B" Text="" Template="Default" TooltipType="OnCursor" Name="OptionString_1" BGColor="white" TextColor="white" TooltipColor="" TextId="" DT_VCENTER="1">
                    <Event Name="EditBoxChanging" Function="OnCircleRegOptionChanging"/>
                    <Event Name="EditBoxChanged" Function="OnCircleRegOptionChanging"/>
                </Control>
                <Control Class="EditBox" LAnchorPoint="0" LAnchorOffset="20" TAnchorPoint="0" TAnchorOffset="198" RAnchorPoint="1" RAnchorOffset="-51" BAnchorPoint="0" BAnchorOffset="220" RelativeToClient="1" Font="CRB_InterfaceMedium_B" Text="" Template="Default" TooltipType="OnCursor" Name="OptionString_2" BGColor="white" TextColor="white" TooltipColor="" TextId="" DT_VCENTER="1">
                    <Event Name="EditBoxChanging" Function="OnCircleRegOptionChanging"/>
                    <Event Name="EditBoxChanged" Function="OnCircleRegOptionChanging"/>
                </Control>
                <Control Class="EditBox" LAnchorPoint="0" LAnchorOffset="20" TAnchorPoint="0" TAnchorOffset="265" RAnchorPoint="1" RAnchorOffset="-51" BAnchorPoint="0" BAnchorOffset="287" RelativeToClient="1" Font="CRB_InterfaceMedium_B" Text="" Template="Default" TooltipType="OnCursor" Name="OptionString_3" BGColor="white" TextColor="white" TooltipColor="" TextId="" DT_VCENTER="1">
                    <Event Name="EditBoxChanging" Function="OnCircleRegOptionChanging"/>
                    <Event Name="EditBoxChanged" Function="OnCircleRegOptionChanging"/>
                </Control>
                <Pixie LAnchorPoint="0" LAnchorOffset="0" TAnchorPoint="0" TAnchorOffset="5" RAnchorPoint="1" RAnchorOffset="0" BAnchorPoint="0" BAnchorOffset="25" BGColor="white" Font="CRB_HeaderSmall" TextColor="UI_TextHoloBody" Text="" TextId="Circles_NameHeader" DT_CENTER="1" DT_BOTTOM="1" Line="0"/>
                <Pixie LAnchorPoint="0" LAnchorOffset="12" TAnchorPoint="0" TAnchorOffset="27" RAnchorPoint="1" RAnchorOffset="-16" BAnchorPoint="0" BAnchorOffset="61" BGColor="white" Font="Default" TextColor="white" Text="" Sprite="CRB_Basekit:kitInnerFrame_Holo_InputBox" Line="0"/>
                <Pixie LAnchorPoint="0" LAnchorOffset="0" TAnchorPoint="0" TAnchorOffset="82" RAnchorPoint="1" RAnchorOffset="0" BAnchorPoint="0" BAnchorOffset="102" BGColor="white" Font="CRB_HeaderSmall" TextColor="UI_TextHoloBody" Text="" TextId="CRB_Customize" DT_CENTER="1" DT_BOTTOM="1" Line="0"/>
                <Pixie LAnchorPoint="0" LAnchorOffset="15" TAnchorPoint="0" TAnchorOffset="106" RAnchorPoint="1" RAnchorOffset="0" BAnchorPoint="0" BAnchorOffset="126" BGColor="white" Font="CRB_InterfaceMedium" TextColor="UI_TextHoloBody" Text="" TextId="Circles_LeaderTitle" DT_CENTER="0" DT_BOTTOM="1" Line="0"/>
                <Pixie LAnchorPoint="0" LAnchorOffset="12" TAnchorPoint="0" TAnchorOffset="125" RAnchorPoint="1" RAnchorOffset="-43" BAnchorPoint="0" BAnchorOffset="159" BGColor="white" Font="Default" TextColor="white" Text="" Sprite="CRB_Basekit:kitInnerFrame_Holo_InputBox" Line="0"/>
                <Pixie LAnchorPoint="0" LAnchorOffset="15" TAnchorPoint="0" TAnchorOffset="172" RAnchorPoint="1" RAnchorOffset="0" BAnchorPoint="0" BAnchorOffset="192" BGColor="white" Font="CRB_InterfaceMedium" TextColor="UI_TextHoloBody" Text="" TextId="Circles_CouncilTitle" DT_CENTER="0" DT_BOTTOM="1" Line="0"/>
                <Pixie LAnchorPoint="0" LAnchorOffset="12" TAnchorPoint="0" TAnchorOffset="192" RAnchorPoint="1" RAnchorOffset="-43" BAnchorPoint="0" BAnchorOffset="226" BGColor="white" Font="Default" TextColor="white" Text="" Sprite="CRB_Basekit:kitInnerFrame_Holo_InputBox" Line="0"/>
                <Pixie LAnchorPoint="0" LAnchorOffset="15" TAnchorPoint="0" TAnchorOffset="239" RAnchorPoint="1" RAnchorOffset="0" BAnchorPoint="0" BAnchorOffset="259" BGColor="white" Font="CRB_InterfaceMedium" TextColor="UI_TextHoloBody" Text="" TextId="Circles_MemberTitle" DT_CENTER="0" DT_BOTTOM="1" Line="0"/>
                <Pixie LAnchorPoint="0" LAnchorOffset="12" TAnchorPoint="0" TAnchorOffset="259" RAnchorPoint="1" RAnchorOffset="-43" BAnchorPoint="0" BAnchorOffset="293" BGColor="white" Font="Default" TextColor="white" Text="" Sprite="CRB_Basekit:kitInnerFrame_Holo_InputBox" Line="0"/>
            </Control>
            <Event Name="MouseButtonDown" Function="HelperClearFocus"/>
        </Control>
    </Form>
    <Form Class="Window" LAnchorPoint="0" LAnchorOffset="0" TAnchorPoint="0" TAnchorOffset="0" RAnchorPoint="1" RAnchorOffset="0" BAnchorPoint="0" BAnchorOffset="50" RelativeToClient="1" Font="Default" Text="" Template="Default" TooltipType="OnCursor" Name="RankEntry" Border="0" Picture="0" SwallowMouseClicks="1" Moveable="0" Escapable="0" Overlapped="0" BGColor="white" TextColor="white" TooltipColor="">
        <Control Class="Button" Base="Collections_TEMP:sprCollections_TEMP_PlayStop" Font="CRB_InterfaceSmall" ButtonType="PushButton" RadioGroup="" LAnchorPoint="1" LAnchorOffset="-33" TAnchorPoint=".5" TAnchorOffset="-14" RAnchorPoint="1" RAnchorOffset="-5" BAnchorPoint=".5" BAnchorOffset="14" DT_VCENTER="1" DT_CENTER="1" TooltipType="OnCursor" Name="ModifyRankBtn" BGColor="white" TextColor="white" TooltipColor="" NormalTextColor="UI_BtnTextHoloNormal" PressedTextColor="UI_BtnTextHoloPressed" FlybyTextColor="UI_BtnTextHoloFlyby" PressedFlybyTextColor="UI_BtnTextHoloPressedFlyby" DisabledTextColor="UI_BtnTextHoloDisabled" Text="" TextId="">
            <Event Name="ButtonSignal" Function="OnRemoveRankBtnSignal"/>
        </Control>
        <Control Class="Window" LAnchorPoint="0" LAnchorOffset="23" TAnchorPoint=".5" TAnchorOffset="-9" RAnchorPoint="1" RAnchorOffset="-40" BAnchorPoint=".5" BAnchorOffset="13" RelativeToClient="1" Font="CRB_InterfaceMedium_B" Text="" Template="Default" TooltipType="OnCursor" Name="OptionString" BGColor="white" TextColor="UI_TextHoloBody" TooltipColor=""/>
        <Pixie LAnchorPoint="0" LAnchorOffset="12" TAnchorPoint=".5" TAnchorOffset="-17" RAnchorPoint="1" RAnchorOffset="-35" BAnchorPoint=".5" BAnchorOffset="17" BGColor="white" Font="Default" TextColor="white" Text="" Sprite="BK3:UI_BK3_Holo_Snippet" Line="0"/>
        <Control Class="Window" LAnchorPoint="0" LAnchorOffset="20" TAnchorPoint="0" TAnchorOffset="10" RAnchorPoint="1" RAnchorOffset="-47" BAnchorPoint="1" BAnchorOffset="-11" RelativeToClient="1" Font="CRB_InterfaceMedium_B" Text="" Template="Default" TooltipType="OnCursor" Name="Rank Title" BGColor="white" TextColor="UI_TextHoloTitle" TooltipColor="" HideInEditor="1"/>
    </Form>
    <Form Class="Window" LAnchorPoint="0" LAnchorOffset="0" TAnchorPoint="0" TAnchorOffset="0" RAnchorPoint="1" RAnchorOffset="0" BAnchorPoint="0" BAnchorOffset="73" RelativeToClient="1" Font="Default" Text="" Template="Default" TooltipType="OnCursor" Name="AddRankEntry" Border="0" Picture="0" SwallowMouseClicks="1" Moveable="0" Escapable="0" Overlapped="0" BGColor="white" TextColor="white" TooltipColor="">
        <Control Class="Button" Base="BK3:btnHolo_Blue_Med" Font="CRB_Button" ButtonType="PushButton" RadioGroup="" LAnchorPoint=".5" LAnchorOffset="-138" TAnchorPoint="0" TAnchorOffset="0" RAnchorPoint=".5" RAnchorOffset="138" BAnchorPoint="1" BAnchorOffset="0" DT_VCENTER="1" DT_CENTER="1" TooltipType="OnCursor" Name="AddRankBtn" BGColor="white" TextColor="white" TooltipColor="" NormalTextColor="UI_BtnTextBlueNormal" PressedTextColor="UI_BtnTextBluePressed" FlybyTextColor="UI_BtnTextBlueFlyby" PressedFlybyTextColor="UI_BtnTextBluePressedFlyby" DisabledTextColor="UI_BtnTextBlueDisabled" Text="" TextId="Circles_AddRank">
            <Event Name="ButtonSignal" Function="OnAddRankBtnSignal"/>
        </Control>
    </Form>
    <Form Class="Window" LAnchorPoint="0.5" LAnchorOffset="-154" TAnchorPoint="0.5" TAnchorOffset="-154" RAnchorPoint="0.5" RAnchorOffset="154" BAnchorPoint="0.5" BAnchorOffset="0" RelativeToClient="1" Font="Default" Text="" Template="Default" Name="CircleInviteConfirmation" Border="0" Picture="1" SwallowMouseClicks="1" Moveable="1" Escapable="1" Overlapped="1" BGColor="white" TextColor="white" IgnoreMouse="1" Sprite="CRB_Basekit:kitBase_Hybrid_Message" TransitionShowHide="1" UseTransitionSprite="0" Visible="1" TooltipColor="" Tooltip="">
        <Control Class="Window" LAnchorPoint="0.5" LAnchorOffset="-114" TAnchorPoint="0" TAnchorOffset="20" RAnchorPoint="0.5" RAnchorOffset="114" BAnchorPoint="0" BAnchorOffset="70" RelativeToClient="1" Font="CRB_InterfaceMedium_B" Text="" Template="Default" Name="CircleInviteLabel" BGColor="white" TextColor="UI_TextHoloBodyHighlight" TextId="CRB__2" DT_WORDBREAK="1" DT_CENTER="1" DT_VCENTER="1" TooltipColor="" Tooltip=""/>
        <Control Class="Button" Base="CRB_Basekit:kitBtn_Close" Font="Thick" ButtonType="PushButton" RadioGroup="" LAnchorPoint="1" LAnchorOffset="-36" TAnchorPoint="0" TAnchorOffset="9" RAnchorPoint="1" RAnchorOffset="-9" BAnchorPoint="0" BAnchorOffset="38" DT_VCENTER="1" DT_CENTER="1" Name="CircleInviteCloseBtn" BGColor="white" TextColor="white" NormalTextColor="white" PressedTextColor="white" FlybyTextColor="white" PressedFlybyTextColor="white" DisabledTextColor="white" TooltipColor="">
            <Event Name="ButtonSignal" Function="OnCircleInviteDecline"/>
        </Control>
        <Control Class="Button" Base="CRB_Basekit:kitBtn_Holo" Font="CRB_InterfaceMedium_B" ButtonType="PushButton" RadioGroup="" LAnchorPoint="0" LAnchorOffset="50" TAnchorPoint="1" TAnchorOffset="-77" RAnchorPoint="0.5" RAnchorOffset="-4" BAnchorPoint="1" BAnchorOffset="-32" DT_VCENTER="1" DT_CENTER="1" Name="GuildInviteYesBtn" BGColor="white" TextColor="white" NormalTextColor="white" PressedTextColor="white" FlybyTextColor="white" PressedFlybyTextColor="white" DisabledTextColor="white" Text="" TextId="CRB_Accept" TooltipColor="">
            <Event Name="ButtonSignal" Function="OnCircleInviteAccept"/>
        </Control>
        <Control Class="Button" Base="CRB_Basekit:kitBtn_Holo" Font="CRB_InterfaceMedium_B" ButtonType="PushButton" RadioGroup="" LAnchorPoint="0.5" LAnchorOffset="4" TAnchorPoint="1" TAnchorOffset="-77" RAnchorPoint="0" RAnchorOffset="258" BAnchorPoint="1" BAnchorOffset="-32" DT_VCENTER="1" DT_CENTER="1" Name="GuildInviteNoBtn" BGColor="white" TextColor="white" NormalTextColor="white" PressedTextColor="white" FlybyTextColor="white" PressedFlybyTextColor="white" DisabledTextColor="white" Text="" TextId="CRB_Decline" TooltipColor="">
            <Event Name="ButtonSignal" Function="OnCircleInviteDecline"/>
        </Control>
        <Event Name="WindowClosed" Function="OnGuildInviteDecline"/>
    </Form>
    <Form Class="Window" LAnchorPoint="0" LAnchorOffset="0" TAnchorPoint="0" TAnchorOffset="0" RAnchorPoint="1" RAnchorOffset="0" BAnchorPoint="0" BAnchorOffset="30" RelativeToClient="1" Font="Default" Text="" Template="Default" TooltipType="OnCursor" Name="PermissionEntry" Border="0" Picture="0" SwallowMouseClicks="1" Moveable="0" Escapable="0" Overlapped="0" BGColor="white" TextColor="white" TooltipColor="" Tooltip="">
        <Control Class="Button" Base="BK3:btnHolo_ListView_Simple" Font="CRB_InterfaceMedium" ButtonType="Check" RadioGroup="" LAnchorPoint="0" LAnchorOffset="0" TAnchorPoint="0" TAnchorOffset="0" RAnchorPoint="1" RAnchorOffset="0" BAnchorPoint="1" BAnchorOffset="0" DT_VCENTER="1" DT_CENTER="0" Name="PermissionBtn" BGColor="white" TextColor="UI_BtnTextHoloNormal" NormalTextColor="UI_BtnTextHoloNormal" PressedTextColor="UI_BtnTextHoloPressed" FlybyTextColor="UI_BtnTextHoloFlyby" PressedFlybyTextColor="UI_BtnTextHoloPressedFlyby" DisabledTextColor="UI_BtnTextHoloDisabled" Template="CRB_Normal" NewControlDepth="3" Text="" TextId="Circles_PermissionBtnText" DT_WORDBREAK="1" RadioDisallowNonSelection="0" DrawAsCheckbox="0" TooltipColor="" NoClip="0">
            <Event Name="ButtonCheck" Function="OnRankSettingsPermissionBtn"/>
            <Event Name="ButtonUncheck" Function="OnRankSettingsPermissionBtn"/>
        </Control>
    </Form>
</Forms>
