<Forms>
    <Form Class="Window" LAnchorPoint=".25" LAnchorOffset="-319" TAnchorPoint=".5" TAnchorOffset="-288" RAnchorPoint=".25" RAnchorOffset="106" BAnchorPoint=".5" BAnchorOffset="286" RelativeToClient="1" Font="Default" Text="" Template="Default" Name="HousingListWindow" Border="0" Picture="0" SwallowMouseClicks="1" Moveable="1" Escapable="1" Overlapped="1" BGColor="ffffffff" TextColor="ffffffff" TextId="" Visible="0" TooltipColor="" Tooltip="">
        <Control Class="Window" LAnchorPoint="0" LAnchorOffset="0" TAnchorPoint="0" TAnchorOffset="0" RAnchorPoint="1" RAnchorOffset="0" BAnchorPoint="1" BAnchorOffset="0" RelativeToClient="1" Font="Default" Text="" Template="Default" Name="BGArt" BGColor="ffffffff" TextColor="ffffffff" TextId="" TooltipColor="">
            <Control Class="Window" LAnchorPoint="0" LAnchorOffset="0" TAnchorPoint="0" TAnchorOffset="0" RAnchorPoint="1" RAnchorOffset="0" BAnchorPoint="1" BAnchorOffset="0" RelativeToClient="1" Font="Default" Text="" Template="Default" Name="BG_BodyFrame" BGColor="ffffffff" TextColor="ffffffff" Border="0" UseTemplateBG="0" IgnoreMouse="1" Picture="1" Sprite="BK3:UI_BK3_Holo_Framing_2" TooltipColor=""/>
            <Event Name="MouseButtonDown" Function="OnClick"/>
            <Event Name="MouseButtonUp" Function="OnClick"/>
            <Control Class="Window" LAnchorPoint="0" LAnchorOffset="16" TAnchorPoint="0" TAnchorOffset="32" RAnchorPoint="1" RAnchorOffset="-15" BAnchorPoint="0" BAnchorOffset="74" RelativeToClient="1" Font="CRB_HeaderLarge" Text="" Template="CRB_NormalFramedThick" Name="BG_ArtHeader" BGColor="ffffffff" TextColor="UI_WindowTitleYellow" Border="0" UseTemplateBG="0" IgnoreMouse="1" Picture="1" Sprite="" TooltipColor="" TextId="HousingList_Header" DT_VCENTER="1" DT_CENTER="1" Tooltip=""/>
            <Control Class="Window" LAnchorPoint="0" LAnchorOffset="40" TAnchorPoint="1" TAnchorOffset="-109" RAnchorPoint="1" RAnchorOffset="-41" BAnchorPoint="1" BAnchorOffset="-42" RelativeToClient="1" Font="Default" Text="" Template="Default" Name="BG_Footer" BGColor="ffffffff" TextColor="ffffffff" Picture="1" Sprite="BK3:UI_BK3_Holo_InsetFramed" TooltipColor="" NewControlDepth="2"/>
        </Control>
        <Control Class="Button" Base="BK3:btnHolo_Close" Font="Thick" ButtonType="PushButton" RadioGroup="" LAnchorPoint="1" LAnchorOffset="-78" TAnchorPoint="0" TAnchorOffset="32" RAnchorPoint="1" RAnchorOffset="-35" BAnchorPoint="0" BAnchorOffset="77" DT_VCENTER="1" DT_CENTER="1" Name="CloseBtn" BGColor="ffffffff" TextColor="ffffffff" NewControlDepth="2" WindowSoundTemplate="CloseWindowPhys" Text="" TextId="" NormalTextColor="ffffffff" PressedTextColor="ffffffff" FlybyTextColor="ffffffff" PressedFlybyTextColor="ffffffff" DisabledTextColor="ffffffff" TooltipColor="">
            <Event Name="ButtonSignal" Function="OnCloseHousingListWindow"/>
        </Control>
        <Event Name="WindowClosed" Function="OnWindowClosed"/>
        <Control Class="Button" Base="BK3:btnHolo_Blue_Med" Font="CRB_Button" ButtonType="PushButton" RadioGroup="" LAnchorPoint="1" LAnchorOffset="-254" TAnchorPoint="1" TAnchorOffset="-111" RAnchorPoint="1" RAnchorOffset="-133" BAnchorPoint="1" BAnchorOffset="-38" DT_VCENTER="1" DT_CENTER="1" Name="RecallBtn" BGColor="ffffffff" TextColor="ffffffff" NewControlDepth="2" WindowSoundTemplate="TogglePhys02" TextId="HousingDecorate_SendToCrate" Text="" NormalTextColor="UI_BtnTextBlueNormal" PressedTextColor="UI_BtnTextBluePressed" FlybyTextColor="UI_BtnTextBlueFlyby" PressedFlybyTextColor="ffffffff" DisabledTextColor="ff4f4235" HideInEditor="0" Visible="1" TooltipColor="" Tooltip="">
            <Event Name="ButtonSignal" Function="OnRecallBtn"/>
        </Control>
        <Control Class="Button" Base="BK3:btnHolo_Red_Med" Font="CRB_Button" ButtonType="PushButton" RadioGroup="" LAnchorPoint="1" LAnchorOffset="-140" TAnchorPoint="1" TAnchorOffset="-111" RAnchorPoint="1" RAnchorOffset="-42" BAnchorPoint="1" BAnchorOffset="-38" DT_VCENTER="1" DT_CENTER="1" Name="DeleteBtn" BGColor="ffffffff" TextColor="ffffffff" NewControlDepth="2" WindowSoundTemplate="TogglePhys02" TextId="CRB_Delete" Text="" NormalTextColor="UI_BtnTextRedNormal" PressedTextColor="UI_BtnTextRedPressed" FlybyTextColor="UI_BtnTextRedFlyby" PressedFlybyTextColor="ffffffff" DisabledTextColor="ff4f4235" HideInEditor="0" Visible="1" TooltipColor="">
            <Event Name="ButtonSignal" Function="OnDeleteBtn"/>
        </Control>
        <Control Class="Window" LAnchorPoint="0" LAnchorOffset="40" TAnchorPoint="0" TAnchorOffset="77" RAnchorPoint="1" RAnchorOffset="-40" BAnchorPoint="0" BAnchorOffset="455" RelativeToClient="1" Font="Default" Text="" BGColor="UI_WindowBGDefault" TextColor="UI_WindowTextDefault" Template="Default" TooltipType="OnCursor" Name="ContentFraming" TooltipColor="" Picture="1" IgnoreMouse="1" Sprite="BK3:UI_BK3_Holo_InsetSimple"/>
        <Control Class="Grid" LAnchorPoint="0" LAnchorOffset="42" TAnchorPoint="0" TAnchorOffset="79" RAnchorPoint="1" RAnchorOffset="-42" BAnchorPoint="1" BAnchorOffset="-121" RelativeToClient="0" Font="CRB_InterfaceSmall" Sprite="" Text="" Template="Holo_ScrollList" Name="StructureList" BGColor="ffffffff" TextColor="UI_TextHoloBody" Border="0" NoClip="1" HeaderRow="0" SelectWholeRow="1" VScroll="1" Picture="0" CellBGBase="BK3:btnHolo_ListView_Mid" RowHeight="32" FocusOnMouseOver="1" HeaderBG="CRB_Basekit:kitBtn_List_HoloSort" HeaderTextColor="ffffffff" HeaderHeight="20" TooltipType="DynamicFloater" UseTemplateBG="0" HideInEditor="0" TextNormalFocusColor="UI_BtnTextBlueFlyby" TextSelectedFocusColor="UI_BtnTextBluePressedFlyby" TextSelectedColor="UI_BtnTextBluePressed" TextId="" Visible="1" TextNormalColor="UI_BtnTextBlueNormal" TooltipColor="" CellBGNormalColor="" CellBGSelectedColor="" CellBGNormalFocusColor="" CellBGSelectedFocusColor="" MultiColumn="1">
            <Column Name="Upgrade" Width="250" TextColor="" Image="" DT_WORDBREAK="1" MinWidth="10" MaxWidth="2048" MergeLeft="0" SimpleSort="1" DT_VCENTER="1"/>
            <Event Name="GridSelChange" Function="OnDecorateListItemChange"/>
        </Control>
        <Control Class="Button" Base="BK3:btnHolo_Blue_Med" Font="CRB_Button" ButtonType="PushButton" RadioGroup="" LAnchorPoint="0" LAnchorOffset="40" TAnchorPoint="1" TAnchorOffset="-111" RAnchorPoint="0" RAnchorOffset="181" BAnchorPoint="1" BAnchorOffset="-38" DT_VCENTER="1" DT_CENTER="1" Name="RecallAllBtn1" BGColor="ffffffff" TextColor="ffffffff" NewControlDepth="2" WindowSoundTemplate="TogglePhys02" TextId="HousingDecorate_SendAllToCrate" Text="" NormalTextColor="UI_BtnTextBlueNormal" PressedTextColor="UI_BtnTextBluePressed" FlybyTextColor="UI_BtnTextBlueFlyby" PressedFlybyTextColor="ffffffff" DisabledTextColor="ff4f4235" HideInEditor="0" Visible="1" TooltipColor="" Tooltip="">
            <Event Name="ButtonSignal" Function="OnRecallAllBtn"/>
        </Control>
    </Form>
    <Form Class="Window" LAnchorPoint="0" LAnchorOffset="0" TAnchorPoint="0" TAnchorOffset="0" RAnchorPoint="1" RAnchorOffset="0" BAnchorPoint="0" BAnchorOffset="37" RelativeToClient="0" Font="Default" Text="" Template="Default" Name="CategoryListItem" Border="0" Picture="0" SwallowMouseClicks="1" Moveable="0" Escapable="0" Overlapped="0" BGColor="ffffffff" TextColor="ffffffff" TextId="" HScroll="0" UseTemplateBG="0" TooltipColor="">
        <Event Name="MouseButtonUp" Function="OnListItemSelected"/>
        <Control Class="Button" Base="DatachronSprites:btnHousingOptions" Font="CRB_InterfaceSmall_O" ButtonType="PushButton" RadioGroup="" LAnchorPoint="0" LAnchorOffset="0" TAnchorPoint="0" TAnchorOffset="0" RAnchorPoint="1" RAnchorOffset="0" BAnchorPoint="0" BAnchorOffset="33" DT_VCENTER="1" DT_CENTER="1" Name="CategoryBtn" BGColor="ffffffff" TextColor="ffffffff" NormalTextColor="ffffffff" PressedTextColor="ffffffff" FlybyTextColor="ffffffff" PressedFlybyTextColor="ffffffff" DisabledTextColor="ffffffff" Text="Type" TextId="" NotRelative="0">
            <Event Name="ButtonSignal" Function="OnSortByName"/>
        </Control>
        <Control Class="Window" LAnchorPoint="0" LAnchorOffset="-6" TAnchorPoint="0" TAnchorOffset="13" RAnchorPoint="1" RAnchorOffset="-6" BAnchorPoint="0" BAnchorOffset="42" RelativeToClient="1" Font="Default" Text="" Template="Default" Name="CategoryUnderscore" BGColor="ffffffff" TextColor="ffffffff" Sprite="CRB_UIKitSprites:spr_HologramSeparator" Picture="1" IgnoreMouse="1" NoClip="0"/>
    </Form>
    <Form Name="PopupCrateUnder" Class="Window" LAnchorPoint="0.50000" LAnchorOffset="-200" TAnchorPoint="0.50000" TAnchorOffset="-110" RAnchorPoint="0.50000" RAnchorOffset="200" BAnchorPoint="0.50000" BAnchorOffset="124" Template="CRB_NormalFramedThin" Moveable="1" Border="0" Sprite="" Picture="1" BGOpacity=".5" BGColor="ffffffff" TextColor="ffffffff" Escapable="0" Overlapped="1" SwallowMouseClicks="1" LeftEdgeControlsAnchor="" AutoFade="0" AutoFadeNC="0" AutoFadeBG="0" UseTemplateBG="0" TooltipColor="" Tooltip="" Visible="0">
        <Event Name="WindowClosed" Function="OnWindowClosed"/>
        <Control Class="Window" LAnchorPoint="0" LAnchorOffset="0" TAnchorPoint="0" TAnchorOffset="0" RAnchorPoint="1" RAnchorOffset="0" BAnchorPoint="1" BAnchorOffset="0" RelativeToClient="1" Font="CRB_InterfaceMedium" Text="" Template="Default" Name="BaseArt" BGColor="ffffffff" TextColor="ffffffff" Picture="0" Sprite="" HideInEditor="0" TooltipColor="">
            <Control Class="Window" LAnchorPoint="0" LAnchorOffset="0" TAnchorPoint="0" TAnchorOffset="0" RAnchorPoint="1" RAnchorOffset="0" BAnchorPoint="1" BAnchorOffset="0" RelativeToClient="1" Font="CRB_InterfaceMedium" Text="" Template="Default" Name="Frame" BGColor="ffffffff" TextColor="ffffffff" Picture="1" Sprite="BK3:sprHolo_Alert_Confirm" TooltipColor=""/>
            <Control Class="Window" LAnchorPoint="0" LAnchorOffset="50" TAnchorPoint="0" TAnchorOffset="68" RAnchorPoint="1" RAnchorOffset="-50" BAnchorPoint="0" BAnchorOffset="141" RelativeToClient="1" Font="Default" Text="" BGColor="UI_WindowBGDefault" TextColor="UI_WindowTextDefault" Template="Default" TooltipType="OnCursor" Name="Inset" TooltipColor="" Sprite="BK3:UI_BK3_Holo_InsetSimple" Picture="1" IgnoreMouse="1" NewControlDepth="1"/>
        </Control>
        <Control Class="Button" Base="BK3:btnHolo_Close" Font="CRB_InterfaceMedium" ButtonType="PushButton" RadioGroup="" LAnchorPoint="1" LAnchorOffset="-63" TAnchorPoint="0" TAnchorOffset="21" RAnchorPoint="1" RAnchorOffset="-21" BAnchorPoint="0" BAnchorOffset="65" DT_VCENTER="1" DT_CENTER="1" Name="ReallySureCloseBtn" BGColor="ffffffff" TextColor="ffffffff" Template="" NoClip="1" NewControlDepth="2" NormalTextColor="ffffffff" PressedTextColor="ffffffff" FlybyTextColor="ffffffff" PressedFlybyTextColor="ffffffff" DisabledTextColor="ffffffff" TooltipColor="">
            <Event Name="ButtonSignal" Function="OnCancelCrateAll"/>
        </Control>
        <Control Class="Window" LAnchorPoint="0" LAnchorOffset="60" TAnchorPoint="0" TAnchorOffset="24" RAnchorPoint="1" RAnchorOffset="-60" BAnchorPoint="0" BAnchorOffset="60" RelativeToClient="1" Font="CRB_HeaderLarge" Sprite="" Template="" Name="ReallySureTitle" BGColor="ffffffff" TextColor="UI_WindowTitleYellow" DT_CENTER="1" DT_RIGHT="0" DT_VCENTER="1" TextId="CRB_Are_you_really_sure" Text="" TooltipColor=""/>
        <Control Class="Window" LAnchorPoint="0" LAnchorOffset="50" TAnchorPoint="1" TAnchorOffset="-149" RAnchorPoint="1" RAnchorOffset="-50" BAnchorPoint="1" BAnchorOffset="-109" RelativeToClient="0" Font="CRB_InterfaceMedium" Template="Default" Name="Disclaimer" BGColor="ffffffff" TextColor="UI_TextHoloBodyHighlight" DT_VCENTER="1" DT_CENTER="1" DT_WORDBREAK="1" TextId="CRB_Crate_whats_already_there" Text="" TooltipColor=""/>
        <Control Class="Button" Name="ReallySureBtn" LAnchorPoint="1" LAnchorOffset="-324" TAnchorPoint="1" TAnchorOffset="-88" RAnchorPoint="1" RAnchorOffset="-204" BAnchorPoint="1" BAnchorOffset="-15" RelativeToClient="1" Font="CRB_Button" Template="" BGColor="ffffffff" TextColor="ffffffff" DT_CENTER="1" DT_VCENTER="1" Base="BK3:btnHolo_Blue_Med" DrawAsCheckbox="0" CheckboxRight="0" NewControlDepth="2" TextId="CRB_Crate" NormalTextColor="UI_BtnTextBlueNormal" PressedTextColor="UI_BtnTextBluePressed" FlybyTextColor="UI_BtnTextBlueFlyby" PressedFlybyTextColor="ff31fcf6" DisabledTextColor="ff123741" Text="" TooltipColor="">
            <Event Name="ButtonSignal" Function="OnConfirmCrateAll"/>
        </Control>
        <Control Class="Button" Name="CancelReallySureBtn" LAnchorPoint="1" LAnchorOffset="-196" TAnchorPoint="1" TAnchorOffset="-88" RAnchorPoint="1" RAnchorOffset="-76" BAnchorPoint="1" BAnchorOffset="-15" RelativeToClient="1" Font="CRB_Button" Template="" BGColor="ffffffff" TextColor="ffffffff" DT_CENTER="1" DT_VCENTER="1" TestAlpha="0" NoClip="1" Base="BK3:btnHolo_Red_Med" NewControlDepth="2" TextId="CRB_Cancel" NormalTextColor="UI_BtnTextRedNormal" PressedTextColor="UI_BtnTextRedPressed" FlybyTextColor="UI_BtnTextRedFlyby" PressedFlybyTextColor="ff31fcf6" DisabledTextColor="ff123741" TooltipColor="">
            <Event Name="ButtonSignal" Function="OnCancelCrateAll"/>
        </Control>
    </Form>
</Forms>
