<?xml version="1.0" ?>
<Forms>
    <Form Name="CastBarFrame" Class="Window" LAnchorPoint="0.5" LAnchorOffset="-120" TAnchorPoint="ActionBar0_Top" TAnchorOffset="-208" RAnchorPoint="0.5" RAnchorOffset="120" BAnchorPoint="ActionBar0_Top" BAnchorOffset="-170" Sprite="SpellChargeHuddie" Picture="1" BGColor="white" TextColor="white" LeftEdgeControlsAnchor="CastBarFrame_Left" RightEdgeControlsAnchor="CastBarFrame_Right" Visible="0" TooltipColor="" Tooltip="">
        <Control Class="ProgressBar" Name="CastingProgress" PosX="12" PosY="12" Width="217" Height="16" ProgressFull="SpellChargeFull" ProgressEdgeGlow="SpellChargeEdgeGlow" EdgeGlowOn="1" AutoSetText="0" DrawTicks="1" TickOn="ProgressBarTickOn" TickOff="ProgressBarTickOff" BGColor="white" TextColor="white"/>
        <Control Class="Window" Name="CastingProgressText" Font="CRB_InterfaceMedium_O" DT_CENTER="1" PosX="12" PosY="12" Width="217" Height="16" BGColor="white" TextColor="white" IgnoreMouse="1" AutoScaleText="1"/>
    </Form>
    <Form Name="WindowOfOppFrame" Class="Window" LAnchorPoint=".5" LAnchorOffset="-116" TAnchorPoint="ActionBar0_Top" TAnchorOffset="-229" RAnchorPoint=".5" RAnchorOffset="116" BAnchorPoint="ActionBar0_Top" BAnchorOffset="-160" Sprite="SpellChargeHuddie" Picture="0" BGColor="white" TextColor="white" LeftEdgeControlsAnchor="CastBarFrame_Left" RightEdgeControlsAnchor="CastBarFrame_Right" Visible="0" Overlapped="1" HideInEditor="0" TooltipColor="">
        <Control Class="ProgressBar" Name="Fill" PosX="12" PosY="12" Width="217" Height="16" ProgressFull="SpellChargeFullBlue" ProgressEdgeGlow="SpellChargeEdgeGlow" EdgeGlowOn="1" AutoSetText="0" DrawTicks="1" TickOn="ProgressBarTickOn" TickOff="ProgressBarTickOff" BGColor="white" TextColor="white" Sprite=""/>
        <Control Class="Window" Name="Label" Font="CRB_InterfaceMedium_O" DT_CENTER="1" PosX="12" PosY="12" Width="217" Height="16" BGColor="white" TextColor="white" IgnoreMouse="1" AutoScaleText="1" TooltipColor=""/>
        <Control Class="Window" LAnchorPoint="0" LAnchorOffset="0" TAnchorPoint="0" TAnchorOffset="0" RAnchorPoint="1" RAnchorOffset="0" BAnchorPoint="0" BAnchorOffset="38" RelativeToClient="1" Font="Default" Text="" Template="Default" Name="SingleBar" BGColor="white" TextColor="white" Visible="1" HideInEditor="1" TooltipColor="">
            <Control Class="ProgressBar" Name="Fill" ProgressFull="CRB_CastBarSprites:sprCB_Fill_PH" ProgressEdgeGlow="CRB_CastBarSprites:sprCB_Cap_PH" EdgeGlowOn="1" AutoSetText="0" DrawTicks="0" TickOn="ProgressBarTickOn" TickOff="ProgressBarTickOff" BGColor="white" TextColor="white" Sprite="" LAnchorPoint="0.00000" TAnchorPoint="0.00000" RAnchorPoint="0.00000" BAnchorPoint="0.00000" LAnchorOffset="6" TAnchorOffset="10" RAnchorOffset="225" BAnchorOffset="29" EdgeGlow="1"/>
            <Control Class="Window" LAnchorPoint="0" LAnchorOffset="6" TAnchorPoint="0" TAnchorOffset="10" RAnchorPoint="0" RAnchorOffset="225" BAnchorPoint="0" BAnchorOffset="27" RelativeToClient="1" Font="CRB_InterfaceMedium_O" Text="" Template="Default" Name="Label" BGColor="white" TextColor="white" DT_CENTER="1" TooltipColor=""/>
            <Pixie LAnchorPoint="0" LAnchorOffset="0" TAnchorPoint="0" TAnchorOffset="4" RAnchorPoint="1" RAnchorOffset="0" BAnchorPoint="1" BAnchorOffset="-5" BGColor="white" Font="Default" TextColor="white" Text="" Sprite="CRB_CastBarSprites:sprCB_Backer_Normal" Line="0"/>
        </Control>
        <Control Class="Window" LAnchorPoint="0" LAnchorOffset="0" TAnchorPoint="0" TAnchorOffset="0" RAnchorPoint="1" RAnchorOffset="0" BAnchorPoint="1" BAnchorOffset="0" RelativeToClient="1" Font="Default" Text="" Template="Default" Name="CircleBar" BGColor="white" TextColor="white" Visible="0" HideInEditor="0" TooltipColor="">
            <Control Class="Window" LAnchorPoint="0" LAnchorOffset="44" TAnchorPoint="0" TAnchorOffset="-26" RAnchorPoint="0" RAnchorOffset="188" BAnchorPoint="1" BAnchorOffset="48" RelativeToClient="1" Font="Default" Text="" Template="Default" Name="AlertFlash" BGColor="white" TextColor="white" Picture="1" IgnoreMouse="1" Sprite="" NewWindowDepth="0" NoClip="1" TooltipColor=""/>
            <Control Class="ProgressBar" Name="Fill" ProgressFull="CRB_CastBarSprites:sprCB_Fill_RT" ProgressEdgeGlow="CRB_Basekit:kitIProgBar_Holo_Cap" EdgeGlowOn="1" AutoSetText="0" DrawTicks="0" TickOn="ProgressBarTickOn" TickOff="ProgressBarTickOff" BGColor="white" TextColor="white" Sprite="CRB_CastBarSprites:sprCB_Fill_RT" LAnchorPoint="0.00000" TAnchorPoint="0.00000" RAnchorPoint="0.00000" BAnchorPoint="1" LAnchorOffset="80" TAnchorOffset="6" RAnchorOffset="158" BAnchorOffset="6" EdgeGlow="1" RadialBar="1" NoClip="1" RadialMin="212.000000" RadialMax="329.000000" BRtoLT="0" Clockwise="1"/>
            <Control Class="MLWindow" LAnchorPoint="0" LAnchorOffset="77" TAnchorPoint="0" TAnchorOffset="22" RAnchorPoint="0" RAnchorOffset="153" BAnchorPoint="0" BAnchorOffset="47" RelativeToClient="1" Font="CRB_HeaderLarge_O" Text="5/5" Template="Default" Name="Label" BGColor="white" TextColor="UI_TextMetalGold" DT_CENTER="1" TextId="" TooltipColor="" DT_VCENTER="1" HideInEditor="0"/>
            <Control Class="Window" LAnchorPoint="0" LAnchorOffset="0" TAnchorPoint="1" TAnchorOffset="-12" RAnchorPoint="1" RAnchorOffset="0" BAnchorPoint="1" BAnchorOffset="8" RelativeToClient="1" Font="CRB_InterfaceMedium" Text="" Template="Default" Name="NameLabel" BGColor="white" TextColor="white" TextId="" IgnoreMouse="1" NoClip="1" DT_VCENTER="0" DT_CENTER="1" TooltipColor=""/>
            <Pixie LAnchorPoint="0" LAnchorOffset="74" TAnchorPoint="0" TAnchorOffset="0" RAnchorPoint="1" RAnchorOffset="-74" BAnchorPoint="1" BAnchorOffset="0" BGColor="white" Font="Default" TextColor="white" Text="" Sprite="CRB_CastBarSprites:sprCB_Backer_RT" Line="0"/>
        </Control>
        <Control Class="Window" LAnchorPoint="0" LAnchorOffset="0" TAnchorPoint="0" TAnchorOffset="0" RAnchorPoint="1" RAnchorOffset="0" BAnchorPoint="0" BAnchorOffset="48" RelativeToClient="1" Font="Default" Text="" Template="Default" Name="SingleBarTiered" BGColor="white" TextColor="white" Visible="0" HideInEditor="1" TooltipColor="">
            <Control Class="Window" Name="FillBacker" ProgressFull="CRB_CastBarSprites:sprCB_Fill_PHR_1" ProgressEdgeGlow="CRB_CastBarSprites:sprCB_Cap_PHR_1" EdgeGlowOn="1" AutoSetText="0" DrawTicks="0" TickOn="ProgressBarTickOn" TickOff="ProgressBarTickOff" BGColor="white" TextColor="white" Sprite="CRB_CastBarSprites:sprCB_Fill_PHR_1" LAnchorPoint="0.00000" TAnchorPoint="0.00000" RAnchorPoint="0.00000" BAnchorPoint="0.00000" LAnchorOffset="6" TAnchorOffset="10" RAnchorOffset="225" BAnchorOffset="29" EdgeGlow="1" Picture="1" IgnoreMouse="1"/>
            <Control Class="ProgressBar" Name="Fill" ProgressFull="" ProgressEdgeGlow="" EdgeGlowOn="1" AutoSetText="0" DrawTicks="0" TickOn="ProgressBarTickOn" TickOff="ProgressBarTickOff" BGColor="white" TextColor="white" Sprite="CRB_CastBarSprites:sprCB_Fill_PHR_1" LAnchorPoint="0.00000" TAnchorPoint="0.00000" RAnchorPoint="0.00000" BAnchorPoint="0.00000" LAnchorOffset="6" TAnchorOffset="10" RAnchorOffset="225" BAnchorOffset="29" EdgeGlow="1" Picture="0" NewControlDepth="2"/>
            <Control Class="Window" LAnchorPoint="0" LAnchorOffset="6" TAnchorPoint="0" TAnchorOffset="10" RAnchorPoint="0" RAnchorOffset="225" BAnchorPoint="0" BAnchorOffset="27" RelativeToClient="1" Font="CRB_InterfaceMedium_O" Text="" Template="Default" Name="Label" BGColor="white" TextColor="UI_TextMetalGoldHighlight" DT_CENTER="1" TooltipColor=""/>
            <Control Class="Window" LAnchorPoint="0" LAnchorOffset="2" TAnchorPoint="0" TAnchorOffset="5" RAnchorPoint="0" RAnchorOffset="229" BAnchorPoint="0" BAnchorOffset="31" RelativeToClient="1" Font="Default" Text="" Template="Default" Name="AlertFlash" BGColor="UI_AlphaPercent70" TextColor="white" Picture="1" IgnoreMouse="1" NewWindowDepth="0" NewControlDepth="4" Sprite="CRB_CastBarSprites:sprCB_Fill_FlashCycle" Visible="1" HideInEditor="1" TooltipColor=""/>
            <Control Class="Window" LAnchorPoint="0" LAnchorOffset="73" TAnchorPoint="0" TAnchorOffset="30" RAnchorPoint="1" RAnchorOffset="-74" BAnchorPoint="0" BAnchorOffset="42" RelativeToClient="1" Font="Default" Text="" Template="Default" Name="TierMarkContainer" BGColor="white" TextColor="white" Picture="0" IgnoreMouse="1" Sprite="CRB_CastBarSprites:sprCB_PHRMarkerFull_1" TooltipColor=""/>
            <Control Class="Window" LAnchorPoint="0" LAnchorOffset="2" TAnchorPoint="0" TAnchorOffset="5" RAnchorPoint="0" RAnchorOffset="229" BAnchorPoint="0" BAnchorOffset="31" RelativeToClient="1" Font="Default" Text="" Template="Default" Name="AlertFlash2" BGColor="UI_AlphaPercent70" TextColor="white" Picture="1" IgnoreMouse="1" NewWindowDepth="0" NewControlDepth="4" Sprite="" Visible="1" HideInEditor="0" TooltipColor=""/>
            <Pixie LAnchorPoint="0" LAnchorOffset="0" TAnchorPoint="0" TAnchorOffset="5" RAnchorPoint="1" RAnchorOffset="0" BAnchorPoint="0" BAnchorOffset="44" BGColor="white" Font="Default" TextColor="white" Text="" Sprite="CRB_CastBarSprites:sprCB_Backer_PHR" Line="0"/>
        </Control>
    </Form>
    <Form Class="Window" LAnchorPoint="0" LAnchorOffset="0" TAnchorPoint="0" TAnchorOffset="0" RAnchorPoint="0" RAnchorOffset="17" BAnchorPoint="0" BAnchorOffset="12" RelativeToClient="1" Font="Default" Text="" Template="Default" Name="TierItem" Border="0" Picture="0" SwallowMouseClicks="1" Moveable="0" Escapable="0" Overlapped="0" BGColor="white" TextColor="white" TooltipColor="">
        <Control Class="Window" LAnchorPoint="0" LAnchorOffset="3" TAnchorPoint="0" TAnchorOffset="1" RAnchorPoint="1" RAnchorOffset="-4" BAnchorPoint="1" BAnchorOffset="0" RelativeToClient="1" Font="Default" Text="" Template="Default" Name="MarkerBacker" BGColor="UI_TextMetalBody" TextColor="white" IgnoreMouse="1" NoClip="1" Picture="1" Sprite="CRB_CastBarSprites:sprCB_PHRMarkerEmpty_1" TooltipColor=""/>
        <Control Class="Window" LAnchorPoint="0" LAnchorOffset="3" TAnchorPoint="0" TAnchorOffset="1" RAnchorPoint="1" RAnchorOffset="-4" BAnchorPoint="1" BAnchorOffset="0" RelativeToClient="1" Font="Default" Text="" Template="Default" Name="Marker" BGColor="white" TextColor="white" IgnoreMouse="1" NoClip="1" Picture="1" Sprite="CRB_CastBarSprites:sprCB_PHRMarkerFull_1" HideInEditor="0" TooltipColor=""/>
        <Control Class="Window" LAnchorPoint="0" LAnchorOffset="-2" TAnchorPoint="0" TAnchorOffset="-4" RAnchorPoint="1" RAnchorOffset="4" BAnchorPoint="1" BAnchorOffset="5" RelativeToClient="1" Font="Default" Text="" Template="Default" Name="Flash" BGColor="white" TextColor="white" IgnoreMouse="1" NoClip="1" Sprite="" Picture="1" TooltipColor=""/>
    </Form>
</Forms>
