<?xml version="1.0" encoding="UTF-8" standalone="yes" ?>
<Forms>
    <Form Class="Window" LAnchorPoint="0.5" LAnchorOffset="-200" TAnchorPoint="0.5" TAnchorOffset="-200" RAnchorPoint="0.5" RAnchorOffset="200" BAnchorPoint="0.5" BAnchorOffset="150" RelativeToClient="1" Font="Default" Text="" Template="Default" TooltipType="OnCursor" Name="CraftingSummaryScreenForm" BGColor="ffffffff" TextColor="ffffffff" TooltipColor="" IgnoreMouse="1" Sprite="CRB_Basekit:kitBase_HoloTeal_Border" HideInEditor="0" Visible="1" Overlapped="1" Tooltip="" TooltipId="" Moveable="1" Picture="1">
        <Control Class="Window" LAnchorPoint="0" LAnchorOffset="0" TAnchorPoint="0" TAnchorOffset="0" RAnchorPoint="1" RAnchorOffset="0" BAnchorPoint="1" BAnchorOffset="0" RelativeToClient="1" Font="Default" Text="" Template="Default" TooltipType="OnCursor" Name="CraftingSummaryResults" BGColor="ffffffff" TextColor="ffffffff" TooltipColor="" Visible="1" IgnoreMouse="1" TransitionShowHide="1" HideInEditor="0">
            <Control Class="Window" LAnchorPoint="0" LAnchorOffset="18" TAnchorPoint="0" TAnchorOffset="18" RAnchorPoint="0" RAnchorOffset="94" BAnchorPoint="0" BAnchorOffset="94" RelativeToClient="1" Font="Default" Text="" Template="Default" TooltipType="OnCursor" Name="CraftingSummaryItemIconFrame" BGColor="ffffffff" TextColor="ffffffff" TooltipColor="" Sprite="CRB_Basekit:kitBase_HoloBlue_InsetBorder_Thin" Picture="1" IgnoreMouse="1" NewControlDepth="1" Tooltip="">
                <Control Class="Window" LAnchorPoint="0.5" LAnchorOffset="-32" TAnchorPoint="0.5" TAnchorOffset="-32" RAnchorPoint="0.5" RAnchorOffset="32" BAnchorPoint="0.5" BAnchorOffset="32" RelativeToClient="1" Font="Default" Text="" Template="Default" TooltipType="OnCursor" Name="CraftingSummaryItemIcon" BGColor="ffffffff" TextColor="ffffffff" TooltipColor="" Sprite="" Picture="1" IgnoreMouse="1" IgnoreTooltipDelay="1" Tooltip="" TooltipFont="CRB_InterfaceSmall_O"/>
            </Control>
            <Control Class="Window" LAnchorPoint="0" LAnchorOffset="100" TAnchorPoint="0" TAnchorOffset="18" RAnchorPoint="1" RAnchorOffset="-30" BAnchorPoint="0" BAnchorOffset="94" RelativeToClient="1" Font="CRB_InterfaceLarge_BO" Text="" Template="Default" TooltipType="OnCursor" Name="CraftingSummaryResultsTitle" BGColor="ffffffff" TextColor="UI_TextHoloTitle" TooltipColor="" TextId="CRB__2" DT_WORDBREAK="1"/>
            <Control Class="Window" LAnchorPoint="0" LAnchorOffset="20" TAnchorPoint="0" TAnchorOffset="95" RAnchorPoint="1" RAnchorOffset="-12" BAnchorPoint="1" BAnchorOffset="-130" RelativeToClient="1" Font="Default" Text="" Template="CRB_Scroll_HoloSmall" TooltipType="OnCursor" Name="CraftingSummaryDetailsScroll" BGColor="ffffffff" TextColor="ffffffff" TooltipColor="" VScroll="1" IgnoreMouse="1" AutoHideScroll="1">
                <Control Class="MLWindow" LAnchorPoint="0" LAnchorOffset="0" TAnchorPoint="0" TAnchorOffset="0" RAnchorPoint="1" RAnchorOffset="0" BAnchorPoint="0" BAnchorOffset="0" RelativeToClient="1" Font="CRB_InterfaceMedium_B" Text="" Template="CRB_Scroll_HoloSmall" Name="CraftingSummaryDetails" BGColor="ffffffff" TextColor="UI_TextHoloBody" TextId="" TooltipColor="" DT_WORDBREAK="1" Visible="1" IgnoreMouse="1" TransitionShowHide="1" UseTransitionSprite="0" VScroll="0" AutoHideScroll="0"/>
            </Control>
            <Control Class="Window" LAnchorPoint="0" LAnchorOffset="16" TAnchorPoint="0" TAnchorOffset="16" RAnchorPoint="0" RAnchorOffset="51" BAnchorPoint="0" BAnchorOffset="51" RelativeToClient="1" Font="Default" Text="" Template="Default" TooltipType="OnCursor" Name="CraftingSummaryCheckmark" BGColor="ffffffff" TextColor="ffffffff" TooltipColor="" Sprite="CRB_Basekit:kitIcon_CheckmarkGreenFrame" Picture="1" IgnoreMouse="1" TooltipFont="CRB_InterfaceSmall_O" IgnoreTooltipDelay="1" Tooltip="" Visible="0" NewControlDepth="1" TooltipId="" HideInEditor="1"/>
            <Control Class="Window" LAnchorPoint="0" LAnchorOffset="8" TAnchorPoint="1" TAnchorOffset="-130" RAnchorPoint="1" RAnchorOffset="-8" BAnchorPoint="1" BAnchorOffset="-12" RelativeToClient="1" Font="Default" Text="" Template="Default" TooltipType="OnCursor" Name="CraftingSummaryXPProgBG" BGColor="ffffffff" TextColor="ffffffff" TooltipColor="" Sprite="CRB_Basekit:kitBase_HoloBlue_Tiny" Picture="1" IgnoreMouse="1" HideInEditor="0">
                <Control Class="Window" LAnchorPoint="0" LAnchorOffset="20" TAnchorPoint="0" TAnchorOffset="8" RAnchorPoint="1" RAnchorOffset="-20" BAnchorPoint="0" BAnchorOffset="26" RelativeToClient="1" Font="CRB_InterfaceSmall_O" Text="" Template="Default" TooltipType="OnCursor" Name="CraftingSummaryXPProgText" BGColor="ffffffff" TextColor="UI_TextHoloBody" TooltipColor="" TextId="CRB__2" DT_CENTER="1" DT_VCENTER="1" Sprite="" Picture="1" IgnoreMouse="1" TooltipFont="CRB_InterfaceSmall_O"/>
                <Control Class="Window" LAnchorPoint="0" LAnchorOffset="12" TAnchorPoint="0" TAnchorOffset="26" RAnchorPoint="1" RAnchorOffset="-12" BAnchorPoint="0" BAnchorOffset="59" RelativeToClient="1" Font="Default" Text="" Template="Default" TooltipType="OnCursor" Name="CraftingSummaryXPProgBarBG" BGColor="ffffffff" TextColor="ffffffff" TooltipColor="" Sprite="CRB_Basekit:kitIProgBar_HoloFrame_Base" Picture="1" IgnoreMouse="1"/>
                <Control Class="ProgressBar" Text="" LAnchorPoint="0" LAnchorOffset="22" TAnchorPoint="0" TAnchorOffset="27" RAnchorPoint="1" RAnchorOffset="-22" BAnchorPoint="0" BAnchorOffset="59" AutoSetText="0" UseValues="0" RelativeToClient="1" SetTextToProgress="0" DT_CENTER="1" DT_VCENTER="1" ProgressEmpty="" ProgressFull="CRB_Basekit:kitIProgBar_HoloFrame_FillBlue" TooltipType="OnCursor" Name="CraftingSummaryXPProgBar" BGColor="ffffffff" TextColor="ffffffff" TooltipColor="" BarColor="" Sprite="" Picture="1" ProgressEdgeGlow="CRB_Basekit:kitIProgBar_HoloFrame_CapRed" EdgeGlow="1" Font="CRB_InterfaceSmall_O" TextId="" TooltipFont="CRB_InterfaceSmall_O" IgnoreMouse="1" NoClipEdgeGlow="1"/>
            </Control>
        </Control>
        <Control Class="Window" LAnchorPoint="0" LAnchorOffset="-4" TAnchorPoint="1" TAnchorOffset="-77" RAnchorPoint="1" RAnchorOffset="4" BAnchorPoint="1" BAnchorOffset="6" RelativeToClient="1" Font="Default" Text="" Template="Default" TooltipType="OnCursor" Name="CraftingSummaryBGFrame" BGColor="ffffffff" TextColor="ffffffff" TooltipColor="" Picture="1" IgnoreMouse="1" Sprite="CRB_Basekit:kitFooter_MetalGold_Angled" NewControlDepth="3">
            <Pixie LAnchorPoint="0" LAnchorOffset="-4" TAnchorPoint="1" TAnchorOffset="-83" RAnchorPoint="1" RAnchorOffset="4" BAnchorPoint="1" BAnchorOffset="4" BGColor="ffffffff" Font="Default" TextColor="ffffffff" Text="" Sprite="" Line="0"/>
        </Control>
        <Control Class="Button" Base="CRB_Basekit:kitBtn_Close" Font="Thick" ButtonType="PushButton" RadioGroup="" LAnchorPoint="1" LAnchorOffset="-29" TAnchorPoint="0" TAnchorOffset="2" RAnchorPoint="1" RAnchorOffset="-2" BAnchorPoint="0" BAnchorOffset="31" DT_VCENTER="1" DT_CENTER="1" TooltipType="OnCursor" Name="CraftingSummaryCloseBtn" BGColor="ffffffff" TextColor="ffffffff" TooltipColor="" NormalTextColor="ffffffff" PressedTextColor="ffffffff" FlybyTextColor="ffffffff" PressedFlybyTextColor="ffffffff" DisabledTextColor="ffffffff" Tooltip="">
            <Event Name="ButtonSignal" Function="OnCraftingSummaryCloseBtn"/>
        </Control>
        <Control Class="Button" Base="CRB_Basekit:kitBtn_Metal_LargeBlue" Font="CRB_InterfaceMedium_B" ButtonType="PushButton" RadioGroup="" LAnchorPoint="0" LAnchorOffset="16" TAnchorPoint="1" TAnchorOffset="-60" RAnchorPoint="0.5" RAnchorOffset="-2" BAnchorPoint="1" BAnchorOffset="-12" DT_VCENTER="1" DT_CENTER="1" TooltipType="OnCursor" Name="CraftingSummaryRecraftBtn" BGColor="ffffffff" TextColor="ffffffff" TooltipColor="" NormalTextColor="UI_BtnTextBlueNormal" PressedTextColor="UI_BtnTextBluePressed" FlybyTextColor="UI_BtnTextBlueFlyby" PressedFlybyTextColor="UI_BtnTextBluePressedFlyby" DisabledTextColor="UI_TextMetalBody" Text="" TextId="CraftingSummary_Recraft" RelativeToClient="1" Tooltip="">
            <Event Name="ButtonSignal" Function="OnCraftingSummaryRecraftBtn"/>
        </Control>
        <Control Class="Button" Base="CRB_Basekit:kitBtn_Metal_LargeGreen" Font="CRB_InterfaceMedium_B" ButtonType="PushButton" RadioGroup="" LAnchorPoint="0.5" LAnchorOffset="2" TAnchorPoint="1" TAnchorOffset="-60" RAnchorPoint="1" RAnchorOffset="-16" BAnchorPoint="1" BAnchorOffset="-12" DT_VCENTER="1" DT_CENTER="1" TooltipType="OnCursor" Name="CraftingSummaryOkBtn" BGColor="ffffffff" TextColor="ffffffff" TooltipColor="" NormalTextColor="UI_BtnTextGreenNormal" PressedTextColor="UI_BtnTextGreenPressed" FlybyTextColor="UI_BtnTextGreenFlyby" PressedFlybyTextColor="UI_BtnTextGreenPressedFlyby" DisabledTextColor="UI_TextMetalBody" Text="" TextId="Crafting_GotIt" RelativeToClient="1" Tooltip="">
            <Event Name="ButtonSignal" Function="OnCraftingSummaryOkBtn"/>
        </Control>
    </Form>
</Forms>
