<Forms>
    <Form Class="Window" LAnchorPoint="1" LAnchorOffset="-1133" TAnchorPoint="1" TAnchorOffset="-661" RAnchorPoint="1" RAnchorOffset="-748" BAnchorPoint="1" BAnchorOffset="-197" RelativeToClient="1" Font="Default" Text="" Template="Default" Name="SupplySatchelForm" Border="0" Picture="0" SwallowMouseClicks="1" Moveable="1" Escapable="1" Overlapped="1" BGColor="ffffffff" TextColor="ffffffff" Visible="0" IgnoreMouse="0" Sizable="1" Scalable="0" Tooltip="" TooltipId="" TooltipColor="" Sprite="" HideInEditor="0">
        <Control Class="Window" LAnchorPoint="0" LAnchorOffset="18" TAnchorPoint="0" TAnchorOffset="63" RAnchorPoint="1" RAnchorOffset="-19" BAnchorPoint="1" BAnchorOffset="-17" RelativeToClient="1" Font="Default" Text="" Template="Holo_Background_General" Name="BGFrame" BGColor="ffffffff" TextColor="ffffffff" Picture="1" IgnoreMouse="1" Sprite="" NoClip="1" TooltipColor="" Tooltip=""/>
        <Control Class="Window" LAnchorPoint="0" LAnchorOffset="32" TAnchorPoint="0" TAnchorOffset="132" RAnchorPoint="1" RAnchorOffset="-30" BAnchorPoint="1" BAnchorOffset="-28" RelativeToClient="1" Font="Default" Text="" Template="" Name="BGGridArt" BGColor="ffffffff" TextColor="ffffffff" Tooltip="" TooltipId="" Picture="1" IgnoreMouse="1" Sprite="" TooltipColor="" HideInEditor="0" NewControlDepth="2">
            <Control Class="Window" LAnchorPoint="0" LAnchorOffset="0" TAnchorPoint="0" TAnchorOffset="0" RAnchorPoint="1" RAnchorOffset="0" BAnchorPoint="1" BAnchorOffset="0" RelativeToClient="1" Font="Default" Text="" Template="Default" Name="MainGridContainer" BGColor="ffffffff" TextColor="ffffffff" Picture="1" IgnoreMouse="1" Sprite="" Overlapped="1" HideInEditor="0" TooltipColor="">
                <Control Class="Window" LAnchorPoint="0" LAnchorOffset="0" TAnchorPoint="0" TAnchorOffset="0" RAnchorPoint="1" RAnchorOffset="0" BAnchorPoint="1" BAnchorOffset="0" RelativeToClient="1" Font="Default" Text="" Template="Holo_ScrollList" Name="CategoryList" BGColor="ffffffff" TextColor="ffffffff" VScroll="1" IgnoreMouse="1" TooltipColor="" Border="1" UseTemplateBG="1"/>
            </Control>
        </Control>
        <Control Class="Window" LAnchorPoint="0" LAnchorOffset="32" TAnchorPoint="0" TAnchorOffset="77" RAnchorPoint="1" RAnchorOffset="-31" BAnchorPoint="0" BAnchorOffset="127" RelativeToClient="1" Font="Default" Text="" Template="Default" Name="BGBottom" BGColor="ffffffff" TextColor="ffffffff" Sprite="BK3:UI_BK3_Holo_InsetFramed" Picture="1" IgnoreMouse="1" Tooltip="" TooltipId="" TooltipColor="">
            <Control Class="Window" LAnchorPoint="0" LAnchorOffset="-1" TAnchorPoint="0" TAnchorOffset="0" RAnchorPoint="1" RAnchorOffset="-93" BAnchorPoint="1" BAnchorOffset="0" RelativeToClient="1" Font="Default" Text="" Template="Default" TooltipType="OnCursor" Name="SearchContainer" BGColor="ffffffff" TextColor="ffffffff" TooltipColor="" Tooltip="">
                <Control Class="EditBox" LAnchorPoint="0" LAnchorOffset="18" TAnchorPoint="0.5" TAnchorOffset="-13" RAnchorPoint="1" RAnchorOffset="-26" BAnchorPoint="0.5" BAnchorOffset="13" RelativeToClient="1" Font="CRB_InterfaceMedium" Text="" Template="Default" Name="SearchBox" BGColor="ffffffff" TextColor="UI_TextHoloBodyHighlight" TextId="" DT_VCENTER="1" PromptTextId="CRB_Search" PromptFont="CRB_InterfaceMedium" ClearOnEscape="0" TooltipColor="">
                    <Event Name="EditBoxChanged" Function="OnSearchBoxChanged"/>
                </Control>
                <Pixie LAnchorPoint="0" LAnchorOffset="10" TAnchorPoint="0.5" TAnchorOffset="-16" RAnchorPoint="1" RAnchorOffset="-9" BAnchorPoint="0.5" BAnchorOffset="17" BGColor="ffffffff" Font="Default" TextColor="ffffffff" Text="" TextId="" Sprite="BK3:UI_BK3_Holo_Snippet" DT_VCENTER="1" Line="0"/>
                <Control Class="Window" LAnchorPoint="1" LAnchorOffset="-40" TAnchorPoint="0" TAnchorOffset="13" RAnchorPoint="1" RAnchorOffset="-15" BAnchorPoint="0" BAnchorOffset="37" RelativeToClient="1" Font="Default" Text="" BGColor="UI_WindowBGDefault" TextColor="UI_WindowTextDefault" Template="Default" TooltipType="OnCursor" Name="Search" TooltipColor="" Sprite="BK3:btnHolo_SearchNormal" Border="0" IgnoreMouse="1" Picture="1"/>
                <Control Class="Button" Base="BK3:btnHolo_Clear" Font="Thick" ButtonType="PushButton" RadioGroup="" LAnchorPoint="1" LAnchorOffset="-40" TAnchorPoint="0" TAnchorOffset="13" RAnchorPoint="1" RAnchorOffset="-15" BAnchorPoint="0" BAnchorOffset="42" DT_VCENTER="1" DT_CENTER="1" TooltipType="OnCursor" Name="SearchClearBtn" BGColor="ffffffff" TextColor="ffffffff" TooltipColor="" NormalTextColor="ffffffff" PressedTextColor="ffffffff" FlybyTextColor="ffffffff" PressedFlybyTextColor="ffffffff" DisabledTextColor="ffffffff" HideInEditor="0">
                    <Event Name="ButtonSignal" Function="OnSearchClearBtn"/>
                </Control>
            </Control>
            <Control Class="Button" Base="BK3:btnHolo_Check" Font="CRB_InterfaceTiny_BB" ButtonType="Check" RadioGroup="" LAnchorPoint="1" LAnchorOffset="-99" TAnchorPoint="0" TAnchorOffset="12" RAnchorPoint="1" RAnchorOffset="9" BAnchorPoint="1" BAnchorOffset="-11" DT_VCENTER="1" DT_CENTER="1" TooltipType="OnCursor" Name="ShowAllBtn" BGColor="ffffffff" TextColor="ffffffff" TooltipColor="" NormalTextColor="UI_BtnTextBlueNormal" PressedTextColor="UI_BtnTextBluePressed" FlybyTextColor="UI_BtnTextBlueFlyby" PressedFlybyTextColor="UI_BtnTextBluePressedFlyby" DisabledTextColor="UI_BtnTextBlueDisabled" Text="" DrawAsCheckbox="0" TextId="Archive_ShowAll" RelativeToClient="1">
                <Event Name="ButtonCheck" Function="OnShowAll"/>
                <Event Name="ButtonUncheck" Function="OnShowAll"/>
            </Control>
        </Control>
        <Event Name="MouseButtonUp" Function="OnMainWindowMouseButtonUp"/>
        <Control Class="Window" LAnchorPoint="0" LAnchorOffset="0" TAnchorPoint="0" TAnchorOffset="0" RAnchorPoint="1" RAnchorOffset="0" BAnchorPoint="1" BAnchorOffset="0" RelativeToClient="1" Font="Default" Text="" Template="Default" Name="DragHandler" BGColor="ffffffff" TextColor="ffffffff" VScroll="0" IgnoreMouse="1" TooltipColor="" NewWindowDepth="1">
            <Event Name="DragDrop" Function="OnDragDrop"/>
            <Event Name="QueryDragDrop" Function="OnQueryDragDrop"/>
        </Control>
        <Event Name="WindowClosed" Function="OnMainWindowClosed"/>
        <Control Class="Window" LAnchorPoint="0" LAnchorOffset="-6" TAnchorPoint="0" TAnchorOffset="-6" RAnchorPoint="1" RAnchorOffset="6" BAnchorPoint="1" BAnchorOffset="6" RelativeToClient="1" Font="Default" Text="" Template="Metal_Primary_NoNav" Name="BGFrame" BGColor="white" TextColor="white" Picture="1" IgnoreMouse="1" Sprite="" NoClip="1" TooltipColor="" Border="1" UseTemplateBG="1" HideInEditor="0">
            <Control Class="Button" Base="CRB_Basekit:kitBtn_Close" Font="Thick" ButtonType="PushButton" RadioGroup="" LAnchorPoint="1" LAnchorOffset="-21" TAnchorPoint="0" TAnchorOffset="23" RAnchorPoint="1" RAnchorOffset="6" BAnchorPoint="0" BAnchorOffset="52" DT_VCENTER="1" DT_CENTER="1" Name="CloseBtn" BGColor="white" TextColor="white" NormalTextColor="white" PressedTextColor="white" FlybyTextColor="white" PressedFlybyTextColor="white" DisabledTextColor="white" RelativeToClient="1" Overlapped="1" NewWindowDepth="1" TooltipColor="" NoClip="1">
                <Event Name="ButtonSignal" Function="OnToggleVisibility"/>
            </Control>
            <Control Class="Window" LAnchorPoint="1" LAnchorOffset="-29" TAnchorPoint="1" TAnchorOffset="-32" RAnchorPoint="1" RAnchorOffset="24" BAnchorPoint="1" BAnchorOffset="19" RelativeToClient="1" Font="Default" Text="" Template="Default" Name="BottomRightResize" BGColor="white" TextColor="white" Sprite="CRB_Basekit:kitBtn_ExpandNormal" Picture="1" IgnoreMouse="1" TooltipColor="" NoClip="1"/>
        </Control>
        <Control Class="Window" LAnchorPoint="0" LAnchorOffset="61" TAnchorPoint="0" TAnchorOffset="23" RAnchorPoint="1" RAnchorOffset="-61" BAnchorPoint="0" BAnchorOffset="60" RelativeToClient="1" Font="CRB_HeaderMedium" Text="" Template="Default" Name="Title" BGColor="white" TextColor="UI_WindowTitleYellow" Picture="1" IgnoreMouse="1" Sprite="BK3:sprMetal_Framing_Header" TextId="SupplySatchel_TradeskillsBag" TooltipColor="" Tooltip="" NewWindowDepth="0" NewControlDepth="4" DT_VCENTER="1" DT_CENTER="1" AutoScaleText="1"/>
    </Form>
    <Form Class="Window" LAnchorPoint="0" LAnchorOffset="0" TAnchorPoint="0" TAnchorOffset="0" RAnchorPoint="1" RAnchorOffset="-2" BAnchorPoint="0" BAnchorOffset="50" RelativeToClient="1" Font="Default" Text="" Template="CRB_Normal" Name="Category" Border="0" Picture="1" SwallowMouseClicks="1" Moveable="0" Escapable="0" Overlapped="0" BGColor="ffffffff" TextColor="ffffffff" TextId="" HScroll="0" UseTemplateBG="0" TooltipColor="" IgnoreMouse="1" Sprite="" Tooltip="">
        <Control Class="Window" LAnchorPoint="0" LAnchorOffset="11" TAnchorPoint="0" TAnchorOffset="8" RAnchorPoint="1" RAnchorOffset="-10" BAnchorPoint="0" BAnchorOffset="30" RelativeToClient="1" Font="CRB_HeaderSmall" Template="Default" Name="CategoryText" BGColor="ffffffff" TextColor="UI_TextHoloTitle" DT_VCENTER="1" TextId="CRB__2" Text="" TooltipColor="" IgnoreMouse="1" AutoScaleText="1"/>
        <Control Class="Window" LAnchorPoint="0" LAnchorOffset="6" TAnchorPoint="0" TAnchorOffset="40" RAnchorPoint="1" RAnchorOffset="-5" BAnchorPoint="1" BAnchorOffset="10" RelativeToClient="1" Font="Default" Text="" Template="Default" TooltipType="OnCursor" Name="ItemList" BGColor="ffffffff" TextColor="ffffffff" TooltipColor=""/>
        <Pixie LAnchorPoint="0" LAnchorOffset="0" TAnchorPoint="0" TAnchorOffset="0" RAnchorPoint="1" RAnchorOffset="0" BAnchorPoint="1" BAnchorOffset="-5" BGColor="ffffffff" Font="Default" TextColor="ffffffff" Text="" TextId="" Sprite="BK3:UI_BK3_Holo_InsetHeaderThin" Line="0"/>
    </Form>
    <Form Class="Window" LAnchorPoint="0" LAnchorOffset="0" TAnchorPoint="0" TAnchorOffset="0" RAnchorPoint="0" RAnchorOffset="40" BAnchorPoint="0" BAnchorOffset="40" RelativeToClient="1" Font="Default" Text="" Template="Default" Name="Item" Picture="1" SwallowMouseClicks="1" Overlapped="1" BGColor="ffffffff" TextColor="ffffffff" IgnoreMouse="0" Sprite="BK3:UI_BK3_Holo_InsetSimple" Tooltip="" TooltipType="OnCursor" IgnoreTooltipDelay="1" TooltipColor="">
        <Control Class="Window" LAnchorPoint="0" LAnchorOffset="4" TAnchorPoint="0" TAnchorOffset="4" RAnchorPoint="1" RAnchorOffset="-4" BAnchorPoint="1" BAnchorOffset="-4" RelativeToClient="1" Font="Default" Text="" Template="Default" Name="Icon" BGColor="ffffffff" TextColor="ffffffff" Picture="1" IgnoreMouse="1" IgnoreTooltipDelay="1" TooltipType="OnCursor" TooltipColor="" Sprite="ClientSprites:Icon_ItemMisc_UI_Item_Leaf" Tooltip="" Subclass="ItemWindowSubclass" HideInEditor="1"/>
        <Control Class="Window" LAnchorPoint="0" LAnchorOffset="-8" TAnchorPoint="0" TAnchorOffset="-8" RAnchorPoint="1" RAnchorOffset="8" BAnchorPoint="1" BAnchorOffset="8" RelativeToClient="1" Font="Default" Text="" Template="Default" TooltipType="OnCursor" Name="HighCountWarnFrame" BGColor="ffffffff" TextColor="ffffffff" TooltipColor="" Picture="1" IgnoreMouse="1" Sprite="CRB_Basekit:kitAccent_Frame_OrangeStroke" Visible="0" NoClip="0" HideInEditor="1"/>
        <Control Class="Window" LAnchorPoint="0" LAnchorOffset="4" TAnchorPoint="0" TAnchorOffset="4" RAnchorPoint="1" RAnchorOffset="-6" BAnchorPoint="1" BAnchorOffset="-4" RelativeToClient="1" Font="CRB_InterfaceSmall_O" Text="" Template="Default" Name="Count" BGColor="ffffffff" TextColor="ffffffff" DT_BOTTOM="1" DT_RIGHT="1" TextId="" Tooltip="" TooltipColor="" DT_WORDBREAK="1" HideInEditor="1"/>
        <Event Name="MouseButtonDown" Function="OnItemMouseButtonDown"/>
        <Event Name="MouseMove" Function="OnItemMouseMove"/>
        <Event Name="MouseButtonUp" Function="OnItemMouseButtonUp"/>
        <Event Name="DragDrop" Function="OnDragDrop"/>
        <Event Name="QueryDragDrop" Function="OnQueryDragDrop"/>
    </Form>
</Forms>
