<Forms>
    <Form Class="Window" LAnchorPoint="0" LAnchorOffset="12" TAnchorPoint="0" TAnchorOffset="125" RAnchorPoint="0" RAnchorOffset="437" BAnchorPoint="0" BAnchorOffset="619" RelativeToClient="1" Font="CRB_InterfaceMedium" Text="" Template="Default" Name="MailForm" Border="0" Picture="0" SwallowMouseClicks="1" Moveable="1" Escapable="1" Overlapped="1" BGColor="ffffffff" TextColor="ffffffff" LeftEdgeControlsAnchor="" RightEdgeControlsAnchor="" TooltipColor="" Tooltip="">
        <Control Class="Window" LAnchorPoint="0" LAnchorOffset="0" TAnchorPoint="0" TAnchorOffset="0" RAnchorPoint="1" RAnchorOffset="0" BAnchorPoint="1" BAnchorOffset="0" RelativeToClient="1" Font="Default" Text="" Template="Default" TooltipType="OnCursor" Name="BGArt" BGColor="ffffffff" TextColor="ffffffff" TooltipColor="">
            <Control Class="Window" LAnchorPoint="0" LAnchorOffset="22" TAnchorPoint="0" TAnchorOffset="18" RAnchorPoint="1" RAnchorOffset="-21" BAnchorPoint="1" BAnchorOffset="-25" RelativeToClient="1" Font="Default" Text="" Template="Default" TooltipType="OnCursor" Name="BGArt_Base" BGColor="ffffffff" TextColor="ffffffff" TooltipColor="" Picture="1" IgnoreMouse="1" Sprite="CRB_Basekit:kitBase_MetalGrey_Large"/>
            <Control Class="Window" LAnchorPoint="0" LAnchorOffset="20" TAnchorPoint="0" TAnchorOffset="20" RAnchorPoint="1" RAnchorOffset="-20" BAnchorPoint="0" BAnchorOffset="60" RelativeToClient="1" Font="Default" Text="" Template="Default" TooltipType="OnCursor" Name="BGArt_Header" BGColor="ffffffff" TextColor="ffffffff" TooltipColor="" Picture="1" IgnoreMouse="1" Sprite="CRB_Basekit:kitHeader_MetalGrey_TitleMarked"/>
            <Control Class="Window" LAnchorPoint="0" LAnchorOffset="0" TAnchorPoint="0" TAnchorOffset="0" RAnchorPoint="1" RAnchorOffset="0" BAnchorPoint="1" BAnchorOffset="0" RelativeToClient="1" Font="Default" Text="" Template="Default" TooltipType="OnCursor" Name="BGArt_Frame" BGColor="ffffffff" TextColor="ffffffff" TooltipColor="" Picture="1" IgnoreMouse="1" Sprite="CRB_Basekit:kitOuterFrame_MetalGold_Large2" NewControlDepth="1"/>
            <Control Class="Window" LAnchorPoint="0" LAnchorOffset="-2" TAnchorPoint="1" TAnchorOffset="-100" RAnchorPoint="1" RAnchorOffset="3" BAnchorPoint="1" BAnchorOffset="-11" RelativeToClient="1" Font="Default" Text="" Template="Default" TooltipType="OnCursor" Name="BGArt_Footer" BGColor="ffffffff" TextColor="ffffffff" TooltipColor="" Picture="1" IgnoreMouse="1" Sprite="CRB_Basekit:kitFooter_MetalGold_Angled" NoClip="1"/>
            <Control Class="Window" LAnchorPoint="0" LAnchorOffset="0" TAnchorPoint="0" TAnchorOffset="25" RAnchorPoint="1" RAnchorOffset="0" BAnchorPoint="0" BAnchorOffset="51" RelativeToClient="1" Font="CRB_InterfaceMedium" Text="" Template="Default" TooltipType="OnCursor" Name="MailLabel" BGColor="ffffffff" TextColor="ff808080" TooltipColor="" DT_VCENTER="1" DT_CENTER="1" TextId="ActivationPrompt_MailBox"/>
            <Control Class="Window" LAnchorPoint="0" LAnchorOffset="19" TAnchorPoint="0" TAnchorOffset="49" RAnchorPoint="1" RAnchorOffset="-19" BAnchorPoint="1" BAnchorOffset="-85" RelativeToClient="1" Font="Default" Text="" Template="Default" TooltipType="OnCursor" Name="BGArt_ListFraming" BGColor="ffffffff" TextColor="ffffffff" TooltipColor="" Picture="1" IgnoreMouse="1" Sprite="CRB_Basekit:kitInnerFrame_MetalGrey_Small"/>
        </Control>
        <Control Class="Window" LAnchorPoint="0" LAnchorOffset="25" TAnchorPoint="0" TAnchorOffset="97" RAnchorPoint="0" RAnchorOffset="45" BAnchorPoint="0" BAnchorOffset="119" RelativeToClient="1" Font="CRB_InterfaceMedium" Text="" Template="Default" Name="ArtListCheckBack" BGColor="ffffffff" TextColor="ffffffff" Picture="1" Sprite="CRB_UIKitSprites:btn_sortDisabled" Visible="1" HideInEditor="0" TooltipColor=""/>
        <Control Class="Window" LAnchorPoint="0" LAnchorOffset="79" TAnchorPoint="1" TAnchorOffset="-82" RAnchorPoint="1" RAnchorOffset="-21" BAnchorPoint="1" BAnchorOffset="-40" RelativeToClient="1" Font="CRB_InterfaceMedium" Text="" Template="Default" Name="ArtMailControlsBacker" BGColor="ffffffff" TextColor="ffffffff" Picture="1" Sprite="CRB_UIKitSprites:spr_HologramOptionsFilterBase" TooltipColor=""/>
        <Control Class="Button" Base="CRB_Basekit:kitBtn_Close" Font="CRB_InterfaceMedium" ButtonType="PushButton" RadioGroup="" LAnchorPoint="1" LAnchorOffset="-39" TAnchorPoint="0" TAnchorOffset="11" RAnchorPoint="1" RAnchorOffset="-7" BAnchorPoint="0" BAnchorOffset="42" DT_VCENTER="1" DT_CENTER="1" Name="CloseButton" BGColor="ffffffff" TextColor="ffffffff" WindowSoundTemplate="Custom" TooltipColor="" NormalTextColor="ffffffff" PressedTextColor="ffffffff" FlybyTextColor="ffffffff" PressedFlybyTextColor="ffffffff" DisabledTextColor="ffffffff" NewControlDepth="5">
            <Event Name="ButtonSignal" Function="ToggleWindow"/>
        </Control>
        <Control Class="Button" Base="CRB_Basekit:kitBtn_Radio_Small" Font="CRB_InterfaceMedium" ButtonType="Check" RadioGroup="" LAnchorPoint="0" LAnchorOffset="29" TAnchorPoint="0" TAnchorOffset="57" RAnchorPoint="0" RAnchorOffset="57" BAnchorPoint="0" BAnchorOffset="84" DT_VCENTER="1" DT_CENTER="1" Name="ToggleAllBtn" BGColor="ffffffff" TextColor="ffffffff" TestAlpha="1" WindowSoundTemplate="TogglePhys03" TooltipColor="" NormalTextColor="ffffffff" PressedTextColor="ffffffff" FlybyTextColor="ffffffff" PressedFlybyTextColor="ffffffff" DisabledTextColor="ffffffff" NewControlDepth="5">
            <Event Name="ButtonCheck" Function="OnSelectAll"/>
            <Event Name="ButtonUncheck" Function="OnDeselectAll"/>
        </Control>
        <Control Class="Button" Base="CRB_Basekit:kitBtn_List_MetalSort" Font="CRB_InterfaceSmall" ButtonType="Check" RadioGroup="" LAnchorPoint="0" LAnchorOffset="50" TAnchorPoint="0" TAnchorOffset="60" RAnchorPoint="1" RAnchorOffset="-31" BAnchorPoint="0" BAnchorOffset="80" DT_VCENTER="1" DT_CENTER="1" Name="MessageSortBtn" BGColor="ffffffff" TextColor="ffc0c0c0" WindowSoundTemplate="SelectTabPhys" TextId="CRB_Messages" TooltipColor="" NormalTextColor="ffc0c0c0" PressedTextColor="ffffffff" FlybyTextColor="ffffffff" PressedFlybyTextColor="ffffffff" DisabledTextColor="ffffffff" NewControlDepth="5">
            <Event Name="ButtonCheck" Function="OnSortCheck"/>
            <Event Name="ButtonUncheck" Function="OnSortUncheck"/>
        </Control>
        <Control Class="Window" LAnchorPoint="0" LAnchorOffset="32" TAnchorPoint="0" TAnchorOffset="80" RAnchorPoint="1" RAnchorOffset="-32" BAnchorPoint="1" BAnchorOffset="-97" RelativeToClient="1" Font="CRB_InterfaceMedium" Text="" Template="CRB_Scroll_MetalLarge" Name="MailWindow" BGColor="ffffffff" TextColor="ffffffff" VScroll="1" TooltipColor="" Tooltip=""/>
        <Control Class="Window" LAnchorPoint="0" LAnchorOffset="0" TAnchorPoint="1" TAnchorOffset="-82" RAnchorPoint="1" RAnchorOffset="0" BAnchorPoint="1" BAnchorOffset="-25" RelativeToClient="1" Font="CRB_InterfaceMedium" Text="" Template="Default" Name="InboxControls" BGColor="ffffffff" TextColor="ffffffff" HideInEditor="0" TooltipColor="" Tooltip="" TooltipId="">
            <Control Class="Button" Base="CRB_Basekit:kitBtn_Metal_MediumBlue" Font="CRB_InterfaceSmall" ButtonType="PushButton" RadioGroup="" LAnchorPoint="1" LAnchorOffset="-253" TAnchorPoint="1" TAnchorOffset="-49" RAnchorPoint="1" RAnchorOffset="-143" BAnchorPoint="1" BAnchorOffset="-9" DT_VCENTER="1" DT_CENTER="1" Name="IBOpenBtn" BGColor="ffffffff" TextColor="ff27aead" NormalTextColor="ff27aead" PressedTextColor="ff32fcf6" FlybyTextColor="ff32fcf6" PressedFlybyTextColor="ff32fcf6" DisabledTextColor="ff394046" WindowSoundTemplate="PushbuttonDigi02" TextId="CRB_Open" TooltipColor="" Tooltip="" TooltipId="" TestAlpha="1">
                <Event Name="ButtonSignal" Function="OnOpenBtn"/>
            </Control>
            <Control Class="Button" Base="CRB_Basekit:kitBtn_Metal_MediumBlue" Font="CRB_InterfaceSmall" ButtonType="PushButton" RadioGroup="" LAnchorPoint="1" LAnchorOffset="-149" TAnchorPoint="1" TAnchorOffset="-49" RAnchorPoint="1" RAnchorOffset="-39" BAnchorPoint="1" BAnchorOffset="-9" DT_VCENTER="1" DT_CENTER="1" Name="IBDeleteBtn" BGColor="ffffffff" TextColor="ff27aead" NormalTextColor="ff27aead" PressedTextColor="ff32fcf6" FlybyTextColor="ff32fcf6" PressedFlybyTextColor="ff32fcf6" DisabledTextColor="ff394046" WindowSoundTemplate="PushbuttonDigi01" TextId="CRB_Delete" TooltipColor="" TestAlpha="1">
                <Event Name="ButtonSignal" Function="OnIBDeleteBtn"/>
            </Control>
        </Control>
        <Control Class="Button" Base="CRB_Basekit:kitBtn_Metal_LargeGreen" Font="CRB_InterfaceMedium" ButtonType="PushButton" RadioGroup="" LAnchorPoint="0" LAnchorOffset="41" TAnchorPoint="1" TAnchorOffset="-80" RAnchorPoint="0" RAnchorOffset="151" BAnchorPoint="1" BAnchorOffset="-32" DT_VCENTER="1" DT_CENTER="1" Name="NewMailBtn" BGColor="ffffffff" TextColor="ffffffff" WindowSoundTemplate="TogglePhys01" TestAlpha="1" TooltipColor="white" NormalTextColor="UI_BtnTextGreenNormal" PressedTextColor="UI_BtnTextGreenPressed" FlybyTextColor="UI_BtnTextGreenFlyby" PressedFlybyTextColor="UI_BtnTextGreenPressedFlyby" DisabledTextColor="UI_BtnTextGreenDisabled" NewControlDepth="5" Text="" Tooltip="" TooltipId="CRB_Compose_Message" TooltipType="OnCursor" TooltipFont="CRB_InterfaceMedium" IgnoreTooltipDelay="0" TextId="Mail_Compose">
            <Event Name="ButtonSignal" Function="ComposeMail"/>
        </Control>
    </Form>
    <Form Class="Window" LAnchorPoint="0" LAnchorOffset="0" TAnchorPoint="0" TAnchorOffset="0" RAnchorPoint="0" RAnchorOffset="340" BAnchorPoint="0" BAnchorOffset="54" RelativeToClient="1" Font="CRB_InterfaceMedium" Text="" Template="Default" Name="MailItem" BGColor="ffffffff" TextColor="ffffffff" NewControlDepth="2" TooltipColor="" Tooltip="">
        <Control Class="Button" Base="CRB_Basekit:kitBtn_Radio_Large" Font="CRB_InterfaceMedium" ButtonType="Check" RadioGroup="" LAnchorPoint="0" LAnchorOffset="-1" TAnchorPoint="0" TAnchorOffset="12" RAnchorPoint="0" RAnchorOffset="28" BAnchorPoint="0" BAnchorOffset="44" DT_VCENTER="1" DT_CENTER="1" Name="SelectMarker" BGColor="ffffffff" TextColor="ffffffff" TestAlpha="1" WindowSoundTemplate="Custom" TooltipColor="" NormalTextColor="ffffffff" PressedTextColor="ffffffff" FlybyTextColor="ffffffff" PressedFlybyTextColor="ffffffff" DisabledTextColor="ffffffff">
            <Event Name="ButtonCheck" Function="OnItemCheck"/>
            <Event Name="ButtonUncheck" Function="OnItemUncheck"/>
        </Control>
        <Control Class="Button" Base="CRB_Basekit:kitBtn_List_MetalNoEdge" Font="CRB_InterfaceMedium" ButtonType="PushButton" RadioGroup="" LAnchorPoint="0" LAnchorOffset="24" TAnchorPoint="0" TAnchorOffset="0" RAnchorPoint="1" RAnchorOffset="0" BAnchorPoint="1" BAnchorOffset="0" DT_VCENTER="1" DT_CENTER="1" Name="ListBackBtn" BGColor="ffffffff" TextColor="ffffffff" WindowSoundTemplate="Custom" TooltipColor="" NormalTextColor="ffffffff" PressedTextColor="ffffffff" FlybyTextColor="ffffffff" PressedFlybyTextColor="ffffffff" DisabledTextColor="ffffffff">
            <Event Name="ButtonSignal" Function="OnMailItemClick"/>
        </Control>
        <Control Class="Window" LAnchorPoint="0" LAnchorOffset="29" TAnchorPoint="0" TAnchorOffset="6" RAnchorPoint="0" RAnchorOffset="69" BAnchorPoint="0" BAnchorOffset="46" RelativeToClient="1" Font="CRB_InterfaceMedium" Text="" Template="Default" Name="IconFrame" BGColor="ffffffff" TextColor="ffffffff" Picture="1" Sprite="CRB_UIKitSprites:spr_iconslotEMPTY" NoClip="0" NewControlDepth="3" TooltipColor="">
            <Control Class="Window" LAnchorPoint="0" LAnchorOffset="3" TAnchorPoint="0" TAnchorOffset="3" RAnchorPoint="1" RAnchorOffset="-3" BAnchorPoint="1" BAnchorOffset="-3" RelativeToClient="1" Font="Default" Text="" Template="Default" TooltipType="OnCursor" Name="Icon" BGColor="ffffffff" TextColor="ffffffff" TooltipColor="" Picture="1" IgnoreMouse="1"/>
        </Control>
        <Control Class="Window" LAnchorPoint="0" LAnchorOffset="72" TAnchorPoint="0" TAnchorOffset="5" RAnchorPoint="0" RAnchorOffset="88" BAnchorPoint="0" BAnchorOffset="21" RelativeToClient="1" Font="Default" Text="" Template="Default" Name="SenderIcon" BGColor="ffffffff" TextColor="ffffffff" Sprite="" Picture="1" TooltipColor="" HideInEditor="1" Visible="0"/>
        <Control Class="Window" LAnchorPoint="0" LAnchorOffset="71" TAnchorPoint="0" TAnchorOffset="4" RAnchorPoint="1" RAnchorOffset="-53" BAnchorPoint="0" BAnchorOffset="20" RelativeToClient="1" Font="CRB_InterfaceMedium" Template="Default" Name="NameText" BGColor="ffffffff" TextColor="ff32fcf6" TextId="CRB_ABCDEFGHIJKLMOPQ" TooltipColor=""/>
        <Control Class="Window" LAnchorPoint="0" LAnchorOffset="72" TAnchorPoint="0" TAnchorOffset="18" RAnchorPoint="1" RAnchorOffset="-5" BAnchorPoint="0" BAnchorOffset="35" RelativeToClient="1" Font="CRB_InterfaceMedium" Template="Default" Name="SubjectText" BGColor="ffffffff" TextColor="ffffffff" TextId="CRB_Can_a_subject_ever_be_like_a_superje" TooltipColor=""/>
        <Control Class="Window" LAnchorPoint="1" LAnchorOffset="-57" TAnchorPoint="0" TAnchorOffset="3" RAnchorPoint="1" RAnchorOffset="-7" BAnchorPoint="0" BAnchorOffset="23" RelativeToClient="1" Font="CRB_Pixel_O" Template="Default" Name="DateText" BGColor="ffffffff" TextColor="ff717171" DT_RIGHT="1" TextId="CRB_30_Days" TooltipColor=""/>
        <Control Class="Window" LAnchorPoint="0" LAnchorOffset="24" TAnchorPoint="0" TAnchorOffset="0" RAnchorPoint="1" RAnchorOffset="0" BAnchorPoint="1" BAnchorOffset="0" RelativeToClient="1" Font="CRB_InterfaceMedium" Text="" Template="Default" Name="NewMailOverlay" BGColor="ffffffff" TextColor="ffffffff" Sprite="CRB_Anim_Outline:spr_Anim_OutlineStretch" Picture="1" HideInEditor="1" NewControlDepth="4" TooltipColor=""/>
        <Control Class="Window" LAnchorPoint="0" LAnchorOffset="30" TAnchorPoint="0" TAnchorOffset="7" RAnchorPoint="0" RAnchorOffset="68" BAnchorPoint="0" BAnchorOffset="45" RelativeToClient="1" Font="CRB_HeaderLarge_O" Template="Default" Name="CODOverlay" BGColor="ffffffff" TextColor="ff32fcf6" TextId="CRB__5" TooltipColor="" DT_VCENTER="1" DT_CENTER="1"/>
        <Control Class="Window" LAnchorPoint="0" LAnchorOffset="75" TAnchorPoint="0" TAnchorOffset="35" RAnchorPoint="0" RAnchorOffset="255" BAnchorPoint="0" BAnchorOffset="51" RelativeToClient="1" Font="Default" Text="" Template="Default" Name="AttachmentIconsList" BGColor="ffffffff" TextColor="ffffffff" TooltipColor="">
            <Control Class="Window" LAnchorPoint="0" LAnchorOffset="1" TAnchorPoint="0" TAnchorOffset="1" RAnchorPoint="0" RAnchorOffset="17" BAnchorPoint="0" BAnchorOffset="17" RelativeToClient="1" Font="Default" Text="" Template="Default" Name="AttachedItem1" BGColor="ffffffff" TextColor="ffffffff" Picture="1" TooltipColor="">
                <Event Name="GenerateTooltip" Function="OnTooltipAttachment"/>
            </Control>
            <Control Class="Window" LAnchorPoint="0" LAnchorOffset="18" TAnchorPoint="0" TAnchorOffset="1" RAnchorPoint="0" RAnchorOffset="34" BAnchorPoint="0" BAnchorOffset="17" RelativeToClient="1" Font="Default" Text="" Template="Default" Name="AttachedItem2" BGColor="ffffffff" TextColor="ffffffff" Picture="1" TooltipColor="">
                <Event Name="GenerateTooltip" Function="OnTooltipAttachment"/>
            </Control>
            <Control Class="Window" LAnchorPoint="0" LAnchorOffset="35" TAnchorPoint="0" TAnchorOffset="1" RAnchorPoint="0" RAnchorOffset="51" BAnchorPoint="0" BAnchorOffset="17" RelativeToClient="1" Font="Default" Text="" Template="Default" Name="AttachedItem3" BGColor="ffffffff" TextColor="ffffffff" Picture="1" TooltipColor="">
                <Event Name="GenerateTooltip" Function="OnTooltipAttachment"/>
            </Control>
            <Control Class="Window" LAnchorPoint="0" LAnchorOffset="52" TAnchorPoint="0" TAnchorOffset="1" RAnchorPoint="0" RAnchorOffset="68" BAnchorPoint="0" BAnchorOffset="17" RelativeToClient="1" Font="Default" Text="" Template="Default" Name="AttachedItem4" BGColor="ffffffff" TextColor="ffffffff" Picture="1" TooltipColor="">
                <Event Name="GenerateTooltip" Function="OnTooltipAttachment"/>
            </Control>
            <Control Class="Window" LAnchorPoint="0" LAnchorOffset="69" TAnchorPoint="0" TAnchorOffset="1" RAnchorPoint="0" RAnchorOffset="85" BAnchorPoint="0" BAnchorOffset="17" RelativeToClient="1" Font="Default" Text="" Template="Default" Name="AttachedItem5" BGColor="ffffffff" TextColor="ffffffff" Picture="1" TooltipColor="">
                <Event Name="GenerateTooltip" Function="OnTooltipAttachment"/>
            </Control>
            <Control Class="Window" LAnchorPoint="0" LAnchorOffset="86" TAnchorPoint="0" TAnchorOffset="1" RAnchorPoint="0" RAnchorOffset="102" BAnchorPoint="0" BAnchorOffset="17" RelativeToClient="1" Font="Default" Text="" Template="Default" Name="AttachedItem6" BGColor="ffffffff" TextColor="ffffffff" Picture="1" TooltipColor="">
                <Event Name="GenerateTooltip" Function="OnTooltipAttachment"/>
            </Control>
            <Control Class="Window" LAnchorPoint="0" LAnchorOffset="103" TAnchorPoint="0" TAnchorOffset="1" RAnchorPoint="0" RAnchorOffset="119" BAnchorPoint="0" BAnchorOffset="17" RelativeToClient="1" Font="Default" Text="" Template="Default" Name="AttachedItem7" BGColor="ffffffff" TextColor="ffffffff" Picture="1" TooltipColor="">
                <Event Name="GenerateTooltip" Function="OnTooltipAttachment"/>
            </Control>
            <Control Class="Window" LAnchorPoint="0" LAnchorOffset="120" TAnchorPoint="0" TAnchorOffset="1" RAnchorPoint="0" RAnchorOffset="136" BAnchorPoint="0" BAnchorOffset="17" RelativeToClient="1" Font="Default" Text="" Template="Default" Name="AttachedItem8" BGColor="ffffffff" TextColor="ffffffff" Picture="1" TooltipColor="">
                <Event Name="GenerateTooltip" Function="OnTooltipAttachment"/>
            </Control>
            <Control Class="Window" LAnchorPoint="0" LAnchorOffset="137" TAnchorPoint="0" TAnchorOffset="1" RAnchorPoint="0" RAnchorOffset="153" BAnchorPoint="0" BAnchorOffset="17" RelativeToClient="1" Font="Default" Text="" Template="Default" Name="AttachedItem9" BGColor="ffffffff" TextColor="ffffffff" Picture="1" TooltipColor="">
                <Event Name="GenerateTooltip" Function="OnTooltipAttachment"/>
            </Control>
            <Control Class="Window" LAnchorPoint="0" LAnchorOffset="154" TAnchorPoint="0" TAnchorOffset="1" RAnchorPoint="0" RAnchorOffset="170" BAnchorPoint="0" BAnchorOffset="17" RelativeToClient="1" Font="Default" Text="" Template="Default" Name="AttachedItem10" BGColor="ffffffff" TextColor="ffffffff" Picture="1" TooltipColor="">
                <Event Name="GenerateTooltip" Function="OnTooltipAttachment"/>
            </Control>
        </Control>
    </Form>
    <Form Class="Window" LAnchorPoint="0" LAnchorOffset="421" TAnchorPoint="0" TAnchorOffset="120" RAnchorPoint="0" RAnchorOffset="842" BAnchorPoint="0" BAnchorOffset="627" RelativeToClient="1" Font="CRB_InterfaceMedium" Text="" Template="Default" Name="ComposeMessage" Border="0" Picture="0" SwallowMouseClicks="1" Moveable="1" Escapable="1" Overlapped="1" BGColor="ffffffff" TextColor="ffffffff" Visible="0" TooltipColor="" Tooltip="">
        <Control Class="Window" LAnchorPoint="0" LAnchorOffset="0" TAnchorPoint="0" TAnchorOffset="0" RAnchorPoint="1" RAnchorOffset="0" BAnchorPoint="1" BAnchorOffset="0" RelativeToClient="1" Font="Default" Text="" Template="Default" TooltipType="OnCursor" Name="ArtBG" BGColor="ffffffff" TextColor="ffffffff" TooltipColor="">
            <Control Class="Window" LAnchorPoint="0" LAnchorOffset="16" TAnchorPoint="0" TAnchorOffset="17" RAnchorPoint="1" RAnchorOffset="-16" BAnchorPoint="1" BAnchorOffset="-16" RelativeToClient="1" Font="Default" Text="" Template="Default" TooltipType="OnCursor" Name="ArtBG_Base" BGColor="ffffffff" TextColor="ffffffff" TooltipColor="" Picture="1" IgnoreMouse="1" Sprite="CRB_Basekit:kitBase_HoloHexes_Small">
                <Pixie LAnchorPoint="0" LAnchorOffset="0" TAnchorPoint="0" TAnchorOffset="-6" RAnchorPoint="1" RAnchorOffset="0" BAnchorPoint="0" BAnchorOffset="27" BGColor="ffffffff" Font="CRB_InterfaceMedium" TextColor="ff7fffb9" Text="" TextId="Mail_ComposeLabel" DT_CENTER="1" DT_VCENTER="0" DT_BOTTOM="1" Line="0"/>
                <Pixie LAnchorPoint="0" LAnchorOffset="46" TAnchorPoint="0" TAnchorOffset="29" RAnchorPoint="1" RAnchorOffset="-311" BAnchorPoint="0" BAnchorOffset="58" BGColor="ffffffff" Font="CRB_InterfaceMedium" TextColor="UI_TextHoloBody" Text="" TextId="CRB_To" DT_VCENTER="1" Line="0"/>
                <Pixie LAnchorPoint="0" LAnchorOffset="14" TAnchorPoint="0" TAnchorOffset="64" RAnchorPoint="1" RAnchorOffset="-319" BAnchorPoint="0" BAnchorOffset="91" BGColor="ffffffff" Font="CRB_InterfaceMedium" TextColor="UI_TextHoloBody" Text="" TextId="CRB_Subject" DT_VCENTER="1" Line="0"/>
                <Pixie LAnchorPoint="0" LAnchorOffset="27" TAnchorPoint="0" TAnchorOffset="97" RAnchorPoint="1" RAnchorOffset="-26" BAnchorPoint="0" BAnchorOffset="122" BGColor="ffffffff" Font="CRB_InterfaceMedium" TextColor="UI_TextHoloBody" Text="" TextId="Mail_MessageLabel" DT_CENTER="1" DT_VCENTER="0" Line="0"/>
                <Pixie LAnchorPoint="0" LAnchorOffset="23" TAnchorPoint="0" TAnchorOffset="298" RAnchorPoint="0" RAnchorOffset="110" BAnchorPoint="0" BAnchorOffset="319" BGColor="ffffffff" Font="CRB_InterfaceSmall" TextColor="UI_TextHoloBody" Text="" TextId="Mail_DeliveryDateLabel" DT_CENTER="0" DT_VCENTER="1" DT_BOTTOM="0" Line="0"/>
            </Control>
            <Control Class="Window" LAnchorPoint="0" LAnchorOffset="0" TAnchorPoint="0" TAnchorOffset="0" RAnchorPoint="1" RAnchorOffset="0" BAnchorPoint="1" BAnchorOffset="0" RelativeToClient="1" Font="Default" Text="" Template="Default" TooltipType="OnCursor" Name="ArtBG_Frame" BGColor="ffffffff" TextColor="ffffffff" TooltipColor="" Picture="1" IgnoreMouse="1" Sprite="CRB_Basekit:kitOuterFrame_MetalGold_Small1"/>
            <Control Class="Window" LAnchorPoint="0" LAnchorOffset="23" TAnchorPoint="1" TAnchorOffset="-171" RAnchorPoint="0" RAnchorOffset="205" BAnchorPoint="1" BAnchorOffset="-73" RelativeToClient="1" Font="Default" Text="" Template="Default" TooltipType="OnCursor" Name="AttachItemBack" BGColor="ffffffff" TextColor="ffffffff" TooltipColor="" Picture="1" IgnoreMouse="1" Sprite="CRB_Basekit:kitBase_HoloBlue_TinyNoGlow"/>
            <Control Class="Window" LAnchorPoint="0" LAnchorOffset="205" TAnchorPoint="1" TAnchorOffset="-171" RAnchorPoint="1" RAnchorOffset="-24" BAnchorPoint="1" BAnchorOffset="-73" RelativeToClient="1" Font="Default" Text="" Template="Default" TooltipType="OnCursor" Name="CashItemBack" BGColor="ffffffff" TextColor="ffffffff" TooltipColor="" Picture="1" IgnoreMouse="1" Sprite="CRB_Basekit:kitBase_HoloBlue_TinyNoGlow">
                <Control Class="Window" LAnchorPoint="0" LAnchorOffset="8" TAnchorPoint="0" TAnchorOffset="23" RAnchorPoint="1" RAnchorOffset="-8" BAnchorPoint="0" BAnchorOffset="58" RelativeToClient="1" Font="Default" Text="" Template="Default" TooltipType="OnCursor" Name="CashFraming" BGColor="ffffffff" TextColor="ffffffff" TooltipColor="" Picture="1" IgnoreMouse="1" Sprite="CRB_Basekit:kitInnerFrame_Holo_InputBox"/>
                <Control Class="Window" LAnchorPoint="0" LAnchorOffset="8" TAnchorPoint="0" TAnchorOffset="58" RAnchorPoint="1" RAnchorOffset="-8" BAnchorPoint="0" BAnchorOffset="91" RelativeToClient="1" Font="Default" Text="" Template="Default" TooltipType="OnCursor" Name="ButtonFraming" BGColor="ffffffff" TextColor="ffffffff" TooltipColor="" Picture="1" IgnoreMouse="1" Sprite="CRB_Basekit:kitInnerFrame_Holo_InputBox"/>
            </Control>
            <Control Class="Window" LAnchorPoint="0" LAnchorOffset="0" TAnchorPoint="1" TAnchorOffset="-86" RAnchorPoint="1" RAnchorOffset="0" BAnchorPoint="1" BAnchorOffset="1" RelativeToClient="1" Font="Default" Text="" Template="Default" TooltipType="OnCursor" Name="ArtBG_Footer" BGColor="ffffffff" TextColor="ffffffff" TooltipColor="" Picture="1" IgnoreMouse="1" Sprite="CRB_Basekit:kitFooter_MetalGold_Angled"/>
            <Control Class="Window" LAnchorPoint="0" LAnchorOffset="32" TAnchorPoint="1" TAnchorOffset="-56" RAnchorPoint="0" RAnchorOffset="193" BAnchorPoint="1" BAnchorOffset="-24" RelativeToClient="1" Font="Default" Text="" Template="Default" TooltipType="OnCursor" Name="ArtBG_FooterInlay" BGColor="ffffffff" TextColor="ffffffff" TooltipColor="" Picture="1" IgnoreMouse="1" Sprite="CRB_Basekit:kitInnerFrame_MetalGold_Inlay"/>
        </Control>
        <Control Class="Window" LAnchorPoint="0" LAnchorOffset="0" TAnchorPoint="1" TAnchorOffset="-171" RAnchorPoint="1" RAnchorOffset="-9" BAnchorPoint="1" BAnchorOffset="-10" RelativeToClient="1" Font="CRB_InterfaceMedium" Text="" Template="Default" Name="ArtAttachmentsBack" BGColor="ffffffff" TextColor="ffffffff" Picture="0" Sprite="CRB_UIKitSprites:spr_innerframePLAIN" TooltipColor="" HideInEditor="0" IgnoreMouse="1">
            <Control Class="Window" LAnchorPoint="0" LAnchorOffset="29" TAnchorPoint="0" TAnchorOffset="23" RAnchorPoint="0" RAnchorOffset="204" BAnchorPoint="0" BAnchorOffset="96" RelativeToClient="1" Font="CRB_InterfaceMedium" Text="" Template="Default" Name="AttachedItemsBack" BGColor="ffffffff" TextColor="ffffffff" Picture="0" Sprite="whitefill" TooltipColor="">
                <Control Class="Window" LAnchorPoint="0" LAnchorOffset="0" TAnchorPoint="0" TAnchorOffset="0" RAnchorPoint="0" RAnchorOffset="34" BAnchorPoint="0" BAnchorOffset="34" RelativeToClient="1" Font="CRB_InterfaceMedium" Text="" Template="Default" Name="SlotBack.1" BGColor="ffffffff" TextColor="ffffffff" Sprite="CRB_Basekit:kitInnerFrame_Holo_InputBox" Picture="1" TooltipColor="">
                    <Control Class="Window" LAnchorPoint="0" LAnchorOffset="2" TAnchorPoint="0" TAnchorOffset="2" RAnchorPoint="1" RAnchorOffset="-2" BAnchorPoint="1" BAnchorOffset="-2" RelativeToClient="1" Font="CRB_InterfaceSmall" Text="99" Template="Default" Name="Icon" BGColor="ffffffff" TextColor="ffffffff" Picture="1" DT_RIGHT="1" DT_BOTTOM="1" TooltipColor=""/>
                    <Event Name="MouseButtonDown" Function="OnClickAttachment"/>
                </Control>
                <Control Class="Window" LAnchorPoint="0" LAnchorOffset="34" TAnchorPoint="0" TAnchorOffset="0" RAnchorPoint="0" RAnchorOffset="68" BAnchorPoint="0" BAnchorOffset="34" RelativeToClient="1" Font="CRB_InterfaceMedium" Text="" Template="Default" Name="SlotBack.2" BGColor="ffffffff" TextColor="ffffffff" Sprite="CRB_Basekit:kitInnerFrame_Holo_InputBox" Picture="1" TooltipColor="">
                    <Control Class="Window" LAnchorPoint="0" LAnchorOffset="2" TAnchorPoint="0" TAnchorOffset="2" RAnchorPoint="1" RAnchorOffset="-2" BAnchorPoint="1" BAnchorOffset="-2" RelativeToClient="1" Font="CRB_InterfaceSmall" Text="99" Template="Default" Name="Icon" BGColor="ffffffff" TextColor="ffffffff" Picture="1" DT_RIGHT="1" DT_BOTTOM="1" TooltipColor=""/>
                    <Event Name="MouseButtonDown" Function="OnClickAttachment"/>
                </Control>
                <Control Class="Window" LAnchorPoint="0" LAnchorOffset="68" TAnchorPoint="0" TAnchorOffset="0" RAnchorPoint="0" RAnchorOffset="102" BAnchorPoint="0" BAnchorOffset="34" RelativeToClient="1" Font="CRB_InterfaceMedium" Text="" Template="Default" Name="SlotBack.3" BGColor="ffffffff" TextColor="ffffffff" Sprite="CRB_Basekit:kitInnerFrame_Holo_InputBox" Picture="1" TooltipColor="">
                    <Control Class="Window" LAnchorPoint="0" LAnchorOffset="2" TAnchorPoint="0" TAnchorOffset="2" RAnchorPoint="1" RAnchorOffset="-2" BAnchorPoint="1" BAnchorOffset="-2" RelativeToClient="1" Font="CRB_InterfaceSmall" Text="99" Template="Default" Name="Icon" BGColor="ffffffff" TextColor="ffffffff" Picture="1" DT_RIGHT="1" DT_BOTTOM="1"/>
                    <Event Name="MouseButtonDown" Function="OnClickAttachment"/>
                </Control>
                <Control Class="Window" LAnchorPoint="0" LAnchorOffset="102" TAnchorPoint="0" TAnchorOffset="0" RAnchorPoint="0" RAnchorOffset="136" BAnchorPoint="0" BAnchorOffset="34" RelativeToClient="1" Font="CRB_InterfaceMedium" Text="" Template="Default" Name="SlotBack.4" BGColor="ffffffff" TextColor="ffffffff" Sprite="CRB_Basekit:kitInnerFrame_Holo_InputBox" Picture="1" TooltipColor="">
                    <Control Class="Window" LAnchorPoint="0" LAnchorOffset="2" TAnchorPoint="0" TAnchorOffset="2" RAnchorPoint="1" RAnchorOffset="-2" BAnchorPoint="1" BAnchorOffset="-2" RelativeToClient="1" Font="CRB_InterfaceSmall" Text="99" Template="Default" Name="Icon" BGColor="ffffffff" TextColor="ffffffff" Picture="1" DT_RIGHT="1" DT_BOTTOM="1"/>
                    <Event Name="MouseButtonDown" Function="OnClickAttachment"/>
                </Control>
                <Control Class="Window" LAnchorPoint="0" LAnchorOffset="136" TAnchorPoint="0" TAnchorOffset="0" RAnchorPoint="0" RAnchorOffset="170" BAnchorPoint="0" BAnchorOffset="34" RelativeToClient="1" Font="CRB_InterfaceMedium" Text="" Template="Default" Name="SlotBack.5" BGColor="ffffffff" TextColor="ffffffff" Sprite="CRB_Basekit:kitInnerFrame_Holo_InputBox" Picture="1" TooltipColor="">
                    <Control Class="Window" LAnchorPoint="0" LAnchorOffset="2" TAnchorPoint="0" TAnchorOffset="2" RAnchorPoint="1" RAnchorOffset="-2" BAnchorPoint="1" BAnchorOffset="-2" RelativeToClient="1" Font="CRB_InterfaceSmall" Text="99" Template="Default" Name="Icon" BGColor="ffffffff" TextColor="ffffffff" Picture="1" DT_RIGHT="1" DT_BOTTOM="1"/>
                    <Event Name="MouseButtonDown" Function="OnClickAttachment"/>
                </Control>
                <Control Class="Window" LAnchorPoint="0" LAnchorOffset="0" TAnchorPoint="0" TAnchorOffset="35" RAnchorPoint="0" RAnchorOffset="34" BAnchorPoint="0" BAnchorOffset="69" RelativeToClient="1" Font="CRB_InterfaceMedium" Text="" Template="Default" Name="SlotBack.6" BGColor="ffffffff" TextColor="ffffffff" Sprite="CRB_Basekit:kitInnerFrame_Holo_InputBox" Picture="1" TooltipColor="">
                    <Control Class="Window" LAnchorPoint="0" LAnchorOffset="2" TAnchorPoint="0" TAnchorOffset="2" RAnchorPoint="1" RAnchorOffset="-2" BAnchorPoint="1" BAnchorOffset="-2" RelativeToClient="1" Font="CRB_InterfaceSmall" Text="99" Template="Default" Name="Icon" BGColor="ffffffff" TextColor="ffffffff" Picture="1" DT_RIGHT="1" DT_BOTTOM="1" TooltipColor=""/>
                    <Event Name="MouseButtonDown" Function="OnClickAttachment"/>
                </Control>
                <Control Class="Window" LAnchorPoint="0" LAnchorOffset="34" TAnchorPoint="0" TAnchorOffset="35" RAnchorPoint="0" RAnchorOffset="68" BAnchorPoint="0" BAnchorOffset="69" RelativeToClient="1" Font="CRB_InterfaceMedium" Text="" Template="Default" Name="SlotBack.7" BGColor="ffffffff" TextColor="ffffffff" Sprite="CRB_Basekit:kitInnerFrame_Holo_InputBox" Picture="1" TooltipColor="">
                    <Control Class="Window" LAnchorPoint="0" LAnchorOffset="2" TAnchorPoint="0" TAnchorOffset="2" RAnchorPoint="1" RAnchorOffset="-2" BAnchorPoint="1" BAnchorOffset="-2" RelativeToClient="1" Font="CRB_InterfaceSmall" Text="99" Template="Default" Name="Icon" BGColor="ffffffff" TextColor="ffffffff" Picture="1" DT_RIGHT="1" DT_BOTTOM="1" TooltipColor=""/>
                    <Event Name="MouseButtonDown" Function="OnClickAttachment"/>
                </Control>
                <Control Class="Window" LAnchorPoint="0" LAnchorOffset="68" TAnchorPoint="0" TAnchorOffset="35" RAnchorPoint="0" RAnchorOffset="102" BAnchorPoint="0" BAnchorOffset="69" RelativeToClient="1" Font="CRB_InterfaceMedium" Text="" Template="Default" Name="SlotBack.8" BGColor="ffffffff" TextColor="ffffffff" Sprite="CRB_Basekit:kitInnerFrame_Holo_InputBox" Picture="1" TooltipColor="">
                    <Control Class="Window" LAnchorPoint="0" LAnchorOffset="2" TAnchorPoint="0" TAnchorOffset="2" RAnchorPoint="1" RAnchorOffset="-2" BAnchorPoint="1" BAnchorOffset="-2" RelativeToClient="1" Font="CRB_InterfaceSmall" Text="99" Template="Default" Name="Icon" BGColor="ffffffff" TextColor="ffffffff" Picture="1" DT_RIGHT="1" DT_BOTTOM="1"/>
                    <Event Name="MouseButtonDown" Function="OnClickAttachment"/>
                </Control>
                <Control Class="Window" LAnchorPoint="0" LAnchorOffset="102" TAnchorPoint="0" TAnchorOffset="35" RAnchorPoint="0" RAnchorOffset="136" BAnchorPoint="0" BAnchorOffset="69" RelativeToClient="1" Font="CRB_InterfaceMedium" Text="" Template="Default" Name="SlotBack.9" BGColor="ffffffff" TextColor="ffffffff" Sprite="CRB_Basekit:kitInnerFrame_Holo_InputBox" Picture="1" TooltipColor="">
                    <Control Class="Window" LAnchorPoint="0" LAnchorOffset="2" TAnchorPoint="0" TAnchorOffset="2" RAnchorPoint="1" RAnchorOffset="-2" BAnchorPoint="1" BAnchorOffset="-2" RelativeToClient="1" Font="CRB_InterfaceSmall" Text="99" Template="Default" Name="Icon" BGColor="ffffffff" TextColor="ffffffff" Picture="1" DT_RIGHT="1" DT_BOTTOM="1"/>
                    <Event Name="MouseButtonDown" Function="OnClickAttachment"/>
                </Control>
                <Control Class="Window" LAnchorPoint="0" LAnchorOffset="136" TAnchorPoint="0" TAnchorOffset="35" RAnchorPoint="0" RAnchorOffset="170" BAnchorPoint="0" BAnchorOffset="69" RelativeToClient="1" Font="CRB_InterfaceMedium" Text="" Template="Default" Name="SlotBack.10" BGColor="ffffffff" TextColor="ffffffff" Sprite="CRB_Basekit:kitInnerFrame_Holo_InputBox" Picture="1" TooltipColor="">
                    <Control Class="Window" LAnchorPoint="0" LAnchorOffset="2" TAnchorPoint="0" TAnchorOffset="2" RAnchorPoint="1" RAnchorOffset="-2" BAnchorPoint="1" BAnchorOffset="-2" RelativeToClient="1" Font="CRB_InterfaceSmall" Text="99" Template="Default" Name="Icon" BGColor="ffffffff" TextColor="ffffffff" Picture="1" DT_RIGHT="1" DT_BOTTOM="1" TooltipColor=""/>
                    <Event Name="MouseButtonDown" Function="OnClickAttachment"/>
                </Control>
            </Control>
            <Control Class="Window" LAnchorPoint="0" LAnchorOffset="37" TAnchorPoint="0" TAnchorOffset="117" RAnchorPoint="0" RAnchorOffset="154" BAnchorPoint="0" BAnchorOffset="141" RelativeToClient="1" Font="CRB_InterfaceMedium" Text="" Template="Default" Name="ArtCostBacker" BGColor="ffffffff" TextColor="ffffffff" Picture="0" Sprite="" TooltipColor="" IgnoreMouse="1">
                <Pixie LAnchorPoint="0" LAnchorOffset="3" TAnchorPoint="0" TAnchorOffset="1" RAnchorPoint="1" RAnchorOffset="23" BAnchorPoint="1" BAnchorOffset="3" BGColor="ffffffff" Font="CRB_InterfaceMedium" TextColor="ff9a8460" TextId="CRB_Cost" DT_VCENTER="1" Line="0"/>
            </Control>
            <Pixie LAnchorPoint="0" LAnchorOffset="33" TAnchorPoint="0" TAnchorOffset="6" RAnchorPoint="0" RAnchorOffset="194" BAnchorPoint="0" BAnchorOffset="22" BGColor="ffffffff" Font="CRB_InterfaceSmall" TextColor="UI_TextHoloBody" TextId="CRB_Attachments" DT_CENTER="1" DT_VCENTER="1" Line="0"/>
            <Pixie LAnchorPoint="0" LAnchorOffset="237" TAnchorPoint="0" TAnchorOffset="6" RAnchorPoint="0" RAnchorOffset="366" BAnchorPoint="0" BAnchorOffset="22" BGColor="ffffffff" Font="CRB_InterfaceSmall" TextColor="UI_TextHoloBody" TextId="CRB_Cash" DT_CENTER="1" DT_VCENTER="1" Line="0"/>
        </Control>
        <Control Class="Button" Base="CRB_Basekit:kitBtn_Close" Font="CRB_InterfaceMedium" ButtonType="PushButton" RadioGroup="" LAnchorPoint="1" LAnchorOffset="-36" TAnchorPoint="0" TAnchorOffset="9" RAnchorPoint="1" RAnchorOffset="-6" BAnchorPoint="0" BAnchorOffset="39" DT_VCENTER="1" DT_CENTER="1" Name="CloseBtn" BGColor="ffffffff" TextColor="ffffffff" NewControlDepth="1" TooltipColor="" NormalTextColor="ffffffff" PressedTextColor="ffffffff" FlybyTextColor="ffffffff" PressedFlybyTextColor="ffffffff" DisabledTextColor="ffffffff" Text="">
            <Event Name="ButtonSignal" Function="OnCancelBtn"/>
        </Control>
        <Control Class="Button" Base="CRB_Basekit:kitBtn_Holo_DatachronOption" Font="CRB_InterfaceMedium" ButtonType="Check" RadioGroup="" LAnchorPoint="1" LAnchorOffset="-202" TAnchorPoint="0" TAnchorOffset="364" RAnchorPoint="1" RAnchorOffset="-120" BAnchorPoint="0" BAnchorOffset="388" DT_VCENTER="1" DT_CENTER="1" Name="CashSendBtn" BGColor="ffffffff" TextColor="ffffffff" CheckboxRight="0" DrawAsCheckbox="0" DT_RIGHT="0" TestAlpha="1" GlobalRadioGroup="" NewControlDepth="2" TextId="CRB_Send" TooltipColor="" NormalTextColor="UI_TextHoloBody" PressedTextColor="ffffffff" FlybyTextColor="ff31fcf6" PressedFlybyTextColor="ffffffff" DisabledTextColor="4f2f94ac" Text="">
            <Event Name="ButtonCheck" Function="OnMoneySendCheck"/>
            <Event Name="ButtonUncheck" Function="OnMoneySendUncheck"/>
        </Control>
        <Control Class="Button" Base="CRB_Basekit:kitBtn_Holo_DatachronOption" Font="CRB_InterfaceMedium" ButtonType="Check" RadioGroup="" LAnchorPoint="1" LAnchorOffset="-120" TAnchorPoint="0" TAnchorOffset="364" RAnchorPoint="1" RAnchorOffset="-38" BAnchorPoint="0" BAnchorOffset="388" DT_VCENTER="1" DT_CENTER="1" Name="CashCODBtn" BGColor="ffffffff" TextColor="ffffffff" CheckboxRight="0" DrawAsCheckbox="0" DT_RIGHT="0" TestAlpha="1" GlobalRadioGroup="" NewControlDepth="2" TextId="Mail_RequestMoney" TooltipColor="" NormalTextColor="UI_TextHoloBody" PressedTextColor="ffffffff" FlybyTextColor="ff31fcf6" PressedFlybyTextColor="ffffffff" DisabledTextColor="4f2f94ac" Text="">
            <Event Name="ButtonCheck" Function="OnMoneyCODCheck"/>
            <Event Name="ButtonUncheck" Function="OnMoneyCODUncheck"/>
        </Control>
        <Control Class="Button" Base="CRB_Basekit:kitBtn_Holo_Red" Font="CRB_InterfaceMedium" ButtonType="PushButton" RadioGroup="" LAnchorPoint="1" LAnchorOffset="-128" TAnchorPoint="1" TAnchorOffset="-65" RAnchorPoint="1" RAnchorOffset="-32" BAnchorPoint="1" BAnchorOffset="-28" DT_VCENTER="1" DT_CENTER="1" Name="CancelBtn" BGColor="ffffffff" TextColor="ffffffff" WindowSoundTemplate="PushbuttonDigi01" TextId="CRB_Cancel" TooltipColor="" NormalTextColor="UI_BtnTextRedNormal" PressedTextColor="UI_BtnTextRedPressed" FlybyTextColor="UI_BtnTextRedFlyby" PressedFlybyTextColor="UI_BtnTextRedPressedFlyby" DisabledTextColor="UI_BtnTextRedDisabled">
            <Event Name="ButtonSignal" Function="OnCancelBtn"/>
        </Control>
        <Control Class="ActionConfirmButton" Base="CRB_Basekit:kitBtn_Metal_LargeGreen" Font="CRB_InterfaceMedium" ButtonType="PushButton" RadioGroup="" LAnchorPoint="1" LAnchorOffset="-228" TAnchorPoint="1" TAnchorOffset="-65" RAnchorPoint="1" RAnchorOffset="-133" BAnchorPoint="1" BAnchorOffset="-28" DT_VCENTER="1" DT_CENTER="1" Name="SendBtn" BGColor="ffffffff" TextColor="ffffffff" WindowSoundTemplate="TogglePhys02" TextId="CRB_Send" TooltipColor="" NormalTextColor="ffffffff" PressedTextColor="ffffffff" FlybyTextColor="ffffffff" PressedFlybyTextColor="ffffffff" DisabledTextColor="ffffffff" Tooltip="">
            <Event Name="EmailSent" Function="OnEmailSent"/>
        </Control>
        <Control Class="Window" LAnchorPoint="0" LAnchorOffset="5" TAnchorPoint="0" TAnchorOffset="50" RAnchorPoint="1" RAnchorOffset="-5" BAnchorPoint="1" BAnchorOffset="-194" RelativeToClient="1" Font="CRB_InterfaceMedium" Text="" Template="Default" Name="MessageEntryComplex" BGColor="ffffffff" TextColor="ffffffff" TooltipColor="">
            <Control Class="EditBox" LAnchorPoint="0" LAnchorOffset="85" TAnchorPoint="0" TAnchorOffset="2" RAnchorPoint="0" RAnchorOffset="386" BAnchorPoint="0" BAnchorOffset="22" RelativeToClient="1" Font="CRB_InterfaceMedium" Text="" Template="Default" Name="NameEntryText" BGColor="ffffffff" TextColor="ffffffff" TabStop="1" TooltipColor="" DT_VCENTER="1" TextId="">
                <Event Name="EditBoxChanged" Function="OnInfoChanged"/>
            </Control>
            <Control Class="EditBox" LAnchorPoint="0" LAnchorOffset="228" TAnchorPoint="0" TAnchorOffset="5" RAnchorPoint="0" RAnchorOffset="336" BAnchorPoint="0" BAnchorOffset="25" RelativeToClient="1" Font="CRB_InterfaceMedium" Text="" Template="Default" Name="RealmEntryText" BGColor="ffffffff" TextColor="ffffffff" TabStop="1" TooltipColor="" Visible="0">
                <Event Name="EditBoxChanged" Function="OnInfoChanged"/>
            </Control>
            <Control Class="EditBox" LAnchorPoint="0" LAnchorOffset="85" TAnchorPoint="0" TAnchorOffset="35" RAnchorPoint="0" RAnchorOffset="384" BAnchorPoint="0" BAnchorOffset="55" RelativeToClient="1" Font="CRB_InterfaceMedium" Text="" Template="Default" Name="SubjectEntryText" BGColor="ffffffff" TextColor="ffffffff" TabStop="1" TooltipColor="" DT_WORDBREAK="0" DT_VCENTER="1">
                <Event Name="EditBoxChanged" Function="OnInfoChanged"/>
            </Control>
            <Control Class="EditBox" LAnchorPoint="0" LAnchorOffset="33" TAnchorPoint="0" TAnchorOffset="90" RAnchorPoint="1" RAnchorOffset="-28" BAnchorPoint="1" BAnchorOffset="-6" RelativeToClient="1" Font="CRB_InterfaceMedium" Text="" Template="CRB_Scroll_HoloSmall" Name="MessageEntryText" BGColor="ffffffff" TextColor="ffffffff" DT_WORDBREAK="1" VScroll="1" MultiLine="1" WantReturn="1" TabStop="1" TooltipColor="" AutoHideScroll="1">
                <Event Name="EditBoxChanged" Function="OnInfoChanged"/>
            </Control>
        </Control>
        <Control Class="CashWindow" LAnchorPoint="0" LAnchorOffset="205" TAnchorPoint="0" TAnchorOffset="399" RAnchorPoint="1" RAnchorOffset="-39" BAnchorPoint="0" BAnchorOffset="421" RelativeToClient="1" Font="CRB_InterfaceMedium" Text="" Template="Default" Name="CashWindow" BGColor="ffffffff" TextColor="ffffffff" AllowEditing="1" DT_RIGHT="1" SkipZeroes="1" TabStop="1" TooltipColor="">
            <Event Name="CashWindowAmountChanged" Function="OnCashAmountChanged"/>
        </Control>
        <Event Name="WindowClosed" Function="OnClosed"/>
        <Event Name="QueryDragDrop" Function="OnQueryDragDrop"/>
        <Event Name="DragDrop" Function="OnDragDrop"/>
        <Control Class="Window" LAnchorPoint="0" LAnchorOffset="24" TAnchorPoint="1" TAnchorOffset="-151" RAnchorPoint="0" RAnchorOffset="204" BAnchorPoint="1" BAnchorOffset="-74" RelativeToClient="1" Font="Default" Text="" Template="Default" TooltipType="OnCursor" Name="AttachmentMailboxBlocker" BGColor="ffffffff" TextColor="ffffffff" TooltipColor="" NewControlDepth="20">
            <Control Class="Window" LAnchorPoint="0" LAnchorOffset="0" TAnchorPoint="0" TAnchorOffset="0" RAnchorPoint="1" RAnchorOffset="0" BAnchorPoint="1" BAnchorOffset="0" RelativeToClient="1" Font="Default" Text="" Template="Default" TooltipType="OnCursor" Name="BlockerBase" BGColor="ffffffff" TextColor="ffffffff" TooltipColor="" Picture="1" IgnoreMouse="1" Sprite="CRB_Basekit:kitBase_HoloBlue_SmallGreenCorners">
                <Pixie LAnchorPoint="0" LAnchorOffset="10" TAnchorPoint="0" TAnchorOffset="10" RAnchorPoint="1" RAnchorOffset="-10" BAnchorPoint="1" BAnchorOffset="-10" BGColor="ffffffff" Font="CRB_InterfaceMedium" TextColor="UI_TextHoloBody" Text="" TextId="Mail_BlockerText" DT_CENTER="1" DT_VCENTER="1" DT_WORDBREAK="1" Line="0"/>
            </Control>
            <Control Class="Window" LAnchorPoint="0" LAnchorOffset="0" TAnchorPoint="0" TAnchorOffset="0" RAnchorPoint="1" RAnchorOffset="0" BAnchorPoint="1" BAnchorOffset="0" RelativeToClient="1" Font="Default" Text="" Template="Default" TooltipType="OnCursor" Name="BlockerBase1" BGColor="ffffffff" TextColor="ffffffff" TooltipColor="" Picture="1" IgnoreMouse="1" Sprite="CRB_Basekit:kitBase_HoloBlue_SmallGreenCorners"/>
        </Control>
        <Control Class="Window" LAnchorPoint="0" LAnchorOffset="219" TAnchorPoint="1" TAnchorOffset="-107" RAnchorPoint="1" RAnchorOffset="-38" BAnchorPoint="1" BAnchorOffset="-86" RelativeToClient="1" Font="Default" Text="" Template="Default" TooltipType="OnCursor" Name="CashEntryBlock" BGColor="bf000000" TextColor="ffffffff" TooltipColor="" Sprite="WhiteFill" Picture="1" IgnoreMouse="1"/>
        <Control Class="CashWindow" LAnchorPoint="0" LAnchorOffset="32" TAnchorPoint="0" TAnchorOffset="446" RAnchorPoint="0" RAnchorOffset="187" BAnchorPoint="0" BAnchorOffset="486" TooltipType="OnCursor" RelativeToClient="1" Font="CRB_InterfaceSmall" Text="" Template="Default" BGColor="ffffffff" TextColor="ffffffff" DT_RIGHT="1" Name="MailCostWindow" TooltipColor="" HideInEditor="0"/>
        <Control Class="Button" Base="CRB_Basekit:kitBtn_Holo_DatachronOption" Font="CRB_InterfaceMedium" ButtonType="Check" RadioGroup="" LAnchorPoint="1" LAnchorOffset="-297" TAnchorPoint="0" TAnchorOffset="314" RAnchorPoint="1" RAnchorOffset="-210" BAnchorPoint="0" BAnchorOffset="338" DT_VCENTER="1" DT_CENTER="1" Name="InstantDeliveryBtn" BGColor="ffffffff" TextColor="ffffffff" CheckboxRight="0" DrawAsCheckbox="0" DT_RIGHT="0" TestAlpha="1" GlobalRadioGroup="DeliverySpeed" NewControlDepth="2" TextId="CRB_Instant" TooltipColor="" NormalTextColor="UI_TextHoloBody" PressedTextColor="ffffffff" FlybyTextColor="ff31fcf6" PressedFlybyTextColor="ffffffff" DisabledTextColor="4f2f94ac" Text="">
            <Event Name="ButtonCheck" Function="OnInstantDeliveryCheck"/>
        </Control>
        <Control Class="Button" Base="CRB_Basekit:kitBtn_Holo_DatachronOption" Font="CRB_InterfaceMedium" ButtonType="Check" RadioGroup="" LAnchorPoint="1" LAnchorOffset="-206" TAnchorPoint="0" TAnchorOffset="314" RAnchorPoint="1" RAnchorOffset="-119" BAnchorPoint="0" BAnchorOffset="338" DT_VCENTER="1" DT_CENTER="1" Name="HourDeliveryBtn" BGColor="ffffffff" TextColor="ffffffff" CheckboxRight="0" DrawAsCheckbox="0" DT_RIGHT="0" TestAlpha="1" GlobalRadioGroup="DeliverySpeed" NewControlDepth="2" TextId="Mail_Hour" TooltipColor="" NormalTextColor="UI_TextHoloBody" PressedTextColor="ffffffff" FlybyTextColor="ff31fcf6" PressedFlybyTextColor="ffffffff" DisabledTextColor="4f2f94ac" Text="">
            <Event Name="ButtonCheck" Function="OnHourDeliveryCheck"/>
        </Control>
        <Control Class="Button" Base="CRB_Basekit:kitBtn_Holo_DatachronOption" Font="CRB_InterfaceMedium" ButtonType="Check" RadioGroup="" LAnchorPoint="1" LAnchorOffset="-115" TAnchorPoint="0" TAnchorOffset="314" RAnchorPoint="1" RAnchorOffset="-29" BAnchorPoint="0" BAnchorOffset="338" DT_VCENTER="1" DT_CENTER="1" Name="DayDeliveryBtn" BGColor="ffffffff" TextColor="ffffffff" CheckboxRight="0" DrawAsCheckbox="0" DT_RIGHT="0" TestAlpha="1" GlobalRadioGroup="DeliverySpeed" NewControlDepth="2" TextId="Mail_Day" TooltipColor="" NormalTextColor="UI_TextHoloBody" PressedTextColor="ffffffff" FlybyTextColor="ff31fcf6" PressedFlybyTextColor="ffffffff" DisabledTextColor="4f2f94ac" Text="" RadioAlwaysSignal="0">
            <Event Name="ButtonCheck" Function="OnDayDeliveryCheck"/>
        </Control>
        <Control Class="Window" LAnchorPoint="0" LAnchorOffset="83" TAnchorPoint="0" TAnchorOffset="48" RAnchorPoint="1" RAnchorOffset="-27" BAnchorPoint="1" BAnchorOffset="-430" RelativeToClient="1" Font="Default" Text="" Template="Default" TooltipType="OnCursor" Name="ToBacker" BGColor="ffffffff" TextColor="ffffffff" TooltipColor="" Picture="1" IgnoreMouse="1" Sprite="CRB_Basekit:kitInnerFrame_Holo_InputBox"/>
        <Control Class="Window" LAnchorPoint="0" LAnchorOffset="83" TAnchorPoint="0" TAnchorOffset="80" RAnchorPoint="1" RAnchorOffset="-27" BAnchorPoint="1" BAnchorOffset="-398" RelativeToClient="1" Font="Default" Text="" Template="Default" TooltipType="OnCursor" Name="SubjectBacker" BGColor="ffffffff" TextColor="ffffffff" TooltipColor="" Picture="1" IgnoreMouse="1" Sprite="CRB_Basekit:kitInnerFrame_Holo_InputBox"/>
        <Control Class="Window" LAnchorPoint="0" LAnchorOffset="28" TAnchorPoint="0" TAnchorOffset="133" RAnchorPoint="1" RAnchorOffset="-25" BAnchorPoint="1" BAnchorOffset="-195" RelativeToClient="1" Font="Default" Text="" Template="Default" TooltipType="OnCursor" Name="MessageBacker" BGColor="ffffffff" TextColor="ffffffff" TooltipColor="" Picture="1" IgnoreMouse="1" Sprite="CRB_Basekit:kitInnerFrame_Holo_InputBox"/>
        <Control Class="Window" LAnchorPoint="1" LAnchorOffset="-53" TAnchorPoint="0" TAnchorOffset="83" RAnchorPoint="1" RAnchorOffset="-29" BAnchorPoint="0" BAnchorOffset="107" RelativeToClient="1" Font="Default" Text="" Template="Default" TooltipType="OnCursor" Name="InvalidSubjectInputWarning" BGColor="ffffffff" TextColor="ffffffff" TooltipColor="" Picture="1" IgnoreMouse="1" Sprite="CRB_Basekit:kitIcon_NewDisabled" Tooltip="" Visible="0" TooltipFont="CRB_InterfaceSmall_O" TooltipId="CRB_ThereIsInvalidInput" NewControlDepth="1"/>
        <Control Class="Window" LAnchorPoint="1" LAnchorOffset="-53" TAnchorPoint="0" TAnchorOffset="285" RAnchorPoint="1" RAnchorOffset="-29" BAnchorPoint="0" BAnchorOffset="309" RelativeToClient="1" Font="Default" Text="" Template="Default" TooltipType="OnCursor" Name="InvalidBodyInputWarning" BGColor="ffffffff" TextColor="ffffffff" TooltipColor="" Picture="1" IgnoreMouse="1" Sprite="CRB_Basekit:kitIcon_NewDisabled" Tooltip="" Visible="0" TooltipFont="CRB_InterfaceSmall_O" TooltipId="CRB_ThereIsInvalidInput" NewControlDepth="1"/>
    </Form>
    <Form Class="Window" LAnchorPoint="0" LAnchorOffset="440" TAnchorPoint="0" TAnchorOffset="139" RAnchorPoint="0" RAnchorOffset="806" BAnchorPoint="0" BAnchorOffset="567" RelativeToClient="1" Font="CRB_InterfaceMedium" Text="" Template="Default" Name="MailMessage" Border="0" Picture="0" SwallowMouseClicks="1" Moveable="1" Escapable="1" Overlapped="1" BGColor="ffffffff" TextColor="ffffffff" Visible="0" TooltipColor="">
        <Control Class="Window" LAnchorPoint="0" LAnchorOffset="0" TAnchorPoint="0" TAnchorOffset="1" RAnchorPoint="1" RAnchorOffset="0" BAnchorPoint="1" BAnchorOffset="1" RelativeToClient="1" Font="CRB_InterfaceMedium" Text="" Template="Default" Name="BaseArt" BGColor="ffffffff" TextColor="ffffffff" HideInEditor="0" TooltipColor="">
            <Control Class="Window" LAnchorPoint="0" LAnchorOffset="0" TAnchorPoint="0" TAnchorOffset="0" RAnchorPoint="1" RAnchorOffset="0" BAnchorPoint="1" BAnchorOffset="-48" RelativeToClient="1" Font="Default" Text="" Template="Default" TooltipType="OnCursor" Name="BGArt_Base" BGColor="ffffffff" TextColor="ffffffff" TooltipColor="" Picture="1" IgnoreMouse="1" Sprite="CRB_Basekit:kitBase_HoloHexes_Small"/>
            <Control Class="Window" LAnchorPoint="0" LAnchorOffset="0" TAnchorPoint="0" TAnchorOffset="46" RAnchorPoint="1" RAnchorOffset="0" BAnchorPoint="1" BAnchorOffset="-66" RelativeToClient="1" Font="CRB_InterfaceMedium" Text="" Template="CRB_HologramFramedThin" Name="ArtContentBack" BGColor="ffffffff" TextColor="ffffffff" Picture="0" Sprite="" Border="0" UseTemplateBG="0" HideInEditor="0" TooltipColor="" IgnoreMouse="1">
                <Control Class="Window" LAnchorPoint="0" LAnchorOffset="4" TAnchorPoint="0" TAnchorOffset="0" RAnchorPoint="1" RAnchorOffset="-4" BAnchorPoint="1" BAnchorOffset="-79" RelativeToClient="1" Font="Default" Text="" Template="Default" TooltipType="OnCursor" Name="ArtBG_ContentBack" BGColor="ffffffff" TextColor="ffffffff" TooltipColor="" Picture="1" IgnoreMouse="1" Sprite="CRB_Basekit:kitBase_HoloBlue_Small" Visible="0" HideInEditor="1"/>
                <Control Class="Window" LAnchorPoint="0" LAnchorOffset="55" TAnchorPoint="1" TAnchorOffset="-126" RAnchorPoint="0" RAnchorOffset="142" BAnchorPoint="1" BAnchorOffset="-106" RelativeToClient="1" Font="CRB_InterfaceMedium_I" Template="Default" Name="ArtAttachmentsText" BGColor="ffffffff" TextColor="ff32fcf6" TextId="CRB_Attachments_1" TooltipColor="" Visible="0" HideInEditor="1"/>
                <Control Class="Window" LAnchorPoint="0" LAnchorOffset="0" TAnchorPoint="1" TAnchorOffset="-87" RAnchorPoint="1" RAnchorOffset="0" BAnchorPoint="1" BAnchorOffset="3" RelativeToClient="1" Font="Default" Text="" Template="Default" TooltipType="OnCursor" Name="ArtBG_AttachmentAssets" BGColor="ffffffff" TextColor="ffffffff" TooltipColor="" HideInEditor="0">
                    <Control Class="Window" LAnchorPoint="0" LAnchorOffset="-1" TAnchorPoint="0" TAnchorOffset="2" RAnchorPoint="1" RAnchorOffset="1" BAnchorPoint="1" BAnchorOffset="-61" RelativeToClient="1" Font="Default" Text="" Template="Default" TooltipType="OnCursor" Name="ArtBG_AttachmentBack" BGColor="ffffffff" TextColor="ffffffff" TooltipColor="" Picture="1" IgnoreMouse="1" Sprite="CRB_Basekit:kitDivider_Horiz_HoloSolid" HideInEditor="0" NoClip="1"/>
                    <Control Class="Window" LAnchorPoint="0" LAnchorOffset="6" TAnchorPoint="1" TAnchorOffset="-77" RAnchorPoint="0" RAnchorOffset="186" BAnchorPoint="1" BAnchorOffset="-41" RelativeToClient="1" Font="CRB_InterfaceMedium" Text="" Template="Default" Name="CashSlotBack1" BGColor="ffffffff" TextColor="ffffffff" Sprite="CRB_Basekit:kitInnerFrame_Holo_InputBox" Picture="1" TooltipColor="" NewControlDepth="3">
                        <Event Name="MouseButtonDown" Function="OnClickAttachment"/>
                    </Control>
                    <Control Class="Window" LAnchorPoint="0" LAnchorOffset="186" TAnchorPoint="1" TAnchorOffset="-77" RAnchorPoint="0" RAnchorOffset="222" BAnchorPoint="1" BAnchorOffset="-41" RelativeToClient="1" Font="CRB_InterfaceMedium" Text="" Template="Default" Name="ItemSlotBack.1" BGColor="ffffffff" TextColor="ffffffff" Sprite="CRB_Basekit:kitInnerFrame_Holo_InputBox" Picture="1" TooltipColor="" NewControlDepth="3">
                        <Control Class="Window" LAnchorPoint="0" LAnchorOffset="5" TAnchorPoint="0" TAnchorOffset="5" RAnchorPoint="1" RAnchorOffset="-5" BAnchorPoint="1" BAnchorOffset="-5" RelativeToClient="1" Font="CRB_InterfaceSmall" Text="99" Template="Default" Name="Icon" BGColor="ffffffff" TextColor="ffffffff" Picture="1" DT_RIGHT="1" DT_BOTTOM="1" TooltipColor="">
                            <Event Name="GenerateTooltip" Function="OnTooltipAttachment"/>
                        </Control>
                        <Event Name="MouseButtonDown" Function="OnClickAttachment"/>
                    </Control>
                    <Control Class="Window" LAnchorPoint="0" LAnchorOffset="220" TAnchorPoint="1" TAnchorOffset="-77" RAnchorPoint="0" RAnchorOffset="256" BAnchorPoint="1" BAnchorOffset="-41" RelativeToClient="1" Font="CRB_InterfaceMedium" Text="" Template="Default" Name="ItemSlotBack.2" BGColor="ffffffff" TextColor="ffffffff" Sprite="CRB_Basekit:kitInnerFrame_Holo_InputBox" Picture="1" TooltipColor="" NewControlDepth="3">
                        <Control Class="Window" LAnchorPoint="0" LAnchorOffset="5" TAnchorPoint="0" TAnchorOffset="5" RAnchorPoint="1" RAnchorOffset="-5" BAnchorPoint="1" BAnchorOffset="-5" RelativeToClient="1" Font="CRB_InterfaceSmall" Text="99" Template="Default" Name="Icon" BGColor="ffffffff" TextColor="ffffffff" Picture="1" DT_RIGHT="1" DT_BOTTOM="1" TooltipColor="">
                            <Event Name="GenerateTooltip" Function="OnTooltipAttachment"/>
                        </Control>
                        <Event Name="MouseButtonDown" Function="OnClickAttachment"/>
                    </Control>
                    <Control Class="Window" LAnchorPoint="0" LAnchorOffset="254" TAnchorPoint="1" TAnchorOffset="-77" RAnchorPoint="0" RAnchorOffset="290" BAnchorPoint="1" BAnchorOffset="-41" RelativeToClient="1" Font="CRB_InterfaceMedium" Text="" Template="Default" Name="ItemSlotBack.3" BGColor="ffffffff" TextColor="ffffffff" Sprite="CRB_Basekit:kitInnerFrame_Holo_InputBox" Picture="1" TooltipColor="" NewControlDepth="3">
                        <Control Class="Window" LAnchorPoint="0" LAnchorOffset="5" TAnchorPoint="0" TAnchorOffset="5" RAnchorPoint="1" RAnchorOffset="-5" BAnchorPoint="1" BAnchorOffset="-5" RelativeToClient="1" Font="CRB_InterfaceSmall" Text="99" Template="Default" Name="Icon" BGColor="ffffffff" TextColor="ffffffff" Picture="1" DT_RIGHT="1" DT_BOTTOM="1" TooltipColor="">
                            <Event Name="GenerateTooltip" Function="OnTooltipAttachment"/>
                        </Control>
                        <Event Name="MouseButtonDown" Function="OnClickAttachment"/>
                    </Control>
                    <Control Class="Window" LAnchorPoint="0" LAnchorOffset="288" TAnchorPoint="1" TAnchorOffset="-77" RAnchorPoint="0" RAnchorOffset="324" BAnchorPoint="1" BAnchorOffset="-41" RelativeToClient="1" Font="CRB_InterfaceMedium" Text="" Template="Default" Name="ItemSlotBack.4" BGColor="ffffffff" TextColor="ffffffff" Sprite="CRB_Basekit:kitInnerFrame_Holo_InputBox" Picture="1" TooltipColor="" NewControlDepth="3">
                        <Control Class="Window" LAnchorPoint="0" LAnchorOffset="5" TAnchorPoint="0" TAnchorOffset="5" RAnchorPoint="1" RAnchorOffset="-5" BAnchorPoint="1" BAnchorOffset="-5" RelativeToClient="1" Font="CRB_InterfaceSmall" Text="99" Template="Default" Name="Icon" BGColor="ffffffff" TextColor="ffffffff" Picture="1" DT_RIGHT="1" DT_BOTTOM="1" TooltipColor="">
                            <Event Name="GenerateTooltip" Function="OnTooltipAttachment"/>
                        </Control>
                        <Event Name="MouseButtonDown" Function="OnClickAttachment"/>
                    </Control>
                    <Control Class="Window" LAnchorPoint="0" LAnchorOffset="322" TAnchorPoint="1" TAnchorOffset="-77" RAnchorPoint="0" RAnchorOffset="358" BAnchorPoint="1" BAnchorOffset="-41" RelativeToClient="1" Font="CRB_InterfaceMedium" Text="" Template="Default" Name="ItemSlotBack.5" BGColor="ffffffff" TextColor="ffffffff" Sprite="CRB_Basekit:kitInnerFrame_Holo_InputBox" Picture="1" TooltipColor="" NewControlDepth="3">
                        <Control Class="Window" LAnchorPoint="0" LAnchorOffset="5" TAnchorPoint="0" TAnchorOffset="5" RAnchorPoint="1" RAnchorOffset="-5" BAnchorPoint="1" BAnchorOffset="-5" RelativeToClient="1" Font="CRB_InterfaceSmall" Text="99" Template="Default" Name="Icon" BGColor="ffffffff" TextColor="ffffffff" Picture="1" DT_RIGHT="1" DT_BOTTOM="1" TooltipColor="">
                            <Event Name="GenerateTooltip" Function="OnTooltipAttachment"/>
                        </Control>
                        <Event Name="MouseButtonDown" Function="OnClickAttachment"/>
                    </Control>
                    <Control Class="Window" LAnchorPoint="0" LAnchorOffset="186" TAnchorPoint="1" TAnchorOffset="-43" RAnchorPoint="0" RAnchorOffset="222" BAnchorPoint="1" BAnchorOffset="-7" RelativeToClient="1" Font="CRB_InterfaceMedium" Text="" Template="Default" Name="ItemSlotBack.6" BGColor="ffffffff" TextColor="ffffffff" Sprite="CRB_Basekit:kitInnerFrame_Holo_InputBox" Picture="1" TooltipColor="" NewControlDepth="3">
                        <Control Class="Window" LAnchorPoint="0" LAnchorOffset="5" TAnchorPoint="0" TAnchorOffset="5" RAnchorPoint="1" RAnchorOffset="-5" BAnchorPoint="1" BAnchorOffset="-5" RelativeToClient="1" Font="CRB_InterfaceSmall" Text="99" Template="Default" Name="Icon" BGColor="ffffffff" TextColor="ffffffff" Picture="1" DT_RIGHT="1" DT_BOTTOM="1" TooltipColor="">
                            <Event Name="GenerateTooltip" Function="OnTooltipAttachment"/>
                        </Control>
                        <Event Name="MouseButtonDown" Function="OnClickAttachment"/>
                    </Control>
                    <Control Class="Window" LAnchorPoint="0" LAnchorOffset="220" TAnchorPoint="1" TAnchorOffset="-43" RAnchorPoint="0" RAnchorOffset="256" BAnchorPoint="1" BAnchorOffset="-7" RelativeToClient="1" Font="CRB_InterfaceMedium" Text="" Template="Default" Name="ItemSlotBack.7" BGColor="ffffffff" TextColor="ffffffff" Sprite="CRB_Basekit:kitInnerFrame_Holo_InputBox" Picture="1" TooltipColor="" NewControlDepth="3">
                        <Control Class="Window" LAnchorPoint="0" LAnchorOffset="5" TAnchorPoint="0" TAnchorOffset="5" RAnchorPoint="1" RAnchorOffset="-5" BAnchorPoint="1" BAnchorOffset="-5" RelativeToClient="1" Font="CRB_InterfaceSmall" Text="99" Template="Default" Name="Icon" BGColor="ffffffff" TextColor="ffffffff" Picture="1" DT_RIGHT="1" DT_BOTTOM="1" TooltipColor="">
                            <Event Name="GenerateTooltip" Function="OnTooltipAttachment"/>
                        </Control>
                        <Event Name="MouseButtonDown" Function="OnClickAttachment"/>
                    </Control>
                    <Control Class="Window" LAnchorPoint="0" LAnchorOffset="254" TAnchorPoint="1" TAnchorOffset="-43" RAnchorPoint="0" RAnchorOffset="290" BAnchorPoint="1" BAnchorOffset="-7" RelativeToClient="1" Font="CRB_InterfaceMedium" Text="" Template="Default" Name="ItemSlotBack.8" BGColor="ffffffff" TextColor="ffffffff" Sprite="CRB_Basekit:kitInnerFrame_Holo_InputBox" Picture="1" TooltipColor="" NewControlDepth="3">
                        <Control Class="Window" LAnchorPoint="0" LAnchorOffset="5" TAnchorPoint="0" TAnchorOffset="5" RAnchorPoint="1" RAnchorOffset="-5" BAnchorPoint="1" BAnchorOffset="-5" RelativeToClient="1" Font="CRB_InterfaceSmall" Text="99" Template="Default" Name="Icon" BGColor="ffffffff" TextColor="ffffffff" Picture="1" DT_RIGHT="1" DT_BOTTOM="1" TooltipColor="">
                            <Event Name="GenerateTooltip" Function="OnTooltipAttachment"/>
                        </Control>
                        <Event Name="MouseButtonDown" Function="OnClickAttachment"/>
                    </Control>
                    <Control Class="Window" LAnchorPoint="0" LAnchorOffset="288" TAnchorPoint="1" TAnchorOffset="-43" RAnchorPoint="0" RAnchorOffset="324" BAnchorPoint="1" BAnchorOffset="-7" RelativeToClient="1" Font="CRB_InterfaceMedium" Text="" Template="Default" Name="ItemSlotBack.9" BGColor="ffffffff" TextColor="ffffffff" Sprite="CRB_Basekit:kitInnerFrame_Holo_InputBox" Picture="1" TooltipColor="" NewControlDepth="3">
                        <Control Class="Window" LAnchorPoint="0" LAnchorOffset="5" TAnchorPoint="0" TAnchorOffset="5" RAnchorPoint="1" RAnchorOffset="-5" BAnchorPoint="1" BAnchorOffset="-5" RelativeToClient="1" Font="CRB_InterfaceSmall" Text="99" Template="Default" Name="Icon" BGColor="ffffffff" TextColor="ffffffff" Picture="1" DT_RIGHT="1" DT_BOTTOM="1" TooltipColor="">
                            <Event Name="GenerateTooltip" Function="OnTooltipAttachment"/>
                        </Control>
                        <Event Name="MouseButtonDown" Function="OnClickAttachment"/>
                    </Control>
                    <Control Class="Window" LAnchorPoint="0" LAnchorOffset="322" TAnchorPoint="1" TAnchorOffset="-43" RAnchorPoint="0" RAnchorOffset="358" BAnchorPoint="1" BAnchorOffset="-7" RelativeToClient="1" Font="CRB_InterfaceMedium" Text="" Template="Default" Name="ItemSlotBack.10" BGColor="ffffffff" TextColor="ffffffff" Sprite="CRB_Basekit:kitInnerFrame_Holo_InputBox" Picture="1" TooltipColor="" NewControlDepth="3">
                        <Control Class="Window" LAnchorPoint="0" LAnchorOffset="5" TAnchorPoint="0" TAnchorOffset="5" RAnchorPoint="1" RAnchorOffset="-5" BAnchorPoint="1" BAnchorOffset="-5" RelativeToClient="1" Font="CRB_InterfaceSmall" Text="99" Template="Default" Name="Icon" BGColor="ffffffff" TextColor="ffffffff" Picture="1" DT_RIGHT="1" DT_BOTTOM="1" TooltipColor="">
                            <Event Name="GenerateTooltip" Function="OnTooltipAttachment"/>
                        </Control>
                        <Event Name="MouseButtonDown" Function="OnClickAttachment"/>
                    </Control>
                </Control>
            </Control>
            <Control Class="Window" LAnchorPoint="0" LAnchorOffset="-1" TAnchorPoint="1" TAnchorOffset="-77" RAnchorPoint="1" RAnchorOffset="1" BAnchorPoint="1" BAnchorOffset="0" RelativeToClient="1" Font="CRB_InterfaceMedium" Text="" Template="Default" Name="ArtButtonBack" BGColor="ffffffff" TextColor="ffffffff" Sprite="CRB_Basekit:kitFooter_MetalGrey_Angled" Picture="1" HideInEditor="0" TooltipColor="" IgnoreMouse="1" NoClip="1">
                <Control Class="Window" LAnchorPoint="0" LAnchorOffset="17" TAnchorPoint="1" TAnchorOffset="-64" RAnchorPoint="1" RAnchorOffset="-16" BAnchorPoint="1" BAnchorOffset="-15" RelativeToClient="1" Font="CRB_InterfaceMedium" Text="" Template="Default" Name="MessageButtonSlot" BGColor="ffffffff" TextColor="ffffffff" Picture="1" Sprite="CRB_Basekit:kitBase_HoloTeal_Border" TooltipColor=""/>
            </Control>
            <Control Class="Window" LAnchorPoint="0" LAnchorOffset="-4" TAnchorPoint="0" TAnchorOffset="-3" RAnchorPoint="1" RAnchorOffset="4" BAnchorPoint="1" BAnchorOffset="-284" RelativeToClient="1" Font="Default" Text="" Template="Default" TooltipType="OnCursor" Name="BGArt_UpperCorners" BGColor="ffffffff" TextColor="ffffffff" TooltipColor="" Picture="1" IgnoreMouse="1" Sprite="CRB_Basekit:kitBase_HoloBlue_MetalCornersTop" NoClip="1"/>
            <Control Class="Window" LAnchorPoint="0" LAnchorOffset="-2" TAnchorPoint="0" TAnchorOffset="45" RAnchorPoint="1" RAnchorOffset="2" BAnchorPoint="0" BAnchorOffset="66" RelativeToClient="1" Font="Default" Text="" Template="Default" TooltipType="OnCursor" Name="BGArt_Divider" BGColor="ffffffff" TextColor="ffffffff" TooltipColor="" Picture="1" IgnoreMouse="1" Sprite="CRB_Basekit:kitDivider_Horiz_HoloSolid" NoClip="1"/>
        </Control>
        <Control Class="CashWindow" LAnchorPoint="0" LAnchorOffset="12" TAnchorPoint="1" TAnchorOffset="-138" RAnchorPoint="0" RAnchorOffset="178" BAnchorPoint="1" BAnchorOffset="-103" RelativeToClient="1" Font="CRB_InterfaceMedium" Text="" Template="CRB_Default" Name="Gift" BGColor="ffffffff" TextColor="ffffffff" SkipZeroes="1" Border="0" Visible="1" HideInEditor="0" Picture="0" UseTemplateBG="1" NoClip="0" TooltipColor="" NewControlDepth="12" DT_CENTER="0" DT_RIGHT="1"/>
        <Control Class="Window" LAnchorPoint="0" LAnchorOffset="2" TAnchorPoint="0" TAnchorOffset="5" RAnchorPoint="1" RAnchorOffset="-8" BAnchorPoint="1" BAnchorOffset="-70" RelativeToClient="1" Font="CRB_InterfaceMedium" Text="" Template="Default" Name="ContentComplex" BGColor="ffffffff" TextColor="ffffffff" NewControlDepth="1" HideInEditor="0" TooltipColor="">
            <Control Class="Window" LAnchorPoint="0" LAnchorOffset="65" TAnchorPoint="0" TAnchorOffset="23" RAnchorPoint="0" RAnchorOffset="338" BAnchorPoint="0" BAnchorOffset="43" RelativeToClient="1" Font="CRB_InterfaceMedium" Template="Default" Name="NameText" BGColor="ffffffff" TextColor="ff31fcf6" TextId="CRB_Name" TooltipColor="" DT_BOTTOM="1"/>
            <Control Class="Window" LAnchorPoint="0" LAnchorOffset="0" TAnchorPoint="0" TAnchorOffset="5" RAnchorPoint="1" RAnchorOffset="0" BAnchorPoint="0" BAnchorOffset="28" RelativeToClient="1" Font="CRB_InterfaceLarge" Template="Default" Name="SubjectText" BGColor="ffffffff" TextColor="ff7fffb9" TextId="CRB_Subject_1" TooltipColor="" DT_CENTER="1"/>
            <Control Class="EditBox" LAnchorPoint="0" LAnchorOffset="9" TAnchorPoint="0" TAnchorOffset="55" RAnchorPoint="1" RAnchorOffset="-4" BAnchorPoint="1" BAnchorOffset="-76" RelativeToClient="1" Font="CRB_InterfaceMedium" Template="CRB_Scroll_HoloLarge" Name="MessageText" BGColor="ffffffff" TextColor="ff31fcf6" DT_WORDBREAK="1" VScroll="1" DT_SINGLELINE="0" DT_BOTTOM="0" DT_VCENTER="0" TextId="CRB_Message" ReadOnly="1" MultiLine="1" TooltipColor="" AutoHideScroll="1"/>
            <Control Class="Window" LAnchorPoint="0" LAnchorOffset="8" TAnchorPoint="0" TAnchorOffset="26" RAnchorPoint="0" RAnchorOffset="24" BAnchorPoint="0" BAnchorOffset="42" RelativeToClient="1" Font="Default" Text="" Template="Default" Name="SenderIcon" BGColor="ffffffff" TextColor="ffffffff" Picture="1" Sprite="WhiteFill" TooltipColor=""/>
        </Control>
        <Control Class="Window" LAnchorPoint="0" LAnchorOffset="0" TAnchorPoint="0" TAnchorOffset="0" RAnchorPoint="1" RAnchorOffset="0" BAnchorPoint="1" BAnchorOffset="0" RelativeToClient="1" Font="CRB_InterfaceMedium" Text="" Template="Default" Name="SentControls" BGColor="ffffffff" TextColor="ffffffff" NewControlDepth="2" HideInEditor="0" Visible="0" TooltipColor="">
            <Control Class="Window" LAnchorPoint="0" LAnchorOffset="28" TAnchorPoint="1" TAnchorOffset="-35" RAnchorPoint="1" RAnchorOffset="-29" BAnchorPoint="1" BAnchorOffset="-10" RelativeToClient="1" Font="CRB_InterfaceMedium" Text="" Template="Default" Name="SentButtonSeparators" BGColor="ffffffff" TextColor="ffffffff" TooltipColor="">
                <Control Class="Window" LAnchorPoint="0" LAnchorOffset="93" TAnchorPoint="0" TAnchorOffset="0" RAnchorPoint="0" RAnchorOffset="110" BAnchorPoint="1" BAnchorOffset="0" RelativeToClient="1" Font="CRB_InterfaceMedium" Text="" Template="Default" Name="Separator1" BGColor="ffffffff" TextColor="ffffffff" Picture="1" Sprite="CRB_UIKitSprites:spr_HologramOptionsFilterSeparator" TooltipColor=""/>
                <Control Class="Window" LAnchorPoint="0" LAnchorOffset="191" TAnchorPoint="0" TAnchorOffset="0" RAnchorPoint="0" RAnchorOffset="208" BAnchorPoint="1" BAnchorOffset="0" RelativeToClient="1" Font="CRB_InterfaceMedium" Text="" Template="Default" Name="Separator2" BGColor="ffffffff" TextColor="ffffffff" Picture="1" Sprite="CRB_UIKitSprites:spr_HologramOptionsFilterSeparator" TooltipColor=""/>
            </Control>
            <Control Class="Window" LAnchorPoint="0" LAnchorOffset="0" TAnchorPoint="0" TAnchorOffset="3" RAnchorPoint="1" RAnchorOffset="0" BAnchorPoint="0" BAnchorOffset="46" RelativeToClient="1" Font="CRB_InterfaceMedium" Template="Default" Name="SentText" BGColor="ffffffff" TextColor="ffc0c0c0" DT_CENTER="1" DT_VCENTER="1" TextId="CRB_Sent_Message" TooltipColor=""/>
            <Control Class="Window" LAnchorPoint="0" LAnchorOffset="12" TAnchorPoint="1" TAnchorOffset="-420" RAnchorPoint="0" RAnchorOffset="54" BAnchorPoint="1" BAnchorOffset="-400" RelativeToClient="1" Font="CRB_InterfaceMedium_I" Template="Default" Name="SentToText" BGColor="ffffffff" TextColor="ff32fcf6" TextId="CRB_To" TooltipColor=""/>
            <Control Class="Window" LAnchorPoint="0" LAnchorOffset="12" TAnchorPoint="1" TAnchorOffset="-68" RAnchorPoint="0" RAnchorOffset="54" BAnchorPoint="1" BAnchorOffset="-48" RelativeToClient="1" Font="CRB_InterfaceMedium_I" Template="Default" Name="StatusLabelText" BGColor="ffffffff" TextColor="ff32fcf6" TextId="CRB_Status" TooltipColor=""/>
            <Control Class="Button" Base="DatachronSprites:btnHousingOptions" Font="CRB_InterfaceSmall" ButtonType="PushButton" RadioGroup="" LAnchorPoint="0" LAnchorOffset="30" TAnchorPoint="0" TAnchorOffset="444" RAnchorPoint="0" RAnchorOffset="126" BAnchorPoint="0" BAnchorOffset="461" DT_VCENTER="1" DT_CENTER="1" Name="SentRecallBtn" BGColor="ffffffff" TextColor="ff27aead" WindowSoundTemplate="PushbuttonDigi03" NormalTextColor="ff27aead" PressedTextColor="ff32fcf6" FlybyTextColor="ff32fcf6" PressedFlybyTextColor="ff32fcf6" DisabledTextColor="ff204b52" NewControlDepth="3" TextId="CRB_Recall" Text="" TooltipColor="">
                <Event Name="ButtonSignal" Function="OnSentRecallBtn"/>
            </Control>
            <Control Class="Button" Base="DatachronSprites:btnHousingOptions" Font="CRB_InterfaceSmall" ButtonType="PushButton" RadioGroup="" LAnchorPoint="0" LAnchorOffset="127" TAnchorPoint="0" TAnchorOffset="444" RAnchorPoint="0" RAnchorOffset="224" BAnchorPoint="0" BAnchorOffset="461" DT_VCENTER="1" DT_CENTER="1" Name="SentEditBtn" BGColor="ffffffff" TextColor="ff27aead" WindowSoundTemplate="PushbuttonDigi03" NormalTextColor="ff27aead" PressedTextColor="ff32fcf6" FlybyTextColor="ff32fcf6" PressedFlybyTextColor="ff32fcf6" DisabledTextColor="ff204b52" NewControlDepth="3" TextId="CRB_Edit" Text="" TooltipColor="">
                <Event Name="ButtonSignal" Function="OnSentEditBtn"/>
            </Control>
            <Control Class="Button" Base="DatachronSprites:btnHousingOptions" Font="CRB_InterfaceSmall" ButtonType="PushButton" RadioGroup="" LAnchorPoint="0" LAnchorOffset="225" TAnchorPoint="0" TAnchorOffset="444" RAnchorPoint="0" RAnchorOffset="318" BAnchorPoint="0" BAnchorOffset="461" DT_VCENTER="1" DT_CENTER="1" Name="SentDeleteBtn" BGColor="ffffffff" TextColor="ff27aead" WindowSoundTemplate="PushbuttonDigi03" NormalTextColor="ff27aead" PressedTextColor="ff32fcf6" FlybyTextColor="ff32fcf6" PressedFlybyTextColor="ff32fcf6" DisabledTextColor="ff204b52" NewControlDepth="3" TextId="CRB_Delete" Text="" TooltipColor="">
                <Event Name="ButtonSignal" Function="OnSentDeleteBtn"/>
            </Control>
            <Control Class="Window" LAnchorPoint="0" LAnchorOffset="53" TAnchorPoint="1" TAnchorOffset="-68" RAnchorPoint="0" RAnchorOffset="341" BAnchorPoint="1" BAnchorOffset="-48" RelativeToClient="1" Font="CRB_InterfaceMedium" Template="Default" Name="StatusText" BGColor="ffffffff" TextColor="ff32fcf6" TextId="CRB_Status_Display" TooltipColor=""/>
        </Control>
        <Control Class="Window" LAnchorPoint="0" LAnchorOffset="0" TAnchorPoint="0" TAnchorOffset="0" RAnchorPoint="1" RAnchorOffset="0" BAnchorPoint="1" BAnchorOffset="0" RelativeToClient="1" Font="CRB_InterfaceMedium" Text="" Template="Default" Name="RecievedControls" BGColor="ffffffff" TextColor="ffffffff" NewControlDepth="2" HideInEditor="0" TooltipColor="">
            <Control Class="Button" Base="CRB_Basekit:kitBtn_Holo_Large" Font="CRB_InterfaceSmall" ButtonType="PushButton" RadioGroup="" LAnchorPoint="0" LAnchorOffset="8" TAnchorPoint="1" TAnchorOffset="-104" RAnchorPoint="0" RAnchorOffset="184" BAnchorPoint="1" BAnchorOffset="-70" DT_VCENTER="1" DT_CENTER="1" Name="ReceiveTakeCashBtn" BGColor="ffffffff" TextColor="ffffffff" NormalTextColor="UI_BtnTextHoloListNormal" PressedTextColor="UI_BtnTextHoloListPressed" FlybyTextColor="UI_BtnTextHoloListFlyby" PressedFlybyTextColor="UI_BtnTextHoloListPressedFlyby" DisabledTextColor="UI_BtnTextHoloListDisabled" NewControlDepth="3" TextId="CRB_Take_cash" Text="" TooltipColor="">
                <Event Name="ButtonSignal" Function="OnTakeCashBtn"/>
            </Control>
            <Control Class="Button" Base="CRB_Basekit:kitBtn_List_HoloSort" Font="CRB_InterfaceSmall" ButtonType="PushButton" RadioGroup="" LAnchorPoint="0" LAnchorOffset="9" TAnchorPoint="0" TAnchorOffset="388" RAnchorPoint="1" RAnchorOffset="-9" BAnchorPoint="0" BAnchorOffset="408" DT_VCENTER="1" DT_CENTER="1" Name="ReceiveTakeAllBtn" BGColor="ffffffff" TextColor="ff27aead" WindowSoundTemplate="PushbuttonDigi03" NormalTextColor="UI_BtnTextHoloListNormal" PressedTextColor="UI_BtnTextHoloListPressed" FlybyTextColor="UI_BtnTextHoloListFlyby" PressedFlybyTextColor="UI_BtnTextHoloListPressedFlyby" DisabledTextColor="UI_BtnTextHoloListDisabled" NewControlDepth="3" TextId="Mail_TakeAllItems" Text="" TooltipColor="" HideInEditor="1" Visible="0">
                <Event Name="ButtonSignal" Function="OnTakeAllBtn"/>
            </Control>
            <Control Class="Button" Base="CRB_Basekit:kitBtn_Holo" Font="CRB_InterfaceSmall" ButtonType="PushButton" RadioGroup="" LAnchorPoint="0" LAnchorOffset="27" TAnchorPoint="1" TAnchorOffset="-52" RAnchorPoint="0" RAnchorOffset="130" BAnchorPoint="1" BAnchorOffset="-25" DT_VCENTER="1" DT_CENTER="1" Name="ReceiveReplyBtn" BGColor="ffffffff" TextColor="ff27aead" WindowSoundTemplate="PushbuttonDigi03" NormalTextColor="UI_BtnTextHoloListNormal" PressedTextColor="UI_BtnTextHoloListPressed" FlybyTextColor="UI_BtnTextHoloListFlyby" PressedFlybyTextColor="UI_BtnTextHoloListPressedFlyby" DisabledTextColor="UI_BtnTextHoloListDisabled" NewControlDepth="3" TextId="CRB_Reply" TooltipColor="">
                <Event Name="ButtonSignal" Function="OnReplyBtn"/>
            </Control>
            <Control Class="Button" Base="CRB_Basekit:kitBtn_Holo" Font="CRB_InterfaceSmall" ButtonType="PushButton" RadioGroup="" LAnchorPoint="0" LAnchorOffset="132" TAnchorPoint="1" TAnchorOffset="-52" RAnchorPoint="0" RAnchorOffset="235" BAnchorPoint="1" BAnchorOffset="-25" DT_VCENTER="1" DT_CENTER="1" Name="ReceiveReturnBtn" BGColor="ffffffff" TextColor="ff27aead" WindowSoundTemplate="PushbuttonDigi03" NormalTextColor="UI_BtnTextHoloListNormal" PressedTextColor="UI_BtnTextHoloListPressed" FlybyTextColor="UI_BtnTextHoloListFlyby" PressedFlybyTextColor="UI_BtnTextHoloListPressedFlyby" DisabledTextColor="UI_BtnTextHoloListDisabled" NewControlDepth="3" TextId="CRB_Return" TooltipColor="">
                <Event Name="ButtonSignal" Function="OnReturnBtn"/>
            </Control>
            <Control Class="Button" Base="CRB_Basekit:kitBtn_Holo" Font="CRB_InterfaceSmall" ButtonType="PushButton" RadioGroup="" LAnchorPoint="0" LAnchorOffset="237" TAnchorPoint="1" TAnchorOffset="-52" RAnchorPoint="0" RAnchorOffset="341" BAnchorPoint="1" BAnchorOffset="-25" DT_VCENTER="1" DT_CENTER="1" Name="ReceiveDeleteBtn" BGColor="ffffffff" TextColor="ff27aead" WindowSoundTemplate="PushbuttonDigi03" NormalTextColor="UI_BtnTextHoloListNormal" PressedTextColor="UI_BtnTextHoloListPressed" FlybyTextColor="UI_BtnTextHoloListFlyby" PressedFlybyTextColor="UI_BtnTextHoloListPressedFlyby" DisabledTextColor="UI_BtnTextHoloListDisabled" NewControlDepth="3" TextId="CRB_Delete" Text="" TooltipColor="">
                <Event Name="ButtonSignal" Function="OnDeleteBtn"/>
            </Control>
            <Pixie LAnchorPoint="0" LAnchorOffset="32" TAnchorPoint="0" TAnchorOffset="29" RAnchorPoint="0" RAnchorOffset="74" BAnchorPoint="0" BAnchorOffset="48" BGColor="ffffffff" Font="CRB_InterfaceMedium" TextColor="UI_TextHoloBody" TextId="CRB_From" DT_BOTTOM="1" Line="0"/>
        </Control>
        <Control Class="Window" LAnchorPoint="0" LAnchorOffset="0" TAnchorPoint="0" TAnchorOffset="0" RAnchorPoint="1" RAnchorOffset="0" BAnchorPoint="1" BAnchorOffset="0" RelativeToClient="1" Font="CRB_InterfaceMedium" Text="" Template="Default" Name="CODFrame" BGColor="ffffffff" TextColor="ffffffff" SwallowMouseClicks="1" NewControlDepth="20" HideInEditor="1" Visible="1" TooltipColor="">
            <Control Class="Window" LAnchorPoint="0" LAnchorOffset="2" TAnchorPoint="0" TAnchorOffset="3" RAnchorPoint="1" RAnchorOffset="-3" BAnchorPoint="1" BAnchorOffset="-71" RelativeToClient="1" Font="CRB_InterfaceMedium" Text="" Template="Default" Name="FlatBlocker" BGColor="80000000" TextColor="ffffffff" Picture="1" SwallowMouseClicks="1" Sprite="WhiteFill" HideInEditor="0" TooltipColor=""/>
            <Control Class="Window" LAnchorPoint="0" LAnchorOffset="-8" TAnchorPoint="0" TAnchorOffset="-8" RAnchorPoint="1" RAnchorOffset="7" BAnchorPoint="1" BAnchorOffset="-60" RelativeToClient="1" Font="CRB_InterfaceMedium" Text="" Template="Default" Name="GlowFrame" BGColor="ffffffff" TextColor="ffffffff" Picture="1" SwallowMouseClicks="1" Sprite="CRB_Basekit:kitAccent_Frame_OrangeStrokePulse" NewControlDepth="11" HideInEditor="1" TooltipColor="" IgnoreMouse="1" NoClip="1"/>
            <Control Class="Window" LAnchorPoint="0" LAnchorOffset="1" TAnchorPoint="1" TAnchorOffset="-70" RAnchorPoint="1" RAnchorOffset="1" BAnchorPoint="1" BAnchorOffset="9" RelativeToClient="1" Font="CRB_InterfaceMedium" Text="" Template="CRB_NormalFramedThin" Name="ButtonBacker" BGColor="ffffffff" TextColor="ffffffff" Picture="0" Sprite="CRB_Basekit:kitInnerFrame_MetalGrey_Small" NoClip="1" NewControlDepth="12" Border="0" TooltipColor="" IgnoreMouse="1">
                <Control Class="Window" LAnchorPoint="0" LAnchorOffset="8" TAnchorPoint="0" TAnchorOffset="4" RAnchorPoint="1" RAnchorOffset="-6" BAnchorPoint="1" BAnchorOffset="-5" RelativeToClient="1" Font="Default" Text="" Template="Default" TooltipType="OnCursor" Name="BGArt_Base" BGColor="ffffffff" TextColor="ffffffff" TooltipColor="" Sprite="CRB_Basekit:kitBase_MetalGold_Small" Picture="1" IgnoreMouse="1" NoClip="0"/>
                <Control Class="Window" LAnchorPoint="0" LAnchorOffset="-8" TAnchorPoint="0" TAnchorOffset="-8" RAnchorPoint="1" RAnchorOffset="8" BAnchorPoint="1" BAnchorOffset="7" RelativeToClient="1" Font="Default" Text="" Template="Default" TooltipType="OnCursor" Name="BGArt_Fame" BGColor="ffffffff" TextColor="ffffffff" TooltipColor="" Sprite="CRB_Basekit:kitInnerFrame_MetalGrey_Medium" Picture="1" IgnoreMouse="1" NoClip="1"/>
                <Control Class="Window" LAnchorPoint="0" LAnchorOffset="16" TAnchorPoint="0" TAnchorOffset="14" RAnchorPoint="1" RAnchorOffset="-174" BAnchorPoint="0" BAnchorOffset="32" RelativeToClient="1" Font="CRB_InterfaceMedium" Template="Default" Name="CostText" BGColor="ff9a8460" TextColor="ff9a8460" DT_WORDBREAK="1" TextId="Mail_CODCost" TooltipColor="" HideInEditor="0" Text=""/>
                <Control Class="Window" LAnchorPoint="1" LAnchorOffset="-204" TAnchorPoint="0" TAnchorOffset="10" RAnchorPoint="1" RAnchorOffset="-12" BAnchorPoint="0" BAnchorOffset="36" RelativeToClient="1" Font="CRB_InterfaceMedium" Text="" Template="Default" Name="CashBack" BGColor="ffffffff" TextColor="ffffffff" Picture="1" Sprite="CRB_Basekit:kitInnerFrame_MetalGold_Inlay" TooltipColor="" HideInEditor="0"/>
                <Control Class="Button" Base="CRB_Basekit:kitBtn_Metal_MediumGreen" Font="CRB_InterfaceMedium_B" ButtonType="PushButton" RadioGroup="" LAnchorPoint="0" LAnchorOffset="59" TAnchorPoint="0" TAnchorOffset="40" RAnchorPoint="0" RAnchorOffset="179" BAnchorPoint="0" BAnchorOffset="72" DT_VCENTER="1" DT_CENTER="1" Name="AcceptCODBtn" BGColor="ffffffff" TextColor="ffffffff" WindowSoundTemplate="TogglePhys01" NewControlDepth="12" TextId="CRB_Accept" TooltipColor="" NormalTextColor="ff80ff80" PressedTextColor="ffffffff" FlybyTextColor="ffffffff" PressedFlybyTextColor="ffffffff" DisabledTextColor="ff4f4235" HideInEditor="0">
                    <Event Name="ButtonSignal" Function="OnAcceptCODBtn"/>
                </Control>
                <Control Class="Button" Base="CRB_Basekit:kitBtn_Metal_MediumRed" Font="CRB_InterfaceMedium_B" ButtonType="PushButton" RadioGroup="" LAnchorPoint="0" LAnchorOffset="172" TAnchorPoint="0" TAnchorOffset="39" RAnchorPoint="0" RAnchorOffset="292" BAnchorPoint="0" BAnchorOffset="71" DT_VCENTER="1" DT_CENTER="1" Name="RejectCODBtn" BGColor="ffffffff" TextColor="ffffffff" WindowSoundTemplate="TogglePhys01" NewControlDepth="12" TextId="CRB_Reject" TooltipColor="" NormalTextColor="ffbe6565" PressedTextColor="ffffffff" FlybyTextColor="ffffffff" PressedFlybyTextColor="ffffffff" DisabledTextColor="ff4f4235" HideInEditor="0">
                    <Event Name="ButtonSignal" Function="OnRejectCODBtn"/>
                </Control>
                <Control Class="CashWindow" LAnchorPoint="1" LAnchorOffset="-194" TAnchorPoint="0" TAnchorOffset="12" RAnchorPoint="1" RAnchorOffset="-22" BAnchorPoint="0" BAnchorOffset="32" RelativeToClient="1" Font="CRB_InterfaceMedium" Text="" Template="Default" Name="CODCash" BGColor="ffffffff" TextColor="ffffffff" SkipZeroes="1" DT_RIGHT="1" TooltipColor="" HideInEditor="0"/>
            </Control>
        </Control>
        <Control Class="Button" Base="CRB_Basekit:kitBtn_Close" Font="CRB_InterfaceMedium" ButtonType="PushButton" RadioGroup="" LAnchorPoint="1" LAnchorOffset="-24" TAnchorPoint="0" TAnchorOffset="-1" RAnchorPoint="1" RAnchorOffset="10" BAnchorPoint="0" BAnchorOffset="27" DT_VCENTER="1" DT_CENTER="1" Name="MessageCloseBtn" BGColor="ffffffff" TextColor="ffffffff" WindowSoundTemplate="CloseWindowPhys" NewControlDepth="2" TooltipColor="" NormalTextColor="ffffffff" PressedTextColor="ffffffff" FlybyTextColor="ffffffff" PressedFlybyTextColor="ffffffff" DisabledTextColor="ffffffff" NewWindowDepth="1">
            <Event Name="ButtonSignal" Function="OnCloseBtn"/>
        </Control>
        <Event Name="WindowClosed" Function="OnClosed"/>
    </Form>
    <Form Class="Window" LAnchorPoint=".5" LAnchorOffset="-250" TAnchorPoint=".5" TAnchorOffset="-100" RAnchorPoint=".5" RAnchorOffset="250" BAnchorPoint=".5" BAnchorOffset="123" RelativeToClient="1" Font="CRB_InterfaceMedium" Text="" Template="Default" Name="ErrorMessage" Border="0" Picture="0" SwallowMouseClicks="1" Moveable="1" Escapable="1" Overlapped="1" BGColor="ffffffff" TextColor="ffffffff" Visible="1" TooltipColor="" Tooltip="">
        <Control Class="Window" LAnchorPoint="0" LAnchorOffset="0" TAnchorPoint="0" TAnchorOffset="0" RAnchorPoint="1" RAnchorOffset="0" BAnchorPoint="1" BAnchorOffset="0" RelativeToClient="1" Font="Default" Text="" Template="Default" TooltipType="OnCursor" Name="ArtBG" BGColor="ffffffff" TextColor="ffffffff" TooltipColor="">
            <Control Class="Window" LAnchorPoint="0" LAnchorOffset="15" TAnchorPoint="0" TAnchorOffset="15" RAnchorPoint="1" RAnchorOffset="-15" BAnchorPoint="1" BAnchorOffset="-15" RelativeToClient="1" Font="Default" Text="" Template="Default" TooltipType="OnCursor" Name="ArtBG_Base" BGColor="ffffffff" TextColor="ffffffff" TooltipColor="" Picture="1" IgnoreMouse="1" Sprite="CRB_Basekit:kitBase_HoloHexes_Small"/>
            <Control Class="Window" LAnchorPoint="0" LAnchorOffset="0" TAnchorPoint="0" TAnchorOffset="0" RAnchorPoint="1" RAnchorOffset="0" BAnchorPoint="1" BAnchorOffset="0" RelativeToClient="1" Font="Default" Text="" Template="Default" TooltipType="OnCursor" Name="ArtBG_Frame" BGColor="ffffffff" TextColor="ffffffff" TooltipColor="" Picture="1" IgnoreMouse="1" Sprite="CRB_Basekit:kitOuterFrame_MetalGold_Small1"/>
        </Control>
        <Control Class="Button" Base="CRB_Basekit:kitBtn_Close" Font="CRB_InterfaceMedium" ButtonType="PushButton" RadioGroup="" LAnchorPoint="1" LAnchorOffset="-36" TAnchorPoint="0" TAnchorOffset="9" RAnchorPoint="1" RAnchorOffset="-6" BAnchorPoint="0" BAnchorOffset="39" DT_VCENTER="1" DT_CENTER="1" Name="CloseBtn" BGColor="ffffffff" TextColor="ffffffff" NewControlDepth="1" TooltipColor="" NormalTextColor="ffffffff" PressedTextColor="ffffffff" FlybyTextColor="ffffffff" PressedFlybyTextColor="ffffffff" DisabledTextColor="ffffffff" Text="">
            <Event Name="ButtonUp" Function="OnCloseErrorBtn"/>
        </Control>
        <Control Class="Window" LAnchorPoint="0" LAnchorOffset="40" TAnchorPoint="0" TAnchorOffset="60" RAnchorPoint="1" RAnchorOffset="-40" BAnchorPoint="1" BAnchorOffset="-80" RelativeToClient="1" Font="Default" Text="" Template="Default" TooltipType="OnCursor" Name="MessageBacker" BGColor="ffffffff" TextColor="ffffffff" TooltipColor="" Picture="1" IgnoreMouse="1" Sprite="CRB_Basekit:kitInnerFrame_Holo_InputBox">
            <Control Class="Window" LAnchorPoint="0" LAnchorOffset="5" TAnchorPoint="0" TAnchorOffset="5" RAnchorPoint="1" RAnchorOffset="-5" BAnchorPoint="1" BAnchorOffset="-5" RelativeToClient="1" Font="CRB_InterfaceMedium" Text="Error Sending Mail" Template="Default" TooltipType="OnCursor" Name="ErrorMessageBody" BGColor="ffffffff" TextColor="ff31fcf6" TooltipColor="" DT_CENTER="1" DT_VCENTER="1" TextId=""/>
        </Control>
        <Control Class="Button" Base="CRB_Basekit:kitBtn_Metal_LargeRed" Font="CRB_InterfaceMedium" ButtonType="PushButton" RadioGroup="" LAnchorPoint=".5" LAnchorOffset="-50" TAnchorPoint="0" TAnchorOffset="150" RAnchorPoint=".5" RAnchorOffset="50" BAnchorPoint="1" BAnchorOffset="-30" DT_VCENTER="1" DT_CENTER="1" Name="CloseErrorBtn" BGColor="ffffffff" TextColor="ffffffff" WindowSoundTemplate="TogglePhys02" TextId="CRB_OK" TooltipColor="" NormalTextColor="ffffffff" PressedTextColor="ffffffff" FlybyTextColor="ffffffff" PressedFlybyTextColor="ffffffff" DisabledTextColor="ffffffff" Text="">
            <Event Name="ButtonUp" Function="OnCloseErrorBtn"/>
        </Control>
        <Control Class="Window" LAnchorPoint="0" LAnchorOffset="0" TAnchorPoint="0" TAnchorOffset="20" RAnchorPoint="1" RAnchorOffset="0" BAnchorPoint="0" BAnchorOffset="60" RelativeToClient="1" Font="CRB_HeaderLarge" Text="" Template="Default" TooltipType="OnCursor" Name="ErrorMessageHeader" BGColor="ffffffff" TextColor="ff31fcf6" TooltipColor="" DT_CENTER="1" DT_VCENTER="1" TextId="GenericError_Mail_FailedToCreate" Tooltip=""/>
    </Form>
</Forms>
