<Forms>
    <Form Class="CharacterFrame" LAnchorPoint="0.5" LAnchorOffset="-500" TAnchorPoint="0" TAnchorOffset="50" RAnchorPoint="0.5" RAnchorOffset="500" BAnchorPoint="0" BAnchorOffset="750" RelativeToClient="1" Font="Default" Sprite="CRB_Basekit:kitBase_MetalGrey_ListSmall" Text="" Template="Default" Name="CharacterWindow" BGColor="white" TextColor="white" Picture="0" Overlapped="1" TestAlpha="1" Moveable="1" SwallowMouseClicks="1" Escapable="1" UseTransitionSprite="0" TransitionShowHide="1" TextId="" IgnoreMouse="1" TooltipColor="" Tooltip="" TooltipId="" HideInEditor="0" Sizable="0">
        <Control Class="Window" LAnchorPoint="0" LAnchorOffset="0" TAnchorPoint="0" TAnchorOffset="0" RAnchorPoint="1" RAnchorOffset="0" BAnchorPoint="1" BAnchorOffset="0" RelativeToClient="1" Font="Default" Text="" Template="Default" Name="BGArt" BGColor="white" TextColor="white" HideInEditor="0" TooltipColor="" Tooltip="">
            <Control Class="Window" LAnchorPoint="0" LAnchorOffset="22" TAnchorPoint="0" TAnchorOffset="64" RAnchorPoint="1" RAnchorOffset="-22" BAnchorPoint="1" BAnchorOffset="-19" RelativeToClient="1" Font="Default" Text="" Template="Default" Name="BGArt_HoloBacker" BGColor="white" TextColor="white" Picture="1" IgnoreMouse="1" Sprite="CRB_Basekit:kitBase_MetalGrey_Large" TooltipColor=""/>
        </Control>
        <Control Class="Window" LAnchorPoint="0" LAnchorOffset="277" TAnchorPoint="0" TAnchorOffset="65" RAnchorPoint="0" RAnchorOffset="718" BAnchorPoint="1" BAnchorOffset="-15" RelativeToClient="1" Font="Default" Text="" Name="Middle" BGColor="white" TextColor="white" IgnoreMouse="1" TooltipColor="" HideInEditor="0">
            <Control Class="CostumeWindow" LAnchorPoint="0" LAnchorOffset="11" TAnchorPoint="0" TAnchorOffset="16" RAnchorPoint="1" RAnchorOffset="-11" BAnchorPoint="1" BAnchorOffset="-59" RelativeToClient="1" Font="Default" Sprite="WhiteFill" Text="" Template="Default" Name="Costume" BGColor="white" TextColor="white" Camera="Paperdoll" Animated="1" HideInEditor="0" Visible="1" TooltipColor="" Tooltip=""/>
            <Control Class="Button" Base="btn_ArrowTurnLeft" Font="Thick" ButtonType="PushButton" RadioGroup="" LAnchorPoint="0.5" LAnchorOffset="-183" TAnchorPoint="1" TAnchorOffset="-101" RAnchorPoint="0.5" RAnchorOffset="-53" BAnchorPoint="1" BAnchorOffset="-73" DT_VCENTER="1" DT_CENTER="1" Name="RotateLeft" BGColor="UI_AlphaPercent70" TextColor="white" WindowSoundTemplate="Custom" NormalTextColor="white" PressedTextColor="white" FlybyTextColor="white" PressedFlybyTextColor="white" DisabledTextColor="white" TooltipColor="" DrawAsCheckbox="1" CheckboxRight="1" NewControlDepth="3">
                <Event Name="ButtonHoldBegin" Function="OnRotateLeft"/>
                <Event Name="ButtonUp" Function="OnRotateLeftCancel"/>
                <Event Name="ButtonUpCancel" Function="OnRotateLeftCancel"/>
            </Control>
            <Control Class="Button" Base="btn_ArrowTurnRight" Font="Thick" ButtonType="PushButton" RadioGroup="" LAnchorPoint="0.5" LAnchorOffset="53" TAnchorPoint="1" TAnchorOffset="-101" RAnchorPoint="0.5" RAnchorOffset="183" BAnchorPoint="1" BAnchorOffset="-73" DT_VCENTER="1" DT_CENTER="1" Name="RotateRight" BGColor="UI_AlphaPercent70" TextColor="white" WindowSoundTemplate="Custom" NormalTextColor="white" PressedTextColor="white" FlybyTextColor="white" PressedFlybyTextColor="white" DisabledTextColor="white" TooltipColor="" Tooltip="" DrawAsCheckbox="1" NewControlDepth="3">
                <Event Name="ButtonHoldBegin" Function="OnRotateRight"/>
                <Event Name="ButtonUp" Function="OnRotateRightCancel"/>
                <Event Name="ButtonUpCancel" Function="OnRotateRightCancel"/>
            </Control>
            <Control Class="Button" Base="BK3:btnHolo_Blue_Small" Font="CRB_Button" ButtonType="Check" RadioGroup="" LAnchorPoint="0.5" LAnchorOffset="-43" TAnchorPoint="1" TAnchorOffset="-114" RAnchorPoint="0.5" RAnchorOffset="43" BAnchorPoint="1" BAnchorOffset="-63" DT_VCENTER="1" DT_CENTER="1" TooltipType="OnCursor" Name="SetSheatheBtn" BGColor="white" TextColor="white" TooltipColor="" NormalTextColor="UI_BtnTextHoloNormal" PressedTextColor="UI_BtnTextHoloPressed" FlybyTextColor="UI_BtnTextHoloFlyby" PressedFlybyTextColor="UI_BtnTextHoloPressedFlyby" DisabledTextColor="UI_BtnTextHoloDisabled" Text="" TextId="Character_SetSheathed" NewControlDepth="3">
                <Event Name="ButtonCheck" Function="OnSheatheCheck"/>
                <Event Name="ButtonUncheck" Function="OnSheatheCheck"/>
            </Control>
            <Control Class="Window" LAnchorPoint="0.5" LAnchorOffset="-97" TAnchorPoint="1" TAnchorOffset="-432" RAnchorPoint="0.5" RAnchorOffset="97" BAnchorPoint="1" BAnchorOffset="-54" RelativeToClient="1" Font="Default" Text="" Template="CRB_HologramFramedThin" Name="CostumeBtnHolder" BGColor="white" TextColor="white" UseTemplateBG="0" Border="0" NewControlDepth="11" CloseOnExternalClick="1" HideInEditor="1" IgnoreMouse="0" TransitionShowHide="0" TooltipColor="" NoClip="0" SwallowMouseClicks="1">
                <Control Class="Window" LAnchorPoint="0" LAnchorOffset="0" TAnchorPoint="0" TAnchorOffset="0" RAnchorPoint="1" RAnchorOffset="0" BAnchorPoint="1" BAnchorOffset="0" RelativeToClient="1" Font="Default" Text="" Template="Default" Name="BGArt" BGColor="white" TextColor="white" TooltipColor="">
                    <Control Class="Window" LAnchorPoint="0" LAnchorOffset="0" TAnchorPoint="0" TAnchorOffset="0" RAnchorPoint="1" RAnchorOffset="0" BAnchorPoint="1" BAnchorOffset="0" RelativeToClient="1" Font="Default" Text="" Template="Default" Name="Frame" BGColor="UI_AlphaPercent95" TextColor="white" Picture="1" IgnoreMouse="1" Sprite="CRB_Basekit:kitBase_HoloTeal_Border" TooltipColor="" DT_CENTER="0">
                        <Pixie LAnchorPoint="0" LAnchorOffset="11" TAnchorPoint="0" TAnchorOffset="13" RAnchorPoint="1" RAnchorOffset="-10" BAnchorPoint="0" BAnchorOffset="58" BGColor="white" Font="CRB_InterfaceSmall" TextColor="UI_TextHoloBody" Text="Choose a costume to Edit!" TextId="" DT_CENTER="1" DT_VCENTER="0" DT_WORDBREAK="1" Line="0"/>
                    </Control>
                    <Control Class="Window" LAnchorPoint="0" LAnchorOffset="0" TAnchorPoint="0" TAnchorOffset="30" RAnchorPoint="1" RAnchorOffset="0" BAnchorPoint="0" BAnchorOffset="50" RelativeToClient="1" Font="Default" Text="" Template="Default" Name="BottomEffect" BGColor="white" TextColor="white" Picture="1" IgnoreMouse="1" Sprite="CRB_Basekit:kitDivider_Horiz_HoloSolid" TooltipColor=""/>
                </Control>
                <Control Class="Button" Base="BK3:btnHolo_ListView_Mid" Font="CRB_InterfaceMedium" ButtonType="Check" RadioGroup="CostumeBtns" LAnchorPoint="0" LAnchorOffset="10" TAnchorPoint="0" TAnchorOffset="43" RAnchorPoint="1" RAnchorOffset="-10" BAnchorPoint="0" BAnchorOffset="71" DT_VCENTER="1" DT_CENTER="1" Name="CostumeBtn1" BGColor="white" TextColor="UI_BtnTextHoloNormal" WindowSoundTemplate="PushbuttonDigi01" Tooltip="" TooltipId="" NormalTextColor="UI_BtnTextHoloNormal" PressedTextColor="UI_BtnTextHoloPressed" FlybyTextColor="UI_BtnTextHoloFlyby" PressedFlybyTextColor="UI_BtnTextHoloPressedFlyby" DisabledTextColor="UI_BtnTextHoloDisabled" GlobalRadioGroup="" NewControlDepth="5" RadioDisallowNonSelection="1" DrawAsCheckbox="0" Text="" TextId="CRB_Test_Set_name" TooltipColor="" RelativeToClient="1" TestAlpha="0">
                    <Event Name="ButtonCheck" Function="OnCostumeBtnToggle"/>
                </Control>
                <Control Class="Button" Base="BK3:btnHolo_ListView_Mid" Font="CRB_InterfaceMedium" ButtonType="Check" RadioGroup="CostumeBtns" LAnchorPoint="0" LAnchorOffset="10" TAnchorPoint="0" TAnchorOffset="71" RAnchorPoint="1" RAnchorOffset="-10" BAnchorPoint="0" BAnchorOffset="99" DT_VCENTER="1" DT_CENTER="1" Name="CostumeBtn2" BGColor="white" TextColor="UI_BtnTextHoloNormal" WindowSoundTemplate="PushbuttonDigi01" Tooltip="" TooltipId="" NormalTextColor="UI_BtnTextHoloNormal" PressedTextColor="UI_BtnTextHoloPressed" FlybyTextColor="UI_BtnTextHoloFlyby" PressedFlybyTextColor="UI_BtnTextHoloPressedFlyby" DisabledTextColor="UI_BtnTextHoloDisabled" GlobalRadioGroup="" NewControlDepth="5" RadioDisallowNonSelection="1" DrawAsCheckbox="0" Text="" TextId="CRB_Test_Set_name" TooltipColor="" RelativeToClient="1" TestAlpha="0">
                    <Event Name="ButtonCheck" Function="OnCostumeBtnToggle"/>
                </Control>
                <Control Class="Button" Base="BK3:btnHolo_ListView_Mid" Font="CRB_InterfaceMedium" ButtonType="Check" RadioGroup="CostumeBtns" LAnchorPoint="0" LAnchorOffset="8" TAnchorPoint="0" TAnchorOffset="99" RAnchorPoint="1" RAnchorOffset="-8" BAnchorPoint="0" BAnchorOffset="127" DT_VCENTER="1" DT_CENTER="1" Name="CostumeBtn3" BGColor="white" TextColor="UI_BtnTextHoloNormal" WindowSoundTemplate="PushbuttonDigi01" Tooltip="" TooltipId="" NormalTextColor="UI_BtnTextHoloNormal" PressedTextColor="UI_BtnTextHoloPressed" FlybyTextColor="UI_BtnTextHoloFlyby" PressedFlybyTextColor="UI_BtnTextHoloPressedFlyby" DisabledTextColor="UI_BtnTextHoloDisabled" GlobalRadioGroup="" NewControlDepth="5" RadioDisallowNonSelection="1" DrawAsCheckbox="0" Text="" TextId="CRB_Test_Set_name" TooltipColor="" TestAlpha="0" RelativeToClient="1">
                    <Event Name="ButtonCheck" Function="OnCostumeBtnToggle"/>
                </Control>
                <Control Class="Button" Base="BK3:btnHolo_ListView_Mid" Font="CRB_InterfaceMedium" ButtonType="Check" RadioGroup="CostumeBtns" LAnchorPoint="0" LAnchorOffset="8" TAnchorPoint="0" TAnchorOffset="127" RAnchorPoint="1" RAnchorOffset="-8" BAnchorPoint="0" BAnchorOffset="155" DT_VCENTER="1" DT_CENTER="1" Name="CostumeBtn4" BGColor="white" TextColor="UI_BtnTextHoloNormal" WindowSoundTemplate="PushbuttonDigi01" Tooltip="" TooltipId="" NormalTextColor="UI_BtnTextHoloNormal" PressedTextColor="UI_BtnTextHoloPressed" FlybyTextColor="UI_BtnTextHoloFlyby" PressedFlybyTextColor="UI_BtnTextHoloPressedFlyby" DisabledTextColor="UI_BtnTextHoloDisabled" GlobalRadioGroup="" NewControlDepth="5" RadioDisallowNonSelection="1" DrawAsCheckbox="0" Text="" TextId="CRB_Test_Set_name" TooltipColor="" RelativeToClient="1" TestAlpha="0">
                    <Event Name="ButtonCheck" Function="OnCostumeBtnToggle"/>
                </Control>
                <Control Class="Button" Base="BK3:btnHolo_ListView_Mid" Font="CRB_InterfaceMedium" ButtonType="Check" RadioGroup="CostumeBtns" LAnchorPoint="0" LAnchorOffset="8" TAnchorPoint="0" TAnchorOffset="155" RAnchorPoint="1" RAnchorOffset="-8" BAnchorPoint="0" BAnchorOffset="183" DT_VCENTER="1" DT_CENTER="1" Name="CostumeBtn5" BGColor="white" TextColor="UI_BtnTextHoloNormal" WindowSoundTemplate="PushbuttonDigi01" Tooltip="" TooltipId="" NormalTextColor="UI_BtnTextHoloNormal" PressedTextColor="UI_BtnTextHoloPressed" FlybyTextColor="UI_BtnTextHoloFlyby" PressedFlybyTextColor="UI_BtnTextHoloPressedFlyby" DisabledTextColor="UI_BtnTextHoloDisabled" GlobalRadioGroup="" NewControlDepth="5" RadioDisallowNonSelection="1" DrawAsCheckbox="0" Text="" TextId="CRB_Test_Set_name" TooltipColor="" TestAlpha="0" RelativeToClient="1">
                    <Event Name="ButtonCheck" Function="OnCostumeBtnToggle"/>
                </Control>
                <Control Class="Button" Base="BK3:btnHolo_ListView_Mid" Font="CRB_InterfaceMedium" ButtonType="Check" RadioGroup="CostumeBtns" LAnchorPoint="0" LAnchorOffset="8" TAnchorPoint="0" TAnchorOffset="183" RAnchorPoint="1" RAnchorOffset="-8" BAnchorPoint="0" BAnchorOffset="211" DT_VCENTER="1" DT_CENTER="1" Name="CostumeBtn6" BGColor="white" TextColor="UI_BtnTextHoloNormal" WindowSoundTemplate="PushbuttonDigi01" Tooltip="" TooltipId="" NormalTextColor="UI_BtnTextHoloNormal" PressedTextColor="UI_BtnTextHoloPressed" FlybyTextColor="UI_BtnTextHoloFlyby" PressedFlybyTextColor="UI_BtnTextHoloPressedFlyby" DisabledTextColor="UI_BtnTextHoloDisabled" GlobalRadioGroup="" NewControlDepth="5" RadioDisallowNonSelection="1" DrawAsCheckbox="0" Text="" TextId="CRB_Test_Set_name" TooltipColor="" TestAlpha="0" RelativeToClient="1">
                    <Event Name="ButtonCheck" Function="OnCostumeBtnToggle"/>
                </Control>
                <Control Class="Button" Base="BK3:btnHolo_ListView_Mid" Font="CRB_InterfaceMedium" ButtonType="Check" RadioGroup="CostumeBtns" LAnchorPoint="0" LAnchorOffset="8" TAnchorPoint="0" TAnchorOffset="211" RAnchorPoint="1" RAnchorOffset="-8" BAnchorPoint="0" BAnchorOffset="239" DT_VCENTER="1" DT_CENTER="1" Name="CostumeBtn7" BGColor="white" TextColor="UI_BtnTextHoloNormal" WindowSoundTemplate="PushbuttonDigi01" Tooltip="" TooltipId="" NormalTextColor="UI_BtnTextHoloNormal" PressedTextColor="UI_BtnTextHoloPressed" FlybyTextColor="UI_BtnTextHoloFlyby" PressedFlybyTextColor="UI_BtnTextHoloPressedFlyby" DisabledTextColor="UI_BtnTextHoloDisabled" GlobalRadioGroup="" NewControlDepth="5" RadioDisallowNonSelection="1" DrawAsCheckbox="0" Text="" TextId="CRB_Test_Set_name" TooltipColor="" TestAlpha="0" RelativeToClient="1">
                    <Event Name="ButtonCheck" Function="OnCostumeBtnToggle"/>
                </Control>
                <Control Class="Button" Base="BK3:btnHolo_ListView_Mid" Font="CRB_InterfaceMedium" ButtonType="Check" RadioGroup="CostumeBtns" LAnchorPoint="0" LAnchorOffset="8" TAnchorPoint="0" TAnchorOffset="239" RAnchorPoint="1" RAnchorOffset="-8" BAnchorPoint="0" BAnchorOffset="267" DT_VCENTER="1" DT_CENTER="1" Name="CostumeBtn8" BGColor="white" TextColor="UI_BtnTextHoloNormal" WindowSoundTemplate="PushbuttonDigi01" Tooltip="" TooltipId="" NormalTextColor="UI_BtnTextHoloNormal" PressedTextColor="UI_BtnTextHoloPressed" FlybyTextColor="UI_BtnTextHoloFlyby" PressedFlybyTextColor="UI_BtnTextHoloPressedFlyby" DisabledTextColor="UI_BtnTextHoloDisabled" GlobalRadioGroup="" NewControlDepth="5" RadioDisallowNonSelection="1" DrawAsCheckbox="0" Text="" TextId="CRB_Test_Set_name" TooltipColor="" RelativeToClient="1" TestAlpha="0">
                    <Event Name="ButtonCheck" Function="OnCostumeBtnToggle"/>
                </Control>
                <Control Class="Button" Base="BK3:btnHolo_ListView_Mid" Font="CRB_InterfaceMedium" ButtonType="Check" RadioGroup="CostumeBtns" LAnchorPoint="0" LAnchorOffset="8" TAnchorPoint="0" TAnchorOffset="267" RAnchorPoint="1" RAnchorOffset="-8" BAnchorPoint="0" BAnchorOffset="295" DT_VCENTER="1" DT_CENTER="1" Name="CostumeBtn9" BGColor="white" TextColor="UI_BtnTextHoloNormal" WindowSoundTemplate="PushbuttonDigi01" Tooltip="" TooltipId="" NormalTextColor="UI_BtnTextHoloNormal" PressedTextColor="UI_BtnTextHoloPressed" FlybyTextColor="UI_BtnTextHoloFlyby" PressedFlybyTextColor="UI_BtnTextHoloPressedFlyby" DisabledTextColor="UI_BtnTextHoloDisabled" GlobalRadioGroup="" NewControlDepth="5" RadioDisallowNonSelection="1" DrawAsCheckbox="0" Text="" TextId="CRB_Test_Set_name" TooltipColor="" RelativeToClient="1" TestAlpha="0">
                    <Event Name="ButtonCheck" Function="OnCostumeBtnToggle"/>
                </Control>
                <Control Class="Button" Base="BK3:btnHolo_ListView_Mid" Font="CRB_InterfaceMedium" ButtonType="Check" RadioGroup="CostumeBtns" LAnchorPoint="0" LAnchorOffset="8" TAnchorPoint="0" TAnchorOffset="295" RAnchorPoint="1" RAnchorOffset="-8" BAnchorPoint="0" BAnchorOffset="323" DT_VCENTER="1" DT_CENTER="1" Name="CostumeBtn10" BGColor="white" TextColor="UI_BtnTextHoloNormal" WindowSoundTemplate="PushbuttonDigi01" Tooltip="" TooltipId="" NormalTextColor="UI_BtnTextHoloNormal" PressedTextColor="UI_BtnTextHoloPressed" FlybyTextColor="UI_BtnTextHoloFlyby" PressedFlybyTextColor="UI_BtnTextHoloPressedFlyby" DisabledTextColor="UI_BtnTextHoloDisabled" GlobalRadioGroup="" NewControlDepth="5" RadioDisallowNonSelection="1" DrawAsCheckbox="0" Text="" TextId="CRB_Test_Set_name" TooltipColor="" TestAlpha="0" RelativeToClient="1">
                    <Event Name="ButtonCheck" Function="OnCostumeBtnToggle"/>
                </Control>
                <Event Name="WindowClosed" Function="OnCostumeMenuClose"/>
                <Control Class="Button" Base="BK3:btnHolo_ListView_Mid" Font="CRB_InterfaceMedium" ButtonType="Check" RadioGroup="CostumeBtns" LAnchorPoint="0" LAnchorOffset="8" TAnchorPoint="1" TAnchorOffset="-55" RAnchorPoint="1" RAnchorOffset="-8" BAnchorPoint="1" BAnchorOffset="-27" DT_VCENTER="1" DT_CENTER="1" Name="ClearCostumeBtn" BGColor="white" TextColor="UI_BtnTextHoloNormal" TextId="Character_ClearBtn" NormalTextColor="UI_BtnTextHoloNormal" PressedTextColor="UI_BtnTextHoloPressed" FlybyTextColor="UI_BtnTextHoloFlyby" PressedFlybyTextColor="UI_BtnTextHoloPressedFlyby" DisabledTextColor="UI_BtnTextHoloDisabled" NewControlDepth="3" Text="" TooltipColor="" DrawAsCheckbox="0" GlobalRadioGroup="" RadioDisallowNonSelection="1" RelativeToClient="1" TestAlpha="0">
                    <Event Name="ButtonSignal" Function="OnCostumeBtnToggle"/>
                    <Event Name="ButtonCheck" Function="OnCostumeBtnToggle"/>
                </Control>
            </Control>
            <Control Class="Window" LAnchorPoint="0" LAnchorOffset="12" TAnchorPoint="1" TAnchorOffset="-65" RAnchorPoint="1" RAnchorOffset="-12" BAnchorPoint="1" BAnchorOffset="-10" RelativeToClient="1" Font="Default" Text="" Template="Default" Name="BGArt_HeaderFrame" BGColor="white" TextColor="white" Picture="1" IgnoreMouse="1" Sprite="BK3:UI_BK3_Metal_Inset_Block3" TooltipColor="" HideInEditor="0" Tooltip="">
                <Control Class="Button" Base="CRB_Basekit:kitBtn_Dropdown_TextBaseHybrid" Font="CRB_InterfaceMedium_B" ButtonType="Check" RadioGroup="" LAnchorPoint="0.5" LAnchorOffset="-114" TAnchorPoint="0.5" TAnchorOffset="-17" RAnchorPoint="0.5" RAnchorOffset="123" BAnchorPoint="0.5" BAnchorOffset="22" DT_VCENTER="1" DT_CENTER="1" Name="SelectCostumeWindowToggle" BGColor="white" TextColor="white" NormalTextColor="UI_BtnTextHoloNormal" PressedTextColor="UI_BtnTextHoloPressed" FlybyTextColor="UI_BtnTextHoloFlyby" PressedFlybyTextColor="UI_BtnTextHoloPressedFlyby" DisabledTextColor="UI_BtnTextHoloDisabled" NewControlDepth="15" Text="" TextId="Character_CostumeSelectDefault" TooltipColor="">
                    <Event Name="ButtonCheck" Function="CostumeSelectionWindowToggle"/>
                    <Event Name="ButtonUncheck" Function="CostumeSelectionWindowToggle"/>
                </Control>
            </Control>
            <Control Class="Window" LAnchorPoint="0" LAnchorOffset="0" TAnchorPoint="0" TAnchorOffset="0" RAnchorPoint="0" RAnchorOffset="15" BAnchorPoint="1" BAnchorOffset="0" RelativeToClient="1" Font="Default" Text="" BGColor="UI_WindowBGDefault" TextColor="UI_WindowTextDefault" Template="Default" TooltipType="OnCursor" Name="WindowBreak" TooltipColor="" Sprite="BK3:UI_BK3_Metal_Inset_DividerStripe" Picture="1" IgnoreMouse="1" Tooltip=""/>
            <Control Class="Window" LAnchorPoint="1" LAnchorOffset="-15" TAnchorPoint="0" TAnchorOffset="0" RAnchorPoint="1" RAnchorOffset="0" BAnchorPoint="1" BAnchorOffset="0" RelativeToClient="1" Font="Default" Text="" BGColor="UI_WindowBGDefault" TextColor="UI_WindowTextDefault" Template="Default" TooltipType="OnCursor" Name="WindowBreak1" TooltipColor="" Sprite="BK3:UI_BK3_Metal_Inset_DividerStripe" Picture="1" IgnoreMouse="1" Tooltip=""/>
        </Control>
        <Control Class="Window" LAnchorPoint="0" LAnchorOffset="714" TAnchorPoint="0" TAnchorOffset="70" RAnchorPoint="1" RAnchorOffset="-24" BAnchorPoint="1" BAnchorOffset="-22" RelativeToClient="1" Font="Default" Text="" Template="Holo_Background_General" Name="Right" BGColor="white" TextColor="white" Picture="1" IgnoreMouse="1" Sprite="" TooltipColor="" HideInEditor="0">
            <Control Class="Window" LAnchorPoint="0" LAnchorOffset="12" TAnchorPoint="0" TAnchorOffset="12" RAnchorPoint="1" RAnchorOffset="-12" BAnchorPoint="1" BAnchorOffset="-107" RelativeToClient="1" Font="Default" Text="" Name="DyeListContainer" BGColor="white" TextColor="white" Picture="0" IgnoreMouse="1" Sprite="" TooltipColor="" HideInEditor="0">
                <Control Class="Window" LAnchorPoint="0" LAnchorOffset="0" TAnchorPoint="0" TAnchorOffset="0" RAnchorPoint="1" RAnchorOffset="0" BAnchorPoint="1" BAnchorOffset="0" RelativeToClient="1" Font="Default" Text="" Template="Default" TooltipType="OnCursor" Name="DyeListFraming" BGColor="white" TextColor="white" TooltipColor="" Picture="1" IgnoreMouse="1" Sprite="CRB_Basekit:kitBase_HoloBlue_InsetBorder_Thin" HideInEditor="0"/>
                <Control Class="Window" LAnchorPoint="0" LAnchorOffset="4" TAnchorPoint="0" TAnchorOffset="4" RAnchorPoint="1" RAnchorOffset="-4" BAnchorPoint="1" BAnchorOffset="-4" RelativeToClient="1" Font="Default" Text="" Template="CRB_Scroll_HoloSmall" TooltipType="OnCursor" Name="DyeList" BGColor="white" TextColor="white" TooltipColor="" VScroll="1" IgnoreMouse="1"/>
            </Control>
            <Control Class="Window" LAnchorPoint="0" LAnchorOffset="12" TAnchorPoint="1" TAnchorOffset="-97" RAnchorPoint="1" RAnchorOffset="-12" BAnchorPoint="1" BAnchorOffset="-63" RelativeToClient="1" Font="Default" Text="" Template="Default" TooltipType="OnCursor" Name="CostContainer" BGColor="white" TextColor="white" TooltipColor="" HideInEditor="0">
                <Control Class="Window" LAnchorPoint="0" LAnchorOffset="0" TAnchorPoint="0" TAnchorOffset="0" RAnchorPoint="1" RAnchorOffset="0" BAnchorPoint="1" BAnchorOffset="0" RelativeToClient="1" Font="Default" Text="" Template="Default" TooltipType="OnCursor" Name="CostListFraming" BGColor="white" TextColor="white" TooltipColor="" Picture="1" IgnoreMouse="1" Sprite="CRB_Basekit:kitBase_HoloBlue_InsetBorder_Thin"/>
                <Control Class="CashWindow" LAnchorPoint="1" LAnchorOffset="-220" TAnchorPoint="0" TAnchorOffset="4" RAnchorPoint="1" RAnchorOffset="-6" BAnchorPoint="0" BAnchorOffset="26" RelativeToClient="1" Font="CRB_InterfaceMedium" Sprite="" Text="" Template="Default" Name="Cost" BGColor="white" TextColor="white" DT_RIGHT="1" Tooltip="" IgnoreMouse="1" Visible="1" SkipZeroes="1" TooltipColor="" NoClip="1" HideInEditor="0"/>
                <Control Class="Window" LAnchorPoint="0" LAnchorOffset="8" TAnchorPoint="0" TAnchorOffset="4" RAnchorPoint="1" RAnchorOffset="0" BAnchorPoint="0" BAnchorOffset="26" RelativeToClient="1" Font="CRB_InterfaceMedium" Text="" Template="Default" TooltipType="OnCursor" Name="TotalCostLabel" BGColor="white" TextColor="UI_TextHoloBodyHighlight" TooltipColor="" TextId="Dyeing_TotalCost" DT_VCENTER="1" Tooltip=""/>
            </Control>
            <Control Class="Button" Base="BK3:btnHolo_Blue_Small" Font="CRB_Button" ButtonType="PushButton" RadioGroup="" LAnchorPoint="0.5" LAnchorOffset="-52" TAnchorPoint="1" TAnchorOffset="-60" RAnchorPoint="0.5" RAnchorOffset="34" BAnchorPoint="1" BAnchorOffset="-9" DT_VCENTER="1" DT_CENTER="1" TooltipType="OnCursor" Name="DyeBtn" BGColor="white" TextColor="white" TooltipColor="" NormalTextColor="UI_BtnTextHoloNormal" PressedTextColor="UI_BtnTextHoloPressed" FlybyTextColor="UI_BtnTextHoloFlyby" PressedFlybyTextColor="UI_BtnTextHoloPressedFlyby" DisabledTextColor="UI_BtnTextHoloDisabled" Text="" TextId="Dyeing_DyeBtn" NewControlDepth="3" Tooltip="">
                <Event Name="ButtonSignal" Function="OnDyeBtnClicked"/>
            </Control>
            <Control Class="Button" Base="BK3:btnHolo_Red_Small" Font="CRB_Button" ButtonType="PushButton" RadioGroup="" LAnchorPoint="0.5" LAnchorOffset="33" TAnchorPoint="1" TAnchorOffset="-60" RAnchorPoint="0.5" RAnchorOffset="119" BAnchorPoint="1" BAnchorOffset="-9" DT_VCENTER="1" DT_CENTER="1" TooltipType="OnCursor" Name="ResetBtn" BGColor="white" TextColor="white" TooltipColor="" NormalTextColor="UI_BtnTextHoloNormal" PressedTextColor="UI_BtnTextHoloPressed" FlybyTextColor="UI_BtnTextHoloFlyby" PressedFlybyTextColor="UI_BtnTextHoloPressedFlyby" DisabledTextColor="UI_BtnTextHoloDisabled" Text="" TextId="CRB_Reset" NewControlDepth="3">
                <Event Name="ButtonSignal" Function="OnResetBtnClicked"/>
            </Control>
            <Control Class="Window" LAnchorPoint="0" LAnchorOffset="10" TAnchorPoint="0" TAnchorOffset="10" RAnchorPoint="1" RAnchorOffset="-10" BAnchorPoint="1" BAnchorOffset="-10" RelativeToClient="1" Font="CRB_Interface12_O" Text="" Template="CRB_Scroll_HoloSmall" TooltipType="OnCursor" Name="RightBlocker" BGColor="aaffffff" TextColor="white" TooltipColor="" VScroll="0" IgnoreMouse="0" Sprite="BasicSprites:BlackFill" Picture="1" NewControlDepth="99" Overlapped="1" DT_CENTER="1" DT_VCENTER="1" TextId="Costumes_Blocker" DT_WORDBREAK="1" HideInEditor="0"/>
        </Control>
        <Event Name="WindowClosed" Function="OnClose"/>
        <Control Class="Window" LAnchorPoint="0" LAnchorOffset="32" TAnchorPoint="0" TAnchorOffset="74" RAnchorPoint="0" RAnchorOffset="276" BAnchorPoint="1" BAnchorOffset="-74" RelativeToClient="1" Font="Default" Text="" Template="Default" TooltipType="OnCursor" Name="CostumeListContainer" BGColor="white" TextColor="white" TooltipColor="" Tooltip="" HideInEditor="0" NewControlDepth="4" IgnoreMouse="1" NewWindowDepth="1"/>
        <Control Class="Window" LAnchorPoint="0" LAnchorOffset="0" TAnchorPoint="0" TAnchorOffset="0" RAnchorPoint="1" RAnchorOffset="0" BAnchorPoint="1" BAnchorOffset="0" RelativeToClient="1" Font="Default" Text="" Template="Metal_Primary_NoNav" Name="BGArt_OverallFrame" BGColor="white" TextColor="white" Picture="1" IgnoreMouse="1" Sprite="" TooltipColor="" HideInEditor="0" Tooltip="" TooltipId="" Border="1" UseTemplateBG="1" NewControlDepth="99"/>
        <Control Class="Button" Base="CRB_Basekit:kitBtn_Close" Font="Thick" ButtonType="PushButton" RadioGroup="" LAnchorPoint="1" LAnchorOffset="-52" TAnchorPoint="0" TAnchorOffset="25" RAnchorPoint="1" RAnchorOffset="-20" BAnchorPoint="0" BAnchorOffset="54" DT_VCENTER="1" DT_CENTER="1" Name="Close" BGColor="white" TextColor="white" WindowSoundTemplate="CloseWindowPhys" NormalTextColor="white" PressedTextColor="white" FlybyTextColor="white" PressedFlybyTextColor="white" DisabledTextColor="white" NewControlDepth="5" TooltipColor="" Text="" NewWindowDepth="1" Tooltip="">
            <Event Name="ButtonSignal" Function="OnClose"/>
        </Control>
        <Control Class="Window" LAnchorPoint="0.5" LAnchorOffset="-70" TAnchorPoint="0" TAnchorOffset="25" RAnchorPoint="0.5" RAnchorOffset="70" BAnchorPoint="0" BAnchorOffset="61" RelativeToClient="1" Font="CRB_Header14" Text="" Template="Default" TooltipType="OnCursor" Name="BGTitle" BGColor="ffffffff" TextColor="ffffeea4" TooltipColor="" Sprite="sprMetal_Framing_Header" Picture="1" IgnoreMouse="1" DT_CENTER="1" DT_VCENTER="1" TextId="Costumes_Title"/>
    </Form>
    <Form Class="Window" LAnchorPoint="0" LAnchorOffset="0" TAnchorPoint="0" TAnchorOffset="0" RAnchorPoint="1" RAnchorOffset="0" BAnchorPoint="0" BAnchorOffset="62" RelativeToClient="1" Font="Default" Text="" Template="Default" TooltipType="OnCursor" Name="CostumeEntryForm" Border="0" Picture="0" SwallowMouseClicks="1" Moveable="0" Escapable="0" Overlapped="0" BGColor="white" TextColor="white" TooltipColor="" Sprite="CRB_Basekit:kitBase_MetalGrey_ListSmall" Tooltip="">
        <Control Class="Window" LAnchorPoint="0" LAnchorOffset="0" TAnchorPoint="0" TAnchorOffset="0" RAnchorPoint="1" RAnchorOffset="0" BAnchorPoint="1" BAnchorOffset="1" RelativeToClient="1" Font="Default" Text="" Template="Default" Name="BGArt" BGColor="UI_AlphaPercent70" TextColor="white" Picture="0" IgnoreMouse="1" Sprite="CRB_ChallengeTrackerSprites:btnChallengeTierBackerPressed" Visible="1" TooltipColor="UI_WindowTitleGray" NoClip="1" Tooltip="">
            <Control Class="Window" LAnchorPoint="0" LAnchorOffset="0" TAnchorPoint="0" TAnchorOffset="0" RAnchorPoint="1" RAnchorOffset="0" BAnchorPoint="1" BAnchorOffset="0" RelativeToClient="1" Font="Default" Text="" Template="Default" TooltipType="OnCursor" Name="BG_Base" BGColor="white" TextColor="white" TooltipColor="" Picture="1" IgnoreMouse="1" Sprite="CRB_Basekit:kitBase_MetalGrey_ListSmall" Tooltip=""/>
            <Control Class="Window" LAnchorPoint="1" LAnchorOffset="-67" TAnchorPoint="0" TAnchorOffset="-4" RAnchorPoint="1" RAnchorOffset="3" BAnchorPoint="1" BAnchorOffset="4" RelativeToClient="1" Font="Default" Text="" Template="Default" Name="BG_IconFrame" BGColor="UI_AlphaPercent70" TextColor="white" Picture="1" IgnoreMouse="1" Sprite="CRB_Basekit:kitInnerFrame_MetalGrey_Small" TooltipColor="" Visible="1" HideInEditor="0" NewControlDepth="2"/>
        </Control>
        <Control Class="Button" Font="Thick" LAnchorPoint="1" LAnchorOffset="-56" TAnchorPoint="0" TAnchorOffset="7" RAnchorPoint="1" RAnchorOffset="-8" BAnchorPoint="0" BAnchorOffset="55" DT_VCENTER="1" DT_CENTER="1" Name="CostumeSlot" BGColor="white" TextColor="white" IgnoreTooltipDelay="1" NormalTextColor="white" PressedTextColor="white" FlybyTextColor="white" PressedFlybyTextColor="white" DisabledTextColor="white" NewControlDepth="10" NoClip="1" Base="CharacterWindowSprites:btnCh_Armor_Head" TooltipColor="white" TooltipFont="CRB_InterfaceMedium" TooltipType="OnCursor" Tooltip="" TooltipId="Character_CostumeEntryTooltip">
            <Event Name="ButtonSignal" Function="OnCostumeSlotBtn"/>
            <Control Class="Window" WhenEmpty="btn_Armor_HeadNormal" EquipmentSlot="2" Font="Thick" LAnchorPoint="0" LAnchorOffset="0" TAnchorPoint="0" TAnchorOffset="0" RAnchorPoint="1" RAnchorOffset="0" BAnchorPoint="1" BAnchorOffset="0" DT_VCENTER="1" DT_CENTER="1" Name="CostumeIcon" BGColor="white" TextColor="white" IgnoreTooltipDelay="1" NormalTextColor="white" PressedTextColor="white" FlybyTextColor="white" PressedFlybyTextColor="white" DisabledTextColor="white" Sprite="" Picture="1" IgnoreMouse="1" NewControlDepth="6" HideInEditor="0" TooltipColor="" Subclass="ItemWindowSubclass"/>
            <Event Name="DragDrop" Function="OnCostumeSlotDragDrop"/>
            <Event Name="QueryDragDrop" Function="OnCostumeSlotQueryDragDrop"/>
            <Control Class="Button" Base="CRB_Basekit:kitBtn_Holo_Close" Font="Thick" ButtonType="PushButton" RadioGroup="" LAnchorPoint="0" LAnchorOffset="37" TAnchorPoint="0" TAnchorOffset="-7" RAnchorPoint="0" RAnchorOffset="62" BAnchorPoint="0" BAnchorOffset="18" DT_VCENTER="1" DT_CENTER="1" TooltipType="OnCursor" Name="RemoveItemBtn" BGColor="white" TextColor="white" TooltipColor="" NormalTextColor="white" PressedTextColor="white" FlybyTextColor="white" PressedFlybyTextColor="white" DisabledTextColor="white" NoClip="1" Visible="0" HideInEditor="1">
                <Event Name="ButtonSignal" Function="OnRemoveItemBtn"/>
            </Control>
        </Control>
        <Control Class="Button" Base="CRB_Basekit:kitBtn_Holo_Large" Font="CRB_InterfaceMedium" ButtonType="Check" RadioGroup="" LAnchorPoint="0" LAnchorOffset="7" TAnchorPoint="0" TAnchorOffset="14" RAnchorPoint="0" RAnchorOffset="41" BAnchorPoint="1" BAnchorOffset="-13" DT_VCENTER="1" DT_CENTER="1" Name="VisibleBtn" BGColor="white" TextColor="white" NormalTextColor="UI_BtnTextBlueNormal" PressedTextColor="UI_BtnTextBluePressed" FlybyTextColor="UI_BtnTextBlueFlyby" PressedFlybyTextColor="UI_BtnTextBluePressedFlyby" DisabledTextColor="UI_BtnTextBlueDisabled" TooltipType="OnCursor" Tooltip="" TooltipId="Character_ToggleSlotVisiblity" Text="" TestAlpha="1" TooltipColor="white" TextId="" TooltipFont="CRB_InterfaceMedium" IgnoreTooltipDelay="1">
            <Event Name="ButtonCheck" Function="OnVisibleBtnCheck"/>
            <Event Name="ButtonUncheck" Function="OnVisibleBtnCheck"/>
            <Control Class="Window" LAnchorPoint="0" LAnchorOffset="2" TAnchorPoint="0" TAnchorOffset="2" RAnchorPoint="0" RAnchorOffset="31" BAnchorPoint="0" BAnchorOffset="31" RelativeToClient="1" Font="Default" Text="" Template="Default" TooltipType="OnCursor" Name="VisibleBtnIcon" BGColor="white" TextColor="white" TooltipColor="" Picture="1" IgnoreMouse="1" Sprite="CRB_Basekit:kitIcon_Holo_HazardObserver" NewControlDepth="8" Visible="1" HideInEditor="0"/>
            <Control Class="Window" LAnchorPoint="0" LAnchorOffset="-7" TAnchorPoint="0" TAnchorOffset="-7" RAnchorPoint="1" RAnchorOffset="7" BAnchorPoint="1" BAnchorOffset="7" RelativeToClient="1" Font="Default" Text="" Template="Default" TooltipType="OnCursor" Name="VisibleBtnFrame" BGColor="white" TextColor="white" TooltipColor="" Picture="1" IgnoreMouse="1" Sprite="CRB_Basekit:kitInnerFrame_MetalGold_Plain" NoClip="1" Visible="0" HideInEditor="1"/>
        </Control>
        <Control Class="Window" LAnchorPoint="1" LAnchorOffset="-62" TAnchorPoint="0" TAnchorOffset="0" RAnchorPoint="1" RAnchorOffset="-2" BAnchorPoint="1" BAnchorOffset="0" RelativeToClient="1" Font="Default" Text="" Template="Default" TooltipType="OnCursor" Name="HiddenBlocker" BGColor="white" TextColor="white" TooltipColor="white" IgnoreMouse="0" NewWindowDepth="1" NewControlDepth="20" Picture="1" TooltipFont="CRB_InterfaceMedium" Tooltip="" TooltipId="Character_HiddenCostumeTooltip" IgnoreTooltipDelay="1"/>
        <Control Class="Button" Base="CRB_Basekit:kitBtn_Metal_Icon_InsetTrash" Font="CRB_InterfaceSmall" ButtonType="PushButton" RadioGroup="" LAnchorPoint="0" LAnchorOffset="43" TAnchorPoint="0" TAnchorOffset="16" RAnchorPoint="0" RAnchorOffset="71" BAnchorPoint="1" BAnchorOffset="-17" DT_VCENTER="1" DT_CENTER="1" TooltipType="OnCursor" Name="RemoveSlotBtn" BGColor="white" TextColor="gray" TooltipColor="white" NormalTextColor="UI_BtnTextGrayNormal" PressedTextColor="UI_BtnTextGrayPressed" FlybyTextColor="UI_BtnTextGrayFlyby" PressedFlybyTextColor="UI_BtnTextGrayPressedFlyby" DisabledTextColor="UI_BtnTextHoloDisabled" Text="" TextId="" Tooltip="" TooltipId="Character_RemoveCostumePiece" TooltipFont="CRB_InterfaceMedium">
            <Event Name="ButtonSignal" Function="OnRemoveSlotBtn"/>
        </Control>
        <Control Class="Button" Base="CRB_Basekit:kitBtn_Holo" Font="CRB_InterfaceMedium" ButtonType="Check" LAnchorPoint="1" LAnchorOffset="-163" TAnchorPoint="0.5" TAnchorOffset="-17" RAnchorPoint="1" RAnchorOffset="-132" BAnchorPoint="0.5" BAnchorOffset="17" DT_VCENTER="1" DT_CENTER="0" TooltipType="OnCursor" Name="DyeColor1" Border="0" Picture="1" SwallowMouseClicks="1" Moveable="0" Escapable="1" Overlapped="0" BGColor="white" TextColor="white" TooltipColor="white" NormalTextColor="UI_BtnTextHoloNormal" PressedTextColor="white" FlybyTextColor="UI_BtnTextHoloFlyby" PressedFlybyTextColor="white" DisabledTextColor="UI_BtnTextHoloDisabled" Text="" TextId="" DrawAsCheckbox="0" GlobalRadioGroup="" RelativeToClient="1" CheckboxRight="0" Tooltip="" RadioDisallowNonSelection="1" TooltipFont="CRB_InterfaceMedium">
            <Event Name="ButtonCheck" Function="OnDyeCursor"/>
            <Event Name="ButtonUncheck" Function="OnDyeCursor"/>
            <Control Class="Window" LAnchorPoint="0" LAnchorOffset="6" TAnchorPoint="0" TAnchorOffset="6" RAnchorPoint="1" RAnchorOffset="-6" BAnchorPoint="1" BAnchorOffset="-6" RelativeToClient="1" Font="Default" Text="" Template="Default" TooltipType="OnCursor" Name="DyeSwatch" BGColor="white" TextColor="white" TooltipColor="" Picture="1" IgnoreMouse="1" Sprite="CRB_DyeRampSprites:sprDyeRamp_1" NewControlDepth="4"/>
        </Control>
        <Control Class="Button" Base="CRB_Basekit:kitBtn_Holo" Font="CRB_InterfaceMedium" ButtonType="Check" LAnchorPoint="1" LAnchorOffset="-130" TAnchorPoint="0.5" TAnchorOffset="-17" RAnchorPoint="1" RAnchorOffset="-99" BAnchorPoint="0.5" BAnchorOffset="17" DT_VCENTER="1" DT_CENTER="0" TooltipType="OnCursor" Name="DyeColor2" Border="0" Picture="1" SwallowMouseClicks="1" Moveable="0" Escapable="1" Overlapped="0" BGColor="white" TextColor="white" TooltipColor="white" NormalTextColor="UI_BtnTextHoloNormal" PressedTextColor="white" FlybyTextColor="UI_BtnTextHoloFlyby" PressedFlybyTextColor="white" DisabledTextColor="UI_BtnTextHoloDisabled" Text="" TextId="" DrawAsCheckbox="0" GlobalRadioGroup="" RelativeToClient="1" CheckboxRight="0" Tooltip="" RadioDisallowNonSelection="1" TooltipFont="CRB_InterfaceMedium">
            <Event Name="ButtonCheck" Function="OnDyeCursor"/>
            <Event Name="ButtonUncheck" Function="OnDyeCursor"/>
            <Control Class="Window" LAnchorPoint="0" LAnchorOffset="6" TAnchorPoint="0" TAnchorOffset="6" RAnchorPoint="1" RAnchorOffset="-6" BAnchorPoint="1" BAnchorOffset="-6" RelativeToClient="1" Font="Default" Text="" Template="Default" TooltipType="OnCursor" Name="DyeSwatch" BGColor="white" TextColor="white" TooltipColor="" Picture="1" IgnoreMouse="1" Sprite="CRB_DyeRampSprites:sprDyeRamp_1" NewControlDepth="4"/>
        </Control>
        <Control Class="Button" Base="CRB_Basekit:kitBtn_Holo" Font="CRB_InterfaceMedium" ButtonType="Check" LAnchorPoint="1" LAnchorOffset="-97" TAnchorPoint="0.5" TAnchorOffset="-17" RAnchorPoint="1" RAnchorOffset="-66" BAnchorPoint="0.5" BAnchorOffset="17" DT_VCENTER="1" DT_CENTER="0" TooltipType="OnCursor" Name="DyeColor3" Border="0" Picture="1" SwallowMouseClicks="1" Moveable="0" Escapable="1" Overlapped="0" BGColor="white" TextColor="white" TooltipColor="white" NormalTextColor="UI_BtnTextHoloNormal" PressedTextColor="white" FlybyTextColor="UI_BtnTextHoloFlyby" PressedFlybyTextColor="white" DisabledTextColor="UI_BtnTextHoloDisabled" Text="" TextId="" DrawAsCheckbox="0" GlobalRadioGroup="" RelativeToClient="1" CheckboxRight="0" Tooltip="" RadioDisallowNonSelection="1" TooltipFont="CRB_InterfaceMedium">
            <Event Name="ButtonCheck" Function="OnDyeCursor"/>
            <Event Name="ButtonUncheck" Function="OnDyeCursor"/>
            <Control Class="Window" LAnchorPoint="0" LAnchorOffset="6" TAnchorPoint="0" TAnchorOffset="6" RAnchorPoint="1" RAnchorOffset="-6" BAnchorPoint="1" BAnchorOffset="-6" RelativeToClient="1" Font="Default" Text="" Template="Default" TooltipType="OnCursor" Name="DyeSwatch" BGColor="white" TextColor="white" TooltipColor="" Picture="1" IgnoreMouse="1" Sprite="CRB_DyeRampSprites:sprDyeRamp_1" NewControlDepth="4"/>
        </Control>
    </Form>
    <Form Class="Window" LAnchorPoint="0" LAnchorOffset="0" TAnchorPoint="0" TAnchorOffset="0" RAnchorPoint="1" RAnchorOffset="0" BAnchorPoint="0" BAnchorOffset="122" RelativeToClient="1" Font="Default" Text="" Template="Default" TooltipType="OnCursor" Name="CostumeEntrySpacer" Border="0" Picture="0" SwallowMouseClicks="1" Moveable="0" Escapable="0" Overlapped="0" BGColor="white" TextColor="white" TooltipColor="" Sprite="CRB_Basekit:kitBase_MetalGrey_ListSmall" Tooltip="">
        <Control Class="Button" Base="BK3:btnHolo_Check" Font="CRB_InterfaceMedium" ButtonType="Check" LAnchorPoint="1" LAnchorOffset="-160" TAnchorPoint="1" TAnchorOffset="-38" RAnchorPoint="1" RAnchorOffset="-130" BAnchorPoint="1" BAnchorOffset="-8" DT_VCENTER="1" DT_CENTER="0" TooltipType="OnCursor" Name="DyeColor1" Border="0" Picture="1" SwallowMouseClicks="1" Moveable="0" Escapable="1" Overlapped="0" BGColor="white" TextColor="white" TooltipColor="white" NormalTextColor="UI_BtnTextHoloNormal" PressedTextColor="white" FlybyTextColor="UI_BtnTextHoloFlyby" PressedFlybyTextColor="white" DisabledTextColor="UI_BtnTextHoloDisabled" Text="" TextId="" DrawAsCheckbox="0" GlobalRadioGroup="" RelativeToClient="1" CheckboxRight="0" Tooltip="" RadioDisallowNonSelection="1" TooltipFont="CRB_InterfaceMedium">
            <Event Name="ButtonCheck" Function="OnDyeCursorAll"/>
            <Event Name="ButtonUncheck" Function="OnDyeCursorAll"/>
            <Control Class="Window" LAnchorPoint="0" LAnchorOffset="6" TAnchorPoint="0" TAnchorOffset="6" RAnchorPoint="1" RAnchorOffset="-6" BAnchorPoint="1" BAnchorOffset="-6" RelativeToClient="1" Font="Default" Text="" Template="Default" TooltipType="OnCursor" Name="DyeSwatch" BGColor="white" TextColor="white" TooltipColor="" Picture="1" IgnoreMouse="1" Sprite="" NewControlDepth="4"/>
        </Control>
        <Control Class="Button" Base="BK3:btnHolo_Check" Font="CRB_InterfaceMedium" ButtonType="Check" LAnchorPoint="1" LAnchorOffset="-127" TAnchorPoint="1" TAnchorOffset="-38" RAnchorPoint="1" RAnchorOffset="-97" BAnchorPoint="1" BAnchorOffset="-8" DT_VCENTER="1" DT_CENTER="0" TooltipType="OnCursor" Name="DyeColor2" Border="0" Picture="1" SwallowMouseClicks="1" Moveable="0" Escapable="1" Overlapped="0" BGColor="white" TextColor="white" TooltipColor="white" NormalTextColor="UI_BtnTextHoloNormal" PressedTextColor="white" FlybyTextColor="UI_BtnTextHoloFlyby" PressedFlybyTextColor="white" DisabledTextColor="UI_BtnTextHoloDisabled" Text="" TextId="" DrawAsCheckbox="0" GlobalRadioGroup="" RelativeToClient="1" CheckboxRight="0" Tooltip="" RadioDisallowNonSelection="1" TooltipFont="CRB_InterfaceMedium">
            <Event Name="ButtonCheck" Function="OnDyeCursorAll"/>
            <Event Name="ButtonUncheck" Function="OnDyeCursorAll"/>
            <Control Class="Window" LAnchorPoint="0" LAnchorOffset="6" TAnchorPoint="0" TAnchorOffset="6" RAnchorPoint="1" RAnchorOffset="-6" BAnchorPoint="1" BAnchorOffset="-6" RelativeToClient="1" Font="Default" Text="" Template="Default" TooltipType="OnCursor" Name="DyeSwatch" BGColor="white" TextColor="white" TooltipColor="" Picture="1" IgnoreMouse="1" Sprite="" NewControlDepth="4"/>
        </Control>
        <Control Class="Button" Base="BK3:btnHolo_Check" Font="CRB_InterfaceMedium" ButtonType="Check" LAnchorPoint="1" LAnchorOffset="-95" TAnchorPoint="1" TAnchorOffset="-38" RAnchorPoint="1" RAnchorOffset="-65" BAnchorPoint="1" BAnchorOffset="-8" DT_VCENTER="1" DT_CENTER="0" TooltipType="OnCursor" Name="DyeColor3" Border="0" Picture="1" SwallowMouseClicks="1" Moveable="0" Escapable="1" Overlapped="0" BGColor="white" TextColor="white" TooltipColor="white" NormalTextColor="UI_BtnTextHoloNormal" PressedTextColor="white" FlybyTextColor="UI_BtnTextHoloFlyby" PressedFlybyTextColor="white" DisabledTextColor="UI_BtnTextHoloDisabled" Text="" TextId="" DrawAsCheckbox="0" GlobalRadioGroup="" RelativeToClient="1" CheckboxRight="0" Tooltip="" RadioDisallowNonSelection="1" TooltipFont="CRB_InterfaceMedium">
            <Event Name="ButtonCheck" Function="OnDyeCursorAll"/>
            <Event Name="ButtonUncheck" Function="OnDyeCursorAll"/>
            <Control Class="Window" LAnchorPoint="0" LAnchorOffset="6" TAnchorPoint="0" TAnchorOffset="6" RAnchorPoint="1" RAnchorOffset="-6" BAnchorPoint="1" BAnchorOffset="-6" RelativeToClient="1" Font="Default" Text="" Template="Default" TooltipType="OnCursor" Name="DyeSwatch" BGColor="white" TextColor="white" TooltipColor="" Picture="1" IgnoreMouse="1" Sprite="" NewControlDepth="4"/>
        </Control>
        <Control Class="Window" LAnchorPoint="1" LAnchorOffset="-244" TAnchorPoint="1" TAnchorOffset="-52" RAnchorPoint="1" RAnchorOffset="-167" BAnchorPoint="1" BAnchorOffset="3" RelativeToClient="1" Font="CRB_Interface9_BO" Text="All Dye Channels:" BGColor="UI_WindowBGDefault" TextColor="UI_TextHoloTitle" Template="Default" TooltipType="OnCursor" Name="Window" TooltipColor="" DT_RIGHT="1" DT_VCENTER="1" TextId="" DT_WORDBREAK="1"/>
    </Form>
    <Form Class="Button" Base="CRB_Basekit:kitBtn_Holo" Font="CRB_InterfaceMedium" ButtonType="Check" RadioGroup="Dyes" LAnchorPoint="0" LAnchorOffset="0" TAnchorPoint="0" TAnchorOffset="0" RAnchorPoint="0" RAnchorOffset="35" BAnchorPoint="0" BAnchorOffset="34" DT_VCENTER="1" DT_CENTER="0" TooltipType="OnCursor" Name="DyeColor" Border="0" Picture="1" SwallowMouseClicks="1" Moveable="0" Escapable="1" Overlapped="0" BGColor="white" TextColor="white" TooltipColor="white" NormalTextColor="UI_BtnTextHoloNormal" PressedTextColor="white" FlybyTextColor="UI_BtnTextHoloFlyby" PressedFlybyTextColor="white" DisabledTextColor="UI_BtnTextHoloDisabled" Text="" TextId="" DrawAsCheckbox="0" GlobalRadioGroup="" RelativeToClient="1" CheckboxRight="0" Tooltip="" RadioDisallowNonSelection="1" TooltipFont="CRB_InterfaceMedium">
        <Event Name="ButtonCheck" Function="OnDyeSelect"/>
        <Control Class="Window" LAnchorPoint="0" LAnchorOffset="6" TAnchorPoint="0" TAnchorOffset="6" RAnchorPoint="1" RAnchorOffset="-6" BAnchorPoint="1" BAnchorOffset="-6" RelativeToClient="1" Font="Default" Text="" Template="Default" TooltipType="OnCursor" Name="DyeSwatch" BGColor="white" TextColor="white" TooltipColor="" Picture="1" IgnoreMouse="1" Sprite="CRB_DyeRampSprites:sprDyeRamp_1" NewControlDepth="4"/>
    </Form>
</Forms>
