<?xml version="1.0" encoding="UTF-8" standalone="yes" ?>
<Forms>
    <Form Class="Window" LAnchorPoint="0" LAnchorOffset="0" TAnchorPoint="0" TAnchorOffset="0" RAnchorPoint="0" RAnchorOffset="753" BAnchorPoint="0" BAnchorOffset="608" RelativeToClient="1" Font="Default" Text="" Template="Default" TooltipType="OnCursor" Name="MountScreenForm" Border="0" Picture="1" SwallowMouseClicks="1" Moveable="0" Escapable="0" Overlapped="0" BGColor="white" TextColor="white" TooltipColor="" IgnoreMouse="1" Tooltip="" TransitionShowHide="0" Sprite="">
        <Control Class="Window" LAnchorPoint="0" LAnchorOffset="4" TAnchorPoint="0" TAnchorOffset="4" RAnchorPoint="0" RAnchorOffset="378" BAnchorPoint="0" BAnchorOffset="487" RelativeToClient="1" Font="CRB_InterfaceMedium_B" Text="" Template="Default" TooltipType="OnCursor" Name="PortraitContainer" BGColor="white" TextColor="UI_WindowTitleGray" TooltipColor="" Picture="1" IgnoreMouse="1" Sprite="" NewControlDepth="1" Tooltip="" TextId="MountScreen_NothingUnlocked" DT_CENTER="1" DT_VCENTER="1">
            <Control Class="CostumeWindow" LAnchorPoint="0" LAnchorOffset="3" TAnchorPoint="0" TAnchorOffset="-3" RAnchorPoint="1" RAnchorOffset="-3" BAnchorPoint="1" BAnchorOffset="-3" RelativeToClient="1" Font="Default" Text="" Template="Default" Name="MountPortrait" BGColor="white" TextColor="white" Camera="Target" Animated="1" TooltipType="OnCursor" TooltipColor="" IgnoreMouse="1" HideInEditor="1" Mask="\UI_WhiteFillAlpha.tga" Visible="1" Tooltip="" Picture="0"/>
            <Control Class="Window" LAnchorPoint="0" LAnchorOffset="15" TAnchorPoint="0" TAnchorOffset="9" RAnchorPoint="1" RAnchorOffset="-10" BAnchorPoint="0" BAnchorOffset="45" RelativeToClient="1" Font="CRB_HeaderSmall_O" Text="" Template="Default" TooltipType="OnCursor" Name="MountName" BGColor="white" TextColor="UI_TextMetalGoldHighlight" TooltipColor="" TextId="CRB_Preview" DT_CENTER="1" Visible="1" HideInEditor="0" DT_VCENTER="1" NewControlDepth="1" Sprite="BK3:UI_BK3_Metal_Inset_SharpCorner" Picture="1" IgnoreMouse="1"/>
            <Control Class="Button" Base="btn_ArrowTurnLeft" Font="Thick" ButtonType="PushButton" RadioGroup="" LAnchorPoint="0" LAnchorOffset="136" TAnchorPoint="1" TAnchorOffset="-32" RAnchorPoint="0" RAnchorOffset="181" BAnchorPoint="1" BAnchorOffset="-7" DT_VCENTER="1" DT_CENTER="1" Name="RotateLeft" BGColor="UI_AlphaPercent70" TextColor="white" WindowSoundTemplate="Custom" NormalTextColor="white" PressedTextColor="white" FlybyTextColor="white" PressedFlybyTextColor="white" DisabledTextColor="white" TooltipColor="" NewControlDepth="1">
                <Event Name="ButtonHoldBegin" Function="OnRotateLeft"/>
                <Event Name="ButtonUp" Function="OnRotateLeftCancel"/>
                <Event Name="ButtonUpCancel" Function="OnRotateLeftCancel"/>
            </Control>
            <Control Class="Button" Base="btn_ArrowTurnRight" Font="Thick" ButtonType="PushButton" RadioGroup="" LAnchorPoint="1" LAnchorOffset="-176" TAnchorPoint="1" TAnchorOffset="-32" RAnchorPoint="1" RAnchorOffset="-131" BAnchorPoint="1" BAnchorOffset="-7" DT_VCENTER="1" DT_CENTER="1" Name="RotateRight" BGColor="UI_AlphaPercent70" TextColor="white" WindowSoundTemplate="Custom" NormalTextColor="white" PressedTextColor="white" FlybyTextColor="white" PressedFlybyTextColor="white" DisabledTextColor="white" TooltipColor="" Tooltip="" Text="">
                <Event Name="ButtonHoldBegin" Function="OnRotateRight"/>
                <Event Name="ButtonUp" Function="OnRotateRightCancel"/>
                <Event Name="ButtonUpCancel" Function="OnRotateRightCancel"/>
            </Control>
        </Control>
        <Control Class="Window" LAnchorPoint="0" LAnchorOffset="390" TAnchorPoint="0" TAnchorOffset="14" RAnchorPoint="0" RAnchorOffset="740" BAnchorPoint="0" BAnchorOffset="159" RelativeToClient="1" Font="Default" Text="" Template="Default" TooltipType="OnCursor" Name="CustomizeFrontBG" BGColor="white" TextColor="white" TooltipColor="" Picture="1" IgnoreMouse="1" Sprite="BK3:UI_BK3_Holo_InsetHeaderThin" NewControlDepth="1" Tooltip="">
            <Control Class="Window" LAnchorPoint="0" LAnchorOffset="0" TAnchorPoint="0" TAnchorOffset="36" RAnchorPoint="1" RAnchorOffset="-2" BAnchorPoint="1" BAnchorOffset="-3" RelativeToClient="1" Font="Default" Text="" Template="Holo_ScrollListSmall" TooltipType="OnCursor" Name="CustomizeFrontList" BGColor="white" TextColor="white" TooltipColor="" VScroll="1" IgnoreMouse="1" AutoHideScroll="0" Border="0" UseTemplateBG="0" Tooltip=""/>
            <Pixie LAnchorPoint="0" LAnchorOffset="0" TAnchorPoint="0" TAnchorOffset="9" RAnchorPoint="1" RAnchorOffset="0" BAnchorPoint="0" BAnchorOffset="100" Sprite="" BGColor="white" TextColor="UI_TextHoloTitle" Rotation="0" Font="CRB_Header12" Text="" TextId="MountScreen_FrontFlair" DT_CENTER="1"/>
        </Control>
        <Control Class="Window" LAnchorPoint="0" LAnchorOffset="390" TAnchorPoint="0" TAnchorOffset="161" RAnchorPoint="0" RAnchorOffset="740" BAnchorPoint="0" BAnchorOffset="306" RelativeToClient="1" Font="Default" Text="" Template="Default" TooltipType="OnCursor" Name="CustomizeBackBG" BGColor="white" TextColor="white" TooltipColor="" Picture="1" IgnoreMouse="1" Sprite="BK3:UI_BK3_Holo_InsetHeaderThin" NewControlDepth="1" Tooltip="" UseTemplateBG="0">
            <Control Class="Window" LAnchorPoint="0" LAnchorOffset="0" TAnchorPoint="0" TAnchorOffset="36" RAnchorPoint="1" RAnchorOffset="-2" BAnchorPoint="1" BAnchorOffset="-3" RelativeToClient="1" Font="Default" Text="" Template="Holo_ScrollListSmall" TooltipType="OnCursor" Name="CustomizeBackList" BGColor="white" TextColor="white" TooltipColor="" VScroll="1" IgnoreMouse="1" AutoHideScroll="0" Border="0" UseTemplateBG="0"/>
            <Pixie LAnchorPoint="0" LAnchorOffset="0" TAnchorPoint="0" TAnchorOffset="9" RAnchorPoint="1" RAnchorOffset="0" BAnchorPoint="1" BAnchorOffset="1" Sprite="" BGColor="white" TextColor="UI_TextHoloTitle" Rotation="0" Font="CRB_Header12" Text="" TextId="MountScreen_RearFlair" DT_WORDBREAK="1" DT_CENTER="1"/>
        </Control>
        <Control Class="Window" LAnchorPoint="0" LAnchorOffset="390" TAnchorPoint="0" TAnchorOffset="309" RAnchorPoint="0" RAnchorOffset="740" BAnchorPoint="0" BAnchorOffset="454" RelativeToClient="1" Font="Default" Text="" Template="Default" TooltipType="OnCursor" Name="CustomizeLeftBG" BGColor="white" TextColor="white" TooltipColor="" Picture="1" IgnoreMouse="1" Sprite="BK3:UI_BK3_Holo_InsetHeaderThin" NewControlDepth="1" Tooltip="" Border="0" UseTemplateBG="0">
            <Control Class="Window" LAnchorPoint="0" LAnchorOffset="0" TAnchorPoint="0" TAnchorOffset="36" RAnchorPoint="1" RAnchorOffset="-2" BAnchorPoint="1" BAnchorOffset="-3" RelativeToClient="1" Font="Default" Text="" Template="Holo_ScrollListSmall" TooltipType="OnCursor" Name="CustomizeLeftList" BGColor="white" TextColor="white" TooltipColor="" VScroll="1" IgnoreMouse="1" AutoHideScroll="0" Border="0" UseTemplateBG="0"/>
            <Control Class="Window" LAnchorPoint="0" LAnchorOffset="0" TAnchorPoint="0" TAnchorOffset="0" RAnchorPoint="1" RAnchorOffset="0" BAnchorPoint="0" BAnchorOffset="36" RelativeToClient="1" Font="CRB_Header12" Text="Side Flair" BGColor="UI_WindowBGDefault" TextColor="UI_TextHoloTitle" Template="Default" TooltipType="OnCursor" Name="LeftFlairTitle" TooltipColor="" TextId="" DT_VCENTER="1" DT_CENTER="1"/>
        </Control>
        <Control Class="Window" LAnchorPoint="0" LAnchorOffset="390" TAnchorPoint="0" TAnchorOffset="457" RAnchorPoint="0" RAnchorOffset="740" BAnchorPoint="0" BAnchorOffset="602" RelativeToClient="1" Font="Default" Text="" Template="Default" TooltipType="OnCursor" Name="CustomizeRightBG" BGColor="white" TextColor="white" TooltipColor="" Picture="1" IgnoreMouse="1" Sprite="BK3:UI_BK3_Holo_InsetHeaderThin" NewControlDepth="1" Tooltip="" UseTemplateBG="0" Border="0">
            <Control Class="Window" LAnchorPoint="0" LAnchorOffset="0" TAnchorPoint="0" TAnchorOffset="36" RAnchorPoint="1" RAnchorOffset="-2" BAnchorPoint="1" BAnchorOffset="-3" RelativeToClient="1" Font="Default" Text="" Template="Holo_ScrollListSmall" TooltipType="OnCursor" Name="CustomizeRightList" BGColor="white" TextColor="white" TooltipColor="" VScroll="1" IgnoreMouse="1" AutoHideScroll="0" Border="0" UseTemplateBG="0"/>
            <Pixie LAnchorPoint="0" LAnchorOffset="0" TAnchorPoint="0" TAnchorOffset="9" RAnchorPoint="1" RAnchorOffset="0" BAnchorPoint="1" BAnchorOffset="0" Sprite="" BGColor="white" TextColor="UI_TextHoloTitle" Rotation="0" Font="CRB_Header12" Text="" TextId="MountScreen_RightFlair" DT_CENTER="1"/>
        </Control>
        <Control Class="Window" LAnchorPoint="0" LAnchorOffset="391" TAnchorPoint="0" TAnchorOffset="49" RAnchorPoint="1" RAnchorOffset="-14" BAnchorPoint="1" BAnchorOffset="-6" RelativeToClient="1" Font="Default" Text="" Template="Default" TooltipType="OnCursor" Name="MountCanCustomizeBlockers" BGColor="white" TextColor="white" TooltipColor="" Sprite="" Picture="1" IgnoreMouse="1" Visible="0" NewControlDepth="1" HideInEditor="1">
            <Control Class="Window" LAnchorPoint="0" LAnchorOffset="0" TAnchorPoint="0" TAnchorOffset="0" RAnchorPoint="1" RAnchorOffset="0" BAnchorPoint="0" BAnchorOffset="108" RelativeToClient="1" Font="Default" Text="" Template="Default" TooltipType="OnCursor" Name="MouseBlocker1" BGColor="ef05171c" TextColor="white" TooltipColor="" Picture="1" IgnoreMouse="0" Sprite="BasicSprites:WhiteFill" NewControlDepth="1" Tooltip="">
                <Pixie LAnchorPoint="0.5" LAnchorOffset="-30" TAnchorPoint="0.5" TAnchorOffset="-15" RAnchorPoint="0.5" RAnchorOffset="29" BAnchorPoint="0.5" BAnchorOffset="38" BGColor="white" Font="Default" TextColor="white" Text="" Sprite="ClientSprites:Icon_Windows_UI_CRB_Lock_Holo" Line="0"/>
                <Pixie LAnchorPoint="0" LAnchorOffset="0" TAnchorPoint="0" TAnchorOffset="16" RAnchorPoint="1" RAnchorOffset="0" BAnchorPoint="1" BAnchorOffset="0" BGColor="white" Font="CRB_InterfaceSmall" TextColor="UI_TextHoloBody" Text="This can&apos;t be customized" TextId="" DT_CENTER="1" DT_VCENTER="0" DT_WORDBREAK="1" Line="0"/>
            </Control>
            <Control Class="Window" LAnchorPoint="0" LAnchorOffset="0" TAnchorPoint="0" TAnchorOffset="148" RAnchorPoint="1" RAnchorOffset="0" BAnchorPoint="0" BAnchorOffset="256" RelativeToClient="1" Font="Default" Text="" Template="Default" TooltipType="OnCursor" Name="MouseBlocker2" BGColor="ef05171c" TextColor="white" TooltipColor="" Picture="1" IgnoreMouse="0" Sprite="BasicSprites:WhiteFill" NewControlDepth="1" Tooltip="">
                <Pixie LAnchorPoint="0.5" LAnchorOffset="-30" TAnchorPoint="0.5" TAnchorOffset="-15" RAnchorPoint="0.5" RAnchorOffset="29" BAnchorPoint="0.5" BAnchorOffset="38" BGColor="white" Font="Default" TextColor="white" Text="" Sprite="ClientSprites:Icon_Windows_UI_CRB_Lock_Holo" Line="0"/>
                <Pixie LAnchorPoint="0" LAnchorOffset="0" TAnchorPoint="0" TAnchorOffset="16" RAnchorPoint="1" RAnchorOffset="0" BAnchorPoint="1" BAnchorOffset="0" BGColor="white" Font="CRB_InterfaceSmall" TextColor="UI_TextHoloBody" Text="This can&apos;t be customized" TextId="" DT_CENTER="1" DT_VCENTER="0" DT_WORDBREAK="1" Line="0"/>
            </Control>
            <Control Class="Window" LAnchorPoint="0" LAnchorOffset="0" TAnchorPoint="0" TAnchorOffset="296" RAnchorPoint="1" RAnchorOffset="0" BAnchorPoint="0" BAnchorOffset="404" RelativeToClient="1" Font="Default" Text="" Template="Default" TooltipType="OnCursor" Name="MouseBlocker4" BGColor="ef05171c" TextColor="white" TooltipColor="" Picture="1" IgnoreMouse="0" Sprite="BasicSprites:WhiteFill" NewControlDepth="1" Tooltip="">
                <Pixie LAnchorPoint="0.5" LAnchorOffset="-30" TAnchorPoint="0.5" TAnchorOffset="-15" RAnchorPoint="0.5" RAnchorOffset="29" BAnchorPoint="0.5" BAnchorOffset="38" BGColor="white" Font="Default" TextColor="white" Text="" Sprite="ClientSprites:Icon_Windows_UI_CRB_Lock_Holo" Line="0"/>
                <Pixie LAnchorPoint="0" LAnchorOffset="0" TAnchorPoint="0" TAnchorOffset="16" RAnchorPoint="1" RAnchorOffset="0" BAnchorPoint="1" BAnchorOffset="0" BGColor="white" Font="CRB_InterfaceSmall" TextColor="UI_TextHoloBody" Text="This can&apos;t be customized" TextId="" DT_CENTER="1" DT_VCENTER="0" DT_WORDBREAK="1" Line="0"/>
            </Control>
            <Control Class="Window" LAnchorPoint="0" LAnchorOffset="0" TAnchorPoint="0" TAnchorOffset="445" RAnchorPoint="1" RAnchorOffset="0" BAnchorPoint="0" BAnchorOffset="553" RelativeToClient="1" Font="Default" Text="" Template="Default" TooltipType="OnCursor" Name="MouseBlocker3" BGColor="ef05171c" TextColor="white" TooltipColor="" Picture="1" IgnoreMouse="0" Sprite="BasicSprites:WhiteFill" NewControlDepth="1" Tooltip="">
                <Pixie LAnchorPoint="0.5" LAnchorOffset="-30" TAnchorPoint="0.5" TAnchorOffset="-15" RAnchorPoint="0.5" RAnchorOffset="29" BAnchorPoint="0.5" BAnchorOffset="38" BGColor="white" Font="Default" TextColor="white" Text="" Sprite="ClientSprites:Icon_Windows_UI_CRB_Lock_Holo" Line="0"/>
                <Pixie LAnchorPoint="0" LAnchorOffset="0" TAnchorPoint="0" TAnchorOffset="16" RAnchorPoint="1" RAnchorOffset="0" BAnchorPoint="1" BAnchorOffset="0" BGColor="white" Font="CRB_InterfaceSmall" TextColor="UI_TextHoloBody" Text="This can&apos;t be customized" TextId="" DT_CENTER="1" DT_VCENTER="0" DT_WORDBREAK="1" Line="0"/>
            </Control>
        </Control>
        <Control Class="Window" LAnchorPoint="0" LAnchorOffset="24" TAnchorPoint="1" TAnchorOffset="-108" RAnchorPoint="0" RAnchorOffset="359" BAnchorPoint="1" BAnchorOffset="-8" RelativeToClient="1" Font="Default" Text="" Template="Metal_ScrollList" TooltipType="OnCursor" Name="StableList" BGColor="white" TextColor="white" TooltipColor="" HideInEditor="0" HScroll="0" IgnoreMouse="1" Sprite="" Picture="1" NewControlDepth="10" UseTemplateBG="1" Border="0" VScroll="1" TooltipFont="CRB_InterfaceSmall"/>
        <Pixie LAnchorPoint="0" LAnchorOffset="0" TAnchorPoint="0" TAnchorOffset="0" RAnchorPoint="0" RAnchorOffset="381" BAnchorPoint="1" BAnchorOffset="0" BGColor="white" Font="Default" TextColor="white" Text="" Sprite="CRB_Basekit:kitBase_MetalGrey_Large" Line="0"/>
        <Pixie LAnchorPoint="0" LAnchorOffset="8" TAnchorPoint="1" TAnchorOffset="-121" RAnchorPoint="0" RAnchorOffset="376" BAnchorPoint="1" BAnchorOffset="3" BGColor="UI_WindowBGDefault" Font="Default" TextColor="UI_WindowTextDefault" Text="" Sprite="BK3:sprMetal_FooterCharacter" Line="0"/>
    </Form>
    <Form Class="Window" LAnchorPoint="0" LAnchorOffset="0" TAnchorPoint="0" TAnchorOffset="0" RAnchorPoint="1" RAnchorOffset="13" BAnchorPoint="0" BAnchorOffset="20" RelativeToClient="1" Font="CRB_InterfaceMedium_B" Text="Front Flair" Template="Default" TooltipType="OnCursor" Name="CustomizeFrontLabel" BGColor="white" TextColor="UI_TextHoloBody" TooltipColor="" TextId="" DT_CENTER="1" Visible="1" HideInEditor="0" DT_VCENTER="1" NewControlDepth="1"/>
    <Form Class="Window" LAnchorPoint="0" LAnchorOffset="2" TAnchorPoint="0" TAnchorOffset="0" RAnchorPoint="1" RAnchorOffset="2" BAnchorPoint="0" BAnchorOffset="27" RelativeToClient="1" Font="Default" Text="" Template="Default" TooltipType="OnCursor" Name="CustomizeFlairItem" BGColor="white" TextColor="white" TooltipColor="" Picture="0" IgnoreMouse="1">
        <Control Class="Button" Base="BK3:btnHolo_ListView_Simple" Font="CRB_InterfaceSmall" ButtonType="Check" LAnchorPoint="0" LAnchorOffset="0" TAnchorPoint="0" TAnchorOffset="0" RAnchorPoint="1" RAnchorOffset="0" BAnchorPoint="1" BAnchorOffset="0" DT_VCENTER="1" DT_CENTER="0" TooltipType="OnCursor" Name="CustomizeFlairBtn" BGColor="white" TextColor="white" TooltipColor="" NormalTextColor="UI_BtnTextBlueNormal" PressedTextColor="UI_BtnTextBluePressed" FlybyTextColor="UI_BtnTextBlueFlyby" PressedFlybyTextColor="UI_BtnTextBlueFlyby" DisabledTextColor="UI_BtnTextBlueDisabled" Tooltip="" TooltipFont="CRB_InterfaceSmall_O" GlobalRadioGroup="" RelativeToClient="1" NeverBringToFront="1" RadioGroup="" Text="Darkspur" TextId="" ButtonTextXMargin="10">
            <Event Name="ButtonCheck" Function="OnCustomizeFlairCheck"/>
            <Event Name="ButtonUncheck" Function="OnCustomizeFlairUncheck"/>
        </Control>
        <Control Class="Window" LAnchorPoint="0" LAnchorOffset="6" TAnchorPoint="0" TAnchorOffset="8" RAnchorPoint="0" RAnchorOffset="26" BAnchorPoint="0" BAnchorOffset="28" RelativeToClient="1" Font="Default" Text="" Template="Default" TooltipType="OnCursor" Name="CustomizeFlairCheck" BGColor="white" TextColor="white" TooltipColor="" Sprite="CRB_CharacterCreateSprites:sprCharC_NameCheckYes" Picture="1" IgnoreMouse="1" NewControlDepth="1" Visible="0" HideInEditor="1"/>
    </Form>
    <Form Class="Window" LAnchorPoint="0" LAnchorOffset="0" TAnchorPoint="0" TAnchorOffset="0" RAnchorPoint="0" RAnchorOffset="52" BAnchorPoint="0" BAnchorOffset="52" RelativeToClient="1" Font="Default" Text="" Template="Default" TooltipType="OnCursor" Name="MountItem" Border="0" Picture="1" SwallowMouseClicks="1" Moveable="0" Escapable="0" Overlapped="1" BGColor="white" TextColor="white" TooltipColor="" IgnoreMouse="1" Tooltip="" TooltipFont="CRB_InterfaceSmall_O" Sprite="">
        <Control Class="ActionBarButton" Name="MountItemActionBarBtn" ContentType="ABar" ContentId="0" Base="Button_ActionBarBlank" RelativeToClient="1" IfHoldNoSignal="1" DT_VCENTER="1" DT_CENTER="1" NeverBringToFront="1" WindowSoundTemplate="ActionBarButton" BGColor="white" TextColor="white" LAnchorPoint="0" LAnchorOffset="5" TAnchorPoint="0" TAnchorOffset="5" RAnchorPoint="1" RAnchorOffset="-5" BAnchorPoint="1" BAnchorOffset="-5" Font="CRB_InterfaceLarge_O" IgnoreTooltipDelay="0" TooltipColor="" RechargeBarLAnchorPoint="1" RechargeBarLAnchorOffset="-8" RechargeBarTAnchorPoint="0" RechargeBarTAnchorOffset="4" RechargeBarRAnchorPoint="1" RechargeBarRAnchorOffset="4" RechargeBarBAnchorPoint="1" RechargeBarBAnchorOffset="-14" RechargeBarEmptyColorAttribute="Black" RechargeBarFullColorAttribute="white" RechargeBarEmptyAttribute="WhiteFill" RechargeBarFullAttribute="spr_HUD_VerticalGoo_Pulse" Sprite="" TooltipType="OnCursor" ShortHotkeyFontAttribute="CRB_InterfaceLarge_BO" LongHotkeyFontAttribute="CRB_InterfaceSmall_O" CountFontAttribute="CRB_InterfaceSmall_O" CooldownFontAttribute="CRB_HeaderLarge" ProcessRightClick="1" Picture="1" Tooltip="">
            <Event Name="QueryBeginDragDrop" Function="OnMountBeginDragDrop"/>
        </Control>
        <Control Class="Window" LAnchorPoint="0" LAnchorOffset="0" TAnchorPoint="0" TAnchorOffset="0" RAnchorPoint="1" RAnchorOffset="0" BAnchorPoint="1" BAnchorOffset="0" RelativeToClient="1" Font="Default" Text="" Template="Default" TooltipType="OnCursor" Name="MountItemMouseCatcher" BGColor="white" TextColor="white" TooltipColor="" Picture="1" IgnoreMouse="1" Sprite="" NewControlDepth="1" HideInEditor="0">
            <Event Name="MouseButtonUp" Function="OnMountItemClick"/>
            <Control Class="Window" LAnchorPoint="0" LAnchorOffset="2" TAnchorPoint="0" TAnchorOffset="2" RAnchorPoint="1" RAnchorOffset="-2" BAnchorPoint="1" BAnchorOffset="-2" RelativeToClient="1" Font="Default" Text="" Template="Default" TooltipType="OnCursor" Name="MountItemMouseCatcherArt" BGColor="white" TextColor="white" TooltipColor="" Sprite="BK3:sprMetal_ExpandMenu_MedSmall_Framing" Picture="1" IgnoreMouse="1" Visible="0" NoClip="0"/>
        </Control>
        <Pixie LAnchorPoint="0" LAnchorOffset="0" TAnchorPoint="0" TAnchorOffset="0" RAnchorPoint="1" RAnchorOffset="-1" BAnchorPoint="1" BAnchorOffset="0" Sprite="BK3:UI_BK3_Metal_Inset_SharpCorner" BGColor="white" TextColor="black" Rotation="0" Font="Default"/>
    </Form>
</Forms>
