<?xml version="1.0" ?>
<Forms>
    <!-- The rest of the Datachron -->
    <Form Class="Window" LAnchorPoint="1" LAnchorOffset="-83" TAnchorPoint="1" TAnchorOffset="-84" RAnchorPoint="1" RAnchorOffset="2" BAnchorPoint="1" BAnchorOffset="-24" RelativeToClient="1" Font="Default" Text="" Template="Default" Name="MinimizedState" BGColor="white" TextColor="white" NoClip="0" LeftEdgeControlsAnchor="DatachronMin_Left" TopEdgeControlsAnchor="DatachronMin_Top" Overlapped="0" TooltipColor="" Tooltip="" NeverBringToFront="0" NewControlDepth="2" IgnoreMouse="1">
        <Control Class="Window" LAnchorPoint="0" LAnchorOffset="-4" TAnchorPoint="0" TAnchorOffset="-7" RAnchorPoint="0" RAnchorOffset="79" BAnchorPoint="0" BAnchorOffset="54" RelativeToClient="1" Font="Default" Text="" Template="Default" TooltipType="OnCursor" Name="bgFrame" BGColor="white" TextColor="white" TooltipColor="" Sprite="HUD_BottomBar:spr_HUD_BottomBar_Datachron" Picture="1" IgnoreMouse="1" NoClip="1"/>
        <Control Name="CommPlayBtnMin" Class="Button" ButtonType="PushButton" Base="HUD_BottomBar:btn_HUD_Datachron_CallPlay" BGColor="white" TextColor="white" LAnchorPoint="0" LAnchorOffset="5" TAnchorPoint="0" TAnchorOffset="-5" RAnchorPoint="0" RAnchorOffset="52" BAnchorPoint="0" BAnchorOffset="42" TestAlpha="1" WindowSoundTemplate="TogglePhys02" NormalTextColor="white" PressedTextColor="white" FlybyTextColor="white" PressedFlybyTextColor="white" DisabledTextColor="white" TooltipColor="" HideInEditor="0">
            <Event Name="ButtonSignal" Function="OnCommPlayBtn"/>
        </Control>
        <Control Name="DisableCommBtnMin" Class="Button" Picture="1" Sprite="" NoClip="1" BGColor="white" TextColor="white" LAnchorPoint="0" LAnchorOffset="43" TAnchorPoint="0" TAnchorOffset="-2" RAnchorPoint="0" RAnchorOffset="77" BAnchorPoint="0" BAnchorOffset="32" Base="HUD_BottomBar:btn_HUD_Datachron_Minimize" ButtonType="Check" Tooltip="" TooltipId="Datachron_Maximize" TooltipType="OnCursor" NormalTextColor="white" PressedTextColor="white" FlybyTextColor="white" PressedFlybyTextColor="white" DisabledTextColor="white" TooltipColor="" TooltipFont="CRB_InterfaceSmall_O">
            <Event Name="ButtonCheck" Function="OnRestoreDatachron"/>
            <Event Name="ButtonUncheck" Function="OnMinimizeDatachron"/>
        </Control>
        <Control Class="Button" Base="HUD_BottomBar:btn_HUD_Datachron_CallHide" Font="Thick" ButtonType="PushButton" RadioGroup="" LAnchorPoint="0" LAnchorOffset="-3" TAnchorPoint="0" TAnchorOffset="25" RAnchorPoint="0" RAnchorOffset="26" BAnchorPoint="0" BAnchorOffset="54" DT_VCENTER="1" DT_CENTER="1" Name="CommCallDenyMin" BGColor="white" TextColor="white" NormalTextColor="white" PressedTextColor="white" FlybyTextColor="white" PressedFlybyTextColor="white" DisabledTextColor="white" Tooltip="" TooltipId="" TooltipColor="" HideInEditor="0" NewWindowDepth="1">
            <Event Name="ButtonSignal" Function="OnDenyCallbackBtn"/>
        </Control>
        <Control Name="ZoneNameMin" Class="Window" LAnchorPoint="0.5" LAnchorOffset="-105" TAnchorPoint="0" TAnchorOffset="17" RAnchorPoint="0.5" RAnchorOffset="125" BAnchorPoint="0" BAnchorOffset="32" DT_CENTER="1" DT_VCENTER="1" Text="" TextColor="UI_TextHoloBodyHighlight" Font="CRB_InterfaceSmall" BGColor="white" Visible="0" NewControlDepth="6" TooltipColor=""/>
        <Control Name="PathTitleMin" Class="Window" LAnchorPoint="0.5" LAnchorOffset="-105" TAnchorPoint="0" TAnchorOffset="15" RAnchorPoint="0.5" RAnchorOffset="125" BAnchorPoint="0" BAnchorOffset="30" DT_CENTER="1" DT_VCENTER="1" Text="" TextColor="white" Font="CRB_InterfaceMedium" BGColor="white" Visible="0" NewControlDepth="6" TooltipColor=""/>
        <Control Name="IncomingCreatureNameMin" Class="Window" LAnchorPoint="0.5" LAnchorOffset="-280" TAnchorPoint="0" TAnchorOffset="-35" RAnchorPoint="0.5" RAnchorOffset="22" BAnchorPoint="0" BAnchorOffset="10" DT_CENTER="0" DT_VCENTER="1" TextColor="White" Font="CRB_InterfaceSmall" BGColor="white" IgnoreMouse="1" DT_WORDBREAK="0" Visible="1" NewControlDepth="6" TooltipColor="" DT_RIGHT="1" NoClip="1" DT_SINGLELINE="1"/>
        <Pixie LAnchorPoint="1" LAnchorOffset="-307" TAnchorPoint="1" TAnchorOffset="-27" RAnchorPoint="1" RAnchorOffset="0" BAnchorPoint="1" BAnchorOffset="0" BGColor="white" Font="Default" TextColor="white" Text="" Sprite="" Line="0"/>
        <Pixie LAnchorPoint="0.5" LAnchorOffset="-105" TAnchorPoint="0" TAnchorOffset="16" RAnchorPoint="0.5" RAnchorOffset="125" BAnchorPoint="0" BAnchorOffset="31" BGColor="white" Font="Default" TextColor="white" Text="" Line="0"/>
        <Control Class="Window" LAnchorPoint="0" LAnchorOffset="-116" TAnchorPoint="0" TAnchorOffset="-98" RAnchorPoint="0" RAnchorOffset="84" BAnchorPoint="0" BAnchorOffset="102" RelativeToClient="1" Font="Default" Text="" Template="Default" TooltipType="OnCursor" Name="CommCallPulseMinRed" BGColor="white" TextColor="white" TooltipColor="" IgnoreMouse="1" NoClip="1" Sprite="CRB_Anim_DatachronSonarPing:sprAnim_Datachron_SonarPing_Red" Picture="1" Tooltip="" HideInEditor="0"/>
        <Control Class="Window" LAnchorPoint="0" LAnchorOffset="-116" TAnchorPoint="0" TAnchorOffset="-98" RAnchorPoint="0" RAnchorOffset="84" BAnchorPoint="0" BAnchorOffset="102" RelativeToClient="1" Font="Default" Text="" Template="Default" TooltipType="OnCursor" Name="CommCallPulseMinBlue" BGColor="white" TextColor="white" TooltipColor="" IgnoreMouse="1" NoClip="1" Sprite="CRB_Anim_DatachronSonarPing:sprAnim_Datachron_SonarPing_Blue" Picture="1" Tooltip="" HideInEditor="0"/>
    </Form>
    <Form Class="Window" LAnchorPoint="1" LAnchorOffset="-367" TAnchorPoint="1" TAnchorOffset="-385" RAnchorPoint="1" RAnchorOffset="22" BAnchorPoint="1" BAnchorOffset="-81" RelativeToClient="1" Font="Default" Text="" Template="Default" Name="Datachron" BGColor="white" TextColor="white" NeverBringToFront="1" Overlapped="1" LeftEdgeControlsAnchor="Datachron_Left" TopEdgeControlsAnchor="Datachron_Top" Tooltip="" TooltipId="" TextId="" TooltipColor="" HideInEditor="0" Picture="1" Sprite="" NewWindowDepth="0" Visible="0">
        <Control Class="Window" LAnchorPoint="0.5" LAnchorOffset="-141" TAnchorPoint="0" TAnchorOffset="73" RAnchorPoint="0.5" RAnchorOffset="149" BAnchorPoint="0" BAnchorOffset="261" RelativeToClient="1" Font="Default" Text="" Template="Default" Name="DatachronContent" BGColor="white" TextColor="white" IgnoreMouse="1" NewControlDepth="2" TooltipColor="" HideInEditor="1">
            <Control Class="Window" LAnchorPoint="0" LAnchorOffset="0" TAnchorPoint="0" TAnchorOffset="0" RAnchorPoint="1" RAnchorOffset="0" BAnchorPoint="1" BAnchorOffset="0" RelativeToClient="1" Font="Default" Text="" Template="Default" Name="PathContainer" BGColor="white" TextColor="white" Visible="1" IgnoreMouse="1" NeverBringToFront="1" TooltipColor="" HideInEditor="0"/>
            <Control Class="Window" LAnchorPoint="0" LAnchorOffset="0" TAnchorPoint="0" TAnchorOffset="0" RAnchorPoint="1" RAnchorOffset="0" BAnchorPoint="1" BAnchorOffset="0" RelativeToClient="1" Font="Default" Text="" Template="Default" TooltipType="OnCursor" Name="PvPContainer" BGColor="white" TextColor="white" TooltipColor="" IgnoreMouse="1" NeverBringToFront="1" Picture="1" Sprite="" Visible="0" HideInEditor="1"/>
            <Control Class="Window" LAnchorPoint="0" LAnchorOffset="0" TAnchorPoint="0" TAnchorOffset="0" RAnchorPoint="1" RAnchorOffset="0" BAnchorPoint="1" BAnchorOffset="0" RelativeToClient="1" Font="Default" Text="" Template="Holo_Background_Datachron" Name="QueuedCallsContainer" BGColor="white" TextColor="white" Visible="0" IgnoreMouse="1" Sprite="" TransitionShowHide="1" HideInEditor="0" NewWindowDepth="1" TooltipColor="" Picture="1">
                <Control Class="Window" LAnchorPoint="0" LAnchorOffset="3" TAnchorPoint="0" TAnchorOffset="36" RAnchorPoint="1" RAnchorOffset="-2" BAnchorPoint="1" BAnchorOffset="-1" RelativeToClient="1" Font="Default" Text="" Template="Holo_ScrollListSmall" Name="QueuedCallsList" BGColor="white" TextColor="white" VScroll="1" IgnoreMouse="1" TooltipColor=""/>
                <Pixie LAnchorPoint="0" LAnchorOffset="1" TAnchorPoint="0" TAnchorOffset="1" RAnchorPoint="1" RAnchorOffset="-1" BAnchorPoint="1" BAnchorOffset="-1" Sprite="BK3:UI_BK3_Holo_InsetHeaderThin" BGColor="white" TextColor="black" Rotation="0" Font="Default"/>
                <Pixie LAnchorPoint="0" LAnchorOffset="0" TAnchorPoint="0" TAnchorOffset="5" RAnchorPoint="1" RAnchorOffset="0" BAnchorPoint="0" BAnchorOffset="30" BGColor="white" Font="CRB_HeaderSmall" TextColor="UI_TextHoloTitle" Text="" TextId="Datachron_RecentCalls" DT_CENTER="1" DT_VCENTER="1" Line="0"/>
            </Control>
        </Control>
        <Control Class="Window" LAnchorPoint="0" LAnchorOffset="4" TAnchorPoint="0" TAnchorOffset="33" RAnchorPoint="1" RAnchorOffset="0" BAnchorPoint="1" BAnchorOffset="2" RelativeToClient="1" Font="Default" Text="" BGColor="eaffffff" TextColor="UI_WindowTextDefault" Template="Default" TooltipType="OnCursor" Name="Framing" TooltipColor="" Picture="1" IgnoreMouse="1" Sprite="HUD_BottomBar:spr_HUD_DataChron_Base" HideInEditor="0" NewWindowDepth="1"/>
        <Control Class="Window" LAnchorPoint="0" LAnchorOffset="0" TAnchorPoint="0" TAnchorOffset="0" RAnchorPoint="1" RAnchorOffset="0" BAnchorPoint="1" BAnchorOffset="0" RelativeToClient="1" Font="Default" Text="" Template="Default" TooltipType="OnCursor" Name="PathContainerTopLevel" BGColor="white" TextColor="white" TooltipColor="" Visible="0" HideInEditor="0"/>
        <Pixie LAnchorPoint="0" LAnchorOffset="53" TAnchorPoint="0" TAnchorOffset="74" RAnchorPoint="1" RAnchorOffset="-47" BAnchorPoint="1" BAnchorOffset="-43" Sprite="BasicSprites:BlackFill" BGColor="UI_AlphaPercent90" TextColor="black" Rotation="0" Font="Default" Text=""/>
    </Form>
    <Form Class="Window" LAnchorPoint="0" LAnchorOffset="0" TAnchorPoint="0" TAnchorOffset="0" RAnchorPoint="1" RAnchorOffset="0" BAnchorPoint="0" BAnchorOffset="38" RelativeToClient="1" Font="Default" Text="" Template="Default" Name="QueuedCallsItem" Border="0" Picture="0" SwallowMouseClicks="1" Moveable="0" Escapable="0" Overlapped="1" BGColor="white" TextColor="white" IgnoreMouse="1" Tooltip="" TooltipId="" TooltipColor="">
        <Control Class="Button" Base="BK3:btnHolo_ListView_Simple" Font="CRB_InterfaceMedium_B" ButtonType="PushButton" LAnchorPoint="0" LAnchorOffset="0" TAnchorPoint="0" TAnchorOffset="0" RAnchorPoint="1" RAnchorOffset="0" BAnchorPoint="1" BAnchorOffset="0" Name="QueuedCallsBtn" BGColor="white" TextColor="white" NormalTextColor="white" PressedTextColor="white" FlybyTextColor="white" PressedFlybyTextColor="white" DisabledTextColor="white" Text="" TextId="" RelativeToClient="1" TooltipColor="">
            <Event Name="ButtonSignal" Function="OnQueuedCallsItemClick"/>
            <Control Class="Window" LAnchorPoint="0" LAnchorOffset="8" TAnchorPoint="0" TAnchorOffset="7" RAnchorPoint="0" RAnchorOffset="30" BAnchorPoint="1" BAnchorOffset="-9" RelativeToClient="1" Font="Default" Text="" Template="Default" Name="QueuedCallsIcon" BGColor="white" TextColor="white" Picture="1" IgnoreMouse="1" Sprite="CRB_DatachronSprites:sprDCM_CallIcon" NewControlDepth="1" Visible="1" HideInEditor="0" TooltipColor=""/>
            <Control Class="Window" LAnchorPoint="0" LAnchorOffset="34" TAnchorPoint="0" TAnchorOffset="0" RAnchorPoint="1" RAnchorOffset="-30" BAnchorPoint="1" BAnchorOffset="0" RelativeToClient="1" Font="CRB_InterfaceSmall" Text="" Template="Default" Name="QueuedCallsTitle" BGColor="white" TextColor="UI_TextHoloBodyHighlight" TextId="Datachron_MissedCall" DT_VCENTER="1" DT_WORDBREAK="1" TooltipColor=""/>
        </Control>
        <Control Class="Button" Base="BK3:btnHolo_Close" Font="Thick" ButtonType="PushButton" RadioGroup="" LAnchorPoint="1" LAnchorOffset="-30" TAnchorPoint="0.5" TAnchorOffset="-15" RAnchorPoint="1" RAnchorOffset="-1" BAnchorPoint="0.5" BAnchorOffset="15" Name="QueuedCallsIgnoreBtn" BGColor="UI_AlphaPercent65" TextColor="white" NormalTextColor="white" PressedTextColor="white" FlybyTextColor="white" PressedFlybyTextColor="white" DisabledTextColor="white" RelativeToClient="1" Tooltip="" TooltipId="Datachron_QuestIgnored" TooltipType="OnCursor" NewControlDepth="1" TooltipColor="" TooltipFont="CRB_InterfaceSmall_O">
            <Event Name="ButtonSignal" Function="OnQueuedCallsIgnoreBtn"/>
        </Control>
    </Form>
</Forms>
