<Forms>
    <Form Class="Window" LAnchorPoint="1" LAnchorOffset="-650" TAnchorPoint="1" TAnchorOffset="-654" RAnchorPoint="1" RAnchorOffset="-317" BAnchorPoint="1" BAnchorOffset="-190" RelativeToClient="1" Font="Default" Text="" Template="Default" Name="InventoryBag" Border="0" Picture="0" SwallowMouseClicks="1" Moveable="1" Escapable="1" Overlapped="1" BGColor="white" TextColor="white" Visible="0" IgnoreMouse="0" Sizable="1" Scalable="0" Tooltip="" TooltipId="" TooltipColor="" HideInEditor="0">
        <Control Class="Window" LAnchorPoint="0" LAnchorOffset="23" TAnchorPoint="1" TAnchorOffset="-161" RAnchorPoint="1" RAnchorOffset="-22" BAnchorPoint="1" BAnchorOffset="-77" RelativeToClient="1" Font="Default" Text="" Template="Default" TooltipType="OnCursor" Name="BGVirtual" BGColor="white" TextColor="white" TooltipColor="" HideInEditor="1">
            <Control Class="Button" Base="kitBtn_List_MetalSortArrow" Font="CRB_InterfaceSmall" ButtonType="Check" RadioGroup="" LAnchorPoint="0" LAnchorOffset="0" TAnchorPoint="0" TAnchorOffset="0" RAnchorPoint="1" RAnchorOffset="0" BAnchorPoint="0" BAnchorOffset="20" DT_VCENTER="1" DT_CENTER="1" Name="VirtualInvToggleBtn" BGColor="white" TextColor="white" NormalTextColor="UI_BtnTextGoldListNormal" PressedTextColor="UI_BtnTextGoldListPressed" FlybyTextColor="UI_BtnTextGoldListFlyby" PressedFlybyTextColor="UI_BtnTextGoldListPressedFlyby" DisabledTextColor="UI_BtnTextGoldListDisabled" Text="" TextId="Inventory_VirtualInvDefault" TooltipColor="" Tooltip="">
                <Event Name="ButtonCheck" Function="OnQuestObjectiveUpdated"/>
                <Event Name="ButtonUncheck" Function="OnQuestObjectiveUpdated"/>
            </Control>
            <Control Class="Window" LAnchorPoint="0" LAnchorOffset="0" TAnchorPoint="0" TAnchorOffset="20" RAnchorPoint="1" RAnchorOffset="0" BAnchorPoint="0" BAnchorOffset="84" RelativeToClient="1" Font="CRB_InterfaceSmall_O" Text="" Template="Default" Name="VirtualInvContainer" BGColor="white" TextColor="white" Sprite="kitBase_MetalGrey_Tiny" Picture="1" IgnoreMouse="1" Visible="0" Tooltip="" TooltipId="Inventory_VirtualInvTooltip" TooltipType="OnCursor" IgnoreTooltipDelay="0" TransitionShowHide="0" UseTransitionSprite="0" HideInEditor="0" TooltipColor="" NoClip="0">
                <Control Class="Window" LAnchorPoint="0" LAnchorOffset="0" TAnchorPoint="1" TAnchorOffset="-54" RAnchorPoint="1" RAnchorOffset="0" BAnchorPoint="1" BAnchorOffset="0" RelativeToClient="1" Font="Default" Text="" Template="Default" Name="VirtualInvItems" BGColor="white" TextColor="white" VScroll="0" IgnoreMouse="1" Tooltip="" Overlapped="0" TooltipId="" TooltipColor="" HScroll="1" AutoHideScroll="1" Sprite="">
                    <Control Class="Window" LAnchorPoint="0.5" LAnchorOffset="-19" TAnchorPoint="0" TAnchorOffset="0" RAnchorPoint="0.5" RAnchorOffset="19" BAnchorPoint="0" BAnchorOffset="38" RelativeToClient="1" Font="Default" Text="" Template="Default" Name="VirtualItem" Picture="1" SwallowMouseClicks="1" Overlapped="1" BGColor="white" TextColor="white" IgnoreMouse="1" Sprite="CRB_UIKitSprites:spr_Hologram" Tooltip="" TooltipType="OnCursor" IgnoreTooltipDelay="1" TooltipColor="">
                        <Control Class="Window" LAnchorPoint="0" LAnchorOffset="1" TAnchorPoint="0" TAnchorOffset="1" RAnchorPoint="1" RAnchorOffset="-1" BAnchorPoint="1" BAnchorOffset="-1" RelativeToClient="1" Font="Default" Text="" Template="Default" Name="VirtualItemDisplay" BGColor="white" TextColor="white" Picture="1" IgnoreMouse="1" IgnoreTooltipDelay="1" TooltipType="OnCursor" TooltipColor=""/>
                        <Control Class="Window" LAnchorPoint="0" LAnchorOffset="0" TAnchorPoint="0" TAnchorOffset="0" RAnchorPoint="1" RAnchorOffset="-2" BAnchorPoint="1" BAnchorOffset="-2" RelativeToClient="1" Font="Default" Text="" Template="Default" Name="VirtualItemCount" BGColor="white" TextColor="white" DT_BOTTOM="1" DT_RIGHT="1" TextId="" Tooltip="" TooltipColor=""/>
                    </Control>
                </Control>
            </Control>
        </Control>
        <Control Class="Window" LAnchorPoint="0" LAnchorOffset="22" TAnchorPoint="0" TAnchorOffset="67" RAnchorPoint="1" RAnchorOffset="-22" BAnchorPoint="1" BAnchorOffset="-79" RelativeToClient="1" Font="Default" Text="" Template="Holo_Background_General" Name="BGGridArt" BGColor="white" TextColor="white" Tooltip="" TooltipId="" Picture="1" IgnoreMouse="1" Sprite="" TooltipColor="" HideInEditor="0" UseTemplateBG="1" Border="1">
            <Control Class="Window" LAnchorPoint="0" LAnchorOffset="0" TAnchorPoint="0" TAnchorOffset="0" RAnchorPoint="1" RAnchorOffset="0" BAnchorPoint="1" BAnchorOffset="0" RelativeToClient="1" Font="Default" Text="" Template="Default" Name="MainGridContainer" BGColor="white" TextColor="white" Picture="1" IgnoreMouse="1" Sprite="" Overlapped="0" TooltipColor="" Tooltip="" HideInEditor="0">
                <Control Class="BagWindow" LAnchorPoint="0" LAnchorOffset="0" TAnchorPoint="0" TAnchorOffset="0" RAnchorPoint="1" RAnchorOffset="0" BAnchorPoint="1" BAnchorOffset="0" RelativeToClient="1" Font="Default" Text="" Template="Holo_ScrollList" Name="MainBagWindow" BGColor="white" TextColor="white" VScroll="1" IgnoreMouse="1" TooltipColor="" Tooltip="" HideInEditor="0" NewQuestOverlaySprite="ClientSprites:sprItem_NewQuest" CannotUseSprite="ClientSprites:Icon_Windows_UI_CRB_Tooltip_Restricted" IgnoreTooltipDelay="1" Border="1" UseTemplateBG="1" Picture="1" NewItemSprite="sprInventory_NewItem">
                    <Event Name="GenerateTooltip" Function="OnGenerateTooltip"/>
                    <Event Name="DragDropNothingCursor" Function="OnDragDropNothingCursor"/>
                    <Event Name="DragDropCancel" Function="OnBagDragDropCancel"/>
                </Control>
            </Control>
            <Control Class="Window" LAnchorPoint="0" LAnchorOffset="8" TAnchorPoint="0" TAnchorOffset="8" RAnchorPoint="1" RAnchorOffset="-8" BAnchorPoint="1" BAnchorOffset="-8" RelativeToClient="1" Font="Default" Text="" Template="Default" Name="DragDropMouseBlocker" BGColor="UI_AlphaPercent60" TextColor="white" Sprite="ClientSprites:BlackFill" Picture="1" HideInEditor="1" Visible="0" IgnoreMouse="0" NewControlDepth="3" NewWindowDepth="0" TooltipColor=""/>
        </Control>
        <Control Class="Window" LAnchorPoint="1" LAnchorOffset="-14" TAnchorPoint="0" TAnchorOffset="28" RAnchorPoint="1" RAnchorOffset="202" BAnchorPoint="0" BAnchorOffset="328" RelativeToClient="1" Font="Default" Text="" Template="Default" Name="OptionsContainer" BGColor="white" TextColor="white" Picture="1" IgnoreMouse="0" NoClip="1" Sprite="CRB_Basekit:kitBase_HoloBlue_PopoutLarge" Visible="0" TooltipColor="">
            <Control Class="Window" LAnchorPoint="0" LAnchorOffset="10" TAnchorPoint="0" TAnchorOffset="0" RAnchorPoint="1" RAnchorOffset="5" BAnchorPoint="1" BAnchorOffset="0" RelativeToClient="1" Font="Default" Text="" Template="Default" Name="OptionsContainerFrame" BGColor="white" TextColor="white" Sprite="" Picture="1" IgnoreMouse="1" NewControlDepth="3" TooltipColor="">
                <Control Class="Window" LAnchorPoint="0" LAnchorOffset="0" TAnchorPoint="0" TAnchorOffset="18" RAnchorPoint="1" RAnchorOffset="0" BAnchorPoint="0" BAnchorOffset="38" RelativeToClient="1" Font="CRB_InterfaceMedium_B" Text="" Template="Default" TooltipType="OnCursor" Name="OptionsContainerTitle" BGColor="white" TextColor="UI_WindowTitleYellow" TooltipColor="" TextId="CRB_Options" DT_CENTER="1" DT_VCENTER="1"/>
                <Control Class="Window" LAnchorPoint="0" LAnchorOffset="16" TAnchorPoint="0" TAnchorOffset="41" RAnchorPoint="1" RAnchorOffset="-16" BAnchorPoint="0" BAnchorOffset="120" RelativeToClient="1" Font="Default" Text="" Template="Default" TooltipType="OnCursor" Name="OptionsConfigureBags" BGColor="white" TextColor="white" TooltipColor="" Tooltip="" Sprite="CRB_Basekit:kitBase_HoloBlue_ListInset" Picture="1" IgnoreMouse="1">
                    <Control Class="Window" LAnchorPoint="0" LAnchorOffset="6" TAnchorPoint="0" TAnchorOffset="2" RAnchorPoint="1" RAnchorOffset="0" BAnchorPoint="0" BAnchorOffset="22" RelativeToClient="1" Font="CRB_InterfaceSmall" Text="" Template="Default" Name="OptionsConfigureBagsLabel" BGColor="white" TextColor="UI_TextHoloTitle" TextId="Inventory_BagsLabel" DT_CENTER="0" TooltipColor="" DT_VCENTER="1"/>
                    <Control Class="Window" LAnchorPoint="0.5" LAnchorOffset="-86" TAnchorPoint="0" TAnchorOffset="24" RAnchorPoint="0.5" RAnchorOffset="82" BAnchorPoint="0" BAnchorOffset="78" RelativeToClient="1" Font="Default" Text="" Template="Default" Name="OptionsConfigureBagsBG" BGColor="white" TextColor="white" Picture="0" IgnoreMouse="1" Sprite="CRB_Basekit:kitBase_HoloTeal_Border" TooltipColor="" HideInEditor="0">
                        <Control Class="Window" LAnchorPoint="0" LAnchorOffset="5" TAnchorPoint="0" TAnchorOffset="0" RAnchorPoint="0" RAnchorOffset="43" BAnchorPoint="0" BAnchorOffset="38" RelativeToClient="1" Font="Default" Text="" Template="Default" Name="BagHolder1" BGColor="white" TextColor="white" Picture="1" IgnoreMouse="1" Sprite="CRB_Basekit:kitBase_HoloBlue_TinyNoGlow" TooltipType="OnCursor" TooltipColor=""/>
                        <Control Class="Window" LAnchorPoint="0" LAnchorOffset="46" TAnchorPoint="0" TAnchorOffset="0" RAnchorPoint="0" RAnchorOffset="84" BAnchorPoint="0" BAnchorOffset="38" RelativeToClient="1" Font="Default" Text="" Template="Default" Name="BagHolder2" BGColor="white" TextColor="white" Picture="1" IgnoreMouse="1" Sprite="CRB_Basekit:kitBase_HoloBlue_TinyNoGlow" TooltipType="OnCursor" TooltipColor=""/>
                        <Control Class="Window" LAnchorPoint="0" LAnchorOffset="87" TAnchorPoint="0" TAnchorOffset="0" RAnchorPoint="0" RAnchorOffset="125" BAnchorPoint="0" BAnchorOffset="38" RelativeToClient="1" Font="Default" Text="" Template="Default" Name="BagHolder3" BGColor="white" TextColor="white" Picture="1" IgnoreMouse="1" Sprite="CRB_Basekit:kitBase_HoloBlue_TinyNoGlow" TooltipType="OnCursor" TooltipColor=""/>
                        <Control Class="Window" LAnchorPoint="0" LAnchorOffset="128" TAnchorPoint="0" TAnchorOffset="0" RAnchorPoint="0" RAnchorOffset="166" BAnchorPoint="0" BAnchorOffset="38" RelativeToClient="1" Font="Default" Text="" Template="Default" Name="BagHolder4" BGColor="white" TextColor="white" Picture="1" IgnoreMouse="1" Sprite="CRB_Basekit:kitBase_HoloBlue_TinyNoGlow" TooltipType="OnCursor" TooltipColor=""/>
                        <Control Class="Window" LAnchorPoint="0" LAnchorOffset="18" TAnchorPoint="0" TAnchorOffset="13" RAnchorPoint="0" RAnchorOffset="30" BAnchorPoint="0" BAnchorOffset="25" RelativeToClient="1" Font="Default" Text="" Template="Default" Name="BagBacker1" BGColor="UI_TextHoloBodyHighlight" TextColor="white" Picture="1" IgnoreMouse="1" Sprite="ClientSprites:PlusHealthBarFull" Tooltip="" TooltipId="" IgnoreTooltipDelay="1" TooltipType="OnCursor" TooltipColor=""/>
                        <Control Class="Window" LAnchorPoint="0" LAnchorOffset="59" TAnchorPoint="0" TAnchorOffset="13" RAnchorPoint="0" RAnchorOffset="71" BAnchorPoint="0" BAnchorOffset="25" RelativeToClient="1" Font="Default" Text="" Template="Default" Name="BagBacker2" BGColor="UI_TextHoloBodyHighlight" TextColor="white" Picture="1" IgnoreMouse="1" Sprite="ClientSprites:PlusHealthBarFull" Tooltip="" TooltipId="" IgnoreTooltipDelay="1" TooltipType="OnCursor" TooltipColor=""/>
                        <Control Class="Window" LAnchorPoint="0" LAnchorOffset="100" TAnchorPoint="0" TAnchorOffset="13" RAnchorPoint="0" RAnchorOffset="112" BAnchorPoint="0" BAnchorOffset="25" RelativeToClient="1" Font="Default" Text="" Template="Default" Name="BagBacker3" BGColor="UI_TextHoloBodyHighlight" TextColor="white" Picture="1" IgnoreMouse="1" Sprite="ClientSprites:PlusHealthBarFull" Tooltip="" TooltipId="" IgnoreTooltipDelay="1" TooltipType="OnCursor" TooltipColor=""/>
                        <Control Class="Window" LAnchorPoint="0" LAnchorOffset="141" TAnchorPoint="0" TAnchorOffset="13" RAnchorPoint="0" RAnchorOffset="153" BAnchorPoint="0" BAnchorOffset="25" RelativeToClient="1" Font="Default" Text="" Template="Default" Name="BagBacker4" BGColor="UI_TextHoloBodyHighlight" TextColor="white" Picture="1" IgnoreMouse="1" Sprite="ClientSprites:PlusHealthBarFull" IgnoreTooltipDelay="1" Tooltip="" TooltipId="" TooltipType="OnCursor" TooltipColor=""/>
                        <Control Class="Window" LAnchorPoint="0" LAnchorOffset="5" TAnchorPoint="1" TAnchorOffset="-16" RAnchorPoint="0" RAnchorOffset="43" BAnchorPoint="1" BAnchorOffset="0" RelativeToClient="1" Font="CRB_Pixel" Text="" Template="Default" Name="BagCount1" BGColor="white" TextColor="UI_TextHoloBodyHighlight" TextId="CRB__2" DT_CENTER="1" TooltipColor=""/>
                        <Control Class="Window" LAnchorPoint="0" LAnchorOffset="46" TAnchorPoint="1" TAnchorOffset="-16" RAnchorPoint="0" RAnchorOffset="84" BAnchorPoint="1" BAnchorOffset="0" RelativeToClient="1" Font="CRB_Pixel" Text="" Template="Default" Name="BagCount2" BGColor="white" TextColor="UI_TextHoloBodyHighlight" TextId="CRB__2" DT_CENTER="1" TooltipColor=""/>
                        <Control Class="Window" LAnchorPoint="0" LAnchorOffset="87" TAnchorPoint="1" TAnchorOffset="-16" RAnchorPoint="0" RAnchorOffset="125" BAnchorPoint="1" BAnchorOffset="0" RelativeToClient="1" Font="CRB_Pixel" Text="" Template="Default" Name="BagCount3" BGColor="white" TextColor="UI_TextHoloBodyHighlight" TextId="CRB__2" DT_CENTER="1" TooltipColor=""/>
                        <Control Class="Window" LAnchorPoint="0" LAnchorOffset="128" TAnchorPoint="1" TAnchorOffset="-16" RAnchorPoint="0" RAnchorOffset="166" BAnchorPoint="1" BAnchorOffset="0" RelativeToClient="1" Font="CRB_Pixel" Text="" Template="Default" Name="BagCount4" BGColor="white" TextColor="UI_TextHoloBodyHighlight" TextId="CRB__2" DT_CENTER="1" TooltipColor=""/>
                        <Control Class="ItemSlotWindow" WhenEmpty="" EquipmentSlot="17" Font="CRB_Pixel" ButtonType="Check" LAnchorPoint="0" LAnchorOffset="11" TAnchorPoint="0" TAnchorOffset="6" RAnchorPoint="0" RAnchorOffset="37" BAnchorPoint="0" BAnchorOffset="32" DT_VCENTER="0" DT_CENTER="1" Name="BagBtn1" BGColor="white" TextColor="white" WindowSoundTemplate="SlideDownDigi" NormalTextColor="UI_BtnTextHoloNormal" PressedTextColor="UI_BtnTextHoloPressed" FlybyTextColor="UI_BtnTextHoloFlyby" PressedFlybyTextColor="UI_BtnTextHoloPressedFlyby" DisabledTextColor="UI_BtnTextHoloDisabled" RelativeToClient="1" DT_BOTTOM="1" Text="" TextId="" DT_RIGHT="0" Sprite="" Picture="1" Tooltip="" TooltipType="OnCursor" TooltipColor="">
                            <Control Class="Window" LAnchorPoint="0" LAnchorOffset="0" TAnchorPoint="0" TAnchorOffset="0" RAnchorPoint="1" RAnchorOffset="0" BAnchorPoint="1" BAnchorOffset="0" RelativeToClient="1" Font="Default" Text="" Template="Default" Name="RemoveBagIcon" BGColor="white" TextColor="white" Picture="1" IgnoreMouse="1" Sprite="" NewWindowDepth="1" Visible="0" TooltipType="OnCursor">
                                <Event Name="MouseEnter" Function="OnRemoveIconEnter"/>
                                <Event Name="MouseExit" Function="OnRemoveIconExit"/>
                            </Control>
                        </Control>
                        <Control Class="ItemSlotWindow" WhenEmpty="" EquipmentSlot="18" Font="CRB_Pixel" ButtonType="Check" LAnchorPoint="0" LAnchorOffset="52" TAnchorPoint="0" TAnchorOffset="6" RAnchorPoint="0" RAnchorOffset="78" BAnchorPoint="0" BAnchorOffset="32" DT_VCENTER="0" DT_CENTER="1" Name="BagBtn2" BGColor="white" TextColor="white" WindowSoundTemplate="SlideDownDigi" NormalTextColor="white" PressedTextColor="white" FlybyTextColor="white" PressedFlybyTextColor="white" DisabledTextColor="white" RelativeToClient="1" DT_BOTTOM="1" Picture="1" TooltipType="OnCursor" TooltipColor="">
                            <Control Class="Window" LAnchorPoint="0" LAnchorOffset="0" TAnchorPoint="0" TAnchorOffset="0" RAnchorPoint="1" RAnchorOffset="0" BAnchorPoint="1" BAnchorOffset="0" RelativeToClient="1" Font="Default" Text="" Template="Default" Name="RemoveBagIcon" BGColor="white" TextColor="white" Picture="1" IgnoreMouse="1" Sprite="" NewWindowDepth="1" Visible="0" TooltipType="OnCursor">
                                <Event Name="MouseEnter" Function="OnRemoveIconEnter"/>
                                <Event Name="MouseExit" Function="OnRemoveIconExit"/>
                            </Control>
                        </Control>
                        <Control Class="ItemSlotWindow" WhenEmpty="" EquipmentSlot="19" Font="CRB_Pixel" ButtonType="Check" LAnchorPoint="0" LAnchorOffset="93" TAnchorPoint="0" TAnchorOffset="6" RAnchorPoint="0" RAnchorOffset="119" BAnchorPoint="0" BAnchorOffset="32" DT_VCENTER="0" DT_CENTER="1" Name="BagBtn3" BGColor="white" TextColor="white" WindowSoundTemplate="SlideDownDigi" NormalTextColor="white" PressedTextColor="white" FlybyTextColor="white" PressedFlybyTextColor="white" DisabledTextColor="white" RelativeToClient="1" DT_BOTTOM="1" Picture="1" TooltipType="OnCursor" TooltipColor="">
                            <Control Class="Window" LAnchorPoint="0" LAnchorOffset="0" TAnchorPoint="0" TAnchorOffset="0" RAnchorPoint="1" RAnchorOffset="0" BAnchorPoint="1" BAnchorOffset="0" RelativeToClient="1" Font="Default" Text="" Template="Default" Name="RemoveBagIcon" BGColor="white" TextColor="white" Picture="1" IgnoreMouse="1" Sprite="" NewWindowDepth="1" Visible="0" TooltipType="OnCursor">
                                <Event Name="MouseEnter" Function="OnRemoveIconEnter"/>
                                <Event Name="MouseExit" Function="OnRemoveIconExit"/>
                            </Control>
                        </Control>
                        <Control Class="ItemSlotWindow" WhenEmpty="" EquipmentSlot="20" Font="CRB_Pixel" ButtonType="Check" LAnchorPoint="0" LAnchorOffset="134" TAnchorPoint="0" TAnchorOffset="6" RAnchorPoint="0" RAnchorOffset="160" BAnchorPoint="0" BAnchorOffset="32" DT_VCENTER="0" DT_CENTER="1" Name="BagBtn4" BGColor="white" TextColor="white" WindowSoundTemplate="SlideDownDigi" NormalTextColor="white" PressedTextColor="white" FlybyTextColor="white" PressedFlybyTextColor="white" DisabledTextColor="white" RelativeToClient="1" DT_BOTTOM="1" Picture="1" TooltipType="OnCursor" TooltipColor="">
                            <Control Class="Window" LAnchorPoint="0" LAnchorOffset="0" TAnchorPoint="0" TAnchorOffset="0" RAnchorPoint="1" RAnchorOffset="0" BAnchorPoint="1" BAnchorOffset="0" RelativeToClient="1" Font="Default" Text="" Template="Default" Name="RemoveBagIcon" BGColor="white" TextColor="white" Picture="1" IgnoreMouse="1" Sprite="" NewWindowDepth="1" Visible="0" TooltipType="OnCursor">
                                <Event Name="MouseEnter" Function="OnRemoveIconEnter"/>
                                <Event Name="MouseExit" Function="OnRemoveIconExit"/>
                            </Control>
                        </Control>
                    </Control>
                </Control>
                <Control Class="Window" LAnchorPoint="0" LAnchorOffset="16" TAnchorPoint="0" TAnchorOffset="130" RAnchorPoint="1" RAnchorOffset="-16" BAnchorPoint="0" BAnchorOffset="186" RelativeToClient="1" Font="Default" Text="" Template="Default" TooltipType="OnCursor" Name="OptionsConfigureSize" BGColor="white" TextColor="white" TooltipColor="" Tooltip="" Sprite="CRB_Basekit:kitBase_HoloBlue_ListInset" Picture="1" IgnoreMouse="1" Visible="0" HideInEditor="1">
                    <Control Class="Window" LAnchorPoint="0" LAnchorOffset="6" TAnchorPoint="0" TAnchorOffset="2" RAnchorPoint="1" RAnchorOffset="0" BAnchorPoint="0" BAnchorOffset="22" RelativeToClient="1" Font="CRB_InterfaceSmall" Text="" Template="Default" Name="OptionsConfigureSizeLabel" BGColor="white" TextColor="UI_TextHoloTitle" TextId="Inventory_ConfigureSizeLabel" DT_CENTER="0" TooltipColor="" DT_VCENTER="1"/>
                    <Control Class="Button" Base="CRB_Basekit:kitBtn_Holo" Font="CRB_InterfaceSmall" ButtonType="Check" RadioGroup="IconSizingBtns" LAnchorPoint="0" LAnchorOffset="2" TAnchorPoint="0" TAnchorOffset="23" RAnchorPoint="0.5" RAnchorOffset="-1" BAnchorPoint="0" BAnchorOffset="53" DT_VCENTER="1" DT_CENTER="1" Name="IconBtnSmall" BGColor="white" TextColor="white" NormalTextColor="UI_BtnTextHoloNormal" PressedTextColor="UI_BtnTextHoloPressed" FlybyTextColor="UI_BtnTextHoloFlyby" PressedFlybyTextColor="UI_BtnTextHoloPressedFlyby" DisabledTextColor="UI_BtnTextHoloDisabled" Text="" TextId="Inventory_SmallIcons" GlobalRadioGroup="" RadioDisallowNonSelection="1" TooltipColor="" HideInEditor="0">
                        <Event Name="ButtonCheck" Function="OnOptionsRemoveSizeRows"/>
                    </Control>
                    <Control Class="Button" Base="CRB_Basekit:kitBtn_Holo" Font="CRB_InterfaceSmall" ButtonType="Check" RadioGroup="IconSizingBtns" LAnchorPoint="0.5" LAnchorOffset="1" TAnchorPoint="0" TAnchorOffset="23" RAnchorPoint="1" RAnchorOffset="-2" BAnchorPoint="0" BAnchorOffset="53" DT_VCENTER="1" DT_CENTER="1" Name="IconBtnLarge" BGColor="white" TextColor="white" NormalTextColor="UI_BtnTextHoloNormal" PressedTextColor="UI_BtnTextHoloPressed" FlybyTextColor="UI_BtnTextHoloFlyby" PressedFlybyTextColor="UI_BtnTextHoloPressedFlyby" DisabledTextColor="UI_BtnTextHoloDisabled" Text="" TextId="Inventory_LargeIcons" GlobalRadioGroup="" RadioDisallowNonSelection="1" TooltipColor="" HideInEditor="0">
                        <Event Name="ButtonCheck" Function="OnOptionsAddSizeRows"/>
                    </Control>
                </Control>
                <Control Class="Window" LAnchorPoint="0" LAnchorOffset="16" TAnchorPoint="0" TAnchorOffset="130" RAnchorPoint="1" RAnchorOffset="-16" BAnchorPoint="1" BAnchorOffset="-16" RelativeToClient="1" Font="Default" Text="" Template="Default" TooltipType="OnCursor" Name="OptionsConfigureCurrency" BGColor="white" TextColor="white" TooltipColor="" Tooltip="" Sprite="CRB_Basekit:kitBase_HoloBlue_ListInset" Picture="1" IgnoreMouse="1">
                    <Control Class="Window" LAnchorPoint="0" LAnchorOffset="6" TAnchorPoint="0" TAnchorOffset="2" RAnchorPoint="1" RAnchorOffset="0" BAnchorPoint="0" BAnchorOffset="22" RelativeToClient="1" Font="CRB_InterfaceSmall" Text="" Template="Default" Name="OptionsConfigureCurrencyLabel" BGColor="white" TextColor="UI_TextHoloTitle" TextId="Inventory_CurrencyDisplayLabel" DT_CENTER="0" TooltipColor="" DT_VCENTER="1"/>
                    <Control Class="Window" LAnchorPoint="0" LAnchorOffset="2" TAnchorPoint="0" TAnchorOffset="22" RAnchorPoint="1" RAnchorOffset="-1" BAnchorPoint="1" BAnchorOffset="-1" RelativeToClient="1" Font="Default" Text="" Template="Holo_ScrollListSmall" TooltipType="OnCursor" Name="OptionsConfigureCurrencyList" BGColor="white" TextColor="white" TooltipColor="" HideInEditor="0" VScroll="1" IgnoreMouse="1"/>
                </Control>
            </Control>
            <Control Class="Button" Base="BK3:btnHolo_Close" Font="Thick" ButtonType="PushButton" RadioGroup="" LAnchorPoint="1" LAnchorOffset="-35" TAnchorPoint="0" TAnchorOffset="15" RAnchorPoint="1" RAnchorOffset="-7" BAnchorPoint="0" BAnchorOffset="44" DT_VCENTER="1" DT_CENTER="1" Name="OptionsCloseBtn" BGColor="white" TextColor="white" NormalTextColor="white" PressedTextColor="white" FlybyTextColor="white" PressedFlybyTextColor="white" DisabledTextColor="white" TooltipColor="">
                <Event Name="ButtonSignal" Function="OnOptionsCloseClick"/>
            </Control>
        </Control>
        <Control Class="Window" LAnchorPoint="0" LAnchorOffset="-6" TAnchorPoint="0" TAnchorOffset="-6" RAnchorPoint="1" RAnchorOffset="6" BAnchorPoint="1" BAnchorOffset="6" RelativeToClient="1" Font="Default" Text="" Template="Metal_Primary_NoNav" Name="BGFrame" BGColor="white" TextColor="white" Picture="1" IgnoreMouse="1" Sprite="" NoClip="1" TooltipColor="" Border="1" UseTemplateBG="1" HideInEditor="0" NewControlDepth="5">
            <Control Class="Button" Base="CRB_Basekit:kitBtn_Close" Font="Thick" ButtonType="PushButton" RadioGroup="" LAnchorPoint="1" LAnchorOffset="-50" TAnchorPoint="0" TAnchorOffset="22" RAnchorPoint="1" RAnchorOffset="-23" BAnchorPoint="0" BAnchorOffset="51" DT_VCENTER="1" DT_CENTER="1" Name="CloseBtn" BGColor="white" TextColor="white" NormalTextColor="white" PressedTextColor="white" FlybyTextColor="white" PressedFlybyTextColor="white" DisabledTextColor="white" RelativeToClient="0" Overlapped="1" NewWindowDepth="1" TooltipColor="" NoClip="0">
                <Event Name="ButtonSignal" Function="OnToggleVisibility"/>
            </Control>
            <Control Class="Window" LAnchorPoint="1" LAnchorOffset="-59" TAnchorPoint="1" TAnchorOffset="-59" RAnchorPoint="1" RAnchorOffset="-6" BAnchorPoint="1" BAnchorOffset="-8" RelativeToClient="0" Font="Default" Text="" Template="Default" Name="BottomRightResize" BGColor="white" TextColor="white" Sprite="CRB_Basekit:kitBtn_ExpandNormal" Picture="1" IgnoreMouse="1" TooltipColor="" NoClip="0"/>
        </Control>
        <Control Class="Window" LAnchorPoint="0" LAnchorOffset="21" TAnchorPoint="1" TAnchorOffset="-79" RAnchorPoint="1" RAnchorOffset="-20" BAnchorPoint="1" BAnchorOffset="-16" RelativeToClient="1" Font="Default" Text="" Template="Default" Name="BGBottom" BGColor="white" TextColor="white" Sprite="BK3:UI_BK3_Metal_Footer_Large" Picture="1" IgnoreMouse="1" Tooltip="" TooltipId="" TooltipColor="" HideInEditor="0">
            <Control Class="Window" LAnchorPoint="0" LAnchorOffset="2" TAnchorPoint="0" TAnchorOffset="2" RAnchorPoint="0" RAnchorOffset="60" BAnchorPoint="0" BAnchorOffset="60" RelativeToClient="1" Font="Default" Text="" Template="Default" TooltipType="OnCursor" Name="SatchelBG" BGColor="white" TextColor="white" TooltipColor="" Sprite="CRB_BaseBarSprites:sprHUD_InventoryBacker" Picture="0" IgnoreMouse="1" NewControlDepth="1">
                <Control Class="Button" Base="CRB_Basekit:kitBtn_Holo" Font="Thick" ButtonType="PushButton" RadioGroup="" LAnchorPoint="0" LAnchorOffset="10" TAnchorPoint="0" TAnchorOffset="10" RAnchorPoint="1" RAnchorOffset="-10" BAnchorPoint="1" BAnchorOffset="-10" Name="SatchelBtn" BGColor="white" TextColor="white" NormalTextColor="white" PressedTextColor="white" FlybyTextColor="white" PressedFlybyTextColor="white" DisabledTextColor="white" RelativeToClient="1" TooltipColor="" IgnoreTooltipDelay="1" TooltipType="OnCursor" TooltipFont="CRB_InterfaceSmall_O" Tooltip="" TooltipId="Inventory_SatchelTooltip">
                    <Event Name="ButtonSignal" Function="OnToggleSupplySatchel"/>
                    <Control Class="Window" LAnchorPoint="0" LAnchorOffset="4" TAnchorPoint="0" TAnchorOffset="4" RAnchorPoint="1" RAnchorOffset="-4" BAnchorPoint="1" BAnchorOffset="-4" RelativeToClient="1" Font="Default" Text="" Template="Default" TooltipType="OnCursor" Name="SatchelBtnIcon" BGColor="white" TextColor="white" TooltipColor="" Picture="1" IgnoreMouse="1" Sprite="ClientSprites:Icon_Windows_UI_CRB_Tradeskill" NewControlDepth="1"/>
                </Control>
                <Control Class="Window" LAnchorPoint="0" LAnchorOffset="0" TAnchorPoint="0" TAnchorOffset="0" RAnchorPoint="1" RAnchorOffset="0" BAnchorPoint="1" BAnchorOffset="0" RelativeToClient="1" Font="Default" Text="" Template="Default" TooltipType="OnCursor" Name="SatchelBGFraming" BGColor="white" TextColor="white" TooltipColor="" Picture="1" IgnoreMouse="1" Sprite="CRB_Basekit:kitInnerFrame_MetalGrey_Small" NewControlDepth="5"/>
            </Control>
            <Control Class="Window" LAnchorPoint="0" LAnchorOffset="52" TAnchorPoint="0" TAnchorOffset="2" RAnchorPoint="0" RAnchorOffset="110" BAnchorPoint="0" BAnchorOffset="60" RelativeToClient="1" Font="Default" Text="" Template="Default" TooltipType="OnCursor" Name="SalvageAllBG" BGColor="white" TextColor="white" TooltipColor="" Sprite="CRB_BaseBarSprites:sprHUD_InventoryBacker" Picture="0" IgnoreMouse="1" NewControlDepth="1" Tooltip="" TooltipId="">
                <Control Class="Button" Base="CRB_Basekit:kitBtn_Holo" Font="Thick" ButtonType="PushButton" RadioGroup="" LAnchorPoint="0" LAnchorOffset="10" TAnchorPoint="0" TAnchorOffset="10" RAnchorPoint="1" RAnchorOffset="-10" BAnchorPoint="1" BAnchorOffset="-10" Name="SalvageAllBtn" BGColor="white" TextColor="white" NormalTextColor="white" PressedTextColor="white" FlybyTextColor="white" PressedFlybyTextColor="white" DisabledTextColor="white" RelativeToClient="1" TooltipColor="" IgnoreTooltipDelay="1" TooltipType="OnCursor" TooltipFont="CRB_InterfaceSmall_O" Tooltip="" TooltipId="Inventory_SalvageAllTooltip">
                    <Event Name="ButtonSignal" Function="OnSalvageAllBtn"/>
                    <Event Name="DragDrop" Function="OnDragDropSalvage"/>
                    <Event Name="QueryDragDrop" Function="OnQueryDragDropSalvage"/>
                    <Event Name="DragDropTargetNotify" Function="OnDragDropNotifySalvage"/>
                    <Control Class="Window" LAnchorPoint="0" LAnchorOffset="4" TAnchorPoint="0" TAnchorOffset="4" RAnchorPoint="1" RAnchorOffset="-4" BAnchorPoint="1" BAnchorOffset="-4" RelativeToClient="1" Font="Default" Text="" Template="Default" TooltipType="OnCursor" Name="SalvageAlllBtnIcon" BGColor="white" TextColor="white" TooltipColor="" Picture="1" IgnoreMouse="1" Sprite="ClientSprites:Icon_Windows_UI_CRB_Tooltip_Salvage" NewControlDepth="1" Visible="1" HideInEditor="0"/>
                </Control>
                <Control Class="Window" LAnchorPoint="0" LAnchorOffset="0" TAnchorPoint="0" TAnchorOffset="0" RAnchorPoint="1" RAnchorOffset="0" BAnchorPoint="1" BAnchorOffset="0" RelativeToClient="1" Font="Default" Text="" Template="Default" TooltipType="OnCursor" Name="SalvageAllBGFraming" BGColor="white" TextColor="white" TooltipColor="" Picture="1" IgnoreMouse="1" Sprite="CRB_Basekit:kitInnerFrame_MetalGrey_Small" NewControlDepth="5"/>
            </Control>
            <Control Class="Window" LAnchorPoint="0" LAnchorOffset="103" TAnchorPoint="0" TAnchorOffset="1" RAnchorPoint="0" RAnchorOffset="153" BAnchorPoint="1" BAnchorOffset="-9" RelativeToClient="1" Font="Default" Text="" Template="Default" TooltipType="OnCursor" Name="InventoryDragDropIcons" BGColor="white" TextColor="white" TooltipColor="" Picture="1" IgnoreMouse="1" Sprite="" NoClip="1" Tooltip="" NewWindowDepth="0">
                <Control Class="Window" LAnchorPoint="0" LAnchorOffset="-168" TAnchorPoint="0" TAnchorOffset="7" RAnchorPoint="0" RAnchorOffset="-134" BAnchorPoint="1" BAnchorOffset="1" RelativeToClient="1" Font="Default" Text="" Template="Default" Name="SalvageIcon" BGColor="white" TextColor="white" Sprite="CRB_Inventory:InvBtn_SalvageToggleNormal" Picture="1" DT_CENTER="0" DT_VCENTER="1" IgnoreMouse="1" IgnoreTooltipDelay="1" TooltipColor="" TooltipFont="CRB_InterfaceSmall_O" TooltipType="OnCursor" Tooltip="" TooltipId="Inventory_SalvageTooltip" Visible="0">
                    <Event Name="DragDrop" Function="OnDragDropSalvage"/>
                    <Event Name="QueryDragDrop" Function="OnQueryDragDropSalvage"/>
                    <Event Name="DragDropTargetNotify" Function="OnDragDropNotifySalvage"/>
                </Control>
                <Control Class="Window" LAnchorPoint="1" LAnchorOffset="-44" TAnchorPoint="0" TAnchorOffset="0" RAnchorPoint="1" RAnchorOffset="-10" BAnchorPoint="1" BAnchorOffset="-6" RelativeToClient="1" Font="Default" Text="" Template="Default" Name="TrashIcon" BGColor="white" TextColor="white" Sprite="CRB_Inventory:InvBtn_TrashToggleNormal" Picture="1" IgnoreMouse="1" IgnoreTooltipDelay="1" TooltipColor="" TooltipFont="CRB_InterfaceSmall_O" NewWindowDepth="0" Tooltip="" TooltipType="OnCursor" TooltipId="Inventory_DeleteTooltip">
                    <Event Name="DragDrop" Function="OnDragDropTrash"/>
                    <Event Name="QueryDragDrop" Function="OnQueryDragDropTrash"/>
                    <Event Name="DragDropTargetNotify" Function="OnDragDropNotifyTrash"/>
                </Control>
            </Control>
            <Control Class="Button" Base="CRB_DEMO_WrapperSprites:btnDemo_CharInvisible" Font="Thick" ButtonType="Check" RadioGroup="" LAnchorPoint="0" LAnchorOffset="148" TAnchorPoint="0" TAnchorOffset="2" RAnchorPoint="1" RAnchorOffset="4" BAnchorPoint="0" BAnchorOffset="56" DT_VCENTER="1" DT_CENTER="1" TooltipType="OnCursor" Name="BGBottomCashBtn" BGColor="white" TextColor="white" TooltipColor="" NormalTextColor="white" PressedTextColor="white" FlybyTextColor="white" PressedFlybyTextColor="white" DisabledTextColor="white">
                <Control Class="CashWindow" LAnchorPoint="0" LAnchorOffset="0" TAnchorPoint="0" TAnchorOffset="11" RAnchorPoint="1" RAnchorOffset="-16" BAnchorPoint="0" BAnchorOffset="35" RelativeToClient="1" Font="CRB_InterfaceSmall" Text="" Template="Default" TooltipType="OnCursor" Name="AltCashWindow" BGColor="white" TextColor="UI_TextMetalBodyHighlight" TooltipColor="" IgnoreMouse="1" DT_VCENTER="1" DT_RIGHT="1" NewControlDepth="4" IgnoreTooltipDelay="1" TooltipFont="CRB_InterfaceSmall_O" DT_CENTER="0" SkipZeroes="0" NoClip="0" Overlapped="1" AutoScaleText="1">
                    <Event Name="GenerateTooltip" Function="GenerateAltTooltip"/>
                </Control>
                <Control Class="CashWindow" LAnchorPoint="0" LAnchorOffset="1" TAnchorPoint="0" TAnchorOffset="29" RAnchorPoint="1" RAnchorOffset="-15" BAnchorPoint="0" BAnchorOffset="53" RelativeToClient="1" Font="CRB_InterfaceSmall" Sprite="" Text="" Template="OldMetalControl" Name="MainCashWindow" BGColor="white" TextColor="UI_TextMetalBodyHighlight" Picture="1" IgnoreMouse="1" DT_VCENTER="1" DT_RIGHT="1" SkipZeroes="0" Visible="1" Tooltip="" TooltipType="OnCursor" TooltipFont="CRB_InterfaceSmall_O" IgnoreTooltipDelay="1" TooltipId="" TooltipColor="" DT_CENTER="0" NoClip="0" AutoScaleText="1"/>
            </Control>
            <Pixie LAnchorPoint="0" LAnchorOffset="148" TAnchorPoint="0" TAnchorOffset="11" RAnchorPoint="1" RAnchorOffset="-10" BAnchorPoint="1" BAnchorOffset="-9" Sprite="BK3:UI_BK3_Metal_Inset_SharpCorner" BGColor="white" TextColor="black" Rotation="0" Font="Default" Text=""/>
        </Control>
        <Control Class="Window" LAnchorPoint="0" LAnchorOffset="61" TAnchorPoint="0" TAnchorOffset="22" RAnchorPoint="1" RAnchorOffset="-61" BAnchorPoint="0" BAnchorOffset="59" RelativeToClient="1" Font="Default" Text="" Template="Default" Name="InventoryTitle" BGColor="white" TextColor="white" Picture="1" IgnoreMouse="1" Sprite="BK3:sprMetal_Framing_Header" TextId="" TooltipColor="" Tooltip="" NewWindowDepth="1" AutoScaleText="1">
            <Control Class="Window" LAnchorPoint="0" LAnchorOffset="15" TAnchorPoint="0" TAnchorOffset="0" RAnchorPoint="1" RAnchorOffset="-15" BAnchorPoint="1" BAnchorOffset="0" RelativeToClient="1" Font="CRB_Header13" Text="" Template="Default" Name="InventoryTitleText" BGColor="white" TextColor="UI_WindowTitleYellow" TextId="" DT_CENTER="1" DT_VCENTER="1" TooltipColor="" IgnoreMouse="1" AutoScaleText="1"/>
        </Control>
        <Control Class="Window" LAnchorPoint="0" LAnchorOffset="0" TAnchorPoint="0" TAnchorOffset="-77" RAnchorPoint="0" RAnchorOffset="164" BAnchorPoint="0" BAnchorOffset="9" RelativeToClient="1" Font="Default" Text="" Template="Default" Name="SplitStackContainer" BGColor="white" TextColor="white" Picture="1" IgnoreMouse="0" NoClip="1" Sprite="" Visible="0" TooltipColor="" Tooltip="" Moveable="1" Overlapped="1" Escapable="1" HideInEditor="0" CloseOnExternalClick="1">
            <Control Class="Window" LAnchorPoint="0" LAnchorOffset="0" TAnchorPoint="0" TAnchorOffset="0" RAnchorPoint="1" RAnchorOffset="0" BAnchorPoint="1" BAnchorOffset="0" RelativeToClient="1" Font="Default" Text="" Template="Default" Name="BGSplitStack" BGColor="white" TextColor="white" Sprite="" Picture="1" IgnoreMouse="1" TooltipColor="" Tooltip="">
                <Control Class="Window" LAnchorPoint="0" LAnchorOffset="8" TAnchorPoint="0" TAnchorOffset="7" RAnchorPoint="1" RAnchorOffset="-8" BAnchorPoint="1" BAnchorOffset="-7" RelativeToClient="1" Font="Default" Text="" Template="Default" Name="HoloBG" BGColor="white" TextColor="white" Picture="1" IgnoreMouse="1" Sprite="CRB_Basekit:kitBase_HoloHexes_Small" Visible="1" HideInEditor="0"/>
            </Control>
            <Control Class="Window" LAnchorPoint="0" LAnchorOffset="0" TAnchorPoint="0" TAnchorOffset="-1" RAnchorPoint="1" RAnchorOffset="0" BAnchorPoint="1" BAnchorOffset="-1" RelativeToClient="1" Font="Default" Text="" Template="Default" Name="BGSplitStackFrame" BGColor="white" TextColor="white" Sprite="CRB_Basekit:kitInnerFrame_MetalGrey_Small" Picture="1" IgnoreMouse="1" NewControlDepth="3" TooltipColor="" HideInEditor="0">
                <Control Class="Button" Base="CRB_Basekit:kitBtn_Holo_Close2" Font="Thick" ButtonType="PushButton" RadioGroup="" LAnchorPoint="1" LAnchorOffset="-27" TAnchorPoint="0" TAnchorOffset="14" RAnchorPoint="1" RAnchorOffset="-10" BAnchorPoint="0" BAnchorOffset="30" DT_VCENTER="1" DT_CENTER="1" Name="SplitStackCloseBtn" BGColor="white" TextColor="white" NormalTextColor="white" PressedTextColor="white" FlybyTextColor="white" PressedFlybyTextColor="white" DisabledTextColor="white">
                    <Event Name="ButtonSignal" Function="OnSplitStackCloseClick"/>
                </Control>
                <Control Class="Window" LAnchorPoint="0" LAnchorOffset="8" TAnchorPoint="0" TAnchorOffset="16" RAnchorPoint="1" RAnchorOffset="-8" BAnchorPoint="0" BAnchorOffset="36" RelativeToClient="1" Font="CRB_InterfaceSmall" Text="" Template="Default" Name="SplitStackLabel" BGColor="white" TextColor="UI_WindowTitleYellow" TextId="Inventory_SplitStack" DT_CENTER="1" TooltipColor=""/>
                <Control Class="Spinner" LAnchorPoint="0" LAnchorOffset="17" TAnchorPoint="1" TAnchorOffset="-53" RAnchorPoint="0" RAnchorOffset="90" BAnchorPoint="1" BAnchorOffset="-17" RelativeToClient="1" Font="CRB_HeaderTiny" Text="" Template="Holo_InputBox" TooltipType="OnCursor" Name="SplitValue" BGColor="white" TextColor="UI_TextHoloBodyHighlight" TooltipColor="" UseTemplateBG="1" Border="1" TextId="" DT_VCENTER="1" Min="1" Max="1"/>
                <Control Class="Button" Base="BK3:btnHolo_Blue_Small" Font="CRB_Button" ButtonType="PushButton" RadioGroup="" LAnchorPoint="0" LAnchorOffset="87" TAnchorPoint="1" TAnchorOffset="-62" RAnchorPoint="1" RAnchorOffset="-11" BAnchorPoint="1" BAnchorOffset="-9" DT_VCENTER="1" DT_CENTER="1" TooltipType="OnCursor" Name="SplitBtn" BGColor="white" TextColor="white" TooltipColor="" NormalTextColor="UI_BtnTextHoloNormal" PressedTextColor="UI_BtnTextHoloPressed" FlybyTextColor="UI_BtnTextHoloFlyby" PressedFlybyTextColor="UI_BtnTextHoloPressedFlyby" DisabledTextColor="UI_BtnTextHoloDisabled" Template="Default" Text="" TextId="Inventory_SplitBtn" AutoScaleText="0" TestAlpha="1">
                    <Event Name="ButtonSignal" Function="OnSplitStackConfirm"/>
                </Control>
            </Control>
        </Control>
        <Control Class="Window" LAnchorPoint="0" LAnchorOffset="89" TAnchorPoint="1" TAnchorOffset="-24" RAnchorPoint="0" RAnchorOffset="207" BAnchorPoint="1" BAnchorOffset="18" RelativeToClient="1" Font="Default" Text="" Template="Default" TooltipType="OnCursor" Name="TextActionPrompt_Trash" BGColor="white" TextColor="white" TooltipColor="" Picture="0" IgnoreMouse="1" Sprite="CRB_Basekit:kitBtn_Holo_IconBaseStretchPressed" NoClip="1" NewWindowDepth="1" Visible="0" Tooltip="">
            <Control Class="Window" LAnchorPoint="0" LAnchorOffset="0" TAnchorPoint="0" TAnchorOffset="0" RAnchorPoint="1" RAnchorOffset="0" BAnchorPoint="1" BAnchorOffset="0" RelativeToClient="1" Font="Default" Text="" Template="Default" TooltipType="OnCursor" Name="BGArt" BGColor="white" TextColor="white" TooltipColor="" Picture="1" IgnoreMouse="1" Sprite="CRB_Inventory:sprInv_BottomFrameTall" NoClip="1"/>
            <Control Class="Window" LAnchorPoint="0" LAnchorOffset="0" TAnchorPoint="0" TAnchorOffset="7" RAnchorPoint="1" RAnchorOffset="0" BAnchorPoint="1" BAnchorOffset="0" RelativeToClient="1" Font="CRB_InterfaceLarge_B" Text="" Template="Default" TooltipType="OnCursor" Name="Text" BGColor="white" TextColor="UI_TextHoloTitle" TooltipColor="" TextId="Inventory_DeleteLabel" DT_VCENTER="1" DT_CENTER="1"/>
        </Control>
        <Control Class="Window" LAnchorPoint="0" LAnchorOffset="43" TAnchorPoint="1" TAnchorOffset="-24" RAnchorPoint="0" RAnchorOffset="161" BAnchorPoint="1" BAnchorOffset="18" RelativeToClient="1" Font="Default" Text="" Template="Default" TooltipType="OnCursor" Name="TextActionPrompt_Salvage" BGColor="white" TextColor="white" TooltipColor="" Picture="0" IgnoreMouse="1" Sprite="CRB_Basekit:kitBtn_Holo_IconBaseStretchPressed" NoClip="1" NewWindowDepth="1" Visible="0">
            <Control Class="Window" LAnchorPoint="0" LAnchorOffset="0" TAnchorPoint="0" TAnchorOffset="0" RAnchorPoint="1" RAnchorOffset="0" BAnchorPoint="1" BAnchorOffset="0" RelativeToClient="1" Font="Default" Text="" Template="Default" TooltipType="OnCursor" Name="BGArt" BGColor="white" TextColor="white" TooltipColor="" Picture="1" IgnoreMouse="1" Sprite="CRB_Inventory:sprInv_BottomFrameTall" NoClip="1"/>
            <Control Class="Window" LAnchorPoint="0" LAnchorOffset="0" TAnchorPoint="0" TAnchorOffset="7" RAnchorPoint="1" RAnchorOffset="0" BAnchorPoint="1" BAnchorOffset="0" RelativeToClient="1" Font="CRB_InterfaceLarge_B" Text="" Template="Default" TooltipType="OnCursor" Name="Text" BGColor="white" TextColor="UI_TextHoloTitle" TooltipColor="" TextId="Inventory_SalvageLabel" DT_VCENTER="1" DT_CENTER="1"/>
        </Control>
        <Event Name="WindowClosed" Function="OnInventoryClosed"/>
        <Event Name="WindowMove" Function="OnMainWindowMouseResized"/>
        <Control Class="Window" LAnchorPoint="1" LAnchorOffset="-31" TAnchorPoint="0" TAnchorOffset="39" RAnchorPoint="1" RAnchorOffset="2" BAnchorPoint="0" BAnchorOffset="70" RelativeToClient="0" Font="Default" Text="" Template="Default" Name="BGOptionsHolder" BGColor="white" TextColor="white" Picture="1" IgnoreMouse="1" Sprite="" HideInEditor="0" Visible="1" TooltipColor="">
            <Control Class="Button" Base="CRB_Basekit:kitBtn_Metal_Options" Font="Thick" ButtonType="Check" RadioGroup="" LAnchorPoint="0" LAnchorOffset="0" TAnchorPoint="0" TAnchorOffset="0" RAnchorPoint="1" RAnchorOffset="0" BAnchorPoint="1" BAnchorOffset="0" DT_VCENTER="1" DT_CENTER="1" Name="OptionsBtn" BGColor="white" TextColor="white" NormalTextColor="white" PressedTextColor="white" FlybyTextColor="white" PressedFlybyTextColor="white" DisabledTextColor="white" NoClip="0" RelativeToClient="1" TooltipColor="">
                <Event Name="ButtonCheck" Function="OnOptionsMenuToggle"/>
                <Event Name="ButtonUncheck" Function="OnOptionsMenuToggle"/>
            </Control>
            <Control Class="Window" LAnchorPoint="0" LAnchorOffset="0" TAnchorPoint="0" TAnchorOffset="0" RAnchorPoint="1" RAnchorOffset="0" BAnchorPoint="1" BAnchorOffset="0" RelativeToClient="1" Font="Default" Text="" Template="Default" Name="OptionsBtnFlash" BGColor="UI_AlphaPercent80" TextColor="white" Picture="1" IgnoreMouse="1" Sprite="" NewWindowDepth="1" NoClip="0" TooltipColor=""/>
        </Control>
    </Form>
    <Form Class="Window" LAnchorPoint="0" LAnchorOffset="0" TAnchorPoint="0" TAnchorOffset="0" RAnchorPoint="1" RAnchorOffset="0" BAnchorPoint="0" BAnchorOffset="50" RelativeToClient="1" Font="Default" Text="" Template="Default" Name="BagItem" Border="0" Picture="0" SwallowMouseClicks="1" Moveable="0" Escapable="0" Overlapped="1" BGColor="white" TextColor="white" TooltipColor="" Tooltip="">
        <Control Class="Window" LAnchorPoint="0" LAnchorOffset="1" TAnchorPoint="0" TAnchorOffset="2" RAnchorPoint="1" RAnchorOffset="0" BAnchorPoint="0" BAnchorOffset="22" RelativeToClient="1" Font="CRB_InterfaceMedium_O" Text="" Template="Default" Name="BagLabel" BGColor="white" TextColor="UI_AlphaPercent60" TextId="Inventory_BagLabelDefault" Visible="0" TooltipColor=""/>
        <Control Class="BagWindow" LAnchorPoint="0" LAnchorOffset="0" TAnchorPoint="0" TAnchorOffset="0" RAnchorPoint="1" RAnchorOffset="0" BAnchorPoint="1" BAnchorOffset="0" RelativeToClient="1" Sprite="" Text="" Name="ItemBagWindow" BGColor="white" TextColor="white" Picture="1" SwallowMouseClicks="1" IgnoreTooltipDelay="1" NewQuestOverlaySprite="ClientSprites:sprItem_NewQuest" IgnoreMouse="1" NewControlDepth="1" Overlapped="1" Visible="0" TooltipColor="" HideInEditor="0">
            <Event Name="GenerateTooltip" Function="OnGenerateTooltip"/>
            <Event Name="DragDropNothingCursor" Function="OnDragDropNothingCursor"/>
            <Event Name="DragDropCancel" Function="OnBagDragDropCancel"/>
        </Control>
    </Form>
    <Form Class="Window" LAnchorPoint="0" LAnchorOffset="0" TAnchorPoint="0" TAnchorOffset="0" RAnchorPoint="0" RAnchorOffset="38" BAnchorPoint="0" BAnchorOffset="38" RelativeToClient="1" Font="Default" Text="" Template="Default" Name="VirtualItem" Picture="1" SwallowMouseClicks="1" Overlapped="1" BGColor="white" TextColor="white" IgnoreMouse="1" Sprite="CRB_UIKitSprites:spr_Hologram" Tooltip="" TooltipType="OnCursor" IgnoreTooltipDelay="1" TooltipColor="">
        <Control Class="Window" LAnchorPoint="0" LAnchorOffset="1" TAnchorPoint="0" TAnchorOffset="1" RAnchorPoint="1" RAnchorOffset="-1" BAnchorPoint="1" BAnchorOffset="-1" RelativeToClient="1" Font="Default" Text="" Template="Default" Name="VirtualItemDisplay" BGColor="white" TextColor="white" Picture="1" IgnoreMouse="1" IgnoreTooltipDelay="1" TooltipType="OnCursor"/>
        <Control Class="Window" LAnchorPoint="0" LAnchorOffset="0" TAnchorPoint="0" TAnchorOffset="0" RAnchorPoint="1" RAnchorOffset="-2" BAnchorPoint="1" BAnchorOffset="-2" RelativeToClient="1" Font="Default" Text="" Template="Default" Name="VirtualItemCount" BGColor="white" TextColor="white" DT_BOTTOM="1" DT_RIGHT="1" TextId="" Tooltip=""/>
    </Form>
    <Form Class="Window" LAnchorPoint=".5" LAnchorOffset="-162" TAnchorPoint=".5" TAnchorOffset="-224" RAnchorPoint=".5" RAnchorOffset="161" BAnchorPoint=".5" BAnchorOffset="-31" RelativeToClient="1" Font="CRB_InterfaceMedium" Text="" Template="Default" Name="InventorySalvageNotice" Border="0" Picture="1" SwallowMouseClicks="1" Moveable="1" Escapable="1" Overlapped="1" BGColor="white" TextColor="white" NoClip="0" Visible="0" Sprite="" TooltipColor="" Tooltip="">
        <Control Class="Window" LAnchorPoint="0" LAnchorOffset="0" TAnchorPoint="0" TAnchorOffset="0" RAnchorPoint="1" RAnchorOffset="0" BAnchorPoint="1" BAnchorOffset="0" RelativeToClient="1" Font="Default" Text="" Template="Default" TooltipType="OnCursor" Name="InventoryNoticeFrame" BGColor="white" TextColor="white" TooltipColor="" Sprite="BK3:sprHolo_Alert_Confirm" Picture="1" IgnoreMouse="1"/>
        <Control Class="Window" LAnchorPoint="0" LAnchorOffset="13" TAnchorPoint="0" TAnchorOffset="5" RAnchorPoint="1" RAnchorOffset="-13" BAnchorPoint="1" BAnchorOffset="-6" RelativeToClient="1" Font="CRB_InterfaceLarge" Text="" Template="CRB_Hologram" Name="Hologram" BGColor="white" TextColor="UI_TextHoloBodyHighlight" Border="0" UseTemplateBG="0" Sprite="" Picture="1" DT_CENTER="1" DT_VCENTER="0" DT_WORDBREAK="1" DT_SINGLELINE="0" DT_BOTTOM="0" DT_RIGHT="0" IgnoreMouse="1" TooltipColor="">
            <Control Class="ActionConfirmButton" Base="BK3:btnHolo_Blue_Med" Font="CRB_Button" ButtonType="PushButton" RadioGroup="" LAnchorPoint="0.5" LAnchorOffset="-112" TAnchorPoint="1" TAnchorOffset="-83" RAnchorPoint="0.5" RAnchorOffset="0" BAnchorPoint="1" BAnchorOffset="-11" DT_VCENTER="1" DT_CENTER="1" Name="SalvageBtn" BGColor="white" TextColor="UI_BtnTextHoloNormal" NormalTextColor="UI_BtnTextHoloNormal" PressedTextColor="UI_BtnTextHoloPressed" FlybyTextColor="UI_BtnTextHoloFlyby" PressedFlybyTextColor="UI_BtnTextHoloPressedFlyby" WindowSoundTemplate="PushbuttonDigi02" TextId="GVT_Salvage" DisabledTextColor="UI_BtnTextHoloDisabled" Text="" TooltipColor="">
                <Event Name="SalvageItemRequested" Function="OnSalvageConfirm"/>
            </Control>
            <Control Class="Button" Base="BK3:btnHolo_Red_Med" Font="CRB_Button" ButtonType="PushButton" RadioGroup="" LAnchorPoint="0.5" LAnchorOffset="0" TAnchorPoint="1" TAnchorOffset="-83" RAnchorPoint="0.5" RAnchorOffset="112" BAnchorPoint="1" BAnchorOffset="-10" DT_VCENTER="1" DT_CENTER="1" Name="CancelBtn" BGColor="white" TextColor="UI_BtnTextHoloNormal" NormalTextColor="UI_BtnTextRedNormal" PressedTextColor="UI_BtnTextRedPressed" FlybyTextColor="UI_BtnTextRedFlyby" PressedFlybyTextColor="UI_BtnTextRedPressedFlyby" WindowSoundTemplate="PushbuttonDigi03" TextId="CRB_Cancel" DisabledTextColor="UI_BtnTextRedDisabled" TooltipColor="">
                <Event Name="ButtonSignal" Function="OnSalvageCancel"/>
            </Control>
            <Control Class="Window" LAnchorPoint="0" LAnchorOffset="50" TAnchorPoint="0" TAnchorOffset="25" RAnchorPoint="1" RAnchorOffset="-50" BAnchorPoint="0" BAnchorOffset="99" RelativeToClient="1" Font="CRB_InterfaceMedium" Template="Holo_TextCallout" Name="NoticeText" BGColor="white" TextColor="UI_TextHoloTitle" DT_CENTER="1" DT_VCENTER="1" DT_WORDBREAK="1" TextId="CRB_Are_you_sure_you_want_to_salvage_this" Text="" TooltipColor="" Border="1" IgnoreMouse="1" UseTemplateBG="1"/>
        </Control>
        <Event Name="WindowClosed" Function="OnDeleteCancel"/>
        <Control Class="Button" Base="BK3:btnHolo_Close" Font="CRB_InterfaceMedium" ButtonType="PushButton" RadioGroup="" LAnchorPoint="1" LAnchorOffset="-62" TAnchorPoint="0" TAnchorOffset="19" RAnchorPoint="1" RAnchorOffset="-20" BAnchorPoint="0" BAnchorOffset="63" DT_VCENTER="1" DT_CENTER="1" Name="CloseBtn" BGColor="white" TextColor="white" NoClip="1" NewControlDepth="3" WindowSoundTemplate="CloseWindowPhys" NormalTextColor="white" PressedTextColor="white" FlybyTextColor="white" PressedFlybyTextColor="white" DisabledTextColor="white" TooltipColor="">
            <Event Name="ButtonSignal" Function="OnDeleteCancel"/>
        </Control>
    </Form>
    <Form Class="Window" LAnchorPoint=".5" LAnchorOffset="-162" TAnchorPoint=".5" TAnchorOffset="-224" RAnchorPoint=".5" RAnchorOffset="161" BAnchorPoint=".5" BAnchorOffset="-31" RelativeToClient="1" Font="CRB_InterfaceMedium" Text="" Template="Default" Name="InventoryDeleteNotice" Border="0" Picture="1" SwallowMouseClicks="1" Moveable="1" Escapable="1" Overlapped="1" BGColor="white" TextColor="white" NoClip="0" Visible="0" Sprite="" TooltipColor="">
        <Control Class="Window" LAnchorPoint="0" LAnchorOffset="0" TAnchorPoint="0" TAnchorOffset="0" RAnchorPoint="1" RAnchorOffset="0" BAnchorPoint="1" BAnchorOffset="0" RelativeToClient="1" Font="Default" Text="" Template="Default" TooltipType="OnCursor" Name="InventoryNoticeFrame" BGColor="white" TextColor="white" TooltipColor="" Sprite="BK3:sprHolo_Alert_Confirm" Picture="1" IgnoreMouse="1"/>
        <Control Class="Window" LAnchorPoint="0" LAnchorOffset="13" TAnchorPoint="0" TAnchorOffset="5" RAnchorPoint="1" RAnchorOffset="-13" BAnchorPoint="1" BAnchorOffset="-6" RelativeToClient="1" Font="CRB_InterfaceLarge" Text="" Template="CRB_Hologram" Name="Hologram" BGColor="white" TextColor="UI_TextHoloBodyHighlight" Border="0" UseTemplateBG="0" Sprite="" Picture="1" DT_CENTER="1" DT_VCENTER="0" DT_WORDBREAK="1" DT_SINGLELINE="0" DT_BOTTOM="0" DT_RIGHT="0" IgnoreMouse="1" TooltipColor="">
            <Control Class="ActionConfirmButton" Base="BK3:btnHolo_Blue_Med" Font="CRB_Button" ButtonType="PushButton" RadioGroup="" LAnchorPoint="0.5" LAnchorOffset="-112" TAnchorPoint="1" TAnchorOffset="-83" RAnchorPoint="0.5" RAnchorOffset="0" BAnchorPoint="1" BAnchorOffset="-11" DT_VCENTER="1" DT_CENTER="1" Name="DeleteBtn" BGColor="white" TextColor="UI_BtnTextHoloNormal" NormalTextColor="UI_BtnTextHoloNormal" PressedTextColor="UI_BtnTextHoloPressed" FlybyTextColor="UI_BtnTextHoloFlyby" PressedFlybyTextColor="UI_BtnTextHoloPressedFlyby" WindowSoundTemplate="PushbuttonDigi02" TextId="CRB_Delete" DisabledTextColor="UI_BtnTextHoloDisabled" TooltipColor="" Tooltip="">
                <Event Name="DeleteItemRequested" Function="OnDeleteConfirm"/>
            </Control>
            <Control Class="Button" Base="BK3:btnHolo_Red_Med" Font="CRB_Button" ButtonType="PushButton" RadioGroup="" LAnchorPoint="0.5" LAnchorOffset="0" TAnchorPoint="1" TAnchorOffset="-83" RAnchorPoint="0.5" RAnchorOffset="112" BAnchorPoint="1" BAnchorOffset="-10" DT_VCENTER="1" DT_CENTER="1" Name="CancelBtn" BGColor="white" TextColor="UI_BtnTextHoloNormal" NormalTextColor="UI_BtnTextRedNormal" PressedTextColor="UI_BtnTextRedPressed" FlybyTextColor="UI_BtnTextRedFlyby" PressedFlybyTextColor="UI_BtnTextRedPressedFlyby" WindowSoundTemplate="PushbuttonDigi03" TextId="CRB_Cancel" DisabledTextColor="UI_BtnTextRedDisabled" TooltipColor="">
                <Event Name="ButtonSignal" Function="OnDeleteCancel"/>
            </Control>
            <Control Class="Window" LAnchorPoint="0" LAnchorOffset="50" TAnchorPoint="0" TAnchorOffset="25" RAnchorPoint="1" RAnchorOffset="-50" BAnchorPoint="0" BAnchorOffset="99" RelativeToClient="1" Font="CRB_InterfaceMedium" Template="Holo_TextCallout" Name="NoticeText" BGColor="white" TextColor="UI_TextHoloTitle" DT_CENTER="1" DT_VCENTER="1" DT_WORDBREAK="1" TextId="CRB_Are_you_sure_you_want_to_delete_this" TooltipColor="" Border="1" IgnoreMouse="1" UseTemplateBG="1"/>
        </Control>
        <Control Class="Button" Base="BK3:btnHolo_Close" Font="CRB_InterfaceMedium" ButtonType="PushButton" RadioGroup="" LAnchorPoint="1" LAnchorOffset="-62" TAnchorPoint="0" TAnchorOffset="19" RAnchorPoint="1" RAnchorOffset="-20" BAnchorPoint="0" BAnchorOffset="63" DT_VCENTER="1" DT_CENTER="1" Name="CloseBtn" BGColor="white" TextColor="white" NoClip="1" NewControlDepth="3" WindowSoundTemplate="CloseWindowPhys" NormalTextColor="white" PressedTextColor="white" FlybyTextColor="white" PressedFlybyTextColor="white" DisabledTextColor="white" TooltipColor="">
            <Event Name="ButtonSignal" Function="OnDeleteCancel"/>
        </Control>
        <Event Name="WindowClosed" Function="OnDeleteCancel"/>
    </Form>
    <Form Class="Window" LAnchorPoint="0" LAnchorOffset="0" TAnchorPoint="0" TAnchorOffset="0" RAnchorPoint="1" RAnchorOffset="0" BAnchorPoint="0" BAnchorOffset="30" RelativeToClient="1" Font="Default" Text="" Template="Default" TooltipType="OnCursor" Name="PickerEntry" BGColor="white" TextColor="white" TooltipColor="" Tooltip="">
        <Control Class="Button" Base="BK3:btnHolo_ListView_Simple" Font="CRB_InterfaceSmall_O" ButtonType="Check" RadioGroup="" LAnchorPoint="0" LAnchorOffset="0" TAnchorPoint="0" TAnchorOffset="0" RAnchorPoint="1" RAnchorOffset="0" BAnchorPoint="1" BAnchorOffset="0" DT_VCENTER="1" DT_CENTER="0" TooltipType="OnCursor" Name="PickerEntryBtn" BGColor="white" TextColor="white" TooltipColor="" NormalTextColor="UI_BtnTextHoloListNormal" PressedTextColor="UI_BtnTextHoloListPressed" FlybyTextColor="UI_BtnTextHoloListFlyby" PressedFlybyTextColor="UI_BtnTextHoloListPressedFlyby" DisabledTextColor="UI_BtnTextHoloListDisabled" Text="" TextId="" TooltipFont="CRB_InterfaceSmall" RelativeToClient="1" RadioDisallowNonSelection="1" GlobalRadioGroup="GlobalRadioGroup_InventryBag_CurrencyPicker" NeverBringToFront="1">
            <Event Name="ButtonCheck" Function="UpdateAltCash"/>
            <Control Class="Window" LAnchorPoint="0" LAnchorOffset="8" TAnchorPoint="0" TAnchorOffset="0" RAnchorPoint="1" RAnchorOffset="-22" BAnchorPoint="1" BAnchorOffset="0" RelativeToClient="1" Font="CRB_InterfaceSmall" Text="" Template="Default" TooltipType="OnCursor" Name="PickerEntryBtnText" BGColor="white" TextColor="UI_BtnTextBlueNormal" TooltipColor="" DT_VCENTER="1" DT_WORDBREAK="1"/>
        </Control>
        <Control Class="CashWindow" LAnchorPoint="1" LAnchorOffset="-130" TAnchorPoint="0" TAnchorOffset="0" RAnchorPoint="1" RAnchorOffset="-7" BAnchorPoint="1" BAnchorOffset="0" RelativeToClient="1" Font="CRB_InterfaceSmall" Text="" Template="Default" TooltipType="OnCursor" Name="EntryCash" BGColor="white" TextColor="UI_TextHoloBody" TooltipColor="" DT_RIGHT="1" DT_VCENTER="1" NewControlDepth="10" IgnoreMouse="1"/>
    </Form>
</Forms>
