<?xml version="1.0" encoding="UTF-8" standalone="yes" ?>
<Forms>
    <Form Class="Window" LAnchorPoint="0" LAnchorOffset="0" TAnchorPoint="0" TAnchorOffset="0" RAnchorPoint="0" RAnchorOffset="522" BAnchorPoint="0" BAnchorOffset="32" RelativeToClient="1" Font="Default" Text="" Template="Default" TooltipType="OnCursor" Name="FriendForm" Border="0" Picture="0" SwallowMouseClicks="1" Moveable="0" Escapable="0" Overlapped="0" BGColor="ffffffff" TextColor="ffffffff" TooltipColor="" UseTemplateBG="0" Sprite="CRB_Basekit:kitBase_HoloBlue_TinyNoGlow" Tooltip="">
        <Control Class="Button" Base="CRB_Basekit:kitBtn_List_Holo" Font="Thick" ButtonType="Check" RadioGroup="" LAnchorPoint="0" LAnchorOffset="0" TAnchorPoint="0" TAnchorOffset="0" RAnchorPoint="1" RAnchorOffset="0" BAnchorPoint="1" BAnchorOffset="0" DT_VCENTER="1" DT_CENTER="1" TooltipType="OnCursor" Name="FriendBtn" BGColor="ffffffff" TextColor="ffffffff" TooltipColor="" NormalTextColor="ffffffff" PressedTextColor="ffffffff" FlybyTextColor="ffffffff" PressedFlybyTextColor="ffffffff" DisabledTextColor="ffffffff" Text="" ProcessRightClick="1">
            <Event Name="ButtonCheck" Function="OnFriendBtn"/>
            <Event Name="ButtonUncheck" Function="OnFriendBtnUncheck"/>
        </Control>
        <Control Class="Window" LAnchorPoint="0" LAnchorOffset="10" TAnchorPoint="0" TAnchorOffset="0" RAnchorPoint="0" RAnchorOffset="256" BAnchorPoint="1" BAnchorOffset="0" RelativeToClient="1" Font="CRB_InterfaceMedium" Text="" Template="Default" TooltipType="OnCursor" Name="Name" BGColor="ffffffff" TextColor="ffffffff" TooltipColor="" DT_RIGHT="0" DT_WORDBREAK="1" TextId="" IgnoreMouse="1" DT_VCENTER="1" NewControlDepth="2"/>
        <Control Class="Window" LAnchorPoint="0" LAnchorOffset="296" TAnchorPoint="0" TAnchorOffset="0" RAnchorPoint="0" RAnchorOffset="333" BAnchorPoint="1" BAnchorOffset="0" RelativeToClient="1" Font="CRB_InterfaceMedium" Text="" Template="Default" TooltipType="OnCursor" Name="Level" BGColor="ffffffff" TextColor="ffffffff" TooltipColor="" DT_RIGHT="0" DT_WORDBREAK="0" TextId="" IgnoreMouse="1" DT_VCENTER="1" DT_CENTER="1" NewControlDepth="2"/>
        <Control Class="Window" LAnchorPoint="0" LAnchorOffset="346" TAnchorPoint="0" TAnchorOffset="3" RAnchorPoint="0" RAnchorOffset="372" BAnchorPoint="1" BAnchorOffset="-3" RelativeToClient="1" Font="CRB_InterfaceMedium" Text="" Template="Default" TooltipType="OnCursor" Name="Class" BGColor="ffffffff" TextColor="ffffffff" TooltipColor="" DT_RIGHT="0" DT_WORDBREAK="0" TextId="" IgnoreMouse="1" DT_VCENTER="1" DT_CENTER="1" Picture="1" Sprite="" NewControlDepth="2"/>
        <Control Class="Window" LAnchorPoint="0" LAnchorOffset="432" TAnchorPoint="0" TAnchorOffset="0" RAnchorPoint="0" RAnchorOffset="512" BAnchorPoint="1" BAnchorOffset="0" RelativeToClient="1" Font="CRB_InterfaceSmall" Text="" Template="Default" TooltipType="OnCursor" Name="LastOnline" BGColor="ffffffff" TextColor="ffffffff" TooltipColor="white" DT_RIGHT="0" DT_WORDBREAK="1" TextId="" IgnoreMouse="1" DT_VCENTER="1" NewControlDepth="2" TooltipFont="CRB_InterfaceMedium" IgnoreTooltipDelay="1"/>
        <Control Class="Window" LAnchorPoint="0" LAnchorOffset="389" TAnchorPoint="0" TAnchorOffset="3" RAnchorPoint="0" RAnchorOffset="415" BAnchorPoint="1" BAnchorOffset="-3" RelativeToClient="1" Font="CRB_InterfaceMedium" Text="" Template="Default" TooltipType="OnCursor" Name="Path" BGColor="ffffffff" TextColor="ffffffff" TooltipColor="" DT_RIGHT="0" DT_WORDBREAK="0" TextId="" IgnoreMouse="1" DT_VCENTER="1" DT_CENTER="1" Picture="1" Sprite="" NewControlDepth="2"/>
        <Control Class="Window" LAnchorPoint="0" LAnchorOffset="258" TAnchorPoint="0" TAnchorOffset="2" RAnchorPoint="0" RAnchorOffset="286" BAnchorPoint="1" BAnchorOffset="-2" RelativeToClient="1" Font="Default" Text="" Template="Default" TooltipType="OnCursor" Name="RoommateIcon" BGColor="ffffffff" TextColor="ffffffff" TooltipColor="" Picture="1" IgnoreMouse="1" Sprite="ClientSprites:Icon_Windows_UI_CRB_Attribute_Health" NewControlDepth="3" IgnoreTooltipDelay="1"/>
        <Control Class="Window" LAnchorPoint="0" LAnchorOffset="258" TAnchorPoint="0" TAnchorOffset="2" RAnchorPoint="0" RAnchorOffset="286" BAnchorPoint="1" BAnchorOffset="-2" RelativeToClient="1" Font="Default" Text="" Template="Default" TooltipType="OnCursor" Name="AccountIcon" BGColor="ffffffff" TextColor="ffffffff" TooltipColor="" Picture="1" IgnoreMouse="1" Sprite="ClientSprites:Icon_Windows_UI_CRB_Friend" NewControlDepth="3" IgnoreTooltipDelay="1"/>
    </Form>
    <Form Class="Window" LAnchorPoint="0" LAnchorOffset="0" TAnchorPoint="0" TAnchorOffset="37" RAnchorPoint="0" RAnchorOffset="598" BAnchorPoint="0" BAnchorOffset="712" RelativeToClient="1" Font="Default" Text="" Template="Default" Name="FriendsListForm" Border="0" Picture="0" SwallowMouseClicks="1" Moveable="1" Escapable="1" Overlapped="1" BGColor="ffffffff" TextColor="ffffffff" TextId="" Visible="0" TooltipColor="" Tooltip="">
        <Control Class="Window" LAnchorPoint="0" LAnchorOffset="0" TAnchorPoint="0" TAnchorOffset="0" RAnchorPoint="1" RAnchorOffset="0" BAnchorPoint="1" BAnchorOffset="0" RelativeToClient="1" Font="Default" Text="" Template="Default" Name="BGArt" BGColor="ffffffff" TextColor="ffffffff" Sprite="kitHeader_Hybrid_Topper" Picture="0" IgnoreMouse="1" NewControlDepth="1" TooltipColor="">
            <Control Class="Window" LAnchorPoint="0" LAnchorOffset="28" TAnchorPoint="0" TAnchorOffset="31" RAnchorPoint="0" RAnchorOffset="58" BAnchorPoint="0" BAnchorOffset="60" RelativeToClient="1" Font="Default" Text="" Template="Default" Name="BGTopLockFrame" BGColor="ffffffff" TextColor="ffffffff" Sprite="CRB_Basekit:kitAccent_Frame_OrangeCorners" Picture="1" IgnoreMouse="1" TooltipColor="" HideInEditor="1" NewControlDepth="2" Visible="0"/>
            <Control Class="Button" Base="CRB_Basekit:kitBtn_Holo_Large" Font="CRB_InterfaceSmall_I" ButtonType="PushButton" RadioGroup="" LAnchorPoint="1" LAnchorOffset="-167" TAnchorPoint="0" TAnchorOffset="34" RAnchorPoint="1" RAnchorOffset="-45" BAnchorPoint="0" BAnchorOffset="57" DT_VCENTER="1" DT_CENTER="1" Name="SocialPanelBtn" BGColor="ffffffff" TextColor="ffffffff" NormalTextColor="UI_BtnTextHoloNormal" PressedTextColor="UI_BtnTextHoloPressed" FlybyTextColor="UI_BtnTextHoloFlyby" PressedFlybyTextColor="UI_BtnTextHoloPressedFlyby" DisabledTextColor="UI_BtnTextHoloDisabled" Text="" TextId="CRB_ToSocial" Visible="1" RelativeToClient="1" TooltipColor="" Tooltip="" NoClip="1">
                <Event Name="ButtonSignal" Function="OnSocialPanelBtn"/>
            </Control>
            <Control Class="Button" Base="CRB_Basekit:kitBtn_Close" Font="Thick" ButtonType="PushButton" RadioGroup="" LAnchorPoint="1" LAnchorOffset="-36" TAnchorPoint="0" TAnchorOffset="9" RAnchorPoint="1" RAnchorOffset="-9" BAnchorPoint="0" BAnchorOffset="38" DT_VCENTER="1" DT_CENTER="1" Name="CloseBtn" BGColor="ffffffff" TextColor="ffffffff" NormalTextColor="ffffffff" PressedTextColor="ffffffff" FlybyTextColor="ffffffff" PressedFlybyTextColor="ffffffff" DisabledTextColor="ffffffff" Text="" TooltipColor="">
                <Event Name="ButtonSignal" Function="OnClose"/>
            </Control>
            <Pixie LAnchorPoint="0" LAnchorOffset="20" TAnchorPoint="0" TAnchorOffset="24" RAnchorPoint="1" RAnchorOffset="-21" BAnchorPoint="1" BAnchorOffset="-21" BGColor="f0ffffff" Font="Default" TextColor="ffffffff" Text="" Sprite="CRB_Basekit:kitBase_HoloTeal_NoBorder" Line="0"/>
            <Pixie LAnchorPoint="0" LAnchorOffset="23" TAnchorPoint="0" TAnchorOffset="26" RAnchorPoint="1" RAnchorOffset="-32" BAnchorPoint="0" BAnchorOffset="68" BGColor="ffffffff" Font="Default" TextColor="ffffffff" Text="" Sprite="CRB_Basekit:kitHeader_HoloHexesAccent_Title" Line="0"/>
            <Pixie LAnchorPoint="0" LAnchorOffset="34" TAnchorPoint="1" TAnchorOffset="-77" RAnchorPoint="1" RAnchorOffset="-34" BAnchorPoint="1" BAnchorOffset="-39" BGColor="ffffffff" Font="Default" TextColor="ffffffff" Text="" Sprite="CRB_Basekit:kitInnerFrame_Holo_SimpleInset" Line="0"/>
            <Pixie LAnchorPoint="0" LAnchorOffset="0" TAnchorPoint="0" TAnchorOffset="0" RAnchorPoint="1" RAnchorOffset="0" BAnchorPoint="1" BAnchorOffset="0" BGColor="ffffffff" Font="Default" TextColor="ffffffff" Text="" Sprite="CRB_Basekit:kitOuterFrame_MetalGold_Large" Line="0"/>
            <Pixie LAnchorPoint="0" LAnchorOffset="100" TAnchorPoint="0" TAnchorOffset="34" RAnchorPoint="1" RAnchorOffset="-100" BAnchorPoint="0" BAnchorOffset="56" BGColor="ffffffff" Font="CRB_InterfaceMedium" TextColor="UI_TextHoloTitle" Text="" TextId="Neighbors_Neighbors" DT_CENTER="1" DT_VCENTER="1" Line="0"/>
        </Control>
        <Control Class="Window" LAnchorPoint="0" LAnchorOffset="45" TAnchorPoint="0" TAnchorOffset="66" RAnchorPoint="1" RAnchorOffset="-45" BAnchorPoint="0" BAnchorOffset="106" RelativeToClient="1" Font="Default" Text="" Template="Default" TooltipType="OnCursor" Name="TabContainer" BGColor="white" TextColor="ffffffff" TooltipColor="" NewControlDepth="10"/>
        <Control Class="Window" LAnchorPoint="0" LAnchorOffset="31" TAnchorPoint="0" TAnchorOffset="68" RAnchorPoint="0" RAnchorOffset="553" BAnchorPoint="0" BAnchorOffset="88" RelativeToClient="1" Font="Default" Text="" Template="Default" Name="RosterHeaderContainer" BGColor="ffffffff" TextColor="ffffffff" TooltipColor="" NewControlDepth="10">
            <Control Class="Window" LAnchorPoint="0" LAnchorOffset="0" TAnchorPoint="0" TAnchorOffset="0" RAnchorPoint="1" RAnchorOffset="0" BAnchorPoint="1" BAnchorOffset="0" RelativeToClient="1" Font="Default" Text="" Template="Default" TooltipType="OnCursor" Name="Controls_Friends" BGColor="ffffffff" TextColor="ffffffff" TooltipColor="">
                <Control Class="Window" LAnchorPoint="0" LAnchorOffset="0" TAnchorPoint="0" TAnchorOffset="0" RAnchorPoint="0" RAnchorOffset="250" BAnchorPoint="1" BAnchorOffset="0" RelativeToClient="1" Font="CRB_InterfaceSmall" Text="" Template="Default" TooltipType="OnCursor" Name="Label_Friend" BGColor="ffffffff" TextColor="UI_TextHoloBody" TooltipColor="" Picture="1" IgnoreMouse="1" Sprite="CRB_Basekit:kitBtn_List_HoloSortNormal" DT_VCENTER="1" DT_CENTER="0" TextId="Friends_FriendNameHeader"/>
                <Control Class="Window" LAnchorPoint="0" LAnchorOffset="294" TAnchorPoint="0" TAnchorOffset="0" RAnchorPoint="0" RAnchorOffset="336" BAnchorPoint="1" BAnchorOffset="0" RelativeToClient="1" Font="CRB_InterfaceSmall" Text="" Template="Default" TooltipType="OnCursor" Name="Label_Friend1" BGColor="ffffffff" TextColor="UI_TextHoloBody" TooltipColor="" Picture="1" IgnoreMouse="1" Sprite="CRB_Basekit:kitBtn_List_HoloSortNormal" DT_VCENTER="1" DT_CENTER="1" TextId="Friends_LevelHeader"/>
                <Control Class="Window" LAnchorPoint="0" LAnchorOffset="337" TAnchorPoint="0" TAnchorOffset="0" RAnchorPoint="0" RAnchorOffset="379" BAnchorPoint="1" BAnchorOffset="0" RelativeToClient="1" Font="CRB_InterfaceSmall" Text="" Template="Default" TooltipType="OnCursor" Name="Label_Friend2" BGColor="ffffffff" TextColor="UI_TextHoloBody" TooltipColor="" Picture="1" IgnoreMouse="1" Sprite="CRB_Basekit:kitBtn_List_HoloSortNormal" DT_VCENTER="1" DT_CENTER="1" TextId="CRB_Class"/>
                <Control Class="Window" LAnchorPoint="0" LAnchorOffset="380" TAnchorPoint="0" TAnchorOffset="0" RAnchorPoint="0" RAnchorOffset="422" BAnchorPoint="1" BAnchorOffset="0" RelativeToClient="1" Font="CRB_InterfaceSmall" Text="" Template="Default" TooltipType="OnCursor" Name="Label_Friend3" BGColor="ffffffff" TextColor="UI_TextHoloBody" TooltipColor="" Picture="1" IgnoreMouse="1" Sprite="CRB_Basekit:kitBtn_List_HoloSortNormal" DT_VCENTER="1" DT_CENTER="1" TextId="CRB_Path"/>
                <Control Class="Window" LAnchorPoint="0" LAnchorOffset="423" TAnchorPoint="0" TAnchorOffset="0" RAnchorPoint="1" RAnchorOffset="0" BAnchorPoint="1" BAnchorOffset="0" RelativeToClient="1" Font="CRB_InterfaceSmall" Text="" Template="Default" TooltipType="OnCursor" Name="Label_Friend4" BGColor="ffffffff" TextColor="UI_TextHoloBody" TooltipColor="" Picture="1" IgnoreMouse="1" Sprite="CRB_Basekit:kitBtn_List_HoloSortNormal" DT_VCENTER="1" DT_CENTER="0" TextId="Friends_LastOnlineHeader"/>
                <Control Class="Window" LAnchorPoint="1" LAnchorOffset="-271" TAnchorPoint="0" TAnchorOffset="0" RAnchorPoint="1" RAnchorOffset="-229" BAnchorPoint="1" BAnchorOffset="0" RelativeToClient="1" Font="CRB_InterfaceSmall" Text="" Template="Default" TooltipType="OnCursor" Name="Label_Friend5" BGColor="ffffffff" TextColor="UI_TextHoloBody" TooltipColor="" Picture="1" IgnoreMouse="1" Sprite="CRB_Basekit:kitBtn_List_HoloSortNormal" DT_VCENTER="1" DT_CENTER="1" TextId="CRB_Status"/>
            </Control>
        </Control>
        <Control Class="Window" LAnchorPoint="0" LAnchorOffset="31" TAnchorPoint="0" TAnchorOffset="90" RAnchorPoint="0" RAnchorOffset="567" BAnchorPoint="1" BAnchorOffset="-81" RelativeToClient="1" Font="Default" Text="" Template="CRB_Scroll_HoloSmall" TooltipType="OnCursor" Name="ListContainer" BGColor="ffffffff" TextColor="ffffffff" TooltipColor="" VScroll="1" IgnoreMouse="1" NewControlDepth="10"/>
        <Control Class="Window" LAnchorPoint="0" LAnchorOffset="15" TAnchorPoint="1" TAnchorOffset="-73" RAnchorPoint="1" RAnchorOffset="-17" BAnchorPoint="1" BAnchorOffset="-43" RelativeToClient="1" Font="Default" Text="" Template="Default" Name="Controls" BGColor="ffffffff" TextColor="ffffffff" TooltipColor="" Tooltip="" HideInEditor="0" NewControlDepth="1" IgnoreMouse="1" NewWindowDepth="1" Visible="1">
            <Control Class="Button" Base="CRB_Basekit:kitBtn_Holo" Font="CRB_InterfaceSmall_O" ButtonType="Check" RadioGroup="RosterOptions_MemberOptionsRadioGroup" LAnchorPoint="0" LAnchorOffset="23" TAnchorPoint="0" TAnchorOffset="0" RAnchorPoint="0" RAnchorOffset="108" BAnchorPoint="1" BAnchorOffset="0" DT_VCENTER="1" DT_CENTER="1" Name="AddBtn" BGColor="ffffffff" TextColor="ffffffff" NormalTextColor="UI_BtnTextHoloNormal" PressedTextColor="UI_BtnTextHoloPressed" FlybyTextColor="UI_BtnTextHoloFlyby" PressedFlybyTextColor="UI_BtnTextHoloPressedFlyby" DisabledTextColor="UI_BtnTextHoloDisabled" Text="" TextId="Friends_AddBtn" Visible="1" GlobalRadioGroup="" LeftEdgeControlsAnchor="" RelativeToClient="1" TooltipColor="" HideInEditor="0">
                <Event Name="ButtonCheck" Function="OnAddBtn"/>
                <Control Class="Window" LAnchorPoint="0.5" LAnchorOffset="-92" TAnchorPoint="1" TAnchorOffset="-108" RAnchorPoint="0.5" RAnchorOffset="92" BAnchorPoint="1" BAnchorOffset="-15" RelativeToClient="1" Font="Default" Text="" Template="Default" Name="AddWindow" BGColor="ffffffff" TextColor="ffffffff" Picture="0" IgnoreMouse="1" Sprite="" Visible="0" HideInEditor="1" NewWindowDepth="0" NoClip="1" CloseOnExternalClick="1" TooltipColor="">
                    <Control Class="EditBox" LAnchorPoint="0" LAnchorOffset="16" TAnchorPoint="0.5" TAnchorOffset="-16" RAnchorPoint="1" RAnchorOffset="-16" BAnchorPoint="0.5" BAnchorOffset="8" RelativeToClient="1" Font="CRB_InterfaceMedium" Text="" Template="Default" Name="AddMemberEditBox" BGColor="ffffffff" TextColor="ff7fffb9" Picture="0" DT_VCENTER="1" IgnoreMouse="1" TooltipColor="">
                        <Event Name="EditBoxReturn" Function="OnAddMemberYesClick"/>
                    </Control>
                    <Control Class="Button" Base="CRB_ChallengeTrackerSprites:btnChallengeClose" Font="Thick" ButtonType="PushButton" RadioGroup="" LAnchorPoint="1" LAnchorOffset="-25" TAnchorPoint="0" TAnchorOffset="7" RAnchorPoint="1" RAnchorOffset="-7" BAnchorPoint="0" BAnchorOffset="25" DT_VCENTER="1" DT_CENTER="1" Name="AddMemberCloseBtn" BGColor="ffffffff" TextColor="ffffffff" NormalTextColor="ffffffff" PressedTextColor="ffffffff" FlybyTextColor="ffffffff" PressedFlybyTextColor="ffffffff" DisabledTextColor="ffffffff" TooltipColor="">
                        <Event Name="ButtonSignal" Function="OnSubCloseBtn"/>
                    </Control>
                    <Control Class="Button" Base="CRB_Basekit:kitBtn_Holo" Font="CRB_InterfaceMedium_B" ButtonType="PushButton" RadioGroup="" LAnchorPoint="0.5" LAnchorOffset="-35" TAnchorPoint="1" TAnchorOffset="-35" RAnchorPoint="0.5" RAnchorOffset="35" BAnchorPoint="1" BAnchorOffset="-13" DT_VCENTER="1" DT_CENTER="1" Name="AddMemberYesBtn" BGColor="ffffffff" TextColor="ffffffff" NormalTextColor="UI_BtnTextHoloNormal" PressedTextColor="UI_BtnTextHoloPressed" FlybyTextColor="UI_BtnTextHoloFlyby" PressedFlybyTextColor="UI_BtnTextHoloPressedFlyby" DisabledTextColor="UI_BtnTextHoloDisabled" Text="" TextId="ArenaRoster_Add" TooltipColor="">
                        <Event Name="ButtonSignal" Function="OnAddMemberYesClick"/>
                    </Control>
                    <Event Name="WindowClosed" Function="OnRosterAddMemberCloseBtn"/>
                    <Pixie LAnchorPoint="0" LAnchorOffset="0" TAnchorPoint="0" TAnchorOffset="0" RAnchorPoint="1" RAnchorOffset="0" BAnchorPoint="1" BAnchorOffset="-5" BGColor="ffffffff" Font="Default" TextColor="ffffffff" Text="" Sprite="CRB_Basekit:kitBase_HoloBlue_SmallGreenCorners" Line="0"/>
                    <Pixie LAnchorPoint="0" LAnchorOffset="2" TAnchorPoint="0" TAnchorOffset="2" RAnchorPoint="1" RAnchorOffset="-2" BAnchorPoint="1" BAnchorOffset="0" BGColor="ffffffff" Font="Default" TextColor="ffffffff" Text="" Sprite="kitInnerFrame_Holo_DownArrow" Line="0"/>
                    <Pixie LAnchorPoint="0" LAnchorOffset="8" TAnchorPoint="0.5" TAnchorOffset="-20" RAnchorPoint="1" RAnchorOffset="-8" BAnchorPoint="0.5" BAnchorOffset="12" BGColor="ffffffff" Font="Default" TextColor="ffffffff" Text="" Sprite="CRB_Basekit:kitInnerFrame_Holo_InputBox" Line="0"/>
                    <Pixie LAnchorPoint="0" LAnchorOffset="12" TAnchorPoint="0" TAnchorOffset="8" RAnchorPoint="1" RAnchorOffset="-12" BAnchorPoint="0" BAnchorOffset="28" BGColor="ffffffff" Font="CRB_InterfaceMedium_B" TextColor="UI_TextHoloTitle" Text="" TextId="ArenaRoster_AddLabel" Line="0"/>
                </Control>
            </Control>
            <Control Class="Button" Base="CRB_Basekit:kitBtn_Holo" Font="CRB_InterfaceSmall_O" ButtonType="Check" RadioGroup="RosterOptions_MemberOptionsRadioGroup" LAnchorPoint=".5" LAnchorOffset="-153" TAnchorPoint="0" TAnchorOffset="0" RAnchorPoint=".5" RAnchorOffset="-53" BAnchorPoint="1" BAnchorOffset="0" DT_VCENTER="1" DT_CENTER="1" Name="ModifyBtn" BGColor="ffffffff" TextColor="ffffffff" NormalTextColor="UI_BtnTextHoloNormal" PressedTextColor="UI_BtnTextHoloPressed" FlybyTextColor="UI_BtnTextHoloFlyby" PressedFlybyTextColor="UI_BtnTextHoloPressedFlyby" DisabledTextColor="UI_BtnTextHoloDisabled" Text="" TextId="Friends_Modify" Visible="1" GlobalRadioGroup="" LeftEdgeControlsAnchor="" RelativeToClient="1" TooltipColor="" HideInEditor="0">
                <Event Name="ButtonCheck" Function="OnModifyBtn"/>
                <Control Class="Window" LAnchorPoint=".5" LAnchorOffset="-91" TAnchorPoint="1" TAnchorOffset="-185" RAnchorPoint=".5" RAnchorOffset="91" BAnchorPoint="1" BAnchorOffset="-15" RelativeToClient="1" Font="Default" Text="" Template="Default" Name="ModifyWindow" BGColor="ffffffff" TextColor="ffffffff" Picture="0" IgnoreMouse="1" Sprite="" Visible="0" HideInEditor="1" NoClip="1" CloseOnExternalClick="1" TooltipColor="">
                    <Control Class="Button" Base="CRB_ChallengeTrackerSprites:btnChallengeClose" Font="Thick" ButtonType="PushButton" RadioGroup="" LAnchorPoint="1" LAnchorOffset="-25" TAnchorPoint="0" TAnchorOffset="7" RAnchorPoint="1" RAnchorOffset="-7" BAnchorPoint="0" BAnchorOffset="25" DT_VCENTER="1" DT_CENTER="1" Name="ModifyCloseBtn" BGColor="ffffffff" TextColor="ffffffff" NormalTextColor="ffffffff" PressedTextColor="ffffffff" FlybyTextColor="ffffffff" PressedFlybyTextColor="ffffffff" DisabledTextColor="ffffffff" Text="" TooltipColor="">
                        <Event Name="ButtonSignal" Function="OnSubCloseBtn"/>
                    </Control>
                    <Control Class="Button" Base="CRB_Basekit:kitBtn_Holo" Font="CRB_InterfaceMedium_B" ButtonType="PushButton" RadioGroup="" LAnchorPoint="0" LAnchorOffset="10" TAnchorPoint="0" TAnchorOffset="30" RAnchorPoint="1" RAnchorOffset="-10" BAnchorPoint="0" BAnchorOffset="68" DT_VCENTER="1" DT_CENTER="1" Name="ModifyPermissionsBtn" BGColor="ffffffff" TextColor="ffffffff" NormalTextColor="UI_TextHoloBody" PressedTextColor="ff31fcf6" FlybyTextColor="ffffffff" PressedFlybyTextColor="ffffffff" DisabledTextColor="9d666666" Text="" TextId="Neighbors_GiveRoomate" TooltipColor="">
                        <Event Name="ButtonSignal" Function="OnModifyPermissionsBtn"/>
                    </Control>
                    <Control Class="Button" Base="CRB_Basekit:kitBtn_Holo" Font="CRB_InterfaceMedium" ButtonType="PushButton" RadioGroup="" LAnchorPoint="0" LAnchorOffset="22" TAnchorPoint="1" TAnchorOffset="-89" RAnchorPoint="1" RAnchorOffset="-22" BAnchorPoint="1" BAnchorOffset="-57" DT_VCENTER="1" DT_CENTER="1" TooltipType="OnCursor" Name="ModifyRemoveBtn" BGColor="ffffffff" TextColor="ffffffff" TooltipColor="" NormalTextColor="UI_BtnTextHoloNormal" PressedTextColor="UI_BtnTextHoloPressed" FlybyTextColor="UI_BtnTextHoloFlyby" PressedFlybyTextColor="UI_BtnTextHoloPressedFlyby" DisabledTextColor="UI_BtnTextHoloDisabled" Text="" TextId="Neighbors_RemovePlayer">
                        <Event Name="ButtonSignal" Function="OnModifyRemoveBtn"/>
                    </Control>
                    <Control Class="Button" Base="CRB_Basekit:kitBtn_Holo" Font="CRB_InterfaceMedium" ButtonType="PushButton" RadioGroup="" LAnchorPoint="0" LAnchorOffset="22" TAnchorPoint="1" TAnchorOffset="-56" RAnchorPoint="1" RAnchorOffset="-22" BAnchorPoint="1" BAnchorOffset="-24" DT_VCENTER="1" DT_CENTER="1" TooltipType="OnCursor" Name="ModifyIgnoreBtn" BGColor="ffffffff" TextColor="ffffffff" TooltipColor="" NormalTextColor="UI_BtnTextHoloNormal" PressedTextColor="UI_BtnTextHoloPressed" FlybyTextColor="UI_BtnTextHoloFlyby" PressedFlybyTextColor="UI_BtnTextHoloPressedFlyby" DisabledTextColor="UI_BtnTextHoloDisabled" Text="" TextId="Friends_IgnorePlayer">
                        <Event Name="ButtonSignal" Function="OnModifyIgnoreBtn"/>
                    </Control>
                    <Pixie LAnchorPoint="0" LAnchorOffset="0" TAnchorPoint="0" TAnchorOffset="0" RAnchorPoint="1" RAnchorOffset="0" BAnchorPoint="1" BAnchorOffset="-5" BGColor="ffffffff" Font="Default" TextColor="ffffffff" Text="" Sprite="CRB_Basekit:kitBase_HoloBlue_SmallGreenCorners" Line="0"/>
                    <Pixie LAnchorPoint=".5" LAnchorOffset="-89" TAnchorPoint="0" TAnchorOffset="2" RAnchorPoint=".5" RAnchorOffset="90" BAnchorPoint="1" BAnchorOffset="0" BGColor="ffffffff" Font="Default" TextColor="ffffffff" Text="" Sprite="kitInnerFrame_Holo_DownArrow" Line="0"/>
                    <Pixie LAnchorPoint="0" LAnchorOffset="12" TAnchorPoint="0" TAnchorOffset="8" RAnchorPoint="1" RAnchorOffset="-12" BAnchorPoint="0" BAnchorOffset="28" BGColor="ffffffff" Font="CRB_InterfaceMedium_B" TextColor="UI_TextHoloTitle" Text="" TextId="Friends_ModifyPlayer" Line="0"/>
                    <Pixie LAnchorPoint="0" LAnchorOffset="15" TAnchorPoint="0" TAnchorOffset="74" RAnchorPoint="1" RAnchorOffset="-15" BAnchorPoint="1" BAnchorOffset="-17" BGColor="ffffffff" Font="Default" TextColor="ffffffff" Text="" Sprite="CRB_Basekit:kitInnerFrame_Holo_InputBox" Line="0"/>
                </Control>
            </Control>
            <Control Class="Button" Base="CRB_Basekit:kitBtn_Holo" Font="CRB_InterfaceSmall_O" ButtonType="PushButton" RadioGroup="RosterOptions_MemberOptionsRadioGroup" LAnchorPoint=".5" LAnchorOffset="-50" TAnchorPoint="0" TAnchorOffset="0" RAnchorPoint=".5" RAnchorOffset="50" BAnchorPoint="1" BAnchorOffset="0" DT_VCENTER="1" DT_CENTER="1" Name="WhisperBtn" BGColor="ffffffff" TextColor="ffffffff" NormalTextColor="UI_BtnTextHoloNormal" PressedTextColor="UI_BtnTextHoloPressed" FlybyTextColor="UI_BtnTextHoloFlyby" PressedFlybyTextColor="UI_BtnTextHoloPressedFlyby" DisabledTextColor="UI_BtnTextHoloDisabled" Text="" TextId="ChatType_Tell" Visible="1" GlobalRadioGroup="" LeftEdgeControlsAnchor="" RelativeToClient="1" TooltipColor="" HideInEditor="0">
                <Event Name="ButtonSignal" Function="OnWhisperBtn"/>
            </Control>
            <Control Class="Button" Base="CRB_Basekit:kitBtn_Holo" Font="CRB_InterfaceSmall_O" ButtonType="Check" RadioGroup="RosterOptions_MemberOptionsRadioGroup" LAnchorPoint=".5" LAnchorOffset="53" TAnchorPoint="0" TAnchorOffset="0" RAnchorPoint=".5" RAnchorOffset="153" BAnchorPoint="1" BAnchorOffset="0" DT_VCENTER="1" DT_CENTER="1" Name="VisitBtn" BGColor="ffffffff" TextColor="ffffffff" NormalTextColor="UI_BtnTextHoloNormal" PressedTextColor="UI_BtnTextHoloPressed" FlybyTextColor="UI_BtnTextHoloFlyby" PressedFlybyTextColor="UI_BtnTextHoloPressedFlyby" DisabledTextColor="UI_BtnTextHoloDisabled" Text="" TextId="CRB_Visit" Visible="1" GlobalRadioGroup="" LeftEdgeControlsAnchor="" RelativeToClient="1" TooltipColor="" HideInEditor="0">
                <Event Name="ButtonCheck" Function="OnVisitBtn"/>
                <Control Class="Window" LAnchorPoint="0.5" LAnchorOffset="-92" TAnchorPoint="1" TAnchorOffset="-108" RAnchorPoint="0.5" RAnchorOffset="92" BAnchorPoint="1" BAnchorOffset="-15" RelativeToClient="1" Font="Default" Text="" Template="Default" Name="VisitWindow" BGColor="ffffffff" TextColor="ffffffff" Picture="0" IgnoreMouse="1" Sprite="" Visible="0" HideInEditor="0" NoClip="1" CloseOnExternalClick="1" TooltipColor="">
                    <Control Class="Button" Base="CRB_ChallengeTrackerSprites:btnChallengeClose" Font="Thick" ButtonType="PushButton" RadioGroup="" LAnchorPoint="1" LAnchorOffset="-25" TAnchorPoint="0" TAnchorOffset="7" RAnchorPoint="1" RAnchorOffset="-7" BAnchorPoint="0" BAnchorOffset="25" DT_VCENTER="1" DT_CENTER="1" Name="VisitCloseBtn" BGColor="ffffffff" TextColor="ffffffff" NormalTextColor="ffffffff" PressedTextColor="ffffffff" FlybyTextColor="ffffffff" PressedFlybyTextColor="ffffffff" DisabledTextColor="ffffffff" Text="" TooltipColor="">
                        <Event Name="ButtonSignal" Function="OnSubCloseBtn"/>
                    </Control>
                    <Control Class="Button" Base="CRB_Basekit:kitBtn_Holo" Font="CRB_InterfaceMedium_B" ButtonType="PushButton" RadioGroup="" LAnchorPoint="0" LAnchorOffset="10" TAnchorPoint="1" TAnchorOffset="-56" RAnchorPoint="0.5" RAnchorOffset="-3" BAnchorPoint="1" BAnchorOffset="-24" DT_VCENTER="1" DT_CENTER="1" Name="VisitConfirmBtn" BGColor="ffffffff" TextColor="ffffffff" NormalTextColor="UI_BtnTextHoloNormal" PressedTextColor="UI_BtnTextHoloPressed" FlybyTextColor="UI_BtnTextHoloFlyby" PressedFlybyTextColor="UI_BtnTextHoloPressedFlyby" DisabledTextColor="UI_BtnTextHoloDisabled" Text="" TextId="Yes" TooltipColor="">
                        <Event Name="ButtonSignal" Function="OnVisitConfirmBtn"/>
                    </Control>
                    <Control Class="Button" Base="CRB_Basekit:kitBtn_Holo" Font="CRB_InterfaceMedium_B" ButtonType="PushButton" RadioGroup="" LAnchorPoint="0.5" LAnchorOffset="3" TAnchorPoint="1" TAnchorOffset="-56" RAnchorPoint="1" RAnchorOffset="-10" BAnchorPoint="1" BAnchorOffset="-24" DT_VCENTER="1" DT_CENTER="1" Name="VisitNoBtn" BGColor="ffffffff" TextColor="ffffffff" NormalTextColor="UI_BtnTextHoloNormal" PressedTextColor="UI_BtnTextHoloPressed" FlybyTextColor="UI_BtnTextHoloFlyby" PressedFlybyTextColor="UI_BtnTextHoloPressedFlyby" DisabledTextColor="UI_BtnTextHoloDisabled" Text="" TextId="No" TooltipColor="">
                        <Event Name="ButtonSignal" Function="OnSubCloseBtn"/>
                    </Control>
                    <Pixie LAnchorPoint="0" LAnchorOffset="0" TAnchorPoint="0" TAnchorOffset="0" RAnchorPoint="1" RAnchorOffset="0" BAnchorPoint="1" BAnchorOffset="-5" BGColor="ffffffff" Font="Default" TextColor="ffffffff" Text="" Sprite="CRB_Basekit:kitBase_HoloBlue_SmallGreenCorners" Line="0"/>
                    <Pixie LAnchorPoint="0" LAnchorOffset="2" TAnchorPoint="0" TAnchorOffset="2" RAnchorPoint="1" RAnchorOffset="-2" BAnchorPoint="1" BAnchorOffset="0" BGColor="ffffffff" Font="Default" TextColor="ffffffff" Text="" Sprite="kitInnerFrame_Holo_DownArrow" Line="0"/>
                    <Pixie LAnchorPoint="0" LAnchorOffset="12" TAnchorPoint="0" TAnchorOffset="8" RAnchorPoint="1" RAnchorOffset="-12" BAnchorPoint="0" BAnchorOffset="28" BGColor="ffffffff" Font="CRB_InterfaceMedium_B" TextColor="UI_TextHoloTitle" Text="" TextId="Neighbors_VisitPlayer" Line="0"/>
                </Control>
            </Control>
            <Control Class="Button" Base="CRB_Basekit:kitBtn_Holo" Font="CRB_InterfaceSmall_O" ButtonType="PushButton" RadioGroup="RosterOptions_MemberOptionsRadioGroup" LAnchorPoint="1" LAnchorOffset="-51" TAnchorPoint="0" TAnchorOffset="0" RAnchorPoint="1" RAnchorOffset="-21" BAnchorPoint="1" BAnchorOffset="0" DT_VCENTER="1" DT_CENTER="1" Name="RandomBtn" BGColor="ffffffff" TextColor="ffffffff" NormalTextColor="UI_BtnTextHoloNormal" PressedTextColor="UI_BtnTextHoloPressed" FlybyTextColor="UI_BtnTextHoloFlyby" PressedFlybyTextColor="UI_BtnTextHoloPressedFlyby" DisabledTextColor="UI_BtnTextHoloDisabled" Text="" TextId="" Visible="1" GlobalRadioGroup="" LeftEdgeControlsAnchor="" RelativeToClient="1" TooltipColor="white" HideInEditor="0" Tooltip="" TooltipId="Neighbors_RandomTooltip" TooltipFont="CRB_InterfaceMedium" TooltipType="OnCursor" IgnoreTooltipDelay="1">
                <Event Name="ButtonSignal" Function="OnRandomBtn"/>
                <Control Class="Window" LAnchorPoint="0" LAnchorOffset="1" TAnchorPoint="0" TAnchorOffset="1" RAnchorPoint="1" RAnchorOffset="-1" BAnchorPoint="1" BAnchorOffset="-1" RelativeToClient="1" Font="Default" Text="" Template="Default" TooltipType="OnCursor" Name="RandomIcon" BGColor="ffffffff" TextColor="ffffffff" TooltipColor="" Picture="1" IgnoreMouse="1" Sprite="ClientSprites:Icon_Mission_Settler_Posse" NewControlDepth="5"/>
            </Control>
            <Control Class="Button" Base="CRB_Basekit:kitBtn_Holo" Font="CRB_InterfaceSmall_O" ButtonType="PushButton" RadioGroup="RosterOptions_MemberOptionsRadioGroup" LAnchorPoint="1" LAnchorOffset="-87" TAnchorPoint="0" TAnchorOffset="0" RAnchorPoint="1" RAnchorOffset="-57" BAnchorPoint="1" BAnchorOffset="0" DT_VCENTER="1" DT_CENTER="1" Name="TeleportHomeBtn" BGColor="ffffffff" TextColor="ffffffff" NormalTextColor="UI_BtnTextHoloNormal" PressedTextColor="UI_BtnTextHoloPressed" FlybyTextColor="UI_BtnTextHoloFlyby" PressedFlybyTextColor="UI_BtnTextHoloPressedFlyby" DisabledTextColor="UI_BtnTextHoloDisabled" Text="" TextId="" Visible="1" GlobalRadioGroup="" LeftEdgeControlsAnchor="" RelativeToClient="1" TooltipColor="white" HideInEditor="0" Tooltip="" TooltipId="Neighbors_PortHomeTooltip" TooltipFont="CRB_InterfaceMedium" TooltipType="OnCursor" IgnoreTooltipDelay="1">
                <Event Name="ButtonSignal" Function="OnTeleportHomeBtn"/>
                <Control Class="Window" LAnchorPoint="0" LAnchorOffset="3" TAnchorPoint="0" TAnchorOffset="3" RAnchorPoint="1" RAnchorOffset="-3" BAnchorPoint="1" BAnchorOffset="-3" RelativeToClient="1" Font="Default" Text="" Template="Default" TooltipType="OnCursor" Name="TeleportHomeIcon" BGColor="66555555" TextColor="ffffffff" TooltipColor="" Picture="1" IgnoreMouse="1" Sprite="ClientSprites:Icon_Mission_Explorer_ExplorerDoor" NewControlDepth="5"/>
            </Control>
            <Control Class="Window" LAnchorPoint="1" LAnchorOffset="-88" TAnchorPoint="0" TAnchorOffset="0" RAnchorPoint="1" RAnchorOffset="-53" BAnchorPoint="1" BAnchorOffset="0" RelativeToClient="1" Font="Default" Text="" Template="Default" TooltipType="OnCursor" Name="HomeDisabledBlocker" BGColor="ffffffff" TextColor="ffffffff" TooltipColor="white" TooltipFont="CRB_InterfaceMedium" Tooltip="" TooltipId="Neighbors_MustBeOnPlot" IgnoreTooltipDelay="1" Picture="1" IgnoreMouse="0" NewWindowDepth="1" Sprite=""/>
            <Control Class="Window" LAnchorPoint="0" LAnchorOffset="334" TAnchorPoint="0" TAnchorOffset="0" RAnchorPoint="0" RAnchorOffset="441" BAnchorPoint="1" BAnchorOffset="0" RelativeToClient="1" Font="Default" Text="" Template="Default" TooltipType="OnCursor" Name="VisitDisabledBlocker" BGColor="ffffffff" TextColor="ffffffff" TooltipColor="white" TooltipFont="CRB_InterfaceMedium" Tooltip="" TooltipId="Neighbors_MustBeOnPlot" IgnoreTooltipDelay="1" Picture="1" IgnoreMouse="0" Sprite="" NewWindowDepth="1"/>
            <Control Class="Window" LAnchorPoint="1" LAnchorOffset="-55" TAnchorPoint="0" TAnchorOffset="0" RAnchorPoint="1" RAnchorOffset="-20" BAnchorPoint="1" BAnchorOffset="0" RelativeToClient="1" Font="Default" Text="" Template="Default" TooltipType="OnCursor" Name="RandomDisabledBlocker" BGColor="ffffffff" TextColor="ffffffff" TooltipColor="white" TooltipFont="CRB_InterfaceMedium" Tooltip="" TooltipId="Neighbors_MustBeOnPlot" IgnoreTooltipDelay="1" Picture="1" IgnoreMouse="0" NewWindowDepth="1" Sprite=""/>
        </Control>
        <Control Class="Window" LAnchorPoint="0" LAnchorOffset="45" TAnchorPoint="1" TAnchorOffset="-43" RAnchorPoint="1" RAnchorOffset="-45" BAnchorPoint="1" BAnchorOffset="10" RelativeToClient="1" Font="Default" Text="" Template="Default" TooltipType="OnCursor" Name="UpdateMessage" BGColor="ffffffff" TextColor="ffffffff" TooltipColor="" IgnoreMouse="1" NoClip="1" TransitionShowHide="1" HideInEditor="0">
            <Control Class="Window" LAnchorPoint="0" LAnchorOffset="20" TAnchorPoint="0" TAnchorOffset="9" RAnchorPoint="1" RAnchorOffset="-19" BAnchorPoint="0" BAnchorOffset="39" RelativeToClient="1" Font="CRB_InterfaceMedium" Text="" Template="Default" TooltipType="OnCursor" Name="MessageText" BGColor="ffffffff" TextColor="UI_TextHoloTitle" TooltipColor="" TextId="CRB__exists_but_castbar_not_shown_" DT_VCENTER="1" DT_CENTER="1" DT_WORDBREAK="1"/>
            <Pixie LAnchorPoint="0" LAnchorOffset="0" TAnchorPoint="0" TAnchorOffset="0" RAnchorPoint="1" RAnchorOffset="0" BAnchorPoint="1" BAnchorOffset="0" BGColor="ffffffff" Font="Default" TextColor="ffffffff" Text="" Sprite="CRB_Basekit:kitInnerFrame_Hybrid_ButtonBacker" Line="0"/>
        </Control>
    </Form>
    <Form Class="Window" LAnchorPoint="0.5" LAnchorOffset="-154" TAnchorPoint="0.5" TAnchorOffset="-154" RAnchorPoint="0.5" RAnchorOffset="154" BAnchorPoint="0.5" BAnchorOffset="0" RelativeToClient="1" Font="Default" Text="" Template="Default" Name="NeighborInviteConfirmation" Border="0" Picture="1" SwallowMouseClicks="1" Moveable="1" Escapable="1" Overlapped="1" BGColor="ffffffff" TextColor="ffffffff" IgnoreMouse="1" Sprite="CRB_Basekit:kitBase_Hybrid_Message" TransitionShowHide="1" UseTransitionSprite="0" Visible="0" TooltipColor="" Tooltip="">
        <Control Class="Window" LAnchorPoint="0.5" LAnchorOffset="-114" TAnchorPoint="0" TAnchorOffset="20" RAnchorPoint="0.5" RAnchorOffset="114" BAnchorPoint="0" BAnchorOffset="70" RelativeToClient="1" Font="CRB_InterfaceMedium_B" Text="" Template="Default" Name="NeighborInviteLabel" BGColor="ffffffff" TextColor="ff31fcf6" TextId="CRB__2" DT_WORDBREAK="1" DT_CENTER="1" DT_VCENTER="1" TooltipColor=""/>
        <Control Class="Button" Base="CRB_Basekit:kitBtn_Close" Font="Thick" ButtonType="PushButton" RadioGroup="" LAnchorPoint="1" LAnchorOffset="-36" TAnchorPoint="0" TAnchorOffset="9" RAnchorPoint="1" RAnchorOffset="-9" BAnchorPoint="0" BAnchorOffset="38" DT_VCENTER="1" DT_CENTER="1" Name="NeighborInviteCloseBtn" BGColor="ffffffff" TextColor="ffffffff" NormalTextColor="ffffffff" PressedTextColor="ffffffff" FlybyTextColor="ffffffff" PressedFlybyTextColor="ffffffff" DisabledTextColor="ffffffff" TooltipColor="">
            <Event Name="ButtonSignal" Function="OnNeighborInviteDecline"/>
        </Control>
        <Control Class="Button" Base="CRB_Basekit:kitBtn_Holo" Font="CRB_InterfaceMedium_B" ButtonType="PushButton" RadioGroup="" LAnchorPoint="0" LAnchorOffset="50" TAnchorPoint="1" TAnchorOffset="-77" RAnchorPoint="0.5" RAnchorOffset="-4" BAnchorPoint="1" BAnchorOffset="-32" DT_VCENTER="1" DT_CENTER="1" Name="NeighborInviteYesBtn" BGColor="ffffffff" TextColor="ffffffff" NormalTextColor="ffffffff" PressedTextColor="ffffffff" FlybyTextColor="ffffffff" PressedFlybyTextColor="ffffffff" DisabledTextColor="ffffffff" Text="" TextId="CRB_Accept" TooltipColor="" Tooltip="">
            <Event Name="ButtonSignal" Function="OnNeighborInviteAccept"/>
        </Control>
        <Control Class="Button" Base="CRB_Basekit:kitBtn_Holo" Font="CRB_InterfaceMedium_B" ButtonType="PushButton" RadioGroup="" LAnchorPoint="0.5" LAnchorOffset="4" TAnchorPoint="1" TAnchorOffset="-77" RAnchorPoint="0" RAnchorOffset="258" BAnchorPoint="1" BAnchorOffset="-32" DT_VCENTER="1" DT_CENTER="1" Name="NeighborInviteNoBtn" BGColor="ffffffff" TextColor="ffffffff" NormalTextColor="ffffffff" PressedTextColor="ffffffff" FlybyTextColor="ffffffff" PressedFlybyTextColor="ffffffff" DisabledTextColor="ffffffff" Text="" TextId="CRB_Decline" TooltipColor="">
            <Event Name="ButtonSignal" Function="OnNeighborInviteDecline"/>
        </Control>
        <Event Name="WindowClosed" Function="OnGuildInviteDecline"/>
    </Form>
    <Form Class="Window" LAnchorPoint="0" LAnchorOffset="0" TAnchorPoint="0" TAnchorOffset="0" RAnchorPoint="0" RAnchorOffset="350" BAnchorPoint="0" BAnchorOffset="44" RelativeToClient="1" Font="Default" Text="" Template="Default" TooltipType="OnCursor" Name="RandomFriendForm" Border="0" Picture="0" SwallowMouseClicks="1" Moveable="0" Escapable="0" Overlapped="0" BGColor="ffffffff" TextColor="ffffffff" TooltipColor="" UseTemplateBG="0" Sprite="CRB_Basekit:kitBase_HoloBlue_TinyNoGlow" Tooltip="">
        <Control Class="Button" Base="CRB_Basekit:kitBtn_List_Holo" Font="Thick" ButtonType="Check" RadioGroup="" LAnchorPoint="0" LAnchorOffset="0" TAnchorPoint="0" TAnchorOffset="0" RAnchorPoint="1" RAnchorOffset="0" BAnchorPoint="1" BAnchorOffset="0" DT_VCENTER="1" DT_CENTER="1" TooltipType="OnCursor" Name="FriendBtn" BGColor="ffffffff" TextColor="ffffffff" TooltipColor="" NormalTextColor="ffffffff" PressedTextColor="ffffffff" FlybyTextColor="ffffffff" PressedFlybyTextColor="ffffffff" DisabledTextColor="ffffffff" Text="">
            <Event Name="ButtonCheck" Function="OnRandomFriendBtn"/>
            <Event Name="ButtonUncheck" Function="OnRandomFriendBtnUncheck"/>
        </Control>
        <Control Class="Window" LAnchorPoint="0" LAnchorOffset="10" TAnchorPoint="0" TAnchorOffset="2" RAnchorPoint="0" RAnchorOffset="258" BAnchorPoint=".5" BAnchorOffset="2" RelativeToClient="1" Font="CRB_InterfaceMedium" Text="MMMMMMMMMMMMMMMMMMMM" Template="Default" TooltipType="OnCursor" Name="PropertyName" BGColor="ffffffff" TextColor="UI_TextHoloBodyHighlight" TooltipColor="" DT_RIGHT="0" DT_WORDBREAK="1" TextId="" IgnoreMouse="1" DT_VCENTER="1" NewControlDepth="2" Tooltip="" TooltipId="Friends_BlockBtnTooltip"/>
        <Control Class="Window" LAnchorPoint="0" LAnchorOffset="10" TAnchorPoint=".5" TAnchorOffset="-2" RAnchorPoint="0" RAnchorOffset="335" BAnchorPoint="1" BAnchorOffset="-2" RelativeToClient="1" Font="CRB_InterfaceMedium" Text="MMMMMMMMMMMMMMMMMMMM" Template="Default" TooltipType="OnCursor" Name="PlayerName" BGColor="ffffffff" TextColor="UI_BtnTextHoloNormal" TooltipColor="" DT_RIGHT="0" DT_WORDBREAK="1" TextId="" IgnoreMouse="1" DT_VCENTER="1" NewControlDepth="2"/>
    </Form>
    <Form Class="Window" LAnchorPoint="0" LAnchorOffset="0" TAnchorPoint="0" TAnchorOffset="116" RAnchorPoint="0" RAnchorOffset="419" BAnchorPoint="0" BAnchorOffset="598" RelativeToClient="1" Font="Default" Text="" Template="Default" Name="RandomFriendsForm" Border="0" Picture="0" SwallowMouseClicks="1" Moveable="1" Escapable="1" Overlapped="1" BGColor="ffffffff" TextColor="ffffffff" TextId="" Visible="0" TooltipColor="" Tooltip="">
        <Control Class="Window" LAnchorPoint="0" LAnchorOffset="0" TAnchorPoint="0" TAnchorOffset="0" RAnchorPoint="1" RAnchorOffset="0" BAnchorPoint="1" BAnchorOffset="0" RelativeToClient="1" Font="Default" Text="" Template="Default" Name="BGArt" BGColor="ffffffff" TextColor="ffffffff" Sprite="kitHeader_Hybrid_Topper" Picture="0" IgnoreMouse="1" NewControlDepth="1" TooltipColor="">
            <Control Class="Button" Base="CRB_Basekit:kitBtn_Close" Font="Thick" ButtonType="PushButton" RadioGroup="" LAnchorPoint="1" LAnchorOffset="-36" TAnchorPoint="0" TAnchorOffset="9" RAnchorPoint="1" RAnchorOffset="-9" BAnchorPoint="0" BAnchorOffset="38" DT_VCENTER="1" DT_CENTER="1" Name="CloseBtn" BGColor="ffffffff" TextColor="ffffffff" NormalTextColor="ffffffff" PressedTextColor="ffffffff" FlybyTextColor="ffffffff" PressedFlybyTextColor="ffffffff" DisabledTextColor="ffffffff" Text="" TooltipColor="">
                <Event Name="ButtonSignal" Function="OnRandomFriendClose"/>
            </Control>
            <Pixie LAnchorPoint="0" LAnchorOffset="20" TAnchorPoint="0" TAnchorOffset="12" RAnchorPoint="1" RAnchorOffset="-19" BAnchorPoint="1" BAnchorOffset="-15" BGColor="f0ffffff" Font="Default" TextColor="ffffffff" Text="" Sprite="CRB_Basekit:kitBase_HoloTeal_NoBorder" Line="0"/>
            <Pixie LAnchorPoint="0" LAnchorOffset="20" TAnchorPoint="0" TAnchorOffset="16" RAnchorPoint="1" RAnchorOffset="-20" BAnchorPoint="0" BAnchorOffset="58" BGColor="ffffffff" Font="Default" TextColor="ffffffff" Text="" Sprite="CRB_Basekit:kitHeader_HoloHexesAccent_Title" Line="0"/>
            <Pixie LAnchorPoint="0" LAnchorOffset="16" TAnchorPoint="1" TAnchorOffset="-72" RAnchorPoint="1" RAnchorOffset="-15" BAnchorPoint="1" BAnchorOffset="-52" BGColor="ffffffff" Font="Default" TextColor="ffffffff" Text="" Sprite="CRB_Basekit:kitDivider_Horiz_HoloDashed" Line="0"/>
            <Pixie LAnchorPoint="0" LAnchorOffset="0" TAnchorPoint="0" TAnchorOffset="0" RAnchorPoint="1" RAnchorOffset="0" BAnchorPoint="1" BAnchorOffset="0" BGColor="ffffffff" Font="Default" TextColor="ffffffff" Text="" Sprite="CRB_Basekit:kitInnerFrame_MetalGrey_Large" Line="0"/>
            <Pixie LAnchorPoint="0" LAnchorOffset="100" TAnchorPoint="0" TAnchorOffset="24" RAnchorPoint="1" RAnchorOffset="-100" BAnchorPoint="0" BAnchorOffset="46" BGColor="ffffffff" Font="CRB_InterfaceMedium" TextColor="UI_TextHoloTitle" Text="" TextId="Neighbors_PropertiesAvailableToVisit" DT_CENTER="1" DT_VCENTER="1" Line="0"/>
        </Control>
        <Control Class="Window" LAnchorPoint="0" LAnchorOffset="45" TAnchorPoint="0" TAnchorOffset="66" RAnchorPoint="1" RAnchorOffset="-45" BAnchorPoint="0" BAnchorOffset="106" RelativeToClient="1" Font="Default" Text="" Template="Default" TooltipType="OnCursor" Name="TabContainer" BGColor="white" TextColor="ffffffff" TooltipColor="" NewControlDepth="10"/>
        <Control Class="Window" LAnchorPoint="0" LAnchorOffset="28" TAnchorPoint="0" TAnchorOffset="58" RAnchorPoint="1" RAnchorOffset="-28" BAnchorPoint="1" BAnchorOffset="-77" RelativeToClient="1" Font="Default" Text="" Template="CRB_Scroll_HoloSmall" TooltipType="OnCursor" Name="ListContainer" BGColor="ffffffff" TextColor="ffffffff" TooltipColor="" VScroll="1" IgnoreMouse="1" NewControlDepth="10"/>
        <Control Class="Window" LAnchorPoint="0" LAnchorOffset="15" TAnchorPoint="1" TAnchorOffset="-54" RAnchorPoint="1" RAnchorOffset="-17" BAnchorPoint="1" BAnchorOffset="-24" RelativeToClient="1" Font="Default" Text="" Template="Default" Name="Controls" BGColor="ffffffff" TextColor="ffffffff" TooltipColor="" Tooltip="" HideInEditor="0" NewControlDepth="1" IgnoreMouse="1" NewWindowDepth="1" Visible="1">
            <Control Class="Button" Base="CRB_Basekit:kitBtn_Holo" Font="CRB_InterfaceSmall_O" ButtonType="Check" RadioGroup="RosterOptions_MemberOptionsRadioGroup" LAnchorPoint=".5" LAnchorOffset="-115" TAnchorPoint="0" TAnchorOffset="0" RAnchorPoint=".5" RAnchorOffset="115" BAnchorPoint="1" BAnchorOffset="0" DT_VCENTER="1" DT_CENTER="1" Name="VisitRandomBtn" BGColor="ffffffff" TextColor="ffffffff" NormalTextColor="UI_BtnTextHoloNormal" PressedTextColor="UI_BtnTextHoloPressed" FlybyTextColor="UI_BtnTextHoloFlyby" PressedFlybyTextColor="UI_BtnTextHoloPressedFlyby" DisabledTextColor="UI_BtnTextHoloDisabled" Text="" TextId="CRB_Visit" Visible="1" GlobalRadioGroup="" LeftEdgeControlsAnchor="" RelativeToClient="1" TooltipColor="" HideInEditor="0">
                <Event Name="ButtonCheck" Function="OnVisitRandomBtn"/>
                <Control Class="Window" LAnchorPoint="0.5" LAnchorOffset="-92" TAnchorPoint="1" TAnchorOffset="-118" RAnchorPoint="0.5" RAnchorOffset="92" BAnchorPoint="1" BAnchorOffset="-25" RelativeToClient="1" Font="Default" Text="" Template="Default" Name="VisitWindow" BGColor="ffffffff" TextColor="ffffffff" Picture="0" IgnoreMouse="1" Sprite="" Visible="0" HideInEditor="0" NoClip="1" CloseOnExternalClick="1" TooltipColor="">
                    <Control Class="Button" Base="CRB_ChallengeTrackerSprites:btnChallengeClose" Font="Thick" ButtonType="PushButton" RadioGroup="" LAnchorPoint="1" LAnchorOffset="-23" TAnchorPoint="0" TAnchorOffset="6" RAnchorPoint="1" RAnchorOffset="-5" BAnchorPoint="0" BAnchorOffset="24" DT_VCENTER="1" DT_CENTER="1" Name="VisitCloseBtn" BGColor="ffffffff" TextColor="ffffffff" NormalTextColor="ffffffff" PressedTextColor="ffffffff" FlybyTextColor="ffffffff" PressedFlybyTextColor="ffffffff" DisabledTextColor="ffffffff" Text="" TooltipColor="">
                        <Event Name="ButtonSignal" Function="OnSubCloseBtn"/>
                    </Control>
                    <Control Class="Button" Base="CRB_Basekit:kitBtn_Holo" Font="CRB_InterfaceMedium_B" ButtonType="PushButton" RadioGroup="" LAnchorPoint="0" LAnchorOffset="10" TAnchorPoint="1" TAnchorOffset="-56" RAnchorPoint="0.5" RAnchorOffset="-3" BAnchorPoint="1" BAnchorOffset="-24" DT_VCENTER="1" DT_CENTER="1" Name="VisitConfirmBtn" BGColor="ffffffff" TextColor="ffffffff" NormalTextColor="UI_BtnTextHoloNormal" PressedTextColor="UI_BtnTextHoloPressed" FlybyTextColor="UI_BtnTextHoloFlyby" PressedFlybyTextColor="UI_BtnTextHoloPressedFlyby" DisabledTextColor="UI_BtnTextHoloDisabled" Text="" TextId="Yes" TooltipColor="">
                        <Event Name="ButtonSignal" Function="OnVisitRandomConfirmBtn"/>
                    </Control>
                    <Control Class="Button" Base="CRB_Basekit:kitBtn_Holo" Font="CRB_InterfaceMedium_B" ButtonType="PushButton" RadioGroup="" LAnchorPoint="0.5" LAnchorOffset="3" TAnchorPoint="1" TAnchorOffset="-56" RAnchorPoint="1" RAnchorOffset="-10" BAnchorPoint="1" BAnchorOffset="-24" DT_VCENTER="1" DT_CENTER="1" Name="VisitNoBtn" BGColor="ffffffff" TextColor="ffffffff" NormalTextColor="UI_BtnTextHoloNormal" PressedTextColor="UI_BtnTextHoloPressed" FlybyTextColor="UI_BtnTextHoloFlyby" PressedFlybyTextColor="UI_BtnTextHoloPressedFlyby" DisabledTextColor="UI_BtnTextHoloDisabled" Text="" TextId="No" TooltipColor="">
                        <Event Name="ButtonSignal" Function="OnSubCloseBtn"/>
                    </Control>
                    <Pixie LAnchorPoint="0" LAnchorOffset="0" TAnchorPoint="0" TAnchorOffset="0" RAnchorPoint="1" RAnchorOffset="0" BAnchorPoint="1" BAnchorOffset="-5" BGColor="ffffffff" Font="Default" TextColor="ffffffff" Text="" Sprite="CRB_Basekit:kitBase_HoloBlue_SmallGreenCorners" Line="0"/>
                    <Pixie LAnchorPoint="0" LAnchorOffset="2" TAnchorPoint="0" TAnchorOffset="2" RAnchorPoint="1" RAnchorOffset="-2" BAnchorPoint="1" BAnchorOffset="0" BGColor="ffffffff" Font="Default" TextColor="ffffffff" Text="" Sprite="kitInnerFrame_Holo_DownArrow" Line="0"/>
                    <Pixie LAnchorPoint="0" LAnchorOffset="10" TAnchorPoint="0" TAnchorOffset="8" RAnchorPoint="1" RAnchorOffset="-14" BAnchorPoint="0" BAnchorOffset="28" BGColor="ffffffff" Font="CRB_InterfaceMedium_B" TextColor="UI_TextHoloTitle" Text="" TextId="Neighbors_VisitPlayer" Line="0"/>
                </Control>
            </Control>
        </Control>
    </Form>
</Forms>
