<?xml version="1.0" ?>
<Forms>
    <Form Name="GroupHud" LAnchorPoint="0" LAnchorOffset="0" TAnchorPoint="0" TAnchorOffset="150" RAnchorPoint="0" RAnchorOffset="300" BAnchorPoint="0" BAnchorOffset="516" Class="Window" VScroll="0" HScroll="0" Moveable="1" BGColor="white" TextColor="UI_TextMetalGold" LeftEdgeControlsAnchor="GroupFrame_GroupHud_Left" TopEdgeControlsAnchor="GroupFrame_GroupHud_Top" RightEdgeControlsAnchor="" BottomEdgeControlsAnchor="GroupFrame_GroupHud_Bottom" Overlapped="1" DoNotBlockTooltip="1" IgnoreMouse="1" TransitionShowHide="0" Text="" TextId="" Visible="0" TooltipColor="" Tooltip="" RelativeToClient="1">
        <Control Class="Window" LAnchorPoint="0" LAnchorOffset="8" TAnchorPoint="0" TAnchorOffset="40" RAnchorPoint="1" RAnchorOffset="-8" BAnchorPoint="1" BAnchorOffset="-8" RelativeToClient="1" Font="Default" Text="" Template="Default" TooltipType="OnCursor" Name="GroupArrangeVert" BGColor="white" TextColor="white" TooltipColor="" Tooltip="">
            <Control Class="Window" LAnchorPoint="0" LAnchorOffset="0" TAnchorPoint="0" TAnchorOffset="0" RAnchorPoint="1" RAnchorOffset="0" BAnchorPoint="1" BAnchorOffset="0" RelativeToClient="1" Font="Default" Text="" Template="Default" Name="GroupPortraitContainer" BGColor="white" TextColor="white" IgnoreMouse="1" TooltipColor=""/>
            <Control Class="Window" LAnchorPoint="0" LAnchorOffset="0" TAnchorPoint="0" TAnchorOffset="0" RAnchorPoint="1" RAnchorOffset="0" BAnchorPoint="0" BAnchorOffset="65" RelativeToClient="1" Font="Default" Text="" Template="Default" Name="GroupHudMessage" BGColor="white" TextColor="white" IgnoreMouse="1" NoClip="1" Visible="0" TransitionShowHide="0" HideInEditor="0" Sprite="" Picture="0" TooltipColor="">
                <Control Class="Window" LAnchorPoint="0" LAnchorOffset="50" TAnchorPoint="0" TAnchorOffset="8" RAnchorPoint="1" RAnchorOffset="-8" BAnchorPoint="1" BAnchorOffset="-8" RelativeToClient="1" Font="CRB_InterfaceSmall" Text="" Template="Default" Name="MessageText" BGColor="white" TextColor="UI_TextHoloBody" TextId="QuestShareReceiveFailMissingPrereq" DT_WORDBREAK="1" DT_VCENTER="1" TooltipColor="" Visible="1"/>
                <Control Class="Window" LAnchorPoint="0" LAnchorOffset="-3" TAnchorPoint="0" TAnchorOffset="-3" RAnchorPoint="1" RAnchorOffset="3" BAnchorPoint="1" BAnchorOffset="3" RelativeToClient="1" Font="Default" Text="" Template="Default" Name="MessageBirthAnimation" BGColor="white" TextColor="white" Picture="1" IgnoreMouse="1" NoClip="1" NewControlDepth="6" TooltipColor="" Sprite="" Visible="1"/>
                <Control Class="Window" LAnchorPoint="0" LAnchorOffset="11" TAnchorPoint="0" TAnchorOffset="12" RAnchorPoint="0" RAnchorOffset="46" BAnchorPoint="1" BAnchorOffset="-16" RelativeToClient="1" Font="Default" Text="" Template="Default" Name="MessageIcon_Sent" BGColor="white" TextColor="white" Picture="1" IgnoreMouse="1" Sprite="ClientSprites:Icon_Windows_UI_NewMail" Visible="0" HideInEditor="1" TooltipColor=""/>
                <Control Class="Window" LAnchorPoint="0" LAnchorOffset="11" TAnchorPoint="0" TAnchorOffset="12" RAnchorPoint="0" RAnchorOffset="47" BAnchorPoint="1" BAnchorOffset="-11" RelativeToClient="1" Font="Default" Text="" Template="Default" Name="MessageIcon_Deny" BGColor="white" TextColor="white" Picture="1" IgnoreMouse="1" Sprite="ClientSprites:LootCloseBox" HideInEditor="1" TooltipColor="" Visible="0"/>
                <Control Class="Window" LAnchorPoint="0" LAnchorOffset="11" TAnchorPoint="0" TAnchorOffset="12" RAnchorPoint="0" RAnchorOffset="47" BAnchorPoint="1" BAnchorOffset="-11" RelativeToClient="1" Font="Default" Text="" Template="Default" Name="MessageIcon_Accept" BGColor="white" TextColor="white" Picture="1" IgnoreMouse="1" Sprite="ClientSprites:Icon_SkillMisc_UI_misc_dshrt" HideInEditor="1" TooltipColor="" Visible="0"/>
                <Control Class="Window" LAnchorPoint="0" LAnchorOffset="11" TAnchorPoint="0" TAnchorOffset="12" RAnchorPoint="0" RAnchorOffset="47" BAnchorPoint="1" BAnchorOffset="-11" RelativeToClient="1" Font="Default" Text="" Template="Default" Name="MessageIcon_Joined" BGColor="white" TextColor="white" Picture="1" IgnoreMouse="1" Sprite="ClientSprites:Icon_SkillMisc_UI_misc_dshrt" HideInEditor="0" TooltipColor="" Visible="0"/>
                <Control Class="Window" LAnchorPoint="0" LAnchorOffset="11" TAnchorPoint="0" TAnchorOffset="12" RAnchorPoint="0" RAnchorOffset="47" BAnchorPoint="1" BAnchorOffset="-11" RelativeToClient="1" Font="Default" Text="" Template="Default" Name="MessageIcon_Left" BGColor="white" TextColor="white" Picture="1" IgnoreMouse="1" Sprite="ClientSprites:Icon_SkillMisc_UI_misc_dshlft" HideInEditor="1" TooltipColor="" Visible="0"/>
                <Control Class="Window" LAnchorPoint="0" LAnchorOffset="11" TAnchorPoint="0" TAnchorOffset="12" RAnchorPoint="0" RAnchorOffset="47" BAnchorPoint="1" BAnchorOffset="-11" RelativeToClient="1" Font="Default" Text="" Template="Default" Name="MessageIcon_Promoted" BGColor="white" TextColor="white" Picture="1" IgnoreMouse="1" Sprite="ClientSprites:CashIcon_Crown" HideInEditor="1" TooltipColor="" Visible="0"/>
                <Control Class="Window" LAnchorPoint="0" LAnchorOffset="11" TAnchorPoint="0" TAnchorOffset="13" RAnchorPoint="0" RAnchorOffset="47" BAnchorPoint="1" BAnchorOffset="-10" RelativeToClient="1" Font="Default" Text="" Template="Default" Name="MessageIcon_Kicked" BGColor="white" TextColor="white" Picture="1" IgnoreMouse="1" Sprite="CRB_GuildSprites:sprGuild_Skull" HideInEditor="1" TooltipColor="" Visible="0"/>
                <Control Class="Window" LAnchorPoint="0" LAnchorOffset="11" TAnchorPoint="0" TAnchorOffset="12" RAnchorPoint="0" RAnchorOffset="47" BAnchorPoint="1" BAnchorOffset="-11" RelativeToClient="1" Font="Default" Text="" Template="Default" Name="MessageIcon_Disbanded" BGColor="white" TextColor="white" Picture="1" IgnoreMouse="1" Sprite="ClientSprites:LootCloseBox" HideInEditor="1" Visible="0" TooltipColor=""/>
                <Control Class="Window" LAnchorPoint="0" LAnchorOffset="11" TAnchorPoint="0" TAnchorOffset="12" RAnchorPoint="0" RAnchorOffset="47" BAnchorPoint="1" BAnchorOffset="-11" RelativeToClient="1" Font="Default" Text="" Template="Default" Name="MessageIcon_Error" BGColor="ConHard" TextColor="white" Picture="1" IgnoreMouse="1" Sprite="ClientSprites:QuestJewel_Offer_Grey" HideInEditor="1" Visible="0" TooltipColor=""/>
                <Pixie LAnchorPoint="0" LAnchorOffset="-5" TAnchorPoint="0" TAnchorOffset="-5" RAnchorPoint="1" RAnchorOffset="5" BAnchorPoint="1" BAnchorOffset="5" BGColor="white" Font="Default" TextColor="white" Text="" Sprite="CRB_Basekit:kitAccent_Frame_OrangeStroke" Line="0"/>
            </Control>
            <Control Class="Window" LAnchorPoint="0" LAnchorOffset="0" TAnchorPoint="0" TAnchorOffset="63" RAnchorPoint="1" RAnchorOffset="0" BAnchorPoint="0" BAnchorOffset="158" RelativeToClient="1" Font="Default" Text="" Template="Default" Name="GroupHudLeaveDialog" BGColor="white" TextColor="white" IgnoreMouse="1" NoClip="1" Visible="0" TransitionShowHide="1" TextId="" HideInEditor="0" Sprite="" Picture="0" TooltipColor="">
                <Control Class="Window" LAnchorPoint="0" LAnchorOffset="2" TAnchorPoint="0" TAnchorOffset="2" RAnchorPoint="1" RAnchorOffset="-2" BAnchorPoint="1" BAnchorOffset="-2" RelativeToClient="1" Font="Default" Text="" Template="Default" Name="GroupHudLeaveDialog" BGColor="white" TextColor="white" Sprite="kitBase_HoloBlue_SmallGreenCorners" Picture="1" IgnoreMouse="1" TooltipColor=""/>
                <Control Class="Window" LAnchorPoint="0" LAnchorOffset="41" TAnchorPoint="0" TAnchorOffset="9" RAnchorPoint="1" RAnchorOffset="-8" BAnchorPoint="0" BAnchorOffset="48" RelativeToClient="1" Font="CRB_InterfaceMedium" Text="" Template="Default" Name="LeaveText" BGColor="white" TextColor="UI_BtnTextRedNormal" TextId="CRB_Are_you_sure_you_want_to_disband_this_group" DT_WORDBREAK="1" DT_VCENTER="1" NewControlDepth="1" TooltipColor=""/>
                <Control Class="Button" Base="BK3:btnHolo_Blue_Small" Font="CRB_Button" ButtonType="PushButton" RadioGroup="" LAnchorPoint="1" LAnchorOffset="-250" TAnchorPoint="0" TAnchorOffset="38" RAnchorPoint="1" RAnchorOffset="-136" BAnchorPoint="0" BAnchorOffset="91" DT_VCENTER="1" DT_CENTER="1" Name="ConfirmLeaveBtn" BGColor="white" TextColor="white" Text="" TextId="CRB_Leave_Group" NormalTextColor="UI_BtnTextBlueNormal" PressedTextColor="UI_BtnTextBluePressed" FlybyTextColor="UI_BtnTextBlueFlyby" PressedFlybyTextColor="UI_BtnTextBluePressedFlyby" DisabledTextColor="UI_BtnTextBlueDisabled" HideInEditor="0" TooltipColor="">
                    <Event Name="ButtonSignal" Function="OnConfirmLeave"/>
                </Control>
                <Control Class="Button" Base="BK3:btnHolo_Blue_Small" Font="CRB_Button" ButtonType="PushButton" RadioGroup="" LAnchorPoint="1" LAnchorOffset="-250" TAnchorPoint="0" TAnchorOffset="38" RAnchorPoint="1" RAnchorOffset="-136" BAnchorPoint="0" BAnchorOffset="91" DT_VCENTER="1" DT_CENTER="1" Name="ConfirmDisbandBtn" BGColor="white" TextColor="white" Text="" TextId="CRB_Disband_Group" NormalTextColor="UI_BtnTextBlueNormal" PressedTextColor="UI_BtnTextBluePressed" FlybyTextColor="UI_BtnTextBlueFlyby" PressedFlybyTextColor="UI_BtnTextBluePressedFlyby" DisabledTextColor="UI_BtnTextBlueDisabled" HideInEditor="0" TooltipColor="">
                    <Event Name="ButtonSignal" Function="OnConfirmDisband"/>
                </Control>
                <Control Class="Button" Base="BK3:btnHolo_Red_Small" Font="CRB_Button" ButtonType="PushButton" RadioGroup="" LAnchorPoint="1" LAnchorOffset="-138" TAnchorPoint="0" TAnchorOffset="39" RAnchorPoint="1" RAnchorOffset="-54" BAnchorPoint="0" BAnchorOffset="92" DT_VCENTER="1" DT_CENTER="1" Name="CancelLeaveBtn" BGColor="white" TextColor="white" Text="" TextId="Cancel" NormalTextColor="UI_BtnTextRedNormal" PressedTextColor="UI_BtnTextRedPressed" FlybyTextColor="UI_BtnTextRedFlyby" PressedFlybyTextColor="UI_BtnTextRedPressedFlyby" DisabledTextColor="UI_BtnTextRedDisabled" HideInEditor="0" TooltipColor="" Visible="1">
                    <Event Name="ButtonSignal" Function="OnCancelLeave"/>
                </Control>
                <Pixie LAnchorPoint="0" LAnchorOffset="9" TAnchorPoint="0" TAnchorOffset="8" RAnchorPoint="0" RAnchorOffset="43" BAnchorPoint="0" BAnchorOffset="38" BGColor="white" Font="Default" TextColor="white" Text="" Sprite="sprDCPP_SolHOKkllIcon" Line="0"/>
            </Control>
        </Control>
        <Control Class="Button" LAnchorPoint="0" LAnchorOffset="146" TAnchorPoint="0" TAnchorOffset="12" RAnchorPoint="0" RAnchorOffset="171" BAnchorPoint="0" BAnchorOffset="37" RelativeToClient="1" Font="Default" Text="" Template="Default" Name="GroupBagBtn" BGColor="white" TextColor="white" Picture="1" NormalTextColor="white" PressedTextColor="white" FlybyTextColor="white" PressedFlybyTextColor="white" DisabledTextColor="white" Base="CRB_Basekit:kitBtn_Holo_IconBase" ButtonType="PushButton" TooltipColor="" GlobalRadioGroup="GroupFrame_OptionsMenu_RadioGroup" RadioGroup="" HideInEditor="0" Visible="0" NoClip="1" WindowSoundTemplate="PushbuttonDigi01" Tooltip="" TooltipId="CRB_MasterLoot_Looter_Window_Title" TooltipType="OnCursor">
            <Event Name="ButtonSignal" Function="OnGroupBagBtn"/>
            <Control Class="Window" LAnchorPoint="0" LAnchorOffset="0" TAnchorPoint="0" TAnchorOffset="2" RAnchorPoint="1" RAnchorOffset="0" BAnchorPoint="1" BAnchorOffset="-2" RelativeToClient="1" Font="Default" Text="" BGColor="UI_WindowBGDefault" TextColor="UI_WindowTextDefault" Template="Default" TooltipType="OnCursor" Name="Window" TooltipColor="" Sprite="CRB_BaseBarSprites:btnHUD_InventoryBagDisabled" Picture="1" IgnoreMouse="1"/>
        </Control>
        <Control Class="Button" LAnchorPoint="0" LAnchorOffset="5" TAnchorPoint="0" TAnchorOffset="-3" RAnchorPoint="0" RAnchorOffset="145" BAnchorPoint="0" BAnchorOffset="50" RelativeToClient="1" Font="Default" Text="" Template="Default" Name="GroupControlsBtn" BGColor="white" TextColor="white" Picture="1" NormalTextColor="white" PressedTextColor="white" FlybyTextColor="white" PressedFlybyTextColor="white" DisabledTextColor="white" Base="BK3:btnHolo_Blue_Small" ButtonType="Check" TooltipColor="" GlobalRadioGroup="GroupFrame_OptionsMenu_RadioGroup" ProcessRightClick="1" HideInEditor="0" Tooltip="" NewWindowDepth="0">
            <Event Name="ButtonCheck" Function="OnGroupControlsCheck"/>
            <Pixie LAnchorPoint="0" LAnchorOffset="13" TAnchorPoint="0.5" TAnchorOffset="-5" RAnchorPoint="0" RAnchorOffset="28" BAnchorPoint="0.5" BAnchorOffset="8" BGColor="white" Font="Default" TextColor="white" Text="" Sprite="CRB_GroupFrame:sprGroup_Btn_OptionsNormal" Line="0"/>
        </Control>
        <Pixie LAnchorPoint="0" LAnchorOffset="0" TAnchorPoint="0" TAnchorOffset="0" RAnchorPoint="1" RAnchorOffset="0" BAnchorPoint="1" BAnchorOffset="0" BGColor="white" Font="Default" TextColor="white" Text="" Sprite="sprGroup_HoloFrame" Line="0"/>
        <Pixie LAnchorPoint="0" LAnchorOffset="160" TAnchorPoint="0" TAnchorOffset="3" RAnchorPoint="0" RAnchorOffset="200" BAnchorPoint="0" BAnchorOffset="43" BGColor="white" Font="Default" TextColor="white" Text="" Sprite="" Line="0"/>
        <Control Class="Window" LAnchorPoint="0" LAnchorOffset="38" TAnchorPoint="0" TAnchorOffset="9" RAnchorPoint="0" RAnchorOffset="140" BAnchorPoint="0" BAnchorOffset="38" RelativeToClient="1" Font="CRB_Button" Text="" Template="Default" TooltipType="OnCursor" Name="GroupNameOverButton" BGColor="white" TextColor="UI_BtnTextBlueNormal" TooltipColor="" Sprite="" TextId="Group_CurrentGroup" DT_VCENTER="1" HideInEditor="0"/>
    </Form>
    <Form Name="GroupPortraitHud" Class="Window" Sprite="GroupFrameSprites:GroupFrameBase" Picture="0" RelativeToClient="1" BGColor="white" TextColor="white" LAnchorPoint="0" LAnchorOffset="0" TAnchorPoint="0" TAnchorOffset="0" RAnchorPoint="0" RAnchorOffset="284" BAnchorPoint="0" BAnchorOffset="39" SwallowMouseClicks="1" Overlapped="1" Text="" TooltipColor="" Tooltip="">
        <Event Name="MenuSelection_Promote" Function="OnPromote"/>
        <Event Name="MenuSelection_Kick" Function="OnKick"/>
        <Event Name="MenuSelection_ShowQuests" Function="OnShowQuests"/>
        <Control Class="Button" Base="CRB_GroupFrame:sprGroup_Btn_Holo" Font="Thick" ButtonType="PushButton" RadioGroup="" LAnchorPoint="0" LAnchorOffset="0" TAnchorPoint="0" TAnchorOffset="0" RAnchorPoint="1" RAnchorOffset="0" BAnchorPoint="0" BAnchorOffset="38" Name="GroupPortraitBtn" BGColor="white" TextColor="white" NormalTextColor="white" PressedTextColor="white" FlybyTextColor="white" PressedFlybyTextColor="white" DisabledTextColor="white" IgnoreMouse="0" RelativeToClient="1" NeverBringToFront="1" TestAlpha="0" TooltipColor="" HideInEditor="1" ProcessRightClick="1">
            <Event Name="ButtonSignal" Function="OnGroupPortraitClick"/>
        </Control>
        <Control Class="Window" LAnchorPoint="0" LAnchorOffset="3" TAnchorPoint="0" TAnchorOffset="3" RAnchorPoint="1" RAnchorOffset="-3" BAnchorPoint="0" BAnchorOffset="33" RelativeToClient="1" Font="Default" Text="" Template="Default" Name="GroupDisabledFrame" BGColor="white" TextColor="white" Sprite="CRB_GroupFrame:sprGroup_HoloInactive" Picture="1" IgnoreMouse="1" HideInEditor="1" Visible="0" TooltipColor=""/>
        <Control Class="Window" Name="Class" Sprite="ClientSprites:Icon_Windows_UI_CRB_Warrior" Picture="1" BGColor="white" TextColor="white" LAnchorPoint="0" LAnchorOffset="4" TAnchorPoint="0" TAnchorOffset="3" RAnchorPoint="0" RAnchorOffset="34" BAnchorPoint="0" BAnchorOffset="33" IgnoreMouse="1" RelativeToClient="1" NewControlDepth="1" TooltipColor=""/>
        <Control Class="Window" LAnchorPoint="0" LAnchorOffset="36" TAnchorPoint="0" TAnchorOffset="10" RAnchorPoint="0" RAnchorOffset="106" BAnchorPoint="0" BAnchorOffset="80" RelativeToClient="1" Font="Default" Text="" Template="Default" Name="PathIcon" BGColor="white" TextColor="white" Sprite="Icon_Windows_UI_CRB_Colonist_Small" Picture="1" IgnoreMouse="1" TooltipColor=""/>
        <Control Class="Window" Name="Leader" Sprite="CRB_GroupFrame:sprGroup_LeaderFrame" Picture="1" BGColor="white" TextColor="white" LAnchorPoint="0" LAnchorOffset="-16" TAnchorPoint="0" TAnchorOffset="-4" RAnchorPoint="0" RAnchorOffset="63" BAnchorPoint="0" BAnchorOffset="40" NoClip="1" NewControlDepth="5" HideInEditor="1" IgnoreMouse="1" TooltipColor="" Tooltip=""/>
        <Control Class="Window" LAnchorPoint="1" LAnchorOffset="-236" TAnchorPoint="0" TAnchorOffset="-3" RAnchorPoint="1" RAnchorOffset="0" BAnchorPoint="1" BAnchorOffset="-3" RelativeToClient="1" Font="Default" Text="" Template="Default" Name="LowHealthFlash" BGColor="white" TextColor="white" Picture="1" IgnoreMouse="1" NoClip="1" Sprite="sprGroup_HealthWarn_Composite" HideInEditor="1" TooltipColor=""/>
        <Control Class="Window" LAnchorPoint="1" LAnchorOffset="-236" TAnchorPoint="0" TAnchorOffset="-3" RAnchorPoint="1" RAnchorOffset="0" BAnchorPoint="1" BAnchorOffset="3" RelativeToClient="1" Font="Default" Text="" Template="Default" Name="DeadIndicator" BGColor="white" TextColor="white" Picture="1" IgnoreMouse="1" Sprite="CRB_GroupFrame:sprGroup_HealthWarn_Dead" Visible="0" HideInEditor="1" NoClip="1" NewWindowDepth="1" TooltipColor=""/>
        <Control Class="Window" LAnchorPoint="0" LAnchorOffset="8" TAnchorPoint="0" TAnchorOffset="-2" RAnchorPoint="0" RAnchorOffset="59" BAnchorPoint="0" BAnchorOffset="36" RelativeToClient="1" Font="Default" Text="" Template="Default" Name="Offline" BGColor="white" TextColor="white" Sprite="sprGroup_Disconnected" Picture="1" IgnoreMouse="1" NewWindowDepth="1" HideInEditor="0" Visible="0" TooltipColor="" Tooltip=""/>
        <Control Class="Window" LAnchorPoint="0" LAnchorOffset="61" TAnchorPoint="0" TAnchorOffset="3" RAnchorPoint="1" RAnchorOffset="-6" BAnchorPoint="0" BAnchorOffset="32" RelativeToClient="1" Font="Default" Text="" Template="Default" Name="GroupPortraitArrangeVert" BGColor="white" TextColor="white" NewControlDepth="1" TooltipColor="" Tooltip="">
            <Control Class="Window" Name="Name" Sprite="" BGColor="white" Font="CRB_InterfaceSmall_O" TextColor="UI_TextHoloTitle" LAnchorPoint="0" LAnchorOffset="1" TAnchorPoint="0" TAnchorOffset="0" RAnchorPoint="1" RAnchorOffset="0" BAnchorPoint="0" BAnchorOffset="14" TextId="Challenges_NoProgress" Text="" IgnoreMouse="1" DT_VCENTER="1" TooltipColor="" Tooltip=""/>
            <Control Class="Window" LAnchorPoint="0" LAnchorOffset="0" TAnchorPoint="0" TAnchorOffset="14" RAnchorPoint="1" RAnchorOffset="0" BAnchorPoint="1" BAnchorOffset="0" RelativeToClient="1" Font="Default" Text="" Template="Default" Name="GroupPortraitHealthBG" BGColor="white" TextColor="white" Sprite="kitIProgBar_Inlay_Base" Picture="1" IgnoreMouse="1" TooltipColor="">
                <Control Class="Window" LAnchorPoint="0" LAnchorOffset="0" TAnchorPoint="0" TAnchorOffset="-3" RAnchorPoint="1" RAnchorOffset="-4" BAnchorPoint="1" BAnchorOffset="0" RelativeToClient="1" Font="Default" Text="" Template="Default" Name="HealthShieldsContainer" BGColor="white" TextColor="white" Sprite="" Picture="1" IgnoreMouse="1" TooltipColor="">
                    <Control Class="ProgressBar" Name="Health" Text="" SetTextToProgress="0" UseValues="0" DT_CENTER="0" DT_VCENTER="1" DT_RIGHT="1" ProgressEmpty="" ProgressFull="kitIProgBar_Hybrid_Fill" BGColor="white" TextColor="white" LAnchorPoint="0" LAnchorOffset="0" TAnchorPoint="0" TAnchorOffset="0" RAnchorPoint="0" RAnchorOffset="217" BAnchorPoint="1" BAnchorOffset="0" ProgressEdgeGlow="GroupFrameSprites:GroupPBCap" IgnoreMouse="1" Picture="0" RelativeToClient="1" NoClip="1" TooltipColor="" BarColor="" Sprite=""/>
                    <Control Class="Window" Text="" LAnchorPoint="0" LAnchorOffset="0" TAnchorPoint="0" TAnchorOffset="-2" RAnchorPoint="0" RAnchorOffset="217" BAnchorPoint="1" BAnchorOffset="2" AutoSetText="0" RelativeToClient="1" ProgressEmpty="" ProgressFull="CRB_ResourceBarSprites:sprRB_ShieldFrame" Name="MaxAbsorbBar" BGColor="white" TextColor="white" IgnoreMouse="1" Visible="0" NewControlDepth="2" LeftEdgeControlsAnchor="" TopEdgeControlsAnchor="" RightEdgeControlsAnchor="" BottomEdgeControlsAnchor="" Picture="1" Sprite="CRB_ResourceBarSprites:sprRB_AbsorbFrame_GroupBase" TooltipColor="" HideInEditor="1" NoClip="1">
                        <Control Class="ProgressBar" LAnchorPoint="0" LAnchorOffset="13" TAnchorPoint="0" TAnchorOffset="5" RAnchorPoint="1" RAnchorOffset="-13" BAnchorPoint="1" BAnchorOffset="-4" RelativeToClient="1" Font="Default" Text="" Template="Default" TooltipType="OnCursor" Name="CurrAbsorbBar" BGColor="white" TextColor="white" IgnoreMouse="1" Visible="1" ProgressFull="sprRB_AbsorbFrame_GroupBar" ProgressEdgeGlow="CRB_Basekit:kitIProgBar_Simple_Cap" EdgeGlow="1" NoClipEdgeGlow="1" NoClip="1" TooltipColor="" BarColor=""/>
                    </Control>
                    <Control Class="Window" Name="MaxShields" Text="" SetTextToProgress="0" UseValues="0" DT_CENTER="0" DT_VCENTER="1" DT_RIGHT="1" ProgressEmpty="" ProgressFull="CRB_Basekit:kitIProgBar_Holo_Base" BGColor="white" TextColor="white" LAnchorPoint="0" LAnchorOffset="0" TAnchorPoint="0" TAnchorOffset="-2" RAnchorPoint="0" RAnchorOffset="217" BAnchorPoint="1" BAnchorOffset="2" ProgressEdgeGlow="GroupFrameSprites:GroupPBCap" IgnoreMouse="1" Picture="1" Visible="0" NoClip="1" RelativeToClient="1" Sprite="CRB_ResourceBarSprites:sprRB_AbsorbFrame_GroupBase" TooltipColor="" BarColor="" NewControlDepth="1" HideInEditor="1">
                        <Control Class="ProgressBar" Name="Shields" Text="" SetTextToProgress="0" UseValues="0" ProgressEmpty="" ProgressFull="CRB_Basekit:kitIProgBar_Simple_Fill" BGColor="white" TextColor="white" LAnchorPoint="0" LAnchorOffset="13" TAnchorPoint="0" TAnchorOffset="5" RAnchorPoint="1" RAnchorOffset="-12" BAnchorPoint="1" BAnchorOffset="-4" ProgressEdgeGlow="CRB_Basekit:kitIProgBar_Simple_Cap" IgnoreMouse="1" Picture="1" NoClip="1" RelativeToClient="1" Sprite="" TooltipColor="" BarColor="" EdgeGlow="1" NoClipEdgeGlow="1"/>
                    </Control>
                </Control>
            </Control>
        </Control>
        <Control Class="Window" Name="Mark" Sprite="Icon_Windows_UI_CRB_Marker_Bomb" Picture="1" BGColor="white" TextColor="white" LAnchorPoint="1" LAnchorOffset="3" TAnchorPoint="0" TAnchorOffset="3" RAnchorPoint="1" RAnchorOffset="33" BAnchorPoint="0" BAnchorOffset="33" IgnoreMouse="1" RelativeToClient="1" NewControlDepth="1" TooltipColor="" Visible="1" HideInEditor="0" NoClip="1"/>
    </Form>
    <Form Class="Window" Name="GroupInviteDialog" LAnchorPoint="0" LAnchorOffset="0" TAnchorPoint=".5" TAnchorOffset="-266" RAnchorPoint="0" RAnchorOffset="459" BAnchorPoint=".5" BAnchorOffset="133" Border="1" Template="Holo_Small" Picture="0" Visible="0" BGColor="white" TextColor="white" SwallowMouseClicks="1" Overlapped="1" UseTemplateBG="1" Moveable="1" TooltipColor="" Tooltip="">
        <Control Class="Window" Name="TimerLabel" LAnchorPoint="1" LAnchorOffset="-59" TAnchorPoint="1" TAnchorOffset="-85" RAnchorPoint="1" RAnchorOffset="-32" BAnchorPoint="1" BAnchorOffset="-52" DT_CENTER="1" DT_VCENTER="1" RelativeToClient="1" TextColor="UI_WindowTitleGray" BGColor="white" TextId="" Font="CRB_InterfaceLarge_B" DT_RIGHT="0" Text="44" TooltipColor="" Visible="0" HideInEditor="1" Tooltip=""/>
        <Control Class="Window" LAnchorPoint="0" LAnchorOffset="60" TAnchorPoint="0" TAnchorOffset="88" RAnchorPoint="1" RAnchorOffset="-59" BAnchorPoint="0" BAnchorOffset="248" RelativeToClient="1" Font="Default" Text="" Template="Default" Name="InviteMemberList" BGColor="white" TextColor="white" Picture="1" IgnoreMouse="1" Sprite="BK3:UI_BK3_Holo_InsetSimple" NewControlDepth="3" TooltipColor=""/>
        <Control Class="Button" Base="BK3:btnHolo_Blue_Med" Font="CRB_Button" ButtonType="PushButton" RadioGroup="" LAnchorPoint="0" LAnchorOffset="79" TAnchorPoint="1" TAnchorOffset="-127" RAnchorPoint="0.5" RAnchorOffset="0" BAnchorPoint="1" BAnchorOffset="-54" DT_VCENTER="1" DT_CENTER="1" TooltipType="OnCursor" Name="YesBtn" BGColor="white" TextColor="white" TooltipColor="" NormalTextColor="UI_BtnTextBlueNormal" PressedTextColor="UI_BtnTextBluePressed" FlybyTextColor="UI_BtnTextBlueFlyby" PressedFlybyTextColor="UI_BtnTextBluePressedFlyby" DisabledTextColor="UI_BtnTextBlueDisabled" Template="Default" Text="" TextId="Yes" RelativeToClient="1" TestAlpha="1">
            <Event Name="ButtonSignal" Function="OnGroupInviteDialogAccept"/>
        </Control>
        <Control Class="Button" Base="BK3:btnHolo_Red_Med" Font="CRB_Button" ButtonType="PushButton" RadioGroup="" LAnchorPoint="0.5" LAnchorOffset="0" TAnchorPoint="1" TAnchorOffset="-127" RAnchorPoint="1" RAnchorOffset="-80" BAnchorPoint="1" BAnchorOffset="-54" DT_VCENTER="1" DT_CENTER="1" TooltipType="OnCursor" Name="NoBtn" BGColor="white" TextColor="white" TooltipColor="" NormalTextColor="UI_BtnTextRedNormal" PressedTextColor="UI_BtnTextRedPressed" FlybyTextColor="UI_BtnTextRedFlyby" PressedFlybyTextColor="UI_BtnTextRedPressedFlyby" DisabledTextColor="UI_BtnTextRedDisabled" Template="Default" Text="" TextId="No" RelativeToClient="1" TestAlpha="1" Visible="1">
            <Event Name="ButtonSignal" Function="OnGroupInviteDialogDecline"/>
        </Control>
        <Control Class="Button" Base="BK3:btnHolo_Close" Font="Thick" ButtonType="PushButton" RadioGroup="" LAnchorPoint="1" LAnchorOffset="-82" TAnchorPoint="0" TAnchorOffset="40" RAnchorPoint="1" RAnchorOffset="-40" BAnchorPoint="0" BAnchorOffset="83" DT_VCENTER="1" DT_CENTER="1" TooltipType="OnCursor" Name="CloseBtn" BGColor="white" TextColor="white" TooltipColor="" NormalTextColor="white" PressedTextColor="white" FlybyTextColor="white" PressedFlybyTextColor="white" DisabledTextColor="white">
            <Event Name="ButtonSignal" Function="OnGroupInviteDialogDecline"/>
        </Control>
        <Control Class="Window" LAnchorPoint="0" LAnchorOffset="0" TAnchorPoint="1" TAnchorOffset="-65" RAnchorPoint="1" RAnchorOffset="0" BAnchorPoint="1" BAnchorOffset="-45" RelativeToClient="1" Font="CRB_InterfaceMedium" Text="" Template="Default" Name="Timer" BGColor="white" TextColor="UI_TextHoloBody" TextId="CRB_Do_you_want_to_join" DT_VCENTER="1" DT_CENTER="1" TooltipColor=""/>
        <Pixie LAnchorPoint="0" LAnchorOffset="0" TAnchorPoint="0" TAnchorOffset="50" RAnchorPoint="1" RAnchorOffset="0" BAnchorPoint="1" BAnchorOffset="0" BGColor="white" Font="CRB_HeaderLarge" TextColor="UI_WindowTitleYellow" TextId="CRB_You_have_been_invited_to_a_group" DT_CENTER="1" DT_VCENTER="0" Line="0"/>
        <Pixie LAnchorPoint="0" LAnchorOffset="0" TAnchorPoint="1" TAnchorOffset="-141" RAnchorPoint="1" RAnchorOffset="0" BAnchorPoint="1" BAnchorOffset="-73" BGColor="white" Font="CRB_InterfaceMedium_B" TextColor="UI_TextHoloTitle" Text="" TextId="CRB_Do_you_want_to_join" DT_CENTER="1" DT_VCENTER="0" Line="0"/>
    </Form>
    <Form Class="Window" LAnchorPoint="0" LAnchorOffset="0" TAnchorPoint="0" TAnchorOffset="1" RAnchorPoint="0" RAnchorOffset="340" BAnchorPoint="0" BAnchorOffset="41" RelativeToClient="1" Font="Default" Text="" Template="" Name="GroupInviteMember" Border="0" Picture="1" SwallowMouseClicks="1" Moveable="0" Escapable="0" Overlapped="1" BGColor="white" TextColor="white" Sprite="" TextId="" TooltipColor="">
        <Control Class="Window" LAnchorPoint="0" LAnchorOffset="59" TAnchorPoint="0" TAnchorOffset="4" RAnchorPoint="1" RAnchorOffset="-21" BAnchorPoint="0" BAnchorOffset="34" RelativeToClient="1" Font="CRB_InterfaceMedium_B" Text="" Template="Default" Name="InviteMemberName" BGColor="white" TextColor="UI_TextHoloTitle" TextId="RaidFrame_MemberName" DT_VCENTER="1" TooltipColor=""/>
        <Control Class="Window" LAnchorPoint="0" LAnchorOffset="6" TAnchorPoint="0" TAnchorOffset="8" RAnchorPoint="0" RAnchorOffset="30" BAnchorPoint="1" BAnchorOffset="-4" RelativeToClient="1" Font="Default" Text="" Template="" Name="InviteMemberClass" BGColor="white" TextColor="white" Picture="1" IgnoreMouse="1" Sprite="" Border="0" UseTemplateBG="0" TooltipColor="" NewControlDepth="1" Tooltip=""/>
        <Control Class="Window" LAnchorPoint="0" LAnchorOffset="31" TAnchorPoint="0" TAnchorOffset="6" RAnchorPoint="0" RAnchorOffset="56" BAnchorPoint="1" BAnchorOffset="-5" RelativeToClient="1" Font="Default" Text="" Template="Default" Name="InviteMemberPathFrame" BGColor="white" TextColor="white" Picture="0" IgnoreMouse="1" Sprite="CRB_GroupSprites:btnGrp_PlayerOptionsBlueDisabled" TooltipColor="">
            <Control Class="Window" LAnchorPoint="0" LAnchorOffset="7" TAnchorPoint="0" TAnchorOffset="3" RAnchorPoint="1" RAnchorOffset="0" BAnchorPoint="1" BAnchorOffset="-4" RelativeToClient="1" Font="Default" Text="" Template="Default" Name="InviteMemberPathIcon" BGColor="white" TextColor="white" Picture="1" IgnoreMouse="1" Sprite="ClientSprites:Icon_Windows_UI_CRB_Explorer" TooltipColor=""/>
        </Control>
        <Control Class="Window" LAnchorPoint="1" LAnchorOffset="-32" TAnchorPoint="0" TAnchorOffset="4" RAnchorPoint="1" RAnchorOffset="-4" BAnchorPoint="0" BAnchorOffset="34" RelativeToClient="1" Font="CRB_HeaderTiny" Text="44" Template="Default" Name="InviteMemberLevel" BGColor="white" TextColor="white" TextId="" DT_VCENTER="1" DT_RIGHT="0" DT_CENTER="1" TooltipColor=""/>
        <Pixie LAnchorPoint="0" LAnchorOffset="0" TAnchorPoint="0" TAnchorOffset="1" RAnchorPoint="1" RAnchorOffset="0" BAnchorPoint="1" BAnchorOffset="0" Sprite="BK3:btnHolo_ListView_MidNormal" BGColor="white" TextColor="black" Rotation="0" Font="Default"/>
    </Form>
    <Form Class="Window" LAnchorPoint="0" LAnchorOffset="0" TAnchorPoint="0" TAnchorOffset="1" RAnchorPoint="0" RAnchorOffset="340" BAnchorPoint="0" BAnchorOffset="41" RelativeToClient="1" Font="Default" Text="" Template="" Name="GroupInviteBlank" Border="0" Picture="1" SwallowMouseClicks="1" Moveable="0" Escapable="0" Overlapped="1" BGColor="UI_TextMetalBody" TextColor="white" Sprite="" TooltipColor="" Tooltip="">
        <Pixie LAnchorPoint="0" LAnchorOffset="0" TAnchorPoint="0" TAnchorOffset="1" RAnchorPoint="1" RAnchorOffset="0" BAnchorPoint="1" BAnchorOffset="0" Sprite="BK3:btnHolo_ListView_MidNormal" BGColor="white" TextColor="black" Rotation="0" Font="Default" Text=""/>
    </Form>
    <Form Class="Window" LAnchorPoint="0" LAnchorOffset="0" TAnchorPoint="0" TAnchorOffset="1" RAnchorPoint="0" RAnchorOffset="340" BAnchorPoint="0" BAnchorOffset="41" RelativeToClient="1" Font="Default" Text="" Template="" Name="GroupInviteLeader" Border="0" Picture="1" SwallowMouseClicks="1" Moveable="0" Escapable="0" Overlapped="1" BGColor="white" TextColor="white" Sprite="" TooltipColor="">
        <Control Class="Window" LAnchorPoint="0" LAnchorOffset="59" TAnchorPoint="0" TAnchorOffset="2" RAnchorPoint="1" RAnchorOffset="-20" BAnchorPoint="0" BAnchorOffset="22" RelativeToClient="1" Font="CRB_InterfaceMedium_B" Text="" Template="Default" Name="InviteMemberName" BGColor="white" TextColor="UI_TextHoloTitle" TextId="CRB_Name_Your_Property" DT_VCENTER="1" TooltipColor=""/>
        <Control Class="Window" LAnchorPoint="0" LAnchorOffset="9" TAnchorPoint="0" TAnchorOffset="8" RAnchorPoint="0" RAnchorOffset="33" BAnchorPoint="1" BAnchorOffset="-8" RelativeToClient="1" Font="Default" Text="" Template="" Name="InviteMemberClass" BGColor="white" TextColor="white" Picture="1" IgnoreMouse="1" Sprite="" Border="0" UseTemplateBG="0" TooltipColor="" NewControlDepth="1"/>
        <Control Class="Window" LAnchorPoint="0" LAnchorOffset="31" TAnchorPoint="0" TAnchorOffset="6" RAnchorPoint="0" RAnchorOffset="56" BAnchorPoint="1" BAnchorOffset="-5" RelativeToClient="1" Font="Default" Text="" Template="Default" Name="InviteMemberPathFrame" BGColor="ConModerate" TextColor="ConModerate" Picture="0" IgnoreMouse="1" Sprite="CRB_GroupSprites:btnGrp_PlayerOptionsBlueDisabled" TooltipColor="">
            <Control Class="Window" LAnchorPoint="0" LAnchorOffset="7" TAnchorPoint="0" TAnchorOffset="3" RAnchorPoint="1" RAnchorOffset="0" BAnchorPoint="1" BAnchorOffset="-4" RelativeToClient="1" Font="Default" Text="" Template="Default" Name="InviteMemberPathIcon" BGColor="white" TextColor="white" Picture="1" IgnoreMouse="1" Sprite="" TooltipColor=""/>
        </Control>
        <Control Class="Window" LAnchorPoint="1" LAnchorOffset="-32" TAnchorPoint="0" TAnchorOffset="4" RAnchorPoint="1" RAnchorOffset="-7" BAnchorPoint="0" BAnchorOffset="35" RelativeToClient="1" Font="CRB_HeaderTiny" Text="44" Template="Default" Name="InviteMemberLevel" BGColor="white" TextColor="white" TextId="" DT_VCENTER="1" DT_RIGHT="0" DT_CENTER="1" TooltipColor="" IgnoreMouse="1" NewWindowDepth="0"/>
        <Pixie LAnchorPoint="0" LAnchorOffset="0" TAnchorPoint="0" TAnchorOffset="1" RAnchorPoint="1" RAnchorOffset="0" BAnchorPoint="1" BAnchorOffset="0" Sprite="BK3:btnHolo_ListView_MidNormal" BGColor="white" TextColor="black" Rotation="0" Font="Default" DT_VCENTER="0" DT_WORDBREAK="1"/>
        <Pixie LAnchorPoint="0" LAnchorOffset="59" TAnchorPoint="0" TAnchorOffset="20" RAnchorPoint="1" RAnchorOffset="-20" BAnchorPoint="0" BAnchorOffset="32" BGColor="white" Font="CRB_InterfaceSmall" TextColor="UI_TextHoloBody" Text="" TextId="CRB_Group_Leader" DT_VCENTER="0" Line="0"/>
    </Form>
    <Form Class="Window" Name="GroupMentorDialog" LAnchorPoint="0" LAnchorOffset="123" TAnchorPoint="0" TAnchorOffset="140" RAnchorPoint="0" RAnchorOffset="582" BAnchorPoint="0" BAnchorOffset="570" Border="1" Template="Holo_Small" Picture="0" Visible="0" BGColor="white" TextColor="white" SwallowMouseClicks="1" Overlapped="1" UseTemplateBG="1" Moveable="1" TooltipColor="" Tooltip="">
        <Control Class="Window" LAnchorPoint="0" LAnchorOffset="59" TAnchorPoint="0" TAnchorOffset="90" RAnchorPoint="1" RAnchorOffset="-60" BAnchorPoint="0" BAnchorOffset="290" RelativeToClient="1" Font="Default" Text="" Template="Default" Name="MentorMemberList" BGColor="white" TextColor="white" Picture="1" IgnoreMouse="1" Sprite="BK3:UI_BK3_Holo_InsetSimple" NewControlDepth="3" TooltipColor=""/>
        <Control Class="Button" Base="BK3:btnHolo_Blue_Med" Font="CRB_Button" ButtonType="PushButton" RadioGroup="" LAnchorPoint="0" LAnchorOffset="39" TAnchorPoint="1" TAnchorOffset="-139" RAnchorPoint=".5" RAnchorOffset="0" BAnchorPoint="1" BAnchorOffset="-66" DT_VCENTER="1" DT_CENTER="1" TooltipType="OnCursor" Name="MentorPlayerBtn" BGColor="white" TextColor="white" TooltipColor="" NormalTextColor="UI_BtnTextHoloNormal" PressedTextColor="UI_BtnTextHoloPressed" FlybyTextColor="UI_BtnTextHoloFlyby" PressedFlybyTextColor="UI_BtnTextHoloPressedFlyby" DisabledTextColor="UI_BtnTextHoloDisabled" Template="Default" Text="" TextId="Group_MentorPlayer" RelativeToClient="1" TestAlpha="1">
            <Event Name="ButtonSignal" Function="OnMentorPlayerBtn"/>
        </Control>
        <Control Class="Button" Base="BK3:btnHolo_Red_Med" Font="CRB_Button" ButtonType="PushButton" RadioGroup="" LAnchorPoint=".5" LAnchorOffset="0" TAnchorPoint="1" TAnchorOffset="-139" RAnchorPoint="1" RAnchorOffset="-40" BAnchorPoint="1" BAnchorOffset="-66" DT_VCENTER="1" DT_CENTER="1" TooltipType="OnCursor" Name="CancelMentoringBtn" BGColor="white" TextColor="white" TooltipColor="" NormalTextColor="UI_BtnTextRedNormal" PressedTextColor="UI_BtnTextRedPressed" FlybyTextColor="UI_BtnTextRedFlyby" PressedFlybyTextColor="UI_BtnTextRedPressedFlyby" DisabledTextColor="UI_BtnTextRedDisabled" Template="Default" Text="" TextId="Group_CancelMentor" RelativeToClient="1" TestAlpha="1">
            <Event Name="ButtonSignal" Function="OnCancelMentoringBtn"/>
        </Control>
        <Control Class="Button" Base="BK3:btnHolo_Close" Font="Thick" ButtonType="PushButton" RadioGroup="" LAnchorPoint="1" LAnchorOffset="-84" TAnchorPoint="0" TAnchorOffset="40" RAnchorPoint="1" RAnchorOffset="-42" BAnchorPoint="0" BAnchorOffset="86" DT_VCENTER="1" DT_CENTER="1" TooltipType="OnCursor" Name="CloseBtn" BGColor="white" TextColor="white" TooltipColor="" NormalTextColor="white" PressedTextColor="white" FlybyTextColor="white" PressedFlybyTextColor="white" DisabledTextColor="white">
            <Event Name="ButtonSignal" Function="OnMentorCloseBtn"/>
        </Control>
        <Control Class="Window" LAnchorPoint="0" LAnchorOffset="58" TAnchorPoint="1" TAnchorOffset="-76" RAnchorPoint="1" RAnchorOffset="-55" BAnchorPoint="1" BAnchorOffset="-44" RelativeToClient="1" Font="CRB_InterfaceMedium" Text="timer" Template="Default" Name="Timer" BGColor="white" TextColor="UI_TextHoloBody" TextId="" DT_VCENTER="1" DT_CENTER="1" TooltipColor=""/>
        <Pixie LAnchorPoint="0" LAnchorOffset="0" TAnchorPoint="0" TAnchorOffset="50" RAnchorPoint="1" RAnchorOffset="0" BAnchorPoint="1" BAnchorOffset="-194" BGColor="white" Font="CRB_HeaderLarge" TextColor="UI_WindowTitleYellow" Text="" TextId="Group_MentorConfirmMessage" DT_CENTER="1" DT_VCENTER="0" Line="0"/>
    </Form>
    <Form Class="Window" LAnchorPoint="0" LAnchorOffset="0" TAnchorPoint="0" TAnchorOffset="1" RAnchorPoint="0" RAnchorOffset="340" BAnchorPoint="0" BAnchorOffset="41" RelativeToClient="1" Font="Default" Text="" Template="" Name="GroupMentorItem" Border="0" Picture="1" SwallowMouseClicks="1" Moveable="0" Escapable="0" Overlapped="1" BGColor="white" TextColor="white" Sprite="" TextId="" TooltipColor="" Tooltip="">
        <Control Class="Button" Base="BK3:btnHolo_ListView_Mid" Font="Thick" ButtonType="Check" RadioGroup="" LAnchorPoint="0" LAnchorOffset="0" TAnchorPoint="0" TAnchorOffset="1" RAnchorPoint="1" RAnchorOffset="0" BAnchorPoint="1" BAnchorOffset="0" DT_VCENTER="1" DT_CENTER="1" TooltipType="OnCursor" Name="MentorMemberBtn" BGColor="white" TextColor="white" TooltipColor="" NormalTextColor="white" PressedTextColor="white" FlybyTextColor="white" PressedFlybyTextColor="white" DisabledTextColor="white" RadioDisallowNonSelection="1" GlobalRadioGroup="Group_MentorPlayers" NeverBringToFront="1">
            <Event Name="ButtonCheck" Function="OnToggleMentorItem"/>
        </Control>
        <Control Class="Window" LAnchorPoint="0" LAnchorOffset="59" TAnchorPoint="0" TAnchorOffset="2" RAnchorPoint="1" RAnchorOffset="-21" BAnchorPoint="0" BAnchorOffset="32" RelativeToClient="1" Font="CRB_InterfaceMedium_B" Text="" Template="Default" Name="MentorMemberName" BGColor="white" TextColor="UI_TextHoloTitle" TextId="" DT_VCENTER="1" TooltipColor="" NewControlDepth="5" IgnoreMouse="1" NewWindowDepth="1"/>
        <Control Class="Window" LAnchorPoint="0" LAnchorOffset="6" TAnchorPoint="0" TAnchorOffset="6" RAnchorPoint="0" RAnchorOffset="30" BAnchorPoint="1" BAnchorOffset="-6" RelativeToClient="1" Font="Default" Text="" Template="" Name="MentorMemberClass" BGColor="white" TextColor="white" Picture="1" IgnoreMouse="1" Sprite="" Border="0" UseTemplateBG="0" TooltipColor="" NewControlDepth="5" NewWindowDepth="1"/>
        <Control Class="Window" LAnchorPoint="0" LAnchorOffset="31" TAnchorPoint="0" TAnchorOffset="6" RAnchorPoint="0" RAnchorOffset="56" BAnchorPoint="1" BAnchorOffset="-5" RelativeToClient="1" Font="Default" Text="" Template="Default" Name="MentorMemberPathFrame" BGColor="white" TextColor="white" Picture="0" IgnoreMouse="1" Sprite="CRB_GroupSprites:btnGrp_PlayerOptionsBlueDisabled" NewControlDepth="5" TooltipColor="">
            <Control Class="Window" LAnchorPoint="0" LAnchorOffset="7" TAnchorPoint="0" TAnchorOffset="4" RAnchorPoint="1" RAnchorOffset="0" BAnchorPoint="0" BAnchorOffset="22" RelativeToClient="1" Font="Default" Text="" Template="Default" Name="MentorMemberPathIcon" BGColor="white" TextColor="white" Picture="1" IgnoreMouse="1" Sprite="ClientSprites:Icon_Windows_UI_CRB_Explorer" TooltipColor="" NewWindowDepth="1"/>
        </Control>
        <Control Class="Window" LAnchorPoint="1" LAnchorOffset="-35" TAnchorPoint="0" TAnchorOffset="4" RAnchorPoint="1" RAnchorOffset="-7" BAnchorPoint="0" BAnchorOffset="34" RelativeToClient="1" Font="CRB_HeaderTiny" Text="44" Template="Default" Name="MentorMemberLevel" BGColor="white" TextColor="white" TextId="" DT_VCENTER="1" DT_RIGHT="0" DT_CENTER="1" TooltipColor="" NewControlDepth="5"/>
    </Form>
    <Form Class="Window" Name="GroupMentorLeftAoIDialog" LAnchorPoint="0" LAnchorOffset="4" TAnchorPoint="0" TAnchorOffset="330" RAnchorPoint="0" RAnchorOffset="454" BAnchorPoint="0" BAnchorOffset="544" Border="1" Template="Holo_Small" Picture="0" Visible="0" BGColor="white" TextColor="white" SwallowMouseClicks="1" Overlapped="1" UseTemplateBG="1" Moveable="1" TooltipColor="" Tooltip="">
        <Control Class="Window" LAnchorPoint="0" LAnchorOffset="60" TAnchorPoint="0" TAnchorOffset="107" RAnchorPoint="1" RAnchorOffset="-60" BAnchorPoint="1" BAnchorOffset="-55" RelativeToClient="1" Font="CRB_InterfaceMedium" Text="timer" Template="Default" Name="Timer" BGColor="white" TextColor="UI_TextHoloBody" TextId="" DT_VCENTER="1" DT_CENTER="1" TooltipColor="" Sprite="BK3:UI_BK3_Holo_InsetSimple" Picture="1" IgnoreMouse="1"/>
        <Control Class="Button" Base="BK3:btnHolo_Close" Font="Thick" ButtonType="PushButton" RadioGroup="" LAnchorPoint="0" LAnchorOffset="367" TAnchorPoint="0" TAnchorOffset="38" RAnchorPoint="0" RAnchorOffset="409" BAnchorPoint="0" BAnchorOffset="82" DT_VCENTER="1" DT_CENTER="1" TooltipType="OnCursor" Name="MentoringAOICloseBtn" BGColor="white" TextColor="white" TooltipColor="" NormalTextColor="white" PressedTextColor="white" FlybyTextColor="white" PressedFlybyTextColor="white" DisabledTextColor="white">
            <Event Name="ButtonSignal" Function="OnMentorAOICloseBtn"/>
        </Control>
        <Pixie LAnchorPoint="0" LAnchorOffset="80" TAnchorPoint="0" TAnchorOffset="34" RAnchorPoint="1" RAnchorOffset="-80" BAnchorPoint=".5" BAnchorOffset="0" BGColor="white" Font="CRB_HeaderLarge" TextColor="UI_WindowTitleYellow" Text="" TextId="Group_MentorLeash" DT_CENTER="1" DT_VCENTER="1" DT_WORDBREAK="1" Line="0"/>
    </Form>
    <Form Name="GroupRequestDialog" Class="Window" LAnchorPoint="0.5" LAnchorOffset="-242" TAnchorPoint="0.5" TAnchorOffset="-224" RAnchorPoint="0.5" RAnchorOffset="165" BAnchorPoint="0.5" BAnchorOffset="-23" Template="Holo_Small" Moveable="0" Border="1" Sprite="" Picture="0" BGOpacity=".5" BGColor="white" TextColor="white" Escapable="0" Overlapped="1" SwallowMouseClicks="1" LeftEdgeControlsAnchor="" AutoFade="0" AutoFadeNC="0" AutoFadeBG="0" UseTemplateBG="1" TooltipColor="" Tooltip="">
        <Control Class="Button" Name="YesButton" LAnchorPoint=".5" LAnchorOffset="-154" TAnchorPoint="1" TAnchorOffset="-118" RAnchorPoint=".5" RAnchorOffset="-4" BAnchorPoint="1" BAnchorOffset="-45" RelativeToClient="1" Font="CRB_Button" Template="CRB_Hologram" BGColor="white" TextColor="white" DT_CENTER="1" DT_VCENTER="1" Base="BK3:btnHolo_Blue_Med" DrawAsCheckbox="0" CheckboxRight="0" NewControlDepth="2" TextId="CRB_Accept" NormalTextColor="UI_TextHoloBody" PressedTextColor="UI_BtnTextHoloPressed" FlybyTextColor="UI_BtnTextHoloFlyby" PressedFlybyTextColor="UI_BtnTextHoloPressedFlyby" DisabledTextColor="UI_BtnTextHoloDisabled" UseTemplateBG="0" Text="" Tooltip="" TooltipColor="">
            <Event Name="ButtonSignal" Function="OnAcceptRequest"/>
        </Control>
        <Control Class="Button" Name="NoButton" LAnchorPoint=".5" LAnchorOffset="1" TAnchorPoint="1" TAnchorOffset="-118" RAnchorPoint=".5" RAnchorOffset="151" BAnchorPoint="1" BAnchorOffset="-46" RelativeToClient="1" Font="CRB_Button" Template="CRB_Hologram" BGColor="white" TextColor="white" DT_CENTER="1" DT_VCENTER="1" TestAlpha="0" NoClip="0" Base="BK3:btnHolo_Red_Med" NewControlDepth="2" TextId="CRB_Deny" NormalTextColor="UI_BtnTextRedNormal" PressedTextColor="UI_BtnTextRedPressed" FlybyTextColor="UI_BtnTextRedFlyby" PressedFlybyTextColor="UI_BtnTextRedPressedFlyby" DisabledTextColor="UI_BtnTextRedDisabled" UseTemplateBG="0" Tooltip="" Text="" TooltipColor="">
            <Event Name="ButtonSignal" Function="OnDenyRequest"/>
        </Control>
        <Control Class="Button" Base="BK3:btnHolo_Close" Font="CRB_InterfaceMedium" ButtonType="PushButton" RadioGroup="" LAnchorPoint="1" LAnchorOffset="-83" TAnchorPoint="0" TAnchorOffset="39" RAnchorPoint="1" RAnchorOffset="-41" BAnchorPoint="0" BAnchorOffset="84" DT_VCENTER="1" DT_CENTER="1" Name="CloseButton" BGColor="white" TextColor="white" Template="" NoClip="1" NewControlDepth="2" NormalTextColor="white" PressedTextColor="white" FlybyTextColor="white" PressedFlybyTextColor="white" DisabledTextColor="white" TooltipColor="">
            <Event Name="ButtonSignal" Function="OnDenyRequest"/>
        </Control>
        <Control Class="Window" LAnchorPoint="0" LAnchorOffset="70" TAnchorPoint="0" TAnchorOffset="37" RAnchorPoint="1" RAnchorOffset="-70" BAnchorPoint="0" BAnchorOffset="81" RelativeToClient="1" Font="CRB_HeaderLarge" Sprite="" Template="" Name="Title" BGColor="white" TextColor="UI_WindowTitleYellow" DT_CENTER="1" DT_RIGHT="0" DT_VCENTER="1" DT_WORDBREAK="1" TextId="CRB_Are_you_really_sure" TooltipColor="" Tooltip=""/>
    </Form>
</Forms>
