<?xml version="1.0" encoding="UTF-8" standalone="yes" ?>
<Forms>
    <Form Class="Window" LAnchorPoint="ResourceBar_Left" LAnchorOffset="41" TAnchorPoint="ActionBar0_Top" TAnchorOffset="-138" RAnchorPoint="ResourceBar_Left" RAnchorOffset="459" BAnchorPoint="ActionBar0_Top" BAnchorOffset="-38" RelativeToClient="1" Font="Default" Text="" Template="Default" TooltipType="OnCursor" Name="SpellslingerResourceForm" Border="0" Picture="1" SwallowMouseClicks="1" Moveable="0" Escapable="0" Overlapped="1" BGColor="ffffffff" TextColor="ffffffff" TooltipColor="" IgnoreMouse="1" Sprite="" Tooltip="" NeverBringToFront="1">
        <Control Class="ProgressBar" Text="" LAnchorPoint="0" LAnchorOffset="36" TAnchorPoint="0" TAnchorOffset="62" RAnchorPoint="0" RAnchorOffset="384" BAnchorPoint="0" BAnchorOffset="83" AutoSetText="0" UseValues="0" RelativeToClient="1" SetTextToProgress="0" DT_CENTER="1" DT_VCENTER="1" ProgressEmpty="" ProgressFull="CRB_Esper:sprEsper_ProgressBar" Name="ManaProgressBar" BGColor="ffffffff" TextColor="ffffffff" TooltipType="OnCursor" IgnoreTooltipDelay="1" TooltipColor="" BarColor="" NewControlDepth="6" IgnoreMouse="1" Picture="1" Sprite="" TooltipFont="CRB_InterfaceSmall_O"/>
        <Control Class="Window" LAnchorPoint="0" LAnchorOffset="54" TAnchorPoint="0" TAnchorOffset="68" RAnchorPoint="0" RAnchorOffset="130" BAnchorPoint="0" BAnchorOffset="82" RelativeToClient="1" Font="CRB_InterfaceSmall" Text="--/--" Template="Default" Name="ManaProgressText" BGColor="ffffffff" TextColor="ffffffff" TextId="" TooltipColor="" NewControlDepth="6"/>
        <Control Class="Window" LAnchorPoint="0" LAnchorOffset="7" TAnchorPoint="0" TAnchorOffset="66" RAnchorPoint="0" RAnchorOffset="29" BAnchorPoint="0" BAnchorOffset="88" RelativeToClient="1" Font="Default" Text="" Template="Default" Name="CombatNoticeLeft" BGColor="ffffffff" TextColor="ffffffff" Picture="1" IgnoreMouse="1" Sprite="CRB_Esper:sprEsper_CombatIndicatorLeft" HideInEditor="0" Visible="0" TooltipColor="" NewControlDepth="6"/>
        <Control Class="Window" LAnchorPoint="1" LAnchorOffset="-26" TAnchorPoint="0" TAnchorOffset="66" RAnchorPoint="1" RAnchorOffset="-4" BAnchorPoint="0" BAnchorOffset="88" RelativeToClient="1" Font="Default" Text="" Template="Default" Name="CombatNoticeRight" BGColor="ffffffff" TextColor="ffffffff" Picture="1" IgnoreMouse="1" Sprite="CRB_Esper:sprEsper_CombatIndicatorLeft" Visible="0" HideInEditor="0" TooltipColor="" NewControlDepth="6"/>
        <Control Class="Window" LAnchorPoint="0.5" LAnchorOffset="-73" TAnchorPoint="1" TAnchorOffset="-100" RAnchorPoint="0.5" RAnchorOffset="63" BAnchorPoint="1" BAnchorOffset="-27" RelativeToClient="1" Font="Default" Text="" Template="Default" TooltipType="OnCursor" Name="SurgeGlowBG" BGColor="ffffffff" TextColor="ffffffff" TooltipColor="" Sprite="sprSpellslinger_TEMP_MainGlow" Picture="1" IgnoreMouse="1" Visible="0" HideInEditor="0"/>
        <Control Class="Window" LAnchorPoint="0.5" LAnchorOffset="-67" TAnchorPoint="1" TAnchorOffset="-98" RAnchorPoint="0.5" RAnchorOffset="55" BAnchorPoint="1" BAnchorOffset="-32" RelativeToClient="1" Font="Default" Text="" Template="Default" TooltipType="OnCursor" Name="SurgeBG" BGColor="ffffffff" TextColor="ffffffff" TooltipColor="" Picture="1" IgnoreMouse="1" Sprite="sprSpellslinger_TEMP_MainFrame" Tooltip="">
            <Control Class="ProgressBar" Text="" LAnchorPoint="0.5" LAnchorOffset="-38" TAnchorPoint="1" TAnchorOffset="-57" RAnchorPoint="0.5" RAnchorOffset="39" BAnchorPoint="1" BAnchorOffset="0" AutoSetText="0" UseValues="0" RelativeToClient="1" SetTextToProgress="0" DT_CENTER="1" DT_VCENTER="1" ProgressEmpty="" ProgressFull="Spellslinger_TEMP:sprSpellslinger_TEMP_RadialProgBar" TooltipType="OnCursor" Name="SurgeProgressBar" BGColor="ffffffff" TextColor="ffffffff" TooltipColor="" BarColor="" Picture="1" Sprite="" RadialBar="1" RadialMin="269.000000" Clockwise="1" RadialMax="270.000000" TooltipFont="CRB_InterfaceSmall_O" ProgressFill=""/>
            <Control Class="Window" LAnchorPoint="0.5" LAnchorOffset="-21" TAnchorPoint="1" TAnchorOffset="-50" RAnchorPoint="0.5" RAnchorOffset="21" BAnchorPoint="1" BAnchorOffset="0" RelativeToClient="1" Font="Default" Text="" Template="Default" TooltipType="OnCursor" Name="SurgeBacker" BGColor="ffffffff" TextColor="ffffffff" TooltipColor="" Sprite="sprSpellslinger_TEMP_BackerPlain" Picture="1" IgnoreMouse="1" Tooltip="" TooltipId="" NewControlDepth="1"/>
            <Control Class="Window" LAnchorPoint="0" LAnchorOffset="0" TAnchorPoint="0" TAnchorOffset="0" RAnchorPoint="1" RAnchorOffset="0" BAnchorPoint="1" BAnchorOffset="0" RelativeToClient="1" Font="Default" Text="" Template="Default" TooltipType="OnCursor" Name="SurgeGlowAnims" BGColor="ffffffff" TextColor="ffffffff" TooltipColor="" HideInEditor="0">
                <Control Class="Window" LAnchorPoint="0.5" LAnchorOffset="-20" TAnchorPoint="0" TAnchorOffset="26" RAnchorPoint="0.5" RAnchorOffset="20" BAnchorPoint="0" BAnchorOffset="66" RelativeToClient="1" Font="Default" Text="" Template="Default" TooltipType="OnCursor" Name="SurgeGlowAnim" BGColor="ffff4444" TextColor="ffffffff" TooltipColor="" Sprite="CRB_Anim_AlertRunner:sprAlert_Anim_CircleRunner" Picture="1" IgnoreMouse="1" Visible="1"/>
                <Control Class="Window" LAnchorPoint="0.5" LAnchorOffset="-30" TAnchorPoint="0" TAnchorOffset="16" RAnchorPoint="0.5" RAnchorOffset="30" BAnchorPoint="0" BAnchorOffset="76" RelativeToClient="1" Font="Default" Text="" Template="Default" TooltipType="OnCursor" Name="SurgeGlowAnim2" BGColor="ffffffff" TextColor="ffffffff" TooltipColor="" Sprite="CRB_MinimapSprites:sprMM_QuestTrackedActivate" Picture="1" IgnoreMouse="1"/>
                <Control Class="Window" LAnchorPoint="0.5" LAnchorOffset="-28" TAnchorPoint="1" TAnchorOffset="-51" RAnchorPoint="0.5" RAnchorOffset="28" BAnchorPoint="1" BAnchorOffset="4" RelativeToClient="1" Font="Default" Text="" Template="Default" TooltipType="OnCursor" Name="SurgeGlowIcon" BGColor="ffffffff" TextColor="ffffffff" TooltipColor="" Sprite="Spellslinger_TEMP:sprSpellslinger_TEMP_ActiveLarge" Picture="1" IgnoreMouse="1" Visible="1" HideInEditor="0" NewControlDepth="1"/>
            </Control>
        </Control>
        <Pixie LAnchorPoint="0" LAnchorOffset="0" TAnchorPoint="1" TAnchorOffset="-75" RAnchorPoint="1" RAnchorOffset="0" BAnchorPoint="1" BAnchorOffset="0" BGColor="ffffffff" Font="Default" TextColor="ffffffff" Text="" Sprite="CRB_Esper:sprEsper_BaseFrame" Line="0"/>
    </Form>
</Forms>
