<?xml version="1.0" encoding="UTF-8" standalone="yes" ?>
<Forms>
    <Form Class="Window" LAnchorPoint="0" LAnchorOffset="-1" TAnchorPoint="1" TAnchorOffset="-51" RAnchorPoint="1" RAnchorOffset="1" BAnchorPoint="1" BAnchorOffset="1" RelativeToClient="1" Font="Default" Text="" Template="Default" Name="BaseBarCornerArt" Border="0" Picture="0" SwallowMouseClicks="1" Moveable="0" Escapable="0" Overlapped="0" BGColor="ffffffff" TextColor="ffffffff" TextId="" TooltipColor="white" Tooltip="" IgnoreMouse="1" Sprite="" TooltipType="OnCursor" TooltipFont="CRB_InterfaceSmall_O" NewWindowDepth="1" Visible="0" NoClip="1" NeverBringToFront="0">
        <Control Class="Window" LAnchorPoint="0.5" LAnchorOffset="-512" TAnchorPoint="1" TAnchorOffset="-25" RAnchorPoint="0.5" RAnchorOffset="512" BAnchorPoint="1" BAnchorOffset="1" RelativeToClient="1" Font="Default" Text="" Template="Default" TooltipType="OnCursor" Name="BottomBarBase" BGColor="ffffffff" TextColor="ffffffff" TooltipColor="" Picture="1" IgnoreMouse="1" Sprite="HUD_BottomBar:spr_HUD_BottomBar_MenuBase" HideInEditor="0" NewWindowDepth="0" Overlapped="0" Tooltip=""/>
        <Control Class="Window" LAnchorPoint="0" LAnchorOffset="-1" TAnchorPoint="1" TAnchorOffset="-51" RAnchorPoint="0.5" RAnchorOffset="-458" BAnchorPoint="1" BAnchorOffset="1" RelativeToClient="1" Font="Default" Text="" Template="Default" TooltipType="OnCursor" Name="BottomBarBaseLeft" BGColor="ffffffff" TextColor="ffffffff" TooltipColor="" Picture="1" IgnoreMouse="1" Sprite="HUD_BottomBar:spr_HUD_BottomBar_MenuBaseLeft" HideInEditor="0" NewWindowDepth="0" Overlapped="0" Tooltip="" NoClip="0"/>
        <Control Class="Window" LAnchorPoint="0.5" LAnchorOffset="458" TAnchorPoint="1" TAnchorOffset="-51" RAnchorPoint="1" RAnchorOffset="1" BAnchorPoint="1" BAnchorOffset="1" RelativeToClient="1" Font="Default" Text="" Template="Default" TooltipType="OnCursor" Name="BottomBarBaseRight" BGColor="ffffffff" TextColor="ffffffff" TooltipColor="" Picture="1" IgnoreMouse="1" Sprite="HUD_BottomBar:spr_HUD_BottomBar_MenuBaseRight" HideInEditor="0" NewWindowDepth="0" Overlapped="0" Tooltip="" NoClip="0"/>
    </Form>
    <Form Class="Window" LAnchorPoint="0" LAnchorOffset="0" TAnchorPoint="1" TAnchorOffset="-52" RAnchorPoint="1" RAnchorOffset="0" BAnchorPoint="1" BAnchorOffset="0" RelativeToClient="1" Font="Default" Text="" Template="Default" Name="BaseBarCornerForm" Border="0" Picture="0" SwallowMouseClicks="1" Moveable="0" Escapable="0" Overlapped="0" BGColor="ffffffff" TextColor="ffffffff" TextId="" TooltipColor="white" Tooltip="" IgnoreMouse="1" Sprite="" TooltipType="OnCursor" TooltipFont="CRB_InterfaceSmall_O" NewWindowDepth="1" Visible="0">
        <Control Class="Button" Base="" Font="CRB_Header9" ButtonType="PushButton" RadioGroup="" LAnchorPoint="0.5" LAnchorOffset="-474" TAnchorPoint="1" TAnchorOffset="-25" RAnchorPoint="0.5" RAnchorOffset="-400" BAnchorPoint="1" BAnchorOffset="-2" DT_VCENTER="0" DT_CENTER="0" BGColor="ffffffff" TextColor="UI_TextHoloBodyCyan" NormalTextColor="UI_TextHoloBodyCyan" PressedTextColor="UI_BtnTextDefault" FlybyTextColor="UI_BtnTextDefault" PressedFlybyTextColor="UI_BtnTextDefault" DisabledTextColor="UI_BtnTextDefault" TooltipType="OnCursor" Name="XPButton" TooltipColor="" DT_RIGHT="1" DT_BOTTOM="1">
            <Event Name="ButtonSignal" Function="OnXpClicked"/>
        </Control>
        <Control Class="Window" LAnchorPoint="0.5" LAnchorOffset="-398" TAnchorPoint="1" TAnchorOffset="-20" RAnchorPoint="0.5" RAnchorOffset="-12" BAnchorPoint="1" BAnchorOffset="1" RelativeToClient="1" Font="Default" Text="" Template="Default" TooltipType="OnCursor" Name="XPBarContainer" BGColor="ffffffff" TextColor="ffffffff" TooltipColor="" Picture="1" IgnoreMouse="1" Sprite="HUD_BottomBar:spr_HUD_BottomBar_XPBase" Tooltip="" NewControlDepth="1" UseParentOpacity="0" HideInEditor="0">
            <Control Class="ProgressBar" LAnchorPoint="0" LAnchorOffset="0" TAnchorPoint="0" TAnchorOffset="0" RAnchorPoint="0" RAnchorOffset="386" BAnchorPoint="0" BAnchorOffset="21" RelativeToClient="1" Font="Default" Text="" Template="Default" Name="RestXPBarFill" BGColor="ffffffff" TextColor="ffffffff" ProgressFull="" Tooltip="" TooltipId="" TooltipType="OnCursor" IgnoreMouse="1" TooltipColor="" BarColor="" Visible="0" HideInEditor="0" TickOn="" Picture="1" Sprite=""/>
            <Control Class="ProgressBar" LAnchorPoint="0" LAnchorOffset="0" TAnchorPoint="0" TAnchorOffset="0" RAnchorPoint="0" RAnchorOffset="386" BAnchorPoint="0" BAnchorOffset="21" RelativeToClient="1" Font="Default" Text="" Template="Default" Name="RestXPBarGoal" BGColor="ffffffff" TextColor="ffffffff" ProgressFull="HUD_BottomBar:spr_HUD_BottomBar_XPRestTarget" Tooltip="" TooltipId="" TooltipType="OnCursor" IgnoreMouse="1" TooltipColor="" ProgressEdgeGlow="" EdgeGlow="1" TickOn="" NewControlDepth="2" BarColor=""/>
            <Control Class="ProgressBar" LAnchorPoint="0" LAnchorOffset="0" TAnchorPoint="0" TAnchorOffset="0" RAnchorPoint="0" RAnchorOffset="386" BAnchorPoint="0" BAnchorOffset="21" RelativeToClient="1" Font="Default" Text="" Template="Default" Name="XPBarFill" BGColor="ffffffff" TextColor="ffffffff" ProgressFull="HUD_BottomBar:spr_HUD_BottomBar_XPFill" TooltipType="OnCursor" Tooltip="" TooltipId="" IgnoreMouse="1" TooltipColor="" ProgressEdgeGlow="" BarColor="" IgnoreTooltipDelay="1" NewControlDepth="1"/>
            <Control Class="ProgressBar" LAnchorPoint="0" LAnchorOffset="0" TAnchorPoint="0" TAnchorOffset="0" RAnchorPoint="0" RAnchorOffset="386" BAnchorPoint="0" BAnchorOffset="21" RelativeToClient="1" Font="Default" Text="" Template="Default" Name="DailyMaxEPBar" BGColor="66ffffff" TextColor="ffffffff" ProgressFull="" Tooltip="" TooltipId="" TooltipType="OnCursor" IgnoreMouse="1" TooltipColor="" ProgressEdgeGlow="" EdgeGlow="1" TickOn="" NewControlDepth="2" BarColor="" Visible="0" HideInEditor="0" ProgressFill=""/>
        </Control>
        <Control Class="Button" Base="" Font="CRB_Header9" ButtonType="PushButton" RadioGroup="" LAnchorPoint="0.5" LAnchorOffset="0" TAnchorPoint="1" TAnchorOffset="-25" RAnchorPoint="0.5" RAnchorOffset="74" BAnchorPoint="1" BAnchorOffset="-2" DT_VCENTER="0" DT_CENTER="0" BGColor="ffffffff" TextColor="UI_TextHoloBodyCyan" NormalTextColor="UI_TextHoloBodyCyan" PressedTextColor="UI_BtnTextDefault" FlybyTextColor="UI_BtnTextDefault" PressedFlybyTextColor="UI_BtnTextDefault" DisabledTextColor="UI_BtnTextDefault" TooltipType="OnCursor" Name="PathButton" TooltipColor="" DT_RIGHT="1" DT_BOTTOM="1">
            <Event Name="ButtonSignal" Function="OnPathClicked"/>
        </Control>
        <Control Class="Window" LAnchorPoint="0.5" LAnchorOffset="72" TAnchorPoint="1" TAnchorOffset="-20" RAnchorPoint="0.5" RAnchorOffset="458" BAnchorPoint="1" BAnchorOffset="1" RelativeToClient="1" Font="Default" Text="" Template="Default" TooltipType="OnCursor" Name="PathBarContainer" BGColor="ffffffff" TextColor="ffffffff" TooltipColor="" Picture="1" IgnoreMouse="1" Sprite="HUD_BottomBar:spr_HUD_BottomBar_XPBase" Tooltip="" NewControlDepth="1" UseParentOpacity="0" HideInEditor="0">
            <Control Class="ProgressBar" LAnchorPoint="0" LAnchorOffset="0" TAnchorPoint="0" TAnchorOffset="0" RAnchorPoint="0" RAnchorOffset="386" BAnchorPoint="0" BAnchorOffset="21" RelativeToClient="1" Font="Default" Text="" Template="Default" Name="PathBarFill" BGColor="ffffffff" TextColor="ffffffff" ProgressFull="HUD_BottomBar:spr_HUD_BottomBar_XPFill" TooltipType="OnCursor" Tooltip="" TooltipId="" IgnoreMouse="1" TooltipColor="" ProgressEdgeGlow="" BarColor="" IgnoreTooltipDelay="1" NewControlDepth="1"/>
        </Control>
        <Control Class="Window" LAnchorPoint="0.5" LAnchorOffset="12" TAnchorPoint="1" TAnchorOffset="-17" RAnchorPoint="0.5" RAnchorOffset="30" BAnchorPoint="1" BAnchorOffset="1" RelativeToClient="1" Font="Default" Text="" Template="Default" TooltipType="OnCursor" Name="PathIcon" BGColor="ffffffff" TextColor="ffffffff" TooltipColor="" Sprite="ClientSprites:Icon_Windows_UI_CRB_Explorer" Picture="1" IgnoreMouse="1" Tooltip=""/>
    </Form>
    <Form Class="Window" LAnchorPoint="1" LAnchorOffset="-50" TAnchorPoint="1" TAnchorOffset="-69" RAnchorPoint="1" RAnchorOffset="9" BAnchorPoint="1" BAnchorOffset="4" RelativeToClient="1" Font="CRB_InterfaceMedium" Sprite="" Text="" Template="Default" Name="InventoryInvokeForm" BGColor="white" TextColor="white" Overlapped="1" LeftEdgeControlsAnchor="InventoryInvoke_Left" TopEdgeControlsAnchor="InventoryInvoke_Top" NewControlDepth="2" NeverBringToFront="1" IgnoreMouse="1" TooltipColor="" Tooltip="" NewWindowDepth="1">
        <Control Class="Button" Base="HUD_BottomBar:btn_HUD_Inventory" Font="CRB_Header9" ButtonType="PushButton" RadioGroup="" LAnchorPoint="1" LAnchorOffset="-57" TAnchorPoint="1" TAnchorOffset="-54" RAnchorPoint="1" RAnchorOffset="-5" BAnchorPoint="1" BAnchorOffset="0" DT_VCENTER="0" DT_CENTER="0" Name="InvokeBtn" BGColor="white" TextColor="white" NeverBringToFront="1" WindowSoundTemplate="Custom" HideInEditor="0" NewControlDepth="2" NormalTextColor="cyan" PressedTextColor="white" FlybyTextColor="white" PressedFlybyTextColor="white" DisabledTextColor="white" TooltipColor="" NoClip="1" TooltipType="OnCursor" Text="" TextId="" ButtonTextXMargin="12" ButtonTextYMargin="8" DT_RIGHT="1">
            <Event Name="ButtonSignal" Function="OnToggleFromDatachronIcon"/>
        </Control>
        <Control Class="Window" LAnchorPoint="1" LAnchorOffset="-280" TAnchorPoint="1" TAnchorOffset="-33" RAnchorPoint="1" RAnchorOffset="-208" BAnchorPoint="1" BAnchorOffset="-2" RelativeToClient="1" Font="CRB_Header9" Template="Default" Name="CountText" BGColor="white" TextColor="UI_TextHoloBodyCyan" Text="" IgnoreMouse="1" TooltipColor="" Tooltip="" DT_RIGHT="1" DT_VCENTER="1" NoClip="1" TextId=""/>
        <Control Class="Window" LAnchorPoint="1" LAnchorOffset="-53" TAnchorPoint="1" TAnchorOffset="-71" RAnchorPoint="1" RAnchorOffset="-2" BAnchorPoint="1" BAnchorOffset="-21" RelativeToClient="1" Font="Default" Text="" Template="Default" Name="QuestItemNotice" BGColor="white" TextColor="white" Picture="1" IgnoreMouse="1" NewControlDepth="8" Sprite="ClientSprites:sprItem_NewQuest" Visible="0" HideInEditor="1" TooltipColor="white" NoClip="1" TooltipType="OnCursor" TooltipFont="CRB_InterfaceMedium" Tooltip="" TooltipId="Inventory_HaveQuestItemTooltip" IgnoreTooltipDelay="1"/>
        <Event Name="MouseButtonUp" Function="OnInvokeFormMouseButtonUp"/>
        <Control Class="CashWindow" LAnchorPoint="1" LAnchorOffset="-208" TAnchorPoint="1" TAnchorOffset="-28" RAnchorPoint="1" RAnchorOffset="-48" BAnchorPoint="1" BAnchorOffset="-8" RelativeToClient="1" Font="CRB_Header9" Sprite="" Text="" Template="OldMetalControl" Name="MainCashWindow" BGColor="white" TextColor="UI_TextHoloBodyCyan" Picture="1" IgnoreMouse="1" DT_VCENTER="0" DT_RIGHT="1" SkipZeroes="1" Visible="1" Tooltip="" TooltipType="OnCursor" TooltipFont="CRB_InterfaceSmall_O" IgnoreTooltipDelay="1" TooltipId="" TooltipColor="" DT_CENTER="0" NoClip="1" DT_BOTTOM="0"/>
    </Form>
</Forms>
