<?xml version="1.0" ?>
<Forms>
    <!-- This window complex acts as a container for the portrait forms.  The lua script hooks them up. -->
    <Form Class="Window" LAnchorPoint=".3" LAnchorOffset="-250" TAnchorPoint=".5" TAnchorOffset="-290" RAnchorPoint=".3" RAnchorOffset="250" BAnchorPoint=".5" BAnchorOffset="285" RelativeToClient="1" Font="Default" Text="" Template="" Name="MacrosWindow" Border="0" Picture="0" SwallowMouseClicks="1" Moveable="1" Escapable="1" Overlapped="1" BGColor="white" TextColor="white" UseTemplateBG="0" VScroll="0" TooltipColor="" Tooltip="">
        <Control Class="Window" LAnchorPoint="0" LAnchorOffset="0" TAnchorPoint="0" TAnchorOffset="0" RAnchorPoint="1" RAnchorOffset="0" BAnchorPoint="1" BAnchorOffset="0" RelativeToClient="1" Font="Default" Text="" Template="Default" TooltipType="OnCursor" Name="BGArt" BGColor="white" TextColor="white" TooltipColor="" Tooltip="">
            <Control Class="Window" LAnchorPoint="0" LAnchorOffset="25" TAnchorPoint="0" TAnchorOffset="69" RAnchorPoint="1" RAnchorOffset="-25" BAnchorPoint="1" BAnchorOffset="-20" RelativeToClient="1" Font="Default" Text="" Template="Holo_Background_General" TooltipType="OnCursor" Name="BGArt_Base" BGColor="white" TextColor="white" TooltipColor="" Picture="1" IgnoreMouse="1" Sprite=""/>
        </Control>
        <Control Class="Window" LAnchorPoint="0" LAnchorOffset="41" TAnchorPoint="0" TAnchorOffset="86" RAnchorPoint="1" RAnchorOffset="-42" BAnchorPoint="1" BAnchorOffset="-102" RelativeToClient="1" Font="Default" Text="" Template="Holo_ScrollList" Name="List" BGColor="white" TextColor="white" Border="1" UseTemplateBG="1" DT_WORDBREAK="1" DT_VCENTER="1" DT_CENTER="1" VScroll="1" TooltipColor="" NewControlDepth="5" IgnoreMouse="1" Picture="0"/>
        <Control Class="Window" LAnchorPoint="0" LAnchorOffset="0" TAnchorPoint="0" TAnchorOffset="0" RAnchorPoint="1" RAnchorOffset="0" BAnchorPoint="1" BAnchorOffset="0" RelativeToClient="1" Font="Default" Text="" Template="Metal_Primary_NoNav" TooltipType="OnCursor" Name="BGArt_Frame" BGColor="white" TextColor="white" TooltipColor="" Picture="1" IgnoreMouse="1" Sprite="" NewControlDepth="1" Border="1" UseTemplateBG="1"/>
        <Control Class="Window" LAnchorPoint=".5" LAnchorOffset="-120" TAnchorPoint="0" TAnchorOffset="24" RAnchorPoint=".5" RAnchorOffset="120" BAnchorPoint="0" BAnchorOffset="60" RelativeToClient="1" Font="CRB_HeaderMedium" Text="" Template="Default" TooltipType="OnCursor" Name="MacroTitle" BGColor="white" TextColor="UI_WindowTitleYellow" TooltipColor="" TextId="CRB_Macros" Visible="1" HideInEditor="0" NewControlDepth="5" DT_CENTER="1" DT_VCENTER="1" Sprite="BK3:sprMetal_Framing_Header" Picture="1" IgnoreMouse="1"/>
        <Control Class="Button" Base="CRB_Basekit:kitBtn_Close" Font="Thick" ButtonType="PushButton" RadioGroup="" LAnchorPoint="1" LAnchorOffset="-51" TAnchorPoint="0" TAnchorOffset="26" RAnchorPoint="1" RAnchorOffset="-23" BAnchorPoint="0" BAnchorOffset="55" DT_VCENTER="1" DT_CENTER="1" Name="OK" BGColor="white" TextColor="white" TextId="" RelativeToClient="1" TooltipColor="" NormalTextColor="white" PressedTextColor="white" FlybyTextColor="white" PressedFlybyTextColor="white" DisabledTextColor="white" NewControlDepth="5" Text="">
            <Event Name="ButtonSignal" Function="OnOK"/>
        </Control>
        <Control Class="Window" LAnchorPoint="0" LAnchorOffset="28" TAnchorPoint="0" TAnchorOffset="480" RAnchorPoint="0" RAnchorOffset="474" BAnchorPoint="1" BAnchorOffset="-25" RelativeToClient="1" Font="Default" Text="" BGColor="UI_WindowBGDefault" TextColor="UI_WindowTextDefault" Template="Default" TooltipType="OnCursor" Name="FooterMetal" TooltipColor="" Sprite="BK3:UI_BK3_Metal_Footer_Large" Picture="1" IgnoreMouse="1"/>
        <Control Class="Button" Base="CRB_Basekit:kitBtn_Metal_LargeGreen" Font="CRB_Button" ButtonType="PushButton" RadioGroup="" LAnchorPoint=".5" LAnchorOffset="-179" TAnchorPoint="1" TAnchorOffset="-82" RAnchorPoint=".5" RAnchorOffset="-59" BAnchorPoint="1" BAnchorOffset="-34" DT_VCENTER="1" DT_CENTER="1" Name="NewMacro" BGColor="white" TextColor="white" TextId="CRB_New" RelativeToClient="1" TooltipColor="" NormalTextColor="UI_BtnTextGreenNormal" PressedTextColor="UI_BtnTextGreenPressed" FlybyTextColor="UI_BtnTextGreenFlyby" PressedFlybyTextColor="UI_BtnTextGreenPressedFlyby" DisabledTextColor="UI_BtnTextGreenDisabled" NewControlDepth="5" Tooltip="">
            <Event Name="ButtonSignal" Function="OnNewMacro"/>
        </Control>
        <Control Class="Button" Base="CRB_Basekit:kitBtn_Metal_LargeRed" Font="CRB_Button" ButtonType="PushButton" RadioGroup="" LAnchorPoint=".5" LAnchorOffset="63" TAnchorPoint="1" TAnchorOffset="-82" RAnchorPoint=".5" RAnchorOffset="183" BAnchorPoint="1" BAnchorOffset="-34" DT_VCENTER="1" DT_CENTER="1" Name="DeleteMacro" BGColor="white" TextColor="white" TextId="CRB_Delete" RelativeToClient="1" TooltipColor="" NormalTextColor="UI_BtnTextRedNormal" PressedTextColor="UI_BtnTextRedPressed" FlybyTextColor="UI_BtnTextRedFlyby" PressedFlybyTextColor="UI_BtnTextRedPressedFlyby" DisabledTextColor="UI_BtnTextRedDisabled" NewControlDepth="5">
            <Event Name="ButtonSignal" Function="OnDeleteMacro"/>
        </Control>
        <Control Class="Button" Base="CRB_Basekit:kitBtn_Metal_LargeBlue" Font="CRB_Button" ButtonType="PushButton" RadioGroup="" LAnchorPoint=".5" LAnchorOffset="-58" TAnchorPoint="1" TAnchorOffset="-82" RAnchorPoint=".5" RAnchorOffset="62" BAnchorPoint="1" BAnchorOffset="-34" DT_VCENTER="1" DT_CENTER="1" Name="EditMacro" BGColor="white" TextColor="white" TextId="CRB_Edit" RelativeToClient="1" TooltipColor="" NormalTextColor="UI_BtnTextBlueNormal" PressedTextColor="UI_BtnTextBluePressed" FlybyTextColor="UI_BtnTextBlueFlyby" PressedFlybyTextColor="UI_BtnTextBluePressedFlyby" DisabledTextColor="UI_BtnTextBlueDisabled" NewControlDepth="5">
            <Event Name="ButtonSignal" Function="OnEditMacro"/>
        </Control>
    </Form>
    <Form Class="Window" LAnchorPoint="0" LAnchorOffset="0" TAnchorPoint="0" TAnchorOffset="0" RAnchorPoint="1" RAnchorOffset="0" BAnchorPoint="0" BAnchorOffset="96" RelativeToClient="1" Font="Default" Text="" Template="" Name="MacroItem" Border="0" Picture="1" SwallowMouseClicks="1" Moveable="0" Escapable="0" Overlapped="0" BGColor="white" TextColor="white" UseTemplateBG="0" LeftEdgeControlsAnchor="" AutoFade="0" AutoFadeBG="0" UseParentOpacity="0" TooltipColor="" Sprite="BK3:btnHolo_ListView_MidNormal" Tooltip="">
        <Control Class="Button" Base="CRB_Basekit:kitBtn_List_Holo" Font="DefaultButton" ButtonType="Check" RadioGroup="" LAnchorPoint="0" LAnchorOffset="0" TAnchorPoint="0" TAnchorOffset="0" RAnchorPoint="1" RAnchorOffset="0" BAnchorPoint="1" BAnchorOffset="0" DT_VCENTER="1" DT_CENTER="1" BGColor="UI_BtnBGDefault" TextColor="UI_BtnTextDefault" NormalTextColor="UI_BtnTextDefault" PressedTextColor="UI_BtnTextDefault" FlybyTextColor="UI_BtnTextDefault" PressedFlybyTextColor="UI_BtnTextDefault" DisabledTextColor="UI_BtnTextDefault" TooltipType="OnCursor" Name="MacroFrame" TooltipColor="" Template="Default" GlobalRadioGroup="Macros_Selection_RDO">
            <Event Name="ButtonCheck" Function="OnMacroSelect"/>
            <Event Name="ButtonUncheck" Function="OnMacroDeselect"/>
        </Control>
        <Control Class="Button" LAnchorPoint="0" LAnchorOffset="-1" TAnchorPoint="0" TAnchorOffset="10" RAnchorPoint="0" RAnchorOffset="71" BAnchorPoint="0" BAnchorOffset="91" RelativeToClient="1" Font="Default" Text="" Template="" Name="Icon" BGColor="white" TextColor="white" Picture="0" Sprite="" ButtonType="PushButton" GlobalRadioGroup="" RadioGroup="" DrawAsCheckbox="0" UseTemplateBG="0" Border="0" ProcessRightClick="1" TooltipColor="" NormalTextColor="white" PressedTextColor="white" FlybyTextColor="white" PressedFlybyTextColor="white" DisabledTextColor="white" NewControlDepth="2" Base="BK3:btnHolo_Blue_Med" NewWindowDepth="1">
            <Event Name="QueryBeginDragDrop" Function="OnQueryBeginDragDrop"/>
            <Event Name="ButtonSignal" Function="OnMacroClick"/>
            <Control Class="Window" LAnchorPoint="0" LAnchorOffset="12" TAnchorPoint="0" TAnchorOffset="16" RAnchorPoint="0" RAnchorOffset="62" BAnchorPoint="0" BAnchorOffset="64" RelativeToClient="1" Font="Default" Text="" Template="Default" TooltipType="OnCursor" Name="IconImage" BGColor="white" TextColor="white" TooltipColor="" Picture="1" IgnoreMouse="1" NewControlDepth="1"/>
        </Control>
        <Control Class="Window" LAnchorPoint="0" LAnchorOffset="12" TAnchorPoint="0" TAnchorOffset="4" RAnchorPoint="1" RAnchorOffset="-69" BAnchorPoint="0" BAnchorOffset="22" RelativeToClient="1" Font="CRB_InterfaceSmall" Template="Default" Name="Name" BGColor="white" TextColor="UI_TextHoloBodyHighlight" Picture="0" Sprite="" TextId="CRB_Macro_Name" TooltipColor="" NewControlDepth="2" IgnoreMouse="1" NewWindowDepth="1"/>
        <Control Class="Window" LAnchorPoint="0" LAnchorOffset="70" TAnchorPoint="0" TAnchorOffset="22" RAnchorPoint="1" RAnchorOffset="-10" BAnchorPoint="1" BAnchorOffset="-7" RelativeToClient="1" Font="Default" Text="" Template="Holo_ScrollListSmall" Name="MacroCommands" BGColor="white" TextColor="UI_TextHoloBodyCyan" DT_WORDBREAK="1" VScroll="1" Border="1" UseTemplateBG="1" Sprite="" HScroll="0" SwallowMouseClicks="0" TooltipColor="" NewControlDepth="2" TextId="" IgnoreMouse="1" NewWindowDepth="1"/>
    </Form>
    <Form Class="Window" LAnchorPoint="0" LAnchorOffset="0" TAnchorPoint="0" TAnchorOffset="0" RAnchorPoint="1" RAnchorOffset="0" BAnchorPoint="0" BAnchorOffset="16" RelativeToClient="1" Font="CRB_InterfaceSmall" Template="CRB_Hologram" Name="CommandItem" Border="0" Picture="0" SwallowMouseClicks="1" Moveable="0" Escapable="0" Overlapped="0" BGColor="white" TextColor="UI_TextHoloBody" UseTemplateBG="0" TextId="" TooltipColor="" Text=""/>
    <Form Class="Window" LAnchorPoint="0.5" LAnchorOffset="-300" TAnchorPoint="0.5" TAnchorOffset="-250" RAnchorPoint="0.5" RAnchorOffset="300" BAnchorPoint="0.5" BAnchorOffset="200" RelativeToClient="1" Font="Default" Text="" Template="" Name="MacroDefine" Border="0" Picture="0" SwallowMouseClicks="1" Moveable="1" Escapable="1" Overlapped="1" BGColor="white" TextColor="white" UseTemplateBG="0" TooltipColor="" Tooltip="">
        <Control Class="Window" LAnchorPoint="0" LAnchorOffset="0" TAnchorPoint="0" TAnchorOffset="0" RAnchorPoint="1" RAnchorOffset="0" BAnchorPoint="1" BAnchorOffset="0" RelativeToClient="1" Font="Default" Text="" Template="Holo_Medium" TooltipType="OnCursor" Name="BGArt" BGColor="white" TextColor="white" TooltipColor="" Border="1" IgnoreMouse="1" UseTemplateBG="1"/>
        <Control Class="EditBox" LAnchorPoint="0" LAnchorOffset="164" TAnchorPoint="0" TAnchorOffset="93" RAnchorPoint="1" RAnchorOffset="-57" BAnchorPoint="0" BAnchorOffset="125" RelativeToClient="1" Font="CRB_InterfaceMedium" Text="" Template="CRB_Hologram" Name="MacroName" BGColor="white" TextColor="white" Border="0" UseTemplateBG="0" TabStop="1" TooltipColor="" NewControlDepth="2" Picture="1" Sprite="" DT_VCENTER="1"/>
        <Control Class="Window" LAnchorPoint="0" LAnchorOffset="156" TAnchorPoint="0" TAnchorOffset="93" RAnchorPoint="0" RAnchorOffset="553" BAnchorPoint="0" BAnchorOffset="125" RelativeToClient="1" Font="Default" Text="" BGColor="UI_WindowBGDefault" TextColor="UI_TextHoloBody" Template="Default" TooltipType="OnCursor" Name="Window" TooltipColor="" Sprite="BK3:UI_BK3_Holo_Snippet" Picture="1" IgnoreMouse="1"/>
        <Control Class="EditBox" LAnchorPoint="0" LAnchorOffset="50" TAnchorPoint="0" TAnchorOffset="153" RAnchorPoint="1" RAnchorOffset="-50" BAnchorPoint="1" BAnchorOffset="-102" RelativeToClient="1" Font="CRB_InterfaceMedium" Text="" Template="Holo_ScrollList" Name="MacroBody" BGColor="white" TextColor="UI_TextHoloBody" Border="1" VScroll="1" UseTemplateBG="1" DT_WORDBREAK="1" MultiLine="1" WantTab="0" WantReturn="1" TabStop="1" TooltipColor="" NewControlDepth="2"/>
        <Control Class="Button" Base="BK3:btnHolo_Blue_Med" Font="CRB_Button" ButtonType="PushButton" RadioGroup="" LAnchorPoint=".5" LAnchorOffset="-142" TAnchorPoint="1" TAnchorOffset="-104" RAnchorPoint=".5" RAnchorOffset="-2" BAnchorPoint="1" BAnchorOffset="-32" DT_VCENTER="1" DT_CENTER="1" Name="OK" BGColor="xkcdCanaryYellow" TextColor="white" TextId="OK" RelativeToClient="1" UseTemplateBG="0" TooltipColor="" NormalTextColor="UI_BtnTextGreenNormal" PressedTextColor="UI_BtnTextGreenPressed" FlybyTextColor="UI_BtnTextGreenFlyby" PressedFlybyTextColor="UI_BtnTextGreenPressedFlyby" DisabledTextColor="UI_BtnTextGreenDisabled" NewControlDepth="2" Text="">
            <Event Name="ButtonSignal" Function="OnMacroOK"/>
        </Control>
        <Control Class="Button" Base="BK3:btnHolo_Radio_Small" Font="CRB_InterfaceTiny_BB" ButtonType="Check" RadioGroup="" LAnchorPoint="0" LAnchorOffset="104" TAnchorPoint="0" TAnchorOffset="127" RAnchorPoint="0" RAnchorOffset="314" BAnchorPoint="0" BAnchorOffset="146" DT_VCENTER="1" DT_CENTER="0" Name="GlobalCheck" BGColor="white" TextColor="UI_TextHoloBodyHighlight" TabStop="1" DrawAsCheckbox="1" CheckboxRight="0" DrawHotkey="0" DrawClientSprite="0" UseWindowTextColor="0" IfHoldNoSignal="0" RadioDisallowNonSelection="0" NotRelative="0" VScroll="0" SwallowMouseClicks="0" Sprite="" TextId="Macros_ApplyToAllCharacters2" RelativeToClient="1" TooltipColor="" NormalTextColor="UI_BtnTextBlueNormal" PressedTextColor="UI_BtnTextBluePressed" FlybyTextColor="UI_BtnTextBlueFlyby" PressedFlybyTextColor="UI_BtnTextBluePressedFlyby" DisabledTextColor="UI_BtnTextBlueDisabled" NewControlDepth="2" Text="" ButtonTextXMargin="2">
            <Event Name="ButtonCheck" Function="OnGlobalCheck"/>
            <Event Name="ButtonUncheck" Function="OnGlobalUncheck"/>
        </Control>
        <Control Class="Window" LAnchorPoint="0" LAnchorOffset="49" TAnchorPoint="0" TAnchorOffset="98" RAnchorPoint="0" RAnchorOffset="99" BAnchorPoint="0" BAnchorOffset="148" RelativeToClient="1" Font="Default" Text="" Template="Default" Name="Icon" BGColor="white" TextColor="white" Picture="1" Sprite="CRB_Basekit:kitBase_HoloBlue_InsetSimple" TooltipColor="" NewControlDepth="2">
            <Event Name="MouseButtonUp" Function="OnIconClick"/>
        </Control>
        <Control Class="Button" Base="BK3:btnHolo_Red_Med" Font="CRB_Button" ButtonType="PushButton" RadioGroup="" LAnchorPoint=".5" LAnchorOffset="2" TAnchorPoint="1" TAnchorOffset="-104" RAnchorPoint=".5" RAnchorOffset="142" BAnchorPoint="1" BAnchorOffset="-32" DT_VCENTER="1" DT_CENTER="1" Name="Cancel" BGColor="white" TextColor="white" TextId="Cancel" RelativeToClient="1" UseTemplateBG="0" Text="" TooltipColor="" NormalTextColor="UI_BtnTextRedNormal" PressedTextColor="UI_BtnTextRedPressed" FlybyTextColor="UI_BtnTextRedFlyby" PressedFlybyTextColor="UI_BtnTextRedPressedFlyby" DisabledTextColor="UI_BtnTextRedDisabled" NewControlDepth="2">
            <Event Name="ButtonSignal" Function="OnMacroCancel"/>
        </Control>
        <Control Class="Window" LAnchorPoint="0" LAnchorOffset="106" TAnchorPoint="0" TAnchorOffset="98" RAnchorPoint="0" RAnchorOffset="155" BAnchorPoint="0" BAnchorOffset="119" RelativeToClient="1" Font="CRB_InterfaceLarge" Text="" Template="Default" TooltipType="OnCursor" Name="NewMacroTitle" BGColor="white" TextColor="UI_TextHoloTitle" TooltipColor="" NewControlDepth="3" TextId="CRB_Name_1" DT_VCENTER="1"/>
        <Control Class="Window" LAnchorPoint="0" LAnchorOffset="100" TAnchorPoint="0" TAnchorOffset="32" RAnchorPoint="1" RAnchorOffset="-100" BAnchorPoint="0" BAnchorOffset="74" RelativeToClient="1" Font="CRB_HeaderHuge" Text="" Template="Default" TooltipType="OnCursor" Name="SoundOptionsTitle" BGColor="white" TextColor="UI_WindowTitleYellow" TooltipColor="" TextId="Macro_NewHeader" DT_VCENTER="0" DT_BOTTOM="1" DT_CENTER="1"/>
        <Control Class="Button" Base="BK3:btnHolo_Close" Font="CRB_InterfaceLarge" ButtonType="PushButton" RadioGroup="" LAnchorPoint="1" LAnchorOffset="-78" TAnchorPoint="0" TAnchorOffset="34" RAnchorPoint="1" RAnchorOffset="-31" BAnchorPoint="0" BAnchorOffset="80" DT_VCENTER="1" DT_CENTER="1" Name="CancelClose" BGColor="white" TextColor="white" TextId="" RelativeToClient="1" UseTemplateBG="0" Text="" TooltipColor="" NormalTextColor="UI_BtnTextRedNormal" PressedTextColor="UI_BtnTextRedPressed" FlybyTextColor="UI_BtnTextRedFlyby" PressedFlybyTextColor="UI_BtnTextRedPressedFlyby" DisabledTextColor="UI_BtnTextRedDisabled" NewControlDepth="2" NoClip="1" NewWindowDepth="1">
            <Event Name="ButtonSignal" Function="DestroyMacroWnd"/>
        </Control>
        <Event Name="WindowClosed" Function="DestroyMacroWnd"/>
    </Form>
    <Form Class="Window" LAnchorPoint="0" LAnchorOffset="320" TAnchorPoint="0" TAnchorOffset="31" RAnchorPoint="0" RAnchorOffset="624" BAnchorPoint="0" BAnchorOffset="327" RelativeToClient="1" Font="Default" Text="" Template="CRB_InnerWindow" Name="SelectIcon" Border="1" Picture="1" SwallowMouseClicks="1" Moveable="1" Escapable="1" Overlapped="1" BGColor="white" TextColor="white" UseTemplateBG="1" TabStop="0" TooltipColor="">
        <Control Class="Window" LAnchorPoint="0" LAnchorOffset="6" TAnchorPoint="0" TAnchorOffset="34" RAnchorPoint="1" RAnchorOffset="-9" BAnchorPoint="1" BAnchorOffset="-62" RelativeToClient="1" Font="Default" Text="" Template="CRB_NormalFramedThin" Name="IconList" BGColor="white" TextColor="white" Border="1" UseTemplateBG="1" DT_WORDBREAK="1" DT_VCENTER="1" DT_CENTER="1" VScroll="1" TabStop="1"/>
        <Control Class="Button" Base="" Font="Thick" ButtonType="PushButton" RadioGroup="" LAnchorPoint="0" LAnchorOffset="31" TAnchorPoint="0" TAnchorOffset="239" RAnchorPoint="0" RAnchorOffset="150" BAnchorPoint="0" BAnchorOffset="281" DT_VCENTER="1" DT_CENTER="1" Name="OK" BGColor="white" TextColor="white" TextId="OK" RelativeToClient="1" TabStop="1">
            <Event Name="ButtonSignal" Function="OnIconOK"/>
        </Control>
        <Control Class="Button" Base="" Font="Thick" ButtonType="PushButton" RadioGroup="" LAnchorPoint="0" LAnchorOffset="153" TAnchorPoint="0" TAnchorOffset="239" RAnchorPoint="0" RAnchorOffset="270" BAnchorPoint="0" BAnchorOffset="279" DT_VCENTER="1" DT_CENTER="1" Name="Cancel" BGColor="white" TextColor="white" TextId="Cancel" RelativeToClient="1" TabStop="1">
            <Event Name="ButtonSignal" Function="OnIconCancel"/>
        </Control>
        <Pixie LAnchorPoint="0" LAnchorOffset="13" TAnchorPoint="0" TAnchorOffset="5" RAnchorPoint="0" RAnchorOffset="131" BAnchorPoint="0" BAnchorOffset="25" BGColor="white" Font="Default" TextColor="white" TextId="CRB_Select_Icon" Line="0"/>
    </Form>
    <Form Class="Window" LAnchorPoint="0" LAnchorOffset="0" TAnchorPoint="0" TAnchorOffset="0" RAnchorPoint="0" RAnchorOffset="32" BAnchorPoint="0" BAnchorOffset="32" RelativeToClient="1" Font="Default" Text="" Template="CRB_Default" Name="IconItem" Border="0" Picture="1" SwallowMouseClicks="1" Moveable="0" Escapable="0" Overlapped="1" BGColor="white" TextColor="white" NewControlDepth="200" TooltipColor="">
        <Event Name="MouseButtonUp" Function="OnIconSelect"/>
        <Control Class="Window" LAnchorPoint="0" LAnchorOffset="0" TAnchorPoint="0" TAnchorOffset="0" RAnchorPoint="0" RAnchorOffset="32" BAnchorPoint="0" BAnchorOffset="32" RelativeToClient="1" Font="Default" Text="" Template="CRB_Normal" Name="IconSelectedFrame" Border="0" Picture="1" SwallowMouseClicks="0" Moveable="0" Escapable="0" Overlapped="1" BGColor="white" TextColor="white" Sprite="ClientSprites:AB_Activate" UseTemplateBG="0" Visible="0" TooltipColor=""/>
    </Form>
</Forms>
