<?xml version="1.0" ?>
<Forms>
    <!-- This window complex acts as a container for the portrait forms.  The lua script hooks them up. -->
    <Form Class="Window" LAnchorPoint=".5" LAnchorOffset="-245" TAnchorPoint=".5" TAnchorOffset="-278" RAnchorPoint=".5" RAnchorOffset="245" BAnchorPoint=".5" BAnchorOffset="200" RelativeToClient="1" Font="Default" Text="" Template="CRB_InnerWindow" Name="MacrosWindow" Border="0" Picture="0" SwallowMouseClicks="1" Moveable="1" Escapable="1" Overlapped="1" BGColor="ffffffff" TextColor="ffffffff" UseTemplateBG="0" VScroll="0" TooltipColor="" Tooltip="">
        <Control Class="Window" LAnchorPoint="0" LAnchorOffset="0" TAnchorPoint="0" TAnchorOffset="0" RAnchorPoint="1" RAnchorOffset="0" BAnchorPoint="1" BAnchorOffset="0" RelativeToClient="1" Font="Default" Text="" Template="Default" TooltipType="OnCursor" Name="BGArt" BGColor="ffffffff" TextColor="ffffffff" TooltipColor="">
            <Control Class="Window" LAnchorPoint="0" LAnchorOffset="38" TAnchorPoint="0" TAnchorOffset="24" RAnchorPoint="1" RAnchorOffset="-38" BAnchorPoint="1" BAnchorOffset="-27" RelativeToClient="1" Font="Default" Text="" Template="Default" TooltipType="OnCursor" Name="BGArt_Base" BGColor="ffffffff" TextColor="ffffffff" TooltipColor="" Picture="1" IgnoreMouse="1" Sprite="CRB_Basekit:kitBase_HoloTeal_NoBorder"/>
            <Control Class="Window" LAnchorPoint="0" LAnchorOffset="0" TAnchorPoint="0" TAnchorOffset="0" RAnchorPoint="1" RAnchorOffset="0" BAnchorPoint="1" BAnchorOffset="0" RelativeToClient="1" Font="Default" Text="" Template="Default" TooltipType="OnCursor" Name="BGArt_Frame" BGColor="ffffffff" TextColor="ffffffff" TooltipColor="" Picture="1" IgnoreMouse="1" Sprite="CRB_Basekit:kitOuterFrame_MetalGray_Medium" NewControlDepth="1"/>
            <Control Class="Window" LAnchorPoint="0" LAnchorOffset="60" TAnchorPoint="0" TAnchorOffset="60" RAnchorPoint="1" RAnchorOffset="-60" BAnchorPoint="1" BAnchorOffset="-74" RelativeToClient="1" Font="Default" Text="" Template="Default" TooltipType="OnCursor" Name="BG_IntOptions" BGColor="ffffffff" TextColor="ffffffff" TooltipColor="" Picture="1" IgnoreMouse="1" Sprite="CRB_Basekit:kitInnerFrame_Holo_SimpleInset"/>
        </Control>
        <Control Class="Window" LAnchorPoint="0" LAnchorOffset="62" TAnchorPoint="0" TAnchorOffset="63" RAnchorPoint="1" RAnchorOffset="-61" BAnchorPoint="1" BAnchorOffset="-77" RelativeToClient="1" Font="Default" Text="" Template="CRB_Scroll_HoloLarge" Name="List" BGColor="ffffffff" TextColor="ffffffff" Border="0" UseTemplateBG="0" DT_WORDBREAK="1" DT_VCENTER="1" DT_CENTER="1" VScroll="1" TooltipColor="" NewControlDepth="5" IgnoreMouse="1"/>
        <Control Class="Button" Base="CRB_Basekit:kitBtn_Close" Font="Thick" ButtonType="PushButton" RadioGroup="" LAnchorPoint="1" LAnchorOffset="-43" TAnchorPoint="0" TAnchorOffset="12" RAnchorPoint="1" RAnchorOffset="-12" BAnchorPoint="0" BAnchorOffset="41" DT_VCENTER="1" DT_CENTER="1" Name="OK" BGColor="ffffffff" TextColor="ffffffff" TextId="" RelativeToClient="1" TooltipColor="" NormalTextColor="ffffffff" PressedTextColor="ffffffff" FlybyTextColor="ffffffff" PressedFlybyTextColor="ffffffff" DisabledTextColor="ffffffff" NewControlDepth="5" Text="">
            <Event Name="ButtonSignal" Function="OnOK"/>
        </Control>
        <Control Class="Button" Base="CRB_Basekit:kitBtn_Holo" Font="CRB_InterfaceLarge" ButtonType="PushButton" RadioGroup="" LAnchorPoint=".5" LAnchorOffset="-181" TAnchorPoint="1" TAnchorOffset="-67" RAnchorPoint=".5" RAnchorOffset="-61" BAnchorPoint="1" BAnchorOffset="-35" DT_VCENTER="1" DT_CENTER="1" Name="NewMacro" BGColor="ffffffff" TextColor="ffffffff" TextId="CRB_New" RelativeToClient="1" TooltipColor="" NormalTextColor="UI_BtnTextHoloNormal" PressedTextColor="UI_BtnTextHoloPressed" FlybyTextColor="UI_BtnTextHoloFlyby" PressedFlybyTextColor="UI_BtnTextHoloPressedFlyby" DisabledTextColor="UI_BtnTextHoloDisabled" NewControlDepth="5">
            <Event Name="ButtonSignal" Function="OnNewMacro"/>
        </Control>
        <Control Class="Button" Base="CRB_Basekit:kitBtn_Holo" Font="CRB_InterfaceLarge" ButtonType="PushButton" RadioGroup="" LAnchorPoint=".5" LAnchorOffset="-60" TAnchorPoint="1" TAnchorOffset="-67" RAnchorPoint=".5" RAnchorOffset="60" BAnchorPoint="1" BAnchorOffset="-35" DT_VCENTER="1" DT_CENTER="1" Name="EditMacro" BGColor="ffffffff" TextColor="ffffffff" TextId="CRB_Edit" RelativeToClient="1" TooltipColor="" NormalTextColor="UI_BtnTextHoloNormal" PressedTextColor="UI_BtnTextHoloPressed" FlybyTextColor="UI_BtnTextHoloFlyby" PressedFlybyTextColor="UI_BtnTextHoloPressedFlyby" DisabledTextColor="UI_BtnTextHoloDisabled" NewControlDepth="5">
            <Event Name="ButtonSignal" Function="OnEditMacro"/>
        </Control>
        <Control Class="Button" Base="CRB_Basekit:kitBtn_Holo" Font="CRB_InterfaceLarge" ButtonType="PushButton" RadioGroup="" LAnchorPoint=".5" LAnchorOffset="61" TAnchorPoint="1" TAnchorOffset="-67" RAnchorPoint=".5" RAnchorOffset="181" BAnchorPoint="1" BAnchorOffset="-35" DT_VCENTER="1" DT_CENTER="1" Name="DeleteMacro" BGColor="ffffffff" TextColor="ffffffff" TextId="CRB_Delete" RelativeToClient="1" TooltipColor="" NormalTextColor="UI_BtnTextHoloNormal" PressedTextColor="UI_BtnTextHoloPressed" FlybyTextColor="UI_BtnTextHoloFlyby" PressedFlybyTextColor="UI_BtnTextHoloPressedFlyby" DisabledTextColor="UI_BtnTextHoloDisabled" NewControlDepth="5">
            <Event Name="ButtonSignal" Function="OnDeleteMacro"/>
        </Control>
        <Control Class="Window" LAnchorPoint="0" LAnchorOffset="0" TAnchorPoint="0" TAnchorOffset="38" RAnchorPoint="1" RAnchorOffset="0" BAnchorPoint="0" BAnchorOffset="63" RelativeToClient="1" Font="CRB_InterfaceLarge" Text="" Template="Default" TooltipType="OnCursor" Name="MacroTitle" BGColor="ffffffff" TextColor="UI_TextHoloTitle" TooltipColor="" TextId="CRB_Macros" Visible="1" HideInEditor="0" NewControlDepth="5" DT_CENTER="1" DT_VCENTER="1"/>
    </Form>
    <Form Class="Window" LAnchorPoint="0" LAnchorOffset="0" TAnchorPoint="0" TAnchorOffset="0" RAnchorPoint="1" RAnchorOffset="0" BAnchorPoint="0" BAnchorOffset="72" RelativeToClient="1" Font="Default" Text="" Template="CRB_InnerWindow" Name="MacroItem" Border="0" Picture="1" SwallowMouseClicks="1" Moveable="0" Escapable="0" Overlapped="0" BGColor="ffffffff" TextColor="ffffffff" UseTemplateBG="0" LeftEdgeControlsAnchor="" AutoFade="0" AutoFadeBG="0" UseParentOpacity="0" TooltipColor="" Sprite="CRB_Basekit:kitBtn_Holo_LargeNormal">
        <Control Class="Window" LAnchorPoint="0" LAnchorOffset="1" TAnchorPoint="0" TAnchorOffset="0" RAnchorPoint="1" RAnchorOffset="1" BAnchorPoint="1" BAnchorOffset="0" RelativeToClient="1" Font="Default" Text="" Template="CRB_Default" Name="MacroSelectedFrame" BGColor="ffffffff" TextColor="ffffffff" DT_WORDBREAK="0" VScroll="0" Border="0" UseTemplateBG="0" Sprite="CRB_Basekit:kitBtn_Holo_LargePressed" Visible="0" Picture="1" SwallowMouseClicks="0" TooltipColor="" IgnoreMouse="1" HideInEditor="1"/>
        <Control Class="Window" LAnchorPoint="0" LAnchorOffset="75" TAnchorPoint="0" TAnchorOffset="16" RAnchorPoint="1" RAnchorOffset="-8" BAnchorPoint="1" BAnchorOffset="-5" RelativeToClient="1" Font="Default" Text="" Template="Default" TooltipType="OnCursor" Name="MacroTextBacker" BGColor="ffffffff" TextColor="ffffffff" TooltipColor="" Picture="1" IgnoreMouse="1" Sprite="CRB_Basekit:kitBase_HoloBlue_InsetBorder_Thin" NewControlDepth="1"/>
        <Control Class="Button" LAnchorPoint="0" LAnchorOffset="7" TAnchorPoint="0" TAnchorOffset="5" RAnchorPoint="0" RAnchorOffset="69" BAnchorPoint="1" BAnchorOffset="-5" RelativeToClient="1" Font="Default" Text="" Template="CRB_Default" Name="Icon" BGColor="ffffffff" TextColor="ffffffff" Picture="0" Sprite="WhiteFill" ButtonType="PushButton" GlobalRadioGroup="" RadioGroup="" DrawAsCheckbox="0" UseTemplateBG="0" Border="0" ProcessRightClick="1" TooltipColor="" NormalTextColor="ffffffff" PressedTextColor="ffffffff" FlybyTextColor="ffffffff" PressedFlybyTextColor="ffffffff" DisabledTextColor="ffffffff" NewControlDepth="2" Base="CRB_Basekit:kitBtn_Holo_Large">
            <Event Name="QueryBeginDragDrop" Function="OnQueryBeginDragDrop"/>
            <Event Name="ButtonSignal" Function="OnMacroClick"/>
            <Control Class="Window" LAnchorPoint="0" LAnchorOffset="6" TAnchorPoint="0" TAnchorOffset="6" RAnchorPoint="1" RAnchorOffset="-6" BAnchorPoint="1" BAnchorOffset="-6" RelativeToClient="1" Font="Default" Text="" Template="Default" TooltipType="OnCursor" Name="IconImage" BGColor="ffffffff" TextColor="ffffffff" TooltipColor="" Picture="1" IgnoreMouse="1" NewControlDepth="1"/>
        </Control>
        <Control Class="Window" LAnchorPoint="0" LAnchorOffset="74" TAnchorPoint="0" TAnchorOffset="2" RAnchorPoint="1" RAnchorOffset="0" BAnchorPoint="0" BAnchorOffset="20" RelativeToClient="1" Font="CRB_InterfaceSmall" Template="Default" Name="Name" BGColor="ffffffff" TextColor="UI_TextHoloBodyHighlight" Picture="0" Sprite="" TextId="CRB_Macro_Name" TooltipColor="" NewControlDepth="2"/>
        <Control Class="Window" LAnchorPoint="0" LAnchorOffset="79" TAnchorPoint="0" TAnchorOffset="20" RAnchorPoint="1" RAnchorOffset="-10" BAnchorPoint="1" BAnchorOffset="-7" RelativeToClient="1" Font="Default" Text="" Template="CRB_Scroll_HoloSmall" Name="MacroCommands" BGColor="ffffffff" TextColor="UI_TextHoloBodyCyan" DT_WORDBREAK="1" VScroll="1" Border="1" UseTemplateBG="1" Sprite="" HScroll="0" SwallowMouseClicks="0" TooltipColor="" NewControlDepth="2"/>
        <Event Name="MouseButtonUp" Function="OnMacroSelect"/>
    </Form>
    <Form Class="Window" LAnchorPoint="0" LAnchorOffset="0" TAnchorPoint="0" TAnchorOffset="0" RAnchorPoint="1" RAnchorOffset="0" BAnchorPoint="0" BAnchorOffset="13" RelativeToClient="1" Font="Default" Template="CRB_Hologram" Name="CommandItem" Border="0" Picture="0" SwallowMouseClicks="1" Moveable="0" Escapable="0" Overlapped="0" BGColor="ffffffff" TextColor="ff00ffff" UseTemplateBG="0" TextId="" TooltipColor=""/>
    <Form Class="Window" LAnchorPoint="0.5" LAnchorOffset="-258" TAnchorPoint="0.5" TAnchorOffset="-224" RAnchorPoint="0.5" RAnchorOffset="258" BAnchorPoint="0.5" BAnchorOffset="175" RelativeToClient="1" Font="Default" Text="" Template="CRB_InnerWindow" Name="MacroDefine" Border="0" Picture="0" SwallowMouseClicks="1" Moveable="1" Escapable="1" Overlapped="1" BGColor="ffffffff" TextColor="ffffffff" UseTemplateBG="0" TooltipColor="">
        <Control Class="Window" LAnchorPoint="0" LAnchorOffset="0" TAnchorPoint="0" TAnchorOffset="0" RAnchorPoint="1" RAnchorOffset="0" BAnchorPoint="1" BAnchorOffset="0" RelativeToClient="1" Font="Default" Text="" Template="Default" TooltipType="OnCursor" Name="BGArt" BGColor="ffffffff" TextColor="ffffffff" TooltipColor="">
            <Control Class="Window" LAnchorPoint="0" LAnchorOffset="6" TAnchorPoint="0" TAnchorOffset="6" RAnchorPoint="1" RAnchorOffset="-6" BAnchorPoint="1" BAnchorOffset="-6" RelativeToClient="1" Font="Default" Text="" Template="Default" TooltipType="OnCursor" Name="BGArt_Base" BGColor="ffffffff" TextColor="ffffffff" TooltipColor="" Picture="1" IgnoreMouse="1" Sprite="CRB_Basekit:kitBase_HoloTeal_NoBorder"/>
            <Control Class="Window" LAnchorPoint="0" LAnchorOffset="-7" TAnchorPoint="0" TAnchorOffset="-7" RAnchorPoint="1" RAnchorOffset="7" BAnchorPoint="1" BAnchorOffset="7" RelativeToClient="1" Font="Default" Text="" Template="Default" TooltipType="OnCursor" Name="BGArt_Frame" BGColor="ffffffff" TextColor="ffffffff" TooltipColor="" Picture="1" IgnoreMouse="1" Sprite="CRB_Basekit:kitInnerFrame_MetalGrey_Medium" NewControlDepth="1" NoClip="1"/>
            <Control Class="Window" LAnchorPoint="0" LAnchorOffset="40" TAnchorPoint="0" TAnchorOffset="110" RAnchorPoint="1" RAnchorOffset="-40" BAnchorPoint="1" BAnchorOffset="-55" RelativeToClient="1" Font="Default" Text="" Template="Default" TooltipType="OnCursor" Name="BGArt_Frame" BGColor="ffffffff" TextColor="ffffffff" TooltipColor="" Picture="1" IgnoreMouse="1" Sprite="CRB_Basekit:kitBase_HoloBlue_InsetSimple" NewControlDepth="1"/>
        </Control>
        <Control Class="EditBox" LAnchorPoint="0" LAnchorOffset="140" TAnchorPoint="0" TAnchorOffset="55" RAnchorPoint="1" RAnchorOffset="-40" BAnchorPoint="0" BAnchorOffset="80" RelativeToClient="1" Font="CRB_InterfaceMedium" Text="" Template="CRB_Hologram" Name="MacroName" BGColor="ffffffff" TextColor="ffffffff" Border="0" UseTemplateBG="0" TabStop="1" TooltipColor="" NewControlDepth="2" Picture="1" Sprite="CRB_Basekit:kitBase_HoloBlue_InsetSimple" DT_VCENTER="1"/>
        <Control Class="EditBox" LAnchorPoint="0" LAnchorOffset="43" TAnchorPoint="0" TAnchorOffset="113" RAnchorPoint="1" RAnchorOffset="-42" BAnchorPoint="1" BAnchorOffset="-58" RelativeToClient="1" Font="Default" Text="" Template="CRB_Scroll_HoloLarge" Name="MacroBody" BGColor="ffffffff" TextColor="ffffffff" Border="1" VScroll="1" UseTemplateBG="1" DT_WORDBREAK="1" MultiLine="1" WantTab="0" WantReturn="1" TabStop="1" TooltipColor="" NewControlDepth="2"/>
        <Control Class="Button" Base="CRB_Basekit:kitBtn_Holo" Font="CRB_InterfaceLarge" ButtonType="PushButton" RadioGroup="" LAnchorPoint=".5" LAnchorOffset="-142" TAnchorPoint="1" TAnchorOffset="-47" RAnchorPoint=".5" RAnchorOffset="-2" BAnchorPoint="1" BAnchorOffset="-15" DT_VCENTER="1" DT_CENTER="1" Name="OK" BGColor="xkcdCanaryYellow" TextColor="ffffffff" TextId="OK" RelativeToClient="1" UseTemplateBG="0" TooltipColor="" NormalTextColor="UI_BtnTextGreenNormal" PressedTextColor="UI_BtnTextGreenPressed" FlybyTextColor="UI_BtnTextGreenFlyby" PressedFlybyTextColor="UI_BtnTextGreenPressedFlyby" DisabledTextColor="UI_BtnTextGreenDisabled" NewControlDepth="2" Text="">
            <Event Name="ButtonSignal" Function="OnMacroOK"/>
        </Control>
        <Control Class="Button" Base="CRB_Basekit:kitBtn_Holo_RadioRound" Font="CRB_InterfaceMedium" ButtonType="Check" RadioGroup="" LAnchorPoint="0" LAnchorOffset="92" TAnchorPoint="0" TAnchorOffset="79" RAnchorPoint="0" RAnchorOffset="357" BAnchorPoint="0" BAnchorOffset="106" DT_VCENTER="1" DT_CENTER="0" Name="GlobalCheck" BGColor="ffffffff" TextColor="UI_TextHoloBodyHighlight" TabStop="1" DrawAsCheckbox="1" CheckboxRight="0" DrawHotkey="0" DrawClientSprite="0" UseWindowTextColor="0" IfHoldNoSignal="0" RadioDisallowNonSelection="0" NotRelative="0" VScroll="0" SwallowMouseClicks="0" Sprite="" TextId="CRB_Apply_To_All_Characters" RelativeToClient="1" TooltipColor="" NormalTextColor="ffffffff" PressedTextColor="ffffffff" FlybyTextColor="ffffffff" PressedFlybyTextColor="ffffffff" DisabledTextColor="ffffffff" NewControlDepth="2">
            <Event Name="ButtonCheck" Function="OnGlobalCheck"/>
            <Event Name="ButtonUncheck" Function="OnGlobalUncheck"/>
        </Control>
        <Control Class="Window" LAnchorPoint="0" LAnchorOffset="40" TAnchorPoint="0" TAnchorOffset="55" RAnchorPoint="0" RAnchorOffset="90" BAnchorPoint="0" BAnchorOffset="105" RelativeToClient="1" Font="Default" Text="" Template="Default" Name="Icon" BGColor="ffffffff" TextColor="ffffffff" Picture="1" Sprite="CRB_Basekit:kitBase_HoloBlue_InsetSimple" TooltipColor="" NewControlDepth="2">
            <Event Name="MouseButtonUp" Function="OnIconClick"/>
        </Control>
        <Control Class="Button" Base="CRB_Basekit:kitBtn_Holo_Red" Font="CRB_InterfaceLarge" ButtonType="PushButton" RadioGroup="" LAnchorPoint=".5" LAnchorOffset="2" TAnchorPoint="1" TAnchorOffset="-47" RAnchorPoint=".5" RAnchorOffset="142" BAnchorPoint="1" BAnchorOffset="-15" DT_VCENTER="1" DT_CENTER="1" Name="Cancel" BGColor="ffffffff" TextColor="ffffffff" TextId="Cancel" RelativeToClient="1" UseTemplateBG="0" Text="" TooltipColor="" NormalTextColor="UI_BtnTextRedNormal" PressedTextColor="UI_BtnTextRedPressed" FlybyTextColor="UI_BtnTextRedFlyby" PressedFlybyTextColor="UI_BtnTextRedPressedFlyby" DisabledTextColor="UI_BtnTextRedDisabled" NewControlDepth="2">
            <Event Name="ButtonSignal" Function="OnMacroCancel"/>
        </Control>
        <Control Class="Window" LAnchorPoint="0" LAnchorOffset="94" TAnchorPoint="0" TAnchorOffset="56" RAnchorPoint="0" RAnchorOffset="143" BAnchorPoint="0" BAnchorOffset="77" RelativeToClient="1" Font="CRB_InterfaceLarge" Text="" Template="Default" TooltipType="OnCursor" Name="NewMacroTitle" BGColor="ffffffff" TextColor="UI_TextHoloBodyHighlight" TooltipColor="" NewControlDepth="3" TextId="CRB_Name_1" DT_VCENTER="1"/>
        <Control Class="Window" LAnchorPoint="0" LAnchorOffset="0" TAnchorPoint="0" TAnchorOffset="0" RAnchorPoint="1" RAnchorOffset="0" BAnchorPoint="0" BAnchorOffset="42" RelativeToClient="1" Font="CRB_InterfaceLarge" Text="" Template="Default" TooltipType="OnCursor" Name="SoundOptionsTitle" BGColor="ffffffff" TextColor="UI_TextHoloTitle" TooltipColor="" TextId="Macro_NewHeader" DT_VCENTER="0" DT_BOTTOM="1" DT_CENTER="1"/>
        <Control Class="Button" Base="CRB_Basekit:kitBtn_Close" Font="CRB_InterfaceLarge" ButtonType="PushButton" RadioGroup="" LAnchorPoint="1" LAnchorOffset="-24" TAnchorPoint="0" TAnchorOffset="-3" RAnchorPoint="1" RAnchorOffset="7" BAnchorPoint="0" BAnchorOffset="29" DT_VCENTER="1" DT_CENTER="1" Name="CancelClose" BGColor="ffffffff" TextColor="ffffffff" TextId="" RelativeToClient="1" UseTemplateBG="0" Text="" TooltipColor="" NormalTextColor="UI_BtnTextRedNormal" PressedTextColor="UI_BtnTextRedPressed" FlybyTextColor="UI_BtnTextRedFlyby" PressedFlybyTextColor="UI_BtnTextRedPressedFlyby" DisabledTextColor="UI_BtnTextRedDisabled" NewControlDepth="2" NoClip="1" NewWindowDepth="1">
            <Event Name="ButtonSignal" Function="OnMacroCancel"/>
        </Control>
    </Form>
    <Form Class="Window" LAnchorPoint="0" LAnchorOffset="320" TAnchorPoint="0" TAnchorOffset="31" RAnchorPoint="0" RAnchorOffset="624" BAnchorPoint="0" BAnchorOffset="327" RelativeToClient="1" Font="Default" Text="" Template="CRB_InnerWindow" Name="SelectIcon" Border="1" Picture="1" SwallowMouseClicks="1" Moveable="1" Escapable="1" Overlapped="1" BGColor="ffffffff" TextColor="ffffffff" UseTemplateBG="1" TabStop="0" TooltipColor="">
        <Control Class="Window" LAnchorPoint="0" LAnchorOffset="6" TAnchorPoint="0" TAnchorOffset="34" RAnchorPoint="1" RAnchorOffset="-9" BAnchorPoint="1" BAnchorOffset="-62" RelativeToClient="1" Font="Default" Text="" Template="CRB_NormalFramedThin" Name="IconList" BGColor="ffffffff" TextColor="ffffffff" Border="1" UseTemplateBG="1" DT_WORDBREAK="1" DT_VCENTER="1" DT_CENTER="1" VScroll="1" TabStop="1"/>
        <Control Class="Button" Base="" Font="Thick" ButtonType="PushButton" RadioGroup="" LAnchorPoint="0" LAnchorOffset="31" TAnchorPoint="0" TAnchorOffset="239" RAnchorPoint="0" RAnchorOffset="150" BAnchorPoint="0" BAnchorOffset="281" DT_VCENTER="1" DT_CENTER="1" Name="OK" BGColor="ffffffff" TextColor="ffffffff" TextId="OK" RelativeToClient="1" TabStop="1">
            <Event Name="ButtonSignal" Function="OnIconOK"/>
        </Control>
        <Control Class="Button" Base="" Font="Thick" ButtonType="PushButton" RadioGroup="" LAnchorPoint="0" LAnchorOffset="153" TAnchorPoint="0" TAnchorOffset="239" RAnchorPoint="0" RAnchorOffset="270" BAnchorPoint="0" BAnchorOffset="279" DT_VCENTER="1" DT_CENTER="1" Name="Cancel" BGColor="ffffffff" TextColor="ffffffff" TextId="Cancel" RelativeToClient="1" TabStop="1">
            <Event Name="ButtonSignal" Function="OnIconCancel"/>
        </Control>
        <Pixie LAnchorPoint="0" LAnchorOffset="13" TAnchorPoint="0" TAnchorOffset="5" RAnchorPoint="0" RAnchorOffset="131" BAnchorPoint="0" BAnchorOffset="25" BGColor="ffffffff" Font="Default" TextColor="ffffffff" TextId="CRB_Select_Icon" Line="0"/>
    </Form>
    <Form Class="Window" LAnchorPoint="0" LAnchorOffset="0" TAnchorPoint="0" TAnchorOffset="0" RAnchorPoint="0" RAnchorOffset="32" BAnchorPoint="0" BAnchorOffset="32" RelativeToClient="1" Font="Default" Text="" Template="CRB_Default" Name="IconItem" Border="0" Picture="1" SwallowMouseClicks="1" Moveable="0" Escapable="0" Overlapped="1" BGColor="ffffffff" TextColor="ffffffff" NewControlDepth="200" TooltipColor="">
        <Event Name="MouseButtonUp" Function="OnIconSelect"/>
        <Control Class="Window" LAnchorPoint="0" LAnchorOffset="0" TAnchorPoint="0" TAnchorOffset="0" RAnchorPoint="0" RAnchorOffset="32" BAnchorPoint="0" BAnchorOffset="32" RelativeToClient="1" Font="Default" Text="" Template="CRB_Normal" Name="IconSelectedFrame" Border="0" Picture="1" SwallowMouseClicks="0" Moveable="0" Escapable="0" Overlapped="1" BGColor="ffffffff" TextColor="ffffffff" Sprite="ClientSprites:AB_Activate" UseTemplateBG="0" Visible="0" TooltipColor=""/>
    </Form>
</Forms>
