<Forms>
    <Form Class="Window" LAnchorPoint="1" LAnchorOffset="-343" TAnchorPoint="0" TAnchorOffset="460" RAnchorPoint="1" RAnchorOffset="2" BAnchorPoint="1" BAnchorOffset="-116" RelativeToClient="1" Font="Default" Text="" Template="" Name="QuestTrackerForm" Border="0" Picture="0" SwallowMouseClicks="1" Moveable="0" Escapable="0" Overlapped="1" BGColor="ffffffff" TextColor="ffffffff" TextId="" TooltipColor="" IgnoreMouse="1" Tooltip="" DoNotBlockTooltip="1" Sprite="">
        <Control Class="Window" LAnchorPoint="0" LAnchorOffset="0" TAnchorPoint="0" TAnchorOffset="0" RAnchorPoint="1" RAnchorOffset="0" BAnchorPoint="1" BAnchorOffset="0" RelativeToClient="1" Font="Default" Text="" Template="CRB_QuestTracker" TooltipType="OnCursor" Name="QuestTrackerScroll" BGColor="ffffffff" TextColor="ffffffff" TooltipColor="" VScroll="1" IgnoreMouse="1" AutoHideScroll="1" Tooltip=""/>
    </Form>
    <Form Class="Window" LAnchorPoint="0" LAnchorOffset="0" TAnchorPoint="0" TAnchorOffset="0" RAnchorPoint="1" RAnchorOffset="0" BAnchorPoint="0" BAnchorOffset="28" RelativeToClient="1" Font="Default" Text="" Template="Default" TooltipType="OnCursor" Name="EpisodeItem" Overlapped="1" BGColor="ffffffff" TextColor="ffffffff" TooltipColor="" IgnoreMouse="1" TransitionShowHide="0" Picture="1" Sprite="" Tooltip="">
        <Control Class="Button" LAnchorPoint="0" LAnchorOffset="28" TAnchorPoint="0" TAnchorOffset="0" RAnchorPoint="1" RAnchorOffset="2" BAnchorPoint="0" BAnchorOffset="30" RelativeToClient="1" Font="Default" Text="" Template="Default" Name="EpisodeControlBacker" BGColor="ffffffff" TextColor="ffffffff" Picture="1" Visible="1" TooltipColor="" NormalTextColor="ffffffff" PressedTextColor="ffffffff" FlybyTextColor="ffffffff" PressedFlybyTextColor="ffffffff" DisabledTextColor="ffffffff" Base="CRB_QuestTrackerSprites:btnQT_EpisodeBack" Sprite="">
            <Control Class="Button" Base="CRB_QuestTrackerSprites:btnQT_EpisodeMinimize" Font="Thick" ButtonType="Check" RadioGroup="" LAnchorPoint="0" LAnchorOffset="0" TAnchorPoint="0" TAnchorOffset="3" RAnchorPoint="1" RAnchorOffset="-2" BAnchorPoint="0" BAnchorOffset="27" DT_VCENTER="1" DT_CENTER="1" Name="EpisodeMinimizeBtn" BGColor="ccffffff" TextColor="ffffffff" NormalTextColor="ffffffff" PressedTextColor="ffffffff" FlybyTextColor="ffffffff" PressedFlybyTextColor="ffffffff" DisabledTextColor="ffffffff" Visible="0" RelativeToClient="1" TooltipColor="">
                <Event Name="ButtonCheck" Function="OnEpisodeMinimizedBtnChecked"/>
                <Event Name="ButtonUncheck" Function="OnEpisodeMinimizedBtnUnChecked"/>
            </Control>
            <Control Class="Window" LAnchorPoint="0" LAnchorOffset="0" TAnchorPoint="0" TAnchorOffset="0" RAnchorPoint="1" RAnchorOffset="-28" BAnchorPoint="1" BAnchorOffset="0" RelativeToClient="1" Font="CRB_HeaderTiny" Text="" Template="Default" TooltipType="OnCursor" Name="EpisodeTitle" BGColor="ffffffff" TextColor="UI_BtnTextHoloNormal" TooltipColor="" TextId="" DT_CENTER="0" DT_VCENTER="1" Sprite="" Picture="1" IgnoreMouse="1"/>
            <Event Name="MouseEnter" Function="OnEpisodeControlBackerMouseEnter"/>
            <Event Name="MouseExit" Function="OnEpisodeControlBackerMouseExit"/>
        </Control>
        <Control Class="Window" LAnchorPoint="0" LAnchorOffset="0" TAnchorPoint="0" TAnchorOffset="22" RAnchorPoint="1" RAnchorOffset="0" BAnchorPoint="1" BAnchorOffset="0" RelativeToClient="1" Font="Default" Text="" Template="Default" TooltipType="OnCursor" Name="EpisodeQuestContainer" BGColor="ffffffff" TextColor="ffffffff" TooltipColor=""/>
    </Form>
    <Form Class="Window" LAnchorPoint="0" LAnchorOffset="0" TAnchorPoint="0" TAnchorOffset="0" RAnchorPoint="1" RAnchorOffset="0" BAnchorPoint="0" BAnchorOffset="29" RelativeToClient="1" Font="Default" Text="" Template="Default" TooltipType="OnCursor" Name="QuestItem" Overlapped="1" BGColor="ffffffff" TextColor="ffffffff" TooltipColor="" IgnoreMouse="0" Picture="1" Sprite="" Tooltip="">
        <Control Class="Button" LAnchorPoint="0" LAnchorOffset="49" TAnchorPoint="0" TAnchorOffset="4" RAnchorPoint="1" RAnchorOffset="0" BAnchorPoint="0" BAnchorOffset="30" RelativeToClient="1" Font="Default" Text="" Template="Default" TooltipType="OnCursor" Name="ControlBackerBtn" BGColor="ffffffff" TextColor="ffffffff" TooltipColor="" NormalTextColor="ffffffff" PressedTextColor="ffffffff" FlybyTextColor="ffffffff" PressedFlybyTextColor="ffffffff" DisabledTextColor="ffffffff" Base="btnQT_QuestBack" Picture="1" Sprite="" Tooltip="" TooltipId="" TooltipFont="CRB_InterfaceSmall_O" ProcessRightClick="1">
            <Event Name="MouseEnter" Function="OnControlBackerMouseEnter"/>
            <Event Name="MouseExit" Function="OnControlBackerMouseExit"/>
            <Event Name="ButtonDown" Function="OnQuestHintArrow"/>
            <Control Class="MLWindow" LAnchorPoint="0" LAnchorOffset="4" TAnchorPoint="0" TAnchorOffset="2" RAnchorPoint="1" RAnchorOffset="-34" BAnchorPoint="1" BAnchorOffset="0" RelativeToClient="1" Font="CRB_InterfaceMedium_B" Text="" Template="Default" TooltipType="OnCursor" Name="TitleText" BGColor="ffffffff" TextColor="ffffffff" TooltipColor="" TextId="" DT_VCENTER="1" IgnoreMouse="1"/>
            <Control Class="Button" Base="CRB_QuestTrackerSprites:btnQT_QuestMinimize" Font="Thick" ButtonType="Check" RadioGroup="" LAnchorPoint="1" LAnchorOffset="-36" TAnchorPoint="0" TAnchorOffset="4" RAnchorPoint="1" RAnchorOffset="-20" BAnchorPoint="0" BAnchorOffset="20" DT_VCENTER="1" DT_CENTER="1" Name="MinimizeBtn" BGColor="ccffffff" TextColor="ffffffff" NormalTextColor="ffffffff" PressedTextColor="ffffffff" FlybyTextColor="ffffffff" PressedFlybyTextColor="ffffffff" DisabledTextColor="ffffffff" Visible="0" RelativeToClient="1" TooltipColor="" IgnoreMouse="0" TooltipType="OnCursor" TooltipFont="CRB_InterfaceSmall_O" Tooltip="" TooltipId="QuestTracker_MinimizeTooltip">
                <Event Name="ButtonCheck" Function="OnMinimizedBtnChecked"/>
                <Event Name="ButtonUncheck" Function="OnMinimizedBtnUnChecked"/>
            </Control>
            <Control Name="QuestCloseBtn" Class="Button" ButtonType="PushButton" Base="CRB_QuestTrackerSprites:btnQT_QuestAbandon" LAnchorPoint="1" LAnchorOffset="-20" TAnchorPoint="0" TAnchorOffset="4" RAnchorPoint="1" RAnchorOffset="-4" BAnchorPoint="0" BAnchorOffset="20" BGColor="ffffffff" TextColor="ffffffff" NormalTextColor="ffffffff" PressedTextColor="ffffffff" FlybyTextColor="ffffffff" PressedFlybyTextColor="ffffffff" DisabledTextColor="ffffffff" Visible="0" TooltipColor="" RelativeToClient="1" IgnoreMouse="0" Tooltip="" TooltipType="OnCursor" TooltipFont="CRB_InterfaceSmall_O" TooltipId="QuestTracker_StopTracking">
                <Event Name="ButtonSignal" Function="OnQuestCloseBtn"/>
            </Control>
        </Control>
        <Control Class="Window" LAnchorPoint="0" LAnchorOffset="0" TAnchorPoint="0" TAnchorOffset="0" RAnchorPoint="0" RAnchorOffset="62" BAnchorPoint="1" BAnchorOffset="0" RelativeToClient="1" Font="Default" Text="" Template="Default" Name="QuestCompletedBacker" BGColor="ffffffff" TextColor="ffffffff" Picture="1" IgnoreMouse="1" Sprite="CRB_QuestTrackerSprites:sprQT_CompletedBack" Visible="0" HideInEditor="0" TooltipColor="">
            <Control Class="Button" Base="CRB_QuestTrackerSprites:btnQT_QuestRedeem" Font="Thick" ButtonType="PushButton" RadioGroup="" LAnchorPoint="0" LAnchorOffset="1" TAnchorPoint="0" TAnchorOffset="2" RAnchorPoint="0" RAnchorOffset="29" BAnchorPoint="0" BAnchorOffset="30" DT_VCENTER="1" DT_CENTER="1" Name="QuestCallbackBtn" BGColor="ffffffff" TextColor="ffffffff" Visible="1" TooltipType="OnCursor" Text="" TextId="" TooltipId="" NormalTextColor="ffffffff" PressedTextColor="ffffffff" FlybyTextColor="ffffffff" PressedFlybyTextColor="ffffffff" DisabledTextColor="ffffffff" IgnoreMouse="0" HideInEditor="0" TooltipColor="" RelativeToClient="1">
                <Event Name="ButtonSignal" Function="OnQuestCallbackBtn"/>
            </Control>
        </Control>
        <Control Class="Window" LAnchorPoint="0" LAnchorOffset="24" TAnchorPoint="0" TAnchorOffset="0" RAnchorPoint="0" RAnchorOffset="56" BAnchorPoint="0" BAnchorOffset="32" RelativeToClient="1" Font="CRB_HeaderMedium" Text="" Template="Default" Name="QuestNumberBacker" BGColor="ffffffff" TextColor="ffffffff" DT_CENTER="1" DT_VCENTER="1" Sprite="" Picture="1" IgnoreMouse="1" TooltipType="OnCursor" IgnoreTooltipDelay="1" TextId="" TooltipColor="" NewControlDepth="2">
            <Control Class="Window" LAnchorPoint="0" LAnchorOffset="1" TAnchorPoint="0" TAnchorOffset="0" RAnchorPoint="1" RAnchorOffset="-1" BAnchorPoint="1" BAnchorOffset="-1" RelativeToClient="1" Font="Default" Text="" Template="Default" TooltipType="OnCursor" Name="QuestNumberUpdateHighlight" BGColor="ffffffff" TextColor="ffffffff" TooltipColor="" Picture="1" IgnoreMouse="1" NoClip="1" Sprite="PlayerFrameSprites:sprLHRing_Yellow"/>
            <Control Class="Window" LAnchorPoint="0" LAnchorOffset="0" TAnchorPoint="0" TAnchorOffset="0" RAnchorPoint="1" RAnchorOffset="0" BAnchorPoint="1" BAnchorOffset="0" RelativeToClient="1" Font="Default" Text="" Template="Default" Name="QuestNumberBackerGlow" BGColor="ffffffff" TextColor="ffffffff" Picture="1" IgnoreMouse="1" Sprite="CRB_QuestTrackerSprites:sprQT_NumBackerHighlight" Visible="0" NoClip="0" TooltipColor="" HideInEditor="0"/>
            <Control Class="Window" LAnchorPoint="0" LAnchorOffset="4" TAnchorPoint="0" TAnchorOffset="4" RAnchorPoint="1" RAnchorOffset="0" BAnchorPoint="1" BAnchorOffset="0" RelativeToClient="1" Font="Default" Text="" Template="Default" TooltipType="OnCursor" Name="QuestNumberBackerArt" BGColor="ffffffff" TextColor="ffffffff" TooltipColor="" Sprite="CRB_QuestTrackerSprites:sprQT_NumBackerNormal" Picture="1" IgnoreMouse="1" IgnoreTooltipDelay="1"/>
            <Control Class="Window" LAnchorPoint="0" LAnchorOffset="1" TAnchorPoint="0" TAnchorOffset="7" RAnchorPoint="1" RAnchorOffset="0" BAnchorPoint="1" BAnchorOffset="0" RelativeToClient="1" Font="CRB_InterfaceSmall" Text="" Template="Default" Name="QuestNumber" BGColor="ffffffff" TextColor="ffffffff" DT_CENTER="1" TextId="Challenges_NoProgress" UseParentOpacity="0" IgnoreMouse="1" TooltipColor="" NeverBringToFront="1"/>
            <Control Name="QuestOpenLogBtn" Class="Button" ButtonType="PushButton" Base="CRB_QuestTrackerSprites:btnQT_QuestInfo" LAnchorPoint="0" LAnchorOffset="4" TAnchorPoint="0" TAnchorOffset="4" RAnchorPoint="1" RAnchorOffset="-4" BAnchorPoint="1" BAnchorOffset="-4" BGColor="ffffffff" TextColor="ffffffff" NormalTextColor="ffffffff" PressedTextColor="ffffffff" FlybyTextColor="ffffffff" PressedFlybyTextColor="ffffffff" DisabledTextColor="ffffffff" Visible="1" RelativeToClient="1" NewControlDepth="1" Sprite="" TooltipColor="" Picture="1" TooltipType="OnCursor" TooltipFont="CRB_InterfaceSmall_O" Tooltip="" TooltipId="QuestTracker_OpenLogTooltip">
                <Event Name="ButtonSignal" Function="OnQuestOpenLogBtn"/>
            </Control>
            <Event Name="MouseEnter" Function="OnQuestNumberBackerMouseEnter"/>
            <Event Name="MouseExit" Function="OnQuestNumberBackerMouseExit"/>
        </Control>
        <Control Class="Window" LAnchorPoint="0" LAnchorOffset="28" TAnchorPoint="0" TAnchorOffset="0" RAnchorPoint="1" RAnchorOffset="0" BAnchorPoint="1" BAnchorOffset="0" RelativeToClient="1" Font="Default" Text="" Template="Default" TooltipType="OnCursor" Name="ObjectiveContainer" BGColor="ffffffff" TextColor="ffffffff" TooltipColor="" Tooltip=""/>
        <Event Name="MouseEnter" Function="OnQuestItemMouseEnter"/>
        <Event Name="MouseExit" Function="OnQuestItemMouseExit"/>
    </Form>
    <Form Class="Window" LAnchorPoint="0" LAnchorOffset="0" TAnchorPoint="0" TAnchorOffset="0" RAnchorPoint="1" RAnchorOffset="0" BAnchorPoint="0" BAnchorOffset="32" RelativeToClient="1" Font="Default" Text="" Template="Default" TooltipType="OnCursor" Name="EventItem" Overlapped="1" BGColor="ffffffff" TextColor="ffffffff" TooltipColor="" IgnoreMouse="0" TransitionShowHide="0" UseTransitionSprite="0" Picture="1" Sprite="CRB_WindowAnimationSprites:sprWinAnim_BirthSmallTempDouble">
        <Control Class="Button" LAnchorPoint="0" LAnchorOffset="49" TAnchorPoint="0" TAnchorOffset="4" RAnchorPoint="1" RAnchorOffset="0" BAnchorPoint="0" BAnchorOffset="30" RelativeToClient="1" Font="Default" Text="" Template="Default" Name="ControlBackerBtn" BGColor="ffffffff" TextColor="ffffffff" Picture="0" IgnoreMouse="0" Sprite="" Visible="1" TooltipColor="" NormalTextColor="ffffffff" PressedTextColor="ffffffff" FlybyTextColor="ffffffff" PressedFlybyTextColor="ffffffff" DisabledTextColor="ffffffff" Base="btnQT_QuestBack" Tooltip="" TooltipFont="CRB_InterfaceSmall_O" TooltipId="QuestTracker_GuideTooltip" TooltipType="OnCursor">
            <Control Class="Button" Base="CRB_QuestTrackerSprites:btnQT_QuestMinimize" Font="Thick" ButtonType="Check" RadioGroup="" LAnchorPoint="1" LAnchorOffset="-20" TAnchorPoint="0" TAnchorOffset="4" RAnchorPoint="1" RAnchorOffset="-4" BAnchorPoint="0" BAnchorOffset="20" DT_VCENTER="1" DT_CENTER="1" Name="MinimizeBtn" BGColor="ccffffff" TextColor="ffffffff" NormalTextColor="ffffffff" PressedTextColor="ffffffff" FlybyTextColor="ffffffff" PressedFlybyTextColor="ffffffff" DisabledTextColor="ffffffff" Visible="0" RelativeToClient="1" TooltipColor="" Tooltip="" TooltipType="OnCursor" TooltipFont="CRB_InterfaceSmall_O" TooltipId="QuestTracker_MinimizeTooltip">
                <Event Name="ButtonCheck" Function="UpdateUIFromXML"/>
                <Event Name="ButtonUncheck" Function="UpdateUIFromXML"/>
            </Control>
            <Event Name="MouseEnter" Function="OnControlBackerMouseEnter"/>
            <Event Name="MouseExit" Function="OnControlBackerMouseExit"/>
        </Control>
        <Control Class="Window" LAnchorPoint="0" LAnchorOffset="0" TAnchorPoint="0" TAnchorOffset="0" RAnchorPoint="0" RAnchorOffset="62" BAnchorPoint="1" BAnchorOffset="0" RelativeToClient="1" Font="Default" Text="" Template="Default" Name="EventStatsBacker" BGColor="ffffffff" TextColor="ffffffff" Picture="1" IgnoreMouse="1" Sprite="CRB_QuestTrackerSprites:sprQT_CompletedBack" Visible="1" TooltipColor="" Tooltip="" HideInEditor="0">
            <Control Class="Button" Base="btnGroupBag" Font="Thick" ButtonType="PushButton" RadioGroup="" LAnchorPoint="0" LAnchorOffset="3" TAnchorPoint="0" TAnchorOffset="3" RAnchorPoint="0" RAnchorOffset="31" BAnchorPoint="1" BAnchorOffset="-3" DT_VCENTER="1" DT_CENTER="1" TooltipType="OnCursor" Name="ShowEventStatsBtn" BGColor="ffffffff" TextColor="ffffffff" TooltipColor="" NormalTextColor="ffffffff" PressedTextColor="ffffffff" FlybyTextColor="ffffffff" PressedFlybyTextColor="ffffffff" DisabledTextColor="ffffffff" HideInEditor="0" RelativeToClient="1" TooltipFont="CRB_InterfaceSmall_O" Tooltip="" TooltipId="QuestTracker_ShowEventStats">
                <Event Name="ButtonSignal" Function="OnShowEventStatsBtn"/>
            </Control>
        </Control>
        <Control Class="Window" LAnchorPoint="0" LAnchorOffset="28" TAnchorPoint="0" TAnchorOffset="4" RAnchorPoint="0" RAnchorOffset="52" BAnchorPoint="0" BAnchorOffset="28" RelativeToClient="1" Font="CRB_HeaderMedium" Text="" Template="Default" Name="EventLetterBacker" BGColor="ffffffff" TextColor="ffffffff" DT_CENTER="1" DT_VCENTER="1" Sprite="CRB_QuestTrackerSprites:sprQT_NumBackerNormalPE" Picture="1" IgnoreMouse="1" TooltipType="OnCursor" IgnoreTooltipDelay="1" TextId="" HideInEditor="0" TooltipColor="" NewControlDepth="1" Tooltip="">
            <Control Class="Window" LAnchorPoint="0" LAnchorOffset="0" TAnchorPoint="0" TAnchorOffset="0" RAnchorPoint="1" RAnchorOffset="0" BAnchorPoint="1" BAnchorOffset="0" RelativeToClient="1" Font="CRB_InterfaceSmall" Text="" Template="Default" Name="EventLetter" BGColor="ffffffff" TextColor="ff31fcf6" DT_CENTER="1" TextId="Challenges_NoProgress" UseParentOpacity="1" IgnoreMouse="1" DT_VCENTER="1" TooltipColor="" Tooltip=""/>
        </Control>
        <Control Class="MLWindow" LAnchorPoint="0" LAnchorOffset="53" TAnchorPoint="0" TAnchorOffset="6" RAnchorPoint="1" RAnchorOffset="-34" BAnchorPoint="0" BAnchorOffset="27" RelativeToClient="1" Font="CRB_InterfaceMedium_B" Text="" Template="Default" TooltipType="OnCursor" Name="TitleText" BGColor="ffffffff" TextColor="ffffffff" TooltipColor="" TextId="" DT_CENTER="0" DT_VCENTER="1" IgnoreMouse="1"/>
        <Control Class="Window" LAnchorPoint="0" LAnchorOffset="0" TAnchorPoint="0" TAnchorOffset="0" RAnchorPoint="1" RAnchorOffset="0" BAnchorPoint="1" BAnchorOffset="0" RelativeToClient="1" Font="Default" Text="" Template="Default" TooltipType="OnCursor" Name="QuestMouseCatcher" BGColor="ffffffff" TextColor="ffffffff" TooltipColor="" IgnoreMouse="1">
            <Event Name="MouseButtonDown" Function="OnQuestHintArrow"/>
        </Control>
        <Control Class="Window" LAnchorPoint="0" LAnchorOffset="28" TAnchorPoint="0" TAnchorOffset="0" RAnchorPoint="1" RAnchorOffset="0" BAnchorPoint="1" BAnchorOffset="0" RelativeToClient="1" Font="Default" Text="" Template="Default" TooltipType="OnCursor" Name="ObjectiveContainer" BGColor="ffffffff" TextColor="ffffffff" TooltipColor=""/>
    </Form>
    <Form Class="Window" LAnchorPoint="0" LAnchorOffset="0" TAnchorPoint="0" TAnchorOffset="0" RAnchorPoint="1" RAnchorOffset="0" BAnchorPoint="0" BAnchorOffset="30" RelativeToClient="1" Font="Default" Text="" Template="Default" TooltipType="OnCursor" Name="ZombieEventItem" Overlapped="1" BGColor="ffffffff" TextColor="ffffffff" TooltipColor="" IgnoreMouse="0" TransitionShowHide="0" UseTransitionSprite="0" Picture="1" Sprite="CRB_WindowAnimationSprites:sprWinAnim_BirthSmallTempDouble" Tooltip="">
        <Control Class="Button" LAnchorPoint="0" LAnchorOffset="49" TAnchorPoint="0" TAnchorOffset="4" RAnchorPoint="1" RAnchorOffset="0" BAnchorPoint="0" BAnchorOffset="27" RelativeToClient="1" Font="Default" Text="" Template="Default" Name="EventControlBacker" BGColor="ffffffff" TextColor="ffffffff" Picture="0" IgnoreMouse="0" Sprite="" Visible="1" TooltipColor="" NormalTextColor="ffffffff" PressedTextColor="ffffffff" FlybyTextColor="ffffffff" PressedFlybyTextColor="ffffffff" DisabledTextColor="ffffffff" Base="btnQT_QuestBack" TooltipType="OnCursor" TooltipFont="CRB_InterfaceSmall_O" Tooltip="" TooltipId="QuestTracker_GuideTooltip">
            <Control Class="Button" Base="CRB_QuestTrackerSprites:btnQT_QuestMinimize" Font="Thick" ButtonType="Check" RadioGroup="" LAnchorPoint="1" LAnchorOffset="-20" TAnchorPoint="0" TAnchorOffset="6" RAnchorPoint="1" RAnchorOffset="-4" BAnchorPoint="0" BAnchorOffset="22" DT_VCENTER="1" DT_CENTER="1" Name="MinimizeBtn" BGColor="ccffffff" TextColor="ffffffff" NormalTextColor="ffffffff" PressedTextColor="ffffffff" FlybyTextColor="ffffffff" PressedFlybyTextColor="ffffffff" DisabledTextColor="ffffffff" Visible="0" RelativeToClient="1" TooltipColor="">
                <Event Name="ButtonCheck" Function="UpdateUIFromXML"/>
                <Event Name="ButtonUncheck" Function="UpdateUIFromXML"/>
            </Control>
            <Event Name="MouseEnter" Function="OnEventControlBackerMouseEnter"/>
            <Event Name="MouseExit" Function="OnEventControlBackerMouseExit"/>
        </Control>
        <Control Class="Window" LAnchorPoint="0" LAnchorOffset="0" TAnchorPoint="0" TAnchorOffset="0" RAnchorPoint="0" RAnchorOffset="62" BAnchorPoint="1" BAnchorOffset="0" RelativeToClient="1" Font="Default" Text="" Template="Default" Name="QuestCompletedBacker" BGColor="ffffffff" TextColor="ffffffff" Picture="1" IgnoreMouse="1" Sprite="CRB_QuestTrackerSprites:sprQT_CompletedBack" Visible="1" TooltipColor="">
            <Control Class="Button" Base="CRB_QuestTrackerSprites:btnQT_QuestRedeem" Font="Thick" ButtonType="PushButton" RadioGroup="" LAnchorPoint="0" LAnchorOffset="1" TAnchorPoint="0" TAnchorOffset="2" RAnchorPoint="0" RAnchorOffset="29" BAnchorPoint="0" BAnchorOffset="30" DT_VCENTER="1" DT_CENTER="1" Name="QuestCallbackBtn" BGColor="ffffffff" TextColor="ffffffff" Visible="1" TooltipType="OnCursor" Text="" TextId="" TooltipId="" NormalTextColor="ffffffff" PressedTextColor="ffffffff" FlybyTextColor="ffffffff" PressedFlybyTextColor="ffffffff" DisabledTextColor="ffffffff" IgnoreMouse="0" HideInEditor="0" TooltipColor="" RelativeToClient="1">
                <Event Name="ButtonSignal" Function="OnEventCallbackBtn"/>
            </Control>
        </Control>
        <Control Class="Window" LAnchorPoint="0" LAnchorOffset="28" TAnchorPoint="0" TAnchorOffset="4" RAnchorPoint="0" RAnchorOffset="52" BAnchorPoint="0" BAnchorOffset="28" RelativeToClient="1" Font="CRB_HeaderMedium" Text="" Template="Default" Name="EventLetterBacker" BGColor="ffffffff" TextColor="ffffffff" DT_CENTER="1" DT_VCENTER="1" Sprite="CRB_QuestTrackerSprites:sprQT_NumBackerNormalPE" Picture="1" IgnoreMouse="1" TooltipType="OnCursor" IgnoreTooltipDelay="1" TextId="" HideInEditor="0" TooltipColor="" NewControlDepth="1">
            <Control Class="Window" LAnchorPoint="0" LAnchorOffset="0" TAnchorPoint="0" TAnchorOffset="0" RAnchorPoint="1" RAnchorOffset="0" BAnchorPoint="1" BAnchorOffset="0" RelativeToClient="1" Font="CRB_InterfaceSmall" Text="88" Template="Default" Name="EventLetter" BGColor="ffffffff" TextColor="ff31fcf6" DT_CENTER="1" TextId="" UseParentOpacity="1" IgnoreMouse="1" DT_VCENTER="1" TooltipColor="" Tooltip="" TooltipId="CRB___"/>
        </Control>
        <Control Class="MLWindow" LAnchorPoint="0" LAnchorOffset="53" TAnchorPoint="0" TAnchorOffset="6" RAnchorPoint="1" RAnchorOffset="-34" BAnchorPoint="1" BAnchorOffset="0" RelativeToClient="1" Font="CRB_InterfaceMedium_B" Text="" Template="Default" TooltipType="OnCursor" Name="TitleText" BGColor="ffffffff" TextColor="ffffffff" TooltipColor="" TextId="" DT_CENTER="0" DT_VCENTER="1" IgnoreMouse="1"/>
        <Control Class="Window" LAnchorPoint="0" LAnchorOffset="0" TAnchorPoint="0" TAnchorOffset="0" RAnchorPoint="1" RAnchorOffset="0" BAnchorPoint="1" BAnchorOffset="0" RelativeToClient="1" Font="Default" Text="" Template="Default" TooltipType="OnCursor" Name="QuestMouseCatcher" BGColor="ffffffff" TextColor="ffffffff" TooltipColor="" IgnoreMouse="1">
            <Event Name="MouseButtonDown" Function="OnQuestHintArrow"/>
        </Control>
    </Form>
    <Form Class="Window" LAnchorPoint="0" LAnchorOffset="0" TAnchorPoint="0" TAnchorOffset="0" RAnchorPoint="1" RAnchorOffset="0" BAnchorPoint="0" BAnchorOffset="20" RelativeToClient="1" Font="Default" Text="" Template="Default" TooltipType="OnCursor" Name="QuestObjectiveItem" Border="0" Picture="0" SwallowMouseClicks="1" Moveable="0" Escapable="0" Overlapped="1" BGColor="ffffffff" TextColor="ffffffff" TooltipColor="" IgnoreMouse="1" Sprite="" Tooltip="">
        <Control Class="Button" LAnchorPoint="0" LAnchorOffset="0" TAnchorPoint="0" TAnchorOffset="-2" RAnchorPoint="1" RAnchorOffset="0" BAnchorPoint="1" BAnchorOffset="2" RelativeToClient="1" Font="Default" Text="" Template="Default" TooltipType="OnCursor" Name="QuestObjectiveBtn" Overlapped="1" BGColor="ffffffff" TextColor="ffffffff" TooltipColor="" NormalTextColor="ffffffff" PressedTextColor="ffffffff" FlybyTextColor="ffffffff" PressedFlybyTextColor="ffffffff" DisabledTextColor="ffffffff" Base="CRB_QuestTrackerSprites:btnQT_QuestBack" Tooltip="" Picture="0" Sprite="" ProcessRightClick="1">
            <Control Class="MLWindow" LAnchorPoint="0" LAnchorOffset="25" TAnchorPoint="0" TAnchorOffset="2" RAnchorPoint="1" RAnchorOffset="0" BAnchorPoint="1" BAnchorOffset="0" RelativeToClient="1" Font="CRB_InterfaceSmall" Text="" Template="Default" TooltipType="OnCursor" Name="QuestObjectiveText" BGColor="ffffffff" TextColor="ffffffff" TooltipColor="" TextId="" DT_CENTER="0" DT_VCENTER="1" IgnoreMouse="1" Tooltip=""/>
            <Event Name="ButtonSignal" Function="OnQuestObjectiveHintArrow"/>
        </Control>
    </Form>
    <Form Class="Window" LAnchorPoint="0" LAnchorOffset="44" TAnchorPoint="1" TAnchorOffset="-30" RAnchorPoint="1" RAnchorOffset="0" BAnchorPoint="1" BAnchorOffset="0" RelativeToClient="1" Font="Default" Text="" Template="Default" TooltipType="OnCursor" Name="SwapToPvP" Border="0" Picture="0" SwallowMouseClicks="1" Moveable="0" Escapable="0" Overlapped="0" BGColor="ffffffff" TextColor="ffffffff" TooltipColor="" IgnoreMouse="1">
        <Control Class="Button" Base="BK3:btnHolo_Blue_Small" Font="CRB_Button" ButtonType="PushButton" RadioGroup="" LAnchorPoint="0" LAnchorOffset="0" TAnchorPoint="0" TAnchorOffset="-17" RAnchorPoint="1" RAnchorOffset="0" BAnchorPoint="0" BAnchorOffset="36" DT_VCENTER="1" DT_CENTER="1" TooltipType="OnCursor" Name="SwapToPvPBtn" BGColor="ffffffff" TextColor="ffffffff" TooltipColor="" NormalTextColor="UI_BtnTextBlueNormal" PressedTextColor="UI_BtnTextBluePressed" FlybyTextColor="UI_BtnTextBlueFlyby" PressedFlybyTextColor="UI_BtnTextBluePressedFlyby" DisabledTextColor="UI_BtnTextBlueDisabled" Text="" TextId="QuestTracker_PvPOnly" NewWindowDepth="1" Visible="1" NoClip="1" RelativeToClient="1" Tooltip="" TooltipId="CRB___" TestAlpha="1">
            <Event Name="ButtonSignal" Function="OnSwapToPvPBtn"/>
        </Control>
    </Form>
    <Form Class="Window" LAnchorPoint="0" LAnchorOffset="44" TAnchorPoint="1" TAnchorOffset="-25" RAnchorPoint="1" RAnchorOffset="0" BAnchorPoint="1" BAnchorOffset="0" RelativeToClient="1" Font="Default" Text="" Template="Default" TooltipType="OnCursor" Name="SwapToDungeons" Border="0" Picture="0" SwallowMouseClicks="1" Moveable="0" Escapable="0" Overlapped="0" BGColor="ffffffff" TextColor="ffffffff" TooltipColor="" IgnoreMouse="1" NoClip="0">
        <Control Class="Button" Base="BK3:btnHolo_Blue_Small" Font="CRB_Button" ButtonType="PushButton" RadioGroup="" LAnchorPoint="0" LAnchorOffset="0" TAnchorPoint="0" TAnchorOffset="-17" RAnchorPoint="1" RAnchorOffset="0" BAnchorPoint="0" BAnchorOffset="36" DT_VCENTER="1" DT_CENTER="1" TooltipType="OnCursor" Name="SwapToDungeonsBtn" BGColor="ffffffff" TextColor="ffffffff" TooltipColor="" NormalTextColor="UI_BtnTextBlueNormal" PressedTextColor="UI_BtnTextBluePressed" FlybyTextColor="UI_BtnTextBlueFlyby" PressedFlybyTextColor="UI_BtnTextBluePressedFlyby" DisabledTextColor="UI_BtnTextBlueDisabled" Text="" TextId="QuestTracker_DungeonsOnly" NewWindowDepth="1" Visible="1" NoClip="1" Overlapped="0" RelativeToClient="1" TestAlpha="1">
            <Event Name="ButtonSignal" Function="OnSwapToDungeonsBtn"/>
        </Control>
    </Form>
    <Form Class="Window" LAnchorPoint="0" LAnchorOffset="44" TAnchorPoint="1" TAnchorOffset="-25" RAnchorPoint="1" RAnchorOffset="0" BAnchorPoint="1" BAnchorOffset="0" RelativeToClient="1" Font="Default" Text="" Template="Default" TooltipType="OnCursor" Name="SwapToQuests" Border="0" Picture="0" SwallowMouseClicks="1" Moveable="0" Escapable="0" Overlapped="0" BGColor="ffffffff" TextColor="ffffffff" TooltipColor="" IgnoreMouse="1" NoClip="0" Tooltip="">
        <Control Class="Button" Base="BK3:btnHolo_Blue_Small" Font="CRB_Button" ButtonType="PushButton" RadioGroup="" LAnchorPoint="0" LAnchorOffset="0" TAnchorPoint="0" TAnchorOffset="-17" RAnchorPoint="1" RAnchorOffset="0" BAnchorPoint="0" BAnchorOffset="36" DT_VCENTER="1" DT_CENTER="1" TooltipType="OnCursor" Name="SwapToQuestsBtn" BGColor="ffffffff" TextColor="ffffffff" TooltipColor="" NormalTextColor="UI_BtnTextBlueNormal" PressedTextColor="UI_BtnTextBluePressed" FlybyTextColor="UI_BtnTextBlueFlyby" PressedFlybyTextColor="UI_BtnTextBluePressedFlyby" DisabledTextColor="UI_BtnTextBlueDisabled" Text="" TextId="QuestTracker_ViewQuests" NewWindowDepth="1" Visible="1" NoClip="1" Overlapped="0" RelativeToClient="1" TestAlpha="1">
            <Event Name="ButtonSignal" Function="OnSwapToQuestsBtn"/>
        </Control>
    </Form>
    <Form Class="Window" LAnchorPoint="0" LAnchorOffset="0" TAnchorPoint="1" TAnchorOffset="-16" RAnchorPoint="1" RAnchorOffset="0" BAnchorPoint="1" BAnchorOffset="0" RelativeToClient="1" Font="Default" Text="" Template="Default" Name="QuestProgressItem" BGColor="ffffffff" TextColor="ffffffff" TooltipColor="" Tooltip="">
        <Control Class="ProgressBar" Text="" LAnchorPoint="0" LAnchorOffset="21" TAnchorPoint="0" TAnchorOffset="-9" RAnchorPoint="1" RAnchorOffset="-3" BAnchorPoint="0" BAnchorOffset="8" AutoSetText="0" UseValues="0" RelativeToClient="1" SetTextToProgress="0" ProgressFull="CRB_UIKitSprites:spr_progressbarSLIM_BlueFill" Name="QuestProgressBar" BGColor="ffffffff" TextColor="ffffffff" ProgressEdgeGlow="CRB_UIKitSprites:spr_progressbarSLIM_BlueCap" EdgeGlow="0" IgnoreMouse="1" TooltipColor="" BarColor="" NoClipEdgeGlow="0" Sprite="" Picture="0" NoClip="1"/>
        <Pixie LAnchorPoint="0" LAnchorOffset="25" TAnchorPoint="0" TAnchorOffset="-3" RAnchorPoint="1" RAnchorOffset="-8" BAnchorPoint="0" BAnchorOffset="7" BGColor="ffffffff" Font="Default" TextColor="ffffffff" Text="" Sprite="CRB_UIKitSprites:spr_progressbarSLIM" Line="0"/>
    </Form>
    <Form Class="Window" LAnchorPoint="0" LAnchorOffset="0" TAnchorPoint="1" TAnchorOffset="-20" RAnchorPoint="1" RAnchorOffset="0" BAnchorPoint="1" BAnchorOffset="-1" RelativeToClient="1" Font="Default" Text="" Template="Default" Name="PublicProgressItem" BGColor="ffffffff" TextColor="ffffffff" TooltipColor="" Tooltip="">
        <Control Class="Window" LAnchorPoint="0" LAnchorOffset="26" TAnchorPoint="0" TAnchorOffset="-3" RAnchorPoint="0" RAnchorOffset="61" BAnchorPoint="0" BAnchorOffset="17" RelativeToClient="1" Font="CRB_InterfaceMedium" Text="44%" Template="Default" Name="PublicProgressText" BGColor="ffffffff" TextColor="ffc1d9cc" TextId="" DT_VCENTER="1" TooltipColor=""/>
        <Control Class="ProgressBar" Text="" LAnchorPoint="0" LAnchorOffset="60" TAnchorPoint="0" TAnchorOffset="0" RAnchorPoint="1" RAnchorOffset="-3" BAnchorPoint="0" BAnchorOffset="17" AutoSetText="0" UseValues="0" RelativeToClient="1" SetTextToProgress="0" ProgressFull="CRB_UIKitSprites:spr_progressbarSLIM_BlueFill" Name="PublicProgressBar" BGColor="ffffffff" TextColor="ffffffff" ProgressEdgeGlow="CRB_UIKitSprites:spr_progressbarSLIM_BlueCap" EdgeGlow="0" IgnoreMouse="1" TooltipColor="" BarColor="" NoClipEdgeGlow="0" Sprite="" Picture="0" NoClip="1"/>
        <Pixie LAnchorPoint="0" LAnchorOffset="64" TAnchorPoint="0" TAnchorOffset="6" RAnchorPoint="1" RAnchorOffset="-8" BAnchorPoint="1" BAnchorOffset="0" BGColor="ffffffff" Font="Default" TextColor="ffffffff" Text="" Sprite="CRB_UIKitSprites:spr_progressbarSLIM" Line="0"/>
    </Form>
    <Form Class="Window" LAnchorPoint="0" LAnchorOffset="0" TAnchorPoint="0" TAnchorOffset="0" RAnchorPoint="1" RAnchorOffset="0" BAnchorPoint="0" BAnchorOffset="33" RelativeToClient="1" Font="Default" Text="" Template="Default" TooltipType="OnCursor" Name="SpellItem" Border="0" Picture="1" SwallowMouseClicks="1" Moveable="0" Escapable="0" Overlapped="1" BGColor="ffffffff" TextColor="ffffffff" TooltipColor="" IgnoreMouse="1" Sprite="">
        <Control Name="SpellItemBtn" Class="ActionBarButton" ContentType="TSQBar" ContentId="0" Base="Button_ActionBarBlank" LAnchorPoint="0" LAnchorOffset="-4" TAnchorPoint="0" TAnchorOffset="4" RAnchorPoint="0" RAnchorOffset="21" BAnchorPoint="0" BAnchorOffset="29" Visible="1" RelativeToClient="1" WindowSoundTemplate="ActionBarButton" BGColor="ffffffff" TextColor="ffffffff" IgnoreMouse="0" TooltipColor="" TooltipType="OnCursor" Tooltip="" Text="" NoClip="1"/>
        <Control Class="Window" LAnchorPoint="0" LAnchorOffset="25" TAnchorPoint="0" TAnchorOffset="0" RAnchorPoint="1" RAnchorOffset="0" BAnchorPoint="1" BAnchorOffset="0" RelativeToClient="1" Font="CRB_InterfaceMedium" Text="" Template="Default" TooltipType="OnCursor" Name="SpellItemText" BGColor="ffffffff" TextColor="ffffffff" TooltipColor="" DT_VCENTER="1" TextId="Challenges_NoProgress"/>
    </Form>
    <Form Name="SpellItemObjectiveBtn" Class="ActionBarButton" ContentType="TSQBar" ContentId="0" Base="Button_ActionBarBlank" LAnchorPoint="0" LAnchorOffset="0" TAnchorPoint="0" TAnchorOffset="5" RAnchorPoint="0" RAnchorOffset="23" BAnchorPoint="0" BAnchorOffset="28" Visible="1" RelativeToClient="1" WindowSoundTemplate="ActionBarButton" BGColor="ffffffff" TextColor="ffffffff" IgnoreMouse="0" TooltipColor="" TooltipType="OnCursor" Tooltip="" Text="" NoClip="0" Picture="1" Overlapped="1" Sprite="">
        <Event Name="GenerateTooltip" Function="OnGenerateTooltip"/>
    </Form>
    <Form Class="Window" LAnchorPoint="0" LAnchorOffset="0" TAnchorPoint="0" TAnchorOffset="0" RAnchorPoint="1" RAnchorOffset="0" BAnchorPoint="0" BAnchorOffset="28" RelativeToClient="1" Font="Default" Text="" Template="Default" TooltipType="OnCursor" Name="EpisodeGroupItem" Overlapped="1" BGColor="ffffffff" TextColor="ffffffff" TooltipColor="" IgnoreMouse="1" TransitionShowHide="0" Picture="1" Sprite="" Tooltip="">
        <Control Class="Window" LAnchorPoint="0" LAnchorOffset="28" TAnchorPoint="0" TAnchorOffset="0" RAnchorPoint="1" RAnchorOffset="-28" BAnchorPoint="0" BAnchorOffset="30" RelativeToClient="1" Font="CRB_HeaderTiny" Text="" Template="Default" TooltipType="OnCursor" Name="EpisodeGroupTitle" BGColor="ffffffff" TextColor="UI_TextHoloTitle" TooltipColor="" TextId="" DT_CENTER="0" DT_VCENTER="1" Sprite="" Picture="1" IgnoreMouse="1"/>
        <Control Class="Window" LAnchorPoint="0" LAnchorOffset="0" TAnchorPoint="0" TAnchorOffset="22" RAnchorPoint="1" RAnchorOffset="0" BAnchorPoint="1" BAnchorOffset="0" RelativeToClient="1" Font="Default" Text="" Template="Default" TooltipType="OnCursor" Name="EpisodeGroupContainer" BGColor="ffffffff" TextColor="ffffffff" TooltipColor=""/>
    </Form>
</Forms>
