<?xml version="1.0" encoding="UTF-8" standalone="yes" ?>
<Forms>
    <Form Class="Window" LAnchorPoint="1" LAnchorOffset="-1037" TAnchorPoint="0" TAnchorOffset="0" RAnchorPoint="1" RAnchorOffset="-330" BAnchorPoint="0" BAnchorOffset="700" RelativeToClient="1" Font="Default" Text="" Name="EngravingStationForm" Moveable="1" Escapable="1" Overlapped="1" BGColor="ffffffff" TextColor="ffffffff" TextId="" TooltipColor="" Tooltip="" Picture="1" Sprite="" RightEdgeControlsAnchor="EngravingStationForm_Right" TopEdgeControlsAnchor="EngravingStationForm_Top">
        <Control Class="Window" LAnchorPoint="0" LAnchorOffset="25" TAnchorPoint="0" TAnchorOffset="25" RAnchorPoint="0.5" RAnchorOffset="-12" BAnchorPoint="1" BAnchorOffset="-80" RelativeToClient="1" Font="Default" Text="" Template="Default" TooltipType="OnCursor" Name="Runes" BGColor="ffffffff" TextColor="ffffffff" TooltipColor="" Tooltip="">
            <Control Class="Button" Base="CRB_Basekit:kitBtn_Metal_Tab" Font="CRB_InterfaceSmall_O" ButtonType="Check" RadioGroup="EngravingStation_CreateFilter_LocalRadioGroup" LAnchorPoint="0" LAnchorOffset="8" TAnchorPoint="0" TAnchorOffset="27" RAnchorPoint="0" RAnchorOffset="94" BAnchorPoint="0" BAnchorOffset="79" DT_VCENTER="1" DT_CENTER="1" TooltipType="OnCursor" Name="CreateFilterElement" BGColor="ffffffff" TextColor="ffffffff" TooltipColor="" NormalTextColor="UI_BtnTextHoloListNormal" PressedTextColor="ffffffff" FlybyTextColor="UI_BtnTextHoloListFlyby" PressedFlybyTextColor="UI_BtnTextHoloListPressedFlyby" DisabledTextColor="UI_BtnTextHoloListDisabled" Text="" TextId="EngravingStation_Element" DT_RIGHT="0" GlobalRadioGroup="" RadioDisallowNonSelection="1" RelativeToClient="1" TestAlpha="0" NeverBringToFront="1">
                <Event Name="ButtonCheck" Function="RedrawAll"/>
            </Control>
            <Control Class="Button" Base="CRB_Basekit:kitBtn_Metal_Tab" Font="CRB_InterfaceSmall_O" ButtonType="Check" RadioGroup="EngravingStation_CreateFilter_LocalRadioGroup" LAnchorPoint="0.5" LAnchorOffset="-43" TAnchorPoint="0" TAnchorOffset="27" RAnchorPoint="0.5" RAnchorOffset="43" BAnchorPoint="0" BAnchorOffset="79" DT_VCENTER="1" DT_CENTER="1" TooltipType="OnCursor" Name="CreateFilterSet" BGColor="ffffffff" TextColor="ffffffff" TooltipColor="" NormalTextColor="UI_BtnTextHoloListNormal" PressedTextColor="ffffffff" FlybyTextColor="UI_BtnTextHoloListFlyby" PressedFlybyTextColor="UI_BtnTextHoloListPressedFlyby" DisabledTextColor="UI_BtnTextHoloListDisabled" Text="" TextId="CRB_Set" DT_RIGHT="0" GlobalRadioGroup="" RadioDisallowNonSelection="1" RelativeToClient="1" TestAlpha="0" NeverBringToFront="1">
                <Event Name="ButtonCheck" Function="RedrawAll"/>
            </Control>
            <Control Class="Button" Base="CRB_Basekit:kitBtn_Metal_Tab" Font="CRB_InterfaceSmall_O" ButtonType="Check" RadioGroup="EngravingStation_CreateFilter_LocalRadioGroup" LAnchorPoint="1" LAnchorOffset="-94" TAnchorPoint="0" TAnchorOffset="27" RAnchorPoint="1" RAnchorOffset="-8" BAnchorPoint="0" BAnchorOffset="79" DT_VCENTER="1" DT_CENTER="1" TooltipType="OnCursor" Name="CreateFilterStat" BGColor="ffffffff" TextColor="ffffffff" TooltipColor="" NormalTextColor="UI_BtnTextHoloListNormal" PressedTextColor="ffffffff" FlybyTextColor="UI_BtnTextHoloListFlyby" PressedFlybyTextColor="UI_BtnTextHoloListPressedFlyby" DisabledTextColor="UI_BtnTextHoloListDisabled" Text="" TextId="EngravingStation_Stat" DT_RIGHT="0" GlobalRadioGroup="" RadioDisallowNonSelection="1" RelativeToClient="1" TestAlpha="0" NeverBringToFront="1">
                <Event Name="ButtonCheck" Function="RedrawAll"/>
            </Control>
            <Control Class="Window" LAnchorPoint="0" LAnchorOffset="0" TAnchorPoint="0" TAnchorOffset="81" RAnchorPoint="1" RAnchorOffset="0" BAnchorPoint="1" BAnchorOffset="0" RelativeToClient="1" Font="Default" Text="" Template="CRB_Scroll_MetalLarge" TooltipType="OnCursor" Name="RuneCreationListItem" BGColor="ffffffff" TextColor="ffffffff" TooltipColor="" VScroll="1" IgnoreMouse="1"/>
            <Pixie LAnchorPoint="0" LAnchorOffset="0" TAnchorPoint="0" TAnchorOffset="3" RAnchorPoint="1" RAnchorOffset="0" BAnchorPoint="0" BAnchorOffset="33" BGColor="ffffffff" Font="Default" TextColor="ffffffff" Text="" Sprite="CRB_Basekit:kitHeader_HoloLines_Title" Line="0"/>
            <Pixie LAnchorPoint="0" LAnchorOffset="0" TAnchorPoint="0" TAnchorOffset="6" RAnchorPoint="1" RAnchorOffset="0" BAnchorPoint="0" BAnchorOffset="26" BGColor="ffffffff" Font="CRB_InterfaceSmall_O" TextColor="UI_TextHoloBody" Text="" TextId="EngravingStation_CreateARune" DT_CENTER="1" Line="0"/>
            <Pixie LAnchorPoint="0" LAnchorOffset="0" TAnchorPoint="0" TAnchorOffset="31" RAnchorPoint="1" RAnchorOffset="0" BAnchorPoint="0" BAnchorOffset="81" BGColor="ffffffff" Font="Default" TextColor="ffffffff" Text="" Sprite="CRB_Basekit:kitFooter_MetalGrey_Square" Line="0"/>
        </Control>
        <Control Class="Window" LAnchorPoint="0.5" LAnchorOffset="12" TAnchorPoint="0" TAnchorOffset="25" RAnchorPoint="1" RAnchorOffset="-25" BAnchorPoint="1" BAnchorOffset="-80" RelativeToClient="1" Font="Default" Text="" Template="Default" TooltipType="OnCursor" Name="ItemColumn" BGColor="ffffffff" TextColor="ffffffff" TooltipColor="" NewControlDepth="1" Picture="1" IgnoreMouse="1" Sprite="">
            <Control Class="Button" Base="CRB_Basekit:kitBtn_Metal_Tab" Font="CRB_InterfaceSmall_O" ButtonType="Check" RadioGroup="EngravingStation_BGHeader_LocalRadioGroup" LAnchorPoint="0" LAnchorOffset="8" TAnchorPoint="0" TAnchorOffset="27" RAnchorPoint="0.5" RAnchorOffset="-4" BAnchorPoint="0" BAnchorOffset="79" DT_VCENTER="1" DT_CENTER="1" TooltipType="OnCursor" Name="HeaderEquippedBtn" BGColor="ffffffff" TextColor="ffffffff" TooltipColor="" NormalTextColor="UI_BtnTextHoloListNormal" PressedTextColor="ffffffff" FlybyTextColor="UI_BtnTextHoloListFlyby" PressedFlybyTextColor="UI_BtnTextHoloListPressedFlyby" DisabledTextColor="UI_BtnTextHoloListDisabled" Text="" TextId="EngravingStation_Equipped" DT_RIGHT="0" GlobalRadioGroup="" RadioDisallowNonSelection="1" RelativeToClient="1" TestAlpha="0" NeverBringToFront="1" Visible="1" HideInEditor="0">
                <Event Name="ButtonCheck" Function="RedrawAll"/>
            </Control>
            <Control Class="Button" Base="CRB_Basekit:kitBtn_Metal_Tab" Font="CRB_InterfaceSmall_O" ButtonType="Check" RadioGroup="EngravingStation_BGHeader_LocalRadioGroup" LAnchorPoint="0.5" LAnchorOffset="4" TAnchorPoint="0" TAnchorOffset="27" RAnchorPoint="1" RAnchorOffset="-8" BAnchorPoint="0" BAnchorOffset="79" DT_VCENTER="1" DT_CENTER="1" TooltipType="OnCursor" Name="HeaderBagBtn" BGColor="ffffffff" TextColor="ffffffff" TooltipColor="" NormalTextColor="UI_BtnTextHoloListNormal" PressedTextColor="ffffffff" FlybyTextColor="UI_BtnTextHoloListFlyby" PressedFlybyTextColor="UI_BtnTextHoloListPressedFlyby" DisabledTextColor="UI_BtnTextHoloListDisabled" Text="" TextId="InputAction_BagWindow" DT_RIGHT="0" GlobalRadioGroup="" RadioDisallowNonSelection="1" RelativeToClient="1" TestAlpha="0" DrawAsCheckbox="0" NeverBringToFront="1" Visible="1" HideInEditor="0">
                <Event Name="ButtonCheck" Function="RedrawAll"/>
            </Control>
            <Control Class="Window" LAnchorPoint="0" LAnchorOffset="0" TAnchorPoint="0" TAnchorOffset="82" RAnchorPoint="1" RAnchorOffset="0" BAnchorPoint="1" BAnchorOffset="0" RelativeToClient="1" Font="CRB_InterfaceMedium" Text="" Template="CRB_Scroll_MetalLarge" TooltipType="OnCursor" Name="MainItemList" BGColor="ffffffff" TextColor="UI_TextMetalBodyHighlight" TooltipColor="" Visible="1" TextId="" VScroll="1" IgnoreMouse="1" DT_CENTER="1" DT_VCENTER="1"/>
            <Pixie LAnchorPoint="0" LAnchorOffset="0" TAnchorPoint="0" TAnchorOffset="0" RAnchorPoint="1" RAnchorOffset="0" BAnchorPoint="0" BAnchorOffset="33" Sprite="CRB_Basekit:kitHeader_HoloLines_Title" BGColor="white" TextColor="black" Rotation="0" Font="Default" Text=""/>
            <Pixie LAnchorPoint="0" LAnchorOffset="0" TAnchorPoint="0" TAnchorOffset="6" RAnchorPoint="1" RAnchorOffset="0" BAnchorPoint="0" BAnchorOffset="36" Sprite="" BGColor="white" TextColor="UI_TextHoloBody" Rotation="0" Font="CRB_InterfaceSmall_O" Text="" TextId="EngravingStation_ItemsWithSlots" DT_CENTER="1"/>
            <Pixie LAnchorPoint="0" LAnchorOffset="0" TAnchorPoint="0" TAnchorOffset="31" RAnchorPoint="1" RAnchorOffset="0" BAnchorPoint="0" BAnchorOffset="81" BGColor="ffffffff" Font="Default" TextColor="ffffffff" Text="" Sprite="CRB_Basekit:kitFooter_MetalGrey_Square" Line="0"/>
        </Control>
        <Event Name="WindowClosed" Function="OnClose"/>
        <Control Class="Window" LAnchorPoint="0" LAnchorOffset="0" TAnchorPoint="0" TAnchorOffset="0" RAnchorPoint="1" RAnchorOffset="0" BAnchorPoint="1" BAnchorOffset="0" RelativeToClient="1" Font="Default" Text="" Template="Default" TooltipType="OnCursor" Name="BGFrame" BGColor="ffffffff" TextColor="ffffffff" TooltipColor="" Sprite="CRB_Basekit:kitOuterFrame_MetalGold_Small3" Picture="1" IgnoreMouse="1" NewControlDepth="1"/>
        <Control Class="Window" LAnchorPoint="0" LAnchorOffset="4" TAnchorPoint="1" TAnchorOffset="-88" RAnchorPoint="1" RAnchorOffset="-4" BAnchorPoint="1" BAnchorOffset="-4" RelativeToClient="1" Font="Default" Text="" Template="Default" TooltipType="OnCursor" Name="BGFooter" BGColor="ffffffff" TextColor="ffffffff" TooltipColor="" Picture="1" IgnoreMouse="1" Sprite="CRB_Basekit:kitFooter_MetalGold_Angled" Tooltip="" NewControlDepth="1">
            <Control Class="Window" LAnchorPoint="0" LAnchorOffset="30" TAnchorPoint="1" TAnchorOffset="-60" RAnchorPoint="0" RAnchorOffset="177" BAnchorPoint="1" BAnchorOffset="-20" RelativeToClient="1" Font="CRB_InterfaceSmall" Text="" Template="Default" TooltipType="OnCursor" Name="PlayerCashContainer" BGColor="ffffffff" TextColor="UI_TextMetalBodyHighlight" TooltipColor="" TextId="CoordCrafting_PlayerCashLabel">
                <Control Class="CashWindow" LAnchorPoint="0" LAnchorOffset="0" TAnchorPoint="0" TAnchorOffset="16" RAnchorPoint="1" RAnchorOffset="0" BAnchorPoint="0" BAnchorOffset="36" TooltipType="OnCursor" RelativeToClient="1" Font="CRB_InterfaceSmall" Text="" Template="Default" BGColor="ffffffff" TextColor="UI_TextMetalBodyHighlight" DT_RIGHT="0" Name="PlayerCashWindow" TooltipColor=""/>
            </Control>
            <Control Class="Window" LAnchorPoint="1" LAnchorOffset="-217" TAnchorPoint="1" TAnchorOffset="-60" RAnchorPoint="1" RAnchorOffset="-70" BAnchorPoint="1" BAnchorOffset="-20" RelativeToClient="1" Font="CRB_InterfaceSmall" Text="" Template="Default" TooltipType="OnCursor" Name="OpenSetsLabel" BGColor="ffffffff" TextColor="UI_TextMetalBodyHighlight" TooltipColor="" TextId="EngravingStation_ViewSets" DT_RIGHT="1"/>
            <Control Class="Window" LAnchorPoint="1" LAnchorOffset="-71" TAnchorPoint="1" TAnchorOffset="-69" RAnchorPoint="1" RAnchorOffset="-13" BAnchorPoint="1" BAnchorOffset="-11" RelativeToClient="1" Font="Default" Text="" Template="Default" TooltipType="OnCursor" Name="OpenSetsBorder" BGColor="ffffffff" TextColor="ffffffff" TooltipColor="" Sprite="CRB_BaseBarSprites:sprHUD_InventoryBacker" Picture="0" IgnoreMouse="1" NewControlDepth="1" Tooltip="">
                <Control Class="Button" Base="CRB_Basekit:kitBtn_Holo" Font="Thick" ButtonType="PushButton" RadioGroup="" LAnchorPoint="0" LAnchorOffset="10" TAnchorPoint="0" TAnchorOffset="10" RAnchorPoint="1" RAnchorOffset="-10" BAnchorPoint="1" BAnchorOffset="-10" Name="OpenSetsBtn" BGColor="ffffffff" TextColor="ffffffff" NormalTextColor="ffffffff" PressedTextColor="ffffffff" FlybyTextColor="ffffffff" PressedFlybyTextColor="ffffffff" DisabledTextColor="ffffffff" RelativeToClient="1" TooltipColor="" IgnoreTooltipDelay="1" TooltipType="OnCursor" TooltipFont="CRB_InterfaceSmall_O" Tooltip="" TooltipId="" Text="">
                    <Event Name="ButtonSignal" Function="OnOpenSetsBtn"/>
                    <Pixie LAnchorPoint="0" LAnchorOffset="4" TAnchorPoint="0" TAnchorOffset="4" RAnchorPoint="1" RAnchorOffset="-4" BAnchorPoint="1" BAnchorOffset="-4" BGColor="ffffffff" Font="Default" TextColor="ffffffff" Text="" Sprite="ClientSprites:Icon_Mission_Explorer_ActivateChecklist" Line="0"/>
                </Control>
                <Control Class="Window" LAnchorPoint="0" LAnchorOffset="0" TAnchorPoint="0" TAnchorOffset="0" RAnchorPoint="1" RAnchorOffset="0" BAnchorPoint="1" BAnchorOffset="0" RelativeToClient="1" Font="Default" Text="" Template="Default" TooltipType="OnCursor" Name="OpenSetsBorderArt" BGColor="ffffffff" TextColor="ffffffff" TooltipColor="" Picture="1" IgnoreMouse="1" Sprite="CRB_Basekit:kitInnerFrame_MetalGrey_Small" NewControlDepth="5"/>
            </Control>
        </Control>
        <Pixie LAnchorPoint="0" LAnchorOffset="20" TAnchorPoint="0" TAnchorOffset="20" RAnchorPoint="1" RAnchorOffset="-20" BAnchorPoint="1" BAnchorOffset="-20" BGColor="ffffffff" Font="Default" TextColor="ffffffff" Text="" Sprite="CRB_Basekit:kitBase_MetalGrey_Large" Line="0"/>
        <Control Class="Button" Base="CRB_Basekit:kitBtn_Close" Font="Thick" ButtonType="PushButton" RadioGroup="" LAnchorPoint="1" LAnchorOffset="-39" TAnchorPoint="0" TAnchorOffset="12" RAnchorPoint="1" RAnchorOffset="-12" BAnchorPoint="0" BAnchorOffset="41" DT_VCENTER="1" DT_CENTER="1" Name="CloseButton" BGColor="ffffffff" TextColor="ffffffff" WindowSoundTemplate="CloseWindowPhys" Text="" TextId="" TooltipColor="" NormalTextColor="ffffffff" PressedTextColor="ffffffff" FlybyTextColor="ffffffff" PressedFlybyTextColor="ffffffff" DisabledTextColor="ffffffff">
            <Event Name="ButtonSignal" Function="OnClose"/>
        </Control>
        <Control Class="BagWindow" LAnchorPoint="0" LAnchorOffset="0" TAnchorPoint="0" TAnchorOffset="0" RAnchorPoint="0" RAnchorOffset="0" BAnchorPoint="0" BAnchorOffset="0" RelativeToClient="0" Sprite="CRB_UIKitSprites:spr_baseframe" SquareSize="50" BoxesPerRow="5" Template="CRB_Normal" TooltipType="OnCursor" Border="0" NoClip="1" SwallowMouseClicks="1" UseTemplateBG="1" VScroll="0" IgnoreTooltipDelay="1" NewQuestOverlaySprite="ClientSprites:sprItem_NewQuest" Name="HiddenBagWindow" BGColor="ffffffff" TextColor="ffffffff" TooltipColor="" HideInEditor="1" Visible="0"/>
        <Pixie LAnchorPoint="0.5" LAnchorOffset="-12" TAnchorPoint="0" TAnchorOffset="20" RAnchorPoint="0.5" RAnchorOffset="11" BAnchorPoint="1" BAnchorOffset="-20" BGColor="ffffffff" Font="Default" TextColor="ffffffff" Text="" Sprite="CRB_QuestLog:sprQuestLog_Metal_VerticalDivider" Line="0"/>
    </Form>
    <Form Class="Window" LAnchorPoint="0" LAnchorOffset="0" TAnchorPoint="0" TAnchorOffset="0" RAnchorPoint="0" RAnchorOffset="296" BAnchorPoint="0" BAnchorOffset="105" RelativeToClient="1" Font="Default" Text="" Template="Default" TooltipType="OnCursor" Name="EquipmentItem" Border="0" Picture="1" SwallowMouseClicks="1" Overlapped="1" BGColor="ffffffff" TextColor="ffffffff" TooltipColor="" IgnoreMouse="1" Sprite="CRB_Basekit:kitBase_MetalGold_Small" Tooltip="">
        <Control Class="Window" LAnchorPoint="0" LAnchorOffset="10" TAnchorPoint="0" TAnchorOffset="8" RAnchorPoint="1" RAnchorOffset="-10" BAnchorPoint="0" BAnchorOffset="28" RelativeToClient="1" Font="CRB_Interface10_B" Text="" Template="Default" TooltipType="OnCursor" Name="EquipmentItemName" BGColor="ffffffff" TextColor="ffffffff" TooltipColor="" TextId="Challenges_NoProgress"/>
        <Control Class="Window" LAnchorPoint="0" LAnchorOffset="8" TAnchorPoint="0" TAnchorOffset="26" RAnchorPoint="0" RAnchorOffset="71" BAnchorPoint="0" BAnchorOffset="89" RelativeToClient="1" Font="Default" Text="" Template="Default" TooltipType="OnCursor" Name="EquipmentItemIconBG" BGColor="ffffffff" TextColor="ffffffff" TooltipColor="" Picture="1" IgnoreMouse="1" Sprite="CRB_Basekit:kitBase_MetalGrey_IconLarge"/>
        <Control Class="Window" LAnchorPoint="0" LAnchorOffset="12" TAnchorPoint="0" TAnchorOffset="30" RAnchorPoint="0" RAnchorOffset="67" BAnchorPoint="0" BAnchorOffset="85" RelativeToClient="1" Font="Default" Text="" Template="Default" TooltipType="OnCursor" Name="EquipmentItemIcon" BGColor="ffffffff" TextColor="ffffffff" TooltipColor="" Picture="1" IgnoreMouse="1" TooltipFont="CRB_InterfaceSmall_O" IgnoreTooltipDelay="1" Sprite="ClientSprites:Icon_ItemArmorChest_shirt_0001" NewControlDepth="1"/>
        <Control Class="Window" LAnchorPoint="0" LAnchorOffset="4" TAnchorPoint="0" TAnchorOffset="22" RAnchorPoint="0" RAnchorOffset="38" BAnchorPoint="0" BAnchorOffset="56" RelativeToClient="1" Text="" Name="EquipmentItemCantUseIcon" Picture="1" IgnoreMouse="1" Sprite="ClientSprites:Icon_Windows_UI_CRB_Tooltip_Restricted" BGColor="ffffffff" TextColor="ffffffff" NewControlDepth="1" DT_BOTTOM="1" Tooltip="" DT_RIGHT="1" Font="CRB_InterfaceMedium_B" TooltipColor="" IgnoreTooltipDelay="1" TooltipType="OnCursor" Visible="0" TooltipFont="CRB_InterfaceSmall_O" TooltipId="Dialog_CantUseTooltip"/>
        <Control Class="MLWindow" LAnchorPoint="0" LAnchorOffset="75" TAnchorPoint="0" TAnchorOffset="28" RAnchorPoint="1" RAnchorOffset="-10" BAnchorPoint="0" BAnchorOffset="28" RelativeToClient="1" Font="Default" Text="" Template="Default" TooltipType="OnCursor" Name="EquipmentItemStats" BGColor="ffffffff" TextColor="ffffffff" TooltipColor="" IgnoreMouse="1" Visible="1"/>
        <Control Class="Window" LAnchorPoint="0" LAnchorOffset="70" TAnchorPoint="1" TAnchorOffset="-64" RAnchorPoint="1" RAnchorOffset="-10" BAnchorPoint="1" BAnchorOffset="-10" RelativeToClient="1" Font="Default" Text="" Template="Default" TooltipType="OnCursor" Name="EquipmentItemSigilContainer" BGColor="ffffffff" TextColor="ffffffff" TooltipColor="" Picture="1" IgnoreMouse="1" Sprite=""/>
    </Form>
    <Form Class="Window" LAnchorPoint="0.5" LAnchorOffset="-80" TAnchorPoint="0" TAnchorOffset="-88" RAnchorPoint="0.5" RAnchorOffset="80" BAnchorPoint="0" BAnchorOffset="12" RelativeToClient="1" Font="Default" Text="" Template="Default" TooltipType="OnCursor" Name="UnlockConfirm" Border="0" Picture="1" SwallowMouseClicks="1" Moveable="0" Escapable="0" Overlapped="1" BGColor="ffffffff" TextColor="ffffffff" TooltipColor="" IgnoreMouse="1" CloseOnExternalClick="1" Sprite="CRB_Basekit:kitInnerFrame_Holo_DownArrowDark" NoClip="1" NewWindowDepth="1">
        <Event Name="WindowClosed" Function="OnCurrentConfirmPopupClose"/>
        <Control Class="Window" LAnchorPoint="0" LAnchorOffset="8" TAnchorPoint="0" TAnchorOffset="8" RAnchorPoint="1" RAnchorOffset="-8" BAnchorPoint="0" BAnchorOffset="28" RelativeToClient="1" Font="CRB_InterfaceSmall_O" Text="" Template="Default" TooltipType="OnCursor" Name="UnlockConfirmText" BGColor="ffffffff" TextColor="UI_TextHoloBodyHighlight" TooltipColor="" TextId="EngravingStation_SlotUnlockLabel"/>
        <Control Class="CashWindow" LAnchorPoint="0" LAnchorOffset="8" TAnchorPoint="0" TAnchorOffset="28" RAnchorPoint="1" RAnchorOffset="-8" BAnchorPoint="0" BAnchorOffset="48" TooltipType="OnCursor" RelativeToClient="1" Font="CRB_InterfaceSmall" Text="" Template="Default" BGColor="ffffffff" TextColor="ffffffff" DT_RIGHT="0" Name="UnlockCashWindow" TooltipColor="" SkipZeroes="1"/>
        <Control Class="Button" Base="CRB_Basekit:kitBtn_Holo" Font="CRB_InterfaceSmall" ButtonType="PushButton" RadioGroup="" LAnchorPoint="0" LAnchorOffset="7" TAnchorPoint="1" TAnchorOffset="-46" RAnchorPoint="0.5" RAnchorOffset="-2" BAnchorPoint="1" BAnchorOffset="-13" DT_VCENTER="1" DT_CENTER="1" TooltipType="OnCursor" Name="UnlockConfirmYes" BGColor="ffffff00" TextColor="ffffffff" TooltipColor="" NormalTextColor="UI_BtnTextGreenNormal" PressedTextColor="UI_BtnTextGreenPressed" FlybyTextColor="UI_BtnTextGreenFlyby" PressedFlybyTextColor="UI_BtnTextGreenPressedFlyby" DisabledTextColor="UI_BtnTextGreenDisabled" Text="" TextId="Yes">
            <Event Name="ButtonSignal" Function="OnUnlockConfirmYes"/>
        </Control>
        <Control Class="Button" Base="CRB_Basekit:kitBtn_Holo_Red" Font="CRB_InterfaceSmall" ButtonType="PushButton" RadioGroup="" LAnchorPoint="0.5" LAnchorOffset="2" TAnchorPoint="1" TAnchorOffset="-46" RAnchorPoint="1" RAnchorOffset="-7" BAnchorPoint="1" BAnchorOffset="-13" DT_VCENTER="1" DT_CENTER="1" TooltipType="OnCursor" Name="UnlockConfirmNo" BGColor="ffffffff" TextColor="ffffffff" TooltipColor="" NormalTextColor="UI_BtnTextRedNormal" PressedTextColor="UI_BtnTextRedPressed" FlybyTextColor="UI_BtnTextRedFlyby" PressedFlybyTextColor="UI_BtnTextRedPressedFlyby" DisabledTextColor="UI_BtnTextRedDisabled" Text="" TextId="No">
            <Event Name="ButtonSignal" Function="OnCurrentConfirmPopupClose"/>
        </Control>
    </Form>
    <Form Class="Window" LAnchorPoint="0.5" LAnchorOffset="-80" TAnchorPoint="0" TAnchorOffset="-88" RAnchorPoint="0.5" RAnchorOffset="80" BAnchorPoint="0" BAnchorOffset="12" RelativeToClient="1" Font="Default" Text="" Template="Default" TooltipType="OnCursor" Name="ClearConfirm" Border="0" Picture="1" SwallowMouseClicks="1" Moveable="0" Escapable="0" Overlapped="1" BGColor="ffffffff" TextColor="ffffffff" TooltipColor="" IgnoreMouse="1" CloseOnExternalClick="1" Sprite="CRB_Basekit:kitInnerFrame_Holo_DownArrowDark" NoClip="1" NewWindowDepth="1">
        <Event Name="WindowClosed" Function="OnCurrentConfirmPopupClose"/>
        <Control Class="Window" LAnchorPoint="0" LAnchorOffset="8" TAnchorPoint="0" TAnchorOffset="8" RAnchorPoint="1" RAnchorOffset="-8" BAnchorPoint="0" BAnchorOffset="28" RelativeToClient="1" Font="CRB_InterfaceSmall_O" Text="" Template="Default" TooltipType="OnCursor" Name="ClearConfirmText" BGColor="ffffffff" TextColor="UI_TextHoloBodyHighlight" TooltipColor="" TextId="EngravingStation_RemoveLabel"/>
        <Control Class="CashWindow" LAnchorPoint="0" LAnchorOffset="8" TAnchorPoint="0" TAnchorOffset="28" RAnchorPoint="1" RAnchorOffset="-8" BAnchorPoint="0" BAnchorOffset="48" TooltipType="OnCursor" RelativeToClient="1" Font="CRB_InterfaceSmall" Text="" Template="Default" BGColor="ffffffff" TextColor="ffffffff" DT_RIGHT="0" Name="ClearCashWindow" TooltipColor="" SkipZeroes="1"/>
        <Control Class="Button" Base="CRB_Basekit:kitBtn_Holo" Font="CRB_InterfaceSmall" ButtonType="PushButton" RadioGroup="" LAnchorPoint="0" LAnchorOffset="7" TAnchorPoint="1" TAnchorOffset="-46" RAnchorPoint="0.5" RAnchorOffset="-2" BAnchorPoint="1" BAnchorOffset="-13" DT_VCENTER="1" DT_CENTER="1" TooltipType="OnCursor" Name="ClearConfirmYes" BGColor="ffffff00" TextColor="ffffffff" TooltipColor="" NormalTextColor="UI_BtnTextGreenNormal" PressedTextColor="UI_BtnTextGreenPressed" FlybyTextColor="UI_BtnTextGreenFlyby" PressedFlybyTextColor="UI_BtnTextGreenPressedFlyby" DisabledTextColor="UI_BtnTextGreenDisabled" Text="" TextId="Yes">
            <Event Name="ButtonSignal" Function="OnClearConfirmYes"/>
        </Control>
        <Control Class="Button" Base="CRB_Basekit:kitBtn_Holo_Red" Font="CRB_InterfaceSmall" ButtonType="PushButton" RadioGroup="" LAnchorPoint="0.5" LAnchorOffset="2" TAnchorPoint="1" TAnchorOffset="-46" RAnchorPoint="1" RAnchorOffset="-7" BAnchorPoint="1" BAnchorOffset="-13" DT_VCENTER="1" DT_CENTER="1" TooltipType="OnCursor" Name="ClearConfirmNo" BGColor="ffffffff" TextColor="ffffffff" TooltipColor="" NormalTextColor="UI_BtnTextRedNormal" PressedTextColor="UI_BtnTextRedPressed" FlybyTextColor="UI_BtnTextRedFlyby" PressedFlybyTextColor="UI_BtnTextRedPressedFlyby" DisabledTextColor="UI_BtnTextRedDisabled" Text="" TextId="No">
            <Event Name="ButtonSignal" Function="OnCurrentConfirmPopupClose"/>
        </Control>
    </Form>
    <Form Class="Window" LAnchorPoint="0.5" LAnchorOffset="-87" TAnchorPoint="0" TAnchorOffset="-126" RAnchorPoint="0.5" RAnchorOffset="87" BAnchorPoint="0" BAnchorOffset="12" RelativeToClient="1" Font="Default" Text="" Template="Default" TooltipType="OnCursor" Name="AddConfirm" Border="0" Picture="1" SwallowMouseClicks="1" Moveable="0" Escapable="0" Overlapped="1" BGColor="ffffffff" TextColor="ffffffff" TooltipColor="" IgnoreMouse="1" CloseOnExternalClick="1" Sprite="CRB_Basekit:kitInnerFrame_Holo_DownArrowDark" NoClip="1" NewWindowDepth="1">
        <Event Name="WindowClosed" Function="OnCurrentConfirmPopupClose"/>
        <Control Class="Window" LAnchorPoint="0" LAnchorOffset="8" TAnchorPoint="0" TAnchorOffset="8" RAnchorPoint="1" RAnchorOffset="-8" BAnchorPoint="0" BAnchorOffset="28" RelativeToClient="1" Font="CRB_InterfaceSmall_O" Text="" Template="Default" TooltipType="OnCursor" Name="AddConfirmText" BGColor="ffffffff" TextColor="UI_TextHoloBodyHighlight" TooltipColor="" TextId="EngravingStation_AddConfirm"/>
        <Control Class="Window" LAnchorPoint="0" LAnchorOffset="8" TAnchorPoint="0" TAnchorOffset="8" RAnchorPoint="1" RAnchorOffset="-8" BAnchorPoint="0" BAnchorOffset="28" RelativeToClient="1" Font="CRB_InterfaceSmall_O" Text="" Template="Default" TooltipType="OnCursor" Name="AddConfirmSoulboundWarning" BGColor="ffffffff" TextColor="UI_TextHoloBodyHighlight" TooltipColor="" TextId="EngravingStation_ThisWillSoulbind" DT_WORDBREAK="1" HideInEditor="0"/>
        <Control Class="Window" LAnchorPoint="0.5" LAnchorOffset="-20" TAnchorPoint="1" TAnchorOffset="-110" RAnchorPoint="0.5" RAnchorOffset="20" BAnchorPoint="1" BAnchorOffset="-70" RelativeToClient="1" Font="Default" Text="" Template="Default" TooltipType="OnCursor" Name="AddConfirmIcon" BGColor="ffffffff" TextColor="ffffffff" TooltipColor="" Sprite="ClientSprites:Icon_SkillMisc_UI_ss_sglfire" Picture="1" IgnoreMouse="1"/>
        <Control Class="Window" LAnchorPoint="0" LAnchorOffset="8" TAnchorPoint="1" TAnchorOffset="-66" RAnchorPoint="1" RAnchorOffset="-8" BAnchorPoint="1" BAnchorOffset="-46" RelativeToClient="1" Font="CRB_InterfaceSmall_O" Text="" Template="Default" TooltipType="OnCursor" Name="AddConfirmItemEffect" BGColor="ffffffff" TextColor="UI_TextHoloBodyHighlight" TooltipColor="" TextId="" DT_WORDBREAK="1" HideInEditor="0"/>
        <Control Class="Button" Base="CRB_Basekit:kitBtn_Holo" Font="CRB_InterfaceSmall" ButtonType="PushButton" RadioGroup="" LAnchorPoint="0" LAnchorOffset="7" TAnchorPoint="1" TAnchorOffset="-46" RAnchorPoint="0.5" RAnchorOffset="-2" BAnchorPoint="1" BAnchorOffset="-13" DT_VCENTER="1" DT_CENTER="1" TooltipType="OnCursor" Name="AddConfirmYes" BGColor="ffffff00" TextColor="ffffffff" TooltipColor="" NormalTextColor="UI_BtnTextGreenNormal" PressedTextColor="UI_BtnTextGreenPressed" FlybyTextColor="UI_BtnTextGreenFlyby" PressedFlybyTextColor="UI_BtnTextGreenPressedFlyby" DisabledTextColor="UI_BtnTextGreenDisabled" Text="" TextId="Yes">
            <Event Name="ButtonSignal" Function="OnAddConfirmYes"/>
        </Control>
        <Control Class="Button" Base="CRB_Basekit:kitBtn_Holo_Red" Font="CRB_InterfaceSmall" ButtonType="PushButton" RadioGroup="" LAnchorPoint="0.5" LAnchorOffset="2" TAnchorPoint="1" TAnchorOffset="-46" RAnchorPoint="1" RAnchorOffset="-7" BAnchorPoint="1" BAnchorOffset="-13" DT_VCENTER="1" DT_CENTER="1" TooltipType="OnCursor" Name="AddConfirmNo" BGColor="ffffffff" TextColor="ffffffff" TooltipColor="" NormalTextColor="UI_BtnTextRedNormal" PressedTextColor="UI_BtnTextRedPressed" FlybyTextColor="UI_BtnTextRedFlyby" PressedFlybyTextColor="UI_BtnTextRedPressedFlyby" DisabledTextColor="UI_BtnTextRedDisabled" Text="" TextId="No">
            <Event Name="ButtonSignal" Function="OnCurrentConfirmPopupClose"/>
        </Control>
    </Form>
    <Form Class="Window" LAnchorPoint="0.5" LAnchorOffset="-100" TAnchorPoint="0" TAnchorOffset="-82" RAnchorPoint="0.5" RAnchorOffset="100" BAnchorPoint="0" BAnchorOffset="12" RelativeToClient="1" Font="Default" Text="" Template="Default" TooltipType="OnCursor" Name="AddPicker" Border="0" Picture="1" SwallowMouseClicks="1" Moveable="0" Escapable="0" Overlapped="1" BGColor="ffffffff" TextColor="ffffffff" TooltipColor="" IgnoreMouse="1" CloseOnExternalClick="1" Sprite="CRB_Basekit:kitInnerFrame_Holo_DownArrowDark" NoClip="1" NewWindowDepth="1">
        <Event Name="WindowClosed" Function="OnCurrentConfirmPopupClose"/>
        <Control Class="Window" LAnchorPoint="0" LAnchorOffset="10" TAnchorPoint="0" TAnchorOffset="8" RAnchorPoint="1" RAnchorOffset="-10" BAnchorPoint="0" BAnchorOffset="28" RelativeToClient="1" Font="CRB_InterfaceSmall_O" Text="" Template="Default" TooltipType="OnCursor" Name="AddPickerText" BGColor="ffffffff" TextColor="UI_TextHoloTitle" TooltipColor="" TextId="EngravingStation_AddPickerLabel"/>
        <Control Class="Window" LAnchorPoint="0" LAnchorOffset="6" TAnchorPoint="0" TAnchorOffset="26" RAnchorPoint="1" RAnchorOffset="-6" BAnchorPoint="1" BAnchorOffset="-12" RelativeToClient="1" Font="CRB_InterfaceSmall_O" Text="" Template="CRB_Scroll_HoloSmall" TooltipType="OnCursor" Name="AddPickerList" BGColor="ffffffff" TextColor="ffffffff" TooltipColor="" VScroll="1" IgnoreMouse="1" AutoHideScroll="1" DT_CENTER="1" DT_VCENTER="1" TextId="EngravingStation_AddPickerNone"/>
        <Control Class="Button" Base="CRB_ChallengeTrackerSprites:btnChallengeClose" Font="CRB_InterfaceSmall" ButtonType="PushButton" RadioGroup="" LAnchorPoint="1" LAnchorOffset="-22" TAnchorPoint="0" TAnchorOffset="4" RAnchorPoint="1" RAnchorOffset="-4" BAnchorPoint="0" BAnchorOffset="22" DT_VCENTER="1" DT_CENTER="1" TooltipType="OnCursor" Name="AddPickerNo" BGColor="ffffffff" TextColor="ffffffff" TooltipColor="" NormalTextColor="UI_BtnTextBlueNormal" PressedTextColor="UI_BtnTextBluePressed" FlybyTextColor="UI_BtnTextBlueFlyby" PressedFlybyTextColor="UI_BtnTextBluePressedFlyby" DisabledTextColor="UI_BtnTextBlueDisabled" Text="" TextId="">
            <Event Name="ButtonSignal" Function="OnCurrentConfirmPopupClose"/>
        </Control>
    </Form>
    <Form Class="Window" LAnchorPoint="0.5" LAnchorOffset="-80" TAnchorPoint="0" TAnchorOffset="-132" RAnchorPoint="0.5" RAnchorOffset="80" BAnchorPoint="0" BAnchorOffset="12" RelativeToClient="1" Font="Default" Text="" Template="Default" TooltipType="OnCursor" Name="ReplaceConfirm" Border="0" Picture="1" SwallowMouseClicks="1" Moveable="0" Escapable="0" Overlapped="1" BGColor="ffffffff" TextColor="ffffffff" TooltipColor="" IgnoreMouse="1" CloseOnExternalClick="1" Sprite="CRB_Basekit:kitInnerFrame_Holo_DownArrowDark" NoClip="1" NewWindowDepth="1">
        <Event Name="WindowClosed" Function="OnCurrentConfirmPopupClose"/>
        <Control Class="Window" LAnchorPoint="0" LAnchorOffset="8" TAnchorPoint="0" TAnchorOffset="8" RAnchorPoint="1" RAnchorOffset="-8" BAnchorPoint="0" BAnchorOffset="28" RelativeToClient="1" Font="CRB_InterfaceSmall_O" Text="" Template="Default" TooltipType="OnCursor" Name="AddConfirmText" BGColor="ffffffff" TextColor="UI_TextHoloBodyHighlight" TooltipColor="" TextId="EngravingStation_ReplaceConfirm"/>
        <Control Class="Window" LAnchorPoint="0.5" LAnchorOffset="-20" TAnchorPoint="1" TAnchorOffset="-90" RAnchorPoint="0.5" RAnchorOffset="20" BAnchorPoint="1" BAnchorOffset="-50" RelativeToClient="1" Font="Default" Text="" Template="Default" TooltipType="OnCursor" Name="AddConfirmIcon" BGColor="ffffffff" TextColor="ffffffff" TooltipColor="" Sprite="ClientSprites:Icon_SkillMisc_UI_ss_sglfire" Picture="1" IgnoreMouse="1"/>
        <Control Class="Button" Base="CRB_Basekit:kitBtn_Holo" Font="CRB_InterfaceSmall" ButtonType="PushButton" RadioGroup="" LAnchorPoint="0" LAnchorOffset="7" TAnchorPoint="1" TAnchorOffset="-46" RAnchorPoint="0.5" RAnchorOffset="-2" BAnchorPoint="1" BAnchorOffset="-13" DT_VCENTER="1" DT_CENTER="1" TooltipType="OnCursor" Name="AddConfirmYes" BGColor="ffffff00" TextColor="ffffffff" TooltipColor="" NormalTextColor="UI_BtnTextGreenNormal" PressedTextColor="UI_BtnTextGreenPressed" FlybyTextColor="UI_BtnTextGreenFlyby" PressedFlybyTextColor="UI_BtnTextGreenPressedFlyby" DisabledTextColor="UI_BtnTextGreenDisabled" Text="" TextId="Yes">
            <Event Name="ButtonSignal" Function="OnReplaceConfirmYes"/>
        </Control>
        <Control Class="Button" Base="CRB_Basekit:kitBtn_Holo_Red" Font="CRB_InterfaceSmall" ButtonType="PushButton" RadioGroup="" LAnchorPoint="0.5" LAnchorOffset="2" TAnchorPoint="1" TAnchorOffset="-46" RAnchorPoint="1" RAnchorOffset="-7" BAnchorPoint="1" BAnchorOffset="-13" DT_VCENTER="1" DT_CENTER="1" TooltipType="OnCursor" Name="AddConfirmNo" BGColor="ffffffff" TextColor="ffffffff" TooltipColor="" NormalTextColor="UI_BtnTextRedNormal" PressedTextColor="UI_BtnTextRedPressed" FlybyTextColor="UI_BtnTextRedFlyby" PressedFlybyTextColor="UI_BtnTextRedPressedFlyby" DisabledTextColor="UI_BtnTextRedDisabled" Text="" TextId="No">
            <Event Name="ButtonSignal" Function="OnCurrentConfirmPopupClose"/>
        </Control>
        <Control Class="CashWindow" LAnchorPoint="0" LAnchorOffset="8" TAnchorPoint="0" TAnchorOffset="28" RAnchorPoint="1" RAnchorOffset="-8" BAnchorPoint="0" BAnchorOffset="48" TooltipType="OnCursor" RelativeToClient="1" Font="CRB_InterfaceSmall" Text="" Template="Default" BGColor="ffffffff" TextColor="ffffffff" DT_RIGHT="0" Name="ClearCashWindow" TooltipColor="" SkipZeroes="1"/>
    </Form>
    <Form Class="Window" LAnchorPoint="0" LAnchorOffset="0" TAnchorPoint="0" TAnchorOffset="0" RAnchorPoint="0" RAnchorOffset="46" BAnchorPoint="0" BAnchorOffset="46" RelativeToClient="1" Font="Default" Text="" Template="Default" TooltipType="OnCursor" Name="GlyphBagItem" BGColor="ffffffff" TextColor="ffffffff" TooltipColor="" Tooltip="" IgnoreMouse="1" Overlapped="1" Sprite="CRB_UIKitSprites:spr_iconslotACTIVE" Picture="1" IgnoreTooltipDelay="1">
        <Control Class="Window" LAnchorPoint="0" LAnchorOffset="6" TAnchorPoint="0" TAnchorOffset="6" RAnchorPoint="1" RAnchorOffset="-6" BAnchorPoint="1" BAnchorOffset="-6" RelativeToClient="1" Font="CRB_InterfaceSmall_O" Text="" Template="Default" TooltipType="OnCursor" Name="GlyphBagIcon" BGColor="ffffffff" TextColor="ffffffff" TooltipColor="" Picture="1" IgnoreMouse="1" Sprite="" DT_RIGHT="1" DT_BOTTOM="1" TextId="Challenges_NoProgress" IgnoreTooltipDelay="1"/>
        <Control Class="Window" LAnchorPoint="0" LAnchorOffset="2" TAnchorPoint="1" TAnchorOffset="-34" RAnchorPoint="0" RAnchorOffset="34" BAnchorPoint="1" BAnchorOffset="-2" RelativeToClient="1" Font="Default" Text="" Template="Default" TooltipType="OnCursor" Name="GlyphBagType" BGColor="ffffffff" TextColor="ffffffff" TooltipColor="" Sprite="" Picture="1" IgnoreMouse="1" NewControlDepth="1"/>
        <Control Class="Button" Font="Thick" LAnchorPoint="0" LAnchorOffset="0" TAnchorPoint="0" TAnchorOffset="0" RAnchorPoint="1" RAnchorOffset="0" BAnchorPoint="1" BAnchorOffset="0" TooltipType="OnCursor" Name="GlyphBagDrag" BGColor="ffffffff" TextColor="ffffffff" TooltipColor="" NormalTextColor="ffffffff" PressedTextColor="ffffffff" FlybyTextColor="ffffffff" PressedFlybyTextColor="ffffffff" DisabledTextColor="ffffffff" Tooltip="" RelativeToClient="1" NewControlDepth="1" IgnoreMouse="0" Base="CRB_DEMO_WrapperSprites:btnDemo_CharInvisible">
            <Event Name="QueryDragDrop" Function="OnGlyphBagQueryDragDrop"/>
            <Event Name="QueryBeginDragDrop" Function="OnGlyphBagBeginDragDrop"/>
        </Control>
    </Form>
    <Form Class="Window" LAnchorPoint="0" LAnchorOffset="0" TAnchorPoint="0" TAnchorOffset="0" RAnchorPoint="0" RAnchorOffset="48" BAnchorPoint="0" BAnchorOffset="48" RelativeToClient="1" Font="Default" Text="" Template="Default" TooltipType="OnCursor" Name="GlyphPickerItem" BGColor="ffffffff" TextColor="ffffffff" TooltipColor="" Tooltip="" IgnoreMouse="1" Overlapped="1" Sprite="" Picture="1" IgnoreTooltipDelay="1">
        <Control Class="Window" LAnchorPoint="0.5" LAnchorOffset="-16" TAnchorPoint="0.5" TAnchorOffset="-16" RAnchorPoint="0.5" RAnchorOffset="16" BAnchorPoint="0.5" BAnchorOffset="16" RelativeToClient="1" Font="CRB_InterfaceSmall_O" Text="" Template="Default" TooltipType="OnCursor" Name="GlyphPickerIcon" BGColor="ffffffff" TextColor="ffffffff" TooltipColor="" Picture="1" IgnoreMouse="1" Sprite="ClientSprites:Icon_SkillMisc_UI_ss_gate" DT_RIGHT="1" DT_BOTTOM="1" TextId="Challenges_NoProgress" IgnoreTooltipDelay="1" Visible="1"/>
        <Control Class="Window" LAnchorPoint="0.5" LAnchorOffset="-16" TAnchorPoint="0.5" TAnchorOffset="0" RAnchorPoint="0.5" RAnchorOffset="0" BAnchorPoint="0.5" BAnchorOffset="16" RelativeToClient="1" Font="Default" Text="" Template="Default" TooltipType="OnCursor" Name="GlyphPickerType" BGColor="ffffffff" TextColor="ffffffff" TooltipColor="" Sprite="ClientSprites:Icon_Windows_UI_CRB_Tooltip_Earth" Picture="1" IgnoreMouse="1" Visible="1"/>
        <Control Class="Button" Font="Thick" LAnchorPoint="0" LAnchorOffset="0" TAnchorPoint="0" TAnchorOffset="0" RAnchorPoint="1" RAnchorOffset="0" BAnchorPoint="1" BAnchorOffset="0" TooltipType="OnCursor" Name="GlyphPickerBtn" BGColor="ffffffff" TextColor="ffffffff" TooltipColor="" NormalTextColor="ffffffff" PressedTextColor="ffffffff" FlybyTextColor="ffffffff" PressedFlybyTextColor="ffffffff" DisabledTextColor="ffffffff" Tooltip="" RelativeToClient="1" NewControlDepth="1" IgnoreMouse="0" Base="CRB_DEMO_WrapperSprites:btnDemo_CharInvisible">
            <Event Name="ButtonSignal" Function="OnGlyphPickerBtn"/>
        </Control>
        <Pixie LAnchorPoint="0" LAnchorOffset="-4" TAnchorPoint="0" TAnchorOffset="-4" RAnchorPoint="1" RAnchorOffset="4" BAnchorPoint="1" BAnchorOffset="4" BGColor="ffffffff" Font="Default" TextColor="ffffffff" Text="" Sprite="CRB_Basekit:kitBase_HoloBlue_InsetBorder_ThickPadded" Line="0"/>
    </Form>
    <Form Class="Window" LAnchorPoint="0" LAnchorOffset="0" TAnchorPoint="0" TAnchorOffset="0" RAnchorPoint="0" RAnchorOffset="54" BAnchorPoint="0" BAnchorOffset="54" RelativeToClient="1" Font="Default" Text="" Template="Default" TooltipType="OnCursor" Name="SigilSlot" BGColor="ffffffff" TextColor="ffffffff" TooltipColor="" Picture="1" IgnoreMouse="1" Sprite="" TooltipFont="CRB_InterfaceSmall_O" Overlapped="1" IgnoreTooltipDelay="1" Tooltip="">
        <Control Class="Button" Base="CRB_Basekit:kitBtn_Holo_Large" Font="Thick" ButtonType="PushButton" RadioGroup="" LAnchorPoint="0" LAnchorOffset="0" TAnchorPoint="0" TAnchorOffset="0" RAnchorPoint="1" RAnchorOffset="0" BAnchorPoint="1" BAnchorOffset="0" DT_VCENTER="1" DT_CENTER="1" TooltipType="OnCursor" Name="SigilSlotBtn" BGColor="ffffffff" TextColor="ffffffff" TooltipColor="" NormalTextColor="ffffffff" PressedTextColor="ffffffff" FlybyTextColor="ffffffff" PressedFlybyTextColor="ffffffff" DisabledTextColor="ffffffff" Text="" IgnoreMouse="0" RelativeToClient="1" Visible="1" HideInEditor="0">
            <Event Name="ButtonSignal" Function="OnSigilSlotBtn"/>
            <Event Name="DragDrop" Function="OnSigilSlotDragDrop"/>
            <Event Name="QueryDragDrop" Function="OnSigilSlotQueryDragDrop"/>
        </Control>
        <Control Class="Window" LAnchorPoint="0" LAnchorOffset="8" TAnchorPoint="0" TAnchorOffset="8" RAnchorPoint="1" RAnchorOffset="-8" BAnchorPoint="1" BAnchorOffset="-8" RelativeToClient="1" Font="Default" Text="" Template="Default" TooltipType="OnCursor" Name="SigilSlotIcon" BGColor="ffffffff" TextColor="ffffffff" TooltipColor="" Picture="1" IgnoreMouse="1" IgnoreTooltipDelay="1" Visible="1" HideInEditor="0" NewControlDepth="1"/>
        <Control Class="Window" LAnchorPoint="0" LAnchorOffset="4" TAnchorPoint="1" TAnchorOffset="-32" RAnchorPoint="0" RAnchorOffset="32" BAnchorPoint="1" BAnchorOffset="-4" RelativeToClient="1" Font="Default" Text="" Template="Default" TooltipType="OnCursor" Name="SigilSlotType" BGColor="ffffffff" TextColor="ffffffff" TooltipColor="" Sprite="ClientSprites:Icon_Windows_UI_CRB_Tooltip_Air" Picture="1" IgnoreMouse="1" HideInEditor="0" NewControlDepth="1" Visible="1"/>
    </Form>
    <Form Class="Window" LAnchorPoint="0" LAnchorOffset="0" TAnchorPoint="0" TAnchorOffset="0" RAnchorPoint="0" RAnchorOffset="54" BAnchorPoint="0" BAnchorOffset="54" RelativeToClient="1" Font="Default" Text="" Template="Default" TooltipType="OnCursor" Name="SigilLockedSlot" BGColor="ffffffff" TextColor="ffffffff" TooltipColor="" Picture="1" IgnoreMouse="1" Sprite="" TooltipFont="CRB_InterfaceSmall_O" Overlapped="1" IgnoreTooltipDelay="1">
        <Control Class="Button" Base="CRB_Basekit:kitBtn_Holo_Large" Font="Thick" ButtonType="PushButton" RadioGroup="" LAnchorPoint="0" LAnchorOffset="0" TAnchorPoint="0" TAnchorOffset="0" RAnchorPoint="1" RAnchorOffset="0" BAnchorPoint="1" BAnchorOffset="0" DT_VCENTER="1" DT_CENTER="1" TooltipType="OnCursor" Name="SigilSlotBtn" BGColor="ffffffff" TextColor="ffffffff" TooltipColor="" NormalTextColor="ffffffff" PressedTextColor="ffffffff" FlybyTextColor="ffffffff" PressedFlybyTextColor="ffffffff" DisabledTextColor="ffffffff" Text="" RelativeToClient="1">
            <Event Name="ButtonSignal" Function="OnSigilLockedSlotBtn"/>
        </Control>
        <Control Class="Window" LAnchorPoint="0" LAnchorOffset="12" TAnchorPoint="0" TAnchorOffset="12" RAnchorPoint="1" RAnchorOffset="-12" BAnchorPoint="1" BAnchorOffset="-12" RelativeToClient="1" Font="Default" Text="" Template="Default" TooltipType="OnCursor" Name="SigilLockedIcon" BGColor="ffffffff" TextColor="ffffffff" TooltipColor="" Sprite="CRB_AMPs:spr_AMPs_LockStretch_Blue" Picture="1" IgnoreMouse="1" NewControlDepth="1"/>
        <Control Class="Window" LAnchorPoint="0" LAnchorOffset="4" TAnchorPoint="1" TAnchorOffset="-32" RAnchorPoint="0" RAnchorOffset="32" BAnchorPoint="1" BAnchorOffset="-4" RelativeToClient="1" Font="Default" Text="" Template="Default" TooltipType="OnCursor" Name="SigilSlotType" BGColor="ffffffff" TextColor="ffffffff" TooltipColor="" Sprite="ClientSprites:Icon_Windows_UI_CRB_Tooltip_Earth" Picture="1" IgnoreMouse="1" NewControlDepth="1"/>
    </Form>
    <Form Class="Window" LAnchorPoint="0" LAnchorOffset="0" TAnchorPoint="0" TAnchorOffset="0" RAnchorPoint="1" RAnchorOffset="0" BAnchorPoint="0" BAnchorOffset="48" RelativeToClient="1" Font="Default" Text="" Template="Default" TooltipType="OnCursor" Name="NewRuneItem" Border="0" Picture="1" SwallowMouseClicks="1" Moveable="0" Escapable="0" Overlapped="1" BGColor="ffffffff" TextColor="ffffffff" TooltipColor="" IgnoreMouse="1" Tooltip="">
        <Control Class="Button" Base="CRB_Basekit:kitBtn_List_Metal" Font="Thick" ButtonType="Check" RadioGroup="" LAnchorPoint="0" LAnchorOffset="0" TAnchorPoint="0" TAnchorOffset="0" RAnchorPoint="1" RAnchorOffset="0" BAnchorPoint="0" BAnchorOffset="48" DT_VCENTER="1" DT_CENTER="1" TooltipType="OnCursor" Name="NewRuneMoreInfoBtn" BGColor="ffffffff" TextColor="ffffffff" TooltipColor="" NormalTextColor="ffffffff" PressedTextColor="ffffffff" FlybyTextColor="ffffffff" PressedFlybyTextColor="ffffffff" DisabledTextColor="ffffffff" Tooltip="" GlobalRadioGroup="EngravingStation_GlobalRadioGroup_NewRuneMoreInfo">
            <Control Class="Window" LAnchorPoint="0" LAnchorOffset="14" TAnchorPoint="0" TAnchorOffset="10" RAnchorPoint="0" RAnchorOffset="42" BAnchorPoint="0" BAnchorOffset="38" RelativeToClient="1" Font="CRB_Interface9_O" Text="" Template="Default" TooltipType="OnCursor" Name="NewRuneMoreIcon1" BGColor="ffffffff" TextColor="ffffffff" TooltipColor="" Picture="1" IgnoreMouse="1" Sprite="ClientSprites:Icon_Windows_UI_CRB_Tooltip_Fire" Visible="1" DT_RIGHT="1" DT_BOTTOM="1"/>
            <Control Class="Window" LAnchorPoint="0" LAnchorOffset="50" TAnchorPoint="0" TAnchorOffset="10" RAnchorPoint="0" RAnchorOffset="78" BAnchorPoint="0" BAnchorOffset="38" RelativeToClient="1" Font="CRB_Interface9_O" Text="" Template="Default" TooltipType="OnCursor" Name="NewRuneMoreIcon2" BGColor="ffffffff" TextColor="ffffffff" TooltipColor="" Picture="1" IgnoreMouse="1" Sprite="ClientSprites:Icon_Windows_UI_CRB_Tooltip_Fire" Visible="1" DT_RIGHT="1" DT_BOTTOM="1"/>
            <Control Class="Window" LAnchorPoint="0" LAnchorOffset="86" TAnchorPoint="0" TAnchorOffset="8" RAnchorPoint="1" RAnchorOffset="-8" BAnchorPoint="0" BAnchorOffset="40" RelativeToClient="1" Font="CRB_InterfaceSmall" Text="" Template="Default" TooltipType="OnCursor" Name="NewRuneMoreInfoName" BGColor="ffffffff" TextColor="AddonError" TooltipColor="" DT_VCENTER="1" TextId="Challenges_NoProgress" DT_WORDBREAK="1"/>
            <Pixie LAnchorPoint="0" LAnchorOffset="12" TAnchorPoint="0" TAnchorOffset="8" RAnchorPoint="0" RAnchorOffset="44" BAnchorPoint="0" BAnchorOffset="40" BGColor="ffffffff" Font="Default" TextColor="ffffffff" Text="" Sprite="CRB_Basekit:kitBase_HoloBlue_InsetSimple" Line="0"/>
            <Event Name="ButtonCheck" Function="OnNewRuneMoreInfoCheck"/>
            <Event Name="ButtonUncheck" Function="OnNewRuneMoreInfoUncheck"/>
            <Pixie LAnchorPoint="0" LAnchorOffset="48" TAnchorPoint="0" TAnchorOffset="8" RAnchorPoint="0" RAnchorOffset="80" BAnchorPoint="0" BAnchorOffset="40" Sprite="CRB_Basekit:kitBase_HoloBlue_InsetSimple" BGColor="white" TextColor="black" Rotation="0" Font="Thick"/>
        </Control>
        <Control Class="Window" LAnchorPoint="0" LAnchorOffset="0" TAnchorPoint="0" TAnchorOffset="48" RAnchorPoint="1" RAnchorOffset="0" BAnchorPoint="1" BAnchorOffset="0" RelativeToClient="1" Font="Default" Text="" Template="Default" TooltipType="OnCursor" Name="NewRuneItemAdvanced" BGColor="ffffffff" TextColor="ffffffff" TooltipColor="">
            <Control Class="Window" LAnchorPoint="0" LAnchorOffset="0" TAnchorPoint="0" TAnchorOffset="4" RAnchorPoint="0" RAnchorOffset="190" BAnchorPoint="1" BAnchorOffset="-4" RelativeToClient="1" Font="Default" Text="" Template="Default" TooltipType="OnCursor" Name="NewRuneItemRawMaterialsList" BGColor="ffffffff" TextColor="ffffffff" TooltipColor="" HScroll="0" IgnoreMouse="1"/>
            <Control Class="Button" Base="CRB_Basekit:kitBtn_Metal_MediumGreen" Font="CRB_InterfaceSmall_O" ButtonType="PushButton" RadioGroup="" LAnchorPoint="0" LAnchorOffset="192" TAnchorPoint="0" TAnchorOffset="0" RAnchorPoint="1" RAnchorOffset="4" BAnchorPoint="1" BAnchorOffset="0" DT_VCENTER="1" DT_CENTER="1" TooltipType="OnCursor" Name="NewRuneItemCraftBtn" BGColor="ffffffff" TextColor="ffffffff" TooltipColor="" NormalTextColor="UI_BtnTextGreenNormal" PressedTextColor="UI_BtnTextGreenPressed" FlybyTextColor="UI_BtnTextGreenFlyby" PressedFlybyTextColor="UI_BtnTextGreenPressedFlyby" DisabledTextColor="UI_BtnTextGreenDisabled" Text="" TextId="Tradeskills_Craft" Tooltip="">
                <Event Name="ButtonSignal" Function="OnNewRuneItemCraftBtn"/>
            </Control>
        </Control>
    </Form>
    <Form Class="Window" LAnchorPoint="0" LAnchorOffset="0" TAnchorPoint="0" TAnchorOffset="0" RAnchorPoint="0" RAnchorOffset="38" BAnchorPoint="0" BAnchorOffset="38" RelativeToClient="1" Font="Default" Text="" Template="Default" TooltipType="OnCursor" Name="RawMaterialsItem" Border="0" Picture="1" SwallowMouseClicks="1" Moveable="0" Escapable="0" Overlapped="1" BGColor="ffffffff" TextColor="ffffffff" TooltipColor="" IgnoreMouse="1" Sprite="" TooltipFont="CRB_InterfaceSmall_O" Tooltip="">
        <Control Class="Window" LAnchorPoint="0" LAnchorOffset="3" TAnchorPoint="0" TAnchorOffset="3" RAnchorPoint="1" RAnchorOffset="-3" BAnchorPoint="1" BAnchorOffset="-3" RelativeToClient="1" Font="CRB_InterfaceSmall_O" Text="" Template="Default" TooltipType="DynamicFloater" Name="RawMaterialsIcon" BGColor="ffffffff" TextColor="ffffffff" TooltipColor="" Picture="1" IgnoreMouse="1" Sprite="" DT_RIGHT="1" DT_BOTTOM="1" NewControlDepth="1"/>
        <Control Class="Window" LAnchorPoint="0" LAnchorOffset="3" TAnchorPoint="0" TAnchorOffset="3" RAnchorPoint="1" RAnchorOffset="-3" BAnchorPoint="1" BAnchorOffset="-3" RelativeToClient="1" Font="Default" Text="" Template="Default" TooltipType="OnCursor" Name="RawMaterialsNotEnough" BGColor="9d660000" TextColor="ffffffff" TooltipColor="" Visible="0" Sprite="WhiteFill" Picture="1" IgnoreMouse="1" NewControlDepth="1" HideInEditor="0"/>
        <Pixie LAnchorPoint="0" LAnchorOffset="1" TAnchorPoint="0" TAnchorOffset="1" RAnchorPoint="1" RAnchorOffset="-1" BAnchorPoint="1" BAnchorOffset="-1" BGColor="ffffffff" Font="Default" TextColor="ffffffff" Text="" Sprite="CRB_Basekit:kitBase_HoloBlue_InsetSimple" Line="0"/>
        <Pixie LAnchorPoint="0" LAnchorOffset="1" TAnchorPoint="0" TAnchorOffset="1" RAnchorPoint="1" RAnchorOffset="-1" BAnchorPoint="1" BAnchorOffset="-1" BGColor="2x:ffffffff" Font="Default" TextColor="ffffffff" Text="" Sprite="CRB_Basekit:kitBase_HoloBlue_InsetBorder_Thin" Line="0"/>
    </Form>
    <Form Class="Window" Font="CRB_InterfaceSmall_O" RadioGroup="" LAnchorPoint="0" LAnchorOffset="0" TAnchorPoint="0" TAnchorOffset="0" RAnchorPoint="0" RAnchorOffset="270" BAnchorPoint="0" BAnchorOffset="68" DT_VCENTER="1" DT_CENTER="1" TooltipType="OnCursor" Name="RedrawAndShowAll" Picture="0" Escapable="0" Overlapped="1" BGColor="ffffffff" TextColor="ffffffff" TooltipColor="" TextId="" Tooltip="" RelativeToClient="1" Text="" IgnoreMouse="1">
        <Control Class="Button" Base="CRB_Basekit:kitBtn_Metal_IconBaseStretch" Font="CRB_InterfaceMedium_B" ButtonType="PushButton" RadioGroup="" LAnchorPoint="0.5" LAnchorOffset="-86" TAnchorPoint="1" TAnchorOffset="-38" RAnchorPoint="0.5" RAnchorOffset="86" BAnchorPoint="1" BAnchorOffset="0" DT_VCENTER="1" DT_CENTER="1" TooltipType="OnCursor" Name="RedrawAndShowAllBtn" Border="1" Picture="1" SwallowMouseClicks="1" Moveable="1" Escapable="1" Overlapped="1" BGColor="ffffffff" TextColor="ffffffff" TooltipColor="" NormalTextColor="UI_BtnTextGrayListNormal" PressedTextColor="UI_BtnTextGrayListPressed" FlybyTextColor="UI_BtnTextGrayListFlyby" PressedFlybyTextColor="UI_BtnTextGrayListPressedFlyby" DisabledTextColor="UI_BtnTextGrayListDisabled" Text="" TextId="EngravingStation_MaterialsOnlyFilter" Tooltip="">
            <Event Name="ButtonSignal" Function="OnRedrawAndShowToggle"/>
        </Control>
    </Form>
    <Form Class="Window" LAnchorPoint="0" LAnchorOffset="0" TAnchorPoint="0" TAnchorOffset="0" RAnchorPoint="0" RAnchorOffset="270" BAnchorPoint="0" BAnchorOffset="68" RelativeToClient="1" Font="Default" Text="" Template="Default" TooltipType="OnCursor" Name="RedrawAndShowCraftable" Border="0" Picture="1" SwallowMouseClicks="1" Moveable="0" Escapable="0" Overlapped="1" BGColor="ffffffff" TextColor="ffffffff" TooltipColor="" IgnoreMouse="1">
        <Control Class="Button" Base="CRB_Basekit:kitBtn_Metal_IconBaseStretch" Font="CRB_InterfaceMedium_B" ButtonType="PushButton" RadioGroup="" LAnchorPoint="0.5" LAnchorOffset="-86" TAnchorPoint="1" TAnchorOffset="-38" RAnchorPoint="0.5" RAnchorOffset="86" BAnchorPoint="1" BAnchorOffset="0" DT_VCENTER="1" DT_CENTER="1" TooltipType="OnCursor" Name="RedrawAndShowCraftableBtn" Border="1" Picture="1" SwallowMouseClicks="1" Moveable="1" Escapable="1" Overlapped="1" BGColor="ffffffff" TextColor="ffffffff" TooltipColor="" NormalTextColor="UI_BtnTextGrayListNormal" PressedTextColor="UI_BtnTextGrayListPressed" FlybyTextColor="UI_BtnTextGrayListFlyby" PressedFlybyTextColor="UI_BtnTextGrayListPressedFlyby" DisabledTextColor="UI_BtnTextGrayListDisabled" Text="" TextId="EngravingStation_ShowCraftable" Tooltip="">
            <Event Name="ButtonSignal" Function="OnRedrawAndShowToggle"/>
        </Control>
    </Form>
    <Form Class="Window" LAnchorPoint="EngravingStationForm_Right" LAnchorOffset="0" TAnchorPoint="EngravingStationForm_Top" TAnchorOffset="0" RAnchorPoint="EngravingStationForm_Right" RAnchorOffset="340" BAnchorPoint="EngravingStationForm_Top" BAnchorOffset="700" RelativeToClient="1" Font="Default" Text="" Name="SetsForm" Moveable="1" Escapable="1" Overlapped="1" BGColor="ffffffff" TextColor="ffffffff" TextId="" TooltipColor="" Tooltip="" Picture="1" Sprite="">
        <Control Class="Window" LAnchorPoint="1" LAnchorOffset="-315" TAnchorPoint="0" TAnchorOffset="25" RAnchorPoint="1" RAnchorOffset="-25" BAnchorPoint="1" BAnchorOffset="-25" RelativeToClient="1" Font="Default" Text="" Template="Default" TooltipType="OnCursor" Name="SetsMain" BGColor="ffffffff" TextColor="ffffffff" TooltipColor="" Picture="1" IgnoreMouse="1" Sprite="CRB_Basekit:kitBase_HoloTeal_NoBorder">
            <Control Class="Window" LAnchorPoint="0" LAnchorOffset="0" TAnchorPoint="0" TAnchorOffset="34" RAnchorPoint="1 " RAnchorOffset="0" BAnchorPoint="1" BAnchorOffset="0" RelativeToClient="1" Font="Default" Text="" Template="CRB_Scroll_HoloSmall" TooltipType="OnCursor" Name="SetsListContainer" BGColor="ffffffff" TextColor="ffffffff" TooltipColor="" VScroll="1" IgnoreMouse="1" AutoHideScroll="0">
                <Control Class="MLWindow" LAnchorPoint="0" LAnchorOffset="16" TAnchorPoint="0" TAnchorOffset="0" RAnchorPoint="1" RAnchorOffset="0" BAnchorPoint="0" BAnchorOffset="0" RelativeToClient="1" Font="CRB_InterfaceSmall_O" Text="" Template="Default" TooltipType="OnCursor" Name="SetsListNormalText" BGColor="ffffffff" TextColor="UI_TextHoloBodyHighlight" TooltipColor="" TextId="" DT_CENTER="0" DT_WORDBREAK="1" IgnoreMouse="1"/>
            </Control>
            <Control Class="Window" LAnchorPoint="0" LAnchorOffset="30" TAnchorPoint="0" TAnchorOffset="70" RAnchorPoint="1" RAnchorOffset="-30" BAnchorPoint="1" BAnchorOffset="-20" RelativeToClient="1" Font="CRB_InterfaceSmall_O" Text="" Template="Default" TooltipType="OnCursor" Name="SetsListEmptyText" BGColor="ffffffff" TextColor="UI_TextHoloBody" TooltipColor="" TextId="EngravingStation_NoSetRunes" DT_CENTER="1" DT_WORDBREAK="1" HideInEditor="0"/>
            <Pixie LAnchorPoint="0" LAnchorOffset="0" TAnchorPoint="0" TAnchorOffset="0" RAnchorPoint="1" RAnchorOffset="0" BAnchorPoint="1" BAnchorOffset="0" BGColor="ffffffff" Font="Default" TextColor="ffffffff" Text="" Sprite="CRB_Basekit:kitAccent_Scanlines" Line="0"/>
            <Pixie LAnchorPoint="0" LAnchorOffset="0" TAnchorPoint="0" TAnchorOffset="0" RAnchorPoint="1" RAnchorOffset="0" BAnchorPoint="0" BAnchorOffset="33" BGColor="ffffffff" Font="Default" TextColor="ffffffff" Text="" Sprite="CRB_Basekit:kitHeader_HoloLines_Title" Line="0"/>
            <Pixie LAnchorPoint="0" LAnchorOffset="0" TAnchorPoint="0" TAnchorOffset="6" RAnchorPoint="1" RAnchorOffset="0" BAnchorPoint="0" BAnchorOffset="26" BGColor="ffffffff" Font="CRB_InterfaceSmall_O" TextColor="UI_TextHoloBody" Text="" TextId="EngravingStation_SetBonusTitle" DT_CENTER="1" Line="0"/>
        </Control>
        <Event Name="WindowClosed" Function="OnSetsClose"/>
        <Control Class="Window" LAnchorPoint="0" LAnchorOffset="0" TAnchorPoint="0" TAnchorOffset="0" RAnchorPoint="1" RAnchorOffset="0" BAnchorPoint="1" BAnchorOffset="0" RelativeToClient="1" Font="Default" Text="" Template="Default" TooltipType="OnCursor" Name="BGFrame" BGColor="ffffffff" TextColor="ffffffff" TooltipColor="" Sprite="CRB_Basekit:kitOuterFrame_MetalGold_Small3" Picture="1" IgnoreMouse="1" NewControlDepth="3"/>
        <Pixie LAnchorPoint="0" LAnchorOffset="20" TAnchorPoint="0" TAnchorOffset="20" RAnchorPoint="1" RAnchorOffset="-20" BAnchorPoint="1" BAnchorOffset="-20" BGColor="ffffffff" Font="Default" TextColor="ffffffff" Text="" Sprite="CRB_Basekit:kitBase_MetalGrey_Large" Line="0"/>
        <Control Class="Button" Base="CRB_Basekit:kitBtn_Close" Font="Thick" ButtonType="PushButton" RadioGroup="" LAnchorPoint="1" LAnchorOffset="-39" TAnchorPoint="0" TAnchorOffset="12" RAnchorPoint="1" RAnchorOffset="-12" BAnchorPoint="0" BAnchorOffset="41" DT_VCENTER="1" DT_CENTER="1" Name="CloseButton" BGColor="ffffffff" TextColor="ffffffff" WindowSoundTemplate="CloseWindowPhys" Text="" TextId="" TooltipColor="" NormalTextColor="ffffffff" PressedTextColor="ffffffff" FlybyTextColor="ffffffff" PressedFlybyTextColor="ffffffff" DisabledTextColor="ffffffff">
            <Event Name="ButtonSignal" Function="OnSetsClose"/>
        </Control>
    </Form>
</Forms>
