<?xml version="1.0" encoding="UTF-8" standalone="yes" ?>
<Forms>
    <Form Class="Window" LAnchorPoint=".5" LAnchorOffset="-175" TAnchorPoint=".5" TAnchorOffset="-200" RAnchorPoint=".5" RAnchorOffset="175" BAnchorPoint=".5" BAnchorOffset="75" RelativeToClient="1" Font="Default" Text="" Template="Default" Name="InstanceSettingsForm" Border="0" Picture="1" SwallowMouseClicks="1" Moveable="1" Escapable="1" Overlapped="1" BGColor="ffffffff" TextColor="ffffffff" TextId="" TooltipColor="" Tooltip="" IgnoreMouse="1" Sprite="CRB_Basekit:kitBase_Hybrid_Message">
        <Control Class="Button" Base="CRB_Basekit:kitBtn_Close" Font="Thick" ButtonType="PushButton" RadioGroup="" LAnchorPoint="1" LAnchorOffset="-37" TAnchorPoint="0" TAnchorOffset="10" RAnchorPoint="1" RAnchorOffset="-10" BAnchorPoint="0" BAnchorOffset="39" DT_VCENTER="1" DT_CENTER="1" Name="CloseButton" BGColor="ffffffff" TextColor="ffffffff" NewControlDepth="2" WindowSoundTemplate="CloseWindowPhys" Text="" TextId="" TooltipColor="" NormalTextColor="ffffffff" PressedTextColor="ffffffff" FlybyTextColor="ffffffff" PressedFlybyTextColor="ffffffff" DisabledTextColor="ffffffff">
            <Event Name="ButtonSignal" Function="OnCancel"/>
        </Control>
        <Control Class="Button" Base="CRB_Basekit:kitBtn_Holo" Font="CRB_InterfaceMedium_B" ButtonType="Check" RadioGroup="InstanceSettings_LocalRadioGroup_Difficulty" LAnchorPoint="0.5" LAnchorOffset="-125" TAnchorPoint="0.5" TAnchorOffset="-44" RAnchorPoint="1" RAnchorOffset="-178" BAnchorPoint="0.5" BAnchorOffset="-4" DT_VCENTER="1" DT_CENTER="1" Name="DifficultyButton1" BGColor="ffffffff" TextColor="ffffffff" NewControlDepth="2" WindowSoundTemplate="ToggleDigi01" TextId="Tooltips_Normal" Text="" TooltipColor="" NormalTextColor="UI_BtnTextHoloListNormal" PressedTextColor="UI_BtnTextHoloListPressed" FlybyTextColor="UI_BtnTextHoloListFlyby" PressedFlybyTextColor="UI_BtnTextHoloListPressedFlyby" DisabledTextColor="UI_BtnTextHoloListDisabled" Template="CRB_NormalFramedThick_StandardHdrFtr" Sprite="CRB_Basekit:kitInnerFrame_Hybrid_ButtonBacker" GlobalRadioGroup="" Tooltip="" RelativeToClient="1" TooltipId="InstanceSettings_NormalDifficultyTooltip" TooltipFont="CRB_InterfaceSmall_O" TooltipType="OnCursor" RadioDisallowNonSelection="1"/>
        <Control Class="Button" Base="CRB_Basekit:kitBtn_Holo" Font="CRB_InterfaceMedium_B" ButtonType="Check" RadioGroup="InstanceSettings_LocalRadioGroup_Difficulty" LAnchorPoint="1" LAnchorOffset="-168" TAnchorPoint="0.5" TAnchorOffset="-44" RAnchorPoint="0.5" RAnchorOffset="125" BAnchorPoint="0.5" BAnchorOffset="-4" DT_VCENTER="1" DT_CENTER="1" Name="DifficultyButton2" BGColor="ffffffff" TextColor="ffffffff" NewControlDepth="2" WindowSoundTemplate="ToggleDigi01" TextId="CRB_Veteran" Text="" TooltipColor="" NormalTextColor="UI_BtnTextHoloListNormal" PressedTextColor="UI_BtnTextHoloListPressed" FlybyTextColor="UI_BtnTextHoloListFlyby" PressedFlybyTextColor="UI_BtnTextHoloListPressedFlyby" DisabledTextColor="UI_BtnTextHoloListDisabled" Template="CRB_NormalFramedThick_StandardHdrFtr" Sprite="CRB_Basekit:kitInnerFrame_Hybrid_ButtonBacker" DrawAsCheckbox="0" GlobalRadioGroup="" RelativeToClient="1" Tooltip="" TooltipId="InstanceSettings_VeteranDifficultyTooltip" TooltipFont="CRB_InterfaceSmall_O" TooltipType="OnCursor" RadioDisallowNonSelection="1"/>
        <Control Class="Button" Base="CRB_Basekit:kitBtn_Holo_Large" Font="CRB_InterfaceMedium_B" ButtonType="Check" RadioGroup="InstanceSettings_LocalRadioGroup_Rallying" LAnchorPoint="0.5" LAnchorOffset="-125" TAnchorPoint="0.5" TAnchorOffset="0" RAnchorPoint="0.5" RAnchorOffset="125" BAnchorPoint="0.5" BAnchorOffset="40" DT_VCENTER="1" DT_CENTER="1" TooltipType="OnCursor" Name="LevelScalingButton" BGColor="ffffffff" TextColor="ffffffff" TooltipColor="" NormalTextColor="UI_BtnTextHoloListNormal" PressedTextColor="UI_BtnTextHoloListPressed" FlybyTextColor="UI_BtnTextHoloListFlyby" PressedFlybyTextColor="UI_BtnTextHoloListPressedFlyby" DisabledTextColor="UI_BtnTextHoloListDisabled" Text="" TextId="InstanceSettings_RallySettingDescription" GlobalRadioGroup="" Sprite="CRB_Basekit:kitInnerFrame_Hybrid_ButtonBacker" Tooltip="" RelativeToClient="1" TooltipFont="CRB_InterfaceSmall_O" TooltipId="InstanceSettings_RallyingTooltip"/>
        <Control Class="Button" Base="CRB_Basekit:kitBtn_Holo_Large" Font="CRB_InterfaceMedium_B" ButtonType="PushButton" RadioGroup="" LAnchorPoint="0.5" LAnchorOffset="-125" TAnchorPoint="1" TAnchorOffset="-75" RAnchorPoint="0.5" RAnchorOffset="125" BAnchorPoint="1" BAnchorOffset="-35" DT_VCENTER="1" DT_CENTER="1" Name="EnterButton" BGColor="ffffff00" TextColor="ffffffff" NewControlDepth="2" WindowSoundTemplate="TogglePhys02" TextId="CRB_Enter" Text="" TooltipColor="" NormalTextColor="UI_BtnTextGreenNormal" PressedTextColor="UI_BtnTextGreenPressed" FlybyTextColor="UI_BtnTextGreenFlyby" PressedFlybyTextColor="UI_BtnTextGreenPressedFlyby" DisabledTextColor="UI_BtnTextGreenDisabled" Template="CRB_NormalFramedThick_StandardHdrFtr" Sprite="CRB_Basekit:kitInnerFrame_Hybrid_ButtonBacker">
            <Event Name="ButtonSignal" Function="OnOK"/>
        </Control>
        <Pixie LAnchorPoint="0" LAnchorOffset="20" TAnchorPoint="0" TAnchorOffset="30" RAnchorPoint="1" RAnchorOffset="-20" BAnchorPoint="0" BAnchorOffset="50" BGColor="ffffffff" Font="CRB_InterfaceLarge_BO" TextColor="UI_TextHoloTitle" Text="" TextId="InstanceSettings_Title" DT_CENTER="1" DT_VCENTER="0" DT_WORDBREAK="1" Line="0"/>
        <Pixie LAnchorPoint="0" LAnchorOffset="100" TAnchorPoint="0" TAnchorOffset="70" RAnchorPoint="1" RAnchorOffset="-100" BAnchorPoint="0" BAnchorOffset="90" BGColor="ffffffff" Font="CRB_InterfaceMedium_BO" TextColor="UI_TextHoloTitle" Text="" TextId="CRB_Difficulty" DT_CENTER="1" DT_VCENTER="1" DT_WORDBREAK="1" Line="0"/>
        <Event Name="WindowClosed" Function="OnCancel"/>
    </Form>
    <Form Class="Window" LAnchorPoint="0.5" LAnchorOffset="-180" TAnchorPoint="0.5" TAnchorOffset="-175" RAnchorPoint="0.5" RAnchorOffset="180" BAnchorPoint="0.5" BAnchorOffset="-65" RelativeToClient="1" Font="Default" Text="" Template="" TooltipType="OnCursor" Name="InstanceSettingsWaitingForm" Border="0" Picture="1" SwallowMouseClicks="1" Moveable="1" Escapable="1" Overlapped="1" BGColor="ffffffff" TextColor="ffffffff" TooltipColor="" IgnoreMouse="1" Sprite="CRB_Basekit:kitBase_HoloBlue_InsetBorder_ThinPadded" TextId="" DT_CENTER="0" DT_VCENTER="0" DT_WORDBREAK="0" Tooltip="">
        <Control Class="Button" Base="CRB_Basekit:kitBtn_Holo_Close" Font="Thick" ButtonType="PushButton" RadioGroup="" LAnchorPoint="1" LAnchorOffset="-33" TAnchorPoint="0" TAnchorOffset="12" RAnchorPoint="1" RAnchorOffset="-12" BAnchorPoint="0" BAnchorOffset="33" DT_VCENTER="1" DT_CENTER="1" Name="CloseButton" BGColor="ffffffff" TextColor="ffffffff" NewControlDepth="2" WindowSoundTemplate="CloseWindowPhys" Text="" TextId="" TooltipColor="" NormalTextColor="ffffffff" PressedTextColor="ffffffff" FlybyTextColor="ffffffff" PressedFlybyTextColor="ffffffff" DisabledTextColor="ffffffff">
            <Event Name="ButtonSignal" Function="OnCancel"/>
        </Control>
        <Pixie LAnchorPoint="0" LAnchorOffset="0" TAnchorPoint="0" TAnchorOffset="0" RAnchorPoint="1" RAnchorOffset="0" BAnchorPoint="1" BAnchorOffset="0" BGColor="ffffffff" Font="Default" TextColor="ffffffff" Text="" Sprite="CRB_Basekit:kitBase_HoloBlue_InsetBorder_ThinPadded" Line="0"/>
        <Pixie LAnchorPoint="0" LAnchorOffset="0" TAnchorPoint="0" TAnchorOffset="0" RAnchorPoint="1" RAnchorOffset="0" BAnchorPoint="1" BAnchorOffset="0" BGColor="ffffffff" Font="Default" TextColor="ffffffff" Text="" Sprite="CRB_Basekit:kitBase_HoloBlue_InsetBorder_ThinPadded" Line="0"/>
        <Pixie LAnchorPoint="0" LAnchorOffset="0" TAnchorPoint="0" TAnchorOffset="0" RAnchorPoint="1" RAnchorOffset="0" BAnchorPoint="1" BAnchorOffset="0" BGColor="ffffffff" Font="Default" TextColor="ffffffff" Text="" Sprite="CRB_Basekit:kitBase_HoloBlue_InsetBorder_ThinPadded" Line="0"/>
        <Pixie LAnchorPoint="0" LAnchorOffset="25" TAnchorPoint="0" TAnchorOffset="25" RAnchorPoint="1" RAnchorOffset="-25" BAnchorPoint="1" BAnchorOffset="-25" BGColor="ffffffff" Font="CRB_InterfaceMedium_B" TextColor="UI_TextMetalBodyHighlight" Text="" TextId="InstanceSettings_WaitingForSettings" DT_CENTER="1" DT_VCENTER="1" DT_WORDBREAK="1" Line="0"/>
        <Event Name="WindowClosed" Function="OnCancel"/>
    </Form>
</Forms>
