<?xml version="1.0" ?>
<Forms>
    <Form Class="Window" LAnchorPoint="0" LAnchorOffset="0" TAnchorPoint="0" TAnchorOffset="0" RAnchorPoint="0" RAnchorOffset="290" BAnchorPoint="0" BAnchorOffset="188" RelativeToClient="1" Name="PathSoldierMissionMain" BGColor="ffffffff" TextColor="ffffffff" Overlapped="0" IgnoreMouse="0" Visible="0" Text="" TextId="" TooltipColor="" Tooltip="" NewWindowDepth="1" SwallowMouseClicks="1">
        <Control Class="Window" LAnchorPoint="0" LAnchorOffset="0" TAnchorPoint="0" TAnchorOffset="0" RAnchorPoint="1" RAnchorOffset="0" BAnchorPoint="1" BAnchorOffset="0" RelativeToClient="1" Font="Default" Text="" Template="Holo_Background_Datachron" Name="Assault" BGColor="ffffffff" TextColor="ffffffff" HideInEditor="1" Visible="0" TooltipColor="white" Sprite="" Picture="1" IgnoreMouse="1" NewControlDepth="1" Tooltip="" TooltipId="SoldierHoldout_AssaultHoldout" TooltipType="OnCursor" TooltipFont="CRB_InterfaceSmall">
            <Control Class="Window" LAnchorPoint="0" LAnchorOffset="0" TAnchorPoint="0" TAnchorOffset="74" RAnchorPoint="1" RAnchorOffset="0" BAnchorPoint="1" BAnchorOffset="0" RelativeToClient="1" Font="Default" Text="" Template="Default" TooltipType="OnCursor" Name="TimerAndCountArrangeVert" BGColor="ffffffff" TextColor="ffffffff" TooltipColor="" HideInEditor="1">
                <Control Class="Window" LAnchorPoint="0" LAnchorOffset="0" TAnchorPoint="0" TAnchorOffset="0" RAnchorPoint="1" RAnchorOffset="0" BAnchorPoint="0" BAnchorOffset="44" RelativeToClient="1" Font="Default" Text="" Template="Default" TooltipType="OnCursor" Name="TimerContainer" BGColor="ffffffff" TextColor="ffffffff" TooltipColor="">
                    <Control Class="Window" LAnchorPoint="0" LAnchorOffset="0" TAnchorPoint="0" TAnchorOffset="0" RAnchorPoint="1" RAnchorOffset="0" BAnchorPoint="0" BAnchorOffset="20" RelativeToClient="1" Font="CRB_InterfaceMedium" Template="Default" Name="TimerLabel" BGColor="ffffffff" TextColor="UI_TextHoloTitle" DT_VCENTER="1" DT_CENTER="1" IgnoreMouse="1" NoClip="1" TextId="SoldierMission_TimeLeft" Text="" TooltipColor="" Tooltip=""/>
                    <Control Class="Window" LAnchorPoint="0" LAnchorOffset="0" TAnchorPoint="0" TAnchorOffset="18" RAnchorPoint="1" RAnchorOffset="0" BAnchorPoint="0" BAnchorOffset="48" RelativeToClient="1" Font="CRB_HeaderHuge" Template="Default" Name="TimerText" BGColor="ffffffff" TextColor="UI_TextHoloBodyHighlight" DT_CENTER="1" DT_VCENTER="0" DT_WORDBREAK="1" TextId="CRB_Timer" Text="" TooltipColor=""/>
                </Control>
                <Control Class="Window" LAnchorPoint="0" LAnchorOffset="0" TAnchorPoint="0" TAnchorOffset="50" RAnchorPoint="1" RAnchorOffset="0" BAnchorPoint="0" BAnchorOffset="97" RelativeToClient="1" Font="Default" Text="" Template="Default" TooltipType="OnCursor" Name="CountContainer" BGColor="ffffffff" TextColor="ffffffff" TooltipColor="">
                    <Control Class="Window" LAnchorPoint="0" LAnchorOffset="0" TAnchorPoint="0" TAnchorOffset="18" RAnchorPoint="1" RAnchorOffset="0" BAnchorPoint="0" BAnchorOffset="48" RelativeToClient="1" Font="CRB_HeaderHuge" Template="Default" Name="CountText" BGColor="ffffffff" TextColor="UI_TextHoloBodyHighlight" DT_CENTER="1" DT_VCENTER="0" DT_WORDBREAK="1" TextId="CRB_110" Text="" TooltipColor=""/>
                    <Pixie LAnchorPoint="0" LAnchorOffset="0" TAnchorPoint="0" TAnchorOffset="0" RAnchorPoint="1" RAnchorOffset="0" BAnchorPoint="0" BAnchorOffset="20" BGColor="ffffffff" Font="CRB_InterfaceMedium" TextColor="UI_TextHoloTitle" Text="" TextId="SoldierMission_ItemsLeft" DT_CENTER="1" DT_VCENTER="1" Line="0"/>
                </Control>
            </Control>
            <Control Class="Window" LAnchorPoint="0" LAnchorOffset="2" TAnchorPoint="0" TAnchorOffset="2" RAnchorPoint="1" RAnchorOffset="-2" BAnchorPoint="0" BAnchorOffset="58" RelativeToClient="1" Font="Default" Text="" Template="Default" Name="UpperArt" BGColor="ffffffff" TextColor="ffffffff" Picture="1" IgnoreMouse="1" Sprite="CRB_Basekit:kitBase_HoloBlue_InsetBorder_Thick" Visible="1" HideInEditor="0" TooltipColor="">
                <Control Class="ProgressBar" Text="" LAnchorPoint="0" LAnchorOffset="46" TAnchorPoint="0" TAnchorOffset="19" RAnchorPoint="1" RAnchorOffset="-44" BAnchorPoint="0" BAnchorOffset="58" AutoSetText="0" UseValues="1" RelativeToClient="1" SetTextToProgress="0" DT_CENTER="1" DT_VCENTER="1" ProgressFull="BK3:UI_BK3_Holo_ProgressBar_Fill" Name="WaveMeter" BGColor="ffffffff" TextColor="ffffffff" Picture="0" Sprite="" Visible="1" TooltipColor="" BarColor="" ProgressEdgeGlow="BK3:UI_BK3_Holo_ProgressBar_Cap"/>
                <Control Name="WavesElapsed" Class="Window" LAnchorPoint="0" LAnchorOffset="27" TAnchorPoint="0" TAnchorOffset="8" RAnchorPoint="1" RAnchorOffset="-27" BAnchorPoint="1" BAnchorOffset="-28" DT_CENTER="1" DT_VCENTER="0" Text="" TextColor="UI_TextHoloTitle" Font="CRB_HeaderTiny" BGColor="ffffffff" Visible="1" IgnoreMouse="1" AutoScaleText="1" TextId="CRB_Waves_Released" TooltipColor=""/>
                <Control Class="Window" LAnchorPoint="0" LAnchorOffset="30" TAnchorPoint="0" TAnchorOffset="19" RAnchorPoint="1" RAnchorOffset="-30" BAnchorPoint="0" BAnchorOffset="59" RelativeToClient="1" Font="Default" Text="" BGColor="UI_WindowBGDefault" TextColor="UI_WindowTextDefault" Template="Default" TooltipType="OnCursor" Name="ProgressFrame" TooltipColor="" Picture="1" IgnoreMouse="1" Sprite="BK3:UI_BK3_Holo_ProgressBar_BG"/>
            </Control>
            <Control Class="Window" LAnchorPoint="0" LAnchorOffset="0" TAnchorPoint="1" TAnchorOffset="-45" RAnchorPoint="1" RAnchorOffset="0" BAnchorPoint="1" BAnchorOffset="0" RelativeToClient="1" Font="Default" Text="" Template="Default" Name="TowerDefenseContainer" BGColor="ffffffff" TextColor="ffffffff" Picture="0" IgnoreMouse="1" Sprite="" Visible="0" HideInEditor="1" NewControlDepth="1" TooltipColor="">
                <Control Class="MLWindow" LAnchorPoint="0" LAnchorOffset="0" TAnchorPoint="0" TAnchorOffset="0" RAnchorPoint="1" RAnchorOffset="0" BAnchorPoint="0" BAnchorOffset="20" RelativeToClient="1" Font="CRB_InterfaceMedium" Text="" Template="Default" Name="TowerDefenseText" BGColor="ffffffff" TextColor="UI_TextHoloBodyHighlight" TextId="" DT_CENTER="1" TooltipColor=""/>
            </Control>
            <Control Class="Window" LAnchorPoint="0" LAnchorOffset="0" TAnchorPoint="0.55" TAnchorOffset="-45" RAnchorPoint="1" RAnchorOffset="0" BAnchorPoint="1" BAnchorOffset="0" RelativeToClient="1" Font="Default" Text="" Template="Default" TooltipType="OnCursor" Name="DeathNoticeContainer" BGColor="ffffffff" TextColor="ffffffff" TooltipColor="" HideInEditor="0" Visible="0">
                <Control Class="Window" LAnchorPoint="0" LAnchorOffset="43" TAnchorPoint="0" TAnchorOffset="0" RAnchorPoint="1" RAnchorOffset="-41" BAnchorPoint="0" BAnchorOffset="131" RelativeToClient="1" Font="CRB_InterfaceMedium" Template="Default" Name="DeathLabel" BGColor="ffffffff" TextColor="UI_TextHoloBodyHighlight" DT_VCENTER="1" DT_CENTER="1" IgnoreMouse="1" NoClip="1" TextId="SoldierMission_DeathNotice" Text="" TooltipColor="" Tooltip="" DT_WORDBREAK="1"/>
            </Control>
        </Control>
        <Control Class="Window" LAnchorPoint="0" LAnchorOffset="0" TAnchorPoint="0" TAnchorOffset="0" RAnchorPoint="1" RAnchorOffset="0" BAnchorPoint="1" BAnchorOffset="0" RelativeToClient="1" Font="Default" Text="" Template="Holo_Background_Datachron" Name="Timed" BGColor="ffffffff" TextColor="ffffffff" HideInEditor="1" Visible="0" TooltipColor="white" Picture="1" IgnoreMouse="1" Sprite="" NewControlDepth="1" Tooltip="" TooltipId="" TooltipType="OnCursor" TooltipFont="CRB_InterfaceSmall">
            <Control Class="Window" LAnchorPoint="0" LAnchorOffset="3" TAnchorPoint="0.5" TAnchorOffset="-34" RAnchorPoint="1" RAnchorOffset="3" BAnchorPoint="1" BAnchorOffset="11" RelativeToClient="1" Font="Default" Text="" Template="Default" TooltipType="OnCursor" Name="TimerAndCountArrangeVert" BGColor="ffffffff" TextColor="ffffffff" TooltipColor="">
                <Control Class="Window" LAnchorPoint="0" LAnchorOffset="0" TAnchorPoint="0" TAnchorOffset="0" RAnchorPoint="1" RAnchorOffset="0" BAnchorPoint="0" BAnchorOffset="55" RelativeToClient="1" Font="Default" Text="" Template="Default" TooltipType="OnCursor" Name="TimerContainer" BGColor="ffffffff" TextColor="ffffffff" TooltipColor="">
                    <Control Class="Window" LAnchorPoint="0" LAnchorOffset="0" TAnchorPoint="0" TAnchorOffset="8" RAnchorPoint="1" RAnchorOffset="0" BAnchorPoint="0" BAnchorOffset="28" RelativeToClient="1" Font="CRB_InterfaceMedium" Template="Default" Name="TimerLabel" BGColor="ffffffff" TextColor="UI_TextHoloTitle" DT_VCENTER="1" DT_CENTER="1" IgnoreMouse="1" NoClip="1" TextId="SoldierMission_TimeLeft" Text="" TooltipColor=""/>
                    <Control Class="Window" LAnchorPoint="0" LAnchorOffset="0" TAnchorPoint="0" TAnchorOffset="26" RAnchorPoint="1" RAnchorOffset="0" BAnchorPoint="0" BAnchorOffset="56" RelativeToClient="1" Font="CRB_HeaderHuge" Template="Default" Name="TimerText" BGColor="ffffffff" TextColor="UI_TextHoloBodyHighlight" DT_CENTER="1" DT_VCENTER="0" DT_WORDBREAK="1" TextId="CRB_Timer" Text="" TooltipColor=""/>
                </Control>
                <Control Class="Window" LAnchorPoint="0" LAnchorOffset="0" TAnchorPoint="0" TAnchorOffset="55" RAnchorPoint="1" RAnchorOffset="0" BAnchorPoint="0" BAnchorOffset="99" RelativeToClient="1" Font="Default" Text="" Template="Default" TooltipType="OnCursor" Name="CountContainer" BGColor="ffffffff" TextColor="ffffffff" TooltipColor="">
                    <Control Class="Window" LAnchorPoint="0" LAnchorOffset="0" TAnchorPoint="0" TAnchorOffset="18" RAnchorPoint="1" RAnchorOffset="0" BAnchorPoint="0" BAnchorOffset="48" RelativeToClient="1" Font="CRB_HeaderHuge" Template="Default" Name="CountText" BGColor="ffffffff" TextColor="UI_TextHoloBodyHighlight" DT_CENTER="1" DT_VCENTER="0" DT_WORDBREAK="1" TextId="CRB_110" Text="" TooltipColor=""/>
                    <Pixie LAnchorPoint="0" LAnchorOffset="0" TAnchorPoint="0" TAnchorOffset="0" RAnchorPoint="1" RAnchorOffset="0" BAnchorPoint="0" BAnchorOffset="20" BGColor="ffffffff" Font="CRB_InterfaceMedium" TextColor="UI_TextHoloTitle" Text="" TextId="SoldierMission_ItemsLeft" DT_CENTER="1" DT_VCENTER="1" Line="0"/>
                </Control>
            </Control>
            <Control Class="Window" LAnchorPoint="0.5" LAnchorOffset="-73" TAnchorPoint="0" TAnchorOffset="33" RAnchorPoint="0.5" RAnchorOffset="73" BAnchorPoint="0" BAnchorOffset="147" RelativeToClient="1" Font="Default" Text="" Template="Default" Name="TimedMeterBack" BGColor="ffffffff" TextColor="ffffffff" Picture="1" IgnoreMouse="1" Sprite="CRB_DatachronSprites:sprDCPP_SolTmdMeterBack" TooltipColor="">
                <Control Class="ProgressBar" Text="" LAnchorPoint="0.5" LAnchorOffset="-69" TAnchorPoint="0" TAnchorOffset="-9" RAnchorPoint="0.5" RAnchorOffset="77" BAnchorPoint="1" BAnchorOffset="26" AutoSetText="0" UseValues="0" RelativeToClient="1" SetTextToProgress="0" DT_CENTER="1" DT_VCENTER="1" ProgressFull="CRB_DatachronSprites:sprDCPP_SolTmdMeter" Name="TimedMeter" BGColor="ffffffff" TextColor="ffffffff" RadialBar="1" Clockwise="1" RadialMin="224.999985" RadialMax="333.000000" TooltipColor="" BarColor="" NoClip="1" IgnoreMouse="1"/>
            </Control>
        </Control>
        <Control Class="Window" LAnchorPoint="0" LAnchorOffset="0" TAnchorPoint="0" TAnchorOffset="0" RAnchorPoint="1" RAnchorOffset="0" BAnchorPoint="1" BAnchorOffset="0" RelativeToClient="1" Font="Default" Text="" Template="Holo_Background_Datachron" Name="Defend" BGColor="ffffffff" TextColor="ffffffff" HideInEditor="0" Visible="0" Sprite="" Picture="1" IgnoreMouse="1" TooltipColor="white" Tooltip="" NewControlDepth="1" TooltipId="" TooltipType="OnCursor" TooltipFont="CRB_InterfaceSmall">
            <Control Class="Window" LAnchorPoint="0" LAnchorOffset="2" TAnchorPoint="0" TAnchorOffset="2" RAnchorPoint="1" RAnchorOffset="-2" BAnchorPoint="0" BAnchorOffset="58" RelativeToClient="1" Font="Default" Text="" Template="Default" Name="UpperArt" BGColor="ffffffff" TextColor="ffffffff" Picture="1" IgnoreMouse="1" Sprite="CRB_Basekit:kitBase_HoloBlue_InsetBorder_Thick" NoClip="0" Visible="1" HideInEditor="0" TooltipColor="">
                <Control Class="ProgressBar" Text="" LAnchorPoint="0" LAnchorOffset="46" TAnchorPoint="0" TAnchorOffset="19" RAnchorPoint="1" RAnchorOffset="-44" BAnchorPoint="0" BAnchorOffset="58" AutoSetText="0" UseValues="1" RelativeToClient="1" SetTextToProgress="0" DT_CENTER="1" DT_VCENTER="1" ProgressFull="BK3:UI_BK3_Holo_ProgressBar_Fill" Name="WaveMeter" BGColor="ffffffff" TextColor="ffffffff" Picture="0" Sprite="" Visible="1" TooltipColor="" BarColor="" ProgressEdgeGlow="BK3:UI_BK3_Holo_ProgressBar_Cap"/>
                <Control Name="WavesElapsed" Class="Window" LAnchorPoint="0" LAnchorOffset="27" TAnchorPoint="0" TAnchorOffset="8" RAnchorPoint="1" RAnchorOffset="-27" BAnchorPoint="1" BAnchorOffset="-28" DT_CENTER="1" DT_VCENTER="0" Text="" TextColor="UI_TextHoloTitle" Font="CRB_HeaderTiny" BGColor="ffffffff" Visible="1" IgnoreMouse="1" AutoScaleText="1" TextId="CRB_Waves_Released" TooltipColor=""/>
                <Control Class="Window" LAnchorPoint="0" LAnchorOffset="30" TAnchorPoint="0" TAnchorOffset="19" RAnchorPoint="1" RAnchorOffset="-30" BAnchorPoint="0" BAnchorOffset="59" RelativeToClient="1" Font="Default" Text="" BGColor="UI_WindowBGDefault" TextColor="UI_WindowTextDefault" Template="Default" TooltipType="OnCursor" Name="ProgressFrame" TooltipColor="" Picture="1" IgnoreMouse="1" Sprite="BK3:UI_BK3_Holo_ProgressBar_BG"/>
            </Control>
            <Control Class="Window" LAnchorPoint="0" LAnchorOffset="0" TAnchorPoint="0" TAnchorOffset="59" RAnchorPoint="1" RAnchorOffset="0" BAnchorPoint="1" BAnchorOffset="0" RelativeToClient="1" Font="Default" Text="" Template="Default" Name="DefendMiddleContainer" BGColor="ffffffff" TextColor="ffffffff" Picture="1" IgnoreMouse="1" Sprite="" HideInEditor="0" TooltipColor="">
                <Control Class="Window" LAnchorPoint="0" LAnchorOffset="0" TAnchorPoint="0" TAnchorOffset="0" RAnchorPoint="1" RAnchorOffset="0" BAnchorPoint="0" BAnchorOffset="85" RelativeToClient="1" Font="Default" Text="" Template="CRB_Normal" TooltipType="OnCursor" Name="DefendContainer" BGColor="ffffffff" TextColor="ffffffff" TooltipColor="" VScroll="1" VScrollLeftSide="0" AutoHideScroll="1" IgnoreMouse="1"/>
                <Control Class="Window" LAnchorPoint="0" LAnchorOffset="0" TAnchorPoint="1" TAnchorOffset="-20" RAnchorPoint=".5" RAnchorOffset="-3" BAnchorPoint="1" BAnchorOffset="-2" RelativeToClient="1" Font="CRB_InterfaceSmall" Template="Default" Name="TimerLabel" BGColor="ffffffff" TextColor="ff32fcf6" DT_VCENTER="1" DT_CENTER="0" IgnoreMouse="1" NoClip="1" TextId="SoldierMission_TimeLeft" Text="" TooltipColor="" DT_RIGHT="1"/>
                <Control Class="Window" LAnchorPoint=".5" LAnchorOffset="2" TAnchorPoint="1" TAnchorOffset="-23" RAnchorPoint="1" RAnchorOffset="0" BAnchorPoint="1" BAnchorOffset="-1" RelativeToClient="1" Font="CRB_HeaderLarge" Template="Default" Name="TimerText" BGColor="ffffffff" TextColor="ffffffff" DT_CENTER="0" DT_VCENTER="1" DT_WORDBREAK="1" TextId="" TooltipColor="" Text="04.44"/>
            </Control>
        </Control>
        <Control Class="Window" LAnchorPoint="0" LAnchorOffset="-1" TAnchorPoint="1" TAnchorOffset="4" RAnchorPoint="1" RAnchorOffset="-1" BAnchorPoint="1" BAnchorOffset="50" RelativeToClient="1" Font="Default" Text="" Template="Default" Name="FooterArt" BGColor="ffffffff" TextColor="ffffffff" Picture="1" IgnoreMouse="1" Sprite="CRB_DatachronSprites:sprDCPP_SolHOLowerFrame" HideInEditor="0" TooltipColor="" NewControlDepth="1"/>
        <Control Class="Window" LAnchorPoint="0" LAnchorOffset="0" TAnchorPoint="0" TAnchorOffset="0" RAnchorPoint="1" RAnchorOffset="0" BAnchorPoint="1" BAnchorOffset="0" RelativeToClient="1" Font="Default" Text="" Template="" Name="BossFrame" BGColor="ffffffff" TextColor="ffffffff" Picture="1" IgnoreMouse="1" Sprite="" Visible="0" HideInEditor="0" TooltipColor="">
            <Control Class="Window" LAnchorPoint="0" LAnchorOffset="-3" TAnchorPoint="0" TAnchorOffset="-3" RAnchorPoint="1" RAnchorOffset="3" BAnchorPoint="1" BAnchorOffset="-24" RelativeToClient="1" Font="Default" Text="" Template="Default" Name="BossFrameGlow" BGColor="ffffffff" TextColor="ffffffff" Picture="1" IgnoreMouse="1" Sprite="CRB_DatachronSprites:sprDCPP_SolHOBossFrame" Visible="1" TooltipColor=""/>
            <Control Class="Window" LAnchorPoint="0.5" LAnchorOffset="-74" TAnchorPoint="0" TAnchorOffset="138" RAnchorPoint="0.5" RAnchorOffset="74" BAnchorPoint="0" BAnchorOffset="164" RelativeToClient="1" Font="CRB_InterfaceMedium" Text="" Template="Default" Name="BossFooter" BGColor="ffffffff" TextColor="ffffffff" Picture="1" IgnoreMouse="1" Sprite="CRB_DatachronSprites:sprDCPP_SolLowGlowRed" Visible="1" HideInEditor="0" TooltipColor="">
                <Pixie LAnchorPoint="0" LAnchorOffset="0" TAnchorPoint="0" TAnchorOffset="2" RAnchorPoint="1" RAnchorOffset="0" BAnchorPoint="1" BAnchorOffset="-2" BGColor="ffffffff" Font="CRB_HeaderLarge" TextColor="ffffffff" Text="" TextId="CRB_BOSS" DT_CENTER="1" DT_VCENTER="1" Line="0"/>
            </Control>
        </Control>
        <Control Class="Window" LAnchorPoint="0" LAnchorOffset="0" TAnchorPoint="0" TAnchorOffset="0" RAnchorPoint="1" RAnchorOffset="0" BAnchorPoint="1" BAnchorOffset="0" RelativeToClient="1" Font="Default" Text="" Template="Holo_Background_Datachron" Name="SolIncoming" BGColor="ffffffff" TextColor="ffffffff" Picture="1" IgnoreMouse="1" Sprite="" Visible="0" HideInEditor="1" NewControlDepth="4" TooltipColor="">
            <Control Class="Window" LAnchorPoint="0" LAnchorOffset="0" TAnchorPoint="0" TAnchorOffset="0" RAnchorPoint="1" RAnchorOffset="0" BAnchorPoint="1" BAnchorOffset="0" RelativeToClient="1" Font="CRB_HeaderHuge_O" Text="" Template="Default" Name="IncomingText" BGColor="ffffffff" TextColor="ffffffff" TextId="CRB_Incoming!" Tooltip="" TooltipId="" DT_VCENTER="1" DT_CENTER="1" DT_WORDBREAK="1" TooltipColor=""/>
        </Control>
        <Control Class="Window" LAnchorPoint="0" LAnchorOffset="2" TAnchorPoint="0" TAnchorOffset="2" RAnchorPoint="1" RAnchorOffset="-2" BAnchorPoint="1" BAnchorOffset="-2" RelativeToClient="1" Font="Default" Text="" Template="Default" Name="WaveFlash" BGColor="99ff4949" TextColor="ffffffff" Picture="1" IgnoreMouse="1" Sprite="" TooltipColor="" NewControlDepth="1" HideInEditor="1" Tooltip=""/>
        <Control Class="Button" Base="BK3:btnHolo_Close" Font="Thick" ButtonType="PushButton" RadioGroup="" LAnchorPoint="1" LAnchorOffset="-36" TAnchorPoint="0" TAnchorOffset="2" RAnchorPoint="1" RAnchorOffset="-1" BAnchorPoint="0" BAnchorOffset="38" DT_VCENTER="1" DT_CENTER="1" Name="SolHoldoutCloseBtn" BGColor="ffffffff" TextColor="ffffffff" NormalTextColor="ffffffff" PressedTextColor="ffffffff" FlybyTextColor="ffffffff" PressedFlybyTextColor="ffffffff" DisabledTextColor="ffffffff" Visible="1" Overlapped="0" RelativeToClient="1" NewWindowDepth="1" TooltipColor="" NewControlDepth="10" IgnoreMouse="1">
            <Event Name="ButtonSignal" Function="OnExitSoldierMissionMain"/>
        </Control>
    </Form>
    <Form Class="Window" LAnchorPoint="0" LAnchorOffset="0" TAnchorPoint="0" TAnchorOffset="0" RAnchorPoint="1" RAnchorOffset="0" BAnchorPoint="0" BAnchorOffset="28" RelativeToClient="1" Font="Default" Text="" Template="Default" TooltipType="OnCursor" Name="DefendEntry" Border="0" Picture="0" SwallowMouseClicks="1" Moveable="0" Escapable="0" Overlapped="0" BGColor="ffffffff" TextColor="ffffffff" TooltipColor="">
        <Control Class="Window" LAnchorPoint="0" LAnchorOffset="13" TAnchorPoint="0" TAnchorOffset="1" RAnchorPoint="0" RAnchorOffset="36" BAnchorPoint="0" BAnchorOffset="27" RelativeToClient="1" Font="Default" Text="" Template="Default" Name="DefendIcon" BGColor="ffffffff" TextColor="ffffffff" Picture="1" IgnoreMouse="1" Sprite="CRB_DatachronSprites:sprDCPP_SolDefObjIcon" HideInEditor="0" TooltipColor="" Visible="1" Tooltip=""/>
        <Control Class="ProgressBar" Text="" LAnchorPoint="0" LAnchorOffset="54" TAnchorPoint="0" TAnchorOffset="-6" RAnchorPoint="1" RAnchorOffset="-15" BAnchorPoint="0" BAnchorOffset="34" AutoSetText="0" UseValues="1" RelativeToClient="1" SetTextToProgress="0" DT_CENTER="1" DT_VCENTER="1" ProgressFull="BK3:UI_BK3_Holo_ProgressBar_Fill" Name="DefendHealth" BGColor="ffffffff" TextColor="ffffffff" TooltipColor="" BarColor="" Visible="1" ProgressEdgeGlow="BK3:UI_BK3_Holo_ProgressBar_Cap"/>
        <Pixie LAnchorPoint="0" LAnchorOffset="40" TAnchorPoint="0" TAnchorOffset="5" RAnchorPoint="1" RAnchorOffset="-6" BAnchorPoint="0" BAnchorOffset="21" BGColor="ffffffff" Font="Default" TextColor="ffffffff" Text="" Sprite="" Line="0"/>
        <Control Class="Window" LAnchorPoint="0" LAnchorOffset="39" TAnchorPoint="0" TAnchorOffset="-6" RAnchorPoint="1" RAnchorOffset="0" BAnchorPoint="1" BAnchorOffset="7" RelativeToClient="1" Font="Default" Text="" BGColor="UI_WindowBGDefault" TextColor="UI_WindowTextDefault" Template="Default" TooltipType="OnCursor" Name="ProgressFrame" TooltipColor="" Sprite="BK3:UI_BK3_Holo_ProgressBar_BG" Picture="1" IgnoreMouse="1"/>
    </Form>
</Forms>
