<Forms>
    <Form Class="Window" LAnchorPoint=".3" LAnchorOffset="-300" TAnchorPoint=".5" TAnchorOffset="-350" RAnchorPoint=".3" RAnchorOffset="278" BAnchorPoint=".5" BAnchorOffset="364" RelativeToClient="1" Font="Default" Text="" Template="Default" Name="CombatLogForm" Border="0" Picture="0" SwallowMouseClicks="1" Moveable="1" Escapable="1" Overlapped="1" BGColor="ffffffff" TextColor="ffffffff" TextId="" TooltipColor="" Tooltip="">
        <Control Class="Window" LAnchorPoint="0" LAnchorOffset="0" TAnchorPoint="0" TAnchorOffset="0" RAnchorPoint="1" RAnchorOffset="0" BAnchorPoint="1" BAnchorOffset="0" RelativeToClient="1" Font="Default" Text="" Template="Default" TooltipType="OnCursor" Name="BGArt1" BGColor="ffffffff" TextColor="ffffffff" TooltipColor="" HideInEditor="0">
            <Control Class="Window" LAnchorPoint="0" LAnchorOffset="24" TAnchorPoint="0" TAnchorOffset="69" RAnchorPoint="1" RAnchorOffset="-25" BAnchorPoint="1" BAnchorOffset="-19" RelativeToClient="1" Font="Default" Text="" Template="Holo_Background_General" TooltipType="OnCursor" Name="BGArt_Base" BGColor="ffffffff" TextColor="ffffffff" TooltipColor="" Picture="1" IgnoreMouse="1" Sprite=""/>
        </Control>
        <Control Class="Window" LAnchorPoint="0" LAnchorOffset="40" TAnchorPoint="0" TAnchorOffset="88" RAnchorPoint="1" RAnchorOffset="-40" BAnchorPoint="1" BAnchorOffset="-101" RelativeToClient="0" Font="Default" Text="" Template="Holo_ScrollList" Name="ContentMain" BGColor="ffffffff" TextColor="ffffffff" VScroll="1" TooltipColor="" Tooltip="" HideInEditor="0" Border="1" IgnoreMouse="1" UseTemplateBG="1" NewControlDepth="2"/>
        <Control Class="Window" LAnchorPoint="0" LAnchorOffset="0" TAnchorPoint="0" TAnchorOffset="0" RAnchorPoint="1" RAnchorOffset="0" BAnchorPoint="1" BAnchorOffset="0" RelativeToClient="1" Font="Default" Text="" BGColor="UI_WindowBGDefault" TextColor="UI_WindowTextDefault" Template="Metal_Primary_NoNav" TooltipType="OnCursor" Name="MainFrame" TooltipColor="" Border="1" IgnoreMouse="1" HScroll="0" UseTemplateBG="1" HideInEditor="0"/>
        <Control Class="Window" LAnchorPoint="0" LAnchorOffset="80" TAnchorPoint="0" TAnchorOffset="24" RAnchorPoint="1" RAnchorOffset="-80" BAnchorPoint="0" BAnchorOffset="60" RelativeToClient="1" Font="Default" Text="" Template="Default" Name="BGHeader" BGColor="ffffffff" TextColor="ffffffff" Sprite="BK3:sprMetal_Framing_Header" Picture="1" IgnoreMouse="1" TextId="" DT_CENTER="0" DT_VCENTER="0" NewControlDepth="1" TooltipColor="">
            <Control Class="Window" LAnchorPoint="0" LAnchorOffset="0" TAnchorPoint="0" TAnchorOffset="0" RAnchorPoint="1" RAnchorOffset="0" BAnchorPoint="1" BAnchorOffset="0" RelativeToClient="1" Font="CRB_HeaderMedium" Text="" Template="Default" Name="BGHeaderText" BGColor="ffffffff" TextColor="UI_WindowTitleYellow" TextId="CombatLogOptions_Title" DT_CENTER="1" DT_VCENTER="1" TooltipColor="" IgnoreMouse="1" AutoScaleText="1"/>
        </Control>
        <Control Class="Button" Base="CRB_Basekit:kitBtn_Close" Font="Thick" ButtonType="PushButton" RadioGroup="" LAnchorPoint="1" LAnchorOffset="-51" TAnchorPoint="0" TAnchorOffset="25" RAnchorPoint="1" RAnchorOffset="-23" BAnchorPoint="0" BAnchorOffset="55" DT_VCENTER="1" DT_CENTER="1" Name="CloseButton" BGColor="ffffffff" TextColor="ffffffff" NewControlDepth="2" WindowSoundTemplate="CloseWindowPhys" Text="" TextId="" NormalTextColor="ffffffff" PressedTextColor="ffffffff" FlybyTextColor="ffffffff" PressedFlybyTextColor="ffffffff" DisabledTextColor="ffffffff" TooltipColor="">
            <Event Name="ButtonSignal" Function="OnCancel"/>
        </Control>
        <Control Class="Window" LAnchorPoint="0" LAnchorOffset="27" TAnchorPoint="1" TAnchorOffset="-92" RAnchorPoint="1" RAnchorOffset="-27" BAnchorPoint="1" BAnchorOffset="-22" RelativeToClient="1" Font="Default" Text="" BGColor="UI_WindowBGDefault" TextColor="UI_WindowTextDefault" Template="Default" TooltipType="OnCursor" Name="Metalfooter" TooltipColor="" Sprite="BK3:UI_BK3_Metal_Footer_Large" Picture="1" IgnoreMouse="1"/>
        <Control Class="Button" Base="CRB_Basekit:kitBtn_Metal_LargeBlue" Font="CRB_Button" ButtonType="PushButton" RadioGroup="" LAnchorPoint="1" LAnchorOffset="-137" TAnchorPoint="1" TAnchorOffset="-79" RAnchorPoint="1" RAnchorOffset="-37" BAnchorPoint="1" BAnchorOffset="-28" DT_VCENTER="1" DT_CENTER="1" Name="OkButton" BGColor="ffffffff" TextColor="ffffffff" NewControlDepth="2" WindowSoundTemplate="TogglePhys02" TextId="CRB_OK" Text="" NormalTextColor="UI_BtnTextBlueNormal" PressedTextColor="UI_BtnTextBluePressed" FlybyTextColor="UI_BtnTextBlueFlyby" PressedFlybyTextColor="UI_BtnTextBluePressedFlyby" DisabledTextColor="UI_BtnTextBlueDisabled" TooltipColor="">
            <Event Name="ButtonSignal" Function="OnOK"/>
        </Control>
    </Form>
    <Form Class="Window" LAnchorPoint="0" LAnchorOffset="0" TAnchorPoint="0" TAnchorOffset="0" RAnchorPoint="1" RAnchorOffset="-18" BAnchorPoint="0" BAnchorOffset="564" RelativeToClient="0" Font="Default" Text="" Template="Holo_ScrollList" Name="CombatLogOptionsControls" BGColor="ffffffff" TextColor="ffffffff" VScroll="0" TooltipColor="" Tooltip="" HideInEditor="0" Border="1" IgnoreMouse="1" UseTemplateBG="1" NewControlDepth="2">
        <Control Class="Window" LAnchorPoint="0" LAnchorOffset="0" TAnchorPoint="0" TAnchorOffset="0" RAnchorPoint="1" RAnchorOffset="0" BAnchorPoint="0" BAnchorOffset="80" RelativeToClient="1" Font="Default" Text="" BGColor="UI_WindowBGDefault" TextColor="UI_WindowTextDefault" Template="Default" TooltipType="OnCursor" Name="General" TooltipColor="" Sprite="BK3:UI_BK3_Holo_InsetHeaderThin" Picture="1" IgnoreMouse="1">
            <Control Class="Window" Name="Label" Font="CRB_HeaderTiny" DT_VCENTER="1" TextColor="UI_WindowTitleYellow" LAnchorPoint="0" LAnchorOffset="10" TAnchorPoint="0" TAnchorOffset="0" RAnchorPoint="1" RAnchorOffset="0" BAnchorPoint="0" BAnchorOffset="40" BGColor="white" TextId="CombatLogOptions_General" Text="" DT_CENTER="0" TooltipColor="" NewControlDepth="2" DT_BOTTOM="0" HideInEditor="0"/>
            <Control Class="Button" Name="EnableOtherPlayers" ButtonType="Check" Base="BK3:btnHolo_Check" Font="CRB_InterfaceMedium" TextColor="UI_TextHoloBodyHighlight" DrawAsCheckbox="1" RelativeToClient="1" BGColor="UI_WindowBGDefault" DT_VCENTER="1" TextId="CombatLogOptions_OtherPlayers" NormalTextColor="UI_BtnTextGrayNormal" PressedTextColor="UI_BtnTextGrayFlyby" FlybyTextColor="UI_BtnTextGrayFlyby" PressedFlybyTextColor="UI_BtnTextGrayListFlyby" DisabledTextColor="UI_BtnTextGrayDisabled" TooltipColor="" LAnchorPoint="0" TAnchorPoint="0" RAnchorPoint="1" BAnchorPoint="0" LAnchorOffset="10" TAnchorOffset="44" RAnchorOffset="0" BAnchorOffset="68" DT_CENTER="0" Text="" TestAlpha="1">
                <Event Name="ButtonCheck" Function="OnMappedOptionsCheckbox"/>
                <Event Name="ButtonUncheck" Function="OnMappedOptionsCheckbox"/>
            </Control>
        </Control>
        <Control Class="Window" LAnchorPoint="0" LAnchorOffset="0" TAnchorPoint="0" TAnchorOffset="85" RAnchorPoint="1" RAnchorOffset="0" BAnchorPoint="1" BAnchorOffset="0" RelativeToClient="1" Font="Default" Text="" BGColor="UI_WindowBGDefault" TextColor="UI_WindowTextDefault" Template="Default" TooltipType="OnCursor" Name="SpecificTypes" TooltipColor="" Sprite="BK3:UI_BK3_Holo_InsetHeaderThin" Picture="1" IgnoreMouse="1">
            <Control Class="Window" Name="Label" Font="CRB_HeaderTiny" DT_VCENTER="1" TextColor="UI_WindowTitleYellow" LAnchorPoint="0" LAnchorOffset="10" TAnchorPoint="0" TAnchorOffset="0" RAnchorPoint="1" RAnchorOffset="0" BAnchorPoint="0" BAnchorOffset="40" BGColor="white" TextId="CombatLogOptions_SpecificTypes" Text="" DT_CENTER="0" TooltipColor="" NewControlDepth="2" DT_BOTTOM="0" HideInEditor="0"/>
            <Control Class="Button" Name="EnableAbsorption" ButtonType="Check" Base="BK3:btnHolo_Check" Font="CRB_InterfaceMedium" TextColor="UI_TextHoloBodyHighlight" DrawAsCheckbox="1" RelativeToClient="1" BGColor="UI_WindowBGDefault" DT_VCENTER="1" TextId="CombatLogOptions_Absorption" NormalTextColor="UI_BtnTextGrayNormal" PressedTextColor="UI_BtnTextGrayFlyby" FlybyTextColor="UI_BtnTextGrayFlyby" PressedFlybyTextColor="UI_BtnTextGrayListFlyby" DisabledTextColor="UI_BtnTextGrayDisabled" TooltipColor="" LAnchorPoint="0" TAnchorPoint="0" RAnchorPoint="1" BAnchorPoint="0" LAnchorOffset="10" TAnchorOffset="43" RAnchorOffset="0" BAnchorOffset="73" DT_CENTER="0" Text="" TestAlpha="1">
                <Event Name="ButtonCheck" Function="OnMappedOptionsCheckbox"/>
                <Event Name="ButtonUncheck" Function="OnMappedOptionsCheckbox"/>
            </Control>
            <Control Class="Button" Name="EnableCCState" ButtonType="Check" Base="BK3:btnHolo_Check" Font="CRB_InterfaceMedium" TextColor="UI_TextHoloBodyHighlight" DrawAsCheckbox="1" RelativeToClient="1" BGColor="UI_WindowBGDefault" DT_VCENTER="1" TextId="CombatLogOptions_CCState" NormalTextColor="UI_BtnTextGrayNormal" PressedTextColor="UI_BtnTextGrayFlyby" FlybyTextColor="UI_BtnTextGrayFlyby" PressedFlybyTextColor="UI_BtnTextGrayListFlyby" DisabledTextColor="UI_BtnTextGrayDisabled" TooltipColor="" LAnchorPoint="0" TAnchorPoint="0" RAnchorPoint="1" BAnchorPoint="0" LAnchorOffset="10" TAnchorOffset="73" RAnchorOffset="0" BAnchorOffset="103" DT_CENTER="0" Text="" TestAlpha="1">
                <Event Name="ButtonCheck" Function="OnMappedOptionsCheckbox"/>
                <Event Name="ButtonUncheck" Function="OnMappedOptionsCheckbox"/>
            </Control>
            <Control Class="Button" Name="EnableDamage" ButtonType="Check" Base="BK3:btnHolo_Check" Font="CRB_InterfaceMedium" TextColor="UI_TextHoloBodyHighlight" DrawAsCheckbox="1" RelativeToClient="1" BGColor="UI_WindowBGDefault" DT_VCENTER="1" TextId="CombatLogOptions_Damage" NormalTextColor="UI_BtnTextGrayNormal" PressedTextColor="UI_BtnTextGrayFlyby" FlybyTextColor="UI_BtnTextGrayFlyby" PressedFlybyTextColor="UI_BtnTextGrayListFlyby" DisabledTextColor="UI_BtnTextGrayDisabled" TooltipColor="" LAnchorPoint="0" TAnchorPoint="0" RAnchorPoint="1" BAnchorPoint="0" LAnchorOffset="10" TAnchorOffset="103" RAnchorOffset="0" BAnchorOffset="133" DT_CENTER="0" Text="" TestAlpha="1">
                <Event Name="ButtonCheck" Function="OnMappedOptionsCheckbox"/>
                <Event Name="ButtonUncheck" Function="OnMappedOptionsCheckbox"/>
            </Control>
            <Control Class="Button" Name="EnableDeflect" ButtonType="Check" Base="BK3:btnHolo_Check" Font="CRB_InterfaceMedium" TextColor="UI_TextHoloBodyHighlight" DrawAsCheckbox="1" RelativeToClient="1" BGColor="UI_WindowBGDefault" DT_VCENTER="1" TextId="CombatLogOptions_Deflect" NormalTextColor="UI_BtnTextGrayNormal" PressedTextColor="UI_BtnTextGrayFlyby" FlybyTextColor="UI_BtnTextGrayFlyby" PressedFlybyTextColor="UI_BtnTextGrayListFlyby" DisabledTextColor="UI_BtnTextGrayDisabled" TooltipColor="" LAnchorPoint="0" TAnchorPoint="0" RAnchorPoint="1" BAnchorPoint="0" LAnchorOffset="10" TAnchorOffset="133" RAnchorOffset="0" BAnchorOffset="163" DT_CENTER="0" Text="" TestAlpha="1">
                <Event Name="ButtonCheck" Function="OnMappedOptionsCheckbox"/>
                <Event Name="ButtonUncheck" Function="OnMappedOptionsCheckbox"/>
            </Control>
            <Control Class="Button" Name="EnableDelayDeath" ButtonType="Check" Base="BK3:btnHolo_Check" Font="CRB_InterfaceMedium" TextColor="UI_TextHoloBodyHighlight" DrawAsCheckbox="1" RelativeToClient="1" BGColor="UI_WindowBGDefault" DT_VCENTER="1" TextId="CombatLogOptions_DelayDeath" NormalTextColor="UI_BtnTextGrayNormal" PressedTextColor="UI_BtnTextGrayFlyby" FlybyTextColor="UI_BtnTextGrayFlyby" PressedFlybyTextColor="UI_BtnTextGrayListFlyby" DisabledTextColor="UI_BtnTextGrayDisabled" TooltipColor="" LAnchorPoint="0" TAnchorPoint="0" RAnchorPoint="1" BAnchorPoint="0" LAnchorOffset="10" TAnchorOffset="163" RAnchorOffset="0" BAnchorOffset="193" DT_CENTER="0" Text="" TestAlpha="1">
                <Event Name="ButtonCheck" Function="OnMappedOptionsCheckbox"/>
                <Event Name="ButtonUncheck" Function="OnMappedOptionsCheckbox"/>
            </Control>
            <Control Class="Button" Name="EnableDispel" ButtonType="Check" Base="BK3:btnHolo_Check" Font="CRB_InterfaceMedium" TextColor="UI_TextHoloBodyHighlight" DrawAsCheckbox="1" RelativeToClient="1" BGColor="UI_WindowBGDefault" DT_VCENTER="1" TextId="CombatLogOptions_Dispel" NormalTextColor="UI_BtnTextGrayNormal" PressedTextColor="UI_BtnTextGrayFlyby" FlybyTextColor="UI_BtnTextGrayFlyby" PressedFlybyTextColor="UI_BtnTextGrayListFlyby" DisabledTextColor="UI_BtnTextGrayDisabled" TooltipColor="" LAnchorPoint="0" TAnchorPoint="0" RAnchorPoint="1" BAnchorPoint="0" LAnchorOffset="10" TAnchorOffset="193" RAnchorOffset="0" BAnchorOffset="223" DT_CENTER="0" Text="" TestAlpha="1">
                <Event Name="ButtonCheck" Function="OnMappedOptionsCheckbox"/>
                <Event Name="ButtonUncheck" Function="OnMappedOptionsCheckbox"/>
            </Control>
            <Control Class="Button" Name="EnableFallingDamage" ButtonType="Check" Base="BK3:btnHolo_Check" Font="CRB_InterfaceMedium" TextColor="UI_TextHoloBodyHighlight" DrawAsCheckbox="1" RelativeToClient="1" BGColor="UI_WindowBGDefault" DT_VCENTER="1" TextId="CombatLogOptions_FallingDamage" NormalTextColor="UI_BtnTextGrayNormal" PressedTextColor="UI_BtnTextGrayFlyby" FlybyTextColor="UI_BtnTextGrayFlyby" PressedFlybyTextColor="UI_BtnTextGrayListFlyby" DisabledTextColor="UI_BtnTextGrayDisabled" TooltipColor="" LAnchorPoint="0" TAnchorPoint="0" RAnchorPoint="1" BAnchorPoint="0" LAnchorOffset="10" TAnchorOffset="223" RAnchorOffset="0" BAnchorOffset="253" DT_CENTER="0" Text="" TestAlpha="1">
                <Event Name="ButtonCheck" Function="OnMappedOptionsCheckbox"/>
                <Event Name="ButtonUncheck" Function="OnMappedOptionsCheckbox"/>
            </Control>
            <Control Class="Button" Name="EnableHeal" ButtonType="Check" Base="BK3:btnHolo_Check" Font="CRB_InterfaceMedium" TextColor="UI_TextHoloBodyHighlight" DrawAsCheckbox="1" RelativeToClient="1" BGColor="UI_WindowBGDefault" DT_VCENTER="1" TextId="CombatLogOptions_Heal" NormalTextColor="UI_BtnTextGrayNormal" PressedTextColor="UI_BtnTextGrayFlyby" FlybyTextColor="UI_BtnTextGrayFlyby" PressedFlybyTextColor="UI_BtnTextGrayListFlyby" DisabledTextColor="UI_BtnTextGrayDisabled" TooltipColor="" LAnchorPoint="0" TAnchorPoint="0" RAnchorPoint="1" BAnchorPoint="0" LAnchorOffset="10" TAnchorOffset="253" RAnchorOffset="0" BAnchorOffset="283" DT_CENTER="0" Text="" TestAlpha="1">
                <Event Name="ButtonCheck" Function="OnMappedOptionsCheckbox"/>
                <Event Name="ButtonUncheck" Function="OnMappedOptionsCheckbox"/>
            </Control>
            <Control Class="Button" Name="EnableImmunity" ButtonType="Check" Base="BK3:btnHolo_Check" Font="CRB_InterfaceMedium" TextColor="UI_TextHoloBodyHighlight" DrawAsCheckbox="1" RelativeToClient="1" BGColor="UI_WindowBGDefault" DT_VCENTER="1" TextId="CombatLogOptions_Immunity" NormalTextColor="UI_BtnTextGrayNormal" PressedTextColor="UI_BtnTextGrayFlyby" FlybyTextColor="UI_BtnTextGrayFlyby" PressedFlybyTextColor="UI_BtnTextGrayListFlyby" DisabledTextColor="UI_BtnTextGrayDisabled" TooltipColor="" LAnchorPoint="0" TAnchorPoint="0" RAnchorPoint="1" BAnchorPoint="0" LAnchorOffset="10" TAnchorOffset="283" RAnchorOffset="0" BAnchorOffset="313" DT_CENTER="0" Text="" TestAlpha="1">
                <Event Name="ButtonCheck" Function="OnMappedOptionsCheckbox"/>
                <Event Name="ButtonUncheck" Function="OnMappedOptionsCheckbox"/>
            </Control>
            <Control Class="Button" Name="EnableInterrupted" ButtonType="Check" Base="BK3:btnHolo_Check" Font="CRB_InterfaceMedium" TextColor="UI_TextHoloBodyHighlight" DrawAsCheckbox="1" RelativeToClient="1" BGColor="UI_WindowBGDefault" DT_VCENTER="1" TextId="CombatLogOptions_Interrupted" NormalTextColor="UI_BtnTextGrayNormal" PressedTextColor="UI_BtnTextGrayFlyby" FlybyTextColor="UI_BtnTextGrayFlyby" PressedFlybyTextColor="UI_BtnTextGrayListFlyby" DisabledTextColor="UI_BtnTextGrayDisabled" TooltipColor="" LAnchorPoint="0" TAnchorPoint="0" RAnchorPoint="1" BAnchorPoint="0" LAnchorOffset="10" TAnchorOffset="313" RAnchorOffset="0" BAnchorOffset="343" DT_CENTER="0" Text="" TestAlpha="1">
                <Event Name="ButtonCheck" Function="OnMappedOptionsCheckbox"/>
                <Event Name="ButtonUncheck" Function="OnMappedOptionsCheckbox"/>
            </Control>
            <Control Class="Button" Name="EnableModifyInterruptArmor" ButtonType="Check" Base="BK3:btnHolo_Check" Font="CRB_InterfaceMedium" TextColor="UI_TextHoloBodyHighlight" DrawAsCheckbox="1" RelativeToClient="1" BGColor="UI_WindowBGDefault" DT_VCENTER="1" TextId="CombatLogOptions_ModifyInterruptArmor" NormalTextColor="UI_BtnTextGrayNormal" PressedTextColor="UI_BtnTextGrayFlyby" FlybyTextColor="UI_BtnTextGrayFlyby" PressedFlybyTextColor="UI_BtnTextGrayListFlyby" DisabledTextColor="UI_BtnTextGrayDisabled" TooltipColor="" LAnchorPoint="0" TAnchorPoint="0" RAnchorPoint="1" BAnchorPoint="0" LAnchorOffset="10" TAnchorOffset="343" RAnchorOffset="0" BAnchorOffset="373" DT_CENTER="0" Text="" TestAlpha="1">
                <Event Name="ButtonCheck" Function="OnMappedOptionsCheckbox"/>
                <Event Name="ButtonUncheck" Function="OnMappedOptionsCheckbox"/>
            </Control>
            <Control Class="Button" Name="EnableTransference" ButtonType="Check" Base="BK3:btnHolo_Check" Font="CRB_InterfaceMedium" TextColor="UI_TextHoloBodyHighlight" DrawAsCheckbox="1" RelativeToClient="1" BGColor="UI_WindowBGDefault" DT_VCENTER="1" TextId="CombatLogOptions_Transference" NormalTextColor="UI_BtnTextGrayNormal" PressedTextColor="UI_BtnTextGrayFlyby" FlybyTextColor="UI_BtnTextGrayFlyby" PressedFlybyTextColor="UI_BtnTextGrayListFlyby" DisabledTextColor="UI_BtnTextGrayDisabled" TooltipColor="" LAnchorPoint="0" TAnchorPoint="0" RAnchorPoint="1" BAnchorPoint="0" LAnchorOffset="10" TAnchorOffset="373" RAnchorOffset="0" BAnchorOffset="403" DT_CENTER="0" Text="" TestAlpha="1">
                <Event Name="ButtonCheck" Function="OnMappedOptionsCheckbox"/>
                <Event Name="ButtonUncheck" Function="OnMappedOptionsCheckbox"/>
            </Control>
            <Control Class="Button" Name="EnableVitalModifier" ButtonType="Check" Base="BK3:btnHolo_Check" Font="CRB_InterfaceMedium" TextColor="UI_TextHoloBodyHighlight" DrawAsCheckbox="1" RelativeToClient="1" BGColor="UI_WindowBGDefault" DT_VCENTER="1" TextId="CombatLogOptions_VitalModifier" NormalTextColor="UI_BtnTextGrayNormal" PressedTextColor="UI_BtnTextGrayFlyby" FlybyTextColor="UI_BtnTextGrayFlyby" PressedFlybyTextColor="UI_BtnTextGrayListFlyby" DisabledTextColor="UI_BtnTextGrayDisabled" TooltipColor="" LAnchorPoint="0" TAnchorPoint="0" RAnchorPoint="1" BAnchorPoint="0" LAnchorOffset="10" TAnchorOffset="403" RAnchorOffset="0" BAnchorOffset="433" DT_CENTER="0" Text="" TestAlpha="1">
                <Event Name="ButtonCheck" Function="OnMappedOptionsCheckbox"/>
                <Event Name="ButtonUncheck" Function="OnMappedOptionsCheckbox"/>
            </Control>
            <Control Class="Button" Name="EnableDeath" ButtonType="Check" Base="BK3:btnHolo_Check" Font="CRB_InterfaceMedium" TextColor="UI_TextHoloBodyHighlight" DrawAsCheckbox="1" RelativeToClient="1" BGColor="UI_WindowBGDefault" DT_VCENTER="1" TextId="CombatLogOptions_Death" NormalTextColor="UI_BtnTextGrayNormal" PressedTextColor="UI_BtnTextGrayFlyby" FlybyTextColor="UI_BtnTextGrayFlyby" PressedFlybyTextColor="UI_BtnTextGrayListFlyby" DisabledTextColor="UI_BtnTextGrayDisabled" TooltipColor="" LAnchorPoint="0" TAnchorPoint="0" RAnchorPoint="1" BAnchorPoint="0" LAnchorOffset="10" TAnchorOffset="433" RAnchorOffset="0" BAnchorOffset="463" DT_CENTER="0" Text="" TestAlpha="1">
                <Event Name="ButtonCheck" Function="OnMappedOptionsCheckbox"/>
                <Event Name="ButtonUncheck" Function="OnMappedOptionsCheckbox"/>
            </Control>
        </Control>
    </Form>
</Forms>
