<Forms>
    <Form Class="Window" LAnchorPoint="0" LAnchorOffset="5" TAnchorPoint="0" TAnchorOffset="50" RAnchorPoint="0" RAnchorOffset="688" BAnchorPoint="0" BAnchorOffset="618" RelativeToClient="1" Font="Default" Text="" Template="" Name="GuildDesignerForm" Border="0" Picture="0" SwallowMouseClicks="1" Moveable="1" Escapable="1" Overlapped="1" BGColor="ffffffff" TextColor="ffffffff" TextId="" TooltipColor="" Tooltip="">
        <Control Class="Window" LAnchorPoint="0" LAnchorOffset="0" TAnchorPoint="0" TAnchorOffset="0" RAnchorPoint="1" RAnchorOffset="0" BAnchorPoint="1" BAnchorOffset="0" RelativeToClient="1" Font="Default" Text="" Template="Default" TooltipType="OnCursor" Name="BGArt" BGColor="ffffffff" TextColor="ffffffff" TooltipColor="">
            <Control Class="Window" LAnchorPoint="0" LAnchorOffset="266" TAnchorPoint="0" TAnchorOffset="55" RAnchorPoint="0" RAnchorOffset="291" BAnchorPoint="0" BAnchorOffset="156" RelativeToClient="1" Font="Default" Text="" Template="Default" TooltipType="OnCursor" Name="BGArt_MetalBaseTitleUnder_2" BGColor="ffffffff" TextColor="ffffffff" TooltipColor="" Picture="1" IgnoreMouse="1" Sprite="CRB_Basekit:kitBase_MetalGrey_Small"/>
            <Control Class="Window" LAnchorPoint="0" LAnchorOffset="21" TAnchorPoint="0" TAnchorOffset="55" RAnchorPoint="0" RAnchorOffset="665" BAnchorPoint="0" BAnchorOffset="133" RelativeToClient="1" Font="Default" Text="" Template="Default" TooltipType="OnCursor" Name="BGArt_MetalBaseTitleUnder" BGColor="ffffffff" TextColor="ffffffff" TooltipColor="" Picture="1" IgnoreMouse="1" Sprite="CRB_Basekit:kitBase_MetalGrey_Small"/>
            <Control Class="Window" LAnchorPoint="0" LAnchorOffset="21" TAnchorPoint="0" TAnchorOffset="469" RAnchorPoint="0" RAnchorOffset="667" BAnchorPoint="1" BAnchorOffset="-66" RelativeToClient="1" Font="Default" Text="" Template="Default" TooltipType="OnCursor" Name="BGArt_MetalBaseBottomUnder" BGColor="ffffffff" TextColor="ffc0c0c0" TooltipColor="" Picture="1" IgnoreMouse="1" Sprite="CRB_Basekit:kitBase_MetalGrey_Small"/>
            <Control Class="Window" LAnchorPoint="0" LAnchorOffset="23" TAnchorPoint="0" TAnchorOffset="480" RAnchorPoint="0" RAnchorOffset="580" BAnchorPoint="1" BAnchorOffset="-83" RelativeToClient="1" Font="Default" Text="" Template="Default" TooltipType="OnCursor" Name="BGArt_MetalBaseHoloInset" BGColor="ffc0c0c0" TextColor="ffffffff" TooltipColor="" Picture="1" IgnoreMouse="1" Sprite="CRB_Basekit:kitHeader_HoloLines_Title" HideInEditor="1"/>
            <Control Class="Window" LAnchorPoint="0" LAnchorOffset="23" TAnchorPoint="0" TAnchorOffset="27" RAnchorPoint="1" RAnchorOffset="-28" BAnchorPoint="0" BAnchorOffset="69" RelativeToClient="1" Font="Default" Text="" Template="Default" TooltipType="OnCursor" Name="BGArt_HeaderUnderlay" BGColor="ffffffff" TextColor="ffffffff" TooltipColor="" Picture="1" IgnoreMouse="1" Sprite="CRB_Basekit:kitHeader_MetalGrey_TitleMarked">
                <Pixie LAnchorPoint="0" LAnchorOffset="37" TAnchorPoint="0" TAnchorOffset="4" RAnchorPoint="1" RAnchorOffset="-35" BAnchorPoint="0" BAnchorOffset="33" BGColor="ffffffff" Font="CRB_InterfaceMedium" TextColor="ff808080" Text="" TextId="GuildDesigner_Title" DT_CENTER="1" DT_VCENTER="1" Line="0"/>
            </Control>
            <Control Class="Window" LAnchorPoint="0" LAnchorOffset="31" TAnchorPoint="0" TAnchorOffset="64" RAnchorPoint="1" RAnchorOffset="-30" BAnchorPoint="0" BAnchorOffset="118" RelativeToClient="1" Font="Default" Text="" Template="Default" TooltipType="OnCursor" Name="BGArt_MetalBaseTitleUnderlay" BGColor="ffffffff" TextColor="ffffffff" TooltipColor="" Picture="1" IgnoreMouse="1" Sprite="CRB_Basekit:kitBase_MetalGrey_Small" HideInEditor="0"/>
            <Control Class="Window" LAnchorPoint="0" LAnchorOffset="23" TAnchorPoint="0" TAnchorOffset="55" RAnchorPoint="1" RAnchorOffset="-22" BAnchorPoint="0" BAnchorOffset="126" RelativeToClient="1" Font="Default" Text="" Template="Default" TooltipType="OnCursor" Name="BGArt_MetalBaseTitle" BGColor="ffc0c0c0" TextColor="ffffffff" TooltipColor="" Picture="1" IgnoreMouse="1" Sprite="CRB_Basekit:kitInnerFrame_MetalGold_Plain"/>
            <Control Class="Window" LAnchorPoint="0" LAnchorOffset="38" TAnchorPoint="0" TAnchorOffset="123" RAnchorPoint="1" RAnchorOffset="-22" BAnchorPoint="0" BAnchorOffset="472" RelativeToClient="1" Font="Default" Text="" Template="Default" TooltipType="OnCursor" Name="BGArt_MetalBaseStandard" BGColor="ffc0c0c0" TextColor="ffffffff" TooltipColor="" Picture="1" IgnoreMouse="1" Sprite="CRB_Basekit:kitBase_MetalGrey_Small"/>
            <Control Class="Window" LAnchorPoint="0" LAnchorOffset="38" TAnchorPoint="0" TAnchorOffset="126" RAnchorPoint="0" RAnchorOffset="649" BAnchorPoint="0" BAnchorOffset="476" RelativeToClient="1" Font="Default" Text="" Template="Default" TooltipType="OnCursor" Name="BGArt_StandardBase" BGColor="ffffffff" TextColor="ffffffff" TooltipColor="" Picture="1" IgnoreMouse="1" Sprite="CRB_Basekit:kitBase_HoloHexes_Small"/>
            <Control Class="Window" LAnchorPoint="0" LAnchorOffset="15" TAnchorPoint="0" TAnchorOffset="114" RAnchorPoint="1" RAnchorOffset="-16" BAnchorPoint="0" BAnchorOffset="485" RelativeToClient="1" Font="Default" Text="" Template="Default" TooltipType="OnCursor" Name="BGArt_StandardFrame" BGColor="ffffffff" TextColor="ffffffff" TooltipColor="" Picture="1" IgnoreMouse="1" Sprite="CRB_Basekit:kitInnerFrame_MetalGrey_Large"/>
            <Control Class="Window" LAnchorPoint="0" LAnchorOffset="0" TAnchorPoint="0" TAnchorOffset="7" RAnchorPoint="1" RAnchorOffset="0" BAnchorPoint="1" BAnchorOffset="-9" RelativeToClient="1" Font="Default" Text="" Template="Default" TooltipType="OnCursor" Name="BGArt_Frame" BGColor="ffffffff" TextColor="ffffffff" TooltipColor="" Picture="1" IgnoreMouse="1" Sprite="CRB_Basekit:kitOuterFrame_MetalGold_Large2" HideInEditor="0"/>
            <Control Class="Window" LAnchorPoint="0" LAnchorOffset="18" TAnchorPoint="1" TAnchorOffset="-101" RAnchorPoint="1" RAnchorOffset="-19" BAnchorPoint="1" BAnchorOffset="-13" RelativeToClient="1" Font="Default" Text="" Template="Default" TooltipType="OnCursor" Name="BGArt_Footer" BGColor="ffffffff" TextColor="ffffffff" TooltipColor="" Picture="1" IgnoreMouse="1" Sprite="CRB_Basekit:kitFooter_MetalGrey_Angled" HideInEditor="0"/>
            <Control Class="Window" LAnchorPoint="1" LAnchorOffset="-327" TAnchorPoint="1" TAnchorOffset="-88" RAnchorPoint="1" RAnchorOffset="-173" BAnchorPoint="1" BAnchorOffset="-42" RelativeToClient="1" Font="Default" Text="" Template="Default" TooltipType="OnCursor" Name="CostComplexBacker" BGColor="ffffffff" TextColor="ffffffff" TooltipColor="" Picture="1" IgnoreMouse="1" Sprite="CRB_Basekit:kitInnerFrame_MetalGrey_InlayStretch"/>
        </Control>
        <Control Class="Button" Base="CRB_Basekit:kitBtn_Metal_LargeRed" Font="CRB_InterfaceMedium" ButtonType="PushButton" RadioGroup="" LAnchorPoint="1" LAnchorOffset="-163" TAnchorPoint="1" TAnchorOffset="-88" RAnchorPoint="1" RAnchorOffset="-43" BAnchorPoint="1" BAnchorOffset="-40" DT_VCENTER="1" DT_CENTER="1" Name="CancelButton" BGColor="ffffffff" TextColor="ffffffff" NewControlDepth="2" WindowSoundTemplate="TogglePhys03" TextId="CRB_Cancel" Text="" TooltipColor="" NormalTextColor="ffbe6565" PressedTextColor="ffffffff" FlybyTextColor="ffffffff" PressedFlybyTextColor="ffffffff" DisabledTextColor="ff4f4235" Visible="0" HideInEditor="1">
            <Event Name="ButtonSignal" Function="OnCancel"/>
        </Control>
        <Control Class="Button" Base="CRB_Basekit:kitBtn_Metal_LargeGreen" Font="CRB_InterfaceMedium" ButtonType="PushButton" RadioGroup="" LAnchorPoint="1" LAnchorOffset="-169" TAnchorPoint="1" TAnchorOffset="-88" RAnchorPoint="1" RAnchorOffset="-34" BAnchorPoint="1" BAnchorOffset="-40" DT_VCENTER="1" DT_CENTER="1" Name="RegisterBtn" BGColor="ffffffff" TextColor="ffffffff" NewControlDepth="2" WindowSoundTemplate="TogglePhys02" TextId="CRB_Update" Text="" TooltipColor="" NormalTextColor="ff80ff80" PressedTextColor="ffffffff" FlybyTextColor="ffffffff" PressedFlybyTextColor="ffffffff" DisabledTextColor="ff4f4235" Visible="1" HideInEditor="0">
            <Event Name="ButtonSignal" Function="OnCommitBtn"/>
        </Control>
        <Control Class="Button" Base="CRB_Basekit:kitBtn_Close" Font="Thick" ButtonType="PushButton" RadioGroup="" LAnchorPoint="1" LAnchorOffset="-35" TAnchorPoint="0" TAnchorOffset="21" RAnchorPoint="1" RAnchorOffset="-5" BAnchorPoint="0" BAnchorOffset="52" DT_VCENTER="1" DT_CENTER="1" Name="CloseButton" BGColor="ffffffff" TextColor="ffffffff" NewControlDepth="2" WindowSoundTemplate="CloseWindowPhys" Text="" TextId="" TooltipColor="" NormalTextColor="ffffffff" PressedTextColor="ffffffff" FlybyTextColor="ffffffff" PressedFlybyTextColor="ffffffff" DisabledTextColor="ffffffff">
            <Event Name="ButtonSignal" Function="OnCancel"/>
        </Control>
        <Control Class="Button" Base="CRB_Basekit:kitBtn_Metal_LargeBlue" Font="CRB_InterfaceMedium" ButtonType="PushButton" RadioGroup="" LAnchorPoint="1" LAnchorOffset="-554" TAnchorPoint="1" TAnchorOffset="-88" RAnchorPoint="1" RAnchorOffset="-454" BAnchorPoint="1" BAnchorOffset="-40" DT_VCENTER="1" DT_CENTER="1" Name="ResetAllBtn" BGColor="ffffffff" TextColor="ffffffff" NewControlDepth="2" WindowSoundTemplate="TogglePhys02" TextId="GuildDesigner_ResetAll" Text="" TooltipColor="" NormalTextColor="ff80ffff" PressedTextColor="ffffffff" FlybyTextColor="ffffffff" PressedFlybyTextColor="ffffffff" DisabledTextColor="ff4f4235">
            <Event Name="ButtonSignal" Function="OnResetAllBtn"/>
        </Control>
        <Control Class="Window" LAnchorPoint="0" LAnchorOffset="44" TAnchorPoint="0" TAnchorOffset="66" RAnchorPoint="1" RAnchorOffset="-45" BAnchorPoint="0" BAnchorOffset="114" RelativeToClient="1" Font="Default" Text="" Template="Default" TooltipType="OnCursor" Name="RenameContent" BGColor="ffffffff" TextColor="ffffffff" TooltipColor="" Tooltip="">
            <Control Class="Window" LAnchorPoint="0" LAnchorOffset="201" TAnchorPoint="0" TAnchorOffset="7" RAnchorPoint="1" RAnchorOffset="-32" BAnchorPoint="0" BAnchorOffset="43" RelativeToClient="1" Font="Default" Text="" Template="Default" TooltipType="OnCursor" Name="UnderPaint_Guild" BGColor="ffffffff" TextColor="ffffffff" TooltipColor="" Picture="1" IgnoreMouse="1" Sprite="CRB_Basekit:kitInnerFrame_MetalGrey_Inlay"/>
            <Control Class="EditBox" LAnchorPoint="0" LAnchorOffset="211" TAnchorPoint="0" TAnchorOffset="12" RAnchorPoint="0" RAnchorOffset="560" BAnchorPoint="0" BAnchorOffset="37" RelativeToClient="1" Font="CRB_InterfaceLarge_B" Text="" Template="Default" TooltipType="OnCursor" Name="GuildNameString" BGColor="ffffffff" TextColor="ffffffff" TooltipColor="" TextId="" DT_VCENTER="1" ReadOnly="0" DT_RIGHT="0" DT_CENTER="0">
                <Event Name="EditBoxChanging" Function="OnNameChanging"/>
                <Event Name="EditBoxChanged" Function="OnNameChanged"/>
            </Control>
            <Control Class="Button" Base="CRB_Basekit:kitBtn_Close" Font="CRB_InterfaceSmall" ButtonType="PushButton" RadioGroup="" LAnchorPoint="1" LAnchorOffset="-28" TAnchorPoint="0" TAnchorOffset="12" RAnchorPoint="1" RAnchorOffset="0" BAnchorPoint="0" BAnchorOffset="42" DT_VCENTER="1" DT_CENTER="1" TooltipType="OnCursor" Name="GuildRevertBtn" BGColor="ffffffff" TextColor="ffffffff" TooltipColor="" NormalTextColor="ff80ffff" PressedTextColor="ffffffff" FlybyTextColor="ffffffff" PressedFlybyTextColor="ffffffff" DisabledTextColor="ffffffff" Text="" TextId="" Visible="1" HideInEditor="0">
                <Event Name="ButtonSignal" Function="OnGuildRevertBtn"/>
            </Control>
            <Pixie LAnchorPoint="0" LAnchorOffset="3" TAnchorPoint="0" TAnchorOffset="0" RAnchorPoint="1" RAnchorOffset="-395" BAnchorPoint="1" BAnchorOffset="0" BGColor="ffffffff" Font="CRB_HeaderMedium" TextColor="ff808080" Text="" TextId="GuildDesigner_GuildNameLabel" DT_CENTER="0" DT_VCENTER="1" DT_BOTTOM="1" Line="0"/>
        </Control>
        <Control Class="Window" LAnchorPoint="0" LAnchorOffset="45" TAnchorPoint="0" TAnchorOffset="131" RAnchorPoint="1" RAnchorOffset="-40" BAnchorPoint="1" BAnchorOffset="-97" RelativeToClient="1" Font="Default" Text="" Template="Default" TooltipType="OnCursor" Name="HolomarkContent" BGColor="ffffffff" TextColor="ffffffff" TooltipColor="" IgnoreMouse="1" IgnoreTooltipDelay="1">
            <Control Class="CostumeWindow" LAnchorPoint="0" LAnchorOffset="293" TAnchorPoint="0" TAnchorOffset="28" RAnchorPoint="1" RAnchorOffset="0" BAnchorPoint="1" BAnchorOffset="0" RelativeToClient="1" Font="Default" Text="" Template="Default" Name="HolomarkCostume" BGColor="ffffffff" TextColor="ffffffff" Camera="Paperdoll" Animated="1" TooltipType="OnCursor" TooltipColor=""/>
            <Control Class="Button" Base="kitBtn_Dropdown_TextBaseHolo2" Font="CRB_InterfaceSmall" ButtonType="Check" RadioGroup="holomarkOptions" LAnchorPoint="0" LAnchorOffset="37" TAnchorPoint="0" TAnchorOffset="187" RAnchorPoint="0" RAnchorOffset="278" BAnchorPoint="0" BAnchorOffset="219" DT_VCENTER="1" DT_CENTER="1" TooltipType="OnCursor" Name="HolomarkOption.3" BGColor="ffffffff" TextColor="ffffffff" TooltipColor="" NormalTextColor="UI_TextHoloBody" PressedTextColor="ffffffff" FlybyTextColor="ffffffff" PressedFlybyTextColor="ffffffff" DisabledTextColor="ffffffff" Text="" GlobalRadioGroup="" Overlapped="1" TestAlpha="1">
                <Control Class="Window" LAnchorPoint="0" LAnchorOffset="1" TAnchorPoint="0" TAnchorOffset="28" RAnchorPoint="1" RAnchorOffset="1" BAnchorPoint="0" BAnchorOffset="258" RelativeToClient="1" Font="Default" Text="" Template="Default" Name="HolomarkPartWindow.3" BGColor="ffffffff" TextColor="ffffffff" IgnoreMouse="0" NoClip="1" Escapable="1" Picture="1" NewWindowDepth="1" Visible="0" Overlapped="0" NotRelative="1" Sprite="CRB_Basekit:kitBase_HoloTeal_Border" VScroll="0" HideInEditor="1" CloseOnExternalClick="1" TooltipColor="">
                    <Control Class="Window" LAnchorPoint="0" LAnchorOffset="11" TAnchorPoint="0" TAnchorOffset="11" RAnchorPoint="1" RAnchorOffset="-10" BAnchorPoint="1" BAnchorOffset="-11" RelativeToClient="1" Font="Default" Text="" Template="CRB_Scroll_HoloSmall" Name="HolomarkPartList.3" BGColor="ffffffff" TextColor="ffffffff" VScroll="1" IgnoreMouse="1" TooltipColor=""/>
                    <Event Name="WindowClosed" Function="OnHolomarkPartSelectionClosed"/>
                </Control>
                <Event Name="ButtonCheck" Function="OnHolomarkPartCheck3"/>
                <Event Name="ButtonUncheck" Function="OnHolomarkPartUncheck3"/>
            </Control>
            <Control Class="Button" Base="kitBtn_Dropdown_TextBaseHolo2" Font="CRB_InterfaceSmall" ButtonType="Check" RadioGroup="holomarkOptions" LAnchorPoint="0" LAnchorOffset="37" TAnchorPoint="0" TAnchorOffset="123" RAnchorPoint="0" RAnchorOffset="278" BAnchorPoint="0" BAnchorOffset="155" DT_VCENTER="1" DT_CENTER="1" TooltipType="OnCursor" Name="HolomarkOption.2" BGColor="ffffffff" TextColor="ffffffff" TooltipColor="" NormalTextColor="UI_TextHoloBody" PressedTextColor="ffffffff" FlybyTextColor="ffffffff" PressedFlybyTextColor="ffffffff" DisabledTextColor="ffffffff" Text="" GlobalRadioGroup="" Overlapped="1" TestAlpha="1" AutoScaleText="0">
                <Control Class="Window" LAnchorPoint="0" LAnchorOffset="1" TAnchorPoint="0" TAnchorOffset="28" RAnchorPoint="1" RAnchorOffset="1" BAnchorPoint="0" BAnchorOffset="258" RelativeToClient="1" Font="Default" Text="" Template="Default" Name="HolomarkPartWindow.2" BGColor="ffffffff" TextColor="ffffffff" IgnoreMouse="0" NoClip="1" Escapable="1" Picture="1" NewWindowDepth="1" Visible="0" Overlapped="0" NotRelative="1" Sprite="CRB_Basekit:kitBase_HoloTeal_Border" VScroll="0" HideInEditor="1" CloseOnExternalClick="1" TooltipColor="">
                    <Control Class="Window" LAnchorPoint="0" LAnchorOffset="11" TAnchorPoint="0" TAnchorOffset="11" RAnchorPoint="1" RAnchorOffset="-10" BAnchorPoint="1" BAnchorOffset="-11" RelativeToClient="1" Font="Default" Text="" Template="CRB_Scroll_HoloSmall" Name="HolomarkPartList.2" BGColor="ffffffff" TextColor="ffffffff" VScroll="1" IgnoreMouse="1" TooltipColor=""/>
                    <Event Name="WindowClosed" Function="OnHolomarkPartSelectionClosed"/>
                </Control>
                <Event Name="ButtonCheck" Function="OnHolomarkPartCheck2"/>
                <Event Name="ButtonUncheck" Function="OnHolomarkPartUncheck2"/>
            </Control>
            <Control Class="Button" Base="kitBtn_Dropdown_TextBaseHolo2" Font="CRB_InterfaceSmall" ButtonType="Check" RadioGroup="holomarkOptions" LAnchorPoint="0" LAnchorOffset="37" TAnchorPoint="0" TAnchorOffset="58" RAnchorPoint="0" RAnchorOffset="277" BAnchorPoint="0" BAnchorOffset="90" DT_VCENTER="1" DT_CENTER="1" TooltipType="OnCursor" Name="HolomarkOption.1" BGColor="ffffffff" TextColor="ffffffff" TooltipColor="" NormalTextColor="UI_TextHoloBody" PressedTextColor="ffffffff" FlybyTextColor="ffffffff" PressedFlybyTextColor="ffffffff" DisabledTextColor="ffffffff" Text="" GlobalRadioGroup="" TextId="" Overlapped="0" TestAlpha="0">
                <Control Class="Window" LAnchorPoint="0" LAnchorOffset="1" TAnchorPoint="0" TAnchorOffset="28" RAnchorPoint="1" RAnchorOffset="1" BAnchorPoint="0" BAnchorOffset="258" RelativeToClient="1" Font="Default" Text="" Template="Default" Name="HolomarkPartWindow.1" BGColor="ffffffff" TextColor="ffffffff" IgnoreMouse="0" NoClip="1" Escapable="1" Picture="1" NewWindowDepth="1" Visible="0" Overlapped="0" NotRelative="1" Sprite="CRB_Basekit:kitBase_HoloTeal_Border" VScroll="0" HideInEditor="1" CloseOnExternalClick="1" TooltipColor="">
                    <Control Class="Window" LAnchorPoint="0" LAnchorOffset="11" TAnchorPoint="0" TAnchorOffset="11" RAnchorPoint="1" RAnchorOffset="-10" BAnchorPoint="1" BAnchorOffset="-11" RelativeToClient="1" Font="Default" Text="" Template="CRB_Scroll_HoloSmall" Name="HolomarkPartList.1" BGColor="ffffffff" TextColor="ffffffff" VScroll="1" IgnoreMouse="1" TooltipColor=""/>
                    <Event Name="WindowClosed" Function="OnHolomarkPartSelectionClosed"/>
                </Control>
                <Event Name="ButtonCheck" Function="OnHolomarkPartCheck1"/>
                <Event Name="ButtonUncheck" Function="OnHolomarkPartUncheck1"/>
            </Control>
            <Pixie LAnchorPoint="0" LAnchorOffset="23" TAnchorPoint="0" TAnchorOffset="7" RAnchorPoint="1" RAnchorOffset="-305" BAnchorPoint="0" BAnchorOffset="28" BGColor="ffffffff" Font="CRB_HeaderSmall" TextColor="ff808080" Text="" TextId="GuildDesigner_Holomark" DT_CENTER="1" DT_BOTTOM="1" Line="0"/>
            <Pixie LAnchorPoint="0" LAnchorOffset="296" TAnchorPoint="0" TAnchorOffset="3" RAnchorPoint="1" RAnchorOffset="0" BAnchorPoint="0" BAnchorOffset="24" BGColor="ffffffff" Font="CRB_HeaderSmall" TextColor="ff7fffb9" Text="" TextId="CRB_Preview" DT_CENTER="1" DT_BOTTOM="1" Line="0"/>
            <Pixie LAnchorPoint="0" LAnchorOffset="48" TAnchorPoint="0" TAnchorOffset="34" RAnchorPoint="1" RAnchorOffset="-328" BAnchorPoint="0" BAnchorOffset="55" BGColor="ffffffff" Font="CRB_HeaderSmall" TextColor="ff808080" Text="" TextId="GuildDesigner_BackgroundIcon" DT_CENTER="0" DT_BOTTOM="1" Line="0"/>
            <Pixie LAnchorPoint="0" LAnchorOffset="48" TAnchorPoint="0" TAnchorOffset="95" RAnchorPoint="1" RAnchorOffset="-328" BAnchorPoint="0" BAnchorOffset="116" BGColor="ffffffff" Font="CRB_HeaderSmall" TextColor="ff808080" Text="" TextId="GuildDesigner_ForegroundIcon" DT_CENTER="0" DT_BOTTOM="1" Line="0"/>
            <Pixie LAnchorPoint="0" LAnchorOffset="48" TAnchorPoint="0" TAnchorOffset="161" RAnchorPoint="1" RAnchorOffset="-328" BAnchorPoint="0" BAnchorOffset="182" BGColor="ffffffff" Font="CRB_HeaderSmall" TextColor="ff808080" Text="" TextId="GuildDesigner_ScanLines" DT_CENTER="0" DT_BOTTOM="1" Line="0"/>
        </Control>
        <Event Name="MouseButtonDown" Function="HelperClearFocus"/>
        <Control Class="Window" LAnchorPoint="0" LAnchorOffset="25" TAnchorPoint="1" TAnchorOffset="-116" RAnchorPoint="1" RAnchorOffset="-24" BAnchorPoint="1" BAnchorOffset="-94" RelativeToClient="1" Font="CRB_InterfaceMedium" Text="" Template="Default" TooltipType="OnCursor" Name="GuildPermissionsAlert" BGColor="ffffffff" TextColor="UI_TextHoloBody" TooltipColor="" DT_VCENTER="1" DT_CENTER="1" TextId="Error_MessageDefinitionsMismatch" Visible="0" HideInEditor="1"/>
        <Control Class="Window" LAnchorPoint="1" LAnchorOffset="-319" TAnchorPoint="1" TAnchorOffset="-81" RAnchorPoint="1" RAnchorOffset="-180" BAnchorPoint="1" BAnchorOffset="-48" RelativeToClient="1" Font="Default" Text="" Template="Default" TooltipType="OnCursor" Name="GuildCostComplex" BGColor="ffffffff" TextColor="ffffffff" TooltipColor="">
            <Control Class="Window" LAnchorPoint="1" LAnchorOffset="-112" TAnchorPoint="1" TAnchorOffset="-16" RAnchorPoint="1" RAnchorOffset="-17" BAnchorPoint="1" BAnchorOffset="0" RelativeToClient="1" Font="CRB_InterfaceMedium" Text="88888888" Template="Default" TooltipType="OnCursor" Name="InfluenceAmount" BGColor="ffffffff" TextColor="ff5f6662" TooltipColor="" TextId="" DT_BOTTOM="1" DT_RIGHT="1"/>
            <Control Class="Window" LAnchorPoint="1" LAnchorOffset="-112" TAnchorPoint="0" TAnchorOffset="0" RAnchorPoint="1" RAnchorOffset="-17" BAnchorPoint="0" BAnchorOffset="21" RelativeToClient="1" Font="CRB_InterfaceMedium_B" Text="88888888" Template="Default" TooltipType="OnCursor" Name="CostAmount" BGColor="ffffffff" TextColor="ffc0c0c0" TooltipColor="" TextId="" DT_RIGHT="1"/>
            <Pixie LAnchorPoint="0" LAnchorOffset="0" TAnchorPoint="0" TAnchorOffset="0" RAnchorPoint="0" RAnchorOffset="95" BAnchorPoint="0" BAnchorOffset="21" BGColor="ffffffff" Font="CRB_InterfaceMedium_B" TextColor="ffc0c0c0" Text="" TextId="CRB_Cost" Line="0"/>
            <Pixie LAnchorPoint="0" LAnchorOffset="0" TAnchorPoint="1" TAnchorOffset="-16" RAnchorPoint="0" RAnchorOffset="95" BAnchorPoint="1" BAnchorOffset="0" BGColor="ffffffff" Font="CRB_InterfaceMedium" TextColor="ff5f6662" Text="" TextId="GuildDesigner_InfluenceLabel" DT_BOTTOM="1" Line="0"/>
            <Pixie LAnchorPoint="1" LAnchorOffset="-15" TAnchorPoint="1" TAnchorOffset="-15" RAnchorPoint="1" RAnchorOffset="0" BAnchorPoint="1" BAnchorOffset="0" BGColor="ffffffff" Font="CRB_InterfaceMedium_B" TextColor="ffffffff" Text="" TextId="" Sprite="CRB_CurrencySprites:sprCompetitionTier3" DT_RIGHT="1" DT_VCENTER="1" Line="0"/>
            <Pixie LAnchorPoint="1" LAnchorOffset="-15" TAnchorPoint="0" TAnchorOffset="0" RAnchorPoint="1" RAnchorOffset="0" BAnchorPoint="0" BAnchorOffset="15" BGColor="ffffffff" Font="CRB_InterfaceMedium_B" TextColor="ffffffff" Text="" TextId="" Sprite="CRB_CurrencySprites:sprCompetitionTier3" DT_RIGHT="1" DT_VCENTER="1" Line="0"/>
        </Control>
        <Control Class="Window" LAnchorPoint="0" LAnchorOffset="28" TAnchorPoint="0" TAnchorOffset="58" RAnchorPoint="1" RAnchorOffset="-25" BAnchorPoint="1" BAnchorOffset="-89" RelativeToClient="1" Font="Default" Text="" Template="Default" TooltipType="OnCursor" Name="AlertMessage" BGColor="ffffffff" TextColor="ffffffff" TooltipColor="" IgnoreMouse="1" NewWindowDepth="1" Visible="0" TransitionShowHide="1" HideInEditor="1">
            <Control Class="Window" LAnchorPoint="0" LAnchorOffset="0" TAnchorPoint="0" TAnchorOffset="0" RAnchorPoint="1" RAnchorOffset="0" BAnchorPoint="1" BAnchorOffset="0" RelativeToClient="1" Font="Default" Text="" Template="Default" TooltipType="OnCursor" Name="AlertBG_Base" BGColor="cf000000" TextColor="ffffffff" TooltipColor="" Picture="1" IgnoreMouse="1" Sprite="WhiteFill"/>
            <Control Class="Window" LAnchorPoint="0" LAnchorOffset="100" TAnchorPoint="0" TAnchorOffset="118" RAnchorPoint="1" RAnchorOffset="-100" BAnchorPoint="1" BAnchorOffset="-118" RelativeToClient="1" Font="Default" Text="" Template="Default" TooltipType="OnCursor" Name="AlertBG_MessageBase" BGColor="ffffffff" TextColor="ffffffff" TooltipColor="" Picture="1" IgnoreMouse="1" Sprite="CRB_Basekit:kitBase_HoloBlue_Tiny" NewControlDepth="2"/>
            <Control Class="Window" LAnchorPoint="0" LAnchorOffset="93" TAnchorPoint="0" TAnchorOffset="110" RAnchorPoint="1" RAnchorOffset="-93" BAnchorPoint="1" BAnchorOffset="-110" RelativeToClient="1" Font="Default" Text="" Template="Default" TooltipType="OnCursor" Name="AlertBG_MessageBaseAccent" BGColor="ffffffff" TextColor="ffffffff" TooltipColor="" Picture="1" IgnoreMouse="1" Sprite="CRB_Basekit:kitAccent_Frame_OrangeStroke" NewControlDepth="2"/>
            <Control Class="Window" LAnchorPoint="0" LAnchorOffset="116" TAnchorPoint="0" TAnchorOffset="132" RAnchorPoint="1" RAnchorOffset="-116" BAnchorPoint="1" BAnchorOffset="-195" RelativeToClient="1" Font="CRB_HeaderLarge" Text="" Template="Default" TooltipType="OnCursor" Name="MessageAlertText" BGColor="ffffffff" TextColor="ffff8000" TooltipColor="" NewControlDepth="6" TextId="" DT_VCENTER="0" DT_CENTER="1"/>
            <Control Class="Window" LAnchorPoint="0" LAnchorOffset="116" TAnchorPoint="0" TAnchorOffset="135" RAnchorPoint="1" RAnchorOffset="-116" BAnchorPoint="1" BAnchorOffset="-135" RelativeToClient="1" Font="CRB_InterfaceMedium" Text="" Template="Default" TooltipType="OnCursor" Name="MessageBodyText" BGColor="ffffffff" TextColor="ff31fcf6" TooltipColor="" NewControlDepth="6" TextId="" DT_VCENTER="1" DT_CENTER="1" DT_WORDBREAK="1"/>
        </Control>
        <Event Name="WindowClosed" Function="OnWindowClosed"/>
    </Form>
    <Form Class="Window" LAnchorPoint="0" LAnchorOffset="0" TAnchorPoint="0" TAnchorOffset="0" RAnchorPoint="1" RAnchorOffset="0" BAnchorPoint="0" BAnchorOffset="31" RelativeToClient="0" Font="Default" Text="" Template="Default" Name="HolomarkPartListItem" Border="0" Picture="0" SwallowMouseClicks="1" Moveable="0" Escapable="0" Overlapped="0" BGColor="ffffffff" TextColor="ffffffff" TextId="" HScroll="0" UseTemplateBG="0" TooltipColor="" Tooltip="">
        <Control Class="Button" Base="CRB_Basekit:kitBtn_List_Holo" Font="CRB_InterfaceSmall" ButtonType="PushButton" RadioGroup="" LAnchorPoint="0" LAnchorOffset="0" TAnchorPoint="0" TAnchorOffset="0" RAnchorPoint="1" RAnchorOffset="0" BAnchorPoint="1" BAnchorOffset="-2" DT_VCENTER="1" DT_CENTER="1" Name="HolomarkPartBtn" BGColor="ffffffff" TextColor="ffffffff" NormalTextColor="UI_TextHoloBody" PressedTextColor="ff31fcf6" FlybyTextColor="ff31fcf6" PressedFlybyTextColor="ff98fefc" DisabledTextColor="ff804040" Text="Type" TextId="" NotRelative="0" TooltipColor="">
            <Event Name="ButtonSignal" Function="OnHolomarkPartItemSelected"/>
        </Control>
        <Control Class="Window" LAnchorPoint="0" LAnchorOffset="-6" TAnchorPoint="0" TAnchorOffset="13" RAnchorPoint="1" RAnchorOffset="-6" BAnchorPoint="0" BAnchorOffset="42" RelativeToClient="1" Font="Default" Text="" Template="Default" Name="HolomarkPartUnderscore" BGColor="ffffffff" TextColor="ffffffff" Sprite="CRB_UIKitSprites:spr_HologramSeparator" Picture="1" IgnoreMouse="1" NoClip="0" Visible="0" HideInEditor="1" TooltipColor=""/>
    </Form>
</Forms>
