<Forms>
    <Form Class="Window" Base="" Font="Thick" ButtonType="PushButton" RadioGroup="" LAnchorPoint="0" LAnchorOffset="0" TAnchorPoint="0" TAnchorOffset="0" RAnchorPoint="0" RAnchorOffset="280" BAnchorPoint="0" BAnchorOffset="203" DT_VCENTER="1" DT_CENTER="1" Name="SpellTooltip_Base" Border="0" Picture="1" SwallowMouseClicks="0" Moveable="0" Escapable="0" Overlapped="0" BGColor="ffffffff" TextColor="ff51edef" Sprite="CRB_Basekit:kitBase_HoloBlue_TinyNoGlow" TooltipForm="1" Template="CRB_TooltipSimple" IgnoreMouse="1" UseTemplateBG="0" TooltipColor="" Text="" Tooltip="">
        <Event Name="ButtonSignal" Function="YourFunctionName"/>
        <Control Class="Window" LAnchorPoint="0" LAnchorOffset="0" TAnchorPoint="0" TAnchorOffset="0" RAnchorPoint="1" RAnchorOffset="0" BAnchorPoint="1" BAnchorOffset="0" RelativeToClient="1" Font="Default" Text="" Template="Default" TooltipType="OnCursor" Name="BGArt2" BGColor="afffffff" TextColor="ffffffff" TooltipColor="" Picture="1" IgnoreMouse="1" Sprite="CRB_Basekit:kitBase_HoloBlue_TinyNoGlow"/>
        <Control Class="Window" LAnchorPoint="0" LAnchorOffset="10" TAnchorPoint="0" TAnchorOffset="9" RAnchorPoint="1" RAnchorOffset="-10" BAnchorPoint="0" BAnchorOffset="109" RelativeToClient="1" Font="Default" Text="" Template="Default" TooltipType="OnCursor" Name="TopDataBlock" BGColor="ffffffff" TextColor="ffffffff" TooltipColor="" BottomEdgeControlsAnchor="TopDataBlock_Bottom" NewControlDepth="3">
            <Control Class="MLWindow" LAnchorPoint="0" LAnchorOffset="3" TAnchorPoint="0" TAnchorOffset="3" RAnchorPoint="1" RAnchorOffset="-3" BAnchorPoint="0" BAnchorOffset="23" RelativeToClient="1" Font="CRB_HeaderMedium" Template="Default" Name="NameString" BGColor="ffffffff" TextColor="UI_TextHoloBodyHighlight" NewControlDepth="1" TextId="Console_FunctionFailed" IgnoreMouse="1" AutoScaleText="0" TooltipColor="" DT_VCENTER="1" BottomEdgeControlsAnchor="NameString_Bottom" Text="" NoClip="0" DT_WORDBREAK="1"/>
            <Control Class="Window" LAnchorPoint="0" LAnchorOffset="3" TAnchorPoint="0" TAnchorOffset="3" RAnchorPoint="1" RAnchorOffset="-3" BAnchorPoint="0" BAnchorOffset="23" RelativeToClient="1" Font="CRB_HeaderMedium" Template="Default" Name="TierString" BGColor="ffffffff" TextColor="UI_TextHoloBody" NewControlDepth="1" TextId="CRB_Tier_" Text="" DT_RIGHT="1" Tooltip="" TooltipId="" DT_VCENTER="1" TooltipColor="" BottomEdgeControlsAnchor="TierString_Bottom" IgnoreMouse="1" NoClip="1"/>
            <Control Class="Window" LAnchorPoint="0" LAnchorOffset="3" TAnchorPoint="NameString_Bottom" TAnchorOffset="-2" RAnchorPoint="1" RAnchorOffset="-3" BAnchorPoint="NameString_Bottom" BAnchorOffset="16" RelativeToClient="1" Font="CRB_InterfaceMedium" Template="Default" Name="CastInfoString" BGColor="ffffffff" TextColor="UI_TextHoloBody" NewControlDepth="1" TextId="UnknownError" IgnoreMouse="1" AutoScaleText="0" TooltipColor="" DT_VCENTER="1" BottomEdgeControlsAnchor="CastInfoString_Bottom" Text="" TopEdgeControlsAnchor=""/>
            <Control Class="Window" LAnchorPoint="0" LAnchorOffset="3" TAnchorPoint="NameString_Bottom" TAnchorOffset="-2" RAnchorPoint="1" RAnchorOffset="-3" BAnchorPoint="NameString_Bottom" BAnchorOffset="16" RelativeToClient="1" Font="CRB_InterfaceMedium" Template="Default" Name="RangeString" BGColor="ffffffff" TextColor="UI_TextHoloBody" NewControlDepth="1" TextId="ClassAssassin" IgnoreMouse="1" AutoScaleText="0" TooltipColor="" DT_VCENTER="1" BottomEdgeControlsAnchor="RangeString_Bottom" Text="" DT_RIGHT="1"/>
            <Control Class="Window" LAnchorPoint="0" LAnchorOffset="3" TAnchorPoint="CastInfoString_Bottom" TAnchorOffset="-2" RAnchorPoint="1" RAnchorOffset="-3" BAnchorPoint="CastInfoString_Bottom" BAnchorOffset="16" RelativeToClient="1" Font="CRB_InterfaceMedium" Template="Default" Name="CostString" BGColor="ffffffff" TextColor="UI_TextHoloBody" NewControlDepth="1" TextId="AttributeAgi" IgnoreMouse="1" AutoScaleText="0" TooltipColor="" DT_VCENTER="1" BottomEdgeControlsAnchor="CostString_Bottom" Text="" TopEdgeControlsAnchor=""/>
            <Control Class="Window" LAnchorPoint="0" LAnchorOffset="3" TAnchorPoint="RangeString_Bottom" TAnchorOffset="-2" RAnchorPoint="1" RAnchorOffset="-3" BAnchorPoint="RangeString_Bottom" BAnchorOffset="16" RelativeToClient="1" Font="CRB_InterfaceMedium" Template="Default" Name="TargetingString" BGColor="ffffffff" TextColor="UI_TextHoloBody" NewControlDepth="1" TextId="Error" IgnoreMouse="1" AutoScaleText="0" TooltipColor="" DT_VCENTER="1" BottomEdgeControlsAnchor="TargetingString_Bottom" Text="" TopEdgeControlsAnchor="" DT_RIGHT="1"/>
            <Control Class="Window" LAnchorPoint="0" LAnchorOffset="3" TAnchorPoint="CostString_Bottom" TAnchorOffset="-2" RAnchorPoint="1" RAnchorOffset="-3" BAnchorPoint="CostString_Bottom" BAnchorOffset="16" RelativeToClient="1" Font="CRB_InterfaceMedium" Template="Default" Name="CooldownString" BGColor="ffffffff" TextColor="UI_TextHoloBody" NewControlDepth="1" TextId="AttributeStrength" IgnoreMouse="1" AutoScaleText="0" TooltipColor="" DT_VCENTER="1" BottomEdgeControlsAnchor="CooldownString_Bottom" Text="" TopEdgeControlsAnchor=""/>
            <Control Class="Window" LAnchorPoint="0" LAnchorOffset="3" TAnchorPoint="TargetingString_Bottom" TAnchorOffset="-2" RAnchorPoint="1" RAnchorOffset="-3" BAnchorPoint="TargetingString_Bottom" BAnchorOffset="16" RelativeToClient="1" Font="CRB_InterfaceMedium" Template="Default" Name="MobilityString" BGColor="ffffffff" TextColor="UI_TextHoloBody" NewControlDepth="1" TextId="AttributeAgi" IgnoreMouse="1" AutoScaleText="0" TooltipColor="" DT_VCENTER="1" BottomEdgeControlsAnchor="" Text="" TopEdgeControlsAnchor="" DT_RIGHT="1"/>
            <Control Class="Window" LAnchorPoint="0" LAnchorOffset="3" TAnchorPoint="CooldownString_Bottom" TAnchorOffset="-2" RAnchorPoint="1" RAnchorOffset="-3" BAnchorPoint="CooldownString_Bottom" BAnchorOffset="16" RelativeToClient="1" Font="CRB_InterfaceMedium" Template="Default" Name="ChargesString" BGColor="ffffffff" TextColor="UI_TextHoloBody" NewControlDepth="1" TextId="ClassVindicator" IgnoreMouse="1" AutoScaleText="0" TooltipColor="" DT_VCENTER="1" BottomEdgeControlsAnchor="" Text="" TopEdgeControlsAnchor=""/>
        </Control>
        <Control Class="MLWindow" LAnchorPoint="0" LAnchorOffset="13" TAnchorPoint="TopDataBlock_Bottom" TAnchorOffset="-14" RAnchorPoint="1" RAnchorOffset="-13" BAnchorPoint="TopDataBlock_Bottom" BAnchorOffset="-14" RelativeToClient="1" Font="CRB_InterfaceSmall" Template="Default" Name="GeneralDescriptionString" BGColor="ffffffff" TextColor="white" NewControlDepth="3" TextId="" IgnoreMouse="1" AutoScaleText="0" TooltipColor="" DT_VCENTER="1" BottomEdgeControlsAnchor="GeneralDescriptionString_Bottom" Text="" TopEdgeControlsAnchor="" DT_WORDBREAK="1"/>
        <Control Class="Window" LAnchorPoint="0" LAnchorOffset="13" TAnchorPoint="GeneralDescriptionString_Bottom" TAnchorOffset="6" RAnchorPoint="1" RAnchorOffset="-13" BAnchorPoint="1" BAnchorOffset="-8" RelativeToClient="1" Font="Default" Text="" Template="Default" TooltipType="OnCursor" Name="BottomDataBlock" BGColor="ffffffff" TextColor="ffffffff" TooltipColor="" BottomEdgeControlsAnchor="" HideInEditor="0" Visible="0" NewControlDepth="3" Picture="1" IgnoreMouse="1" Sprite="CRB_Basekit:kitBase_HoloBlue_InsetBorder_Thin">
            <Control Class="Window" LAnchorPoint="0" LAnchorOffset="8" TAnchorPoint="0" TAnchorOffset="4" RAnchorPoint="1" RAnchorOffset="-3" BAnchorPoint="0" BAnchorOffset="28" RelativeToClient="1" Font="CRB_InterfaceSmall" Template="Default" Name="NextTierString" BGColor="ffffffff" TextColor="UI_TextHoloBodyHighlight" NewControlDepth="1" TextId="Tooltips_TierUpgrade" IgnoreMouse="1" AutoScaleText="0" TooltipColor="" DT_VCENTER="0" BottomEdgeControlsAnchor="NextTierString_Bottom" Text="Tier Upgrade:" TopEdgeControlsAnchor="" DT_BOTTOM="1"/>
            <Control Class="MLWindow" LAnchorPoint="0" LAnchorOffset="8" TAnchorPoint="NextTierString_Bottom" TAnchorOffset="-1" RAnchorPoint="1" RAnchorOffset="-3" BAnchorPoint="NextTierString_Bottom" BAnchorOffset="-1" RelativeToClient="1" Font="CRB_InterfaceSmall" Template="Default" Name="NextTierBonusString" BGColor="ffffffff" TextColor="white" NewControlDepth="1" TextId="" IgnoreMouse="1" AutoScaleText="0" TooltipColor="" DT_VCENTER="1" BottomEdgeControlsAnchor="NextTierBonusString_Bottom" Text="" TopEdgeControlsAnchor="" DT_WORDBREAK="1"/>
            <Control Class="Window" Base="" Font="Thick" ButtonType="PushButton" RadioGroup="" LAnchorPoint="0" LAnchorOffset="2" TAnchorPoint="NextTierBonusString_Bottom" TAnchorOffset="2" RAnchorPoint="1" RAnchorOffset="-2" BAnchorPoint="NextTierBonusString_Bottom" BAnchorOffset="9" DT_VCENTER="1" DT_CENTER="1" Name="FancyLine" Border="0" Picture="1" SwallowMouseClicks="0" Moveable="0" Escapable="0" Overlapped="0" BGColor="8fffffff" TextColor="ff51edef" Sprite="CRB_Tooltips:sprTooltip_HorzDividerDiagonal" TooltipForm="1" Template="" IgnoreMouse="1" UseTemplateBG="0" TooltipColor="" Text="" Tooltip="" BottomEdgeControlsAnchor="FancyLine_Bottom">
                <Event Name="ButtonSignal" Function="YourFunctionName"/>
            </Control>
            <Control Class="Window" LAnchorPoint="0" LAnchorOffset="8" TAnchorPoint="FancyLine_Bottom" TAnchorOffset="3" RAnchorPoint="1" RAnchorOffset="-3" BAnchorPoint="FancyLine_Bottom" BAnchorOffset="27" RelativeToClient="1" Font="CRB_InterfaceSmall" Template="Default" Name="Tier4String" BGColor="ffffffff" TextColor="UI_TextHoloBodyHighlight" NewControlDepth="1" TextId="Tooltips_Tier4UpgradeLabel" IgnoreMouse="1" AutoScaleText="0" TooltipColor="" DT_VCENTER="0" BottomEdgeControlsAnchor="Tier4String_Bottom" Text="" TopEdgeControlsAnchor="" DT_BOTTOM="1"/>
            <Control Class="MLWindow" LAnchorPoint="0" LAnchorOffset="8" TAnchorPoint="Tier4String_Bottom" TAnchorOffset="-1" RAnchorPoint="1" RAnchorOffset="-3" BAnchorPoint="Tier4String_Bottom" BAnchorOffset="-1" RelativeToClient="1" Font="CRB_InterfaceSmall" Template="Default" Name="Tier4BonusString" BGColor="ffffffff" TextColor="white" NewControlDepth="1" TextId="" IgnoreMouse="1" AutoScaleText="0" TooltipColor="" DT_VCENTER="1" BottomEdgeControlsAnchor="Tier4BonusString_Bottom" Text="" TopEdgeControlsAnchor="" DT_WORDBREAK="1"/>
            <Control Class="Window" LAnchorPoint="0" LAnchorOffset="8" TAnchorPoint="Tier4BonusString_Bottom" TAnchorOffset="3" RAnchorPoint="1" RAnchorOffset="-3" BAnchorPoint="Tier4BonusString_Bottom" BAnchorOffset="27" RelativeToClient="1" Font="CRB_InterfaceSmall" Template="Default" Name="Tier8String" BGColor="ffffffff" TextColor="UI_TextHoloBodyHighlight" NewControlDepth="1" TextId="Tooltips_Tier8UpgradeLabel" IgnoreMouse="1" AutoScaleText="0" TooltipColor="" DT_VCENTER="0" BottomEdgeControlsAnchor="Tier8String_Bottom" Text="" TopEdgeControlsAnchor="" DT_BOTTOM="1"/>
            <Control Class="MLWindow" LAnchorPoint="0" LAnchorOffset="8" TAnchorPoint="Tier8String_Bottom" TAnchorOffset="-1" RAnchorPoint="1" RAnchorOffset="-3" BAnchorPoint="Tier8String_Bottom" BAnchorOffset="-1" RelativeToClient="1" Font="CRB_InterfaceSmall" Template="Default" Name="Tier8BonusString" BGColor="ffffffff" TextColor="white" NewControlDepth="1" TextId="" IgnoreMouse="1" AutoScaleText="0" TooltipColor="" DT_VCENTER="1" BottomEdgeControlsAnchor="" Text="" TopEdgeControlsAnchor="" DT_WORDBREAK="1"/>
        </Control>
        <Control Class="Window" LAnchorPoint="0" LAnchorOffset="8" TAnchorPoint="0" TAnchorOffset="-16" RAnchorPoint="1" RAnchorOffset="-8" BAnchorPoint="0" BAnchorOffset="4" RelativeToClient="1" Font="CRB_InterfaceMedium_B" Template="Default" Name="RequiredLevelString" BGColor="ffffffff" TextColor="ChatPvP" NewControlDepth="1" TextId="" IgnoreMouse="1" AutoScaleText="0" TooltipColor="" DT_VCENTER="1" BottomEdgeControlsAnchor="" Text="" TopEdgeControlsAnchor="" DT_RIGHT="0" NoClip="1" DT_CENTER="1" Visible="1" Picture="1" Sprite=""/>
    </Form>
    <Form Class="Window" Base="" Font="Thick" ButtonType="PushButton" RadioGroup="" LAnchorPoint="0" LAnchorOffset="0" TAnchorPoint="0" TAnchorOffset="0" RAnchorPoint="0" RAnchorOffset="274" BAnchorPoint="0" BAnchorOffset="74" DT_VCENTER="1" DT_CENTER="1" Name="BuffTooltip_Base" Border="1" Picture="0" SwallowMouseClicks="0" Moveable="0" Escapable="0" Overlapped="0" BGColor="ffffffff" TextColor="ff51edef" Sprite="CRB_UIKitSprites:spr_baseframe" TooltipForm="1" Template="CRB_TooltipSimple" IgnoreMouse="1" UseTemplateBG="1" TooltipColor="" Text="" Tooltip="">
        <Event Name="ButtonSignal" Function="YourFunctionName"/>
        <Control Class="Window" LAnchorPoint="0" LAnchorOffset="3" TAnchorPoint="0" TAnchorOffset="3" RAnchorPoint="1" RAnchorOffset="-3" BAnchorPoint="0" BAnchorOffset="23" RelativeToClient="1" Font="CRB_InterfaceLarge" Template="Default" Name="NameString" BGColor="ffffffff" TextColor="white" NewControlDepth="1" TextId="CRB_NameString" IgnoreMouse="1" AutoScaleText="0" TooltipColor="" DT_VCENTER="1" BottomEdgeControlsAnchor="NameString_Bottom" Text=""/>
        <Control Class="Window" LAnchorPoint="0" LAnchorOffset="3" TAnchorPoint="0" TAnchorOffset="3" RAnchorPoint="1" RAnchorOffset="-3" BAnchorPoint="0" BAnchorOffset="23" RelativeToClient="1" Font="CRB_InterfaceMedium" Template="Default" Name="DispellableString" BGColor="ffffffff" TextColor="white" NewControlDepth="1" TextId="Tooltips_Dispellable" Text="" DT_RIGHT="1" Tooltip="" TooltipId="" DT_VCENTER="1" TooltipColor=""/>
        <Control Class="MLWindow" LAnchorPoint="0" LAnchorOffset="3" TAnchorPoint="NameString_Bottom" TAnchorOffset="3" RAnchorPoint="1" RAnchorOffset="-3" BAnchorPoint="NameString_Bottom" BAnchorOffset="3" RelativeToClient="1" Font="CRB_InterfaceSmall" Template="Default" Name="GeneralDescriptionString" BGColor="ffffffff" TextColor="xkcdMuddyYellow" NewControlDepth="1" TextId="" IgnoreMouse="1" AutoScaleText="0" TooltipColor="" DT_VCENTER="1" BottomEdgeControlsAnchor="GeneralDescriptionString_Bottom" Text="" TopEdgeControlsAnchor="" DT_SINGLELINE="0" DT_WORDBREAK="1"/>
    </Form>
    <Form Class="Window" Base="" Font="Default" ButtonType="PushButton" RadioGroup="" LAnchorPoint="0" LAnchorOffset="0" TAnchorPoint="0" TAnchorOffset="0" RAnchorPoint="0" RAnchorOffset="296" BAnchorPoint="0" BAnchorOffset="182" DT_VCENTER="1" DT_CENTER="1" Name="UnitTooltip_Base" Border="0" Picture="1" SwallowMouseClicks="0" Moveable="0" Escapable="0" Overlapped="0" BGColor="ffffffff" TextColor="ffffffff" Sprite="CRB_Tooltips:sprTooltip_Base" TooltipForm="1" Template="CRB_TooltipSimple" IgnoreMouse="1" UseTemplateBG="0" TooltipColor="" Text="" Tooltip="" TransitionShowHide="1">
        <Event Name="ButtonSignal" Function="YourFunctionName"/>
        <Control Class="Window" LAnchorPoint="0" LAnchorOffset="0" TAnchorPoint="0" TAnchorOffset="0" RAnchorPoint="1" RAnchorOffset="0" BAnchorPoint="0" BAnchorOffset="46" RelativeToClient="1" Font="Default" Text="" Template="Default" TooltipType="OnCursor" Name="TopDataBlock" BGColor="ffffffff" TextColor="ffffffff" TooltipColor="" Tooltip="" BottomEdgeControlsAnchor="">
            <Control Class="Window" LAnchorPoint="0" LAnchorOffset="16" TAnchorPoint="0" TAnchorOffset="16" RAnchorPoint="1" RAnchorOffset="-16" BAnchorPoint="0" BAnchorOffset="46" RelativeToClient="1" Font="Default" Text="" Template="Default" TooltipType="OnCursor" Name="RightSide" BGColor="ffffffff" TextColor="ffffffff" TooltipColor="">
                <Control Class="Window" LAnchorPoint="1" LAnchorOffset="-30" TAnchorPoint="0" TAnchorOffset="0" RAnchorPoint="1" RAnchorOffset="0" BAnchorPoint="1" BAnchorOffset="0" RelativeToClient="1" Font="Default" Text="" Template="Default" TooltipType="OnCursor" Name="LevelBack" BGColor="ffffffff" TextColor="ffffffff" TooltipColor="" Picture="1" IgnoreMouse="1" Sprite="BK3:UI_BK3_Holo_InsetSimple"/>
                <Control Class="Window" LAnchorPoint="1" LAnchorOffset="-61" TAnchorPoint="0" TAnchorOffset="0" RAnchorPoint="1" RAnchorOffset="-31" BAnchorPoint="1" BAnchorOffset="0" RelativeToClient="1" Font="Default" Text="" Template="Default" TooltipType="OnCursor" Name="ClassBack" BGColor="ffffffff" TextColor="ffffffff" TooltipColor="" Picture="1" IgnoreMouse="1" Sprite="BK3:UI_BK3_Holo_InsetSimple"/>
                <Control Class="Window" LAnchorPoint="1" LAnchorOffset="-92" TAnchorPoint="0" TAnchorOffset="0" RAnchorPoint="1" RAnchorOffset="-62" BAnchorPoint="1" BAnchorOffset="0" RelativeToClient="1" Font="Default" Text="" Template="Default" TooltipType="OnCursor" Name="PathBack" BGColor="ffffffff" TextColor="ffffffff" TooltipColor="" Picture="1" IgnoreMouse="1" Sprite="BK3:UI_BK3_Holo_InsetSimple"/>
                <Control Class="Window" LAnchorPoint="1" LAnchorOffset="-30" TAnchorPoint="0" TAnchorOffset="-2" RAnchorPoint="1" RAnchorOffset="0" BAnchorPoint="1" BAnchorOffset="0" RelativeToClient="1" Font="CRB_HeaderMedium" Text="" Template="Default" TooltipType="OnCursor" Name="LevelString" BGColor="ffffffff" TextColor="UI_TextHoloTitle" TooltipColor="" RightEdgeControlsAnchor="" LeftEdgeControlsAnchor="" TextId="Challenges_NoProgress" DT_CENTER="1" DT_VCENTER="1" NewControlDepth="1"/>
                <Control Class="Window" LAnchorPoint="1" LAnchorOffset="-58" TAnchorPoint="0" TAnchorOffset="3" RAnchorPoint="1" RAnchorOffset="-34" BAnchorPoint="1" BAnchorOffset="-3" RelativeToClient="1" Font="Default" Text="" Template="Default" TooltipType="OnCursor" Name="ClassIcon" BGColor="ffffffff" TextColor="ffffffff" TooltipColor="" Picture="1" IgnoreMouse="1" Sprite="ClientSprites:Icon_Windows_UI_CRB_Esper" NewControlDepth="1"/>
                <Control Class="Window" LAnchorPoint="1" LAnchorOffset="-90" TAnchorPoint="0" TAnchorOffset="2" RAnchorPoint="1" RAnchorOffset="-64" BAnchorPoint="1" BAnchorOffset="-2" RelativeToClient="1" Font="Default" Text="" Template="Default" TooltipType="OnCursor" Name="PathIcon" BGColor="ffffffff" TextColor="ffffffff" TooltipColor="" Picture="1" IgnoreMouse="1" Sprite="ClientSprites:Icon_Windows_UI_CRB_Soldier" NewControlDepth="1"/>
            </Control>
            <Control Class="MLWindow" LAnchorPoint="0" LAnchorOffset="16" TAnchorPoint="0" TAnchorOffset="14" RAnchorPoint="1" RAnchorOffset="-47" BAnchorPoint="0" BAnchorOffset="46" RelativeToClient="1" Font="CRB_Interface12_BB" Template="Default" Name="NameString" BGColor="ffffffff" TextColor="white" NewControlDepth="1" TextId="CRB__2" IgnoreMouse="1" AutoScaleText="0" TooltipColor="" DT_VCENTER="1" BottomEdgeControlsAnchor="" Text="" DT_WORDBREAK="1" Picture="0" Sprite="WhiteFill"/>
        </Control>
        <Control Class="Window" LAnchorPoint="0" LAnchorOffset="16" TAnchorPoint="0" TAnchorOffset="46" RAnchorPoint="1" RAnchorOffset="-16" BAnchorPoint="0" BAnchorOffset="66" RelativeToClient="1" Font="CRB_InterfaceSmall" Template="Default" Name="AffiliationString" BGColor="ffffffff" TextColor="UI_TextHoloBody" NewControlDepth="1" TextId="Challenges_NoProgress" IgnoreMouse="1" AutoScaleText="0" TooltipColor="" DT_VCENTER="0" BottomEdgeControlsAnchor="" Text="" TopEdgeControlsAnchor="" DT_BOTTOM="0"/>
        <Control Class="Window" LAnchorPoint="0" LAnchorOffset="16" TAnchorPoint="0" TAnchorOffset="66" RAnchorPoint="1" RAnchorOffset="-16" BAnchorPoint="0" BAnchorOffset="146" RelativeToClient="1" Font="Default" Text="" Template="Default" TooltipType="OnCursor" Name="MiddleDataBlock" BGColor="ffffffff" TextColor="ffffffff" TooltipColor="" BottomEdgeControlsAnchor="" HideInEditor="0" Visible="1" Sprite="BK3:UI_BK3_Holo_InsetSimple" Picture="1" IgnoreMouse="1">
            <Control Class="Window" LAnchorPoint="0" LAnchorOffset="4" TAnchorPoint="0" TAnchorOffset="4" RAnchorPoint="1" RAnchorOffset="-4" BAnchorPoint="1" BAnchorOffset="-4" RelativeToClient="1" Font="Default" Text="" Template="Default" TooltipType="OnCursor" Name="MiddleDataBlockContent" BGColor="ffffffff" TextColor="ffffffff" TooltipColor=""/>
        </Control>
        <Control Class="Window" LAnchorPoint="0" LAnchorOffset="16" TAnchorPoint="1" TAnchorOffset="-36" RAnchorPoint="1" RAnchorOffset="-16" BAnchorPoint="1" BAnchorOffset="-16" RelativeToClient="1" Font="Default" Text="" Template="Default" TooltipType="OnCursor" Name="BottomDataBlock" BGColor="ffffffff" TextColor="ffffffff" TooltipColor="" BottomEdgeControlsAnchor="">
            <Control Class="Window" LAnchorPoint="0" LAnchorOffset="0" TAnchorPoint="0" TAnchorOffset="0" RAnchorPoint="1" RAnchorOffset="0" BAnchorPoint="1" BAnchorOffset="0" RelativeToClient="1" Font="CRB_InterfaceSmall" Template="Default" Name="BreakdownString" BGColor="ffffffff" TextColor="UI_TextHoloBody" NewControlDepth="1" TextId="CRB__2" IgnoreMouse="1" AutoScaleText="0" TooltipColor="" DT_VCENTER="0" BottomEdgeControlsAnchor="" Text="" TopEdgeControlsAnchor="" Tooltip=""/>
            <Control Class="MLWindow" LAnchorPoint="0" LAnchorOffset="0" TAnchorPoint="0" TAnchorOffset="0" RAnchorPoint="1" RAnchorOffset="0" BAnchorPoint="1" BAnchorOffset="0" RelativeToClient="1" Font="CRB_InterfaceSmall" Template="Default" Name="XpAwardString" BGColor="ffffffff" TextColor="UI_TextHoloBody" NewControlDepth="1" TextId="" IgnoreMouse="1" AutoScaleText="0" TooltipColor="" DT_VCENTER="1" BottomEdgeControlsAnchor="" Text="" TopEdgeControlsAnchor="" DT_RIGHT="1"/>
        </Control>
        <Control Class="Window" LAnchorPoint="0" LAnchorOffset="6" TAnchorPoint="0" TAnchorOffset="6" RAnchorPoint="1" RAnchorOffset="-6" BAnchorPoint="1" BAnchorOffset="-6" RelativeToClient="1" Font="Default" Text="" Template="Default" TooltipType="OnCursor" Name="DispositionArtFrame" BGColor="ffffffff" TextColor="ffffffff" TooltipColor="" Picture="1" IgnoreMouse="1" Sprite="CRB_Tooltips:sprTooltip_SquareFrame_UnitGreen" HideInEditor="0" Tooltip="" Visible="1"/>
        <Control Class="Window" LAnchorPoint="0" LAnchorOffset="0" TAnchorPoint="0" TAnchorOffset="0" RAnchorPoint="1" RAnchorOffset="0" BAnchorPoint="0" BAnchorOffset="166" RelativeToClient="1" Font="Default" Text="" Template="Default" TooltipType="OnCursor" Name="Container" BGColor="ffffffff" TextColor="ffffffff" TooltipColor=""/>
    </Form>
    <Form Class="Window" Base="" Font="Thick" ButtonType="PushButton" RadioGroup="" LAnchorPoint="0" LAnchorOffset="0" TAnchorPoint="0" TAnchorOffset="0" RAnchorPoint="0" RAnchorOffset="300" BAnchorPoint="0" BAnchorOffset="54" DT_VCENTER="1" DT_CENTER="1" Name="PropTooltip_Base" Border="1" Picture="0" SwallowMouseClicks="0" Moveable="0" Escapable="0" Overlapped="0" BGColor="ffffffff" TextColor="ff51edef" Sprite="CRB_UIKitSprites:spr_baseframe" TooltipForm="1" Template="CRB_TooltipSimple" IgnoreMouse="1" UseTemplateBG="1" TooltipColor="" Text="" Tooltip="">
        <Event Name="ButtonSignal" Function="YourFunctionName"/>
        <Control Class="Window" LAnchorPoint="0" LAnchorOffset="0" TAnchorPoint="0" TAnchorOffset="-1" RAnchorPoint="1" RAnchorOffset="0" BAnchorPoint="0" BAnchorOffset="36" RelativeToClient="1" Font="Default" Text="" Template="Default" TooltipType="OnCursor" Name="TopDataBlock" BGColor="ffffffff" TextColor="ffffffff" TooltipColor="" BottomEdgeControlsAnchor="TopDataBlock_Bottom">
            <Control Class="Window" LAnchorPoint="0" LAnchorOffset="3" TAnchorPoint="0" TAnchorOffset="3" RAnchorPoint="1" RAnchorOffset="-3" BAnchorPoint="0" BAnchorOffset="23" RelativeToClient="1" Font="CRB_InterfaceLarge" Template="Default" Name="NameString" BGColor="ffffffff" TextColor="white" NewControlDepth="1" TextId="CRB_NameString" IgnoreMouse="1" AutoScaleText="0" TooltipColor="" DT_VCENTER="1" BottomEdgeControlsAnchor="NameString_Bottom" Text=""/>
        </Control>
    </Form>
    <Form Class="Window" Font="Default" LAnchorPoint="0" LAnchorOffset="0" TAnchorPoint="0" TAnchorOffset="0" RAnchorPoint="0" RAnchorOffset="300" BAnchorPoint="0" BAnchorOffset="357" Name="ItemTooltip_Base" Picture="1" SwallowMouseClicks="0" Moveable="0" Escapable="0" Overlapped="0" BGColor="ffffffff" TextColor="ffffffff" Sprite="" TooltipForm="1" TooltipColor="" IgnoreMouse="1" RelativeToClient="1" Tooltip="">
        <Event Name="ButtonSignal" Function="YourFunctionName"/>
        <Control Class="Window" LAnchorPoint="0" LAnchorOffset="0" TAnchorPoint="0" TAnchorOffset="16" RAnchorPoint="1" RAnchorOffset="0" BAnchorPoint="1" BAnchorOffset="0" RelativeToClient="1" Font="Default" Text="" Template="Default" TooltipType="OnCursor" Name="ItemTooltipBG" BGColor="ffffffff" TextColor="ffffffff" TooltipColor="" Picture="1" IgnoreMouse="1" Sprite="CRB_Tooltips:sprTooltip_Base"/>
        <Control Class="Window" LAnchorPoint="0.5" LAnchorOffset="-100" TAnchorPoint="0" TAnchorOffset="0" RAnchorPoint="0.5" RAnchorOffset="100" BAnchorPoint="0" BAnchorOffset="25" RelativeToClient="1" Font="CRB_InterfaceSmall" Text="" Template="Default" Name="CurrentHeader" BGColor="ffffffff" TextColor="UI_WindowTitleYellow" TooltipColor="" Picture="1" IgnoreMouse="1" Sprite="CRB_Tooltips:sprTooltip_Header" TextId="Tooltips_CurrentlyEquipped" DT_CENTER="1" DT_VCENTER="1"/>
        <Control Class="Window" LAnchorPoint="0" LAnchorOffset="8" TAnchorPoint="0" TAnchorOffset="24" RAnchorPoint="1" RAnchorOffset="-8" BAnchorPoint="1" BAnchorOffset="-8" RelativeToClient="1" Font="Default" Text="" Template="Default" TooltipType="OnCursor" Name="ItemTooltip_BaseRarityFrame" BGColor="ffffffff" TextColor="ffffffff" TooltipColor="" Sprite="CRB_Tooltips:sprTooltip_SquareFrame_Silver" Picture="1" IgnoreMouse="1" Visible="1" HideInEditor="0"/>
        <Control Class="Window" LAnchorPoint="0" LAnchorOffset="28" TAnchorPoint="0" TAnchorOffset="28" RAnchorPoint="1" RAnchorOffset="-28" BAnchorPoint="1" BAnchorOffset="-17" RelativeToClient="1" Font="Default" Text="" Template="Default" Name="Items" BGColor="ffffffff" TextColor="ffffffff" NewControlDepth="2" TooltipColor=""/>
        <Control Class="Window" LAnchorPoint="0" LAnchorOffset="-8" TAnchorPoint="0" TAnchorOffset="4" RAnchorPoint="0" RAnchorOffset="40" BAnchorPoint="0" BAnchorOffset="52" RelativeToClient="1" Font="Default" Text="" Template="Default" TooltipType="OnCursor" Name="ItemTooltip_BaseCanEquip" BGColor="ffffffff" TextColor="ffffffff" TooltipColor="" Sprite="ClientSprites:Icon_Windows_UI_CRB_Tooltip_Restricted" Picture="1" IgnoreMouse="1" Visible="0" HideInEditor="0" NoClip="1" NewControlDepth="1" NewWindowDepth="1"/>
    </Form>
    <Form Class="Window" LAnchorPoint="0" LAnchorOffset="-45" TAnchorPoint="0" TAnchorOffset="-6" RAnchorPoint="0" RAnchorOffset="-3" BAnchorPoint="0" BAnchorOffset="30" RelativeToClient="0" Font="Default" Text="" Template="Default" TooltipType="NavText" Name="WorldTooltipContainer" Border="0" Picture="0" SwallowMouseClicks="1" Moveable="0" Escapable="0" Overlapped="0" BGColor="ffffffff" TextColor="ffffffff" TooltipColor="" IgnoreTooltipDelay="1" Tooltip="">
        <Event Name="GenerateTooltip" Function="OnGenerateWorldObjectTooltip"/>
    </Form>
    <Form Class="MLWindow" LAnchorPoint="0" LAnchorOffset="0" TAnchorPoint="0" TAnchorOffset="0" RAnchorPoint="1" RAnchorOffset="0" BAnchorPoint="0" BAnchorOffset="0" RelativeToClient="1" Font="CRB_InterfaceSmall" Text="" Template="Default" TooltipType="OnCursor" Name="SimpleRowSmallML" Border="0" Picture="1" SwallowMouseClicks="1" Moveable="0" Escapable="0" Overlapped="1" BGColor="ffffffff" TextColor="ff39b5d4" TooltipColor="" IgnoreMouse="1"/>
    <Form Class="Window" LAnchorPoint="0" LAnchorOffset="0" TAnchorPoint="0" TAnchorOffset="0" RAnchorPoint="1" RAnchorOffset="0" BAnchorPoint="0" BAnchorOffset="25" RelativeToClient="1" Font="Default" Text="" Template="Default" TooltipType="OnCursor" Name="SeparatorDiagonal" Border="0" Picture="1" SwallowMouseClicks="1" Moveable="0" Escapable="0" Overlapped="1" BGColor="ffffffff" TextColor="ffffffff" TooltipColor="" IgnoreMouse="1" Sprite="">
        <Pixie LAnchorPoint="0" LAnchorOffset="0" TAnchorPoint="0.5" TAnchorOffset="-7" RAnchorPoint="1" RAnchorOffset="0" BAnchorPoint="0.5" BAnchorOffset="6" BGColor="ffffffff" Font="Default" TextColor="ffffffff" Text="" Sprite="CRB_Tooltips:sprTooltip_HorzDividerDiagonal" Line="0"/>
    </Form>
    <Form Class="Window" LAnchorPoint="0" LAnchorOffset="0" TAnchorPoint="0" TAnchorOffset="0" RAnchorPoint="1" RAnchorOffset="0" BAnchorPoint="0" BAnchorOffset="12" RelativeToClient="1" Font="Default" Text="" Template="Default" TooltipType="OnCursor" Name="SeparatorSmallLine" Border="0" Picture="1" SwallowMouseClicks="1" Moveable="0" Escapable="0" Overlapped="1" BGColor="ffffffff" TextColor="ffffffff" TooltipColor="" IgnoreMouse="1" Sprite="">
        <Pixie LAnchorPoint="0" LAnchorOffset="0" TAnchorPoint="0.5" TAnchorOffset="-1" RAnchorPoint="1" RAnchorOffset="0" BAnchorPoint="0.5" BAnchorOffset="1" BGColor="ffffffff" Font="Default" TextColor="ffffffff" Text="" Sprite="CRB_Tooltips:sprTooltip_HorzDividerLine" Line="0"/>
    </Form>
    <Form Class="Window" LAnchorPoint="0" LAnchorOffset="0" TAnchorPoint="0" TAnchorOffset="0" RAnchorPoint="1" RAnchorOffset="0" BAnchorPoint="0" BAnchorOffset="63" RelativeToClient="1" Font="Default" Text="" Template="Default" TooltipType="OnCursor" Name="ItemTooltip_Header" BGColor="ffffffff" TextColor="ffffffff" TooltipColor="" Tooltip="">
        <Control Class="Window" LAnchorPoint="0" LAnchorOffset="-25" TAnchorPoint="0" TAnchorOffset="-11" RAnchorPoint="1" RAnchorOffset="25" BAnchorPoint="1" BAnchorOffset="9" RelativeToClient="1" Font="Default" Text="" Template="Default" TooltipType="OnCursor" Name="ItemTooltip_HeaderBG" BGColor="ffffffff" TextColor="ffffffff" TooltipColor="" Sprite="CRB_Tooltips:sprTooltip_Header_Silver" Picture="1" IgnoreMouse="1" NoClip="1" HideInEditor="0" Visible="1"/>
        <Control Class="Window" LAnchorPoint="0" LAnchorOffset="2" TAnchorPoint="1" TAnchorOffset="-10" RAnchorPoint="1" RAnchorOffset="-2" BAnchorPoint="1" BAnchorOffset="-2" RelativeToClient="1" Font="Default" Text="" Template="Default" TooltipType="OnCursor" Name="ItemTooltip_HeaderBar" BGColor="ffffffff" TextColor="ffffffff" TooltipColor="" Sprite="CRB_Tooltips:sprTooltip_RarityBar_Silver" Picture="1" IgnoreMouse="1"/>
        <Control Class="MLWindow" LAnchorPoint="0" LAnchorOffset="0" TAnchorPoint="0" TAnchorOffset="12" RAnchorPoint="1" RAnchorOffset="0" BAnchorPoint="0" BAnchorOffset="12" RelativeToClient="1" Font="CRB_InterfaceLarge_O" Text="" Template="Default" TooltipType="OnCursor" Name="ItemTooltip_Header_Name" BGColor="ffffffff" TextColor="ffffffff" TooltipColor="" TextId="Challenges_NoProgress"/>
        <Control Class="Window" LAnchorPoint="0" LAnchorOffset="0" TAnchorPoint="1" TAnchorOffset="-31" RAnchorPoint="1" RAnchorOffset="0" BAnchorPoint="1" BAnchorOffset="-11" RelativeToClient="1" Font="CRB_InterfaceSmall_O" Text="" Template="Default" TooltipType="OnCursor" Name="ItemTooltip_Header_Types" BGColor="ffffffff" TextColor="ffffffff" TooltipColor="" TextId="Challenges_NoProgress"/>
    </Form>
    <Form Class="Window" LAnchorPoint="0" LAnchorOffset="-8" TAnchorPoint="0" TAnchorOffset="0" RAnchorPoint="1" RAnchorOffset="8" BAnchorPoint="0" BAnchorOffset="40" RelativeToClient="1" Font="Default" Text="" Template="Default" TooltipType="OnCursor" Name="ItemTooltip_Flavor" Border="0" Picture="1" SwallowMouseClicks="1" Moveable="0" Escapable="0" Overlapped="1" BGColor="ffffffff" TextColor="ffffffff" TooltipColor="" IgnoreMouse="1" Sprite="" NoClip="1" Tooltip="">
        <Control Class="MLWindow" LAnchorPoint="0" LAnchorOffset="8" TAnchorPoint="0" TAnchorOffset="10" RAnchorPoint="1" RAnchorOffset="-8" BAnchorPoint="0" BAnchorOffset="10" RelativeToClient="1" Font="Default" Text="" Template="Default" TooltipType="OnCursor" Name="ItemTooltip_FlavorML" Border="0" Picture="1" SwallowMouseClicks="1" Moveable="0" Escapable="0" Overlapped="1" BGColor="ffffffff" TextColor="ffffffff" TooltipColor="" IgnoreMouse="1" Tooltip=""/>
        <Pixie LAnchorPoint="0" LAnchorOffset="0" TAnchorPoint="0" TAnchorOffset="4" RAnchorPoint="1" RAnchorOffset="0" BAnchorPoint="1" BAnchorOffset="-7" BGColor="ffffffff" Font="Default" TextColor="ffffffff" Text="" Sprite="BK3:UI_BK3_Holo_InsetSimple" Line="0"/>
    </Form>
    <Form Class="Window" LAnchorPoint="0" LAnchorOffset="0" TAnchorPoint="0" TAnchorOffset="0" RAnchorPoint="0.5" RAnchorOffset="0" BAnchorPoint="0" BAnchorOffset="50" RelativeToClient="1" Font="Default" Text="" Template="Default" TooltipType="OnCursor" Name="ItemTooltip_Rune" Border="0" Picture="1" SwallowMouseClicks="1" Moveable="0" Escapable="0" Overlapped="1" BGColor="ffffffff" TextColor="ffffffff" TooltipColor="" IgnoreMouse="1" Sprite="" Tooltip="">
        <Control Class="Window" LAnchorPoint="0" LAnchorOffset="8" TAnchorPoint="0" TAnchorOffset="8" RAnchorPoint="0" RAnchorOffset="42" BAnchorPoint="1" BAnchorOffset="-8" RelativeToClient="1" Font="Default" Text="" Template="Default" TooltipType="OnCursor" Name="ItemTooltip_RuneIcon" BGColor="ffffffff" TextColor="ffffffff" TooltipColor="" Picture="1" IgnoreMouse="1" Sprite="ClientSprites:Icon_Windows_UI_CRB_Tooltip_Earth" NewControlDepth="1"/>
        <Control Class="Window" LAnchorPoint="0" LAnchorOffset="54" TAnchorPoint="0" TAnchorOffset="0" RAnchorPoint="1" RAnchorOffset="-4" BAnchorPoint="1" BAnchorOffset="0" RelativeToClient="1" Font="CRB_InterfaceSmall" Text="" Template="Default" TooltipType="OnCursor" Name="ItemTooltip_RuneText" BGColor="ffffffff" TextColor="ff39b5d4" TooltipColor="" DT_VCENTER="1" DT_WORDBREAK="1" TextId=""/>
        <Pixie LAnchorPoint="0" LAnchorOffset="0" TAnchorPoint="0" TAnchorOffset="0" RAnchorPoint="0" RAnchorOffset="50" BAnchorPoint="1" BAnchorOffset="0" BGColor="ffffffff" Font="Default" TextColor="ffffffff" Text="" Sprite="kitInnerFrame_RuneSigilSlot_Square" Line="0"/>
    </Form>
    <Form Class="Window" LAnchorPoint="0" LAnchorOffset="-10" TAnchorPoint="0" TAnchorOffset="0" RAnchorPoint="1" RAnchorOffset="10" BAnchorPoint="0" BAnchorOffset="0" RelativeToClient="1" Font="Default" Text="" Template="Default" TooltipType="OnCursor" Name="ItemTooltip_RuneBox" Border="0" Picture="1" SwallowMouseClicks="1" Moveable="0" Escapable="0" Overlapped="1" BGColor="ffffffff" TextColor="ffffffff" TooltipColor="" IgnoreMouse="1" NoClip="1"/>
    <Form Class="Window" LAnchorPoint="0" LAnchorOffset="0" TAnchorPoint="0" TAnchorOffset="0" RAnchorPoint="1" RAnchorOffset="0" BAnchorPoint="0" BAnchorOffset="0" RelativeToClient="1" Font="CRB_InterfaceSmall" Text="" Template="Default" TooltipType="OnCursor" Name="ItemTooltip_SalvageAndMoney" Border="0" Picture="1" SwallowMouseClicks="1" Moveable="0" Escapable="0" Overlapped="1" BGColor="ffffffff" TextColor="UI_TextMetalBodyHighlight" TooltipColor="" IgnoreMouse="1"/>
    <Form Class="Window" LAnchorPoint="0" LAnchorOffset="0" TAnchorPoint="0" TAnchorOffset="0" RAnchorPoint="1" RAnchorOffset="0" BAnchorPoint="0" BAnchorOffset="0" RelativeToClient="1" Font="CRB_InterfaceSmall" Text="" Template="Default" TooltipType="OnCursor" Name="ItemTooltip_BasicStatsBox" Border="0" Picture="1" SwallowMouseClicks="1" Moveable="0" Escapable="0" Overlapped="1" BGColor="ffffffff" TextColor="UI_TextMetalBodyHighlight" TooltipColor="" IgnoreMouse="1" Tooltip="">
        <Control Class="MLWindow" LAnchorPoint="0" LAnchorOffset="0" TAnchorPoint="0" TAnchorOffset="0" RAnchorPoint="1" RAnchorOffset="0" BAnchorPoint="0" BAnchorOffset="17" RelativeToClient="1" Font="CRB_InterfaceSmall" Text="" Template="Default" TooltipType="OnCursor" Name="ItemTooltip_BasicStats_TopLeft" Border="0" Picture="1" SwallowMouseClicks="1" Moveable="0" Escapable="0" Overlapped="1" BGColor="ffffffff" TextColor="ff39b5d4" TooltipColor="" IgnoreMouse="1"/>
        <Control Class="MLWindow" LAnchorPoint="0" LAnchorOffset="0" TAnchorPoint="0" TAnchorOffset="0" RAnchorPoint="1" RAnchorOffset="0" BAnchorPoint="0" BAnchorOffset="17" RelativeToClient="1" Font="CRB_InterfaceSmall" Text="" Template="Default" TooltipType="OnCursor" Name="ItemTooltip_BasicStats_TopRight" Border="0" Picture="1" SwallowMouseClicks="1" Moveable="0" Escapable="0" Overlapped="1" BGColor="ffffffff" TextColor="ff39b5d4" TooltipColor="" IgnoreMouse="1" DT_RIGHT="1"/>
        <Control Class="MLWindow" LAnchorPoint="0" LAnchorOffset="0" TAnchorPoint="0" TAnchorOffset="17" RAnchorPoint="1" RAnchorOffset="0" BAnchorPoint="0" BAnchorOffset="34" RelativeToClient="1" Font="CRB_InterfaceSmall" Text="" Template="Default" TooltipType="OnCursor" Name="ItemTooltip_BasicStats_BotLeft" Border="0" Picture="1" SwallowMouseClicks="1" Moveable="0" Escapable="0" Overlapped="1" BGColor="ffffffff" TextColor="ff39b5d4" TooltipColor="" IgnoreMouse="1"/>
        <Control Class="MLWindow" LAnchorPoint="0" LAnchorOffset="0" TAnchorPoint="0" TAnchorOffset="17" RAnchorPoint="1" RAnchorOffset="0" BAnchorPoint="0" BAnchorOffset="34" RelativeToClient="1" Font="CRB_InterfaceSmall" Text="" Template="Default" TooltipType="OnCursor" Name="ItemTooltip_BasicStats_BotRight" Border="0" Picture="1" SwallowMouseClicks="1" Moveable="0" Escapable="0" Overlapped="1" BGColor="ffffffff" TextColor="ff39b5d4" TooltipColor="" IgnoreMouse="1" DT_RIGHT="1"/>
        <Control Class="MLWindow" LAnchorPoint="0" LAnchorOffset="0" TAnchorPoint="0" TAnchorOffset="34" RAnchorPoint="1" RAnchorOffset="0" BAnchorPoint="0" BAnchorOffset="51" RelativeToClient="1" Font="CRB_InterfaceSmall" Text="" Template="Default" TooltipType="OnCursor" Name="ItemTooltip_BasicStats_SuperBotLeft" Border="0" Picture="1" SwallowMouseClicks="1" Moveable="0" Escapable="0" Overlapped="1" BGColor="ffffffff" TextColor="ff39b5d4" TooltipColor="" IgnoreMouse="1"/>
    </Form>
    <Form Class="Window" LAnchorPoint="0" LAnchorOffset="0" TAnchorPoint="0" TAnchorOffset="0" RAnchorPoint="1" RAnchorOffset="0" BAnchorPoint="0" BAnchorOffset="22" RelativeToClient="1" Font="Default" Text="" Template="Default" TooltipType="OnCursor" Name="UnitTooltip_Reward" Border="0" Picture="0" SwallowMouseClicks="1" Moveable="0" Escapable="0" Overlapped="0" BGColor="ffaaaaaa" TextColor="ffffffff" TooltipColor="" Tooltip="" Sprite="WhiteFill">
        <Control Class="Window" LAnchorPoint="0" LAnchorOffset="0" TAnchorPoint="0" TAnchorOffset="1" RAnchorPoint="0" RAnchorOffset="20" BAnchorPoint="0" BAnchorOffset="21" RelativeToClient="1" Font="Default" Text="" Template="Default" TooltipType="OnCursor" Name="Icon" BGColor="ffffffff" TextColor="ffffffff" TooltipColor="" Picture="1" IgnoreMouse="1" Sprite="CRB_TargetFrameRewardPanelSprites:sprTargetFrame_ActiveQuest"/>
        <Control Class="Window" LAnchorPoint="0" LAnchorOffset="25" TAnchorPoint="0" TAnchorOffset="0" RAnchorPoint="1" RAnchorOffset="0" BAnchorPoint="1" BAnchorOffset="0" RelativeToClient="1" Font="CRB_InterfaceMedium" Text="" Template="Default" TooltipType="OnCursor" Name="Label" BGColor="ffffffff" TextColor="UI_TextHoloBody" TooltipColor="" TextId="Challenges_NoProgress" DT_VCENTER="1" DT_SINGLELINE="0" DT_WORDBREAK="1"/>
    </Form>
    <Form Class="Window" LAnchorPoint="0" LAnchorOffset="2" TAnchorPoint="0" TAnchorOffset="0" RAnchorPoint="1" RAnchorOffset="0" BAnchorPoint="0" BAnchorOffset="20" RelativeToClient="1" Font="Default" Text="" Template="Default" TooltipType="OnCursor" Name="UnitTooltip_Info" Border="0" Picture="0" SwallowMouseClicks="1" Moveable="0" Escapable="0" Overlapped="0" BGColor="ffffffff" TextColor="ffffffff" TooltipColor="" Tooltip="">
        <Control Class="Window" LAnchorPoint="0" LAnchorOffset="0" TAnchorPoint="0" TAnchorOffset="0" RAnchorPoint="1" RAnchorOffset="0" BAnchorPoint="1" BAnchorOffset="0" RelativeToClient="1" Font="CRB_InterfaceMedium" Text="" Template="Default" TooltipType="OnCursor" Name="Label" BGColor="ffffffff" TextColor="ffffffff" TooltipColor="" TextId="Challenges_NoProgress" DT_VCENTER="1" DT_SINGLELINE="1"/>
    </Form>
    <Form Class="Window" LAnchorPoint="0" LAnchorOffset="0" TAnchorPoint="0" TAnchorOffset="0" RAnchorPoint="1" RAnchorOffset="0" BAnchorPoint="0" BAnchorOffset="90" RelativeToClient="1" Font="Default" Text="" Template="Default" TooltipType="OnCursor" Name="UnitTooltip_Loot" Border="0" Picture="0" SwallowMouseClicks="1" Moveable="0" Escapable="0" Overlapped="0" BGColor="ffffffff" TextColor="ffffffff" TooltipColor="" Tooltip="">
        <Control Class="MLWindow" LAnchorPoint="0" LAnchorOffset="0" TAnchorPoint="0" TAnchorOffset="0" RAnchorPoint="1" RAnchorOffset="0" BAnchorPoint="1" BAnchorOffset="0" RelativeToClient="1" Font="Default" Text="" Template="Default" TooltipType="OnCursor" Name="DocWindow" BGColor="ffffffff" TextColor="ffffffff" TooltipColor="" BottomEdgeControlsAnchor="" Tooltip="" HideInEditor="0" Visible="1"/>
    </Form>
    <Form Class="Window" LAnchorPoint="0" LAnchorOffset="0" TAnchorPoint="0" TAnchorOffset="0" RAnchorPoint="1" RAnchorOffset="0" BAnchorPoint="0" BAnchorOffset="22" RelativeToClient="1" Font="Default" Text="" Template="Default" TooltipType="OnCursor" Name="UnitTooltip_Cash" Border="0" Picture="0" SwallowMouseClicks="1" Moveable="0" Escapable="0" Overlapped="0" BGColor="ffaaaaaa" TextColor="ffffffff" TooltipColor="" Tooltip="" Sprite="WhiteFill">
        <Control Class="CashWindow" LAnchorPoint="0" LAnchorOffset="4" TAnchorPoint="0" TAnchorOffset="0" RAnchorPoint="1" RAnchorOffset="0" BAnchorPoint="1" BAnchorOffset="0" RelativeToClient="1" Font="CRB_InterfaceSmall" Text="" Template="Default" TooltipType="OnCursor" Name="CashWindow" BGColor="ffffffff" TextColor="ffffffff" TooltipColor="" Picture="0" IgnoreMouse="1" Sprite="" SkipZeroes="1"/>
    </Form>
    <Form Class="Window" LAnchorPoint="0" LAnchorOffset="0" TAnchorPoint="0" TAnchorOffset="0" RAnchorPoint="1" RAnchorOffset="0" BAnchorPoint="0" BAnchorOffset="22" RelativeToClient="1" Font="Default" Text="" Template="Default" TooltipType="OnCursor" Name="UnitTooltip_PinataLoot" Border="0" Picture="0" SwallowMouseClicks="1" Moveable="0" Escapable="0" Overlapped="0" BGColor="ffaaaaaa" TextColor="ffffffff" TooltipColor="" Tooltip="" Sprite="WhiteFill">
        <Control Class="MLWindow" LAnchorPoint="0" LAnchorOffset="4" TAnchorPoint="0" TAnchorOffset="1" RAnchorPoint="1" RAnchorOffset="0" BAnchorPoint="0" BAnchorOffset="22" RelativeToClient="1" Font="CRB_InterfaceMedium" Text="" Template="Default" TooltipType="OnCursor" Name="TextWindow" BGColor="ffffffff" TextColor="ffffffff" TooltipColor="" Picture="0" IgnoreMouse="1" Sprite="" SkipZeroes="1" TextId="OK" DT_WORDBREAK="1"/>
    </Form>
</Forms>
