<Forms>
    <Form Class="Window" LAnchorPoint="0" LAnchorOffset="62" TAnchorPoint="0" TAnchorOffset="49" RAnchorPoint="0" RAnchorOffset="762" BAnchorPoint="0" BAnchorOffset="799" RelativeToClient="1" Font="Default" Text="" Template="Default" Name="KeybindForm" Border="0" Picture="0" SwallowMouseClicks="1" Moveable="1" Escapable="1" Overlapped="1" BGColor="ffffffff" TextColor="ffffffff" TooltipColor="" Tooltip="" TextId="">
        <Control Class="Window" LAnchorPoint="0" LAnchorOffset="0" TAnchorPoint="0" TAnchorOffset="0" RAnchorPoint="1" RAnchorOffset="0" BAnchorPoint="1" BAnchorOffset="0" RelativeToClient="1" Font="Default" Text="" Template="Default" TooltipType="OnCursor" Name="BGArt" BGColor="ffffffff" TextColor="ffffffff" TooltipColor="">
            <Control Class="Window" LAnchorPoint="0" LAnchorOffset="38" TAnchorPoint="0" TAnchorOffset="24" RAnchorPoint="1" RAnchorOffset="-38" BAnchorPoint="1" BAnchorOffset="-27" RelativeToClient="1" Font="Default" Text="" Template="Default" TooltipType="OnCursor" Name="BGArt_Base" BGColor="ffffffff" TextColor="ffffffff" TooltipColor="" Picture="1" IgnoreMouse="1" Sprite="CRB_Basekit:kitBase_HoloTeal_NoBorder"/>
            <Control Class="Window" LAnchorPoint="0" LAnchorOffset="0" TAnchorPoint="0" TAnchorOffset="0" RAnchorPoint="1" RAnchorOffset="0" BAnchorPoint="1" BAnchorOffset="0" RelativeToClient="1" Font="Default" Text="" Template="Default" TooltipType="OnCursor" Name="BGArt_Frame" BGColor="ffffffff" TextColor="ffffffff" TooltipColor="" Picture="1" IgnoreMouse="1" Sprite="CRB_Basekit:kitOuterFrame_MetalGray_Medium" NewControlDepth="1"/>
            <Control Class="Window" LAnchorPoint="0" LAnchorOffset="60" TAnchorPoint="0" TAnchorOffset="109" RAnchorPoint="1" RAnchorOffset="-60" BAnchorPoint="1" BAnchorOffset="-144" RelativeToClient="1" Font="Default" Text="" Template="Default" TooltipType="OnCursor" Name="BG_IntOptions" BGColor="ffffffff" TextColor="ffffffff" TooltipColor="" Picture="1" IgnoreMouse="1" Sprite="CRB_Basekit:kitInnerFrame_Holo_SimpleInset"/>
            <Control Class="Window" LAnchorPoint="0" LAnchorOffset="60" TAnchorPoint="0" TAnchorOffset="69" RAnchorPoint="1" RAnchorOffset="-60" BAnchorPoint="0" BAnchorOffset="105" RelativeToClient="1" Font="Default" Text="" Template="Default" TooltipType="OnCursor" Name="BG_IntOptions1" BGColor="ffffffff" TextColor="ffffffff" TooltipColor="" Picture="1" IgnoreMouse="1" Sprite="CRB_Basekit:kitInnerFrame_Holo_SimpleInset"/>
            <Control Class="Window" LAnchorPoint="0" LAnchorOffset="60" TAnchorPoint="1" TAnchorOffset="-137" RAnchorPoint="1" RAnchorOffset="-60" BAnchorPoint="1" BAnchorOffset="-89" RelativeToClient="1" Font="Default" Text="" Template="Default" TooltipType="OnCursor" Name="BG_IntOptions2" BGColor="ffffffff" TextColor="ffffffff" TooltipColor="" Picture="1" IgnoreMouse="1" Sprite="CRB_Basekit:kitBase_HoloBlue_InsetBorder_Thick"/>
            <Control Class="Window" LAnchorPoint="0" LAnchorOffset="0" TAnchorPoint="0" TAnchorOffset="0" RAnchorPoint="1" RAnchorOffset="0" BAnchorPoint="0" BAnchorOffset="63" RelativeToClient="1" Font="CRB_InterfaceLarge" Text="" Template="Default" TooltipType="OnCursor" Name="KeybindTitle" BGColor="ffffffff" TextColor="UI_TextHoloTitle" TooltipColor="" TextId="CRB_Keybindings" DT_VCENTER="0" DT_BOTTOM="1" DT_CENTER="1"/>
            <Control Class="Window" LAnchorPoint="0" LAnchorOffset="40" TAnchorPoint="1" TAnchorOffset="-78" RAnchorPoint="1" RAnchorOffset="-40" BAnchorPoint="1" BAnchorOffset="-24" RelativeToClient="1" Font="Default" Text="" Template="Default" TooltipType="OnCursor" Name="BGArt_MetalFooter" BGColor="ffffffff" TextColor="ffffffff" TooltipColor="" Picture="1" IgnoreMouse="1" Sprite="CRB_Basekit:kitFooter_MetalGrey_Square"/>
        </Control>
        <Control Class="Window" LAnchorPoint="0" LAnchorOffset="62" TAnchorPoint="0" TAnchorOffset="132" RAnchorPoint="1" RAnchorOffset="-61" BAnchorPoint="1" BAnchorOffset="-147" RelativeToClient="1" Font="Default" Text="" Template="CRB_Scroll_HoloLarge" Name="KeybindList" BGColor="ffffffff" TextColor="ffffffff" VScroll="1" UseTemplateBG="1" Border="1" NewControlDepth="2" TooltipColor=""/>
        <Control Class="Button" Base="CRB_Basekit:kitBtn_Metal_LargeRed" Font="CRB_InterfaceMedium" ButtonType="PushButton" RadioGroup="" LAnchorPoint="1" LAnchorOffset="-179" TAnchorPoint="1" TAnchorOffset="-74" RAnchorPoint="1" RAnchorOffset="-49" BAnchorPoint="1" BAnchorOffset="-26" DT_VCENTER="1" DT_CENTER="1" Name="CancelSetButton" BGColor="ffffffff" TextColor="ffffffff" NewControlDepth="2" WindowSoundTemplate="TogglePhys03" TextId="CRB_Cancel" TooltipColor="" NormalTextColor="UI_BtnTextRedNormal" PressedTextColor="UI_BtnTextRedPressed" FlybyTextColor="UI_BtnTextRedFlyby" PressedFlybyTextColor="UI_BtnTextRedPressedFlyby" DisabledTextColor="UI_BtnTextRedDisabled">
            <Event Name="ButtonSignal" Function="OnCancelBtn"/>
        </Control>
        <Control Class="Button" Base="CRB_Basekit:kitBtn_Metal_LargeGreen" Font="CRB_InterfaceMedium" ButtonType="PushButton" RadioGroup="" LAnchorPoint="1" LAnchorOffset="-309" TAnchorPoint="1" TAnchorOffset="-74" RAnchorPoint="1" RAnchorOffset="-179" BAnchorPoint="1" BAnchorOffset="-26" DT_VCENTER="1" DT_CENTER="1" Name="SaveSetButton" BGColor="ffffffff" TextColor="ffffffff" NewControlDepth="2" WindowSoundTemplate="TogglePhys02" TextId="CRB_Accept" Text="" TooltipColor="" NormalTextColor="UI_BtnTextGreenNormal" PressedTextColor="UI_BtnTextGreenPressed" FlybyTextColor="UI_BtnTextGreenFlyby" PressedFlybyTextColor="UI_BtnTextGreenPressedFlyby" DisabledTextColor="UI_BtnTextGreenDisabled">
            <Event Name="ButtonSignal" Function="OnSaveBtn"/>
        </Control>
        <Control Class="Button" Base="CRB_Basekit:kitBtn_Close" Font="Thick" ButtonType="PushButton" RadioGroup="" LAnchorPoint="1" LAnchorOffset="-37" TAnchorPoint="0" TAnchorOffset="8" RAnchorPoint="1" RAnchorOffset="-5" BAnchorPoint="0" BAnchorOffset="42" DT_VCENTER="1" DT_CENTER="1" Name="CloseButton" BGColor="ffffffff" TextColor="ffffffff" NewControlDepth="2" WindowSoundTemplate="CloseWindowPhys" TooltipColor="" NormalTextColor="ffffffff" PressedTextColor="ffffffff" FlybyTextColor="ffffffff" PressedFlybyTextColor="ffffffff" DisabledTextColor="ffffffff">
            <Event Name="ButtonSignal" Function="OnCancelBtn"/>
        </Control>
        <Control Class="Button" Base="CRB_Basekit:kitBtn_List_HoloArrow" Font="CRB_InterfaceLarge" ButtonType="PushButton" RadioGroup="" LAnchorPoint="0" LAnchorOffset="182" TAnchorPoint="0" TAnchorOffset="72" RAnchorPoint="1" RAnchorOffset="-63" BAnchorPoint="0" BAnchorOffset="103" DT_VCENTER="1" DT_CENTER="1" Name="SetSelection" BGColor="ffffffff" TextColor="ffffffff" Template="" Border="0" NewControlDepth="2" WindowSoundTemplate="SelectTabPhys" TextId="CRB_Test_Set_name" Text="" TooltipColor="" NormalTextColor="UI_BtnTextHoloListNormal" PressedTextColor="UI_BtnTextHoloListPressed" FlybyTextColor="UI_BtnTextHoloListFlyby" PressedFlybyTextColor="UI_BtnTextHoloListPressedFlyby" DisabledTextColor="UI_BtnTextHoloListDisabled">
            <Event Name="ButtonSignal" Function="OnToggleSetSelect"/>
        </Control>
        <Control Class="Button" Base="CRB_Basekit:kitBtn_Holo" Font="CRB_InterfaceMedium" ButtonType="PushButton" RadioGroup="" LAnchorPoint="1" LAnchorOffset="-139" TAnchorPoint="1" TAnchorOffset="-131" RAnchorPoint="1" RAnchorOffset="-64" BAnchorPoint="1" BAnchorOffset="-95" DT_VCENTER="1" DT_CENTER="1" Name="CancelButton" BGColor="ffffffff" TextColor="ffffffff" NoClip="1" Visible="1" HideInEditor="1" NewControlDepth="2" WindowSoundTemplate="PushbuttonDigi02" TextId="CRB_Cancel" TooltipColor="" NormalTextColor="UI_BtnTextHoloNormal" PressedTextColor="UI_BtnTextHoloPressed" FlybyTextColor="UI_BtnTextHoloFlyby" PressedFlybyTextColor="UI_BtnTextHoloPressedFlyby" DisabledTextColor="UI_BtnTextHoloDisabled">
            <Event Name="ButtonSignal" Function="OnCancelBind"/>
        </Control>
        <Control Class="Button" Base="CRB_Basekit:kitBtn_List_HoloSort" Font="CRB_InterfaceSmall" ButtonType="PushButton" RadioGroup="" LAnchorPoint="0" LAnchorOffset="63" TAnchorPoint="0" TAnchorOffset="112" RAnchorPoint="1" RAnchorOffset="-63" BAnchorPoint="0" BAnchorOffset="132" DT_VCENTER="1" DT_CENTER="1" Name="ToggleCategory" BGColor="darkgray" TextColor="ffcdba96" DrawAsCheckbox="0" NewControlDepth="2" WindowSoundTemplate="PushbuttonDigi01" Visible="1" DT_BOTTOM="0" DT_WORDBREAK="0" DT_RIGHT="0" TextId="CRB_Collapse_All" TooltipColor="" NormalTextColor="UI_BtnTextHoloNormal" PressedTextColor="UI_BtnTextHoloPressed" FlybyTextColor="UI_BtnTextHoloFlyby" PressedFlybyTextColor="UI_BtnTextHoloPressedFlyby" DisabledTextColor="UI_BtnTextHoloDisabled" Text="" HideInEditor="0">
            <Event Name="ButtonSignal" Function="OnToggleCategories"/>
        </Control>
        <Control Class="Button" Base="CRB_Basekit:kitBtn_Holo" Font="CRB_InterfaceMedium" ButtonType="PushButton" RadioGroup="" LAnchorPoint="1" LAnchorOffset="-215" TAnchorPoint="1" TAnchorOffset="-131" RAnchorPoint="1" RAnchorOffset="-141" BAnchorPoint="1" BAnchorOffset="-95" DT_VCENTER="1" DT_CENTER="1" Name="UnbindButton" BGColor="ffffffff" TextColor="ffffffff" NoClip="1" HideInEditor="1" NewControlDepth="2" WindowSoundTemplate="PushbuttonDigi01" SwallowMouseClicks="1" TextId="CRB_Unbind" TooltipColor="" NormalTextColor="UI_BtnTextHoloNormal" PressedTextColor="UI_BtnTextHoloPressed" FlybyTextColor="UI_BtnTextHoloFlyby" PressedFlybyTextColor="UI_BtnTextHoloPressedFlyby" DisabledTextColor="UI_BtnTextHoloDisabled">
            <Event Name="ButtonSignal" Function="OnUnbindButton"/>
        </Control>
        <Control Class="Window" LAnchorPoint="0" LAnchorOffset="68" TAnchorPoint="1" TAnchorOffset="-132" RAnchorPoint="1" RAnchorOffset="-216" BAnchorPoint="1" BAnchorOffset="-92" RelativeToClient="1" Font="CRB_InterfaceMedium" Template="Default" Name="FeedbackText" BGColor="ffffffff" TextColor="white" DT_VCENTER="1" NewControlDepth="3" DT_WORDBREAK="1" TextId="CRB_Enter_the_key_you_wish_to_bind_for_A" TooltipColor="" Visible="1"/>
        <Control Class="Button" Base="CRB_Basekit:kitBtn_Holo" Font="CRB_InterfaceLarge" ButtonType="PushButton" RadioGroup="" LAnchorPoint="1" LAnchorOffset="-216" TAnchorPoint="1" TAnchorOffset="-131" RAnchorPoint="1" RAnchorOffset="-141" BAnchorPoint="1" BAnchorOffset="-95" DT_VCENTER="1" DT_CENTER="1" Name="ConfirmBindButton" BGColor="xkcdBrightYellow" TextColor="ffffffff" NoClip="1" NewControlDepth="2" WindowSoundTemplate="PushbuttonDigi02" TextId="CRB_Yes" TooltipColor="" NormalTextColor="UI_BtnTextGreenNormal" PressedTextColor="UI_BtnTextGreenPressed" FlybyTextColor="UI_BtnTextGreenFlyby" PressedFlybyTextColor="UI_BtnTextGreenPressedFlyby" DisabledTextColor="UI_BtnTextGreenDisabled" Visible="0" HideInEditor="0" Text="">
            <Event Name="ButtonSignal" Function="OnConfirmDuplicateBind"/>
        </Control>
        <Control Class="Button" Base="CRB_Basekit:kitBtn_Holo_Red" Font="CRB_InterfaceLarge" ButtonType="PushButton" RadioGroup="" LAnchorPoint="1" LAnchorOffset="-139" TAnchorPoint="1" TAnchorOffset="-131" RAnchorPoint="1" RAnchorOffset="-64" BAnchorPoint="1" BAnchorOffset="-95" DT_VCENTER="1" DT_CENTER="1" Name="CancelBindButton" BGColor="ffffffff" TextColor="ff32fcf6" NoClip="1" NewControlDepth="2" WindowSoundTemplate="PushbuttonDigi03" TextId="No" TooltipColor="" NormalTextColor="UI_BtnTextRedNormal" PressedTextColor="UI_BtnTextRedPressed" FlybyTextColor="UI_BtnTextRedFlyby" PressedFlybyTextColor="UI_BtnTextRedPressedFlyby" DisabledTextColor="UI_BtnTextRedDisabled" Visible="0" HideInEditor="0" Text="">
            <Event Name="ButtonSignal" Function="OnCancelDuplicatelBind"/>
        </Control>
        <Control Class="Window" LAnchorPoint="0" LAnchorOffset="61" TAnchorPoint="0" TAnchorOffset="111" RAnchorPoint="1" RAnchorOffset="-61" BAnchorPoint="1" BAnchorOffset="-145" RelativeToClient="1" Font="Default" Text="" Template="Default" Name="KeybindListBlocker" BGColor="a0000000" TextColor="ffffffff" Picture="1" Sprite="WhiteFill" HideInEditor="0" NewControlDepth="3" TooltipColor=""/>
        <Control Class="Window" LAnchorPoint="1" LAnchorOffset="-59" TAnchorPoint="0" TAnchorOffset="69" RAnchorPoint="1" RAnchorOffset="213" BAnchorPoint="0" BAnchorOffset="154" RelativeToClient="1" Font="Default" Text="" Template="CRB_NormalFramedThin" Name="SetSelectionWindow" BGColor="ffffffff" TextColor="ffffffff" NoClip="1" Border="0" UseTemplateBG="0" HideInEditor="0" NewControlDepth="4" IgnoreMouse="1" Escapable="1" TooltipColor="" Picture="1" Sprite="CRB_Basekit:kitBase_HoloTeal_NoBorder">
            <Control Class="Button" Base="CRB_Basekit:kitBtn_List_Holo" Font="CRB_InterfaceMedium" ButtonType="Check" RadioGroup="ShortcutSet" LAnchorPoint="0" LAnchorOffset="5" TAnchorPoint="0" TAnchorOffset="5" RAnchorPoint="1" RAnchorOffset="-5" BAnchorPoint="0" BAnchorOffset="42" DT_VCENTER="1" DT_CENTER="0" Name="AccountCustom" BGColor="ffffffff" TextColor="ffffffff" NewControlDepth="2" GlobalRadioGroup="" WindowSoundTemplate="TogglePhys01" RadioDisallowNonSelection="1" TextId="CRB___Custom_Shortcut_Set__Account" TooltipColor="" NormalTextColor="UI_BtnTextHoloListNormal" PressedTextColor="UI_BtnTextHoloListPressed" FlybyTextColor="UI_BtnTextHoloListFlyby" PressedFlybyTextColor="UI_BtnTextHoloListPressedFlyby" DisabledTextColor="UI_BtnTextHoloListDisabled" Hotkey="9">
                <Event Name="ButtonSignal" Function="OnSetSelected"/>
                <Event Name="ButtonCheck" Function="OnSetSelected"/>
            </Control>
            <Control Class="Button" Base="CRB_Basekit:kitBtn_List_Holo" Font="CRB_InterfaceMedium" ButtonType="Check" RadioGroup="ShortcutSet" LAnchorPoint="0" LAnchorOffset="5" TAnchorPoint="0" TAnchorOffset="42" RAnchorPoint="1" RAnchorOffset="-5" BAnchorPoint="0" BAnchorOffset="79" DT_VCENTER="1" DT_CENTER="0" Name="CharacterCustom" BGColor="ffffffff" TextColor="ffffffff" NewControlDepth="2" GlobalRadioGroup="" WindowSoundTemplate="TogglePhys01" RadioDisallowNonSelection="1" TextId="CRB___Custom_Shortcut_Set__Character" TooltipColor="" NormalTextColor="UI_BtnTextHoloListNormal" PressedTextColor="UI_BtnTextHoloListPressed" FlybyTextColor="UI_BtnTextHoloListFlyby" PressedFlybyTextColor="UI_BtnTextHoloListPressedFlyby" DisabledTextColor="UI_BtnTextHoloListDisabled">
                <Event Name="ButtonSignal" Function="OnSetSelected"/>
                <Event Name="ButtonCheck" Function="OnSetSelected"/>
            </Control>
            <Event Name="WindowClosed" Function="OnEscapeSetSelect"/>
            <Control Class="Window" LAnchorPoint="0" LAnchorOffset="-6" TAnchorPoint="0" TAnchorOffset="-7" RAnchorPoint="1" RAnchorOffset="6" BAnchorPoint="1" BAnchorOffset="4" RelativeToClient="1" Font="Default" Text="" Template="Default" TooltipType="OnCursor" Name="SelectionFrameOuter" BGColor="ffffffff" TextColor="ffffffff" TooltipColor="" Picture="1" IgnoreMouse="1" Sprite="CRB_Basekit:kitInnerFrame_MetalGold_Small" NoClip="1"/>
        </Control>
        <Control Class="Button" Base="CRB_Basekit:kitBtn_Metal_MediumBlue" Font="CRB_InterfaceSmall" ButtonType="PushButton" RadioGroup="" LAnchorPoint="0" LAnchorOffset="48" TAnchorPoint="1" TAnchorOffset="-72" RAnchorPoint="0" RAnchorOffset="178" BAnchorPoint="1" BAnchorOffset="-31" DT_VCENTER="1" DT_CENTER="1" Name="RestoreDefaults" BGColor="ffffffff" TextColor="ffcdba96" DrawAsCheckbox="0" NewControlDepth="2" WindowSoundTemplate="PushbuttonDigi01" Visible="1" DT_BOTTOM="0" DT_WORDBREAK="0" DT_RIGHT="0" TextId="CRB_Restore_Defaults" TooltipColor="" NormalTextColor="UI_BtnTextBlueNormal" PressedTextColor="UI_BtnTextBluePressed" FlybyTextColor="UI_BtnTextBlueFlyby" PressedFlybyTextColor="UI_BtnTextBluePressedFlyby" DisabledTextColor="UI_BtnTextBlueDisabled" Text="">
            <Event Name="ButtonSignal" Function="OnRestoreDefaults"/>
        </Control>
        <Control Class="Window" LAnchorPoint="0" LAnchorOffset="111" TAnchorPoint="0" TAnchorOffset="168" RAnchorPoint="1" RAnchorOffset="-119" BAnchorPoint="0" BAnchorOffset="606" RelativeToClient="1" Font="Default" Text="" Template="CRB_NormalFramedThin" Name="CopySetForm" BGColor="ffffffff" TextColor="ffffffff" Border="1" UseTemplateBG="1" HideInEditor="1" NewControlDepth="4" IgnoreMouse="1" Escapable="1" TooltipColor="" Visible="0">
            <Control Class="Window" LAnchorPoint="0" LAnchorOffset="0" TAnchorPoint="0" TAnchorOffset="0" RAnchorPoint="1" RAnchorOffset="0" BAnchorPoint="0" BAnchorOffset="35" RelativeToClient="1" Font="Default" Text="" Template="Default" Name="CopyHeaderUnderlay" BGColor="ffffffff" TextColor="ffffffff" Picture="1" Sprite="CRB_UIKitSprites:spr_innerframePLAIN" TooltipColor=""/>
            <Control Class="Window" LAnchorPoint="0" LAnchorOffset="2" TAnchorPoint="0" TAnchorOffset="35" RAnchorPoint="1" RAnchorOffset="-2" BAnchorPoint="0" BAnchorOffset="367" RelativeToClient="1" Font="Default" Text="" Template="CRB_Normal" Name="CopySetList" BGColor="ffffffff" TextColor="ffffffff" Border="1" VScroll="1" UseTemplateBG="1" NewControlDepth="2" TooltipColor=""/>
            <Control Class="Window" LAnchorPoint="0" LAnchorOffset="0" TAnchorPoint="0" TAnchorOffset="369" RAnchorPoint="1" RAnchorOffset="0" BAnchorPoint="0" BAnchorOffset="427" RelativeToClient="1" Font="Default" Text="" Template="Default" Name="CopyButtonUnderlay" BGColor="ffffffff" TextColor="ffffffff" Picture="1" Sprite="CRB_UIKitSprites:spr_innerframePLAIN" TooltipColor=""/>
            <Control Class="Button" Base="CRB_UIKitSprites:btn_square_LARGE_Green" Font="CRB_InterfaceMedium" ButtonType="PushButton" RadioGroup="" LAnchorPoint="0" LAnchorOffset="67" TAnchorPoint="0" TAnchorOffset="383" RAnchorPoint="0" RAnchorOffset="179" BAnchorPoint="0" BAnchorOffset="423" DT_VCENTER="1" DT_CENTER="1" Name="SaveCopySetButton" BGColor="ffffffff" TextColor="ffffffff" NewControlDepth="2" WindowSoundTemplate="TogglePhys01" TextId="CRB_Copy" TooltipColor="" NormalTextColor="ffffffff" PressedTextColor="ffffffff" FlybyTextColor="ffffffff" PressedFlybyTextColor="ffffffff" DisabledTextColor="ffffffff">
                <Event Name="ButtonSignal" Function="OnSaveCopyBtn"/>
            </Control>
            <Control Class="Button" Base="CRB_UIKitSprites:btn_square_LARGE_Red" Font="CRB_InterfaceMedium" ButtonType="PushButton" RadioGroup="" LAnchorPoint="0" LAnchorOffset="183" TAnchorPoint="0" TAnchorOffset="383" RAnchorPoint="0" RAnchorOffset="295" BAnchorPoint="0" BAnchorOffset="423" DT_VCENTER="1" DT_CENTER="1" Name="CancelCopySetButton" BGColor="ffffffff" TextColor="ffffffff" NewControlDepth="2" WindowSoundTemplate="TogglePhys01" TextId="CRB_Cancel" TooltipColor="" NormalTextColor="ffffffff" PressedTextColor="ffffffff" FlybyTextColor="ffffffff" PressedFlybyTextColor="ffffffff" DisabledTextColor="ffffffff">
                <Event Name="ButtonSignal" Function="OnCancelCopyBtn"/>
            </Control>
            <Control Class="Window" LAnchorPoint="0" LAnchorOffset="10" TAnchorPoint="0" TAnchorOffset="7" RAnchorPoint="1" RAnchorOffset="-8" BAnchorPoint="0" BAnchorOffset="30" RelativeToClient="1" Font="CRB_InterfaceMedium" Template="Default" Name="CopySetText" BGColor="ffffffff" TextColor="ffcdba96" NewControlDepth="2" TextId="CRB_Select_the_Shortcut_Set_youd_like_to" TooltipColor=""/>
            <Event Name="WindowClosed" Function="OnCancelCopyBtn"/>
        </Control>
        <Control Class="Window" LAnchorPoint="0" LAnchorOffset="111" TAnchorPoint="0" TAnchorOffset="304" RAnchorPoint="1" RAnchorOffset="-119" BAnchorPoint="0" BAnchorOffset="452" RelativeToClient="1" Font="Default" Text="" Template="CRB_NormalFramedThin" Name="YesNoForm" BGColor="ffffffff" TextColor="ffffffff" Border="0" UseTemplateBG="0" HideInEditor="1" NewControlDepth="4" IgnoreMouse="1" Escapable="1" TooltipColor="" Picture="1" Sprite="CRB_Basekit:kitBase_HoloBlue_SmallGreenCorners" Tooltip="">
            <Control Class="Window" LAnchorPoint="0" LAnchorOffset="0" TAnchorPoint="0" TAnchorOffset="0" RAnchorPoint="1" RAnchorOffset="0" BAnchorPoint="1" BAnchorOffset="0" RelativeToClient="1" Font="Default" Text="" Template="Default" Name="ConfirmHeaderUnderlay" BGColor="ffffffff" TextColor="ffffffff" Picture="1" Sprite="CRB_Basekit:kitBase_HoloBlue_SmallGreenCorners" TooltipColor="" IgnoreMouse="1"/>
            <Control Class="Window" LAnchorPoint="0" LAnchorOffset="14" TAnchorPoint="0" TAnchorOffset="8" RAnchorPoint="1" RAnchorOffset="-14" BAnchorPoint="0" BAnchorOffset="75" RelativeToClient="1" Font="CRB_InterfaceMedium" Template="Default" Name="QuestionText" BGColor="ffffffff" TextColor="white" DT_WORDBREAK="1" DT_VCENTER="1" NewControlDepth="2" TextId="CRB_This_will_replace_all_keybinds" IgnoreMouse="1" Escapable="0" TooltipColor="" Text=""/>
            <Event Name="WindowClosed" Function="OnEscapeYesNoDialog"/>
            <Control Class="Button" Base="CRB_Basekit:kitBtn_Holo" Font="CRB_InterfaceLarge" ButtonType="PushButton" RadioGroup="" LAnchorPoint=".5" LAnchorOffset="-114" TAnchorPoint="1" TAnchorOffset="-51" RAnchorPoint=".5" RAnchorOffset="-2" BAnchorPoint="1" BAnchorOffset="-15" DT_VCENTER="1" DT_CENTER="1" Name="YesButton" BGColor="xkcdBrightYellow" TextColor="ffffffff" NoClip="1" NewControlDepth="10" WindowSoundTemplate="PushbuttonDigi02" TextId="CRB_Yes" TooltipColor="" NormalTextColor="UI_BtnTextGreenNormal" PressedTextColor="UI_BtnTextGreenPressed" FlybyTextColor="UI_BtnTextGreenFlyby" PressedFlybyTextColor="UI_BtnTextGreenPressedFlyby" DisabledTextColor="UI_BtnTextGreenDisabled" Visible="1" HideInEditor="0" Text="">
                <Event Name="ButtonSignal" Function="OnYesNoFormYes"/>
            </Control>
            <Control Class="Button" Base="CRB_Basekit:kitBtn_Holo_Red" Font="CRB_InterfaceLarge" ButtonType="PushButton" RadioGroup="" LAnchorPoint=".5" LAnchorOffset="2" TAnchorPoint="1" TAnchorOffset="-51" RAnchorPoint=".5" RAnchorOffset="114" BAnchorPoint="1" BAnchorOffset="-15" DT_VCENTER="1" DT_CENTER="1" Name="NoButton" BGColor="ffffffff" TextColor="ff32fcf6" NoClip="1" NewControlDepth="10" WindowSoundTemplate="PushbuttonDigi03" TextId="No" TooltipColor="" NormalTextColor="UI_BtnTextRedNormal" PressedTextColor="UI_BtnTextRedPressed" FlybyTextColor="UI_BtnTextRedFlyby" PressedFlybyTextColor="UI_BtnTextRedPressedFlyby" DisabledTextColor="UI_BtnTextRedDisabled" Visible="1" HideInEditor="0" Text="">
                <Event Name="ButtonSignal" Function="OnYesNoFormNo"/>
            </Control>
        </Control>
        <Event Name="MouseWheel" Function="OnMouseWheel"/>
        <Control Class="Window" LAnchorPoint="0" LAnchorOffset="40" TAnchorPoint="0" TAnchorOffset="135" RAnchorPoint="0" RAnchorOffset="188" BAnchorPoint="0" BAnchorOffset="256" RelativeToClient="1" Font="Default" Text="" Template="HologramControl1" Name="SelectModifier" BGColor="xkcdDarkBlueGrey" TextColor="ffffffff" NoClip="1" Border="1" UseTemplateBG="1" HideInEditor="1" NewControlDepth="4" IgnoreMouse="1" Escapable="1" TooltipColor="" NewWindowDepth="1" Visible="0" UseRadialClipping="0" DoNotBlockTooltip="0" Overlapped="0" Picture="1" Sprite="ClientSprites:WhiteFill">
            <Control Class="Button" Base="CRB_Basekit:kitBtn_List_Holo" Font="CRB_InterfaceMedium" ButtonType="Check" RadioGroup="ModifierKey" LAnchorPoint="0" LAnchorOffset="7" TAnchorPoint="0" TAnchorOffset="7" RAnchorPoint="1" RAnchorOffset="-7" BAnchorPoint="0" BAnchorOffset="42" DT_VCENTER="1" DT_CENTER="1" Name="Shift" BGColor="ffffffff" TextColor="ffffffff" NewControlDepth="2" GlobalRadioGroup="" WindowSoundTemplate="TogglePhys01" RadioDisallowNonSelection="1" TextId="InputAction_Shift" TooltipColor="" NormalTextColor="ffffffff" PressedTextColor="ffffffff" FlybyTextColor="ffffffff" PressedFlybyTextColor="ffffffff" DisabledTextColor="ffffffff" Hotkey="" Text="" Overlapped="1" RelativeToClient="0" NoClip="0" NewWindowDepth="0" ContentId="42" Template="CRB_NormalFramedThin">
                <Event Name="ButtonSignal" Function="OnModifierSelected"/>
                <Event Name="ButtonCheck" Function="OnModifierSelected"/>
            </Control>
            <Control Class="Button" Base="CRB_Basekit:kitBtn_List_Holo" Font="CRB_InterfaceMedium" ButtonType="Check" RadioGroup="ModifierKey" LAnchorPoint="0" LAnchorOffset="7" TAnchorPoint="0" TAnchorOffset="43" RAnchorPoint="1" RAnchorOffset="-7" BAnchorPoint="0" BAnchorOffset="78" DT_VCENTER="1" DT_CENTER="1" Name="Ctrl" BGColor="ffffffff" TextColor="ffffffff" NewControlDepth="2" GlobalRadioGroup="" WindowSoundTemplate="TogglePhys01" RadioDisallowNonSelection="1" TextId="Keybinding_CtrlMod" TooltipColor="" NormalTextColor="ffffffff" PressedTextColor="ffffffff" FlybyTextColor="ffffffff" PressedFlybyTextColor="ffffffff" DisabledTextColor="ffffffff" Text="" Overlapped="1" RelativeToClient="0" NoClip="0" NewWindowDepth="0" ContentId="29">
                <Event Name="ButtonSignal" Function="OnModifierSelected"/>
                <Event Name="ButtonCheck" Function="OnModifierSelected"/>
            </Control>
            <Control Class="Button" Base="CRB_Basekit:kitBtn_List_Holo" Font="CRB_InterfaceMedium" ButtonType="Check" RadioGroup="ModifierKey" LAnchorPoint="0" LAnchorOffset="7" TAnchorPoint="0" TAnchorOffset="79" RAnchorPoint="1" RAnchorOffset="-7" BAnchorPoint="0" BAnchorOffset="114" DT_VCENTER="1" DT_CENTER="1" Name="Alt" BGColor="ffffffff" TextColor="ffffffff" NewControlDepth="2" GlobalRadioGroup="" WindowSoundTemplate="TogglePhys01" RadioDisallowNonSelection="1" TextId="Keybinding_AltMod" TooltipColor="" NormalTextColor="ffffffff" PressedTextColor="ffffffff" FlybyTextColor="ffffffff" PressedFlybyTextColor="ffffffff" DisabledTextColor="ffffffff" Hotkey="" Text="" Overlapped="1" RelativeToClient="0" NoClip="0" NewWindowDepth="0" ContentId="56">
                <Event Name="ButtonSignal" Function="OnModifierSelected"/>
                <Event Name="ButtonCheck" Function="OnModifierSelected"/>
            </Control>
        </Control>
        <Control Class="Window" LAnchorPoint="0" LAnchorOffset="111" TAnchorPoint="0" TAnchorOffset="304" RAnchorPoint="1" RAnchorOffset="-119" BAnchorPoint="0" BAnchorOffset="452" RelativeToClient="1" Font="Default" Text="" Template="CRB_NormalFramedThin" Name="OkForm" BGColor="ffffffff" TextColor="ffffffff" Border="0" UseTemplateBG="0" HideInEditor="0" NewControlDepth="4" IgnoreMouse="1" Escapable="1" TooltipColor="" Sprite="CRB_Basekit:kitBase_HoloBlue_SmallGreenCorners" Picture="1">
            <Control Class="Window" LAnchorPoint="0" LAnchorOffset="0" TAnchorPoint="0" TAnchorOffset="0" RAnchorPoint="1" RAnchorOffset="0" BAnchorPoint="1" BAnchorOffset="0" RelativeToClient="1" Font="Default" Text="" Template="Default" Name="ConfirmHeaderUnderlay" BGColor="ffffffff" TextColor="ffffffff" Picture="1" Sprite="CRB_Basekit:kitBase_HoloBlue_SmallGreenCorners" TooltipColor="" IgnoreMouse="1"/>
            <Control Class="Window" LAnchorPoint="0" LAnchorOffset="14" TAnchorPoint="0" TAnchorOffset="12" RAnchorPoint="1" RAnchorOffset="-14" BAnchorPoint="0" BAnchorOffset="79" RelativeToClient="1" Font="CRB_InterfaceMedium" Template="Default" Name="MessageText" BGColor="ffffffff" TextColor="white" DT_WORDBREAK="1" DT_VCENTER="1" NewControlDepth="2" TextId="CRB_Message" IgnoreMouse="1" Escapable="0" TooltipColor="" Text="" DT_CENTER="1"/>
            <Event Name="WindowClosed" Function="OnEscapeYesNoDialog"/>
            <Control Class="Button" Base="CRB_Basekit:kitBtn_Holo" Font="CRB_InterfaceLarge" ButtonType="PushButton" RadioGroup="" LAnchorPoint=".5" LAnchorOffset="-114" TAnchorPoint="1" TAnchorOffset="-51" RAnchorPoint=".5" RAnchorOffset="114" BAnchorPoint="1" BAnchorOffset="-15" DT_VCENTER="1" DT_CENTER="1" Name="OkButton" BGColor="xkcdBrightYellow" TextColor="ffffffff" NoClip="1" NewControlDepth="10" WindowSoundTemplate="PushbuttonDigi02" TextId="CRB_Okay" TooltipColor="" NormalTextColor="UI_BtnTextGreenNormal" PressedTextColor="UI_BtnTextGreenPressed" FlybyTextColor="UI_BtnTextGreenFlyby" PressedFlybyTextColor="UI_BtnTextGreenPressedFlyby" DisabledTextColor="UI_BtnTextGreenDisabled" Visible="1" HideInEditor="0" Text="">
                <Event Name="ButtonSignal" Function="OnOkFormOk"/>
            </Control>
        </Control>
        <Control Class="Window" LAnchorPoint="0" LAnchorOffset="68" TAnchorPoint="0" TAnchorOffset="73" RAnchorPoint="0" RAnchorOffset="191" BAnchorPoint="0" BAnchorOffset="103" RelativeToClient="1" Font="CRB_InterfaceMedium" Template="Default" Name="BG_SetChoiceLabel" BGColor="ffffffff" TextColor="UI_TextHoloBodyHighlight" DT_VCENTER="1" TextId="CRB_Use_Shortcut_Set" TooltipColor="" HideInEditor="0"/>
        <Control Class="Button" Base="CRB_Basekit:kitBtn_Holo_Red" Font="CRB_InterfaceLarge" ButtonType="PushButton" RadioGroup="" LAnchorPoint="1" LAnchorOffset="-139" TAnchorPoint="1" TAnchorOffset="-131" RAnchorPoint="1" RAnchorOffset="-64" BAnchorPoint="1" BAnchorOffset="-95" DT_VCENTER="1" DT_CENTER="1" Name="UndoBindButton" BGColor="ffffffff" TextColor="ff32fcf6" NoClip="1" NewControlDepth="2" WindowSoundTemplate="PushbuttonDigi03" TextId="CRB_Undo" TooltipColor="" NormalTextColor="UI_BtnTextRedNormal" PressedTextColor="UI_BtnTextRedPressed" FlybyTextColor="UI_BtnTextRedFlyby" PressedFlybyTextColor="UI_BtnTextRedPressedFlyby" DisabledTextColor="UI_BtnTextRedDisabled" Visible="0" HideInEditor="0" Text="">
            <Event Name="ButtonSignal" Function="OnUndoUnbindDuplicate"/>
        </Control>
        <Control Class="Window" LAnchorPoint="0" LAnchorOffset="68" TAnchorPoint="1" TAnchorOffset="-132" RAnchorPoint="1" RAnchorOffset="-216" BAnchorPoint="1" BAnchorOffset="-92" RelativeToClient="1" Font="CRB_InterfaceMedium" Template="Default" Name="DuplicateMsg" BGColor="ffffffff" TextColor="white" DT_VCENTER="1" NewControlDepth="3" DT_WORDBREAK="1" TextId="Keybinding_UnmappedDuplicate" TooltipColor="" Visible="1" Text=""/>
    </Form>
    <Form Class="Window" LAnchorPoint="0" LAnchorOffset="0" TAnchorPoint="0" TAnchorOffset="0" RAnchorPoint="1" RAnchorOffset="0" BAnchorPoint="0" BAnchorOffset="40" RelativeToClient="0" Font="CRB_InterfaceSmall" Text="" Template="Default" Name="KeybindModifierKeyItem" Border="0" Picture="0" SwallowMouseClicks="1" Moveable="0" Escapable="0" Overlapped="1" BGColor="ffffffff" TextColor="ffffffff" TooltipColor="" NoClip="0" Tooltip="">
        <Control Class="Window" LAnchorPoint="0" LAnchorOffset="9" TAnchorPoint="0" TAnchorOffset="0" RAnchorPoint="1" RAnchorOffset="-375" BAnchorPoint="1" BAnchorOffset="0" RelativeToClient="1" Font="CRB_InterfaceSmall" Template="Default" Name="KbList_Text" BGColor="ffffffff" TextColor="ffeffba9" DT_VCENTER="1" TextId="Command_Sprint" TooltipColor="" Text="" Border="0" IgnoreMouse="1" Tooltip="" NoClip="0"/>
        <Control Class="Button" Base="CRB_Basekit:kitBtn_Dropdown_TextBaseHybrid" ButtonType="Check" LAnchorPoint="1" LAnchorOffset="-285" TAnchorPoint="0" TAnchorOffset="1" RAnchorPoint="1" RAnchorOffset="-100" BAnchorPoint="1" BAnchorOffset="1" Name="DropdownButton" BGColor="ffffffff" TextColor="ffffffff" NormalTextColor="UI_TextHoloBody" PressedTextColor="UI_TextHoloBody" FlybyTextColor="UI_TextHoloBody" PressedFlybyTextColor="UI_TextHoloBody" DisabledTextColor="ffffffff" TooltipColor="" Font="CRB_InterfaceMedium_B" Text="" TextId="Keybinding_ShiftMod" DT_CENTER="1" DT_VCENTER="1" Border="0" Template="CRB_Normal" Picture="1" UseTemplateBG="0" HScroll="0" LeftEdgeControlsAnchor="DropdownLeft" RightEdgeControlsAnchor="DropdownRight" Tooltip="" Sprite="">
            <Event Name="ButtonCheck" Function="OnModifierDropdownToggle"/>
            <Event Name="ButtonUncheck" Function="OnModifierDropdownToggle"/>
        </Control>
        <Control Class="Window" LAnchorPoint="DropdownLeft" LAnchorOffset="10" TAnchorPoint="0" TAnchorOffset="41" RAnchorPoint="DropdownRight" RAnchorOffset="-10" BAnchorPoint="0" BAnchorOffset="162" RelativeToClient="1" Font="Default" Text="" Template="CRB_NormalFramedThin" Name="SelectModifier" BGColor="ffffffff" TextColor="ffffffff" NoClip="1" Border="1" UseTemplateBG="1" HideInEditor="0" NewControlDepth="4" IgnoreMouse="1" Escapable="1" TooltipColor="" NewWindowDepth="1" Visible="0" UseRadialClipping="0" DoNotBlockTooltip="0" Overlapped="0">
            <Control Class="Button" Base="CRB_UIKitSprites:btn_listBG" Font="CRB_InterfaceMedium" ButtonType="Check" RadioGroup="ModifierKey" LAnchorPoint="0" LAnchorOffset="7" TAnchorPoint="0" TAnchorOffset="7" RAnchorPoint="1" RAnchorOffset="-7" BAnchorPoint="0" BAnchorOffset="42" DT_VCENTER="1" DT_CENTER="1" Name="Shift" BGColor="ffffffff" TextColor="ffffffff" NewControlDepth="2" GlobalRadioGroup="" WindowSoundTemplate="TogglePhys01" RadioDisallowNonSelection="1" TextId="Keybinding_ShiftMod" TooltipColor="" NormalTextColor="ffffffff" PressedTextColor="ffffffff" FlybyTextColor="ffffffff" PressedFlybyTextColor="ffffffff" DisabledTextColor="ffffffff" Hotkey="9" Text="" Overlapped="1" RelativeToClient="0" NoClip="0" NewWindowDepth="0">
                <Event Name="ButtonSignal" Function="OnModifierSelected"/>
                <Event Name="ButtonCheck" Function="OnModifierSelected"/>
            </Control>
            <Control Class="Button" Base="CRB_UIKitSprites:btn_listBG" Font="CRB_InterfaceMedium" ButtonType="Check" RadioGroup="ModifierKey" LAnchorPoint="0" LAnchorOffset="7" TAnchorPoint="0" TAnchorOffset="43" RAnchorPoint="1" RAnchorOffset="-7" BAnchorPoint="0" BAnchorOffset="78" DT_VCENTER="1" DT_CENTER="1" Name="Ctrl" BGColor="ffffffff" TextColor="ffffffff" NewControlDepth="2" GlobalRadioGroup="" WindowSoundTemplate="TogglePhys01" RadioDisallowNonSelection="1" TextId="Keybinding_CtrlMod" TooltipColor="" NormalTextColor="ffffffff" PressedTextColor="ffffffff" FlybyTextColor="ffffffff" PressedFlybyTextColor="ffffffff" DisabledTextColor="ffffffff" Text="" Overlapped="1" RelativeToClient="0" NoClip="0" NewWindowDepth="0">
                <Event Name="ButtonSignal" Function="OnModifierSelected"/>
                <Event Name="ButtonCheck" Function="OnModifierSelected"/>
            </Control>
            <Event Name="WindowClosed" Function="OnEscapeModifierSelect"/>
            <Control Class="Button" Base="CRB_UIKitSprites:btn_listBG" Font="CRB_InterfaceMedium" ButtonType="Check" RadioGroup="ModifierKey" LAnchorPoint="0" LAnchorOffset="7" TAnchorPoint="0" TAnchorOffset="79" RAnchorPoint="1" RAnchorOffset="-7" BAnchorPoint="0" BAnchorOffset="114" DT_VCENTER="1" DT_CENTER="1" Name="Alt" BGColor="ffffffff" TextColor="ffffffff" NewControlDepth="2" GlobalRadioGroup="" WindowSoundTemplate="TogglePhys01" RadioDisallowNonSelection="1" TextId="Keybinding_AltMod" TooltipColor="" NormalTextColor="ffffffff" PressedTextColor="ffffffff" FlybyTextColor="ffffffff" PressedFlybyTextColor="ffffffff" DisabledTextColor="ffffffff" Hotkey="9" Text="" Overlapped="1" RelativeToClient="0" NoClip="0" NewWindowDepth="0">
                <Event Name="ButtonSignal" Function="OnModifierSelected"/>
                <Event Name="ButtonCheck" Function="OnModifierSelected"/>
            </Control>
        </Control>
    </Form>
    <Form Class="Window" LAnchorPoint="0" LAnchorOffset="0" TAnchorPoint="0" TAnchorOffset="0" RAnchorPoint="1" RAnchorOffset="-20" BAnchorPoint="0" BAnchorOffset="40" RelativeToClient="0" Font="Default" Text="" Template="Default" Name="KeybindListItem" Border="0" Picture="1" SwallowMouseClicks="1" Moveable="0" Escapable="0" Overlapped="0" BGColor="ffffffff" TextColor="ffffffff" TooltipColor="" IgnoreMouse="1" Tooltip="">
        <Control Class="Window" LAnchorPoint="0" LAnchorOffset="9" TAnchorPoint="0" TAnchorOffset="0" RAnchorPoint="1" RAnchorOffset="-375" BAnchorPoint="1" BAnchorOffset="0" RelativeToClient="1" Font="CRB_InterfaceMedium" Template="Default" Name="KbList_Text" BGColor="ffffffff" TextColor="UI_TextHoloBodyHighlight" DT_VCENTER="1" TextId="CRB_Target_Previous_Friendly_Player" TooltipColor=""/>
        <Control Class="Button" Base="CRB_Basekit:kitBtn_List_Holo" Font="CRB_InterfaceSmall" ButtonType="PushButton" RadioGroup="" LAnchorPoint="1" LAnchorOffset="-374" TAnchorPoint="0" TAnchorOffset="3" RAnchorPoint="1" RAnchorOffset="-189" BAnchorPoint="1" BAnchorOffset="-3" DT_VCENTER="1" DT_CENTER="1" Name="BindButton1" BGColor="ffffffff" TextColor="ffffffff" Text="" WindowSoundTemplate="SelectTabPhys" ProcessRightClick="1" TooltipColor="" NormalTextColor="ffffffff" PressedTextColor="ffffffff" FlybyTextColor="ffffffff" PressedFlybyTextColor="ffffffff" DisabledTextColor="ffffffff">
            <Event Name="ButtonSignal" Function="OnBindButton"/>
            <Event Name="WindowKeyDown" Function="OnKeyDown"/>
        </Control>
        <Control Class="Button" Base="CRB_Basekit:kitBtn_List_Holo" Font="CRB_InterfaceSmall" ButtonType="PushButton" RadioGroup="" LAnchorPoint="1" LAnchorOffset="-186" TAnchorPoint="0" TAnchorOffset="3" RAnchorPoint="1" RAnchorOffset="-1" BAnchorPoint="1" BAnchorOffset="-3" DT_VCENTER="1" DT_CENTER="1" Name="BindButton2" BGColor="ffffffff" TextColor="ffffffff" Text="" WindowSoundTemplate="SelectTabPhys" ProcessRightClick="1" TooltipColor="" NormalTextColor="ffffffff" PressedTextColor="ffffffff" FlybyTextColor="ffffffff" PressedFlybyTextColor="ffffffff" DisabledTextColor="ffffffff">
            <Event Name="ButtonSignal" Function="OnBindButton"/>
            <Event Name="WindowKeyDown" Function="OnKeyDown"/>
        </Control>
    </Form>
    <Form Class="Window" LAnchorPoint="0" LAnchorOffset="0" TAnchorPoint="0" TAnchorOffset="0" RAnchorPoint="1" RAnchorOffset="0" BAnchorPoint="0" BAnchorOffset="33" RelativeToClient="1" Font="Default" Text="" Template="Default" Name="CopySetListItem" Border="0" Picture="0" SwallowMouseClicks="1" Moveable="0" Escapable="0" Overlapped="0" BGColor="ffffffff" TextColor="ffffffff" TooltipColor="" Tooltip="">
        <Control Class="Button" Base="CRB_UIKitSprites:btn_listBG" Font="Thick" ButtonType="Check" RadioGroup="" LAnchorPoint="0" LAnchorOffset="0" TAnchorPoint="0" TAnchorOffset="0" RAnchorPoint="1" RAnchorOffset="0" BAnchorPoint="1" BAnchorOffset="0" DT_VCENTER="1" DT_CENTER="1" Name="CopySetButton" BGColor="ffffffff" TextColor="ffffffff" RadioDisallowNonSelection="1" GlobalRadioGroup="CopySet">
            <Event Name="ButtonSignal" Function="OnCopySetSelected"/>
            <Event Name="ButtonCheck" Function="OnCopySetSelected"/>
        </Control>
    </Form>
    <Form Class="Button" LAnchorPoint="0" LAnchorOffset="0" TAnchorPoint="0" TAnchorOffset="0" RAnchorPoint="1" RAnchorOffset="-20" BAnchorPoint="0" BAnchorOffset="38" RelativeToClient="0" Font="CRB_InterfaceLarge" Text="" Template="CRB_Normal" Name="KeybindCategoryItem" Border="0" Picture="1" SwallowMouseClicks="1" Moveable="0" Escapable="0" Overlapped="0" BGColor="ffffffff" TextColor="ffeffba9" TooltipColor="" Tooltip="" NormalTextColor="ffffffff" PressedTextColor="ffffffff" FlybyTextColor="ffffffff" PressedFlybyTextColor="ffffffff" DisabledTextColor="ffffffff" Base="CRB_Basekit:kitBtn_Dropdown_TextBaseHolo3" UseTemplateBG="1" DT_CENTER="1" DT_VCENTER="1">
        <Event Name="ButtonUp" Function="OnCategoryClick"/>
    </Form>
    <Form Class="Window" LAnchorPoint="0" LAnchorOffset="0" TAnchorPoint="0" TAnchorOffset="0" RAnchorPoint="1" RAnchorOffset="-20" BAnchorPoint="0" BAnchorOffset="40" RelativeToClient="0" Font="CRB_InterfaceSmall" Text="" Template="HologramControl1" Name="KeybindModifierOptKeyItem" Border="0" Picture="0" SwallowMouseClicks="1" Moveable="0" Escapable="0" Overlapped="1" BGColor="ffffffff" TextColor="ffffffff" TooltipColor="" NoClip="0" Tooltip="">
        <Control Class="Window" LAnchorPoint="0" LAnchorOffset="9" TAnchorPoint="0" TAnchorOffset="0" RAnchorPoint="1" RAnchorOffset="-375" BAnchorPoint="1" BAnchorOffset="0" RelativeToClient="1" Font="CRB_InterfaceSmall" Template="Default" Name="KbList_Text" BGColor="ffffffff" TextColor="UI_TextHoloBodyHighlight" DT_VCENTER="1" TextId="Command_Sprint" TooltipColor="" Text="" Border="0" IgnoreMouse="1" Tooltip="" NoClip="0"/>
        <Control Class="Button" Base="CRB_Basekit:kitBtn_Dropdown_TextBaseHolo2" ButtonType="Check" LAnchorPoint="1" LAnchorOffset="-375" TAnchorPoint="0" TAnchorOffset="1" RAnchorPoint="1" RAnchorOffset="-189" BAnchorPoint="1" BAnchorOffset="1" Name="DropdownButton" BGColor="ffffffff" TextColor="ffffffff" NormalTextColor="UI_TextHoloBody" PressedTextColor="UI_TextHoloBody" FlybyTextColor="UI_TextHoloBody" PressedFlybyTextColor="UI_TextHoloBody" DisabledTextColor="ffffffff" TooltipColor="" Font="CRB_InterfaceMedium_B" Text="" TextId="Keybinding_ShiftMod" DT_CENTER="1" DT_VCENTER="1" Border="0" Template="CRB_Normal" Picture="1" UseTemplateBG="0" HScroll="0" LeftEdgeControlsAnchor="DropdownLeft" RightEdgeControlsAnchor="DropdownRight" Tooltip="" Sprite="">
            <Event Name="ButtonCheck" Function="OnModifierDropdownToggle"/>
            <Event Name="ButtonUncheck" Function="OnModifierDropdownToggle"/>
        </Control>
        <Control Class="Window" LAnchorPoint="DropdownLeft" LAnchorOffset="5" TAnchorPoint="0" TAnchorOffset="37" RAnchorPoint="DropdownRight" RAnchorOffset="-5" BAnchorPoint="0" BAnchorOffset="158" RelativeToClient="1" Font="Default" Text="" Template="HologramControl2" Name="SelectModifier" BGColor="ffffffff" TextColor="ffffffff" NoClip="1" Border="1" UseTemplateBG="1" HideInEditor="0" NewControlDepth="4" IgnoreMouse="1" Escapable="1" TooltipColor="" NewWindowDepth="1" Visible="0" UseRadialClipping="0" DoNotBlockTooltip="0" Overlapped="0">
            <Control Class="Button" Base="CRB_Basekit:kitBtn_List_Holo" Font="CRB_InterfaceMedium" ButtonType="Check" RadioGroup="ModifierKey" LAnchorPoint="0" LAnchorOffset="7" TAnchorPoint="0" TAnchorOffset="7" RAnchorPoint="1" RAnchorOffset="-7" BAnchorPoint="0" BAnchorOffset="42" DT_VCENTER="1" DT_CENTER="1" Name="Shift" BGColor="ffffffff" TextColor="ffffffff" NewControlDepth="2" GlobalRadioGroup="" WindowSoundTemplate="TogglePhys01" RadioDisallowNonSelection="1" TextId="Keybinding_ShiftMod" TooltipColor="" NormalTextColor="ffffffff" PressedTextColor="ffffffff" FlybyTextColor="ffffffff" PressedFlybyTextColor="ffffffff" DisabledTextColor="ffffffff" Hotkey="9" Text="" Overlapped="1" RelativeToClient="0" NoClip="0" NewWindowDepth="0" Tooltip="">
                <Event Name="ButtonSignal" Function="OnModifierSelected"/>
                <Event Name="ButtonCheck" Function="OnModifierSelected"/>
            </Control>
            <Control Class="Button" Base="CRB_Basekit:kitBtn_List_Holo" Font="CRB_InterfaceMedium" ButtonType="Check" RadioGroup="ModifierKey" LAnchorPoint="0" LAnchorOffset="7" TAnchorPoint="0" TAnchorOffset="44" RAnchorPoint="1" RAnchorOffset="-7" BAnchorPoint="0" BAnchorOffset="79" DT_VCENTER="1" DT_CENTER="1" Name="Ctrl" BGColor="ffffffff" TextColor="ffffffff" NewControlDepth="2" GlobalRadioGroup="" WindowSoundTemplate="TogglePhys01" RadioDisallowNonSelection="1" TextId="Keybinding_CtrlMod" TooltipColor="" NormalTextColor="ffffffff" PressedTextColor="ffffffff" FlybyTextColor="ffffffff" PressedFlybyTextColor="ffffffff" DisabledTextColor="ffffffff" Text="" Overlapped="1" RelativeToClient="0" NoClip="0" NewWindowDepth="0">
                <Event Name="ButtonSignal" Function="OnModifierSelected"/>
                <Event Name="ButtonCheck" Function="OnModifierSelected"/>
            </Control>
            <Event Name="WindowClosed" Function="OnEscapeModifierSelect"/>
            <Control Class="Button" Base="CRB_Basekit:kitBtn_List_Holo" Font="CRB_InterfaceMedium" ButtonType="Check" RadioGroup="ModifierKey" LAnchorPoint="0" LAnchorOffset="7" TAnchorPoint="0" TAnchorOffset="80" RAnchorPoint="1" RAnchorOffset="-7" BAnchorPoint="0" BAnchorOffset="115" DT_VCENTER="1" DT_CENTER="1" Name="Alt" BGColor="ffffffff" TextColor="ffffffff" NewControlDepth="2" GlobalRadioGroup="" WindowSoundTemplate="TogglePhys01" RadioDisallowNonSelection="1" TextId="Keybinding_AltMod" TooltipColor="" NormalTextColor="ffffffff" PressedTextColor="ffffffff" FlybyTextColor="ffffffff" PressedFlybyTextColor="ffffffff" DisabledTextColor="ffffffff" Hotkey="9" Text="" Overlapped="1" RelativeToClient="0" NoClip="0" NewWindowDepth="0">
                <Event Name="ButtonSignal" Function="OnModifierSelected"/>
                <Event Name="ButtonCheck" Function="OnModifierSelected"/>
            </Control>
        </Control>
        <Control Class="Button" Base="CRB_Basekit:kitBtn_List_Holo" Font="CRB_InterfaceSmall" ButtonType="PushButton" RadioGroup="" LAnchorPoint="1" LAnchorOffset="-186" TAnchorPoint="0" TAnchorOffset="3" RAnchorPoint="1" RAnchorOffset="-1" BAnchorPoint="1" BAnchorOffset="-3" DT_VCENTER="1" DT_CENTER="1" Name="BindButton1" BGColor="ffffffff" TextColor="ffffffff" Text="" WindowSoundTemplate="SelectTabPhys" ProcessRightClick="1" TooltipColor="" NormalTextColor="ffffffff" PressedTextColor="ffffffff" FlybyTextColor="ffffffff" PressedFlybyTextColor="ffffffff" DisabledTextColor="ffffffff">
            <Event Name="ButtonSignal" Function="OnBindButton"/>
            <Event Name="WindowKeyDown" Function="OnKeyDown"/>
        </Control>
    </Form>
</Forms>
