<Forms>
    <Form Class="Window" LAnchorPoint="0" LAnchorOffset="-2" TAnchorPoint="0" TAnchorOffset="1" RAnchorPoint="0" RAnchorOffset="800" BAnchorPoint="0" BAnchorOffset="633" RelativeToClient="1" Font="Default" Text="" Template="Default" Name="AchievementsForm" Overlapped="1" BGColor="ffffffff" TextColor="ffffffff" TextId="" IgnoreMouse="1" Sprite="CRB_Basekit:kitBase_MetalGrey_Medium" Picture="1" Escapable="0" Tooltip="" TooltipColor="">
        <Control Class="Window" LAnchorPoint="0" LAnchorOffset="0" TAnchorPoint="0" TAnchorOffset="0" RAnchorPoint="0" RAnchorOffset="324" BAnchorPoint="1" BAnchorOffset="0" RelativeToClient="1" Font="Default" Text="" Template="Default" Name="BGLeft" BGColor="ffffffff" TextColor="ffffffff" Picture="1" IgnoreMouse="1" Sprite="" TooltipColor="" HideInEditor="0" Tooltip="">
            <Control Class="Window" LAnchorPoint="0" LAnchorOffset="0" TAnchorPoint="0" TAnchorOffset="1" RAnchorPoint="1" RAnchorOffset="0" BAnchorPoint="1" BAnchorOffset="1" RelativeToClient="1" Font="Default" Text="" Template="Default" Name="BGLeftBase" BGColor="ffffffff" TextColor="ffffffff" Sprite="CRB_Basekit:kitBase_MetalGrey_Large" Picture="1" IgnoreMouse="1" TooltipColor=""/>
            <Control Class="Window" LAnchorPoint="0" LAnchorOffset="0" TAnchorPoint="0" TAnchorOffset="118" RAnchorPoint="1" RAnchorOffset="0" BAnchorPoint="1" BAnchorOffset="0" RelativeToClient="1" Font="Default" Text="" Template="Metal_ScrollList" Name="LeftScroll" BGColor="ffffffff" TextColor="ffffffff" VScroll="1" IgnoreMouse="1" TooltipColor=""/>
            <Control Class="Window" LAnchorPoint="0" LAnchorOffset="-1" TAnchorPoint="0" TAnchorOffset="116" RAnchorPoint="0" RAnchorOffset="305" BAnchorPoint="0" BAnchorOffset="132" RelativeToClient="1" Font="Default" Text="" Template="Default" TooltipType="OnCursor" Name="GradientShadow" BGColor="ffffffff" TextColor="ffffffff" TooltipColor="" Sprite="BK3:UI_BK3_GradientShade" Picture="1" IgnoreMouse="1" Border="0" UseTemplateBG="0" NewControlDepth="5" Sizable="0" Moveable="0" HideInEditor="0"/>
            <Control Class="Window" LAnchorPoint="0" LAnchorOffset="0" TAnchorPoint="0" TAnchorOffset="-3" RAnchorPoint="1" RAnchorOffset="2" BAnchorPoint="0" BAnchorOffset="119" RelativeToClient="1" Font="CRB_InterfaceMedium_B" Text="" Template="Default" Name="HeaderPointsDivider" BGColor="ffffffff" TextColor="ff7fffb9" Sprite="BK3:UI_BK3_Metal_Inset_Block2" Picture="1" IgnoreMouse="1" TextId="" DT_CENTER="1" DT_VCENTER="1" TooltipColor=""/>
            <Control Class="Window" LAnchorPoint="0" LAnchorOffset="211" TAnchorPoint="0" TAnchorOffset="10" RAnchorPoint="0" RAnchorOffset="310" BAnchorPoint="0" BAnchorOffset="105" RelativeToClient="1" Font="Default" Text="" Template="Default" TooltipType="OnCursor" Name="PointFraming" BGColor="ffffffff" TextColor="ffffffff" TooltipColor="" Sprite="BK3:UI_BK3_Metal_Inset_SharpCorner" Picture="1" IgnoreMouse="1" NewControlDepth="1"/>
            <Control Class="Window" LAnchorPoint="0" LAnchorOffset="213" TAnchorPoint="0" TAnchorOffset="17" RAnchorPoint="1" RAnchorOffset="-16" BAnchorPoint="0" BAnchorOffset="61" RelativeToClient="1" Font="CRB_Header24" Text="" Template="Default" Name="HeaderPointsNumber" BGColor="ffffffff" TextColor="UI_BtnTextGreenNormal" Sprite="" Picture="0" IgnoreMouse="1" TextId="Challenges_NoProgress" DT_CENTER="1" DT_VCENTER="1" TooltipColor="" Visible="1" HideInEditor="0" DT_WORDBREAK="1"/>
            <Control Class="Window" LAnchorPoint="0" LAnchorOffset="213" TAnchorPoint="0" TAnchorOffset="50" RAnchorPoint="1" RAnchorOffset="-18" BAnchorPoint="0" BAnchorOffset="98" RelativeToClient="1" Font="CRB_InterfaceMedium" Text="Achievement Points" Template="Default" Name="HeaderPoints" BGColor="ffffffff" TextColor="UI_BtnTextGrayListNormal" Sprite="" Picture="0" IgnoreMouse="1" TextId="" DT_CENTER="1" DT_VCENTER="1" TooltipColor="" Visible="1" HideInEditor="0" DT_WORDBREAK="1"/>
            <Control Class="Button" Base="BK3:btnMetal_Radio_Small" Font="CRB_InterfaceTiny_BB" ButtonType="Check" RadioGroup="TabAchievement" LAnchorPoint="0" LAnchorOffset="30" TAnchorPoint="0" TAnchorOffset="79" RAnchorPoint=".5" RAnchorOffset="-61" BAnchorPoint="0" BAnchorOffset="103" DT_VCENTER="1" DT_CENTER="0" TooltipType="OnCursor" Name="BtnTabPlayer" BGColor="ffffffff" TextColor="UI_TextHoloTitle" TooltipColor="" NormalTextColor="UI_BtnTextGrayListNormal" PressedTextColor="white" FlybyTextColor="white" PressedFlybyTextColor="white" DisabledTextColor="white" Text="" TextId="Achievement_Player" GlobalRadioGroup="" TestAlpha="0" RadioDisallowNonSelection="1" DrawAsCheckbox="1" CheckboxRight="0">
                <Event Name="ButtonCheck" Function="OnTabPlayerBtn"/>
            </Control>
            <Control Class="Button" Base="BK3:btnMetal_Radio_Small" Font="CRB_InterfaceTiny_BB" ButtonType="Check" RadioGroup="TabAchievement" LAnchorPoint=".5" LAnchorOffset="-48" TAnchorPoint="0" TAnchorOffset="79" RAnchorPoint="1" RAnchorOffset="-151" BAnchorPoint="0" BAnchorOffset="103" DT_VCENTER="1" DT_CENTER="0" TooltipType="OnCursor" Name="BtnTabGuild" BGColor="ffffffff" TextColor="UI_TextHoloTitle" TooltipColor="" NormalTextColor="UI_BtnTextGrayListNormal" PressedTextColor="UI_BtnTextGoldListPressedFlyby" FlybyTextColor="UI_BtnTextGoldListFlyby" PressedFlybyTextColor="UI_BtnTextGoldListPressedFlyby" DisabledTextColor="UI_BtnTextGoldListDisabled" Text="" TextId="Guild_Sender" GlobalRadioGroup="" TestAlpha="0" RadioDisallowNonSelection="1" DrawAsCheckbox="1">
                <Event Name="ButtonCheck" Function="OnTabGuildBtn"/>
            </Control>
            <Control Class="Window" LAnchorPoint="0" LAnchorOffset="27" TAnchorPoint="0" TAnchorOffset="15" RAnchorPoint="0" RAnchorOffset="100" BAnchorPoint="0" BAnchorOffset="79" RelativeToClient="1" Font="Default" Text="" Template="Default" TooltipType="OnCursor" Name="IconPlayer" BGColor="ffffffff" TextColor="ffffffff" TooltipColor="" Sprite="Achievements:sprAchievements_Icon_Solo" Picture="1" IgnoreMouse="1" UseTemplateBG="0" Border="0"/>
            <Control Class="Window" LAnchorPoint="0" LAnchorOffset="108" TAnchorPoint="0" TAnchorOffset="14" RAnchorPoint="0" RAnchorOffset="181" BAnchorPoint="0" BAnchorOffset="78" RelativeToClient="1" Font="Default" Text="" Template="Default" TooltipType="OnCursor" Name="IconGuild" BGColor="ffffffff" TextColor="ffffffff" TooltipColor="" Sprite="Achievements:sprAchievements_Icon_Group" Picture="1" IgnoreMouse="1"/>
        </Control>
        <Control Class="Window" LAnchorPoint="0" LAnchorOffset="323" TAnchorPoint="0" TAnchorOffset="0" RAnchorPoint="1" RAnchorOffset="0" BAnchorPoint="1" BAnchorOffset="0" RelativeToClient="1" Font="Default" Text="" Template="Holo_Background_General" TooltipType="OnCursor" Name="BGRight" BGColor="ffffffff" TextColor="ffffffff" TooltipColor="" HideInEditor="0" IgnoreMouse="1" UseTemplateBG="0"/>
        <Control Class="Window" LAnchorPoint="0" LAnchorOffset="344" TAnchorPoint="0" TAnchorOffset="115" RAnchorPoint="1" RAnchorOffset="-37" BAnchorPoint="0" BAnchorOffset="167" RelativeToClient="1" Font="CRB_InterfaceMedium_I" Text="" Template="Default" Name="RightEmptyMessage" BGColor="ffffffff" TextColor="UI_BtnTextRedNormal" TextId="Achievements_NoneFound" DT_CENTER="1" HideInEditor="0" Tooltip="" TooltipColor=""/>
        <Control Class="Window" LAnchorPoint="0" LAnchorOffset="338" TAnchorPoint="0" TAnchorOffset="10" RAnchorPoint="1" RAnchorOffset="-10" BAnchorPoint="0" BAnchorOffset="95" RelativeToClient="1" Font="Default" Text="" Template="Holo_Inset_Callout" Name="BGHeader" BGColor="ffffffff" TextColor="ffffffff" Sprite="" Picture="1" IgnoreMouse="1" NewControlDepth="3" NewWindowDepth="0" TooltipColor="" HideInEditor="0" Tooltip="" Border="1" Visible="1" VScroll="0" HScroll="0" NotRelative="0" Moveable="0" Sizable="0" CloseOnExternalClick="0" AutoFade="0" AutoFadeNC="0" AutoFadeBG="0" UseParentOpacity="0" AutoHideScroll="0" TabStop="0" Escapable="0" NeverBringToFront="0" Overlapped="0" TestAlpha="0" UseTemplateBG="1">
            <Control Class="Button" Base="BK3:btnHolo_Radio_Small" Font="CRB_InterfaceTiny_BB" ButtonType="Check" RadioGroup="Achievements_HeaderFilterBtns_LocalRadioGroup" LAnchorPoint="0" LAnchorOffset="0" TAnchorPoint="0" TAnchorOffset="41" RAnchorPoint="0" RAnchorOffset="93" BAnchorPoint="0" BAnchorOffset="65" DT_VCENTER="1" DT_CENTER="0" Name="HeaderShowAllBtn" BGColor="ffffffff" TextColor="UI_BtnTextBlueNormal" NormalTextColor="UI_TextHoloBody" PressedTextColor="ff31fcf6" FlybyTextColor="ff31fcf6" PressedFlybyTextColor="ff31fcf6" DisabledTextColor="9d9d9d9d" Text="" TextId="Archive_ShowAll" RelativeToClient="1" Visible="1" TestAlpha="0" RadioDisallowNonSelection="1" NeverBringToFront="1" Tooltip="" TooltipColor="" DrawAsCheckbox="1" ButtonTextXMargin="3">
                <Event Name="ButtonCheck" Function="OnHeaderFilterBtn"/>
            </Control>
            <Control Class="Button" Base="BK3:btnHolo_Radio_Small" Font="CRB_InterfaceTiny_BB" ButtonType="Check" RadioGroup="Achievements_HeaderFilterBtns_LocalRadioGroup" LAnchorPoint="0" LAnchorOffset="91" TAnchorPoint="0" TAnchorOffset="41" RAnchorPoint="1" RAnchorOffset="-228" BAnchorPoint="0" BAnchorOffset="65" DT_VCENTER="1" DT_CENTER="0" Name="HeaderOngoingBtn" BGColor="ffffffff" TextColor="UI_BtnTextBlueNormal" NormalTextColor="UI_TextHoloBody" PressedTextColor="ff31fcf6" FlybyTextColor="ff31fcf6" PressedFlybyTextColor="ff31fcf6" DisabledTextColor="9d9d9d9d" Text="" TextId="Achievement_ShowOngoing" RelativeToClient="1" Visible="1" TestAlpha="0" RadioDisallowNonSelection="1" NeverBringToFront="1" TooltipColor="" DrawAsCheckbox="1" ButtonTextXMargin="3">
                <Event Name="ButtonCheck" Function="OnHeaderFilterBtn"/>
            </Control>
            <Control Class="Button" Base="BK3:btnHolo_Radio_Small" Font="CRB_InterfaceTiny_BB" ButtonType="Check" RadioGroup="Achievements_HeaderFilterBtns_LocalRadioGroup" LAnchorPoint="1" LAnchorOffset="-223" TAnchorPoint="0" TAnchorOffset="41" RAnchorPoint="1" RAnchorOffset="-111" BAnchorPoint="0" BAnchorOffset="65" DT_VCENTER="1" DT_CENTER="0" Name="HeaderCompleteBtn" BGColor="ffffffff" TextColor="UI_BtnTextBlueNormal" NormalTextColor="UI_TextHoloBody" PressedTextColor="ff31fcf6" FlybyTextColor="ff31fcf6" PressedFlybyTextColor="ff31fcf6" DisabledTextColor="9d9d9d9d" Text="" TextId="Achievement_ShowCompleted" RelativeToClient="1" Visible="1" TestAlpha="0" RadioDisallowNonSelection="1" NeverBringToFront="1" TooltipColor="" DrawAsCheckbox="1" ButtonTextXMargin="3">
                <Event Name="ButtonCheck" Function="OnHeaderFilterBtn"/>
            </Control>
            <Control Class="Window" LAnchorPoint="1" LAnchorOffset="-191" TAnchorPoint="0" TAnchorOffset="0" RAnchorPoint="1" RAnchorOffset="0" BAnchorPoint="0" BAnchorOffset="33" RelativeToClient="1" Font="Default" Text="" Template="Default" Name="HeaderSearchBG" BGColor="ffffffff" TextColor="ffffffff" TextId="" DT_VCENTER="1" Picture="1" IgnoreMouse="1" Sprite="BK3:UI_BK3_Holo_Snippet" Visible="1" HideInEditor="0" TooltipColor="" Border="0">
                <Pixie LAnchorPoint="1" LAnchorOffset="-31" TAnchorPoint="0" TAnchorOffset="4" RAnchorPoint="1" RAnchorOffset="0" BAnchorPoint="1" BAnchorOffset="0" Sprite="BK3:btnHolo_SearchNormal" BGColor="white" TextColor="black" Rotation="0" Font="Default"/>
            </Control>
            <Control Class="EditBox" LAnchorPoint="1" LAnchorOffset="-182" TAnchorPoint="0" TAnchorOffset="4" RAnchorPoint="1" RAnchorOffset="-25" BAnchorPoint="0" BAnchorOffset="28" RelativeToClient="1" Font="CRB_InterfaceMedium_B" Text="" Template="Default" Name="HeaderSearchBox" BGColor="ffffffff" TextColor="ffffffff" TextId="" DT_VCENTER="1" PromptTextId="CRB_Search" PromptFont="CRB_InterfaceMedium" ClearOnEscape="0" TooltipColor="">
                <Event Name="EditBoxChanged" Function="BuildRightPanel"/>
            </Control>
            <Control Class="Button" Base="BK3:btnHolo_Check" Font="CRB_InterfaceTiny_BB" ButtonType="Check" RadioGroup="" LAnchorPoint="0" LAnchorOffset="13" TAnchorPoint="0" TAnchorOffset="13" RAnchorPoint="0" RAnchorOffset="154" BAnchorPoint="0" BAnchorOffset="41" DT_VCENTER="1" DT_CENTER="0" TooltipType="OnCursor" Name="RewardFilterBtn" BGColor="ffffffff" TextColor="UI_BtnTextBlueNormal" TooltipColor="" NormalTextColor="ffffffff" PressedTextColor="ffffffff" FlybyTextColor="ffffffff" PressedFlybyTextColor="ffffffff" DisabledTextColor="ffffffff" DrawAsCheckbox="1" Text="" TextId="Achievements_ShowWithRewards" Template="">
                <Event Name="ButtonCheck" Function="OnHeaderFilterBtn"/>
                <Event Name="ButtonUncheck" Function="OnHeaderFilterBtn"/>
            </Control>
            <Control Class="Button" Base="BK3:btnHolo_Clear" Font="Thick" ButtonType="PushButton" RadioGroup="" LAnchorPoint="1" LAnchorOffset="-41" TAnchorPoint="0" TAnchorOffset="14" RAnchorPoint="1" RAnchorOffset="-15" BAnchorPoint="0" BAnchorOffset="42" DT_VCENTER="1" DT_CENTER="1" TooltipType="OnCursor" Name="ClearSearchBtn" BGColor="ffffffff" TextColor="ffffffff" TooltipColor="" NormalTextColor="ffffffff" PressedTextColor="ffffffff" FlybyTextColor="ffffffff" PressedFlybyTextColor="ffffffff" DisabledTextColor="ffffffff" NewControlDepth="1" HideInEditor="0">
                <Event Name="ButtonSignal" Function="OnClearSearchBtn"/>
            </Control>
        </Control>
        <Control Class="Window" LAnchorPoint="0" LAnchorOffset="338" TAnchorPoint="0" TAnchorOffset="105" RAnchorPoint="1" RAnchorOffset="-10" BAnchorPoint="1" BAnchorOffset="-10" RelativeToClient="1" Font="Default" Text="" Template="Holo_ScrollList" TooltipType="OnCursor" Name="RightScroll" BGColor="ffffffff" TextColor="ffffffff" TooltipColor="" Border="1" IgnoreMouse="1" HScroll="0" UseTemplateBG="1" VScroll="1" Picture="1"/>
        <Control Class="Window" LAnchorPoint="0" LAnchorOffset="330" TAnchorPoint="0" TAnchorOffset="0" RAnchorPoint="1" RAnchorOffset="0" BAnchorPoint="1" BAnchorOffset="0" RelativeToClient="1" Font="Default" Text="" Template="" Name="RightSummaryScreen" BGColor="ffffffff" TextColor="ffffffff" Picture="0" IgnoreMouse="1" Sprite="" NewControlDepth="10" TooltipType="OnCursor" Tooltip="" TooltipId="" HideInEditor="0" TooltipColor="" UseTemplateBG="0" Border="0" Visible="0" NewWindowDepth="1">
            <Control Class="Window" LAnchorPoint="0" LAnchorOffset="0" TAnchorPoint="0" TAnchorOffset="0" RAnchorPoint="1" RAnchorOffset="0" BAnchorPoint="1" BAnchorOffset="0" RelativeToClient="1" Font="Default" Text="" Template="Holo_Background_General" TooltipType="OnCursor" Name="BackgroundCover" BGColor="ffffffff" TextColor="ffffffff" TooltipColor="" IgnoreMouse="1" UseTemplateBG="1" Picture="1"/>
            <Control Class="Window" LAnchorPoint="0" LAnchorOffset="10" TAnchorPoint="1" TAnchorOffset="-381" RAnchorPoint="1" RAnchorOffset="-10" BAnchorPoint="1" BAnchorOffset="-10" RelativeToClient="1" Font="Default" Text="" Template="Default" Name="SummaryContainerFrame" BGColor="ffffffff" TextColor="ffffffff" Picture="1" IgnoreMouse="1" Sprite="BK3:UI_BK3_Holo_InsetHeader" Visible="1" NewControlDepth="1" TooltipColor="" Border="0">
                <Control Class="Window" LAnchorPoint="0" LAnchorOffset="17" TAnchorPoint="0" TAnchorOffset="53" RAnchorPoint="1" RAnchorOffset="-12" BAnchorPoint="1" BAnchorOffset="-11" RelativeToClient="1" Font="Default" Text="" Template="Default" Name="SummaryContainer" BGColor="ffffffff" TextColor="ffffffff" IgnoreMouse="1" TooltipColor=""/>
                <Control Class="Window" LAnchorPoint="0" LAnchorOffset="8" TAnchorPoint="0" TAnchorOffset="10" RAnchorPoint="1" RAnchorOffset="-8" BAnchorPoint="0" BAnchorOffset="40" RelativeToClient="1" Font="CRB_HeaderLarge" Text="" Template="Default" Name="SummaryContainerTitle" BGColor="ffffffff" TextColor="ffffffff" Sprite="" Picture="1" IgnoreMouse="1" TextId="" NewControlDepth="1" TooltipColor="">
                    <Pixie LAnchorPoint="0" LAnchorOffset="0" TAnchorPoint="0" TAnchorOffset="0" RAnchorPoint="1" RAnchorOffset="0" BAnchorPoint="1" BAnchorOffset="-8" BGColor="ffffffff" Font="CRB_Header13" TextColor="white" Text="" TextId="Achievements_OverallSummary" Sprite="" DT_CENTER="1" DT_VCENTER="1" Line="0"/>
                </Control>
            </Control>
            <Control Class="Window" LAnchorPoint="0" LAnchorOffset="10" TAnchorPoint="0" TAnchorOffset="10" RAnchorPoint="1" RAnchorOffset="-10" BAnchorPoint="0" BAnchorOffset="241" RelativeToClient="1" Font="Default" Text="" Template="Default" Name="RecentUpdateFrame" BGColor="ffffffff" TextColor="ffffffff" Picture="1" IgnoreMouse="1" Sprite="BK3:UI_BK3_Holo_InsetHeader" Visible="1" NewControlDepth="1" HideInEditor="0" TooltipColor="">
                <Control Class="Window" LAnchorPoint="0" LAnchorOffset="14" TAnchorPoint="0" TAnchorOffset="42" RAnchorPoint="1" RAnchorOffset="-14" BAnchorPoint="1" BAnchorOffset="-8" RelativeToClient="1" Font="Default" Text="" Template="Holo_ScrollListSmall" Name="RecentUpdateContainer" BGColor="ffffffff" TextColor="ffffffff" IgnoreMouse="1" TooltipColor="" TextId="" Tooltip="" HScroll="0" VScroll="1" Border="1" UseTemplateBG="1"/>
                <Control Class="Window" LAnchorPoint="0" LAnchorOffset="17" TAnchorPoint="0" TAnchorOffset="10" RAnchorPoint="1" RAnchorOffset="-14" BAnchorPoint="0" BAnchorOffset="40" RelativeToClient="1" Font="CRB_InterfaceMedium_B" Text="" Template="Default" Name="RecentUpdateTitle" BGColor="ffffffff" TextColor="ffffffff" Sprite="" Picture="1" IgnoreMouse="1" TextId="" NewControlDepth="1" TooltipColor="">
                    <Pixie LAnchorPoint="0" LAnchorOffset="0" TAnchorPoint="0" TAnchorOffset="0" RAnchorPoint="1" RAnchorOffset="0" BAnchorPoint="1" BAnchorOffset="-8" BGColor="ffffffff" Font="CRB_Header13" TextColor="white" Text="" TextId="Achievements_UpdateHeader" Sprite="" DT_CENTER="1" DT_VCENTER="1" Line="0"/>
                </Control>
            </Control>
        </Control>
        <Control Class="Window" LAnchorPoint="0" LAnchorOffset="-3" TAnchorPoint="0" TAnchorOffset="-43" RAnchorPoint="0" RAnchorOffset="801" BAnchorPoint="0" BAnchorOffset="70" RelativeToClient="1" Font="Default" Text="" Template="Default" TooltipType="OnCursor" Name="GradientShadow" BGColor="ffffffff" TextColor="ffffffff" TooltipColor="" Sprite="BK3:UI_BK3_GradientShade" Picture="1" IgnoreMouse="1" Border="0" UseTemplateBG="0" NewControlDepth="10" Sizable="0" Moveable="0" HideInEditor="1"/>
        <Control Class="Window" LAnchorPoint="0" LAnchorOffset="321" TAnchorPoint="0" TAnchorOffset="-18" RAnchorPoint="0" RAnchorOffset="335" BAnchorPoint="1" BAnchorOffset="14" RelativeToClient="1" Font="Default" Text="" Template="Default" TooltipType="OnCursor" Name="Divider" BGColor="ffffffff" TextColor="ffffffff" TooltipColor="" Sprite="BK3:UI_BK3_Metal_Inset_Divider_V" Picture="1" IgnoreMouse="1" NoClip="1" NewWindowDepth="1"/>
    </Form>
    <Form Class="Window" LAnchorPoint="0" LAnchorOffset="0" TAnchorPoint="0" TAnchorOffset="0" RAnchorPoint="0" RAnchorOffset="306" BAnchorPoint="0" BAnchorOffset="70" RelativeToClient="1" Font="Default" Text="" Template="Default" Name="TopGroup" Picture="1" Overlapped="1" BGColor="ffffffff" TextColor="ffffffff" IgnoreMouse="1" TooltipColor="" Tooltip="" Sprite="BK3:sprMetal_ExpandMenu_Large_Framing">
        <Control Class="Button" Base="BK3:btnMetal_ExpandMenu_LargeClean" Font="Default" ButtonType="Check" RadioGroup="" LAnchorPoint="0" LAnchorOffset="7" TAnchorPoint="0" TAnchorOffset="5" RAnchorPoint="1" RAnchorOffset="-7" BAnchorPoint="0" BAnchorOffset="65" DT_VCENTER="1" DT_CENTER="1" Name="TopGroupBtn" BGColor="ffffffff" TextColor="ffffffff" NormalTextColor="UI_BtnTextGoldListNormal" PressedTextColor="UI_BtnTextGoldListPressed" FlybyTextColor="UI_BtnTextGoldListFlyby" PressedFlybyTextColor="UI_BtnTextGoldListPressedFlyby" DisabledTextColor="UI_BtnTextGoldListDisabled" GlobalRadioGroup="" Text="" TextId="" RadioDisallowNonSelection="0" RadioAlwaysSignal="0" TooltipColor="">
            <Event Name="ButtonCheck" Function="OnTopGroupSelect"/>
            <Event Name="ButtonUncheck" Function="OnTopGroupSelect"/>
            <Control Class="Window" LAnchorPoint="0" LAnchorOffset="13" TAnchorPoint="0" TAnchorOffset="0" RAnchorPoint="1" RAnchorOffset="0" BAnchorPoint="1" BAnchorOffset="0" RelativeToClient="1" Font="CRB_HeaderMedium" Text="" Template="Default" Name="GroupTitle" BGColor="ffffffff" TextColor="UI_BtnTextGoldListNormal" DT_CENTER="0" DT_VCENTER="1" TextId="Challenges_NoProgress" TooltipColor=""/>
        </Control>
        <Control Class="Window" LAnchorPoint="0" LAnchorOffset="10" TAnchorPoint="0" TAnchorOffset="74" RAnchorPoint="1" RAnchorOffset="-10" BAnchorPoint="1" BAnchorOffset="26" RelativeToClient="1" Font="Default" Text="" Template="Default" Name="GroupContents" BGColor="ffffffff" TextColor="UI_BtnTextGoldListNormal" TooltipColor=""/>
    </Form>
    <Form Class="Window" LAnchorPoint="0" LAnchorOffset="10" TAnchorPoint="0" TAnchorOffset="0" RAnchorPoint="1" RAnchorOffset="-10" BAnchorPoint="0" BAnchorOffset="42" RelativeToClient="1" Font="Default" Text="" Template="Default" Name="MiddleGroup" Picture="1" Overlapped="1" BGColor="ffffffff" TextColor="ffffffff" IgnoreMouse="1" TooltipColor="" Sprite="" Tooltip="">
        <Control Class="Button" Base="btn_TEMP_SmallPlusMinus" Font="Thick" ButtonType="Check" RadioGroup="" LAnchorPoint="0" LAnchorOffset="0" TAnchorPoint="0" TAnchorOffset="0" RAnchorPoint="0" RAnchorOffset="0" BAnchorPoint="0" BAnchorOffset="0" DT_VCENTER="1" DT_CENTER="1" Name="MiddleExpandBtn" BGColor="ffffffff" TextColor="ffffffff" NormalTextColor="ffffffff" PressedTextColor="ffffffff" FlybyTextColor="ffffffff" PressedFlybyTextColor="ffffffff" DisabledTextColor="ffffffff" Visible="1" HideInEditor="1" TooltipColor="" Text="">
            <Event Name="ButtonCheck" Function="OnMiddleExpandToggle"/>
            <Event Name="ButtonUncheck" Function="OnMiddleExpandToggle"/>
        </Control>
        <Control Class="Button" Base="BK3:btnMetal_ExpandMenu_MedClean" Font="CRB_InterfaceMedium_B" ButtonType="Check" RadioGroup="" LAnchorPoint="0" LAnchorOffset="0" TAnchorPoint="0" TAnchorOffset="0" RAnchorPoint="1" RAnchorOffset="0" BAnchorPoint="0" BAnchorOffset="42" DT_VCENTER="1" DT_CENTER="1" Name="MiddleGroupBtn" BGColor="ffffffff" TextColor="ffffffff" NormalTextColor="UI_BtnTextGoldListNormal" PressedTextColor="UI_BtnTextGoldListPressed" FlybyTextColor="UI_BtnTextGoldListFlyby" PressedFlybyTextColor="UI_BtnTextGoldListPressedFlyby" DisabledTextColor="UI_BtnTextGoldListDisabled" Text="" TextId="" GlobalRadioGroup="" RadioDisallowNonSelection="0" TooltipColor="">
            <Control Class="Window" LAnchorPoint="0" LAnchorOffset="10" TAnchorPoint="0" TAnchorOffset="0" RAnchorPoint="1" RAnchorOffset="0" BAnchorPoint="1" BAnchorOffset="0" RelativeToClient="1" Font="CRB_InterfaceMedium_B" Text="" Template="Default" Name="GroupTitle" BGColor="ffffffff" TextColor="UI_BtnTextGoldListNormal" TextId="Challenges_NoProgress" DT_VCENTER="1" TooltipColor=""/>
            <Event Name="ButtonCheck" Function="OnMiddleGroupSelect"/>
            <Event Name="ButtonUncheck" Function="OnMiddleGroupSelect"/>
        </Control>
        <Control Class="Window" LAnchorPoint="0" LAnchorOffset="10" TAnchorPoint="0" TAnchorOffset="47" RAnchorPoint="1" RAnchorOffset="-10" BAnchorPoint="1" BAnchorOffset="0" RelativeToClient="1" Font="Default" Text="" Template="Default" Name="GroupContents" BGColor="ffffffff" TextColor="ffffffff" TooltipColor=""/>
        <Control Class="Window" LAnchorPoint="0" LAnchorOffset="0" TAnchorPoint="0" TAnchorOffset="0" RAnchorPoint="1" RAnchorOffset="0" BAnchorPoint="1" BAnchorOffset="0" RelativeToClient="1" Font="Default" Text="" Template="Default" TooltipType="OnCursor" Name="MiddleGroupFrame" BGColor="ffffffff" TextColor="ffffffff" TooltipColor="" Sprite="BK3:sprMetal_ExpandMenu_MedSmall_Framing" Picture="1" IgnoreMouse="1" NewControlDepth="1"/>
    </Form>
    <Form Class="Window" LAnchorPoint="0" LAnchorOffset="0" TAnchorPoint="0" TAnchorOffset="0" RAnchorPoint="1" RAnchorOffset="0" BAnchorPoint="0" BAnchorOffset="32" RelativeToClient="1" Font="Default" Text="" Template="Default" Name="BottomItem" Picture="1" Overlapped="1" BGColor="ffffffff" TextColor="ffffffff" IgnoreMouse="1" TooltipColor="">
        <Control Class="Button" Base="BK3:btnMetal_ExpandMenu_Small" Font="CRB_InterfaceMedium_B" ButtonType="Check" RadioGroup="" LAnchorPoint="0" LAnchorOffset="0" TAnchorPoint="0" TAnchorOffset="0" RAnchorPoint="1" RAnchorOffset="0" BAnchorPoint="1" BAnchorOffset="0" DT_VCENTER="1" DT_CENTER="1" Name="BottomItemBtn" BGColor="ffffffff" TextColor="UI_BtnTextGoldListNormal" NormalTextColor="UI_BtnTextGoldListNormal" PressedTextColor="UI_BtnTextGoldListPressed" FlybyTextColor="UI_BtnTextGoldListFlyby" PressedFlybyTextColor="UI_BtnTextGoldListPressedFlyby" DisabledTextColor="UI_BtnTextGoldListDisabled" Text="" TextId="" GlobalRadioGroup="" RadioDisallowNonSelection="0" TooltipColor="">
            <Control Class="Window" LAnchorPoint="0" LAnchorOffset="10" TAnchorPoint="0" TAnchorOffset="0" RAnchorPoint="1" RAnchorOffset="0" BAnchorPoint="1" BAnchorOffset="0" RelativeToClient="1" Font="CRB_InterfaceMedium_B" Text="" Template="Default" Name="GroupTitle" BGColor="ffffffff" TextColor="UI_BtnTextGoldListNormal" TextId="Challenges_NoProgress" DT_VCENTER="1" TooltipColor=""/>
            <Event Name="ButtonCheck" Function="OnBottomItemSelect"/>
            <Event Name="ButtonUncheck" Function="OnBottomItemSelect"/>
        </Control>
    </Form>
    <Form Class="Window" LAnchorPoint="0" LAnchorOffset="0" TAnchorPoint="0" TAnchorOffset="0" RAnchorPoint="0" RAnchorOffset="429" BAnchorPoint="0" BAnchorOffset="131" RelativeToClient="1" Font="Default" Text="" Template="Default" Name="AchievementSimple" Border="0" Picture="1" SwallowMouseClicks="1" Moveable="0" Escapable="0" Overlapped="1" BGColor="ffffffff" TextColor="ffffffff" IgnoreMouse="1" Sprite="" TooltipType="OnCursor" IgnoreTooltipDelay="1" TooltipColor="" Tooltip="">
        <Control Class="Window" LAnchorPoint="0" LAnchorOffset="5" TAnchorPoint="0" TAnchorOffset="40" RAnchorPoint="0" RAnchorOffset="45" BAnchorPoint="0" BAnchorOffset="80" RelativeToClient="1" Font="Default" Text="" Template="Default" Name="AchievementIcon" BGColor="ffffffff" TextColor="ffffffff" Sprite="Achievements:sprAchievements_Icon_Solo" Picture="1" IgnoreMouse="1" TooltipType="OnCursor" IgnoreTooltipDelay="1" NewControlDepth="1" TooltipColor=""/>
        <Control Class="Window" LAnchorPoint="0" LAnchorOffset="2" TAnchorPoint="0" TAnchorOffset="38" RAnchorPoint="0" RAnchorOffset="27" BAnchorPoint="0" BAnchorOffset="63" RelativeToClient="1" Font="Default" Text="" Template="Default" Name="AchievementCheck" BGColor="ffffffff" TextColor="ffffffff" Sprite="Achievements:sprAchievements_Icon_Complete" Picture="1" IgnoreMouse="1" Visible="0" NewControlDepth="1" HideInEditor="0" TooltipColor=""/>
        <Control Class="Window" LAnchorPoint="0" LAnchorOffset="50" TAnchorPoint="0" TAnchorOffset="10" RAnchorPoint="1" RAnchorOffset="-64" BAnchorPoint="0" BAnchorOffset="33" RelativeToClient="1" Font="CRB_InterfaceMedium_B" Text="" Template="Default" Name="TitleText" BGColor="ffffffff" TextColor="UI_TextHoloBodyCyan" TextId="Challenges_NoProgress" TooltipColor="" Tooltip="" IgnoreMouse="1" AutoScaleText="1"/>
        <Control Class="Window" LAnchorPoint="0" LAnchorOffset="5" TAnchorPoint="0" TAnchorOffset="6" RAnchorPoint="0" RAnchorOffset="45" BAnchorPoint="0" BAnchorOffset="33" RelativeToClient="1" Font="CRB_HeaderMedium" Text="" Template="Default" Name="PointsText" BGColor="ffffffff" TextColor="UI_BtnTextGoldListNormal" TextId="Challenges_NoProgress" DT_RIGHT="0" TooltipColor="" DT_CENTER="1" DT_VCENTER="1"/>
        <Control Class="Window" LAnchorPoint="1" LAnchorOffset="-161" TAnchorPoint="0" TAnchorOffset="4" RAnchorPoint="1" RAnchorOffset="-34" BAnchorPoint="0" BAnchorOffset="34" RelativeToClient="1" Font="CRB_InterfaceMedium" Text="" Template="Default" Name="RewardsContainer" BGColor="ffffffff" TextColor="ffffffff" TextId="" Tooltip="" DT_VCENTER="1" TooltipColor="" Visible="1"/>
        <Control Class="Window" LAnchorPoint="0" LAnchorOffset="50" TAnchorPoint="0" TAnchorOffset="95" RAnchorPoint="1" RAnchorOffset="-5" BAnchorPoint="0" BAnchorOffset="130" RelativeToClient="1" Font="Default" Text="" Template="Default" Name="AchievementProgressBarContainer" BGColor="ffffffff" TextColor="ffffffff" Sprite="" Picture="1" IgnoreMouse="1" TooltipColor="" NoClip="0" Tooltip="">
            <Control Class="Window" LAnchorPoint="1" LAnchorOffset="-350" TAnchorPoint="0.5" TAnchorOffset="-20" RAnchorPoint="1" RAnchorOffset="0" BAnchorPoint="0.5" BAnchorOffset="20" RelativeToClient="1" Font="Default" Text="" Template="Default" TooltipType="OnCursor" Name="Pixie" BGColor="ffffffff" TextColor="ffffffff" TooltipColor="" Sprite="BK3:UI_BK3_Holo_ProgressBar_BG" Picture="1" IgnoreMouse="1"/>
            <Control Class="ProgressBar" Text="" LAnchorPoint="1" LAnchorOffset="-336" TAnchorPoint="0.5" TAnchorOffset="-20" RAnchorPoint="1" RAnchorOffset="-23" BAnchorPoint="0.5" BAnchorOffset="19" AutoSetText="0" RelativeToClient="1" SetTextToProgress="0" ProgressEmpty="" ProgressFull="BK3:UI_BK3_Holo_ProgressBar_Fill" Name="NeededCompletedProgressBar" BGColor="ffffffff" TextColor="ffffffff" IgnoreMouse="1" ProgressEdgeGlow="BK3:UI_BK3_Holo_ProgressBar_Cap" EdgeGlow="1" NoClipEdgeGlow="1" Sprite="" Picture="0" TooltipColor="" BarColor=""/>
            <Control Class="Window" LAnchorPoint="0" LAnchorOffset="-41" TAnchorPoint="0.5" TAnchorOffset="-13" RAnchorPoint="1" RAnchorOffset="-351" BAnchorPoint="0.5" BAnchorOffset="10" RelativeToClient="1" Font="CRB_InterfaceSmall" Text="" Template="Default" Name="NeededCompletedText" BGColor="ffffffff" TextColor="UI_TextHoloBodyCyan" Tooltip="" TextId="CRB__2" DT_CENTER="0" DT_VCENTER="1" NewControlDepth="1" TooltipColor="" IgnoreMouse="1" NoClip="1" DT_RIGHT="1" AutoScaleText="1" DT_WORDBREAK="0" DT_BOTTOM="0"/>
            <Control Class="CashWindow" LAnchorPoint="0" LAnchorOffset="125" TAnchorPoint="0.5" TAnchorOffset="-29" RAnchorPoint="1" RAnchorOffset="-111" BAnchorPoint="0.5" BAnchorOffset="0" TooltipType="OnCursor" RelativeToClient="1" Font="CRB_InterfaceSmall" Text="" Template="Default" BGColor="ffffffff" TextColor="UI_TextHoloBodyCyan" DT_RIGHT="0" Name="NeededCompletedCash" TooltipColor="" LeftEdgeControlsAnchor="" NoClip="1" AutoScaleText="1" DT_VCENTER="1" Tooltip="" DT_CENTER="1" SkipZeroes="1"/>
        </Control>
        <Control Class="Button" Base="BK3:btnHolo_ExpandCollapse" Font="Thick" ButtonType="Check" RadioGroup="" LAnchorPoint="0" LAnchorOffset="0" TAnchorPoint="0" TAnchorOffset="0" RAnchorPoint="1" RAnchorOffset="0" BAnchorPoint="0" BAnchorOffset="40" Name="AchievementExpanderBtn" BGColor="ffffffff" TextColor="ffffffff" NormalTextColor="ffffffff" PressedTextColor="ffffffff" FlybyTextColor="ffffffff" PressedFlybyTextColor="ffffffff" DisabledTextColor="ffffffff" RelativeToClient="1" Visible="0" Text="" TooltipColor="" HideInEditor="0">
            <Event Name="ButtonCheck" Function="OnAchievementExpanderBtn"/>
            <Event Name="ButtonUncheck" Function="OnAchievementExpanderBtn"/>
        </Control>
        <Control Class="Window" LAnchorPoint="0" LAnchorOffset="46" TAnchorPoint="0" TAnchorOffset="129" RAnchorPoint="1" RAnchorOffset="-9" BAnchorPoint="1" BAnchorOffset="16" RelativeToClient="1" Font="CRB_InterfaceSmall_I" Text="" Template="Default" Name="AchievementExtraContainer" BGColor="ffffffff" TextColor="ffffffff" Visible="0" TooltipColor=""/>
        <Control Class="MLWindow" LAnchorPoint="0" LAnchorOffset="50" TAnchorPoint="0" TAnchorOffset="40" RAnchorPoint="1" RAnchorOffset="-10" BAnchorPoint="0" BAnchorOffset="105" RelativeToClient="1" Font="CRB_InterfaceMedium" Text="" Template="Default" Name="DescriptionText" BGColor="ffffffff" TextColor="UI_BtnTextGrayListNormal" TextId="Challenges_NoProgress" DT_WORDBREAK="1" TooltipColor="" IgnoreMouse="1" AutoScaleText="1"/>
        <Pixie LAnchorPoint="0" LAnchorOffset="0" TAnchorPoint="0" TAnchorOffset="0" RAnchorPoint="1" RAnchorOffset="0" BAnchorPoint="1" BAnchorOffset="-5" BGColor="ffffffff" Font="Default" TextColor="ffffffff" Text="" Sprite="BK3:UI_BK3_Holo_InsetHeaderThin" Line="0"/>
    </Form>
    <Form Class="Grid" ImageTextSpacing="-1" LAnchorPoint="0" LAnchorOffset="0" TAnchorPoint="0" TAnchorOffset="0" RAnchorPoint="1" RAnchorOffset="0" BAnchorPoint="1" BAnchorOffset="0" RelativeToClient="1" Font="CRB_InterfaceSmall" Text="" Template="Default" Name="ChecklistGrid" BGColor="ffffffff" TextColor="ffffffff" IgnoreMouse="1" MultiColumn="1" SelectWholeRow="1" FocusOnMouseOver="1" RowHeight="20" CellBGBase="" Overlapped="1" TooltipColor="" CellBGNormalColor="" CellBGSelectedColor="" CellBGNormalFocusColor="" CellBGSelectedFocusColor="" TextNormalColor="" TextSelectedColor="" TextNormalFocusColor="" TextSelectedFocusColor="" HeaderBG="ca">
        <Column Name="Icon" Width="15" TextColor="" Image="" MinWidth="10" MaxWidth="2048" MergeLeft="0" SimpleSort="1"/>
        <Column Name="Name" Width="429" TextColor="" Image=""/>
    </Form>
    <Form Class="Window" LAnchorPoint="0" LAnchorOffset="0" TAnchorPoint="0" TAnchorOffset="0" RAnchorPoint="1" RAnchorOffset="0" BAnchorPoint="0" BAnchorOffset="74" RelativeToClient="1" Font="Default" Text="" Template="Default" Name="TierBox" Picture="1" Overlapped="1" BGColor="ffffffff" TextColor="ffffffff" IgnoreMouse="0" Sprite="BK3:UI_BK3_Holo_InsetSimple" TooltipColor=""/>
    <Form Class="Window" LAnchorPoint="0" LAnchorOffset="0" TAnchorPoint="0" TAnchorOffset="2" RAnchorPoint="0" RAnchorOffset="74" BAnchorPoint="0" BAnchorOffset="76" RelativeToClient="1" Font="Default" Text="" Template="Default" Name="TierItem" Border="0" Picture="0" SwallowMouseClicks="1" Moveable="0" Escapable="0" Overlapped="1" BGColor="ffffffff" TextColor="ffffffff" IgnoreMouse="1" TooltipColor="" Tooltip="">
        <Control Class="Button" Base="CRB_Basekit:kitBtn_Holo" Font="Thick" ButtonType="Check" RadioGroup="" LAnchorPoint="0.5" LAnchorOffset="-22" TAnchorPoint="0" TAnchorOffset="6" RAnchorPoint="0.5" RAnchorOffset="22" BAnchorPoint="0" BAnchorOffset="50" DT_VCENTER="1" DT_CENTER="1" Name="TierItemBtn" BGColor="ffffffff" TextColor="ffffffff" NormalTextColor="ffffffff" PressedTextColor="ffffffff" FlybyTextColor="ffffffff" PressedFlybyTextColor="ffffffff" DisabledTextColor="ffffffff" RadioDisallowNonSelection="0" TooltipColor="">
            <Control Class="Window" LAnchorPoint="0" LAnchorOffset="6" TAnchorPoint="0" TAnchorOffset="6" RAnchorPoint="1" RAnchorOffset="-6" BAnchorPoint="1" BAnchorOffset="-6" RelativeToClient="1" Font="CRB_InterfaceMedium_B" Text="" Template="Default" Name="TierItemIcon" BGColor="ffffffff" TextColor="ffffffff" Sprite="Achievements:sprAchievements_Icon_Solo" Picture="1" IgnoreMouse="1" TooltipType="OnCursor" IgnoreTooltipDelay="1" TextId="" DT_RIGHT="1" DT_BOTTOM="1" NewControlDepth="1" TooltipColor="" TooltipFont="CRB_InterfaceSmall"/>
            <Control Class="Window" LAnchorPoint="0" LAnchorOffset="0" TAnchorPoint="0" TAnchorOffset="2" RAnchorPoint="0" RAnchorOffset="25" BAnchorPoint="0" BAnchorOffset="27" RelativeToClient="1" Font="Default" Text="" Template="Default" Name="TierItemIconCheck" BGColor="ffffffff" TextColor="ffffffff" Sprite="Achievements:sprAchievements_Icon_Complete" Picture="1" IgnoreMouse="1" Visible="0" NewControlDepth="1" TooltipColor=""/>
            <Event Name="ButtonCheck" Function="OnTierItemCheck"/>
            <Event Name="ButtonUncheck" Function="OnTierItemCheck"/>
        </Control>
        <Control Class="Window" LAnchorPoint="0" LAnchorOffset="0" TAnchorPoint="0" TAnchorOffset="53" RAnchorPoint="1" RAnchorOffset="0" BAnchorPoint="0" BAnchorOffset="73" RelativeToClient="1" Font="CRB_InterfaceSmall" Text="" Template="Default" Name="TierItemNeeded" BGColor="ffffffff" TextColor="UI_TextHoloBodyCyan" TextId="Challenges_NoProgress" DT_CENTER="1" DT_VCENTER="0" DT_WORDBREAK="1" IgnoreMouse="1" NoClip="0" TooltipColor="" AutoScaleText="1"/>
        <Control Class="CashWindow" LAnchorPoint="0" LAnchorOffset="0" TAnchorPoint="0" TAnchorOffset="50" RAnchorPoint="1" RAnchorOffset="0" BAnchorPoint="0" BAnchorOffset="70" TooltipType="OnCursor" RelativeToClient="1" Font="CRB_InterfaceSmall" Text="" Template="Default" BGColor="ffffffff" TextColor="UI_TextHoloBodyCyan" DT_RIGHT="0" Name="TierItemCash" TooltipColor="" IgnoreMouse="1" DT_CENTER="1" DT_WORDBREAK="0" Tooltip="" NoClip="1" AutoScaleText="1" DT_VCENTER="1" SkipZeroes="1"/>
    </Form>
    <Form Class="Window" LAnchorPoint="0" LAnchorOffset="0" TAnchorPoint="0" TAnchorOffset="0" RAnchorPoint="0" RAnchorOffset="210" BAnchorPoint="0" BAnchorOffset="34" RelativeToClient="1" Font="Default" Text="" Template="Default" Name="SummaryItem" Picture="1" BGColor="ffffffff" TextColor="ffffffff" Sprite="" IgnoreMouse="1" TooltipColor="" NoClip="1" Overlapped="1" Tooltip="">
        <Control Class="Window" LAnchorPoint="0" LAnchorOffset="0" TAnchorPoint="0" TAnchorOffset="1" RAnchorPoint="1" RAnchorOffset="-2" BAnchorPoint="1" BAnchorOffset="-1" RelativeToClient="1" Font="Default" Text="" Template="Default" Name="SummaryBG" Picture="1" BGColor="ffffffff" TextColor="ffffffff" Sprite="BK3:UI_BK3_Holo_InsetSimple" IgnoreMouse="1" TooltipColor=""/>
        <Control Class="Window" LAnchorPoint="0" LAnchorOffset="6" TAnchorPoint="0" TAnchorOffset="4" RAnchorPoint="1" RAnchorOffset="-10" BAnchorPoint="0" BAnchorOffset="24" RelativeToClient="1" Font="CRB_InterfaceTiny_BB" Text="" Template="Default" Name="SummaryItemName" BGColor="ffffffff" TextColor="ff5f6662" TextId="CRB_Tradeskills" TooltipColor=""/>
        <Control Class="Window" LAnchorPoint="0" LAnchorOffset="9" TAnchorPoint="0" TAnchorOffset="4" RAnchorPoint="1" RAnchorOffset="-7" BAnchorPoint="0" BAnchorOffset="24" RelativeToClient="1" Font="CRB_InterfaceTiny_BB" Text="" Template="Default" Name="SummaryItemStatus" BGColor="ffffffff" TextColor="ff5f6662" TextId="CRB_500500" DT_RIGHT="1" DT_VCENTER="0" TooltipColor=""/>
        <Control Class="Window" LAnchorPoint="0" LAnchorOffset="-1" TAnchorPoint="1" TAnchorOffset="-28" RAnchorPoint="1" RAnchorOffset="0" BAnchorPoint="1" BAnchorOffset="9" RelativeToClient="1" Font="Default" Text="" Template="Default" Name="SummaryItemProgBG" BGColor="9dffffff" TextColor="ffffffff" Sprite="BK3:UI_BK3_Holo_ProgressBar_BG" Picture="1" IgnoreMouse="1" TooltipColor="" NoClip="1"/>
        <Control Class="ProgressBar" Text="" LAnchorPoint="0" LAnchorOffset="16" TAnchorPoint="1" TAnchorOffset="-29" RAnchorPoint="1" RAnchorOffset="-18" BAnchorPoint="1" BAnchorOffset="8" AutoSetText="0" RelativeToClient="1" ProgressEmpty="" ProgressFull="BK3:UI_BK3_Holo_ProgressBar_Fill" Name="SummaryItemProg" BGColor="ffffffff" TextColor="ffffffff" ProgressEdgeGlow="BK3:UI_BK3_Holo_ProgressBar_Cap" EdgeGlow="1" Sprite="" Picture="0" NoClipEdgeGlow="1" TooltipColor="" BarColor="" Tooltip=""/>
    </Form>
    <Form Class="Window" LAnchorPoint="0" LAnchorOffset="0" TAnchorPoint="0" TAnchorOffset="0" RAnchorPoint="1" RAnchorOffset="0" BAnchorPoint="0" BAnchorOffset="36" RelativeToClient="1" Font="Default" Text="" Template="Default" Name="RecentUpdateItem" Picture="1" Overlapped="1" BGColor="ffffffff" TextColor="ffffffff" IgnoreMouse="1" Sprite="" TooltipColor="" Tooltip="">
        <Control Class="Button" Base="BK3:btnHolo_ListView_Simple" Font="Thick" ButtonType="PushButton" RadioGroup="" LAnchorPoint="0" LAnchorOffset="0" TAnchorPoint="0" TAnchorOffset="0" RAnchorPoint="1" RAnchorOffset="0" BAnchorPoint="1" BAnchorOffset="0" DT_VCENTER="1" DT_CENTER="1" Name="RecentUpdateBtn" BGColor="ffffffff" TextColor="ffffffff" NormalTextColor="ffffffff" PressedTextColor="ffffffff" FlybyTextColor="ffffffff" PressedFlybyTextColor="ffffffff" DisabledTextColor="ffffffff" Sprite="" TooltipColor="">
            <Control Class="Window" LAnchorPoint="0" LAnchorOffset="12" TAnchorPoint="0" TAnchorOffset="-1" RAnchorPoint="1" RAnchorOffset="-16" BAnchorPoint="1" BAnchorOffset="-1" RelativeToClient="1" Font="CRB_InterfaceSmall" Text="Achievement Name" Template="Default" Name="RecentUpdateName" BGColor="ffffffff" TextColor="UI_TextHoloTitle" TextId="" DT_VCENTER="1" TooltipColor=""/>
            <Control Class="Window" LAnchorPoint="0" LAnchorOffset="185" TAnchorPoint="0" TAnchorOffset="0" RAnchorPoint="1" RAnchorOffset="-12" BAnchorPoint="1" BAnchorOffset="0" RelativeToClient="1" Font="CRB_HeaderTiny" Text="500" Template="Default" Name="RecentUpdatePoints" BGColor="ffffffff" TextColor="UI_BtnTextGoldListNormal" TextId="" DT_VCENTER="1" DT_RIGHT="1" TooltipColor=""/>
            <Event Name="ButtonSignal" Function="OnRecentUpdateBtn"/>
        </Control>
    </Form>
    <Form Class="Window" LAnchorPoint="0" LAnchorOffset="0" TAnchorPoint="0" TAnchorOffset="0" RAnchorPoint="0" RAnchorOffset="35" BAnchorPoint="0" BAnchorOffset="35" RelativeToClient="1" Font="Default" Text="" Template="Default" Name="AchievementRewardItem_TODO" BGColor="ffffffff" TextColor="ffffffff" IgnoreMouse="1" TooltipColor="" Tooltip="">
        <Control Class="IconButton" ContentType="PetBook" ContentId="1" RelativeToClient="1" NoClip="1" LAnchorPoint="0" LAnchorOffset="5" TAnchorPoint="0" TAnchorOffset="5" RAnchorPoint="0" RAnchorOffset="30" BAnchorPoint="0" BAnchorOffset="30" BGColor="ffffffff" TextColor="ffffffff" Name="AchievementRewardBtn" LeftMargin="0" TopMargin="0" RightMargin="0" BottomMargin="0" Base="btnDemo_CharInvisibleNormal"/>
        <Control Class="Window" LAnchorPoint="0" LAnchorOffset="-5" TAnchorPoint="0" TAnchorOffset="-5" RAnchorPoint="1" RAnchorOffset="5" BAnchorPoint="1" BAnchorOffset="5" RelativeToClient="1" Font="Default" Text="" Template="Default" Name="AchievementFrameBG" BGColor="ffffffff" TextColor="ffffffff" Sprite="kitInnerFrame_MetalGrey_Small" Picture="1" IgnoreMouse="1" Visible="0" NewControlDepth="1" HideInEditor="0"/>
    </Form>
    <Form Class="Window" LAnchorPoint="0" LAnchorOffset="0" TAnchorPoint="0" TAnchorOffset="0" RAnchorPoint="0" RAnchorOffset="34" BAnchorPoint="0" BAnchorOffset="30" RelativeToClient="1" Name="LootItem" BGColor="ffffffff" TextColor="ffffffff" IgnoreMouse="1" TooltipColor="" Picture="1" Tooltip="">
        <Control Class="IconButton" LAnchorPoint="0" LAnchorOffset="0" TAnchorPoint="0" TAnchorOffset="0" RAnchorPoint="0" RAnchorOffset="30" BAnchorPoint="0" BAnchorOffset="30" RelativeToClient="1" Font="Default" Text="" Template="Default" Name="LootIcon" BGColor="ffffffff" TextColor="ffffffff" Sprite="" Picture="1" IgnoreMouse="1" TooltipType="OnCursor" IgnoreTooltipDelay="1" UseBaseButtonArt="1" TooltipColor="" Base="CRB_DEMO_WrapperSprites:btnDemo_CharInvisible" Visible="1" HideInEditor="1">
            <Event Name="GenerateTooltip" Function="GenerateTooltip"/>
        </Control>
        <Control Class="Window" LAnchorPoint="0" LAnchorOffset="4" TAnchorPoint="0" TAnchorOffset="4" RAnchorPoint="0" RAnchorOffset="26" BAnchorPoint="0" BAnchorOffset="26" RelativeToClient="1" Font="Default" Text="" Template="Default" TooltipType="OnCursor" Name="LootIconPicture" BGColor="ffffffff" TextColor="ffffffff" TooltipColor="" Sprite="CRB_TargetFrameRewardPanelSprites:sprTargetFrame_Achievement" Picture="1" IgnoreMouse="1" Visible="0" HideInEditor="0" Tooltip="" IgnoreTooltipDelay="1" TooltipFont="CRB_Interface9_O"/>
    </Form>
</Forms>
