<Forms>
    <Form Class="Window" LAnchorPoint=".5" LAnchorOffset="-430" TAnchorPoint=".5" TAnchorOffset="-383" RAnchorPoint=".5" RAnchorOffset="430" BAnchorPoint=".5" BAnchorOffset="383" RelativeToClient="1" Font="Default" Text="" Template="Default" Name="GuildMainForm" Border="0" Picture="0" SwallowMouseClicks="1" Moveable="1" Escapable="1" Overlapped="1" BGColor="ffffffff" TextColor="ffffffff" TextId="" Visible="0" TooltipColor="" Tooltip="">
        <Control Class="Window" LAnchorPoint="0" LAnchorOffset="23" TAnchorPoint="0" TAnchorOffset="136" RAnchorPoint="1" RAnchorOffset="-26" BAnchorPoint="1" BAnchorOffset="-19" RelativeToClient="1" Font="Default" Text="" Template="Holo_Background_General" TooltipType="OnCursor" Name="BG" BGColor="ffffffff" TextColor="ffffffff" TooltipColor="" Sprite="" Picture="1" IgnoreMouse="1" NewControlDepth="5" Border="1" UseTemplateBG="1"/>
        <Control Class="Window" LAnchorPoint="0.5" LAnchorOffset="-400" TAnchorPoint="0" TAnchorOffset="140" RAnchorPoint="0.5" RAnchorOffset="400" BAnchorPoint="0" BAnchorOffset="740" RelativeToClient="1" Font="Default" Text="" Template="Default" Name="ContentWnd_1" BGColor="ffffffff" TextColor="ffffffff" Visible="0" TooltipColor="" Picture="1" IgnoreMouse="1" Sprite=""/>
        <Control Class="Window" LAnchorPoint="0.5" LAnchorOffset="-400" TAnchorPoint="0" TAnchorOffset="139" RAnchorPoint="0.5" RAnchorOffset="400" BAnchorPoint="0" BAnchorOffset="739" RelativeToClient="1" Font="Default" Text="" Template="Default" Name="ContentWnd_2" BGColor="ffffffff" TextColor="ffffffff" Visible="0" TooltipColor=""/>
        <Control Class="Window" LAnchorPoint="0.5" LAnchorOffset="-400" TAnchorPoint="0" TAnchorOffset="139" RAnchorPoint="0.5" RAnchorOffset="400" BAnchorPoint="0" BAnchorOffset="739" RelativeToClient="1" Font="Default" Text="" Template="Default" Name="ContentWnd_3" BGColor="ffffffff" TextColor="ffffffff" Visible="0" TooltipColor="" VScroll="0" IgnoreMouse="0"/>
        <Control Class="Window" LAnchorPoint="0" LAnchorOffset="0" TAnchorPoint="0" TAnchorOffset="0" RAnchorPoint="1" RAnchorOffset="0" BAnchorPoint="1" BAnchorOffset="0" RelativeToClient="1" Font="Default" Text="" Template="Metal_Primary_Nav" TooltipType="OnCursor" Name="BGFrame" BGColor="ffffffff" TextColor="ffffffff" TooltipColor="" Sprite="" Picture="1" IgnoreMouse="1" NewControlDepth="5" Border="1" UseTemplateBG="1"/>
        <Control Class="Window" LAnchorPoint="0.5" LAnchorOffset="-400" TAnchorPoint="0" TAnchorOffset="137" RAnchorPoint="0.5" RAnchorOffset="400" BAnchorPoint="0" BAnchorOffset="683" RelativeToClient="1" Font="Default" Text="" Template="Default" Name="JoinContainer" BGColor="ffffffff" TextColor="ffffffff" HideInEditor="0" Sprite="" IgnoreMouse="1" TransitionShowHide="0" TooltipColor="" Visible="0">
            <Control Class="Window" LAnchorPoint="0" LAnchorOffset="427" TAnchorPoint="0" TAnchorOffset="195" RAnchorPoint="0" RAnchorOffset="712" BAnchorPoint="0" BAnchorOffset="235" RelativeToClient="1" Font="CRB_HeaderGigantic" Text="" Template="Default" Name="TEMP_InfoText" BGColor="ffffffff" TextColor="UI_TextHoloTitle" TextId="Guild_JoinAGuild" DT_WORDBREAK="1" TooltipColor="" DT_CENTER="1"/>
            <Control Class="Window" LAnchorPoint="0" LAnchorOffset="430" TAnchorPoint="0" TAnchorOffset="246" RAnchorPoint="0" RAnchorOffset="711" BAnchorPoint="0" BAnchorOffset="349" RelativeToClient="1" Font="CRB_InterfaceLarge" Text="" Template="Default" Name="TEMP_InfoText2" BGColor="ffffffff" TextColor="UI_TextHoloBodyHighlight" TextId="Guild_NoGuildDesc" DT_WORDBREAK="1" TooltipColor="" DT_CENTER="1"/>
            <Control Class="Window" LAnchorPoint="0" LAnchorOffset="101" TAnchorPoint="0" TAnchorOffset="117" RAnchorPoint="0" RAnchorOffset="597" BAnchorPoint="0" BAnchorOffset="461" RelativeToClient="1" Font="Default" Text="" Template="Default" Name="TEMP_InfoPic" BGColor="ffffffff" TextColor="ffffffff" Picture="1" IgnoreMouse="1" Sprite="CRB_Tradeskills:sprSchemIntroArt" TooltipColor=""/>
        </Control>
        <Control Class="Window" LAnchorPoint="0" LAnchorOffset="27" TAnchorPoint="0" TAnchorOffset="48" RAnchorPoint="1" RAnchorOffset="-26" BAnchorPoint="0" BAnchorOffset="124" RelativeToClient="1" Font="Default" Text="" Template="Default" Name="TopTabContainer" BGColor="ffffffff" TextColor="ffffffff" HideInEditor="0" TooltipColor="" NewControlDepth="1">
            <Control Class="Button" Base="BK3:btnMetal_TabMainLeft" Font="CRB_ButtonHeader" ButtonType="Check" RadioGroup="GuildOptions" LAnchorPoint="0" LAnchorOffset="0" TAnchorPoint="0" TAnchorOffset="0" RAnchorPoint="0.5" RAnchorOffset="-129" BAnchorPoint="1" BAnchorOffset="0" DT_VCENTER="1" DT_CENTER="1" Name="GuildOption1" BGColor="ffffffff" TextColor="ffffffff" HideInEditor="0" TextId="GuildMain_GuildInfo" NormalTextColor="UI_BtnTextGoldListNormal" PressedTextColor="UI_BtnTextGoldListPressed" FlybyTextColor="UI_BtnTextGoldListFlyby" PressedFlybyTextColor="UI_BtnTextGoldListPressedFlyby" DisabledTextColor="UI_BtnTextGoldListDisabled" GlobalRadioGroup="" Text="" RadioDisallowNonSelection="1" TooltipColor="">
                <Event Name="ButtonCheck" Function="OnGuildOptionCheck"/>
            </Control>
            <Control Class="Button" Base="BK3:btnMetal_TabMainMid" Font="CRB_ButtonHeader" ButtonType="Check" RadioGroup="GuildOptions" LAnchorPoint="0.5" LAnchorOffset="-129" TAnchorPoint="0" TAnchorOffset="0" RAnchorPoint="0.5" RAnchorOffset="129" BAnchorPoint="1" BAnchorOffset="0" DT_VCENTER="1" DT_CENTER="1" Name="GuildOption2" BGColor="ffffffff" TextColor="ffffffff" HideInEditor="0" TextId="SocialPanel_GuildRoster" NormalTextColor="UI_BtnTextGoldListNormal" PressedTextColor="UI_BtnTextGoldListPressed" FlybyTextColor="UI_BtnTextGoldListFlyby" PressedFlybyTextColor="UI_BtnTextGoldListPressedFlyby" DisabledTextColor="UI_BtnTextGoldListDisabled" GlobalRadioGroup="" Text="" RadioDisallowNonSelection="1" TooltipColor="">
                <Event Name="ButtonCheck" Function="OnGuildOptionCheck"/>
            </Control>
            <Control Class="Button" Base="BK3:btnMetal_TabMainRight" Font="CRB_ButtonHeader" ButtonType="Check" RadioGroup="GuildOptions" LAnchorPoint="0.5" LAnchorOffset="129" TAnchorPoint="0" TAnchorOffset="0" RAnchorPoint="1" RAnchorOffset="0" BAnchorPoint="1" BAnchorOffset="0" DT_VCENTER="1" DT_CENTER="1" Name="GuildOption3" BGColor="ffffffff" TextColor="ffffffff" HideInEditor="0" TextId="GuildPerks_Title" NormalTextColor="UI_BtnTextGoldListNormal" PressedTextColor="UI_BtnTextGoldListPressed" FlybyTextColor="UI_BtnTextGoldListFlyby" PressedFlybyTextColor="UI_BtnTextGoldListPressedFlyby" DisabledTextColor="UI_BtnTextGoldListDisabled" GlobalRadioGroup="" Text="" RadioDisallowNonSelection="1" TooltipColor="">
                <Event Name="ButtonCheck" Function="OnGuildOptionCheck"/>
            </Control>
        </Control>
        <Control Class="Button" Base="CRB_Basekit:kitBtn_Close" Font="Thick" ButtonType="PushButton" RadioGroup="" LAnchorPoint="1" LAnchorOffset="-51" TAnchorPoint="0" TAnchorOffset="26" RAnchorPoint="1" RAnchorOffset="-24" BAnchorPoint="0" BAnchorOffset="55" Name="CloseButton" BGColor="ffffffff" TextColor="ffffffff" WindowSoundTemplate="CloseWindowPhys" Text="" TextId="" RelativeToClient="1" NormalTextColor="ffffffff" PressedTextColor="ffffffff" FlybyTextColor="ffffffff" PressedFlybyTextColor="ffffffff" DisabledTextColor="ffffffff" TooltipColor="" NewControlDepth="1">
            <Event Name="ButtonSignal" Function="OnClose"/>
        </Control>
        <Event Name="WindowClosed" Function="OnClose"/>
        <Control Class="Window" LAnchorPoint=".5" LAnchorOffset="-201" TAnchorPoint="0" TAnchorOffset="25" RAnchorPoint=".5" RAnchorOffset="199" BAnchorPoint="0" BAnchorOffset="62" RelativeToClient="1" Font="CRB_HeaderLarge" Text="" BGColor="UI_WindowBGDefault" TextColor="UI_WindowTitleYellow" Template="Default" TooltipType="OnCursor" Name="Window" TooltipColor="" Picture="1" IgnoreMouse="1" Sprite="BK3:sprMetal_Framing_Header" TextId="InterfaceMenu_Guild" HScroll="0" DT_CENTER="1" DT_VCENTER="1"/>
    </Form>
    <Form Class="Window" LAnchorPoint="0.5" LAnchorOffset="-200" TAnchorPoint="0.5" TAnchorOffset="-162" RAnchorPoint="0.5" RAnchorOffset="200" BAnchorPoint="0.5" BAnchorOffset="58" RelativeToClient="1" Font="Default" Text="" Template="Default" Name="GuildInviteConfirmation" Border="0" Picture="1" SwallowMouseClicks="1" Moveable="1" Escapable="1" Overlapped="1" BGColor="ffffffff" TextColor="ffffffff" IgnoreMouse="1" Sprite="BK3:sprHolo_Alert_Confirm" TransitionShowHide="1" UseTransitionSprite="0" Visible="1" TooltipColor="" Tooltip="">
        <Control Class="Window" LAnchorPoint="0" LAnchorOffset="55" TAnchorPoint="0" TAnchorOffset="20" RAnchorPoint="1" RAnchorOffset="-55" BAnchorPoint="0" BAnchorOffset="80" RelativeToClient="1" Font="CRB_HeaderLarge" Text="" Template="Default" Name="GuildInviteLabel" BGColor="ffffffff" TextColor="UI_WindowTitleYellow" TextId="CRB__2" DT_WORDBREAK="1" DT_CENTER="1" DT_VCENTER="1" TooltipColor=""/>
        <Control Class="Button" Base="BK3:btnHolo_Close" Font="Thick" ButtonType="PushButton" RadioGroup="" LAnchorPoint="1" LAnchorOffset="-61" TAnchorPoint="0" TAnchorOffset="19" RAnchorPoint="1" RAnchorOffset="-19" BAnchorPoint="0" BAnchorOffset="63" DT_VCENTER="1" DT_CENTER="1" Name="GuildInviteCloseBtn" BGColor="ffffffff" TextColor="ffffffff" NormalTextColor="ffffffff" PressedTextColor="ffffffff" FlybyTextColor="ffffffff" PressedFlybyTextColor="ffffffff" DisabledTextColor="ffffffff" TooltipColor="">
            <Event Name="ButtonSignal" Function="OnGuildInviteDecline"/>
        </Control>
        <Control Class="Button" Base="BK3:btnHolo_Blue_Med" Font="CRB_Button" ButtonType="PushButton" RadioGroup="" LAnchorPoint="0" LAnchorOffset="77" TAnchorPoint="1" TAnchorOffset="-89" RAnchorPoint="0.5" RAnchorOffset="27" BAnchorPoint="1" BAnchorOffset="-16" DT_VCENTER="1" DT_CENTER="1" Name="GuildInviteYesBtn" BGColor="ffffffff" TextColor="ffffffff" NormalTextColor="UI_BtnTextBlueNormal" PressedTextColor="UI_BtnTextBluePressed" FlybyTextColor="UI_BtnTextBlueFlyby" PressedFlybyTextColor="ffffffff" DisabledTextColor="ffffffff" Text="" TextId="CRB_Accept" TooltipColor="">
            <Event Name="ButtonSignal" Function="OnGuildInviteAccept"/>
        </Control>
        <Control Class="Button" Base="BK3:btnHolo_Red_Med" Font="CRB_Button" ButtonType="PushButton" RadioGroup="" LAnchorPoint="0.5" LAnchorOffset="25" TAnchorPoint="1" TAnchorOffset="-89" RAnchorPoint="0" RAnchorOffset="325" BAnchorPoint="1" BAnchorOffset="-16" DT_VCENTER="1" DT_CENTER="1" Name="GuildInviteNoBtn" BGColor="ffffffff" TextColor="ffffffff" NormalTextColor="UI_BtnTextRedNormal" PressedTextColor="UI_BtnTextRedPressed" FlybyTextColor="UI_BtnTextRedFlyby" PressedFlybyTextColor="ffffffff" DisabledTextColor="ffffffff" Text="" TextId="CRB_Decline" TooltipColor="">
            <Event Name="ButtonSignal" Function="OnGuildInviteDecline"/>
        </Control>
        <Event Name="WindowClosed" Function="OnGuildInviteDecline"/>
        <Control Class="Window" LAnchorPoint="0" LAnchorOffset="55" TAnchorPoint="0" TAnchorOffset="78" RAnchorPoint="1" RAnchorOffset="-55" BAnchorPoint="0" BAnchorOffset="126" RelativeToClient="1" Font="CRB_InterfaceMedium_B" Text="" Template="Default" TooltipType="OnCursor" Name="GuildInviteTaxes" BGColor="ffffffff" TextColor="UI_TextHoloTitle" TooltipColor="" TextId="GuildInvite_TaxesEnabled" DT_CENTER="1" DT_VCENTER="1" Visible="0" Sprite="BK3:UI_BK3_Holo_InsetSimple" Picture="1" IgnoreMouse="1"/>
    </Form>
</Forms>
