<?xml version="1.0" encoding="UTF-8" standalone="yes" ?>
<Forms>
    <Form Class="Window" LAnchorPoint="0.5" LAnchorOffset="-250" TAnchorPoint=".5" TAnchorOffset="-150" RAnchorPoint="0.5" RAnchorOffset="233" BAnchorPoint=".5" BAnchorOffset="81" RelativeToClient="1" Font="Default" Text="" Template="Default" Name="StuckForm" Border="0" Picture="0" SwallowMouseClicks="1" Moveable="1" Escapable="1" Overlapped="1" BGColor="ffffffff" TextColor="ffffffff" TextId="" TooltipColor="" Tooltip="" Sprite="" HideInEditor="0" BottomEdgeControlsAnchor="">
        <Control Class="Window" LAnchorPoint="0" LAnchorOffset="8" TAnchorPoint="0" TAnchorOffset="8" RAnchorPoint="1" RAnchorOffset="-8" BAnchorPoint="1" BAnchorOffset="-8" RelativeToClient="1" Font="Default" Text="" Template="" Name="BGArt" BGColor="white" TextColor="white" Picture="1" IgnoreMouse="1" Sprite="BK3:sprHolo_Alert_Confirm" HideInEditor="0" TooltipColor="" Border="1" UseTemplateBG="1"/>
        <Control Class="Window" LAnchorPoint="0" LAnchorOffset="62" TAnchorPoint="1" TAnchorOffset="-112" RAnchorPoint="1" RAnchorOffset="-57" BAnchorPoint="1" BAnchorOffset="-29" RelativeToClient="1" Font="Default" Text="" Template="Default" TooltipType="OnCursor" Name="ArrangeHorz" BGColor="ffffffff" TextColor="ffffffff" TooltipColor="">
            <Control Class="Button" Base="BK3:btnHolo_Blue_Med" Font="CRB_Button" ButtonType="PushButton" RadioGroup="" LAnchorPoint="0" LAnchorOffset="0" TAnchorPoint="1" TAnchorOffset="-79" RAnchorPoint="0" RAnchorOffset="120" BAnchorPoint="1" BAnchorOffset="-6" DT_VCENTER="1" DT_CENTER="1" Name="BindButton" BGColor="ffffffff" TextColor="ff4dffff" NormalTextColor="UI_BtnTextBlueNormal" PressedTextColor="ffffffff" FlybyTextColor="ffffffff" PressedFlybyTextColor="ffffffff" WindowSoundTemplate="PushbuttonDigi02" TextId="CRB_Recall" DisabledTextColor="UI_BtnTextBlueDisabled" TooltipColor="" Text="" DT_WORDBREAK="1">
                <Event Name="ButtonSignal" Function="OnBind"/>
                <Control Class="Window" LAnchorPoint="0" LAnchorOffset="0" TAnchorPoint="1" TAnchorOffset="-73" RAnchorPoint="1" RAnchorOffset="0" BAnchorPoint="1" BAnchorOffset="0" RelativeToClient="1" Font="CRB_Button" Text="" Template="Default" TooltipType="OnCursor" Name="BindCooldownText" BGColor="ffffffff" TextColor="AddonError" TooltipColor="" DT_CENTER="1" IgnoreMouse="1" NoClip="1" TextId="" DT_BOTTOM="1"/>
            </Control>
            <Control Class="Button" Base="BK3:btnHolo_Blue_Med" Font="CRB_Button" ButtonType="PushButton" RadioGroup="" LAnchorPoint="0" LAnchorOffset="120" TAnchorPoint="1" TAnchorOffset="-79" RAnchorPoint="0" RAnchorOffset="240" BAnchorPoint="1" BAnchorOffset="-6" DT_VCENTER="1" DT_CENTER="1" Name="HomeButton" BGColor="ffffffff" TextColor="ff4dffff" NormalTextColor="UI_BtnTextBlueNormal" PressedTextColor="ffffffff" FlybyTextColor="ffffffff" PressedFlybyTextColor="ffffffff" WindowSoundTemplate="PushbuttonDigi02" TextId="CRB_Stuck_Home" DisabledTextColor="UI_BtnTextBlueDisabled" TooltipColor="" Text="" DT_WORDBREAK="1">
                <Event Name="ButtonSignal" Function="OnHome"/>
                <Control Class="Window" LAnchorPoint="0" LAnchorOffset="0" TAnchorPoint="1" TAnchorOffset="-73" RAnchorPoint="1" RAnchorOffset="0" BAnchorPoint="1" BAnchorOffset="0" RelativeToClient="1" Font="CRB_Button" Text="" Template="Default" TooltipType="OnCursor" Name="HomeCooldownText" BGColor="ffffffff" TextColor="AddonError" TooltipColor="" DT_CENTER="1" IgnoreMouse="1" NoClip="1" TextId="" DT_BOTTOM="1"/>
            </Control>
            <Control Class="Button" Base="BK3:btnHolo_Blue_Med" Font="CRB_Button" ButtonType="PushButton" RadioGroup="" LAnchorPoint="0" LAnchorOffset="238" TAnchorPoint="1" TAnchorOffset="-79" RAnchorPoint="0" RAnchorOffset="358" BAnchorPoint="1" BAnchorOffset="-6" DT_VCENTER="1" DT_CENTER="1" Name="DeathButton" BGColor="ffffffff" TextColor="ff4dffff" NormalTextColor="UI_BtnTextBlueNormal" PressedTextColor="UI_BtnTextBluePressed" FlybyTextColor="UI_BtnTextBlueFlyby" PressedFlybyTextColor="UI_BtnTextBluePressedFlyby" WindowSoundTemplate="PushbuttonDigi03" TextId="CRB_Stuck_Death" DisabledTextColor="UI_BtnTextBlueDisabled" TooltipColor="" Text="">
                <Event Name="ButtonSignal" Function="OnPickDeath"/>
            </Control>
        </Control>
        <Control Class="Window" LAnchorPoint="0" LAnchorOffset="55" TAnchorPoint="1" TAnchorOffset="-155" RAnchorPoint="1" RAnchorOffset="-55" BAnchorPoint="1" BAnchorOffset="-107" RelativeToClient="1" Font="CRB_InterfaceMedium" Template="Default" Name="NoticeText" BGColor="ffffffff" TextColor="UI_TextHoloTitle" DT_CENTER="1" DT_VCENTER="1" DT_WORDBREAK="1" TextId="CRB_Stuck_Unstuck_Message" TooltipColor="" Text="" Tooltip="" Sprite="BK3:UI_BK3_Holo_InsetSimple" Picture="1" IgnoreMouse="1" NewControlDepth="2"/>
        <Event Name="WindowClosed" Function="OnClose"/>
        <Control Class="Window" LAnchorPoint="0" LAnchorOffset="60" TAnchorPoint="1" TAnchorOffset="-197" RAnchorPoint="1" RAnchorOffset="-60" BAnchorPoint="1" BAnchorOffset="-163" RelativeToClient="1" Font="CRB_HeaderLarge" Template="Default" Name="NoticeTitle" BGColor="ffffffff" TextColor="UI_WindowTitleYellow" DT_CENTER="1" DT_VCENTER="1" DT_WORDBREAK="1" TextId="Stuck_Title" TooltipColor="" Text="" Tooltip=""/>
        <Control Class="Window" LAnchorPoint="0" LAnchorOffset="55" TAnchorPoint="0" TAnchorOffset="56" RAnchorPoint="1" RAnchorOffset="-57" BAnchorPoint="1" BAnchorOffset="-55" RelativeToClient="1" Font="Default" Text="" Template="Default" TooltipType="OnCursor" Name="Blocker" BGColor="90ffffff" TextColor="ffffffff" TooltipColor="" Sprite="ClientSprites:BlackFill" Picture="1" HideInEditor="1" NewControlDepth="2" Visible="0" Sizable="0" IgnoreMouse="0"/>
        <Control Class="Button" Base="BK3:btnHolo_Close" Font="CRB_InterfaceMedium" ButtonType="PushButton" RadioGroup="" LAnchorPoint="1" LAnchorOffset="-70" TAnchorPoint="0" TAnchorOffset="28" RAnchorPoint="1" RAnchorOffset="-28" BAnchorPoint="0" BAnchorOffset="73" DT_VCENTER="1" DT_CENTER="1" Name="CloseButton" BGColor="ffffffff" TextColor="ffffffff" NoClip="1" WindowSoundTemplate="CloseWindowPhys" NormalTextColor="ffffffff" PressedTextColor="ffffffff" FlybyTextColor="ffffffff" PressedFlybyTextColor="ffffffff" DisabledTextColor="ffffffff" TooltipColor="">
            <Event Name="ButtonSignal" Function="OnClose"/>
        </Control>
    </Form>
    <Form Class="Window" LAnchorPoint=".5" LAnchorOffset="-228" TAnchorPoint=".5" TAnchorOffset="-26" RAnchorPoint=".5" RAnchorOffset="228" BAnchorPoint=".5" BAnchorOffset="236" RelativeToClient="1" Font="Default" Text="" Template="Default" Name="DeathConfirm" Border="0" Picture="0" SwallowMouseClicks="1" Moveable="0" Escapable="0" Overlapped="1" BGColor="ffffffff" TextColor="ffffffff" TextId="" TooltipColor="" Tooltip="" Sprite="" NoClip="1" NewControlDepth="1" IgnoreMouse="1" TransitionShowHide="1">
        <Control Class="Window" LAnchorPoint="0" LAnchorOffset="8" TAnchorPoint="0" TAnchorOffset="8" RAnchorPoint="1" RAnchorOffset="-8" BAnchorPoint="1" BAnchorOffset="0" RelativeToClient="1" Font="Default" Text="" Template="Holo_Small" Name="BGArt" BGColor="white" TextColor="white" Picture="1" IgnoreMouse="1" Sprite="" HideInEditor="0" TooltipColor="" Border="1" UseTemplateBG="1"/>
        <Control Class="Window" LAnchorPoint=".5" LAnchorOffset="-130" TAnchorPoint="0" TAnchorOffset="53" RAnchorPoint=".5" RAnchorOffset="130" BAnchorPoint="0" BAnchorOffset="139" RelativeToClient="1" Font="CRB_InterfaceMedium" Template="Default" Name="NoticeTextFrame" BGColor="ffffffff" TextColor="UI_TextHoloTitle" DT_CENTER="1" DT_VCENTER="1" DT_WORDBREAK="1" TextId="" TooltipColor="" Text="" Tooltip="" Sprite="BK3:UI_BK3_Holo_InsetSimple" Picture="1" IgnoreMouse="1" NewControlDepth="2"/>
        <Control Class="Window" LAnchorPoint=".5" LAnchorOffset="-120" TAnchorPoint="0" TAnchorOffset="56" RAnchorPoint=".5" RAnchorOffset="120" BAnchorPoint="0" BAnchorOffset="135" RelativeToClient="1" Font="CRB_InterfaceMedium" Template="Default" Name="NoticeText" BGColor="ffffffff" TextColor="UI_TextHoloBody" DT_CENTER="1" DT_VCENTER="1" DT_WORDBREAK="1" TextId="CRB_Stuck_Death_ConfirmFree" TooltipColor="" Text="" LeftEdgeControlsAnchor=""/>
        <Control Class="Button" Base="BK3:btnHolo_Blue_Med" Font="CRB_Button" ButtonType="PushButton" RadioGroup="" LAnchorPoint="0.5" LAnchorOffset="-114" TAnchorPoint="0" TAnchorOffset="147" RAnchorPoint="0.5" RAnchorOffset="-2" BAnchorPoint="0" BAnchorOffset="220" DT_VCENTER="1" DT_CENTER="1" Name="YesButton" BGColor="ffffffff" TextColor="ff4dffff" NormalTextColor="UI_BtnTextBlueNormal" PressedTextColor="UI_BtnTextBluePressed" FlybyTextColor="UI_BtnTextBlueFlyby" PressedFlybyTextColor="UI_BtnTextBluePressedFlyby" WindowSoundTemplate="PushbuttonDigi02" TextId="Yes" DisabledTextColor="UI_BtnTextBlueDisabled" TooltipColor="" Text="" RelativeToClient="1">
            <Event Name="ButtonSignal" Function="OnYes"/>
        </Control>
        <Control Class="Button" Base="BK3:btnHolo_Red_Med" Font="CRB_Button" ButtonType="PushButton" RadioGroup="" LAnchorPoint="0.5" LAnchorOffset="2" TAnchorPoint="0" TAnchorOffset="147" RAnchorPoint="0.5" RAnchorOffset="114" BAnchorPoint="0" BAnchorOffset="219" DT_VCENTER="1" DT_CENTER="1" Name="NoButton" BGColor="ffffffff" TextColor="ff4dffff" NormalTextColor="UI_BtnTextRedNormal" PressedTextColor="UI_BtnTextRedPressed" FlybyTextColor="UI_BtnTextRedFlyby" PressedFlybyTextColor="UI_BtnTextRedPressedFlyby" WindowSoundTemplate="PushbuttonDigi03" TextId="No" DisabledTextColor="UI_BtnTextRedDisabled" TooltipColor="" Text="" RelativeToClient="1">
            <Event Name="ButtonSignal" Function="OnNo"/>
        </Control>
        <Control Class="Button" Base="BK3:btnHolo_Close" Font="CRB_InterfaceMedium" ButtonType="PushButton" RadioGroup="" LAnchorPoint="1" LAnchorOffset="-91" TAnchorPoint="0" TAnchorOffset="47" RAnchorPoint="1" RAnchorOffset="-49" BAnchorPoint="0" BAnchorOffset="91" DT_VCENTER="1" DT_CENTER="1" Name="NoButton2" BGColor="ffffffff" TextColor="ffffffff" NoClip="1" WindowSoundTemplate="CloseWindowPhys" NormalTextColor="ffffffff" PressedTextColor="ffffffff" FlybyTextColor="ffffffff" PressedFlybyTextColor="ffffffff" DisabledTextColor="ffffffff" TooltipColor="" Tooltip="" NewControlDepth="2">
            <Event Name="ButtonSignal" Function="OnNo"/>
        </Control>
    </Form>
</Forms>
