<?xml version="1.0" encoding="UTF-8" standalone="yes" ?>
<Forms>
    <Form Class="Window" LAnchorPoint=".5" LAnchorOffset="-223" TAnchorPoint=".5" TAnchorOffset="-377" RAnchorPoint=".5" RAnchorOffset="217" BAnchorPoint=".5" BAnchorOffset="243" RelativeToClient="1" Font="Default" Text="" Template="Holo_Medium" Name="InstanceSettingsForm" Border="1" Picture="0" SwallowMouseClicks="1" Moveable="1" Escapable="1" Overlapped="1" BGColor="white" TextColor="white" TextId="" TooltipColor="" Tooltip="" IgnoreMouse="1" Sprite="" UseTemplateBG="1" TooltipId="">
        <Control Class="Button" Base="BK3:btnHolo_Close" Font="Thick" ButtonType="PushButton" RadioGroup="" LAnchorPoint="1" LAnchorOffset="-79" TAnchorPoint="0" TAnchorOffset="35" RAnchorPoint="1" RAnchorOffset="-36" BAnchorPoint="0" BAnchorOffset="78" DT_VCENTER="1" DT_CENTER="1" Name="CloseButton" BGColor="white" TextColor="white" NewControlDepth="2" WindowSoundTemplate="CloseWindowPhys" Text="" TextId="" TooltipColor="" NormalTextColor="white" PressedTextColor="white" FlybyTextColor="white" PressedFlybyTextColor="white" DisabledTextColor="white" Template="">
            <Event Name="ButtonSignal" Function="OnCancel"/>
        </Control>
        <Control Class="Window" LAnchorPoint="0" LAnchorOffset="-10" TAnchorPoint="0" TAnchorOffset="41" RAnchorPoint="1" RAnchorOffset="10" BAnchorPoint="0" BAnchorOffset="327" RelativeToClient="1" Font="Default" Text="" BGColor="UI_WindowBGDefault" TextColor="UI_WindowTextDefault" Template="Default" TooltipType="OnCursor" Name="ContentFrame" TooltipColor="" Sprite="BK3:UI_BK3_Holo_InsetHeaderThin" Picture="1" IgnoreMouse="1" NoClip="1">
            <Control Class="Window" LAnchorPoint="0" LAnchorOffset="10" TAnchorPoint="0" TAnchorOffset="9" RAnchorPoint="1" RAnchorOffset="-10" BAnchorPoint="0" BAnchorOffset="29" RelativeToClient="1" Font="CRB_InterfaceMedium" Text="" BGColor="UI_WindowBGDefault" TextColor="UI_TextHoloTitle" Template="Default" TooltipType="OnCursor" Name="TitleBlock" TooltipColor="" TextId="CRB_Difficulty" DT_CENTER="1"/>
            <Control Class="Window" LAnchorPoint="0" LAnchorOffset="5" TAnchorPoint="1" TAnchorOffset="-168" RAnchorPoint="1" RAnchorOffset="-5" BAnchorPoint="1" BAnchorOffset="-4" RelativeToClient="1" Font="Default" Text="" BGColor="UI_WindowBGDefault" TextColor="UI_WindowTextDefault" Template="Default" TooltipType="OnCursor" Name="RallyCallout" TooltipColor="" Picture="1" IgnoreMouse="1" Sprite="BK3:UI_BK3_Holo_InsetHeaderThin">
                <Control Class="Window" LAnchorPoint="0" LAnchorOffset="11" TAnchorPoint="0" TAnchorOffset="46" RAnchorPoint="0" RAnchorOffset="238" BAnchorPoint="0" BAnchorOffset="67" RelativeToClient="1" Font="CRB_InterfaceSmall_I" Text="" BGColor="UI_WindowBGDefault" TextColor="UI_TextHoloTitle" Template="Default" TooltipType="OnCursor" Name="Rally149" TooltipColor="" TextId="InstanceSettings_Level149_Title"/>
                <Control Class="Window" LAnchorPoint="0" LAnchorOffset="10" TAnchorPoint="0" TAnchorOffset="63" RAnchorPoint="1" RAnchorOffset="-12" BAnchorPoint="0" BAnchorOffset="97" RelativeToClient="1" Font="CRB_InterfaceSmall_I" Text="" BGColor="UI_WindowBGDefault" TextColor="UI_TextHoloBody" Template="Default" TooltipType="OnCursor" Name="Rally149Text" TooltipColor="" TextId="InstanceSettings_Level149_Body" DT_WORDBREAK="1"/>
                <Control Class="Window" LAnchorPoint="0" LAnchorOffset="11" TAnchorPoint="0" TAnchorOffset="103" RAnchorPoint="0" RAnchorOffset="238" BAnchorPoint="0" BAnchorOffset="124" RelativeToClient="1" Font="CRB_InterfaceSmall_I" Text="" BGColor="UI_WindowBGDefault" TextColor="UI_TextHoloTitle" Template="Default" TooltipType="OnCursor" Name="Rally50" TooltipColor="" TextId="InstanceSettings_Level50_Title"/>
                <Control Class="Window" LAnchorPoint="0" LAnchorOffset="10" TAnchorPoint="0" TAnchorOffset="121" RAnchorPoint="1" RAnchorOffset="-15" BAnchorPoint="0" BAnchorOffset="155" RelativeToClient="1" Font="CRB_InterfaceSmall_I" Text="" BGColor="UI_WindowBGDefault" TextColor="UI_TextHoloBody" Template="Default" TooltipType="OnCursor" Name="Rally50Text" TooltipColor="" TextId="InstanceSettings_Level50_Body" DT_WORDBREAK="1"/>
            </Control>
        </Control>
        <Control Class="Button" Base="BK3:btnHolo_Blue_Med" Font="CRB_Button" ButtonType="Check" RadioGroup="InstanceSettings_LocalRadioGroup_Difficulty" LAnchorPoint="0.5" LAnchorOffset="-151" TAnchorPoint="0" TAnchorOffset="82" RAnchorPoint="1" RAnchorOffset="-151" BAnchorPoint="0" BAnchorOffset="155" DT_VCENTER="1" DT_CENTER="1" Name="DifficultyButton1" BGColor="white" TextColor="white" NewControlDepth="2" WindowSoundTemplate="ToggleDigi01" TextId="Tooltips_Normal" Text="" TooltipColor="" NormalTextColor="UI_BtnTextBlueNormal" PressedTextColor="UI_BtnTextBluePressed" FlybyTextColor="UI_BtnTextBlueFlyby" PressedFlybyTextColor="UI_BtnTextBluePressedFlyby" DisabledTextColor="UI_BtnTextBlueDisabled" Template="" Sprite="" GlobalRadioGroup="" Tooltip="" RelativeToClient="1" TooltipId="InstanceSettings_NormalDifficultyTooltip" TooltipFont="CRB_InterfaceSmall_O" TooltipType="OnCursor" RadioDisallowNonSelection="1"/>
        <Control Class="Button" Base="BK3:btnHolo_Blue_Med" Font="CRB_Button" ButtonType="Check" RadioGroup="InstanceSettings_LocalRadioGroup_Difficulty" LAnchorPoint="1" LAnchorOffset="-151" TAnchorPoint="0" TAnchorOffset="81" RAnchorPoint="0.5" RAnchorOffset="149" BAnchorPoint="0" BAnchorOffset="154" DT_VCENTER="1" DT_CENTER="1" Name="DifficultyButton2" BGColor="white" TextColor="white" NewControlDepth="2" WindowSoundTemplate="ToggleDigi01" TextId="CRB_Veteran" Text="" TooltipColor="" NormalTextColor="UI_BtnTextBlueNormal" PressedTextColor="UI_BtnTextBluePressed" FlybyTextColor="UI_BtnTextBlueFlyby" PressedFlybyTextColor="UI_BtnTextBluePressedFlyby" DisabledTextColor="UI_BtnTextBlueDisabled" Template="" Sprite="" DrawAsCheckbox="0" GlobalRadioGroup="" RelativeToClient="1" Tooltip="" TooltipId="InstanceSettings_VeteranDifficultyTooltip" TooltipFont="CRB_InterfaceSmall_O" TooltipType="OnCursor" RadioDisallowNonSelection="1"/>
        <Control Class="Button" Base="BK3:btnHolo_Check" Font="CRB_InterfaceMedium" ButtonType="Check" RadioGroup="InstanceSettings_LocalRadioGroup_Rallying" LAnchorPoint="0.5" LAnchorOffset="-84" TAnchorPoint="0" TAnchorOffset="164" RAnchorPoint="0.5" RAnchorOffset="94" BAnchorPoint="0" BAnchorOffset="189" DT_VCENTER="1" DT_CENTER="0" TooltipType="OnCursor" Name="LevelScalingButton" BGColor="white" TextColor="UI_BtnTextBlueNormal" TooltipColor="" NormalTextColor="UI_BtnTextBlueNormal" PressedTextColor="UI_BtnTextBluePressed" FlybyTextColor="UI_BtnTextBlueFlyby" PressedFlybyTextColor="UI_BtnTextBluePressedFlyby" DisabledTextColor="UI_BtnTextBlueDisabled" Text="" TextId="InstanceSettings_RallySettingDescription" GlobalRadioGroup="" Sprite="" Tooltip="" RelativeToClient="1" TooltipFont="CRB_InterfaceSmall_O" TooltipId="InstanceSettings_RallyingTooltip" DrawAsCheckbox="1" Template=""/>
        <Control Class="Button" Base="BK3:btnHolo_Blue_Med" Font="CRB_Button" ButtonType="PushButton" RadioGroup="" LAnchorPoint="0.5" LAnchorOffset="-60" TAnchorPoint="1" TAnchorOffset="-109" RAnchorPoint="0.5" RAnchorOffset="60" BAnchorPoint="1" BAnchorOffset="-37" DT_VCENTER="1" DT_CENTER="1" Name="EnterButton" BGColor="ConModerate" TextColor="white" NewControlDepth="2" WindowSoundTemplate="TogglePhys02" TextId="CRB_Enter" Text="" TooltipColor="" NormalTextColor="UI_BtnTextGreenNormal" PressedTextColor="UI_BtnTextGreenPressed" FlybyTextColor="UI_BtnTextGreenFlyby" PressedFlybyTextColor="UI_BtnTextGreenPressedFlyby" DisabledTextColor="UI_BtnTextGreenDisabled" Template="" Sprite="">
            <Event Name="ButtonSignal" Function="OnOK"/>
        </Control>
        <Control Class="Button" Base="BK3:btnHolo_Close" Font="Thick" ButtonType="PushButton" RadioGroup="" LAnchorPoint="1" LAnchorOffset="-29" TAnchorPoint="0" TAnchorOffset="-15" RAnchorPoint="1" RAnchorOffset="14" BAnchorPoint="0" BAnchorOffset="28" DT_VCENTER="1" DT_CENTER="1" Name="CloseButton" BGColor="white" TextColor="white" NewControlDepth="2" WindowSoundTemplate="CloseWindowPhys" Text="" TextId="" TooltipColor="" NormalTextColor="white" PressedTextColor="white" FlybyTextColor="white" PressedFlybyTextColor="white" DisabledTextColor="white" Tooltip="" NewWindowDepth="1" RelativeToClient="1" NoClip="1" Template="">
            <Event Name="ButtonSignal" Function="OnCancel"/>
        </Control>
        <Pixie LAnchorPoint="0" LAnchorOffset="50" TAnchorPoint="0" TAnchorOffset="-6" RAnchorPoint="1" RAnchorOffset="-50" BAnchorPoint="0" BAnchorOffset="50" BGColor="white" Font="CRB_Header14" TextColor="UI_WindowTitleYellow" Text="" TextId="InstanceSettings_Title" DT_CENTER="1" DT_VCENTER="0" DT_WORDBREAK="1" Line="0"/>
        <Event Name="WindowClosed" Function="OnCancel"/>
        <Control Class="Window" LAnchorPoint="0" LAnchorOffset="-5" TAnchorPoint="0" TAnchorOffset="345" RAnchorPoint="1" RAnchorOffset="5" BAnchorPoint="0" BAnchorOffset="455" RelativeToClient="1" Font="Default" Text="" BGColor="UI_WindowBGDefault" TextColor="UI_WindowTextDefault" Template="Default" TooltipType="OnCursor" Name="ExistingFrame" TooltipColor="" Sprite="BK3:UI_BK3_Holo_InsetHeaderThin" Picture="1" IgnoreMouse="1" NoClip="1" HideInEditor="0">
            <Control Class="Window" LAnchorPoint="0" LAnchorOffset="10" TAnchorPoint="0" TAnchorOffset="9" RAnchorPoint="1" RAnchorOffset="-10" BAnchorPoint="0" BAnchorOffset="29" RelativeToClient="1" Font="CRB_InterfaceMedium" Text="" BGColor="UI_WindowBGDefault" TextColor="UI_TextHoloTitle" Template="Default" TooltipType="OnCursor" Name="TitleBlock" TooltipColor="" TextId="InstanceSettings_Exists" DT_CENTER="1"/>
            <Control Class="Window" LAnchorPoint="0" LAnchorOffset="-10" TAnchorPoint="0" TAnchorOffset="-10" RAnchorPoint="1" RAnchorOffset="10" BAnchorPoint="1" BAnchorOffset="10" RelativeToClient="1" Font="Default" Text="" BGColor="UI_WindowBGDefault" TextColor="UI_WindowTextDefault" Template="Default" TooltipType="OnCursor" Name="Alert" TooltipColor="" Sprite="CRB_Basekit:kitAccent_Frame_OrangeStroke" Picture="1" IgnoreMouse="1" NoClip="1"/>
        </Control>
        <Control Class="Window" LAnchorPoint="0" LAnchorOffset="32" TAnchorPoint="0" TAnchorOffset="108" RAnchorPoint="0" RAnchorOffset="57" BAnchorPoint="0" BAnchorOffset="131" RelativeToClient="1" Font="Default" Text="" BGColor="UI_WindowBGDefault" TextColor="UI_WindowTextDefault" Template="Default" TooltipType="OnCursor" Name="CheckboxDifficultyButton1" TooltipColor="" Picture="1" IgnoreMouse="1" Sprite="CRB_Basekit:kitIcon_Holo_Checkmark" NewControlDepth="1"/>
        <Control Class="Window" LAnchorPoint="0" LAnchorOffset="202" TAnchorPoint="0" TAnchorOffset="108" RAnchorPoint="0" RAnchorOffset="229" BAnchorPoint="0" BAnchorOffset="132" RelativeToClient="1" Font="Default" Text="" BGColor="UI_WindowBGDefault" TextColor="UI_WindowTextDefault" Template="Default" TooltipType="OnCursor" Name="CheckboxDifficultyButton2" TooltipColor="" Picture="1" IgnoreMouse="1" Sprite="CRB_Basekit:kitIcon_Holo_Checkmark" NewControlDepth="1"/>
        <Control Class="Window" LAnchorPoint="0" LAnchorOffset="65" TAnchorPoint="0" TAnchorOffset="167" RAnchorPoint="0" RAnchorOffset="91" BAnchorPoint="0" BAnchorOffset="190" RelativeToClient="1" Font="Default" Text="" BGColor="UI_WindowBGDefault" TextColor="UI_WindowTextDefault" Template="Default" TooltipType="OnCursor" Name="CheckboxLevelScaling" TooltipColor="" Picture="1" IgnoreMouse="1" NewControlDepth="1" Sprite="CRB_Basekit:kitIcon_Holo_Checkmark" NewWindowDepth="1"/>
        <Control Class="Button" Base="BK3:btnHolo_Blue_Med" Font="CRB_Button" ButtonType="PushButton" RadioGroup="InstanceSettings_LocalRadioGroup_Difficulty" LAnchorPoint="0.5" LAnchorOffset="-125" TAnchorPoint="0" TAnchorOffset="378" RAnchorPoint=".5" RAnchorOffset="125" BAnchorPoint="0" BAnchorOffset="451" DT_VCENTER="1" DT_CENTER="1" Name="ResetInstanceButton" BGColor="white" TextColor="white" NewControlDepth="2" WindowSoundTemplate="ToggleDigi01" TextId="InstanceSettings_Reset" Text="" TooltipColor="" NormalTextColor="UI_BtnTextBlueNormal" PressedTextColor="UI_BtnTextBluePressed" FlybyTextColor="UI_BtnTextBlueFlyby" PressedFlybyTextColor="UI_BtnTextBluePressedFlyby" DisabledTextColor="UI_BtnTextBlueDisabled" Template="" Sprite="" GlobalRadioGroup="" Tooltip="" RelativeToClient="1" TooltipId="InstanceSettings_ResetTooltip" TooltipFont="CRB_InterfaceSmall_O" TooltipType="OnCursor" RadioDisallowNonSelection="1" HideInEditor="0">
            <Event Name="ButtonSignal" Function="OnReset"/>
        </Control>
        <Control Class="Window" LAnchorPoint="0" LAnchorOffset="35" TAnchorPoint="0" TAnchorOffset="362" RAnchorPoint="0" RAnchorOffset="307" BAnchorPoint="0" BAnchorOffset="395" RelativeToClient="1" Font="CRB_InterfaceSmall" Text="" BGColor="UI_WindowBGDefault" TextColor="AddonError" Template="Holo_Small" TooltipType="OnCursor" Name="ErrorWindow" TooltipColor="" TextId="InstanceSettings_ResetFail" DT_CENTER="1" DT_VCENTER="1" HideInEditor="0"/>
        <Control Class="Window" LAnchorPoint="0" LAnchorOffset="-17" TAnchorPoint="0" TAnchorOffset="325" RAnchorPoint="1" RAnchorOffset="19" BAnchorPoint="0" BAnchorOffset="345" RelativeToClient="1" Font="Default" Text="" BGColor="UI_WindowBGDefault" TextColor="UI_WindowTextDefault" Template="Default" TooltipType="OnCursor" Name="Divider" TooltipColor="" Picture="1" IgnoreMouse="1" Sprite="BK3:UI_BK3_Holo_InsetDividerBright_H" NoClip="1" HideInEditor="0"/>
    </Form>
    <Form Class="Window" LAnchorPoint="0.5" LAnchorOffset="-180" TAnchorPoint="0.5" TAnchorOffset="-164" RAnchorPoint="0.5" RAnchorOffset="189" BAnchorPoint="0.5" BAnchorOffset="44" RelativeToClient="1" Font="Default" Text="" Template="" TooltipType="OnCursor" Name="InstanceSettingsRestrictedForm" Border="0" Picture="1" SwallowMouseClicks="1" Moveable="1" Escapable="1" Overlapped="1" BGColor="white" TextColor="white" TooltipColor="" IgnoreMouse="1" Sprite="BK3:UI_BK3_Holo_Framing_1" TextId="" DT_CENTER="0" DT_VCENTER="0" DT_WORDBREAK="0" Tooltip="">
        <Control Class="Button" Base="BK3:btnHolo_Close" Font="Thick" ButtonType="PushButton" RadioGroup="" LAnchorPoint="1" LAnchorOffset="-82" TAnchorPoint="0" TAnchorOffset="39" RAnchorPoint="1" RAnchorOffset="-40" BAnchorPoint="0" BAnchorOffset="82" DT_VCENTER="1" DT_CENTER="1" Name="CloseButton" BGColor="white" TextColor="white" NewControlDepth="2" WindowSoundTemplate="CloseWindowPhys" Text="" TextId="" TooltipColor="" NormalTextColor="white" PressedTextColor="white" FlybyTextColor="white" PressedFlybyTextColor="white" DisabledTextColor="white">
            <Event Name="ButtonSignal" Function="OnCancel"/>
        </Control>
        <Pixie LAnchorPoint="0" LAnchorOffset="60" TAnchorPoint="0" TAnchorOffset="60" RAnchorPoint="1" RAnchorOffset="-60" BAnchorPoint="1" BAnchorOffset="-60" BGColor="white" Font="CRB_InterfaceSmall" TextColor="UI_TextHoloBodyHighlight" Text="" TextId="InstanceSettings_Restricted" DT_CENTER="1" DT_VCENTER="1" DT_WORDBREAK="1" Line="0" Sprite="BK3:UI_BK3_Holo_InsetSimple"/>
        <Event Name="WindowClosed" Function="OnCancel"/>
    </Form>
    <Form Class="Window" LAnchorPoint="0.5" LAnchorOffset="-180" TAnchorPoint="0.5" TAnchorOffset="-131" RAnchorPoint="0.5" RAnchorOffset="189" BAnchorPoint="0.5" BAnchorOffset="91" RelativeToClient="1" Font="Default" Text="" Template="" TooltipType="OnCursor" Name="InstanceSettingsPendingRemoval" Border="0" Picture="1" SwallowMouseClicks="1" Moveable="1" Escapable="0" Overlapped="1" BGColor="white" TextColor="white" TooltipColor="" IgnoreMouse="1" Sprite="BK3:UI_BK3_Holo_Framing_1" TextId="" DT_CENTER="0" DT_VCENTER="0" DT_WORDBREAK="0" Tooltip="">
        <Pixie LAnchorPoint="0" LAnchorOffset="60" TAnchorPoint="0" TAnchorOffset="-15" RAnchorPoint="1" RAnchorOffset="-60" BAnchorPoint="1" BAnchorOffset="-60" BGColor="white" Font="CRB_InterfaceSmall" TextColor="UI_TextHoloBodyHighlight" Text="" TextId="InstanceSettings_PendingRemoval" DT_CENTER="1" DT_VCENTER="1" DT_WORDBREAK="1" Line="0" Sprite="" Width="1.0"/>
        <Control Class="Window" LAnchorPoint="0.5" LAnchorOffset="-15" TAnchorPoint="0.5" TAnchorOffset="-20" RAnchorPoint="0.5" RAnchorOffset="15" BAnchorPoint="0.5" BAnchorOffset="20" RelativeToClient="1" Font="CRB_HeaderHuge" Text="30" BGColor="white" TextColor="UI_TextHoloBodyHighlight" Template="Default" TooltipType="OnCursor" Name="RemovalCountdownLabel" TooltipColor="" LeftEdgeControlsAnchor="" TopEdgeControlsAnchor="" RightEdgeControlsAnchor="" TextId="" DT_CENTER="1" DT_VCENTER="1"/>
        <Control Class="Button" Base="BK3:btnHolo_Red_Med" Font="CRB_Button" ButtonType="PushButton" RadioGroup="" LAnchorPoint="0.5" LAnchorOffset="-60" TAnchorPoint="1" TAnchorOffset="-105" RAnchorPoint="0.5" RAnchorOffset="59" BAnchorPoint="1" BAnchorOffset="-40" DT_VCENTER="1" DT_CENTER="1" Name="LeaveButton" BGColor="ConModerate" TextColor="white" NewControlDepth="2" WindowSoundTemplate="TogglePhys02" TextId="Death_ExitInstance" Text="" TooltipColor="" NormalTextColor="UI_BtnTextRedNormal" PressedTextColor="UI_BtnTextRedPressed" FlybyTextColor="UI_BtnTextRedFlyby" PressedFlybyTextColor="UI_BtnTextRedPressedFlyby" DisabledTextColor="UI_BtnTextRedDisabled" Template="" Sprite="">
            <Event Name="ButtonSignal" Function="OnExitInstance"/>
        </Control>
    </Form>
</Forms>
