<Forms>
    <Form Class="Window" LAnchorPoint="0.5" LAnchorOffset="-350" TAnchorPoint="0" TAnchorOffset="150" RAnchorPoint="0.5" RAnchorOffset="350" BAnchorPoint="0" BAnchorOffset="600" RelativeToClient="1" Font="Default" Text="" Template="Default" Name="ResourceConversionForm" Border="0" Picture="1" SwallowMouseClicks="1" Moveable="1" Escapable="1" Overlapped="1" BGColor="ffffffff" TextColor="ffffffff" IgnoreMouse="0" Sprite="" TooltipColor="" Tooltip="">
        <Event Name="WindowClosed" Function="OnCloseBtn"/>
        <Control Class="Window" LAnchorPoint="0" LAnchorOffset="25" TAnchorPoint="0" TAnchorOffset="70" RAnchorPoint="0" RAnchorOffset="677" BAnchorPoint="0" BAnchorOffset="429" RelativeToClient="1" Font="Default" Text="" BGColor="UI_WindowBGDefault" TextColor="UI_WindowTextDefault" Template="Holo_Background_General" TooltipType="OnCursor" Name="HoloBG" TooltipColor="" Border="1" IgnoreMouse="1" UseTemplateBG="1"/>
        <Control Class="Window" LAnchorPoint="0" LAnchorOffset="39" TAnchorPoint="0" TAnchorOffset="83" RAnchorPoint="1" RAnchorOffset="-39" BAnchorPoint="1" BAnchorOffset="-35" RelativeToClient="1" Font="Default" Text="" Template="Holo_ScrollList" TooltipType="OnCursor" Name="ConversionContainer" BGColor="ffffffff" TextColor="ffffffff" TooltipColor="" VScroll="1" IgnoreMouse="1" Picture="0" Border="1" UseTemplateBG="1" NewControlDepth="2"/>
        <Control Class="Window" LAnchorPoint="0" LAnchorOffset="0" TAnchorPoint="0" TAnchorOffset="0" RAnchorPoint="1" RAnchorOffset="0" BAnchorPoint="1" BAnchorOffset="0" RelativeToClient="1" Font="Default" Text="" BGColor="UI_WindowBGDefault" TextColor="UI_WindowTextDefault" Template="Metal_Primary_NoNav" TooltipType="OnCursor" Name="MainFrame" TooltipColor="" Border="1" IgnoreMouse="1" UseTemplateBG="1"/>
        <Control Class="Window" LAnchorPoint=".5" LAnchorOffset="-200" TAnchorPoint="0" TAnchorOffset="25" RAnchorPoint=".5" RAnchorOffset="200" BAnchorPoint="0" BAnchorOffset="61" RelativeToClient="1" Font="CRB_HeaderMedium" Text="" Template="Default" TooltipType="OnCursor" Name="VendorName" BGColor="ffffffff" TextColor="UI_WindowTitleYellow" TooltipColor="" TextId="CRB__2" DT_CENTER="1" DT_VCENTER="1" Sprite="BK3:sprMetal_Framing_Header" Picture="1" IgnoreMouse="1" NewControlDepth="3"/>
        <Control Class="Button" Base="CRB_Basekit:kitBtn_Close" Font="Thick" ButtonType="PushButton" RadioGroup="" LAnchorPoint="1" LAnchorOffset="-50" TAnchorPoint="0" TAnchorOffset="24" RAnchorPoint="1" RAnchorOffset="-18" BAnchorPoint="0" BAnchorOffset="56" DT_VCENTER="1" DT_CENTER="1" TooltipType="OnCursor" Name="CloseBtn" BGColor="ffffffff" TextColor="ffffffff" TooltipColor="" NormalTextColor="ffffffff" PressedTextColor="ffffffff" FlybyTextColor="ffffffff" PressedFlybyTextColor="ffffffff" DisabledTextColor="ffffffff">
            <Event Name="ButtonSignal" Function="OnCloseBtn"/>
        </Control>
    </Form>
    <Form Class="Window" LAnchorPoint="0" LAnchorOffset="0" TAnchorPoint="0" TAnchorOffset="0" RAnchorPoint="1" RAnchorOffset="0" BAnchorPoint="0" BAnchorOffset="132" RelativeToClient="1" Font="Default" Text="" Template="Default" TooltipType="OnCursor" Name="ConversionItem" BGColor="ffffffff" TextColor="ffffffff" TooltipColor="" Sprite="" Picture="1" IgnoreMouse="1" Tooltip="">
        <Control Class="Window" LAnchorPoint="0" LAnchorOffset="-1" TAnchorPoint="0" TAnchorOffset="1" RAnchorPoint="1" RAnchorOffset="-1" BAnchorPoint="1" BAnchorOffset="-1" RelativeToClient="1" Font="Default" Text="" Template="Default" TooltipType="OnCursor" Name="ConversionItemPadded" BGColor="ffffffff" TextColor="ffffffff" TooltipColor="" Sprite="" Picture="1" IgnoreMouse="1" Tooltip="">
            <Control Class="Window" LAnchorPoint="0" LAnchorOffset="198" TAnchorPoint="0" TAnchorOffset="8" RAnchorPoint="1" RAnchorOffset="-8" BAnchorPoint="1" BAnchorOffset="-11" RelativeToClient="1" Font="Default" Text="" Template="Default" TooltipType="OnCursor" Name="ConversionBGBottom" BGColor="ffffffff" TextColor="ffffffff" TooltipColor="" Sprite="BK3:UI_BK3_Holo_InsetHeaderThin" Picture="1" IgnoreMouse="1"/>
            <Control Class="Window" LAnchorPoint="0" LAnchorOffset="203" TAnchorPoint="0" TAnchorOffset="77" RAnchorPoint="1" RAnchorOffset="-122" BAnchorPoint="0" BAnchorOffset="114" RelativeToClient="1" Font="Default" Text="" Template="Default" TooltipType="OnCursor" Name="MainSliderBGContainer" BGColor="ffffffff" TextColor="ffffffff" TooltipColor="" Tooltip="" Sprite="BK3:UI_BK3_Holo_InsetSimple" Picture="1" IgnoreMouse="1" NewControlDepth="1">
                <Control Class="Window" LAnchorPoint="0" LAnchorOffset="66" TAnchorPoint="0" TAnchorOffset="7" RAnchorPoint="1" RAnchorOffset="-5" BAnchorPoint="0" BAnchorOffset="33" RelativeToClient="1" Font="Default" Text="" BGColor="UI_WindowBGDefault" TextColor="UI_WindowTextDefault" Template="Default" TooltipType="OnCursor" Name="MainSliderBackground" TooltipColor="" Sprite="BK3:UI_BK3_Holo_InsetSlider" Picture="1" IgnoreMouse="1" NewControlDepth="3"/>
                <Control Class="Button" Base="BK3:btnHolo_Options_DragLeft" Font="DefaultButton" ButtonType="PushButton" RadioGroup="" LAnchorPoint="0" LAnchorOffset="68" TAnchorPoint="0" TAnchorOffset="2" RAnchorPoint="0" RAnchorOffset="90" BAnchorPoint="0" BAnchorOffset="34" DT_VCENTER="1" DT_CENTER="1" BGColor="UI_BtnBGDefault" TextColor="UI_BtnTextDefault" NormalTextColor="UI_BtnTextDefault" PressedTextColor="UI_BtnTextDefault" FlybyTextColor="UI_BtnTextDefault" PressedFlybyTextColor="UI_BtnTextDefault" DisabledTextColor="UI_BtnTextDefault" TooltipType="OnCursor" Name="SliderLeft" TooltipColor="" Sprite="" WindowSoundTemplate="Custom">
                    <Event Name="ButtonDown" Function="OnConversionAddSubBtn"/>
                    <Event Name="ButtonUp" Function="OnConversionAddSubBtnUp"/>
                </Control>
                <Control Class="SliderBar" LAnchorPoint="0" LAnchorOffset="86" TAnchorPoint="0" TAnchorOffset="5" RAnchorPoint="1" RAnchorOffset="-27" BAnchorPoint="0" BAnchorOffset="35" RelativeToClient="1" Font="Default" Text="" Template="Default" TooltipType="OnCursor" Name="MainSlider" BGColor="ffffffff" TextColor="ffffffff" TooltipColor="" Middle="" Thumb="CRB_CharacterCreateSprites:btnCharC_ScrollkitScroller" Tick="" DrawTicks="0" DiscreteTicks="1" Visible="1" HideInEditor="0" Sprite="" RightCap="" LeftCap="">
                    <Event Name="SliderBarChanged" Function="OnMainSliderChanged"/>
                </Control>
                <Control Class="Button" Base="BK3:btnHolo_Options_DragRight" Font="DefaultButton" ButtonType="PushButton" RadioGroup="" LAnchorPoint="1" LAnchorOffset="-27" TAnchorPoint="0" TAnchorOffset="3" RAnchorPoint="1" RAnchorOffset="-5" BAnchorPoint="0" BAnchorOffset="35" DT_VCENTER="1" DT_CENTER="1" BGColor="UI_BtnBGDefault" TextColor="UI_BtnTextDefault" NormalTextColor="UI_BtnTextDefault" PressedTextColor="UI_BtnTextDefault" FlybyTextColor="UI_BtnTextDefault" PressedFlybyTextColor="UI_BtnTextDefault" DisabledTextColor="UI_BtnTextDefault" TooltipType="OnCursor" Name="SliderRight" TooltipColor="" Sprite="" WindowSoundTemplate="Custom">
                    <Event Name="ButtonDown" Function="OnConversionAddSubBtn"/>
                    <Event Name="ButtonUp" Function="OnConversionAddSubBtnUp"/>
                </Control>
                <Control Class="Window" LAnchorPoint="0" LAnchorOffset="3" TAnchorPoint="0" TAnchorOffset="3" RAnchorPoint="0" RAnchorOffset="65" BAnchorPoint="0" BAnchorOffset="35" RelativeToClient="1" Font="Default" Text="" Template="Default" TooltipType="OnCursor" Name="ConversionLeftNumberBoxBG" BGColor="ffffffff" TextColor="ffffffff" TooltipColor="" Sprite="BK3:UI_BK3_Holo_Snippet" Picture="1" IgnoreMouse="1">
                    <Control Class="EditBox" LAnchorPoint="0" LAnchorOffset="5" TAnchorPoint="0" TAnchorOffset="0" RAnchorPoint="1" RAnchorOffset="-5" BAnchorPoint="1" BAnchorOffset="0" RelativeToClient="1" Font="CRB_HeaderSmall" Text="15" Template="Default" TooltipType="OnCursor" Name="ConversionLeftEditBox" BGColor="ffffffff" TextColor="ffffffff" TooltipColor="" TextId="" DT_VCENTER="1" Picture="1" Sprite="" NoSelectOnFocus="1" Tooltip="" DT_CENTER="1" LoseFocusOnExternalClick="1">
                        <Event Name="EditBoxChanged" Function="OnConversionLeftEditBoxChanged"/>
                        <Event Name="EditBoxReturn" Function="OnConversionLeftEditBoxReturn"/>
                    </Control>
                </Control>
            </Control>
            <Pixie LAnchorPoint="0" LAnchorOffset="1" TAnchorPoint="0" TAnchorOffset="1" RAnchorPoint="1" RAnchorOffset="-1" BAnchorPoint="1" BAnchorOffset="-5" BGColor="ffffffff" Font="Default" TextColor="ffffffff" Text="" Sprite="BK3:UI_BK3_Holo_InsetSimple" Line="0"/>
            <Control Class="Window" LAnchorPoint="0" LAnchorOffset="7" TAnchorPoint="0" TAnchorOffset="7" RAnchorPoint="0" RAnchorOffset="193" BAnchorPoint="0" BAnchorOffset="119" RelativeToClient="1" Font="Default" Text="" Template="Default" TooltipType="OnCursor" Name="ConversionIconContainer" BGColor="ffffffff" TextColor="ffffffff" TooltipColor="" Sprite="BK3:UI_BK3_Holo_InsetSimple" Picture="1" IgnoreMouse="1">
                <Control Class="Window" LAnchorPoint="0" LAnchorOffset="10" TAnchorPoint="0" TAnchorOffset="19" RAnchorPoint=".5" RAnchorOffset="-10" BAnchorPoint="1" BAnchorOffset="-20" RelativeToClient="1" Font="Default" Text="" Template="Default" TooltipType="OnCursor" Name="ConversionIconLeftFrame" BGColor="ffffffff" TextColor="ffffffff" TooltipColor="" Sprite="BK3:UI_BK3_Holo_InsetFramed" Picture="1" IgnoreMouse="1">
                    <Control Class="Window" LAnchorPoint="0" LAnchorOffset="8" TAnchorPoint="0" TAnchorOffset="8" RAnchorPoint="1" RAnchorOffset="-8" BAnchorPoint="1" BAnchorOffset="-8" RelativeToClient="1" Font="Default" Text="" Template="Default" TooltipType="OnCursor" Name="ConversionIconLeft" BGColor="ffffffff" TextColor="ffffffff" TooltipColor="" Sprite="ClientSprites:Icon_SkillMisc_UI_m_enrgypls" Picture="1" IgnoreMouse="1"/>
                    <Control Class="Window" LAnchorPoint="0" LAnchorOffset="0" TAnchorPoint="0" TAnchorOffset="0" RAnchorPoint="1" RAnchorOffset="0" BAnchorPoint="1" BAnchorOffset="0" RelativeToClient="1" Font="CRB_HeaderHuge_O" Text="" Template="Default" TooltipType="OnCursor" Name="ConversionIconLeftText" BGColor="ffffffff" TextColor="ffffffff" TooltipColor="" TextId="" DT_CENTER="1" Tooltip="" DT_VCENTER="1"/>
                </Control>
                <Control Class="Window" LAnchorPoint=".5" LAnchorOffset="10" TAnchorPoint="0" TAnchorOffset="19" RAnchorPoint="1" RAnchorOffset="-10" BAnchorPoint="1" BAnchorOffset="-20" RelativeToClient="1" Font="Default" Text="" Template="Default" TooltipType="OnCursor" Name="ConversionIconRightFrame" BGColor="ffffffff" TextColor="ffffffff" TooltipColor="" Sprite="BK3:UI_BK3_Holo_InsetFramed" Picture="1" IgnoreMouse="1">
                    <Control Class="Window" LAnchorPoint="0" LAnchorOffset="8" TAnchorPoint="0" TAnchorOffset="8" RAnchorPoint="1" RAnchorOffset="-8" BAnchorPoint="1" BAnchorOffset="-8" RelativeToClient="1" Font="Default" Text="" Template="Default" TooltipType="OnCursor" Name="ConversionIconRight" BGColor="ffffffff" TextColor="ffffffff" TooltipColor="" Sprite="ClientSprites:Icon_ItemMisc_UI_Item_Parchment" Picture="1" IgnoreMouse="1"/>
                    <Control Class="Window" LAnchorPoint="0" LAnchorOffset="0" TAnchorPoint="0" TAnchorOffset="0" RAnchorPoint="1" RAnchorOffset="0" BAnchorPoint="1" BAnchorOffset="0" RelativeToClient="1" Font="CRB_HeaderHuge_O" Text="" Template="Default" TooltipType="OnCursor" Name="ConversionIconRightText" BGColor="ffffffff" TextColor="ffffffff" TooltipColor="" TextId="" DT_CENTER="1" DT_VCENTER="1"/>
                </Control>
                <Control Class="Window" LAnchorPoint=".5" LAnchorOffset="-10" TAnchorPoint=".5" TAnchorOffset="-10" RAnchorPoint=".5" RAnchorOffset="15" BAnchorPoint=".5" BAnchorOffset="15" RelativeToClient="1" Font="Default" Text="" Template="Default" TooltipType="OnCursor" Name="ConversionIconSpacer" BGColor="ffffffff" TextColor="ffffffff" TooltipColor="" Sprite="CRB_Basekit:kitIcon_Holo_Forward" Picture="1" IgnoreMouse="1"/>
                <Control Class="Window" LAnchorPoint="0" LAnchorOffset="3" TAnchorPoint="0" TAnchorOffset="3" RAnchorPoint="1" RAnchorOffset="-3" BAnchorPoint="1" BAnchorOffset="-3" RelativeToClient="1" Font="CRB_InterfaceLarge_BO" Text="" Template="" TooltipType="OnCursor" Name="ConversionBlockerBlackFillIconContainer" BGColor="aaffffff" TextColor="ffb80000" TooltipColor="" Picture="1" IgnoreMouse="0" Sprite="ClientSprites:BlackFill" TextId="" DT_CENTER="1" DT_VCENTER="1" HideInEditor="1" Visible="0" NewWindowDepth="1"/>
            </Control>
            <Control Class="Button" Base="BK3:btnHolo_Blue_Small" Font="CRB_Button" ButtonType="PushButton" RadioGroup="" LAnchorPoint="1" LAnchorOffset="-120" TAnchorPoint="0" TAnchorOffset="68" RAnchorPoint="1" RAnchorOffset="-10" BAnchorPoint="0" BAnchorOffset="121" DT_VCENTER="1" DT_CENTER="1" TooltipType="OnCursor" Name="ConversionBtn" BGColor="ffffffff" TextColor="ffffffff" TooltipColor="" NormalTextColor="UI_BtnTextBlueNormal" PressedTextColor="UI_BtnTextBluePressed" FlybyTextColor="UI_BtnTextBlueFlyby" PressedFlybyTextColor="UI_BtnTextBluePressedFlyby" DisabledTextColor="UI_BtnTextBlueDisabled" Text="" TextId="CRB_Convert">
                <Event Name="ButtonSignal" Function="OnConversionBtn"/>
            </Control>
            <Control Class="Window" LAnchorPoint="0" LAnchorOffset="210" TAnchorPoint="0" TAnchorOffset="12" RAnchorPoint="1" RAnchorOffset="-20" BAnchorPoint="0" BAnchorOffset="40" RelativeToClient="1" Font="CRB_HeaderTiny" Text="" Template="Default" TooltipType="OnCursor" Name="ConversionItemNames" BGColor="ffffffff" TextColor="UI_TextHoloTitle" TooltipColor="" TextId="" DT_CENTER="0" DT_WORDBREAK="1" DT_VCENTER="1"/>
            <Control Class="Window" LAnchorPoint="0" LAnchorOffset="211" TAnchorPoint="0" TAnchorOffset="46" RAnchorPoint="1" RAnchorOffset="-120" BAnchorPoint="0" BAnchorOffset="75" RelativeToClient="1" Font="CRB_InterfaceSmall" Text="" Template="Default" TooltipType="OnCursor" Name="ConversionItemResult" BGColor="ffffffff" TextColor="UI_TextHoloBodyHighlight" TooltipColor="" TextId="" DT_CENTER="0" DT_WORDBREAK="1" DT_VCENTER="1"/>
            <Control Class="Window" LAnchorPoint="0" LAnchorOffset="198" TAnchorPoint="0" TAnchorOffset="40" RAnchorPoint="0" RAnchorOffset="1488" BAnchorPoint="0" BAnchorOffset="118" RelativeToClient="1" Font="Default" Text="" BGColor="UI_AlphaPercent80" TextColor="UI_WindowTextDefault" Template="Default" TooltipType="OnCursor" Name="ConversionBlockerBlackFill" TooltipColor="" Picture="1" IgnoreMouse="1" Visible="0"/>
        </Control>
        <Event Name="MouseButtonDown" Function="OnConversionItemMouseButtonDown"/>
    </Form>
</Forms>
