<?xml version="1.0" ?>
<Forms>
    <!-- breathing Bar -->
    <Form Class="Window" LAnchorPoint="0" LAnchorOffset="7" TAnchorPoint="0" TAnchorOffset="48" RAnchorPoint="0" RAnchorOffset="692" BAnchorPoint="0" BAnchorOffset="448" RelativeToClient="1" Font="Default" Text="" Template="CRB_Normal" Name="HazardListForm" BGColor="white" TextColor="white" VScroll="0" UseTemplateBG="1" Border="0" NewControlDepth="2" TextId="" IgnoreMouse="1" Overlapped="1" Picture="0" DoNotBlockTooltip="1" TooltipColor="">
        <Control Class="Window" LAnchorPoint="0" LAnchorOffset="0" TAnchorPoint="0" TAnchorOffset="0" RAnchorPoint="1" RAnchorOffset="0" BAnchorPoint="0" BAnchorOffset="56" RelativeToClient="1" Font="Default" Text="" Template="Default" Name="Breath" BGColor="white" TextColor="white" TooltipColor="">
            <Control Class="Window" LAnchorPoint="0" LAnchorOffset="33" TAnchorPoint="0" TAnchorOffset="8" RAnchorPoint="0" RAnchorOffset="288" BAnchorPoint="0" BAnchorOffset="52" RelativeToClient="1" Font="Default" Text="" Template="Default" Name="BreathBacker" BGColor="white" TextColor="white" Picture="1" IgnoreMouse="1" Sprite="CRB_Basekit:kitIProgBar_Breath_Base" TextId=""/>
            <Control Class="Window" LAnchorPoint="0" LAnchorOffset="289" TAnchorPoint="0" TAnchorOffset="13" RAnchorPoint="0" RAnchorOffset="324" BAnchorPoint="0" BAnchorOffset="45" RelativeToClient="1" Font="Default" Text="" Template="Default" Name="NumberBacker" BGColor="white" TextColor="white" Picture="1" IgnoreMouse="1" Sprite="CRB_Basekit:kitAccent_Glow_FadedBlue"/>
            <Control Class="Window" LAnchorPoint="0" LAnchorOffset="39" TAnchorPoint="0" TAnchorOffset="12" RAnchorPoint="0" RAnchorOffset="281" BAnchorPoint="0" BAnchorOffset="44" RelativeToClient="1" Font="Default" Text="" Template="Default" Name="SuffocatingSprite" BGColor="UI_WindowTextRed" TextColor="white" Picture="1" IgnoreMouse="1" Sprite="ClientSprites:WhiteFlash" NewControlDepth="2"/>
            <Control Class="ProgressBar" Name="BreathingProgress" ProgressFull="CRB_Basekit:kitIProgBar_Breath_Fill" ProgressEdgeGlow="CRB_Basekit:kitIProgBar_Breath_Cap" EdgeGlowOn="1" AutoSetText="0" DrawTicks="1" TickOn="" TickOff="" BGColor="white" TextColor="white" Sprite="" Picture="0" LAnchorPoint="0" LAnchorOffset="40" TAnchorPoint="0" TAnchorOffset="0" RAnchorPoint="0" RAnchorOffset="285" BAnchorPoint="0" BAnchorOffset="56" LeftEdgeControlsAnchor="" TopEdgeControlsAnchor="" RightEdgeControlsAnchor="" BottomEdgeControlsAnchor="" Text="" TextId="" NewControlDepth="5" EdgeGlow="1" NoClipEdgeGlow="1"/>
            <Control Class="Window" LAnchorPoint="0" LAnchorOffset="324" TAnchorPoint="0" TAnchorOffset="0" RAnchorPoint="1" RAnchorOffset="5" BAnchorPoint="1" BAnchorOffset="0" RelativeToClient="1" Font="CRB_HeaderMedium" Text="" Template="Default" Name="Label" BGColor="white" TextColor="white" TextId="CRB_Breath_" DT_VCENTER="1" DT_CENTER="0" TooltipColor=""/>
            <Control Class="Window" LAnchorPoint="0" LAnchorOffset="0" TAnchorPoint="0" TAnchorOffset="13" RAnchorPoint="0" RAnchorOffset="34" BAnchorPoint="0" BAnchorOffset="47" RelativeToClient="1" Font="Default" Text="" Template="Default" Name="Icon" BGColor="white" TextColor="white" Picture="1" IgnoreMouse="1" Sprite="CRB_Basekit:kitIcon_Gold_HazardGeneral" TooltipColor=""/>
            <Control Class="Window" LAnchorPoint="0" LAnchorOffset="288" TAnchorPoint="0" TAnchorOffset="0" RAnchorPoint="0" RAnchorOffset="320" BAnchorPoint="1" BAnchorOffset="0" RelativeToClient="1" Font="CRB_HeaderLarge" Text="55" Template="Default" Name="NumberText" BGColor="white" TextColor="UI_TextHoloBodyHighlight" NewControlDepth="5" TextId="" DT_VCENTER="1" DT_CENTER="1" TooltipColor=""/>
        </Control>
        <Control Class="Window" LAnchorPoint="0" LAnchorOffset="0" TAnchorPoint="0" TAnchorOffset="56" RAnchorPoint="1" RAnchorOffset="0" BAnchorPoint="0" BAnchorOffset="426" RelativeToClient="1" Font="Default" Text="" Template="Default" Name="HazardList" BGColor="UI_AlphaPercent10" TextColor="white" Picture="0" IgnoreMouse="1" NewWindowDepth="1" Sprite="WhiteFill" TooltipColor=""/>
    </Form>
    <Form Class="Window" LAnchorPoint="0" LAnchorOffset="0" TAnchorPoint="0" TAnchorOffset="0" RAnchorPoint="1" RAnchorOffset="0" BAnchorPoint="0" BAnchorOffset="34" RelativeToClient="1" Font="Default" Text="" Template="Default" Name="HazardProgressBar" BGColor="white" TextColor="white" IgnoreMouse="1" Overlapped="1" TooltipColor="" Tooltip="">
        <Control Class="Window" LAnchorPoint="0" LAnchorOffset="29" TAnchorPoint="0" TAnchorOffset="0" RAnchorPoint="0" RAnchorOffset="288" BAnchorPoint="0" BAnchorOffset="34" RelativeToClient="1" Font="Default" Text="" Template="Default" Name="HazardBacker" BGColor="white" TextColor="white" Picture="1" IgnoreMouse="1" Sprite="CRB_Basekit:kitIProgBar_HoloFrame_Base" TextId=""/>
        <Control Class="Window" LAnchorPoint="0" LAnchorOffset="289" TAnchorPoint="0" TAnchorOffset="2" RAnchorPoint="0" RAnchorOffset="324" BAnchorPoint="0" BAnchorOffset="34" RelativeToClient="1" Font="Default" Text="" Template="Default" Name="NumberBacker" BGColor="white" TextColor="white" Picture="1" IgnoreMouse="1" Sprite="CRB_Basekit:kitAccent_Glow_FadedBlue"/>
        <Control Class="ProgressBar" Name="HazardProgress" ProgressFull="CRB_Basekit:kitIProgBar_HoloFrame_FillBlue" ProgressEdgeGlow="CRB_Basekit:kitIProgBar_HoloFrame_CapArrowR" EdgeGlowOn="1" AutoSetText="0" DrawTicks="1" TickOn="" TickOff="" BGColor="white" TextColor="white" Sprite="" Picture="0" LAnchorPoint="0" LAnchorOffset="40" TAnchorPoint="0" TAnchorOffset="1" RAnchorPoint="0" RAnchorOffset="278" BAnchorPoint="0" BAnchorOffset="33" LeftEdgeControlsAnchor="" TopEdgeControlsAnchor="" RightEdgeControlsAnchor="" BottomEdgeControlsAnchor="" Text="" TextId="" NewControlDepth="5" EdgeGlow="1" NoClipEdgeGlow="1"/>
        <Control Class="Window" LAnchorPoint="0" LAnchorOffset="324" TAnchorPoint="0" TAnchorOffset="0" RAnchorPoint="1" RAnchorOffset="3" BAnchorPoint="1" BAnchorOffset="-2" RelativeToClient="1" Font="CRB_InterfaceLarge_O" Text="" Template="Default" Name="Label" BGColor="white" TextColor="white" TextId="CRB_Breath_" DT_VCENTER="1" DT_CENTER="0" TooltipColor=""/>
        <Control Class="Window" LAnchorPoint="0" LAnchorOffset="0" TAnchorPoint="0" TAnchorOffset="0" RAnchorPoint="0" RAnchorOffset="34" BAnchorPoint="0" BAnchorOffset="34" RelativeToClient="1" Font="Default" Text="" Template="Default" Name="Icon" BGColor="white" TextColor="white" Picture="1" IgnoreMouse="1" Sprite="CRB_Basekit:kitIcon_Gold_HazardGeneral"/>
        <Control Class="Window" LAnchorPoint="0" LAnchorOffset="287" TAnchorPoint="0" TAnchorOffset="0" RAnchorPoint="0" RAnchorOffset="319" BAnchorPoint="1" BAnchorOffset="-2" RelativeToClient="1" Font="CRB_InterfaceLarge_O" Text="55" Template="Default" Name="NumberText" BGColor="white" TextColor="UI_TextHoloBodyHighlight" NewControlDepth="5" TextId="" DT_VCENTER="1" DT_CENTER="1"/>
    </Form>
</Forms>
