<?xml version="1.0" encoding="UTF-8" standalone="yes" ?>
<Forms>
    <Form Class="Window" LAnchorPoint="0" LAnchorOffset="15" TAnchorPoint="0" TAnchorOffset="15" RAnchorPoint="0" RAnchorOffset="692" BAnchorPoint="0" BAnchorOffset="599" RelativeToClient="1" Font="Default" Text="" Template="Default" TooltipType="OnCursor" Name="BuildMapForm" Picture="1" Moveable="1" Escapable="1" Overlapped="1" BGColor="ffffffff" TextColor="ffffffff" TooltipColor="" IgnoreMouse="0" Sprite="" Tooltip="">
        <Control Class="Window" LAnchorPoint="0" LAnchorOffset="18" TAnchorPoint="0" TAnchorOffset="18" RAnchorPoint="1" RAnchorOffset="-18" BAnchorPoint="1" BAnchorOffset="-213" RelativeToClient="1" Font="Default" Text="" Template="Default" TooltipType="OnCursor" Name="TopSection" BGColor="ffffffff" TextColor="ffffffff" TooltipColor="" Picture="1" IgnoreMouse="1" Sprite="CRB_Basekit:kitBase_HoloHexes_Small">
            <Control Class="ZoneMapWindow" LAnchorPoint="0" LAnchorOffset="4" TAnchorPoint="0" TAnchorOffset="36" RAnchorPoint="1" RAnchorOffset="-4" BAnchorPoint="1" BAnchorOffset="-16" RelativeToClient="1" Font="Default" Text="" Template="Default" Name="WorldMap" BGColor="9dffffff" TextColor="ffffffff" DrawObjectsOnContinent="1" TooltipType="OnCursor" IgnoreTooltipDelay="1" DisableMousePan="0" DisableWheelZoom="1" TooltipColor="">
                <Event Name="MouseButtonDown" Function="OnMapButtonDown"/>
                <Event Name="MouseMove" Function="OnMapMouseMove"/>
                <Event Name="MouseButtonUp" Function="OnMapButtonUp"/>
            </Control>
        </Control>
        <Control Class="Window" LAnchorPoint="0" LAnchorOffset="4" TAnchorPoint="1" TAnchorOffset="-241" RAnchorPoint="1" RAnchorOffset="-6" BAnchorPoint="1" BAnchorOffset="-4" RelativeToClient="1" Font="Default" Text="" Template="Default" TooltipType="OnCursor" Name="BottomSection" BGColor="ffffffff" TextColor="ffffffff" TooltipColor="" Sprite="" Picture="1" IgnoreMouse="1">
            <Control Class="Window" LAnchorPoint="0" LAnchorOffset="16" TAnchorPoint="0" TAnchorOffset="16" RAnchorPoint="1" RAnchorOffset="-16" BAnchorPoint="1" BAnchorOffset="-16" RelativeToClient="1" Font="Default" Text="" Template="Default" TooltipType="OnCursor" Name="CategoryFilterBG" BGColor="ffffffff" TextColor="ffffffff" TooltipColor="" Sprite="CRB_TechTree:CRB_TechTree_BG" Picture="1" IgnoreMouse="1">
                <Control Class="Window" LAnchorPoint="0" LAnchorOffset="-42" TAnchorPoint="0" TAnchorOffset="-188" RAnchorPoint="1" RAnchorOffset="0" BAnchorPoint="1" BAnchorOffset="0" RelativeToClient="1" Font="Default" Text="" Template="Default" TooltipType="OnCursor" Name="CategoryFilterBG_ArtHack" BGColor="ffffffff" TextColor="ffffffff" TooltipColor="" Sprite="CRB_TechTree:CRB_TechTree_BG" Picture="1" IgnoreMouse="1"/>
            </Control>
            <Control Class="Window" LAnchorPoint="0" LAnchorOffset="12" TAnchorPoint="0" TAnchorOffset="12" RAnchorPoint="0" RAnchorOffset="225" BAnchorPoint="1" BAnchorOffset="-12" RelativeToClient="1" Font="Default" Text="" Template="Default" TooltipType="OnCursor" Name="CategoryFilterSection" BGColor="ffffffff" TextColor="ffffffff" TooltipColor="" Sprite="" Picture="1" IgnoreMouse="1" NewControlDepth="1">
                <Control Class="Window" LAnchorPoint="0" LAnchorOffset="20" TAnchorPoint="0" TAnchorOffset="14" RAnchorPoint="1" RAnchorOffset="-20" BAnchorPoint="1" BAnchorOffset="-15" RelativeToClient="1" Font="Default" Text="" Template="Default" TooltipType="OnCursor" Name="CategoryFilterBG2" BGColor="ffffffff" TextColor="ffffffff" TooltipColor="" Sprite="CRB_Basekit:kitBase_HoloBlue_Tiny" Picture="1" IgnoreMouse="1"/>
                <Control Class="Window" LAnchorPoint="0" LAnchorOffset="24" TAnchorPoint="1" TAnchorOffset="-175" RAnchorPoint="1" RAnchorOffset="-24" BAnchorPoint="1" BAnchorOffset="-19" RelativeToClient="1" Font="Default" Text="" Template="Default" TooltipType="OnCursor" Name="CategoryFilterItemContainer" BGColor="ffffffff" TextColor="ffffffff" TooltipColor=""/>
                <Control Class="Window" LAnchorPoint="0" LAnchorOffset="0" TAnchorPoint="0" TAnchorOffset="0" RAnchorPoint="1" RAnchorOffset="0" BAnchorPoint="1" BAnchorOffset="0" RelativeToClient="1" Font="Default" Text="" Template="Default" TooltipType="OnCursor" Name="CategoryFilterBG" BGColor="ffffffff" TextColor="ffffffff" TooltipColor="" Sprite="CRB_Basekit:kitInnerFrame_MetalGrey_Large" Picture="1" IgnoreMouse="1">
                    <Pixie LAnchorPoint="0" LAnchorOffset="16" TAnchorPoint="0" TAnchorOffset="21" RAnchorPoint="1" RAnchorOffset="-16" BAnchorPoint="0" BAnchorOffset="41" BGColor="ffffffff" Font="CRB_InterfaceSmall_O" TextColor="UI_TextHoloBody" Text="" TextId="BuildMap_FilterHeader" DT_CENTER="1" Line="0"/>
                </Control>
            </Control>
            <Control Class="Window" LAnchorPoint="0" LAnchorOffset="216" TAnchorPoint="0" TAnchorOffset="20" RAnchorPoint="1" RAnchorOffset="-20" BAnchorPoint="1" BAnchorOffset="-22" RelativeToClient="1" Font="Default" Text="" Template="CRB_Scroll_HoloLarge" TooltipType="OnCursor" Name="SelectionItemContainer" BGColor="ffffffff" TextColor="ffffffff" TooltipColor="" HScroll="1" IgnoreMouse="1" AutoHideScroll="1"/>
            <Control Class="Window" LAnchorPoint="0" LAnchorOffset="0" TAnchorPoint="0" TAnchorOffset="0" RAnchorPoint="1" RAnchorOffset="0" BAnchorPoint="1" BAnchorOffset="0" RelativeToClient="1" Font="Default" Text="" Template="Default" TooltipType="OnCursor" Name="CategoryFilterFrame" BGColor="ffffffff" TextColor="ffffffff" TooltipColor="" Sprite="CRB_Basekit:kitOuterFrame_MetalGold_Small1" Picture="1" IgnoreMouse="1" NewControlDepth="1"/>
        </Control>
        <Control Class="Window" LAnchorPoint="0" LAnchorOffset="-4" TAnchorPoint="0" TAnchorOffset="-4" RAnchorPoint="1" RAnchorOffset="4" BAnchorPoint="1" BAnchorOffset="4" RelativeToClient="1" Font="Default" Text="" Template="Default" TooltipType="OnCursor" Name="BuilderMapFormBG" BGColor="ffffffff" TextColor="ffffffff" TooltipColor="" Sprite="CRB_Basekit:kitOuterFrame_MetalGold_Large" Picture="1" IgnoreMouse="1" NewControlDepth="3">
            <Control Class="Window" LAnchorPoint="0" LAnchorOffset="9" TAnchorPoint="0" TAnchorOffset="11" RAnchorPoint="1" RAnchorOffset="-8" BAnchorPoint="0" BAnchorOffset="94" RelativeToClient="1" Font="Default" Text="" Template="Default" TooltipType="OnCursor" Name="TopSectionTitleBG" BGColor="ffffffff" TextColor="ffffffff" TooltipColor="" Sprite="CRB_Basekit:kitHeader_Hybrid_Topper" Picture="1" IgnoreMouse="1" NewWindowDepth="1">
                <Control Class="Window" LAnchorPoint="0" LAnchorOffset="0" TAnchorPoint="0" TAnchorOffset="23" RAnchorPoint="1" RAnchorOffset="0" BAnchorPoint="0" BAnchorOffset="43" RelativeToClient="1" Font="CRB_InterfaceMedium_B" Text="" Template="Default" TooltipType="OnCursor" Name="TopSectionTitleText" BGColor="ffffffff" TextColor="ff7fffb9" TooltipColor="" TextId="Challenges_NoProgress" DT_CENTER="1" Tooltip=""/>
                <Control Class="Button" Base="CRB_Basekit:kitBtn_Close" Font="Thick" ButtonType="PushButton" RadioGroup="" LAnchorPoint="1" LAnchorOffset="-28" TAnchorPoint="0" TAnchorOffset="0" RAnchorPoint="1" RAnchorOffset="-1" BAnchorPoint="0" BAnchorOffset="29" DT_VCENTER="1" DT_CENTER="1" TooltipType="OnCursor" Name="CloseBtn" BGColor="ffffffff" TextColor="ffffffff" TooltipColor="" NormalTextColor="ffffffff" PressedTextColor="ffffffff" FlybyTextColor="ffffffff" PressedFlybyTextColor="ffffffff" DisabledTextColor="ffffffff">
                    <Event Name="ButtonSignal" Function="OnCloseBtn"/>
                </Control>
                <Control Class="Window" LAnchorPoint="1" LAnchorOffset="-162" TAnchorPoint="0" TAnchorOffset="52" RAnchorPoint="1" RAnchorOffset="-25" BAnchorPoint="0" BAnchorOffset="81" RelativeToClient="1" Font="CRB_InterfaceMedium_O" Text="" Template="Default" TooltipType="OnCursor" Name="Settings" BGColor="ffffffff" TextColor="ffffffff" TooltipColor="" IgnoreMouse="1" NoClip="0" NewWindowDepth="1">
                    <Control Class="Button" Base="CRB_Basekit:kitBtn_Radio_Large" Font="CRB_InterfaceMedium_O" ButtonType="Check" RadioGroup="" LAnchorPoint="0" LAnchorOffset="0" TAnchorPoint="0" TAnchorOffset="0" RAnchorPoint="1" RAnchorOffset="0" BAnchorPoint="1" BAnchorOffset="0" DT_VCENTER="1" DT_CENTER="1" TooltipType="OnCursor" Name="KeepWindowOpenBtn" BGColor="ffffffff" TextColor="UI_TextHoloBodyHighlight" TooltipColor="" NormalTextColor="ffffffff" PressedTextColor="ffffffff" FlybyTextColor="ffffffff" PressedFlybyTextColor="ffffffff" DisabledTextColor="ffffffff" Text="">
                        <Pixie LAnchorPoint="0" LAnchorOffset="30" TAnchorPoint="0" TAnchorOffset="-2" RAnchorPoint="1" RAnchorOffset="0" BAnchorPoint="1" BAnchorOffset="0" BGColor="ffffffff" Font="CRB_InterfaceSmall_O" TextColor="ffffffff" Text="" TextId="BuildMap_KeepWindowOpenWhileBuilding" DT_VCENTER="1" Line="0"/>
                        <Event Name="ButtonCheck" Function="OnKeepWindowBtnCheck"/>
                        <Event Name="ButtonUncheck" Function="OnKeepWindowBtnCheck"/>
                    </Control>
                </Control>
            </Control>
        </Control>
        <Event Name="WindowClosed" Function="OnWindowClosed"/>
    </Form>
    <Form Class="Window" LAnchorPoint="0" LAnchorOffset="0" TAnchorPoint="0" TAnchorOffset="0" RAnchorPoint="1" RAnchorOffset="0" BAnchorPoint="0" BAnchorOffset="49" RelativeToClient="1" Font="Default" Text="" Template="Default" TooltipType="OnCursor" Name="CategoryFilterItem" BGColor="ffffffff" TextColor="ffffffff" TooltipColor="" IgnoreMouse="1" Overlapped="1" TooltipFont="CRB_InterfaceSmall_O">
        <Control Class="Button" Base="CRB_Basekit:kitBtn_List_Hybrid" Font="CRB_InterfaceMedium_B" ButtonType="Check" RadioGroup="" LAnchorPoint="0" LAnchorOffset="0" TAnchorPoint="0" TAnchorOffset="0" RAnchorPoint="1" RAnchorOffset="0" BAnchorPoint="0" BAnchorOffset="45" DT_VCENTER="1" DT_CENTER="1" TooltipType="OnCursor" Name="CategoryFilterBtn" BGColor="ffffffff" TextColor="ffffffff" TooltipColor="" NormalTextColor="UI_TextHoloBody" PressedTextColor="ff31fcf6" FlybyTextColor="ff31fcf6" PressedFlybyTextColor="ff31fcf6" DisabledTextColor="ff666666" Text="" TextId="" GlobalRadioGroup="BuilderMap_CategoryFilterBtn_GlobalRadioGroup" RadioDisallowNonSelection="0" RelativeToClient="1" IgnoreMouse="1">
            <Control Class="Window" LAnchorPoint="0" LAnchorOffset="25" TAnchorPoint="0" TAnchorOffset="0" RAnchorPoint="1" RAnchorOffset="-4" BAnchorPoint="0" BAnchorOffset="34" RelativeToClient="1" Font="CRB_InterfaceMedium_B" Text="" Template="Default" TooltipType="OnCursor" Name="CategoryFilterName" BGColor="ffffffff" TextColor="UI_TextHoloBody" TooltipColor="" TextId="SettlerAvenueType_Security" DT_CENTER="0" DT_VCENTER="1"/>
            <Control Class="Window" LAnchorPoint="0" LAnchorOffset="24" TAnchorPoint="1" TAnchorOffset="-18" RAnchorPoint="1" RAnchorOffset="-8" BAnchorPoint="1" BAnchorOffset="0" RelativeToClient="1" Font="Default" Text="" Template="Default" TooltipType="OnCursor" Name="CategoryFilterBarBG" BGColor="ffffffff" TextColor="ffffffff" TooltipColor="" Sprite="CRB_Basekit:kitIProgBar_Inlay_Base" Picture="1" IgnoreMouse="1"/>
            <Control Class="ProgressBar" Text="" LAnchorPoint="0" LAnchorOffset="28" TAnchorPoint="1" TAnchorOffset="-18" RAnchorPoint="1" RAnchorOffset="-12" BAnchorPoint="1" BAnchorOffset="0" AutoSetText="0" UseValues="0" RelativeToClient="1" SetTextToProgress="0" DT_CENTER="1" DT_VCENTER="1" ProgressEmpty="" ProgressFull="CRB_Basekit:kitIProgBar_Simple_Fill" TooltipType="OnCursor" Name="CategoryFilterBar" BGColor="ffffffff" TextColor="ffffffff" TooltipColor="" BarColor="" Sprite="CRB_Basekit:kitIProgBar_Simple_Fill" Picture="0" IgnoreMouse="1" TooltipFont="CRB_InterfaceSmall_O"/>
            <Event Name="ButtonCheck" Function="OnCategoryFilterBtnCheck"/>
            <Event Name="ButtonUncheck" Function="OnCategoryFilterBtnUncheck"/>
        </Control>
    </Form>
    <Form Class="Window" LAnchorPoint="0" LAnchorOffset="0" TAnchorPoint="0" TAnchorOffset="0" RAnchorPoint="0" RAnchorOffset="175" BAnchorPoint="0" BAnchorOffset="175" RelativeToClient="1" Font="Default" Text="" Template="Default" TooltipType="OnCursor" Name="SelectionItem" BGColor="ffffffff" TextColor="ffffffff" TooltipColor="" HideInEditor="0" IgnoreMouse="1" Overlapped="1">
        <Control Class="Button" Base="CRB_TechTree:CRB_TechTree_BlueBtn" Font="Thick" ButtonType="Check" RadioGroup="" LAnchorPoint="0.5" LAnchorOffset="-100" TAnchorPoint="0.5" TAnchorOffset="-100" RAnchorPoint="0.5" RAnchorOffset="100" BAnchorPoint="0.5" BAnchorOffset="100" DT_VCENTER="1" DT_CENTER="1" TooltipType="OnCursor" Name="SelectionItemBtn" BGColor="ffffffff" TextColor="ffffffff" TooltipColor="" NormalTextColor="ffffffff" PressedTextColor="ffffffff" FlybyTextColor="ffffffff" PressedFlybyTextColor="ffffffff" DisabledTextColor="ffffffff" Picture="1" Sprite="" RelativeToClient="1" TestAlpha="1" GlobalRadioGroup="BuilderMap_SelectionItemBtn_GlobalRadioGroup" Text="" Tooltip="">
            <Control Class="Window" LAnchorPoint="0.5" LAnchorOffset="-34" TAnchorPoint="0" TAnchorOffset="40" RAnchorPoint="0.5" RAnchorOffset="34" BAnchorPoint="0" BAnchorOffset="108" RelativeToClient="1" Font="Default" Text="" Template="Default" TooltipType="OnCursor" Name="SelectionItemBG" BGColor="ffffffff" TextColor="ffffffff" TooltipColor="" Sprite="CRB_Basekit:kitBase_HoloBlue_SmallGreenCorners" Picture="1" IgnoreMouse="1" NewControlDepth="1"/>
            <Control Class="Window" LAnchorPoint="0.5" LAnchorOffset="-26" TAnchorPoint="0" TAnchorOffset="48" RAnchorPoint="0.5" RAnchorOffset="26" BAnchorPoint="0" BAnchorOffset="100" RelativeToClient="1" Font="CRB_InterfaceMedium_BO" Text="+30" Template="Default" TooltipType="OnCursor" Name="SelectionItemIcon" BGColor="ffffffff" TextColor="ff7fffb9" TooltipColor="" Sprite="ClientSprites:Icon_Windows_UI_CRB_Colonist" Picture="1" IgnoreMouse="1" TextId="" DT_BOTTOM="1" DT_RIGHT="1" NewControlDepth="1"/>
            <Control Class="Window" LAnchorPoint="0.5" LAnchorOffset="-27" TAnchorPoint="0" TAnchorOffset="47" RAnchorPoint="0.5" RAnchorOffset="27" BAnchorPoint="0" BAnchorOffset="101" RelativeToClient="1" Font="Default" Text="" Template="Default" TooltipType="OnCursor" Name="SelectionItemNoMaterial" BGColor="9d660000" TextColor="ffffffff" TooltipColor="" Sprite="ClientSprites:WhiteFill" Picture="1" IgnoreMouse="1" Tooltip="" TooltipId="BuildMap_NeedMoreMats" NewControlDepth="1" HideInEditor="1" TooltipFont="CRB_InterfaceMedium_O"/>
            <Control Class="Window" LAnchorPoint="0.5" LAnchorOffset="-27" TAnchorPoint="0" TAnchorOffset="47" RAnchorPoint="0.5" RAnchorOffset="27" BAnchorPoint="0" BAnchorOffset="101" RelativeToClient="1" Font="Default" Text="" Template="Default" TooltipType="OnCursor" Name="SelectionItemLock" BGColor="ddffffff" TextColor="ffffffff" TooltipColor="" Sprite="ClientSprites:BlackFill" Picture="1" IgnoreMouse="1" Visible="0" NewControlDepth="1" TooltipFont="CRB_InterfaceMedium_O" Tooltip="">
                <Control Class="Window" LAnchorPoint="0" LAnchorOffset="0" TAnchorPoint="0" TAnchorOffset="0" RAnchorPoint="1" RAnchorOffset="0" BAnchorPoint="1" BAnchorOffset="0" RelativeToClient="1" Font="Default" Text="" Template="Default" TooltipType="OnCursor" Name="SelectionItemLockIcon" BGColor="ffffffff" TextColor="ffffffff" TooltipColor="" Sprite="ClientSprites:Icon_Windows_UI_CRB_Lock_Holo" Picture="1" IgnoreMouse="1" Visible="1"/>
            </Control>
            <Control Class="Window" LAnchorPoint="0" LAnchorOffset="68" TAnchorPoint="0" TAnchorOffset="43" RAnchorPoint="0" RAnchorOffset="93" BAnchorPoint="0" BAnchorOffset="68" RelativeToClient="1" Font="Default" Text="" Template="Default" TooltipType="OnCursor" Name="SelectionItemCheckmark" BGColor="ffffffff" TextColor="ffffffff" TooltipColor="" Sprite="CRB_Basekit:kitIcon_CheckmarkGreenFrame" Picture="1" IgnoreMouse="1" Visible="0" NewControlDepth="1" TooltipFont="CRB_InterfaceMedium_O" Tooltip="" TooltipId="BuildMap_AlreadyBuilt"/>
            <Control Class="Window" LAnchorPoint="0" LAnchorOffset="46" TAnchorPoint="0" TAnchorOffset="105" RAnchorPoint="1" RAnchorOffset="-46" BAnchorPoint="1" BAnchorOffset="-42" RelativeToClient="1" Font="CRB_InterfaceMedium_B" Text="" Template="Default" TooltipType="OnCursor" Name="SelectionItemName" BGColor="ffffffff" TextColor="ff7fffb9" TooltipColor="" DT_CENTER="1" DT_VCENTER="1" TextId="" DT_WORDBREAK="1"/>
            <Event Name="ButtonCheck" Function="OnSelectionItemShowExtraInfo"/>
            <Event Name="ButtonUncheck" Function="HideMapHover"/>
        </Control>
    </Form>
    <Form Class="Window" LAnchorPoint="0" LAnchorOffset="0" TAnchorPoint="0" TAnchorOffset="-100" RAnchorPoint="0" RAnchorOffset="175" BAnchorPoint="0" BAnchorOffset="25" RelativeToClient="1" Font="Default" Text="" Template="Default" TooltipType="OnCursor" Name="SelectionItemPopOut" BGColor="ffffffff" TextColor="ffffffff" TooltipColor="" TopEdgeControlsAnchor="" HideInEditor="0" IgnoreMouse="1" NewWindowDepth="1" Overlapped="1" NoClip="1" Picture="1" Sprite="CRB_Basekit:kitInnerFrame_Holo_DownArrow">
        <Control Class="Window" LAnchorPoint="0" LAnchorOffset="8" TAnchorPoint="0" TAnchorOffset="28" RAnchorPoint="1" RAnchorOffset="-8" BAnchorPoint="0" BAnchorOffset="63" RelativeToClient="1" Font="CRB_InterfaceMedium_B" Text="" Template="Default" TooltipType="OnCursor" Name="PopoutCostContainer" BGColor="ffffffff" TextColor="UI_TextHoloBody" TooltipColor="" DT_VCENTER="1" TextId="" IgnoreMouse="1"/>
        <Control Class="Button" Base="CRB_Basekit:kitBtn_Holo_Large" Font="CRB_InterfaceMedium_B" ButtonType="PushButton" RadioGroup="" LAnchorPoint="0" LAnchorOffset="8" TAnchorPoint="1" TAnchorOffset="-58" RAnchorPoint="1" RAnchorOffset="-8" BAnchorPoint="1" BAnchorOffset="-14" DT_VCENTER="1" DT_CENTER="1" TooltipType="OnCursor" Name="PopoutBuildBtn" BGColor="ffffffff" TextColor="ffffffff" TooltipColor="" NormalTextColor="UI_BtnTextHoloNormal" PressedTextColor="UI_BtnTextHoloPressed" FlybyTextColor="UI_BtnTextHoloFlyBy" PressedFlybyTextColor="UI_BtnTextHoloListPressedFlyby" DisabledTextColor="UI_BtnTextHoloDisabled" Text="" TextId="BuildMap_BuildBtn" RelativeToClient="1">
            <Event Name="ButtonSignal" Function="OnPopoutBuildBtn"/>
        </Control>
        <Event Name="WindowClosed" Function="OnSelectionItemPopOutClosed"/>
        <Pixie LAnchorPoint="0" LAnchorOffset="8" TAnchorPoint="0" TAnchorOffset="8" RAnchorPoint="1" RAnchorOffset="-8" BAnchorPoint="0" BAnchorOffset="28" BGColor="ffffffff" Font="CRB_InterfaceMedium_B" TextColor="UI_TextHoloTitle" Text="" TextId="CRB_Cost" Line="0"/>
    </Form>
    <Form Class="Window" LAnchorPoint="0" LAnchorOffset="0" TAnchorPoint="0" TAnchorOffset="0" RAnchorPoint="0" RAnchorOffset="39" BAnchorPoint="0" BAnchorOffset="35" RelativeToClient="1" Font="Default" Text="" Template="Default" TooltipType="OnCursor" Name="ItemReward" Border="0" Picture="1" SwallowMouseClicks="1" Moveable="0" Escapable="0" Overlapped="0" BGColor="ffffffff" TextColor="ffffffff" TooltipColor="" IgnoreMouse="1" IgnoreTooltipDelay="1" Sprite="">
        <Control Class="Window" LAnchorPoint="0" LAnchorOffset="3" TAnchorPoint="0" TAnchorOffset="3" RAnchorPoint="0" RAnchorOffset="32" BAnchorPoint="0" BAnchorOffset="32" RelativeToClient="1" Font="CRB_InterfaceSmall_O" Text="" Template="Default" TooltipType="OnCursor" Name="ItemRewardSprite" BGColor="ffffffff" TextColor="ffffffff" TooltipColor="" Picture="1" IgnoreMouse="1" Sprite="kitBase_HoloTeal_NoBorder" DT_RIGHT="1" DT_BOTTOM="1" TextId="" TooltipFont="CRB_InterfaceSmall_O"/>
        <Control Class="Window" LAnchorPoint="0" LAnchorOffset="3" TAnchorPoint="0" TAnchorOffset="3" RAnchorPoint="0" RAnchorOffset="32" BAnchorPoint="0" BAnchorOffset="32" RelativeToClient="1" Font="CRB_InterfaceSmall_O" Text="" Template="Default" TooltipType="OnCursor" Name="ItemRewardNoMaterials" BGColor="9d660000" TextColor="ffffffff" TooltipColor="" Picture="1" IgnoreMouse="1" Sprite="ClientSprites:WhiteFill" DT_RIGHT="1" DT_BOTTOM="1" TextId="" NewControlDepth="1" Visible="0" HideInEditor="1"/>
        <Control Class="Window" LAnchorPoint="0" LAnchorOffset="0" TAnchorPoint="0" TAnchorOffset="0" RAnchorPoint="0" RAnchorOffset="35" BAnchorPoint="0" BAnchorOffset="35" RelativeToClient="1" Font="CRB_InterfaceSmall_O" Text="" Template="Default" TooltipType="OnCursor" Name="ItemRewardFrame" BGColor="ffffffff" TextColor="ffffffff" TooltipColor="" Sprite="CRB_Basekit:kitBase_HoloBlue_IconBase" Picture="1" IgnoreMouse="1" NewControlDepth="1" DT_RIGHT="1" DT_BOTTOM="1"/>
        <Control Class="Window" LAnchorPoint="0" LAnchorOffset="-1" TAnchorPoint="0" TAnchorOffset="0" RAnchorPoint="0" RAnchorOffset="35" BAnchorPoint="0" BAnchorOffset="35" RelativeToClient="1" Font="CRB_InterfaceMedium_B" Text="" Template="Default" TooltipType="OnCursor" Name="ItemRewardBigText" BGColor="ffffffff" TextColor="UI_TextHoloBody" TooltipColor="" DT_CENTER="1" DT_VCENTER="1" TextId=""/>
    </Form>
</Forms>
